host_rx_time_us,t_sample_us,angle_tick,angle_deg,distance_cm,x_mm,y_mm,quality,status
1778396879096296,399367,0,0.000000,29,290.000,0.000,255,8
1778396879096885,409356,5875,359.693878,29,289.996,-1.549,255,8
1778396879097508,419364,5869,359.326538,29,289.980,-3.409,255,8
1778396879097986,429355,5863,358.959167,29,289.952,-5.268,255,8
1778396879098454,439367,5858,358.653046,29,289.920,-6.817,255,8
1778396879098973,449358,5852,358.285706,29,289.870,-8.676,255,8
1778396879099499,459377,5847,357.979584,29,289.820,-10.224,255,8
1778396879100288,469367,5841,357.612244,29,289.748,-12.082,255,8
1778396879100882,479380,5835,357.244904,29,289.665,-13.939,255,8
1778396879101330,489365,5829,356.877533,29,289.569,-15.796,255,8
1778396879101760,499378,5823,356.510223,29,289.462,-17.652,255,8
1778396879102291,509361,5817,356.142853,29,289.343,-19.508,255,8
1778396879102754,519369,5811,355.775513,29,289.212,-21.363,255,8
1778396879103267,529356,5805,355.408173,29,289.069,-23.216,255,8
1778396879103748,539369,5799,355.040802,29,288.914,-25.069,255,8
1778396879104147,549356,5793,354.673462,29,288.748,-26.921,255,8
1778396879104524,559366,5787,354.306122,29,288.569,-28.772,255,8
1778396879104949,569350,5780,353.877533,29,288.346,-30.930,255,8
1778396879105418,579356,5774,353.510223,29,288.142,-32.778,255,8
1778396879106021,589347,5767,353.081635,30,297.816,-36.137,255,8
1778396879106564,599349,5761,352.714294,30,297.578,-38.045,255,8
1778396879107065,609334,5755,352.346924,30,297.328,-39.952,255,8
1778396879107486,619335,5748,351.918365,30,297.021,-42.175,255,8
1778396879107995,629318,5742,351.551025,30,296.744,-44.079,255,8
1778396879108456,639320,5735,351.122437,30,296.406,-46.297,255,8
1778396879108886,649301,5729,350.755127,30,296.103,-48.196,255,8
1778396879109273,659305,5722,350.326538,30,295.734,-50.410,255,8
1778396879109688,669282,5715,349.897949,30,295.349,-52.621,255,8
1778396879110069,679290,5708,349.469391,30,294.947,-54.828,255,8
1778396879110424,689274,5701,349.040802,30,294.529,-57.033,255,8
1778396879110861,699282,5695,348.673462,30,294.157,-58.920,255,8
1778396879111276,709271,5688,348.244904,30,293.708,-61.119,255,8
1778396879111703,105618915,5478,335.387756,38,345.476,-158.261,255,8
1778396879112478,105868065,5265,322.346924,39,308.772,-238.243,255,8
1778396879112934,105878015,5256,321.795929,38,298.609,-235.016,255,8
1778396879208697,105887991,5247,321.244904,38,296.335,-237.877,255,8
1778396879209212,105897955,5239,320.755096,38,294.291,-240.402,255,8
1778396879209685,105907931,5230,320.204102,37,284.282,-236.820,255,8
1778396879210180,105917890,5222,319.714294,38,289.875,-245.708,255,8
1778396879210651,105927870,5213,319.163269,38,287.499,-248.484,255,8
1778396879211101,105937824,5205,318.673462,37,277.855,-244.329,255,8
1778396879211606,105947799,5196,318.122467,37,275.492,-246.990,255,8
1778396879212004,105957754,5187,317.571411,37,273.104,-249.628,255,8
1778396879212332,105967730,5179,317.081635,38,278.283,-258.763,255,8
1778396879212765,105977682,5170,316.530609,38,275.782,-261.427,255,8
1778396879237528,105987654,5161,315.979584,37,266.064,-257.118,255,8
1778396879238066,105997600,5153,315.489807,37,263.857,-259.383,255,8
1778396879239628,106007581,5145,315.000000,37,261.630,-261.630,255,8
1778396879288457,106017528,5136,314.448975,37,259.101,-264.134,255,8
1778396879289095,106027505,5127,313.897949,37,256.549,-266.613,255,8
1778396879289630,106037459,5119,313.408173,37,254.261,-268.796,255,8
1778396879290025,106047433,5110,312.857147,36,244.862,-263.899,255,8
1778396879290437,106057383,5102,312.367340,36,242.597,-265.982,255,8
1778396879300997,106067359,5093,311.816315,37,246.696,-275.756,255,8
1778396879315591,106077307,5085,311.326538,37,244.329,-277.855,255,8
1778396879328398,106087284,5076,310.775513,37,241.646,-280.191,255,8
1778396879328971,106097229,5068,310.285706,37,239.242,-282.247,255,8
1778396879345521,106107209,5059,309.734680,36,230.124,-276.845,255,8
1778396879362373,106117161,5051,309.244904,36,227.749,-278.802,255,8
1778396879362874,106127136,5042,308.693878,36,225.057,-280.979,255,8
1778396879370144,106137090,5034,308.204071,36,222.647,-282.893,255,8
1778396879381333,106147079,5025,307.653076,35,213.808,-277.103,255,8
1778396879388290,106157027,5017,307.163269,36,217.472,-286.890,255,8
1778396879403293,106167014,5008,306.612244,36,214.703,-288.968,255,8
1778396879417156,106176963,4999,306.061218,36,211.914,-291.020,255,8
1778396879418029,106186936,4991,305.571442,36,209.418,-292.821,255,8
1778396879458521,106196885,4982,305.020416,35,200.854,-286.632,255,8
1778396879459165,106206856,4974,304.530609,35,198.396,-288.338,255,8
1778396879459567,106216808,4965,303.979584,36,201.203,-298.525,255,8
1778396879460038,106226784,4957,303.489807,36,198.644,-300.234,255,8
1778396879477137,106236733,4949,303.000000,35,190.624,-293.535,255,8
1778396879477702,106246705,4940,302.448975,35,187.792,-295.354,255,8
1778396879498822,106256655,4931,301.897980,35,184.943,-297.147,255,8
1778396879499248,106266639,4923,301.408142,35,182.396,-298.717,255,8
1778396879512276,106276594,4915,300.918365,35,179.836,-300.265,255,8
1778396879518899,106286569,4906,300.367340,35,176.940,-301.981,255,8
1778396879529967,106296522,4897,299.816345,35,174.028,-303.668,255,8
1778396879541733,106306499,4889,299.326508,35,171.425,-305.145,255,8
1778396879553755,106316459,4881,298.836731,36,173.634,-315.359,255,8
1778396879565890,106326434,4872,298.285706,35,165.854,-308.208,255,8
1778396879566711,106336398,4863,297.734680,34,158.228,-300.938,255,8
1778396879584101,106346373,4855,297.244904,34,155.650,-302.280,255,8
1778396879596322,106356326,4846,296.693878,34,152.736,-303.763,255,8
1778396879596743,106366305,4838,296.204102,33,145.718,-296.085,255,8
1778396879613180,106376259,4829,295.653046,33,142.864,-297.473,255,8
1778396879624663,106386233,4821,295.163269,33,140.316,-298.683,255,8
1778396879626241,106396177,4813,294.673462,33,137.757,-299.872,255,8
1778396879645402,106406154,4804,294.122467,33,134.867,-301.182,255,8
1778396879645976,106416103,4795,293.571411,32,127.965,-293.300,255,8
1778396879657920,106426073,4787,293.081635,31,121.533,-285.184,255,8
1778396879674462,106436018,4779,292.591827,32,122.932,-295.445,255,8
1778396879675796,106446002,4770,292.040802,31,116.333,-287.344,255,8
1778396879688337,106455950,4762,291.551025,31,113.872,-288.328,255,8
1778396879704519,106465922,4753,291.000000,30,107.510,-280.074,255,8
1778396879705527,106475882,4745,290.510223,30,105.112,-280.983,255,8
1778396879718861,106485853,4737,290.020416,29,99.283,-272.475,255,8
1778396879729104,106495801,4728,289.469391,28,93.325,-263.990,255,8
1778396879740637,106505780,4720,288.979584,28,91.065,-264.778,255,8
1778396879747081,106515738,4711,288.428589,30,94.837,-284.616,255,8
1778396879758369,106525715,4703,287.938782,32,98.560,-304.444,255,8
1778396879783437,106535663,4695,287.448975,32,95.954,-305.275,255,8
1778396879783893,106545643,4686,286.897949,33,95.920,-315.752,255,8
1778396879784756,106555589,4678,286.408173,34,96.043,-326.153,255,8
1778396879827562,106565565,4669,285.857147,34,92.902,-327.062,255,8
1778396879827985,106575518,4661,285.367340,34,90.102,-327.844,255,8
1778396879828417,106585497,4652,284.816315,33,84.388,-319.028,255,8
1778396879828728,106595448,4644,284.326538,33,81.658,-319.737,255,8
1778396879845438,106605423,4635,283.775513,33,78.579,-320.508,255,8
1778396879845903,106615375,4627,283.285706,33,75.836,-321.168,255,8
1778396879864388,106625349,4618,282.734711,34,74.949,-331.636,255,8
1778396879864916,106635301,4610,282.244904,34,72.111,-332.265,255,8
1778396879877595,106645280,4601,281.693878,33,66.885,-323.151,255,8
1778396879883870,106655231,4593,281.204071,33,64.120,-323.711,255,8
1778396879895537,106665207,4584,280.653076,34,62.853,-334.140,255,8
1778396879907294,106675157,4575,280.102051,35,61.391,-344.574,255,8
1778396879919229,106685132,4567,279.612244,35,58.443,-345.086,255,8
1778396879932756,106695088,4558,279.061218,35,55.121,-345.632,255,8
1778396879933488,106705072,4550,278.571442,35,52.165,-346.091,255,8
1778396879944886,106715027,4541,278.020416,35,48.834,-346.576,255,8
1778396879963900,106725007,4532,277.469391,35,45.499,-347.030,255,8
1778396879964356,106734960,4524,276.979614,35,42.531,-347.406,255,8
1778396879976304,106744939,4515,276.428558,35,39.187,-347.799,255,8
1778396879988342,106754886,4506,275.877563,35,35.841,-348.160,255,8
1778396879993304,106764862,4498,275.387756,35,32.863,-348.454,255,8
1778396880012694,106774808,4489,274.836731,35,29.511,-348.754,255,8
1778396880013226,106784787,4480,274.285706,35,26.155,-349.021,255,8
1778396880026296,106794733,4472,273.795929,35,23.171,-349.232,255,8
1778396880033291,106804710,4463,273.244904,35,19.811,-349.439,255,8
1778396880044821,106814658,4454,272.693878,34,15.980,-339.624,255,8
1778396880065673,106824635,4446,272.204102,34,13.076,-339.748,255,8
1778396880066071,106834582,4437,271.653046,34,9.808,-339.859,255,8
1778396880072242,106844557,4428,271.102051,34,6.539,-339.937,255,8
1778396880083362,106854503,4420,270.612244,35,3.740,-349.980,255,8
1778396880102214,106864473,4411,270.061218,35,0.374,-350.000,255,8
1778396880102676,106874417,4402,269.510193,34,-2.907,-339.988,255,8
1778396880115575,106884394,4394,269.020416,34,-5.813,-339.950,255,8
1778396880127302,106894340,4385,268.469391,34,-9.082,-339.879,255,8
1778396880137352,106904304,4377,267.979584,34,-11.987,-339.789,255,8
1778396880151841,106914261,4368,267.428589,35,-15.703,-349.648,255,8
1778396880152368,106924236,4359,266.877533,34,-18.520,-339.495,255,8
1778396880166470,106934179,4351,266.387756,34,-21.421,-339.325,255,8
1778396880177694,106944156,4342,265.836731,35,-25.410,-349.076,255,8
1778396880182425,106954107,4333,265.285706,35,-28.766,-348.816,255,8
1778396880201975,106964085,4325,264.795898,35,-31.746,-348.557,255,8
1778396880202369,106974037,4316,264.244904,35,-35.097,-348.236,255,8
1778396880215318,106984005,4307,263.693878,35,-38.444,-347.882,255,8
1778396880222152,106993967,4299,263.204071,35,-41.417,-347.541,255,8
1778396880240201,107003938,4290,262.653076,35,-44.757,-347.127,255,8
1778396880240765,107013885,4281,262.102020,35,-48.093,-346.680,255,8
1778396880254172,107023858,4273,261.612244,35,-51.055,-346.256,255,8
1778396880265412,107033807,4264,261.061218,35,-54.383,-345.749,255,8
1778396880277073,107043777,4256,260.571442,35,-57.336,-345.272,255,8
1778396880289953,107053727,4247,260.020416,36,-62.387,-354.553,255,8
1778396880290340,107063703,4238,259.469391,36,-65.794,-353.937,255,8
1778396880304007,107073653,4230,258.979584,35,-66.906,-343.546,255,8
1778396880315246,107083626,4221,258.428558,35,-70.206,-342.886,255,8
1778396880325526,107093580,4213,257.938782,35,-73.135,-342.274,255,8
1778396880345862,107103556,4204,257.387756,35,-76.423,-341.555,255,8
1778396880346298,107113515,4195,256.836731,35,-79.704,-340.804,255,8
1778396880352503,107123497,4187,256.346924,35,-82.615,-340.110,255,8
1778396880363216,107133445,4178,255.795929,35,-85.882,-339.300,255,8
1778396880374179,107143429,4169,255.244888,35,-89.141,-338.458,255,8
1778396880395575,107153373,4161,254.755096,35,-92.031,-337.684,255,8
1778396880396041,107163349,4152,254.204086,35,-95.274,-336.783,255,8
1778396880407305,107173304,4144,253.714294,36,-100.954,-345.555,255,8
1778396880409270,107183278,4135,253.163254,36,-104.272,-344.568,255,8
1778396880433904,107193223,4127,252.673462,36,-107.214,-343.664,255,8
1778396880434335,107203196,4118,252.122452,36,-110.514,-342.617,255,8
1778396880447189,107213150,4110,251.632660,36,-113.439,-341.660,255,8
1778396880448927,107223128,4101,251.081635,36,-116.719,-340.553,255,8
1778396880466208,107233080,4092,250.530624,37,-123.322,-348.843,255,8
1778396880481694,107243056,4084,250.040817,37,-126.300,-347.776,255,8
1778396880482119,107253008,4075,249.489792,36,-126.135,-337.180,255,8
1778396880495372,107262982,4067,249.000000,36,-129.012,-336.089,255,8
1778396880506641,107272930,4058,248.448990,36,-132.239,-334.833,255,8
1778396880526420,107282902,4050,247.959198,35,-131.343,-324.421,255,8
1778396880526987,107292849,4041,247.408157,35,-134.457,-323.143,255,8
1778396880528237,107302818,4033,246.918365,36,-141.135,-331.181,255,8
1778396880541568,107312766,4024,246.367355,36,-144.314,-329.808,255,8
1778396880548059,107322740,4016,245.877548,36,-147.128,-328.563,255,8
1778396880559130,107332690,4007,245.326538,37,-154.455,-336.220,255,8
1778396880575586,107342663,3999,244.836731,37,-157.324,-334.887,255,8
1778396880577802,107352615,3991,244.346939,37,-160.181,-333.530,255,8
1778396880591437,107362593,3982,243.795914,37,-163.381,-331.974,255,8
1778396880597908,107372542,3974,243.306122,38,-170.705,-339.499,255,8
1778396880608766,107382512,3965,242.755112,38,-173.962,-337.842,255,8
1778396880626441,107392463,3957,242.265320,37,-172.190,-327.491,255,8
1778396880627350,107402435,3948,241.714279,38,-180.070,-334.626,255,8
1778396880641903,107412388,3940,241.224487,38,-182.924,-333.075,255,8
1778396880648132,107422367,3931,240.673477,38,-186.119,-331.300,255,8
1778396880670865,107432317,3923,240.183670,38,-188.944,-329.697,255,8
1778396880671241,107442293,3915,239.693878,38,-191.756,-328.070,255,8
1778396880685589,107452244,3906,239.142853,38,-194.902,-326.211,255,8
1778396880686795,107462221,3898,238.653061,38,-197.683,-324.533,255,8
1778396880699117,107472176,3890,238.163269,39,-205.725,-331.326,255,8
1778396880717749,107482157,3881,237.612244,38,-203.546,-320.888,255,8
1778396880718250,107492102,3873,237.122452,37,-200.853,-310.738,255,8
1778396880731663,107502079,3865,236.632660,37,-203.502,-309.010,255,8
1778396880738485,107512027,3856,236.081650,37,-206.464,-307.038,255,8
1778396880749234,107522005,3848,235.591827,38,-214.732,-313.513,255,8
1778396880767488,107531956,3839,235.040817,37,-212.007,-303.237,255,8
1778396880767997,107541930,3831,234.551025,37,-214.592,-301.414,255,8
1778396880781944,107551880,3823,234.061234,37,-217.161,-299.569,255,8
1778396880788744,107561861,3815,233.571442,37,-219.713,-297.701,255,8
1778396880811704,107571815,3806,233.020401,38,-228.582,-303.563,255,8
1778396880812165,107581790,3798,232.530609,38,-231.168,-301.598,255,8
1778396880826650,107591737,3790,232.040817,38,-233.738,-299.611,255,8
1778396880827157,107601719,3782,231.551025,38,-236.291,-297.602,255,8
1778396880838947,107611662,3773,231.000000,38,-239.142,-295.315,255,8
1778396880858728,107621640,3765,230.510208,38,-241.657,-293.260,255,8
1778396880859215,107631588,3757,230.020416,38,-244.156,-291.184,255,8
1778396880872718,107641574,3749,229.530609,38,-246.636,-289.086,255,8
1778396880885956,107651525,3740,228.979584,38,-249.405,-286.701,255,8
1778396880886343,107661506,3732,228.489792,38,-251.846,-284.558,255,8
1778396880907400,107671453,3724,228.000000,38,-254.270,-282.395,255,8
1778396880907916,107681437,3716,227.510208,38,-256.674,-280.211,255,8
1778396880923894,107691391,3707,226.959198,38,-259.357,-277.730,255,8
1778396880924731,107701369,3699,226.469376,39,-268.609,-282.752,255,8
1778396880951415,107711323,3691,225.979584,39,-271.017,-280.446,255,8
1778396880952153,107721298,3683,225.489792,39,-273.404,-278.119,255,8
1778396880966283,107731255,3674,224.938782,39,-276.066,-275.477,255,8
1778396880966927,107741235,3666,224.448990,39,-278.411,-273.107,255,8
1778396880978702,107751186,3658,223.959167,39,-280.736,-270.717,255,8
1778396880996756,107761162,3650,223.469376,39,-283.039,-268.307,255,8
1778396880997397,107771114,3641,222.918365,39,-285.607,-265.573,255,8
1778396881011490,107781090,3633,222.428574,39,-287.866,-263.122,255,8
1778396881017748,107791030,3625,221.938782,40,-297.544,-267.334,255,8
1778396881028731,107801012,3617,221.448975,39,-292.323,-258.162,255,8
1778396881049888,107810961,3608,220.897964,40,-302.351,-261.886,255,8
1778396881050349,107820935,3600,220.408173,40,-304.578,-259.291,255,8
1778396881063967,107830886,3592,219.918365,40,-306.784,-256.678,255,8
1778396881064424,107840861,3584,219.428574,41,-316.691,-260.397,255,8
1778396881075921,107850802,3575,218.877548,41,-319.181,-257.340,255,8
1778396881095493,107860786,3567,218.387756,41,-321.369,-254.602,255,8
1778396881095977,107870732,3559,217.897964,41,-323.533,-251.845,255,8
1778396881110742,107880706,3551,217.408173,41,-325.674,-249.071,255,8
1778396881121757,107890657,3542,216.857132,42,-336.056,-251.925,255,8
1778396881122934,107900639,3534,216.367340,42,-338.197,-249.043,255,8
1778396881141624,107910590,3526,215.877548,42,-340.314,-246.143,255,8
1778396881142882,107920563,3517,215.326538,43,-350.824,-248.641,255,8
1778396881156652,107930507,3509,214.836746,43,-352.937,-245.633,255,8
1778396881168139,107940485,3501,214.346924,43,-355.024,-242.607,255,8
1778396881187341,107950436,3493,213.857132,43,-357.085,-239.563,255,8
1778396881187762,107960404,3484,213.306122,44,-367.729,-241.609,255,8
1778396881200801,107970348,3476,212.816330,44,-369.781,-238.457,255,8
1778396881202233,107980326,3468,212.326538,44,-371.806,-235.287,255,8
1778396881217311,107990274,3459,211.775513,44,-374.052,-231.701,255,8
1778396881237316,108000247,3451,211.285721,43,-367.473,-223.302,255,8
1778396881237891,108010194,3443,210.795929,44,-377.958,-225.272,255,8
1778396881252020,108020167,3435,210.306122,43,-371.237,-216.987,255,8
1778396881252414,108030110,3426,209.755096,42,-364.625,-208.443,255,8
1778396881282303,108040083,3418,209.265305,42,-366.393,-205.319,255,8
1778396881282710,108050035,3410,208.775513,43,-376.900,-206.993,255,8
1778396881283123,108060013,3401,208.224503,42,-370.063,-198.630,255,8
1778396881297433,108069963,3393,207.734680,42,-371.747,-195.459,255,8
1778396881303357,108079938,3385,207.244888,42,-373.404,-192.274,255,8
1778396881329830,108089892,3377,206.755096,42,-375.034,-189.075,255,8
1778396881330458,108099870,3368,206.204086,43,-385.808,-189.875,255,8
1778396881331166,108109824,3360,205.714294,43,-387.417,-186.570,255,8
1778396881345556,108119802,3351,205.163269,43,-389.193,-182.836,255,8
1778396881356981,108129751,3343,204.673462,43,-390.742,-179.502,255,8
1778396881377016,108139729,3334,204.122452,43,-392.450,-175.736,255,8
1778396881377571,108149674,3326,203.632645,43,-393.938,-172.375,255,8
1778396881392409,108159650,3318,203.142853,42,-386.202,-165.070,255,8
1778396881392908,108169601,3309,202.591843,42,-387.771,-161.349,255,8
1778396881423361,108179574,3301,202.102051,41,-379.871,-154.266,255,8
1778396881423871,108189528,3293,201.612259,41,-381.176,-151.013,255,8
1778396881424293,108199498,3284,201.061218,41,-382.611,-147.340,255,8
1778396881440737,108209446,3276,200.571426,41,-383.856,-144.064,255,8
1778396881441291,108219430,3268,200.081635,41,-385.074,-140.777,255,8
1778396881477196,108229377,3259,199.530624,41,-386.410,-137.067,255,8
1778396881477638,108239357,3251,199.040802,42,-397.020,-137.021,255,8
1778396881478049,108249314,3243,198.551010,43,-407.658,-136.804,255,8
1778396881479767,108259289,3234,198.000000,42,-399.444,-129.787,255,8
1778396881496239,108269245,3226,197.510208,41,-391.002,-123.359,255,8
1778396881521291,108279223,3217,196.959183,41,-392.170,-119.593,255,8
1778396881521973,108289175,3209,196.469391,41,-393.178,-116.236,255,8
1778396881522346,108299154,3201,195.979599,40,-384.544,-110.118,255,8
1778396881538195,108309101,3193,195.489807,41,-395.108,-109.497,255,8
1778396881539297,108319084,3184,194.938766,40,-386.481,-103.115,255,8
1778396881572182,108329032,3176,194.448975,40,-387.348,-99.807,255,8
1778396881572670,108339015,3168,193.959183,40,-388.187,-96.492,255,8
1778396881573067,108348967,3159,193.408173,40,-389.097,-92.755,255,8
1778396881588169,108358943,3151,192.918381,40,-389.876,-89.425,255,8
1778396881588784,108368896,3143,192.428558,39,-380.860,-83.937,255,8
1778396881617874,108378877,3135,191.938766,38,-371.780,-78.609,255,8
1778396881618480,108388834,3126,191.387756,40,-392.125,-78.979,255,8
1778396881618887,108398815,3118,190.897964,43,-422.245,-81.296,255,8
1778396881633279,108408767,3109,190.346939,44,-432.845,-79.028,255,8
1778396881666891,108418749,3101,189.857147,44,-433.505,-75.325,255,8
1778396881667514,108428701,3093,189.367340,44,-434.133,-71.616,255,8
1778396881667959,108438678,3084,188.816330,44,-434.801,-67.438,255,8
1778396881668344,108448628,3076,188.326523,44,-435.362,-63.718,255,8
1778396881683001,108458605,3067,187.775513,44,-435.955,-59.529,255,8
1778396881714208,108468561,3059,187.285721,44,-436.447,-55.800,255,8
1778396881714639,108478536,3050,186.734680,44,-436.964,-51.600,255,8
1778396881715112,108488486,3042,186.244888,44,-437.389,-47.862,255,8
1778396881727963,108498469,3033,185.693878,44,-437.829,-43.654,255,8
1778396881728452,108508424,3025,185.204086,44,-438.186,-39.910,255,8
1778396881759560,108518403,3017,184.714294,44,-438.511,-36.162,255,8
1778396881759980,108528355,3008,184.163254,43,-428.865,-31.217,255,8
1778396881760323,108538336,3000,183.673462,43,-429.117,-27.550,255,8
1778396881774964,108548290,2991,183.122452,42,-419.376,-22.877,255,8
1778396881802214,108558272,2983,182.632660,40,-399.578,-18.373,255,8
1778396881802953,108568223,2975,182.142853,40,-399.720,-14.956,255,8
1778396881803460,108578203,2966,181.591843,40,-399.846,-11.112,255,8
1778396881816456,108588155,2958,181.102051,40,-399.926,-7.693,255,8
1778396881816906,108598134,2950,180.612259,39,-389.978,-4.167,255,8
1778396881845659,108608084,2941,180.061218,40,-400.000,-0.427,255,8
1778396881846109,108618064,2933,179.571426,38,-379.989,2.842,255,8
1778396881846549,108628012,2925,179.081635,38,-379.951,6.091,255,8
1778396881861304,108637988,2917,178.591843,36,-359.891,8.847,255,8
1778396881868050,108647937,2909,178.102036,38,-379.792,12.585,255,8
1778396881893890,108657914,2900,177.551025,39,-389.644,16.665,255,8
1778396881894392,108667865,2892,177.061218,39,-389.487,19.995,255,8
1778396881908367,108677840,2884,176.571426,39,-389.302,23.324,255,8
1778396881908766,108687793,2875,176.020401,40,-399.036,27.761,255,8
1778396881915902,108697770,2867,175.530609,42,-418.723,32.729,255,8
1778396881943621,108707724,2859,175.040817,42,-418.428,36.307,255,8
1778396881944125,108717702,2850,174.489792,42,-418.059,40.330,255,8
1778396881945578,108727653,2842,174.000000,43,-427.644,44.947,255,8
1778396881958892,108737624,2834,173.510208,43,-427.245,48.601,255,8
1778396881965544,108747576,2825,172.959183,43,-426.757,52.708,255,8
1778396881993494,108757557,2817,172.469391,43,-426.291,56.354,255,8
1778396881993924,108767502,2809,171.979599,43,-425.794,59.996,255,8
1778396881995179,108777483,2800,171.428574,43,-425.197,64.088,255,8
1778396882009349,108787426,2792,170.938782,43,-424.634,67.721,255,8
1778396882034199,108797409,2783,170.387756,43,-423.963,71.801,255,8
1778396882034686,108807356,2775,169.897964,43,-423.334,75.423,255,8
1778396882035117,108817326,2766,169.346939,43,-422.589,79.490,255,8
1778396882050033,108827281,2758,168.857132,43,-421.894,83.100,255,8
1778396882059801,108837250,2749,168.306122,43,-421.075,87.154,255,8
1778396882082725,108847203,2741,167.816330,42,-410.540,88.639,255,8
1778396882083145,108857176,2733,167.326523,42,-409.767,92.146,255,8
1778396882084313,108867127,2724,166.775513,42,-408.862,96.082,255,8
1778396882098775,108877105,2716,166.285721,42,-408.026,99.574,255,8
1778396882105368,108887056,2707,165.734695,42,-407.049,103.493,255,8
1778396882132337,108897034,2699,165.244904,42,-406.150,106.969,255,8
1778396882132898,108906978,2690,164.693878,40,-385.812,105.590,255,8
1778396882134063,108916955,2682,164.204086,40,-384.895,108.885,255,8
1778396882147986,108926900,2673,163.653061,40,-383.830,112.581,255,8
1778396882154677,108936877,2665,163.163269,39,-373.282,112.962,255,8
1778396882182850,108946822,2657,162.673462,38,-362.757,113.170,255,8
1778396882183285,108956799,2648,162.122437,38,-361.652,116.654,255,8
1778396882183690,108966747,2640,161.632645,38,-360.641,119.741,255,8
1778396882197939,108976721,2631,161.081635,38,-359.473,123.204,255,8
1778396882223706,108986670,2623,160.591843,37,-348.975,122.949,255,8
1778396882224475,108996642,2615,160.102051,37,-347.911,125.928,255,8
1778396882225055,109006593,2606,159.551025,36,-337.314,125.774,255,8
1778396882244646,109016565,2598,159.061234,37,-345.566,132.227,255,8
1778396882245277,109026513,2589,158.510208,37,-344.279,135.544,255,8
1778396882278475,109036496,2581,158.020416,36,-333.834,134.739,255,8
1778396882279054,109046440,2573,157.530609,37,-341.911,141.410,255,8
1778396882279576,109056419,2564,156.979584,37,-340.535,144.692,255,8
1778396882295041,109066361,2556,156.489792,36,-330.116,143.608,255,8
1778396882295520,109076336,2547,155.938766,36,-328.720,146.777,255,8
1778396882322474,109086281,2539,155.448975,37,-336.549,153.736,255,8
1778396882322967,109096262,2531,154.959183,37,-335.222,156.608,255,8
1778396882323362,109106212,2522,154.408157,35,-315.663,151.185,255,8
1778396882339896,109116185,2514,153.918365,36,-323.341,158.274,255,8
1778396882342141,109126135,2506,153.428574,37,-330.920,165.506,255,8
1778396882367880,109136113,2497,152.877563,35,-311.512,159.563,255,8
1778396882368278,109146055,2489,152.387756,36,-318.998,166.855,255,8
1778396882383311,109156030,2481,151.897964,36,-317.560,169.576,255,8
1778396882383888,109165983,2472,151.346939,36,-315.914,172.622,255,8
1778396882417192,109175966,2464,150.857147,35,-305.693,170.446,255,8
1778396882417952,109185911,2455,150.306122,35,-304.040,173.378,255,8
1778396882418408,109195893,2447,149.816330,36,-311.191,180.998,255,8
1778396882431797,109205846,2438,149.265305,36,-309.435,183.983,255,8
1778396882432262,109215822,2430,148.775513,35,-299.300,181.437,255,8
1778396882467249,109225767,2422,148.285706,36,-306.245,189.246,255,8
1778396882467739,109235745,2413,147.734695,35,-295.955,186.844,255,8
1778396882468216,109245692,2405,147.244888,35,-294.347,189.367,255,8
1778396882484747,109255666,2397,146.755096,34,-284.354,186.394,255,8
1778396882485307,109265618,2388,146.204086,33,-274.238,183.558,255,8
1778396882515889,109275593,2380,145.714294,33,-272.659,185.896,255,8
1778396882516396,109285541,2372,145.224487,32,-262.846,182.516,255,8
1778396882516898,109295509,2363,144.673477,30,-244.761,173.471,255,8
1778396882534534,109305456,2355,144.183670,28,-227.051,163.853,255,8
1778396882565835,109335349,2330,142.653061,28,-222.593,169.859,255,8
1778396882566436,109345296,2321,142.102036,28,-220.950,171.992,255,8
1778396882584465,109355276,2313,141.612244,28,-219.471,173.874,255,8
1778396882585020,109365230,2305,141.122452,28,-217.977,175.744,255,8
1778396882617565,109395129,2279,139.530609,28,-213.011,181.732,255,8
1778396882663736,109434993,2246,137.510208,28,-206.471,189.128,255,8
1778396882744387,109514723,2179,133.408157,28,-192.413,203.414,255,8
1778396882761931,109544610,2154,131.877548,28,-186.911,208.480,255,8
1778396882792679,109564538,2137,130.836746,29,-189.633,219.407,255,8
1778396882793215,109574517,2129,130.346939,28,-181.276,213.399,255,8
1778396882809554,109584471,2121,129.857147,29,-185.854,222.617,255,8
1778396882810186,109594449,2112,129.306122,28,-177.370,216.656,255,8
1778396882842000,109604403,2104,128.816330,28,-175.511,218.165,255,8
1778396883069903,109843603,1904,116.571434,28,-125.248,250.426,255,8
1778396883070332,109853581,1896,116.081627,28,-123.102,251.487,255,8
1778396883085116,109863537,1888,115.591835,28,-120.948,252.530,255,8
1778396883085621,109873517,1879,115.040817,28,-118.514,253.682,255,8
1778396883120120,109883469,1871,114.551018,30,-124.651,272.877,255,8
1778396883120536,109893445,1863,114.061226,29,-118.237,264.802,255,8
1778396883120948,109903395,1855,113.571426,29,-115.969,265.803,255,8
1778396883136078,109913371,1846,113.020416,29,-113.407,266.906,255,8
1778396883136876,109923325,1838,112.530609,29,-111.121,267.866,255,8
1778396883166723,109933300,1830,112.040817,29,-108.827,268.806,255,8
1778396883167217,109943252,1821,111.489792,30,-109.901,279.145,255,8
1778396883167868,109953225,1813,111.000000,30,-107.510,280.074,255,8
1778396883183669,109963182,1805,110.510208,30,-105.112,280.983,255,8
1778396883184704,109973156,1796,109.959183,29,-98.992,272.581,255,8
1778396883212426,109983122,1788,109.469383,31,-103.324,292.274,255,8
1778396883213035,109993098,1780,108.979591,30,-97.569,283.690,255,8
1778396883214250,110003049,1771,108.428566,30,-94.837,284.616,255,8
1778396883229422,110013036,1763,107.938774,31,-95.480,294.930,255,8
1778396883257314,110022989,1755,107.448982,31,-92.956,295.735,255,8
1778396883257739,110032968,1747,106.959175,31,-90.424,296.519,255,8
1778396883258182,110042918,1738,106.408165,31,-87.568,297.375,255,8
1778396883275125,110052899,1730,105.918365,32,-87.766,307.729,255,8
1778396883275769,110062852,1721,105.367355,32,-84.802,308.559,255,8
1778396883313289,110072832,1713,104.877548,31,-79.594,299.608,255,8
1778396883313953,110082785,1705,104.387756,31,-77.030,300.277,255,8
1778396883314583,110092768,1697,103.897964,32,-76.862,310.632,255,8
1778396883315188,110102723,1688,103.346939,32,-73.871,311.357,255,8
1778396883333034,110112702,1680,102.857147,31,-68.982,302.228,255,8
1778396883333535,110122657,1671,102.306122,32,-68.203,312.647,255,8
1778396883367017,110132641,1663,101.816322,32,-65.528,313.219,255,8
1778396883367550,110142602,1655,101.326530,32,-62.848,313.768,255,8
1778396883368048,110152585,1646,100.775505,31,-57.958,304.534,255,8
1778396883386817,110162544,1638,100.285713,32,-57.138,314.857,255,8
1778396883387365,110172528,1630,99.795921,31,-52.743,305.480,255,8
1778396883420233,110182479,1621,99.244896,31,-49.803,305.973,255,8
1778396883420830,110192465,1613,98.755104,32,-48.708,316.271,255,8
1778396883421443,110202419,1605,98.265305,31,-44.565,306.780,255,8
1778396883422435,110212395,1596,97.714294,31,-41.612,307.194,255,8
1778396883440818,110222352,1588,97.224487,31,-38.985,307.539,255,8
1778396883442276,110232335,1580,96.734695,31,-36.354,307.861,255,8
1778396883478885,110242290,1571,96.183670,31,-33.392,308.196,255,8
1778396883479417,110252274,1563,95.693878,31,-30.756,308.471,255,8
1778396883479890,110262230,1555,95.204086,31,-28.118,308.722,255,8
1778396883481957,110272211,1546,94.653061,31,-25.148,308.978,255,8
1778396883499657,110282159,1538,94.163261,32,-23.232,319.156,255,8
1778396883506686,110292144,1530,93.673470,32,-20.502,319.343,255,8
1778396883562256,110302099,1521,93.122444,32,-17.430,319.525,255,8
1778396883562771,110312080,1513,92.632652,31,-14.239,309.673,255,8
1778396883563315,110322029,1505,92.142860,31,-11.591,309.783,255,8
1778396883563727,110332011,1497,91.653053,32,-9.231,319.867,255,8
1778396883564115,110341965,1488,91.102043,32,-6.155,319.941,255,8
1778396883564497,110351936,1480,90.612244,32,-3.419,319.982,255,8
1778396883581918,110361888,1472,90.122452,31,-0.663,309.999,255,8
1778396883582410,110371866,1463,89.571426,31,2.319,309.991,255,8
1778396883616568,110381810,1455,89.081635,32,5.129,319.959,255,8
1778396883617076,110391796,1447,88.591835,31,7.618,309.906,255,8
1778396883617509,110401745,1438,88.040817,31,10.598,309.819,255,8
1778396883634099,110411728,1430,87.551018,31,13.246,309.717,255,8
1778396883634544,110421683,1422,87.061226,31,15.893,309.592,255,8
1778396883648345,110431664,1413,86.510208,30,18.261,299.444,255,8
1778396883650388,110441622,1405,86.020409,31,21.514,309.253,255,8
1778396883690711,110451604,1397,85.530617,31,24.157,309.057,255,8
1778396883691124,110461556,1389,85.040817,31,26.798,308.840,255,8
1778396883691627,110471537,1380,84.489799,31,29.767,308.568,255,8
1778396883692106,110481490,1372,84.000000,32,33.449,318.247,255,8
1778396883708527,110491469,1364,83.510201,31,35.038,308.014,255,8
1778396883709942,110501423,1355,82.959183,31,37.999,307.662,255,8
1778396883740967,110511400,1347,82.469391,32,41.938,317.240,255,8
1778396883741374,110521360,1339,81.979591,31,43.253,306.968,255,8
1778396883741866,110531339,1331,81.489799,31,45.876,306.587,255,8
1778396883758223,110541289,1322,80.938774,31,48.822,306.131,255,8
1778396883759458,110551268,1314,80.448982,31,51.437,305.703,255,8
1778396883789338,110561219,1306,79.959183,31,54.048,305.252,255,8
1778396883789762,110571196,1297,79.408165,31,56.981,304.718,255,8
1778396883790173,110581149,1289,78.918365,32,61.506,314.033,255,8
1778396883805872,110591127,1281,78.428566,32,64.189,313.496,255,8
1778396883837158,110601080,1273,77.938774,32,66.866,312.936,255,8
1778396883837620,110611059,1264,77.387756,31,67.689,302.520,255,8
1778396883838231,110621015,1256,76.897964,31,70.273,301.930,255,8
1778396883838800,110630992,1248,76.408165,31,72.851,301.318,255,8
1778396883853866,110640941,1239,75.857140,32,78.189,310.301,255,8
1778396883883780,110650921,1231,75.367348,32,80.839,309.621,255,8
1778396883884185,110660873,1223,74.877548,32,83.483,308.919,255,8
1778396883884577,110670854,1215,74.387756,32,86.120,308.194,255,8
1778396883922584,110680804,1206,73.836739,32,89.080,307.351,255,8
1778396883922993,110690777,1198,73.346939,32,91.704,306.578,255,8
1778396883923408,110700731,1190,72.857147,32,94.322,305.783,255,8
1778396883923825,110710707,1181,72.306122,32,97.258,304.862,255,8
1778396883940216,110720662,1173,71.816330,32,99.861,304.020,255,8
1778396883940673,110730637,1165,71.326530,32,102.456,303.155,255,8
1778396883970551,110740587,1157,70.836731,32,105.044,302.268,255,8
1778396883971096,110750566,1149,70.346939,32,107.624,301.359,255,8
1778396883971635,110760516,1141,69.857140,32,110.196,300.428,255,8
1778396883986892,110770494,1132,69.306122,32,113.080,299.354,255,8
1778396883987386,110780446,1124,68.816330,32,115.635,298.377,255,8
1778396884020245,110790425,1116,68.326530,31,114.488,288.084,255,8
1778396884020760,110800369,1108,67.836739,32,120.719,296.356,255,8
1778396884021179,110810352,1099,67.285713,32,123.564,295.181,255,8
1778396884035460,110820306,1091,66.795921,32,126.082,294.114,255,8
1778396884036947,110830282,1083,66.306122,32,128.592,293.026,255,8
1778396884068916,110840232,1075,65.816330,33,135.189,301.038,255,8
1778396884069534,110850211,1066,65.265305,34,142.262,308.807,255,8
1778396884069979,110860153,1058,64.775505,34,144.896,307.579,255,8
1778396884086389,110870139,1050,64.285713,34,147.520,306.329,255,8
1778396884086915,110880093,1042,63.795918,34,150.134,305.057,255,8
1778396884116794,110890073,1033,63.244896,34,153.061,303.599,255,8
1778396884117275,110900023,1025,62.755104,34,155.650,302.280,255,8
1778396884117699,110910001,1017,62.265305,34,158.229,300.938,255,8
1778396884132783,110919957,1009,61.775513,35,165.525,308.385,255,8
1778396884170708,110929938,1000,61.224487,35,168.483,306.779,255,8
1778396884171268,110939885,992,60.734695,35,171.099,305.328,255,8
1778396884171682,110949862,984,60.244900,35,173.703,303.854,255,8
1778396884172211,110959812,976,59.755100,35,176.294,302.358,255,8
1778396884203839,110969793,967,59.204082,35,179.194,300.649,255,8
1778396884204382,110979751,959,58.714287,35,181.757,299.106,255,8
1778396884204812,110989735,951,58.224491,36,189.573,306.042,255,8
1778396884205418,110999694,942,57.673470,36,192.508,304.205,255,8
1778396884221238,111009683,934,57.183670,36,195.101,302.548,255,8
1778396884249956,111019641,926,56.693878,36,197.680,300.870,255,8
1778396884250451,111029625,918,56.204079,36,200.245,299.169,255,8
1778396884250858,111039582,909,55.653065,37,208.755,305.485,255,8
1778396884266261,111049569,901,55.163265,36,205.646,295.482,255,8
1778396884266820,111059526,893,54.673466,36,208.165,293.713,255,8
1778396884297789,111069510,885,54.183674,36,210.668,291.923,255,8
1778396884298178,111079469,876,53.632652,37,219.395,297.936,255,8
1778396884298786,111089453,868,53.142860,37,221.934,296.049,255,8
1778396884313880,111099406,860,52.653061,37,224.457,294.141,255,8
1778396884314487,111109395,851,52.102039,37,227.275,291.969,255,8
1778396884344502,111119353,843,51.612247,37,229.763,290.016,255,8
1778396884345012,111129335,835,51.122448,37,232.233,288.041,255,8
1778396884345364,111139292,827,50.632656,38,241.030,293.776,255,8
1778396884359298,111149279,818,50.081635,38,243.844,291.445,255,8
1778396884391025,111159235,810,49.591835,38,246.327,289.349,255,8
1778396884391435,111169208,802,49.102043,38,248.791,287.233,255,8
1778396884391772,111179165,794,48.612244,39,257.849,292.598,255,8
1778396884405973,111189145,785,48.061226,39,260.651,290.105,255,8
1778396884406392,111199096,777,47.571430,39,263.122,287.866,255,8
1778396884413617,111209079,769,47.081631,39,265.573,285.607,255,8
1778396884449095,111219034,760,46.530613,39,268.307,283.039,255,8
1778396884449559,111229012,752,46.040813,39,270.717,280.735,255,8
1778396884450005,111238970,744,45.551022,39,273.107,278.411,255,8
1778396884465397,111248948,735,45.000000,39,275.772,275.772,255,8
1778396884465870,111258906,727,44.510204,39,278.119,273.404,255,8
1778396884499695,111268891,719,44.020409,39,280.446,271.017,255,8
1778396884500127,111278846,711,43.530613,39,282.753,268.609,255,8
1778396884500503,111288827,702,42.979591,39,285.323,265.878,255,8
1778396884515646,111298784,694,42.489796,38,280.211,256.674,255,8
1778396884516030,111308758,686,42.000000,38,282.395,254.270,255,8
1778396884548196,111318714,677,41.448982,38,284.827,251.542,255,8
1778396884548602,111328691,669,40.959183,38,286.967,249.098,255,8
1778396884549071,111338649,661,40.469387,39,296.694,253.126,255,8
1778396884564989,111348634,653,39.979591,39,298.847,250.581,255,8
1778396884565427,111358590,644,39.428574,39,301.243,247.695,255,8
1778396884600301,111368575,636,38.938778,40,311.127,251.396,255,8
1778396884600737,111378522,628,38.448982,40,313.265,248.727,255,8
1778396884601098,111388513,619,37.897957,40,315.642,245.703,255,8
1778396884601953,111398472,611,37.408161,40,317.731,242.996,255,8
1778396884616658,111408462,603,36.918369,40,319.797,240.271,255,8
1778396884649874,111418417,595,36.428574,40,321.839,237.528,255,8
1778396884650293,111428405,586,35.877552,40,324.109,234.422,255,8
1778396884650750,111438365,578,35.387753,40,326.101,231.643,255,8
1778396884651490,111448355,570,34.897957,40,328.069,228.847,255,8
1778396884668039,111458319,562,34.408165,40,330.013,226.034,255,8
1778396884673355,111468297,553,33.857143,40,332.172,222.850,255,8
1778396884685199,111478260,545,33.367348,40,334.065,220.002,255,8
1778396884720210,111488247,537,32.877548,40,335.933,217.138,255,8
1778396884720766,111498205,529,32.387753,40,337.777,214.259,255,8
1778396884721210,111508191,521,31.897959,40,339.596,211.363,255,8
1778396884721574,111518145,512,31.346939,40,341.613,208.088,255,8
1778396884737612,111528128,504,30.857143,40,343.380,205.160,255,8
1778396884771964,111538084,496,30.367348,40,345.121,202.217,255,8
1778396884772635,111548062,487,29.816326,40,347.050,198.888,255,8
1778396884773042,111558016,479,29.326530,40,348.737,195.914,255,8
1778396884773434,111568005,471,28.836735,39,341.639,188.103,255,8
1778396884789634,111577956,463,28.346939,39,343.235,185.176,255,8
1778396884790284,111587943,455,27.857143,40,353.646,186.907,255,8
1778396884826996,111597901,446,27.306122,40,355.427,183.498,255,8
1778396884827443,111607884,438,26.816326,39,348.058,175.941,255,8
1778396884827855,111617844,430,26.326530,39,349.550,172.960,255,8
1778396884842871,111627837,422,25.836735,39,351.015,169.965,255,8
1778396884843287,111637795,414,25.346939,39,352.456,166.958,255,8
1778396884878466,111647776,405,24.795918,39,354.045,163.561,255,8
1778396884878873,111657741,397,24.306122,39,355.430,160.529,255,8
1778396884879203,111667725,389,23.816326,39,356.789,157.484,255,8
1778396884879541,111677683,381,23.326530,39,358.123,154.429,255,8
1778396884895146,111687672,373,22.836735,39,359.430,151.362,255,8
1778396884932293,111697631,365,22.346939,39,360.710,148.283,255,8
1778396884932722,111707620,357,21.857143,39,361.965,145.195,255,8
1778396884933148,111717574,349,21.367348,39,363.193,142.095,255,8
1778396884933498,111727565,341,20.877550,39,364.394,138.985,255,8
1778396884949598,111737523,333,20.387754,39,365.569,135.865,255,8
1778396884949993,111747503,325,19.897959,39,366.717,132.735,255,8
1778396884966595,111757453,316,19.346939,39,367.977,129.202,255,8
1778396884968688,111767433,308,18.857143,39,369.068,126.052,255,8
1778396885005134,111777381,300,18.367348,39,370.132,122.892,255,8
1778396885005976,111787351,292,17.877550,39,371.169,119.724,255,8
1778396885006650,111797312,284,17.387754,39,372.179,116.546,255,8
1778396885010462,111807286,276,16.897961,39,373.161,113.361,255,8
1778396885026462,111817248,267,16.346939,39,374.234,109.767,255,8
1778396885028133,111827229,259,15.857143,39,375.159,106.564,255,8
1778396885065723,111837184,251,15.367347,39,376.056,103.353,255,8
1778396885066188,111847170,243,14.877551,39,376.926,100.134,255,8
1778396885066563,111857131,235,14.387755,39,377.768,96.908,255,8
1778396885067776,111867108,227,13.897959,39,378.583,93.675,255,8
1778396885084176,111877065,219,13.408163,39,379.370,90.436,255,8
1778396885123290,111887058,211,12.918367,39,380.129,87.189,255,8
1778396885123970,111897003,203,12.428572,39,380.860,83.937,255,8
1778396885124532,111906995,195,11.938775,39,381.564,80.678,255,8
1778396885124889,111916947,187,11.448979,39,382.240,77.413,255,8
1778396885141529,111926931,179,10.959184,39,382.888,74.143,255,8
1778396885142036,111936885,171,10.469388,39,383.507,70.867,255,8
1778396885153898,111946859,163,9.979591,39,384.099,67.586,255,8
1778396885190972,111956826,155,9.489796,39,384.663,64.300,255,8
1778396885191447,111966805,151,9.244898,39,384.934,62.655,255,8
1778396885191854,111976762,149,9.122449,39,385.067,61.833,255,8
1778396885192196,111986745,148,9.061224,40,395.008,62.996,255,8
1778396885208344,111996702,148,9.061224,40,395.008,62.996,255,8
1778396885208800,112006688,149,9.122449,40,394.941,63.418,255,8
1778396885249465,112016644,149,9.122449,39,385.067,61.833,255,8
1778396885250096,112026624,149,9.122449,39,385.067,61.833,255,8
1778396885250618,112036577,149,9.122449,39,385.067,61.833,255,8
1778396885251007,112046563,149,9.122449,39,385.067,61.833,255,8
1778396885267686,112056515,149,9.122449,39,385.067,61.833,255,8
1778396885268126,112066495,150,9.183674,38,375.129,60.648,255,8
1778396885311746,112076451,152,9.306123,38,374.999,61.450,255,8
1778396885312184,112086434,155,9.489796,38,374.800,62.651,255,8
1778396885312646,112096393,157,9.612246,38,374.665,63.452,255,8
1778396885313053,112106374,159,9.734694,38,374.528,64.253,255,8
1778396885329724,112116336,163,9.979591,39,384.099,67.586,255,8
1778396885330220,112126321,165,10.102040,39,383.954,68.407,255,8
1778396885337489,112136278,168,10.285714,39,383.733,69.637,255,8
1778396885348792,112146268,171,10.469388,39,383.507,70.867,255,8
1778396885393479,112156219,174,10.653061,39,383.278,72.096,255,8
1778396885394470,112166206,178,10.897960,39,382.967,73.734,255,8
1778396885395049,112176165,181,11.081633,39,382.728,74.961,255,8
1778396885395424,112186149,185,11.326530,39,382.404,76.596,255,8
1778396885395868,112196114,188,11.510203,39,382.157,77.822,255,8
1778396885414066,112206093,192,11.755101,39,381.821,79.454,255,8
1778396885414750,112216049,195,11.938775,39,381.564,80.678,255,8
1778396885456756,112226030,198,12.122449,39,381.303,81.901,255,8
1778396885457196,112235984,202,12.367347,39,380.950,83.530,255,8
1778396885457638,112245968,206,12.612245,39,380.589,85.157,255,8
1778396885458002,112255925,210,12.857143,39,380.222,86.783,255,8
1778396885475294,112265901,214,13.102041,39,379.847,88.408,255,8
1778396885475773,112275860,218,13.346939,39,379.466,90.030,255,8
1778396885520672,112285839,222,13.591837,39,379.078,91.651,255,8
1778396885521149,112295791,225,13.775511,39,378.782,92.866,255,8
1778396885521502,112305772,230,14.081633,39,378.281,94.889,255,8
1778396885521928,112315723,234,14.326530,39,377.871,96.505,255,8
1778396885523911,112325707,238,14.571429,39,377.456,98.119,255,8
1778396885541577,112335661,242,14.816327,39,377.033,99.731,255,8
1778396885543635,112345647,247,15.122449,39,376.494,101.744,255,8
1778396885587504,112355602,251,15.367347,39,376.056,103.353,255,8
1778396885587914,112365581,255,15.612246,39,375.611,104.959,255,8
1778396885588318,112375550,260,15.918367,39,375.045,106.964,255,8
1778396885588667,112385533,264,16.163265,39,374.584,108.566,255,8
1778396885606116,112395486,269,16.469389,39,373.999,110.566,255,8
1778396885606621,112405470,273,16.714287,39,373.523,112.164,255,8
1778396885647771,112415420,278,17.020409,39,372.918,114.158,255,8
1778396885648229,112425400,283,17.326530,39,372.303,116.149,255,8
1778396885648662,112435361,287,17.571428,39,371.803,117.739,255,8
1778396885649124,112445345,292,17.877550,39,371.169,119.724,255,8
1778396885665168,112455303,297,18.183674,39,370.524,121.705,255,8
1778396885665728,112465286,302,18.489796,39,369.868,123.683,255,8
1778396885713016,112475237,307,18.795919,39,369.202,125.657,255,8
1778396885713464,112485225,311,19.040817,39,368.662,127.234,255,8
1778396885713925,112495185,316,19.346939,39,367.977,129.202,255,8
1778396885714313,112505167,321,19.653061,39,367.281,131.166,255,8
1778396885714746,112515130,326,19.959183,39,366.575,133.127,255,8
1778396885763269,112525109,332,20.326530,39,365.714,135.474,255,8
1778396885763812,112535066,337,20.632652,39,364.985,137.426,255,8
1778396885764269,112545043,342,20.938776,39,364.246,139.374,255,8
1778396885764696,112554999,347,21.244898,39,363.496,141.318,255,8
1778396885765050,112564980,352,21.551022,39,362.735,143.259,255,8
1778396885821884,112574934,358,21.918367,39,361.809,145.581,255,8
1778396885822553,112584918,363,22.224491,39,361.027,147.512,255,8
1778396885823084,112594872,368,22.530613,39,360.233,149.439,255,8
1778396885823626,112604854,374,22.897959,39,359.268,151.746,255,8
1778396885824048,112614811,379,23.204082,39,358.452,153.663,255,8
1778396885824447,112624790,385,23.571430,39,357.459,155.958,255,8
1778396885844287,112634744,391,23.938774,39,356.452,158.246,255,8
1778396885844803,112644728,396,24.244898,39,355.601,160.149,255,8
1778396885860221,112654676,402,24.612246,39,354.567,162.425,255,8
1778396885860817,112664653,408,24.979591,39,353.519,164.695,255,8
1778396885903281,112674602,413,25.285715,40,361.676,170.853,255,8
1778396885903770,112684581,419,25.653061,39,351.558,168.839,255,8
1778396885904255,112694528,425,26.020407,40,359.455,175.476,255,8
1778396885904685,112704501,431,26.387754,40,358.323,177.777,255,8
1778396885959455,112714452,437,26.755102,40,357.176,180.071,255,8
1778396885960104,112724430,443,27.122450,40,356.014,182.357,255,8
1778396885960511,112734387,449,27.489796,40,354.837,184.636,255,8
1778396885960914,112744368,455,27.857143,40,353.646,186.907,255,8
1778396885961242,112754319,461,28.224489,40,352.441,189.171,255,8
1778396885961575,112764296,467,28.591835,40,351.220,191.427,255,8
1778396885978305,112774244,474,29.020407,40,349.779,194.048,255,8
1778396885979755,112784218,480,29.387754,40,348.527,196.287,255,8
1778396886020975,112794164,486,29.755102,40,347.262,198.518,255,8
1778396886021600,112804141,493,30.183674,40,345.767,201.109,255,8
1778396886021995,112814087,499,30.551020,40,344.471,203.322,255,8
1778396886022414,112824060,505,30.918367,39,334.581,200.388,255,8
1778396886038342,112834011,512,31.346939,40,341.613,208.088,255,8
1778396886039435,112843988,519,31.775511,40,340.047,210.637,255,8
1778396886093337,112853938,525,32.142857,40,338.690,212.813,255,8
1778396886093891,112863915,532,32.571430,40,337.088,215.340,255,8
1778396886094333,112873868,539,33.000000,39,327.082,212.409,255,8
1778396886094740,112883847,545,33.367348,39,325.713,214.502,255,8
1778396886095140,112893803,552,33.795921,40,332.410,222.495,255,8
1778396886117954,112903780,559,34.224491,40,330.736,224.975,255,8
1778396886118445,112913730,566,34.653061,40,329.044,227.442,255,8
1778396886118890,112923706,573,35.081635,40,327.334,229.897,255,8
1778396886137399,112933657,580,35.510204,40,325.605,232.339,255,8
1778396886138389,112943630,587,35.938778,40,323.858,234.768,255,8
1778396886181275,112953585,594,36.367348,40,322.093,237.184,255,8
1778396886181780,112963560,601,36.795918,40,320.310,239.587,255,8
1778396886182275,112973514,608,37.224491,40,318.509,241.976,255,8
1778396886182692,112983494,615,37.653061,40,316.690,244.351,255,8
1778396886200347,112993441,623,38.142857,40,314.589,247.050,255,8
1778396886200847,113003425,630,38.571430,40,312.733,249.396,255,8
1778396886251383,113013384,637,39.000000,40,310.858,251.728,255,8
1778396886251906,113023363,645,39.489796,40,308.695,254.376,255,8
1778396886252396,113033318,652,39.918365,40,306.784,256.678,255,8
1778396886252846,113043294,660,40.408161,40,304.578,259.291,255,8
1778396886253237,113053255,667,40.836735,40,302.630,261.562,255,8
1778396886271346,113063239,675,41.326530,39,292.874,257.536,255,8
1778396886271763,113073193,682,41.755100,39,290.939,259.720,255,8
1778396886321209,113083174,690,42.244900,39,288.708,262.197,255,8
1778396886321789,113093127,698,42.734695,38,279.111,257.870,255,8
1778396886322226,113103106,705,43.163265,38,277.175,259.950,255,8
1778396886322732,113113061,713,43.653061,38,274.943,262.310,255,8
1778396886323215,113123046,721,44.142857,38,272.690,264.651,255,8
1778396886340919,113132999,729,44.632652,39,277.534,273.998,255,8
1778396886341494,113142980,737,45.122448,39,275.182,276.360,255,8
1778396886391913,113152934,745,45.612247,39,272.809,278.703,255,8
1778396886392547,113162920,753,46.102039,39,270.417,281.025,255,8
1778396886393150,113172870,761,46.591839,39,268.004,283.326,255,8
1778396886393594,113182853,769,47.081631,39,265.573,285.607,255,8
1778396886394062,113192801,778,47.632652,39,262.814,288.147,255,8
1778396886398231,113202789,786,48.122452,38,253.666,282.938,255,8
1778396886415405,113212739,794,48.612244,38,251.238,285.096,255,8
1778396886415891,113222720,802,49.102043,38,248.791,287.233,255,8
1778396886462835,113232671,811,49.653057,38,246.017,289.612,255,8
1778396886463391,113242657,819,50.142857,38,243.533,291.705,255,8
1778396886463967,113252604,827,50.632656,38,241.030,293.776,255,8
1778396886464624,113262585,836,51.183670,38,238.194,296.081,255,8
1778396886465484,113272541,845,51.734695,38,235.335,298.358,255,8
1778396886522397,113282520,853,52.224491,37,226.651,292.454,255,8
1778396886522880,113292472,862,52.775509,37,223.828,294.620,255,8
1778396886523326,113302451,870,53.265308,36,215.320,288.509,255,8
1778396886523701,113312401,879,53.816326,36,212.535,290.566,255,8
1778396886524064,113322379,888,54.367348,37,215.557,300.724,255,8
1778396886524867,113332328,896,54.857143,37,212.978,302.556,255,8
1778396886542202,113342308,905,55.408161,36,204.382,296.358,255,8
1778396886549022,113352259,914,55.959183,36,201.522,298.310,255,8
1778396886560434,113362242,922,56.448978,36,198.965,300.022,255,8
1778396886609249,113372193,931,57.000000,36,196.070,301.921,255,8
1778396886609785,113382172,940,57.551022,35,187.792,295.354,255,8
1778396886610309,113392122,948,58.040813,35,185.260,296.949,255,8
1778396886610868,113402088,957,58.591835,34,177.185,290.182,255,8
1778396886611318,113412047,965,59.081635,34,174.698,291.686,255,8
1778396886630162,113422023,974,59.632652,33,166.829,284.725,255,8
1778396886630664,113431973,983,60.183674,33,164.083,286.316,255,8
1778396886638466,113441939,991,60.673466,33,161.629,287.708,255,8
1778396886650017,113451896,1000,61.224487,32,154.041,280.484,255,8
1778396886715619,113461873,1008,61.714287,31,146.899,272.985,255,8
1778396886716072,113471824,1017,62.265305,31,144.267,274.385,255,8
1778396886716454,113481795,1025,62.755104,30,137.338,266.717,255,8
1778396886716888,113491751,1034,63.306126,31,139.259,276.960,255,8
1778396886717341,113501728,1043,63.857143,31,136.589,278.286,255,8
1778396886717908,113511680,1051,64.346939,31,134.205,279.444,255,8
1778396886718403,113521657,1060,64.897957,32,135.754,289.777,255,8
1778396886734627,113531607,1068,65.387756,33,137.437,300.019,255,8
1778396886735155,113541580,1077,65.938774,33,134.545,301.326,255,8
1778396886748093,113551535,1085,66.428574,32,127.965,293.300,255,8
1778396886793019,113561508,1094,66.979591,32,125.139,294.517,255,8
1778396886793686,113571460,1103,67.530617,32,122.301,295.707,255,8
1778396886794314,113581434,1111,68.020409,32,119.768,296.742,255,8
1778396886794819,113591386,1120,68.571426,32,116.909,297.880,255,8
1778396886795273,113601372,1128,69.061226,33,117.932,308.208,255,8
1778396886856943,113611325,1137,69.612244,32,111.479,299.954,255,8
1778396886857480,113621303,1145,70.102043,31,105.507,291.493,255,8
1778396886857976,113631256,1154,70.653061,28,92.760,264.188,255,8
1778396886881568,113681079,1196,73.224487,28,80.814,268.084,255,8
1778396886882134,113691025,1205,73.775513,28,78.232,268.849,255,8
1778396886949229,113710955,1222,74.816322,31,81.193,299.178,255,8
1778396886949703,113720932,1230,75.306122,31,78.633,299.861,255,8
1778396886950168,113730878,1239,75.857140,31,75.746,300.604,255,8
1778396886950745,113740851,1247,76.346939,31,73.173,301.240,255,8
1778396886951251,113750791,1256,76.897964,30,68.006,292.190,255,8
1778396886951730,113760766,1264,77.387756,29,63.322,283.002,255,8
1778396886971221,113770709,1273,77.938774,30,62.687,293.377,255,8
1778396886971665,113780678,1281,78.428566,29,58.171,284.106,255,8
1778396887039569,113790627,1290,78.979591,28,53.524,274.837,255,8
1778396887121733,113910137,1390,85.102043,28,23.907,278.978,255,8
1778396887122277,113920115,1399,85.653061,30,22.739,299.137,255,8
1778396887122684,113930068,1407,86.142853,31,20.853,309.298,255,8
1778396887139575,113940047,1415,86.632652,30,17.621,299.482,255,8
1778396887260146,114029728,1490,91.224495,28,-5.984,279.936,255,8
1778396887260631,114039712,1499,91.775513,29,-8.985,289.861,255,8
1778396887399535,114179256,1614,98.816322,28,-42.915,276.692,255,8
1778396887531289,114308823,1721,105.367355,28,-74.202,269.989,255,8
1778396887531773,114328766,1737,106.346939,29,-81.621,278.277,255,8
1778396887532235,114338748,1745,106.836731,29,-83.997,277.569,255,8
1778396887546666,114348709,1754,107.387756,29,-86.663,276.748,255,8
1778396887547131,114358692,1762,107.877556,29,-89.025,275.997,255,8
1778396887588646,114368651,1770,108.367348,29,-91.381,275.226,255,8
1778396887589061,114378625,1779,108.918373,29,-94.024,274.335,255,8
1778396887589445,114388578,1787,109.408165,29,-96.366,273.521,255,8
1778396887589864,114398563,1795,109.897957,29,-98.700,272.687,255,8
1778396887606063,114408517,1804,110.448982,31,-108.306,290.465,255,8
1778396887606449,114418497,1812,110.938774,32,-114.358,298.868,255,8
1778396887647602,114428446,1821,111.489792,33,-120.891,307.059,255,8
1778396887648051,114438424,1829,111.979584,32,-119.768,296.742,255,8
1778396887648495,114448374,1838,112.530609,33,-126.448,304.813,255,8
1778396887648877,114458354,1846,113.020416,33,-129.050,303.721,255,8
1778396887664138,114468309,1855,113.571426,31,-123.967,284.134,255,8
1778396887782857,114587889,1954,119.632645,28,-138.442,243.380,255,8
1778396887783665,114597866,1963,120.183670,28,-140.777,242.037,255,8
1778396887826477,114607827,1971,120.673477,30,-153.043,258.027,255,8
1778396887826992,114617812,1979,121.163269,29,-150.069,248.152,255,8
1778396887827495,114627765,1988,121.714287,28,-147.191,238.190,255,8
1778396887827940,114637745,1996,122.204079,28,-149.222,236.923,255,8
1778396887843093,114647703,2005,122.755104,30,-162.315,252.297,255,8
1778396887843510,114657684,2013,123.244896,30,-164.466,250.900,255,8
1778396887883711,114667639,2021,123.734688,30,-166.604,249.485,255,8
1778396887884261,114677619,2030,124.285713,30,-168.996,247.872,255,8
1778396887884667,114687581,2038,124.775505,31,-176.812,254.632,255,8
1778396887885063,114697562,2047,125.326530,30,-173.471,244.761,255,8
1778396887901216,114707515,2055,125.816330,30,-175.557,243.269,255,8
1778396887902516,114717502,2063,126.306122,31,-183.551,249.818,255,8
1778396887915399,114727464,2072,126.857147,31,-185.945,248.041,255,8
1778396887963839,114737449,2080,127.346939,31,-188.058,246.443,255,8
1778396887964354,114747409,2089,127.897964,32,-196.562,252.514,255,8
1778396887964819,114757393,2097,128.387756,32,-198.714,250.824,255,8
1778396887965177,114767364,2105,128.877548,32,-200.851,249.117,255,8
1778396887965660,114777351,2114,129.428574,32,-203.237,247.173,255,8
1778396888016576,114787316,2123,129.979584,33,-212.030,252.870,255,8
1778396888016984,114797299,2131,130.469391,33,-214.184,251.048,255,8
1778396888017506,114807264,2139,130.959183,33,-216.322,249.208,255,8
1778396888017967,114817250,2148,131.510193,33,-218.709,247.116,255,8
1778396888018350,114827210,2156,132.000000,33,-220.813,245.238,255,8
1778396888033899,114837194,2165,132.551025,33,-223.161,243.103,255,8
1778396888034380,114847160,2173,133.040817,34,-232.057,248.495,255,8
1778396888074037,114857142,2181,133.530609,33,-227.285,239.252,255,8
1778396888074607,114867098,2190,134.081635,33,-229.575,237.055,255,8
1778396888075044,114877078,2198,134.571426,34,-238.611,242.208,255,8
1778396888075494,114887042,2207,135.122452,35,-248.016,246.958,255,8
1778396888091538,114897028,2215,135.612244,35,-250.118,244.829,255,8
1778396888092000,114906991,2223,136.102051,35,-252.202,242.682,255,8
1778396888106357,114916978,2232,136.653061,35,-254.524,240.245,255,8
1778396888147355,114926935,2240,137.142853,35,-256.568,238.060,255,8
1778396888147936,114936919,2249,137.693878,35,-258.846,235.582,255,8
1778396888148323,114946877,2257,138.183670,36,-268.303,240.028,255,8
1778396888148811,114956860,2266,138.734695,36,-270.599,237.437,255,8
1778396888150328,114966817,2274,139.224487,36,-272.619,235.115,255,8
1778396888165433,114976802,2282,139.714279,36,-274.619,232.776,255,8
1778396888207511,114986758,2291,140.265305,36,-276.845,230.124,255,8
1778396888208044,114996741,2299,140.755096,37,-286.546,234.075,255,8
1778396888208570,115006697,2307,141.244904,37,-288.537,231.617,255,8
1778396888208951,115016687,2316,141.795929,37,-290.751,228.832,255,8
1778396888209881,115026648,2324,142.285721,36,-284.786,220.221,255,8
1778396888225747,115036629,2332,142.775513,36,-286.658,217.778,255,8
1778396888268662,115046591,2341,143.326538,37,-296.759,220.984,255,8
1778396888269125,115056573,2349,143.816330,37,-298.638,218.439,255,8
1778396888269524,115066530,2357,144.306122,37,-300.494,215.878,255,8
1778396888270003,115076509,2366,144.857147,37,-302.556,212.978,255,8
1778396888270356,115086470,2374,145.346939,36,-296.140,204.698,255,8
1778396888285595,115096457,2382,145.836731,36,-297.879,202.159,255,8
1778396888298876,115106417,2391,146.387756,36,-299.809,199.285,255,8
1778396888299478,115116402,2399,146.877548,36,-301.502,196.715,255,8
1778396888338768,115126353,2407,147.367340,36,-303.172,194.130,255,8
1778396888339201,115136336,2415,147.857147,36,-304.821,191.532,255,8
1778396888339536,115146288,2423,148.346939,34,-289.422,178.423,255,8
1778396888339874,115156272,2432,148.897964,34,-291.125,175.632,255,8
1778396888355962,115166228,2440,149.387756,32,-275.403,162.952,255,8
1778396888396858,115176208,2448,149.877548,30,-259.486,150.555,255,8
1778396888397341,115186156,2456,150.367355,28,-243.380,138.442,255,8
1778396888761024,115574742,2765,169.285706,28,-275.119,52.055,255,8
1778396888797273,115584697,2773,169.775513,30,-295.236,53.252,255,8
1778396888797798,115594672,2781,170.265305,30,-295.680,50.726,255,8
1778396888798351,115604629,2789,170.755096,33,-325.714,53.016,255,8
1778396888798783,115614607,2796,171.183670,35,-345.865,53.644,255,8
1778396888814633,115624559,2804,171.673462,34,-336.416,49.237,255,8
1778396888815114,115634545,2812,172.163254,34,-336.825,46.359,255,8
1778396888855759,115644499,2819,172.591843,34,-337.162,43.839,255,8
1778396888856260,115654474,2827,173.081635,34,-337.524,40.955,255,8
1778396888856727,115664428,2835,173.571426,34,-337.862,38.068,255,8
1778396888857211,115674406,2843,174.061218,34,-338.175,35.178,255,8
1778396888873913,115684355,2850,174.489792,33,-328.475,31.688,255,8
1778396888874418,115694334,2858,174.979584,32,-318.772,28.003,255,8
1778396888913874,115704292,2865,175.408173,31,-309.005,24.818,255,8
1778396888914256,115714273,2873,175.897964,30,-299.231,21.460,255,8
1778396888914606,115724234,2881,176.387756,30,-299.404,18.901,255,8
1778396888914987,115734215,2889,176.877548,30,-299.555,16.341,255,8
1778396888930919,115744168,2896,177.306122,29,-289.680,13.630,255,8
1778396888942309,115754152,2904,177.795929,28,-279.793,10.768,255,8
1778396888943072,115764098,2911,178.224487,29,-289.861,8.985,255,8
1778396888991925,115774082,2919,178.714294,29,-289.927,6.507,255,8
1778396888992355,115784033,2927,179.204086,29,-289.972,4.028,255,8
1778396888992670,115794011,2935,179.693878,30,-299.996,1.603,255,8
1778396888992974,115803963,2942,180.122452,28,-279.999,-0.598,255,8
1778396888993274,115813939,2950,180.612259,28,-279.984,-2.992,255,8
1778396889038256,115823894,2958,181.102051,28,-279.948,-5.385,255,8
1778396889038882,115833871,2966,181.591843,29,-289.888,-8.056,255,8
1778396889039376,115843824,2973,182.020416,28,-279.826,-9.872,255,8
1778396889039847,115853806,2981,182.510208,28,-279.731,-12.263,255,8
1778396889056139,115863774,2989,183.000000,30,-299.589,-15.701,255,8
1778396889056507,115873754,2997,183.489792,29,-289.462,-17.653,255,8
1778396889098158,115883711,3005,183.979584,29,-289.301,-20.126,255,8
1778396889098661,115893692,3013,184.469391,30,-299.088,-23.378,255,8
1778396889099097,115903644,3020,184.897949,30,-298.905,-25.614,255,8
1778396889099479,115913621,3028,185.387756,29,-288.719,-27.230,255,8
1778396889116218,115923577,3036,185.877563,30,-298.423,-30.721,255,8
1778396889116657,115933560,3044,186.367355,29,-288.211,-32.162,255,8
1778396889128648,115943515,3051,186.795929,29,-287.962,-34.317,255,8
1778396889133522,115953498,3059,187.285721,29,-287.659,-36.777,255,8
1778396889184412,115963457,3067,187.775513,29,-287.334,-39.235,255,8
1778396889184888,115973438,3075,188.265305,29,-286.988,-41.690,255,8
1778396889312464,116132964,3201,195.979599,74,-711.406,-203.718,159,8
1778396889388678,116156852,3220,197.142853,900,-8600.155,-2652.796,255,8
1778396889389084,116166814,3228,197.632645,610,-5813.411,-1847.769,255,8
1778396889389526,116186735,3244,198.612228,890,-8434.533,-2840.538,255,8
1778396889390023,116196731,3252,199.102051,40,-377.975,-130.901,255,8
1778396889408515,116226584,3277,200.632645,332,-3107.052,-1169.885,255,8
1778396889558127,116352184,3383,207.122452,334,-2972.714,-1522.685,255,8
1778396889558626,116362140,3391,207.612244,600,-5316.627,-2780.912,255,8
1778396889559095,116372148,3400,208.163254,71,-625.940,-335.110,255,8
1778396889559624,116382106,3409,208.714294,30,-263.108,-144.133,255,8
1778396889612683,116402042,3426,209.755096,28,-243.083,-138.962,255,8
1778396889613232,116412014,3435,210.306122,29,-250.369,-146.340,255,8
1778396889613785,116421978,3444,210.857147,28,-240.366,-143.612,255,8
1778396889614215,116431958,3452,211.346939,29,-247.670,-150.863,255,8
1778396889661637,116441920,3461,211.897964,32,-271.677,-169.091,255,8
1778396889662162,116451906,3469,212.387756,35,-295.555,-187.476,255,8
1778396889662564,116461865,3478,212.938766,38,-318.916,-206.622,255,8
1778396889663011,116471852,3487,213.489807,39,-325.254,-215.198,255,8
1778396889663502,116481804,3495,213.979599,40,-331.695,-223.559,255,8
1778396889677611,116491792,3504,214.530609,41,-337.768,-232.407,255,8
1778396889678088,116501753,3513,215.081635,42,-343.700,-241.392,255,8
1778396889686189,116511733,3521,215.571442,42,-341.624,-244.321,255,8
1778396889699016,116521690,3530,216.122452,42,-339.259,-247.595,255,8
1778396889757587,116531672,3538,216.612244,42,-337.130,-250.486,255,8
1778396889758210,116541633,3547,217.163269,42,-334.705,-253.717,255,8
1778396889758700,116551619,3555,217.653061,42,-332.524,-256.569,255,8
1778396889759252,116561577,3564,218.204071,41,-322.183,-253.570,255,8
1778396889759770,116571567,3572,218.693863,42,-327.809,-262.567,255,8
1778396889760304,116581521,3581,219.244904,42,-325.269,-265.707,255,8
1778396889776564,116591507,3589,219.734695,42,-322.985,-268.478,255,8
1778396889777043,116601461,3598,220.285706,42,-320.388,-271.572,255,8
1778396889785327,116611455,3606,220.775528,42,-318.055,-274.301,255,8
1778396889838262,116621410,3615,221.326538,42,-315.403,-277.347,255,8
1778396889838794,116631390,3623,221.816330,41,-305.567,-273.365,255,8
1778396889839310,116641347,3631,222.306122,41,-303.219,-275.968,255,8
1778396889839764,116651326,3640,222.857147,40,-293.221,-272.069,255,8
1778396889840222,116661280,3648,223.346939,41,-298.156,-281.430,255,8
1778396889854681,116671263,3657,223.897949,40,-288.230,-277.350,255,8
1778396889855280,116681224,3665,224.387741,39,-278.703,-272.809,255,8
1778396889900220,116691203,3673,224.877548,39,-276.360,-275.182,255,8
1778396889900783,116701163,3681,225.367355,40,-281.023,-284.650,255,8
1778396889901281,116711139,3690,225.918365,39,-271.316,-280.156,255,8
1778396889901904,116721089,3698,226.408157,39,-268.911,-282.465,255,8
1778396889916229,116731076,3706,226.897949,39,-266.487,-284.754,255,8
1778396889916814,116741044,3715,227.448990,39,-263.736,-287.303,255,8
1778396889924237,116751030,3723,227.938782,39,-261.270,-289.547,255,8
1778396889972981,116760991,3731,228.428574,39,-258.786,-291.770,255,8
1778396889973500,116770978,3739,228.918365,39,-256.282,-293.972,255,8
1778396889974041,116780932,3747,229.408157,39,-253.760,-296.152,255,8
1778396889974495,116790913,3755,229.897949,38,-244.777,-290.661,255,8
1778396889974892,116800876,3764,230.448990,38,-241.971,-293.002,255,8
1778396890023336,116810860,3772,230.938782,38,-239.457,-295.060,255,8
1778396890023927,116820823,3780,231.428574,38,-236.926,-297.096,255,8
1778396890024503,116830808,3788,231.918365,39,-240.546,-306.982,255,8
1778396890025066,116840768,3797,232.469391,39,-237.582,-309.281,255,8
1778396890025527,116850754,3805,232.959183,39,-234.930,-311.301,255,8
1778396890040944,116860709,3813,233.448975,40,-238.215,-321.331,255,8
1778396890043063,116870699,3821,233.938766,39,-229.573,-315.271,255,8
1778396890082481,116880653,3829,234.428558,39,-226.870,-317.222,255,8
1778396890083059,116890638,3838,234.979599,39,-223.809,-319.390,255,8
1778396890083531,116900596,3846,235.469391,39,-221.070,-321.291,255,8
1778396890084053,116910582,3854,235.959183,39,-218.316,-323.169,255,8
1778396890098330,116920533,3863,236.510193,40,-220.715,-333.594,255,8
1778396890108858,116930519,3871,237.000015,39,-212.409,-327.082,255,8
1778396890115015,116940474,3879,237.489807,39,-209.605,-328.885,255,8
1778396890157621,116950449,3887,237.979599,39,-206.786,-330.665,255,8
1778396890158248,116960412,3896,238.530609,39,-203.597,-332.638,255,8
1778396890158631,116970400,3904,239.020401,39,-200.746,-334.367,255,8
1778396890159199,116980355,3912,239.510208,39,-197.880,-336.071,255,8
1778396890174005,116990338,3921,240.061218,39,-194.639,-337.958,255,8
1778396890174471,117000292,3929,240.551025,39,-191.743,-339.610,255,8
1778396890218170,117010285,3937,241.040817,39,-188.833,-341.236,255,8
1778396890218682,117020246,3945,241.530609,39,-185.909,-342.838,255,8
1778396890219232,117030234,3953,242.020416,39,-182.971,-344.415,255,8
1778396890219638,117040187,3962,242.571426,39,-179.651,-346.158,255,8
1778396890234646,117050165,3970,243.061218,39,-176.685,-347.682,255,8
1778396890235165,117060121,3978,243.551010,39,-173.706,-349.179,255,8
1778396890277083,117070107,3986,244.040802,39,-170.715,-350.651,255,8
1778396890277651,117080067,3995,244.591843,38,-163.044,-343.244,255,8
1778396890278072,117090048,4003,245.081635,38,-160.104,-344.625,255,8
1778396890278492,117100011,4011,245.571426,38,-157.152,-345.981,255,8
1778396890293499,117109994,4019,246.061218,38,-154.189,-347.312,255,8
1778396890294003,117119958,4028,246.612259,38,-150.842,-348.779,255,8
1778396890306056,117129940,4036,247.102051,38,-147.855,-350.056,255,8
1778396890350837,117139895,4044,247.591843,38,-144.857,-351.307,255,8
1778396890351837,117149874,4053,248.142853,37,-137.749,-343.403,255,8
1778396890352439,117159831,4061,248.632645,37,-134.808,-344.568,255,8
1778396890352867,117169807,4069,249.122452,37,-131.858,-345.707,255,8
1778396890353233,117179762,4077,249.612244,36,-125.414,-337.448,255,8
1778396890366490,117189743,4086,250.163269,36,-122.163,-338.639,255,8
1778396890404121,117199698,4094,250.653061,35,-115.951,-330.235,255,8
1778396890404546,117209674,4103,251.204086,35,-112.769,-331.335,255,8
1778396890404898,117219629,4111,251.693878,35,-109.933,-332.287,255,8
1778396890405270,117229611,4120,252.244888,36,-109.782,-342.853,255,8
1778396890454167,117239560,4128,252.734680,37,-109.815,-353.328,255,8
1778396890454570,117249539,4137,253.285721,37,-106.412,-354.368,255,8
1778396890454928,117259493,4145,253.775513,37,-103.379,-355.265,255,8
1778396890455244,117269479,4153,254.265305,37,-100.338,-356.135,255,8
1778396890455617,117279430,4162,254.816330,37,-96.908,-357.084,255,8
1778396890496733,117289408,4171,255.367355,36,-90.943,-348.324,255,8
1778396890497249,117299357,4179,255.857147,36,-87.963,-349.088,255,8
1778396890497718,117309340,4187,256.346924,36,-84.975,-349.827,255,8
1778396890498241,117319289,4196,256.897980,36,-81.607,-350.628,255,8
1778396890498943,117329279,4204,257.387756,35,-76.423,-341.555,255,8
1778396890572885,117339235,4213,257.938782,36,-75.224,-352.053,255,8
1778396890573532,117349223,4221,258.428558,36,-72.212,-352.683,255,8
1778396890574070,117359176,4230,258.979584,36,-68.817,-353.361,255,8
1778396890574452,117369160,4238,259.469391,36,-65.794,-353.937,255,8
1778396890574862,117379120,4247,260.020416,36,-62.387,-354.553,255,8
1778396890575251,117389109,4255,260.510193,36,-59.354,-355.073,255,8
1778396890575588,117399063,4263,261.000000,36,-56.316,-355.568,255,8
1778396890582098,117409049,4272,261.551025,36,-52.894,-356.093,255,8
1778396890594631,117419005,4280,262.040802,36,-49.848,-356.532,255,8
1778396890639615,117428984,4289,262.591858,35,-45.128,-347.078,255,8
1778396890640124,117438940,4297,263.081635,36,-43.364,-357.379,255,8
1778396890640593,117448922,4306,263.632660,35,-38.816,-347.841,255,8
1778396890641073,117458875,4314,264.122437,35,-35.841,-348.160,255,8
1778396890641550,117468849,4322,264.612244,36,-33.802,-358.410,255,8
1778396890657017,117478800,4331,265.163269,36,-30.354,-358.718,255,8
1778396890657697,117488776,4339,265.653076,36,-27.286,-358.964,255,8
1778396890701966,117498734,4347,266.142853,35,-23.544,-349.207,255,8
1778396890702452,117508717,4356,266.693878,35,-20.185,-349.417,255,8
1778396890702879,117518674,4364,267.183685,35,-17.197,-349.577,255,8
1778396890703253,117528656,4373,267.734680,35,-13.834,-349.726,255,8
1778396890718031,117538617,4381,268.224487,35,-10.844,-349.832,255,8
1778396890718576,117548603,4389,268.714264,35,-7.853,-349.912,255,8
1778396890773909,117558560,4398,269.265320,35,-4.488,-349.971,255,8
1778396890774548,117568550,4406,269.755096,35,-1.496,-349.997,255,8
1778396890774948,117578509,4414,270.244904,35,1.496,-349.997,255,8
1778396890775306,117588489,4423,270.795898,35,4.862,-349.966,255,8
1778396890775778,117598450,4431,271.285736,35,7.853,-349.912,255,8
1778396890776476,117608432,4439,271.775513,35,10.844,-349.832,255,8
1778396890825501,117618393,4448,272.326538,35,14.208,-349.711,255,8
1778396890826214,117628381,4456,272.816315,35,17.197,-349.577,255,8
1778396890826771,117638338,4465,273.367340,35,20.558,-349.396,255,8
1778396890827214,117648319,4473,273.857147,34,22.871,-339.230,255,8
1778396890827787,117658282,4481,274.346924,34,25.770,-339.022,255,8
1778396890842770,117668266,4489,274.836731,34,28.668,-338.789,255,8
1778396890882639,117678220,4498,275.387756,34,31.924,-338.498,255,8
1778396890883438,117688209,4506,275.877563,34,34.817,-338.213,255,8
1778396890883879,117698165,4514,276.367340,34,37.707,-337.903,255,8
1778396890884286,117708150,4523,276.918365,35,42.159,-347.452,255,8
1778396890885485,117718107,4531,277.408142,34,43.838,-337.162,255,8
1778396890932111,117728091,4539,277.897980,34,46.719,-336.775,255,8
1778396890932517,117738050,4547,278.387756,34,49.596,-336.363,255,8
1778396890933162,117748032,4556,278.938782,34,52.829,-335.871,255,8
1778396890933662,117757986,4564,279.428558,34,55.698,-335.407,255,8
1778396890935109,117767968,4572,279.918365,34,58.563,-334.918,255,8
1778396890949514,117777930,4581,280.469391,34,61.781,-334.340,255,8
1778396890956652,117787904,4589,280.959198,34,64.637,-333.799,255,8
1778396890967756,117797866,4597,281.448975,34,67.488,-333.235,255,8
1778396891006471,117807847,4605,281.938782,34,70.335,-332.646,255,8
1778396891006970,117817797,4614,282.489807,34,73.530,-331.954,255,8
1778396891007266,117827779,4622,282.979584,34,76.365,-331.313,255,8
1778396891007620,117837735,4630,283.469391,34,79.195,-330.648,255,8
1778396891019570,117847718,4639,284.020386,34,82.371,-329.871,255,8
1778396891053874,117857674,4647,284.510223,34,85.188,-329.155,255,8
1778396891054367,117867653,4655,285.000000,34,87.998,-328.415,255,8
1778396891054769,117877607,4663,285.489807,34,90.803,-327.651,255,8
1778396891055163,117887585,4672,286.040802,34,93.949,-326.762,255,8
1778396891070679,117897537,4680,286.530609,34,96.739,-325.947,255,8
1778396891105504,117907516,4688,287.020416,34,99.522,-325.108,255,8
1778396891105944,117917476,4697,287.571442,33,99.625,-314.603,255,8
1778396891106325,117927455,4705,288.061218,33,102.311,-313.740,255,8
1778396891106695,117937409,4713,288.551025,33,104.989,-312.853,255,8
1778396891120541,117947390,4721,289.040802,33,107.660,-311.945,255,8
1778396891156677,117957345,4729,289.530609,33,110.322,-311.013,255,8
1778396891157416,117967328,4738,290.081635,34,116.742,-319.329,255,8
1778396891158000,117977283,4746,290.571442,33,115.954,-308.957,255,8
1778396891158593,117987268,4754,291.061218,31,111.403,-289.291,255,8
1778396891172183,117997216,4762,291.551025,31,113.872,-288.328,255,8
1778396891172967,118007196,4770,292.040802,31,116.333,-287.344,255,8
1778396891212598,118017159,4779,292.591827,31,119.091,-286.212,255,8
1778396891212996,118027142,4787,293.081635,32,125.454,-294.383,255,8
1778396891213594,118037103,4795,293.571411,34,135.963,-311.631,255,8
1778396891214155,118047090,4803,294.061218,34,138.622,-310.458,255,8
1778396891228418,118057037,4811,294.551025,34,141.271,-309.261,255,8
1778396891237585,118067023,4819,295.040833,33,139.677,-298.982,255,8
1778396891244197,118076981,4828,295.591827,33,142.546,-297.625,255,8
1778396891255805,118086961,4836,296.081635,33,145.085,-296.396,255,8
1778396891294698,118096917,4844,296.571411,33,147.613,-295.145,255,8
1778396891295220,118106901,4852,297.061218,34,154.680,-302.777,255,8
1778396891295639,118116855,4860,297.551025,33,152.638,-292.578,255,8
1778396891296062,118126837,4869,298.102051,33,155.444,-291.096,255,8
1778396891345495,118136793,4877,298.591827,34,162.713,-298.537,255,8
1778396891346023,118146769,4885,299.081635,34,165.259,-297.136,255,8
1778396891346587,118156729,4893,299.571411,34,167.793,-295.712,255,8
1778396891347261,118166711,4901,300.061218,34,170.315,-294.267,255,8
1778396891347664,118176667,4909,300.551025,34,172.824,-292.800,255,8
1778396891362295,118186641,4917,301.040833,34,175.321,-291.312,255,8
1778396891362777,118196605,4925,301.530609,34,177.804,-289.803,255,8
1778396891402739,118206585,4933,302.020416,35,185.577,-296.751,255,8
1778396891403441,118216545,4942,302.571442,34,183.039,-286.525,255,8
1778396891403857,118226524,4950,303.061218,33,180.026,-276.569,255,8
1778396891404170,118236481,4958,303.551025,34,187.911,-283.354,255,8
1778396891419072,118246463,4966,304.040802,35,195.924,-290.024,255,8
1778396891420877,118256424,4974,304.530609,35,198.396,-288.338,255,8
1778396891437468,118266407,4982,305.020416,34,195.115,-278.442,255,8
1778396891479294,118276363,4990,305.510193,35,203.297,-284.904,255,8
1778396891479806,118286351,4999,306.061218,35,206.027,-282.936,255,8
1778396891480264,118296309,5007,306.551025,35,208.438,-281.164,255,8
1778396891480635,118306290,5015,307.040802,36,216.858,-287.354,255,8
1778396891480985,118316250,5023,307.530609,36,219.307,-285.490,255,8
1778396891496617,118326228,5031,308.020386,35,215.580,-275.727,255,8
1778396891536460,118336177,5039,308.510223,35,217.929,-273.874,255,8
1778396891536862,118346154,5047,309.000000,34,213.969,-264.230,255,8
1778396891537320,118356106,5055,309.489807,34,216.220,-262.391,255,8
1778396891537771,118366085,5063,309.979584,34,218.455,-260.533,255,8
1778396891539635,118376040,5071,310.469391,35,227.165,-266.263,255,8
1778396891554799,118386020,5079,310.959167,35,229.432,-264.312,255,8
1778396891594548,118395971,5088,311.510223,35,231.964,-262.093,255,8
1778396891595066,118405950,5096,312.000000,35,234.196,-260.101,255,8
1778396891595466,118415906,5104,312.489807,36,243.165,-265.463,255,8
1778396891595885,118425883,5112,312.979584,36,245.426,-263.375,255,8
1778396891609905,118435840,5120,313.469391,36,247.668,-261.267,255,8
1778396891610321,118445817,5128,313.959167,36,249.892,-259.140,255,8
1778396891622479,118455774,5137,314.510193,36,252.373,-256.725,255,8
1778396891662186,118465753,5145,315.000000,36,254.558,-254.558,255,8
1778396891662754,118475706,5153,315.489807,37,263.857,-259.383,255,8
1778396891663299,118485685,5161,315.979584,37,266.064,-257.118,255,8
1778396891663942,118495640,5169,316.469391,37,268.252,-254.835,255,8
1778396891678606,118505622,5178,317.020416,37,270.691,-252.243,255,8
1778396891679120,118515581,5186,317.510193,36,265.463,-243.165,255,8
1778396891718117,118525553,5194,318.000000,36,267.532,-240.887,255,8
1778396891718534,118535512,5203,318.551025,36,269.836,-238.303,255,8
1778396891718928,118545496,5211,319.040833,36,271.864,-235.988,255,8
1778396891719333,118555442,5219,319.530609,36,273.871,-233.655,255,8
1778396891731947,118565416,5227,320.020416,36,275.858,-231.305,255,8
1778396891769255,118575369,5235,320.510193,36,277.826,-228.939,255,8
1778396891769736,118585346,5244,321.061249,36,280.015,-226.256,255,8
1778396891770066,118595296,5252,321.551025,36,281.938,-223.854,255,8
1778396891770418,118605272,5260,322.040833,37,291.726,-227.587,255,8
1778396891783554,118615223,5269,322.591827,37,293.901,-224.771,255,8
1778396891821787,118625195,5277,323.081635,37,295.812,-222.250,255,8
1778396891822219,118635140,5285,323.571442,36,289.655,-213.775,255,8
1778396891822634,118645117,5293,324.061218,35,283.376,-205.422,255,8
1778396891823034,118655065,5302,324.612244,36,293.491,-208.479,255,8
1778396891836295,118665038,5310,325.102051,37,303.464,-211.683,255,8
1778396891837031,118674988,5319,325.653076,38,313.742,-214.397,255,8
1778396891853777,118684962,5327,326.142853,38,315.563,-211.707,255,8
1778396891897622,118694909,5335,326.632660,38,317.361,-209.002,255,8
1778396891898056,118704883,5344,327.183655,39,327.761,-211.360,255,8
1778396891898438,118714830,5352,327.673462,39,329.556,-208.550,255,8
1778396891898792,118724798,5360,328.163269,39,331.326,-205.725,255,8
1778396891899266,118734743,5369,328.714294,39,333.289,-202.529,255,8
1778396891911623,118744713,5377,329.204071,39,335.009,-199.673,255,8
1778396891947505,118754666,5386,329.755096,39,336.913,-196.442,255,8
1778396891948345,118764644,5394,330.244904,39,338.580,-193.555,255,8
1778396891948878,118774595,5403,330.795929,39,340.426,-190.289,255,8
1778396891949248,118784571,5411,331.285706,39,342.040,-187.373,255,8
1778396891962130,118794530,5419,331.775513,39,343.630,-184.442,255,8
1778396891997568,118804507,5428,332.326538,39,345.387,-181.128,255,8
1778396891998019,118814464,5436,332.816315,39,346.923,-178.169,255,8
1778396891998392,118824441,5445,333.367340,39,348.621,-174.825,255,8
1778396891998743,118834388,5453,333.857147,39,350.102,-171.838,255,8
1778396892011657,118844369,5462,334.408173,39,351.739,-168.463,255,8
1778396892047690,118854318,5470,334.897949,39,353.166,-165.450,255,8
1778396892048275,118864303,5478,335.387756,38,345.476,-158.261,255,8
1778396892048899,118874257,5487,335.938782,37,337.851,-150.854,255,8
1778396892049369,118884231,5495,336.428589,37,339.128,-147.960,255,8
1778396892062770,118894182,5504,336.979584,37,340.535,-144.692,255,8
1778396892103760,118904166,5512,337.469391,37,341.760,-141.775,255,8
1778396892104279,118914121,5521,338.020416,38,352.381,-142.225,255,8
1778396892104730,118924092,5529,338.510193,38,353.583,-139.208,255,8
1778396892105242,118934048,5538,339.061218,38,354.906,-135.801,255,8
1778396892105668,118944016,5546,339.551025,38,356.054,-132.762,255,8
1778396892119147,118953978,5555,340.102051,38,357.314,-129.331,255,8
1778396892129118,118963948,5563,340.591827,37,348.975,-122.949,255,8
1778396892135198,118973901,5572,341.142853,38,359.604,-122.820,255,8
1778396892146672,118983880,5580,341.632660,39,370.132,-122.892,255,8
1778396892184386,118993833,5589,342.183685,39,371.297,-119.327,255,8
1778396892185022,119003811,5597,342.673462,39,372.303,-116.149,255,8
1778396892185447,119013765,5605,343.163269,39,373.282,-112.962,255,8
1778396892185894,119023741,5614,343.714294,39,374.351,-109.367,255,8
1778396892228921,119033694,5622,344.204071,39,375.273,-106.163,255,8
1778396892229306,119043676,5630,344.693878,38,366.521,-100.311,255,8
1778396892229698,119053624,5639,345.244904,39,377.139,-99.328,255,8
1778396892230098,119063604,5647,345.734711,39,377.974,-96.101,255,8
1778396892243183,119073551,5655,346.224487,39,378.782,-92.866,255,8
1778396892243673,119083530,5664,346.775513,38,369.923,-86.931,255,8
1778396892282378,119093481,5672,347.265289,38,370.652,-83.766,255,8
1778396892282800,119103459,5680,347.755096,38,371.355,-80.594,255,8
1778396892283239,119113406,5689,348.306122,38,372.113,-77.019,255,8
1778396892283631,119123383,5697,348.795929,38,372.758,-73.836,255,8
1778396892298098,119133330,5705,349.285706,38,373.375,-70.646,255,8
1778396892303506,119143303,5713,349.775513,38,373.966,-67.452,255,8
1778396892314800,119153251,5722,350.326538,38,374.597,-63.852,255,8
1778396892363281,119163229,5730,350.816345,38,375.129,-60.648,255,8
1778396892363686,119173184,5738,351.306122,38,375.634,-57.439,255,8
1778396892364088,119183158,5747,351.857147,38,376.169,-53.824,255,8
1778396892364467,119193109,5755,352.346924,38,376.615,-50.606,255,8
1778396892364873,119203087,5763,352.836731,38,377.034,-47.385,255,8
1778396892422094,119213037,5771,353.326538,38,377.425,-44.160,255,8
1778396892422535,119223019,5780,353.877533,38,377.833,-40.529,255,8
1778396892422966,119232971,5788,354.367340,38,378.165,-37.297,255,8
1778396892423316,119242952,5796,354.857147,38,378.470,-34.063,255,8
1778396892423646,119252905,5805,355.408173,38,378.780,-30.422,255,8
1778396892423967,119262889,5813,355.897949,38,379.027,-27.183,255,8
1778396892438094,119272835,5821,356.387756,38,379.245,-23.941,255,8
1778396892445310,119282822,5829,356.877533,38,379.436,-20.699,255,8
1778396892456770,119292767,5838,357.428589,38,379.617,-17.049,255,8
1778396892462667,119302745,5846,357.918365,38,379.749,-13.803,255,8
1778396892506427,119312694,5854,358.408173,38,379.853,-10.556,255,8
1778396892506943,119322666,5863,358.959167,38,379.937,-6.903,255,8
1778396892507366,119332618,5871,359.448975,38,379.982,-3.654,255,8
1778396892507769,119342597,5879,359.938782,38,380.000,-0.406,255,8
1778396892522405,119352546,7,0.428571,38,379.989,2.842,255,8
1778396892522925,119362529,16,0.979592,38,379.944,6.497,255,8
1778396892562497,119372477,24,1.469388,38,379.875,9.744,255,8
1778396892562987,119382459,32,1.959184,37,369.784,12.649,255,8
1778396892563506,119392418,41,2.510204,38,379.635,16.643,255,8
1778396892564195,119402399,49,3.000000,38,379.479,19.888,255,8
1778396892577720,119412352,57,3.489796,38,379.295,23.131,255,8
1778396892584616,119422329,65,3.979592,38,379.084,26.372,255,8
1778396892596884,119432277,74,4.530612,38,378.813,30.017,255,8
1778396892608603,119442262,82,5.020408,38,378.542,33.254,255,8
1778396892610070,119452208,90,5.510204,38,378.244,36.489,255,8
1778396892650927,119462189,99,6.061224,38,377.876,40.125,255,8
1778396892651538,119472141,107,6.551021,37,367.584,42.213,255,8
1778396892651887,119482123,115,7.040816,37,367.210,45.353,255,8
1778396892652274,119492075,123,7.530612,38,376.722,49.801,255,8
1778396892665904,119502055,132,8.081633,38,376.226,53.422,255,8
1778396892704348,119512006,140,8.571428,38,375.756,56.636,255,8
1778396892704960,119521988,148,9.061224,38,375.258,59.846,255,8
1778396892705387,119531939,156,9.551021,38,374.733,63.052,255,8
1778396892705869,119541917,165,10.102040,38,374.109,66.653,255,8
1778396892720110,119551868,173,10.591837,38,373.525,69.848,255,8
1778396892720525,119561846,179,10.959184,39,382.888,74.143,255,8
1778396892731682,119571799,182,11.142858,40,392.459,77.302,255,8
1778396892738965,119581777,184,11.265306,40,392.293,78.141,255,8
1778396892782745,119591730,184,11.265306,40,392.293,78.141,255,8
1778396892783127,119601709,184,11.265306,40,392.293,78.141,255,8
1778396892783515,119611662,184,11.265306,40,392.293,78.141,255,8
1778396892783992,119621643,184,11.265306,40,392.293,78.141,255,8
1778396892831762,119631595,184,11.265306,40,392.293,78.141,255,8
1778396892832199,119641576,184,11.265306,40,392.293,78.141,255,8
1778396892832699,119651535,184,11.265306,40,392.293,78.141,255,8
1778396892833160,119661517,183,11.204082,39,382.567,75.779,255,8
1778396892833531,119671474,181,11.081633,39,382.728,74.961,255,8
1778396892846699,119681454,179,10.959184,39,382.888,74.143,255,8
1778396892847903,119691408,178,10.897960,39,382.967,73.734,255,8
1778396892890688,119701388,175,10.714286,39,383.201,72.506,255,8
1778396892891186,119711339,173,10.591837,39,383.355,71.686,255,8
1778396892891654,119721315,170,10.408163,39,383.583,70.457,255,8
1778396892892048,119731262,167,10.224489,39,383.807,69.227,255,8
1778396892905158,119741237,165,10.102040,39,383.954,68.407,255,8
1778396892944017,119751190,162,9.918367,39,384.171,67.176,255,8
1778396892944424,119761167,159,9.734694,39,384.384,65.944,255,8
1778396892944921,119771119,156,9.551021,39,384.594,64.711,255,8
1778396892945308,119781104,153,9.367347,39,384.799,63.478,255,8
1778396892958211,119791056,150,9.183674,39,385.001,62.244,255,8
1778396892958675,119801038,146,8.938775,39,385.263,60.598,255,8
1778396892968862,119810986,143,8.755102,39,385.456,59.362,255,8
1778396893019735,119820966,139,8.510204,39,385.706,57.714,255,8
1778396893020349,119830911,136,8.326530,39,385.889,56.478,255,8
1778396893020957,119840890,132,8.081633,39,386.127,54.828,255,8
1778396893021543,119850839,128,7.836735,39,386.358,53.177,255,8
1778396893021908,119860815,125,7.653061,39,386.526,51.938,255,8
1778396893037076,119870768,121,7.408164,39,386.745,50.285,255,8
1778396893037510,119880749,117,7.163265,39,386.956,48.632,255,8
1778396893088296,119890705,113,6.918367,39,387.160,46.977,255,8
1778396893088756,119900684,109,6.673470,39,387.358,45.322,255,8
1778396893089188,119910633,105,6.428572,39,387.548,43.666,255,8
1778396893089600,119920608,101,6.183673,39,387.731,42.009,255,8
1778396893090054,119930558,96,5.877551,39,387.950,39.937,255,8
1778396893104732,119940536,92,5.632653,39,388.117,38.279,255,8
1778396893105611,119950484,88,5.387755,39,388.277,36.619,255,8
1778396893118937,119960464,83,5.081633,39,388.467,34.544,255,8
1778396893174073,119970414,79,4.836735,39,388.611,32.884,255,8
1778396893174740,119980398,75,4.591837,39,388.748,31.222,255,8
1778396893175392,119990346,70,4.285714,39,388.909,29.145,255,8
1778396893175977,120000323,66,4.040816,39,389.031,27.482,255,8
1778396893176471,120010274,61,3.734694,39,389.172,25.403,255,8
1778396893177108,120020251,56,3.428571,39,389.302,23.324,255,8
1778396893195220,120030202,52,3.183673,39,389.398,21.659,255,8
1778396893195857,120040185,47,2.877551,39,389.508,19.579,255,8
1778396893248385,120050137,42,2.571429,39,389.607,17.497,255,8
1778396893248991,120060122,37,2.265306,39,389.695,15.415,255,8
1778396893249506,120070072,32,1.959184,39,389.772,13.333,255,8
1778396893249934,120080052,27,1.653061,39,389.838,11.250,255,8
1778396893250327,120090007,23,1.408163,39,389.882,9.584,255,8
1778396893266057,120099989,18,1.102041,39,389.928,7.501,255,8
1778396893266525,120109941,13,0.795918,39,389.962,5.417,255,8
1778396893318969,120119919,8,0.489796,39,389.986,3.334,255,8
1778396893319517,120129872,2,0.122449,39,389.999,0.833,255,8
1778396893320041,120139852,5877,359.816315,39,389.998,-1.250,255,8
1778396893320580,120149808,5872,359.510193,39,389.986,-3.334,255,8
1778396893321095,120159788,5867,359.204102,39,389.962,-5.417,255,8
1778396893337561,120169737,5861,358.836731,39,389.920,-7.918,255,8
1778396893338126,120179717,5856,358.530609,39,389.872,-10.001,255,8
1778396893345091,120189665,5851,358.224487,39,389.813,-12.084,255,8
1778396893399633,120199644,5845,357.857147,39,389.727,-14.583,255,8
1778396893400250,120209598,5840,357.551025,39,389.644,-16.665,255,8
1778396893400791,120219581,5834,357.183685,39,389.529,-19.162,255,8
1778396893401285,120229536,5828,356.816315,40,399.383,-22.215,255,8
1778396893401801,120239511,5823,356.510223,40,399.258,-24.348,255,8
1778396893402957,120249461,5817,356.142853,40,399.094,-26.908,255,8
1778396893418388,120259440,5811,355.775513,40,398.913,-29.466,255,8
1778396893464513,120269389,5805,355.408173,40,398.716,-32.023,255,8
1778396893465090,120279361,5799,355.040802,40,398.503,-34.579,255,8
1778396893465598,120289310,5794,354.734680,40,398.312,-36.707,255,8
1778396893466053,120299286,5788,354.367340,40,398.069,-39.260,255,8
1778396893466459,120309240,5782,354.000000,40,397.809,-41.811,255,8
1778396893483157,120319222,5776,353.632660,40,397.533,-44.361,255,8
1778396893483702,120329173,5769,353.204071,40,397.190,-47.333,255,8
1778396893497052,120339163,5764,352.897949,40,396.931,-49.455,255,8
1778396893502967,120349120,5757,352.469391,40,396.550,-52.422,255,8
1778396893554294,120359103,5751,352.102020,40,396.206,-54.964,255,8
1778396893554912,120369063,5745,351.734711,40,395.845,-57.503,255,8
1778396893555385,120379046,5739,351.367340,40,395.468,-60.040,255,8
1778396893555868,120389000,5732,350.938782,40,395.008,-62.996,255,8
1778396893556270,120398988,5726,350.571442,40,394.596,-65.527,255,8
1778396893572255,120408945,5719,350.142853,40,394.095,-68.477,255,8
1778396893572758,120418931,5713,349.775513,40,393.648,-71.002,255,8
1778396893585552,120428890,5707,349.408173,40,393.185,-73.524,255,8
1778396893636700,120438881,5700,348.979584,40,392.624,-76.464,255,8
1778396893637185,120448834,5693,348.551025,40,392.041,-79.398,255,8
1778396893637708,120458819,5687,348.183655,40,391.524,-81.910,255,8
1778396893638156,120468780,5680,347.755096,40,390.900,-84.836,255,8
1778396893638596,120478760,5673,347.326538,40,390.255,-87.758,255,8
1778396893654630,120488719,5666,346.897980,40,389.587,-90.674,255,8
1778396893655195,120498697,5659,346.469391,40,388.898,-93.586,255,8
1778396893700012,120508660,5653,346.102051,40,388.290,-96.077,255,8
1778396893700712,120518638,5645,345.612244,40,387.455,-99.393,255,8
1778396893701218,120528591,5639,345.244904,40,386.809,-101.875,255,8
1778396893701652,120538570,5631,344.755096,40,385.924,-105.178,255,8
1778396893702015,120548525,5625,344.387756,40,385.242,-107.650,255,8
1778396893716148,120558506,5617,343.897980,40,384.308,-110.939,255,8
1778396893723785,120568453,5610,343.469391,40,383.467,-113.811,255,8
1778396893735447,120578429,5603,343.040833,40,382.605,-116.676,255,8
1778396893775311,120588387,5596,342.612244,40,381.722,-119.535,255,8
1778396893775863,120598370,5588,342.122467,40,380.686,-122.793,255,8
1778396893776302,120608326,5581,341.693878,40,379.757,-125.638,255,8
1778396893776723,120618302,5574,341.265320,40,378.806,-128.475,255,8
1778396893822776,120628256,5566,340.775513,40,377.694,-131.708,255,8
1778396893823278,120638239,5559,340.346954,40,376.699,-134.529,255,8
1778396893823732,120648193,5551,339.857147,40,375.535,-137.745,255,8
1778396893824099,120658178,5543,339.367340,40,374.344,-140.950,255,8
1778396893824533,120668134,5536,338.938782,40,373.279,-143.746,255,8
1778396893839155,120678113,5528,338.448975,40,372.036,-146.932,255,8
1778396893839679,120688066,5520,337.959198,40,370.767,-150.107,255,8
1778396893878113,120698048,5513,337.530609,40,369.634,-152.876,255,8
1778396893878545,120707999,5505,337.040802,40,368.313,-156.030,255,8
1778396893878937,120717981,5497,336.551025,40,366.966,-159.173,255,8
1778396893879263,120727943,5489,336.061218,40,365.592,-162.304,255,8
1778396893891604,120737928,5481,335.571442,39,355.086,-161.288,255,8
1778396893930457,120747872,5473,335.081635,39,353.695,-164.317,255,8
1778396893930923,120757861,5465,334.591827,38,343.244,-163.044,255,8
1778396893931254,120767818,5457,334.102051,38,341.838,-165.972,255,8
1778396893931551,120777795,5449,333.612244,38,340.407,-168.889,255,8
1778396893945355,120787752,5440,333.061218,39,347.682,-176.685,255,8
1778396893957431,120797728,5432,332.571442,40,355.034,-184.257,255,8
1778396893958033,120807681,5424,332.081635,41,362.282,-191.967,255,8
1778396894003143,120817659,5415,331.530609,40,351.629,-190.676,255,8
1778396894003537,120827608,5407,331.040802,40,349.986,-193.675,255,8
1778396894003889,120837588,5399,330.551025,40,348.318,-196.659,255,8
1778396894004201,120847539,5390,330.000000,40,346.410,-200.000,255,8
1778396894017906,120857523,5381,329.448975,40,344.471,-203.322,255,8
1778396894018347,120867474,5373,328.959167,40,342.720,-206.260,255,8
1778396894059437,120877458,5364,328.408173,40,340.721,-209.546,255,8
1778396894059939,120887414,5356,327.918365,40,338.917,-212.451,255,8
1778396894060465,120897391,5347,327.367340,40,336.858,-215.700,255,8
1778396894060773,120907345,5339,326.877563,40,335.002,-218.572,255,8
1778396894073010,120917330,5330,326.326538,39,324.562,-216.239,255,8
1778396894111996,120927281,5321,325.775513,39,322.468,-219.350,255,8
1778396894112621,120937267,5312,325.224487,39,320.343,-222.441,255,8
1778396894113135,120947219,5304,324.734711,39,318.430,-225.172,255,8
1778396894113551,120957205,5295,324.183655,39,316.250,-228.224,255,8
1778396894126748,120967154,5286,323.632660,39,314.040,-231.254,255,8
1778396894127172,120977134,5278,323.142853,39,312.052,-233.931,255,8
1778396894161813,120987083,5269,322.591827,39,309.788,-236.921,255,8
1778396894162347,120997058,5260,322.040833,39,307.495,-239.889,255,8
1778396894162964,121007009,5252,321.551025,39,305.433,-242.509,255,8
1778396894176640,121016992,5243,321.000000,39,303.087,-245.435,255,8
1778396894177065,121026944,5234,320.448975,39,300.713,-248.338,255,8
1778396894215216,121036921,5226,319.959198,39,298.579,-250.900,255,8
1778396894215641,121046877,5217,319.408142,39,296.152,-253.760,255,8
1778396894215999,121056860,5208,318.857147,39,293.698,-256.596,255,8
1778396894216351,121066808,5200,318.367340,39,291.494,-259.097,255,8
1778396894230684,121076789,5191,317.816315,39,288.988,-261.889,255,8
1778396894241679,121086741,5182,317.265320,39,286.457,-264.656,255,8
1778396894247617,121096720,5174,316.775513,38,276.897,-260.246,255,8
1778396894291862,121106667,5165,316.224487,39,281.602,-269.816,255,8
1778396894292364,121116648,5156,315.673462,38,271.840,-265.524,255,8
1778396894292709,121126599,5148,315.183685,38,269.561,-267.838,255,8
1778396894293121,121136576,5139,314.632629,38,266.972,-270.418,255,8
1778396894295078,121146524,5131,314.142853,38,264.651,-272.690,255,8
1778396894309213,121156502,5122,313.591827,38,262.016,-275.223,255,8
1778396894349291,121166456,5113,313.040802,38,259.357,-277.730,255,8
1778396894349856,121176435,5105,312.551025,38,256.974,-279.937,255,8
1778396894350485,121186386,5096,312.000000,38,254.270,-282.395,255,8
1778396894351085,121196372,5087,311.448975,38,251.542,-284.827,255,8
1778396894364809,121206319,5079,310.959167,38,249.098,-286.967,255,8
1778396894365301,121216294,5070,310.408173,38,246.327,-289.349,255,8
1778396894402959,121226246,5062,309.918365,38,243.844,-291.445,255,8
1778396894403344,121236226,5053,309.367340,37,234.687,-286.045,255,8
1778396894403736,121246180,5045,308.877533,37,232.233,-288.041,255,8
1778396894404087,121256154,5036,308.326538,37,229.453,-290.261,255,8
1778396894418334,121266104,5027,307.775513,37,226.651,-292.454,255,8
1778396894429225,121276080,5019,307.285706,37,224.142,-294.381,255,8
1778396894434865,121286028,5010,306.734711,37,221.301,-296.523,255,8
1778396894478641,121296008,5002,306.244904,37,218.758,-298.404,255,8
1778396894479071,121305955,4993,305.693878,37,215.878,-300.494,255,8
1778396894479419,121315927,4985,305.204071,37,213.301,-302.328,255,8
1778396894479773,121325878,4976,304.653076,37,210.384,-304.366,255,8
1778396894493178,121335858,4967,304.102020,37,207.447,-306.375,255,8
1778396894493596,121345806,4959,303.612244,37,204.821,-308.137,255,8
1778396894531779,121355781,4950,303.061218,37,201.848,-310.093,255,8
1778396894532302,121365732,4942,302.571442,37,199.190,-311.807,255,8
1778396894532715,121375709,4933,302.020416,37,196.182,-313.708,255,8
1778396894533107,121385655,4925,301.530609,36,188.263,-306.850,255,8
1778396894546869,121395627,4916,300.979614,36,185.304,-308.646,255,8
1778396894587958,121405574,4907,300.428558,36,182.327,-310.414,255,8
1778396894588566,121415551,4899,299.938782,37,184.658,-320.627,255,8
1778396894589027,121425499,4890,299.387756,36,176.658,-313.675,255,8
1778396894589363,121435477,4882,298.897980,36,173.971,-315.173,255,8
1778396894605553,121445416,4873,298.346924,36,170.931,-316.832,255,8
1778396894606061,121455391,4865,297.857147,36,168.217,-318.282,255,8
1778396894614121,121465351,4856,297.306122,36,165.148,-319.885,255,8
1778396894663633,121475324,4847,296.755096,36,162.064,-321.458,255,8
1778396894664114,121485282,4839,296.265320,36,159.310,-322.832,255,8
1778396894664505,121495261,4830,295.714294,35,151.859,-315.339,255,8
1778396894664984,121505211,4822,295.224487,35,149.158,-316.626,255,8
1778396894665442,121515191,4813,294.673462,35,146.106,-318.046,255,8
1778396894714779,121525143,4805,294.183685,36,147.479,-328.405,255,8
1778396894715396,121535118,4796,293.632629,36,144.313,-329.808,255,8
1778396894715793,121545071,4787,293.081635,35,137.215,-321.982,255,8
1778396894716150,121555054,4779,292.591827,36,138.299,-332.375,255,8
1778396894716543,121565003,4770,292.040802,36,135.096,-333.690,255,8
1778396894732324,121574985,4762,291.551025,36,132.239,-334.833,255,8
1778396894732701,121584937,4753,291.000000,36,129.012,-336.089,255,8
1778396894771904,121594917,4745,290.510223,35,122.631,-327.813,255,8
1778396894772492,121604871,4736,289.959167,35,119.473,-328.978,255,8
1778396894772863,121614848,4727,289.408173,35,116.303,-330.111,255,8
1778396894773283,121624793,4719,288.918365,35,113.477,-331.094,255,8
1778396894786626,121634769,4710,288.367340,35,110.288,-332.170,255,8
1778396894793389,121644716,4702,287.877533,35,107.444,-333.100,255,8
1778396894805653,121654694,4693,287.326538,35,104.236,-334.118,255,8
1778396894854515,121664640,4685,286.836731,35,101.376,-334.997,255,8
1778396894854965,121674613,4676,286.285706,34,95.345,-326.358,255,8
1778396894855372,121684557,4668,285.795929,35,95.274,-336.783,255,8
1778396894855788,121694527,4659,285.244904,35,92.031,-337.684,255,8
1778396894856172,121704476,4650,284.693878,35,88.779,-338.553,255,8
1778396894871485,121714450,4642,284.204071,36,88.335,-348.994,255,8
1778396894871904,121724404,4633,283.653076,35,82.615,-340.110,255,8
1778396894912638,121734375,4625,283.163269,35,79.704,-340.804,255,8
1778396894913235,121744327,4616,282.612244,35,76.423,-341.555,255,8
1778396894913811,121754303,4607,282.061218,35,73.135,-342.274,255,8
1778396894914302,121764245,4599,281.571442,35,70.206,-342.886,255,8
1778396894929003,121774215,4590,281.020416,35,66.906,-343.546,255,8
1778396894929444,121784168,4582,280.530609,35,63.966,-344.105,255,8
1778396894973219,121794141,4573,279.979584,35,60.654,-344.704,255,8
1778396894973710,121804096,4564,279.428558,35,57.336,-345.272,255,8
1778396894974175,121814074,4556,278.938782,35,54.383,-345.749,255,8
1778396894974551,121824025,4547,278.387756,34,49.596,-336.363,255,8
1778396894990862,121834003,4539,277.897980,35,48.093,-346.680,255,8
1778396894991314,121843955,4530,277.346924,35,44.757,-347.127,255,8
1778396895040938,121853936,4521,276.795929,34,40.233,-337.611,255,8
1778396895041369,121863893,4513,276.306122,35,38.444,-347.882,255,8
1778396895041871,121873873,4504,275.755096,35,35.097,-348.236,255,8
1778396895042351,121883816,4496,275.265320,35,32.119,-348.523,255,8
1778396895042768,121893796,4487,274.714294,35,28.766,-348.816,255,8
1778396895056335,121903743,4478,274.163269,35,25.410,-349.076,255,8
1778396895058203,121913719,4470,273.673462,35,22.425,-349.281,255,8
1778396895120379,121923673,4461,273.122467,35,19.065,-349.480,255,8
1778396895120931,121933651,4452,272.571411,35,15.703,-349.648,255,8
1778396895121432,121943598,4444,272.081635,35,12.713,-349.769,255,8
1778396895121933,121953578,4435,271.530609,35,9.349,-349.875,255,8
1778396895122554,121963519,4426,270.979584,35,5.984,-349.949,255,8
1778396895123108,121973501,4418,270.489807,35,2.992,-349.987,255,8
1778396895140746,121983452,4409,269.938782,35,-0.374,-350.000,255,8
1778396895141248,121993424,4400,269.387756,35,-3.740,-349.980,255,8
1778396895199957,122003378,4392,268.897949,35,-6.732,-349.935,255,8
1778396895200513,122013359,4383,268.346954,35,-10.096,-349.854,255,8
1778396895201005,122023308,4374,267.795898,35,-13.461,-349.741,255,8
1778396895201497,122033287,4366,267.306122,35,-16.450,-349.613,255,8
1778396895202005,122043239,4357,266.755096,35,-19.811,-349.439,255,8
1778396895202566,122053212,4348,266.204071,35,-23.171,-349.232,255,8
1778396895220477,122063162,4340,265.714294,36,-26.903,-358.993,255,8
1778396895221049,122073133,4331,265.163269,36,-30.354,-358.718,255,8
1778396895277924,122083087,4323,264.673462,35,-32.491,-348.489,255,8
1778396895278506,122093062,4314,264.122437,35,-35.841,-348.160,255,8
1778396895278977,122103016,4305,263.571442,35,-39.187,-347.799,255,8
1778396895279413,122112995,4297,263.081635,35,-42.159,-347.452,255,8
1778396895279969,122122948,4288,262.530609,36,-46.799,-356.945,255,8
1778396895280394,122132923,4279,261.979584,36,-50.229,-356.479,255,8
1778396895295669,122142874,4271,261.489807,35,-51.795,-346.146,255,8
1778396895296194,122152854,4262,260.938782,35,-55.121,-345.632,255,8
1778396895365787,122162800,4253,260.387756,36,-60.113,-354.946,255,8
1778396895366363,122172777,4245,259.897949,36,-63.145,-354.419,255,8
1778396895366899,122182725,4236,259.346924,36,-66.550,-353.795,255,8
1778396895367418,122192700,4227,258.795929,35,-68.006,-343.329,255,8
1778396895367895,122202648,4219,258.306122,36,-72.966,-352.528,255,8
1778396895368396,122212630,4210,257.755096,35,-74.232,-342.037,255,8
1778396895368897,122222579,4202,257.265289,35,-77.153,-341.390,255,8
1778396895385847,122232558,4193,256.714294,35,-80.432,-340.633,255,8
1778396895386336,122242510,4185,256.224487,36,-85.723,-349.645,255,8
1778396895438800,122252490,4176,255.673462,35,-86.607,-339.115,255,8
1778396895439363,122262441,4167,255.122452,35,-89.864,-338.267,255,8
1778396895439938,122272418,4159,254.632660,35,-92.752,-337.486,255,8
1778396895440517,122282364,4150,254.081619,35,-95.994,-336.579,255,8
1778396895440982,122292344,4142,253.591827,35,-98.867,-335.746,255,8
1778396895455306,122302289,4133,253.040817,36,-105.009,-344.345,255,8
1778396895455826,122312268,4125,252.551025,36,-107.948,-343.434,255,8
1778396895465125,122322217,4116,252.000000,36,-111.246,-342.380,255,8
1778396895516929,122332194,4108,251.510208,36,-114.169,-341.417,255,8
1778396895517444,122342140,4099,250.959198,36,-117.447,-340.303,255,8
1778396895517908,122352120,4091,250.469376,37,-123.695,-348.711,255,8
1778396895518356,122362073,4082,249.918365,37,-127.043,-347.506,255,8
1778396895518834,122372052,4074,249.428574,36,-126.495,-337.045,255,8
1778396895534309,122382002,4065,248.877563,36,-129.730,-335.812,255,8
1778396895534796,122391973,4057,248.387741,35,-128.913,-325.394,255,8
1778396895582668,122401924,4048,247.836731,34,-128.264,-314.878,255,8
1778396895583126,122411890,4040,247.346939,35,-134.803,-322.999,255,8
1778396895583578,122421846,4031,246.795914,35,-137.903,-321.688,255,8
1778396895584045,122431818,4023,246.306122,36,-144.666,-329.654,255,8
1778396895584567,122441764,4014,245.755112,36,-147.830,-328.248,255,8
1778396895600109,122451733,4006,245.265320,37,-154.814,-336.054,255,8
1778396895644002,122461680,3997,244.714279,37,-158.039,-334.550,255,8
1778396895644714,122471654,3989,244.224487,37,-160.893,-333.187,255,8
1778396895645271,122481604,3980,243.673477,38,-168.525,-340.587,255,8
1778396895645740,122491573,3972,243.183685,38,-171.430,-339.134,255,8
1778396895646178,122501526,3964,242.693863,38,-174.323,-337.656,255,8
1778396895660692,122511506,3955,242.142853,38,-177.562,-335.964,255,8
1778396895662779,122521450,3947,241.653061,38,-180.428,-334.434,255,8
1778396895708101,122531428,3938,241.102036,38,-183.635,-332.683,255,8
1778396895708617,122541371,3930,240.612244,38,-186.473,-331.101,255,8
1778396895709085,122551343,3921,240.061218,39,-194.639,-337.958,255,8
1778396895709501,122561292,3913,239.571426,38,-192.456,-327.659,255,8
1778396895723601,122571261,3905,239.081635,38,-195.250,-326.002,255,8
1778396895724144,122581215,3896,238.530609,39,-203.597,-332.638,255,8
1778396895767363,122591192,3888,238.040817,38,-201.140,-322.402,255,8
1778396895767887,122601142,3880,237.551025,38,-203.888,-320.670,255,8
1778396895768314,122611116,3871,237.000015,39,-212.409,-327.082,255,8
1778396895768648,122621062,3863,236.510193,39,-215.198,-325.254,255,8
1778396895782240,122631040,3854,235.959183,39,-218.316,-323.169,255,8
1778396895782656,122640992,3846,235.469391,39,-221.070,-321.291,255,8
1778396895798200,122650969,3837,234.918365,39,-224.150,-319.150,255,8
1778396895837666,122660918,3829,234.428558,39,-226.870,-317.222,255,8
1778396895838286,122670898,3821,233.938766,39,-229.573,-315.271,255,8
1778396895838713,122680849,3812,233.387756,39,-232.595,-313.049,255,8
1778396895839079,122690827,3804,232.897964,39,-235.262,-311.049,255,8
1778396895851722,122700779,3796,232.408157,39,-237.913,-309.027,255,8
1778396895852162,122710756,3787,231.857147,39,-240.873,-306.725,255,8
1778396895891390,122720703,3779,231.367355,39,-243.487,-304.654,255,8
1778396895891918,122730680,3771,230.877563,39,-246.082,-302.562,255,8
1778396895892278,122740634,3762,230.326523,39,-248.981,-300.181,255,8
1778396895892720,122750611,3754,229.836731,39,-251.537,-298.042,255,8
1778396895906139,122760559,3746,229.346939,39,-254.076,-295.881,255,8
1778396895948093,122770535,3737,228.795929,39,-256.910,-293.424,255,8
1778396895948795,122780494,3729,228.306107,40,-266.060,-298.684,255,8
1778396895949387,122790473,3721,227.816315,40,-268.604,-296.398,255,8
1778396895949844,122800421,3713,227.326523,40,-271.128,-294.091,255,8
1778396895950167,122810398,3704,226.775513,40,-273.943,-291.470,255,8
1778396895963651,122820348,3696,226.285721,40,-276.425,-289.118,255,8
1778396896003276,122830325,3687,225.734695,40,-279.193,-286.446,255,8
1778396896003729,122840276,3679,225.244904,40,-281.631,-284.049,255,8
1778396896004332,122850264,3671,224.755096,40,-284.049,-281.631,255,8
1778396896004810,122860211,3663,224.265305,40,-286.446,-279.193,255,8
1778396896018338,122870187,3654,223.714279,40,-289.118,-276.425,255,8
1778396896019576,122880134,3646,223.224487,40,-291.470,-273.943,255,8
1778396896036759,122890109,3638,222.734695,40,-293.802,-271.442,255,8
1778396896076510,122900063,3629,222.183685,40,-296.398,-268.604,255,8
1778396896076900,122910042,3621,221.693893,40,-298.684,-266.060,255,8
1778396896077287,122919986,3613,221.204071,41,-308.471,-270.085,255,8
1778396896077642,122929969,3605,220.714279,40,-303.189,-260.915,255,8
1778396896079030,122939921,3596,220.163269,40,-305.684,-257.987,255,8
1778396896094370,122949896,3588,219.673477,40,-307.878,-255.365,255,8
1778396896138973,122959848,3580,219.183685,41,-317.801,-259.042,255,8
1778396896139390,122969824,3571,218.632645,41,-320.278,-255.973,255,8
1778396896139856,122979767,3563,218.142853,41,-322.454,-253.226,255,8
1778396896140200,122989751,3555,217.653061,42,-332.524,-256.569,255,8
1778396896140601,122999701,3547,217.163269,42,-334.705,-253.717,255,8
1778396896153433,123009677,3538,216.612244,42,-337.130,-250.486,255,8
1778396896165104,123019626,3530,216.122452,43,-347.336,-253.491,255,8
1778396896212651,123029595,3522,215.632660,43,-349.491,-250.512,255,8
1778396896213136,123039552,3513,215.081635,43,-351.884,-247.139,255,8
1778396896213559,123049528,3505,214.591827,43,-353.983,-244.122,255,8
1778396896213967,123059479,3497,214.102036,43,-356.057,-241.087,255,8
1778396896214485,123069451,3489,213.612244,43,-358.105,-238.035,255,8
1778396896265595,123079400,3480,213.061234,44,-368.759,-240.035,255,8
1778396896266027,123089373,3472,212.571442,44,-370.797,-236.874,255,8
1778396896266427,123099321,3464,212.081619,44,-372.809,-233.696,255,8
1778396896266811,123109299,3455,211.530609,44,-375.039,-230.100,255,8
1778396896267178,123119251,3447,211.040817,44,-376.992,-226.885,255,8
1778396896267533,123129224,3439,210.551025,44,-378.918,-223.654,255,8
1778396896281136,123139175,3431,210.061234,44,-380.816,-220.407,255,8
1778396896288965,123149150,3422,209.510193,44,-382.918,-216.734,255,8
1778396896300485,123159095,3414,209.020401,44,-384.757,-213.453,255,8
1778396896308043,123169068,3406,208.530609,45,-395.353,-214.933,255,8
1778396896353478,123179017,3397,207.979584,45,-397.402,-211.121,255,8
1778396896353942,123188990,3389,207.489792,45,-399.192,-207.716,255,8
1778396896354311,123198936,3381,207.000000,44,-392.043,-199.756,255,8
1778396896354651,123208906,3372,206.448990,44,-393.946,-195.976,255,8
1778396896408191,123218853,3363,205.897949,44,-395.812,-192.179,255,8
1778396896408697,123228827,3355,205.408157,44,-397.441,-188.788,255,8
1778396896409078,123238773,3347,204.918365,44,-399.040,-185.384,255,8
1778396896409537,123248751,3338,204.367355,44,-400.804,-181.538,255,8
1778396896409986,123258704,3330,203.877563,44,-402.342,-178.105,255,8
1778396896410510,123268685,3321,203.326523,45,-413.218,-178.187,255,8
1778396896425857,123278633,3313,202.836731,45,-414.727,-174.648,255,8
1778396896426419,123288610,3304,202.285721,45,-416.387,-170.652,255,8
1778396896435818,123298565,3296,201.795914,45,-417.831,-167.086,255,8
1778396896447573,123308544,3287,201.244904,44,-410.098,-159.436,255,8
1778396896488111,123318498,3279,200.755112,44,-411.446,-155.925,255,8
1778396896488525,123328469,3270,200.204071,44,-412.926,-151.961,255,8
1778396896489048,123338426,3262,199.714279,44,-414.210,-148.425,255,8
1778396896489559,123348402,3253,199.163269,44,-415.618,-144.435,255,8
1778396896504012,123358352,3245,198.673477,44,-416.838,-140.877,255,8
1778396896505238,123368324,3236,198.122437,44,-418.173,-136.861,255,8
1778396896546467,123378277,3228,197.632645,44,-419.328,-133.282,255,8
1778396896547024,123388250,3219,197.081635,44,-420.590,-129.243,255,8
1778396896547394,123398198,3211,196.591843,44,-421.680,-125.643,255,8
1778396896547774,123408174,3203,196.102036,44,-422.738,-122.033,255,8
1778396896561511,123418123,3194,195.551025,44,-423.893,-117.962,255,8
1778396896603555,123428100,3186,195.061218,44,-424.885,-114.334,255,8
1778396896604049,123438053,3177,194.510208,44,-425.965,-110.243,255,8
1778396896604713,123448029,3169,194.020401,44,-426.892,-106.598,255,8
1778396896605390,123457982,3160,193.469391,44,-427.898,-102.487,255,8
1778396896605946,123467960,3152,192.979599,44,-428.758,-98.826,255,8
1778396896621208,123477916,3143,192.428558,44,-429.689,-94.698,255,8
1778396896631986,123487892,3135,191.938766,44,-430.482,-91.021,255,8
1778396896637820,123497848,3126,191.387756,44,-431.338,-86.877,255,8
1778396896688142,123507829,3118,190.897964,44,-432.065,-83.187,255,8
1778396896688582,123517781,3109,190.346939,44,-432.845,-79.028,255,8
1778396896688991,123527758,3101,189.857147,44,-433.505,-75.325,255,8
1778396896689416,123537707,3093,189.367340,44,-434.133,-71.616,255,8
1778396896689809,123547688,3084,188.816330,44,-434.801,-67.438,255,8
1778396896703162,123557641,3076,188.326523,44,-435.362,-63.718,255,8
1778396896703582,123567614,3067,187.775513,44,-435.955,-59.529,255,8
1778396896715220,123577565,3059,187.285721,44,-436.447,-55.800,255,8
1778396896727257,123587544,3050,186.734680,44,-436.964,-51.600,255,8
1778396896767039,123597494,3042,186.244888,44,-437.389,-47.862,255,8
1778396896767715,123607474,3033,185.693878,44,-437.829,-43.654,255,8
1778396896768353,123617427,3025,185.204086,44,-438.186,-39.910,255,8
1778396896768869,123627404,3017,184.714294,44,-438.511,-36.162,255,8
1778396896782803,123637357,3008,184.163254,43,-428.865,-31.217,255,8
1778396896783520,123647333,3000,183.673462,44,-439.096,-28.191,255,8
1778396896823786,123657279,2991,183.122452,44,-439.347,-23.967,255,8
1778396896824283,123667260,2983,182.632660,44,-439.536,-20.210,255,8
1778396896824705,123677211,2975,182.142853,44,-439.692,-16.452,255,8
1778396896825115,123687190,2966,181.591843,44,-439.830,-12.223,255,8
1778396896874715,123697142,2958,181.102051,44,-439.919,-8.463,255,8
1778396896875308,123707116,2949,180.551010,44,-439.980,-4.231,255,8
1778396896875837,123717066,2941,180.061218,44,-440.000,-0.470,255,8
1778396896876276,123727040,2933,179.571426,44,-439.988,3.291,255,8
1778396896876712,123736995,2924,179.020401,44,-439.936,7.522,255,8
1778396896890651,123746978,2916,178.530609,44,-439.855,11.283,255,8
1778396896891779,123756929,2907,177.979584,44,-439.726,15.512,255,8
1778396896938327,123766904,2899,177.489792,44,-439.578,19.271,255,8
1778396896938924,123776860,2891,177.000000,44,-439.397,23.028,255,8
1778396896939505,123786842,2882,176.448975,44,-439.155,27.252,255,8
1778396896939955,123796796,2874,175.959183,44,-438.906,31.006,255,8
1778396896941303,123806773,2865,175.408173,44,-438.588,35.225,255,8
1778396896954669,123816728,2857,174.918365,44,-438.271,38.973,255,8
1778396896963031,123826711,2849,174.428574,43,-427.969,41.747,255,8
1778396897015521,123836670,2840,173.877548,43,-427.547,45.861,255,8
1778396897016097,123846654,2831,173.326538,43,-427.087,49.971,255,8
1778396897016512,123856609,2823,172.836731,44,-436.566,54.867,255,8
1778396897017026,123866593,2815,172.346939,44,-436.081,58.597,255,8
1778396897017420,123876542,2806,171.795914,44,-435.497,62.788,255,8
1778396897032107,123886526,2798,171.306122,44,-434.944,66.508,255,8
1778396897032646,123896480,2789,170.755096,43,-424.415,69.082,255,8
1778396897082051,123906459,2781,170.265305,44,-433.665,74.398,255,8
1778396897082463,123916407,2773,169.775513,44,-433.013,78.102,255,8
1778396897082852,123926385,2764,169.224487,44,-432.242,82.263,255,8
1778396897083220,123936337,2756,168.734695,44,-431.523,85.955,255,8
1778396897083553,123946314,2747,168.183685,44,-430.676,90.101,255,8
1778396897097780,123956267,2739,167.693878,44,-429.890,93.779,255,8
1778396897099882,123966247,2730,167.142853,43,-419.219,95.684,255,8
1778396897152221,123976199,2722,166.653061,43,-418.386,99.264,255,8
1778396897152666,123986177,2713,166.102036,42,-407.705,100.881,255,8
1778396897153031,123996126,2705,165.612244,44,-426.200,109.332,255,8
1778396897153394,124006110,2696,165.061218,44,-425.129,113.426,255,8
1778396897153805,124016064,2688,164.571426,43,-414.504,114.396,255,8
1778396897208364,124026043,2679,164.020401,43,-413.385,118.377,255,8
1778396897208854,124035998,2671,163.530609,42,-402.768,119.071,255,8
1778396897209261,124045978,2662,162.979599,42,-401.604,122.939,255,8
1778396897209687,124055931,2654,162.489792,42,-400.539,126.368,255,8
1778396897210128,124065912,2645,161.938782,41,-389.798,127.114,255,8
1778396897210542,124075866,2637,161.448990,41,-388.697,130.441,255,8
1778396897223779,124085844,2629,160.959183,41,-387.567,133.759,255,8
1778396897235999,124095795,2620,160.408157,41,-386.263,137.480,255,8
1778396897291214,124105774,2612,159.918365,41,-385.074,140.777,255,8
1778396897291675,124115724,2603,159.367340,41,-383.702,144.474,255,8
1778396897292069,124125699,2595,158.877548,40,-373.125,144.145,255,8
1778396897292461,124135648,2586,158.326523,40,-371.721,147.727,255,8
1778396897292876,124145623,2578,157.836731,40,-370.445,150.899,255,8
1778396897293312,124155575,2569,157.285706,40,-368.977,154.454,255,8
1778396897307325,124165551,2561,156.795914,40,-367.643,157.603,255,8
1778396897307973,124175514,2552,156.244904,40,-366.110,161.131,255,8
1778396897355879,124185498,2544,155.755112,40,-364.719,164.255,255,8
1778396897356359,124195454,2535,155.204086,40,-363.123,167.755,255,8
1778396897356789,124205439,2527,154.714294,40,-361.676,170.853,255,8
1778396897357155,124215397,2518,154.163269,40,-360.016,174.323,255,8
1778396897357567,124225379,2510,153.673462,39,-349.550,172.960,255,8
1778396897371131,124235332,2501,153.122452,39,-347.870,176.313,255,8
1778396897379132,124245315,2493,152.632645,39,-346.350,179.281,255,8
1778396897439181,124255268,2485,152.142853,39,-344.805,182.235,255,8
1778396897439737,124265246,2476,151.591827,39,-343.036,185.542,255,8
1778396897440229,124275203,2468,151.102036,39,-341.438,188.468,255,8
1778396897440655,124285184,2459,150.551025,39,-339.610,191.743,255,8
1778396897441102,124295138,2451,150.061218,39,-337.958,194.639,255,8
1778396897441514,124305115,2442,149.510208,39,-336.071,197.880,255,8
1778396897456633,124315067,2434,149.020416,39,-334.367,200.746,255,8
1778396897457093,124325048,2425,148.469391,39,-332.421,203.952,255,8
1778396897466586,124335003,2417,147.979599,38,-322.187,201.484,255,8
1778396897478892,124344980,2408,147.428574,38,-320.234,204.573,255,8
1778396897499375,124354931,2400,146.938782,38,-318.474,207.303,255,8
1778396897499792,124364910,2391,146.387756,38,-316.465,210.356,255,8
1778396897569456,124374855,2383,145.897949,38,-314.655,213.054,255,8
1778396897569879,124384831,2375,145.408157,37,-304.590,210.059,255,8
1778396897570295,124394778,2366,144.857147,38,-310.733,218.734,255,8
1778396897570667,124404758,2358,144.367340,37,-300.724,215.557,255,8
1778396897571057,124414710,2349,143.816330,37,-298.638,218.439,255,8
1778396897571430,124424686,2341,143.326538,37,-296.759,220.984,255,8
1778396897571771,124434632,2333,142.836746,37,-294.859,223.513,255,8
1778396897590976,124444613,2324,142.285721,37,-292.696,226.338,255,8
1778396897591453,124454567,2316,141.795929,37,-290.751,228.832,255,8
1778396897651669,124464540,2307,141.244904,37,-288.537,231.617,255,8
1778396897652272,124474496,2299,140.755096,36,-278.802,227.749,255,8
1778396897652772,124484475,2290,140.204086,36,-276.599,230.420,255,8
1778396897653228,124494425,2282,139.714279,37,-282.247,239.242,255,8
1778396897653648,124504407,2273,139.163254,36,-272.367,235.406,255,8
1778396897654028,124514361,2265,138.673462,36,-270.345,237.726,255,8
1778396897654875,124524342,2257,138.183670,36,-268.303,240.028,255,8
1778396897677094,124534290,2248,137.632660,35,-258.594,235.858,255,8
1778396897677636,124544277,2239,137.081635,35,-256.314,238.334,255,8
1778396897698470,124554227,2231,136.591843,33,-239.737,226.773,255,8
1778396897699056,124564210,2223,136.102051,30,-216.173,208.013,255,8
1778396897752998,124574163,2214,135.551025,30,-214.162,210.082,255,8
1778396897753459,124584140,2206,135.061234,31,-219.437,218.969,255,8
1778396897753915,124594097,2197,134.510208,31,-217.321,221.069,255,8
1778396897754320,124604073,2189,134.020401,30,-208.474,215.728,255,8
1778396897754676,124614027,2181,133.530609,30,-206.623,217.502,255,8
1778396897755040,124624007,2172,132.979584,30,-204.521,219.479,255,8
1778396897822963,124633964,2164,132.489792,30,-202.638,221.219,255,8
1778396897823702,124643948,2155,131.938766,30,-200.501,223.158,255,8
1778396897824232,124653903,2147,131.448975,31,-205.205,232.359,255,8
1778396897824643,124663883,2139,130.959183,30,-196.656,226.553,255,8
1778396897824996,124673834,2130,130.408173,29,-187.986,220.819,255,8
1778396897825301,124683810,2122,129.918365,29,-186.092,222.418,255,8
1778396897825646,124693757,2113,129.367355,29,-183.944,224.198,255,8
1778396897942316,124813342,2013,123.244896,28,-153.501,234.174,255,8
1778396898104262,124913023,1929,118.102043,29,-136.603,255.812,255,8
1778396898104757,124923001,1921,117.612244,30,-139.046,265.831,255,8
1778396898105228,124932960,1913,117.122444,30,-136.768,267.010,255,8
1778396898105730,124942947,1904,116.571434,31,-138.667,277.257,255,8
1778396898106186,124952908,1896,116.081627,31,-136.292,278.432,255,8
1778396898106662,124962886,1887,115.530617,31,-133.608,279.730,255,8
1778396898107138,124972839,1879,115.040817,31,-131.212,280.862,255,8
1778396898131198,124982820,1871,114.551018,31,-128.806,281.973,255,8
1778396898131661,124992773,1862,114.000000,31,-126.088,283.199,255,8
1778396898132018,125002751,1854,113.510208,31,-123.663,284.267,255,8
1778396898191231,125012701,1845,112.959183,31,-120.923,285.443,255,8
1778396898191765,125022677,1837,112.469391,31,-118.479,286.466,255,8
1778396898192328,125032629,1829,111.979584,31,-116.026,287.468,255,8
1778396898192902,125042604,1820,111.428574,31,-113.256,288.571,255,8
1778396898193418,125052555,1812,110.938774,31,-110.785,289.528,255,8
1778396898193862,125062528,1803,110.387764,31,-107.995,290.580,255,8
1778396898216140,125072477,1795,109.897957,31,-105.507,291.493,255,8
1778396898216595,125082455,1787,109.408165,31,-103.012,292.384,255,8
1778396898224128,125092400,1779,108.918373,32,-103.751,302.714,255,8
1778396898282161,125102378,1770,108.367348,32,-100.835,303.698,255,8
1778396898282608,125112329,1762,107.877556,32,-98.235,304.549,255,8
1778396898282926,125122306,1753,107.326530,32,-95.301,305.479,255,8
1778396898283325,125132256,1745,106.836731,32,-92.687,306.283,255,8
1778396898283642,125142227,1737,106.346939,32,-90.065,307.064,255,8
1778396898283998,125152179,1728,105.795914,32,-87.108,307.916,255,8
1778396898305209,125162154,1720,105.306122,32,-84.472,308.649,255,8
1778396898305731,125172108,1711,104.755096,33,-84.047,319.118,255,8
1778396898318701,125182081,1703,104.265305,33,-81.316,319.824,255,8
1778396898319147,125192036,1695,103.775513,32,-76.198,310.796,255,8
1778396898368895,125202014,1686,103.224495,32,-73.205,311.514,255,8
1778396898369389,125211964,1678,102.734688,33,-72.744,321.882,255,8
1778396898369865,125221942,1670,102.244896,33,-69.990,322.493,255,8
1778396898370379,125231881,1661,101.693871,33,-66.885,323.151,255,8
1778396898370827,125241855,1653,101.204079,33,-64.120,323.711,255,8
1778396898389288,125251807,1645,100.714287,33,-61.351,324.247,255,8
1778396898390004,125261794,1636,100.163269,33,-58.230,324.822,255,8
1778396898437932,125271749,1628,99.673470,33,-55.451,325.308,255,8
1778396898438525,125281730,1619,99.122452,32,-50.734,315.953,255,8
1778396898439134,125291680,1611,98.632660,32,-48.032,316.375,255,8
1778396898439577,125301654,1603,98.142853,32,-45.325,316.774,255,8
1778396898439952,125311605,1594,97.591835,33,-43.598,327.107,255,8
1778396898460606,125321580,1586,97.102036,32,-39.564,317.545,255,8
1778396898461076,125331533,1578,96.612244,33,-37.999,327.805,255,8
1778396898511607,125341511,1569,96.061226,32,-33.789,318.211,255,8
1778396898512100,125351459,1561,95.571434,32,-31.068,318.488,255,8
1778396898512585,125361440,1553,95.081627,32,-28.344,318.742,255,8
1778396898513177,125371392,1544,94.530617,33,-26.067,328.969,255,8
1778396898513735,125381366,1536,94.040810,33,-23.254,329.180,255,8
1778396898537953,125391318,1528,93.551018,33,-20.439,329.366,255,8
1778396898538470,125401294,1519,93.000000,33,-17.271,329.548,255,8
1778396898538979,125411237,1511,92.510208,33,-14.453,329.683,255,8
1778396898592678,125421213,1503,92.020409,33,-11.634,329.795,255,8
1778396898593152,125431167,1494,91.469391,33,-8.462,329.891,255,8
1778396898593576,125441144,1486,90.979599,33,-5.642,329.952,255,8
1778396898594024,125451103,1478,90.489792,33,-2.821,329.988,255,8
1778396898594408,125461079,1469,89.938774,33,0.353,330.000,255,8
1778396898615819,125471026,1461,89.448975,33,3.174,329.985,255,8
1778396898616307,125481007,1453,88.959183,33,5.994,329.946,255,8
1778396898616689,125490962,1444,88.408165,33,9.167,329.873,255,8
1778396898669306,125500945,1436,87.918373,33,11.987,329.782,255,8
1778396898669908,125510891,1427,87.367348,33,15.158,329.652,255,8
1778396898670358,125520867,1419,86.877548,33,17.975,329.510,255,8
1778396898670875,125530829,1411,86.387756,33,20.791,329.344,255,8
1778396898671389,125540809,1402,85.836731,33,23.958,329.129,255,8
1778396898691927,125550759,1394,85.346939,33,26.770,328.912,255,8
1778396898692360,125560742,1385,84.795921,33,29.932,328.640,255,8
1778396898698537,125570697,1377,84.306122,33,32.740,328.372,255,8
1778396898710478,125580675,1369,83.816330,33,35.546,328.080,255,8
1778396898754915,125590628,1360,83.265305,33,38.700,327.723,255,8
1778396898755495,125600603,1352,82.775505,33,41.500,327.380,255,8
1778396898755982,125610556,1343,82.224487,33,44.646,326.966,255,8
1778396898756451,125620541,1335,81.734695,33,47.440,326.572,255,8
1778396898757002,125630489,1327,81.244896,33,50.230,326.155,255,8
1778396898782699,125640464,1318,80.693878,34,54.981,335.525,255,8
1778396898783176,125650416,1310,80.204079,34,57.847,335.043,255,8
1778396898784771,125660391,1302,79.714287,34,60.709,334.536,255,8
1778396898798769,125670334,1293,79.163261,34,63.924,333.937,255,8
1778396898850941,125680307,1285,78.673470,33,64.812,323.573,255,8
1778396898851509,125690258,1277,78.183670,33,67.576,323.007,255,8
1778396898852059,125700237,1269,77.693878,33,70.334,322.418,255,8
1778396898852596,125710189,1260,77.142860,33,73.432,321.726,255,8
1778396898853106,125720168,1252,76.653061,33,76.179,321.087,255,8
1778396898854128,125730122,1243,76.102043,33,79.264,320.339,255,8
1778396898875939,125740097,1235,75.612244,33,81.999,319.650,255,8
1778396898876963,125750049,1227,75.122444,34,87.296,328.602,255,8
1778396898884364,125760027,1219,74.632652,33,87.452,318.201,255,8
1778396898945248,125769982,1210,74.081635,33,90.508,317.346,255,8
1778396898945819,125779945,1202,73.591835,33,93.218,316.560,255,8
1778396898946347,125789898,1193,73.040817,34,99.175,325.214,255,8
1778396898946788,125799878,1185,72.551018,34,101.951,324.355,255,8
1778396898947205,125809828,1177,72.061226,34,104.720,323.471,255,8
1778396898947687,125819807,1169,71.571426,34,107.482,322.564,255,8
1778396898969763,125829752,1160,71.020409,34,110.579,321.516,255,8
1778396898970246,125839732,1152,70.530609,33,109.990,311.130,255,8
1778396898978426,125849684,1144,70.040817,34,116.059,319.578,255,8
1778396899037383,125859660,1135,69.489799,34,119.127,318.447,255,8
1778396899037913,125869613,1127,69.000000,34,121.845,317.417,255,8
1778396899038468,125879595,1119,68.510208,34,124.554,316.364,255,8
1778396899038981,125888539,1110,67.959183,34,127.591,315.152,255,8
1778396899039511,125899517,1102,67.469383,34,130.280,314.049,255,8
1778396899039986,125909464,1094,66.979591,34,132.960,312.924,255,8
1778396899061555,125919440,1085,66.428574,34,135.963,311.631,255,8
1778396899062071,125929392,1077,65.938774,34,138.622,310.458,255,8
1778396899062631,125939362,1069,65.448982,34,141.271,309.261,255,8
1778396899114178,125949319,1061,64.959183,34,143.910,308.042,255,8
1778396899114667,125959286,1052,64.408165,34,146.865,306.644,255,8
1778396899115040,125969244,1044,63.918365,34,149.481,305.377,255,8
1778396899115416,125979215,1035,63.367348,35,156.894,312.865,255,8
1778396899115767,125989162,1027,62.877552,35,159.563,311.512,255,8
1778396899140052,125999130,1019,62.387753,34,157.585,301.276,255,8
1778396899140721,126009074,1011,61.897961,35,164.865,308.739,255,8
1778396899141521,126019053,1003,61.408161,35,167.498,307.318,255,8
1778396899203371,126028999,994,60.857143,35,170.446,305.693,255,8
1778396899203877,126038973,986,60.367348,35,173.053,304.225,255,8
1778396899204277,126048920,978,59.877552,36,180.666,311.384,255,8
1778396899204631,126058893,969,59.326530,36,183.652,309.632,255,8
1778396899204991,126068839,961,58.836735,36,186.292,308.051,255,8
1778396899205381,126078817,953,58.346939,36,188.919,306.447,255,8
1778396899213343,126088761,945,57.857143,36,191.532,304.821,255,8
1778396899225015,126098732,937,57.367348,36,194.130,303.172,255,8
1778396899273535,126108682,928,56.816326,37,202.510,309.661,255,8
1778396899273910,126118663,920,56.326530,36,199.605,299.596,255,8
1778396899274216,126128610,912,55.836735,36,202.159,297.879,255,8
1778396899274606,126138588,903,55.285713,37,210.709,304.141,255,8
1778396899274989,126148532,895,54.795921,37,213.301,302.328,255,8
1778396899330821,126158512,887,54.306122,37,215.878,300.494,255,8
1778396899331375,126168457,879,53.816326,37,218.439,298.638,255,8
1778396899331762,126178430,870,53.265308,37,221.301,296.523,255,8
1778396899332162,126188379,862,52.775509,37,223.828,294.620,255,8
1778396899332581,126198358,854,52.285717,37,226.338,292.696,255,8
1778396899332993,126208303,846,51.795918,37,228.832,290.751,255,8
1778396899349728,126218280,838,51.306122,37,231.309,288.784,255,8
1778396899350169,126228233,829,50.755104,38,240.402,294.291,255,8
1778396899404017,126238210,821,50.265305,38,242.909,292.225,255,8
1778396899404386,126248160,813,49.775513,38,245.398,290.138,255,8
1778396899404776,126258144,805,49.285713,38,247.869,288.029,255,8
1778396899405133,126268088,796,48.734692,38,250.628,285.632,255,8
1778396899405461,126278077,788,48.244900,38,253.060,283.479,255,8
1778396899462029,126288031,780,47.755100,38,255.474,281.306,255,8
1778396899462551,126298006,772,47.265308,38,257.870,279.111,255,8
1778396899462922,126307966,763,46.714287,38,260.542,276.619,255,8
1778396899463330,126317938,755,46.224487,39,269.816,281.602,255,8
1778396899463649,126327884,747,45.734695,39,272.213,279.285,255,8
1778396899463993,126337864,739,45.244896,39,274.590,276.948,255,8
1778396899480783,126347812,730,44.693878,39,277.241,274.294,255,8
1778396899481280,126357789,722,44.204082,39,279.576,271.914,255,8
1778396899488428,126367743,714,43.714287,39,281.890,269.514,255,8
1778396899499252,126377725,706,43.224491,38,276.897,260.246,255,8
1778396899542342,126387675,697,42.673470,38,279.387,257.571,255,8
1778396899543057,126397656,689,42.183674,38,281.578,255.174,255,8
1778396899543425,126407607,681,41.693878,38,283.750,252.757,255,8
1778396899543851,126417588,673,41.204082,38,285.900,250.322,255,8
1778396899597374,126427542,665,40.714287,38,288.029,247.869,255,8
1778396899597892,126437521,657,40.224491,39,297.773,251.856,255,8
1778396899598272,126447469,648,39.673470,39,300.181,248.980,255,8
1778396899598625,126457446,640,39.183674,40,310.050,252.723,255,8
1778396899598986,126467395,632,38.693878,40,312.199,250.064,255,8
1778396899599299,126477372,624,38.204082,40,314.325,247.386,255,8
1778396899614186,126487313,615,37.653061,40,316.690,244.351,255,8
1778396899626538,126497286,607,37.163265,40,318.767,241.635,255,8
1778396899627151,126507244,599,36.673470,40,320.821,238.902,255,8
1778396899638425,126517220,591,36.183674,40,322.851,236.150,255,8
1778396899691957,126527174,583,35.693878,40,324.858,233.382,255,8
1778396899692431,126537146,574,35.142857,40,327.088,230.247,255,8
1778396899692789,126547088,566,34.653061,40,329.044,227.442,255,8
1778396899693288,126557062,558,34.163265,40,330.976,224.621,255,8
1778396899693679,126567016,550,33.673470,40,332.884,221.784,255,8
1778396899708169,126576990,541,33.122448,40,335.002,218.572,255,8
1778396899708579,126586934,533,32.632652,40,336.858,215.700,255,8
1778396899751893,126596903,525,32.142857,40,338.690,212.813,255,8
1778396899752370,126606848,517,31.653063,40,340.497,209.910,255,8
1778396899752732,126616822,509,31.163263,39,333.722,201.817,255,8
1778396899753177,126626768,501,30.673470,39,335.435,198.956,255,8
1778396899768154,126636739,493,30.183674,39,337.123,196.082,255,8
1778396899768642,126646686,484,29.632654,39,338.993,192.831,255,8
1778396899775897,126656658,476,29.142859,39,340.629,189.926,255,8
1778396899787033,126666605,468,28.653059,39,342.240,187.007,255,8
1778396899825116,126676574,460,28.163265,39,343.826,184.074,255,8
1778396899825719,126686522,452,27.673470,39,345.387,181.128,255,8
1778396899826229,126696511,444,27.183674,39,346.923,178.169,255,8
1778396899826710,126706463,435,26.632654,39,348.621,174.825,255,8
1778396899843325,126716440,427,26.142859,39,350.102,171.838,255,8
1778396899845229,126726388,419,25.653061,39,351.558,168.839,255,8
1778396899885638,126736365,411,25.163265,39,352.989,165.828,255,8
1778396899886109,126746312,403,24.673470,39,354.394,162.804,255,8
1778396899886488,126756286,395,24.183674,39,355.772,159.769,255,8
1778396899886856,126766233,387,23.693878,39,357.125,156.721,255,8
1778396899902063,126776208,379,23.204082,39,358.452,153.663,255,8
1778396899915117,126786159,371,22.714287,39,359.752,150.593,255,8
1778396899915573,126796130,363,22.224491,39,361.027,147.512,255,8
1778396899965153,126806079,355,21.734694,39,362.274,144.421,255,8
1778396899965704,126816056,347,21.244898,39,363.496,141.318,255,8
1778396899966199,126826009,339,20.755102,38,355.339,134.662,255,8
1778396899966562,126835982,331,20.265305,38,356.478,131.620,255,8
1778396899966879,126845938,323,19.775511,38,357.590,128.568,255,8
1778396899981718,126855911,315,19.285715,38,358.676,125.506,255,8
1778396900021933,126865863,307,18.795919,38,359.735,122.435,255,8
1778396900022393,126875842,299,18.306122,38,360.769,119.356,255,8
1778396900022770,126885790,291,17.816326,38,361.776,116.267,255,8
1778396900023133,126895767,283,17.326530,39,372.303,116.149,255,8
1778396900023544,126905717,275,16.836735,39,373.282,112.962,255,8
1778396900040145,126915693,267,16.346939,38,364.639,106.952,255,8
1778396900054349,126925642,259,15.857143,39,375.159,106.564,255,8
1778396900054865,126935618,251,15.367347,39,376.056,103.353,255,8
1778396900104143,126945566,243,14.877551,39,376.926,100.134,255,8
1778396900104602,126955538,235,14.387755,39,377.768,96.908,255,8
1778396900105073,126965493,227,13.897959,38,368.876,91.274,255,8
1778396900105432,126975466,219,13.408163,38,369.642,88.117,255,8
1778396900105878,126985414,211,12.918367,38,370.382,84.954,255,8
1778396900159665,126995388,203,12.428572,38,371.095,81.784,255,8
1778396900160217,127005339,196,12.000001,38,371.696,79.006,255,8
1778396900160668,127015315,188,11.510203,38,372.358,75.826,255,8
1778396900160997,127025267,180,11.020409,38,372.992,72.640,255,8
1778396900161345,127035242,172,10.530612,38,373.600,69.449,255,8
1778396900162300,127045191,164,10.040816,38,374.180,66.253,255,8
1778396900179911,127055174,156,9.551021,38,374.733,63.052,255,8
1778396900182186,127065121,151,9.244898,39,384.934,62.655,255,8
1778396900223463,127075098,149,9.122449,40,394.941,63.418,255,8
1778396900223852,127085047,148,9.061224,40,395.008,62.996,255,8
1778396900224288,127095027,148,9.061224,40,395.008,62.996,255,8
1778396900224645,127104978,149,9.122449,40,394.941,63.418,255,8
1778396900241459,127114953,149,9.122449,40,394.941,63.418,255,8
1778396900241852,127124905,149,9.122449,40,394.941,63.418,255,8
1778396900253964,127134889,149,9.122449,40,394.941,63.418,255,8
1778396900295468,127144841,149,9.122449,40,394.941,63.418,255,8
1778396900295898,127154813,149,9.122449,40,394.941,63.418,255,8
1778396900296311,127164769,150,9.183674,40,394.873,63.840,255,8
1778396900296700,127174747,152,9.306123,39,384.867,63.067,255,8
1778396900350948,127184692,154,9.428572,40,394.596,65.527,255,8
1778396900351469,127194673,157,9.612246,40,394.384,66.792,255,8
1778396900351861,127204625,159,9.734694,40,394.241,67.634,255,8
1778396900352239,127214603,162,9.918367,40,394.022,68.898,255,8
1778396900352631,127224554,165,10.102040,40,393.799,70.161,255,8
1778396900352985,127234533,168,10.285714,40,393.572,71.423,255,8
1778396900370973,127244485,171,10.469388,40,393.341,72.684,255,8
1778396900371502,127254462,174,10.653061,40,393.106,73.945,255,8
1778396900413389,127264417,177,10.836735,40,392.867,75.204,255,8
1778396900413812,127274399,181,11.081633,40,392.542,76.883,255,8
1778396900414384,127284350,184,11.265306,40,392.293,78.141,255,8
1778396900414894,127294335,188,11.510203,40,391.956,79.817,255,8
1778396900433585,127304291,192,11.755101,40,391.611,81.492,255,8
1778396900434089,127314269,195,11.938775,40,391.348,82.747,255,8
1778396900446584,127324222,198,12.122449,40,391.080,84.001,255,8
1778396900491019,127334201,202,12.367347,40,390.718,85.671,255,8
1778396900491447,127344154,206,12.612245,40,390.348,87.341,255,8
1778396900491853,127354136,210,12.857143,40,389.971,89.008,255,8
1778396900492304,127364091,214,13.102041,40,389.587,90.674,255,8
1778396900492655,127374075,218,13.346939,40,389.196,92.339,255,8
1778396900510400,127384030,222,13.591837,40,388.798,94.001,255,8
1778396900510883,127394015,225,13.775511,40,388.494,95.247,255,8
1778396900552298,127403973,230,14.081633,40,387.980,97.322,255,8
1778396900552904,127413954,234,14.326530,40,387.561,98.979,255,8
1778396900553386,127423912,238,14.571429,40,387.134,100.635,255,8
1778396900553894,127433891,242,14.816327,40,386.700,102.289,255,8
1778396900571063,127443845,247,15.122449,40,386.148,104.353,255,8
1778396900571634,127453826,251,15.367347,40,385.699,106.003,255,8
1778396900578587,127463786,255,15.612246,40,385.242,107.650,255,8
1778396900589295,127473770,260,15.918367,40,384.661,109.707,255,8
1778396900645449,127483729,264,16.163265,40,384.189,111.350,255,8
1778396900645997,127493708,269,16.469389,40,383.589,113.401,255,8
1778396900646449,127503654,273,16.714287,40,383.100,115.040,255,8
1778396900646797,127513632,278,17.020409,40,382.480,117.085,255,8
1778396900647116,127523589,282,17.265306,40,381.976,118.719,255,8
1778396900648004,127533569,287,17.571428,40,381.337,120.758,255,8
1778396900664066,127543525,292,17.877550,40,380.686,122.793,255,8
1778396900679095,127553517,297,18.183674,40,380.024,124.826,255,8
1778396900679482,127563464,302,18.489796,40,379.352,126.854,255,8
1778396900718001,127573453,307,18.795919,40,378.669,128.879,255,8
1778396900718669,127583405,311,19.040817,40,378.115,130.497,255,8
1778396900719122,127593376,316,19.346939,40,377.412,132.515,255,8
1778396900719499,127603325,321,19.653061,40,376.699,134.530,255,8
1778396900735696,127613308,326,19.959183,40,375.974,136.540,255,8
1778396900737140,127623260,332,20.326530,40,375.091,138.948,255,8
1778396900782112,127633251,337,20.632652,40,374.344,140.950,255,8
1778396900782471,127643203,342,20.938776,40,373.585,142.948,255,8
1778396900782940,127653180,347,21.244898,40,372.816,144.942,255,8
1778396900783435,127663129,352,21.551022,40,372.036,146.932,255,8
1778396900802288,127673120,358,21.918367,40,371.087,149.314,255,8
1778396900802725,127683065,363,22.224491,40,370.284,151.295,255,8
1778396900813552,127693058,369,22.591837,40,369.306,153.666,255,8
1778396900864155,127703008,374,22.897959,40,368.480,155.636,255,8
1778396900864704,127712988,379,23.204082,40,367.643,157.603,255,8
1778396900865178,127722946,385,23.571430,40,366.625,159.957,255,8
1778396900865592,127732928,391,23.938774,40,365.592,162.304,255,8
1778396900866124,127742891,396,24.244898,40,364.719,164.255,255,8
1778396900866497,127752869,402,24.612246,40,363.659,166.590,255,8
1778396900927958,127762827,408,24.979591,40,362.583,168.918,255,8
1778396900928492,127772808,414,25.346939,40,361.493,171.239,255,8
1778396900928924,127782766,419,25.653061,40,360.573,173.168,255,8
1778396900929355,127792746,425,26.020407,40,359.455,175.476,255,8
1778396900929761,127802700,431,26.387754,40,358.323,177.777,255,8
1778396900930120,127812676,437,26.755102,40,357.176,180.071,255,8
1778396900947080,127822639,443,27.122450,40,356.014,182.357,255,8
1778396900947545,127832619,449,27.489796,40,354.837,184.636,255,8
1778396900956270,127842577,455,27.857143,40,353.646,186.907,255,8
1778396901012664,127852559,461,28.224489,40,352.441,189.171,255,8
1778396901013324,127862503,468,28.653059,40,351.016,191.802,255,8
1778396901013816,127872482,474,29.020407,40,349.779,194.048,255,8
1778396901014346,127882431,480,29.387754,40,348.527,196.287,255,8
1778396901014938,127892408,486,29.755102,40,347.262,198.518,255,8
1778396901015418,127902364,493,30.183674,40,345.767,201.109,255,8
1778396901035665,127912341,499,30.551020,40,344.471,203.322,255,8
1778396901036259,127922295,506,30.979591,40,342.940,205.893,255,8
1778396901092217,127932269,512,31.346939,40,341.613,208.088,255,8
1778396901092807,127942218,519,31.775511,40,340.047,210.637,255,8
1778396901093315,127952200,525,32.142857,40,338.690,212.813,255,8
1778396901093823,127962154,532,32.571430,40,337.088,215.340,255,8
1778396901094343,127972134,539,33.000000,40,335.468,217.856,255,8
1778396901094803,127982090,545,33.367348,40,334.065,220.002,255,8
1778396901113680,127992073,552,33.795921,40,332.410,222.495,255,8
1778396901114195,128002028,559,34.224491,40,330.736,224.975,255,8
1778396901169202,128012005,566,34.653061,40,329.044,227.442,255,8
1778396901169694,128021959,573,35.081635,40,327.334,229.897,255,8
1778396901170147,128031938,580,35.510204,40,325.605,232.339,255,8
1778396901170603,128041889,587,35.938778,40,323.858,234.768,255,8
1778396901171003,128051876,594,36.367348,40,322.093,237.184,255,8
1778396901173324,128061833,601,36.795918,40,320.310,239.587,255,8
1778396901192264,128071814,608,37.224491,40,318.509,241.976,255,8
1778396901193115,128081762,615,37.653061,40,316.690,244.351,255,8
1778396901205276,128091746,623,38.142857,40,314.589,247.050,255,8
1778396901261586,128101700,630,38.571430,40,312.733,249.396,255,8
1778396901262099,128111679,637,39.000000,40,310.858,251.728,255,8
1778396901262581,128121632,645,39.489796,41,316.413,260.736,255,8
1778396901263065,128131613,652,39.918365,41,314.453,263.095,255,8
1778396901263507,128141566,660,40.408161,40,304.578,259.291,255,8
1778396901263923,128151545,667,40.836735,40,302.630,261.562,255,8
1778396901283985,128161496,675,41.326530,40,300.383,264.140,255,8
1778396901284721,128171482,682,41.755100,39,290.939,259.720,255,8
1778396901294610,128181435,690,42.244900,39,288.708,262.197,255,8
1778396901358057,128191416,698,42.734695,39,286.456,264.656,255,8
1778396901358563,128201367,706,43.224491,39,284.184,267.095,255,8
1778396901359025,128211346,713,43.653061,39,282.178,269.213,255,8
1778396901359425,128221296,721,44.142857,39,279.866,271.615,255,8
1778396901359943,128231271,729,44.632652,39,277.534,273.998,255,8
1778396901360439,128241223,737,45.122448,39,275.182,276.360,255,8
1778396901361588,128251202,745,45.612247,39,272.809,278.703,255,8
1778396901380607,128261154,753,46.102039,39,270.417,281.025,255,8
1778396901381430,128271128,761,46.591839,39,268.004,283.326,255,8
1778396901433268,128281078,769,47.081631,39,265.573,285.607,255,8
1778396901433695,128291062,778,47.632652,39,262.814,288.147,255,8
1778396901434029,128301012,786,48.122452,39,260.341,290.384,255,8
1778396901434368,128310995,794,48.612244,38,251.238,285.096,255,8
1778396901434764,128320945,802,49.102043,38,248.791,287.233,255,8
1778396901501706,128330916,811,49.653057,38,246.017,289.612,255,8
1778396901502173,128340878,819,50.142857,38,243.533,291.705,255,8
1778396901502581,128350854,827,50.632656,38,241.030,293.776,255,8
1778396901502978,128360810,836,51.183670,38,238.194,296.081,255,8
1778396901503372,128370789,844,51.673470,37,229.453,290.261,255,8
1778396901503775,128380746,853,52.224491,37,226.651,292.454,255,8
1778396901504139,128390731,862,52.775509,36,217.778,286.658,255,8
1778396901522219,128400687,870,53.265308,36,215.320,288.509,255,8
1778396901522632,128410669,879,53.816326,36,212.535,290.566,255,8
1778396901571412,128420622,887,54.306122,36,210.044,292.373,255,8
1778396901571986,128430599,896,54.857143,36,207.222,294.379,255,8
1778396901572435,128440553,905,55.408161,35,198.704,288.126,255,8
1778396901572917,128450526,913,55.897961,35,196.234,289.814,255,8
1778396901573414,128460477,922,56.448978,34,187.911,283.354,255,8
1778396901603628,128470456,930,56.938774,35,190.937,293.331,255,8
1778396901604113,128480408,939,57.489796,35,188.107,295.154,255,8
1778396901604569,128490379,947,57.979591,33,174.973,279.794,255,8
1778396901656742,128500332,956,58.530613,34,177.495,289.993,255,8
1778396901657217,128510309,965,59.081635,34,174.698,291.686,255,8
1778396901657684,128520259,973,59.571426,35,177.262,301.791,255,8
1778396901658114,128530238,982,60.122452,35,174.352,303.482,255,8
1778396901658517,128540183,990,60.612244,35,171.751,304.962,255,8
1778396901658998,128550161,999,61.163265,36,173.634,315.359,255,8
1778396901678689,128560110,1008,61.714287,35,165.854,308.208,255,8
1778396901679171,128570083,1016,62.204079,35,163.213,309.615,255,8
1778396901729292,128580034,1025,62.755104,35,160.228,311.170,255,8
1778396901729976,128590012,1034,63.306126,34,152.736,303.763,255,8
1778396901730501,128599963,1042,63.795918,34,150.134,305.057,255,8
1778396901730863,128609936,1051,64.346939,35,151.522,315.501,255,8
1778396901731273,128619883,1060,64.897957,34,144.239,307.888,255,8
1778396901751001,128629864,1068,65.387756,32,133.272,290.927,255,8
1778396901751429,128639812,1077,65.938774,32,130.468,292.195,255,8
1778396901758749,128649788,1085,66.428574,32,127.965,293.300,255,8
1778396901816215,128659741,1094,66.979591,32,125.139,294.517,255,8
1778396901817235,128669714,1103,67.530617,33,126.123,304.948,255,8
1778396901817889,128679659,1111,68.020409,34,127.254,315.288,255,8
1778396901818434,128689632,1120,68.571426,32,116.909,297.880,255,8
1778396901818943,128699575,1128,69.061226,33,117.932,308.208,255,8
1778396901819432,128709555,1137,69.612244,33,114.963,309.328,255,8
1778396901837888,128719506,1146,70.163269,32,108.589,301.012,255,8
1778396901838347,128729473,1154,70.653061,33,109.325,311.365,255,8
1778396901856418,128739429,1163,71.204079,32,103.103,302.935,255,8
1778396901857128,128749401,1171,71.693878,32,100.510,303.805,255,8
1778396901901271,128759349,1180,72.244896,32,97.584,304.758,255,8
1778396901901790,128769330,1188,72.734695,30,89.039,286.482,255,8
1778396901902131,128779284,1197,73.285713,30,86.280,287.325,255,8
1778396901902563,128789260,1205,73.775513,30,83.820,288.052,255,8
1778396901920463,128799206,1214,74.326530,30,81.046,288.845,255,8
1778396901920959,128809185,1223,74.877548,30,78.265,289.611,255,8
1778396901965737,128819135,1231,75.367348,31,78.312,299.945,255,8
1778396901966316,128829106,1240,75.918365,31,75.424,300.685,255,8
1778396901967025,128839052,1248,76.408165,30,70.501,291.598,255,8
1778396901967460,128849034,1257,76.959183,31,69.950,302.005,255,8
1778396901967897,128858983,1265,77.448975,31,67.366,302.592,255,8
1778396901985847,128868956,1274,78.000000,30,62.374,293.444,255,8
1778396901986270,128878904,1282,78.489792,30,59.863,293.967,255,8
1778396902040364,128888877,1291,79.040817,30,57.033,294.529,255,8
1778396902040846,128898822,1299,79.530617,30,54.513,295.006,255,8
1778396902041439,128908799,1308,80.081635,30,51.673,295.516,255,8
1778396902042022,128918747,1316,80.571426,30,49.145,295.947,255,8
1778396902042518,128928722,1325,81.122452,31,47.840,306.286,255,8
1778396902061078,128938676,1333,81.612244,31,45.220,306.684,255,8
1778396902061622,128948657,1342,82.163269,31,42.269,307.105,255,8
1778396902115532,128958616,1350,82.653061,30,38.363,297.537,255,8
1778396902116097,128968597,1359,83.204079,30,35.500,297.892,255,8
1778396902116569,128978548,1367,83.693878,30,32.952,298.185,255,8
1778396902117083,128988531,1376,84.244896,30,30.083,298.488,255,8
1778396902117538,128998482,1384,84.734695,29,26.613,288.776,255,8
1778396902118020,129008460,1393,85.285713,29,23.834,289.019,255,8
1778396902135600,129018412,1401,85.775513,29,21.363,289.212,255,8
1778396902136139,129028388,1409,86.265305,29,18.890,289.384,255,8
1778396902184815,129038339,1418,86.816322,29,16.106,289.552,255,8
1778396902185290,129048317,1426,87.306122,29,13.630,289.680,255,8
1778396902185743,129058267,1435,87.857140,29,10.843,289.797,255,8
1778396902186139,129068242,1443,88.346939,30,8.654,299.875,255,8
1778396902186547,129078195,1452,88.897964,30,5.770,299.945,255,8
1778396902204987,129088166,1460,89.387756,29,3.099,289.983,255,8
1778396902205426,129098119,1468,89.877548,29,0.620,289.999,255,8
1778396902251966,129108099,1477,90.428574,28,-2.094,279.992,255,8
1778396902252404,129118044,1485,90.918365,28,-4.488,279.964,255,8
1778396902252877,129128025,1493,91.408157,28,-6.881,279.915,255,8
1778396902275471,129167872,1527,93.489799,28,-17.044,279.481,255,8
1778396902891374,129779507,2026,124.040817,31,-173.533,256.878,255,8
1778396902891789,129789485,2034,124.530609,31,-175.722,255.385,255,8
1778396902909610,129799433,2043,125.081635,33,-189.665,270.050,255,8
1778396902948317,129809399,2051,125.571426,33,-191.967,268.419,255,8
1778396902948695,129819347,2060,126.122444,33,-194.539,266.560,255,8
1778396902949060,129829326,2068,126.612251,33,-196.811,264.888,255,8
1778396902949361,129839273,2077,127.163261,34,-205.390,270.952,255,8
1778396902964595,129849248,2085,127.653061,33,-201.590,261.269,255,8
1778396902965090,129859196,2093,128.142853,33,-203.816,259.536,255,8
1778396902977617,129869172,2102,128.693878,33,-206.303,257.564,255,8
1778396903017676,129879118,2110,129.183670,33,-208.497,255.791,255,8
1778396903018326,129889095,2119,129.734695,33,-210.947,253.774,255,8
1778396903018791,129899039,2127,130.224487,34,-219.567,259.597,255,8
1778396903019217,129909012,2136,130.775513,34,-222.053,257.473,255,8
1778396903020522,129918969,2144,131.265305,34,-224.246,255.566,255,8
1778396903038145,129928941,2153,131.816330,34,-226.693,253.397,255,8
1778396903079351,129938886,2161,132.306122,34,-228.851,251.450,255,8
1778396903080119,129948858,2169,132.795929,34,-230.992,249.485,255,8
1778396903080726,129958802,2178,133.346939,35,-240.245,254.524,255,8
1778396903081275,129968777,2186,133.836731,35,-242.412,252.461,255,8
1778396903081893,129978725,2195,134.387756,35,-244.829,250.118,255,8
1778396903100554,129988687,2203,134.877548,35,-246.958,248.016,255,8
1778396903101057,129998645,2211,135.367340,35,-249.069,245.896,255,8
1778396903143618,130008615,2220,135.918365,35,-251.422,243.489,255,8
1778396903144057,130018555,2228,136.408157,36,-260.737,248.226,255,8
1778396903144471,130028528,2237,136.959183,36,-263.112,245.707,255,8
1778396903144901,130038475,2245,137.448975,36,-265.203,243.449,255,8
1778396903162414,130048452,2253,137.938782,36,-267.275,241.173,255,8
1778396903162874,130058403,2262,138.489807,36,-269.582,238.591,255,8
1778396903175216,130068380,2270,138.979599,36,-271.611,236.278,255,8
1778396903218380,130078327,2279,139.530609,37,-281.479,240.145,255,8
1778396903218941,130088301,2287,140.020416,37,-283.521,237.730,255,8
1778396903219403,130098257,2295,140.510208,37,-285.543,235.298,255,8
1778396903219765,130108233,2303,141.000000,37,-287.544,232.849,255,8
1778396903220303,130118184,2312,141.551010,37,-289.770,230.073,255,8
1778396903236372,130128163,2320,142.040817,37,-291.726,227.587,255,8
1778396903294639,130138114,2328,142.530609,37,-293.661,225.085,255,8
1778396903295031,130148094,2337,143.081635,36,-287.817,216.244,255,8
1778396903295365,130158042,2345,143.571426,37,-297.701,219.713,255,8
1778396903295776,130168012,2353,144.061218,37,-299.568,217.161,255,8
1778396903296251,130177964,2361,144.551025,37,-301.414,214.592,255,8
1778396903296651,130187935,2370,145.102036,37,-303.464,211.683,255,8
1778396903298053,130197880,2378,145.591843,37,-305.262,209.081,255,8
1778396903315117,130207852,2386,146.081635,37,-307.038,206.464,255,8
1778396903361197,130217804,2395,146.632660,37,-309.010,203.502,255,8
1778396903361595,130227774,2403,147.122452,37,-310.738,200.853,255,8
1778396903361996,130237723,2411,147.612244,38,-320.888,203.546,255,8
1778396903362414,130247690,2419,148.102051,37,-314.127,195.511,255,8
1778396903362763,130257639,2427,148.591843,37,-315.786,192.819,255,8
1778396903378070,130267613,2436,149.142853,37,-317.626,189.773,255,8
1778396903378550,130277559,2444,149.632645,37,-319.237,187.051,255,8
1778396903419907,130287531,2452,150.122452,36,-312.153,179.333,255,8
1778396903420488,130297478,2460,150.612244,34,-296.248,166.844,255,8
1778396903420875,130307447,2469,151.163269,29,-254.039,139.871,255,8
1778396903705671,130586310,2694,164.938782,28,-270.382,72.758,255,8
1778396903706176,130596254,2702,165.428574,28,-270.994,70.444,255,8
1778396903706652,130606225,2710,165.918365,28,-271.586,68.125,255,8
1778396903722231,130616176,2718,166.408157,28,-272.158,65.801,255,8
1778396903724086,130626147,2726,166.897949,28,-272.711,63.472,255,8
1778396903762860,130636089,2733,167.326523,28,-273.178,61.430,255,8
1778396903763436,130646063,2741,167.816330,29,-283.468,61.203,255,8
1778396903763856,130656009,2749,168.306122,28,-274.188,56.751,255,8
1778396903764144,130665973,2757,168.795914,28,-274.664,54.405,255,8
1778396903810773,130675920,2764,169.224487,29,-284.887,54.219,255,8
1778396903811189,130685892,2772,169.714279,31,-305.018,55.353,255,8
1778396903811827,130695834,2780,170.204086,30,-295.626,51.042,255,8
1778396903812422,130705804,2788,170.693878,30,-296.052,48.513,255,8
1778396903813323,130715747,2795,171.122452,34,-335.927,52.470,255,8
1778396903828829,130725720,2803,171.612244,33,-326.470,48.138,255,8
1778396903867351,130735671,2811,172.102036,33,-326.870,45.345,255,8
1778396903867894,130745637,2819,172.591843,34,-337.162,43.839,255,8
1778396903868380,130755592,2826,173.020416,35,-347.406,42.530,255,8
1778396903868704,130765564,2834,173.510208,34,-337.821,38.429,255,8
1778396903885352,130775513,2842,174.000000,33,-328.192,34.494,255,8
1778396903885909,130785485,2849,174.428574,33,-328.441,32.039,255,8
1778396903892968,130795431,2857,174.918365,34,-338.664,30.116,255,8
1778396903903891,130805407,2865,175.408173,33,-328.941,26.419,255,8
1778396903948897,130815356,2872,175.836746,32,-319.156,23.232,255,8
1778396903949471,130825323,2880,176.326538,32,-319.343,20.502,255,8
1778396903949924,130835276,2888,176.816330,31,-309.522,17.216,255,8
1778396903950260,130845250,2895,177.244904,30,-299.653,14.420,255,8
1778396903965385,130855199,2903,177.734695,30,-299.766,11.858,255,8
1778396903965887,130865170,2911,178.224487,30,-299.856,9.295,255,8
1778396904002223,130875120,2919,178.714294,31,-309.922,6.956,255,8
1778396904002628,130885090,2926,179.142853,32,-319.964,4.787,255,8
1778396904003047,130895036,2934,179.632660,30,-299.994,1.923,255,8
1778396904003402,130905006,2942,180.122452,30,-299.999,-0.641,255,8
1778396904018882,130914958,2949,180.551010,32,-319.985,-3.077,255,8
1778396904025882,130924932,2957,181.040833,31,-309.949,-5.631,255,8
1778396904037193,130934883,2965,181.530624,31,-309.889,-8.280,255,8
1778396904079807,130944851,2973,182.020416,33,-329.795,-11.634,255,8
1778396904080342,130954794,2981,182.510208,33,-329.683,-14.453,255,8
1778396904080776,130964768,2989,183.000000,31,-309.575,-16.224,255,8
1778396904081166,130974716,2996,183.428574,32,-319.427,-19.137,255,8
1778396904081495,130984687,3004,183.918365,31,-309.275,-21.184,255,8
1778396904096695,130994632,3012,184.408157,31,-309.083,-23.827,255,8
1778396904136333,131004607,3019,184.836731,31,-308.896,-26.138,255,8
1778396904136916,131014550,3027,185.326523,29,-288.748,-26.921,255,8
1778396904137316,131024526,3035,185.816315,28,-278.559,-28.375,255,8
1778396904137659,131034472,3042,186.244888,30,-298.220,-32.633,255,8
1778396904154572,131044451,3050,186.734680,31,-307.861,-36.354,255,8
1778396904155007,131054399,3058,187.224503,32,-317.460,-40.242,255,8
1778396904191093,131064375,3066,187.714294,31,-307.194,-41.612,255,8
1778396904191522,131074322,3073,188.142868,32,-316.774,-45.325,255,8
1778396904191915,131084296,3081,188.632660,32,-316.375,-48.032,255,8
1778396904192273,131094244,3089,189.122452,32,-315.953,-50.734,255,8
1778396904208693,131104216,3097,189.612244,31,-305.648,-51.764,255,8
1778396904209625,131114160,3105,190.102036,30,-295.349,-52.621,255,8
1778396904248537,131124135,3113,190.591827,29,-285.059,-53.305,255,8
1778396904249034,131134081,3121,191.081650,28,-274.779,-53.818,255,8
1778396904507971,131392916,3329,203.816315,900,-8233.603,-3634.252,255,8
1778396904508394,131402894,3337,204.306107,116,-1057.177,-477.469,255,8
1778396904508743,131412866,3346,204.857147,32,-290.355,-134.514,255,8
1778396904644876,131522422,3440,210.612244,28,-240.977,-142.583,255,8
1778396904645351,131532375,3449,211.163254,31,-265.266,-160.418,255,8
1778396904645859,131542348,3457,211.653076,33,-280.910,-173.176,255,8
1778396904646256,131552296,3466,212.204086,35,-296.154,-186.528,255,8
1778396904693654,131562270,3474,212.693878,34,-286.133,-183.651,255,8
1778396904694235,131572222,3483,213.244904,35,-292.717,-191.877,255,8
1778396904694786,131582198,3491,213.734695,37,-307.699,-205.479,255,8
1778396904695151,131592149,3499,214.224487,37,-305.931,-208.102,255,8
1778396904695542,131602125,3508,214.775513,36,-295.701,-205.331,255,8
1778396904708781,131612075,3516,215.265305,37,-302.100,-213.624,255,8
1778396904748602,131622050,3525,215.816330,29,-235.160,-169.705,255,8
1778396904749363,131632000,3533,216.306122,29,-233.701,-171.709,255,8
1778396904749933,131641982,3541,216.795914,34,-272.263,-203.649,255,8
1778396904750313,131651938,3549,217.285706,31,-246.644,-187.795,255,8
1778396904763125,131661914,3557,217.775497,32,-252.933,-196.022,255,8
1778396904764421,131671869,3565,218.265320,34,-266.951,-210.563,255,8
1778396904800971,131681850,3574,218.816330,36,-280.497,-225.657,255,8
1778396904801399,131691797,3582,219.306122,36,-278.558,-228.047,255,8
1778396904801845,131701782,3590,219.795914,32,-245.865,-204.818,255,8
1778396904806174,131711736,3598,220.285706,31,-236.477,-200.446,255,8
1778396904820163,131721717,3607,220.836746,39,-295.065,-255.023,255,8
1778396904855885,131731671,3615,221.326538,41,-307.893,-270.743,255,8
1778396904856322,131741649,3623,221.816330,41,-305.567,-273.365,255,8
1778396904856808,131751602,3631,222.306122,42,-310.615,-282.698,255,8
1778396904857312,131761578,3639,222.795914,41,-300.849,-278.549,255,8
1778396904871284,131771528,3648,223.346939,42,-305.428,-288.294,255,8
1778396904877582,131781507,3656,223.836731,42,-302.953,-290.894,255,8
1778396904889192,131791455,3665,224.387741,42,-300.141,-293.794,255,8
1778396904933015,131801440,3673,224.877548,42,-297.619,-296.349,255,8
1778396904933599,131811391,3681,225.367355,42,-295.075,-298.883,255,8
1778396904934110,131821367,3690,225.918365,42,-292.187,-301.707,255,8
1778396904934611,131831320,3698,226.408157,41,-282.702,-296.951,255,8
1778396904935162,131841297,3706,226.897949,41,-280.153,-299.357,255,8
1778396904988479,131851253,3715,227.448990,41,-277.261,-302.037,255,8
1778396904989028,131861229,3723,227.938782,41,-274.669,-304.396,255,8
1778396904989563,131871177,3731,228.428574,41,-272.057,-306.733,255,8
1778396904990116,131881158,3740,228.979584,41,-269.094,-309.335,255,8
1778396904990622,131891109,3748,229.469391,41,-266.440,-311.624,255,8
1778396905004463,131901088,3757,230.020416,41,-263.431,-314.172,255,8
1778396905004957,131911040,3765,230.510208,41,-260.736,-316.413,255,8
1778396905048744,131921014,3773,231.000000,41,-258.021,-318.630,255,8
1778396905049317,131930957,3781,231.489792,41,-255.288,-320.824,255,8
1778396905049796,131940944,3790,232.040817,41,-252.191,-323.264,255,8
1778396905050323,131950885,3798,232.530609,41,-249.418,-325.408,255,8
1778396905051876,131960872,3807,233.081619,40,-240.271,-319.797,255,8
1778396905067275,131970816,3815,233.571442,41,-243.466,-329.885,255,8
1778396905073175,131980791,3823,234.061234,41,-240.637,-331.954,255,8
1778396905121493,131990741,3832,234.612244,41,-237.434,-334.253,255,8
1778396905121977,132000711,3840,235.102036,40,-228.847,-328.069,255,8
1778396905122567,132010659,3848,235.591827,40,-226.034,-330.013,255,8
1778396905123081,132020638,3857,236.142868,40,-222.850,-332.172,255,8
1778396905123524,132030587,3865,236.632660,40,-220.002,-334.065,255,8
1778396905138021,132040563,3873,237.122452,40,-217.138,-335.933,255,8
1778396905182942,132050510,3882,237.673462,40,-213.898,-338.006,255,8
1778396905183432,132060488,3890,238.163269,40,-211.000,-339.822,255,8
1778396905184320,132070440,3899,238.714279,40,-207.722,-341.835,255,8
1778396905184884,132080419,3907,239.204071,40,-204.793,-343.599,255,8
1778396905185344,132090372,3915,239.693878,40,-201.848,-345.337,255,8
1778396905201941,132100345,3924,240.244904,40,-198.517,-347.262,255,8
1778396905202457,132110294,3932,240.734695,40,-195.542,-348.946,255,8
1778396905210471,132120264,3940,241.224487,40,-192.552,-350.605,255,8
1778396905223102,132130214,3949,241.775497,40,-189.171,-352.441,255,8
1778396905269355,132140187,3957,242.265320,40,-186.151,-354.045,255,8
1778396905270038,132150145,3965,242.755112,40,-183.118,-355.623,255,8
1778396905270537,132160119,3974,243.306122,40,-179.689,-357.368,255,8
1778396905271080,132170066,3982,243.795914,40,-176.628,-358.891,255,8
1778396905271579,132180036,3991,244.346939,40,-173.168,-360.573,255,8
1778396905287309,132189987,3999,244.836731,39,-165.828,-352.989,255,8
1778396905331699,132199964,4007,245.326538,39,-162.804,-354.394,255,8
1778396905332272,132209912,4016,245.877548,39,-159.388,-355.943,255,8
1778396905332728,132219891,4024,246.367355,39,-156.340,-357.292,255,8
1778396905333221,132229835,4033,246.918365,39,-152.896,-358.779,255,8
1778396905333703,132239806,4041,247.408157,39,-149.824,-360.073,255,8
1778396905350360,132249764,4049,247.897949,39,-146.740,-361.341,255,8
1778396905350898,132259735,4058,248.448990,39,-143.258,-362.735,255,8
1778396905408107,132269683,4066,248.938782,39,-140.152,-363.947,255,8
1778396905408800,132279662,4075,249.489792,37,-129.638,-346.546,255,8
1778396905409257,132289605,4083,249.979584,37,-126.671,-347.641,255,8
1778396905409755,132299582,4092,250.530624,37,-123.322,-348.843,255,8
1778396905410283,132309536,4100,251.020416,36,-117.083,-340.428,255,8
1778396905410701,132319512,4109,251.571426,36,-113.804,-341.539,255,8
1778396905428029,132329463,4117,252.061218,36,-110.880,-342.499,255,8
1778396905428483,132339437,4126,252.612244,37,-110.570,-353.093,255,8
1778396905448953,132349396,4135,253.163254,38,-110.065,-363.711,255,8
1778396905449448,132359381,4143,253.653046,38,-106.952,-364.638,255,8
1778396905493962,132369328,4152,254.204086,38,-103.440,-365.650,255,8
1778396905494441,132379307,4161,254.755096,38,-99.919,-366.628,255,8
1778396905494854,132389258,4169,255.244888,38,-96.782,-367.469,255,8
1778396905495304,132399235,4178,255.795929,38,-93.243,-368.383,255,8
1778396905497882,132409185,4186,256.285706,37,-87.720,-359.451,255,8
1778396905513540,132419163,4195,256.836731,37,-84.259,-360.278,255,8
1778396905555890,132429113,4203,257.326538,37,-81.176,-360.985,255,8
1778396905556307,132439089,4212,257.877563,37,-77.701,-361.749,255,8
1778396905556727,132449040,4221,258.428558,37,-74.218,-362.480,255,8
1778396905557232,132459020,4229,258.918365,37,-71.117,-363.101,255,8
1778396905557637,132468970,4238,259.469391,37,-67.621,-363.768,255,8
1778396905572153,132478945,4247,260.020416,37,-64.120,-364.402,255,8
1778396905580125,132488893,4255,260.510193,37,-61.003,-364.937,255,8
1778396905624373,132498871,4264,261.061218,37,-57.490,-365.506,255,8
1778396905624949,132508817,4272,261.551025,37,-54.364,-365.984,255,8
1778396905625556,132518796,4281,262.102020,37,-50.842,-366.490,255,8
1778396905625966,132528738,4289,262.591858,37,-47.707,-366.912,255,8
1778396905626727,132538712,4298,263.142853,37,-44.176,-367.353,255,8
1778396905641531,132548661,4307,263.693878,37,-40.641,-367.761,255,8
1778396905680958,132558634,4315,264.183685,37,-37.496,-368.095,255,8
1778396905681483,132568581,4323,264.673462,37,-34.348,-368.402,255,8
1778396905681872,132578557,4332,265.224487,37,-30.803,-368.716,255,8
1778396905682208,132588512,4341,265.775513,37,-27.256,-368.995,255,8
1778396905695389,132598488,4349,266.265320,37,-24.100,-369.214,255,8
1778396905696082,132608438,4358,266.816315,37,-20.549,-369.429,255,8
1778396905734451,132618421,4366,267.306122,37,-17.390,-369.591,255,8
1778396905734859,132628372,4375,267.857147,37,-13.835,-369.741,255,8
1778396905735274,132638353,4383,268.346954,37,-10.673,-369.846,255,8
1778396905735743,132648299,4392,268.897949,37,-7.116,-369.932,255,8
1778396905778655,132658276,4400,269.387756,37,-3.954,-369.979,255,8
1778396905779261,132668220,4409,269.938782,37,-0.395,-370.000,255,8
1778396905779753,132678197,4417,270.428589,37,2.768,-369.990,255,8
1778396905780060,132688152,4426,270.979584,37,6.326,-369.946,255,8
1778396905793842,132698127,4435,271.530609,37,9.883,-369.868,255,8
1778396905795308,132708074,4443,272.020416,37,13.045,-369.770,255,8
1778396905830547,132718048,4452,272.571411,37,16.600,-369.627,255,8
1778396905831122,132727997,4460,273.061218,37,19.759,-369.472,255,8
1778396905831591,132737978,4469,273.612244,37,23.311,-369.265,255,8
1778396905845402,132747921,4477,274.102051,37,26.467,-369.052,255,8
1778396905845890,132757896,4486,274.653046,37,30.015,-368.781,255,8
1778396905885467,132767844,4494,275.142853,36,32.270,-358.551,255,8
1778396905885874,132777820,4503,275.693878,36,35.717,-358.224,255,8
1778396905886424,132787766,4511,276.183685,36,38.778,-357.905,255,8
1778396905886898,132797739,4520,276.734680,36,42.218,-357.516,255,8
1778396905900472,132807685,4528,277.224487,36,45.273,-357.142,255,8
1778396905906778,132817659,4537,277.775513,36,48.705,-356.690,255,8
1778396905918720,132827606,4545,278.265289,36,51.752,-356.261,255,8
1778396905924220,132837580,4554,278.816345,36,55.176,-355.746,255,8
1778396905965500,132847526,4562,279.306122,36,58.215,-355.262,255,8
1778396905965994,132857496,4571,279.857147,36,61.629,-354.686,255,8
1778396905966412,132867445,4579,280.346924,36,64.659,-354.146,255,8
1778396905966869,132877419,4588,280.897980,36,68.062,-353.508,255,8
1778396906027069,132887366,4596,281.387756,36,71.081,-352.913,255,8
1778396906027493,132897343,4605,281.938782,36,74.472,-352.213,255,8
1778396906027897,132907288,4613,282.428558,36,77.480,-351.563,255,8
1778396906028284,132917267,4621,282.918365,36,80.483,-350.888,255,8
1778396906028661,132927207,4630,283.469391,36,83.853,-350.098,255,8
1778396906029073,132937187,4638,283.959167,36,86.843,-349.368,255,8
1778396906043130,132947134,4647,284.510223,36,90.199,-348.517,255,8
1778396906043584,132957108,4655,285.000000,36,93.175,-347.733,255,8
1778396906056612,132967052,4664,285.551025,36,96.515,-346.821,255,8
1778396906099544,132977027,4672,286.040802,37,102.239,-355.594,255,8
1778396906100018,132986967,4681,286.591858,36,102.799,-345.011,255,8
1778396906100424,132996945,4689,287.081635,36,105.744,-344.119,255,8
1778396906100816,133006895,4698,287.632660,36,109.049,-343.087,255,8
1778396906102450,133016870,4706,288.122437,36,111.978,-342.142,255,8
1778396906115491,133026817,4715,288.673462,36,115.263,-341.049,255,8
1778396906159934,133036791,4723,289.163269,36,118.174,-340.051,255,8
1778396906160315,133046738,4732,289.714294,36,121.439,-338.899,255,8
1778396906160740,133056719,4740,290.204071,36,124.331,-337.849,255,8
1778396906161163,133066666,4749,290.755096,37,131.118,-345.988,255,8
1778396906161895,133076639,4757,291.244904,36,130.448,-335.534,255,8
1778396906175650,133086592,4765,291.734680,37,137.014,-343.696,255,8
1778396906217369,133096560,4774,292.285736,37,140.314,-342.363,255,8
1778396906217862,133106504,4782,292.775513,37,143.235,-341.151,255,8
1778396906218262,133116478,4791,293.326538,37,146.509,-339.757,255,8
1778396906218620,133126422,4799,293.816315,37,149.408,-338.493,255,8
1778396906233356,133136398,4808,294.367340,37,152.657,-337.040,255,8
1778396906233854,133146345,4816,294.857147,36,151.329,-326.649,255,8
1778396906246345,133156316,4825,295.408173,36,154.463,-325.179,255,8
1778396906294782,133166261,4833,295.897949,36,157.237,-323.846,255,8
1778396906295627,133176236,4841,296.387756,37,164.444,-331.448,255,8
1778396906296170,133186180,4849,296.877563,37,167.272,-330.031,255,8
1778396906296560,133196159,4858,297.428558,37,170.438,-328.407,255,8
1778396906296914,133206100,4866,297.918365,37,173.239,-326.938,255,8
1778396906342965,133216075,4875,298.469391,37,176.375,-325.257,255,8
1778396906343426,133226015,4883,298.959198,37,179.149,-323.737,255,8
1778396906343885,133235993,4891,299.448975,37,181.910,-322.194,255,8
1778396906344283,133245941,4900,300.000000,37,185.000,-320.429,255,8
1778396906344634,133255913,4908,300.489777,37,187.732,-318.836,255,8
1778396906391347,133265858,4917,301.040833,37,190.790,-317.016,255,8
1778396906392236,133275836,4925,301.530609,37,193.493,-315.374,255,8
1778396906392809,133285785,4933,302.020416,37,196.182,-313.708,255,8
1778396906393162,133295761,4942,302.571442,37,199.190,-311.807,255,8
1778396906393480,133305707,4950,303.061218,37,201.848,-310.093,255,8
1778396906408389,133315680,4959,303.612244,38,210.356,-316.465,255,8
1778396906409665,133325629,4967,304.102020,38,213.054,-314.655,255,8
1778396906425920,133335606,4975,304.591827,38,215.736,-312.823,255,8
1778396906471208,133345555,4984,305.142853,38,218.734,-310.733,255,8
1778396906471702,133355528,4992,305.632660,38,221.383,-308.852,255,8
1778396906472100,133365474,5001,306.183655,38,224.343,-306.709,255,8
1778396906472445,133375450,5009,306.673492,38,226.957,-304.780,255,8
1778396906472798,133385393,5017,307.163269,38,229.554,-302.829,255,8
1778396906487936,133395362,5025,307.653076,38,232.134,-300.855,255,8
1778396906488950,133405312,5034,308.204071,38,235.016,-298.609,255,8
1778396906528583,133415287,5042,308.693878,38,237.561,-296.589,255,8
1778396906529110,133425237,5051,309.244904,38,240.402,-294.291,255,8
1778396906529586,133435214,5059,309.734680,38,242.909,-292.225,255,8
1778396906530009,133445156,5067,310.224487,39,251.856,-297.773,255,8
1778396906543474,133455136,5076,310.775513,39,254.708,-295.337,255,8
1778396906585417,133465081,5084,311.265320,39,257.223,-293.149,255,8
1778396906585881,133475059,5093,311.816315,39,260.030,-290.662,255,8
1778396906586254,133485004,5101,312.306122,39,262.506,-288.428,255,8
1778396906586652,133494980,5110,312.857147,39,265.267,-285.890,255,8
1778396906588075,133504928,5118,313.346954,39,267.702,-283.612,255,8
1778396906601434,133514905,5127,313.897949,39,270.417,-281.025,255,8
1778396906608358,133524854,5135,314.387756,39,272.809,-278.703,255,8
1778396906620235,133534827,5144,314.938782,39,275.477,-276.066,255,8
1778396906658493,133544775,5152,315.428589,39,277.827,-273.701,255,8
1778396906658917,133554754,5161,315.979584,39,280.446,-271.017,255,8
1778396906659330,133564703,5169,316.469391,39,282.753,-268.609,255,8
1778396906659751,133574679,5178,317.020416,39,285.323,-265.878,255,8
1778396906674066,133584624,5186,317.510193,39,287.585,-263.429,255,8
1778396906714593,133594600,5195,318.061218,39,290.105,-260.651,255,8
1778396906715016,133604548,5203,318.551025,40,299.818,-264.781,255,8
1778396906715359,133614522,5212,319.102051,40,302.351,-261.886,255,8
1778396906715771,133624466,5221,319.653046,40,304.855,-258.966,255,8
1778396906716924,133634437,5229,320.142853,40,307.058,-256.350,255,8
1778396906732259,133644388,5238,320.693878,40,309.509,-253.385,255,8
1778396906773924,133654372,5246,321.183685,40,311.664,-250.730,255,8
1778396906774441,133664323,5255,321.734680,40,314.061,-247.722,255,8
1778396906774858,133674298,5263,322.224487,40,316.167,-245.028,255,8
1778396906775173,133684247,5272,322.775513,40,318.509,-241.976,255,8
1778396906776577,133694228,5281,323.326508,40,320.821,-238.902,255,8
1778396906791388,133704180,5289,323.816345,40,322.852,-236.150,255,8
1778396906798535,133714161,5298,324.367340,41,333.235,-238.860,255,8
1778396906809702,133724114,5306,324.857147,40,327.088,-230.247,255,8
1778396906852110,133734090,5315,325.408173,40,329.287,-227.091,255,8
1778396906852699,133744038,5323,325.897980,41,339.497,-229.874,255,8
1778396906853103,133754014,5332,326.448975,40,333.358,-221.072,255,8
1778396906853442,133763961,5341,327.000000,40,335.468,-217.856,255,8
1778396906867023,133773935,5349,327.489807,40,337.318,-214.980,255,8
1778396906867470,133783884,5358,328.040802,40,339.370,-211.726,255,8
1778396906909648,133793860,5366,328.530609,40,341.168,-208.817,255,8
1778396906910136,133803809,5375,329.081635,40,343.160,-205.527,255,8
1778396906910494,133813786,5384,329.632660,40,345.121,-202.217,255,8
1778396906910949,133823737,5392,330.122437,40,346.837,-199.259,255,8
1778396906926765,133833713,5401,330.673492,41,357.456,-200.812,255,8
1778396906927198,133843667,5410,331.224487,41,359.370,-197.365,255,8
1778396906944799,133853640,5418,331.714294,41,361.044,-194.286,255,8
1778396906945201,133863595,5427,332.265320,40,354.045,-186.151,255,8
1778396906993991,133873569,5436,332.816315,41,364.714,-187.306,255,8
1778396906994468,133883520,5444,333.306122,41,366.302,-184.182,255,8
1778396906994939,133893493,5453,333.857147,42,377.033,-185.056,255,8
1778396906995341,133903439,5462,334.408173,41,369.777,-177.102,255,8
1778396906995876,133913413,5470,334.897949,40,362.221,-169.693,255,8
1778396907050414,133923362,5479,335.448975,40,363.837,-166.201,255,8
1778396907050934,133933338,5487,335.938782,38,346.982,-154.931,255,8
1778396907051461,133943288,5496,336.489807,37,339.286,-147.598,255,8
1778396907051929,133953266,5505,337.040802,36,331.482,-140.427,255,8
1778396907052309,133963213,5513,337.530609,37,341.911,-141.410,255,8
1778396907053962,133973189,5521,338.020416,37,343.107,-138.482,255,8
1778396907069963,133983140,5530,338.571411,38,353.732,-138.830,255,8
1778396907078344,133993120,5539,339.122467,38,355.051,-135.421,255,8
1778396907089695,134003063,5547,339.612244,38,356.195,-132.381,255,8
1778396907134658,134013033,5556,340.163269,38,357.452,-128.950,255,8
1778396907135183,134022984,5564,340.653046,38,358.541,-125.889,255,8
1778396907135581,134032962,5573,341.204102,39,369.202,-125.657,255,8
1778396907135965,134042910,5581,341.693878,40,379.757,-125.638,255,8
1778396907136358,134052886,5590,342.244904,40,380.947,-121.980,255,8
1778396907151662,134062838,5598,342.734680,40,381.976,-118.719,255,8
1778396907153037,134072810,5607,343.285706,41,392.678,-117.916,255,8
1778396907195641,134082756,5615,343.775513,41,393.671,-114.555,255,8
1778396907196156,134092732,5624,344.326508,41,394.755,-110.764,255,8
1778396907196581,134102679,5633,344.877563,41,395.802,-106.962,255,8
1778396907196981,134112648,5641,345.367340,41,396.702,-103.575,255,8
1778396907211275,134122595,5650,345.918365,41,397.680,-99.755,255,8
1778396907212564,134132578,5658,346.408142,41,398.518,-96.352,255,8
1778396907230078,134142531,5667,346.959198,41,399.426,-92.514,255,8
1778396907272350,134152509,5676,347.510193,41,400.297,-88.669,255,8
1778396907272941,134162459,5684,348.000000,40,391.259,-83.165,255,8
1778396907273527,134172433,5693,348.551025,40,392.041,-79.398,255,8
1778396907274073,134182387,5701,349.040802,40,392.705,-76.044,255,8
1778396907274537,134192367,5710,349.591827,40,393.418,-72.264,255,8
1778396907289408,134202317,5719,350.142853,40,394.095,-68.477,255,8
1778396907328880,134212297,5727,350.632660,40,394.666,-65.105,255,8
1778396907329473,134222246,5736,351.183655,40,395.274,-61.307,255,8
1778396907330017,134232226,5744,351.673492,40,395.784,-57.926,255,8
1778396907330601,134242180,5753,352.224487,39,386.414,-52.764,255,8
1778396907331412,134252158,5761,352.714294,40,396.770,-50.727,255,8
1778396907345313,134262111,5770,353.265320,40,397.240,-46.909,255,8
1778396907384541,134272077,5778,353.755096,40,397.626,-43.511,255,8
1778396907385018,134282031,5787,354.306122,40,398.026,-39.685,255,8
1778396907385392,134292011,5795,354.795898,40,398.351,-36.282,255,8
1778396907385776,134301960,5804,355.346954,40,398.682,-32.449,255,8
1778396907399907,134311938,5812,355.836731,40,398.944,-29.040,255,8
1778396907400878,134321886,5821,356.387756,40,399.205,-25.202,255,8
1778396907412082,134331859,5829,356.877533,40,399.406,-21.788,255,8
1778396907459454,134341808,5837,357.367340,39,389.588,-17.914,255,8
1778396907459917,134351787,5846,357.918365,39,389.743,-14.166,255,8
1778396907460305,134361737,5854,358.408173,40,399.846,-11.112,255,8
1778396907460640,134371707,5863,358.959167,40,399.934,-7.266,255,8
1778396907460965,134381653,5871,359.448975,40,399.982,-3.847,255,8
1778396907474966,134391623,0,0.000000,40,400.000,0.000,255,8
1778396907516473,134401583,8,0.489796,40,399.985,3.419,255,8
1778396907516930,134411557,17,1.040816,40,399.934,7.266,255,8
1778396907517360,134421503,25,1.530612,40,399.857,10.684,255,8
1778396907517735,134431481,33,2.020408,40,399.751,14.102,255,8
1778396907530323,134441430,42,2.571429,40,399.597,17.946,255,8
1778396907530742,134451407,50,3.061225,40,399.429,21.361,255,8
1778396907569376,134461356,59,3.612245,40,399.205,25.202,255,8
1778396907569857,134471329,67,4.102041,40,398.975,28.613,255,8
1778396907570231,134481276,76,4.653061,40,398.682,32.449,255,8
1778396907570568,134491257,84,5.142857,40,398.390,35.856,255,8
1778396907582821,134501208,93,5.693878,40,398.026,39.685,255,8
1778396907595656,134511192,101,6.183673,40,397.673,43.086,255,8
1778396907641573,134521142,109,6.673470,40,397.290,46.484,255,8
1778396907642076,134531119,118,7.224490,40,396.824,50.303,255,8
1778396907642484,134541073,126,7.714286,40,396.380,53.693,255,8
1778396907642878,134551045,135,8.265306,40,395.845,57.503,255,8
1778396907643326,134560996,143,8.755102,40,395.339,60.885,255,8
1778396907656375,134570978,151,9.244898,40,394.804,64.262,255,8
1778396907696612,134580929,160,9.795918,40,394.168,68.056,255,8
1778396907697143,134590906,168,10.285714,40,393.572,71.423,255,8
1778396907697538,134600854,177,10.836735,40,392.867,75.204,255,8
1778396907697897,134610832,183,11.204082,40,392.377,77.722,255,8
1778396907698220,134620778,187,11.448979,39,382.240,77.413,255,8
1778396907711584,134630755,189,11.571429,39,382.073,78.230,255,8
1778396907747842,134640707,190,11.632653,39,381.990,78.638,255,8
1778396907748311,134650685,190,11.632653,39,381.990,78.638,255,8
1778396907748718,134660630,190,11.632653,32,313.427,64.524,255,8
1778396907749080,134670603,190,11.632653,34,333.017,68.556,255,8
1778396907762297,134680550,190,11.632653,35,342.811,70.573,255,8
1778396907797976,134690524,190,11.632653,33,323.222,66.540,255,8
1778396907798408,134700475,190,11.632653,36,352.606,72.589,255,8
1778396907798915,134710444,189,11.571429,38,372.277,76.224,255,8
1778396907799317,134720390,188,11.510203,35,342.961,69.840,255,8
1778396907812268,134730357,188,11.510203,33,323.363,65.849,255,8
1778396907848062,134740304,188,11.510203,31,303.766,61.858,255,8
1778396907848446,134760224,188,11.510203,28,274.369,55.872,255,8
1778396907848866,134770192,188,11.510203,29,284.168,57.867,255,8
1778396907862410,134780131,188,11.510203,29,284.168,57.867,255,8
1778396907903047,134790106,188,11.510203,29,284.168,57.867,255,8
1778396907903495,134800052,188,11.510203,28,274.369,55.872,255,8
1778396907922371,134841885,188,11.510203,29,284.168,57.867,255,8
1778396907933866,134851838,188,11.510203,31,303.766,61.858,255,8
1778396907976654,134861812,188,11.510203,34,333.162,67.844,255,8
1778396907977091,134871763,188,11.510203,35,342.961,69.840,255,8
1778396907977557,134881734,188,11.510203,35,342.961,69.840,255,8
1778396907978046,134891683,188,11.510203,35,342.961,69.840,255,8
1778396907978464,134901655,188,11.510203,36,352.760,71.835,255,8
1778396907991540,134911607,188,11.510203,35,342.961,69.840,255,8
1778396908029807,134921584,188,11.510203,35,342.961,69.840,255,8
1778396908030268,134931535,188,11.510203,35,342.961,69.840,255,8
1778396908030683,134941517,188,11.510203,34,333.162,67.844,255,8
1778396908031089,134951464,188,11.510203,34,333.162,67.844,255,8
1778396908046399,134961438,188,11.510203,32,313.565,63.854,255,8
1778396908046951,134971394,188,11.510203,32,313.565,63.854,255,8
1778396908089912,135003282,184,11.265306,34,333.449,66.420,255,8
1778396908090514,135015239,181,11.081633,33,323.847,63.428,255,8
1778396908104161,135025213,178,10.897960,33,324.049,62.390,255,8
1778396908116078,135035156,175,10.714286,35,343.898,65.069,255,8
1778396908161394,135045138,171,10.469388,35,344.173,63.599,255,8
1778396908161906,135055080,167,10.224489,37,364.124,65.677,255,8
1778396908162311,135065049,163,9.979591,38,374.250,65.853,255,8
1778396908162685,135075000,159,9.734694,39,384.384,65.944,255,8
1778396908163043,135084968,154,9.428572,39,384.731,63.889,255,8
1778396908177196,135094915,150,9.183674,39,385.001,62.244,255,8
1778396908216814,135104891,145,8.877551,39,385.328,60.186,255,8
1778396908217323,135114837,140,8.571428,39,385.644,58.126,255,8
1778396908217796,135124812,135,8.265306,39,385.949,56.065,255,8
1778396908218362,135134765,130,7.959184,39,386.243,54.002,255,8
1778396908219440,135144736,125,7.653061,39,386.526,51.938,255,8
1778396908235742,135154679,121,7.408164,40,396.661,51.575,255,8
1778396908278226,135164657,115,7.040816,40,396.984,49.031,255,8
1778396908278661,135174602,110,6.734694,40,397.240,46.909,255,8
1778396908279022,135184574,105,6.428572,40,397.485,44.786,255,8
1778396908279558,135195521,100,6.122449,40,397.718,42.661,255,8
1778396908279921,135204493,94,5.755102,40,397.984,40.111,255,8
1778396908292338,135214444,89,5.448980,40,398.192,37.984,255,8
1778396908299407,135224416,83,5.081633,40,398.428,35.430,255,8
1778396908309737,135234358,78,4.775510,40,398.611,33.301,255,8
1778396908346308,135244334,72,4.408163,40,398.817,30.744,255,8
1778396908346761,135254282,67,4.102041,40,398.975,28.613,255,8
1778396908347140,135264260,61,3.734694,40,399.151,26.055,255,8
1778396908348162,135274206,55,3.367347,40,399.309,23.495,255,8
1778396908360968,135284181,50,3.061225,39,389.443,20.827,255,8
1778396908396251,135294129,44,2.693878,39,389.569,18.330,255,8
1778396908396824,135304106,38,2.326531,40,399.670,16.238,255,8
1778396908397459,135314052,32,1.959184,40,399.766,13.675,255,8
1778396908397858,135324022,26,1.591837,40,399.846,11.112,255,8
1778396908411230,135333971,20,1.224490,40,399.909,8.548,255,8
1778396908449309,135343946,15,0.918367,40,399.949,6.411,255,8
1778396908450097,135353896,8,0.489796,40,399.985,3.419,255,8
1778396908450661,135363876,2,0.122449,39,389.999,0.833,255,8
1778396908451199,135373825,5876,359.755096,39,389.996,-1.667,255,8
1778396908466062,135383803,5870,359.387756,39,389.978,-4.167,255,8
1778396908467152,135393754,5864,359.020416,39,389.943,-6.667,255,8
1778396908514118,135403736,5857,358.591827,39,389.882,-9.584,255,8
1778396908514672,135413682,5851,358.224487,39,389.813,-12.084,255,8
1778396908515224,135423656,5845,357.857147,39,389.727,-14.583,255,8
1778396908515653,135433611,5839,357.489807,39,389.626,-17.081,255,8
1778396908516701,135443585,5832,357.061218,40,399.474,-20.508,255,8
1778396908533172,135453535,5826,356.693878,40,399.334,-23.068,255,8
1778396908546623,135463513,5819,356.265320,40,399.151,-26.055,255,8
1778396908547127,135473463,5813,355.897949,40,398.975,-28.613,255,8
1778396908590165,135483443,5806,355.469391,40,398.750,-31.597,255,8
1778396908590784,135493389,5799,355.040802,40,398.503,-34.579,255,8
1778396908591409,135503370,5793,354.673462,40,398.273,-37.133,255,8
1778396908591889,135513314,5786,354.244904,40,397.984,-40.111,255,8
1778396908608083,135523286,5779,353.816315,40,397.673,-43.087,255,8
1778396908608718,135533232,5772,353.387756,40,397.339,-46.060,255,8
1778396908652328,135543205,5765,352.959167,40,396.984,-49.031,255,8
1778396908652882,135553153,5758,352.530609,40,396.606,-51.999,255,8
1778396908653319,135563127,5751,352.102020,40,396.206,-54.964,255,8
1778396908653727,135573074,5744,351.673492,40,395.784,-57.926,255,8
1778396908655456,135583050,5737,351.244904,40,395.339,-60.885,255,8
1778396908671529,135593000,5729,350.755127,40,394.804,-64.262,255,8
1778396908678205,135602978,5722,350.326538,40,394.313,-67.213,255,8
1778396908689353,135612929,5715,349.897949,40,393.799,-70.161,255,8
1778396908738721,135622901,5708,349.469391,40,393.263,-73.104,255,8
1778396908739246,135632859,5700,348.979584,40,392.624,-76.464,255,8
1778396908739753,135642835,5693,348.551025,41,401.842,-81.383,255,8
1778396908740246,135652786,5685,348.061218,41,401.131,-84.815,255,8
1778396908740675,135662761,5678,347.632660,41,400.486,-87.813,255,8
1778396908757500,135672715,5670,347.142853,41,399.720,-91.234,255,8
1778396908757967,135682689,5663,346.714294,41,399.027,-94.221,255,8
1778396908765603,135692638,5655,346.224487,41,398.207,-97.629,255,8
1778396908779132,135702615,5647,345.734711,41,397.358,-101.029,255,8
1778396908836151,135712565,5639,345.244904,41,396.480,-104.422,255,8
1778396908836846,135722539,5631,344.755096,41,395.572,-107.808,255,8
1778396908837464,135732488,5624,344.326508,41,394.755,-110.764,255,8
1778396908837927,135742463,5616,343.836731,41,393.794,-114.134,255,8
1778396908838435,135752416,5608,343.346924,41,392.804,-117.496,255,8
1778396908838960,135762386,5600,342.857147,41,391.785,-120.850,255,8
1778396908855812,135772340,5592,342.367340,41,390.737,-124.194,255,8
1778396908856424,135782321,5583,341.816315,41,389.525,-127.946,255,8
1778396908865372,135792266,5575,341.326538,41,388.417,-131.271,255,8
1778396908879326,135802243,5567,340.836731,41,387.281,-134.587,255,8
1778396908943408,135812195,5559,340.346954,41,386.116,-137.893,255,8
1778396908943911,135822166,5551,339.857147,41,384.923,-141.188,255,8
1778396908944502,135832118,5542,339.306122,41,383.548,-144.884,255,8
1778396908944996,135842089,5534,338.816315,41,382.295,-148.157,255,8
1778396908945613,135852038,5525,338.265320,41,380.853,-151.827,255,8
1778396908946055,135862011,5517,337.775513,41,379.541,-155.077,255,8
1778396908946421,135871969,5509,337.285736,41,378.201,-158.316,255,8
1778396908963230,135881942,5500,336.734680,41,376.661,-161.946,255,8
1778396908963713,135891892,5491,336.183685,41,375.086,-165.560,255,8
1778396909010086,135901871,5483,335.693878,40,364.544,-164.645,255,8
1778396909010537,135911812,5474,335.142853,40,362.943,-168.143,255,8
1778396909011026,135921797,5465,334.591827,38,343.244,-163.044,255,8
1778396909011500,135931744,5456,334.040802,38,341.660,-166.338,255,8
1778396909012208,135941719,5447,333.489807,38,340.045,-169.616,255,8
1778396909027922,135951668,5438,332.938782,39,347.303,-177.427,255,8
1778396909070717,135961642,5429,332.387756,41,363.303,-190.029,255,8
1778396909071275,135971587,5420,331.836731,42,370.275,-198.234,255,8
1778396909071700,135981566,5411,331.285706,41,359.581,-196.981,255,8
1778396909072083,135991509,5402,330.734711,41,357.670,-200.430,255,8
1778396909072415,136001481,5393,330.183655,41,355.726,-203.861,255,8
1778396909088163,136011429,5384,329.632660,41,353.749,-207.272,255,8
1778396909095708,136021403,5375,329.081635,41,351.739,-210.665,255,8
1778396909108240,136031354,5367,328.591858,41,349.925,-213.664,255,8
1778396909148046,136041334,5357,327.979584,41,347.622,-217.391,255,8
1778396909148690,136051286,5349,327.489807,41,345.751,-220.354,255,8
1778396909149105,136061262,5340,326.938782,41,343.616,-223.669,255,8
1778396909149471,136071209,5331,326.387756,41,341.449,-226.964,255,8
1778396909151027,136081193,5322,325.836731,41,339.251,-230.237,255,8
1778396909164701,136091148,5313,325.285706,40,328.801,-227.794,255,8
1778396909204013,136101126,5304,324.734711,40,326.595,-230.945,255,8
1778396909204593,136111080,5295,324.183655,41,332.468,-239.928,255,8
1778396909205078,136121064,5286,323.632660,40,322.093,-237.184,255,8
1778396909205427,136131021,5277,323.081635,40,319.797,-240.271,255,8
1778396909253480,136141005,5268,322.530609,40,317.471,-243.335,255,8
1778396909253914,136150966,5259,321.979614,40,315.117,-246.377,255,8
1778396909254308,136160947,5250,321.428558,40,312.733,-249.396,255,8
1778396909254722,136170899,5241,320.877563,40,310.320,-252.392,255,8
1778396909255097,136180889,5233,320.387756,40,308.151,-255.035,255,8
1778396909300214,136190844,5224,319.836731,40,305.684,-257.987,255,8
1778396909300677,136200828,5215,319.285706,40,303.189,-260.915,255,8
1778396909301043,136210783,5206,318.734680,40,300.665,-263.819,255,8
1778396909301399,136220765,5197,318.183685,39,290.662,-260.030,255,8
1778396909301901,136230720,5188,317.632660,40,295.536,-269.553,255,8
1778396909317143,136240702,5179,317.081635,39,285.607,-265.573,255,8
1778396909355532,136250649,5171,316.591827,40,290.591,-274.876,255,8
1778396909356110,136260625,5162,316.040833,40,287.934,-277.658,255,8
1778396909356638,136270575,5153,315.489807,40,285.250,-280.414,255,8
1778396909357031,136280551,5144,314.938782,39,275.477,-276.066,255,8
1778396909370890,136290503,5135,314.387756,39,272.809,-278.703,255,8
1778396909371349,136300480,5127,313.897949,39,270.417,-281.025,255,8
1778396909380971,136310424,5118,313.346954,39,267.702,-283.612,255,8
1778396909391736,136320408,5109,312.795898,39,264.962,-286.174,255,8
1778396909432308,136330353,5100,312.244904,39,262.197,-288.708,255,8
1778396909432726,136340333,5092,311.755096,39,259.720,-290.939,255,8
1778396909433122,136350278,5083,311.204071,39,256.910,-293.424,255,8
1778396909433427,136360258,5074,310.653076,39,254.076,-295.881,255,8
1778396909447078,136370207,5065,310.102051,39,251.219,-298.310,255,8
1778396909448282,136380185,5057,309.612244,38,242.284,-292.743,255,8
1778396909484542,136390132,5048,309.061218,38,239.457,-295.060,255,8
1778396909485002,136400110,5039,308.510223,38,236.609,-297.349,255,8
1778396909485323,136410062,5030,307.959167,38,233.738,-299.611,255,8
1778396909529115,136420041,5022,307.469391,38,231.168,-301.598,255,8
1778396909529808,136429986,5013,306.918365,38,228.257,-303.807,255,8
1778396909530304,136439955,5004,306.367340,38,225.325,-305.988,255,8
1778396909530706,136449910,4995,305.816345,38,222.372,-308.141,255,8
1778396909531046,136459888,4987,305.326538,38,219.730,-310.031,255,8
1778396909544849,136469838,4978,304.775513,38,216.738,-312.129,255,8
1778396909581691,136479812,4969,304.224487,38,213.726,-314.199,255,8
1778396909582207,136489757,4961,303.734711,38,211.032,-316.015,255,8
1778396909582804,136499730,4952,303.183655,38,207.983,-318.030,255,8
1778396909583173,136509676,4943,302.632660,38,204.915,-320.015,255,8
1778396909596751,136519652,4935,302.142853,38,202.172,-321.755,255,8
1778396909597192,136529597,4926,301.591827,38,199.068,-323.685,255,8
1778396909633006,136539571,4917,301.040833,37,190.790,-317.016,255,8
1778396909633630,136549513,4909,300.551025,37,188.073,-318.635,255,8
1778396909634144,136559485,4900,300.000000,37,185.000,-320.429,255,8
1778396909676645,136569434,4891,299.448975,37,181.910,-322.194,255,8
1778396909677038,136579408,4883,298.959198,37,179.149,-323.737,255,8
1778396909677419,136589358,4874,298.408142,37,176.027,-325.445,255,8
1778396909677773,136599335,4865,297.857147,37,172.889,-327.123,255,8
1778396909678199,136609283,4857,297.367340,37,170.087,-328.589,255,8
1778396909692315,136619258,4848,296.816315,36,162.407,-321.285,255,8
1778396909728837,136629201,4839,296.265320,37,163.736,-331.799,255,8
1778396909729495,136639180,4831,295.775513,37,160.893,-333.187,255,8
1778396909729897,136649121,4822,295.224487,37,157.681,-334.719,255,8
1778396909730245,136659099,4813,294.673462,36,150.281,-327.133,255,8
1778396909743575,136669047,4805,294.183685,36,147.479,-328.405,255,8
1778396909779176,136679017,4796,293.632629,36,144.313,-329.808,255,8
1778396909779608,136688956,4787,293.081635,36,141.135,-331.181,255,8
1778396909780014,136698926,4778,292.530609,36,137.944,-332.523,255,8
1778396909780352,136708864,4770,292.040802,36,135.096,-333.690,255,8
1778396909793532,136718832,4761,291.489807,36,131.881,-334.974,255,8
1778396909795182,136728776,4753,291.000000,36,129.012,-336.089,255,8
1778396909807348,136738745,4744,290.448975,36,125.774,-337.314,255,8
1778396909846720,136748687,4735,289.897949,36,122.525,-338.508,255,8
1778396909847152,136758661,4727,289.408173,36,119.626,-339.543,255,8
1778396909847542,136768602,4718,288.857147,36,116.356,-340.678,255,8
1778396909847891,136778565,4709,288.306122,36,113.074,-341.781,255,8
1778396909862242,136788509,4701,287.816315,35,107.088,-333.215,255,8
1778396909906538,136798480,4692,287.265320,35,103.879,-334.229,255,8
1778396909907147,136808425,4683,286.714294,35,100.660,-335.213,255,8
1778396909907546,136818396,4675,286.224487,36,100.585,-345.663,255,8
1778396909908028,136828344,4666,285.673492,35,94.554,-336.986,255,8
1778396909908404,136838318,4657,285.122437,34,88.700,-328.226,255,8
1778396909921942,136848264,4649,284.632660,34,85.891,-328.972,255,8
1778396909957004,136858238,4640,284.081635,32,77.857,-310.384,255,8
1778396909957568,136868182,4632,283.591858,33,77.551,-320.758,255,8
1778396909958024,136878156,4623,283.040802,35,78.976,-340.973,255,8
1778396909958525,136888104,4615,282.551025,36,78.231,-351.397,255,8
1778396909971907,136898076,4606,282.000000,35,72.769,-342.352,255,8
1778396909973537,136908022,4597,281.448975,35,69.473,-343.036,255,8
1778396910010267,136917994,4589,280.959198,35,66.538,-343.617,255,8
1778396910011216,136927938,4580,280.408173,36,65.037,-354.076,255,8
1778396910011622,136937917,4571,279.857147,36,61.629,-354.686,255,8
1778396910013231,136947866,4563,279.367340,36,58.595,-355.199,255,8
1778396910026610,136957843,4554,278.816345,35,53.644,-345.865,255,8
1778396910065094,136967793,4545,278.265289,36,51.752,-356.261,255,8
1778396910065551,136977771,4536,277.714294,36,48.324,-356.742,255,8
1778396910065940,136987717,4528,277.224487,36,45.273,-357.142,255,8
1778396910066305,136997699,4519,276.673462,36,41.836,-357.561,255,8
1778396910119734,137007648,4510,276.122467,36,38.395,-357.947,255,8
1778396910120481,137017630,4501,275.571411,36,34.951,-358.299,255,8
1778396910121052,137027588,4493,275.081635,36,31.887,-358.585,255,8
1778396910121529,137037569,4484,274.530609,36,28.437,-358.875,255,8
1778396910122069,137047516,4475,273.979584,36,24.984,-359.132,255,8
1778396910122556,137057497,4467,273.489777,36,21.913,-359.332,255,8
1778396910136595,137067450,4458,272.938782,36,18.457,-359.527,255,8
1778396910144138,137077429,4449,272.387756,36,14.998,-359.687,255,8
1778396910189400,137087384,4440,271.836731,36,11.539,-359.815,255,8
1778396910189860,137097361,4431,271.285736,36,8.078,-359.909,255,8
1778396910190323,137107310,4423,270.795898,36,5.001,-359.965,255,8
1778396910190919,137117289,4414,270.244904,35,1.496,-349.997,255,8
1778396910191639,137127246,4405,269.693878,36,-1.923,-359.995,255,8
1778396910206764,137137222,4397,269.204102,36,-5.001,-359.965,255,8
1778396910246313,137147171,4388,268.653046,36,-8.462,-359.901,255,8
1778396910246973,137157154,4379,268.102051,36,-11.923,-359.803,255,8
1778396910247569,137167105,4370,267.551025,36,-15.383,-359.671,255,8
1778396910248299,137177083,4362,267.061218,36,-18.457,-359.527,255,8
1778396910261958,137187030,4353,266.510223,36,-21.913,-359.332,255,8
1778396910262480,137197013,4344,265.959167,35,-24.664,-349.130,255,8
1778396910302710,137206965,4335,265.408173,35,-28.020,-348.877,255,8
1778396910303358,137216941,4327,264.918365,35,-31.001,-348.624,255,8
1778396910303965,137226889,4318,264.367340,35,-34.353,-348.310,255,8
1778396910304408,137236866,4309,263.816315,35,-37.701,-347.964,255,8
1778396910317830,137246818,4301,263.326538,36,-41.836,-357.561,255,8
1778396910325309,137256795,4292,262.775513,36,-45.273,-357.142,255,8
1778396910337248,137266743,4283,262.224487,36,-48.705,-356.690,255,8
1778396910377728,137276718,4275,261.734711,36,-51.752,-356.261,255,8
1778396910378146,137286665,4266,261.183655,36,-55.176,-355.746,255,8
1778396910378640,137296646,4257,260.632660,37,-60.223,-365.066,255,8
1778396910379078,137306596,4248,260.081635,36,-62.008,-354.619,255,8
1778396910379931,137316573,4240,259.591827,37,-66.844,-363.912,255,8
1778396910394702,137326520,4231,259.040802,37,-70.341,-363.252,255,8
1778396910436087,137336494,4222,258.489807,37,-73.831,-362.559,255,8
1778396910436630,137346441,4213,257.938782,37,-77.314,-361.832,255,8
1778396910437103,137356420,4205,257.448975,37,-80.404,-361.158,255,8
1778396910437594,137366374,4196,256.897980,37,-83.874,-360.368,255,8
1778396910451952,137376349,4187,256.346924,37,-87.336,-359.545,255,8
1778396910452520,137386303,4179,255.857147,37,-90.406,-358.785,255,8
1778396910497692,137396277,4170,255.306122,37,-93.852,-357.899,255,8
1778396910498162,137406229,4161,254.755096,37,-97.290,-356.980,255,8
1778396910498706,137416210,4153,254.265305,37,-100.338,-356.135,255,8
1778396910499247,137426162,4144,253.714294,37,-103.758,-355.154,255,8
1778396910499687,137436140,4135,253.163254,37,-107.169,-354.140,255,8
1778396910514717,137446091,4126,252.612244,38,-113.558,-362.636,255,8
1778396910527822,137456068,4117,252.061218,38,-117.040,-361.527,255,8
1778396910528550,137466021,4109,251.571426,38,-120.126,-360.513,255,8
1778396910587095,137476001,4100,251.020416,38,-123.588,-359.341,255,8
1778396910587674,137485951,4091,250.469376,38,-127.038,-358.136,255,8
1778396910588182,137495928,4083,249.979584,38,-130.095,-357.037,255,8
1778396910588612,137505878,4074,249.428574,38,-133.522,-355.769,255,8
1778396910589095,137515854,4065,248.877563,38,-136.938,-354.469,255,8
1778396910589544,137525796,4057,248.387741,37,-136.280,-343.988,255,8
1778396910603948,137535774,4048,247.836731,36,-135.809,-333.401,255,8
1778396910651631,137545719,4039,247.285721,37,-142.870,-341.303,255,8
1778396910652166,137555699,4030,246.734695,38,-150.096,-349.101,255,8
1778396910652628,137565646,4022,246.244904,37,-149.046,-338.652,255,8
1778396910653001,137575625,4013,245.693893,38,-156.412,-346.317,255,8
1778396910653464,137585572,4004,245.142853,38,-159.736,-344.796,255,8
1778396910669164,137595541,3995,244.591843,39,-167.335,-352.277,255,8
1778396910669599,137605501,3987,244.102051,39,-170.340,-350.834,255,8
1778396910677312,137615482,3978,243.551010,39,-173.706,-349.179,255,8
1778396910733045,137625428,3969,243.000000,40,-181.596,-356.403,255,8
1778396910733582,137635405,3960,242.448975,40,-185.015,-354.640,255,8
1778396910734088,137645356,3952,241.959183,40,-188.040,-353.045,255,8
1778396910734599,137655331,3943,241.408173,40,-191.427,-351.220,255,8
1778396910735240,137665282,3934,240.857132,40,-194.796,-349.363,255,8
1778396910736785,137675257,3925,240.306122,40,-198.146,-347.474,255,8
1778396910751909,137685204,3917,239.816330,40,-201.109,-345.767,255,8
1778396910759110,137695178,3908,239.265289,40,-204.425,-343.817,255,8
1778396910771558,137705125,3899,238.714279,40,-207.722,-341.835,255,8
1778396910822220,137715103,3890,238.163269,40,-211.000,-339.822,255,8
1778396910822752,137725054,3882,237.673462,40,-213.898,-338.006,255,8
1778396910823245,137735026,3873,237.122452,40,-217.138,-335.933,255,8
1778396910823666,137744971,3864,236.571442,40,-220.359,-333.829,255,8
1778396910824152,137754946,3855,236.020401,40,-223.559,-331.695,255,8
1778396910839559,137764892,3847,235.530609,40,-226.386,-329.771,255,8
1778396910840116,137774871,3838,234.979599,40,-229.547,-327.579,255,8
1778396910847240,137784817,3829,234.428558,40,-232.687,-325.356,255,8
1778396910860335,137794792,3821,233.938766,40,-235.460,-323.355,255,8
1778396910910956,137804740,3812,233.387756,41,-244.523,-329.103,255,8
1778396910911452,137814714,3803,232.836731,41,-247.676,-326.736,255,8
1778396910911964,137824664,3795,232.346939,41,-250.460,-324.607,255,8
1778396910912513,137834645,3786,231.795929,41,-253.570,-322.183,255,8
1778396910913032,137844594,3777,231.244888,41,-256.657,-319.730,255,8
1778396910917263,137854573,3769,230.755096,41,-259.381,-317.524,255,8
1778396910933804,137864520,3760,230.204086,41,-262.423,-315.015,255,8
1778396910935044,137874497,3751,229.653046,41,-265.440,-312.477,255,8
1778396910949381,137884447,3743,229.163254,41,-268.101,-310.196,255,8
1778396911000179,137894423,3734,228.612244,41,-271.072,-307.603,255,8
1778396911000680,137904366,3726,228.122452,42,-280.367,-312.721,255,8
1778396911001060,137914349,3717,227.571426,42,-283.362,-310.010,255,8
1778396911001540,137924294,3709,227.081635,42,-286.001,-307.576,255,8
1778396911002174,137934268,3700,226.530624,42,-288.946,-304.812,255,8
1778396911004245,137944210,3691,225.979584,42,-291.864,-302.019,255,8
1778396911019139,137954179,3683,225.489792,42,-294.435,-299.513,255,8
1778396911064626,137964128,3674,224.938782,42,-297.302,-296.667,255,8
1778396911065128,137974104,3665,224.387741,42,-300.141,-293.794,255,8
1778396911065502,137984044,3657,223.897949,43,-309.848,-298.152,255,8
1778396911065901,137994015,3648,223.346939,43,-312.701,-295.158,255,8
1778396911066241,138003958,3640,222.857147,43,-315.212,-292.474,255,8
1778396911082664,138013932,3631,222.306122,43,-318.010,-289.429,255,8
1778396911083625,138023882,3623,221.816330,44,-327.926,-293.368,255,8
1778396911097164,138033855,3614,221.265320,44,-330.732,-290.201,255,8
1778396911140758,138043807,3605,220.714279,43,-325.928,-280.484,255,8
1778396911141661,138053781,3597,220.224487,43,-328.314,-277.687,255,8
1778396911142188,138063731,3588,219.673477,44,-338.666,-280.901,255,8
1778396911142588,138073705,3580,219.183685,44,-341.055,-277.996,255,8
1778396911143024,138083655,3571,218.632645,44,-343.713,-274.703,255,8
1778396911158161,138093634,3563,218.142853,45,-353.913,-277.931,255,8
1778396911199881,138103581,3554,217.591843,45,-356.569,-274.515,255,8
1778396911200300,138113554,3545,217.040817,45,-359.193,-271.073,255,8
1778396911200641,138123497,3537,216.551025,46,-369.530,-273.948,255,8
1778396911200974,138133472,3528,216.000015,46,-372.148,-270.381,255,8
1778396911202489,138143417,3520,215.510193,46,-374.446,-267.190,255,8
1778396911216963,138153393,3511,214.959183,46,-376.998,-263.577,255,8
1778396911229602,138163344,3503,214.469391,46,-379.237,-260.344,255,8
1778396911236332,138173315,3494,213.918350,46,-381.723,-256.685,255,8
1778396911288282,138183268,3486,213.428558,47,-392.249,-258.921,255,8
1778396911288793,138193238,3477,212.877548,47,-394.721,-255.137,255,8
1778396911289199,138203188,3469,212.387756,47,-396.888,-251.754,255,8
1778396911289562,138213164,3460,211.836731,47,-399.291,-247.925,255,8
1778396911289994,138223112,3452,211.346939,47,-401.395,-244.503,255,8
1778396911291706,138233088,3443,210.795929,47,-403.728,-240.631,255,8
1778396911305885,138243038,3435,210.306122,47,-405.771,-237.171,255,8
1778396911347424,138253011,3426,209.755096,47,-408.033,-233.258,255,8
1778396911347985,138262964,3417,209.204086,47,-410.257,-229.323,255,8
1778396911348329,138272937,3409,208.714294,47,-412.202,-225.808,255,8
1778396911348629,138282888,3400,208.163254,47,-414.355,-221.833,255,8
1778396911363018,138292865,3391,207.612244,47,-416.469,-217.838,255,8
1778396911363463,138302813,3383,207.122452,47,-418.316,-214.270,255,8
1778396911375463,138312790,3374,206.571426,47,-420.357,-210.237,255,8
1778396911415843,138322743,3365,206.020416,47,-422.360,-206.185,255,8
1778396911416260,138332714,3357,205.530624,46,-415.083,-198.257,255,8
1778396911416615,138342664,3348,204.979584,46,-416.971,-194.256,255,8
1778396911416985,138352641,3339,204.428574,46,-418.820,-190.237,255,8
1778396911430446,138362588,3331,203.938782,46,-420.431,-186.650,255,8
1778396911430928,138372561,3322,203.387741,46,-422.206,-182.598,255,8
1778396911477522,138382507,3313,202.836731,46,-423.943,-178.529,255,8
1778396911477983,138392485,3305,202.346939,46,-425.453,-174.898,255,8
1778396911478596,138402430,3296,201.795914,46,-427.116,-170.799,255,8
1778396911479251,138412410,3287,201.244904,46,-428.738,-166.683,255,8
1778396911479958,138422360,3278,200.693893,46,-430.322,-162.553,255,8
1778396911492775,138432327,3270,200.204071,46,-431.696,-158.868,255,8
1778396911548022,138442284,3261,199.653061,46,-433.203,-154.709,255,8
1778396911548641,138452255,3252,199.102051,46,-434.671,-150.536,255,8
1778396911549307,138462205,3244,198.612228,46,-435.942,-146.814,255,8
1778396911549810,138472184,3235,198.061218,46,-437.334,-142.615,255,8
1778396911550159,138482139,3226,197.510208,46,-438.685,-138.403,255,8
1778396911550462,138492113,3217,196.959183,46,-439.996,-134.178,255,8
1778396911563808,138502068,3209,196.469391,46,-441.127,-130.411,255,8
1778396911607590,138512052,3200,195.918381,46,-442.361,-126.163,255,8
1778396911608155,138522006,3191,195.367340,46,-443.553,-121.903,255,8
1778396911608607,138531992,3182,194.816330,46,-444.705,-117.632,255,8
1778396911609028,138541947,3174,194.326538,46,-445.695,-113.826,255,8
1778396911609364,138551924,3165,193.775497,46,-446.769,-109.534,255,8
1778396911622083,138561884,3156,193.224487,46,-447.801,-105.233,255,8
1778396911662379,138571860,3147,192.673462,46,-448.793,-100.921,255,8
1778396911662917,138581817,3139,192.183670,46,-449.639,-97.081,255,8
1778396911663378,138591799,3130,191.632660,46,-450.552,-92.753,255,8
1778396911663711,138601754,3121,191.081650,46,-451.423,-88.416,255,8
1778396911676905,138611733,3113,190.591827,46,-452.162,-84.553,255,8
1778396911678175,138621682,3104,190.040817,46,-452.955,-80.201,255,8
1778396911718920,138631655,3095,189.489807,46,-453.705,-75.841,255,8
1778396911719399,138641601,3087,188.999985,46,-454.337,-71.960,255,8
1778396911719714,138651572,3078,188.448975,46,-455.008,-67.587,255,8
1778396911719999,138661522,3069,187.897964,46,-455.637,-63.208,255,8
1778396911733123,138671491,3061,187.408157,46,-456.160,-59.311,255,8
1778396911746779,138681443,3052,186.857147,46,-456.710,-54.921,255,8
1778396911747562,138691419,3043,186.306137,46,-457.217,-50.527,255,8
1778396911790693,138701369,3035,185.816315,45,-447.683,-45.603,255,8
1778396911791140,138711354,3026,185.265305,46,-458.059,-42.213,255,8
1778396911791505,138721308,3018,184.775513,46,-458.403,-38.296,255,8
1778396911791842,138731288,3009,184.224472,46,-458.750,-33.886,255,8
1778396911805771,138741241,3000,183.673462,46,-459.055,-29.472,255,8
1778396911807039,138751221,2992,183.183670,46,-459.290,-25.547,255,8
1778396911847922,138761177,2983,182.632660,46,-459.514,-21.129,255,8
1778396911848398,138771154,2974,182.081635,46,-459.696,-16.709,255,8
1778396911848739,138781112,2966,181.591843,46,-459.822,-12.778,255,8
1778396911849114,138791095,2957,181.040833,46,-459.924,-8.356,255,8
1778396911863675,138801049,2949,180.551010,46,-459.979,-4.424,255,8
1778396911905317,138811023,2940,180.000000,46,-460.000,0.000,255,8
1778396911905789,138820978,2931,179.448975,46,-459.979,4.424,255,8
1778396911906176,138830950,2923,178.959183,46,-459.924,8.356,255,8
1778396911906490,138840904,2914,178.408157,46,-459.822,12.778,255,8
1778396911906776,138850879,2905,177.857147,46,-459.678,17.200,255,8
1778396911921427,138860830,2897,177.367340,46,-459.514,21.129,255,8
1778396911927976,138870807,2888,176.816330,46,-459.290,25.547,255,8
1778396911977225,138880761,2880,176.326538,46,-459.055,29.472,255,8
1778396911977738,138890740,2871,175.775513,46,-458.750,33.886,255,8
1778396911978177,138900692,2862,175.224487,46,-458.403,38.296,255,8
1778396911978571,138910667,2854,174.734695,46,-458.059,42.213,255,8
1778396911978936,138920620,2845,174.183670,46,-457.632,46.616,255,8
1778396911993842,138930596,2837,173.693878,46,-457.217,50.527,255,8
1778396911995536,138940546,2828,173.142853,46,-456.710,54.921,255,8
1778396912039467,138950518,2819,172.591843,46,-456.160,59.311,255,8
1778396912039943,138960462,2811,172.102036,46,-455.637,63.208,255,8
1778396912040387,138970439,2802,171.551025,46,-455.008,67.587,255,8
1778396912040867,138980389,2793,171.000000,46,-454.337,71.960,255,8
1778396912055254,138990365,2785,170.510208,46,-453.705,75.841,255,8
1778396912055764,139000310,2776,169.959183,46,-452.955,80.201,255,8
1778396912102184,139010286,2767,169.408157,46,-452.162,84.553,255,8
1778396912102681,139020232,2759,168.918365,46,-451.423,88.415,255,8
1778396912103111,139030207,2750,168.367340,46,-450.552,92.753,255,8
1778396912103541,139040156,2742,167.877548,46,-449.742,96.601,255,8
1778396912104345,139050130,2733,167.326523,46,-448.793,100.922,255,8
1778396912118506,139060082,2724,166.775513,46,-447.801,105.233,255,8
1778396912169186,139070059,2716,166.285721,46,-446.885,109.057,255,8
1778396912169686,139080008,2707,165.734695,46,-445.816,113.350,255,8
1778396912170123,139089988,2699,165.244904,46,-444.831,117.156,255,8
1778396912170481,139099941,2690,164.693878,45,-434.038,118.789,255,8
1778396912170894,139109919,2681,164.142853,45,-432.876,122.958,255,8
1778396912184412,139119872,2673,163.653061,45,-431.809,126.654,255,8
1778396912184929,139129846,2664,163.102036,44,-421.003,127.894,255,8
1778396912230947,139139801,2656,162.612244,44,-419.894,131.488,255,8
1778396912231397,139149781,2647,162.061218,44,-418.610,135.520,255,8
1778396912231833,139159733,2639,161.571426,44,-417.436,139.094,255,8
1778396912232214,139169706,2630,161.020416,43,-406.623,139.849,255,8
1778396912233122,139179656,2621,160.469391,43,-405.259,143.753,255,8
1778396912247694,139189631,2613,159.979599,42,-394.620,143.789,255,8
1778396912254602,139199575,2604,159.428574,42,-393.219,147.577,255,8
1778396912266331,139209547,2596,158.938782,42,-391.943,150.933,255,8
1778396912308036,139219495,2587,158.387756,42,-390.473,154.696,255,8
1778396912308600,139229471,2578,157.836731,42,-388.967,158.444,255,8
1778396912309088,139239417,2570,157.346939,42,-387.599,161.763,255,8
1778396912309472,139249395,2561,156.795914,41,-376.834,161.543,255,8
1778396912323496,139259339,2553,156.306122,41,-375.439,164.758,255,8
1778396912323973,139269307,2544,155.755112,41,-373.837,168.361,255,8
1778396912365444,139279253,2536,155.265305,41,-372.385,171.551,255,8
1778396912365984,139289226,2527,154.714294,41,-370.718,175.124,255,8
1778396912366415,139299171,2519,154.224487,41,-369.207,178.287,255,8
1778396912366826,139309144,2510,153.673462,40,-358.512,177.395,255,8
1778396912379481,139319092,2501,153.122452,40,-356.790,180.834,255,8
1778396912385945,139329067,2493,152.632645,40,-355.231,183.878,255,8
1778396912397909,139339019,2484,152.081635,40,-353.446,187.285,255,8
1778396912439431,139348984,2476,151.591827,40,-351.832,190.300,255,8
1778396912439897,139358930,2467,151.040817,40,-349.986,193.675,255,8
1778396912440239,139368916,2459,150.551025,40,-348.318,196.659,255,8
1778396912440556,139378861,2450,150.000000,40,-346.410,200.000,255,8
1778396912441284,139388838,2441,149.448990,40,-344.471,203.322,255,8
1778396912454272,139398784,2433,148.959183,40,-342.720,206.259,255,8
1778396912494376,139408760,2424,148.408157,39,-332.203,204.307,255,8
1778396912494855,139418708,2416,147.918365,39,-330.444,207.140,255,8
1778396912495236,139428691,2407,147.367340,39,-328.437,210.308,255,8
1778396912495676,139438633,2399,146.877548,39,-326.627,213.108,255,8
1778396912546354,139448610,2390,146.326523,39,-324.562,216.239,255,8
1778396912547001,139458569,2382,145.836731,38,-314.427,213.390,255,8
1778396912547606,139468542,2373,145.285721,39,-320.581,222.099,255,8
1778396912548059,139478489,2365,144.795914,39,-318.670,224.831,255,8
1778396912548453,139488465,2356,144.244904,38,-308.378,222.042,255,8
1778396912562314,139498410,2348,143.755112,37,-298.404,218.758,255,8
1778396912562788,139508385,2339,143.204086,37,-296.286,221.618,255,8
1778396912570123,139518333,2331,142.714294,37,-294.381,224.142,255,8
1778396912581016,139528307,2322,142.163269,37,-292.212,226.963,255,8
1778396912597612,139538260,2314,141.673462,37,-290.261,229.453,255,8
1778396912647321,139548235,2305,141.122452,36,-280.256,225.957,255,8
1778396912647766,139558186,2297,140.632645,37,-286.045,234.687,255,8
1778396912648159,139568167,2288,140.081635,37,-283.775,237.427,255,8
1778396912648475,139578124,2279,139.530609,36,-273.871,233.655,255,8
1778396912648883,139588099,2271,139.040817,37,-279.415,242.543,255,8
1778396912649323,139598046,2262,138.489807,37,-277.070,245.219,255,8
1778396912670346,139608022,2254,138.000000,36,-267.532,240.887,255,8
1778396912670866,139617969,2245,137.448975,35,-257.836,236.686,255,8
1778396912690255,139627943,2237,136.959183,35,-255.804,238.882,255,8
1778396912690728,139637893,2228,136.408157,34,-246.252,234.436,255,8
1778396912738551,139647868,2220,135.918365,34,-244.239,236.532,255,8
1778396912739045,139657814,2211,135.367340,33,-234.836,231.844,255,8
1778396912739498,139667779,2203,134.877548,33,-232.846,233.843,255,8
1778396912739938,139677735,2194,134.326523,32,-223.599,228.918,255,8
1778396912740389,139687704,2186,133.836731,33,-228.560,238.034,255,8
1778396912755667,139697655,2177,133.285721,33,-226.260,240.221,255,8
1778396912800506,139707631,2169,132.795929,32,-217.405,234.809,255,8
1778396912800946,139717581,2160,132.244904,33,-221.859,244.292,255,8
1778396912801512,139727556,2152,131.755112,33,-219.763,246.179,255,8
1778396912801919,139737504,2143,131.204086,33,-217.385,248.281,255,8
1778396912802347,139747473,2135,130.714279,32,-208.732,242.551,255,8
1778396912819087,139757423,2126,130.163269,32,-206.390,244.547,255,8
1778396912819537,139767402,2117,129.612244,30,-191.277,231.113,255,8
1778396912874223,139777351,2109,129.122452,31,-195.604,240.498,255,8
1778396912874644,139787326,2101,128.632645,29,-181.054,226.538,255,8
1778396912875094,139797275,2092,128.081635,29,-178.867,228.269,255,8
1778396912875461,139807250,2084,127.591835,29,-176.909,229.789,255,8
1778396912875902,139817193,2075,127.040810,29,-174.691,231.480,255,8
1778396912877370,139827165,2067,126.551018,28,-166.751,224.932,255,8
1778396912892731,139837113,2058,126.000000,28,-164.580,226.525,255,8
1778396912942563,139847087,2050,125.510208,29,-168.446,236.063,255,8
1778396912943014,139857038,2041,124.959183,30,-171.898,245.868,255,8
1778396912943460,139867011,2033,124.469391,31,-175.449,255.573,255,8
1778396912943862,139876957,2024,123.918365,31,-172.983,257.248,255,8
1778396912944231,139886932,2016,123.428574,31,-170.778,258.718,255,8
1778396912960597,139896873,2007,122.877556,30,-162.854,251.950,255,8
1778396912961031,139906853,1999,122.387756,31,-166.050,261.777,255,8
1778396913014843,139916805,1990,121.836739,30,-158.250,254.866,255,8
1778396913015363,139926778,1982,121.346931,31,-161.268,264.750,255,8
1778396913015881,139936730,1973,120.795921,33,-168.954,283.469,255,8
1778396913016296,139946704,1965,120.306122,32,-161.478,276.269,255,8
1778396913016741,139956646,1956,119.755104,32,-158.814,277.809,255,8
1778396913017150,139966620,1948,119.265305,32,-156.433,279.157,255,8
1778396913033824,139976563,1939,118.714279,32,-153.741,280.648,255,8
1778396913084565,139986540,1931,118.224487,32,-151.337,281.952,255,8
1778396913085040,139996484,1922,117.673470,32,-148.618,283.395,255,8
1778396913085532,140006457,1914,117.183670,32,-146.190,284.655,255,8
1778396913085940,140016398,1905,116.632652,32,-143.446,286.048,255,8
1778396913086362,140026371,1897,116.142860,33,-145.402,296.240,255,8
1778396913086793,140036319,1888,115.591835,33,-142.546,297.625,255,8
1778396913105005,140046291,1880,115.102043,32,-135.754,289.777,255,8
1778396913105496,140056237,1871,114.551018,33,-137.116,300.165,255,8
1778396913158925,140066211,1863,114.061226,33,-134.545,301.326,255,8
1778396913159439,140076164,1854,113.510208,33,-131.641,302.606,255,8
1778396913159939,140086129,1846,113.020416,33,-129.050,303.721,255,8
1778396913160309,140096075,1837,112.469391,33,-126.123,304.948,255,8
1778396913160664,140106040,1829,111.979584,33,-123.511,306.015,255,8
1778396913176318,140115988,1820,111.428574,34,-124.216,316.497,255,8
1778396913176808,140125958,1811,110.877556,34,-121.166,317.677,255,8
1778396913184532,140135902,1803,110.387764,34,-118.446,318.701,255,8
1778396913195488,140145877,1794,109.836739,34,-115.376,319.826,255,8
1778396913247437,140155814,1786,109.346931,34,-112.638,320.800,255,8
1778396913247983,140165783,1777,108.795921,34,-109.547,321.869,255,8
1778396913248430,140175733,1769,108.306122,34,-106.792,322.793,255,8
1778396913248939,140185703,1761,107.816330,34,-104.029,323.694,255,8
1778396913249351,140195639,1752,107.265305,34,-100.911,324.680,255,8
1778396913266548,140205613,1743,106.714279,34,-97.784,325.635,255,8
1778396913267054,140215546,1735,106.224487,34,-94.997,326.459,255,8
1778396913317255,140225520,1727,105.734695,34,-92.202,327.259,255,8
1778396913317783,140235469,1718,105.183678,34,-89.051,328.131,255,8
1778396913318307,140245444,1709,104.632652,34,-85.891,328.972,255,8
1778396913318720,140255391,1701,104.142860,34,-83.076,329.694,255,8
1778396913319199,140265365,1693,103.653069,34,-80.254,330.393,255,8
1778396913337787,140275307,1684,103.102043,34,-77.073,331.149,255,8
1778396913338307,140285284,1675,102.551025,34,-73.885,331.875,255,8
1778396913390238,140295228,1667,102.061226,34,-71.045,332.494,255,8
1778396913390727,140305210,1658,101.510208,34,-67.844,333.162,255,8
1778396913391194,140315156,1650,101.020401,34,-64.994,333.730,255,8
1778396913391693,140325132,1641,100.469391,34,-61.781,334.340,255,8
1778396913392180,140335077,1633,99.979591,35,-60.654,344.704,255,8
1778396913392580,140345051,1624,99.428574,34,-55.698,335.407,255,8
1778396913409569,140354995,1616,98.938774,34,-52.829,335.871,255,8
1778396913417630,140364964,1607,98.387749,35,-51.055,346.256,255,8
1778396913429336,140374911,1599,97.897957,34,-46.719,336.775,255,8
1778396913478127,140384886,1590,97.346939,34,-43.478,337.209,255,8
1778396913478617,140394824,1582,96.857140,34,-40.594,337.568,255,8
1778396913478970,140404800,1573,96.306122,34,-37.346,337.943,255,8
1778396913479315,140414750,1565,95.816330,34,-34.456,338.250,255,8
1778396913479733,140424725,1557,95.326538,34,-31.563,338.532,255,8
1778396913481993,140434676,1548,94.775513,34,-28.306,338.820,255,8
1778396913497333,140444648,1539,94.224487,34,-25.046,339.076,255,8
1778396913549845,140454594,1531,93.734695,34,-22.146,339.278,255,8
1778396913550446,140464570,1523,93.244896,34,-19.245,339.455,255,8
1778396913551053,140474519,1514,92.693878,34,-15.980,339.624,255,8
1778396913551571,140484498,1506,92.204079,34,-13.076,339.748,255,8
1778396913552084,140494450,1497,91.653053,34,-9.808,339.859,255,8
1778396913552532,140504424,1489,91.163261,34,-6.902,339.930,255,8
1778396913571140,140514371,1480,90.612244,34,-3.633,339.981,255,8
1778396913571728,140524349,1472,90.122452,34,-0.727,339.999,255,8
1778396913625553,140534297,1463,89.571426,34,2.543,339.990,255,8
1778396913626157,140544266,1455,89.081635,34,5.449,339.956,255,8
1778396913626606,140554207,1446,88.530609,34,8.719,339.888,255,8
1778396913627043,140564178,1438,88.040817,34,11.624,339.801,255,8
1778396913627483,140574117,1429,87.489792,34,14.891,339.674,255,8
1778396913646734,140584085,1421,87.000000,35,18.318,349.520,255,8
1778396913647343,140594032,1412,86.448982,35,21.678,349.328,255,8
1778396913658511,140604002,1404,85.959183,34,23.959,339.155,255,8
1778396913662189,140613945,1395,85.408165,34,27.219,338.909,255,8
1778396913721911,140623910,1387,84.918365,34,30.116,338.664,255,8
1778396913722379,140633852,1378,84.367348,35,34.353,348.310,255,8
1778396913722913,140643819,1370,83.877556,35,37.329,348.004,255,8
1778396913723426,140653768,1361,83.326530,34,39.512,337.696,255,8
1778396913723901,140663739,1353,82.836739,34,42.397,337.346,255,8
1778396913724329,140673689,1344,82.285713,34,45.639,336.923,255,8
1778396913743163,140683668,1336,81.795914,34,48.518,336.520,255,8
1778396913743673,140693612,1327,81.244896,35,53.274,345.922,255,8
1778396913753307,140703584,1319,80.755104,34,54.623,335.584,255,8
1778396913817946,140713534,1310,80.204079,34,57.847,335.043,255,8
1778396913818501,140723512,1302,79.714287,35,62.495,344.375,255,8
1778396913818871,140733458,1293,79.163261,35,65.804,343.758,255,8
1778396913819253,140743436,1285,78.673470,35,68.740,343.183,255,8
1778396913819701,140753380,1277,78.183670,35,71.671,342.583,255,8
1778396913820217,140763354,1268,77.632652,35,74.963,341.878,255,8
1778396913820634,140773300,1260,77.142860,35,77.882,341.225,255,8
1778396913838511,140783279,1251,76.591835,35,81.160,340.460,255,8
1778396913838951,140793223,1243,76.102043,35,84.068,339.754,255,8
1778396913898077,140803202,1234,75.551018,35,87.331,338.930,255,8
1778396913898628,140813150,1226,75.061226,35,90.225,338.171,255,8
1778396913899123,140823128,1217,74.510208,35,93.473,337.287,255,8
1778396913899579,140833076,1209,74.020409,35,96.353,336.476,255,8
1778396913900078,140843054,1200,73.469391,35,99.585,335.534,255,8
1778396913900482,140853003,1192,72.979591,35,102.449,334.670,255,8
1778396913918724,140862983,1183,72.428574,35,105.663,333.669,255,8
1778396913919247,140872934,1175,71.938774,35,108.512,332.754,255,8
1778396913966700,140882907,1166,71.387756,35,111.707,331.695,255,8
1778396913967337,140892855,1158,70.897964,35,114.538,330.728,255,8
1778396913967905,140902834,1150,70.408165,35,117.361,329.737,255,8
1778396913968366,140912784,1141,69.857140,35,120.527,328.593,255,8
1778396913968735,140922761,1133,69.367348,35,123.331,327.551,255,8
1778396913986747,140932720,1124,68.816330,36,130.089,335.674,255,8
1778396913987246,140942697,1116,68.326530,36,132.954,334.549,255,8
1778396914048836,140952648,1107,67.775513,36,136.165,333.255,255,8
1778396914049407,140962632,1099,67.285713,36,139.009,332.079,255,8
1778396914049955,140972584,1091,66.795921,36,141.843,330.879,255,8
1778396914050446,140982566,1082,66.244896,35,140.990,320.346,255,8
1778396914050929,140992522,1074,65.755096,36,147.830,328.247,255,8
1778396914051366,141002506,1065,65.204086,36,150.979,326.811,255,8
1778396914068573,141012459,1057,64.714287,36,153.768,325.508,255,8
1778396914069109,141022440,1049,64.224495,36,156.545,324.182,255,8
1778396914076490,141032395,1040,63.673470,36,159.655,322.661,255,8
1778396914090153,141042376,1032,63.183670,36,162.407,321.285,255,8
1778396914162000,141052326,1023,62.632656,36,165.490,319.708,255,8
1778396914162534,141062308,1015,62.142857,36,168.217,318.282,255,8
1778396914163046,141072263,1006,61.591839,36,171.270,316.649,255,8
1778396914163526,141082243,998,61.102039,37,178.803,323.928,255,8
1778396914163923,141092198,990,60.612244,37,181.566,322.388,255,8
1778396914164409,141102181,981,60.061226,37,184.657,320.627,255,8
1778396914164888,141112131,973,59.571426,37,187.392,319.037,255,8
1778396914165636,141122116,964,59.020412,38,195.598,325.793,255,8
1778396914183952,141132067,956,58.530613,37,193.156,315.580,255,8
1778396914185514,141142049,948,58.040813,37,195.847,313.917,255,8
1778396914235131,141152004,939,57.489796,38,204.231,320.452,255,8
1778396914235565,141161978,931,57.000000,38,206.963,318.695,255,8
1778396914236017,141171927,922,56.448978,38,210.018,316.690,255,8
1778396914236420,141181907,914,55.959183,38,212.718,314.883,255,8
1778396914236786,141191856,905,55.408161,38,215.736,312.823,255,8
1778396914294953,141201837,897,54.918369,38,218.402,310.967,255,8
1778396914295498,141211782,889,54.428570,38,221.053,309.089,255,8
1778396914295967,141221766,880,53.877548,38,224.015,306.948,255,8
1778396914296390,141231715,872,53.387756,39,232.595,313.049,255,8
1778396914296813,141241693,863,52.836735,39,235.594,310.798,255,8
1778396914297202,141251642,855,52.346939,39,238.243,308.772,255,8
1778396914316263,141261617,847,51.857143,39,240.873,306.725,255,8
1778396914316832,141271566,838,51.306122,39,243.812,304.394,255,8
1778396914324278,141281540,830,50.816326,39,246.405,302.299,255,8
1778396914385503,141291489,821,50.265305,39,249.301,299.915,255,8
1778396914386104,141301461,813,49.775513,39,251.856,297.773,255,8
1778396914386778,141311410,805,49.285713,39,254.392,295.609,255,8
1778396914387299,141321380,797,48.795918,40,263.497,300.947,255,8
1778396914387796,141331329,788,48.244900,40,266.379,298.399,255,8
1778396914388266,141341302,780,47.755100,40,268.920,296.111,255,8
1778396914407184,141351247,771,47.204082,40,271.756,293.511,255,8
1778396914407964,141361222,763,46.714287,40,274.255,291.177,255,8
1778396914415294,141371170,755,46.224487,40,276.734,288.822,255,8
1778396914477421,141381139,746,45.673470,40,279.499,286.148,255,8
1778396914478073,141391088,738,45.183674,40,281.935,283.748,255,8
1778396914478450,141401064,729,44.632652,40,284.650,281.023,255,8
1778396914478814,141411009,721,44.142857,40,287.042,278.580,255,8
1778396914479211,141420980,713,43.653061,40,289.413,276.116,255,8
1778396914479655,141430924,704,43.102043,40,292.055,273.320,255,8
1778396914498998,141440890,696,42.612244,40,294.381,270.813,255,8
1778396914499625,141450840,687,42.061226,40,296.972,267.970,255,8
1778396914506093,141460811,679,41.571430,40,299.252,265.421,255,8
1778396914561502,141470759,671,41.081635,40,301.510,262.853,255,8
1778396914562176,141480735,662,40.530609,40,304.024,259.942,255,8
1778396914562683,141490680,654,40.040817,40,306.235,257.333,255,8
1778396914563079,141500650,646,39.551022,41,316.134,261.074,255,8
1778396914563414,141510597,637,39.000000,41,318.630,258.021,255,8
1778396914563730,141520572,629,38.510204,41,320.824,255.288,255,8
1778396914581495,141530519,621,38.020409,41,322.994,252.536,255,8
1778396914582105,141540493,612,37.469387,41,325.408,249.418,255,8
1778396914629032,141550448,604,36.979591,41,327.528,246.628,255,8
1778396914629660,141560426,595,36.428574,41,329.885,243.466,255,8
1778396914630095,141570370,587,35.938778,41,331.954,240.637,255,8
1778396914630601,141580350,579,35.448982,41,333.999,237.791,255,8
1778396914631452,141590288,570,34.897957,41,336.271,234.568,255,8
1778396914649456,141600263,562,34.408165,41,338.264,231.685,255,8
1778396914651230,141610209,553,33.857143,41,340.476,228.421,255,8
1778396914703246,141620184,545,33.367348,41,342.416,225.502,255,8
1778396914703734,141630140,537,32.877548,41,344.331,222.567,255,8
1778396914704201,141640117,529,32.387753,41,346.221,219.615,255,8
1778396914704600,141650067,520,31.836735,41,348.317,216.275,255,8
1778396914705065,141660039,512,31.346939,41,350.154,213.290,255,8
1778396914770344,141669987,503,30.795919,41,352.189,209.912,255,8
1778396914770917,141679962,495,30.306122,41,353.970,206.894,255,8
1778396914771420,141689906,487,29.816326,41,355.726,203.861,255,8
1778396914771872,141699880,478,29.265306,41,357.670,200.430,255,8
1778396914772254,141709831,470,28.775511,41,359.370,197.365,255,8
1778396914772712,141719809,462,28.285715,41,361.044,194.286,255,8
1778396914773149,141729751,453,27.734694,41,362.896,190.805,255,8
1778396914790845,141739731,445,27.244898,41,364.514,187.696,255,8
1778396914791283,141749683,437,26.755102,41,366.105,184.573,255,8
1778396914839282,141759656,428,26.204082,41,367.863,181.044,255,8
1778396914839772,141769605,420,25.714287,41,369.397,177.892,255,8
1778396914840121,141779582,412,25.224489,40,361.858,170.466,255,8
1778396914840502,141789537,404,24.734694,40,363.302,167.367,255,8
1778396914840859,141799515,395,24.183674,40,364.895,163.865,255,8
1778396914857632,141809460,387,23.693878,40,366.282,160.740,255,8
1778396914859360,141819439,379,23.204082,40,367.643,157.603,255,8
1778396914906210,141829390,371,22.714287,40,368.977,154.454,255,8
1778396914906686,141839368,363,22.224491,40,370.284,151.295,255,8
1778396914907090,141849315,355,21.734694,40,371.563,148.124,255,8
1778396914907515,141859289,347,21.244898,40,372.816,144.942,255,8
1778396914908972,141869236,338,20.693876,40,374.193,141.350,255,8
1778396914924602,141879213,330,20.204081,40,375.387,138.146,255,8
1778396914939227,141889162,322,19.714287,40,376.555,134.932,255,8
1778396914939701,141899134,314,19.224491,40,377.694,131.708,255,8
1778396914987028,141909084,306,18.734694,40,378.806,128.475,255,8
1778396914987502,141919057,298,18.244898,40,379.891,125.232,255,8
1778396914987952,141929005,289,17.693876,40,381.078,121.572,255,8
1778396914988391,141938978,281,17.204082,40,382.103,118.310,255,8
1778396914988745,141948923,273,16.714287,40,383.100,115.040,255,8
1778396915004765,141958902,265,16.224489,40,384.070,111.761,255,8
1778396915050672,141968846,257,15.734694,40,385.011,108.473,255,8
1778396915051160,141978820,249,15.244898,40,385.924,105.178,255,8
1778396915051587,141988769,241,14.755103,40,386.809,101.875,255,8
1778396915051925,141998741,233,14.265306,40,387.666,98.565,255,8
1778396915052272,142008686,224,13.714286,40,388.596,94.832,255,8
1778396915068672,142018659,216,13.224489,40,389.392,91.507,255,8
1778396915069073,142028606,208,12.734694,40,390.160,88.175,255,8
1778396915077555,142038579,200,12.244899,40,390.900,84.836,255,8
1778396915126834,142048531,192,11.755101,40,391.611,81.492,255,8
1778396915127349,142058504,184,11.265306,40,392.293,78.141,255,8
1778396915127918,142068456,176,10.775511,40,392.947,74.785,255,8
1778396915128330,142078429,167,10.224489,40,393.648,71.002,255,8
1778396915128898,142088372,159,9.734694,40,394.241,67.634,255,8
1778396915145535,142098350,151,9.244898,40,394.804,64.262,255,8
1778396915146751,142108300,144,8.816326,40,395.274,61.307,255,8
1778396915190965,142118274,140,8.571428,39,385.644,58.126,255,8
1778396915191375,142128223,139,8.510204,39,385.706,57.714,255,8
1778396915191799,142138196,139,8.510204,39,385.706,57.714,255,8
1778396915192169,142148141,140,8.571428,39,385.644,58.126,255,8
1778396915208484,142158117,140,8.571428,40,395.532,59.617,255,8
1778396915208928,142168062,140,8.571428,40,395.532,59.617,255,8
1778396915217386,142178038,140,8.571428,40,395.532,59.617,255,8
1778396915269096,142187988,140,8.571428,40,395.532,59.617,255,8
1778396915269644,142197959,140,8.571428,40,395.532,59.617,255,8
1778396915270034,142207905,140,8.571428,40,395.532,59.617,255,8
1778396915270364,142217878,141,8.632653,40,395.468,60.040,255,8
1778396915270662,142227827,144,8.816326,40,395.274,61.307,255,8
1778396915287975,142237800,147,9.000000,40,395.075,62.574,255,8
1778396915288435,142247749,149,9.122449,40,394.941,63.418,255,8
1778396915371471,142257725,153,9.367347,40,394.666,65.105,255,8
1778396915372019,142267676,156,9.551021,40,394.455,66.370,255,8
1778396915372419,142277644,159,9.734694,40,394.241,67.634,255,8
1778396915372802,142287592,162,9.918367,40,394.022,68.898,255,8
1778396915373177,142297562,165,10.102040,40,393.799,70.161,255,8
1778396915373495,142307505,168,10.285714,40,393.572,71.423,255,8
1778396915373791,142317478,171,10.469388,40,393.341,72.684,255,8
1778396915374133,142327423,175,10.714286,40,393.027,74.365,255,8
1778396915374696,142337394,179,10.959184,40,392.705,76.044,255,8
1778396915390496,142347340,182,11.142858,40,392.459,77.302,255,8
1778396915436489,142357311,186,11.387755,40,392.125,78.979,255,8
1778396915436908,142367257,190,11.632653,40,391.784,80.654,255,8
1778396915437353,142377231,193,11.816327,40,391.524,81.910,255,8
1778396915437725,142387176,197,12.061225,40,391.170,83.583,255,8
1778396915438205,142397149,201,12.306123,40,390.809,85.254,255,8
1778396915454921,142407098,205,12.551021,40,390.441,86.924,255,8
1778396915455469,142417076,209,12.795918,40,390.066,88.592,255,8
1778396915505986,142427024,213,13.040815,40,389.684,90.258,255,8
1778396915506386,142436992,217,13.285715,40,389.294,91.923,255,8
1778396915506778,142446935,221,13.530613,40,388.898,93.586,255,8
1778396915507122,142456907,225,13.775511,40,388.494,95.247,255,8
1778396915507450,142466848,229,14.020408,40,388.084,96.907,255,8
1778396915525997,142476815,233,14.265306,40,387.666,98.565,255,8
1778396915526431,142486762,238,14.571429,40,387.134,100.635,255,8
1778396915578601,142496734,242,14.816327,40,386.700,102.289,255,8
1778396915579090,142506681,247,15.122449,40,386.148,104.353,255,8
1778396915579458,142516653,251,15.367347,40,385.699,106.003,255,8
1778396915579767,142526602,255,15.612246,40,385.242,107.650,255,8
1778396915580069,142536575,260,15.918367,40,384.661,109.707,255,8
1778396915598122,142546523,265,16.224489,40,384.070,111.761,255,8
1778396915598660,142556496,269,16.469389,40,383.589,113.401,255,8
1778396915646828,142566442,274,16.775511,40,382.977,115.449,255,8
1778396915647335,142576409,279,17.081633,40,382.355,117.494,255,8
1778396915647708,142586353,283,17.326530,40,381.849,119.127,255,8
1778396915648176,142596323,288,17.632652,40,381.207,121.165,255,8
1778396915648521,142606267,293,17.938776,40,380.554,123.200,255,8
1778396915665090,142616231,298,18.244898,40,379.891,125.232,255,8
1778396915665562,142626177,303,18.551020,40,379.216,127.260,255,8
1778396915712789,142636148,307,18.795919,40,378.669,128.879,255,8
1778396915713332,142646097,313,19.163265,40,377.835,131.304,255,8
1778396915713873,142656072,317,19.408163,40,377.270,132.918,255,8
1778396915714279,142666021,323,19.775511,40,376.410,135.334,255,8
1778396915714668,142675996,328,20.081633,40,375.682,137.343,255,8
1778396915731253,142685943,333,20.387754,40,374.943,139.349,255,8
1778396915731672,142695920,338,20.693876,40,374.193,141.350,255,8
1778396915819338,142705871,343,21.000000,40,373.432,143.347,255,8
1778396915819867,142715845,349,21.367348,41,381.818,149.382,255,8
1778396915820390,142725796,354,21.673470,41,381.015,151.420,255,8
1778396915820854,142735776,360,22.040817,41,380.036,153.859,255,8
1778396915821273,142745730,365,22.346939,41,379.208,155.888,255,8
1778396915821671,142755703,371,22.714287,41,378.201,158.316,255,8
1778396915822020,142765653,376,23.020407,41,377.350,160.334,255,8
1778396915822427,142775626,382,23.387754,41,376.314,162.750,255,8
1778396915822762,142785577,388,23.755102,41,375.263,165.160,255,8
1778396915838864,142795553,393,24.061226,41,374.375,167.162,255,8
1778396915842506,142805499,399,24.428574,41,373.296,169.559,255,8
1778396915885587,142815469,405,24.795918,40,363.123,167.755,255,8
1778396915886051,142825414,411,25.163265,41,371.091,174.332,255,8
1778396915886400,142835387,417,25.530611,41,369.966,176.707,255,8
1778396915886730,142845334,423,25.897959,41,368.825,179.076,255,8
1778396915901767,142855299,429,26.265306,41,367.669,181.437,255,8
1778396915902211,142865243,435,26.632654,41,366.499,183.790,255,8
1778396915953378,142875215,441,27.000002,41,365.313,186.136,255,8
1778396915953871,142885169,447,27.367346,41,364.112,188.474,255,8
1778396915954272,142895138,453,27.734694,41,362.896,190.805,255,8
1778396915954652,142905091,460,28.163265,41,361.459,193.514,255,8
1778396915955049,142915059,466,28.530611,41,360.210,195.828,255,8
1778396916011768,142924998,472,28.897959,41,358.948,198.133,255,8
1778396916012183,142934963,479,29.326530,41,357.455,200.812,255,8
1778396916012600,142944913,485,29.693878,41,356.161,203.100,255,8
1778396916013040,142954887,491,30.061226,41,354.851,205.379,255,8
1778396916013450,142964834,498,30.489796,41,353.305,208.028,255,8
1778396916013876,142974807,504,30.857143,41,351.964,210.289,255,8
1778396916029739,142984748,511,31.285715,41,350.381,212.915,255,8
1778396916030268,142994714,518,31.714287,41,348.779,215.530,255,8
1778396916107576,143004659,525,32.142857,41,347.157,218.133,255,8
1778396916108093,143014630,531,32.510204,41,345.751,220.354,255,8
1778396916108514,143024575,538,32.938778,41,344.093,222.934,255,8
1778396916108986,143034541,545,33.367348,41,342.416,225.502,255,8
1778396916109404,143044486,552,33.795921,41,340.720,228.057,255,8
1778396916109817,143054448,559,34.224491,41,339.004,230.599,255,8
1778396916110240,143064388,566,34.653061,41,337.270,233.128,255,8
1778396916110607,143074358,573,35.081635,41,335.517,235.645,255,8
1778396916127476,143084303,580,35.510204,41,333.745,238.148,255,8
1778396916127932,143094275,587,35.938778,41,331.954,240.637,255,8
1778396916187145,143104213,594,36.367348,41,330.145,243.114,255,8
1778396916187591,143114180,602,36.857143,41,328.055,245.927,255,8
1778396916188051,143124125,609,37.285713,41,326.206,248.374,255,8
1778396916188500,143134091,616,37.714287,41,324.339,250.807,255,8
1778396916188872,143144036,624,38.204082,41,322.183,253.570,255,8
1778396916189218,143154000,631,38.632652,41,320.278,255.973,255,8
1778396916204939,143163941,639,39.122448,41,318.078,258.702,255,8
1778396916249232,143173912,646,39.551022,41,316.134,261.074,255,8
1778396916249725,143183854,654,40.040817,42,321.546,270.200,255,8
1778396916250161,143193821,661,40.469387,41,311.909,266.107,255,8
1778396916250596,143203768,669,40.959183,41,309.622,268.764,255,8
1778396916251008,143213744,677,41.448982,40,299.818,264.781,255,8
1778396916264897,143223690,685,41.938778,40,297.544,267.334,255,8
1778396916306897,143233663,692,42.367348,40,295.536,269.553,255,8
1778396916307789,143243612,700,42.857143,40,293.221,272.069,255,8
1778396916308362,143253585,708,43.346939,40,290.884,274.566,255,8
1778396916308757,143263533,716,43.836735,40,288.527,277.042,255,8
1778396916309167,143273507,724,44.326530,40,286.148,279.499,255,8
1778396916325252,143283451,732,44.816326,40,283.748,281.935,255,8
1778396916326071,143293421,740,45.306122,40,281.328,284.350,255,8
1778396916372122,143303370,748,45.795918,40,278.886,286.744,255,8
1778396916372932,143313340,757,46.346939,40,276.116,289.413,255,8
1778396916373570,143323288,765,46.836735,40,273.632,291.763,255,8
1778396916374082,143333263,773,47.326530,40,271.128,294.091,255,8
1778396916377898,143343207,781,47.816326,40,268.604,296.398,255,8
1778396916391956,143353188,790,48.367348,40,265.741,298.968,255,8
1778396916432440,143363136,798,48.857147,40,263.175,301.229,255,8
1778396916433099,143373118,807,49.408161,40,260.266,303.746,255,8
1778396916433508,143383066,815,49.897961,40,257.660,305.959,255,8
1778396916433854,143393045,823,50.387753,39,248.660,300.447,255,8
1778396916435114,143402993,832,50.938774,39,245.759,302.824,255,8
1778396916451382,143412968,841,51.489799,39,242.835,305.174,255,8
1778396916495796,143422914,849,51.979591,39,240.217,307.239,255,8
1778396916496223,143432898,858,52.530613,39,237.252,309.535,255,8
1778396916496683,143442846,867,53.081635,38,228.257,303.807,255,8
1778396916497088,143452818,875,53.571426,34,201.899,273.563,255,8
1778396916497446,143462756,884,54.122452,34,199.259,275.492,255,8
1778396916514914,143472735,893,54.673466,35,202.382,285.554,255,8
1778396916515382,143482682,901,55.163265,35,199.934,287.274,255,8
1778396916565522,143492656,910,55.714287,35,197.162,289.184,255,8
1778396916566072,143502604,918,56.204079,36,200.245,299.169,255,8
1778396916566672,143512586,927,56.755104,37,202.841,309.444,255,8
1778396916567216,143522537,936,57.306118,38,205.257,319.796,255,8
1778396916567801,143532509,944,57.795918,38,202.516,321.539,255,8
1778396916585764,143542457,953,58.346939,37,194.167,314.959,255,8
1778396916586260,143552431,962,58.897957,37,191.129,316.812,255,8
1778396916712475,143562375,970,59.387756,37,188.413,318.434,255,8
1778396916713018,143572346,979,59.938778,37,185.342,320.232,255,8
1778396916713457,143582291,988,60.489796,37,182.254,321.999,255,8
1778396916713851,143592269,997,61.040817,37,179.149,323.737,255,8
1778396916714202,143602211,1005,61.530609,37,176.375,325.257,255,8
1778396916714521,143612186,1014,62.081631,37,173.239,326.938,255,8
1778396916714871,143622128,1023,62.632656,36,165.490,319.708,255,8
1778396916715196,143632105,1032,63.183670,36,162.407,321.285,255,8
1778396916715501,143642048,1041,63.734695,36,159.310,322.832,255,8
1778396916715865,143652019,1049,64.224495,36,156.545,324.182,255,8
1778396916716275,143661963,1058,64.775505,36,153.420,325.672,255,8
1778396916716724,143671931,1067,65.326530,36,150.281,327.133,255,8
1778396916717158,143681880,1076,65.877556,36,147.128,328.563,255,8
1778396916733960,143691854,1085,66.428574,36,143.961,329.962,255,8
1778396916734471,143701803,1093,66.918365,36,141.135,331.181,255,8
1778396916792019,143711777,1102,67.469383,36,137.944,332.523,255,8
1778396916792586,143721722,1111,68.020409,36,134.739,333.834,255,8
1778396916793044,143731694,1120,68.571426,36,131.523,335.115,255,8
1778396916793398,143741640,1129,69.122444,36,128.294,336.364,255,8
1778396916793818,143751617,1137,69.612244,35,121.930,328.075,255,8
1778396916794177,143761565,1146,70.163269,36,122.163,338.639,255,8
1778396916811352,143771538,1155,70.714287,35,115.598,330.359,255,8
1778396916811876,143781488,1163,71.204079,35,112.769,331.335,255,8
1778396916950096,143791458,1172,71.755104,35,109.578,332.404,255,8
1778396916950611,143801412,1181,72.306122,35,106.376,333.443,255,8
1778396916951130,143811384,1190,72.857147,35,103.164,334.450,255,8
1778396916951532,143821330,1199,73.408157,35,99.943,335.427,255,8
1778396916951927,143831305,1207,73.897957,35,97.072,336.269,255,8
1778396916952280,143841247,1216,74.448982,35,93.834,337.187,255,8
1778396916952699,143851220,1225,75.000000,35,90.587,338.074,255,8
1778396916953191,143861167,1233,75.489799,35,87.693,338.836,255,8
1778396916953577,143871140,1242,76.040817,34,82.018,329.959,255,8
1778396916954047,143881086,1251,76.591835,35,81.160,340.460,255,8
1778396916954421,143891059,1259,77.081635,35,78.247,341.141,255,8
1778396916954906,143901014,1268,77.632652,34,72.821,332.110,255,8
1778396916955352,143910988,1277,78.183670,35,71.671,342.583,255,8
1778396916955789,143920929,1285,78.673470,35,68.740,343.183,255,8
1778396916973539,143930905,1294,79.224487,34,63.567,334.005,255,8
1778396916974106,143940851,1303,79.775513,34,60.352,334.601,255,8
1778396917038442,143950825,1312,80.326530,34,57.131,335.166,255,8
1778396917039065,143960774,1320,80.816322,34,54.264,335.642,255,8
1778396917039610,143970743,1329,81.367348,34,51.034,336.148,255,8
1778396917040095,143980691,1337,81.857140,34,48.158,336.572,255,8
1778396917040585,143990661,1346,82.408165,34,44.919,337.020,255,8
1778396917041045,144000608,1355,82.959183,34,41.676,337.436,255,8
1778396917041394,144010579,1363,83.448975,34,38.790,337.780,255,8
1778396917058582,144020524,1372,84.000000,34,35.540,338.137,255,8
1778396917059476,144030500,1381,84.551025,34,32.286,338.464,255,8
1778396917149987,144040447,1389,85.040817,35,30.256,348.690,255,8
1778396917150508,144050418,1398,85.591835,34,26.133,338.994,255,8
1778396917150988,144060358,1407,86.142853,34,22.871,339.230,255,8
1778396917151470,144070337,1415,86.632652,34,19.971,339.413,255,8
1778396917151918,144080280,1424,87.183678,34,16.706,339.589,255,8
1778396917152422,144090252,1432,87.673470,34,13.802,339.720,255,8
1778396917152946,144100200,1441,88.224487,34,10.534,339.837,255,8
1778396917153454,144110172,1450,88.775513,34,7.266,339.922,255,8
1778396917153905,144120117,1458,89.265305,34,4.360,339.972,255,8
1778396917173533,144130081,1467,89.816330,34,1.090,339.998,255,8
1778396917174083,144140034,1475,90.306129,34,-1.817,339.995,255,8
1778396917282198,144149997,1484,90.857147,34,-5.086,339.962,255,8
1778396917282727,144159938,1493,91.408157,34,-8.355,339.897,255,8
1778396917283128,144169897,1501,91.897964,34,-11.261,339.813,255,8
1778396917283534,144179839,1510,92.448975,34,-14.528,339.689,255,8
1778396917284000,144189802,1519,93.000000,34,-17.794,339.534,255,8
1778396917284418,144199746,1527,93.489799,34,-20.696,339.370,255,8
1778396917284810,144209708,1536,94.040810,34,-23.959,339.155,255,8
1778396917285162,144219651,1544,94.530617,34,-26.857,338.938,255,8
1778396917285549,144229615,1553,95.081627,34,-30.115,338.664,255,8
1778396917286033,144239560,1561,95.571434,34,-33.009,338.394,255,8
1778396917286489,144249528,1570,96.122452,34,-36.262,338.061,255,8
1778396917287421,144259471,1579,96.673462,34,-39.512,337.696,255,8
1778396917306333,144269439,1587,97.163269,34,-42.397,337.346,255,8
1778396917307205,144279382,1596,97.714294,34,-45.639,336.923,255,8
1778396917362967,144289352,1604,98.204086,34,-48.518,336.520,255,8
1778396917363560,144299292,1613,98.755104,34,-51.752,336.038,255,8
1778396917364024,144309261,1621,99.244896,34,-54.623,335.584,255,8
1778396917364378,144319198,1630,99.795921,34,-57.847,335.043,255,8
1778396917364755,144329165,1639,100.346947,34,-61.067,334.471,255,8
1778396917366641,144339114,1647,100.836739,34,-63.924,333.937,255,8
1778396917386207,144349083,1656,101.387756,34,-67.132,333.307,255,8
1778396917386725,144359029,1664,101.877548,34,-69.979,332.721,255,8
1778396917444937,144368994,1673,102.428574,34,-73.176,332.032,255,8
1778396917445569,144378933,1681,102.918365,34,-76.011,331.394,255,8
1778396917446181,144388889,1690,103.469391,34,-79.195,330.648,255,8
1778396917446792,144398830,1699,104.020409,34,-82.371,329.871,255,8
1778396917447227,144408803,1707,104.510201,34,-85.188,329.155,255,8
1778396917447661,144418737,1716,105.061226,34,-88.349,328.321,255,8
1778396917466585,144428713,1724,105.551018,34,-91.153,327.553,255,8
1778396917467112,144438658,1733,106.102043,34,-94.299,326.662,255,8
1778396917531987,144448629,1741,106.591835,34,-97.088,325.844,255,8
1778396917532441,144458576,1750,107.142853,34,-100.217,324.895,255,8
1778396917532896,144468540,1759,107.693878,34,-103.337,323.916,255,8
1778396917533369,144478476,1767,108.183670,35,-109.222,332.521,255,8
1778396917533772,144488441,1775,108.673462,35,-112.061,331.576,255,8
1778396917534202,144498381,1784,109.224487,34,-111.952,321.040,255,8
1778396917535181,144508343,1793,109.775505,34,-115.034,319.949,255,8
1778396917550885,144518286,1801,110.265305,34,-117.765,318.954,255,8
1778396917557796,144528252,1810,110.816322,34,-120.827,317.806,255,8
1778396917570597,144538193,1818,111.306129,34,-123.539,316.762,255,8
1778396917624658,144548157,1827,111.857140,34,-126.580,315.559,255,8
1778396917625094,144558097,1836,112.408157,35,-133.421,323.572,255,8
1778396917625461,144568070,1844,112.897957,35,-136.182,322.420,255,8
1778396917626007,144578013,1853,113.448975,35,-139.276,321.095,255,8
1778396917626531,144587978,1861,113.938782,35,-142.016,319.893,255,8
1778396917626894,144597922,1870,114.489792,35,-145.086,318.512,255,8
1778396917644277,144607890,1878,114.979591,35,-147.803,317.260,255,8
1778396917644767,144617831,1887,115.530617,35,-150.848,315.824,255,8
1778396917712470,144627798,1896,116.081627,34,-149.481,305.377,255,8
1778396917713022,144637740,1904,116.571434,35,-156.560,313.032,255,8
1778396917713510,144647712,1913,117.122444,34,-155.004,302.612,255,8
1778396917713981,144657656,1921,117.612244,35,-162.220,310.137,255,8
1778396917714391,144667623,1930,118.163269,35,-165.195,308.562,255,8
1778396917714868,144677562,1939,118.714279,35,-168.155,306.959,255,8
1778396917715257,144687525,1947,119.204086,35,-170.773,305.511,255,8
1778396917766712,144697459,1956,119.755104,35,-173.703,303.854,255,8
1778396917767275,144707426,1965,120.306122,35,-176.617,302.170,255,8
1778396917767732,144717372,1973,120.795921,35,-179.194,300.649,255,8
1778396917768151,144727345,1982,121.346931,35,-182.077,298.912,255,8
1778396917768622,144737292,1991,121.897957,35,-184.943,297.147,255,8
1778396917785721,144747264,1999,122.387756,35,-187.476,295.555,255,8
1778396917786257,144757203,2008,122.938774,35,-190.310,293.738,255,8
1778396917838592,144767168,2017,123.489792,35,-193.126,291.894,255,8
1778396917839127,144777114,2025,123.979599,35,-195.614,290.233,255,8
1778396917839598,144787088,2034,124.530609,35,-198.396,288.338,255,8
1778396917840049,144797032,2042,125.020409,36,-206.593,294.821,255,8
1778396917840439,144807001,2051,125.571426,36,-209.418,292.821,255,8
1778396917855422,144816945,2060,126.122444,35,-206.329,282.716,255,8
1778396917855896,144826913,2068,126.612251,35,-208.739,280.941,255,8
1778396917905013,144836854,2077,127.163261,36,-217.472,286.890,255,8
1778396917905457,144846823,2085,127.653061,36,-219.916,285.021,255,8
1778396917905888,144856765,2094,128.204071,36,-222.647,282.893,255,8
1778396917906309,144866734,2103,128.755096,36,-225.357,280.738,255,8
1778396917906702,144876676,2111,129.244904,36,-227.749,278.802,255,8
1778396917923708,144886647,2120,129.795914,36,-230.420,276.599,255,8
1778396917924187,144896586,2128,130.285721,36,-232.776,274.619,255,8
1778396917986200,144906555,2137,130.836746,36,-235.406,272.367,255,8
1778396917986738,144916491,2145,131.326538,36,-237.726,270.345,255,8
1778396917987355,144926462,2154,131.877548,36,-240.315,268.046,255,8
1778396917987891,144936405,2162,132.367340,37,-249.336,273.371,255,8
1778396917988362,144946374,2171,132.918365,37,-251.954,270.960,255,8
1778396917988889,144956322,2179,133.408157,37,-254.261,268.796,255,8
1778396917991046,144966297,2188,133.959183,37,-256.834,266.339,255,8
1778396918008699,144976240,2196,134.448975,37,-259.101,264.134,255,8
1778396918010872,144986216,2205,135.000000,36,-254.558,254.558,255,8
1778396918068465,144996159,2213,135.489792,37,-263.856,259.383,255,8
1778396918068949,145006128,2222,136.040817,37,-266.339,256.834,255,8
1778396918069492,145016080,2230,136.530609,37,-268.525,254.548,255,8
1778396918069933,145026047,2239,137.081635,37,-270.960,251.954,255,8
1778396918070504,145036003,2247,137.571426,37,-273.104,249.628,255,8
1778396918071008,145045978,2255,138.061234,38,-282.667,253.968,255,8
1778396918091459,145055917,2264,138.612244,38,-285.096,251.238,255,8
1778396918092035,145065891,2272,139.102036,38,-287.233,248.791,255,8
1778396918100023,145075839,2281,139.653061,38,-289.613,246.017,255,8
1778396918162859,145085811,2289,140.142853,38,-291.705,243.533,255,8
1778396918163341,145095756,2297,140.632645,38,-293.776,241.030,255,8
1778396918163889,145105726,2306,141.183670,38,-296.081,238.194,255,8
1778396918164294,145115673,2314,141.673462,38,-298.106,235.654,255,8
1778396918164691,145125645,2323,142.224487,38,-300.358,232.776,255,8
1778396918165099,145135586,2331,142.714294,38,-302.337,230.200,255,8
1778396918185455,145145563,2339,143.204086,38,-304.294,227.607,255,8
1778396918186021,145155515,2348,143.755112,38,-306.469,224.670,255,8
1778396918238860,145165481,2356,144.244904,38,-308.378,222.042,255,8
1778396918239381,145175434,2364,144.734695,38,-310.265,219.398,255,8
1778396918239869,145185406,2373,145.285721,38,-312.361,216.404,255,8
1778396918240268,145195357,2381,145.775513,38,-314.199,213.726,255,8
1778396918240680,145205327,2389,146.265305,38,-316.015,211.032,255,8
1778396918241055,145215273,2397,146.755096,39,-326.171,213.805,255,8
1778396918260412,145225247,2406,147.306122,39,-328.212,210.659,255,8
1778396918261121,145235200,2414,147.795914,38,-321.539,202.516,255,8
1778396918268550,145245177,2422,148.285706,38,-323.258,199.760,255,8
1778396918325686,145255127,2430,148.775513,38,-324.954,196.989,255,8
1778396918326162,145265104,2438,149.265305,38,-326.626,194.204,255,8
1778396918326651,145275056,2447,149.816330,37,-319.835,186.026,255,8
1778396918327096,145285032,2455,150.306122,37,-321.413,183.285,255,8
1778396918327553,145294982,2463,150.795914,37,-322.968,180.531,255,8
1778396918328013,145304960,2471,151.285721,36,-315.730,172.959,255,8
1778396918344966,145314912,2480,151.836731,36,-317.378,169.915,255,8
1778396918399999,145324889,2488,152.326538,36,-318.819,167.195,255,8
1778396918400570,145334837,2496,152.816330,37,-329.132,169.032,255,8
1778396918401049,145344815,2504,153.306122,36,-321.631,161.720,255,8
1778396918401477,145354760,2512,153.795929,36,-323.002,158.965,255,8
1778396918401917,145364737,2521,154.346939,37,-333.530,160.181,255,8
1778396918402316,145374687,2529,154.836731,36,-325.836,153.072,255,8
1778396918419296,145384662,2537,155.326538,36,-327.133,150.281,255,8
1778396918419899,145394612,2545,155.816330,36,-328.405,147.479,255,8
1778396918467770,145404586,2553,156.306122,36,-329.654,144.666,255,8
1778396918468233,145414537,2561,156.795914,36,-330.879,141.843,255,8
1778396918468678,145424517,2569,157.285706,35,-322.855,135.148,255,8
1778396918469048,145434469,2577,157.775513,36,-333.255,136.165,255,8
1778396918469429,145444443,2585,158.265305,36,-334.407,133.311,255,8
1778396918486385,145454401,2593,158.755096,36,-335.534,130.448,255,8
1778396918486888,145464379,2602,159.306122,36,-336.773,127.215,255,8
1778396918504231,145474332,2610,159.795914,35,-328.464,120.878,255,8
1778396918506404,145484304,2618,160.285706,35,-329.485,118.066,255,8
1778396918553431,145494254,2626,160.775513,37,-349.367,121.830,255,8
1778396918553988,145504234,2634,161.265305,35,-331.456,112.415,255,8
1778396918554437,145514177,2642,161.755096,36,-341.902,112.709,255,8
1778396918554773,145524157,2650,162.244904,37,-352.376,112.831,255,8
1778396918555917,145534099,2658,162.734695,37,-353.328,109.815,255,8
1778396918612510,145544073,2666,163.224487,37,-354.254,106.790,255,8
1778396918613006,145554016,2674,163.714279,37,-355.154,103.758,255,8
1778396918613449,145563992,2682,164.204086,37,-356.028,100.718,255,8
1778396918613895,145573944,2689,164.632645,38,-366.414,100.703,255,8
1778396918614319,145583910,2697,165.122452,39,-376.926,100.134,255,8
1778396918615217,145593855,2705,165.612244,39,-377.768,96.908,255,8
1778396918634346,145603829,2713,166.102036,39,-378.583,93.675,255,8
1778396918635071,145613789,2721,166.591843,39,-379.370,90.436,255,8
1778396918648547,145623763,2729,167.081635,39,-380.129,87.189,255,8
1778396918702940,145633704,2737,167.571426,39,-380.860,83.937,255,8
1778396918703329,145643682,2744,168.000000,40,-391.259,83.165,255,8
1778396918703830,145653626,2752,168.489792,40,-391.956,79.817,255,8
1778396918704376,145663602,2760,168.979599,41,-402.439,78.375,255,8
1778396918704909,145673543,2768,169.469391,41,-403.095,74.932,255,8
1778396918705283,145683521,2775,169.897964,40,-393.799,70.161,255,8
1778396918722344,145693471,2783,170.387756,40,-394.384,66.792,255,8
1778396918733959,145703443,2791,170.877548,41,-404.814,65.003,255,8
1778396918734649,145713390,2799,171.367340,41,-405.355,61.541,255,8
1778396918747556,145723365,2806,171.795914,41,-405.804,58.507,255,8
1778396918795615,145733316,2814,172.285706,41,-406.289,55.036,255,8
1778396918796167,145743296,2822,172.775513,40,-396.824,50.303,255,8
1778396918796636,145753244,2830,173.265305,41,-407.171,48.082,255,8
1778396918797066,145763223,2837,173.693878,41,-407.519,45.035,255,8
1778396918797486,145773171,2845,174.183670,41,-407.889,41.549,255,8
1778396918815320,145783148,2853,174.673462,41,-408.230,38.061,255,8
1778396918815801,145793092,2860,175.102036,41,-408.503,35.006,255,8
1778396918829639,145803068,2868,175.591827,40,-398.817,30.744,255,8
1778396918837806,145813020,2876,176.081635,40,-399.065,27.334,255,8
1778396918893228,145822999,2883,176.510193,40,-399.258,24.348,255,8
1778396918893721,145832945,2891,177.000000,40,-399.452,20.934,255,8
1778396918894176,145842917,2899,177.489792,40,-399.616,17.519,255,8
1778396918894606,145852865,2907,177.979584,40,-399.751,14.102,255,8
1778396918895071,145862844,2914,178.408157,40,-399.846,11.112,255,8
1778396918895451,145872793,2922,178.897949,40,-399.926,7.693,255,8
1778396918912458,145882769,2930,179.387756,40,-399.977,4.274,255,8
1778396918912957,145892728,2938,179.877548,40,-399.999,0.855,255,8
1778396918929961,145902707,2945,180.306122,40,-399.994,-2.137,255,8
1778396918981681,145912661,2953,180.795914,40,-399.961,-5.556,255,8
1778396918982132,145922638,2961,181.285721,40,-399.899,-8.975,255,8
1778396918982496,145932599,2969,181.775513,40,-399.808,-12.393,255,8
1778396918982976,145942581,2976,182.204086,40,-399.704,-15.384,255,8
1778396918983456,145952534,2984,182.693878,40,-399.558,-18.800,255,8
1778396918983894,145962506,2992,183.183670,41,-409.367,-22.770,255,8
1778396918999525,145972456,3000,183.673462,41,-409.158,-26.269,255,8
1778396919045641,145982438,3007,184.102036,40,-398.975,-28.613,255,8
1778396919046139,145992388,3015,184.591827,40,-398.716,-32.023,255,8
1778396919046757,146002371,3023,185.081635,40,-398.428,-35.430,255,8
1778396919047203,146012321,3031,185.571426,40,-398.110,-38.835,255,8
1778396919047606,146022290,3038,186.000000,40,-397.809,-41.811,255,8
1778396919063660,146032244,3046,186.489792,40,-397.437,-45.210,255,8
1778396919064069,146042226,3054,186.979599,38,-377.184,-46.176,255,8
1778396919076132,146052175,3061,187.408157,39,-386.745,-50.285,255,8
1778396919120758,146062153,3069,187.897964,38,-376.395,-52.216,255,8
1778396919121151,146072103,3077,188.387756,38,-375.935,-55.431,255,8
1778396919121549,146082079,3085,188.877548,38,-375.448,-58.643,255,8
1778396919121948,146092026,3093,189.367340,37,-365.066,-60.223,255,8
1778396919122324,146102005,3100,189.795914,33,-325.189,-56.146,255,8
1778396919138337,146111956,3108,190.285721,31,-305.018,-55.353,255,8
1778396919184490,146121929,3116,190.775513,29,-284.887,-54.219,255,8
1778396919184887,146131875,3124,191.265305,28,-274.605,-54.699,255,8
1778396919185332,146141857,3132,191.755096,28,-274.128,-57.044,255,8
1778396919399438,146370895,3317,203.081635,28,-257.585,-109.772,255,8
1778396919399880,146380871,3325,203.571426,34,-311.631,-135.963,255,8
1778396919413398,146390824,3333,204.061218,38,-346.982,-154.931,255,8
1778396919474599,146400798,3342,204.612244,39,-354.567,-162.425,255,8
1778396919475185,146410747,3351,205.163269,40,-362.040,-170.080,255,8
1778396919475759,146420723,3359,205.653061,38,-342.544,-164.510,255,8
1778396919476129,146430669,3368,206.204086,32,-287.113,-141.302,255,8
1778396919476527,146440634,3377,206.755096,28,-250.023,-126.050,255,8
1778396919537290,146490411,3421,209.448975,28,-243.822,-137.662,255,8
1778396919537675,146500381,3429,209.938782,32,-277.299,-159.704,255,8
1778396919538014,146510332,3438,210.489792,37,-318.836,-187.732,255,8
1778396919538410,146520304,3447,211.040817,39,-334.152,-201.103,255,8
1778396919552330,146530257,3455,211.530609,40,-340.944,-209.182,255,8
1778396919595189,146540227,3464,212.081619,41,-347.390,-217.762,255,8
1778396919595688,146550176,3473,212.632660,41,-345.280,-221.093,255,8
1778396919596150,146560149,3482,213.183670,41,-343.137,-224.403,255,8
1778396919596578,146570105,3490,213.673462,42,-349.529,-232.873,255,8
1778396919596962,146580081,3499,214.224487,42,-347.273,-236.223,255,8
1778396919613920,146590027,3508,214.775513,43,-353.199,-245.256,255,8
1778396919618040,146599999,3516,215.265305,44,-359.254,-254.040,255,8
1778396919628049,146609948,3525,215.816330,43,-348.686,-251.631,255,8
1778396919638980,146619927,3534,216.367340,43,-346.250,-254.973,255,8
1778396919683654,146629879,3542,216.857132,43,-344.057,-257.923,255,8
1778396919684085,146639853,3551,217.408173,42,-333.618,-255.145,255,8
1778396919684565,146649801,3559,217.897964,42,-331.424,-257.988,255,8
1778396919684987,146659774,3568,218.448975,42,-328.928,-261.163,255,8
1778396919685404,146669728,3577,219.000000,45,-349.716,-283.194,255,8
1778396919702108,146679707,3585,219.489792,45,-347.282,-286.173,255,8
1778396919744217,146689659,3594,220.040817,45,-344.514,-289.500,255,8
1778396919744781,146699636,3602,220.530609,45,-342.027,-292.434,255,8
1778396919745204,146709586,3611,221.081635,45,-339.198,-295.710,255,8
1778396919745577,146719557,3619,221.571426,45,-336.658,-298.599,255,8
1778396919745999,146729501,3628,222.122437,44,-326.354,-295.116,255,8
1778396919761977,146739474,3636,222.612259,44,-323.819,-297.895,255,8
1778396919773254,146749425,3645,223.163269,44,-320.939,-300.995,255,8
1778396919774465,146759398,3653,223.653061,44,-318.354,-303.728,255,8
1778396919817881,146769351,3661,224.142853,44,-315.746,-306.438,255,8
1778396919818312,146779318,3670,224.693878,44,-312.785,-309.460,255,8
1778396919818699,146789267,3678,225.183685,43,-303.080,-305.029,255,8
1778396919819036,146799238,3687,225.734695,43,-300.132,-307.930,255,8
1778396919834713,146809188,3695,226.224487,43,-297.489,-310.484,255,8
1778396919835184,146819161,3704,226.775513,43,-294.489,-313.331,255,8
1778396919878201,146829110,3712,227.265305,43,-291.800,-315.837,255,8
1778396919878637,146839079,3721,227.816315,42,-282.034,-311.218,255,8
1778396919879110,146849025,3729,228.306107,42,-279.363,-313.618,255,8
1778396919879468,146858997,3737,228.795929,42,-276.672,-315.995,255,8
1778396919894952,146868939,3746,229.346939,42,-273.620,-318.641,255,8
1778396919895414,146878907,3754,229.836731,42,-270.887,-320.968,255,8
1778396919906708,146888848,3763,230.387756,42,-267.787,-323.558,255,8
1778396919917588,146898816,3771,230.877563,42,-265.011,-325.836,255,8
1778396919961707,146908761,3779,231.367355,42,-262.216,-328.089,255,8
1778396919962195,146918737,3787,231.857147,42,-259.402,-330.319,255,8
1778396919962601,146928686,3796,232.408157,41,-250.113,-324.874,255,8
1778396919962978,146938656,3804,232.897964,41,-247.327,-327.001,255,8
1778396919963351,146948604,3813,233.448975,41,-244.171,-329.364,255,8
1778396919982667,146958578,3821,233.938766,41,-241.346,-331.439,255,8
1778396919983475,146968523,3829,234.428558,41,-238.504,-333.490,255,8
1778396920037644,146978496,3837,234.918365,41,-235.645,-335.517,255,8
1778396920038457,146988431,3846,235.469391,41,-232.407,-337.768,255,8
1778396920039161,146998402,3854,235.959183,41,-229.511,-339.742,255,8
1778396920039666,147008352,3862,236.448975,41,-226.599,-341.692,255,8
1778396920040078,147018322,3871,237.000015,41,-223.302,-343.855,255,8
1778396920057241,147028265,3879,237.489807,41,-220.354,-345.751,255,8
1778396920057800,147038231,3887,237.979599,41,-217.391,-347.622,255,8
1778396920103667,147048177,3896,238.530609,40,-208.817,-341.168,255,8
1778396920104145,147058150,3904,239.020401,40,-205.893,-342.940,255,8
1778396920104554,147068095,3912,239.510208,40,-202.954,-344.688,255,8
1778396920105043,147078064,3921,240.061218,40,-199.630,-346.624,255,8
1778396920105419,147088005,3929,240.551025,40,-196.659,-348.318,255,8
1778396920166193,147097978,3937,241.040817,40,-193.675,-349.986,255,8
1778396920166771,147107912,3945,241.530609,40,-190.676,-351.629,255,8
1778396920167135,147117890,3954,242.081635,40,-187.285,-353.446,255,8
1778396920167516,147127834,3962,242.571426,40,-184.257,-355.034,255,8
1778396920167849,147137809,3970,243.061218,40,-181.215,-356.596,255,8
1778396920168212,147147756,3978,243.551010,40,-178.160,-358.133,255,8
1778396920185403,147157729,3987,244.102051,40,-174.708,-359.829,255,8
1778396920185820,147167672,3995,244.591843,40,-171.625,-361.310,255,8
1778396920198068,147177642,4003,245.081635,39,-164.317,-353.695,255,8
1778396920241744,147187587,4011,245.571426,39,-161.288,-355.086,255,8
1778396920242273,147197557,4020,246.122437,39,-157.866,-356.621,255,8
1778396920242721,147207498,4028,246.612259,39,-154.811,-357.957,255,8
1778396920243110,147217468,4036,247.102051,39,-151.745,-359.268,255,8
1778396920243452,147227415,4045,247.653061,39,-148.283,-360.710,255,8
1778396920259867,147237384,4053,248.142853,39,-145.195,-361.965,255,8
1778396920260300,147247321,4061,248.632645,39,-142.095,-363.193,255,8
1778396920307014,147257288,4070,249.183670,38,-135.042,-355.195,255,8
1778396920307711,147267230,4078,249.673462,37,-128.527,-346.959,255,8
1778396920308154,147277194,4087,250.224487,37,-125.184,-348.179,255,8
1778396920308528,147287135,4095,250.714294,37,-122.203,-349.237,255,8
1778396920309587,147297104,4103,251.204086,36,-115.991,-340.802,255,8
1778396920325112,147307045,4112,251.755096,36,-112.709,-341.902,255,8
1778396920332212,147317015,4120,252.244888,37,-112.831,-352.376,255,8
1778396920385673,147326963,4129,252.795929,38,-112.395,-362.998,255,8
1778396920386285,147336933,4137,253.285721,38,-109.288,-363.945,255,8
1778396920386838,147346881,4146,253.836731,38,-105.783,-364.979,255,8
1778396920387341,147356853,4154,254.326523,38,-102.659,-365.870,255,8
1778396920387823,147366791,4163,254.877548,38,-99.135,-366.841,255,8
1778396920388891,147376759,4171,255.367355,38,-95.996,-367.675,255,8
1778396920406188,147386700,4180,255.918365,38,-92.456,-368.581,255,8
1778396920472659,147396664,4189,256.469391,38,-88.907,-369.453,255,8
1778396920473156,147406602,4197,256.959198,38,-85.745,-370.200,255,8
1778396920473594,147416570,4205,257.448975,38,-82.577,-370.919,255,8
1778396920474073,147426508,4214,258.000000,37,-76.927,-361.915,255,8
1778396920474628,147436469,4223,258.551025,37,-73.443,-362.638,255,8
1778396920475165,147446405,4231,259.040802,37,-70.341,-363.252,255,8
1778396920475739,147456371,4239,259.530609,37,-67.233,-363.840,255,8
1778396920533834,147466318,4248,260.081635,37,-63.731,-364.470,255,8
1778396920534393,147476284,4256,260.571442,37,-60.613,-365.002,255,8
1778396920534985,147486227,4265,261.122437,37,-57.100,-365.568,255,8
1778396920535480,147496189,4273,261.612244,37,-53.973,-366.042,255,8
1778396920535966,147506131,4282,262.163269,37,-50.450,-366.544,255,8
1778396920536471,147516100,4290,262.653076,37,-47.314,-366.962,255,8
1778396920537607,147526049,4299,263.204071,37,-43.783,-367.400,255,8
1778396920557330,147536013,4307,263.693878,37,-40.641,-367.761,255,8
1778396920557923,147545956,4315,264.183685,37,-37.496,-368.095,255,8
1778396920567330,147555920,4324,264.734680,37,-33.954,-368.439,255,8
1778396920626490,147565860,4332,265.224487,37,-30.803,-368.716,255,8
1778396920627157,147575827,4341,265.775513,37,-27.256,-368.995,255,8
1778396920627637,147585766,4349,266.265320,37,-24.100,-369.214,255,8
1778396920628126,147595738,4358,266.816315,37,-20.549,-369.429,255,8
1778396920628574,147605685,4366,267.306122,37,-17.390,-369.591,255,8
1778396920629079,147615654,4375,267.857147,37,-13.835,-369.741,255,8
1778396920648867,147625597,4383,268.346954,37,-10.673,-369.846,255,8
1778396920649434,147635568,4391,268.836731,37,-7.512,-369.924,255,8
1778396920658190,147645513,4400,269.387756,37,-3.954,-369.979,255,8
1778396920670427,147655481,4408,269.877533,37,-0.791,-369.999,255,8
1778396920729230,147665428,4417,270.428589,37,2.768,-369.990,255,8
1778396920729877,147675399,4425,270.918365,37,5.930,-369.952,255,8
1778396920730388,147685344,4433,271.408173,37,9.093,-369.888,255,8
1778396920730866,147695325,4442,271.959198,37,12.649,-369.784,255,8
1778396920731415,147705271,4450,272.448975,37,15.810,-369.662,255,8
1778396920731889,147715245,4459,273.000000,37,19.364,-369.493,255,8
1778396920751736,147725193,4467,273.489777,37,22.522,-369.314,255,8
1778396920752325,147735162,4475,273.979584,37,25.678,-369.108,255,8
1778396920761917,147745110,4484,274.530609,37,29.227,-368.844,255,8
1778396920826997,147755089,4492,275.020416,37,32.379,-368.581,255,8
1778396920827691,147765029,4501,275.571411,37,35.922,-368.252,255,8
1778396920828272,147775003,4509,276.061249,36,38.013,-357.987,255,8
1778396920828796,147784951,4517,276.551025,36,41.072,-357.649,255,8
1778396920829265,147794924,4526,277.102051,36,44.509,-357.238,255,8
1778396920829746,147804870,4534,277.591827,37,48.883,-366.757,255,8
1778396920830286,147814838,4542,278.081635,36,50.610,-356.425,255,8
1778396920851926,147824792,4551,278.632660,36,54.036,-355.922,255,8
1778396920852540,147834760,4559,279.122437,36,57.076,-355.447,255,8
1778396920907997,147844709,4567,279.612244,36,60.113,-354.946,255,8
1778396920908599,147854684,4576,280.163269,36,63.523,-354.351,255,8
1778396920909247,147864630,4584,280.653076,37,68.399,-363.623,255,8
1778396920909772,147874607,4592,281.142853,37,71.505,-363.025,255,8
1778396920910281,147884558,4601,281.693878,36,72.966,-352.528,255,8
1778396920910792,147894532,4609,282.183655,36,75.977,-351.891,255,8
1778396920933194,147904478,4617,282.673462,37,81.176,-360.985,255,8
1778396920933795,147914453,4626,283.224487,37,84.644,-360.188,255,8
1778396920934348,147924399,4634,283.714294,37,87.720,-359.451,255,8
1778396920943902,147934375,4643,284.265289,37,91.172,-358.591,255,8
1778396921010234,147944324,4651,284.755096,37,94.235,-357.799,255,8
1778396921010874,147954298,4659,285.244904,37,97.290,-356.980,255,8
1778396921011457,147964249,4668,285.795929,37,100.718,-356.028,255,8
1778396921012000,147974223,4676,286.285706,37,103.758,-355.154,255,8
1778396921012441,147984171,4684,286.775513,37,106.790,-354.254,255,8
1778396921012942,147994146,4693,287.326538,37,110.192,-353.210,255,8
1778396921013621,148004093,4701,287.816315,37,113.208,-352.256,255,8
1778396921034451,148014066,4709,288.306122,37,116.215,-351.275,255,8
1778396921035065,148024013,4718,288.857147,37,119.588,-350.141,255,8
1778396921102422,148033984,4726,289.346954,37,122.576,-349.106,255,8
1778396921102963,148043930,4734,289.836731,37,125.556,-348.045,255,8
1778396921103526,148053907,4743,290.387756,37,128.898,-346.822,255,8
1778396921104236,148063852,4751,290.877533,37,131.858,-345.707,255,8
1778396921104859,148073825,4760,291.428589,37,135.176,-344.423,255,8
1778396921105461,148083772,4768,291.918365,37,138.116,-343.255,255,8
1778396921106156,148093748,4776,292.408173,37,141.045,-342.062,255,8
1778396921128649,148103694,4785,292.959198,37,144.328,-340.690,255,8
1778396921129364,148113665,4793,293.448975,37,147.235,-339.443,255,8
1778396921214117,148123611,4801,293.938782,37,150.131,-338.172,255,8
1778396921214797,148133587,4810,294.489777,37,153.376,-336.713,255,8
1778396921215430,148143534,4818,294.979584,37,156.249,-335.390,255,8
1778396921216078,148153506,4826,295.469391,37,159.111,-334.042,255,8
1778396921216602,148163456,4835,296.020416,37,162.316,-332.496,255,8
1778396921217165,148173430,4843,296.510193,37,165.152,-331.096,255,8
1778396921217934,148183372,4851,297.000000,37,167.976,-329.672,255,8
1778396921218495,148193346,4859,297.489777,37,170.788,-328.224,255,8
1778396921219103,148203295,4868,298.040833,37,173.937,-326.567,255,8
1778396921221480,148213271,4876,298.530609,37,176.722,-325.068,255,8
1778396921246473,148223228,4884,299.020416,37,179.495,-323.545,255,8
1778396921247168,148233205,4893,299.571411,37,182.598,-321.804,255,8
1778396921380045,148243156,4901,300.061218,37,185.342,-320.232,255,8
1778396921380841,148253131,4909,300.551025,38,193.156,-327.247,255,8
1778396921381562,148263076,4917,301.040833,38,195.947,-325.584,255,8
1778396921382205,148273050,4926,301.591827,38,199.068,-323.685,255,8
1778396921382814,148282992,4934,302.081635,38,201.828,-321.971,255,8
1778396921383418,148292964,4942,302.571442,38,204.573,-320.234,255,8
1778396921384132,148302912,4950,303.061218,38,207.303,-318.474,255,8
1778396921384800,148312887,4959,303.612244,38,210.356,-316.465,255,8
1778396921385464,148322835,4967,304.102020,38,213.054,-314.655,255,8
1778396921386148,148332811,4975,304.591827,38,215.736,-312.823,255,8
1778396921387000,148342758,4983,305.081635,38,218.402,-310.967,255,8
1778396921387509,148352733,4992,305.632660,38,221.383,-308.852,255,8
1778396921388104,148362678,5000,306.122437,38,224.015,-306.948,255,8
1778396921388740,148372653,5008,306.612244,38,226.631,-305.022,255,8
1778396921389828,148382593,5016,307.102020,38,229.230,-303.074,255,8
1778396921428174,148392564,5025,307.653076,38,232.134,-300.855,255,8
1778396921428958,148402498,5033,308.142853,38,234.697,-298.860,255,8
1778396921429620,148412468,5041,308.632660,38,237.243,-296.843,255,8
1778396921430251,148422412,5049,309.122437,38,239.772,-294.804,255,8
1778396921531782,148432391,5058,309.673462,38,242.596,-292.484,255,8
1778396921532992,148442342,5066,310.163269,38,245.088,-290.400,255,8
1778396921533773,148452316,5074,310.653076,39,254.076,-295.881,255,8
1778396921534471,148462259,5082,311.142853,39,256.596,-293.698,255,8
1778396921535067,148472230,5091,311.693878,39,259.409,-291.217,255,8
1778396921535693,148482175,5099,312.183685,39,261.889,-288.988,255,8
1778396921536385,148492148,5107,312.673462,39,264.349,-286.739,255,8
1778396921536996,148502099,5115,313.163269,39,266.791,-284.469,255,8
1778396921537600,148512071,5124,313.714264,39,269.514,-281.890,255,8
1778396921538167,148522021,5132,314.204102,39,271.914,-279.576,255,8
1778396921538805,148531992,5140,314.693878,39,274.294,-277.241,255,8
1778396921567968,148541932,5149,315.244904,39,276.948,-274.590,255,8
1778396921568869,148551912,5157,315.734680,39,279.285,-272.213,255,8
1778396921569531,148561857,5165,316.224487,39,281.602,-269.816,255,8
1778396921667051,148571829,5174,316.775513,39,284.184,-267.095,255,8
1778396921667969,148581775,5182,317.265320,39,286.457,-264.656,255,8
1778396921668767,148591751,5190,317.755096,39,288.708,-262.197,255,8
1778396921669557,148601698,5199,318.306122,40,298.684,-266.060,255,8
1778396921670265,148611670,5207,318.795929,39,293.424,-256.910,255,8
1778396921670799,148621616,5215,319.285706,39,295.609,-254.392,255,8
1778396921671376,148631592,5224,319.836731,40,305.684,-257.987,255,8
1778396921672014,148641530,5232,320.326538,40,307.878,-255.365,255,8
1778396921672689,148651504,5241,320.877563,40,310.320,-252.392,255,8
1778396921673500,148661458,5249,321.367340,40,312.466,-249.730,255,8
1778396921697330,148671431,5257,321.857147,40,314.589,-247.050,255,8
1778396921698185,148681383,5266,322.408142,40,316.951,-244.013,255,8
1778396921698785,148691359,5274,322.897980,40,319.025,-241.294,255,8
1778396921790454,148701309,5283,323.448975,40,321.331,-238.215,255,8
1778396921791356,148711283,5291,323.938782,40,323.355,-235.460,255,8
1778396921792088,148721223,5300,324.489807,41,333.745,-238.148,255,8
1778396921792980,148731196,5308,324.979584,40,327.579,-229.547,255,8
1778396921793848,148741140,5317,325.530609,40,329.771,-226.386,255,8
1778396921794550,148751118,5325,326.020416,40,331.695,-223.559,255,8
1778396921795113,148761066,5333,326.510193,41,341.933,-226.233,255,8
1778396921795770,148771042,5342,327.061218,40,335.701,-217.497,255,8
1778396921796416,148780990,5350,327.551025,40,337.548,-214.619,255,8
1778396921796968,148790969,5359,328.102020,40,339.596,-211.363,255,8
1778396921821745,148800916,5367,328.591858,40,341.391,-208.452,255,8
1778396921822423,148810887,5376,329.142853,41,351.964,-210.289,255,8
1778396921923667,148820829,5385,329.693878,41,353.970,-206.894,255,8
1778396921924345,148830802,5393,330.183655,41,355.726,-203.861,255,8
1778396921924873,148840753,5401,330.673492,41,357.456,-200.812,255,8
1778396921925449,148850725,5410,331.224487,41,359.370,-197.365,255,8
1778396921926077,148860672,5418,331.714294,41,361.044,-194.286,255,8
1778396921926629,148870650,5427,332.265320,41,362.896,-190.805,255,8
1778396921927395,148880596,5435,332.755096,41,364.514,-187.696,255,8
1778396921927953,148890571,5444,333.306122,41,366.302,-184.182,255,8
1778396921928563,148900517,5452,333.795898,42,376.835,-185.459,255,8
1778396921929105,148910495,5461,334.346954,41,369.587,-177.497,255,8
1778396921929635,148920436,5469,334.836731,41,371.091,-174.332,255,8
1778396921956731,148930420,5478,335.387756,40,363.659,-166.590,255,8
1778396921957444,148940369,5486,335.877533,40,365.070,-163.475,255,8
1778396921957976,148950345,5495,336.428589,40,366.625,-159.957,255,8
1778396922035529,148960287,5503,336.918365,40,367.979,-156.817,255,8
1778396922036155,148970262,5512,337.469391,40,369.470,-153.271,255,8
1778396922036656,148980204,5520,337.959198,41,380.036,-153.859,255,8
1778396922037297,148990174,5529,338.510193,41,381.498,-150.198,255,8
1778396922037909,149000121,5537,339.000000,41,382.768,-146.931,255,8
1778396922038503,149010096,5545,339.489777,41,384.010,-143.654,255,8
1778396922039170,149020040,5554,340.040833,41,385.374,-139.954,255,8
1778396922039778,149030010,5562,340.530609,41,386.556,-136.654,255,8
1778396922059914,149039958,5571,341.081635,41,387.852,-132.930,255,8
1778396922060522,149049930,5579,341.571411,41,388.975,-129.610,255,8
1778396922069740,149059876,5588,342.122467,41,390.203,-125.863,255,8
1778396922131484,149069851,5596,342.612244,41,391.265,-122.523,255,8
1778396922132129,149079796,5605,343.163269,41,392.425,-118.755,255,8
1778396922132693,149089761,5613,343.653046,41,393.426,-115.396,255,8
1778396922133230,149099705,5621,344.142853,41,394.398,-112.028,255,8
1778396922133660,149109672,5630,344.693878,41,395.457,-108.230,255,8
1778396922134141,149119615,5638,345.183685,41,396.368,-104.846,255,8
1778396922134885,149129584,5647,345.734711,41,397.358,-101.029,255,8
1778396922155045,149139530,5655,346.224487,41,398.207,-97.629,255,8
1778396922155760,149149497,5664,346.775513,41,399.127,-93.794,255,8
1778396922163749,149159438,5672,347.265289,41,399.914,-90.379,255,8
1778396922223022,149169410,5681,347.816345,41,400.765,-86.529,255,8
1778396922223727,149179353,5689,348.306122,41,401.490,-83.100,255,8
1778396922224273,149189325,5697,348.795929,40,392.377,-77.722,255,8
1778396922224811,149199267,5706,349.346924,40,393.106,-73.945,255,8
1778396922225294,149209234,5714,349.836731,41,403.567,-72.346,255,8
1778396922225803,149219180,5723,350.387756,41,404.244,-68.462,255,8
1778396922243578,149229150,5731,350.877563,41,404.814,-65.003,255,8
1778396922244076,149239094,5740,351.428558,41,405.421,-61.107,255,8
1778396922256529,149249068,5748,351.918365,40,396.028,-56.234,255,8
1778396922313419,149259014,5757,352.469391,40,396.550,-52.422,255,8
1778396922314097,149268982,5765,352.959167,40,396.984,-49.031,255,8
1778396922314633,149278924,5773,353.448975,40,397.388,-45.635,255,8
1778396922315130,149288891,5782,354.000000,40,397.809,-41.811,255,8
1778396922315691,149298832,5790,354.489807,41,408.105,-39.369,255,8
1778396922316277,149308798,5798,354.979584,40,398.465,-35.004,255,8
1778396922335630,149318741,5807,355.530609,40,398.784,-31.171,255,8
1778396922336173,149328711,5815,356.020416,40,399.036,-27.760,255,8
1778396922349110,149338651,5824,356.571442,40,399.284,-23.922,255,8
1778396922355701,149348612,5832,357.061218,40,399.474,-20.508,255,8
1778396922417795,149358552,5841,357.612244,40,399.653,-16.665,255,8
1778396922418372,149368514,5849,358.102051,40,399.781,-13.248,255,8
1778396922419005,149378449,5857,358.591827,40,399.879,-9.830,255,8
1778396922419609,149388416,5866,359.142853,40,399.955,-5.984,255,8
1778396922420310,149398352,5874,359.632629,40,399.992,-2.565,255,8
1778396922420902,149408318,2,0.122449,40,399.999,0.855,255,8
1778396922421463,149418263,11,0.673469,40,399.972,4.702,255,8
1778396922439520,149428232,19,1.163265,40,399.918,8.121,255,8
1778396922440306,149438177,28,1.714286,40,399.821,11.966,255,8
1778396922450261,149448144,36,2.204082,40,399.704,15.384,255,8
1778396922530017,149458085,44,2.693878,40,399.558,18.800,255,8
1778396922531391,149468051,53,3.244898,40,399.359,22.642,255,8
1778396922533820,149477998,61,3.734694,40,399.151,26.055,255,8
1778396922535753,149487979,69,4.224490,40,398.913,29.466,255,8
1778396922536912,149497920,78,4.775510,40,398.611,33.301,255,8
1778396922537533,149507891,86,5.265306,40,398.312,36.707,255,8
1778396922538154,149517835,95,5.816327,40,397.941,40.536,255,8
1778396922538943,149527802,103,6.306122,40,397.580,43.936,255,8
1778396922539616,149537745,111,6.795918,40,397.190,47.333,255,8
1778396922574651,149547710,120,7.346939,40,396.716,51.151,255,8
1778396922575433,149557650,128,7.836735,40,396.264,54.540,255,8
1778396922576195,149567614,136,8.326530,40,395.784,57.926,255,8
1778396922581503,149577566,145,8.877551,40,395.208,61.729,255,8
1778396922676322,149587528,153,9.367347,40,394.666,65.105,255,8
1778396922677142,149597468,161,9.857143,40,394.095,68.477,255,8
1778396922677807,149607441,169,10.346938,40,393.495,71.843,255,8
1778396922678506,149617385,173,10.591837,40,393.185,73.525,255,8
1778396922679215,149627349,176,10.775511,40,392.947,74.785,255,8
1778396922679906,149637290,176,10.775511,40,392.947,74.785,255,8
1778396922680718,149647258,176,10.775511,40,392.947,74.785,255,8
1778396922681419,149657196,176,10.775511,40,392.947,74.785,255,8
1778396922682082,149667165,176,10.775511,40,392.947,74.785,255,8
1778396922682745,149677099,176,10.775511,40,392.947,74.785,255,8
1778396922706825,149687064,176,10.775511,40,392.947,74.785,255,8
1778396922707621,149697003,176,10.775511,40,392.947,74.785,255,8
1778396922708302,149706968,176,10.775511,40,392.947,74.785,255,8
1778396922786953,149716911,175,10.714286,40,393.027,74.365,255,8
1778396922787707,149726878,172,10.530612,40,393.263,73.104,255,8
1778396922788294,149736817,170,10.408163,40,393.418,72.264,255,8
1778396922788808,149746790,168,10.285714,40,393.572,71.423,255,8
1778396922789493,149756730,166,10.163265,40,393.724,70.581,255,8
1778396922790114,149766702,163,9.979591,40,393.948,69.319,255,8
1778396922790776,149776642,160,9.795918,40,394.168,68.056,255,8
1778396922791371,149786613,157,9.612246,40,394.384,66.792,255,8
1778396922815245,149796551,155,9.489796,40,394.526,65.949,255,8
1778396922816078,149806521,151,9.244898,40,394.804,64.262,255,8
1778396922816801,149816465,148,9.061224,40,395.008,62.996,255,8
1778396922947598,149826430,145,8.877551,40,395.208,61.729,255,8
1778396922948235,149836369,141,8.632653,40,395.468,60.040,255,8
1778396922948909,149846335,138,8.448980,40,395.659,58.771,255,8
1778396922949490,149856271,135,8.265306,40,395.845,57.503,255,8
1778396922950080,149866236,131,8.020409,40,396.087,55.810,255,8
1778396922950740,149876182,128,7.836735,40,396.264,54.540,255,8
1778396922951418,149886149,124,7.591837,40,396.494,52.846,255,8
1778396922952009,149896086,121,7.408164,40,396.661,51.575,255,8
1778396922952725,149906053,117,7.163265,40,396.878,49.879,255,8
1778396922953308,149915992,113,6.918367,40,397.088,48.182,255,8
1778396922953919,149925964,109,6.673470,40,397.290,46.484,255,8
1778396922954574,149935903,105,6.428572,40,397.485,44.786,255,8
1778396922955169,149945876,101,6.183673,40,397.673,43.086,255,8
1778396922955798,149955815,97,5.938776,40,397.853,41.386,255,8
1778396922982048,149965782,92,5.632653,40,398.069,39.260,255,8
1778396922982668,149975717,88,5.387755,40,398.233,37.558,255,8
1778396923053252,149985682,84,5.142857,40,398.390,35.856,255,8
1778396923053909,149995617,80,4.897959,40,398.539,34.153,255,8
1778396923054520,150005577,75,4.591837,40,398.716,32.023,255,8
1778396923055152,150015514,71,4.346939,40,398.849,30.318,255,8
1778396923055774,150025480,66,4.040816,40,399.006,28.187,255,8
1778396923056405,150035417,62,3.795918,40,399.122,26.481,255,8
1778396923056991,150045384,57,3.489796,40,399.258,24.348,255,8
1778396923057605,150055320,53,3.244898,40,399.359,22.642,255,8
1778396923085215,150065287,48,2.938775,40,399.474,20.508,255,8
1778396923085759,150075229,43,2.632653,40,399.578,18.373,255,8
1778396923086238,150085190,38,2.326531,40,399.670,16.238,255,8
1778396923151340,150095127,33,2.020408,40,399.751,14.102,255,8
1778396923151806,150105091,29,1.775510,40,399.808,12.393,255,8
1778396923152172,150115030,24,1.469388,40,399.868,10.257,255,8
1778396923152585,150125000,19,1.163265,40,399.918,8.121,255,8
1778396923153131,150134937,14,0.857143,40,399.955,5.984,255,8
1778396923153896,150144905,9,0.551020,40,399.982,3.847,255,8
1778396923154611,150154842,4,0.244898,40,399.996,1.710,255,8
1778396923172381,150164811,5879,359.938782,40,400.000,-0.427,255,8
1778396923173600,150174749,5873,359.571411,40,399.989,-2.992,255,8
1778396923219567,150184715,5868,359.265320,40,399.967,-5.129,255,8
1778396923220138,150194659,5863,358.959167,40,399.934,-7.266,255,8
1778396923220555,150204628,5858,358.653046,40,399.889,-9.403,255,8
1778396923221073,150214570,5852,358.285706,40,399.821,-11.966,255,8
1778396923237621,150224536,5847,357.979584,40,399.751,-14.102,255,8
1778396923238139,150234479,5841,357.612244,40,399.653,-16.665,255,8
1778396923244741,150244438,5836,357.306122,40,399.558,-18.800,255,8
1778396923256835,150254381,5830,356.938782,40,399.429,-21.361,255,8
1778396923300830,150264350,5825,356.632660,40,399.309,-23.495,255,8
1778396923301513,150274289,5819,356.265320,40,399.151,-26.055,255,8
1778396923302196,150284250,5813,355.897949,40,398.975,-28.613,255,8
1778396923302677,150294188,5807,355.530609,40,398.784,-31.171,255,8
1778396923303157,150304157,5802,355.224487,40,398.611,-33.301,255,8
1778396923323306,150314102,5796,354.857147,40,398.390,-35.856,255,8
1778396923324272,150324074,5790,354.489807,40,398.152,-38.409,255,8
1778396923371399,150334019,5784,354.122437,40,397.897,-40.961,255,8
1778396923372231,150343990,5778,353.755096,40,397.626,-43.511,255,8
1778396923372819,150353932,5772,353.387756,40,397.339,-46.060,255,8
1778396923373510,150363904,5766,353.020386,40,397.036,-48.606,255,8
1778396923374080,150373844,5760,352.653076,40,396.716,-51.151,255,8
1778396923393216,150383816,5754,352.285706,40,396.380,-53.693,255,8
1778396923393766,150393758,5747,351.857147,40,395.967,-56.657,255,8
1778396923454341,150403728,5741,351.489807,40,395.596,-59.194,255,8
1778396923455103,150413669,5735,351.122437,40,395.208,-61.729,255,8
1778396923455621,150423643,5729,350.755127,40,394.804,-64.262,255,8
1778396923456101,150433590,5722,350.326538,40,394.313,-67.213,255,8
1778396923456598,150443561,5716,349.959167,40,393.874,-69.740,255,8
1778396923457099,150453506,5709,349.530609,40,393.341,-72.684,255,8
1778396923479534,150463473,5703,349.163269,40,392.867,-75.204,255,8
1778396923480140,150473413,5697,348.795929,40,392.377,-77.722,255,8
1778396923480797,150483381,5690,348.367340,40,391.784,-80.655,255,8
1778396923490638,150493325,5683,347.938782,40,391.170,-83.583,255,8
1778396923559336,150503289,5677,347.571442,40,390.626,-86.089,255,8
1778396923559907,150513229,5670,347.142853,40,389.971,-89.008,255,8
1778396923560309,150523194,5663,346.714294,40,389.294,-91.923,255,8
1778396923560811,150533131,5656,346.285706,40,388.596,-94.832,255,8
1778396923561218,150543099,5649,345.857147,40,387.876,-97.736,255,8
1778396923561714,150553045,5643,345.489777,40,387.241,-100.221,255,8
1778396923562174,150563015,5636,345.061218,40,386.481,-103.115,255,8
1778396923581158,150572952,5629,344.632660,40,385.699,-106.003,255,8
1778396923581676,150582920,5622,344.204071,40,384.895,-108.885,255,8
1778396923635707,150592863,5615,343.775513,40,384.070,-111.761,255,8
1778396923636362,150602824,5608,343.346924,40,383.223,-114.630,255,8
1778396923636881,150612766,5600,342.857147,40,382.229,-117.902,255,8
1778396923637328,150622737,5593,342.428558,40,381.337,-120.758,255,8
1778396923637771,150632682,5586,342.000000,40,380.423,-123.607,255,8
1778396923639330,150642651,5579,341.571411,40,379.487,-126.449,255,8
1778396923655776,150652599,5571,341.081635,40,378.393,-129.688,255,8
1778396923662849,150662569,5564,340.653046,40,377.412,-132.515,255,8
1778396923675748,150672508,5557,340.224487,40,376.410,-135.334,255,8
1778396923722670,150682479,5549,339.734680,40,375.240,-138.547,255,8
1778396923723299,150692420,5542,339.306122,40,374.193,-141.350,255,8
1778396923723926,150702386,5534,338.816315,41,382.295,-148.157,255,8
1778396923724371,150712325,5527,338.387756,41,381.176,-151.013,255,8
1778396923724781,150722293,5519,337.897949,41,379.871,-154.266,255,8
1778396923777152,150732235,5511,337.408173,40,369.306,-153.665,255,8
1778396923777717,150742205,5504,336.979584,40,368.146,-156.424,255,8
1778396923778198,150752147,5496,336.489807,40,366.796,-159.565,255,8
1778396923778594,150762115,5488,336.000000,40,365.418,-162.695,255,8
1778396923778994,150772059,5480,335.510223,40,364.014,-165.812,255,8
1778396923779397,150782028,5472,335.020416,40,362.583,-168.918,255,8
1778396923797384,150791967,5464,334.530609,40,361.126,-172.012,255,8
1778396923798271,150801936,5456,334.040802,40,359.642,-175.092,255,8
1778396923872706,150811872,5448,333.551025,40,358.133,-178.160,255,8
1778396923873374,150821835,5440,333.061218,41,365.511,-185.746,255,8
1778396923873906,150831776,5432,332.571442,41,363.910,-188.863,255,8
1778396923874442,150841745,5424,332.081635,41,362.282,-191.967,255,8
1778396923874986,150851687,5416,331.591858,41,360.628,-195.057,255,8
1778396923875590,150861649,5407,331.040802,41,358.736,-198.517,255,8
1778396923876088,150871585,5399,330.551025,41,357.025,-201.576,255,8
1778396923877153,150881551,5391,330.061218,41,355.289,-204.621,255,8
1778396923895859,150891492,5382,329.510223,41,353.305,-208.028,255,8
1778396923896978,150901460,5374,329.020386,40,342.940,-205.893,255,8
1778396923961401,150911399,5365,328.469391,40,340.944,-209.182,255,8
1778396923962105,150921362,5357,327.979584,40,339.144,-212.089,255,8
1778396923962574,150931298,5348,327.428558,40,337.088,-215.340,255,8
1778396923963287,150941262,5340,326.938782,40,335.235,-218.214,255,8
1778396923963911,150951203,5331,326.387756,40,333.121,-221.428,255,8
1778396923964365,150961175,5322,325.836731,40,330.976,-224.621,255,8
1778396923980463,150971118,5314,325.346924,40,329.044,-227.442,255,8
1778396923981106,150981093,5305,324.795929,40,326.842,-230.596,255,8
1778396923986725,150991032,5296,324.244873,40,324.609,-233.729,255,8
1778396923999196,151001005,5288,323.755096,40,322.599,-236.495,255,8
1778396924042813,151010955,5279,323.204071,40,320.310,-239.587,255,8
1778396924043325,151020931,5270,322.653076,39,310.041,-236.589,255,8
1778396924044055,151030875,5261,322.102051,39,307.751,-239.560,255,8
1778396924044688,151040851,5253,321.612244,40,313.530,-248.392,255,8
1778396924045613,151050799,5244,321.061249,40,311.127,-251.396,255,8
1778396924061010,151060772,5235,320.510193,40,308.695,-254.376,255,8
1778396924104283,151070713,5227,320.020416,39,298.847,-250.581,255,8
1778396924104805,151080684,5218,319.469391,39,296.423,-253.443,255,8
1778396924105384,151090629,5209,318.918365,39,293.972,-256.282,255,8
1778396924105767,151100603,5201,318.428558,40,299.252,-265.421,255,8
1778396924106232,151110546,5192,317.877563,40,296.685,-268.287,255,8
1778396924122149,151120513,5183,317.326538,40,294.091,-271.128,255,8
1778396924127486,151130457,5175,316.836731,40,291.763,-273.632,255,8
1778396924138452,151140428,5166,316.285736,39,281.890,-269.514,255,8
1778396924186069,151150372,5157,315.734680,39,279.285,-272.213,255,8
1778396924186549,151160346,5149,315.244904,39,276.948,-274.590,255,8
1778396924186988,151170286,5140,314.693878,39,274.294,-277.241,255,8
1778396924187423,151180258,5131,314.142853,39,271.615,-279.866,255,8
1778396924187879,151190204,5122,313.591827,39,268.911,-282.465,255,8
1778396924202769,151200165,5114,313.102051,39,266.487,-284.754,255,8
1778396924204080,151210120,5105,312.551025,39,263.736,-287.303,255,8
1778396924246718,151220086,5096,312.000000,39,260.961,-289.826,255,8
1778396924247254,151230024,5088,311.510223,39,258.474,-292.047,255,8
1778396924247728,151239999,5079,310.959167,39,255.653,-294.519,255,8
1778396924248130,151249938,5070,310.408173,39,252.809,-296.964,255,8
1778396924266081,151259899,5061,309.857147,39,249.942,-299.381,255,8
1778396924266587,151269841,5053,309.367340,39,247.373,-301.507,255,8
1778396924274171,151279813,5044,308.816315,39,244.462,-303.872,255,8
1778396924285494,151289766,5035,308.265320,39,241.529,-306.209,255,8
1778396924331292,151299738,5026,307.714294,39,238.573,-308.518,255,8
1778396924331907,151309681,5018,307.224487,39,235.926,-310.546,255,8
1778396924332401,151319650,5009,306.673492,39,232.929,-312.800,255,8
1778396924332936,151329597,5000,306.122437,39,229.910,-315.026,255,8
1778396924333389,151339562,4991,305.571442,39,226.870,-317.222,255,8
1778396924349269,151349506,4983,305.081635,39,224.150,-319.150,255,8
1778396924395129,151359473,4974,304.530609,39,221.070,-321.291,255,8
1778396924395611,151369419,4965,303.979584,39,217.970,-323.402,255,8
1778396924396160,151379391,4956,303.428558,38,209.341,-317.138,255,8
1778396924396704,151389334,4948,302.938782,38,206.622,-318.916,255,8
1778396924397216,151399310,4939,302.387756,38,203.546,-320.888,255,8
1778396924413952,151409250,4930,301.836731,38,200.450,-322.831,255,8
1778396924414467,151419217,4921,301.285706,38,197.336,-324.744,255,8
1778396924465398,151429161,4913,300.795929,38,194.553,-326.419,255,8
1778396924465981,151439141,4904,300.244904,38,191.405,-328.275,255,8
1778396924466596,151449080,4895,299.693878,38,188.239,-330.100,255,8
1778396924467077,151459055,4887,299.204071,38,185.410,-331.697,255,8
1778396924467554,151468994,4878,298.653046,38,182.212,-333.465,255,8
1778396924483823,151478968,4869,298.102051,38,178.997,-335.202,255,8
1778396924484610,151488914,4860,297.551025,38,175.765,-336.908,255,8
1778396924529799,151498885,4851,297.000000,38,172.516,-338.582,255,8
1778396924530310,151508826,4843,296.510193,38,169.616,-340.045,255,8
1778396924530723,151518797,4834,295.959198,38,166.338,-341.660,255,8
1778396924531121,151528736,4825,295.408173,38,163.044,-343.244,255,8
1778396924531687,151538704,4816,294.857147,38,159.736,-344.796,255,8
1778396924546225,151548648,4808,294.367340,38,156.782,-346.149,255,8
1778396924558231,151558620,4799,293.816315,38,153.446,-347.641,255,8
1778396924564783,151568565,4790,293.265320,38,150.096,-349.101,255,8
1778396924613704,151578534,4781,292.714264,38,146.732,-350.528,255,8
1778396924614173,151588476,4773,292.224487,38,143.730,-351.769,255,8
1778396924614636,151598450,4764,291.673462,37,136.647,-343.842,255,8
1778396924614979,151608390,4755,291.122437,37,133.334,-345.141,255,8
1778396924615376,151618358,4747,290.632660,37,130.379,-346.268,255,8
1778396924669457,151628301,4738,290.081635,37,127.043,-347.506,255,8
1778396924669928,151638276,4729,289.530609,37,123.695,-348.711,255,8
1778396924670368,151648210,4721,289.040802,37,120.709,-349.756,255,8
1778396924670734,151658180,4712,288.489807,37,117.340,-350.901,255,8
1778396924671065,151668120,4703,287.938782,37,113.960,-352.013,255,8
1778396924671376,151678095,4694,287.387756,37,110.570,-353.093,255,8
1778396924685951,151688037,4685,286.836731,37,107.169,-354.140,255,8
1778396924697293,151698007,4677,286.346954,37,104.138,-355.043,255,8
1778396924703557,151707951,4668,285.795929,37,100.718,-356.028,255,8
1778396924750499,151717924,4659,285.244904,37,97.290,-356.980,255,8
1778396924751067,151727865,4651,284.755096,37,94.235,-357.799,255,8
1778396924751476,151737840,4642,284.204071,37,90.789,-358.688,255,8
1778396924751899,151747779,4633,283.653076,37,87.336,-359.545,255,8
1778396924752302,151757752,4624,283.102020,37,83.874,-360.368,255,8
1778396924767533,151767693,4616,282.612244,37,80.790,-361.072,255,8
1778396924769006,151777665,4607,282.061218,37,77.314,-361.832,255,8
1778396924809459,151787602,4598,281.510193,37,73.831,-362.559,255,8
1778396924810005,151797576,4589,280.959198,37,70.341,-363.252,255,8
1778396924810368,151807520,4581,280.469391,37,67.233,-363.840,255,8
1778396924810742,151817487,4572,279.918365,37,63.731,-364.470,255,8
1778396924825715,151827429,4563,279.367340,37,60.223,-365.066,255,8
1778396924837968,151837403,4554,278.816345,37,56.709,-365.628,255,8
1778396924838379,151847349,4546,278.326508,37,53.581,-366.100,255,8
1778396924891724,151857329,4537,277.775513,37,50.058,-366.598,255,8
1778396924892186,151867273,4528,277.224487,37,46.530,-367.063,255,8
1778396924892582,151877251,4519,276.673462,37,42.998,-367.493,255,8
1778396924893226,151887198,4511,276.183685,37,39.855,-367.847,255,8
1778396924893975,151897170,4502,275.632660,37,36.316,-368.213,255,8
1778396924909200,151907113,4493,275.081635,37,32.773,-368.546,255,8
1778396924909796,151917084,4484,274.530609,36,28.437,-358.875,255,8
1778396924955343,151927021,4476,274.040833,37,26.073,-369.080,255,8
1778396924955871,151936993,4467,273.489777,37,22.522,-369.314,255,8
1778396924956351,151946933,4458,272.938782,37,18.970,-369.513,255,8
1778396924956860,151956898,4449,272.387756,37,15.415,-369.679,255,8
1778396924957352,151966835,4441,271.897949,37,12.254,-369.797,255,8
1778396924974229,151976803,4432,271.346954,37,8.697,-369.898,255,8
1778396925027723,151986740,4423,270.795898,37,5.140,-369.964,255,8
1778396925028247,151996711,4414,270.244904,37,1.582,-369.997,255,8
1778396925028721,152006649,4405,269.693878,37,-1.977,-369.995,255,8
1778396925029315,152016618,4397,269.204102,37,-5.140,-369.964,255,8
1778396925029795,152026558,4388,268.653046,37,-8.697,-369.898,255,8
1778396925030364,152036529,4379,268.102051,37,-12.254,-369.797,255,8
1778396925049043,152046469,4370,267.551025,37,-15.810,-369.662,255,8
1778396925049672,152056436,4361,267.000000,37,-19.364,-369.493,255,8
1778396925109457,152066378,4353,266.510223,37,-22.522,-369.314,255,8
1778396925110197,152076348,4344,265.959167,37,-26.073,-369.080,255,8
1778396925110775,152086288,4335,265.408173,37,-29.621,-368.812,255,8
1778396925111526,152096257,4326,264.857147,37,-33.167,-368.510,255,8
1778396925112069,152106202,4318,264.367340,37,-36.316,-368.213,255,8
1778396925112677,152116169,4309,263.816315,37,-39.855,-367.847,255,8
1778396925132087,152126112,4300,263.265320,37,-43.391,-367.447,255,8
1778396925132725,152136088,4291,262.714294,37,-46.922,-367.013,255,8
1778396925200520,152146033,4283,262.224487,37,-50.058,-366.598,255,8
1778396925201164,152156004,4274,261.673492,37,-53.581,-366.100,255,8
1778396925201699,152165955,4265,261.122437,38,-58.643,-375.448,255,8
1778396925202253,152175928,4256,260.571442,38,-62.251,-374.866,255,8
1778396925202886,152185877,4247,260.020416,37,-64.120,-364.402,255,8
1778396925203522,152195852,4239,259.530609,38,-69.050,-373.674,255,8
1778396925204072,152205789,4230,258.979584,37,-70.729,-363.177,255,8
1778396925205023,152215765,4221,258.428558,37,-74.218,-362.480,255,8
1778396925224289,152225713,4213,257.938782,37,-77.314,-361.832,255,8
1778396925224819,152235683,4204,257.387756,37,-80.790,-361.072,255,8
1778396925295525,152245629,4195,256.836731,37,-84.259,-360.278,255,8
1778396925296559,152255611,4186,256.285706,37,-87.720,-359.451,255,8
1778396925297228,152265562,4178,255.795929,37,-90.789,-358.688,255,8
1778396925297833,152275533,4169,255.244888,37,-94.235,-357.799,255,8
1778396925298605,152285476,4160,254.693878,37,-97.671,-356.876,255,8
1778396925299081,152295447,4152,254.204086,37,-100.718,-356.028,255,8
1778396925299774,152305398,4143,253.653046,37,-104.138,-355.043,255,8
1778396925321770,152315374,4134,253.102036,38,-110.454,-363.593,255,8
1778396925322599,152325318,4126,252.612244,38,-113.558,-362.636,255,8
1778396925323957,152335297,4117,252.061218,38,-117.040,-361.527,255,8
1778396925419501,152345247,4108,251.510208,38,-120.512,-360.384,255,8
1778396925420163,152355225,4100,251.020416,38,-123.588,-359.341,255,8
1778396925420742,152365175,4091,250.469376,38,-127.038,-358.136,255,8
1778396925421289,152375150,4082,249.918365,38,-130.476,-356.898,255,8
1778396925421774,152385096,4074,249.428574,38,-133.522,-355.769,255,8
1778396925422323,152395073,4065,248.877563,38,-136.938,-354.469,255,8
1778396925422879,152405026,4057,248.387741,37,-136.280,-343.988,255,8
1778396925423516,152414995,4048,247.836731,37,-139.581,-342.662,255,8
1778396925424067,152424943,4039,247.285721,37,-142.870,-341.303,255,8
1778396925424624,152434917,4031,246.795914,38,-149.723,-349.261,255,8
1778396925451060,152444861,4022,246.244904,38,-153.075,-347.805,255,8
1778396925451723,152454837,4014,245.755112,38,-156.042,-346.483,255,8
1778396925452752,152464779,4005,245.204071,39,-163.561,-354.045,255,8
1778396925517248,152474747,3997,244.714279,39,-166.582,-352.634,255,8
1778396925518017,152484688,3988,244.163269,39,-169.965,-351.015,255,8
1778396925518667,152494655,3979,243.612228,39,-173.333,-349.365,255,8
1778396925519212,152504598,3971,243.122437,40,-180.834,-356.790,255,8
1778396925519786,152514565,3962,242.571426,40,-184.257,-355.034,255,8
1778396925520542,152524512,3954,242.081635,40,-187.285,-353.446,255,8
1778396925522130,152534482,3945,241.530609,40,-190.676,-351.629,255,8
1778396925544221,152544421,3937,241.040817,40,-193.675,-349.986,255,8
1778396925544889,152554398,3928,240.489807,40,-197.031,-348.107,255,8
1778396925621233,152564339,3919,239.938766,40,-200.370,-346.196,255,8
1778396925621989,152574312,3911,239.448975,40,-203.322,-344.471,255,8
1778396925622571,152584255,3902,238.897964,40,-206.625,-342.499,255,8
1778396925623250,152594228,3894,238.408173,40,-209.546,-340.721,255,8
1778396925623918,152604170,3885,237.857132,40,-212.813,-338.690,255,8
1778396925624499,152614145,3877,237.367340,40,-215.700,-336.858,255,8
1778396925625113,152624090,3868,236.816330,40,-218.930,-334.768,255,8
1778396925625864,152634061,3860,236.326538,40,-221.784,-332.884,255,8
1778396925649641,152644008,3851,235.775513,40,-224.975,-330.736,255,8
1778396925650571,152653978,3843,235.285721,40,-227.794,-328.801,255,8
1778396925651136,152663917,3834,234.734695,40,-230.945,-326.595,255,8
1778396925760924,152673881,3826,234.244888,41,-239.572,-332.724,255,8
1778396925761559,152683814,3817,233.693878,41,-242.761,-330.405,255,8
1778396925762067,152693776,3809,233.204086,41,-245.576,-328.317,255,8
1778396925762761,152703724,3800,232.653076,41,-248.722,-325.941,255,8
1778396925763344,152713686,3792,232.163254,41,-251.500,-323.802,255,8
1778396925763810,152723627,3783,231.612244,41,-254.602,-321.369,255,8
1778396925764372,152733593,3775,231.122452,41,-257.340,-319.181,255,8
1778396925765010,152743535,3767,230.632660,41,-260.059,-316.969,255,8
1778396925765710,152753503,3758,230.081635,41,-263.095,-314.453,255,8
1778396925766312,152763446,3750,229.591827,41,-265.774,-312.193,255,8
1778396925766878,152773414,3741,229.040817,42,-275.319,-317.174,255,8
1778396925793485,152783350,3733,228.551025,42,-278.020,-314.809,255,8
1778396925794118,152793317,3724,228.000000,42,-281.035,-312.121,255,8
1778396925794942,152803255,3716,227.510208,42,-283.693,-309.707,255,8
1778396925868749,152813225,3707,226.959198,42,-286.658,-306.964,255,8
1778396925869513,152823169,3699,226.469376,42,-289.272,-304.503,255,8
1778396925870268,152833139,3690,225.918365,42,-292.187,-301.707,255,8
1778396925871029,152843076,3682,225.428574,42,-294.755,-299.198,255,8
1778396925871681,152853044,3673,224.877548,42,-297.619,-296.349,255,8
1778396925872215,152862991,3665,224.387741,42,-300.141,-293.794,255,8
1778396925872728,152872965,3656,223.836731,43,-310.166,-297.820,255,8
1778396925873319,152882914,3648,223.346939,43,-312.701,-295.158,255,8
1778396925892501,152892879,3639,222.795914,43,-315.525,-292.137,255,8
1778396925893380,152902820,3631,222.306122,43,-318.010,-289.429,255,8
1778396925959031,152912799,3622,221.755112,43,-320.779,-286.358,255,8
1778396925959698,152922749,3614,221.265320,43,-323.215,-283.605,255,8
1778396925960321,152932724,3606,220.775528,43,-325.628,-280.832,255,8
1778396925960982,152942666,3597,220.224487,44,-335.949,-284.145,255,8
1778396925961792,152952640,3589,219.734695,44,-338.366,-281.263,255,8
1778396925962373,152962594,3580,219.183685,44,-341.055,-277.996,255,8
1778396925963017,152972576,3572,218.693863,44,-343.419,-275.070,255,8
1778396925981960,152982530,3563,218.142853,45,-353.913,-277.931,255,8
1778396925982475,152992504,3555,217.653061,45,-356.276,-274.895,255,8
1778396926039946,153002451,3546,217.102036,45,-358.903,-271.456,255,8
1778396926040967,153012419,3538,216.612244,46,-369.237,-274.342,255,8
1778396926041872,153022371,3529,216.061234,46,-371.859,-270.779,255,8
1778396926042792,153032345,3521,215.571442,46,-374.160,-267.590,255,8
1778396926043566,153042290,3512,215.020401,46,-376.716,-263.979,255,8
1778396926044346,153052264,3504,214.530609,46,-378.959,-260.749,255,8
1778396926061108,153062210,3495,213.979599,47,-389.741,-262.682,255,8
1778396926061637,153072186,3487,213.489807,47,-391.972,-259.341,255,8
1778396926114500,153082129,3478,212.938766,47,-394.449,-255.559,255,8
1778396926115135,153092097,3470,212.448975,47,-396.619,-252.178,255,8
1778396926115753,153102045,3461,211.897964,47,-399.026,-248.352,255,8
1778396926116643,153112018,3453,211.408157,47,-401.134,-244.932,255,8
1778396926117274,153121965,3445,210.918365,48,-411.792,-246.632,255,8
1778396926117919,153131935,3436,210.367355,47,-405.517,-237.605,255,8
1778396926137706,153141889,3428,209.877548,47,-407.533,-234.130,255,8
1778396926138410,153151857,3419,209.326523,47,-409.766,-230.199,255,8
1778396926146384,153161803,3411,208.836731,47,-411.719,-226.688,255,8
1778396926212250,153171772,3402,208.285721,47,-413.880,-222.718,255,8
1778396926212973,153181720,3393,207.734680,47,-416.003,-218.728,255,8
1778396926213716,153191691,3385,207.244888,47,-417.857,-215.163,255,8
1778396926214293,153201642,3376,206.693878,47,-419.907,-211.135,255,8
1778396926214961,153211614,3368,206.204086,47,-421.697,-207.538,255,8
1778396926215641,153221559,3359,205.653061,47,-423.673,-203.473,255,8
1778396926216325,153231536,3350,205.102051,47,-425.610,-199.389,255,8
1778396926240211,153241485,3342,204.612244,47,-427.299,-195.743,255,8
1778396926240903,153251463,3333,204.061218,47,-429.162,-191.625,255,8
1778396926347746,153261409,3325,203.571426,47,-430.784,-187.949,255,8
1778396926348522,153271385,3316,203.020416,46,-423.368,-179.887,255,8
1778396926349192,153281332,3307,202.469376,46,-425.079,-175.807,255,8
1778396926349690,153291308,3299,201.979584,46,-426.566,-172.167,255,8
1778396926350139,153301255,3290,201.428574,46,-428.202,-168.057,255,8
1778396926350597,153311227,3282,200.938782,46,-429.623,-164.390,255,8
1778396926351061,153321176,3273,200.387756,46,-431.184,-160.251,255,8
1778396926351557,153331143,3265,199.897949,46,-432.538,-156.559,255,8
1778396926351996,153341089,3256,199.346939,46,-434.024,-152.392,255,8
1778396926352616,153351062,3247,198.795914,46,-435.469,-148.211,255,8
1778396926353429,153361009,3239,198.306122,46,-436.720,-144.483,255,8
1778396926354816,153370986,3230,197.755112,46,-438.090,-140.277,255,8
1778396926410488,153380934,3221,197.204071,46,-439.418,-136.057,255,8
1778396926411619,153390905,3213,196.714279,46,-440.565,-132.296,255,8
1778396926412261,153400852,3204,196.163269,46,-441.817,-128.053,255,8
1778396926412838,153410827,3196,195.673477,46,-442.896,-124.271,255,8
1778396926413444,153420767,3187,195.122452,46,-444.070,-120.006,255,8
1778396926414101,153430737,3179,194.632645,46,-445.080,-116.206,255,8
1778396926563921,153440679,3170,194.081635,46,-446.177,-111.920,255,8
1778396926564858,153450648,3161,193.530609,46,-447.233,-107.624,255,8
1778396926565438,153460591,3153,193.040817,46,-448.136,-103.797,255,8
1778396926566229,153470559,3144,192.489807,46,-449.114,-99.482,255,8
1778396926566833,153480506,3136,192.000015,46,-449.948,-95.639,255,8
1778396926567343,153490476,3127,191.448975,46,-450.847,-91.308,255,8
1778396926567922,153500427,3119,190.959183,46,-451.611,-87.450,255,8
1778396926568589,153510394,3110,190.408173,46,-452.431,-83.103,255,8
1778396926569264,153520345,3102,189.918365,46,-453.125,-79.233,255,8
1778396926569994,153530318,3093,189.367340,46,-453.866,-74.871,255,8
1778396926570452,153540264,3085,188.877548,46,-454.489,-70.989,255,8
1778396926571046,153550231,3076,188.326523,46,-455.151,-66.615,255,8
1778396926571763,153560183,3067,187.775513,46,-455.771,-62.234,255,8
1778396926572384,153570150,3059,187.285721,46,-456.286,-58.336,255,8
1778396926572958,153580098,3050,186.734680,46,-456.826,-53.945,255,8
1778396926573740,153590071,3042,186.244888,46,-457.270,-50.038,255,8
1778396926600830,153600017,3033,185.693878,46,-457.730,-45.638,255,8
1778396926601554,153609985,3025,185.204086,46,-458.104,-41.724,255,8
1778396926602371,153619931,3016,184.653046,46,-458.484,-37.316,255,8
1778396926684617,153629899,3008,184.163254,46,-458.786,-33.395,255,8
1778396926685565,153639848,2999,183.612244,46,-459.086,-28.982,255,8
1778396926686650,153649818,2991,183.122452,46,-459.317,-25.056,255,8
1778396926687547,153659765,2982,182.571426,46,-459.537,-20.638,255,8
1778396926688346,153669734,2973,182.020416,46,-459.714,-16.218,255,8
1778396926689361,153679678,2965,181.530624,46,-459.836,-12.287,255,8
1778396926690217,153689648,2957,181.040833,46,-459.924,-8.356,255,8
1778396926691073,153699594,2948,180.489792,46,-459.983,-3.932,255,8
1778396926691754,153709566,2939,179.938766,46,-460.000,0.492,255,8
1778396926710412,153719511,2931,179.448975,46,-459.979,4.424,255,8
1778396926711414,153729486,2923,178.959183,46,-459.924,8.356,255,8
1778396926766367,153739435,2914,178.408157,46,-459.822,12.778,255,8
1778396926766907,153749409,2905,177.857147,46,-459.678,17.200,255,8
1778396926767387,153759358,2897,177.367340,46,-459.514,21.129,255,8
1778396926768007,153769328,2888,176.816330,46,-459.290,25.547,255,8
1778396926768603,153779275,2880,176.326538,46,-459.055,29.472,255,8
1778396926785552,153789249,2871,175.775513,46,-458.750,33.886,255,8
1778396926786144,153799196,2863,175.285721,46,-458.444,37.806,255,8
1778396926795940,153809180,2854,174.734695,46,-458.059,42.213,255,8
1778396926809639,153819123,2846,174.244904,46,-457.681,46.127,255,8
1778396926810429,153829100,2837,173.693878,46,-457.217,50.527,255,8
1778396926879714,153839051,2829,173.204071,46,-456.768,54.433,255,8
1778396926880545,153849023,2820,172.653061,46,-456.223,58.823,255,8
1778396926881195,153858978,2812,172.163254,46,-455.704,62.721,255,8
1778396926881772,153868948,2803,171.612244,46,-455.080,67.101,255,8
1778396926882376,153878899,2795,171.122452,46,-454.489,70.989,255,8
1778396926882981,153888863,2786,170.571426,46,-453.786,75.356,255,8
1778396926883618,153898815,2778,170.081635,46,-453.125,79.233,255,8
1778396926902918,153908790,2769,169.530609,46,-452.342,83.587,255,8
1778396926903769,153918734,2761,169.040817,46,-451.611,87.450,255,8
1778396926952630,153928704,2752,168.489792,46,-450.749,91.790,255,8
1778396926953488,153938643,2743,167.938766,46,-449.845,96.120,255,8
1778396926954398,153948615,2735,167.448975,46,-449.007,99.962,255,8
1778396926955162,153958559,2727,166.959183,46,-448.136,103.797,255,8
1778396926955793,153968530,2718,166.408157,46,-447.117,108.102,255,8
1778396927014099,153978470,2709,165.857147,46,-446.057,112.397,255,8
1778396927014666,153988442,2701,165.367355,46,-445.080,116.206,255,8
1778396927015137,153998388,2692,164.816330,45,-434.291,117.861,255,8
1778396927015629,154008360,2684,164.326538,45,-433.268,121.570,255,8
1778396927016188,154018303,2675,163.775513,45,-432.078,125.731,255,8
1778396927016632,154028273,2667,163.285721,44,-421.410,126.544,255,8
1778396927018403,154038221,2659,162.795914,44,-420.313,130.142,255,8
1778396927034481,154048186,2650,162.244904,44,-419.042,134.178,255,8
1778396927047272,154058135,2642,161.755096,44,-417.880,137.755,255,8
1778396927048311,154068108,2633,161.204071,43,-407.069,138.545,255,8
1778396927097694,154078055,2625,160.714279,43,-405.870,142.020,255,8
1778396927098300,154088024,2616,160.163269,43,-404.485,145.917,255,8
1778396927098871,154097964,2608,159.673462,42,-393.846,145.895,255,8
1778396927099628,154107936,2599,159.122452,42,-392.425,149.676,255,8
1778396927100001,154117872,2591,158.632660,42,-391.131,153.025,255,8
1778396927118688,154127848,2582,158.081635,42,-389.641,156.780,255,8
1778396927119355,154137797,2574,157.591843,42,-388.287,160.105,255,8
1778396927127456,154147769,2565,157.040817,42,-386.729,163.832,255,8
1778396927198500,154157707,2557,156.551025,42,-385.314,167.132,255,8
1778396927199362,154167686,2548,156.000000,41,-374.554,166.762,255,8
1778396927199885,154177628,2540,155.510208,41,-373.114,169.958,255,8
1778396927200409,154187600,2532,155.020401,41,-371.648,173.141,255,8
1778396927201015,154197544,2523,154.469376,41,-369.966,176.707,255,8
1778396927201520,154207511,2515,153.979584,41,-368.441,179.863,255,8
1778396927201972,154217460,2506,153.428574,40,-357.751,178.925,255,8
1778396927222145,154227435,2498,152.938782,40,-356.208,181.977,255,8
1778396927223079,154237384,2489,152.387756,40,-354.442,185.394,255,8
1778396927231844,154247355,2481,151.897964,40,-352.844,188.417,255,8
1778396927335117,154257301,2473,151.408173,40,-351.220,191.427,255,8
1778396927335879,154267267,2464,150.857147,40,-349.363,194.796,255,8
1778396927336524,154277214,2456,150.367355,40,-347.685,197.775,255,8
1778396927337160,154287197,2447,149.816330,40,-345.767,201.109,255,8
1778396927337717,154297145,2439,149.326523,39,-335.435,198.956,255,8
1778396927338305,154307120,2430,148.775513,39,-333.506,202.173,255,8
1778396927338768,154317063,2422,148.285706,40,-340.272,210.274,255,8
1778396927339361,154327043,2413,147.734695,40,-338.234,213.536,255,8
1778396927339935,154336993,2405,147.244888,39,-327.986,211.009,255,8
1778396927340538,154346969,2397,146.755096,39,-326.171,213.805,255,8
1778396927341075,154356916,2388,146.204086,39,-324.099,216.932,255,8
1778396927362867,154366887,2380,145.714294,39,-322.233,219.695,255,8
1778396927363479,154376835,2371,145.163269,39,-320.105,222.784,255,8
1778396927365291,154386811,2363,144.673477,39,-318.189,225.512,255,8
1778396927441737,154396762,2354,144.122452,38,-307.903,222.701,255,8
1778396927442273,154406742,2346,143.632660,38,-305.988,225.325,255,8
1778396927442735,154416688,2338,143.142853,38,-304.051,227.932,255,8
1778396927443344,154426663,2329,142.591827,38,-301.845,230.846,255,8
1778396927443808,154436610,2321,142.102036,38,-299.860,233.418,255,8
1778396927444301,154446581,2312,141.551010,37,-289.770,230.073,255,8
1778396927444780,154456527,2304,141.061218,37,-287.793,232.541,255,8
1778396927445300,154466500,2295,140.510208,38,-293.260,241.657,255,8
1778396927463738,154476443,2287,140.020416,38,-291.184,244.156,255,8
1778396927464344,154486417,2279,139.530609,37,-281.479,240.145,255,8
1778396927532132,154496367,2270,138.979599,37,-279.156,242.841,255,8
1778396927532659,154506340,2262,138.489807,37,-277.070,245.219,255,8
1778396927533485,154516294,2253,137.938782,37,-274.699,247.872,255,8
1778396927534209,154526267,2245,137.448975,36,-265.203,243.449,255,8
1778396927534780,154536207,2237,136.959183,36,-263.112,245.707,255,8
1778396927535267,154546190,2228,136.408157,35,-253.495,241.331,255,8
1778396927535717,154556135,2220,135.918365,34,-244.239,236.532,255,8
1778396927555580,154566107,2211,135.367340,34,-241.953,238.870,255,8
1778396927556271,154576054,2203,134.877548,36,-254.014,255.102,255,8
1778396927564339,154586028,2195,134.387756,35,-244.829,250.118,255,8
1778396927645808,154595970,2186,133.836731,35,-242.412,252.461,255,8
1778396927646513,154605942,2178,133.346939,35,-240.245,254.524,255,8
1778396927647163,154615893,2169,132.795929,35,-237.786,256.822,255,8
1778396927647636,154625868,2161,132.306122,33,-222.120,244.055,255,8
1778396927648079,154635817,2152,131.755112,34,-226.422,253.639,255,8
1778396927648582,154645790,2144,131.265305,34,-224.246,255.566,255,8
1778396927649117,154655736,2136,130.775513,34,-222.053,257.473,255,8
1778396927649556,154665709,2127,130.224487,33,-213.109,251.962,255,8
1778396927666529,154675656,2119,129.734695,34,-217.339,261.464,255,8
1778396927667140,154685629,2110,129.183670,34,-214.815,263.542,255,8
1778396927721577,154695572,2102,128.693878,33,-206.303,257.564,255,8
1778396927722470,154705549,2094,128.204071,33,-204.093,259.318,255,8
1778396927723116,154715493,2085,127.653061,33,-201.590,261.269,255,8
1778396927723744,154725465,2077,127.163261,31,-187.267,247.044,255,8
1778396927724227,154735411,2069,126.673470,31,-185.149,248.636,255,8
1778396927724637,154745381,2060,126.122444,30,-176.854,242.328,255,8
1778396927744123,154755321,2052,125.632652,28,-163.124,227.575,255,8
1778396927744748,154765298,2044,125.142860,28,-161.173,228.961,255,8
1778396927806963,154775245,2035,124.591835,29,-164.641,238.733,255,8
1778396927807515,154785217,2027,124.102043,30,-168.201,248.412,255,8
1778396927807918,154795163,2019,123.612244,30,-166.071,249.841,255,8
1778396927808314,154805133,2010,123.061218,31,-169.116,259.807,255,8
1778396927808724,154815079,2002,122.571426,31,-166.889,261.244,255,8
1778396927809158,154825050,1993,122.020401,30,-159.066,254.358,255,8
1778396927811143,154834997,1985,121.530609,30,-156.886,255.708,255,8
1778396927827758,154844965,1977,121.040817,30,-154.695,257.040,255,8
1778396927835104,154854910,1968,120.489799,30,-152.215,258.516,255,8
1778396927847316,154864874,1960,120.000000,30,-150.000,259.808,255,8
1778396927916355,154874818,1952,119.510201,29,-142.848,252.378,255,8
1778396927916877,154884782,1943,118.959190,29,-140.414,253.740,255,8
1778396927917234,154894725,1935,118.469383,29,-138.240,254.931,255,8
1778396927917565,154904695,1927,117.979591,29,-136.056,256.103,255,8
1778396927917892,154924600,1910,116.938774,28,-126.851,249.618,255,8
1778396927933590,154944500,1893,115.897964,28,-122.296,251.881,255,8
1778396927934075,154954444,1885,115.408157,28,-120.138,252.917,255,8
1778396927983920,154964407,1876,114.857147,28,-117.700,254.060,255,8
1778396927984490,154974351,1868,114.367340,28,-115.524,255.057,255,8
1778396927985120,154984316,1860,113.877548,28,-113.339,256.036,255,8
1778396927985807,154994257,1851,113.326530,28,-110.872,257.114,255,8
1778396928036519,155024133,1826,111.795921,29,-107.678,269.269,255,8
1778396928037029,155034078,1818,111.306129,31,-112.639,288.812,255,8
1778396928037475,155044047,1810,110.816322,32,-113.719,299.112,255,8
1778396928037901,155053988,1801,110.265305,33,-114.301,309.573,255,8
1778396928039114,155063952,1793,109.775505,33,-111.651,310.538,255,8
1778396928054974,155073895,1785,109.285713,33,-108.992,311.482,255,8
1778396928066574,155083855,1776,108.734695,33,-105.992,312.515,255,8
1778396928072099,155093801,1768,108.244904,33,-103.316,313.410,255,8
1778396928137357,155103767,1760,107.755096,33,-100.633,314.282,255,8
1778396928138112,155113710,1751,107.204086,33,-97.606,315.235,255,8
1778396928138765,155123681,1743,106.714279,33,-94.908,316.058,255,8
1778396928139531,155133634,1735,106.224487,33,-92.202,316.858,255,8
1778396928140065,155143607,1727,105.734695,33,-89.491,317.634,255,8
1778396928140566,155153551,1718,105.183678,33,-86.432,318.480,255,8
1778396928141040,155163518,1710,104.693878,33,-83.706,319.207,255,8
1778396928162442,155173463,1701,104.142860,34,-83.076,329.694,255,8
1778396928163078,155183435,1693,103.653069,34,-80.254,330.393,255,8
1778396928226222,155193377,1685,103.163261,34,-77.427,331.067,255,8
1778396928226769,155203349,1676,102.612244,34,-74.240,331.796,255,8
1778396928227209,155213290,1668,102.122444,33,-69.301,322.641,255,8
1778396928227659,155223266,1660,101.632652,34,-68.556,333.017,255,8
1778396928228065,155233209,1651,101.081635,34,-65.351,333.660,255,8
1778396928228519,155243176,1643,100.591843,34,-62.496,334.207,255,8
1778396928229028,155253123,1635,100.102036,34,-59.637,334.729,255,8
1778396928249492,155263094,1626,99.551025,33,-54.756,325.426,255,8
1778396928250126,155273037,1618,99.061218,33,-51.972,325.882,255,8
1778396928259732,155283008,1610,98.571426,33,-49.184,326.314,255,8
1778396928335573,155292954,1601,98.020409,34,-47.439,336.674,255,8
1778396928336331,155302927,1593,97.530609,34,-44.559,337.067,255,8
1778396928337024,155312870,1585,97.040817,34,-41.676,337.436,255,8
1778396928337570,155322841,1576,96.489799,34,-38.429,337.821,255,8
1778396928338147,155332787,1568,96.000008,34,-35.540,338.137,255,8
1778396928338750,155342758,1560,95.510201,34,-32.648,338.429,255,8
1778396928339363,155352701,1551,94.959183,34,-29.392,338.727,255,8
1778396928339924,155362662,1543,94.469383,34,-26.495,338.966,255,8
1778396928360374,155372613,1535,93.979591,34,-23.596,339.180,255,8
1778396928360928,155382583,1526,93.428574,34,-20.333,339.391,255,8
1778396928414981,155392528,1518,92.938782,34,-17.431,339.553,255,8
1778396928415476,155402502,1510,92.448975,33,-14.101,329.699,255,8
1778396928415856,155412455,1501,91.897964,34,-11.261,339.813,255,8
1778396928416212,155422430,1493,91.408157,34,-8.355,339.897,255,8
1778396928416592,155432379,1485,90.918365,34,-5.449,339.956,255,8
1778396928416993,155442348,1477,90.428574,34,-2.543,339.990,255,8
1778396928433028,155452290,1468,89.877548,34,0.727,339.999,255,8
1778396928446822,155462271,1460,89.387756,34,3.633,339.981,255,8
1778396928447339,155472206,1452,88.897964,34,6.539,339.937,255,8
1778396928506670,155482191,1443,88.346939,34,9.808,339.859,255,8
1778396928507208,155492139,1435,87.857140,34,12.713,339.762,255,8
1778396928507668,155502110,1427,87.367348,34,15.617,339.641,255,8
1778396928508048,155512055,1418,86.816322,34,18.883,339.475,255,8
1778396928508467,155522027,1410,86.326530,34,21.784,339.301,255,8
1778396928508894,155531972,1401,85.775513,34,25.046,339.076,255,8
1778396928525578,155541950,1393,85.285713,34,27.944,338.850,255,8
1778396928526101,155551897,1385,84.795921,34,30.839,338.599,255,8
1778396928534563,155561872,1377,84.306122,34,33.733,338.322,255,8
1778396928546292,155571820,1368,83.755104,34,36.985,337.982,255,8
1778396928592173,155581796,1360,83.265305,34,39.873,337.654,255,8
1778396928592727,155591746,1351,82.714287,34,43.118,337.255,255,8
1778396928593156,155601715,1343,82.224487,34,45.999,336.874,255,8
1778396928593633,155611664,1335,81.734695,34,48.877,336.468,255,8
1778396928594031,155621633,1327,81.244896,34,51.752,336.038,255,8
1778396928611615,155631580,1318,80.693878,34,54.981,335.525,255,8
1778396928613809,155641545,1310,80.204079,34,57.847,335.043,255,8
1778396928674327,155651490,1302,79.714287,34,60.709,334.536,255,8
1778396928675042,155661465,1294,79.224487,34,63.567,334.005,255,8
1778396928675707,155671413,1285,78.673470,34,66.776,333.378,255,8
1778396928676334,155681378,1277,78.183670,34,69.624,332.795,255,8
1778396928676910,155691320,1269,77.693878,34,72.466,332.188,255,8
1778396928677446,155701301,1261,77.204079,34,75.303,331.556,255,8
1778396928700810,155711240,1252,76.653061,34,78.488,330.817,255,8
1778396928701229,155721207,1244,76.163269,34,81.313,330.134,255,8
1778396928702997,155731148,1236,75.673470,34,84.132,329.426,255,8
1778396928766627,155741116,1228,75.183678,34,86.945,328.695,255,8
1778396928767171,155751053,1219,74.632652,34,90.102,327.844,255,8
1778396928767593,155761031,1211,74.142853,34,92.902,327.062,255,8
1778396928768134,155770965,1203,73.653061,34,95.694,326.256,255,8
1778396928768640,155780937,1195,73.163261,34,98.479,325.426,255,8
1778396928769149,155790878,1186,72.612244,35,104.593,334.006,255,8
1778396928788705,155800844,1178,72.122452,35,107.444,333.100,255,8
1778396928789306,155810785,1170,71.632652,35,110.288,332.170,255,8
1778396928834281,155820751,1161,71.081635,35,113.477,331.094,255,8
1778396928835005,155830693,1153,70.591835,35,116.303,330.111,255,8
1778396928835582,155840663,1145,70.102043,35,119.121,329.105,255,8
1778396928836237,155850601,1137,69.612244,35,121.930,328.075,255,8
1778396928836850,155860579,1128,69.061226,35,125.080,326.887,255,8
1778396928855901,155870520,1120,68.571426,35,127.869,325.806,255,8
1778396928856475,155880492,1112,68.081635,35,130.650,324.701,255,8
1778396928901593,155890436,1103,67.530617,35,133.766,323.429,255,8
1778396928902091,155900404,1095,67.040817,35,136.526,322.274,255,8
1778396928902495,155910347,1087,66.551018,35,139.276,321.095,255,8
1778396928902924,155920322,1079,66.061226,36,146.074,329.033,255,8
1778396928903286,155930267,1070,65.510201,36,149.231,327.613,255,8
1778396928919765,155940242,1062,65.020409,36,152.026,326.325,255,8
1778396928920956,155950182,1054,64.530609,36,154.810,325.013,255,8
1778396928975461,155960151,1045,63.979591,36,157.929,323.510,255,8
1778396928976013,155970094,1037,63.489796,36,160.689,322.148,255,8
1778396928976679,155980063,1029,63.000000,36,163.437,320.762,255,8
1778396928977116,155990004,1021,62.510204,36,166.173,319.354,255,8
1778396928977582,155999967,1012,61.959183,36,169.236,317.741,255,8
1778396928994402,156009910,1004,61.469387,36,171.946,316.282,255,8
1778396928994924,156019883,996,60.979591,37,179.495,323.545,255,8
1778396929008066,156029828,988,60.489796,37,182.254,321.999,255,8
1778396929010191,156039798,979,59.938778,37,185.342,320.232,255,8
1778396929072035,156049734,971,59.448978,37,188.073,318.635,255,8
1778396929073051,156059701,963,58.959183,37,190.790,317.016,255,8
1778396929073796,156069640,955,58.469387,37,193.493,315.374,255,8
1778396929074378,156079608,946,57.918365,37,196.517,313.498,255,8
1778396929074998,156089546,938,57.428574,37,199.190,311.807,255,8
1778396929075695,156099517,930,56.938774,37,201.848,310.093,255,8
1778396929094139,156109455,921,56.387753,37,204.821,308.137,255,8
1778396929094941,156119428,913,55.897961,37,207.447,306.375,255,8
1778396929108575,156129371,905,55.408161,38,215.736,312.823,255,8
1778396929109371,156139342,897,54.918369,38,218.402,310.967,255,8
1778396929155509,156149285,889,54.428570,38,221.053,309.089,255,8
1778396929155982,156159255,880,53.877548,38,224.015,306.948,255,8
1778396929156439,156169196,872,53.387756,38,226.631,305.022,255,8
1778396929156908,156179165,864,52.897957,38,229.230,303.074,255,8
1778396929173267,156189107,855,52.346939,38,232.134,300.855,255,8
1778396929173865,156199080,847,51.857143,38,234.697,298.860,255,8
1778396929238764,156209020,839,51.367344,39,243.487,304.654,255,8
1778396929239371,156218988,831,50.877552,39,246.082,302.562,255,8
1778396929239950,156228926,823,50.387753,39,248.660,300.447,255,8
1778396929240561,156238889,814,49.836735,39,251.537,298.042,255,8
1778396929241170,156248827,806,49.346939,39,254.076,295.881,255,8
1778396929241834,156258804,798,48.857147,39,256.596,293.698,255,8
1778396929242396,156268747,790,48.367348,39,259.097,291.494,255,8
1778396929265058,156278717,781,47.816326,39,261.889,288.988,255,8
1778396929265766,156288657,773,47.326530,39,264.350,286.739,255,8
1778396929377030,156298626,765,46.836735,39,266.791,284.469,255,8
1778396929377651,156308566,757,46.346939,39,269.213,282.178,255,8
1778396929378170,156318538,748,45.795918,40,278.886,286.744,255,8
1778396929378614,156328480,740,45.306122,40,281.328,284.350,255,8
1778396929379153,156338456,732,44.816326,40,283.748,281.935,255,8
1778396929379819,156348397,724,44.326530,40,286.148,279.499,255,8
1778396929380292,156358377,715,43.775509,40,288.822,276.734,255,8
1778396929380759,156368321,707,43.285713,40,291.177,274.255,255,8
1778396929381285,156378293,699,42.795918,40,293.511,271.756,255,8
1778396929381773,156388240,691,42.306122,39,288.428,262.506,255,8
1778396929382549,156398214,683,41.816326,39,290.662,260.030,255,8
1778396929383129,156408159,674,41.265305,39,293.149,257.223,255,8
1778396929403087,156418123,666,40.775509,39,295.337,254.708,255,8
1778396929403727,156428077,658,40.285713,40,305.132,258.640,255,8
1778396929472135,156438049,650,39.795918,40,307.332,256.022,255,8
1778396929472779,156447999,642,39.306122,41,317.247,259.720,255,8
1778396929473413,156457971,633,38.755100,41,319.730,256.657,255,8
1778396929474165,156467922,625,38.265305,41,321.912,253.915,255,8
1778396929474989,156477896,617,37.775509,41,324.071,251.153,255,8
1778396929475693,156487842,609,37.285713,41,326.206,248.374,255,8
1778396929476192,156497814,601,36.795918,41,328.317,245.576,255,8
1778396929476774,156507766,593,36.306122,41,330.405,242.761,255,8
1778396929554401,156517745,584,35.755100,40,324.609,233.729,255,8
1778396929555554,156527696,576,35.265305,40,326.595,230.945,255,8
1778396929556239,156537674,568,34.775509,40,328.557,228.145,255,8
1778396929556986,156547622,560,34.285713,40,330.496,225.328,255,8
1778396929557497,156557597,551,33.734692,40,332.647,222.139,255,8
1778396929558061,156567542,543,33.244896,40,334.534,219.287,255,8
1778396929558484,156577516,535,32.755100,40,336.396,216.420,255,8
1778396929559099,156587464,527,32.265305,40,338.234,213.536,255,8
1778396929579155,156597443,519,31.775511,40,340.047,210.637,255,8
1778396929579793,156607392,511,31.285715,40,341.835,207.722,255,8
1778396929632478,156617364,503,30.795919,40,343.599,204.793,255,8
1778396929633011,156627314,495,30.306122,40,345.337,201.848,255,8
1778396929633453,156637291,487,29.816326,40,347.050,198.888,255,8
1778396929633909,156647236,478,29.265306,39,340.223,190.653,255,8
1778396929634436,156657202,470,28.775511,39,341.840,187.738,255,8
1778396929634872,156667145,462,28.285715,39,343.432,184.809,255,8
1778396929649192,156677119,454,27.795918,39,345.000,181.866,255,8
1778396929698918,156687065,446,27.306122,39,346.542,178.910,255,8
1778396929699378,156697038,438,26.816326,39,348.058,175.941,255,8
1778396929699826,156706978,430,26.326530,39,349.550,172.960,255,8
1778396929700298,156716951,422,25.836735,38,342.015,165.607,255,8
1778396929700657,156726894,414,25.346939,39,352.456,166.958,255,8
1778396929715143,156736865,406,24.857143,38,344.796,159.736,255,8
1778396929715630,156746811,398,24.367346,38,346.149,156.782,255,8
1778396929771319,156756781,390,23.877550,38,347.477,153.818,255,8
1778396929771780,156766729,383,23.448978,38,348.618,151.214,255,8
1778396929772293,156776701,375,22.959183,38,349.898,148.229,255,8
1778396929772695,156786656,367,22.469387,37,341.911,141.410,255,8
1778396929773131,156796630,359,21.979593,38,352.381,142.225,255,8
1778396929773903,156806575,351,21.489796,37,344.279,135.544,255,8
1778396929788686,156816542,343,21.000000,38,354.761,136.180,255,8
1778396929834282,156826492,335,20.510204,38,355.912,133.142,255,8
1778396929834708,156836464,328,20.081633,38,356.898,130.476,255,8
1778396929835229,156846410,320,19.591837,38,358.000,127.421,255,8
1778396929835668,156856383,312,19.102041,38,359.076,124.356,255,8
1778396929836013,156866329,304,18.612246,38,360.126,121.282,255,8
1778396929852074,156876303,296,18.122448,38,361.150,118.199,255,8
1778396929852611,156886248,288,17.632652,39,371.677,118.136,255,8
1778396929907336,156896216,280,17.142857,38,363.118,112.007,255,8
1778396929907879,156906166,272,16.653061,38,364.062,108.899,255,8
1778396929908344,156916133,265,16.224489,37,355.265,103.379,255,8
1778396929908692,156926083,257,15.734694,37,356.135,100.338,255,8
1778396929908991,156936056,249,15.244898,37,356.980,97.290,255,8
1778396929924402,156946003,241,14.755103,37,357.799,94.235,255,8
1778396929924860,156955980,233,14.265306,36,348.899,88.708,255,8
1778396929966468,156965929,225,13.775511,37,359.357,88.104,255,8
1778396929966905,156975912,218,13.346939,38,369.736,87.722,255,8
1778396929967447,156985862,210,12.857143,38,370.473,84.558,255,8
1778396929967856,156995835,202,12.367347,37,361.414,79.246,255,8
1778396929982448,157005787,194,11.877551,37,362.078,76.154,255,8
1778396929982956,157015761,187,11.448979,37,362.638,73.443,255,8
1778396929995304,157025709,179,10.959184,37,363.252,70.341,255,8
1778396930043801,157035681,171,10.469388,37,363.840,67.233,255,8
1778396930044447,157045625,163,9.979591,38,374.250,65.853,255,8
1778396930044910,157055594,156,9.551021,37,364.871,61.393,255,8
1778396930045252,157065542,151,9.244898,39,384.934,62.655,255,8
1778396930045612,157075517,149,9.122449,40,394.941,63.418,255,8
1778396930098517,157085463,148,9.061224,40,395.008,62.996,255,8
1778396930099368,157095435,148,9.061224,40,395.008,62.996,255,8
1778396930099968,157105384,149,9.122449,40,394.941,63.418,255,8
1778396930100308,157115348,149,9.122449,40,394.941,63.418,255,8
1778396930100638,157125293,149,9.122449,40,394.941,63.418,255,8
1778396930101068,157135262,149,9.122449,40,394.941,63.418,255,8
1778396930116583,157145207,149,9.122449,40,394.941,63.418,255,8
1778396930158864,157155180,149,9.122449,40,394.941,63.418,255,8
1778396930159510,157165125,150,9.183674,39,385.001,62.244,255,8
1778396930160011,157175093,152,9.306123,39,384.867,63.067,255,8
1778396930160506,157185032,154,9.428572,38,374.866,62.251,255,8
1778396930161036,157195008,157,9.612246,38,374.665,63.452,255,8
1778396930176825,157204948,159,9.734694,37,364.672,62.562,255,8
1778396930183230,157214921,162,9.918367,38,374.321,65.453,255,8
1778396930194465,157224866,165,10.102040,38,374.109,66.653,255,8
1778396930238628,157234845,167,10.224489,38,373.966,67.452,255,8
1778396930239164,157244793,170,10.408163,38,373.747,68.651,255,8
1778396930239655,157254770,173,10.591837,39,383.355,71.686,255,8
1778396930240064,157264719,177,10.836735,39,383.045,73.324,255,8
1778396930240486,157274694,180,11.020409,39,382.808,74.552,255,8
1778396930258627,157284643,183,11.204082,39,382.567,75.779,255,8
1778396930259206,157294621,187,11.448979,39,382.240,77.413,255,8
1778396930306249,157304572,190,11.632653,39,381.990,78.638,255,8
1778396930306696,157314540,193,11.816327,39,381.736,79.862,255,8
1778396930307032,157324481,197,12.061225,38,371.611,79.404,255,8
1778396930307412,157334455,200,12.244899,38,371.355,80.594,255,8
1778396930308267,157344408,204,12.489796,39,380.770,84.344,255,8
1778396930324414,157354382,208,12.734694,39,380.406,85.970,255,8
1778396930376200,157364328,212,12.979591,39,380.036,87.596,255,8
1778396930376941,157374298,215,13.163265,38,370.016,86.536,255,8
1778396930377462,157384242,220,13.469387,38,369.548,88.512,255,8
1778396930377906,157394213,223,13.653061,38,369.262,89.696,255,8
1778396930378346,157404166,227,13.897959,38,368.876,91.274,255,8
1778396930378727,157414137,231,14.142858,37,358.785,90.406,255,8
1778396930394899,157424081,235,14.387755,38,368.082,94.423,255,8
1778396930397991,157434057,239,14.632653,38,367.675,95.996,255,8
1778396930407355,157444003,244,14.938775,39,376.819,100.537,255,8
1778396930494762,157453979,248,15.183674,39,376.386,102.147,255,8
1778396930495377,157463928,252,15.428572,39,375.946,103.754,255,8
1778396930496142,157473901,256,15.673470,39,375.499,105.360,255,8
1778396930496680,157483842,261,15.979591,39,374.930,107.365,255,8
1778396930497150,157493819,265,16.224489,39,374.468,108.967,255,8
1778396930497650,157503766,270,16.530613,39,373.880,110.966,255,8
1778396930498248,157513742,274,16.775511,39,373.403,112.563,255,8
1778396930498702,157523688,279,17.081633,39,372.796,114.556,255,8
1778396930499345,157533662,283,17.326530,39,372.303,116.149,255,8
1778396930520085,157543605,288,17.632652,39,371.677,118.136,255,8
1778396930520627,157553580,293,17.938776,39,371.041,120.120,255,8
1778396930576097,157563531,297,18.183674,39,370.524,121.705,255,8
1778396930576702,157573502,303,18.551020,39,369.736,124.078,255,8
1778396930577348,157583446,307,18.795919,40,378.669,128.879,255,8
1778396930577987,157593417,312,19.102041,39,368.526,127.628,255,8
1778396930578721,157603364,317,19.408163,39,367.838,129.595,255,8
1778396930579248,157613335,322,19.714287,39,367.141,131.559,255,8
1778396930598919,157623281,327,20.020409,39,366.433,133.518,255,8
1778396930599805,157633252,332,20.326530,39,365.714,135.474,255,8
1778396930667501,157643196,337,20.632652,39,364.985,137.426,255,8
1778396930668181,157653166,342,20.938776,40,373.585,142.948,255,8
1778396930668832,157663110,348,21.306122,39,363.344,141.707,255,8
1778396930669714,157673079,353,21.612246,39,362.582,143.646,255,8
1778396930670561,157683024,358,21.918367,39,361.809,145.581,255,8
1778396930671304,157692991,363,22.224491,39,361.027,147.512,255,8
1778396930672278,157702934,369,22.591837,39,360.073,149.824,255,8
1778396930688603,157712906,374,22.897959,39,359.268,151.746,255,8
1778396930689390,157722852,380,23.265306,39,358.287,154.046,255,8
1778396930695891,157732825,385,23.571430,39,357.459,155.958,255,8
1778396930749185,157742774,391,23.938774,39,356.452,158.246,255,8
1778396930749988,157752739,397,24.306122,39,355.430,160.529,255,8
1778396930750708,157762683,402,24.612246,39,354.567,162.425,255,8
1778396930751336,157772654,408,24.979591,39,353.519,164.695,255,8
1778396930751914,157782611,414,25.346939,39,352.456,166.958,255,8
1778396930754242,157792583,420,25.714287,39,351.378,169.215,255,8
1778396930769346,157802524,425,26.020407,39,350.469,171.090,255,8
1778396930776102,157812495,431,26.387754,39,349.365,173.333,255,8
1778396930842903,157822436,437,26.755102,40,357.176,180.071,255,8
1778396930843678,157832407,443,27.122450,39,347.113,177.799,255,8
1778396930844359,157842348,449,27.489796,40,354.837,184.636,255,8
1778396930844779,157852317,455,27.857143,40,353.646,186.907,255,8
1778396930845322,157862261,462,28.285715,40,352.238,189.547,255,8
1778396930845879,157872236,468,28.653059,39,342.240,187.007,255,8
1778396930846352,157882182,474,29.020407,39,341.034,189.197,255,8
1778396930865266,157892156,480,29.387754,39,339.814,191.380,255,8
1778396930865907,157902104,487,29.816326,39,338.373,193.916,255,8
1778396930879566,157912073,493,30.183674,39,337.123,196.082,255,8
1778396930887427,157922025,499,30.551020,39,335.859,198.239,255,8
1778396930952986,157931993,506,30.979591,39,334.367,200.746,255,8
1778396930953553,157941944,512,31.346939,39,333.073,202.885,255,8
1778396930954110,157951909,519,31.775511,39,331.546,205.371,255,8
1778396930954673,157961853,525,32.142857,39,330.222,207.493,255,8
1778396930955214,157971832,532,32.571430,39,328.661,209.957,255,8
1778396930955714,157981778,539,33.000000,39,327.082,212.409,255,8
1778396930956146,157991756,545,33.367348,39,325.713,214.502,255,8
1778396930981595,158001705,552,33.795921,40,332.410,222.495,255,8
1778396930982287,158011682,559,34.224491,40,330.736,224.975,255,8
1778396930982859,158021632,566,34.653061,40,329.044,227.442,255,8
1778396931045116,158031599,573,35.081635,40,327.334,229.897,255,8
1778396931046111,158041549,580,35.510204,40,325.605,232.339,255,8
1778396931046857,158051524,587,35.938778,40,323.858,234.768,255,8
1778396931047411,158061470,594,36.367348,40,322.093,237.184,255,8
1778396931048083,158071443,601,36.795918,40,320.310,239.587,255,8
1778396931048789,158081391,609,37.285713,40,318.250,242.316,255,8
1778396931073026,158091367,616,37.714287,41,324.339,250.807,255,8
1778396931073645,158101312,623,38.142857,41,322.454,253.226,255,8
1778396931074361,158111281,630,38.571430,41,320.551,255.631,255,8
1778396931195624,158121232,638,39.061226,40,310.589,252.060,255,8
1778396931196339,158131209,645,39.489796,40,308.695,254.376,255,8
1778396931196977,158141160,653,39.979591,40,306.509,257.006,255,8
1778396931198025,158151129,660,40.408161,40,304.578,259.291,255,8
1778396931199131,158161080,668,40.897957,39,294.792,255.338,255,8
1778396931199970,158171055,675,41.326530,39,292.874,257.536,255,8
1778396931200811,158181008,683,41.816326,38,283.209,253.363,255,8
1778396931201641,158190982,691,42.306122,38,281.032,255.775,255,8
1778396931202342,158200934,698,42.734695,38,279.111,257.870,255,8
1778396931202921,158210909,706,43.224491,38,276.897,260.246,255,8
1778396931203631,158220858,714,43.714287,38,274.662,262.604,255,8
1778396931204562,158230828,722,44.204082,38,272.407,264.942,255,8
1778396931205639,158240778,730,44.693878,38,270.132,267.261,255,8
1778396931236308,158250750,738,45.183674,37,260.789,262.467,255,8
1778396931237159,158260702,745,45.612247,28,195.863,200.094,255,8
1778396931237898,158270680,753,46.102039,28,194.145,201.761,255,8
1778396931239707,158280633,761,46.591839,28,192.413,203.414,255,8
1778396931342770,158290614,769,47.081631,28,190.668,205.051,255,8
1778396931343621,158300563,777,47.571430,29,195.654,214.055,255,8
1778396931344358,158310542,785,48.061226,31,207.184,230.596,255,8
1778396931345157,158320493,793,48.551018,35,231.684,262.341,255,8
1778396931346040,158330466,801,49.040817,37,242.543,279.415,255,8
1778396931346676,158340420,810,49.591835,36,233.362,274.121,255,8
1778396931347409,158350395,818,50.081635,37,237.427,283.775,255,8
1778396931348213,158360348,826,50.571430,37,234.993,285.794,255,8
1778396931349008,158370326,835,51.122448,37,232.233,288.041,255,8
1778396931349780,158380276,843,51.612247,37,229.763,290.016,255,8
1778396931350509,158390263,852,52.163261,38,233.097,300.110,255,8
1778396931381732,158400216,860,52.653061,38,230.523,302.091,255,8
1778396931382447,158410196,869,53.204082,37,221.618,296.286,255,8
1778396931383243,158420141,878,53.755100,38,224.670,306.469,255,8
1778396931465373,158430113,886,54.244900,38,222.042,308.378,255,8
1778396931466044,158440062,895,54.795921,38,219.066,310.499,255,8
1778396931466631,158450032,904,55.346939,38,216.070,312.592,255,8
1778396931467165,158459984,913,55.897961,38,213.054,314.655,255,8
1778396931467809,158469957,921,56.387753,37,204.821,308.137,255,8
1778396931468402,158479907,930,56.938774,37,201.848,310.093,255,8
1778396931469022,158489884,939,57.489796,37,198.856,312.019,255,8
1778396931469614,158499834,948,58.040813,37,195.847,313.917,255,8
1778396931470190,158509813,956,58.530613,37,193.156,315.580,255,8
1778396931487809,158519763,965,59.081635,36,184.974,308.844,255,8
1778396931488338,158529734,974,59.632652,37,187.051,319.237,255,8
1778396931505891,158539685,982,60.122452,36,179.333,312.153,255,8
1778396931507300,158549664,991,60.673466,37,181.221,322.582,255,8
1778396931553950,158559609,1000,61.224487,37,178.110,324.310,255,8
1778396931554654,158569591,1009,61.775513,37,174.983,326.008,255,8
1778396931555125,158579537,1017,62.265305,37,172.190,327.491,255,8
1778396931555556,158589519,1026,62.816326,36,164.464,320.237,255,8
1778396931556787,158599466,1035,63.367348,36,161.377,321.804,255,8
1778396931572973,158609441,1044,63.918365,36,158.274,323.341,255,8
1778396931585571,158619387,1053,64.469391,36,155.158,324.848,255,8
1778396931586489,158629361,1061,64.959183,36,152.375,326.162,255,8
1778396931637439,158639312,1070,65.510201,36,149.231,327.613,255,8
1778396931637900,158649281,1079,66.061226,36,146.074,329.033,255,8
1778396931638262,158659229,1088,66.612244,36,142.903,330.422,255,8
1778396931638682,158669209,1097,67.163261,35,135.837,322.565,255,8
1778396931639036,158679156,1105,67.653061,36,136.877,332.963,255,8
1778396931653905,158689132,1114,68.204079,35,129.956,324.979,255,8
1778396931655973,158699075,1123,68.755104,35,126.824,326.214,255,8
1778396931704317,158709050,1132,69.306122,35,123.681,327.419,255,8
1778396931704896,158719003,1140,69.795914,35,120.878,328.464,255,8
1778396931705272,158728980,1149,70.346939,35,117.713,329.611,255,8
1778396931705698,158738927,1158,70.897964,35,114.538,330.728,255,8
1778396931706077,158748903,1167,71.448982,35,111.352,331.814,255,8
1778396931722061,158758847,1175,71.938774,35,108.512,332.754,255,8
1778396931733880,158768820,1184,72.489792,35,105.306,333.782,255,8
1778396931735157,158778776,1193,73.040817,35,102.092,334.779,255,8
1778396931779630,158788749,1202,73.591835,35,98.867,335.746,255,8
1778396931780207,158798695,1210,74.081635,35,95.994,336.579,255,8
1778396931780574,158808669,1219,74.632652,35,92.752,337.486,255,8
1778396931781025,158818614,1228,75.183678,35,89.502,338.363,255,8
1778396931795914,158828583,1237,75.734695,35,86.244,339.208,255,8
1778396931796410,158838537,1245,76.224487,35,83.341,339.933,255,8
1778396931841576,158848512,1254,76.775505,35,80.068,340.718,255,8
1778396931842171,158858456,1263,77.326530,35,76.788,341.473,255,8
1778396931842636,158868430,1272,77.877556,35,73.501,342.195,255,8
1778396931843305,158878376,1280,78.367348,34,68.556,333.017,255,8
1778396931844300,158888347,1289,78.918365,34,65.351,333.660,255,8
1778396931860372,158898293,1298,79.469391,34,62.139,334.274,255,8
1778396931866495,158908270,1307,80.020409,34,58.921,334.856,255,8
1778396931878204,158918217,1315,80.510208,34,56.056,335.347,255,8
1778396931921767,158928188,1324,81.061218,34,52.829,335.871,255,8
1778396931922407,158938136,1333,81.612244,34,49.596,336.363,255,8
1778396931922935,158948117,1341,82.102043,34,46.719,336.775,255,8
1778396931923328,158958062,1350,82.653061,34,43.478,337.209,255,8
1778396931923763,158968035,1359,83.204079,34,40.233,337.611,255,8
1778396931938842,158977985,1367,83.693878,34,37.346,337.943,255,8
1778396931945639,158987966,1376,84.244896,34,34.094,338.286,255,8
1778396931957396,158997915,1385,84.795921,34,30.839,338.599,255,8
1778396931963176,159007891,1393,85.285713,34,27.944,338.850,255,8
1778396931974369,159017842,1402,85.836731,34,24.684,339.103,255,8
1778396932017743,159027819,1411,86.387756,34,21.421,339.325,255,8
1778396932018381,159037776,1419,86.877548,34,18.520,339.495,255,8
1778396932018991,159047755,1428,87.428574,34,15.254,339.658,255,8
1778396932019609,159057709,1437,87.979591,34,11.987,339.789,255,8
1778396932036291,159067690,1445,88.469383,34,9.082,339.879,255,8
1778396932037245,159077642,1454,89.020409,34,5.813,339.950,255,8
1778396932078441,159087619,1463,89.571426,34,2.543,339.990,255,8
1778396932078846,159097560,1471,90.061226,34,-0.363,340.000,255,8
1778396932079218,159107532,1480,90.612244,34,-3.633,339.981,255,8
1778396932079700,159117485,1489,91.163261,34,-6.902,339.930,255,8
1778396932095623,159127468,1497,91.653053,34,-9.808,339.859,255,8
1778396932096082,159137420,1506,92.204079,34,-13.076,339.748,255,8
1778396932107705,159147386,1515,92.755104,34,-16.343,339.607,255,8
1778396932150503,159157339,1523,93.244896,34,-19.245,339.455,255,8
1778396932151150,159167318,1532,93.795914,34,-22.509,339.254,255,8
1778396932151638,159177265,1541,94.346939,34,-25.771,339.022,255,8
1778396932152031,159187240,1549,94.836731,34,-28.668,338.789,255,8
1778396932152457,159197183,1558,95.387756,34,-31.924,338.498,255,8
1778396932168855,159207170,1566,95.877548,34,-34.817,338.213,255,8
1778396932211940,159217117,1575,96.428566,34,-38.068,337.862,255,8
1778396932212585,159227084,1583,96.918373,34,-40.955,337.524,255,8
1778396932213191,159237032,1592,97.469383,34,-44.199,337.115,255,8
1778396932213774,159247016,1601,98.020409,34,-47.439,336.674,255,8
1778396932214362,159256964,1609,98.510208,34,-50.315,336.256,255,8
1778396932230105,159266933,1618,99.061218,34,-53.546,335.757,255,8
1778396932230617,159276891,1626,99.551025,34,-56.415,335.287,255,8
1778396932273897,159286870,1635,100.102036,34,-59.637,334.729,255,8
1778396932274527,159296823,1643,100.591843,34,-62.496,334.207,255,8
1778396932274971,159306801,1652,101.142860,34,-65.707,333.590,255,8
1778396932275461,159316766,1661,101.693871,33,-66.885,323.151,255,8
1778396932291380,159326744,1669,102.183678,34,-71.756,332.342,255,8
1778396932291852,159336689,1678,102.734688,34,-74.949,331.636,255,8
1778396932353989,159346660,1686,103.224495,34,-77.781,330.984,255,8
1778396932354702,159356621,1695,103.775513,34,-80.960,330.220,255,8
1778396932355043,159366589,1703,104.265305,34,-83.780,329.516,255,8
1778396932355412,159376547,1712,104.816330,34,-86.945,328.695,255,8
1778396932355828,159386525,1720,105.306122,34,-89.752,327.940,255,8
1778396932356207,159396478,1729,105.857147,34,-92.902,327.062,255,8
1778396932371977,159406456,1737,106.346939,34,-95.694,326.256,255,8
1778396932372471,159416405,1746,106.897957,34,-98.827,325.320,255,8
1778396932379396,159426379,1755,107.448982,34,-101.951,324.355,255,8
1778396932430654,159436333,1763,107.938774,34,-104.720,323.471,255,8
1778396932431403,159446309,1772,108.489799,35,-110.998,331.933,255,8
1778396932431895,159456262,1780,108.979591,34,-110.579,321.516,255,8
1778396932432299,159466236,1789,109.530609,34,-113.666,320.437,255,8
1778396932432971,159476186,1797,110.020409,34,-116.401,319.454,255,8
1778396932454091,159486162,1806,110.571426,34,-119.467,318.320,255,8
1778396932454633,159496112,1815,111.122452,34,-122.523,317.156,255,8
1778396932581145,159506093,1823,111.612244,34,-125.230,316.097,255,8
1778396932581939,159516041,1831,112.102043,34,-127.927,315.015,255,8
1778396932582646,159526026,1840,112.653061,34,-130.951,313.770,255,8
1778396932583284,159535978,1849,113.204079,34,-133.962,312.496,255,8
1778396932583943,159545953,1857,113.693871,34,-136.629,311.340,255,8
1778396932584590,159555909,1866,114.244896,34,-139.617,310.012,255,8
1778396932585235,159565885,1874,114.734695,34,-142.262,308.807,255,8
1778396932585825,159575839,1883,115.285713,34,-145.225,307.424,255,8
1778396932586479,159585817,1892,115.836731,34,-148.175,306.013,255,8
1778396932587108,159595771,1900,116.326538,34,-150.785,304.736,255,8
1778396932587662,159605751,1909,116.877548,34,-153.709,303.271,255,8
1778396932588177,159615703,1917,117.367348,35,-160.893,310.827,255,8
1778396932588729,159625682,1926,117.918365,35,-163.875,309.265,255,8
1778396932589291,159635631,1935,118.469383,35,-166.841,307.675,255,8
1778396932609781,159645609,1943,118.959190,35,-169.465,306.238,255,8
1778396932610643,159655558,1952,119.510201,35,-172.402,304.594,255,8
1778396932617609,159665531,1961,120.061226,35,-175.324,302.922,255,8
1778396932740366,159675479,1969,120.551018,35,-177.907,301.412,255,8
1778396932741204,159685450,1978,121.102036,34,-175.632,291.125,255,8
1778396932741897,159695388,1986,121.591843,34,-178.114,289.613,255,8
1778396932742487,159705359,1995,122.142853,35,-186.211,296.353,255,8
1778396932743093,159715304,2004,122.693878,35,-189.053,294.549,255,8
1778396932743625,159725275,2012,123.183678,35,-191.564,292.922,255,8
1778396932744168,159735225,2021,123.734688,35,-194.372,291.066,255,8
1778396932744683,159745206,2029,124.224495,35,-196.853,289.394,255,8
1778396932745319,159755159,2038,124.775505,35,-199.627,287.488,255,8
1778396932745937,159765137,2047,125.326530,35,-202.382,285.554,255,8
1778396932746939,159775084,2055,125.816330,35,-204.816,283.814,255,8
1778396932747644,159785061,2064,126.367340,35,-207.536,281.831,255,8
1778396932748387,159795011,2072,126.857147,35,-209.938,280.047,255,8
1778396932772234,159804983,2081,127.408165,35,-212.621,278.015,255,8
1778396932772933,159814933,2089,127.897964,35,-214.990,276.187,255,8
1778396932845819,159824915,2098,128.448990,35,-217.636,274.107,255,8
1778396932846465,159834868,2106,128.938782,35,-219.971,272.236,255,8
1778396932847000,159844839,2115,129.489792,35,-222.579,270.108,255,8
1778396932847610,159854795,2124,130.040817,35,-225.167,267.955,255,8
1778396932848263,159864771,2132,130.530609,35,-227.449,266.021,255,8
1778396932848932,159874717,2141,131.081635,35,-229.997,263.821,255,8
1778396932849537,159884688,2149,131.571426,35,-232.244,261.845,255,8
1778396932850190,159894645,2157,132.061218,35,-234.473,259.850,255,8
1778396932878787,159904622,2166,132.612244,36,-243.732,264.943,255,8
1778396932879465,159914570,2174,133.102036,36,-245.988,262.850,255,8
1778396932880120,159924542,2183,133.653061,36,-248.504,260.472,255,8
1778396932978841,159934491,2191,134.142853,36,-250.722,258.338,255,8
1778396932979690,159944468,2200,134.693878,36,-253.195,255.915,255,8
1778396932980430,159954408,2208,135.183685,36,-255.373,253.741,255,8
1778396932981278,159964388,2217,135.734695,36,-257.802,251.273,255,8
1778396932981915,159974341,2225,136.224487,36,-259.940,249.060,255,8
1778396932982538,159984312,2233,136.714279,37,-269.339,253.686,255,8
1778396932983191,159994264,2242,137.265305,37,-271.766,251.084,255,8
1778396932983853,160004242,2250,137.755096,37,-273.903,248.751,255,8
1778396932984498,160014192,2259,138.306122,37,-276.282,246.106,255,8
1778396932985218,160024173,2267,138.795914,36,-270.852,237.148,255,8
1778396932985841,160034129,2275,139.285721,37,-280.450,241.346,255,8
1778396933013221,160044111,2284,139.836731,37,-282.758,238.638,255,8
1778396933014036,160054064,2292,140.326538,37,-284.787,236.212,255,8
1778396933014823,160064044,2300,140.816330,37,-286.796,233.769,255,8
1778396933153936,160073995,2309,141.367355,38,-296.843,237.243,255,8
1778396933154789,160083978,2317,141.857147,37,-290.995,228.521,255,8
1778396933155653,160093929,2325,142.346939,37,-292.938,226.025,255,8
1778396933156359,160103909,2334,142.897964,38,-303.074,229.230,255,8
1778396933157066,160113863,2342,143.387756,38,-305.022,226.631,255,8
1778396933157806,160123835,2350,143.877548,38,-306.948,224.015,255,8
1778396933158438,160133793,2359,144.428574,38,-309.089,221.053,255,8
1778396933159112,160143774,2367,144.918365,38,-310.967,218.402,255,8
1778396933159769,160153731,2375,145.408157,38,-312.823,215.736,255,8
1778396933160380,160163712,2383,145.897949,37,-306.375,207.447,255,8
1778396933161057,160173657,2391,146.387756,37,-308.137,204.821,255,8
1778396933161686,160183644,2400,146.938782,37,-310.093,201.848,255,8
1778396933162299,160193600,2408,147.428574,37,-311.807,199.190,255,8
1778396933162917,160203583,2416,147.918365,36,-305.025,191.206,255,8
1778396933163545,160213537,2425,148.469391,36,-306.850,188.263,255,8
1778396933186922,160223512,2433,148.959183,35,-299.880,180.477,255,8
1778396933187574,160233463,2441,149.448990,34,-292.800,172.824,255,8
1778396933195683,160243437,2449,149.938782,32,-276.957,160.296,255,8
1778396933321051,160253392,2457,150.428574,31,-269.620,152.988,255,8
1778396933321871,160263373,2465,150.918365,31,-270.918,150.677,255,8
1778396933322562,160273330,2474,151.469391,32,-281.140,152.841,255,8
1778396933323292,160283307,2482,151.959183,32,-282.436,150.432,255,8
1778396933323998,160293264,2490,152.448975,32,-283.712,148.012,255,8
1778396933324783,160303249,2498,152.938782,31,-276.061,141.032,255,8
1778396933325516,160313201,2506,153.428574,32,-286.201,143.140,255,8
1778396933326131,160323184,2515,153.979584,31,-278.578,135.994,255,8
1778396933326840,160333136,2523,154.469376,31,-279.730,133.608,255,8
1778396933327365,160343114,2531,154.959183,31,-280.862,131.212,255,8
1778396933328044,160353075,2539,155.448975,32,-291.069,132.961,255,8
1778396933328652,160363054,2547,155.938766,32,-292.195,130.468,255,8
1778396933329298,160373007,2555,156.428574,32,-293.300,127.965,255,8
1778396933330586,160382984,2563,156.918365,31,-285.184,121.533,255,8
1778396933358452,160392935,2571,157.408157,31,-286.212,119.091,255,8
1778396933359231,160402909,2579,157.897949,30,-277.955,112.877,255,8
1778396933360221,160412869,2587,158.387756,31,-288.206,114.180,255,8
1778396933456382,160422851,2595,158.877548,33,-307.828,118.920,255,8
1778396933457085,160432797,2603,159.367340,34,-318.192,119.808,255,8
1778396933457693,160442784,2611,159.857147,33,-309.816,113.639,255,8
1778396933458283,160452731,2619,160.346939,34,-320.194,114.350,255,8
1778396933458924,160462721,2627,160.836731,34,-321.160,111.609,255,8
1778396933459523,160472674,2635,161.326538,36,-341.049,115.263,255,8
1778396933460149,160482655,2643,161.816330,34,-323.021,106.102,255,8
1778396933460716,160492605,2651,162.306122,35,-333.443,106.376,255,8
1778396933461391,160502584,2659,162.795914,35,-334.340,103.522,255,8
1778396933462095,160512537,2667,163.285721,35,-335.213,100.660,255,8
1778396933483116,160522522,2675,163.775513,36,-345.663,100.585,255,8
1778396933483730,160532475,2683,164.265305,37,-356.135,100.338,255,8
1778396933549078,160542453,2691,164.755112,37,-356.980,97.290,255,8
1778396933549751,160552406,2699,165.244904,38,-367.469,96.781,255,8
1778396933550314,160562388,2707,165.734695,38,-368.283,93.637,255,8
1778396933550819,160572339,2714,166.163269,38,-368.973,90.879,255,8
1778396933551239,160582329,2722,166.653061,37,-360.006,85.413,255,8
1778396933551787,160592288,2730,167.142853,38,-370.473,84.558,255,8
1778396933552332,160602265,2738,167.632660,38,-371.182,81.388,255,8
1778396933579185,160612215,2746,168.122452,38,-371.864,78.212,255,8
1778396933579971,160622191,2753,168.551025,39,-382.240,77.413,255,8
1778396933580593,160632134,2761,169.040817,40,-392.705,76.044,255,8
1778396933692181,160642115,2769,169.530609,40,-393.341,72.684,255,8
1778396933692803,160652060,2777,170.020416,40,-393.948,69.319,255,8
1778396933693698,160662030,2785,170.510208,39,-384.663,64.300,255,8
1778396933694292,160671988,2793,171.000000,40,-395.075,62.574,255,8
1778396933695011,160681968,2800,171.428574,40,-395.532,59.617,255,8
1778396933695583,160691917,2808,171.918365,40,-396.028,56.234,255,8
1778396933696148,160701895,2816,172.408173,40,-396.494,52.846,255,8
1778396933696669,160711846,2824,172.897964,40,-396.931,49.455,255,8
1778396933697297,160721816,2831,173.326538,39,-387.358,45.322,255,8
1778396933697997,160731773,2839,173.816330,39,-387.731,42.009,255,8
1778396933698685,160741745,2847,174.306122,40,-398.026,39.685,255,8
1778396933699291,160751709,2855,174.795914,40,-398.351,36.281,255,8
1778396933723539,160761684,2862,175.224487,39,-388.646,32.468,255,8
1778396933724155,160771634,2870,175.714279,39,-388.909,29.145,255,8
1778396933793599,160781610,2878,176.204086,39,-389.144,25.819,255,8
1778396933794288,160791561,2885,176.632660,39,-389.327,22.908,255,8
1778396933794919,160801534,2893,177.122452,40,-399.496,20.081,255,8
1778396933795502,160811485,2901,177.612244,40,-399.653,16.665,255,8
1778396933796248,160821454,2909,178.102036,39,-389.786,12.917,255,8
1778396933796856,160831412,2916,178.530609,39,-389.872,10.001,255,8
1778396933797535,160841393,2924,179.020401,39,-389.943,6.668,255,8
1778396933798155,160851345,2932,179.510208,39,-389.986,3.334,255,8
1778396933822497,160861324,2939,179.938766,40,-400.000,0.427,255,8
1778396933823212,160871275,2947,180.428574,40,-399.989,-2.992,255,8
1778396933922156,160881257,2955,180.918365,39,-389.950,-6.251,255,8
1778396933922740,160891202,2963,181.408157,39,-389.882,-9.584,255,8
1778396933923356,160901181,2971,181.897949,39,-389.786,-12.917,255,8
1778396933923975,160911127,2979,182.387741,39,-389.661,-16.248,255,8
1778396933924608,160921100,2986,182.816315,40,-399.517,-19.654,255,8
1778396933925192,160931049,2994,183.306107,40,-399.334,-23.068,255,8
1778396933925819,160941033,3002,183.795929,39,-389.144,-25.819,255,8
1778396933926386,160950972,3010,184.285721,40,-398.882,-29.892,255,8
1778396933926936,160960944,3017,184.714294,40,-398.647,-32.875,255,8
1778396933927480,160970893,3025,185.204086,40,-398.351,-36.281,255,8
1778396933928021,160980863,3033,185.693878,40,-398.026,-39.685,255,8
1778396933949797,160990803,3041,186.183670,40,-397.673,-43.086,255,8
1778396933950400,161000777,3049,186.673462,39,-387.358,-45.322,255,8
1778396934044963,161010726,3056,187.102036,39,-387.008,-48.218,255,8
1778396934045791,161020699,3064,187.591827,38,-376.669,-50.204,255,8
1778396934046459,161030644,3072,188.081619,38,-376.226,-53.422,255,8
1778396934047177,161040613,3079,188.510193,39,-385.706,-57.714,255,8
1778396934047848,161050559,3087,188.999985,37,-365.445,-57.881,255,8
1778396934048446,161060524,3095,189.489807,35,-345.210,-57.705,255,8
1778396934049199,161070477,3103,189.979599,31,-305.310,-53.722,255,8
1778396934159328,161156092,3171,194.142853,269,-2608.465,-657.275,255,8
1778396934159974,161166042,3179,194.632645,233,-2254.427,-588.606,255,8
1778396934160704,161176010,3187,195.122452,258,-2490.656,-673.078,255,8
1778396934161351,161185943,3195,195.612244,278,-2677.432,-748.169,255,8
1778396934161878,161195902,3203,196.102036,185,-1777.423,-513.095,255,8
1778396934276967,161275547,3267,200.020416,900,-8456.136,-3081.195,255,8
1778396934277702,161285495,3275,200.510208,291,-2725.534,-1019.589,255,8
1778396934278242,161295453,3283,201.000000,255,-2380.630,-913.838,255,8
1778396934278778,161305400,3291,201.489792,258,-2400.646,-945.145,255,8
1778396934313955,161365173,3341,204.551010,31,-281.973,-128.806,255,8
1778396934345206,161375144,3350,205.102051,29,-262.611,-123.027,255,8
1778396934345935,161385090,3358,205.591843,28,-252.530,-120.948,255,8
1778396934346604,161395070,3367,206.142853,31,-278.286,-136.589,255,8
1778396934347159,161405017,3376,206.693878,30,-268.026,-134.767,255,8
1778396934439242,161414988,3384,207.183670,29,-257.969,-132.485,255,8
1778396934439887,161424932,3393,207.734680,28,-247.831,-130.306,255,8
1778396934440447,161494694,3454,211.469391,30,-255.876,-156.613,255,8
1778396934468773,161504649,3463,212.020401,36,-305.229,-190.880,255,8
1778396934469472,161514629,3472,212.571442,37,-311.807,-199.190,255,8
1778396934470049,161524588,3481,213.122452,40,-335.002,-218.572,255,8
1778396934492231,161534566,3489,213.612244,41,-341.449,-226.964,255,8
1778396934493167,161544522,3498,214.163269,42,-347.525,-235.852,255,8
1778396934603028,161554507,3507,214.714279,43,-353.461,-244.878,255,8
1778396934603822,161564458,3515,215.204086,43,-351.355,-247.891,255,8
1778396934604434,161574428,3524,215.755112,43,-348.954,-251.258,255,8
1778396934605083,161584381,3533,216.306122,43,-346.522,-254.603,255,8
1778396934605689,161594366,3541,216.795914,43,-344.333,-257.556,255,8
1778396934606403,161604315,3550,217.346924,43,-341.840,-260.855,255,8
1778396934607094,161614292,3559,217.897964,42,-331.424,-257.988,255,8
1778396934607639,161624245,3567,218.387756,42,-329.207,-260.812,255,8
1778396934608190,161634219,3576,218.938766,44,-342.240,-276.535,255,8
1778396934608657,161644169,3584,219.428574,45,-347.588,-285.802,255,8
1778396934609204,161654152,3593,219.979584,45,-344.823,-289.132,255,8
1778396934609839,161664098,3601,220.469391,45,-342.339,-292.069,255,8
1778396934632427,161674076,3610,221.020416,45,-339.514,-295.348,255,8
1778396934633189,161684031,3619,221.571426,44,-329.177,-291.963,255,8
1778396934634371,161693998,3627,222.061218,44,-326.669,-294.767,255,8
1778396934644332,161703947,3636,222.612259,44,-323.819,-297.895,255,8
1778396934739189,161713928,3644,223.102051,43,-313.959,-293.819,255,8
1778396934739699,161723881,3653,223.653061,43,-311.119,-296.825,255,8
1778396934740207,161733863,3661,224.142853,43,-308.570,-299.473,255,8
1778396934740889,161743820,3669,224.632645,43,-305.999,-302.100,255,8
1778396934741528,161753797,3678,225.183685,43,-303.080,-305.029,255,8
1778396934742178,161763753,3686,225.673477,43,-300.461,-307.609,255,8
1778396934742780,161773735,3695,226.224487,42,-290.571,-303.264,255,8
1778396934743387,161783688,3703,226.714294,42,-287.967,-305.736,255,8
1778396934743912,161793666,3711,227.204086,42,-285.343,-308.187,255,8
1778396934744350,161803623,3720,227.755096,42,-282.366,-310.917,255,8
1778396934765302,161813603,3728,228.244888,41,-273.039,-305.859,255,8
1778396934765932,161823562,3737,228.795929,41,-270.085,-308.471,255,8
1778396934829601,161833548,3745,229.285721,41,-267.438,-310.768,255,8
1778396934830320,161843506,3753,229.775513,42,-271.229,-320.678,255,8
1778396934830968,161853493,3761,230.265305,42,-268.478,-322.985,255,8
1778396934831587,161863448,3770,230.816315,42,-265.360,-325.552,255,8
1778396934832109,161873431,3778,231.306137,41,-256.315,-320.004,255,8
1778396934832617,161883387,3786,231.795929,41,-253.570,-322.183,255,8
1778396934833086,161893376,3795,232.346939,41,-250.460,-324.607,255,8
1778396934856108,161903329,3803,232.836731,41,-247.676,-326.736,255,8
1778396934856799,161913307,3811,233.326523,41,-244.874,-328.841,255,8
1778396934928978,161923271,3819,233.816330,41,-242.054,-330.923,255,8
1778396934929764,161933255,3828,234.367340,40,-233.035,-325.108,255,8
1778396934930451,161943210,3836,234.857147,40,-230.247,-327.088,255,8
1778396934931017,161953188,3844,235.346939,40,-227.442,-329.044,255,8
1778396934931596,161963143,3853,235.897964,40,-224.267,-331.216,255,8
1778396934932221,161973123,3861,236.387756,40,-221.428,-333.121,255,8
1778396934932781,161983066,3869,236.877548,40,-218.572,-335.002,255,8
1778396934933373,161993048,3877,237.367340,40,-215.700,-336.858,255,8
1778396934953736,162003001,3886,237.918381,40,-212.451,-338.917,255,8
1778396934954569,162012981,3894,238.408173,40,-209.546,-340.721,255,8
1778396934968723,162022934,3902,238.897964,40,-206.625,-342.499,255,8
1778396935042713,162032914,3910,239.387756,40,-203.690,-344.253,255,8
1778396935043279,162042864,3919,239.938766,40,-200.370,-346.196,255,8
1778396935043839,162052844,3927,240.428589,40,-197.403,-347.897,255,8
1778396935044452,162062797,3935,240.918381,40,-194.422,-349.571,255,8
1778396935045051,162072772,3943,241.408173,39,-186.641,-342.440,255,8
1778396935045723,162082717,3951,241.897964,40,-188.417,-352.844,255,8
1778396935046183,162092694,3960,242.448975,40,-185.015,-354.640,255,8
1778396935046794,162102640,3968,242.938782,40,-181.977,-356.208,255,8
1778396935069087,162112618,3976,243.428574,40,-178.925,-357.751,255,8
1778396935069932,162122568,3985,243.979584,39,-171.090,-350.469,255,8
1778396935070571,162132546,3993,244.469376,39,-168.087,-351.918,255,8
1778396935168609,162142498,4001,244.959183,39,-165.073,-353.343,255,8
1778396935169397,162152463,4009,245.448990,39,-162.046,-354.741,255,8
1778396935170006,162162414,4017,245.938782,39,-159.008,-356.113,255,8
1778396935170669,162172400,4026,246.489792,39,-155.576,-357.626,255,8
1778396935171285,162182344,4034,246.979584,39,-152.513,-358.943,255,8
1778396935171887,162192322,4042,247.469376,39,-149.439,-360.233,255,8
1778396935172495,162202271,4051,248.020416,39,-145.968,-361.654,255,8
1778396935173066,162212245,4059,248.510208,39,-142.871,-362.888,255,8
1778396935173581,162222197,4067,249.000000,38,-136.180,-354.761,255,8
1778396935174112,162232178,4076,249.551010,37,-129.268,-346.684,255,8
1778396935193953,162242132,4084,250.040817,37,-126.300,-347.776,255,8
1778396935194655,162252104,4092,250.530624,37,-123.322,-348.843,255,8
1778396935246036,162262064,4101,251.081635,37,-119.962,-350.013,255,8
1778396935246726,162272044,4109,251.571426,37,-116.965,-351.026,255,8
1778396935247134,162281994,4118,252.122452,37,-113.584,-352.134,255,8
1778396935247548,162291978,4126,252.612244,38,-113.558,-362.636,255,8
1778396935248065,162301931,4135,253.163254,39,-112.962,-373.282,255,8
1778396935248699,162311914,4143,253.653046,38,-106.952,-364.638,255,8
1778396935262871,162321867,4152,254.204086,38,-103.440,-365.650,255,8
1778396935310906,162331845,4160,254.693878,38,-100.311,-366.521,255,8
1778396935311731,162341797,4169,255.244888,38,-96.782,-367.469,255,8
1778396935312411,162351774,4177,255.734711,38,-93.637,-368.283,255,8
1778396935312871,162361722,4186,256.285706,38,-90.091,-369.166,255,8
1778396935313258,162371696,4194,256.775513,38,-86.931,-369.923,255,8
1778396935327965,162381645,4203,257.326538,37,-81.176,-360.985,255,8
1778396935328641,162391617,4211,257.816345,37,-78.087,-361.666,255,8
1778396935384932,162401565,4220,258.367340,37,-74.605,-362.400,255,8
1778396935385431,162411546,4228,258.857147,37,-71.505,-363.025,255,8
1778396935385921,162421495,4237,259.408173,37,-68.010,-363.696,255,8
1778396935386269,162431466,4245,259.897949,37,-64.899,-364.264,255,8
1778396935386626,162441412,4254,260.448975,37,-61.393,-364.871,255,8
1778396935387317,162451384,4262,260.938782,37,-58.271,-365.383,255,8
1778396935399358,162461328,4271,261.489807,37,-54.755,-365.926,255,8
1778396935452741,162471313,4279,261.979584,37,-51.625,-366.381,255,8
1778396935453408,162481262,4288,262.530609,37,-48.099,-366.860,255,8
1778396935454101,162491240,4296,263.020386,37,-44.961,-367.258,255,8
1778396935454656,162501186,4305,263.571442,37,-41.427,-367.674,255,8
1778396935455194,162511167,4313,264.061218,37,-38.282,-368.014,255,8
1778396935456726,162521117,4321,264.551025,37,-35.135,-368.328,255,8
1778396935473581,162531089,4330,265.102051,37,-31.591,-368.649,255,8
1778396935547610,162541037,4338,265.591858,37,-28.438,-368.905,255,8
1778396935548346,162551015,4347,266.142853,37,-24.890,-369.162,255,8
1778396935548985,162560958,4355,266.632660,37,-21.733,-369.361,255,8
1778396935549599,162570932,4364,267.183685,37,-18.180,-369.553,255,8
1778396935550065,162580881,4372,267.673462,37,-15.020,-369.695,255,8
1778396935550429,162590854,4381,268.224487,37,-11.464,-369.822,255,8
1778396935550974,162600802,4389,268.714264,37,-8.302,-369.907,255,8
1778396935551521,162610782,4398,269.265320,37,-4.744,-369.970,255,8
1778396935564953,162620727,4406,269.755096,37,-1.582,-369.997,255,8
1778396935565737,162630698,4415,270.306122,37,1.977,-369.995,255,8
1778396935580284,162640639,4423,270.795898,37,5.140,-369.964,255,8
1778396935634510,162650610,4431,271.285736,37,8.302,-369.907,255,8
1778396935635331,162660551,4440,271.836731,37,11.859,-369.810,255,8
1778396935635885,162670527,4448,272.326538,37,15.020,-369.695,255,8
1778396935636442,162680473,4457,272.877563,37,18.575,-369.533,255,8
1778396935636938,162690443,4465,273.367340,37,21.733,-369.361,255,8
1778396935637626,162700392,4473,273.857147,37,24.890,-369.162,255,8
1778396935656341,162710363,4482,274.408142,37,28.438,-368.905,255,8
1778396935657285,162720305,4490,274.897949,36,30.737,-358.685,255,8
1778396935712155,162730278,4499,275.448975,36,34.185,-358.373,255,8
1778396935712945,162740222,4507,275.938782,36,37.248,-358.068,255,8
1778396935713648,162750192,4515,276.428558,36,40.307,-357.736,255,8
1778396935714336,162760136,4524,276.979614,36,43.746,-357.332,255,8
1778396935715066,162770106,4532,277.469391,37,48.099,-366.860,255,8
1778396935715644,162780054,4541,278.020416,36,50.229,-356.479,255,8
1778396935732899,162790027,4549,278.510193,36,53.275,-356.036,255,8
1778396935734226,162799982,4557,279.000000,36,56.316,-355.568,255,8
1778396935784820,162809949,4566,279.551025,36,59.733,-355.010,255,8
1778396935785405,162819900,4574,280.040833,36,62.766,-354.486,255,8
1778396935786024,162829871,4582,280.530609,37,67.621,-363.768,255,8
1778396935786586,162839816,4591,281.081635,37,71.117,-363.101,255,8
1778396935787005,162849790,4599,281.571442,37,74.218,-362.480,255,8
1778396935800995,162859738,4607,282.061218,36,75.224,-352.053,255,8
1778396935808628,162869705,4616,282.612244,36,78.607,-351.313,255,8
1778396935868886,162879659,4624,283.102020,36,81.607,-350.628,255,8
1778396935869469,162889633,4632,283.591858,36,84.601,-349.918,255,8
1778396935870082,162899578,4641,284.142853,36,87.963,-349.088,255,8
1778396935870702,162909551,4649,284.632660,36,90.944,-348.324,255,8
1778396935871175,162919503,4657,285.122437,37,96.527,-357.187,255,8
1778396935871757,162929482,4666,285.673492,37,99.957,-356.242,255,8
1778396935872869,162939428,4674,286.163269,37,102.999,-355.375,255,8
1778396935888419,162949409,4683,286.714294,37,106.412,-354.368,255,8
1778396935895462,162959360,4691,287.204071,37,109.437,-353.445,255,8
1778396935907910,162969340,4699,287.693878,37,112.455,-352.497,255,8
1778396935956314,162979288,4708,288.244904,37,115.839,-351.399,255,8
1778396935956920,162989264,4716,288.734680,37,118.839,-350.396,255,8
1778396935957580,162999212,4725,289.285706,37,122.203,-349.237,255,8
1778396935958097,163009192,4733,289.775513,37,125.184,-348.179,255,8
1778396935958733,163019143,4741,290.265320,37,128.156,-347.097,255,8
1778396935974764,163029122,4749,290.755096,37,131.118,-345.988,255,8
1778396935975349,163039070,4758,291.306122,37,134.440,-344.711,255,8
1778396936034916,163049051,4766,291.795898,37,137.382,-343.550,255,8
1778396936035441,163059001,4775,292.346954,37,140.679,-342.212,255,8
1778396936035944,163068979,4783,292.836731,37,143.599,-340.997,255,8
1778396936036464,163078932,4791,293.326538,37,146.509,-339.757,255,8
1778396936037036,163088915,4800,293.877563,37,149.770,-338.333,255,8
1778396936037552,163098868,4808,294.367340,37,152.657,-337.040,255,8
1778396936053979,163108847,4816,294.857147,37,155.532,-335.723,255,8
1778396936054745,163118797,4825,295.408173,37,158.754,-334.211,255,8
1778396936115540,163128778,4833,295.897949,37,161.605,-332.842,255,8
1778396936116186,163138735,4841,296.387756,37,164.444,-331.448,255,8
1778396936116823,163148715,4849,296.877563,37,167.272,-330.031,255,8
1778396936117515,163158668,4858,297.428558,37,170.438,-328.407,255,8
1778396936118149,163168647,4866,297.918365,37,173.239,-326.938,255,8
1778396936118735,163178605,4874,298.408142,37,176.027,-325.445,255,8
1778396936133757,163188590,4883,298.959198,37,179.149,-323.737,255,8
1778396936134463,163198542,4891,299.448975,37,181.910,-322.194,255,8
1778396936198862,163208524,4899,299.938782,38,189.648,-329.292,255,8
1778396936199650,163218472,4907,300.428558,37,187.392,-319.037,255,8
1778396936200140,163228447,4916,300.979614,37,190.451,-317.220,255,8
1778396936200579,163238401,4924,301.469391,37,193.156,-315.580,255,8
1778396936201092,163248376,4932,301.959198,38,201.140,-322.402,255,8
1778396936201621,163258326,4941,302.510193,38,204.231,-320.452,255,8
1778396936202084,163268310,4949,303.000000,37,201.516,-310.308,255,8
1778396936216373,163278260,4957,303.489807,37,204.162,-308.574,255,8
1778396936223861,163288237,4965,303.979584,38,212.381,-315.110,255,8
1778396936236916,163298186,4974,304.530609,38,215.402,-313.053,255,8
1778396936302720,163308164,4982,305.020416,38,218.070,-311.200,255,8
1778396936303416,163318115,4990,305.510193,38,220.722,-309.325,255,8
1778396936304128,163328081,4998,306.000000,38,223.358,-307.426,255,8
1778396936304731,163338031,5007,306.551025,38,226.305,-305.264,255,8
1778396936305198,163348016,5015,307.040802,38,228.906,-303.319,255,8
1778396936305620,163357965,5023,307.530609,38,231.490,-301.351,255,8
1778396936306003,163367943,5031,308.020386,38,234.058,-299.361,255,8
1778396936320896,163377895,5040,308.571442,38,236.926,-297.096,255,8
1778396936321439,163387873,5048,309.061218,38,239.457,-295.060,255,8
1778396936328820,163397820,5056,309.551025,38,241.971,-293.002,255,8
1778396936386619,163407798,5064,310.040802,38,244.467,-290.923,255,8
1778396936387181,163417748,5073,310.591858,39,253.760,-296.152,255,8
1778396936387740,163427727,5081,311.081635,38,249.711,-286.434,255,8
1778396936388287,163437677,5089,311.571442,39,258.786,-291.770,255,8
1778396936389106,163447656,5097,312.061218,39,261.270,-289.547,255,8
1778396936389543,163457601,5106,312.612244,39,264.043,-287.021,255,8
1778396936407376,163467574,5114,313.102051,39,266.487,-284.754,255,8
1778396936408067,163477522,5122,313.591827,39,268.911,-282.465,255,8
1778396936483879,163487497,5131,314.142853,39,271.615,-279.866,255,8
1778396936484388,163497443,5139,314.632629,39,273.998,-277.534,255,8
1778396936484894,163507422,5147,315.122467,39,276.360,-275.182,255,8
1778396936485447,163517367,5156,315.673462,39,278.994,-272.511,255,8
1778396936486011,163527344,5164,316.163269,39,281.313,-270.116,255,8
1778396936486662,163537291,5172,316.653046,39,283.612,-267.702,255,8
1778396936487287,163547267,5181,317.204102,39,286.174,-264.962,255,8
1778396936487823,163557218,5189,317.693878,39,288.428,-262.506,255,8
1778396936503124,163567194,5198,318.244904,39,290.939,-259.720,255,8
1778396936518834,163577144,5206,318.734680,40,300.665,-263.819,255,8
1778396936519476,163587120,5214,319.224487,40,302.910,-261.239,255,8
1778396936579411,163597078,5223,319.775513,40,305.408,-258.314,255,8
1778396936579953,163607053,5231,320.265320,40,307.605,-255.693,255,8
1778396936580419,163616999,5239,320.755096,40,309.780,-253.055,255,8
1778396936580927,163626978,5248,321.306122,40,312.199,-250.064,255,8
1778396936581400,163636922,5256,321.795929,40,314.325,-247.386,255,8
1778396936581995,163646907,5265,322.346924,40,316.690,-244.352,255,8
1778396936598030,163656855,5273,322.836731,40,318.767,-241.635,255,8
1778396936598559,163666831,5282,323.387756,40,321.076,-238.559,255,8
1778396936606181,163676782,5290,323.877563,40,323.104,-235.805,255,8
1778396936671529,163686760,5299,324.428558,40,325.356,-232.687,255,8
1778396936672064,163696709,5307,324.918365,40,327.334,-229.897,255,8
1778396936672631,163706682,5316,325.469391,40,329.529,-226.739,255,8
1778396936673113,163716629,5324,325.959198,41,339.742,-229.511,255,8
1778396936673681,163726609,5333,326.510193,40,333.594,-220.715,255,8
1778396936674242,163736557,5341,327.000000,40,335.468,-217.856,255,8
1778396936675533,163745539,5350,327.551025,40,337.548,-214.619,255,8
1778396936697007,163756490,5358,328.040802,41,347.854,-217.019,255,8
1778396936697654,163766466,5367,328.591858,41,349.925,-213.664,255,8
1778396936754645,163776419,5375,329.081635,41,351.739,-210.665,255,8
1778396936755255,163786399,5384,329.632660,41,353.749,-207.272,255,8
1778396936755891,163796355,5392,330.122437,41,355.508,-204.241,255,8
1778396936756403,163806337,5401,330.673492,41,357.456,-200.812,255,8
1778396936756932,163816291,5409,331.163269,41,359.159,-197.749,255,8
1778396936757511,163826268,5418,331.714294,41,361.044,-194.286,255,8
1778396936777930,163836220,5426,332.204071,41,362.692,-191.193,255,8
1778396936778721,163846198,5435,332.755096,42,373.404,-192.274,255,8
1778396936852331,163856152,5443,333.244904,42,375.034,-189.075,255,8
1778396936852903,163866132,5452,333.795898,42,376.835,-185.459,255,8
1778396936853468,163876081,5461,334.346954,42,378.601,-181.827,255,8
1778396936853974,163886062,5469,334.836731,41,371.091,-174.332,255,8
1778396936854455,163896020,5478,335.387756,40,363.659,-166.590,255,8
1778396936854872,163905990,5486,335.877533,40,365.070,-163.475,255,8
1778396936855391,163915940,5495,336.428589,40,366.625,-159.957,255,8
1778396936855932,163925919,5503,336.918365,40,367.979,-156.817,255,8
1778396936874985,163935867,5512,337.469391,40,369.470,-153.271,255,8
1778396936875631,163945843,5520,337.959198,41,380.036,-153.859,255,8
1778396936890321,163955799,5529,338.510193,41,381.498,-150.198,255,8
1778396936943951,163965769,5537,339.000000,41,382.768,-146.931,255,8
1778396936944361,163975715,5545,339.489777,41,384.010,-143.654,255,8
1778396936944964,163985692,5554,340.040833,41,385.374,-139.954,255,8
1778396936945408,163995641,5562,340.530609,41,386.556,-136.654,255,8
1778396936945882,164005623,5571,341.081635,41,387.852,-132.930,255,8
1778396936946658,164015569,5579,341.571411,41,388.975,-129.610,255,8
1778396936962006,164025547,5588,342.122467,41,390.203,-125.863,255,8
1778396936962891,164035497,5596,342.612244,41,391.265,-122.523,255,8
1778396936979392,164045476,5605,343.163269,41,392.425,-118.755,255,8
1778396937033432,164055429,5613,343.653046,41,393.426,-115.396,255,8
1778396937033994,164065406,5622,344.204071,41,394.517,-111.607,255,8
1778396937034498,164075356,5630,344.693878,41,395.457,-108.230,255,8
1778396937034978,164085331,5638,345.183685,41,396.368,-104.846,255,8
1778396937035423,164095280,5647,345.734711,41,397.358,-101.029,255,8
1778396937035880,164105257,5655,346.224487,41,398.207,-97.629,255,8
1778396937098812,164115216,5664,346.775513,41,399.127,-93.794,255,8
1778396937099343,164125186,5672,347.265289,41,399.914,-90.379,255,8
1778396937099857,164135131,5681,347.816345,41,400.765,-86.529,255,8
1778396937100365,164145109,5689,348.306122,40,391.698,-81.073,255,8
1778396937100896,164155059,5697,348.795929,40,392.377,-77.722,255,8
1778396937101520,164165037,5706,349.346924,40,393.106,-73.945,255,8
1778396937102098,164174986,5714,349.836731,40,393.724,-70.582,255,8
1778396937120719,164184965,5723,350.387756,40,394.384,-66.792,255,8
1778396937121556,164194912,5731,350.877563,40,394.941,-63.418,255,8
1778396937192467,164204887,5739,351.367340,40,395.468,-60.040,255,8
1778396937193116,164214836,5748,351.918365,40,396.028,-56.234,255,8
1778396937193594,164224805,5756,352.408173,40,396.494,-52.846,255,8
1778396937194169,164234750,5765,352.959167,40,396.984,-49.031,255,8
1778396937194761,164244727,5773,353.448975,40,397.388,-45.635,255,8
1778396937195437,164254677,5781,353.938751,40,397.764,-42.237,255,8
1778396937195935,164264652,5790,354.489807,40,398.152,-38.409,255,8
1778396937216915,164274606,5798,354.979584,40,398.465,-35.004,255,8
1778396937217622,164284581,5807,355.530609,40,398.784,-31.171,255,8
1778396937284759,164294530,5815,356.020416,40,399.036,-27.760,255,8
1778396937285429,164304500,5824,356.571442,40,399.284,-23.922,255,8
1778396937286202,164314446,5832,357.061218,40,399.474,-20.508,255,8
1778396937286951,164324424,5840,357.551025,40,399.635,-17.092,255,8
1778396937287602,164334370,5849,358.102051,40,399.781,-13.248,255,8
1778396937288130,164344343,5857,358.591827,40,399.879,-9.830,255,8
1778396937288669,164354289,5865,359.081635,40,399.949,-6.411,255,8
1778396937289871,164364267,5874,359.632629,40,399.992,-2.565,255,8
1778396937312803,164374212,2,0.122449,40,399.999,0.855,255,8
1778396937313414,164384184,11,0.673469,40,399.972,4.702,255,8
1778396937386951,164394133,19,1.163265,40,399.918,8.121,255,8
1778396937387566,164404106,27,1.653061,40,399.834,11.539,255,8
1778396937388338,164414054,36,2.204082,40,399.704,15.384,255,8
1778396937388957,164424028,44,2.693878,40,399.558,18.800,255,8
1778396937389577,164433973,53,3.244898,40,399.359,22.642,255,8
1778396937390176,164443954,61,3.734694,40,399.151,26.055,255,8
1778396937390775,164453899,69,4.224490,40,398.913,29.466,255,8
1778396937391388,164463873,78,4.775510,40,398.611,33.301,255,8
1778396937410066,164473821,86,5.265306,40,398.312,36.707,255,8
1778396937410645,164483795,94,5.755102,40,397.984,40.111,255,8
1778396937473423,164493741,103,6.306122,40,397.580,43.936,255,8
1778396937474177,164503716,111,6.795918,40,397.190,47.333,255,8
1778396937474758,164513666,119,7.285715,40,396.770,50.727,255,8
1778396937475272,164523638,128,7.836735,40,396.264,54.540,255,8
1778396937475823,164533588,136,8.326530,40,395.784,57.926,255,8
1778396937476364,164543570,145,8.877551,40,395.208,61.729,255,8
1778396937478186,164553516,153,9.367347,40,394.666,65.105,255,8
1778396937497387,164563493,158,9.673470,40,394.313,67.213,255,8
1778396937498043,164573442,162,9.918367,40,394.022,68.898,255,8
1778396937555810,164583420,163,9.979591,40,393.948,69.319,255,8
1778396937556395,164593367,163,9.979591,40,393.948,69.319,255,8
1778396937557013,164603339,163,9.979591,40,393.948,69.319,255,8
1778396937557668,164613289,163,9.979591,40,393.948,69.319,255,8
1778396937558349,164623266,163,9.979591,40,393.948,69.319,255,8
1778396937559008,164633215,163,9.979591,40,393.948,69.319,255,8
1778396937578721,164643187,163,9.979591,40,393.948,69.319,255,8
1778396937579332,164653138,163,9.979591,40,393.948,69.319,255,8
1778396937587208,164663109,162,9.918367,40,394.022,68.898,255,8
1778396937657086,164673055,160,9.795918,40,394.168,68.056,255,8
1778396937657808,164683031,159,9.734694,40,394.241,67.634,255,8
1778396937658435,164692980,158,9.673470,40,394.313,67.213,255,8
1778396937659078,164702955,157,9.612246,40,394.384,66.792,255,8
1778396937659692,164712898,155,9.489796,40,394.526,65.949,255,8
1778396937660329,164722864,153,9.367347,40,394.666,65.105,255,8
1778396937660896,164732805,150,9.183674,40,394.873,63.840,255,8
1778396937678789,164742779,147,9.000000,40,395.075,62.574,255,8
1778396937679486,164752719,144,8.816326,40,395.274,61.307,255,8
1778396937690391,164762693,141,8.632653,40,395.468,60.040,255,8
1778396937785627,164772635,139,8.510204,40,395.596,59.194,255,8
1778396937786258,164782607,136,8.326530,40,395.784,57.926,255,8
1778396937786902,164792549,132,8.081633,40,396.028,56.234,255,8
1778396937787523,164802518,129,7.897959,40,396.206,54.964,255,8
1778396937788131,164812463,125,7.653061,40,396.437,53.270,255,8
1778396937788798,164822436,122,7.469388,40,396.606,51.999,255,8
1778396937789360,164832385,118,7.224490,40,396.824,50.303,255,8
1778396937789993,164842363,114,6.979592,40,397.036,48.606,255,8
1778396937790673,164852309,111,6.795918,40,397.190,47.333,255,8
1778396937791235,164862280,107,6.551021,40,397.388,45.635,255,8
1778396937819170,164872225,103,6.306122,40,397.580,43.936,255,8
1778396937820067,164882192,99,6.061224,40,397.764,42.236,255,8
1778396937820730,164892138,95,5.816327,40,397.941,40.536,255,8
1778396937939863,164902112,91,5.571429,40,398.110,38.835,255,8
1778396937940632,164912051,87,5.326530,40,398.273,37.133,255,8
1778396937941256,164922024,83,5.081633,40,398.428,35.430,255,8
1778396937941920,164931968,78,4.775510,40,398.611,33.301,255,8
1778396937942607,164941943,74,4.530612,40,398.750,31.597,255,8
1778396937943270,164951888,70,4.285714,40,398.882,29.892,255,8
1778396937943982,164961859,65,3.979592,40,399.036,27.760,255,8
1778396937944675,164971800,61,3.734694,40,399.151,26.055,255,8
1778396937945326,164981771,56,3.428571,40,399.284,23.922,255,8
1778396937945932,164991716,52,3.183673,40,399.383,22.215,255,8
1778396937946565,165001687,47,2.877551,40,399.496,20.081,255,8
1778396937947282,165011630,43,2.632653,40,399.578,18.373,255,8
1778396937948029,165021594,38,2.326531,40,399.670,16.238,255,8
1778396937974045,165031539,33,2.020408,40,399.751,14.102,255,8
1778396937974826,165041514,28,1.714286,40,399.821,11.966,255,8
1778396937975505,165051458,24,1.469388,40,399.868,10.257,255,8
1778396938099640,165061433,19,1.163265,40,399.918,8.121,255,8
1778396938100395,165071379,14,0.857143,40,399.955,5.984,255,8
1778396938101086,165081352,9,0.551020,40,399.982,3.847,255,8
1778396938101828,165091299,4,0.244898,41,409.996,1.752,255,8
1778396938102550,165101273,5879,359.938782,41,410.000,-0.438,255,8
1778396938103237,165111221,5874,359.632629,41,409.992,-2.629,255,8
1778396938103941,165121192,5869,359.326538,40,399.972,-4.702,255,8
1778396938104782,165131132,5863,358.959167,40,399.934,-7.266,255,8
1778396938105478,165141110,5858,358.653046,40,399.889,-9.403,255,8
1778396938106196,165151056,5853,358.346954,40,399.834,-11.539,255,8
1778396938106869,165161029,5847,357.979584,40,399.751,-14.102,255,8
1778396938107555,165170970,5842,357.673462,40,399.670,-16.238,255,8
1778396938108237,165180939,5837,357.367340,41,409.567,-18.832,255,8
1778396938137165,165190881,5831,357.000000,41,409.438,-21.458,255,8
1778396938137972,165200851,5825,356.632660,41,409.292,-24.082,255,8
1778396938138737,165210798,5820,356.326538,41,409.158,-26.269,255,8
1778396938282789,165220768,5814,355.959167,41,408.981,-28.892,255,8
1778396938283719,165230716,5809,355.653076,40,398.849,-30.318,255,8
1778396938284609,165240690,5803,355.285706,40,398.647,-32.875,255,8
1778396938285521,165250637,5797,354.918365,41,408.388,-36.316,255,8
1778396938286320,165260609,5791,354.551025,41,408.147,-38.933,255,8
1778396938287120,165270554,5785,354.183685,41,407.889,-41.549,255,8
1778396938287791,165280532,5779,353.816315,41,407.614,-44.164,255,8
1778396938288479,165290476,5773,353.448975,41,407.323,-46.776,255,8
1778396938289101,165300448,5767,353.081635,41,407.015,-49.387,255,8
1778396938289879,165310396,5761,352.714294,41,406.690,-51.995,255,8
1778396938290500,165320368,5755,352.346924,41,406.348,-54.602,255,8
1778396938291285,165330320,5749,351.979584,41,405.990,-57.206,255,8
1778396938292005,165340294,5743,351.612244,41,405.614,-59.807,255,8
1778396938292773,165350242,5737,351.244904,41,405.223,-62.407,255,8
1778396938293522,165360206,5730,350.816345,41,404.745,-65.436,255,8
1778396938294179,165370152,5724,350.448975,41,404.317,-68.030,255,8
1778396938319161,165380122,5717,350.020416,41,403.797,-71.052,255,8
1778396938320029,165390072,5711,349.653076,41,403.333,-73.639,255,8
1778396938320909,165400045,5705,349.285706,41,402.852,-76.224,255,8
1778396938446080,165409994,5698,348.857147,41,402.271,-79.235,255,8
1778396938446762,165419965,5691,348.428558,41,401.667,-82.242,255,8
1778396938447347,165429911,5685,348.061218,41,401.131,-84.815,255,8
1778396938447963,165439885,5678,347.632660,41,400.486,-87.813,255,8
1778396938448624,165449836,5671,347.204071,41,399.818,-90.806,255,8
1778396938449219,165459812,5665,346.836731,41,399.227,-93.368,255,8
1778396938449949,165469758,5658,346.408142,41,398.518,-96.352,255,8
1778396938450602,165479733,5651,345.979614,41,397.786,-99.330,255,8
1778396938451199,165489680,5644,345.551025,41,397.032,-102.302,255,8
1778396938451767,165499653,5637,345.122437,41,396.255,-105.269,255,8
1778396938452398,165509605,5630,344.693878,41,395.457,-108.230,255,8
1778396938453189,165519580,5623,344.265289,41,394.636,-111.185,255,8
1778396938453820,165529529,5616,343.836731,41,393.794,-114.134,255,8
1778396938472337,165539500,5609,343.408142,41,392.929,-117.076,255,8
1778396938472956,165549449,5601,342.918365,41,391.914,-120.431,255,8
1778396938800909,165559429,5594,342.489777,41,391.002,-123.359,255,8
1778396938801496,165569377,5587,342.061218,41,390.068,-126.280,255,8
1778396938802040,165579356,5579,341.571411,41,388.975,-129.610,255,8
1778396938802510,165589309,5572,341.142853,41,387.994,-132.516,255,8
1778396938802962,165599290,5565,340.714294,41,386.992,-135.414,255,8
1778396938803408,165609246,5557,340.224487,41,385.820,-138.718,255,8
1778396938803765,165619227,5550,339.795929,41,384.772,-141.600,255,8
1778396938804207,165629177,5542,339.306122,42,392.902,-148.417,255,8
1778396938804626,165639155,5535,338.877563,42,391.781,-151.352,255,8
1778396938805087,165649109,5527,338.387756,41,381.176,-151.013,255,8
1778396938805452,165659088,5519,337.897949,41,379.871,-154.266,255,8
1778396938805787,165669035,5511,337.408173,41,378.539,-157.507,255,8
1778396938806183,165679014,5504,336.979584,41,377.350,-160.334,255,8
1778396938806609,165688967,5496,336.489807,41,375.966,-163.554,255,8
1778396938807206,165698947,5488,336.000000,41,374.554,-166.762,255,8
1778396938807677,165708898,5480,335.510223,41,373.114,-169.958,255,8
1778396938808061,165718875,5472,335.020416,41,371.648,-173.141,255,8
1778396938808532,165728828,5464,334.530609,41,370.154,-176.312,255,8
1778396938809011,165738801,5456,334.040802,41,368.633,-179.470,255,8
1778396938809445,165748754,5448,333.551025,41,367.086,-182.614,255,8
1778396938809855,165758730,5439,333.000000,42,374.223,-190.676,255,8
1778396938810245,165768682,5431,332.510223,42,372.579,-193.868,255,8
1778396938810673,165778662,5423,332.020416,42,370.908,-197.046,255,8
1778396938811111,165788615,5415,331.530609,42,369.210,-200.209,255,8
1778396938811495,165798589,5406,330.979584,42,367.268,-203.751,255,8
1778396938811892,165808538,5398,330.489807,42,365.513,-206.883,255,8
1778396938812336,165818512,5389,329.938782,42,363.506,-210.389,255,8
1778396938812731,165828460,5381,329.448975,42,361.694,-213.488,255,8
1778396938813195,165838433,5373,328.959167,42,359.856,-216.573,255,8
1778396938813744,165848385,5364,328.408173,41,349.239,-214.784,255,8
1778396938814305,165858364,5355,327.857147,41,347.157,-218.133,255,8
1778396938814750,165868315,5347,327.367340,41,345.280,-221.093,255,8
1778396938815200,165878293,5338,326.816345,41,343.137,-224.403,255,8
1778396938815652,165888240,5329,326.265289,41,340.963,-227.693,255,8
1778396938816026,165898221,5320,325.714294,41,338.758,-230.961,255,8
1778396938835434,165908170,5311,325.163269,41,336.521,-234.208,255,8
1778396938835898,165918149,5302,324.612244,41,334.253,-237.434,255,8
1778396938920098,165928095,5293,324.061218,41,331.954,-240.637,255,8
1778396938920558,165938077,5285,323.571442,41,329.885,-243.466,255,8
1778396938921043,165948030,5276,323.020416,41,327.528,-246.627,255,8
1778396938921429,165958011,5267,322.469391,41,325.141,-249.766,255,8
1778396938922006,165967958,5258,321.918365,41,322.724,-252.881,255,8
1778396938922512,165977941,5249,321.367340,41,320.278,-255.973,255,8
1778396938923002,165987887,5240,320.816315,41,317.801,-259.042,255,8
1778396938923503,165997860,5232,320.326538,41,315.575,-261.749,255,8
1778396938924934,166007807,5223,319.775513,41,313.043,-264.771,255,8
1778396938940235,166017781,5214,319.224487,41,310.482,-267.770,255,8
1778396939006691,166027734,5205,318.673462,40,300.383,-264.140,255,8
1778396939007273,166037708,5196,318.122467,40,297.829,-267.016,255,8
1778396939007717,166047657,5187,317.571411,40,295.248,-269.868,255,8
1778396939008182,166057632,5179,317.081635,40,292.930,-272.382,255,8
1778396939008755,166067579,5170,316.530609,40,290.297,-275.187,255,8
1778396939009428,166077557,5161,315.979584,40,287.637,-277.966,255,8
1778396939009855,166087500,5152,315.428589,40,284.951,-280.719,255,8
1778396939024747,166097475,5143,314.877533,40,282.238,-283.447,255,8
1778396939025364,166107422,5135,314.387756,40,279.804,-285.849,255,8
1778396939092183,166117395,5126,313.836731,40,277.042,-288.527,255,8
1778396939092750,166127348,5117,313.285706,40,274.255,-291.178,255,8
1778396939093173,166137327,5108,312.734680,40,271.442,-293.802,255,8
1778396939093655,166147276,5099,312.183685,40,268.604,-296.398,255,8
1778396939094346,166157255,5091,311.693878,40,266.060,-298.684,255,8
1778396939094802,166167203,5082,311.142853,40,263.175,-301.229,255,8
1778396939095181,166177177,5073,310.591858,40,260.267,-303.746,255,8
1778396939109393,166187127,5064,310.040802,39,250.900,-298.579,255,8
1778396939154081,166197104,5055,309.489807,39,248.017,-300.978,255,8
1778396939154674,166207048,5047,309.000000,39,245.435,-303.087,255,8
1778396939155312,166217018,5038,308.448975,39,242.509,-305.433,255,8
1778396939155771,166226966,5029,307.897949,39,239.560,-307.751,255,8
1778396939156477,166236936,5020,307.346924,39,236.589,-310.041,255,8
1778396939171002,166246893,5011,306.795929,39,233.597,-312.302,255,8
1778396939172665,166256862,5003,306.306122,39,230.919,-314.287,255,8
1778396939189692,166266818,4994,305.755127,39,227.886,-316.493,255,8
1778396939236327,166276794,4985,305.204071,39,224.831,-318.671,255,8
1778396939237339,166286741,4977,304.714294,39,222.099,-320.581,255,8
1778396939237779,166296715,4968,304.163269,39,219.006,-322.702,255,8
1778396939238378,166306661,4959,303.612244,39,215.892,-324.793,255,8
1778396939238960,166316635,4950,303.061218,39,212.759,-326.854,255,8
1778396939254504,166326586,4941,302.510193,38,204.231,-320.452,255,8
1778396939255393,166336558,4933,302.020416,39,206.786,-330.665,255,8
1778396939306460,166346506,4924,301.469391,39,203.597,-332.638,255,8
1778396939307039,166356483,4915,300.918365,38,195.250,-326.002,255,8
1778396939307480,166366426,4907,300.428558,38,192.456,-327.659,255,8
1778396939308020,166376398,4898,299.877563,38,189.296,-329.495,255,8
1778396939308435,166386346,4889,299.326508,38,186.119,-331.300,255,8
1778396939323114,166396327,4880,298.775513,38,182.924,-333.075,255,8
1778396939323690,166406280,4872,298.285706,38,180.070,-334.626,255,8
1778396939372311,166416257,4863,297.734680,38,176.844,-336.343,255,8
1778396939372816,166426210,4854,297.183685,38,173.601,-338.028,255,8
1778396939373282,166436188,4845,296.632660,38,170.342,-339.682,255,8
1778396939373694,166446137,4837,296.142853,38,167.432,-341.125,255,8
1778396939374177,166456109,4828,295.591827,38,164.144,-342.720,255,8
1778396939431088,166466056,4819,295.040833,38,160.840,-344.282,255,8
1778396939431722,166476035,4811,294.551025,38,157.891,-345.645,255,8
1778396939432253,166485982,4802,294.000000,38,154.560,-347.147,255,8
1778396939432708,166495965,4793,293.448975,38,151.214,-348.618,255,8
1778396939433255,166505916,4784,292.897949,38,147.855,-350.056,255,8
1778396939433809,166515891,4776,292.408173,38,144.857,-351.307,255,8
1778396939449235,166525841,4767,291.857147,38,141.472,-352.684,255,8
1778396939450112,166535821,4758,291.306122,38,138.073,-354.028,255,8
1778396939510816,166545776,4749,290.755096,37,131.118,-345.988,255,8
1778396939511303,166555752,4741,290.265320,38,131.620,-356.478,255,8
1778396939511756,166565707,4732,289.714294,38,128.185,-357.727,255,8
1778396939512183,166575682,4723,289.163269,38,124.739,-358.943,255,8
1778396939512667,166585628,4715,288.673462,38,121.666,-359.996,255,8
1778396939513118,166595606,4706,288.122437,37,115.088,-351.646,255,8
1778396939528482,166605556,4697,287.571442,38,114.720,-362.270,255,8
1778396939529366,166615533,4688,287.020416,37,108.304,-353.794,255,8
1778396939579589,166625476,4680,286.530609,37,105.275,-354.707,255,8
1778396939580022,166635446,4671,285.979584,37,101.859,-355.703,255,8
1778396939580424,166645394,4662,285.428589,37,98.434,-356.666,255,8
1778396939580867,166655368,4653,284.877563,37,94.999,-357.596,255,8
1778396939581221,166665307,4645,284.387756,37,91.939,-358.395,255,8
1778396939594680,166675290,4636,283.836731,37,88.488,-359.263,255,8
1778396939602964,166685239,4627,283.285706,37,85.029,-360.097,255,8
1778396939691199,166695215,4618,282.734711,37,81.562,-360.898,255,8
1778396939691956,166705165,4610,282.244904,37,78.474,-361.582,255,8
1778396939692576,166715135,4601,281.693878,37,74.993,-362.320,255,8
1778396939693076,166725086,4592,281.142853,37,71.505,-363.025,255,8
1778396939693546,166735059,4584,280.653076,37,68.399,-363.623,255,8
1778396939693986,166745004,4575,280.102051,37,64.899,-364.264,255,8
1778396939694476,166754979,4566,279.551025,37,61.393,-364.871,255,8
1778396939694928,166764924,4557,279.000000,37,57.881,-365.445,255,8
1778396939695402,166774904,4549,278.510193,37,54.755,-365.926,255,8
1778396939711576,166784847,4540,277.959198,37,51.233,-366.436,255,8
1778396939712102,166794826,4531,277.408142,37,47.707,-366.912,255,8
1778396939892919,166804774,4522,276.857147,37,44.176,-367.353,255,8
1778396939893619,166814747,4513,276.306122,37,40.641,-367.761,255,8
1778396939894076,166824695,4505,275.816315,37,37.496,-368.095,255,8
1778396939894527,166834671,4496,275.265320,37,33.954,-368.439,255,8
1778396939894975,166844625,4487,274.714294,37,30.409,-368.748,255,8
1778396939895393,166854604,4478,274.163269,37,26.862,-369.024,255,8
1778396939895760,166864552,4470,273.673462,37,23.706,-369.240,255,8
1778396939896143,166874531,4461,273.122467,37,20.154,-369.451,255,8
1778396939896584,166884475,4452,272.571411,37,16.600,-369.627,255,8
1778396939897010,166894455,4443,272.020416,37,13.045,-369.770,255,8
1778396939897394,166904402,4435,271.530609,37,9.883,-369.868,255,8
1778396939897979,166914385,4426,270.979584,37,6.326,-369.946,255,8
1778396939898442,166924333,4417,270.428589,37,2.768,-369.990,255,8
1778396939898908,166934313,4408,269.877533,37,-0.791,-369.999,255,8
1778396939899556,166944260,4399,269.326538,37,-4.349,-369.974,255,8
1778396939900021,166954238,4391,268.836731,37,-7.512,-369.924,255,8
1778396939900398,166964184,4382,268.285706,37,-11.069,-369.834,255,8
1778396939900733,166974169,4373,267.734680,37,-14.625,-369.711,255,8
1778396939901180,166984121,4364,267.183685,37,-18.180,-369.553,255,8
1778396939916919,166994097,4356,266.693878,37,-21.338,-369.384,255,8
1778396939917526,167004044,4347,266.142853,37,-24.890,-369.162,255,8
1778396939973617,167014021,4338,265.591858,37,-28.438,-368.905,255,8
1778396939974241,167023967,4329,265.040802,37,-31.985,-368.615,255,8
1778396939974765,167033939,4321,264.551025,37,-35.135,-368.328,255,8
1778396939975345,167043893,4312,264.000000,37,-38.676,-367.973,255,8
1778396939975796,167053869,4303,263.448975,37,-42.213,-367.584,255,8
1778396939976220,167063817,4294,262.897949,37,-45.746,-367.161,255,8
1778396939992991,167073795,4286,262.408173,37,-48.883,-366.757,255,8
1778396940072555,167083742,4277,261.857147,37,-52.407,-366.270,255,8
1778396940073221,167093719,4268,261.306122,37,-55.927,-365.749,255,8
1778396940073895,167103663,4259,260.755127,37,-59.442,-365.194,255,8
1778396940074516,167113634,4251,260.265289,37,-62.562,-364.672,255,8
1778396940075053,167123583,4242,259.714294,37,-66.066,-364.054,255,8
1778396940075537,167133554,4233,259.163269,37,-69.564,-363.402,255,8
1778396940076075,167143503,4225,258.673462,36,-70.704,-352.989,255,8
1778396940076605,167153475,4216,258.122437,35,-72.037,-342.506,255,8
1778396940077076,167163423,4208,257.632660,35,-74.962,-341.878,255,8
1778396940094466,167173392,4199,257.081635,36,-80.483,-350.888,255,8
1778396940095058,167183342,4191,256.591827,36,-83.479,-350.187,255,8
1778396940153424,167193312,4182,256.040833,36,-86.843,-349.368,255,8
1778396940153997,167203252,4174,255.551025,35,-87.331,-338.930,255,8
1778396940154516,167213220,4165,255.000000,35,-90.587,-338.074,255,8
1778396940154974,167223165,4157,254.510193,35,-93.473,-337.287,255,8
1778396940155458,167233140,4149,254.020401,34,-93.600,-326.862,255,8
1778396940155955,167243084,4140,253.469391,34,-96.739,-325.947,255,8
1778396940223990,167253060,4132,252.979584,34,-99.522,-325.108,255,8
1778396940224653,167263007,4123,252.428574,34,-102.644,-324.136,255,8
1778396940225347,167272983,4115,251.938782,34,-105.411,-323.247,255,8
1778396940225934,167282925,4107,251.448990,35,-111.352,-331.814,255,8
1778396940226535,167292901,4098,250.897949,34,-111.266,-321.279,255,8
1778396940227126,167302849,4090,250.408157,35,-117.361,-329.737,255,8
1778396940227724,167312818,4082,249.918365,36,-123.609,-338.114,255,8
1778396940244430,167322766,4073,249.367355,35,-123.331,-327.551,255,8
1778396940245002,167332736,4065,248.877563,33,-118.919,-307.828,255,8
1778396940299389,167342677,4057,248.387741,32,-117.864,-297.503,255,8
1778396940300044,167352647,4048,247.836731,33,-124.492,-305.617,255,8
1778396940300601,167362587,4040,247.346939,35,-134.803,-322.999,255,8
1778396940301065,167372553,4032,246.857147,36,-141.489,-331.030,255,8
1778396940301583,167382503,4023,246.306122,35,-140.647,-320.497,255,8
1778396940302258,167392473,4015,245.816330,35,-143.382,-319.283,255,8
1778396940319802,167402425,4007,245.326538,35,-146.106,-318.046,255,8
1778396940389537,167412392,3998,244.775513,35,-149.158,-316.626,255,8
1778396940390170,167422339,3990,244.285706,37,-160.537,-333.358,255,8
1778396940390825,167432316,3982,243.795914,37,-163.381,-331.974,255,8
1778396940391437,167442269,3973,243.244904,37,-166.566,-330.387,255,8
1778396940391939,167452234,3965,242.755112,37,-169.384,-328.951,255,8
1778396940392537,167462184,3957,242.265320,37,-172.190,-327.491,255,8
1778396940393018,167472160,3949,241.775497,37,-174.983,-326.007,255,8
1778396940393525,167482105,3940,241.224487,37,-178.110,-324.310,255,8
1778396940412329,167492075,3932,240.734695,37,-180.876,-322.775,255,8
1778396940413015,167502023,3924,240.244904,37,-183.629,-321.217,255,8
1778396940483804,167511993,3916,239.755112,36,-181.331,-310.997,255,8
1778396940484442,167521941,3907,239.204071,35,-179.194,-300.649,255,8
1778396940484963,167531918,3899,238.714279,34,-176.564,-290.560,255,8
1778396940485616,167541860,3891,238.224487,35,-184.307,-297.541,255,8
1778396940486227,167551829,3883,237.734695,32,-170.829,-270.587,255,8
1778396940486802,167561772,3875,237.244904,29,-156.904,-243.887,255,8
1778396940487339,167571742,3866,236.693878,32,-175.716,-267.440,255,8
1778396940505195,167581679,3858,236.204086,34,-189.120,-282.548,255,8
1778396940505791,167591648,3850,235.714294,29,-163.363,-239.609,255,8
1778396940695706,167601595,3842,235.224487,31,-176.812,-254.632,255,8
1778396940696305,167611565,3834,234.734695,31,-178.983,-253.111,255,8
1778396940696784,167621510,3826,234.244888,29,-169.453,-235.341,255,8
1778396940697211,167651392,3802,232.775513,29,-175.432,-230.919,255,8
1778396940697797,167671306,3786,231.795929,28,-173.170,-220.028,255,8
1778396940698274,167681253,3778,231.306137,31,-193.799,-241.954,255,8
1778396940698907,167693200,3769,230.755096,28,-177.138,-216.846,255,8
1778396940699404,167703168,3761,230.265305,28,-178.985,-215.324,255,8
1778396940699929,167713122,3752,229.714294,34,-219.844,-259.362,255,8
1778396940700449,167723091,3745,229.285721,32,-208.732,-242.551,255,8
1778396940700982,167733041,3737,228.795929,31,-204.210,-233.234,255,8
1778396940701473,167743011,3728,228.244888,36,-239.741,-268.559,255,8
1778396940701955,167752961,3720,227.755096,39,-262.197,-288.708,255,8
1778396940702498,167762939,3712,227.265305,40,-271.442,-293.802,255,8
1778396940702998,167772888,3704,226.775513,40,-273.943,-291.470,255,8
1778396940703641,167782860,3695,226.224487,41,-283.652,-296.043,255,8
1778396940704146,167792800,3687,225.734695,41,-286.173,-293.607,255,8
1778396940719765,167802772,3679,225.244904,41,-288.672,-291.150,255,8
1778396940720316,167812729,3671,224.755096,41,-291.150,-288.672,255,8
1778396940796647,167822704,3662,224.204086,41,-293.913,-285.859,255,8
1778396940797159,167832654,3654,223.714279,41,-296.346,-283.336,255,8
1778396940797575,167842628,3646,223.224487,41,-298.757,-280.792,255,8
1778396940798071,167852580,3637,222.673477,41,-301.444,-277.906,255,8
1778396940798540,167862558,3629,222.183685,42,-311.218,-282.034,255,8
1778396940799040,167872511,3621,221.693893,42,-313.618,-279.363,255,8
1778396940799472,167882481,3612,221.142853,42,-316.290,-276.334,255,8
1778396940799942,167892432,3604,220.653061,42,-318.641,-273.620,255,8
1778396940816348,167902406,3596,220.163269,43,-328.610,-277.336,255,8
1778396940882143,167912346,3587,219.612244,43,-331.262,-274.163,255,8
1778396940882719,167922332,3579,219.122437,43,-333.594,-271.321,255,8
1778396940883226,167932277,3571,218.632645,43,-335.901,-268.460,255,8
1778396940883682,167942263,3562,218.081635,44,-346.338,-271.385,255,8
1778396940884142,167952214,3554,217.591843,44,-348.646,-268.414,255,8
1778396940884642,167962192,3545,217.040817,44,-351.211,-265.049,255,8
1778396940885105,167972142,3537,216.551025,45,-361.497,-267.992,255,8
1778396940900515,167982118,3529,216.061234,45,-363.775,-264.892,255,8
1778396940901052,167992058,3520,215.510193,45,-366.305,-261.381,255,8
1778396940951275,168002045,3512,215.020401,45,-368.526,-258.241,255,8
1778396940951745,168011996,3504,214.530609,45,-370.721,-255.081,255,8
1778396940952341,168021978,3495,213.979599,45,-373.156,-251.504,255,8
1778396940952752,168031929,3487,213.489807,46,-383.633,-253.823,255,8
1778396940953197,168041903,3479,212.999985,46,-385.789,-250.534,255,8
1778396940968453,168051856,3470,212.448975,46,-388.180,-246.812,255,8
1778396940969027,168061828,3462,211.959183,47,-398.760,-248.778,255,8
1778396941019070,168071783,3453,211.408157,47,-401.134,-244.932,255,8
1778396941019680,168081764,3445,210.918365,47,-403.213,-241.494,255,8
1778396941020278,168091716,3437,210.428574,47,-405.263,-238.038,255,8
1778396941020759,168101699,3429,209.938782,46,-398.617,-229.574,255,8
1778396941021260,168111653,3420,209.387756,46,-400.807,-225.730,255,8
1778396941036029,168121634,3412,208.897964,46,-402.722,-222.296,255,8
1778396941037420,168131591,3403,208.346939,46,-404.841,-218.412,255,8
1778396941089462,168141577,3395,207.857147,46,-406.693,-214.944,255,8
1778396941090085,168151533,3387,207.367355,46,-408.516,-211.459,255,8
1778396941090572,168161512,3378,206.816315,46,-410.530,-207.521,255,8
1778396941091029,168171462,3370,206.326523,46,-412.289,-204.004,255,8
1778396941091553,168181445,3361,205.775513,46,-414.232,-200.029,255,8
1778396941107053,168191409,3353,205.285721,46,-415.927,-196.481,255,8
1778396941107512,168201392,3344,204.734680,46,-417.797,-192.472,255,8
1778396941155272,168211346,3336,204.244888,46,-419.427,-188.893,255,8
1778396941155776,168221329,3327,203.693878,45,-412.067,-180.832,255,8
1778396941156176,168231282,3319,203.204086,45,-413.598,-177.303,255,8
1778396941156610,168241262,3310,202.653061,45,-415.284,-173.318,255,8
1778396941157005,168251213,3302,202.163269,46,-426.012,-173.534,255,8
1778396941172487,168261197,3293,201.612259,46,-427.661,-169.429,255,8
1778396941216565,168271148,3285,201.122437,46,-429.094,-165.767,255,8
1778396941217085,168281125,3276,200.571426,45,-421.306,-158.119,255,8
1778396941217504,168291075,3268,200.081635,45,-422.642,-154.511,255,8
1778396941217969,168301049,3259,199.530624,45,-424.108,-150.440,255,8
1778396941218287,168311001,3251,199.040802,45,-425.379,-146.809,255,8
1778396941231625,168320983,3242,198.489792,45,-426.771,-142.711,255,8
1778396941238259,168330932,3234,198.000000,45,-427.975,-139.058,255,8
1778396941249155,168340908,3225,197.448975,45,-429.293,-134.935,255,8
1778396941289913,168350856,3217,196.959183,45,-430.431,-131.261,255,8
1778396941290322,168360834,3209,196.469391,45,-431.537,-127.576,255,8
1778396941290814,168370773,3200,195.918381,45,-432.744,-123.420,255,8
1778396941291164,168380760,3192,195.428589,46,-443.423,-122.377,255,8
1778396941305676,168390711,3183,194.877548,46,-444.579,-118.107,255,8
1778396941306156,168400684,3175,194.387756,46,-445.573,-114.302,255,8
1778396941352197,168410629,3166,193.836746,46,-446.651,-110.012,255,8
1778396941352745,168420610,3158,193.346924,45,-437.846,-103.881,255,8
1778396941353203,168430557,3149,192.795914,45,-438.824,-99.666,255,8
1778396941353648,168440527,3141,192.306122,45,-439.660,-95.911,255,8
1778396941354449,168450473,3133,191.816330,45,-440.464,-92.149,255,8
1778396941368980,168460441,3124,191.265305,45,-441.330,-87.909,255,8
1778396941380632,168470393,3115,190.714294,45,-442.155,-83.660,255,8
1778396941387006,168480365,3107,190.224487,45,-442.854,-79.877,255,8
1778396941432889,168490313,3099,189.734695,45,-443.521,-76.089,255,8
1778396941433433,168500290,3090,189.183670,45,-444.232,-71.820,255,8
1778396941433869,168510236,3082,188.693878,45,-444.830,-68.020,255,8
1778396941434337,168520208,3073,188.142868,45,-445.463,-63.739,255,8
1778396941434784,168530152,3065,187.653076,45,-445.992,-59.929,255,8
1778396941484516,168540126,3056,187.102036,45,-446.547,-55.637,255,8
1778396941484959,168550069,3048,186.612244,45,-447.007,-51.817,255,8
1778396941485363,168560055,3039,186.061234,45,-447.484,-47.516,255,8
1778396941485905,168569995,3031,185.571426,45,-447.874,-43.689,255,8
1778396941486303,168579982,3023,185.081635,45,-448.231,-39.859,255,8
1778396941500420,168589928,3014,184.530609,45,-448.594,-35.546,255,8
1778396941548079,168599905,3006,184.040817,45,-448.881,-31.710,255,8
1778396941548498,168609849,2997,183.489792,45,-449.166,-27.392,255,8
1778396941548887,168619821,2989,183.000000,45,-449.383,-23.551,255,8
1778396941549245,168629782,2981,182.510208,45,-449.568,-19.709,255,8
1778396941549745,168639747,2972,181.959198,45,-449.737,-15.385,255,8
1778396941564113,168649704,2964,181.469376,45,-449.852,-11.539,255,8
1778396941564578,168659672,2955,180.918365,45,-449.942,-7.213,255,8
1778396941572517,168669618,2947,180.428574,45,-449.987,-3.366,255,8
1778396941625589,168679605,2938,179.877548,45,-449.999,0.962,255,8
1778396941626168,168689553,2930,179.387756,45,-449.974,4.808,255,8
1778396941626625,168699525,2921,178.836731,45,-449.907,9.136,255,8
1778396941627035,168709480,2913,178.346939,45,-449.813,12.981,255,8
1778396941627448,168719454,2905,177.857147,45,-449.685,16.826,255,8
1778396941641717,168729406,2896,177.306122,45,-449.503,21.150,255,8
1778396941642266,168739383,2888,176.816330,45,-449.305,24.992,255,8
1778396941687885,168749334,2879,176.265305,45,-449.044,29.311,255,8
1778396941688459,168759307,2871,175.775513,45,-448.777,33.149,255,8
1778396941689072,168769254,2863,175.285721,45,-448.478,36.984,255,8
1778396941689591,168779218,2854,174.734695,45,-448.101,41.295,255,8
1778396941701982,168789168,2846,174.244904,45,-447.732,45.124,255,8
1778396941702535,168799153,2837,173.693878,45,-447.277,49.428,255,8
1778396941714940,168809100,2829,173.204071,45,-446.838,53.250,255,8
1778396941766536,168819075,2821,172.714279,45,-446.367,57.068,255,8
1778396941767150,168829019,2812,172.163254,45,-445.797,61.358,255,8
1778396941767713,168838998,2804,171.673462,45,-445.256,65.167,255,8
1778396941768172,168848947,2795,171.122452,45,-444.609,69.445,255,8
1778396941768622,168858921,2787,170.632660,45,-443.999,73.244,255,8
1778396941770656,168868862,2779,170.142853,45,-443.357,77.037,255,8
1778396941784800,168878846,2770,169.591843,46,-452.431,83.103,255,8
1778396941833598,168888795,2762,169.102051,45,-441.884,85.077,255,8
1778396941834201,168898765,2753,168.551025,45,-441.046,89.323,255,8
1778396941834721,168908719,2745,168.061218,45,-440.266,93.090,255,8
1778396941835165,168918691,2736,167.510208,45,-439.351,97.320,255,8
1778396941835739,168928639,2728,167.020401,45,-438.503,101.072,255,8
1778396941851278,168938609,2719,166.469391,46,-447.233,107.624,255,8
1778396941852046,168948569,2711,165.979584,46,-446.296,111.443,255,8
1778396941899270,168958544,2702,165.428574,45,-435.526,113.214,255,8
1778396941899731,168968493,2694,164.938782,45,-434.542,116.933,255,8
1778396941900147,168978469,2685,164.387756,44,-423.766,118.415,255,8
1778396941900508,168988420,2677,163.897964,43,-413.131,119.260,255,8
1778396941900906,168998393,2669,163.408173,43,-412.096,122.787,255,8
1778396941914738,169008344,2660,162.857147,42,-401.341,123.797,255,8
1778396941960465,169018318,2652,162.367355,42,-400.268,127.223,255,8
1778396941960994,169028271,2643,161.816330,41,-389.525,127.946,255,8
1778396941961376,169038241,2635,161.326538,41,-388.417,131.271,255,8
1778396941961752,169048192,2627,160.836731,41,-387.281,134.587,255,8
1778396941962232,169058170,2618,160.285706,40,-376.555,134.932,255,8
1778396941977454,169068123,2610,159.795914,40,-375.387,138.146,255,8
1778396941978861,169078100,2601,159.244888,40,-374.041,141.750,255,8
1778396941995595,169088041,2593,158.755096,40,-372.816,144.942,255,8
1778396942048670,169098016,2585,158.265305,40,-371.563,148.124,255,8
1778396942049074,169107959,2576,157.714294,40,-370.122,151.690,255,8
1778396942049507,169117939,2568,157.224487,39,-359.591,150.977,255,8
1778396942050032,169127881,2560,156.734695,39,-358.287,154.046,255,8
1778396942050620,169137853,2551,156.183670,39,-356.789,157.484,255,8
1778396942051020,169147807,2543,155.693878,40,-364.544,164.645,255,8
1778396942063865,169157777,2535,155.204086,39,-354.045,163.561,255,8
1778396942107937,169167721,2526,154.653061,39,-352.456,166.958,255,8
1778396942108409,169177691,2518,154.163269,39,-351.015,169.965,255,8
1778396942108755,169187633,2509,153.612244,39,-349.365,173.333,255,8
1778396942109107,169197602,2501,153.122452,39,-347.870,176.313,255,8
1778396942109529,169207545,2493,152.632645,39,-346.350,179.281,255,8
1778396942122615,169217524,2485,152.142853,38,-335.964,177.562,255,8
1778396942135793,169227471,2476,151.591827,38,-334.241,180.785,255,8
1778396942137267,169237441,2468,151.102036,38,-332.683,183.635,255,8
1778396942178570,169247393,2459,150.551025,39,-339.610,191.743,255,8
1778396942179176,169257367,2451,150.061218,38,-329.292,189.648,255,8
1778396942179786,169267313,2443,149.571426,38,-327.659,192.456,255,8
1778396942180182,169277288,2434,149.020416,38,-325.793,195.598,255,8
1778396942194127,169287231,2426,148.530609,38,-324.109,198.376,255,8
1778396942198589,169297204,2418,148.040817,37,-313.917,195.847,255,8
1778396942240884,169307149,2409,147.489792,38,-320.452,204.231,255,8
1778396942241431,169317125,2401,147.000000,38,-318.695,206.963,255,8
1778396942241768,169327075,2393,146.510208,38,-316.914,209.680,255,8
1778396942242304,169337049,2384,145.959183,36,-298.310,201.522,255,8
1778396942256402,169346993,2376,145.469391,35,-288.338,198.396,255,8
1778396942256902,169356963,2368,144.979584,36,-294.821,206.593,255,8
1778396942274479,169366906,2359,144.428574,37,-300.955,215.235,255,8
1778396942276063,169376881,2351,143.938766,36,-291.020,211.914,255,8
1778396942322302,169386828,2343,143.448975,35,-281.164,208.438,255,8
1778396942322764,169396802,2334,142.897964,32,-255.220,193.036,255,8
1778396942323254,169406748,2326,142.408157,31,-245.637,189.110,255,8
1778396942323665,169416722,2318,141.918365,31,-244.011,191.203,255,8
1778396942325623,169426667,2310,141.428574,31,-242.368,193.282,255,8
1778396942389185,169436637,2301,140.877548,29,-224.982,182.984,255,8
1778396942389892,169446586,2293,140.387756,30,-231.113,191.277,255,8
1778396942390341,169456565,2285,139.897964,32,-244.768,206.128,255,8
1778396942390875,169466515,2277,139.408173,31,-235.403,201.706,255,8
1778396942391385,169476489,2268,138.857147,29,-218.391,190.802,255,8
1778396942391895,169486437,2260,138.367340,28,-209.277,186.019,255,8
1778396942415378,169496412,2252,137.877548,30,-222.514,201.215,255,8
1778396942415919,169506358,2244,137.387756,31,-228.145,209.880,255,8
1778396942416401,169516326,2235,136.836731,30,-218.822,205.224,255,8
1778396942482305,169546199,2211,135.367340,28,-199.255,196.716,255,8
1778396942561120,169635850,2137,130.836746,28,-183.094,211.841,255,8
1778396942561663,169645793,2128,130.285721,30,-193.980,228.849,255,8
1778396942562175,169655767,2120,129.795914,30,-192.016,230.499,255,8
1778396942563259,169665716,2112,129.306122,30,-190.039,232.132,255,8
1778396942580520,169675697,2103,128.755096,30,-187.798,233.949,255,8
1778396942629143,169685650,2095,128.265305,30,-185.791,235.545,255,8
1778396942629606,169695619,2087,127.775513,29,-177.645,229.221,255,8
1778396942630093,169705569,2079,127.285706,29,-175.679,230.731,255,8
1778396942630569,169715537,2071,126.795914,29,-173.700,232.224,255,8
1778396942953894,170014325,1825,111.734688,28,-103.687,260.094,255,8
1778396942954445,170024273,1817,111.244896,29,-105.083,270.292,255,8
1778396942955066,170034251,1809,110.755104,30,-106.312,280.531,255,8
1778396942955540,170044196,1800,110.204086,31,-107.063,290.925,255,8
1778396942956091,170054167,1792,109.714287,31,-104.572,291.830,255,8
1778396942972702,170064121,1784,109.224487,31,-102.074,292.713,255,8
1778396942973260,170074100,1775,108.673462,31,-99.254,293.681,255,8
1778396943032413,170084053,1767,108.183670,32,-99.861,304.020,255,8
1778396943032883,170094027,1759,107.693878,31,-94.219,295.335,255,8
1778396943033384,170103978,1750,107.142853,29,-85.479,277.116,255,8
1778396943120638,170213565,1661,101.693871,28,-56.751,274.188,255,8
1778396943121168,170223516,1653,101.204079,28,-54.405,274.664,255,8
1778396943197438,170303218,1588,97.224487,28,-35.212,277.777,255,8
1778396943217109,170323142,1572,96.244904,28,-30.458,278.338,255,8
1778396943268695,170333119,1564,95.755096,29,-29.080,288.538,255,8
1778396943269282,170343073,1556,95.265305,30,-27.530,298.734,255,8
1778396943269741,170353049,1547,94.714279,30,-24.656,298.985,255,8
1778396943270204,170363004,1539,94.224487,30,-22.099,299.185,255,8
1778396943270718,170372980,1531,93.734695,30,-19.541,299.363,255,8
1778396943288609,170382929,1523,93.244896,30,-16.981,299.519,255,8
1778396943289196,170392902,1515,92.755104,30,-14.420,299.653,255,8
1778396943296370,170402850,1507,92.265305,30,-11.858,299.766,255,8
1778396943353354,170412823,1499,91.775513,28,-8.675,279.866,255,8
1778396943353906,170422773,1490,91.224495,28,-5.984,279.936,255,8
1778396943354366,170432742,1482,90.734688,29,-3.718,289.976,255,8
1778396943355814,170462614,1458,89.265305,28,3.590,279.977,255,8
1778396943687477,170715590,1255,76.836731,28,63.763,272.643,255,8
1778396943688004,170725544,1247,76.346939,28,66.092,272.088,255,8
1778396943980288,171014541,1018,62.326527,28,130.041,247.970,255,8
1778396943981015,171024500,1010,61.836735,28,132.156,246.850,255,8
1778396943981595,171034482,1002,61.346939,29,139.056,254.486,255,8
1778396943982152,171044442,994,60.857143,29,141.227,253.288,255,8
1778396943982710,171054421,986,60.367348,29,143.387,252.072,255,8
1778396943983246,171064374,978,59.877552,31,155.573,268.136,255,8
1778396943983704,171074349,970,59.387756,31,157.860,266.796,255,8
1778396943984098,171084301,962,58.897957,33,170.466,282.562,255,8
1778396943984605,171094279,954,58.408165,33,172.875,281.095,255,8
1778396944004232,171104226,946,57.918365,34,180.583,288.079,255,8
1778396944004707,171114213,938,57.428574,33,177.656,278.098,255,8
1778396944067524,171124162,930,56.938774,34,185.482,284.950,255,8
1778396944068018,171134139,921,56.387753,34,188.214,283.153,255,8
1778396944068424,171144084,913,55.897961,35,196.234,289.814,255,8
1778396944068901,171154064,905,55.408161,34,193.027,279.894,255,8
1778396944069307,171164015,897,54.918369,35,201.160,286.417,255,8
1778396944069808,171173995,889,54.428570,35,203.601,284.687,255,8
1778396944088873,171183939,881,53.938778,36,211.914,291.020,255,8
1778396944089334,171193921,873,53.448978,35,208.438,281.164,255,8
1778396944159880,171203875,865,52.959183,35,210.834,279.372,255,8
1778396944160409,171213853,857,52.469387,35,213.215,277.560,255,8
1778396944160850,171223800,848,51.918365,36,222.042,283.368,255,8
1778396944161362,171233780,840,51.428574,36,224.456,281.459,255,8
1778396944162431,171243736,832,50.938774,35,220.553,271.766,255,8
1778396944162978,171253716,824,50.448978,34,216.500,262.160,255,8
1778396944163391,171263669,816,49.959183,31,199.433,237.332,255,8
1778396944181581,171283594,800,48.979595,29,190.335,218.798,255,8
1778396944182209,171293570,792,48.489796,34,225.336,254.605,255,8
1778396944236317,171303518,784,48.000004,35,234.196,260.101,255,8
1778396944236911,171313494,776,47.510204,33,222.901,243.341,255,8
1778396944237330,171323430,768,47.020405,34,231.791,248.743,255,8
1778396944237861,171333406,760,46.530613,36,247.668,261.267,255,8
1778396944238343,171343349,752,46.040813,36,249.892,259.140,255,8
1778396944254656,171353322,744,45.551022,34,238.093,242.717,255,8
1778396944255345,171363266,736,45.061226,34,240.159,240.673,255,8
1778396944310267,171373240,728,44.571430,34,242.208,238.611,255,8
1778396944311064,171383188,720,44.081635,33,237.055,229.575,255,8
1778396944311580,171393163,711,43.530613,33,239.252,227.285,255,8
1778396944312151,171403102,703,43.040813,33,241.186,225.231,255,8
1778396944312546,171413081,696,42.612244,30,220.786,203.110,255,8
1778396944312934,171423030,688,42.122448,30,222.514,201.215,255,8
1778396944328458,171436983,677,41.448982,32,239.855,211.825,255,8
1778396944370405,171446908,669,40.959183,311,2348.600,2038.671,255,8
1778396944370904,171460859,658,40.285713,892,6804.440,5767.668,255,8
1778396944371377,171470834,651,39.857143,81,621.792,519.109,255,8
1778396944505530,171560503,581,35.571430,29,235.883,168.698,255,8
1778396944506233,171570458,573,35.081635,29,237.317,166.675,255,8
1778396944506729,171580433,565,34.591835,29,238.733,164.641,255,8
1778396944507127,171590388,557,34.102039,29,240.132,162.594,255,8
1778396944507588,171600363,550,33.673470,29,241.341,160.793,255,8
1778396944508111,171610312,542,33.183674,28,234.338,153.251,255,8
1778396944508639,171620283,534,32.693878,28,235.639,151.242,255,8
1778396944527738,171630234,526,32.204082,29,245.385,154.552,255,8
1778396944586890,171660146,503,30.795919,29,249.109,148.475,255,8
1778396944587482,171670100,495,30.306122,29,250.369,146.340,255,8
1778396944587943,171680082,487,29.816326,30,260.287,149.166,255,8
1778396944588450,171690036,479,29.326530,31,270.271,151.834,255,8
1778396944588934,171700016,471,28.836735,29,254.039,139.871,255,8
1778396944605712,171709982,463,28.346939,29,255.226,137.695,255,8
1778396944606234,171719955,455,27.857143,30,265.235,140.181,255,8
1778396944666813,171729914,447,27.367346,31,275.304,142.505,255,8
1778396944667417,171739891,440,26.938774,32,285.277,144.972,255,8
1778396944667920,171749842,432,26.448978,33,295.459,146.982,255,8
1778396944668394,171759818,424,25.959183,33,296.705,144.451,255,8
1778396944668883,171769766,416,25.469387,33,297.929,141.909,255,8
1778396944669388,171779750,408,24.979591,31,281.002,130.912,255,8
1778396944685627,171789700,401,24.551022,32,291.069,132.961,255,8
1778396944686157,171799675,393,24.061226,33,301.326,134.545,255,8
1778396944730076,171809622,385,23.571430,34,311.631,135.963,255,8
1778396944730602,171819595,377,23.081631,34,312.782,133.294,255,8
1778396944731027,171829539,369,22.591837,34,313.910,130.616,255,8
1778396944731462,171839519,362,22.163265,32,296.356,120.719,255,8
1778396944745855,171849466,354,21.673470,33,306.670,121.874,255,8
1778396944746412,171859440,346,21.183674,33,307.701,119.248,255,8
1778396944754712,171869382,338,20.693876,34,318.064,120.147,255,8
1778396944767155,171879361,330,20.204081,34,319.079,117.424,255,8
1778396944809287,171889309,323,19.775511,36,338.769,121.801,255,8
1778396944809803,171899280,315,19.285715,34,320.920,112.295,255,8
1778396944810312,171909229,307,18.795919,33,312.402,106.325,255,8
1778396944810710,171919208,299,18.306122,33,313.299,103.651,255,8
1778396944825925,171929158,291,17.816326,34,323.694,104.029,255,8
1778396944826387,171939132,283,17.326530,35,334.118,104.236,255,8
1778396944870341,171949079,276,16.897961,35,334.888,101.734,255,8
1778396944870879,171959052,268,16.408163,34,326.153,96.043,255,8
1778396944871299,171969010,260,15.918367,34,326.962,93.251,255,8
1778396944871726,171978984,252,15.428572,34,327.747,90.453,255,8
1778396944873666,171988934,245,15.000000,34,328.415,87.998,255,8
1778396944888040,171998906,237,14.510203,34,329.155,85.188,255,8
1778396944894789,172008856,229,14.020408,34,329.871,82.371,255,8
1778396944906924,172018837,221,13.530613,33,320.841,77.208,255,8
1778396944950539,172028786,213,13.040815,33,321.489,74.463,255,8
1778396944951073,172038761,205,12.551021,34,331.875,73.885,255,8
1778396944951541,172048709,198,12.122449,35,342.195,73.501,255,8
1778396944952016,172058694,190,11.632653,36,352.606,72.589,255,8
1778396944952797,172068648,182,11.142858,35,343.402,67.640,255,8
1778396944967887,172078624,174,10.653061,34,334.140,62.853,255,8
1778396945008626,172088574,166,10.163265,35,344.508,61.759,255,8
1778396945009139,172098556,159,9.734694,34,335.104,57.489,255,8
1778396945009590,172108513,152,9.306123,35,345.393,56.598,255,8
1778396945009994,172118492,148,9.061224,39,385.133,61.421,255,8
1778396945012246,172128446,146,8.938775,40,395.142,62.152,255,8
1778396945027662,172138426,145,8.877551,40,395.208,61.729,255,8
1778396945034496,172148372,145,8.877551,40,395.208,61.729,255,8
1778396945083308,172158359,145,8.877551,40,395.208,61.729,255,8
1778396945083772,172168314,145,8.877551,40,395.208,61.729,255,8
1778396945084214,172178287,145,8.877551,40,395.208,61.729,255,8
1778396945084669,172188247,145,8.877551,40,395.208,61.729,255,8
1778396945085122,172198219,145,8.877551,40,395.208,61.729,255,8
1778396945132182,172208165,145,8.877551,39,385.328,60.186,255,8
1778396945132926,172218138,146,8.938775,36,355.628,55.936,255,8
1778396945133497,172228091,147,9.000000,38,375.322,59.445,255,8
1778396945134114,172238064,147,9.000000,38,375.322,59.445,255,8
1778396945134645,172248015,147,9.000000,37,365.445,57.881,255,8
1778396945149217,172257986,147,9.000000,37,365.445,57.881,255,8
1778396945150984,172267937,147,9.000000,37,365.445,57.881,255,8
1778396945192931,172277916,147,9.000000,37,365.445,57.881,255,8
1778396945193590,172287868,147,9.000000,37,365.445,57.881,255,8
1778396945194199,172297849,147,9.000000,37,365.445,57.881,255,8
1778396945194623,172307800,147,9.000000,37,365.445,57.881,255,8
1778396945207178,172317770,147,9.000000,37,365.445,57.881,255,8
1778396945244826,172327729,147,9.000000,37,365.445,57.881,255,8
1778396945245470,172337708,147,9.000000,37,365.445,57.881,255,8
1778396945246033,172347660,147,9.000000,37,365.445,57.881,255,8
1778396945246522,172357641,147,9.000000,37,365.445,57.881,255,8
1778396945260117,172367595,147,9.000000,37,365.445,57.881,255,8
1778396945260614,172377571,147,9.000000,37,365.445,57.881,255,8
1778396945269986,172387525,147,9.000000,37,365.445,57.881,255,8
1778396945311904,172397505,147,9.000000,36,355.568,56.316,255,8
1778396945312637,172407457,147,9.000000,37,365.445,57.881,255,8
1778396945313308,172417441,147,9.000000,36,355.568,56.316,255,8
1778396945313707,172427398,147,9.000000,35,345.691,54.752,255,8
1778396945328193,172437376,147,9.000000,36,355.568,56.316,255,8
1778396945329329,172447330,147,9.000000,36,355.568,56.316,255,8
1778396945369649,172457311,147,9.000000,36,355.568,56.316,255,8
1778396945370517,172467259,147,9.000000,36,355.568,56.316,255,8
1778396945371176,172477235,147,9.000000,36,355.568,56.316,255,8
1778396945371944,172487187,148,9.061224,36,355.507,56.696,255,8
1778396945385169,172497164,149,9.122449,36,355.447,57.076,255,8
1778396945422236,172507120,152,9.306123,37,365.130,59.832,255,8
1778396945422641,172517102,155,9.489796,38,374.800,62.651,255,8
1778396945422999,172527052,159,9.734694,38,374.528,64.253,255,8
1778396945423480,172537031,163,9.979591,38,374.250,65.853,255,8
1778396945437081,172546982,167,10.224489,38,373.966,67.452,255,8
1778396945438302,172556960,171,10.469388,38,373.674,69.050,255,8
1778396945474658,172566914,175,10.714286,39,383.201,72.506,255,8
1778396945475113,172576891,179,10.959184,39,382.888,74.143,255,8
1778396945475481,172586850,184,11.265306,39,382.486,76.187,255,8
1778396945489330,172596828,189,11.571429,39,382.073,78.230,255,8
1778396945489889,172606786,193,11.816327,39,381.736,79.862,255,8
1778396945497832,172616764,198,12.122449,39,381.303,81.901,255,8
1778396945507803,172626719,203,12.428572,38,371.095,81.784,255,8
1778396945560123,172636699,208,12.734694,38,370.652,83.766,255,8
1778396945560583,172646649,213,13.040815,38,370.200,85.745,255,8
1778396945561041,172656641,218,13.346939,38,369.736,87.722,255,8
1778396945561464,172666594,223,13.653061,38,369.262,89.696,255,8
1778396945561865,172676581,228,13.959184,38,368.778,91.668,255,8
1778396945575887,172686541,233,14.265306,38,368.283,93.637,255,8
1778396945577036,172696527,238,14.571429,38,367.777,95.603,255,8
1778396945615632,172706476,243,14.877551,38,367.261,97.567,255,8
1778396945616157,172716465,249,15.244898,38,366.628,99.919,255,8
1778396945616632,172726413,254,15.551020,38,366.089,101.877,255,8
1778396945616965,172736404,259,15.857143,38,365.539,103.831,255,8
1778396945630729,172746353,265,16.224489,38,364.866,106.173,255,8
1778396945668892,172756333,270,16.530613,38,364.294,108.120,255,8
1778396945669303,172766287,276,16.897961,38,363.593,110.454,255,8
1778396945669751,172776264,281,17.204082,38,362.998,112.395,255,8
1778396945670203,172786218,287,17.571428,38,362.270,114.720,255,8
1778396945683176,172796198,292,17.877550,38,361.652,116.654,255,8
1778396945695156,172806146,298,18.244898,37,351.399,115.839,255,8
1778396945695917,172816127,304,18.612246,37,350.649,118.090,255,8
1778396945741052,172826093,309,18.918367,37,350.013,119.962,255,8
1778396945741608,172836072,315,19.285715,37,349.237,122.203,255,8
1778396945742185,172846022,321,19.653061,37,348.446,124.440,255,8
1778396945742528,172856010,327,20.020409,37,347.641,126.671,255,8
1778396945755606,172865963,333,20.387754,37,346.822,128.898,255,8
1778396945756050,172875951,338,20.693876,38,355.483,134.282,255,8
1778396945819837,172885904,345,21.122450,38,354.469,136.938,255,8
1778396945820536,172895879,351,21.489796,39,362.888,142.871,255,8
1778396945821029,172905842,357,21.857143,38,352.684,141.472,255,8
1778396945821491,172915817,363,22.224491,38,351.769,143.730,255,8
1778396945822091,172925774,369,22.591837,38,350.841,145.982,255,8
1778396945822546,172935753,375,22.959183,38,349.898,148.229,255,8
1778396945836538,172945710,381,23.326530,38,348.940,150.469,255,8
1778396945837051,172955691,388,23.755102,38,347.805,153.075,255,8
1778396945844633,172965647,394,24.122450,38,346.816,155.301,255,8
1778396945887326,172975626,401,24.551022,37,336.549,153.736,255,8
1778396945888127,172985590,407,24.918367,38,344.625,160.104,255,8
1778396945888892,172995557,413,25.285715,37,334.550,158.039,255,8
1778396945889627,173005508,420,25.714287,37,333.358,160.537,255,8
1778396945902908,173015487,427,26.142859,37,332.148,163.026,255,8
1778396945903981,173025442,433,26.510202,37,331.096,165.152,255,8
1778396945942170,173035426,440,26.938774,37,329.852,167.624,255,8
1778396945942959,173045380,447,27.367346,37,328.589,170.087,255,8
1778396945943516,173055353,453,27.734694,36,318.640,167.536,255,8
1778396945943993,173065304,460,28.163265,36,317.378,169.915,255,8
1778396945957746,173075286,467,28.591835,37,324.879,177.070,255,8
1778396945996482,173085247,474,29.020407,37,323.545,179.495,255,8
1778396945996922,173095228,481,29.448978,36,313.486,176.993,255,8
1778396945997325,173105178,487,29.816326,36,312.345,179.000,255,8
1778396945997694,173115155,495,30.306122,34,293.536,171.571,255,8
1778396946010713,173125109,502,30.734694,37,318.031,189.093,255,8
1778396946012982,173135086,509,31.163263,37,316.608,191.467,255,8
1778396946029090,173145042,516,31.591835,39,332.203,204.307,255,8
1778396946064814,173155010,523,32.020409,38,322.187,201.484,255,8
1778396946065269,173164961,530,32.448978,38,320.670,203.888,255,8
1778396946065683,173174937,538,32.938778,38,318.916,206.622,255,8
1778396946066091,173184879,545,33.367348,38,317.361,209.002,255,8
1778396946080344,173194855,553,33.857143,38,315.563,211.707,255,8
1778396946082304,173204794,560,34.285713,38,313.971,214.062,255,8
1778396946120254,173214777,568,34.775509,39,320.343,222.441,255,8
1778396946120872,173224727,575,35.204082,40,326.842,230.596,255,8
1778396946121306,173234703,583,35.693878,40,324.858,233.382,255,8
1778396946121940,173244655,591,36.183674,40,322.851,236.150,255,8
1778396946135696,173254630,598,36.612244,40,321.076,238.559,255,8
1778396946178579,173264576,606,37.102039,40,319.025,241.295,255,8
1778396946179329,173274550,614,37.591839,39,309.027,237.913,255,8
1778396946179990,173284499,622,38.081635,39,306.982,240.546,255,8
1778396946180698,173294472,630,38.571430,39,304.914,243.161,255,8
1778396946181367,173304419,638,39.061226,39,302.824,245.759,255,8
1778396946195609,173314399,646,39.551022,39,300.713,248.338,255,8
1778396946234440,173324351,654,40.040817,39,298.579,250.900,255,8
1778396946234951,173334321,662,40.530609,39,296.423,253.443,255,8
1778396946235377,173344277,670,41.020409,38,286.701,249.405,255,8
1778396946235859,173354258,679,41.571430,38,284.289,252.150,255,8
1778396946249495,173364211,687,42.061226,37,274.699,247.872,255,8
1778396946250734,173374189,695,42.551022,37,272.570,250.211,255,8
1778396946267297,173384148,703,43.040813,38,277.730,259.357,255,8
1778396946307341,173394129,712,43.591839,38,275.223,262.016,255,8
1778396946308144,173404086,720,44.081635,39,280.156,271.316,255,8
1778396946308714,173414069,729,44.632652,39,277.534,273.998,255,8
1778396946309273,173424025,737,45.122448,39,275.182,276.360,255,8
1778396946310256,173434008,746,45.673470,39,272.511,278.994,255,8
1778396946325826,173443964,755,46.224487,39,269.816,281.602,255,8
1778396946373567,173453937,763,46.714287,39,267.398,283.898,255,8
1778396946374095,173463902,772,47.265308,38,257.870,279.111,255,8
1778396946374503,173473884,781,47.816326,39,261.889,288.988,255,8
1778396946374929,173483840,789,48.306122,39,259.409,291.217,255,8
1778396946375363,173493820,798,48.857147,38,250.017,286.167,255,8
1778396946390586,173503770,807,49.408161,38,247.253,288.558,255,8
1778396946391220,173513745,815,49.897961,38,244.777,290.661,255,8
1778396946399407,173523697,824,50.448978,37,235.603,285.291,255,8
1778396946458171,173533676,833,51.000000,36,226.555,279.773,255,8
1778396946458708,173543620,841,51.489799,36,224.155,281.699,255,8
1778396946459197,173553598,850,52.040813,37,227.587,291.726,255,8
1778396946459731,173563550,859,52.591839,36,218.696,285.958,255,8
1778396946460217,173573526,867,53.081635,36,216.244,287.817,255,8
1778396946460735,173583473,876,53.632652,36,213.466,289.883,255,8
1778396946477749,173593451,885,54.183674,37,216.520,300.032,255,8
1778396946478659,173603403,893,54.673466,37,213.947,301.872,255,8
1778396946530599,173613378,902,55.224491,37,211.034,303.915,255,8
1778396946531163,173623324,911,55.775513,37,208.102,305.931,255,8
1778396946531670,173633301,919,56.265305,37,205.479,307.699,255,8
1778396946532225,173643248,928,56.816326,37,202.510,309.661,255,8
1778396946532755,173653227,937,57.367348,37,199.523,311.594,255,8
1778396946548407,173663174,946,57.918365,36,191.206,305.025,255,8
1778396946548964,173673147,954,58.408165,36,188.591,306.649,255,8
1778396946601541,173683093,963,58.959183,36,185.633,308.448,255,8
1778396946602171,173693068,972,59.510204,37,187.732,318.836,255,8
1778396946602665,173703020,980,60.000000,37,185.000,320.429,255,8
1778396946603058,173713000,989,60.551018,36,176.993,313.486,255,8
1778396946603508,173722956,998,61.102039,35,169.138,306.419,255,8
1778396946619026,173732935,1006,61.591839,35,166.512,307.853,255,8
1778396946619494,173742885,1015,62.142857,35,163.544,309.440,255,8
1778396946672807,173752859,1024,62.693878,35,160.561,310.999,255,8
1778396946673360,173762811,1032,63.183670,35,157.896,312.360,255,8
1778396946673907,173772790,1041,63.734695,34,150.460,304.897,255,8
1778396946674437,173782742,1050,64.285713,35,151.859,315.339,255,8
1778396946674978,173792715,1058,64.775505,35,149.158,316.626,255,8
1778396946676849,173802667,1067,65.326530,34,141.932,308.959,255,8
1778396946693917,173812640,1076,65.877556,32,130.780,292.056,255,8
1778396946750647,173822594,1084,66.367348,29,116.253,265.679,255,8
1778396946751162,173832569,1093,66.918365,30,117.613,275.984,255,8
1778396946751685,173842524,1101,67.408157,33,126.774,304.677,255,8
1778396946752216,173852505,1110,67.959183,34,127.591,315.152,255,8
1778396946752718,173862449,1119,68.510208,35,128.217,325.669,255,8
1778396946753213,173872431,1127,69.000000,35,125.429,326.753,255,8
1778396946769917,173882373,1136,69.551018,35,122.281,327.944,255,8
1778396946770507,173892359,1145,70.102043,35,119.121,329.105,255,8
1778396946777120,173902314,1153,70.591835,35,116.303,330.111,255,8
1778396946833402,173912289,1162,71.142860,34,109.891,321.751,255,8
1778396946834042,173922247,1171,71.693878,34,106.792,322.793,255,8
1778396946834568,173932220,1180,72.244896,34,103.683,323.805,255,8
1778396946835101,173942179,1189,72.795921,34,100.564,324.787,255,8
1778396946835515,173952158,1197,73.285713,34,97.784,325.635,255,8
1778396946835913,173962106,1206,73.836739,34,94.648,326.561,255,8
1778396946851520,173972078,1215,74.387756,34,91.503,327.456,255,8
1778396946899508,173982027,1223,74.877548,34,88.700,328.226,255,8
1778396946900075,173992005,1232,75.428574,34,85.539,329.064,255,8
1778396946900679,174001954,1241,75.979591,34,82.371,329.871,255,8
1778396946901168,174011935,1249,76.469391,34,79.548,330.563,255,8
1778396946901678,174021885,1258,77.020409,34,76.365,331.313,255,8
1778396946917305,174031868,1267,77.571426,34,73.176,332.032,255,8
1778396946917812,174041822,1275,78.061226,34,70.335,332.646,255,8
1778396946963736,174051805,1284,78.612244,34,67.132,333.307,255,8
1778396946964350,174061758,1293,79.163261,34,63.924,333.937,255,8
1778396946964862,174071736,1302,79.714287,34,60.709,334.536,255,8
1778396946965238,174081691,1310,80.204079,34,57.847,335.043,255,8
1778396946965645,174091667,1319,80.755104,34,54.623,335.584,255,8
1778396946982129,174101623,1328,81.306122,34,51.393,336.093,255,8
1778396947025617,174111603,1336,81.795914,34,48.518,336.520,255,8
1778396947026254,174121558,1345,82.346939,34,45.279,336.971,255,8
1778396947026700,174131537,1354,82.897964,34,42.036,337.391,255,8
1778396947027121,174141493,1362,83.387756,34,39.151,337.738,255,8
1778396947027565,174151477,1371,83.938774,34,35.901,338.099,255,8
1778396947043246,174161434,1380,84.489799,34,32.648,338.429,255,8
1778396947043676,174171419,1389,85.040817,34,29.392,338.727,255,8
1778396947057017,174181373,1397,85.530617,34,26.495,338.966,255,8
1778396947063219,174191354,1406,86.081627,34,23.234,339.205,255,8
1778396947111621,174201309,1414,86.571426,34,20.333,339.391,255,8
1778396947112161,174211294,1423,87.122452,33,16.567,329.584,255,8
1778396947112601,174221247,1432,87.673470,34,13.802,339.720,255,8
1778396947113062,174231226,1441,88.224487,34,10.534,339.837,255,8
1778396947113599,174241176,1449,88.714287,34,7.629,339.914,255,8
1778396947127829,174251155,1458,89.265305,35,4.488,349.971,255,8
1778396947166904,174261106,1467,89.816330,35,1.122,349.998,255,8
1778396947167317,174271086,1475,90.306129,35,-1.870,349.995,255,8
1778396947167748,174281040,1484,90.857147,35,-5.236,349.961,255,8
1778396947168088,174291022,1493,91.408157,35,-8.601,349.894,255,8
1778396947183453,174300978,1502,91.959183,35,-11.966,349.795,255,8
1778396947183951,174310955,1510,92.448975,35,-14.955,349.680,255,8
1778396947195448,174320906,1519,93.000000,35,-18.318,349.520,255,8
1778396947233512,174330889,1528,93.551018,35,-21.678,349.328,255,8
1778396947234038,174340846,1537,94.102043,35,-25.037,349.103,255,8
1778396947234502,174350833,1545,94.591835,34,-27.219,338.909,255,8
1778396947234884,174360791,1554,95.142860,35,-31.374,348.591,255,8
1778396947278993,174370774,1563,95.693878,35,-34.725,348.273,255,8
1778396947279515,174380725,1571,96.183670,35,-37.701,347.964,255,8
1778396947279915,174390711,1580,96.734695,35,-41.045,347.585,255,8
1778396947280343,174400662,1589,97.285713,35,-44.386,347.174,255,8
1778396947281160,174410645,1598,97.836739,35,-47.723,346.731,255,8
1778396947295081,174420600,1606,98.326530,35,-50.685,346.311,255,8
1778396947335658,174430584,1615,98.877556,35,-54.013,345.807,255,8
1778396947336295,174440539,1624,99.428574,35,-57.336,345.272,255,8
1778396947337044,174450520,1633,99.979591,35,-60.654,344.704,255,8
1778396947337587,174460472,1641,100.469391,35,-63.599,344.173,255,8
1778396947352109,174470453,1650,101.020401,35,-66.905,343.546,255,8
1778396947352617,174480402,1659,101.571426,35,-70.206,342.886,255,8
1778396947392107,174490380,1667,102.061226,35,-73.135,342.274,255,8
1778396947392861,174500333,1676,102.612244,35,-76.423,341.555,255,8
1778396947393328,174510316,1685,103.163261,35,-79.704,340.804,255,8
1778396947393779,174520267,1693,103.653069,35,-82.615,340.110,255,8
1778396947441919,174530246,1702,104.204079,35,-85.882,339.300,255,8
1778396947442345,174540197,1711,104.755096,35,-89.141,338.458,255,8
1778396947442918,174550178,1719,105.244896,35,-92.031,337.684,255,8
1778396947443400,174560136,1728,105.795914,35,-95.274,336.783,255,8
1778396947443886,174570118,1737,106.346939,35,-98.509,335.851,255,8
1778396947459136,174580076,1745,106.836731,35,-101.376,334.997,255,8
1778396947459658,174590060,1754,107.387756,35,-104.593,334.006,255,8
1778396947476741,174600014,1763,107.938774,35,-107.800,332.985,255,8
1778396947482719,174610003,1771,108.428566,35,-110.643,332.051,255,8
1778396947529142,174619954,1780,108.979591,35,-113.831,330.972,255,8
1778396947529634,174629939,1789,109.530609,35,-117.009,329.862,255,8
1778396947530074,174639891,1797,110.020409,35,-119.824,328.850,255,8
1778396947530502,174649871,1806,110.571426,35,-122.981,327.682,255,8
1778396947530856,174659830,1815,111.122452,35,-126.127,326.484,255,8
1778396947544950,174669809,1823,111.612244,35,-128.913,325.394,255,8
1778396947592614,174679762,1832,112.163261,35,-132.036,324.139,255,8
1778396947593136,174689743,1841,112.714287,35,-135.148,322.855,255,8
1778396947593588,174699697,1850,113.265312,35,-138.246,321.540,255,8
1778396947594394,174709677,1858,113.755104,35,-140.990,320.346,255,8
1778396947595230,174719636,1867,114.306122,35,-144.064,318.976,255,8
1778396947612080,174729618,1876,114.857147,35,-147.125,317.576,255,8
1778396947612807,174739574,1885,115.408157,35,-150.172,316.146,255,8
1778396947640174,174749548,1893,115.897964,35,-152.869,314.851,255,8
1778396947640786,174759511,1902,116.448982,35,-155.890,313.366,255,8
1778396947641357,174769488,1911,116.999992,35,-158.897,311.852,255,8
1778396947688999,174779444,1919,117.489799,35,-161.557,310.483,255,8
1778396947689561,174789429,1928,118.040825,36,-169.236,317.741,255,8
1778396947689960,174799385,1937,118.591835,35,-167.498,307.318,255,8
1778396947690510,174809367,1946,119.142853,35,-170.446,305.693,255,8
1778396947690977,174819321,1954,119.632645,35,-173.053,304.225,255,8
1778396947708127,174829309,1963,120.183670,36,-180.998,311.191,255,8
1778396947708585,174839262,1972,120.734695,36,-183.983,309.435,255,8
1778396947762770,174849245,1981,121.285713,36,-186.950,307.652,255,8
1778396947763365,174859210,1989,121.775505,36,-189.573,306.042,255,8
1778396947764066,174869195,1998,122.326530,36,-192.508,304.205,255,8
1778396947764598,174879155,2007,122.877556,36,-195.424,302.340,255,8
1778396947765170,174889142,2016,123.428574,36,-198.323,300.446,255,8
1778396947766721,174899102,2025,123.979599,36,-201.203,298.525,255,8
1778396947781590,174909083,2033,124.469391,36,-203.748,296.794,255,8
1778396947824630,174919035,2042,125.020409,36,-206.593,294.821,255,8
1778396947825137,174929032,2051,125.571426,36,-209.418,292.821,255,8
1778396947825590,174938997,2059,126.061226,36,-211.914,291.020,255,8
1778396947826019,174948983,2068,126.612251,36,-214.703,288.968,255,8
1778396947826494,174958943,2077,127.163261,36,-217.472,286.890,255,8
1778396947841609,174968938,2085,127.653061,36,-219.916,285.021,255,8
1778396947848333,174978901,2094,128.204071,37,-228.832,290.751,255,8
1778396947861198,174988889,2103,128.755096,37,-231.617,288.537,255,8
1778396947910663,174998850,2112,129.306122,37,-234.382,286.296,255,8
1778396947911288,175008832,2120,129.795914,37,-236.820,284.282,255,8
1778396947911859,175018787,2129,130.346939,37,-239.543,281.991,255,8
1778396947912344,175028772,2138,130.897964,37,-242.244,279.674,255,8
1778396947912729,175038730,2146,131.387756,37,-244.626,277.593,255,8
1778396947927682,175048712,2155,131.938766,37,-247.284,275.228,255,8
1778396947928278,175058668,2164,132.489792,37,-249.920,272.837,255,8
1778396947971887,175068653,2172,132.979584,37,-252.243,270.691,255,8
1778396947972532,175078605,2181,133.530609,37,-254.835,268.252,255,8
1778396947973109,175088591,2189,134.020401,37,-257.118,266.064,255,8
1778396947973576,175098544,2198,134.571426,37,-259.665,263.579,255,8
1778396947974928,175108524,2207,135.122452,37,-262.188,261.070,255,8
1778396947989573,175118480,2215,135.612244,37,-264.410,258.819,255,8
1778396947996728,175128459,2224,136.163269,37,-266.887,256.264,255,8
1778396948040892,175138413,2232,136.653061,37,-269.068,253.973,255,8
1778396948041419,175148393,2241,137.204071,37,-271.498,251.374,255,8
1778396948041781,175158351,2249,137.693878,37,-273.637,249.044,255,8
1778396948042174,175168330,2258,138.244888,37,-276.019,246.401,255,8
1778396948044159,175178285,2266,138.734695,37,-278.116,244.032,255,8
1778396948059415,175188259,2275,139.285721,37,-280.450,241.346,255,8
1778396948097951,175198218,2283,139.775513,37,-282.502,238.940,255,8
1778396948098485,175208198,2291,140.265305,37,-284.535,236.516,255,8
1778396948098940,175218153,2300,140.816330,38,-294.547,240.087,255,8
1778396948099327,175228136,2308,141.306122,38,-296.589,237.561,255,8
1778396948113464,175238092,2317,141.857147,38,-298.860,234.697,255,8
1778396948113940,175248073,2325,142.346939,38,-300.855,232.134,255,8
1778396948156148,175258029,2333,142.836746,38,-302.829,229.553,255,8
1778396948156773,175268015,2341,143.326538,37,-296.759,220.984,255,8
1778396948157286,175277967,2350,143.877548,38,-306.948,224.015,255,8
1778396948157671,175287947,2358,144.367340,38,-308.852,221.383,255,8
1778396948173496,175297901,2367,144.918365,37,-302.784,212.655,255,8
1778396948174061,175307881,2375,145.408157,36,-296.358,204.382,255,8
1778396948185785,175317833,2383,145.897949,36,-298.094,201.841,255,8
1778396948222954,175327818,2391,146.387756,35,-291.481,193.749,255,8
1778396948223762,175337773,2400,146.938782,35,-293.331,190.937,255,8
1778396948224443,175347755,2408,147.428574,34,-286.525,183.039,255,8
1778396948225314,175357709,2416,147.918365,34,-288.079,180.583,255,8
1778396948240022,175367686,2424,148.408157,33,-281.095,172.875,255,8
1778396948284419,175377643,2433,148.959183,31,-265.608,159.851,255,8
1778396948285192,175387622,2441,149.448990,30,-258.353,152.492,255,8
1778396948285723,175397575,2449,149.938782,29,-250.992,145.268,255,8
1778396948286198,175407554,2457,150.428574,28,-243.528,138.182,255,8
1778396948286589,175417505,2465,150.918365,28,-244.700,136.095,255,8
1778396948300527,175427479,2474,151.469391,30,-263.569,143.288,255,8
1778396948301696,175437426,2482,151.959183,30,-264.784,141.030,255,8
1778396948338575,175447400,2490,152.448975,30,-265.980,138.762,255,8
1778396948339069,175457337,2498,152.938782,30,-267.156,136.483,255,8
1778396948339524,175467314,2506,153.428574,32,-286.201,143.140,255,8
1778396948353634,175477263,2515,153.979584,31,-278.578,135.994,255,8
1778396948354081,175487237,2523,154.469376,33,-297.777,142.228,255,8
1778396948400155,175497185,2531,154.959183,34,-308.042,143.910,255,8
1778396948400719,175507162,2539,155.448975,35,-318.357,145.426,255,8
1778396948401248,175517117,2547,155.938766,35,-319.589,142.699,255,8
1778396948401680,175527092,2555,156.428574,34,-311.631,135.963,255,8
1778396948402139,175537042,2563,156.918365,34,-312.782,133.294,255,8
1778396948419170,175547018,2572,157.469391,35,-323.286,134.112,255,8
1778396948420637,175556970,2580,157.959183,36,-333.690,135.096,255,8
1778396948475826,175566947,2588,158.448975,34,-316.231,124.892,255,8
1778396948476473,175576898,2596,158.938782,35,-326.619,125.778,255,8
1778396948476973,175586876,2604,159.428574,36,-337.045,126.495,255,8
1778396948477520,175596829,2612,159.918365,36,-338.114,123.609,255,8
1778396948477990,175606810,2620,160.408157,34,-320.316,114.008,255,8
1778396948480067,175616762,2629,160.959183,34,-321.397,110.922,255,8
1778396948495055,175626735,2637,161.448990,34,-322.334,108.171,255,8
1778396948561401,175636685,2645,161.938782,34,-323.247,105.411,255,8
1778396948562202,175646661,2653,162.428574,34,-324.136,102.644,255,8
1778396948563081,175656609,2661,162.918365,35,-334.561,102.807,255,8
1778396948563759,175666587,2669,163.408173,34,-325.844,97.088,255,8
1778396948564442,175676548,2677,163.897964,35,-336.269,97.072,255,8
1778396948565048,175686527,2685,164.387756,31,-298.563,83.429,255,8
1778396948565568,175696483,2692,164.816330,31,-299.178,81.193,255,8
1778396948581236,175706459,2700,165.306122,30,-290.188,76.096,255,8
1778396948581896,175716412,2708,165.795929,31,-300.523,76.067,255,8
1778396948634654,175726386,2716,166.285721,33,-320.592,78.236,255,8
1778396948635275,175736341,2724,166.775513,33,-321.249,75.493,255,8
1778396948635790,175746315,2732,167.265305,33,-321.882,72.744,255,8
1778396948636238,175756269,2740,167.755112,32,-312.720,67.869,255,8
1778396948636782,175766248,2748,168.244904,32,-313.289,65.193,255,8
1778396948638520,175776199,2755,168.673477,34,-333.378,66.776,255,8
1778396948652196,175786180,2763,169.163269,34,-333.937,63.924,255,8
1778396948792310,175796129,2771,169.653061,34,-334.471,61.067,255,8
1778396948792884,175806106,2779,170.142853,32,-315.276,54.782,255,8
1778396948793456,175816060,2787,170.632660,31,-305.866,50.457,255,8
1778396948794049,175826040,2795,171.122452,31,-306.286,47.840,255,8
1778396948794605,175835988,2802,171.551025,31,-306.636,45.548,255,8
1778396948795060,175845968,2810,172.040817,32,-316.917,44.310,255,8
1778396948795711,175855913,2818,172.530609,33,-327.200,42.899,255,8
1778396948796402,175865891,2825,172.959183,33,-327.511,40.450,255,8
1778396948797053,175875838,2833,173.448990,32,-317.911,36.508,255,8
1778396948797580,175885808,2841,173.938782,31,-308.267,32.733,255,8
1778396948798035,175895762,2849,174.428574,30,-298.583,29.126,255,8
1778396948798465,175905737,2856,174.857147,30,-298.792,26.892,255,8
1778396948798888,175915687,2864,175.346939,29,-289.044,23.525,255,8
1778396948799332,175925659,2872,175.836746,28,-279.261,20.328,255,8
1778396948799779,175935603,2879,176.265305,28,-279.405,18.238,255,8
