host_rx_time_us,t_sample_us,angle_tick,angle_deg,distance_cm,x_mm,y_mm,quality,status
1778399140812089,72348026,70,4.285714,28,279.217,20.924,255,8
1778399140812583,78417684,641,39.244896,37,286.546,234.075,255,8
1778399140813055,78427669,634,38.816326,36,280.497,225.657,255,8
1778399140813545,78437624,628,38.448982,36,281.938,223.854,255,8
1778399140814028,78447609,621,38.020409,36,283.605,221.739,255,8
1778399140814501,78457565,615,37.653061,36,285.021,219.916,255,8
1778399140814918,78467541,608,37.224491,36,286.658,217.778,255,8
1778399140815411,78477497,602,36.857143,36,288.048,215.936,255,8
1778399140816025,78487488,595,36.428574,36,289.655,213.775,255,8
1778399140816416,78497443,589,36.061226,36,291.020,211.914,255,8
1778399140816823,78507433,583,35.693878,36,292.373,210.044,255,8
1778399140817229,78517388,576,35.265305,36,293.935,207.851,255,8
1778399140817580,78527373,570,34.897957,36,295.262,205.962,255,8
1778399140817982,78537324,564,34.530613,36,296.576,204.065,255,8
1778399140818365,78547315,557,34.102039,36,298.095,201.841,255,8
1778399140818739,78557270,551,33.734692,36,299.382,199.925,255,8
1778399140819180,78567254,544,33.306122,36,300.870,197.680,255,8
1778399140875031,78577211,538,32.938778,36,302.131,195.747,255,8
1778399140875516,78587195,532,32.571430,36,303.380,193.806,255,8
1778399140875962,78597154,526,32.204082,36,304.616,191.857,255,8
1778399140876400,78607139,520,31.836735,36,305.840,189.900,255,8
1778399140876781,78617090,514,31.469387,36,307.051,187.935,255,8
1778399140878346,78627071,509,31.163263,36,308.051,186.292,255,8
1778399140899861,78637026,503,30.795919,36,309.239,184.313,255,8
1778399140900495,78647014,498,30.489796,36,310.219,182.659,255,8
1778399140950032,78656970,492,30.122450,36,311.384,180.666,255,8
1778399140950529,78666956,486,29.755102,36,312.536,178.666,255,8
1778399140950974,78676913,481,29.448978,36,313.486,176.993,255,8
1778399140951348,78686897,476,29.142859,36,314.427,175.316,255,8
1778399140951757,78696855,470,28.775511,36,315.545,173.296,255,8
1778399140961181,78706838,465,28.469387,36,316.466,171.608,255,8
1778399140975687,78716791,459,28.102039,36,317.560,169.576,255,8
1778399140977452,78726771,454,27.795918,36,318.461,167.876,255,8
1778399141019784,78736731,449,27.489796,36,319.354,166.173,255,8
1778399141020237,78746714,444,27.183674,36,320.237,164.464,255,8
1778399141020671,78756673,438,26.816326,36,321.285,162.407,255,8
1778399141021054,78766663,433,26.510202,36,322.148,160.689,255,8
1778399141040871,78776618,428,26.204082,36,323.002,158.965,255,8
1778399141041424,78786604,423,25.897959,36,323.846,157.237,255,8
1778399141053726,78796561,417,25.530611,36,324.848,155.158,255,8
1778399141060724,78806546,412,25.224489,36,325.672,153.420,255,8
1778399141072529,78816500,407,24.918367,36,326.487,151.678,255,8
1778399141087941,78826485,402,24.612246,36,327.293,149.931,255,8
1778399141088358,78836444,397,24.306122,36,328.089,148.180,255,8
1778399141100350,78846424,392,24.000002,36,328.876,146.425,255,8
1778399141112712,78856383,387,23.693878,36,329.654,144.666,255,8
1778399141126138,78866368,382,23.387754,36,330.422,142.903,255,8
1778399141126556,78876326,377,23.081631,36,331.181,141.135,255,8
1778399141135923,78886310,373,22.836735,35,322.565,135.837,255,8
1778399141148076,78896264,369,22.591837,36,332.375,138.299,255,8
1778399141155810,78906248,365,22.346939,36,332.963,136.877,255,8
1778399141166407,78916207,360,22.040817,35,324.421,131.343,255,8
1778399141188071,78926188,356,21.795919,35,324.979,129.956,255,8
1778399141188542,78936142,352,21.551022,35,325.532,128.565,255,8
1778399141201829,78946119,347,21.244898,35,326.214,126.824,255,8
1778399141214963,78956071,343,21.000000,35,326.753,125.429,255,8
1778399141215428,78966060,339,20.755102,35,327.286,124.031,255,8
1778399141232323,78976016,335,20.510204,35,327.813,122.631,255,8
1778399141245221,78986000,331,20.265305,35,328.335,121.229,255,8
1778399141245795,78995959,327,20.020409,35,328.850,119.824,255,8
1778399141262768,79005946,323,19.775511,35,329.359,118.418,255,8
1778399141266870,79015901,319,19.530613,35,329.862,117.009,255,8
1778399141275785,79025893,315,19.285715,35,330.359,115.598,255,8
1778399141288622,79035845,311,19.040817,35,330.850,114.185,255,8
1778399141295169,79045825,307,18.795919,35,331.335,112.769,255,8
1778399141306201,79055784,303,18.551020,35,331.814,111.352,255,8
1778399141317186,79065765,299,18.306122,35,332.287,109.933,255,8
1778399141329979,79075714,295,18.061224,35,332.754,108.512,255,8
1778399141343776,79085698,291,17.816326,35,333.215,107.088,255,8
1778399141344220,79095657,288,17.632652,35,333.556,106.020,255,8
1778399141356330,79105638,285,17.448978,35,333.895,104.950,255,8
1778399141366388,79115598,285,17.448978,33,314.815,98.953,255,8
1778399141379360,79125583,285,17.448978,32,305.275,95.954,255,8
1778399141386113,79135545,285,17.448978,32,305.275,95.954,255,8
1778399141397494,79145532,285,17.448978,32,305.275,95.954,255,8
1778399141403680,79155493,285,17.448978,32,305.275,95.954,255,8
1778399141421808,79165481,286,17.510204,33,314.709,99.289,255,8
1778399141423266,79175443,289,17.693876,33,314.389,100.297,255,8
1778399141436811,79185426,292,17.877550,33,314.066,101.305,255,8
1778399141443433,79195390,296,18.122448,33,313.630,102.646,255,8
1778399141456887,79205374,300,18.367348,33,313.188,103.986,255,8
1778399141468201,79215334,304,18.612246,33,312.741,105.323,255,8
1778399141482616,79225320,308,18.857143,33,312.288,106.659,255,8
1778399141483136,79235276,312,19.102041,33,311.829,107.993,255,8
1778399141494696,79245263,315,19.285715,33,311.481,108.992,255,8
1778399141514115,79255220,320,19.591837,33,310.895,110.655,255,8
1778399141514626,79265205,324,19.836735,33,310.419,111.983,255,8
1778399141529941,79275161,328,20.081633,33,309.937,113.308,255,8
1778399141536514,79285143,332,20.326530,33,309.450,114.632,255,8
1778399141549539,79295108,337,20.632652,33,308.833,116.284,255,8
1778399141563242,79305094,341,20.877550,33,308.334,117.603,255,8
1778399141563771,79315058,346,21.183674,33,307.701,119.248,255,8
1778399141579379,79325044,350,21.428572,33,307.188,120.563,255,8
1778399141584500,79335009,355,21.734694,33,306.540,122.202,255,8
1778399141597813,79344997,360,22.040817,33,305.883,123.838,255,8
1778399141609987,79354958,365,22.346939,33,305.217,125.471,255,8
1778399141611537,79364941,369,22.591837,33,304.677,126.774,255,8
1778399141627271,79374895,374,22.897959,33,303.996,128.400,255,8
1778399141638828,79384878,379,23.204082,33,303.305,130.022,255,8
1778399141652315,79394837,384,23.510202,33,302.606,131.641,255,8
1778399141652854,79404821,389,23.816326,33,301.899,133.256,255,8
1778399141668372,79414782,394,24.122450,33,301.182,134.867,255,8
1778399141678362,79424766,399,24.428574,33,300.458,136.474,255,8
1778399141682984,79434722,404,24.734694,33,299.724,138.078,255,8
1778399141738433,79444706,410,25.102041,33,298.833,139.996,255,8
1778399141738967,79454661,415,25.408163,33,298.080,141.591,255,8
1778399141739392,79464640,420,25.714287,33,297.320,143.182,255,8
1778399141739959,79474596,426,26.081631,33,296.396,145.085,255,8
1778399141740411,79484577,431,26.387754,33,295.616,146.666,255,8
1778399141740955,79494535,436,26.693878,34,303.763,152.736,255,8
1778399141753999,79504512,442,27.061226,34,302.777,154.680,255,8
1778399141768254,79514465,448,27.428572,34,301.779,156.618,255,8
1778399141770146,79524446,453,27.734694,34,300.938,158.229,255,8
1778399141795883,79534396,459,28.102039,34,299.917,160.155,255,8
1778399141796404,79544381,464,28.408163,34,299.057,161.755,255,8
1778399141811357,79554336,470,28.775511,34,298.014,163.669,255,8
1778399141811884,79564316,476,29.142859,34,296.959,165.576,255,8
1778399141824865,79574271,482,29.510206,34,295.891,167.477,255,8
1778399141844944,79584242,488,29.877550,34,294.811,169.370,255,8
1778399141845377,79594203,494,30.244898,34,293.719,171.257,255,8
1778399141858289,79604182,500,30.612244,34,292.615,173.137,255,8
1778399141859220,79614135,506,30.979591,34,291.499,175.009,255,8
1778399141876257,79624118,512,31.346939,34,290.371,176.874,255,8
1778399141890605,79634069,518,31.714287,34,289.231,178.732,255,8
1778399141891102,79644056,524,32.081635,34,288.079,180.583,255,8
1778399141904733,79654012,531,32.510204,34,286.721,182.733,255,8
1778399141915633,79663985,537,32.877548,34,285.543,184.567,255,8
1778399141934234,79673949,543,33.244896,34,284.354,186.394,255,8
1778399141934671,79683926,550,33.673470,34,282.952,188.516,255,8
1778399141948143,79693880,556,34.040817,34,281.737,190.326,255,8
1778399141948609,79703860,563,34.469387,34,280.306,192.428,255,8
1778399141964281,79713817,569,34.836735,34,279.066,194.222,255,8
1778399141984320,79723799,576,35.265305,34,277.606,196.304,255,8
1778399141984776,79733753,583,35.693878,34,276.130,198.375,255,8
1778399141998485,79743743,589,36.061226,34,274.852,200.141,255,8
1778399141998935,79753702,596,36.489796,34,273.347,202.191,255,8
1778399142015912,79763688,603,36.918369,34,271.827,204.230,255,8
1778399142017720,79773647,610,37.346939,34,270.292,206.258,255,8
1778399142031793,79783630,616,37.714287,34,268.964,207.986,255,8
1778399142045917,79793585,623,38.142857,34,267.401,209.992,255,8
1778399142047427,79803568,630,38.571430,34,265.823,211.987,255,8
1778399142057420,79813526,637,39.000000,35,272.001,220.262,255,8
1778399142081220,79823508,644,39.428574,35,270.346,222.291,255,8
1778399142081698,79833466,652,39.918365,35,268.436,224.593,255,8
1778399142094847,79843451,659,40.346939,35,266.748,226.595,255,8
1778399142097068,79853410,666,40.775509,35,265.046,228.584,255,8
1778399142108143,79863391,673,41.204082,35,263.329,230.560,255,8
1778399142122686,79873345,681,41.693878,35,261.348,232.803,255,8
1778399142136628,79883319,688,42.122448,35,259.600,234.751,255,8
1778399142137124,79893276,696,42.612244,35,257.583,236.962,255,8
1778399142153470,79903255,703,43.040813,35,255.804,238.882,255,8
1778399142174067,79913203,711,43.530613,35,253.752,241.060,255,8
1778399142174506,79923182,718,43.959187,35,251.942,242.951,255,8
1778399142176197,79933128,726,44.448982,35,249.856,245.096,255,8
1778399142188221,79943109,734,44.938774,35,247.752,247.223,255,8
1778399142196037,79953056,741,45.367344,35,245.896,249.069,255,8
1778399142207072,79963036,749,45.857143,35,243.757,251.162,255,8
1778399142222471,79972988,757,46.346939,35,241.601,253.237,255,8
1778399142235931,79982963,765,46.836735,35,239.428,255.293,255,8
1778399142236441,79992921,772,47.265308,35,237.512,257.076,255,8
1778399142246209,80002895,780,47.755100,36,242.028,266.500,255,8
1778399142272574,80012848,789,48.306122,36,239.454,268.815,255,8
1778399142273187,80022830,797,48.795918,36,237.148,270.852,255,8
1778399142275297,80032781,805,49.285713,36,234.823,272.870,255,8
1778399142289201,80042763,813,49.775513,36,232.482,274.867,255,8
1778399142295112,80052715,821,50.265305,36,230.124,276.845,255,8
1778399142318596,80062695,830,50.816326,36,227.451,279.045,255,8
1778399142319204,80072649,838,51.306122,36,225.057,280.979,255,8
1778399142331879,80082632,846,51.795918,37,228.832,290.751,255,8
1778399142344635,80092590,855,52.346939,37,226.025,292.938,255,8
1778399142345215,80102570,863,52.836735,37,223.513,294.859,255,8
1778399142360688,80112529,872,53.387756,37,220.667,296.995,255,8
1778399142374776,80122514,880,53.877548,37,218.120,298.871,255,8
1778399142375336,80132471,889,54.428570,37,215.235,300.955,255,8
1778399142387206,80142454,898,54.979591,37,212.331,303.011,255,8
1778399142394262,80152412,906,55.469387,37,209.733,304.815,255,8
1778399142417088,80162400,915,56.020409,37,206.792,306.818,255,8
1778399142417538,80172355,924,56.571430,37,203.832,308.792,255,8
1778399142430414,80182335,932,57.061222,38,206.622,318.916,255,8
1778399142453296,80192289,941,57.612247,38,203.546,320.888,255,8
1778399142453791,80202268,950,58.163269,38,200.450,322.831,255,8
1778399142454252,80212220,959,58.714287,38,197.336,324.744,255,8
1778399142467231,80222197,968,59.265308,38,194.204,326.626,255,8
1778399142473429,80232151,977,59.816322,38,191.054,328.479,255,8
1778399142486352,80242128,987,60.428570,39,192.468,339.199,255,8
1778399142502493,80252078,996,60.979591,38,184.346,332.290,255,8
1778399142503186,80262056,1005,61.530609,38,181.142,334.047,255,8
1778399142516923,80272006,1014,62.081631,37,173.239,326.938,255,8
1778399142527084,80281988,1024,62.693878,36,165.148,319.885,255,8
1778399142532896,80291939,1033,63.244896,37,166.566,330.387,255,8
1778399142557419,80301920,1042,63.795918,37,163.381,331.974,255,8
1778399142558024,80311870,1052,64.408165,37,159.824,333.701,255,8
1778399142571779,80321850,1062,65.020409,36,152.026,326.325,255,8
1778399142572522,80331800,1071,65.571426,36,148.881,327.772,255,8
1778399142595775,80341781,1081,66.183670,36,145.370,329.344,255,8
1778399142596235,80351740,1090,66.734695,36,142.196,330.727,255,8
1778399142608253,80361717,1100,67.346939,36,138.654,332.227,255,8
1778399142615120,80371666,1110,67.959183,36,135.096,333.690,255,8
1778399142626441,80381644,1120,68.571426,36,131.523,335.115,255,8
1778399142642914,80391599,1130,69.183670,35,124.381,327.154,255,8
1778399142643377,80401576,1140,69.795914,35,120.878,328.464,255,8
1778399142657835,80411523,1150,70.408165,35,117.361,329.737,255,8
1778399142662962,80421508,1159,70.959183,35,114.185,330.850,255,8
1778399142674651,80431459,1169,71.571426,35,110.643,332.051,255,8
1778399142690738,80441435,1179,72.183670,35,107.088,333.215,255,8
1778399142691450,80451390,1189,72.795921,35,103.522,334.340,255,8
1778399142704759,80461371,1199,73.408157,35,99.943,335.427,255,8
1778399142717052,80471319,1209,74.020409,35,96.353,336.476,255,8
1778399142733823,80481303,1219,74.632652,34,90.102,327.844,255,8
1778399142734258,80491254,1229,75.244904,35,89.141,338.458,255,8
1778399142747479,80501230,1239,75.857140,35,85.519,339.391,255,8
1778399142757300,80511177,1249,76.469391,35,81.888,340.286,255,8
1778399142775332,80521160,1259,77.081635,34,76.011,331.394,255,8
1778399142775850,80531104,1269,77.693878,34,72.466,332.188,255,8
1778399142790384,80541079,1279,78.306122,34,68.912,332.943,255,8
1778399142790948,80551026,1289,78.918365,34,65.351,333.660,255,8
1778399142803867,80561002,1298,79.469391,34,62.139,334.274,255,8
1778399142828238,80570951,1308,80.081635,34,58.563,334.918,255,8
1778399142828998,80580935,1318,80.693878,34,54.981,335.525,255,8
1778399142830114,80590874,1328,81.306122,34,51.393,336.093,255,8
1778399142845222,80600848,1338,81.918365,34,47.799,336.623,255,8
1778399142851897,80610803,1348,82.530609,34,44.199,337.115,255,8
1778399142877555,80620778,1358,83.142860,34,40.594,337.568,255,8
1778399142878055,80630719,1368,83.755104,34,36.985,337.982,255,8
1778399142879612,80640691,1378,84.367348,34,33.371,338.358,255,8
1778399142893663,80650652,1388,84.979591,34,29.754,338.696,255,8
1778399142920083,80660631,1398,85.591835,34,26.133,338.994,255,8
1778399142920583,80670583,1407,86.142853,34,22.871,339.230,255,8
1778399142921049,80680563,1417,86.755104,34,19.245,339.455,255,8
1778399142936107,80690514,1427,87.367348,34,15.617,339.641,255,8
1778399142942223,80700493,1437,87.979591,34,11.987,339.789,255,8
1778399142967869,80710446,1447,88.591835,34,8.355,339.897,255,8
1778399142968380,80720420,1457,89.204079,34,4.723,339.967,255,8
1778399142968937,80730376,1467,89.816330,34,1.090,339.998,255,8
1778399142982246,80740348,1477,90.428574,34,-2.543,339.990,255,8
1778399142995350,80750299,1486,90.979599,34,-5.813,339.950,255,8
1778399143002375,80760276,1496,91.591835,34,-9.445,339.869,255,8
1778399143028218,80770228,1506,92.204079,34,-13.076,339.748,255,8
1778399143028675,80780212,1516,92.816330,34,-16.706,339.589,255,8
1778399143029037,80790165,1526,93.428574,34,-20.333,339.391,255,8
1778399143043626,80800147,1536,94.040810,34,-23.959,339.155,255,8
1778399143070131,80810102,1546,94.653061,34,-27.581,338.879,255,8
1778399143070626,80820082,1555,95.204086,33,-29.932,328.640,255,8
1778399143071213,80830034,1565,95.816330,33,-33.442,328.301,255,8
1778399143085348,80840017,1575,96.428566,33,-36.948,327.925,255,8
1778399143091620,80849970,1585,97.040817,33,-40.450,327.511,255,8
1778399143118646,80859951,1595,97.653061,34,-45.279,336.971,255,8
1778399143119297,80869905,1604,98.204086,34,-48.518,336.520,255,8
1778399143119827,80879885,1614,98.816322,34,-52.111,335.983,255,8
1778399143134706,80889839,1624,99.428574,34,-55.698,335.407,255,8
1778399143140898,80899823,1634,100.040817,34,-59.279,334.792,255,8
1778399143170055,80909781,1644,100.653061,34,-62.853,334.140,255,8
1778399143170503,80919758,1654,101.265312,34,-66.420,333.449,255,8
1778399143170935,80929710,1664,101.877548,34,-69.979,332.721,255,8
1778399143187093,80939690,1673,102.428574,34,-73.176,332.032,255,8
1778399143187565,80949643,1683,103.040817,34,-76.719,331.231,255,8
1778399143215106,80959627,1693,103.653069,34,-80.254,330.393,255,8
1778399143215532,80969580,1703,104.265305,34,-83.780,329.516,255,8
1778399143216490,80979564,1712,104.816330,34,-86.945,328.695,255,8
1778399143229607,80989516,1722,105.428574,34,-90.453,327.747,255,8
1778399143236570,80999497,1732,106.040810,34,-93.949,326.762,255,8
1778399143263035,81009454,1742,106.653061,34,-97.436,325.740,255,8
1778399143263481,81019436,1752,107.265305,34,-100.911,324.680,255,8
1778399143278507,81029384,1762,107.877556,34,-104.375,323.583,255,8
1778399143279030,81039365,1771,108.428566,34,-107.482,322.564,255,8
1778399143286231,81049318,1781,109.040817,34,-110.922,321.397,255,8
1778399143316922,81059307,1791,109.653061,34,-114.350,320.194,255,8
1778399143317679,81069258,1801,110.265305,34,-117.765,318.954,255,8
1778399143318269,81079228,1810,110.816322,34,-120.827,317.806,255,8
1778399143336511,81089181,1820,111.428574,34,-124.216,316.497,255,8
1778399143337080,81099159,1830,112.040817,34,-127.591,315.152,255,8
1778399143364046,81109122,1840,112.653061,34,-130.951,313.770,255,8
1778399143364594,81119097,1850,113.265312,34,-134.296,312.353,255,8
1778399143365104,81129057,1859,113.816330,34,-137.294,311.047,255,8
1778399143380768,81139039,1869,114.428574,34,-140.610,309.562,255,8
1778399143407161,81148992,1879,115.040817,34,-143.910,308.042,255,8
1778399143407720,81158973,1889,115.653069,34,-147.193,306.487,255,8
1778399143408238,81168922,1898,116.204079,34,-150.134,305.057,255,8
1778399143425008,81178899,1908,116.816330,34,-153.385,303.435,255,8
1778399143425491,81188853,1918,117.428574,34,-156.618,301.779,255,8
1778399143450822,81198832,1928,118.040825,34,-159.834,300.088,255,8
1778399143451406,81208785,1938,118.653061,34,-163.032,298.363,255,8
1778399143467680,81218771,1947,119.204086,34,-165.893,296.782,255,8
1778399143468242,81228728,1957,119.816322,34,-169.055,294.992,255,8
1778399143494489,81238711,1967,120.428566,34,-172.198,293.169,255,8
1778399143495156,81248666,1976,120.979591,34,-175.009,291.499,255,8
1778399143495654,81258653,1986,121.591843,35,-183.353,298.131,255,8
1778399143511684,81268607,1996,122.204079,35,-186.528,296.154,255,8
1778399143546540,81278587,2006,122.816322,35,-189.682,294.144,255,8
1778399143547140,81288538,2015,123.367348,35,-192.502,292.307,255,8
1778399143547672,81298522,2025,123.979599,35,-195.614,290.233,255,8
1778399143548201,81308475,2035,124.591835,35,-198.704,288.126,255,8
1778399143563979,81318457,2045,125.204079,35,-201.772,285.986,255,8
1778399143564524,81328414,2054,125.755104,35,-204.513,284.033,255,8
1778399143590700,81338398,2064,126.367340,35,-207.536,281.831,255,8
1778399143591354,81348355,2074,126.979591,35,-210.536,279.597,255,8
1778399143592969,81358340,2084,127.591835,35,-213.511,277.332,255,8
1778399143609458,81368303,2093,128.142853,35,-216.168,275.266,255,8
1778399143640338,81378290,2103,128.755096,35,-219.097,272.940,255,8
1778399143640841,81388247,2113,129.367355,35,-222.002,270.583,255,8
1778399143641474,81398233,2122,129.918365,35,-224.593,268.436,255,8
1778399143642463,81408190,2132,130.530609,35,-227.449,266.021,255,8
1778399143658252,81418176,2142,131.142853,36,-236.858,271.106,255,8
1778399143686695,81428134,2151,131.693878,35,-232.803,261.348,255,8
1778399143687319,81438115,2161,132.306122,35,-235.582,258.846,255,8
1778399143687739,81448067,2171,132.918365,36,-245.144,263.637,255,8
1778399143701497,81458051,2180,133.469391,35,-240.788,254.010,255,8
1778399143701978,81468004,2190,134.081635,35,-243.489,251.422,255,8
1778399143734011,81477988,2200,134.693878,35,-246.162,248.806,255,8
1778399143734547,81487945,2209,135.244904,35,-248.543,246.427,255,8
1778399143734981,81497925,2219,135.857147,36,-258.338,250.722,255,8
1778399143748876,81507879,2229,136.469391,36,-261.002,247.947,255,8
1778399143772866,81517863,2238,137.020416,36,-263.375,245.426,255,8
1778399143773630,81527820,2248,137.632660,36,-265.982,242.597,255,8
1778399143774099,81537802,2258,138.244888,37,-276.019,246.401,255,8
1778399143788887,81547763,2267,138.795914,37,-278.376,243.735,255,8
1778399143795209,81557750,2277,139.408173,37,-280.965,240.746,255,8
1778399143823837,81567708,2286,139.959183,37,-283.267,238.033,255,8
1778399143824339,81577690,2296,140.571426,37,-285.794,234.993,255,8
1778399143824773,81587648,2305,141.122452,37,-288.041,232.233,255,8
1778399143839349,81597630,2315,141.734695,37,-290.506,229.142,255,8
1778399143840613,81607587,2325,142.346939,37,-292.938,226.025,255,8
1778399143874239,81617571,2334,142.897964,37,-295.098,223.197,255,8
1778399143874721,81627530,2344,143.510208,37,-297.466,220.031,255,8
1778399143875123,81637506,2353,144.061218,37,-299.568,217.161,255,8
1778399143889681,81647458,2363,144.673477,38,-310.031,219.729,255,8
1778399143890185,81657442,2372,145.224487,38,-312.129,216.738,255,8
1778399143924577,81667396,2382,145.836731,38,-314.427,213.390,255,8
1778399143925064,81677379,2391,146.387756,38,-316.465,210.356,255,8
1778399143925613,81687329,2401,147.000000,38,-318.695,206.963,255,8
1778399143939202,81697319,2410,147.551025,38,-320.670,203.888,255,8
1778399143939744,81707277,2420,148.163269,38,-322.831,200.450,255,8
1778399143973745,81717258,2429,148.714279,38,-324.744,197.336,255,8
1778399143974196,81727216,2439,149.326523,39,-335.435,198.956,255,8
1778399143974693,81737188,2448,149.877548,39,-337.332,195.721,255,8
1778399143987842,81747149,2458,150.489807,39,-339.405,192.106,255,8
1778399143989216,81757127,2467,151.040817,39,-341.236,188.833,255,8
1778399144012394,81767083,2477,151.653061,40,-352.035,189.924,255,8
1778399144013004,81777054,2486,152.204086,40,-353.846,186.529,255,8
1778399144027963,81787017,2496,152.816330,40,-355.819,182.738,255,8
1778399144028832,81796992,2505,153.367355,40,-357.560,179.307,255,8
1778399144056542,81806956,2515,153.979584,36,-323.510,157.929,255,8
1778399144056940,81816944,2524,154.530609,34,-306.957,146.210,255,8
1778399144058588,81826899,2534,155.142853,34,-308.502,142.921,255,8
1778399144071268,81836875,2543,155.693878,34,-309.862,139.948,255,8
1778399144101200,81846845,2553,156.306122,34,-311.340,136.629,255,8
1778399144101701,81856830,2562,156.857132,34,-312.639,133.629,255,8
1778399144102070,81866788,2572,157.469391,34,-314.049,130.280,255,8
1778399144115175,81876772,2581,158.020416,36,-333.834,134.739,255,8
1778399144121354,81886733,2591,158.632660,39,-363.193,142.095,255,8
1778399144131754,81896719,2600,159.183670,39,-364.543,138.596,255,8
1778399144155343,81906686,2610,159.795914,40,-375.387,138.146,255,8
1778399144155781,81916674,2619,160.346939,40,-376.699,134.530,255,8
1778399144169041,81926636,2628,160.897964,39,-368.526,127.628,255,8
1778399144169554,81936622,2638,161.510208,39,-369.868,123.683,255,8
1778399144202657,81946586,2647,162.061218,39,-371.041,120.120,255,8
1778399144203237,81956566,2657,162.673462,39,-372.303,116.149,255,8
1778399144203722,81966524,2666,163.224487,39,-373.403,112.563,255,8
1778399144217882,81976506,2676,163.836731,39,-374.584,108.566,255,8
1778399144218394,81986464,2685,164.387756,39,-375.611,104.959,255,8
1778399144246921,81996449,2694,164.938782,39,-376.603,101.342,255,8
1778399144247319,82006412,2704,165.551010,39,-377.664,97.312,255,8
1778399144247641,82016393,2713,166.102036,39,-378.583,93.675,255,8
1778399144260381,82026348,2722,166.653061,39,-379.466,90.030,255,8
1778399144292538,82036327,2732,167.265305,39,-380.406,85.970,255,8
1778399144293064,82046284,2741,167.816330,38,-371.441,80.198,255,8
1778399144293462,82056265,2750,168.367340,38,-372.195,76.622,255,8
1778399144306970,82066220,2760,168.979599,38,-372.992,72.640,255,8
1778399144307325,82076204,2769,169.530609,38,-373.674,69.050,255,8
1778399144341652,82086157,2778,170.081635,38,-374.321,65.453,255,8
1778399144342062,82096137,2788,170.693878,38,-374.999,61.450,255,8
1778399144342433,82106087,2797,171.244888,38,-375.572,57.840,255,8
1778399144355476,82116065,2806,171.795914,38,-376.111,54.226,255,8
1778399144355910,82126021,2816,172.408173,38,-376.669,50.204,255,8
1778399144391258,82136004,2825,172.959183,38,-377.134,46.579,255,8
1778399144391647,82145962,2834,173.510208,38,-377.565,42.950,255,8
1778399144391986,82155944,2843,174.061218,38,-377.961,39.317,255,8
1778399144405481,82165901,2852,174.612244,38,-378.321,35.680,255,8
1778399144405917,82175881,2862,175.224487,38,-378.681,31.636,255,8
1778399144431365,82185836,2871,175.775513,38,-378.968,27.992,255,8
1778399144431784,82195819,2880,176.326538,38,-379.219,24.347,255,8
1778399144445974,82205775,2889,176.877548,38,-379.436,20.699,255,8
1778399144446436,82215757,2899,177.489792,38,-379.635,16.643,255,8
1778399144456797,82225711,2908,178.040817,38,-379.778,12.991,255,8
1778399144485250,82235695,2917,178.591843,36,-359.891,8.847,255,8
1778399144485712,82245644,2926,179.142853,32,-319.964,4.787,255,8
1778399144486118,82255620,2936,179.755096,32,-319.997,1.368,255,8
1778399144501408,82265570,2945,180.306122,32,-319.995,-1.710,255,8
1778399144533505,82275542,2954,180.857147,32,-319.964,-4.787,255,8
1778399144534038,82285499,2964,181.469376,32,-319.895,-8.206,255,8
1778399144534490,82295474,2973,182.020416,32,-319.801,-11.282,255,8
1778399144534891,82305425,2982,182.571426,32,-319.678,-14.357,255,8
1778399144548516,82315399,2991,183.122452,32,-319.525,-17.430,255,8
1778399144555109,82325345,3001,183.734680,32,-319.320,-20.844,255,8
1778399144585588,82335329,3010,184.285721,32,-319.105,-23.914,255,8
1778399144586048,82345284,3019,184.836731,32,-318.860,-26.981,255,8
1778399144586504,82355261,3028,185.387756,32,-318.586,-30.047,255,8
1778399144600852,82365213,3038,186.000000,32,-318.247,-33.449,255,8
1778399144627633,82375192,3047,186.551025,32,-317.911,-36.508,255,8
1778399144628073,82385140,3056,187.102036,32,-317.545,-39.564,255,8
1778399144628453,82395112,3066,187.714294,32,-317.104,-42.955,255,8
1778399144643257,82405061,3075,188.265305,32,-316.676,-46.002,255,8
1778399144643761,82415038,3084,188.816330,32,-316.219,-49.046,255,8
1778399144672258,82424990,3093,189.367340,32,-315.733,-52.084,255,8
1778399144672672,82434968,3103,189.979599,32,-315.158,-55.455,255,8
1778399144673085,82444920,3112,190.530609,32,-314.610,-58.483,255,8
1778399144707028,82454899,3121,191.081650,32,-314.033,-61.506,255,8
1778399144707408,82464852,3130,191.632660,31,-303.633,-62.507,255,8
1778399144707758,82474830,3140,192.244904,31,-302.947,-65.748,255,8
1778399144722258,82484781,3149,192.795914,32,-312.053,-70.873,255,8
1778399144722711,82494759,3158,193.346924,32,-311.357,-73.871,255,8
1778399144755931,82504708,3168,193.959183,32,-310.550,-77.194,255,8
1778399144756428,82514688,3177,194.510208,32,-309.793,-80.177,255,8
1778399144756941,82524634,3186,195.061218,38,-366.947,-98.743,255,8
1778399144770939,82534616,3195,195.612244,38,-365.980,-102.268,255,8
1778399144771851,82544566,3204,196.163269,38,-364.979,-105.783,255,8
1778399144806474,82554551,3214,196.775497,38,-363.828,-109.677,255,8
1778399144806904,82564503,3223,197.326538,37,-353.210,-110.192,255,8
1778399144807332,82574482,3232,197.877548,37,-352.134,-113.584,255,8
1778399144821421,82584435,3242,198.489792,37,-350.901,-117.340,255,8
1778399144821831,82594419,3251,199.040802,38,-359.209,-123.972,255,8
1778399144858302,82604366,3260,199.591843,38,-358.000,-127.421,255,8
1778399144858702,82614352,3269,200.142853,39,-366.146,-134.301,255,8
1778399144859035,82624306,3279,200.755112,39,-364.690,-138.206,255,8
1778399144872492,82634287,3288,201.306122,38,-354.028,-138.073,255,8
1778399144873168,82644243,3297,201.857147,38,-352.684,-141.472,255,8
1778399144906421,82654223,3306,202.408157,37,-342.062,-141.045,255,8
1778399144906848,82664180,3315,202.959198,37,-340.690,-144.328,255,8
1778399144907466,82674171,3325,203.571426,37,-339.128,-147.960,255,8
1778399144922434,82684126,3334,204.122452,38,-346.816,-155.301,255,8
1778399144922942,82694109,3343,204.673462,38,-345.307,-158.630,255,8
1778399144950376,82704068,3352,205.224487,38,-343.765,-161.943,255,8
1778399144950815,82714050,3362,205.836731,37,-333.015,-161.249,255,8
1778399144951195,82724009,3371,206.387772,39,-349.365,-173.333,255,8
1778399144966259,82733988,3380,206.938782,38,-338.767,-172.155,255,8
1778399144999335,82743951,3389,207.489792,38,-337.095,-175.404,255,8
1778399144999898,82753934,3398,208.040817,38,-335.393,-178.638,255,8
1778399145000490,82763886,3407,208.591827,39,-342.440,-186.641,255,8
1778399145000868,82773869,3416,209.142868,38,-331.895,-185.056,255,8
1778399145014209,82783820,3425,209.693878,39,-338.787,-193.193,255,8
1778399145043800,82793800,3435,210.306122,39,-336.703,-196.802,255,8
1778399145044366,82803748,3444,210.857147,39,-334.795,-200.031,255,8
1778399145044900,82813730,3453,211.408157,39,-332.856,-203.241,255,8
1778399145059117,82823679,3462,211.959183,39,-330.886,-206.433,255,8
1778399145059704,82833660,3471,212.510193,39,-328.885,-209.605,255,8
1778399145089974,82843613,3480,213.061234,39,-326.854,-212.759,255,8
1778399145090478,82853597,3489,213.612244,39,-324.793,-215.892,255,8
1778399145090935,82863547,3499,214.224487,39,-322.468,-219.350,255,8
1778399145105287,82873520,3508,214.775513,39,-320.343,-222.441,255,8
1778399145138115,82883468,3517,215.326538,39,-318.189,-225.512,255,8
1778399145138627,82893452,3526,215.877548,39,-316.006,-228.561,255,8
1778399145139075,82903407,3535,216.428558,39,-313.793,-231.590,255,8
1778399145139570,82913387,3544,216.979599,39,-311.551,-234.597,255,8
1778399145153783,82923342,3553,217.530609,39,-309.281,-237.582,255,8
1778399145182276,82933322,3562,218.081635,39,-306.982,-240.546,255,8
1778399145182941,82943273,3572,218.693863,40,-312.199,-250.064,255,8
1778399145183503,82953256,3581,219.244904,40,-309.780,-253.055,255,8
1778399145197767,82963214,3590,219.795914,40,-307.332,-256.022,255,8
1778399145198259,82973198,3599,220.346954,40,-304.855,-258.966,255,8
1778399145229693,82983154,3608,220.897964,40,-302.351,-261.886,255,8
1778399145230167,82993131,3617,221.448975,40,-299.818,-264.781,255,8
1778399145230665,83003090,3626,222.000000,40,-297.258,-267.652,255,8
1778399145245186,83013068,3635,222.551010,40,-294.670,-270.499,255,8
1778399145297793,83023024,3644,223.102051,40,-292.055,-273.320,255,8
1778399145298451,83033006,3653,223.653061,40,-289.413,-276.116,255,8
1778399145298909,83042963,3662,224.204086,40,-286.744,-278.886,255,8
1778399145299332,83052941,3671,224.755096,40,-284.049,-281.631,255,8
1778399145299726,83062895,3680,225.306122,40,-281.328,-284.350,255,8
1778399145300018,83072875,3690,225.918365,41,-285.230,-294.523,255,8
1778399145314509,83082826,3699,226.469376,41,-282.384,-297.253,255,8
1778399145316832,83092810,3708,227.020416,41,-279.512,-299.955,255,8
1778399145347422,83102763,3716,227.510208,41,-276.938,-302.333,255,8
1778399145347766,83112743,3726,228.122452,41,-273.692,-305.275,255,8
1778399145348096,83122698,3735,228.673462,41,-270.743,-307.893,255,8
1778399145363770,83132677,3744,229.224472,41,-267.770,-310.482,255,8
1778399145375457,83142624,3753,229.775513,42,-271.229,-320.678,255,8
1778399145376266,83152602,3762,230.326523,42,-268.133,-323.272,255,8
1778399145417545,83162567,3771,230.877563,41,-258.702,-318.078,255,8
1778399145417962,83172552,3780,231.428574,41,-255.631,-320.551,255,8
1778399145418426,83182512,3789,231.979599,41,-252.536,-322.995,255,8
1778399145418838,83192493,3798,232.530609,41,-249.418,-325.408,255,8
1778399145433316,83202454,3808,233.142868,40,-239.929,-320.053,255,8
1778399145466230,83212438,3817,233.693878,40,-236.840,-322.346,255,8
1778399145466681,83222392,3826,234.244888,40,-233.729,-324.609,255,8
1778399145467230,83232374,3835,234.795914,40,-230.596,-326.842,255,8
1778399145467709,83242328,3844,235.346939,39,-221.756,-320.818,255,8
1778399145483254,83252311,3853,235.897964,39,-218.661,-322.936,255,8
1778399145485196,83262261,3863,236.510193,39,-215.198,-325.254,255,8
1778399145517257,83272236,3872,237.061234,39,-212.060,-327.308,255,8
1778399145517652,83282197,3881,237.612244,39,-208.902,-329.333,255,8
1778399145518016,83292180,3890,238.163269,39,-205.725,-331.326,255,8
1778399145533926,83302140,3899,238.714279,39,-202.529,-333.289,255,8
1778399145534723,83312123,3909,239.326538,39,-198.956,-335.435,255,8
1778399145566475,83322075,3918,239.877548,39,-195.721,-337.332,255,8
1778399145566954,83332056,3927,240.428589,39,-192.468,-339.199,255,8
1778399145567461,83342011,3936,240.979599,38,-184.346,-332.290,255,8
1778399145582778,83351995,3945,241.530609,38,-181.142,-334.047,255,8
1778399145584224,83361947,3955,242.142853,38,-177.562,-335.964,255,8
1778399145617905,83371930,3964,242.693863,38,-174.323,-337.656,255,8
1778399145618421,83381889,3973,243.244904,38,-171.068,-339.317,255,8
1778399145618907,83391869,3982,243.795914,38,-167.797,-340.946,255,8
1778399145634600,83401821,3991,244.346939,38,-164.510,-342.544,255,8
1778399145635089,83411808,4000,244.897949,38,-161.208,-344.110,255,8
1778399145671437,83421770,4010,245.510208,38,-157.522,-345.813,255,8
1778399145671973,83431752,4019,246.061218,38,-154.189,-347.312,255,8
1778399145672401,83441708,4028,246.612259,38,-150.842,-348.779,255,8
1778399145673424,83451693,4037,247.163269,38,-147.480,-350.214,255,8
1778399145717316,83461648,4046,247.714279,37,-140.313,-342.363,255,8
1778399145717886,83471630,4055,248.265305,37,-137.014,-343.696,255,8
1778399145718381,83481583,4065,248.877563,37,-133.334,-345.141,255,8
1778399145718801,83491567,4074,249.428574,37,-130.009,-346.407,255,8
1778399145734660,83501519,4083,249.979584,37,-126.671,-347.641,255,8
1778399145735109,83511501,4092,250.530624,37,-123.322,-348.843,255,8
1778399145769048,83521463,4101,251.081635,37,-119.962,-350.013,255,8
1778399145769469,83531445,4110,251.632660,37,-116.590,-351.151,255,8
1778399145769922,83541395,4120,252.244888,37,-112.831,-352.376,255,8
1778399145785806,83551374,4128,252.734680,37,-109.815,-353.328,255,8
1778399145786293,83561335,4138,253.346939,37,-106.033,-354.481,255,8
1778399145792277,83571312,4147,253.897964,37,-102.619,-355.485,255,8
1778399145804064,83581267,4156,254.448975,37,-99.196,-356.455,255,8
1778399145846464,83591247,4165,255.000000,37,-95.763,-357.393,255,8
1778399145847077,83601206,4174,255.551025,37,-92.322,-358.297,255,8
1778399145847487,83611192,4183,256.102051,37,-88.872,-359.168,255,8
1778399145847956,83621153,4192,256.653076,37,-85.413,-360.006,255,8
1778399145865035,83631139,4202,257.265289,37,-81.562,-360.898,255,8
1778399145865627,83641097,4210,257.755096,37,-78.474,-361.582,255,8
1778399145905657,83651080,4220,258.367340,37,-74.605,-362.400,255,8
1778399145906226,83661040,4229,258.918365,37,-71.117,-363.101,255,8
1778399145906736,83671024,4238,259.469391,37,-67.621,-363.768,255,8
1778399145907270,83680978,4247,260.020416,37,-64.120,-364.402,255,8
1778399145923864,83690960,4256,260.571442,36,-58.974,-355.137,255,8
1778399145924413,83700918,4265,261.122437,36,-55.556,-355.687,255,8
1778399145962762,83710900,4274,261.673492,36,-52.133,-356.205,255,8
1778399145963260,83720858,4283,262.224487,36,-48.705,-356.690,255,8
1778399145963652,83730837,4292,262.775513,36,-45.273,-357.142,255,8
1778399145964028,83740789,4301,263.326538,36,-41.836,-357.561,255,8
1778399145980728,83750769,4310,263.877533,36,-38.395,-357.947,255,8
1778399145981213,83760722,4320,264.489807,36,-34.568,-358.336,255,8
1778399145993713,83770699,4329,265.040802,36,-31.121,-358.652,255,8
1778399146034768,83780649,4338,265.591858,36,-27.670,-358.935,255,8
1778399146035320,83790637,4347,266.142853,36,-24.217,-359.185,255,8
1778399146035733,83800588,4356,266.693878,36,-20.761,-359.401,255,8
1778399146036298,83810570,4365,267.244904,36,-17.304,-359.584,255,8
1778399146052203,83820522,4374,267.795898,36,-13.845,-359.734,255,8
1778399146052620,83830513,4383,268.346954,36,-10.385,-359.850,255,8
1778399146087570,83840466,4392,268.897949,36,-6.924,-359.933,255,8
1778399146088030,83850450,4401,269.448975,31,-2.981,-309.986,255,8
1778399146088466,83860402,4410,270.000000,30,-0.000,-300.000,255,8
1778399146089486,83870381,4419,270.551025,31,2.981,-309.986,255,8
1778399146106588,83880337,4428,271.102051,30,5.770,-299.945,255,8
1778399146148265,83890312,4437,271.653046,30,8.654,-299.875,255,8
1778399146148823,83900269,4446,272.204102,30,11.538,-299.778,255,8
1778399146149298,83910249,4455,272.755096,30,14.420,-299.653,255,8
1778399146149726,83920210,4464,273.306122,30,17.301,-299.501,255,8
1778399146150137,83930192,4474,273.918365,30,20.501,-299.299,255,8
1778399146168671,83940146,4483,274.469391,30,23.378,-299.088,255,8
1778399146169212,83950128,4492,275.020416,30,26.253,-298.849,255,8
1778399146187268,83960086,4501,275.571411,29,28.155,-288.630,255,8
1778399146188805,83970064,4510,276.122467,29,30.930,-288.346,255,8
1778399146231208,83980016,4519,276.673462,30,34.863,-297.967,255,8
1778399146231789,83990001,4528,277.224487,30,37.727,-297.618,255,8
1778399146232470,83999956,4537,277.775513,29,39.235,-287.334,255,8
1778399146232921,84009936,4546,278.326508,29,41.996,-286.943,255,8
1778399146283932,84019891,4555,278.877563,30,46.297,-296.406,255,8
1778399146284478,84029869,4564,279.428558,30,49.145,-295.947,255,8
1778399146284985,84039824,4573,279.979584,30,51.989,-295.461,255,8
1778399146285436,84049809,4582,280.530609,30,54.828,-294.947,255,8
1778399146285928,84059763,4591,281.081635,30,57.662,-294.406,255,8
1778399146287648,84069740,4600,281.632660,30,60.491,-293.838,255,8
1778399146304248,84079695,4610,282.244904,30,63.627,-293.175,255,8
1778399146311920,84089671,4619,282.795929,30,66.444,-292.550,255,8
1778399146324976,84099625,4628,283.346924,30,69.254,-291.897,255,8
1778399146366043,84109607,4637,283.897949,29,69.656,-281.510,255,8
1778399146366544,84119561,4646,284.448975,29,72.360,-280.827,255,8
1778399146366958,84129541,4655,285.000000,30,77.646,-289.778,255,8
1778399146367422,84139497,4664,285.551025,29,77.748,-279.384,255,8
1778399146367757,84149471,4673,286.102020,29,80.431,-278.623,255,8
1778399146386037,84159436,4682,286.653076,29,83.107,-277.837,255,8
1778399146386716,84169414,4691,287.204071,29,85.775,-277.025,255,8
1778399146431650,84179370,4700,287.755096,34,103.683,-323.805,255,8
1778399146432151,84189355,4709,288.306122,36,113.074,-341.781,255,8
1778399146432581,84199309,4718,288.857147,36,116.356,-340.678,255,8
1778399146433065,84209294,4727,289.408173,35,116.303,-330.111,255,8
1778399146450808,84219249,4736,289.959167,36,122.886,-338.377,255,8
1778399146451294,84229230,4745,290.510223,36,126.135,-337.179,255,8
1778399146465287,84239186,4754,291.061218,35,125.778,-326.619,255,8
1778399146465961,84249164,4763,291.612244,36,132.596,-334.691,255,8
1778399146505255,84259118,4772,292.163269,36,135.809,-333.401,255,8
1778399146505752,84269100,4781,292.714264,37,142.870,-341.304,255,8
1778399146506206,84279056,4790,293.265320,36,142.196,-330.727,255,8
1778399146506678,84289036,4799,293.816315,36,145.370,-329.344,255,8
1778399146523144,84298993,4808,294.367340,36,148.531,-327.931,255,8
1778399146565316,84308978,4817,294.918365,36,151.678,-326.487,255,8
1778399146565929,84318938,4826,295.469391,36,154.810,-325.013,255,8
1778399146566473,84328917,4835,296.020416,36,157.929,-323.510,255,8
1778399146566912,84338870,4844,296.571411,36,161.033,-321.976,255,8
1778399146567494,84348846,4853,297.122467,37,168.681,-329.313,255,8
1778399146584675,84358801,4862,297.673462,37,171.840,-327.675,255,8
1778399146585219,84368787,4871,298.224487,36,170.254,-317.197,255,8
1778399146603580,84378743,4880,298.775513,35,168.483,-306.779,255,8
1778399146604652,84388719,4889,299.326508,30,146.936,-261.553,255,8
1778399146659365,84398674,4898,299.877563,30,149.444,-260.128,255,8
1778399146660110,84408648,4907,300.428558,31,157.004,-267.301,255,8
1778399146660630,84418606,4916,300.979614,31,159.567,-265.779,255,8
1778399146661060,84428580,4925,301.530609,31,162.116,-264.232,255,8
1778399146661481,84438532,4934,302.081635,30,159.338,-254.188,255,8
1778399146679927,84448515,4943,302.632660,30,161.775,-252.644,255,8
1778399146680481,84458468,4952,303.183655,31,169.671,-259.445,255,8
1778399146727674,84468452,4961,303.734711,31,172.158,-257.802,255,8
1778399146728224,84478406,4970,304.285706,31,174.629,-256.134,255,8
1778399146728700,84488386,4979,304.836731,31,177.084,-254.443,255,8
1778399146729141,84498335,4988,305.387756,31,179.523,-252.728,255,8
1778399146729575,84508309,4997,305.938782,31,181.945,-250.990,255,8
1778399146745995,84518264,5006,306.489807,32,190.298,-257.268,255,8
1778399146746459,84528239,5015,307.040802,31,186.739,-247.444,255,8
1778399146754014,84538185,5024,307.591858,32,195.210,-253.560,255,8
1778399146802265,84548163,5033,308.142853,31,191.464,-243.807,255,8
1778399146802833,84558114,5042,308.693878,31,193.799,-241.954,255,8
1778399146803299,84568093,5051,309.244904,31,196.117,-240.079,255,8
1778399146803706,84578039,5060,309.795898,32,204.818,-245.865,255,8
1778399146804128,84588015,5069,310.346954,32,207.173,-243.884,255,8
1778399146855076,84597963,5078,310.897949,32,209.508,-241.881,255,8
1778399146855534,84607934,5087,311.448975,32,211.825,-239.855,255,8
1778399146856043,84617879,5096,312.000000,32,214.122,-237.806,255,8
1778399146856506,84627852,5105,312.551025,32,216.399,-235.736,255,8
1778399146856993,84637805,5114,313.102051,32,218.656,-233.644,255,8
1778399146874185,84647780,5123,313.653046,32,220.893,-231.531,255,8
1778399146874681,84657731,5132,314.204102,33,230.081,-236.564,255,8
1778399146882063,84667702,5141,314.755096,33,232.346,-234.341,255,8
1778399146893893,84677652,5150,315.306122,32,227.480,-225.062,255,8
1778399146938009,84687626,5159,315.857147,33,236.810,-229.828,255,8
1778399146938588,84697582,5168,316.408173,33,239.009,-227.540,255,8
1778399146939050,84707558,5177,316.959198,33,241.186,-225.231,255,8
1778399146939629,84717512,5186,317.510193,33,243.341,-222.901,255,8
1778399146941505,84727493,5195,318.061218,33,245.474,-220.551,255,8
1778399146960615,84737451,5204,318.612244,34,255.086,-224.792,255,8
1778399146961285,84747427,5213,319.163269,34,257.236,-222.328,255,8
1778399147011677,84757381,5222,319.714294,34,259.362,-219.844,255,8
1778399147012245,84767359,5231,320.265320,33,253.774,-210.947,255,8
1778399147012811,84777314,5240,320.816315,33,255.791,-208.497,255,8
1778399147013267,84787294,5249,321.367340,32,249.973,-199.784,255,8
1778399147013656,84797255,5258,321.918365,32,251.882,-197.371,255,8
1778399147032086,84807234,5267,322.469391,32,253.769,-194.939,255,8
1778399147032653,84817192,5276,323.020416,32,255.632,-192.490,255,8
1778399147080946,84827169,5285,323.571442,32,257.471,-190.022,255,8
1778399147081510,84837126,5294,324.122437,33,267.389,-193.398,255,8
1778399147082049,84847106,5303,324.673462,32,261.078,-185.035,255,8
1778399147082541,84857061,5312,325.224487,32,262.846,-182.516,255,8
1778399147083019,84867033,5321,325.775513,32,264.589,-179.980,255,8
1778399147105069,84876988,5330,326.326538,32,266.308,-177.427,255,8
1778399147105548,84886960,5339,326.877563,32,268.002,-174.858,255,8
1778399147118895,84896912,5348,327.428558,32,269.671,-172.272,255,8
1778399147119906,84906890,5357,327.979584,30,254.358,-159.066,255,8
1778399147173250,84916837,5366,328.530609,31,264.405,-161.833,255,8
1778399147173820,84926817,5375,329.081635,31,265.949,-159.283,255,8
1778399147174327,84936777,5384,329.632660,31,267.469,-156.718,255,8
1778399147174886,84946753,5393,330.183655,31,268.963,-154.139,255,8
1778399147175346,84956709,5402,330.734711,31,270.433,-151.545,255,8
1778399147195873,84966686,5411,331.285706,31,271.878,-148.937,255,8
1778399147196574,84976636,5420,331.836731,30,264.482,-141.596,255,8
1778399147203847,84986618,5429,332.387756,30,265.831,-139.046,255,8
1778399147216566,84996574,5438,332.938782,30,267.156,-136.483,255,8
1778399147265287,85006559,5447,333.489807,30,268.456,-133.907,255,8
1778399147265843,85016515,5456,334.040802,30,269.732,-131.319,255,8
1778399147266360,85026494,5465,334.591827,30,270.982,-128.719,255,8
1778399147266894,85036443,5474,335.142853,30,272.208,-126.107,255,8
1778399147267427,85046418,5483,335.693878,29,264.294,-119.367,255,8
1778399147268392,85056377,5492,336.244904,30,274.583,-120.848,255,8
1778399147286336,85066351,5500,336.734680,30,275.606,-118.497,255,8
1778399147288235,85076305,5510,337.346954,29,267.628,-111.693,255,8
1778399147338999,85086283,5518,337.836731,29,268.573,-109.402,255,8
1778399147339533,85096237,5527,338.387756,29,269.612,-106.814,255,8
1778399147339990,85106215,5536,338.938782,30,279.959,-107.810,255,8
1778399147340410,85116167,5545,339.489777,30,280.983,-105.112,255,8
1778399147340776,85126147,5554,340.040833,30,281.981,-102.405,255,8
1778399147357061,85136099,5563,340.591827,29,273.521,-96.366,255,8
1778399147357645,85146078,5572,341.142853,30,283.898,-96.963,255,8
1778399147401964,85156032,5581,341.693878,28,265.830,-87.946,255,8
1778399147402528,85166005,5590,342.244904,28,266.663,-85.386,255,8
1778399147402955,85175966,5599,342.795929,29,277.025,-85.775,255,8
1778399147403337,85185943,5608,343.346924,29,277.837,-83.107,255,8
1778399147463178,85195891,5617,343.897980,29,278.623,-80.431,255,8
1778399147463804,85205869,5626,344.448975,29,279.384,-77.748,255,8
1778399147464260,85215823,5635,345.000000,29,280.118,-75.058,255,8
1778399147464794,85225804,5644,345.551025,29,280.827,-72.360,255,8
1778399147465272,85235757,5652,346.040833,29,281.436,-69.957,255,8
1778399147465694,85245732,5661,346.591827,28,272.368,-64.928,255,8
1778399147466577,85255683,5670,347.142853,28,272.980,-62.306,255,8
1778399147485050,85265668,5679,347.693878,28,273.566,-59.678,255,8
1778399147486408,85275629,5688,348.244904,29,283.918,-59.081,255,8
1778399147550723,85285608,5697,348.795929,29,284.473,-56.348,255,8
1778399147551343,85295560,5706,349.346924,29,285.002,-53.610,255,8
1778399147551929,85305538,5715,349.897949,28,275.659,-49.113,255,8
1778399147552447,85315493,5724,350.448975,28,276.119,-46.459,255,8
1778399147552930,85325467,5733,351.000000,28,276.553,-43.802,255,8
1778399147553385,85335426,5742,351.551025,29,286.853,-42.609,255,8
1778399147620419,85345402,5750,352.040802,29,287.206,-40.156,255,8
1778399147620934,85355351,5759,352.591858,28,277.663,-36.102,255,8
1778399147621357,85365333,5768,353.142853,28,277.997,-33.430,255,8
1778399147621689,85375284,5777,353.693878,28,278.306,-30.755,255,8
1778399147622110,85385259,5786,354.244904,28,278.589,-28.077,255,8
1778399147622468,85395204,5795,354.795898,28,278.846,-25.397,255,8
1778399147622853,85405179,5804,355.346954,28,279.077,-22.714,255,8
1778399147625116,85415137,5812,355.836731,28,279.261,-20.328,255,8
1778399147695758,85455002,5848,358.040802,28,279.836,-9.573,255,8
1778399147696251,85464983,5857,358.591827,28,279.915,-6.881,255,8
1778399147696752,85474933,5866,359.142853,28,279.969,-4.189,255,8
1778399147715173,85504847,12,0.734694,28,279.977,3.590,255,8
1778399147765427,85514802,21,1.285714,28,279.930,6.283,255,8
1778399147766030,85524784,30,1.836735,28,279.856,8.974,255,8
1778399147832304,85584586,84,5.142857,28,278.873,25.099,255,8
1778399147832801,85594540,92,5.632653,28,278.648,27.482,255,8
1778399147833282,85604523,101,6.183673,28,278.371,30.160,255,8
1778399147833793,85624453,119,7.285715,28,277.739,35.509,255,8
1778399147896391,85634408,128,7.836735,28,277.385,38.178,255,8
1778399147896862,85644390,137,8.387755,28,277.005,40.844,255,8
1778399147897413,85664328,155,9.489796,28,276.168,46.164,255,8
1778399147897805,85674287,164,10.040816,28,275.711,48.818,255,8
1778399147967366,85714164,199,12.183673,28,273.693,59.093,255,8
1778399147967821,85724147,208,12.734694,28,273.112,61.722,255,8
1778399147984274,85764029,242,14.816327,28,270.690,71.602,255,8
1778399147984727,85773985,251,15.367347,28,269.989,74.202,255,8
1778399148029419,85783966,260,15.918367,28,269.263,76.795,255,8
1778399148029903,85793925,268,16.408163,28,268.597,79.094,255,8
1778399148030381,85803908,277,16.959185,28,267.824,81.673,255,8
1778399148030797,85813861,286,17.510204,28,267.026,84.245,255,8
1778399148202379,85973358,326,19.959183,28,263.182,95.578,255,8
1778399148203031,85983337,325,19.897959,28,263.284,95.297,255,8
1778399148311389,86083016,290,17.755102,28,266.663,85.386,255,8
1778399148608091,86362068,151,9.244898,28,276.363,44.983,255,8
1778399148722607,86501580,66,4.040816,28,279.304,19.731,255,8
1778399148774457,86541443,40,2.448980,28,279.744,11.964,255,8
1778399148892957,86661062,5837,357.367340,28,279.704,-12.861,255,8
1778399148893485,86690956,5815,356.020416,28,279.325,-19.432,255,8
1778399148938317,86700944,5808,355.591858,28,279.172,-21.521,255,8
1778399148938974,86710906,5800,355.102051,28,278.978,-23.907,255,8
1778399148939584,86720892,5793,354.673462,28,278.791,-25.993,255,8
1778399148954746,86750800,5770,353.265320,28,278.068,-32.836,255,8
1778399148995915,86760779,5762,352.775513,28,277.777,-35.212,255,8
1778399148996515,86770738,5754,352.285706,28,277.466,-37.585,255,8
1778399148996924,86780718,5747,351.857147,28,277.177,-39.660,255,8
1778399149012176,86810610,5723,350.387756,28,276.069,-46.754,255,8
1778399149051169,86820591,5715,349.897949,28,275.659,-49.113,255,8
1778399149051674,86830548,5707,349.408173,28,275.229,-51.467,255,8
1778399149052256,86840531,5699,348.918365,28,274.779,-53.818,255,8
1778399149052947,86850486,5691,348.428558,28,274.309,-56.165,255,8
1778399149069485,86860465,5683,347.938782,29,283.598,-60.597,255,8
1778399149076264,86870420,5674,347.387756,29,283.002,-63.322,255,8
1778399149087959,86880399,5666,346.897980,28,272.711,-63.472,255,8
1778399149128502,86890348,5658,346.408142,28,272.158,-65.801,255,8
1778399149128901,86900328,5649,345.857147,29,281.210,-70.859,255,8
1778399149129305,86910283,5641,345.367340,28,270.918,-70.734,255,8
1778399149129649,86920258,5632,344.816345,28,270.226,-73.336,255,8
1778399149130898,86930217,5624,344.326508,28,269.589,-75.643,255,8
1778399149144979,86940191,5615,343.775513,29,278.451,-81.026,255,8
1778399149187285,86950139,5607,343.285706,29,277.748,-83.404,255,8
1778399149187786,86960119,5598,342.734680,29,276.933,-86.071,255,8
1778399149188189,86970071,5589,342.183685,28,266.572,-85.671,255,8
1778399149188540,86980052,5580,341.632660,28,265.736,-88.230,255,8
1778399149203007,86990006,5572,341.142853,29,274.435,-93.731,255,8
1778399149203436,86999986,5563,340.591827,29,273.521,-96.366,255,8
1778399149246591,87009943,5554,340.040833,29,272.581,-98.992,255,8
1778399149247093,87019926,5545,339.489777,29,271.617,-101.609,255,8
1778399149247707,87029876,5536,338.938782,30,279.959,-107.810,255,8
1778399149248146,87039859,5526,338.326538,29,269.498,-107.102,255,8
1778399149249752,87049810,5518,337.836731,29,268.573,-109.402,255,8
1778399149264909,87059785,5508,337.224487,29,267.388,-112.265,255,8
1778399149271974,87069741,5499,336.673462,29,266.296,-114.832,255,8
1778399149284315,87079716,5490,336.122437,29,265.180,-117.387,255,8
1778399149327612,87089669,5480,335.510223,29,263.910,-120.214,255,8
1778399149328132,87099649,5471,334.959167,29,262.742,-122.747,255,8
1778399149328799,87109593,5462,334.408173,29,261.549,-125.268,255,8
1778399149329296,87119575,5452,333.795898,30,269.168,-132.471,255,8
1778399149329753,87129529,5442,333.183685,30,267.737,-135.340,255,8
1778399149346567,87139509,5433,332.632660,30,266.423,-137.908,255,8
1778399149390503,87149462,5423,332.020416,30,264.934,-140.747,255,8
1778399149390978,87159437,5414,331.469391,30,263.569,-143.288,255,8
1778399149391458,87169386,5404,330.857147,30,262.022,-146.097,255,8
1778399149391917,87179361,5394,330.244904,30,260.446,-148.888,255,8
1778399149392379,87189314,5384,329.632660,30,258.841,-151.663,255,8
1778399149411225,87199294,5374,329.020386,31,265.779,-159.567,255,8
1778399149411794,87209243,5365,328.469391,31,264.232,-162.116,255,8
1778399149424524,87219223,5355,327.857147,31,262.485,-164.930,255,8
1778399149467241,87229181,5345,327.244904,31,260.707,-167.725,255,8
1778399149467791,87239162,5335,326.632660,31,258.900,-170.501,255,8
1778399149468268,87249117,5325,326.020416,31,257.063,-173.258,255,8
1778399149468719,87259092,5315,325.408173,32,263.430,-181.672,255,8
1778399149469168,87269055,5305,324.795929,31,253.302,-178.712,255,8
1778399149488307,87279032,5295,324.183655,32,259.487,-187.260,255,8
1778399149488884,87288991,5286,323.632660,32,257.674,-189.747,255,8
1778399149534619,87298966,5276,323.020416,32,255.632,-192.490,255,8
1778399149535125,87308927,5266,322.408142,32,253.560,-195.210,255,8
1778399149535590,87318911,5256,321.795929,32,251.460,-197.909,255,8
1778399149536057,87328861,5246,321.183685,32,249.331,-200.584,255,8
1778399149537102,87338844,5236,320.571411,32,247.173,-203.237,255,8
1778399149553107,87348801,5226,319.959198,32,244.988,-205.867,255,8
1778399149609092,87358782,5216,319.346924,32,242.774,-208.473,255,8
1778399149609702,87368735,5207,318.795929,32,240.758,-210.798,255,8
1778399149610183,87378711,5197,318.183685,32,238.492,-213.358,255,8
1778399149610649,87388666,5187,317.571411,32,236.198,-215.895,255,8
1778399149611185,87398643,5177,316.959198,33,241.186,-225.231,255,8
1778399149611727,87408598,5167,316.346954,33,238.766,-227.796,255,8
1778399149629596,87418583,5157,315.734680,34,243.479,-237.314,255,8
1778399149630319,87428537,5148,315.183685,34,241.186,-239.644,255,8
1778399149677971,87438518,5138,314.571411,34,238.611,-242.208,255,8
1778399149678544,87448474,5128,313.959167,33,229.068,-237.545,255,8
1778399149679002,87458457,5118,313.346954,33,226.517,-239.979,255,8
1778399149679428,87468413,5108,312.734680,33,223.939,-242.386,255,8
1778399149679859,87478395,5098,312.122437,33,221.337,-244.765,255,8
1778399149695959,87488349,5089,311.571442,33,218.973,-246.883,255,8
1778399149696464,87498327,5079,310.959167,32,209.767,-241.657,255,8
1778399149742685,87508280,5069,310.346954,32,207.173,-243.884,255,8
1778399149743220,87518257,5059,309.734680,32,204.555,-246.084,255,8
1778399149743756,87528212,5050,309.183685,32,202.179,-248.040,255,8
1778399149744225,87538195,5040,308.571442,32,199.517,-250.186,255,8
1778399149745132,87548151,5030,307.959167,32,196.832,-252.304,255,8
1778399149762116,87558128,5020,307.346924,32,194.125,-254.393,255,8
1778399149814484,87568089,5010,306.734711,32,191.395,-256.452,255,8
1778399149815059,87578065,5001,306.183655,32,188.920,-258.281,255,8
1778399149815595,87588013,4991,305.571442,31,180.332,-252.151,255,8
1778399149816223,87597985,4981,304.959167,31,177.628,-254.064,255,8
1778399149816717,87607936,4971,304.346924,31,174.903,-255.947,255,8
1778399149817209,87617915,4962,303.795929,31,172.433,-257.617,255,8
1778399149834603,87627866,4952,303.183655,31,169.671,-259.445,255,8
1778399149835131,87637844,4942,302.571442,31,166.889,-261.243,255,8
1778399149897559,87647798,4932,301.959198,31,164.088,-263.012,255,8
1778399149898089,87657773,4923,301.408142,31,161.551,-264.578,255,8
1778399149898613,87667732,4913,300.795929,31,158.714,-266.289,255,8
1778399149899078,87677710,4903,300.183685,31,155.860,-267.970,255,8
1778399149899570,87687670,4894,299.632660,31,153.276,-269.456,255,8
1778399149899931,87697655,4884,299.020416,31,150.388,-271.079,255,8
1778399149916832,87707608,4874,298.408142,31,147.482,-272.670,255,8
1778399149917438,87717592,4864,297.795929,31,144.560,-274.230,255,8
1778399149924428,87727547,4854,297.183685,31,141.622,-275.759,255,8
1778399149988069,87737522,4845,296.632660,30,134.481,-268.170,255,8
1778399149988579,87747485,4835,296.020416,31,135.994,-278.578,255,8
1778399149988963,87757464,4825,295.408173,31,133.010,-280.015,255,8
1778399149989358,87767416,4816,294.857147,30,126.107,-272.208,255,8
1778399149989764,87777395,4806,294.244904,30,123.191,-273.540,255,8
1778399149990127,87787348,4796,293.632629,30,120.261,-274.840,255,8
1778399150006578,87797327,4786,293.020416,30,117.318,-276.110,255,8
1778399150007110,87807283,4776,292.408173,30,114.361,-277.348,255,8
1778399150012641,87817261,4767,291.857147,30,111.688,-278.434,255,8
1778399150025534,87827210,4757,291.244904,30,108.707,-279.612,255,8
1778399150069148,87837192,4747,290.632660,30,105.713,-280.758,255,8
1778399150069771,87847140,4738,290.081635,30,103.008,-281.761,255,8
1778399150070197,87857119,4728,289.469391,30,99.991,-282.846,255,8
1778399150070553,87867071,4718,288.857147,30,96.963,-283.898,255,8
1778399150072272,87877047,4708,288.244904,30,93.924,-284.918,255,8
1778399150088455,87886991,4699,287.693878,30,91.179,-285.808,255,8
1778399150130867,87896978,4689,287.081635,30,88.120,-286.766,255,8
1778399150131357,87906916,4679,286.469391,30,85.051,-287.691,255,8
1778399150131743,87916898,4670,285.918365,30,82.280,-288.496,255,8
1778399150132083,87926850,4660,285.306122,30,79.193,-289.359,255,8
1778399150132473,87936824,4650,284.693878,30,76.096,-290.188,255,8
1778399150148937,87946771,4640,284.081635,30,72.991,-290.985,255,8
1778399150161783,87956746,4630,283.469391,29,67.548,-282.023,255,8
1778399150162184,87966698,4621,282.918365,29,64.833,-282.660,255,8
1778399150212049,87976671,4611,282.306122,29,61.809,-283.337,255,8
1778399150212597,87986623,4601,281.693878,29,58.778,-283.981,255,8
1778399150213164,87996597,4592,281.142853,30,57.977,-294.345,255,8
1778399150213622,88006546,4582,280.530609,30,54.828,-294.947,255,8
1778399150213968,88016520,4572,279.918365,30,51.673,-295.516,255,8
1778399150273962,88026472,4563,279.367340,29,47.201,-286.133,255,8
1778399150274539,88036446,4553,278.755096,29,44.141,-286.621,255,8
1778399150275148,88046395,4543,278.142853,30,42.492,-296.975,255,8
1778399150275633,88056371,4534,277.591827,30,39.635,-297.370,255,8
1778399150276071,88066320,4524,276.979614,30,36.455,-297.777,255,8
1778399150276539,88076296,4514,276.367340,30,33.271,-298.149,255,8
1778399150293925,88086251,4505,275.816315,30,30.402,-298.456,255,8
1778399150294432,88096224,4495,275.204102,30,27.211,-298.763,255,8
1778399150301919,88106170,4485,274.591827,30,24.017,-299.037,255,8
1778399150314944,88116147,4476,274.040833,30,21.140,-299.254,255,8
1778399150362238,88126099,4466,273.428558,30,17.941,-299.463,255,8
1778399150362793,88136075,4456,272.816315,30,14.740,-299.638,255,8
1778399150363279,88146031,4447,272.265320,30,11.858,-299.766,255,8
1778399150363775,88156008,4437,271.653046,30,8.654,-299.875,255,8
1778399150364234,88165954,4427,271.040833,30,5.449,-299.951,255,8
1778399150381140,88175925,4418,270.489807,30,2.565,-299.989,255,8
1778399150381546,88185870,4408,269.877533,30,-0.641,-299.999,255,8
1778399150423693,88195845,4398,269.265320,30,-3.847,-299.975,255,8
1778399150424240,88205791,4388,268.653046,30,-7.052,-299.917,255,8
1778399150424663,88215755,4379,268.102051,29,-9.605,-289.841,255,8
1778399150425137,88225711,4369,267.489807,30,-13.139,-299.712,255,8
1778399150440922,88235680,4360,266.938782,30,-16.021,-299.572,255,8
1778399150441360,88245628,4350,266.326538,30,-19.221,-299.384,255,8
1778399150453443,88255602,4340,265.714294,30,-22.419,-299.161,255,8
1778399150497904,88265553,4331,265.163269,29,-24.452,-288.967,255,8
1778399150498458,88275525,4321,264.551025,30,-28.488,-298.644,255,8
1778399150498996,88285472,4312,264.000000,30,-31.359,-298.357,255,8
1778399150499537,88295443,4302,263.387756,30,-34.545,-298.004,255,8
1778399150500158,88305388,4292,262.775513,30,-37.727,-297.618,255,8
1778399150518950,88315365,4282,262.163269,30,-40.905,-297.198,255,8
1778399150519408,88325319,4273,261.612244,30,-43.761,-296.791,255,8
1778399150570249,88335296,4263,261.000000,30,-46.930,-296.307,255,8
1778399150570817,88345251,4254,260.448975,29,-48.119,-285.980,255,8
1778399150571364,88355229,4244,259.836731,30,-52.936,-295.293,255,8
1778399150571797,88365184,4234,259.224487,30,-56.088,-294.710,255,8
1778399150572289,88375161,4225,258.673462,30,-58.920,-294.157,255,8
1778399150631831,88385112,4215,258.061218,30,-62.060,-293.511,255,8
1778399150632415,88395090,4205,257.448975,30,-65.193,-292.831,255,8
1778399150632952,88405048,4196,256.897980,30,-68.006,-292.190,255,8
1778399150633421,88415024,4186,256.285706,31,-73.495,-301.162,255,8
1778399150633905,88424978,4177,255.734711,31,-76.388,-300.441,255,8
1778399150634449,88434954,4167,255.122452,30,-77.026,-289.943,255,8
1778399150654491,88444907,4157,254.510193,31,-82.791,-298.740,255,8
1778399150655127,88454883,4148,253.959183,31,-85.660,-297.930,255,8
1778399150656607,88464838,4138,253.346939,31,-88.838,-296.998,255,8
1778399150706901,88474815,4128,252.734680,31,-92.007,-296.032,255,8
1778399150707671,88484769,4119,252.183670,31,-94.850,-295.133,255,8
1778399150708322,88494747,4109,251.571426,30,-94.837,-284.616,255,8
1778399150709066,88504700,4100,251.020416,31,-100.822,-293.147,255,8
1778399150709527,88514680,4090,250.408157,35,-117.361,-329.737,255,8
1778399150727053,88524635,4080,249.795929,37,-127.785,-347.233,255,8
1778399150727605,88534618,4071,249.244888,37,-131.119,-345.988,255,8
1778399150779301,88544575,4062,248.693878,37,-134.440,-344.711,255,8
1778399150779928,88554561,4052,248.081635,37,-138.116,-343.255,255,8
1778399150780359,88564516,4042,247.469376,37,-141.776,-341.760,255,8
1778399150780727,88574501,4033,246.918365,37,-145.056,-340.380,255,8
1778399150781189,88584453,4023,246.306122,37,-148.684,-338.811,255,8
1778399150798481,88594432,4014,245.755112,37,-151.936,-337.366,255,8
1778399150799007,88604385,4004,245.142853,37,-155.532,-335.723,255,8
1778399150848186,88614362,3995,244.591843,37,-158.754,-334.211,255,8
1778399150848684,88624323,3985,243.979584,37,-162.316,-332.496,255,8
1778399150849174,88634307,3976,243.428574,37,-165.506,-330.920,255,8
1778399150849658,88644259,3966,242.816330,37,-169.032,-329.132,255,8
1778399150850149,88654247,3957,242.265320,37,-172.190,-327.491,255,8
1778399150866032,88664206,3947,241.653061,37,-175.679,-325.633,255,8
1778399150866552,88674189,3938,241.102036,38,-183.635,-332.683,255,8
1778399150874942,88684144,3928,240.489807,38,-187.180,-330.702,255,8
1778399150921788,88694121,3919,239.938766,38,-190.352,-328.886,255,8
1778399150922344,88704071,3909,239.326538,38,-193.855,-326.834,255,8
1778399150922705,88714042,3900,238.775497,38,-196.989,-324.954,255,8
1778399150923111,88724003,3890,238.163269,38,-200.450,-322.831,255,8
1778399150924153,88733980,3881,237.612244,38,-203.546,-320.888,255,8
1778399150940366,88743940,3871,237.000015,38,-206.963,-318.695,255,8
1778399150955597,88753918,3862,236.448975,39,-215.545,-325.024,255,8
1778399150956091,88763873,3852,235.836731,39,-219.006,-322.702,255,8
1778399151007408,88773848,3843,235.285721,39,-222.099,-320.581,255,8
1778399151007788,88783800,3833,234.673462,39,-225.512,-318.189,255,8
1778399151008192,88793772,3824,234.122452,39,-228.561,-316.006,255,8
1778399151008524,88803730,3814,233.510193,39,-231.925,-313.545,255,8
1778399151008949,88813712,3805,232.959183,39,-234.930,-311.301,255,8
1778399151023244,88823665,3796,232.408157,39,-237.913,-309.027,255,8
1778399151023729,88833642,3786,231.795929,39,-241.201,-306.467,255,8
1778399151065539,88843597,3777,231.244888,40,-250.397,-311.931,255,8
1778399151065965,88853581,3767,230.632660,40,-253.716,-309.238,255,8
1778399151066374,88863535,3758,230.081635,40,-256.678,-306.784,255,8
1778399151066749,88873516,3749,229.530609,40,-259.617,-304.301,255,8
1778399151082796,88883468,3739,228.918365,41,-269.425,-309.047,255,8
1778399151083232,88893445,3730,228.367355,41,-272.384,-306.442,255,8
1778399151096027,88903399,3721,227.816315,42,-282.034,-311.218,255,8
1778399151102442,88913383,3711,227.204086,42,-285.343,-308.187,255,8
1778399151114432,88923336,3702,226.653061,42,-288.294,-305.428,255,8
1778399151159598,88933312,3693,226.102051,42,-291.218,-302.642,255,8
1778399151160117,88943263,3683,225.489792,41,-287.425,-292.381,255,8
1778399151160608,88953242,3674,224.938782,41,-290.223,-289.604,255,8
1778399151161085,88963192,3665,224.387741,41,-292.995,-286.799,255,8
1778399151161839,88973171,3655,223.775513,41,-296.043,-283.652,255,8
1778399151179228,88983121,3646,223.224487,41,-298.757,-280.792,255,8
1778399151191879,88993099,3637,222.673477,41,-301.444,-277.906,255,8
1778399151192398,89003053,3627,222.061218,41,-304.396,-274.669,255,8
1778399151243858,89013035,3618,221.510208,41,-307.023,-271.729,255,8
1778399151244492,89022986,3609,220.959183,41,-309.622,-268.764,255,8
1778399151244900,89032958,3600,220.408173,41,-312.193,-265.774,255,8
1778399151245322,89042914,3590,219.795914,41,-315.015,-262.423,255,8
1778399151245729,89052893,3581,219.244904,41,-317.524,-259.381,255,8
1778399151260754,89062847,3572,218.693863,40,-312.199,-250.064,255,8
1778399151261414,89072823,3562,218.081635,40,-314.853,-246.713,255,8
1778399151306128,89082778,3553,217.530609,40,-317.211,-243.674,255,8
1778399151306586,89092756,3544,216.979599,40,-319.540,-240.612,255,8
1778399151307126,89102709,3535,216.428558,40,-321.839,-237.528,255,8
1778399151307659,89112693,3525,215.816330,40,-324.359,-234.076,255,8
1778399151324782,89122648,3516,215.265305,40,-326.595,-230.945,255,8
1778399151325425,89132637,3507,214.714279,40,-328.801,-227.794,255,8
1778399151332110,89142591,3498,214.163269,40,-330.976,-224.621,255,8
1778399151382602,89152577,3488,213.551025,40,-333.358,-221.072,255,8
1778399151383138,89162527,3479,212.999985,40,-335.468,-217.856,255,8
1778399151383606,89172513,3470,212.448975,40,-337.548,-214.619,255,8
1778399151384036,89182465,3461,211.897964,40,-339.596,-211.363,255,8
1778399151384356,89192445,3452,211.346939,40,-341.613,-208.088,255,8
1778399151435972,89202401,3443,210.795929,40,-343.599,-204.793,255,8
1778399151436467,89212383,3433,210.183670,40,-345.767,-201.109,255,8
1778399151436909,89222341,3424,209.632660,39,-338.993,-192.831,255,8
1778399151437356,89232324,3415,209.081619,39,-340.832,-189.561,255,8
1778399151437715,89242275,3406,208.530609,40,-351.425,-191.051,255,8
1778399151439255,89252257,3397,207.979584,39,-344.415,-182.971,255,8
1778399151456351,89262214,3388,207.428574,39,-346.158,-179.651,255,8
1778399151459032,89272198,3378,206.816315,39,-348.058,-175.941,255,8
1778399151506402,89282154,3369,206.265305,39,-349.734,-172.586,255,8
1778399151506925,89292135,3360,205.714294,40,-360.388,-173.554,255,8
1778399151507444,89302087,3351,205.163269,39,-352.989,-165.828,255,8
1778399151507958,89312061,3342,204.612244,39,-354.567,-162.425,255,8
1778399151508560,89322010,3332,204.000000,39,-356.283,-158.627,255,8
1778399151523557,89331988,3323,203.448990,39,-357.792,-155.194,255,8
1778399151577935,89341929,3314,202.897949,39,-359.268,-151.745,255,8
1778399151578465,89351912,3305,202.346939,40,-369.959,-152.086,255,8
1778399151578924,89361862,3296,201.795914,39,-362.120,-144.808,255,8
1778399151579436,89371833,3286,201.183685,39,-363.646,-140.930,255,8
1778399151579938,89381785,3278,200.693893,40,-374.193,-141.350,255,8
1778399151580382,89391759,3268,200.081635,39,-366.290,-133.910,255,8
1778399151598276,89401715,3259,199.530624,39,-367.561,-130.381,255,8
1778399151598831,89411695,3250,198.979584,39,-368.797,-126.840,255,8
1778399151667492,89421653,3241,198.428574,38,-360.513,-120.126,255,8
1778399151667989,89431638,3232,197.877548,39,-371.169,-119.724,255,8
1778399151668501,89441595,3223,197.326538,39,-372.303,-116.149,255,8
1778399151668981,89451576,3214,196.775497,39,-373.403,-112.563,255,8
1778399151669352,89461534,3204,196.163269,39,-374.584,-108.566,255,8
1778399151669761,89471514,3195,195.612244,39,-375.611,-104.959,255,8
1778399151670118,89481466,3186,195.061218,40,-386.259,-103.940,255,8
1778399151706466,89491446,3177,194.510208,39,-377.560,-97.715,255,8
1778399151707025,89501400,3168,193.959183,38,-368.778,-91.668,255,8
1778399151707452,89511387,3159,193.408173,39,-379.370,-90.436,255,8
1778399151707840,89521340,3150,192.857132,39,-380.222,-86.783,255,8
1778399151773798,89531314,3141,192.306122,39,-381.039,-83.123,255,8
1778399151774438,89541268,3132,191.755096,39,-381.821,-79.454,255,8
1778399151775031,89551241,3123,191.204086,39,-382.567,-75.779,255,8
1778399151775540,89561191,3114,190.653076,39,-383.278,-72.096,255,8
1778399151776007,89571175,3105,190.102036,39,-383.954,-68.407,255,8
1778399151776392,89581131,3096,189.551025,40,-394.455,-66.370,255,8
1778399151776771,89591111,3086,188.938766,39,-385.263,-60.598,255,8
1778399151824798,89601070,3077,188.387756,39,-385.828,-56.890,255,8
1778399151825396,89611049,3068,187.836731,40,-396.264,-54.540,255,8
1778399151825854,89621007,3059,187.285721,37,-367.013,-46.922,255,8
1778399151826257,89630985,3050,186.734680,34,-337.654,-39.872,255,8
1778399151826610,89640941,3041,186.183670,34,-338.022,-36.623,255,8
1778399151843271,89650918,3032,185.632660,34,-338.358,-33.371,255,8
1778399151850759,89660865,3023,185.081635,34,-338.664,-30.116,255,8
1778399151863002,89670858,3014,184.530609,34,-338.938,-26.857,255,8
1778399151912045,89680811,3005,183.979584,34,-339.180,-23.596,255,8
1778399151913129,89690788,2996,183.428574,34,-339.391,-20.333,255,8
1778399151913656,89700738,2986,182.816315,34,-339.589,-16.706,255,8
1778399151914181,89710726,2977,182.265305,35,-349.726,-13.834,255,8
1778399151914510,89720680,2968,181.714294,35,-349.843,-10.470,255,8
1778399151914925,89730653,2959,181.163269,35,-349.928,-7.106,255,8
1778399151932311,89740608,2950,180.612259,35,-349.980,-3.740,255,8
1778399151934663,89750582,2941,180.061218,36,-360.000,-0.385,255,8
1778399151951441,89760537,2932,179.510208,36,-359.987,3.077,255,8
1778399151997777,89770516,2923,178.959183,36,-359.941,6.539,255,8
1778399151998217,89780472,2914,178.408157,36,-359.861,10.001,255,8
1778399151998553,89790445,2905,177.857147,36,-359.748,13.461,255,8
1778399151998877,89800408,2896,177.306122,36,-359.602,16.920,255,8
1778399151999194,89810390,2886,176.693878,36,-359.401,20.761,255,8
1778399152014497,89820351,2877,176.142853,35,-349.207,23.544,255,8
1778399152014946,89830333,2868,175.591827,35,-348.965,26.901,255,8
1778399152056960,89840288,2859,175.040817,35,-348.690,30.256,255,8
1778399152057338,89850268,2850,174.489792,36,-358.336,34.568,255,8
1778399152057718,89860226,2841,173.938782,36,-357.987,38.013,255,8
1778399152058100,89870206,2832,173.387756,36,-357.605,41.454,255,8
1778399152073057,89880157,2823,172.836731,36,-357.190,44.891,255,8
1778399152073519,89890138,2814,172.285706,37,-366.651,49.666,255,8
1778399152087984,89900092,2805,171.734695,37,-366.157,53.190,255,8
1778399152095036,89910071,2796,171.183670,36,-355.747,55.176,255,8
1778399152142311,89920023,2787,170.632660,36,-355.199,58.595,255,8
1778399152142747,89930001,2778,170.081635,36,-354.619,62.008,255,8
1778399152143071,89939951,2769,169.530609,36,-354.007,65.416,255,8
1778399152143503,89949927,2760,168.979599,36,-353.361,68.817,255,8
1778399152143874,89959881,2750,168.367340,36,-352.606,72.589,255,8
1778399152159669,89969856,2741,167.816330,36,-351.891,75.977,255,8
1778399152206101,89979806,2732,167.265305,36,-351.144,79.357,255,8
1778399152206675,89989785,2723,166.714294,36,-350.365,82.730,255,8
1778399152207157,89999738,2714,166.163269,37,-359.263,88.488,255,8
1778399152207549,90009712,2705,165.612244,36,-348.709,89.454,255,8
1778399152207891,90019661,2696,165.061218,36,-347.833,92.803,255,8
1778399152223611,90029631,2687,164.510193,37,-356.561,98.815,255,8
1778399152224216,90039586,2678,163.959183,36,-345.983,99.476,255,8
1778399152231840,90049558,2669,163.408173,36,-345.011,102.799,255,8
1778399152281851,90059510,2660,162.857147,36,-344.006,106.112,255,8
1778399152282412,90069485,2651,162.306122,36,-342.970,109.415,255,8
1778399152282828,90079433,2642,161.755096,35,-332.404,109.578,255,8
1778399152283212,90089408,2633,161.204071,35,-331.335,112.769,255,8
1778399152283583,90099359,2624,160.653061,35,-330.235,115.951,255,8
1778399152333019,90109334,2615,160.102051,36,-338.508,122.525,255,8
1778399152333595,90119286,2606,159.551025,36,-337.314,125.774,255,8
1778399152334041,90129266,2597,159.000000,36,-336.089,129.012,255,8
1778399152334525,90139217,2588,158.448975,35,-325.532,128.565,255,8
1778399152334965,90149193,2579,157.897949,35,-324.280,131.690,255,8
1778399152349982,90159142,2570,157.346939,41,-378.370,157.912,255,8
1778399152350661,90169112,2561,156.795914,41,-376.834,161.543,255,8
1778399152363195,90179063,2552,156.244904,42,-384.416,169.188,255,8
1778399152374740,90189037,2543,155.693878,43,-391.885,176.993,255,8
1778399152414533,90198984,2534,155.142853,43,-390.164,180.754,255,8
1778399152415010,90208955,2525,154.591843,43,-388.408,184.497,255,8
1778399152415448,90218906,2516,154.040817,42,-377.625,183.847,255,8
1778399152415831,90228874,2507,153.489792,42,-375.839,187.470,255,8
1778399152431910,90238825,2498,152.938782,42,-374.019,191.076,255,8
1778399152432382,90248796,2490,152.448975,39,-345.774,180.390,255,8
1778399152477747,90258750,2481,151.897964,38,-335.202,178.996,255,8
1778399152478211,90268717,2472,151.346939,38,-333.465,182.212,255,8
1778399152478735,90278665,2463,150.795914,37,-322.968,180.531,255,8
1778399152479206,90288639,2454,150.244888,37,-321.217,183.629,255,8
1778399152479625,90298584,2445,149.693878,38,-328.070,191.756,255,8
1778399152494675,90308560,2436,149.142853,38,-326.211,194.902,255,8
1778399152502108,90318512,2427,148.591843,42,-358.460,218.875,255,8
1778399152513035,90328486,2418,148.040817,45,-381.791,238.192,255,8
1778399152554468,90338432,2409,147.489792,46,-387.916,247.227,255,8
1778399152554923,90348407,2400,146.938782,47,-393.901,256.401,255,8
1778399152555338,90358358,2392,146.448975,47,-391.695,259.759,255,8
1778399152555746,90368327,2383,145.897949,46,-380.899,257.908,255,8
1778399152572291,90378274,2374,145.346939,46,-378.401,261.559,255,8
1778399152572707,90388248,2365,144.795914,46,-375.868,265.186,255,8
1778399152614315,90398199,2356,144.244904,46,-373.300,268.788,255,8
1778399152614780,90408169,2347,143.693878,46,-370.698,272.366,255,8
1778399152615353,90418118,2338,143.142853,45,-360.060,269.920,255,8
1778399152615716,90428086,2330,142.653061,45,-357.740,272.988,255,8
1778399152630746,90438036,2321,142.102036,45,-355.098,276.416,255,8
1778399152631302,90448002,2312,141.551010,45,-352.423,279.818,255,8
1778399152644890,90457945,2303,141.000000,45,-349.716,283.194,255,8
1778399152652292,90467919,2294,140.448990,45,-346.976,286.544,255,8
1778399152701674,90477865,2286,139.959183,45,-344.514,289.500,255,8
1778399152702137,90487834,2277,139.408173,44,-334.120,286.293,255,8
1778399152702530,90497785,2268,138.857147,44,-331.351,289.493,255,8
1778399152702887,90507757,2259,138.306122,44,-328.552,292.666,255,8
1778399152703260,90517703,2250,137.755096,44,-325.722,295.812,255,8
1778399152753920,90527680,2242,137.265305,44,-323.182,298.586,255,8
1778399152754354,90537634,2233,136.714279,44,-320.295,301.680,255,8
1778399152754808,90547606,2224,136.163269,44,-317.379,304.747,255,8
1778399152755210,90557551,2215,135.612244,44,-314.434,307.785,255,8
1778399152755587,90567529,2206,135.061234,44,-311.459,310.794,255,8
1778399152756796,90577485,2197,134.510208,43,-301.446,306.644,255,8
1778399152773131,90587462,2189,134.020401,42,-291.864,302.019,255,8
1778399152785986,90597407,2180,133.469391,42,-288.946,304.812,255,8
1778399152786525,90607384,2171,132.918365,42,-286.001,307.576,255,8
1778399152837379,90617329,2162,132.367340,42,-283.030,310.313,255,8
1778399152837956,90627309,2154,131.877548,42,-280.367,312.721,255,8
1778399152838345,90637256,2145,131.326538,42,-277.347,315.403,255,8
1778399152838721,90647232,2136,130.775513,42,-274.301,318.055,255,8
1778399152839046,90657184,2127,130.224487,41,-264.771,313.043,255,8
1778399152853862,90667163,2119,129.734695,40,-255.693,307.605,255,8
1778399152857807,90677114,2110,129.183670,40,-252.723,310.050,255,8
1778399152897666,90687086,2101,128.632645,41,-255.973,320.278,255,8
1778399152898091,90697038,2092,128.081635,41,-252.881,322.724,255,8
1778399152898466,90707012,2084,127.591835,41,-250.113,324.874,255,8
1778399152898837,90716958,2075,127.040810,41,-246.977,327.265,255,8
1778399152912341,90726942,2066,126.489792,41,-243.819,329.625,255,8
1778399152924379,90736890,2057,125.938782,41,-240.637,331.954,255,8
1778399152925260,90746866,2049,125.448975,41,-237.791,333.999,255,8
1778399152977320,90756817,2040,124.897964,41,-234.568,336.271,255,8
1778399152977970,90766797,2031,124.346939,41,-231.323,338.511,255,8
1778399152978405,90776753,2023,123.857140,40,-222.850,332.172,255,8
1778399152978974,90786738,2014,123.306129,40,-219.645,334.299,255,8
1778399152979384,90796681,2005,122.755104,40,-216.420,336.396,255,8
1778399152993445,90806667,1996,122.204079,41,-218.504,346.924,255,8
1778399152994580,90816621,1988,121.714287,41,-215.530,348.779,255,8
1778399153039613,90826601,1979,121.163269,40,-206.991,342.278,255,8
1778399153040286,90836547,1971,120.673477,40,-204.058,344.035,255,8
1778399153040804,90846532,1962,120.122452,40,-200.740,345.982,255,8
1778399153041461,90856488,1953,119.571426,40,-197.403,347.896,255,8
1778399153058894,90866464,1945,119.081635,39,-189.562,340.832,255,8
1778399153059375,90876413,1936,118.530617,39,-186.275,342.639,255,8
1778399153064663,90886390,1927,117.979591,39,-182.971,344.415,255,8
1778399153076403,90896339,1919,117.489799,39,-180.020,345.966,255,8
1778399153114980,90906315,1910,116.938774,39,-176.685,347.682,255,8
1778399153115481,90916267,1902,116.448982,39,-173.706,349.179,255,8
1778399153116056,90926254,1893,115.897964,39,-170.340,350.834,255,8
1778399153116559,90936207,1884,115.346939,39,-166.958,352.456,255,8
1778399153133874,90946180,1876,114.857147,39,-163.939,353.870,255,8
1778399153134404,90956133,1867,114.306122,39,-160.529,355.430,255,8
1778399153175623,90966120,1859,113.816330,39,-157.484,356.789,255,8
1778399153176114,90976073,1850,113.265312,39,-154.046,358.287,255,8
1778399153176528,90986056,1842,112.775505,39,-150.977,359.591,255,8
1778399153176903,90996008,1833,112.224495,39,-147.512,361.026,255,8
1778399153192576,91005990,1825,111.734688,39,-144.421,362.274,255,8
1778399153193227,91015941,1816,111.183670,39,-140.930,363.646,255,8
1778399153205924,91025918,1808,110.693878,39,-137.816,364.838,255,8
1778399153253922,91035873,1799,110.142853,38,-130.858,356.758,255,8
1778399153254410,91045851,1791,109.653061,38,-127.803,357.864,255,8
1778399153254879,91055807,1782,109.102036,38,-124.356,359.076,255,8
1778399153255318,91065787,1774,108.612244,38,-121.281,360.126,255,8
1778399153255613,91075739,1765,108.061226,38,-117.813,361.276,255,8
1778399153270099,91085729,1757,107.571426,38,-114.720,362.270,255,8
1778399153271968,91095685,1748,107.020409,38,-111.231,363.356,255,8
1778399153311500,91105661,1740,106.530617,38,-108.121,364.294,255,8
1778399153311922,91115627,1732,106.040810,38,-105.002,365.205,255,8
1778399153312354,91125612,1723,105.489799,38,-101.485,366.198,255,8
1778399153312812,91135567,1715,105.000000,38,-98.351,367.052,255,8
1778399153367888,91145552,1707,104.510201,38,-95.210,367.879,255,8
1778399153368412,91155503,1698,103.959183,38,-91.668,368.778,255,8
1778399153368866,91165482,1690,103.469391,37,-86.183,359.823,255,8
1778399153369377,91175439,1682,102.979599,37,-83.104,360.547,255,8
1778399153369909,91185420,1673,102.428574,37,-79.632,361.329,255,8
1778399153371116,91195375,1665,101.938782,37,-76.541,361.997,255,8
1778399153387169,91205349,1657,101.448975,37,-73.443,362.638,255,8
1778399153394470,91215307,1648,100.897957,37,-69.952,363.327,255,8
1778399153445614,91225284,1640,100.408165,36,-65.037,354.076,255,8
1778399153446070,91235230,1632,99.918365,36,-62.008,354.619,255,8
1778399153446511,91245206,1623,99.367348,36,-58.595,355.199,255,8
1778399153446903,91255160,1615,98.877556,36,-55.556,355.687,255,8
1778399153447343,91265143,1607,98.387749,36,-52.514,356.149,255,8
1778399153464449,91275095,1598,97.836739,36,-49.086,356.638,255,8
1778399153464907,91285080,1590,97.346939,36,-46.036,357.044,255,8
1778399153509891,91295035,1582,96.857140,36,-42.982,357.425,255,8
1778399153510428,91305023,1574,96.367348,36,-39.925,357.779,255,8
1778399153511014,91314983,1566,95.877548,36,-36.865,358.107,255,8
1778399153511512,91324967,1557,95.326538,36,-33.419,358.445,255,8
1778399153511949,91334921,1549,94.836731,36,-30.354,358.718,255,8
1778399153528236,91344907,1541,94.346939,36,-27.286,358.964,255,8
1778399153529589,91354855,1533,93.857147,36,-24.217,359.185,255,8
1778399153579943,91364834,1525,93.367340,36,-21.145,359.378,255,8
1778399153580447,91374790,1517,92.877548,36,-18.073,359.546,255,8
1778399153580819,91384774,1508,92.326523,36,-14.614,359.703,255,8
1778399153581227,91394732,1500,91.836731,36,-11.539,359.815,255,8
1778399153581663,91404712,1492,91.346939,36,-8.462,359.901,255,8
1778399153597791,91414669,1484,90.857147,36,-5.385,359.960,255,8
1778399153598932,91424655,1476,90.367348,36,-2.308,359.993,255,8
1778399153637526,91434610,1468,89.877548,36,0.769,359.999,255,8
1778399153638077,91444601,1460,89.387756,36,3.847,359.979,255,8
1778399153638450,91454559,1452,88.897964,36,6.924,359.933,255,8
1778399153638754,91464548,1443,88.346939,36,10.385,359.850,255,8
1778399153653538,91474507,1435,87.857140,36,13.461,359.748,255,8
1778399153689357,91484493,1427,87.367348,36,16.536,359.620,255,8
1778399153689741,91494454,1419,86.877548,36,19.609,359.466,255,8
1778399153690230,91504434,1411,86.387756,36,22.681,359.285,255,8
1778399153690628,91514393,1403,85.897957,36,25.752,359.078,255,8
1778399153706404,91524374,1395,85.408165,36,28.820,358.845,255,8
1778399153707889,91534333,1387,84.918365,36,31.887,358.585,255,8
1778399153723412,91544314,1379,84.428566,36,34.951,358.299,255,8
1778399153767182,91554265,1371,83.938774,36,38.013,357.987,255,8
1778399153767752,91564248,1363,83.448975,36,41.072,357.649,255,8
1778399153768248,91574206,1355,82.959183,36,44.128,357.285,255,8
1778399153768560,91584186,1347,82.469391,36,47.180,356.895,255,8
1778399153768841,91594137,1339,81.979591,36,50.229,356.479,255,8
1778399153783488,91604120,1331,81.489799,36,53.275,356.036,255,8
1778399153819398,91614068,1323,81.000000,36,56.316,355.568,255,8
1778399153819828,91624045,1315,80.510208,36,59.354,355.073,255,8
1778399153820210,91633997,1307,80.020409,36,62.387,354.553,255,8
1778399153820513,91643980,1299,79.530617,36,65.416,354.007,255,8
1778399153836219,91653935,1291,79.040817,36,68.439,353.435,255,8
1778399153836706,91663916,1283,78.551025,36,71.458,352.837,255,8
1778399153875152,91673872,1275,78.061226,36,74.472,352.213,255,8
1778399153875849,91683852,1268,77.632652,36,77.104,351.646,255,8
1778399153876322,91693798,1260,77.142860,36,80.108,350.974,255,8
1778399153876791,91703774,1252,76.653061,36,83.105,350.276,255,8
1778399153891843,91713718,1244,76.163269,36,86.096,349.553,255,8
1778399153927004,91723702,1236,75.673470,36,89.081,348.804,255,8
1778399153927604,91733650,1229,75.244904,37,94.235,357.799,255,8
1778399153928094,91743638,1221,74.755104,37,97.290,356.980,255,8
1778399153928492,91753592,1213,74.265305,37,100.338,356.135,255,8
1778399153944619,91763574,1205,73.775513,37,103.379,355.265,255,8
1778399153945648,91773529,1197,73.285713,37,106.412,354.368,255,8
1778399153961460,91783511,1189,72.795921,37,109.437,353.445,255,8
1778399154005552,91793465,1182,72.367348,37,112.078,352.617,255,8
1778399154006099,91803443,1174,71.877556,37,115.088,351.646,255,8
1778399154006564,91813396,1166,71.387756,37,118.090,350.649,255,8
1778399154006974,91823377,1158,70.897964,37,121.083,349.627,255,8
1778399154007336,91833327,1150,70.408165,37,124.067,348.579,255,8
1778399154021552,91843311,1142,69.918365,37,127.043,347.506,255,8
1778399154059997,91853262,1134,69.428574,37,130.009,346.407,255,8
1778399154060765,91863243,1127,69.000000,37,132.596,345.425,255,8
1778399154061178,91873197,1119,68.510208,37,135.544,344.279,255,8
1778399154061528,91883174,1112,68.081635,37,138.116,343.255,255,8
1778399154111778,91893127,1104,67.591843,37,141.045,342.062,255,8
1778399154112413,91903108,1096,67.102043,37,143.964,340.844,255,8
1778399154113149,91913060,1088,66.612244,37,146.872,339.601,255,8
1778399154113635,91923043,1081,66.183670,37,149.408,338.493,255,8
1778399154114164,91933000,1073,65.693878,37,152.296,337.203,255,8
1778399154114608,91942980,1066,65.265305,38,158.999,345.137,255,8
1778399154130908,91952938,1058,64.775505,38,161.943,343.765,255,8
1778399154173247,91962917,1050,64.285713,38,164.876,342.368,255,8
1778399154173817,91972871,1043,63.857143,38,167.432,341.125,255,8
1778399154174270,91982846,1035,63.367348,38,170.342,339.682,255,8
1778399154174725,91992807,1028,62.938774,38,172.878,338.398,255,8
1778399154175199,92002790,1020,62.448982,38,175.765,336.908,255,8
1778399154192751,92012748,1012,61.959183,38,178.638,335.393,255,8
1778399154193349,92022729,1004,61.469387,38,181.499,333.854,255,8
1778399154204883,92032685,997,61.040817,39,188.833,341.236,255,8
1778399154244684,92042666,989,60.551018,39,191.743,339.610,255,8
1778399154245151,92052620,982,60.122452,39,194.278,338.166,255,8
1778399154245587,92062597,974,59.632652,40,202.217,345.121,255,8
1778399154246087,92072554,967,59.204082,40,204.793,343.599,255,8
1778399154259915,92082523,959,58.714287,40,207.722,341.835,255,8
1778399154299890,92092484,952,58.285717,40,210.273,340.272,255,8
1778399154300416,92102460,944,57.795918,40,213.175,338.462,255,8
1778399154300843,92112415,937,57.367348,40,215.700,336.858,255,8
1778399154301233,92122393,930,56.938774,39,212.759,326.854,255,8
1778399154302324,92132341,922,56.448978,39,215.545,325.024,255,8
1778399154316735,92142320,915,56.020409,39,217.970,323.402,255,8
1778399154353511,92152269,907,55.530609,39,220.727,321.527,255,8
1778399154353920,92162250,900,55.102043,39,223.125,319.867,255,8
1778399154354349,92172193,892,54.612244,39,225.852,317.948,255,8
1778399154354707,92182179,885,54.183674,39,228.224,316.250,255,8
1778399154369142,92192126,878,53.755100,39,230.583,314.534,255,8
1778399154376419,92202106,870,53.265308,39,233.263,312.551,255,8
1778399154392362,92212059,863,52.836735,39,235.594,310.798,255,8
1778399154392802,92222033,855,52.346939,39,238.243,308.772,255,8
1778399154440480,92231984,848,51.918365,38,234.378,299.110,255,8
1778399154441000,92241958,841,51.489799,38,236.609,297.349,255,8
1778399154441557,92251909,833,51.000000,38,239.142,295.315,255,8
1778399154442072,92261887,826,50.571430,38,241.344,293.518,255,8
1778399154442537,92271839,819,50.142857,38,243.533,291.705,255,8
1778399154499755,92281820,812,49.714287,38,245.708,289.875,255,8
1778399154500289,92291775,804,49.224491,38,248.177,287.764,255,8
1778399154500715,92301756,797,48.795918,38,250.322,285.900,255,8
1778399154501132,92311713,790,48.367348,38,252.454,284.019,255,8
1778399154501606,92321695,783,47.938774,38,254.571,282.123,255,8
1778399154502034,92331655,776,47.510204,38,256.674,280.211,255,8
1778399154520066,92341633,768,47.020405,38,259.060,278.007,255,8
1778399154520552,92351583,761,46.591839,38,261.133,276.061,255,8
1778399154535041,92361566,754,46.163261,38,263.190,274.100,255,8
1778399154581956,92371519,747,45.734695,38,265.233,272.124,255,8
1778399154582655,92381492,740,45.306122,38,267.261,270.132,255,8
1778399154583193,92391445,733,44.877552,37,262.188,261.070,255,8
1778399154583752,92401421,726,44.448982,37,264.133,259.101,255,8
1778399154584345,92411371,718,43.959187,37,266.339,256.834,255,8
1778399154602226,92421348,711,43.530613,37,268.252,254.835,255,8
1778399154602748,92431295,704,43.102043,37,270.151,252.821,255,8
1778399154618057,92441272,697,42.673470,37,272.035,250.793,255,8
1778399154619517,92451222,690,42.244900,37,273.903,248.751,255,8
1778399154675473,92461199,682,41.755100,37,276.019,246.401,255,8
1778399154676184,92471150,676,41.387753,37,277.593,244.626,255,8
1778399154676732,92481124,669,40.959183,37,279.415,242.543,255,8
1778399154677105,92491081,662,40.530609,37,281.222,240.446,255,8
1778399154677534,92501060,655,40.102039,37,283.012,238.336,255,8
1778399154678790,92511015,648,39.673470,37,284.787,236.212,255,8
1778399154695091,92520989,642,39.306122,37,286.296,234.382,255,8
1778399154701860,92530941,635,38.877552,37,288.041,232.233,255,8
1778399154713901,92540925,629,38.510204,37,289.524,230.382,255,8
1778399154755893,92550875,622,38.081635,37,291.239,228.210,255,8
1778399154756503,92560851,616,37.714287,37,292.696,226.338,255,8
1778399154756905,92570801,609,37.285713,37,294.381,224.142,255,8
1778399154757424,92580779,603,36.918369,37,295.812,222.250,255,8
1778399154757994,92590730,596,36.489796,37,297.466,220.031,255,8
1778399154774833,92600704,590,36.122448,37,298.871,218.120,255,8
1778399154814121,92610655,584,35.755100,37,300.263,216.199,255,8
1778399154814675,92620637,578,35.387753,37,301.643,214.270,255,8
1778399154815078,92630585,571,34.959183,37,303.237,212.007,255,8
1778399154815477,92640564,565,34.591835,37,304.590,210.059,255,8
1778399154817456,92650518,558,34.163265,37,306.153,207.775,255,8
1778399154834857,92660495,552,33.795921,37,307.479,205.807,255,8
1778399154841758,92670446,546,33.428574,37,308.792,203.832,255,8
1778399154854562,92680425,540,33.061226,37,310.093,201.848,255,8
1778399154861493,92690383,534,32.693878,36,302.965,194.454,255,8
1778399154913735,92700360,528,32.326530,36,304.205,192.508,255,8
1778399154914268,92710313,522,31.959183,36,305.433,190.553,255,8
1778399154914764,92720290,516,31.591835,36,306.649,188.591,255,8
1778399154915338,92730242,510,31.224491,36,307.851,186.621,255,8
1778399154916064,92740223,504,30.857143,36,309.042,184.644,255,8
1778399154916737,92750171,499,30.551020,36,310.024,182.990,255,8
1778399154935283,92760147,493,30.183674,36,311.191,180.999,255,8
1778399154936315,92770101,488,29.877550,36,312.153,179.333,255,8
1778399154980195,92780081,482,29.510206,36,313.296,177.328,255,8
1778399154980716,92790032,477,29.204082,36,314.239,175.652,255,8
1778399154981224,92800013,472,28.897959,36,315.173,173.970,255,8
1778399154981659,92809962,466,28.530611,36,316.282,171.946,255,8
1778399154999266,92819937,461,28.224489,36,317.197,170.254,255,8
1778399154999827,92829886,456,27.918367,36,318.102,168.557,255,8
1778399155047085,92839864,451,27.612246,36,318.998,166.855,255,8
1778399155047529,92849820,446,27.306122,36,319.885,165.148,255,8
1778399155047960,92859801,440,26.938774,36,320.937,163.094,255,8
1778399155048448,92869759,435,26.632654,36,321.804,161.377,255,8
1778399155048795,92879736,430,26.326530,36,322.661,159.655,255,8
1778399155064327,92889695,424,25.959183,36,323.678,157.583,255,8
1778399155065149,92899677,419,25.653061,36,324.516,155.851,255,8
1778399155104148,92909635,414,25.346939,36,325.344,154.115,255,8
1778399155104712,92919624,409,25.040817,36,326.162,152.375,255,8
1778399155105247,92929582,404,24.734694,36,326.972,150.630,255,8
1778399155105739,92939557,398,24.367346,36,327.931,148.531,255,8
1778399155121159,92949513,394,24.122450,36,328.563,147.128,255,8
1778399155162488,92959491,389,23.816326,36,329.344,145.370,255,8
1778399155162983,92969452,384,23.510202,36,330.116,143.608,255,8
1778399155163433,92979437,379,23.204082,36,330.879,141.843,255,8
1778399155163992,92989387,374,22.897959,36,331.632,140.073,255,8
1778399155164426,92999368,370,22.653061,36,332.227,138.654,255,8
1778399155183530,93009334,366,22.408163,36,332.817,137.233,255,8
1778399155184073,93019317,362,22.163265,36,333.401,135.809,255,8
1778399155197250,93029276,358,21.918367,36,333.978,134.383,255,8
1778399155244691,93039260,354,21.673470,36,334.549,132.954,255,8
1778399155245195,93049213,349,21.367348,36,335.255,131.165,255,8
1778399155245625,93059192,345,21.122450,36,335.812,129.730,255,8
1778399155246034,93069147,341,20.877550,36,336.364,128.294,255,8
1778399155246439,93079124,337,20.632652,36,336.909,126.855,255,8
1778399155263530,93089077,333,20.387754,36,337.448,125.414,255,8
1778399155264015,93099060,329,20.142857,36,337.981,123.970,255,8
1778399155306429,93109018,326,19.959183,35,328.978,119.473,255,8
1778399155306851,93118998,326,19.959183,33,310.179,112.646,255,8
1778399155307288,93128954,327,20.020409,33,310.058,112.977,255,8
1778399155307658,93138934,327,20.020409,33,310.058,112.977,255,8
1778399155325600,93148887,327,20.020409,33,310.058,112.977,255,8
1778399155326208,93158864,327,20.020409,33,310.058,112.977,255,8
1778399155333827,93168808,329,20.142857,34,319.205,117.083,255,8
1778399155380789,93178801,331,20.265305,34,318.954,117.765,255,8
1778399155381411,93188759,334,20.448978,34,318.574,118.787,255,8
1778399155381904,93198739,337,20.632652,34,318.192,119.808,255,8
1778399155382374,93208693,340,20.816326,34,317.806,120.827,255,8
1778399155382752,93218678,344,21.061224,34,317.287,122.184,255,8
1778399155433697,93228633,348,21.306122,34,316.762,123.539,255,8
1778399155434342,93238613,352,21.551022,34,316.231,124.892,255,8
1778399155434811,93248570,356,21.795919,34,315.694,126.243,255,8
1778399155435229,93258551,360,22.040817,34,315.152,127.591,255,8
1778399155435648,93268505,365,22.346939,34,314.466,129.273,255,8
1778399155451349,93278487,369,22.591837,34,313.910,130.616,255,8
1778399155451794,93288447,373,22.836735,34,313.349,131.956,255,8
1778399155491898,93298429,378,23.142859,34,312.639,133.629,255,8
1778399155492393,93308390,382,23.387754,34,312.065,134.964,255,8
1778399155492757,93318374,387,23.693878,34,311.340,136.629,255,8
1778399155493145,93328330,392,24.000002,34,310.605,138.290,255,8
1778399155509196,93338310,396,24.244898,34,310.012,139.617,255,8
1778399155519454,93348266,401,24.551022,34,309.261,141.271,255,8
1778399155524336,93358248,406,24.857143,34,308.502,142.921,255,8
1778399155564517,93368207,410,25.102041,34,307.888,144.239,255,8
1778399155565037,93378194,416,25.469387,34,306.957,146.210,255,8
1778399155565471,93388147,420,25.714287,34,306.329,147.520,255,8
1778399155565817,93398143,425,26.020407,34,305.537,149.155,255,8
1778399155580511,93408099,430,26.326530,34,304.736,150.785,255,8
1778399155580918,93418088,435,26.632654,34,303.926,152.411,255,8
1778399155621537,93428047,440,26.938774,34,303.107,154.033,255,8
1778399155621977,93438022,445,27.244898,34,302.280,155.650,255,8
1778399155622379,93447978,451,27.612246,34,301.276,157.585,255,8
1778399155622806,93457957,456,27.918367,34,300.429,159.192,255,8
1778399155670686,93467914,461,28.224489,34,299.574,160.795,255,8
1778399155671096,93477900,466,28.530611,34,298.711,162.394,255,8
1778399155671555,93487864,472,28.897959,34,297.664,164.305,255,8
1778399155671988,93497843,478,29.265306,34,296.604,166.210,255,8
1778399155672395,93507802,483,29.571430,34,295.712,167.793,255,8
1778399155687607,93517781,488,29.877550,34,294.811,169.370,255,8
1778399155689215,93527735,494,30.244898,34,293.719,171.257,255,8
1778399155704702,93537714,500,30.612244,34,292.615,173.137,255,8
1778399155710435,93547669,506,30.979591,34,291.499,175.009,255,8
1778399155750996,93557647,511,31.285715,34,290.560,176.564,255,8
1778399155751499,93567602,517,31.653063,34,289.422,178.423,255,8
1778399155751846,93577583,523,32.020409,34,288.272,180.275,255,8
1778399155752181,93587534,529,32.387753,34,287.110,182.120,255,8
1778399155797052,93597509,535,32.755100,34,285.937,183.957,255,8
1778399155797608,93607460,541,33.122448,34,284.752,185.786,255,8
1778399155798159,93617438,547,33.489796,34,283.555,187.608,255,8
1778399155798565,93627389,554,33.918369,35,290.442,195.304,255,8
1778399155798900,93637371,560,34.285713,35,289.184,197.162,255,8
1778399155813911,93647326,566,34.653061,35,287.914,199.012,255,8
1778399155855215,93657302,572,35.020409,35,286.632,200.854,255,8
1778399155855770,93667256,578,35.387753,35,285.338,202.687,255,8
1778399155856207,93677232,585,35.816326,35,283.814,204.816,255,8
1778399155856587,93687180,591,36.183674,35,282.495,206.631,255,8
1778399155857642,93697153,598,36.612244,35,280.942,208.739,255,8
1778399155873285,93707104,604,36.979591,35,279.597,210.536,255,8
1778399155913291,93717079,611,37.408161,35,278.015,212.621,255,8
1778399155913744,93727028,617,37.775509,35,276.646,214.399,255,8
1778399155914282,93737009,624,38.204082,35,275.034,216.463,255,8
1778399155914701,93746960,631,38.632652,35,273.408,218.514,255,8
1778399155928910,93756938,637,39.000000,35,272.001,220.262,255,8
1778399155929355,93766897,644,39.428574,35,270.346,222.291,255,8
1778399155938948,93776875,651,39.857143,35,268.676,224.306,255,8
1778399155948835,93786825,658,40.285713,35,266.990,226.310,255,8
1778399155990772,93796803,665,40.714287,35,265.290,228.301,255,8
1778399155991324,93806753,672,41.142857,35,263.575,230.279,255,8
1778399155991762,93816734,679,41.571430,35,261.845,232.244,255,8
1778399155992118,93826686,686,42.000000,35,260.101,234.196,255,8
1778399156042002,93836665,693,42.428570,35,258.342,236.135,255,8
1778399156042465,93846617,701,42.918365,36,263.637,245.144,255,8
1778399156042811,93856596,708,43.346939,36,261.796,247.109,255,8
1778399156043189,93866553,715,43.775509,36,259.940,249.060,255,8
1778399156043550,93876533,723,44.265305,36,257.802,251.273,255,8
1778399156092855,93886486,730,44.693878,36,255.915,253.195,255,8
1778399156093439,93896470,737,45.122448,36,254.014,255.102,255,8
1778399156093923,93906423,745,45.612247,36,251.824,257.264,255,8
1778399156094365,93916397,752,46.040813,36,249.892,259.140,255,8
1778399156094693,93926347,760,46.530613,36,247.668,261.267,255,8
1778399156095408,93936322,768,47.020405,36,245.426,263.375,255,8
1778399156112228,93946270,775,47.448978,36,243.449,265.203,255,8
1778399156148708,93956248,783,47.938774,36,241.173,267.275,255,8
1778399156149172,93966192,791,48.428570,36,238.879,269.326,255,8
1778399156149473,93976177,798,48.857147,36,236.858,271.106,255,8
1778399156149882,93986128,806,49.346939,36,234.532,273.121,255,8
1778399156164012,93996112,814,49.836735,36,232.188,275.115,255,8
1778399156164751,94006066,822,50.326530,37,236.212,284.787,255,8
1778399156180980,94016047,830,50.816326,37,233.769,286.796,255,8
1778399156231398,94026001,838,51.306122,37,231.309,288.784,255,8
1778399156232103,94035985,847,51.857143,37,228.521,290.995,255,8
1778399156232579,94045939,855,52.346939,37,226.025,292.938,255,8
1778399156232953,94055914,863,52.836735,37,223.513,294.859,255,8
1778399156233473,94065866,871,53.326530,37,220.984,296.759,255,8
1778399156234135,94075847,880,53.877548,37,218.120,298.871,255,8
1778399156250210,94085802,888,54.367348,37,215.557,300.724,255,8
1778399156291529,94095785,896,54.857143,38,218.734,310.733,255,8
1778399156292079,94105738,905,55.408161,38,215.736,312.823,255,8
1778399156292523,94115720,913,55.897961,38,213.054,314.655,255,8
1778399156292944,94125675,922,56.448978,38,210.018,316.690,255,8
1778399156293509,94135658,930,56.938774,38,207.303,318.473,255,8
1778399156308089,94145607,939,57.489796,38,204.231,320.452,255,8
1778399156319465,94155589,948,58.040813,38,201.140,322.402,255,8
1778399156325032,94165541,956,58.530613,39,203.597,332.638,255,8
1778399156372861,94175520,965,59.081635,39,200.388,334.581,255,8
1778399156373591,94185472,974,59.632652,39,197.161,336.493,255,8
1778399156374167,94195452,983,60.183674,39,193.916,338.373,255,8
1778399156374525,94205400,992,60.734695,39,190.653,340.223,255,8
1778399156374833,94215376,1001,61.285713,38,182.568,333.270,255,8
1778399156388643,94225324,1010,61.836735,38,179.355,335.010,255,8
1778399156428400,94235293,1019,62.387753,37,171.490,327.859,255,8
1778399156428776,94245244,1028,62.938774,37,168.329,329.493,255,8
1778399156429107,94255220,1038,63.551022,37,164.798,331.273,255,8
1778399156429378,94265170,1047,64.102036,37,161.605,332.842,255,8
1778399156444180,94275152,1056,64.653061,37,158.396,334.381,255,8
1778399156444604,94285104,1065,65.204086,37,155.173,335.889,255,8
1778399156452067,94295077,1075,65.816330,37,151.575,337.528,255,8
1778399156462575,94305027,1084,66.367348,37,148.322,338.970,255,8
1778399156509541,94315006,1094,66.979591,36,140.781,331.332,255,8
1778399156509974,94324959,1103,67.530617,36,137.588,332.670,255,8
1778399156510431,94334927,1113,68.142853,36,134.026,334.121,255,8
1778399156510893,94344881,1122,68.693878,36,130.806,335.395,255,8
1778399156511532,94354857,1132,69.306122,36,127.215,336.773,255,8
1778399156525481,94364801,1142,69.918365,36,123.609,338.114,255,8
1778399156567329,94374779,1152,70.530609,36,119.989,339.415,255,8
1778399156567950,94384726,1162,71.142860,36,116.355,340.678,255,8
1778399156568418,94394709,1172,71.755104,36,112.709,341.902,255,8
1778399156568780,94404654,1181,72.306122,36,109.415,342.970,255,8
1778399156583348,94414628,1191,72.918365,35,102.807,334.561,255,8
1778399156583851,94424571,1201,73.530617,35,99.226,335.640,255,8
1778399156594558,94434541,1211,74.142853,35,95.634,336.681,255,8
1778399156604957,94444482,1221,74.755104,35,92.031,337.684,255,8
1778399156610861,94454454,1231,75.367348,35,88.417,338.648,255,8
1778399156660102,94464400,1241,75.979591,35,84.794,339.573,255,8
1778399156660688,94474376,1251,76.591835,35,81.160,340.460,255,8
1778399156661096,94484329,1261,77.204079,35,77.518,341.308,255,8
1778399156661500,94494314,1271,77.816330,35,73.866,342.117,255,8
1778399156661878,94504265,1280,78.367348,35,70.573,342.811,255,8
1778399156677524,94514238,1291,79.040817,35,66.538,343.617,255,8
1778399156714898,94524184,1300,79.591835,35,63.231,344.241,255,8
1778399156715334,94534159,1310,80.204079,35,59.549,344.897,255,8
1778399156715678,94544109,1320,80.816322,35,55.860,345.514,255,8
1778399156716000,94554080,1330,81.428574,35,52.165,346.091,255,8
1778399156731246,94564031,1340,82.040817,35,48.464,346.628,255,8
1778399156731835,94574008,1350,82.653061,35,44.757,347.127,255,8
1778399156742667,94583961,1360,83.265305,35,41.045,347.585,255,8
1778399156790657,94593941,1370,83.877556,35,37.329,348.004,255,8
1778399156791125,94603890,1380,84.489799,35,33.608,348.383,255,8
1778399156791515,94613866,1389,85.040817,35,30.256,348.690,255,8
1778399156791907,94623818,1399,85.653061,35,26.528,348.993,255,8
1778399156792350,94633793,1409,86.265305,35,22.798,349.257,255,8
1778399156841334,94643745,1419,86.877548,35,19.065,349.480,255,8
1778399156841718,94653724,1429,87.489792,34,14.891,339.674,255,8
1778399156842087,94663674,1439,88.102043,34,11.261,339.813,255,8
1778399156842480,94673655,1449,88.714287,34,7.629,339.914,255,8
1778399156842775,94683607,1458,89.265305,34,4.360,339.972,255,8
1778399156899146,94693584,1468,89.877548,34,0.727,339.999,255,8
1778399156899704,94703542,1478,90.489792,34,-2.906,339.988,255,8
1778399156900098,94713526,1488,91.102043,34,-6.539,339.937,255,8
1778399156900477,94723485,1498,91.714287,34,-10.171,339.848,255,8
1778399156900797,94733462,1508,92.326523,34,-13.802,339.720,255,8
1778399156901095,94743413,1518,92.938782,34,-17.431,339.553,255,8
1778399156916405,94753390,1528,93.551018,34,-21.059,339.347,255,8
1778399156917628,94763341,1537,94.102043,34,-24.321,339.129,255,8
1778399156933588,94773318,1547,94.714279,34,-27.944,338.850,255,8
1778399156978278,94783270,1557,95.326538,34,-31.563,338.532,255,8
1778399156978730,94793249,1567,95.938774,34,-35.178,338.175,255,8
1778399156979120,94803207,1577,96.551018,34,-38.790,337.780,255,8
1778399156979527,94813185,1587,97.163269,34,-42.397,337.346,255,8
1778399156979908,94823140,1596,97.714294,34,-45.639,336.923,255,8
1778399156994486,94833122,1606,98.326530,34,-49.237,336.416,255,8
1778399157038788,94843073,1616,98.938774,34,-52.829,335.871,255,8
1778399157039225,94853050,1626,99.551025,34,-56.415,335.287,255,8
1778399157039586,94863000,1636,100.163269,34,-59.994,334.665,255,8
1778399157039967,94872980,1646,100.775505,34,-63.567,334.005,255,8
1778399157040322,94882926,1655,101.326530,34,-66.776,333.378,255,8
1778399157055356,94892903,1665,101.938782,34,-70.335,332.646,255,8
1778399157056366,94902856,1675,102.551025,34,-73.885,331.875,255,8
1778399157099518,94912833,1685,103.163261,34,-77.427,331.067,255,8
1778399157100183,94922788,1695,103.775513,34,-80.960,330.220,255,8
1778399157100589,94932757,1704,104.326523,34,-84.132,329.426,255,8
1778399157100914,94942720,1714,104.938774,34,-87.647,328.509,255,8
1778399157116273,94952701,1724,105.551018,34,-91.153,327.553,255,8
1778399157116715,94962658,1734,106.163269,34,-94.648,326.561,255,8
1778399157169620,94972637,1744,106.775513,34,-98.132,325.531,255,8
1778399157170173,94982591,1754,107.387756,34,-101.605,324.463,255,8
1778399157170567,94992565,1763,107.938774,34,-104.720,323.471,255,8
1778399157170939,95002515,1773,108.551018,34,-108.171,322.334,255,8
1778399157171324,95012492,1783,109.163269,34,-111.609,321.160,255,8
1778399157185109,95022439,1793,109.775505,34,-115.034,319.949,255,8
1778399157185536,95032417,1802,110.326530,34,-118.106,318.828,255,8
1778399157233081,95042368,1812,110.938774,34,-121.506,317.547,255,8
1778399157233456,95052349,1822,111.551025,34,-124.892,316.231,255,8
1778399157233848,95062300,1832,112.163261,34,-128.264,314.878,255,8
1778399157234213,95072280,1842,112.775505,35,-135.493,322.710,255,8
1778399157234629,95082227,1851,113.326530,34,-134.630,312.209,255,8
1778399157249130,95092202,1861,113.938782,34,-137.959,310.753,255,8
1778399157255651,95102153,1871,114.551018,34,-141.271,309.261,255,8
1778399157265941,95112126,1881,115.163261,34,-144.568,307.734,255,8
1778399157319236,95122073,1890,115.714287,34,-147.520,306.329,255,8
1778399157319620,95132045,1900,116.326538,34,-150.785,304.736,255,8
1778399157319974,95141992,1910,116.938774,34,-154.033,303.107,255,8
1778399157320316,95151962,1920,117.551018,35,-161.888,310.310,255,8
1778399157320714,95161913,1930,118.163269,35,-165.195,308.562,255,8
1778399157335902,95171890,1939,118.714279,35,-168.155,306.959,255,8
1778399157336386,95181837,1949,119.326530,35,-171.425,305.145,255,8
1778399157380115,95191815,1959,119.938774,35,-174.676,303.296,255,8
1778399157380516,95201760,1968,120.489799,35,-177.585,301.602,255,8
1778399157380939,95211737,1978,121.102036,35,-180.797,299.687,255,8
1778399157381455,95221684,1988,121.714287,35,-183.989,297.738,255,8
1778399157396314,95231655,1998,122.326530,35,-187.160,295.755,255,8
1778399157396696,95241600,2007,122.877556,35,-189.996,293.941,255,8
1778399157403033,95251574,2017,123.489792,35,-193.126,291.894,255,8
1778399157413467,95261528,2027,124.102043,35,-196.234,289.814,255,8
1778399157456673,95271501,2036,124.653053,35,-199.012,287.914,255,8
1778399157457098,95281446,2046,125.265312,35,-202.077,285.771,255,8
1778399157457451,95291430,2056,125.877548,35,-205.119,283.595,255,8
1778399157457775,95301382,2066,126.489792,35,-208.138,281.387,255,8
1778399157473094,95311364,2075,127.040810,35,-210.834,279.372,255,8
1778399157473545,95321314,2085,127.653061,35,-213.808,277.103,255,8
1778399157514378,95331296,2095,128.265305,35,-216.756,274.803,255,8
1778399157514851,95341251,2104,128.816330,35,-219.389,272.706,255,8
1778399157515240,95351227,2114,129.428574,35,-222.291,270.346,255,8
1778399157515593,95361185,2124,130.040817,36,-231.600,275.611,255,8
1778399157529665,95371161,2134,130.653061,36,-234.532,273.121,255,8
1778399157535682,95381113,2143,131.204086,36,-237.148,270.852,255,8
1778399157545231,95391094,2153,131.816330,36,-240.028,268.303,255,8
1778399157591717,95401048,2162,132.367340,36,-242.597,265.982,255,8
1778399157592317,95411033,2172,132.979584,36,-245.426,263.375,255,8
1778399157592773,95420988,2182,133.591843,36,-248.226,260.737,255,8
1778399157593385,95430967,2192,134.204086,36,-250.998,258.070,255,8
1778399157594064,95440928,2201,134.755096,36,-253.468,255.644,255,8
1778399157650308,95450899,2211,135.367340,36,-256.185,252.921,255,8
1778399157650859,95460851,2220,135.918365,36,-258.606,250.446,255,8
1778399157651213,95470840,2230,136.530609,36,-261.267,247.668,255,8
1778399157651530,95480790,2240,137.142853,36,-263.899,244.862,255,8
1778399157651865,95490767,2249,137.693878,37,-273.637,249.044,255,8
1778399157652166,95500717,2259,138.306122,37,-276.282,246.106,255,8
1778399157702106,95510694,2268,138.857147,37,-278.636,243.437,255,8
1778399157702656,95520648,2278,139.469391,37,-281.222,240.446,255,8
1778399157703100,95530621,2288,140.081635,37,-283.775,237.427,255,8
1778399157703599,95540577,2297,140.632645,37,-286.045,234.687,255,8
1778399157703999,95550552,2307,141.244904,37,-288.537,231.617,255,8
1778399157720468,95560503,2316,141.795929,37,-290.751,228.832,255,8
1778399157720959,95570474,2326,142.408157,37,-293.179,225.712,255,8
1778399157780364,95580434,2336,143.020401,37,-295.574,222.566,255,8
1778399157780843,95590410,2345,143.571426,38,-305.747,225.652,255,8
1778399157781334,95600365,2355,144.183670,38,-308.141,222.372,255,8
1778399157781830,95610349,2364,144.734695,38,-310.265,219.398,255,8
1778399157782333,95620303,2374,145.346939,38,-312.592,216.070,255,8
1778399157782802,95630280,2383,145.897949,38,-314.655,213.054,255,8
1778399157845372,95640239,2393,146.510208,38,-316.914,209.680,255,8
1778399157845952,95650220,2402,147.061234,38,-318.916,206.622,255,8
1778399157846365,95660175,2412,147.673477,39,-329.556,208.550,255,8
1778399157846725,95670160,2421,148.224487,39,-331.546,205.371,255,8
1778399157847017,95680117,2431,148.836731,39,-333.722,201.817,255,8
1778399157847297,95690104,2440,149.387756,39,-335.647,198.598,255,8
1778399157862691,95700063,2450,150.000000,39,-337.750,195.000,255,8
1778399157863189,95710044,2460,150.612244,40,-348.527,196.287,255,8
1778399157875760,95720001,2469,151.163269,40,-350.399,192.926,255,8
1778399157917645,95729982,2478,151.714279,40,-352.238,189.548,255,8
1778399157918041,95739933,2488,152.326538,41,-363.100,190.417,255,8
1778399157918395,95749918,2497,152.877563,40,-356.014,182.357,255,8
1778399157918711,95759868,2507,153.489792,39,-348.993,174.079,255,8
1778399157919016,95769850,2516,154.040817,36,-323.678,157.583,255,8
1778399157934216,95779799,2526,154.653061,35,-316.306,149.834,255,8
1778399157982633,95789776,2536,155.265305,35,-317.889,146.446,255,8
1778399157983093,95799737,2545,155.816330,35,-319.283,143.382,255,8
1778399157983575,95809719,2554,156.367340,35,-320.647,140.305,255,8
1778399157983966,95819672,2564,156.979584,34,-312.924,132.960,255,8
1778399157984397,95829656,2573,157.530609,34,-314.189,129.945,255,8
1778399158002418,95839603,2583,158.142868,38,-352.684,141.472,255,8
1778399158002909,95849580,2592,158.693878,40,-372.661,145.340,255,8
1778399158074924,95859529,2602,159.306122,40,-374.193,141.350,255,8
1778399158075495,95869509,2611,159.857147,40,-375.535,137.745,255,8
1778399158075971,95879455,2621,160.469391,40,-376.985,133.724,255,8
1778399158076422,95889437,2630,161.020416,39,-368.797,126.840,255,8
1778399158076839,95899376,2640,161.632645,39,-370.132,122.892,255,8
1778399158077412,95909360,2649,162.183670,39,-371.296,119.327,255,8
1778399158077872,95919304,2658,162.734695,39,-372.427,115.751,255,8
1778399158078337,95929279,2668,163.346939,39,-373.642,111.765,255,8
1778399158096795,95939214,2677,163.897964,39,-374.700,108.166,255,8
1778399158097345,95949197,2687,164.510193,39,-375.834,104.156,255,8
1778399158162517,95959146,2696,165.061218,39,-376.819,100.537,255,8
1778399158163247,95969117,2705,165.612244,39,-377.768,96.908,255,8
1778399158163685,95979066,2715,166.224487,39,-378.782,92.866,255,8
1778399158164203,95989039,2724,166.775513,39,-379.658,89.219,255,8
1778399158164599,95998988,2733,167.326523,39,-380.498,85.564,255,8
1778399158165032,96008965,2743,167.938766,39,-381.391,81.493,255,8
1778399158165851,96018918,2752,168.489792,39,-382.157,77.822,255,8
1778399158183199,96028894,2762,169.102051,39,-382.967,73.734,255,8
1778399158199341,96038848,2771,169.653061,39,-383.658,70.047,255,8
1778399158199827,96048829,2780,170.204086,38,-374.460,64.653,255,8
1778399158244722,96058779,2789,170.755096,38,-375.064,61.049,255,8
1778399158245284,96068760,2799,171.367340,38,-375.695,57.038,255,8
1778399158245720,96078714,2808,171.918365,38,-376.226,53.422,255,8
1778399158246294,96088693,2817,172.469391,38,-376.722,49.801,255,8
1778399158246675,96098646,2826,173.020416,38,-377.184,46.176,255,8
1778399158263052,96108626,2836,173.632645,38,-377.656,42.143,255,8
1778399158264897,96118580,2845,174.183670,38,-378.044,38.509,255,8
1778399158308875,96128562,2854,174.734695,38,-378.397,34.872,255,8
1778399158309524,96138515,2863,175.285721,38,-378.714,31.231,255,8
1778399158309993,96148493,2873,175.897964,38,-379.027,27.182,255,8
1778399158310598,96158438,2882,176.448975,38,-379.270,23.536,255,8
1778399158326338,96168412,2891,177.000000,38,-379.479,19.888,255,8
1778399158326961,96178360,2900,177.551025,38,-379.653,16.237,255,8
1778399158336401,96188339,2910,178.163269,38,-379.805,12.180,255,8
1778399158388451,96198294,2919,178.714294,33,-329.917,7.405,255,8
1778399158388887,96208261,2928,179.265305,33,-329.973,4.231,255,8
1778399158389327,96218216,2938,179.877548,33,-329.999,0.705,255,8
1778399158389697,96228192,2947,180.428574,33,-329.991,-2.468,255,8
1778399158390017,96238141,2956,180.979584,33,-329.952,-5.642,255,8
1778399158404702,96248115,2966,181.591843,33,-329.873,-9.167,255,8
1778399158405199,96258068,2975,182.142853,33,-329.769,-12.339,255,8
1778399158423405,96268048,2984,182.693878,33,-329.635,-15.510,255,8
1778399158424017,96278005,2993,183.244888,32,-319.487,-18.113,255,8
1778399158436983,96287980,3003,183.857147,33,-329.253,-22.199,255,8
1778399158479417,96297934,3012,184.408157,33,-329.024,-25.364,255,8
1778399158479890,96307906,3021,184.959183,33,-328.765,-28.527,255,8
1778399158480400,96317866,3031,185.571426,33,-328.441,-32.039,255,8
1778399158480839,96327843,3040,186.122452,33,-328.118,-35.196,255,8
1778399158482851,96337793,3049,186.673462,32,-317.832,-37.187,255,8
1778399158499630,96347769,3058,187.224503,32,-317.460,-40.242,255,8
1778399158547175,96357720,3068,187.836731,32,-317.011,-43.632,255,8
1778399158547565,96367697,3077,188.387756,32,-316.577,-46.679,255,8
1778399158547974,96377648,3086,188.938766,32,-316.114,-49.721,255,8
1778399158548459,96387619,3096,189.551025,33,-325.426,-54.756,255,8
1778399158548840,96397562,3105,190.102036,33,-324.884,-57.883,255,8
1778399158566252,96407536,3114,190.653076,33,-324.312,-61.004,255,8
1778399158566789,96417499,3123,191.204086,32,-313.901,-62.177,255,8
1778399158574005,96427481,3133,191.816330,32,-313.219,-65.528,255,8
1778399158629399,96437436,3142,192.367340,33,-322.342,-70.679,255,8
1778399158630090,96447417,3151,192.918381,32,-311.901,-71.540,255,8
1778399158630561,96457371,3160,193.469391,32,-311.198,-74.536,255,8
1778399158630950,96467344,3170,194.081635,33,-320.084,-80.290,255,8
1778399158631351,96477295,3179,194.632645,32,-309.621,-80.839,255,8
1778399158631709,96487263,3188,195.183670,33,-318.480,-86.432,255,8
1778399158646822,96497211,3198,195.795914,33,-317.538,-89.830,255,8
1778399158653728,96507188,3207,196.346954,32,-307.064,-90.065,255,8
1778399158665406,96517143,3216,196.897964,32,-306.184,-93.014,255,8
1778399158671052,96527121,3225,197.448975,34,-324.355,-101.951,255,8
1778399158718620,96537073,3235,198.061218,37,-351.769,-114.712,255,8
1778399158719047,96547049,3244,198.612228,38,-360.126,-121.281,255,8
1778399158719572,96557004,3253,199.163269,39,-368.389,-128.022,255,8
1778399158720023,96566984,3262,199.714279,39,-367.141,-131.559,255,8
1778399158720798,96576934,3272,200.326538,39,-365.714,-135.474,255,8
1778399158737088,96586914,3281,200.877548,39,-364.394,-138.985,255,8
1778399158786800,96596862,3290,201.428574,39,-363.041,-142.483,255,8
1778399158787319,96606840,3299,201.979584,38,-352.381,-142.225,255,8
1778399158787823,96616793,3309,202.591843,38,-350.841,-145.982,255,8
1778399158788348,96626771,3318,203.142853,38,-349.421,-149.349,255,8
1778399158788826,96636716,3327,203.693878,38,-347.968,-152.703,255,8
1778399158789945,96646701,3336,204.244888,39,-355.601,-160.149,255,8
1778399158807148,96656659,3345,204.795929,39,-354.045,-163.561,255,8
1778399158861457,96666636,3354,205.346939,38,-343.418,-162.677,255,8
1778399158861955,96676594,3364,205.959198,38,-341.660,-166.338,255,8
1778399158862433,96686577,3373,206.510208,39,-348.993,-174.079,255,8
1778399158862945,96696532,3382,207.061218,38,-338.398,-172.878,255,8
1778399158863405,96706515,3391,207.612244,38,-336.720,-176.124,255,8
1778399158863864,96716461,3400,208.163254,39,-343.826,-184.074,255,8
1778399158882066,96726435,3410,208.775513,39,-341.840,-187.738,255,8
1778399158882655,96736380,3419,209.326523,39,-340.019,-191.017,255,8
1778399158895795,96746359,3428,209.877548,39,-338.166,-194.278,255,8
1778399158900790,96756309,3437,210.428574,39,-336.282,-197.521,255,8
1778399158952921,96766286,3446,210.979599,39,-334.367,-200.746,255,8
1778399158953345,96776236,3455,211.530609,39,-332.421,-203.952,255,8
1778399158953841,96786214,3464,212.081619,39,-330.444,-207.139,255,8
1778399158954193,96796166,3473,212.632660,39,-328.437,-210.308,255,8
1778399158954601,96806149,3482,213.183670,39,-326.399,-213.457,255,8
1778399158970221,96816106,3492,213.795914,40,-332.410,-222.495,255,8
1778399158970614,96826089,3501,214.346924,40,-330.255,-225.681,255,8
1778399159011206,96836043,3510,214.897964,40,-328.069,-228.847,255,8
1778399159011626,96846016,3519,215.448975,40,-325.853,-231.991,255,8
1778399159012007,96855968,3528,216.000015,40,-323.607,-235.114,255,8
1778399159012355,96865943,3537,216.551025,40,-321.331,-238.215,255,8
1778399159028056,96875895,3546,217.102036,40,-319.025,-241.295,255,8
1778399159028479,96885870,3556,217.714279,40,-316.428,-244.690,255,8
1778399159039609,96895826,3565,218.265320,40,-314.061,-247.722,255,8
1778399159092804,96905803,3574,218.816330,40,-311.664,-250.730,255,8
1778399159093338,96915758,3583,219.367340,40,-309.238,-253.716,255,8
1778399159093787,96925740,3592,219.918365,40,-306.784,-256.678,255,8
1778399159094396,96935699,3601,220.469391,40,-304.301,-259.617,255,8
1778399159094868,96945676,3610,221.020416,41,-309.335,-269.094,255,8
1778399159097043,96955630,3619,221.571426,41,-306.733,-272.057,255,8
1778399159111544,96965616,3628,222.122437,41,-304.102,-274.994,255,8
1778399159158409,96975572,3638,222.734695,41,-301.147,-278.228,255,8
1778399159159013,96985557,3647,223.285706,41,-298.457,-281.111,255,8
1778399159159537,96995507,3656,223.836731,41,-295.740,-283.968,255,8
1778399159159866,97005491,3665,224.387741,41,-292.995,-286.799,255,8
1778399159160188,97015445,3674,224.938782,41,-290.223,-289.604,255,8
1778399159173687,97025431,3683,225.489792,41,-287.425,-292.381,255,8
1778399159184490,97035386,3692,226.040833,41,-284.600,-295.132,255,8
1778399159186270,97045367,3701,226.591843,41,-281.748,-297.856,255,8
1778399159228022,97055318,3710,227.142853,42,-285.673,-307.882,255,8
1778399159228735,97065302,3719,227.693878,42,-282.698,-310.615,255,8
1778399159229148,97075265,3728,228.244888,42,-279.698,-313.319,255,8
1778399159229537,97085253,3737,228.795929,42,-276.672,-315.995,255,8
1778399159244947,97095208,3746,229.346939,42,-273.620,-318.641,255,8
1778399159245644,97105188,3755,229.897949,43,-276.985,-328.906,255,8
1778399159287031,97115146,3764,230.448990,42,-267.441,-323.844,255,8
1778399159287416,97125123,3774,231.061234,42,-263.966,-326.684,255,8
1778399159287903,97135074,3783,231.612244,43,-267.022,-337.045,255,8
1778399159288329,97145053,3792,232.163254,42,-257.634,-331.700,255,8
1778399159302615,97155008,3801,232.714294,41,-248.374,-326.206,255,8
1778399159313838,97164991,3810,233.265305,41,-245.225,-328.580,255,8
1778399159314970,97174945,3819,233.816330,40,-236.150,-322.851,255,8
1778399159331223,97184923,3828,234.367340,40,-233.035,-325.108,255,8
1778399159371445,97194874,3838,234.979599,40,-229.547,-327.579,255,8
1778399159371816,97204849,3847,235.530609,40,-226.386,-329.771,255,8
1778399159372167,97214812,3856,236.081650,40,-223.204,-331.933,255,8
1778399159372739,97224790,3865,236.632660,40,-220.002,-334.065,255,8
1778399159374428,97234745,3874,237.183670,40,-216.779,-336.165,255,8
1778399159390386,97244727,3884,237.795914,39,-207.845,-330.001,255,8
1778399159430791,97254678,3893,238.346924,39,-204.662,-331.984,255,8
1778399159431505,97264651,3902,238.897964,39,-201.460,-333.937,255,8
1778399159431990,97274611,3911,239.448975,39,-198.239,-335.859,255,8
1778399159432450,97284601,3920,240.000000,39,-195.000,-337.750,255,8
1778399159433859,97294549,3930,240.612244,39,-191.380,-339.814,255,8
1778399159450696,97304527,3939,241.163269,39,-188.103,-341.639,255,8
1778399159462411,97314475,3948,241.714279,39,-184.809,-343.432,255,8
1778399159463605,97324453,3957,242.265320,39,-181.497,-345.194,255,8
1778399159515521,97334402,3966,242.816330,39,-178.169,-346.923,255,8
1778399159515981,97344386,3976,243.428574,38,-169.979,-339.863,255,8
1778399159516453,97354343,3985,243.979584,38,-166.703,-341.482,255,8
1778399159516760,97364322,3994,244.530624,38,-163.411,-343.070,255,8
1778399159517078,97374277,4003,245.081635,38,-160.104,-344.625,255,8
1778399159531401,97384257,4012,245.632645,38,-156.782,-346.149,255,8
1778399159532930,97394216,4021,246.183685,38,-153.446,-347.641,255,8
1778399159572141,97404198,4030,246.734695,38,-150.096,-349.101,255,8
1778399159572647,97414149,4040,247.346939,38,-146.357,-350.684,255,8
1778399159573057,97424129,4049,247.897949,38,-142.978,-352.076,255,8
1778399159573450,97434083,4058,248.448990,38,-139.585,-353.435,255,8
1778399159587566,97444067,4067,249.000000,37,-132.596,-345.425,255,8
1778399159599751,97454014,4076,249.551010,37,-129.268,-346.684,255,8
1778399159604284,97464001,4085,250.102051,37,-125.928,-347.911,255,8
1778399159654264,97473952,4094,250.653061,37,-122.576,-349.106,255,8
1778399159654747,97483938,4104,251.265305,37,-118.839,-350.396,255,8
1778399159655207,97493896,4113,251.816315,37,-115.464,-351.523,255,8
1778399159655547,97503875,4122,252.367355,37,-112.078,-352.617,255,8
1778399159655859,97513831,4131,252.918365,37,-108.682,-353.678,255,8
1778399159669403,97523807,4140,253.469391,37,-105.275,-354.707,255,8
1778399159707320,97533764,4149,254.020401,37,-101.859,-355.703,255,8
1778399159707762,97543741,4158,254.571411,37,-98.434,-356.666,255,8
1778399159708136,97553699,4168,255.183670,37,-94.617,-357.698,255,8
1778399159708514,97563678,4177,255.734711,37,-91.172,-358.591,255,8
1778399159723043,97573629,4186,256.285706,37,-87.720,-359.451,255,8
1778399159723465,97583604,4195,256.836731,37,-84.259,-360.278,255,8
1778399159731048,97593552,4204,257.387756,37,-80.790,-361.072,255,8
1778399159741900,97602538,4213,257.938782,37,-77.314,-361.832,255,8
1778399159791348,97613492,4222,258.489807,37,-73.831,-362.559,255,8
1778399159791854,97623474,4231,259.040802,37,-70.341,-363.252,255,8
1778399159792361,97633426,4240,259.591827,37,-66.844,-363.912,255,8
1778399159792787,97643408,4249,260.142853,37,-63.341,-364.538,255,8
1778399159793288,97653357,4258,260.693878,37,-59.832,-365.130,255,8
1778399159860861,97663338,4268,261.306122,37,-55.927,-365.749,255,8
1778399159861273,97673294,4276,261.795929,37,-52.799,-366.213,255,8
1778399159861780,97683277,4286,262.408173,37,-48.883,-366.757,255,8
1778399159862232,97693234,4295,262.959167,37,-45.353,-367.210,255,8
1778399159862607,97703214,4304,263.510223,37,-41.820,-367.629,255,8
1778399159863044,97713173,4313,264.061218,37,-38.282,-368.014,255,8
1778399159863399,97723154,4322,264.612244,37,-34.741,-368.365,255,8
1778399159878389,97733111,4331,265.163269,37,-31.197,-368.682,255,8
1778399159879688,97743095,4340,265.714294,36,-26.903,-358.993,255,8
1778399159895296,97753048,4349,266.265320,36,-23.449,-359.235,255,8
1778399159938327,97763031,4358,266.816315,36,-19.993,-359.444,255,8
1778399159938922,97772988,4367,267.367340,36,-16.536,-359.620,255,8
1778399159939392,97782966,4376,267.918365,36,-13.076,-359.762,255,8
1778399159939772,97792923,4385,268.469391,36,-9.616,-359.872,255,8
1778399159940216,97802909,4394,269.020416,32,-5.471,-319.953,255,8
1778399159955890,97812861,4403,269.571411,31,-2.319,-309.991,255,8
1778399159997518,97822843,4412,270.122467,31,0.663,-309.999,255,8
1778399159997954,97832796,4422,270.734680,30,3.847,-299.975,255,8
1778399159998644,97842770,4431,271.285736,30,6.732,-299.924,255,8
1778399159999079,97852721,4440,271.836731,30,9.615,-299.846,255,8
1778399159999633,97862707,4449,272.387756,30,12.499,-299.740,255,8
1778399160015905,97872663,4458,272.938782,31,15.893,-309.592,255,8
1778399160022388,97882645,4467,273.489777,31,18.870,-309.425,255,8
1778399160033021,97892601,4476,274.040833,30,21.140,-299.254,255,8
1778399160077300,97902581,4485,274.591827,30,24.017,-299.037,255,8
1778399160077802,97912535,4494,275.142853,30,26.892,-298.792,255,8
1778399160078260,97922512,4503,275.693878,30,29.764,-298.520,255,8
1778399160078656,97932467,4512,276.244904,30,32.634,-298.220,255,8
1778399160079016,97942439,4521,276.795929,30,35.500,-297.892,255,8
1778399160094744,97952389,4530,277.346924,30,38.363,-297.537,255,8
1778399160134373,97962376,4539,277.897980,30,41.223,-297.154,255,8
1778399160134791,97972331,4548,278.448975,30,44.079,-296.744,255,8
1778399160135175,97982309,4557,279.000000,30,46.930,-296.307,255,8
1778399160135462,97992266,4566,279.551025,30,49.778,-295.841,255,8
1778399160149758,98002243,4575,280.102051,30,52.621,-295.349,255,8
1778399160150237,98012196,4584,280.653076,30,55.459,-294.829,255,8
1778399160157115,98022178,4594,281.265289,30,58.606,-294.220,255,8
1778399160166984,98032135,4603,281.816345,30,61.433,-293.643,255,8
1778399160215947,98042116,4612,282.367340,30,64.254,-293.038,255,8
1778399160216353,98052067,4621,282.918365,30,67.069,-292.407,255,8
1778399160216762,98062045,4630,283.469391,30,69.878,-291.748,255,8
1778399160217078,98071998,4639,284.020386,31,75.103,-300.765,255,8
1778399160217383,98081969,4648,284.571442,30,75.476,-290.350,255,8
1778399160231812,98091928,4657,285.122437,30,78.265,-289.611,255,8
1778399160273696,98101902,4666,285.673492,30,81.047,-288.845,255,8
1778399160274243,98111859,4675,286.224487,30,83.820,-288.052,255,8
1778399160274648,98121835,4684,286.775513,30,86.587,-287.233,255,8
1778399160275015,98131785,4693,287.326538,31,92.323,-295.933,255,8
1778399160275921,98141767,4702,287.877533,37,113.584,-352.134,255,8
1778399160291501,98151715,4711,288.428589,37,116.965,-351.026,255,8
1778399160335916,98161694,4720,288.979584,36,117.083,-340.428,255,8
1778399160336516,98171643,4729,289.530609,36,120.352,-339.287,255,8
1778399160336952,98181617,4738,290.081635,37,127.043,-347.506,255,8
1778399160337563,98191568,4747,290.632660,37,130.379,-346.268,255,8
1778399160338055,98201552,4756,291.183685,36,130.089,-335.674,255,8
1778399160353345,98211505,4765,291.734680,36,133.311,-334.407,255,8
1778399160355212,98221486,4774,292.285736,37,140.314,-342.363,255,8
1778399160411633,98231437,4783,292.836731,37,143.599,-340.997,255,8
1778399160412402,98241421,4792,293.387756,37,146.872,-339.601,255,8
1778399160412932,98251374,4801,293.938782,37,150.131,-338.172,255,8
1778399160413412,98261356,4810,294.489777,37,153.376,-336.713,255,8
1778399160413794,98271315,4819,295.040833,31,131.212,-280.862,255,8
1778399160414692,98281298,4828,295.591827,31,133.907,-279.587,255,8
1778399160429716,98291256,4837,296.142853,30,132.183,-269.309,255,8
1778399160475675,98301232,4846,296.693878,30,134.767,-268.026,255,8
1778399160476113,98311194,4855,297.244904,31,141.916,-275.608,255,8
1778399160476562,98321177,4864,297.795929,31,144.560,-274.230,255,8
1778399160476988,98331133,4873,298.346924,31,147.191,-272.828,255,8
1778399160477358,98341116,4882,298.897980,31,149.808,-271.399,255,8
1778399160492863,98351078,4891,299.448975,31,152.411,-269.946,255,8
1778399160493893,98361060,4900,300.000000,31,155.000,-268.468,255,8
1778399160546982,98371013,4909,300.551025,32,162.658,-275.577,255,8
1778399160547487,98381003,4918,301.102051,31,160.135,-265.437,255,8
1778399160547859,98390964,4927,301.653076,32,167.928,-272.397,255,8
1778399160548217,98400947,4936,302.204071,31,165.210,-262.308,255,8
1778399160548552,98410903,4945,302.755096,31,167.725,-260.707,255,8
1778399160563126,98420883,4954,303.306122,31,170.225,-259.082,255,8
1778399160563640,98430842,4963,303.857147,32,178.280,-265.737,255,8
1778399160575279,98440828,4972,304.408173,32,180.827,-264.011,255,8
1778399160583003,98450779,4981,304.959167,32,183.358,-262.259,255,8
1778399160594316,98460767,4990,305.510193,32,185.871,-260.484,255,8
1778399160634775,98470726,5000,306.122437,31,182.749,-250.405,255,8
1778399160635210,98480704,5008,306.612244,32,190.847,-256.861,255,8
1778399160635646,98490657,5017,307.163269,32,193.308,-255.014,255,8
1778399160636070,98500634,5026,307.714294,32,195.752,-253.143,255,8
1778399160651230,98510590,5036,308.326538,32,198.446,-251.037,255,8
1778399160652393,98520572,5044,308.816315,33,206.852,-257.123,255,8
1778399160695653,98530533,5053,309.367340,32,202.973,-247.390,255,8
1778399160696059,98540517,5062,309.918365,32,205.343,-245.427,255,8
1778399160696618,98550478,5072,310.530609,32,207.953,-243.219,255,8
1778399160697119,98560465,5080,311.020416,32,210.025,-241.432,255,8
1778399160713050,98570421,5090,311.632660,32,212.593,-239.174,255,8
1778399160713492,98580407,5098,312.122437,32,214.629,-237.348,255,8
1778399160724834,98590366,5107,312.673462,32,216.902,-235.273,255,8
1778399160731626,98600346,5116,313.224487,32,219.155,-233.176,255,8
1778399160783959,98610307,5125,313.775513,33,228.305,-238.278,255,8
1778399160784453,98620286,5134,314.326538,33,230.586,-236.072,255,8
1778399160784860,98630244,5143,314.877533,33,232.846,-233.843,255,8
1778399160785237,98640224,5152,315.428589,34,242.208,-238.611,255,8
1778399160785568,98650181,5161,315.979584,34,244.491,-236.271,255,8
1778399160800126,98660153,5170,316.530609,34,246.752,-233.909,255,8
1778399160800942,98670120,5179,317.081635,34,248.990,-231.525,255,8
1778399160811218,98680104,5188,317.632660,34,251.205,-229.120,255,8
1778399160822149,98690066,5197,318.183685,34,253.397,-226.693,255,8
1778399160865055,98700049,5206,318.734680,34,255.566,-224.246,255,8
1778399160865494,98710001,5215,319.285706,34,257.710,-221.778,255,8
1778399160865874,98719991,5224,319.836731,33,252.189,-212.839,255,8
1778399160866277,98729947,5233,320.387756,33,254.224,-210.404,255,8
1778399160881966,98739939,5242,320.938782,32,248.471,-201.648,255,8
1778399160882376,98749903,5251,321.489777,33,258.224,-205.476,255,8
1778399160925307,98759891,5260,322.040833,33,260.188,-202.983,255,8
1778399160925746,98769851,5269,322.591827,33,262.128,-200.471,255,8
1778399160926093,98779835,5278,323.142853,33,264.044,-197.941,255,8
1778399160926473,98789796,5287,323.693878,33,265.935,-195.393,255,8
1778399160941711,98799782,5296,324.244873,33,267.802,-192.826,255,8
1778399160942186,98809741,5305,324.795929,32,261.473,-184.477,255,8
1778399160955045,98819725,5314,325.346924,32,263.235,-181.954,255,8
1778399161010940,98829686,5323,325.897980,32,264.973,-179.414,255,8
1778399161011378,98839667,5332,326.448975,32,266.686,-176.857,255,8
1778399161011872,98849624,5341,327.000000,32,268.375,-174.284,255,8
1778399161012274,98859601,5350,327.551025,31,261.600,-166.330,255,8
1778399161012661,98869554,5359,328.102020,31,263.187,-163.807,255,8
1778399161013074,98879539,5368,328.653076,31,264.750,-161.268,255,8
1778399161029177,98889494,5377,329.204071,31,266.289,-158.714,255,8
1778399161029701,98899474,5386,329.755096,31,267.803,-156.146,255,8
1778399161074212,98909430,5395,330.306122,31,269.292,-153.563,255,8
1778399161074606,98919412,5404,330.857147,31,270.757,-150.967,255,8
1778399161074944,98929372,5413,331.408173,31,272.196,-148.356,255,8
1778399161075313,98939347,5422,331.959167,30,264.784,-141.030,255,8
1778399161088902,98949313,5431,332.510223,30,266.128,-138.477,255,8
1778399161089342,98959291,5440,333.061218,30,267.447,-135.911,255,8
1778399161104295,98969256,5448,333.551025,31,277.553,-138.074,255,8
1778399161149383,98979241,5458,334.163269,31,279.012,-135.101,255,8
1778399161149792,98989198,5466,334.653046,31,280.157,-132.711,255,8
1778399161150120,98999182,5475,335.204071,30,272.342,-125.816,255,8
1778399161150464,99009129,5484,335.755096,29,264.422,-119.085,255,8
1778399161150772,99019120,5493,336.306122,30,274.712,-120.555,255,8
1778399161166604,99029076,5502,336.857147,30,275.858,-117.907,255,8
1778399161167484,99039061,5511,337.408173,30,276.980,-115.249,255,8
1778399161207468,99049018,5520,337.959198,29,268.806,-108.827,255,8
1778399161207899,99058999,5529,338.510193,29,269.840,-106.237,255,8
1778399161208219,99068954,5538,339.061218,29,270.849,-103.637,255,8
1778399161208550,99078934,5547,339.612244,29,271.833,-101.028,255,8
1778399161223201,99088892,5556,340.163269,29,272.792,-98.409,255,8
1778399161234251,99098873,5565,340.714294,29,273.726,-95.781,255,8
1778399161249843,99108831,5574,341.265320,29,274.635,-93.144,255,8
1778399161250242,99118815,5582,341.755096,29,275.421,-90.793,255,8
1778399161296806,99128769,5592,342.367340,29,276.375,-87.845,255,8
1778399161297325,99138753,5600,342.857147,28,267.560,-82.531,255,8
1778399161297763,99148708,5609,343.408142,29,277.925,-82.810,255,8
1778399161298219,99158697,5618,343.959198,28,269.098,-77.370,255,8
1778399161298638,99168649,5627,344.510193,28,269.830,-74.779,255,8
1778399161314623,99178633,5636,345.061218,28,270.537,-72.180,255,8
1778399161316106,99188585,5645,345.612244,29,280.905,-72.060,255,8
1778399161364910,99198568,5654,346.163269,28,271.875,-66.964,255,8
1778399161365397,99208527,5663,346.714294,28,272.506,-64.346,255,8
1778399161365825,99218503,5672,347.265289,28,273.112,-61.722,255,8
1778399161366254,99228465,5680,347.755096,28,273.630,-59.385,255,8
1778399161366618,99238440,5689,348.306122,28,274.188,-56.751,255,8
1778399161381931,99248394,5698,348.857147,28,274.722,-54.112,255,8
1778399161434777,99258372,5707,349.408173,29,285.059,-53.305,255,8
1778399161435193,99268325,5716,349.959167,28,275.711,-48.818,255,8
1778399161435544,99278301,5725,350.510193,28,276.168,-46.164,255,8
1778399161435946,99288256,5734,351.061218,28,276.599,-43.506,255,8
1778399161436337,99298232,5743,351.612244,28,277.005,-40.844,255,8
1778399161436650,99308180,5752,352.163269,28,277.385,-38.178,255,8
1778399161451255,99318160,5760,352.653076,28,277.701,-35.806,255,8
1778399161493118,99328118,5769,353.204071,28,278.033,-33.133,255,8
1778399161493540,99338097,5778,353.755096,28,278.338,-30.458,255,8
1778399161493939,99348053,5787,354.306122,28,278.619,-27.780,255,8
1778399161494365,99358035,5796,354.857147,29,288.833,-25.995,255,8
1778399161494720,99367990,5805,355.408173,28,279.101,-22.416,255,8
1778399161510414,99377970,5814,355.959167,28,279.304,-19.731,255,8
1778399161522210,99387922,5822,356.448975,28,279.462,-17.342,255,8
1778399161526194,99397899,5831,357.000000,28,279.616,-14.654,255,8
1778399161583469,99407857,5840,357.551025,28,279.744,-11.964,255,8
1778399161583994,99417842,5849,358.102051,28,279.846,-9.273,255,8
1778399161584468,99427795,5858,358.653046,28,279.923,-6.582,255,8
1778399161584857,99437780,5867,359.204102,28,279.973,-3.889,255,8
1778399161585220,99447734,5876,359.755096,28,279.997,-1.197,255,8
1778399161585679,99457714,5,0.306122,28,279.996,1.496,255,8
1778399161602938,99467667,14,0.857143,28,279.969,4.189,255,8
1778399161603392,99477647,23,1.408163,28,279.915,6.881,255,8
1778399161616785,99487598,32,1.959184,28,279.836,9.573,255,8
1778399161623779,99497581,40,2.448980,28,279.744,11.964,255,8
1778399161679250,99507536,49,3.000000,28,279.616,14.654,255,8
1778399161679755,99517518,58,3.551020,28,279.462,17.342,255,8
1778399161680208,99547425,85,5.204082,28,278.846,25.397,255,8
1778399161696372,99557411,94,5.755102,28,278.589,28.077,255,8
1778399161714605,99587313,120,7.346939,28,277.701,35.806,255,8
1778399161722276,99597296,129,7.897959,28,277.344,38.475,255,8
1778399161776465,99607245,138,8.448980,28,276.961,41.140,255,8
1778399161777033,99617226,147,9.000000,28,276.553,43.802,255,8
1778399161777519,99627182,156,9.551021,28,276.119,46.459,255,8
1778399161777894,99637157,165,10.102040,28,275.659,49.112,255,8
1778399161794230,99667049,191,11.693877,28,274.188,56.751,255,8
1778399161801652,99677029,200,12.244899,28,273.630,59.385,255,8
1778399161848269,99686984,208,12.734694,28,273.112,61.722,255,8
1778399161848813,99696970,217,13.285715,28,272.506,64.346,255,8
1778399161849352,99706928,226,13.836735,28,271.875,66.964,255,8
1778399161849799,99716910,235,14.387755,28,271.218,69.575,255,8
1778399161851048,99726863,243,14.877551,28,270.613,71.891,255,8
1778399161865069,99736841,252,15.428572,28,269.910,74.490,255,8
1778399161906019,99746793,261,15.979591,28,269.181,77.083,255,8
1778399161906733,99756772,269,16.469389,28,268.512,79.381,255,8
1778399161907201,99766728,278,17.020409,28,267.736,81.959,255,8
1778399161907618,99776711,287,17.571428,28,266.936,84.530,255,8
1778399161923602,99796643,304,18.612246,28,265.356,89.365,255,8
1778399161968387,99806594,312,19.102041,28,264.582,91.630,255,8
1778399161969317,99816574,321,19.653061,28,263.689,94.171,255,8
1778399161970076,99826525,330,20.204081,28,262.771,96.702,255,8
1778399161970634,99836503,338,20.693876,28,261.935,98.945,255,8
1778399161971169,99846452,346,21.183674,28,261.080,101.180,255,8
1778399161988995,99856433,354,21.673470,28,260.205,103.409,255,8
1778399161989803,99866388,359,21.979593,28,259.649,104.797,255,8
1778399162102359,99966075,361,22.102041,28,259.424,105.352,255,8
1778399162102865,99976057,359,21.979593,28,259.649,104.797,255,8
1778399162183963,100055808,332,20.326530,28,262.564,97.264,255,8
1778399162199729,100065764,328,20.081633,28,262.977,96.140,255,8
1778399162200390,100075743,324,19.836735,28,263.386,95.016,255,8
1778399162696869,100564064,56,3.428571,28,279.499,16.745,255,8
1778399162697427,100574045,49,3.000000,28,279.616,14.654,255,8
1778399162750889,100623852,14,0.857143,28,279.969,4.189,255,8
1778399162800472,100663688,5866,359.142853,28,279.969,-4.189,255,8
1778399162800846,100673664,5858,358.653046,28,279.923,-6.582,255,8
1778399162839490,100713508,5829,356.877533,28,279.584,-15.252,255,8
1778399162883301,100723457,5822,356.448975,28,279.462,-17.342,255,8
1778399162883749,100733428,5814,355.959167,28,279.304,-19.731,255,8
1778399162884229,100743373,5806,355.469391,28,279.125,-22.118,255,8
1778399162884646,100753345,5799,355.040802,28,278.952,-24.205,255,8
1778399162899809,100773267,5784,354.122437,28,278.528,-28.673,255,8
1778399162901078,100783216,5776,353.632660,28,278.273,-31.053,255,8
1778399162940928,100793191,5768,353.142853,28,277.997,-33.430,255,8
1778399162941450,100803141,5760,352.653076,28,277.701,-35.806,255,8
1778399162941829,100813115,5752,352.163269,28,277.385,-38.178,255,8
1778399162991570,100842985,5728,350.693878,28,276.315,-45.279,255,8
1778399162992072,100852961,5720,350.204071,28,275.918,-47.639,255,8
1778399162992683,100862908,5712,349.714294,28,275.500,-49.996,255,8
1778399162993218,100872884,5704,349.224487,28,275.063,-52.349,255,8
1778399163012600,100892807,5687,348.183655,28,274.067,-57.337,255,8
1778399163024603,100902761,5679,347.693878,28,273.566,-59.678,255,8
1778399163030193,100912736,5670,347.142853,28,272.980,-62.306,255,8
1778399163075590,100922687,5662,346.653076,28,272.437,-64.637,255,8
1778399163076213,100932657,5653,346.102051,28,271.803,-67.254,255,8
1778399163076658,100942605,5645,345.612244,28,271.218,-69.575,255,8
1778399163077023,100952580,5636,345.061218,28,270.537,-72.180,255,8
1778399163090887,100962520,5628,344.571411,28,269.910,-74.490,255,8
1778399163091233,100972502,5619,344.020416,29,278.794,-79.835,255,8
1778399163128912,100982450,5610,343.469391,28,268.427,-79.668,255,8
1778399163129399,100992430,5601,342.918365,28,267.648,-82.246,255,8
1778399163129825,101002378,5592,342.367340,28,266.845,-84.816,255,8
1778399163130239,101012354,5583,341.816315,28,266.017,-87.378,255,8
1778399163143554,101022307,5574,341.265320,28,265.164,-89.932,255,8
1778399163185300,101032285,5565,340.714294,29,273.726,-95.781,255,8
1778399163185857,101042233,5556,340.163269,29,272.792,-98.409,255,8
1778399163186278,101052202,5547,339.612244,28,262.460,-97.544,255,8
1778399163186673,101062155,5538,339.061218,29,270.849,-103.637,255,8
1778399163188456,101072126,5529,338.510193,29,269.840,-106.237,255,8
1778399163203190,101082075,5519,337.897949,29,268.689,-109.115,255,8
1778399163214028,101092052,5510,337.346954,29,267.628,-111.693,255,8
1778399163263131,101101995,5501,336.795898,29,266.541,-114.262,255,8
1778399163263647,101111978,5491,336.183685,29,265.305,-117.104,255,8
1778399163264064,101121927,5482,335.632660,29,264.167,-119.650,255,8
1778399163264471,101131904,5472,335.020416,30,271.937,-126.689,255,8
1778399163264795,101141852,5463,334.469391,30,270.707,-129.298,255,8
1778399163278043,101151827,5453,333.857147,30,269.309,-132.183,255,8
1778399163278469,101161771,5443,333.244904,29,258.952,-130.552,255,8
1778399163317344,101171741,5434,332.693878,29,257.685,-133.036,255,8
1778399163317838,101181695,5424,332.081635,29,256.249,-135.782,255,8
1778399163318191,101191664,5414,331.469391,30,263.569,-143.288,255,8
1778399163318583,101201613,5404,330.857147,30,262.022,-146.097,255,8
1778399163332359,101211586,5394,330.244904,30,260.446,-148.888,255,8
1778399163376632,101221533,5384,329.632660,30,258.841,-151.663,255,8
1778399163377002,101231507,5374,329.020386,30,257.205,-154.420,255,8
1778399163377389,101241458,5364,328.408173,30,255.540,-157.159,255,8
1778399163377777,101251429,5355,327.857147,30,254.017,-159.610,255,8
1778399163378135,101261380,5345,327.244904,31,260.707,-167.725,255,8
1778399163392506,101271361,5335,326.632660,31,258.900,-170.501,255,8
1778399163403067,101281309,5325,326.020416,30,248.771,-167.669,255,8
1778399163443748,101291283,5315,325.408173,32,263.430,-181.672,255,8
1778399163444217,101301242,5305,324.795929,32,261.473,-184.477,255,8
1778399163444645,101311216,5296,324.244873,31,251.572,-181.140,255,8
1778399163445040,101321163,5286,323.632660,32,257.674,-189.747,255,8
1778399163445928,101331143,5276,323.020416,32,255.632,-192.490,255,8
1778399163459435,101341094,5266,322.408142,32,253.560,-195.210,255,8
1778399163501122,101351067,5256,321.795929,32,251.460,-197.909,255,8
1778399163501602,101361014,5246,321.183685,32,249.331,-200.584,255,8
1778399163502094,101370988,5236,320.571411,32,247.173,-203.237,255,8
1778399163502497,101380939,5226,319.959198,32,244.988,-205.867,255,8
1778399163554291,101390915,5216,319.346924,32,242.774,-208.473,255,8
1778399163554710,101400866,5207,318.795929,32,240.758,-210.798,255,8
1778399163555121,101410840,5197,318.183685,32,238.492,-213.358,255,8
1778399163555528,101420791,5187,317.571411,32,236.198,-215.895,255,8
1778399163555893,101430766,5177,316.959198,32,233.878,-218.406,255,8
1778399163556235,101440710,5167,316.346954,33,238.766,-227.796,255,8
1778399163570809,101450688,5158,315.795898,34,243.733,-237.054,255,8
1778399163611582,101460640,5148,315.183685,33,234.092,-232.596,255,8
1778399163612212,101470616,5138,314.571411,33,231.593,-235.084,255,8
1778399163612646,101480568,5128,313.959167,33,229.068,-237.545,255,8
1778399163613060,101490546,5118,313.346954,33,226.517,-239.979,255,8
1778399163614310,101500493,5108,312.734680,32,217.153,-235.041,255,8
1778399163628283,101510470,5099,312.183685,33,221.598,-244.529,255,8
1778399163639258,101520425,5089,311.571442,33,218.973,-246.883,255,8
1778399163676770,101530404,5079,310.959167,32,209.767,-241.657,255,8
1778399163677187,101540347,5070,310.408173,32,207.433,-243.663,255,8
1778399163677686,101550325,5060,309.795898,32,204.818,-245.865,255,8
1778399163678134,101560273,5050,309.183685,32,202.179,-248.040,255,8
1778399163692721,101570242,5040,308.571442,32,199.517,-250.186,255,8
1778399163693577,101580199,5030,307.959167,32,196.832,-252.304,255,8
1778399163739308,101590168,5020,307.346924,32,194.125,-254.393,255,8
1778399163739796,101600121,5011,306.795929,32,191.669,-256.248,255,8
1778399163740237,101610092,5001,306.183655,32,188.920,-258.281,255,8
1778399163740590,101620044,4991,305.571442,32,186.150,-260.285,255,8
1778399163755221,101630019,4982,305.020416,32,183.638,-262.063,255,8
1778399163755615,101639961,4972,304.408173,32,180.827,-264.011,255,8
1778399163796759,101649937,4962,303.795929,31,172.433,-257.617,255,8
1778399163797174,101659888,4952,303.183655,31,169.671,-259.445,255,8
1778399163797528,101669864,4942,302.571442,31,166.889,-261.243,255,8
1778399163797877,101679816,4933,302.020416,31,164.369,-262.836,255,8
1778399163813467,101689796,4923,301.408142,31,161.551,-264.578,255,8
1778399163813849,101699748,4913,300.795929,31,158.714,-266.289,255,8
1778399163830211,101709725,4904,300.244904,31,156.146,-267.803,255,8
1778399163870257,101719673,4894,299.632660,31,153.276,-269.456,255,8
1778399163870703,101729647,4884,299.020416,31,150.388,-271.079,255,8
1778399163871111,101739603,4874,298.408142,31,147.482,-272.670,255,8
1778399163871487,101749582,4864,297.795929,31,144.560,-274.230,255,8
1778399163871869,101759531,4855,297.244904,31,141.916,-275.608,255,8
1778399163919793,101769509,4845,296.632660,31,138.963,-277.109,255,8
1778399163920216,101779467,4835,296.020416,31,135.994,-278.578,255,8
1778399163920666,101789445,4825,295.408173,30,128.719,-270.982,255,8
1778399163921007,101799396,4816,294.857147,30,126.107,-272.208,255,8
1778399163921400,101809374,4806,294.244904,31,127.298,-282.658,255,8
1778399163936343,101819319,4796,293.632629,30,120.261,-274.840,255,8
1778399163980403,101829296,4786,293.020416,30,117.318,-276.110,255,8
1778399163980817,101839247,4777,292.469391,30,114.657,-277.225,255,8
1778399163981208,101849223,4767,291.857147,30,111.688,-278.434,255,8
1778399163981551,101859166,4757,291.244904,30,108.707,-279.612,255,8
1778399163981855,101869141,4747,290.632660,30,105.713,-280.758,255,8
1778399163997499,101879096,4738,290.081635,30,103.008,-281.761,255,8
1778399164007778,101889071,4728,289.469391,30,99.991,-282.846,255,8
1778399164013758,101899020,4718,288.857147,30,96.963,-283.898,255,8
1778399164056246,101909000,4708,288.244904,30,93.924,-284.918,255,8
1778399164056694,101918950,4699,287.693878,30,91.179,-285.808,255,8
1778399164057093,101928928,4689,287.081635,30,88.120,-286.766,255,8
1778399164057420,101938883,4679,286.469391,30,85.051,-287.691,255,8
1778399164071468,101948861,4670,285.918365,30,82.280,-288.496,255,8
1778399164071950,101958810,4660,285.306122,30,79.193,-289.359,255,8
1778399164113085,101968787,4650,284.693878,30,76.096,-290.188,255,8
1778399164113474,101978741,4640,284.081635,30,72.991,-290.985,255,8
1778399164113950,101988715,4631,283.530609,29,67.850,-281.951,255,8
1778399164114357,101998660,4621,282.918365,29,64.833,-282.660,255,8
1778399164162446,102008637,4612,282.367340,30,64.254,-293.038,255,8
1778399164163010,102018580,4602,281.755096,30,61.119,-293.708,255,8
1778399164163456,102028550,4592,281.142853,30,57.977,-294.345,255,8
1778399164163845,102038493,4582,280.530609,29,53.001,-285.116,255,8
1778399164164215,102048465,4573,279.979584,30,51.989,-295.461,255,8
1778399164178275,102058412,4563,279.367340,30,48.829,-296.000,255,8
1778399164179078,102068381,4553,278.755096,30,45.663,-296.504,255,8
1778399164221777,102078323,4544,278.204071,30,42.810,-296.930,255,8
1778399164222249,102088294,4534,277.591827,30,39.635,-297.370,255,8
1778399164222634,102098236,4524,276.979614,30,36.455,-297.777,255,8
1778399164222963,102108212,4515,276.428558,30,33.589,-298.114,255,8
1778399164237574,102118157,4505,275.816315,29,29.388,-288.507,255,8
1778399164238397,102128129,4495,275.204102,29,26.304,-288.805,255,8
1778399164248570,102138072,4486,274.653046,30,24.337,-299.011,255,8
1778399164292449,102148045,4476,274.040833,30,21.140,-299.254,255,8
1778399164292925,102157988,4466,273.428558,29,17.343,-289.481,255,8
1778399164293293,102167964,4457,272.877563,30,15.061,-299.622,255,8
1778399164293687,102177913,4447,272.265320,30,11.858,-299.766,255,8
1778399164309831,102187885,4437,271.653046,30,8.654,-299.875,255,8
1778399164310207,102197829,4428,271.102051,30,5.770,-299.945,255,8
1778399164351195,102207796,4418,270.489807,29,2.479,-289.989,255,8
1778399164351588,102217748,4408,269.877533,30,-0.641,-299.999,255,8
1778399164351951,102227722,4399,269.326538,30,-3.526,-299.979,255,8
1778399164352338,102237676,4389,268.714264,30,-6.732,-299.924,255,8
1778399164403575,102247650,4379,268.102051,30,-9.936,-299.835,255,8
1778399164404103,102257597,4370,267.551025,30,-12.819,-299.726,255,8
1778399164404569,102267575,4360,266.938782,30,-16.021,-299.572,255,8
1778399164405003,102277521,4350,266.326538,30,-19.221,-299.384,255,8
1778399164405534,102287495,4341,265.775513,30,-22.099,-299.185,255,8
1778399164406843,102297443,4331,265.163269,30,-25.295,-298.932,255,8
1778399164421710,102307418,4322,264.612244,30,-28.169,-298.675,255,8
1778399164432451,102317366,4312,264.000000,30,-31.359,-298.357,255,8
1778399164473727,102327340,4302,263.387756,30,-34.545,-298.004,255,8
1778399164474193,102337286,4293,262.836731,30,-37.409,-297.658,255,8
1778399164474594,102347262,4283,262.224487,30,-40.588,-297.242,255,8
1778399164474943,102357211,4274,261.673492,30,-43.444,-296.838,255,8
1778399164476118,102367177,4264,261.061218,30,-46.614,-296.356,255,8
1778399164489476,102377135,4254,260.448975,30,-49.778,-295.841,255,8
1778399164496098,102387108,4245,259.897949,30,-52.621,-295.349,255,8
1778399164540821,102397051,4235,259.285706,30,-55.774,-294.770,255,8
1778399164541290,102407022,4226,258.734711,29,-56.652,-284.413,255,8
1778399164541686,102416971,4216,258.122437,30,-61.746,-293.577,255,8
1778399164542104,102426935,4206,257.510193,30,-64.880,-292.900,255,8
1778399164597853,102436880,4197,256.959198,30,-67.693,-292.263,255,8
1778399164598417,102446862,4187,256.346924,31,-73.173,-301.240,255,8
1778399164598888,102456808,4177,255.734711,30,-73.924,-290.750,255,8
1778399164599438,102466784,4168,255.183670,31,-79.274,-299.693,255,8
1778399164599887,102476734,4158,254.571411,31,-82.472,-298.828,255,8
1778399164600338,102486714,4149,254.020401,33,-90.847,-317.249,255,8
1778399164615970,102496669,4139,253.408157,30,-85.666,-287.509,255,8
1778399164616525,102506642,4129,252.795929,30,-88.733,-286.577,255,8
1778399164626760,102516597,4120,252.244888,30,-91.485,-285.711,255,8
1778399164636272,102526574,4110,251.632660,30,-94.532,-284.717,255,8
1778399164676816,102536525,4101,251.081635,31,-100.508,-293.254,255,8
1778399164677395,102546506,4091,250.469376,30,-100.293,-282.739,255,8
1778399164677883,102556460,4082,249.918365,36,-123.609,-338.114,255,8
1778399164678369,102566442,4072,249.306107,37,-130.749,-346.128,255,8
1778399164693297,102576395,4063,248.755096,37,-134.071,-344.855,255,8
1778399164694077,102586380,4053,248.142853,37,-137.749,-343.403,255,8
1778399164733475,102596340,4043,247.530624,37,-141.410,-341.911,255,8
1778399164733890,102606315,4034,246.979584,37,-144.692,-340.535,255,8
1778399164734236,102616269,4024,246.367355,37,-148.322,-338.970,255,8
1778399164734638,102626256,4015,245.816330,37,-151.575,-337.528,255,8
1778399164749092,102636211,4005,245.204071,37,-155.173,-335.889,255,8
1778399164755592,102646194,3996,244.653061,37,-158.396,-334.381,255,8
1778399164765352,102656147,3986,244.040802,37,-161.960,-332.669,255,8
1778399164773308,102666124,3977,243.489792,37,-165.152,-331.096,255,8
1778399164817252,102676078,3967,242.877548,37,-168.681,-329.313,255,8
1778399164817741,102686058,3958,242.326538,37,-171.840,-327.675,255,8
1778399164818346,102696013,3948,241.714279,38,-180.070,-334.626,255,8
1778399164818936,102705994,3939,241.163269,38,-183.280,-332.879,255,8
1778399164833987,102715943,3929,240.551025,38,-186.826,-330.902,255,8
1778399164834393,102725923,3920,240.000000,38,-190.000,-329.090,255,8
1778399164880016,102735873,3910,239.387756,38,-193.506,-327.041,255,8
1778399164880487,102745853,3901,238.836746,38,-196.642,-325.165,255,8
1778399164880920,102755808,3892,238.285706,38,-199.760,-323.258,255,8
1778399164881364,102765792,3882,237.673462,38,-203.203,-321.105,255,8
1778399164882261,102775748,3873,237.122452,38,-206.281,-319.136,255,8
1778399164898555,102785724,3863,236.510193,39,-215.198,-325.254,255,8
1778399164905518,102795674,3854,235.959183,39,-218.316,-323.169,255,8
1778399164918770,102805655,3844,235.346939,39,-221.756,-320.818,255,8
1778399164959721,102815608,3835,234.795914,39,-224.831,-318.670,255,8
1778399164960399,102825575,3826,234.244888,39,-227.886,-316.494,255,8
1778399164960832,102834539,3816,233.632660,39,-231.254,-314.040,255,8
1778399164961217,102845519,3807,233.081619,39,-234.264,-311.802,255,8
1778399164961597,102855473,3797,232.469391,39,-237.582,-309.281,255,8
1778399164977588,102865452,3788,231.918365,39,-240.546,-306.982,255,8
1778399165019012,102875400,3778,231.306137,40,-250.064,-312.199,255,8
1778399165019525,102885383,3769,230.755096,40,-253.055,-309.780,255,8
1778399165019958,102895334,3760,230.204086,40,-256.022,-307.332,255,8
1778399165020373,102905314,3750,229.591827,40,-259.291,-304.578,255,8
1778399165020920,102915267,3741,229.040817,41,-268.764,-309.622,255,8
1778399165034895,102925245,3732,228.489792,41,-271.729,-307.023,255,8
1778399165040995,102935198,3722,227.877563,42,-281.701,-311.520,255,8
1778399165050702,102945176,3713,227.326523,42,-284.684,-308.796,255,8
1778399165061704,102955131,3704,226.775513,42,-287.641,-306.044,255,8
1778399165125424,102965111,3694,226.163269,42,-290.894,-302.953,255,8
1778399165125905,102975062,3685,225.612259,42,-293.794,-300.141,255,8
1778399165126351,102985036,3676,225.061218,41,-289.604,-290.223,255,8
1778399165126770,102994988,3666,224.448990,41,-292.688,-287.112,255,8
1778399165127221,103004964,3657,223.897949,41,-295.436,-284.284,255,8
1778399165127573,103014919,3648,223.346939,41,-298.156,-281.430,255,8
1778399165143279,103024899,3638,222.734695,41,-301.147,-278.228,255,8
1778399165143730,103034847,3629,222.183685,41,-303.808,-275.319,255,8
1778399165195935,103044826,3620,221.632645,41,-306.442,-272.384,255,8
1778399165196378,103054778,3610,221.020416,41,-309.335,-269.094,255,8
1778399165196861,103064761,3601,220.469391,41,-311.909,-266.107,255,8
1778399165197259,103074713,3592,219.918365,41,-314.453,-263.095,255,8
1778399165197658,103084695,3583,219.367340,41,-316.969,-260.059,255,8
1778399165201350,103094645,3574,218.816330,41,-319.455,-256.999,255,8
1778399165216219,103104621,3564,218.204071,40,-314.325,-247.386,255,8
1778399165262036,103114567,3555,217.653061,40,-316.690,-244.351,255,8
1778399165262426,103124547,3546,217.102036,40,-319.025,-241.295,255,8
1778399165262737,103134504,3537,216.551025,40,-321.331,-238.215,255,8
1778399165263069,103144480,3528,216.000015,40,-323.607,-235.114,255,8
1778399165263396,103154431,3518,215.387756,40,-326.101,-231.643,255,8
1778399165278862,103164412,3509,214.836746,40,-328.313,-228.496,255,8
1778399165279244,103174365,3500,214.285706,40,-330.496,-225.328,255,8
1778399165288541,103184347,3491,213.734695,40,-332.647,-222.139,255,8
1778399165341862,103194296,3481,213.122452,40,-335.002,-218.572,255,8
1778399165342680,103204279,3472,212.571442,40,-337.088,-215.340,255,8
1778399165343278,103214231,3463,212.020401,40,-339.144,-212.088,255,8
1778399165343779,103224211,3454,211.469391,40,-341.168,-208.817,255,8
1778399165344350,103234160,3445,210.918365,40,-343.160,-205.527,255,8
1778399165359723,103244137,3436,210.367355,40,-345.121,-202.217,255,8
1778399165360350,103254089,3426,209.755096,40,-347.262,-198.517,255,8
1778399165367716,103264067,3417,209.204086,40,-349.155,-195.169,255,8
1778399165379273,103274018,3408,208.653046,39,-342.240,-187.007,255,8
1778399165436283,103283993,3399,208.102036,39,-344.023,-183.707,255,8
1778399165436727,103293943,3390,207.551025,39,-345.774,-180.390,255,8
1778399165437119,103303923,3380,206.938782,40,-356.596,-181.215,255,8
1778399165437630,103313875,3371,206.387772,39,-349.365,-173.333,255,8
1778399165438050,103323847,3362,205.836731,39,-351.015,-169.965,255,8
1778399165438435,103333795,3353,205.285721,39,-352.634,-166.582,255,8
1778399165454152,103343772,3344,204.734680,39,-354.219,-163.183,255,8
1778399165461428,103353725,3335,204.183670,39,-355.772,-159.769,255,8
1778399165473787,103363700,3325,203.571426,39,-357.459,-155.958,255,8
1778399165519572,103373648,3316,203.020416,39,-358.943,-152.513,255,8
1778399165519997,103383626,3307,202.469376,40,-369.634,-152.876,255,8
1778399165520430,103393574,3298,201.918365,40,-371.087,-149.314,255,8
1778399165520897,103403553,3289,201.367355,39,-363.193,-142.095,255,8
1778399165521352,103413500,3280,200.816330,40,-373.890,-142.149,255,8
1778399165537459,103423472,3270,200.204071,40,-375.387,-138.146,255,8
1778399165537855,103433424,3261,199.653061,40,-376.699,-134.530,255,8
1778399165577660,103443404,3252,199.102051,39,-368.526,-127.628,255,8
1778399165578397,103453359,3243,198.551010,39,-369.736,-124.078,255,8
1778399165579016,103463330,3234,198.000000,39,-370.912,-120.517,255,8
1778399165579502,103473289,3225,197.448975,40,-381.594,-119.943,255,8
1778399165595656,103483268,3216,196.897964,40,-382.730,-116.267,255,8
1778399165596141,103493219,3207,196.346954,40,-383.830,-112.581,255,8
1778399165642292,103503195,3198,195.795914,40,-384.895,-108.885,255,8
1778399165642767,103513141,3188,195.183670,40,-386.036,-104.766,255,8
1778399165643275,103523117,3179,194.632645,40,-387.026,-101.048,255,8
1778399165643780,103533069,3170,194.081635,39,-378.281,-94.889,255,8
1778399165645170,103543036,3161,193.530609,40,-388.898,-93.586,255,8
1778399165660297,103552990,3152,192.979599,40,-389.780,-89.842,255,8
1778399165671748,103562978,3143,192.428558,40,-390.626,-86.089,255,8
1778399165711158,103572923,3134,191.877548,40,-391.436,-82.328,255,8
1778399165711676,103582902,3125,191.326538,40,-392.210,-78.560,255,8
1778399165712168,103592853,3116,190.775513,40,-392.947,-74.785,255,8
1778399165712552,103602829,3107,190.224487,40,-393.648,-71.002,255,8
1778399165761906,103612783,3098,189.673462,41,-404.170,-68.893,255,8
1778399165762793,103622761,3089,189.122452,41,-404.814,-65.003,255,8
1778399165763266,103632716,3080,188.571442,41,-405.421,-61.107,255,8
1778399165763726,103642696,3071,188.020401,41,-405.990,-57.206,255,8
1778399165764223,103652651,3062,187.469391,39,-386.691,-50.699,255,8
1778399165764582,103662633,3052,186.857147,36,-357.425,-42.982,255,8
1778399165779882,103672589,3043,186.306137,36,-357.822,-39.543,255,8
1778399165816477,103682570,3034,185.755096,35,-348.236,-35.097,255,8
1778399165817208,103692527,3025,185.204086,36,-358.516,-32.653,255,8
1778399165817987,103702505,3016,184.653046,36,-358.814,-29.204,255,8
1778399165818516,103712461,3007,184.102036,36,-359.078,-25.752,255,8
1778399165835843,103722435,2998,183.551025,36,-359.309,-22.297,255,8
1778399165836412,103732384,2989,183.000000,36,-359.507,-18.841,255,8
1778399165883935,103742369,2980,182.448990,36,-359.671,-15.383,255,8
1778399165884526,103752322,2971,181.897949,36,-359.803,-11.923,255,8
1778399165884956,103762303,2962,181.346939,37,-369.898,-8.697,255,8
1778399165885352,103772258,2953,180.795914,38,-379.963,-5.279,255,8
1778399165885972,103782237,2944,180.244904,38,-379.997,-1.624,255,8
1778399165902636,103792195,2934,179.632660,38,-379.992,2.436,255,8
1778399165903341,103802170,2925,179.081635,38,-379.951,6.091,255,8
1778399165955538,103812135,2916,178.530609,39,-389.872,10.001,255,8
1778399165956148,103822111,2907,177.979584,39,-389.758,13.750,255,8
1778399165956618,103832070,2898,177.428574,39,-389.607,17.497,255,8
1778399165957222,103842051,2889,176.877548,39,-389.421,21.243,255,8
1778399165957695,103852005,2880,176.326538,40,-399.178,25.628,255,8
1778399165975478,103861978,2871,175.775513,36,-359.022,26.519,255,8
1778399165975943,103871941,2862,175.224487,35,-348.785,29.138,255,8
1778399165982916,103881924,2853,174.673462,35,-348.489,32.491,255,8
1778399165996383,103891879,2844,174.122452,35,-348.160,35.841,255,8
1778399166002691,103901858,2834,173.510208,35,-347.757,39.559,255,8
1778399166053237,103911813,2825,172.959183,35,-347.361,42.902,255,8
1778399166053706,103921789,2816,172.408173,35,-346.932,46.240,255,8
1778399166054138,103931743,2807,171.857147,35,-346.471,49.575,255,8
1778399166054618,103941723,2798,171.306122,35,-345.979,52.904,255,8
1778399166054976,103951681,2789,170.755096,34,-335.584,54.623,255,8
1778399166070250,103961665,2780,170.204086,35,-344.897,59.549,255,8
1778399166070993,103971624,2771,169.653061,35,-344.308,62.863,255,8
1778399166116916,103981596,2762,169.102051,35,-343.688,66.171,255,8
1778399166117524,103991551,2753,168.551025,35,-343.036,69.473,255,8
1778399166117988,104001534,2744,168.000000,35,-342.352,72.769,255,8
1778399166118394,104011490,2735,167.448975,35,-341.636,76.058,255,8
1778399166120631,104021469,2726,166.897949,35,-340.889,79.340,255,8
1778399166137978,104031425,2717,166.346939,36,-349.827,84.975,255,8
1778399166184002,104041405,2708,165.795929,36,-348.994,88.335,255,8
1778399166184478,104051365,2699,165.244904,35,-338.458,89.141,255,8
1778399166184849,104061338,2690,164.693878,35,-337.585,92.392,255,8
1778399166185196,104071301,2681,164.142853,35,-336.681,95.634,255,8
1778399166185521,104081278,2672,163.591827,35,-335.746,98.867,255,8
1778399166201230,104091237,2663,163.040817,36,-344.345,105.009,255,8
1778399166201737,104101214,2654,162.489792,36,-343.319,108.315,255,8
1778399166241233,104111168,2645,161.938782,35,-332.754,108.512,255,8
1778399166241880,104121144,2636,161.387756,35,-331.695,111.707,255,8
1778399166242368,104131101,2627,160.836731,35,-330.605,114.891,255,8
1778399166242801,104141079,2618,160.285706,36,-338.899,121.439,255,8
1778399166290351,104151034,2609,159.734695,35,-328.335,121.229,255,8
1778399166290945,104161023,2600,159.183670,36,-336.501,127.934,255,8
1778399166291364,104170982,2591,158.632660,36,-335.255,131.165,255,8
1778399166291855,104180965,2582,158.081635,38,-352.532,141.848,255,8
1778399166292268,104190913,2573,157.530609,41,-378.874,156.698,255,8
1778399166307185,104200900,2564,156.979584,41,-377.350,160.334,255,8
1778399166308722,104210858,2555,156.428574,41,-375.791,163.956,255,8
1778399166324423,104220842,2546,155.877548,42,-383.323,171.649,255,8
1778399166330588,104230799,2537,155.326538,41,-372.568,171.153,255,8
1778399166375236,104240780,2528,154.775513,41,-370.904,174.728,255,8
1778399166375649,104250734,2519,154.224487,41,-369.207,178.287,255,8
1778399166376048,104260718,2510,153.673462,41,-367.475,181.829,255,8
1778399166376405,104270668,2501,153.122452,41,-365.710,185.355,255,8
1778399166378102,104280646,2493,152.632645,41,-364.112,188.474,255,8
1778399166392515,104290598,2484,152.081635,37,-326.938,173.239,255,8
1778399166429239,104300573,2475,151.530609,37,-325.257,176.375,255,8
1778399166429979,104310529,2466,150.979599,36,-314.801,174.644,255,8
1778399166430420,104320508,2457,150.428574,36,-313.107,177.663,255,8
1778399166430804,104330467,2448,149.877548,37,-320.033,185.684,255,8
1778399166445459,104340447,2439,149.326523,38,-326.834,193.855,255,8
1778399166482397,104350400,2430,148.775513,38,-324.954,196.989,255,8
1778399166482798,104360382,2421,148.224487,41,-348.548,215.903,255,8
1778399166483248,104370335,2413,147.734695,42,-355.146,224.213,255,8
1778399166483562,104380317,2404,147.183670,42,-352.973,227.618,255,8
1778399166498822,104390270,2395,146.632660,41,-342.416,225.502,255,8
1778399166499225,104400248,2386,146.081635,41,-340.232,228.785,255,8
1778399166511923,104410204,2377,145.530609,41,-338.016,232.046,255,8
1778399166563979,104420186,2368,144.979584,40,-327.579,229.547,255,8
1778399166564402,104430136,2359,144.428574,40,-325.356,232.687,255,8
1778399166564879,104440113,2350,143.877548,40,-323.104,235.805,255,8
1778399166565240,104450056,2342,143.387756,40,-321.076,238.559,255,8
1778399166565620,104460048,2333,142.836746,40,-318.767,241.635,255,8
1778399166566342,104470001,2324,142.285721,40,-316.428,244.690,255,8
1778399166579412,104479982,2315,141.734695,40,-314.061,247.721,255,8
1778399166622021,104489933,2306,141.183670,39,-303.872,244.462,255,8
1778399166622384,104499909,2298,140.693878,39,-301.771,247.051,255,8
1778399166622733,104509860,2289,140.142853,39,-299.381,249.942,255,8
1778399166623113,104519842,2280,139.591827,39,-296.964,252.809,255,8
1778399166638284,104529794,2271,139.040817,39,-294.519,255.653,255,8
1778399166638731,104539765,2262,138.489807,39,-292.047,258.474,255,8
1778399166650723,104549727,2254,138.000000,39,-289.826,260.961,255,8
1778399166701587,104559712,2245,137.448975,39,-287.303,263.736,255,8
1778399166702138,104569659,2236,136.897964,39,-284.754,266.487,255,8
1778399166702661,104579639,2227,136.346939,39,-282.178,269.213,255,8
1778399166703079,104589592,2218,135.795914,39,-279.576,271.914,255,8
1778399166703475,104599568,2210,135.306122,39,-277.241,274.294,255,8
1778399166704938,104609521,2201,134.755096,39,-274.590,276.948,255,8
1778399166718590,104619500,2192,134.204086,38,-264.942,272.407,255,8
1778399166759219,104629447,2183,133.653061,38,-262.310,274.943,255,8
1778399166759677,104639422,2175,133.163269,38,-259.950,277.175,255,8
1778399166760060,104649372,2166,132.612244,38,-257.273,279.662,255,8
1778399166760435,104659353,2157,132.061218,38,-254.571,282.123,255,8
1778399166774909,104669307,2148,131.510193,38,-251.846,284.558,255,8
1778399166775326,104679283,2140,131.020401,38,-249.405,286.701,255,8
1778399166814448,104689232,2131,130.469391,38,-246.636,289.086,255,8
1778399166814878,104699209,2122,129.918365,38,-243.844,291.445,255,8
1778399166815311,104709157,2114,129.428574,38,-241.344,293.518,255,8
1778399166815718,104719133,2105,128.877548,38,-238.510,295.826,255,8
1778399166830459,104729085,2096,128.326538,38,-235.654,298.106,255,8
1778399166877427,104739057,2087,127.775513,38,-232.776,300.358,255,8
1778399166877842,104749003,2078,127.224487,37,-223.828,294.620,255,8
1778399166878247,104758979,2070,126.734695,38,-227.282,304.537,255,8
1778399166878664,104768927,2061,126.183678,38,-224.343,306.709,255,8
1778399166879103,104778909,2052,125.632652,37,-215.557,300.724,255,8
1778399166892769,104788858,2044,125.142860,37,-212.978,302.556,255,8
1778399166893205,104798838,2035,124.591835,37,-210.059,304.590,255,8
1778399166940446,104808790,2026,124.040817,37,-207.120,306.596,255,8
1778399166940915,104818772,2018,123.551025,37,-204.491,308.356,255,8
1778399166941251,104828720,2009,123.000000,37,-201.516,310.308,255,8
1778399166941626,104838700,2000,122.448975,37,-198.523,312.232,255,8
1778399166942716,104848651,1992,121.959183,37,-195.847,313.917,255,8
1778399166987495,104858626,1983,121.408165,37,-192.819,315.786,255,8
1778399166987922,104868577,1974,120.857140,37,-189.773,317.626,255,8
1778399166988280,104878552,1966,120.367348,37,-187.051,319.237,255,8
1778399166988633,104888501,1957,119.816322,37,-183.972,321.021,255,8
1778399167003813,104898480,1948,119.265305,37,-180.876,322.775,255,8
1778399167004220,104908434,1940,118.775513,37,-178.110,324.310,255,8
1778399167046711,104918411,1931,118.224487,37,-174.983,326.008,255,8
1778399167047329,104928360,1922,117.673470,37,-171.840,327.675,255,8
1778399167047830,104938340,1914,117.183670,37,-169.032,329.132,255,8
1778399167048316,104948292,1906,116.693878,37,-166.213,330.565,255,8
1778399167063459,104958270,1897,116.142860,37,-163.026,332.148,255,8
1778399167063946,104968221,1888,115.591835,37,-159.824,333.701,255,8
1778399167075707,104978195,1880,115.102043,37,-156.966,335.055,255,8
1778399167111428,104988141,1871,114.551018,37,-153.736,336.549,255,8
1778399167111943,104998125,1863,114.061226,36,-146.777,328.720,255,8
1778399167112456,105008074,1854,113.510208,36,-143.608,330.116,255,8
1778399167112826,105018053,1846,113.020416,37,-144.692,340.535,255,8
1778399167126642,105028004,1837,112.469391,37,-141.410,341.911,255,8
1778399167170407,105037986,1829,111.979584,36,-134.739,333.834,255,8
1778399167170936,105047935,1820,111.428574,36,-131.523,335.115,255,8
1778399167171472,105057909,1812,110.938774,36,-128.653,336.227,255,8
1778399167171835,105067855,1803,110.387764,36,-125.414,337.448,255,8
1778399167172180,105077831,1795,109.897957,36,-122.525,338.508,255,8
1778399167221633,105087780,1786,109.346931,36,-119.263,339.671,255,8
1778399167222047,105097755,1778,108.857140,36,-116.355,340.678,255,8
1778399167222582,105107708,1769,108.306122,36,-113.074,341.781,255,8
1778399167223078,105117687,1761,107.816330,36,-110.148,342.735,255,8
1778399167223700,105127641,1752,107.265305,36,-106.847,343.779,255,8
1778399167271532,105137625,1744,106.775513,36,-103.904,344.679,255,8
1778399167272136,105147568,1736,106.285721,36,-100.954,345.555,255,8
1778399167272720,105157545,1728,105.795914,36,-97.996,346.405,255,8
1778399167273302,105167491,1719,105.244896,36,-94.660,347.332,255,8
1778399167273903,105177470,1711,104.755096,36,-91.688,348.128,255,8
1778399167289201,105187425,1702,104.204079,36,-88.336,348.994,255,8
1778399167289583,105197400,1694,103.714287,36,-85.349,349.736,255,8
1778399167304525,105207352,1686,103.224495,36,-82.356,350.453,255,8
1778399167345471,105217330,1678,102.734688,36,-79.357,351.144,255,8
1778399167345918,105227282,1669,102.183678,36,-75.977,351.891,255,8
1778399167346414,105237260,1661,101.693871,36,-72.966,352.528,255,8
1778399167346826,105247211,1653,101.204079,36,-69.950,353.139,255,8
1778399167348887,105257195,1644,100.653061,36,-66.550,353.795,255,8
1778399167364021,105267147,1636,100.163269,36,-63.523,354.351,255,8
1778399167400985,105277121,1628,99.673470,36,-60.492,354.881,255,8
1778399167401441,105287068,1619,99.122452,36,-57.076,355.447,255,8
1778399167401824,105297044,1611,98.632660,36,-54.036,355.922,255,8
1778399167402252,105306995,1603,98.142853,36,-50.991,356.370,255,8
1778399167447986,105316978,1595,97.653061,36,-47.943,356.793,255,8
1778399167448396,105326925,1586,97.102036,36,-44.509,357.238,255,8
1778399167448778,105336905,1578,96.612244,36,-41.454,357.605,255,8
1778399167449128,105346855,1570,96.122452,36,-38.395,357.947,255,8
1778399167449418,105356834,1562,95.632652,36,-35.334,358.262,255,8
1778399167463746,105366784,1554,95.142860,36,-32.270,358.551,255,8
1778399167505487,105376760,1546,94.653061,36,-29.204,358.814,255,8
1778399167506014,105386709,1538,94.163261,36,-26.136,359.050,255,8
1778399167506508,105396683,1529,93.612251,36,-22.681,359.285,255,8
1778399167506966,105406639,1521,93.122444,36,-19.609,359.466,255,8
1778399167507341,105416616,1513,92.632652,36,-16.536,359.620,255,8
1778399167522401,105426573,1505,92.142860,36,-13.461,359.748,255,8
1778399167536393,105436550,1497,91.653053,36,-10.385,359.850,255,8
1778399167537086,105446501,1489,91.163261,36,-7.308,359.926,255,8
1778399167585501,105456473,1480,90.612244,36,-3.847,359.979,255,8
1778399167585898,105466423,1472,90.122452,36,-0.769,359.999,255,8
1778399167586462,105476401,1464,89.632652,36,2.308,359.993,255,8
1778399167587175,105486353,1456,89.142860,36,5.385,359.960,255,8
1778399167587850,105496335,1448,88.653061,36,8.462,359.901,255,8
1778399167602812,105506285,1440,88.163269,36,11.539,359.815,255,8
1778399167641299,105516265,1432,87.673470,36,14.614,359.703,255,8
1778399167641803,105526220,1424,87.183678,36,17.688,359.565,255,8
1778399167642181,105536201,1416,86.693878,36,20.761,359.401,255,8
1778399167642505,105546151,1408,86.204086,36,23.833,359.210,255,8
1778399167657911,105556127,1400,85.714287,36,26.903,358.993,255,8
1778399167658350,105566077,1392,85.224487,36,29.971,358.750,255,8
1778399167670421,105576054,1384,84.734695,36,33.036,358.481,255,8
1778399167683483,105586004,1376,84.244896,36,36.100,358.185,255,8
1778399167723503,105595985,1368,83.755104,36,39.160,357.864,255,8
1778399167724109,105605936,1360,83.265305,36,42.218,357.516,255,8
1778399167724480,105615914,1351,82.714287,36,45.654,357.093,255,8
1778399167724813,105625868,1343,82.224487,36,48.705,356.690,255,8
1778399167725266,105635846,1335,81.734695,36,51.753,356.261,255,8
1778399167740100,105645806,1327,81.244896,36,54.796,355.805,255,8
1778399167784050,105655788,1319,80.755104,36,57.836,355.324,255,8
1778399167784721,105665734,1311,80.265312,36,60.871,354.816,255,8
1778399167785264,105675716,1303,79.775513,36,63.902,354.283,255,8
1778399167785721,105685665,1295,79.285713,36,66.928,353.724,255,8
1778399167786196,105695651,1288,78.857147,36,69.572,353.213,255,8
1778399167800452,105705602,1280,78.367348,36,72.589,352.606,255,8
1778399167814924,105715577,1272,77.877556,36,75.601,351.972,255,8
1778399167815327,105725524,1264,77.387756,37,80.790,361.072,255,8
1778399167861348,105735503,1256,76.897964,37,83.874,360.368,255,8
1778399167861860,105745455,1248,76.408165,37,86.951,359.638,255,8
1778399167862301,105755433,1240,75.918365,37,90.023,358.882,255,8
1778399167862732,105765384,1233,75.489799,37,92.704,358.198,255,8
1778399167863996,105775363,1225,75.000000,37,95.763,357.393,255,8
1778399167878900,105785311,1217,74.510208,37,98.815,356.561,255,8
1778399167924945,105795287,1209,74.020409,37,101.859,355.703,255,8
1778399167925384,105805234,1201,73.530617,37,104.896,354.819,255,8
1778399167925830,105815208,1194,73.102043,37,107.547,354.025,255,8
1778399167926255,105825157,1186,72.612244,37,110.570,353.093,255,8
1778399167926667,105835134,1178,72.122452,37,113.584,352.134,255,8
1778399167941472,105845078,1170,71.632652,37,116.590,351.151,255,8
1778399167954865,105855047,1162,71.142860,37,119.588,350.141,255,8
1778399167955384,105864992,1154,70.653061,37,122.576,349.106,255,8
1778399168022423,105874968,1146,70.163269,37,125.556,348.045,255,8
1778399168022832,105884916,1139,69.734695,37,128.156,347.097,255,8
1778399168023190,105894891,1131,69.244904,37,131.118,345.988,255,8
1778399168023555,105904830,1123,68.755104,37,134.071,344.855,255,8
1778399168023907,105914806,1116,68.326530,37,136.647,343.842,255,8
1778399168024275,105924760,1108,67.836739,37,139.581,342.662,255,8
1778399168024621,105934736,1100,67.346939,37,142.506,341.456,255,8
1778399168039646,105944684,1093,66.918365,37,145.056,340.380,255,8
1778399168052038,105954660,1085,66.428574,38,151.959,348.294,255,8
1778399168052526,105964603,1078,66.000000,38,154.560,347.147,255,8
1778399168103978,105974578,1070,65.510201,38,157.522,345.813,255,8
1778399168104459,105984523,1063,65.081635,38,160.104,344.625,255,8
1778399168104878,105994495,1055,64.591835,38,163.044,343.244,255,8
1778399168105310,106004445,1047,64.102036,38,165.973,341.838,255,8
1778399168105751,106014411,1040,63.673470,38,168.525,340.587,255,8
1778399168121621,106024371,1032,63.183670,38,171.430,339.134,255,8
1778399168122005,106034345,1024,62.693878,39,178.910,346.542,255,8
1778399168168797,106044293,1017,62.265305,39,181.497,345.194,255,8
1778399168169416,106054269,1009,61.775513,38,179.712,334.819,255,8
1778399168169892,106064213,1002,61.346939,39,187.007,342.240,255,8
1778399168170340,106074192,994,60.857143,39,189.926,340.629,255,8
1778399168171047,106084139,986,60.367348,39,192.831,338.993,255,8
1778399168186478,106094113,979,59.938778,40,200.370,346.196,255,8
1778399168192433,106104060,972,59.510204,40,202.954,344.688,255,8
1778399168239216,106114033,964,59.020412,40,205.893,342.940,255,8
1778399168239658,106123982,957,58.591835,40,208.453,341.391,255,8
1778399168240213,106133958,949,58.102039,40,211.363,339.596,255,8
1778399168240651,106143901,942,57.673470,40,213.897,338.006,255,8
1778399168241040,106153880,934,57.183670,40,216.779,336.165,255,8
1778399168256406,106163828,927,56.755104,40,219.287,334.534,255,8
1778399168297835,106173806,920,56.326530,40,221.784,332.884,255,8
1778399168298294,106183756,912,55.836735,39,219.006,322.702,255,8
1778399168298664,106193731,905,55.408161,39,221.413,321.055,255,8
1778399168298997,106203679,898,54.979591,39,223.809,319.390,255,8
1778399168299800,106213647,890,54.489796,39,226.531,317.465,255,8
1778399168315036,106223584,883,54.061226,39,228.899,315.761,255,8
1778399168329941,106233564,875,53.571426,39,231.590,313.793,255,8
1778399168330327,106243511,868,53.142860,39,233.931,312.052,255,8
1778399168380927,106253480,860,52.653061,39,236.590,310.041,255,8
1778399168381470,106263429,853,52.224491,39,238.902,308.263,255,8
1778399168381844,106273400,846,51.795918,39,241.201,306.467,255,8
1778399168382216,106283346,838,51.306122,39,243.812,304.394,255,8
1778399168382530,106293321,831,50.877552,39,246.082,302.562,255,8
1778399168433508,106303269,824,50.448978,38,241.971,293.002,255,8
1778399168434102,106313238,817,50.020409,38,244.156,291.184,255,8
1778399168434725,106323182,810,49.591835,38,246.327,289.349,255,8
1778399168435498,106333153,802,49.102043,38,248.791,287.233,255,8
1778399168436038,106343107,795,48.673470,38,250.933,285.364,255,8
1778399168452417,106353082,788,48.244900,38,253.060,283.479,255,8
1778399168452859,106363030,781,47.816326,38,255.174,281.578,255,8
1778399168501110,106373009,774,47.387756,38,257.273,279.662,255,8
1778399168501725,106382959,767,46.959183,38,259.357,277.730,255,8
1778399168502171,106392940,760,46.530613,38,261.427,275.782,255,8
1778399168502664,106402887,753,46.102039,38,263.483,273.819,255,8
1778399168503122,106412864,746,45.673470,38,265.524,271.840,255,8
1778399168519440,106422815,738,45.183674,38,267.838,269.561,255,8
1778399168519824,106432793,731,44.755100,38,269.847,267.550,255,8
1778399168564799,106442738,724,44.326530,38,271.840,265.524,255,8
1778399168565516,106452713,717,43.897957,38,273.819,263.483,255,8
1778399168566033,106462660,710,43.469387,37,268.525,254.548,255,8
1778399168566361,106472641,703,43.040813,37,270.421,252.532,255,8
1778399168567333,106482592,695,42.551022,37,272.570,250.211,255,8
1778399168582043,106492572,688,42.122448,37,274.434,248.165,255,8
1778399168632933,106502518,681,41.693878,37,276.282,246.106,255,8
1778399168633494,106512491,674,41.265305,37,278.116,244.032,255,8
1778399168634046,106522441,668,40.897957,37,279.674,242.244,255,8
1778399168634567,106532414,661,40.469387,37,281.479,240.145,255,8
1778399168634994,106542360,654,40.040817,37,283.267,238.033,255,8
1778399168636682,106552332,648,39.673470,37,284.787,236.212,255,8
1778399168650960,106562277,641,39.244896,37,286.546,234.075,255,8
1778399168695055,106572254,634,38.816326,37,288.289,231.926,255,8
1778399168695485,106582195,628,38.448982,37,289.770,230.072,255,8
1778399168695899,106592170,621,38.020409,37,291.483,227.899,255,8
1778399168696406,106602118,615,37.653061,37,292.938,226.025,255,8
1778399168696827,106612091,608,37.224491,37,294.620,223.828,255,8
1778399168712453,106622037,602,36.857143,37,296.049,221.934,255,8
1778399168761125,106632015,596,36.489796,37,297.466,220.031,255,8
1778399168761607,106641965,589,36.061226,37,299.104,217.800,255,8
1778399168762138,106651941,583,35.693878,37,300.494,215.878,255,8
1778399168762602,106661887,577,35.326530,37,301.872,213.947,255,8
1778399168763087,106671865,570,34.897957,37,303.464,211.683,255,8
1778399168767715,106681817,564,34.530613,37,304.815,209.733,255,8
1778399168784234,106691788,557,34.102039,37,306.375,207.447,255,8
1778399168785216,106701735,551,33.734692,37,307.699,205.479,255,8
1778399168828050,106711717,545,33.367348,37,309.010,203.502,255,8
1778399168828682,106721665,539,33.000000,37,310.308,201.516,255,8
1778399168829081,106731640,533,32.632652,37,311.594,199.523,255,8
1778399168829473,106741587,527,32.265305,37,312.867,197.521,255,8
1778399168845869,106751561,521,31.897959,37,314.126,195.511,255,8
1778399168846403,106761505,515,31.530611,37,315.374,193.493,255,8
1778399168897639,106771480,509,31.163263,37,316.608,191.467,255,8
1778399168898078,106781429,504,30.857143,37,317.626,189.773,255,8
1778399168898639,106791404,498,30.489796,37,318.836,187.732,255,8
1778399168899009,106801352,493,30.183674,37,319.835,186.026,255,8
1778399168899330,106811323,487,29.816326,37,321.021,183.972,255,8
1778399168916290,106821271,482,29.510206,37,321.999,182.254,255,8
1778399168916731,106831246,476,29.142859,37,323.161,180.186,255,8
1778399168961419,106841196,471,28.836735,37,324.119,178.457,255,8
1778399168961905,106851174,465,28.469387,37,325.257,176.375,255,8
1778399168962414,106861125,460,28.163265,37,326.194,174.635,255,8
1778399168962858,106871105,455,27.857143,37,327.123,172.889,255,8
1778399168963522,106881055,450,27.551022,37,328.042,171.139,255,8
1778399168980071,106891029,445,27.244898,37,328.951,169.384,255,8
1778399168992481,106900979,440,26.938774,37,329.852,167.624,255,8
1778399168993208,106910954,434,26.571430,37,330.920,165.506,255,8
1778399169032984,106920911,429,26.265306,37,331.799,163.735,255,8
1778399169033422,106930889,424,25.959183,37,332.669,161.960,255,8
1778399169033782,106940841,418,25.591835,37,333.701,159.824,255,8
1778399169034102,106950816,413,25.285715,37,334.550,158.039,255,8
1778399169081032,106960765,408,24.979591,37,335.390,156.249,255,8
1778399169081776,106970741,402,24.612246,37,336.384,154.096,255,8
1778399169082340,106980692,398,24.367346,37,337.040,152.657,255,8
1778399169082699,106990672,393,24.061226,37,337.851,150.854,255,8
1778399169083019,107000621,388,23.755102,37,338.652,149.046,255,8
1778399169138175,107010598,383,23.448978,37,339.443,147.235,255,8
1778399169138830,107020550,378,23.142859,36,331.030,141.489,255,8
1778399169139402,107030534,374,22.897959,36,331.632,140.073,255,8
1778399169139973,107040486,370,22.653061,36,332.227,138.654,255,8
1778399169140510,107050466,366,22.408163,36,332.817,137.233,255,8
1778399169141839,107060419,361,22.102041,36,333.545,135.453,255,8
1778399169158058,107070395,357,21.857143,36,334.121,134.026,255,8
1778399169202453,107080353,353,21.612246,36,334.691,132.596,255,8
1778399169202938,107090331,348,21.306122,36,335.395,130.806,255,8
1778399169203382,107100279,344,21.061224,36,335.951,129.372,255,8
1778399169203828,107110265,342,20.938776,35,326.887,125.080,255,8
1778399169204243,107120215,343,21.000000,33,308.082,118.261,255,8
1778399169221070,107130194,343,21.000000,33,308.082,118.261,255,8
1778399169221508,107140148,343,21.000000,33,308.082,118.261,255,8
1778399169233624,107150129,343,21.000000,33,308.082,118.261,255,8
1778399169275379,107160081,344,21.061224,33,307.955,118.591,255,8
1778399169275836,107170058,346,21.183674,34,317.025,122.862,255,8
1778399169276387,107180006,349,21.367348,34,316.630,123.878,255,8
1778399169276773,107189982,353,21.612246,34,316.097,125.230,255,8
1778399169292516,107199925,356,21.795919,34,315.694,126.243,255,8
1778399169292904,107209901,360,22.040817,34,315.152,127.591,255,8
1778399169334344,107219863,364,22.285715,34,314.603,128.937,255,8
1778399169334743,107229841,368,22.530613,34,314.049,130.280,255,8
1778399169335094,107239792,372,22.775511,34,313.490,131.621,255,8
1778399169335460,107249771,376,23.020407,34,312.924,132.960,255,8
1778399169350043,107259722,380,23.265306,34,312.353,134.296,255,8
1778399169350404,107269702,384,23.510202,34,311.776,135.630,255,8
1778399169362159,107279651,389,23.816326,34,311.047,137.294,255,8
1778399169375629,107289632,393,24.061226,34,310.458,138.622,255,8
1778399169420653,107299575,398,24.367346,34,309.712,140.279,255,8
1778399169421137,107309555,402,24.612246,34,309.110,141.602,255,8
1778399169421589,107319507,407,24.918367,34,308.349,143.251,255,8
1778399169422034,107329494,411,25.163265,34,307.734,144.568,255,8
1778399169422517,107339446,416,25.469387,34,306.957,146.210,255,8
1778399169477477,107349425,421,25.775511,34,306.172,147.848,255,8
1778399169477998,107359374,425,26.020407,34,305.537,149.155,255,8
1778399169478490,107369346,430,26.326530,34,304.736,150.785,255,8
1778399169478948,107379297,435,26.632654,34,303.926,152.411,255,8
1778399169479334,107389274,440,26.938774,34,303.107,154.033,255,8
1778399169479739,107399223,444,27.183674,34,302.446,155.327,255,8
1778399169499188,107409191,449,27.489796,34,301.612,156.941,255,8
1778399169499696,107419144,454,27.795918,34,300.769,158.550,255,8
1778399169547817,107429130,459,28.102039,34,299.917,160.155,255,8
1778399169548322,107439079,464,28.408163,34,299.057,161.755,255,8
1778399169548737,107449053,470,28.775511,34,298.014,163.669,255,8
1778399169549128,107459006,475,29.081635,34,297.136,165.259,255,8
1778399169549542,107468982,480,29.387754,34,296.248,166.844,255,8
1778399169566940,107478933,486,29.755102,34,295.173,168.740,255,8
1778399169567856,107488917,491,30.061226,34,294.267,170.315,255,8
1778399169610778,107498869,496,30.367348,34,293.353,171.884,255,8
1778399169611527,107508852,502,30.734694,34,292.245,173.762,255,8
1778399169612032,107518804,508,31.102039,34,291.125,175.632,255,8
1778399169612541,107528782,513,31.408163,34,290.182,177.185,255,8
1778399169667789,107538729,519,31.775511,34,289.040,179.041,255,8
1778399169668182,107548705,525,32.142857,34,287.886,180.891,255,8
1778399169668656,107558662,530,32.448978,34,286.916,182.426,255,8
1778399169669016,107568644,536,32.816326,34,285.740,184.262,255,8
1778399169669359,107578595,542,33.183674,35,292.922,191.564,255,8
1778399169669684,107588577,548,33.551022,34,283.354,187.911,255,8
1778399169685186,107598528,554,33.918369,34,282.143,189.724,255,8
1778399169686708,107608511,560,34.285713,35,289.184,197.162,255,8
1778399169703663,107618460,566,34.653061,35,287.914,199.012,255,8
1778399169740104,107628437,572,35.020409,35,286.632,200.854,255,8
1778399169740537,107638387,578,35.387753,35,285.338,202.687,255,8
1778399169740911,107648370,584,35.755100,35,284.033,204.513,255,8
1778399169741209,107658323,591,36.183674,35,282.495,206.631,255,8
1778399169787342,107668301,597,36.551022,35,281.164,208.438,255,8
1778399169787735,107678254,603,36.918369,35,279.822,210.237,255,8
1778399169788125,107688231,610,37.346939,35,278.242,212.324,255,8
1778399169788463,107698178,616,37.714287,35,276.875,214.104,255,8
1778399169788770,107708155,622,38.081635,35,275.496,215.874,255,8
1778399169803753,107718105,629,38.510204,35,273.874,217.929,255,8
1778399169843389,107728081,635,38.877552,35,272.471,219.680,255,8
1778399169843876,107738028,642,39.306122,35,270.820,221.712,255,8
1778399169844295,107748005,649,39.734695,35,269.154,223.732,255,8
1778399169844840,107757955,655,40.102039,35,267.714,225.453,255,8
1778399169845317,107767938,662,40.530609,35,266.021,227.449,255,8
1778399169860037,107777886,669,40.959183,35,264.312,229.432,255,8
1778399169900220,107787863,676,41.387753,35,262.588,231.403,255,8
1778399169900700,107797812,683,41.816326,35,260.850,233.361,255,8
1778399169901123,107807790,690,42.244900,36,266.500,242.028,255,8
1778399169901538,107817740,697,42.673470,36,264.682,244.015,255,8
1778399169916622,107827713,704,43.102043,36,262.850,245.988,255,8
1778399169917136,107837669,711,43.530613,36,261.002,247.947,255,8
1778399169924357,107847643,718,43.959187,36,259.140,249.892,255,8
1778399169935206,107857592,726,44.448982,36,256.995,252.099,255,8
1778399169975955,107867566,733,44.877552,36,255.102,254.014,255,8
1778399169976355,107877517,740,45.306122,36,253.195,255.915,255,8
1778399169976913,107887497,748,45.795918,36,250.998,258.070,255,8
1778399169977442,107897446,755,46.224487,36,249.060,259.940,255,8
1778399169992276,107907425,762,46.653061,36,247.109,261.796,255,8
1778399169993644,107917374,770,47.142860,36,244.862,263.899,255,8
1778399170030812,107927354,778,47.632652,36,242.597,265.982,255,8
1778399170031346,107937304,785,48.061226,36,240.601,267.789,255,8
1778399170031786,107947280,793,48.551018,36,238.303,269.836,255,8
1778399170033292,107957228,800,48.979595,37,242.841,279.156,255,8
1778399170083278,107967213,808,49.469387,37,240.446,281.222,255,8
1778399170083880,107977168,816,49.959183,37,238.033,283.267,255,8
1778399170084402,107987151,824,50.448978,37,235.603,285.291,255,8
1778399170084787,107997101,832,50.938774,37,233.156,287.295,255,8
1778399170085212,108007079,840,51.428574,37,230.691,289.278,255,8
1778399170100058,108017029,848,51.918365,37,228.210,291.239,255,8
1778399170111722,108027004,856,52.408165,37,225.712,293.179,255,8
1778399170112543,108036956,864,52.897957,37,223.197,295.098,255,8
1778399170123345,108046938,873,53.448978,37,220.349,297.231,255,8
1778399170165443,108056886,881,53.938778,38,223.687,307.188,255,8
1778399170166136,108066862,889,54.428570,38,221.053,309.089,255,8
1778399170166677,108076811,897,54.918369,38,218.402,310.967,255,8
1778399170167021,108086788,906,55.469387,38,215.402,313.053,255,8
1778399170181704,108096731,914,55.959183,38,212.718,314.883,255,8
1778399170182264,108106706,922,56.448978,38,210.018,316.690,255,8
1778399170221612,108116648,931,57.000000,38,206.963,318.695,255,8
1778399170222061,108126614,940,57.551022,38,203.888,320.670,255,8
1778399170222576,108136569,948,58.040813,38,201.140,322.402,255,8
1778399170222936,108146542,957,58.591835,39,203.241,332.856,255,8
1778399170271855,108156495,965,59.081635,39,200.388,334.581,255,8
1778399170272480,108166467,974,59.632652,39,197.161,336.493,255,8
1778399170273011,108176413,983,60.183674,39,193.916,338.373,255,8
1778399170273423,108186385,992,60.734695,39,190.653,340.223,255,8
1778399170273750,108196335,1001,61.285713,38,182.568,333.270,255,8
1778399170289037,108206314,1010,61.836735,38,179.355,335.010,255,8
1778399170294859,108216266,1019,62.387753,37,171.490,327.859,255,8
1778399170305766,108226236,1028,62.938774,37,168.329,329.493,255,8
1778399170312196,108236186,1037,63.489796,37,165.152,331.096,255,8
1778399170356735,108246167,1046,64.040817,37,161.960,332.669,255,8
1778399170357323,108256114,1055,64.591835,37,158.754,334.211,255,8
1778399170357847,108266092,1064,65.142860,37,155.532,335.723,255,8
1778399170358263,108276039,1074,65.755096,37,151.936,337.365,255,8
1778399170360168,108286018,1083,66.306122,36,144.666,329.654,255,8
1778399170375999,108295970,1092,66.857147,36,141.489,331.030,255,8
1778399170422240,108305944,1102,67.469383,36,137.944,332.523,255,8
1778399170422676,108315893,1111,68.020409,36,134.739,333.834,255,8
1778399170423146,108325880,1121,68.632652,36,131.165,335.255,255,8
1778399170423594,108335832,1130,69.183670,36,127.934,336.501,255,8
1778399170423985,108345812,1140,69.795914,36,124.331,337.849,255,8
1778399170439766,108355762,1150,70.408165,36,120.714,339.158,255,8
1778399170440196,108365743,1160,71.020409,36,117.083,340.428,255,8
1778399170455790,108375693,1170,71.632652,36,113.439,341.660,255,8
1778399170500469,108385674,1179,72.183670,36,110.148,342.735,255,8
1778399170500974,108395623,1189,72.795921,35,103.522,334.340,255,8
1778399170501466,108405607,1199,73.408157,35,99.943,335.427,255,8
1778399170501855,108415560,1209,74.020409,35,96.353,336.476,255,8
1778399170502219,108425534,1219,74.632652,35,92.752,337.486,255,8
1778399170551657,108435486,1229,75.244904,35,89.141,338.458,255,8
1778399170552102,108445460,1239,75.857140,35,85.519,339.391,255,8
1778399170552483,108455409,1249,76.469391,35,81.888,340.286,255,8
1778399170552916,108465384,1259,77.081635,35,78.247,341.141,255,8
1778399170553335,108475338,1268,77.632652,35,74.963,341.878,255,8
1778399170601500,108485313,1278,78.244896,35,71.305,342.660,255,8
1778399170601982,108495258,1288,78.857147,35,67.640,343.402,255,8
1778399170602482,108505231,1298,79.469391,35,63.966,344.105,255,8
1778399170602860,108515180,1308,80.081635,35,60.286,344.769,255,8
1778399170603212,108525154,1318,80.693878,35,56.598,345.393,255,8
1778399170619379,108535099,1328,81.306122,35,52.904,345.979,255,8
1778399170619820,108545078,1338,81.918365,35,49.204,346.524,255,8
1778399170629600,108555022,1348,82.530609,35,45.499,347.030,255,8
1778399170640020,108564999,1358,83.142860,35,41.788,347.496,255,8
1778399170684412,108574951,1368,83.755104,35,38.072,347.923,255,8
1778399170684899,108584930,1377,84.306122,34,33.733,338.322,255,8
1778399170685282,108594878,1387,84.918365,34,30.116,338.664,255,8
1778399170685666,108604852,1397,85.530617,34,26.495,338.966,255,8
1778399170687065,108614802,1407,86.142853,34,22.871,339.230,255,8
1778399170703291,108624773,1417,86.755104,34,19.245,339.455,255,8
1778399170757947,108634713,1427,87.367348,34,15.617,339.641,255,8
1778399170758490,108644685,1437,87.979591,34,11.987,339.789,255,8
1778399170758852,108654631,1446,88.530609,34,8.719,339.888,255,8
1778399170759186,108664601,1456,89.142860,34,5.086,339.962,255,8
1778399170759483,108674547,1466,89.755104,34,1.453,339.997,255,8
1778399170759757,108684516,1476,90.367348,34,-2.180,339.993,255,8
1778399170774364,108694457,1486,90.979599,34,-5.813,339.950,255,8
1778399170820927,108704428,1496,91.591835,34,-9.445,339.869,255,8
1778399170821336,108714375,1506,92.204079,34,-13.076,339.748,255,8
1778399170821669,108724348,1516,92.816330,34,-16.706,339.589,255,8
1778399170822045,108734297,1526,93.428574,34,-20.333,339.391,255,8
1778399170822456,108744269,1536,94.040810,34,-23.959,339.155,255,8
1778399170880443,108754215,1545,94.591835,34,-27.219,338.909,255,8
1778399170880773,108764183,1555,95.204086,34,-30.839,338.598,255,8
1778399170881068,108774135,1565,95.816330,34,-34.456,338.250,255,8
1778399170881358,108784106,1575,96.428566,34,-38.068,337.862,255,8
1778399170881630,108794053,1585,97.040817,34,-41.676,337.436,255,8
1778399170881932,108804026,1594,97.591835,34,-44.919,337.020,255,8
1778399170939348,108813962,1604,98.204086,34,-48.518,336.520,255,8
1778399170939778,108823945,1614,98.816322,34,-52.111,335.983,255,8
1778399170940108,108833885,1624,99.428574,34,-55.698,335.407,255,8
1778399170940513,108843845,1634,100.040817,34,-59.279,334.792,255,8
1778399170940878,108853796,1644,100.653061,34,-62.853,334.140,255,8
1778399170941234,108863761,1654,101.265312,34,-66.420,333.449,255,8
1778399170956860,108873707,1663,101.816322,34,-69.623,332.795,255,8
1778399170957343,108883675,1673,102.428574,34,-73.176,332.032,255,8
1778399170964418,108893622,1683,103.040817,34,-76.719,331.231,255,8
1778399170974587,108903603,1693,103.653069,34,-80.254,330.393,255,8
1778399171015771,108912538,1703,104.265305,34,-83.780,329.516,255,8
1778399171016465,108923515,1712,104.816330,34,-86.945,328.695,255,8
1778399171017058,108933459,1722,105.428574,34,-90.453,327.747,255,8
1778399171017569,108943424,1732,106.040810,34,-93.949,326.762,255,8
1778399171033207,108953377,1742,106.653061,34,-97.436,325.740,255,8
1778399171033780,108963346,1752,107.265305,34,-100.911,324.680,255,8
1778399171078212,108973295,1761,107.816330,34,-104.029,323.694,255,8
1778399171078791,108983270,1771,108.428566,34,-107.482,322.564,255,8
1778399171079297,108993218,1781,109.040817,34,-110.922,321.397,255,8
1778399171079722,109003192,1791,109.653061,34,-114.350,320.194,255,8
1778399171094379,109013136,1800,110.204086,34,-117.424,319.079,255,8
1778399171094800,109023107,1810,110.816322,34,-120.827,317.806,255,8
1778399171106083,109033045,1820,111.428574,34,-124.216,316.497,255,8
1778399171113053,109043014,1830,112.040817,34,-127.591,315.152,255,8
1778399171161156,109052955,1840,112.653061,35,-134.803,322.999,255,8
1778399171162142,109062925,1849,113.204079,34,-133.962,312.496,255,8
1778399171162745,109072870,1859,113.816330,35,-141.332,320.196,255,8
1778399171163277,109082842,1869,114.428574,35,-144.745,318.667,255,8
1778399171163649,109092786,1879,115.040817,34,-143.910,308.042,255,8
1778399171219166,109102757,1888,115.591835,35,-151.185,315.663,255,8
1778399171219763,109112700,1898,116.204079,35,-154.549,314.029,255,8
1778399171220204,109122673,1908,116.816330,35,-157.896,312.360,255,8
1778399171220576,109132610,1918,117.428574,35,-161.225,310.655,255,8
1778399171220902,109142577,1927,117.979591,35,-164.205,309.090,255,8
1778399171221982,109152516,1937,118.591835,35,-167.498,307.318,255,8
1778399171237817,109162491,1947,119.204086,35,-170.773,305.511,255,8
1778399171244864,109172432,1957,119.816322,35,-174.027,303.668,255,8
1778399171256023,109182404,1966,120.367348,35,-176.940,301.981,255,8
1778399171301901,109192349,1976,120.979591,35,-180.156,300.073,255,8
1778399171302425,109202318,1986,121.591843,35,-183.353,298.131,255,8
1778399171302856,109212260,1996,122.204079,35,-186.528,296.154,255,8
1778399171303292,109222223,2005,122.755104,35,-189.367,294.347,255,8
1778399171303711,109232169,2015,123.367348,35,-192.502,292.307,255,8
1778399171319573,109242135,2025,123.979599,35,-195.614,290.233,255,8
1778399171321050,109252074,2034,124.530609,35,-198.396,288.338,255,8
1778399171365738,109262042,2044,125.142860,35,-201.466,286.202,255,8
1778399171366524,109271981,2054,125.755104,35,-204.513,284.033,255,8
1778399171366999,109281952,2064,126.367340,35,-207.536,281.831,255,8
1778399171367600,109291894,2073,126.918365,35,-210.237,279.822,255,8
1778399171382899,109301868,2083,127.530617,35,-213.215,277.560,255,8
1778399171383463,109311818,2093,128.142853,35,-216.168,275.266,255,8
1778399171390548,109321786,2103,128.755096,35,-219.097,272.940,255,8
1778399171438875,109331733,2112,129.306122,35,-221.712,270.820,255,8
1778399171439349,109341705,2122,129.918365,35,-224.593,268.436,255,8
1778399171439767,109351650,2132,130.530609,35,-227.449,266.021,255,8
1778399171440126,109361620,2141,131.081635,36,-236.568,271.359,255,8
1778399171440465,109371567,2151,131.693878,36,-239.454,268.815,255,8
1778399171455312,109381541,2161,132.306122,36,-242.313,266.241,255,8
1778399171496792,109391490,2170,132.857147,36,-244.862,263.899,255,8
1778399171497201,109401458,2180,133.469391,36,-247.668,261.267,255,8
1778399171497519,109411413,2190,134.081635,36,-250.446,258.606,255,8
1778399171497844,109421384,2199,134.632660,36,-252.921,256.185,255,8
1778399171501338,109431331,2209,135.244904,36,-255.644,253.468,255,8
1778399171517202,109441304,2219,135.857147,36,-258.338,250.722,255,8
1778399171519191,109451244,2228,136.408157,36,-260.737,248.226,255,8
1778399171535570,109461219,2238,137.020416,37,-270.691,252.243,255,8
1778399171576386,109471169,2248,137.632660,37,-273.371,249.336,255,8
1778399171576772,109481144,2257,138.183670,37,-275.756,246.696,255,8
1778399171577182,109491092,2267,138.795914,37,-278.376,243.735,255,8
1778399171577562,109501072,2276,139.346939,37,-280.707,241.047,255,8
1778399171578570,109511018,2286,139.959183,37,-283.267,238.033,255,8
1778399171593434,109520997,2296,140.571426,37,-285.794,234.993,255,8
1778399171636616,109530945,2305,141.122452,37,-288.041,232.233,255,8
1778399171637013,109540919,2315,141.734695,37,-290.506,229.142,255,8
1778399171637330,109550864,2324,142.285721,37,-292.696,226.338,255,8
1778399171637666,109560843,2334,142.897964,37,-295.098,223.197,255,8
1778399171638007,109570793,2344,143.510208,37,-297.466,220.031,255,8
1778399171653079,109580767,2353,144.061218,37,-299.568,217.161,255,8
1778399171664848,109590715,2362,144.612244,38,-309.796,220.061,255,8
1778399171669907,109600690,2372,145.224487,38,-312.129,216.738,255,8
1778399171725489,109610641,2382,145.836731,38,-314.427,213.390,255,8
1778399171725930,109620611,2391,146.387756,38,-316.465,210.356,255,8
1778399171726444,109630558,2401,147.000000,38,-318.695,206.963,255,8
1778399171726890,109640532,2410,147.551025,38,-320.670,203.888,255,8
1778399171727400,109650482,2420,148.163269,38,-322.831,200.450,255,8
1778399171727819,109660450,2429,148.714279,39,-333.289,202.529,255,8
1778399171743502,109670402,2439,149.326523,39,-335.435,198.956,255,8
1778399171789798,109680368,2448,149.877548,39,-337.332,195.721,255,8
1778399171790236,109690325,2458,150.489807,39,-339.405,192.106,255,8
1778399171790589,109700302,2467,151.040817,40,-349.986,193.675,255,8
1778399171790982,109710246,2477,151.653061,40,-352.035,189.924,255,8
1778399171791311,109720227,2486,152.204086,40,-353.846,186.529,255,8
1778399171804667,109730175,2496,152.816330,40,-355.819,182.738,255,8
1778399171806458,109740153,2505,153.367355,40,-357.560,179.307,255,8
1778399171860258,109750102,2515,153.979584,35,-314.523,153.542,255,8
1778399171860667,109760073,2524,154.530609,35,-315.985,150.510,255,8
1778399171861204,109770017,2534,155.142853,35,-317.576,147.125,255,8
1778399171861521,109779989,2544,155.755112,35,-319.130,143.723,255,8
1778399171861876,109789941,2553,156.306122,35,-320.497,140.647,255,8
1778399171911934,109799924,2562,156.857132,35,-321.835,137.559,255,8
1778399171912348,109809872,2572,157.469391,35,-323.286,134.112,255,8
1778399171912997,109819846,2581,158.020416,36,-333.834,134.739,255,8
1778399171913509,109829796,2591,158.632660,40,-372.505,145.738,255,8
1778399171913955,109839770,2600,159.183670,40,-373.890,142.149,255,8
1778399171915366,109849726,2610,159.795914,40,-375.387,138.146,255,8
1778399171929966,109859710,2619,160.346939,39,-367.281,131.166,255,8
1778399171976108,109869662,2629,160.959183,39,-368.662,127.234,255,8
1778399171976636,109879636,2638,161.510208,39,-369.868,123.683,255,8
1778399171976966,109889586,2648,162.122437,39,-371.169,119.724,255,8
1778399171977337,109899561,2657,162.673462,39,-372.303,116.149,255,8
1778399171977682,109909508,2666,163.224487,39,-373.403,112.563,255,8
1778399171992656,109919476,2676,163.836731,39,-374.584,108.566,255,8
1778399171994637,109929431,2685,164.387756,39,-375.611,104.959,255,8
1778399172050940,109939404,2695,165.000000,39,-376.711,100.939,255,8
1778399172051386,109949358,2704,165.551010,39,-377.664,97.312,255,8
1778399172051851,109959336,2713,166.102036,39,-378.583,93.675,255,8
1778399172052289,109969284,2723,166.714294,39,-379.562,89.625,255,8
1778399172052697,109979261,2732,167.265305,39,-380.406,85.970,255,8
1778399172054059,109989211,2742,167.877548,39,-381.303,81.901,255,8
1778399172111202,109999188,2751,168.428574,39,-382.073,78.230,255,8
1778399172112031,110009145,2760,168.979599,38,-372.992,72.640,255,8
1778399172112583,110019123,2770,169.591843,38,-373.747,68.650,255,8
1778399172113057,110029072,2779,170.142853,38,-374.390,65.053,255,8
1778399172113503,110039051,2788,170.693878,38,-374.999,61.450,255,8
1778399172113973,110049004,2797,171.244888,38,-375.572,57.840,255,8
1778399172130706,110058983,2807,171.857147,38,-376.169,53.824,255,8
1778399172143458,110068933,2816,172.408173,38,-376.669,50.204,255,8
1778399172143940,110078910,2825,172.959183,38,-377.134,46.579,255,8
1778399172188519,110088862,2834,173.510208,38,-377.565,42.950,255,8
1778399172188945,110098843,2844,174.122452,38,-378.002,38.913,255,8
1778399172189482,110108790,2853,174.673462,38,-378.359,35.276,255,8
1778399172189951,110118767,2862,175.224487,38,-378.681,31.636,255,8
1778399172205732,110128716,2872,175.836746,38,-378.997,27.587,255,8
1778399172206095,110138691,2881,176.387756,38,-379.245,23.941,255,8
1778399172252860,110148646,2890,176.938766,37,-369.472,19.759,255,8
1778399172253314,110158622,2899,177.489792,34,-339.674,14.891,255,8
1778399172253784,110168566,2909,178.102036,34,-339.813,11.261,255,8
1778399172254208,110177538,2918,178.653061,34,-339.906,7.992,255,8
1778399172254597,110188489,2927,179.204086,34,-339.967,4.723,255,8
1778399172270455,110198469,2936,179.755096,33,-329.997,1.411,255,8
1778399172271968,110208417,2946,180.367355,34,-339.993,-2.180,255,8
1778399172325992,110218392,2955,180.918365,33,-329.958,-5.289,255,8
1778399172326571,110228339,2964,181.469376,33,-329.891,-8.462,255,8
1778399172327077,110238314,2974,182.081635,32,-319.789,-11.623,255,8
1778399172327611,110248258,2983,182.632660,33,-329.652,-15.158,255,8
1778399172328233,110258234,2992,183.183670,33,-329.491,-18.327,255,8
1778399172344439,110268186,3002,183.795929,34,-339.254,-22.509,255,8
1778399172344947,110278160,3011,184.346939,33,-329.051,-25.013,255,8
1778399172394919,110288111,3020,184.897949,33,-328.795,-28.176,255,8
1778399172395488,110298088,3029,185.448990,33,-328.509,-31.337,255,8
1778399172396051,110308040,3039,186.061234,33,-328.155,-34.845,255,8
1778399172396507,110318017,3048,186.612244,33,-327.805,-37.999,255,8
1778399172396961,110327965,3057,187.163254,33,-327.424,-41.150,255,8
1778399172412034,110337938,3067,187.775513,33,-326.966,-44.646,255,8
1778399172412442,110347891,3076,188.326523,33,-326.521,-47.789,255,8
1778399172471717,110357865,3085,188.877548,33,-326.047,-50.927,255,8
1778399172472183,110367824,3094,189.428558,33,-325.542,-54.060,255,8
1778399172472574,110377804,3104,190.040817,33,-324.946,-57.535,255,8
1778399172472986,110387756,3113,190.591827,34,-334.207,-62.496,255,8
1778399172473416,110397737,3122,191.142868,33,-323.779,-63.775,255,8
1778399172473796,110407693,3131,191.693878,33,-323.151,-66.885,255,8
1778399172488542,110417675,3141,192.306122,33,-322.418,-70.334,255,8
1778399172489919,110427632,3150,192.857132,33,-321.726,-73.432,255,8
1778399172506630,110437610,3159,193.408173,33,-321.005,-76.523,255,8
1778399172553798,110447561,3168,193.959183,33,-320.254,-79.606,255,8
1778399172554382,110457541,3178,194.571426,33,-319.385,-83.024,255,8
1778399172554825,110467498,3187,195.122452,33,-318.572,-86.091,255,8
1778399172555234,110477481,3196,195.673477,33,-317.730,-89.151,255,8
1778399172555657,110487436,3206,196.285706,33,-316.759,-92.541,255,8
1778399172571468,110497410,3215,196.836746,33,-315.854,-95.583,255,8
1778399172571878,110507370,3224,197.387756,34,-324.463,-101.605,255,8
1778399172616929,110517353,3233,197.938782,37,-352.013,-113.960,255,8
1778399172617602,110527310,3243,198.551010,38,-360.255,-120.897,255,8
1778399172618031,110537289,3252,199.102051,39,-368.526,-127.628,255,8
1778399172618468,110547245,3261,199.653061,39,-367.281,-131.166,255,8
1778399172618987,110557228,3270,200.204071,39,-366.003,-134.692,255,8
1778399172635635,110567172,3280,200.816330,39,-364.543,-138.596,255,8
1778399172641137,110577161,3289,201.367355,39,-363.193,-142.095,255,8
1778399172652860,110587114,3298,201.918365,38,-352.532,-141.848,255,8
1778399172702072,110597095,3307,202.469376,38,-351.152,-145.232,255,8
1778399172702915,110607051,3316,203.020416,38,-349.739,-148.602,255,8
1778399172703680,110617030,3326,203.632645,38,-348.131,-152.331,255,8
1778399172704227,110626984,3335,204.183670,39,-355.772,-159.769,255,8
1778399172704741,110636959,3344,204.734680,39,-354.219,-163.183,255,8
1778399172721223,110646907,3353,205.285721,38,-343.592,-162.310,255,8
1778399172721692,110656890,3362,205.836731,38,-342.015,-165.607,255,8
1778399172768284,110666841,3371,206.387772,39,-349.365,-173.333,255,8
1778399172768736,110676814,3380,206.938782,38,-338.767,-172.155,255,8
1778399172769217,110686759,3390,207.551025,39,-345.774,-180.390,255,8
1778399172769673,110696738,3399,208.102036,39,-344.023,-183.707,255,8
1778399172770042,110706685,3408,208.653046,39,-342.240,-187.007,255,8
1778399172785873,110716663,3417,209.204086,39,-340.426,-190.290,255,8
1778399172787088,110726615,3426,209.755096,40,-347.262,-198.517,255,8
1778399172843601,110736588,3435,210.306122,40,-345.337,-201.848,255,8
1778399172844025,110746528,3444,210.857147,40,-343.380,-205.160,255,8
1778399172844369,110756500,3453,211.408157,40,-341.391,-208.452,255,8
1778399172844692,110766450,3462,211.959183,40,-339.370,-211.726,255,8
1778399172845043,110776429,3472,212.571442,40,-337.088,-215.340,255,8
1778399172846451,110786376,3481,213.122452,40,-335.002,-218.572,255,8
1778399172860869,110796350,3490,213.673462,40,-332.884,-221.784,255,8
1778399172906526,110806303,3499,214.224487,40,-330.736,-224.975,255,8
1778399172906877,110816279,3508,214.775513,40,-328.557,-228.145,255,8
1778399172907231,110826233,3517,215.326538,40,-326.348,-231.294,255,8
1778399172907527,110836211,3526,215.877548,40,-324.109,-234.422,255,8
1778399172908022,110846160,3536,216.489807,40,-321.585,-237.872,255,8
1778399172921714,110856136,3545,217.040817,41,-327.265,-246.977,255,8
1778399172936162,110866091,3554,217.591843,41,-324.874,-250.113,255,8
1778399172936626,110876069,3563,218.142853,41,-322.454,-253.226,255,8
1778399172977240,110886020,3572,218.693863,41,-320.004,-256.315,255,8
1778399172977735,110895995,3581,219.244904,41,-317.524,-259.381,255,8
1778399172978058,110905948,3590,219.795914,41,-315.015,-262.423,255,8
1778399172978428,110915926,3599,220.346954,41,-312.477,-265.440,255,8
1778399172992767,110925880,3608,220.897964,41,-309.909,-268.433,255,8
1778399173035940,110935859,3617,221.448975,42,-314.809,-278.020,255,8
1778399173036383,110945814,3626,222.000000,42,-312.121,-281.035,255,8
1778399173036831,110955794,3636,222.612259,42,-309.100,-284.354,255,8
1778399173037299,110965745,3645,223.163269,42,-306.351,-287.313,255,8
1778399173037677,110975720,3654,223.714279,42,-303.574,-290.246,255,8
1778399173055290,110985672,3663,224.265305,42,-300.769,-293.152,255,8
1778399173055842,110995646,3672,224.816315,42,-297.935,-296.031,255,8
1778399173064452,111005589,3681,225.367355,42,-295.075,-298.883,255,8
1778399173076767,111015563,3690,225.918365,42,-292.187,-301.707,255,8
1778399173125346,111025511,3699,226.469376,42,-289.272,-304.503,255,8
1778399173125842,111035482,3708,227.020416,43,-293.147,-314.587,255,8
1778399173126338,111045430,3717,227.571426,43,-290.108,-317.391,255,8
1778399173126853,111055404,3726,228.122452,43,-287.043,-320.166,255,8
1778399173127204,111065356,3735,228.673462,42,-277.347,-315.403,255,8
1778399173144144,111075332,3744,229.224472,42,-274.301,-318.055,255,8
1778399173144777,111085275,3753,229.775513,43,-277.687,-328.314,255,8
1778399173204360,111095258,3762,230.326523,43,-274.517,-330.969,255,8
1778399173204868,111105206,3772,230.938782,43,-270.965,-333.883,255,8
1778399173205323,111115188,3781,231.489792,43,-267.741,-336.474,255,8
1778399173205922,111125143,3790,232.040817,42,-258.342,-331.149,255,8
1778399173206409,111135124,3799,232.591827,42,-255.145,-333.618,255,8
1778399173206817,111145082,3808,233.142868,41,-245.927,-328.055,255,8
1778399173222726,111155065,3817,233.693878,40,-236.840,-322.346,255,8
1778399173223211,111165021,3826,234.244888,40,-233.729,-324.609,255,8
1778399173267931,111175006,3836,234.857147,40,-230.247,-327.088,255,8
1778399173268599,111184958,3845,235.408173,40,-227.091,-329.287,255,8
1778399173269300,111194944,3854,235.959183,40,-223.913,-331.456,255,8
1778399173269752,111204898,3863,236.510193,40,-220.715,-333.594,255,8
1778399173285911,111214879,3872,237.061234,39,-212.060,-327.308,255,8
1778399173286357,111224838,3882,237.673462,39,-208.550,-329.556,255,8
1778399173335218,111234814,3891,238.224487,39,-205.371,-331.546,255,8
1778399173335636,111244771,3900,238.775497,39,-202.173,-333.506,255,8
1778399173336023,111254752,3909,239.326538,39,-198.956,-335.435,255,8
1778399173336479,111264708,3918,239.877548,39,-195.721,-337.332,255,8
1778399173336850,111274691,3927,240.428589,39,-192.468,-339.199,255,8
1778399173351639,111284646,3937,241.040817,39,-188.833,-341.236,255,8
1778399173351997,111294629,3946,241.591843,38,-180.785,-334.241,255,8
1778399173398632,111304582,3955,242.142853,38,-177.562,-335.964,255,8
1778399173399124,111314562,3964,242.693863,38,-174.323,-337.656,255,8
1778399173399556,111324509,3973,243.244904,38,-171.068,-339.317,255,8
1778399173399903,111334491,3982,243.795914,38,-167.797,-340.946,255,8
1778399173401206,111344444,3992,244.408157,38,-164.144,-342.720,255,8
1778399173415441,111354430,4001,244.959183,38,-160.840,-344.282,255,8
1778399173456350,111364382,4010,245.510208,38,-157.522,-345.813,255,8
1778399173456992,111374359,4019,246.061218,38,-154.189,-347.312,255,8
1778399173457471,111384309,4028,246.612259,38,-150.842,-348.779,255,8
1778399173457884,111394289,4037,247.163269,37,-143.599,-340.997,255,8
1778399173460642,111404238,4046,247.714279,37,-140.313,-342.363,255,8
1778399173475419,111414214,4056,248.326523,37,-136.647,-343.842,255,8
1778399173525102,111424160,4065,248.877563,37,-133.334,-345.141,255,8
1778399173525675,111434129,4074,249.428574,37,-130.009,-346.407,255,8
1778399173526065,111444081,4083,249.979584,37,-126.671,-347.641,255,8
1778399173526479,111454057,4092,250.530624,37,-123.322,-348.843,255,8
1778399173526844,111464004,4101,251.081635,37,-119.962,-350.013,255,8
1778399173542658,111473985,4110,251.632660,37,-116.590,-351.151,255,8
1778399173543084,111483931,4120,252.244888,37,-112.831,-352.376,255,8
1778399173592469,111493910,4129,252.795929,37,-109.437,-353.445,255,8
1778399173593273,111503857,4138,253.346939,37,-106.033,-354.481,255,8
1778399173593818,111513832,4147,253.897964,37,-102.619,-355.485,255,8
1778399173594227,111523782,4156,254.448975,37,-99.196,-356.455,255,8
1778399173594622,111533760,4165,255.000000,37,-95.763,-357.393,255,8
1778399173609531,111543707,4174,255.551025,37,-92.322,-358.297,255,8
1778399173609939,111553685,4183,256.102051,37,-88.872,-359.168,255,8
1778399173653766,111563636,4192,256.653076,37,-85.413,-360.006,255,8
1778399173654238,111573612,4201,257.204071,37,-81.947,-360.811,255,8
1778399173654677,111583561,4210,257.755096,37,-78.474,-361.582,255,8
1778399173655021,111593536,4219,258.306122,37,-74.993,-362.320,255,8
1778399173670228,111603486,4228,258.857147,37,-71.505,-363.025,255,8
1778399173670625,111613462,4237,259.408173,37,-68.010,-363.696,255,8
1778399173682275,111623407,4246,259.959167,37,-64.509,-364.333,255,8
1778399173740977,111633383,4256,260.571442,37,-60.613,-365.002,255,8
1778399173741431,111643338,4265,261.122437,36,-55.556,-355.687,255,8
1778399173741866,111653312,4274,261.673492,36,-52.133,-356.205,255,8
1778399173742259,111663264,4283,262.224487,36,-48.705,-356.690,255,8
1778399173742688,111673239,4292,262.775513,36,-45.273,-357.142,255,8
1778399173743072,111683182,4301,263.326538,36,-41.836,-357.561,255,8
1778399173802173,111693160,4310,263.877533,36,-38.395,-357.947,255,8
1778399173802837,111703112,4319,264.428589,36,-34.951,-358.299,255,8
1778399173803538,111713086,4328,264.979584,36,-31.504,-358.619,255,8
1778399173804244,111723034,4337,265.530609,36,-28.054,-358.905,255,8
1778399173804604,111733009,4346,266.081635,36,-24.601,-359.158,255,8
1778399173804898,111742946,4355,266.632660,36,-21.145,-359.378,255,8
1778399173809468,111752921,4364,267.183685,36,-17.688,-359.565,255,8
1778399173825506,111762868,4373,267.734680,36,-14.230,-359.719,255,8
1778399173831591,111772850,4382,268.285706,34,-10.171,-339.848,255,8
1778399173875978,111782793,4392,268.897949,31,-5.962,-309.943,255,8
1778399173876384,111792765,4401,269.448975,31,-2.981,-309.986,255,8
1778399173876716,111802709,4410,270.000000,31,-0.000,-310.000,255,8
1778399173877106,111812683,4419,270.551025,31,2.981,-309.986,255,8
1778399173877391,111822637,4428,271.102051,31,5.962,-309.943,255,8
1778399173892836,111832607,4437,271.653046,31,8.943,-309.871,255,8
1778399173936168,111842560,4446,272.204102,31,11.922,-309.771,255,8
1778399173936699,111852534,4455,272.755096,31,14.901,-309.642,255,8
1778399173937018,111862487,4464,273.306122,30,17.301,-299.501,255,8
1778399173937402,111872457,4473,273.857147,30,20.181,-299.320,255,8
1778399173937759,111882412,4482,274.408142,31,23.827,-309.083,255,8
1778399173951439,111892394,4491,274.959198,31,26.798,-308.840,255,8
1778399173963745,111902345,4500,275.510193,31,29.767,-308.568,255,8
1778399174017889,111912320,4509,276.061249,31,32.733,-308.267,255,8
1778399174018661,111922277,4518,276.612244,31,35.696,-307.938,255,8
1778399174019238,111932264,4528,277.224487,31,38.985,-307.539,255,8
1778399174019647,111942215,4536,277.714294,31,41.612,-307.194,255,8
1778399174020024,111952192,4545,278.265289,31,44.565,-306.780,255,8
1778399174020395,111962150,4554,278.816345,31,47.513,-306.337,255,8
1778399174033443,111972128,4564,279.428558,31,50.783,-305.812,255,8
1778399174037078,111982084,4572,279.918365,31,53.396,-305.367,255,8
1778399174079490,111992061,4582,280.530609,31,56.656,-304.779,255,8
1778399174079915,112002015,4591,281.081635,31,59.584,-304.220,255,8
1778399174080314,112011990,4600,281.632660,31,62.507,-303.633,255,8
1778399174080643,112021947,4609,282.183655,30,63.314,-293.243,255,8
1778399174094558,112031930,4618,282.734711,30,66.131,-292.620,255,8
1778399174094980,112041878,4627,283.285706,30,68.942,-291.971,255,8
1778399174151467,112051861,4636,283.836731,31,74.138,-301.004,255,8
1778399174151969,112061815,4645,284.387756,30,74.545,-290.591,255,8
1778399174152372,112071790,4654,284.938782,30,77.336,-289.861,255,8
1778399174152794,112081747,4663,285.489807,30,80.120,-289.103,255,8
1778399174153211,112091723,4672,286.040802,30,82.897,-288.320,255,8
1778399174153998,112101678,4681,286.591858,30,85.666,-287.509,255,8
1778399174211545,112111665,4690,287.142853,31,91.374,-296.228,255,8
1778399174211953,112121619,4699,287.693878,30,91.179,-285.808,255,8
1778399174212367,112131596,4708,288.244904,29,90.793,-275.421,255,8
1778399174212784,112141552,4717,288.795898,30,96.659,-284.002,255,8
1778399174213084,112151527,4726,289.346954,30,99.386,-283.059,255,8
1778399174213435,112161481,4735,289.897949,31,105.507,-291.493,255,8
1778399174228387,112171452,4744,290.448975,31,108.306,-290.465,255,8
1778399174236374,112181406,4753,291.000000,31,111.094,-289.410,255,8
1778399174292274,112191382,4762,291.551025,31,113.872,-288.328,255,8
1778399174292701,112201330,4771,292.102051,30,112.877,-277.955,255,8
1778399174293348,112211312,4780,292.653046,31,119.396,-286.085,255,8
1778399174293748,112221266,4789,293.204102,31,122.142,-284.923,255,8
1778399174294200,112231245,4798,293.755096,31,124.877,-283.735,255,8
1778399174294627,112241198,4807,294.306122,31,127.600,-282.521,255,8
1778399174310659,112251173,4816,294.857147,32,134.514,-290.355,255,8
1778399174312510,112261121,4825,295.408173,32,137.300,-289.048,255,8
1778399174355986,112271096,4834,295.959198,31,135.697,-278.723,255,8
1778399174356479,112281042,4844,296.571411,31,138.667,-277.257,255,8
1778399174356909,112291019,4852,297.061218,31,141.032,-276.061,255,8
1778399174357366,112300973,4862,297.673462,32,148.618,-283.395,255,8
1778399174372643,112310950,4870,298.163269,31,146.316,-273.298,255,8
1778399174373015,112320902,4879,298.714294,31,148.937,-271.878,255,8
1778399174429669,112330877,4888,299.265289,31,151.545,-270.433,255,8
1778399174430119,112340821,4898,299.877563,32,159.407,-277.469,255,8
1778399174430480,112350800,4907,300.428558,32,162.068,-275.924,255,8
1778399174430925,112360746,4916,300.979614,32,164.715,-274.352,255,8
1778399174431338,112370719,4925,301.530609,32,167.345,-272.755,255,8
1778399174431648,112380669,4934,302.081635,32,169.961,-271.134,255,8
1778399174446507,112390645,4943,302.632660,32,172.560,-269.486,255,8
1778399174494074,112400590,4952,303.183655,32,175.144,-267.815,255,8
1778399174494542,112410565,4961,303.734711,32,177.711,-266.118,255,8
1778399174494997,112420514,4970,304.285706,32,180.262,-264.396,255,8
1778399174495409,112430488,4979,304.836731,32,182.797,-262.651,255,8
1778399174495933,112440433,4988,305.387756,32,185.314,-260.881,255,8
1778399174512002,112450404,4997,305.938782,32,187.815,-259.086,255,8
1778399174512502,112460355,5006,306.489807,32,190.298,-257.268,255,8
1778399174524703,112470337,5015,307.040802,32,192.763,-255.426,255,8
1778399174570378,112480285,5024,307.591858,32,195.210,-253.560,255,8
1778399174571041,112490258,5033,308.142853,33,203.816,-259.536,255,8
1778399174571691,112500205,5042,308.693878,33,206.303,-257.564,255,8
1778399174572106,112510180,5051,309.244904,33,208.770,-255.568,255,8
1778399174572511,112520130,5060,309.795898,33,211.218,-253.549,255,8
1778399174625204,112530102,5069,310.346954,33,213.647,-251.506,255,8
1778399174625586,112540053,5078,310.897949,33,216.056,-249.439,255,8
1778399174625895,112550022,5087,311.448975,33,218.444,-247.350,255,8
1778399174626191,112559982,5096,312.000000,33,220.813,-245.238,255,8
1778399174626462,112569944,5105,312.551025,33,223.161,-243.103,255,8
1778399174640681,112579891,5114,313.102051,33,225.489,-240.945,255,8
1778399174641097,112589868,5123,313.653046,32,220.893,-231.531,255,8
1778399174654101,112599814,5132,314.204102,32,223.109,-229.395,255,8
1778399174659973,112609786,5140,314.693878,33,232.095,-234.589,255,8
1778399174714235,112619734,5150,315.306122,33,234.589,-232.095,255,8
1778399174714725,112629708,5158,315.795898,33,236.564,-230.081,255,8
1778399174715196,112639653,5168,316.408173,33,239.009,-227.540,255,8
1778399174715529,112649623,5176,316.897949,34,248.247,-232.322,255,8
1778399174715837,112659563,5185,317.448975,34,250.470,-229.924,255,8
1778399174730344,112668539,5194,318.000000,34,252.669,-227.504,255,8
1778399174730771,112679491,5203,318.551025,34,254.845,-225.064,255,8
1778399174780231,112689462,5212,319.102051,34,256.998,-222.603,255,8
1778399174780944,112699416,5221,319.653046,34,259.127,-220.121,255,8
1778399174781496,112709394,5230,320.204102,33,253.549,-211.218,255,8
1778399174782000,112719343,5239,320.755096,33,255.568,-208.770,255,8
1778399174782504,112729323,5248,321.306122,33,257.564,-206.303,255,8
1778399174797432,112739275,5257,321.857147,33,259.536,-203.816,255,8
1778399174797900,112749249,5266,322.408142,33,261.484,-201.311,255,8
1778399174851865,112759203,5275,322.959198,33,263.408,-198.787,255,8
1778399174852388,112769180,5284,323.510193,33,265.308,-196.244,255,8
1778399174852758,112779128,5293,324.061218,33,267.183,-193.684,255,8
1778399174853103,112789104,5302,324.612244,33,269.033,-191.105,255,8
1778399174853420,112799067,5311,325.163269,33,270.858,-188.509,255,8
1778399174910163,112809041,5320,325.714294,34,280.921,-191.529,255,8
1778399174910755,112818998,5329,326.265289,33,274.434,-183.265,255,8
1778399174911251,112828979,5338,326.816345,32,267.815,-175.144,255,8
1778399174911788,112838935,5347,327.367340,32,269.486,-172.560,255,8
1778399174912348,112848921,5356,327.918365,31,262.661,-164.649,255,8
1778399174912787,112858877,5365,328.469391,30,255.708,-156.886,255,8
1778399174930997,112868867,5374,329.020386,31,265.779,-159.567,255,8
1778399174931571,112878825,5383,329.571442,32,275.924,-162.068,255,8
1778399174945119,112888804,5392,330.122437,31,268.798,-154.426,255,8
1778399174946536,112898766,5401,330.673492,31,270.271,-151.834,255,8
1778399175004914,112908750,5410,331.224487,31,271.719,-149.228,255,8
1778399175005397,112918711,5419,331.775513,31,273.141,-146.607,255,8
1778399175005875,112928692,5428,332.326538,31,274.539,-143.974,255,8
1778399175006249,112938646,5437,332.877533,30,267.010,-136.768,255,8
1778399175006545,112948620,5446,333.428589,30,268.313,-134.194,255,8
1778399175006848,112958578,5455,333.979584,31,278.578,-135.994,255,8
1778399175023516,112968548,5464,334.530609,30,270.845,-129.009,255,8
1778399175025685,112978498,5472,335.020416,30,271.937,-126.689,255,8
1778399175075405,112988472,5482,335.632660,30,273.276,-123.776,255,8
1778399175076301,112998428,5490,336.122437,30,274.324,-121.435,255,8
1778399175076716,113008404,5499,336.673462,30,275.479,-118.791,255,8
1778399175077142,113018360,5508,337.224487,30,276.609,-116.136,255,8
1778399175077550,113028336,5517,337.775513,30,277.713,-113.471,255,8
1778399175093269,113038289,5526,338.326538,29,269.498,-107.102,255,8
1778399175095018,113048267,5535,338.877563,30,279.844,-108.109,255,8
1778399175137561,113058222,5544,339.428558,30,280.870,-105.413,255,8
1778399175138286,113068197,5553,339.979584,29,272.475,-99.283,255,8
1778399175138847,113078144,5562,340.530609,29,273.418,-96.658,255,8
1778399175139410,113088122,5571,341.081635,29,274.335,-94.024,255,8
1778399175155560,113098067,5580,341.632660,29,275.226,-91.381,255,8
1778399175156083,113108042,5589,342.183685,29,276.092,-88.730,255,8
1778399175199045,113117994,5598,342.734680,29,276.933,-86.071,255,8
1778399175199466,113127966,5606,343.224487,29,277.658,-83.701,255,8
1778399175199818,113137920,5615,343.775513,29,278.451,-81.026,255,8
1778399175200221,113147895,5624,344.326508,29,279.217,-78.345,255,8
1778399175216108,113157845,5633,344.877563,29,279.957,-75.656,255,8
1778399175216477,113167827,5642,345.428558,29,280.672,-72.960,255,8
1778399175231330,113177781,5651,345.979614,29,281.361,-70.257,255,8
1778399175286786,113187759,5660,346.530609,29,282.023,-67.548,255,8
1778399175287287,113197713,5668,347.020416,29,282.591,-65.135,255,8
1778399175287698,113207682,5678,347.632660,28,273.502,-59.970,255,8
1778399175288058,113217642,5686,348.122437,28,274.005,-57.630,255,8
1778399175288469,113227620,5695,348.673462,29,284.352,-56.956,255,8
1778399175288846,113237571,5704,349.224487,29,284.887,-54.219,255,8
1778399175304783,113247551,5713,349.775513,29,285.395,-51.477,255,8
1778399175305237,113257500,5722,350.326538,28,276.019,-47.049,255,8
1778399175428406,113267479,5731,350.877563,28,276.459,-44.393,255,8
1778399175428868,113277433,5740,351.428558,28,276.873,-41.732,255,8
1778399175429489,113287411,5748,351.918365,28,277.219,-39.363,255,8
1778399175429858,113297365,5757,352.469391,28,277.585,-36.696,255,8
1778399175430365,113307345,5766,353.020386,29,287.851,-35.240,255,8
1778399175430722,113317299,5775,353.571442,28,278.239,-31.350,255,8
1778399175431043,113327276,5784,354.122437,28,278.528,-28.673,255,8
1778399175431374,113337229,5793,354.673462,28,278.791,-25.993,255,8
1778399175431712,113347205,5802,355.224487,28,279.028,-23.311,255,8
1778399175432023,113357155,5810,355.714294,28,279.217,-20.924,255,8
1778399175432362,113367133,5819,356.265320,28,279.405,-18.238,255,8
1778399175432637,113377082,5828,356.816315,28,279.568,-15.550,255,8
1778399175432913,113387055,5837,357.367340,28,279.704,-12.861,255,8
1778399175447203,113397000,5846,357.918365,28,279.815,-10.171,255,8
