host_rx_time_us,t_sample_us,angle_tick,angle_deg,distance_cm,x_mm,y_mm,quality,status
1778399445308029,152462519,3316,203.020416,38,-349.739,-148.602,255,8
1778399445308904,152472473,3325,203.571426,38,-348.294,-151.959,255,8
1778399445309417,384694430,1168,71.510201,46,145.882,436.255,255,8
1778399445309900,384704371,1177,72.061226,46,141.680,437.638,255,8
1778399445310342,384714336,1186,72.612244,46,137.465,438.980,255,8
1778399445310774,384724273,1194,73.102043,45,130.801,430.571,255,8
1778399445311134,384734234,1203,73.653061,45,126.654,431.809,255,8
1778399445311571,384744174,1212,74.204079,45,122.495,433.007,255,8
1778399445312228,384754131,1221,74.755104,45,118.325,434.165,255,8
1778399445312749,384764067,1230,75.306122,45,114.145,435.283,255,8
1778399445313463,384774030,1239,75.857140,45,109.953,436.360,255,8
1778399445313885,384783964,1248,76.408165,45,105.752,437.398,255,8
1778399445314431,384793926,1257,76.959183,45,101.540,438.394,255,8
1778399445314899,384803868,1266,77.510201,45,97.320,439.351,255,8
1778399445315317,384813842,1275,78.061226,45,93.090,440.266,255,8
1778399445315850,384823782,1285,78.673470,45,88.380,441.236,255,8
1778399445316407,384833747,1294,79.224487,45,84.133,442.065,255,8
1778399445316843,384843691,1303,79.775513,45,79.877,442.854,255,8
1778399445317429,384853660,1313,80.387756,45,75.141,443.682,255,8
1778399445317824,384863598,1322,80.938774,44,69.296,434.509,255,8
1778399445369579,384873563,1332,81.551018,44,64.649,435.225,255,8
1778399445370009,384883506,1341,82.102043,45,61.834,445.731,255,8
1778399445370376,384893470,1351,82.714287,45,57.068,446.367,255,8
1778399445370751,384903413,1360,83.265305,44,51.600,436.964,255,8
1778399445371139,384913379,1370,83.877556,44,46.928,437.490,255,8
1778399445371443,384923315,1380,84.489799,44,42.250,437.967,255,8
1778399445392646,384933281,1390,85.102043,44,37.568,438.393,255,8
1778399445393184,384943221,1399,85.653061,44,33.350,438.734,255,8
1778399445443250,384953185,1409,86.265305,44,28.660,439.066,255,8
1778399445443989,384963125,1419,86.877548,44,23.967,439.347,255,8
1778399445444407,384973086,1429,87.489792,44,19.271,439.578,255,8
1778399445444830,384983024,1439,88.102043,44,14.573,439.759,255,8
1778399445445263,384992983,1449,88.714287,44,9.873,439.889,255,8
1778399445452138,385002917,1459,89.326530,44,5.172,439.970,255,8
1778399445464713,385012887,1469,89.938774,44,0.470,440.000,255,8
1778399445470194,385022823,1478,90.489792,44,-3.761,439.984,255,8
1778399445485306,385032789,1488,91.102043,44,-8.463,439.919,255,8
1778399445498678,385042725,1498,91.714287,44,-13.163,439.803,255,8
1778399445499817,385052688,1508,92.326523,44,-17.862,439.637,255,8
1778399445509660,385062622,1518,92.938782,44,-22.558,439.421,255,8
1778399445559088,385072586,1528,93.551018,44,-27.252,439.155,255,8
1778399445559547,385082523,1538,94.163261,44,-31.943,438.839,255,8
1778399445559918,385092482,1548,94.775513,44,-36.631,438.473,255,8
1778399445560275,385102409,1558,95.387756,44,-41.314,438.056,255,8
1778399445560622,385112375,1567,95.938774,44,-45.525,437.639,255,8
1778399445570470,385122320,1577,96.551018,44,-50.199,437.127,255,8
1778399445583691,385132284,1587,97.163269,44,-54.867,436.566,255,8
1778399445589405,385142233,1597,97.775513,44,-59.529,435.955,255,8
1778399445600627,385152194,1607,98.387749,44,-64.183,435.294,255,8
1778399445616220,385162136,1617,99.000000,44,-68.831,434.583,255,8
1778399445628406,385172099,1627,99.612244,44,-73.471,433.823,255,8
1778399445628909,385182032,1636,100.163269,44,-77.640,433.096,255,8
1778399445640297,385191994,1646,100.775505,44,-82.263,432.242,255,8
1778399445651333,385201934,1656,101.387756,44,-86.877,431.338,255,8
1778399445659673,385211899,1666,102.000000,44,-91.481,430.385,255,8
1778399445672365,385221836,1676,102.612244,44,-96.075,429.383,255,8
1778399445681851,385231798,1686,103.224495,44,-100.658,428.332,255,8
1778399445687960,385241739,1696,103.836731,44,-105.229,427.232,255,8
1778399445698800,385251699,1705,104.387756,44,-109.332,426.200,255,8
1778399445713382,385261639,1715,105.000000,44,-113.880,425.007,255,8
1778399445725465,385271603,1725,105.612251,44,-118.415,423.766,255,8
1778399445736089,385281541,1735,106.224487,44,-122.937,422.477,255,8
1778399445737339,385291506,1745,106.836731,45,-130.340,430.710,255,8
1778399445747855,385301445,1754,107.387756,45,-134.477,429.437,255,8
1778399445763953,385311411,1764,108.000008,45,-139.058,427.975,255,8
1778399445770273,385321341,1774,108.612244,45,-143.623,426.465,255,8
1778399445780731,385331313,1784,109.224487,45,-148.172,424.906,255,8
1778399445790714,385341256,1794,109.836739,45,-152.704,423.299,255,8
1778399445806067,385351219,1804,110.448982,45,-157.218,421.643,255,8
1778399445806673,385361161,1813,111.000000,45,-161.266,420.111,255,8
1778399445819115,385371120,1823,111.612244,45,-165.745,418.364,255,8
1778399445830304,385381061,1833,112.224495,45,-170.206,416.569,255,8
1778399445842050,385391027,1843,112.836739,45,-174.648,414.727,255,8
1778399445851069,385400967,1852,113.387756,45,-178.628,413.028,255,8
1778399445865252,385410930,1862,114.000000,45,-183.031,411.095,255,8
1778399445866033,385420866,1872,114.612236,45,-187.414,409.116,255,8
1778399445881644,385430832,1882,115.224495,45,-191.775,407.090,255,8
1778399445885965,385440775,1892,115.836731,46,-200.472,414.018,255,8
1778399445902740,385450742,1901,116.387756,46,-204.444,412.071,255,8
1778399445914682,385460682,1911,116.999992,46,-208.836,409.863,255,8
1778399445915526,385470653,1921,117.612244,46,-213.203,407.608,255,8
1778399445931326,385480590,1931,118.224487,46,-217.547,405.307,255,8
1778399445937605,385490560,1940,118.775513,46,-221.434,403.196,255,8
1778399445954320,385500498,1950,119.387749,47,-230.637,409.520,255,8
1778399445955170,385510465,1960,120.000000,47,-235.000,407.032,255,8
1778399445968278,385520405,1970,120.612244,47,-239.336,404.498,255,8
1778399445979830,385530372,1980,121.224487,47,-243.644,401.917,255,8
1778399445995050,385540308,1989,121.775505,47,-247.498,399.555,255,8
1778399445995509,385550271,1999,122.387756,47,-251.754,396.888,255,8
1778399446008048,385560216,2009,123.000000,47,-255.980,394.175,255,8
1778399446019012,385570176,2019,123.612244,47,-260.178,391.417,255,8
1778399446030070,385580116,2028,124.163261,47,-263.930,388.897,255,8
1778399446046652,385590081,2038,124.775505,48,-273.774,394.269,255,8
1778399446047040,385600021,2048,125.387756,48,-277.971,391.321,255,8
1778399446058106,385609984,2058,126.000000,48,-282.137,388.328,255,8
1778399446068128,385619922,2067,126.551018,48,-285.858,385.597,255,8
1778399446078245,385629888,2077,127.163261,48,-289.962,382.520,255,8
1778399446094900,385639828,2087,127.775513,49,-300.159,387.304,255,8
1778399446095367,385649790,2097,128.387756,48,-298.071,376.237,255,8
1778399446110805,385659731,2106,128.938782,49,-307.960,381.131,255,8
1778399446117523,385669696,2116,129.551010,49,-312.015,377.818,255,8
1778399446130620,385679634,2126,130.163269,49,-316.034,374.463,255,8
1778399446175263,385689597,2135,130.714279,49,-319.621,371.406,255,8
1778399446175749,385699535,2145,131.326538,49,-323.571,367.970,255,8
1778399446176127,385709501,2155,131.938766,50,-334.168,371.930,255,8
1778399446176460,385719440,2165,132.551025,50,-338.123,368.338,255,8
1778399446176837,385729408,2174,133.102036,50,-341.650,365.069,255,8
1778399446188328,385739347,2184,133.714294,50,-345.531,361.397,255,8
1778399446200841,385749315,2194,134.326523,50,-349.373,357.685,255,8
1778399446202589,385759259,2204,134.938766,50,-353.175,353.931,255,8
1778399446212463,385769211,2213,135.489792,50,-356.563,350.518,255,8
1778399446231663,385779155,2223,136.102051,51,-367.494,353.622,255,8
1778399446232277,385789121,2232,136.653061,51,-370.877,350.071,255,8
1778399446243862,385799062,2242,137.265305,51,-374.597,346.088,255,8
1778399446258498,385809025,2252,137.877548,52,-385.691,348.773,255,8
1778399446275480,385818967,2262,138.489807,52,-389.396,344.632,255,8
1778399446275941,385828935,2271,139.040817,52,-392.692,340.871,255,8
1778399446288229,385838878,2281,139.653061,52,-396.312,336.655,255,8
1778399446298855,385848849,2290,140.204086,53,-407.214,339.229,255,8
1778399446309452,385858786,2300,140.816330,53,-410.816,334.858,255,8
1778399446311528,385868754,2310,141.428574,53,-414.371,330.450,255,8
1778399446321960,385878689,2319,141.979584,54,-425.407,332.609,255,8
1778399446333715,385888648,2329,142.591827,54,-428.937,328.044,255,8
1778399446347921,385898587,2339,143.204086,54,-432.418,323.442,255,8
1778399446358975,385908546,2348,143.755112,54,-435.509,319.268,255,8
1778399446361018,385918485,2358,144.367340,54,-438.895,314.597,255,8
1778399446372814,385928452,2368,144.979584,53,-434.042,304.150,255,8
1778399446385501,385938387,2377,145.530609,55,-453.436,311.281,255,8
1778399446397240,385948350,2387,146.142868,56,-465.040,311.989,255,8
1778399446407323,385958287,2396,146.693878,56,-468.019,307.503,255,8
1778399446427088,385968248,2406,147.306122,56,-471.278,302.484,255,8
1778399446427580,385978187,2415,147.857147,56,-474.166,297.938,255,8
1778399446438759,385988149,2425,148.469391,56,-477.322,292.854,255,8
1778399446440108,385998090,2435,149.081635,56,-480.424,287.737,255,8
1778399446450714,386008051,2444,149.632645,56,-483.169,283.104,255,8
1778399446462248,386017990,2454,150.244888,56,-486.167,277.925,255,8
1778399446477469,386027953,2463,150.795914,56,-488.817,273.236,255,8
1778399446489610,386037891,2473,151.408173,56,-491.709,267.997,255,8
1778399446490029,386047853,2482,151.959183,56,-494.263,263.256,255,8
1778399446501473,386057795,2492,152.571426,57,-505.924,262.566,255,8
1778399446513033,386067756,2502,153.183670,56,-499.776,252.634,255,8
1778399446526226,386077688,2511,153.734695,57,-511.150,252.241,255,8
1778399446538937,386087656,2521,154.346939,56,-504.802,242.436,255,8
1778399446539411,386097590,2530,154.897949,56,-507.110,237.570,255,8
1778399446558350,386107547,2540,155.510208,55,-500.519,227.992,255,8
1778399446558892,386117495,2549,156.061218,54,-493.549,219.111,255,8
1778399446571265,386127475,2559,156.673477,54,-495.862,213.824,255,8
1778399446578685,386137419,2568,157.224487,54,-497.895,209.046,255,8
1778399446590540,386147387,2578,157.836731,53,-490.840,199.941,255,8
1778399446607712,386157327,2587,158.387756,52,-483.443,191.528,255,8
1778399446608422,386167293,2597,159.000000,53,-494.798,189.935,255,8
1778399446622379,386177234,2606,159.551025,52,-487.232,181.674,255,8
1778399446628249,386187198,2616,160.163269,52,-489.145,176.457,255,8
1778399446638909,386197145,2625,160.714279,53,-500.258,175.048,255,8
1778399446653048,386207108,2635,161.326538,54,-511.574,172.894,255,8
1778399446665674,386217056,2644,161.877548,54,-513.213,167.966,255,8
1778399446675986,386227017,2654,162.489792,56,-534.051,168.490,255,8
1778399446693366,386236963,2663,163.040817,56,-535.647,163.347,255,8
1778399446693833,386246927,2672,163.591827,56,-537.193,158.188,255,8
1778399446706262,386256868,2682,164.204086,54,-519.608,146.994,255,8
1778399446707372,386266827,2691,164.755112,51,-492.054,134.102,255,8
1778399446717946,386276775,2701,165.367355,49,-474.107,123.784,255,8
1778399446728639,386286739,2710,165.918365,50,-484.975,121.652,255,8
1778399446746337,386296683,2720,166.530609,56,-544.597,130.438,255,8
1778399446747000,386306647,2729,167.081635,58,-565.320,129.666,255,8
1778399446760151,386316590,2738,167.632660,60,-586.077,128.507,255,8
1778399446766785,386326564,2748,168.244904,62,-606.997,126.312,255,8
1778399446777637,386336508,2757,168.795914,63,-617.993,122.412,255,8
1778399446797314,386346476,2766,169.346939,63,-619.142,116.463,255,8
1778399446797767,386356418,2775,169.897964,58,-571.008,101.733,255,8
1778399446810993,386366386,2784,170.448975,58,-571.960,96.237,255,8
1778399446817299,386376331,2794,171.061234,58,-572.956,90.120,255,8
1778399446828033,386386299,2803,171.612244,59,-583.689,86.064,255,8
1778399446850468,386396247,2812,172.163254,59,-584.490,80.447,255,8
1778399446850831,386406213,2822,172.775513,60,-595.237,75.454,255,8
1778399446856512,386416153,2831,173.326538,61,-605.867,70.889,255,8
1778399446867459,386426116,2840,173.877548,66,-656.236,70.391,255,8
1778399446893544,386436056,2849,174.428574,86,-855.937,83.494,255,8
1778399446894098,386446018,2858,174.979584,96,-956.317,84.010,255,8
1778399446895719,386455963,2867,175.530609,93,-927.172,72.472,255,8
1778399446913514,386465928,2876,176.081635,89,-887.920,60.818,255,8
1778399446915670,386475871,2886,176.693878,83,-828.619,47.867,255,8
1778399446934614,386485834,2894,177.183670,74,-739.106,36.359,255,8
1778399446935240,386495778,2904,177.795929,65,-649.519,24.998,255,8
1778399446957928,386505745,2913,178.346939,65,-649.729,18.751,255,8
1778399446958300,386515685,2922,178.897949,73,-729.865,14.040,255,8
1778399446980852,386525636,2931,179.448975,102,-1019.953,9.809,255,8
1778399446981287,386535575,2940,180.000000,141,-1410.000,0.000,255,8
1778399447002804,386545542,2949,180.551010,157,-1569.927,-15.098,255,8
1778399447003270,386555479,2958,181.102051,171,-1709.684,-32.889,255,8
1778399447004327,386565447,2967,181.653061,182,-1819.243,-52.502,255,8
1778399447020902,386575391,2976,182.204086,191,-1908.587,-73.457,255,8
1778399447039304,386585355,2985,182.755096,198,-1977.711,-95.173,255,8
1778399447039687,386595299,2994,183.306107,202,-2016.638,-116.494,255,8
1778399447074505,386605267,3003,183.857147,203,-2025.402,-136.556,255,8
1778399447074942,386615196,3012,184.408157,205,-2043.936,-157.565,255,8
1778399447075284,386625164,3021,184.959183,205,-2042.326,-177.214,255,8
1778399447075667,386635101,3030,185.510208,206,-2050.481,-197.808,255,8
1778399447090135,386645069,3039,186.061234,206,-2048.484,-217.518,255,8
1778399447105987,386655008,3048,186.612244,206,-2046.297,-237.208,255,8
1778399447106394,386664978,3057,187.163254,206,-2043.921,-256.876,255,8
1778399447127512,386674909,3066,187.714294,206,-2041.356,-276.521,255,8
1778399447127997,386684870,3075,188.265305,206,-2038.603,-296.139,255,8
1778399447140464,386694809,3084,188.816330,205,-2025.779,-314.198,255,8
1778399447145945,386704776,3092,189.306122,200,-1973.677,-323.419,255,8
1778399447167575,386714721,3101,189.857147,195,-1921.213,-333.825,255,8
1778399447167944,386724686,3110,190.408173,196,-1927.750,-354.093,255,8
1778399447180088,386734628,3119,190.959183,195,-1914.438,-370.714,255,8
1778399447186235,386744596,3128,191.510193,187,-1832.393,-373.144,255,8
1778399447196745,386754525,3137,192.061234,140,-1369.095,-292.540,255,8
1778399447217524,386764517,3146,192.612244,89,-868.524,-194.333,255,8
1778399447218045,386774456,3155,193.163269,76,-740.031,-173.072,255,8
1778399447230295,386784429,3164,193.714279,76,-738.332,-180.181,255,8
1778399447231969,386794365,3172,194.204071,89,-862.791,-218.385,255,8
1778399447250262,386804315,3181,194.755112,108,-1044.385,-275.063,255,8
1778399447251791,386814253,3190,195.306122,113,-1089.918,-298.293,255,8
1778399447276070,386824222,3199,195.857132,113,-1086.999,-308.761,255,8
1778399447276442,386834162,3208,196.408173,112,-1074.387,-316.376,255,8
1778399447291331,386844126,3217,196.959183,112,-1071.294,-326.693,255,8
1778399447291831,386854068,3226,197.510208,112,-1068.103,-336.981,255,8
1778399447303553,386864039,3235,198.061218,113,-1074.320,-350.337,255,8
1778399447329086,386873979,3244,198.612228,113,-1070.901,-360.653,255,8
1778399447329717,386883943,3252,199.102051,113,-1067.779,-369.794,255,8
1778399447345593,386893881,3261,199.653061,111,-1045.338,-373.319,255,8
1778399447346589,386903849,3270,200.204071,110,-1032.315,-379.901,255,8
1778399447356306,386913784,3279,200.755112,111,-1037.965,-393.356,255,8
1778399447381879,386923751,3288,201.306122,111,-1034.134,-403.319,255,8
1778399447382320,386933686,3297,201.857147,110,-1020.926,-409.523,255,8
1778399447382646,386943648,3306,202.408157,110,-1016.941,-419.322,255,8
1778399447395865,386953580,3315,202.959198,110,-1012.861,-429.083,255,8
1778399447418530,386963542,3324,203.510208,111,-1017.858,-442.793,255,8
1778399447418901,386973478,3333,204.061218,112,-1022.684,-456.638,255,8
1778399447420059,386983440,3342,204.612244,112,-1018.245,-466.452,255,8
1778399447432725,386993372,3352,205.224487,113,-1022.249,-481.568,255,8
1778399447439873,387003344,3361,205.775513,114,-1026.575,-495.725,255,8
1778399447463777,387013281,3370,206.326523,115,-1030.723,-510.009,255,8
1778399447464323,387023246,3380,206.938782,115,-1025.215,-520.994,255,8
1778399447476846,387033190,3389,207.489792,116,-1029.028,-535.445,255,8
1778399447499577,387043162,3398,208.040817,116,-1023.831,-545.317,255,8
1778399447500010,387053095,3407,208.591827,117,-1027.320,-559.923,255,8
1778399447500419,387063058,3416,209.142868,117,-1021.887,-569.777,255,8
1778399447512545,387072994,3426,209.755096,103,-894.199,-511.183,255,8
1778399447519036,387082973,3435,210.306122,84,-725.207,-423.881,255,8
1778399447529439,387092909,3444,210.857147,77,-661.006,-394.932,255,8
1778399447546240,387102877,3453,211.408157,76,-648.642,-396.060,255,8
1778399447559810,387112819,3463,212.020401,75,-635.895,-397.666,255,8
1778399447560322,387122784,3472,212.571442,75,-632.041,-403.763,255,8
1778399447570532,387132721,3481,213.122452,75,-628.128,-409.823,255,8
1778399447588256,387142682,3490,213.673462,75,-624.158,-415.844,255,8
1778399447588754,387152622,3500,214.285706,75,-619.679,-422.490,255,8
1778399447600499,387162586,3509,214.836746,75,-615.587,-428.430,255,8
1778399447610214,387172520,3518,215.387756,75,-611.439,-434.330,255,8
1778399447620003,387182488,3528,216.000015,75,-606.763,-440.839,255,8
1778399447637776,387192429,3537,216.551025,75,-602.495,-446.654,255,8
1778399447638373,387202395,3546,217.102036,75,-598.172,-452.427,255,8
1778399447651437,387212337,3555,217.653061,75,-593.793,-458.159,255,8
1778399447662013,387222302,3564,218.204071,75,-589.360,-463.848,255,8
1778399447667515,387232245,3574,218.816330,75,-584.370,-470.119,255,8
1778399447689780,387242212,3583,219.367340,75,-579.821,-475.717,255,8
1778399447690276,387252156,3592,219.918365,75,-575.220,-481.272,255,8
1778399447702373,387262124,3602,220.530609,75,-570.044,-487.391,255,8
1778399447713359,387272064,3611,221.081635,76,-572.868,-499.422,255,8
1778399447730997,387282032,3620,221.632645,78,-582.987,-518.195,255,8
1778399447731527,387291973,3629,222.183685,79,-585.387,-530.493,255,8
1778399447744264,387301939,3639,222.795914,80,-587.023,-543.511,255,8
1778399447750073,387311888,3648,223.346939,80,-581.769,-549.131,255,8
1778399447760476,387321863,3657,223.897949,81,-583.667,-561.635,255,8
1778399447777774,387331803,3666,224.448990,81,-578.238,-567.222,255,8
1778399447778545,387341774,3676,225.061218,82,-579.208,-580.447,255,8
1778399447791566,387351715,3685,225.612259,83,-580.594,-593.137,255,8
1778399447801431,387361681,3694,226.163269,85,-588.715,-613.119,255,8
1778399447806815,387371625,3703,226.714294,85,-582.791,-618.752,255,8
1778399447830371,387381592,3712,227.265305,86,-583.600,-631.673,255,8
1778399447830828,387391537,3721,227.816315,87,-584.213,-644.666,255,8
1778399447842741,387401504,3731,228.428574,88,-583.927,-658.354,255,8
1778399447852800,387411447,3740,228.979584,90,-590.695,-679.028,255,8
1778399447869452,387421414,3749,229.530609,91,-590.628,-692.285,255,8
1778399447869878,387431357,3758,230.081635,91,-583.943,-697.933,255,8
1778399447882450,387441325,3767,230.632660,91,-577.204,-703.517,255,8
1778399447888581,387451273,3776,231.183670,92,-576.680,-716.827,255,8
1778399447898572,387461236,3785,231.734680,93,-575.953,-730.191,255,8
1778399447923140,387471178,3794,232.285721,95,-581.138,-751.518,255,8
1778399447923668,387481147,3804,232.897964,96,-579.107,-765.660,255,8
1778399447924847,387491091,3813,233.448975,97,-577.672,-779.227,255,8
1778399447937139,387501063,3822,233.999985,99,-581.908,-800.927,255,8
1778399447948737,387510983,3831,234.551025,100,-579.978,-814.632,255,8
1778399447973068,387520972,3840,235.102036,98,-560.674,-803.769,255,8
1778399447973480,387530923,3849,235.653076,98,-552.918,-809.124,255,8
1778399447974408,387540892,3858,236.204086,98,-545.112,-814.404,255,8
1778399447989285,387550836,3867,236.755096,99,-542.737,-827.972,255,8
1778399448001028,387560781,3876,237.306122,100,-540.150,-841.568,255,8
1778399448022555,387570721,3885,237.857132,101,-537.353,-855.191,255,8
1778399448023172,387580687,3894,238.408173,103,-539.580,-877.356,255,8
1778399448023816,387590629,3903,238.959183,104,-536.275,-891.072,255,8
1778399448039786,387600599,3912,239.510208,104,-527.680,-896.188,255,8
1778399448047410,387609539,3921,240.061218,104,-519.037,-901.222,255,8
1778399448075620,387620506,3930,240.612244,104,-510.346,-906.171,255,8
1778399448076163,387630448,3939,241.163269,104,-501.608,-911.038,255,8
1778399448076595,387640412,3948,241.714279,105,-497.562,-924.625,255,8
1778399448107700,387650363,3957,242.265320,120,-558.453,-1062.135,255,8
1778399448108275,387660323,3966,242.816330,166,-758.362,-1476.647,255,8
1778399448108854,387670274,3975,243.367340,212,-950.330,-1895.066,255,8
1778399448124651,387680229,3984,243.918365,238,-1046.370,-2137.641,255,8
1778399448125134,387690174,3993,244.469376,258,-1111.963,-2328.076,255,8
1778399448132762,387700131,4002,245.020416,269,-1135.974,-2438.373,255,8
1778399448171516,387710081,4010,245.510208,275,-1139.961,-2502.597,255,8
1778399448171943,387720040,4019,246.061218,275,-1115.841,-2513.444,255,8
1778399448172413,387729984,4028,246.612259,275,-1091.617,-2524.059,255,8
1778399448172844,387739941,4037,247.163269,273,-1059.531,-2516.008,255,8
1778399448193268,387749890,4046,247.714279,274,-1039.078,-2535.334,255,8
1778399448193693,387759844,4055,248.265305,270,-999.835,-2508.053,255,8
1778399448210272,387769789,4064,248.816315,269,-972.056,-2508.228,255,8
1778399448211966,387779750,4072,249.306107,269,-950.579,-2516.446,255,8
1778399448234680,387789695,4081,249.857147,267,-919.446,-2506.695,255,8
1778399448235165,387799651,4090,250.408157,265,-888.591,-2496.579,255,8
1778399448251550,387809603,4099,250.959198,264,-861.277,-2495.556,255,8
1778399448251974,387819564,4108,251.510208,262,-830.896,-2484.756,255,8
1778399448269143,387829512,4117,252.061218,262,-806.962,-2492.632,255,8
1778399448271360,387839472,4125,252.551025,260,-779.626,-2480.359,255,8
1778399448303465,387849418,4134,253.102036,258,-749.924,-2468.606,255,8
1778399448303900,387859378,4143,253.653046,256,-720.520,-2456.512,255,8
1778399448304329,387869325,4152,254.204086,255,-694.140,-2453.705,255,8
1778399448318261,387879285,4161,254.755096,253,-665.252,-2440.971,255,8
1778399448353579,387889233,4170,255.306122,252,-639.210,-2437.583,255,8
1778399448354116,387899192,4179,255.857147,251,-613.294,-2433.921,255,8
1778399448354586,387909141,4188,256.408142,248,-582.810,-2410.546,255,8
1778399448355011,387919104,4196,256.897980,236,-534.978,-2298.564,255,8
1778399448370577,387929045,4205,257.448975,193,-419.406,-1883.879,255,8
1778399448371089,387939006,4214,258.000000,184,-382.558,-1799.792,255,8
1778399448396857,387948947,4223,258.551025,184,-365.231,-1803.387,255,8
1778399448397331,387958914,4232,259.102020,186,-351.653,-1826.456,255,8
1778399448413096,387968841,4240,259.591827,165,-298.088,-1622.850,255,8
1778399448413557,387978815,4249,260.142853,141,-241.381,-1389.185,255,8
1778399448442249,387988746,4258,260.693878,131,-211.839,-1292.758,255,8
1778399448442726,387998722,4266,261.183655,128,-196.183,-1264.876,255,8
1778399448443247,388008656,4275,261.734711,125,-179.696,-1237.016,255,8
1778399448456304,388018630,4284,262.285706,120,-161.080,-1189.140,255,8
1778399448487494,388028561,4292,262.775513,120,-150.909,-1190.473,255,8
1778399448487951,388038536,4301,263.326538,125,-145.263,-1241.531,255,8
1778399448488390,388048471,4310,263.877533,125,-133.317,-1242.870,255,8
1778399448489116,388058451,4319,264.428589,124,-120.387,-1234.142,255,8
1778399448503598,388068383,4328,264.979584,123,-107.638,-1225.281,255,8
1778399448509881,388078352,4336,265.469391,123,-97.160,-1226.157,255,8
1778399448536871,388088288,4345,266.020416,122,-84.669,-1217.058,255,8
1778399448537393,388098263,4354,266.571442,122,-72.961,-1217.816,255,8
1778399448538548,388108196,4362,267.061218,122,-62.548,-1218.396,255,8
1778399448551746,388118176,4371,267.612244,122,-50.828,-1218.941,255,8
1778399448558401,388128107,4380,268.163269,121,-38.782,-1209.378,255,8
1778399448589986,388138082,4388,268.653046,120,-28.208,-1199.668,255,8
1778399448590425,388148017,4397,269.204102,120,-16.669,-1199.884,255,8
1778399448590884,388157992,4406,269.755096,121,-5.172,-1209.989,255,8
1778399448604116,388167918,4414,270.244904,121,5.172,-1209.989,255,8
1778399448628619,388177887,4423,270.795898,121,16.808,-1209.883,255,8
1778399448629174,388187821,4432,271.346954,115,27.033,-1149.682,255,8
1778399448629568,388197796,4441,271.897949,102,33.782,-1019.440,255,8
1778399448642939,388207755,4449,272.387756,89,37.079,-889.227,255,8
1778399448670145,388217717,4458,272.938782,86,44.091,-858.869,255,8
1778399448670547,388227658,4467,273.489777,86,52.349,-858.405,255,8
1778399448670976,388237620,4476,274.040833,86,60.602,-857.862,255,8
1778399448683878,388247563,4485,274.591827,87,69.649,-867.208,255,8
1778399448690233,388257521,4493,275.081635,94,83.261,-936.305,255,8
1778399448700594,388267453,4502,275.632660,98,96.187,-975.268,255,8
1778399448722534,388277402,4511,276.183685,100,107.716,-994.182,255,8
1778399448723033,388287346,4520,276.734680,99,116.099,-983.169,255,8
1778399448736502,388297315,4528,277.224487,99,124.500,-982.140,255,8
1778399448736956,388307279,4537,277.775513,98,132.586,-970.990,255,8
1778399448749272,388317244,4546,278.326508,92,133.229,-910.302,255,8
1778399448774258,388327175,4555,278.877563,78,120.372,-770.656,255,8
1778399448774630,388337134,4564,279.428558,66,108.120,-651.084,255,8
1778399448789663,388351049,4576,280.163269,51,89.991,-501.998,255,8
1778399448790148,388361008,4585,280.714294,48,89.238,-471.632,255,8
1778399448826480,388370939,4594,281.265289,47,91.815,-460.945,255,8
1778399448826974,388380908,4603,281.816345,47,96.244,-460.040,255,8
1778399448827463,388390841,4612,282.367340,48,102.806,-468.861,255,8
1778399448829635,388400792,4621,282.918365,51,114.017,-497.092,255,8
1778399448844327,388410739,4629,283.408173,55,127.538,-535.009,255,8
1778399448874459,388420694,4638,283.959167,60,144.738,-582.281,255,8
1778399448875035,388430639,4647,284.510223,60,150.332,-580.862,255,8
1778399448875508,388440600,4656,285.061218,60,155.911,-579.389,255,8
1778399448890519,388450538,4665,285.612244,60,161.475,-577.863,255,8
1778399448890939,388460497,4674,286.163269,64,178.160,-614.702,255,8
1778399448916979,388470430,4682,286.653076,83,237.858,-795.188,255,8
1778399448917551,388480392,4691,287.204071,87,257.325,-831.074,255,8
1778399448918905,388490326,4700,287.755096,85,259.207,-809.513,255,8
1778399448934765,388500287,4709,288.306122,81,254.416,-769.007,255,8
1778399448940259,388510224,4718,288.857147,81,261.800,-766.525,255,8
1778399448970767,388520189,4727,289.408173,80,265.837,-754.540,255,8
1778399448971157,388530129,4736,289.959167,80,273.080,-751.949,255,8
1778399448971499,388540090,4745,290.510223,79,276.796,-739.922,255,8
1778399448985364,388550031,4754,291.061218,79,283.899,-737.226,255,8
1778399449008257,388559992,4762,291.551025,80,293.864,-744.073,255,8
1778399449008655,388569929,4771,292.102051,80,301.006,-741.212,255,8
1778399449009045,388579890,4780,292.653046,80,308.120,-738.283,255,8
1778399449023430,388589832,4789,293.204102,82,323.086,-753.668,255,8
1778399449052248,388599793,4798,293.755096,83,334.347,-759.679,255,8
1778399449052731,388609733,4807,294.306122,84,345.754,-765.542,255,8
1778399449053145,388619694,4816,294.857147,84,353.100,-762.181,255,8
1778399449067319,388629634,4825,295.408173,84,360.414,-758.750,255,8
1778399449067780,388639599,4834,295.959198,83,363.317,-746.258,255,8
1778399449080655,388649543,4842,296.448975,77,342.958,-689.405,255,8
1778399449106365,388659506,4851,297.000000,70,317.793,-623.705,255,8
1778399449106840,388669443,4860,297.551025,70,323.777,-620.619,255,8
1778399449107398,388679408,4869,298.102051,78,367.414,-688.046,255,8
1778399449122739,388689346,4878,298.653046,84,402.784,-737.133,255,8
1778399449156650,388699308,4887,299.204071,86,419.613,-750.683,255,8
1778399449157100,388709248,4896,299.755096,87,431.776,-755.295,255,8
1778399449157560,388719209,4904,300.244904,87,438.217,-751.576,255,8
1778399449158002,388729139,4913,300.795929,87,445.424,-747.327,255,8
1778399449195961,388739108,4922,301.346924,89,462.995,-760.089,255,8
1778399449196375,388749046,4931,301.897980,90,475.568,-764.091,255,8
1778399449196999,388759004,4940,302.448975,89,477.528,-751.044,255,8
1778399449197335,388768942,4949,303.000000,89,484.729,-746.417,255,8
1778399449211686,388778905,4958,303.551025,87,480.831,-725.053,255,8
1778399449217705,388788841,4967,304.102020,87,487.781,-720.395,255,8
1778399449249507,388798807,4976,304.653076,85,483.315,-699.218,255,8
1778399449249953,388808744,4985,305.204071,87,501.547,-710.880,255,8
1778399449250425,388818705,4993,305.693878,87,507.605,-706.567,255,8
1778399449264448,388828639,5002,306.244904,87,514.377,-701.653,255,8
1778399449265178,388838599,5011,306.795929,87,521.101,-696.673,255,8
1778399449291610,388848530,5020,307.346924,87,527.777,-691.630,255,8
1778399449292124,388858490,5029,307.897949,87,534.404,-686.522,255,8
1778399449306267,388868420,5038,308.448975,86,534.763,-673.520,255,8
1778399449306667,388878379,5047,309.000000,85,534.922,-660.574,255,8
1778399449335901,388888309,5056,309.551025,84,534.883,-647.689,255,8
1778399449336265,388898273,5065,310.102051,83,534.645,-634.866,255,8
1778399449336598,388908204,5073,310.591858,82,533.546,-622.678,255,8
1778399449349935,388918165,5082,311.142853,81,532.930,-609.988,255,8
1778399449356953,388928105,5091,311.693878,80,532.120,-597.367,255,8
1778399449394132,388938068,5100,312.244904,80,537.841,-592.222,255,8
1778399449394570,388947999,5109,312.795898,78,529.923,-572.347,255,8
1778399449394958,388957967,5118,313.346954,77,528.539,-559.952,255,8
1778399449395368,388967902,5127,313.897949,72,499.231,-518.815,255,8
1778399449408755,388977864,5136,314.448975,68,476.186,-485.435,255,8
1778399449436652,388987807,5145,315.000000,68,480.833,-480.833,255,8
1778399449437146,388997763,5154,315.551025,72,513.990,-504.197,255,8
1778399449437614,389007701,5163,316.102051,73,526.020,-506.165,255,8
1778399449452544,389017661,5172,316.653046,72,523.592,-494.218,255,8
1778399449453306,389027592,5181,317.204102,72,528.321,-489.160,255,8
1778399449479526,389037551,5190,317.755096,72,533.000,-484.057,255,8
1778399449479976,389047485,5199,318.306122,71,530.164,-472.257,255,8
1778399449494222,389057445,5208,318.857147,70,527.150,-460.557,255,8
1778399449494628,389067382,5217,319.408142,70,531.555,-455.466,255,8
1778399449503685,389077342,5226,319.959198,69,528.255,-443.900,255,8
1778399449533382,389087278,5235,320.510193,69,532.499,-438.799,255,8
1778399449534075,389097243,5244,321.061249,68,528.916,-427.373,255,8
1778399449534682,389107173,5252,321.551025,66,516.887,-410.400,255,8
1778399449548565,389117132,5262,322.163269,60,473.857,-368.048,255,8
1778399449580814,389127071,5270,322.653076,52,413.388,-315.453,255,8
1778399449581394,389137033,5280,323.265289,50,400.707,-299.055,255,8
1778399449582010,389146971,5288,323.755096,50,403.249,-295.619,255,8
1778399449582428,389156930,5297,324.306122,50,406.073,-291.727,255,8
1778399449596375,389166869,5306,324.857147,50,408.860,-287.809,255,8
1778399449621378,389176829,5315,325.408173,50,411.609,-283.863,255,8
1778399449621823,389186775,5324,325.959198,50,414.320,-279.892,255,8
1778399449622338,389196738,5333,326.510193,50,416.992,-275.894,255,8
1778399449635816,389206681,5342,327.061218,50,419.626,-271.871,255,8
1778399449667875,389216641,5351,327.612244,50,422.221,-267.823,255,8
1778399449668434,389226574,5360,328.163269,51,433.273,-269.025,255,8
1778399449668920,389236536,5369,328.714294,53,452.932,-275.232,255,8
1778399449681927,389246475,5378,329.265289,57,489.939,-291.306,255,8
1778399449682448,389256429,5387,329.816315,60,518.651,-301.664,255,8
1778399449690772,389266370,5396,330.367340,61,530.220,-301.607,255,8
1778399449735189,389276336,5405,330.918365,61,533.096,-296.494,255,8
1778399449735824,389286271,5414,331.469391,61,535.923,-291.353,255,8
1778399449736313,389296235,5423,332.020416,60,529.869,-281.494,255,8
1778399449736729,389306171,5432,332.571442,60,532.552,-276.385,255,8
1778399449749544,389316138,5441,333.122437,59,526.265,-266.730,255,8
1778399449750148,389326079,5450,333.673462,59,528.806,-261.657,255,8
1778399449775382,389336041,5459,334.224487,59,531.298,-256.559,255,8
1778399449775902,389345981,5468,334.775513,59,533.741,-251.438,255,8
1778399449789638,389355939,5477,335.326538,59,536.134,-246.293,255,8
1778399449789979,389365878,5486,335.877533,58,529.351,-237.039,255,8
1778399449818749,389375837,5495,336.428589,58,531.606,-231.937,255,8
1778399449819318,389385773,5504,336.979584,58,533.812,-226.814,255,8
1778399449819681,389395734,5512,337.469391,58,535.731,-222.243,255,8
1778399449833107,389405680,5521,338.020416,57,528.571,-213.337,255,8
1778399449863495,389415647,5530,338.571411,57,530.598,-208.245,255,8
1778399449863904,389425587,5539,339.122467,57,532.576,-203.132,255,8
1778399449864452,389435558,5548,339.673462,57,534.505,-198.001,255,8
1778399449878308,389445497,5557,340.224487,57,536.385,-192.851,255,8
1778399449879259,389455462,5566,340.775513,56,528.772,-184.391,255,8
1778399449912418,389465405,5575,341.326538,56,530.521,-179.298,255,8
1778399449912874,389475373,5584,341.877563,56,532.221,-174.187,255,8
1778399449913311,389485307,5593,342.428558,56,533.871,-169.061,255,8
1778399449928637,389495277,5602,342.979584,56,535.472,-163.919,255,8
1778399449929049,389505214,5610,343.469391,56,536.854,-159.335,255,8
1778399449958012,389515185,5619,344.020416,56,538.362,-154.165,255,8
1778399449958507,389525125,5628,344.571411,56,539.819,-148.981,255,8
1778399449959077,389535089,5637,345.122437,55,531.562,-141.215,255,8
1778399449973574,389545025,5646,345.673462,55,532.896,-136.096,255,8
1778399450005544,389554984,5655,346.224487,55,534.180,-130.965,255,8
1778399450006157,389564919,5664,346.775513,55,535.415,-125.822,255,8
1778399450006725,389574887,5673,347.326538,55,536.600,-120.667,255,8
1778399450007639,389584826,5682,347.877563,54,527.959,-113.401,255,8
1778399450022789,389594789,5691,348.428558,54,529.025,-108.318,255,8
1778399450053284,389604733,5700,348.979584,54,530.042,-103.226,255,8
1778399450053739,389614702,5708,349.469391,54,530.905,-98.691,255,8
1778399450054135,389624646,5717,350.020416,54,531.830,-93.581,255,8
1778399450068835,389634610,5726,350.571442,54,532.705,-88.462,255,8
1778399450069325,389644548,5735,351.122437,54,533.531,-83.335,255,8
1778399450101718,389654517,5744,351.673492,54,534.308,-78.200,255,8
1778399450102072,389664459,5753,352.224487,54,535.035,-73.058,255,8
1778399450102472,389674424,5762,352.775513,54,535.713,-67.909,255,8
1778399450116689,389684363,5771,353.326538,54,536.341,-62.754,255,8
1778399450117055,389694329,5780,353.877533,54,536.920,-57.593,255,8
1778399450144561,389704281,5788,354.367340,53,527.441,-52.020,255,8
1778399450145252,389714249,5797,354.918365,53,527.917,-46.945,255,8
1778399450146121,389724191,5806,355.469391,53,528.344,-41.866,255,8
1778399450159610,389734155,5815,356.020416,53,528.722,-36.783,255,8
1778399450189069,389744095,5824,356.571442,53,529.051,-31.696,255,8
1778399450189443,389754058,5833,357.122437,53,529.332,-26.607,255,8
1778399450189778,389764006,5842,357.673462,53,529.563,-21.515,255,8
1778399450203165,389773970,5850,358.163269,53,529.728,-16.987,255,8
1778399450238994,389783911,5859,358.714264,53,529.867,-11.892,255,8
1778399450239502,389793874,5868,359.265320,53,529.956,-6.796,255,8
1778399450239894,389803814,5877,359.816315,53,529.997,-1.699,255,8
1778399450240458,389813778,6,0.367347,53,529.989,3.398,255,8
1778399450253876,389823718,15,0.918367,53,529.932,8.495,255,8
1778399450254997,389833681,24,1.469388,53,529.826,13.591,255,8
1778399450290422,389843626,32,1.959184,53,529.690,18.119,255,8
1778399450290801,389853587,41,2.510204,53,529.491,23.213,255,8
1778399450291122,389863524,50,3.061225,53,529.244,28.304,255,8
1778399450305929,389873489,59,3.612245,53,528.947,33.392,255,8
1778399450306291,389883430,67,4.102041,53,528.642,37.912,255,8
1778399450338160,389893396,76,4.653061,52,518.286,42.183,255,8
1778399450338730,389903337,85,5.204082,52,517.857,47.166,255,8
1778399450339185,389913304,94,5.755102,52,517.379,52.144,255,8
1778399450381516,389923245,102,6.244898,52,516.914,56.565,255,8
1778399450381940,389933216,111,6.795918,52,516.346,61.533,255,8
1778399450382337,389943159,120,7.346939,52,515.731,66.496,255,8
1778399450382753,389953119,129,7.897959,52,515.067,71.453,255,8
1778399450383714,389963060,138,8.448980,52,514.356,76.403,255,8
1778399450398787,389973028,146,8.938775,52,513.685,80.797,255,8
1778399450430445,389982963,155,9.489796,52,512.884,85.733,255,8
1778399450430843,389992926,164,10.040816,52,512.036,90.662,255,8
1778399450431263,390002866,172,10.530612,52,511.242,95.036,255,8
1778399450433240,390012831,181,11.081633,52,510.304,99.948,255,8
1778399450448023,390022775,190,11.632653,52,509.319,104.851,255,8
1778399450483429,390032737,199,12.183673,52,508.288,109.744,255,8
1778399450483861,390042677,207,12.673470,52,507.331,114.085,255,8
1778399450484231,390052641,216,13.224489,52,506.210,118.959,255,8
1778399450484569,390062581,224,13.714286,53,514.890,125.653,255,8
1778399450499144,390072541,233,14.265306,53,513.658,130.598,255,8
1778399450530181,390082484,242,14.816327,53,512.378,135.532,255,8
1778399450530594,390092444,250,15.306122,53,511.200,139.907,255,8
1778399450530984,390102383,259,15.857143,53,509.831,144.817,255,8
1778399450532169,390112343,267,16.346939,53,508.575,149.170,255,8
1778399450546868,390122282,276,16.897961,53,507.117,154.054,255,8
1778399450578849,390132247,285,17.448978,53,505.612,158.924,255,8
1778399450579375,390142187,293,17.938776,53,504.235,163.240,255,8
1778399450579755,390152153,302,18.489796,53,502.641,168.082,255,8
1778399450581652,390162098,310,18.979591,53,501.186,172.373,255,8
1778399450596275,390172066,319,19.530613,53,499.505,177.185,255,8
1778399450630267,390182009,327,20.020409,53,497.972,181.448,255,8
1778399450630766,390191981,336,20.571428,53,496.204,186.229,255,8
1778399450631159,390201929,344,21.061224,53,494.594,190.464,255,8
1778399450631595,390211896,353,21.612246,53,492.740,195.211,255,8
1778399450646158,390221838,362,22.163265,53,490.840,199.941,255,8
1778399450682291,390231798,370,22.653061,54,498.341,207.981,255,8
1778399450682795,390241742,379,23.204082,54,496.318,212.764,255,8
1778399450683227,390251715,387,23.693878,54,494.481,216.999,255,8
1778399450683572,390261656,396,24.244898,54,492.371,221.744,255,8
1778399450697965,390271621,404,24.734694,54,490.458,225.945,255,8
1778399450709040,390281562,413,25.285715,54,488.262,230.652,255,8
1778399450710401,390291538,422,25.836735,54,486.021,235.336,255,8
1778399450720829,390301483,430,26.326530,54,483.992,239.483,255,8
1778399450753840,390311452,438,26.816326,54,481.927,243.611,255,8
1778399450754439,390321398,447,27.367346,54,479.562,248.235,255,8
1778399450755070,390331361,456,27.918367,54,477.152,252.835,255,8
1778399450769517,390341306,464,28.408163,54,474.974,256.905,255,8
1778399450769995,390351270,473,28.959183,54,472.481,261.461,255,8
1778399450808731,390361210,481,29.448978,55,478.937,270.407,255,8
1778399450809273,390371175,489,29.938776,55,476.608,274.491,255,8
1778399450809760,390381112,498,30.489796,55,473.946,279.062,255,8
1778399450810133,390391082,506,30.979591,55,471.543,283.103,255,8
1778399450824282,390401027,515,31.530611,55,468.798,287.625,255,8
1778399450860837,390410997,523,32.020409,55,466.323,291.622,255,8
1778399450861268,390420941,532,32.571430,56,471.924,301.476,255,8
1778399450861702,390430904,540,33.061226,56,469.329,305.500,255,8
1778399450862139,390440856,548,33.551022,56,466.701,309.500,255,8
1778399450876302,390450828,557,34.102039,56,463.703,313.974,255,8
1778399450915935,390460769,565,34.591835,56,461.002,317.927,255,8
1778399450916647,390470736,573,35.081635,56,458.267,321.856,255,8
1778399450917048,390480680,582,35.632652,57,463.278,332.074,255,8
1778399450917498,390490642,590,36.122448,57,460.423,336.022,255,8
1778399450918221,390500587,598,36.612244,57,457.533,339.946,255,8
1778399450933946,390510556,605,37.040817,56,446.996,337.335,255,8
1778399450944597,390520499,608,37.224491,56,445.912,338.766,255,8
1778399450950264,390530462,610,37.346939,56,445.187,339.718,255,8
1778399450990371,390540406,609,37.285713,56,445.550,339.242,255,8
1778399450990736,390550369,609,37.285713,56,445.550,339.242,255,8
1778399450991053,390560309,609,37.285713,56,445.550,339.242,255,8
1778399450991357,390570280,609,37.285713,56,445.550,339.242,255,8
1778399451005089,390580226,609,37.285713,56,445.550,339.242,255,8
1778399451039526,390590192,609,37.285713,56,445.550,339.242,255,8
1778399451039965,390600136,609,37.285713,56,445.550,339.242,255,8
1778399451040404,390610105,608,37.224491,56,445.912,338.766,255,8
1778399451040750,390620042,607,37.163265,57,454.243,344.330,255,8
1778399451055410,390630019,605,37.040817,57,454.978,343.359,255,8
1778399451056817,390639955,604,36.979591,57,455.344,342.872,255,8
1778399451091019,390649929,601,36.795918,57,456.441,341.411,255,8
1778399451091496,390659877,598,36.612244,56,449.506,333.982,255,8
1778399451091840,390669848,595,36.428574,56,450.575,332.539,255,8
1778399451105949,390679792,592,36.244896,56,451.638,331.093,255,8
1778399451106329,390689765,588,36.000000,56,453.050,329.160,255,8
1778399451148083,390699713,584,35.755100,56,454.452,327.220,255,8
1778399451148544,390709682,580,35.510204,56,455.847,325.275,255,8
1778399451148891,390719629,576,35.265305,56,457.233,323.323,255,8
1778399451149236,390729604,572,35.020409,56,458.611,321.366,255,8
1778399451164074,390739549,568,34.775509,56,459.980,319.403,255,8
1778399451165717,390749515,564,34.530613,56,461.341,317.434,255,8
1778399451176971,390759454,560,34.285713,56,462.694,315.459,255,8
1778399451188108,390769425,555,33.979591,56,464.373,312.983,255,8
1778399451222586,390779375,551,33.734692,56,465.706,310.995,255,8
1778399451223119,390789349,546,33.428574,55,459.015,302.993,255,8
1778399451223667,390799295,542,33.183674,55,460.306,301.029,255,8
1778399451225139,390809265,537,32.877548,55,461.908,298.565,255,8
1778399451239048,390819212,532,32.571430,55,463.497,296.093,255,8
1778399451282790,390829188,528,32.326530,55,464.758,294.109,255,8
1778399451283370,390839134,523,32.020409,55,466.323,291.622,255,8
1778399451283809,390849101,518,31.714287,55,467.874,289.126,255,8
1778399451284215,390859043,513,31.408163,55,469.412,286.622,255,8
1778399451284573,390869020,508,31.102039,55,470.937,284.110,255,8
1778399451299341,390878956,503,30.795919,55,472.448,281.590,255,8
1778399451341422,390888931,498,30.489796,54,465.329,273.988,255,8
1778399451341965,390898878,493,30.183674,54,466.786,271.498,255,8
1778399451342441,390908839,488,29.877550,54,468.230,269.000,255,8
1778399451342860,390918781,482,29.510206,54,469.945,265.992,255,8
1778399451343881,390928747,477,29.204082,54,471.359,263.478,255,8
1778399451358900,390938687,472,28.897959,54,472.760,260.956,255,8
1778399451370668,390948652,467,28.591835,54,474.148,258.426,255,8
1778399451375563,390958590,461,28.224489,54,475.795,255.381,255,8
1778399451419480,390968557,456,27.918367,54,477.152,252.835,255,8
1778399451419973,390978495,450,27.551022,54,478.764,249.771,255,8
1778399451420394,390988458,445,27.244898,54,480.091,247.209,255,8
1778399451420788,390998398,439,26.877550,54,481.666,244.126,255,8
1778399451423022,391008356,433,26.510202,54,483.222,241.033,255,8
1778399451437415,391018294,428,26.204082,54,484.503,238.448,255,8
1778399451475892,391028260,422,25.836735,54,486.021,235.336,255,8
1778399451476253,391038208,416,25.469387,53,478.492,227.915,255,8
1778399451476686,391048167,410,25.102041,53,479.943,224.843,255,8
1778399451477021,391058105,404,24.734694,53,481.375,221.761,255,8
1778399451490758,391068068,398,24.367346,53,482.787,218.670,255,8
1778399451492328,391078006,392,24.000002,53,484.179,215.570,255,8
1778399451508626,391087969,386,23.632654,53,485.551,212.462,255,8
1778399451550950,391097910,380,23.265306,53,486.903,209.344,255,8
1778399451551435,391107872,374,22.897959,53,488.236,206.218,255,8
1778399451551786,391117806,368,22.530613,53,489.548,203.084,255,8
1778399451552104,391127769,362,22.163265,53,490.840,199.941,255,8
1778399451552431,391137706,356,21.795919,53,492.112,196.790,255,8
1778399451565686,391147674,349,21.367348,53,493.570,193.103,255,8
1778399451604452,391157613,343,21.000000,53,494.798,189.935,255,8
1778399451605175,391167577,336,20.571428,53,496.204,186.229,255,8
1778399451605896,391177518,330,20.204081,53,497.388,183.043,255,8
1778399451606349,391187479,323,19.775511,53,498.743,179.318,255,8
1778399451623325,391197423,317,19.408163,53,499.883,176.117,255,8
1778399451623783,391207382,310,18.979591,53,501.186,172.373,255,8
1778399451668031,391217321,304,18.612246,53,502.281,169.156,255,8
1778399451668535,391227284,297,18.183674,53,503.532,165.394,255,8
1778399451668993,391237220,290,17.755102,53,504.755,161.623,255,8
1778399451669412,391247180,283,17.326530,53,505.950,157.843,255,8
1778399451670582,391257121,276,16.897961,53,507.117,154.054,255,8
1778399451686841,391267078,269,16.469389,52,498.665,147.422,255,8
1778399451699870,391277022,262,16.040817,52,499.754,143.687,255,8
1778399451700355,391286990,255,15.612246,52,500.815,139.945,255,8
1778399451751378,391296939,248,15.183674,52,501.847,136.195,255,8
1778399451751878,391306910,241,14.755103,52,502.852,132.438,255,8
1778399451752329,391316852,234,14.326530,52,503.829,128.673,255,8
1778399451752790,391326817,227,13.897959,52,504.777,124.901,255,8
1778399451753174,391336762,220,13.469387,52,505.697,121.121,255,8
1778399451768611,391346726,212,12.979591,52,506.714,116.794,255,8
1778399451769557,391356667,205,12.551021,52,507.574,113.001,255,8
1778399451810878,391366636,198,12.122449,52,508.405,109.201,255,8
1778399451811375,391376578,190,11.632653,52,509.319,104.851,255,8
1778399451811787,391386544,182,11.142858,52,510.197,100.493,255,8
1778399451812118,391396481,175,10.714286,52,510.935,96.674,255,8
1778399451825440,391406439,167,10.224489,52,511.742,92.303,255,8
1778399451831884,391416384,160,9.795918,52,512.418,88.472,255,8
1778399451841106,391426349,152,9.306123,52,513.156,84.089,255,8
1778399451888154,391436295,144,8.816326,52,513.856,79.699,255,8
1778399451888828,391446258,136,8.326530,52,514.519,75.303,255,8
1778399451889373,391456202,129,7.897959,52,515.067,71.453,255,8
1778399451889935,391466166,121,7.408164,52,515.659,67.047,255,8
1778399451890523,391476105,113,6.918367,52,516.214,62.637,255,8
1778399451908354,391486068,105,6.428572,52,516.730,58.222,255,8
1778399451908840,391496011,97,5.938776,52,517.209,53.802,255,8
1778399451950256,391505973,89,5.448980,52,517.650,49.379,255,8
1778399451950858,391515913,81,4.959184,52,518.053,44.952,255,8
1778399451951343,391525872,72,4.408163,52,518.462,39.968,255,8
1778399451951739,391535813,64,3.918367,52,518.784,35.534,255,8
1778399451968120,391545775,56,3.428571,52,519.069,31.098,255,8
1778399451968535,391555714,48,2.938775,52,519.316,26.660,255,8
1778399451980257,391565681,39,2.387755,52,519.549,21.664,255,8
1778399451989434,391575623,31,1.897959,52,519.715,17.222,255,8
1778399452039144,391585589,22,1.346939,52,519.856,12.223,255,8
1778399452039544,391595529,14,0.857143,52,519.942,7.779,255,8
1778399452040100,391605492,5,0.306122,52,519.993,2.778,255,8
1778399452040470,391615433,5877,359.816315,52,519.997,-1.667,255,8
1778399452040835,391625396,5868,359.265320,52,519.957,-6.668,255,8
1778399452056457,391635342,5859,358.714264,52,519.869,-11.668,255,8
1778399452057630,391645303,5850,358.163269,52,519.733,-16.667,255,8
1778399452069810,391655247,5842,357.673462,52,519.571,-21.109,255,8
1778399452119451,391665213,5833,357.122437,52,519.344,-26.105,255,8
1778399452120017,391675157,5824,356.571442,53,529.051,-31.696,255,8
1778399452120437,391685127,5815,356.020416,53,528.722,-36.783,255,8
1778399452120924,391695070,5806,355.469391,53,528.344,-41.866,255,8
1778399452121416,391705033,5797,354.918365,53,527.917,-46.945,255,8
1778399452138660,391714978,5788,354.367340,53,527.441,-52.020,255,8
1778399452139026,391724944,5778,353.755096,53,526.855,-57.653,255,8
1778399452183302,391734880,5769,353.204071,53,526.276,-62.717,255,8
1778399452183838,391744846,5760,352.653076,53,525.649,-67.775,255,8
1778399452184288,391754786,5751,352.102020,53,524.973,-72.827,255,8
1778399452184636,391764753,5741,351.489807,53,524.164,-78.432,255,8
1778399452185221,391774693,5732,350.938782,53,523.386,-83.470,255,8
1778399452201326,391784646,5722,350.326538,54,532.322,-90.738,255,8
1778399452207384,391794587,5713,349.775513,54,531.425,-95.853,255,8
1778399452218556,391804553,5704,349.224487,54,530.478,-100.959,255,8
1778399452265763,391814503,5694,348.612244,54,529.369,-106.622,255,8
1778399452266373,391824468,5684,348.000000,54,528.200,-112.272,255,8
1778399452266881,391834416,5674,347.387756,54,526.970,-117.910,255,8
1778399452267335,391844392,5664,346.775513,54,525.680,-123.534,255,8
1778399452267762,391854338,5655,346.224487,54,524.468,-128.584,255,8
1778399452319847,391864315,5645,345.612244,54,523.064,-134.181,255,8
1778399452320276,391874255,5635,345.000000,55,531.259,-142.350,255,8
1778399452320725,391884223,5625,344.387756,55,529.708,-148.019,255,8
1778399452321146,391894175,5616,343.836731,55,528.260,-153.106,255,8
1778399452321482,391904143,5606,343.224487,55,526.594,-158.742,255,8
1778399452335985,391914087,5596,342.612244,55,524.867,-164.360,255,8
1778399452336382,391924056,5586,342.000000,55,523.081,-169.959,255,8
1778399452350225,391933999,5576,341.387756,55,521.235,-175.539,255,8
1778399452361309,391943962,5566,340.775513,56,528.772,-184.391,255,8
1778399452401661,391953910,5557,340.224487,56,526.974,-189.468,255,8
1778399452402076,391963876,5547,339.612244,56,524.920,-195.088,255,8
1778399452402481,391973818,5537,339.000000,56,522.805,-200.686,255,8
1778399452402818,391983787,5527,338.387756,56,520.631,-206.261,255,8
1778399452403123,391993729,5518,337.836731,57,527.884,-215.031,255,8
1778399452417823,392003707,5508,337.224487,57,525.556,-220.659,255,8
1778399452460792,392013657,5498,336.612244,57,523.168,-226.263,255,8
1778399452461433,392023624,5488,336.000000,57,520.721,-231.840,255,8
1778399452461834,392033560,5478,335.387756,57,518.214,-237.391,255,8
1778399452462242,392043518,5468,334.775513,58,524.694,-247.176,255,8
1778399452462639,392053467,5459,334.224487,58,522.293,-252.211,255,8
1778399452477669,392063436,5449,333.612244,58,519.568,-257.777,255,8
1778399452489136,392073370,5439,333.000000,59,525.694,-267.854,255,8
1778399452502658,392083334,5429,332.387756,59,522.802,-273.456,255,8
1778399452503043,392093277,5420,331.836731,59,520.148,-278.472,255,8
1778399452542487,392103237,5410,331.224487,59,517.142,-284.014,255,8
1778399452542855,392113173,5400,330.612244,60,522.791,-294.431,255,8
1778399452543166,392123135,5390,330.000000,60,519.615,-300.000,255,8
1778399452543494,392133077,5380,329.387756,60,516.380,-305.535,255,8
1778399452557967,392143041,5371,328.836731,60,513.418,-310.487,255,8
1778399452600889,392152978,5361,328.224487,60,510.071,-315.956,255,8
1778399452601390,392162934,5351,327.612244,60,506.665,-321.388,255,8
1778399452601903,392172871,5341,327.000000,61,511.589,-332.230,255,8
1778399452602324,392182835,5332,326.448975,60,500.036,-331.608,255,8
1778399452602726,392192778,5322,325.836731,59,488.190,-331.316,255,8
1778399452617447,392202742,5312,325.224487,55,451.766,-313.699,255,8
1778399452659530,392212674,5302,324.612244,51,415.778,-295.345,255,8
1778399452659962,392222637,5292,324.000000,50,404.508,-293.893,255,8
1778399452660358,392232571,5283,323.448975,49,393.630,-291.814,255,8
1778399452660690,392242521,5273,322.836731,49,390.490,-296.003,255,8
1778399452661054,392252459,5263,322.224487,49,387.304,-300.159,255,8
1778399452674434,392262414,5253,321.612244,49,384.075,-304.280,255,8
1778399452680699,392272348,5244,321.061249,49,381.131,-307.960,255,8
1778399452690435,392282308,5234,320.448975,49,377.818,-312.015,255,8
1778399452746332,392292248,5224,319.836731,50,382.105,-322.484,255,8
1778399452746862,392302210,5214,319.224487,50,378.637,-326.549,255,8
1778399452747313,392312138,5205,318.673462,54,405.518,-356.589,255,8
1778399452747885,392322108,5195,318.061218,61,453.754,-407.685,255,8
1778399452748289,392332045,5185,317.448975,66,486.206,-446.323,255,8
1778399452749476,392342005,5175,316.836731,68,495.997,-465.174,255,8
1778399452765278,392351942,5166,316.285736,69,498.729,-476.833,255,8
1778399452776339,392361901,5156,315.673462,69,493.605,-482.135,255,8
1778399452829775,392371845,5146,315.061218,70,495.503,-494.446,255,8
1778399452830204,392381803,5136,314.448975,70,490.192,-499.712,255,8
1778399452830538,392391738,5127,313.897949,71,492.297,-511.609,255,8
1778399452830917,392401694,5117,313.285706,72,493.658,-524.120,255,8
1778399452831376,392411638,5107,312.673462,72,488.030,-529.365,255,8
1778399452831771,392421590,5098,312.122437,72,482.916,-534.034,255,8
1778399452844814,392431527,5088,311.510223,69,457.300,-516.698,255,8
1778399452889947,392441490,5078,310.897949,67,438.658,-506.438,255,8
1778399452890352,392451428,5069,310.346954,69,446.716,-525.875,255,8
1778399452890785,392461394,5059,309.734680,75,479.425,-576.760,255,8
1778399452891162,392471330,5049,309.122437,77,485.854,-597.366,255,8
1778399452891508,392481292,5040,308.571442,78,486.322,-609.828,255,8
1778399452905618,392491232,5030,307.959167,79,485.929,-622.875,255,8
1778399452909813,392501189,5020,307.346924,80,485.312,-635.982,255,8
1778399452964742,392511132,5011,306.795929,82,491.153,-656.635,255,8
1778399452965209,392521096,5001,306.183655,83,490.012,-669.917,255,8
1778399452965566,392531029,4992,305.632660,84,489.373,-682.726,255,8
1778399452965869,392540991,4982,305.020416,85,487.788,-696.105,255,8
1778399452966338,392550933,4972,304.408173,87,491.624,-717.779,255,8
1778399452967223,392560888,4963,303.857147,87,484.698,-722.473,255,8
1778399452981237,392570832,4953,303.244904,88,482.433,-735.975,255,8
1778399453024334,392580798,4944,302.693878,88,475.332,-740.580,255,8
1778399453024748,392590736,4934,302.081635,88,467.392,-745.617,255,8
1778399453025236,392600705,4924,301.469391,88,459.398,-750.569,255,8
1778399453025648,392610643,4915,300.918365,86,441.882,-737.794,255,8
1778399453026599,392620609,4905,300.306122,87,439.019,-751.107,255,8
1778399453040856,392630547,4896,299.755096,88,436.738,-763.976,255,8
1778399453085803,392640513,4886,299.142853,89,433.420,-777.333,255,8
1778399453086374,392650447,4876,298.530609,89,425.089,-781.920,255,8
1778399453086690,392660409,4867,297.979584,89,417.550,-785.972,255,8
1778399453086992,392670349,4857,297.367340,90,413.724,-799.270,255,8
1778399453087446,392680311,4848,296.816315,90,406.019,-803.212,255,8
1778399453102865,392690238,4838,296.204102,91,401.829,-816.476,255,8
1778399453109124,392700193,4828,295.591827,91,393.081,-820.724,255,8
1778399453153423,392710136,4819,295.040833,89,376.705,-806.346,255,8
1778399453153916,392720106,4809,294.428558,79,326.711,-719.277,255,8
1778399453154362,392730044,4800,293.877563,68,275.253,-621.801,255,8
1778399453154710,392740010,4790,293.265320,67,264.643,-615.519,255,8
1778399453155326,392749945,4781,292.714264,79,305.047,-728.729,255,8
1778399453167851,392759910,4771,292.102051,90,338.632,-833.864,255,8
1778399453211062,392769844,4762,291.551025,91,334.270,-846.383,255,8
1778399453211511,392779808,4752,290.938782,92,328.781,-859.246,255,8
1778399453211858,392789744,4742,290.326538,92,319.580,-862.710,255,8
1778399453212265,392799704,4733,289.775513,93,314.652,-875.154,255,8
1778399453226738,392809637,4723,289.163269,91,298.718,-859.574,255,8
1778399453227122,392819595,4714,288.612244,85,271.288,-805.545,255,8
1778399453241012,392829530,4704,288.000000,81,250.304,-770.356,255,8
1778399453246358,392839490,4694,287.387756,80,239.069,-763.443,255,8
1778399453289949,392849423,4685,286.836731,81,234.613,-775.279,255,8
1778399453290375,392859374,4675,286.224487,85,237.491,-816.148,255,8
1778399453290690,392869314,4666,285.673492,88,237.736,-847.279,255,8
1778399453291035,392879277,4656,285.061218,90,233.866,-869.084,255,8
1778399453303487,392889215,4647,284.510223,90,225.497,-871.293,255,8
1778399453303824,392899169,4637,283.897949,89,213.772,-863.945,255,8
1778399453351031,392909104,4628,283.346924,83,191.603,-807.582,255,8
1778399453351466,392919060,4618,282.734711,65,143.284,-634.011,255,8
1778399453351813,392928992,4609,282.183655,59,124.517,-576.711,255,8
1778399453352138,392938951,4599,281.571442,58,116.342,-568.212,255,8
1778399453353294,392948887,4590,281.020416,57,108.960,-559.489,255,8
1778399453366717,392958849,4580,280.408173,55,99.363,-540.950,255,8
1778399453380985,392970788,4569,279.734711,54,91.307,-532.225,255,8
1778399453386042,392980722,4559,279.122437,52,82.443,-513.423,255,8
1778399453433574,392990687,4550,278.571442,47,70.050,-464.750,255,8
1778399453434059,393000621,4540,277.959198,46,63.695,-455.569,255,8
1778399453434462,393010579,4531,277.408142,46,59.311,-456.160,255,8
1778399453434835,393020510,4521,276.795929,48,56.800,-476.627,255,8
1778399453435260,393030466,4512,276.244904,52,56.565,-516.914,255,8
1778399453449805,393040403,4502,275.632660,78,76.557,-776.234,255,8
1778399453491983,393050358,4493,275.081635,94,83.261,-936.305,255,8
1778399453492490,393060296,4483,274.469391,98,76.368,-977.020,255,8
1778399453492972,393070259,4474,273.918365,98,66.968,-977.709,255,8
1778399453493449,393080198,4464,273.306122,98,56.517,-978.369,255,8
1778399453493908,393090159,4455,272.755096,99,47.586,-988.856,255,8
1778399453511111,393100094,4445,272.142853,99,37.017,-989.308,255,8
1778399453518636,393110058,4436,271.591827,98,27.223,-979.622,255,8
1778399453530288,393119994,4426,270.979584,95,16.241,-949.861,255,8
1778399453585555,393129959,4417,270.428589,87,6.508,-869.976,255,8
1778399453585947,393139889,4407,269.816315,85,-2.725,-849.996,255,8
1778399453586492,393149852,4398,269.265320,85,-10.899,-849.930,255,8
1778399453586902,393159792,4388,268.653046,86,-20.216,-859.762,255,8
1778399453587288,393169755,4379,268.102051,95,-31.463,-949.479,255,8
1778399453587707,393179671,4369,267.489807,109,-47.739,-1088.954,255,8
1778399453603562,393189639,4360,266.938782,114,-60.879,-1138.373,255,8
1778399453604064,393199572,4350,266.326538,114,-73.040,-1137.658,255,8
1778399453617396,393209540,4341,265.775513,114,-83.977,-1136.903,255,8
1778399453670537,393219473,4331,265.163269,113,-95.278,-1125.976,255,8
1778399453670956,393229440,4322,264.612244,113,-106.102,-1125.008,255,8
1778399453671438,393239371,4312,264.000000,115,-120.208,-1143.700,255,8
1778399453671866,393249343,4303,263.448975,117,-133.483,-1162.361,255,8
1778399453672278,393259270,4293,262.836731,117,-145.896,-1160.868,255,8
1778399453672677,393269239,4284,262.285706,117,-157.053,-1159.411,255,8
1778399453686324,393279168,4274,261.673492,117,-169.432,-1157.667,255,8
1778399453736844,393289140,4265,261.122437,117,-180.558,-1155.984,255,8
1778399453737380,393299064,4255,260.510193,118,-194.549,-1163.852,255,8
1778399453737846,393309030,4246,259.959167,120,-209.220,-1181.621,255,8
1778399453738309,393318950,4236,259.346924,124,-229.229,-1218.628,255,8
1778399453738812,393328921,4227,258.795929,121,-235.108,-1186.939,255,8
1778399453756274,393338844,4218,258.244904,121,-246.512,-1184.623,255,8
1778399453756694,393348818,4208,257.632660,124,-265.581,-1211.225,255,8
1778399453823966,393358744,4199,257.081635,127,-283.924,-1237.856,255,8
1778399453824593,393368714,4190,256.530609,134,-312.121,-1303.143,255,8
1778399453825038,393378648,4181,255.979599,154,-373.092,-1494.123,255,8
1778399453825446,393388610,4171,255.367355,184,-464.822,-1780.320,255,8
1778399453825832,393398544,4162,254.816330,184,-481.922,-1775.768,255,8
1778399453826309,393408505,4153,254.265305,183,-496.266,-1761.426,255,8
1778399453826858,393418440,4144,253.714294,184,-515.986,-1766.171,255,8
1778399453841281,393428385,4134,253.102036,196,-569.710,-1875.375,255,8
1778399453841788,393438320,4125,252.551025,231,-692.668,-2203.704,255,8
1778399453859026,393448269,4116,252.000000,245,-757.092,-2330.088,255,8
1778399453860141,393458203,4107,251.448990,249,-792.191,-2360.622,255,8
1778399453905587,393468155,4097,250.836731,253,-830.501,-2389.805,255,8
1778399453906027,393478096,4088,250.285721,253,-853.445,-2381.708,255,8
1778399453906511,393488048,4079,249.734680,253,-876.311,-2373.390,255,8
1778399453906900,393497990,4070,249.183670,254,-902.648,-2374.200,255,8
1778399453922312,393507938,4060,248.571426,257,-938.927,-2392.345,255,8
1778399453922833,393517873,4051,248.020416,260,-973.118,-2411.025,255,8
1778399453934400,393527823,4042,247.469376,261,-1000.092,-2410.791,255,8
1778399453941154,393537762,4033,246.918365,260,-1019.310,-2391.863,255,8
1778399453989632,393547710,4024,246.367355,264,-1058.300,-2418.595,255,8
1778399453990055,393557649,4014,245.755112,269,-1104.615,-2452.738,255,8
1778399453990492,393567594,4005,245.204071,271,-1136.540,-2460.158,255,8
1778399453990921,393577532,3996,244.653061,269,-1151.585,-2431.039,255,8
1778399453991437,393587489,3987,244.102051,272,-1188.013,-2446.840,255,8
1778399454004510,393597426,3978,243.551010,273,-1215.944,-2444.254,255,8
1778399454056124,393607377,3968,242.938782,276,-1255.641,-2457.838,255,8
1778399454056527,393617316,3959,242.387756,277,-1283.855,-2454.510,255,8
1778399454056959,393627274,3950,241.836746,277,-1307.400,-2442.050,255,8
1778399454057279,393637219,3941,241.285706,276,-1326.021,-2420.593,255,8
1778399454057582,393647169,3932,240.734695,275,-1344.349,-2399.005,255,8
1778399454058025,393657110,3922,240.122452,272,-1354.963,-2358.490,255,8
1778399454072794,393667070,3913,239.571426,263,-1332.000,-2267.747,255,8
1778399454082317,393676996,3904,239.020401,237,-1219.917,-2031.921,255,8
1778399454088445,393686961,3895,238.469391,146,-763.513,-1244.447,255,8
1778399454148615,393696893,3886,237.918381,114,-605.485,-965.913,255,8
1778399454149133,393706856,3876,237.306122,109,-588.764,-917.310,255,8
1778399454149620,393716791,3867,236.755096,108,-592.076,-903.242,255,8
1778399454150053,393726748,3858,236.204086,105,-584.048,-872.575,255,8
1778399454150405,393736683,3849,235.653076,104,-586.771,-858.662,255,8
1778399454150758,393746640,3840,235.102036,104,-595.001,-852.979,255,8
1778399454170302,393756573,3830,234.489807,105,-609.890,-854.713,255,8
1778399454170895,393766533,3821,233.938766,103,-606.309,-832.640,255,8
1778399454188065,393776471,3812,233.387756,99,-590.432,-794.663,255,8
1778399454188653,393786454,3802,232.775513,98,-592.841,-780.346,255,8
1778399454228448,393796388,3793,232.224503,98,-600.318,-774.609,255,8
1778399454228864,393806344,3784,231.673462,97,-601.538,-760.955,255,8
1778399454229252,393816285,3774,231.061234,96,-603.350,-746.705,255,8
1778399454229635,393826243,3765,230.510208,95,-604.144,-733.151,255,8
1778399454281381,393836179,3756,229.959183,94,-604.733,-719.651,255,8
1778399454281853,393846143,3747,229.408157,92,-598.613,-698.615,255,8
1778399454282229,393856073,3737,228.795929,92,-606.043,-692.179,255,8
1778399454282591,393866038,3728,228.244888,91,-606.013,-678.858,255,8
1778399454282941,393875983,3719,227.693878,90,-605.782,-665.603,255,8
1778399454297602,393885942,3710,227.142853,90,-612.156,-659.747,255,8
1778399454298087,393895881,3700,226.530624,90,-619.170,-653.168,255,8
1778399454341233,393905844,3691,225.979584,90,-625.423,-647.183,255,8
1778399454341672,393915781,3682,225.428574,90,-631.618,-641.139,255,8
1778399454342320,393925742,3673,224.877548,90,-637.755,-635.035,255,8
1778399454342646,393935675,3663,224.265305,89,-637.343,-621.204,255,8
1778399454356361,393945635,3654,223.714279,88,-636.060,-608.135,255,8
1778399454356763,393955569,3645,223.163269,86,-627.290,-588.308,255,8
1778399454368273,393965528,3636,222.612259,86,-632.919,-582.249,255,8
1778399454413998,393975464,3626,222.000000,86,-639.105,-575.452,255,8
1778399454414404,393985429,3617,221.448975,85,-637.114,-562.660,255,8
1778399454414904,393995360,3608,220.897964,83,-627.378,-543.413,255,8
1778399454415348,394005325,3599,220.346954,82,-624.953,-530.880,255,8
1778399454415755,394015258,3589,219.734695,82,-630.590,-524.172,255,8
1778399454429390,394025217,3580,219.183685,82,-635.602,-518.083,255,8
1778399454475344,394035151,3571,218.632645,81,-632.744,-505.703,255,8
1778399454475858,394045108,3562,218.081635,81,-637.578,-499.595,255,8
1778399454476258,394055045,3553,217.530609,80,-634.422,-487.348,255,8
1778399454476591,394065003,3543,216.918381,79,-631.599,-474.535,255,8
1778399454476953,394074940,3534,216.367340,78,-628.081,-462.509,255,8
1778399454491611,394084899,3525,215.816330,77,-624.391,-450.595,255,8
1778399454503531,394094825,3516,215.265305,76,-620.530,-438.796,255,8
1778399454503892,394104784,3506,214.653061,76,-625.184,-432.140,255,8
1778399454562250,394114715,3497,214.102036,76,-629.311,-426.108,255,8
1778399454562622,394124670,3488,213.551025,76,-633.379,-420.036,255,8
1778399454563113,394134598,3479,212.999985,76,-637.390,-413.925,255,8
1778399454563514,394144555,3470,212.448975,76,-641.341,-407.777,255,8
1778399454563860,394154486,3460,211.836731,77,-654.157,-406.175,255,8
1778399454564226,394164443,3451,211.285721,77,-658.033,-399.866,255,8
1778399454577193,394174373,3442,210.734711,77,-661.848,-393.519,255,8
1778399454620819,394184332,3433,210.183670,77,-665.602,-387.136,255,8
1778399454621227,394194265,3424,209.632660,77,-669.294,-380.717,255,8
1778399454621656,394204229,3415,209.081619,77,-672.925,-374.262,255,8
1778399454622093,394214163,3406,208.530609,77,-676.493,-367.774,255,8
1778399454622515,394224115,3396,207.918365,77,-680.384,-360.524,255,8
1778399454635764,394234049,3387,207.367355,77,-683.820,-353.964,255,8
1778399454646450,394244002,3378,206.816315,78,-696.117,-351.883,255,8
1778399454656060,394253931,3369,206.265305,80,-717.404,-354.023,255,8
1778399454699512,394263890,3360,205.714294,89,-801.862,-386.157,255,8
1778399454699912,394273802,3351,205.163269,107,-968.457,-454.963,255,8
1778399454700303,394283766,3341,204.551010,118,-1073.318,-490.294,255,8
1778399454700607,394293686,3332,204.000000,119,-1087.119,-484.017,255,8
1778399454701472,394303647,3323,203.448990,118,-1082.549,-469.560,255,8
1778399454715841,394313567,3314,202.897949,118,-1087.015,-459.127,255,8
1778399454757014,394323531,3305,202.346939,117,-1082.131,-444.850,255,8
1778399454757386,394333456,3296,201.795914,116,-1077.074,-430.710,255,8
1778399454757853,394343414,3287,201.244904,115,-1071.846,-416.708,255,8
1778399454758312,394353347,3278,200.693893,114,-1066.449,-402.848,255,8
1778399454772191,394363308,3269,200.142853,114,-1070.274,-392.573,255,8
1778399454772749,394373241,3260,199.591843,113,-1064.579,-378.909,255,8
1778399454780789,394383200,3251,199.040802,113,-1068.174,-368.653,255,8
1778399454790779,394393131,3242,198.489792,112,-1062.186,-355.192,255,8
1778399454847002,394403089,3232,197.877548,112,-1065.921,-343.822,255,8
1778399454847483,394413017,3224,197.387756,112,-1068.821,-334.697,255,8
1778399454847979,394422978,3214,196.775497,112,-1072.336,-323.257,255,8
1778399454848373,394432908,3205,196.224487,112,-1075.395,-312.930,255,8
1778399454848695,394442868,3196,195.673477,112,-1078.355,-302.573,255,8
1778399454849957,394452799,3187,195.122452,112,-1081.215,-292.189,255,8
1778399454863352,394462762,3178,194.571426,111,-1074.297,-279.261,255,8
1778399454874418,394472698,3169,194.020401,111,-1076.933,-268.917,255,8
1778399454880164,394482655,3160,193.469391,111,-1079.469,-258.548,255,8
1778399454891046,394492588,3151,192.918381,113,-1101.399,-252.626,255,8
1778399454933970,394502549,3142,192.367340,113,-1103.778,-242.022,255,8
1778399454934406,394512486,3134,191.877548,115,-1125.378,-236.694,255,8
1778399454934934,394522448,3125,191.326538,115,-1127.602,-225.860,255,8
1778399454935375,394532386,3116,190.775513,112,-1100.251,-209.397,255,8
1778399454948904,394542375,3107,190.224487,94,-925.073,-166.855,255,8
1778399454949252,394552308,3098,189.673462,78,-768.909,-131.066,255,8
1778399454989412,394562265,3089,189.122452,78,-770.134,-123.665,255,8
1778399454989862,394572205,3080,188.571442,87,-860.283,-129.667,255,8
1778399454990244,394582149,3072,188.081619,135,-1336.593,-189.788,255,8
1778399454990596,394592083,3063,187.530609,187,-1853.871,-245.074,255,8
1778399455004589,394602042,3054,186.979599,199,-1975.253,-241.817,255,8
1778399455010931,394611979,3045,186.428574,201,-1997.362,-225.049,255,8
1778399455022044,394621935,3036,185.877563,199,-1979.539,-203.782,255,8
1778399455028812,394631877,3028,185.387756,198,-1971.252,-185.913,255,8
1778399455079051,394641838,3019,184.836731,202,-2012.807,-170.320,255,8
1778399455079448,394651769,3010,184.285721,208,-2074.184,-155.439,255,8
1778399455079794,394661732,3001,183.734680,208,-2075.583,-135.484,255,8
1778399455080101,394671664,2992,183.183670,208,-2076.790,-115.517,255,8
1778399455080375,394681624,2983,182.632660,208,-2077.805,-95.539,255,8
1778399455109681,394691553,2975,182.142853,208,-2078.545,-77.774,255,8
1778399455110124,394701511,2966,181.591843,208,-2079.197,-57.781,255,8
1778399455110489,394711438,2957,181.040833,208,-2079.657,-37.783,255,8
1778399455167994,394721399,2948,180.489792,207,-2069.924,-17.695,255,8
1778399455168395,394731333,2940,180.000000,207,-2070.000,0.000,255,8
1778399455168772,394741295,2931,179.448975,206,-2059.905,19.811,255,8
1778399455169119,394751230,2922,178.897949,205,-2049.621,39.428,255,8
1778399455169434,394761190,2913,178.346939,205,-2049.147,59.137,255,8
1778399455169761,394771125,2905,177.857147,203,-2028.580,75.904,255,8
1778399455212612,394781081,2896,177.306122,198,-1977.812,93.059,255,8
1778399455213168,394791011,2887,176.755112,191,-1906.938,108.113,255,8
1778399455213624,394800978,2878,176.204086,184,-1835.963,121.813,255,8
1778399455214028,394810900,2870,175.714279,167,-1665.330,124.799,255,8
1778399455228335,394820855,2861,175.163269,132,-1315.299,111.298,255,8
1778399455228675,394830808,2852,174.612244,84,-836.289,78.872,255,8
1778399455268242,394840768,2843,174.061218,72,-716.136,74.495,255,8
1778399455268613,394850704,2835,173.571426,70,-695.599,78.375,255,8
1778399455268991,394860663,2826,173.020416,81,-803.998,98.428,255,8
1778399455269390,394870604,2817,172.469391,90,-892.237,117.950,255,8
1778399455332018,394880564,2808,171.918365,97,-960.367,136.366,255,8
1778399455332613,394890478,2800,171.428574,105,-1038.272,156.494,255,8
1778399455333136,394900437,2791,170.877548,106,-1046.593,168.058,255,8
1778399455333743,394910391,2782,170.326523,80,-788.625,134.426,255,8
1778399455334101,394920345,2773,169.775513,68,-669.201,120.704,255,8
1778399455334492,394930273,2764,169.224487,66,-648.362,123.395,255,8
1778399455334982,394940230,2756,168.734695,63,-617.862,123.072,255,8
1778399455348660,394950160,2747,168.183685,61,-597.074,124.913,255,8
1778399455359683,394960125,2738,167.632660,60,-586.077,128.507,255,8
1778399455402023,394970062,2729,167.081635,60,-584.814,134.138,255,8
1778399455402432,394980019,2720,166.530609,60,-583.497,139.756,255,8
1778399455402823,394989954,2711,165.979584,60,-582.126,145.361,255,8
1778399455403144,394999912,2702,165.428574,60,-580.701,150.952,255,8
1778399455404276,395009845,2693,164.877548,60,-579.222,156.530,255,8
1778399455417517,395019804,2684,164.326538,59,-568.062,159.391,255,8
1778399455463918,395029738,2676,163.836731,58,-557.074,161.458,255,8
1778399455464356,395039690,2667,163.285721,56,-536.340,161.056,255,8
1778399455464747,395049618,2658,162.734695,54,-515.668,160.270,255,8
1778399455465141,395059581,2649,162.183670,51,-485.542,156.043,255,8
1778399455465538,395069515,2640,161.632645,52,-493.509,163.856,255,8
1778399455477496,395079475,2631,161.081635,53,-501.370,171.837,255,8
1778399455488264,395089404,2622,160.530624,56,-527.979,186.650,255,8
1778399455498477,395099364,2613,159.979599,58,-544.951,198.566,255,8
1778399455538977,395109297,2604,159.428574,58,-543.016,203.797,255,8
1778399455539660,395119254,2596,158.938782,58,-541.254,208.432,255,8
1778399455540187,395129190,2587,158.387756,58,-539.225,213.627,255,8
1778399455540585,395139148,2578,157.836731,57,-527.884,215.031,255,8
1778399455554355,395149083,2569,157.285706,56,-516.567,216.236,255,8
1778399455554694,395159046,2560,156.734695,55,-505.277,217.244,255,8
1778399455599521,395168973,2551,156.183670,55,-503.165,222.093,255,8
1778399455600032,395178933,2542,155.632660,54,-491.896,222.796,255,8
1778399455600552,395188868,2533,155.081635,54,-489.731,227.516,255,8
1778399455601114,395198829,2525,154.591843,54,-487.768,231.694,255,8
1778399455602479,395208766,2516,154.040817,55,-494.508,240.752,255,8
1778399455614928,395218730,2507,153.489792,55,-492.170,245.496,255,8
1778399455622123,395228662,2498,152.938782,56,-498.692,254.768,255,8
1778399455633281,395238620,2489,152.387756,56,-496.219,259.552,255,8
1778399455641934,395248559,2480,151.836731,56,-493.699,264.312,255,8
1778399455687863,395258519,2472,151.346939,56,-491.422,268.523,255,8
1778399455688603,395268458,2463,150.795914,57,-497.546,278.115,255,8
1778399455689032,395278421,2454,150.244888,57,-494.848,282.888,255,8
1778399455689557,395288359,2445,149.693878,58,-500.738,292.680,255,8
1778399455693672,395298323,2436,149.142853,58,-497.900,297.482,255,8
1778399455708464,395308261,2428,148.653061,58,-495.339,301.727,255,8
1778399455749630,395318222,2418,148.040817,58,-492.087,307.003,255,8
1778399455750328,395328159,2410,147.551025,58,-489.444,311.198,255,8
1778399455750760,395338117,2401,147.000000,58,-486.429,315.891,255,8
1778399455751245,395348054,2392,146.448975,58,-483.368,320.554,255,8
1778399455751672,395358013,2383,145.897949,58,-480.263,325.188,255,8
1778399455766054,395367946,2374,145.346939,58,-477.114,329.791,255,8
1778399455771916,395377897,2365,144.795914,58,-473.920,334.365,255,8
1778399455817276,395387831,2357,144.306122,58,-471.045,338.404,255,8
1778399455817708,395397791,2348,143.755112,58,-467.768,342.918,255,8
1778399455818079,395407724,2339,143.204086,58,-464.449,347.401,255,8
1778399455818435,395417681,2330,142.653061,58,-461.087,351.851,255,8
1778399455870051,395429616,2320,142.040817,57,-449.416,350.607,255,8
1778399455870635,395439545,2311,141.489792,55,-430.373,342.460,255,8
1778399455871131,395449501,2302,140.938782,55,-427.060,346.583,255,8
1778399455871650,395459438,2293,140.387756,55,-423.707,350.674,255,8
1778399455872004,395469393,2284,139.836731,56,-427.957,361.182,255,8
1778399455872353,395479327,2276,139.346939,56,-424.854,364.827,255,8
1778399455885500,395489288,2267,138.795914,56,-421.326,368.896,255,8
1778399455927631,395499220,2258,138.244888,55,-410.299,366.272,255,8
1778399455928043,395509178,2249,137.693878,55,-406.758,370.200,255,8
1778399455928478,395519101,2240,137.142853,55,-403.179,374.095,255,8
1778399455928840,395529067,2232,136.653061,54,-392.694,370.664,255,8
1778399455932814,395539004,2223,136.102051,54,-389.111,374.423,255,8
1778399455946673,395548960,2214,135.551025,54,-385.492,378.148,255,8
1778399455957809,395558897,2205,135.000000,53,-374.767,374.767,255,8
1778399455968608,395568855,2196,134.448975,53,-371.145,378.353,255,8
1778399455970592,395578790,2188,133.959183,53,-367.897,381.512,255,8
1778399456011528,395588749,2179,133.408157,52,-357.339,377.768,255,8
1778399456012070,395598687,2170,132.857147,52,-353.690,381.187,255,8
1778399456012604,395608644,2161,132.306122,52,-350.008,384.571,255,8
1778399456013024,395618576,2153,131.816330,52,-346.707,387.549,255,8
1778399456027265,395628535,2144,131.265305,52,-342.964,390.865,255,8
1778399456073360,395638463,2135,130.714279,51,-332.667,386.566,255,8
1778399456073799,395648425,2126,130.163269,51,-328.934,389.747,255,8
1778399456074241,395658353,2118,129.673462,51,-325.590,392.545,255,8
1778399456074695,395668315,2109,129.122452,51,-321.800,395.658,255,8
1778399456075047,395678247,2100,128.571426,51,-317.980,398.734,255,8
1778399456088900,395688212,2092,128.081635,51,-314.560,401.438,255,8
1778399456089285,395698145,2083,127.530617,50,-304.593,396.514,255,8
1778399456100420,395708101,2074,126.979591,50,-300.765,399.425,255,8
1778399456151299,395718032,2065,126.428574,50,-296.910,402.299,255,8
1778399456151670,395727998,2057,125.938782,50,-293.460,404.822,255,8
1778399456152158,395737929,2048,125.387756,49,-283.762,399.473,255,8
1778399456152646,395747887,2040,124.897964,49,-280.337,401.884,255,8
1778399456153189,395757829,2031,124.346939,49,-276.459,404.562,255,8
1778399456168486,395767790,2022,123.795921,49,-272.556,407.202,255,8
1778399456169085,395777725,2014,123.306129,49,-269.065,409.517,255,8
1778399456216818,395787679,2005,122.755104,49,-265.114,412.086,255,8
1778399456217228,395797612,1996,122.204079,49,-261.139,414.616,255,8
1778399456217680,395807568,1988,121.714287,48,-252.328,408.326,255,8
1778399456218304,395817501,1979,121.163269,48,-248.390,410.734,255,8
1778399456218870,395827452,1970,120.612244,48,-244.428,413.104,255,8
1778399456233695,395837389,1962,120.122452,48,-240.888,415.178,255,8
1778399456240305,395847350,1953,119.571426,48,-236.884,417.476,255,8
1778399456251030,395857286,1944,119.020409,48,-232.858,419.735,255,8
1778399456302451,395867243,1936,118.530617,48,-229.262,421.710,255,8
1778399456303008,395877179,1927,117.979591,48,-225.195,423.895,255,8
1778399456303415,395887143,1918,117.428574,47,-216.502,417.165,255,8
1778399456303919,395897078,1910,116.938774,47,-212.928,419.001,255,8
1778399456304307,395907036,1901,116.387756,47,-208.889,421.029,255,8
1778399456319701,395916972,1892,115.836731,47,-204.830,423.019,255,8
1778399456320191,395926938,1884,115.346939,47,-201.206,424.754,255,8
1778399456326868,395936873,1875,114.795914,47,-197.112,426.669,255,8
1778399456338790,395946831,1867,114.306122,47,-193.458,428.339,255,8
1778399456398522,395956765,1858,113.755104,47,-189.329,430.180,255,8
1778399456399022,395966730,1849,113.204079,47,-185.183,431.980,255,8
1778399456399540,395976666,1841,112.714287,47,-181.484,433.548,255,8
1778399456399971,395986627,1832,112.163261,47,-177.306,435.273,255,8
1778399456400475,395996571,1824,111.673470,46,-169.886,427.480,255,8
1778399456401012,396006535,1815,111.122452,46,-165.767,429.094,255,8
1778399456417833,396016472,1806,110.571426,46,-161.632,430.668,255,8
1778399456418280,396026434,1798,110.081635,46,-157.945,432.034,255,8
1778399456430419,396036373,1789,109.530609,46,-153.783,433.533,255,8
1778399456435705,396046329,1781,109.040817,46,-150.071,434.832,255,8
1778399456496355,396056269,1772,108.489799,46,-145.882,436.255,255,8
1778399456496863,396066229,1764,108.000008,46,-142.148,437.486,255,8
1778399456497306,396076169,1755,107.448982,46,-137.934,438.833,255,8
1778399456497929,396086132,1746,106.897957,46,-133.707,440.139,255,8
1778399456498384,396096071,1738,106.408165,46,-129.940,441.266,255,8
1778399456498816,396106028,1730,105.918365,46,-126.163,442.361,255,8
1778399456516689,396115973,1721,105.367355,46,-121.903,443.553,255,8
1778399456517142,396125932,1713,104.877548,46,-118.107,444.579,255,8
1778399456528464,396135868,1704,104.326523,46,-113.826,445.695,255,8
1778399456588591,396145831,1696,103.836731,46,-110.012,446.651,255,8
1778399456589010,396155774,1687,103.285713,45,-103.413,437.956,255,8
1778399456589448,396165733,1679,102.795921,45,-99.666,438.824,255,8
1778399456589830,396175671,1670,102.244896,45,-95.441,439.763,255,8
1778399456590175,396185628,1662,101.755104,45,-91.678,440.562,255,8
1778399456590579,396195565,1653,101.204079,45,-87.437,441.424,255,8
1778399456606860,396205522,1645,100.714287,45,-83.660,442.155,255,8
1778399456607367,396215456,1636,100.163269,45,-79.404,442.939,255,8
1778399456619968,396225412,1628,99.673470,45,-75.615,443.602,255,8
1778399456670023,396235346,1620,99.183670,45,-71.820,444.232,255,8
1778399456670486,396245301,1611,98.632660,45,-67.545,444.902,255,8
1778399456670897,396255228,1603,98.142853,45,-63.739,445.463,255,8
1778399456671360,396265185,1594,97.591835,45,-59.452,446.055,255,8
1778399456671851,396275118,1586,97.102036,45,-55.637,446.547,255,8
1778399456673319,396285066,1578,96.612244,45,-51.817,447.007,255,8
1778399456689758,396294996,1569,96.061226,45,-47.516,447.484,255,8
1778399456735526,396304952,1561,95.571434,45,-43.689,447.874,255,8
1778399456736139,396314886,1553,95.081627,45,-39.859,448.231,255,8
1778399456736674,396324843,1544,94.530617,45,-35.546,448.594,255,8
1778399456737143,396334780,1536,94.040810,45,-31.710,448.881,255,8
1778399456737580,396344736,1528,93.551018,45,-27.872,449.136,255,8
1778399456754095,396354657,1520,93.061226,45,-24.031,449.358,255,8
1778399456754528,396364615,1511,92.510208,45,-19.709,449.568,255,8
1778399456809247,396374557,1503,92.020409,45,-15.865,449.720,255,8
1778399456809691,396384514,1495,91.530609,45,-12.020,449.839,255,8
1778399456810088,396394448,1486,90.979599,45,-7.693,449.934,255,8
1778399456810496,396404402,1478,90.489792,45,-3.847,449.984,255,8
1778399456810842,396414331,1470,90.000000,45,0.000,450.000,255,8
1778399456811870,396424288,1462,89.510201,45,3.847,449.984,255,8
1778399456826471,396434222,1454,89.020409,45,7.693,449.934,255,8
1778399456866844,396444177,1445,88.469383,45,12.020,449.839,255,8
1778399456867228,396454111,1437,87.979591,45,15.865,449.720,255,8
1778399456867725,396464063,1429,87.489792,45,19.709,449.568,255,8
1778399456868156,396474004,1421,87.000000,45,23.551,449.383,255,8
1778399456882678,396483960,1413,86.510208,45,27.392,449.166,255,8
1778399456883086,396493895,1405,86.020409,45,31.231,448.915,255,8
1778399456891092,396503850,1397,85.530617,45,35.067,448.632,255,8
1778399456901648,396513780,1388,84.979591,45,39.380,448.274,255,8
1778399456945007,396523736,1380,84.489799,45,43.210,447.921,255,8
1778399456945521,396533666,1372,84.000000,46,48.083,457.480,255,8
1778399456946004,396543623,1364,83.510201,46,51.992,457.052,255,8
1778399456946410,396553553,1356,83.020409,46,55.897,456.591,255,8
1778399456960663,396563515,1348,82.530609,45,58.498,446.182,255,8
1778399456961056,396573448,1340,82.040817,45,62.310,445.665,255,8
1778399457002919,396583409,1331,81.489799,45,66.593,445.045,255,8
1778399457003438,396593343,1323,81.000000,45,70.396,444.460,255,8
1778399457003762,396603298,1315,80.510208,45,74.192,443.842,255,8
1778399457004061,396613226,1307,80.020409,46,79.717,453.040,255,8
1778399457018000,396623178,1299,79.530617,46,83.587,452.342,255,8
1778399457029507,396633109,1291,79.040817,46,87.450,451.611,255,8
1778399457029937,396643062,1284,78.612244,46,90.826,450.944,255,8
1778399457040645,396652994,1276,78.122452,46,94.678,450.151,255,8
1778399457100266,396662952,1268,77.632652,46,98.522,449.325,255,8
1778399457100791,396672881,1260,77.142860,46,102.360,448.467,255,8
1778399457101259,396682836,1252,76.653061,46,106.190,447.575,255,8
1778399457101720,396692768,1245,76.224487,46,109.534,446.769,255,8
1778399457102152,396702721,1237,75.734695,46,113.350,445.816,255,8
1778399457102618,396712646,1230,75.306122,46,116.681,444.956,255,8
1778399457117340,396722600,1222,74.816322,46,120.481,443.942,255,8
1778399457118743,396732530,1214,74.326530,46,124.271,442.896,255,8
1778399457178323,396742482,1207,73.897957,47,130.354,451.562,255,8
1778399457178804,396752412,1199,73.408157,46,131.354,440.847,255,8
1778399457179286,396762365,1192,72.979591,46,134.648,439.852,255,8
1778399457179676,396772295,1184,72.489792,47,141.412,448.222,255,8
1778399457180001,396782251,1177,72.061226,47,144.760,447.152,255,8
1778399457180411,396792184,1169,71.571426,47,148.577,445.898,255,8
1778399457195402,396802137,1162,71.142860,47,151.909,444.774,255,8
1778399457237651,396812067,1154,70.653061,47,155.705,443.459,255,8
1778399457238038,396822020,1146,70.163269,47,159.490,442.112,255,8
1778399457238360,396831952,1139,69.734695,47,162.793,440.906,255,8
1778399457238657,396841912,1131,69.244904,47,166.556,439.499,255,8
1778399457238983,396851842,1124,68.816330,47,169.839,438.241,255,8
1778399457292931,396861799,1116,68.326530,47,173.579,436.773,255,8
1778399457293357,396871735,1109,67.897957,47,176.841,435.462,255,8
1778399457293882,396881688,1101,67.408157,47,180.557,433.935,255,8
1778399457294368,396891614,1094,66.979591,48,187.708,441.775,255,8
1778399457294843,396901561,1086,66.489792,48,191.478,440.155,255,8
1778399457308514,396911486,1079,66.061226,48,194.765,438.710,255,8
1778399457309072,396921434,1071,65.571426,48,198.508,437.029,255,8
1778399457319625,396931356,1063,65.081635,48,202.237,435.316,255,8
1778399457326846,396941315,1056,64.653061,48,205.487,433.791,255,8
1778399457379899,396951241,1048,64.163269,48,209.188,432.019,255,8
1778399457380437,396961201,1040,63.673470,48,212.873,430.215,255,8
1778399457380836,396971139,1033,63.244896,48,216.085,428.611,255,8
1778399457381256,396981100,1025,62.755104,48,219.741,426.748,255,8
1778399457381721,396991036,1017,62.265305,48,223.381,424.854,255,8
1778399457396953,397001000,1009,61.775513,49,231.734,431.740,255,8
1778399457397543,397010937,1002,61.346939,49,234.957,429.994,255,8
1778399457439925,397020897,994,60.857143,49,238.625,427.970,255,8
1778399457440455,397030832,986,60.367348,49,242.274,425.915,255,8
1778399457440846,397040789,979,59.938778,49,245.453,424.090,255,8
1778399457441224,397050725,972,59.510204,49,248.619,422.243,255,8
1778399457455648,397060687,964,59.020412,50,257.366,428.675,255,8
1778399457456103,397070619,957,58.591835,50,260.566,426.738,255,8
1778399457510404,397080579,950,58.163269,50,263.750,424.777,255,8
1778399457510874,397090509,942,57.673470,50,267.372,422.507,255,8
1778399457511403,397100472,935,57.244896,50,270.525,420.495,255,8
1778399457511810,397110405,928,56.816326,51,279.136,426.829,255,8
1778399457512254,397120365,920,56.326530,51,282.774,424.428,255,8
1778399457526908,397130303,913,55.897961,51,285.941,422.301,255,8
1778399457527356,397140260,906,55.469387,51,289.092,420.150,255,8
1778399457574038,397150195,899,55.040817,51,292.226,417.976,255,8
1778399457574563,397160156,892,54.612244,52,301.136,423.931,255,8
1778399457575054,397170092,885,54.183674,52,304.298,421.666,255,8
1778399457575456,397180052,878,53.755100,52,307.444,419.379,255,8
1778399457575825,397189987,871,53.326530,52,310.572,417.067,255,8
1778399457591449,397199944,864,52.897957,52,313.683,414.732,255,8
1778399457597136,397209877,857,52.469387,52,316.776,412.375,255,8
1778399457650487,397219837,850,52.040813,52,319.852,409.994,255,8
1778399457650928,397229770,844,51.673470,53,328.675,415.779,255,8
1778399457651384,397239724,837,51.244896,53,331.776,413.309,255,8
1778399457651754,397249657,830,50.816326,53,334.858,410.816,255,8
1778399457652112,397259613,824,50.448978,53,337.486,408.661,255,8
1778399457653247,397269539,817,50.020409,54,346.958,413.788,255,8
1778399457666605,397279505,811,49.653057,54,349.604,411.555,255,8
1778399457710003,397289441,805,49.285713,54,352.235,409.305,255,8
1778399457710526,397299405,799,48.918369,54,354.852,407.038,255,8
1778399457710945,397309333,793,48.551018,55,364.074,412.250,255,8
1778399457711260,397319303,787,48.183674,55,366.710,409.907,255,8
1778399457712646,397329239,780,47.755100,55,369.766,407.153,255,8
1778399457725450,397339199,774,47.387756,55,372.368,404.774,255,8
1778399457738124,397349136,768,47.020405,55,374.956,402.378,255,8
1778399457780326,397359100,762,46.653061,56,384.392,407.238,255,8
1778399457780851,397369035,756,46.285717,56,386.995,404.765,255,8
1778399457781266,397378998,750,45.918365,56,389.582,402.276,255,8
1778399457781737,397388932,744,45.551022,57,399.156,406.908,255,8
1778399457782073,397398890,738,45.183674,57,401.757,404.341,255,8
1778399457795542,397408829,733,44.877552,57,403.911,402.189,255,8
1778399457847262,397418797,727,44.510204,57,406.482,399.591,255,8
1778399457847623,397428733,721,44.142857,58,416.211,403.941,255,8
1778399457847979,397438689,715,43.775509,58,418.792,401.264,255,8
1778399457848346,397448633,709,43.408161,58,421.357,398.571,255,8
1778399457848631,397458595,703,43.040813,59,431.212,402.686,255,8
1778399457862839,397468534,697,42.673470,58,426.433,393.135,255,8
1778399457863262,397478497,692,42.367348,58,428.527,390.851,255,8
1778399457873252,397488440,686,42.000000,58,431.024,388.096,255,8
1778399457888139,397498404,680,41.632652,57,426.029,378.681,255,8
1778399457928413,397508344,675,41.326530,57,428.046,376.399,255,8
1778399457929107,397518298,670,41.020409,57,430.051,374.107,255,8
1778399457929797,397528233,665,40.714287,57,432.044,371.804,255,8
1778399457930339,397538196,660,40.408161,57,434.024,369.490,255,8
1778399457930851,397548123,655,40.102039,57,435.992,367.166,255,8
1778399457944837,397558088,650,39.795918,56,430.264,358.431,255,8
1778399457989885,397568017,645,39.489796,56,432.173,356.127,255,8
1778399457990530,397577983,640,39.183674,56,434.070,353.813,255,8
1778399457991106,397587915,636,38.938778,57,443.356,358.239,255,8
1778399457991444,397597876,631,38.632652,57,445.264,355.865,255,8
1778399457991729,397607812,626,38.326530,57,447.159,353.481,255,8
1778399458004695,397617784,622,38.081635,57,448.666,351.567,255,8
1778399458011311,397627732,618,37.836735,57,450.164,349.646,255,8
1778399458021213,397637697,613,37.530613,57,452.026,347.236,255,8
1778399458074122,397647640,608,37.224491,58,461.837,350.865,255,8
1778399458074706,397657610,605,37.040817,58,462.960,349.383,255,8
1778399458075086,397667552,604,36.979591,56,447.356,336.857,255,8
1778399458075451,397677520,604,36.979591,56,447.356,336.857,255,8
1778399458075786,397687466,604,36.979591,56,447.356,336.857,255,8
1778399458089821,397697432,604,36.979591,56,447.356,336.857,255,8
1778399458090226,397707372,605,37.040817,57,454.978,343.359,255,8
1778399458137661,397717342,607,37.163265,57,454.243,344.330,255,8
1778399458138039,397727280,610,37.346939,57,453.137,345.785,255,8
1778399458138429,397737247,613,37.530613,57,452.026,347.236,255,8
1778399458138748,397747180,616,37.714287,57,450.910,348.683,255,8
1778399458139106,397757147,620,37.959183,56,441.532,344.456,255,8
1778399458152724,397767093,624,38.204082,56,440.055,346.340,255,8
1778399458162911,397777062,628,38.448982,56,438.571,348.218,255,8
1778399458168657,397786999,632,38.693878,55,429.273,343.838,255,8
1778399458217170,397796967,636,38.938778,55,427.800,345.669,255,8
1778399458217710,397806905,641,39.244896,55,425.947,347.950,255,8
1778399458218337,397816867,646,39.551022,55,424.082,350.221,255,8
1778399458218764,397826809,650,39.795918,55,422.581,352.030,255,8
1778399458219115,397836774,654,40.040817,55,421.072,353.833,255,8
1778399458265049,397846715,659,40.346939,55,419.176,356.078,255,8
1778399458265634,397856675,664,40.653061,55,417.268,358.312,255,8
1778399458265983,397866619,668,40.897957,55,415.732,360.093,255,8
1778399458266318,397876588,673,41.204082,55,413.802,362.309,255,8
1778399458266998,397886529,678,41.510204,55,411.861,364.514,255,8
1778399458280564,397896500,683,41.816326,55,409.907,366.710,255,8
1778399458319889,397906440,688,42.122448,56,415.359,375.602,255,8
1778399458320440,397916403,692,42.367348,56,413.750,377.374,255,8
1778399458320916,397926340,697,42.673470,56,411.728,379.579,255,8
1778399458321267,397936307,703,43.040813,56,409.286,382.211,255,8
1778399458336128,397946249,707,43.285713,56,407.648,383.957,255,8
1778399458336528,397956219,712,43.591839,57,412.834,393.024,255,8
1778399458348702,397966161,718,43.959187,57,410.306,395.663,255,8
1778399458360116,397976127,723,44.265305,57,408.186,397.850,255,8
1778399458403051,397986072,728,44.571430,56,398.931,393.007,255,8
1778399458403452,397996031,733,44.877552,56,396.825,395.133,255,8
1778399458403970,398005978,738,45.183674,56,394.708,397.247,255,8
1778399458404439,398015941,744,45.551022,56,392.153,399.770,255,8
1778399458405670,398025881,749,45.857143,56,390.012,401.859,255,8
1778399458420096,398035846,754,46.163261,56,387.859,403.937,255,8
1778399458459666,398045785,760,46.530613,56,385.261,406.416,255,8
1778399458460073,398055751,765,46.836735,55,376.244,401.174,255,8
1778399458460486,398065698,770,47.142860,55,374.095,403.179,255,8
1778399458460826,398075666,776,47.510204,54,364.748,398.195,255,8
1778399458474931,398085606,782,47.877548,54,362.187,400.525,255,8
1778399458475333,398095572,788,48.244900,54,359.612,402.839,255,8
1778399458490872,398105518,793,48.551018,54,357.455,404.755,255,8
1778399458497915,398115483,799,48.918369,54,354.852,407.038,255,8
1778399458546730,398125419,805,49.285713,54,352.235,409.305,255,8
1778399458547093,398135393,811,49.653057,53,343.130,403.933,255,8
1778399458547489,398145333,817,50.020409,53,340.533,406.125,255,8
1778399458547863,398155295,823,50.387753,52,331.546,400.596,255,8
1778399458548224,398165241,829,50.755104,52,328.971,402.713,255,8
1778399458602608,398175210,835,51.122448,52,326.382,404.814,255,8
1778399458603144,398185148,841,51.489799,52,323.780,406.899,255,8
1778399458603731,398195115,847,51.857143,52,321.165,408.966,255,8
1778399458604061,398205053,854,52.285717,52,318.097,411.357,255,8
1778399458604395,398215017,860,52.653061,51,309.386,405.438,255,8
1778399458604687,398224951,866,53.020405,51,306.781,407.413,255,8
1778399458619397,398234912,873,53.448978,51,303.725,409.697,255,8
1778399458630958,398244852,879,53.816326,51,301.092,411.636,255,8
1778399458637424,398254815,886,54.244900,51,298.004,413.876,255,8
1778399458689529,398264746,892,54.612244,50,289.553,407.626,255,8
1778399458690172,398274717,899,55.040817,50,286.496,409.780,255,8
1778399458690682,398284660,905,55.408161,50,283.863,411.609,255,8
1778399458691150,398294626,912,55.836735,50,280.776,413.720,255,8
1778399458691523,398304569,918,56.204079,50,278.118,415.512,255,8
1778399458692665,398314532,925,56.632656,50,275.002,417.581,255,8
1778399458707601,398324466,932,57.061222,50,271.871,419.626,255,8
1778399458748227,398334427,939,57.489796,49,263.350,413.215,255,8
1778399458748649,398344374,946,57.918365,49,260.252,415.173,255,8
1778399458749004,398354338,953,58.346939,49,257.139,417.108,255,8
1778399458749386,398364276,960,58.775509,49,254.012,419.020,255,8
1778399458763232,398374238,967,59.204082,49,250.871,420.908,255,8
1778399458763639,398384175,974,59.632652,49,247.716,422.773,255,8
1778399458779471,398394141,981,60.061226,48,239.556,415.948,255,8
1778399458819465,398404084,988,60.489796,48,236.438,417.729,255,8
1778399458819840,398414046,996,60.979591,48,232.858,419.735,255,8
1778399458820316,398423988,1003,61.408161,48,229.712,421.465,255,8
1778399458820793,398433951,1010,61.836735,48,226.553,423.171,255,8
1778399458821310,398443892,1018,62.326527,48,222.927,425.092,255,8
1778399458835483,398453850,1025,62.755104,48,219.741,426.748,255,8
1778399458876321,398463788,1033,63.244896,48,216.085,428.611,255,8
1778399458876828,398473753,1040,63.673470,47,208.439,421.252,255,8
1778399458877430,398483696,1048,64.163269,47,204.830,423.019,255,8
1778399458877769,398493657,1056,64.653061,47,201.206,424.754,255,8
1778399458923787,398503601,1063,65.081635,47,198.023,426.247,255,8
1778399458924219,398513570,1071,65.571426,47,194.373,427.924,255,8
1778399458924558,398523510,1079,66.061226,47,190.707,429.570,255,8
1778399458924886,398533475,1086,66.489792,47,187.489,430.985,255,8
1778399458925240,398543409,1094,66.979591,47,183.798,432.572,255,8
1778399458940053,398553372,1102,67.469383,47,180.093,434.127,255,8
1778399458940456,398563312,1110,67.959183,46,172.623,426.382,255,8
1778399458978908,398573275,1118,68.448982,46,168.972,427.842,255,8
1778399458979419,398583215,1126,68.938774,46,165.308,429.271,255,8
1778399458979790,398593171,1134,69.428574,46,161.632,430.668,255,8
1778399458980212,398603109,1142,69.918365,46,157.945,432.034,255,8
1778399458995816,398613068,1151,70.469391,46,153.783,433.533,255,8
1778399459041711,398623006,1159,70.959183,46,150.071,434.832,255,8
1778399459042199,398632959,1167,71.448982,46,146.349,436.099,255,8
1778399459042636,398642903,1176,72.000000,45,139.058,427.975,255,8
1778399459042991,398652860,1184,72.489792,45,135.394,429.149,255,8
1778399459043461,398662799,1193,73.040817,45,131.261,430.431,255,8
1778399459057303,398672761,1201,73.530617,45,127.576,431.537,255,8
1778399459058994,398682697,1210,74.081635,45,123.420,432.744,255,8
1778399459105950,398692659,1218,74.571426,45,119.717,433.783,255,8
1778399459106570,398702593,1227,75.122444,45,115.539,434.915,255,8
1778399459107074,398712541,1236,75.673470,45,111.351,436.006,255,8
1778399459107475,398722481,1244,76.163269,45,107.620,436.942,255,8
1778399459108382,398732438,1253,76.714287,45,103.413,437.956,255,8
1778399459154358,398742370,1262,77.265305,45,99.197,438.931,255,8
1778399459154825,398752328,1271,77.816330,45,94.971,439.864,255,8
1778399459155213,398762265,1280,78.367348,45,90.736,440.757,255,8
1778399459155556,398772226,1289,78.918365,45,86.493,441.609,255,8
1778399459170046,398782165,1298,79.469391,45,82.242,442.421,255,8
1778399459170509,398792120,1307,80.020409,45,77.984,443.191,255,8
1778399459212039,398802060,1316,80.571426,45,73.718,443.921,255,8
1778399459212605,398812019,1325,81.122452,44,67.902,434.729,255,8
1778399459213163,398821948,1334,81.673470,44,63.718,435.362,255,8
1778399459213549,398831905,1344,82.285713,44,59.063,436.018,255,8
1778399459229631,398841840,1353,82.836739,44,54.867,436.566,255,8
1778399459230143,398851800,1362,83.387756,44,50.666,437.073,255,8
1778399459275893,398861733,1372,84.000000,44,45.993,437.590,255,8
1778399459276235,398871689,1381,84.551025,44,41.782,438.012,255,8
1778399459276526,398881627,1391,85.163261,44,37.099,438.433,255,8
1778399459276804,398891590,1400,85.714287,44,32.881,438.770,255,8
1778399459277053,398901525,1410,86.326530,44,28.191,439.096,255,8
1778399459289684,398911489,1420,86.938774,44,23.497,439.372,255,8
1778399459296416,398921427,1429,87.489792,44,19.271,439.578,255,8
1778399459344138,398931391,1439,88.102043,44,14.573,439.759,255,8
1778399459344535,398941331,1449,88.714287,44,9.873,439.889,255,8
1778399459344922,398951294,1459,89.326530,44,5.172,439.970,255,8
1778399459345240,398961232,1469,89.938774,44,0.470,440.000,255,8
1778399459345928,398971196,1479,90.551025,44,-4.232,439.980,255,8
1778399459360109,398981131,1489,91.163261,44,-8.933,439.909,255,8
1778399459401115,398991090,1498,91.714287,44,-13.163,439.803,255,8
1778399459401774,399001028,1508,92.326523,44,-17.862,439.637,255,8
1778399459402296,399010994,1518,92.938782,44,-22.558,439.421,255,8
1778399459402626,399020936,1528,93.551018,44,-27.252,439.155,255,8
1778399459416122,399030897,1538,94.163261,44,-31.943,438.839,255,8
1778399459416489,399040838,1548,94.775513,44,-36.631,438.473,255,8
1778399459427506,399050810,1558,95.387756,44,-41.314,438.056,255,8
1778399459437748,399060742,1568,96.000008,44,-45.993,437.590,255,8
1778399459477361,399070702,1577,96.551018,44,-50.199,437.127,255,8
1778399459477737,399080643,1587,97.163269,44,-54.867,436.566,255,8
1778399459478111,399090599,1597,97.775513,44,-59.529,435.955,255,8
1778399459478500,399100538,1607,98.387749,44,-64.183,435.294,255,8
1778399459492988,399110501,1617,99.000000,44,-68.831,434.583,255,8
1778399459494436,399120440,1627,99.612244,44,-73.471,433.823,255,8
1778399459544103,399130405,1636,100.163269,44,-77.640,433.096,255,8
1778399459544502,399140343,1646,100.775505,44,-82.263,432.242,255,8
1778399459544821,399150308,1656,101.387756,44,-86.877,431.338,255,8
1778399459545228,399160244,1666,102.000000,44,-91.481,430.385,255,8
1778399459545651,399170212,1676,102.612244,44,-96.075,429.383,255,8
1778399459559666,399180151,1686,103.224495,44,-100.658,428.332,255,8
1778399459565940,399190118,1696,103.836731,44,-105.229,427.232,255,8
1778399459577513,399200062,1705,104.387756,44,-109.332,426.200,255,8
1778399459620467,399210022,1715,105.000000,44,-113.880,425.007,255,8
1778399459620919,399219959,1725,105.612251,44,-118.415,423.766,255,8
1778399459621331,399229920,1735,106.224487,45,-125.731,432.078,255,8
1778399459621755,399239859,1745,106.836731,44,-127.444,421.139,255,8
1778399459623111,399249824,1754,107.387756,44,-131.488,419.894,255,8
1778399459637443,399259763,1764,108.000008,45,-139.058,427.975,255,8
1778399459675993,399269727,1774,108.612244,45,-143.623,426.465,255,8
1778399459676439,399279665,1784,109.224487,45,-148.172,424.906,255,8
1778399459676826,399289626,1794,109.836739,45,-152.704,423.299,255,8
1778399459677171,399299565,1804,110.448982,45,-157.218,421.643,255,8
1778399459732405,399309527,1813,111.000000,45,-161.266,420.111,255,8
1778399459732793,399319467,1823,111.612244,45,-165.745,418.364,255,8
1778399459733170,399329434,1833,112.224495,45,-170.206,416.569,255,8
1778399459733499,399339371,1843,112.836739,45,-174.648,414.727,255,8
1778399459733848,399349337,1852,113.387756,45,-178.628,413.028,255,8
1778399459734277,399359279,1862,114.000000,45,-183.031,411.095,255,8
1778399459748806,399369242,1872,114.612236,45,-187.414,409.116,255,8
1778399459759242,399379179,1882,115.224495,45,-191.775,407.090,255,8
1778399459803128,399389141,1892,115.836731,45,-196.114,405.018,255,8
1778399459803682,399399082,1901,116.387756,46,-204.444,412.071,255,8
1778399459804072,399409044,1911,116.999992,46,-208.836,409.863,255,8
1778399459804693,399418984,1921,117.612244,46,-213.203,407.608,255,8
1778399459805045,399428948,1931,118.224487,46,-217.547,405.307,255,8
1778399459817795,399438887,1940,118.775513,46,-221.434,403.196,255,8
1778399459859109,399448852,1950,119.387749,46,-225.730,400.807,255,8
1778399459859577,399458784,1960,120.000000,47,-235.000,407.032,255,8
1778399459859891,399468745,1970,120.612244,47,-239.336,404.498,255,8
1778399459860260,399478684,1980,121.224487,47,-243.644,401.917,255,8
1778399459860623,399488647,1989,121.775505,47,-247.498,399.555,255,8
1778399459874249,399498585,1999,122.387756,47,-251.754,396.888,255,8
1778399459913826,399508549,2009,123.000000,47,-255.980,394.175,255,8
1778399459914651,399518492,2019,123.612244,47,-260.178,391.417,255,8
1778399459915270,399528456,2028,124.163261,48,-269.545,397.172,255,8
1778399459915827,399538395,2038,124.775505,48,-273.774,394.269,255,8
1778399459932285,399548357,2048,125.387756,48,-277.971,391.321,255,8
1778399459932721,399558291,2058,126.000000,48,-282.137,388.328,255,8
1778399459974922,399568252,2067,126.551018,48,-285.858,385.597,255,8
1778399459975422,399578185,2077,127.163261,48,-289.962,382.520,255,8
1778399459975836,399588147,2087,127.775513,48,-294.033,379.400,255,8
1778399459976258,399598090,2097,128.387756,49,-304.280,384.075,255,8
1778399459991841,399608048,2106,128.938782,49,-307.960,381.131,255,8
1778399459992352,399617989,2116,129.551010,49,-312.015,377.818,255,8
1778399459999254,399627946,2126,130.163269,49,-316.034,374.463,255,8
1778399460053304,399637885,2135,130.714279,49,-319.621,371.406,255,8
1778399460053875,399647852,2145,131.326538,50,-330.175,375.479,255,8
1778399460054333,399657791,2155,131.938766,50,-334.168,371.930,255,8
1778399460055043,399667756,2165,132.551025,50,-338.123,368.338,255,8
1778399460055704,399677692,2174,133.102036,50,-341.650,365.069,255,8
1778399460070226,399687658,2184,133.714294,50,-345.531,361.397,255,8
1778399460070776,399697597,2194,134.326523,50,-349.373,357.685,255,8
1778399460115694,399707564,2204,134.938766,50,-353.175,353.931,255,8
1778399460116271,399717499,2213,135.489792,50,-356.563,350.518,255,8
1778399460116699,399727470,2223,136.102051,51,-367.494,353.622,255,8
1778399460117220,399737410,2232,136.653061,51,-370.877,350.071,255,8
1778399460118048,399747374,2242,137.265305,51,-374.597,346.088,255,8
1778399460132791,399757309,2252,137.877548,51,-378.274,342.066,255,8
1778399460143576,399767273,2262,138.489807,52,-389.396,344.632,255,8
1778399460200800,399777206,2271,139.040817,52,-392.692,340.871,255,8
1778399460201416,399787165,2281,139.653061,52,-396.312,336.655,255,8
1778399460201768,399797097,2290,140.204086,52,-399.531,332.829,255,8
1778399460202070,399807063,2300,140.816330,53,-410.816,334.858,255,8
1778399460202411,399817001,2310,141.428574,53,-414.371,330.450,255,8
1778399460202702,399826961,2319,141.979584,53,-417.529,326.449,255,8
1778399460218088,399836893,2329,142.591827,54,-428.937,328.044,255,8
1778399460218659,399846853,2338,143.142853,55,-440.073,329.902,255,8
1778399460230775,399856804,2348,143.755112,55,-443.574,325.181,255,8
1778399460237104,399866767,2358,144.367340,54,-438.895,314.597,255,8
1778399460293960,399876707,2367,144.918365,54,-441.900,310.361,255,8
1778399460294517,399886671,2377,145.530609,54,-445.191,305.622,255,8
1778399460294978,399896611,2387,146.142868,55,-456.736,306.418,255,8
1778399460295504,399906572,2396,146.693878,56,-468.019,307.503,255,8
1778399460295983,399916505,2406,147.306122,56,-471.278,302.484,255,8
1778399460296364,399926464,2415,147.857147,56,-474.166,297.938,255,8
1778399460310651,399936403,2425,148.469391,56,-477.322,292.854,255,8
1778399460317993,399946365,2434,149.020416,56,-480.116,288.250,255,8
1778399460330362,399956299,2444,149.632645,57,-491.797,288.159,255,8
1778399460376980,399966258,2454,150.244888,57,-494.848,282.888,255,8
1778399460377444,399976200,2463,150.795914,56,-488.817,273.236,255,8
1778399460377900,399986161,2473,151.408173,56,-491.709,267.997,255,8
1778399460378279,399996090,2482,151.959183,57,-503.089,267.957,255,8
1778399460378645,400006058,2492,152.571426,56,-497.048,257.960,255,8
1778399460393843,400015983,2501,153.122452,56,-499.506,253.168,255,8
1778399460395269,400025943,2511,153.734695,56,-502.183,247.816,255,8
1778399460411879,400035879,2520,154.285721,56,-504.543,242.975,255,8
1778399460417949,400045839,2530,154.897949,55,-498.054,233.328,255,8
1778399460468989,400055775,2539,155.448975,54,-491.179,224.372,255,8
1778399460469483,400065733,2549,156.061218,54,-493.549,219.111,255,8
1778399460470021,400075670,2558,156.612244,54,-495.633,214.354,255,8
1778399460470543,400085635,2568,157.224487,54,-497.895,209.046,255,8
1778399460470923,400095578,2578,157.836731,53,-490.840,199.941,255,8
1778399460484795,400105541,2587,158.387756,53,-492.740,195.211,255,8
1778399460485239,400115474,2596,158.938782,52,-485.262,186.870,255,8
1778399460531931,400125438,2606,159.551025,52,-487.232,181.674,255,8
1778399460532382,400135373,2615,160.102051,52,-488.956,176.980,255,8
1778399460532792,400145333,2625,160.714279,53,-500.258,175.048,255,8
1778399460533160,400155265,2634,161.265305,54,-511.389,173.441,255,8
1778399460533737,400165229,2644,161.877548,55,-522.717,171.077,255,8
1778399460548072,400175165,2653,162.428574,55,-524.338,166.042,255,8
1778399460559655,400185123,2663,163.040817,56,-535.647,163.347,255,8
1778399460604442,400195059,2672,163.591827,55,-527.601,155.363,255,8
1778399460605076,400205019,2682,164.204086,54,-519.608,146.994,255,8
1778399460605438,400214955,2691,164.755112,51,-492.054,134.102,255,8
1778399460605744,400224916,2701,165.367355,50,-483.783,126.310,255,8
1778399460606343,400234853,2710,165.918365,50,-484.975,121.652,255,8
1778399460620050,400244816,2720,166.530609,56,-544.597,130.438,255,8
1778399460664706,400254750,2729,167.081635,58,-565.320,129.666,255,8
1778399460665121,400264714,2738,167.632660,60,-586.077,128.507,255,8
1778399460665599,400274655,2748,168.244904,61,-597.207,124.275,255,8
1778399460665987,400284618,2757,168.795914,63,-617.993,122.412,255,8
1778399460666403,400294552,2766,169.346939,62,-609.314,114.614,255,8
1778399460681336,400304514,2775,169.897964,58,-571.008,101.733,255,8
1778399460682219,400314452,2784,170.448975,57,-562.099,94.578,255,8
1778399460698641,400324403,2794,171.061234,58,-572.956,90.120,255,8
1778399460746724,400334342,2803,171.612244,58,-573.796,84.606,255,8
1778399460747150,400344304,2812,172.163254,59,-584.490,80.447,255,8
1778399460747543,400354236,2822,172.775513,60,-595.237,75.454,255,8
1778399460747881,400364193,2831,173.326538,60,-595.935,69.726,255,8
1778399460748255,400374122,2840,173.877548,69,-686.064,73.591,255,8
1778399460803022,400384084,2849,174.428574,78,-776.315,75.728,255,8
1778399460803588,400394009,2858,174.979584,81,-806.892,70.884,255,8
1778399460804026,400403958,2868,175.591827,79,-787.663,60.720,255,8
1778399460804372,400413894,2877,176.142853,76,-758.279,51.125,255,8
1778399460804867,400423853,2886,176.693878,75,-748.752,43.253,255,8
1778399460805238,400433788,2895,177.244904,69,-689.202,33.166,255,8
1778399460819946,400443749,2904,177.795929,64,-639.527,24.614,255,8
1778399460820906,400453681,2913,178.346939,65,-649.729,18.751,255,8
1778399460861982,400463638,2922,178.897949,69,-689.872,13.271,255,8
1778399460862373,400473573,2931,179.448975,83,-829.962,7.982,255,8
1778399460862796,400483521,2940,180.000000,102,-1020.000,0.000,255,8
1778399460863164,400493457,2950,180.612259,123,-1229.930,-13.143,255,8
1778399460876431,400503421,2959,181.163269,146,-1459.699,-29.640,255,8
1778399460887660,400513351,2968,181.714294,164,-1639.266,-49.062,255,8
1778399460933734,400523318,2977,182.265305,176,-1758.625,-69.567,255,8
1778399460934237,400533260,2986,182.816315,188,-1877.729,-92.372,255,8
1778399460934642,400543218,2995,183.367355,198,-1976.581,-116.300,255,8
1778399460934940,400553153,3004,183.918365,202,-2015.278,-138.037,255,8
1778399460935293,400563117,3013,184.469391,204,-2033.797,-158.970,255,8
1778399460948887,400573051,3022,185.020416,204,-2032.174,-178.522,255,8
1778399460949470,400583014,3030,185.510208,205,-2040.527,-196.847,255,8
1778399460994450,400592950,3040,186.122452,205,-2038.307,-218.640,255,8
1778399460994974,400602915,3048,186.612244,206,-2046.297,-237.208,255,8
1778399460995527,400612852,3057,187.163254,206,-2043.921,-256.876,255,8
1778399460996015,400622816,3066,187.714294,206,-2041.356,-276.521,255,8
1778399461009760,400632754,3075,188.265305,206,-2038.603,-296.139,255,8
1778399461010229,400642720,3084,188.816330,204,-2015.897,-312.666,255,8
1778399461054891,400652660,3093,189.367340,199,-1963.464,-323.899,255,8
1778399461055284,400662621,3102,189.918365,192,-1891.304,-330.710,255,8
1778399461055738,400672556,3111,190.469391,196,-1927.370,-356.152,255,8
1778399461056080,400682517,3120,191.020401,197,-1933.672,-376.582,255,8
1778399461069933,400692436,3128,191.510193,185,-1812.795,-369.153,255,8
1778399461070338,400702396,3138,192.122452,134,-1310.119,-281.402,255,8
1778399461127010,400712349,3146,192.612244,83,-809.972,-181.232,255,8
1778399461127568,400722305,3155,193.163269,75,-730.294,-170.795,255,8
1778399461127957,400732240,3164,193.714279,75,-728.618,-177.810,255,8
1778399461128303,400742202,3173,194.265289,89,-862.557,-219.307,255,8
1778399461128651,400752115,3182,194.816330,108,-1044.091,-276.179,255,8
1778399461128991,400762074,3191,195.367340,112,-1079.956,-296.807,255,8
1778399461177991,400772002,3200,195.918381,112,-1077.052,-307.180,255,8
1778399461178490,400781959,3208,196.408173,112,-1074.387,-316.376,255,8
1778399461178849,400791892,3217,196.959183,111,-1061.729,-323.776,255,8
1778399461179227,400801850,3226,197.510208,112,-1068.103,-336.981,255,8
1778399461179550,400811780,3235,198.061218,113,-1074.320,-350.337,255,8
1778399461193520,400821737,3244,198.612228,113,-1070.901,-360.653,255,8
1778399461232558,400831673,3253,199.163269,111,-1048.492,-364.370,255,8
1778399461232931,400841630,3262,199.714279,109,-1026.111,-367.690,255,8
1778399461233281,400851563,3271,200.265320,110,-1031.909,-381.005,255,8
1778399461233596,400861517,3280,200.816330,110,-1028.197,-390.911,255,8
1778399461246231,400871447,3289,201.367355,111,-1033.703,-404.424,255,8
1778399461246611,400881401,3298,201.918365,111,-1029.765,-414.347,255,8
1778399461257488,400891333,3307,202.469376,110,-1016.492,-420.409,255,8
1778399461306962,400901287,3316,203.020416,110,-1012.402,-430.165,255,8
1778399461307379,400911218,3325,203.571426,111,-1017.384,-443.880,255,8
1778399461307757,400921177,3334,204.122452,111,-1013.068,-453.644,255,8
1778399461308097,400931107,3343,204.673462,111,-1008.659,-463.365,255,8
1778399461308390,400941068,3352,205.224487,112,-1013.202,-477.306,255,8
1778399461356538,400950997,3361,205.775513,113,-1017.570,-491.376,255,8
1778399461357075,400960958,3370,206.326523,114,-1021.761,-505.574,255,8
1778399461357378,400970887,3379,206.877563,115,-1025.771,-519.898,255,8
1778399461357737,400980846,3389,207.489792,115,-1020.157,-530.829,255,8
1778399461358066,400990777,3398,208.040817,117,-1032.657,-550.018,255,8
1778399461407733,401000742,3407,208.591827,117,-1027.320,-559.923,255,8
1778399461408473,401010675,3416,209.142868,114,-995.685,-555.167,255,8
1778399461408938,401020655,3426,209.755096,97,-842.110,-481.405,255,8
1778399461409260,401030587,3435,210.306122,81,-699.307,-408.742,255,8
1778399461409628,401040545,3444,210.857147,76,-652.421,-389.804,255,8
1778399461423239,401050480,3453,211.408157,76,-648.642,-396.060,255,8
1778399461424566,401060446,3463,212.020401,76,-644.373,-402.968,255,8
1778399461440543,401070381,3472,212.571442,76,-640.468,-409.147,255,8
1778399461450232,401080344,3481,213.122452,75,-628.128,-409.823,255,8
1778399461494658,401090283,3490,213.673462,75,-624.158,-415.844,255,8
1778399461495076,401100241,3500,214.285706,75,-619.679,-422.490,255,8
1778399461495486,401110178,3509,214.836746,75,-615.587,-428.430,255,8
1778399461495949,401120135,3518,215.387756,75,-611.439,-434.330,255,8
1778399461496253,401130070,3528,216.000015,75,-606.763,-440.839,255,8
1778399461510710,401140026,3537,216.551025,75,-602.495,-446.654,255,8
1778399461549361,401149961,3546,217.102036,75,-598.172,-452.427,255,8
1778399461549761,401159920,3555,217.653061,75,-593.793,-458.159,255,8
1778399461550117,401169856,3564,218.204071,75,-589.360,-463.848,255,8
1778399461550454,401179820,3574,218.816330,75,-584.370,-470.119,255,8
1778399461564775,401189749,3583,219.367340,76,-587.552,-482.060,255,8
1778399461565133,401199707,3592,219.918365,76,-582.889,-487.689,255,8
1778399461573113,401209647,3601,220.469391,76,-578.172,-493.272,255,8
1778399461583667,401219610,3611,221.081635,77,-580.406,-505.993,255,8
1778399461638842,401229545,3620,221.632645,79,-590.462,-524.838,255,8
1778399461639281,401239506,3629,222.183685,80,-592.797,-537.208,255,8
1778399461639626,401249444,3638,222.734695,81,-594.948,-549.670,255,8
1778399461640022,401259403,3648,223.346939,81,-589.041,-555.996,255,8
1778399461640482,401269336,3657,223.897949,82,-590.872,-568.568,255,8
1778399461644328,401279291,3666,224.448990,82,-585.377,-574.225,255,8
1778399461657260,401289225,3675,225.000000,82,-579.828,-579.828,255,8
1778399461698275,401299183,3684,225.551010,84,-588.230,-599.654,255,8
1778399461698660,401309115,3694,226.163269,86,-595.641,-620.332,255,8
1778399461698994,401319081,3703,226.714294,87,-596.504,-633.311,255,8
1778399461699358,401329009,3712,227.265305,87,-590.386,-639.018,255,8
1778399461712753,401338980,3721,227.816315,89,-597.644,-659.486,255,8
1778399461713098,401348916,3730,228.367355,93,-617.848,-695.100,255,8
1778399461723826,401358879,3739,228.918365,95,-624.277,-716.085,255,8
1778399461777538,401368814,3748,229.469391,96,-623.860,-729.657,255,8
1778399461777962,401378780,3758,230.081635,96,-616.028,-736.281,255,8
1778399461778289,401388714,3767,230.632660,96,-608.918,-742.171,255,8
1778399461778625,401398679,3776,231.183670,94,-589.216,-732.410,255,8
1778399461778975,401408622,3785,231.734680,92,-569.760,-722.339,255,8
1778399461780904,401418580,3794,232.285721,92,-562.786,-727.785,255,8
1778399461792685,401428524,3803,232.836731,92,-555.761,-733.164,255,8
1778399461833992,401438491,3812,233.387756,93,-554.649,-746.502,255,8
1778399461834647,401448425,3821,233.938766,95,-559.217,-767.969,255,8
1778399461835002,401458395,3830,234.489807,98,-569.231,-797.732,255,8
1778399461835424,401468315,3839,235.040817,100,-572.993,-819.560,255,8
1778399461847942,401478281,3848,235.591827,99,-559.434,-816.783,255,8
1778399461858261,401488226,3857,236.142868,100,-557.124,-830.429,255,8
1778399461862231,401498197,3866,236.693878,102,-560.094,-852.464,255,8
1778399461912404,401508138,3876,237.306122,104,-561.756,-875.231,255,8
1778399461912891,401518103,3884,237.795914,105,-559.583,-888.463,255,8
1778399461913253,401528041,3894,238.408173,105,-550.058,-894.392,255,8
1778399461913564,401538007,3903,238.959183,105,-541.431,-899.640,255,8
1778399461913879,401547946,3912,239.510208,106,-537.828,-913.423,255,8
1778399461927240,401557919,3921,240.061218,106,-529.019,-918.553,255,8
1778399461968168,401567856,3930,240.612244,106,-520.161,-923.598,255,8
1778399461968652,401577827,3939,241.163269,105,-506.431,-919.798,255,8
1778399461969059,401587770,3948,241.714279,112,-530.733,-986.267,255,8
1778399461969461,401597743,3956,242.204071,131,-610.884,-1158.844,255,8
1778399461969778,401607680,3965,242.755112,195,-892.699,-1733.663,255,8
1778399461987468,401617639,3974,243.306122,230,-1033.214,-2054.865,255,8
1778399461988782,401627580,3983,243.857147,252,-1110.339,-2262.200,255,8
1778399462001857,401637533,3992,244.408157,264,-1140.367,-2381.000,255,8
1778399462008542,401647480,4001,244.959183,271,-1147.045,-2455.278,255,8
1778399462054909,401657437,4010,245.510208,273,-1131.670,-2484.396,255,8
1778399462055305,401667380,4019,246.061218,276,-1119.898,-2522.583,255,8
1778399462055724,401677339,4028,246.612259,278,-1103.525,-2551.594,255,8
1778399462056105,401687287,4036,247.102051,278,-1081.673,-2560.934,255,8
1778399462069673,401697246,4045,247.653061,275,-1045.589,-2543.471,255,8
1778399462070180,401707192,4054,248.204086,273,-1013.653,-2534.839,255,8
1778399462111757,401717150,4063,248.755096,271,-981.982,-2525.829,255,8
1778399462112237,401727093,4072,249.306107,271,-957.647,-2535.155,255,8
1778399462112598,401737050,4081,249.857147,268,-922.890,-2516.083,255,8
1778399462112938,401746992,4090,250.408157,265,-888.591,-2496.579,255,8
1778399462127708,401756945,4098,250.897949,265,-867.217,-2504.084,255,8
1778399462128161,401766886,4107,251.448990,263,-836.731,-2493.347,255,8
1778399462139147,401776840,4116,252.000000,261,-806.534,-2482.258,255,8
1778399462150340,401786787,4125,252.551025,259,-776.628,-2470.820,255,8
1778399462200675,401796742,4134,253.102036,257,-747.017,-2459.037,255,8
1778399462201149,401806684,4142,253.591827,254,-717.495,-2436.555,255,8
1778399462201537,401816642,4151,254.142868,253,-691.296,-2433.723,255,8
1778399462201913,401826584,4160,254.693878,251,-662.580,-2420.968,255,8
1778399462202270,401835538,4169,255.244888,249,-634.174,-2407.888,255,8
1778399462218035,401846479,4178,255.795929,246,-603.626,-2384.793,255,8
1778399462218548,401856436,4187,256.346924,245,-578.304,-2380.770,255,8
1778399462268498,401866383,4196,256.897980,237,-537.245,-2308.304,255,8
1778399462269000,401876346,4204,257.387756,195,-425.786,-1902.947,255,8
1778399462269436,401886285,4213,257.938782,185,-386.570,-1809.161,255,8
1778399462269842,401896253,4222,258.489807,184,-367.158,-1802.996,255,8
1778399462270244,401906194,4231,259.040802,187,-355.506,-1835.896,255,8
1778399462283998,401916156,4239,259.530609,171,-310.724,-1681.532,255,8
1778399462285738,401926084,4248,260.081635,144,-248.033,-1418.478,255,8
1778399462295711,401936060,4257,260.632660,132,-214.848,-1302.398,255,8
1778399462348309,401945988,4266,261.183655,128,-196.183,-1264.876,255,8
1778399462348725,401955966,4274,261.673492,126,-182.466,-1246.718,255,8
1778399462349145,401965896,4283,262.224487,121,-163.703,-1198.875,255,8
1778399462349456,401975874,4292,262.775513,121,-152.166,-1200.394,255,8
1778399462349860,401985805,4301,263.326538,125,-145.263,-1241.531,255,8
1778399462365589,401995778,4309,263.816315,126,-135.723,-1252.669,255,8
1778399462366109,402005713,4318,264.367340,124,-121.706,-1234.013,255,8
1778399462407471,402015687,4327,264.918365,123,-108.947,-1225.165,255,8
1778399462407946,402025622,4336,265.469391,123,-97.160,-1226.157,255,8
1778399462408346,402035597,4344,265.959167,123,-86.675,-1226.942,255,8
1778399462408682,402045528,4353,266.510223,122,-74.262,-1217.738,255,8
1778399462422369,402055500,4362,267.061218,122,-62.548,-1218.396,255,8
1778399462426318,402065432,4371,267.612244,122,-50.828,-1218.941,255,8
1778399462478379,402075405,4380,268.163269,121,-38.782,-1209.378,255,8
1778399462478964,402085334,4388,268.653046,120,-28.208,-1199.668,255,8
1778399462479450,402095307,4397,269.204102,120,-16.669,-1199.884,255,8
1778399462479870,402105237,4406,269.755096,121,-5.172,-1209.989,255,8
1778399462480242,402115208,4414,270.244904,121,5.172,-1209.989,255,8
1778399462495051,402125138,4423,270.795898,121,16.808,-1209.883,255,8
1778399462495515,402135103,4432,271.346954,116,27.268,-1159.679,255,8
1778399462538591,402145043,4441,271.897949,102,33.782,-1019.440,255,8
1778399462539112,402155031,4450,272.448975,90,38.457,-899.178,255,8
1778399462539633,402164972,4458,272.938782,86,44.091,-858.869,255,8
1778399462540100,402174935,4467,273.489777,86,52.349,-858.405,255,8
1778399462558051,402184872,4476,274.040833,86,60.602,-857.862,255,8
1778399462558583,402194841,4485,274.591827,87,69.649,-867.208,255,8
1778399462574272,402204779,4494,275.142853,94,84.261,-936.216,255,8
1778399462574844,402214741,4502,275.632660,98,96.187,-975.268,255,8
1778399462613402,402224655,4511,276.183685,99,106.639,-984.240,255,8
1778399462613921,402234621,4520,276.734680,99,116.099,-983.169,255,8
1778399462614291,402244579,4529,277.285706,99,125.549,-982.007,255,8
1778399462614593,402254542,4538,277.836731,98,133.624,-970.847,255,8
1778399462628633,402264478,4547,278.387756,90,131.284,-890.373,255,8
1778399462693994,402274449,4556,278.938782,78,121.196,-770.527,255,8
1778399462694548,402288363,4568,279.673462,65,109.221,-640.758,255,8
1778399462694920,402298331,4577,280.224487,50,88.753,-492.060,255,8
1778399462695461,402308265,4586,280.775513,47,87.872,-461.713,255,8
1778399462695897,402318236,4595,281.326538,47,92.308,-460.846,255,8
1778399462696299,402328177,4604,281.877563,47,96.736,-459.937,255,8
1778399462696774,402338138,4612,282.367340,48,102.806,-468.861,255,8
1778399462711245,402348070,4622,282.979584,52,116.794,-506.714,255,8
1778399462717932,402358035,4630,283.469391,55,128.109,-534.872,255,8
1778399462763497,402369966,4641,284.142853,61,149.048,-591.511,255,8
1778399462763879,402379906,4650,284.693878,60,152.193,-580.377,255,8
1778399462764223,402389865,4659,285.244904,60,157.767,-578.886,255,8
1778399462764549,402399795,4668,285.795929,61,166.049,-586.965,255,8
1778399462778037,402409761,4676,286.285706,72,201.908,-691.110,255,8
1778399462778524,402419703,4685,286.836731,86,249.095,-823.135,255,8
1778399462827121,402429666,4694,287.387756,86,257.000,-820.702,255,8
1778399462827546,402439607,4703,287.938782,84,258.721,-799.164,255,8
1778399462827881,402449575,4712,288.489807,82,260.051,-777.672,255,8
1778399462828291,402459517,4721,289.040802,80,260.993,-756.229,255,8
1778399462828604,402469480,4730,289.591827,80,268.254,-753.684,255,8
1778399462842450,402479420,4739,290.142853,80,275.490,-751.070,255,8
1778399462848875,402489376,4748,290.693878,80,282.700,-748.385,255,8
1778399462901505,402499318,4757,291.244904,79,286.261,-736.312,255,8
1778399462901953,402509278,4766,291.795898,79,293.328,-733.525,255,8
1778399462902516,402519214,4774,292.285736,80,303.381,-740.243,255,8
1778399462903112,402529176,4783,292.836731,80,310.485,-737.292,255,8
1778399462903615,402539115,4792,293.387756,82,325.500,-752.628,255,8
1778399462905407,402549067,4801,293.938782,83,336.781,-758.603,255,8
1778399462919017,402559006,4810,294.489777,84,348.206,-764.430,255,8
1778399462960351,402568966,4819,295.040833,84,355.542,-761.045,255,8
1778399462960835,402578901,4828,295.591827,83,358.524,-748.572,255,8
1778399462961416,402588863,4837,296.142853,83,365.707,-745.090,255,8
1778399462961797,402598801,4846,296.693878,73,327.933,-652.196,255,8
1778399462977053,402608763,4854,297.183685,70,319.791,-622.683,255,8
1778399462977551,402618703,4863,297.734680,71,330.418,-628.430,255,8
1778399463017365,402628663,4872,298.285706,81,383.834,-713.282,255,8
1778399463017991,402638601,4881,298.836731,85,409.968,-744.598,255,8
1778399463018621,402648560,4890,299.387756,86,422.017,-749.334,255,8
1778399463019155,402658493,4899,299.938782,87,434.195,-753.906,255,8
1778399463033235,402668451,4908,300.489777,87,441.425,-749.696,255,8
1778399463034033,402678378,4917,301.040833,89,458.927,-762.552,255,8
1778399463049857,402688335,4926,301.591827,89,466.239,-758.103,255,8
1778399463095332,402698269,4934,302.081635,89,472.703,-754.090,255,8
1778399463095771,402708227,4943,302.632660,89,479.933,-749.509,255,8
1778399463096242,402718160,4952,303.183655,88,481.646,-736.490,255,8
1778399463096658,402728117,4961,303.734711,87,483.153,-723.508,255,8
1778399463097043,402738045,4970,304.285706,87,490.088,-718.828,255,8
1778399463111409,402748004,4979,304.836731,85,485.554,-697.666,255,8
1778399463156662,402757935,4988,305.387756,87,503.823,-709.269,255,8
1778399463157230,402767896,4997,305.938782,87,510.621,-704.391,255,8
1778399463157729,402777825,5006,306.489807,87,517.371,-699.448,255,8
1778399463158086,402787779,5015,307.040802,87,524.074,-694.440,255,8
1778399463158516,402797713,5024,307.591858,87,530.728,-689.367,255,8
1778399463173146,402807683,5032,308.081635,87,536.602,-684.806,255,8
1778399463173547,402817624,5042,308.693878,86,537.637,-671.228,255,8
1778399463189561,402827589,5050,309.183685,85,537.037,-658.856,255,8
1778399463232489,402837525,5059,309.734680,84,536.956,-645.971,255,8
1778399463232877,402847488,5068,310.285706,82,530.212,-625.520,255,8
1778399463233272,402857420,5077,310.836731,81,529.664,-612.827,255,8
1778399463233636,402867376,5086,311.387756,81,535.533,-607.704,255,8
1778399463233934,402877313,5095,311.938782,80,534.669,-595.087,255,8
1778399463247762,402887278,5104,312.489807,79,533.613,-582.544,255,8
1778399463289447,402897213,5113,313.040802,78,532.365,-570.077,255,8
1778399463289835,402907171,5122,313.591827,76,524.032,-550.445,255,8
1778399463290176,402917108,5131,314.142853,69,480.550,-495.148,255,8
1778399463290552,402927067,5140,314.693878,68,478.257,-483.395,255,8
1778399463291481,402937005,5149,315.244904,70,497.086,-492.855,255,8
1778399463304887,402946959,5158,315.795898,73,523.308,-508.968,255,8
1778399463348318,402956899,5167,316.346954,73,528.179,-503.911,255,8
1778399463348854,402966865,5176,316.897949,72,525.699,-491.976,255,8
1778399463349300,402976802,5185,317.448975,72,530.406,-486.898,255,8
1778399463349620,402986762,5194,318.000000,71,527.633,-475.083,255,8
1778399463350798,402996696,5203,318.551025,71,532.177,-469.986,255,8
1778399463364066,403006656,5212,319.102051,70,529.114,-458.300,255,8
1778399463370690,403016591,5221,319.653046,69,525.875,-446.716,255,8
1778399463380481,403026559,5230,320.204102,69,530.147,-441.638,255,8
1778399463425777,403036499,5239,320.755096,68,526.625,-430.193,255,8
1778399463426185,403046459,5248,321.306122,68,530.738,-425.108,255,8
1778399463426636,403056389,5256,321.795929,64,502.920,-395.817,255,8
1778399463427098,403066349,5266,322.408142,56,443.731,-341.618,255,8
1778399463440679,403076282,5274,322.897980,51,406.757,-307.650,255,8
1778399463441216,403086236,5284,323.510193,50,401.981,-297.340,255,8
1778399463453104,403096167,5292,324.000000,50,404.508,-293.893,255,8
1778399463459702,403106120,5301,324.551025,50,407.316,-289.989,255,8
1778399463506861,403116053,5310,325.102051,50,410.086,-286.058,255,8
1778399463507280,403126005,5319,325.653076,50,412.818,-282.101,255,8
1778399463507658,403135943,5328,326.204071,50,415.512,-278.118,255,8
1778399463507980,403145901,5337,326.755096,50,418.167,-274.109,255,8
1778399463509151,403155835,5346,327.306122,50,420.784,-270.075,255,8
1778399463523145,403165801,5355,327.857147,50,423.362,-266.016,255,8
1778399463565701,403175740,5364,328.408173,51,434.419,-267.171,255,8
1778399463566059,403185701,5373,328.959167,54,462.672,-278.450,255,8
1778399463566513,403195636,5382,329.510223,59,508.415,-299.357,255,8
1778399463566927,403205602,5391,330.061218,60,519.935,-299.445,255,8
1778399463580052,403215538,5400,330.612244,61,531.504,-299.338,255,8
1778399463580544,403225500,5409,331.163269,60,525.599,-289.389,255,8
1778399463595816,403235438,5418,331.714294,60,528.357,-284.321,255,8
1778399463610641,403245400,5427,332.265320,60,531.067,-279.227,255,8
1778399463611116,403255334,5436,332.816315,60,533.728,-274.107,255,8
1778399463654989,403265291,5444,333.306122,60,536.052,-269.534,255,8
1778399463655441,403275225,5454,333.918365,59,529.919,-259.394,255,8
1778399463655918,403285183,5462,334.408173,59,532.118,-254.855,255,8
1778399463656209,403295115,5471,334.959167,59,534.544,-249.726,255,8
1778399463657653,403305083,5480,335.510223,58,527.820,-240.428,255,8
1778399463672152,403315015,5489,336.061218,58,530.108,-235.341,255,8
1778399463714014,403324971,5498,336.612244,58,532.347,-230.232,255,8
1778399463714420,403334902,5507,337.163269,58,534.536,-225.102,255,8
1778399463714730,403344866,5516,337.714264,58,536.676,-219.951,255,8
1778399463715141,403354795,5525,338.265320,57,529.478,-211.076,255,8
1778399463717039,403364750,5534,338.816315,57,531.483,-205.975,255,8
1778399463731550,403374681,5542,339.306122,57,533.225,-201.424,255,8
1778399463769899,403384635,5551,339.857147,57,535.137,-196.286,255,8
1778399463770416,403394570,5560,340.408173,56,527.579,-187.778,255,8
1778399463770766,403404528,5569,340.959198,56,529.360,-182.695,255,8
1778399463771072,403414457,5578,341.510193,56,531.093,-177.596,255,8
1778399463785036,403424411,5587,342.061218,56,532.776,-172.480,255,8
1778399463786322,403434346,5596,342.612244,56,534.410,-167.349,255,8
1778399463804732,403444299,5605,343.163269,56,535.995,-162.201,255,8
1778399463806130,403454231,5614,343.714294,56,537.530,-157.039,255,8
1778399463843679,403464194,5622,344.204071,55,529.231,-149.717,255,8
1778399463844252,403474128,5631,344.755096,55,530.646,-144.620,255,8
1778399463844665,403484079,5640,345.306122,55,532.012,-139.510,255,8
1778399463845715,403494010,5649,345.857147,55,533.329,-134.387,255,8
1778399463859918,403503965,5658,346.408142,55,534.597,-129.252,255,8
1778399463901088,403513892,5667,346.959198,55,535.815,-124.105,255,8
1778399463901679,403523841,5676,347.510193,55,536.984,-118.946,255,8
1778399463902118,403533770,5685,348.061218,55,538.103,-113.777,255,8
1778399463902518,403543727,5694,348.612244,54,529.369,-106.622,255,8
1778399463916154,403553654,5702,349.102020,54,530.261,-102.093,255,8
1778399463916609,403563610,5711,349.653076,54,531.219,-96.988,255,8
1778399463961948,403573535,5720,350.204071,54,532.127,-91.875,255,8
1778399463962374,403583493,5729,350.755127,54,532.986,-86.753,255,8
1778399463962737,403593422,5738,351.306122,54,533.795,-81.624,255,8
1778399463963059,403603376,5747,351.857147,54,534.556,-76.486,255,8
1778399463964555,403613305,5756,352.408173,54,535.267,-71.342,255,8
1778399463979542,403623254,5764,352.897949,54,535.857,-66.764,255,8
1778399463987767,403633191,5773,353.448975,53,526.539,-60.467,255,8
1778399463999628,403643143,5782,354.000000,53,527.097,-55.400,255,8
1778399464036881,403653083,5791,354.551025,53,527.605,-50.328,255,8
1778399464037324,403663039,5800,355.102051,53,528.065,-45.252,255,8
1778399464037710,403672971,5809,355.653076,53,528.475,-40.172,255,8
1778399464038046,403682937,5818,356.204071,53,528.837,-35.088,255,8
1778399464093056,403692876,5827,356.755096,53,529.150,-30.000,255,8
1778399464093506,403702836,5836,357.306122,53,529.414,-24.910,255,8
1778399464093974,403712775,5844,357.795898,53,529.608,-20.383,255,8
1778399464094395,403722735,5853,358.346954,53,529.779,-15.289,255,8
1778399464094820,403732669,5862,358.897949,53,529.902,-10.194,255,8
1778399464095242,403742627,5871,359.448975,53,529.975,-5.097,255,8
1778399464110527,403752561,0,0.000000,53,530.000,0.000,255,8
1778399464152423,403762522,9,0.551020,53,529.975,5.097,255,8
1778399464153001,403772463,18,1.102041,53,529.902,10.194,255,8
1778399464153492,403782421,26,1.591837,52,519.799,14.445,255,8
1778399464153785,403792366,35,2.142857,53,529.629,19.817,255,8
1778399464154092,403802326,44,2.693878,53,529.414,24.910,255,8
1778399464167664,403812266,53,3.244898,53,529.150,30.000,255,8
1778399464179926,403822231,62,3.795918,53,528.837,35.087,255,8
1778399464235018,403832165,70,4.285714,53,528.518,39.607,255,8
1778399464235747,403842127,79,4.836735,53,528.113,44.688,255,8
1778399464236225,403852066,88,5.387755,53,527.658,49.765,255,8
1778399464236785,403862026,97,5.938776,53,527.156,54.837,255,8
1778399464237249,403871968,106,6.489796,53,526.604,59.904,255,8
1778399464237633,403881932,115,7.040816,53,526.003,64.965,255,8
1778399464251584,403891869,123,7.530612,52,515.515,68.149,255,8
1778399464252127,403901834,132,8.081633,52,514.836,73.104,255,8
1778399464295416,403911777,141,8.632653,52,514.109,78.051,255,8
1778399464295831,403921737,150,9.183674,52,513.335,82.992,255,8
1778399464296233,403931674,158,9.673470,52,512.606,87.377,255,8
1778399464296611,403941637,167,10.224489,52,511.742,92.303,255,8
1778399464309888,403951577,176,10.775511,52,510.831,97.220,255,8
1778399464311017,403961542,185,11.326530,52,509.872,102.128,255,8
1778399464330809,403971484,193,11.816327,52,508.981,106.483,255,8
1778399464331471,403981444,202,12.367347,52,507.933,111.373,255,8
1778399464373321,403991382,211,12.918367,52,506.839,116.253,255,8
1778399464373787,404001344,219,13.408163,53,515.554,122.900,255,8
1778399464374144,404011284,228,13.959184,53,514.348,127.852,255,8
1778399464374412,404021243,237,14.510203,53,513.095,132.793,255,8
1778399464388081,404031181,245,15.000000,53,511.941,137.174,255,8
1778399464430441,404041144,254,15.551020,53,510.598,142.091,255,8
1778399464430943,404051078,262,16.040817,53,509.364,146.451,255,8
1778399464431526,404061043,271,16.591837,53,507.933,151.342,255,8
1778399464432011,404070983,280,17.142857,53,506.454,156.220,255,8
1778399464432409,404080946,288,17.632652,53,505.100,160.544,255,8
1778399464447386,404090887,297,18.183674,53,503.532,165.394,255,8
1778399464458613,404100852,305,18.673470,53,502.100,169.692,255,8
1778399464459489,404110792,314,19.224491,53,500.445,174.513,255,8
1778399464471763,404120754,322,19.714287,53,498.935,178.785,255,8
1778399464510802,404130691,331,20.265305,53,497.192,183.575,255,8
1778399464511255,404140654,340,20.816326,53,495.404,188.348,255,8
1778399464511649,404150589,348,21.306122,53,493.776,192.576,255,8
1778399464512118,404160552,356,21.795919,53,492.112,196.790,255,8
1778399464527008,404170484,365,22.346939,54,499.445,205.316,255,8
1778399464528706,404180446,373,22.836735,54,497.672,209.578,255,8
1778399464572705,404190390,382,23.387754,54,495.633,214.354,255,8
1778399464573091,404200349,390,23.877550,54,493.783,218.583,255,8
1778399464573386,404210282,399,24.428574,54,491.658,223.322,255,8
1778399464573750,404220246,408,24.979591,54,489.487,228.040,255,8
1778399464588591,404230184,416,25.469387,54,487.520,232.216,255,8
1778399464588966,404240147,425,26.020407,54,485.264,236.893,255,8
1778399464599393,404250090,433,26.510202,54,483.222,241.033,255,8
1778399464610878,404260056,442,27.061226,54,480.881,245.669,255,8
1778399464654712,404269992,450,27.551022,54,478.764,249.771,255,8
1778399464655272,404279957,459,28.102039,54,476.339,254.363,255,8
1778399464655986,404289896,467,28.591835,54,474.148,258.426,255,8
1778399464656653,404299859,476,29.142859,54,471.640,262.974,255,8
1778399464657416,404309788,484,29.632654,55,478.067,271.941,255,8
1778399464672520,404319761,492,30.122450,55,475.725,276.017,255,8
1778399464719816,404329701,501,30.673470,55,473.049,280.580,255,8
1778399464720553,404339663,509,31.163263,55,470.633,284.613,255,8
1778399464721128,404349601,518,31.714287,55,467.874,289.126,255,8
1778399464721633,404359570,526,32.204082,55,465.385,293.115,255,8
1778399464722086,404369507,535,32.755100,56,470.955,302.988,255,8
1778399464737606,404379469,543,33.244896,56,468.348,307.002,255,8
1778399464738048,404389409,551,33.734692,56,465.706,310.995,255,8
1778399464750441,404399373,560,34.285713,56,462.694,315.459,255,8
1778399464796774,404409314,568,34.775509,56,459.980,319.403,255,8
1778399464797311,404419279,576,35.265305,56,457.233,323.323,255,8
1778399464797705,404429219,585,35.816326,56,454.102,327.706,255,8
1778399464798076,404439188,593,36.306122,57,459.343,337.497,255,8
1778399464798525,404449123,602,36.857143,57,456.076,341.898,255,8
1778399464859262,404459087,610,37.346939,57,453.137,345.785,255,8
1778399464859684,404469023,618,37.836735,57,450.164,349.646,255,8
1778399464860264,404478990,626,38.326530,57,447.159,353.481,255,8
1778399464860680,404488925,635,38.877552,58,451.524,364.042,255,8
1778399464861123,404498890,643,39.367348,58,448.395,367.888,255,8
1778399464861695,404508825,650,39.795918,58,445.631,371.232,255,8
1778399464876596,404518789,654,40.040817,57,436.384,366.700,255,8
1778399464877096,404528720,656,40.163265,57,435.600,367.632,255,8
1778399464890504,404538683,656,40.163265,57,435.600,367.632,255,8
1778399464931306,404548624,656,40.163265,57,435.600,367.632,255,8
1778399464931697,404558586,656,40.163265,57,435.600,367.632,255,8
1778399464932075,404568528,656,40.163265,57,435.600,367.632,255,8
1778399464932465,404578487,656,40.163265,57,435.600,367.632,255,8
1778399464934537,404588428,656,40.163265,57,435.600,367.632,255,8
1778399464948981,404598389,656,40.163265,57,435.600,367.632,255,8
1778399464988619,404608332,655,40.102039,57,435.992,367.166,255,8
1778399464989151,404618294,654,40.040817,58,444.040,373.133,255,8
1778399464989573,404628232,653,39.979591,58,444.439,372.659,255,8
1778399464989902,404638200,651,39.857143,58,445.234,371.708,255,8
1778399465004228,404648135,649,39.734695,58,446.027,370.755,255,8
1778399465004713,404658098,647,39.612244,58,446.819,369.801,255,8
1778399465048749,404668040,644,39.428574,58,448.002,368.367,255,8
1778399465049148,404678005,640,39.183674,57,441.821,360.131,255,8
1778399465049554,404687944,637,39.000000,57,442.973,358.713,255,8
1778399465049896,404697909,633,38.755100,57,444.502,356.816,255,8
1778399465064316,404707846,629,38.510204,57,446.023,354.913,255,8
1778399465064812,404717805,625,38.265305,57,447.536,353.003,255,8
1778399465081990,404727744,621,38.020409,57,449.041,351.087,255,8
1778399465083050,404737703,617,37.775509,57,450.538,349.164,255,8
1778399465146003,404747641,613,37.530613,57,452.026,347.236,255,8
1778399465146528,404757614,608,37.224491,56,445.912,338.766,255,8
1778399465146975,404767555,604,36.979591,56,447.356,336.857,255,8
1778399465147469,404777527,599,36.673470,56,449.149,334.462,255,8
1778399465147908,404787466,595,36.428574,56,450.575,332.539,255,8
1778399465148271,404797435,590,36.122448,56,452.345,330.127,255,8
1778399465165371,404807377,586,35.877552,56,453.752,328.191,255,8
1778399465165874,404817350,581,35.571430,56,455.499,325.762,255,8
1778399465218324,404827294,576,35.265305,56,457.233,323.323,255,8
1778399465218916,404837265,572,35.020409,56,458.611,321.366,255,8
1778399465219453,404847210,567,34.714287,56,460.321,318.911,255,8
1778399465219973,404857174,562,34.408165,56,462.018,316.447,255,8
1778399465220587,404867117,557,34.102039,56,463.703,313.974,255,8
1778399465221797,404877094,552,33.795921,56,465.373,311.492,255,8
1778399465238857,404887040,547,33.489796,55,458.691,303.484,255,8
1778399465289589,404897011,542,33.183674,55,460.306,301.029,255,8
1778399465289990,404906955,537,32.877548,55,461.908,298.565,255,8
1778399465290358,404916924,532,32.571430,55,463.497,296.093,255,8
1778399465290855,404926867,526,32.204082,55,465.385,293.115,255,8
1778399465291257,404936837,521,31.897959,55,466.945,290.624,255,8
1778399465291653,404946778,516,31.591835,55,468.491,288.125,255,8
1778399465306519,404956746,510,31.224491,55,470.329,285.116,255,8
1778399465363979,404966698,505,30.918367,55,471.845,282.599,255,8
1778399465364511,404976661,500,30.612244,55,473.348,280.074,255,8
1778399465364947,404986601,494,30.244898,54,466.495,271.996,255,8
1778399465365440,404996576,488,29.877550,54,468.230,269.000,255,8
1778399465365889,405006525,482,29.510206,54,469.945,265.992,255,8
1778399465366294,405016495,477,29.204082,54,471.359,263.478,255,8
1778399465382531,405026446,471,28.836735,54,473.039,260.450,255,8
1778399465383039,405036422,465,28.469387,54,474.699,257.412,255,8
1778399465427298,405046366,459,28.102039,54,476.339,254.363,255,8
1778399465427723,405056335,454,27.795918,54,477.692,251.815,255,8
1778399465428148,405066283,448,27.428572,54,479.296,248.747,255,8
1778399465428628,405076262,442,27.061226,54,480.881,245.669,255,8
1778399465429634,405086211,436,26.693878,54,482.446,242.581,255,8
1778399465446532,405096184,429,26.265306,54,484.247,238.965,255,8
1778399465501278,405106129,424,25.959183,54,485.517,236.375,255,8
1778399465501865,405116102,417,25.530611,54,487.272,232.736,255,8
1778399465502354,405126050,411,25.163265,54,488.754,229.608,255,8
1778399465502843,405136020,405,24.795918,54,490.216,226.469,255,8
1778399465503229,405145973,398,24.367346,53,482.787,218.670,255,8
1778399465503595,405155944,392,24.000002,53,484.179,215.570,255,8
1778399465519976,405165887,386,23.632654,53,485.551,212.462,255,8
1778399465520388,405175861,379,23.204082,53,487.127,208.824,255,8
1778399465538134,405185803,373,22.836735,53,488.456,205.696,255,8
1778399465538677,405195771,366,22.408163,53,489.981,202.037,255,8
1778399465585239,405205719,360,22.040817,53,491.266,198.892,255,8
1778399465585694,405215683,353,21.612246,53,492.740,195.211,255,8
1778399465586035,405225627,346,21.183674,53,494.186,191.520,255,8
1778399465586351,405235593,339,20.755102,53,495.605,187.818,255,8
1778399465587848,405244539,332,20.326530,53,496.996,184.106,255,8
1778399465604753,405255506,326,19.959183,53,498.166,180.916,255,8
1778399465653492,405265448,319,19.530613,53,499.505,177.185,255,8
1778399465653958,405275419,312,19.102041,53,500.817,173.443,255,8
1778399465654378,405285367,305,18.673470,53,502.100,169.692,255,8
1778399465654769,405295337,298,18.244898,53,503.355,165.932,255,8
1778399465655150,405305282,290,17.755102,53,504.755,161.623,255,8
1778399465659165,405315255,284,17.387754,53,505.781,158.384,255,8
1778399465674987,405325200,276,16.897961,53,507.117,154.054,255,8
1778399465676939,405335175,269,16.469389,52,498.665,147.422,255,8
1778399465732477,405345120,262,16.040817,52,499.754,143.687,255,8
1778399465732903,405355086,254,15.551020,52,500.964,139.410,255,8
1778399465733302,405365036,247,15.122449,52,501.993,135.659,255,8
1778399465733652,405375001,240,14.693877,52,502.993,131.900,255,8
1778399465733947,405384955,232,14.204082,52,504.102,127.596,255,8
1778399465748943,405394920,224,13.714286,52,505.175,123.282,255,8
1778399465749356,405404859,217,13.285715,52,506.083,119.500,255,8
1778399465790832,405414826,209,12.795918,52,507.086,115.169,255,8
1778399465791232,405424767,201,12.306123,52,508.052,110.830,255,8
1778399465791561,405434735,194,11.877551,52,508.867,107.027,255,8
1778399465791935,405444675,186,11.387755,52,509.763,102.673,255,8
1778399465806787,405454642,178,10.897960,52,510.622,98.311,255,8
1778399465807249,405464582,170,10.408163,52,511.444,93.943,255,8
1778399465818860,405474548,162,9.918367,52,512.228,89.567,255,8
1778399465830129,405484490,154,9.428572,52,512.975,85.185,255,8
1778399465873850,405494456,146,8.938775,52,513.685,80.797,255,8
1778399465874327,405504399,138,8.448980,52,514.356,76.403,255,8
1778399465874828,405514372,130,7.959184,52,514.991,72.003,255,8
1778399465875314,405524311,122,7.469388,52,515.588,67.598,255,8
1778399465875761,405534276,114,6.979592,52,516.147,63.188,255,8
1778399465892649,405544223,105,6.428572,52,516.730,58.222,255,8
1778399465894712,405554187,97,5.938776,52,517.209,53.802,255,8
1778399465940260,405564132,89,5.448980,52,517.650,49.379,255,8
1778399465940786,405574098,80,4.897959,52,518.101,44.398,255,8
1778399465941249,405584041,72,4.408163,52,518.462,39.968,255,8
1778399465941654,405594001,63,3.857143,52,518.822,34.980,255,8
1778399465958119,405603942,55,3.367347,52,519.102,30.543,255,8
1778399465958560,405613907,46,2.816327,52,519.372,25.550,255,8
1778399466015927,405623851,37,2.265306,52,519.594,20.554,255,8
1778399466016480,405633814,29,1.775510,52,519.750,16.111,255,8
1778399466016934,405643753,20,1.224490,52,519.881,11.112,255,8
1778399466017417,405653713,11,0.673469,52,519.964,6.112,255,8
1778399466017850,405663652,2,0.122449,52,519.999,1.111,255,8
1778399466018391,405673617,5873,359.571411,52,519.985,-3.890,255,8
1778399466070691,405683549,5864,359.020416,52,519.924,-8.890,255,8
1778399466071425,405693514,5855,358.469391,53,529.811,-14.157,255,8
1778399466071758,405703456,5846,357.918365,53,529.650,-19.251,255,8
1778399466072145,405713418,5837,357.367340,53,529.441,-24.344,255,8
1778399466072420,405723357,5828,356.816315,53,529.182,-29.435,255,8
1778399466072911,405733323,5819,356.265320,53,528.874,-34.522,255,8
1778399466087615,405743267,5809,355.653076,53,528.475,-40.172,255,8
1778399466103454,405753232,5800,355.102051,53,528.065,-45.252,255,8
1778399466103925,405763172,5791,354.551025,53,527.605,-50.328,255,8
1778399466118337,405773139,5781,353.938751,53,527.037,-55.964,255,8
1778399466167043,405783083,5772,353.387756,53,526.475,-61.029,255,8
1778399466167548,405793051,5762,352.775513,53,525.792,-66.651,255,8
1778399466167957,405802998,5753,352.224487,53,525.127,-71.705,255,8
1778399466168420,405812970,5743,351.612244,53,524.331,-77.312,255,8
1778399466168850,405822921,5734,351.061218,53,523.563,-82.351,255,8
1778399466187353,405832887,5724,350.448975,53,522.653,-87.941,255,8
1778399466187824,405842831,5714,349.836731,54,531.527,-95.285,255,8
1778399466196103,405852798,5704,349.224487,54,530.478,-100.959,255,8
1778399466254775,405862749,5694,348.612244,54,529.369,-106.622,255,8
1778399466255273,405872721,5685,348.061218,54,528.319,-111.708,255,8
1778399466255690,405882666,5675,347.448975,54,527.096,-117.347,255,8
1778399466256132,405892639,5665,346.836731,54,525.812,-122.972,255,8
1778399466256533,405902587,5655,346.224487,54,524.468,-128.584,255,8
1778399466256916,405912559,5646,345.673462,54,523.207,-133.622,255,8
1778399466273346,405922496,5636,345.061218,55,531.411,-141.783,255,8
1778399466273877,405932466,5626,344.448975,55,529.866,-147.453,255,8
1778399466326821,405942414,5616,343.836731,55,528.260,-153.106,255,8
1778399466327242,405952376,5606,343.224487,55,526.594,-158.742,255,8
1778399466327689,405962319,5596,342.612244,55,524.867,-164.360,255,8
1778399466328252,405972296,5587,342.061218,55,523.262,-169.400,255,8
1778399466328812,405982240,5577,341.448975,55,521.422,-174.982,255,8
1778399466330254,405992205,5567,340.836731,56,528.969,-183.826,255,8
1778399466346522,406002151,5557,340.224487,56,526.974,-189.468,255,8
1778399466390603,406012123,5548,339.673462,56,525.128,-194.527,255,8
1778399466391188,406022064,5538,339.061218,56,523.019,-200.127,255,8
1778399466391621,406032033,5528,338.448975,56,520.851,-205.705,255,8
1778399466392061,406041971,5518,337.836731,57,527.884,-215.031,255,8
1778399466392460,406051944,5508,337.224487,57,525.556,-220.659,255,8
1778399466407671,406061886,5498,336.612244,57,523.168,-226.263,255,8
1778399466409463,406071855,5489,336.061218,57,520.968,-231.283,255,8
1778399466462473,406081802,5479,335.448975,58,527.563,-240.992,255,8
1778399466462920,406091768,5469,334.836731,58,524.958,-246.616,255,8
1778399466463290,406101718,5460,334.285706,58,522.562,-251.653,255,8
1778399466463666,406111693,5450,333.673462,58,519.843,-257.222,255,8
1778399466464007,406121641,5440,333.061218,59,525.980,-267.293,255,8
1778399466477356,406131611,5430,332.448975,59,523.094,-272.898,255,8
1778399466478710,406141555,5420,331.836731,59,520.148,-278.472,255,8
1778399466529979,406151527,5411,331.285706,59,517.446,-283.461,255,8
1778399466530442,406161477,5401,330.673492,59,514.387,-288.974,255,8
1778399466530874,406171446,5391,330.061218,60,519.935,-299.445,255,8
1778399466531360,406181386,5381,329.448975,60,516.706,-304.983,255,8
1778399466531789,406191351,5372,328.897949,60,513.749,-309.938,255,8
1778399466546434,406201303,5362,328.285706,60,510.408,-315.410,255,8
1778399466548009,406211273,5352,327.673462,60,507.009,-320.846,255,8
1778399466602745,406221223,5342,327.061218,60,503.551,-326.246,255,8
1778399466603171,406231196,5332,326.448975,60,500.036,-331.608,255,8
1778399466603601,406241145,5323,325.897980,60,496.824,-336.401,255,8
1778399466603960,406251116,5313,325.285706,56,460.321,-318.911,255,8
1778399466604310,406261059,5303,324.673462,51,416.094,-294.900,255,8
1778399466618223,406271027,5294,324.122437,50,405.136,-293.028,255,8
1778399466618566,406280968,5284,323.510193,50,401.981,-297.340,255,8
1778399466662159,406290931,5274,322.897980,50,398.781,-301.618,255,8
1778399466662570,406300870,5264,322.285706,49,387.625,-299.745,255,8
1778399466662940,406310835,5254,321.673462,49,384.400,-303.870,255,8
1778399466663273,406320773,5245,321.122467,49,381.460,-307.552,255,8
1778399466680566,406330743,5235,320.510193,49,378.151,-311.611,255,8
1778399466681149,406340683,5225,319.897949,50,382.449,-322.076,255,8
1778399466732704,406350648,5215,319.285706,50,378.986,-326.144,255,8
1778399466733112,406360589,5206,318.734680,53,398.382,-349.560,255,8
1778399466733504,406370556,5196,318.122467,61,454.190,-407.200,255,8
1778399466733893,406380501,5186,317.510193,66,486.682,-445.803,255,8
1778399466734510,406390471,5176,316.897949,68,496.494,-464.644,255,8
1778399466736201,406400405,5167,316.346954,68,492.002,-469.397,255,8
1778399466751635,406410379,5157,315.734680,69,494.120,-481.608,255,8
1778399466757809,406420315,5148,315.183685,69,489.465,-486.337,255,8
1778399466768522,406430292,5138,314.571411,71,498.276,-505.787,255,8
1778399466812094,406440234,5128,313.959167,71,492.843,-511.083,255,8
1778399466812903,406450195,5118,313.346954,72,494.218,-523.592,255,8
1778399466813274,406460133,5109,312.795898,72,489.160,-528.321,255,8
1778399466813561,406470103,5099,312.183685,72,483.487,-533.517,255,8
1778399466815225,406480050,5089,311.571442,70,464.487,-523.690,255,8
1778399466829322,406490006,5080,311.020416,66,433.176,-497.954,255,8
1778399466874013,406499948,5070,310.408173,69,447.278,-525.398,255,8
1778399466874424,406509911,5060,309.795898,75,480.041,-576.247,255,8
1778399466874827,406519854,5051,309.244904,77,487.130,-596.326,255,8
1778399466875222,406529815,5041,308.632660,78,486.973,-609.308,255,8
1778399466875560,406539753,5032,308.081635,79,487.259,-621.835,255,8
1778399466889253,406549722,5022,307.469391,80,486.670,-634.943,255,8
1778399466901401,406559660,5012,306.857147,81,485.856,-648.108,255,8
1778399466946639,406569632,5003,306.306122,82,485.521,-660.809,255,8
1778399466947133,406579569,4993,305.693878,84,490.102,-682.203,255,8
1778399466947532,406589537,4984,305.142853,85,489.274,-695.062,255,8
1778399466947951,406599475,4974,304.530609,86,487.488,-708.488,255,8
1778399466948401,406609439,4964,303.918365,87,485.470,-721.955,255,8
1778399467004249,406619383,4955,303.367340,89,489.504,-743.294,255,8
1778399467004758,406629353,4945,302.755096,88,476.123,-740.072,255,8
1778399467005248,406639296,4936,302.204071,88,468.984,-744.617,255,8
1778399467005653,406649259,4926,301.591827,88,461.001,-749.585,255,8
1778399467006126,406659201,4916,300.979614,86,442.670,-737.321,255,8
1778399467006536,406669172,4907,300.428558,87,440.623,-750.167,255,8
1778399467019519,406679104,4897,299.816345,88,437.555,-763.509,255,8
1778399467059914,406689076,4888,299.265289,89,435.080,-776.405,255,8
1778399467060439,406699018,4878,298.653046,89,426.759,-781.010,255,8
1778399467060821,406708988,4868,298.040833,89,418.390,-785.525,255,8
1778399467061264,406718934,4859,297.489777,90,415.431,-798.384,255,8
1778399467062706,406728900,4849,296.877563,91,411.398,-811.697,255,8
1778399467077032,406738840,4840,296.326538,92,408.007,-824.579,255,8
1778399467087868,406748807,4830,295.714294,91,394.834,-819.882,255,8
1778399467132177,406758746,4821,295.163269,90,382.679,-814.590,255,8
1778399467132627,406768717,4811,294.551025,84,349.023,-764.057,255,8
1778399467133003,406778662,4801,293.938782,71,288.090,-648.925,255,8
1778399467133481,406788631,4792,293.387756,68,269.927,-624.131,255,8
1778399467134061,406798572,4782,292.775513,75,290.341,-691.522,255,8
1778399467148808,406808542,4773,292.224487,89,336.630,-823.881,255,8
1778399467195076,406818485,4763,291.612244,91,335.174,-846.025,255,8
1778399467195497,406828458,4754,291.061218,93,334.210,-867.873,255,8
1778399467195885,406838400,4744,290.448975,93,324.917,-871.395,255,8
1778399467196303,406848370,4734,289.836731,94,318.981,-884.224,255,8
1778399467196662,406858314,4725,289.285706,94,310.462,-887.250,255,8
1778399467210543,406868284,4715,288.673462,86,275.350,-814.728,255,8
1778399467211230,406878227,4706,288.122437,82,255.060,-779.323,255,8
1778399467226566,406888188,4696,287.510223,80,240.701,-762.931,255,8
1778399467272144,406898124,4686,286.897949,81,235.441,-775.027,255,8
1778399467272542,406908098,4677,286.346954,85,239.235,-815.639,255,8
1778399467272897,406918034,4668,285.795929,89,242.269,-856.391,255,8
1778399467273258,406928002,4658,285.183655,92,240.961,-887.884,255,8
1778399467273645,406937936,4648,284.571442,91,228.944,-880.730,255,8
1778399467288247,406947909,4639,284.020386,90,218.040,-873.189,255,8
1778399467330326,406957849,4629,283.408173,84,194.785,-817.104,255,8
1778399467330679,406967816,4620,282.857147,67,149.089,-653.202,255,8
1778399467330989,406977760,4610,282.244904,59,125.134,-576.577,255,8
1778399467331324,406987722,4601,281.693878,58,117.556,-567.962,255,8
1778399467331632,406997663,4591,281.081635,57,109.558,-559.372,255,8
1778399467346120,407007624,4582,280.530609,56,102.346,-550.568,255,8
1778399467356524,407017560,4572,279.918365,51,87.845,-502.378,255,8
1778399467367284,407027524,4562,279.306122,50,80.855,-493.419,255,8
1778399467417899,407039469,4551,278.632660,49,73.548,-484.449,255,8
1778399467418299,407049411,4541,278.020416,46,64.182,-455.500,255,8
1778399467418672,407059382,4532,277.469391,47,61.098,-466.012,255,8
1778399467419191,407069327,4522,276.857147,48,57.309,-476.567,255,8
1778399467419696,407079292,4513,276.306122,52,57.117,-516.854,255,8
1778399467421101,407089233,4503,275.693878,74,73.418,-736.349,255,8
1778399467434441,407099200,4494,275.142853,94,84.261,-936.216,255,8
1778399467481292,407109141,4484,274.530609,98,77.412,-976.938,255,8
1778399467481819,407119108,4475,273.979584,98,68.013,-977.637,255,8
1778399467482222,407129052,4465,273.367340,99,58.150,-988.291,255,8
1778399467482577,407139019,4456,272.816315,99,48.643,-988.804,255,8
1778399467482897,407148957,4446,272.204102,99,38.075,-989.268,255,8
1778399467496666,407158927,4436,271.591827,98,27.223,-979.622,255,8
1778399467508807,407168870,4427,271.040833,95,17.257,-949.843,255,8
1778399467510205,407178839,4418,270.489807,88,7.523,-879.968,255,8
1778399467565163,407188775,4408,269.877533,85,-1.817,-849.998,255,8
1778399467565694,407198740,4398,269.265320,84,-10.771,-839.931,255,8
1778399467566037,407208687,4389,268.714264,86,-19.297,-859.783,255,8
1778399467566357,407218656,4379,268.102051,94,-31.132,-939.484,255,8
1778399467566646,407228574,4370,267.551025,109,-46.575,-1089.004,255,8
1778399467580527,407238545,4360,266.938782,115,-61.413,-1148.359,255,8
1778399467580958,407248479,4351,266.387756,116,-73.084,-1157.695,255,8
1778399467723333,407258451,4341,265.775513,115,-84.714,-1146.876,255,8
1778399467723789,407268382,4332,265.224487,114,-94.907,-1136.043,255,8
1778399467724131,407278356,4322,264.612244,114,-107.041,-1134.964,255,8
1778399467724465,407288291,4313,264.061218,115,-118.986,-1143.828,255,8
1778399467724819,407298263,4304,263.510223,116,-131.110,-1152.567,255,8
1778399467725102,407308194,4294,262.897949,117,-144.655,-1161.023,255,8
1778399467725369,407318167,4284,262.285706,117,-157.053,-1159.411,255,8
1778399467725782,407328094,4275,261.734711,118,-169.633,-1167.743,255,8
1778399467726111,407338067,4265,261.122437,118,-182.102,-1165.864,255,8
1778399467726435,407347993,4256,260.571442,118,-193.305,-1164.059,255,8
1778399467726741,407357966,4246,259.959167,119,-207.476,-1171.774,255,8
1778399467727081,407367893,4237,259.408173,125,-229.764,-1228.702,255,8
1778399467727375,407377862,4228,258.857147,122,-235.772,-1197.001,255,8
1778399467727689,407387789,4218,258.244904,121,-246.512,-1184.623,255,8
1778399467728068,407397760,4209,257.693878,124,-264.287,-1211.508,255,8
1778399467742019,407407686,4200,257.142853,128,-284.827,-1247.908,255,8
