host_time,elapsed_s,seq,distance_cm,angle_deg,quality,t_sample_us,angle_tick,status
2026-03-28T21:58:00.386,0.046,16,63,24.367346,255,344761231,398,8
2026-03-28T21:58:00.388,0.048,17,63,24.122450,255,344771201,394,8
2026-03-28T21:58:00.389,0.048,18,63,23.877550,255,344781142,390,8
2026-03-28T21:58:00.389,0.049,19,63,23.632654,255,344791111,386,8
2026-03-28T21:58:00.390,0.050,20,63,23.326530,255,344801050,381,8
2026-03-28T21:58:00.390,0.050,21,63,23.081631,255,344811028,377,8
2026-03-28T21:58:00.391,0.051,22,63,22.775511,255,344820973,372,8
2026-03-28T21:58:00.391,0.051,23,63,22.530613,255,344830937,368,8
2026-03-28T21:58:00.392,0.052,24,62,22.285715,255,344840879,364,8
2026-03-28T21:58:00.392,0.052,25,62,21.979593,255,344850842,359,8
2026-03-28T21:58:00.393,0.053,26,63,21.673470,255,344860787,354,8
2026-03-28T21:58:00.394,0.054,27,62,21.428572,255,344870752,350,8
2026-03-28T21:58:00.394,0.054,28,62,21.122450,255,344880699,345,8
2026-03-28T21:58:00.412,0.072,29,62,20.816326,255,344890673,340,8
2026-03-28T21:58:00.413,0.073,30,62,20.510204,255,344900616,335,8
2026-03-28T21:58:00.428,0.088,31,62,20.204081,255,344910583,330,8
2026-03-28T21:58:00.439,0.099,32,62,19.897959,255,344920525,325,8
2026-03-28T21:58:00.440,0.100,33,62,19.591837,255,344930491,320,8
2026-03-28T21:58:00.453,0.113,34,62,19.285715,255,344940436,315,8
2026-03-28T21:58:00.465,0.125,35,62,18.979591,255,344950401,310,8
2026-03-28T21:58:00.479,0.139,36,62,18.673470,255,344960338,305,8
2026-03-28T21:58:00.480,0.140,37,62,18.306122,255,344970305,299,8
2026-03-28T21:58:00.501,0.161,38,62,18.000000,255,344980243,294,8
2026-03-28T21:58:00.502,0.162,39,62,17.693876,255,344990213,289,8
2026-03-28T21:58:00.513,0.173,40,62,17.326530,255,345000156,283,8
2026-03-28T21:58:00.522,0.182,41,62,17.020409,255,345010123,278,8
2026-03-28T21:58:00.539,0.199,42,62,16.653061,255,345020069,272,8
2026-03-28T21:58:00.540,0.200,43,62,16.346939,255,345030031,267,8
2026-03-28T21:58:00.551,0.211,44,62,15.979591,255,345039971,261,8
2026-03-28T21:58:00.562,0.222,45,62,15.673470,255,345049937,256,8
2026-03-28T21:58:00.575,0.235,46,62,15.306122,255,345059872,250,8
2026-03-28T21:58:00.586,0.246,47,62,14.938775,255,345069840,244,8
2026-03-28T21:58:00.600,0.260,48,62,14.571429,255,345079773,238,8
2026-03-28T21:58:00.600,0.260,49,62,14.204082,255,345089738,232,8
2026-03-28T21:58:00.632,0.292,50,62,13.897959,255,345099673,227,8
2026-03-28T21:58:00.633,0.293,51,62,13.530613,255,345109634,221,8
2026-03-28T21:58:00.634,0.294,52,62,13.102041,255,345119572,214,8
2026-03-28T21:58:00.657,0.317,53,62,12.734694,255,345129529,208,8
2026-03-28T21:58:00.659,0.319,54,62,12.367347,255,345139464,202,8
2026-03-28T21:58:00.660,0.320,55,62,12.000001,255,345149420,196,8
2026-03-28T21:58:00.678,0.338,56,62,11.632653,255,345159357,190,8
2026-03-28T21:58:00.680,0.339,57,62,11.265306,255,345169316,184,8
2026-03-28T21:58:00.702,0.362,58,62,10.836735,255,345179250,177,8
2026-03-28T21:58:00.703,0.363,59,61,10.469388,255,345189218,171,8
2026-03-28T21:58:00.732,0.392,60,61,10.040816,255,345199155,164,8
2026-03-28T21:58:00.733,0.393,61,61,9.673470,255,345209114,158,8
2026-03-28T21:58:00.734,0.394,62,61,9.306123,255,345219053,152,8
2026-03-28T21:58:00.747,0.407,63,61,8.877551,255,345229019,145,8
2026-03-28T21:58:00.749,0.409,64,61,8.448980,255,345238953,138,8
2026-03-28T21:58:00.757,0.417,65,61,8.081633,255,345248919,132,8
2026-03-28T21:58:00.770,0.430,66,61,7.653061,255,345258856,125,8
2026-03-28T21:58:00.782,0.442,67,61,7.224490,255,345268820,118,8
2026-03-28T21:58:00.794,0.454,68,61,6.795918,255,345278756,111,8
2026-03-28T21:58:00.806,0.466,69,61,6.367347,255,345288724,104,8
2026-03-28T21:58:00.807,0.467,70,61,6.000000,255,345298668,98,8
2026-03-28T21:58:00.817,0.477,71,61,5.510204,255,345308634,90,8
2026-03-28T21:58:00.832,0.492,72,61,5.142857,255,345318572,84,8
2026-03-28T21:58:00.844,0.504,73,61,4.653061,255,345328534,76,8
2026-03-28T21:58:00.857,0.517,74,62,4.224490,255,345338474,69,8
2026-03-28T21:58:00.858,0.518,75,61,3.795918,255,345348436,62,8
2026-03-28T21:58:00.873,0.533,76,61,3.367347,255,345358372,55,8
2026-03-28T21:58:00.882,0.542,77,61,2.877551,255,345368332,47,8
2026-03-28T21:58:00.892,0.552,78,62,2.448980,255,345378269,40,8
2026-03-28T21:58:00.908,0.568,79,62,2.020408,255,345388231,33,8
2026-03-28T21:58:00.909,0.569,80,62,1.530612,255,345398169,25,8
2026-03-28T21:58:00.923,0.583,81,62,1.102041,255,345408134,18,8
2026-03-28T21:58:00.937,0.597,82,62,0.612245,255,345418071,10,8
2026-03-28T21:58:00.938,0.598,83,62,0.183673,255,345428027,3,8
2026-03-28T21:58:00.950,0.610,84,62,359.693878,255,345437958,5875,8
2026-03-28T21:58:00.963,0.623,85,62,359.204102,255,345447922,5867,8
2026-03-28T21:58:00.972,0.632,86,62,358.775513,255,345457859,5860,8
2026-03-28T21:58:00.982,0.642,87,62,358.285706,255,345467824,5852,8
2026-03-28T21:58:00.993,0.653,88,62,357.795898,255,345477760,5844,8
2026-03-28T21:58:01.007,0.666,89,62,357.306122,255,345487718,5836,8
2026-03-28T21:58:01.007,0.667,90,62,356.816315,255,345497655,5828,8
2026-03-28T21:58:01.023,0.683,91,62,356.326538,255,345507614,5820,8
2026-03-28T21:58:01.036,0.696,92,62,355.836731,255,345517550,5812,8
2026-03-28T21:58:01.037,0.697,93,62,355.346954,255,345527510,5804,8
2026-03-28T21:58:01.049,0.709,94,62,354.857147,255,345537446,5796,8
2026-03-28T21:58:01.064,0.724,95,63,354.367340,255,345547406,5788,8
2026-03-28T21:58:01.065,0.725,96,63,353.877533,255,345557335,5780,8
2026-03-28T21:58:01.080,0.740,97,63,353.326538,255,345567297,5771,8
2026-03-28T21:58:01.094,0.754,98,63,352.836731,255,345577225,5763,8
2026-03-28T21:58:01.095,0.754,99,63,352.346924,255,345587190,5755,8
2026-03-28T21:58:01.111,0.771,100,63,351.795929,255,345597127,5746,8
2026-03-28T21:58:01.127,0.787,101,63,351.306122,255,345607089,5738,8
2026-03-28T21:58:01.128,0.788,102,63,350.755127,255,345617025,5729,8
2026-03-28T21:58:01.144,0.804,103,64,350.204071,255,345626988,5720,8
2026-03-28T21:58:01.145,0.805,104,64,349.714294,255,345636920,5712,8
2026-03-28T21:58:01.169,0.829,105,64,349.163269,255,345646883,5703,8
2026-03-28T21:58:01.170,0.830,106,64,348.673462,255,345656826,5695,8
2026-03-28T21:58:01.181,0.841,107,64,348.122437,255,345666788,5686,8
2026-03-28T21:58:01.195,0.855,108,64,347.571442,255,345676727,5677,8
2026-03-28T21:58:01.196,0.856,109,64,347.020416,255,345686687,5668,8
2026-03-28T21:58:01.206,0.866,110,65,346.469391,255,345696628,5659,8
2026-03-28T21:58:01.223,0.883,111,65,345.918365,255,345706592,5650,8
2026-03-28T21:58:01.224,0.884,112,65,345.367340,255,345716530,5641,8
2026-03-28T21:58:01.233,0.893,113,65,344.816345,255,345726482,5632,8
2026-03-28T21:58:01.248,0.908,114,65,344.265289,255,345736427,5623,8
2026-03-28T21:58:01.264,0.923,115,66,343.714294,255,345746389,5614,8
2026-03-28T21:58:01.265,0.924,116,66,343.163269,255,345756334,5605,8
2026-03-28T21:58:01.296,0.956,117,66,342.551025,255,345766295,5595,8
2026-03-28T21:58:01.297,0.957,118,66,342.000000,255,345776238,5586,8
2026-03-28T21:58:01.298,0.958,119,66,341.448975,255,345786203,5577,8
2026-03-28T21:58:01.316,0.975,120,66,340.836731,255,345796144,5567,8
2026-03-28T21:58:01.317,0.976,121,66,340.285706,255,345806106,5558,8
2026-03-28T21:58:01.333,0.992,122,66,339.673462,255,345816051,5548,8
2026-03-28T21:58:01.333,0.993,123,66,339.122467,255,345826018,5539,8
2026-03-28T21:58:01.347,1.007,124,66,338.510193,255,345835950,5529,8
2026-03-28T21:58:01.360,1.020,125,66,337.897949,255,345845913,5519,8
2026-03-28T21:58:01.361,1.021,126,65,337.346954,255,345855855,5510,8
2026-03-28T21:58:01.376,1.036,127,64,336.734680,255,345865818,5500,8
2026-03-28T21:58:01.391,1.051,128,63,336.122437,255,345875753,5490,8
2026-03-28T21:58:01.392,1.052,129,63,335.510223,255,345885718,5480,8
2026-03-28T21:58:01.408,1.068,130,64,334.959167,255,345895654,5471,8
2026-03-28T21:58:01.423,1.083,131,63,334.346954,255,345905621,5461,8
2026-03-28T21:58:01.424,1.084,132,56,333.734680,255,345915557,5451,8
2026-03-28T21:58:01.452,1.112,133,58,333.183685,255,345925525,5442,8
2026-03-28T21:58:01.453,1.113,134,59,332.571442,255,345935460,5432,8
2026-03-28T21:58:01.453,1.113,135,59,331.959167,255,345945433,5422,8
2026-03-28T21:58:01.469,1.129,136,58,331.408173,255,345955372,5413,8
2026-03-28T21:58:01.471,1.131,137,57,330.795929,255,345965337,5403,8
2026-03-28T21:58:01.486,1.146,138,57,330.183655,255,345975279,5393,8
2026-03-28T21:58:01.504,1.164,139,56,329.632660,255,345985244,5384,8
2026-03-28T21:58:01.506,1.165,140,55,329.020386,255,345995187,5374,8
2026-03-28T21:58:01.521,1.181,141,54,328.408173,255,346005149,5364,8
2026-03-28T21:58:01.523,1.182,142,53,327.795929,255,346015090,5354,8
2026-03-28T21:58:01.548,1.208,143,53,327.244904,255,346025056,5345,8
2026-03-28T21:58:01.549,1.209,144,52,326.632660,255,346034994,5335,8
2026-03-28T21:58:01.550,1.210,145,52,326.020416,255,346044961,5325,8
2026-03-28T21:58:01.575,1.235,146,52,325.469391,255,346054898,5316,8
2026-03-28T21:58:01.576,1.236,147,52,324.857147,255,346064863,5306,8
2026-03-28T21:58:01.591,1.250,148,52,324.244873,255,346074800,5296,8
2026-03-28T21:58:01.592,1.251,149,52,323.693878,255,346084769,5287,8
2026-03-28T21:58:01.603,1.262,150,52,323.081635,255,346094711,5277,8
2026-03-28T21:58:01.615,1.275,151,52,322.469391,255,346104674,5267,8
2026-03-28T21:58:01.626,1.286,152,51,321.918365,255,346114610,5258,8
2026-03-28T21:58:01.656,1.315,153,51,321.306122,255,346124571,5248,8
2026-03-28T21:58:01.657,1.316,154,51,320.693878,255,346134515,5238,8
2026-03-28T21:58:01.657,1.317,155,51,320.142853,255,346144474,5229,8
2026-03-28T21:58:01.658,1.318,156,50,319.530609,255,346154418,5219,8
2026-03-28T21:58:01.684,1.343,157,50,318.918365,255,346164383,5209,8
2026-03-28T21:58:01.685,1.345,158,50,318.367340,255,346174320,5200,8
2026-03-28T21:58:01.699,1.359,159,50,317.755096,255,346184286,5190,8
2026-03-28T21:58:01.700,1.360,160,49,317.142853,255,346194225,5180,8
2026-03-28T21:58:01.729,1.388,161,49,316.591827,255,346204192,5171,8
2026-03-28T21:58:01.729,1.389,162,49,315.979584,255,346214133,5161,8
2026-03-28T21:58:01.730,1.390,163,49,315.367371,255,346224101,5151,8
2026-03-28T21:58:01.743,1.402,164,48,314.816315,255,346234039,5142,8
2026-03-28T21:58:01.766,1.426,165,48,314.204102,255,346244005,5132,8
2026-03-28T21:58:01.767,1.427,166,48,313.591827,255,346253944,5122,8
2026-03-28T21:58:01.768,1.428,167,48,313.040802,255,346263912,5113,8
2026-03-28T21:58:01.786,1.446,168,48,312.428589,255,346273854,5103,8
2026-03-28T21:58:01.787,1.447,169,48,311.877533,255,346283820,5094,8
2026-03-28T21:58:01.799,1.459,170,47,311.265320,255,346293758,5084,8
2026-03-28T21:58:01.821,1.481,171,47,310.653076,255,346303722,5074,8
2026-03-28T21:58:01.822,1.482,172,47,310.102051,255,346313667,5065,8
2026-03-28T21:58:01.835,1.495,173,47,309.489807,255,346323633,5055,8
2026-03-28T21:58:01.837,1.496,174,47,308.938751,255,346333578,5046,8
2026-03-28T21:58:01.849,1.509,175,47,308.326538,255,346343541,5036,8
2026-03-28T21:58:01.864,1.524,176,46,307.714294,255,346353480,5026,8
2026-03-28T21:58:01.895,1.555,177,46,307.163269,255,346363447,5017,8
2026-03-28T21:58:01.896,1.556,178,46,306.551025,255,346373376,5007,8
2026-03-28T21:58:01.897,1.557,179,46,305.938782,255,346383341,4997,8
2026-03-28T21:58:01.898,1.558,180,46,305.387756,255,346393277,4988,8
2026-03-28T21:58:01.913,1.573,181,45,304.775513,255,346403241,4978,8
2026-03-28T21:58:01.940,1.599,182,45,304.224487,255,346413179,4969,8
2026-03-28T21:58:01.941,1.601,183,45,303.612244,255,346423143,4959,8
2026-03-28T21:58:01.941,1.601,184,45,303.061218,255,346433080,4950,8
2026-03-28T21:58:01.952,1.612,185,45,302.448975,255,346443042,4940,8
2026-03-28T21:58:01.964,1.624,186,45,301.836731,255,346452978,4930,8
2026-03-28T21:58:01.965,1.625,187,45,301.285706,255,346462948,4921,8
2026-03-28T21:58:01.976,1.635,188,45,300.673462,255,346472885,4911,8
2026-03-28T21:58:01.988,1.648,189,45,300.122437,255,346482849,4902,8
2026-03-28T21:58:02.004,1.664,190,44,299.510193,255,346492786,4892,8
2026-03-28T21:58:02.005,1.665,191,44,298.897980,255,346502750,4882,8
2026-03-28T21:58:02.034,1.694,192,44,298.346924,255,346512682,4873,8
2026-03-28T21:58:02.035,1.695,193,44,297.734680,255,346522643,4863,8
2026-03-28T21:58:02.036,1.696,194,44,297.183685,255,346532578,4854,8
2026-03-28T21:58:02.049,1.709,195,44,296.571411,255,346542533,4844,8
2026-03-28T21:58:02.060,1.720,196,44,295.959198,255,346552478,4834,8
2026-03-28T21:58:02.077,1.737,197,44,295.408173,255,346562442,4825,8
2026-03-28T21:58:02.078,1.738,198,44,294.795929,255,346572378,4815,8
2026-03-28T21:58:02.093,1.753,199,44,294.244904,255,346582338,4806,8
2026-03-28T21:58:02.095,1.755,200,44,293.632629,255,346592274,4796,8
2026-03-28T21:58:02.110,1.770,201,43,293.020416,255,346602239,4786,8
2026-03-28T21:58:02.139,1.799,202,43,292.469391,255,346612177,4777,8
2026-03-28T21:58:02.140,1.800,203,43,291.918365,255,346622142,4768,8
2026-03-28T21:58:02.141,1.800,204,43,291.306122,255,346632079,4758,8
2026-03-28T21:58:02.157,1.817,205,44,290.693878,255,346642043,4748,8
2026-03-28T21:58:02.158,1.818,206,46,290.142853,255,346651980,4739,8
2026-03-28T21:58:02.174,1.833,207,46,289.591827,255,346661944,4730,8
2026-03-28T21:58:02.175,1.834,208,47,288.979584,255,346671872,4720,8
2026-03-28T21:58:02.188,1.848,209,52,288.367340,255,346681844,4710,8
2026-03-28T21:58:02.203,1.863,210,64,287.816315,255,346691792,4701,8
2026-03-28T21:58:02.204,1.864,211,78,287.265320,255,346701756,4692,8
2026-03-28T21:58:02.216,1.876,212,90,286.653076,255,346711699,4682,8
2026-03-28T21:58:02.248,1.907,213,94,286.102020,255,346721666,4673,8
2026-03-28T21:58:02.249,1.909,214,92,285.489807,255,346731609,4663,8
2026-03-28T21:58:02.250,1.909,215,89,284.938782,255,346741572,4654,8
2026-03-28T21:58:02.283,1.943,216,87,284.326538,255,346751511,4644,8
2026-03-28T21:58:02.284,1.944,217,91,283.775513,255,346761471,4635,8
2026-03-28T21:58:02.284,1.944,218,97,283.163269,255,346771410,4625,8
2026-03-28T21:58:02.286,1.946,219,99,282.612244,255,346781355,4616,8
2026-03-28T21:58:02.314,1.974,220,98,282.000000,255,346791316,4606,8
2026-03-28T21:58:02.316,1.975,221,93,281.448975,255,346801284,4597,8
2026-03-28T21:58:02.316,1.976,222,87,280.897980,255,346811225,4588,8
2026-03-28T21:58:02.334,1.994,223,85,280.285706,255,346821196,4578,8
2026-03-28T21:58:02.335,1.995,224,84,279.734711,255,346831135,4569,8
2026-03-28T21:58:02.349,2.008,225,79,279.122437,255,346841099,4559,8
2026-03-28T21:58:02.361,2.021,226,76,278.571442,255,346851037,4550,8
2026-03-28T21:58:02.362,2.022,227,76,277.959198,255,346861001,4540,8
2026-03-28T21:58:02.373,2.033,228,77,277.408142,255,346870939,4531,8
2026-03-28T21:58:02.385,2.045,229,80,276.857147,255,346880903,4522,8
2026-03-28T21:58:02.396,2.056,230,85,276.244904,255,346890844,4512,8
2026-03-28T21:58:02.407,2.067,231,91,275.693878,255,346900806,4503,8
2026-03-28T21:58:02.416,2.076,232,97,275.142853,255,346910748,4494,8
2026-03-28T21:58:02.427,2.087,233,98,274.530609,255,346920716,4484,8
2026-03-28T21:58:02.439,2.099,234,100,273.979584,255,346930635,4475,8
2026-03-28T21:58:02.440,2.100,235,100,273.428558,255,346940606,4466,8
2026-03-28T21:58:02.458,2.118,236,102,272.816315,255,346950546,4456,8
2026-03-28T21:58:02.476,2.135,237,107,272.265320,255,346960512,4447,8
2026-03-28T21:58:02.477,2.137,238,111,271.714294,255,346970455,4438,8
2026-03-28T21:58:02.500,2.160,239,113,271.102051,255,346980421,4428,8
2026-03-28T21:58:02.501,2.161,240,112,270.551025,255,346990365,4419,8
2026-03-28T21:58:02.501,2.161,241,111,270.000000,255,347000330,4410,8
2026-03-28T21:58:02.525,2.184,242,110,269.448975,255,347010272,4401,8
2026-03-28T21:58:02.525,2.185,243,109,268.897949,255,347020242,4392,8
2026-03-28T21:58:02.535,2.195,244,110,268.346954,255,347030187,4383,8
2026-03-28T21:58:02.545,2.205,245,111,267.795898,255,347040164,4374,8
2026-03-28T21:58:02.555,2.215,246,133,267.183685,255,347050109,4364,8
2026-03-28T21:58:02.580,2.240,247,170,266.632660,255,347060075,4355,8
2026-03-28T21:58:02.581,2.241,248,184,266.081635,255,347070020,4346,8
2026-03-28T21:58:02.581,2.241,249,188,265.530609,255,347079989,4337,8
2026-03-28T21:58:02.601,2.261,250,189,264.979584,255,347089931,4328,8
2026-03-28T21:58:02.602,2.262,251,189,264.428589,255,347099898,4319,8
2026-03-28T21:58:02.627,2.287,252,189,263.877533,255,347109838,4310,8
2026-03-28T21:58:02.628,2.288,253,190,263.326538,255,347119804,4301,8
2026-03-28T21:58:02.629,2.289,254,190,262.775513,255,347129743,4292,8
2026-03-28T21:58:02.651,2.311,255,191,262.163269,255,347139712,4282,8
2026-03-28T21:58:02.654,2.314,0,192,261.673492,255,347149657,4274,8
2026-03-28T21:58:02.677,2.337,1,192,261.061218,255,347159626,4264,8
2026-03-28T21:58:02.678,2.338,2,192,260.510193,255,347169571,4255,8
2026-03-28T21:58:02.680,2.340,3,191,259.959167,255,347179541,4246,8
2026-03-28T21:58:02.691,2.351,4,186,259.408173,255,347189488,4237,8
2026-03-28T21:58:02.699,2.359,5,176,258.857147,255,347199462,4228,8
2026-03-28T21:58:02.712,2.371,6,169,258.306122,255,347209409,4219,8
2026-03-28T21:58:02.722,2.382,7,185,257.755096,255,347219383,4210,8
2026-03-28T21:58:02.732,2.392,8,214,257.204071,255,347229328,4201,8
2026-03-28T21:58:02.753,2.413,9,236,256.653076,255,347239292,4192,8
2026-03-28T21:58:02.754,2.414,10,244,256.102051,255,347249249,4183,8
2026-03-28T21:58:02.776,2.436,11,246,255.551025,255,347259215,4174,8
2026-03-28T21:58:02.778,2.438,12,248,255.000000,255,347269171,4165,8
2026-03-28T21:58:02.778,2.438,13,250,254.448975,255,347279133,4156,8
2026-03-28T21:58:02.803,2.463,14,253,253.897964,255,347289083,4147,8
2026-03-28T21:58:02.805,2.464,15,253,253.346939,255,347299046,4138,8
2026-03-28T21:58:02.831,2.491,16,254,252.795929,255,347308999,4129,8
2026-03-28T21:58:02.832,2.492,17,253,252.244888,255,347318961,4120,8
2026-03-28T21:58:02.832,2.492,18,253,251.632660,255,347328913,4110,8
2026-03-28T21:58:02.856,2.516,19,254,251.142853,255,347338876,4102,8
2026-03-28T21:58:02.857,2.517,20,255,250.530624,255,347348827,4092,8
2026-03-28T21:58:02.858,2.518,21,255,250.040817,255,347358786,4084,8
2026-03-28T21:58:02.882,2.541,22,254,249.428574,255,347368733,4074,8
2026-03-28T21:58:02.883,2.543,23,248,248.938782,255,347378700,4066,8
2026-03-28T21:58:02.897,2.557,24,214,248.326523,255,347388631,4056,8
2026-03-28T21:58:02.898,2.558,25,118,247.775513,255,347398603,4047,8
2026-03-28T21:58:02.910,2.570,26,84,247.224487,255,347408564,4038,8
2026-03-28T21:58:02.923,2.583,27,80,246.734695,255,347418531,4030,8
2026-03-28T21:58:02.935,2.595,28,79,246.122437,255,347428475,4020,8
2026-03-28T21:58:02.936,2.596,29,77,245.571426,255,347438442,4011,8
2026-03-28T21:58:02.949,2.609,30,75,245.020416,255,347448385,4002,8
2026-03-28T21:58:02.962,2.622,31,74,244.469376,255,347458352,3993,8
2026-03-28T21:58:02.972,2.632,32,73,243.918365,255,347468292,3984,8
2026-03-28T21:58:02.984,2.643,33,72,243.367340,255,347478252,3975,8
2026-03-28T21:58:02.985,2.645,34,72,242.816330,255,347488189,3966,8
2026-03-28T21:58:03.004,2.664,35,69,242.265320,255,347498157,3957,8
2026-03-28T21:58:03.005,2.665,36,67,241.714279,255,347508096,3948,8
2026-03-28T21:58:03.021,2.681,37,67,241.163269,255,347518059,3939,8
2026-03-28T21:58:03.035,2.694,38,67,240.612244,255,347527997,3930,8
2026-03-28T21:58:03.036,2.695,39,67,240.061218,255,347537966,3921,8
2026-03-28T21:58:03.052,2.712,40,75,239.510208,255,347547899,3912,8
2026-03-28T21:58:03.069,2.729,41,80,238.959183,255,347557868,3903,8
2026-03-28T21:58:03.070,2.730,42,83,238.408173,255,347567811,3894,8
2026-03-28T21:58:03.086,2.746,43,84,237.795914,255,347577774,3884,8
2026-03-28T21:58:03.087,2.747,44,84,237.244904,255,347587714,3875,8
2026-03-28T21:58:03.101,2.761,45,84,236.693878,255,347597676,3866,8
2026-03-28T21:58:03.117,2.777,46,84,236.142868,255,347607618,3857,8
2026-03-28T21:58:03.119,2.779,47,84,235.591827,255,347617584,3848,8
2026-03-28T21:58:03.135,2.795,48,82,235.040817,255,347627523,3839,8
2026-03-28T21:58:03.136,2.796,49,80,234.489807,255,347637482,3830,8
2026-03-28T21:58:03.154,2.814,50,78,233.877548,255,347647417,3820,8
2026-03-28T21:58:03.155,2.815,51,77,233.326523,255,347657383,3811,8
2026-03-28T21:58:03.173,2.832,52,77,232.775513,255,347667320,3802,8
2026-03-28T21:58:03.174,2.834,53,77,232.224503,255,347677282,3793,8
2026-03-28T21:58:03.190,2.850,54,76,231.673462,255,347687223,3784,8
2026-03-28T21:58:03.207,2.867,55,76,231.122452,255,347697188,3775,8
2026-03-28T21:58:03.208,2.868,56,74,230.571426,255,347707128,3766,8
2026-03-28T21:58:03.227,2.886,57,72,229.959183,255,347717089,3756,8
2026-03-28T21:58:03.229,2.889,58,71,229.408157,255,347727034,3747,8
2026-03-28T21:58:03.248,2.908,59,71,228.857147,255,347736998,3738,8
2026-03-28T21:58:03.250,2.910,60,70,228.306107,255,347746935,3729,8
2026-03-28T21:58:03.267,2.927,61,70,227.755096,255,347756900,3720,8
2026-03-28T21:58:03.268,2.928,62,70,227.204086,255,347766835,3711,8
2026-03-28T21:58:03.284,2.944,63,70,226.653061,255,347776802,3702,8
2026-03-28T21:58:03.286,2.945,64,70,226.040833,255,347786746,3692,8
2026-03-28T21:58:03.301,2.961,65,70,225.489792,255,347796710,3683,8
2026-03-28T21:58:03.302,2.962,66,70,224.938782,255,347806647,3674,8
2026-03-28T21:58:03.317,2.977,67,70,224.387741,255,347816615,3665,8
2026-03-28T21:58:03.333,2.993,68,70,223.836731,255,347826549,3656,8
2026-03-28T21:58:03.334,2.994,69,70,223.285706,255,347836514,3647,8
2026-03-28T21:58:03.349,3.009,70,70,222.734695,255,347846457,3638,8
2026-03-28T21:58:03.365,3.024,71,69,222.122437,255,347856415,3628,8
2026-03-28T21:58:03.366,3.026,72,68,221.571426,255,347866354,3619,8
2026-03-28T21:58:03.381,3.041,73,67,221.020416,255,347876326,3610,8
2026-03-28T21:58:03.382,3.042,74,66,220.469391,255,347886266,3601,8
2026-03-28T21:58:03.395,3.055,75,61,219.918365,255,347896228,3592,8
2026-03-28T21:58:03.411,3.071,76,56,219.367340,255,347906171,3583,8
2026-03-28T21:58:03.412,3.072,77,53,218.816330,255,347916140,3574,8
2026-03-28T21:58:03.427,3.087,78,53,218.204071,255,347926081,3564,8
2026-03-28T21:58:03.443,3.103,79,53,217.653061,255,347936045,3555,8
2026-03-28T21:58:03.444,3.104,80,52,217.102036,255,347945980,3546,8
2026-03-28T21:58:03.460,3.120,81,52,216.551025,255,347955953,3537,8
2026-03-28T21:58:03.461,3.121,82,52,216.000015,255,347965894,3528,8
2026-03-28T21:58:03.476,3.136,83,52,215.448975,255,347975859,3519,8
2026-03-28T21:58:03.492,3.152,84,52,214.897964,255,347985798,3510,8
2026-03-28T21:58:03.493,3.153,85,52,214.285706,255,347995765,3500,8
2026-03-28T21:58:03.509,3.169,86,52,213.734695,255,348005709,3491,8
2026-03-28T21:58:03.510,3.170,87,52,213.183670,255,348015671,3482,8
2026-03-28T21:58:03.523,3.183,88,52,212.632660,255,348025610,3473,8
2026-03-28T21:58:03.537,3.197,89,52,212.081619,255,348035578,3464,8
2026-03-28T21:58:03.554,3.213,90,52,211.530609,255,348045519,3455,8
2026-03-28T21:58:03.555,3.215,91,52,210.979599,255,348055483,3446,8
2026-03-28T21:58:03.573,3.233,92,52,210.367355,255,348065424,3436,8
2026-03-28T21:58:03.575,3.235,93,52,209.816330,255,348075391,3427,8
2026-03-28T21:58:03.592,3.252,94,52,209.265305,255,348085328,3418,8
2026-03-28T21:58:03.593,3.253,95,52,208.714294,255,348095296,3409,8
2026-03-28T21:58:03.611,3.271,96,52,208.163254,255,348105245,3400,8
2026-03-28T21:58:03.612,3.272,97,52,207.551025,255,348115213,3390,8
2026-03-28T21:58:03.628,3.288,98,52,207.000000,255,348125161,3381,8
2026-03-28T21:58:03.630,3.290,99,52,206.448990,255,348135128,3372,8
2026-03-28T21:58:03.648,3.308,100,52,205.897949,255,348145063,3363,8
2026-03-28T21:58:03.651,3.311,101,52,205.346939,255,348155030,3354,8
2026-03-28T21:58:03.670,3.330,102,52,204.795929,255,348164968,3345,8
2026-03-28T21:58:03.673,3.333,103,52,204.244888,255,348174928,3336,8
2026-03-28T21:58:03.694,3.354,104,52,203.632645,255,348184873,3326,8
2026-03-28T21:58:03.695,3.355,105,52,203.081635,255,348194836,3317,8
2026-03-28T21:58:03.711,3.371,106,52,202.530624,255,348204780,3308,8
2026-03-28T21:58:03.712,3.372,107,52,201.979584,255,348214742,3299,8
2026-03-28T21:58:03.727,3.387,108,52,201.428574,255,348224679,3290,8
2026-03-28T21:58:03.728,3.388,109,53,200.877548,255,348234653,3281,8
2026-03-28T21:58:03.743,3.403,110,53,200.326538,255,348244591,3272,8
2026-03-28T21:58:03.760,3.420,111,53,199.714279,255,348254557,3262,8
2026-03-28T21:58:03.761,3.421,112,53,199.224487,255,348264502,3254,8
2026-03-28T21:58:03.774,3.434,113,53,198.612228,255,348274468,3244,8
2026-03-28T21:58:03.792,3.451,114,53,198.061218,255,348284413,3235,8
2026-03-28T21:58:03.793,3.453,115,53,197.510208,255,348294377,3226,8
2026-03-28T21:58:03.804,3.464,116,53,196.959183,255,348304322,3217,8
2026-03-28T21:58:03.820,3.480,117,53,196.408173,255,348314297,3208,8
2026-03-28T21:58:03.822,3.482,118,53,195.795914,255,348324242,3198,8
2026-03-28T21:58:03.838,3.498,119,54,195.244904,255,348334208,3189,8
2026-03-28T21:58:03.840,3.500,120,54,194.693878,255,348344151,3180,8
2026-03-28T21:58:03.854,3.514,121,54,194.142853,255,348354118,3171,8
2026-03-28T21:58:03.870,3.530,122,54,193.591843,255,348364065,3162,8
2026-03-28T21:58:03.871,3.531,123,55,193.040817,255,348374025,3153,8
2026-03-28T21:58:03.887,3.547,124,55,192.489807,255,348383978,3144,8
2026-03-28T21:58:03.889,3.549,125,55,191.938766,255,348393944,3135,8
2026-03-28T21:58:03.904,3.563,126,56,191.387756,255,348403885,3126,8
2026-03-28T21:58:03.920,3.580,127,56,190.775513,255,348413847,3116,8
2026-03-28T21:58:03.922,3.582,128,57,190.285721,255,348423786,3108,8
2026-03-28T21:58:03.937,3.597,129,57,189.673462,255,348433749,3098,8
2026-03-28T21:58:03.938,3.598,130,61,189.122452,255,348443688,3089,8
2026-03-28T21:58:03.955,3.615,131,76,188.571442,255,348453662,3080,8
2026-03-28T21:58:03.956,3.616,132,142,188.020401,255,348463578,3071,8
2026-03-28T21:58:03.972,3.632,133,214,187.469391,255,348473543,3062,8
2026-03-28T21:58:03.988,3.648,134,214,186.918365,255,348483480,3053,8
2026-03-28T21:58:03.989,3.649,135,203,186.367355,255,348493446,3044,8
2026-03-28T21:58:04.005,3.665,136,192,185.816315,255,348503383,3035,8
2026-03-28T21:58:04.007,3.667,137,171,185.265305,255,348513343,3026,8
2026-03-28T21:58:04.023,3.683,138,144,184.714294,255,348523271,3017,8
2026-03-28T21:58:04.024,3.684,139,107,184.163254,255,348533242,3008,8
2026-03-28T21:58:04.037,3.697,140,129,183.612244,255,348543180,2999,8
2026-03-28T21:58:04.049,3.709,141,154,183.061218,255,348553145,2990,8
2026-03-28T21:58:04.061,3.721,142,161,182.571426,255,348563083,2982,8
2026-03-28T21:58:04.077,3.737,143,159,182.020416,255,348573043,2973,8
2026-03-28T21:58:04.079,3.739,144,149,181.469376,255,348582978,2964,8
2026-03-28T21:58:04.097,3.756,145,132,180.918365,255,348592941,2955,8
2026-03-28T21:58:04.099,3.759,146,107,180.367355,255,348602876,2946,8
2026-03-28T21:58:04.114,3.774,147,87,179.816315,255,348612863,2937,8
2026-03-28T21:58:04.115,3.775,148,78,179.265305,255,348622798,2928,8
2026-03-28T21:58:04.133,3.793,149,79,178.775513,255,348632763,2920,8
2026-03-28T21:58:04.134,3.794,150,94,178.224487,255,348642700,2911,8
2026-03-28T21:58:04.153,3.813,151,107,177.673477,255,348652642,2902,8
2026-03-28T21:58:04.154,3.814,152,99,177.122452,255,348662579,2893,8
2026-03-28T21:58:04.168,3.828,153,74,176.571426,255,348672552,2884,8
2026-03-28T21:58:04.188,3.847,154,67,176.020401,255,348682497,2875,8
2026-03-28T21:58:04.189,3.849,155,66,175.469391,255,348692460,2866,8
2026-03-28T21:58:04.204,3.864,156,66,174.918365,255,348702393,2857,8
2026-03-28T21:58:04.205,3.865,157,64,174.367355,255,348712360,2848,8
2026-03-28T21:58:04.222,3.881,158,65,173.877548,255,348722296,2840,8
2026-03-28T21:58:04.223,3.883,159,69,173.326538,255,348732251,2831,8
2026-03-28T21:58:04.240,3.899,160,91,172.775513,255,348742194,2822,8
2026-03-28T21:58:04.259,3.919,161,118,172.224487,255,348752147,2813,8
2026-03-28T21:58:04.260,3.920,162,145,171.673462,255,348762083,2804,8
2026-03-28T21:58:04.276,3.935,163,190,171.122452,255,348772045,2795,8
2026-03-28T21:58:04.277,3.937,164,230,170.571426,255,348781982,2786,8
2026-03-28T21:58:04.292,3.952,165,241,170.081635,255,348791935,2778,8
2026-03-28T21:58:04.293,3.953,166,243,169.469391,255,348801880,2768,8
2026-03-28T21:58:04.308,3.968,167,244,168.979599,255,348811831,2760,8
2026-03-28T21:58:04.325,3.985,168,244,168.428574,255,348821777,2751,8
2026-03-28T21:58:04.327,3.987,169,245,167.877548,255,348831731,2742,8
2026-03-28T21:58:04.345,4.005,170,246,167.326523,255,348841676,2733,8
2026-03-28T21:58:04.347,4.007,171,247,166.775513,255,348851628,2724,8
2026-03-28T21:58:04.362,4.022,172,247,166.224487,255,348861572,2715,8
2026-03-28T21:58:04.363,4.023,173,248,165.673477,255,348871530,2706,8
2026-03-28T21:58:04.378,4.038,174,249,165.183670,255,348881478,2698,8
2026-03-28T21:58:04.394,4.054,175,249,164.632645,255,348891432,2689,8
2026-03-28T21:58:04.396,4.056,176,250,164.081635,255,348901378,2680,8
2026-03-28T21:58:04.413,4.073,177,249,163.530609,255,348911339,2671,8
2026-03-28T21:58:04.414,4.074,178,246,162.979599,255,348921286,2662,8
2026-03-28T21:58:04.431,4.091,179,236,162.428574,255,348931250,2653,8
2026-03-28T21:58:04.432,4.092,180,190,161.938782,255,348941182,2645,8
2026-03-28T21:58:04.449,4.108,181,94,161.387756,255,348951165,2636,8
2026-03-28T21:58:04.450,4.110,182,73,160.836731,255,348961107,2627,8
2026-03-28T21:58:04.468,4.128,183,68,160.285706,255,348971067,2618,8
2026-03-28T21:58:04.483,4.143,184,62,159.734695,255,348981007,2609,8
2026-03-28T21:58:04.485,4.144,185,53,159.183670,255,348990965,2600,8
2026-03-28T21:58:04.499,4.159,186,51,158.632660,255,349000895,2591,8
2026-03-28T21:58:04.501,4.161,187,50,158.081635,255,349010856,2582,8
2026-03-28T21:58:04.511,4.171,188,50,157.530609,255,349020791,2573,8
2026-03-28T21:58:04.523,4.183,189,50,156.979584,255,349030755,2564,8
2026-03-28T21:58:04.540,4.200,190,49,156.428574,255,349040688,2555,8
2026-03-28T21:58:04.541,4.201,191,48,155.877548,255,349050652,2546,8
2026-03-28T21:58:04.557,4.217,192,48,155.326538,255,349060584,2537,8
2026-03-28T21:58:04.573,4.233,193,47,154.775513,255,349070546,2528,8
2026-03-28T21:58:04.575,4.235,194,46,154.224487,255,349080486,2519,8
2026-03-28T21:58:04.585,4.245,195,46,153.673462,255,349090440,2510,8
2026-03-28T21:58:04.599,4.259,196,46,153.183670,255,349100386,2502,8
2026-03-28T21:58:04.600,4.260,197,45,152.571426,255,349110348,2492,8
2026-03-28T21:58:04.616,4.276,198,45,152.020401,255,349120285,2483,8
2026-03-28T21:58:04.633,4.292,199,46,151.469391,255,349130243,2474,8
2026-03-28T21:58:04.634,4.294,200,46,150.979599,255,349140180,2466,8
2026-03-28T21:58:04.649,4.309,201,46,150.367355,255,349150138,2456,8
2026-03-28T21:58:04.652,4.312,202,46,149.877548,255,349160071,2448,8
2026-03-28T21:58:04.668,4.328,203,46,149.265305,255,349170028,2438,8
2026-03-28T21:58:04.670,4.330,204,46,148.775513,255,349179965,2430,8
2026-03-28T21:58:04.687,4.347,205,46,148.163269,255,349189918,2420,8
2026-03-28T21:58:04.689,4.349,206,46,147.673477,255,349199859,2412,8
2026-03-28T21:58:04.705,4.364,207,47,147.061234,255,349209818,2402,8
2026-03-28T21:58:04.723,4.383,208,47,146.571426,255,349219756,2394,8
2026-03-28T21:58:04.724,4.384,209,47,146.020401,255,349229715,2385,8
2026-03-28T21:58:04.741,4.400,210,47,145.469391,255,349239657,2376,8
2026-03-28T21:58:04.742,4.402,211,48,144.918365,255,349249621,2367,8
2026-03-28T21:58:04.758,4.418,212,48,144.367340,255,349259560,2358,8
2026-03-28T21:58:04.760,4.420,213,49,143.816330,255,349269522,2349,8
2026-03-28T21:58:04.774,4.434,214,49,143.265305,255,349279461,2340,8
2026-03-28T21:58:04.792,4.452,215,49,142.714294,255,349289421,2331,8
2026-03-28T21:58:04.793,4.453,216,49,142.163269,255,349299360,2322,8
2026-03-28T21:58:04.808,4.468,217,49,141.612244,255,349309314,2313,8
2026-03-28T21:58:04.810,4.470,218,50,141.061218,255,349319259,2304,8
2026-03-28T21:58:04.826,4.486,219,50,140.571426,255,349329223,2296,8
2026-03-28T21:58:04.828,4.488,220,50,140.020416,255,349339157,2287,8
2026-03-28T21:58:04.845,4.505,221,51,139.469391,255,349349128,2278,8
2026-03-28T21:58:04.846,4.506,222,51,138.918365,255,349359059,2269,8
2026-03-28T21:58:04.865,4.524,223,51,138.367340,255,349369018,2260,8
2026-03-28T21:58:04.866,4.526,224,51,137.877548,255,349378959,2252,8
2026-03-28T21:58:04.880,4.540,225,51,137.326523,255,349388912,2243,8
2026-03-28T21:58:04.891,4.551,226,52,136.775513,255,349398853,2234,8
2026-03-28T21:58:04.903,4.563,227,52,136.224487,255,349408812,2225,8
2026-03-28T21:58:04.920,4.580,228,52,135.673477,255,349418747,2216,8
2026-03-28T21:58:04.922,4.581,229,52,135.183685,255,349428704,2208,8
2026-03-28T21:58:04.937,4.597,230,52,134.632660,255,349438638,2199,8
2026-03-28T21:58:04.939,4.599,231,51,134.081635,255,349448589,2190,8
2026-03-28T21:58:04.955,4.615,232,51,133.591843,255,349458527,2182,8
2026-03-28T21:58:04.957,4.617,233,51,133.040817,255,349468485,2173,8
2026-03-28T21:58:04.974,4.633,234,51,132.489792,255,349478418,2164,8
2026-03-28T21:58:04.975,4.635,235,50,132.000000,255,349488379,2156,8
2026-03-28T21:58:04.992,4.651,236,50,131.448975,255,349498315,2147,8
2026-03-28T21:58:05.000,4.659,237,50,130.897964,255,349508277,2138,8
2026-03-28T21:58:05.008,4.668,238,50,130.408173,255,349518218,2130,8
2026-03-28T21:58:05.016,4.676,239,49,129.857147,255,349528178,2121,8
2026-03-28T21:58:05.024,4.684,240,49,129.367355,255,349538111,2113,8
2026-03-28T21:58:05.034,4.694,241,49,128.816330,255,349548071,2104,8
2026-03-28T21:58:05.050,4.710,242,49,128.326538,255,349558003,2096,8
2026-03-28T21:58:05.065,4.725,243,48,127.775513,255,349567964,2087,8
2026-03-28T21:58:05.066,4.726,244,48,127.224487,255,349577903,2078,8
2026-03-28T21:58:05.083,4.742,245,48,126.734695,255,349587859,2070,8
2026-03-28T21:58:05.084,4.744,246,48,126.244896,255,349597791,2062,8
2026-03-28T21:58:05.102,4.761,247,48,125.693886,255,349607751,2053,8
2026-03-28T21:58:05.116,4.776,248,48,125.204079,255,349617685,2045,8
2026-03-28T21:58:05.118,4.778,249,48,124.653053,255,349627646,2036,8
2026-03-28T21:58:05.135,4.795,250,47,124.163261,255,349637583,2028,8
2026-03-28T21:58:05.136,4.796,251,47,123.673470,255,349647545,2020,8
2026-03-28T21:58:05.153,4.813,252,47,123.122452,255,349657483,2011,8
2026-03-28T21:58:05.155,4.815,253,47,122.632660,255,349667442,2003,8
2026-03-28T21:58:05.171,4.831,254,47,122.081635,255,349677375,1994,8
2026-03-28T21:58:05.187,4.847,255,47,121.591843,255,349687335,1986,8
2026-03-28T21:58:05.189,4.849,0,47,121.102036,255,349697266,1978,8
2026-03-28T21:58:05.206,4.865,1,47,120.551018,255,349707227,1969,8
2026-03-28T21:58:05.207,4.867,2,47,120.061226,255,349717157,1961,8
2026-03-28T21:58:05.224,4.884,3,47,119.571426,255,349727113,1953,8
2026-03-28T21:58:05.226,4.886,4,46,119.081635,255,349737041,1945,8
2026-03-28T21:58:05.240,4.900,5,46,118.530617,255,349746997,1936,8
2026-03-28T21:58:05.257,4.917,6,46,118.040825,255,349756929,1928,8
2026-03-28T21:58:05.258,4.918,7,46,117.551018,255,349766896,1920,8
2026-03-28T21:58:05.275,4.935,8,46,117.061226,255,349776836,1912,8
2026-03-28T21:58:05.277,4.936,9,46,116.571434,255,349786790,1904,8
2026-03-28T21:58:05.293,4.952,10,45,116.020409,255,349796729,1895,8
2026-03-28T21:58:05.294,4.954,11,46,115.530617,255,349806685,1887,8
2026-03-28T21:58:05.309,4.969,12,46,115.040817,255,349816623,1879,8
2026-03-28T21:58:05.324,4.984,13,45,114.551018,255,349826585,1871,8
2026-03-28T21:58:05.325,4.985,14,45,114.061226,255,349836522,1863,8
2026-03-28T21:58:05.342,5.002,15,45,113.510208,255,349846481,1854,8
2026-03-28T21:58:05.344,5.004,16,45,113.020416,255,349856417,1846,8
2026-03-28T21:58:05.359,5.018,17,45,112.530609,255,349866374,1838,8
2026-03-28T21:58:05.374,5.034,18,45,112.040817,255,349876309,1830,8
2026-03-28T21:58:05.376,5.036,19,45,111.551025,255,349886269,1822,8
2026-03-28T21:58:05.387,5.047,20,45,111.061218,255,349896215,1814,8
2026-03-28T21:58:05.399,5.059,21,45,110.510208,255,349906174,1805,8
2026-03-28T21:58:05.400,5.060,22,45,110.020409,255,349916112,1797,8
2026-03-28T21:58:05.417,5.077,23,45,109.530609,255,349926074,1789,8
2026-03-28T21:58:05.431,5.091,24,45,109.040817,255,349936014,1781,8
2026-03-28T21:58:05.432,5.092,25,45,108.551018,255,349945980,1773,8
2026-03-28T21:58:05.449,5.109,26,45,108.061226,255,349955915,1765,8
2026-03-28T21:58:05.450,5.110,27,45,107.571426,255,349965874,1757,8
2026-03-28T21:58:05.466,5.126,28,45,107.081635,255,349975816,1749,8
2026-03-28T21:58:05.481,5.141,29,45,106.591835,255,349985784,1741,8
2026-03-28T21:58:05.482,5.142,30,44,106.102043,255,349995720,1733,8
2026-03-28T21:58:05.498,5.158,31,44,105.612251,255,350005681,1725,8
2026-03-28T21:58:05.500,5.160,32,44,105.122444,255,350015617,1717,8
2026-03-28T21:58:05.516,5.175,33,44,104.632652,255,350025579,1709,8
2026-03-28T21:58:05.530,5.190,34,44,104.142860,255,350035524,1701,8
2026-03-28T21:58:05.531,5.191,35,44,103.653069,255,350045491,1693,8
2026-03-28T21:58:05.548,5.207,36,44,103.163261,255,350055426,1685,8
2026-03-28T21:58:05.549,5.209,37,44,102.673470,255,350065386,1677,8
2026-03-28T21:58:05.566,5.226,38,44,102.183678,255,350075320,1669,8
2026-03-28T21:58:05.582,5.241,39,44,101.693871,255,350085281,1661,8
2026-03-28T21:58:05.583,5.243,40,44,101.204079,255,350095218,1653,8
2026-03-28T21:58:05.597,5.257,41,44,100.775505,255,350105181,1646,8
2026-03-28T21:58:05.614,5.274,42,44,100.285713,255,350115119,1638,8
2026-03-28T21:58:05.616,5.276,43,43,99.795921,255,350125079,1630,8
2026-03-28T21:58:05.632,5.292,44,42,99.367348,255,350135015,1623,8
2026-03-28T21:58:05.633,5.293,45,42,98.877556,255,350144978,1615,8
2026-03-28T21:58:05.664,5.324,46,42,98.448982,255,350154911,1608,8
2026-03-28T21:58:05.666,5.325,47,42,98.020409,255,350164872,1601,8
2026-03-28T21:58:05.667,5.327,48,41,97.591835,255,350174813,1594,8
2026-03-28T21:58:05.667,5.327,49,41,97.102036,255,350184773,1586,8
2026-03-28T21:58:05.699,5.358,50,40,96.673462,255,350194712,1579,8
2026-03-28T21:58:05.700,5.360,51,40,96.244904,255,350204677,1572,8
2026-03-28T21:58:05.701,5.361,52,39,95.816330,255,350214615,1565,8
2026-03-28T21:58:05.729,5.389,53,39,95.387756,255,350224584,1558,8
2026-03-28T21:58:05.730,5.390,54,39,94.959183,255,350234518,1551,8
2026-03-28T21:58:05.731,5.391,55,39,94.530617,255,350244489,1544,8
2026-03-28T21:58:05.750,5.409,56,39,94.102043,255,350254427,1537,8
2026-03-28T21:58:05.752,5.412,57,39,93.673470,255,350264392,1530,8
2026-03-28T21:58:05.769,5.429,58,39,93.183678,255,350274331,1522,8
2026-03-28T21:58:05.770,5.430,59,38,92.816330,255,350284298,1516,8
2026-03-28T21:58:05.789,5.449,60,38,92.326523,255,350294242,1508,8
2026-03-28T21:58:05.790,5.450,61,38,91.897964,255,350304201,1501,8
2026-03-28T21:58:05.808,5.468,62,38,91.469391,255,350314145,1494,8
2026-03-28T21:58:05.810,5.470,63,38,91.102043,255,350324111,1488,8
2026-03-28T21:58:05.826,5.486,64,38,90.673470,255,350334046,1481,8
2026-03-28T21:58:05.828,5.488,65,38,90.244896,255,350344011,1474,8
2026-03-28T21:58:05.845,5.505,66,39,89.877548,255,350353944,1468,8
2026-03-28T21:58:05.847,5.507,67,39,89.448975,255,350363903,1461,8
2026-03-28T21:58:05.881,5.541,68,39,89.081635,255,350373845,1455,8
2026-03-28T21:58:05.882,5.542,69,39,88.653061,255,350383811,1448,8
2026-03-28T21:58:05.883,5.543,70,39,88.285713,255,350393745,1442,8
2026-03-28T21:58:05.897,5.556,71,39,87.918373,255,350403710,1436,8
2026-03-28T21:58:05.898,5.557,72,39,87.489792,255,350413645,1429,8
2026-03-28T21:58:05.914,5.574,73,39,87.061226,255,350423611,1422,8
2026-03-28T21:58:05.915,5.575,74,39,86.571426,255,350433551,1414,8
2026-03-28T21:58:05.926,5.586,75,39,86.081627,255,350444521,1406,8
2026-03-28T21:58:05.940,5.600,76,39,85.591835,255,350453458,1398,8
2026-03-28T21:58:05.950,5.610,77,38,85.040817,255,350463430,1389,8
2026-03-28T21:58:05.965,5.625,78,38,84.551025,255,350473366,1381,8
2026-03-28T21:58:05.967,5.626,79,38,84.000000,255,350483332,1372,8
2026-03-28T21:58:05.987,5.647,80,39,83.510201,255,350493267,1364,8
2026-03-28T21:58:05.988,5.648,81,39,82.959183,255,350503233,1355,8
2026-03-28T21:58:06.004,5.664,82,39,82.408165,255,350513173,1346,8
2026-03-28T21:58:06.005,5.665,83,39,81.857140,255,350523140,1337,8
2026-03-28T21:58:06.020,5.680,84,39,81.367348,255,350533083,1329,8
2026-03-28T21:58:06.037,5.697,85,39,80.816322,255,350543047,1320,8
2026-03-28T21:58:06.038,5.698,86,39,80.265312,255,350552988,1311,8
2026-03-28T21:58:06.053,5.713,87,39,79.775513,255,350562950,1303,8
2026-03-28T21:58:06.055,5.715,88,39,79.224487,255,350572895,1294,8
2026-03-28T21:58:06.072,5.732,89,39,78.673470,255,350582859,1285,8
2026-03-28T21:58:06.087,5.747,90,39,78.122452,255,350592791,1276,8
2026-03-28T21:58:06.089,5.749,91,39,77.632652,255,350602756,1268,8
2026-03-28T21:58:06.106,5.766,92,39,77.081635,255,350612692,1259,8
2026-03-28T21:58:06.107,5.767,93,39,76.530609,255,350622648,1250,8
2026-03-28T21:58:06.124,5.784,94,39,75.979591,255,350632591,1241,8
2026-03-28T21:58:06.125,5.785,95,39,75.428574,255,350642550,1232,8
2026-03-28T21:58:06.138,5.798,96,39,74.877548,255,350652503,1223,8
2026-03-28T21:58:06.157,5.817,97,39,74.326530,255,350662472,1214,8
2026-03-28T21:58:06.158,5.818,98,39,73.836739,255,350672412,1206,8
2026-03-28T21:58:06.175,5.835,99,39,73.285713,255,350682377,1197,8
2026-03-28T21:58:06.176,5.836,100,39,72.734695,255,350692315,1188,8
2026-03-28T21:58:06.191,5.851,101,39,72.183670,255,350702273,1179,8
2026-03-28T21:58:06.193,5.852,102,39,71.632652,255,350712216,1170,8
2026-03-28T21:58:06.206,5.866,103,39,71.142860,255,350722182,1162,8
2026-03-28T21:58:06.224,5.884,104,39,70.591835,255,350732120,1153,8
2026-03-28T21:58:06.226,5.886,105,39,70.040817,255,350742088,1144,8
2026-03-28T21:58:06.244,5.904,106,40,69.551018,255,350752025,1136,8
2026-03-28T21:58:06.245,5.905,107,40,69.000000,255,350761990,1127,8
2026-03-28T21:58:06.262,5.922,108,40,68.448982,255,350771932,1118,8
2026-03-28T21:58:06.264,5.924,109,40,67.959183,255,350781900,1110,8
2026-03-28T21:58:06.279,5.939,110,40,67.408157,255,350791841,1101,8
2026-03-28T21:58:06.293,5.953,111,40,66.918365,255,350801802,1093,8
2026-03-28T21:58:06.295,5.955,112,40,66.367348,255,350811747,1084,8
2026-03-28T21:58:06.309,5.969,113,40,65.877556,255,350821716,1076,8
2026-03-28T21:58:06.311,5.971,114,40,65.326530,255,350831658,1067,8
2026-03-28T21:58:06.329,5.989,115,40,64.775505,255,350841628,1058,8
2026-03-28T21:58:06.346,6.005,116,40,64.285713,255,350851567,1050,8
2026-03-28T21:58:06.347,6.007,117,40,63.734695,255,350861529,1041,8
2026-03-28T21:58:06.367,6.027,118,40,63.244896,255,350871465,1033,8
2026-03-28T21:58:06.368,6.028,119,40,62.693878,255,350881433,1024,8
2026-03-28T21:58:06.385,6.045,120,40,62.204079,255,350891374,1016,8
2026-03-28T21:58:06.386,6.046,121,41,61.653065,255,350901341,1007,8
2026-03-28T21:58:06.403,6.063,122,41,61.102039,255,350911278,998,8
2026-03-28T21:58:06.405,6.065,123,41,60.612244,255,350921246,990,8
2026-03-28T21:58:06.422,6.082,124,41,60.122452,255,350931188,982,8
2026-03-28T21:58:06.424,6.084,125,41,59.571426,255,350941151,973,8
2026-03-28T21:58:06.438,6.098,126,41,59.081635,255,350951088,965,8
2026-03-28T21:58:06.441,6.100,127,41,58.530613,255,350961052,956,8
2026-03-28T21:58:06.458,6.118,128,41,58.040813,255,350970990,948,8
2026-03-28T21:58:06.460,6.119,129,41,57.489796,255,350980954,939,8
2026-03-28T21:58:06.473,6.133,130,41,57.000000,255,350990891,931,8
2026-03-28T21:58:06.488,6.148,131,41,56.448978,255,351000851,922,8
2026-03-28T21:58:06.490,6.150,132,42,55.959183,255,351010795,914,8
2026-03-28T21:58:06.507,6.166,133,42,55.469387,255,351020761,906,8
2026-03-28T21:58:06.518,6.178,134,42,54.918369,255,351030700,897,8
2026-03-28T21:58:06.519,6.179,135,42,54.367348,255,351040675,888,8
2026-03-28T21:58:06.534,6.194,136,42,53.877548,255,351050624,880,8
2026-03-28T21:58:06.552,6.212,137,42,53.326530,255,351060590,871,8
2026-03-28T21:58:06.553,6.213,138,42,52.836735,255,351070532,863,8
2026-03-28T21:58:06.569,6.229,139,42,52.285717,255,351080503,854,8
2026-03-28T21:58:06.570,6.230,140,43,51.734695,255,351090447,845,8
2026-03-28T21:58:06.589,6.249,141,43,51.244896,255,351100419,837,8
2026-03-28T21:58:06.591,6.251,142,43,50.693878,255,351110354,828,8
2026-03-28T21:58:06.606,6.266,143,43,50.142857,255,351120328,819,8
2026-03-28T21:58:06.623,6.283,144,43,49.653057,255,351130269,811,8
2026-03-28T21:58:06.625,6.285,145,43,49.102043,255,351140243,802,8
2026-03-28T21:58:06.643,6.302,146,43,48.612244,255,351150187,794,8
2026-03-28T21:58:06.644,6.304,147,43,48.061226,255,351160160,785,8
2026-03-28T21:58:06.661,6.321,148,44,47.510204,255,351170105,776,8
2026-03-28T21:58:06.663,6.323,149,44,47.020405,255,351180081,768,8
2026-03-28T21:58:06.678,6.338,150,44,46.530613,255,351190034,760,8
2026-03-28T21:58:06.680,6.340,151,44,45.979591,255,351199997,751,8
2026-03-28T21:58:06.696,6.356,152,44,45.428574,255,351209948,742,8
2026-03-28T21:58:06.698,6.358,153,44,44.938774,255,351219917,734,8
2026-03-28T21:58:06.715,6.375,154,44,44.387756,255,351229865,725,8
2026-03-28T21:58:06.717,6.377,155,45,43.897957,255,351239840,717,8
2026-03-28T21:58:06.732,6.391,156,45,43.346939,255,351249788,708,8
2026-03-28T21:58:06.750,6.409,157,45,42.857143,255,351259759,700,8
2026-03-28T21:58:06.751,6.411,158,45,42.306122,255,351269710,691,8
2026-03-28T21:58:06.769,6.429,159,46,41.816326,255,351279681,683,8
2026-03-28T21:58:06.770,6.430,160,46,41.265305,255,351289621,674,8
2026-03-28T21:58:06.787,6.447,161,46,40.775509,255,351299591,666,8
2026-03-28T21:58:06.788,6.448,162,47,40.285713,255,351309533,658,8
2026-03-28T21:58:06.801,6.461,163,47,39.734695,255,351319492,649,8
2026-03-28T21:58:06.818,6.478,164,47,39.244896,255,351329432,641,8
2026-03-28T21:58:06.820,6.480,165,48,38.693878,255,351339395,632,8
2026-03-28T21:58:06.835,6.495,166,48,38.204082,255,351349334,624,8
2026-03-28T21:58:06.837,6.496,167,48,37.714287,255,351359298,616,8
2026-03-28T21:58:06.852,6.512,168,49,37.163265,255,351369238,607,8
2026-03-28T21:58:06.870,6.530,169,49,36.673470,255,351379201,599,8
2026-03-28T21:58:06.871,6.531,170,50,36.183674,255,351389147,591,8
2026-03-28T21:58:06.883,6.543,171,50,35.632652,255,351399115,582,8
2026-03-28T21:58:06.902,6.562,172,51,35.142857,255,351409051,574,8
2026-03-28T21:58:06.904,6.564,173,51,34.653061,255,351419018,566,8
2026-03-28T21:58:06.906,6.566,174,52,34.102039,255,351428962,557,8
2026-03-28T21:58:06.923,6.583,175,52,33.612244,255,351438929,549,8
2026-03-28T21:58:06.925,6.585,176,53,33.122448,255,351448873,541,8
2026-03-28T21:58:06.943,6.603,177,54,32.571430,255,351458837,532,8
2026-03-28T21:58:06.961,6.621,178,54,32.081635,255,351468780,524,8
2026-03-28T21:58:06.963,6.623,179,56,31.591835,255,351478737,516,8
2026-03-28T21:58:06.978,6.638,180,57,31.102039,255,351488685,508,8
2026-03-28T21:58:06.980,6.640,181,62,30.612244,255,351498648,500,8
2026-03-28T21:58:06.997,6.657,182,65,30.061226,255,351508585,491,8
2026-03-28T21:58:06.999,6.659,183,66,29.571430,255,351518559,483,8
2026-03-28T21:58:07.014,6.674,184,66,29.081635,255,351528500,475,8
2026-03-28T21:58:07.016,6.676,185,66,28.591835,255,351538472,467,8
2026-03-28T21:58:07.032,6.692,186,66,28.102039,255,351548417,459,8
2026-03-28T21:58:07.048,6.708,187,66,27.612246,255,351558382,451,8
2026-03-28T21:58:07.050,6.710,188,66,27.122450,255,351568331,443,8
2026-03-28T21:58:07.066,6.726,189,66,26.632654,255,351578299,435,8
2026-03-28T21:58:07.068,6.727,190,65,26.081631,255,351588248,426,8
2026-03-28T21:58:07.086,6.746,191,65,25.591835,255,351598213,418,8
2026-03-28T21:58:07.101,6.760,192,65,25.163265,255,351608157,411,8
2026-03-28T21:58:07.102,6.762,193,64,24.979591,255,351618117,408,8
2026-03-28T21:58:07.103,6.763,194,64,24.918367,255,351628065,407,8
2026-03-28T21:58:07.121,6.780,195,64,24.918367,255,351638024,407,8
2026-03-28T21:58:07.137,6.797,196,64,24.918367,255,351647969,407,8
2026-03-28T21:58:07.139,6.798,197,64,24.918367,255,351657931,407,8
2026-03-28T21:58:07.156,6.815,198,64,24.918367,255,351667877,407,8
2026-03-28T21:58:07.157,6.817,199,64,24.918367,255,351677841,407,8
2026-03-28T21:58:07.175,6.835,200,64,24.918367,255,351687781,407,8
2026-03-28T21:58:07.176,6.836,201,64,24.918367,255,351697746,407,8
2026-03-28T21:58:07.192,6.852,202,64,24.918367,255,351707688,407,8
2026-03-28T21:58:07.194,6.854,203,64,25.040817,255,351717652,409,8
2026-03-28T21:58:07.212,6.872,204,64,25.224489,255,351727591,412,8
2026-03-28T21:58:07.214,6.874,205,64,25.469387,255,351737559,416,8
2026-03-28T21:58:07.232,6.892,206,64,25.653061,255,351747497,419,8
2026-03-28T21:58:07.234,6.894,207,64,25.897959,255,351757461,423,8
2026-03-28T21:58:07.252,6.912,208,64,26.081631,255,351767400,426,8
2026-03-28T21:58:07.254,6.914,209,64,26.326530,255,351777368,430,8
2026-03-28T21:58:07.272,6.932,210,65,26.571430,255,351787307,434,8
2026-03-28T21:58:07.273,6.933,211,65,26.816326,255,351797270,438,8
2026-03-28T21:58:07.288,6.948,212,65,27.061226,255,351807207,442,8
2026-03-28T21:58:07.302,6.962,213,65,27.306122,255,351817177,446,8
2026-03-28T21:58:07.304,6.964,214,65,27.551022,255,351827119,450,8
2026-03-28T21:58:07.320,6.979,215,65,27.795918,255,351837084,454,8
2026-03-28T21:58:07.321,6.981,216,65,28.040815,255,351847022,458,8
2026-03-28T21:58:07.335,6.995,217,65,28.285715,255,351856980,462,8
2026-03-28T21:58:07.353,7.013,218,66,28.530611,255,351866918,466,8
2026-03-28T21:58:07.355,7.015,219,66,28.836735,255,351876879,471,8
2026-03-28T21:58:07.374,7.033,220,66,29.081635,255,351886813,475,8
2026-03-28T21:58:07.375,7.035,221,66,29.387754,255,351896774,480,8
2026-03-28T21:58:07.391,7.051,222,66,29.632654,255,351906718,484,8
2026-03-28T21:58:07.393,7.053,223,66,29.938776,255,351916680,489,8
2026-03-28T21:58:07.411,7.070,224,66,30.183674,255,351926620,493,8
2026-03-28T21:58:07.412,7.072,225,66,30.489796,255,351936590,498,8
2026-03-28T21:58:07.429,7.089,226,66,30.795919,255,351946530,503,8
2026-03-28T21:58:07.430,7.090,227,64,31.102039,255,351956498,508,8
2026-03-28T21:58:07.445,7.105,228,62,31.346939,255,351966441,512,8
2026-03-28T21:58:07.460,7.120,229,59,31.714287,255,351976406,518,8
2026-03-28T21:58:07.462,7.122,230,57,31.959183,255,351986345,522,8
2026-03-28T21:58:07.477,7.137,231,56,32.265305,255,351996305,527,8
2026-03-28T21:58:07.494,7.154,232,54,32.571430,255,352006251,532,8
2026-03-28T21:58:07.496,7.156,233,54,32.938778,255,352016214,538,8
2026-03-28T21:58:07.512,7.172,234,54,33.244896,255,352026148,543,8
2026-03-28T21:58:07.514,7.174,235,52,33.551022,255,352036114,548,8
2026-03-28T21:58:07.533,7.193,236,52,33.857143,255,352046058,553,8
2026-03-28T21:58:07.534,7.194,237,52,34.163265,255,352056020,558,8
2026-03-28T21:58:07.550,7.210,238,52,34.530613,255,352065959,564,8
2026-03-28T21:58:07.552,7.212,239,51,34.836735,255,352075920,569,8
2026-03-28T21:58:07.571,7.231,240,50,35.204082,255,352085861,575,8
2026-03-28T21:58:07.572,7.232,241,50,35.510204,255,352095818,580,8
2026-03-28T21:58:07.589,7.249,242,49,35.877552,255,352105750,586,8
2026-03-28T21:58:07.591,7.251,243,50,36.183674,255,352115707,591,8
2026-03-28T21:58:07.609,7.269,244,50,36.551022,255,352125638,597,8
2026-03-28T21:58:07.610,7.270,245,49,36.918369,255,352135602,603,8
2026-03-28T21:58:07.621,7.281,246,49,37.224491,255,352145536,608,8
2026-03-28T21:58:07.630,7.290,247,48,37.591839,255,352155497,614,8
2026-03-28T21:58:07.645,7.305,248,48,37.959183,255,352165430,620,8
2026-03-28T21:58:07.662,7.322,249,48,38.326530,255,352175392,626,8
2026-03-28T21:58:07.664,7.323,250,47,38.693878,255,352185327,632,8
2026-03-28T21:58:07.678,7.338,251,47,39.061226,255,352195289,638,8
2026-03-28T21:58:07.679,7.339,252,47,39.428574,255,352205227,644,8
2026-03-28T21:58:07.696,7.356,253,47,39.795918,255,352215186,650,8
2026-03-28T21:58:07.697,7.357,254,46,40.163265,255,352225125,656,8
2026-03-28T21:58:07.715,7.375,255,46,40.530609,255,352235084,662,8
2026-03-28T21:58:07.733,7.392,0,46,40.897957,255,352245018,668,8
2026-03-28T21:58:07.734,7.394,1,46,41.265305,255,352254984,674,8
2026-03-28T21:58:07.752,7.412,2,46,41.693878,255,352264917,681,8
2026-03-28T21:58:07.753,7.413,3,45,42.061226,255,352274884,687,8
2026-03-28T21:58:07.767,7.427,4,45,42.489796,255,352284817,694,8
2026-03-28T21:58:07.769,7.428,5,45,42.857143,255,352294779,700,8
2026-03-28T21:58:07.785,7.445,6,45,43.285713,255,352304713,707,8
2026-03-28T21:58:07.787,7.446,7,44,43.714287,255,352314674,714,8
2026-03-28T21:58:07.803,7.463,8,44,44.081635,255,352324611,720,8
2026-03-28T21:58:07.814,7.474,9,44,44.510204,255,352334574,727,8
2026-03-28T21:58:07.832,7.492,10,44,44.938774,255,352344510,734,8
2026-03-28T21:58:07.833,7.493,11,44,45.367344,255,352354466,741,8
2026-03-28T21:58:07.850,7.510,12,44,45.734695,255,352364400,747,8
2026-03-28T21:58:07.852,7.512,13,44,46.163261,255,352374364,754,8
2026-03-28T21:58:07.865,7.525,14,43,46.591839,255,352384301,761,8
2026-03-28T21:58:07.866,7.526,15,43,47.020405,255,352394265,768,8
2026-03-28T21:58:07.882,7.542,16,43,47.448978,255,352404197,775,8
2026-03-28T21:58:07.898,7.557,17,43,47.877548,255,352414157,782,8
2026-03-28T21:58:07.899,7.559,18,43,48.306122,255,352424092,789,8
2026-03-28T21:58:07.916,7.576,19,43,48.795918,255,352434048,797,8
2026-03-28T21:58:07.918,7.577,20,43,49.224491,255,352443988,804,8
2026-03-28T21:58:07.931,7.591,21,43,49.653057,255,352453950,811,8
2026-03-28T21:58:07.949,7.609,22,43,50.081635,255,352463886,818,8
2026-03-28T21:58:07.951,7.611,23,42,50.571430,255,352473851,826,8
2026-03-28T21:58:07.970,7.630,24,42,51.061222,255,352483780,834,8
2026-03-28T21:58:07.972,7.632,25,42,51.489799,255,352493734,841,8
2026-03-28T21:58:07.988,7.648,26,42,51.918365,255,352503666,848,8
2026-03-28T21:58:07.990,7.650,27,42,52.408165,255,352513622,856,8
2026-03-28T21:58:08.009,7.669,28,42,52.897957,255,352523551,864,8
2026-03-28T21:58:08.011,7.671,29,42,53.387756,255,352533509,872,8
2026-03-28T21:58:08.029,7.689,30,42,53.877548,255,352543445,880,8
2026-03-28T21:58:08.030,7.690,31,41,54.306122,255,352553401,887,8
2026-03-28T21:58:08.045,7.704,32,41,54.795921,255,352563334,895,8
2026-03-28T21:58:08.046,7.706,33,41,55.285713,255,352573291,903,8
2026-03-28T21:58:08.063,7.723,34,41,55.775513,255,352583221,911,8
2026-03-28T21:58:08.065,7.725,35,41,56.265305,255,352593181,919,8
2026-03-28T21:58:08.081,7.740,36,41,56.755104,255,352603116,927,8
2026-03-28T21:58:08.097,7.757,37,41,57.244896,255,352613069,935,8
2026-03-28T21:58:08.099,7.759,38,41,57.734695,255,352622998,943,8
2026-03-28T21:58:08.115,7.775,39,41,58.285717,255,352632955,952,8
2026-03-28T21:58:08.116,7.776,40,41,58.775509,255,352642892,960,8
2026-03-28T21:58:08.133,7.793,41,40,59.265308,255,352652847,968,8
2026-03-28T21:58:08.134,7.794,42,40,59.755100,255,352662778,976,8
2026-03-28T21:58:08.150,7.810,43,40,60.306122,255,352672736,985,8
2026-03-28T21:58:08.168,7.828,44,40,60.857143,255,352682671,994,8
2026-03-28T21:58:08.170,7.829,45,40,61.346939,255,352692627,1002,8
2026-03-28T21:58:08.187,7.847,46,40,61.897961,255,352702562,1011,8
2026-03-28T21:58:08.188,7.848,47,40,62.387753,255,352712524,1019,8
2026-03-28T21:58:08.203,7.863,48,40,62.938774,255,352722456,1028,8
2026-03-28T21:58:08.205,7.865,49,40,63.489796,255,352732414,1037,8
2026-03-28T21:58:08.221,7.881,50,40,64.040817,255,352742345,1046,8
2026-03-28T21:58:08.222,7.882,51,40,64.530609,255,352752316,1054,8
2026-03-28T21:58:08.241,7.900,52,40,65.081635,255,352762251,1063,8
2026-03-28T21:58:08.242,7.902,53,40,65.632652,255,352772211,1072,8
2026-03-28T21:58:08.259,7.918,54,40,66.183670,255,352782147,1081,8
2026-03-28T21:58:08.277,7.937,55,40,66.734695,255,352792109,1090,8
2026-03-28T21:58:08.278,7.938,56,40,67.285713,255,352802044,1099,8
2026-03-28T21:58:08.294,7.954,57,40,67.836739,255,352812001,1108,8
2026-03-28T21:58:08.295,7.955,58,40,68.448982,255,352821936,1118,8
2026-03-28T21:58:08.311,7.971,59,40,69.000000,255,352831908,1127,8
2026-03-28T21:58:08.313,7.973,60,40,69.551018,255,352841842,1136,8
2026-03-28T21:58:08.329,7.989,61,40,70.102043,255,352851800,1145,8
2026-03-28T21:58:08.345,8.005,62,40,70.653061,255,352861733,1154,8
2026-03-28T21:58:08.347,8.007,63,40,71.265305,255,352871691,1164,8
2026-03-28T21:58:08.364,8.024,64,40,71.816330,255,352881623,1173,8
2026-03-28T21:58:08.365,8.025,65,39,72.428574,255,352891583,1183,8
2026-03-28T21:58:08.383,8.043,66,39,72.979591,255,352901516,1192,8
2026-03-28T21:58:08.384,8.044,67,39,73.591835,255,352911477,1202,8
2026-03-28T21:58:08.401,8.061,68,39,74.204079,255,352921404,1212,8
2026-03-28T21:58:08.403,8.062,69,39,74.755104,255,352931360,1221,8
2026-03-28T21:58:08.417,8.077,70,39,75.367348,255,352941294,1231,8
2026-03-28T21:58:08.429,8.089,71,39,75.979591,255,352951253,1241,8
2026-03-28T21:58:08.431,8.090,72,39,76.591835,255,352961192,1251,8
2026-03-28T21:58:08.447,8.107,73,39,77.142860,255,352971150,1260,8
2026-03-28T21:58:08.464,8.124,74,39,77.755104,255,352981083,1270,8
2026-03-28T21:58:08.466,8.126,75,39,78.367348,255,352991042,1280,8
2026-03-28T21:58:08.480,8.140,76,39,78.979591,255,353000978,1290,8
2026-03-28T21:58:08.482,8.142,77,39,79.591835,255,353010934,1300,8
2026-03-28T21:58:08.502,8.162,78,39,80.204079,255,353020866,1310,8
2026-03-28T21:58:08.503,8.163,79,39,80.755104,255,353030823,1319,8
2026-03-28T21:58:08.518,8.178,80,39,81.367348,255,353040751,1329,8
2026-03-28T21:58:08.519,8.179,81,39,81.979591,255,353050710,1339,8
2026-03-28T21:58:08.534,8.194,82,39,82.591835,255,353060639,1349,8
2026-03-28T21:58:08.551,8.211,83,40,83.142860,255,353070608,1358,8
2026-03-28T21:58:08.553,8.213,84,40,83.755104,255,353080543,1368,8
2026-03-28T21:58:08.568,8.228,85,40,84.367348,255,353090501,1378,8
2026-03-28T21:58:08.570,8.230,86,40,84.918365,255,353100435,1387,8
2026-03-28T21:58:08.584,8.244,87,40,85.469391,255,353110388,1396,8
2026-03-28T21:58:08.600,8.260,88,40,86.081627,255,353120319,1406,8
2026-03-28T21:58:08.602,8.262,89,40,86.693878,255,353130277,1416,8
2026-03-28T21:58:08.618,8.277,90,40,87.244896,255,353140209,1425,8
2026-03-28T21:58:08.619,8.279,91,40,87.795914,255,353150166,1434,8
2026-03-28T21:58:08.635,8.294,92,40,88.408165,255,353160098,1444,8
2026-03-28T21:58:08.652,8.312,93,40,89.020409,255,353170057,1454,8
2026-03-28T21:58:08.654,8.313,94,40,89.571426,255,353179991,1463,8
2026-03-28T21:58:08.670,8.330,95,40,90.122452,255,353189952,1472,8
2026-03-28T21:58:08.672,8.332,96,40,90.734688,255,353199880,1482,8
2026-03-28T21:58:08.689,8.349,97,40,91.346939,255,353209840,1492,8
2026-03-28T21:58:08.690,8.350,98,40,91.897964,255,353219777,1501,8
2026-03-28T21:58:08.707,8.367,99,40,92.448975,255,353229742,1510,8
2026-03-28T21:58:08.709,8.369,100,40,93.061226,255,353239678,1520,8
2026-03-28T21:58:08.726,8.386,101,40,93.612251,255,353249638,1529,8
2026-03-28T21:58:08.728,8.388,102,40,94.224487,255,353259579,1539,8
2026-03-28T21:58:08.743,8.403,103,40,94.775513,255,353269537,1548,8
2026-03-28T21:58:08.761,8.421,104,40,95.387756,255,353279473,1558,8
2026-03-28T21:58:08.762,8.422,105,40,95.938774,255,353289437,1567,8
2026-03-28T21:58:08.777,8.436,106,40,96.551018,255,353299380,1577,8
2026-03-28T21:58:08.778,8.438,107,39,97.102036,255,353309342,1586,8
2026-03-28T21:58:08.793,8.453,108,40,97.714294,255,353319280,1596,8
2026-03-28T21:58:08.809,8.469,109,40,98.326530,255,353329241,1606,8
2026-03-28T21:58:08.811,8.471,110,41,98.877556,255,353339180,1615,8
2026-03-28T21:58:08.843,8.503,111,42,99.489792,255,353349140,1625,8
2026-03-28T21:58:08.844,8.504,112,42,100.102036,255,353359075,1635,8
2026-03-28T21:58:08.845,8.505,113,42,100.653061,255,353369039,1644,8
2026-03-28T21:58:08.846,8.506,114,42,101.265312,255,353378979,1654,8
2026-03-28T21:58:08.861,8.521,115,43,101.877548,255,353388937,1664,8
2026-03-28T21:58:08.881,8.541,116,43,102.428574,255,353398870,1673,8
2026-03-28T21:58:08.882,8.542,117,44,103.040817,255,353408828,1683,8
2026-03-28T21:58:08.898,8.558,118,44,103.591835,255,353418755,1692,8
2026-03-28T21:58:08.901,8.561,119,44,104.204079,255,353428716,1702,8
2026-03-28T21:58:08.916,8.576,120,44,104.755096,255,353438651,1711,8
2026-03-28T21:58:08.917,8.577,121,44,105.367355,255,353448614,1721,8
2026-03-28T21:58:08.934,8.594,122,44,105.918365,255,353458545,1730,8
2026-03-28T21:58:08.935,8.595,123,44,106.530617,255,353468514,1740,8
2026-03-28T21:58:08.951,8.611,124,44,107.142853,255,353478445,1750,8
2026-03-28T21:58:08.966,8.626,125,44,107.693878,255,353488410,1759,8
2026-03-28T21:58:08.968,8.627,126,44,108.306122,255,353498343,1769,8
2026-03-28T21:58:08.982,8.642,127,45,108.857140,255,353508300,1778,8
2026-03-28T21:58:09.000,8.660,128,45,109.469383,255,353518239,1788,8
2026-03-28T21:58:09.002,8.662,129,45,110.081635,255,353528197,1798,8
2026-03-28T21:58:09.020,8.680,130,45,110.632660,255,353538129,1807,8
2026-03-28T21:58:09.022,8.682,131,44,111.183670,255,353548089,1816,8
2026-03-28T21:58:09.038,8.698,132,44,111.795921,255,353558027,1826,8
2026-03-28T21:58:09.039,8.699,133,45,112.408157,255,353567989,1836,8
2026-03-28T21:58:09.055,8.715,134,45,112.959183,255,353577922,1845,8
2026-03-28T21:58:09.056,8.716,135,45,113.571426,255,353587880,1855,8
2026-03-28T21:58:09.072,8.732,136,45,114.122444,255,353597814,1864,8
2026-03-28T21:58:09.074,8.733,137,45,114.734695,255,353607775,1874,8
2026-03-28T21:58:09.087,8.747,138,45,115.346939,255,353617711,1884,8
2026-03-28T21:58:09.101,8.761,139,45,115.897964,255,353627665,1893,8
2026-03-28T21:58:09.116,8.776,140,45,116.510201,255,353637599,1903,8
2026-03-28T21:58:09.118,8.777,141,46,117.061226,255,353647555,1912,8
2026-03-28T21:58:09.134,8.793,142,46,117.673470,255,353657488,1922,8
2026-03-28T21:58:09.135,8.795,143,46,118.285721,255,353667448,1932,8
2026-03-28T21:58:09.150,8.810,144,46,118.836731,255,353677383,1941,8
2026-03-28T21:58:09.152,8.812,145,46,119.448982,255,353687345,1951,8
2026-03-28T21:58:09.168,8.828,146,46,120.000000,255,353697278,1960,8
2026-03-28T21:58:09.185,8.845,147,46,120.612244,255,353707238,1970,8
2026-03-28T21:58:09.187,8.847,148,46,121.224487,255,353717167,1980,8
2026-03-28T21:58:09.203,8.863,149,46,121.775505,255,353727126,1989,8
2026-03-28T21:58:09.205,8.864,150,46,122.387756,255,353737070,1999,8
2026-03-28T21:58:09.221,8.881,151,46,122.938774,255,353747032,2008,8
2026-03-28T21:58:09.223,8.883,152,47,123.551025,255,353756968,2018,8
2026-03-28T21:58:09.238,8.897,153,46,124.163261,255,353766935,2028,8
2026-03-28T21:58:09.255,8.915,154,47,124.714287,255,353776874,2037,8
2026-03-28T21:58:09.256,8.916,155,47,125.326530,255,353786840,2047,8
2026-03-28T21:58:09.273,8.932,156,47,125.877548,255,353796777,2056,8
2026-03-28T21:58:09.274,8.934,157,48,126.489792,255,353806745,2066,8
2026-03-28T21:58:09.291,8.951,158,48,127.102043,255,353816689,2076,8
2026-03-28T21:58:09.292,8.952,159,48,127.653061,255,353826654,2085,8
2026-03-28T21:58:09.308,8.968,160,48,128.265305,255,353836595,2095,8
2026-03-28T21:58:09.325,8.985,161,48,128.816330,255,353846564,2104,8
2026-03-28T21:58:09.326,8.986,162,49,129.428574,255,353856496,2114,8
2026-03-28T21:58:09.341,9.001,163,49,130.040817,255,353866460,2124,8
2026-03-28T21:58:09.343,9.003,164,49,130.591827,255,353876395,2133,8
2026-03-28T21:58:09.358,9.018,165,49,131.204086,255,353886356,2143,8
2026-03-28T21:58:09.376,9.036,166,50,131.755112,255,353896292,2152,8
2026-03-28T21:58:09.378,9.038,167,50,132.367340,255,353906251,2162,8
2026-03-28T21:58:09.393,9.053,168,50,132.979584,255,353916188,2172,8
2026-03-28T21:58:09.395,9.055,169,50,133.530609,255,353926144,2181,8
2026-03-28T21:58:09.409,9.069,170,50,134.142853,255,353936079,2191,8
2026-03-28T21:58:09.410,9.070,171,50,134.693878,255,353946041,2200,8
2026-03-28T21:58:09.428,9.088,172,50,135.306122,255,353955978,2210,8
2026-03-28T21:58:09.443,9.103,173,50,135.918365,255,353965935,2220,8
2026-03-28T21:58:09.444,9.104,174,51,136.469391,255,353975867,2229,8
2026-03-28T21:58:09.460,9.119,175,51,137.081635,255,353985829,2239,8
2026-03-28T21:58:09.461,9.121,176,51,137.632660,255,353995763,2248,8
2026-03-28T21:58:09.476,9.136,177,52,138.244888,255,354005717,2258,8
2026-03-28T21:58:09.494,9.154,178,52,138.857147,255,354015651,2268,8
2026-03-28T21:58:09.496,9.156,179,52,139.408173,255,354025613,2277,8
2026-03-28T21:58:09.515,9.175,180,52,140.020416,255,354035553,2287,8
2026-03-28T21:58:09.516,9.176,181,52,140.571426,255,354045513,2296,8
2026-03-28T21:58:09.532,9.192,182,52,141.183670,255,354055452,2306,8
2026-03-28T21:58:09.534,9.194,183,52,141.795929,255,354065417,2316,8
2026-03-28T21:58:09.551,9.211,184,51,142.346939,255,354075354,2325,8
2026-03-28T21:58:09.553,9.213,185,51,142.959183,255,354085321,2335,8
2026-03-28T21:58:09.567,9.227,186,51,143.510208,255,354095265,2344,8
2026-03-28T21:58:09.568,9.228,187,50,144.122452,255,354105223,2354,8
2026-03-28T21:58:09.583,9.243,188,50,144.673477,255,354115160,2363,8
2026-03-28T21:58:09.600,9.260,189,50,145.285721,255,354125118,2373,8
2026-03-28T21:58:09.602,9.261,190,50,145.836731,255,354135055,2382,8
2026-03-28T21:58:09.618,9.278,191,49,146.448975,255,354145012,2392,8
2026-03-28T21:58:09.619,9.279,192,49,147.000000,255,354154947,2401,8
2026-03-28T21:58:09.638,9.298,193,49,147.612244,255,354164908,2411,8
2026-03-28T21:58:09.639,9.299,194,48,148.163269,255,354174843,2420,8
2026-03-28T21:58:09.657,9.317,195,48,148.775513,255,354184805,2430,8
2026-03-28T21:58:09.658,9.318,196,47,149.326523,255,354194736,2439,8
2026-03-28T21:58:09.676,9.336,197,47,149.938782,255,354204700,2449,8
2026-03-28T21:58:09.677,9.337,198,45,150.489807,255,354214629,2458,8
2026-03-28T21:58:09.692,9.352,199,40,151.102036,255,354224588,2468,8
2026-03-28T21:58:09.709,9.369,200,33,151.714279,255,354234523,2478,8
2026-03-28T21:58:09.711,9.371,201,31,152.265305,255,354244482,2487,8
2026-03-28T21:58:09.731,9.391,202,31,152.816330,255,354254417,2496,8
2026-03-28T21:58:09.732,9.392,203,31,153.428574,255,354264375,2506,8
2026-03-28T21:58:09.750,9.410,204,31,153.979584,255,354274310,2515,8
2026-03-28T21:58:09.751,9.411,205,30,154.591843,255,354284271,2525,8
2026-03-28T21:58:09.770,9.430,206,30,155.142853,255,354294201,2534,8
2026-03-28T21:58:09.771,9.431,207,30,155.755112,255,354304159,2544,8
2026-03-28T21:58:09.790,9.450,208,30,156.306122,255,354314088,2553,8
2026-03-28T21:58:09.791,9.451,209,30,156.918365,255,354324044,2563,8
2026-03-28T21:58:09.807,9.467,210,30,157.469391,255,354333985,2572,8
2026-03-28T21:58:09.809,9.469,211,30,158.081635,255,354343940,2582,8
2026-03-28T21:58:09.826,9.486,212,30,158.632660,255,354353875,2591,8
2026-03-28T21:58:09.828,9.488,213,30,159.183670,255,354363829,2600,8
2026-03-28T21:58:09.846,9.506,214,31,159.795914,255,354373769,2610,8
2026-03-28T21:58:09.847,9.507,215,31,160.346939,255,354383726,2619,8
2026-03-28T21:58:09.864,9.524,216,31,160.959183,255,354393666,2629,8
2026-03-28T21:58:09.866,9.525,217,31,161.510208,255,354403625,2638,8
2026-03-28T21:58:09.883,9.543,218,31,162.122437,255,354413562,2648,8
2026-03-28T21:58:09.903,9.563,219,31,162.673462,255,354423517,2657,8
2026-03-28T21:58:09.906,9.565,220,31,163.285721,255,354433449,2667,8
2026-03-28T21:58:09.908,9.568,221,31,163.836731,255,354443412,2676,8
2026-03-28T21:58:09.923,9.583,222,32,164.387756,255,354453346,2685,8
2026-03-28T21:58:09.939,9.599,223,32,165.000000,255,354463305,2695,8
2026-03-28T21:58:09.941,9.600,224,32,165.551010,255,354473242,2704,8
2026-03-28T21:58:09.957,9.617,225,32,166.163269,255,354483207,2714,8
2026-03-28T21:58:09.959,9.618,226,32,166.714294,255,354493142,2723,8
2026-03-28T21:58:09.973,9.633,227,32,167.265305,255,354503100,2732,8
2026-03-28T21:58:09.976,9.636,228,33,167.877548,255,354513036,2742,8
2026-03-28T21:58:09.993,9.653,229,32,168.428574,255,354522997,2751,8
2026-03-28T21:58:09.995,9.654,230,33,168.979599,255,354532929,2760,8
2026-03-28T21:58:10.009,9.669,231,33,169.591843,255,354542885,2770,8
2026-03-28T21:58:10.025,9.685,232,33,170.142853,255,354552817,2779,8
2026-03-28T21:58:10.027,9.686,233,33,170.755096,255,354562786,2789,8
2026-03-28T21:58:10.044,9.704,234,33,171.306122,255,354572722,2798,8
2026-03-28T21:58:10.045,9.705,235,34,171.918365,255,354582681,2808,8
2026-03-28T21:58:10.061,9.721,236,34,172.469391,255,354592615,2817,8
2026-03-28T21:58:10.076,9.736,237,34,173.020416,255,354602571,2826,8
2026-03-28T21:58:10.078,9.738,238,34,173.632645,255,354612517,2836,8
2026-03-28T21:58:10.094,9.754,239,34,174.183670,255,354622477,2845,8
2026-03-28T21:58:10.095,9.755,240,34,174.734695,255,354632411,2854,8
2026-03-28T21:58:10.112,9.772,241,35,175.346939,255,354642370,2864,8
2026-03-28T21:58:10.113,9.773,242,35,175.897964,255,354652303,2873,8
2026-03-28T21:58:10.123,9.783,243,35,176.448975,255,354662268,2882,8
2026-03-28T21:58:10.141,9.801,244,35,177.061218,255,354672201,2892,8
2026-03-28T21:58:10.143,9.802,245,35,177.612244,255,354682165,2901,8
2026-03-28T21:58:10.159,9.819,246,35,178.163269,255,354692091,2910,8
2026-03-28T21:58:10.174,9.834,247,35,178.775513,255,354702055,2920,8
2026-03-28T21:58:10.175,9.835,248,35,179.326523,255,354711980,2929,8
2026-03-28T21:58:10.189,9.849,249,35,179.877548,255,354721954,2938,8
2026-03-28T21:58:10.206,9.866,250,35,180.489792,255,354731888,2948,8
2026-03-28T21:58:10.207,9.867,251,35,181.040833,255,354741850,2957,8
2026-03-28T21:58:10.223,9.883,252,35,181.591843,255,354751778,2966,8
2026-03-28T21:58:10.224,9.884,253,35,182.204086,255,354761736,2976,8
2026-03-28T21:58:10.240,9.900,254,35,182.755096,255,354771664,2985,8
2026-03-28T21:58:10.242,9.902,255,36,183.306107,255,354781620,2994,8
2026-03-28T21:58:10.258,9.918,0,35,183.918365,255,354791546,3004,8
2026-03-28T21:58:10.274,9.934,1,35,184.469391,255,354801508,3013,8
2026-03-28T21:58:10.276,9.935,2,35,185.020416,255,354811439,3022,8
2026-03-28T21:58:10.294,9.954,3,35,185.571426,255,354821403,3031,8
2026-03-28T21:58:10.295,9.955,4,35,186.183670,255,354831329,3041,8
2026-03-28T21:58:10.311,9.971,5,35,186.734680,255,354841290,3050,8
2026-03-28T21:58:10.313,9.973,6,35,187.285721,255,354851223,3059,8
2026-03-28T21:58:10.330,9.990,7,35,187.897964,255,354861190,3069,8
2026-03-28T21:58:10.331,9.991,8,35,188.448975,255,354871121,3078,8
2026-03-28T21:58:10.364,10.024,9,35,188.999985,255,354881084,3087,8
2026-03-28T21:58:10.365,10.025,10,35,189.551025,255,354891011,3096,8
2026-03-28T21:58:10.366,10.026,11,35,190.163254,255,354900972,3106,8
2026-03-28T21:58:10.395,10.055,12,35,190.714294,255,354910908,3115,8
2026-03-28T21:58:10.396,10.056,13,35,191.265305,255,354920868,3124,8
2026-03-28T21:58:10.397,10.057,14,35,191.877548,255,354930810,3134,8
2026-03-28T21:58:10.426,10.086,15,36,192.428558,255,354940778,3143,8
2026-03-28T21:58:10.427,10.087,16,36,192.979599,255,354950716,3152,8
2026-03-28T21:58:10.428,10.088,17,35,193.530609,255,354960677,3161,8
2026-03-28T21:58:10.455,10.114,18,35,194.081635,255,354970610,3170,8
2026-03-28T21:58:10.456,10.116,19,36,194.693878,255,354980570,3180,8
2026-03-28T21:58:10.457,10.117,20,36,195.244904,255,354990510,3189,8
2026-03-28T21:58:10.471,10.131,21,36,195.795914,255,355000466,3198,8
2026-03-28T21:58:10.472,10.132,22,36,196.408173,255,355010405,3208,8
2026-03-28T21:58:10.486,10.146,23,37,196.959183,255,355020369,3217,8
2026-03-28T21:58:10.502,10.162,24,37,197.510208,255,355030302,3226,8
2026-03-28T21:58:10.503,10.163,25,37,198.061218,255,355040265,3235,8
2026-03-28T21:58:10.516,10.176,26,37,198.612228,255,355050199,3244,8
2026-03-28T21:58:10.531,10.191,27,38,199.224487,255,355060159,3254,8
2026-03-28T21:58:10.532,10.192,28,39,199.775513,255,355070099,3263,8
2026-03-28T21:58:10.546,10.206,29,39,200.326538,255,355080049,3272,8
2026-03-28T21:58:10.561,10.221,30,39,200.877548,255,355089991,3281,8
2026-03-28T21:58:10.562,10.222,31,40,201.428574,255,355099940,3290,8
2026-03-28T21:58:10.574,10.233,32,41,202.040802,255,355109871,3300,8
2026-03-28T21:58:10.589,10.249,33,43,202.591843,255,355119836,3309,8
2026-03-28T21:58:10.591,10.251,34,46,203.142853,255,355129771,3318,8
2026-03-28T21:58:10.608,10.268,35,47,203.693878,255,355139727,3327,8
2026-03-28T21:58:10.610,10.270,36,51,204.244888,255,355149658,3336,8
2026-03-28T21:58:10.625,10.285,37,82,204.857147,255,355159621,3346,8
2026-03-28T21:58:10.653,10.313,38,99,205.408157,255,355169552,3355,8
2026-03-28T21:58:10.654,10.314,39,102,205.959198,255,355179489,3364,8
2026-03-28T21:58:10.656,10.316,40,103,206.510208,255,355189420,3373,8
2026-03-28T21:58:10.688,10.348,41,98,207.061218,255,355199404,3382,8
2026-03-28T21:58:10.689,10.349,42,75,207.612244,255,355209341,3391,8
2026-03-28T21:58:10.692,10.351,43,66,208.163254,255,355219305,3400,8
2026-03-28T21:58:10.693,10.353,44,60,208.714294,255,355229238,3409,8
2026-03-28T21:58:10.709,10.369,45,59,209.265305,255,355239200,3418,8
2026-03-28T21:58:10.710,10.370,46,58,209.816330,255,355249136,3427,8
2026-03-28T21:58:10.725,10.385,47,57,210.367355,255,355259095,3436,8
2026-03-28T21:58:10.741,10.401,48,56,210.979599,255,355269176,3446,8
2026-03-28T21:58:10.743,10.403,49,56,211.530609,255,355278990,3455,8
2026-03-28T21:58:10.760,10.420,50,56,212.081619,255,355288924,3464,8
2026-03-28T21:58:10.762,10.422,51,55,212.632660,255,355298889,3473,8
2026-03-28T21:58:10.777,10.437,52,54,213.183670,255,355308825,3482,8
2026-03-28T21:58:10.780,10.440,53,53,213.734695,255,355318786,3491,8
2026-03-28T21:58:10.796,10.456,54,52,214.285706,255,355328716,3500,8
2026-03-28T21:58:10.797,10.457,55,52,214.897964,255,355338679,3510,8
2026-03-28T21:58:10.813,10.473,56,51,215.448975,255,355348616,3519,8
2026-03-28T21:58:10.830,10.490,57,51,216.000015,255,355358576,3528,8
2026-03-28T21:58:10.833,10.493,58,51,216.551025,255,355368515,3537,8
2026-03-28T21:58:10.849,10.509,59,50,217.102036,255,355378466,3546,8
2026-03-28T21:58:10.852,10.512,60,50,217.653061,255,355388409,3555,8
2026-03-28T21:58:10.867,10.527,61,50,218.204071,255,355398365,3564,8
2026-03-28T21:58:10.869,10.528,62,50,218.816330,255,355408298,3574,8
2026-03-28T21:58:10.881,10.541,63,50,219.367340,255,355418256,3583,8
2026-03-28T21:58:10.898,10.558,64,50,219.918365,255,355428190,3592,8
2026-03-28T21:58:10.899,10.559,65,50,220.469391,255,355438148,3601,8
2026-03-28T21:58:10.916,10.576,66,50,221.020416,255,355448083,3610,8
2026-03-28T21:58:10.918,10.578,67,50,221.571426,255,355458042,3619,8
2026-03-28T21:58:10.934,10.593,68,50,222.122437,255,355467978,3628,8
2026-03-28T21:58:10.935,10.595,69,50,222.734695,255,355477937,3638,8
2026-03-28T21:58:10.949,10.609,70,50,223.285706,255,355487870,3647,8
2026-03-28T21:58:10.965,10.625,71,49,223.836731,255,355497831,3656,8
2026-03-28T21:58:10.967,10.626,72,49,224.387741,255,355507764,3665,8
2026-03-28T21:58:10.985,10.645,73,49,224.938782,255,355517722,3674,8
2026-03-28T21:58:10.986,10.646,74,49,225.489792,255,355527658,3683,8
2026-03-28T21:58:11.003,10.663,75,50,226.040833,255,355537615,3692,8
2026-03-28T21:58:11.004,10.664,76,50,226.591843,255,355547545,3701,8
2026-03-28T21:58:11.021,10.680,77,51,227.142853,255,355557507,3710,8
2026-03-28T21:58:11.037,10.696,78,50,227.755096,255,355567449,3720,8
2026-03-28T21:58:11.038,10.698,79,50,228.306107,255,355577407,3729,8
2026-03-28T21:58:11.051,10.711,80,50,228.857147,255,355587343,3738,8
2026-03-28T21:58:11.067,10.727,81,50,229.408157,255,355597298,3747,8
2026-03-28T21:58:11.069,10.729,82,50,229.959183,255,355607234,3756,8
2026-03-28T21:58:11.084,10.744,83,50,230.510208,255,355617195,3765,8
2026-03-28T21:58:11.086,10.746,84,50,231.061234,255,355627130,3774,8
2026-03-28T21:58:11.102,10.761,85,50,231.612244,255,355637086,3783,8
2026-03-28T21:58:11.103,10.763,86,50,232.163254,255,355647020,3792,8
2026-03-28T21:58:11.116,10.776,87,50,232.714294,255,355656979,3801,8
2026-03-28T21:58:11.133,10.792,88,50,233.265305,255,355666912,3810,8
2026-03-28T21:58:11.134,10.794,89,50,233.816330,255,355676867,3819,8
2026-03-28T21:58:11.150,10.810,90,50,234.367340,255,355686801,3828,8
2026-03-28T21:58:11.166,10.826,91,50,234.918365,255,355696759,3837,8
2026-03-28T21:58:11.168,10.828,92,51,235.469391,255,355706697,3846,8
2026-03-28T21:58:11.181,10.841,93,52,236.020401,255,355716659,3855,8
2026-03-28T21:58:11.183,10.843,94,52,236.571442,255,355726596,3864,8
2026-03-28T21:58:11.196,10.855,95,52,237.183670,255,355736555,3874,8
2026-03-28T21:58:11.210,10.870,96,52,237.673462,255,355746490,3882,8
2026-03-28T21:58:11.225,10.885,97,52,238.285706,255,355756449,3892,8
2026-03-28T21:58:11.227,10.887,98,53,238.775497,255,355766387,3900,8
2026-03-28T21:58:11.244,10.904,99,53,239.326538,255,355776342,3909,8
2026-03-28T21:58:11.246,10.906,100,53,239.877548,255,355786279,3918,8
2026-03-28T21:58:11.262,10.922,101,53,240.428589,255,355796236,3927,8
2026-03-28T21:58:11.264,10.924,102,52,240.979599,255,355806157,3936,8
2026-03-28T21:58:11.278,10.938,103,52,241.530609,255,355816117,3945,8
2026-03-28T21:58:11.294,10.954,104,52,242.081635,255,355826043,3954,8
2026-03-28T21:58:11.295,10.955,105,53,242.632645,255,355836001,3963,8
2026-03-28T21:58:11.310,10.970,106,53,243.183685,255,355845934,3972,8
2026-03-28T21:58:11.313,10.972,107,53,243.734695,255,355855889,3981,8
2026-03-28T21:58:11.324,10.983,108,53,244.285706,255,355865819,3990,8
2026-03-28T21:58:11.339,10.999,109,53,244.836731,255,355875776,3999,8
2026-03-28T21:58:11.354,11.014,110,53,245.387756,255,355885705,4008,8
2026-03-28T21:58:11.355,11.015,111,53,245.938782,255,355895659,4017,8
2026-03-28T21:58:11.368,11.028,112,53,246.489792,255,355905587,4026,8
2026-03-28T21:58:11.377,11.037,113,53,247.040802,255,355915552,4035,8
2026-03-28T21:58:11.391,11.051,114,53,247.591843,255,355925482,4044,8
2026-03-28T21:58:11.392,11.052,115,54,248.142853,255,355935436,4053,8
2026-03-28T21:58:11.407,11.067,116,56,248.693878,255,355945372,4062,8
2026-03-28T21:58:11.421,11.081,117,57,249.244888,255,355955324,4071,8
2026-03-28T21:58:11.422,11.082,118,56,249.795929,255,355965262,4080,8
2026-03-28T21:58:11.437,11.097,119,55,250.346939,255,355975223,4089,8
2026-03-28T21:58:11.453,11.113,120,54,250.897949,255,355985157,4098,8
2026-03-28T21:58:11.454,11.114,121,54,251.387772,255,355995115,4106,8
2026-03-28T21:58:11.468,11.128,122,54,251.938782,255,356005042,4115,8
2026-03-28T21:58:11.470,11.130,123,54,252.489792,255,356015002,4124,8
2026-03-28T21:58:11.479,11.139,124,53,253.102036,255,356024937,4134,8
2026-03-28T21:58:11.498,11.158,125,53,253.591827,255,356034897,4142,8
2026-03-28T21:58:11.500,11.160,126,52,254.204086,255,356044833,4152,8
2026-03-28T21:58:11.515,11.175,127,51,254.693878,255,356054787,4160,8
2026-03-28T21:58:11.528,11.188,128,51,255.306122,255,356064731,4170,8
2026-03-28T21:58:11.530,11.189,129,51,255.857147,255,356074695,4179,8
2026-03-28T21:58:11.545,11.204,130,50,256.408142,255,356084627,4188,8
2026-03-28T21:58:11.559,11.219,131,50,256.897980,255,356094594,4196,8
2026-03-28T21:58:11.560,11.220,132,50,257.510193,255,356104525,4206,8
2026-03-28T21:58:11.576,11.236,133,49,258.000000,255,356114487,4214,8
2026-03-28T21:58:11.579,11.239,134,49,258.612244,255,356124427,4224,8
2026-03-28T21:58:11.595,11.255,135,48,259.102020,255,356134390,4232,8
2026-03-28T21:58:11.611,11.271,136,48,259.714294,255,356144324,4242,8
2026-03-28T21:58:11.613,11.273,137,48,260.204071,255,356154276,4250,8
2026-03-28T21:58:11.625,11.285,138,48,260.755127,255,356164222,4259,8
2026-03-28T21:58:11.641,11.301,139,48,261.306122,255,356174184,4268,8
2026-03-28T21:58:11.643,11.303,140,48,261.857147,255,356184119,4277,8
2026-03-28T21:58:11.658,11.318,141,48,262.408173,255,356194075,4286,8
2026-03-28T21:58:11.659,11.319,142,48,262.959167,255,356204009,4295,8
2026-03-28T21:58:11.672,11.332,143,48,263.510223,255,356213967,4304,8
2026-03-28T21:58:11.689,11.349,144,48,264.061218,255,356223906,4313,8
2026-03-28T21:58:11.690,11.350,145,48,264.612244,255,356233865,4322,8
2026-03-28T21:58:11.704,11.364,146,48,265.163269,255,356243800,4331,8
2026-03-28T21:58:11.718,11.378,147,48,265.714294,255,356253756,4340,8
2026-03-28T21:58:11.720,11.380,148,48,266.265320,255,356263689,4349,8
2026-03-28T21:58:11.734,11.394,149,48,266.816315,255,356273645,4358,8
2026-03-28T21:58:11.748,11.408,150,47,267.367340,255,356283582,4367,8
2026-03-28T21:58:11.749,11.409,151,47,267.918365,255,356293536,4376,8
2026-03-28T21:58:11.768,11.428,152,46,268.408173,255,356303465,4384,8
2026-03-28T21:58:11.770,11.430,153,46,268.959167,255,356313426,4393,8
2026-03-28T21:58:11.786,11.446,154,45,269.510193,255,356323360,4402,8
2026-03-28T21:58:11.788,11.448,155,44,270.061218,255,356333316,4411,8
2026-03-28T21:58:11.801,11.461,156,43,270.612244,255,356343248,4420,8
2026-03-28T21:58:11.817,11.477,157,43,271.163269,255,356353208,4429,8
2026-03-28T21:58:11.818,11.478,158,43,271.714294,255,356363141,4438,8
2026-03-28T21:58:11.832,11.491,159,43,272.265320,255,356373099,4447,8
2026-03-28T21:58:11.846,11.506,160,42,272.816315,255,356383033,4456,8
2026-03-28T21:58:11.847,11.507,161,42,273.306122,255,356392990,4464,8
2026-03-28T21:58:11.863,11.523,162,41,273.857147,255,356402927,4473,8
2026-03-28T21:58:11.877,11.537,163,41,274.408142,255,356412888,4482,8
2026-03-28T21:58:11.878,11.538,164,41,274.959198,255,356422820,4491,8
2026-03-28T21:58:11.892,11.552,165,41,275.510193,255,356432775,4500,8
2026-03-28T21:58:11.909,11.569,166,41,276.061249,255,356442709,4509,8
2026-03-28T21:58:11.910,11.570,167,40,276.612244,255,356452672,4518,8
2026-03-28T21:58:11.925,11.585,168,40,277.102051,255,356462606,4526,8
2026-03-28T21:58:11.927,11.587,169,40,277.653076,255,356472567,4535,8
2026-03-28T21:58:11.940,11.600,170,40,278.204071,255,356482504,4544,8
2026-03-28T21:58:11.955,11.615,171,40,278.755096,255,356492470,4553,8
2026-03-28T21:58:11.957,11.617,172,40,279.306122,255,356502402,4562,8
2026-03-28T21:58:11.972,11.632,173,40,279.795929,255,356512364,4570,8
2026-03-28T21:58:11.987,11.647,174,40,280.346924,255,356522295,4579,8
2026-03-28T21:58:11.988,11.648,175,39,280.897980,255,356532255,4588,8
2026-03-28T21:58:12.004,11.664,176,39,281.448975,255,356542187,4597,8
2026-03-28T21:58:12.006,11.665,177,39,282.000000,255,356552144,4606,8
2026-03-28T21:58:12.020,11.680,178,39,282.489807,255,356562079,4614,8
2026-03-28T21:58:12.035,11.695,179,39,283.102020,255,356572034,4624,8
2026-03-28T21:58:12.036,11.696,180,39,283.591858,255,356581957,4632,8
2026-03-28T21:58:12.051,11.711,181,39,284.142853,255,356591909,4641,8
2026-03-28T21:58:12.065,11.725,182,39,284.693878,255,356601848,4650,8
2026-03-28T21:58:12.066,11.726,183,39,285.244904,255,356611804,4659,8
2026-03-28T21:58:12.082,11.742,184,39,285.734711,255,356621729,4667,8
2026-03-28T21:58:12.084,11.743,185,39,286.285706,255,356631690,4676,8
2026-03-28T21:58:12.099,11.759,186,39,286.836731,255,356641625,4685,8
2026-03-28T21:58:12.110,11.770,187,39,287.387756,255,356651586,4694,8
2026-03-28T21:58:12.119,11.779,188,39,287.938782,255,356661521,4703,8
2026-03-28T21:58:12.130,11.790,189,39,288.428589,255,356671479,4711,8
2026-03-28T21:58:12.140,11.800,190,38,288.979584,255,356681415,4720,8
2026-03-28T21:58:12.157,11.817,191,38,289.530609,255,356691374,4729,8
2026-03-28T21:58:12.158,11.818,192,38,290.081635,255,356701307,4738,8
2026-03-28T21:58:12.173,11.833,193,38,290.571442,255,356711270,4746,8
2026-03-28T21:58:12.175,11.835,194,38,291.122437,255,356721199,4755,8
2026-03-28T21:58:12.190,11.850,195,38,291.673462,255,356731151,4764,8
2026-03-28T21:58:12.192,11.852,196,38,292.224487,255,356741085,4773,8
2026-03-28T21:58:12.206,11.866,197,38,292.775513,255,356751045,4782,8
2026-03-28T21:58:12.221,11.881,198,38,293.265320,255,356760973,4790,8
2026-03-28T21:58:12.222,11.882,199,38,293.816315,255,356770934,4799,8
2026-03-28T21:58:12.237,11.897,200,38,294.367340,255,356780869,4808,8
2026-03-28T21:58:12.254,11.914,201,38,294.857147,255,356790832,4816,8
2026-03-28T21:58:12.256,11.915,202,38,295.408173,255,356800768,4825,8
2026-03-28T21:58:12.271,11.931,203,38,295.959198,255,356810727,4834,8
2026-03-28T21:58:12.272,11.932,204,37,296.510193,255,356820659,4843,8
2026-03-28T21:58:12.285,11.945,205,37,297.061218,255,356830617,4852,8
2026-03-28T21:58:12.301,11.961,206,37,297.551025,255,356840552,4860,8
2026-03-28T21:58:12.302,11.962,207,37,298.102051,255,356850509,4869,8
2026-03-28T21:58:12.317,11.977,208,37,298.653046,255,356860442,4878,8
2026-03-28T21:58:12.332,11.992,209,37,299.142853,255,356870399,4886,8
2026-03-28T21:58:12.334,11.994,210,37,299.693878,255,356880325,4895,8
2026-03-28T21:58:12.349,12.009,211,37,300.244904,255,356890292,4904,8
2026-03-28T21:58:12.350,12.010,212,37,300.795929,255,356900220,4913,8
2026-03-28T21:58:12.367,12.027,213,37,301.285706,255,356910172,4921,8
2026-03-28T21:58:12.383,12.043,214,37,301.836731,255,356920098,4930,8
2026-03-28T21:58:12.384,12.044,215,37,302.387756,255,356930054,4939,8
2026-03-28T21:58:12.400,12.060,216,37,302.938782,255,356939987,4948,8
2026-03-28T21:58:12.401,12.061,217,37,303.428558,255,356949940,4956,8
2026-03-28T21:58:12.414,12.074,218,37,303.979584,255,356959874,4965,8
2026-03-28T21:58:12.428,12.088,219,37,304.530609,255,356969826,4974,8
2026-03-28T21:58:12.430,12.090,220,37,305.020416,255,356979753,4982,8
2026-03-28T21:58:12.442,12.102,221,37,305.571442,255,356989713,4991,8
2026-03-28T21:58:12.459,12.118,222,37,306.122437,255,356999645,5000,8
2026-03-28T21:58:12.460,12.120,223,37,306.612244,255,357009606,5008,8
2026-03-28T21:58:12.473,12.133,224,37,307.163269,255,357019535,5017,8
2026-03-28T21:58:12.488,12.148,225,37,307.714294,255,357029489,5026,8
2026-03-28T21:58:12.490,12.150,226,37,308.204071,255,357039417,5034,8
2026-03-28T21:58:12.506,12.165,227,37,308.755096,255,357049377,5043,8
2026-03-28T21:58:12.521,12.181,228,37,309.244904,255,357059302,5051,8
2026-03-28T21:58:12.522,12.182,229,37,309.795898,255,357069258,5060,8
2026-03-28T21:58:12.537,12.196,230,37,310.346954,255,357079189,5069,8
2026-03-28T21:58:12.552,12.212,231,37,310.836731,255,357089144,5077,8
2026-03-28T21:58:12.553,12.213,232,37,311.387756,255,357099075,5086,8
2026-03-28T21:58:12.568,12.228,233,37,311.938782,255,357109033,5095,8
2026-03-28T21:58:12.570,12.230,234,37,312.428589,255,357118967,5103,8
2026-03-28T21:58:12.584,12.244,235,37,312.979584,255,357128930,5112,8
2026-03-28T21:58:12.598,12.258,236,37,313.469391,255,357138857,5120,8
2026-03-28T21:58:12.599,12.259,237,36,314.020416,255,357148814,5129,8
2026-03-28T21:58:12.614,12.274,238,36,314.571411,255,357158740,5138,8
2026-03-28T21:58:12.629,12.289,239,36,315.061218,255,357168707,5146,8
2026-03-28T21:58:12.630,12.290,240,36,315.551025,255,357178636,5154,8
2026-03-28T21:58:12.645,12.305,241,36,316.102051,255,357188592,5163,8
2026-03-28T21:58:12.656,12.316,242,36,316.653046,255,357198517,5172,8
2026-03-28T21:58:12.657,12.317,243,36,317.142853,255,357208473,5180,8
2026-03-28T21:58:12.670,12.330,244,36,317.693878,255,357218398,5189,8
2026-03-28T21:58:12.680,12.340,245,35,318.183685,255,357228359,5197,8
2026-03-28T21:58:12.695,12.355,246,36,318.734680,255,357238287,5206,8
2026-03-28T21:58:12.697,12.357,247,36,319.224487,255,357248239,5214,8
2026-03-28T21:58:12.714,12.374,248,35,319.775513,255,357258176,5223,8
2026-03-28T21:58:12.730,12.390,249,35,320.265320,255,357268139,5231,8
2026-03-28T21:58:12.731,12.391,250,35,320.816315,255,357278063,5240,8
2026-03-28T21:58:12.746,12.406,251,35,321.306122,255,357288027,5248,8
2026-03-28T21:58:12.748,12.407,252,35,321.795929,255,357297958,5256,8
2026-03-28T21:58:12.762,12.422,253,34,322.346924,255,357307917,5265,8
2026-03-28T21:58:12.779,12.438,254,34,322.897980,255,357317852,5274,8
2026-03-28T21:58:12.780,12.440,255,33,323.387756,255,357327813,5282,8
2026-03-28T21:58:12.794,12.454,0,33,323.877563,255,357337746,5290,8
2026-03-28T21:58:12.809,12.469,1,33,324.428558,255,357347704,5299,8
2026-03-28T21:58:12.810,12.470,2,32,324.918365,255,357357635,5307,8
2026-03-28T21:58:12.825,12.485,3,32,325.408173,255,357367592,5315,8
2026-03-28T21:58:12.826,12.486,4,32,325.959198,255,357377523,5324,8
2026-03-28T21:58:12.841,12.501,5,32,326.448975,255,357387481,5332,8
2026-03-28T21:58:12.857,12.516,6,32,326.938782,255,357397414,5340,8
2026-03-28T21:58:12.858,12.518,7,32,327.489807,255,357407370,5349,8
2026-03-28T21:58:12.871,12.531,8,32,327.979584,255,357417302,5357,8
2026-03-28T21:58:12.887,12.547,9,32,328.469391,255,357427261,5365,8
2026-03-28T21:58:12.888,12.548,10,32,329.020386,255,357437192,5374,8
2026-03-28T21:58:12.897,12.557,11,32,329.510223,255,357447153,5382,8
2026-03-28T21:58:12.908,12.568,12,32,330.000000,255,357457088,5390,8
2026-03-28T21:58:12.923,12.583,13,32,330.551025,255,357467051,5399,8
2026-03-28T21:58:12.925,12.585,14,32,331.040802,255,357476983,5407,8
2026-03-28T21:58:12.936,12.596,15,32,331.591858,255,357486938,5416,8
2026-03-28T21:58:12.952,12.612,16,31,332.081635,255,357496870,5424,8
2026-03-28T21:58:12.966,12.626,17,31,332.571442,255,357506824,5432,8
2026-03-28T21:58:12.967,12.627,18,31,333.061218,255,357516754,5440,8
2026-03-28T21:58:12.976,12.636,19,31,333.612244,255,357526704,5449,8
2026-03-28T21:58:12.984,12.644,20,31,334.102051,255,357536632,5457,8
2026-03-28T21:58:13.003,12.663,21,30,334.653046,255,357546588,5466,8
2026-03-28T21:58:13.004,12.664,22,30,335.142853,255,357556516,5474,8
2026-03-28T21:58:13.019,12.679,23,30,335.632660,255,357566466,5482,8
2026-03-28T21:58:13.033,12.692,24,30,336.183685,255,357576401,5491,8
2026-03-28T21:58:13.035,12.695,25,30,336.673462,255,357586359,5499,8
2026-03-28T21:58:13.051,12.710,26,30,337.224487,255,357596287,5508,8
2026-03-28T21:58:13.065,12.724,27,29,337.714264,255,357606246,5516,8
2026-03-28T21:58:13.066,12.726,28,29,338.265320,255,357616173,5525,8
2026-03-28T21:58:13.094,12.754,29,29,338.816315,255,357626129,5534,8
2026-03-28T21:58:13.096,12.755,30,29,339.306122,255,357636061,5542,8
2026-03-28T21:58:13.096,12.756,31,29,339.857147,255,357646018,5551,8
2026-03-28T21:58:13.112,12.772,32,29,340.408173,255,357655951,5560,8
2026-03-28T21:58:13.114,12.774,33,29,340.897949,255,357665910,5568,8
2026-03-28T21:58:13.129,12.789,34,29,341.448975,255,357675844,5577,8
2026-03-28T21:58:13.145,12.805,35,29,342.000000,255,357685802,5586,8
2026-03-28T21:58:13.148,12.808,36,29,342.489777,255,357695730,5594,8
2026-03-28T21:58:13.163,12.823,37,29,343.040833,255,357705694,5603,8
2026-03-28T21:58:13.165,12.825,38,29,343.591827,255,357715628,5612,8
2026-03-28T21:58:13.180,12.840,39,29,344.081635,255,357725586,5620,8
2026-03-28T21:58:13.193,12.853,40,29,344.571411,255,357735519,5628,8
2026-03-28T21:58:13.194,12.854,41,29,345.122437,255,357745485,5637,8
2026-03-28T21:58:13.210,12.870,42,29,345.673462,255,357755417,5646,8
2026-03-28T21:58:13.212,12.872,43,29,346.163269,255,357765373,5654,8
2026-03-28T21:58:13.227,12.887,44,29,346.714294,255,357775311,5663,8
2026-03-28T21:58:13.241,12.901,45,29,347.204071,255,357785261,5671,8
2026-03-28T21:58:13.242,12.902,46,30,347.755096,255,357795201,5680,8
2026-03-28T21:58:13.258,12.918,47,30,348.244904,255,357805158,5688,8
2026-03-28T21:58:13.272,12.932,48,31,348.795929,255,357815088,5697,8
2026-03-28T21:58:13.274,12.934,49,31,349.346924,255,357825048,5706,8
2026-03-28T21:58:13.289,12.949,50,32,349.836731,255,357834985,5714,8
2026-03-28T21:58:13.306,12.966,51,33,350.387756,255,357844940,5723,8
2026-03-28T21:58:13.308,12.968,52,33,350.877563,255,357854877,5731,8
2026-03-28T21:58:13.321,12.981,53,33,351.428558,255,357864843,5740,8
2026-03-28T21:58:13.323,12.982,54,33,351.979584,255,357874777,5749,8
2026-03-28T21:58:13.338,12.998,55,33,352.469391,255,357884736,5757,8
2026-03-28T21:58:13.353,13.013,56,33,353.020386,255,357894672,5766,8
2026-03-28T21:58:13.354,13.014,57,33,353.571442,255,357904628,5775,8
2026-03-28T21:58:13.371,13.031,58,34,354.061218,255,357914561,5783,8
2026-03-28T21:58:13.373,13.033,59,34,354.612244,255,357924520,5792,8
2026-03-28T21:58:13.388,13.048,60,34,355.163269,255,357934445,5801,8
2026-03-28T21:58:13.403,13.063,61,35,355.714294,255,357944411,5810,8
2026-03-28T21:58:13.405,13.065,62,35,356.204071,255,357954341,5818,8
2026-03-28T21:58:13.421,13.081,63,34,356.755096,255,357964302,5827,8
2026-03-28T21:58:13.422,13.082,64,34,357.306122,255,357974228,5836,8
2026-03-28T21:58:13.438,13.098,65,34,357.795898,255,357984193,5844,8
2026-03-28T21:58:13.440,13.100,66,34,358.346954,255,357994125,5853,8
2026-03-28T21:58:13.452,13.112,67,34,358.897949,255,358004084,5862,8
2026-03-28T21:58:13.466,13.126,68,33,359.387756,255,358014022,5870,8
2026-03-28T21:58:13.483,13.143,69,33,359.938782,255,358023982,5879,8
2026-03-28T21:58:13.484,13.144,70,33,0.489796,255,358033918,8,8
2026-03-28T21:58:13.493,13.153,71,33,0.979592,255,358043877,16,8
2026-03-28T21:58:13.504,13.163,72,33,1.530612,255,358053808,25,8
2026-03-28T21:58:13.522,13.182,73,33,2.081633,255,358063774,34,8
2026-03-28T21:58:13.524,13.184,74,33,2.571429,255,358073708,42,8
2026-03-28T21:58:13.540,13.200,75,33,3.122449,255,358083672,51,8
2026-03-28T21:58:13.542,13.202,76,33,3.673469,255,358093604,60,8
2026-03-28T21:58:13.557,13.217,77,33,4.163265,255,358103564,68,8
2026-03-28T21:58:13.558,13.218,78,33,4.653061,255,358113494,76,8
2026-03-28T21:58:13.573,13.232,79,33,5.204082,255,358123455,85,8
2026-03-28T21:58:13.589,13.249,80,33,5.755102,255,358133384,94,8
2026-03-28T21:58:13.590,13.250,81,33,6.244898,255,358143341,102,8
2026-03-28T21:58:13.606,13.266,82,33,6.795918,255,358153271,111,8
2026-03-28T21:58:13.622,13.282,83,33,7.346939,255,358163229,120,8
2026-03-28T21:58:13.624,13.284,84,33,7.836735,255,358173157,128,8
2026-03-28T21:58:13.637,13.297,85,33,8.387755,255,358183110,137,8
2026-03-28T21:58:13.638,13.298,86,33,8.877551,255,358193045,145,8
2026-03-28T21:58:13.655,13.315,87,32,9.428572,255,358203002,154,8
2026-03-28T21:58:13.672,13.332,88,32,9.918367,255,358212933,162,8
2026-03-28T21:58:13.674,13.334,89,32,10.469388,255,358222886,171,8
2026-03-28T21:58:13.690,13.350,90,32,11.020409,255,358232818,180,8
2026-03-28T21:58:13.692,13.351,91,31,11.510203,255,358242778,188,8
2026-03-28T21:58:13.707,13.367,92,31,12.061225,255,358252711,197,8
2026-03-28T21:58:13.709,13.369,93,32,12.551021,255,358262668,205,8
2026-03-28T21:58:13.724,13.384,94,32,13.102041,255,358272607,214,8
2026-03-28T21:58:13.740,13.400,95,33,13.591837,255,358282568,222,8
2026-03-28T21:58:13.742,13.402,96,33,14.081633,255,358292507,230,8
2026-03-28T21:58:13.755,13.415,97,33,14.632653,255,358302467,239,8
2026-03-28T21:58:13.757,13.417,98,33,15.122449,255,358312398,247,8
2026-03-28T21:58:13.773,13.433,99,33,15.673470,255,358322357,256,8
2026-03-28T21:58:13.785,13.445,100,32,16.163265,255,358332292,264,8
2026-03-28T21:58:13.787,13.446,101,32,16.653061,255,358342244,272,8
2026-03-28T21:58:13.804,13.463,102,33,17.142857,255,358352178,280,8
2026-03-28T21:58:13.820,13.480,103,33,17.693876,255,358362138,289,8
2026-03-28T21:58:13.821,13.481,104,33,18.183674,255,358372068,297,8
2026-03-28T21:58:13.835,13.495,105,33,18.734694,255,358382028,306,8
2026-03-28T21:58:13.837,13.496,106,33,19.224491,255,358391959,314,8
2026-03-28T21:58:13.852,13.512,107,33,19.714287,255,358401916,322,8
2026-03-28T21:58:13.865,13.525,108,32,20.204081,255,358411853,330,8
2026-03-28T21:58:13.867,13.527,109,32,20.755102,255,358421812,339,8
2026-03-28T21:58:13.875,13.535,110,32,21.244898,255,358431754,347,8
2026-03-28T21:58:13.885,13.545,111,33,21.734694,255,358441708,355,8
2026-03-28T21:58:13.898,13.558,112,32,22.224491,255,358451650,363,8
2026-03-28T21:58:13.916,13.576,113,32,22.775511,255,358461608,372,8
2026-03-28T21:58:13.918,13.578,114,32,23.265306,255,358471541,380,8
2026-03-28T21:58:13.931,13.591,115,33,23.755102,255,358481499,388,8
2026-03-28T21:58:13.946,13.606,116,33,24.244898,255,358491431,396,8
2026-03-28T21:58:13.947,13.607,117,33,24.734694,255,358501390,404,8
2026-03-28T21:58:13.963,13.623,118,33,25.285715,255,358511330,413,8
2026-03-28T21:58:13.965,13.625,119,33,25.775511,255,358521288,421,8
2026-03-28T21:58:13.979,13.639,120,32,26.265306,255,358531226,429,8
2026-03-28T21:58:13.996,13.656,121,32,26.755102,255,358541185,437,8
2026-03-28T21:58:13.997,13.657,122,32,27.306122,255,358551126,446,8
2026-03-28T21:58:14.014,13.674,123,32,27.673470,255,358561082,452,8
2026-03-28T21:58:14.016,13.676,124,31,27.857143,255,358571020,455,8
2026-03-28T21:58:14.027,13.687,125,31,27.979591,255,358580983,457,8
2026-03-28T21:58:14.042,13.702,126,31,28.040815,255,358590918,458,8
2026-03-28T21:58:14.044,13.703,127,31,28.040815,255,358600883,458,8
2026-03-28T21:58:14.055,13.715,128,31,28.040815,255,358610822,458,8
2026-03-28T21:58:14.066,13.726,129,31,28.040815,255,358620784,458,8
2026-03-28T21:58:14.075,13.735,130,32,28.040815,255,358630714,458,8
2026-03-28T21:58:14.086,13.746,131,32,28.040815,255,358640685,458,8
2026-03-28T21:58:14.101,13.761,132,32,28.040815,255,358650618,458,8
2026-03-28T21:58:14.112,13.772,133,32,28.040815,255,358660577,458,8
2026-03-28T21:58:14.113,13.773,134,34,27.979591,255,358670512,457,8
2026-03-28T21:58:14.128,13.788,135,34,27.979591,255,358680478,457,8
2026-03-28T21:58:14.138,13.798,136,34,27.979591,255,358690410,457,8
2026-03-28T21:58:14.147,13.807,137,36,27.979591,255,358700370,457,8
2026-03-28T21:58:14.159,13.819,138,37,27.979591,255,358710309,457,8
2026-03-28T21:58:14.173,13.833,139,41,27.979591,255,358720272,457,8
2026-03-28T21:58:14.174,13.834,140,49,27.979591,255,358730208,457,8
2026-03-28T21:58:14.185,13.845,141,56,27.979591,255,358740166,457,8
2026-03-28T21:58:14.197,13.857,142,61,27.979591,255,358750105,457,8
2026-03-28T21:58:14.207,13.867,143,63,27.979591,255,358760065,457,8
2026-03-28T21:58:14.215,13.875,144,64,27.979591,255,358770004,457,8
2026-03-28T21:58:14.229,13.889,145,64,27.979591,255,358779970,457,8
2026-03-28T21:58:14.242,13.902,146,63,27.979591,255,358789906,457,8
2026-03-28T21:58:14.244,13.904,147,63,27.979591,255,358799868,457,8
2026-03-28T21:58:14.257,13.916,148,62,27.979591,255,358809801,457,8
2026-03-28T21:58:14.270,13.929,149,61,27.979591,255,358819771,457,8
2026-03-28T21:58:14.279,13.939,150,60,27.979591,255,358829710,457,8
2026-03-28T21:58:14.293,13.953,151,58,27.979591,255,358839669,457,8
2026-03-28T21:58:14.294,13.954,152,55,27.979591,255,358849609,457,8
2026-03-28T21:58:14.303,13.963,153,53,27.979591,255,358859574,457,8
2026-03-28T21:58:14.316,13.976,154,51,27.979591,255,358869509,457,8
2026-03-28T21:58:14.326,13.986,155,45,27.979591,255,358879471,457,8
2026-03-28T21:58:14.340,14.000,156,44,27.979591,255,358889397,457,8
2026-03-28T21:58:14.341,14.001,157,47,27.979591,255,358899368,457,8
2026-03-28T21:58:14.355,14.014,158,55,27.979591,255,358909303,457,8
2026-03-28T21:58:14.371,14.031,159,60,27.979591,255,358919261,457,8
2026-03-28T21:58:14.372,14.032,160,63,27.979591,255,358929191,457,8
2026-03-28T21:58:14.387,14.047,161,62,27.979591,255,358939160,457,8
2026-03-28T21:58:14.403,14.063,162,62,27.979591,255,358949094,457,8
2026-03-28T21:58:14.404,14.064,163,62,27.979591,255,358959055,457,8
2026-03-28T21:58:14.419,14.079,164,63,27.979591,255,358968992,457,8
2026-03-28T21:58:14.421,14.081,165,64,27.979591,255,358978958,457,8
2026-03-28T21:58:14.434,14.094,166,64,27.979591,255,358988896,457,8
2026-03-28T21:58:14.451,14.111,167,64,27.979591,255,358998856,457,8
2026-03-28T21:58:14.452,14.112,168,65,27.979591,255,359008792,457,8
2026-03-28T21:58:14.467,14.127,169,65,27.979591,255,359018753,457,8
2026-03-28T21:58:14.478,14.137,170,65,27.979591,255,359028690,457,8
2026-03-28T21:58:14.479,14.139,171,65,27.979591,255,359038647,457,8
2026-03-28T21:58:14.490,14.150,172,65,27.979591,255,359048582,457,8
2026-03-28T21:58:14.506,14.166,173,65,27.979591,255,359058539,457,8
2026-03-28T21:58:14.518,14.178,174,65,27.979591,255,359068478,457,8
2026-03-28T21:58:14.519,14.179,175,65,27.979591,255,359078435,457,8
2026-03-28T21:58:14.529,14.189,176,65,27.918367,255,359088374,456,8
2026-03-28T21:58:14.539,14.199,177,65,27.795918,255,359098331,454,8
2026-03-28T21:58:14.549,14.209,178,65,27.551022,255,359108265,450,8
2026-03-28T21:58:14.559,14.219,179,64,27.306122,255,359118227,446,8
2026-03-28T21:58:14.575,14.235,180,64,27.000002,255,359128162,441,8
2026-03-28T21:58:14.588,14.248,181,64,26.693878,255,359138117,436,8
2026-03-28T21:58:14.590,14.249,182,64,26.326530,255,359148064,430,8
2026-03-28T21:58:14.604,14.263,183,64,26.020407,255,359158025,425,8
2026-03-28T21:58:14.617,14.277,184,63,25.653061,255,359167961,419,8
2026-03-28T21:58:14.618,14.278,185,63,25.285715,255,359177923,413,8
2026-03-28T21:58:14.630,14.290,186,62,24.918367,255,359187854,407,8
2026-03-28T21:58:14.641,14.301,187,61,24.551022,255,359197815,401,8
2026-03-28T21:58:14.650,14.310,188,59,24.122450,255,359207752,394,8
2026-03-28T21:58:14.664,14.323,189,50,23.755102,255,359217706,388,8
2026-03-28T21:58:14.674,14.334,190,31,23.387754,255,359227644,382,8
2026-03-28T21:58:17.059,16.719,191,28,246.979584,255,361625378,4034,8
2026-03-28T21:58:17.113,16.773,192,28,246.367355,255,361635318,4024,8
2026-03-28T21:58:17.115,16.774,193,28,245.816330,255,361645275,4015,8
2026-03-28T21:58:17.116,16.776,194,28,245.265320,255,361655207,4006,8
2026-03-28T21:58:17.117,16.777,195,28,244.653061,255,361665168,3996,8
2026-03-28T21:58:17.118,16.778,196,28,244.102051,255,361675104,3987,8
2026-03-28T21:58:17.119,16.779,197,28,243.551010,255,361685072,3978,8
2026-03-28T21:58:17.134,16.794,198,28,242.938782,255,361695011,3968,8
2026-03-28T21:58:17.136,16.796,199,28,242.387756,255,361704978,3959,8
2026-03-28T21:58:17.151,16.811,200,28,241.836746,255,361714913,3950,8
2026-03-28T21:58:17.153,16.813,201,28,241.224487,255,361724878,3940,8
2026-03-28T21:58:17.166,16.826,202,29,240.673477,255,361734812,3931,8
2026-03-28T21:58:17.181,16.840,203,29,240.122452,255,361744773,3922,8
2026-03-28T21:58:17.182,16.842,204,29,239.510208,255,361754714,3912,8
2026-03-28T21:58:17.197,16.857,205,29,238.959183,255,361764681,3903,8
2026-03-28T21:58:17.211,16.871,206,29,238.408173,255,361774619,3894,8
2026-03-28T21:58:17.212,16.872,207,29,237.795914,255,361784575,3884,8
2026-03-28T21:58:17.226,16.886,208,29,237.244904,255,361794511,3875,8
2026-03-28T21:58:17.240,16.900,209,29,236.693878,255,361804478,3866,8
2026-03-28T21:58:17.242,16.902,210,29,236.081650,255,361814420,3856,8
2026-03-28T21:58:17.257,16.917,211,30,235.530609,255,361824385,3847,8
2026-03-28T21:58:17.273,16.933,212,30,234.979599,255,361834329,3838,8
2026-03-28T21:58:17.274,16.934,213,30,234.367340,255,361844297,3828,8
2026-03-28T21:58:17.288,16.948,214,30,233.816330,255,361854239,3819,8
2026-03-28T21:58:17.303,16.963,215,30,233.265305,255,361864201,3810,8
2026-03-28T21:58:17.304,16.964,216,30,232.653076,255,361874140,3800,8
2026-03-28T21:58:17.318,16.978,217,30,232.102036,255,361884098,3791,8
2026-03-28T21:58:17.332,16.992,218,30,231.551025,255,361894039,3782,8
2026-03-28T21:58:17.334,16.994,219,31,230.938782,255,361904008,3772,8
2026-03-28T21:58:17.349,17.009,220,31,230.387756,255,361913952,3763,8
2026-03-28T21:58:17.351,17.011,221,31,229.836731,255,361923920,3754,8
2026-03-28T21:58:17.366,17.025,222,31,229.224472,255,361933857,3744,8
2026-03-28T21:58:17.380,17.040,223,31,228.673462,255,361943823,3735,8
2026-03-28T21:58:17.382,17.042,224,32,228.122452,255,361953758,3726,8
2026-03-28T21:58:17.396,17.056,225,32,227.510208,255,361963732,3716,8
2026-03-28T21:58:17.413,17.072,226,32,226.959198,255,361973671,3707,8
2026-03-28T21:58:17.414,17.074,227,33,226.408157,255,361983639,3698,8
2026-03-28T21:58:17.429,17.089,228,36,225.795914,255,361993577,3688,8
2026-03-28T21:58:17.431,17.091,229,41,225.244904,255,362003541,3679,8
2026-03-28T21:58:17.444,17.104,230,46,224.693878,255,362013477,3670,8
2026-03-28T21:58:17.461,17.121,231,48,224.081635,255,362023444,3660,8
2026-03-28T21:58:17.462,17.122,232,49,223.530624,255,362033384,3651,8
2026-03-28T21:58:17.476,17.136,233,50,222.979584,255,362043350,3642,8
2026-03-28T21:58:17.489,17.149,234,50,222.367340,255,362053290,3632,8
2026-03-28T21:58:17.491,17.150,235,50,221.816330,255,362063253,3623,8
2026-03-28T21:58:17.506,17.166,236,50,221.265320,255,362073195,3614,8
2026-03-28T21:58:17.520,17.180,237,50,220.653061,255,362083162,3604,8
2026-03-28T21:58:17.522,17.181,238,50,220.102051,255,362093098,3595,8
2026-03-28T21:58:17.536,17.196,239,50,219.551010,255,362103053,3586,8
2026-03-28T21:58:17.553,17.213,240,50,218.938766,255,362112991,3576,8
2026-03-28T21:58:17.554,17.214,241,50,218.387756,255,362122953,3567,8
2026-03-28T21:58:17.569,17.228,242,50,217.836746,255,362132899,3558,8
2026-03-28T21:58:17.570,17.230,243,50,217.224487,255,362142860,3548,8
2026-03-28T21:58:17.585,17.244,244,50,216.673477,255,362152799,3539,8
2026-03-28T21:58:17.599,17.258,245,50,216.122452,255,362162756,3530,8
2026-03-28T21:58:17.600,17.260,246,50,215.510193,255,362172700,3520,8
2026-03-28T21:58:17.613,17.273,247,50,214.959183,255,362182665,3511,8
2026-03-28T21:58:17.628,17.287,248,50,214.408173,255,362192600,3502,8
2026-03-28T21:58:17.629,17.289,249,51,213.795914,255,362202568,3492,8
2026-03-28T21:58:17.644,17.304,250,51,213.244904,255,362212508,3483,8
2026-03-28T21:58:17.659,17.319,251,51,212.693878,255,362222474,3474,8
2026-03-28T21:58:17.661,17.321,252,52,212.142868,255,362232415,3465,8
2026-03-28T21:58:17.676,17.336,253,53,211.530609,255,362242385,3455,8
2026-03-28T21:58:17.679,17.338,254,54,210.979599,255,362252330,3446,8
2026-03-28T21:58:17.693,17.353,255,54,210.428574,255,362262298,3437,8
2026-03-28T21:58:17.707,17.367,0,55,209.877548,255,362272246,3428,8
2026-03-28T21:58:17.708,17.368,1,55,209.265305,255,362282206,3418,8
2026-03-28T21:58:17.725,17.385,2,56,208.714294,255,362292141,3409,8
2026-03-28T21:58:17.726,17.386,3,60,208.163254,255,362302106,3400,8
2026-03-28T21:58:17.741,17.401,4,67,207.551025,255,362312048,3390,8
2026-03-28T21:58:17.758,17.418,5,77,207.000000,255,362322017,3381,8
2026-03-28T21:58:17.759,17.419,6,89,206.448990,255,362331960,3372,8
2026-03-28T21:58:17.774,17.434,7,96,205.836731,255,362341924,3362,8
2026-03-28T21:58:17.789,17.449,8,97,205.285721,255,362351871,3353,8
2026-03-28T21:58:17.790,17.450,9,97,204.734680,255,362361835,3344,8
2026-03-28T21:58:17.806,17.466,10,99,204.122452,255,362371772,3334,8
2026-03-28T21:58:17.807,17.467,11,100,203.571426,255,362381723,3325,8
2026-03-28T21:58:17.821,17.481,12,99,203.020416,255,362391660,3316,8
2026-03-28T21:58:17.836,17.496,13,71,202.469376,255,362401649,3307,8
2026-03-28T21:58:17.838,17.498,14,58,201.918365,255,362411592,3298,8
2026-03-28T21:58:17.855,17.515,15,55,201.306122,255,362421561,3288,8
2026-03-28T21:58:17.857,17.517,16,53,200.755112,255,362431503,3279,8
2026-03-28T21:58:17.871,17.531,17,52,200.204071,255,362441465,3270,8
2026-03-28T21:58:17.889,17.549,18,51,199.653061,255,362451408,3261,8
2026-03-28T21:58:17.890,17.550,19,50,199.102051,255,362461371,3252,8
2026-03-28T21:58:17.907,17.567,20,49,198.489792,255,362471319,3242,8
2026-03-28T21:58:17.908,17.568,21,48,197.938782,255,362481290,3233,8
2026-03-28T21:58:17.925,17.585,22,47,197.387756,255,362491228,3224,8
2026-03-28T21:58:17.927,17.587,23,47,196.836746,255,362501195,3215,8
2026-03-28T21:58:17.944,17.604,24,46,196.285706,255,362511138,3206,8
2026-03-28T21:58:17.946,17.605,25,45,195.673477,255,362521101,3196,8
2026-03-28T21:58:17.960,17.620,26,45,195.122452,255,362531179,3187,8
2026-03-28T21:58:17.977,17.637,27,44,194.571426,255,362541004,3178,8
2026-03-28T21:58:17.979,17.638,28,44,193.959183,255,362550947,3168,8
2026-03-28T21:58:17.995,17.655,29,44,193.408173,255,362560907,3159,8
2026-03-28T21:58:17.996,17.656,30,44,192.857132,255,362570850,3150,8
2026-03-28T21:58:18.012,17.672,31,44,192.306122,255,362580811,3141,8
2026-03-28T21:58:18.028,17.688,32,43,191.755096,255,362590745,3132,8
2026-03-28T21:58:18.030,17.690,33,43,191.142868,255,362600708,3122,8
2026-03-28T21:58:18.044,17.703,34,43,190.591827,255,362610637,3113,8
2026-03-28T21:58:18.045,17.705,35,43,190.040817,255,362620606,3104,8
2026-03-28T21:58:18.064,17.724,36,42,189.428558,255,362630545,3094,8
2026-03-28T21:58:18.066,17.726,37,42,188.877548,255,362640508,3085,8
2026-03-28T21:58:18.081,17.741,38,42,188.326523,255,362650446,3076,8
2026-03-28T21:58:18.083,17.743,39,42,187.775513,255,362660407,3067,8
2026-03-28T21:58:18.098,17.758,40,41,187.224503,255,362670351,3058,8
2026-03-28T21:58:18.115,17.774,41,41,186.612244,255,362680315,3048,8
2026-03-28T21:58:18.116,17.776,42,41,186.061234,255,362690253,3039,8
2026-03-28T21:58:18.130,17.790,43,41,185.510208,255,362700217,3030,8
2026-03-28T21:58:18.146,17.806,44,41,184.897949,255,362710156,3020,8
2026-03-28T21:58:18.148,17.808,45,41,184.346939,255,362720123,3011,8
2026-03-28T21:58:18.163,17.823,46,40,183.795929,255,362730065,3002,8
2026-03-28T21:58:18.164,17.824,47,40,183.183670,255,362740028,2992,8
2026-03-28T21:58:18.180,17.840,48,40,182.632660,255,362749959,2983,8
2026-03-28T21:58:18.194,17.854,49,39,182.081635,255,362759926,2974,8
2026-03-28T21:58:18.195,17.855,50,39,181.530624,255,362769866,2965,8
2026-03-28T21:58:18.212,17.872,51,39,180.979584,255,362779826,2956,8
2026-03-28T21:58:18.213,17.873,52,38,180.367355,255,362789762,2946,8
2026-03-28T21:58:18.229,17.889,53,38,179.816315,255,362799728,2937,8
2026-03-28T21:58:18.247,17.906,54,37,179.265305,255,362809667,2928,8
2026-03-28T21:58:18.248,17.908,55,37,178.714294,255,362819629,2919,8
2026-03-28T21:58:18.263,17.923,56,37,178.102036,255,362829568,2909,8
2026-03-28T21:58:18.266,17.926,57,37,177.551025,255,362839539,2900,8
2026-03-28T21:58:18.284,17.944,58,36,177.000000,255,362849475,2891,8
2026-03-28T21:58:18.285,17.945,59,36,176.448975,255,362859441,2882,8
2026-03-28T21:58:18.301,17.960,60,36,175.836746,255,362869390,2872,8
2026-03-28T21:58:18.302,17.962,61,36,175.285721,255,362879360,2863,8
2026-03-28T21:58:18.317,17.976,62,36,174.734695,255,362889299,2854,8
2026-03-28T21:58:18.332,17.992,63,35,174.122452,255,362899273,2844,8
2026-03-28T21:58:18.333,17.993,64,35,173.571426,255,362909218,2835,8
2026-03-28T21:58:18.349,18.009,65,35,173.020416,255,362919188,2826,8
2026-03-28T21:58:18.351,18.010,66,35,172.469391,255,362929133,2817,8
2026-03-28T21:58:18.366,18.026,67,34,171.918365,255,362939104,2808,8
2026-03-28T21:58:18.381,18.041,68,34,171.306122,255,362949044,2798,8
2026-03-28T21:58:18.382,18.042,69,34,170.755096,255,362959012,2789,8
2026-03-28T21:58:18.399,18.059,70,34,170.204086,255,362968953,2780,8
2026-03-28T21:58:18.400,18.060,71,34,169.653061,255,362978923,2771,8
2026-03-28T21:58:18.416,18.076,72,34,169.102051,255,362988867,2762,8
2026-03-28T21:58:18.433,18.093,73,34,168.489792,255,362998834,2752,8
2026-03-28T21:58:18.434,18.094,74,34,167.938766,255,363008774,2743,8
2026-03-28T21:58:18.451,18.111,75,34,167.387756,255,363018738,2734,8
2026-03-28T21:58:18.453,18.113,76,33,166.836731,255,363028678,2725,8
2026-03-28T21:58:18.466,18.126,77,33,166.285721,255,363038650,2716,8
2026-03-28T21:58:18.483,18.143,78,33,165.673477,255,363048591,2706,8
2026-03-28T21:58:18.484,18.144,79,33,165.122452,255,363058554,2697,8
2026-03-28T21:58:18.503,18.162,80,33,164.571426,255,363068494,2688,8
2026-03-28T21:58:18.504,18.164,81,33,164.020401,255,363078460,2679,8
2026-03-28T21:58:18.521,18.181,82,33,163.469391,255,363088406,2670,8
2026-03-28T21:58:18.522,18.182,83,32,162.857147,255,363098375,2660,8
2026-03-28T21:58:18.539,18.199,84,32,162.306122,255,363108320,2651,8
2026-03-28T21:58:18.540,18.200,85,32,161.755096,255,363118289,2642,8
2026-03-28T21:58:18.554,18.214,86,32,161.204071,255,363128233,2633,8
2026-03-28T21:58:18.570,18.230,87,32,160.653061,255,363138204,2624,8
2026-03-28T21:58:18.572,18.232,88,32,160.102051,255,363148145,2615,8
2026-03-28T21:58:18.587,18.247,89,32,159.551025,255,363158112,2606,8
2026-03-28T21:58:18.588,18.248,90,32,158.938782,255,363168056,2596,8
2026-03-28T21:58:18.604,18.264,91,32,158.387756,255,363178019,2587,8
2026-03-28T21:58:18.620,18.280,92,32,157.836731,255,363187961,2578,8
2026-03-28T21:58:18.622,18.282,93,32,157.285706,255,363197922,2569,8
2026-03-28T21:58:18.641,18.301,94,31,156.734695,255,363207867,2560,8
2026-03-28T21:58:18.642,18.302,95,31,156.122452,255,363217832,2550,8
2026-03-28T21:58:18.659,18.319,96,31,155.632660,255,363227774,2542,8
2026-03-28T21:58:18.661,18.321,97,31,155.020401,255,363237735,2532,8
2026-03-28T21:58:18.677,18.337,98,31,154.469376,255,363247679,2523,8
2026-03-28T21:58:18.678,18.338,99,31,153.918365,255,363257642,2514,8
2026-03-28T21:58:18.694,18.354,100,31,153.367355,255,363267583,2505,8
2026-03-28T21:58:18.712,18.371,101,30,152.816330,255,363277555,2496,8
2026-03-28T21:58:18.713,18.373,102,30,152.265305,255,363287496,2487,8
2026-03-28T21:58:18.727,18.387,103,30,151.714279,255,363297459,2478,8
2026-03-28T21:58:18.729,18.389,104,30,151.163269,255,363307400,2469,8
2026-03-28T21:58:18.744,18.404,105,30,150.612244,255,363317365,2460,8
2026-03-28T21:58:18.760,18.420,106,30,150.000000,255,363327307,2450,8
2026-03-28T21:58:18.762,18.422,107,30,149.448990,255,363337267,2441,8
2026-03-28T21:58:18.778,18.438,108,30,148.897964,255,363347211,2432,8
2026-03-28T21:58:18.779,18.439,109,30,148.346939,255,363357183,2423,8
2026-03-28T21:58:18.793,18.453,110,30,147.795914,255,363367119,2414,8
2026-03-28T21:58:18.810,18.470,111,30,147.244888,255,363377088,2405,8
2026-03-28T21:58:18.811,18.471,112,29,146.693878,255,363387029,2396,8
2026-03-28T21:58:18.826,18.486,113,29,146.142868,255,363396995,2387,8
2026-03-28T21:58:18.827,18.487,114,29,145.591843,255,363406933,2378,8
2026-03-28T21:58:18.844,18.503,115,29,145.040817,255,363416897,2369,8
2026-03-28T21:58:18.845,18.505,116,29,144.489792,255,363426833,2360,8
2026-03-28T21:58:18.858,18.518,117,29,143.877548,255,363436801,2350,8
2026-03-28T21:58:18.874,18.534,118,29,143.387756,255,363446733,2342,8
2026-03-28T21:58:18.875,18.535,119,29,142.775513,255,363456698,2332,8
2026-03-28T21:58:18.891,18.551,120,29,142.285721,255,363466637,2324,8
2026-03-28T21:58:18.908,18.568,121,29,141.673462,255,363476595,2314,8
2026-03-28T21:58:18.909,18.569,122,29,141.183670,255,363486529,2306,8
2026-03-28T21:58:18.923,18.583,123,29,140.571426,255,363496492,2296,8
2026-03-28T21:58:18.925,18.585,124,29,140.081635,255,363506433,2288,8
2026-03-28T21:58:18.942,18.602,125,29,139.530609,255,363516393,2279,8
2026-03-28T21:58:18.956,18.616,126,29,138.979599,255,363526333,2270,8
2026-03-28T21:58:18.957,18.617,127,29,138.428574,255,363536293,2261,8
2026-03-28T21:58:18.973,18.633,128,29,137.877548,255,363546234,2252,8
2026-03-28T21:58:18.974,18.634,129,29,137.326523,255,363556200,2243,8
2026-03-28T21:58:19.005,18.665,130,29,136.775513,255,363566144,2234,8
2026-03-28T21:58:19.007,18.667,131,29,136.224487,255,363576111,2225,8
2026-03-28T21:58:19.008,18.668,132,29,135.734695,255,363586053,2217,8
2026-03-28T21:58:19.024,18.684,133,29,135.183685,255,363596019,2208,8
2026-03-28T21:58:19.025,18.685,134,29,134.632660,255,363605967,2199,8
2026-03-28T21:58:19.042,18.702,135,29,134.081635,255,363615935,2190,8
2026-03-28T21:58:19.044,18.704,136,29,133.591843,255,363625876,2182,8
2026-03-28T21:58:19.061,18.721,137,29,133.040817,255,363635841,2173,8
2026-03-28T21:58:19.078,18.738,138,29,132.489792,255,363645781,2164,8
2026-03-28T21:58:19.079,18.739,139,29,131.938766,255,363655742,2155,8
2026-03-28T21:58:19.092,18.751,140,29,131.448975,255,363665684,2147,8
2026-03-28T21:58:19.093,18.753,141,29,130.897964,255,363675648,2138,8
2026-03-28T21:58:19.109,18.769,142,29,130.346939,255,363685583,2129,8
2026-03-28T21:58:19.126,18.786,143,29,129.857147,255,363695551,2121,8
2026-03-28T21:58:19.128,18.788,144,29,129.306122,255,363705489,2112,8
2026-03-28T21:58:19.143,18.803,145,29,128.755096,255,363715449,2103,8
2026-03-28T21:58:19.145,18.805,146,29,128.265305,255,363725389,2095,8
2026-03-28T21:58:19.161,18.821,147,29,127.714287,255,363735349,2086,8
2026-03-28T21:58:19.163,18.823,148,29,127.224487,255,363745290,2078,8
2026-03-28T21:58:19.178,18.838,149,29,126.673470,255,363755249,2069,8
2026-03-28T21:58:19.194,18.854,150,29,126.183678,255,363765181,2061,8
2026-03-28T21:58:19.196,18.855,151,29,125.632652,255,363775139,2052,8
2026-03-28T21:58:19.211,18.870,152,29,125.142860,255,363785079,2044,8
2026-03-28T21:58:19.212,18.872,153,29,124.591835,255,363795042,2035,8
2026-03-28T21:58:19.228,18.888,154,29,124.102043,255,363804978,2027,8
2026-03-28T21:58:19.244,18.904,155,29,123.551025,255,363814939,2018,8
2026-03-28T21:58:19.245,18.905,156,29,123.061218,255,363824877,2010,8
2026-03-28T21:58:19.262,18.922,157,29,122.571426,255,363834847,2002,8
2026-03-28T21:58:19.264,18.924,158,30,122.020401,255,363844782,1993,8
2026-03-28T21:58:19.277,18.937,159,30,121.530609,255,363854749,1985,8
2026-03-28T21:58:19.294,18.954,160,29,120.979591,255,363864692,1976,8
2026-03-28T21:58:19.296,18.956,161,29,120.489799,255,363874660,1968,8
2026-03-28T21:58:19.308,18.967,162,30,120.000000,255,363884600,1960,8
2026-03-28T21:58:19.321,18.981,163,30,119.448982,255,363894566,1951,8
2026-03-28T21:58:19.322,18.982,164,30,118.959190,255,363904505,1943,8
2026-03-28T21:58:19.337,18.997,165,31,118.469383,255,363914468,1935,8
2026-03-28T21:58:19.354,19.014,166,32,117.918365,255,363924405,1926,8
2026-03-28T21:58:19.355,19.015,167,35,117.428574,255,363934366,1918,8
2026-03-28T21:58:19.372,19.032,168,39,116.938774,255,363944299,1910,8
2026-03-28T21:58:19.373,19.033,169,40,116.448982,255,363954260,1902,8
2026-03-28T21:58:19.388,19.048,170,42,115.959183,255,363964195,1894,8
2026-03-28T21:58:19.390,19.050,171,43,115.408157,255,363974152,1885,8
2026-03-28T21:58:19.404,19.064,172,44,114.918365,255,363984088,1877,8
2026-03-28T21:58:19.417,19.077,173,44,114.428574,255,363994049,1869,8
2026-03-28T21:58:19.431,19.091,174,44,113.938782,255,364003991,1861,8
2026-03-28T21:58:19.433,19.093,175,44,113.448975,255,364013951,1853,8
2026-03-28T21:58:19.449,19.108,176,44,112.897957,255,364023888,1844,8
2026-03-28T21:58:19.450,19.110,177,44,112.408157,255,364033851,1836,8
2026-03-28T21:58:19.465,19.125,178,44,111.918365,255,364043790,1828,8
2026-03-28T21:58:19.479,19.139,179,44,111.428574,255,364053753,1820,8
2026-03-28T21:58:19.480,19.140,180,44,110.938774,255,364063691,1812,8
2026-03-28T21:58:19.496,19.156,181,44,110.387764,255,364073656,1803,8
2026-03-28T21:58:19.507,19.167,182,44,109.897957,255,364083594,1795,8
2026-03-28T21:58:19.509,19.169,183,44,109.408165,255,364093556,1787,8
2026-03-28T21:58:19.524,19.184,184,44,108.918373,255,364103495,1779,8
2026-03-28T21:58:19.540,19.200,185,44,108.428566,255,364113455,1771,8
2026-03-28T21:58:19.542,19.202,186,44,107.938774,255,364123391,1763,8
2026-03-28T21:58:19.557,19.217,187,44,107.448982,255,364133350,1755,8
2026-03-28T21:58:19.558,19.218,188,44,106.959175,255,364143283,1747,8
2026-03-28T21:58:19.572,19.232,189,44,106.469383,255,364153244,1739,8
2026-03-28T21:58:19.589,19.248,190,44,105.979591,255,364163181,1731,8
2026-03-28T21:58:19.590,19.250,191,44,105.489799,255,364173140,1723,8
2026-03-28T21:58:19.605,19.265,192,44,105.000000,255,364183071,1715,8
2026-03-28T21:58:19.619,19.279,193,44,104.510201,255,364193034,1707,8
2026-03-28T21:58:19.621,19.281,194,44,104.020409,255,364202969,1699,8
2026-03-28T21:58:19.634,19.293,195,43,103.530609,255,364212928,1691,8
2026-03-28T21:58:19.648,19.308,196,42,103.040817,255,364222861,1683,8
2026-03-28T21:58:19.650,19.310,197,42,102.551025,255,364232820,1675,8
2026-03-28T21:58:19.663,19.323,198,42,102.061226,255,364242758,1667,8
2026-03-28T21:58:19.679,19.339,199,42,101.571426,255,364252724,1659,8
2026-03-28T21:58:19.680,19.340,200,41,101.081635,255,364262657,1651,8
2026-03-28T21:58:19.694,19.354,201,41,100.591843,255,364272618,1643,8
2026-03-28T21:58:19.711,19.371,202,40,100.163269,255,364282554,1636,8
2026-03-28T21:58:19.712,19.372,203,39,99.673470,255,364292515,1628,8
2026-03-28T21:58:19.727,19.387,204,39,99.244896,255,364302455,1621,8
2026-03-28T21:58:19.729,19.389,205,39,98.755104,255,364312424,1613,8
2026-03-28T21:58:19.744,19.404,206,39,98.326530,255,364322361,1606,8
2026-03-28T21:58:19.758,19.418,207,39,97.836739,255,364332328,1598,8
2026-03-28T21:58:19.760,19.420,208,39,97.408165,255,364342263,1591,8
2026-03-28T21:58:19.775,19.435,209,38,96.979591,255,364352232,1584,8
2026-03-28T21:58:19.777,19.437,210,38,96.551018,255,364362163,1577,8
2026-03-28T21:58:19.790,19.450,211,38,96.122452,255,364372132,1570,8
2026-03-28T21:58:19.805,19.465,212,38,95.693878,255,364382074,1563,8
2026-03-28T21:58:19.807,19.467,213,38,95.265305,255,364392039,1556,8
2026-03-28T21:58:19.820,19.480,214,38,94.836731,255,364401978,1549,8
2026-03-28T21:58:19.835,19.495,215,38,94.408165,255,364411936,1542,8
2026-03-28T21:58:19.837,19.497,216,38,93.918365,255,364421872,1534,8
2026-03-28T21:58:19.853,19.512,217,38,93.489799,255,364431837,1527,8
2026-03-28T21:58:19.869,19.529,218,38,93.061226,255,364441773,1520,8
2026-03-28T21:58:19.871,19.531,219,38,92.693878,255,364451737,1514,8
2026-03-28T21:58:19.885,19.545,220,38,92.204079,255,364461676,1506,8
2026-03-28T21:58:19.886,19.546,221,38,91.775513,255,364471642,1499,8
2026-03-28T21:58:19.901,19.561,222,38,91.346939,255,364481577,1492,8
2026-03-28T21:58:19.916,19.576,223,38,90.979599,255,364491542,1486,8
2026-03-28T21:58:19.919,19.579,224,38,90.551025,255,364501480,1479,8
2026-03-28T21:58:19.932,19.592,225,38,90.122452,255,364511442,1472,8
2026-03-28T21:58:19.947,19.607,226,38,89.755104,255,364521373,1466,8
2026-03-28T21:58:19.949,19.608,227,38,89.387756,255,364531332,1460,8
2026-03-28T21:58:19.965,19.625,228,38,88.959183,255,364541275,1453,8
2026-03-28T21:58:19.967,19.627,229,38,88.591835,255,364551236,1447,8
2026-03-28T21:58:19.984,19.643,230,38,88.224487,255,364561176,1441,8
2026-03-28T21:58:19.985,19.645,231,39,87.857140,255,364571138,1435,8
2026-03-28T21:58:20.001,19.661,232,39,87.489792,255,364581070,1429,8
2026-03-28T21:58:20.016,19.676,233,39,87.122452,255,364591031,1423,8
2026-03-28T21:58:20.017,19.677,234,39,86.755104,255,364600969,1417,8
2026-03-28T21:58:20.033,19.693,235,39,86.448982,255,364610935,1412,8
2026-03-28T21:58:20.034,19.694,236,39,86.081627,255,364620872,1406,8
2026-03-28T21:58:20.048,19.708,237,39,85.714287,255,364630833,1400,8
2026-03-28T21:58:20.065,19.725,238,39,85.346939,255,364640767,1394,8
2026-03-28T21:58:20.066,19.726,239,39,84.979591,255,364650728,1388,8
2026-03-28T21:58:20.081,19.741,240,39,84.673470,255,364660670,1383,8
2026-03-28T21:58:20.082,19.742,241,39,84.306122,255,364670635,1377,8
2026-03-28T21:58:20.096,19.756,242,39,83.938774,255,364680577,1371,8
2026-03-28T21:58:20.111,19.771,243,39,83.571426,255,364690541,1365,8
2026-03-28T21:58:20.113,19.773,244,39,83.204079,255,364700480,1359,8
2026-03-28T21:58:20.129,19.788,245,39,82.775505,255,364710446,1352,8
2026-03-28T21:58:20.143,19.803,246,39,82.408165,255,364720385,1346,8
2026-03-28T21:58:20.144,19.804,247,39,82.040817,255,364730347,1340,8
2026-03-28T21:58:20.159,19.819,248,39,81.673470,255,364740287,1334,8
2026-03-28T21:58:20.175,19.835,249,39,81.306122,255,364750256,1328,8
2026-03-28T21:58:20.177,19.837,250,39,80.938774,255,364760196,1322,8
2026-03-28T21:58:20.192,19.852,251,39,80.632652,255,364770166,1317,8
2026-03-28T21:58:20.194,19.854,252,39,80.265312,255,364780101,1311,8
2026-03-28T21:58:20.209,19.868,253,39,79.897957,255,364790067,1305,8
2026-03-28T21:58:20.225,19.884,254,39,79.591835,255,364800006,1300,8
2026-03-28T21:58:20.226,19.886,255,38,79.224487,255,364809981,1294,8
2026-03-28T21:58:20.243,19.902,0,38,78.857147,255,364819908,1288,8
2026-03-28T21:58:20.244,19.904,1,38,78.551025,255,364829879,1283,8
2026-03-28T21:58:20.258,19.918,2,37,78.183670,255,364839818,1277,8
2026-03-28T21:58:20.273,19.933,3,37,77.877556,255,364849784,1272,8
2026-03-28T21:58:20.275,19.934,4,36,77.510201,255,364859725,1266,8
2026-03-28T21:58:20.290,19.949,5,36,77.142860,255,364869687,1260,8
2026-03-28T21:58:20.291,19.951,6,36,76.775505,255,364879630,1254,8
2026-03-28T21:58:20.306,19.966,7,35,76.408165,255,364889594,1248,8
2026-03-28T21:58:20.320,19.980,8,34,76.040817,255,364899537,1242,8
2026-03-28T21:58:20.322,19.981,9,35,75.673470,255,364909503,1236,8
2026-03-28T21:58:20.338,19.998,10,35,75.244904,255,364919440,1229,8
2026-03-28T21:58:20.354,20.014,11,34,74.816322,255,364929413,1222,8
2026-03-28T21:58:20.355,20.015,12,34,74.448982,255,364939355,1216,8
2026-03-28T21:58:20.368,20.028,13,33,73.959183,255,364949321,1208,8
2026-03-28T21:58:20.370,20.030,14,32,73.530617,255,364959262,1201,8
2026-03-28T21:58:20.386,20.045,15,32,73.102043,255,364969225,1194,8
2026-03-28T21:58:20.402,20.061,16,32,72.612244,255,364979157,1186,8
2026-03-28T21:58:20.403,20.063,17,31,72.122452,255,364989133,1178,8
2026-03-28T21:58:20.419,20.079,18,30,71.632652,255,364999067,1170,8
2026-03-28T21:58:20.420,20.080,19,30,71.142860,255,365009032,1162,8
2026-03-28T21:58:20.433,20.093,20,31,70.714287,255,365018978,1155,8
2026-03-28T21:58:20.450,20.110,21,31,70.224495,255,365028944,1147,8
2026-03-28T21:58:20.452,20.112,22,31,69.734695,255,365038883,1139,8
2026-03-28T21:58:20.467,20.127,23,31,69.306122,255,365048847,1132,8
2026-03-28T21:58:20.469,20.129,24,31,68.816330,255,365058789,1124,8
2026-03-28T21:58:20.484,20.144,25,31,68.326530,255,365068748,1116,8
2026-03-28T21:58:20.499,20.159,26,30,67.897957,255,365078686,1109,8
2026-03-28T21:58:20.501,20.161,27,28,67.408157,255,365088647,1101,8
2026-03-28T21:58:20.882,20.541,28,28,49.775513,255,365456811,813,8
2026-03-28T21:58:20.883,20.543,29,28,49.346939,255,365466777,806,8
2026-03-28T21:58:20.897,20.557,30,29,48.857147,255,365476704,798,8
2026-03-28T21:58:20.898,20.558,31,31,48.428570,255,365486671,791,8
2026-03-28T21:58:20.916,20.575,32,32,48.000004,255,365496605,784,8
2026-03-28T21:58:20.917,20.577,33,32,47.510204,255,365506565,776,8
2026-03-28T21:58:20.935,20.595,34,32,47.081631,255,365516505,769,8
2026-03-28T21:58:20.937,20.597,35,32,46.653061,255,365526468,762,8
2026-03-28T21:58:20.956,20.616,36,32,46.224487,255,365536405,755,8
2026-03-28T21:58:20.958,20.618,37,32,45.795918,255,365546366,748,8
2026-03-28T21:58:20.972,20.632,38,33,45.367344,255,365556305,741,8
2026-03-28T21:58:20.973,20.633,39,33,44.877552,255,365566271,733,8
2026-03-28T21:58:20.991,20.650,40,33,44.448982,255,365576205,726,8
2026-03-28T21:58:21.012,20.672,41,34,44.020409,255,365586173,719,8
2026-03-28T21:58:21.014,20.674,42,34,43.591839,255,365596111,712,8
2026-03-28T21:58:21.016,20.676,43,34,43.163265,255,365606073,705,8
2026-03-28T21:58:21.026,20.686,44,35,42.734695,255,365616005,698,8
2026-03-28T21:58:21.045,20.705,45,36,42.306122,255,365625972,691,8
2026-03-28T21:58:21.046,20.706,46,36,41.877552,255,365635910,684,8
2026-03-28T21:58:21.060,20.720,47,36,41.448982,255,365645873,677,8
2026-03-28T21:58:21.078,20.738,48,37,41.081635,255,365655809,671,8
2026-03-28T21:58:21.080,20.740,49,37,40.653061,255,365665768,664,8
2026-03-28T21:58:21.096,20.755,50,37,40.285713,255,365675701,658,8
2026-03-28T21:58:21.097,20.757,51,38,39.857143,255,365685671,651,8
2026-03-28T21:58:21.108,20.768,52,38,39.489796,255,365695603,645,8
2026-03-28T21:58:21.119,20.779,53,38,39.061226,255,365705563,638,8
2026-03-28T21:58:21.138,20.798,54,39,38.693878,255,365715491,632,8
2026-03-28T21:58:21.140,20.800,55,43,38.265305,255,365725452,625,8
2026-03-28T21:58:21.157,20.817,56,51,37.897957,255,365735390,619,8
2026-03-28T21:58:21.158,20.818,57,54,37.469387,255,365745350,612,8
2026-03-28T21:58:21.175,20.835,58,56,37.102039,255,365755281,606,8
2026-03-28T21:58:21.178,20.838,59,56,36.673470,255,365765241,599,8
2026-03-28T21:58:21.195,20.855,60,57,36.306122,255,365775173,593,8
2026-03-28T21:58:21.196,20.856,61,58,35.877552,255,365785129,586,8
2026-03-28T21:58:21.213,20.873,62,58,35.510204,255,365795069,580,8
2026-03-28T21:58:21.215,20.874,63,59,35.081635,255,365805030,573,8
2026-03-28T21:58:21.229,20.889,64,60,34.714287,255,365814967,567,8
2026-03-28T21:58:21.231,20.891,65,63,34.285713,255,365824923,560,8
2026-03-28T21:58:21.248,20.908,66,67,33.918369,255,365834857,554,8
2026-03-28T21:58:21.265,20.925,67,69,33.551022,255,365844816,548,8
2026-03-28T21:58:21.266,20.926,68,70,33.183674,255,365854751,542,8
2026-03-28T21:58:21.283,20.943,69,70,32.816326,255,365864716,536,8
2026-03-28T21:58:21.286,20.946,70,70,32.448978,255,365874648,530,8
2026-03-28T21:58:21.307,20.967,71,70,32.020409,255,365884607,523,8
2026-03-28T21:58:21.309,20.968,72,70,31.714287,255,365894547,518,8
2026-03-28T21:58:21.327,20.987,73,70,31.285715,255,365904505,511,8
2026-03-28T21:58:21.329,20.989,74,69,30.979591,255,365914441,506,8
2026-03-28T21:58:21.330,20.990,75,69,30.612244,255,365924400,500,8
2026-03-28T21:58:21.349,21.009,76,69,30.244898,255,365934333,494,8
2026-03-28T21:58:21.351,21.011,77,69,29.877550,255,365944291,488,8
2026-03-28T21:58:21.370,21.030,78,69,29.510206,255,365954226,482,8
2026-03-28T21:58:21.372,21.032,79,69,29.142859,255,365964182,476,8
2026-03-28T21:58:21.391,21.051,80,69,28.775511,255,365974113,470,8
2026-03-28T21:58:21.393,21.053,81,68,28.408163,255,365984069,464,8
2026-03-28T21:58:21.412,21.072,82,68,28.040815,255,365994001,458,8
2026-03-28T21:58:21.413,21.073,83,68,27.673470,255,366003962,452,8
2026-03-28T21:58:21.433,21.093,84,66,27.489796,255,366013897,449,8
2026-03-28T21:58:21.434,21.094,85,66,27.428572,255,366023851,448,8
2026-03-28T21:58:21.453,21.113,86,66,27.489796,255,366033787,449,8
2026-03-28T21:58:21.454,21.114,87,66,27.489796,255,366043746,449,8
2026-03-28T21:58:21.475,21.135,88,66,27.489796,255,366053680,449,8
2026-03-28T21:58:21.476,21.136,89,66,27.489796,255,366063640,449,8
2026-03-28T21:58:21.494,21.154,90,66,27.489796,255,366073573,449,8
2026-03-28T21:58:21.495,21.155,91,66,27.489796,255,366083535,449,8
2026-03-28T21:58:21.514,21.174,92,66,27.489796,255,366093470,449,8
2026-03-28T21:58:21.515,21.175,93,66,27.489796,255,366103429,449,8
2026-03-28T21:58:21.534,21.194,94,66,27.551022,255,366113368,450,8
2026-03-28T21:58:21.536,21.196,95,67,27.673470,255,366123327,452,8
2026-03-28T21:58:21.553,21.213,96,67,27.795918,255,366133266,454,8
2026-03-28T21:58:21.554,21.214,97,67,27.918367,255,366143226,456,8
2026-03-28T21:58:21.573,21.233,98,67,28.163265,255,366153164,460,8
2026-03-28T21:58:21.574,21.234,99,67,28.346939,255,366163122,463,8
2026-03-28T21:58:21.592,21.251,100,67,28.530611,255,366173056,466,8
2026-03-28T21:58:21.593,21.253,101,67,28.775511,255,366183021,470,8
2026-03-28T21:58:21.611,21.271,102,67,29.020407,255,366192954,474,8
2026-03-28T21:58:21.612,21.272,103,67,29.265306,255,366202914,478,8
2026-03-28T21:58:21.630,21.290,104,67,29.510206,255,366212852,482,8
2026-03-28T21:58:21.632,21.292,105,67,29.755102,255,366222815,486,8
2026-03-28T21:58:21.650,21.309,106,67,30.000000,255,366232755,490,8
2026-03-28T21:58:21.651,21.311,107,67,30.244898,255,366242720,494,8
2026-03-28T21:58:21.666,21.326,108,67,30.551020,255,366252661,499,8
2026-03-28T21:58:21.668,21.328,109,68,30.795919,255,366262623,503,8
2026-03-28T21:58:21.682,21.342,110,68,31.102039,255,366272560,508,8
2026-03-28T21:58:21.698,21.358,111,68,31.346939,255,366282517,512,8
2026-03-28T21:58:21.700,21.360,112,68,31.653063,255,366292460,517,8
2026-03-28T21:58:21.715,21.375,113,68,31.897959,255,366302422,521,8
2026-03-28T21:58:21.732,21.392,114,68,32.142857,255,366312362,525,8
2026-03-28T21:58:21.733,21.393,115,68,32.448978,255,366322328,530,8
2026-03-28T21:58:21.751,21.410,116,69,32.755100,255,366332263,535,8
2026-03-28T21:58:21.752,21.412,117,69,33.061226,255,366342230,540,8
2026-03-28T21:58:21.766,21.426,118,69,33.306122,255,366352172,544,8
2026-03-28T21:58:21.768,21.428,119,69,33.612244,255,366362133,549,8
2026-03-28T21:58:21.784,21.444,120,69,33.918369,255,366372072,554,8
2026-03-28T21:58:21.785,21.445,121,67,34.224491,255,366382036,559,8
2026-03-28T21:58:21.800,21.460,122,65,34.530613,255,366391970,564,8
2026-03-28T21:58:21.815,21.475,123,63,34.836735,255,366401933,569,8
2026-03-28T21:58:21.816,21.476,124,59,35.142857,255,366411868,574,8
2026-03-28T21:58:21.831,21.491,125,58,35.448982,255,366421831,579,8
2026-03-28T21:58:21.846,21.506,126,58,35.755100,255,366431768,584,8
2026-03-28T21:58:21.847,21.507,127,57,36.061226,255,366441734,589,8
2026-03-28T21:58:21.863,21.523,128,57,36.367348,255,366451673,594,8
2026-03-28T21:58:21.865,21.525,129,56,36.734695,255,366461634,600,8
2026-03-28T21:58:21.880,21.540,130,55,37.040817,255,366471577,605,8
2026-03-28T21:58:21.895,21.555,131,55,37.346939,255,366481541,610,8
2026-03-28T21:58:21.897,21.557,132,54,37.714287,255,366491478,616,8
2026-03-28T21:58:21.912,21.572,133,54,38.020409,255,366501443,621,8
2026-03-28T21:58:21.927,21.587,134,54,38.326530,255,366511383,626,8
2026-03-28T21:58:21.928,21.588,135,54,38.693878,255,366521344,632,8
2026-03-28T21:58:21.941,21.601,136,53,39.000000,255,366531285,637,8
2026-03-28T21:58:21.957,21.616,137,52,39.367348,255,366541236,643,8
2026-03-28T21:58:21.958,21.618,138,52,39.734695,255,366551176,649,8
2026-03-28T21:58:21.975,21.635,139,52,40.040817,255,366561139,654,8
2026-03-28T21:58:21.977,21.637,140,52,40.408161,255,366571075,660,8
2026-03-28T21:58:21.994,21.654,141,52,40.775509,255,366581031,666,8
2026-03-28T21:58:21.996,21.656,142,51,41.142857,255,366590972,672,8
2026-03-28T21:58:22.011,21.671,143,51,41.510204,255,366600930,678,8
2026-03-28T21:58:22.027,21.687,144,51,41.877552,255,366610876,684,8
2026-03-28T21:58:22.028,21.688,145,50,42.244900,255,366620833,690,8
2026-03-28T21:58:22.043,21.703,146,50,42.612244,255,366630782,696,8
2026-03-28T21:58:22.045,21.705,147,50,42.979591,255,366640743,702,8
2026-03-28T21:58:22.061,21.721,148,49,43.346939,255,366650684,708,8
2026-03-28T21:58:22.076,21.736,149,49,43.714287,255,366660646,714,8
2026-03-28T21:58:22.078,21.738,150,49,44.081635,255,366670580,720,8
2026-03-28T21:58:22.092,21.751,151,49,44.510204,255,366680543,727,8
2026-03-28T21:58:22.093,21.753,152,48,44.877552,255,366690480,733,8
2026-03-28T21:58:22.107,21.767,153,48,45.306122,255,366700437,740,8
2026-03-28T21:58:22.123,21.783,154,48,45.673470,255,366710383,746,8
2026-03-28T21:58:22.124,21.784,155,48,46.040813,255,366720347,752,8
2026-03-28T21:58:22.138,21.798,156,48,46.469391,255,366730286,759,8
2026-03-28T21:58:22.154,21.814,157,48,46.897957,255,366740245,766,8
2026-03-28T21:58:22.156,21.815,158,47,47.265308,255,366750180,772,8
2026-03-28T21:58:22.171,21.831,159,47,47.693878,255,366760146,779,8
2026-03-28T21:58:22.173,21.833,160,47,48.122452,255,366770092,786,8
2026-03-28T21:58:22.189,21.849,161,47,48.489796,255,366780051,792,8
2026-03-28T21:58:22.203,21.863,162,47,48.918369,255,366789991,799,8
2026-03-28T21:58:22.205,21.865,163,46,49.346939,255,366799954,806,8
2026-03-28T21:58:22.221,21.881,164,46,49.775513,255,366809891,813,8
2026-03-28T21:58:22.223,21.883,165,46,50.204082,255,366819846,820,8
2026-03-28T21:58:22.240,21.900,166,46,50.632656,255,366829790,827,8
2026-03-28T21:58:22.241,21.901,167,46,51.061222,255,366839757,834,8
2026-03-28T21:58:22.255,21.915,168,46,51.489799,255,366849694,841,8
2026-03-28T21:58:22.271,21.930,169,46,51.918365,255,366859654,848,8
2026-03-28T21:58:22.272,21.932,170,46,52.408165,255,366869588,856,8
2026-03-28T21:58:22.288,21.948,171,45,52.836735,255,366879553,863,8
2026-03-28T21:58:22.302,21.962,172,45,53.265308,255,366889492,870,8
2026-03-28T21:58:22.303,21.963,173,45,53.755100,255,366899456,878,8
2026-03-28T21:58:22.319,21.979,174,45,54.183674,255,366909399,885,8
2026-03-28T21:58:22.321,21.981,175,45,54.612244,255,366919360,892,8
2026-03-28T21:58:22.335,21.995,176,45,55.102043,255,366929311,900,8
2026-03-28T21:58:22.350,22.010,177,45,55.591835,255,366939275,908,8
2026-03-28T21:58:22.352,22.012,178,45,56.020409,255,366949216,915,8
2026-03-28T21:58:22.367,22.027,179,45,56.510208,255,366959179,923,8
2026-03-28T21:58:22.383,22.043,180,45,56.938774,255,366969120,930,8
2026-03-28T21:58:22.385,22.045,181,44,57.428574,255,366979085,938,8
2026-03-28T21:58:22.403,22.062,182,44,57.918365,255,366989023,946,8
2026-03-28T21:58:22.404,22.064,183,44,58.408165,255,366998981,954,8
2026-03-28T21:58:22.419,22.079,184,44,58.897957,255,367008923,962,8
2026-03-28T21:58:22.420,22.080,185,44,59.387756,255,367018881,970,8
2026-03-28T21:58:22.436,22.096,186,44,59.877552,255,367028818,978,8
2026-03-28T21:58:22.453,22.113,187,44,60.367348,255,367038788,986,8
2026-03-28T21:58:22.454,22.114,188,44,60.857143,255,367048729,994,8
2026-03-28T21:58:22.470,22.130,189,44,61.346939,255,367058691,1002,8
2026-03-28T21:58:22.472,22.132,190,43,61.836735,255,367068635,1010,8
2026-03-28T21:58:22.487,22.147,191,43,62.326527,255,367078595,1018,8
2026-03-28T21:58:22.489,22.149,192,43,62.816326,255,367088532,1026,8
2026-03-28T21:58:22.505,22.165,193,43,63.367348,255,367098493,1035,8
2026-03-28T21:58:22.521,22.181,194,43,63.857143,255,367108432,1043,8
2026-03-28T21:58:22.522,22.182,195,43,64.408165,255,367118395,1052,8
2026-03-28T21:58:22.538,22.198,196,43,64.897957,255,367128335,1060,8
2026-03-28T21:58:22.540,22.199,197,43,65.448982,255,367138303,1069,8
2026-03-28T21:58:22.553,22.212,198,43,65.938774,255,367148238,1077,8
2026-03-28T21:58:22.568,22.228,199,43,66.489792,255,367158200,1086,8
2026-03-28T21:58:22.569,22.229,200,43,66.979591,255,367168139,1094,8
2026-03-28T21:58:22.586,22.245,201,42,67.530617,255,367178107,1103,8
2026-03-28T21:58:22.588,22.248,202,42,68.081635,255,367188049,1112,8
2026-03-28T21:58:22.602,22.262,203,42,68.571426,255,367198014,1120,8
2026-03-28T21:58:22.620,22.280,204,42,69.122444,255,367207956,1129,8
2026-03-28T21:58:22.621,22.281,205,42,69.673470,255,367217920,1138,8
2026-03-28T21:58:22.638,22.298,206,42,70.224495,255,367227856,1147,8
2026-03-28T21:58:22.640,22.300,207,42,70.775505,255,367237821,1156,8
2026-03-28T21:58:22.656,22.315,208,42,71.326530,255,367247752,1165,8
2026-03-28T21:58:22.657,22.317,209,42,71.877556,255,367257716,1174,8
2026-03-28T21:58:22.672,22.332,210,42,72.489792,255,367267656,1184,8
2026-03-28T21:58:22.689,22.349,211,42,73.040817,255,367277614,1193,8
2026-03-28T21:58:22.690,22.350,212,42,73.591835,255,367287546,1202,8
2026-03-28T21:58:22.704,22.364,213,42,74.142853,255,367297503,1211,8
2026-03-28T21:58:22.721,22.381,214,41,74.755104,255,367307443,1221,8
2026-03-28T21:58:22.723,22.382,215,41,75.306122,255,367317407,1230,8
2026-03-28T21:58:22.740,22.400,216,41,75.857140,255,367327348,1239,8
2026-03-28T21:58:22.741,22.401,217,41,76.469391,255,367337309,1249,8
2026-03-28T21:58:22.758,22.418,218,41,77.020409,255,367347246,1258,8
2026-03-28T21:58:22.759,22.419,219,41,77.632652,255,367357213,1268,8
2026-03-28T21:58:22.776,22.436,220,41,78.183670,255,367367145,1277,8
2026-03-28T21:58:22.777,22.437,221,41,78.795921,255,367377108,1287,8
2026-03-28T21:58:22.793,22.453,222,41,79.346939,255,367387048,1296,8
2026-03-28T21:58:22.808,22.468,223,41,79.959183,255,367397009,1306,8
2026-03-28T21:58:22.810,22.470,224,41,80.571426,255,367406947,1316,8
2026-03-28T21:58:22.825,22.485,225,41,81.122452,255,367416906,1325,8
2026-03-28T21:58:22.826,22.486,226,41,81.734695,255,367426847,1335,8
2026-03-28T21:58:22.842,22.502,227,41,82.285713,255,367436812,1344,8
2026-03-28T21:58:22.857,22.517,228,41,82.897964,255,367446757,1354,8
2026-03-28T21:58:22.859,22.519,229,41,83.448975,255,367456725,1363,8
2026-03-28T21:58:22.872,22.532,230,41,84.061226,255,367466670,1373,8
2026-03-28T21:58:22.888,22.548,231,41,84.612244,255,367476635,1382,8
2026-03-28T21:58:22.889,22.549,232,41,85.224487,255,367486574,1392,8
2026-03-28T21:58:22.904,22.564,233,40,85.836731,255,367496542,1402,8
2026-03-28T21:58:22.905,22.565,234,40,86.387756,255,367506483,1411,8
2026-03-28T21:58:22.920,22.579,235,40,86.938774,255,367516454,1420,8
2026-03-28T21:58:22.935,22.595,236,40,87.551018,255,367526394,1430,8
2026-03-28T21:58:22.937,22.597,237,40,88.163269,255,367536365,1440,8
2026-03-28T21:58:22.950,22.610,238,40,88.714287,255,367546311,1449,8
2026-03-28T21:58:22.966,22.626,239,40,89.326530,255,367556275,1459,8
2026-03-28T21:58:22.968,22.628,240,40,89.877548,255,367566220,1468,8
2026-03-28T21:58:22.984,22.644,241,40,90.489792,255,367576189,1478,8
2026-03-28T21:58:22.985,22.645,242,40,91.102043,255,367586127,1488,8
2026-03-28T21:58:23.001,22.661,243,40,91.653053,255,367596093,1497,8
2026-03-28T21:58:23.015,22.675,244,40,92.265305,255,367606027,1507,8
2026-03-28T21:58:23.016,22.676,245,40,92.816330,255,367615999,1516,8
2026-03-28T21:58:23.032,22.692,246,40,93.428574,255,367625940,1526,8
2026-03-28T21:58:23.033,22.693,247,40,94.040810,255,367635909,1536,8
2026-03-28T21:58:23.047,22.707,248,40,94.591835,255,367645848,1545,8
2026-03-28T21:58:23.065,22.725,249,40,95.204086,255,367655812,1555,8
2026-03-28T21:58:23.067,22.727,250,40,95.755096,255,367665750,1564,8
2026-03-28T21:58:23.083,22.743,251,42,96.367348,255,367675722,1574,8
2026-03-28T21:58:23.084,22.744,252,43,96.918373,255,367685659,1583,8
2026-03-28T21:58:23.101,22.761,253,43,97.469383,255,367695622,1592,8
2026-03-28T21:58:23.102,22.762,254,43,98.020409,255,367705565,1601,8
2026-03-28T21:58:23.115,22.775,255,43,98.632660,255,367715534,1611,8
2026-03-28T21:58:23.131,22.791,0,44,99.183670,255,367725471,1620,8
2026-03-28T21:58:23.133,22.792,1,44,99.734688,255,367735442,1629,8
2026-03-28T21:58:23.148,22.808,2,44,100.285713,255,367745383,1638,8
2026-03-28T21:58:23.163,22.823,3,44,100.836739,255,367755344,1647,8
2026-03-28T21:58:23.165,22.824,4,45,101.387756,255,367765285,1656,8
2026-03-28T21:58:23.181,22.841,5,46,102.000000,255,367775247,1666,8
2026-03-28T21:58:23.183,22.843,6,47,102.489792,255,367785190,1674,8
2026-03-28T21:58:23.194,22.854,7,47,103.102043,255,367795145,1684,8
2026-03-28T21:58:23.203,22.863,8,47,103.653069,255,367805082,1693,8
2026-03-28T21:58:23.220,22.880,9,47,104.204079,255,367815043,1702,8
2026-03-28T21:58:23.221,22.881,10,48,104.755096,255,367824988,1711,8
2026-03-28T21:58:23.237,22.897,11,48,105.306122,255,367834950,1720,8
2026-03-28T21:58:23.251,22.911,12,49,105.857147,255,367844886,1729,8
2026-03-28T21:58:23.253,22.913,13,49,106.408165,255,367854847,1738,8
2026-03-28T21:58:23.268,22.928,14,49,107.020409,255,367864786,1748,8
2026-03-28T21:58:23.289,22.949,15,49,107.510201,255,367874751,1756,8
2026-03-28T21:58:23.291,22.951,16,49,108.122452,255,367884696,1766,8
2026-03-28T21:58:23.292,22.952,17,49,108.673462,255,367894660,1775,8
2026-03-28T21:58:23.308,22.968,18,50,109.224487,255,367904604,1784,8
2026-03-28T21:58:23.322,22.982,19,50,109.775505,255,367914571,1793,8
2026-03-28T21:58:23.323,22.983,20,49,110.326530,255,367924514,1802,8
2026-03-28T21:58:23.338,22.998,21,50,110.877556,255,367934479,1811,8
2026-03-28T21:58:23.340,23.000,22,50,111.428574,255,367944420,1820,8
2026-03-28T21:58:23.354,23.014,23,50,111.979584,255,367954383,1829,8
2026-03-28T21:58:23.370,23.030,24,50,112.530609,255,367964323,1838,8
2026-03-28T21:58:23.371,23.031,25,50,113.081635,255,367974288,1847,8
2026-03-28T21:58:23.384,23.044,26,50,113.632652,255,367984229,1856,8
2026-03-28T21:58:23.403,23.063,27,50,114.183678,255,367994192,1865,8
2026-03-28T21:58:23.404,23.064,28,50,114.734695,255,368004132,1874,8
2026-03-28T21:58:23.417,23.077,29,50,115.285713,255,368014089,1883,8
2026-03-28T21:58:23.419,23.079,30,50,115.836731,255,368024028,1892,8
2026-03-28T21:58:23.434,23.094,31,50,116.387756,255,368033992,1901,8
2026-03-28T21:58:23.449,23.108,32,50,116.938774,255,368043930,1910,8
2026-03-28T21:58:23.450,23.110,33,50,117.489799,255,368053892,1919,8
2026-03-28T21:58:23.465,23.125,34,50,118.040825,255,368063834,1928,8
2026-03-28T21:58:23.481,23.141,35,50,118.653061,255,368073796,1938,8
2026-03-28T21:58:23.483,23.143,36,50,119.204086,255,368083738,1947,8
2026-03-28T21:58:23.499,23.158,37,49,119.755104,255,368093704,1956,8
2026-03-28T21:58:23.500,23.160,38,48,120.306122,255,368103646,1965,8
2026-03-28T21:58:23.514,23.174,39,45,120.857140,255,368113611,1974,8
2026-03-28T21:58:23.529,23.189,40,42,121.408165,255,368123554,1983,8
2026-03-28T21:58:23.530,23.190,41,40,121.959183,255,368133515,1992,8
2026-03-28T21:58:23.546,23.206,42,39,122.571426,255,368143453,2002,8
2026-03-28T21:58:23.560,23.220,43,39,123.061218,255,368153417,2010,8
2026-03-28T21:58:23.562,23.222,44,38,123.673470,255,368163350,2020,8
2026-03-28T21:58:23.575,23.235,45,38,124.224495,255,368173318,2029,8
2026-03-28T21:58:23.590,23.250,46,38,124.775505,255,368183253,2038,8
2026-03-28T21:58:23.592,23.252,47,38,125.326530,255,368193214,2047,8
2026-03-28T21:58:23.605,23.265,48,38,125.877548,255,368203154,2056,8
2026-03-28T21:58:23.619,23.279,49,38,126.428574,255,368213118,2065,8
2026-03-28T21:58:23.621,23.280,50,38,126.979591,255,368223060,2074,8
2026-03-28T21:58:23.635,23.295,51,38,127.530617,255,368233025,2083,8
2026-03-28T21:58:23.648,23.308,52,37,128.081635,255,368242967,2092,8
2026-03-28T21:58:23.649,23.309,53,37,128.693878,255,368252921,2102,8
2026-03-28T21:58:23.663,23.323,54,37,129.244904,255,368262860,2111,8
2026-03-28T21:58:23.678,23.338,55,37,129.795914,255,368272829,2120,8
2026-03-28T21:58:23.680,23.340,56,37,130.346939,255,368282761,2129,8
2026-03-28T21:58:23.695,23.355,57,37,130.897964,255,368292724,2138,8
2026-03-28T21:58:23.697,23.357,58,37,131.448975,255,368302653,2147,8
2026-03-28T21:58:23.713,23.373,59,37,132.000000,255,368312612,2156,8
2026-03-28T21:58:23.728,23.388,60,37,132.551025,255,368322543,2165,8
2026-03-28T21:58:23.730,23.390,61,37,133.102036,255,368332502,2174,8
2026-03-28T21:58:23.746,23.406,62,37,133.653061,255,368342432,2183,8
2026-03-28T21:58:23.747,23.407,63,37,134.204086,255,368352392,2192,8
2026-03-28T21:58:23.763,23.423,64,37,134.755096,255,368362324,2201,8
2026-03-28T21:58:23.779,23.439,65,37,135.306122,255,368372284,2210,8
2026-03-28T21:58:23.780,23.440,66,37,135.857147,255,368382222,2219,8
2026-03-28T21:58:23.797,23.457,67,37,136.408157,255,368392182,2228,8
2026-03-28T21:58:23.798,23.458,68,37,137.020416,255,368402115,2238,8
2026-03-28T21:58:23.813,23.473,69,37,137.571426,255,368412075,2247,8
2026-03-28T21:58:23.815,23.475,70,37,138.122452,255,368422007,2256,8
2026-03-28T21:58:23.831,23.491,71,37,138.673462,255,368431969,2265,8
2026-03-28T21:58:23.848,23.508,72,37,139.224487,255,368441900,2274,8
2026-03-28T21:58:23.849,23.509,73,37,139.775513,255,368451858,2283,8
2026-03-28T21:58:23.866,23.526,74,37,140.326538,255,368461797,2292,8
2026-03-28T21:58:23.867,23.527,75,37,140.877548,255,368471761,2301,8
2026-03-28T21:58:23.883,23.542,76,37,141.428574,255,368481694,2310,8
2026-03-28T21:58:23.899,23.559,77,37,141.979584,255,368491659,2319,8
2026-03-28T21:58:23.901,23.561,78,37,142.530609,255,368501590,2328,8
2026-03-28T21:58:23.915,23.575,79,37,143.081635,255,368511553,2337,8
2026-03-28T21:58:23.916,23.576,80,37,143.632660,255,368521491,2346,8
2026-03-28T21:58:23.931,23.591,81,37,144.183670,255,368531463,2355,8
2026-03-28T21:58:23.946,23.606,82,37,144.734695,255,368541400,2364,8
2026-03-28T21:58:23.948,23.608,83,37,145.285721,255,368551371,2373,8
2026-03-28T21:58:23.961,23.621,84,37,145.836731,255,368561307,2382,8
2026-03-28T21:58:23.976,23.636,85,37,146.387756,255,368571272,2391,8
2026-03-28T21:58:23.978,23.638,86,37,146.938782,255,368581209,2400,8
2026-03-28T21:58:23.993,23.653,87,37,147.489792,255,368591173,2409,8
2026-03-28T21:58:23.995,23.655,88,37,148.040817,255,368601113,2418,8
2026-03-28T21:58:24.008,23.668,89,37,148.591843,255,368611074,2427,8
2026-03-28T21:58:24.023,23.683,90,37,149.142853,255,368621013,2436,8
2026-03-28T21:58:24.024,23.684,91,37,149.693878,255,368630978,2445,8
2026-03-28T21:58:24.039,23.698,92,37,150.244888,255,368640914,2454,8
2026-03-28T21:58:24.053,23.713,93,37,150.795914,255,368650876,2463,8
2026-03-28T21:58:24.054,23.714,94,37,151.346939,255,368660816,2472,8
2026-03-28T21:58:24.067,23.727,95,37,151.897964,255,368670776,2481,8
2026-03-28T21:58:24.082,23.742,96,37,152.448975,255,368680717,2490,8
2026-03-28T21:58:24.083,23.743,97,37,153.000000,255,368690691,2499,8
2026-03-28T21:58:24.097,23.756,98,37,153.551010,255,368700632,2508,8
2026-03-28T21:58:24.109,23.769,99,37,154.102036,255,368710598,2517,8
2026-03-28T21:58:24.137,23.797,100,37,154.653061,255,368720534,2526,8
2026-03-28T21:58:24.138,23.798,101,37,155.204086,255,368730496,2535,8
2026-03-28T21:58:24.139,23.799,102,37,155.755112,255,368740438,2544,8
2026-03-28T21:58:24.171,23.831,103,38,156.306122,255,368750397,2553,8
2026-03-28T21:58:24.172,23.832,104,38,156.857132,255,368760337,2562,8
2026-03-28T21:58:24.173,23.833,105,38,157.408157,255,368770301,2571,8
2026-03-28T21:58:24.174,23.834,106,38,157.959183,255,368780238,2580,8
2026-03-28T21:58:24.190,23.850,107,38,158.510208,255,368790195,2589,8
2026-03-28T21:58:24.192,23.852,108,38,159.061234,255,368800131,2598,8
2026-03-28T21:58:24.207,23.867,109,38,159.551025,255,368810095,2606,8
2026-03-28T21:58:24.224,23.884,110,38,160.102051,255,368820035,2615,8
2026-03-28T21:58:24.225,23.885,111,38,160.653061,255,368829995,2624,8
2026-03-28T21:58:24.241,23.901,112,38,161.204071,255,368839930,2633,8
2026-03-28T21:58:24.242,23.902,113,38,161.755096,255,368849889,2642,8
2026-03-28T21:58:24.260,23.920,114,38,162.306122,255,368859829,2651,8
2026-03-28T21:58:24.262,23.922,115,38,162.857147,255,368869789,2660,8
2026-03-28T21:58:24.278,23.938,116,38,163.408173,255,368879733,2669,8
2026-03-28T21:58:24.295,23.955,117,38,163.959183,255,368889699,2678,8
2026-03-28T21:58:24.297,23.956,118,38,164.510193,255,368899641,2687,8
2026-03-28T21:58:24.310,23.970,119,39,165.061218,255,368909606,2696,8
2026-03-28T21:58:24.312,23.972,120,39,165.612244,255,368919547,2705,8
2026-03-28T21:58:24.329,23.989,121,39,166.163269,255,368929514,2714,8
2026-03-28T21:58:24.331,23.991,122,39,166.653061,255,368939452,2722,8
2026-03-28T21:58:24.347,24.007,123,39,167.204086,255,368949417,2731,8
2026-03-28T21:58:24.365,24.025,124,39,167.755112,255,368959345,2740,8
2026-03-28T21:58:24.367,24.027,125,39,168.306122,255,368969314,2749,8
2026-03-28T21:58:24.384,24.044,126,39,168.857132,255,368979243,2758,8
2026-03-28T21:58:24.385,24.045,127,39,169.408157,255,368989216,2767,8
2026-03-28T21:58:24.402,24.062,128,39,169.959183,255,368999152,2776,8
2026-03-28T21:58:24.404,24.063,129,39,170.510208,255,369009113,2785,8
2026-03-28T21:58:24.417,24.077,130,39,171.061234,255,369019054,2794,8
2026-03-28T21:58:24.434,24.094,131,40,171.551025,255,369029019,2802,8
2026-03-28T21:58:24.435,24.095,132,40,172.102036,255,369038952,2811,8
2026-03-28T21:58:24.451,24.111,133,40,172.653061,255,369048913,2820,8
2026-03-28T21:58:24.452,24.112,134,40,173.204071,255,369058850,2829,8
2026-03-28T21:58:24.469,24.129,135,40,173.755096,255,369068813,2838,8
2026-03-28T21:58:24.470,24.130,136,40,174.306122,255,369078754,2847,8
2026-03-28T21:58:24.487,24.147,137,40,174.857147,255,369088716,2856,8
2026-03-28T21:58:24.489,24.149,138,40,175.346939,255,369098658,2864,8
2026-03-28T21:58:24.505,24.165,139,40,175.897964,255,369108623,2873,8
2026-03-28T21:58:24.521,24.181,140,40,176.448975,255,369118558,2882,8
2026-03-28T21:58:24.522,24.182,141,40,177.000000,255,369128522,2891,8
2026-03-28T21:58:24.536,24.196,142,40,177.551025,255,369138467,2900,8
2026-03-28T21:58:24.537,24.197,143,41,178.102036,255,369148432,2909,8
2026-03-28T21:58:24.553,24.213,144,41,178.653061,255,369158376,2918,8
2026-03-28T21:58:24.568,24.228,145,41,179.142853,255,369168343,2926,8
2026-03-28T21:58:24.569,24.229,146,41,179.693878,255,369178283,2935,8
2026-03-28T21:58:24.586,24.245,147,41,180.244904,255,369188253,2944,8
2026-03-28T21:58:24.602,24.262,148,41,180.795914,255,369198189,2953,8
2026-03-28T21:58:24.604,24.264,149,41,181.346939,255,369208149,2962,8
2026-03-28T21:58:24.620,24.279,150,42,181.897949,255,369218087,2971,8
2026-03-28T21:58:24.621,24.281,151,42,182.448990,255,369228054,2980,8
2026-03-28T21:58:24.634,24.294,152,42,182.938782,255,369237990,2988,8
2026-03-28T21:58:24.650,24.310,153,42,183.489792,255,369247955,2997,8
2026-03-28T21:58:24.652,24.312,154,42,184.040817,255,369257894,3006,8
2026-03-28T21:58:24.668,24.328,155,43,184.591827,255,369267859,3015,8
2026-03-28T21:58:24.669,24.329,156,43,185.142868,255,369277802,3024,8
2026-03-28T21:58:24.686,24.346,157,43,185.632660,255,369287767,3032,8
2026-03-28T21:58:24.688,24.348,158,43,186.183670,255,369297705,3041,8
2026-03-28T21:58:24.706,24.366,159,44,186.734680,255,369307665,3050,8
2026-03-28T21:58:24.708,24.368,160,44,187.285721,255,369317603,3059,8
2026-03-28T21:58:24.722,24.382,161,44,187.836731,255,369327571,3068,8
2026-03-28T21:58:24.740,24.400,162,44,188.326523,255,369337510,3076,8
2026-03-28T21:58:24.742,24.402,163,44,188.877548,255,369347474,3085,8
2026-03-28T21:58:24.758,24.418,164,48,189.428558,255,369357415,3094,8
2026-03-28T21:58:24.760,24.420,165,49,189.918365,255,369367383,3102,8
2026-03-28T21:58:24.776,24.436,166,89,190.469391,255,369377338,3111,8
2026-03-28T21:58:24.778,24.438,167,145,191.020401,255,369387287,3120,8
2026-03-28T21:58:24.800,24.459,168,146,191.510193,255,369397223,3128,8
2026-03-28T21:58:24.801,24.461,169,95,192.061234,255,369407217,3137,8
2026-03-28T21:58:24.823,24.482,170,70,192.612244,255,369417158,3146,8
2026-03-28T21:58:24.824,24.484,171,63,193.102036,255,369427125,3154,8
2026-03-28T21:58:24.825,24.485,172,59,193.653061,255,369437066,3163,8
2026-03-28T21:58:24.840,24.500,173,58,194.142853,255,369447037,3171,8
2026-03-28T21:58:24.860,24.519,174,58,194.693878,255,369456980,3180,8
2026-03-28T21:58:24.861,24.521,175,58,195.244904,255,369466943,3189,8
2026-03-28T21:58:24.882,24.542,176,58,195.795914,255,369476884,3198,8
2026-03-28T21:58:24.884,24.544,177,58,196.285706,255,369486849,3206,8
2026-03-28T21:58:24.885,24.545,178,59,196.836746,255,369496791,3215,8
2026-03-28T21:58:24.904,24.564,179,58,197.387756,255,369506749,3224,8
2026-03-28T21:58:24.905,24.565,180,55,197.877548,255,369516694,3232,8
2026-03-28T21:58:24.924,24.583,181,54,198.428574,255,369526660,3241,8
2026-03-28T21:58:24.925,24.585,182,52,198.979584,255,369536601,3250,8
2026-03-28T21:58:24.945,24.605,183,52,199.530624,255,369546569,3259,8
2026-03-28T21:58:24.946,24.606,184,53,200.020416,255,369556504,3267,8
2026-03-28T21:58:24.965,24.625,185,53,200.571426,255,369566466,3276,8
2026-03-28T21:58:24.967,24.627,186,53,201.122437,255,369576406,3285,8
2026-03-28T21:58:24.985,24.645,187,54,201.612259,255,369586371,3293,8
2026-03-28T21:58:24.986,24.646,188,56,202.163269,255,369596311,3302,8
2026-03-28T21:58:25.006,24.666,189,56,202.714279,255,369606274,3311,8
2026-03-28T21:58:25.007,24.667,190,58,203.204086,255,369616214,3319,8
2026-03-28T21:58:25.025,24.685,191,66,203.755096,255,369626183,3328,8
2026-03-28T21:58:25.027,24.687,192,113,204.306107,255,369636108,3337,8
2026-03-28T21:58:25.046,24.706,193,157,204.795929,255,369646072,3345,8
2026-03-28T21:58:25.047,24.707,194,170,205.346939,255,369656010,3354,8
2026-03-28T21:58:25.075,24.735,195,173,205.836731,255,369665978,3362,8
2026-03-28T21:58:25.077,24.736,196,170,206.387772,255,369675913,3371,8
2026-03-28T21:58:25.078,24.738,197,153,206.877563,255,369685880,3379,8
2026-03-28T21:58:25.107,24.767,198,133,207.428574,255,369695810,3388,8
2026-03-28T21:58:25.108,24.768,199,112,207.918365,255,369705775,3396,8
2026-03-28T21:58:25.109,24.769,200,94,208.408157,255,369715738,3404,8
2026-03-28T21:58:25.123,24.783,201,80,208.959183,255,369725696,3413,8
2026-03-28T21:58:25.125,24.785,202,69,209.448975,255,369735641,3421,8
2026-03-28T21:58:25.139,24.799,203,65,210.000000,255,369745608,3430,8
2026-03-28T21:58:25.152,24.812,204,64,210.489792,255,369755547,3438,8
2026-03-28T21:58:25.154,24.813,205,63,211.040817,255,369765509,3447,8
2026-03-28T21:58:25.167,24.827,206,61,211.591827,255,369775451,3456,8
2026-03-28T21:58:25.183,24.843,207,60,212.081619,255,369785417,3464,8
2026-03-28T21:58:25.184,24.844,208,60,212.571442,255,369795360,3472,8
2026-03-28T21:58:25.197,24.857,209,59,213.122452,255,369805323,3481,8
2026-03-28T21:58:25.213,24.873,210,59,213.673462,255,369815262,3490,8
2026-03-28T21:58:25.215,24.875,211,59,214.163269,255,369825228,3498,8
2026-03-28T21:58:25.229,24.889,212,58,214.714279,255,369835170,3507,8
2026-03-28T21:58:25.231,24.891,213,57,215.204086,255,369845135,3515,8
2026-03-28T21:58:25.244,24.904,214,57,215.755112,255,369855217,3524,8
2026-03-28T21:58:25.259,24.919,215,56,216.244904,255,369865036,3532,8
2026-03-28T21:58:25.273,24.932,216,55,216.795914,255,369874980,3541,8
2026-03-28T21:58:25.274,24.934,217,55,217.346924,255,369884945,3550,8
2026-03-28T21:58:25.286,24.946,218,55,217.836746,255,369894884,3558,8
2026-03-28T21:58:25.300,24.960,219,55,218.387756,255,369904842,3567,8
2026-03-28T21:58:25.301,24.961,220,54,218.938766,255,369914785,3576,8
2026-03-28T21:58:25.317,24.977,221,54,219.428574,255,369924748,3584,8
2026-03-28T21:58:25.330,24.990,222,54,219.979584,255,369934691,3593,8
2026-03-28T21:58:25.331,24.991,223,54,220.469391,255,369944660,3601,8
2026-03-28T21:58:25.345,25.005,224,54,221.020416,255,369954606,3610,8
2026-03-28T21:58:25.361,25.021,225,54,221.510208,255,369964571,3618,8
2026-03-28T21:58:25.362,25.022,226,54,222.061218,255,369974513,3627,8
2026-03-28T21:58:25.374,25.034,227,54,222.612259,255,369984482,3636,8
2026-03-28T21:58:25.389,25.049,228,54,223.102051,255,369994425,3644,8
2026-03-28T21:58:25.391,25.051,229,54,223.653061,255,370004391,3653,8
2026-03-28T21:58:25.406,25.066,230,54,224.204086,255,370014334,3662,8
2026-03-28T21:58:25.418,25.078,231,54,224.693878,255,370024303,3670,8
2026-03-28T21:58:25.419,25.079,232,54,225.244904,255,370034246,3679,8
2026-03-28T21:58:25.434,25.094,233,54,225.734695,255,370044211,3687,8
2026-03-28T21:58:25.448,25.108,234,54,226.285721,255,370054145,3696,8
2026-03-28T21:58:25.450,25.110,235,54,226.775513,255,370064106,3704,8
2026-03-28T21:58:25.462,25.122,236,54,227.326523,255,370074043,3713,8
2026-03-28T21:58:25.477,25.137,237,54,227.877563,255,370084015,3722,8
2026-03-28T21:58:25.478,25.138,238,55,228.367355,255,370093948,3730,8
2026-03-28T21:58:25.493,25.153,239,56,228.918365,255,370103915,3739,8
2026-03-28T21:58:25.508,25.168,240,57,229.408157,255,370113863,3747,8
2026-03-28T21:58:25.509,25.169,241,57,229.959183,255,370123835,3756,8
2026-03-28T21:58:25.521,25.181,242,57,230.448990,255,370133771,3764,8
2026-03-28T21:58:25.532,25.192,243,57,231.000000,255,370143741,3773,8
2026-03-28T21:58:25.547,25.207,244,56,231.489792,255,370153684,3781,8
2026-03-28T21:58:25.549,25.209,245,56,232.040817,255,370163650,3790,8
2026-03-28T21:58:25.563,25.223,246,56,232.530609,255,370173593,3798,8
2026-03-28T21:58:25.578,25.238,247,56,233.081619,255,370183561,3807,8
2026-03-28T21:58:25.579,25.239,248,56,233.632660,255,370193496,3816,8
2026-03-28T21:58:25.594,25.254,249,56,234.122452,255,370203456,3824,8
2026-03-28T21:58:25.609,25.268,250,56,234.612244,255,370213401,3832,8
2026-03-28T21:58:25.610,25.270,251,56,235.163254,255,370223371,3841,8
2026-03-28T21:58:25.624,25.284,252,56,235.714294,255,370233308,3850,8
2026-03-28T21:58:25.637,25.297,253,55,236.204086,255,370243284,3858,8
2026-03-28T21:58:25.639,25.299,254,55,236.755096,255,370253218,3867,8
2026-03-28T21:58:25.654,25.314,255,56,237.244904,255,370263182,3875,8
2026-03-28T21:58:25.669,25.329,0,56,237.795914,255,370273117,3884,8
2026-03-28T21:58:25.671,25.330,1,56,238.285706,255,370283081,3892,8
2026-03-28T21:58:25.685,25.344,2,56,238.775497,255,370293022,3900,8
2026-03-28T21:58:25.686,25.346,3,57,239.326538,255,370302985,3909,8
2026-03-28T21:58:25.698,25.358,4,58,239.816330,255,370312917,3917,8
2026-03-28T21:58:25.713,25.373,5,58,240.367340,255,370322884,3926,8
2026-03-28T21:58:25.729,25.389,6,59,240.857132,255,370332824,3934,8
2026-03-28T21:58:25.730,25.390,7,59,241.408173,255,370342784,3943,8
2026-03-28T21:58:25.744,25.404,8,59,241.897964,255,370352722,3951,8
2026-03-28T21:58:25.746,25.406,9,59,242.448975,255,370362683,3960,8
2026-03-28T21:58:25.759,25.419,10,59,242.938782,255,370372624,3968,8
2026-03-28T21:58:25.775,25.434,11,59,243.428574,255,370382592,3976,8
2026-03-28T21:58:25.776,25.436,12,59,243.979584,255,370392531,3985,8
2026-03-28T21:58:25.789,25.449,13,60,244.530624,255,370402490,3994,8
2026-03-28T21:58:25.803,25.463,14,60,245.020416,255,370412425,4002,8
2026-03-28T21:58:25.818,25.478,15,60,245.510208,255,370422390,4010,8
2026-03-28T21:58:25.819,25.479,16,60,246.061218,255,370432328,4019,8
2026-03-28T21:58:25.832,25.492,17,60,246.551010,255,370442294,4027,8
2026-03-28T21:58:25.846,25.506,18,59,247.102051,255,370452236,4036,8
2026-03-28T21:58:25.848,25.507,19,60,247.591843,255,370462198,4044,8
2026-03-28T21:58:25.858,25.518,20,59,248.142853,255,370472136,4053,8
2026-03-28T21:58:25.872,25.532,21,59,248.632645,255,370482101,4061,8
2026-03-28T21:58:25.887,25.547,22,59,249.183670,255,370492038,4070,8
2026-03-28T21:58:25.888,25.548,23,59,249.673462,255,370502001,4078,8
2026-03-28T21:58:25.902,25.561,24,59,250.163269,255,370511942,4086,8
2026-03-28T21:58:25.916,25.576,25,59,250.714294,255,370521908,4095,8
2026-03-28T21:58:25.918,25.578,26,60,251.204086,255,370531851,4103,8
2026-03-28T21:58:25.931,25.591,27,60,251.755096,255,370541814,4112,8
2026-03-28T21:58:25.943,25.603,28,60,252.244888,255,370551762,4120,8
2026-03-28T21:58:25.944,25.604,29,60,252.795929,255,370561724,4129,8
2026-03-28T21:58:25.959,25.619,30,60,253.285721,255,370571660,4137,8
2026-03-28T21:58:25.971,25.631,31,60,253.836731,255,370581625,4146,8
2026-03-28T21:58:25.984,25.643,32,60,254.326523,255,370591564,4154,8
2026-03-28T21:58:25.985,25.645,33,60,254.816330,255,370601529,4162,8
2026-03-28T21:58:25.997,25.657,34,60,255.367355,255,370611468,4171,8
2026-03-28T21:58:26.011,25.671,35,59,255.857147,255,370621433,4179,8
2026-03-28T21:58:26.013,25.673,36,58,256.408142,255,370631375,4188,8
2026-03-28T21:58:26.027,25.687,37,57,256.897980,255,370641342,4196,8
2026-03-28T21:58:26.040,25.700,38,57,257.387756,255,370651286,4204,8
2026-03-28T21:58:26.054,25.714,39,57,257.938782,255,370661250,4213,8
2026-03-28T21:58:26.056,25.716,40,56,258.428558,255,370671188,4221,8
2026-03-28T21:58:26.071,25.731,41,56,258.979584,255,370681152,4230,8
2026-03-28T21:58:26.072,25.732,42,55,259.469391,255,370691095,4238,8
2026-03-28T21:58:26.084,25.744,43,55,259.959167,255,370701061,4246,8
2026-03-28T21:58:26.098,25.758,44,55,260.510193,255,370711000,4255,8
2026-03-28T21:58:26.114,25.773,45,55,261.000000,255,370720960,4263,8
2026-03-28T21:58:26.115,25.775,46,55,261.551025,255,370730897,4272,8
2026-03-28T21:58:26.127,25.787,47,54,262.040802,255,370740854,4280,8
2026-03-28T21:58:26.139,25.799,48,54,262.530609,255,370750791,4288,8
2026-03-28T21:58:26.151,25.811,49,54,263.081635,255,370760754,4297,8
2026-03-28T21:58:26.153,25.813,50,54,263.571442,255,370770694,4305,8
2026-03-28T21:58:26.167,25.827,51,54,264.122437,255,370780655,4314,8
2026-03-28T21:58:26.180,25.840,52,54,264.612244,255,370790587,4322,8
2026-03-28T21:58:26.181,25.841,53,54,265.102051,255,370800551,4330,8
2026-03-28T21:58:26.197,25.857,54,54,265.653076,255,370810490,4339,8
2026-03-28T21:58:26.212,25.872,55,54,266.142853,255,370820448,4347,8
2026-03-28T21:58:26.213,25.873,56,54,266.693878,255,370830381,4356,8
2026-03-28T21:58:26.228,25.888,57,54,267.183685,255,370840348,4364,8
2026-03-28T21:58:26.242,25.902,58,54,267.673462,255,370850291,4372,8
2026-03-28T21:58:26.244,25.904,59,55,268.224487,255,370860247,4381,8
2026-03-28T21:58:26.253,25.913,60,55,268.714264,255,370870196,4389,8
2026-03-28T21:58:26.266,25.926,61,55,269.204102,255,370880158,4397,8
2026-03-28T21:58:26.281,25.941,62,55,269.755096,255,370890103,4406,8
2026-03-28T21:58:26.283,25.942,63,55,270.244904,255,370900073,4414,8
2026-03-28T21:58:26.295,25.955,64,56,270.734680,255,370910020,4422,8
2026-03-28T21:58:26.309,25.969,65,58,271.285736,255,370919984,4431,8
2026-03-28T21:58:26.311,25.970,66,97,271.775513,255,370929934,4439,8
2026-03-28T21:58:26.324,25.984,67,152,272.265320,255,370939881,4447,8
2026-03-28T21:58:26.338,25.998,68,164,272.755096,255,370949824,4455,8
2026-03-28T21:58:26.353,26.013,69,161,273.306122,255,370959790,4464,8
2026-03-28T21:58:26.354,26.014,70,140,273.795929,255,370969719,4472,8
2026-03-28T21:58:26.367,26.027,71,120,274.285706,255,370979687,4480,8
2026-03-28T21:58:26.381,26.041,72,117,274.775513,255,370989625,4488,8
2026-03-28T21:58:26.382,26.042,73,117,275.265320,255,370999587,4496,8
2026-03-28T21:58:26.391,26.051,74,116,275.755096,255,371009527,4504,8
2026-03-28T21:58:26.404,26.064,75,116,276.244904,255,371019492,4512,8
2026-03-28T21:58:26.417,26.077,76,117,276.734680,255,371029437,4520,8
2026-03-28T21:58:26.427,26.087,77,118,277.224487,255,371039412,4528,8
2026-03-28T21:58:26.429,26.089,78,118,277.714294,255,371049342,4536,8
2026-03-28T21:58:26.443,26.103,79,118,278.204071,255,371059311,4544,8
2026-03-28T21:58:26.457,26.117,80,117,278.755096,255,371069244,4553,8
2026-03-28T21:58:26.458,26.118,81,117,279.244873,255,371079209,4561,8
2026-03-28T21:58:26.472,26.132,82,116,279.734711,255,371089147,4569,8
2026-03-28T21:58:26.486,26.146,83,116,280.224487,255,371099116,4577,8
2026-03-28T21:58:26.502,26.161,84,116,280.714294,255,371109054,4585,8
2026-03-28T21:58:26.503,26.163,85,116,281.204071,255,371119022,4593,8
2026-03-28T21:58:26.516,26.176,86,116,281.693878,255,371128962,4601,8
2026-03-28T21:58:26.530,26.190,87,114,282.183655,255,371138926,4609,8
2026-03-28T21:58:26.531,26.191,88,110,282.673462,255,371148870,4617,8
2026-03-28T21:58:26.544,26.204,89,108,283.224487,255,371158835,4626,8
2026-03-28T21:58:26.562,26.222,90,103,283.714294,255,371168773,4634,8
2026-03-28T21:58:26.564,26.224,91,101,284.204071,255,371178741,4642,8
2026-03-28T21:58:26.576,26.236,92,97,284.693878,255,371188706,4650,8
2026-03-28T21:58:26.578,26.237,93,97,285.183655,255,371198672,4658,8
2026-03-28T21:58:26.593,26.252,94,98,285.673492,255,371208602,4666,8
2026-03-28T21:58:26.607,26.267,95,98,286.163269,255,371218570,4674,8
2026-03-28T21:58:26.610,26.270,96,97,286.653076,255,371228514,4682,8
2026-03-28T21:58:26.622,26.282,97,98,287.142853,255,371238474,4690,8
2026-03-28T21:58:26.640,26.300,98,99,287.632660,255,371248418,4698,8
2026-03-28T21:58:26.642,26.302,99,103,288.122437,255,371258373,4706,8
2026-03-28T21:58:26.657,26.317,100,111,288.612244,255,371268317,4714,8
2026-03-28T21:58:26.660,26.320,101,114,289.102051,255,371278284,4722,8
2026-03-28T21:58:26.675,26.335,102,114,289.591827,255,371288229,4730,8
2026-03-28T21:58:26.689,26.349,103,113,290.081635,255,371298199,4738,8
2026-03-28T21:58:26.691,26.351,104,108,290.632660,255,371308138,4747,8
2026-03-28T21:58:26.707,26.366,105,103,291.122437,255,371318102,4755,8
2026-03-28T21:58:26.708,26.368,106,99,291.612244,255,371328043,4763,8
2026-03-28T21:58:26.721,26.381,107,97,292.102051,255,371338035,4771,8
2026-03-28T21:58:26.736,26.396,108,97,292.591827,255,371347978,4779,8
2026-03-28T21:58:26.738,26.397,109,96,293.081635,255,371357934,4787,8
2026-03-28T21:58:26.753,26.412,110,87,293.571411,255,371367880,4795,8
2026-03-28T21:58:26.766,26.426,111,75,294.061218,255,371377837,4803,8
2026-03-28T21:58:26.767,26.427,112,65,294.551025,255,371387780,4811,8
2026-03-28T21:58:26.781,26.441,113,61,295.040833,255,371397743,4819,8
2026-03-28T21:58:26.795,26.455,114,59,295.530609,255,371407686,4827,8
2026-03-28T21:58:26.797,26.457,115,58,296.020416,255,371417652,4835,8
2026-03-28T21:58:26.813,26.473,116,57,296.510193,255,371427598,4843,8
2026-03-28T21:58:26.815,26.475,117,56,297.000000,255,371437559,4851,8
2026-03-28T21:58:26.829,26.489,118,55,297.489777,255,371447499,4859,8
2026-03-28T21:58:26.854,26.514,119,52,297.979584,255,371457463,4867,8
2026-03-28T21:58:26.855,26.515,120,50,298.469391,255,371467398,4875,8
2026-03-28T21:58:26.856,26.516,121,50,298.959198,255,371477367,4883,8
2026-03-28T21:58:26.884,26.544,122,50,299.448975,255,371487310,4891,8
2026-03-28T21:58:26.885,26.545,123,50,300.000000,255,371497274,4900,8
2026-03-28T21:58:26.886,26.546,124,50,300.489777,255,371507212,4908,8
2026-03-28T21:58:26.899,26.559,125,50,300.979614,255,371517178,4916,8
2026-03-28T21:58:26.927,26.587,126,50,301.469391,255,371527118,4924,8
2026-03-28T21:58:26.929,26.588,127,50,301.959198,255,371537080,4932,8
2026-03-28T21:58:26.930,26.589,128,50,302.510193,255,371547016,4941,8
2026-03-28T21:58:26.958,26.617,129,50,303.000000,255,371556982,4949,8
2026-03-28T21:58:26.959,26.619,130,50,303.489807,255,371566922,4957,8
2026-03-28T21:58:26.960,26.620,131,50,304.040802,255,371576889,4966,8
2026-03-28T21:58:26.989,26.649,132,50,304.530609,255,371586827,4974,8
2026-03-28T21:58:26.991,26.651,133,50,305.020416,255,371596780,4982,8
2026-03-28T21:58:26.993,26.653,134,51,305.510193,255,371606726,4990,8
2026-03-28T21:58:26.994,26.653,135,51,306.000000,255,371616688,4998,8
2026-03-28T21:58:27.022,26.682,136,51,306.489807,255,371626629,5006,8
2026-03-28T21:58:27.023,26.683,137,51,306.979584,255,371636595,5014,8
2026-03-28T21:58:27.026,26.685,138,51,307.530609,255,371646532,5023,8
2026-03-28T21:58:27.040,26.699,139,51,308.020386,255,371656495,5031,8
2026-03-28T21:58:27.052,26.712,140,51,308.510223,255,371666441,5039,8
2026-03-28T21:58:27.053,26.713,141,51,309.000000,255,371676403,5047,8
2026-03-28T21:58:27.065,26.724,142,51,309.489807,255,371686342,5055,8
2026-03-28T21:58:27.077,26.737,143,51,309.979584,255,371696304,5063,8
2026-03-28T21:58:27.090,26.750,144,51,310.530609,255,371706242,5072,8
2026-03-28T21:58:27.107,26.766,145,52,311.020416,255,371716209,5080,8
2026-03-28T21:58:27.108,26.768,146,52,311.510223,255,371726146,5088,8
2026-03-28T21:58:27.121,26.781,147,52,312.000000,255,371736111,5096,8
2026-03-28T21:58:27.122,26.782,148,52,312.489807,255,371746044,5104,8
2026-03-28T21:58:27.135,26.795,149,52,312.979584,255,371756006,5112,8
2026-03-28T21:58:27.149,26.809,150,52,313.530609,255,371765945,5121,8
2026-03-28T21:58:27.163,26.823,151,52,314.020416,255,371775906,5129,8
2026-03-28T21:58:27.165,26.825,152,53,314.510193,255,371785842,5137,8
2026-03-28T21:58:27.179,26.839,153,53,315.000000,255,371795805,5145,8
2026-03-28T21:58:27.193,26.853,154,53,315.489807,255,371805746,5153,8
2026-03-28T21:58:27.195,26.855,155,53,315.979584,255,371815713,5161,8
2026-03-28T21:58:27.208,26.868,156,53,316.469391,255,371825647,5169,8
2026-03-28T21:58:27.220,26.879,157,53,317.020416,255,371835611,5178,8
2026-03-28T21:58:27.221,26.881,158,53,317.510193,255,371845547,5186,8
2026-03-28T21:58:27.235,26.894,159,53,318.000000,255,371855514,5194,8
2026-03-28T21:58:27.248,26.908,160,54,318.489777,255,371865446,5202,8
2026-03-28T21:58:27.263,26.923,161,54,318.979584,255,371875419,5210,8
2026-03-28T21:58:27.265,26.925,162,54,319.469391,255,371885358,5218,8
2026-03-28T21:58:27.282,26.941,163,54,319.959198,255,371895320,5226,8
2026-03-28T21:58:27.284,26.944,164,54,320.448975,255,371905265,5234,8
2026-03-28T21:58:27.299,26.959,165,54,320.938782,255,371915235,5242,8
2026-03-28T21:58:27.301,26.961,166,54,321.489777,255,371925176,5251,8
2026-03-28T21:58:27.317,26.977,167,55,321.979614,255,371935144,5259,8
2026-03-28T21:58:27.320,26.979,168,55,322.469391,255,371945080,5267,8
2026-03-28T21:58:27.333,26.993,169,55,322.959198,255,371955037,5275,8
2026-03-28T21:58:27.345,27.005,170,55,323.448975,255,371964973,5283,8
2026-03-28T21:58:27.358,27.018,171,56,323.938782,255,371974927,5291,8
2026-03-28T21:58:27.360,27.020,172,56,324.428558,255,371984868,5299,8
2026-03-28T21:58:27.379,27.039,173,56,324.918365,255,371994827,5307,8
2026-03-28T21:58:27.381,27.040,174,56,325.408173,255,372004766,5315,8
2026-03-28T21:58:27.392,27.052,175,57,325.897980,255,372014728,5323,8
2026-03-28T21:58:27.406,27.066,176,57,326.448975,255,372024668,5332,8
2026-03-28T21:58:27.421,27.081,177,57,326.877563,255,372034627,5339,8
2026-03-28T21:58:27.422,27.082,178,57,327.428558,255,372044565,5348,8
2026-03-28T21:58:27.438,27.098,179,57,327.918365,255,372054528,5356,8
2026-03-28T21:58:27.439,27.099,180,58,328.408173,255,372064469,5364,8
2026-03-28T21:58:27.453,27.112,181,58,328.897949,255,372074426,5372,8
2026-03-28T21:58:27.467,27.127,182,58,329.387756,255,372084368,5380,8
2026-03-28T21:58:27.469,27.129,183,58,329.877563,255,372094330,5388,8
2026-03-28T21:58:27.483,27.143,184,58,330.367340,255,372104269,5396,8
2026-03-28T21:58:27.497,27.157,185,58,330.857147,255,372114235,5404,8
2026-03-28T21:58:27.498,27.158,186,59,331.346954,255,372124171,5412,8
2026-03-28T21:58:27.513,27.173,187,59,331.836731,255,372134130,5420,8
2026-03-28T21:58:27.526,27.186,188,59,332.326538,255,372144078,5428,8
2026-03-28T21:58:27.528,27.188,189,60,332.816315,255,372154035,5436,8
2026-03-28T21:58:27.542,27.202,190,61,333.306122,255,372163971,5444,8
2026-03-28T21:58:27.557,27.217,191,62,333.795898,255,372173934,5452,8
2026-03-28T21:58:27.558,27.218,192,62,334.285706,255,372183869,5460,8
2026-03-28T21:58:27.571,27.231,193,63,334.836731,255,372193831,5469,8
2026-03-28T21:58:27.584,27.243,194,63,335.326538,255,372203762,5477,8
2026-03-28T21:58:27.599,27.258,195,62,335.816315,255,372213720,5485,8
2026-03-28T21:58:27.600,27.260,196,60,336.306122,255,372223657,5493,8
2026-03-28T21:58:27.615,27.275,197,63,336.795898,255,372233623,5501,8
2026-03-28T21:58:27.617,27.277,198,69,337.224487,255,372243559,5508,8
2026-03-28T21:58:27.632,27.291,199,69,337.714264,255,372253523,5516,8
2026-03-28T21:58:27.644,27.304,200,67,338.204102,255,372263468,5524,8
2026-03-28T21:58:27.658,27.318,201,67,338.693878,255,372273433,5532,8
2026-03-28T21:58:27.660,27.320,202,68,339.183685,255,372283369,5540,8
2026-03-28T21:58:27.673,27.333,203,71,339.673462,255,372293337,5548,8
2026-03-28T21:58:27.685,27.345,204,72,340.163269,255,372303274,5556,8
2026-03-28T21:58:27.687,27.347,205,73,340.591827,255,372313234,5563,8
2026-03-28T21:58:27.702,27.362,206,73,341.081635,255,372323181,5571,8
2026-03-28T21:58:27.720,27.380,207,73,341.571411,255,372333141,5579,8
2026-03-28T21:58:27.721,27.381,208,73,342.061218,255,372343079,5587,8
2026-03-28T21:58:27.740,27.400,209,74,342.551025,255,372353039,5595,8
2026-03-28T21:58:27.742,27.402,210,74,343.040833,255,372362979,5603,8
2026-03-28T21:58:27.757,27.417,211,74,343.530609,255,372372940,5611,8
2026-03-28T21:58:27.758,27.418,212,73,344.020416,255,372382887,5619,8
2026-03-28T21:58:27.769,27.429,213,73,344.510193,255,372392849,5627,8
2026-03-28T21:58:27.782,27.442,214,73,344.938782,255,372402786,5634,8
2026-03-28T21:58:27.794,27.453,215,73,345.428558,255,372412752,5642,8
2026-03-28T21:58:27.795,27.455,216,73,345.918365,255,372422692,5650,8
2026-03-28T21:58:27.807,27.467,217,72,346.408142,255,372432655,5658,8
2026-03-28T21:58:27.824,27.484,218,72,346.897980,255,372442588,5666,8
2026-03-28T21:58:27.825,27.485,219,72,347.387756,255,372452552,5674,8
2026-03-28T21:58:27.839,27.499,220,72,347.877563,255,372462490,5682,8
2026-03-28T21:58:27.853,27.513,221,71,348.367340,255,372472460,5690,8
2026-03-28T21:58:27.855,27.515,222,71,348.857147,255,372482402,5698,8
2026-03-28T21:58:27.870,27.530,223,71,349.346924,255,372492370,5706,8
2026-03-28T21:58:27.884,27.544,224,71,349.836731,255,372502310,5714,8
2026-03-28T21:58:27.886,27.546,225,71,350.326538,255,372512272,5722,8
2026-03-28T21:58:27.899,27.559,226,71,350.816345,255,372522210,5730,8
2026-03-28T21:58:27.916,27.576,227,71,351.306122,255,372532174,5738,8
2026-03-28T21:58:27.918,27.578,228,70,351.795929,255,372542107,5746,8
2026-03-28T21:58:27.931,27.590,229,70,352.285706,255,372552075,5754,8
2026-03-28T21:58:27.944,27.604,230,70,352.775513,255,372562013,5762,8
2026-03-28T21:58:27.945,27.605,231,70,353.265320,255,372571978,5770,8
2026-03-28T21:58:27.959,27.619,232,70,353.755096,255,372581916,5778,8
2026-03-28T21:58:27.973,27.633,233,70,354.244904,255,372591878,5786,8
2026-03-28T21:58:27.974,27.634,234,70,354.734680,255,372601814,5794,8
2026-03-28T21:58:27.989,27.649,235,69,355.224487,255,372611781,5802,8
2026-03-28T21:58:28.001,27.661,236,69,355.714294,255,372621719,5810,8
2026-03-28T21:58:28.004,27.664,237,69,356.204071,255,372631686,5818,8
2026-03-28T21:58:28.020,27.680,238,69,356.693878,255,372641622,5826,8
2026-03-28T21:58:28.035,27.695,239,69,357.183685,255,372651585,5834,8
2026-03-28T21:58:28.038,27.698,240,69,357.673462,255,372661521,5842,8
2026-03-28T21:58:28.050,27.710,241,69,358.163269,255,372671484,5850,8
2026-03-28T21:58:28.064,27.724,242,69,358.653046,255,372681419,5858,8
2026-03-28T21:58:28.066,27.725,243,69,359.142853,255,372691383,5866,8
2026-03-28T21:58:28.079,27.739,244,69,359.632629,255,372701325,5874,8
2026-03-28T21:58:28.093,27.753,245,68,0.122449,255,372711285,2,8
2026-03-28T21:58:28.095,27.755,246,68,0.612245,255,372721225,10,8
2026-03-28T21:58:28.110,27.769,247,69,1.102041,255,372731186,18,8
2026-03-28T21:58:28.112,27.772,248,68,1.591837,255,372741121,26,8
2026-03-28T21:58:28.125,27.785,249,68,2.081633,255,372751087,34,8
2026-03-28T21:58:28.140,27.800,250,68,2.571429,255,372761026,42,8
2026-03-28T21:58:28.142,27.802,251,68,3.061225,255,372770990,50,8
2026-03-28T21:58:28.155,27.815,252,68,3.551020,255,372780935,58,8
2026-03-28T21:58:28.168,27.828,253,68,4.040816,255,372790901,66,8
2026-03-28T21:58:28.182,27.842,254,68,4.530612,255,372800844,74,8
2026-03-28T21:58:28.184,27.844,255,68,4.959184,255,372810808,81,8
2026-03-28T21:58:28.197,27.857,0,68,5.448980,255,372820748,89,8
2026-03-28T21:58:28.211,27.871,1,68,5.938776,255,372830717,97,8
2026-03-28T21:58:28.212,27.872,2,68,6.428572,255,372840659,105,8
2026-03-28T21:58:28.228,27.887,3,68,6.918367,255,372850626,113,8
2026-03-28T21:58:28.242,27.902,4,68,7.408164,255,372860562,121,8
2026-03-28T21:58:28.244,27.904,5,67,7.897959,255,372870531,129,8
2026-03-28T21:58:28.260,27.919,6,68,8.387755,255,372880461,137,8
2026-03-28T21:58:28.261,27.921,7,67,8.938775,255,372890422,146,8
2026-03-28T21:58:28.273,27.933,8,67,9.428572,255,372900356,154,8
2026-03-28T21:58:28.287,27.947,9,67,9.918367,255,372910312,162,8
2026-03-28T21:58:28.300,27.960,10,67,10.408163,255,372920244,170,8
2026-03-28T21:58:28.302,27.961,11,67,10.897960,255,372930212,178,8
2026-03-28T21:58:28.316,27.976,12,67,11.326530,255,372940150,185,8
2026-03-28T21:58:28.331,27.990,13,67,11.816327,255,372950111,193,8
2026-03-28T21:58:28.332,27.992,14,67,12.306123,255,372960047,201,8
2026-03-28T21:58:28.347,28.007,15,67,12.795918,255,372970007,209,8
2026-03-28T21:58:28.361,28.021,16,67,13.285715,255,372979943,217,8
2026-03-28T21:58:28.362,28.022,17,67,13.775511,255,372989898,225,8
2026-03-28T21:58:28.376,28.036,18,67,14.265306,255,372999840,233,8
2026-03-28T21:58:28.389,28.049,19,67,14.755103,255,373009800,241,8
2026-03-28T21:58:28.390,28.050,20,67,15.244898,255,373019739,249,8
2026-03-28T21:58:28.405,28.065,21,67,15.734694,255,373029699,257,8
2026-03-28T21:58:28.421,28.080,22,68,16.224489,255,373039638,265,8
2026-03-28T21:58:28.422,28.082,23,68,16.653061,255,373049600,272,8
2026-03-28T21:58:28.436,28.096,24,68,17.142857,255,373059534,280,8
2026-03-28T21:58:28.450,28.110,25,68,17.632652,255,373069494,288,8
2026-03-28T21:58:28.452,28.112,26,68,18.122448,255,373079432,296,8
2026-03-28T21:58:28.465,28.125,27,68,18.612246,255,373089397,304,8
2026-03-28T21:58:28.479,28.139,28,68,19.102041,255,373099331,312,8
2026-03-28T21:58:28.480,28.140,29,68,19.591837,255,373109300,320,8
2026-03-28T21:58:28.493,28.153,30,68,20.081633,255,373119240,328,8
2026-03-28T21:58:28.505,28.165,31,68,20.571428,255,373129204,336,8
2026-03-28T21:58:28.519,28.178,32,68,21.000000,255,373139149,343,8
2026-03-28T21:58:28.520,28.180,33,68,21.489796,255,373149113,351,8
2026-03-28T21:58:28.533,28.193,34,68,21.979593,255,373159056,359,8
2026-03-28T21:58:28.546,28.206,35,68,22.469387,255,373169020,367,8
2026-03-28T21:58:28.548,28.207,36,68,22.959183,255,373178963,375,8
2026-03-28T21:58:28.563,28.222,37,68,23.387754,255,373188923,382,8
2026-03-28T21:58:28.577,28.237,38,68,23.877550,255,373198861,390,8
2026-03-28T21:58:28.579,28.239,39,68,24.367346,255,373208825,398,8
2026-03-28T21:58:28.591,28.250,40,68,24.857143,255,373218770,406,8
2026-03-28T21:58:28.605,28.265,41,68,25.346939,255,373228736,414,8
2026-03-28T21:58:28.619,28.278,42,69,25.836735,255,373238687,422,8
2026-03-28T21:58:28.620,28.280,43,69,26.326530,255,373248658,430,8
2026-03-28T21:58:28.634,28.294,44,69,26.755102,255,373258600,437,8
2026-03-28T21:58:28.644,28.304,45,69,27.244898,255,373268564,445,8
2026-03-28T21:58:28.657,28.316,46,69,27.734694,255,373278504,453,8
2026-03-28T21:58:28.658,28.318,47,69,28.224489,255,373288466,461,8
2026-03-28T21:58:28.672,28.331,48,69,28.714287,255,373298407,469,8
2026-03-28T21:58:28.685,28.345,49,69,29.142859,255,373308370,476,8
2026-03-28T21:58:28.686,28.346,50,68,29.326530,255,373318313,479,8
2026-03-28T21:58:28.698,28.358,51,68,29.448978,255,373328281,481,8
2026-03-28T21:58:28.712,28.372,52,68,29.448978,255,373338223,481,8
2026-03-28T21:58:28.726,28.386,53,68,29.387754,255,373348189,480,8
2026-03-28T21:58:28.728,28.388,54,68,29.387754,255,373358139,480,8
2026-03-28T21:58:28.740,28.400,55,68,29.387754,255,373368102,480,8
2026-03-28T21:58:28.754,28.414,56,68,29.387754,255,373378041,480,8
2026-03-28T21:58:28.756,28.416,57,68,29.387754,255,373387999,480,8
2026-03-28T21:58:28.768,28.428,58,68,29.387754,255,373397935,480,8
2026-03-28T21:58:28.783,28.443,59,68,29.387754,255,373407896,480,8
2026-03-28T21:58:28.797,28.456,60,69,29.326530,255,373417835,479,8
2026-03-28T21:58:28.799,28.458,61,69,29.204082,255,373427789,477,8
2026-03-28T21:58:28.815,28.475,62,69,29.020407,255,373437728,474,8
2026-03-28T21:58:28.817,28.477,63,69,28.897959,255,373447690,472,8
2026-03-28T21:58:28.830,28.490,64,69,28.714287,255,373457625,469,8
2026-03-28T21:58:28.846,28.506,65,68,28.530611,255,373467594,466,8
2026-03-28T21:58:28.848,28.508,66,68,28.346939,255,373477533,463,8
2026-03-28T21:58:28.862,28.522,67,68,28.163265,255,373487492,460,8
2026-03-28T21:58:28.875,28.535,68,68,27.979591,255,373497435,457,8
2026-03-28T21:58:28.877,28.536,69,68,27.795918,255,373507399,454,8
2026-03-28T21:58:28.889,28.549,70,68,27.551022,255,373517339,450,8
2026-03-28T21:58:28.901,28.561,71,68,27.367346,255,373527302,447,8
2026-03-28T21:58:28.917,28.577,72,68,27.122450,255,373537237,443,8
2026-03-28T21:58:28.919,28.579,73,68,26.877550,255,373547203,439,8
2026-03-28T21:58:28.933,28.593,74,68,26.693878,255,373557137,436,8
2026-03-28T21:58:28.935,28.595,75,68,26.448978,255,373567102,432,8
2026-03-28T21:58:28.950,28.609,76,68,26.204082,255,373577038,428,8
2026-03-28T21:58:28.964,28.624,77,68,26.020407,255,373586995,425,8
2026-03-28T21:58:28.966,28.626,78,68,25.775511,255,373596933,421,8
2026-03-28T21:58:28.978,28.638,79,68,25.530611,255,373606891,417,8
2026-03-28T21:58:28.993,28.652,80,68,25.224489,255,373616824,412,8
2026-03-28T21:58:28.994,28.654,81,68,24.979591,255,373626784,408,8
2026-03-28T21:58:29.007,28.667,82,68,24.734694,255,373636723,404,8
2026-03-28T21:58:29.020,28.680,83,68,24.489798,255,373646686,400,8
2026-03-28T21:58:29.036,28.696,84,67,24.244898,255,373656623,396,8
2026-03-28T21:58:29.038,28.698,85,67,24.000002,255,373666583,392,8
2026-03-28T21:58:29.049,28.709,86,67,23.693878,255,373676523,387,8
2026-03-28T21:58:29.063,28.723,87,67,23.448978,255,373686487,383,8
2026-03-28T21:58:29.065,28.725,88,67,23.142859,255,373696419,378,8
2026-03-28T21:58:29.078,28.738,89,67,22.897959,255,373706384,374,8
2026-03-28T21:58:29.092,28.751,90,67,22.591837,255,373716333,369,8
2026-03-28T21:58:29.094,28.753,91,67,22.285715,255,373726296,364,8
2026-03-28T21:58:29.109,28.769,92,67,22.040817,255,373736234,360,8
2026-03-28T21:58:29.122,28.781,93,67,21.734694,255,373746194,355,8
2026-03-28T21:58:29.123,28.783,94,67,21.428572,255,373756134,350,8
2026-03-28T21:58:29.138,28.798,95,67,21.122450,255,373766096,345,8
2026-03-28T21:58:29.153,28.812,96,67,20.816326,255,373776028,340,8
2026-03-28T21:58:29.154,28.814,97,67,20.510204,255,373785993,335,8
2026-03-28T21:58:29.171,28.830,98,67,20.204081,255,373795935,330,8
2026-03-28T21:58:29.172,28.832,99,67,19.897959,255,373805890,325,8
2026-03-28T21:58:29.187,28.846,100,67,19.591837,255,373815831,320,8
2026-03-28T21:58:29.199,28.859,101,67,19.285715,255,373825793,315,8
2026-03-28T21:58:29.214,28.873,102,67,18.979591,255,373835730,310,8
2026-03-28T21:58:29.215,28.875,103,67,18.612246,255,373845693,304,8
2026-03-28T21:58:29.230,28.890,104,67,18.306122,255,373855624,299,8
2026-03-28T21:58:29.232,28.892,105,67,18.000000,255,373865583,294,8
2026-03-28T21:58:29.244,28.904,106,67,17.632652,255,373875521,288,8
2026-03-28T21:58:29.258,28.918,107,67,17.326530,255,373885483,283,8
2026-03-28T21:58:29.270,28.930,108,67,17.020409,255,373895417,278,8
2026-03-28T21:58:29.272,28.931,109,67,16.653061,255,373905373,272,8
2026-03-28T21:58:29.286,28.946,110,67,16.285715,255,373915309,266,8
2026-03-28T21:58:29.301,28.961,111,67,15.979591,255,373925270,261,8
2026-03-28T21:58:29.303,28.962,112,67,15.612246,255,373935208,255,8
2026-03-28T21:58:29.314,28.974,113,67,15.244898,255,373945172,249,8
2026-03-28T21:58:29.328,28.987,114,66,14.938775,255,373955110,244,8
2026-03-28T21:58:29.347,29.006,115,66,14.571429,255,373965071,238,8
2026-03-28T21:58:29.348,29.008,116,67,14.204082,255,373975007,232,8
2026-03-28T21:58:29.349,29.009,117,67,13.836735,255,373984966,226,8
2026-03-28T21:58:29.365,29.025,118,66,13.469387,255,373994900,220,8
2026-03-28T21:58:29.378,29.038,119,66,13.102041,255,374004861,214,8
2026-03-28T21:58:29.379,29.039,120,66,12.734694,255,374014797,208,8
2026-03-28T21:58:29.394,29.054,121,67,12.367347,255,374024754,202,8
2026-03-28T21:58:29.409,29.069,122,67,12.000001,255,374034686,196,8
2026-03-28T21:58:29.410,29.070,123,67,11.571429,255,374044648,189,8
2026-03-28T21:58:29.426,29.086,124,66,11.204082,255,374054583,183,8
2026-03-28T21:58:29.442,29.102,125,66,10.836735,255,374064541,177,8
2026-03-28T21:58:29.443,29.103,126,66,10.408163,255,374074472,170,8
2026-03-28T21:58:29.456,29.116,127,67,10.040816,255,374084428,164,8
2026-03-28T21:58:29.470,29.130,128,66,9.673470,255,374094360,158,8
2026-03-28T21:58:29.472,29.131,129,66,9.244898,255,374104319,151,8
2026-03-28T21:58:29.484,29.144,130,66,8.816326,255,374114256,144,8
2026-03-28T21:58:29.500,29.160,131,67,8.448980,255,374124211,138,8
2026-03-28T21:58:29.501,29.161,132,66,8.020409,255,374134151,131,8
2026-03-28T21:58:29.515,29.175,133,66,7.653061,255,374144108,125,8
2026-03-28T21:58:29.529,29.189,134,66,7.224490,255,374154044,118,8
2026-03-28T21:58:29.531,29.190,135,66,6.795918,255,374164009,111,8
2026-03-28T21:58:29.546,29.206,136,67,6.367347,255,374173942,104,8
2026-03-28T21:58:29.548,29.208,137,67,5.938776,255,374183902,97,8
2026-03-28T21:58:29.563,29.223,138,67,5.510204,255,374193837,90,8
2026-03-28T21:58:29.575,29.235,139,67,5.081633,255,374203798,83,8
2026-03-28T21:58:29.590,29.250,140,67,4.653061,255,374213738,76,8
2026-03-28T21:58:29.591,29.251,141,67,4.224490,255,374223700,69,8
2026-03-28T21:58:29.605,29.265,142,67,3.795918,255,374233636,62,8
2026-03-28T21:58:29.616,29.276,143,67,3.367347,255,374243598,55,8
2026-03-28T21:58:29.618,29.278,144,67,2.938775,255,374253530,48,8
2026-03-28T21:58:29.633,29.293,145,67,2.448980,255,374263487,40,8
2026-03-28T21:58:29.646,29.306,146,67,2.020408,255,374273414,33,8
2026-03-28T21:58:29.648,29.308,147,67,1.591837,255,374283371,26,8
2026-03-28T21:58:29.662,29.322,148,67,1.102041,255,374293305,18,8
2026-03-28T21:58:29.674,29.334,149,67,0.673469,255,374303255,11,8
2026-03-28T21:58:29.689,29.349,150,67,0.183673,255,374313198,3,8
2026-03-28T21:58:29.690,29.350,151,67,359.755096,255,374323151,5876,8
2026-03-28T21:58:29.705,29.365,152,68,359.265320,255,374333079,5868,8
2026-03-28T21:58:29.706,29.366,153,68,358.775513,255,374343035,5860,8
2026-03-28T21:58:29.721,29.380,154,68,358.346954,255,374352966,5853,8
2026-03-28T21:58:29.736,29.396,155,68,357.857147,255,374362924,5845,8
2026-03-28T21:58:29.737,29.397,156,68,357.367340,255,374372859,5837,8
2026-03-28T21:58:29.752,29.412,157,68,356.877533,255,374382821,5829,8
2026-03-28T21:58:29.764,29.424,158,68,356.387756,255,374392765,5821,8
2026-03-28T21:58:29.766,29.426,159,68,355.897949,255,374402724,5813,8
2026-03-28T21:58:29.779,29.439,160,68,355.469391,255,374412662,5806,8
2026-03-28T21:58:29.794,29.454,161,68,354.979584,255,374422624,5798,8
2026-03-28T21:58:29.796,29.455,162,68,354.428589,255,374432566,5789,8
2026-03-28T21:58:29.810,29.470,163,68,353.938751,255,374442526,5781,8
2026-03-28T21:58:29.823,29.482,164,68,353.448975,255,374452466,5773,8
2026-03-28T21:58:29.834,29.494,165,68,352.959167,255,374462421,5765,8
2026-03-28T21:58:29.836,29.495,166,69,352.408173,255,374472359,5756,8
2026-03-28T21:58:29.849,29.509,167,69,351.918365,255,374482318,5748,8
2026-03-28T21:58:29.862,29.522,168,69,351.428558,255,374492256,5740,8
2026-03-28T21:58:29.880,29.540,169,69,350.877563,255,374502209,5731,8
2026-03-28T21:58:29.882,29.542,170,70,350.387756,255,374512154,5723,8
2026-03-28T21:58:29.894,29.554,171,70,349.836731,255,374522112,5714,8
2026-03-28T21:58:29.896,29.555,172,70,349.346924,255,374532049,5706,8
2026-03-28T21:58:29.909,29.569,173,70,348.795929,255,374542010,5697,8
2026-03-28T21:58:29.921,29.581,174,70,348.306122,255,374551949,5689,8
2026-03-28T21:58:29.934,29.594,175,70,347.755096,255,374561916,5680,8
2026-03-28T21:58:29.936,29.596,176,71,347.204071,255,374571856,5671,8
2026-03-28T21:58:29.951,29.611,177,71,346.653076,255,374581819,5662,8
2026-03-28T21:58:29.963,29.623,178,71,346.163269,255,374591760,5654,8
2026-03-28T21:58:29.965,29.625,179,71,345.612244,255,374601724,5645,8
2026-03-28T21:58:29.979,29.639,180,71,345.061218,255,374611660,5636,8
2026-03-28T21:58:29.993,29.653,181,71,344.510193,255,374621622,5627,8
2026-03-28T21:58:29.994,29.654,182,72,343.959198,255,374631551,5618,8
2026-03-28T21:58:30.009,29.669,183,72,343.408142,255,374641504,5609,8
2026-03-28T21:58:30.025,29.685,184,72,342.857147,255,374651444,5600,8
2026-03-28T21:58:30.026,29.686,185,72,342.244904,255,374661403,5590,8
2026-03-28T21:58:30.039,29.699,186,72,341.693878,255,374671331,5581,8
2026-03-28T21:58:30.053,29.713,187,72,341.142853,255,374681288,5572,8
2026-03-28T21:58:30.055,29.715,188,72,340.591827,255,374691224,5563,8
2026-03-28T21:58:30.066,29.726,189,72,340.040833,255,374701184,5554,8
2026-03-28T21:58:30.079,29.739,190,72,339.489777,255,374711119,5545,8
2026-03-28T21:58:30.106,29.766,191,72,338.938782,255,374721080,5536,8
2026-03-28T21:58:30.108,29.767,192,72,338.326538,255,374731018,5526,8
2026-03-28T21:58:30.110,29.770,193,71,337.836731,255,374740986,5518,8
2026-03-28T21:58:30.123,29.783,194,69,337.224487,255,374750916,5508,8
2026-03-28T21:58:30.125,29.785,195,69,336.673462,255,374760881,5499,8
2026-03-28T21:58:30.139,29.799,196,70,336.122437,255,374770817,5490,8
2026-03-28T21:58:30.153,29.813,197,69,335.571442,255,374780774,5481,8
2026-03-28T21:58:30.154,29.814,198,67,335.020416,255,374790709,5472,8
2026-03-28T21:58:30.168,29.828,199,66,334.469391,255,374800664,5463,8
2026-03-28T21:58:30.182,29.842,200,65,333.918365,255,374810600,5454,8
2026-03-28T21:58:30.184,29.843,201,64,333.367340,255,374820555,5445,8
2026-03-28T21:58:30.196,29.855,202,62,332.816315,255,374830498,5436,8
2026-03-28T21:58:30.212,29.872,203,61,332.265320,255,374840455,5427,8
2026-03-28T21:58:30.214,29.874,204,63,331.714294,255,374850391,5418,8
2026-03-28T21:58:30.231,29.890,205,62,331.163269,255,374860348,5409,8
2026-03-28T21:58:30.233,29.892,206,62,330.612244,255,374870282,5400,8
2026-03-28T21:58:30.253,29.913,207,61,330.061218,255,374880233,5391,8
2026-03-28T21:58:30.255,29.914,208,58,329.510223,255,374890165,5382,8
2026-03-28T21:58:30.270,29.929,209,58,328.959167,255,374900127,5373,8
2026-03-28T21:58:30.271,29.931,210,58,328.408173,255,374910056,5364,8
2026-03-28T21:58:30.285,29.945,211,58,327.795929,255,374920014,5354,8
2026-03-28T21:58:30.300,29.960,212,58,327.306122,255,374929939,5346,8
2026-03-28T21:58:30.301,29.961,213,58,326.693878,255,374939895,5336,8
2026-03-28T21:58:30.316,29.976,214,58,326.142853,255,374949831,5327,8
2026-03-28T21:58:30.332,29.992,215,58,325.591827,255,374959783,5318,8
2026-03-28T21:58:30.333,29.993,216,58,325.040833,255,374969716,5309,8
2026-03-28T21:58:30.346,30.006,217,58,324.489807,255,374979671,5300,8
2026-03-28T21:58:30.360,30.020,218,58,323.938782,255,374989604,5291,8
2026-03-28T21:58:30.362,30.022,219,57,323.387756,255,374999561,5282,8
2026-03-28T21:58:30.379,30.039,220,57,322.836731,255,375009488,5273,8
2026-03-28T21:58:30.381,30.041,221,57,322.285706,255,375019443,5264,8
2026-03-28T21:58:30.397,30.057,222,57,321.734680,255,375029374,5255,8
2026-03-28T21:58:30.400,30.059,223,57,321.183685,255,375039326,5246,8
2026-03-28T21:58:30.416,30.076,224,56,320.571411,255,375049258,5236,8
2026-03-28T21:58:30.433,30.093,225,56,320.020416,255,375059213,5227,8
2026-03-28T21:58:30.435,30.095,226,56,319.469391,255,375069143,5218,8
2026-03-28T21:58:30.450,30.110,227,56,318.979584,255,375079094,5210,8
2026-03-28T21:58:30.451,30.111,228,55,318.367340,255,375089030,5200,8
2026-03-28T21:58:30.465,30.125,229,55,317.816315,255,375098988,5191,8
2026-03-28T21:58:30.478,30.138,230,55,317.265320,255,375108920,5182,8
2026-03-28T21:58:30.480,30.140,231,55,316.714294,255,375118874,5173,8
2026-03-28T21:58:30.495,30.155,232,54,316.163269,255,375128806,5164,8
2026-03-28T21:58:30.511,30.171,233,54,315.612244,255,375138767,5155,8
2026-03-28T21:58:30.513,30.173,234,54,315.061218,255,375148697,5146,8
2026-03-28T21:58:30.526,30.186,235,54,314.510193,255,375158661,5137,8
2026-03-28T21:58:30.528,30.188,236,54,313.959167,255,375168589,5128,8
2026-03-28T21:58:30.543,30.203,237,53,313.408173,255,375178557,5119,8
2026-03-28T21:58:30.559,30.219,238,53,312.857147,255,375188492,5110,8
2026-03-28T21:58:30.560,30.220,239,53,312.306122,255,375198451,5101,8
2026-03-28T21:58:30.574,30.234,240,53,311.755096,255,375208385,5092,8
2026-03-28T21:58:30.591,30.250,241,53,311.204071,255,375218344,5083,8
2026-03-28T21:58:30.592,30.252,242,53,310.653076,255,375228282,5074,8
2026-03-28T21:58:30.607,30.267,243,53,310.102051,255,375238238,5065,8
2026-03-28T21:58:30.609,30.269,244,52,309.551025,255,375248164,5056,8
2026-03-28T21:58:30.622,30.281,245,52,309.000000,255,375258128,5047,8
2026-03-28T21:58:30.632,30.292,246,52,308.448975,255,375268061,5038,8
2026-03-28T21:58:30.649,30.309,247,52,307.897949,255,375278017,5029,8
2026-03-28T21:58:30.650,30.310,248,52,307.346924,255,375287950,5020,8
2026-03-28T21:58:30.664,30.324,249,51,306.795929,255,375297902,5011,8
2026-03-28T21:58:30.666,30.326,250,51,306.244904,255,375307837,5002,8
2026-03-28T21:58:30.679,30.339,251,51,305.693878,255,375317794,4993,8
2026-03-28T21:58:30.700,30.360,252,51,305.142853,255,375327728,4984,8
2026-03-28T21:58:30.702,30.361,253,51,304.591827,255,375337678,4975,8
2026-03-28T21:58:30.723,30.382,254,50,304.040802,255,375347611,4966,8
2026-03-28T21:58:30.724,30.384,255,50,303.489807,255,375357571,4957,8
2026-03-28T21:58:30.726,30.386,0,50,302.938782,255,375367498,4948,8
2026-03-28T21:58:30.748,30.408,1,50,302.387756,255,375377453,4939,8
2026-03-28T21:58:30.750,30.410,2,50,301.836731,255,375387395,4930,8
2026-03-28T21:58:30.770,30.430,3,50,301.285706,255,375397352,4921,8
2026-03-28T21:58:30.772,30.431,4,50,300.734711,255,375407287,4912,8
2026-03-28T21:58:30.792,30.452,5,50,300.183685,255,375417249,4903,8
2026-03-28T21:58:30.794,30.454,6,50,299.632660,255,375427183,4894,8
2026-03-28T21:58:30.795,30.455,7,49,299.081635,255,375437139,4885,8
2026-03-28T21:58:30.818,30.478,8,49,298.530609,255,375447073,4876,8
2026-03-28T21:58:30.819,30.479,9,49,297.979584,255,375457033,4867,8
2026-03-28T21:58:30.841,30.501,10,49,297.428558,255,375466962,4858,8
2026-03-28T21:58:30.843,30.503,11,49,296.877563,255,375476924,4849,8
2026-03-28T21:58:30.844,30.504,12,49,296.326538,255,375486855,4840,8
2026-03-28T21:58:30.866,30.526,13,49,295.775513,255,375496808,4831,8
2026-03-28T21:58:30.868,30.528,14,49,295.224487,255,375506746,4822,8
2026-03-28T21:58:30.888,30.547,15,49,294.673462,255,375516703,4813,8
2026-03-28T21:58:30.889,30.549,16,49,294.122467,255,375526640,4804,8
2026-03-28T21:58:30.908,30.567,17,50,293.571411,255,375536599,4795,8
2026-03-28T21:58:30.909,30.569,18,51,293.020416,255,375546532,4786,8
2026-03-28T21:58:30.931,30.591,19,52,292.530609,255,375556485,4778,8
2026-03-28T21:58:30.932,30.592,20,54,291.918365,255,375566419,4768,8
2026-03-28T21:58:30.934,30.593,21,54,291.428589,255,375576374,4760,8
2026-03-28T21:58:30.955,30.615,22,55,290.877533,255,375586308,4751,8
2026-03-28T21:58:30.957,30.616,23,64,290.326538,255,375596260,4742,8
2026-03-28T21:58:30.978,30.638,24,78,289.775513,255,375606190,4733,8
2026-03-28T21:58:30.980,30.639,25,91,289.224487,255,375616145,4724,8
2026-03-28T21:58:31.000,30.660,26,98,288.673462,255,375626074,4715,8
2026-03-28T21:58:31.002,30.662,27,98,288.122437,255,375636032,4706,8
2026-03-28T21:58:31.004,30.664,28,94,287.571442,255,375645962,4697,8
2026-03-28T21:58:31.023,30.683,29,95,287.020416,255,375655924,4688,8
2026-03-28T21:58:31.025,30.685,30,101,286.469391,255,375665834,4679,8
2026-03-28T21:58:31.047,30.706,31,106,285.918365,255,375675792,4670,8
2026-03-28T21:58:31.048,30.708,32,107,285.428589,255,375685729,4662,8
2026-03-28T21:58:31.067,30.727,33,105,284.877563,255,375695685,4653,8
2026-03-28T21:58:31.069,30.729,34,98,284.326538,255,375705648,4644,8
2026-03-28T21:58:31.089,30.749,35,92,283.775513,255,375715612,4635,8
2026-03-28T21:58:31.090,30.750,36,91,283.224487,255,375725549,4626,8
2026-03-28T21:58:31.092,30.752,37,89,282.673462,255,375735511,4617,8
2026-03-28T21:58:31.111,30.771,38,87,282.122437,255,375745449,4608,8
2026-03-28T21:58:31.113,30.772,39,85,281.571442,255,375755412,4599,8
2026-03-28T21:58:31.131,30.791,40,83,281.020416,255,375765342,4590,8
2026-03-28T21:58:31.132,30.792,41,82,280.530609,255,375775312,4582,8
2026-03-28T21:58:31.153,30.813,42,87,279.979584,255,375785248,4573,8
2026-03-28T21:58:31.154,30.814,43,92,279.428558,255,375795201,4564,8
2026-03-28T21:58:31.174,30.834,44,95,278.877563,255,375805146,4555,8
2026-03-28T21:58:31.175,30.835,45,101,278.326508,255,375815086,4546,8
2026-03-28T21:58:31.196,30.855,46,104,277.775513,255,375825022,4537,8
2026-03-28T21:58:31.197,30.857,47,105,277.224487,255,375834982,4528,8
2026-03-28T21:58:31.212,30.872,48,106,276.734680,255,375844918,4520,8
2026-03-28T21:58:31.214,30.874,49,108,276.183685,255,375854874,4511,8
2026-03-28T21:58:31.232,30.892,50,108,275.632660,255,375864805,4502,8
2026-03-28T21:58:31.234,30.894,51,112,275.081635,255,375874776,4493,8
2026-03-28T21:58:31.255,30.914,52,118,274.530609,255,375884713,4484,8
2026-03-28T21:58:31.256,30.916,53,119,274.040833,255,375894688,4476,8
2026-03-28T21:58:31.277,30.937,54,118,273.489777,255,375904617,4467,8
2026-03-28T21:58:31.279,30.938,55,117,272.938782,255,375914586,4458,8
2026-03-28T21:58:31.280,30.940,56,116,272.448975,255,375924523,4450,8
2026-03-28T21:58:31.300,30.960,57,116,271.897949,255,375934491,4441,8
2026-03-28T21:58:31.302,30.962,58,115,271.408173,255,375944422,4433,8
2026-03-28T21:58:31.322,30.982,59,114,270.857147,255,375954380,4424,8
2026-03-28T21:58:31.324,30.983,60,113,270.367371,255,375964312,4416,8
2026-03-28T21:58:31.342,31.002,61,128,269.816315,255,375974284,4407,8
2026-03-28T21:58:31.344,31.004,62,153,269.265320,255,375984220,4398,8
2026-03-28T21:58:31.363,31.023,63,158,268.775513,255,375994180,4390,8
2026-03-28T21:58:31.365,31.025,64,105,268.224487,255,376004113,4381,8
2026-03-28T21:58:31.385,31.045,65,64,267.734680,255,376014094,4373,8
2026-03-28T21:58:31.387,31.047,66,56,267.183685,255,376024025,4364,8
2026-03-28T21:58:31.407,31.067,67,56,266.693878,255,376033988,4356,8
2026-03-28T21:58:31.409,31.069,68,56,266.142853,255,376044068,4347,8
2026-03-28T21:58:31.410,31.070,69,56,265.591858,255,376053886,4338,8
2026-03-28T21:58:31.428,31.088,70,55,265.102051,255,376063826,4330,8
2026-03-28T21:58:31.430,31.090,71,55,264.551025,255,376073784,4321,8
2026-03-28T21:58:31.451,31.110,72,55,264.000000,255,376083726,4312,8
2026-03-28T21:58:31.452,31.112,73,55,263.448975,255,376093690,4303,8
2026-03-28T21:58:31.473,31.133,74,55,262.959167,255,376103632,4295,8
2026-03-28T21:58:31.475,31.135,75,55,262.408173,255,376113589,4286,8
2026-03-28T21:58:31.494,31.154,76,55,261.857147,255,376123521,4277,8
2026-03-28T21:58:31.496,31.156,77,55,261.306122,255,376133484,4268,8
2026-03-28T21:58:31.514,31.174,78,55,260.816345,255,376143433,4260,8
2026-03-28T21:58:31.516,31.176,79,55,260.265289,255,376153385,4251,8
2026-03-28T21:58:31.517,31.177,80,54,259.714294,255,376163329,4242,8
2026-03-28T21:58:31.536,31.196,81,54,259.224487,255,376173289,4234,8
2026-03-28T21:58:31.537,31.197,82,54,258.673462,255,376183225,4225,8
2026-03-28T21:58:31.557,31.217,83,55,258.122437,255,376193190,4216,8
2026-03-28T21:58:31.558,31.218,84,55,257.571442,255,376203131,4207,8
2026-03-28T21:58:31.578,31.238,85,55,257.020416,255,376213094,4198,8
2026-03-28T21:58:31.580,31.240,86,55,256.530609,255,376223032,4190,8
2026-03-28T21:58:31.599,31.259,87,55,255.979599,255,376232996,4181,8
2026-03-28T21:58:31.601,31.261,88,56,255.428574,255,376242936,4172,8
2026-03-28T21:58:31.618,31.277,89,56,254.877548,255,376252903,4163,8
2026-03-28T21:58:31.619,31.279,90,56,254.387756,255,376262844,4155,8
2026-03-28T21:58:31.641,31.301,91,57,253.836731,255,376272807,4146,8
2026-03-28T21:58:31.643,31.303,92,57,253.285721,255,376282747,4137,8
2026-03-28T21:58:31.663,31.323,93,58,252.734680,255,376292715,4128,8
2026-03-28T21:58:31.664,31.324,94,58,252.244888,255,376302653,4120,8
2026-03-28T21:58:31.683,31.343,95,60,251.693878,255,376312619,4111,8
2026-03-28T21:58:31.684,31.344,96,62,251.142853,255,376322570,4102,8
2026-03-28T21:58:31.686,31.346,97,63,250.591843,255,376331539,4093,8
2026-03-28T21:58:31.706,31.366,98,63,250.102051,255,376342482,4085,8
2026-03-28T21:58:31.707,31.367,99,63,249.551010,255,376352448,4076,8
2026-03-28T21:58:31.727,31.387,100,63,249.000000,255,376362389,4067,8
2026-03-28T21:58:31.729,31.389,101,62,248.448990,255,376372355,4058,8
2026-03-28T21:58:31.750,31.410,102,61,247.959198,255,376382295,4050,8
2026-03-28T21:58:31.751,31.411,103,60,247.408157,255,376392258,4041,8
2026-03-28T21:58:31.768,31.428,104,60,246.857147,255,376402197,4032,8
2026-03-28T21:58:31.770,31.430,105,59,246.367355,255,376412160,4024,8
2026-03-28T21:58:31.790,31.450,106,59,245.816330,255,376422103,4015,8
2026-03-28T21:58:31.792,31.452,107,59,245.265320,255,376432065,4006,8
2026-03-28T21:58:31.812,31.472,108,59,244.775513,255,376442001,3998,8
2026-03-28T21:58:31.813,31.473,109,59,244.224487,255,376451960,3989,8
2026-03-28T21:58:31.815,31.475,110,60,243.673477,255,376461896,3980,8
2026-03-28T21:58:31.833,31.493,111,60,243.122437,255,376471858,3971,8
2026-03-28T21:58:31.835,31.495,112,60,242.571426,255,376481791,3962,8
2026-03-28T21:58:31.856,31.516,113,60,242.081635,255,376491757,3954,8
2026-03-28T21:58:31.858,31.518,114,60,241.530609,255,376501694,3945,8
2026-03-28T21:58:31.878,31.538,115,60,240.979599,255,376511652,3936,8
2026-03-28T21:58:31.879,31.539,116,60,240.489807,255,376521601,3928,8
2026-03-28T21:58:31.900,31.559,117,60,239.938766,255,376531566,3919,8
2026-03-28T21:58:31.901,31.561,118,60,239.387756,255,376541508,3910,8
2026-03-28T21:58:31.921,31.581,119,60,238.897964,255,376551471,3902,8
2026-03-28T21:58:31.922,31.582,120,60,238.346924,255,376561414,3893,8
2026-03-28T21:58:31.924,31.584,121,60,237.795914,255,376571378,3884,8
2026-03-28T21:58:31.944,31.604,122,59,237.244904,255,376581319,3875,8
2026-03-28T21:58:31.946,31.606,123,59,236.755096,255,376591283,3867,8
2026-03-28T21:58:31.966,31.626,124,59,236.204086,255,376601218,3858,8
2026-03-28T21:58:31.968,31.628,125,58,235.653076,255,376611189,3849,8
2026-03-28T21:58:31.990,31.650,126,57,235.102036,255,376621130,3840,8
2026-03-28T21:58:31.992,31.652,127,57,234.612244,255,376631090,3832,8
2026-03-28T21:58:31.993,31.653,128,56,234.061234,255,376641035,3823,8
2026-03-28T21:58:32.012,31.672,129,56,233.510193,255,376651002,3814,8
2026-03-28T21:58:32.013,31.673,130,56,233.020401,255,376660938,3806,8
2026-03-28T21:58:32.034,31.693,131,56,232.469391,255,376670907,3797,8
2026-03-28T21:58:32.035,31.695,132,56,231.918365,255,376680844,3788,8
2026-03-28T21:58:32.057,31.717,133,56,231.428574,255,376690808,3780,8
2026-03-28T21:58:32.058,31.718,134,56,230.877563,255,376700748,3771,8
2026-03-28T21:58:32.075,31.735,135,56,230.326523,255,376710715,3762,8
2026-03-28T21:58:32.077,31.737,136,57,229.836731,255,376720656,3754,8
2026-03-28T21:58:32.095,31.755,137,57,229.285721,255,376730617,3745,8
2026-03-28T21:58:32.097,31.757,138,57,228.734680,255,376740561,3736,8
2026-03-28T21:58:32.117,31.777,139,57,228.183670,255,376750527,3727,8
2026-03-28T21:58:32.119,31.779,140,58,227.693878,255,376760470,3719,8
2026-03-28T21:58:32.140,31.800,141,58,227.142853,255,376770433,3710,8
2026-03-28T21:58:32.142,31.802,142,58,226.591843,255,376780377,3701,8
2026-03-28T21:58:32.143,31.803,143,58,226.040833,255,376790351,3692,8
2026-03-28T21:58:32.163,31.823,144,58,225.551010,255,376800296,3684,8
2026-03-28T21:58:32.164,31.824,145,58,225.000000,255,376810264,3675,8
2026-03-28T21:58:32.183,31.843,146,57,224.448990,255,376820206,3666,8
2026-03-28T21:58:32.185,31.845,147,56,223.959167,255,376830176,3658,8
2026-03-28T21:58:32.204,31.864,148,55,223.408157,255,376840118,3649,8
2026-03-28T21:58:32.205,31.865,149,55,222.857147,255,376850083,3640,8
2026-03-28T21:58:32.227,31.886,150,55,222.367340,255,376860028,3632,8
2026-03-28T21:58:32.228,31.888,151,55,221.816330,255,376869996,3623,8
2026-03-28T21:58:32.248,31.907,152,55,221.265320,255,376879936,3614,8
2026-03-28T21:58:32.249,31.909,153,55,220.775528,255,376889899,3606,8
2026-03-28T21:58:32.250,31.910,154,55,220.224487,255,376899840,3597,8
2026-03-28T21:58:32.269,31.928,155,55,219.673477,255,376909806,3588,8
2026-03-28T21:58:32.270,31.930,156,55,219.183685,255,376919748,3580,8
2026-03-28T21:58:32.290,31.950,157,55,218.632645,255,376929711,3571,8
2026-03-28T21:58:32.292,31.952,158,55,218.081635,255,376939654,3562,8
2026-03-28T21:58:32.314,31.974,159,55,217.530609,255,376949616,3553,8
2026-03-28T21:58:32.316,31.976,160,55,217.040817,255,376959561,3545,8
2026-03-28T21:58:32.337,31.996,161,55,216.489807,255,376969526,3536,8
2026-03-28T21:58:32.338,31.998,162,55,215.938766,255,376979465,3527,8
2026-03-28T21:58:32.339,31.999,163,55,215.448975,255,376989431,3519,8
2026-03-28T21:58:32.359,32.019,164,55,214.897964,255,376999375,3510,8
2026-03-28T21:58:32.361,32.021,165,55,214.346924,255,377009345,3501,8
2026-03-28T21:58:32.381,32.041,166,55,213.857132,255,377019288,3493,8
2026-03-28T21:58:32.383,32.043,167,56,213.306122,255,377029244,3484,8
2026-03-28T21:58:32.402,32.062,168,56,212.755096,255,377039193,3475,8
2026-03-28T21:58:32.403,32.063,169,56,212.265305,255,377049159,3467,8
2026-03-28T21:58:32.423,32.083,170,57,211.714294,255,377059100,3458,8
2026-03-28T21:58:32.425,32.085,171,58,211.163254,255,377069066,3449,8
2026-03-28T21:58:32.445,32.105,172,59,210.673462,255,377079004,3441,8
2026-03-28T21:58:32.446,32.106,173,59,210.122452,255,377088971,3432,8
2026-03-28T21:58:32.467,32.127,174,60,209.571411,255,377098918,3423,8
2026-03-28T21:58:32.469,32.129,175,60,209.081619,255,377108884,3415,8
2026-03-28T21:58:32.470,32.130,176,61,208.530609,255,377118830,3406,8
2026-03-28T21:58:32.489,32.149,177,64,207.979584,255,377128800,3397,8
2026-03-28T21:58:32.490,32.150,178,71,207.489792,255,377138744,3389,8
2026-03-28T21:58:32.512,32.172,179,80,206.938782,255,377148707,3380,8
2026-03-28T21:58:32.514,32.174,180,91,206.387772,255,377158651,3371,8
2026-03-28T21:58:32.527,32.187,181,101,205.897949,255,377168599,3363,8
2026-03-28T21:58:32.529,32.188,182,103,205.346939,255,377178539,3354,8
2026-03-28T21:58:32.548,32.208,183,103,204.795929,255,377188505,3345,8
2026-03-28T21:58:32.550,32.210,184,107,204.306107,255,377198448,3337,8
2026-03-28T21:58:32.570,32.229,185,116,203.755096,255,377208427,3328,8
2026-03-28T21:58:32.571,32.231,186,155,203.204086,255,377218368,3319,8
2026-03-28T21:58:32.591,32.251,187,173,202.714279,255,377228341,3311,8
2026-03-28T21:58:32.592,32.252,188,173,202.163269,255,377238282,3302,8
2026-03-28T21:58:32.613,32.273,189,168,201.673477,255,377248255,3294,8
2026-03-28T21:58:32.615,32.275,190,136,201.122437,255,377258188,3285,8
2026-03-28T21:58:32.636,32.296,191,73,200.632645,255,377268179,3277,8
2026-03-28T21:58:32.637,32.297,192,59,200.081635,255,377278121,3268,8
2026-03-28T21:58:32.638,32.298,193,58,199.530624,255,377288092,3259,8
2026-03-28T21:58:32.659,32.319,194,56,199.040802,255,377298038,3251,8
2026-03-28T21:58:32.660,32.320,195,55,198.489792,255,377308009,3242,8
2026-03-28T21:58:32.677,32.337,196,54,197.938782,255,377317952,3233,8
2026-03-28T21:58:32.678,32.338,197,54,197.387756,255,377327921,3224,8
2026-03-28T21:58:32.699,32.359,198,53,196.897964,255,377337872,3216,8
2026-03-28T21:58:32.701,32.361,199,53,196.346954,255,377347841,3207,8
2026-03-28T21:58:32.722,32.381,200,52,195.795914,255,377357786,3198,8
2026-03-28T21:58:32.723,32.383,201,52,195.244904,255,377367751,3189,8
2026-03-28T21:58:32.744,32.404,202,54,194.693878,255,377377688,3180,8
2026-03-28T21:58:32.747,32.407,203,56,194.142853,255,377387654,3171,8
2026-03-28T21:58:32.749,32.409,204,57,193.591843,255,377397594,3162,8
2026-03-28T21:58:32.770,32.430,205,58,193.102036,255,377407556,3154,8
2026-03-28T21:58:32.772,32.432,206,58,192.551025,255,377417493,3145,8
2026-03-28T21:58:32.791,32.451,207,58,192.000015,255,377427454,3136,8
2026-03-28T21:58:32.793,32.453,208,58,191.448975,255,377437389,3127,8
2026-03-28T21:58:32.813,32.473,209,61,190.897964,255,377447352,3118,8
2026-03-28T21:58:32.814,32.474,210,69,190.408173,255,377457288,3110,8
2026-03-28T21:58:32.816,32.476,211,97,189.795914,255,377467404,3100,8
2026-03-28T21:58:32.836,32.495,212,162,189.306122,255,377477173,3092,8
2026-03-28T21:58:32.837,32.497,213,187,188.755096,255,377487139,3083,8
2026-03-28T21:58:32.853,32.513,214,189,188.204086,255,377497074,3074,8
2026-03-28T21:58:32.855,32.515,215,185,187.714294,255,377507037,3066,8
2026-03-28T21:58:32.873,32.533,216,174,187.163254,255,377516980,3057,8
2026-03-28T21:58:32.875,32.534,217,140,186.612244,255,377526936,3048,8
2026-03-28T21:58:32.890,32.550,218,73,186.122452,255,377536899,3040,8
2026-03-28T21:58:32.905,32.565,219,56,185.571426,255,377546863,3031,8
2026-03-28T21:58:32.907,32.567,220,54,185.020416,255,377556804,3022,8
2026-03-28T21:58:32.922,32.582,221,52,184.530609,255,377566767,3014,8
2026-03-28T21:58:32.924,32.583,222,49,183.979584,255,377576703,3005,8
2026-03-28T21:58:32.939,32.599,223,45,183.489792,255,377586667,2997,8
2026-03-28T21:58:32.958,32.618,224,45,182.938782,255,377596599,2988,8
2026-03-28T21:58:32.960,32.620,225,45,182.387741,255,377606562,2979,8
2026-03-28T21:58:32.977,32.637,226,44,181.897949,255,377616498,2971,8
2026-03-28T21:58:32.979,32.639,227,44,181.346939,255,377626462,2962,8
2026-03-28T21:58:32.997,32.657,228,44,180.795914,255,377636396,2953,8
2026-03-28T21:58:32.998,32.658,229,44,180.244904,255,377646360,2944,8
2026-03-28T21:58:33.015,32.675,230,43,179.755096,255,377656293,2936,8
2026-03-28T21:58:33.017,32.676,231,43,179.204086,255,377666258,2927,8
2026-03-28T21:58:33.032,32.692,232,43,178.653061,255,377676197,2918,8
2026-03-28T21:58:33.034,32.694,233,42,178.163269,255,377686165,2910,8
2026-03-28T21:58:33.052,32.712,234,42,177.612244,255,377696100,2901,8
2026-03-28T21:58:33.053,32.713,235,42,177.061218,255,377706066,2892,8
2026-03-28T21:58:33.067,32.727,236,41,176.571426,255,377716011,2884,8
2026-03-28T21:58:33.085,32.745,237,41,176.020401,255,377725978,2875,8
2026-03-28T21:58:33.086,32.746,238,41,175.469391,255,377735917,2866,8
2026-03-28T21:58:33.101,32.761,239,40,174.918365,255,377745887,2857,8
2026-03-28T21:58:33.103,32.763,240,40,174.367355,255,377755823,2848,8
2026-03-28T21:58:33.118,32.778,241,40,173.877548,255,377765787,2840,8
2026-03-28T21:58:33.134,32.794,242,40,173.326538,255,377775733,2831,8
2026-03-28T21:58:33.135,32.795,243,39,172.775513,255,377785699,2822,8
2026-03-28T21:58:33.154,32.814,244,39,172.285706,255,377795642,2814,8
2026-03-28T21:58:33.155,32.815,245,39,171.734695,255,377805603,2805,8
2026-03-28T21:58:33.171,32.831,246,40,171.183670,255,377815544,2796,8
2026-03-28T21:58:33.173,32.833,247,40,170.693878,255,377825504,2788,8
2026-03-28T21:58:33.189,32.849,248,40,170.142853,255,377835444,2779,8
2026-03-28T21:58:33.191,32.851,249,40,169.653061,255,377845410,2771,8
2026-03-28T21:58:33.205,32.865,250,40,169.102051,255,377855349,2762,8
2026-03-28T21:58:33.222,32.882,251,40,168.612244,255,377865313,2754,8
2026-03-28T21:58:33.224,32.884,252,40,168.061218,255,377875250,2745,8
2026-03-28T21:58:33.239,32.899,253,40,167.571426,255,377885214,2737,8
2026-03-28T21:58:33.241,32.900,254,40,167.020401,255,377895152,2728,8
2026-03-28T21:58:33.258,32.918,255,39,166.530609,255,377905113,2720,8
2026-03-28T21:58:33.274,32.934,0,39,166.040817,255,377915050,2712,8
2026-03-28T21:58:33.275,32.935,1,39,165.489792,255,377925003,2703,8
2026-03-28T21:58:33.291,32.950,2,39,165.000000,255,377934948,2695,8
2026-03-28T21:58:33.292,32.952,3,38,164.448975,255,377944908,2686,8
2026-03-28T21:58:33.310,32.970,4,37,163.959183,255,377954842,2678,8
2026-03-28T21:58:33.311,32.971,5,37,163.408173,255,377964801,2669,8
2026-03-28T21:58:33.331,32.991,6,37,162.857147,255,377974739,2660,8
2026-03-28T21:58:33.332,32.992,7,37,162.367355,255,377984698,2652,8
2026-03-28T21:58:33.350,33.010,8,37,161.877548,255,377994638,2644,8
2026-03-28T21:58:33.352,33.012,9,37,161.326538,255,378004597,2635,8
2026-03-28T21:58:33.366,33.026,10,37,160.775513,255,378014540,2626,8
2026-03-28T21:58:33.384,33.044,11,37,160.285706,255,378024502,2618,8
2026-03-28T21:58:33.385,33.045,12,37,159.734695,255,378034442,2609,8
2026-03-28T21:58:33.402,33.062,13,36,159.183670,255,378044399,2600,8
2026-03-28T21:58:33.404,33.064,14,36,158.693878,255,378054331,2592,8
2026-03-28T21:58:33.423,33.083,15,36,158.142868,255,378064306,2583,8
2026-03-28T21:58:33.425,33.085,16,36,157.653061,255,378074245,2575,8
2026-03-28T21:58:33.441,33.101,17,36,157.102051,255,378084210,2566,8
2026-03-28T21:58:33.443,33.103,18,36,156.612244,255,378094150,2558,8
2026-03-28T21:58:33.459,33.119,19,36,156.061218,255,378104116,2549,8
2026-03-28T21:58:33.461,33.121,20,36,155.510208,255,378114053,2540,8
2026-03-28T21:58:33.481,33.141,21,36,155.020401,255,378124020,2532,8
2026-03-28T21:58:33.483,33.143,22,35,154.469376,255,378133959,2523,8
2026-03-28T21:58:33.502,33.162,23,35,153.979584,255,378143914,2515,8
2026-03-28T21:58:33.503,33.163,24,35,153.428574,255,378153852,2506,8
2026-03-28T21:58:33.519,33.179,25,35,152.938782,255,378163813,2498,8
2026-03-28T21:58:33.521,33.181,26,35,152.387756,255,378173748,2489,8
2026-03-28T21:58:33.538,33.198,27,34,151.836731,255,378183707,2480,8
2026-03-28T21:58:33.540,33.200,28,34,151.346939,255,378193639,2472,8
2026-03-28T21:58:33.558,33.218,29,34,150.795914,255,378203600,2463,8
2026-03-28T21:58:33.559,33.219,30,34,150.306122,255,378213531,2455,8
2026-03-28T21:58:33.576,33.236,31,34,149.755096,255,378223486,2446,8
2026-03-28T21:58:33.578,33.238,32,34,149.265305,255,378233418,2438,8
2026-03-28T21:58:33.590,33.250,33,34,148.714279,255,378243373,2429,8
2026-03-28T21:58:33.606,33.266,34,34,148.224487,255,378253297,2421,8
2026-03-28T21:58:33.608,33.268,35,34,147.673477,255,378263265,2412,8
2026-03-28T21:58:33.623,33.283,36,34,147.183670,255,378273196,2404,8
2026-03-28T21:58:33.638,33.298,37,33,146.632660,255,378283152,2395,8
2026-03-28T21:58:33.639,33.299,38,33,146.142868,255,378293085,2387,8
2026-03-28T21:58:33.656,33.316,39,33,145.591843,255,378303044,2378,8
2026-03-28T21:58:33.658,33.318,40,33,145.102036,255,378312978,2370,8
2026-03-28T21:58:33.674,33.334,41,33,144.551025,255,378322927,2361,8
2026-03-28T21:58:33.691,33.350,42,33,144.061218,255,378332864,2353,8
2026-03-28T21:58:33.692,33.352,43,33,143.571426,255,378342827,2345,8
2026-03-28T21:58:33.707,33.367,44,33,143.020401,255,378352766,2336,8
2026-03-28T21:58:33.709,33.369,45,32,142.530609,255,378362730,2328,8
2026-03-28T21:58:33.723,33.383,46,32,142.040817,255,378372662,2320,8
2026-03-28T21:58:33.736,33.396,47,32,141.489792,255,378382625,2311,8
2026-03-28T21:58:33.738,33.397,48,32,141.000000,255,378392561,2303,8
2026-03-28T21:58:33.754,33.414,49,32,140.510208,255,378402522,2295,8
2026-03-28T21:58:33.756,33.416,50,32,139.959183,255,378412456,2286,8
2026-03-28T21:58:33.772,33.432,51,32,139.469391,255,378422413,2278,8
2026-03-28T21:58:33.788,33.447,52,32,138.979599,255,378432353,2270,8
2026-03-28T21:58:33.789,33.449,53,32,138.489807,255,378442312,2262,8
2026-03-28T21:58:33.805,33.465,54,32,137.938782,255,378452244,2253,8
2026-03-28T21:58:33.807,33.467,55,31,137.448975,255,378462212,2245,8
2026-03-28T21:58:33.823,33.483,56,31,136.959183,255,378472147,2237,8
2026-03-28T21:58:33.825,33.485,57,31,136.408157,255,378482106,2228,8
2026-03-28T21:58:33.843,33.503,58,31,135.918365,255,378492038,2220,8
2026-03-28T21:58:33.844,33.504,59,31,135.428574,255,378501995,2212,8
2026-03-28T21:58:33.861,33.521,60,31,134.938766,255,378511934,2204,8
2026-03-28T21:58:33.875,33.535,61,31,134.448975,255,378521890,2196,8
2026-03-28T21:58:33.877,33.536,62,31,133.897949,255,378531823,2187,8
2026-03-28T21:58:33.891,33.551,63,31,133.408157,255,378541780,2179,8
2026-03-28T21:58:33.908,33.568,64,31,132.918365,255,378551709,2171,8
2026-03-28T21:58:33.910,33.570,65,31,132.428574,255,378561670,2163,8
2026-03-28T21:58:33.927,33.587,66,31,131.877548,255,378571603,2154,8
2026-03-28T21:58:33.929,33.589,67,31,131.387756,255,378581557,2146,8
2026-03-28T21:58:33.946,33.606,68,31,130.897964,255,378591485,2138,8
2026-03-28T21:58:33.948,33.608,69,31,130.408173,255,378601444,2130,8
2026-03-28T21:58:33.962,33.622,70,31,129.918365,255,378611372,2122,8
2026-03-28T21:58:33.963,33.623,71,31,129.428574,255,378621333,2114,8
2026-03-28T21:58:33.978,33.638,72,31,128.938782,255,378631264,2106,8
2026-03-28T21:58:33.994,33.654,73,31,128.448990,255,378641222,2098,8
2026-03-28T21:58:33.995,33.655,74,31,127.897964,255,378651157,2089,8
2026-03-28T21:58:34.013,33.673,75,31,127.408165,255,378661120,2081,8
2026-03-28T21:58:34.015,33.674,76,31,126.918365,255,378671055,2073,8
2026-03-28T21:58:34.029,33.689,77,31,126.428574,255,378681007,2065,8
2026-03-28T21:58:34.046,33.706,78,31,125.938782,255,378690941,2057,8
2026-03-28T21:58:34.048,33.708,79,31,125.448975,255,378700896,2049,8
2026-03-28T21:58:34.065,33.725,80,31,124.959183,255,378710828,2041,8
2026-03-28T21:58:34.067,33.727,81,31,124.469391,255,378720781,2033,8
2026-03-28T21:58:34.084,33.744,82,31,123.979599,255,378730717,2025,8
2026-03-28T21:58:34.087,33.747,83,31,123.489792,255,378740668,2017,8
2026-03-28T21:58:34.104,33.764,84,31,123.000000,255,378750604,2009,8
2026-03-28T21:58:34.106,33.766,85,30,122.510208,255,378760555,2001,8
2026-03-28T21:58:34.123,33.783,86,30,122.020401,255,378770486,1993,8
2026-03-28T21:58:34.125,33.785,87,30,121.530609,255,378780448,1985,8
2026-03-28T21:58:34.141,33.801,88,30,121.040817,255,378790381,1977,8
2026-03-28T21:58:34.143,33.803,89,30,120.551018,255,378800347,1969,8
2026-03-28T21:58:34.161,33.821,90,30,120.061226,255,378810276,1961,8
2026-03-28T21:58:34.163,33.823,91,30,119.571426,255,378820237,1953,8
2026-03-28T21:58:34.179,33.839,92,30,119.081635,255,378830166,1945,8
2026-03-28T21:58:34.195,33.855,93,30,118.591835,255,378840121,1937,8
2026-03-28T21:58:34.196,33.856,94,30,118.102043,255,378850063,1929,8
2026-03-28T21:58:34.213,33.873,95,30,117.612244,255,378860022,1921,8
2026-03-28T21:58:34.214,33.874,96,30,117.122444,255,378869956,1913,8
2026-03-28T21:58:34.230,33.890,97,30,116.632652,255,378879919,1905,8
2026-03-28T21:58:34.232,33.891,98,30,116.204079,255,378889854,1898,8
2026-03-28T21:58:34.247,33.907,99,30,115.714287,255,378899816,1890,8
2026-03-28T21:58:34.262,33.922,100,30,115.224495,255,378909754,1882,8
2026-03-28T21:58:34.264,33.923,101,30,114.734695,255,378919716,1874,8
2026-03-28T21:58:34.279,33.939,102,30,114.244896,255,378929653,1866,8
2026-03-28T21:58:34.281,33.941,103,30,113.755104,255,378939616,1858,8
2026-03-28T21:58:34.297,33.957,104,30,113.265312,255,378949552,1850,8
2026-03-28T21:58:34.312,33.971,105,30,112.775505,255,378959515,1842,8
2026-03-28T21:58:34.313,33.973,106,30,112.285713,255,378969453,1834,8
2026-03-28T21:58:34.332,33.992,107,30,111.795921,255,378979411,1826,8
2026-03-28T21:58:34.334,33.994,108,30,111.367348,255,378989346,1819,8
2026-03-28T21:58:34.350,34.010,109,30,110.877556,255,378999310,1811,8
2026-03-28T21:58:34.352,34.012,110,30,110.387764,255,379009248,1803,8
2026-03-28T21:58:34.369,34.029,111,30,109.897957,255,379019211,1795,8
2026-03-28T21:58:34.370,34.030,112,30,109.469383,255,379029146,1788,8
2026-03-28T21:58:34.387,34.046,113,30,108.979591,255,379039108,1780,8
2026-03-28T21:58:34.401,34.061,114,30,108.489799,255,379049040,1772,8
2026-03-28T21:58:34.404,34.064,115,30,108.061226,255,379058999,1765,8
2026-03-28T21:58:34.417,34.077,116,30,107.571426,255,379068937,1757,8
2026-03-28T21:58:34.419,34.079,117,30,107.142853,255,379078899,1750,8
2026-03-28T21:58:34.435,34.095,118,30,106.714279,255,379088839,1743,8
2026-03-28T21:58:34.451,34.111,119,30,106.224487,255,379098798,1735,8
2026-03-28T21:58:34.453,34.113,120,30,105.795914,255,379108729,1728,8
2026-03-28T21:58:34.468,34.128,121,30,105.367355,255,379118687,1721,8
2026-03-28T21:58:34.470,34.129,122,30,104.938774,255,379128626,1714,8
2026-03-28T21:58:34.479,34.139,123,30,104.448982,255,379138590,1706,8
2026-03-28T21:58:34.495,34.155,124,30,104.020409,255,379148523,1699,8
2026-03-28T21:58:34.513,34.173,125,30,103.591835,255,379158490,1692,8
2026-03-28T21:58:34.514,34.174,126,30,103.163261,255,379168426,1685,8
2026-03-28T21:58:34.530,34.190,127,30,102.734688,255,379178390,1678,8
2026-03-28T21:58:34.532,34.192,128,30,102.306122,255,379188331,1671,8
2026-03-28T21:58:34.548,34.208,129,30,101.877548,255,379198296,1664,8
2026-03-28T21:58:34.550,34.210,130,30,101.448975,255,379208236,1657,8
2026-03-28T21:58:34.568,34.227,131,30,101.020401,255,379218201,1650,8
2026-03-28T21:58:34.569,34.229,132,30,100.591843,255,379228137,1643,8
2026-03-28T21:58:34.585,34.245,133,31,100.224495,255,379238111,1637,8
2026-03-28T21:58:34.587,34.247,134,31,99.795921,255,379248050,1630,8
2026-03-28T21:58:34.603,34.263,135,31,99.428574,255,379258018,1624,8
2026-03-28T21:58:34.618,34.278,136,31,99.000000,255,379267954,1617,8
2026-03-28T21:58:34.620,34.280,137,31,98.632660,255,379277914,1611,8
2026-03-28T21:58:34.635,34.295,138,31,98.204086,255,379287851,1604,8
2026-03-28T21:58:34.637,34.297,139,31,97.836739,255,379297813,1598,8
2026-03-28T21:58:34.654,34.314,140,31,97.469383,255,379307747,1592,8
2026-03-28T21:58:34.668,34.328,141,31,97.040817,255,379317709,1585,8
2026-03-28T21:58:34.670,34.330,142,31,96.673462,255,379327646,1579,8
2026-03-28T21:58:34.685,34.345,143,31,96.306122,255,379337610,1573,8
2026-03-28T21:58:34.687,34.346,144,31,95.938774,255,379347547,1567,8
2026-03-28T21:58:34.701,34.361,145,32,95.510201,255,379357503,1560,8
2026-03-28T21:58:34.718,34.378,146,32,95.142860,255,379367445,1554,8
2026-03-28T21:58:34.719,34.379,147,32,94.775513,255,379377406,1548,8
2026-03-28T21:58:34.736,34.396,148,32,94.408165,255,379387341,1542,8
2026-03-28T21:58:34.737,34.397,149,33,94.040810,255,379397302,1536,8
2026-03-28T21:58:34.754,34.414,150,32,93.673470,255,379407240,1530,8
2026-03-28T21:58:34.756,34.416,151,32,93.244896,255,379417203,1523,8
2026-03-28T21:58:34.770,34.430,152,32,92.877548,255,379427139,1517,8
2026-03-28T21:58:34.785,34.445,153,32,92.510208,255,379437102,1511,8
2026-03-28T21:58:34.786,34.446,154,32,92.142860,255,379447044,1505,8
2026-03-28T21:58:34.802,34.462,155,32,91.775513,255,379457009,1499,8
2026-03-28T21:58:34.816,34.476,156,32,91.346939,255,379466948,1492,8
2026-03-28T21:58:34.818,34.478,157,33,90.979599,255,379476909,1486,8
2026-03-28T21:58:34.831,34.491,158,33,90.673470,255,379486848,1481,8
2026-03-28T21:58:34.847,34.507,159,33,90.306129,255,379496813,1475,8
2026-03-28T21:58:34.849,34.508,160,33,89.938774,255,379506751,1469,8
2026-03-28T21:58:34.866,34.526,161,33,89.632652,255,379516716,1464,8
2026-03-28T21:58:34.867,34.527,162,33,89.265305,255,379526654,1458,8
2026-03-28T21:58:34.882,34.542,163,34,88.897964,255,379536616,1452,8
2026-03-28T21:58:34.884,34.544,164,34,88.591835,255,379546558,1447,8
2026-03-28T21:58:34.898,34.557,165,34,88.285713,255,379556521,1442,8
2026-03-28T21:58:34.913,34.572,166,34,87.918373,255,379566460,1436,8
2026-03-28T21:58:34.915,34.575,167,34,87.612244,255,379576423,1431,8
2026-03-28T21:58:34.932,34.592,168,34,87.306122,255,379586362,1426,8
2026-03-28T21:58:34.935,34.594,169,34,86.938774,255,379596327,1420,8
2026-03-28T21:58:34.951,34.611,170,34,86.632652,255,379606267,1415,8
2026-03-28T21:58:34.966,34.626,171,34,86.326530,255,379616230,1410,8
2026-03-28T21:58:34.968,34.627,172,34,86.020409,255,379626166,1405,8
2026-03-28T21:58:34.984,34.644,173,34,85.714287,255,379636128,1400,8
2026-03-28T21:58:34.985,34.645,174,34,85.346939,255,379646065,1394,8
2026-03-28T21:58:35.002,34.662,175,34,85.040817,255,379656030,1389,8
2026-03-28T21:58:35.004,34.664,176,33,84.734695,255,379665971,1384,8
2026-03-28T21:58:35.018,34.678,177,33,84.428566,255,379675932,1379,8
2026-03-28T21:58:35.034,34.694,178,33,84.122452,255,379685875,1374,8
2026-03-28T21:58:35.035,34.695,179,33,83.755104,255,379695843,1368,8
2026-03-28T21:58:35.049,34.709,180,33,83.448975,255,379705784,1363,8
2026-03-28T21:58:35.066,34.726,181,33,83.081635,255,379715749,1357,8
2026-03-28T21:58:35.068,34.728,182,33,82.775505,255,379725690,1352,8
2026-03-28T21:58:35.082,34.742,183,33,82.408165,255,379735662,1346,8
2026-03-28T21:58:35.084,34.744,184,33,82.040817,255,379745603,1340,8
2026-03-28T21:58:35.101,34.761,185,33,81.734695,255,379755572,1335,8
2026-03-28T21:58:35.103,34.763,186,33,81.428574,255,379765519,1330,8
2026-03-28T21:58:35.120,34.780,187,33,81.122452,255,379775489,1325,8
2026-03-28T21:58:35.122,34.782,188,33,80.816322,255,379785439,1320,8
2026-03-28T21:58:35.135,34.795,189,33,80.448982,255,379795410,1314,8
2026-03-28T21:58:35.151,34.811,190,33,80.142853,255,379805357,1309,8
2026-03-28T21:58:35.152,34.812,191,33,79.836731,255,379815326,1304,8
2026-03-28T21:58:35.169,34.829,192,33,79.591835,255,379825265,1300,8
2026-03-28T21:58:35.185,34.845,193,33,79.285713,255,379835238,1295,8
2026-03-28T21:58:35.187,34.846,194,33,78.979591,255,379845177,1290,8
2026-03-28T21:58:35.203,34.863,195,33,78.673470,255,379855141,1285,8
2026-03-28T21:58:35.204,34.864,196,33,78.367348,255,379865087,1280,8
2026-03-28T21:58:35.218,34.878,197,33,78.122452,255,379875056,1276,8
2026-03-28T21:58:35.235,34.895,198,33,77.816330,255,379884995,1271,8
2026-03-28T21:58:35.236,34.896,199,33,77.510201,255,379894959,1266,8
2026-03-28T21:58:35.253,34.913,200,33,77.204079,255,379904905,1261,8
2026-03-28T21:58:35.254,34.914,201,33,76.897964,255,379914873,1256,8
2026-03-28T21:58:35.273,34.932,202,33,76.653061,255,379924812,1252,8
2026-03-28T21:58:35.274,34.934,203,33,76.346939,255,379934775,1247,8
2026-03-28T21:58:35.291,34.951,204,33,76.102043,255,379944717,1243,8
2026-03-28T21:58:35.293,34.953,205,33,75.795914,255,379954683,1238,8
2026-03-28T21:58:35.307,34.967,206,33,75.489799,255,379964626,1233,8
2026-03-28T21:58:35.325,34.984,207,33,75.244904,255,379974588,1229,8
2026-03-28T21:58:35.326,34.986,208,33,74.938774,255,379984528,1224,8
2026-03-28T21:58:35.344,35.004,209,33,74.632652,255,379994491,1219,8
2026-03-28T21:58:35.346,35.005,210,33,74.326530,255,380004430,1214,8
2026-03-28T21:58:35.362,35.022,211,33,74.081635,255,380014387,1210,8
2026-03-28T21:58:35.363,35.023,212,33,73.775513,255,380024323,1205,8
2026-03-28T21:58:35.379,35.039,213,33,73.469391,255,380034289,1200,8
2026-03-28T21:58:35.381,35.041,214,33,73.163261,255,380044225,1195,8
2026-03-28T21:58:35.399,35.059,215,33,72.857147,255,380054185,1190,8
2026-03-28T21:58:35.401,35.060,216,33,72.551018,255,380064118,1185,8
2026-03-28T21:58:35.417,35.077,217,33,72.244896,255,380074077,1180,8
2026-03-28T21:58:35.419,35.079,218,33,71.938774,255,380084010,1175,8
2026-03-28T21:58:35.435,35.095,219,33,71.632652,255,380093967,1170,8
2026-03-28T21:58:35.451,35.111,220,33,71.387756,255,380103903,1166,8
2026-03-28T21:58:35.453,35.113,221,33,71.081635,255,380113864,1161,8
2026-03-28T21:58:35.470,35.130,222,33,70.836731,255,380123803,1157,8
2026-03-28T21:58:35.471,35.131,223,33,70.591835,255,380133764,1153,8
2026-03-28T21:58:35.486,35.146,224,34,70.285713,255,380143704,1148,8
2026-03-28T21:58:35.501,35.161,225,33,70.040817,255,380153670,1144,8
2026-03-28T21:58:35.503,35.162,226,33,69.734695,255,380163606,1139,8
2026-03-28T21:58:35.518,35.178,227,33,69.489799,255,380173570,1135,8
2026-03-28T21:58:35.520,35.180,228,33,69.244904,255,380183507,1131,8
2026-03-28T21:58:35.536,35.195,229,33,68.938774,255,380193471,1126,8
2026-03-28T21:58:35.537,35.197,230,33,68.693878,255,380203408,1122,8
2026-03-28T21:58:35.550,35.210,231,33,68.387756,255,380213376,1117,8
2026-03-28T21:58:35.565,35.225,232,33,68.081635,255,380223315,1112,8
2026-03-28T21:58:35.582,35.242,233,33,67.836739,255,380233280,1108,8
2026-03-28T21:58:35.584,35.244,234,33,67.530617,255,380243215,1103,8
2026-03-28T21:58:35.600,35.260,235,33,67.285713,255,380253183,1099,8
2026-03-28T21:58:35.602,35.262,236,33,66.979591,255,380263125,1094,8
2026-03-28T21:58:35.619,35.279,237,33,66.673470,255,380273095,1089,8
2026-03-28T21:58:35.621,35.281,238,33,66.367348,255,380283036,1084,8
2026-03-28T21:58:35.638,35.298,239,33,66.122452,255,380293000,1080,8
2026-03-28T21:58:35.640,35.300,240,33,65.816330,255,380302950,1075,8
2026-03-28T21:58:35.653,35.313,241,33,65.571426,255,380312924,1071,8
2026-03-28T21:58:35.667,35.327,242,33,65.265305,255,380322871,1066,8
2026-03-28T21:58:35.669,35.329,243,33,64.959183,255,380332842,1061,8
2026-03-28T21:58:35.685,35.345,244,33,64.653061,255,380342787,1056,8
2026-03-28T21:58:35.687,35.346,245,33,64.346939,255,380352755,1051,8
2026-03-28T21:58:35.702,35.362,246,33,64.040817,255,380362702,1046,8
2026-03-28T21:58:35.717,35.377,247,33,63.734695,255,380372671,1041,8
2026-03-28T21:58:35.719,35.379,248,33,63.428574,255,380382615,1036,8
2026-03-28T21:58:35.733,35.393,249,33,63.122448,255,380392582,1031,8
2026-03-28T21:58:35.735,35.395,250,34,62.816326,255,380402527,1026,8
2026-03-28T21:58:35.751,35.411,251,34,62.571430,255,380412493,1022,8
2026-03-28T21:58:35.768,35.427,252,34,62.265305,255,380422436,1017,8
2026-03-28T21:58:35.769,35.429,253,34,61.959183,255,380432390,1012,8
2026-03-28T21:58:35.787,35.446,254,34,61.714287,255,380442341,1008,8
2026-03-28T21:58:35.788,35.448,255,35,61.408161,255,380452303,1003,8
2026-03-28T21:58:35.804,35.464,0,35,61.102039,255,380462243,998,8
2026-03-28T21:58:35.805,35.465,1,35,60.857143,255,380472212,994,8
2026-03-28T21:58:35.823,35.483,2,36,60.551018,255,380482154,989,8
2026-03-28T21:58:35.824,35.484,3,36,60.306122,255,380492117,985,8
2026-03-28T21:58:35.842,35.501,4,36,60.000000,255,380502061,980,8
2026-03-28T21:58:35.857,35.517,5,36,59.755100,255,380512030,976,8
2026-03-28T21:58:35.859,35.518,6,35,59.448978,255,380521968,971,8
2026-03-28T21:58:35.878,35.538,7,35,59.204082,255,380531932,967,8
2026-03-28T21:58:35.880,35.540,8,35,58.897957,255,380541866,962,8
2026-03-28T21:58:35.895,35.555,9,35,58.591835,255,380551830,957,8
2026-03-28T21:58:35.897,35.557,10,35,58.285717,255,380561771,952,8
2026-03-28T21:58:35.912,35.572,11,35,57.979591,255,380571733,947,8
2026-03-28T21:58:35.913,35.573,12,35,57.673470,255,380581674,942,8
2026-03-28T21:58:35.930,35.590,13,35,57.367348,255,380591633,937,8
2026-03-28T21:58:35.947,35.607,14,35,57.061222,255,380601566,932,8
2026-03-28T21:58:35.949,35.608,15,35,56.816326,255,380611529,928,8
2026-03-28T21:58:35.965,35.625,16,35,56.510208,255,380621475,923,8
2026-03-28T21:58:35.966,35.626,17,35,56.204079,255,380631440,918,8
2026-03-28T21:58:35.983,35.643,18,35,55.897961,255,380641375,913,8
2026-03-28T21:58:35.984,35.644,19,35,55.591835,255,380651336,908,8
2026-03-28T21:58:35.999,35.659,20,35,55.285713,255,380661274,903,8
2026-03-28T21:58:36.015,35.675,21,34,54.979591,255,380671236,898,8
2026-03-28T21:58:36.017,35.677,22,34,54.673466,255,380681176,893,8
2026-03-28T21:58:36.034,35.694,23,34,54.367348,255,380691142,888,8
2026-03-28T21:58:36.036,35.696,24,34,54.000004,255,380701080,882,8
2026-03-28T21:58:36.051,35.711,25,34,53.693878,255,380711044,877,8
2026-03-28T21:58:36.053,35.713,26,34,53.387756,255,380720973,872,8
2026-03-28T21:58:36.067,35.727,27,34,53.081635,255,380730931,867,8
2026-03-28T21:58:36.082,35.742,28,34,52.775509,255,380740872,862,8
2026-03-28T21:58:36.084,35.744,29,34,52.469387,255,380750830,857,8
2026-03-28T21:58:36.100,35.759,30,34,52.163261,255,380760769,852,8
2026-03-28T21:58:36.112,35.772,31,34,51.918365,255,380770732,848,8
2026-03-28T21:58:36.113,35.773,32,34,51.612247,255,380780671,843,8
2026-03-28T21:58:36.129,35.789,33,34,51.306122,255,380790635,838,8
2026-03-28T21:58:36.131,35.791,34,34,51.061222,255,380800566,834,8
2026-03-28T21:58:36.145,35.805,35,34,50.755104,255,380810528,829,8
2026-03-28T21:58:36.160,35.820,36,34,50.448978,255,380820478,824,8
2026-03-28T21:58:36.162,35.822,37,34,50.142857,255,380830438,819,8
2026-03-28T21:58:36.177,35.836,38,34,49.836735,255,380840382,814,8
2026-03-28T21:58:36.191,35.851,39,34,49.530609,255,380850342,809,8
2026-03-28T21:58:36.193,35.853,40,34,49.224491,255,380860275,804,8
2026-03-28T21:58:36.209,35.869,41,34,48.918369,255,380870239,799,8
2026-03-28T21:58:36.212,35.872,42,34,48.612244,255,380880177,794,8
2026-03-28T21:58:36.227,35.887,43,34,48.367348,255,380890145,790,8
2026-03-28T21:58:36.242,35.902,44,34,48.000004,255,380900079,784,8
2026-03-28T21:58:36.244,35.903,45,33,47.693878,255,380910048,779,8
2026-03-28T21:58:36.261,35.921,46,33,47.387756,255,380919983,774,8
2026-03-28T21:58:36.262,35.922,47,33,47.081631,255,380929954,769,8
2026-03-28T21:58:36.280,35.940,48,34,46.775509,255,380939896,764,8
2026-03-28T21:58:36.281,35.941,49,34,46.469391,255,380949859,759,8
2026-03-28T21:58:36.297,35.956,50,34,46.163261,255,380959802,754,8
2026-03-28T21:58:36.314,35.974,51,34,45.795918,255,380969769,748,8
2026-03-28T21:58:36.316,35.976,52,33,45.489799,255,380979710,743,8
2026-03-28T21:58:36.332,35.992,53,33,45.183674,255,380989674,738,8
2026-03-28T21:58:36.334,35.994,54,33,44.816326,255,380999614,732,8
2026-03-28T21:58:36.349,36.009,55,33,44.448982,255,381009580,726,8
2026-03-28T21:58:36.350,36.010,56,33,44.142857,255,381019523,721,8
2026-03-28T21:58:36.367,36.027,57,33,43.775509,255,381029488,715,8
2026-03-28T21:58:36.369,36.028,58,33,43.469387,255,381039434,710,8
2026-03-28T21:58:36.385,36.045,59,34,43.163265,255,381049398,705,8
2026-03-28T21:58:36.403,36.063,60,34,42.857143,255,381059338,700,8
2026-03-28T21:58:36.404,36.064,61,34,42.551022,255,381069304,695,8
2026-03-28T21:58:36.419,36.079,62,34,42.244900,255,381079242,690,8
2026-03-28T21:58:36.421,36.081,63,34,41.938778,255,381089205,685,8
2026-03-28T21:58:36.437,36.097,64,34,41.632652,255,381099142,680,8
2026-03-28T21:58:36.438,36.098,65,34,41.387753,255,381109110,676,8
2026-03-28T21:58:36.455,36.115,66,34,41.081635,255,381119048,671,8
2026-03-28T21:58:36.471,36.131,67,34,40.775509,255,381129011,666,8
2026-03-28T21:58:36.473,36.133,68,34,40.469387,255,381138947,661,8
2026-03-28T21:58:36.489,36.149,69,34,40.163265,255,381148912,656,8
2026-03-28T21:58:36.491,36.151,70,34,39.857143,255,381158845,651,8
2026-03-28T21:58:36.508,36.168,71,34,39.551022,255,381168810,646,8
2026-03-28T21:58:36.509,36.169,72,34,39.183674,255,381178749,640,8
2026-03-28T21:58:36.526,36.186,73,34,38.877552,255,381188714,635,8
2026-03-28T21:58:36.527,36.187,74,34,38.571430,255,381198651,630,8
2026-03-28T21:58:36.543,36.203,75,34,38.204082,255,381208610,624,8
2026-03-28T21:58:36.556,36.216,76,34,37.897957,255,381218553,619,8
2026-03-28T21:58:36.557,36.217,77,34,37.591839,255,381228515,614,8
2026-03-28T21:58:36.572,36.232,78,34,37.224491,255,381238455,608,8
2026-03-28T21:58:36.589,36.249,79,34,36.857143,255,381248427,602,8
2026-03-28T21:58:36.591,36.251,80,34,36.551022,255,381258367,597,8
2026-03-28T21:58:36.608,36.268,81,34,36.183674,255,381268336,591,8
2026-03-28T21:58:36.609,36.269,82,34,35.877552,255,381278282,586,8
2026-03-28T21:58:36.623,36.283,83,34,35.510204,255,381288249,580,8
2026-03-28T21:58:36.637,36.297,84,34,35.142857,255,381298190,574,8
2026-03-28T21:58:36.639,36.299,85,34,34.836735,255,381308149,569,8
2026-03-28T21:58:36.655,36.315,86,34,34.530613,255,381318089,564,8
2026-03-28T21:58:36.657,36.316,87,34,34.163265,255,381328068,558,8
2026-03-28T21:58:36.673,36.333,88,34,33.795921,255,381338008,552,8
2026-03-28T21:58:36.689,36.349,89,34,33.489796,255,381347978,547,8
2026-03-28T21:58:36.690,36.350,90,34,33.183674,255,381357919,542,8
2026-03-28T21:58:36.709,36.369,91,34,32.877548,255,381367888,537,8
2026-03-28T21:58:36.710,36.370,92,34,32.571430,255,381377828,532,8
2026-03-28T21:58:36.726,36.386,93,34,32.204082,255,381387794,526,8
2026-03-28T21:58:36.727,36.387,94,34,31.897959,255,381397730,521,8
2026-03-28T21:58:36.743,36.403,95,34,31.591835,255,381407692,516,8
2026-03-28T21:58:36.757,36.417,96,34,31.224491,255,381417629,510,8
2026-03-28T21:58:36.760,36.420,97,34,30.857143,255,381427594,504,8
2026-03-28T21:58:36.775,36.435,98,34,30.551020,255,381437531,499,8
2026-03-28T21:58:36.777,36.437,99,34,30.244898,255,381447497,494,8
2026-03-28T21:58:36.793,36.453,100,34,29.877550,255,381457438,488,8
2026-03-28T21:58:36.795,36.454,101,34,29.571430,255,381467402,483,8
2026-03-28T21:58:36.811,36.471,102,34,29.204082,255,381477337,477,8
2026-03-28T21:58:36.825,36.485,103,34,28.897959,255,381487300,472,8
2026-03-28T21:58:36.826,36.486,104,34,28.530611,255,381497238,466,8
2026-03-28T21:58:36.842,36.502,105,34,28.285715,255,381507201,462,8
2026-03-28T21:58:36.844,36.504,106,31,28.163265,255,381517137,460,8
2026-03-28T21:58:36.860,36.520,107,31,28.163265,255,381527095,460,8
2026-03-28T21:58:36.876,36.536,108,31,28.163265,255,381537033,460,8
2026-03-28T21:58:36.877,36.537,109,31,28.163265,255,381546993,460,8
2026-03-28T21:58:36.891,36.551,110,31,28.163265,255,381556926,460,8
2026-03-28T21:58:36.906,36.566,111,32,28.224489,255,381566882,461,8
2026-03-28T21:58:36.907,36.567,112,32,28.285715,255,381576820,462,8
2026-03-28T21:58:36.921,36.581,113,32,28.346939,255,381586784,463,8
2026-03-28T21:58:36.935,36.595,114,32,28.469387,255,381596720,465,8
2026-03-28T21:58:36.936,36.596,115,32,28.653059,255,381606686,468,8
2026-03-28T21:58:36.953,36.613,116,32,28.836735,255,381616627,471,8
2026-03-28T21:58:36.956,36.615,117,32,29.081635,255,381626593,475,8
2026-03-28T21:58:36.972,36.632,118,32,29.326530,255,381636532,479,8
2026-03-28T21:58:36.973,36.633,119,32,29.510206,255,381646493,482,8
2026-03-28T21:58:36.991,36.651,120,32,29.755102,255,381656430,486,8
2026-03-28T21:58:36.992,36.652,121,32,30.000000,255,381666398,490,8
2026-03-28T21:58:37.006,36.666,122,32,30.244898,255,381676334,494,8
2026-03-28T21:58:37.016,36.676,123,32,30.489796,255,381686298,498,8
2026-03-28T21:58:37.033,36.693,124,32,30.734694,255,381696243,502,8
2026-03-28T21:58:37.034,36.694,125,32,31.040815,255,381706214,507,8
2026-03-28T21:58:37.051,36.711,126,32,31.285715,255,381716158,511,8
2026-03-28T21:58:37.053,36.713,127,32,31.591835,255,381726122,516,8
2026-03-28T21:58:37.069,36.729,128,32,31.836735,255,381736062,520,8
2026-03-28T21:58:37.083,36.743,129,32,32.081635,255,381746039,524,8
2026-03-28T21:58:37.084,36.744,130,32,32.326530,255,381755978,528,8
2026-03-28T21:58:37.102,36.761,131,32,32.632652,255,381765936,533,8
2026-03-28T21:58:37.103,36.763,132,32,32.938778,255,381775881,538,8
2026-03-28T21:58:37.119,36.779,133,32,33.183674,255,381785858,542,8
2026-03-28T21:58:37.121,36.781,134,32,33.489796,255,381795797,547,8
2026-03-28T21:58:37.138,36.798,135,32,33.734692,255,381805756,551,8
2026-03-28T21:58:37.154,36.814,136,32,34.040817,255,381815698,556,8
2026-03-28T21:58:37.155,36.815,137,32,34.285713,255,381825666,560,8
2026-03-28T21:58:37.173,36.833,138,32,34.653061,255,381835607,566,8
2026-03-28T21:58:37.174,36.834,139,32,34.897957,255,381845579,570,8
2026-03-28T21:58:37.189,36.848,140,32,35.204082,255,381855527,575,8
2026-03-28T21:58:37.191,36.851,141,32,35.510204,255,381865492,580,8
2026-03-28T21:58:37.206,36.866,142,32,35.816326,255,381875425,585,8
2026-03-28T21:58:37.222,36.882,143,32,36.122448,255,381885391,590,8
2026-03-28T21:58:37.224,36.884,144,32,36.428574,255,381895329,595,8
2026-03-28T21:58:37.240,36.900,145,32,36.734695,255,381905294,600,8
2026-03-28T21:58:37.242,36.902,146,32,37.040817,255,381915235,605,8
2026-03-28T21:58:37.259,36.919,147,32,37.346939,255,381925206,610,8
2026-03-28T21:58:37.261,36.921,148,32,37.653061,255,381935141,615,8
2026-03-28T21:58:37.276,36.936,149,32,37.959183,255,381945104,620,8
2026-03-28T21:58:37.291,36.951,150,32,38.326530,255,381955044,626,8
2026-03-28T21:58:37.292,36.952,151,32,38.632652,255,381965010,631,8
2026-03-28T21:58:37.307,36.967,152,32,38.938778,255,381974960,636,8
2026-03-28T21:58:37.322,36.981,153,32,39.306122,255,381984925,642,8
2026-03-28T21:58:37.323,36.983,154,32,39.673470,255,381994869,648,8
2026-03-28T21:58:37.339,36.999,155,32,39.979591,255,382004838,653,8
2026-03-28T21:58:37.341,37.001,156,32,40.346939,255,382014780,659,8
2026-03-28T21:58:37.359,37.019,157,32,40.653061,255,382024748,664,8
2026-03-28T21:58:37.360,37.020,158,32,41.020409,255,382034686,670,8
2026-03-28T21:58:37.376,37.036,159,32,41.387753,255,382044650,676,8
2026-03-28T21:58:37.392,37.052,160,32,41.755100,255,382054594,682,8
2026-03-28T21:58:37.394,37.054,161,32,42.061226,255,382064562,687,8
2026-03-28T21:58:37.406,37.066,162,32,42.428570,255,382074505,693,8
2026-03-28T21:58:37.417,37.077,163,33,42.795918,255,382084471,699,8
2026-03-28T21:58:37.419,37.079,164,33,43.163265,255,382094414,705,8
2026-03-28T21:58:37.434,37.094,165,33,43.530613,255,382104380,711,8
2026-03-28T21:58:37.447,37.107,166,33,43.897957,255,382114324,717,8
2026-03-28T21:58:37.449,37.109,167,33,44.265305,255,382124292,723,8
2026-03-28T21:58:37.464,37.124,168,32,44.693878,255,382134231,730,8
2026-03-28T21:58:37.479,37.138,169,32,45.061226,255,382144198,736,8
2026-03-28T21:58:37.480,37.140,170,33,45.428574,255,382154131,742,8
2026-03-28T21:58:37.496,37.156,171,33,45.795918,255,382164097,748,8
2026-03-28T21:58:37.498,37.158,172,33,46.224487,255,382174034,755,8
2026-03-28T21:58:37.511,37.171,173,33,46.591839,255,382183992,761,8
2026-03-28T21:58:37.525,37.185,174,33,47.020405,255,382193928,768,8
2026-03-28T21:58:37.541,37.201,175,33,47.387756,255,382203888,774,8
2026-03-28T21:58:37.543,37.203,176,33,47.755100,255,382213829,780,8
2026-03-28T21:58:37.558,37.218,177,33,48.183674,255,382223790,787,8
2026-03-28T21:58:37.560,37.220,178,33,48.612244,255,382233726,794,8
2026-03-28T21:58:37.574,37.234,179,33,48.979595,255,382243687,800,8
2026-03-28T21:58:37.592,37.252,180,33,49.408161,255,382253625,807,8
2026-03-28T21:58:37.594,37.253,181,33,49.836735,255,382263592,814,8
2026-03-28T21:58:37.610,37.270,182,33,50.265305,255,382273530,821,8
2026-03-28T21:58:37.611,37.271,183,33,50.693878,255,382283495,828,8
2026-03-28T21:58:37.626,37.285,184,33,51.122448,255,382293433,835,8
2026-03-28T21:58:37.627,37.287,185,33,51.551022,255,382303399,842,8
2026-03-28T21:58:37.642,37.302,186,33,51.979591,255,382313340,849,8
2026-03-28T21:58:37.658,37.318,187,33,52.408165,255,382323301,856,8
2026-03-28T21:58:37.660,37.320,188,34,52.836735,255,382333245,863,8
2026-03-28T21:58:37.673,37.332,189,34,53.265308,255,382343211,870,8
2026-03-28T21:58:37.688,37.348,190,34,53.755100,255,382353154,878,8
2026-03-28T21:58:37.690,37.350,191,34,54.183674,255,382363120,885,8
2026-03-28T21:58:37.706,37.365,192,34,54.612244,255,382373059,892,8
2026-03-28T21:58:37.707,37.367,193,33,55.102043,255,382383023,900,8
2026-03-28T21:58:37.720,37.380,194,33,55.530609,255,382392964,907,8
2026-03-28T21:58:37.736,37.396,195,34,55.959183,255,382402923,914,8
2026-03-28T21:58:37.737,37.397,196,33,56.448978,255,382412859,922,8
2026-03-28T21:58:37.751,37.411,197,33,56.877552,255,382422817,929,8
2026-03-28T21:58:37.768,37.428,198,33,57.367348,255,382432756,937,8
2026-03-28T21:58:37.769,37.429,199,33,57.795918,255,382442719,944,8
2026-03-28T21:58:37.784,37.444,200,34,58.285717,255,382452654,952,8
2026-03-28T21:58:37.786,37.445,201,34,58.775509,255,382462618,960,8
2026-03-28T21:58:37.803,37.463,202,35,59.265308,255,382472554,968,8
2026-03-28T21:58:37.805,37.465,203,38,59.755100,255,382482513,976,8
2026-03-28T21:58:37.821,37.481,204,40,60.244900,255,382492456,984,8
2026-03-28T21:58:37.838,37.498,205,42,60.734695,255,382502418,992,8
2026-03-28T21:58:37.840,37.500,206,43,61.163265,255,382512361,999,8
2026-03-28T21:58:37.853,37.513,207,44,61.653065,255,382522323,1007,8
2026-03-28T21:58:37.855,37.514,208,44,62.204079,255,382532265,1016,8
2026-03-28T21:58:37.871,37.531,209,44,62.693878,255,382542229,1024,8
2026-03-28T21:58:37.888,37.548,210,44,63.183670,255,382552169,1032,8
2026-03-28T21:58:37.890,37.549,211,44,63.673470,255,382562138,1040,8
2026-03-28T21:58:37.906,37.566,212,44,64.163269,255,382572076,1048,8
2026-03-28T21:58:42.713,42.373,213,44,64.714287,255,382582041,1057,8
2026-03-28T21:58:42.718,42.378,187,55,324.489807,255,387420685,5300,8
2026-03-28T21:58:42.752,42.412,188,55,324.979584,255,387430652,5308,8
2026-03-28T21:58:42.754,42.414,189,55,325.469391,255,387440595,5316,8
2026-03-28T21:58:42.756,42.415,190,55,325.959198,255,387450557,5324,8
2026-03-28T21:58:42.769,42.429,191,55,326.510193,255,387460498,5333,8
2026-03-28T21:58:42.771,42.431,192,56,327.000000,255,387470457,5341,8
2026-03-28T21:58:42.785,42.444,193,56,327.489807,255,387480397,5349,8
2026-03-28T21:58:42.800,42.460,194,56,327.979584,255,387490362,5357,8
2026-03-28T21:58:42.801,42.461,195,56,328.469391,255,387500308,5365,8
2026-03-28T21:58:42.815,42.475,196,56,329.020386,255,387510275,5374,8
2026-03-28T21:58:42.830,42.490,197,56,329.510223,255,387520216,5382,8
2026-03-28T21:58:42.832,42.492,198,57,330.000000,255,387530177,5390,8
2026-03-28T21:58:42.845,42.505,199,57,330.489807,255,387540121,5398,8
2026-03-28T21:58:42.847,42.507,200,56,330.979584,255,387550093,5406,8
2026-03-28T21:58:42.861,42.521,201,56,331.469391,255,387560039,5414,8
2026-03-28T21:58:42.878,42.538,202,57,331.959167,255,387570009,5422,8
2026-03-28T21:58:42.879,42.539,203,58,332.448975,255,387579951,5430,8
2026-03-28T21:58:42.893,42.553,204,58,333.000000,255,387589922,5439,8
2026-03-28T21:58:42.906,42.566,205,59,333.489807,255,387599867,5447,8
2026-03-28T21:58:42.908,42.567,206,60,333.979584,255,387609830,5455,8
2026-03-28T21:58:42.921,42.581,207,61,334.469391,255,387619772,5463,8
2026-03-28T21:58:42.935,42.595,208,61,334.959167,255,387629738,5471,8
2026-03-28T21:58:42.936,42.596,209,60,335.510223,255,387639680,5480,8
2026-03-28T21:58:42.952,42.612,210,58,336.000000,255,387649652,5488,8
2026-03-28T21:58:42.966,42.626,211,60,336.489807,255,387659592,5496,8
2026-03-28T21:58:42.967,42.627,212,66,336.979584,255,387669565,5504,8
2026-03-28T21:58:42.982,42.642,213,67,337.469391,255,387679510,5512,8
2026-03-28T21:58:42.997,42.657,214,65,337.959198,255,387689485,5520,8
2026-03-28T21:58:42.998,42.658,215,65,338.448975,255,387699434,5528,8
2026-03-28T21:58:43.013,42.673,216,66,338.938782,255,387709401,5536,8
2026-03-28T21:58:43.015,42.675,217,67,339.428558,255,387719345,5544,8
2026-03-28T21:58:43.028,42.688,218,69,339.918365,255,387729315,5552,8
2026-03-28T21:58:43.040,42.700,219,69,340.408173,255,387739259,5560,8
2026-03-28T21:58:43.058,42.718,220,69,340.959198,255,387749231,5569,8
2026-03-28T21:58:43.060,42.720,221,69,341.448975,255,387759174,5577,8
2026-03-28T21:58:43.075,42.735,222,70,341.938782,255,387769145,5585,8
2026-03-28T21:58:43.077,42.737,223,71,342.428558,255,387779091,5593,8
2026-03-28T21:58:43.093,42.753,224,72,342.918365,255,387789061,5601,8
2026-03-28T21:58:43.095,42.754,225,72,343.408142,255,387799012,5609,8
2026-03-28T21:58:43.108,42.767,226,72,343.897980,255,387808980,5617,8
2026-03-28T21:58:43.123,42.783,227,72,344.387756,255,387819072,5625,8
2026-03-28T21:58:43.125,42.785,228,72,344.877563,255,387828890,5633,8
2026-03-28T21:58:43.135,42.795,229,71,345.428558,255,387838844,5642,8
2026-03-28T21:58:43.149,42.809,230,71,345.918365,255,387848814,5650,8
2026-03-28T21:58:43.165,42.825,231,71,346.408142,255,387858757,5658,8
2026-03-28T21:58:43.167,42.826,232,71,346.897980,255,387868727,5666,8
2026-03-28T21:58:43.180,42.840,233,70,347.387756,255,387878670,5674,8
2026-03-28T21:58:43.194,42.854,234,70,347.877563,255,387888640,5682,8
2026-03-28T21:58:43.195,42.855,235,70,348.367340,255,387898583,5690,8
2026-03-28T21:58:43.212,42.872,236,70,348.857147,255,387908555,5698,8
2026-03-28T21:58:43.213,42.873,237,69,349.346924,255,387918497,5706,8
2026-03-28T21:58:43.229,42.889,238,69,349.897949,255,387928470,5715,8
2026-03-28T21:58:43.246,42.905,239,69,350.387756,255,387938410,5723,8
2026-03-28T21:58:43.247,42.907,240,69,350.877563,255,387948384,5731,8
2026-03-28T21:58:43.262,42.922,241,69,351.367340,255,387958330,5739,8
2026-03-28T21:58:43.264,42.923,242,69,351.857147,255,387968304,5747,8
2026-03-28T21:58:43.277,42.936,243,69,352.408173,255,387978249,5756,8
2026-03-28T21:58:43.293,42.953,244,69,352.897949,255,387988220,5764,8
2026-03-28T21:58:43.295,42.955,245,68,353.387756,255,387998162,5772,8
2026-03-28T21:58:43.312,42.972,246,68,353.877533,255,388008134,5780,8
2026-03-28T21:58:43.314,42.974,247,68,354.367340,255,388018092,5788,8
2026-03-28T21:58:43.327,42.987,248,68,354.857147,255,388028064,5796,8
2026-03-28T21:58:43.341,43.001,249,68,355.408173,255,388038017,5805,8
2026-03-28T21:58:43.342,43.002,250,68,355.897949,255,388047993,5813,8
2026-03-28T21:58:43.358,43.018,251,68,356.387756,255,388057943,5821,8
2026-03-28T21:58:43.372,43.032,252,67,356.877533,255,388067917,5829,8
2026-03-28T21:58:43.374,43.034,253,67,357.428589,255,388077871,5838,8
2026-03-28T21:58:43.389,43.049,254,67,357.918365,255,388087838,5846,8
2026-03-28T21:58:43.391,43.051,255,67,358.408173,255,388097782,5854,8
2026-03-28T21:58:43.404,43.064,0,67,358.897949,255,388107756,5862,8
2026-03-28T21:58:43.419,43.079,1,67,359.387756,255,388117699,5870,8
2026-03-28T21:58:43.422,43.081,2,67,359.877533,255,388127670,5878,8
2026-03-28T21:58:43.436,43.096,3,67,0.428571,255,388137610,7,8
2026-03-28T21:58:43.450,43.110,4,67,0.918367,255,388147582,15,8
2026-03-28T21:58:43.452,43.112,5,67,1.408163,255,388157521,23,8
2026-03-28T21:58:43.467,43.127,6,67,1.897959,255,388167492,31,8
2026-03-28T21:58:43.483,43.143,7,66,2.448980,255,388177437,40,8
2026-03-28T21:58:43.485,43.145,8,67,2.938775,255,388187408,48,8
2026-03-28T21:58:43.499,43.159,9,66,3.428571,255,388197357,56,8
2026-03-28T21:58:43.501,43.160,10,66,3.918367,255,388207327,64,8
2026-03-28T21:58:43.518,43.178,11,66,4.408163,255,388217277,72,8
2026-03-28T21:58:43.520,43.180,12,66,4.897959,255,388227244,80,8
2026-03-28T21:58:43.535,43.195,13,66,5.387755,255,388237195,88,8
2026-03-28T21:58:43.551,43.211,14,66,5.938776,255,388247170,97,8
2026-03-28T21:58:43.553,43.212,15,66,6.428572,255,388257115,105,8
2026-03-28T21:58:43.566,43.226,16,66,6.918367,255,388267083,113,8
2026-03-28T21:58:43.580,43.240,17,66,7.408164,255,388277027,121,8
2026-03-28T21:58:43.582,43.242,18,66,7.897959,255,388287001,129,8
2026-03-28T21:58:43.599,43.258,19,66,8.448980,255,388296948,138,8
2026-03-28T21:58:43.600,43.260,20,66,8.938775,255,388306923,146,8
2026-03-28T21:58:43.617,43.276,21,66,9.428572,255,388316868,154,8
2026-03-28T21:58:43.618,43.278,22,66,9.918367,255,388326840,162,8
2026-03-28T21:58:43.637,43.297,23,66,10.408163,255,388336783,170,8
2026-03-28T21:58:43.639,43.299,24,66,10.897960,255,388346751,178,8
2026-03-28T21:58:43.658,43.318,25,66,11.387755,255,388356690,186,8
2026-03-28T21:58:43.659,43.319,26,66,11.938775,255,388366652,195,8
2026-03-28T21:58:43.676,43.336,27,66,12.428572,255,388376592,203,8
2026-03-28T21:58:43.678,43.338,28,66,12.918367,255,388386554,211,8
2026-03-28T21:58:43.697,43.357,29,66,13.408163,255,388396497,219,8
2026-03-28T21:58:43.699,43.359,30,66,13.897959,255,388406462,227,8
2026-03-28T21:58:43.719,43.379,31,66,14.448979,255,388416403,236,8
2026-03-28T21:58:43.721,43.381,32,66,14.938775,255,388426362,244,8
2026-03-28T21:58:43.739,43.399,33,66,15.428572,255,388436305,252,8
2026-03-28T21:58:43.741,43.401,34,66,15.918367,255,388446271,260,8
2026-03-28T21:58:43.759,43.419,35,66,16.408163,255,388456218,268,8
2026-03-28T21:58:43.761,43.421,36,66,16.897961,255,388466181,276,8
2026-03-28T21:58:43.777,43.437,37,66,17.387754,255,388476124,284,8
2026-03-28T21:58:43.779,43.439,38,66,17.877550,255,388486085,292,8
2026-03-28T21:58:43.796,43.456,39,66,18.367348,255,388496027,300,8
2026-03-28T21:58:43.798,43.458,40,66,18.918367,255,388505997,309,8
2026-03-28T21:58:43.814,43.474,41,66,19.408163,255,388515945,317,8
2026-03-28T21:58:43.831,43.491,42,66,19.897959,255,388525915,325,8
2026-03-28T21:58:43.833,43.493,43,66,20.387754,255,388535865,333,8
2026-03-28T21:58:43.849,43.509,44,66,20.877550,255,388545831,341,8
2026-03-28T21:58:43.850,43.510,45,66,21.367348,255,388555782,349,8
2026-03-28T21:58:43.868,43.528,46,66,21.857143,255,388565752,357,8
2026-03-28T21:58:43.870,43.530,47,66,22.346939,255,388575692,365,8
2026-03-28T21:58:43.889,43.549,48,67,22.897959,255,388585654,374,8
2026-03-28T21:58:43.890,43.550,49,67,23.387754,255,388595599,382,8
2026-03-28T21:58:43.909,43.569,50,67,23.877550,255,388605569,390,8
2026-03-28T21:58:43.911,43.570,51,67,24.367346,255,388615514,398,8
2026-03-28T21:58:43.929,43.589,52,67,24.857143,255,388625482,406,8
2026-03-28T21:58:43.931,43.591,53,67,25.346939,255,388635428,414,8
2026-03-28T21:58:43.946,43.606,54,67,25.836735,255,388645395,422,8
2026-03-28T21:58:43.948,43.607,55,67,26.326530,255,388655338,430,8
2026-03-28T21:58:43.967,43.626,56,67,26.816326,255,388665302,438,8
2026-03-28T21:58:43.968,43.628,57,67,27.306122,255,388675257,446,8
2026-03-28T21:58:43.985,43.645,58,67,27.795918,255,388685224,454,8
2026-03-28T21:58:43.987,43.647,59,67,28.285715,255,388695167,462,8
2026-03-28T21:58:44.004,43.664,60,68,28.775511,255,388705132,470,8
2026-03-28T21:58:44.006,43.666,61,66,29.081635,255,388715074,475,8
2026-03-28T21:58:44.023,43.683,62,66,29.265306,255,388725035,478,8
2026-03-28T21:58:44.025,43.684,63,66,29.265306,255,388734978,478,8
2026-03-28T21:58:44.041,43.701,64,66,29.265306,255,388744944,478,8
2026-03-28T21:58:44.058,43.718,65,66,29.265306,255,388754890,478,8
2026-03-28T21:58:44.060,43.720,66,66,29.265306,255,388764858,478,8
2026-03-28T21:58:44.078,43.738,67,66,29.265306,255,388774806,478,8
2026-03-28T21:58:44.080,43.740,68,66,29.265306,255,388784778,478,8
2026-03-28T21:58:44.095,43.755,69,66,29.265306,255,388794727,478,8
2026-03-28T21:58:44.097,43.757,70,65,29.265306,255,388804699,478,8
2026-03-28T21:58:44.115,43.774,71,65,29.265306,255,388814644,478,8
2026-03-28T21:58:44.116,43.776,72,65,29.142859,255,388824617,476,8
2026-03-28T21:58:44.134,43.794,73,66,29.081635,255,388834566,475,8
2026-03-28T21:58:44.136,43.796,74,66,29.020407,255,388844536,474,8
2026-03-28T21:58:44.153,43.813,75,67,28.836735,255,388854479,471,8
2026-03-28T21:58:44.155,43.815,76,67,28.653059,255,388864446,468,8
2026-03-28T21:58:44.172,43.831,77,67,28.469387,255,388874389,465,8
2026-03-28T21:58:44.173,43.833,78,67,28.285715,255,388884354,462,8
2026-03-28T21:58:44.190,43.850,79,67,28.102039,255,388894299,459,8
2026-03-28T21:58:44.192,43.852,80,67,27.918367,255,388904270,456,8
2026-03-28T21:58:44.209,43.869,81,67,27.734694,255,388914212,453,8
2026-03-28T21:58:44.228,43.888,82,67,27.489796,255,388924174,449,8
2026-03-28T21:58:44.230,43.890,83,67,27.306122,255,388934125,446,8
2026-03-28T21:58:44.246,43.906,84,67,27.061226,255,388944092,442,8
2026-03-28T21:58:44.248,43.908,85,67,26.816326,255,388954030,438,8
2026-03-28T21:58:44.266,43.926,86,67,26.571430,255,388963996,434,8
2026-03-28T21:58:44.268,43.928,87,67,26.387754,255,388973935,431,8
2026-03-28T21:58:44.285,43.945,88,67,26.142859,255,388983894,427,8
2026-03-28T21:58:44.286,43.946,89,67,25.897959,255,388993835,423,8
2026-03-28T21:58:44.306,43.966,90,67,25.653061,255,389003797,419,8
2026-03-28T21:58:44.308,43.968,91,66,25.346939,255,389013740,414,8
2026-03-28T21:58:44.325,43.985,92,66,25.102041,255,389023707,410,8
2026-03-28T21:58:44.327,43.987,93,66,24.857143,255,389033645,406,8
2026-03-28T21:58:44.344,44.004,94,66,24.612246,255,389043611,402,8
2026-03-28T21:58:44.346,44.006,95,66,24.367346,255,389053549,398,8
2026-03-28T21:58:44.363,44.023,96,66,24.061226,255,389063513,393,8
2026-03-28T21:58:44.365,44.025,97,66,23.816326,255,389073455,389,8
2026-03-28T21:58:44.382,44.042,98,66,23.510202,255,389083420,384,8
2026-03-28T21:58:44.384,44.044,99,66,23.265306,255,389093363,380,8
2026-03-28T21:58:44.402,44.061,100,66,22.959183,255,389103320,375,8
2026-03-28T21:58:44.403,44.063,101,66,22.653061,255,389113269,370,8
2026-03-28T21:58:44.423,44.083,102,66,22.408163,255,389123227,366,8
2026-03-28T21:58:44.425,44.085,103,66,22.102041,255,389133172,361,8
2026-03-28T21:58:44.443,44.103,104,66,21.795919,255,389143133,356,8
2026-03-28T21:58:44.445,44.105,105,66,21.489796,255,389153076,351,8
2026-03-28T21:58:44.463,44.123,106,66,21.183674,255,389163037,346,8
2026-03-28T21:58:44.465,44.125,107,66,20.877550,255,389172979,341,8
2026-03-28T21:58:44.483,44.143,108,66,20.571428,255,389182944,336,8
2026-03-28T21:58:44.485,44.145,109,66,20.265305,255,389192880,331,8
2026-03-28T21:58:44.504,44.164,110,66,19.959183,255,389202840,326,8
2026-03-28T21:58:44.506,44.165,111,66,19.653061,255,389212777,321,8
2026-03-28T21:58:44.522,44.182,112,66,19.346939,255,389222740,316,8
2026-03-28T21:58:44.524,44.184,113,66,18.979591,255,389232672,310,8
2026-03-28T21:58:44.539,44.199,114,66,18.673470,255,389242637,305,8
2026-03-28T21:58:44.541,44.201,115,65,18.367348,255,389252578,300,8
2026-03-28T21:58:44.558,44.218,116,65,18.000000,255,389262535,294,8
2026-03-28T21:58:44.560,44.219,117,65,17.693876,255,389272472,289,8
2026-03-28T21:58:44.577,44.237,118,65,17.326530,255,389282432,283,8
2026-03-28T21:58:44.579,44.238,119,65,17.020409,255,389292368,278,8
2026-03-28T21:58:44.596,44.256,120,65,16.653061,255,389302327,272,8
2026-03-28T21:58:44.615,44.275,121,66,16.285715,255,389312259,266,8
2026-03-28T21:58:44.616,44.276,122,66,15.979591,255,389322220,261,8
2026-03-28T21:58:44.635,44.295,123,65,15.612246,255,389332154,255,8
2026-03-28T21:58:44.637,44.297,124,65,15.244898,255,389342111,249,8
2026-03-28T21:58:44.638,44.298,125,65,14.877551,255,389352048,243,8
2026-03-28T21:58:44.656,44.316,126,65,14.510203,255,389362009,237,8
2026-03-28T21:58:44.658,44.318,127,66,14.142858,255,389371951,231,8
2026-03-28T21:58:44.675,44.335,128,66,13.836735,255,389381915,226,8
2026-03-28T21:58:44.690,44.349,129,66,13.408163,255,389391853,219,8
2026-03-28T21:58:44.691,44.351,130,66,13.040815,255,389401816,213,8
2026-03-28T21:58:44.709,44.369,131,66,12.673470,255,389411754,207,8
2026-03-28T21:58:44.711,44.371,132,66,12.306123,255,389421717,201,8
2026-03-28T21:58:44.729,44.389,133,66,11.938775,255,389431660,195,8
2026-03-28T21:58:44.731,44.391,134,66,11.510203,255,389441619,188,8
2026-03-28T21:58:44.749,44.409,135,66,11.142858,255,389451560,182,8
2026-03-28T21:58:44.751,44.411,136,66,10.775511,255,389461523,176,8
2026-03-28T21:58:44.769,44.428,137,66,10.408163,255,389471462,170,8
2026-03-28T21:58:44.770,44.430,138,66,9.979591,255,389481423,163,8
2026-03-28T21:58:44.788,44.448,139,66,9.612246,255,389491361,157,8
2026-03-28T21:58:44.790,44.450,140,66,9.183674,255,389501325,150,8
2026-03-28T21:58:44.808,44.468,141,66,8.816326,255,389511261,144,8
2026-03-28T21:58:44.810,44.470,142,66,8.387755,255,389521229,137,8
2026-03-28T21:58:44.827,44.487,143,66,7.959184,255,389531163,130,8
2026-03-28T21:58:44.829,44.489,144,66,7.591837,255,389541131,124,8
2026-03-28T21:58:44.847,44.507,145,66,7.163265,255,389551068,117,8
2026-03-28T21:58:44.849,44.509,146,66,6.734694,255,389561030,110,8
2026-03-28T21:58:44.865,44.525,147,66,6.306122,255,389570969,103,8
2026-03-28T21:58:44.867,44.527,148,66,5.877551,255,389580938,96,8
2026-03-28T21:58:44.885,44.545,149,66,5.448980,255,389590877,89,8
2026-03-28T21:58:44.887,44.547,150,66,5.020408,255,389600841,82,8
2026-03-28T21:58:44.904,44.564,151,66,4.591837,255,389610781,75,8
2026-03-28T21:58:44.906,44.566,152,66,4.163265,255,389620742,68,8
2026-03-28T21:58:44.924,44.584,153,66,3.734694,255,389630685,61,8
2026-03-28T21:58:44.926,44.586,154,66,3.306122,255,389640646,54,8
2026-03-28T21:58:44.942,44.601,155,67,2.816327,255,389650584,46,8
2026-03-28T21:58:44.957,44.617,156,67,2.387755,255,389660546,39,8
2026-03-28T21:58:44.959,44.619,157,67,1.959184,255,389670485,32,8
2026-03-28T21:58:44.976,44.636,158,67,1.469388,255,389680450,24,8
2026-03-28T21:58:44.979,44.639,159,67,1.040816,255,389690389,17,8
2026-03-28T21:58:44.997,44.657,160,67,0.551020,255,389700354,9,8
2026-03-28T21:58:44.999,44.659,161,67,0.122449,255,389710300,2,8
2026-03-28T21:58:45.018,44.678,162,67,359.632629,255,389720263,5874,8
2026-03-28T21:58:45.020,44.680,163,67,359.142853,255,389730206,5866,8
2026-03-28T21:58:45.039,44.699,164,67,358.714264,255,389740171,5859,8
2026-03-28T21:58:45.041,44.701,165,67,358.224487,255,389750113,5851,8
2026-03-28T21:58:45.056,44.716,166,67,357.734680,255,389760068,5843,8
2026-03-28T21:58:45.058,44.718,167,67,357.244904,255,389770005,5835,8
2026-03-28T21:58:45.073,44.732,168,67,356.755096,255,389779981,5827,8
2026-03-28T21:58:45.074,44.734,169,67,356.265320,255,389789917,5819,8
2026-03-28T21:58:45.092,44.752,170,68,355.775513,255,389799878,5811,8
2026-03-28T21:58:45.094,44.754,171,68,355.285706,255,389809815,5803,8
2026-03-28T21:58:45.111,44.771,172,68,354.795898,255,389819782,5795,8
2026-03-28T21:58:45.113,44.773,173,68,354.306122,255,389829720,5787,8
2026-03-28T21:58:45.128,44.788,174,68,353.816315,255,389839680,5779,8
2026-03-28T21:58:45.147,44.807,175,68,353.326538,255,389849619,5771,8
2026-03-28T21:58:45.148,44.808,176,68,352.775513,255,389859583,5762,8
2026-03-28T21:58:45.165,44.825,177,68,352.285706,255,389869522,5754,8
2026-03-28T21:58:45.167,44.826,178,68,351.795929,255,389879486,5746,8
2026-03-28T21:58:45.184,44.844,179,69,351.244904,255,389889421,5737,8
2026-03-28T21:58:45.185,44.845,180,69,350.755127,255,389899388,5729,8
2026-03-28T21:58:45.202,44.862,181,69,350.204071,255,389909327,5720,8
2026-03-28T21:58:45.204,44.864,182,69,349.714294,255,389919288,5712,8
2026-03-28T21:58:45.222,44.882,183,69,349.163269,255,389929228,5703,8
2026-03-28T21:58:45.224,44.884,184,69,348.612244,255,389939194,5694,8
2026-03-28T21:58:45.242,44.902,185,69,348.122437,255,389949134,5686,8
2026-03-28T21:58:45.244,44.904,186,69,347.571442,255,389959095,5677,8
2026-03-28T21:58:45.262,44.922,187,70,347.020416,255,389969035,5668,8
2026-03-28T21:58:45.264,44.924,188,70,346.469391,255,389978996,5659,8
2026-03-28T21:58:45.281,44.941,189,70,345.918365,255,389988934,5650,8
2026-03-28T21:58:45.283,44.942,190,70,345.367340,255,389998896,5641,8
2026-03-28T21:58:45.298,44.958,191,70,344.816345,255,390008838,5632,8
2026-03-28T21:58:45.315,44.975,192,70,344.265289,255,390018799,5623,8
2026-03-28T21:58:45.317,44.977,193,70,343.714294,255,390028731,5614,8
2026-03-28T21:58:45.337,44.997,194,70,343.163269,255,390038691,5605,8
2026-03-28T21:58:45.339,44.999,195,70,342.612244,255,390048627,5596,8
2026-03-28T21:58:45.358,45.017,196,70,342.000000,255,390058591,5586,8
2026-03-28T21:58:45.359,45.019,197,70,341.448975,255,390068526,5577,8
2026-03-28T21:58:45.361,45.021,198,70,340.897949,255,390078495,5568,8
2026-03-28T21:58:45.377,45.037,199,70,340.346954,255,390088431,5559,8
2026-03-28T21:58:45.393,45.053,200,71,339.795929,255,390098387,5550,8
2026-03-28T21:58:45.394,45.054,201,71,339.183685,255,390108318,5540,8
2026-03-28T21:58:45.411,45.071,202,71,338.632629,255,390118273,5531,8
2026-03-28T21:58:45.413,45.073,203,69,338.081635,255,390128205,5522,8
2026-03-28T21:58:45.431,45.091,204,69,337.530609,255,390138162,5513,8
2026-03-28T21:58:45.433,45.093,205,68,336.979584,255,390148092,5504,8
2026-03-28T21:58:45.451,45.111,206,68,336.367371,255,390158046,5494,8
2026-03-28T21:58:45.453,45.113,207,68,335.816315,255,390167992,5485,8
2026-03-28T21:58:45.472,45.132,208,66,335.265320,255,390177950,5476,8
2026-03-28T21:58:45.474,45.133,209,65,334.714294,255,390187887,5467,8
2026-03-28T21:58:45.489,45.149,210,64,334.163269,255,390197850,5458,8
2026-03-28T21:58:45.490,45.150,211,63,333.551025,255,390207787,5448,8
2026-03-28T21:58:45.505,45.165,212,61,333.000000,255,390217749,5439,8
2026-03-28T21:58:45.522,45.182,213,61,332.448975,255,390227684,5430,8
2026-03-28T21:58:45.524,45.183,214,63,331.897949,255,390237638,5421,8
2026-03-28T21:58:45.542,45.202,215,62,331.346954,255,390247579,5412,8
2026-03-28T21:58:45.544,45.203,216,62,330.795929,255,390257541,5403,8
2026-03-28T21:58:45.560,45.220,217,62,330.244904,255,390267471,5394,8
2026-03-28T21:58:45.562,45.222,218,61,329.693878,255,390277429,5385,8
2026-03-28T21:58:45.579,45.239,219,60,329.142853,255,390287365,5376,8
2026-03-28T21:58:45.581,45.241,220,59,328.591858,255,390297325,5367,8
2026-03-28T21:58:45.598,45.258,221,58,328.040802,255,390307262,5358,8
2026-03-28T21:58:45.600,45.260,222,58,327.489807,255,390317224,5349,8
2026-03-28T21:58:45.617,45.277,223,58,326.938782,255,390327161,5340,8
2026-03-28T21:58:45.619,45.279,224,58,326.387756,255,390337121,5331,8
2026-03-28T21:58:45.636,45.296,225,58,325.836731,255,390347068,5322,8
2026-03-28T21:58:45.638,45.298,226,58,325.224487,255,390357030,5312,8
2026-03-28T21:58:45.653,45.313,227,57,324.673462,255,390366970,5303,8
2026-03-28T21:58:45.673,45.332,228,57,324.122437,255,390376935,5294,8
2026-03-28T21:58:45.674,45.334,229,57,323.571442,255,390386866,5285,8
2026-03-28T21:58:45.692,45.351,230,57,323.020416,255,390396834,5276,8
2026-03-28T21:58:45.693,45.353,231,56,322.469391,255,390406774,5267,8
2026-03-28T21:58:45.711,45.371,232,56,321.918365,255,390416736,5258,8
2026-03-28T21:58:45.713,45.373,233,56,321.367340,255,390426670,5249,8
2026-03-28T21:58:45.730,45.390,234,56,320.816315,255,390436633,5240,8
2026-03-28T21:58:45.732,45.392,235,56,320.204102,255,390446570,5230,8
2026-03-28T21:58:45.750,45.410,236,56,319.653046,255,390456524,5221,8
2026-03-28T21:58:45.753,45.413,237,56,319.102051,255,390466459,5212,8
2026-03-28T21:58:45.767,45.427,238,55,318.551025,255,390476426,5203,8
2026-03-28T21:58:45.768,45.428,239,55,318.000000,255,390486361,5194,8
2026-03-28T21:58:45.785,45.445,240,55,317.448975,255,390496328,5185,8
2026-03-28T21:58:45.787,45.447,241,55,316.897949,255,390506253,5176,8
2026-03-28T21:58:45.806,45.466,242,54,316.346954,255,390516219,5167,8
2026-03-28T21:58:45.807,45.467,243,54,315.795898,255,390526157,5158,8
2026-03-28T21:58:45.826,45.486,244,54,315.244904,255,390536119,5149,8
2026-03-28T21:58:45.827,45.487,245,54,314.693878,255,390546051,5140,8
2026-03-28T21:58:45.844,45.504,246,54,314.142853,255,390556009,5131,8
2026-03-28T21:58:45.846,45.506,247,53,313.591827,255,390565955,5122,8
2026-03-28T21:58:45.865,45.525,248,53,313.040802,255,390575920,5113,8
2026-03-28T21:58:45.867,45.527,249,53,312.489807,255,390585857,5104,8
2026-03-28T21:58:45.884,45.544,250,53,311.877533,255,390595817,5094,8
2026-03-28T21:58:45.886,45.546,251,53,311.387756,255,390605752,5086,8
2026-03-28T21:58:45.902,45.562,252,52,310.775513,255,390615715,5076,8
2026-03-28T21:58:45.919,45.578,253,52,310.285706,255,390625656,5068,8
2026-03-28T21:58:45.920,45.580,254,52,309.673462,255,390635617,5058,8
2026-03-28T21:58:45.937,45.597,255,52,309.183685,255,390645554,5050,8
2026-03-28T21:58:45.939,45.598,0,52,308.571442,255,390655522,5040,8
2026-03-28T21:58:45.957,45.617,1,52,308.020386,255,390665462,5031,8
2026-03-28T21:58:45.958,45.618,2,51,307.469391,255,390675427,5022,8
2026-03-28T21:58:45.977,45.637,3,51,306.979584,255,390685368,5014,8
2026-03-28T21:58:45.978,45.638,4,51,306.367340,255,390695327,5004,8
2026-03-28T21:58:45.998,45.658,5,51,305.816345,255,390705266,4995,8
2026-03-28T21:58:46.000,45.660,6,51,305.265289,255,390715235,4986,8
2026-03-28T21:58:46.017,45.676,7,50,304.714294,255,390725172,4977,8
2026-03-28T21:58:46.018,45.678,8,50,304.163269,255,390735143,4968,8
2026-03-28T21:58:46.035,45.695,9,50,303.612244,255,390745088,4959,8
2026-03-28T21:58:46.037,45.697,10,50,303.061218,255,390755048,4950,8
2026-03-28T21:58:46.053,45.713,11,50,302.510193,255,390764990,4941,8
2026-03-28T21:58:46.055,45.715,12,49,301.959198,255,390774956,4932,8
2026-03-28T21:58:46.073,45.732,13,49,301.408142,255,390784898,4923,8
2026-03-28T21:58:46.075,45.735,14,49,300.857147,255,390794863,4914,8
2026-03-28T21:58:46.092,45.752,15,49,300.306122,255,390804801,4905,8
2026-03-28T21:58:46.094,45.754,16,49,299.755096,255,390814763,4896,8
2026-03-28T21:58:46.110,45.770,17,49,299.204071,255,390824701,4887,8
2026-03-28T21:58:46.129,45.788,18,48,298.653046,255,390834660,4878,8
2026-03-28T21:58:46.130,45.790,19,48,298.040833,255,390844594,4868,8
2026-03-28T21:58:46.147,45.807,20,48,297.489777,255,390854551,4859,8
2026-03-28T21:58:46.148,45.808,21,48,296.938782,255,390864492,4850,8
2026-03-28T21:58:46.166,45.825,22,49,296.387756,255,390874453,4841,8
2026-03-28T21:58:46.167,45.827,23,48,295.836731,255,390884385,4832,8
2026-03-28T21:58:46.185,45.845,24,48,295.285706,255,390894354,4823,8
2026-03-28T21:58:46.187,45.847,25,48,294.734680,255,390904293,4814,8
2026-03-28T21:58:46.205,45.865,26,48,294.183685,255,390914262,4805,8
2026-03-28T21:58:46.206,45.866,27,48,293.632629,255,390924202,4796,8
2026-03-28T21:58:46.222,45.881,28,50,293.081635,255,390934168,4787,8
2026-03-28T21:58:46.223,45.883,29,51,292.530609,255,390944106,4778,8
2026-03-28T21:58:46.241,45.901,30,52,291.979584,255,390954068,4769,8
2026-03-28T21:58:46.243,45.903,31,53,291.428589,255,390964011,4760,8
2026-03-28T21:58:46.261,45.921,32,58,290.877533,255,390973978,4751,8
2026-03-28T21:58:46.262,45.922,33,69,290.326538,255,390983916,4742,8
2026-03-28T21:58:46.278,45.938,34,82,289.775513,255,390993882,4733,8
2026-03-28T21:58:46.300,45.960,35,93,289.224487,255,391003820,4724,8
2026-03-28T21:58:46.302,45.962,36,98,288.612244,255,391013783,4714,8
2026-03-28T21:58:46.304,45.964,37,96,288.122437,255,391023720,4706,8
2026-03-28T21:58:46.319,45.979,38,93,287.510223,255,391033685,4696,8
2026-03-28T21:58:46.335,45.995,39,92,287.020416,255,391043622,4688,8
2026-03-28T21:58:46.337,45.997,40,98,286.408173,255,391053583,4678,8
2026-03-28T21:58:46.353,46.013,41,103,285.918365,255,391063495,4670,8
2026-03-28T21:58:46.355,46.015,42,104,285.306122,255,391073452,4660,8
2026-03-28T21:58:46.373,46.032,43,100,284.816315,255,391083388,4652,8
2026-03-28T21:58:46.374,46.034,44,95,284.204071,255,391093370,4642,8
2026-03-28T21:58:46.389,46.049,45,90,283.714294,255,391103308,4634,8
2026-03-28T21:58:46.391,46.051,46,89,283.102020,255,391113269,4624,8
2026-03-28T21:58:46.407,46.067,47,88,282.612244,255,391123205,4616,8
2026-03-28T21:58:46.426,46.086,48,86,282.061218,255,391133164,4607,8
2026-03-28T21:58:46.427,46.087,49,81,281.510193,255,391143104,4598,8
2026-03-28T21:58:46.442,46.102,50,80,280.959198,255,391153064,4589,8
2026-03-28T21:58:46.444,46.104,51,80,280.408173,255,391163006,4580,8
2026-03-28T21:58:46.461,46.120,52,82,279.857147,255,391172978,4571,8
2026-03-28T21:58:46.463,46.123,53,85,279.306122,255,391182908,4562,8
2026-03-28T21:58:46.479,46.139,54,89,278.755096,255,391192878,4553,8
2026-03-28T21:58:46.481,46.141,55,98,278.204071,255,391202812,4544,8
2026-03-28T21:58:46.498,46.158,56,102,277.653076,255,391212764,4535,8
2026-03-28T21:58:46.500,46.160,57,103,277.102051,255,391222702,4526,8
2026-03-28T21:58:46.518,46.178,58,104,276.551025,255,391232666,4517,8
2026-03-28T21:58:46.520,46.180,59,104,276.000000,255,391242603,4508,8
2026-03-28T21:58:46.536,46.196,60,106,275.448975,255,391252572,4499,8
2026-03-28T21:58:46.555,46.215,61,112,274.897949,255,391262508,4490,8
2026-03-28T21:58:46.557,46.216,62,115,274.408142,255,391272469,4482,8
2026-03-28T21:58:46.575,46.235,63,117,273.857147,255,391282404,4473,8
2026-03-28T21:58:46.576,46.236,64,116,273.306122,255,391292367,4464,8
2026-03-28T21:58:46.596,46.255,65,114,272.755096,255,391302306,4455,8
2026-03-28T21:58:46.597,46.257,66,113,272.204102,255,391312267,4446,8
2026-03-28T21:58:46.598,46.258,67,112,271.714294,255,391322205,4438,8
2026-03-28T21:58:46.616,46.276,68,111,271.163269,255,391332165,4429,8
2026-03-28T21:58:46.635,46.295,69,111,270.612244,255,391342102,4420,8
2026-03-28T21:58:46.637,46.297,70,107,270.122467,255,391352065,4412,8
2026-03-28T21:58:46.638,46.298,71,94,269.571411,255,391362016,4403,8
2026-03-28T21:58:46.655,46.315,72,74,269.020416,255,391371981,4394,8
2026-03-28T21:58:46.674,46.333,73,60,268.530609,255,391381917,4386,8
2026-03-28T21:58:46.675,46.335,74,54,267.979584,255,391391881,4377,8
2026-03-28T21:58:46.695,46.355,75,54,267.428589,255,391401822,4368,8
2026-03-28T21:58:46.696,46.356,76,54,266.877533,255,391411787,4359,8
2026-03-28T21:58:46.698,46.358,77,54,266.387756,255,391421723,4351,8
2026-03-28T21:58:46.715,46.375,78,54,265.836731,255,391431679,4342,8
2026-03-28T21:58:46.717,46.377,79,54,265.285706,255,391441616,4333,8
2026-03-28T21:58:46.735,46.395,80,54,264.734680,255,391451578,4324,8
2026-03-28T21:58:46.737,46.397,81,54,264.244904,255,391461510,4316,8
2026-03-28T21:58:46.755,46.415,82,54,263.693878,255,391471464,4307,8
2026-03-28T21:58:46.757,46.417,83,54,263.142853,255,391481401,4298,8
2026-03-28T21:58:46.776,46.436,84,54,262.591858,255,391491361,4289,8
2026-03-28T21:58:46.778,46.438,85,54,262.040802,255,391501291,4280,8
2026-03-28T21:58:46.794,46.454,86,54,261.551025,255,391511248,4272,8
2026-03-28T21:58:46.812,46.472,87,53,261.000000,255,391521185,4263,8
2026-03-28T21:58:46.814,46.474,88,53,260.448975,255,391531142,4254,8
2026-03-28T21:58:46.832,46.492,89,53,259.897949,255,391541082,4245,8
2026-03-28T21:58:46.834,46.494,90,53,259.346924,255,391551041,4236,8
2026-03-28T21:58:46.852,46.511,91,53,258.857147,255,391560980,4228,8
2026-03-28T21:58:46.853,46.513,92,53,258.306122,255,391570937,4219,8
2026-03-28T21:58:46.869,46.529,93,54,257.755096,255,391580867,4210,8
2026-03-28T21:58:46.871,46.531,94,54,257.204071,255,391590823,4201,8
2026-03-28T21:58:46.890,46.549,95,54,256.653076,255,391600768,4192,8
2026-03-28T21:58:46.891,46.551,96,54,256.163269,255,391610723,4184,8
2026-03-28T21:58:46.910,46.570,97,54,255.612244,255,391620663,4175,8
2026-03-28T21:58:46.912,46.571,98,54,255.061234,255,391630623,4166,8
2026-03-28T21:58:46.931,46.591,99,55,254.510193,255,391640562,4157,8
2026-03-28T21:58:46.933,46.593,100,55,253.959183,255,391650526,4148,8
2026-03-28T21:58:46.935,46.595,101,56,253.408157,255,391660460,4139,8
2026-03-28T21:58:46.950,46.610,102,56,252.918365,255,391670419,4131,8
2026-03-28T21:58:46.967,46.627,103,57,252.367355,255,391680357,4122,8
2026-03-28T21:58:46.969,46.628,104,58,251.816315,255,391690311,4113,8
2026-03-28T21:58:46.987,46.647,105,59,251.265305,255,391700252,4104,8
2026-03-28T21:58:46.988,46.648,106,61,250.714294,255,391710213,4095,8
2026-03-28T21:58:47.007,46.666,107,62,250.224487,255,391720151,4087,8
2026-03-28T21:58:47.008,46.668,108,62,249.673462,255,391730116,4078,8
2026-03-28T21:58:47.025,46.685,109,60,249.122452,255,391740055,4069,8
2026-03-28T21:58:47.026,46.686,110,59,248.571426,255,391750015,4060,8
2026-03-28T21:58:47.042,46.702,111,59,248.020416,255,391759949,4051,8
2026-03-28T21:58:47.044,46.704,112,58,247.530624,255,391769912,4043,8
2026-03-28T21:58:47.061,46.721,113,58,246.979584,255,391779854,4034,8
2026-03-28T21:58:47.063,46.723,114,58,246.428574,255,391789816,4025,8
2026-03-28T21:58:47.081,46.741,115,58,245.877548,255,391799755,4016,8
2026-03-28T21:58:47.083,46.743,116,58,245.387756,255,391809725,4008,8
2026-03-28T21:58:47.101,46.761,117,59,244.836731,255,391819663,3999,8
2026-03-28T21:58:47.103,46.763,118,59,244.285706,255,391829625,3990,8
2026-03-28T21:58:47.121,46.781,119,59,243.734695,255,391839568,3981,8
2026-03-28T21:58:47.123,46.783,120,59,243.183685,255,391849533,3972,8
2026-03-28T21:58:47.142,46.802,121,59,242.693863,255,391859471,3964,8
2026-03-28T21:58:47.144,46.804,122,59,242.142853,255,391869447,3955,8
2026-03-28T21:58:47.161,46.821,123,59,241.591843,255,391879391,3946,8
2026-03-28T21:58:47.164,46.824,124,59,241.040817,255,391889350,3937,8
2026-03-28T21:58:47.180,46.840,125,59,240.551025,255,391899295,3929,8
2026-03-28T21:58:47.198,46.858,126,58,240.000000,255,391909258,3920,8
2026-03-28T21:58:47.200,46.860,127,58,239.448975,255,391919204,3911,8
2026-03-28T21:58:47.219,46.878,128,58,238.897964,255,391929170,3902,8
2026-03-28T21:58:47.220,46.880,129,58,238.408173,255,391939109,3894,8
2026-03-28T21:58:47.222,46.882,130,58,237.857132,255,391949076,3885,8
2026-03-28T21:58:47.238,46.898,131,57,237.306122,255,391959025,3876,8
2026-03-28T21:58:47.256,46.916,132,57,236.816330,255,391968988,3868,8
2026-03-28T21:58:47.257,46.917,133,56,236.265305,255,391978933,3859,8
2026-03-28T21:58:47.275,46.935,134,55,235.714294,255,391988900,3850,8
2026-03-28T21:58:47.277,46.937,135,54,235.224487,255,391998839,3842,8
2026-03-28T21:58:47.294,46.954,136,54,234.673462,255,392008801,3833,8
2026-03-28T21:58:47.296,46.956,137,54,234.122452,255,392018737,3824,8
2026-03-28T21:58:47.313,46.973,138,54,233.571442,255,392028703,3815,8
2026-03-28T21:58:47.315,46.975,139,54,233.020401,255,392038650,3806,8
2026-03-28T21:58:47.332,46.992,140,54,232.530609,255,392048614,3798,8
2026-03-28T21:58:47.334,46.994,141,54,231.979599,255,392058552,3789,8
2026-03-28T21:58:47.351,47.011,142,54,231.428574,255,392068517,3780,8
2026-03-28T21:58:47.354,47.014,143,54,230.877563,255,392078457,3771,8
2026-03-28T21:58:47.371,47.031,144,54,230.387756,255,392088425,3763,8
2026-03-28T21:58:47.372,47.032,145,54,229.836731,255,392098364,3754,8
2026-03-28T21:58:47.390,47.050,146,54,229.285721,255,392108326,3745,8
2026-03-28T21:58:47.391,47.051,147,54,228.734680,255,392118268,3736,8
2026-03-28T21:58:47.411,47.071,148,55,228.244888,255,392128226,3728,8
2026-03-28T21:58:47.413,47.073,149,55,227.693878,255,392138170,3719,8
2026-03-28T21:58:47.430,47.090,150,55,227.142853,255,392148131,3710,8
2026-03-28T21:58:47.432,47.092,151,55,226.653061,255,392158070,3702,8
2026-03-28T21:58:47.450,47.110,152,55,226.102051,255,392168038,3693,8
2026-03-28T21:58:47.453,47.113,153,55,225.551010,255,392177980,3684,8
2026-03-28T21:58:47.470,47.130,154,55,225.000000,255,392187946,3675,8
2026-03-28T21:58:47.471,47.131,155,54,224.448990,255,392197883,3666,8
2026-03-28T21:58:47.491,47.151,156,53,223.897949,255,392207851,3657,8
2026-03-28T21:58:47.493,47.153,157,52,223.408157,255,392217790,3649,8
2026-03-28T21:58:47.510,47.170,158,52,222.857147,255,392227763,3640,8
2026-03-28T21:58:47.511,47.171,159,52,222.306122,255,392237702,3631,8
2026-03-28T21:58:47.528,47.188,160,52,221.755112,255,392247674,3622,8
2026-03-28T21:58:47.529,47.189,161,52,221.265320,255,392257616,3614,8
2026-03-28T21:58:47.545,47.205,162,52,220.714279,255,392267583,3605,8
2026-03-28T21:58:47.564,47.224,163,52,220.163269,255,392277526,3596,8
2026-03-28T21:58:47.566,47.226,164,52,219.612244,255,392287493,3587,8
2026-03-28T21:58:47.584,47.244,165,52,219.122437,255,392297437,3579,8
2026-03-28T21:58:47.585,47.245,166,52,218.571426,255,392307405,3570,8
2026-03-28T21:58:47.604,47.264,167,52,218.020401,255,392317351,3561,8
2026-03-28T21:58:47.607,47.267,168,52,217.469391,255,392327325,3552,8
2026-03-28T21:58:47.608,47.268,169,52,216.979599,255,392337275,3544,8
2026-03-28T21:58:47.626,47.286,170,52,216.428558,255,392347245,3535,8
2026-03-28T21:58:47.628,47.287,171,52,215.877548,255,392357193,3526,8
2026-03-28T21:58:47.646,47.306,172,52,215.326538,255,392367165,3517,8
2026-03-28T21:58:47.648,47.308,173,52,214.775513,255,392377114,3508,8
2026-03-28T21:58:47.665,47.325,174,52,214.285706,255,392387085,3500,8
2026-03-28T21:58:47.684,47.344,175,52,213.734695,255,392397026,3491,8
2026-03-28T21:58:47.686,47.346,176,53,213.183670,255,392406998,3482,8
2026-03-28T21:58:47.687,47.347,177,53,212.693878,255,392416941,3474,8
2026-03-28T21:58:47.705,47.365,178,53,212.142868,255,392426909,3465,8
2026-03-28T21:58:47.707,47.367,179,54,211.591827,255,392436851,3456,8
2026-03-28T21:58:47.725,47.385,180,54,211.040817,255,392446815,3447,8
2026-03-28T21:58:47.727,47.387,181,54,210.551025,255,392456757,3439,8
2026-03-28T21:58:47.747,47.407,182,55,210.000000,255,392466724,3430,8
2026-03-28T21:58:47.749,47.409,183,55,209.448975,255,392476663,3421,8
2026-03-28T21:58:47.767,47.427,184,56,208.897964,255,392486628,3412,8
2026-03-28T21:58:47.769,47.429,185,56,208.408157,255,392496567,3404,8
2026-03-28T21:58:47.786,47.446,186,57,207.857147,255,392506537,3395,8
2026-03-28T21:58:47.788,47.448,187,57,207.306137,255,392516477,3386,8
2026-03-28T21:58:47.805,47.465,188,58,206.755096,255,392526440,3377,8
2026-03-28T21:58:47.807,47.467,189,59,206.204086,255,392536380,3368,8
2026-03-28T21:58:47.827,47.487,190,61,205.714294,255,392546346,3360,8
2026-03-28T21:58:47.828,47.488,191,68,205.163269,255,392556279,3351,8
2026-03-28T21:58:47.846,47.506,192,79,204.612244,255,392566249,3342,8
2026-03-28T21:58:47.848,47.508,193,100,204.122452,255,392576162,3334,8
2026-03-28T21:58:47.868,47.528,194,130,203.571426,255,392586130,3325,8
2026-03-28T21:58:47.869,47.529,195,171,203.020416,255,392596065,3316,8
2026-03-28T21:58:47.888,47.548,196,177,202.530624,255,392606024,3308,8
2026-03-28T21:58:47.889,47.549,197,179,201.979584,255,392615958,3299,8
2026-03-28T21:58:47.907,47.566,198,180,201.428574,255,392625921,3290,8
2026-03-28T21:58:47.908,47.568,199,180,200.938782,255,392635854,3282,8
2026-03-28T21:58:47.926,47.586,200,178,200.387756,255,392645817,3273,8
2026-03-28T21:58:47.927,47.587,201,176,199.897949,255,392655750,3265,8
2026-03-28T21:58:47.943,47.603,202,173,199.346939,255,392665712,3256,8
2026-03-28T21:58:47.944,47.604,203,167,198.857147,255,392675646,3248,8
2026-03-28T21:58:47.961,47.621,204,154,198.306122,255,392685606,3239,8
2026-03-28T21:58:47.976,47.636,205,119,197.816330,255,392695540,3231,8
2026-03-28T21:58:47.978,47.638,206,75,197.265320,255,392705520,3222,8
2026-03-28T21:58:47.994,47.654,207,60,196.775497,255,392715454,3214,8
2026-03-28T21:58:47.995,47.655,208,56,196.224487,255,392725425,3205,8
2026-03-28T21:58:48.010,47.669,209,55,195.673477,255,392735368,3196,8
2026-03-28T21:58:48.026,47.686,210,54,195.183670,255,392745328,3188,8
2026-03-28T21:58:48.028,47.687,211,54,194.632645,255,392755267,3179,8
2026-03-28T21:58:48.043,47.703,212,55,194.081635,255,392765241,3170,8
2026-03-28T21:58:48.045,47.705,213,56,193.591843,255,392775185,3162,8
2026-03-28T21:58:48.058,47.718,214,57,193.040817,255,392785154,3153,8
2026-03-28T21:58:48.072,47.732,215,57,192.489807,255,392795095,3144,8
2026-03-28T21:58:48.074,47.734,216,62,191.938766,255,392805062,3135,8
2026-03-28T21:58:48.087,47.747,217,102,191.387756,255,392814991,3126,8
2026-03-28T21:58:48.101,47.761,218,203,190.836731,255,392824959,3117,8
2026-03-28T21:58:48.103,47.763,219,215,190.285721,255,392834901,3108,8
2026-03-28T21:58:48.120,47.780,220,204,189.734695,255,392844866,3099,8
2026-03-28T21:58:48.137,47.797,221,194,189.183670,255,392854806,3090,8
2026-03-28T21:58:48.139,47.799,222,193,188.632660,255,392864770,3081,8
2026-03-28T21:58:48.156,47.816,223,193,188.081619,255,392874713,3072,8
2026-03-28T21:58:48.158,47.817,224,192,187.530609,255,392884679,3063,8
2026-03-28T21:58:48.172,47.832,225,192,186.979599,255,392894619,3054,8
2026-03-28T21:58:48.174,47.834,226,189,186.428574,255,392904584,3045,8
2026-03-28T21:58:48.190,47.850,227,181,185.877563,255,392915521,3036,8
2026-03-28T21:58:48.192,47.852,228,159,185.326523,255,392924488,3027,8
2026-03-28T21:58:48.208,47.868,229,147,184.775513,255,392934424,3018,8
2026-03-28T21:58:48.226,47.886,230,152,184.163254,255,392944387,3008,8
2026-03-28T21:58:48.228,47.888,231,155,183.612244,255,392954326,2999,8
2026-03-28T21:58:48.246,47.906,232,151,183.061218,255,392964287,2990,8
2026-03-28T21:58:48.248,47.908,233,140,182.510208,255,392974213,2981,8
2026-03-28T21:58:48.265,47.925,234,124,181.959198,255,392984172,2972,8
2026-03-28T21:58:48.266,47.926,235,94,181.469376,255,392994130,2964,8
2026-03-28T21:58:48.275,47.935,236,76,180.918365,255,393004091,2955,8
2026-03-28T21:58:48.293,47.953,237,69,180.367355,255,393014028,2946,8
2026-03-28T21:58:48.294,47.954,238,66,179.816315,255,393023988,2937,8
2026-03-28T21:58:48.310,47.970,239,65,179.265305,255,393033925,2928,8
2026-03-28T21:58:48.312,47.972,240,66,178.714294,255,393043887,2919,8
2026-03-28T21:58:48.326,47.986,241,66,178.163269,255,393053815,2910,8
2026-03-28T21:58:48.343,48.003,242,64,177.489792,255,393065753,2899,8
2026-03-28T21:58:48.345,48.004,243,63,176.816330,255,393077688,2888,8
2026-03-28T21:58:48.363,48.023,244,65,176.326538,255,393087648,2880,8
2026-03-28T21:58:48.365,48.024,245,68,175.714279,255,393097583,2870,8
2026-03-28T21:58:48.382,48.042,246,75,175.224487,255,393107544,2862,8
2026-03-28T21:58:48.400,48.060,247,93,174.673462,255,393117473,2853,8
2026-03-28T21:58:48.402,48.062,248,137,174.122452,255,393127427,2844,8
2026-03-28T21:58:48.418,48.078,249,215,173.571426,255,393137360,2835,8
2026-03-28T21:58:48.420,48.080,250,241,173.020416,255,393147311,2826,8
2026-03-28T21:58:48.440,48.100,251,245,172.469391,255,393157251,2817,8
2026-03-28T21:58:48.442,48.102,252,246,171.918365,255,393167201,2808,8
2026-03-28T21:58:48.463,48.123,253,247,171.428574,255,393177141,2800,8
2026-03-28T21:58:48.465,48.125,254,247,170.877548,255,393187091,2791,8
2026-03-28T21:58:48.466,48.126,255,248,170.326523,255,393197029,2782,8
2026-03-28T21:58:48.486,48.146,0,249,169.775513,255,393206983,2773,8
2026-03-28T21:58:48.488,48.148,1,249,169.224487,255,393216923,2764,8
2026-03-28T21:58:48.507,48.167,2,250,168.673477,255,393226873,2755,8
2026-03-28T21:58:48.508,48.168,3,250,168.122452,255,393236814,2746,8
2026-03-28T21:58:48.525,48.185,4,251,167.632660,255,393246757,2738,8
2026-03-28T21:58:48.526,48.186,5,251,167.081635,255,393256697,2729,8
2026-03-28T21:58:48.548,48.207,6,251,166.530609,255,393266645,2720,8
2026-03-28T21:58:48.549,48.209,7,249,165.979584,255,393276587,2711,8
2026-03-28T21:58:48.570,48.230,8,242,165.428574,255,393286549,2702,8
2026-03-28T21:58:48.572,48.231,9,206,164.938782,255,393296473,2694,8
2026-03-28T21:58:48.573,48.233,10,102,164.387756,255,393306433,2685,8
2026-03-28T21:58:48.592,48.252,11,78,163.836731,255,393316394,2676,8
2026-03-28T21:58:48.594,48.254,12,70,163.285721,255,393326360,2667,8
2026-03-28T21:58:48.614,48.274,13,60,162.734695,255,393336298,2658,8
2026-03-28T21:58:48.616,48.276,14,53,162.183670,255,393346268,2649,8
2026-03-28T21:58:48.636,48.296,15,52,161.632645,255,393356354,2640,8
2026-03-28T21:58:48.638,48.298,16,51,161.081635,255,393366170,2631,8
2026-03-28T21:58:48.654,48.314,17,51,160.530624,255,393376104,2622,8
2026-03-28T21:58:48.656,48.316,18,51,159.979599,255,393386077,2613,8
2026-03-28T21:58:48.676,48.336,19,51,159.428574,255,393396019,2604,8
2026-03-28T21:58:48.677,48.337,20,50,158.877548,255,393405983,2595,8
2026-03-28T21:58:48.697,48.357,21,49,158.326523,255,393415917,2586,8
2026-03-28T21:58:48.699,48.359,22,49,157.775513,255,393425875,2577,8
2026-03-28T21:58:48.715,48.375,23,48,157.224487,255,393435806,2568,8
2026-03-28T21:58:48.717,48.377,24,48,156.673477,255,393445765,2559,8
2026-03-28T21:58:48.736,48.396,25,47,156.122452,255,393455703,2550,8
2026-03-28T21:58:48.737,48.397,26,47,155.571426,255,393465664,2541,8
2026-03-28T21:58:48.757,48.417,27,47,155.020401,255,393475602,2532,8
2026-03-28T21:58:48.759,48.419,28,47,154.530609,255,393485563,2524,8
2026-03-28T21:58:48.760,48.420,29,47,153.918365,255,393495499,2514,8
2026-03-28T21:58:48.778,48.438,30,48,153.428574,255,393505463,2506,8
2026-03-28T21:58:48.795,48.455,31,48,152.877563,255,393515400,2497,8
2026-03-28T21:58:48.797,48.457,32,48,152.326538,255,393525364,2488,8
2026-03-28T21:58:48.816,48.476,33,48,151.775513,255,393535302,2479,8
2026-03-28T21:58:48.818,48.478,34,48,151.224487,255,393545256,2470,8
2026-03-28T21:58:48.820,48.480,35,48,150.673462,255,393555198,2461,8
2026-03-28T21:58:48.837,48.497,36,49,150.122452,255,393565155,2452,8
2026-03-28T21:58:48.855,48.515,37,49,149.571426,255,393575092,2443,8
2026-03-28T21:58:48.857,48.516,38,49,149.020416,255,393585053,2434,8
2026-03-28T21:58:48.877,48.537,39,50,148.469391,255,393594988,2425,8
2026-03-28T21:58:48.879,48.539,40,50,147.918365,255,393604950,2416,8
2026-03-28T21:58:48.880,48.540,41,50,147.428574,255,393614885,2408,8
2026-03-28T21:58:48.898,48.557,42,50,146.877548,255,393624847,2399,8
2026-03-28T21:58:48.899,48.559,43,51,146.326523,255,393634780,2390,8
2026-03-28T21:58:48.916,48.576,44,51,145.775513,255,393644742,2381,8
2026-03-28T21:58:48.935,48.595,45,51,145.224487,255,393654674,2372,8
2026-03-28T21:58:48.937,48.596,46,51,144.734695,255,393664627,2364,8
2026-03-28T21:58:48.953,48.613,47,52,144.183670,255,393674570,2355,8
2026-03-28T21:58:48.954,48.614,48,52,143.632660,255,393684533,2346,8
2026-03-28T21:58:48.973,48.633,49,52,143.142853,255,393694471,2338,8
2026-03-28T21:58:48.975,48.635,50,53,142.591827,255,393704429,2329,8
2026-03-28T21:58:48.993,48.653,51,53,142.040817,255,393714368,2320,8
2026-03-28T21:58:48.994,48.654,52,53,141.489792,255,393724332,2311,8
2026-03-28T21:58:49.011,48.670,53,53,141.000000,255,393734269,2303,8
2026-03-28T21:58:49.012,48.672,54,54,140.448990,255,393744222,2294,8
2026-03-28T21:58:49.029,48.689,55,54,139.897964,255,393754168,2285,8
2026-03-28T21:58:49.031,48.691,56,54,139.346939,255,393764130,2276,8
2026-03-28T21:58:49.048,48.708,57,54,138.857147,255,393774064,2268,8
2026-03-28T21:58:49.049,48.709,58,54,138.306122,255,393784026,2259,8
2026-03-28T21:58:49.068,48.728,59,53,137.816330,255,393793960,2251,8
2026-03-28T21:58:49.070,48.730,60,53,137.265305,255,393803921,2242,8
2026-03-28T21:58:49.087,48.747,61,53,136.714279,255,393813854,2233,8
2026-03-28T21:58:49.088,48.748,62,52,136.224487,255,393823804,2225,8
2026-03-28T21:58:49.104,48.764,63,52,135.673477,255,393833739,2216,8
2026-03-28T21:58:49.122,48.782,64,52,135.183685,255,393843702,2208,8
2026-03-28T21:58:49.124,48.784,65,51,134.632660,255,393853633,2199,8
2026-03-28T21:58:49.140,48.800,66,51,134.081635,255,393863597,2190,8
2026-03-28T21:58:49.142,48.802,67,51,133.591843,255,393873534,2182,8
2026-03-28T21:58:49.159,48.819,68,51,133.040817,255,393883495,2173,8
2026-03-28T21:58:49.161,48.821,69,51,132.551025,255,393893436,2165,8
2026-03-28T21:58:49.177,48.837,70,51,132.000000,255,393903396,2156,8
2026-03-28T21:58:49.179,48.839,71,50,131.510193,255,393913331,2148,8
2026-03-28T21:58:49.198,48.858,72,50,130.959183,255,393923303,2139,8
2026-03-28T21:58:49.200,48.860,73,50,130.469391,255,393933244,2131,8
2026-03-28T21:58:49.216,48.876,74,50,129.918365,255,393943208,2122,8
2026-03-28T21:58:49.217,48.877,75,50,129.428574,255,393953149,2114,8
2026-03-28T21:58:49.237,48.897,76,49,128.877548,255,393963100,2105,8
2026-03-28T21:58:49.239,48.899,77,49,128.326538,255,393973035,2096,8
2026-03-28T21:58:49.258,48.918,78,49,127.836731,255,393983007,2088,8
2026-03-28T21:58:49.260,48.920,79,49,127.346939,255,393992942,2080,8
2026-03-28T21:58:49.281,48.941,80,49,126.795914,255,394002906,2071,8
2026-03-28T21:58:49.283,48.943,81,49,126.306122,255,394012848,2063,8
2026-03-28T21:58:49.300,48.960,82,49,125.755104,255,394022809,2054,8
2026-03-28T21:58:49.301,48.961,83,48,125.265312,255,394032738,2046,8
2026-03-28T21:58:49.319,48.979,84,48,124.714287,255,394042696,2037,8
2026-03-28T21:58:49.321,48.981,85,48,124.224495,255,394052634,2029,8
2026-03-28T21:58:49.337,48.997,86,48,123.734688,255,394062598,2021,8
2026-03-28T21:58:49.338,48.998,87,48,123.183678,255,394071539,2012,8
2026-03-28T21:58:49.359,49.019,88,47,122.693878,255,394082500,2004,8
2026-03-28T21:58:49.361,49.021,89,47,122.142853,255,394092435,1995,8
2026-03-28T21:58:49.382,49.041,90,47,121.653061,255,394102394,1987,8
2026-03-28T21:58:49.383,49.043,91,47,121.102036,255,394112340,1978,8
2026-03-28T21:58:49.385,49.045,92,46,120.612244,255,394122299,1970,8
2026-03-28T21:58:49.403,49.063,93,46,120.122452,255,394132238,1962,8
2026-03-28T21:58:49.405,49.065,94,46,119.571426,255,394142199,1953,8
2026-03-28T21:58:49.424,49.083,95,46,119.081635,255,394152138,1945,8
2026-03-28T21:58:49.425,49.085,96,45,118.530617,255,394162102,1936,8
2026-03-28T21:58:49.445,49.105,97,45,118.040825,255,394172041,1928,8
2026-03-28T21:58:49.447,49.107,98,45,117.489799,255,394182001,1919,8
2026-03-28T21:58:49.465,49.125,99,45,116.999992,255,394191940,1911,8
2026-03-28T21:58:49.467,49.127,100,45,116.448982,255,394201903,1902,8
2026-03-28T21:58:49.486,49.146,101,45,115.959183,255,394211829,1894,8
2026-03-28T21:58:49.488,49.148,102,45,115.469391,255,394221792,1886,8
2026-03-28T21:58:49.506,49.166,103,45,114.918365,255,394231738,1877,8
2026-03-28T21:58:49.508,49.167,104,45,114.428574,255,394241696,1869,8
2026-03-28T21:58:49.525,49.185,105,45,113.877548,255,394251636,1860,8
2026-03-28T21:58:49.527,49.187,106,45,113.387756,255,394261598,1852,8
2026-03-28T21:58:49.545,49.205,107,45,112.897957,255,394271535,1844,8
2026-03-28T21:58:49.547,49.206,108,45,112.346939,255,394281499,1835,8
2026-03-28T21:58:49.564,49.224,109,44,111.857140,255,394291431,1827,8
2026-03-28T21:58:49.565,49.225,110,44,111.306129,255,394301391,1818,8
2026-03-28T21:58:49.584,49.244,111,44,110.816322,255,394311324,1810,8
2026-03-28T21:58:49.586,49.246,112,44,110.326530,255,394321285,1802,8
2026-03-28T21:58:49.602,49.261,113,44,109.775505,255,394331217,1793,8
2026-03-28T21:58:49.603,49.263,114,44,109.285713,255,394341174,1785,8
2026-03-28T21:58:49.622,49.282,115,44,108.734695,255,394351101,1776,8
2026-03-28T21:58:49.623,49.283,116,44,108.244904,255,394361059,1768,8
2026-03-28T21:58:49.643,49.302,117,44,107.755096,255,394371001,1760,8
2026-03-28T21:58:49.644,49.304,118,44,107.265305,255,394380962,1752,8
2026-03-28T21:58:49.663,49.323,119,44,106.714279,255,394390897,1743,8
2026-03-28T21:58:49.664,49.324,120,44,106.224487,255,394400852,1735,8
2026-03-28T21:58:49.683,49.343,121,44,105.734695,255,394410788,1727,8
2026-03-28T21:58:49.684,49.344,122,44,105.244896,255,394420743,1719,8
2026-03-28T21:58:49.704,49.364,123,43,104.755096,255,394430682,1711,8
2026-03-28T21:58:49.706,49.366,124,43,104.265305,255,394440640,1703,8
2026-03-28T21:58:49.725,49.385,125,43,103.775513,255,394450572,1695,8
2026-03-28T21:58:49.727,49.387,126,41,103.285713,255,394460529,1687,8
2026-03-28T21:58:49.750,49.409,127,41,102.795921,255,394470466,1679,8
2026-03-28T21:58:49.752,49.412,128,41,102.306122,255,394480427,1671,8
2026-03-28T21:58:49.753,49.413,129,41,101.816322,255,394490362,1663,8
2026-03-28T21:58:49.775,49.435,130,41,101.326530,255,394500318,1655,8
2026-03-28T21:58:49.777,49.437,131,41,100.836739,255,394510252,1647,8
2026-03-28T21:58:49.801,49.461,132,40,100.346947,255,394520217,1639,8
2026-03-28T21:58:49.803,49.463,133,39,99.918365,255,394530145,1632,8
2026-03-28T21:58:49.805,49.465,134,39,99.428574,255,394540098,1624,8
2026-03-28T21:58:49.830,49.490,135,39,98.938774,255,394550023,1616,8
2026-03-28T21:58:49.831,49.491,136,39,98.510208,255,394559981,1609,8
2026-03-28T21:58:49.833,49.493,137,39,98.081635,255,394569917,1602,8
2026-03-28T21:58:49.851,49.510,138,39,97.591835,255,394579871,1594,8
2026-03-28T21:58:49.852,49.512,139,39,97.163269,255,394589801,1587,8
2026-03-28T21:58:49.871,49.531,140,39,96.734695,255,394599758,1580,8
2026-03-28T21:58:49.873,49.533,141,38,96.244904,255,394609690,1572,8
2026-03-28T21:58:49.892,49.552,142,38,95.816330,255,394619648,1565,8
2026-03-28T21:58:49.893,49.553,143,38,95.387756,255,394629577,1558,8
2026-03-28T21:58:49.912,49.572,144,38,94.959183,255,394639532,1551,8
2026-03-28T21:58:49.913,49.573,145,38,94.530617,255,394649456,1544,8
2026-03-28T21:58:49.933,49.593,146,38,94.040810,255,394659417,1536,8
2026-03-28T21:58:49.935,49.595,147,38,93.612251,255,394669345,1529,8
2026-03-28T21:58:49.953,49.613,148,38,93.183678,255,394679305,1522,8
2026-03-28T21:58:49.954,49.614,149,39,92.693878,255,394689231,1514,8
2026-03-28T21:58:49.973,49.633,150,39,92.265305,255,394699187,1507,8
2026-03-28T21:58:49.975,49.635,151,39,91.836731,255,394709114,1500,8
2026-03-28T21:58:49.994,49.654,152,39,91.408157,255,394719069,1493,8
2026-03-28T21:58:49.996,49.656,153,38,90.979599,255,394728999,1486,8
2026-03-28T21:58:50.013,49.673,154,38,90.489792,255,394738954,1478,8
2026-03-28T21:58:50.014,49.674,155,38,90.122452,255,394748881,1472,8
2026-03-28T21:58:50.031,49.691,156,38,89.693878,255,394758841,1465,8
2026-03-28T21:58:50.032,49.692,157,38,89.265305,255,394768764,1458,8
2026-03-28T21:58:50.049,49.709,158,38,88.836739,255,394778725,1451,8
2026-03-28T21:58:50.051,49.711,159,39,88.408165,255,394788654,1444,8
2026-03-28T21:58:50.067,49.727,160,39,88.040817,255,394798611,1438,8
2026-03-28T21:58:50.069,49.729,161,39,87.612244,255,394808539,1431,8
2026-03-28T21:58:50.085,49.745,162,39,87.183678,255,394818500,1424,8
2026-03-28T21:58:50.105,49.765,163,39,86.816322,255,394828430,1418,8
2026-03-28T21:58:50.106,49.766,164,39,86.448982,255,394838393,1412,8
2026-03-28T21:58:50.108,49.767,165,39,86.020409,255,394848330,1405,8
2026-03-28T21:58:50.124,49.784,166,39,85.591835,255,394858292,1398,8
2026-03-28T21:58:50.141,49.800,167,39,85.224487,255,394868227,1392,8
2026-03-28T21:58:50.142,49.802,168,39,84.857140,255,394878191,1386,8
2026-03-28T21:58:50.159,49.819,169,39,84.428566,255,394888118,1379,8
2026-03-28T21:58:50.161,49.821,170,39,84.061226,255,394898079,1373,8
2026-03-28T21:58:50.179,49.839,171,39,83.632652,255,394908018,1366,8
2026-03-28T21:58:50.180,49.840,172,39,83.265305,255,394917980,1360,8
2026-03-28T21:58:50.195,49.855,173,39,82.836739,255,394927928,1353,8
2026-03-28T21:58:50.197,49.857,174,39,82.408165,255,394937888,1346,8
2026-03-28T21:58:50.213,49.873,175,39,82.040817,255,394947825,1340,8
2026-03-28T21:58:50.233,49.893,176,39,81.673470,255,394957781,1334,8
2026-03-28T21:58:50.235,49.895,177,39,81.244896,255,394967719,1327,8
2026-03-28T21:58:50.237,49.896,178,39,80.877548,255,394977681,1321,8
2026-03-28T21:58:50.255,49.915,179,39,80.510208,255,394987621,1315,8
2026-03-28T21:58:50.257,49.917,180,39,80.081635,255,394997586,1308,8
2026-03-28T21:58:50.275,49.935,181,39,79.714287,255,395007522,1302,8
2026-03-28T21:58:50.277,49.937,182,40,79.346939,255,395017482,1296,8
2026-03-28T21:58:50.295,49.955,183,40,78.979591,255,395027423,1290,8
2026-03-28T21:58:50.297,49.957,184,40,78.612244,255,395037384,1284,8
2026-03-28T21:58:50.316,49.976,185,40,78.244896,255,395047322,1278,8
2026-03-28T21:58:50.318,49.978,186,40,77.877556,255,395057288,1272,8
2026-03-28T21:58:50.338,49.998,187,40,77.510201,255,395067223,1266,8
2026-03-28T21:58:50.340,50.000,188,40,77.142860,255,395077188,1260,8
2026-03-28T21:58:50.359,50.019,189,40,76.836731,255,395087128,1255,8
2026-03-28T21:58:50.360,50.020,190,40,76.469391,255,395097086,1249,8
2026-03-28T21:58:50.379,50.038,191,40,76.102043,255,395107022,1243,8
2026-03-28T21:58:50.380,50.040,192,40,75.734695,255,395116984,1237,8
2026-03-28T21:58:50.398,50.058,193,40,75.367348,255,395126922,1231,8
2026-03-28T21:58:50.399,50.059,194,40,75.000000,255,395136877,1225,8
2026-03-28T21:58:50.413,50.073,195,40,74.632652,255,395146814,1219,8
2026-03-28T21:58:50.415,50.075,196,40,74.265305,255,395156773,1213,8
2026-03-28T21:58:50.435,50.095,197,40,73.897957,255,395166710,1207,8
2026-03-28T21:58:50.437,50.096,198,40,73.530617,255,395176668,1201,8
2026-03-28T21:58:50.456,50.116,199,40,73.163261,255,395186607,1195,8
2026-03-28T21:58:50.458,50.118,200,40,72.795921,255,395196565,1189,8
2026-03-28T21:58:50.478,50.138,201,40,72.367348,255,395206503,1182,8
2026-03-28T21:58:50.479,50.139,202,40,72.000000,255,395216468,1176,8
2026-03-28T21:58:50.498,50.158,203,40,71.632652,255,395226403,1170,8
2026-03-28T21:58:50.499,50.159,204,40,71.326530,255,395236360,1165,8
2026-03-28T21:58:50.517,50.177,205,41,70.959183,255,395246290,1159,8
2026-03-28T21:58:50.519,50.178,206,40,70.591835,255,395256248,1153,8
2026-03-28T21:58:50.537,50.197,207,41,70.285713,255,395266181,1148,8
2026-03-28T21:58:50.539,50.199,208,41,69.918365,255,395276135,1142,8
2026-03-28T21:58:50.558,50.218,209,41,69.551018,255,395286067,1136,8
2026-03-28T21:58:50.559,50.219,210,41,69.183670,255,395296029,1130,8
2026-03-28T21:58:50.577,50.237,211,41,68.816330,255,395305964,1124,8
2026-03-28T21:58:50.579,50.239,212,41,68.510208,255,395315926,1119,8
2026-03-28T21:58:50.596,50.256,213,41,68.142853,255,395325859,1113,8
2026-03-28T21:58:50.598,50.258,214,41,67.775513,255,395335819,1107,8
2026-03-28T21:58:50.613,50.273,215,41,67.469383,255,395345754,1102,8
2026-03-28T21:58:50.614,50.274,216,41,67.102043,255,395355712,1096,8
2026-03-28T21:58:50.631,50.291,217,41,66.734695,255,395365644,1090,8
2026-03-28T21:58:50.633,50.293,218,41,66.367348,255,395375601,1084,8
2026-03-28T21:58:50.652,50.312,219,41,66.000000,255,395385535,1078,8
2026-03-28T21:58:50.654,50.314,220,41,65.632652,255,395395491,1072,8
2026-03-28T21:58:50.672,50.332,221,41,65.265305,255,395405422,1066,8
2026-03-28T21:58:50.674,50.334,222,41,64.959183,255,395415377,1061,8
2026-03-28T21:58:50.694,50.354,223,41,64.591835,255,395425312,1055,8
2026-03-28T21:58:50.696,50.356,224,41,64.224495,255,395435271,1049,8
2026-03-28T21:58:50.715,50.375,225,41,63.795918,255,395445202,1042,8
2026-03-28T21:58:50.717,50.377,226,41,63.428574,255,395455156,1036,8
2026-03-28T21:58:50.738,50.398,227,41,63.061222,255,395465091,1030,8
2026-03-28T21:58:50.740,50.400,228,42,62.693878,255,395475045,1024,8
2026-03-28T21:58:50.741,50.401,229,42,62.326527,255,395484978,1018,8
2026-03-28T21:58:50.759,50.419,230,42,61.959183,255,395494936,1012,8
2026-03-28T21:58:50.761,50.421,231,42,61.591839,255,395504875,1006,8
2026-03-28T21:58:50.778,50.438,232,42,61.224487,255,395514837,1000,8
2026-03-28T21:58:50.780,50.440,233,42,60.918369,255,395524775,995,8
2026-03-28T21:58:50.793,50.453,234,42,60.551018,255,395534736,989,8
2026-03-28T21:58:50.812,50.472,235,42,60.183674,255,395544670,983,8
2026-03-28T21:58:50.814,50.474,236,42,59.877552,255,395554627,978,8
2026-03-28T21:58:50.832,50.492,237,42,59.510204,255,395564563,972,8
2026-03-28T21:58:50.834,50.494,238,42,59.204082,255,395574521,967,8
2026-03-28T21:58:50.851,50.511,239,43,58.836735,255,395584458,961,8
2026-03-28T21:58:50.853,50.512,240,43,58.530613,255,395594420,956,8
2026-03-28T21:58:50.872,50.532,241,43,58.163269,255,395604345,950,8
2026-03-28T21:58:50.874,50.534,242,43,57.795918,255,395614303,944,8
2026-03-28T21:58:50.899,50.558,243,43,57.428574,255,395624243,938,8
2026-03-28T21:58:50.900,50.560,244,43,57.122448,255,395634202,933,8
2026-03-28T21:58:50.902,50.562,245,43,56.755104,255,395644137,927,8
2026-03-28T21:58:50.921,50.581,246,43,56.448978,255,395654104,922,8
2026-03-28T21:58:50.923,50.583,247,43,56.081631,255,395664041,916,8
2026-03-28T21:58:50.944,50.604,248,43,55.714287,255,395674005,910,8
2026-03-28T21:58:50.946,50.606,249,43,55.346939,255,395683945,904,8
2026-03-28T21:58:50.965,50.625,250,43,54.979591,255,395693903,898,8
2026-03-28T21:58:50.967,50.627,251,43,54.612244,255,395703837,892,8
2026-03-28T21:58:50.987,50.647,252,43,54.244900,255,395713795,886,8
2026-03-28T21:58:50.989,50.649,253,43,53.877548,255,395723733,880,8
2026-03-28T21:58:50.990,50.650,254,43,53.510204,255,395733701,874,8
2026-03-28T21:58:51.009,50.669,255,44,53.142860,255,395743636,868,8
2026-03-28T21:58:51.010,50.670,0,44,52.836735,255,395753599,863,8
2026-03-28T21:58:51.028,50.688,1,44,52.469387,255,395763538,857,8
2026-03-28T21:58:51.030,50.690,2,44,52.102039,255,395773498,851,8
2026-03-28T21:58:51.046,50.706,3,44,51.795918,255,395783441,846,8
2026-03-28T21:58:51.048,50.708,4,44,51.428574,255,395793399,840,8
2026-03-28T21:58:51.066,50.725,5,44,51.061222,255,395803333,834,8
2026-03-28T21:58:51.083,50.743,6,44,50.693878,255,395813293,828,8
2026-03-28T21:58:51.085,50.744,7,44,50.387753,255,395823224,823,8
2026-03-28T21:58:51.105,50.764,8,45,50.020409,255,395833183,817,8
2026-03-28T21:58:51.106,50.766,9,45,49.653057,255,395843116,811,8
2026-03-28T21:58:51.107,50.767,10,45,49.346939,255,395853066,806,8
2026-03-28T21:58:51.124,50.784,11,45,48.979595,255,395862998,800,8
2026-03-28T21:58:51.139,50.799,12,45,48.612244,255,395872963,794,8
2026-03-28T21:58:51.141,50.801,13,45,48.306122,255,395882893,789,8
2026-03-28T21:58:51.159,50.819,14,45,47.938774,255,395892843,783,8
2026-03-28T21:58:51.161,50.821,15,46,47.571430,255,395902769,777,8
2026-03-28T21:58:51.180,50.840,16,46,47.204082,255,395912725,771,8
2026-03-28T21:58:51.182,50.842,17,46,46.836735,255,395922656,765,8
2026-03-28T21:58:51.201,50.861,18,46,46.469391,255,395932617,759,8
2026-03-28T21:58:51.202,50.862,19,46,46.102039,255,395942550,753,8
2026-03-28T21:58:51.221,50.881,20,47,45.734695,255,395952508,747,8
2026-03-28T21:58:51.223,50.883,21,47,45.367344,255,395962437,741,8
2026-03-28T21:58:51.240,50.900,22,47,45.000000,255,395972397,735,8
2026-03-28T21:58:51.242,50.902,23,47,44.632652,255,395982336,729,8
2026-03-28T21:58:51.261,50.920,24,48,44.265305,255,395992298,723,8
2026-03-28T21:58:51.262,50.922,25,48,43.897957,255,396002236,717,8
2026-03-28T21:58:51.279,50.939,26,48,43.591839,255,396012192,712,8
2026-03-28T21:58:51.281,50.941,27,48,43.224491,255,396022139,706,8
2026-03-28T21:58:51.299,50.958,28,49,42.857143,255,396032097,700,8
2026-03-28T21:58:51.300,50.960,29,49,42.489796,255,396042028,694,8
2026-03-28T21:58:51.318,50.978,30,49,42.183674,255,396051993,689,8
2026-03-28T21:58:51.319,50.979,31,50,41.816326,255,396061926,683,8
2026-03-28T21:58:51.337,50.997,32,50,41.510204,255,396071884,678,8
2026-03-28T21:58:51.338,50.998,33,50,41.142857,255,396081813,672,8
2026-03-28T21:58:51.355,51.015,34,51,40.775509,255,396091768,666,8
2026-03-28T21:58:51.357,51.016,35,51,40.469387,255,396101700,661,8
2026-03-28T21:58:51.374,51.034,36,51,40.102039,255,396111653,655,8
2026-03-28T21:58:51.376,51.036,37,51,39.734695,255,396121583,649,8
2026-03-28T21:58:51.395,51.055,38,51,39.428574,255,396131530,644,8
2026-03-28T21:58:51.397,51.056,39,52,39.061226,255,396141466,638,8
2026-03-28T21:58:51.415,51.075,40,52,38.693878,255,396151418,632,8
2026-03-28T21:58:51.417,51.077,41,53,38.326530,255,396161354,626,8
2026-03-28T21:58:51.436,51.096,42,53,37.959183,255,396171308,620,8
2026-03-28T21:58:51.438,51.098,43,54,37.653061,255,396181237,615,8
2026-03-28T21:58:51.458,51.118,44,54,37.285713,255,396191192,609,8
2026-03-28T21:58:51.460,51.120,45,55,36.918369,255,396201127,603,8
2026-03-28T21:58:51.478,51.138,46,56,36.551022,255,396211085,597,8
2026-03-28T21:58:51.480,51.140,47,56,36.244896,255,396221015,592,8
2026-03-28T21:58:51.499,51.159,48,56,35.877552,255,396230973,586,8
2026-03-28T21:58:51.501,51.161,49,56,35.510204,255,396240904,580,8
2026-03-28T21:58:51.503,51.163,50,57,35.142857,255,396250859,574,8
2026-03-28T21:58:51.523,51.183,51,60,34.775509,255,396260787,568,8
2026-03-28T21:58:51.525,51.185,52,64,34.408165,255,396270739,562,8
2026-03-28T21:58:51.543,51.203,53,66,34.040817,255,396280667,556,8
2026-03-28T21:58:51.545,51.205,54,68,33.734692,255,396290619,551,8
2026-03-28T21:58:51.564,51.224,55,68,33.367348,255,396300548,545,8
2026-03-28T21:58:51.565,51.225,56,68,33.061226,255,396310502,540,8
2026-03-28T21:58:51.584,51.244,57,68,32.693878,255,396320431,534,8
2026-03-28T21:58:51.586,51.246,58,68,32.326530,255,396330384,528,8
2026-03-28T21:58:51.602,51.262,59,68,32.020409,255,396340317,523,8
2026-03-28T21:58:51.603,51.263,60,68,31.653063,255,396350271,517,8
2026-03-28T21:58:51.622,51.282,61,67,31.346939,255,396360204,512,8
2026-03-28T21:58:51.624,51.284,62,67,30.979591,255,396370161,506,8
2026-03-28T21:58:51.640,51.300,63,67,30.612244,255,396380096,500,8
2026-03-28T21:58:51.642,51.302,64,67,30.244898,255,396390049,494,8
2026-03-28T21:58:51.659,51.318,65,67,29.938776,255,396399981,489,8
2026-03-28T21:58:51.674,51.334,66,67,29.571430,255,396409938,483,8
2026-03-28T21:58:51.676,51.335,67,67,29.265306,255,396419868,478,8
2026-03-28T21:58:51.692,51.352,68,67,28.897959,255,396429828,472,8
2026-03-28T21:58:51.694,51.354,69,66,28.530611,255,396439761,466,8
2026-03-28T21:58:51.713,51.373,70,66,28.224489,255,396449715,461,8
2026-03-28T21:58:51.714,51.374,71,66,27.979591,255,396459649,457,8
2026-03-28T21:58:51.732,51.392,72,64,27.918367,255,396469609,456,8
2026-03-28T21:58:51.734,51.394,73,64,27.979591,255,396479547,457,8
2026-03-28T21:58:51.752,51.412,74,64,28.040815,255,396489502,458,8
2026-03-28T21:58:51.754,51.414,75,64,28.040815,255,396499435,458,8
2026-03-28T21:58:51.772,51.432,76,64,28.040815,255,396509388,458,8
2026-03-28T21:58:51.773,51.433,77,65,28.163265,255,396519326,460,8
2026-03-28T21:58:51.793,51.453,78,65,28.224489,255,396529282,461,8
2026-03-28T21:58:51.795,51.455,79,64,28.346939,255,396539221,463,8
2026-03-28T21:58:51.814,51.474,80,65,28.469387,255,396549180,465,8
2026-03-28T21:58:51.815,51.475,81,65,28.653059,255,396559112,468,8
2026-03-28T21:58:51.833,51.493,82,64,28.897959,255,396569077,472,8
2026-03-28T21:58:51.835,51.495,83,64,29.081635,255,396579014,475,8
2026-03-28T21:58:51.852,51.512,84,64,29.387754,255,396588973,480,8
2026-03-28T21:58:51.854,51.514,85,64,29.632654,255,396598908,484,8
2026-03-28T21:58:51.871,51.531,86,65,29.877550,255,396608866,488,8
2026-03-28T21:58:51.873,51.533,87,65,30.122450,255,396618809,492,8
2026-03-28T21:58:51.890,51.550,88,65,30.367348,255,396628771,496,8
2026-03-28T21:58:51.892,51.552,89,65,30.673470,255,396638706,501,8
2026-03-28T21:58:51.908,51.568,90,65,30.918367,255,396648662,505,8
2026-03-28T21:58:51.910,51.570,91,65,31.224491,255,396658599,510,8
2026-03-28T21:58:51.926,51.586,92,65,31.469387,255,396668561,514,8
2026-03-28T21:58:51.945,51.605,93,65,31.775511,255,396678498,519,8
2026-03-28T21:58:51.947,51.607,94,65,32.020409,255,396688454,523,8
2026-03-28T21:58:51.965,51.625,95,66,32.326530,255,396698388,528,8
2026-03-28T21:58:51.967,51.627,96,66,32.632652,255,396708349,533,8
2026-03-28T21:58:51.986,51.646,97,66,32.938778,255,396718283,538,8
2026-03-28T21:58:51.988,51.648,98,66,33.244896,255,396728237,543,8
2026-03-28T21:58:51.990,51.650,99,66,33.489796,255,396738181,547,8
2026-03-28T21:58:52.008,51.668,100,66,33.795921,255,396748138,552,8
2026-03-28T21:58:52.010,51.670,101,66,34.102039,255,396758069,557,8
2026-03-28T21:58:52.028,51.688,102,66,34.408165,255,396768024,562,8
2026-03-28T21:58:52.031,51.691,103,64,34.714287,255,396777960,567,8
2026-03-28T21:58:52.050,51.710,104,63,35.081635,255,396787923,573,8
2026-03-28T21:58:52.053,51.713,105,59,35.387753,255,396797860,578,8
2026-03-28T21:58:52.071,51.731,106,57,35.693878,255,396807815,583,8
2026-03-28T21:58:52.073,51.732,107,55,36.000000,255,396817749,588,8
2026-03-28T21:58:52.092,51.752,108,55,36.306122,255,396827702,593,8
2026-03-28T21:58:52.094,51.754,109,55,36.673470,255,396837629,599,8
2026-03-28T21:58:52.113,51.773,110,54,36.979591,255,396847593,604,8
2026-03-28T21:58:52.115,51.775,111,54,37.285713,255,396857529,609,8
2026-03-28T21:58:52.131,51.791,112,53,37.591839,255,396867492,614,8
2026-03-28T21:58:52.133,51.793,113,52,37.959183,255,396877419,620,8
2026-03-28T21:58:52.152,51.812,114,52,38.326530,255,396887385,626,8
2026-03-28T21:58:52.154,51.814,115,52,38.632652,255,396897320,631,8
2026-03-28T21:58:52.173,51.833,116,52,39.000000,255,396907280,637,8
2026-03-28T21:58:52.174,51.834,117,51,39.306122,255,396917213,642,8
2026-03-28T21:58:52.193,51.853,118,51,39.673470,255,396927173,648,8
2026-03-28T21:58:52.195,51.855,119,50,40.040817,255,396937112,654,8
2026-03-28T21:58:52.197,51.857,120,50,40.408161,255,396947070,660,8
2026-03-28T21:58:52.214,51.874,121,49,40.775509,255,396957006,666,8
2026-03-28T21:58:52.216,51.876,122,49,41.142857,255,396966978,672,8
2026-03-28T21:58:52.233,51.893,123,49,41.510204,255,396976907,678,8
2026-03-28T21:58:52.251,51.910,124,49,41.877552,255,396986874,684,8
2026-03-28T21:58:52.252,51.912,125,48,42.244900,255,396996807,690,8
2026-03-28T21:58:52.269,51.929,126,48,42.612244,255,397006772,696,8
2026-03-28T21:58:52.270,51.930,127,48,42.979591,255,397016707,702,8
2026-03-28T21:58:52.286,51.946,128,47,43.346939,255,397026660,708,8
2026-03-28T21:58:52.288,51.948,129,47,43.775509,255,397036596,715,8
2026-03-28T21:58:52.305,51.965,130,47,44.142857,255,397046554,721,8
2026-03-28T21:58:52.307,51.967,131,46,44.510204,255,397056487,727,8
2026-03-28T21:58:52.324,51.984,132,46,44.938774,255,397066442,734,8
2026-03-28T21:58:52.326,51.986,133,46,45.306122,255,397076376,740,8
2026-03-28T21:58:52.344,52.004,134,46,45.734695,255,397086342,747,8
2026-03-28T21:58:52.346,52.006,135,46,46.102039,255,397096275,753,8
2026-03-28T21:58:52.365,52.025,136,45,46.530613,255,397106240,760,8
2026-03-28T21:58:52.367,52.027,137,45,46.897957,255,397116174,766,8
2026-03-28T21:58:52.386,52.046,138,45,47.326530,255,397126133,773,8
2026-03-28T21:58:52.388,52.047,139,45,47.755100,255,397136067,780,8
2026-03-28T21:58:52.405,52.065,140,45,48.183674,255,397146024,787,8
2026-03-28T21:58:52.407,52.067,141,45,48.612244,255,397155963,794,8
2026-03-28T21:58:52.424,52.084,142,44,48.979595,255,397165921,800,8
2026-03-28T21:58:52.426,52.086,143,44,49.408161,255,397175850,807,8
2026-03-28T21:58:52.443,52.103,144,44,49.836735,255,397185807,814,8
2026-03-28T21:58:52.445,52.105,145,44,50.326530,255,397195738,822,8
2026-03-28T21:58:52.463,52.122,146,44,50.755104,255,397205710,829,8
2026-03-28T21:58:52.464,52.124,147,44,51.183670,255,397215647,836,8
2026-03-28T21:58:52.484,52.144,148,44,51.612247,255,397225607,843,8
2026-03-28T21:58:52.485,52.145,149,43,52.040813,255,397235542,850,8
2026-03-28T21:58:52.504,52.163,150,43,52.530613,255,397245502,858,8
2026-03-28T21:58:52.506,52.165,151,43,52.959183,255,397255431,865,8
2026-03-28T21:58:52.525,52.185,152,43,53.387756,255,397265384,872,8
2026-03-28T21:58:52.527,52.187,153,43,53.877548,255,397275320,880,8
2026-03-28T21:58:52.547,52.207,154,43,54.306122,255,397285281,887,8
2026-03-28T21:58:52.548,52.208,155,43,54.795921,255,397295215,895,8
2026-03-28T21:58:52.578,52.238,156,42,55.285713,255,397305175,903,8
2026-03-28T21:58:52.580,52.240,157,42,55.714287,255,397315110,910,8
2026-03-28T21:58:52.582,52.242,158,42,56.204079,255,397325072,918,8
2026-03-28T21:58:52.583,52.243,159,42,56.693878,255,397335004,926,8
2026-03-28T21:58:52.608,52.268,160,42,57.183670,255,397344961,934,8
2026-03-28T21:58:52.609,52.269,161,42,57.612247,255,397354903,941,8
2026-03-28T21:58:52.633,52.292,162,42,58.102039,255,397364865,949,8
2026-03-28T21:58:52.634,52.294,163,42,58.591835,255,397374799,957,8
2026-03-28T21:58:52.637,52.296,164,42,59.081635,255,397384752,965,8
2026-03-28T21:58:52.658,52.318,165,42,59.571426,255,397394693,973,8
2026-03-28T21:58:52.660,52.320,166,41,60.061226,255,397404656,981,8
2026-03-28T21:58:52.662,52.322,167,41,60.551018,255,397414595,989,8
2026-03-28T21:58:52.683,52.342,168,41,61.102039,255,397424554,998,8
2026-03-28T21:58:52.684,52.344,169,41,61.591839,255,397434494,1006,8
2026-03-28T21:58:52.709,52.369,170,41,62.081631,255,397444457,1014,8
2026-03-28T21:58:52.711,52.371,171,41,62.571430,255,397454389,1022,8
2026-03-28T21:58:52.713,52.373,172,41,63.122448,255,397464355,1031,8
2026-03-28T21:58:52.734,52.394,173,41,63.612244,255,397474293,1039,8
2026-03-28T21:58:52.736,52.396,174,41,64.163269,255,397484254,1048,8
2026-03-28T21:58:52.758,52.418,175,41,64.653061,255,397494181,1056,8
2026-03-28T21:58:52.760,52.420,176,41,65.204086,255,397504146,1065,8
2026-03-28T21:58:52.761,52.421,177,41,65.693878,255,397514084,1073,8
2026-03-28T21:58:52.779,52.438,178,41,66.244896,255,397524051,1082,8
2026-03-28T21:58:52.780,52.440,179,40,66.795921,255,397533990,1091,8
2026-03-28T21:58:52.804,52.464,180,40,67.285713,255,397543952,1099,8
2026-03-28T21:58:52.806,52.466,181,40,67.836739,255,397553890,1108,8
2026-03-28T21:58:52.828,52.488,182,40,68.387756,255,397563855,1117,8
2026-03-28T21:58:52.830,52.489,183,40,68.938774,255,397573792,1126,8
2026-03-28T21:58:52.831,52.491,184,40,69.489799,255,397583756,1135,8
2026-03-28T21:58:52.857,52.516,185,40,70.040817,255,397593687,1144,8
2026-03-28T21:58:52.859,52.519,186,40,70.591835,255,397603648,1153,8
2026-03-28T21:58:52.860,52.520,187,40,71.142860,255,397613582,1162,8
2026-03-28T21:58:52.881,52.540,188,40,71.693878,255,397623553,1171,8
2026-03-28T21:58:52.882,52.542,189,40,72.244896,255,397633488,1180,8
2026-03-28T21:58:52.902,52.562,190,40,72.857147,255,397643450,1190,8
2026-03-28T21:58:52.904,52.564,191,40,73.408157,255,397653389,1199,8
2026-03-28T21:58:52.920,52.580,192,40,73.959183,255,397663352,1208,8
2026-03-28T21:58:52.921,52.581,193,39,74.571426,255,397673286,1218,8
2026-03-28T21:58:52.940,52.600,194,40,75.122444,255,397683239,1227,8
2026-03-28T21:58:52.942,52.602,195,39,75.734695,255,397693171,1237,8
2026-03-28T21:58:52.959,52.619,196,39,76.285713,255,397703138,1246,8
2026-03-28T21:58:52.961,52.620,197,39,76.897964,255,397713078,1256,8
2026-03-28T21:58:52.979,52.639,198,39,77.510201,255,397723040,1266,8
2026-03-28T21:58:52.980,52.640,199,39,78.061226,255,397732978,1275,8
2026-03-28T21:58:52.999,52.658,200,39,78.673470,255,397742936,1285,8
2026-03-28T21:58:53.000,52.660,201,39,79.285713,255,397752871,1295,8
2026-03-28T21:58:53.018,52.677,202,39,79.836731,255,397762837,1304,8
2026-03-28T21:58:53.020,52.680,203,39,80.448982,255,397772765,1314,8
2026-03-28T21:58:53.037,52.697,204,39,81.061218,255,397782730,1324,8
2026-03-28T21:58:53.039,52.699,205,39,81.673470,255,397792665,1334,8
2026-03-28T21:58:53.058,52.718,206,39,82.285713,255,397802622,1344,8
2026-03-28T21:58:53.060,52.720,207,39,82.897964,255,397812561,1354,8
2026-03-28T21:58:53.078,52.738,208,39,83.448975,255,397822522,1363,8
2026-03-28T21:58:53.080,52.740,209,39,84.061226,255,397832458,1373,8
2026-03-28T21:58:53.102,52.762,210,39,84.673470,255,397842415,1383,8
2026-03-28T21:58:53.105,52.765,211,39,85.285713,255,397852346,1393,8
2026-03-28T21:58:53.129,52.789,212,39,85.897957,255,397862300,1403,8
2026-03-28T21:58:53.131,52.791,213,39,86.448982,255,397872231,1412,8
2026-03-28T21:58:53.133,52.792,214,39,87.061226,255,397882194,1422,8
2026-03-28T21:58:53.154,52.814,215,38,87.673470,255,397892121,1432,8
2026-03-28T21:58:53.156,52.816,216,38,88.285713,255,397902079,1442,8
2026-03-28T21:58:53.157,52.817,217,38,88.897964,255,397912011,1452,8
2026-03-28T21:58:53.201,52.861,218,38,89.510201,255,397921964,1462,8
2026-03-28T21:58:53.203,52.862,219,38,90.061226,255,397931894,1471,8
2026-03-28T21:58:53.204,52.864,220,38,90.673470,255,397941854,1481,8
2026-03-28T21:58:53.205,52.865,221,38,91.285713,255,397951781,1491,8
2026-03-28T21:58:53.206,52.866,222,38,91.897964,255,397961749,1501,8
2026-03-28T21:58:53.241,52.901,223,38,92.448975,255,397971682,1510,8
2026-03-28T21:58:53.243,52.903,224,38,93.061226,255,397981649,1520,8
2026-03-28T21:58:53.244,52.904,225,38,93.673470,255,397991580,1530,8
2026-03-28T21:58:53.281,52.940,226,38,94.285721,255,398001539,1540,8
2026-03-28T21:58:53.282,52.942,227,38,94.836731,255,398011474,1549,8
2026-03-28T21:58:53.284,52.944,228,38,95.448982,255,398021432,1559,8
2026-03-28T21:58:53.285,52.945,229,38,96.061226,255,398031370,1569,8
2026-03-28T21:58:53.286,52.946,230,38,96.673462,255,398041331,1579,8
2026-03-28T21:58:53.323,52.983,231,38,97.224487,255,398051265,1588,8
2026-03-28T21:58:53.325,52.984,232,38,97.836739,255,398061227,1598,8
2026-03-28T21:58:53.326,52.986,233,38,98.448982,255,398071163,1608,8
2026-03-28T21:58:53.327,52.987,234,39,99.061218,255,398081122,1618,8
2026-03-28T21:58:53.363,53.023,235,39,99.612244,255,398091056,1627,8
2026-03-28T21:58:53.365,53.025,236,39,100.224495,255,398101014,1637,8
2026-03-28T21:58:53.366,53.026,237,39,100.836739,255,398110935,1647,8
2026-03-28T21:58:53.367,53.027,238,40,101.448975,255,398120899,1657,8
2026-03-28T21:58:53.404,53.064,239,40,102.000000,255,398130833,1666,8
2026-03-28T21:58:53.405,53.065,240,41,102.612244,255,398140794,1676,8
2026-03-28T21:58:53.407,53.066,241,42,103.224495,255,398150730,1686,8
2026-03-28T21:58:53.408,53.068,242,42,103.836731,255,398160689,1696,8
2026-03-28T21:58:53.431,53.091,243,42,104.387756,255,398170629,1705,8
2026-03-28T21:58:53.433,53.093,244,42,105.000000,255,398180596,1715,8
2026-03-28T21:58:53.434,53.094,245,43,105.612251,255,398190536,1725,8
2026-03-28T21:58:53.450,53.110,246,44,106.163269,255,398200498,1734,8
2026-03-28T21:58:53.474,53.133,247,44,106.775513,255,398210431,1744,8
2026-03-28T21:58:53.476,53.135,248,44,107.387756,255,398220389,1754,8
2026-03-28T21:58:53.477,53.137,249,44,108.000008,255,398230325,1764,8
2026-03-28T21:58:53.498,53.158,250,44,108.551018,255,398240291,1773,8
2026-03-28T21:58:53.500,53.159,251,44,109.163269,255,398250219,1783,8
2026-03-28T21:58:53.519,53.179,252,44,109.775505,255,398260183,1793,8
2026-03-28T21:58:53.521,53.181,253,44,110.326530,255,398270119,1802,8
2026-03-28T21:58:53.540,53.200,254,44,110.938774,255,398280077,1812,8
2026-03-28T21:58:53.542,53.202,255,44,111.551025,255,398290015,1822,8
2026-03-28T21:58:53.543,53.203,0,44,112.163261,255,398299981,1832,8
2026-03-28T21:58:53.563,53.223,1,44,112.714287,255,398309920,1841,8
2026-03-28T21:58:53.564,53.224,2,44,113.326530,255,398319880,1851,8
2026-03-28T21:58:53.585,53.245,3,44,113.938782,255,398329818,1861,8
2026-03-28T21:58:53.587,53.247,4,44,114.489792,255,398339780,1870,8
2026-03-28T21:58:53.599,53.259,5,44,115.102043,255,398349718,1880,8
2026-03-28T21:58:53.609,53.269,6,45,115.714287,255,398359683,1890,8
2026-03-28T21:58:53.618,53.278,7,44,116.265305,255,398369623,1899,8
2026-03-28T21:58:53.627,53.287,8,45,116.877548,255,398379589,1909,8
2026-03-28T21:58:53.637,53.297,9,45,117.489799,255,398389526,1919,8
2026-03-28T21:58:53.653,53.313,10,45,118.040825,255,398399487,1928,8
2026-03-28T21:58:53.654,53.314,11,45,118.653061,255,398409428,1938,8
2026-03-28T21:58:53.667,53.327,12,45,119.265305,255,398419387,1948,8
2026-03-28T21:58:53.682,53.342,13,45,119.816322,255,398429324,1957,8
2026-03-28T21:58:53.683,53.343,14,45,120.428566,255,398439278,1967,8
2026-03-28T21:58:53.693,53.353,15,45,120.979591,255,398449223,1976,8
2026-03-28T21:58:53.719,53.379,16,45,121.591843,255,398459190,1986,8
2026-03-28T21:58:53.722,53.381,17,45,122.204079,255,398469128,1996,8
2026-03-28T21:58:53.724,53.384,18,45,122.755104,255,398479084,2005,8
2026-03-28T21:58:53.748,53.408,19,45,123.367348,255,398489024,2015,8
2026-03-28T21:58:53.749,53.409,20,46,123.979599,255,398498988,2025,8
2026-03-28T21:58:53.760,53.420,21,46,124.530609,255,398508929,2034,8
2026-03-28T21:58:53.762,53.421,22,46,125.142860,255,398518897,2044,8
2026-03-28T21:58:53.774,53.434,23,46,125.755104,255,398528836,2054,8
2026-03-28T21:58:53.788,53.448,24,46,126.306122,255,398538795,2063,8
2026-03-28T21:58:53.799,53.459,25,46,126.857147,255,398548731,2072,8
2026-03-28T21:58:53.801,53.461,26,46,127.469391,255,398558696,2082,8
2026-03-28T21:58:53.816,53.476,27,47,128.081635,255,398568635,2092,8
2026-03-28T21:58:53.828,53.488,28,47,128.632645,255,398578596,2101,8
2026-03-28T21:58:53.830,53.490,29,47,129.244904,255,398588532,2111,8
2026-03-28T21:58:53.844,53.504,30,47,129.795914,255,398598494,2120,8
2026-03-28T21:58:53.861,53.521,31,47,130.408173,255,398608433,2130,8
2026-03-28T21:58:53.863,53.522,32,47,131.020401,255,398618388,2140,8
2026-03-28T21:58:53.875,53.535,33,47,131.571426,255,398628333,2149,8
2026-03-28T21:58:53.888,53.548,34,48,132.122452,255,398638297,2158,8
2026-03-28T21:58:53.890,53.550,35,48,132.734695,255,398648240,2168,8
2026-03-28T21:58:53.902,53.561,36,48,133.346939,255,398658208,2178,8
2026-03-28T21:58:53.917,53.577,37,48,133.897949,255,398668147,2187,8
2026-03-28T21:58:53.932,53.592,38,48,134.510208,255,398678107,2197,8
2026-03-28T21:58:53.934,53.594,39,48,135.061234,255,398688053,2206,8
2026-03-28T21:58:53.950,53.610,40,49,135.673477,255,398698016,2216,8
2026-03-28T21:58:53.952,53.612,41,49,136.224487,255,398707950,2225,8
2026-03-28T21:58:53.962,53.621,42,49,136.775513,255,398717913,2234,8
2026-03-28T21:58:53.978,53.638,43,49,137.387756,255,398727847,2244,8
2026-03-28T21:58:53.980,53.640,44,50,138.000000,255,398737813,2254,8
2026-03-28T21:58:53.996,53.655,45,50,138.551025,255,398747751,2263,8
2026-03-28T21:58:54.016,53.676,46,50,139.163254,255,398757713,2273,8
2026-03-28T21:58:54.019,53.679,47,50,139.714279,255,398767648,2282,8
2026-03-28T21:58:54.020,53.680,48,51,140.326538,255,398777610,2292,8
2026-03-28T21:58:54.035,53.695,49,51,140.877548,255,398787551,2301,8
2026-03-28T21:58:54.055,53.715,50,51,141.428574,255,398797512,2310,8
2026-03-28T21:58:54.057,53.717,51,52,142.040817,255,398807448,2320,8
2026-03-28T21:58:54.058,53.718,52,52,142.653061,255,398817412,2330,8
2026-03-28T21:58:54.078,53.738,53,52,143.204086,255,398827348,2339,8
2026-03-28T21:58:54.080,53.740,54,52,143.755112,255,398837313,2348,8
2026-03-28T21:58:54.103,53.763,55,52,144.367340,255,398847256,2358,8
2026-03-28T21:58:54.105,53.764,56,51,144.918365,255,398857214,2367,8
2026-03-28T21:58:54.123,53.783,57,51,145.469391,255,398867160,2376,8
2026-03-28T21:58:54.126,53.785,58,51,146.081635,255,398877128,2386,8
2026-03-28T21:58:54.145,53.805,59,51,146.632660,255,398887069,2395,8
2026-03-28T21:58:54.147,53.807,60,50,147.244888,255,398897035,2405,8
2026-03-28T21:58:54.149,53.809,61,50,147.795914,255,398906978,2414,8
2026-03-28T21:58:54.166,53.825,62,50,148.408157,255,398916940,2424,8
2026-03-28T21:58:54.167,53.827,63,49,148.959183,255,398926881,2433,8
2026-03-28T21:58:54.184,53.844,64,49,149.510208,255,398936840,2442,8
2026-03-28T21:58:54.186,53.846,65,49,150.122452,255,398946779,2452,8
2026-03-28T21:58:54.205,53.865,66,49,150.673462,255,398956743,2461,8
2026-03-28T21:58:54.208,53.868,67,49,151.285721,255,398966680,2471,8
2026-03-28T21:58:54.223,53.883,68,48,151.836731,255,398976641,2480,8
2026-03-28T21:58:54.239,53.899,69,48,152.387756,255,398986583,2489,8
2026-03-28T21:58:54.241,53.901,70,48,153.000000,255,398996547,2499,8
2026-03-28T21:58:54.263,53.923,71,47,153.551010,255,399006493,2508,8
2026-03-28T21:58:54.265,53.925,72,47,154.163269,255,399016457,2518,8
2026-03-28T21:58:54.266,53.926,73,47,154.714294,255,399026397,2527,8
2026-03-28T21:58:54.287,53.947,74,46,155.265305,255,399036356,2536,8
2026-03-28T21:58:54.289,53.949,75,46,155.877548,255,399046293,2546,8
2026-03-28T21:58:54.304,53.963,76,46,156.428574,255,399056248,2555,8
2026-03-28T21:58:54.305,53.965,77,46,156.979584,255,399066191,2564,8
2026-03-28T21:58:54.326,53.986,78,46,157.591843,255,399076146,2574,8
2026-03-28T21:58:54.328,53.987,79,46,158.142868,255,399086080,2583,8
2026-03-28T21:58:54.346,54.005,80,46,158.693878,255,399096039,2592,8
2026-03-28T21:58:54.347,54.007,81,45,159.306122,255,399105984,2602,8
2026-03-28T21:58:54.367,54.027,82,45,159.857147,255,399115950,2611,8
2026-03-28T21:58:54.369,54.029,83,45,160.408157,255,399125888,2620,8
2026-03-28T21:58:54.387,54.047,84,46,161.020416,255,399135857,2630,8
2026-03-28T21:58:54.389,54.049,85,47,161.571426,255,399145797,2639,8
2026-03-28T21:58:54.406,54.066,86,47,162.122437,255,399155760,2648,8
2026-03-28T21:58:54.408,54.068,87,48,162.734695,255,399165707,2658,8
2026-03-28T21:58:54.423,54.083,88,49,163.285721,255,399175673,2667,8
2026-03-28T21:58:54.425,54.085,89,49,163.836731,255,399185616,2676,8
2026-03-28T21:58:54.446,54.106,90,49,164.387756,255,399195577,2685,8
2026-03-28T21:58:54.448,54.108,91,50,165.000000,255,399205519,2695,8
2026-03-28T21:58:54.466,54.126,92,51,165.551010,255,399215480,2704,8
2026-03-28T21:58:54.468,54.128,93,52,166.102036,255,399225415,2713,8
2026-03-28T21:58:54.486,54.146,94,61,166.653061,255,399235375,2722,8
2026-03-28T21:58:54.488,54.148,95,68,167.265305,255,399245318,2732,8
2026-03-28T21:58:54.508,54.167,96,73,167.816330,255,399255275,2741,8
2026-03-28T21:58:54.509,54.169,97,118,168.367340,255,399265201,2750,8
2026-03-28T21:58:54.530,54.190,98,216,168.918365,255,399275156,2759,8
2026-03-28T21:58:54.531,54.191,99,241,169.469391,255,399285102,2768,8
