 (000.000000)  can0  123   [8]  98 00 25 42 B3 24 92 FF
 (000.000273)  can0  124   [8]  98 04 AD A3 41 05 B7 08
 (000.009888)  can0  123   [8]  99 00 25 42 B2 29 CC FF
 (000.009983)  can0  124   [8]  99 04 AD CA 23 05 AF 08
 (000.019818)  can0  123   [8]  9A 00 25 42 B1 4E 5E FF
 (000.019914)  can0  124   [8]  9A 04 AD F1 17 05 A8 08
 (000.029693)  can0  123   [8]  9B 00 25 42 B0 53 98 FF
 (000.029778)  can0  124   [8]  9B 04 AE 17 F6 05 A0 08
 (000.039538)  can0  123   [8]  9C 00 25 42 AF 58 D1 FF
 (000.039838)  can0  124   [8]  9C 04 AE 3E F0 05 98 08
 (000.049688)  can0  123   [8]  9D 00 25 42 AE 7D 63 FF
 (000.049725)  can0  124   [8]  9D 04 AE 65 CC 05 91 08
 (000.059532)  can0  123   [8]  9E 00 25 42 AD A1 F5 FF
 (000.059719)  can0  124   [8]  9E 04 AE 8C C4 05 8A 08
 (000.069444)  can0  123   [8]  9F 00 25 42 AC A7 2F FF
 (000.069619)  can0  124   [8]  9F 04 AE B3 9D 05 82 08
 (000.079321)  can0  123   [8]  A0 00 25 42 AB CB C1 FF
 (000.079544)  can0  124   [8]  A0 04 AE DA 99 05 7B 08
 (000.089372)  can0  123   [8]  A1 00 25 42 AA F0 54 FF
 (000.089398)  can0  124   [8]  A1 04 AF 01 77 05 74 08
 (000.099117)  can0  123   [8]  A2 00 25 42 A9 F5 8D FF
 (000.099365)  can0  124   [8]  A2 04 AF 28 70 05 6C 08
 (000.109076)  can0  123   [8]  A3 00 25 42 A9 1A 20 FF
 (000.109291)  can0  124   [8]  A3 04 AF 4F 4D 05 65 08
 (000.118939)  can0  123   [8]  A4 00 25 42 A8 3E B2 FF
 (000.119100)  can0  124   [8]  A4 04 AF 76 47 05 5E 08
 (000.128847)  can0  123   [8]  A5 00 25 42 A7 63 44 FF
 (000.128994)  can0  124   [8]  A5 04 AF 9D 25 05 57 08
 (000.138736)  can0  123   [8]  A6 00 25 42 A6 87 D6 FF
 (000.138888)  can0  124   [8]  A6 04 AF C4 1C 05 50 08
 (000.148615)  can0  123   [8]  A7 00 25 42 A5 8D 0F FF
 (000.148777)  can0  124   [8]  A7 04 AF EA F7 05 48 08
 (000.158683)  can0  123   [8]  A8 00 25 42 A4 B1 A2 FF
 (000.158699)  can0  124   [8]  A8 04 B0 11 ED 05 41 08
 (000.168701)  can0  123   [8]  A9 00 25 42 A3 D6 34 FF
 (000.168718)  can0  124   [8]  A9 04 B0 38 C5 05 3A 08
 (000.178392)  can0  123   [8]  AA 00 25 42 A2 FA C7 FF
 (000.178598)  can0  124   [8]  AA 04 B0 5F BC 05 33 08
 (000.188325)  can0  123   [8]  AB 00 25 42 A2 1F 58 FF
 (000.188498)  can0  124   [8]  AB 04 B0 86 99 05 2C 08
 (000.198477)  can0  123   [8]  AC 00 25 42 A1 43 EB FF
 (000.198532)  can0  124   [8]  AC 04 B0 AD 9A 05 25 08
 (000.208451)  can0  123   [8]  AD 00 25 42 A0 68 7D FF
 (000.208474)  can0  124   [8]  AD 04 B0 D4 7A 05 1E 08
 (000.218070)  can0  123   [8]  AE 00 25 42 9F 8D 10 FF
 (000.218328)  can0  124   [8]  AE 04 B0 FB 79 05 17 08
 (000.228209)  can0  123   [8]  AF 00 25 42 9E B1 A2 FF
 (000.228230)  can0  124   [8]  AF 04 B1 22 55 05 10 08
 (000.237891)  can0  123   [8]  B0 00 26 42 9D D6 34 FF
 (000.238074)  can0  124   [8]  B0 04 B1 49 51 05 09 08
 (000.247837)  can0  123   [8]  B1 00 26 42 9C FA C6 FF
 (000.247950)  can0  124   [8]  B1 04 B1 70 35 05 02 08
 (000.257739)  can0  123   [8]  B2 00 26 42 9C 3E B2 FF
 (000.257972)  can0  124   [8]  B2 04 B1 97 2F 04 FC 08
 (000.267640)  can0  123   [8]  B3 00 26 42 9B 63 44 FF
 (000.267950)  can0  124   [8]  B3 04 B1 BE 0C 04 F5 08
 (000.277564)  can0  123   [8]  B4 00 26 42 9A 87 D6 FF
 (000.277776)  can0  124   [8]  B4 04 B1 E5 07 04 EE 08
 (000.287460)  can0  123   [8]  B5 00 26 42 99 AC 68 FF
 (000.287670)  can0  124   [8]  B5 04 B2 0B EA 04 E7 08
 (000.297659)  can0  123   [8]  B6 00 26 42 98 D0 FB FF
 (000.297684)  can0  124   [8]  B6 04 B2 32 EA 04 E0 08
 (000.307261)  can0  123   [8]  B7 00 26 42 98 14 E6 FF
 (000.307447)  can0  124   [8]  B7 04 B2 59 CB 04 DA 08
 (000.317471)  can0  123   [8]  B8 00 26 42 97 39 78 FF
 (000.317498)  can0  124   [8]  B8 04 B2 80 C8 04 D3 08
 (000.327167)  can0  123   [8]  B9 00 26 42 96 5E 0B FF
 (000.327408)  can0  124   [8]  B9 04 B2 A7 A8 04 CC 08
 (000.337069)  can0  123   [8]  BA 00 26 42 95 82 9D FF
 (000.337254)  can0  124   [8]  BA 04 B2 CE A5 04 C5 08
 (000.346995)  can0  123   [8]  BB 00 26 42 94 C6 88 FF
 (000.347215)  can0  124   [8]  BB 04 B2 F5 86 04 BF 08
 (000.357056)  can0  123   [8]  BC 00 26 42 93 EB 1A FF
 (000.357075)  can0  124   [8]  BC 04 B3 1C 82 04 B8 08
 (000.366817)  can0  123   [8]  BD 00 26 42 93 0F AD FF
 (000.367043)  can0  124   [8]  BD 04 B3 43 5F 04 B1 08
 (000.376717)  can0  123   [8]  BE 00 26 42 92 34 3F FF
 (000.376947)  can0  124   [8]  BE 04 B3 6A 58 04 AA 08
 (000.386610)  can0  123   [8]  BF 00 26 42 91 58 D1 FF
 (000.386775)  can0  124   [8]  BF 04 B3 91 40 04 A3 08
 (000.396546)  can0  123   [8]  C0 00 26 42 90 7D 63 FF
 (000.396703)  can0  124   [8]  C0 04 B3 B8 36 04 9C 08
 (000.406480)  can0  123   [8]  C1 00 26 42 8F C1 4F FF
 (000.406692)  can0  124   [8]  C1 04 B3 DF 16 04 96 08
 (000.416361)  can0  123   [8]  C2 00 26 42 8E E5 E1 FF
 (000.416609)  can0  124   [8]  C2 04 B4 06 16 04 8F 08
 (000.426381)  can0  123   [8]  C3 00 26 42 8E 29 CC FF
 (000.426399)  can0  124   [8]  C3 04 B4 2C F3 04 89 08
 (000.436195)  can0  123   [8]  C4 00 26 42 8D 4E 5E FF
 (000.436359)  can0  124   [8]  C4 04 B4 53 F0 04 82 08
 (000.446294)  can0  123   [8]  C5 00 27 42 8C 92 49 FF
 (000.446328)  can0  124   [8]  C5 04 B4 7A CF 04 7C 08
 (000.456185)  can0  123   [8]  C6 00 27 42 8B B6 DB FF
 (000.456218)  can0  124   [8]  C6 04 B4 A1 CC 04 75 08
 (000.466052)  can0  123   [8]  C7 00 27 42 8A FA C7 FF
 (000.466083)  can0  124   [8]  C7 04 B4 C8 AB 04 6F 08
 (000.475929)  can0  123   [8]  C8 00 27 42 8A 1F 59 FF
 (000.476332)  can0  124   [8]  C8 04 B4 EF A8 04 68 08
 (000.485686)  can0  123   [8]  C9 00 27 42 89 63 44 FF
 (000.485932)  can0  124   [8]  C9 04 B5 16 89 04 62 08
 (000.495682)  can0  123   [8]  CA 00 27 42 88 87 D6 FF
 (000.495850)  can0  124   [8]  CA 04 B5 3D 84 04 5B 08
 (000.505554)  can0  123   [8]  CB 00 27 42 87 AC 69 FF
 (000.505735)  can0  124   [8]  CB 04 B5 64 63 04 54 08
 (000.515525)  can0  123   [8]  CC 00 27 42 86 F0 53 FF
 (000.515698)  can0  124   [8]  CC 04 B5 8B 5B 04 4E 08
 (000.525406)  can0  123   [8]  CD 00 27 42 86 34 3F FF
 (000.525576)  can0  124   [8]  CD 04 B5 B2 3E 04 48 08
 (000.535395)  can0  123   [8]  CE 00 27 42 85 58 D1 FF
 (000.535512)  can0  124   [8]  CE 04 B5 D9 3D 04 41 08
 (000.545272)  can0  123   [8]  CF 00 27 42 84 7D 63 FF
 (000.545420)  can0  124   [8]  CF 04 B6 00 22 04 3A 08
 (000.555136)  can0  123   [8]  D0 00 27 42 83 A1 F6 FF
 (000.555317)  can0  124   [8]  D0 04 B6 27 22 04 33 08
 (000.565138)  can0  123   [8]  D1 00 27 42 82 E5 E1 FF
 (000.565260)  can0  124   [8]  D1 04 B6 4E 05 04 2D 08
 (000.574988)  can0  123   [8]  D2 00 27 42 82 0A 73 FF
 (000.575247)  can0  124   [8]  D2 04 B6 75 0A 04 26 08
 (000.584953)  can0  123   [8]  D3 00 27 42 81 2F 05 FF
 (000.585105)  can0  124   [8]  D3 04 B6 9B E7 04 1F 08
 (000.594895)  can0  123   [8]  D4 00 27 42 80 53 98 FF
 (000.595022)  can0  124   [8]  D4 04 B6 C2 E5 04 18 08
 (000.604719)  can0  123   [8]  D5 00 27 42 7E F0 54 FF
 (000.604985)  can0  124   [8]  D5 04 B6 E9 CD 04 11 08
 (000.614693)  can0  123   [8]  D6 00 27 42 7D 39 79 FF
 (000.614885)  can0  124   [8]  D6 04 B7 10 D1 04 0A 08
 (000.624601)  can0  123   [8]  D7 00 27 42 7B 82 9D FF
 (000.624766)  can0  124   [8]  D7 04 B7 37 B7 04 03 08
 (000.634459)  can0  123   [8]  D8 00 27 42 79 CB C2 FF
 (000.634691)  can0  124   [8]  D8 04 B7 5E B6 03 FC 08
 (000.644440)  can0  123   [8]  D9 00 27 42 78 53 97 FF
 (000.644694)  can0  124   [8]  D9 04 B7 85 9E 03 F6 08
 (000.654281)  can0  123   [8]  DA 00 27 42 76 5E 0B FF
 (000.654516)  can0  124   [8]  DA 04 B7 AC 9E 03 EE 08
 (000.664256)  can0  123   [8]  DB 00 28 42 74 E5 E0 FF
 (000.664388)  can0  124   [8]  DB 04 B7 D3 82 03 E8 08
 (000.674092)  can0  123   [8]  DC 00 28 42 73 2F 06 FF
 (000.674462)  can0  124   [8]  DC 04 B7 FA 84 03 E1 08
 (000.684070)  can0  123   [8]  DD 00 28 42 71 78 2A FF
 (000.684272)  can0  124   [8]  DD 04 B8 21 6C 03 DA 08
 (000.693956)  can0  123   [8]  DE 00 28 42 70 00 00 FF
 (000.694230)  can0  124   [8]  DE 04 B8 48 74 03 D4 08
 (000.703888)  can0  123   [8]  DF 00 28 42 6E 49 24 FF
 (000.704050)  can0  124   [8]  DF 04 B8 6F 58 03 CD 08
 (000.713864)  can0  123   [8]  E0 00 28 42 6C D0 FB FF
 (000.714150)  can0  124   [8]  E0 04 B8 96 55 03 C7 08
 (000.723684)  can0  123   [8]  E1 00 28 42 6B 1A 1F FF
 (000.723896)  can0  124   [8]  E1 04 B8 BD 36 03 C0 08
 (000.733600)  can0  123   [8]  E2 00 28 42 69 A1 F6 FF
 (000.733798)  can0  124   [8]  E2 04 B8 E4 30 03 BA 08
 (000.743536)  can0  123   [8]  E3 00 28 42 67 EB 1A FF
 (000.743746)  can0  124   [8]  E3 04 B9 0B 0F 03 B3 08
 (000.753461)  can0  123   [8]  E4 00 28 42 66 34 3F FF
 (000.753630)  can0  124   [8]  E4 04 B9 32 08 03 AC 08
 (000.763412)  can0  123   [8]  E5 00 28 42 64 BC 14 FF
 (000.763813)  can0  124   [8]  E5 04 B9 58 EC 03 A6 08
 (000.773328)  can0  123   [8]  E6 00 28 42 63 05 3A FF
 (000.773604)  can0  124   [8]  E6 04 B9 7F E9 03 9F 08
 (000.783198)  can0  123   [8]  E7 00 28 42 61 4E 5E FF
 (000.783463)  can0  124   [8]  E7 04 B9 A6 CC 03 98 08
 (000.793352)  can0  123   [8]  E8 00 28 42 5F D6 34 FF
 (000.793391)  can0  124   [8]  E8 04 B9 CD C3 03 92 08
 (000.803088)  can0  123   [8]  E9 00 28 42 5E 1F 58 FF
 (000.803220)  can0  124   [8]  E9 04 B9 F4 A9 03 8B 08
 (000.812955)  can0  123   [8]  EA 00 28 42 5C A7 2F FF
 (000.813156)  can0  124   [8]  EA 04 BA 1B A2 03 85 08
 (000.822828)  can0  123   [8]  EB 00 28 42 5A F0 53 FF
 (000.823190)  can0  124   [8]  EB 04 BA 42 81 03 7E 08
 (000.832794)  can0  123   [8]  EC 00 29 42 59 39 78 FF
 (000.832981)  can0  124   [8]  EC 04 BA 69 76 03 77 08
 (000.842711)  can0  123   [8]  ED 00 29 42 57 C1 4F FF
 (000.843000)  can0  124   [8]  ED 04 BA 90 4F 03 71 08
 (000.852752)  can0  123   [8]  EE 00 29 42 56 0A 73 FF
 (000.852977)  can0  124   [8]  EE 04 BA B7 4A 03 6A 08
 (000.862869)  can0  123   [8]  EF 00 29 42 54 53 98 FF
 (000.862924)  can0  124   [8]  EF 04 BA DE 2C 03 63 08
 (000.872509)  can0  123   [8]  F0 00 29 42 52 DB 6E FF
 (000.872624)  can0  124   [8]  F0 04 BB 05 2B 03 5D 08
 (000.882433)  can0  123   [8]  F1 00 29 42 51 24 93 FF
 (000.882647)  can0  124   [8]  F1 04 BB 2C 08 03 56 08
 (000.892488)  can0  123   [8]  F2 00 29 42 4F AC 68 FF
 (000.892708)  can0  124   [8]  F2 04 BB 53 06 03 50 08
 (000.902426)  can0  123   [8]  F3 00 29 42 4E 34 3F FF
 (000.902595)  can0  124   [8]  F3 04 BB 79 EC 03 4A 08
 (000.912275)  can0  123   [8]  F4 00 29 42 4C 7D 63 FF
 (000.912303)  can0  124   [8]  F4 04 BB A0 EA 03 43 08
 (000.921980)  can0  123   [8]  F5 00 29 42 4B 05 3A FF
 (000.922308)  can0  124   [8]  F5 04 BB C7 CF 03 3D 08
 (000.931889)  can0  123   [8]  F6 00 29 42 49 8D 0F FF
 (000.932108)  can0  124   [8]  F6 04 BB EE CD 03 37 08
 (000.941836)  can0  123   [8]  F7 00 29 42 48 14 E6 FF
 (000.942080)  can0  124   [8]  F7 04 BC 15 AE 03 31 08
 (000.951969)  can0  123   [8]  F8 00 2A 42 46 5E 0A FF
 (000.952005)  can0  124   [8]  F8 04 BC 3C AA 03 2A 08
 (000.961744)  can0  123   [8]  F9 00 2A 42 44 E5 E1 FF
 (000.962180)  can0  124   [8]  F9 04 BC 63 88 03 24 08
 (000.971929)  can0  123   [8]  FA 00 2A 42 43 6D B8 FF
 (000.971964)  can0  124   [8]  FA 04 BC 8A 87 03 1E 08
 (000.981451)  can0  123   [8]  FB 00 2A 42 41 F5 8D FF
 (000.981793)  can0  124   [8]  FB 04 BC B1 6D 03 18 08
 (000.991739)  can0  123   [8]  FC 00 2A 42 40 7D 64 FF
 (000.991758)  can0  124   [8]  FC 04 BC D8 70 03 12 08
 (001.001426)  can0  123   [8]  FD 00 2A 42 3E C6 88 FF
 (001.001634)  can0  124   [8]  FD 04 BC FF 5B 03 0B 08
 (001.011274)  can0  123   [8]  FE 00 2A 42 3D 4E 5E FF
 (001.011450)  can0  124   [8]  FE 04 BD 26 5C 03 05 08
 (001.021196)  can0  123   [8]  FF 00 2B 42 3B D6 34 FF
 (001.021384)  can0  124   [8]  FF 04 BD 4D 3E 02 FF 08
 (001.031181)  can0  123   [8]  00 00 2B 42 3A 1F 59 FF
 (001.031490)  can0  124   [8]  00 04 BD 74 3E 02 F8 08
 (001.041129)  can0  123   [8]  01 00 2B 42 38 A7 2E FF
 (001.041265)  can0  124   [8]  01 04 BD 9B 26 02 F2 08
 (001.050925)  can0  123   [8]  02 00 2B 42 37 2F 05 FF
 (001.051259)  can0  124   [8]  02 04 BD C2 28 02 EC 08
 (001.060878)  can0  123   [8]  03 00 2B 42 35 B6 DC FF
 (001.061001)  can0  124   [8]  03 04 BD E9 12 02 E6 08
 (001.070761)  can0  123   [8]  04 00 2B 42 34 00 00 FF
 (001.070961)  can0  124   [8]  04 04 BE 10 09 02 DF 08
 (001.080683)  can0  123   [8]  05 00 2B 42 32 49 25 FF
 (001.080914)  can0  124   [8]  05 04 BE 36 EF 02 D8 08
 (001.090593)  can0  123   [8]  06 00 2B 42 30 D0 FB FF
 (001.090820)  can0  124   [8]  06 04 BE 5D EF 02 D2 08
 (001.100429)  can0  123   [8]  07 00 2B 42 2F 58 D1 FF
 (001.100667)  can0  124   [8]  07 04 BE 84 D9 02 CC 08
 (001.110385)  can0  123   [8]  08 00 2B 42 2D A1 F5 FF
 (001.110622)  can0  124   [8]  08 04 BE AB D8 02 C5 08
 (001.120288)  can0  123   [8]  09 00 2C 42 2C 29 CB FF
 (001.120514)  can0  124   [8]  09 04 BE D2 BD 02 BF 08
 (001.130229)  can0  123   [8]  0A 00 2C 42 2A B1 A2 FF
 (001.130678)  can0  124   [8]  0A 04 BE F9 B3 02 B9 08
 (001.140160)  can0  123   [8]  0B 00 2C 42 28 FA C7 FF
 (001.140381)  can0  124   [8]  0B 04 BF 20 9A 02 B2 08
 (001.150106)  can0  123   [8]  0C 00 2C 42 27 82 9D FF
 (001.150338)  can0  124   [8]  0C 04 BF 47 A0 02 AC 08
 (001.159978)  can0  123   [8]  0D 00 2C 42 26 0A 73 FF
 (001.160324)  can0  124   [8]  0D 04 BF 6E 81 02 A6 08
 (001.170028)  can0  123   [8]  0E 00 2D 42 24 92 49 FF
 (001.170202)  can0  124   [8]  0E 04 BF 95 83 02 A0 08
 (001.179814)  can0  123   [8]  0F 00 2D 42 23 1A 1F FF
 (001.180256)  can0  124   [8]  0F 04 BF BC 5C 02 9A 08
 (001.189950)  can0  123   [8]  10 00 2D 42 21 E0 A7 FF
 (001.189986)  can0  124   [8]  10 04 BF E3 65 02 95 08
 (001.199916)  can0  123   [8]  11 00 2D 42 20 68 7D FF
 (001.199950)  can0  124   [8]  11 04 C0 0A 49 02 8F 08
 (001.209612)  can0  123   [8]  12 00 2E 42 1E F0 54 FF
 (001.209957)  can0  124   [8]  12 04 C0 31 46 02 89 08
 (001.219638)  can0  123   [8]  13 00 2E 42 1D 78 2A FF
 (001.219679)  can0  124   [8]  13 04 C0 58 2D 02 83 08
 (001.229470)  can0  123   [8]  14 00 2E 42 1C 00 00 FF
 (001.229617)  can0  124   [8]  14 04 C0 7F 26 02 7D 08
 (001.239495)  can0  123   [8]  15 00 2E 42 1A 87 D6 FF
 (001.239513)  can0  124   [8]  15 04 C0 A6 08 02 77 08
 (001.249355)  can0  123   [8]  16 00 2F 42 19 0F AC FF
 (001.249499)  can0  124   [8]  16 04 C0 CD 08 02 71 08
 (001.259220)  can0  123   [8]  17 00 2F 42 17 97 82 FF
 (001.259353)  can0  124   [8]  17 04 C0 F3 EB 02 6B 08
 (001.269176)  can0  123   [8]  18 00 2F 42 16 5E 0B FF
 (001.269451)  can0  124   [8]  18 04 C1 1A EA 02 66 08
 (001.278989)  can0  123   [8]  19 00 2F 42 14 A7 2F FF
 (001.279523)  can0  124   [8]  19 04 C1 41 CD 02 5F 08
 (001.288869)  can0  123   [8]  1A 00 30 42 13 2F 05 FF
 (001.289111)  can0  124   [8]  1A 04 C1 68 CE 02 59 08
 (001.298765)  can0  123   [8]  1B 00 30 42 11 B6 DC FF
 (001.299289)  can0  124   [8]  1B 04 C1 8F B0 02 53 08
 (001.308772)  can0  123   [8]  1C 00 30 42 10 3E B2 FF
 (001.308901)  can0  124   [8]  1C 04 C1 B6 B3 02 4D 08
 (001.318593)  can0  123   [8]  1D 00 31 42 0E C6 88 FF
 (001.318950)  can0  124   [8]  1D 04 C1 DD 9B 02 47 08
 (001.328550)  can0  123   [8]  1E 00 31 42 0D 4E 5E FF
 (001.328813)  can0  124   [8]  1E 04 C2 04 9B 02 41 08
 (001.338425)  can0  123   [8]  1F 00 31 42 0B 97 82 FF
 (001.338669)  can0  124   [8]  1F 04 C2 2B 87 02 3A 08
 (001.348440)  can0  123   [8]  20 00 32 42 0A 1F 59 FF
 (001.348746)  can0  124   [8]  20 04 C2 52 80 02 34 08
 (001.358283)  can0  123   [8]  21 00 32 42 08 A7 2F FF
 (001.358578)  can0  124   [8]  21 04 C2 79 69 02 2E 08
 (001.368227)  can0  123   [8]  22 00 33 42 07 2F 06 FF
 (001.368547)  can0  124   [8]  22 04 C2 A0 66 02 28 08
 (001.378086)  can0  123   [8]  23 00 33 42 05 B6 DC FF
 (001.378329)  can0  124   [8]  23 04 C2 C7 4D 02 22 08
 (001.388033)  can0  123   [8]  24 00 34 42 04 7D 63 FF
 (001.388261)  can0  124   [8]  24 04 C2 EE 4D 02 1D 08
 (001.398009)  can0  123   [8]  25 00 34 42 03 05 39 FF
 (001.398173)  can0  124   [8]  25 04 C3 15 35 02 17 08
 (001.408118)  can0  123   [8]  26 00 34 42 01 CB C1 FF
 (001.408154)  can0  124   [8]  26 04 C3 3C 39 02 12 08
 (001.417778)  can0  123   [8]  27 00 35 42 00 53 98 FF
 (001.418032)  can0  124   [8]  27 04 C3 63 23 02 0C 08
 (001.427728)  can0  123   [8]  28 00 36 41 FD B6 DC FF
 (001.427966)  can0  124   [8]  28 04 C3 8A 20 02 06 08
 (001.437635)  can0  123   [8]  29 00 36 41 FA C6 88 FF
 (001.437912)  can0  124   [8]  29 04 C3 B1 05 02 00 08
 (001.447522)  can0  123   [8]  2A 00 37 41 F8 53 97 FF
 (001.447856)  can0  124   [8]  2A 04 C3 D8 00 01 FB 08
 (001.457706)  can0  123   [8]  2B 00 38 41 F5 63 44 FF
 (001.457744)  can0  124   [8]  2B 04 C3 FE E3 01 F5 08
 (001.467446)  can0  123   [8]  2C 00 3C 41 F2 F0 54 FF
 (001.467612)  can0  124   [8]  2C 04 C4 25 E6 01 F0 08
 (001.477265)  can0  123   [8]  2D 00 3F 41 F0 7D 64 FF
 (001.477536)  can0  124   [8]  2D 04 C4 4C CA 01 EB 08
 (001.487290)  can0  123   [8]  2E 00 41 41 ED 8D 10 FF
 (001.487384)  can0  124   [8]  2E 04 C4 73 C7 01 E5 08
 (001.497079)  can0  123   [8]  2F 00 42 41 EB 1A 1F FF
 (001.497253)  can0  124   [8]  2F 04 C4 9A AB 01 E0 08
 (001.507153)  can0  123   [8]  30 00 42 41 E8 29 CB FF
 (001.507278)  can0  124   [8]  30 04 C4 C1 AC 01 DA 08
 (001.517011)  can0  123   [8]  31 00 42 41 E5 39 77 FF
 (001.517100)  can0  124   [8]  31 04 C4 E8 91 01 D4 08
 (001.526885)  can0  123   [8]  32 00 42 41 E2 C6 88 FF
 (001.527134)  can0  124   [8]  32 04 C5 0F 8C 01 CF 08
 (001.536870)  can0  123   [8]  33 00 42 41 DF D6 34 FF
 (001.537294)  can0  124   [8]  33 04 C5 36 71 01 C9 08
 (001.546789)  can0  123   [8]  34 00 42 41 DD 63 44 FF
 (001.546914)  can0  124   [8]  34 04 C5 5D 6A 01 C4 08
 (001.556873)  can0  123   [8]  35 00 41 41 DA F0 53 FF
 (001.556910)  can0  124   [8]  35 04 C5 84 4C 01 BF 08
 (001.566718)  can0  123   [8]  36 00 41 41 D8 7D 64 FF
 (001.566750)  can0  124   [8]  36 04 C5 AB 45 01 BA 08
 (001.576507)  can0  123   [8]  37 00 41 41 D5 8D 10 FF
 (001.576759)  can0  124   [8]  37 04 C5 D2 23 01 B4 08
 (001.586497)  can0  123   [8]  38 00 41 41 D3 1A 1F FF
 (001.586658)  can0  124   [8]  38 04 C5 F9 28 01 AF 08
 (001.596509)  can0  123   [8]  39 00 41 41 D0 29 CB FF
 (001.596543)  can0  124   [8]  39 04 C6 20 0C 01 A9 08
 (001.606383)  can0  123   [8]  3A 00 41 41 CD B6 DC FF
 (001.606397)  can0  124   [8]  3A 04 C6 47 07 01 A4 08
 (001.616173)  can0  123   [8]  3B 00 40 41 CA C6 88 FF
 (001.616303)  can0  124   [8]  3B 04 C6 6D F0 01 9E 08
 (001.626017)  can0  123   [8]  3C 00 40 41 C7 D6 34 FF
 (001.626394)  can0  124   [8]  3C 04 C6 94 EC 01 98 08
 (001.636000)  can0  123   [8]  3D 00 40 41 C5 63 44 FF
 (001.636097)  can0  124   [8]  3D 04 C6 BB D0 01 93 08
 (001.645861)  can0  123   [8]  3E 00 40 41 C2 F0 53 FF
 (001.646200)  can0  124   [8]  3E 04 C6 E2 D0 01 8E 08
 (001.655824)  can0  123   [8]  3F 00 40 41 C0 00 01 FF
 (001.655967)  can0  124   [8]  3F 04 C7 09 B0 01 88 08
 (001.665671)  can0  123   [8]  40 00 40 41 BD 8D 10 FF
 (001.666022)  can0  124   [8]  40 04 C7 30 A8 01 83 08
 (001.675568)  can0  123   [8]  41 00 40 41 BA 9C BC FF
 (001.675879)  can0  124   [8]  41 04 C7 57 8A 01 7D 08
 (001.685560)  can0  123   [8]  42 00 40 41 B8 29 CB FF
 (001.685720)  can0  124   [8]  42 04 C7 7E 87 01 78 08
 (001.695404)  can0  123   [8]  43 00 40 41 B5 B6 DC FF
 (001.695696)  can0  124   [8]  43 04 C7 A5 66 01 73 08
 (001.705379)  can0  123   [8]  44 00 3F 41 B3 43 EB FF
 (001.705549)  can0  124   [8]  44 04 C7 CC 65 01 6E 08
 (001.715421)  can0  123   [8]  45 00 3F 41 B0 D0 FB FF
 (001.715434)  can0  124   [8]  45 04 C7 F3 45 01 69 08
 (001.725205)  can0  123   [8]  46 00 3F 41 AE 5E 0B FF
 (001.725378)  can0  124   [8]  46 04 C8 1A 44 01 64 08
 (001.735330)  can0  123   [8]  47 00 3F 41 AB EB 1A FF
 (001.735336)  can0  124   [8]  47 04 C8 41 28 01 5F 08
 (001.745063)  can0  123   [8]  48 00 3F 41 A9 78 2A FF
 (001.745234)  can0  124   [8]  48 04 C8 68 24 01 5A 08
 (001.755085)  can0  123   [8]  49 00 3F 41 A7 05 39 FF
 (001.755098)  can0  124   [8]  49 04 C8 8E FD 01 55 08
 (001.764952)  can0  123   [8]  4A 00 3F 41 A4 92 49 FF
 (001.764961)  can0  124   [8]  4A 04 C8 B6 01 01 50 08
 (001.774755)  can0  123   [8]  4B 00 3F 41 A2 1F 58 FF
 (001.775075)  can0  124   [8]  4B 04 C8 DC DF 01 4B 08
 (001.784759)  can0  123   [8]  4C 00 3F 41 9F AC 68 FF
 (001.784917)  can0  124   [8]  4C 04 C9 03 D7 01 46 08
 (001.794508)  can0  123   [8]  4D 00 3F 41 9D 39 78 FF
 (001.794763)  can0  124   [8]  4D 04 C9 2A B7 01 41 08
 (001.804472)  can0  123   [8]  4E 00 3F 41 9A C6 88 FF
 (001.804770)  can0  124   [8]  4E 04 C9 51 AF 01 3C 08
 (001.814587)  can0  123   [8]  4F 00 3F 41 98 D0 FB FF
 (001.814701)  can0  124   [8]  4F 04 C9 78 90 01 38 08
 (001.824601)  can0  123   [8]  50 00 3F 41 95 E0 A7 FF
 (001.824646)  can0  124   [8]  50 04 C9 9F 8D 01 32 08
 (001.834320)  can0  123   [8]  51 00 3E 41 93 6D B7 FF
 (001.834719)  can0  124   [8]  51 04 C9 C6 6F 01 2D 08
 (001.845748)  can0  123   [8]  52 00 3E 41 90 FA C6 FF
 (001.845777)  can0  124   [8]  52 04 C9 ED 68 01 28 08
 (001.854017)  can0  123   [8]  53 00 3E 41 8E 87 D6 FF
 (001.854232)  can0  124   [8]  53 04 CA 14 45 01 23 08
 (001.863963)  can0  123   [8]  54 00 3E 41 8C 14 E6 FF
 (001.864196)  can0  124   [8]  54 04 CA 3B 3B 01 1E 08
 (001.873904)  can0  123   [8]  55 00 3E 41 89 A1 F6 FF
 (001.874132)  can0  124   [8]  55 04 CA 62 1A 01 19 08
 (001.883844)  can0  123   [8]  56 00 3E 41 87 2F 06 FF
 (001.884069)  can0  124   [8]  56 04 CA 89 17 01 14 08
 (001.893726)  can0  123   [8]  57 00 3E 41 84 BC 15 FF
 (001.893964)  can0  124   [8]  57 04 CA AF FA 01 0F 08
 (001.903919)  can0  123   [8]  58 00 3E 41 82 49 25 FF
 (001.903955)  can0  124   [8]  58 04 CA D6 EF 01 0A 08
 (001.913881)  can0  123   [8]  59 00 3E 41 7F AC 68 FF
 (001.913923)  can0  124   [8]  59 04 CA FD D0 01 05 08
 (001.923488)  can0  123   [8]  5A 00 3E 41 7A C6 88 FF
 (001.923696)  can0  124   [8]  5A 04 CB 24 CC 01 00 08
 (001.933479)  can0  123   [8]  5B 00 3E 41 74 E5 E0 FF
 (001.933637)  can0  124   [8]  5B 04 CB 4B AA 00 FA 08
 (001.943360)  can0  123   [8]  5C 00 3E 41 70 00 00 FF
 (001.943568)  can0  124   [8]  5C 04 CB 72 AF 00 F5 08
 (001.953718)  can0  123   [8]  5D 00 3E 41 6B 1A 1F FF
 (001.953760)  can0  124   [8]  5D 04 CB 99 8D 00 F0 08
 (001.963243)  can0  123   [8]  5E 00 3E 41 67 2F 05 FF
 (001.963386)  can0  124   [8]  5E 04 CB C0 87 00 EC 08
 (001.973096)  can0  123   [8]  5F 00 3E 41 63 43 EB FF
 (001.973336)  can0  124   [8]  5F 04 CB E7 65 00 E8 08
 (001.983186)  can0  123   [8]  60 00 3E 41 5F 58 D1 FF
 (001.983443)  can0  124   [8]  60 04 CC 0E 5D 00 E4 08
 (001.993156)  can0  123   [8]  61 00 3E 41 5A 72 F0 FF
 (001.993171)  can0  124   [8]  61 04 CC 35 3B 00 DF 08
 (002.003015)  can0  123   [8]  62 00 3E 41 56 87 D6 FF
 (002.003051)  can0  124   [8]  62 04 CC 5C 31 00 DB 08
 (002.012959)  can0  123   [8]  63 00 3E 41 51 A1 F6 FF
 (002.012993)  can0  124   [8]  63 04 CC 83 16 00 D6 08
 (002.022706)  can0  123   [8]  64 00 3E 41 4D B6 DC FF
 (002.023023)  can0  124   [8]  64 04 CC AA 14 00 D2 08
 (002.032608)  can0  123   [8]  65 00 3E 41 48 D0 FB FF
 (002.032758)  can0  124   [8]  65 04 CC D0 F6 00 CD 08
 (002.042584)  can0  123   [8]  66 00 3E 41 43 EB 1B FF
 (002.042944)  can0  124   [8]  66 04 CC F7 F1 00 C8 08
 (002.052413)  can0  123   [8]  67 00 3E 41 3F 05 39 FF
 (002.052683)  can0  124   [8]  67 04 CD 1E D6 00 C3 08
 (002.062325)  can0  123   [8]  68 00 3E 41 3B 1A 1F FF
 (002.062490)  can0  124   [8]  68 04 CD 45 D2 00 BF 08
 (002.072202)  can0  123   [8]  69 00 3D 41 36 34 3F FF
 (002.072405)  can0  124   [8]  69 04 CD 6C B7 00 BA 08
 (002.082250)  can0  123   [8]  6A 00 3D 41 32 49 25 FF
 (002.082343)  can0  124   [8]  6A 04 CD 93 B2 00 B6 08
 (002.092137)  can0  123   [8]  6B 00 3E 41 2E 5E 0B FF
 (002.092246)  can0  124   [8]  6B 04 CD BA 95 00 B2 08
 (002.102030)  can0  123   [8]  6C 00 3D 41 29 78 2A FF
 (002.102134)  can0  124   [8]  6C 04 CD E1 91 00 AD 08
 (002.111932)  can0  123   [8]  6D 00 3D 41 24 92 49 FF
 (002.111989)  can0  124   [8]  6D 04 CE 08 72 00 A8 08
 (002.121780)  can0  123   [8]  6E 00 3D 41 20 A7 2F FF
 (002.121995)  can0  124   [8]  6E 04 CE 2F 6C 00 A4 08
 (002.132177)  can0  123   [8]  6F 00 3D 41 1B C1 4F FF
 (002.132186)  can0  124   [8]  6F 04 CE 56 4F 00 9F 08
 (002.141654)  can0  123   [8]  70 00 3D 41 16 DB 6E FF
 (002.142043)  can0  124   [8]  70 04 CE 7D 4D 00 9A 08
 (002.151560)  can0  123   [8]  71 00 3D 41 11 F5 8D FF
 (002.152842)  can0  124   [8]  71 04 CE A4 30 00 95 08
 (002.161475)  can0  123   [8]  72 00 3D 41 0D 0F AC FF
 (002.161785)  can0  124   [8]  72 04 CE CB 27 00 90 08
 (002.171343)  can0  123   [8]  73 00 3D 41 09 24 92 FF
 (002.171604)  can0  124   [8]  73 04 CE F2 0B 00 8C 08
 (002.181336)  can0  123   [8]  74 00 3D 41 04 3E B2 FF
 (002.181411)  can0  124   [8]  74 04 CF 19 06 00 87 08
 (002.191247)  can0  123   [8]  75 00 3D 40 FE B1 A2 FF
 (002.191467)  can0  124   [8]  75 04 CF 3F E6 00 82 08
 (002.201175)  can0  123   [8]  76 00 3D 40 F6 DB 6E FF
 (002.201297)  can0  124   [8]  76 04 CF 66 E4 00 7E 08
 (002.210925)  can0  123   [8]  77 00 3C 40 EF 05 39 FF
 (002.211243)  can0  124   [8]  77 04 CF 8D C5 00 7A 08
 (002.220991)  can0  123   [8]  78 00 3B 40 EF 05 39 FF
 (002.221222)  can0  124   [8]  78 04 CF B4 C6 00 7A 08
 (002.230892)  can0  123   [8]  79 00 3B 40 EF 05 39 FF
 (002.231153)  can0  124   [8]  79 04 CF DB A6 00 7A 08
 (002.240783)  can0  123   [8]  7A 00 3B 40 EF 05 39 FF
 (002.241056)  can0  124   [8]  7A 04 D0 02 9D 00 7A 08
 (002.250791)  can0  123   [8]  7B 00 3B 40 EF 05 39 FF
 (002.250853)  can0  124   [8]  7B 04 D0 29 7B 00 7A 08
 (002.260670)  can0  123   [8]  7C 00 3C 40 F0 FA C7 FF
 (002.260907)  can0  124   [8]  7C 04 D0 50 7A 00 7B 08
 (002.270678)  can0  123   [8]  7D 00 3C 40 F2 F0 54 FF
 (002.270777)  can0  124   [8]  7D 04 D0 77 5F 00 7C 08
 (002.280418)  can0  123   [8]  7E 00 3C 40 F6 DB 6E FF
 (002.280621)  can0  124   [8]  7E 04 D0 9E 53 00 7E 08
 (002.290234)  can0  123   [8]  7F 00 3C 40 FA C6 88 FF
 (002.290464)  can0  124   [8]  7F 04 D0 C5 3A 00 80 08
 (002.300254)  can0  123   [8]  80 00 3C 40 FE B1 A2 FF
 (002.300595)  can0  124   [8]  80 04 D0 EC 35 00 82 08
 (002.310374)  can0  123   [8]  81 00 3C 41 03 43 EB FF
 (002.310404)  can0  124   [8]  81 04 D1 13 1A 00 86 08
 (002.320157)  can0  123   [8]  82 00 3C 41 07 2F 06 FF
 (002.320332)  can0  124   [8]  82 04 D1 3A 12 00 8A 08
 (002.330041)  can0  123   [8]  83 00 3C 41 0B 1A 1F FF
 (002.330326)  can0  124   [8]  83 04 D1 60 F7 00 8E 08
 (002.339975)  can0  123   [8]  84 00 3C 41 0F 05 39 FF
 (002.340167)  can0  124   [8]  84 04 D1 87 F4 00 92 08
 (002.349897)  can0  123   [8]  85 00 3C 41 12 F0 54 FF
 (002.350027)  can0  124   [8]  85 04 D1 AE D4 00 96 08
 (002.359802)  can0  123   [8]  86 00 3C 41 16 DB 6E FF
 (002.359985)  can0  124   [8]  86 04 D1 D5 D3 00 9A 08
 (002.370038)  can0  123   [8]  87 00 3C 41 1A C6 88 FF
 (002.370067)  can0  124   [8]  87 04 D1 FC B5 00 9E 08
 (002.379519)  can0  123   [8]  88 00 3C 41 1F AC 68 FF
 (002.379815)  can0  124   [8]  88 04 D2 23 AF 00 A3 08
 (002.389615)  can0  123   [8]  89 00 3C 41 23 97 82 FF
 (002.389725)  can0  124   [8]  89 04 D2 4A 90 00 A7 08
 (002.399448)  can0  123   [8]  8A 00 3C 41 28 7D 63 FF
 (002.399653)  can0  124   [8]  8A 04 D2 71 8E 00 AC 08
 (002.409281)  can0  123   [8]  8B 00 3C 41 2C 68 7E FF
 (002.409503)  can0  124   [8]  8B 04 D2 98 71 00 B0 08
 (002.419256)  can0  123   [8]  8C 00 3C 41 31 4E 5E FF
 (002.419655)  can0  124   [8]  8C 04 D2 BF 6E 00 B5 08
 (002.429213)  can0  123   [8]  8D 00 3C 41 35 39 78 FF
 (002.429353)  can0  124   [8]  8D 04 D2 E6 52 00 B9 08
 (002.439118)  can0  123   [8]  8E 00 3C 41 3A 1F 59 FF
 (002.439273)  can0  124   [8]  8E 04 D3 0D 4E 00 BE 08
 (002.448959)  can0  123   [8]  8F 00 3C 41 3E 0A 73 FF
 (002.449182)  can0  124   [8]  8F 04 D3 34 32 00 C2 08
 (002.458891)  can0  123   [8]  90 00 3C 41 42 F0 53 FF
 (002.459092)  can0  124   [8]  90 04 D3 5B 2E 00 C7 08
 (002.468786)  can0  123   [8]  91 00 3C 41 47 D6 34 FF
 (002.469109)  can0  124   [8]  91 04 D3 82 0F 00 CC 08
 (002.478813)  can0  123   [8]  92 00 3C 41 4C BC 14 FF
 (002.479006)  can0  124   [8]  92 04 D3 A9 0D 00 D1 08
 (002.488673)  can0  123   [8]  93 00 3C 41 51 A1 F6 FF
 (002.488885)  can0  124   [8]  93 04 D3 CF F2 00 D6 08
 (002.498539)  can0  123   [8]  94 00 3C 41 56 87 D6 FF
 (002.498785)  can0  124   [8]  94 04 D3 F6 F7 00 DB 08
 (002.508596)  can0  123   [8]  95 00 3C 41 5B 6D B7 FF
 (002.508762)  can0  124   [8]  95 04 D4 1D DF 00 E0 08
 (002.518513)  can0  123   [8]  96 00 3C 41 60 53 97 FF
 (002.518701)  can0  124   [8]  96 04 D4 44 E8 00 E5 08
 (002.528500)  can0  123   [8]  97 00 3C 41 65 39 77 FF
 (002.528674)  can0  124   [8]  97 04 D4 6B CD 00 EA 08
 (002.538332)  can0  123   [8]  98 00 3C 41 6A 1F 59 FF
 (002.538460)  can0  124   [8]  98 04 D4 92 CA 00 EF 08
 (002.548144)  can0  123   [8]  99 00 3C 41 70 00 00 FF
 (002.548477)  can0  124   [8]  99 04 D4 B9 B0 00 F5 08
 (002.558074)  can0  123   [8]  9A 00 3C 41 74 E5 E0 FF
 (002.558382)  can0  124   [8]  9A 04 D4 E0 AD 00 FA 08
 (002.568132)  can0  123   [8]  9B 00 3C 41 7A C6 88 FF
 (002.568266)  can0  124   [8]  9B 04 D5 07 8E 01 00 08
 (002.578028)  can0  123   [8]  9C 00 3C 41 7F AC 68 FF
 (002.578172)  can0  124   [8]  9C 04 D5 2E 89 01 05 08
 (002.588067)  can0  123   [8]  9D 00 3C 41 82 49 25 FF
 (002.588081)  can0  124   [8]  9D 04 D5 55 6A 01 0A 08
 (002.597814)  can0  123   [8]  9E 00 3D 41 85 39 78 FF
 (002.597928)  can0  124   [8]  9E 04 D5 7C 64 01 10 08
 (002.607703)  can0  123   [8]  9F 00 3D 41 87 AC 69 FF
 (002.607845)  can0  124   [8]  9F 04 D5 A3 47 01 15 08
 (002.617934)  can0  123   [8]  A0 00 3D 41 8A 9C BC FF
 (002.617959)  can0  124   [8]  A0 04 D5 CA 42 01 1B 08
 (002.627683)  can0  123   [8]  A1 00 3D 41 8D 0F AC FF
 (002.627706)  can0  124   [8]  A1 04 D5 F1 2A 01 20 08
 (002.637610)  can0  123   [8]  A2 00 3D 41 90 00 00 FF
 (002.638349)  can0  124   [8]  A2 04 D6 18 29 01 26 08
 (002.647532)  can0  123   [8]  A3 00 3D 41 92 F0 54 FF
 (002.647550)  can0  124   [8]  A3 04 D6 3F 07 01 2C 08
 (002.657513)  can0  123   [8]  A4 00 3D 41 95 63 44 FF
 (002.657538)  can0  124   [8]  A4 04 D6 66 02 01 31 08
 (002.667233)  can0  123   [8]  A5 00 3D 41 98 53 98 FF
 (002.667560)  can0  124   [8]  A5 04 D6 8C E4 01 37 08
 (002.677362)  can0  123   [8]  A6 00 3D 41 9B 43 EB FF
 (002.677377)  can0  124   [8]  A6 04 D6 B3 DB 01 3D 08
 (002.687119)  can0  123   [8]  A7 00 3D 41 9E 34 3F FF
 (002.687267)  can0  124   [8]  A7 04 D6 DA BE 01 43 08
 (002.697026)  can0  123   [8]  A8 00 3D 41 A1 24 92 FF
 (002.697182)  can0  124   [8]  A8 04 D7 01 BA 01 49 08
 (002.707014)  can0  123   [8]  A9 00 3D 41 A4 14 E6 FF
 (002.707038)  can0  124   [8]  A9 04 D7 28 A0 01 4F 08
 (002.716863)  can0  123   [8]  AA 00 3D 41 A7 05 39 FF
 (002.717004)  can0  124   [8]  AA 04 D7 4F A3 01 55 08
 (002.726847)  can0  123   [8]  AB 00 3E 41 A9 F5 8D FF
 (002.726870)  can0  124   [8]  AB 04 D7 76 89 01 5B 08
 (002.736786)  can0  123   [8]  AC 00 3E 41 AC E5 E1 FF
 (002.736806)  can0  124   [8]  AC 04 D7 9D 8C 01 61 08
 (002.746784)  can0  123   [8]  AD 00 3E 41 B0 53 98 FF
 (002.746809)  can0  124   [8]  AD 04 D7 C4 75 01 68 08
 (002.756593)  can0  123   [8]  AE 00 3E 41 B3 43 EB FF
 (002.756614)  can0  124   [8]  AE 04 D7 EB 76 01 6E 08
 (002.766493)  can0  123   [8]  AF 00 3E 41 B6 34 3F FF
 (002.766498)  can0  124   [8]  AF 04 D8 12 5C 01 74 08
 (002.776288)  can0  123   [8]  B0 00 3E 41 B9 A1 F6 FF
 (002.776527)  can0  124   [8]  B0 04 D8 39 61 01 7B 08
 (002.786276)  can0  123   [8]  B1 00 3E 41 BC 92 4A FF
 (002.786398)  can0  124   [8]  B1 04 D8 60 4B 01 81 08
 (002.796279)  can0  123   [8]  B2 00 3E 41 C0 00 01 FF
 (002.796301)  can0  124   [8]  B2 04 D8 87 4B 01 88 08
 (002.806095)  can0  123   [8]  B3 00 3E 41 C2 F0 53 FF
 (002.806360)  can0  124   [8]  B3 04 D8 AE 33 01 8E 08
 (002.816239)  can0  123   [8]  B4 00 3F 41 C6 5E 0A FF
 (002.816304)  can0  124   [8]  B4 04 D8 D5 30 01 95 08
 (002.825839)  can0  123   [8]  B5 00 3F 41 C9 4E 5E FF
 (002.825980)  can0  124   [8]  B5 04 D8 FC 19 01 9B 08
 (002.835764)  can0  123   [8]  B6 00 3F 41 CC BC 14 FF
 (002.836157)  can0  124   [8]  B6 04 D9 23 12 01 A2 08
 (002.845874)  can0  123   [8]  B7 00 3F 41 D0 29 CB FF
 (002.845926)  can0  124   [8]  B7 04 D9 49 FF 01 A9 08
 (002.855594)  can0  123   [8]  B8 00 3F 41 D3 97 82 FF
 (002.855874)  can0  124   [8]  B8 04 D9 71 00 01 B0 08
 (002.865529)  can0  123   [8]  B9 00 3F 41 D6 87 D6 FF
 (002.865664)  can0  124   [8]  B9 04 D9 97 EA 01 B6 08
 (002.875464)  can0  123   [8]  BA 00 3F 41 D9 F5 8D FF
 (002.875502)  can0  124   [8]  BA 04 D9 BE E6 01 BD 08
 (002.885361)  can0  123   [8]  BB 00 40 41 DD 63 44 FF
 (002.885800)  can0  124   [8]  BB 04 D9 E5 CE 01 C4 08
 (002.895665)  can0  123   [8]  BC 00 40 41 E0 D0 FA FF
 (002.895707)  can0  124   [8]  BC 04 DA 0C CE 01 CB 08
 (002.905414)  can0  123   [8]  BD 00 40 41 E4 3E B1 FF
 (002.905450)  can0  124   [8]  BD 04 DA 33 B5 01 D2 08
 (002.915147)  can0  123   [8]  BE 00 40 41 E7 AC 68 FF
 (002.915370)  can0  124   [8]  BE 04 DA 5A B6 01 D9 08
 (002.925179)  can0  123   [8]  BF 00 40 41 EB 1A 1F FF
 (002.925659)  can0  124   [8]  BF 04 DA 81 9D 01 E0 08
 (002.934892)  can0  123   [8]  C0 00 40 41 EF 05 39 FF
 (002.935259)  can0  124   [8]  C0 04 DA A8 9E 01 E8 08
 (002.944829)  can0  123   [8]  C1 00 40 41 F2 72 F0 FF
 (002.945020)  can0  124   [8]  C1 04 DA CF 86 01 EF 08
 (002.954970)  can0  123   [8]  C2 00 3E 41 F5 E0 A7 FF
 (002.954990)  can0  124   [8]  C2 04 DA F6 83 01 F6 08
 (002.964626)  can0  123   [8]  C3 00 3B 41 F9 4E 5D FF
 (002.964886)  can0  124   [8]  C3 04 DB 1D 6B 01 FD 08
 (002.974774)  can0  123   [8]  C4 00 37 41 FD 39 79 FF
 (002.974796)  can0  124   [8]  C4 04 DB 44 6A 02 05 08
 (002.984501)  can0  123   [8]  C5 00 35 42 00 53 98 FF
 (002.984890)  can0  124   [8]  C5 04 DB 6B 4B 02 0C 08
 (002.994445)  can0  123   [8]  C6 00 34 42 02 0A 73 FF
 (002.994719)  can0  124   [8]  C6 04 DB 92 47 02 13 08
 (003.004331)  can0  123   [8]  C7 00 34 42 04 00 00 FF
 (003.004733)  can0  124   [8]  C7 04 DB B9 2B 02 1B 08
 (003.014180)  can0  123   [8]  C8 00 33 42 05 B6 DC FF
 (003.014416)  can0  124   [8]  C8 04 DB E0 27 02 22 08
 (003.024876)  can0  123   [8]  C9 00 32 42 07 AC 69 FF
 (003.024907)  can0  124   [8]  C9 04 DC 07 07 02 2A 08
 (003.034391)  can0  123   [8]  CA 00 32 42 09 A1 F6 FF
 (003.034440)  can0  124   [8]  CA 04 DC 2E 0C 02 32 08
 (003.043993)  can0  123   [8]  CB 00 31 42 0B 97 82 FF
 (003.044125)  can0  124   [8]  CB 04 DC 54 F2 02 3A 08
 (003.053934)  can0  123   [8]  CC 00 31 42 0D 4E 5E FF
 (003.054338)  can0  124   [8]  CC 04 DC 7B EE 02 41 08
 (003.063827)  can0  123   [8]  CD 00 30 42 0F 43 EB FF
 (003.064000)  can0  124   [8]  CD 04 DC A2 D2 02 49 08
 (003.073973)  can0  123   [8]  CE 00 30 42 11 39 78 FF
 (003.074013)  can0  124   [8]  CE 04 DC C9 D5 02 51 08
 (003.083589)  can0  123   [8]  CF 00 2F 42 13 2F 05 FF
 (003.083996)  can0  124   [8]  CF 04 DC F0 BA 02 59 08
 (003.093707)  can0  123   [8]  D0 00 2F 42 14 E5 E1 FF
 (003.093747)  can0  124   [8]  D0 04 DD 17 B1 02 60 08
 (003.103479)  can0  123   [8]  D1 00 2F 42 16 DB 6E FF
 (003.103874)  can0  124   [8]  D1 04 DD 3E 9A 02 68 08
 (003.113414)  can0  123   [8]  D2 00 2E 42 18 D0 FB FF
 (003.113553)  can0  124   [8]  D2 04 DD 65 96 02 70 08
 (003.123293)  can0  123   [8]  D3 00 2E 42 1A C6 88 FF
 (003.123472)  can0  124   [8]  D3 04 DD 8C 72 02 78 08
 (003.133433)  can0  123   [8]  D4 00 2E 42 1C BC 15 FF
 (003.133483)  can0  124   [8]  D4 04 DD B3 6A 02 80 08
 (003.143321)  can0  123   [8]  D5 00 2D 42 1E F0 54 FF
 (003.143359)  can0  124   [8]  D5 04 DD DA 50 02 89 08
 (003.153089)  can0  123   [8]  D6 00 2D 42 20 E5 E1 FF
 (003.153268)  can0  124   [8]  D6 04 DE 01 4D 02 91 08
 (003.163096)  can0  123   [8]  D7 00 2D 42 22 DB 6E FF
 (003.163139)  can0  124   [8]  D7 04 DE 28 2F 02 99 08
 (003.173193)  can0  123   [8]  D8 00 2C 42 25 0F AC FF
 (003.173251)  can0  124   [8]  D8 04 DE 4F 27 02 A2 08
 (003.183071)  can0  123   [8]  D9 00 2C 42 27 05 39 FF
 (003.183163)  can0  124   [8]  D9 04 DE 76 09 02 AA 08
 (003.192825)  can0  123   [8]  DA 00 2C 42 28 FA C7 FF
 (003.192865)  can0  124   [8]  DA 04 DE 9D 05 02 B2 08
 (003.202811)  can0  123   [8]  DB 00 2B 42 2B 2F 05 FF
 (003.202869)  can0  124   [8]  DB 04 DE C3 EB 02 BB 08
 (003.212580)  can0  123   [8]  DC 00 2B 42 2D 24 92 FF
 (003.212934)  can0  124   [8]  DC 04 DE EA E8 02 C3 08
 (003.222605)  can0  123   [8]  DD 00 2B 42 2F 58 D1 FF
 (003.222651)  can0  124   [8]  DD 04 DF 11 C6 02 CC 08
 (003.232453)  can0  123   [8]  DE 00 2B 42 31 4E 5E FF
 (003.232586)  can0  124   [8]  DE 04 DF 38 C6 02 D4 08
 (003.242306)  can0  123   [8]  DF 00 2A 42 33 82 9D FF
 (003.242471)  can0  124   [8]  DF 04 DF 5F A6 02 DD 08
 (003.252216)  can0  123   [8]  E0 00 2A 42 35 B6 DC FF
 (003.252427)  can0  124   [8]  E0 04 DF 86 A4 02 E6 08
 (003.262132)  can0  123   [8]  E1 00 2A 42 37 AC 68 FF
 (003.262308)  can0  124   [8]  E1 04 DF AD 89 02 EE 08
 (003.271982)  can0  123   [8]  E2 00 2A 42 39 E0 A8 FF
 (003.272234)  can0  124   [8]  E2 04 DF D4 83 02 F7 08
 (003.281968)  can0  123   [8]  E3 00 2A 42 3C 14 E5 FF
 (003.282215)  can0  124   [8]  E3 04 DF FB 63 03 00 08
 (003.291859)  can0  123   [8]  E4 00 2A 42 3E 49 25 FF
 (003.292084)  can0  124   [8]  E4 04 E0 22 68 03 09 08
 (003.301843)  can0  123   [8]  E5 00 2A 42 40 7D 64 FF
 (003.301956)  can0  124   [8]  E5 04 E0 49 4B 03 12 08
 (003.311668)  can0  123   [8]  E6 00 29 42 42 B1 A2 FF
 (003.311895)  can0  124   [8]  E6 04 E0 70 50 03 1B 08
 (003.321579)  can0  123   [8]  E7 00 29 42 44 E5 E1 FF
 (003.321875)  can0  124   [8]  E7 04 E0 97 30 03 24 08
 (003.331514)  can0  123   [8]  E8 00 29 42 47 1A 20 FF
 (003.331784)  can0  124   [8]  E8 04 E0 BE 2F 03 2D 08
 (003.341448)  can0  123   [8]  E9 00 29 42 49 4E 5E FF
 (003.341947)  can0  124   [8]  E9 04 E0 E5 17 03 36 08
 (003.351386)  can0  123   [8]  EA 00 29 42 4B 82 9D FF
 (003.351592)  can0  124   [8]  EA 04 E1 0C 13 03 3F 08
 (003.361272)  can0  123   [8]  EB 00 29 42 4D F5 8E FF
 (003.361488)  can0  124   [8]  EB 04 E1 32 F3 03 49 08
 (003.371202)  can0  123   [8]  EC 00 29 42 50 29 CB FF
 (003.371393)  can0  124   [8]  EC 04 E1 59 F1 03 52 08
 (003.381157)  can0  123   [8]  ED 00 29 42 52 5E 0B FF
 (003.381347)  can0  124   [8]  ED 04 E1 80 D3 03 5B 08
 (003.391038)  can0  123   [8]  EE 00 28 42 54 D0 FB FF
 (003.391281)  can0  124   [8]  EE 04 E1 A7 D4 03 65 08
 (003.400977)  can0  123   [8]  EF 00 28 42 57 05 39 FF
 (003.401175)  can0  124   [8]  EF 04 E1 CE B7 03 6E 08
 (003.410866)  can0  123   [8]  F0 00 28 42 59 78 2A FF
 (003.411075)  can0  124   [8]  F0 04 E1 F5 B5 03 78 08
 (003.420759)  can0  123   [8]  F1 00 28 42 5B AC 69 FF
 (003.420927)  can0  124   [8]  F1 04 E2 1C 9B 03 81 08
 (003.430686)  can0  123   [8]  F2 00 28 42 5E 1F 58 FF
 (003.430890)  can0  124   [8]  F2 04 E2 43 91 03 8B 08
 (003.440578)  can0  123   [8]  F3 00 28 42 60 53 97 FF
 (003.440729)  can0  124   [8]  F3 04 E2 6A 70 03 94 08
 (003.450518)  can0  123   [8]  F4 00 28 42 62 C6 88 FF
 (003.450751)  can0  124   [8]  F4 04 E2 91 6F 03 9E 08
 (003.460449)  can0  123   [8]  F5 00 28 42 65 39 77 FF
 (003.460620)  can0  124   [8]  F5 04 E2 B8 4E 03 A8 08
 (003.470347)  can0  123   [8]  F6 00 28 42 67 AC 68 FF
 (003.470523)  can0  124   [8]  F6 04 E2 DF 4A 03 B2 08
 (003.480257)  can0  123   [8]  F7 00 28 42 6A 1F 59 FF
 (003.480442)  can0  124   [8]  F7 04 E3 06 2B 03 BC 08
 (003.490224)  can0  123   [8]  F8 00 28 42 6C 53 98 FF
 (003.490420)  can0  124   [8]  F8 04 E3 2D 27 03 C5 08
 (003.500166)  can0  123   [8]  F9 00 27 42 6E C6 87 FF
 (003.500362)  can0  124   [8]  F9 04 E3 54 09 03 CF 08
 (003.510066)  can0  123   [8]  FA 00 27 42 71 39 78 FF
 (003.510870)  can0  124   [8]  FA 04 E3 7B 04 03 D9 08
 (003.519923)  can0  123   [8]  FB 00 27 42 73 AC 69 FF
 (003.520045)  can0  124   [8]  FB 04 E3 A1 E4 03 E3 08
 (003.530063)  can0  123   [8]  FC 00 27 42 76 1F 58 FF
 (003.530086)  can0  124   [8]  FC 04 E3 C8 E1 03 ED 08
 (003.539718)  can0  123   [8]  FD 00 27 42 78 92 49 FF
 (003.539925)  can0  124   [8]  FD 04 E3 EF BE 03 F7 08
 (003.549659)  can0  123   [8]  FE 00 27 42 7B 05 3A FF
 (003.549880)  can0  124   [8]  FE 04 E4 16 C3 04 01 08
 (003.559618)  can0  123   [8]  FF 00 27 42 7D 78 2A FF
 (003.559784)  can0  124   [8]  FF 04 E4 3D A3 04 0B 08
 (003.569559)  can0  123   [8]  00 00 27 42 7F EB 1A FF
 (003.569735)  can0  124   [8]  00 04 E4 64 A2 04 15 08
 (003.579488)  can0  123   [8]  01 00 27 42 81 0F AC FF
 (003.579719)  can0  124   [8]  01 04 E4 8B 85 04 1E 08
 (003.589486)  can0  123   [8]  02 00 27 42 82 49 25 FF
 (003.589534)  can0  124   [8]  02 04 E4 B2 7D 04 28 08
 (003.599209)  can0  123   [8]  03 00 27 42 83 82 9C FF
 (003.599399)  can0  124   [8]  03 04 E4 D9 5F 04 32 08
 (003.609603)  can0  123   [8]  04 00 26 42 84 BC 15 FF
 (003.609647)  can0  124   [8]  04 04 E5 00 59 04 3C 08
 (003.619005)  can0  123   [8]  05 00 26 42 85 F5 8D FF
 (003.619311)  can0  124   [8]  05 04 E5 27 38 04 46 08
 (003.628988)  can0  123   [8]  06 00 26 42 87 2F 06 FF
 (003.629110)  can0  124   [8]  06 04 E5 4E 31 04 50 08
 (003.638937)  can0  123   [8]  07 00 26 42 88 68 7D FF
 (003.639061)  can0  124   [8]  07 04 E5 75 12 04 5A 08
 (003.648861)  can0  123   [8]  08 00 26 42 89 A1 F6 FF
 (003.649249)  can0  124   [8]  08 04 E5 9C 09 04 64 08
 (003.658865)  can0  123   [8]  09 00 26 42 8A DB 6E FF
 (003.658883)  can0  124   [8]  09 04 E5 C2 EE 04 6E 08
 (003.668920)  can0  123   [8]  0A 00 26 42 8B F5 8D FF
 (003.668943)  can0  124   [8]  0A 04 E5 E9 E9 04 77 08
 (003.678694)  can0  123   [8]  0B 00 26 42 8D 2F 05 FF
 (003.678719)  can0  124   [8]  0B 04 E6 10 C7 04 81 08
 (003.688817)  can0  123   [8]  0C 00 26 42 8E 68 7D FF
 (003.688841)  can0  124   [8]  0C 04 E6 37 C5 04 8B 08
 (003.698351)  can0  123   [8]  0D 00 26 42 8F A1 F6 FF
 (003.698561)  can0  124   [8]  0D 04 E6 5E A8 04 95 08
 (003.708491)  can0  123   [8]  0E 00 26 42 90 DB 6E FF
 (003.708510)  can0  124   [8]  0E 04 E6 85 A0 04 9F 08
 (003.718272)  can0  123   [8]  0F 00 26 42 92 14 E6 FF
 (003.718409)  can0  124   [8]  0F 04 E6 AC 7D 04 A9 08
 (003.728134)  can0  123   [8]  10 00 26 42 93 2F 05 FF
 (003.728566)  can0  124   [8]  10 04 E6 D3 7D 04 B2 08
 (003.738018)  can0  123   [8]  11 00 26 42 94 68 7D FF
 (003.738249)  can0  124   [8]  11 04 E6 FA 58 04 BC 08
 (003.747995)  can0  123   [8]  12 00 26 42 95 A1 F5 FF
 (003.748240)  can0  124   [8]  12 04 E7 21 56 04 C6 08
 (003.757856)  can0  123   [8]  13 00 26 42 96 DB 6E FF
 (003.758175)  can0  124   [8]  13 04 E7 48 37 04 D0 08
 (003.767781)  can0  123   [8]  14 00 26 42 98 14 E6 FF
 (003.768099)  can0  124   [8]  14 04 E7 6F 31 04 DA 08
 (003.777642)  can0  123   [8]  15 00 26 42 99 4E 5E FF
 (003.777854)  can0  124   [8]  15 04 E7 96 11 04 E4 08
 (003.787609)  can0  123   [8]  16 00 25 42 9A 87 D6 FF
 (003.787846)  can0  124   [8]  16 04 E7 BD 0E 04 EE 08
 (003.797535)  can0  123   [8]  17 00 25 42 9B A1 F6 FF
 (003.797773)  can0  124   [8]  17 04 E7 E3 F6 04 F7 08
 (003.807470)  can0  123   [8]  18 00 25 42 9C DB 6D FF
 (003.807660)  can0  124   [8]  18 04 E8 0A EF 05 01 08
 (003.817314)  can0  123   [8]  19 00 25 42 9E 14 E6 FF
 (003.817529)  can0  124   [8]  19 04 E8 31 DA 05 0B 08
 (003.827286)  can0  123   [8]  1A 00 25 42 9F 4E 5E FF
 (003.827450)  can0  124   [8]  1A 04 E8 58 D9 05 15 08
 (003.837210)  can0  123   [8]  1B 00 25 42 A0 68 7D FF
 (003.837592)  can0  124   [8]  1B 04 E8 7F BA 05 1E 08
 (003.847145)  can0  123   [8]  1C 00 25 42 A1 A1 F5 FF
 (003.847315)  can0  124   [8]  1C 04 E8 A6 BC 05 28 08
 (003.857001)  can0  123   [8]  1D 00 25 42 A2 DB 6E FF
 (003.857277)  can0  124   [8]  1D 04 E8 CD 9F 05 32 08
 (003.866945)  can0  123   [8]  1E 00 25 42 A4 14 E6 FF
 (003.867215)  can0  124   [8]  1E 04 E8 F4 9D 05 3C 08
 (003.876824)  can0  123   [8]  1F 00 25 42 A5 4E 5E FF
 (003.877034)  can0  124   [8]  1F 04 E9 1B 83 05 46 08
 (003.886936)  can0  123   [8]  20 00 25 42 A6 87 D6 FF
 (003.886953)  can0  124   [8]  20 04 E9 42 82 05 50 08
 (003.896715)  can0  123   [8]  21 00 25 42 A7 C1 4F FF
 (003.896865)  can0  124   [8]  21 04 E9 69 61 05 5A 08
 (003.906634)  can0  123   [8]  22 00 25 42 A8 DB 6D FF
 (003.906825)  can0  124   [8]  22 04 E9 90 61 05 63 08
 (003.916492)  can0  123   [8]  23 00 25 42 AA 14 E6 FF
 (003.916662)  can0  124   [8]  23 04 E9 B7 44 05 6D 08
 (003.926393)  can0  123   [8]  24 00 25 42 AB 4E 5E FF
 (003.926558)  can0  124   [8]  24 04 E9 DE 40 05 77 08
 (003.936362)  can0  123   [8]  25 00 24 42 AC 87 D6 FF
 (003.936562)  can0  124   [8]  25 04 EA 05 26 05 81 08
 (003.946263)  can0  123   [8]  26 00 24 42 AD A1 F5 FF
 (003.947156)  can0  124   [8]  26 04 EA 2C 27 05 8A 08
 (003.956182)  can0  123   [8]  27 00 24 42 AE DB 6E FF
 (003.956377)  can0  124   [8]  27 04 EA 53 04 05 94 08
 (003.966034)  can0  123   [8]  28 00 24 42 B0 14 E6 FF
 (003.966251)  can0  124   [8]  28 04 EA 7A 02 05 9E 08
 (003.976230)  can0  123   [8]  29 00 24 42 B1 4E 5E FF
 (003.976255)  can0  124   [8]  29 04 EA A0 E4 05 A8 08
 (003.985892)  can0  123   [8]  2A 00 24 42 B2 87 D6 FF
 (003.986060)  can0  124   [8]  2A 04 EA C7 E4 05 B2 08
 (003.995801)  can0  123   [8]  2B 00 24 42 B3 C1 4E FF
 (003.995968)  can0  124   [8]  2B 04 EA EE CA 05 BC 08
 (004.005701)  can0  123   [8]  2C 00 24 42 B4 DB 6E FF
 (004.005929)  can0  124   [8]  2C 04 EB 15 D3 05 C5 08
 (004.015640)  can0  123   [8]  2D 00 24 42 B6 14 E6 FF
 (004.015770)  can0  124   [8]  2D 04 EB 3C B0 05 CF 08
 (004.025535)  can0  123   [8]  2E 00 24 42 B7 4E 5D FF
 (004.025698)  can0  124   [8]  2E 04 EB 63 B2 05 D9 08
 (004.035489)  can0  123   [8]  2F 00 24 42 B8 68 7D FF
 (004.035664)  can0  124   [8]  2F 04 EB 8A 9D 05 E2 08
 (004.045471)  can0  123   [8]  30 00 24 42 B9 A1 F6 FF
 (004.045673)  can0  124   [8]  30 04 EB B1 9C 05 EC 08
 (004.055257)  can0  123   [8]  31 00 24 42 BA DB 6E FF
 (004.055516)  can0  124   [8]  31 04 EB D8 7B 05 F6 08
 (004.065218)  can0  123   [8]  32 00 24 42 BC 14 E5 FF
 (004.065474)  can0  124   [8]  32 04 EB FF 78 06 00 08
 (004.075153)  can0  123   [8]  33 00 25 42 BD 4E 5E FF
 (004.075317)  can0  124   [8]  33 04 EC 26 57 06 0A 08
 (004.085094)  can0  123   [8]  34 00 25 42 BE 68 7E FF
 (004.085314)  can0  124   [8]  34 04 EC 4D 59 06 13 08
 (004.095191)  can0  123   [8]  35 00 25 42 BF A1 F6 FF
 (004.095236)  can0  124   [8]  35 04 EC 74 3F 06 1D 08
 (004.104873)  can0  123   [8]  36 00 25 42 C0 DB 6D FF
 (004.105143)  can0  124   [8]  36 04 EC 9B 39 06 27 08
 (004.114843)  can0  123   [8]  37 00 26 42 C1 F5 8D FF
 (004.114989)  can0  124   [8]  37 04 EC C2 16 06 30 08
 (004.124643)  can0  123   [8]  38 00 26 42 C3 2F 05 FF
 (004.124835)  can0  124   [8]  38 04 EC E9 0B 06 3A 08
 (004.134607)  can0  123   [8]  39 00 27 42 C4 68 7E FF
 (004.134745)  can0  124   [8]  39 04 ED 0F F4 06 44 08
 (004.144547)  can0  123   [8]  3A 00 28 42 C5 A1 F5 FF
 (004.144697)  can0  124   [8]  3A 04 ED 36 F3 06 4E 08
 (004.154471)  can0  123   [8]  3B 00 28 42 C6 BC 15 FF
 (004.154613)  can0  124   [8]  3B 04 ED 5D D7 06 57 08
 (004.164870)  can0  123   [8]  3C 00 28 42 C7 F5 8D FF
 (004.164884)  can0  124   [8]  3C 04 ED 84 D6 06 61 08
 (004.174384)  can0  123   [8]  3D 00 28 42 C9 2F 06 FF
 (004.174399)  can0  124   [8]  3D 04 ED AB BE 06 6B 08
 (004.184206)  can0  123   [8]  3E 00 28 42 CA 49 25 FF
 (004.184501)  can0  124   [8]  3E 04 ED D2 BA 06 74 08
 (004.194090)  can0  123   [8]  3F 00 28 42 CB 82 9D FF
 (004.194271)  can0  124   [8]  3F 04 ED F9 99 06 7E 08
 (004.204049)  can0  123   [8]  40 00 28 42 CC BC 14 FF
 (004.204274)  can0  124   [8]  40 04 EE 20 9A 06 88 08
 (004.213905)  can0  123   [8]  41 00 29 42 CD D6 34 FF
 (004.214165)  can0  124   [8]  41 04 EE 47 81 06 91 08
 (004.223805)  can0  123   [8]  42 00 2A 42 CF 0F AC FF
 (004.224149)  can0  124   [8]  42 04 EE 6E 7B 06 9B 08
 (004.233798)  can0  123   [8]  43 00 2A 42 D0 29 CB FF
 (004.234194)  can0  124   [8]  43 04 EE 95 5E 06 A4 08
 (004.243624)  can0  123   [8]  44 00 2A 42 D1 63 44 FF
 (004.243813)  can0  124   [8]  44 04 EE BC 5B 06 AE 08
 (004.253649)  can0  123   [8]  45 00 2A 42 D2 9C BC FF
 (004.253978)  can0  124   [8]  45 04 EE E3 3D 06 B8 08
 (004.263489)  can0  123   [8]  46 00 2A 42 D3 B6 DC FF
 (004.263758)  can0  124   [8]  46 04 EF 0A 35 06 C1 08
 (004.273383)  can0  123   [8]  47 00 2B 42 D4 F0 53 FF
 (004.273607)  can0  124   [8]  47 04 EF 31 14 06 CB 08
 (004.283341)  can0  123   [8]  48 00 2B 42 D6 0A 73 FF
 (004.283514)  can0  124   [8]  48 04 EF 58 12 06 D4 08
 (004.293266)  can0  123   [8]  49 00 2B 42 D7 43 EB FF
 (004.293447)  can0  124   [8]  49 04 EF 7E EA 06 DE 08
 (004.303253)  can0  123   [8]  4A 00 2B 42 D8 7D 64 FF
 (004.303447)  can0  124   [8]  4A 04 EF A5 E5 06 E8 08
 (004.313244)  can0  123   [8]  4B 00 2B 42 D9 97 83 FF
 (004.313265)  can0  124   [8]  4B 04 EF CC CB 06 F1 08
 (004.323118)  can0  123   [8]  4C 00 2B 42 DA B1 A1 FF
 (004.323132)  can0  124   [8]  4C 04 EF F3 BD 06 FA 08
 (004.332888)  can0  123   [8]  4D 00 2B 42 DB EB 1A FF
 (004.333078)  can0  124   [8]  4D 04 F0 1A A8 07 04 08
 (004.342872)  can0  123   [8]  4E 00 2B 42 DD 24 92 FF
 (004.343060)  can0  124   [8]  4E 04 F0 41 A2 07 0E 08
 (004.352750)  can0  123   [8]  4F 00 2B 42 DE 3E B2 FF
 (004.352903)  can0  124   [8]  4F 04 F0 68 89 07 17 08
 (004.362608)  can0  123   [8]  50 00 2B 42 DF 58 D1 FF
 (004.362806)  can0  124   [8]  50 04 F0 8F 86 07 20 08
 (004.372574)  can0  123   [8]  51 00 2B 42 E0 92 49 FF
 (004.372709)  can0  124   [8]  51 04 F0 B6 6B 07 2A 08
 (004.382527)  can0  123   [8]  52 00 2B 42 E1 CB C1 FF
 (004.382653)  can0  124   [8]  52 04 F0 DD 6A 07 34 08
 (004.392362)  can0  123   [8]  53 00 2B 42 E2 E5 E0 FF
 (004.392698)  can0  124   [8]  53 04 F1 04 4F 07 3D 08
 (004.402489)  can0  123   [8]  54 00 2B 42 E4 00 00 FF
 (004.402513)  can0  124   [8]  54 04 F1 2B 50 07 46 08
 (004.412441)  can0  123   [8]  55 00 2B 42 E5 39 77 FF
 (004.412462)  can0  124   [8]  55 04 F1 52 31 07 50 08
 (004.422203)  can0  123   [8]  56 00 2B 42 E6 72 F1 FF
 (004.422435)  can0  124   [8]  56 04 F1 79 37 07 5A 08
 (004.432047)  can0  123   [8]  57 00 2B 42 E7 8D 10 FF
 (004.432270)  can0  124   [8]  57 04 F1 A0 23 07 63 08
 (004.442037)  can0  123   [8]  58 00 2B 42 E8 A7 30 FF
 (004.442228)  can0  124   [8]  58 04 F1 C7 29 07 6C 08
 (004.451926)  can0  123   [8]  59 00 2B 42 E9 E0 A7 FF
 (004.452112)  can0  124   [8]  59 04 F1 EE 0B 07 76 08
 (004.461827)  can0  123   [8]  5A 00 2B 42 EA FA C7 FF
 (004.462018)  can0  124   [8]  5A 04 F2 15 0A 07 7F 08
 (004.471771)  can0  123   [8]  5B 00 2C 42 EC 34 3F FF
 (004.472006)  can0  124   [8]  5B 04 F2 3B F4 07 89 08
 (004.481628)  can0  123   [8]  5C 00 2C 42 ED 4E 5E FF
 (004.482067)  can0  124   [8]  5C 04 F2 62 F7 07 92 08
 (004.491564)  can0  123   [8]  5D 00 2C 42 EE 87 D6 FF
 (004.492492)  can0  124   [8]  5D 04 F2 89 DE 07 9C 08
 (004.501653)  can0  123   [8]  5E 00 2C 42 EF A1 F5 FF
 (004.501684)  can0  124   [8]  5E 04 F2 B0 DA 07 A5 08
 (004.511332)  can0  123   [8]  5F 00 2C 42 F0 DB 6D FF
 (004.511577)  can0  124   [8]  5F 04 F2 D7 C2 07 AF 08
 (004.521217)  can0  123   [8]  60 00 2C 42 F1 F5 8D FF
 (004.521431)  can0  124   [8]  60 04 F2 FE BE 07 B8 08
 (004.531159)  can0  123   [8]  61 00 2C 42 F3 2F 06 FF
 (004.531294)  can0  124   [8]  61 04 F3 25 A3 07 C2 08
 (004.541101)  can0  123   [8]  62 00 2C 42 F4 49 24 FF
 (004.541247)  can0  124   [8]  62 04 F3 4C A4 07 CB 08
 (004.550916)  can0  123   [8]  63 00 2C 42 F5 63 44 FF
 (004.551153)  can0  124   [8]  63 04 F3 73 88 07 D4 08
 (004.560843)  can0  123   [8]  64 00 2C 42 F6 9C BD FF
 (004.561032)  can0  124   [8]  64 04 F3 9A 88 07 DE 08
 (004.570742)  can0  123   [8]  65 00 2D 42 F7 B6 DB FF
 (004.570942)  can0  124   [8]  65 04 F3 C1 69 07 E7 08
 (004.580709)  can0  123   [8]  66 00 2D 42 F8 F0 54 FF
 (004.580920)  can0  124   [8]  66 04 F3 E8 6B 07 F1 08
 (004.590676)  can0  123   [8]  67 00 2D 42 FA 0A 73 FF
 (004.590814)  can0  124   [8]  67 04 F4 0F 50 07 FA 08
 (004.600467)  can0  123   [8]  68 00 2D 42 FB 43 EB FF
 (004.600698)  can0  124   [8]  68 04 F4 36 50 08 04 08
 (004.610461)  can0  123   [8]  69 00 2D 42 FC 5E 0B FF
 (004.610627)  can0  124   [8]  69 04 F4 5D 31 08 0D 08
 (004.620495)  can0  123   [8]  6A 00 2D 42 FD 97 82 FF
 (004.620634)  can0  124   [8]  6A 04 F4 84 30 08 17 08
 (004.630330)  can0  123   [8]  6B 00 2E 42 FE B1 A2 FF
 (004.630505)  can0  124   [8]  6B 04 F4 AB 16 08 20 08
 (004.640387)  can0  123   [8]  6C 00 2E 42 FF EB 1A FF
 (004.640493)  can0  124   [8]  6C 04 F4 D2 17 08 2A 08
 (004.650199)  can0  123   [8]  6D 00 2E 43 00 92 49 FF
 (004.650400)  can0  124   [8]  6D 04 F4 F8 FF 08 34 08
 (004.659989)  can0  123   [8]  6E 00 2E 43 01 1F 59 FF
 (004.660234)  can0  124   [8]  6E 04 F5 1F F1 08 3D 08
 (004.669878)  can0  123   [8]  6F 00 2E 43 01 BC 15 FF
 (004.670068)  can0  124   [8]  6F 04 F5 46 DF 08 47 08
 (004.679880)  can0  123   [8]  70 00 2E 43 02 49 25 FF
 (004.680010)  can0  124   [8]  70 04 F5 6D E4 08 50 08
 (004.689766)  can0  123   [8]  71 00 2F 43 02 E5 E1 FF
 (004.690004)  can0  124   [8]  71 04 F5 94 CB 08 5A 08
 (004.699717)  can0  123   [8]  72 00 2F 43 03 82 9C FF
 (004.699939)  can0  124   [8]  72 04 F5 BB CC 08 64 08
 (004.709848)  can0  123   [8]  73 00 2F 43 04 0F AC FF
 (004.709977)  can0  124   [8]  73 04 F5 E2 AB 08 6D 08
 (004.719695)  can0  123   [8]  74 00 2F 43 04 AC 69 FF
 (004.719818)  can0  124   [8]  74 04 F6 09 AB 08 77 08
 (004.729612)  can0  123   [8]  75 00 30 43 05 39 78 FF
 (004.729618)  can0  124   [8]  75 04 F6 30 8D 08 80 08
 (004.739381)  can0  123   [8]  76 00 30 43 05 D6 34 FF
 (004.739540)  can0  124   [8]  76 04 F6 57 8A 08 8A 08
 (004.749353)  can0  123   [8]  77 00 30 43 06 72 F0 FF
 (004.749496)  can0  124   [8]  77 04 F6 7E 70 08 94 08
 (004.759260)  can0  123   [8]  78 00 30 43 07 00 00 FF
 (004.759483)  can0  124   [8]  78 04 F6 A5 74 08 9D 08
 (004.769128)  can0  123   [8]  79 00 31 43 07 8D 10 FF
 (004.769335)  can0  124   [8]  79 04 F6 CC 5F 08 A6 08
 (004.779013)  can0  123   [8]  7A 00 31 43 08 29 CC FF
 (004.779213)  can0  124   [8]  7A 04 F6 F3 60 08 B0 08
 (004.788994)  can0  123   [8]  7B 00 31 43 08 C6 88 FF
 (004.789224)  can0  124   [8]  7B 04 F7 1A 49 08 BA 08
 (004.798895)  can0  123   [8]  7C 00 32 43 09 53 97 FF
 (004.799146)  can0  124   [8]  7C 04 F7 41 49 08 C3 08
 (004.808861)  can0  123   [8]  7D 00 32 43 09 F0 54 FF
 (004.809069)  can0  124   [8]  7D 04 F7 68 33 08 CD 08
 (004.818919)  can0  123   [8]  7E 00 32 43 0A 7D 64 FF
 (004.819823)  can0  124   [8]  7E 04 F7 8F 32 08 D6 08
 (004.828633)  can0  123   [8]  7F 00 32 43 0B 1A 1F FF
 (004.828774)  can0  124   [8]  7F 04 F7 B6 19 08 E0 08
 (004.838623)  can0  123   [8]  80 00 32 43 0B A7 2F FF
 (004.838830)  can0  124   [8]  80 04 F7 DD 14 08 E9 08
 (004.848746)  can0  123   [8]  81 00 32 43 0C 43 EB FF
 (004.848765)  can0  124   [8]  81 04 F8 03 F8 08 F3 08
 (004.858440)  can0  123   [8]  82 00 32 43 0C D0 FB FF
 (004.858636)  can0  124   [8]  82 04 F8 2A F5 08 FC 08
 (004.868506)  can0  123   [8]  83 00 32 43 0D 6D B7 FF
 (004.868530)  can0  124   [8]  83 04 F8 51 DD 09 06 08
 (004.878261)  can0  123   [8]  84 00 31 43 0D FA C6 FF
 (004.878439)  can0  124   [8]  84 04 F8 78 D3 09 0F 08
 (004.888351)  can0  123   [8]  85 00 31 43 0E 97 82 FF
 (004.888374)  can0  124   [8]  85 04 F8 9F BC 09 19 08
 (004.898290)  can0  123   [8]  86 00 31 43 0F 24 92 FF
 (004.898306)  can0  124   [8]  86 04 F8 C6 BF 09 22 08
 (004.908040)  can0  123   [8]  87 00 30 43 0F C1 4F FF
 (004.908239)  can0  124   [8]  87 04 F8 ED A6 09 2C 08
 (004.918085)  can0  123   [8]  88 00 30 43 10 4E 5E FF
 (004.918109)  can0  124   [8]  88 04 F9 14 A5 09 35 08
 (004.927764)  can0  123   [8]  89 00 30 43 10 EB 1A FF
 (004.927927)  can0  124   [8]  89 04 F9 3B 8E 09 3F 08
 (004.937687)  can0  123   [8]  8A 00 2F 43 11 78 2A FF
 (004.937858)  can0  124   [8]  8A 04 F9 62 8D 09 48 08
 (004.947642)  can0  123   [8]  8B 00 2F 43 12 14 E6 FF
 (004.947816)  can0  124   [8]  8B 04 F9 89 6F 09 52 08
 (004.957545)  can0  123   [8]  8C 00 2F 43 12 A1 F6 FF
 (004.957802)  can0  124   [8]  8C 04 F9 B0 75 09 5B 08
 (004.967440)  can0  123   [8]  8D 00 2F 43 13 2F 05 FF
 (004.967616)  can0  124   [8]  8D 04 F9 D7 59 09 64 08
 (004.977430)  can0  123   [8]  8E 00 2E 43 13 CB C1 FF
 (004.977600)  can0  124   [8]  8E 04 F9 FE 55 09 6E 08
 (004.987260)  can0  123   [8]  8F 00 2E 43 14 58 D1 FF
 (004.987425)  can0  124   [8]  8F 04 FA 25 44 09 77 08
 (004.997165)  can0  123   [8]  90 00 2D 43 14 F5 8D FF
 (004.997390)  can0  124   [8]  90 04 FA 4C 45 09 81 08
 (005.007106)  can0  123   [8]  91 00 2D 43 15 82 9D FF
 (005.007258)  can0  124   [8]  91 04 FA 73 2D 09 8A 08
 (005.016994)  can0  123   [8]  92 00 2D 43 16 1F 59 FF
 (005.017198)  can0  124   [8]  92 04 FA 9A 2D 09 94 08
 (005.026833)  can0  123   [8]  93 00 2D 43 16 AC 68 FF
 (005.027029)  can0  124   [8]  93 04 FA C1 10 09 9D 08
 (005.036796)  can0  123   [8]  94 00 2C 43 17 39 78 FF
 (005.037011)  can0  124   [8]  94 04 FA E8 12 09 A6 08
 (005.046735)  can0  123   [8]  95 00 2C 43 17 D6 34 FF
 (005.046930)  can0  124   [8]  95 04 FB 0E F7 09 B0 08
 (005.056643)  can0  123   [8]  96 00 2C 43 18 63 44 FF
 (005.056755)  can0  124   [8]  96 04 FB 35 F0 09 B9 08
 (005.066596)  can0  123   [8]  97 00 2C 43 19 00 00 FF
 (005.066683)  can0  124   [8]  97 04 FB 5C D3 09 C3 08
 (005.076525)  can0  123   [8]  98 00 2C 43 19 8D 0F FF
 (005.076669)  can0  124   [8]  98 04 FB 83 CC 09 CC 08
 (005.086435)  can0  123   [8]  99 00 2C 43 1A 1A 1F FF
 (005.086688)  can0  124   [8]  99 04 FB AA B1 09 D5 08
 (005.096375)  can0  123   [8]  9A 00 2C 43 1A B6 DC FF
 (005.096571)  can0  124   [8]  9A 04 FB D1 AB 09 DF 08
 (005.106279)  can0  123   [8]  9B 00 2C 43 1B 43 EB FF
 (005.106507)  can0  124   [8]  9B 04 FB F8 8B 09 E8 08
 (005.116162)  can0  123   [8]  9C 00 2C 43 1B E0 A7 FF
 (005.116357)  can0  124   [8]  9C 04 FC 1F 86 09 F2 08
 (005.126057)  can0  123   [8]  9D 00 2C 43 1C 6D B7 FF
 (005.126267)  can0  124   [8]  9D 04 FC 46 67 09 FB 08
 (005.136103)  can0  123   [8]  9E 00 2C 43 1C FA C6 FF
 (005.136271)  can0  124   [8]  9E 04 FC 6D 66 0A 04 08
 (005.145950)  can0  123   [8]  9F 00 2D 43 1D 97 83 FF
 (005.146313)  can0  124   [8]  9F 04 FC 94 4B 0A 0E 08
 (005.155871)  can0  123   [8]  A0 00 2D 43 1E 24 93 FF
 (005.156042)  can0  124   [8]  A0 04 FC BB 45 0A 17 08
 (005.165743)  can0  123   [8]  A1 00 2E 43 1E B1 A2 FF
 (005.165898)  can0  124   [8]  A1 04 FC E2 26 0A 20 08
 (005.175674)  can0  123   [8]  A2 00 2F 43 1F 4E 5E FF
 (005.175896)  can0  124   [8]  A2 04 FD 09 1F 0A 2A 08
 (005.185734)  can0  123   [8]  A3 00 30 43 1F DB 6E FF
 (005.185754)  can0  124   [8]  A3 04 FD 30 00 0A 33 08
 (005.195785)  can0  123   [8]  A4 00 30 43 20 68 7D FF
 (005.195805)  can0  124   [8]  A4 04 FD 56 F7 0A 3C 08
 (005.205439)  can0  123   [8]  A5 00 30 43 21 05 3A FF
 (005.205593)  can0  124   [8]  A5 04 FD 7D DF 0A 46 08
 (005.215436)  can0  123   [8]  A6 00 32 43 21 92 49 FF
 (005.215451)  can0  124   [8]  A6 04 FD A4 DB 0A 4F 08
 (005.225236)  can0  123   [8]  A7 00 35 43 22 1F 58 FF
 (005.225402)  can0  124   [8]  A7 04 FD CB BE 0A 58 08
 (005.235243)  can0  123   [8]  A8 00 3E 43 22 BC 15 FF
 (005.235380)  can0  124   [8]  A8 04 FD F2 BB 0A 62 08
 (005.245044)  can0  123   [8]  A9 00 43 43 23 49 25 FF
 (005.245394)  can0  124   [8]  A9 04 FE 19 9F 0A 6B 08
 (005.255031)  can0  123   [8]  AA 00 49 43 23 D6 34 FF
 (005.255255)  can0  124   [8]  AA 04 FE 40 A7 0A 74 08
 (005.264878)  can0  123   [8]  AB 00 9E 43 24 63 44 FF
 (005.265035)  can0  124   [8]  AB 04 FE 67 75 0A 7D 08
 (005.275117)  can0  123   [8]  AC 00 E5 43 24 F0 54 FF
 (005.275140)  can0  124   [8]  AC 04 FE 8E 69 0A 86 08
 (005.284749)  can0  123   [8]  AD 00 F5 43 25 8D 0F FF
 (005.284848)  can0  124   [8]  AD 04 FE B5 52 0A 90 08
 (005.294856)  can0  123   [8]  AE 00 F8 43 26 1A 1F FF
 (005.294874)  can0  124   [8]  AE 04 FE DC 48 0A 99 08
 (005.304834)  can0  123   [8]  AF 00 F9 43 26 A7 2F FF
 (005.304859)  can0  124   [8]  AF 04 FF 03 2D 0A A2 08
 (005.314676)  can0  123   [8]  B0 00 F9 43 27 34 3F FF
 (005.314701)  can0  124   [8]  B0 04 FF 2A 21 0A AB 08
 (005.324650)  can0  123   [8]  B1 00 F9 43 27 C1 4F FF
 (005.324672)  can0  124   [8]  B1 04 FF 51 0A 0A B4 08
 (005.334284)  can0  123   [8]  B2 00 F8 43 28 4E 5E FF
 (005.334457)  can0  124   [8]  B2 04 FF 77 FB 0A BD 08
 (005.344195)  can0  123   [8]  B3 00 F7 43 28 DB 6D FF
 (005.344381)  can0  124   [8]  B3 04 FF 9E E4 0A C6 08
 (005.354183)  can0  123   [8]  B4 00 F6 43 29 68 7D FF
 (005.354362)  can0  124   [8]  B4 04 FF C5 D8 0A CF 08
 (005.364438)  can0  123   [8]  B5 00 F6 43 29 F5 8D FF
 (005.364453)  can0  124   [8]  B5 04 FF EC C0 0A D8 08
 (005.373990)  can0  123   [8]  B6 00 F5 43 2A 82 9D FF
 (005.374177)  can0  124   [8]  B6 05 00 13 B8 0A E1 08
 (005.384095)  can0  123   [8]  B7 00 F4 43 2B 0F AD FF
 (005.384118)  can0  124   [8]  B7 05 00 3A 9F 0A EA 08
 (005.393752)  can0  123   [8]  B8 00 F3 43 2B 9C BC FF
 (005.393985)  can0  124   [8]  B8 05 00 61 8F 0A F3 08
 (005.403762)  can0  123   [8]  B9 00 F3 43 2C 29 CB FF
 (005.404048)  can0  124   [8]  B9 05 00 88 76 0A FC 08
 (005.413679)  can0  123   [8]  BA 00 F1 43 2C B6 DB FF
 (005.413855)  can0  124   [8]  BA 05 00 AF 6C 0B 05 08
 (005.423548)  can0  123   [8]  BB 00 E4 43 2D 43 EB FF
 (005.423702)  can0  124   [8]  BB 05 00 D6 4C 0B 0E 08
 (005.433507)  can0  123   [8]  BC 00 C6 43 2D D0 FB FF
 (005.433642)  can0  124   [8]  BC 05 00 FD 45 0B 17 08
 (005.443364)  can0  123   [8]  BD 00 8F 43 2E 5E 0B FF
 (005.443557)  can0  124   [8]  BD 05 01 24 1F 0B 20 08
 (005.453346)  can0  123   [8]  BE 00 79 43 2E EB 1A FF
 (005.453513)  can0  124   [8]  BE 05 01 4B 1A 0B 29 08
 (005.463192)  can0  123   [8]  BF 00 5A 43 2F 78 2A FF
 (005.463432)  can0  124   [8]  BF 05 01 72 11 0B 32 08
 (005.473205)  can0  123   [8]  C0 00 47 43 30 05 39 FF
 (005.475228)  can0  124   [8]  C0 05 01 99 11 0B 3B 08
 (005.482988)  can0  123   [8]  C1 00 41 43 30 92 49 FF
 (005.483315)  can0  124   [8]  C1 05 01 BF F6 0B 44 08
 (005.492909)  can0  123   [8]  C2 00 40 43 31 1F 59 FF
 (005.493225)  can0  124   [8]  C2 05 01 E6 FA 0B 4D 08
 (005.502845)  can0  123   [8]  C3 00 42 43 31 AC 69 FF
 (005.503046)  can0  124   [8]  C3 05 02 0D D9 0B 56 08
 (005.512773)  can0  123   [8]  C4 00 42 43 32 39 78 FF
 (005.513015)  can0  124   [8]  C4 05 02 34 D8 0B 5F 08
 (005.522678)  can0  123   [8]  C5 00 43 43 32 C6 88 FF
 (005.522846)  can0  124   [8]  C5 05 02 5B BC 0B 68 08
 (005.532572)  can0  123   [8]  C6 00 44 43 33 53 97 FF
 (005.532751)  can0  124   [8]  C6 05 02 82 B9 0B 71 08
 (005.542544)  can0  123   [8]  C7 00 4F 43 33 E0 A7 FF
 (005.542745)  can0  124   [8]  C7 05 02 A9 A1 0B 7A 08
 (005.552428)  can0  123   [8]  C8 00 65 43 34 6D B7 FF
 (005.552605)  can0  124   [8]  C8 05 02 CC A2 0B 83 08
 (005.562334)  can0  123   [8]  C9 00 65 43 34 FA C6 FF
 (005.562520)  can0  124   [8]  C9 05 02 F7 71 0B 8C 08
 (005.572703)  can0  123   [8]  CA 00 52 43 35 87 D7 FF
 (005.572723)  can0  124   [8]  CA 05 03 1E 87 0B 95 08
 (005.582386)  can0  123   [8]  CB 00 4D 43 36 14 E6 FF
 (005.582408)  can0  124   [8]  CB 05 03 45 6F 0B 9E 08
 (005.592159)  can0  123   [8]  CC 00 53 43 36 A1 F6 FF
 (005.592279)  can0  124   [8]  CC 05 03 6C 6C 0B A7 08
 (005.602176)  can0  123   [8]  CD 00 66 43 37 2F 05 FF
 (005.602193)  can0  124   [8]  CD 05 03 93 3C 0B B0 08
 (005.611875)  can0  123   [8]  CE 00 7E 43 37 BC 14 FF
 (005.612100)  can0  124   [8]  CE 05 03 BA 44 0B B9 08
 (005.621814)  can0  123   [8]  CF 00 8E 43 38 49 25 FF
 (005.622007)  can0  124   [8]  CF 05 03 E1 2A 0B C2 08
 (005.631702)  can0  123   [8]  D0 00 96 43 38 D6 34 FF
 (005.631954)  can0  124   [8]  D0 05 04 08 28 0B CB 08
 (005.641598)  can0  123   [8]  D1 00 92 43 39 63 44 FF
 (005.641776)  can0  124   [8]  D1 05 04 2E FE 0B D4 08
 (005.651592)  can0  123   [8]  D2 00 78 43 39 F0 54 FF
 (005.651800)  can0  124   [8]  D2 05 04 55 F6 0B DD 08
 (005.661480)  can0  123   [8]  D3 00 54 43 3A 7D 63 FF
 (005.661676)  can0  124   [8]  D3 05 04 7C EF 0B E6 08
 (005.671387)  can0  123   [8]  D4 00 4A 43 3A FA C7 FF
 (005.671622)  can0  124   [8]  D4 05 04 A3 E7 0B EE 08
 (005.681374)  can0  123   [8]  D5 00 52 43 3B 97 82 FF
 (005.681604)  can0  124   [8]  D5 05 04 CA D3 0B F8 08
 (005.692862)  can0  123   [8]  D6 00 4D 43 3C 14 E5 FF
 (005.692883)  can0  124   [8]  D6 05 04 F1 C8 0C 00 08
 (005.701146)  can0  123   [8]  D7 00 46 43 3C B1 A2 FF
 (005.701307)  can0  124   [8]  D7 05 05 18 B2 0C 0A 08
 (005.711169)  can0  123   [8]  D8 00 45 43 3D 3E B1 FF
 (005.712807)  can0  124   [8]  D8 05 05 3F AD 0C 13 08
 (005.721205)  can0  123   [8]  D9 00 44 43 3D CB C1 FF
 (005.721223)  can0  124   [8]  D9 05 05 66 8F 0C 1C 08
 (005.730943)  can0  123   [8]  DA 00 42 43 3E 58 D1 FF
 (005.731096)  can0  124   [8]  DA 05 05 8D 85 0C 25 08
 (005.740840)  can0  123   [8]  DB 00 3F 43 3E E5 E1 FF
 (005.741003)  can0  124   [8]  DB 05 05 B4 65 0C 2E 08
 (005.750740)  can0  123   [8]  DC 00 3E 43 3F 72 F0 FF
 (005.750910)  can0  124   [8]  DC 05 05 DB 65 0C 37 08
 (005.760566)  can0  123   [8]  DD 00 3E 43 40 00 01 FF
 (005.760739)  can0  124   [8]  DD 05 06 02 40 0C 40 08
 (005.770702)  can0  123   [8]  DE 00 3D 43 40 8D 10 FF
 (005.770721)  can0  124   [8]  DE 05 06 29 38 0C 49 08
 (005.780440)  can0  123   [8]  DF 00 3C 43 41 1A 1F FF
 (005.780685)  can0  124   [8]  DF 05 06 50 1C 0C 52 08
 (005.790419)  can0  123   [8]  E0 00 3A 43 41 A7 2F FF
 (005.790566)  can0  124   [8]  E0 05 06 77 19 0C 5B 08
 (005.800249)  can0  123   [8]  E1 00 38 43 42 34 3E FF
 (005.800476)  can0  124   [8]  E1 05 06 9D FB 0C 64 08
 (005.811188)  can0  123   [8]  E2 00 37 43 42 C1 4F FF
 (005.811208)  can0  124   [8]  E2 05 06 C4 F7 0C 6D 08
 (005.820091)  can0  123   [8]  E3 00 37 43 43 4E 5E FF
 (005.820296)  can0  124   [8]  E3 05 06 EB DA 0C 76 08
 (005.830106)  can0  123   [8]  E4 00 37 43 43 EB 1B FF
 (005.830309)  can0  124   [8]  E4 05 07 12 D2 0C 80 08
 (005.839961)  can0  123   [8]  E5 00 37 43 44 78 2A FF
 (005.840110)  can0  124   [8]  E5 05 07 39 B2 0C 89 08
 (005.850083)  can0  123   [8]  E6 00 37 43 45 05 3A FF
 (005.850102)  can0  124   [8]  E6 05 07 60 AD 0C 92 08
 (005.859785)  can0  123   [8]  E7 00 36 43 45 92 49 FF
 (005.859959)  can0  124   [8]  E7 05 07 87 95 0C 9B 08
 (005.869754)  can0  123   [8]  E8 00 36 43 46 1F 58 FF
 (005.869986)  can0  124   [8]  E8 05 07 AE 93 0C A4 08
 (005.879560)  can0  123   [8]  E9 00 36 43 46 AC 69 FF
 (005.879752)  can0  124   [8]  E9 05 07 D5 79 0C AD 08
 (005.889727)  can0  123   [8]  EA 00 36 43 47 39 78 FF
 (005.889752)  can0  124   [8]  EA 05 07 FC 78 0C B6 08
 (005.899456)  can0  123   [8]  EB 00 36 43 47 C6 88 FF
 (005.899665)  can0  124   [8]  EB 05 08 23 5A 0C BF 08
 (005.909429)  can0  123   [8]  EC 00 36 43 48 53 98 FF
 (005.909437)  can0  124   [8]  EC 05 08 4A 52 0C C8 08
 (005.919286)  can0  123   [8]  ED 00 36 43 48 E0 A7 FF
 (005.919361)  can0  124   [8]  ED 05 08 71 34 0C D1 08
 (005.929072)  can0  123   [8]  EE 00 36 43 49 6D B7 FF
 (005.929409)  can0  124   [8]  EE 05 08 98 30 0C DA 08
 (005.939013)  can0  123   [8]  EF 00 36 43 49 FA C6 FF
 (005.939271)  can0  124   [8]  EF 05 08 BF 11 0C E3 08
 (005.949004)  can0  123   [8]  F0 00 36 43 4A 87 D7 FF
 (005.949132)  can0  124   [8]  F0 05 08 E6 03 0C EC 08
 (005.958970)  can0  123   [8]  F1 00 37 43 4B 14 E6 FF
 (005.959152)  can0  124   [8]  F1 05 09 0C E6 0C F5 08
 (005.968992)  can0  123   [8]  F2 00 37 43 4B A1 F5 FF
 (005.969004)  can0  124   [8]  F2 05 09 33 DE 0C FE 08
 (005.978687)  can0  123   [8]  F3 00 37 43 4C 2F 05 FF
 (005.978860)  can0  124   [8]  F3 05 09 5A C3 0D 07 08
 (005.988637)  can0  123   [8]  F4 00 38 43 4C BC 14 FF
 (005.988917)  can0  124   [8]  F4 05 09 81 B7 0D 10 08
 (005.998543)  can0  123   [8]  F5 00 38 43 4D 49 25 FF
 (005.998910)  can0  124   [8]  F5 05 09 A8 97 0D 19 08
 (006.008823)  can0  123   [8]  F6 00 38 43 4D D6 34 FF
 (006.008828)  can0  124   [8]  F6 05 09 CF 8F 0D 22 08
 (006.018392)  can0  123   [8]  F7 00 38 43 4E 63 45 FF
 (006.018528)  can0  124   [8]  F7 05 09 F6 6E 0D 2B 08
 (006.028269)  can0  123   [8]  F8 00 39 43 4E F0 54 FF
 (006.028504)  can0  124   [8]  F8 05 0A 1D 5B 0D 34 08
 (006.038236)  can0  123   [8]  F9 00 39 43 4F 7D 63 FF
 (006.038497)  can0  124   [8]  F9 05 0A 44 3C 0D 3D 08
 (006.048101)  can0  123   [8]  FA 00 3A 43 50 0A 73 FF
 (006.048443)  can0  124   [8]  FA 05 0A 6B 33 0D 46 08
 (006.057951)  can0  123   [8]  FB 00 3A 43 50 97 82 FF
 (006.058319)  can0  124   [8]  FB 05 0A 92 10 0D 4F 08
 (006.068125)  can0  123   [8]  FC 00 3A 43 51 24 93 FF
 (006.068138)  can0  124   [8]  FC 05 0A B9 09 0D 58 08
 (006.077809)  can0  123   [8]  FD 00 3B 43 51 B1 A2 FF
 (006.078015)  can0  124   [8]  FD 05 0A DF EC 0D 61 08
 (006.087715)  can0  123   [8]  FE 00 3E 43 52 3E B1 FF
 (006.087984)  can0  124   [8]  FE 05 0B 06 E7 0D 6A 08
 (006.097607)  can0  123   [8]  FF 00 43 43 52 CB C2 FF
 (006.097833)  can0  124   [8]  FF 05 0B 2D CC 0D 73 08
 (006.107574)  can0  123   [8]  00 00 45 43 53 58 D1 FF
 (006.107825)  can0  124   [8]  00 05 0B 54 C3 0D 7C 08
 (006.117472)  can0  123   [8]  01 00 43 43 53 E5 E1 FF
 (006.117713)  can0  124   [8]  01 05 0B 7B A9 0D 85 08
 (006.127382)  can0  123   [8]  02 00 42 43 54 72 F0 FF
 (006.127604)  can0  124   [8]  02 05 0B A2 A8 0D 8E 08
 (006.137311)  can0  123   [8]  03 00 42 43 54 FF FF FF
 (006.137640)  can0  124   [8]  03 05 0B C9 85 0D 97 08
 (006.147221)  can0  123   [8]  04 00 42 43 55 8D 10 FF
 (006.147472)  can0  124   [8]  04 05 0B F0 86 0D A0 08
 (006.157091)  can0  123   [8]  05 00 41 43 56 0A 73 FF
 (006.157307)  can0  124   [8]  05 05 0C 17 68 0D A8 08
 (006.167070)  can0  123   [8]  06 00 40 43 56 A7 2F FF
 (006.167255)  can0  124   [8]  06 05 0C 3E 65 0D B2 08
 (006.176896)  can0  123   [8]  07 00 40 43 57 24 92 FF
 (006.177154)  can0  124   [8]  07 05 0C 65 49 0D BA 08
 (006.186935)  can0  123   [8]  08 00 40 43 57 B1 A2 FF
 (006.187107)  can0  124   [8]  08 05 0C 8C 46 0D C3 08
 (006.196744)  can0  123   [8]  09 00 40 43 58 3E B2 FF
 (006.196992)  can0  124   [8]  09 05 0C B3 2C 0D CC 08
 (006.206774)  can0  123   [8]  0A 00 40 43 58 CB C1 FF
 (006.207006)  can0  124   [8]  0A 05 0C DA 28 0D D5 08
 (006.216796)  can0  123   [8]  0B 00 41 43 59 58 D0 FF
 (006.216916)  can0  124   [8]  0B 05 0D 01 0B 0D DE 08
 (006.226693)  can0  123   [8]  0C 00 41 43 59 E5 E1 FF
 (006.226921)  can0  124   [8]  0C 05 0D 28 03 0D E7 08
 (006.236483)  can0  123   [8]  0D 00 42 43 5A 72 F0 FF
 (006.236887)  can0  124   [8]  0D 05 0D 4E DE 0D F0 08
 (006.246665)  can0  123   [8]  0E 00 42 43 5B 00 00 FF
 (006.246688)  can0  124   [8]  0E 05 0D 75 D9 0D F9 08
 (006.256502)  can0  123   [8]  0F 00 42 43 5B 8D 0F FF
 (006.256900)  can0  124   [8]  0F 05 0D 9C B6 0E 02 08
 (006.266380)  can0  123   [8]  10 00 42 43 5C 0A 73 FF
 (006.266579)  can0  124   [8]  10 05 0D C3 BB 0E 0A 08
 (006.276281)  can0  123   [8]  11 00 43 43 5C 97 83 FF
 (006.276428)  can0  124   [8]  11 05 0D EA A3 0E 13 08
 (006.286196)  can0  123   [8]  12 00 43 43 5D 24 92 FF
 (006.286371)  can0  124   [8]  12 05 0E 11 A2 0E 1C 08
 (006.296174)  can0  123   [8]  13 00 43 43 5D B1 A3 FF
 (006.296407)  can0  124   [8]  13 05 0E 38 83 0E 25 08
 (006.306031)  can0  123   [8]  14 00 43 43 5E 3E B2 FF
 (006.306190)  can0  124   [8]  14 05 0E 5F 83 0E 2E 08
 (006.315859)  can0  123   [8]  15 00 43 43 5E CB C1 FF
 (006.316084)  can0  124   [8]  15 05 0E 86 5F 0E 37 08
 (006.325839)  can0  123   [8]  16 00 44 43 5F 58 D1 FF
 (006.325957)  can0  124   [8]  16 05 0E AD 60 0E 40 08
 (006.335687)  can0  123   [8]  17 00 44 43 5F E5 E0 FF
 (006.335895)  can0  124   [8]  17 05 0E D4 44 0E 49 08
 (006.345662)  can0  123   [8]  18 00 44 43 60 72 F1 FF
 (006.345766)  can0  124   [8]  18 05 0E FB 3E 0E 52 08
 (006.355749)  can0  123   [8]  19 00 45 43 60 F0 54 FF
 (006.355795)  can0  124   [8]  19 05 0F 22 1F 0E 5A 08
 (006.365633)  can0  123   [8]  1A 00 45 43 61 7D 63 FF
 (006.365695)  can0  124   [8]  1A 05 0F 49 20 0E 63 08
 (006.375616)  can0  123   [8]  1B 00 45 43 62 0A 74 FF
 (006.375654)  can0  124   [8]  1B 05 0F 70 00 0E 6C 08
 (006.385508)  can0  123   [8]  1C 00 46 43 62 97 83 FF
 (006.385546)  can0  124   [8]  1C 05 0F 97 00 0E 75 08
 (006.395192)  can0  123   [8]  1D 00 47 43 63 24 92 FF
 (006.395466)  can0  124   [8]  1D 05 0F BD E3 0E 7E 08
 (006.405091)  can0  123   [8]  1E 00 47 43 63 B1 A2 FF
 (006.405297)  can0  124   [8]  1E 05 0F E4 DB 0E 87 08
 (006.414967)  can0  123   [8]  1F 00 48 43 64 3E B1 FF
 (006.415357)  can0  124   [8]  1F 05 10 0B BB 0E 90 08
 (006.424863)  can0  123   [8]  20 00 48 43 64 BC 14 FF
 (006.425199)  can0  124   [8]  20 05 10 32 B7 0E 98 08
 (006.434774)  can0  123   [8]  21 00 49 43 65 49 25 FF
 (006.435097)  can0  124   [8]  21 05 10 59 9A 0E A1 08
 (006.444786)  can0  123   [8]  22 00 4A 43 65 D6 34 FF
 (006.444883)  can0  124   [8]  22 05 10 80 92 0E AA 08
 (006.454672)  can0  123   [8]  23 00 4A 43 66 63 44 FF
 (006.454801)  can0  124   [8]  23 05 10 A7 73 0E B3 08
 (006.464555)  can0  123   [8]  24 00 4A 43 66 F0 54 FF
 (006.464829)  can0  124   [8]  24 05 10 CE 71 0E BC 08
 (006.474537)  can0  123   [8]  25 00 4B 43 67 6D B7 FF
 (006.474748)  can0  124   [8]  25 05 10 F5 59 0E C4 08
 (006.484448)  can0  123   [8]  26 00 4C 43 68 0A 73 FF
 (006.484830)  can0  124   [8]  26 05 11 1C 54 0E CE 08
 (006.494375)  can0  123   [8]  27 00 4F 43 68 87 D6 FF
 (006.494566)  can0  124   [8]  27 05 11 43 36 0E D6 08
 (006.504422)  can0  123   [8]  28 00 50 43 69 14 E5 FF
 (006.504438)  can0  124   [8]  28 05 11 6A 2B 0E DF 08
 (006.514319)  can0  123   [8]  29 00 51 43 69 A1 F6 FF
 (006.514334)  can0  124   [8]  29 05 11 91 0D 0E E8 08
 (006.524127)  can0  123   [8]  2A 00 52 43 6A 2F 05 FF
 (006.524245)  can0  124   [8]  2A 05 11 B8 06 0E F1 08
 (006.533997)  can0  123   [8]  2B 00 52 43 6A BC 15 FF
 (006.534173)  can0  124   [8]  2B 05 11 DE E6 0E FA 08
 (006.543901)  can0  123   [8]  2C 00 53 43 6B 39 78 FF
 (006.544047)  can0  124   [8]  2C 05 12 05 DD 0F 02 08
 (006.553828)  can0  123   [8]  2D 00 54 43 6B C6 88 FF
 (006.553964)  can0  124   [8]  2D 05 12 2C B9 0F 0B 08
 (006.563860)  can0  123   [8]  2E 00 59 43 6C 53 98 FF
 (006.563873)  can0  124   [8]  2E 05 12 53 AF 0F 14 08
 (006.573669)  can0  123   [8]  2F 00 5D 43 6C E0 A7 FF
 (006.573779)  can0  124   [8]  2F 05 12 7A 94 0F 1D 08
 (006.583637)  can0  123   [8]  30 00 5F 43 6D 6D B6 FF
 (006.583648)  can0  124   [8]  30 05 12 A1 8F 0F 26 08
 (006.593712)  can0  123   [8]  31 00 5F 43 6D EB 1B FF
 (006.594018)  can0  124   [8]  31 05 12 C8 6E 0F 2E 08
 (006.603364)  can0  123   [8]  32 00 5E 43 6E 78 2A FF
 (006.603448)  can0  124   [8]  32 05 12 EF 6F 0F 37 08
 (006.613858)  can0  123   [8]  33 00 5F 43 6F 05 39 FF
 (006.613871)  can0  124   [8]  33 05 13 16 52 0F 40 08
 (006.623290)  can0  123   [8]  34 00 60 43 6F 92 49 FF
 (006.623411)  can0  124   [8]  34 05 13 3D 53 0F 49 08
 (006.633218)  can0  123   [8]  35 00 60 43 70 1F 59 FF
 (006.633444)  can0  124   [8]  35 05 13 64 37 0F 52 08
 (006.643071)  can0  123   [8]  36 00 60 43 70 9C BC FF
 (006.643251)  can0  124   [8]  36 05 13 8B 2D 0F 5A 08
 (006.652852)  can0  123   [8]  37 00 62 43 71 29 CC FF
 (006.653075)  can0  124   [8]  37 05 13 B2 11 0F 63 08
 (006.662785)  can0  123   [8]  38 00 63 43 71 B6 DB FF
 (006.663025)  can0  124   [8]  38 05 13 D9 0E 0F 6C 08
 (006.672659)  can0  123   [8]  39 00 6B 43 72 43 EC FF
 (006.672875)  can0  124   [8]  39 05 13 FF D9 0F 75 08
 (006.682629)  can0  123   [8]  3A 00 8D 43 72 C1 4F FF
 (006.682867)  can0  124   [8]  3A 05 14 26 DE 0F 7D 08
 (006.692554)  can0  123   [8]  3B 00 D1 43 73 4E 5E FF
 (006.692773)  can0  124   [8]  3B 05 14 4D C1 0F 86 08
 (006.702458)  can0  123   [8]  3C 00 F1 43 73 DB 6E FF
 (006.702658)  can0  124   [8]  3C 05 14 74 B6 0F 8F 08
 (006.712367)  can0  123   [8]  3D 01 01 43 74 58 D1 FF
 (006.712588)  can0  124   [8]  3D 05 14 9B A3 0F 97 08
 (006.722310)  can0  123   [8]  3E 01 09 43 74 E5 E0 FF
 (006.722557)  can0  124   [8]  3E 05 14 C2 94 0F A0 08
 (006.732216)  can0  123   [8]  3F 01 0D 43 75 72 F1 FF
 (006.732451)  can0  124   [8]  3F 05 14 E9 82 0F A9 08
 (006.742212)  can0  123   [8]  40 01 0E 43 75 F0 54 FF
 (006.742319)  can0  124   [8]  40 05 15 10 74 0F B1 08
 (006.752093)  can0  123   [8]  41 01 0C 43 76 7D 63 FF
 (006.752291)  can0  124   [8]  41 05 15 37 5D 0F BA 08
 (006.761985)  can0  123   [8]  42 01 0C 43 76 FA C6 FF
 (006.762200)  can0  124   [8]  42 05 15 5E 48 0F C2 08
 (006.771889)  can0  123   [8]  43 01 0A 43 77 87 D7 FF
 (006.772170)  can0  124   [8]  43 05 15 85 2D 0F CB 08
 (006.781798)  can0  123   [8]  44 01 09 43 78 14 E6 FF
 (006.782006)  can0  124   [8]  44 05 15 AC 21 0F D4 08
 (006.791794)  can0  123   [8]  45 01 09 43 78 92 49 FF
 (006.791995)  can0  124   [8]  45 05 15 D3 0C 0F DC 08
 (006.801604)  can0  123   [8]  46 01 08 43 79 1F 59 FF
 (006.801799)  can0  124   [8]  46 05 15 FA 02 0F E5 08
 (006.811554)  can0  123   [8]  47 01 06 43 79 9C BC FF
 (006.811743)  can0  124   [8]  47 05 16 20 E7 0F ED 08
 (006.821439)  can0  123   [8]  48 01 07 43 7A 29 CC FF
 (006.821773)  can0  124   [8]  48 05 16 47 DD 0F F6 08
 (006.831650)  can0  123   [8]  49 01 04 43 7A A7 2F FF
 (006.831671)  can0  124   [8]  49 05 16 6E C3 0F FE 08
 (006.841570)  can0  123   [8]  4A 01 01 43 7B 34 3F FF
 (006.841586)  can0  124   [8]  4A 05 16 95 BC 10 07 08
 (006.851436)  can0  123   [8]  4B 01 00 43 7B C1 4E FF
 (006.851454)  can0  124   [8]  4B 05 16 BC A3 10 10 08
 (006.861192)  can0  123   [8]  4C 00 FE 43 7C 3E B1 FF
 (006.861347)  can0  124   [8]  4C 05 16 E3 98 10 18 08
 (006.871069)  can0  123   [8]  4D 00 FD 43 7C CB C2 FF
 (006.871255)  can0  124   [8]  4D 05 17 0A 7F 10 21 08
 (006.880929)  can0  123   [8]  4E 00 FB 43 7D 49 25 FF
 (006.881190)  can0  124   [8]  4E 05 17 31 75 10 29 08
 (006.890781)  can0  123   [8]  4F 00 FC 43 7D D6 34 FF
 (006.891019)  can0  124   [8]  4F 05 17 58 5E 10 32 08
 (006.900726)  can0  123   [8]  50 00 FB 43 7E 53 97 FF
 (006.901001)  can0  124   [8]  50 05 17 7F 54 10 3A 08
 (006.910601)  can0  123   [8]  51 00 FD 43 7E E0 A7 FF
 (006.910840)  can0  124   [8]  51 05 17 A6 40 10 43 08
 (006.920563)  can0  123   [8]  52 00 FA 43 7F 5E 0B FF
 (006.920759)  can0  124   [8]  52 05 17 CD 37 10 4B 08
 (006.930423)  can0  123   [8]  53 00 F9 43 7F EB 1A FF
 (006.930712)  can0  124   [8]  53 05 17 F4 21 10 54 08
 (006.940322)  can0  123   [8]  54 00 F7 43 80 34 3E FF
 (006.940568)  can0  124   [8]  54 05 18 1B 17 10 5C 08
 (006.950237)  can0  123   [8]  55 00 F6 43 80 7A C7 FF
 (006.950497)  can0  124   [8]  55 05 18 42 01 10 65 08
 (006.960188)  can0  123   [8]  56 00 F4 43 80 C1 4E FF
 (006.960406)  can0  124   [8]  56 05 18 68 FC 10 6E 08
 (006.970109)  can0  123   [8]  57 00 F1 43 81 00 00 FF
 (006.970301)  can0  124   [8]  57 05 18 8F DA 10 76 08
 (006.979998)  can0  123   [8]  58 00 EF 43 81 3E B2 FF
 (006.980220)  can0  124   [8]  58 05 18 B6 CA 10 7E 08
 (006.989888)  can0  123   [8]  59 00 EC 43 81 85 39 FF
 (006.990121)  can0  124   [8]  59 05 18 DD B6 10 87 08
 (006.999826)  can0  123   [8]  5A 00 EC 43 81 CB C1 FF
 (007.000075)  can0  124   [8]  5A 05 19 04 B1 10 90 08
 (007.009759)  can0  123   [8]  5B 00 DA 43 82 0A 73 FF
 (007.009944)  can0  124   [8]  5B 05 19 2B 8F 10 98 08
 (007.019668)  can0  123   [8]  5C 00 B9 43 82 49 25 FF
 (007.019878)  can0  124   [8]  5C 05 19 52 8A 10 A0 08
 (007.029585)  can0  123   [8]  5D 00 A6 43 82 8F AC FF
 (007.029776)  can0  124   [8]  5D 05 19 79 69 10 A9 08
 (007.039539)  can0  123   [8]  5E 00 A6 43 82 D6 35 FF
 (007.039802)  can0  124   [8]  5E 05 19 A0 64 10 B2 08
 (007.049493)  can0  123   [8]  5F 00 AD 43 83 14 E6 FF
 (007.049637)  can0  124   [8]  5F 05 19 C7 47 10 BA 08
 (007.059429)  can0  123   [8]  60 00 B3 43 83 5B 6E FF
 (007.059573)  can0  124   [8]  60 05 19 EE 41 10 C3 08
 (007.069241)  can0  123   [8]  61 00 B7 43 83 9A 1F FF
 (007.069499)  can0  124   [8]  61 05 1A 15 21 10 CB 08
 (007.079535)  can0  123   [8]  62 00 B8 43 83 E0 A7 FF
 (007.079550)  can0  124   [8]  62 05 1A 3C 1D 10 D4 08
 (007.089057)  can0  123   [8]  63 00 B9 43 84 1F 59 FF
 (007.089280)  can0  124   [8]  63 05 1A 62 FA 10 DC 08
 (007.099137)  can0  123   [8]  64 00 B8 43 84 65 E0 FF
 (007.099211)  can0  124   [8]  64 05 1A 89 F4 10 E5 08
 (007.108951)  can0  123   [8]  65 00 B7 43 84 A4 92 FF
 (007.109203)  can0  124   [8]  65 05 1A B0 CF 10 ED 08
 (007.118824)  can0  123   [8]  66 00 B7 43 84 EB 1A FF
 (007.119031)  can0  124   [8]  66 05 1A D7 CA 10 F6 08
 (007.128883)  can0  123   [8]  67 00 B7 43 85 29 CC FF
 (007.128993)  can0  124   [8]  67 05 1A FE AB 10 FE 08
 (007.138827)  can0  123   [8]  68 00 B8 43 85 70 53 FF
 (007.139090)  can0  124   [8]  68 05 1B 25 A6 11 07 08
 (007.148691)  can0  123   [8]  69 00 B8 43 85 AF 05 FF
 (007.148832)  can0  124   [8]  69 05 1B 4C 84 11 0F 08
 (007.158618)  can0  123   [8]  6A 00 B8 43 85 F5 8D FF
 (007.158814)  can0  124   [8]  6A 05 1B 73 7F 11 18 08
 (007.168457)  can0  123   [8]  6B 00 B7 43 86 34 3F FF
 (007.168651)  can0  124   [8]  6B 05 1B 9A 5F 11 20 08
 (007.178446)  can0  123   [8]  6C 00 B5 43 86 72 F0 FF
 (007.178575)  can0  124   [8]  6C 05 1B C1 5B 11 28 08
 (007.188331)  can0  123   [8]  6D 00 B0 43 86 B9 78 FF
 (007.188550)  can0  124   [8]  6D 05 1B E8 3F 11 31 08
 (007.198460)  can0  123   [8]  6E 00 99 43 87 00 00 FF
 (007.198486)  can0  124   [8]  6E 05 1C 0F 33 11 3A 08
 (007.208181)  can0  123   [8]  6F 00 72 43 87 3E B2 FF
 (007.208885)  can0  124   [8]  6F 05 1C 36 12 11 42 08
 (007.218897)  can0  123   [8]  70 00 70 43 87 7D 63 FF
 (007.218927)  can0  124   [8]  70 05 1C 5D 0F 11 4A 08
 (007.228099)  can0  123   [8]  71 00 6E 43 87 C3 EB FF
 (007.228305)  can0  124   [8]  71 05 1C 83 F0 11 53 08
 (007.238133)  can0  123   [8]  72 00 6E 43 88 02 9D FF
 (007.238164)  can0  124   [8]  72 05 1C AA E8 11 5B 08
 (007.247826)  can0  123   [8]  73 00 6E 43 88 49 24 FF
 (007.247956)  can0  124   [8]  73 05 1C D1 C8 11 64 08
 (007.257931)  can0  123   [8]  74 00 6E 43 88 87 D6 FF
 (007.257952)  can0  124   [8]  74 05 1C F8 BF 11 6C 08
 (007.267729)  can0  123   [8]  75 00 6F 43 88 C6 88 FF
 (007.267834)  can0  124   [8]  75 05 1D 1F A1 11 74 08
 (007.277478)  can0  123   [8]  76 00 70 43 89 0D 10 FF
 (007.277731)  can0  124   [8]  76 05 1D 46 9E 11 7D 08
 (007.287482)  can0  123   [8]  77 00 70 43 89 4B C1 FF
 (007.287570)  can0  124   [8]  77 05 1D 6D 7E 11 85 08
 (007.297385)  can0  123   [8]  78 00 6F 43 89 92 49 FF
 (007.297509)  can0  124   [8]  78 05 1D 94 7A 11 8E 08
 (007.307280)  can0  123   [8]  79 00 6D 43 89 D0 FB FF
 (007.307405)  can0  124   [8]  79 05 1D BB 5E 11 96 08
 (007.317209)  can0  123   [8]  7A 00 6D 43 8A 0F AD FF
 (007.317336)  can0  124   [8]  7A 05 1D E2 5B 11 9E 08
 (007.327112)  can0  123   [8]  7B 00 6D 43 8A 56 34 FF
 (007.327271)  can0  124   [8]  7B 05 1E 09 3E 11 A7 08
 (007.337046)  can0  123   [8]  7C 00 6D 43 8A 94 E6 FF
 (007.337239)  can0  124   [8]  7C 05 1E 30 3F 11 AF 08
 (007.346959)  can0  123   [8]  7D 00 6D 43 8A DB 6E FF
 (007.347076)  can0  124   [8]  7D 05 1E 57 22 11 B8 08
 (007.356774)  can0  123   [8]  7E 00 6C 43 8B 1A 1F FF
 (007.357009)  can0  124   [8]  7E 05 1E 7E 21 11 C0 08
 (007.366743)  can0  123   [8]  7F 00 68 43 8B 58 D1 FF
 (007.366876)  can0  124   [8]  7F 05 1E A5 05 11 C8 08
 (007.376679)  can0  123   [8]  80 00 65 43 8B 9F 58 FF
 (007.376841)  can0  124   [8]  80 05 1E CC 04 11 D1 08
 (007.386609)  can0  123   [8]  81 00 61 43 8B DE 0B FF
 (007.386807)  can0  124   [8]  81 05 1E F2 FF 11 D9 08
 (007.396508)  can0  123   [8]  82 00 5C 43 8C 24 92 FF
 (007.396715)  can0  124   [8]  82 05 1F 1A 03 11 E2 08
 (007.406421)  can0  123   [8]  83 00 58 43 8C 63 44 FF
 (007.406602)  can0  124   [8]  83 05 1F 40 E4 11 EA 08
 (007.416336)  can0  123   [8]  84 00 57 43 8C A1 F5 FF
 (007.416512)  can0  124   [8]  84 05 1F 67 E2 11 F2 08
 (007.426210)  can0  123   [8]  85 00 53 43 8C E8 7E FF
 (007.426447)  can0  124   [8]  85 05 1F 8E C7 11 FB 08
 (007.436115)  can0  123   [8]  86 00 53 43 8D 27 2F FF
 (007.436318)  can0  124   [8]  86 05 1F B5 BF 12 03 08
 (007.446061)  can0  123   [8]  87 00 55 43 8D 6D B7 FF
 (007.446288)  can0  124   [8]  87 05 1F DC A1 12 0C 08
 (007.455948)  can0  123   [8]  88 00 56 43 8D AC 68 FF
 (007.456232)  can0  124   [8]  88 05 20 03 9E 12 14 08
 (007.465922)  can0  123   [8]  89 00 57 43 8D F2 F0 FF
 (007.466064)  can0  124   [8]  89 05 20 2A 85 12 1D 08
 (007.475794)  can0  123   [8]  8A 00 5B 43 8E 31 A2 FF
 (007.475944)  can0  124   [8]  8A 05 20 51 80 12 25 08
 (007.485716)  can0  123   [8]  8B 00 62 43 8E 78 2A FF
 (007.485855)  can0  124   [8]  8B 05 20 78 64 12 2E 08
 (007.495633)  can0  123   [8]  8C 00 67 43 8E B6 DC FF
 (007.495783)  can0  124   [8]  8C 05 20 9F 4A 12 36 08
 (007.505552)  can0  123   [8]  8D 00 67 43 8E FD 63 FF
 (007.505775)  can0  124   [8]  8D 05 20 C6 32 12 3F 08
 (007.515560)  can0  123   [8]  8E 00 66 43 8F 43 EB FF
 (007.515688)  can0  124   [8]  8E 05 20 ED 31 12 48 08
 (007.525514)  can0  123   [8]  8F 00 60 43 8F 82 9D FF
 (007.525559)  can0  124   [8]  8F 05 21 14 28 12 50 08
 (007.535504)  can0  123   [8]  90 00 5A 43 8F C1 4F FF
 (007.535518)  can0  124   [8]  90 05 21 3B 24 12 58 08
 (007.545173)  can0  123   [8]  91 00 58 43 90 07 D6 FF
 (007.545357)  can0  124   [8]  91 05 21 62 09 12 61 08
 (007.555081)  can0  123   [8]  92 00 58 43 90 4E 5E FF
 (007.555283)  can0  124   [8]  92 05 21 89 06 12 6A 08
 (007.564988)  can0  123   [8]  93 00 58 43 90 8D 10 FF
 (007.565227)  can0  124   [8]  93 05 21 AF E7 12 72 08
 (007.575007)  can0  123   [8]  94 00 51 43 90 CB C1 FF
 (007.575124)  can0  124   [8]  94 05 21 D6 E5 12 7A 08
 (007.584817)  can0  123   [8]  95 00 43 43 91 12 49 FF
 (007.584979)  can0  124   [8]  95 05 21 FD C6 12 83 08
 (007.594735)  can0  123   [8]  96 00 37 43 91 50 FB FF
 (007.595079)  can0  124   [8]  96 05 22 24 C3 12 8B 08
 (007.605203)  can0  123   [8]  97 00 33 43 91 97 83 FF
 (007.605223)  can0  124   [8]  97 05 22 4B A4 12 94 08
 (007.614587)  can0  123   [8]  98 00 31 43 91 D6 34 FF
 (007.614821)  can0  124   [8]  98 05 22 72 A1 12 9C 08
 (007.624517)  can0  123   [8]  99 00 30 43 92 1C BC FF
 (007.624717)  can0  124   [8]  99 05 22 99 83 12 A5 08
 (007.634410)  can0  123   [8]  9A 00 2E 43 92 5B 6D FF
 (007.634671)  can0  124   [8]  9A 05 22 C0 7C 12 AD 08
 (007.644532)  can0  123   [8]  9B 00 2D 43 92 A1 F6 FF
 (007.644549)  can0  124   [8]  9B 05 22 E7 5E 12 B6 08
 (007.654304)  can0  123   [8]  9C 00 2C 43 92 E0 A7 FF
 (007.654577)  can0  124   [8]  9C 05 23 0E 59 12 BE 08
 (007.664229)  can0  123   [8]  9D 00 2C 43 93 27 2F FF
 (007.664430)  can0  124   [8]  9D 05 23 35 37 12 C7 08
 (007.674298)  can0  123   [8]  9E 00 2B 43 93 65 E1 FF
 (007.674314)  can0  124   [8]  9E 05 23 5C 35 12 CF 08
 (007.683951)  can0  123   [8]  9F 00 2B 43 93 AC 69 FF
 (007.684194)  can0  124   [8]  9F 05 23 83 11 12 D8 08
 (007.693926)  can0  123   [8]  A0 00 2B 43 93 EB 1A FF
 (007.694085)  can0  124   [8]  A0 05 23 AA 07 12 E0 08
 (007.703867)  can0  123   [8]  A1 00 2B 43 94 29 CC FF
 (007.704037)  can0  124   [8]  A1 05 23 D0 E8 12 E8 08
 (007.713720)  can0  123   [8]  A2 00 2B 43 94 70 54 FF
 (007.713952)  can0  124   [8]  A2 05 23 F7 DE 12 F1 08
 (007.723694)  can0  123   [8]  A3 00 2B 43 94 B6 DB FF
 (007.723848)  can0  124   [8]  A3 05 24 1E C2 12 FA 08
 (007.733658)  can0  123   [8]  A4 00 2B 43 94 F5 8D FF
 (007.733797)  can0  124   [8]  A4 05 24 45 BD 13 02 08
 (007.743497)  can0  123   [8]  A5 00 2C 43 95 34 3E FF
 (007.743655)  can0  124   [8]  A5 05 24 6C A7 13 0A 08
 (007.753436)  can0  123   [8]  A6 00 2C 43 95 7A C7 FF
 (007.753594)  can0  124   [8]  A6 05 24 93 A4 13 13 08
 (007.763352)  can0  123   [8]  A7 00 2C 43 95 B9 78 FF
 (007.763540)  can0  124   [8]  A7 05 24 BA 87 13 1B 08
 (007.773291)  can0  123   [8]  A8 00 2C 43 96 00 00 FF
 (007.773445)  can0  124   [8]  A8 05 24 E1 87 13 24 08
 (007.783156)  can0  123   [8]  A9 00 2C 43 96 3E B1 FF
 (007.783300)  can0  124   [8]  A9 05 25 08 6B 13 2C 08
 (007.793241)  can0  123   [8]  AA 00 2C 43 96 85 3A FF
 (007.793261)  can0  124   [8]  AA 05 25 2F 70 13 35 08
 (007.803011)  can0  123   [8]  AB 00 2C 43 96 C3 EB FF
 (007.803138)  can0  124   [8]  AB 05 25 56 52 13 3D 08
 (007.813051)  can0  123   [8]  AC 00 2C 43 97 0A 73 FF
 (007.813077)  can0  124   [8]  AC 05 25 7D 57 13 46 08
 (007.822747)  can0  123   [8]  AD 00 2C 43 97 49 25 FF
 (007.823135)  can0  124   [8]  AD 05 25 A4 40 13 4E 08
 (007.832769)  can0  123   [8]  AE 00 2C 43 97 87 D6 FF
 (007.832889)  can0  124   [8]  AE 05 25 CB 41 13 56 08
 (007.842670)  can0  123   [8]  AF 00 2C 43 97 CE 5E FF
 (007.842809)  can0  124   [8]  AF 05 25 F2 28 13 5F 08
 (007.852646)  can0  123   [8]  B0 00 2C 43 98 14 E6 FF
 (007.852755)  can0  124   [8]  B0 05 26 19 24 13 68 08
 (007.862471)  can0  123   [8]  B1 00 2C 43 98 53 98 FF
 (007.862641)  can0  124   [8]  B1 05 26 40 0D 13 70 08
 (007.872358)  can0  123   [8]  B2 00 2D 43 98 92 49 FF
 (007.872583)  can0  124   [8]  B2 05 26 67 09 13 78 08
 (007.882266)  can0  123   [8]  B3 00 2D 43 98 D8 D1 FF
 (007.882409)  can0  124   [8]  B3 05 26 8D EB 13 81 08
 (007.892158)  can0  123   [8]  B4 00 2D 43 99 17 82 FF
 (007.892471)  can0  124   [8]  B4 05 26 B4 EA 13 89 08
 (007.902085)  can0  123   [8]  B5 00 2D 43 99 5E 0B FF
 (007.902252)  can0  124   [8]  B5 05 26 DB CC 13 92 08
 (007.912044)  can0  123   [8]  B6 00 2D 43 99 9C BC FF
 (007.912210)  can0  124   [8]  B6 05 27 02 C8 13 9A 08
 (007.922035)  can0  123   [8]  B7 00 2D 43 99 DB 6E FF
 (007.922088)  can0  124   [8]  B7 05 27 29 AF 13 A2 08
 (007.931801)  can0  123   [8]  B8 00 2D 43 9A 21 F6 FF
 (007.932009)  can0  124   [8]  B8 05 27 50 AA 13 AB 08
 (007.941726)  can0  123   [8]  B9 00 2D 43 9A 60 A7 FF
 (007.941903)  can0  124   [8]  B9 05 27 77 95 13 B3 08
 (007.951636)  can0  123   [8]  BA 00 2D 43 9A A7 2F FF
 (007.951831)  can0  124   [8]  BA 05 27 9E 8E 13 BC 08
 (007.961614)  can0  123   [8]  BB 00 2E 43 9A E5 E0 FF
 (007.961764)  can0  124   [8]  BB 05 27 C5 6E 13 C4 08
 (007.971550)  can0  123   [8]  BC 00 2E 43 9B 24 92 FF
 (007.971670)  can0  124   [8]  BC 05 27 EC 69 13 CC 08
 (007.981516)  can0  123   [8]  BD 00 2E 43 9B 6B 1A FF
 (007.981624)  can0  124   [8]  BD 05 28 13 4A 13 D5 08
 (007.991338)  can0  123   [8]  BE 00 2E 43 9B A9 CC FF
 (007.991649)  can0  124   [8]  BE 05 28 3A 4F 13 DD 08
 (008.001277)  can0  123   [8]  BF 00 2E 43 9B F0 53 FF
 (008.001461)  can0  124   [8]  BF 05 28 61 34 13 E6 08
 (008.011216)  can0  123   [8]  C0 00 2F 43 9C 2F 05 FF
 (008.011390)  can0  124   [8]  C0 05 28 88 31 13 EE 08
 (008.021131)  can0  123   [8]  C1 00 2F 43 9C 6D B7 FF
 (008.021318)  can0  124   [8]  C1 05 28 AF 16 13 F6 08
 (008.031125)  can0  123   [8]  C2 00 2F 43 9C B4 3F FF
 (008.031208)  can0  124   [8]  C2 05 28 D6 16 13 FF 08
 (008.040896)  can0  123   [8]  C3 00 2F 43 9C F2 F0 FF
 (008.041141)  can0  124   [8]  C3 05 28 FC FD 14 07 08
 (008.050904)  can0  123   [8]  C4 00 2F 43 9D 39 78 FF
 (008.051095)  can0  124   [8]  C4 05 29 23 FB 14 10 08
 (008.060810)  can0  123   [8]  C5 00 2F 43 9D 78 2A FF
 (008.060967)  can0  124   [8]  C5 05 29 4A D9 14 18 08
 (008.070667)  can0  123   [8]  C6 00 2F 43 9D B6 DC FF
 (008.070826)  can0  124   [8]  C6 05 29 71 D7 14 20 08
 (008.080571)  can0  123   [8]  C7 00 30 43 9D FD 63 FF
 (008.080749)  can0  124   [8]  C7 05 29 98 BD 14 29 08
 (008.090477)  can0  123   [8]  C8 00 30 43 9E 3C 15 FF
 (008.090731)  can0  124   [8]  C8 05 29 BF BC 14 31 08
 (008.100360)  can0  123   [8]  C9 00 30 43 9E 82 9D FF
 (008.100613)  can0  124   [8]  C9 05 29 E6 98 14 3A 08
 (008.110310)  can0  123   [8]  CA 00 30 43 9E C1 4E FF
 (008.110468)  can0  124   [8]  CA 05 2A 0D 92 14 42 08
 (008.120226)  can0  123   [8]  CB 00 30 43 9F 00 00 FF
 (008.120397)  can0  124   [8]  CB 05 2A 34 7C 14 4A 08
 (008.130217)  can0  123   [8]  CC 00 31 43 9F 3E B1 FF
 (008.130351)  can0  124   [8]  CC 05 2A 5B 76 14 52 08
 (008.140058)  can0  123   [8]  CD 00 31 43 9F 85 3A FF
 (008.140250)  can0  124   [8]  CD 05 2A 82 58 14 5B 08
 (008.150192)  can0  123   [8]  CE 00 31 43 9F C3 EB FF
 (008.150209)  can0  124   [8]  CE 05 2A A9 56 14 63 08
 (008.159906)  can0  123   [8]  CF 00 31 43 A0 0A 73 FF
 (008.160055)  can0  124   [8]  CF 05 2A D0 38 14 6C 08
 (008.169799)  can0  123   [8]  D0 00 31 43 A0 49 24 FF
 (008.170073)  can0  124   [8]  D0 05 2A F7 32 14 74 08
 (008.179775)  can0  123   [8]  D1 00 32 43 A0 87 D7 FF
 (008.179905)  can0  124   [8]  D1 05 2B 1E 15 14 7C 08
 (008.189707)  can0  123   [8]  D2 00 32 43 A0 CE 5E FF
 (008.189796)  can0  124   [8]  D2 05 2B 45 0F 14 85 08
 (008.199577)  can0  123   [8]  D3 00 32 43 A1 0D 10 FF
 (008.199699)  can0  124   [8]  D3 05 2B 6B F2 14 8D 08
 (008.209478)  can0  123   [8]  D4 00 32 43 A1 53 98 FF
 (008.209640)  can0  124   [8]  D4 05 2B 92 E3 14 96 08
 (008.219391)  can0  123   [8]  D5 00 33 43 A1 92 49 FF
 (008.219550)  can0  124   [8]  D5 05 2B B9 C8 14 9E 08
 (008.229284)  can0  123   [8]  D6 00 33 43 A1 D8 D1 FF
 (008.229649)  can0  124   [8]  D6 05 2B E0 BA 14 A7 08
 (008.239280)  can0  123   [8]  D7 00 33 43 A2 17 82 FF
 (008.239386)  can0  124   [8]  D7 05 2C 07 9D 14 AF 08
 (008.249288)  can0  123   [8]  D8 00 33 43 A2 5E 0B FF
 (008.249311)  can0  124   [8]  D8 05 2C 2E 93 14 B8 08
 (008.259092)  can0  123   [8]  D9 00 34 43 A2 9C BC FF
 (008.259249)  can0  124   [8]  D9 05 2C 55 72 14 C0 08
 (008.268998)  can0  123   [8]  DA 00 34 43 A2 DB 6E FF
 (008.269190)  can0  124   [8]  DA 05 2C 7C 65 14 C8 08
 (008.278826)  can0  123   [8]  DB 00 33 43 A3 21 F5 FF
 (008.279076)  can0  124   [8]  DB 05 2C A3 48 14 D1 08
 (008.288860)  can0  123   [8]  DC 00 33 43 A3 60 A7 FF
 (008.288956)  can0  124   [8]  DC 05 2C CA 43 14 D9 08
 (008.298789)  can0  123   [8]  DD 00 34 43 A3 A7 2F FF
 (008.298875)  can0  124   [8]  DD 05 2C F1 23 14 E2 08
 (008.308675)  can0  123   [8]  DE 00 34 43 A3 E5 E1 FF
 (008.308795)  can0  124   [8]  DE 05 2D 18 16 14 EA 08
 (008.318538)  can0  123   [8]  DF 00 35 43 A4 24 92 FF
 (008.318710)  can0  124   [8]  DF 05 2D 3F 00 14 F2 08
 (008.328438)  can0  123   [8]  E0 00 35 43 A4 6B 1A FF
 (008.328638)  can0  124   [8]  E0 05 2D 65 F9 14 FB 08
 (008.338328)  can0  123   [8]  E1 00 36 43 A4 A9 CC FF
 (008.338534)  can0  124   [8]  E1 05 2D 8C D9 15 03 08
 (008.348300)  can0  123   [8]  E2 00 37 43 A4 F0 54 FF
 (008.348464)  can0  124   [8]  E2 05 2D B3 D3 15 0C 08
 (008.358270)  can0  123   [8]  E3 00 38 43 A5 2F 05 FF
 (008.358432)  can0  124   [8]  E3 05 2D DA B0 15 14 08
 (008.368141)  can0  123   [8]  E4 00 38 43 A5 6D B7 FF
 (008.368281)  can0  124   [8]  E4 05 2E 01 A7 15 1C 08
 (008.378032)  can0  123   [8]  E5 00 38 43 A5 B4 3F FF
 (008.378210)  can0  124   [8]  E5 05 2E 28 8C 15 25 08
 (008.387983)  can0  123   [8]  E6 00 39 43 A5 F2 F0 FF
 (008.388157)  can0  124   [8]  E6 05 2E 4F 83 15 2D 08
 (008.397843)  can0  123   [8]  E7 00 39 43 A6 39 78 FF
 (008.397996)  can0  124   [8]  E7 05 2E 76 66 15 36 08
 (008.407806)  can0  123   [8]  E8 00 3A 43 A6 78 2A FF
 (008.407940)  can0  124   [8]  E8 05 2E 9D 60 15 3E 08
 (008.417721)  can0  123   [8]  E9 00 3A 43 A6 B6 DC FF
 (008.417854)  can0  124   [8]  E9 05 2E C4 3A 15 46 08
 (008.427604)  can0  123   [8]  EA 00 3A 43 A6 F5 8D FF
 (008.427791)  can0  124   [8]  EA 05 2E EB 34 15 4E 08
 (008.437446)  can0  123   [8]  EB 00 37 43 A7 3C 15 FF
 (008.437733)  can0  124   [8]  EB 05 2F 12 18 15 57 08
 (008.447471)  can0  123   [8]  EC 00 36 43 A7 7A C6 FF
 (008.447620)  can0  124   [8]  EC 05 2F 39 11 15 5F 08
 (008.457338)  can0  123   [8]  ED 00 3D 43 A7 B9 78 FF
 (008.457528)  can0  124   [8]  ED 05 2F 5F FB 15 67 08
 (008.467217)  can0  123   [8]  EE 00 42 43 A8 00 00 FF
 (008.467474)  can0  124   [8]  EE 05 2F 86 F6 15 70 08
 (008.477199)  can0  123   [8]  EF 00 41 43 A8 3E B2 FF
 (008.477319)  can0  124   [8]  EF 05 2F AD D0 15 78 08
 (008.487090)  can0  123   [8]  F0 00 41 43 A8 7D 63 FF
 (008.487254)  can0  124   [8]  F0 05 2F D4 C7 15 80 08
 (008.496995)  can0  123   [8]  F1 00 41 43 A8 BC 15 FF
 (008.497178)  can0  124   [8]  F1 05 2F FB AE 15 88 08
 (008.507013)  can0  123   [8]  F2 00 42 43 A9 02 9D FF
 (008.507129)  can0  124   [8]  F2 05 30 22 AA 15 91 08
 (008.516809)  can0  123   [8]  F3 00 42 43 A9 41 4E FF
 (008.516968)  can0  124   [8]  F3 05 30 49 8E 15 99 08
 (008.526711)  can0  123   [8]  F4 00 43 43 A9 80 00 FF
 (008.526929)  can0  124   [8]  F4 05 30 70 83 15 A1 08
 (008.536648)  can0  123   [8]  F5 00 43 43 A9 C6 88 FF
 (008.536834)  can0  124   [8]  F5 05 30 97 65 15 AA 08
 (008.546586)  can0  123   [8]  F6 00 42 43 AA 05 3A FF
 (008.546777)  can0  124   [8]  F6 05 30 BE 5D 15 B2 08
 (008.556454)  can0  123   [8]  F7 00 42 43 AA 43 EB FF
 (008.556633)  can0  124   [8]  F7 05 30 E5 43 15 BA 08
 (008.566458)  can0  123   [8]  F8 00 42 43 AA 8A 73 FF
 (008.566605)  can0  124   [8]  F8 05 31 0C 43 15 C3 08
 (008.576332)  can0  123   [8]  F9 00 42 43 AA C9 24 FF
 (008.576476)  can0  124   [8]  F9 05 31 33 24 15 CB 08
 (008.586273)  can0  123   [8]  FA 00 42 43 AB 07 D6 FF
 (008.586429)  can0  124   [8]  FA 05 31 5A 20 15 D3 08
 (008.596214)  can0  123   [8]  FB 00 42 43 AB 4E 5E FF
 (008.596320)  can0  124   [8]  FB 05 31 81 03 15 DC 08
 (008.606117)  can0  123   [8]  FC 00 42 43 AB 8D 10 FF
 (008.606234)  can0  124   [8]  FC 05 31 A8 00 15 E4 08
 (008.615927)  can0  123   [8]  FD 00 41 43 AB CB C1 FF
 (008.616218)  can0  124   [8]  FD 05 31 CE E2 15 EC 08
 (008.625843)  can0  123   [8]  FE 00 41 43 AC 12 49 FF
 (008.626097)  can0  124   [8]  FE 05 31 F5 DF 15 F5 08
 (008.635766)  can0  123   [8]  FF 00 41 43 AC 50 FB FF
 (008.635925)  can0  124   [8]  FF 05 32 1C BB 15 FD 08
 (008.645776)  can0  123   [8]  00 00 41 43 AC 97 83 FF
 (008.645898)  can0  124   [8]  00 05 32 43 BD 16 06 08
 (008.655631)  can0  123   [8]  01 00 40 43 AC D6 34 FF
 (008.655759)  can0  124   [8]  01 05 32 6A 9E 16 0E 08
 (008.665593)  can0  123   [8]  02 00 40 43 AD 14 E6 FF
 (008.665696)  can0  124   [8]  02 05 32 91 9F 16 16 08
 (008.675563)  can0  123   [8]  03 00 40 43 AD 53 98 FF
 (008.675582)  can0  124   [8]  03 05 32 B8 82 16 1E 08
 (008.685453)  can0  123   [8]  04 00 40 43 AD 9A 1F FF
 (008.685590)  can0  124   [8]  04 05 32 DF 79 16 27 08
 (008.695824)  can0  123   [8]  05 00 40 43 AD D8 D1 FF
 (008.696123)  can0  124   [8]  05 05 33 06 64 16 2F 08
 (008.705179)  can0  123   [8]  06 00 40 43 AE 1F 59 FF
 (008.705379)  can0  124   [8]  06 05 33 2D 5E 16 38 08
 (008.715094)  can0  123   [8]  07 00 40 43 AE 5E 0B FF
 (008.715255)  can0  124   [8]  07 05 33 54 3F 16 40 08
 (008.725033)  can0  123   [8]  08 00 3F 43 AE 9C BC FF
 (008.725297)  can0  124   [8]  08 05 33 7B 3D 16 48 08
 (008.734907)  can0  123   [8]  09 00 3F 43 AE E3 44 FF
 (008.735239)  can0  124   [8]  09 05 33 A2 1C 16 51 08
 (008.744822)  can0  123   [8]  0A 00 3F 43 AF 21 F5 FF
 (008.745058)  can0  124   [8]  0A 05 33 C9 17 16 59 08
 (008.754847)  can0  123   [8]  0B 00 3F 43 AF 68 7E FF
 (008.754936)  can0  124   [8]  0B 05 33 EF F4 16 62 08
 (008.764726)  can0  123   [8]  0C 00 3F 43 AF A7 2F FF
 (008.764908)  can0  124   [8]  0C 05 34 16 F0 16 6A 08
 (008.774587)  can0  123   [8]  0D 00 3F 43 AF E5 E1 FF
 (008.774890)  can0  124   [8]  0D 05 34 3D CC 16 72 08
 (008.784534)  can0  123   [8]  0E 00 3F 43 B0 2C 68 FF
 (008.784764)  can0  124   [8]  0E 05 34 64 C7 16 7B 08
 (008.794493)  can0  123   [8]  0F 00 3F 43 B0 6B 1A FF
 (008.794601)  can0  124   [8]  0F 05 34 8B A4 16 83 08
 (008.804393)  can0  123   [8]  10 00 3E 43 B0 B1 A2 FF
 (008.804527)  can0  124   [8]  10 05 34 B2 9D 16 8C 08
 (008.814383)  can0  123   [8]  11 00 3E 43 B0 F0 53 FF
 (008.814498)  can0  124   [8]  11 05 34 D9 7D 16 94 08
 (008.824233)  can0  123   [8]  12 00 3E 43 B1 2F 05 FF
 (008.824345)  can0  124   [8]  12 05 35 00 74 16 9C 08
 (008.834095)  can0  123   [8]  13 00 3E 43 B1 75 8D FF
 (008.834303)  can0  124   [8]  13 05 35 27 57 16 A5 08
 (008.843938)  can0  123   [8]  14 00 3E 43 B1 B4 3F FF
 (008.844229)  can0  124   [8]  14 05 35 4E 4E 16 AD 08
 (008.854372)  can0  123   [8]  15 00 3E 43 B1 FA C6 FF
 (008.854389)  can0  124   [8]  15 05 35 75 28 16 B6 08
 (008.863844)  can0  123   [8]  16 00 3E 43 B2 39 78 FF
 (008.863954)  can0  124   [8]  16 05 35 9C 23 16 BE 08
 (008.873787)  can0  123   [8]  17 00 3E 43 B2 80 00 FF
 (008.873886)  can0  124   [8]  17 05 35 C3 08 16 C7 08
 (008.883677)  can0  123   [8]  18 00 3E 43 B2 BE B2 FF
 (008.883929)  can0  124   [8]  18 05 35 EA 00 16 CF 08
 (008.893689)  can0  123   [8]  19 00 3E 43 B3 05 39 FF
 (008.893769)  can0  124   [8]  19 05 36 10 E0 16 D8 08
 (008.903455)  can0  123   [8]  1A 00 3E 43 B3 43 EB FF
 (008.903669)  can0  124   [8]  1A 05 36 37 D6 16 E0 08
 (008.913363)  can0  123   [8]  1B 00 3E 43 B3 8A 73 FF
 (008.913661)  can0  124   [8]  1B 05 36 5E B4 16 E9 08
 (008.923418)  can0  123   [8]  1C 00 3E 43 B3 D0 FA FF
 (008.923603)  can0  124   [8]  1C 05 36 85 AF 16 F2 08
 (008.933212)  can0  123   [8]  1D 00 3D 3D FA C6 88 FF
 (008.933414)  can0  124   [8]  1D 05 36 AC 96 00 02 08
 (008.943201)  can0  123   [8]  1E 00 3D 3F 2C 68 7E FF
 (008.943343)  can0  124   [8]  1E 05 36 D3 91 00 0B 08
 (008.953049)  can0  123   [8]  1F 00 3D 3F 94 E5 E1 FF
 (008.953309)  can0  124   [8]  1F 05 36 FA 76 00 13 08
 (008.963067)  can0  123   [8]  20 00 3D 3F DB 6D B7 FF
 (008.963167)  can0  124   [8]  20 05 37 21 72 00 1C 08
 (008.972915)  can0  123   [8]  21 00 3D 40 0D 0F AC FF
 (008.973131)  can0  124   [8]  21 05 37 48 55 00 24 08
 (008.983069)  can0  123   [8]  22 00 3D 40 30 53 98 FF
 (008.983117)  can0  124   [8]  22 05 37 6F 52 00 2D 08
 (008.992825)  can0  123   [8]  23 00 3D 40 53 97 82 FF
 (008.992878)  can0  124   [8]  23 05 37 96 36 00 36 08
 (009.002719)  can0  123   [8]  24 00 3D 40 72 F0 54 FF
 (009.002879)  can0  124   [8]  24 05 37 BD 30 00 3E 08
 (009.012565)  can0  123   [8]  25 00 3D 40 8B 1A 1F FF
 (009.012761)  can0  124   [8]  25 05 37 E4 13 00 47 08
 (009.022470)  can0  123   [8]  26 00 3D 40 9A C6 88 FF
 (009.022661)  can0  124   [8]  26 05 38 0B 08 00 4F 08
 (009.032389)  can0  123   [8]  27 00 3D 40 AC 68 7E FF
 (009.032532)  can0  124   [8]  27 05 38 31 ED 00 58 08
 (009.042349)  can0  123   [8]  28 00 3D 40 BE 0A 73 FF
 (009.042454)  can0  124   [8]  28 05 38 58 E9 00 61 08
 (009.052180)  can0  123   [8]  29 00 3D 40 CD B6 DC FF
 (009.052360)  can0  124   [8]  29 05 38 7F C8 00 69 08
 (009.062114)  can0  123   [8]  2A 00 3D 40 DF 58 D1 FF
 (009.062332)  can0  124   [8]  2A 05 38 A6 C2 00 72 08
 (009.072021)  can0  123   [8]  2B 00 3D 40 EF 05 39 FF
 (009.072211)  can0  124   [8]  2B 05 38 CD A3 00 7A 08
 (009.081944)  can0  123   [8]  2C 00 3D 41 00 53 98 FF
 (009.082108)  can0  124   [8]  2C 05 38 F4 9E 00 83 08
 (009.091857)  can0  123   [8]  2D 00 3D 41 09 24 92 FF
 (009.092085)  can0  124   [8]  2D 05 39 1B 7D 00 8C 08
 (009.101796)  can0  123   [8]  2E 00 3D 41 10 FA C6 FF
 (009.101964)  can0  124   [8]  2E 05 39 42 78 00 94 08
 (009.111645)  can0  123   [8]  2F 00 3D 41 19 CB C2 FF
 (009.111867)  can0  124   [8]  2F 05 39 69 53 00 9D 08
 (009.121692)  can0  123   [8]  30 00 3D 41 20 A7 2F FF
 (009.121784)  can0  124   [8]  30 05 39 90 4F 00 A4 08
 (009.131485)  can0  123   [8]  31 00 3C 41 25 8D 0F FF
 (009.131653)  can0  124   [8]  31 05 39 B7 2A 00 A9 08
 (009.141438)  can0  123   [8]  32 00 3C 41 27 82 9D FF
 (009.141593)  can0  124   [8]  32 05 39 DE 2C 00 AB 08
 (009.151345)  can0  123   [8]  33 00 3C 41 27 82 9D FF
 (009.151566)  can0  124   [8]  33 05 3A 05 08 00 AB 08
 (009.161383)  can0  123   [8]  34 00 3C 41 27 82 9D FF
 (009.161446)  can0  124   [8]  34 05 3A 2C 08 00 AB 08
 (009.171206)  can0  123   [8]  35 00 3C 41 27 82 9D FF
 (009.171363)  can0  124   [8]  35 05 3A 52 DF 00 AB 08
 (009.181136)  can0  123   [8]  36 00 3C 41 27 82 9D FF
 (009.181295)  can0  124   [8]  36 05 3A 79 D5 00 AB 08
 (009.191049)  can0  123   [8]  37 00 3C 41 27 82 9D FF
 (009.191155)  can0  124   [8]  37 05 3A A0 B2 00 AB 08
 (009.200918)  can0  123   [8]  38 00 3C 41 27 82 9D FF
 (009.201133)  can0  124   [8]  38 05 3A C7 A5 00 AB 08
 (009.210775)  can0  123   [8]  39 00 3C 41 27 82 9D FF
 (009.210979)  can0  124   [8]  39 05 3A EE 84 00 AB 08
 (009.220694)  can0  123   [8]  3A 00 3C 41 26 87 D6 FF
 (009.220906)  can0  124   [8]  3A 05 3B 15 80 00 AA 08
 (009.230786)  can0  123   [8]  3B 00 3D 41 25 8D 0F FF
 (009.230856)  can0  124   [8]  3B 05 3B 3C 5D 00 A9 08
 (009.240676)  can0  123   [8]  3C 00 3C 41 24 92 49 FF
 (009.240778)  can0  124   [8]  3C 05 3B 63 5A 00 A8 08
 (009.250513)  can0  123   [8]  3D 00 3D 41 22 9C BC FF
 (009.250682)  can0  124   [8]  3D 05 3B 8A 36 00 A6 08
 (009.260668)  can0  123   [8]  3E 00 3C 41 20 A7 2F FF
 (009.260685)  can0  124   [8]  3E 05 3B B1 2B 00 A4 08
 (009.270385)  can0  123   [8]  3F 00 3C 41 1D B6 DC FF
 (009.270580)  can0  124   [8]  3F 05 3B D8 0B 00 A1 08
 (009.280299)  can0  123   [8]  40 00 3C 41 1A C6 88 FF
 (009.280586)  can0  124   [8]  40 05 3B FF 07 00 9E 08
 (009.290336)  can0  123   [8]  41 00 3C 41 17 D6 34 FF
 (009.290579)  can0  124   [8]  41 05 3C 25 EC 00 9B 08
 (009.300136)  can0  123   [8]  42 00 3C 41 14 E5 E1 FF
 (009.300635)  can0  124   [8]  42 05 3C 4C E7 00 98 08
 (009.310081)  can0  123   [8]  43 00 3C 41 10 FA C6 FF
 (009.310246)  can0  124   [8]  43 05 3C 73 CC 00 94 08
 (009.320101)  can0  123   [8]  44 00 3C 41 0E 0A 73 FF
 (009.320139)  can0  124   [8]  44 05 3C 9A C7 00 91 08
 (009.329902)  can0  123   [8]  45 00 3C 41 0A 1F 59 FF
 (009.330064)  can0  124   [8]  45 05 3C C1 AA 00 8D 08
 (009.339862)  can0  123   [8]  46 00 3C 41 06 34 3F FF
 (009.340106)  can0  124   [8]  46 05 3C E8 A1 00 89 08
 (009.349983)  can0  123   [8]  47 00 3C 41 02 49 25 FF
 (009.350023)  can0  124   [8]  47 05 3D 0F 85 00 85 08
 (009.360379)  can0  123   [8]  48 00 3C 40 FC BC 14 FF
 (009.360480)  can0  124   [8]  48 05 3D 36 7D 00 81 08
 (009.369542)  can0  123   [8]  49 00 3C 40 F4 E5 E0 FF
 (009.369714)  can0  124   [8]  49 05 3D 5D 61 00 7D 08
 (009.380835)  can0  123   [8]  4A 00 3C 40 ED 0F AD FF
 (009.380858)  can0  124   [8]  4A 05 3D 84 58 00 79 08
 (009.389343)  can0  123   [8]  4B 00 3C 40 E5 39 77 FF
 (009.389537)  can0  124   [8]  4B 05 3D AB 38 00 75 08
 (009.399298)  can0  123   [8]  4C 00 3C 40 DD 63 44 FF
 (009.399455)  can0  124   [8]  4C 05 3D D2 34 00 71 08
 (009.409225)  can0  123   [8]  4D 00 3C 40 D5 8D 10 FF
 (009.409345)  can0  124   [8]  4D 05 3D F9 17 00 6D 08
 (009.419137)  can0  123   [8]  4E 00 3C 40 CB C1 4E FF
 (009.419348)  can0  124   [8]  4E 05 3E 20 0C 00 68 08
 (009.429005)  can0  123   [8]  4F 00 3C 40 C3 EB 1B FF
 (009.429434)  can0  124   [8]  4F 05 3E 46 EF 00 64 08
 (009.438962)  can0  123   [8]  50 00 3C 40 BA 1F 59 FF
 (009.439103)  can0  124   [8]  50 05 3E 6D E7 00 5F 08
 (009.448953)  can0  123   [8]  51 00 3C 40 B2 49 25 FF
 (009.449075)  can0  124   [8]  51 05 3E 94 C7 00 5B 08
 (009.458943)  can0  123   [8]  52 00 3C 40 A8 7D 63 FF
 (009.458960)  can0  124   [8]  52 05 3E BB BF 00 56 08
 (009.469025)  can0  123   [8]  53 00 3C 40 A0 A7 2F FF
 (009.469050)  can0  124   [8]  53 05 3E E2 A5 00 52 08
 (009.478757)  can0  123   [8]  54 00 3C 40 96 DB 6E FF
 (009.478780)  can0  124   [8]  54 05 3F 09 9D 00 4D 08
 (009.488497)  can0  123   [8]  55 00 3C 40 8D 0F AC FF
 (009.488702)  can0  124   [8]  55 05 3F 30 81 00 48 08
 (009.498460)  can0  123   [8]  56 00 3C 40 83 43 EB FF
 (009.498635)  can0  124   [8]  56 05 3F 57 79 00 43 08
 (009.508363)  can0  123   [8]  57 00 3C 40 72 F0 54 FF
 (009.508524)  can0  124   [8]  57 05 3F 7E 53 00 3E 08
 (009.518415)  can0  123   [8]  58 00 3C 40 63 43 EB FF
 (009.518436)  can0  124   [8]  58 05 3F A5 4E 00 3A 08
 (009.528453)  can0  123   [8]  59 00 3C 40 4F AC 68 FF
 (009.528478)  can0  124   [8]  59 05 3F CC 2C 00 35 08
 (009.538244)  can0  123   [8]  5A 00 3C 40 38 29 CB FF
 (009.538451)  can0  124   [8]  5A 05 3F F3 25 00 2F 08
 (009.548060)  can0  123   [8]  5B 00 3C 40 24 92 49 FF
 (009.548289)  can0  124   [8]  5B 05 40 1A 09 00 2A 08
 (009.558012)  can0  123   [8]  5C 00 3C 40 10 FA C6 FF
 (009.558228)  can0  124   [8]  5C 05 40 41 07 00 25 08
 (009.567944)  can0  123   [8]  5D 00 3C 3F FA C6 88 FF
 (009.568107)  can0  124   [8]  5D 05 40 67 EE 00 20 08
 (009.577910)  can0  123   [8]  5E 00 3C 3F D3 97 82 FF
 (009.578098)  can0  124   [8]  5E 05 40 8E F2 00 1B 08
 (009.587851)  can0  123   [8]  5F 00 3C 3F AC 68 7E FF
 (009.587871)  can0  124   [8]  5F 05 40 B5 D2 00 16 08
 (009.597836)  can0  123   [8]  60 00 3C 3F 7A C6 88 FF
 (009.597857)  can0  124   [8]  60 05 40 DC D4 00 10 08
 (009.607598)  can0  123   [8]  61 00 3C 3F 2C 68 7E FF
 (009.607761)  can0  124   [8]  61 05 41 03 B6 00 0B 08
 (009.617435)  can0  123   [8]  62 00 3C 3E BC 14 E5 FF
 (009.617581)  can0  124   [8]  62 05 41 2A B2 00 06 08
 (009.627338)  can0  123   [8]  63 00 3C 00 00 00 00 FF
 (009.627497)  can0  124   [8]  63 05 41 51 92 00 00 08
 (009.637310)  can0  123   [8]  64 00 3C 43 B3 D0 FA FF
 (009.637587)  can0  124   [8]  64 05 41 78 8F 16 F2 08
 (009.647353)  can0  123   [8]  65 00 3C 43 B3 A9 CC FF
 (009.647374)  can0  124   [8]  65 05 41 9F 71 16 ED 08
 (009.657066)  can0  123   [8]  66 00 3C 43 B3 7A C6 FF
 (009.657217)  can0  124   [8]  66 05 41 C6 6C 16 E7 08
 (009.666996)  can0  123   [8]  67 00 3C 43 B3 53 97 FF
 (009.667253)  can0  124   [8]  67 05 41 ED 4C 16 E2 08
 (009.676959)  can0  123   [8]  68 00 3D 43 B3 24 92 FF
 (009.677197)  can0  124   [8]  68 05 42 14 47 16 DC 08
 (009.686800)  can0  123   [8]  69 00 3D 43 B2 F5 8D FF
 (009.687001)  can0  124   [8]  69 05 42 3B 29 16 D6 08
 (009.696740)  can0  123   [8]  6A 00 3D 43 B2 C6 88 FF
 (009.696906)  can0  124   [8]  6A 05 42 62 24 16 D0 08
 (009.706606)  can0  123   [8]  6B 00 3D 43 B2 97 83 FF
 (009.706802)  can0  124   [8]  6B 05 42 89 05 16 CA 08
 (009.716705)  can0  123   [8]  6C 00 3D 43 B2 70 53 FF
 (009.716720)  can0  124   [8]  6C 05 42 B0 00 16 C5 08
 (009.726493)  can0  123   [8]  6D 00 3D 43 B2 41 4F FF
 (009.726612)  can0  124   [8]  6D 05 42 D6 E1 16 BF 08
 (009.736582)  can0  123   [8]  6E 00 3D 43 B2 0A 73 FF
 (009.736628)  can0  124   [8]  6E 05 42 FD E6 16 B8 08
 (009.746448)  can0  123   [8]  6F 00 3D 43 B1 DB 6E FF
 (009.746503)  can0  124   [8]  6F 05 43 24 C1 16 B2 08
 (009.756428)  can0  123   [8]  70 00 3D 43 B1 AC 69 FF
 (009.756476)  can0  124   [8]  70 05 43 4B BF 16 AC 08
 (009.766061)  can0  123   [8]  71 00 3D 43 B1 7D 63 FF
 (009.766331)  can0  124   [8]  71 05 43 72 A6 16 A6 08
 (009.776089)  can0  123   [8]  72 00 3D 43 B1 4E 5E FF
 (009.776268)  can0  124   [8]  72 05 43 99 A2 16 A0 08
 (009.786143)  can0  123   [8]  73 00 3D 43 B1 1F 59 FF
 (009.786166)  can0  124   [8]  73 05 43 C0 87 16 9A 08
 (009.795887)  can0  123   [8]  74 00 3D 43 B0 F0 53 FF
 (009.796217)  can0  124   [8]  74 05 43 E7 82 16 94 08
 (009.805765)  can0  123   [8]  75 00 3D 43 B0 B9 78 FF
 (009.806126)  can0  124   [8]  75 05 44 0E 61 16 8D 08
 (009.815671)  can0  123   [8]  76 00 3D 43 B0 8A 73 FF
 (009.815838)  can0  124   [8]  76 05 44 35 5E 16 87 08
 (009.825619)  can0  123   [8]  77 00 3E 43 B0 53 98 FF
 (009.825805)  can0  124   [8]  77 05 44 5C 3B 16 80 08
 (009.835543)  can0  123   [8]  78 00 3E 43 B0 24 92 FF
 (009.835710)  can0  124   [8]  78 05 44 83 37 16 7A 08
 (009.845490)  can0  123   [8]  79 00 3E 43 AF ED B7 FF
 (009.845698)  can0  124   [8]  79 05 44 AA 18 16 73 08
 (009.855520)  can0  123   [8]  7A 00 3E 43 AF B6 DB FF
 (009.855604)  can0  124   [8]  7A 05 44 D1 0F 16 6C 08
 (009.865302)  can0  123   [8]  7B 00 3E 43 AF 87 D6 FF
 (009.865465)  can0  124   [8]  7B 05 44 F7 ED 16 66 08
 (009.875222)  can0  123   [8]  7C 00 3E 43 AF 50 FB FF
 (009.875380)  can0  124   [8]  7C 05 45 1E E3 16 5F 08
 (009.885261)  can0  123   [8]  7D 00 3E 43 AF 1A 1F FF
 (009.886066)  can0  124   [8]  7D 05 45 45 C3 16 58 08
 (009.895015)  can0  123   [8]  7E 00 3E 43 AE EB 1A FF
 (009.895262)  can0  124   [8]  7E 05 45 6C BD 16 52 08
 (009.905011)  can0  123   [8]  7F 00 3E 43 AE B4 3F FF
 (009.905473)  can0  124   [8]  7F 05 45 93 99 16 4B 08
 (009.914831)  can0  123   [8]  80 00 3E 43 AE 7D 63 FF
 (009.915196)  can0  124   [8]  80 05 45 BA 8D 16 44 08
 (009.924767)  can0  123   [8]  81 00 3E 43 AE 46 88 FF
 (009.924901)  can0  124   [8]  81 05 45 E1 69 16 3D 08
 (009.934680)  can0  123   [8]  82 00 3E 43 AE 0F AC FF
 (009.934865)  can0  124   [8]  82 05 46 08 5A 16 36 08
 (009.944576)  can0  123   [8]  83 00 3F 43 AD D8 D1 FF
 (009.944710)  can0  124   [8]  83 05 46 2F 3C 16 2F 08
 (009.954491)  can0  123   [8]  84 00 3F 43 AD A1 F5 FF
 (009.954661)  can0  124   [8]  84 05 46 56 33 16 28 08
 (009.964401)  can0  123   [8]  85 00 3F 43 AD 63 44 FF
 (009.964578)  can0  124   [8]  85 05 46 7D 0C 16 20 08
 (009.974261)  can0  123   [8]  86 00 3F 43 AD 2C 68 FF
 (009.974471)  can0  124   [8]  86 05 46 A4 01 16 19 08
 (009.984247)  can0  123   [8]  87 00 3F 43 AC F5 8D FF
 (009.984381)  can0  124   [8]  87 05 46 CA DF 16 12 08
 (009.994205)  can0  123   [8]  88 00 3F 43 AC BE B1 FF
 (009.994734)  can0  124   [8]  88 05 46 F1 D5 16 0B 08
 (010.004011)  can0  123   [8]  89 00 3F 43 AC 80 00 FF
 (010.004138)  can0  124   [8]  89 05 47 18 B1 16 03 08
 (010.013850)  can0  123   [8]  8A 00 40 43 AC 49 24 FF
 (010.014105)  can0  124   [8]  8A 05 47 3F AA 15 FC 08
 (010.023808)  can0  123   [8]  8B 00 40 43 AC 0A 73 FF
 (010.024106)  can0  124   [8]  8B 05 47 66 8B 15 F4 08
 (010.033640)  can0  123   [8]  8C 00 40 43 AB D3 97 FF
 (010.033921)  can0  124   [8]  8C 05 47 8D 80 15 ED 08
 (010.043579)  can0  123   [8]  8D 00 40 43 AB 94 E6 FF
 (010.043834)  can0  124   [8]  8D 05 47 B4 56 15 E5 08
 (010.053500)  can0  123   [8]  8E 00 40 43 AB 5E 0A FF
 (010.053733)  can0  124   [8]  8E 05 47 DB 57 15 DE 08
 (010.063479)  can0  123   [8]  8F 00 40 43 AB 1F 59 FF
 (010.063636)  can0  124   [8]  8F 05 48 02 35 15 D6 08
 (010.073372)  can0  123   [8]  90 00 40 43 AA E0 A7 FF
 (010.073568)  can0  124   [8]  90 05 48 29 2B 15 CE 08
 (010.083211)  can0  123   [8]  91 00 41 43 AA A1 F6 FF
 (010.083426)  can0  124   [8]  91 05 48 50 05 15 C6 08
 (010.093138)  can0  123   [8]  92 00 41 43 AA 6B 1A FF
 (010.093453)  can0  124   [8]  92 05 48 76 F9 15 BF 08
 (010.103068)  can0  123   [8]  93 00 41 43 AA 2C 69 FF
 (010.103380)  can0  124   [8]  93 05 48 9D DB 15 B7 08
 (010.112977)  can0  123   [8]  94 00 41 43 A9 ED B7 FF
 (010.113315)  can0  124   [8]  94 05 48 C4 CE 15 AF 08
 (010.122948)  can0  123   [8]  95 00 40 43 A9 AF 05 FF
 (010.123172)  can0  124   [8]  95 05 48 EB B0 15 A7 08
 (010.132839)  can0  123   [8]  96 00 40 43 A9 70 54 FF
 (010.133037)  can0  124   [8]  96 05 49 12 A3 15 9F 08
 (010.142761)  can0  123   [8]  97 00 41 43 A9 31 A2 FF
 (010.142958)  can0  124   [8]  97 05 49 39 81 15 97 08
 (010.152706)  can0  123   [8]  98 00 41 43 A8 F2 F0 FF
 (010.152879)  can0  124   [8]  98 05 49 60 74 15 8F 08
 (010.162553)  can0  123   [8]  99 00 41 43 A8 AC 69 FF
 (010.162794)  can0  124   [8]  99 05 49 87 53 15 86 08
 (010.172500)  can0  123   [8]  9A 00 41 43 A8 6D B7 FF
 (010.172733)  can0  124   [8]  9A 05 49 AE 46 15 7E 08
 (010.182404)  can0  123   [8]  9B 00 41 43 A8 2F 06 FF
 (010.182744)  can0  124   [8]  9B 05 49 D5 1D 15 76 08
 (010.192324)  can0  123   [8]  9C 00 41 43 A7 F0 53 FF
 (010.192654)  can0  124   [8]  9C 05 49 FC 14 15 6E 08
 (010.202291)  can0  123   [8]  9D 00 41 43 A7 A9 CC FF
 (010.202397)  can0  124   [8]  9D 05 4A 22 EF 15 65 08
 (010.212220)  can0  123   [8]  9E 00 40 43 A7 6B 1A FF
 (010.212459)  can0  124   [8]  9E 05 4A 49 E3 15 5D 08
 (010.222550)  can0  123   [8]  9F 00 40 43 A7 2C 69 FF
 (010.222582)  can0  124   [8]  9F 05 4A 70 B8 15 55 08
 (010.232499)  can0  123   [8]  A0 00 3E 43 A6 E5 E0 FF
 (010.232520)  can0  124   [8]  A0 05 4A 97 AD 15 4C 08
 (010.241906)  can0  123   [8]  A1 00 3E 43 A6 A7 2F FF
 (010.242114)  can0  124   [8]  A1 05 4A C2 71 15 44 08
 (010.251932)  can0  123   [8]  A2 00 3E 43 A6 60 A7 FF
 (010.252256)  can0  124   [8]  A2 05 4A E6 16 15 3B 08
 (010.261742)  can0  123   [8]  A3 00 3B 43 A6 1A 1F FF
 (010.261943)  can0  124   [8]  A3 05 4B 0C 5E 15 32 08
 (010.271706)  can0  123   [8]  A4 00 39 43 A5 DB 6E FF
 (010.271842)  can0  124   [8]  A4 05 4B 33 56 15 2A 08
 (010.281612)  can0  123   [8]  A5 00 3A 43 A5 94 E6 FF
 (010.281879)  can0  124   [8]  A5 05 4B 5A 31 15 21 08
 (010.291486)  can0  123   [8]  A6 00 3A 43 A5 4E 5E FF
 (010.291658)  can0  124   [8]  A6 05 4B 81 2C 15 18 08
 (010.301456)  can0  123   [8]  A7 00 3A 43 A5 07 D6 FF
 (010.301588)  can0  124   [8]  A7 05 4B A8 0C 15 0F 08
 (010.311364)  can0  123   [8]  A8 00 3A 43 A4 C1 4F FF
 (010.311647)  can0  124   [8]  A8 05 4B CF 00 15 06 08
 (010.321172)  can0  123   [8]  A9 00 3A 43 A4 82 9C FF
 (010.321407)  can0  124   [8]  A9 05 4B F5 E0 14 FE 08
 (010.331228)  can0  123   [8]  AA 00 3A 43 A4 3C 15 FF
 (010.331335)  can0  124   [8]  AA 05 4C 1C D9 14 F5 08
 (010.341171)  can0  123   [8]  AB 00 39 43 A3 F5 8D FF
 (010.341253)  can0  124   [8]  AB 05 4C 43 BB 14 EC 08
 (010.350953)  can0  123   [8]  AC 00 39 43 A3 A7 2F FF
 (010.351152)  can0  124   [8]  AC 05 4C 6A AD 14 E2 08
 (010.360917)  can0  123   [8]  AD 00 38 43 A3 68 7E FF
 (010.361052)  can0  124   [8]  AD 05 4C 91 8E 14 DA 08
 (010.370945)  can0  123   [8]  AE 00 37 43 A3 1A 1F FF
 (010.370994)  can0  124   [8]  AE 05 4C B8 88 14 D0 08
 (010.381987)  can0  123   [8]  AF 00 36 43 A2 D3 98 FF
 (010.382009)  can0  124   [8]  AF 05 4C DF 65 14 C7 08
 (010.390825)  can0  123   [8]  B0 00 35 43 A2 8D 10 FF
 (010.390909)  can0  124   [8]  B0 05 4D 06 62 14 BE 08
 (010.400753)  can0  123   [8]  B1 00 34 43 A2 46 88 FF
 (010.400864)  can0  124   [8]  B1 05 4D 2D 41 14 B5 08
 (010.410814)  can0  123   [8]  B2 00 34 43 A2 00 00 FF
 (010.410852)  can0  124   [8]  B2 05 4D 54 38 14 AC 08
 (010.420510)  can0  123   [8]  B3 00 34 43 A1 B1 A2 FF
 (010.420651)  can0  124   [8]  B3 05 4D 7B 17 14 A2 08
 (010.430373)  can0  123   [8]  B4 00 34 43 A1 6B 1A FF
 (010.430575)  can0  124   [8]  B4 05 4D A2 11 14 99 08
 (010.440342)  can0  123   [8]  B5 00 33 43 A1 1C BC FF
 (010.440623)  can0  124   [8]  B5 05 4D C8 F3 14 8F 08
 (010.450268)  can0  123   [8]  B6 00 33 43 A0 D6 34 FF
 (010.450515)  can0  124   [8]  B6 05 4D EF E6 14 86 08
 (010.460152)  can0  123   [8]  B7 00 33 43 A0 87 D7 FF
 (010.460285)  can0  124   [8]  B7 05 4E 16 BE 14 7C 08
 (010.469941)  can0  123   [8]  B8 00 32 43 A0 39 78 FF
 (010.470127)  can0  124   [8]  B8 05 4E 3D B5 14 72 08
 (010.480084)  can0  123   [8]  B9 00 32 43 9F F2 F0 FF
 (010.480119)  can0  124   [8]  B9 05 4E 64 8E 14 69 08
 (010.489878)  can0  123   [8]  BA 00 32 43 9F A4 92 FF
 (010.490069)  can0  124   [8]  BA 05 4E 8B 87 14 5F 08
 (010.499786)  can0  123   [8]  BB 00 31 43 9F 56 34 FF
 (010.499873)  can0  124   [8]  BB 05 4E B2 65 14 55 08
 (010.509740)  can0  123   [8]  BC 00 31 43 9F 0F AD FF
 (010.509907)  can0  124   [8]  BC 05 4E D9 5F 14 4C 08
 (010.519663)  can0  123   [8]  BD 00 31 43 9E C1 4E FF
 (010.519821)  can0  124   [8]  BD 05 4F 00 3D 14 42 08
 (010.529513)  can0  123   [8]  BE 00 31 43 9E 72 F0 FF
 (010.529763)  can0  124   [8]  BE 05 4F 27 31 14 38 08
 (010.539422)  can0  123   [8]  BF 00 30 43 9E 24 93 FF
 (010.539639)  can0  124   [8]  BF 05 4F 4E 0C 14 2E 08
 (010.549356)  can0  123   [8]  C0 00 30 43 9D DE 0A FF
 (010.549532)  can0  124   [8]  C0 05 4F 75 01 14 25 08
 (010.559458)  can0  123   [8]  C1 00 30 43 9D 8F AD FF
 (010.559472)  can0  124   [8]  C1 05 4F 9B DB 14 1B 08
 (010.569197)  can0  123   [8]  C2 00 30 43 9D 41 4E FF
 (010.569386)  can0  124   [8]  C2 05 4F C2 D5 14 11 08
 (010.579093)  can0  123   [8]  C3 00 30 43 9C FA C6 FF
 (010.579303)  can0  124   [8]  C3 05 4F E9 AB 14 08 08
 (010.588950)  can0  123   [8]  C4 00 2F 43 9C AC 69 FF
 (010.589190)  can0  124   [8]  C4 05 50 10 A2 13 FE 08
 (010.598964)  can0  123   [8]  C5 00 2F 43 9C 5E 0A FF
 (010.599105)  can0  124   [8]  C5 05 50 37 79 13 F4 08
 (010.609047)  can0  123   [8]  C6 00 2F 43 9C 17 83 FF
 (010.609064)  can0  124   [8]  C6 05 50 5E 69 13 EB 08
 (010.618827)  can0  123   [8]  C7 00 2F 43 9B C9 25 FF
 (010.619157)  can0  124   [8]  C7 05 50 85 42 13 E1 08
 (010.628659)  can0  123   [8]  C8 00 2F 43 9B 7A C6 FF
 (010.628856)  can0  124   [8]  C8 05 50 AC 39 13 D7 08
 (010.638781)  can0  123   [8]  C9 00 2F 43 9B 34 3F FF
 (010.638800)  can0  124   [8]  C9 05 50 D3 15 13 CE 08
 (010.648517)  can0  123   [8]  CA 00 2F 43 9A E5 E0 FF
 (010.648666)  can0  124   [8]  CA 05 50 FA 08 13 C4 08
 (010.658393)  can0  123   [8]  CB 00 2E 43 9A 97 83 FF
 (010.658689)  can0  124   [8]  CB 05 51 20 E4 13 BA 08
 (010.668423)  can0  123   [8]  CC 00 2E 43 9A 50 FB FF
 (010.668605)  can0  124   [8]  CC 05 51 47 D5 13 B1 08
 (010.678282)  can0  123   [8]  CD 00 2E 43 9A 02 9C FF
 (010.678422)  can0  124   [8]  CD 05 51 6E B3 13 A7 08
 (010.688236)  can0  123   [8]  CE 00 2E 43 99 BC 15 FF
 (010.688372)  can0  124   [8]  CE 05 51 95 A5 13 9E 08
 (010.697999)  can0  123   [8]  CF 00 2E 43 99 6D B7 FF
 (010.698342)  can0  124   [8]  CF 05 51 BC 82 13 94 08
 (010.708017)  can0  123   [8]  D0 00 2D 43 99 1F 59 FF
 (010.708197)  can0  124   [8]  D0 05 51 E3 7A 13 8A 08
 (010.717860)  can0  123   [8]  D1 00 2D 43 98 D8 D1 FF
 (010.718056)  can0  124   [8]  D1 05 52 0A 59 13 81 08
 (010.727811)  can0  123   [8]  D2 00 2D 43 98 8A 73 FF
 (010.727990)  can0  124   [8]  D2 05 52 31 50 13 77 08
 (010.737738)  can0  123   [8]  D3 00 2D 43 98 3C 15 FF
 (010.737883)  can0  124   [8]  D3 05 52 58 31 13 6D 08
 (010.747629)  can0  123   [8]  D4 00 2D 43 97 F5 8D FF
 (010.747796)  can0  124   [8]  D4 05 52 7F 2A 13 64 08
 (010.757601)  can0  123   [8]  D5 00 2D 43 97 A7 2F FF
 (010.757749)  can0  124   [8]  D5 05 52 A6 02 13 5A 08
 (010.767561)  can0  123   [8]  D6 00 2C 43 97 58 D1 FF
 (010.767696)  can0  124   [8]  D6 05 52 CC FB 13 50 08
 (010.777434)  can0  123   [8]  D7 00 2C 43 97 12 49 FF
 (010.777556)  can0  124   [8]  D7 05 52 F3 DD 13 47 08
 (010.787585)  can0  123   [8]  D8 00 2C 43 96 C3 EB FF
 (010.787607)  can0  124   [8]  D8 05 53 1A D1 13 3D 08
 (010.797478)  can0  123   [8]  D9 00 2C 43 96 75 8D FF
 (010.797503)  can0  124   [8]  D9 05 53 41 AB 13 33 08
 (010.807416)  can0  123   [8]  DA 00 2C 43 96 2F 05 FF
 (010.807440)  can0  124   [8]  DA 05 53 68 AB 13 2A 08
 (010.817175)  can0  123   [8]  DB 00 2C 43 95 E0 A7 FF
 (010.817193)  can0  124   [8]  DB 05 53 8F 86 13 20 08
 (010.827000)  can0  123   [8]  DC 00 2C 43 95 92 49 FF
 (010.827187)  can0  124   [8]  DC 05 53 B6 7E 13 16 08
 (010.836880)  can0  123   [8]  DD 00 2B 43 95 4B C1 FF
 (010.837287)  can0  124   [8]  DD 05 53 DD 5E 13 0D 08
 (010.846764)  can0  123   [8]  DE 00 2B 43 94 FD 63 FF
 (010.847077)  can0  124   [8]  DE 05 54 04 54 13 03 08
 (010.856694)  can0  123   [8]  DF 00 2B 43 94 B6 DB FF
 (010.856872)  can0  124   [8]  DF 05 54 2B 36 12 FA 08
 (010.866611)  can0  123   [8]  E0 00 2B 43 94 68 7D FF
 (010.866762)  can0  124   [8]  E0 05 54 52 29 12 F0 08
 (010.876644)  can0  123   [8]  E1 00 2B 43 94 1A 20 FF
 (010.876823)  can0  124   [8]  E1 05 54 79 12 12 E6 08
 (010.886541)  can0  123   [8]  E2 00 2B 43 93 D3 97 FF
 (010.886728)  can0  124   [8]  E2 05 54 A0 06 12 DD 08
 (010.896349)  can0  123   [8]  E3 00 2B 43 93 85 3A FF
 (010.896521)  can0  124   [8]  E3 05 54 C6 E5 12 D3 08
 (010.906546)  can0  123   [8]  E4 00 2B 43 93 3E B1 FF
 (010.906569)  can0  124   [8]  E4 05 54 ED DE 12 CA 08
 (010.916186)  can0  123   [8]  E5 00 2B 43 92 F0 54 FF
 (010.916364)  can0  124   [8]  E5 05 55 14 BB 12 C0 08
 (010.926259)  can0  123   [8]  E6 00 2A 43 92 A1 F6 FF
 (010.926276)  can0  124   [8]  E6 05 55 3B B5 12 B6 08
 (010.936191)  can0  123   [8]  E7 00 2A 43 92 5B 6D FF
 (010.936213)  can0  124   [8]  E7 05 55 62 91 12 AD 08
 (010.945942)  can0  123   [8]  E8 00 2A 43 92 0D 10 FF
 (010.946109)  can0  124   [8]  E8 05 55 89 8B 12 A3 08
 (010.956103)  can0  123   [8]  E9 00 2A 43 91 C6 88 FF
 (010.956113)  can0  124   [8]  E9 05 55 B0 6B 12 9A 08
 (010.965800)  can0  123   [8]  EA 00 2A 43 91 78 2A FF
 (010.965921)  can0  124   [8]  EA 05 55 D7 66 12 90 08
 (010.975658)  can0  123   [8]  EB 00 2A 43 91 29 CC FF
 (010.975860)  can0  124   [8]  EB 05 55 FE 46 12 86 08
 (010.985576)  can0  123   [8]  EC 00 2B 43 90 E3 44 FF
 (010.985846)  can0  124   [8]  EC 05 56 25 41 12 7D 08
 (010.995522)  can0  123   [8]  ED 00 2B 43 90 94 E6 FF
 (010.995760)  can0  124   [8]  ED 05 56 4C 1F 12 73 08
 (011.005417)  can0  123   [8]  EE 00 2D 43 90 4E 5E FF
 (011.005601)  can0  124   [8]  EE 05 56 73 16 12 6A 08
 (011.015278)  can0  123   [8]  EF 00 2E 43 90 00 00 FF
 (011.015534)  can0  124   [8]  EF 05 56 99 F1 12 60 08
 (011.025223)  can0  123   [8]  F0 00 30 43 8F B9 78 FF
 (011.025420)  can0  124   [8]  F0 05 56 C0 E1 12 57 08
 (011.035162)  can0  123   [8]  F1 00 37 43 8F 6B 1A FF
 (011.035308)  can0  124   [8]  F1 05 56 E7 BD 12 4D 08
 (011.045019)  can0  123   [8]  F2 00 40 43 8F 24 92 FF
 (011.045249)  can0  124   [8]  F2 05 57 0E B3 12 44 08
 (011.054959)  can0  123   [8]  F3 00 52 43 8E D6 35 FF
 (011.055287)  can0  124   [8]  F3 05 57 35 8B 12 3A 08
 (011.065108)  can0  123   [8]  F4 00 5B 43 8E 87 D6 FF
 (011.065122)  can0  124   [8]  F4 05 57 5C 86 12 30 08
 (011.074853)  can0  123   [8]  F5 00 5C 43 8E 41 4F FF
 (011.074999)  can0  124   [8]  F5 05 57 83 62 12 27 08
 (011.084952)  can0  123   [8]  F6 00 58 43 8D FA C6 FF
 (011.084970)  can0  124   [8]  F6 05 57 AA 58 12 1E 08
 (011.094783)  can0  123   [8]  F7 00 58 43 8D AC 68 FF
 (011.094798)  can0  124   [8]  F7 05 57 D1 31 12 14 08
 (011.104569)  can0  123   [8]  F8 00 5A 43 8D 5E 0B FF
 (011.104740)  can0  124   [8]  F8 05 57 F8 25 12 0A 08
 (011.114481)  can0  123   [8]  F9 00 60 43 8D 17 82 FF
 (011.114623)  can0  124   [8]  F9 05 58 1F 02 12 01 08
 (011.124321)  can0  123   [8]  FA 00 64 43 8C C9 25 FF
 (011.124803)  can0  124   [8]  FA 05 58 45 DF 11 F7 08
 (011.134099)  can0  123   [8]  FB 00 65 43 8C 82 9D FF
 (011.134344)  can0  124   [8]  FB 05 58 6C BA 11 EE 08
 (011.144191)  can0  123   [8]  FC 00 60 43 8C 34 3F FF
 (011.144373)  can0  124   [8]  FC 05 58 93 C5 11 E4 08
 (011.154159)  can0  123   [8]  FD 00 58 43 8B ED B7 FF
 (011.154402)  can0  124   [8]  FD 05 58 BA 9F 11 DB 08
 (011.164209)  can0  123   [8]  FE 00 55 43 8B A7 2F FF
 (011.164233)  can0  124   [8]  FE 05 58 E1 94 11 D2 08
 (011.174259)  can0  123   [8]  FF 00 52 43 8B 58 D1 FF
 (011.174285)  can0  124   [8]  FF 05 59 08 74 11 C8 08
 (011.183941)  can0  123   [8]  00 00 50 43 8B 0A 73 FF
 (011.184166)  can0  124   [8]  00 05 59 2F 65 11 BE 08
 (011.193855)  can0  123   [8]  01 00 4E 43 8A C3 EB FF
 (011.194079)  can0  124   [8]  01 05 59 56 3E 11 B5 08
 (011.203826)  can0  123   [8]  02 00 4C 43 8A 7D 64 FF
 (011.204049)  can0  124   [8]  02 05 59 7D 37 11 AC 08
 (011.213703)  can0  123   [8]  03 00 50 43 8A 2F 05 FF
 (011.214000)  can0  124   [8]  03 05 59 A4 14 11 A2 08
 (011.223529)  can0  123   [8]  04 00 54 43 89 E8 7D FF
 (011.223668)  can0  124   [8]  04 05 59 CB 01 11 99 08
 (011.233416)  can0  123   [8]  05 00 56 43 89 9A 20 FF
 (011.233584)  can0  124   [8]  05 05 59 F1 DC 11 8F 08
 (011.243410)  can0  123   [8]  06 00 5C 43 89 53 97 FF
 (011.243614)  can0  124   [8]  06 05 5A 18 D5 11 86 08
 (011.253381)  can0  123   [8]  07 00 62 43 89 0D 10 FF
 (011.253576)  can0  124   [8]  07 05 5A 3F AF 11 7D 08
 (011.263284)  can0  123   [8]  08 00 63 43 88 BE B1 FF
 (011.263440)  can0  124   [8]  08 05 5A 66 A2 11 73 08
 (011.273178)  can0  123   [8]  09 00 64 43 88 78 2A FF
 (011.273420)  can0  124   [8]  09 05 5A 8D 64 11 6A 08
 (011.283050)  can0  123   [8]  0A 00 64 43 88 29 CC FF
 (011.283247)  can0  124   [8]  0A 05 5A B4 5C 11 60 08
 (011.292995)  can0  123   [8]  0B 00 65 43 87 E3 44 FF
 (011.293163)  can0  124   [8]  0B 05 5A DB 36 11 57 08
 (011.302857)  can0  123   [8]  0C 00 68 43 87 9C BC FF
 (011.303012)  can0  124   [8]  0C 05 5B 02 29 11 4E 08
 (011.312685)  can0  123   [8]  0D 00 6E 43 87 4E 5E FF
 (011.312908)  can0  124   [8]  0D 05 5B 29 04 11 44 08
 (011.322556)  can0  123   [8]  0E 00 70 43 87 07 D6 FF
 (011.322818)  can0  124   [8]  0E 05 5B 4F FC 11 3B 08
 (011.332541)  can0  123   [8]  0F 00 70 43 86 C1 4E FF
 (011.332716)  can0  124   [8]  0F 05 5B 76 D9 11 32 08
 (011.342585)  can0  123   [8]  10 00 6F 43 86 72 F0 FF
 (011.342800)  can0  124   [8]  10 05 5B 9D D4 11 28 08
 (011.352394)  can0  123   [8]  11 00 6E 43 86 2C 69 FF
 (011.352602)  can0  124   [8]  11 05 5B C4 B2 11 1F 08
 (011.362370)  can0  123   [8]  12 00 6E 43 85 E5 E0 FF
 (011.362594)  can0  124   [8]  12 05 5B EB AA 11 16 08
 (011.372292)  can0  123   [8]  13 00 6E 43 85 9F 59 FF
 (011.372474)  can0  124   [8]  13 05 5C 12 86 11 0D 08
 (011.382206)  can0  123   [8]  14 00 6F 43 85 58 D1 FF
 (011.382414)  can0  124   [8]  14 05 5C 39 85 11 04 08
 (011.392141)  can0  123   [8]  15 00 88 43 85 12 49 FF
 (011.392334)  can0  124   [8]  15 05 5C 60 62 10 FB 08
 (011.402022)  can0  123   [8]  16 00 AD 43 84 CB C2 FF
 (011.402225)  can0  124   [8]  16 05 5C 87 58 10 F2 08
 (011.411971)  can0  123   [8]  17 00 B7 43 84 7D 63 FF
 (011.412202)  can0  124   [8]  17 05 5C AE 31 10 E8 08
 (011.422847)  can0  123   [8]  18 00 BA 43 84 36 DC FF
 (011.422877)  can0  124   [8]  18 05 5C D5 2A 10 DF 08
 (011.431662)  can0  123   [8]  19 00 BB 43 83 F0 53 FF
 (011.431907)  can0  124   [8]  19 05 5C FC 08 10 D6 08
 (011.442012)  can0  123   [8]  1A 00 BB 43 83 A9 CC FF
 (011.442028)  can0  124   [8]  1A 05 5D 22 FD 10 CD 08
 (011.451623)  can0  123   [8]  1B 00 BB 43 83 63 44 FF
 (011.451748)  can0  124   [8]  1B 05 5D 49 DD 10 C4 08
 (011.461426)  can0  123   [8]  1C 00 BC 43 83 1C BC FF
 (011.461943)  can0  124   [8]  1C 05 5D 70 D0 10 BB 08
 (011.471728)  can0  123   [8]  1D 00 BC 43 82 D6 35 FF
 (011.471768)  can0  124   [8]  1D 05 5D 97 B0 10 B2 08
 (011.481477)  can0  123   [8]  1E 00 BD 43 82 8F AC FF
 (011.481515)  can0  124   [8]  1E 05 5D BE A4 10 A9 08
 (011.491455)  can0  123   [8]  1F 00 BE 43 82 49 25 FF
 (011.491491)  can0  124   [8]  1F 05 5D E5 7F 10 A0 08
 (011.501305)  can0  123   [8]  20 00 BE 43 81 FA C6 FF
 (011.501342)  can0  124   [8]  20 05 5E 0C 78 10 96 08
 (011.511069)  can0  123   [8]  21 00 BE 43 81 BC 15 FF
 (011.511407)  can0  124   [8]  21 05 5E 33 54 10 8E 08
 (011.521159)  can0  123   [8]  22 00 BB 43 81 6D B7 FF
 (011.521175)  can0  124   [8]  22 05 5E 5A 46 10 84 08
 (011.531058)  can0  123   [8]  23 00 B6 43 81 27 2F FF
 (011.531073)  can0  124   [8]  23 05 5E 81 26 10 7B 08
 (011.540801)  can0  123   [8]  24 00 AD 43 80 E0 A7 FF
 (011.540986)  can0  124   [8]  24 05 5E A8 1D 10 72 08
 (011.550889)  can0  123   [8]  25 00 A7 43 80 9A 1F FF
 (011.550902)  can0  124   [8]  25 05 5E CE F4 10 69 08
 (011.560666)  can0  123   [8]  26 00 B1 43 80 53 98 FF
 (011.560803)  can0  124   [8]  26 05 5E F5 E8 10 60 08
 (011.570457)  can0  123   [8]  27 00 CF 43 80 0D 10 FF
 (011.570795)  can0  124   [8]  27 05 5F 1C C2 10 57 08
 (011.580483)  can0  123   [8]  28 00 E6 43 7F 8D 10 FF
 (011.580654)  can0  124   [8]  28 05 5F 43 B4 10 4E 08
 (011.590454)  can0  123   [8]  29 00 EA 43 7F 00 00 FF
 (011.590624)  can0  124   [8]  29 05 5F 6A 9C 10 45 08
 (011.600680)  can0  123   [8]  2A 00 EB 43 7E 72 F0 FF
 (011.600707)  can0  124   [8]  2A 05 5F 91 84 10 3C 08
 (011.610391)  can0  123   [8]  2B 00 EF 43 7D E5 E1 FF
 (011.610414)  can0  124   [8]  2B 05 5F B8 6D 10 33 08
 (011.620082)  can0  123   [8]  2C 00 F2 43 7D 58 D1 FF
 (011.620258)  can0  124   [8]  2C 05 5F DF 5F 10 2A 08
 (011.629938)  can0  123   [8]  2D 00 F3 43 7C CB C2 FF
 (011.630257)  can0  124   [8]  2D 05 60 06 4C 10 21 08
 (011.639944)  can0  123   [8]  2E 00 F4 43 7C 3E B1 FF
 (011.640080)  can0  124   [8]  2E 05 60 2D 45 10 18 08
 (011.649825)  can0  123   [8]  2F 00 F6 43 7B A1 F6 FF
 (011.650144)  can0  124   [8]  2F 05 60 54 26 10 0E 08
 (011.659731)  can0  123   [8]  30 00 F8 43 7B 14 E6 FF
 (011.659939)  can0  124   [8]  30 05 60 7B 16 10 05 08
 (011.669692)  can0  123   [8]  31 00 F8 43 7A 87 D7 FF
 (011.669887)  can0  124   [8]  31 05 60 A1 F8 0F FC 08
 (011.679620)  can0  123   [8]  32 00 F8 43 79 FA C6 FF
 (011.679779)  can0  124   [8]  32 05 60 C8 EC 0F F3 08
 (011.689562)  can0  123   [8]  33 00 F8 43 79 6D B7 FF
 (011.689747)  can0  124   [8]  33 05 60 EF CE 0F EA 08
 (011.699415)  can0  123   [8]  34 00 F9 43 78 E0 A8 FF
 (011.699632)  can0  124   [8]  34 05 61 16 C4 0F E1 08
 (011.709569)  can0  123   [8]  35 00 FA 43 78 53 97 FF
 (011.709591)  can0  124   [8]  35 05 61 3D A6 0F D8 08
 (011.719455)  can0  123   [8]  36 00 FA 43 77 C6 88 FF
 (011.719480)  can0  124   [8]  36 05 61 64 9B 0F CF 08
 (011.729125)  can0  123   [8]  37 00 FC 43 77 39 78 FF
 (011.729297)  can0  124   [8]  37 05 61 8B 82 0F C6 08
 (011.739079)  can0  123   [8]  38 01 00 43 76 AC 69 FF
 (011.739302)  can0  124   [8]  38 05 61 B2 74 0F BD 08
 (011.748898)  can0  123   [8]  39 01 02 43 76 1F 58 FF
 (011.749190)  can0  124   [8]  39 05 61 D9 5C 0F B4 08
 (011.758858)  can0  123   [8]  3A 01 02 43 75 92 49 FF
 (011.759111)  can0  124   [8]  3A 05 62 00 48 0F AB 08
 (011.768953)  can0  123   [8]  3B 00 FE 43 75 05 3A FF
 (011.768979)  can0  124   [8]  3B 05 62 27 2D 0F A2 08
 (011.778715)  can0  123   [8]  3C 00 FD 43 74 78 29 FF
 (011.778965)  can0  124   [8]  3C 05 62 4E 1F 0F 99 08
 (011.788651)  can0  123   [8]  3D 00 F7 43 73 EB 1A FF
 (011.788814)  can0  124   [8]  3D 05 62 75 07 0F 90 08
 (011.798665)  can0  123   [8]  3E 00 EF 43 73 5E 0A FF
 (011.798682)  can0  124   [8]  3E 05 62 9C 03 0F 87 08
 (011.808630)  can0  123   [8]  3F 00 D9 43 72 D0 FB FF
 (011.808653)  can0  124   [8]  3F 05 62 C2 DE 0F 7E 08
 (011.818662)  can0  123   [8]  40 00 86 43 72 43 EC FF
 (011.818681)  can0  124   [8]  40 05 62 E9 DC 0F 75 08
 (011.828354)  can0  123   [8]  41 00 64 43 71 B6 DB FF
 (011.828536)  can0  124   [8]  41 05 63 10 BA 0F 6C 08
 (011.838212)  can0  123   [8]  42 00 5F 43 71 29 CC FF
 (011.838365)  can0  124   [8]  42 05 63 37 C2 0F 63 08
 (011.848456)  can0  123   [8]  43 00 5C 43 70 9C BC FF
 (011.848483)  can0  124   [8]  43 05 63 5E A8 0F 5A 08
 (011.858060)  can0  123   [8]  44 00 5B 43 70 00 00 FF
 (011.858399)  can0  124   [8]  44 05 63 85 9D 0F 50 08
 (011.867965)  can0  123   [8]  45 00 57 43 6F 72 F0 FF
 (011.868218)  can0  124   [8]  45 05 63 AC 80 0F 47 08
 (011.878003)  can0  123   [8]  46 00 52 43 6E E5 E1 FF
 (011.878024)  can0  124   [8]  46 05 63 D3 78 0F 3E 08
 (011.888027)  can0  123   [8]  47 00 50 43 6E 58 D0 FF
 (011.888050)  can0  124   [8]  47 05 63 FA 54 0F 35 08
 (011.897785)  can0  123   [8]  48 00 50 43 6D CB C1 FF
 (011.898025)  can0  124   [8]  48 05 64 21 54 0F 2C 08
 (011.907677)  can0  123   [8]  49 00 4F 43 6D 3E B2 FF
 (011.907841)  can0  124   [8]  49 05 64 48 34 0F 23 08
 (011.917597)  can0  123   [8]  4A 00 4F 43 6C B1 A2 FF
 (011.917783)  can0  124   [8]  4A 05 64 6F 26 0F 1A 08
 (011.927383)  can0  123   [8]  4B 00 4E 43 6C 14 E7 FF
 (011.927793)  can0  124   [8]  4B 05 64 96 05 0F 10 08
 (011.937568)  can0  123   [8]  4C 00 4E 43 6B 97 82 FF
 (011.937591)  can0  124   [8]  4C 05 64 BD 02 0F 08 08
 (011.947274)  can0  123   [8]  4D 00 4D 43 6A FA C7 FF
 (011.947422)  can0  124   [8]  4D 05 64 E3 E0 0E FE 08
 (011.957233)  can0  123   [8]  4E 00 4D 43 6A 6D B6 FF
 (011.957440)  can0  124   [8]  4E 05 65 0A D7 0E F5 08
 (011.967273)  can0  123   [8]  4F 00 4C 43 69 E0 A7 FF
 (011.967300)  can0  124   [8]  4F 05 65 31 B5 0E EC 08
 (011.977415)  can0  123   [8]  50 00 4C 43 69 53 97 FF
 (011.977440)  can0  124   [8]  50 05 65 58 A5 0E E3 08
 (011.986913)  can0  123   [8]  51 00 4C 43 68 C6 88 FF
 (011.987120)  can0  124   [8]  51 05 65 7F 88 0E DA 08
 (011.996964)  can0  123   [8]  52 00 4C 43 68 29 CB FF
 (011.997259)  can0  124   [8]  52 05 65 A6 78 0E D0 08
 (012.006825)  can0  123   [8]  53 00 4B 43 67 9C BC FF
 (012.007016)  can0  124   [8]  53 05 65 CD 59 0E C7 08
 (012.016825)  can0  123   [8]  54 00 49 43 67 0F AD FF
 (012.016841)  can0  124   [8]  54 05 65 F4 4F 0E BE 08
 (012.026689)  can0  123   [8]  55 00 47 43 66 82 9D FF
 (012.026720)  can0  124   [8]  55 05 66 1B 32 0E B5 08
 (012.036380)  can0  123   [8]  56 00 46 43 65 F5 8D FF
 (012.036543)  can0  124   [8]  56 05 66 42 2E 0E AC 08
 (012.046336)  can0  123   [8]  57 00 46 43 65 68 7D FF
 (012.046633)  can0  124   [8]  57 05 66 69 10 0E A3 08
 (012.056329)  can0  123   [8]  58 00 46 43 64 DB 6E FF
 (012.056482)  can0  124   [8]  58 05 66 90 0C 0E 9A 08
 (012.066234)  can0  123   [8]  59 00 46 43 64 3E B1 FF
 (012.066446)  can0  124   [8]  59 05 66 B6 F2 0E 90 08
 (012.076143)  can0  123   [8]  5A 00 46 43 63 B1 A2 FF
 (012.076372)  can0  124   [8]  5A 05 66 DD F1 0E 87 08
 (012.086161)  can0  123   [8]  5B 00 46 43 63 24 92 FF
 (012.086391)  can0  124   [8]  5B 05 67 04 D9 0E 7E 08
 (012.096114)  can0  123   [8]  5C 00 46 43 62 97 83 FF
 (012.096280)  can0  124   [8]  5C 05 67 2B DA 0E 75 08
 (012.105892)  can0  123   [8]  5D 00 46 43 62 0A 74 FF
 (012.106052)  can0  124   [8]  5D 05 67 52 BE 0E 6C 08
 (012.115720)  can0  123   [8]  5E 00 46 43 61 7D 63 FF
 (012.115925)  can0  124   [8]  5E 05 67 79 BB 0E 63 08
 (012.125687)  can0  123   [8]  5F 00 46 43 60 F0 54 FF
 (012.125853)  can0  124   [8]  5F 05 67 A0 9F 0E 5A 08
 (012.135592)  can0  123   [8]  60 00 46 43 60 53 97 FF
 (012.135900)  can0  124   [8]  60 05 67 C7 96 0E 50 08
 (012.145515)  can0  123   [8]  61 00 45 43 5F C6 88 FF
 (012.145668)  can0  124   [8]  61 05 67 EE 75 0E 47 08
 (012.155469)  can0  123   [8]  62 00 45 43 5F 39 78 FF
 (012.155650)  can0  124   [8]  62 05 68 15 6E 0E 3E 08
 (012.165555)  can0  123   [8]  63 00 44 43 5E AC 69 FF
 (012.165570)  can0  124   [8]  63 05 68 3C 4D 0E 35 08
 (012.175334)  can0  123   [8]  64 00 43 43 5E 1F 58 FF
 (012.175532)  can0  124   [8]  64 05 68 63 46 0E 2C 08
 (012.185212)  can0  123   [8]  65 00 43 43 5D 92 49 FF
 (012.185418)  can0  124   [8]  65 05 68 8A 27 0E 23 08
 (012.195422)  can0  123   [8]  66 00 43 43 5D 05 3A FF
 (012.195441)  can0  124   [8]  66 05 68 B1 24 0E 1A 08
 (012.205176)  can0  123   [8]  67 00 43 43 5C 68 7E FF
 (012.205194)  can0  124   [8]  67 05 68 D8 04 0E 10 08
 (012.215164)  can0  123   [8]  68 00 44 43 5B DB 6D FF
 (012.215181)  can0  124   [8]  68 05 68 FE FE 0E 07 08
 (012.225162)  can0  123   [8]  69 00 44 43 5B 4E 5E FF
 (012.225185)  can0  124   [8]  69 05 69 25 D7 0D FE 08
 (012.234785)  can0  123   [8]  6A 00 44 43 5A C1 4F FF
 (012.234972)  can0  124   [8]  6A 05 69 4C CD 0D F5 08
 (012.244720)  can0  123   [8]  6B 00 44 43 5A 34 3E FF
 (012.245001)  can0  124   [8]  6B 05 69 73 B2 0D EC 08
 (012.254603)  can0  123   [8]  6C 00 44 43 59 A7 2F FF
 (012.255040)  can0  124   [8]  6C 05 69 9A A1 0D E3 08
 (012.264532)  can0  123   [8]  6D 00 44 43 59 1A 1F FF
 (012.264945)  can0  124   [8]  6D 05 69 C1 83 0D DA 08
 (012.274602)  can0  123   [8]  6E 00 42 43 58 8D 10 FF
 (012.274622)  can0  124   [8]  6E 05 69 E8 7B 0D D1 08
 (012.284334)  can0  123   [8]  6F 00 42 43 58 00 01 FF
 (012.284483)  can0  124   [8]  6F 05 6A 0F 59 0D C8 08
 (012.294283)  can0  123   [8]  70 00 42 43 57 63 44 FF
 (012.294427)  can0  124   [8]  70 05 6A 36 46 0D BE 08
 (012.304104)  can0  123   [8]  71 00 42 43 56 D6 35 FF
 (012.304349)  can0  124   [8]  71 05 6A 5D 27 0D B5 08
 (012.314129)  can0  123   [8]  72 00 42 43 56 49 24 FF
 (012.314291)  can0  124   [8]  72 05 6A 84 20 0D AC 08
 (012.323966)  can0  123   [8]  73 00 42 43 55 BC 15 FF
 (012.324184)  can0  124   [8]  73 05 6A AB 00 0D A3 08
 (012.333883)  can0  123   [8]  74 00 42 43 55 2F 05 FF
 (012.334110)  can0  124   [8]  74 05 6A D1 FD 0D 9A 08
 (012.343805)  can0  123   [8]  75 00 42 43 54 A1 F6 FF
 (012.344019)  can0  124   [8]  75 05 6A F8 DA 0D 91 08
 (012.353747)  can0  123   [8]  76 00 42 43 54 14 E5 FF
 (012.353969)  can0  124   [8]  76 05 6B 1F D5 0D 88 08
 (012.363632)  can0  123   [8]  77 00 40 43 53 87 D6 FF
 (012.363793)  can0  124   [8]  77 05 6B 46 B4 0D 7F 08
 (012.373717)  can0  123   [8]  78 00 3E 43 52 FA C7 FF
 (012.373769)  can0  124   [8]  78 05 6B 6D AD 0D 76 08
 (012.383384)  can0  123   [8]  79 00 3D 43 52 5E 0B FF
 (012.383615)  can0  124   [8]  79 05 6B 94 8D 0D 6C 08
 (012.393316)  can0  123   [8]  7A 00 3D 43 51 E0 A7 FF
 (012.393486)  can0  124   [8]  7A 05 6B BB 87 0D 64 08
 (012.403185)  can0  123   [8]  7B 00 3C 43 51 43 EB FF
 (012.403499)  can0  124   [8]  7B 05 6B E2 62 0D 5A 08
 (012.413118)  can0  123   [8]  7C 00 3C 43 50 B6 DC FF
 (012.413316)  can0  124   [8]  7C 05 6C 09 5C 0D 51 08
 (012.423018)  can0  123   [8]  7D 00 3C 43 50 29 CB FF
 (012.423270)  can0  124   [8]  7D 05 6C 30 41 0D 48 08
 (012.432935)  can0  123   [8]  7E 00 3B 43 4F 9C BC FF
 (012.433171)  can0  124   [8]  7E 05 6C 57 37 0D 3F 08
 (012.442846)  can0  123   [8]  7F 00 3B 43 4F 0F AC FF
 (012.443086)  can0  124   [8]  7F 05 6C 7E 18 0D 36 08
 (012.452757)  can0  123   [8]  80 00 3B 43 4E 82 9D FF
 (012.453002)  can0  124   [8]  80 05 6C A5 0F 0D 2D 08
 (012.462685)  can0  123   [8]  81 00 3B 43 4D F5 8E FF
 (012.462894)  can0  124   [8]  81 05 6C CB EF 0D 24 08
 (012.472675)  can0  123   [8]  82 00 3B 43 4D 68 7D FF
 (012.472862)  can0  124   [8]  82 05 6C F2 E3 0D 1B 08
 (012.482492)  can0  123   [8]  83 00 3A 43 4C DB 6E FF
 (012.482719)  can0  124   [8]  83 05 6D 19 BF 0D 12 08
 (012.492374)  can0  123   [8]  84 00 39 43 4C 4E 5D FF
 (012.492579)  can0  124   [8]  84 05 6D 40 B5 0D 09 08
 (012.502297)  can0  123   [8]  85 00 3A 43 4B C1 4E FF
 (012.502497)  can0  124   [8]  85 05 6D 67 97 0D 00 08
 (012.512281)  can0  123   [8]  86 00 3A 43 4B 24 92 FF
 (012.512443)  can0  124   [8]  86 05 6D 8E 90 0C F6 08
 (012.522270)  can0  123   [8]  87 00 39 43 4A 97 83 FF
 (012.522370)  can0  124   [8]  87 05 6D B5 73 0C ED 08
 (012.532074)  can0  123   [8]  88 00 39 43 4A 0A 72 FF
 (012.532356)  can0  124   [8]  88 05 6D DC 69 0C E4 08
 (012.542059)  can0  123   [8]  89 00 39 43 49 7D 63 FF
 (012.542227)  can0  124   [8]  89 05 6E 03 44 0C DB 08
 (012.552008)  can0  123   [8]  8A 00 38 43 48 F0 54 FF
 (012.552107)  can0  124   [8]  8A 05 6E 2A 3E 0C D2 08
 (012.561914)  can0  123   [8]  8B 00 38 43 48 63 44 FF
 (012.562070)  can0  124   [8]  8B 05 6E 51 1E 0C C9 08
 (012.571803)  can0  123   [8]  8C 00 38 43 47 D6 34 FF
 (012.572035)  can0  124   [8]  8C 05 6E 78 19 0C C0 08
 (012.581658)  can0  123   [8]  8D 00 38 43 47 49 24 FF
 (012.581927)  can0  124   [8]  8D 05 6E 9E FA 0C B7 08
 (012.591613)  can0  123   [8]  8E 00 38 43 46 BC 15 FF
 (012.591861)  can0  124   [8]  8E 05 6E C5 F2 0C AE 08
 (012.601507)  can0  123   [8]  8F 00 38 43 46 1F 58 FF
 (012.601760)  can0  124   [8]  8F 05 6E EC D2 0C A4 08
 (012.611486)  can0  123   [8]  90 00 38 43 45 92 49 FF
 (012.611928)  can0  124   [8]  90 05 6F 13 D0 0C 9B 08
 (012.621452)  can0  123   [8]  91 00 38 43 45 05 3A FF
 (012.621645)  can0  124   [8]  91 05 6F 3A B4 0C 92 08
 (012.631304)  can0  123   [8]  92 00 38 43 44 78 2A FF
 (012.631492)  can0  124   [8]  92 05 6F 61 B6 0C 89 08
 (012.641150)  can0  123   [8]  93 00 38 43 43 EB 1B FF
 (012.641399)  can0  124   [8]  93 05 6F 88 96 0C 80 08
 (012.651134)  can0  123   [8]  94 00 39 43 43 5E 0A FF
 (012.651285)  can0  124   [8]  94 05 6F AF 95 0C 77 08
 (012.661204)  can0  123   [8]  95 00 39 43 42 D0 FB FF
 (012.661216)  can0  124   [8]  95 05 6F D6 72 0C 6E 08
 (012.671032)  can0  123   [8]  96 00 39 43 42 43 EA FF
 (012.671172)  can0  124   [8]  96 05 6F FD 6F 0C 65 08
 (012.680734)  can0  123   [8]  97 00 3E 43 41 B6 DB FF
 (012.680973)  can0  124   [8]  97 05 70 24 4B 0C 5C 08
 (012.690758)  can0  123   [8]  98 00 52 43 41 1A 1F FF
 (012.690902)  can0  124   [8]  98 05 70 4B 50 0C 52 08
 (012.700641)  can0  123   [8]  99 00 85 43 40 9C BC FF
 (012.700854)  can0  124   [8]  99 05 70 72 1D 0C 4A 08
 (012.710608)  can0  123   [8]  9A 00 9F 43 40 00 01 FF
 (012.710774)  can0  124   [8]  9A 05 70 99 16 0C 40 08
 (012.720498)  can0  123   [8]  9B 00 A1 43 3F 72 F0 FF
 (012.720706)  can0  124   [8]  9B 05 70 BF F1 0C 37 08
 (012.730441)  can0  123   [8]  9C 00 A2 43 3E F5 8D FF
 (012.730588)  can0  124   [8]  9C 05 70 E6 EB 0C 2F 08
 (012.740583)  can0  123   [8]  9D 00 A4 43 3E 68 7E FF
 (012.740618)  can0  124   [8]  9D 05 71 0D C9 0C 26 08
 (012.750306)  can0  123   [8]  9E 00 BB 43 3D DB 6E FF
 (012.750618)  can0  124   [8]  9E 05 71 34 C3 0C 1D 08
 (012.760173)  can0  123   [8]  9F 00 DD 43 3D 4E 5E FF
 (012.760462)  can0  124   [8]  9F 05 71 5B A6 0C 14 08
 (012.770175)  can0  123   [8]  A0 00 E3 43 3C C1 4E FF
 (012.770833)  can0  124   [8]  A0 05 71 82 9E 0C 0B 08
 (012.780038)  can0  123   [8]  A1 00 E3 43 3C 34 3F FF
 (012.780202)  can0  124   [8]  A1 05 71 A9 7B 0C 02 08
 (012.790434)  can0  123   [8]  A2 00 E2 43 3B A7 30 FF
 (012.790484)  can0  124   [8]  A2 05 71 D0 74 0B F9 08
 (012.799878)  can0  123   [8]  A3 00 E1 43 3B 1A 1F FF
 (012.800073)  can0  124   [8]  A3 05 71 F7 54 0B F0 08
 (012.809750)  can0  123   [8]  A4 00 E0 43 3A 8D 10 FF
 (012.809961)  can0  124   [8]  A4 05 72 1E 4E 0B E7 08
 (012.819722)  can0  123   [8]  A5 00 D8 43 3A 00 00 FF
 (012.819883)  can0  124   [8]  A5 05 72 45 2E 0B DE 08
 (012.829643)  can0  123   [8]  A6 00 CE 43 39 82 9D FF
 (012.829804)  can0  124   [8]  A6 05 72 6C 27 0B D6 08
 (012.839414)  can0  123   [8]  A7 00 C3 43 38 F5 8D FF
 (012.839627)  can0  124   [8]  A7 05 72 93 0C 0B CD 08
 (012.849379)  can0  123   [8]  A8 00 C0 43 38 68 7D FF
 (012.849561)  can0  124   [8]  A8 05 72 BA 07 0B C4 08
 (012.859380)  can0  123   [8]  A9 00 B4 43 37 DB 6E FF
 (012.859475)  can0  124   [8]  A9 05 72 E0 E9 0B BB 08
 (012.869176)  can0  123   [8]  AA 00 A3 43 37 4E 5D FF
 (012.869373)  can0  124   [8]  AA 05 73 07 E4 0B B2 08
 (012.879265)  can0  123   [8]  AB 00 8E 43 36 C1 4E FF
 (012.879379)  can0  124   [8]  AB 05 73 2E C7 0B A9 08
 (012.889114)  can0  123   [8]  AC 00 9A 43 36 34 3F FF
 (012.889199)  can0  124   [8]  AC 05 73 55 C2 0B A0 08
 (012.898842)  can0  123   [8]  AD 00 A2 43 35 B6 DC FF
 (012.899117)  can0  124   [8]  AD 05 73 7C A6 0B 98 08
 (012.908826)  can0  123   [8]  AE 00 A1 43 35 29 CC FF
 (012.909053)  can0  124   [8]  AE 05 73 A3 A2 0B 8F 08
 (012.918805)  can0  123   [8]  AF 00 99 43 34 9C BD FF
 (012.918980)  can0  124   [8]  AF 05 73 CA 79 0B 86 08
 (012.929033)  can0  123   [8]  B0 00 8E 43 34 0F AC FF
 (012.929057)  can0  124   [8]  B0 05 73 F1 7A 0B 7D 08
 (012.938608)  can0  123   [8]  B1 00 77 43 33 82 9D FF
 (012.938750)  can0  124   [8]  B1 05 74 18 54 0B 74 08
 (012.948522)  can0  123   [8]  B2 00 5D 43 32 F5 8D FF
 (012.948735)  can0  124   [8]  B2 05 74 3F 6A 0B 6B 08
 (012.958654)  can0  123   [8]  B3 00 4F 43 32 68 7D FF
 (012.958691)  can0  124   [8]  B3 05 74 66 4D 0B 62 08
 (012.968370)  can0  123   [8]  B4 00 4A 43 31 DB 6E FF
 (012.968559)  can0  124   [8]  B4 05 74 8D 44 0B 59 08
 (012.978292)  can0  123   [8]  B5 00 4C 43 31 5E 0A FF
 (012.978620)  can0  124   [8]  B5 05 74 B4 26 0B 51 08
 (012.988316)  can0  123   [8]  B6 00 5B 43 30 D0 FB FF
 (012.988458)  can0  124   [8]  B6 05 74 DB 1D 0B 48 08
 (012.998049)  can0  123   [8]  B7 00 67 43 30 43 EB FF
 (012.998267)  can0  124   [8]  B7 05 75 01 E5 0B 3F 08
 (013.008210)  can0  123   [8]  B8 00 5A 43 2F B6 DB FF
 (013.008249)  can0  124   [8]  B8 05 75 28 F3 0B 36 08
 (013.018224)  can0  123   [8]  B9 00 4A 43 2F 29 CC FF
 (013.018269)  can0  124   [8]  B9 05 75 4F D4 0B 2D 08
 (013.027963)  can0  123   [8]  BA 00 47 43 2E 9C BC FF
 (013.028000)  can0  124   [8]  BA 05 75 76 CE 0B 24 08
 (013.037770)  can0  123   [8]  BB 00 45 43 2E 0F AC FF
 (013.037981)  can0  124   [8]  BB 05 75 9D A6 0B 1B 08
 (013.047883)  can0  123   [8]  BC 00 43 43 2D 82 9D FF
 (013.047936)  can0  124   [8]  BC 05 75 C4 9B 0B 12 08
 (013.057612)  can0  123   [8]  BD 00 43 43 2D 05 3A FF
 (013.057881)  can0  124   [8]  BD 05 75 EB 77 0B 0A 08
 (013.067558)  can0  123   [8]  BE 00 4C 43 2C 78 2A FF
 (013.067796)  can0  124   [8]  BE 05 76 12 6E 0B 01 08
 (013.077499)  can0  123   [8]  BF 00 62 43 2B EB 1A FF
 (013.077647)  can0  124   [8]  BF 05 76 39 4A 0A F8 08
 (013.087420)  can0  123   [8]  C0 00 7B 43 2B 5E 0A FF
 (013.087543)  can0  124   [8]  C0 05 76 60 3B 0A EF 08
 (013.097264)  can0  123   [8]  C1 00 8D 43 2A D0 FB FF
 (013.097558)  can0  124   [8]  C1 05 76 87 1A 0A E6 08
 (013.107223)  can0  123   [8]  C2 00 B6 43 2A 53 97 FF
 (013.107365)  can0  124   [8]  C2 05 76 AE 15 0A DE 08
 (013.117153)  can0  123   [8]  C3 00 DF 43 29 C6 88 FF
 (013.117312)  can0  124   [8]  C3 05 76 D4 FD 0A D5 08
 (013.127198)  can0  123   [8]  C4 00 ED 43 29 39 78 FF
 (013.127242)  can0  124   [8]  C4 05 76 FB F3 0A CC 08
 (013.137096)  can0  123   [8]  C5 00 F2 43 28 AC 69 FF
 (013.137146)  can0  124   [8]  C5 05 77 22 DD 0A C3 08
 (013.146885)  can0  123   [8]  C6 00 F3 43 28 1F 59 FF
 (013.146991)  can0  124   [8]  C6 05 77 49 CC 0A BA 08
 (013.156755)  can0  123   [8]  C7 00 F3 43 27 92 49 FF
 (013.156956)  can0  124   [8]  C7 05 77 70 BA 0A B1 08
 (013.166811)  can0  123   [8]  C8 00 F4 43 27 14 E6 FF
 (013.166828)  can0  124   [8]  C8 05 77 97 AB 0A A9 08
 (013.176447)  can0  123   [8]  C9 00 F5 43 26 87 D6 FF
 (013.176740)  can0  124   [8]  C9 05 77 BE 94 0A A0 08
 (013.186534)  can0  123   [8]  CA 00 F6 43 25 FA C6 FF
 (013.186705)  can0  124   [8]  CA 05 77 E5 88 0A 97 08
 (013.196455)  can0  123   [8]  CB 00 F6 43 25 6D B7 FF
 (013.196461)  can0  124   [8]  CB 05 78 0C 76 0A 8E 08
 (013.206663)  can0  123   [8]  CC 00 F7 43 24 E0 A7 FF
 (013.206680)  can0  124   [8]  CC 05 78 33 6C 0A 85 08
 (013.216198)  can0  123   [8]  CD 00 F8 43 24 63 44 FF
 (013.216368)  can0  124   [8]  CD 05 78 5A 52 0A 7D 08
 (013.226252)  can0  123   [8]  CE 00 F8 43 23 D6 34 FF
 (013.226371)  can0  124   [8]  CE 05 78 81 42 0A 74 08
 (013.236054)  can0  123   [8]  CF 00 F9 43 23 49 25 FF
 (013.236321)  can0  124   [8]  CF 05 78 A8 2B 0A 6B 08
 (013.245967)  can0  123   [8]  D0 00 F9 43 22 BC 15 FF
 (013.246363)  can0  124   [8]  D0 05 78 CF 23 0A 62 08
 (013.255843)  can0  123   [8]  D1 00 F7 43 22 3E B2 FF
 (013.256077)  can0  124   [8]  D1 05 78 F6 0F 0A 5A 08
 (013.265769)  can0  123   [8]  D2 00 F3 43 21 B1 A2 FF
 (013.265989)  can0  124   [8]  D2 05 79 1D 0F 0A 51 08
 (013.275669)  can0  123   [8]  D3 00 E6 43 21 24 92 FF
 (013.276031)  can0  124   [8]  D3 05 79 43 EF 0A 48 08
 (013.285644)  can0  123   [8]  D4 00 9A 43 20 97 83 FF
 (013.285781)  can0  124   [8]  D4 05 79 6A DE 0A 3F 08
 (013.295525)  can0  123   [8]  D5 00 53 43 20 0A 73 FF
 (013.295703)  can0  124   [8]  D5 05 79 91 D4 0A 36 08
 (013.305699)  can0  123   [8]  D6 00 48 43 1F 8D 10 FF
 (013.305721)  can0  124   [8]  D6 05 79 B8 CA 0A 2E 08
 (013.315457)  can0  123   [8]  D7 00 42 43 1F 00 00 FF
 (013.315691)  can0  124   [8]  D7 05 79 DF AE 0A 25 08
 (013.325413)  can0  123   [8]  D8 00 3C 43 1E 72 F0 FF
 (013.325540)  can0  124   [8]  D8 05 7A 06 AB 0A 1C 08
 (013.335235)  can0  123   [8]  D9 00 33 43 1D E5 E0 FF
 (013.335344)  can0  124   [8]  D9 05 7A 2D 91 0A 13 08
 (013.345332)  can0  123   [8]  DA 00 32 43 1D 58 D1 FF
 (013.345355)  can0  124   [8]  DA 05 7A 54 8F 0A 0A 08
 (013.355202)  can0  123   [8]  DB 00 31 43 1C CB C1 FF
 (013.355225)  can0  124   [8]  DB 05 7A 7B 70 0A 01 08
 (013.365011)  can0  123   [8]  DC 00 31 43 1C 3E B2 FF
 (013.365303)  can0  124   [8]  DC 05 7A A2 67 09 F8 08
 (013.374823)  can0  123   [8]  DD 00 31 43 1B B1 A2 FF
 (013.375075)  can0  124   [8]  DD 05 7A C9 4C 09 EF 08
 (013.384717)  can0  123   [8]  DE 00 30 43 1B 24 92 FF
 (013.384938)  can0  124   [8]  DE 05 7A F0 46 09 E6 08
 (013.394623)  can0  123   [8]  DF 00 2F 43 1A 97 83 FF
 (013.394908)  can0  124   [8]  DF 05 7B 17 27 09 DD 08
 (013.404502)  can0  123   [8]  E0 00 2F 43 1A 0A 73 FF
 (013.404809)  can0  124   [8]  E0 05 7B 3E 27 09 D4 08
 (013.414447)  can0  123   [8]  E1 00 2E 43 19 7D 63 FF
 (013.414678)  can0  124   [8]  E1 05 7B 65 05 09 CB 08
 (013.424398)  can0  123   [8]  E2 00 2E 43 18 F0 54 FF
 (013.424592)  can0  124   [8]  E2 05 7B 8C 06 09 C2 08
 (013.434332)  can0  123   [8]  E3 00 2D 43 18 72 F0 FF
 (013.434504)  can0  124   [8]  E3 05 7B B2 E7 09 BA 08
 (013.444290)  can0  123   [8]  E4 00 2D 43 17 D6 34 FF
 (013.444524)  can0  124   [8]  E4 05 7B D9 E1 09 B0 08
 (013.454097)  can0  123   [8]  E5 00 2D 43 17 58 D1 FF
 (013.454293)  can0  124   [8]  E5 05 7C 00 BF 09 A8 08
 (013.463940)  can0  123   [8]  E6 00 2D 43 16 CB C1 FF
 (013.464261)  can0  124   [8]  E6 05 7C 27 B9 09 9F 08
 (013.473867)  can0  123   [8]  E7 00 2D 43 16 3E B1 FF
 (013.474119)  can0  124   [8]  E7 05 7C 4E 90 09 96 08
 (013.483802)  can0  123   [8]  E8 00 2D 43 15 B1 A2 FF
 (013.484053)  can0  124   [8]  E8 05 7C 75 8F 09 8D 08
 (013.493729)  can0  123   [8]  E9 00 2D 43 15 24 92 FF
 (013.493959)  can0  124   [8]  E9 05 7C 9C 6B 09 84 08
 (013.503658)  can0  123   [8]  EA 00 2D 43 14 97 83 FF
 (013.503866)  can0  124   [8]  EA 05 7C C3 67 09 7B 08
 (013.513512)  can0  123   [8]  EB 00 2E 43 14 0A 73 FF
 (013.513739)  can0  124   [8]  EB 05 7C EA 41 09 72 08
 (013.523443)  can0  123   [8]  EC 00 2E 43 13 7D 63 FF
 (013.523739)  can0  124   [8]  EC 05 7D 11 39 09 69 08
 (013.533321)  can0  123   [8]  ED 00 2E 43 12 F0 54 FF
 (013.533691)  can0  124   [8]  ED 05 7D 38 19 09 60 08
 (013.543250)  can0  123   [8]  EE 00 2E 43 12 63 44 FF
 (013.543453)  can0  124   [8]  EE 05 7D 5F 09 09 57 08
 (013.553142)  can0  123   [8]  EF 00 2F 43 11 D6 34 FF
 (013.553385)  can0  124   [8]  EF 05 7D 85 F1 09 4E 08
 (013.563259)  can0  123   [8]  F0 00 2F 43 11 49 25 FF
 (013.563310)  can0  124   [8]  F0 05 7D AC EF 09 45 08
 (013.572997)  can0  123   [8]  F1 00 2F 43 10 BC 15 FF
 (013.573226)  can0  124   [8]  F1 05 7D D3 CE 09 3C 08
 (013.583011)  can0  123   [8]  F2 00 2F 43 10 2F 05 FF
 (013.583261)  can0  124   [8]  F2 05 7D FA CC 09 33 08
 (013.593009)  can0  123   [8]  F3 00 30 43 0F A1 F6 FF
 (013.593162)  can0  124   [8]  F3 05 7E 21 A9 09 2A 08
 (013.602854)  can0  123   [8]  F4 00 30 43 0F 24 92 FF
 (013.603082)  can0  124   [8]  F4 05 7E 48 9E 09 22 08
 (013.612878)  can0  123   [8]  F5 00 30 43 0E 97 82 FF
 (013.613295)  can0  124   [8]  F5 05 7E 6F 85 09 19 08
 (013.622801)  can0  123   [8]  F6 00 30 43 0E 0A 73 FF
 (013.622984)  can0  124   [8]  F6 05 7E 96 7C 09 10 08
 (013.632514)  can0  123   [8]  F7 00 31 43 0D 7D 63 FF
 (013.632818)  can0  124   [8]  F7 05 7E BD 59 09 07 08
 (013.642481)  can0  123   [8]  F8 00 31 43 0C F0 54 FF
 (013.642679)  can0  124   [8]  F8 05 7E E4 4F 08 FE 08
 (013.652400)  can0  123   [8]  F9 00 31 43 0C 63 44 FF
 (013.653462)  can0  124   [8]  F9 05 7F 0B 30 08 F5 08
 (013.662318)  can0  123   [8]  FA 00 32 43 0B D6 34 FF
 (013.662543)  can0  124   [8]  FA 05 7F 32 26 08 EC 08
 (013.672323)  can0  123   [8]  FB 00 32 43 0B 58 D1 FF
 (013.672463)  can0  124   [8]  FB 05 7F 59 0D 08 E4 08
 (013.682263)  can0  123   [8]  FC 00 32 43 0A CB C1 FF
 (013.682522)  can0  124   [8]  FC 05 7F 80 08 08 DB 08
 (013.692113)  can0  123   [8]  FD 00 33 43 0A 3E B1 FF
 (013.692292)  can0  124   [8]  FD 05 7F A6 E8 08 D2 08
 (013.702171)  can0  123   [8]  FE 00 33 43 09 C1 4E FF
 (013.702201)  can0  124   [8]  FE 05 7F CD E6 08 CA 08
 (013.711869)  can0  123   [8]  FF 00 33 43 09 34 3E FF
 (013.712505)  can0  124   [8]  FF 05 7F F4 C7 08 C1 08
 (013.721850)  can0  123   [8]  00 00 33 43 08 A7 2F FF
 (013.722098)  can0  124   [8]  00 05 80 1B C4 08 B8 08
 (013.731770)  can0  123   [8]  01 00 33 43 08 1A 20 FF
 (013.731982)  can0  124   [8]  01 05 80 42 A7 08 AF 08
 (013.741684)  can0  123   [8]  02 00 34 43 07 8D 10 FF
 (013.741841)  can0  124   [8]  02 05 80 69 A4 08 A6 08
 (013.751516)  can0  123   [8]  03 00 34 43 07 0F AD FF
 (013.751847)  can0  124   [8]  03 05 80 90 85 08 9E 08
 (013.761357)  can0  123   [8]  04 00 34 43 06 82 9D FF
 (013.761611)  can0  124   [8]  04 05 80 B7 81 08 95 08
 (013.771331)  can0  123   [8]  05 00 33 43 06 05 39 FF
 (013.771534)  can0  124   [8]  05 05 80 DE 65 08 8D 08
 (013.781178)  can0  123   [8]  06 00 33 43 05 78 2A FF
 (013.781407)  can0  124   [8]  06 05 81 05 63 08 84 08
 (013.791085)  can0  123   [8]  07 00 33 43 04 EB 1A FF
 (013.791301)  can0  124   [8]  07 05 81 2C 46 08 7B 08
 (013.801050)  can0  123   [8]  08 00 32 43 04 6D B7 FF
 (013.801280)  can0  124   [8]  08 05 81 53 49 08 73 08
 (013.810967)  can0  123   [8]  09 00 32 43 03 E0 A7 FF
 (013.811187)  can0  124   [8]  09 05 81 7A 33 08 6A 08
 (013.820960)  can0  123   [8]  0A 00 32 43 03 63 44 FF
 (013.821122)  can0  124   [8]  0A 05 81 A1 30 08 62 08
 (013.830784)  can0  123   [8]  0B 00 32 43 02 D6 35 FF
 (013.831009)  can0  124   [8]  0B 05 81 C8 10 08 59 08
 (013.840674)  can0  123   [8]  0C 00 32 43 02 58 D1 FF
 (013.840917)  can0  124   [8]  0C 05 81 EF 0E 08 51 08
 (013.850651)  can0  123   [8]  0D 00 32 43 01 CB C1 FF
 (013.850943)  can0  124   [8]  0D 05 82 15 F4 08 48 08
 (013.860615)  can0  123   [8]  0E 00 31 43 01 4E 5E FF
 (013.860765)  can0  124   [8]  0E 05 82 3C EC 08 40 08
 (013.870381)  can0  123   [8]  0F 00 31 43 00 C1 4E FF
 (013.870646)  can0  124   [8]  0F 05 82 63 D2 08 37 08
 (013.880370)  can0  123   [8]  10 00 31 43 00 43 EB FF
 (013.880621)  can0  124   [8]  10 05 82 8A D2 08 2F 08
 (013.890260)  can0  123   [8]  11 00 31 42 FF 6D B7 FF
 (013.890432)  can0  124   [8]  11 05 82 B1 B4 08 26 08
 (013.900279)  can0  123   [8]  12 00 30 42 FE 72 F0 FF
 (013.900459)  can0  124   [8]  12 05 82 D8 B2 08 1E 08
 (013.910071)  can0  123   [8]  13 00 30 42 FD 58 D1 FF
 (013.910382)  can0  124   [8]  13 05 82 FF 91 08 15 08
 (013.920114)  can0  123   [8]  14 00 30 42 FC 5E 0B FF
 (013.920242)  can0  124   [8]  14 05 83 26 90 08 0D 08
 (013.930189)  can0  123   [8]  15 00 30 42 FB 63 45 FF
 (013.930198)  can0  124   [8]  15 05 83 4D 74 08 05 08
 (013.940021)  can0  123   [8]  16 00 2F 42 FA 49 25 FF
 (013.940162)  can0  124   [8]  16 05 83 74 6E 07 FC 08
 (013.949843)  can0  123   [8]  17 00 2F 42 F9 4E 5D FF
 (013.950015)  can0  124   [8]  17 05 83 9B 4C 07 F4 08
 (013.959764)  can0  123   [8]  18 00 2F 42 F8 53 97 FF
 (013.959911)  can0  124   [8]  18 05 83 C2 45 07 EC 08
 (013.969619)  can0  123   [8]  19 00 2F 42 F7 39 78 FF
 (013.969991)  can0  124   [8]  19 05 83 E9 25 07 E3 08
 (013.979556)  can0  123   [8]  1A 00 2F 42 F6 3E B2 FF
 (013.979691)  can0  124   [8]  1A 05 84 10 1A 07 DB 08
 (013.989419)  can0  123   [8]  1B 00 2F 42 F5 43 EC FF
 (013.989653)  can0  124   [8]  1B 05 84 36 FC 07 D3 08
 (013.999376)  can0  123   [8]  1C 00 2F 42 F4 29 CC FF
 (013.999695)  can0  124   [8]  1C 05 84 5D F6 07 CA 08
 (014.009199)  can0  123   [8]  1D 00 2E 42 F3 2F 06 FF
 (014.009383)  can0  124   [8]  1D 05 84 84 D4 07 C2 08
 (014.019135)  can0  123   [8]  1E 00 2E 42 F2 34 3E FF
 (014.019294)  can0  124   [8]  1E 05 84 AB D0 07 BA 08
 (014.029173)  can0  123   [8]  1F 00 2E 42 F1 1A 1F FF
 (014.029389)  can0  124   [8]  1F 05 84 D2 B2 07 B1 08
 (014.038946)  can0  123   [8]  20 00 2E 42 F0 1F 59 FF
 (014.039164)  can0  124   [8]  20 05 84 F9 A2 07 A9 08
 (014.048935)  can0  123   [8]  21 00 2E 42 EF 24 92 FF
 (014.049291)  can0  124   [8]  21 05 85 20 88 07 A1 08
 (014.058812)  can0  123   [8]  22 00 2E 42 EE 29 CC FF
 (014.059084)  can0  124   [8]  22 05 85 47 82 07 99 08
 (014.068762)  can0  123   [8]  23 00 2E 42 ED 0F AD FF
 (014.068990)  can0  124   [8]  23 05 85 6E 6B 07 90 08
 (014.078626)  can0  123   [8]  24 00 2E 42 EC 14 E7 FF
 (014.078913)  can0  124   [8]  24 05 85 95 63 07 88 08
 (014.088668)  can0  123   [8]  25 00 2E 42 EB 1A 1F FF
 (014.088728)  can0  124   [8]  25 05 85 BC 43 07 80 08
 (014.098444)  can0  123   [8]  26 00 2D 42 EA 1F 59 FF
 (014.098658)  can0  124   [8]  26 05 85 E3 3F 07 78 08
 (014.108410)  can0  123   [8]  27 00 2D 42 E9 24 93 FF
 (014.108675)  can0  124   [8]  27 05 86 0A 22 07 70 08
 (014.118305)  can0  123   [8]  28 00 2D 42 E8 29 CB FF
 (014.118453)  can0  124   [8]  28 05 86 31 1A 07 68 08
 (014.128253)  can0  123   [8]  29 00 2D 42 E7 2F 05 FF
 (014.128455)  can0  124   [8]  29 05 86 57 FC 07 60 08
 (014.138070)  can0  123   [8]  2A 00 2D 42 E6 34 3F FF
 (014.138325)  can0  124   [8]  2A 05 86 7E F7 07 58 08
 (014.147954)  can0  123   [8]  2B 00 2D 42 E5 39 77 FF
 (014.148204)  can0  124   [8]  2B 05 86 A5 D8 07 50 08
 (014.158020)  can0  123   [8]  2C 00 2D 42 E4 3E B1 FF
 (014.158140)  can0  124   [8]  2C 05 86 CC D4 07 48 08
 (014.167799)  can0  123   [8]  2D 00 2D 42 E3 43 EB FF
 (014.168030)  can0  124   [8]  2D 05 86 F3 B7 07 40 08
 (014.177813)  can0  123   [8]  2E 00 2D 42 E2 49 25 FF
 (014.178000)  can0  124   [8]  2E 05 87 1A B0 07 38 08
 (014.187766)  can0  123   [8]  2F 00 2D 42 E1 2F 06 FF
 (014.187905)  can0  124   [8]  2F 05 87 41 8F 07 2F 08
 (014.197545)  can0  123   [8]  30 00 2D 42 E0 34 3F FF
 (014.197772)  can0  124   [8]  30 05 87 68 87 07 27 08
 (014.207612)  can0  123   [8]  31 00 2C 42 DF 39 78 FF
 (014.207802)  can0  124   [8]  31 05 87 8F 67 07 1F 08
 (014.217478)  can0  123   [8]  32 00 2C 42 DE 3E B2 FF
 (014.217710)  can0  124   [8]  32 05 87 B6 5B 07 17 08
 (014.227385)  can0  123   [8]  33 00 2C 42 DD 43 EC FF
 (014.227529)  can0  124   [8]  33 05 87 DD 35 07 0F 08
 (014.237226)  can0  123   [8]  34 00 2C 42 DC 49 24 FF
 (014.237437)  can0  124   [8]  34 05 88 04 2C 07 07 08
 (014.247270)  can0  123   [8]  35 00 2C 42 DB 4E 5E FF
 (014.247408)  can0  124   [8]  35 05 88 2B 08 06 FF 08
 (014.257171)  can0  123   [8]  36 00 2C 42 DA 53 98 FF
 (014.257360)  can0  124   [8]  36 05 88 51 FD 06 F7 08
 (014.267232)  can0  123   [8]  37 00 2C 42 D9 78 2A FF
 (014.267243)  can0  124   [8]  37 05 88 78 DB 06 F0 08
 (014.276992)  can0  123   [8]  38 00 2C 42 D8 7D 64 FF
 (014.277263)  can0  124   [8]  38 05 88 9F D3 06 E8 08
 (014.286900)  can0  123   [8]  39 00 2C 42 D7 82 9C FF
 (014.287043)  can0  124   [8]  39 05 88 C6 B4 06 E0 08
 (014.296875)  can0  123   [8]  3A 00 2C 42 D6 87 D6 FF
 (014.297031)  can0  124   [8]  3A 05 88 ED B1 06 D8 08
 (014.306681)  can0  123   [8]  3B 00 2C 42 D5 8D 10 FF
 (014.307040)  can0  124   [8]  3B 05 89 14 91 06 D0 08
 (014.316629)  can0  123   [8]  3C 00 2C 42 D4 92 4A FF
 (014.316794)  can0  124   [8]  3C 05 89 3B 8B 06 C8 08
 (014.326554)  can0  123   [8]  3D 00 2C 42 D3 97 82 FF
 (014.326685)  can0  124   [8]  3D 05 89 62 68 06 C0 08
 (014.336457)  can0  123   [8]  3E 00 2C 42 D2 9C BC FF
 (014.336766)  can0  124   [8]  3E 05 89 89 66 06 B8 08
 (014.346390)  can0  123   [8]  3F 00 2C 42 D1 C1 4E FF
 (014.346550)  can0  124   [8]  3F 05 89 B0 4F 06 B1 08
 (014.356542)  can0  123   [8]  40 00 2C 42 D0 C6 88 FF
 (014.356583)  can0  124   [8]  40 05 89 D7 4A 06 A9 08
 (014.366235)  can0  123   [8]  41 00 2C 42 CF CB C2 FF
 (014.366501)  can0  124   [8]  41 05 89 FE 2E 06 A1 08
 (014.376362)  can0  123   [8]  42 00 2C 42 CE D0 FA FF
 (014.376405)  can0  124   [8]  42 05 8A 25 2A 06 99 08
 (014.386098)  can0  123   [8]  43 00 2C 42 CD D6 34 FF
 (014.386196)  can0  124   [8]  43 05 8A 4C 07 06 91 08
 (014.396029)  can0  123   [8]  44 00 2C 42 CC DB 6E FF
 (014.396184)  can0  124   [8]  44 05 8A 73 01 06 89 08
 (014.406152)  can0  123   [8]  45 00 2C 42 CC 00 00 FF
 (014.406185)  can0  124   [8]  45 05 8A 99 DD 06 82 08
 (014.415760)  can0  123   [8]  46 00 2B 42 CB 05 3A FF
 (014.416008)  can0  124   [8]  46 05 8A C0 D5 06 7A 08
 (014.425933)  can0  123   [8]  47 00 2B 42 CA 0A 72 FF
 (014.425979)  can0  124   [8]  47 05 8A E7 B4 06 72 08
 (014.435582)  can0  123   [8]  48 00 2B 42 C9 0F AC FF
 (014.435967)  can0  124   [8]  48 05 8B 0E AF 06 6A 08
 (014.445500)  can0  123   [8]  49 00 2B 42 C8 14 E6 FF
 (014.445734)  can0  124   [8]  49 05 8B 35 92 06 62 08
 (014.455387)  can0  123   [8]  4A 00 2B 42 C7 1A 20 FF
 (014.455629)  can0  124   [8]  4A 05 8B 5C 88 06 5A 08
 (014.465578)  can0  123   [8]  4B 00 2A 42 C6 1F 58 FF
 (014.465586)  can0  124   [8]  4B 05 8B 83 68 06 52 08
 (014.475278)  can0  123   [8]  4C 00 29 42 C5 43 EC FF
 (014.475403)  can0  124   [8]  4C 05 8B AA 61 06 4B 08
 (014.485591)  can0  123   [8]  4D 00 29 42 C4 49 24 FF
 (014.485620)  can0  124   [8]  4D 05 8B D1 3C 06 43 08
 (014.495126)  can0  123   [8]  4E 00 29 42 C3 4E 5E FF
 (014.495248)  can0  124   [8]  4E 05 8B F8 33 06 3B 08
 (014.505298)  can0  123   [8]  4F 00 29 42 C2 53 98 FF
 (014.505321)  can0  124   [8]  4F 05 8C 1F 18 06 33 08
 (014.515150)  can0  123   [8]  50 00 29 42 C1 78 2A FF
 (014.515161)  can0  124   [8]  50 05 8C 46 15 06 2C 08
 (014.524830)  can0  123   [8]  51 00 28 42 C0 7D 64 FF
 (014.525042)  can0  124   [8]  51 05 8C 6C F3 06 24 08
 (014.534773)  can0  123   [8]  52 00 27 42 BF 82 9C FF
 (014.535148)  can0  124   [8]  52 05 8C 93 F1 06 1C 08
 (014.544666)  can0  123   [8]  53 00 27 42 BE 87 D6 FF
 (014.544898)  can0  124   [8]  53 05 8C BA D1 06 14 08
 (014.554797)  can0  123   [8]  54 00 27 42 BD 8D 10 FF
 (014.554859)  can0  124   [8]  54 05 8C E1 CA 06 0C 08
 (014.564433)  can0  123   [8]  55 00 27 42 BC B1 A2 FF
 (014.564615)  can0  124   [8]  55 05 8D 08 A8 06 05 08
 (014.574364)  can0  123   [8]  56 00 27 42 BB B6 DC FF
 (014.574556)  can0  124   [8]  56 05 8D 2F A1 05 FD 08
 (014.584353)  can0  123   [8]  57 00 27 42 BA BC 14 FF
 (014.584441)  can0  124   [8]  57 05 8D 56 81 05 F5 08
 (014.594219)  can0  123   [8]  58 00 26 42 B9 C1 4E FF
 (014.594326)  can0  124   [8]  58 05 8D 7D 78 05 ED 08
 (014.604138)  can0  123   [8]  59 00 26 42 B8 C6 88 FF
 (014.604376)  can0  124   [8]  59 05 8D A4 55 05 E5 08
 (014.614043)  can0  123   [8]  5A 00 26 42 B7 CB C2 FF
 (014.614243)  can0  124   [8]  5A 05 8D CB 4F 05 DD 08
 (014.623908)  can0  123   [8]  5B 00 26 42 B6 F0 54 FF
 (014.624201)  can0  124   [8]  5B 05 8D F2 2E 05 D6 08
 (014.633953)  can0  123   [8]  5C 00 26 42 B5 F5 8E FF
 (014.634043)  can0  124   [8]  5C 05 8E 19 26 05 CE 08
 (014.643871)  can0  123   [8]  5D 00 26 42 B4 FA C6 FF
 (014.644161)  can0  124   [8]  5D 05 8E 40 04 05 C6 08
 (014.653899)  can0  123   [8]  5E 00 26 42 B4 00 00 FF
 (014.653979)  can0  124   [8]  5E 05 8E 66 F7 05 BE 08
 (014.663655)  can0  123   [8]  5F 00 26 42 B3 05 39 FF
 (014.663926)  can0  124   [8]  5F 05 8E 8D D6 05 B6 08
 (014.673628)  can0  123   [8]  60 00 26 42 B2 0A 73 FF
 (014.673774)  can0  124   [8]  60 05 8E B4 D0 05 AE 08
 (014.683415)  can0  123   [8]  61 00 26 42 B1 2F 05 FF
 (014.683602)  can0  124   [8]  61 05 8E DB AC 05 A7 08
 (014.693324)  can0  123   [8]  62 00 26 42 B0 34 3F FF
 (014.693486)  can0  124   [8]  62 05 8F 02 AA 05 9F 08
 (014.703197)  can0  123   [8]  63 00 26 42 AF 39 78 FF
 (014.703354)  can0  124   [8]  63 05 8F 29 87 05 97 08
 (014.713089)  can0  123   [8]  64 00 26 42 AE 5E 0B FF
 (014.713281)  can0  124   [8]  64 05 8F 50 88 05 90 08
 (014.723038)  can0  123   [8]  65 00 26 42 AD 63 44 FF
 (014.723303)  can0  124   [8]  65 05 8F 77 66 05 88 08
 (014.732969)  can0  123   [8]  66 00 26 42 AC 68 7E FF
 (014.733243)  can0  124   [8]  66 05 8F 9E 62 05 80 08
 (014.742928)  can0  123   [8]  67 00 26 42 AB 8D 10 FF
 (014.743077)  can0  124   [8]  67 05 8F C5 42 05 79 08
 (014.752826)  can0  123   [8]  68 00 26 42 AA 92 49 FF
 (014.752954)  can0  124   [8]  68 05 8F EC 3C 05 71 08
 (014.762621)  can0  123   [8]  69 00 26 42 A9 B6 DB FF
 (014.762880)  can0  124   [8]  69 05 90 13 1B 05 6A 08
 (014.772648)  can0  123   [8]  6A 00 26 42 A8 DB 6D FF
 (014.772923)  can0  124   [8]  6A 05 90 3A 16 05 63 08
 (014.782640)  can0  123   [8]  6B 00 26 42 A7 E0 A7 FF
 (014.782776)  can0  124   [8]  6B 05 90 60 F2 05 5B 08
 (014.792508)  can0  123   [8]  6C 00 26 42 A7 05 39 FF
 (014.792770)  can0  124   [8]  6C 05 90 87 ED 05 54 08
 (014.802431)  can0  123   [8]  6D 00 26 42 A6 0A 73 FF
 (014.802707)  can0  124   [8]  6D 05 90 AE CA 05 4C 08
 (014.812336)  can0  123   [8]  6E 00 26 42 A5 2F 05 FF
 (014.812610)  can0  124   [8]  6E 05 90 D5 C8 05 45 08
 (014.822318)  can0  123   [8]  6F 00 26 42 A4 53 98 FF
 (014.822432)  can0  124   [8]  6F 05 90 FC A3 05 3E 08
 (014.832353)  can0  123   [8]  70 00 26 42 A3 58 D1 FF
 (014.832382)  can0  124   [8]  70 05 91 23 99 05 36 08
 (014.842069)  can0  123   [8]  71 00 26 42 A2 7D 63 FF
 (014.842261)  can0  124   [8]  71 05 91 4A 6F 05 2F 08
 (014.852115)  can0  123   [8]  72 00 26 42 A1 A1 F5 FF
 (014.852133)  can0  124   [8]  72 05 91 71 65 05 28 08
 (014.862206)  can0  123   [8]  73 00 26 42 A0 A7 2F FF
 (014.862246)  can0  124   [8]  73 05 91 98 3E 05 20 08
 (014.871807)  can0  123   [8]  74 00 26 42 9F CB C1 FF
 (014.871996)  can0  124   [8]  74 05 91 BF 3C 05 19 08
 (014.881894)  can0  123   [8]  75 00 26 42 9E F0 54 FF
 (014.881932)  can0  124   [8]  75 05 91 E6 18 05 12 08
 (014.891670)  can0  123   [8]  76 00 26 42 9E 14 E6 FF
 (014.891853)  can0  124   [8]  76 05 92 0D 0F 05 0B 08
 (014.901681)  can0  123   [8]  77 00 26 42 9D 39 78 FF
 (014.901717)  can0  124   [8]  77 05 92 33 F1 05 04 08
 (014.911451)  can0  123   [8]  78 00 26 42 9C 5E 0A FF
 (014.911646)  can0  124   [8]  78 05 92 5A E8 04 FD 08
 (014.921474)  can0  123   [8]  79 00 26 42 9B 82 9D FF
 (014.921484)  can0  124   [8]  79 05 92 81 C3 04 F6 08
 (014.931246)  can0  123   [8]  7A 00 27 42 9A A7 2F FF
 (014.931435)  can0  124   [8]  7A 05 92 A8 B7 04 EF 08
 (014.941071)  can0  123   [8]  7B 00 27 42 99 CB C2 FF
 (014.941291)  can0  124   [8]  7B 05 92 CF 90 04 E8 08
 (014.951079)  can0  123   [8]  7C 00 27 42 98 F0 54 FF
 (014.951249)  can0  124   [8]  7C 05 92 F6 86 04 E1 08
 (014.960978)  can0  123   [8]  7D 00 27 42 98 14 E6 FF
 (014.961132)  can0  124   [8]  7D 05 93 1D 67 04 DA 08
 (014.970845)  can0  123   [8]  7E 00 27 42 97 58 D1 FF
 (014.971054)  can0  124   [8]  7E 05 93 44 5E 04 D4 08
 (014.980731)  can0  123   [8]  7F 00 27 42 96 5E 0B FF
 (014.981016)  can0  124   [8]  7F 05 93 6B 3F 04 CC 08
 (014.990650)  can0  123   [8]  80 00 27 42 95 82 9D FF
 (014.990890)  can0  124   [8]  80 05 93 92 35 04 C5 08
 (015.000633)  can0  123   [8]  81 00 27 42 94 A7 2F FF
 (015.000795)  can0  124   [8]  81 05 93 B9 16 04 BE 08
 (015.010614)  can0  123   [8]  82 00 27 42 93 EB 1A FF
 (015.010796)  can0  124   [8]  82 05 93 E0 0B 04 B8 08
 (015.020460)  can0  123   [8]  83 00 27 42 92 F0 54 FF
 (015.020690)  can0  124   [8]  83 05 94 06 EC 04 B0 08
 (015.030418)  can0  123   [8]  84 00 27 42 92 34 3F FF
 (015.030770)  can0  124   [8]  84 05 94 2D E5 04 AA 08
 (015.040284)  can0  123   [8]  85 00 27 42 91 39 78 FF
 (015.040453)  can0  124   [8]  85 05 94 54 C7 04 A2 08
 (015.050226)  can0  123   [8]  86 00 27 42 90 5E 0A FF
 (015.050355)  can0  124   [8]  86 05 94 7B C2 04 9B 08
 (015.060133)  can0  123   [8]  87 00 27 42 8F 82 9D FF
 (015.060329)  can0  124   [8]  87 05 94 A2 9F 04 94 08
 (015.070068)  can0  123   [8]  88 00 27 42 8E C6 88 FF
 (015.070226)  can0  124   [8]  88 05 94 C9 9B 04 8E 08
 (015.079953)  can0  123   [8]  89 00 27 42 8D EB 1A FF
 (015.080125)  can0  124   [8]  89 05 94 F0 82 04 87 08
 (015.089893)  can0  123   [8]  8A 00 27 42 8D 0F AC FF
 (015.089998)  can0  124   [8]  8A 05 95 17 80 04 80 08
 (015.099937)  can0  123   [8]  8B 00 27 42 8C 34 3F FF
 (015.099952)  can0  124   [8]  8B 05 95 3E 63 04 79 08
 (015.109776)  can0  123   [8]  8C 00 27 42 8B 58 D1 FF
 (015.109971)  can0  124   [8]  8C 05 95 65 60 04 72 08
 (015.119691)  can0  123   [8]  8D 00 27 42 8A 9C BC FF
 (015.119699)  can0  124   [8]  8D 05 95 8C 3E 04 6C 08
 (015.129541)  can0  123   [8]  8E 00 27 42 89 C1 4E FF
 (015.129660)  can0  124   [8]  8E 05 95 B3 37 04 65 08
 (015.139440)  can0  123   [8]  8F 00 27 42 89 05 3A FF
 (015.139576)  can0  124   [8]  8F 05 95 DA 14 04 5F 08
 (015.149359)  can0  123   [8]  90 00 27 42 88 29 CC FF
 (015.149533)  can0  124   [8]  90 05 96 01 09 04 58 08
 (015.159137)  can0  123   [8]  91 00 28 42 87 4E 5E FF
 (015.159396)  can0  124   [8]  91 05 96 27 E1 04 51 08
 (015.169094)  can0  123   [8]  92 00 28 42 86 92 49 FF
 (015.169320)  can0  124   [8]  92 05 96 4E D7 04 4B 08
 (015.179096)  can0  123   [8]  93 00 28 42 85 B6 DC FF
 (015.179288)  can0  124   [8]  93 05 96 75 AE 04 44 08
 (015.188971)  can0  123   [8]  94 00 28 42 84 DB 6E FF
 (015.189135)  can0  124   [8]  94 05 96 9C A5 04 3D 08
 (015.198849)  can0  123   [8]  95 00 28 42 84 00 00 FF
 (015.199043)  can0  124   [8]  95 05 96 C3 7C 04 36 08
 (015.208860)  can0  123   [8]  96 00 28 42 83 43 EB FF
 (015.208957)  can0  124   [8]  96 05 96 EA 72 04 30 08
 (015.218668)  can0  123   [8]  97 00 28 42 82 68 7E FF
 (015.218843)  can0  124   [8]  97 05 97 11 50 04 29 08
 (015.228623)  can0  123   [8]  98 00 28 42 81 8D 0F FF
 (015.228842)  can0  124   [8]  98 05 97 38 46 04 22 08
 (015.238519)  can0  123   [8]  99 00 28 42 80 B1 A2 FF
 (015.238685)  can0  124   [8]  99 05 97 5F 1E 04 1B 08
 (015.248401)  can0  123   [8]  9A 00 28 42 7F AC 68 FF
 (015.248627)  can0  124   [8]  9A 05 97 86 12 04 14 08
 (015.258276)  can0  123   [8]  9B 00 28 42 7D F5 8D FF
 (015.258497)  can0  124   [8]  9B 05 97 AC EC 04 0D 08
 (015.268272)  can0  123   [8]  9C 00 28 42 7C 3E B1 FF
 (015.268482)  can0  124   [8]  9C 05 97 D3 E3 04 06 08
 (015.278168)  can0  123   [8]  9D 00 28 42 7A 87 D7 FF
 (015.278367)  can0  124   [8]  9D 05 97 FA C0 03 FF 08
 (015.288137)  can0  123   [8]  9E 00 28 42 78 D0 FA FF
 (015.288257)  can0  124   [8]  9E 05 98 21 B6 03 F8 08
 (015.297981)  can0  123   [8]  9F 00 28 42 77 1A 20 FF
 (015.298170)  can0  124   [8]  9F 05 98 48 98 03 F1 08
 (015.307920)  can0  123   [8]  A0 00 28 42 75 63 44 FF
 (015.308085)  can0  124   [8]  A0 05 98 6F 90 03 EA 08
 (015.317804)  can0  123   [8]  A1 00 28 42 73 AC 69 FF
 (015.318047)  can0  124   [8]  A1 05 98 96 76 03 E3 08
 (015.327722)  can0  123   [8]  A2 00 28 42 72 34 3E FF
 (015.327905)  can0  124   [8]  A2 05 98 BD 6F 03 DD 08
 (015.337610)  can0  123   [8]  A3 00 28 42 70 7D 64 FF
 (015.337833)  can0  124   [8]  A3 05 98 E4 4F 03 D6 08
 (015.347520)  can0  123   [8]  A4 00 28 42 6E C6 87 FF
 (015.347812)  can0  124   [8]  A4 05 99 0B 4C 03 CF 08
 (015.357509)  can0  123   [8]  A5 00 28 42 6D 4E 5E FF
 (015.357630)  can0  124   [8]  A5 05 99 32 2D 03 C9 08
 (015.367377)  can0  123   [8]  A6 00 29 42 6B 97 82 FF
 (015.367630)  can0  124   [8]  A6 05 99 59 24 03 C2 08
 (015.377242)  can0  123   [8]  A7 00 29 42 69 E0 A7 FF
 (015.377505)  can0  124   [8]  A7 05 99 7F FA 03 BB 08
 (015.387266)  can0  123   [8]  A8 00 29 42 68 68 7D FF
 (015.387379)  can0  124   [8]  A8 05 99 A6 EF 03 B5 08
 (015.397130)  can0  123   [8]  A9 00 29 42 66 B1 A2 FF
 (015.397319)  can0  124   [8]  A9 05 99 CD D1 03 AE 08
 (015.407110)  can0  123   [8]  AA 00 29 42 64 FA C6 FF
 (015.407221)  can0  124   [8]  AA 05 99 F4 CC 03 A7 08
 (015.416974)  can0  123   [8]  AB 00 29 42 63 82 9D FF
 (015.417163)  can0  124   [8]  AB 05 9A 1B A9 03 A1 08
 (015.426947)  can0  123   [8]  AC 00 29 42 61 CB C1 FF
 (015.427042)  can0  124   [8]  AC 05 9A 42 A2 03 9A 08
 (015.436842)  can0  123   [8]  AD 00 29 42 60 14 E6 FF
 (015.436971)  can0  124   [8]  AD 05 9A 69 7F 03 93 08
 (015.446664)  can0  123   [8]  AE 00 29 42 5E 9C BD FF
 (015.446964)  can0  124   [8]  AE 05 9A 90 74 03 8D 08
 (015.456790)  can0  123   [8]  AF 00 29 42 5C E5 E1 FF
 (015.456804)  can0  124   [8]  AF 05 9A B7 4F 03 86 08
 (015.466579)  can0  123   [8]  B0 00 29 42 5B 2F 06 FF
 (015.466782)  can0  124   [8]  B0 05 9A DE 45 03 7F 08
 (015.476487)  can0  123   [8]  B1 00 29 42 59 78 2A FF
 (015.476595)  can0  124   [8]  B1 05 9B 05 23 03 78 08
 (015.486356)  can0  123   [8]  B2 00 29 42 57 C1 4F FF
 (015.486647)  can0  124   [8]  B2 05 9B 2C 1D 03 71 08
 (015.496315)  can0  123   [8]  B3 00 2A 42 56 0A 73 FF
 (015.496446)  can0  124   [8]  B3 05 9B 52 FE 03 6A 08
 (015.506186)  can0  123   [8]  B4 00 2A 42 54 92 4A FF
 (015.506344)  can0  124   [8]  B4 05 9B 79 F3 03 64 08
 (015.516048)  can0  123   [8]  B5 00 2A 42 52 DB 6E FF
 (015.516260)  can0  124   [8]  B5 05 9B A0 CC 03 5D 08
 (015.525997)  can0  123   [8]  B6 00 2A 42 51 24 93 FF
 (015.526183)  can0  124   [8]  B6 05 9B C7 C7 03 56 08
 (015.535911)  can0  123   [8]  B7 00 2A 42 4F AC 68 FF
 (015.536102)  can0  124   [8]  B7 05 9B EE A3 03 50 08
 (015.545868)  can0  123   [8]  B8 00 2A 42 4D F5 8E FF
 (015.546013)  can0  124   [8]  B8 05 9C 15 98 03 49 08
 (015.555743)  can0  123   [8]  B9 00 2A 42 4C 7D 63 FF
 (015.555910)  can0  124   [8]  B9 05 9C 3C 73 03 43 08
 (015.565640)  can0  123   [8]  BA 00 2A 42 4A C6 88 FF
 (015.565851)  can0  124   [8]  BA 05 9C 63 66 03 3C 08
 (015.575503)  can0  123   [8]  BB 00 2B 42 49 4E 5E FF
 (015.575743)  can0  124   [8]  BB 05 9C 8A 41 03 36 08
 (015.585526)  can0  123   [8]  BC 00 2B 42 47 D6 34 FF
 (015.585678)  can0  124   [8]  BC 05 9C B1 39 03 30 08
 (015.595372)  can0  123   [8]  BD 00 2B 42 46 5E 0A FF
 (015.595585)  can0  124   [8]  BD 05 9C D8 1B 03 2A 08
 (015.605342)  can0  123   [8]  BE 00 2B 42 44 A7 2F FF
 (015.605488)  can0  124   [8]  BE 05 9C FF 0E 03 23 08
 (015.615243)  can0  123   [8]  BF 00 2B 42 43 2F 05 FF
 (015.615435)  can0  124   [8]  BF 05 9D 25 E4 03 1D 08
 (015.625120)  can0  123   [8]  C0 00 2B 42 41 B6 DB FF
 (015.625372)  can0  124   [8]  C0 05 9D 4C E1 03 17 08
 (015.635023)  can0  123   [8]  C1 00 2B 42 40 00 01 FF
 (015.635233)  can0  124   [8]  C1 05 9D 73 B7 03 10 08
 (015.644995)  can0  123   [8]  C2 00 2B 42 3E 87 D6 FF
 (015.645159)  can0  124   [8]  C2 05 9D 9A AD 03 0A 08
 (015.655041)  can0  123   [8]  C3 00 2B 42 3D 0F AD FF
 (015.655174)  can0  124   [8]  C3 05 9D C1 88 03 04 08
 (015.664754)  can0  123   [8]  C4 00 2B 42 3B 58 D1 FF
 (015.665001)  can0  124   [8]  C4 05 9D E8 78 02 FD 08
 (015.674645)  can0  123   [8]  C5 00 2C 42 39 E0 A8 FF
 (015.674875)  can0  124   [8]  C5 05 9E 0F 55 02 F7 08
 (015.684636)  can0  123   [8]  C6 00 2C 42 38 29 CB FF
 (015.684805)  can0  124   [8]  C6 05 9E 36 4D 02 F0 08
 (015.694561)  can0  123   [8]  C7 00 2C 42 36 B1 A2 FF
 (015.694851)  can0  124   [8]  C7 05 9E 5D 2A 02 EA 08
 (015.704420)  can0  123   [8]  C8 00 2C 42 34 FA C6 FF
 (015.704934)  can0  124   [8]  C8 05 9E 84 20 02 E3 08
 (015.714294)  can0  123   [8]  C9 00 2C 42 33 82 9D FF
 (015.714518)  can0  124   [8]  C9 05 9E AA F4 02 DD 08
 (015.724252)  can0  123   [8]  CA 00 2C 42 31 CB C2 FF
 (015.724468)  can0  124   [8]  CA 05 9E D1 F3 02 D6 08
 (015.734114)  can0  123   [8]  CB 00 2C 42 30 53 98 FF
 (015.734350)  can0  124   [8]  CB 05 9E F8 D0 02 D0 08
 (015.744081)  can0  123   [8]  CC 00 2C 42 2E 9C BC FF
 (015.744313)  can0  124   [8]  CC 05 9F 1F CA 02 C9 08
 (015.753947)  can0  123   [8]  CD 00 2D 42 2D 24 92 FF
 (015.754215)  can0  124   [8]  CD 05 9F 46 A9 02 C3 08
 (015.763885)  can0  123   [8]  CE 00 2D 42 2B 6D B7 FF
 (015.764164)  can0  124   [8]  CE 05 9F 6D 9F 02 BC 08
 (015.773860)  can0  123   [8]  CF 00 2D 42 29 F5 8D FF
 (015.774015)  can0  124   [8]  CF 05 9F 94 79 02 B6 08
 (015.783707)  can0  123   [8]  D0 00 2D 42 28 7D 63 FF
 (015.783932)  can0  124   [8]  D0 05 9F BB 70 02 B0 08
 (015.793628)  can0  123   [8]  D1 00 2E 42 27 05 39 FF
 (015.793872)  can0  124   [8]  D1 05 9F E2 49 02 AA 08
 (015.803563)  can0  123   [8]  D2 00 2E 42 25 4E 5E FF
 (015.803868)  can0  124   [8]  D2 05 A0 09 3D 02 A3 08
 (015.813523)  can0  123   [8]  D3 00 2E 42 23 D6 34 FF
 (015.813684)  can0  124   [8]  D3 05 A0 30 19 02 9D 08
 (015.823537)  can0  123   [8]  D4 00 2E 42 22 5E 0B FF
 (015.823675)  can0  124   [8]  D4 05 A0 57 0D 02 97 08
 (015.833288)  can0  123   [8]  D5 00 2E 42 20 E5 E1 FF
 (015.833481)  can0  124   [8]  D5 05 A0 7D EB 02 91 08
 (015.843248)  can0  123   [8]  D6 00 2F 42 1F 6D B7 FF
 (015.843450)  can0  124   [8]  D6 05 A0 A4 E1 02 8B 08
 (015.853157)  can0  123   [8]  D7 00 2F 42 1D F5 8D FF
 (015.853326)  can0  124   [8]  D7 05 A0 CB C6 02 85 08
 (015.863047)  can0  123   [8]  D8 00 2F 42 1C 7D 63 FF
 (015.863246)  can0  124   [8]  D8 05 A0 F2 BD 02 7F 08
 (015.872962)  can0  123   [8]  D9 00 2F 42 1B 05 39 FF
 (015.873303)  can0  124   [8]  D9 05 A1 19 93 02 79 08
 (015.882871)  can0  123   [8]  DA 00 30 42 19 8D 0F FF
 (015.883073)  can0  124   [8]  DA 05 A1 40 8E 02 73 08
 (015.892753)  can0  123   [8]  DB 00 30 42 18 14 E6 FF
 (015.892986)  can0  124   [8]  DB 05 A1 67 6A 02 6D 08
 (015.902732)  can0  123   [8]  DC 00 30 42 16 9C BC FF
 (015.902934)  can0  124   [8]  DC 05 A1 8E 5E 02 67 08
 (015.912629)  can0  123   [8]  DD 00 30 42 15 24 92 FF
 (015.912836)  can0  124   [8]  DD 05 A1 B5 37 02 61 08
 (015.922554)  can0  123   [8]  DE 00 30 42 13 AC 69 FF
 (015.922774)  can0  124   [8]  DE 05 A1 DC 2E 02 5B 08
 (015.932450)  can0  123   [8]  DF 00 31 42 11 F5 8D FF
 (015.932634)  can0  124   [8]  DF 05 A2 03 0A 02 54 08
 (015.942387)  can0  123   [8]  E0 00 31 42 10 7D 63 FF
 (015.942565)  can0  124   [8]  E0 05 A2 29 FD 02 4E 08
 (015.952300)  can0  123   [8]  E1 00 31 42 0F 05 39 FF
 (015.952477)  can0  124   [8]  E1 05 A2 50 DB 02 48 08
 (015.962198)  can0  123   [8]  E2 00 32 42 0D 8D 0F FF
 (015.962433)  can0  124   [8]  E2 05 A2 77 CE 02 42 08
 (015.972092)  can0  123   [8]  E3 00 32 42 0C 14 E6 FF
 (015.972301)  can0  124   [8]  E3 05 A2 9E AA 02 3C 08
 (015.982036)  can0  123   [8]  E4 00 33 42 0A 9C BC FF
 (015.982318)  can0  124   [8]  E4 05 A2 C5 A3 02 36 08
 (015.991893)  can0  123   [8]  E5 00 33 42 09 24 92 FF
 (015.992122)  can0  124   [8]  E5 05 A2 EC 81 02 30 08
 (016.001827)  can0  123   [8]  E6 00 33 42 07 6D B7 FF
 (016.002137)  can0  124   [8]  E6 05 A3 13 73 02 29 08
 (016.011773)  can0  123   [8]  E7 00 34 42 05 F5 8D FF
 (016.011946)  can0  124   [8]  E7 05 A3 3A 50 02 23 08
 (016.021680)  can0  123   [8]  E8 00 34 42 04 BC 15 FF
 (016.021887)  can0  124   [8]  E8 05 A3 61 45 02 1E 08
 (016.031631)  can0  123   [8]  E9 00 35 42 03 43 EB FF
 (016.031846)  can0  124   [8]  E9 05 A3 88 25 02 18 08
 (016.041609)  can0  123   [8]  EA 00 35 42 01 CB C1 FF
 (016.041749)  can0  124   [8]  EA 05 A3 AF 1C 02 12 08
 (016.051378)  can0  123   [8]  EB 00 36 42 00 53 98 FF
 (016.051618)  can0  124   [8]  EB 05 A3 D5 F1 02 0C 08
 (016.061345)  can0  123   [8]  EC 00 37 41 FD B6 DC FF
 (016.061515)  can0  124   [8]  EC 05 A3 FC EB 02 06 08
 (016.071297)  can0  123   [8]  ED 00 37 41 FA C6 88 FF
 (016.071417)  can0  124   [8]  ED 05 A4 23 D2 02 00 08
 (016.081145)  can0  123   [8]  EE 00 38 41 F8 53 97 FF
 (016.081353)  can0  124   [8]  EE 05 A4 4A C7 01 FB 08
 (016.091079)  can0  123   [8]  EF 00 3A 41 F5 63 44 FF
 (016.091338)  can0  124   [8]  EF 05 A4 71 A9 01 F5 08
 (016.100997)  can0  123   [8]  F0 00 3D 41 F2 72 F0 FF
 (016.101179)  can0  124   [8]  F0 05 A4 98 A4 01 EF 08
 (016.110894)  can0  123   [8]  F1 00 40 41 F0 00 00 FF
 (016.111096)  can0  124   [8]  F1 05 A4 BF 7E 01 EA 08
 (016.120868)  can0  123   [8]  F2 00 42 41 ED 0F AD FF
 (016.121061)  can0  124   [8]  F2 05 A4 E6 72 01 E4 08
 (016.130767)  can0  123   [8]  F3 00 43 41 EA 1F 59 FF
 (016.130946)  can0  124   [8]  F3 05 A5 0D 53 01 DE 08
 (016.140623)  can0  123   [8]  F4 00 43 41 E7 2F 05 FF
 (016.140884)  can0  124   [8]  F4 05 A5 34 47 01 D8 08
 (016.150540)  can0  123   [8]  F5 00 43 41 E4 3E B1 FF
 (016.150753)  can0  124   [8]  F5 05 A5 5B 25 01 D2 08
 (016.160540)  can0  123   [8]  F6 00 43 41 E1 CB C1 FF
 (016.160694)  can0  124   [8]  F6 05 A5 82 1C 01 CD 08
 (016.170426)  can0  123   [8]  F7 00 42 41 DE DB 6E FF
 (016.170625)  can0  124   [8]  F7 05 A5 A8 FC 01 C7 08
 (016.180335)  can0  123   [8]  F8 00 42 41 DB EB 1A FF
 (016.180622)  can0  124   [8]  F8 05 A5 CF EF 01 C1 08
 (016.190250)  can0  123   [8]  F9 00 42 41 D9 78 2A FF
 (016.190387)  can0  124   [8]  F9 05 A5 F6 CB 01 BC 08
 (016.200113)  can0  123   [8]  FA 00 42 41 D6 87 D6 FF
 (016.200338)  can0  124   [8]  FA 05 A6 1D BB 01 B6 08
 (016.210078)  can0  123   [8]  FB 00 42 41 D3 97 82 FF
 (016.210332)  can0  124   [8]  FB 05 A6 44 95 01 B0 08
 (016.220004)  can0  123   [8]  FC 00 42 41 D0 A7 2E FF
 (016.220121)  can0  124   [8]  FC 05 A6 6B 89 01 AA 08
 (016.229809)  can0  123   [8]  FD 00 42 41 CD B6 DC FF
 (016.230051)  can0  124   [8]  FD 05 A6 92 63 01 A4 08
 (016.239859)  can0  123   [8]  FE 00 41 41 CA C6 88 FF
 (016.239963)  can0  124   [8]  FE 05 A6 B9 5A 01 9E 08
 (016.249692)  can0  123   [8]  FF 00 42 41 C7 D6 34 FF
 (016.249881)  can0  124   [8]  FF 05 A6 E0 3A 01 98 08
 (016.259630)  can0  123   [8]  00 00 41 41 C5 63 44 FF
 (016.259795)  can0  124   [8]  00 05 A7 07 32 01 93 08
 (016.269500)  can0  123   [8]  01 00 41 41 C2 F0 53 FF
 (016.269725)  can0  124   [8]  01 05 A7 2E 0C 01 8E 08
 (016.279435)  can0  123   [8]  02 00 41 41 C0 00 01 FF
 (016.279661)  can0  124   [8]  02 05 A7 54 FF 01 88 08
 (016.289318)  can0  123   [8]  03 00 41 41 BD 0F AD FF
 (016.289550)  can0  124   [8]  03 05 A7 7B E6 01 82 08
 (016.299373)  can0  123   [8]  04 00 41 41 BA 9C BC FF
 (016.299500)  can0  124   [8]  04 05 A7 A2 DE 01 7D 08
 (016.309267)  can0  123   [8]  05 00 41 41 B8 29 CB FF
 (016.309468)  can0  124   [8]  05 05 A7 C9 B4 01 78 08
 (016.319183)  can0  123   [8]  06 00 41 41 B5 39 78 FF
 (016.319351)  can0  124   [8]  06 05 A7 F0 AD 01 72 08
 (016.329000)  can0  123   [8]  07 00 40 41 B2 C6 88 FF
 (016.329195)  can0  124   [8]  07 05 A8 17 8D 01 6D 08
 (016.338913)  can0  123   [8]  08 00 40 41 B0 53 98 FF
 (016.339172)  can0  124   [8]  08 05 A8 3E 89 01 68 08
 (016.348832)  can0  123   [8]  09 00 40 41 AD 63 44 FF
 (016.349072)  can0  124   [8]  09 05 A8 65 6A 01 62 08
 (016.358803)  can0  123   [8]  0A 00 40 41 AA F0 54 FF
 (016.359060)  can0  124   [8]  0A 05 A8 8C 65 01 5D 08
 (016.368661)  can0  123   [8]  0B 00 40 41 A8 7D 63 FF
 (016.368848)  can0  124   [8]  0B 05 A8 B3 43 01 58 08
 (016.378576)  can0  123   [8]  0C 00 40 41 A6 0A 73 FF
 (016.378790)  can0  124   [8]  0C 05 A8 DA 43 01 53 08
 (016.388447)  can0  123   [8]  0D 00 40 41 A3 1A 1F FF
 (016.388689)  can0  124   [8]  0D 05 A9 01 20 01 4D 08
 (016.398417)  can0  123   [8]  0E 00 40 41 A0 A7 2F FF
 (016.398680)  can0  124   [8]  0E 05 A9 28 17 01 48 08
 (016.408344)  can0  123   [8]  0F 00 40 41 9D B6 DC FF
 (016.408523)  can0  124   [8]  0F 05 A9 4E FC 01 42 08
 (016.418587)  can0  123   [8]  10 00 40 41 9B 43 EB FF
 (016.418612)  can0  124   [8]  10 05 A9 75 EE 01 3D 08
 (016.428113)  can0  123   [8]  11 00 40 41 98 D0 FB FF
 (016.428315)  can0  124   [8]  11 05 A9 9C CB 01 38 08
 (016.438089)  can0  123   [8]  12 00 40 41 96 5E 0B FF
 (016.438247)  can0  124   [8]  12 05 A9 C3 C7 01 33 08
 (016.448013)  can0  123   [8]  13 00 40 41 93 EB 1A FF
 (016.448190)  can0  124   [8]  13 05 A9 EA 9F 01 2E 08
 (016.457963)  can0  123   [8]  14 00 40 41 91 78 2A FF
 (016.458140)  can0  124   [8]  14 05 AA 11 95 01 29 08
 (016.467754)  can0  123   [8]  15 00 3F 41 8F 05 39 FF
 (016.467981)  can0  124   [8]  15 05 AA 38 75 01 24 08
 (016.477845)  can0  123   [8]  16 00 3F 41 8C 14 E6 FF
 (016.477899)  can0  124   [8]  16 05 AA 5F 6B 01 1E 08
 (016.487647)  can0  123   [8]  17 00 3F 41 89 A1 F6 FF
 (016.487888)  can0  124   [8]  17 05 AA 86 47 01 19 08
 (016.497549)  can0  123   [8]  18 00 3F 41 87 2F 06 FF
 (016.497800)  can0  124   [8]  18 05 AA AD 3E 01 14 08
 (016.507481)  can0  123   [8]  19 00 3F 41 84 3E B2 FF
 (016.507742)  can0  124   [8]  19 05 AA D4 1B 01 0E 08
 (016.517379)  can0  123   [8]  1A 00 3F 41 82 49 25 FF
 (016.517625)  can0  124   [8]  1A 05 AA FB 12 01 0A 08
 (016.527346)  can0  123   [8]  1B 00 3F 41 7E B1 A2 FF
 (016.527501)  can0  124   [8]  1B 05 AB 21 F1 01 04 08
 (016.537235)  can0  123   [8]  1C 00 3F 41 79 CB C2 FF
 (016.537464)  can0  124   [8]  1C 05 AB 48 E3 00 FF 08
 (016.547160)  can0  123   [8]  1D 00 3F 41 74 E5 E0 FF
 (016.547315)  can0  124   [8]  1D 05 AB 6F C1 00 FA 08
 (016.557116)  can0  123   [8]  1E 00 3F 41 70 00 00 FF
 (016.557363)  can0  124   [8]  1E 05 AB 96 B8 00 F5 08
 (016.567009)  can0  123   [8]  1F 00 3F 41 6B 1A 1F FF
 (016.567249)  can0  124   [8]  1F 05 AB BD 9F 00 F0 08
 (016.576973)  can0  123   [8]  20 00 3F 41 66 34 3F FF
 (016.577158)  can0  124   [8]  20 05 AB E4 97 00 EB 08
 (016.586850)  can0  123   [8]  21 00 3F 41 61 4E 5E FF
 (016.587077)  can0  124   [8]  21 05 AC 0B 76 00 E6 08
 (016.596862)  can0  123   [8]  22 00 3F 41 5C 68 7E FF
 (016.596980)  can0  124   [8]  22 05 AC 32 70 00 E1 08
 (016.606678)  can0  123   [8]  23 00 3F 41 58 7D 64 FF
 (016.606834)  can0  124   [8]  23 05 AC 59 51 00 DD 08
 (016.616567)  can0  123   [8]  24 00 3F 41 53 97 82 FF
 (016.616810)  can0  124   [8]  24 05 AC 80 4B 00 D8 08
 (016.626491)  can0  123   [8]  25 00 3F 41 4E B1 A2 FF
 (016.626715)  can0  124   [8]  25 05 AC A7 26 00 D3 08
 (016.636380)  can0  123   [8]  26 00 3F 41 49 CB C1 FF
 (016.636592)  can0  124   [8]  26 05 AC CE 24 00 CE 08
 (016.646209)  can0  123   [8]  27 00 3F 41 45 E0 A7 FF
 (016.646457)  can0  124   [8]  27 05 AC F5 01 00 CA 08
 (016.656261)  can0  123   [8]  28 00 3F 41 40 00 01 FF
 (016.656371)  can0  124   [8]  28 05 AD 1B F8 00 C4 08
 (016.666088)  can0  123   [8]  29 00 3E 41 3B 1A 1F FF
 (016.666275)  can0  124   [8]  29 05 AD 42 D8 00 BF 08
 (016.676074)  can0  123   [8]  2A 00 3E 41 36 34 3F FF
 (016.676435)  can0  124   [8]  2A 05 AD 69 CC 00 BA 08
 (016.685832)  can0  123   [8]  2B 00 3E 41 32 49 25 FF
 (016.686069)  can0  124   [8]  2B 05 AD 90 AC 00 B6 08
 (016.695889)  can0  123   [8]  2C 00 3E 41 2D 63 44 FF
 (016.695975)  can0  124   [8]  2C 05 AD B7 A1 00 B1 08
 (016.705720)  can0  123   [8]  2D 00 3E 41 28 7D 63 FF
 (016.705912)  can0  124   [8]  2D 05 AD DE 80 00 AC 08
 (016.715592)  can0  123   [8]  2E 00 3E 41 24 92 49 FF
 (016.715835)  can0  124   [8]  2E 05 AE 05 78 00 A8 08
 (016.725552)  can0  123   [8]  2F 00 3E 41 1F AC 68 FF
 (016.725755)  can0  124   [8]  2F 05 AE 2C 59 00 A3 08
 (016.735447)  can0  123   [8]  30 00 3D 41 1C BC 15 FF
 (016.735706)  can0  124   [8]  30 05 AE 53 51 00 A0 08
 (016.745379)  can0  123   [8]  31 00 3C 41 1C BC 15 FF
 (016.745547)  can0  124   [8]  31 05 AE 7A 2F 00 A0 08
 (016.755368)  can0  123   [8]  32 00 3C 41 1C BC 15 FF
 (016.755502)  can0  124   [8]  32 05 AE A1 2A 00 A0 08
 (016.765264)  can0  123   [8]  33 00 3C 41 1C BC 15 FF
 (016.765577)  can0  124   [8]  33 05 AE C8 0F 00 A0 08
 (016.775190)  can0  123   [8]  34 00 3C 41 1C BC 15 FF
 (016.775381)  can0  124   [8]  34 05 AE EF 07 00 A0 08
 (016.785103)  can0  123   [8]  35 00 3C 41 1D B6 DC FF
 (016.785394)  can0  124   [8]  35 05 AF 15 E7 00 A1 08
 (016.795250)  can0  123   [8]  36 00 3D 41 1F AC 68 FF
 (016.795283)  can0  124   [8]  36 05 AF 3C E4 00 A3 08
 (016.804860)  can0  123   [8]  37 00 3D 41 22 9C BC FF
 (016.805174)  can0  124   [8]  37 05 AF 63 C6 00 A6 08
 (016.815050)  can0  123   [8]  38 00 3D 41 25 8D 0F FF
 (016.815081)  can0  124   [8]  38 05 AF 8A BC 00 A9 08
 (016.824778)  can0  123   [8]  39 00 3D 41 28 7D 63 FF
 (016.824982)  can0  124   [8]  39 05 AF B1 9B 00 AC 08
 (016.834671)  can0  123   [8]  3A 00 3D 41 2C 68 7E FF
 (016.834994)  can0  124   [8]  3A 05 AF D8 94 00 B0 08
 (016.844707)  can0  123   [8]  3B 00 3D 41 30 53 98 FF
 (016.844895)  can0  124   [8]  3B 05 AF FF 74 00 B4 08
 (016.854672)  can0  123   [8]  3C 00 3D 41 34 3E B2 FF
 (016.855167)  can0  124   [8]  3C 05 B0 26 79 00 B8 08
 (016.864586)  can0  123   [8]  3D 00 3D 41 38 29 CB FF
 (016.864606)  can0  124   [8]  3D 05 B0 4D 58 00 BC 08
 (016.874354)  can0  123   [8]  3E 00 3D 41 3C 14 E5 FF
 (016.874571)  can0  124   [8]  3E 05 B0 74 50 00 C0 08
 (016.884268)  can0  123   [8]  3F 00 3D 41 40 00 01 FF
 (016.884466)  can0  124   [8]  3F 05 B0 9B 32 00 C4 08
 (016.894338)  can0  123   [8]  40 00 3D 41 44 E5 E1 FF
 (016.894376)  can0  124   [8]  40 05 B0 C2 2A 00 C9 08
 (016.904177)  can0  123   [8]  41 00 3D 41 49 CB C1 FF
 (016.904283)  can0  124   [8]  41 05 B0 E9 08 00 CE 08
 (016.913962)  can0  123   [8]  42 00 3D 41 4D B6 DC FF
 (016.914270)  can0  124   [8]  42 05 B1 0F FD 00 D2 08
 (016.923979)  can0  123   [8]  43 00 3D 41 51 A1 F6 FF
 (016.924139)  can0  124   [8]  43 05 B1 36 D4 00 D6 08
 (016.933982)  can0  123   [8]  44 00 3D 41 56 87 D6 FF
 (016.934168)  can0  124   [8]  44 05 B1 5D C0 00 DB 08
 (016.943710)  can0  123   [8]  45 00 3D 41 5A 72 F0 FF
 (016.943935)  can0  124   [8]  45 05 B1 84 99 00 DF 08
 (016.953626)  can0  123   [8]  46 00 3D 41 5F 58 D1 FF
 (016.953817)  can0  124   [8]  46 05 B1 AB 8F 00 E4 08
 (016.963561)  can0  123   [8]  47 00 3D 41 64 3E B1 FF
 (016.963835)  can0  124   [8]  47 05 B1 D2 70 00 E9 08
 (016.973468)  can0  123   [8]  48 00 3D 41 69 24 93 FF
 (016.973876)  can0  124   [8]  48 05 B1 F9 66 00 EE 08
 (016.983443)  can0  123   [8]  49 00 3D 41 6D 0F AD FF
 (016.983564)  can0  124   [8]  49 05 B2 20 41 00 F2 08
 (016.993332)  can0  123   [8]  4A 00 3D 41 71 F5 8D FF
 (016.993464)  can0  124   [8]  4A 05 B2 47 34 00 F7 08
 (017.003498)  can0  123   [8]  4B 00 3D 41 76 DB 6E FF
 (017.003518)  can0  124   [8]  4B 05 B2 6E 08 00 FC 08
 (017.013244)  can0  123   [8]  4C 00 3D 41 7B C1 4E FF
 (017.013399)  can0  124   [8]  4C 05 B2 94 FC 01 01 08
 (017.023225)  can0  123   [8]  4D 00 3D 41 80 53 98 FF
 (017.023362)  can0  124   [8]  4D 05 B2 BB D8 01 06 08
 (017.032989)  can0  123   [8]  4E 00 3D 41 82 C6 88 FF
 (017.033146)  can0  124   [8]  4E 05 B2 E2 CD 01 0B 08
 (017.042869)  can0  123   [8]  4F 00 3E 41 85 39 78 FF
 (017.043033)  can0  124   [8]  4F 05 B3 09 A8 01 10 08
 (017.052833)  can0  123   [8]  50 00 3E 41 87 AC 69 FF
 (017.052980)  can0  124   [8]  50 05 B3 30 A0 01 15 08
 (017.062647)  can0  123   [8]  51 00 3E 41 8A 1F 59 FF
 (017.062829)  can0  124   [8]  51 05 B3 57 79 01 1A 08
 (017.072559)  can0  123   [8]  52 00 3E 41 8C 92 49 FF
 (017.072773)  can0  124   [8]  52 05 B3 7E 6E 01 1F 08
 (017.082450)  can0  123   [8]  53 00 3E 41 8F 82 9D FF
 (017.082681)  can0  124   [8]  53 05 B3 A5 4D 01 25 08
 (017.092398)  can0  123   [8]  54 00 3E 41 91 F5 8D FF
 (017.092556)  can0  124   [8]  54 05 B3 CC 42 01 2A 08
 (017.102247)  can0  123   [8]  55 00 3E 41 94 68 7D FF
 (017.102506)  can0  124   [8]  55 05 B3 F3 1A 01 2F 08
 (017.112285)  can0  123   [8]  56 00 3E 41 96 DB 6E FF
 (017.112398)  can0  124   [8]  56 05 B4 1A 08 01 34 08
 (017.122086)  can0  123   [8]  57 00 3E 41 99 CB C2 FF
 (017.122279)  can0  124   [8]  57 05 B4 40 E0 01 3A 08
 (017.132079)  can0  123   [8]  58 00 3E 41 9C 3E B2 FF
 (017.132252)  can0  124   [8]  58 05 B4 67 D4 01 3F 08
 (017.141898)  can0  123   [8]  59 00 3E 41 9E B1 A2 FF
 (017.142135)  can0  124   [8]  59 05 B4 8E AB 01 44 08
 (017.151888)  can0  123   [8]  5A 00 3E 41 A1 A1 F5 FF
 (017.152082)  can0  124   [8]  5A 05 B4 B5 9C 01 4A 08
 (017.161792)  can0  123   [8]  5B 00 3E 41 A4 92 49 FF
 (017.161975)  can0  124   [8]  5B 05 B4 DC 75 01 50 08
 (017.171727)  can0  123   [8]  5C 00 3F 41 A7 05 39 FF
 (017.171891)  can0  124   [8]  5C 05 B5 03 69 01 55 08
 (017.181577)  can0  123   [8]  5D 00 3F 41 A9 F5 8D FF
 (017.181793)  can0  124   [8]  5D 05 B5 2A 40 01 5B 08
 (017.191520)  can0  123   [8]  5E 00 3F 41 AC E5 E1 FF
 (017.191684)  can0  124   [8]  5E 05 B5 51 2C 01 61 08
 (017.201768)  can0  123   [8]  5F 00 3F 41 AF D6 35 FF
 (017.201784)  can0  124   [8]  5F 05 B5 78 07 01 67 08
 (017.211286)  can0  123   [8]  60 00 3F 41 B2 49 25 FF
 (017.211506)  can0  124   [8]  60 05 B5 9E FE 01 6C 08
 (017.221208)  can0  123   [8]  61 00 3F 41 B5 39 78 FF
 (017.221424)  can0  124   [8]  61 05 B5 C5 DE 01 72 08
 (017.231231)  can0  123   [8]  62 00 3F 41 B8 A7 2E FF
 (017.231381)  can0  124   [8]  62 05 B5 EC D8 01 79 08
 (017.241208)  can0  123   [8]  63 00 3F 41 BB 1A 1F FF
 (017.241301)  can0  124   [8]  63 05 B6 13 B7 01 7E 08
 (017.251033)  can0  123   [8]  64 00 40 41 BE 87 D6 FF
 (017.251546)  can0  124   [8]  64 05 B6 3A AA 01 85 08
 (017.261017)  can0  123   [8]  65 00 40 41 C1 78 2A FF
 (017.261112)  can0  124   [8]  65 05 B6 61 8C 01 8B 08
 (017.270873)  can0  123   [8]  66 00 40 41 C4 68 7E FF
 (017.271037)  can0  124   [8]  66 05 B6 88 85 01 91 08
 (017.280759)  can0  123   [8]  67 00 40 41 C7 58 D1 FF
 (017.280976)  can0  124   [8]  67 05 B6 AF 62 01 97 08
 (017.290622)  can0  123   [8]  68 00 40 41 CA C6 88 FF
 (017.290861)  can0  124   [8]  68 05 B6 D6 53 01 9E 08
 (017.300606)  can0  123   [8]  69 00 40 41 CD B6 DC FF
 (017.300831)  can0  124   [8]  69 05 B6 FD 39 01 A4 08
 (017.310479)  can0  123   [8]  6A 00 40 41 D0 A7 2E FF
 (017.310733)  can0  124   [8]  6A 05 B7 24 31 01 AA 08
 (017.320377)  can0  123   [8]  6B 00 40 41 D4 14 E5 FF
 (017.320623)  can0  124   [8]  6B 05 B7 4B 13 01 B1 08
 (017.330300)  can0  123   [8]  6C 00 40 41 D7 05 39 FF
 (017.330559)  can0  124   [8]  6C 05 B7 72 08 01 B7 08
 (017.340204)  can0  123   [8]  6D 00 41 41 DA 72 F0 FF
 (017.340385)  can0  124   [8]  6D 05 B7 98 E3 01 BE 08
 (017.350172)  can0  123   [8]  6E 00 41 41 DD 63 44 FF
 (017.350386)  can0  124   [8]  6E 05 B7 BF E3 01 C4 08
 (017.360805)  can0  123   [8]  6F 00 41 41 E0 D0 FA FF
 (017.360821)  can0  124   [8]  6F 05 B7 E6 BB 01 CB 08
 (017.369955)  can0  123   [8]  70 00 41 41 E3 C1 4E FF
 (017.370243)  can0  124   [8]  70 05 B8 0D AC 01 D1 08
 (017.379863)  can0  123   [8]  71 00 41 41 E7 2F 05 FF
 (017.380058)  can0  124   [8]  71 05 B8 34 8C 01 D8 08
 (017.389904)  can0  123   [8]  72 00 41 41 EA 9C BC FF
 (017.389977)  can0  124   [8]  72 05 B8 5B 89 01 DF 08
 (017.399680)  can0  123   [8]  73 00 42 41 EE 0A 73 FF
 (017.400054)  can0  124   [8]  73 05 B8 82 66 01 E6 08
 (017.409678)  can0  123   [8]  74 00 41 41 F0 FA C7 FF
 (017.410065)  can0  124   [8]  74 05 B8 A9 62 01 EC 08
 (017.419628)  can0  123   [8]  75 00 40 41 F4 68 7D FF
 (017.419727)  can0  124   [8]  75 05 B8 D0 48 01 F3 08
 (017.429492)  can0  123   [8]  76 00 3D 41 F7 D6 34 FF
 (017.429787)  can0  124   [8]  76 05 B8 F7 44 01 FA 08
 (017.439453)  can0  123   [8]  77 00 38 41 FB 43 EB FF
 (017.439712)  can0  124   [8]  77 05 B9 1E 1F 02 01 08
 (017.449322)  can0  123   [8]  78 00 37 41 FE B1 A2 FF
 (017.449749)  can0  124   [8]  78 05 B9 45 1A 02 08 08
 (017.459467)  can0  123   [8]  79 00 36 42 01 0F AC FF
 (017.459503)  can0  124   [8]  79 05 B9 6B F4 02 0F 08
 (017.469246)  can0  123   [8]  7A 00 35 42 02 C6 88 FF
 (017.469399)  can0  124   [8]  7A 05 B9 92 F0 02 16 08
 (017.479197)  can0  123   [8]  7B 00 34 42 04 BC 15 FF
 (017.479755)  can0  124   [8]  7B 05 B9 B9 CC 02 1E 08
 (017.489004)  can0  123   [8]  7C 00 33 42 06 72 F0 FF
 (017.489227)  can0  124   [8]  7C 05 B9 E0 BB 02 25 08
 (017.498878)  can0  123   [8]  7D 00 33 42 08 29 CC FF
 (017.499213)  can0  124   [8]  7D 05 BA 07 9E 02 2C 08
 (017.508968)  can0  123   [8]  7E 00 32 42 0A 1F 59 FF
 (017.509114)  can0  124   [8]  7E 05 BA 2E 91 02 34 08
 (017.518793)  can0  123   [8]  7F 00 32 42 0B D6 34 FF
 (017.520692)  can0  124   [8]  7F 05 BA 55 71 02 3B 08
 (017.528634)  can0  123   [8]  80 00 31 42 0D 8D 0F FF
 (017.528879)  can0  124   [8]  80 05 BA 7C 65 02 42 08
 (017.538628)  can0  123   [8]  81 00 31 42 0F 82 9D FF
 (017.538829)  can0  124   [8]  81 05 BA A3 4B 02 4A 08
 (017.548779)  can0  123   [8]  82 00 30 42 11 39 78 FF
 (017.548797)  can0  124   [8]  82 05 BA CA 46 02 51 08
 (017.558356)  can0  123   [8]  83 00 30 42 13 2F 05 FF
 (017.558693)  can0  124   [8]  83 05 BA F1 1D 02 59 08
 (017.568338)  can0  123   [8]  84 00 30 42 14 E5 E1 FF
 (017.568549)  can0  124   [8]  84 05 BB 18 18 02 60 08
 (017.578227)  can0  123   [8]  85 00 30 42 16 DB 6E FF
 (017.578483)  can0  124   [8]  85 05 BB 3E F8 02 68 08
 (017.588187)  can0  123   [8]  86 00 2F 42 18 D0 FB FF
 (017.588255)  can0  124   [8]  86 05 BB 65 EE 02 70 08
 (017.597934)  can0  123   [8]  87 00 2F 42 1A C6 88 FF
 (017.598255)  can0  124   [8]  87 05 BB 8C CF 02 78 08
 (017.607898)  can0  123   [8]  88 00 2E 42 1C 7D 63 FF
 (017.608282)  can0  124   [8]  88 05 BB B3 C3 02 7F 08
 (017.617753)  can0  123   [8]  89 00 2E 42 1E 72 F0 FF
 (017.617982)  can0  124   [8]  89 05 BB DA 9B 02 87 08
 (017.627722)  can0  123   [8]  8A 00 2E 42 20 68 7D FF
 (017.627900)  can0  124   [8]  8A 05 BC 01 90 02 8F 08
 (017.637585)  can0  123   [8]  8B 00 2E 42 22 5E 0B FF
 (017.637827)  can0  124   [8]  8B 05 BC 28 6B 02 97 08
 (017.647506)  can0  123   [8]  8C 00 2D 42 24 53 98 FF
 (017.647754)  can0  124   [8]  8C 05 BC 4F 5D 02 9F 08
 (017.657536)  can0  123   [8]  8D 00 2D 42 26 49 25 FF
 (017.657653)  can0  124   [8]  8D 05 BC 76 3C 02 A7 08
 (017.667393)  can0  123   [8]  8E 00 2C 42 28 3E B2 FF
 (017.667561)  can0  124   [8]  8E 05 BC 9D 32 02 AF 08
 (017.677347)  can0  123   [8]  8F 00 2C 42 2A 34 3F FF
 (017.677471)  can0  124   [8]  8F 05 BC C4 0B 02 B7 08
 (017.687173)  can0  123   [8]  90 00 2C 42 2C 68 7E FF
 (017.687394)  can0  124   [8]  90 05 BC EA FE 02 C0 08
 (017.697072)  can0  123   [8]  91 00 2C 42 2E 5E 0B FF
 (017.697364)  can0  124   [8]  91 05 BD 11 E0 02 C8 08
 (017.707099)  can0  123   [8]  92 00 2C 42 30 53 98 FF
 (017.707199)  can0  124   [8]  92 05 BD 38 D6 02 D0 08
 (017.716979)  can0  123   [8]  93 00 2C 42 32 49 25 FF
 (017.717125)  can0  124   [8]  93 05 BD 5F B2 02 D8 08
 (017.726846)  can0  123   [8]  94 00 2B 42 34 7D 63 FF
 (017.727039)  can0  124   [8]  94 05 BD 86 A8 02 E1 08
 (017.736858)  can0  123   [8]  95 00 2B 42 36 72 F1 FF
 (017.736906)  can0  124   [8]  95 05 BD AD 87 02 E9 08
 (017.746675)  can0  123   [8]  96 00 2B 42 38 A7 2E FF
 (017.746871)  can0  124   [8]  96 05 BD D4 76 02 F2 08
 (017.756607)  can0  123   [8]  97 00 2B 42 3A 9C BC FF
 (017.756773)  can0  124   [8]  97 05 BD FB 53 02 FA 08
 (017.766552)  can0  123   [8]  98 00 2B 42 3C D0 FB FF
 (017.766729)  can0  124   [8]  98 05 BE 22 42 03 03 08
 (017.776441)  can0  123   [8]  99 00 2B 42 3F 05 39 FF
 (017.776650)  can0  124   [8]  99 05 BE 49 1D 03 0C 08
 (017.786362)  can0  123   [8]  9A 00 2B 42 40 FA C7 FF
 (017.786622)  can0  124   [8]  9A 05 BE 70 11 03 14 08
 (017.796296)  can0  123   [8]  9B 00 2A 42 43 2F 05 FF
 (017.796571)  can0  124   [8]  9B 05 BE 96 EC 03 1D 08
 (017.806163)  can0  123   [8]  9C 00 2A 42 45 63 44 FF
 (017.806388)  can0  124   [8]  9C 05 BE BD E0 03 26 08
 (017.816126)  can0  123   [8]  9D 00 2A 42 47 58 D1 FF
 (017.816325)  can0  124   [8]  9D 05 BE E4 BC 03 2E 08
 (017.826072)  can0  123   [8]  9E 00 2A 42 49 CB C1 FF
 (017.826284)  can0  124   [8]  9E 05 BF 0B B6 03 38 08
 (017.835980)  can0  123   [8]  9F 00 2A 42 4B C1 4E FF
 (017.836163)  can0  124   [8]  9F 05 BF 32 8F 03 40 08
 (017.846087)  can0  123   [8]  A0 00 2A 42 4D F5 8E FF
 (017.846107)  can0  124   [8]  A0 05 BF 59 87 03 49 08
 (017.855840)  can0  123   [8]  A1 00 2A 42 50 29 CB FF
 (017.856235)  can0  124   [8]  A1 05 BF 80 6A 03 52 08
 (017.865726)  can0  123   [8]  A2 00 2A 42 52 5E 0B FF
 (017.865874)  can0  124   [8]  A2 05 BF A7 61 03 5B 08
 (017.875591)  can0  123   [8]  A3 00 29 42 54 92 4A FF
 (017.875804)  can0  124   [8]  A3 05 BF CE 3B 03 64 08
 (017.885885)  can0  123   [8]  A4 00 29 42 57 05 39 FF
 (017.885904)  can0  124   [8]  A4 05 BF F5 30 03 6E 08
 (017.895676)  can0  123   [8]  A5 00 29 42 59 39 78 FF
 (017.895695)  can0  124   [8]  A5 05 C0 1C 0C 03 77 08
 (017.905437)  can0  123   [8]  A6 00 29 42 5B 6D B7 FF
 (017.905694)  can0  124   [8]  A6 05 C0 42 FF 03 80 08
 (017.915302)  can0  123   [8]  A7 00 29 42 5D E0 A7 FF
 (017.915711)  can0  124   [8]  A7 05 C0 69 DD 03 8A 08
 (017.925171)  can0  123   [8]  A8 00 29 42 60 14 E6 FF
 (017.925699)  can0  124   [8]  A8 05 C0 90 D2 03 93 08
 (017.935381)  can0  123   [8]  A9 00 29 42 62 49 25 FF
 (017.935397)  can0  124   [8]  A9 05 C0 B7 B6 03 9C 08
 (017.945028)  can0  123   [8]  AA 00 29 42 64 BC 14 FF
 (017.945209)  can0  124   [8]  AA 05 C0 DE AF 03 A6 08
 (017.955173)  can0  123   [8]  AB 00 29 42 66 F0 54 FF
 (017.955186)  can0  124   [8]  AB 05 C1 05 90 03 AF 08
 (017.965200)  can0  123   [8]  AC 00 28 42 69 63 44 FF
 (017.965227)  can0  124   [8]  AC 05 C1 2C 88 03 B9 08
 (017.974740)  can0  123   [8]  AD 00 28 42 6B 97 82 FF
 (017.974992)  can0  124   [8]  AD 05 C1 53 62 03 C2 08
 (017.984727)  can0  123   [8]  AE 00 28 42 6E 0A 73 FF
 (017.984862)  can0  124   [8]  AE 05 C1 7A 57 03 CC 08
 (017.995128)  can0  123   [8]  AF 00 28 42 70 7D 64 FF
 (017.995203)  can0  124   [8]  AF 05 C1 A1 30 03 D6 08
 (018.004473)  can0  123   [8]  B0 00 28 42 72 F0 54 FF
 (018.004770)  can0  124   [8]  B0 05 C1 C8 21 03 E0 08
 (018.014688)  can0  123   [8]  B1 00 28 42 75 24 92 FF
 (018.014717)  can0  124   [8]  B1 05 C1 EE F5 03 E9 08
 (018.024242)  can0  123   [8]  B2 00 28 42 77 97 83 FF
 (018.024479)  can0  124   [8]  B2 05 C2 15 E8 03 F3 08
 (018.034117)  can0  123   [8]  B3 00 28 42 7A 0A 73 FF
 (018.034341)  can0  124   [8]  B3 05 C2 3C CD 03 FD 08
 (018.044115)  can0  123   [8]  B4 00 28 42 7C 7D 63 FF
 (018.044309)  can0  124   [8]  B4 05 C2 63 C2 04 07 08
 (018.053991)  can0  123   [8]  B5 00 28 42 7E F0 54 FF
 (018.054197)  can0  124   [8]  B5 05 C2 8A 99 04 11 08
 (018.063877)  can0  123   [8]  B6 00 28 42 80 92 49 FF
 (018.064117)  can0  124   [8]  B6 05 C2 B1 8F 04 1A 08
 (018.073797)  can0  123   [8]  B7 00 28 42 81 CB C1 FF
 (018.074045)  can0  124   [8]  B7 05 C2 D8 6C 04 24 08
 (018.083795)  can0  123   [8]  B8 00 27 42 83 05 39 FF
 (018.083895)  can0  124   [8]  B8 05 C2 FF 68 04 2E 08
 (018.093568)  can0  123   [8]  B9 00 27 42 84 3E B2 FF
 (018.093812)  can0  124   [8]  B9 05 C3 26 48 04 38 08
 (018.103531)  can0  123   [8]  BA 00 27 42 85 78 2A FF
 (018.103737)  can0  124   [8]  BA 05 C3 4D 3F 04 42 08
 (018.113401)  can0  123   [8]  BB 00 27 42 86 B1 A2 FF
 (018.113734)  can0  124   [8]  BB 05 C3 74 1C 04 4C 08
 (018.123388)  can0  123   [8]  BC 00 27 42 87 CB C1 FF
 (018.123594)  can0  124   [8]  BC 05 C3 9B 16 04 55 08
 (018.133328)  can0  123   [8]  BD 00 27 42 89 05 3A FF
 (018.133483)  can0  124   [8]  BD 05 C3 C1 E8 04 5F 08
 (018.143273)  can0  123   [8]  BE 00 27 42 8A 3E B1 FF
 (018.143413)  can0  124   [8]  BE 05 C3 E8 DD 04 69 08
 (018.153066)  can0  123   [8]  BF 00 27 42 8B 78 2A FF
 (018.153342)  can0  124   [8]  BF 05 C4 0F C6 04 73 08
 (018.163063)  can0  123   [8]  C0 00 27 42 8C 92 49 FF
 (018.163311)  can0  124   [8]  C0 05 C4 36 BA 04 7C 08
 (018.172992)  can0  123   [8]  C1 00 27 42 8D CB C2 FF
 (018.173181)  can0  124   [8]  C1 05 C4 5D 9B 04 86 08
 (018.182862)  can0  123   [8]  C2 00 27 42 8F 05 39 FF
 (018.183103)  can0  124   [8]  C2 05 C4 84 91 04 90 08
 (018.192784)  can0  123   [8]  C3 00 27 42 90 3E B2 FF
 (018.192978)  can0  124   [8]  C3 05 C4 AB 6E 04 9A 08
 (018.202649)  can0  123   [8]  C4 00 27 42 91 78 2A FF
 (018.202985)  can0  124   [8]  C4 05 C4 D2 60 04 A4 08
 (018.212734)  can0  123   [8]  C5 00 27 42 92 B1 A2 FF
 (018.212785)  can0  124   [8]  C5 05 C4 F9 3B 04 AE 08
 (018.222708)  can0  123   [8]  C6 00 27 42 93 CB C1 FF
 (018.222726)  can0  124   [8]  C6 05 C5 20 35 04 B7 08
 (018.232477)  can0  123   [8]  C7 00 27 42 95 05 3A FF
 (018.232688)  can0  124   [8]  C7 05 C5 47 0E 04 C1 08
 (018.242384)  can0  123   [8]  C8 00 27 42 96 3E B1 FF
 (018.242599)  can0  124   [8]  C8 05 C5 6E 01 04 CB 08
 (018.252486)  can0  123   [8]  C9 00 26 42 97 78 2A FF
 (018.252597)  can0  124   [8]  C9 05 C5 94 E2 04 D5 08
 (018.262239)  can0  123   [8]  CA 00 26 42 98 92 49 FF
 (018.262470)  can0  124   [8]  CA 05 C5 BB DA 04 DE 08
 (018.272458)  can0  123   [8]  CB 00 26 42 99 CB C2 FF
 (018.272491)  can0  124   [8]  CB 05 C5 E2 B8 04 E8 08
 (018.282018)  can0  123   [8]  CC 00 26 42 9B 05 39 FF
 (018.282269)  can0  124   [8]  CC 05 C6 09 B5 04 F2 08
 (018.291954)  can0  123   [8]  CD 00 26 42 9C 3E B2 FF
 (018.292142)  can0  124   [8]  CD 05 C6 30 94 04 FC 08
 (018.301917)  can0  123   [8]  CE 00 26 42 9D 78 2A FF
 (018.302054)  can0  124   [8]  CE 05 C6 57 8D 05 06 08
 (018.311819)  can0  123   [8]  CF 00 26 42 9E 92 49 FF
 (018.312005)  can0  124   [8]  CF 05 C6 7E 72 05 0F 08
 (018.321812)  can0  123   [8]  D0 00 26 42 9F CB C1 FF
 (018.322180)  can0  124   [8]  D0 05 C6 A5 6F 05 19 08
 (018.331641)  can0  123   [8]  D1 00 26 42 A1 05 3A FF
 (018.331941)  can0  124   [8]  D1 05 C6 CC 4F 05 23 08
 (018.341538)  can0  123   [8]  D2 00 26 42 A2 1F 58 FF
 (018.341822)  can0  124   [8]  D2 05 C6 F3 48 05 2C 08
 (018.351637)  can0  123   [8]  D3 00 26 42 A3 58 D1 FF
 (018.351670)  can0  124   [8]  D3 05 C7 1A 30 05 36 08
 (018.361569)  can0  123   [8]  D4 00 26 42 A4 92 49 FF
 (018.361654)  can0  124   [8]  D4 05 C7 41 2A 05 40 08
 (018.371333)  can0  123   [8]  D5 00 26 42 A5 CB C2 FF
 (018.371585)  can0  124   [8]  D5 05 C7 68 0E 05 4A 08
 (018.381154)  can0  123   [8]  D6 00 26 42 A7 05 39 FF
 (018.381412)  can0  124   [8]  D6 05 C7 8F 09 05 54 08
 (018.391195)  can0  123   [8]  D7 00 26 42 A8 1F 59 FF
 (018.391285)  can0  124   [8]  D7 05 C7 B5 E0 05 5D 08
 (018.401018)  can0  123   [8]  D8 00 26 42 A9 58 D1 FF
 (018.401257)  can0  124   [8]  D8 05 C7 DC DA 05 67 08
 (018.410939)  can0  123   [8]  D9 00 26 42 AA 92 49 FF
 (018.411198)  can0  124   [8]  D9 05 C8 03 BA 05 71 08
 (018.420865)  can0  123   [8]  DA 00 26 42 AB CB C1 FF
 (018.421066)  can0  124   [8]  DA 05 C8 2A B4 05 7B 08
 (018.430721)  can0  123   [8]  DB 00 25 42 AC E5 E1 FF
 (018.430944)  can0  124   [8]  DB 05 C8 51 8F 05 84 08
 (018.440654)  can0  123   [8]  DC 00 25 42 AE 1F 59 FF
 (018.440821)  can0  124   [8]  DC 05 C8 78 87 05 8E 08
 (018.450524)  can0  123   [8]  DD 00 25 42 AF 58 D1 FF
 (018.450872)  can0  124   [8]  DD 05 C8 9F 5A 05 98 08
 (018.460536)  can0  123   [8]  DE 00 25 42 B0 92 49 FF
 (018.460752)  can0  124   [8]  DE 05 C8 C6 53 05 A2 08
 (018.470635)  can0  123   [8]  DF 00 25 42 B1 AC 69 FF
 (018.470645)  can0  124   [8]  DF 05 C8 ED 30 05 AB 08
 (018.480400)  can0  123   [8]  E0 00 25 42 B2 E5 E0 FF
 (018.480485)  can0  124   [8]  E0 05 C9 14 2A 05 B5 08
 (018.490129)  can0  123   [8]  E1 00 25 42 B4 1F 59 FF
 (018.490383)  can0  124   [8]  E1 05 C9 3A FF 05 BF 08
 (018.500088)  can0  123   [8]  E2 00 25 42 B5 58 D1 FF
 (018.500304)  can0  124   [8]  E2 05 C9 61 F7 05 C9 08
 (018.509943)  can0  123   [8]  E3 00 25 42 B6 72 F1 FF
 (018.510234)  can0  124   [8]  E3 05 C9 88 D3 05 D2 08
 (018.519932)  can0  123   [8]  E4 00 25 42 B7 AC 68 FF
 (018.520149)  can0  124   [8]  E4 05 C9 AF C7 05 DC 08
 (018.529883)  can0  123   [8]  E5 00 25 42 B8 E5 E0 FF
 (018.529998)  can0  124   [8]  E5 05 C9 D6 9F 05 E6 08
 (018.539850)  can0  123   [8]  E6 00 25 42 BA 1F 59 FF
 (018.539936)  can0  124   [8]  E6 05 C9 FD 92 05 F0 08
 (018.549594)  can0  123   [8]  E7 00 25 42 BB 39 79 FF
 (018.549836)  can0  124   [8]  E7 05 CA 24 69 05 F9 08
 (018.559528)  can0  123   [8]  E8 00 26 42 BC 72 F0 FF
 (018.559801)  can0  124   [8]  E8 05 CA 4B 5D 06 03 08
 (018.569432)  can0  123   [8]  E9 00 26 42 BD AC 68 FF
 (018.569669)  can0  124   [8]  E9 05 CA 72 39 06 0D 08
 (018.579413)  can0  123   [8]  EA 00 26 42 BE C6 88 FF
 (018.579608)  can0  124   [8]  EA 05 CA 99 26 06 16 08
 (018.589343)  can0  123   [8]  EB 00 26 42 C0 00 01 FF
 (018.589498)  can0  124   [8]  EB 05 CA BF FD 06 20 08
 (018.599230)  can0  123   [8]  EC 00 26 42 C1 39 78 FF
 (018.599405)  can0  124   [8]  EC 05 CA E6 F0 06 2A 08
 (018.609158)  can0  123   [8]  ED 00 26 42 C2 53 98 FF
 (018.609393)  can0  124   [8]  ED 05 CB 0D D3 06 33 08
 (018.619081)  can0  123   [8]  EE 00 27 42 C3 8D 10 FF
 (018.619252)  can0  124   [8]  EE 05 CB 34 C9 06 3D 08
 (018.629028)  can0  123   [8]  EF 00 28 42 C4 C6 87 FF
 (018.629220)  can0  124   [8]  EF 05 CB 5B A7 06 47 08
 (018.638897)  can0  123   [8]  F0 00 28 42 C5 E0 A7 FF
 (018.639169)  can0  124   [8]  F0 05 CB 82 98 06 50 08
 (018.648826)  can0  123   [8]  F1 00 28 42 C7 1A 20 FF
 (018.649054)  can0  124   [8]  F1 05 CB A9 72 06 5A 08
 (018.658734)  can0  123   [8]  F2 00 28 42 C8 53 98 FF
 (018.658908)  can0  124   [8]  F2 05 CB D0 68 06 64 08
 (018.668649)  can0  123   [8]  F3 00 29 42 C9 8D 0F FF
 (018.668851)  can0  124   [8]  F3 05 CB F7 3E 06 6E 08
 (018.678520)  can0  123   [8]  F4 00 29 42 CA A7 2F FF
 (018.678887)  can0  124   [8]  F4 05 CC 1E 2A 06 77 08
 (018.688429)  can0  123   [8]  F5 00 29 42 CB E0 A8 FF
 (018.688620)  can0  124   [8]  F5 05 CC 45 09 06 81 08
 (018.698350)  can0  123   [8]  F6 00 29 42 CC FA C6 FF
 (018.698579)  can0  124   [8]  F6 05 CC 6B F6 06 8A 08
 (018.708266)  can0  123   [8]  F7 00 2A 42 CE 34 3F FF
 (018.708454)  can0  124   [8]  F7 05 CC 92 CF 06 94 08
 (018.718194)  can0  123   [8]  F8 00 2B 42 CF 6D B7 FF
 (018.718437)  can0  124   [8]  F8 05 CC B9 C5 06 9E 08
 (018.728216)  can0  123   [8]  F9 00 2B 42 D0 87 D6 FF
 (018.728367)  can0  124   [8]  F9 05 CC E0 9F 06 A7 08
 (018.738293)  can0  123   [8]  FA 00 2B 42 D1 C1 4E FF
 (018.738312)  can0  124   [8]  FA 05 CD 07 92 06 B1 08
 (018.748059)  can0  123   [8]  FB 00 2B 42 D2 FA C7 FF
 (018.748320)  can0  124   [8]  FB 05 CD 2E 66 06 BB 08
 (018.758141)  can0  123   [8]  FC 00 2B 42 D4 14 E5 FF
 (018.758158)  can0  124   [8]  FC 05 CD 55 5A 06 C4 08
 (018.768053)  can0  123   [8]  FD 00 2B 42 D5 4E 5E FF
 (018.768081)  can0  124   [8]  FD 05 CD 7C 3F 06 CE 08
 (018.777725)  can0  123   [8]  FE 00 2B 42 D6 68 7E FF
 (018.777878)  can0  124   [8]  FE 05 CD A3 32 06 D7 08
 (018.787614)  can0  123   [8]  FF 00 2B 42 D7 A1 F6 FF
 (018.787791)  can0  124   [8]  FF 05 CD CA 0F 06 E1 08
 (018.797514)  can0  123   [8]  00 00 2B 42 D8 BC 15 FF
 (018.797725)  can0  124   [8]  00 05 CD F1 02 06 EA 08
 (018.807437)  can0  123   [8]  01 00 2B 42 D9 F5 8D FF
 (018.807656)  can0  124   [8]  01 05 CE 17 DE 06 F4 08
 (018.817421)  can0  123   [8]  02 00 2B 42 DB 2F 06 FF
 (018.817564)  can0  124   [8]  02 05 CE 3E D5 06 FE 08
 (018.827314)  can0  123   [8]  03 00 2B 42 DC 49 24 FF
 (018.827479)  can0  124   [8]  03 05 CE 65 B0 07 07 08
 (018.837186)  can0  123   [8]  04 00 2B 42 DD 63 44 FF
 (018.837467)  can0  124   [8]  04 05 CE 8C AA 07 10 08
 (018.847144)  can0  123   [8]  05 00 2B 42 DE 9C BD FF
 (018.847276)  can0  124   [8]  05 05 CE B3 8A 07 1A 08
 (018.857113)  can0  123   [8]  06 00 2B 42 DF D6 34 FF
 (018.857211)  can0  124   [8]  06 05 CE DA 82 07 24 08
 (018.867048)  can0  123   [8]  07 00 2B 42 E0 F0 54 FF
 (018.867268)  can0  124   [8]  07 05 CF 01 61 07 2D 08
 (018.876863)  can0  123   [8]  08 00 2C 42 E2 0A 74 FF
 (018.877110)  can0  124   [8]  08 05 CF 28 5B 07 36 08
 (018.886811)  can0  123   [8]  09 00 2C 42 E3 43 EB FF
 (018.886991)  can0  124   [8]  09 05 CF 4F 35 07 40 08
 (018.896678)  can0  123   [8]  0A 00 2C 42 E4 5E 0B FF
 (018.897028)  can0  124   [8]  0A 05 CF 76 25 07 49 08
 (018.906615)  can0  123   [8]  0B 00 2C 42 E5 97 82 FF
 (018.906916)  can0  124   [8]  0B 05 CF 9D 02 07 53 08
 (018.916532)  can0  123   [8]  0C 00 2C 42 E6 B1 A2 FF
 (018.916896)  can0  124   [8]  0C 05 CF C3 F2 07 5C 08
 (018.926398)  can0  123   [8]  0D 00 2C 42 E7 EB 1A FF
 (018.926710)  can0  124   [8]  0D 05 CF EA CD 07 66 08
 (018.936360)  can0  123   [8]  0E 00 2C 42 E9 05 39 FF
 (018.936559)  can0  124   [8]  0E 05 D0 11 CD 07 6F 08
 (018.946290)  can0  123   [8]  0F 00 2C 42 EA 1F 59 FF
 (018.946484)  can0  124   [8]  0F 05 D0 38 AA 07 78 08
 (018.956266)  can0  123   [8]  10 00 2D 42 EB 58 D1 FF
 (018.956396)  can0  124   [8]  10 05 D0 5F 9F 07 82 08
 (018.966433)  can0  123   [8]  11 00 2C 42 EC 72 F0 FF
 (018.966501)  can0  124   [8]  11 05 D0 86 7C 07 8B 08
 (018.976400)  can0  123   [8]  12 00 2C 42 ED AC 68 FF
 (018.976420)  can0  124   [8]  12 05 D0 AD 71 07 95 08
 (018.985965)  can0  123   [8]  13 00 2C 42 EE C6 87 FF
 (018.986232)  can0  124   [8]  13 05 D0 D4 4D 07 9E 08
 (018.995901)  can0  123   [8]  14 00 2D 42 F0 00 00 FF
 (018.996107)  can0  124   [8]  14 05 D0 FB 44 07 A8 08
 (019.005785)  can0  123   [8]  15 00 2D 42 F1 1A 1F FF
 (019.005918)  can0  124   [8]  15 05 D1 22 20 07 B1 08
 (019.015684)  can0  123   [8]  16 00 2D 42 F2 34 3E FF
 (019.015833)  can0  124   [8]  16 05 D1 49 11 07 BA 08
 (019.025527)  can0  123   [8]  17 00 2D 42 F3 6D B7 FF
 (019.025829)  can0  124   [8]  17 05 D1 6F F6 07 C4 08
 (019.035421)  can0  123   [8]  18 00 2D 42 F4 87 D7 FF
 (019.035652)  can0  124   [8]  18 05 D1 96 F1 07 CD 08
 (019.045330)  can0  123   [8]  19 00 2D 42 F5 A1 F5 FF
 (019.045539)  can0  124   [8]  19 05 D1 BD CD 07 D6 08
 (019.055283)  can0  123   [8]  1A 00 2E 42 F6 DB 6E FF
 (019.055456)  can0  124   [8]  1A 05 D1 E4 C6 07 E0 08
 (019.065148)  can0  123   [8]  1B 00 2E 42 F8 14 E6 FF
 (019.065347)  can0  124   [8]  1B 05 D2 0B A6 07 EA 08
 (019.075177)  can0  123   [8]  1C 00 2E 42 F9 2F 05 FF
 (019.075322)  can0  124   [8]  1C 05 D2 32 9F 07 F3 08
 (019.084960)  can0  123   [8]  1D 00 2E 42 FA 49 25 FF
 (019.085189)  can0  124   [8]  1D 05 D2 59 7D 07 FC 08
 (019.095024)  can0  123   [8]  1E 00 2E 42 FB 82 9D FF
 (019.095150)  can0  124   [8]  1E 05 D2 80 6B 08 06 08
 (019.104952)  can0  123   [8]  1F 00 2E 42 FC BC 14 FF
 (019.105284)  can0  124   [8]  1F 05 D2 A7 4F 08 10 08
 (019.114835)  can0  123   [8]  20 00 2E 42 FD D6 34 FF
 (019.115095)  can0  124   [8]  20 05 D2 CE 46 08 19 08
 (019.124747)  can0  123   [8]  21 00 2F 42 FF 0F AD FF
 (019.125010)  can0  124   [8]  21 05 D2 F5 25 08 23 08
 (019.134739)  can0  123   [8]  22 00 2F 43 00 14 E6 FF
 (019.134878)  can0  124   [8]  22 05 D3 1C 1B 08 2C 08
 (019.144593)  can0  123   [8]  23 00 2F 43 00 B1 A2 FF
 (019.144704)  can0  124   [8]  23 05 D3 42 F8 08 36 08
 (019.154482)  can0  123   [8]  24 00 2F 43 01 4E 5E FF
 (019.154678)  can0  124   [8]  24 05 D3 69 F4 08 40 08
 (019.164351)  can0  123   [8]  25 00 2F 43 01 DB 6E FF
 (019.164629)  can0  124   [8]  25 05 D3 90 CE 08 49 08
 (019.174488)  can0  123   [8]  26 00 30 43 02 78 2A FF
 (019.174526)  can0  124   [8]  26 05 D3 B7 C7 08 53 08
 (019.184206)  can0  123   [8]  27 00 30 43 03 05 39 FF
 (019.184376)  can0  124   [8]  27 05 D3 DE A6 08 5C 08
 (019.194145)  can0  123   [8]  28 00 30 43 03 A1 F6 FF
 (019.194495)  can0  124   [8]  28 05 D4 05 9F 08 66 08
 (019.204046)  can0  123   [8]  29 00 30 43 04 3E B2 FF
 (019.204207)  can0  124   [8]  29 05 D4 2C 7B 08 70 08
 (019.214001)  can0  123   [8]  2A 00 30 43 04 CB C2 FF
 (019.214370)  can0  124   [8]  2A 05 D4 53 72 08 79 08
 (019.223830)  can0  123   [8]  2B 00 31 43 05 68 7D FF
 (019.224079)  can0  124   [8]  2B 05 D4 7A 59 08 83 08
 (019.233820)  can0  123   [8]  2C 00 31 43 05 F5 8D FF
 (019.233996)  can0  124   [8]  2C 05 D4 A1 53 08 8C 08
 (019.244047)  can0  123   [8]  2D 00 31 43 06 92 49 FF
 (019.244083)  can0  124   [8]  2D 05 D4 C8 34 08 96 08
 (019.253756)  can0  123   [8]  2E 00 32 43 07 1F 59 FF
 (019.253798)  can0  124   [8]  2E 05 D4 EF 30 08 9F 08
 (019.263744)  can0  123   [8]  2F 00 32 43 07 BC 15 FF
 (019.263789)  can0  124   [8]  2F 05 D5 16 13 08 A9 08
 (019.273468)  can0  123   [8]  30 00 32 43 08 49 24 FF
 (019.273648)  can0  124   [8]  30 05 D5 3D 0C 08 B2 08
 (019.283369)  can0  123   [8]  31 00 32 43 08 E5 E1 FF
 (019.283495)  can0  124   [8]  31 05 D5 63 EA 08 BC 08
 (019.293222)  can0  123   [8]  32 00 33 43 09 72 F0 FF
 (019.293600)  can0  124   [8]  32 05 D5 8A E4 08 C5 08
 (019.303221)  can0  123   [8]  33 00 33 43 0A 0F AD FF
 (019.303536)  can0  124   [8]  33 05 D5 B1 C8 08 CF 08
 (019.313151)  can0  123   [8]  34 00 33 43 0A 9C BC FF
 (019.313308)  can0  124   [8]  34 05 D5 D8 BE 08 D8 08
 (019.323023)  can0  123   [8]  35 00 34 43 0B 39 78 FF
 (019.323262)  can0  124   [8]  35 05 D5 FF A0 08 E2 08
 (019.332929)  can0  123   [8]  36 00 33 43 0B C6 88 FF
 (019.333154)  can0  124   [8]  36 05 D6 26 96 08 EB 08
 (019.342838)  can0  123   [8]  37 00 33 43 0C 53 98 FF
 (019.342990)  can0  124   [8]  37 05 D6 4D 77 08 F4 08
 (019.353178)  can0  123   [8]  38 00 33 43 0C F0 54 FF
 (019.353548)  can0  124   [8]  38 05 D6 74 70 08 FE 08
 (019.362725)  can0  123   [8]  39 00 33 43 0D 8D 0F FF
 (019.362941)  can0  124   [8]  39 05 D6 9B 53 09 08 08
 (019.372575)  can0  123   [8]  3A 00 33 43 0E 1A 1F FF
 (019.372765)  can0  124   [8]  3A 05 D6 C2 48 09 11 08
 (019.382484)  can0  123   [8]  3B 00 32 43 0E A7 2F FF
 (019.382647)  can0  124   [8]  3B 05 D6 E9 28 09 1A 08
 (019.392410)  can0  123   [8]  3C 00 32 43 0F 43 EB FF
 (019.392644)  can0  124   [8]  3C 05 D7 10 20 09 24 08
 (019.402371)  can0  123   [8]  3D 00 31 43 0F D0 FB FF
 (019.402533)  can0  124   [8]  3D 05 D7 37 02 09 2D 08
 (019.412264)  can0  123   [8]  3E 00 31 43 10 6D B7 FF
 (019.412465)  can0  124   [8]  3E 05 D7 5D FB 09 37 08
 (019.422142)  can0  123   [8]  3F 00 31 43 10 FA C6 FF
 (019.422384)  can0  124   [8]  3F 05 D7 84 D9 09 40 08
 (019.432092)  can0  123   [8]  40 00 30 43 11 97 83 FF
 (019.432211)  can0  124   [8]  40 05 D7 AB D8 09 4A 08
 (019.442163)  can0  123   [8]  41 00 30 43 12 24 93 FF
 (019.442184)  can0  124   [8]  41 05 D7 D2 B4 09 53 08
 (019.452160)  can0  123   [8]  42 00 30 43 12 B1 A2 FF
 (019.452211)  can0  124   [8]  42 05 D7 F9 B1 09 5C 08
 (019.462820)  can0  123   [8]  43 00 30 43 13 4E 5E FF
 (019.462945)  can0  124   [8]  43 05 D8 20 92 09 66 08
 (019.471881)  can0  123   [8]  44 00 2F 43 13 DB 6E FF
 (019.471909)  can0  124   [8]  44 05 D8 47 92 09 6F 08
 (019.481598)  can0  123   [8]  45 00 2F 43 14 78 2A FF
 (019.481832)  can0  124   [8]  45 05 D8 6E 72 09 79 08
 (019.491857)  can0  123   [8]  46 00 2F 43 15 05 3A FF
 (019.491874)  can0  124   [8]  46 05 D8 95 69 09 82 08
 (019.501445)  can0  123   [8]  47 00 2E 43 15 92 49 FF
 (019.501576)  can0  124   [8]  47 05 D8 BC 43 09 8B 08
 (019.511437)  can0  123   [8]  48 00 2E 43 16 2F 05 FF
 (019.511636)  can0  124   [8]  48 05 D8 E3 43 09 95 08
 (019.521319)  can0  123   [8]  49 00 2E 43 16 BC 15 FF
 (019.521476)  can0  124   [8]  49 05 D9 0A 25 09 9E 08
 (019.531261)  can0  123   [8]  4A 00 2E 43 17 58 D1 FF
 (019.531457)  can0  124   [8]  4A 05 D9 31 1A 09 A8 08
 (019.541069)  can0  123   [8]  4B 00 2D 43 17 E5 E1 FF
 (019.541289)  can0  124   [8]  4B 05 D9 57 F9 09 B1 08
 (019.551025)  can0  123   [8]  4C 00 2D 43 18 72 F0 FF
 (019.551285)  can0  124   [8]  4C 05 D9 7E F0 09 BA 08
 (019.560901)  can0  123   [8]  4D 00 2D 43 19 0F AC FF
 (019.561203)  can0  124   [8]  4D 05 D9 A5 C8 09 C4 08
 (019.570900)  can0  123   [8]  4E 00 2D 43 19 9C BC FF
 (019.571068)  can0  124   [8]  4E 05 D9 CC C6 09 CD 08
 (019.580744)  can0  123   [8]  4F 00 2D 43 1A 29 CC FF
 (019.581017)  can0  124   [8]  4F 05 D9 F3 A4 09 D6 08
 (019.590692)  can0  123   [8]  50 00 2D 43 1A C6 88 FF
 (019.590829)  can0  124   [8]  50 05 DA 1A 9C 09 E0 08
 (019.600900)  can0  123   [8]  51 00 2D 43 1B 53 98 FF
 (019.600941)  can0  124   [8]  51 05 DA 41 75 09 E9 08
 (019.610634)  can0  123   [8]  52 00 2D 43 1B E0 A7 FF
 (019.610653)  can0  124   [8]  52 05 DA 68 6D 09 F2 08
 (019.620363)  can0  123   [8]  53 00 2D 43 1C 7D 63 FF
 (019.620531)  can0  124   [8]  53 05 DA 8F 4D 09 FC 08
 (019.630278)  can0  123   [8]  54 00 2E 43 1D 0A 73 FF
 (019.630437)  can0  124   [8]  54 05 DA B6 3D 0A 05 08
 (019.640179)  can0  123   [8]  55 00 2E 43 1D 97 83 FF
 (019.640354)  can0  124   [8]  55 05 DA DD 20 0A 0E 08
 (019.650099)  can0  123   [8]  56 00 2F 43 1E 34 3F FF
 (019.650288)  can0  124   [8]  56 05 DB 04 1A 0A 18 08
 (019.659895)  can0  123   [8]  57 00 30 43 1E C1 4E FF
 (019.660135)  can0  124   [8]  57 05 DB 2A F7 0A 21 08
 (019.669855)  can0  123   [8]  58 00 30 43 1F 4E 5E FF
 (019.670057)  can0  124   [8]  58 05 DB 51 E3 0A 2A 08
 (019.679765)  can0  123   [8]  59 00 31 43 1F EB 1A FF
 (019.679992)  can0  124   [8]  59 05 DB 78 C3 0A 34 08
 (019.689725)  can0  123   [8]  5A 00 31 43 20 78 2A FF
 (019.689982)  can0  124   [8]  5A 05 DB 9F B9 0A 3D 08
 (019.699719)  can0  123   [8]  5B 00 31 43 21 05 3A FF
 (019.699857)  can0  124   [8]  5B 05 DB C6 96 0A 46 08
 (019.709607)  can0  123   [8]  5C 00 32 43 21 A1 F5 FF
 (019.709803)  can0  124   [8]  5C 05 DB ED 8C 0A 50 08
 (019.719521)  can0  123   [8]  5D 00 36 43 22 2F 05 FF
 (019.719684)  can0  124   [8]  5D 05 DC 14 6A 0A 59 08
 (019.729415)  can0  123   [8]  5E 00 3F 43 22 BC 15 FF
 (019.729702)  can0  124   [8]  5E 05 DC 3B 63 0A 62 08
 (019.739611)  can0  123   [8]  5F 00 44 43 23 58 D1 FF
 (019.739637)  can0  124   [8]  5F 05 DC 62 40 0A 6C 08
 (019.749271)  can0  123   [8]  60 00 4B 43 23 E5 E1 FF
 (019.749499)  can0  124   [8]  60 05 DC 89 41 0A 75 08
 (019.759121)  can0  123   [8]  61 00 A6 43 24 72 F0 FF
 (019.759324)  can0  124   [8]  61 05 DC B0 06 0A 7E 08
 (019.769036)  can0  123   [8]  62 00 E7 43 25 00 00 FF
 (019.769390)  can0  124   [8]  62 05 DC D6 F1 0A 87 08
 (019.779100)  can0  123   [8]  63 00 F5 43 25 8D 0F FF
 (019.779116)  can0  124   [8]  63 05 DC FD D5 0A 90 08
 (019.789170)  can0  123   [8]  64 00 F8 43 26 29 CC FF
 (019.789187)  can0  124   [8]  64 05 DD 24 C0 0A 9A 08
 (019.798980)  can0  123   [8]  65 00 F9 43 26 A7 2F FF
 (019.799002)  can0  124   [8]  65 05 DD 4B A4 0A A2 08
 (019.808796)  can0  123   [8]  66 00 F9 43 27 43 EB FF
 (019.808929)  can0  124   [8]  66 05 DD 72 91 0A AC 08
 (019.818690)  can0  123   [8]  67 00 F9 43 27 D0 FB FF
 (019.818888)  can0  124   [8]  67 05 DD 99 76 0A B5 08
 (019.828548)  can0  123   [8]  68 00 F8 43 28 5E 0A FF
 (019.828711)  can0  124   [8]  68 05 DD C0 65 0A BE 08
 (019.838514)  can0  123   [8]  69 00 F7 43 28 EB 1A FF
 (019.838660)  can0  124   [8]  69 05 DD E7 4C 0A C7 08
 (019.848414)  can0  123   [8]  6A 00 F7 43 29 78 2A FF
 (019.848650)  can0  124   [8]  6A 05 DE 0E 33 0A D0 08
 (019.858305)  can0  123   [8]  6B 00 F6 43 2A 05 3A FF
 (019.858452)  can0  124   [8]  6B 05 DE 35 1B 0A D9 08
 (019.868421)  can0  123   [8]  6C 00 F5 43 2A 92 49 FF
 (019.868441)  can0  124   [8]  6C 05 DE 5C 06 0A E2 08
 (019.878093)  can0  123   [8]  6D 00 F5 43 2B 1F 59 FF
 (019.878381)  can0  124   [8]  6D 05 DE 82 E2 0A EB 08
 (019.888095)  can0  123   [8]  6E 00 F4 43 2B AC 68 FF
 (019.888215)  can0  124   [8]  6E 05 DE A9 CD 0A F4 08
 (019.898133)  can0  123   [8]  6F 00 F3 43 2C 39 78 FF
 (019.898150)  can0  124   [8]  6F 05 DE D0 B1 0A FD 08
 (019.908200)  can0  123   [8]  70 00 F1 43 2C C6 88 FF
 (019.908224)  can0  124   [8]  70 05 DE F7 9F 0B 06 08
 (019.918033)  can0  123   [8]  71 00 E2 43 2D 53 98 FF
 (019.918056)  can0  124   [8]  71 05 DF 1E 79 0B 0F 08
 (019.928097)  can0  123   [8]  72 00 BC 43 2D E0 A7 FF
 (019.928168)  can0  124   [8]  72 05 DF 45 6C 0B 18 08
 (019.937577)  can0  123   [8]  73 00 8E 43 2E 6D B7 FF
 (019.937811)  can0  124   [8]  73 05 DF 6C 3E 0B 21 08
 (019.947485)  can0  123   [8]  74 00 73 43 2E FA C6 FF
 (019.947752)  can0  124   [8]  74 05 DF 93 31 0B 2A 08
 (019.957608)  can0  123   [8]  75 00 58 43 2F 87 D6 FF
 (019.957793)  can0  124   [8]  75 05 DF BA 20 0B 33 08
 (019.967576)  can0  123   [8]  76 00 43 43 30 14 E6 FF
 (019.967599)  can0  124   [8]  76 05 DF E1 15 0B 3C 08
 (019.977300)  can0  123   [8]  77 00 3D 43 30 A1 F6 FF
 (019.977442)  can0  124   [8]  77 05 E0 07 EE 0B 45 08
 (019.987203)  can0  123   [8]  78 00 3C 43 31 2F 05 FF
 (019.987347)  can0  124   [8]  78 05 E0 2E E6 0B 4E 08
 (019.997060)  can0  123   [8]  79 00 3D 43 31 CB C2 FF
 (019.997266)  can0  124   [8]  79 05 E0 55 C4 0B 58 08
 (020.007031)  can0  123   [8]  7A 00 3D 43 32 58 D1 FF
 (020.007254)  can0  124   [8]  7A 05 E0 7C B8 0B 61 08
 (020.016927)  can0  123   [8]  7B 00 40 43 32 E5 E0 FF
 (020.017125)  can0  124   [8]  7B 05 E0 A3 97 0B 6A 08
 (020.026896)  can0  123   [8]  7C 00 44 43 33 72 F0 FF
 (020.026992)  can0  124   [8]  7C 05 E0 CA 8A 0B 73 08
 (020.036746)  can0  123   [8]  7D 00 51 43 34 00 00 FF
 (020.037026)  can0  124   [8]  7D 05 E0 F1 66 0B 7C 08
 (020.046658)  can0  123   [8]  7E 00 6A 43 34 8D 0F FF
 (020.046894)  can0  124   [8]  7E 05 E1 18 44 0B 85 08
 (020.056970)  can0  123   [8]  7F 00 63 43 35 1A 20 FF
 (020.056987)  can0  124   [8]  7F 05 E1 3F 32 0B 8E 08
 (020.066479)  can0  123   [8]  80 00 50 43 35 A7 2F FF
 (020.066661)  can0  124   [8]  80 05 E1 66 25 0B 97 08
 (020.076416)  can0  123   [8]  81 00 4D 43 36 34 3F FF
 (020.076685)  can0  124   [8]  81 05 E1 8C FD 0B A0 08
 (020.086334)  can0  123   [8]  82 00 55 43 36 C1 4E FF
 (020.086558)  can0  124   [8]  82 05 E1 B3 F1 0B A9 08
 (020.096261)  can0  123   [8]  83 00 6B 43 37 4E 5D FF
 (020.096412)  can0  124   [8]  83 05 E1 DA BA 0B B2 08
 (020.106146)  can0  123   [8]  84 00 82 43 37 DB 6E FF
 (020.106367)  can0  124   [8]  84 05 E2 01 B8 0B BB 08
 (020.116094)  can0  123   [8]  85 00 95 43 38 68 7D FF
 (020.116208)  can0  124   [8]  85 05 E2 28 8F 0B C4 08
 (020.125940)  can0  123   [8]  86 00 9F 43 38 F5 8D FF
 (020.126093)  can0  124   [8]  86 05 E2 4F 82 0B CD 08
 (020.135782)  can0  123   [8]  87 00 A2 43 39 82 9D FF
 (020.135987)  can0  124   [8]  87 05 E2 76 5B 0B D6 08
 (020.145928)  can0  123   [8]  88 00 9F 43 3A 0F AD FF
 (020.146167)  can0  124   [8]  88 05 E2 9D 4F 0B DF 08
 (020.155652)  can0  123   [8]  89 00 91 43 3A 9C BC FF
 (020.155937)  can0  124   [8]  89 05 E2 C4 1A 0B E8 08
 (020.165542)  can0  123   [8]  8A 00 85 43 3B 29 CB FF
 (020.165748)  can0  124   [8]  8A 05 E2 EB 16 0B F1 08
 (020.175584)  can0  123   [8]  8B 00 A4 43 3B B6 DC FF
 (020.175726)  can0  124   [8]  8B 05 E3 11 EF 0B FA 08
 (020.185382)  can0  123   [8]  8C 00 B6 43 3C 34 3F FF
 (020.185600)  can0  124   [8]  8C 05 E3 38 DF 0C 02 08
 (020.195338)  can0  123   [8]  8D 00 C0 43 3C D0 FB FF
 (020.195544)  can0  124   [8]  8D 05 E3 5F B4 0C 0C 08
 (020.205215)  can0  123   [8]  8E 00 C4 43 3D 4E 5E FF
 (020.205465)  can0  124   [8]  8E 05 E3 86 A7 0C 14 08
 (020.215084)  can0  123   [8]  8F 00 CF 43 3D DB 6E FF
 (020.215469)  can0  124   [8]  8F 05 E3 AD 7D 0C 1D 08
 (020.225070)  can0  123   [8]  90 00 DC 43 3E 68 7E FF
 (020.225334)  can0  124   [8]  90 05 E3 D4 6F 0C 26 08
 (020.234965)  can0  123   [8]  91 00 E1 43 3E F5 8D FF
 (020.235174)  can0  124   [8]  91 05 E3 FB 44 0C 2F 08
 (020.245033)  can0  123   [8]  92 00 D8 43 3F 82 9C FF
 (020.245063)  can0  124   [8]  92 05 E4 22 37 0C 38 08
 (020.254769)  can0  123   [8]  93 00 CC 43 40 0F AD FF
 (020.255158)  can0  124   [8]  93 05 E4 49 0C 0C 41 08
 (020.264743)  can0  123   [8]  94 00 C3 43 40 9C BC FF
 (020.264872)  can0  124   [8]  94 05 E4 6F F8 0C 4A 08
 (020.274617)  can0  123   [8]  95 00 BE 43 41 29 CC FF
 (020.274852)  can0  124   [8]  95 05 E4 96 CF 0C 53 08
 (020.284562)  can0  123   [8]  96 00 B6 43 41 B6 DB FF
 (020.284792)  can0  124   [8]  96 05 E4 BD C0 0C 5C 08
 (020.294475)  can0  123   [8]  97 00 AA 43 42 43 EA FF
 (020.294699)  can0  124   [8]  97 05 E4 E4 92 0C 65 08
 (020.304388)  can0  123   [8]  98 00 A7 43 42 D0 FB FF
 (020.304597)  can0  124   [8]  98 05 E5 0B 89 0C 6E 08
 (020.314220)  can0  123   [8]  99 00 A6 43 43 4E 5E FF
 (020.314466)  can0  124   [8]  99 05 E5 32 5E 0C 76 08
 (020.324202)  can0  123   [8]  9A 00 A7 43 43 DB 6D FF
 (020.324379)  can0  124   [8]  9A 05 E5 59 51 0C 7F 08
 (020.334809)  can0  123   [8]  9B 00 A3 43 44 68 7E FF
 (020.334825)  can0  124   [8]  9B 05 E5 80 1B 0C 88 08
 (020.344039)  can0  123   [8]  9C 00 83 43 44 F5 8D FF
 (020.344253)  can0  124   [8]  9C 05 E5 A7 0E 0C 91 08
 (020.353924)  can0  123   [8]  9D 00 57 43 45 82 9D FF
 (020.354168)  can0  124   [8]  9D 05 E5 CE 01 0C 9A 08
 (020.363824)  can0  123   [8]  9E 00 40 43 46 0F AC FF
 (020.364096)  can0  124   [8]  9E 05 E5 F4 EE 0C A3 08
 (020.373774)  can0  123   [8]  9F 00 3A 43 46 9C BB FF
 (020.373988)  can0  124   [8]  9F 05 E6 1B C8 0C AC 08
 (020.383603)  can0  123   [8]  A0 00 3A 43 47 29 CC FF
 (020.383807)  can0  124   [8]  A0 05 E6 42 BA 0C B5 08
 (020.393679)  can0  123   [8]  A1 00 39 43 47 B6 DB FF
 (020.393963)  can0  124   [8]  A1 05 E6 6A 25 0C BE 08
 (020.403508)  can0  123   [8]  A2 00 39 43 48 43 EC FF
 (020.403730)  can0  124   [8]  A2 05 E6 90 83 0C C7 08
 (020.413458)  can0  123   [8]  A3 00 39 43 48 D0 FB FF
 (020.413697)  can0  124   [8]  A3 05 E6 B7 5C 0C D0 08
 (020.423372)  can0  123   [8]  A4 00 39 43 49 5E 0B FF
 (020.423566)  can0  124   [8]  A4 05 E6 DE 4E 0C D9 08
 (020.433269)  can0  123   [8]  A5 00 39 43 49 EB 1A FF
 (020.433486)  can0  124   [8]  A5 05 E7 05 25 0C E2 08
 (020.443179)  can0  123   [8]  A6 00 39 43 4A 68 7D FF
 (020.443379)  can0  124   [8]  A6 05 E7 2C 15 0C EA 08
 (020.452996)  can0  123   [8]  A7 00 39 43 4B 05 3A FF
 (020.453178)  can0  124   [8]  A7 05 E7 52 ED 0C F4 08
 (020.462927)  can0  123   [8]  A8 00 39 43 4B 82 9D FF
 (020.463188)  can0  124   [8]  A8 05 E7 79 DB 0C FC 08
 (020.472850)  can0  123   [8]  A9 00 39 43 4C 1F 59 FF
 (020.473092)  can0  124   [8]  A9 05 E7 A0 B2 0D 06 08
 (020.482876)  can0  123   [8]  AA 00 39 43 4C AC 68 FF
 (020.483081)  can0  124   [8]  AA 05 E7 C7 A6 0D 0F 08
 (020.492727)  can0  123   [8]  AB 00 39 43 4D 39 78 FF
 (020.493079)  can0  124   [8]  AB 05 E7 EE 7C 0D 18 08
 (020.502630)  can0  123   [8]  AC 00 39 43 4D B6 DC FF
 (020.502825)  can0  124   [8]  AC 05 E8 15 69 0D 20 08
 (020.512516)  can0  123   [8]  AD 00 39 43 4E 53 97 FF
 (020.512791)  can0  124   [8]  AD 05 E8 3C 45 0D 2A 08
 (020.522469)  can0  123   [8]  AE 00 3A 43 4E D0 FA FF
 (020.522742)  can0  124   [8]  AE 05 E8 63 34 0D 32 08
 (020.532366)  can0  123   [8]  AF 00 3A 43 4F 6D B7 FF
 (020.532681)  can0  124   [8]  AF 05 E8 8A 0C 0D 3C 08
 (020.542541)  can0  123   [8]  B0 00 3A 43 4F EB 1A FF
 (020.542577)  can0  124   [8]  B0 05 E8 B0 FD 0D 44 08
 (020.552279)  can0  123   [8]  B1 00 3A 43 50 87 D6 FF
 (020.552491)  can0  124   [8]  B1 05 E8 D7 D7 0D 4E 08
 (020.562195)  can0  123   [8]  B2 00 3A 43 51 05 39 FF
 (020.562375)  can0  124   [8]  B2 05 E8 FE C9 0D 56 08
 (020.572258)  can0  123   [8]  B3 00 3B 43 51 A1 F6 FF
 (020.572299)  can0  124   [8]  B3 05 E9 25 A1 0D 60 08
 (020.582082)  can0  123   [8]  B4 00 3B 43 52 1F 59 FF
 (020.582463)  can0  124   [8]  B4 05 E9 4C 96 0D 68 08
 (020.592052)  can0  123   [8]  B5 00 3C 43 52 BC 16 FF
 (020.592086)  can0  124   [8]  B5 05 E9 73 71 0D 72 08
 (020.601813)  can0  123   [8]  B6 00 3C 43 53 39 79 FF
 (020.602005)  can0  124   [8]  B6 05 E9 9A 60 0D 7A 08
 (020.611675)  can0  123   [8]  B7 00 3C 43 53 C6 88 FF
 (020.611948)  can0  124   [8]  B7 05 E9 C1 39 0D 83 08
 (020.621641)  can0  123   [8]  B8 00 3C 43 54 53 98 FF
 (020.621825)  can0  124   [8]  B8 05 E9 E8 2F 0D 8C 08
 (020.631478)  can0  123   [8]  B9 00 3D 43 54 E0 A7 FF
 (020.631765)  can0  124   [8]  B9 05 EA 0F 09 0D 95 08
 (020.641548)  can0  123   [8]  BA 00 3D 43 55 6D B6 FF
 (020.641710)  can0  124   [8]  BA 05 EA 35 FD 0D 9E 08
 (020.651547)  can0  123   [8]  BB 00 3D 43 55 FA C7 FF
 (020.651879)  can0  124   [8]  BB 05 EA 5C DE 0D A7 08
 (020.661336)  can0  123   [8]  BC 00 3E 43 56 87 D6 FF
 (020.661465)  can0  124   [8]  BC 05 EA 83 D3 0D B0 08
 (020.671210)  can0  123   [8]  BD 00 3E 43 57 14 E6 FF
 (020.671350)  can0  124   [8]  BD 05 EA AA AB 0D B9 08
 (020.681140)  can0  123   [8]  BE 00 3F 43 57 A1 F6 FF
 (020.681375)  can0  124   [8]  BE 05 EA D1 AA 0D C2 08
 (020.691159)  can0  123   [8]  BF 00 40 43 58 2F 05 FF
 (020.691279)  can0  124   [8]  BF 05 EA F8 8C 0D CB 08
 (020.700946)  can0  123   [8]  C0 00 42 43 58 BC 15 FF
 (020.701484)  can0  124   [8]  C0 05 EB 1F 84 0D D4 08
 (020.710877)  can0  123   [8]  C1 00 43 43 59 49 24 FF
 (020.711027)  can0  124   [8]  C1 05 EB 46 67 0D DD 08
 (020.720806)  can0  123   [8]  C2 00 43 43 59 D6 35 FF
 (020.720936)  can0  124   [8]  C2 05 EB 6D 60 0D E6 08
 (020.730793)  can0  123   [8]  C3 00 43 43 5A 63 44 FF
 (020.731008)  can0  124   [8]  C3 05 EB 94 37 0D EF 08
 (020.740620)  can0  123   [8]  C4 00 43 43 5A F0 53 FF
 (020.740762)  can0  124   [8]  C4 05 EB BB 31 0D F8 08
 (020.750542)  can0  123   [8]  C5 00 43 43 5B 7D 63 FF
 (020.750707)  can0  124   [8]  C5 05 EB E2 10 0E 01 08
 (020.760911)  can0  123   [8]  C6 00 43 43 5C 0A 73 FF
 (020.760946)  can0  124   [8]  C6 05 EC 09 04 0E 0A 08
 (020.770322)  can0  123   [8]  C7 00 43 43 5C 87 D6 FF
 (020.770502)  can0  124   [8]  C7 05 EC 2F DE 0E 12 08
 (020.780167)  can0  123   [8]  C8 00 43 43 5D 14 E6 FF
 (020.780428)  can0  124   [8]  C8 05 EC 56 D6 0E 1B 08
 (020.790144)  can0  123   [8]  C9 00 43 43 5D A1 F5 FF
 (020.790422)  can0  124   [8]  C9 05 EC 7D B1 0E 24 08
 (020.800071)  can0  123   [8]  CA 00 45 43 5E 2F 06 FF
 (020.800214)  can0  124   [8]  CA 05 EC A4 A6 0E 2D 08
 (020.809998)  can0  123   [8]  CB 00 45 43 5E BC 15 FF
 (020.810140)  can0  124   [8]  CB 05 EC CB 7F 0E 36 08
 (020.819920)  can0  123   [8]  CC 00 45 43 5F 49 24 FF
 (020.820249)  can0  124   [8]  CC 05 EC F2 74 0E 3F 08
 (020.830154)  can0  123   [8]  CD 00 45 43 5F D6 34 FF
 (020.830171)  can0  124   [8]  CD 05 ED 19 4F 0E 48 08
 (020.839744)  can0  123   [8]  CE 00 45 43 60 53 97 FF
 (020.840038)  can0  124   [8]  CE 05 ED 40 4A 0E 50 08
 (020.849667)  can0  123   [8]  CF 00 44 43 60 F0 54 FF
 (020.849845)  can0  124   [8]  CF 05 ED 67 2A 0E 5A 08
 (020.859515)  can0  123   [8]  D0 00 44 43 61 6D B7 FF
 (020.859851)  can0  124   [8]  D0 05 ED 8E 1D 0E 62 08
 (020.869511)  can0  123   [8]  D1 00 44 43 61 FA C6 FF
 (020.869666)  can0  124   [8]  D1 05 ED B5 00 0E 6B 08
 (020.879699)  can0  123   [8]  D2 00 44 43 62 87 D7 FF
 (020.879740)  can0  124   [8]  D2 05 ED DB F4 0E 74 08
 (020.889305)  can0  123   [8]  D3 00 44 43 63 14 E6 FF
 (020.889481)  can0  124   [8]  D3 05 EE 02 D1 0E 7D 08
 (020.899211)  can0  123   [8]  D4 00 45 43 63 A1 F6 FF
 (020.899427)  can0  124   [8]  D4 05 EE 29 C7 0E 86 08
 (020.909344)  can0  123   [8]  D5 00 45 43 64 1F 59 FF
 (020.909367)  can0  124   [8]  D5 05 EE 50 A6 0E 8E 08
 (020.919064)  can0  123   [8]  D6 00 46 43 64 BC 14 FF
 (020.919388)  can0  124   [8]  D6 05 EE 77 A2 0E 98 08
 (020.928962)  can0  123   [8]  D7 00 46 43 65 39 77 FF
 (020.929208)  can0  124   [8]  D7 05 EE 9E 81 0E A0 08
 (020.938900)  can0  123   [8]  D8 00 46 43 65 C6 88 FF
 (020.939115)  can0  124   [8]  D8 05 EE C5 7B 0E A9 08
 (020.948979)  can0  123   [8]  D9 00 46 43 66 53 97 FF
 (020.949002)  can0  124   [8]  D9 05 EE EC 59 0E B2 08
 (020.958682)  can0  123   [8]  DA 00 46 43 66 E0 A8 FF
 (020.958856)  can0  124   [8]  DA 05 EF 13 52 0E BB 08
 (020.968634)  can0  123   [8]  DB 00 47 43 67 5E 0B FF
 (020.968814)  can0  124   [8]  DB 05 EF 3A 2C 0E C3 08
 (020.978785)  can0  123   [8]  DC 00 47 43 67 EB 1A FF
 (020.978807)  can0  124   [8]  DC 05 EF 61 25 0E CC 08
 (020.988567)  can0  123   [8]  DD 00 46 43 68 78 2A FF
 (020.988583)  can0  124   [8]  DD 05 EF 88 03 0E D5 08
 (020.998304)  can0  123   [8]  DE 00 46 43 69 05 39 FF
 (020.998580)  can0  124   [8]  DE 05 EF AE F2 0E DE 08
 (021.008655)  can0  123   [8]  DF 00 46 43 69 92 4A FF
 (021.008698)  can0  124   [8]  DF 05 EF D5 CD 0E E7 08
 (021.018211)  can0  123   [8]  E0 00 46 43 6A 1F 59 FF
 (021.018483)  can0  124   [8]  E0 05 EF FC C0 0E F0 08
 (021.028132)  can0  123   [8]  E1 00 47 43 6A 9C BC FF
 (021.028316)  can0  124   [8]  E1 05 F0 23 A1 0E F8 08
 (021.038124)  can0  123   [8]  E2 00 49 43 6B 29 CB FF
 (021.038288)  can0  124   [8]  E2 05 F0 4A 98 0F 01 08
 (021.048166)  can0  123   [8]  E3 00 4B 43 6B B6 DC FF
 (021.048216)  can0  124   [8]  E3 05 F0 71 74 0F 0A 08
 (021.057883)  can0  123   [8]  E4 00 4C 43 6C 43 EB FF
 (021.058000)  can0  124   [8]  E4 05 F0 98 69 0F 13 08
 (021.067728)  can0  123   [8]  E5 00 4C 43 6C D0 FB FF
 (021.068002)  can0  124   [8]  E5 05 F0 BF 49 0F 1C 08
 (021.077711)  can0  123   [8]  E6 00 4D 43 6D 5E 0A FF
 (021.077873)  can0  124   [8]  E6 05 F0 E6 3F 0F 25 08
 (021.087636)  can0  123   [8]  E7 00 4D 43 6D DB 6D FF
 (021.087966)  can0  124   [8]  E7 05 F1 0D 18 0F 2D 08
 (021.097658)  can0  123   [8]  E8 00 4D 43 6E 68 7E FF
 (021.097686)  can0  124   [8]  E8 05 F1 34 0E 0F 36 08
 (021.107362)  can0  123   [8]  E9 00 4E 43 6E F5 8D FF
 (021.107563)  can0  124   [8]  E9 05 F1 5A EB 0F 3F 08
 (021.117600)  can0  123   [8]  EA 00 4E 43 6F 82 9D FF
 (021.117646)  can0  124   [8]  EA 05 F1 81 DF 0F 48 08
 (021.127601)  can0  123   [8]  EB 00 4F 43 70 00 00 FF
 (021.127615)  can0  124   [8]  EB 05 F1 A8 BA 0F 50 08
 (021.137168)  can0  123   [8]  EC 00 4F 43 70 8D 10 FF
 (021.137277)  can0  124   [8]  EC 05 F1 CF AD 0F 59 08
 (021.147067)  can0  123   [8]  ED 00 50 43 71 1A 1F FF
 (021.147289)  can0  124   [8]  ED 05 F1 F6 83 0F 62 08
 (021.157044)  can0  123   [8]  EE 00 50 43 71 A7 2F FF
 (021.157210)  can0  124   [8]  EE 05 F2 1D 77 0F 6B 08
 (021.167165)  can0  123   [8]  EF 00 50 43 72 34 3E FF
 (021.167180)  can0  124   [8]  EF 05 F2 44 53 0F 74 08
 (021.176741)  can0  123   [8]  F0 00 52 43 72 C1 4F FF
 (021.176929)  can0  124   [8]  F0 05 F2 6B 4B 0F 7D 08
 (021.186709)  can0  123   [8]  F1 00 54 43 73 3E B2 FF
 (021.186838)  can0  124   [8]  F1 05 F2 92 28 0F 85 08
 (021.196677)  can0  123   [8]  F2 00 59 43 73 CB C1 FF
 (021.196947)  can0  124   [8]  F2 05 F2 B9 24 0F 8E 08
 (021.206884)  can0  123   [8]  F3 00 5C 43 74 58 D1 FF
 (021.206902)  can0  124   [8]  F3 05 F2 E0 05 0F 97 08
 (021.216910)  can0  123   [8]  F4 00 5C 43 74 E5 E0 FF
 (021.216931)  can0  124   [8]  F4 05 F3 06 FD 0F A0 08
 (021.226393)  can0  123   [8]  F5 00 5C 43 75 72 F1 FF
 (021.226592)  can0  124   [8]  F5 05 F3 2D D8 0F A9 08
 (021.236381)  can0  123   [8]  F6 00 5F 43 76 00 00 FF
 (021.236582)  can0  124   [8]  F6 05 F3 54 CE 0F B2 08
 (021.246177)  can0  123   [8]  F7 00 6A 43 76 7D 63 FF
 (021.246373)  can0  124   [8]  F7 05 F3 7B 97 0F BA 08
 (021.256101)  can0  123   [8]  F8 00 9E 43 77 0A 72 FF
 (021.256323)  can0  124   [8]  F8 05 F3 A2 8E 0F C3 08
 (021.266018)  can0  123   [8]  F9 00 D1 43 77 97 83 FF
 (021.266232)  can0  124   [8]  F9 05 F3 C9 6C 0F CC 08
 (021.275952)  can0  123   [8]  FA 00 E8 43 78 14 E6 FF
 (021.276105)  can0  124   [8]  FA 05 F3 F0 5E 0F D4 08
 (021.285792)  can0  123   [8]  FB 00 F5 43 78 A1 F5 FF
 (021.285977)  can0  124   [8]  FB 05 F4 17 3D 0F DD 08
 (021.295921)  can0  123   [8]  FC 00 FC 43 79 2F 05 FF
 (021.295940)  can0  124   [8]  FC 05 F4 3E 2B 0F E6 08
 (021.305608)  can0  123   [8]  FD 01 00 43 79 AC 68 FF
 (021.305800)  can0  124   [8]  FD 05 F4 65 0B 0F EE 08
 (021.315942)  can0  123   [8]  FE 01 01 43 7A 39 78 FF
 (021.315969)  can0  124   [8]  FE 05 F4 8B F8 0F F7 08
 (021.325425)  can0  123   [8]  FF 01 03 43 7A B6 DC FF
 (021.325666)  can0  124   [8]  FF 05 F4 B2 DA 0F FF 08
 (021.335666)  can0  123   [8]  00 01 03 43 7B 43 EB FF
 (021.335712)  can0  124   [8]  00 05 F4 D9 C9 10 08 08
 (021.345336)  can0  123   [8]  01 01 02 43 7B C1 4E FF
 (021.345524)  can0  124   [8]  01 05 F5 00 A6 10 10 08
 (021.355188)  can0  123   [8]  02 01 00 43 7C 4E 5F FF
 (021.355552)  can0  124   [8]  02 05 F5 27 8F 10 19 08
 (021.365630)  can0  123   [8]  03 00 FF 43 7C DB 6E FF
 (021.365669)  can0  124   [8]  03 05 F5 4E 6A 10 22 08
 (021.375039)  can0  123   [8]  04 00 FF 43 7D 58 D1 FF
 (021.375475)  can0  124   [8]  04 05 F5 75 4F 10 2A 08
 (021.384922)  can0  123   [8]  05 00 FD 43 7D E5 E1 FF
 (021.385101)  can0  124   [8]  05 05 F5 9C 30 10 33 08
 (021.394864)  can0  123   [8]  06 00 FC 43 7E 63 44 FF
 (021.394996)  can0  124   [8]  06 05 F5 C3 1A 10 3B 08
 (021.404810)  can0  123   [8]  07 00 FB 43 7E F0 54 FF
 (021.404988)  can0  124   [8]  07 05 F5 E9 FC 10 44 08
 (021.414767)  can0  123   [8]  08 00 FA 43 7F 6D B7 FF
 (021.414938)  can0  124   [8]  08 05 F6 10 ED 10 4C 08
 (021.424977)  can0  123   [8]  09 00 FA 43 7F FA C7 FF
 (021.424993)  can0  124   [8]  09 05 F6 37 CF 10 55 08
 (021.434499)  can0  123   [8]  0A 00 F9 43 80 43 EB FF
 (021.434703)  can0  124   [8]  0A 05 F6 5E C1 10 5E 08
 (021.444457)  can0  123   [8]  0B 00 F9 43 80 82 9D FF
 (021.444673)  can0  124   [8]  0B 05 F6 85 A7 10 66 08
 (021.454538)  can0  123   [8]  0C 00 F9 43 80 C9 25 FF
 (021.454567)  can0  124   [8]  0C 05 F6 AC 95 10 6F 08
 (021.464273)  can0  123   [8]  0D 00 F6 43 81 07 D6 FF
 (021.464448)  can0  124   [8]  0D 05 F6 D3 78 10 77 08
 (021.474575)  can0  123   [8]  0E 00 F6 43 81 4E 5E FF
 (021.474598)  can0  124   [8]  0E 05 F6 FA 67 10 80 08
 (021.484201)  can0  123   [8]  0F 00 F4 43 81 8D 0F FF
 (021.484338)  can0  124   [8]  0F 05 F7 21 4F 10 88 08
 (021.494252)  can0  123   [8]  10 00 F1 43 81 D3 98 FF
 (021.494268)  can0  124   [8]  10 05 F7 48 4A 10 91 08
 (021.503889)  can0  123   [8]  11 00 DA 43 82 12 49 FF
 (021.504071)  can0  124   [8]  11 05 F7 6F 21 10 99 08
 (021.513898)  can0  123   [8]  12 00 BB 43 82 58 D1 FF
 (021.514086)  can0  124   [8]  12 05 F7 96 1C 10 A2 08
 (021.524126)  can0  123   [8]  13 00 AA 43 82 97 82 FF
 (021.524148)  can0  124   [8]  13 05 F7 BC F9 10 AA 08
 (021.534138)  can0  123   [8]  14 00 A9 43 82 DE 0B FF
 (021.534157)  can0  124   [8]  14 05 F7 E3 EE 10 B3 08
 (021.543568)  can0  123   [8]  15 00 AF 43 83 1C BC FF
 (021.543740)  can0  124   [8]  15 05 F8 0A CA 10 BB 08
 (021.553542)  can0  123   [8]  16 00 B5 43 83 63 44 FF
 (021.553708)  can0  124   [8]  16 05 F8 31 BF 10 C4 08
 (021.563374)  can0  123   [8]  17 00 B8 43 83 A1 F6 FF
 (021.563577)  can0  124   [8]  17 05 F8 58 A1 10 CC 08
 (021.573405)  can0  123   [8]  18 00 BA 43 83 E8 7D FF
 (021.573600)  can0  124   [8]  18 05 F8 7F 99 10 D5 08
 (021.583262)  can0  123   [8]  19 00 BA 43 84 2F 05 FF
 (021.583485)  can0  124   [8]  19 05 F8 A6 78 10 DE 08
 (021.593398)  can0  123   [8]  1A 00 B9 43 84 6D B7 FF
 (021.593420)  can0  124   [8]  1A 05 F8 CD 6D 10 E6 08
 (021.603174)  can0  123   [8]  1B 00 B8 43 84 AC 69 FF
 (021.603190)  can0  124   [8]  1B 05 F8 F4 4D 10 EE 08
 (021.613159)  can0  123   [8]  1C 00 B8 43 84 F2 F0 FF
 (021.613176)  can0  124   [8]  1C 05 F9 1B 46 10 F7 08
 (021.623023)  can0  123   [8]  1D 00 B8 43 85 39 78 FF
 (021.623040)  can0  124   [8]  1D 05 F9 42 21 11 00 08
 (021.632938)  can0  123   [8]  1E 00 B9 43 85 78 2A FF
 (021.632959)  can0  124   [8]  1E 05 F9 69 1D 11 08 08
 (021.642670)  can0  123   [8]  1F 00 B8 43 85 B6 DC FF
 (021.643116)  can0  124   [8]  1F 05 F9 8F F7 11 10 08
 (021.652635)  can0  123   [8]  20 00 B8 43 85 FD 63 FF
 (021.652759)  can0  124   [8]  20 05 F9 B6 F7 11 19 08
 (021.662552)  can0  123   [8]  21 00 B8 43 86 3C 15 FF
 (021.662667)  can0  124   [8]  21 05 F9 DD D7 11 21 08
 (021.672449)  can0  123   [8]  22 00 B6 43 86 82 9D FF
 (021.672579)  can0  124   [8]  22 05 FA 04 D3 11 2A 08
 (021.682352)  can0  123   [8]  23 00 B1 43 86 C1 4E FF
 (021.682557)  can0  124   [8]  23 05 FA 2B B4 11 32 08
 (021.692266)  can0  123   [8]  24 00 94 43 87 07 D6 FF
 (021.692456)  can0  124   [8]  24 05 FA 52 A6 11 3B 08
 (021.702164)  can0  123   [8]  25 00 72 43 87 46 88 FF
 (021.702349)  can0  124   [8]  25 05 FA 79 83 11 43 08
 (021.712052)  can0  123   [8]  26 00 70 43 87 8D 10 FF
 (021.712336)  can0  124   [8]  26 05 FA A0 7A 11 4C 08
 (021.722037)  can0  123   [8]  27 00 6E 43 87 CB C1 FF
 (021.722237)  can0  124   [8]  27 05 FA C7 53 11 54 08
 (021.731985)  can0  123   [8]  28 00 6E 43 88 0A 73 FF
 (021.732230)  can0  124   [8]  28 05 FA EE 4F 11 5C 08
 (021.741819)  can0  123   [8]  29 00 6E 43 88 50 FB FF
 (021.742035)  can0  124   [8]  29 05 FB 15 27 11 65 08
 (021.752258)  can0  123   [8]  2A 00 6F 43 88 8F AD FF
 (021.752270)  can0  124   [8]  2A 05 FB 3C 21 11 6D 08
 (021.761806)  can0  123   [8]  2B 00 6F 43 88 D6 34 FF
 (021.761822)  can0  124   [8]  2B 05 FB 63 00 11 76 08
 (021.771665)  can0  123   [8]  2C 00 70 43 89 14 E6 FF
 (021.771806)  can0  124   [8]  2C 05 FB 89 F8 11 7E 08
 (021.781537)  can0  123   [8]  2D 00 70 43 89 5B 6E FF
 (021.781686)  can0  124   [8]  2D 05 FB B0 D1 11 87 08
 (021.791403)  can0  123   [8]  2E 00 6F 43 89 9A 20 FF
 (021.791586)  can0  124   [8]  2E 05 FB D7 C9 11 8F 08
 (021.801260)  can0  123   [8]  2F 00 6D 43 89 D8 D1 FF
 (021.801431)  can0  124   [8]  2F 05 FB FE A1 11 97 08
 (021.811189)  can0  123   [8]  30 00 6D 43 8A 1F 59 FF
 (021.811584)  can0  124   [8]  30 05 FC 25 95 11 A0 08
 (021.821074)  can0  123   [8]  31 00 6D 43 8A 5E 0A FF
 (021.821309)  can0  124   [8]  31 05 FC 4C 74 11 A8 08
 (021.830996)  can0  123   [8]  32 00 6D 43 8A 9C BC FF
 (021.831310)  can0  124   [8]  32 05 FC 73 71 11 B0 08
 (021.840970)  can0  123   [8]  33 00 6D 43 8A E3 44 FF
 (021.841171)  can0  124   [8]  33 05 FC 9A 52 11 B9 08
 (021.850867)  can0  123   [8]  34 00 6B 43 8B 21 F5 FF
 (021.851112)  can0  124   [8]  34 05 FC C1 4B 11 C1 08
 (021.860796)  can0  123   [8]  35 00 67 43 8B 68 7E FF
 (021.861033)  can0  124   [8]  35 05 FC E8 2E 11 CA 08
 (021.870737)  can0  123   [8]  36 00 64 43 8B A7 2F FF
 (021.870862)  can0  124   [8]  36 05 FD 0F 2C 11 D2 08
 (021.880643)  can0  123   [8]  37 00 60 43 8B E5 E1 FF
 (021.880790)  can0  124   [8]  37 05 FD 36 21 11 DA 08
 (021.890564)  can0  123   [8]  38 00 5A 43 8C 2C 68 FF
 (021.890781)  can0  124   [8]  38 05 FD 5D 1C 11 E3 08
 (021.900416)  can0  123   [8]  39 00 56 43 8C 6B 1A FF
 (021.900651)  can0  124   [8]  39 05 FD 83 FB 11 EB 08
 (021.910365)  can0  123   [8]  3A 00 54 43 8C B1 A2 FF
 (021.910687)  can0  124   [8]  3A 05 FD AA F7 11 F4 08
 (021.920300)  can0  123   [8]  3B 00 52 43 8C F0 54 FF
 (021.920521)  can0  124   [8]  3B 05 FD D1 D2 11 FC 08
 (021.930213)  can0  123   [8]  3C 00 54 43 8D 36 DB FF
 (021.930413)  can0  124   [8]  3C 05 FD F8 C2 12 05 08
 (021.940413)  can0  123   [8]  3D 00 55 43 8D 75 8D FF
 (021.940434)  can0  124   [8]  3D 05 FE 1F A4 12 0D 08
 (021.950004)  can0  123   [8]  3E 00 56 43 8D BC 15 FF
 (021.950239)  can0  124   [8]  3E 05 FE 46 9F 12 16 08
 (021.960065)  can0  123   [8]  3F 00 57 43 8D FA C6 FF
 (021.960095)  can0  124   [8]  3F 05 FE 6D 7E 12 1E 08
 (021.969911)  can0  123   [8]  40 00 5B 43 8E 41 4F FF
 (021.970523)  can0  124   [8]  40 05 FE 94 78 12 27 08
 (021.979807)  can0  123   [8]  41 00 62 43 8E 80 00 FF
 (021.979960)  can0  124   [8]  41 05 FE BB 57 12 2F 08
 (021.989652)  can0  123   [8]  42 00 68 43 8E C6 88 FF
 (021.989839)  can0  124   [8]  42 05 FE E2 3A 12 38 08
 (021.999564)  can0  123   [8]  43 00 68 43 8F 05 39 FF
 (021.999756)  can0  124   [8]  43 05 FF 09 1D 12 40 08
 (022.009490)  can0  123   [8]  44 00 65 43 8F 4B C2 FF
 (022.009656)  can0  124   [8]  44 05 FF 30 15 12 49 08
 (022.019429)  can0  123   [8]  45 00 5F 43 8F 8A 73 FF
 (022.019653)  can0  124   [8]  45 05 FF 57 0C 12 51 08
 (022.029390)  can0  123   [8]  46 00 5A 43 8F D0 FB FF
 (022.029601)  can0  124   [8]  46 05 FF 7E 07 12 5A 08
 (022.039343)  can0  123   [8]  47 00 58 43 90 0F AC FF
 (022.039520)  can0  124   [8]  47 05 FF A4 ED 12 62 08
 (022.049411)  can0  123   [8]  48 00 59 43 90 56 34 FF
 (022.049430)  can0  124   [8]  48 05 FF CB DD 12 6B 08
 (022.059389)  can0  123   [8]  49 00 5A 43 90 94 E6 FF
 (022.059407)  can0  124   [8]  49 05 FF F2 BA 12 73 08
 (022.068998)  can0  123   [8]  4A 00 52 43 90 DB 6E FF
 (022.069242)  can0  124   [8]  4A 06 00 19 AF 12 7C 08
 (022.079315)  can0  123   [8]  4B 00 43 43 91 1A 1F FF
 (022.079342)  can0  124   [8]  4B 06 00 40 8A 12 84 08
 (022.088831)  can0  123   [8]  4C 00 38 43 91 60 A7 FF
 (022.088978)  can0  124   [8]  4C 06 00 67 78 12 8D 08
 (022.098734)  can0  123   [8]  4D 00 33 43 91 9F 59 FF
 (022.098904)  can0  124   [8]  4D 06 00 8E 59 12 95 08
 (022.108717)  can0  123   [8]  4E 00 31 43 91 E5 E0 FF
 (022.109066)  can0  124   [8]  4E 06 00 B5 51 12 9E 08
 (022.118524)  can0  123   [8]  4F 00 30 43 92 24 93 FF
 (022.118701)  can0  124   [8]  4F 06 00 DC 30 12 A6 08
 (022.128532)  can0  123   [8]  50 00 2F 43 92 63 44 FF
 (022.128708)  can0  124   [8]  50 06 01 03 2D 12 AE 08
 (022.138585)  can0  123   [8]  51 00 2E 43 92 A9 CC FF
 (022.138605)  can0  124   [8]  51 06 01 2A 0C 12 B7 08
 (022.148370)  can0  123   [8]  52 00 2D 43 92 F0 54 FF
 (022.148575)  can0  124   [8]  52 06 01 51 07 12 C0 08
 (022.158275)  can0  123   [8]  53 00 2C 43 93 2F 05 FF
 (022.158483)  can0  124   [8]  53 06 01 77 EA 12 C8 08
 (022.168158)  can0  123   [8]  54 00 2B 43 93 6D B7 FF
 (022.168408)  can0  124   [8]  54 06 01 9E E3 12 D0 08
 (022.177983)  can0  123   [8]  55 00 2B 43 93 B4 3F FF
 (022.178099)  can0  124   [8]  55 06 01 C5 C4 12 D9 08
 (022.187891)  can0  123   [8]  56 00 2B 43 93 F2 F0 FF
 (022.188108)  can0  124   [8]  56 06 01 EC BC 12 E1 08
 (022.197684)  can0  123   [8]  57 00 2B 43 94 39 78 FF
 (022.197961)  can0  124   [8]  57 06 02 13 A0 12 EA 08
 (022.207718)  can0  123   [8]  58 00 2C 43 94 78 2A FF
 (022.207947)  can0  124   [8]  58 06 02 3A 9A 12 F2 08
 (022.217648)  can0  123   [8]  59 00 2C 43 94 B6 DB FF
 (022.217845)  can0  124   [8]  59 06 02 61 74 12 FA 08
 (022.227620)  can0  123   [8]  5A 00 2C 43 94 FD 63 FF
 (022.227864)  can0  124   [8]  5A 06 02 88 6C 13 03 08
 (022.237502)  can0  123   [8]  5B 00 2C 43 95 3C 15 FF
 (022.237714)  can0  124   [8]  5B 06 02 AF 47 13 0B 08
 (022.247419)  can0  123   [8]  5C 00 2C 43 95 82 9D FF
 (022.247639)  can0  124   [8]  5C 06 02 D6 37 13 14 08
 (022.257316)  can0  123   [8]  5D 00 2C 43 95 C1 4E FF
 (022.257483)  can0  124   [8]  5D 06 02 FD 10 13 1C 08
 (022.267464)  can0  123   [8]  5E 00 2C 43 96 07 D6 FF
 (022.267495)  can0  124   [8]  5E 06 03 24 0C 13 25 08
 (022.277202)  can0  123   [8]  5F 00 2C 43 96 46 88 FF
 (022.277381)  can0  124   [8]  5F 06 03 4A E6 13 2D 08
 (022.287135)  can0  123   [8]  60 00 2C 43 96 8D 10 FF
 (022.287495)  can0  124   [8]  60 06 03 71 D6 13 36 08
 (022.296986)  can0  123   [8]  61 00 2C 43 96 CB C1 FF
 (022.297212)  can0  124   [8]  61 06 03 98 B4 13 3E 08
 (022.306928)  can0  123   [8]  62 00 2C 43 97 12 49 FF
 (022.307077)  can0  124   [8]  62 06 03 BF A9 13 47 08
 (022.316864)  can0  123   [8]  63 00 2D 43 97 50 FB FF
 (022.317039)  can0  124   [8]  63 06 03 E6 86 13 4F 08
 (022.326916)  can0  123   [8]  64 00 2D 43 97 97 82 FF
 (022.326958)  can0  124   [8]  64 06 04 0D 83 13 58 08
 (022.336834)  can0  123   [8]  65 00 2D 43 97 D6 34 FF
 (022.336879)  can0  124   [8]  65 06 04 34 66 13 60 08
 (022.346538)  can0  123   [8]  66 00 2D 43 98 14 E6 FF
 (022.346824)  can0  124   [8]  66 06 04 5B 53 13 68 08
 (022.356499)  can0  123   [8]  67 00 2D 43 98 5B 6E FF
 (022.356903)  can0  124   [8]  67 06 04 82 40 13 71 08
 (022.366394)  can0  123   [8]  68 00 2D 43 98 9A 1F FF
 (022.366595)  can0  124   [8]  68 06 04 A9 3B 13 79 08
 (022.376419)  can0  123   [8]  69 00 2D 43 98 E0 A8 FF
 (022.376453)  can0  124   [8]  69 06 04 D0 15 13 82 08
 (022.386511)  can0  123   [8]  6A 00 2D 43 99 1F 59 FF
 (022.386555)  can0  124   [8]  6A 06 04 F7 0D 13 8A 08
 (022.396251)  can0  123   [8]  6B 00 2D 43 99 5E 0B FF
 (022.396293)  can0  124   [8]  6B 06 05 1D F0 13 92 08
 (022.406102)  can0  123   [8]  6C 00 2E 43 99 A4 92 FF
 (022.406232)  can0  124   [8]  6C 06 05 44 E7 13 9B 08
 (022.415896)  can0  123   [8]  6D 00 2E 43 99 E3 44 FF
 (022.416197)  can0  124   [8]  6D 06 05 6B CD 13 A3 08
 (022.425831)  can0  123   [8]  6E 00 2E 43 9A 29 CC FF
 (022.426075)  can0  124   [8]  6E 06 05 92 C7 13 AC 08
 (022.435774)  can0  123   [8]  6F 00 2E 43 9A 68 7D FF
 (022.435968)  can0  124   [8]  6F 06 05 B9 AC 13 B4 08
 (022.445853)  can0  123   [8]  70 00 2E 43 9A A7 2F FF
 (022.445888)  can0  124   [8]  70 06 05 E0 A8 13 BC 08
 (022.455975)  can0  123   [8]  71 00 2F 43 9A ED B7 FF
 (022.456022)  can0  124   [8]  71 06 06 07 8C 13 C5 08
 (022.465653)  can0  123   [8]  72 00 2F 43 9B 2C 69 FF
 (022.465688)  can0  124   [8]  72 06 06 2E 8E 13 CD 08
 (022.475417)  can0  123   [8]  73 00 2F 43 9B 72 F0 FF
 (022.475575)  can0  124   [8]  73 06 06 55 72 13 D6 08
 (022.485336)  can0  123   [8]  74 00 2F 43 9B B1 A2 FF
 (022.485787)  can0  124   [8]  74 06 06 7C 6D 13 DE 08
 (022.495264)  can0  123   [8]  75 00 2F 43 9B F0 53 FF
 (022.495399)  can0  124   [8]  75 06 06 A3 51 13 E6 08
 (022.505179)  can0  123   [8]  76 00 2F 43 9C 36 DC FF
 (022.505418)  can0  124   [8]  76 06 06 CA 4D 13 EF 08
 (022.515050)  can0  123   [8]  77 00 2F 43 9C 75 8D FF
 (022.515510)  can0  124   [8]  77 06 06 F1 2F 13 F7 08
 (022.524954)  can0  123   [8]  78 00 30 43 9C BC 15 FF
 (022.525266)  can0  124   [8]  78 06 07 18 26 14 00 08
 (022.535062)  can0  123   [8]  79 00 30 43 9C FA C6 FF
 (022.535107)  can0  124   [8]  79 06 07 3F 08 14 08 08
 (022.544774)  can0  123   [8]  7A 00 30 43 9D 41 4E FF
 (022.545239)  can0  124   [8]  7A 06 07 66 07 14 11 08
 (022.554972)  can0  123   [8]  7B 00 30 43 9D 80 00 FF
 (022.555002)  can0  124   [8]  7B 06 07 8C EE 14 19 08
 (022.564602)  can0  123   [8]  7C 00 30 43 9D C6 88 FF
 (022.564873)  can0  124   [8]  7C 06 07 B3 EB 14 22 08
 (022.574928)  can0  123   [8]  7D 00 30 43 9E 05 3A FF
 (022.574978)  can0  124   [8]  7D 06 07 DA CF 14 2A 08
 (022.584497)  can0  123   [8]  7E 00 31 43 9E 43 EB FF
 (022.584823)  can0  124   [8]  7E 06 08 01 CD 14 32 08
 (022.594558)  can0  123   [8]  7F 00 31 43 9E 82 9D FF
 (022.594588)  can0  124   [8]  7F 06 08 28 B2 14 3A 08
 (022.604333)  can0  123   [8]  80 00 31 43 9E C9 24 FF
 (022.604501)  can0  124   [8]  80 06 08 4F AD 14 43 08
 (022.614304)  can0  123   [8]  81 00 31 43 9F 07 D6 FF
 (022.614496)  can0  124   [8]  81 06 08 76 8A 14 4B 08
 (022.624062)  can0  123   [8]  82 00 31 43 9F 4E 5E FF
 (022.624295)  can0  124   [8]  82 06 08 9D 83 14 54 08
 (022.634048)  can0  123   [8]  83 00 32 43 9F 8D 10 FF
 (022.634217)  can0  124   [8]  83 06 08 C4 6B 14 5C 08
 (022.643977)  can0  123   [8]  84 00 32 43 9F CB C1 FF
 (022.644176)  can0  124   [8]  84 06 08 EB 66 14 64 08
 (022.653873)  can0  123   [8]  85 00 32 43 A0 12 49 FF
 (022.654037)  can0  124   [8]  85 06 09 12 47 14 6D 08
 (022.664374)  can0  123   [8]  86 00 32 43 A0 50 FB FF
 (022.664391)  can0  124   [8]  86 06 09 39 41 14 75 08
 (022.673654)  can0  123   [8]  87 00 33 43 A0 97 83 FF
 (022.673897)  can0  124   [8]  87 06 09 60 1F 14 7E 08
 (022.683668)  can0  123   [8]  88 00 33 43 A0 D6 34 FF
 (022.683902)  can0  124   [8]  88 06 09 87 1C 14 86 08
 (022.693437)  can0  123   [8]  89 00 33 43 A1 1C BC FF
 (022.693672)  can0  124   [8]  89 06 09 AD FE 14 8F 08
 (022.703690)  can0  123   [8]  8A 00 33 43 A1 5B 6E FF
 (022.703730)  can0  124   [8]  8A 06 09 D4 F7 14 97 08
 (022.713373)  can0  123   [8]  8B 00 33 43 A1 A1 F5 FF
 (022.713472)  can0  124   [8]  8B 06 09 FB D6 14 A0 08
 (022.723399)  can0  123   [8]  8C 00 33 43 A1 E0 A7 FF
 (022.723605)  can0  124   [8]  8C 06 0A 22 D1 14 A8 08
 (022.733146)  can0  123   [8]  8D 00 33 43 A2 1F 58 FF
 (022.733548)  can0  124   [8]  8D 06 0A 49 AC 14 B0 08
 (022.743142)  can0  123   [8]  8E 00 34 43 A2 65 E1 FF
 (022.743590)  can0  124   [8]  8E 06 0A 70 A4 14 B9 08
 (022.752946)  can0  123   [8]  8F 00 34 43 A2 A4 92 FF
 (022.753152)  can0  124   [8]  8F 06 0A 97 8A 14 C1 08
 (022.763109)  can0  123   [8]  90 00 34 43 A2 EB 1A FF
 (022.763127)  can0  124   [8]  90 06 0A BE 7F 14 CA 08
 (022.772906)  can0  123   [8]  91 00 34 43 A3 29 CC FF
 (022.773050)  can0  124   [8]  91 06 0A E5 5F 14 D2 08
 (022.782809)  can0  123   [8]  92 00 34 43 A3 68 7E FF
 (022.782998)  can0  124   [8]  92 06 0B 0C 5A 14 DA 08
 (022.792594)  can0  123   [8]  93 00 35 43 A3 AF 05 FF
 (022.792863)  can0  124   [8]  93 06 0B 33 3F 14 E3 08
 (022.802631)  can0  123   [8]  94 00 35 43 A3 ED B7 FF
 (022.802869)  can0  124   [8]  94 06 0B 5A 36 14 EB 08
 (022.812615)  can0  123   [8]  95 00 36 43 A4 2C 68 FF
 (022.812631)  can0  124   [8]  95 06 0B 81 0E 14 F3 08
 (022.822369)  can0  123   [8]  96 00 36 43 A4 72 F0 FF
 (022.822675)  can0  124   [8]  96 06 0B A8 0E 14 FC 08
 (022.832340)  can0  123   [8]  97 00 37 43 A4 B1 A2 FF
 (022.832519)  can0  124   [8]  97 06 0B CE ED 15 04 08
 (022.842253)  can0  123   [8]  98 00 38 43 A4 F0 54 FF
 (022.842417)  can0  124   [8]  98 06 0B F5 E6 15 0C 08
 (022.852156)  can0  123   [8]  99 00 38 43 A5 2F 05 FF
 (022.852375)  can0  124   [8]  99 06 0C 1C C5 15 14 08
 (022.862079)  can0  123   [8]  9A 00 39 43 A5 75 8D FF
 (022.862280)  can0  124   [8]  9A 06 0C 43 B9 15 1D 08
 (022.871994)  can0  123   [8]  9B 00 39 43 A5 B4 3F FF
 (022.872230)  can0  124   [8]  9B 06 0C 6A 9E 15 25 08
 (022.882069)  can0  123   [8]  9C 00 3A 43 A5 FA C6 FF
 (022.882086)  can0  124   [8]  9C 06 0C 91 92 15 2E 08
 (022.891958)  can0  123   [8]  9D 00 3A 43 A6 39 78 FF
 (022.891976)  can0  124   [8]  9D 06 0C B8 72 15 36 08
 (022.901735)  can0  123   [8]  9E 00 3B 43 A6 78 2A FF
 (022.901856)  can0  124   [8]  9E 06 0C DF 69 15 3E 08
 (022.911655)  can0  123   [8]  9F 00 3B 43 A6 BE B2 FF
 (022.911865)  can0  124   [8]  9F 06 0D 06 4E 15 47 08
 (022.921461)  can0  123   [8]  A0 00 3B 43 A6 FD 63 FF
 (022.921924)  can0  124   [8]  A0 06 0D 2D 4A 15 4F 08
 (022.931418)  can0  123   [8]  A1 00 37 43 A7 3C 15 FF
 (022.931631)  can0  124   [8]  A1 06 0D 54 2D 15 57 08
 (022.941342)  can0  123   [8]  A2 00 36 43 A7 82 9D FF
 (022.941550)  can0  124   [8]  A2 06 0D 7B 20 15 60 08
 (022.951274)  can0  123   [8]  A3 00 3D 43 A7 C1 4F FF
 (022.951494)  can0  124   [8]  A3 06 0D A1 FC 15 68 08
 (022.961191)  can0  123   [8]  A4 00 42 43 A8 00 00 FF
 (022.961572)  can0  124   [8]  A4 06 0D C8 F1 15 70 08
 (022.971114)  can0  123   [8]  A5 00 42 43 A8 3E B2 FF
 (022.971244)  can0  124   [8]  A5 06 0D EF C6 15 78 08
 (022.981014)  can0  123   [8]  A6 00 42 43 A8 85 39 FF
 (022.981253)  can0  124   [8]  A6 06 0E 16 BB 15 81 08
 (022.990858)  can0  123   [8]  A7 00 42 43 A8 C3 EB FF
 (022.991040)  can0  124   [8]  A7 06 0E 3D 9B 15 89 08
 (023.000763)  can0  123   [8]  A8 00 42 43 A9 02 9D FF
 (023.000996)  can0  124   [8]  A8 06 0E 64 90 15 91 08
 (023.010759)  can0  123   [8]  A9 00 43 43 A9 49 24 FF
 (023.010946)  can0  124   [8]  A9 06 0E 8B 70 15 9A 08
 (023.020533)  can0  123   [8]  AA 00 43 43 A9 87 D6 FF
 (023.020815)  can0  124   [8]  AA 06 0E B2 63 15 A2 08
 (023.030494)  can0  123   [8]  AB 00 43 43 A9 C6 88 FF
 (023.030670)  can0  124   [8]  AB 06 0E D9 3E 15 AA 08
 (023.040371)  can0  123   [8]  AC 00 43 43 AA 0D 10 FF
 (023.040621)  can0  124   [8]  AC 06 0F 00 38 15 B3 08
 (023.050368)  can0  123   [8]  AD 00 43 43 AA 4B C1 FF
 (023.050507)  can0  124   [8]  AD 06 0F 27 14 15 BB 08
 (023.060280)  can0  123   [8]  AE 00 43 43 AA 8A 73 FF
 (023.060517)  can0  124   [8]  AE 06 0F 4E 03 15 C3 08
 (023.070174)  can0  123   [8]  AF 00 43 43 AA D0 FB FF
 (023.070627)  can0  124   [8]  AF 06 0F 74 E7 15 CC 08
 (023.080110)  can0  123   [8]  B0 00 43 43 AB 0F AD FF
 (023.080527)  can0  124   [8]  B0 06 0F 9B E0 15 D4 08
 (023.090036)  can0  123   [8]  B1 00 42 43 AB 4E 5E FF
 (023.090132)  can0  124   [8]  B1 06 0F C2 BD 15 DC 08
 (023.099963)  can0  123   [8]  B2 00 42 43 AB 94 E6 FF
 (023.100121)  can0  124   [8]  B2 06 0F E9 AD 15 E5 08
 (023.109807)  can0  123   [8]  B3 00 42 43 AB D3 97 FF
 (023.110132)  can0  124   [8]  B3 06 10 10 89 15 ED 08
 (023.119814)  can0  123   [8]  B4 00 42 43 AC 12 49 FF
 (023.119913)  can0  124   [8]  B4 06 10 37 81 15 F5 08
 (023.129835)  can0  123   [8]  B5 00 42 43 AC 58 D1 FF
 (023.129873)  can0  124   [8]  B5 06 10 5E 61 15 FE 08
 (023.139612)  can0  123   [8]  B6 00 42 43 AC 97 83 FF
 (023.140049)  can0  124   [8]  B6 06 10 85 5E 16 06 08
 (023.149557)  can0  123   [8]  B7 00 41 43 AC D6 34 FF
 (023.149703)  can0  124   [8]  B7 06 10 AC 3E 16 0E 08
 (023.159643)  can0  123   [8]  B8 00 41 43 AD 1C BC FF
 (023.159700)  can0  124   [8]  B8 06 10 D3 30 16 17 08
 (023.169597)  can0  123   [8]  B9 00 41 43 AD 5B 6E FF
 (023.169655)  can0  124   [8]  B9 06 10 FA 12 16 1F 08
 (023.179372)  can0  123   [8]  BA 00 41 43 AD A1 F5 FF
 (023.179403)  can0  124   [8]  BA 06 11 21 07 16 28 08
 (023.189098)  can0  123   [8]  BB 00 41 43 AD E0 A7 FF
 (023.189409)  can0  124   [8]  BB 06 11 47 EA 16 30 08
 (023.199025)  can0  123   [8]  BC 00 41 43 AE 1F 59 FF
 (023.199412)  can0  124   [8]  BC 06 11 6E E3 16 38 08
 (023.209328)  can0  123   [8]  BD 00 40 43 AE 65 E1 FF
 (023.209369)  can0  124   [8]  BD 06 11 95 C1 16 41 08
 (023.218983)  can0  123   [8]  BE 00 40 43 AE A4 92 FF
 (023.219111)  can0  124   [8]  BE 06 11 BC BA 16 49 08
 (023.228901)  can0  123   [8]  BF 00 40 43 AE EB 1A FF
 (023.228932)  can0  124   [8]  BF 06 11 E3 99 16 52 08
 (023.238730)  can0  123   [8]  C0 00 40 43 AF 29 CC FF
 (023.238975)  can0  124   [8]  C0 06 12 0A 85 16 5A 08
 (023.248699)  can0  123   [8]  C1 00 40 43 AF 68 7E FF
 (023.249153)  can0  124   [8]  C1 06 12 31 6E 16 62 08
 (023.258540)  can0  123   [8]  C2 00 40 43 AF AF 05 FF
 (023.258757)  can0  124   [8]  C2 06 12 58 67 16 6B 08
 (023.268458)  can0  123   [8]  C3 00 40 43 AF ED B7 FF
 (023.268578)  can0  124   [8]  C3 06 12 7F 46 16 73 08
 (023.278393)  can0  123   [8]  C4 00 40 43 B0 34 3F FF
 (023.278598)  can0  124   [8]  C4 06 12 A6 41 16 7C 08
 (023.288297)  can0  123   [8]  C5 00 3F 43 B0 72 F0 FF
 (023.288424)  can0  124   [8]  C5 06 12 CD 21 16 84 08
 (023.298110)  can0  123   [8]  C6 00 3F 43 B0 B1 A2 FF
 (023.298411)  can0  124   [8]  C6 06 12 F4 1F 16 8C 08
 (023.308057)  can0  123   [8]  C7 00 3F 43 B0 F8 29 FF
 (023.308341)  can0  124   [8]  C7 06 13 1A FB 16 95 08
 (023.318034)  can0  123   [8]  C8 00 3F 43 B1 36 DC FF
 (023.318167)  can0  124   [8]  C8 06 13 41 F8 16 9D 08
 (023.328120)  can0  123   [8]  C9 00 3F 43 B1 7D 63 FF
 (023.328167)  can0  124   [8]  C9 06 13 68 D4 16 A6 08
 (023.337886)  can0  123   [8]  CA 00 3F 43 B1 BC 15 FF
 (023.338069)  can0  124   [8]  CA 06 13 8F DE 16 AE 08
 (023.347812)  can0  123   [8]  CB 00 3F 43 B2 02 9D FF
 (023.348076)  can0  124   [8]  CB 06 13 B6 BC 16 B7 08
 (023.357691)  can0  123   [8]  CC 00 3F 43 B2 41 4F FF
 (023.357882)  can0  124   [8]  CC 06 13 DD B3 16 BF 08
 (023.367730)  can0  123   [8]  CD 00 3F 43 B2 87 D6 FF
 (023.367763)  can0  124   [8]  CD 06 14 04 91 16 C8 08
 (023.377722)  can0  123   [8]  CE 00 3E 43 B2 C6 88 FF
 (023.377772)  can0  124   [8]  CE 06 14 2B 86 16 D0 08
 (023.387462)  can0  123   [8]  CF 00 3E 43 B3 0D 10 FF
 (023.387572)  can0  124   [8]  CF 06 14 52 64 16 D9 08
 (023.397359)  can0  123   [8]  D0 00 3E 43 B3 53 97 FF
 (023.397510)  can0  124   [8]  D0 06 14 79 61 16 E2 08
 (023.407219)  can0  123   [8]  D1 00 3E 43 B3 92 49 FF
 (023.407524)  can0  124   [8]  D1 06 14 A0 3E 16 EA 08
 (023.417199)  can0  123   [8]  D2 00 3E 43 B3 D8 D1 FF
 (023.417345)  can0  124   [8]  D2 06 14 C7 38 16 F3 08
 (023.427438)  can0  123   [8]  D3 00 3E 3E 7A C6 88 FF
 (023.427462)  can0  124   [8]  D3 06 14 EE 18 00 04 08
 (023.437049)  can0  123   [8]  D4 00 3E 3F 3C 14 E5 FF
 (023.437339)  can0  124   [8]  D4 06 15 15 0E 00 0C 08
 (023.446890)  can0  123   [8]  D5 00 3E 3F A4 92 49 FF
 (023.447147)  can0  124   [8]  D5 06 15 3B E7 00 15 08
 (023.457094)  can0  123   [8]  D6 00 3E 3F E3 43 EB FF
 (023.457146)  can0  124   [8]  D6 06 15 62 DB 00 1D 08
 (023.466662)  can0  123   [8]  D7 00 3E 40 14 E5 E1 FF
 (023.467091)  can0  124   [8]  D7 06 15 89 C0 00 26 08
 (023.476797)  can0  123   [8]  D8 00 3E 40 34 3E B2 FF
 (023.476836)  can0  124   [8]  D8 06 15 B0 B4 00 2E 08
 (023.486718)  can0  123   [8]  D9 00 3E 40 57 82 9C FF
 (023.486753)  can0  124   [8]  D9 06 15 D7 8C 00 37 08
 (023.496481)  can0  123   [8]  DA 00 3E 40 7A C6 88 FF
 (023.496603)  can0  124   [8]  DA 06 15 FE 8F 00 40 08
 (023.506329)  can0  123   [8]  DB 00 3E 40 8D 0F AC FF
 (023.506593)  can0  124   [8]  DB 06 16 25 6B 00 48 08
 (023.516217)  can0  123   [8]  DC 00 3E 40 9E B1 A2 FF
 (023.516482)  can0  124   [8]  DC 06 16 4C 64 00 51 08
 (023.526209)  can0  123   [8]  DD 00 3E 40 B0 53 98 FF
 (023.526372)  can0  124   [8]  DD 06 16 73 42 00 5A 08
 (023.536195)  can0  123   [8]  DE 00 3E 40 C0 00 01 FF
 (023.536392)  can0  124   [8]  DE 06 16 9A 3B 00 62 08
 (023.546200)  can0  123   [8]  DF 00 3E 40 CF AC 68 FF
 (023.546226)  can0  124   [8]  DF 06 16 C1 18 00 6A 08
 (023.555911)  can0  123   [8]  E0 00 3E 40 E1 4E 5E FF
 (023.556116)  can0  124   [8]  E0 06 16 E8 0F 00 73 08
 (023.565930)  can0  123   [8]  E1 00 3E 40 F2 F0 54 FF
 (023.566191)  can0  124   [8]  E1 06 17 0E EC 00 7C 08
 (023.575791)  can0  123   [8]  E2 00 3E 41 01 4E 5E FF
 (023.575938)  can0  124   [8]  E2 06 17 35 E6 00 84 08
 (023.585682)  can0  123   [8]  E3 00 3E 41 0A 1F 59 FF
 (023.585869)  can0  124   [8]  E3 06 17 5C C7 00 8D 08
 (023.595868)  can0  123   [8]  E4 00 3E 41 12 F0 54 FF
 (023.595893)  can0  124   [8]  E4 06 17 83 C0 00 96 08
 (023.605606)  can0  123   [8]  E5 00 3E 41 1A C6 88 FF
 (023.606053)  can0  124   [8]  E5 06 17 AA 9F 00 9E 08
 (023.615418)  can0  123   [8]  E6 00 3E 41 23 97 82 FF
 (023.615614)  can0  124   [8]  E6 06 17 D1 96 00 A7 08
 (023.625692)  can0  123   [8]  E7 00 3E 41 2B 6D B7 FF
 (023.625731)  can0  124   [8]  E7 06 17 F8 74 00 AF 08
 (023.635221)  can0  123   [8]  E8 00 3E 41 34 3E B2 FF
 (023.635447)  can0  124   [8]  E8 06 18 1F 6B 00 B8 08
 (023.645294)  can0  123   [8]  E9 00 3E 41 3C 14 E5 FF
 (023.645320)  can0  124   [8]  E9 06 18 46 46 00 C0 08
 (023.655344)  can0  123   [8]  EA 00 3D 41 41 F5 8D FF
 (023.655368)  can0  124   [8]  EA 06 18 6D 3E 00 C6 08
 (023.665147)  can0  123   [8]  EB 00 3D 41 43 EB 1B FF
 (023.665164)  can0  124   [8]  EB 06 18 94 1B 00 C8 08
 (023.675123)  can0  123   [8]  EC 00 3D 41 44 E5 E1 FF
 (023.675145)  can0  124   [8]  EC 06 18 BB 10 00 C9 08
 (023.684920)  can0  123   [8]  ED 00 3D 41 44 E5 E1 FF
 (023.684936)  can0  124   [8]  ED 06 18 E1 EB 00 C9 08
 (023.694784)  can0  123   [8]  EE 00 3D 41 43 EB 1B FF
 (023.694944)  can0  124   [8]  EE 06 19 08 E1 00 C8 08
 (023.704657)  can0  123   [8]  EF 00 3D 41 43 EB 1B FF
 (023.704851)  can0  124   [8]  EF 06 19 2F B7 00 C8 08
 (023.714539)  can0  123   [8]  F0 00 3D 41 43 EB 1B FF
 (023.714864)  can0  124   [8]  F0 06 19 56 AB 00 C8 08
 (023.724475)  can0  123   [8]  F1 00 3D 41 43 EB 1B FF
 (023.724651)  can0  124   [8]  F1 06 19 7D 89 00 C8 08
 (023.734664)  can0  123   [8]  F2 00 3D 41 43 EB 1B FF
 (023.734704)  can0  124   [8]  F2 06 19 A4 7B 00 C8 08
 (023.744531)  can0  123   [8]  F3 00 3D 41 43 EB 1B FF
 (023.744582)  can0  124   [8]  F3 06 19 CB 56 00 C8 08
 (023.754292)  can0  123   [8]  F4 00 3D 41 43 EB 1B FF
 (023.754468)  can0  124   [8]  F4 06 19 F2 4C 00 C8 08
 (023.764380)  can0  123   [8]  F5 00 3D 41 41 F5 8D FF
 (023.764426)  can0  124   [8]  F5 06 1A 19 2B 00 C6 08
 (023.773955)  can0  123   [8]  F6 00 3D 41 3F 05 39 FF
 (023.774231)  can0  124   [8]  F6 06 1A 40 1F 00 C3 08
 (023.783869)  can0  123   [8]  F7 00 3D 41 3D 0F AD FF
 (023.784060)  can0  124   [8]  F7 06 1A 66 F6 00 C1 08
 (023.793848)  can0  123   [8]  F8 00 3D 41 3A 1F 59 FF
 (023.794045)  can0  124   [8]  F8 06 1A 8D EE 00 BE 08
 (023.803744)  can0  123   [8]  F9 00 3D 41 36 34 3F FF
 (023.803886)  can0  124   [8]  F9 06 1A B4 C9 00 BA 08
 (023.813639)  can0  123   [8]  FA 00 3D 41 33 43 EB FF
 (023.813846)  can0  124   [8]  FA 06 1A DB BF 00 B7 08
 (023.823586)  can0  123   [8]  FB 00 3D 41 30 53 98 FF
 (023.823723)  can0  124   [8]  FB 06 1B 02 A1 00 B4 08
 (023.833639)  can0  123   [8]  FC 00 3D 41 2C 68 7E FF
 (023.833658)  can0  124   [8]  FC 06 1B 29 96 00 B0 08
 (023.843688)  can0  123   [8]  FD 00 3D 41 29 78 2A FF
 (023.843714)  can0  124   [8]  FD 06 1B 50 73 00 AD 08
 (023.853358)  can0  123   [8]  FE 00 3D 41 25 8D 0F FF
 (023.853655)  can0  124   [8]  FE 06 1B 77 67 00 A9 08
 (023.863285)  can0  123   [8]  FF 00 3D 41 22 9C BC FF
 (023.863423)  can0  124   [8]  FF 06 1B 9E 43 00 A6 08
 (023.873848)  can0  123   [8]  00 00 3D 41 1D B6 DC FF
 (023.873872)  can0  124   [8]  00 06 1B C5 39 00 A1 08
 (023.883047)  can0  123   [8]  01 00 3D 41 19 CB C2 FF
 (023.883254)  can0  124   [8]  01 06 1B EC 16 00 9D 08
 (023.893005)  can0  123   [8]  02 00 3D 41 16 DB 6E FF
 (023.893305)  can0  124   [8]  02 06 1C 13 10 00 9A 08
 (023.902867)  can0  123   [8]  03 00 3D 41 11 F5 8D FF
 (023.903045)  can0  124   [8]  03 06 1C 39 F4 00 95 08
 (023.912751)  can0  123   [8]  04 00 3D 41 0E 0A 73 FF
 (023.912954)  can0  124   [8]  04 06 1C 60 ED 00 91 08
 (023.922722)  can0  123   [8]  05 00 3D 41 0A 1F 59 FF
 (023.922860)  can0  124   [8]  05 06 1C 87 CB 00 8D 08
 (023.932672)  can0  123   [8]  06 00 3D 41 06 34 3F FF
 (023.932883)  can0  124   [8]  06 06 1C AE C6 00 89 08
 (023.942563)  can0  123   [8]  07 00 3D 41 01 4E 5E FF
 (023.942691)  can0  124   [8]  07 06 1C D5 A6 00 84 08
 (023.952518)  can0  123   [8]  08 00 3D 40 FA C6 88 FF
 (023.952804)  can0  124   [8]  08 06 1C FC A2 00 80 08
 (023.962399)  can0  123   [8]  09 00 3D 40 F2 F0 54 FF
 (023.962898)  can0  124   [8]  09 06 1D 23 7D 00 7C 08
 (023.972339)  can0  123   [8]  0A 00 3D 40 E9 24 93 FF
 (023.972493)  can0  124   [8]  0A 06 1D 4A 79 00 77 08
 (023.982689)  can0  123   [8]  0B 00 3D 40 E1 4E 5E FF
 (023.982712)  can0  124   [8]  0B 06 1D 71 58 00 73 08
 (023.992033)  can0  123   [8]  0C 00 3D 40 D7 82 9C FF
 (023.992371)  can0  124   [8]  0C 06 1D 98 50 00 6E 08
 (024.002076)  can0  123   [8]  0D 00 3D 40 CD B6 DC FF
 (024.002258)  can0  124   [8]  0D 06 1D BF 32 00 69 08
 (024.011978)  can0  123   [8]  0E 00 3D 40 C3 EB 1B FF
 (024.012157)  can0  124   [8]  0E 06 1D E6 29 00 64 08
 (024.021803)  can0  123   [8]  0F 00 3D 40 BC 14 E5 FF
 (024.022003)  can0  124   [8]  0F 06 1E 0D 09 00 60 08
 (024.031764)  can0  123   [8]  10 00 3D 40 B2 49 25 FF
 (024.031959)  can0  124   [8]  10 06 1E 34 02 00 5B 08
 (024.041721)  can0  123   [8]  11 00 3D 40 A8 7D 63 FF
 (024.041900)  can0  124   [8]  11 06 1E 5A E0 00 56 08
 (024.051576)  can0  123   [8]  12 00 3D 40 9E B1 A2 FF
 (024.051722)  can0  124   [8]  12 06 1E 81 D7 00 51 08
 (024.061887)  can0  123   [8]  13 00 3D 40 94 E5 E1 FF
 (024.061910)  can0  124   [8]  13 06 1E A8 B4 00 4C 08
 (024.071604)  can0  123   [8]  14 00 3D 40 8B 1A 1F FF
 (024.071622)  can0  124   [8]  14 06 1E CF AF 00 47 08
 (024.081350)  can0  123   [8]  15 00 3D 40 81 4E 5E FF
 (024.081500)  can0  124   [8]  15 06 1E F6 93 00 42 08
 (024.091471)  can0  123   [8]  16 00 3D 40 6F 05 39 FF
 (024.091495)  can0  124   [8]  16 06 1F 1D 88 00 3D 08
 (024.101122)  can0  123   [8]  17 00 3D 40 5B 6D B7 FF
 (024.101296)  can0  124   [8]  17 06 1F 44 6D 00 38 08
 (024.111030)  can0  123   [8]  18 00 3D 40 47 D6 34 FF
 (024.111239)  can0  124   [8]  18 06 1F 6B 66 00 33 08
 (024.121145)  can0  123   [8]  19 00 3D 40 30 53 98 FF
 (024.121161)  can0  124   [8]  19 06 1F 92 4A 00 2D 08
 (024.131159)  can0  123   [8]  1A 00 3D 40 1C BC 15 FF
 (024.131178)  can0  124   [8]  1A 06 1F B9 48 00 28 08
 (024.141018)  can0  123   [8]  1B 00 3D 40 09 24 92 FF
 (024.141039)  can0  124   [8]  1B 06 1F E0 27 00 23 08
 (024.150715)  can0  123   [8]  1C 00 3D 3F E3 43 EB FF
 (024.150864)  can0  124   [8]  1C 06 20 07 22 00 1D 08
 (024.160667)  can0  123   [8]  1D 00 3D 3F BC 14 E5 FF
 (024.160821)  can0  124   [8]  1D 06 20 2E 06 00 18 08
 (024.170614)  can0  123   [8]  1E 00 3D 3F 8D 0F AC FF
 (024.170805)  can0  124   [8]  1E 06 20 54 FD 00 12 08
 (024.180471)  can0  123   [8]  1F 00 3D 3F 4B C1 4E FF
 (024.180706)  can0  124   [8]  1F 06 20 7B E0 00 0D 08
 (024.190351)  can0  123   [8]  20 00 3D 3E DB 6D B7 FF
 (024.190634)  can0  124   [8]  20 06 20 A2 D6 00 07 08
 (024.200264)  can0  123   [8]  21 00 3D 3D FA C6 88 FF
 (024.200596)  can0  124   [8]  21 06 20 C9 B7 00 02 08
 (024.210175)  can0  123   [8]  22 00 3D 43 B3 E0 A7 FF
 (024.210361)  can0  124   [8]  22 06 20 F0 B6 16 F4 08
 (024.220078)  can0  123   [8]  23 00 3D 43 B3 B1 A2 FF
 (024.220245)  can0  124   [8]  23 06 21 17 95 16 EE 08
 (024.229974)  can0  123   [8]  24 00 3D 43 B3 82 9D FF
 (024.230176)  can0  124   [8]  24 06 21 3E 8D 16 E8 08
 (024.239917)  can0  123   [8]  25 00 3E 43 B3 53 97 FF
 (024.240099)  can0  124   [8]  25 06 21 65 70 16 E2 08
 (024.250110)  can0  123   [8]  26 00 3E 43 B3 24 92 FF
 (024.250131)  can0  124   [8]  26 06 21 8C 6A 16 DC 08
 (024.260132)  can0  123   [8]  27 00 3E 43 B2 F5 8D FF
 (024.260159)  can0  124   [8]  27 06 21 B3 50 16 D6 08
 (024.269648)  can0  123   [8]  28 00 3E 43 B2 C6 88 FF
 (024.270040)  can0  124   [8]  28 06 21 DA 4C 16 D0 08
 (024.279591)  can0  123   [8]  29 00 3E 43 B2 97 83 FF
 (024.279825)  can0  124   [8]  29 06 22 01 2B 16 CA 08
 (024.289536)  can0  123   [8]  2A 00 3E 43 B2 68 7D FF
 (024.289768)  can0  124   [8]  2A 06 22 28 21 16 C4 08
 (024.299238)  can0  123   [8]  2B 00 3E 43 B2 39 78 FF
 (024.299483)  can0  124   [8]  2B 06 22 4F 04 16 BE 08
 (024.309255)  can0  123   [8]  2C 00 3E 43 B2 0A 73 FF
 (024.309546)  can0  124   [8]  2C 06 22 75 FE 16 B8 08
 (024.319202)  can0  123   [8]  2D 00 3E 43 B1 DB 6E FF
 (024.319487)  can0  124   [8]  2D 06 22 9C E6 16 B2 08
 (024.329356)  can0  123   [8]  2E 00 3E 43 B1 A4 92 FF
 (024.329388)  can0  124   [8]  2E 06 22 C3 DE 16 AB 08
 (024.339005)  can0  123   [8]  2F 00 3E 43 B1 75 8D FF
 (024.339291)  can0  124   [8]  2F 06 22 EA BB 16 A5 08
 (024.349036)  can0  123   [8]  30 00 3E 43 B1 3E B2 FF
 (024.349279)  can0  124   [8]  30 06 23 11 B1 16 9E 08
 (024.360324)  can0  123   [8]  31 00 3E 43 B1 0F AC FF
 (024.360501)  can0  124   [8]  31 06 23 38 93 16 98 08
 (024.368794)  can0  123   [8]  32 00 3E 43 B0 D8 D1 FF
 (024.368982)  can0  124   [8]  32 06 23 5F 89 16 91 08
 (024.378691)  can0  123   [8]  33 00 3E 43 B0 A9 CC FF
 (024.378933)  can0  124   [8]  33 06 23 86 67 16 8B 08
 (024.388700)  can0  123   [8]  34 00 3E 43 B0 72 F0 FF
 (024.388871)  can0  124   [8]  34 06 23 AD 60 16 84 08
 (024.398537)  can0  123   [8]  35 00 3F 43 B0 43 EB FF
 (024.398693)  can0  124   [8]  35 06 23 D4 3B 16 7E 08
 (024.408614)  can0  123   [8]  36 00 3F 43 B0 0D 0F FF
 (024.408814)  can0  124   [8]  36 06 23 FB 34 16 77 08
 (024.418438)  can0  123   [8]  37 00 3F 43 AF D6 35 FF
 (024.418478)  can0  124   [8]  37 06 24 22 12 16 70 08
 (024.428278)  can0  123   [8]  38 00 3F 43 AF 9F 59 FF
 (024.428429)  can0  124   [8]  38 06 24 49 07 16 69 08
 (024.438128)  can0  123   [8]  39 00 3F 43 AF 68 7E FF
 (024.438325)  can0  124   [8]  39 06 24 6F EC 16 62 08
 (024.448085)  can0  123   [8]  3A 00 3F 43 AF 39 78 FF
 (024.448271)  can0  124   [8]  3A 06 24 96 E7 16 5C 08
 (024.457931)  can0  123   [8]  3B 00 3F 43 AE FA C6 FF
 (024.458122)  can0  124   [8]  3B 06 24 BD C1 16 54 08
 (024.468014)  can0  123   [8]  3C 00 3F 43 AE CB C1 FF
 (024.468202)  can0  124   [8]  3C 06 24 E4 C7 16 4E 08
 (024.477852)  can0  123   [8]  3D 00 3F 43 AE 8D 0F FF
 (024.478056)  can0  124   [8]  3D 06 25 0B AC 16 46 08
 (024.487953)  can0  123   [8]  3E 00 3F 43 AE 56 34 FF
 (024.488004)  can0  124   [8]  3E 06 25 32 A9 16 3F 08
 (024.497712)  can0  123   [8]  3F 00 3F 43 AE 1F 59 FF
 (024.497844)  can0  124   [8]  3F 06 25 59 91 16 38 08
 (024.508144)  can0  123   [8]  40 00 40 43 AD E8 7E FF
 (024.508171)  can0  124   [8]  40 06 25 80 8A 16 31 08
 (024.517596)  can0  123   [8]  41 00 40 43 AD B1 A2 FF
 (024.517615)  can0  124   [8]  41 06 25 A7 6E 16 2A 08
 (024.527570)  can0  123   [8]  42 00 40 43 AD 72 F1 FF
 (024.527587)  can0  124   [8]  42 06 25 CE 66 16 22 08
 (024.537538)  can0  123   [8]  43 00 40 43 AD 3C 15 FF
 (024.537559)  can0  124   [8]  43 06 25 F5 48 16 1B 08
 (024.547271)  can0  123   [8]  44 00 40 43 AD 05 3A FF
 (024.547488)  can0  124   [8]  44 06 26 1C 41 16 14 08
 (024.557391)  can0  123   [8]  45 00 40 43 AC C6 88 FF
 (024.557413)  can0  124   [8]  45 06 26 43 22 16 0C 08
 (024.567183)  can0  123   [8]  46 00 40 43 AC 87 D6 FF
 (024.567345)  can0  124   [8]  46 06 26 6A 1C 16 04 08
 (024.577172)  can0  123   [8]  47 00 41 43 AC 50 FB FF
 (024.577198)  can0  124   [8]  47 06 26 90 FF 15 FD 08
 (024.587134)  can0  123   [8]  48 00 41 43 AC 12 49 FF
 (024.587168)  can0  124   [8]  48 06 26 B7 F5 15 F5 08
 (024.597064)  can0  123   [8]  49 00 41 43 AB DB 6E FF
 (024.597081)  can0  124   [8]  49 06 26 DE D3 15 EE 08
 (024.606993)  can0  123   [8]  4A 00 41 43 AB 9C BC FF
 (024.607023)  can0  124   [8]  4A 06 27 05 CB 15 E6 08
 (024.616599)  can0  123   [8]  4B 00 41 43 AB 5E 0A FF
 (024.616869)  can0  124   [8]  4B 06 27 2C A7 15 DE 08
 (024.626726)  can0  123   [8]  4C 00 41 43 AB 1F 59 FF
 (024.626743)  can0  124   [8]  4C 06 27 53 A5 15 D6 08
 (024.636489)  can0  123   [8]  4D 00 42 43 AA E0 A7 FF
 (024.636618)  can0  124   [8]  4D 06 27 7A 83 15 CE 08
 (024.646426)  can0  123   [8]  4E 00 42 43 AA A1 F6 FF
 (024.646665)  can0  124   [8]  4E 06 27 A1 77 15 C6 08
 (024.656274)  can0  123   [8]  4F 00 42 43 AA 63 44 FF
 (024.656530)  can0  124   [8]  4F 06 27 C8 55 15 BE 08
 (024.666216)  can0  123   [8]  50 00 41 43 AA 24 92 FF
 (024.666436)  can0  124   [8]  50 06 27 EF 4D 15 B6 08
 (024.676385)  can0  123   [8]  51 00 41 43 A9 E5 E1 FF
 (024.676432)  can0  124   [8]  51 06 28 16 2C 15 AE 08
 (024.685938)  can0  123   [8]  52 00 41 43 A9 A7 2F FF
 (024.686233)  can0  124   [8]  52 06 28 3D 1D 15 A6 08
 (024.695857)  can0  123   [8]  53 00 41 43 A9 68 7D FF
 (024.696053)  can0  124   [8]  53 06 28 63 F8 15 9E 08
 (024.705839)  can0  123   [8]  54 00 41 43 A9 21 F6 FF
 (024.706001)  can0  124   [8]  54 06 28 8A F1 15 95 08
 (024.715922)  can0  123   [8]  55 00 41 43 A8 E3 44 FF
 (024.715940)  can0  124   [8]  55 06 28 B1 CD 15 8D 08
 (024.725678)  can0  123   [8]  56 00 41 43 A8 A4 93 FF
 (024.725794)  can0  124   [8]  56 06 28 D8 C1 15 85 08
 (024.735803)  can0  123   [8]  57 00 42 43 A8 5E 0A FF
 (024.735825)  can0  124   [8]  57 06 28 FF 9A 15 7C 08
 (024.745448)  can0  123   [8]  58 00 42 43 A8 1F 59 FF
 (024.745626)  can0  124   [8]  58 06 29 26 8C 15 74 08
 (024.755383)  can0  123   [8]  59 00 41 43 A7 D8 D1 FF
 (024.755556)  can0  124   [8]  59 06 29 4D 68 15 6B 08
 (024.765237)  can0  123   [8]  5A 00 41 43 A7 9A 1F FF
 (024.765446)  can0  124   [8]  5A 06 29 74 5F 15 63 08
 (024.775390)  can0  123   [8]  5B 00 40 43 A7 53 97 FF
 (024.775408)  can0  124   [8]  5B 06 29 9B 40 15 5A 08
 (024.785153)  can0  123   [8]  5C 00 40 43 A7 14 E6 FF
 (024.785364)  can0  124   [8]  5C 06 29 C2 36 15 52 08
 (024.795301)  can0  123   [8]  5D 00 3F 43 A6 CE 5E FF
 (024.795328)  can0  124   [8]  5D 06 29 E9 19 15 49 08
 (024.804936)  can0  123   [8]  5E 00 40 43 A6 87 D6 FF
 (024.805423)  can0  124   [8]  5E 06 2A 10 0D 15 40 08
 (024.814790)  can0  123   [8]  5F 00 40 43 A6 49 25 FF
 (024.815032)  can0  124   [8]  5F 06 2A 36 F3 15 38 08
 (024.824940)  can0  123   [8]  60 00 3F 43 A6 02 9D FF
 (024.824957)  can0  124   [8]  60 06 2A 5D EE 15 2F 08
 (024.834681)  can0  123   [8]  61 00 3A 43 A5 BC 15 FF
 (024.834914)  can0  124   [8]  61 06 2A 84 CD 15 26 08
 (024.844522)  can0  123   [8]  62 00 3A 43 A5 75 8D FF
 (024.844777)  can0  124   [8]  62 06 2A AB C1 15 1D 08
 (024.854512)  can0  123   [8]  63 00 3A 43 A5 2F 05 FF
 (024.854641)  can0  124   [8]  63 06 2A D2 A2 15 14 08
 (024.864477)  can0  123   [8]  64 00 39 43 A4 E8 7D FF
 (024.864664)  can0  124   [8]  64 06 2A F9 A2 15 0B 08
 (024.874364)  can0  123   [8]  65 00 3A 43 A4 A1 F5 FF
 (024.874534)  can0  124   [8]  65 06 2B 20 82 15 02 08
 (024.884473)  can0  123   [8]  66 00 3A 43 A4 5B 6E FF
 (024.884493)  can0  124   [8]  66 06 2B 47 77 14 F9 08
 (024.894211)  can0  123   [8]  67 00 3A 43 A4 14 E6 FF
 (024.894405)  can0  124   [8]  67 06 2B 6E 58 14 F0 08
 (024.904359)  can0  123   [8]  68 00 3A 43 A3 C6 88 FF
 (024.904380)  can0  124   [8]  68 06 2B 95 4E 14 E6 08
 (024.913955)  can0  123   [8]  69 00 39 43 A3 80 00 FF
 (024.914154)  can0  124   [8]  69 06 2B BC 2D 14 DD 08
 (024.923899)  can0  123   [8]  6A 00 38 43 A3 39 78 FF
 (024.924086)  can0  124   [8]  6A 06 2B E3 2B 14 D4 08
 (024.934061)  can0  123   [8]  6B 00 36 43 A2 EB 1A FF
 (024.934085)  can0  124   [8]  6B 06 2C 0A 0E 14 CA 08
 (024.943763)  can0  123   [8]  6C 00 36 43 A2 A4 92 FF
 (024.943920)  can0  124   [8]  6C 06 2C 31 00 14 C1 08
 (024.953877)  can0  123   [8]  6D 00 35 43 A2 5E 0B FF
 (024.953900)  can0  124   [8]  6D 06 2C 57 EC 14 B8 08
 (024.963559)  can0  123   [8]  6E 00 34 43 A2 0F AC FF
 (024.963722)  can0  124   [8]  6E 06 2C 7E DF 14 AE 08
 (024.973474)  can0  123   [8]  6F 00 34 43 A1 C1 4E FF
 (024.973628)  can0  124   [8]  6F 06 2C A5 C4 14 A4 08
 (024.983458)  can0  123   [8]  70 00 35 43 A1 7A C7 FF
 (024.983621)  can0  124   [8]  70 06 2C CC BF 14 9B 08
 (024.993250)  can0  123   [8]  71 00 34 43 A1 2C 68 FF
 (024.993460)  can0  124   [8]  71 06 2C F3 9F 14 91 08
 (025.003345)  can0  123   [8]  72 00 33 43 A0 DE 0A FF
 (025.003370)  can0  124   [8]  72 06 2D 1A 9D 14 87 08
 (025.013081)  can0  123   [8]  73 00 33 43 A0 97 83 FF
 (025.013306)  can0  124   [8]  73 06 2D 41 7D 14 7E 08
 (025.023169)  can0  123   [8]  74 00 33 43 A0 49 24 FF
 (025.023184)  can0  124   [8]  74 06 2D 68 78 14 74 08
 (025.032922)  can0  123   [8]  75 00 33 43 9F FA C7 FF
 (025.033210)  can0  124   [8]  75 06 2D 8F 5A 14 6A 08
 (025.042855)  can0  123   [8]  76 00 32 43 9F AC 68 FF
 (025.043147)  can0  124   [8]  76 06 2D B6 55 14 60 08
 (025.052767)  can0  123   [8]  77 00 32 43 9F 5E 0A FF
 (025.052989)  can0  124   [8]  77 06 2D DD 35 14 56 08
 (025.063198)  can0  123   [8]  78 00 32 43 9F 17 83 FF
 (025.063220)  can0  124   [8]  78 06 2E 04 2F 14 4D 08
 (025.072579)  can0  123   [8]  79 00 31 43 9E C9 24 FF
 (025.072773)  can0  124   [8]  79 06 2E 2B 0B 14 43 08
 (025.082580)  can0  123   [8]  7A 00 31 43 9E 7A C7 FF
 (025.082738)  can0  124   [8]  7A 06 2E 52 02 14 39 08
 (025.092422)  can0  123   [8]  7B 00 31 43 9E 34 3F FF
 (025.092639)  can0  124   [8]  7B 06 2E 78 E3 14 30 08
 (025.102309)  can0  123   [8]  7C 00 31 43 9D E5 E0 FF
 (025.102473)  can0  124   [8]  7C 06 2E 9F DB 14 26 08
 (025.112237)  can0  123   [8]  7D 00 30 43 9D 97 83 FF
 (025.112417)  can0  124   [8]  7D 06 2E C6 BB 14 1C 08
 (025.122463)  can0  123   [8]  7E 00 30 43 9D 49 24 FF
 (025.122486)  can0  124   [8]  7E 06 2E ED AD 14 12 08
 (025.132152)  can0  123   [8]  7F 00 30 43 9D 02 9D FF
 (025.132366)  can0  124   [8]  7F 06 2F 14 8F 14 09 08
 (025.142096)  can0  123   [8]  80 00 30 43 9C B4 3F FF
 (025.142120)  can0  124   [8]  80 06 2F 3B 8B 13 FF 08
 (025.152264)  can0  123   [8]  81 00 30 43 9C 65 E0 FF
 (025.152312)  can0  124   [8]  81 06 2F 62 6D 13 F5 08
 (025.162019)  can0  123   [8]  82 00 30 43 9C 1F 59 FF
 (025.162058)  can0  124   [8]  82 06 2F 89 63 13 EC 08
 (025.171785)  can0  123   [8]  83 00 2F 43 9B D0 FB FF
 (025.172099)  can0  124   [8]  83 06 2F B0 45 13 E2 08
 (025.181704)  can0  123   [8]  84 00 2F 43 9B 82 9D FF
 (025.181849)  can0  124   [8]  84 06 2F D7 38 13 D8 08
 (025.191543)  can0  123   [8]  85 00 2F 43 9B 34 3F FF
 (025.191700)  can0  124   [8]  85 06 2F FE 21 13 CE 08
 (025.201449)  can0  123   [8]  86 00 2F 43 9A E5 E0 FF
 (025.201610)  can0  124   [8]  86 06 30 25 15 13 C4 08
 (025.211348)  can0  123   [8]  87 00 2F 43 9A 9F 59 FF
 (025.211519)  can0  124   [8]  87 06 30 4B F6 13 BB 08
 (025.221350)  can0  123   [8]  88 00 2F 43 9A 50 FB FF
 (025.221480)  can0  124   [8]  88 06 30 72 F2 13 B1 08
 (025.231218)  can0  123   [8]  89 00 2F 43 9A 02 9C FF
 (025.231343)  can0  124   [8]  89 06 30 99 D1 13 A7 08
 (025.241101)  can0  123   [8]  8A 00 2E 43 99 BC 15 FF
 (025.241312)  can0  124   [8]  8A 06 30 C0 CD 13 9E 08
 (025.250983)  can0  123   [8]  8B 00 2E 43 99 6D B7 FF
 (025.251298)  can0  124   [8]  8B 06 30 E7 A5 13 94 08
 (025.260912)  can0  123   [8]  8C 00 2E 43 99 1F 59 FF
 (025.261350)  can0  124   [8]  8C 06 31 0E A0 13 8A 08
 (025.270832)  can0  123   [8]  8D 00 2E 43 98 D8 D1 FF
 (025.270955)  can0  124   [8]  8D 06 31 35 87 13 81 08
 (025.280713)  can0  123   [8]  8E 00 2D 43 98 8A 73 FF
 (025.280916)  can0  124   [8]  8E 06 31 5C 85 13 77 08
 (025.290644)  can0  123   [8]  8F 00 2D 43 98 3C 15 FF
 (025.290828)  can0  124   [8]  8F 06 31 83 63 13 6D 08
 (025.300636)  can0  123   [8]  90 00 2D 43 97 F5 8D FF
 (025.300759)  can0  124   [8]  90 06 31 AA 5B 13 64 08
 (025.310500)  can0  123   [8]  91 00 2D 43 97 A7 2F FF
 (025.310776)  can0  124   [8]  91 06 31 D1 3E 13 5A 08
 (025.320585)  can0  123   [8]  92 00 2D 43 97 58 D1 FF
 (025.320606)  can0  124   [8]  92 06 31 F8 36 13 50 08
 (025.330261)  can0  123   [8]  93 00 2D 43 97 12 49 FF
 (025.330456)  can0  124   [8]  93 06 32 1F 16 13 47 08
 (025.340199)  can0  123   [8]  94 00 2D 43 96 C3 EB FF
 (025.340444)  can0  124   [8]  94 06 32 46 12 13 3D 08
 (025.350085)  can0  123   [8]  95 00 2C 43 96 7D 64 FF
 (025.350426)  can0  124   [8]  95 06 32 6C F6 13 34 08
 (025.362065)  can0  123   [8]  96 00 2C 43 96 2F 05 FF
 (025.362102)  can0  124   [8]  96 06 32 93 EE 13 2A 08
 (025.370099)  can0  123   [8]  97 00 2C 43 95 E0 A7 FF
 (025.370115)  can0  124   [8]  97 06 32 BA D0 13 20 08
 (025.379845)  can0  123   [8]  98 00 2C 43 95 9A 1F FF
 (025.380116)  can0  124   [8]  98 06 32 E1 D0 13 17 08
 (025.389718)  can0  123   [8]  99 00 2C 43 95 4B C1 FF
 (025.390053)  can0  124   [8]  99 06 33 08 AF 13 0D 08
 (025.399889)  can0  123   [8]  9A 00 2C 43 94 FD 63 FF
 (025.399931)  can0  124   [8]  9A 06 33 2F AB 13 03 08
 (025.409794)  can0  123   [8]  9B 00 2C 43 94 B6 DB FF
 (025.409825)  can0  124   [8]  9B 06 33 56 8E 12 FA 08
 (025.419542)  can0  123   [8]  9C 00 2C 43 94 68 7D FF
 (025.419823)  can0  124   [8]  9C 06 33 7D 89 12 F0 08
 (025.429496)  can0  123   [8]  9D 00 2C 43 94 1A 20 FF
 (025.429560)  can0  124   [8]  9D 06 33 A4 63 12 E6 08
 (025.439564)  can0  123   [8]  9E 00 2C 43 93 D3 97 FF
 (025.439585)  can0  124   [8]  9E 06 33 CB 63 12 DD 08
 (025.449471)  can0  123   [8]  9F 00 2C 43 93 85 3A FF
 (025.449503)  can0  124   [8]  9F 06 33 F2 43 12 D3 08
 (025.459171)  can0  123   [8]  A0 00 2B 43 93 3E B1 FF
 (025.459458)  can0  124   [8]  A0 06 34 19 3E 12 CA 08
 (025.469038)  can0  123   [8]  A1 00 2B 43 92 F0 54 FF
 (025.469246)  can0  124   [8]  A1 06 34 40 1E 12 C0 08
 (025.479269)  can0  123   [8]  A2 00 2B 43 92 A1 F6 FF
 (025.479329)  can0  124   [8]  A2 06 34 67 19 12 B6 08
 (025.488921)  can0  123   [8]  A3 00 2B 43 92 5B 6D FF
 (025.489067)  can0  124   [8]  A3 06 34 8D FC 12 AD 08
 (025.498828)  can0  123   [8]  A4 00 2B 43 92 0D 10 FF
 (025.499018)  can0  124   [8]  A4 06 34 B4 F9 12 A3 08
 (025.508730)  can0  123   [8]  A5 00 2B 43 91 C6 88 FF
 (025.508911)  can0  124   [8]  A5 06 34 DB D6 12 9A 08
 (025.518613)  can0  123   [8]  A6 00 2B 43 91 78 2A FF
 (025.518800)  can0  124   [8]  A6 06 35 02 D6 12 90 08
 (025.528558)  can0  123   [8]  A7 00 2B 43 91 31 A2 FF
 (025.528732)  can0  124   [8]  A7 06 35 29 BB 12 87 08
 (025.538476)  can0  123   [8]  A8 00 2C 43 90 E3 44 FF
 (025.538649)  can0  124   [8]  A8 06 35 50 B2 12 7D 08
 (025.548318)  can0  123   [8]  A9 00 2D 43 90 9C BC FF
 (025.548536)  can0  124   [8]  A9 06 35 77 91 12 74 08
 (025.558303)  can0  123   [8]  AA 00 2E 43 90 4E 5E FF
 (025.558501)  can0  124   [8]  AA 06 35 9E 86 12 6A 08
 (025.568172)  can0  123   [8]  AB 00 2F 43 90 00 00 FF
 (025.568388)  can0  124   [8]  AB 06 35 C5 66 12 60 08
 (025.578813)  can0  123   [8]  AC 00 30 43 8F B9 78 FF
 (025.578845)  can0  124   [8]  AC 06 35 EC 57 12 57 08
 (025.588307)  can0  123   [8]  AD 00 39 43 8F 6B 1A FF
 (025.588320)  can0  124   [8]  AD 06 36 13 31 12 4D 08
 (025.597944)  can0  123   [8]  AE 00 42 43 8F 24 92 FF
 (025.598140)  can0  124   [8]  AE 06 36 3A 24 12 44 08
 (025.607855)  can0  123   [8]  AF 00 53 43 8E D6 35 FF
 (025.608115)  can0  124   [8]  AF 06 36 60 FE 12 3A 08
 (025.617796)  can0  123   [8]  B0 00 5B 43 8E 8F AC FF
 (025.618017)  can0  124   [8]  B0 06 36 87 F4 12 31 08
 (025.627654)  can0  123   [8]  B1 00 5C 43 8E 41 4F FF
 (025.627898)  can0  124   [8]  B1 06 36 AE D1 12 27 08
 (025.637555)  can0  123   [8]  B2 00 59 43 8D FA C6 FF
 (025.637799)  can0  124   [8]  B2 06 36 D5 C7 12 1E 08
 (025.647550)  can0  123   [8]  B3 00 58 43 8D AC 68 FF
 (025.647849)  can0  124   [8]  B3 06 36 FC AA 12 14 08
 (025.657479)  can0  123   [8]  B4 00 5B 43 8D 65 E1 FF
 (025.657631)  can0  124   [8]  B4 06 37 23 9B 12 0B 08
 (025.667353)  can0  123   [8]  B5 00 61 43 8D 17 82 FF
 (025.667534)  can0  124   [8]  B5 06 37 4A 80 12 01 08
 (025.677441)  can0  123   [8]  B6 00 65 43 8C D0 FB FF
 (025.677463)  can0  124   [8]  B6 06 37 71 5D 11 F8 08
 (025.687087)  can0  123   [8]  B7 00 65 43 8C 82 9D FF
 (025.687381)  can0  124   [8]  B7 06 37 98 3C 11 EE 08
 (025.697033)  can0  123   [8]  B8 00 60 43 8C 3C 15 FF
 (025.697366)  can0  124   [8]  B8 06 37 BF 47 11 E5 08
 (025.707023)  can0  123   [8]  B9 00 59 43 8B ED B7 FF
 (025.707233)  can0  124   [8]  B9 06 37 E6 23 11 DB 08
 (025.716979)  can0  123   [8]  BA 00 55 43 8B A7 2F FF
 (025.717187)  can0  124   [8]  BA 06 38 0D 18 11 D2 08
 (025.726736)  can0  123   [8]  BB 00 53 43 8B 58 D1 FF
 (025.727080)  can0  124   [8]  BB 06 38 33 F2 11 C8 08
 (025.736746)  can0  123   [8]  BC 00 51 43 8B 12 49 FF
 (025.737029)  can0  124   [8]  BC 06 38 5A EE 11 BF 08
 (025.746710)  can0  123   [8]  BD 00 4F 43 8A CB C1 FF
 (025.746899)  can0  124   [8]  BD 06 38 81 CA 11 B6 08
 (025.756588)  can0  123   [8]  BE 00 4D 43 8A 7D 64 FF
 (025.756712)  can0  124   [8]  BE 06 38 A8 C3 11 AC 08
 (025.766510)  can0  123   [8]  BF 00 51 43 8A 36 DB FF
 (025.766629)  can0  124   [8]  BF 06 38 CF A3 11 A3 08
 (025.776478)  can0  123   [8]  C0 00 58 43 89 E8 7D FF
 (025.776622)  can0  124   [8]  C0 06 38 F6 9A 11 99 08
 (025.786420)  can0  123   [8]  C1 00 5B 43 89 A1 F6 FF
 (025.786441)  can0  124   [8]  C1 06 39 1D 78 11 90 08
 (025.796397)  can0  123   [8]  C2 00 61 43 89 5B 6E FF
 (025.796416)  can0  124   [8]  C2 06 39 44 70 11 87 08
 (025.806449)  can0  123   [8]  C3 00 66 43 89 14 E6 FF
 (025.806468)  can0  124   [8]  C3 06 39 6B 3A 11 7E 08
 (025.816151)  can0  123   [8]  C4 00 68 43 88 C6 88 FF
 (025.816165)  can0  124   [8]  C4 06 39 92 31 11 74 08
 (025.825892)  can0  123   [8]  C5 00 69 43 88 80 00 FF
 (025.826139)  can0  124   [8]  C5 06 39 B9 11 11 6B 08
 (025.836046)  can0  123   [8]  C6 00 6A 43 88 39 78 FF
 (025.836067)  can0  124   [8]  C6 06 39 E0 07 11 62 08
 (025.845702)  can0  123   [8]  C7 00 6B 43 87 F2 F0 FF
 (025.846001)  can0  124   [8]  C7 06 3A 06 E6 11 59 08
 (025.855677)  can0  123   [8]  C8 00 6D 43 87 A4 93 FF
 (025.855809)  can0  124   [8]  C8 06 3A 2D E1 11 4F 08
 (025.865735)  can0  123   [8]  C9 00 6F 43 87 5E 0A FF
 (025.865773)  can0  124   [8]  C9 06 3A 54 C1 11 46 08
 (025.875686)  can0  123   [8]  CA 00 71 43 87 17 83 FF
 (025.875728)  can0  124   [8]  CA 06 3A 7B B7 11 3D 08
 (025.885636)  can0  123   [8]  CB 00 70 43 86 D0 FA FF
 (025.885692)  can0  124   [8]  CB 06 3A A2 96 11 34 08
 (025.895413)  can0  123   [8]  CC 00 6F 43 86 8A 73 FF
 (025.895590)  can0  124   [8]  CC 06 3A C9 8F 11 2B 08
 (025.905262)  can0  123   [8]  CD 00 6F 43 86 43 EB FF
 (025.905430)  can0  124   [8]  CD 06 3A F0 6D 11 22 08
 (025.915133)  can0  123   [8]  CE 00 6E 43 85 F5 8D FF
 (025.915490)  can0  124   [8]  CE 06 3B 17 66 11 18 08
 (025.925189)  can0  123   [8]  CF 00 6E 43 85 AF 05 FF
 (025.925204)  can0  124   [8]  CF 06 3B 3E 46 11 0F 08
 (025.934931)  can0  123   [8]  D0 00 6E 43 85 68 7D FF
 (025.935146)  can0  124   [8]  D0 06 3B 65 40 11 06 08
 (025.945078)  can0  123   [8]  D1 00 80 43 85 21 F6 FF
 (025.945097)  can0  124   [8]  D1 06 3B 8C 27 10 FD 08
 (025.954840)  can0  123   [8]  D2 00 A9 43 84 DB 6E FF
 (025.955021)  can0  124   [8]  D2 06 3B B3 22 10 F4 08
 (025.964773)  can0  123   [8]  D3 00 B6 43 84 94 E6 FF
 (025.965080)  can0  124   [8]  D3 06 3B DA 04 10 EB 08
 (025.974799)  can0  123   [8]  D4 00 BA 43 84 4E 5E FF
 (025.974820)  can0  124   [8]  D4 06 3C 00 FC 10 E2 08
 (025.984552)  can0  123   [8]  D5 00 BB 43 84 00 00 FF
 (025.984718)  can0  124   [8]  D5 06 3C 27 DC 10 D8 08
 (025.994819)  can0  123   [8]  D6 00 BB 43 83 B9 78 FF
 (025.994842)  can0  124   [8]  D6 06 3C 4E D3 10 CF 08
 (026.004593)  can0  123   [8]  D7 00 BC 43 83 72 F0 FF
 (026.004614)  can0  124   [8]  D7 06 3C 75 B1 10 C6 08
 (026.014246)  can0  123   [8]  D8 00 BC 43 83 2C 68 FF
 (026.014435)  can0  124   [8]  D8 06 3C 9C AB 10 BD 08
 (026.024159)  can0  123   [8]  D9 00 BC 43 82 E5 E1 FF
 (026.024324)  can0  124   [8]  D9 06 3C C3 86 10 B4 08
 (026.034057)  can0  123   [8]  DA 00 BD 43 82 9F 59 FF
 (026.034395)  can0  124   [8]  DA 06 3C EA 81 10 AB 08
 (026.043946)  can0  123   [8]  DB 00 BE 43 82 58 D1 FF
 (026.044177)  can0  124   [8]  DB 06 3D 11 58 10 A2 08
 (026.053900)  can0  123   [8]  DC 00 BE 43 82 12 49 FF
 (026.054069)  can0  124   [8]  DC 06 3D 38 53 10 99 08
 (026.063759)  can0  123   [8]  DD 00 BE 43 81 CB C1 FF
 (026.064097)  can0  124   [8]  DD 06 3D 5F 33 10 90 08
 (026.073698)  can0  123   [8]  DE 00 BD 43 81 7D 63 FF
 (026.074017)  can0  124   [8]  DE 06 3D 86 2C 10 86 08
 (026.083801)  can0  123   [8]  DF 00 B8 43 81 36 DB FF
 (026.083817)  can0  124   [8]  DF 06 3D AD 0F 10 7D 08
 (026.093597)  can0  123   [8]  E0 00 AF 43 80 F0 54 FF
 (026.093750)  can0  124   [8]  E0 06 3D D4 09 10 74 08
 (026.103571)  can0  123   [8]  E1 00 A8 43 80 A9 CC FF
 (026.103756)  can0  124   [8]  E1 06 3D FA E6 10 6B 08
 (026.113381)  can0  123   [8]  E2 00 B1 43 80 63 44 FF
 (026.113553)  can0  124   [8]  E2 06 3E 21 E1 10 62 08
 (026.123280)  can0  123   [8]  E3 00 CA 43 80 1C BC FF
 (026.123516)  can0  124   [8]  E3 06 3E 48 BE 10 59 08
 (026.133256)  can0  123   [8]  E4 00 E5 43 7F AC 68 FF
 (026.133481)  can0  124   [8]  E4 06 3E 6F B0 10 50 08
 (026.143401)  can0  123   [8]  E5 00 EE 43 7F 1F 59 FF
 (026.143440)  can0  124   [8]  E5 06 3E 96 90 10 47 08
 (026.153063)  can0  123   [8]  E6 00 F4 43 7E 92 48 FF
 (026.153282)  can0  124   [8]  E6 06 3E BD 7D 10 3E 08
 (026.163160)  can0  123   [8]  E7 00 F5 43 7E 05 39 FF
 (026.163218)  can0  124   [8]  E7 06 3E E4 63 10 35 08
 (026.173202)  can0  123   [8]  E8 00 F6 43 7D 78 2A FF
 (026.173249)  can0  124   [8]  E8 06 3F 0B 55 10 2C 08
 (026.183249)  can0  123   [8]  E9 00 F7 43 7C EB 1A FF
 (026.183305)  can0  124   [8]  E9 06 3F 32 3F 10 23 08
 (026.192746)  can0  123   [8]  EA 00 F7 43 7C 5E 0B FF
 (026.193016)  can0  124   [8]  EA 06 3F 59 2C 10 1A 08
 (026.202774)  can0  123   [8]  EB 00 F7 43 7B C1 4E FF
 (026.203710)  can0  124   [8]  EB 06 3F 80 13 10 10 08
 (026.212521)  can0  123   [8]  EC 00 F9 43 7B 34 3F FF
 (026.212828)  can0  124   [8]  EC 06 3F A7 04 10 07 08
 (026.222479)  can0  123   [8]  ED 00 F9 43 7A A7 2F FF
 (026.222605)  can0  124   [8]  ED 06 3F CD E9 0F FE 08
 (026.232366)  can0  123   [8]  EE 00 FB 43 7A 1A 20 FF
 (026.232540)  can0  124   [8]  EE 06 3F F4 D6 0F F5 08
 (026.242340)  can0  123   [8]  EF 00 FD 43 79 8D 0F FF
 (026.242500)  can0  124   [8]  EF 06 40 1B BB 0F EC 08
 (026.252378)  can0  123   [8]  F0 00 FD 43 79 00 00 FF
 (026.252426)  can0  124   [8]  F0 06 40 42 A8 0F E3 08
 (026.262419)  can0  123   [8]  F1 00 FD 43 78 72 F1 FF
 (026.262462)  can0  124   [8]  F1 06 40 69 8F 0F DA 08
 (026.272027)  can0  123   [8]  F2 00 FD 43 77 E5 E0 FF
 (026.272585)  can0  124   [8]  F2 06 40 90 7E 0F D1 08
 (026.281906)  can0  123   [8]  F3 00 FF 43 77 58 D1 FF
 (026.282103)  can0  124   [8]  F3 06 40 B7 63 0F C8 08
 (026.291828)  can0  123   [8]  F4 00 FE 43 76 CB C1 FF
 (026.292025)  can0  124   [8]  F4 06 40 DE 53 0F BF 08
 (026.301777)  can0  123   [8]  F5 01 01 43 76 3E B2 FF
 (026.301948)  can0  124   [8]  F5 06 41 05 36 0F B6 08
 (026.311702)  can0  123   [8]  F6 01 02 43 75 B1 A3 FF
 (026.311883)  can0  124   [8]  F6 06 41 2C 24 0F AD 08
 (026.321636)  can0  123   [8]  F7 01 01 43 75 24 92 FF
 (026.321936)  can0  124   [8]  F7 06 41 53 05 0F A4 08
 (026.331507)  can0  123   [8]  F8 01 00 43 74 97 83 FF
 (026.331688)  can0  124   [8]  F8 06 41 79 F4 0F 9B 08
 (026.341389)  can0  123   [8]  F9 00 FC 43 74 0A 72 FF
 (026.341521)  can0  124   [8]  F9 06 41 A0 D4 0F 92 08
 (026.351358)  can0  123   [8]  FA 00 F2 43 73 7D 63 FF
 (026.351533)  can0  124   [8]  FA 06 41 C7 C9 0F 89 08
 (026.361213)  can0  123   [8]  FB 00 E5 43 72 F0 54 FF
 (026.361421)  can0  124   [8]  FB 06 41 EE A5 0F 80 08
 (026.371282)  can0  123   [8]  FC 00 A7 43 72 63 44 FF
 (026.372164)  can0  124   [8]  FC 06 42 15 97 0F 77 08
 (026.381072)  can0  123   [8]  FD 00 69 43 71 D6 35 FF
 (026.381283)  can0  124   [8]  FD 06 42 3C 75 0F 6E 08
 (026.390982)  can0  123   [8]  FE 00 62 43 71 49 24 FF
 (026.391276)  can0  124   [8]  FE 06 42 63 80 0F 65 08
 (026.400905)  can0  123   [8]  FF 00 5D 43 70 BC 15 FF
 (026.401173)  can0  124   [8]  FF 06 42 8A 5D 0F 5C 08
 (026.410809)  can0  123   [8]  00 00 5C 43 70 1F 59 FF
 (026.411026)  can0  124   [8]  00 06 42 B1 50 0F 52 08
 (026.420725)  can0  123   [8]  01 00 59 43 6F 92 49 FF
 (026.420889)  can0  124   [8]  01 06 42 D8 29 0F 49 08
 (026.430690)  can0  123   [8]  02 00 55 43 6F 05 39 FF
 (026.430920)  can0  124   [8]  02 06 42 FF 20 0F 40 08
 (026.440749)  can0  123   [8]  03 00 51 43 6E 78 2A FF
 (026.440790)  can0  124   [8]  03 06 43 25 FC 0F 37 08
 (026.450432)  can0  123   [8]  04 00 50 43 6D EB 1B FF
 (026.450761)  can0  124   [8]  04 06 43 4C F1 0F 2E 08
 (026.460402)  can0  123   [8]  05 00 50 43 6D 5E 0A FF
 (026.460503)  can0  124   [8]  05 06 43 73 CE 0F 25 08
 (026.470219)  can0  123   [8]  06 00 4F 43 6C D0 FB FF
 (026.470377)  can0  124   [8]  06 06 43 9A C5 0F 1C 08
 (026.480224)  can0  123   [8]  07 00 4F 43 6C 34 3F FF
 (026.480432)  can0  124   [8]  07 06 43 C1 A0 0F 12 08
 (026.490055)  can0  123   [8]  08 00 4E 43 6B A7 30 FF
 (026.490272)  can0  124   [8]  08 06 43 E8 99 0F 09 08
 (026.500072)  can0  123   [8]  09 00 4E 43 6B 1A 1F FF
 (026.500282)  can0  124   [8]  09 06 44 0F 72 0F 00 08
 (026.510203)  can0  123   [8]  0A 00 4D 43 6A 8D 10 FF
 (026.510231)  can0  124   [8]  0A 06 44 36 70 0E F7 08
 (026.520034)  can0  123   [8]  0B 00 4D 43 69 FF FF FF
 (026.520055)  can0  124   [8]  0B 06 44 5D 51 0E EE 08
 (026.529709)  can0  123   [8]  0C 00 4D 43 69 72 F0 FF
 (026.529885)  can0  124   [8]  0C 06 44 84 43 0E E5 08
 (026.539627)  can0  123   [8]  0D 00 4C 43 68 E5 E1 FF
 (026.539906)  can0  124   [8]  0D 06 44 AB 29 0E DC 08
 (026.549734)  can0  123   [8]  0E 00 4C 43 68 49 25 FF
 (026.549755)  can0  124   [8]  0E 06 44 D2 27 0E D2 08
 (026.559490)  can0  123   [8]  0F 00 4C 43 67 BC 14 FF
 (026.559636)  can0  124   [8]  0F 06 44 F9 05 0E C9 08
 (026.569567)  can0  123   [8]  10 00 4A 43 67 2F 05 FF
 (026.569582)  can0  124   [8]  10 06 45 20 03 0E C0 08
 (026.579383)  can0  123   [8]  11 00 48 43 66 A1 F6 FF
 (026.579714)  can0  124   [8]  11 06 45 46 E8 0E B7 08
 (026.589226)  can0  123   [8]  12 00 46 43 66 14 E6 FF
 (026.589546)  can0  124   [8]  12 06 45 6D E4 0E AE 08
 (026.599321)  can0  123   [8]  13 00 46 43 65 78 2A FF
 (026.599346)  can0  124   [8]  13 06 45 94 C2 0E A4 08
 (026.609194)  can0  123   [8]  14 00 46 43 64 EB 1A FF
 (026.609218)  can0  124   [8]  14 06 45 BB BB 0E 9B 08
 (026.619031)  can0  123   [8]  15 00 46 43 64 5E 0B FF
 (026.619223)  can0  124   [8]  15 06 45 E2 9F 0E 92 08
 (026.628964)  can0  123   [8]  16 00 46 43 63 D0 FA FF
 (026.628977)  can0  124   [8]  16 06 46 09 9F 0E 89 08
 (026.638759)  can0  123   [8]  17 00 46 43 63 43 EB FF
 (026.638958)  can0  124   [8]  17 06 46 30 80 0E 80 08
 (026.648925)  can0  123   [8]  18 00 46 43 62 B6 DC FF
 (026.648945)  can0  124   [8]  18 06 46 57 7A 0E 77 08
 (026.658660)  can0  123   [8]  19 00 46 43 62 29 CC FF
 (026.658870)  can0  124   [8]  19 06 46 7E 55 0E 6E 08
 (026.668493)  can0  123   [8]  1A 00 46 43 61 9C BD FF
 (026.668667)  can0  124   [8]  1A 06 46 A5 4B 0E 65 08
 (026.678403)  can0  123   [8]  1B 00 46 43 61 0F AC FF
 (026.678589)  can0  124   [8]  1B 06 46 CC 28 0E 5C 08
 (026.688515)  can0  123   [8]  1C 00 46 43 60 72 F1 FF
 (026.688537)  can0  124   [8]  1C 06 46 F3 1C 0E 52 08
 (026.698394)  can0  123   [8]  1D 00 46 43 5F E5 E0 FF
 (026.698479)  can0  124   [8]  1D 06 47 19 F7 0E 49 08
 (026.708263)  can0  123   [8]  1E 00 45 43 5F 58 D1 FF
 (026.708382)  can0  124   [8]  1E 06 47 40 EB 0E 40 08
 (026.718064)  can0  123   [8]  1F 00 44 43 5E CB C1 FF
 (026.718255)  can0  124   [8]  1F 06 47 67 C6 0E 37 08
 (026.728003)  can0  123   [8]  20 00 44 43 5E 3E B2 FF
 (026.728199)  can0  124   [8]  20 06 47 8E C2 0E 2E 08
 (026.737875)  can0  123   [8]  21 00 44 43 5D B1 A3 FF
 (026.738036)  can0  124   [8]  21 06 47 B5 A1 0E 25 08
 (026.747849)  can0  123   [8]  22 00 44 43 5D 24 92 FF
 (026.748064)  can0  124   [8]  22 06 47 DC 99 0E 1C 08
 (026.757749)  can0  123   [8]  23 00 44 43 5C 87 D6 FF
 (026.757931)  can0  124   [8]  23 06 48 03 78 0E 12 08
 (026.767725)  can0  123   [8]  24 00 44 43 5B FA C6 FF
 (026.767893)  can0  124   [8]  24 06 48 2A 6E 0E 09 08
 (026.777624)  can0  123   [8]  25 00 45 43 5B 6D B7 FF
 (026.777732)  can0  124   [8]  25 06 48 51 58 0E 00 08
 (026.787542)  can0  123   [8]  26 00 45 43 5A E0 A7 FF
 (026.787694)  can0  124   [8]  26 06 48 78 50 0D F7 08
 (026.797373)  can0  123   [8]  27 00 45 43 5A 53 98 FF
 (026.797650)  can0  124   [8]  27 06 48 9F 35 0D EE 08
 (026.807400)  can0  123   [8]  28 00 45 43 59 C6 87 FF
 (026.807547)  can0  124   [8]  28 06 48 C6 30 0D E5 08
 (026.817356)  can0  123   [8]  29 00 44 43 59 39 78 FF
 (026.817376)  can0  124   [8]  29 06 48 ED 15 0D DC 08
 (026.827120)  can0  123   [8]  2A 00 43 43 58 AC 69 FF
 (026.827305)  can0  124   [8]  2A 06 49 14 0B 0D D3 08
 (026.837199)  can0  123   [8]  2B 00 43 43 58 1F 59 FF
 (026.837217)  can0  124   [8]  2B 06 49 3A EC 0D CA 08
 (026.846941)  can0  123   [8]  2C 00 43 43 57 82 9C FF
 (026.847172)  can0  124   [8]  2C 06 49 61 E6 0D C0 08
 (026.857053)  can0  123   [8]  2D 00 43 43 56 F5 8D FF
 (026.857074)  can0  124   [8]  2D 06 49 88 CA 0D B7 08
 (026.866830)  can0  123   [8]  2E 00 43 43 56 68 7E FF
 (026.867011)  can0  124   [8]  2E 06 49 AF C6 0D AE 08
 (026.876710)  can0  123   [8]  2F 00 43 43 55 DB 6D FF
 (026.876861)  can0  124   [8]  2F 06 49 D6 A9 0D A5 08
 (026.886782)  can0  123   [8]  30 00 43 43 55 4E 5E FF
 (026.886826)  can0  124   [8]  30 06 49 FD A5 0D 9C 08
 (026.896394)  can0  123   [8]  31 00 43 43 54 C1 4E FF
 (026.896775)  can0  124   [8]  31 06 4A 24 83 0D 93 08
 (026.906552)  can0  123   [8]  32 00 43 43 54 34 3F FF
 (026.906570)  can0  124   [8]  32 06 4A 4B 7D 0D 8A 08
 (026.916253)  can0  123   [8]  33 00 41 43 53 A7 30 FF
 (026.916572)  can0  124   [8]  33 06 4A 72 5D 0D 81 08
 (026.926210)  can0  123   [8]  34 00 3F 43 53 1A 1F FF
 (026.926398)  can0  124   [8]  34 06 4A 99 57 0D 78 08
 (026.936147)  can0  123   [8]  35 00 3E 43 52 7D 63 FF
 (026.936767)  can0  124   [8]  35 06 4A C0 3B 0D 6E 08
 (026.946102)  can0  123   [8]  36 00 3D 43 51 F0 54 FF
 (026.946313)  can0  124   [8]  36 06 4A E7 35 0D 65 08
 (026.956177)  can0  123   [8]  37 00 3D 43 51 63 44 FF
 (026.956196)  can0  124   [8]  37 06 4B 0E 18 0D 5C 08
 (026.966191)  can0  123   [8]  38 00 3D 43 50 D6 34 FF
 (026.966213)  can0  124   [8]  38 06 4B 35 0D 0D 53 08
 (026.975773)  can0  123   [8]  39 00 3C 43 50 49 25 FF
 (026.975945)  can0  124   [8]  39 06 4B 5B F4 0D 4A 08
 (026.985680)  can0  123   [8]  3A 00 3C 43 4F BC 14 FF
 (026.986160)  can0  124   [8]  3A 06 4B 82 EE 0D 41 08
 (026.995630)  can0  123   [8]  3B 00 3C 43 4F 2F 05 FF
 (026.995765)  can0  124   [8]  3B 06 4B A9 D3 0D 38 08
 (027.005582)  can0  123   [8]  3C 00 3C 43 4E A1 F6 FF
 (027.005705)  can0  124   [8]  3C 06 4B D0 D1 0D 2F 08
 (027.015404)  can0  123   [8]  3D 00 3B 43 4E 14 E6 FF
 (027.015637)  can0  124   [8]  3D 06 4B F7 B6 0D 26 08
 (027.025419)  can0  123   [8]  3E 00 3B 43 4D 78 29 FF
 (027.025618)  can0  124   [8]  3E 06 4C 1E AD 0D 1C 08
 (027.035274)  can0  123   [8]  3F 00 3B 43 4C EB 1A FF
 (027.035412)  can0  124   [8]  3F 06 4C 45 8C 0D 13 08
 (027.045228)  can0  123   [8]  40 00 3A 43 4C 5E 0B FF
 (027.045419)  can0  124   [8]  40 06 4C 6C 87 0D 0A 08
 (027.055489)  can0  123   [8]  41 00 3A 43 4B D0 FA FF
 (027.055510)  can0  124   [8]  41 06 4C 93 6C 0D 01 08
 (027.065014)  can0  123   [8]  42 00 3A 43 4B 43 EB FF
 (027.065219)  can0  124   [8]  42 06 4C BA 6A 0C F8 08
 (027.074906)  can0  123   [8]  43 00 3A 43 4A B6 DB FF
 (027.075097)  can0  124   [8]  43 06 4C E1 4E 0C EF 08
 (027.084826)  can0  123   [8]  44 00 3A 43 4A 29 CC FF
 (027.085092)  can0  124   [8]  44 06 4D 08 4C 0C E6 08
 (027.094759)  can0  123   [8]  45 00 39 43 49 9C BD FF
 (027.094919)  can0  124   [8]  45 06 4D 2F 2B 0C DD 08
 (027.104675)  can0  123   [8]  46 00 39 43 49 0F AC FF
 (027.104862)  can0  124   [8]  46 06 4D 56 25 0C D4 08
 (027.114587)  can0  123   [8]  47 00 39 43 48 72 F1 FF
 (027.114789)  can0  124   [8]  47 06 4D 7D 04 0C CA 08
 (027.124556)  can0  123   [8]  48 00 39 43 47 E5 E0 FF
 (027.124659)  can0  124   [8]  48 06 4D A4 01 0C C1 08
 (027.134401)  can0  123   [8]  49 00 39 43 47 58 D1 FF
 (027.134632)  can0  124   [8]  49 06 4D CA DD 0C B8 08
 (027.144312)  can0  123   [8]  4A 00 39 43 46 CB C1 FF
 (027.144442)  can0  124   [8]  4A 06 4D F1 D4 0C AF 08
 (027.154244)  can0  123   [8]  4B 00 39 43 46 3E B2 FF
 (027.154390)  can0  124   [8]  4B 06 4E 18 BB 0C A6 08
 (027.164342)  can0  123   [8]  4C 00 39 43 45 B1 A1 FF
 (027.164363)  can0  124   [8]  4C 06 4E 3F B8 0C 9D 08
 (027.174068)  can0  123   [8]  4D 00 39 43 45 24 92 FF
 (027.174295)  can0  124   [8]  4D 06 4E 66 94 0C 94 08
 (027.184033)  can0  123   [8]  4E 00 39 43 44 97 83 FF
 (027.184191)  can0  124   [8]  4E 06 4E 8D 91 0C 8B 08
 (027.193853)  can0  123   [8]  4F 00 39 43 44 0A 73 FF
 (027.194170)  can0  124   [8]  4F 06 4E B4 6D 0C 82 08
 (027.203791)  can0  123   [8]  50 00 3A 43 43 6D B8 FF
 (027.203898)  can0  124   [8]  50 06 4E DB 63 0C 78 08
 (027.213672)  can0  123   [8]  51 00 3A 43 42 E0 A7 FF
 (027.213838)  can0  124   [8]  51 06 4F 02 3A 0C 6F 08
 (027.223683)  can0  123   [8]  52 00 3A 43 42 53 98 FF
 (027.223852)  can0  124   [8]  52 06 4F 29 2E 0C 66 08
 (027.233468)  can0  123   [8]  53 00 3E 43 41 C6 87 FF
 (027.233689)  can0  124   [8]  53 06 4F 50 0D 0C 5D 08
 (027.243448)  can0  123   [8]  54 00 54 43 41 39 78 FF
 (027.244021)  can0  124   [8]  54 06 4F 77 06 0C 54 08
 (027.253365)  can0  123   [8]  55 00 83 43 40 AC 68 FF
 (027.253531)  can0  124   [8]  55 06 4F 9D CC 0C 4B 08
 (027.263231)  can0  123   [8]  56 00 A2 43 40 1F 59 FF
 (027.263439)  can0  124   [8]  56 06 4F C4 C3 0C 42 08
 (027.273318)  can0  123   [8]  57 00 A2 43 3F 92 4A FF
 (027.273456)  can0  124   [8]  57 06 4F EB A0 0C 39 08
 (027.283120)  can0  123   [8]  58 00 A3 43 3F 05 39 FF
 (027.283246)  can0  124   [8]  58 06 50 12 97 0C 30 08
 (027.293052)  can0  123   [8]  59 00 A5 43 3E 78 2A FF
 (027.293265)  can0  124   [8]  59 06 50 39 72 0C 27 08
 (027.302880)  can0  123   [8]  5A 00 AC 43 3D EB 1A FF
 (027.303104)  can0  124   [8]  5A 06 50 60 67 0C 1E 08
 (027.312770)  can0  123   [8]  5B 00 BE 43 3D 6D B6 FF
 (027.312982)  can0  124   [8]  5B 06 50 87 45 0C 16 08
 (027.322887)  can0  123   [8]  5C 00 C6 43 3C E0 A7 FF
 (027.322908)  can0  124   [8]  5C 06 50 AE 3B 0C 0D 08
 (027.332690)  can0  123   [8]  5D 00 D0 43 3C 53 97 FF
 (027.332797)  can0  124   [8]  5D 06 50 D5 18 0C 04 08
 (027.342534)  can0  123   [8]  5E 00 D9 43 3B C6 88 FF
 (027.342713)  can0  124   [8]  5E 06 50 FC 12 0B FB 08
 (027.352504)  can0  123   [8]  5F 00 E2 43 3B 39 79 FF
 (027.352720)  can0  124   [8]  5F 06 51 22 F4 0B F2 08
 (027.362372)  can0  123   [8]  60 00 E4 43 3A AC 68 FF
 (027.362560)  can0  124   [8]  60 06 51 49 EE 0B E9 08
 (027.372434)  can0  123   [8]  61 00 DF 43 3A 1F 59 FF
 (027.372454)  can0  124   [8]  61 06 51 70 CC 0B E0 08
 (027.382376)  can0  123   [8]  62 00 D2 43 39 92 49 FF
 (027.382697)  can0  124   [8]  62 06 51 97 C6 0B D7 08
 (027.392129)  can0  123   [8]  63 00 C5 43 39 05 3A FF
 (027.392293)  can0  124   [8]  63 06 51 BE A7 0B CE 08
 (027.402064)  can0  123   [8]  64 00 C1 43 38 87 D6 FF
 (027.402270)  can0  124   [8]  64 06 51 E5 A1 0B C6 08
 (027.411927)  can0  123   [8]  65 00 B8 43 37 FA C6 FF
 (027.412231)  can0  124   [8]  65 06 52 0C 80 0B BD 08
 (027.421841)  can0  123   [8]  66 00 A6 43 37 6D B7 FF
 (027.422008)  can0  124   [8]  66 06 52 33 77 0B B4 08
 (027.431729)  can0  123   [8]  67 00 8A 43 36 E0 A8 FF
 (027.431862)  can0  124   [8]  67 06 52 5A 5C 0B AB 08
 (027.441640)  can0  123   [8]  68 00 98 43 36 53 97 FF
 (027.441874)  can0  124   [8]  68 06 52 81 57 0B A2 08
 (027.451563)  can0  123   [8]  69 00 A2 43 35 C6 88 FF
 (027.451774)  can0  124   [8]  69 06 52 A8 34 0B 99 08
 (027.461745)  can0  123   [8]  6A 00 A0 43 35 39 78 FF
 (027.461839)  can0  124   [8]  6A 06 52 CF 26 0B 90 08
 (027.471413)  can0  123   [8]  6B 00 9A 43 34 AC 69 FF
 (027.471632)  can0  124   [8]  6B 06 52 F6 00 0B 87 08
 (027.481606)  can0  123   [8]  6C 00 90 43 34 1F 59 FF
 (027.481694)  can0  124   [8]  6C 06 53 1C F1 0B 7E 08
 (027.491553)  can0  123   [8]  6D 00 79 43 33 A1 F6 FF
 (027.491609)  can0  124   [8]  6D 06 53 43 C2 0B 76 08
 (027.501133)  can0  123   [8]  6E 00 61 43 33 14 E6 FF
 (027.501357)  can0  124   [8]  6E 06 53 6A CF 0B 6D 08
 (027.511070)  can0  123   [8]  6F 00 50 43 32 87 D6 FF
 (027.511293)  can0  124   [8]  6F 06 53 91 B3 0B 64 08
 (027.521014)  can0  123   [8]  70 00 4A 43 31 FA C6 FF
 (027.521145)  can0  124   [8]  70 06 53 B8 AA 0B 5B 08
 (027.530758)  can0  123   [8]  71 00 4B 43 31 6D B7 FF
 (027.530954)  can0  124   [8]  71 06 53 DF 87 0B 52 08
 (027.540814)  can0  123   [8]  72 00 58 43 30 E0 A7 FF
 (027.541003)  can0  124   [8]  72 06 54 06 7D 0B 49 08
 (027.550835)  can0  123   [8]  73 00 66 43 30 53 98 FF
 (027.550849)  can0  124   [8]  73 06 54 2D 40 0B 40 08
 (027.560695)  can0  123   [8]  74 00 5C 43 2F C6 88 FF
 (027.560857)  can0  124   [8]  74 06 54 54 48 0B 37 08
 (027.570608)  can0  123   [8]  75 00 4B 43 2F 39 78 FF
 (027.570986)  can0  124   [8]  75 06 54 7B 26 0B 2E 08
 (027.580562)  can0  123   [8]  76 00 47 43 2E BC 15 FF
 (027.580782)  can0  124   [8]  76 06 54 A2 1E 0B 26 08
 (027.590390)  can0  123   [8]  77 00 46 43 2E 2F 05 FF
 (027.590596)  can0  124   [8]  77 06 54 C8 FB 0B 1D 08
 (027.600328)  can0  123   [8]  78 00 43 43 2D A1 F5 FF
 (027.600522)  can0  124   [8]  78 06 54 EF F0 0B 14 08
 (027.610293)  can0  123   [8]  79 00 42 43 2D 14 E6 FF
 (027.610308)  can0  124   [8]  79 06 55 16 D0 0B 0B 08
 (027.620297)  can0  123   [8]  7A 00 4C 43 2C 87 D6 FF
 (027.620318)  can0  124   [8]  7A 06 55 3D C3 0B 02 08
 (027.630177)  can0  123   [8]  7B 00 5C 43 2C 0A 73 FF
 (027.630194)  can0  124   [8]  7B 06 55 64 A5 0A FA 08
 (027.639886)  can0  123   [8]  7C 00 76 43 2B 7D 63 FF
 (027.640078)  can0  124   [8]  7C 06 55 8B 8D 0A F1 08
 (027.649838)  can0  123   [8]  7D 00 8B 43 2A F0 54 FF
 (027.650014)  can0  124   [8]  7D 06 55 B2 70 0A E8 08
 (027.659771)  can0  123   [8]  7E 00 B0 43 2A 63 44 FF
 (027.660007)  can0  124   [8]  7E 06 55 D9 67 0A DF 08
 (027.669662)  can0  123   [8]  7F 00 DC 43 29 D6 34 FF
 (027.669846)  can0  124   [8]  7F 06 56 00 45 0A D6 08
 (027.679494)  can0  123   [8]  80 00 EC 43 29 49 24 FF
 (027.679745)  can0  124   [8]  80 06 56 27 31 0A CD 08
 (027.689507)  can0  123   [8]  81 00 F2 43 28 BC 15 FF
 (027.689695)  can0  124   [8]  81 06 56 4E 14 0A C4 08
 (027.699383)  can0  123   [8]  82 00 F3 43 28 3E B2 FF
 (027.699512)  can0  124   [8]  82 06 56 75 03 0A BC 08
 (027.709193)  can0  123   [8]  83 00 F3 43 27 B1 A2 FF
 (027.709466)  can0  124   [8]  83 06 56 9B E3 0A B3 08
 (027.719300)  can0  123   [8]  84 00 F4 43 27 24 92 FF
 (027.719313)  can0  124   [8]  84 06 56 C2 D4 0A AA 08
 (027.729294)  can0  123   [8]  85 00 F5 43 26 97 83 FF
 (027.729310)  can0  124   [8]  85 06 56 E9 B7 0A A1 08
 (027.739010)  can0  123   [8]  86 00 F6 43 26 0A 73 FF
 (027.739224)  can0  124   [8]  86 06 57 10 AB 0A 98 08
 (027.748880)  can0  123   [8]  87 00 F6 43 25 8D 0F FF
 (027.749134)  can0  124   [8]  87 06 57 37 8C 0A 90 08
 (027.758818)  can0  123   [8]  88 00 F7 43 25 00 00 FF
 (027.759040)  can0  124   [8]  88 06 57 5E 7A 0A 87 08
 (027.768999)  can0  123   [8]  89 00 F8 43 24 72 F0 FF
 (027.769051)  can0  124   [8]  89 06 57 85 61 0A 7E 08
 (027.778678)  can0  123   [8]  8A 00 F8 43 23 E5 E1 FF
 (027.778796)  can0  124   [8]  8A 06 57 AC 54 0A 75 08
 (027.788651)  can0  123   [8]  8B 00 F9 43 23 58 D1 FF
 (027.788903)  can0  124   [8]  8B 06 57 D3 37 0A 6C 08
 (027.798563)  can0  123   [8]  8C 00 F9 43 22 DB 6E FF
 (027.798755)  can0  124   [8]  8C 06 57 FA 28 0A 64 08
 (027.808386)  can0  123   [8]  8D 00 F8 43 22 4E 5E FF
 (027.808585)  can0  124   [8]  8D 06 58 21 10 0A 5B 08
 (027.818352)  can0  123   [8]  8E 00 F4 43 21 C1 4E FF
 (027.818468)  can0  124   [8]  8E 06 58 48 08 0A 52 08
 (027.828209)  can0  123   [8]  8F 00 E9 43 21 34 3E FF
 (027.828396)  can0  124   [8]  8F 06 58 6E EB 0A 49 08
 (027.838099)  can0  123   [8]  90 00 AD 43 20 A7 2F FF
 (027.838295)  can0  124   [8]  90 06 58 95 D8 0A 40 08
 (027.848072)  can0  123   [8]  91 00 56 43 20 29 CC FF
 (027.848219)  can0  124   [8]  91 06 58 BC CC 0A 38 08
 (027.858108)  can0  123   [8]  92 00 48 43 1F 9C BC FF
 (027.858382)  can0  124   [8]  92 06 58 E3 C5 0A 2F 08
 (027.867833)  can0  123   [8]  93 00 43 43 1F 0F AD FF
 (027.868077)  can0  124   [8]  93 06 59 0A A5 0A 26 08
 (027.877803)  can0  123   [8]  94 00 3D 43 1E 82 9D FF
 (027.877963)  can0  124   [8]  94 06 59 31 A4 0A 1D 08
 (027.887748)  can0  123   [8]  95 00 34 43 1D F5 8D FF
 (027.887875)  can0  124   [8]  95 06 59 58 7F 0A 14 08
 (027.897682)  can0  123   [8]  96 00 32 43 1D 68 7D FF
 (027.897814)  can0  124   [8]  96 06 59 7F 77 0A 0B 08
 (027.907556)  can0  123   [8]  97 00 31 43 1C DB 6D FF
 (027.907720)  can0  124   [8]  97 06 59 A6 54 0A 02 08
 (027.917595)  can0  123   [8]  98 00 31 43 1C 4E 5E FF
 (027.917630)  can0  124   [8]  98 06 59 CD 4D 09 F9 08
 (027.927383)  can0  123   [8]  99 00 31 43 1B C1 4F FF
 (027.927586)  can0  124   [8]  99 06 59 F4 2C 09 F0 08
 (027.937258)  can0  123   [8]  9A 00 31 43 1B 34 3F FF
 (027.937462)  can0  124   [8]  9A 06 5A 1B 21 09 E7 08
 (027.947187)  can0  123   [8]  9B 00 30 43 1A A7 2F FF
 (027.947388)  can0  124   [8]  9B 06 5A 41 FE 09 DE 08
 (027.957089)  can0  123   [8]  9C 00 2F 43 1A 29 CC FF
 (027.957283)  can0  124   [8]  9C 06 5A 68 F7 09 D6 08
 (027.967222)  can0  123   [8]  9D 00 2E 43 19 9C BC FF
 (027.967255)  can0  124   [8]  9D 06 5A 8F D8 09 CD 08
 (027.976929)  can0  123   [8]  9E 00 2E 43 19 0F AC FF
 (027.977106)  can0  124   [8]  9E 06 5A B6 CF 09 C4 08
 (027.986847)  can0  123   [8]  9F 00 2D 43 18 82 9D FF
 (027.987017)  can0  124   [8]  9F 06 5A DD AE 09 BB 08
 (027.996918)  can0  123   [8]  A0 00 2D 43 17 F5 8D FF
 (027.996949)  can0  124   [8]  A0 06 5B 04 A9 09 B2 08
 (028.006639)  can0  123   [8]  A1 00 2D 43 17 68 7E FF
 (028.006851)  can0  124   [8]  A1 06 5B 2B 84 09 A9 08
 (028.016511)  can0  123   [8]  A2 00 2D 43 16 DB 6E FF
 (028.016767)  can0  124   [8]  A2 06 5B 52 76 09 A0 08
 (028.026486)  can0  123   [8]  A3 00 2D 43 16 4E 5E FF
 (028.026645)  can0  124   [8]  A3 06 5B 79 5B 09 97 08
 (028.036394)  can0  123   [8]  A4 00 2D 43 15 C1 4E FF
 (028.036615)  can0  124   [8]  A4 06 5B A0 53 09 8E 08
 (028.046353)  can0  123   [8]  A5 00 2E 43 15 34 3E FF
 (028.046615)  can0  124   [8]  A5 06 5B C7 30 09 85 08
 (028.056210)  can0  123   [8]  A6 00 2E 43 14 A7 2F FF
 (028.056388)  can0  124   [8]  A6 06 5B EE 2A 09 7C 08
 (028.066099)  can0  123   [8]  A7 00 2E 43 14 1A 20 FF
 (028.066286)  can0  124   [8]  A7 06 5C 15 0B 09 73 08
 (028.076016)  can0  123   [8]  A8 00 2E 43 13 8D 10 FF
 (028.076195)  can0  124   [8]  A8 06 5C 3C 0A 09 6A 08
 (028.085930)  can0  123   [8]  A9 00 2E 43 13 00 00 FF
 (028.086123)  can0  124   [8]  A9 06 5C 62 E8 09 61 08
 (028.096075)  can0  123   [8]  AA 00 2E 43 12 72 F0 FF
 (028.096096)  can0  124   [8]  AA 06 5C 89 E4 09 58 08
 (028.105914)  can0  123   [8]  AB 00 2F 43 11 E5 E0 FF
 (028.106041)  can0  124   [8]  AB 06 5C B0 C6 09 4F 08
 (028.115736)  can0  123   [8]  AC 00 2F 43 11 58 D1 FF
 (028.115850)  can0  124   [8]  AC 06 5C D7 BE 09 46 08
 (028.125892)  can0  123   [8]  AD 00 2F 43 10 DB 6E FF
 (028.125908)  can0  124   [8]  AD 06 5C FE 97 09 3E 08
 (028.135474)  can0  123   [8]  AE 00 2F 43 10 4E 5E FF
 (028.135699)  can0  124   [8]  AE 06 5D 25 8F 09 35 08
 (028.145424)  can0  123   [8]  AF 00 30 43 0F C1 4F FF
 (028.145541)  can0  124   [8]  AF 06 5D 4C 6B 09 2C 08
 (028.155471)  can0  123   [8]  B0 00 30 43 0F 34 3F FF
 (028.155497)  can0  124   [8]  B0 06 5D 73 5D 09 23 08
 (028.165205)  can0  123   [8]  B1 00 31 43 0E A7 2F FF
 (028.165387)  can0  124   [8]  B1 06 5D 9A 44 09 1A 08
 (028.175194)  can0  123   [8]  B2 00 31 43 0E 1A 1F FF
 (028.175287)  can0  124   [8]  B2 06 5D C1 3B 09 11 08
 (028.184974)  can0  123   [8]  B3 00 31 43 0D 8D 0F FF
 (028.185217)  can0  124   [8]  B3 06 5D E8 1C 09 08 08
 (028.194953)  can0  123   [8]  B4 00 31 43 0D 00 00 FF
 (028.195190)  can0  124   [8]  B4 06 5E 0F 18 08 FF 08
 (028.204837)  can0  123   [8]  B5 00 31 43 0C 72 F1 FF
 (028.205102)  can0  124   [8]  B5 06 5E 35 EB 08 F6 08
 (028.214859)  can0  123   [8]  B6 00 31 43 0B F5 8D FF
 (028.215017)  can0  124   [8]  B6 06 5E 5C E9 08 EE 08
 (028.224700)  can0  123   [8]  B7 00 32 43 0B 68 7E FF
 (028.224959)  can0  124   [8]  B7 06 5E 83 C5 08 E5 08
 (028.234585)  can0  123   [8]  B8 00 32 43 0A DB 6E FF
 (028.234809)  can0  124   [8]  B8 06 5E AA B8 08 DC 08
 (028.244451)  can0  123   [8]  B9 00 33 43 0A 4E 5E FF
 (028.244735)  can0  124   [8]  B9 06 5E D1 94 08 D3 08
 (028.254411)  can0  123   [8]  BA 00 33 43 09 C1 4E FF
 (028.254600)  can0  124   [8]  BA 06 5E F8 8B 08 CA 08
 (028.264401)  can0  123   [8]  BB 00 33 43 09 43 EB FF
 (028.264643)  can0  124   [8]  BB 06 5F 1F 67 08 C2 08
 (028.274321)  can0  123   [8]  BC 00 33 43 08 B6 DB FF
 (028.274523)  can0  124   [8]  BC 06 5F 46 50 08 B9 08
 (028.284179)  can0  123   [8]  BD 00 34 43 08 29 CC FF
 (028.284342)  can0  124   [8]  BD 06 5F 6D 2E 08 B0 08
 (028.294082)  can0  123   [8]  BE 00 34 43 07 9C BC FF
 (028.294333)  can0  124   [8]  BE 06 5F 94 23 08 A7 08
 (028.303969)  can0  123   [8]  BF 00 34 43 07 0F AD FF
 (028.304191)  can0  124   [8]  BF 06 5F BA FD 08 9E 08
 (028.313927)  can0  123   [8]  C0 00 34 43 06 92 49 FF
 (028.314299)  can0  124   [8]  C0 06 5F E1 F4 08 96 08
 (028.323864)  can0  123   [8]  C1 00 34 43 06 05 39 FF
 (028.324052)  can0  124   [8]  C1 06 60 08 CF 08 8D 08
 (028.334052)  can0  123   [8]  C2 00 33 43 05 78 2A FF
 (028.334068)  can0  124   [8]  C2 06 60 2F C5 08 84 08
 (028.343700)  can0  123   [8]  C3 00 33 43 04 FA C6 FF
 (028.343895)  can0  124   [8]  C3 06 60 56 9E 08 7C 08
 (028.354873)  can0  123   [8]  C4 00 33 43 04 6D B7 FF
 (028.354892)  can0  124   [8]  C4 06 60 7D 95 08 73 08
 (028.363561)  can0  123   [8]  C5 00 33 43 03 F0 53 FF
 (028.363692)  can0  124   [8]  C5 06 60 A4 6F 08 6B 08
 (028.373450)  can0  123   [8]  C6 00 32 43 03 63 44 FF
 (028.373620)  can0  124   [8]  C6 06 60 CB 67 08 62 08
 (028.383321)  can0  123   [8]  C7 00 32 43 02 D6 35 FF
 (028.383547)  can0  124   [8]  C7 06 60 F2 43 08 59 08
 (028.393317)  can0  123   [8]  C8 00 32 43 02 58 D1 FF
 (028.393458)  can0  124   [8]  C8 06 61 19 3C 08 51 08
 (028.403323)  can0  123   [8]  C9 00 32 43 01 CB C1 FF
 (028.403459)  can0  124   [8]  C9 06 61 40 18 08 48 08
 (028.413099)  can0  123   [8]  CA 00 32 43 01 4E 5E FF
 (028.413312)  can0  124   [8]  CA 06 61 67 0C 08 40 08
 (028.423067)  can0  123   [8]  CB 00 31 43 00 C1 4E FF
 (028.423271)  can0  124   [8]  CB 06 61 8D E9 08 37 08
 (028.432897)  can0  123   [8]  CC 00 31 43 00 34 3E FF
 (028.433255)  can0  124   [8]  CC 06 61 B4 E8 08 2E 08
 (028.442758)  can0  123   [8]  CD 00 31 42 FF 6D B7 FF
 (028.443019)  can0  124   [8]  CD 06 61 DB C8 08 26 08
 (028.452725)  can0  123   [8]  CE 00 31 42 FE 72 F0 FF
 (028.452893)  can0  124   [8]  CE 06 62 02 C1 08 1E 08
 (028.462778)  can0  123   [8]  CF 00 30 42 FD 58 D1 FF
 (028.462795)  can0  124   [8]  CF 06 62 29 A1 08 15 08
 (028.472490)  can0  123   [8]  D0 00 30 42 FC 5E 0B FF
 (028.472692)  can0  124   [8]  D0 06 62 50 96 08 0D 08
 (028.482616)  can0  123   [8]  D1 00 30 42 FB 43 EB FF
 (028.482650)  can0  124   [8]  D1 06 62 77 68 08 04 08
 (028.492377)  can0  123   [8]  D2 00 30 42 FA 49 25 FF
 (028.492600)  can0  124   [8]  D2 06 62 9E 60 07 FC 08
 (028.502497)  can0  123   [8]  D3 00 30 42 F9 2F 05 FF
 (028.502543)  can0  124   [8]  D3 06 62 C5 41 07 F3 08
 (028.512172)  can0  123   [8]  D4 00 30 42 F8 34 3F FF
 (028.512415)  can0  124   [8]  D4 06 62 EC 2F 07 EB 08
 (028.522043)  can0  123   [8]  D5 00 30 42 F7 39 78 FF
 (028.522318)  can0  124   [8]  D5 06 63 13 0A 07 E3 08
 (028.532014)  can0  123   [8]  D6 00 2F 42 F6 1F 58 FF
 (028.532324)  can0  124   [8]  D6 06 63 3A 06 07 DA 08
 (028.541943)  can0  123   [8]  D7 00 2F 42 F5 24 92 FF
 (028.542149)  can0  124   [8]  D7 06 63 60 DF 07 D2 08
 (028.551843)  can0  123   [8]  D8 00 2F 42 F4 29 CC FF
 (028.552011)  can0  124   [8]  D8 06 63 87 D6 07 CA 08
 (028.561760)  can0  123   [8]  D9 00 2F 42 F3 0F AC FF
 (028.562085)  can0  124   [8]  D9 06 63 AE B7 07 C1 08
 (028.571709)  can0  123   [8]  DA 00 2F 42 F2 14 E6 FF
 (028.571870)  can0  124   [8]  DA 06 63 D5 AA 07 B9 08
 (028.581530)  can0  123   [8]  DB 00 2F 42 F0 FA C7 FF
 (028.581770)  can0  124   [8]  DB 06 63 FC 86 07 B0 08
 (028.591516)  can0  123   [8]  DC 00 2F 42 F0 00 00 FF
 (028.591707)  can0  124   [8]  DC 06 64 23 7C 07 A8 08
 (028.601431)  can0  123   [8]  DD 00 2E 42 EF 05 39 FF
 (028.601683)  can0  124   [8]  DD 06 64 4A 5C 07 A0 08
 (028.611335)  can0  123   [8]  DE 00 2E 42 EE 0A 73 FF
 (028.611579)  can0  124   [8]  DE 06 64 71 54 07 98 08
 (028.621269)  can0  123   [8]  DF 00 2E 42 ED 0F AD FF
 (028.621435)  can0  124   [8]  DF 06 64 98 38 07 90 08
 (028.631127)  can0  123   [8]  E0 00 2E 42 EB F5 8D FF
 (028.631432)  can0  124   [8]  E0 06 64 BF 31 07 87 08
 (028.641047)  can0  123   [8]  E1 00 2E 42 EA FA C7 FF
 (028.641266)  can0  124   [8]  E1 06 64 E6 07 07 7F 08
 (028.650961)  can0  123   [8]  E2 00 2E 42 E9 FF FF FF
 (028.651173)  can0  124   [8]  E2 06 65 0D 04 07 77 08
 (028.660854)  can0  123   [8]  E3 00 2E 42 E9 05 39 FF
 (028.661182)  can0  124   [8]  E3 06 65 33 E2 07 6F 08
 (028.670876)  can0  123   [8]  E4 00 2E 42 E8 0A 73 FF
 (028.671029)  can0  124   [8]  E4 06 65 5A E0 07 67 08
 (028.681031)  can0  123   [8]  E5 00 2E 42 E7 0F AD FF
 (028.681058)  can0  124   [8]  E5 06 65 81 BF 07 5F 08
 (028.690642)  can0  123   [8]  E6 00 2E 42 E5 F5 8D FF
 (028.690794)  can0  124   [8]  E6 06 65 A8 B9 07 56 08
 (028.700497)  can0  123   [8]  E7 00 2E 42 E4 FA C6 FF
 (028.700709)  can0  124   [8]  E7 06 65 CF 95 07 4E 08
 (028.710366)  can0  123   [8]  E8 00 2D 42 E4 00 00 FF
 (028.710589)  can0  124   [8]  E8 06 65 F6 8E 07 46 08
 (028.720371)  can0  123   [8]  E9 00 2D 42 E3 05 3A FF
 (028.720518)  can0  124   [8]  E9 06 66 1D 6A 07 3E 08
 (028.730386)  can0  123   [8]  EA 00 2D 42 E2 0A 74 FF
 (028.730525)  can0  124   [8]  EA 06 66 44 5F 07 36 08
 (028.740146)  can0  123   [8]  EB 00 2D 42 E1 0F AC FF
 (028.740388)  can0  124   [8]  EB 06 66 6B 3E 07 2E 08
 (028.750086)  can0  123   [8]  EC 00 2D 42 E0 14 E6 FF
 (028.750416)  can0  124   [8]  EC 06 66 92 37 07 26 08
 (028.760255)  can0  123   [8]  ED 00 2D 42 DF 1A 20 FF
 (028.760278)  can0  124   [8]  ED 06 66 B9 14 07 1E 08
 (028.769958)  can0  123   [8]  EE 00 2D 42 DE 00 00 FF
 (028.770091)  can0  124   [8]  EE 06 66 E0 06 07 15 08
 (028.779958)  can0  123   [8]  EF 00 2D 42 DD 05 3A FF
 (028.779975)  can0  124   [8]  EF 06 67 06 E5 07 0D 08
 (028.790013)  can0  123   [8]  F0 00 2D 42 DC 0A 73 FF
 (028.790075)  can0  124   [8]  F0 06 67 2D D6 07 05 08
 (028.799670)  can0  123   [8]  F1 00 2D 42 DB 0F AC FF
 (028.799782)  can0  124   [8]  F1 06 67 54 B4 06 FD 08
 (028.809604)  can0  123   [8]  F2 00 2D 42 DA 14 E6 FF
 (028.809692)  can0  124   [8]  F2 06 67 7B A8 06 F5 08
 (028.819455)  can0  123   [8]  F3 00 2D 42 D9 1A 1F FF
 (028.819703)  can0  124   [8]  F3 06 67 A2 83 06 ED 08
 (028.829419)  can0  123   [8]  F4 00 2D 42 D8 1F 59 FF
 (028.829536)  can0  124   [8]  F4 06 67 C9 76 06 E5 08
 (028.839283)  can0  123   [8]  F5 00 2D 42 D7 24 92 FF
 (028.839507)  can0  124   [8]  F5 06 67 F0 54 06 DD 08
 (028.849284)  can0  123   [8]  F6 00 2D 42 D6 29 CC FF
 (028.849414)  can0  124   [8]  F6 06 68 17 4B 06 D5 08
 (028.859199)  can0  123   [8]  F7 00 2D 42 D5 2F 05 FF
 (028.859366)  can0  124   [8]  F7 06 68 3E 29 06 CD 08
 (028.869178)  can0  123   [8]  F8 00 2C 42 D4 34 3F FF
 (028.869392)  can0  124   [8]  F8 06 68 65 26 06 C5 08
 (028.879009)  can0  123   [8]  F9 00 2C 42 D3 39 79 FF
 (028.879476)  can0  124   [8]  F9 06 68 8C 09 06 BD 08
 (028.888862)  can0  123   [8]  FA 00 2C 42 D2 3E B1 FF
 (028.889204)  can0  124   [8]  FA 06 68 B3 02 06 B5 08
 (028.898830)  can0  123   [8]  FB 00 2C 42 D1 43 EB FF
 (028.899013)  can0  124   [8]  FB 06 68 D9 DE 06 AD 08
 (028.908726)  can0  123   [8]  FC 00 2C 42 D0 49 25 FF
 (028.908902)  can0  124   [8]  FC 06 69 00 D7 06 A5 08
 (028.918610)  can0  123   [8]  FD 00 2C 42 CF 4E 5F FF
 (028.918814)  can0  124   [8]  FD 06 69 27 BC 06 9D 08
 (028.928515)  can0  123   [8]  FE 00 2C 42 CE 53 97 FF
 (028.928739)  can0  124   [8]  FE 06 69 4E B8 06 95 08
 (028.938437)  can0  123   [8]  FF 00 2C 42 CD 58 D1 FF
 (028.938624)  can0  124   [8]  FF 06 69 75 9E 06 8D 08
 (028.948370)  can0  123   [8]  00 00 2C 42 CC 5E 0B FF
 (028.948557)  can0  124   [8]  00 06 69 9C 99 06 85 08
 (028.958369)  can0  123   [8]  01 00 2C 42 CB 63 43 FF
 (028.958678)  can0  124   [8]  01 06 69 C3 7E 06 7D 08
 (028.968474)  can0  123   [8]  02 00 2C 42 CA 68 7D FF
 (028.968495)  can0  124   [8]  02 06 69 EA 7B 06 75 08
 (028.978113)  can0  123   [8]  03 00 2C 42 C9 6D B7 FF
 (028.978305)  can0  124   [8]  03 06 6A 11 5E 06 6D 08
 (028.988062)  can0  123   [8]  04 00 2C 42 C8 72 F1 FF
 (028.988502)  can0  124   [8]  04 06 6A 38 5D 06 65 08
 (028.997932)  can0  123   [8]  05 00 2C 42 C7 78 29 FF
 (028.998113)  can0  124   [8]  05 06 6A 5F 3F 06 5D 08
 (029.008065)  can0  123   [8]  06 00 2B 42 C6 7D 63 FF
 (029.008089)  can0  124   [8]  06 06 6A 86 38 06 55 08
 (029.017915)  can0  123   [8]  07 00 2A 42 C5 82 9D FF
 (029.017932)  can0  124   [8]  07 06 6A AD 17 06 4D 08
 (029.027618)  can0  123   [8]  08 00 2A 42 C4 87 D6 FF
 (029.027841)  can0  124   [8]  08 06 6A D4 16 06 45 08
 (029.037919)  can0  123   [8]  09 00 2A 42 C3 8D 10 FF
 (029.037939)  can0  124   [8]  09 06 6A FA F3 06 3D 08
 (029.047491)  can0  123   [8]  0A 00 2A 42 C2 B1 A2 FF
 (029.047655)  can0  124   [8]  0A 06 6B 21 EB 06 36 08
 (029.057383)  can0  123   [8]  0B 00 2A 42 C1 B6 DB FF
 (029.057592)  can0  124   [8]  0B 06 6B 48 CF 06 2E 08
 (029.067286)  can0  123   [8]  0C 00 29 42 C0 BC 15 FF
 (029.067583)  can0  124   [8]  0C 06 6B 6F C7 06 26 08
 (029.077252)  can0  123   [8]  0D 00 28 42 BF C1 4E FF
 (029.077455)  can0  124   [8]  0D 06 6B 96 A7 06 1E 08
 (029.087496)  can0  123   [8]  0E 00 27 42 BE C6 88 FF
 (029.087517)  can0  124   [8]  0E 06 6B BD 9A 06 16 08
 (029.097063)  can0  123   [8]  0F 00 27 42 BD CB C1 FF
 (029.097374)  can0  124   [8]  0F 06 6B E4 78 06 0E 08
 (029.106959)  can0  123   [8]  10 00 27 42 BC D0 FB FF
 (029.107265)  can0  124   [8]  10 06 6C 0B 6E 06 06 08
 (029.116805)  can0  123   [8]  11 00 27 42 BB D6 34 FF
 (029.117110)  can0  124   [8]  11 06 6C 32 4E 05 FE 08
 (029.126739)  can0  123   [8]  12 00 27 42 BA DB 6E FF
 (029.126896)  can0  124   [8]  12 06 6C 59 4A 05 F6 08
 (029.136761)  can0  123   [8]  13 00 27 42 B9 E0 A8 FF
 (029.136940)  can0  124   [8]  13 06 6C 80 26 05 EE 08
 (029.146625)  can0  123   [8]  14 00 27 42 B8 E5 E0 FF
 (029.146763)  can0  124   [8]  14 06 6C A7 20 05 E6 08
 (029.156450)  can0  123   [8]  15 00 26 42 B7 EB 1A FF
 (029.156687)  can0  124   [8]  15 06 6C CD FE 05 DE 08
 (029.166483)  can0  123   [8]  16 00 26 42 B6 F0 54 FF
 (029.166679)  can0  124   [8]  16 06 6C F4 F9 05 D6 08
 (029.176448)  can0  123   [8]  17 00 26 42 B5 F5 8E FF
 (029.176780)  can0  124   [8]  17 06 6D 1B DC 05 CE 08
 (029.186241)  can0  123   [8]  18 00 26 42 B4 FA C6 FF
 (029.186471)  can0  124   [8]  18 06 6D 42 CF 05 C6 08
 (029.196189)  can0  123   [8]  19 00 26 42 B4 1F 59 FF
 (029.196326)  can0  124   [8]  19 06 6D 69 AC 05 BF 08
 (029.206324)  can0  123   [8]  1A 00 26 42 B3 24 92 FF
 (029.206799)  can0  124   [8]  1A 06 6D 90 A4 05 B7 08
 (029.216125)  can0  123   [8]  1B 00 26 42 B2 29 CC FF
 (029.216143)  can0  124   [8]  1B 06 6D B7 8E 05 AF 08
 (029.225986)  can0  123   [8]  1C 00 26 42 B1 2F 05 FF
 (029.226237)  can0  124   [8]  1C 06 6D DE 8A 05 A7 08
 (029.235824)  can0  123   [8]  1D 00 26 42 B0 34 3F FF
 (029.236014)  can0  124   [8]  1D 06 6E 05 6C 05 9F 08
 (029.245848)  can0  123   [8]  1E 00 26 42 AF 58 D1 FF
 (029.246092)  can0  124   [8]  1E 06 6E 2C 69 05 98 08
 (029.255897)  can0  123   [8]  1F 00 26 42 AE 5E 0B FF
 (029.255917)  can0  124   [8]  1F 06 6E 53 43 05 90 08
 (029.266005)  can0  123   [8]  20 00 26 42 AD 63 44 FF
 (029.266024)  can0  124   [8]  20 06 6E 7A 41 05 88 08
 (029.275734)  can0  123   [8]  21 00 26 42 AC 68 7E FF
 (029.275766)  can0  124   [8]  21 06 6E A1 20 05 80 08
 (029.285461)  can0  123   [8]  22 00 26 42 AB 6D B7 FF
 (029.285649)  can0  124   [8]  22 06 6E C8 1E 05 78 08
 (029.295293)  can0  123   [8]  23 00 27 42 AA 92 49 FF
 (029.295437)  can0  124   [8]  23 06 6E EF 00 05 71 08
 (029.305155)  can0  123   [8]  24 00 27 42 A9 97 83 FF
 (029.305601)  can0  124   [8]  24 06 6F 15 F9 05 69 08
 (029.315286)  can0  123   [8]  25 00 27 42 A8 BC 15 FF
 (029.315302)  can0  124   [8]  25 06 6F 3C E1 05 62 08
 (029.325066)  can0  123   [8]  26 00 27 42 A7 C1 4F FF
 (029.325320)  can0  124   [8]  26 06 6F 63 E3 05 5A 08
 (029.335121)  can0  123   [8]  27 00 27 42 A6 C6 88 FF
 (029.335143)  can0  124   [8]  27 06 6F 8A C7 05 52 08
 (029.344798)  can0  123   [8]  28 00 27 42 A5 CB C2 FF
 (029.345028)  can0  124   [8]  28 06 6F B1 C7 05 4A 08
 (029.354718)  can0  123   [8]  29 00 27 42 A4 F0 54 FF
 (029.354933)  can0  124   [8]  29 06 6F D8 A9 05 43 08
 (029.364687)  can0  123   [8]  2A 00 27 42 A3 F5 8D FF
 (029.364842)  can0  124   [8]  2A 06 6F FF A5 05 3B 08
 (029.374577)  can0  123   [8]  2B 00 27 42 A2 FA C7 FF
 (029.374840)  can0  124   [8]  2B 06 70 26 85 05 33 08
 (029.384526)  can0  123   [8]  2C 00 27 42 A2 1F 58 FF
 (029.384768)  can0  124   [8]  2C 06 70 4D 80 05 2C 08
 (029.394623)  can0  123   [8]  2D 00 27 42 A1 24 92 FF
 (029.394644)  can0  124   [8]  2D 06 70 74 64 05 24 08
 (029.404499)  can0  123   [8]  2E 00 27 42 A0 49 24 FF
 (029.404629)  can0  124   [8]  2E 06 70 9B 5F 05 1D 08
 (029.414230)  can0  123   [8]  2F 00 27 42 9F 6D B7 FF
 (029.414391)  can0  124   [8]  2F 06 70 C2 40 05 16 08
 (029.424226)  can0  123   [8]  30 00 27 42 9E 72 F0 FF
 (029.424394)  can0  124   [8]  30 06 70 E9 3A 05 0E 08
 (029.434126)  can0  123   [8]  31 00 27 42 9D 97 83 FF
 (029.434278)  can0  124   [8]  31 06 71 10 1A 05 07 08
 (029.444035)  can0  123   [8]  32 00 27 42 9C BC 15 FF
 (029.444304)  can0  124   [8]  32 06 71 37 18 05 00 08
 (029.453938)  can0  123   [8]  33 00 27 42 9B E0 A7 FF
 (029.454080)  can0  124   [8]  33 06 71 5D F7 04 F9 08
 (029.463931)  can0  123   [8]  34 00 27 42 9A E5 E0 FF
 (029.464337)  can0  124   [8]  34 06 71 84 E9 04 F1 08
 (029.473718)  can0  123   [8]  35 00 27 42 9A 0A 73 FF
 (029.473955)  can0  124   [8]  35 06 71 AB D2 04 EA 08
 (029.483710)  can0  123   [8]  36 00 27 42 99 2F 05 FF
 (029.483904)  can0  124   [8]  36 06 71 D2 C7 04 E3 08
 (029.493484)  can0  123   [8]  37 00 27 42 98 53 98 FF
 (029.493657)  can0  124   [8]  37 06 71 F9 A2 04 DC 08
 (029.503501)  can0  123   [8]  38 00 27 42 97 78 2A FF
 (029.503862)  can0  124   [8]  38 06 72 20 9A 04 D5 08
 (029.513743)  can0  123   [8]  39 00 27 42 96 9C BC FF
 (029.513770)  can0  124   [8]  39 06 72 47 78 04 CE 08
 (029.523581)  can0  123   [8]  3A 00 27 42 95 A1 F5 FF
 (029.523599)  can0  124   [8]  3A 06 72 6E 73 04 C6 08
 (029.535553)  can0  123   [8]  3B 00 27 42 94 C6 88 FF
 (029.535574)  can0  124   [8]  3B 06 72 95 55 04 BF 08
 (029.543255)  can0  123   [8]  3C 00 28 42 93 EB 1A FF
 (029.543430)  can0  124   [8]  3C 06 72 BC 53 04 B8 08
 (029.553092)  can0  123   [8]  3D 00 28 42 93 0F AD FF
 (029.553279)  can0  124   [8]  3D 06 72 E3 36 04 B1 08
 (029.562878)  can0  123   [8]  3E 00 27 42 92 34 3F FF
 (029.563114)  can0  124   [8]  3E 06 73 0A 36 04 AA 08
 (029.572939)  can0  123   [8]  3F 00 27 42 91 39 78 FF
 (029.573120)  can0  124   [8]  3F 06 73 31 17 04 A2 08
 (029.582821)  can0  123   [8]  40 00 28 42 90 5E 0A FF
 (029.582952)  can0  124   [8]  40 06 73 58 13 04 9B 08
 (029.592688)  can0  123   [8]  41 00 28 42 8F 82 9D FF
 (029.592797)  can0  124   [8]  41 06 73 7E F4 04 94 08
 (029.602720)  can0  123   [8]  42 00 28 42 8E A7 2F FF
 (029.602737)  can0  124   [8]  42 06 73 A5 EC 04 8D 08
 (029.612486)  can0  123   [8]  43 00 28 42 8D CB C2 FF
 (029.612765)  can0  124   [8]  43 06 73 CC C8 04 86 08
 (029.622427)  can0  123   [8]  44 00 28 42 8C F0 54 FF
 (029.622548)  can0  124   [8]  44 06 73 F3 BF 04 7F 08
 (029.632469)  can0  123   [8]  45 00 28 42 8C 14 E6 FF
 (029.632484)  can0  124   [8]  45 06 74 1A A7 04 78 08
 (029.642461)  can0  123   [8]  46 00 28 42 8B 39 78 FF
 (029.642481)  can0  124   [8]  46 06 74 41 9F 04 71 08
 (029.652128)  can0  123   [8]  47 00 28 42 8A 5E 0A FF
 (029.652347)  can0  124   [8]  47 06 74 68 7E 04 6A 08
 (029.662003)  can0  123   [8]  48 00 28 42 89 A1 F6 FF
 (029.662243)  can0  124   [8]  48 06 74 8F 75 04 64 08
 (029.672099)  can0  123   [8]  49 00 28 42 88 C6 88 FF
 (029.672112)  can0  124   [8]  49 06 74 B6 55 04 5D 08
 (029.681894)  can0  123   [8]  4A 00 28 42 87 EB 1A FF
 (029.681995)  can0  124   [8]  4A 06 74 DD 49 04 56 08
 (029.691800)  can0  123   [8]  4B 00 28 42 87 0F AD FF
 (029.691933)  can0  124   [8]  4B 06 75 04 2E 04 4F 08
 (029.701742)  can0  123   [8]  4C 00 28 42 86 34 3F FF
 (029.701851)  can0  124   [8]  4C 06 75 2B 24 04 48 08
 (029.711508)  can0  123   [8]  4D 00 28 42 85 58 D1 FF
 (029.711887)  can0  124   [8]  4D 06 75 51 FF 04 41 08
 (029.721459)  can0  123   [8]  4E 00 28 42 84 7D 63 FF
 (029.721667)  can0  124   [8]  4E 06 75 78 FC 04 3A 08
 (029.731623)  can0  123   [8]  4F 00 28 42 83 A1 F6 FF
 (029.731638)  can0  124   [8]  4F 06 75 9F DE 04 33 08
 (029.741435)  can0  123   [8]  50 00 28 42 82 C6 88 FF
 (029.741645)  can0  124   [8]  50 06 75 C6 D9 04 2C 08
 (029.751224)  can0  123   [8]  51 00 28 42 81 EB 1A FF
 (029.751417)  can0  124   [8]  51 06 75 ED BB 04 25 08
 (029.761116)  can0  123   [8]  52 00 28 42 81 0F AC FF
 (029.761344)  can0  124   [8]  52 06 76 14 B8 04 1E 08
 (029.770944)  can0  123   [8]  53 00 28 42 80 34 3E FF
 (029.771207)  can0  124   [8]  53 06 76 3B 9F 04 17 08
 (029.780853)  can0  123   [8]  54 00 29 42 7E B1 A2 FF
 (029.781069)  can0  124   [8]  54 06 76 62 9B 04 10 08
 (029.790975)  can0  123   [8]  55 00 29 42 7C BC 14 FF
 (029.790980)  can0  124   [8]  55 06 76 89 86 04 08 08
 (029.800681)  can0  123   [8]  56 00 29 42 7B 05 3A FF
 (029.800941)  can0  124   [8]  56 06 76 B0 84 04 01 08
 (029.810765)  can0  123   [8]  57 00 29 42 79 4E 5D FF
 (029.810773)  can0  124   [8]  57 06 76 D7 68 03 FA 08
 (029.820716)  can0  123   [8]  58 00 29 42 77 97 83 FF
 (029.820784)  can0  124   [8]  58 06 76 FE 67 03 F3 08
 (029.830553)  can0  123   [8]  59 00 29 42 75 E0 A7 FF
 (029.830605)  can0  124   [8]  59 06 77 25 49 03 EC 08
 (029.840597)  can0  123   [8]  5A 00 29 42 74 29 CC FF
 (029.840783)  can0  124   [8]  5A 06 77 4C 4C 03 E5 08
 (029.850411)  can0  123   [8]  5B 00 29 42 72 72 F0 FF
 (029.850464)  can0  124   [8]  5B 06 77 73 2D 03 DE 08
 (029.860332)  can0  123   [8]  5C 00 29 42 70 FA C7 FF
 (029.860376)  can0  124   [8]  5C 06 77 9A 2A 03 D8 08
 (029.870163)  can0  123   [8]  5D 00 29 42 6F 43 EA FF
 (029.870381)  can0  124   [8]  5D 06 77 C1 0A 03 D1 08
 (029.880276)  can0  123   [8]  5E 00 29 42 6D 8D 10 FF
 (029.880287)  can0  124   [8]  5E 06 77 E8 02 03 CA 08
 (029.890146)  can0  123   [8]  5F 00 29 42 6C 14 E7 FF
 (029.890152)  can0  124   [8]  5F 06 78 0E E0 03 C4 08
 (029.899799)  can0  123   [8]  60 00 29 42 6A 5E 0A FF
 (029.900050)  can0  124   [8]  60 06 78 35 DA 03 BD 08
 (029.909710)  can0  123   [8]  61 00 29 42 68 A7 30 FF
 (029.909908)  can0  124   [8]  61 06 78 5C B9 03 B6 08
 (029.920862)  can0  123   [8]  62 00 2A 42 66 F0 54 FF
 (029.920874)  can0  124   [8]  62 06 78 83 AC 03 AF 08
 (029.929558)  can0  123   [8]  63 00 2A 42 65 78 2A FF
 (029.929788)  can0  124   [8]  63 06 78 AA 8C 03 A9 08
 (029.939476)  can0  123   [8]  64 00 2A 42 63 C1 4E FF
 (029.939656)  can0  124   [8]  64 06 78 D1 83 03 A2 08
 (029.949457)  can0  123   [8]  65 00 2A 42 62 0A 74 FF
 (029.949608)  can0  124   [8]  65 06 78 F8 6D 03 9B 08
 (029.959337)  can0  123   [8]  66 00 2A 42 60 53 97 FF
 (029.959666)  can0  124   [8]  66 06 79 1F 68 03 94 08
 (029.969206)  can0  123   [8]  67 00 2A 42 5E DB 6E FF
 (029.969396)  can0  124   [8]  67 06 79 46 42 03 8E 08
 (029.979088)  can0  123   [8]  68 00 2A 42 5D 24 92 FF
 (029.979324)  can0  124   [8]  68 06 79 6D 3A 03 87 08
 (029.989016)  can0  123   [8]  69 00 2A 42 5B 6D B7 FF
 (029.989251)  can0  124   [8]  69 06 79 94 18 03 80 08
 (029.999037)  can0  123   [8]  6A 00 2A 42 59 B6 DB FF
 (029.999192)  can0  124   [8]  6A 06 79 BB 10 03 79 08
 (030.008863)  can0  123   [8]  6B 00 2A 42 58 00 01 FF
 (030.009115)  can0  124   [8]  6B 06 79 E1 F3 03 72 08
 (030.019156)  can0  123   [8]  6C 00 2A 42 56 87 D6 FF
 (030.019168)  can0  124   [8]  6C 06 7A 08 F2 03 6C 08
 (030.028723)  can0  123   [8]  6D 00 2B 42 54 D0 FB FF
 (030.028880)  can0  124   [8]  6D 06 7A 2F CC 03 65 08
 (030.038620)  can0  123   [8]  6E 00 2B 42 53 1A 1F FF
 (030.038813)  can0  124   [8]  6E 06 7A 56 C7 03 5E 08
 (030.048574)  can0  123   [8]  6F 00 2B 42 51 63 44 FF
 (030.048724)  can0  124   [8]  6F 06 7A 7D A7 03 57 08
 (030.058491)  can0  123   [8]  70 00 2B 42 4F EB 1A FF
 (030.058643)  can0  124   [8]  70 06 7A A4 97 03 51 08
 (030.068391)  can0  123   [8]  71 00 2B 42 4E 34 3F FF
 (030.068609)  can0  124   [8]  71 06 7A CB 76 03 4A 08
 (030.078324)  can0  123   [8]  72 00 2B 42 4C BC 14 FF
 (030.078491)  can0  124   [8]  72 06 7A F2 6E 03 44 08
 (030.088267)  can0  123   [8]  73 00 2B 42 4B 05 3A FF
 (030.088424)  can0  124   [8]  73 06 7B 19 49 03 3D 08
 (030.098228)  can0  123   [8]  74 00 2B 42 49 8D 0F FF
 (030.098533)  can0  124   [8]  74 06 7B 40 3F 03 37 08
 (030.108030)  can0  123   [8]  75 00 2B 42 48 14 E6 FF
 (030.108232)  can0  124   [8]  75 06 7B 67 19 03 31 08
 (030.117919)  can0  123   [8]  76 00 2C 42 46 5E 0A FF
 (030.118206)  can0  124   [8]  76 06 7B 8E 0B 03 2A 08
 (030.127846)  can0  123   [8]  77 00 2C 42 44 E5 E1 FF
 (030.128030)  can0  124   [8]  77 06 7B B4 E7 03 24 08
 (030.137768)  can0  123   [8]  78 00 2C 42 43 6D B8 FF
 (030.137968)  can0  124   [8]  78 06 7B DB DE 03 1E 08
 (030.147674)  can0  123   [8]  79 00 2C 42 41 B6 DB FF
 (030.147855)  can0  124   [8]  79 06 7C 02 B9 03 17 08
 (030.157605)  can0  123   [8]  7A 00 2C 42 40 3E B2 FF
 (030.157814)  can0  124   [8]  7A 06 7C 29 AB 03 11 08
 (030.167556)  can0  123   [8]  7B 00 2C 42 3E 87 D6 FF
 (030.167718)  can0  124   [8]  7B 06 7C 50 8B 03 0A 08
 (030.177661)  can0  123   [8]  7C 00 2C 42 3D 0F AD FF
 (030.177668)  can0  124   [8]  7C 06 7C 77 86 03 04 08
 (030.187336)  can0  123   [8]  7D 00 2C 42 3B 97 82 FF
 (030.187517)  can0  124   [8]  7D 06 7C 9E 62 02 FE 08
 (030.197292)  can0  123   [8]  7E 00 2C 42 39 E0 A8 FF
 (030.197425)  can0  124   [8]  7E 06 7C C5 55 02 F7 08
 (030.207106)  can0  123   [8]  7F 00 2C 42 38 29 CB FF
 (030.207295)  can0  124   [8]  7F 06 7C EC 2E 02 F0 08
 (030.217084)  can0  123   [8]  80 00 2C 42 36 B1 A2 FF
 (030.217320)  can0  124   [8]  80 06 7D 13 23 02 EA 08
 (030.226966)  can0  123   [8]  81 00 2D 42 35 39 78 FF
 (030.227174)  can0  124   [8]  81 06 7D 3A 03 02 E4 08
 (030.236950)  can0  123   [8]  82 00 2D 42 33 82 9D FF
 (030.237056)  can0  124   [8]  82 06 7D 60 FB 02 DD 08
 (030.246782)  can0  123   [8]  83 00 2D 42 31 CB C2 FF
 (030.246961)  can0  124   [8]  83 06 7D 87 DC 02 D6 08
 (030.256803)  can0  123   [8]  84 00 2D 42 30 53 98 FF
 (030.256940)  can0  124   [8]  84 06 7D AE D2 02 D0 08
 (030.266605)  can0  123   [8]  85 00 2D 42 2E 9C BC FF
 (030.266797)  can0  124   [8]  85 06 7D D5 B1 02 C9 08
 (030.276535)  can0  123   [8]  86 00 2E 42 2D 24 92 FF
 (030.276755)  can0  124   [8]  86 06 7D FC AD 02 C3 08
 (030.286433)  can0  123   [8]  87 00 2E 42 2B 6D B7 FF
 (030.286655)  can0  124   [8]  87 06 7E 23 8C 02 BC 08
 (030.296384)  can0  123   [8]  88 00 2E 42 29 F5 8D FF
 (030.296567)  can0  124   [8]  88 06 7E 4A 85 02 B6 08
 (030.306237)  can0  123   [8]  89 00 2E 42 28 3E B2 FF
 (030.306448)  can0  124   [8]  89 06 7E 71 5E 02 AF 08
 (030.316171)  can0  123   [8]  8A 00 2E 42 26 C6 88 FF
 (030.318039)  can0  124   [8]  8A 06 7E 98 5C 02 A9 08
 (030.326084)  can0  123   [8]  8B 00 2F 42 25 4E 5E FF
 (030.326248)  can0  124   [8]  8B 06 7E BF 36 02 A3 08
 (030.336083)  can0  123   [8]  8C 00 2F 42 23 D6 34 FF
 (030.336211)  can0  124   [8]  8C 06 7E E6 2A 02 9D 08
 (030.346157)  can0  123   [8]  8D 00 2F 42 22 5E 0B FF
 (030.346207)  can0  124   [8]  8D 06 7F 0D 06 02 97 08
 (030.355830)  can0  123   [8]  8E 00 2F 42 20 E5 E1 FF
 (030.356004)  can0  124   [8]  8E 06 7F 33 F7 02 91 08
 (030.365766)  can0  123   [8]  8F 00 30 42 1F 6D B7 FF
 (030.365895)  can0  124   [8]  8F 06 7F 5A D5 02 8B 08
 (030.375633)  can0  123   [8]  90 00 30 42 1D F5 8D FF
 (030.375839)  can0  124   [8]  90 06 7F 81 CA 02 85 08
 (030.385530)  can0  123   [8]  91 00 30 42 1C 3E B2 FF
 (030.385760)  can0  124   [8]  91 06 7F A4 BB 02 7E 08
 (030.395449)  can0  123   [8]  92 00 30 42 1A C6 88 FF
 (030.395683)  can0  124   [8]  92 06 7F CF 97 02 78 08
 (030.405381)  can0  123   [8]  93 00 31 42 19 4E 5E FF
 (030.405560)  can0  124   [8]  93 06 7F F6 71 02 72 08
 (030.415382)  can0  123   [8]  94 00 31 42 17 D6 34 FF
 (030.415462)  can0  124   [8]  94 06 80 1D 5E 02 6C 08
 (030.425187)  can0  123   [8]  95 00 31 42 16 5E 0B FF
 (030.425398)  can0  124   [8]  95 06 80 44 38 02 66 08
 (030.435109)  can0  123   [8]  96 00 31 42 14 E5 E1 FF
 (030.435311)  can0  124   [8]  96 06 80 6B 30 02 60 08
 (030.445103)  can0  123   [8]  97 00 32 42 13 6D B7 FF
 (030.445236)  can0  124   [8]  97 06 80 92 08 02 5A 08
 (030.455004)  can0  123   [8]  98 00 32 42 11 B6 DC FF
 (030.455591)  can0  124   [8]  98 06 80 B8 F7 02 53 08
 (030.464901)  can0  123   [8]  99 00 32 42 10 3E B2 FF
 (030.465172)  can0  124   [8]  99 06 80 DF CF 02 4D 08
 (030.474790)  can0  123   [8]  9A 00 32 42 0E C6 88 FF
 (030.474972)  can0  124   [8]  9A 06 81 06 C0 02 47 08
 (030.484691)  can0  123   [8]  9B 00 32 42 0D 0F AC FF
 (030.484899)  can0  124   [8]  9B 06 81 2D 8F 02 40 08
 (030.494609)  can0  123   [8]  9C 00 33 42 0B 97 82 FF
 (030.494810)  can0  124   [8]  9C 06 81 54 82 02 3A 08
 (030.504461)  can0  123   [8]  9D 00 34 42 0A 1F 59 FF
 (030.504674)  can0  124   [8]  9D 06 81 7B 5D 02 34 08
 (030.514392)  can0  123   [8]  9E 00 34 42 08 A7 2F FF
 (030.514633)  can0  124   [8]  9E 06 81 A2 4C 02 2E 08
 (030.524370)  can0  123   [8]  9F 00 34 42 07 2F 06 FF
 (030.524521)  can0  124   [8]  9F 06 81 C9 26 02 28 08
 (030.534219)  can0  123   [8]  A0 00 34 42 05 B6 DC FF
 (030.534462)  can0  124   [8]  A0 06 81 F0 15 02 22 08
 (030.544115)  can0  123   [8]  A1 00 35 42 04 3E B2 FF
 (030.544347)  can0  124   [8]  A1 06 82 16 F3 02 1C 08
 (030.554086)  can0  123   [8]  A2 00 35 42 02 C6 88 FF
 (030.554272)  can0  124   [8]  A2 06 82 3D E5 02 16 08
 (030.563954)  can0  123   [8]  A3 00 36 42 01 4E 5E FF
 (030.564198)  can0  124   [8]  A3 06 82 64 BB 02 10 08
 (030.573870)  can0  123   [8]  A4 00 37 42 00 14 E6 FF
 (030.574070)  can0  124   [8]  A4 06 82 8B A7 02 0B 08
 (030.583838)  can0  123   [8]  A5 00 37 41 FD 39 79 FF
 (030.583975)  can0  124   [8]  A5 06 82 B2 8A 02 05 08
 (030.593976)  can0  123   [8]  A6 00 38 41 FA 49 25 FF
 (030.593983)  can0  124   [8]  A6 06 82 D9 7E 01 FF 08
 (030.603662)  can0  123   [8]  A7 00 39 41 F7 58 D1 FF
 (030.603843)  can0  124   [8]  A7 06 83 00 58 01 F9 08
 (030.613535)  can0  123   [8]  A8 00 3B 41 F4 68 7D FF
 (030.613728)  can0  124   [8]  A8 06 83 27 50 01 F3 08
 (030.623414)  can0  123   [8]  A9 00 3F 41 F1 78 2A FF
 (030.623644)  can0  124   [8]  A9 06 83 4E 2B 01 ED 08
 (030.633352)  can0  123   [8]  AA 00 41 41 EF 05 39 FF
 (030.633570)  can0  124   [8]  AA 06 83 75 1C 01 E8 08
 (030.643236)  can0  123   [8]  AB 00 43 41 EC 14 E7 FF
 (030.643439)  can0  124   [8]  AB 06 83 9C 05 01 E2 08
 (030.653232)  can0  123   [8]  AC 00 44 41 E9 A1 F6 FF
 (030.653513)  can0  124   [8]  AC 06 83 C2 F8 01 DD 08
 (030.663095)  can0  123   [8]  AD 00 44 41 E6 B1 A2 FF
 (030.663293)  can0  124   [8]  AD 06 83 E9 D4 01 D7 08
 (030.673022)  can0  123   [8]  AE 00 44 41 E3 C1 4E FF
 (030.673219)  can0  124   [8]  AE 06 84 10 C2 01 D1 08
 (030.682873)  can0  123   [8]  AF 00 43 41 E0 D0 FA FF
 (030.683113)  can0  124   [8]  AF 06 84 37 A2 01 CB 08
 (030.692843)  can0  123   [8]  B0 00 43 41 DE 5E 0A FF
 (030.693036)  can0  124   [8]  B0 06 84 5E 90 01 C6 08
 (030.702721)  can0  123   [8]  B1 00 43 41 DB 6D B7 FF
 (030.702963)  can0  124   [8]  B1 06 84 85 70 01 C0 08
 (030.712675)  can0  123   [8]  B2 00 43 41 D8 7D 64 FF
 (030.712847)  can0  124   [8]  B2 06 84 AC 61 01 BA 08
 (030.722617)  can0  123   [8]  B3 00 43 41 D6 0A 73 FF
 (030.722768)  can0  124   [8]  B3 06 84 D3 38 01 B5 08
 (030.732539)  can0  123   [8]  B4 00 43 41 D3 1A 1F FF
 (030.732685)  can0  124   [8]  B4 06 84 FA 2F 01 AF 08
 (030.742431)  can0  123   [8]  B5 00 42 41 D0 29 CB FF
 (030.742683)  can0  124   [8]  B5 06 85 21 0B 01 A9 08
 (030.752287)  can0  123   [8]  B6 00 42 41 CD 39 78 FF
 (030.752484)  can0  124   [8]  B6 06 85 48 00 01 A3 08
 (030.762208)  can0  123   [8]  B7 00 42 41 CA 49 25 FF
 (030.762396)  can0  124   [8]  B7 06 85 6E D3 01 9D 08
 (030.772177)  can0  123   [8]  B8 00 42 41 C7 58 D1 FF
 (030.772349)  can0  124   [8]  B8 06 85 95 CD 01 97 08
 (030.782124)  can0  123   [8]  B9 00 42 41 C4 68 7E FF
 (030.782326)  can0  124   [8]  B9 06 85 BC A7 01 91 08
 (030.791948)  can0  123   [8]  BA 00 42 41 C1 F5 8D FF
 (030.792161)  can0  124   [8]  BA 06 85 E3 9A 01 8C 08
 (030.801892)  can0  123   [8]  BB 00 42 41 BF 05 39 FF
 (030.802050)  can0  124   [8]  BB 06 86 0A 77 01 86 08
 (030.811789)  can0  123   [8]  BC 00 42 41 BC 14 E5 FF
 (030.811991)  can0  124   [8]  BC 06 86 31 63 01 80 08
 (030.821728)  can0  123   [8]  BD 00 42 41 B9 A1 F6 FF
 (030.821910)  can0  124   [8]  BD 06 86 58 34 01 7B 08
 (030.831775)  can0  123   [8]  BE 00 41 41 B6 B1 A2 FF
 (030.831847)  can0  124   [8]  BE 06 86 7F 25 01 75 08
 (030.841553)  can0  123   [8]  BF 00 41 41 B4 3E B2 FF
 (030.841762)  can0  124   [8]  BF 06 86 A5 FF 01 70 08
 (030.851500)  can0  123   [8]  C0 00 41 41 B1 4E 5E FF
 (030.851653)  can0  124   [8]  C0 06 86 CC F2 01 6A 08
 (030.861349)  can0  123   [8]  C1 00 41 41 AE DB 6E FF
 (030.861541)  can0  124   [8]  C1 06 86 F3 CF 01 65 08
 (030.871294)  can0  123   [8]  C2 00 41 41 AC 68 7E FF
 (030.871512)  can0  124   [8]  C2 06 87 1A C4 01 60 08
 (030.881141)  can0  123   [8]  C3 00 41 41 A9 78 2A FF
 (030.881373)  can0  124   [8]  C3 06 87 41 A1 01 5A 08
 (030.891054)  can0  123   [8]  C4 00 41 41 A7 05 39 FF
 (030.891328)  can0  124   [8]  C4 06 87 68 90 01 55 08
 (030.901014)  can0  123   [8]  C5 00 41 41 A4 14 E6 FF
 (030.901203)  can0  124   [8]  C5 06 87 8F 68 01 4F 08
 (030.911029)  can0  123   [8]  C6 00 41 41 A1 A1 F5 FF
 (030.911232)  can0  124   [8]  C6 06 87 B6 5C 01 4A 08
 (030.920804)  can0  123   [8]  C7 00 40 41 9E B1 A2 FF
 (030.920994)  can0  124   [8]  C7 06 87 DD 3B 01 44 08
 (030.930804)  can0  123   [8]  C8 00 40 41 9C 3E B2 FF
 (030.931006)  can0  124   [8]  C8 06 88 04 2B 01 3F 08
 (030.940720)  can0  123   [8]  C9 00 40 41 99 CB C2 FF
 (030.940831)  can0  124   [8]  C9 06 88 2B 0A 01 3A 08
 (030.950506)  can0  123   [8]  CA 00 40 41 96 DB 6E FF
 (030.950760)  can0  124   [8]  CA 06 88 52 01 01 34 08
 (030.960430)  can0  123   [8]  CB 00 40 41 94 68 7D FF
 (030.960642)  can0  124   [8]  CB 06 88 78 E3 01 2F 08
 (030.970345)  can0  123   [8]  CC 00 40 41 91 F5 8D FF
 (030.970584)  can0  124   [8]  CC 06 88 9F DB 01 2A 08
 (030.980242)  can0  123   [8]  CD 00 40 41 8F 05 39 FF
 (030.980455)  can0  124   [8]  CD 06 88 C6 B3 01 24 08
 (030.990186)  can0  123   [8]  CE 00 40 41 8C 14 E6 FF
 (030.990403)  can0  124   [8]  CE 06 88 ED A6 01 1E 08
 (031.000104)  can0  123   [8]  CF 00 40 41 89 A1 F6 FF
 (031.000321)  can0  124   [8]  CF 06 89 14 8F 01 19 08
 (031.010136)  can0  123   [8]  D0 00 40 41 87 2F 06 FF
 (031.010255)  can0  124   [8]  D0 06 89 3B 84 01 14 08
 (031.019924)  can0  123   [8]  D1 00 40 41 84 3E B2 FF
 (031.020156)  can0  124   [8]  D1 06 89 62 61 01 0E 08
 (031.029887)  can0  123   [8]  D2 00 40 41 81 CB C1 FF
 (031.030166)  can0  124   [8]  D2 06 89 89 58 01 09 08
 (031.039719)  can0  123   [8]  D3 00 40 41 7E B1 A2 FF
 (031.039957)  can0  124   [8]  D3 06 89 B0 38 01 04 08
 (031.049660)  can0  123   [8]  D4 00 40 41 78 D0 FA FF
 (031.049879)  can0  124   [8]  D4 06 89 D7 34 00 FE 08
 (031.059566)  can0  123   [8]  D5 00 40 41 73 EB 1A FF
 (031.059792)  can0  124   [8]  D5 06 89 FE 14 00 F9 08
 (031.069517)  can0  123   [8]  D6 00 40 41 6F 05 39 FF
 (031.069721)  can0  124   [8]  D6 06 8A 25 11 00 F4 08
 (031.079461)  can0  123   [8]  D7 00 40 41 6A 1F 59 FF
 (031.079622)  can0  124   [8]  D7 06 8A 4B F1 00 EF 08
 (031.089391)  can0  123   [8]  D8 00 40 41 65 39 77 FF
 (031.089559)  can0  124   [8]  D8 06 8A 72 EA 00 EA 08
 (031.099268)  can0  123   [8]  D9 00 40 41 60 53 97 FF
 (031.099420)  can0  124   [8]  D9 06 8A 99 CC 00 E5 08
 (031.109235)  can0  123   [8]  DA 00 40 41 5B 6D B7 FF
 (031.109340)  can0  124   [8]  DA 06 8A C0 C6 00 E0 08
 (031.119090)  can0  123   [8]  DB 00 40 41 56 87 D6 FF
 (031.119264)  can0  124   [8]  DB 06 8A E7 A8 00 DB 08
 (031.128985)  can0  123   [8]  DC 00 40 41 51 A1 F6 FF
 (031.129234)  can0  124   [8]  DC 06 8B 0E A3 00 D6 08
 (031.138856)  can0  123   [8]  DD 00 3F 41 4D B6 DC FF
 (031.139064)  can0  124   [8]  DD 06 8B 35 83 00 D2 08
 (031.148857)  can0  123   [8]  DE 00 3F 41 47 D6 34 FF
 (031.149002)  can0  124   [8]  DE 06 8B 5C 7B 00 CC 08
 (031.158737)  can0  123   [8]  DF 00 3F 41 43 EB 1B FF
 (031.158969)  can0  124   [8]  DF 06 8B 83 5D 00 C8 08
 (031.168675)  can0  123   [8]  E0 00 3F 41 3E 0A 73 FF
 (031.168836)  can0  124   [8]  E0 06 8B AA 53 00 C2 08
 (031.178545)  can0  123   [8]  E1 00 3F 41 39 24 93 FF
 (031.178718)  can0  124   [8]  E1 06 8B D1 33 00 BD 08
 (031.188478)  can0  123   [8]  E2 00 3F 41 34 3E B2 FF
 (031.188668)  can0  124   [8]  E2 06 8B F8 2F 00 B8 08
 (031.198430)  can0  123   [8]  E3 00 3F 41 30 53 98 FF
 (031.198550)  can0  124   [8]  E3 06 8C 1F 0D 00 B4 08
 (031.208335)  can0  123   [8]  E4 00 3F 41 2C 68 7E FF
 (031.208470)  can0  124   [8]  E4 06 8C 46 03 00 B0 08
 (031.218210)  can0  123   [8]  E5 00 3D 41 2B 6D B7 FF
 (031.218393)  can0  124   [8]  E5 06 8C 6C E8 00 AF 08
 (031.228174)  can0  123   [8]  E6 00 3D 41 2C 68 7E FF
 (031.228332)  can0  124   [8]  E6 06 8C 93 DE 00 B0 08
 (031.238044)  can0  123   [8]  E7 00 3D 41 2C 68 7E FF
 (031.238221)  can0  124   [8]  E7 06 8C BA B4 00 B0 08
 (031.247945)  can0  123   [8]  E8 00 3D 41 2D 63 44 FF
 (031.248202)  can0  124   [8]  E8 06 8C E1 A4 00 B1 08
 (031.257884)  can0  123   [8]  E9 00 3D 41 2E 5E 0B FF
 (031.258066)  can0  124   [8]  E9 06 8D 08 7F 00 B2 08
 (031.267727)  can0  123   [8]  EA 00 3E 41 30 53 98 FF
 (031.267975)  can0  124   [8]  EA 06 8D 2F 72 00 B4 08
 (031.277681)  can0  123   [8]  EB 00 3E 41 32 49 25 FF
 (031.277889)  can0  124   [8]  EB 06 8D 56 4C 00 B6 08
 (031.287721)  can0  123   [8]  EC 00 3E 41 34 3E B2 FF
 (031.287795)  can0  124   [8]  EC 06 8D 7D 41 00 B8 08
 (031.297558)  can0  123   [8]  ED 00 3E 41 36 34 3F FF
 (031.297730)  can0  124   [8]  ED 06 8D A4 1A 00 BA 08
 (031.307409)  can0  123   [8]  EE 00 3E 41 3A 1F 59 FF
 (031.307595)  can0  124   [8]  EE 06 8D CB 0F 00 BE 08
 (031.317377)  can0  123   [8]  EF 00 3E 41 3E 0A 73 FF
 (031.317529)  can0  124   [8]  EF 06 8D F1 EB 00 C2 08
 (031.327347)  can0  123   [8]  F0 00 3E 41 41 F5 8D FF
 (031.327452)  can0  124   [8]  F0 06 8E 18 E3 00 C6 08
 (031.337203)  can0  123   [8]  F1 00 3E 41 45 E0 A7 FF
 (031.337351)  can0  124   [8]  F1 06 8E 3F BD 00 CA 08
 (031.347080)  can0  123   [8]  F2 00 3E 41 49 CB C1 FF
 (031.347254)  can0  124   [8]  F2 06 8E 66 B2 00 CE 08
 (031.356950)  can0  123   [8]  F3 00 3E 41 4D B6 DC FF
 (031.357139)  can0  124   [8]  F3 06 8E 8D 8C 00 D2 08
 (031.366920)  can0  123   [8]  F4 00 3E 41 51 A1 F6 FF
 (031.367100)  can0  124   [8]  F4 06 8E B4 84 00 D6 08
 (031.376792)  can0  123   [8]  F5 00 3E 41 56 87 D6 FF
 (031.376979)  can0  124   [8]  F5 06 8E DB 5F 00 DB 08
 (031.386816)  can0  123   [8]  F6 00 3E 41 5A 72 F0 FF
 (031.386892)  can0  124   [8]  F6 06 8F 02 4F 00 DF 08
 (031.396584)  can0  123   [8]  F7 00 3E 41 5F 58 D1 FF
 (031.396809)  can0  124   [8]  F7 06 8F 29 21 00 E4 08
 (031.406531)  can0  123   [8]  F8 00 3E 41 63 43 EB FF
 (031.406737)  can0  124   [8]  F8 06 8F 50 16 00 E8 08
 (031.416447)  can0  123   [8]  F9 00 3E 41 68 29 CB FF
 (031.416660)  can0  124   [8]  F9 06 8F 76 EF 00 ED 08
 (031.426324)  can0  123   [8]  FA 00 3E 41 6C 14 E7 FF
 (031.426556)  can0  124   [8]  FA 06 8F 9D EA 00 F1 08
 (031.436323)  can0  123   [8]  FB 00 3E 41 70 FA C7 FF
 (031.436455)  can0  124   [8]  FB 06 8F C4 CC 00 F6 08
 (031.446159)  can0  123   [8]  FC 00 3E 41 75 E0 A7 FF
 (031.446448)  can0  124   [8]  FC 06 8F EB C5 00 FB 08
 (031.456215)  can0  123   [8]  FD 00 3E 41 7A C6 88 FF
 (031.456292)  can0  124   [8]  FD 06 90 12 A3 01 00 08
 (031.466095)  can0  123   [8]  FE 00 3E 41 7E B1 A2 FF
 (031.466216)  can0  124   [8]  FE 06 90 39 99 01 04 08
 (031.475904)  can0  123   [8]  FF 00 3E 41 81 CB C1 FF
 (031.476117)  can0  124   [8]  FF 06 90 60 72 01 09 08
 (031.485866)  can0  123   [8]  00 00 3E 41 84 3E B2 FF
 (031.486063)  can0  124   [8]  00 06 90 87 69 01 0E 08
 (031.495708)  can0  123   [8]  01 00 3E 41 86 B1 A2 FF
 (031.495950)  can0  124   [8]  01 06 90 AE 46 01 13 08
 (031.505667)  can0  123   [8]  02 00 3E 41 89 24 92 FF
 (031.505846)  can0  124   [8]  02 06 90 D5 39 01 18 08
 (031.515639)  can0  123   [8]  03 00 3E 41 8B 97 82 FF
 (031.515781)  can0  124   [8]  03 06 90 FC 14 01 1D 08
 (031.525473)  can0  123   [8]  04 00 3F 41 8E 0A 73 FF
 (031.525688)  can0  124   [8]  04 06 91 23 0C 01 22 08
 (031.535419)  can0  123   [8]  05 00 3F 41 90 7D 63 FF
 (031.535625)  can0  124   [8]  05 06 91 49 E2 01 27 08
 (031.545292)  can0  123   [8]  06 00 3F 41 92 F0 54 FF
 (031.545532)  can0  124   [8]  06 06 91 70 DE 01 2C 08
 (031.555291)  can0  123   [8]  07 00 3F 41 95 63 44 FF
 (031.555399)  can0  124   [8]  07 06 91 97 BD 01 31 08
 (031.565175)  can0  123   [8]  08 00 3F 41 97 D6 34 FF
 (031.565345)  can0  124   [8]  08 06 91 BE B6 01 36 08
 (031.575083)  can0  123   [8]  09 00 3F 41 9A 49 25 FF
 (031.575213)  can0  124   [8]  09 06 91 E5 91 01 3B 08
 (031.584982)  can0  123   [8]  0A 00 3F 41 9D 39 78 FF
 (031.585158)  can0  124   [8]  0A 06 92 0C 8B 01 41 08
 (031.594847)  can0  123   [8]  0B 00 3F 41 9F AC 68 FF
 (031.595139)  can0  124   [8]  0B 06 92 33 69 01 46 08
 (031.604797)  can0  123   [8]  0C 00 3F 41 A2 1F 58 FF
 (031.604988)  can0  124   [8]  0C 06 92 5A 61 01 4B 08
 (031.614777)  can0  123   [8]  0D 00 3F 41 A5 0F AC FF
 (031.614917)  can0  124   [8]  0D 06 92 81 3F 01 51 08
 (031.624578)  can0  123   [8]  0E 00 3F 41 A7 82 9D FF
 (031.624851)  can0  124   [8]  0E 06 92 A8 2E 01 56 08
 (031.634474)  can0  123   [8]  0F 00 3F 41 AA 72 F0 FF
 (031.634691)  can0  124   [8]  0F 06 92 CF 0D 01 5C 08
 (031.644464)  can0  123   [8]  10 00 3F 41 AD 63 44 FF
 (031.644677)  can0  124   [8]  10 06 92 F6 03 01 62 08
 (031.654328)  can0  123   [8]  11 00 3F 41 AF D6 35 FF
 (031.654537)  can0  124   [8]  11 06 93 1C E4 01 67 08
 (031.664348)  can0  123   [8]  12 00 40 41 B2 C6 88 FF
 (031.664462)  can0  124   [8]  12 06 93 43 DC 01 6D 08
 (031.674162)  can0  123   [8]  13 00 40 41 B5 B6 DC FF
 (031.674368)  can0  124   [8]  13 06 93 6A C2 01 73 08
 (031.684080)  can0  123   [8]  14 00 40 41 B8 A7 2E FF
 (031.684256)  can0  124   [8]  14 06 93 91 BC 01 79 08
 (031.693987)  can0  123   [8]  15 00 40 41 BB 97 82 FF
 (031.694198)  can0  124   [8]  15 06 93 B8 A2 01 7F 08
 (031.703937)  can0  123   [8]  16 00 40 41 BE 87 D6 FF
 (031.704158)  can0  124   [8]  16 06 93 DF 9C 01 85 08
 (031.713969)  can0  123   [8]  17 00 40 41 C1 78 2A FF
 (031.714062)  can0  124   [8]  17 06 94 06 86 01 8B 08
 (031.723705)  can0  123   [8]  18 00 40 41 C4 68 7E FF
 (031.723911)  can0  124   [8]  18 06 94 2D 81 01 91 08
 (031.733603)  can0  123   [8]  19 00 40 41 C7 58 D1 FF
 (031.733942)  can0  124   [8]  19 06 94 54 5E 01 97 08
 (031.743610)  can0  123   [8]  1A 00 40 41 CA 49 25 FF
 (031.743738)  can0  124   [8]  1A 06 94 7B 57 01 9D 08
 (031.753495)  can0  123   [8]  1B 00 41 41 CD 39 78 FF
 (031.753673)  can0  124   [8]  1B 06 94 A2 37 01 A3 08
 (031.763370)  can0  123   [8]  1C 00 41 41 D0 A7 2E FF
 (031.763605)  can0  124   [8]  1C 06 94 C9 32 01 AA 08
 (031.773317)  can0  123   [8]  1D 00 41 41 D3 97 82 FF
 (031.773463)  can0  124   [8]  1D 06 94 F0 0D 01 B0 08
 (031.783187)  can0  123   [8]  1E 00 41 41 D6 87 D6 FF
 (031.783410)  can0  124   [8]  1E 06 95 17 07 01 B6 08
 (031.793204)  can0  123   [8]  1F 00 41 41 D9 78 2A FF
 (031.793305)  can0  124   [8]  1F 06 95 3D E7 01 BC 08
 (031.803073)  can0  123   [8]  20 00 41 41 DC E5 E1 FF
 (031.803223)  can0  124   [8]  20 06 95 64 E1 01 C3 08
 (031.813008)  can0  123   [8]  21 00 42 41 DF D6 34 FF
 (031.813126)  can0  124   [8]  21 06 95 8B C6 01 C9 08
 (031.822938)  can0  123   [8]  22 00 42 41 E3 43 EB FF
 (031.823083)  can0  124   [8]  22 06 95 B2 C6 01 D0 08
 (031.832718)  can0  123   [8]  23 00 42 41 E6 34 3F FF
 (031.832982)  can0  124   [8]  23 06 95 D9 A0 01 D6 08
 (031.842740)  can0  123   [8]  24 00 42 41 E9 A1 F6 FF
 (031.842953)  can0  124   [8]  24 06 96 00 9E 01 DD 08
 (031.852598)  can0  123   [8]  25 00 42 41 ED 0F AD FF
 (031.852788)  can0  124   [8]  25 06 96 27 7C 01 E4 08
 (031.862482)  can0  123   [8]  26 00 42 41 F0 00 00 FF
 (031.862704)  can0  124   [8]  26 06 96 4E 72 01 EA 08
 (031.872382)  can0  123   [8]  27 00 41 41 F3 6D B7 FF
 (031.872646)  can0  124   [8]  27 06 96 75 57 01 F1 08
 (031.882372)  can0  123   [8]  28 00 3E 41 F6 DB 6E FF
 (031.882578)  can0  124   [8]  28 06 96 9C 56 01 F8 08
 (031.892278)  can0  123   [8]  29 00 3A 41 FA 49 25 FF
 (031.892447)  can0  124   [8]  29 06 96 C3 38 01 FF 08
 (031.902234)  can0  123   [8]  2A 00 38 41 FD B6 DC FF
 (031.902348)  can0  124   [8]  2A 06 96 EA 2B 02 06 08
 (031.912089)  can0  123   [8]  2B 00 37 42 00 53 98 FF
 (031.912244)  can0  124   [8]  2B 06 97 11 15 02 0C 08
 (031.921930)  can0  123   [8]  2C 00 36 42 02 49 25 FF
 (031.922228)  can0  124   [8]  2C 06 97 38 0E 02 14 08
 (031.931858)  can0  123   [8]  2D 00 35 42 04 00 00 FF
 (031.932084)  can0  124   [8]  2D 06 97 5E F6 02 1B 08
 (031.941773)  can0  123   [8]  2E 00 34 42 05 B6 DC FF
 (031.942068)  can0  124   [8]  2E 06 97 85 EA 02 22 08
 (031.951726)  can0  123   [8]  2F 00 34 42 07 6D B7 FF
 (031.951907)  can0  124   [8]  2F 06 97 AC D2 02 29 08
 (031.961600)  can0  123   [8]  30 00 34 42 09 24 92 FF
 (031.961827)  can0  124   [8]  30 06 97 D3 CF 02 30 08
 (031.971639)  can0  123   [8]  31 00 33 42 0B 1A 1F FF
 (031.971790)  can0  124   [8]  31 06 97 FA B7 02 38 08
 (031.981548)  can0  123   [8]  32 00 32 42 0C D0 FB FF
 (031.981685)  can0  124   [8]  32 06 98 21 B7 02 3F 08
 (031.991349)  can0  123   [8]  33 00 32 42 0E 87 D6 FF
 (031.991538)  can0  124   [8]  33 06 98 48 9D 02 46 08
 (032.001272)  can0  123   [8]  34 00 32 42 10 7D 63 FF
 (032.001481)  can0  124   [8]  34 06 98 6F 9B 02 4E 08
 (032.011143)  can0  123   [8]  35 00 31 42 12 34 3F FF
 (032.011359)  can0  124   [8]  35 06 98 96 80 02 55 08
 (032.021162)  can0  123   [8]  36 00 31 42 14 29 CC FF
 (032.021354)  can0  124   [8]  36 06 98 BD 77 02 5D 08
 (032.030986)  can0  123   [8]  37 00 30 42 15 E0 A7 FF
 (032.031230)  can0  124   [8]  37 06 98 E4 5A 02 64 08
 (032.040908)  can0  123   [8]  38 00 30 42 17 D6 34 FF
 (032.041134)  can0  124   [8]  38 06 99 0B 52 02 6C 08
 (032.050821)  can0  123   [8]  39 00 30 42 19 CB C2 FF
 (032.051010)  can0  124   [8]  39 06 99 32 2F 02 74 08
 (032.060750)  can0  123   [8]  3A 00 30 42 1B 82 9D FF
 (032.060917)  can0  124   [8]  3A 06 99 59 26 02 7B 08
 (032.070664)  can0  123   [8]  3B 00 2F 42 1D 78 2A FF
 (032.070860)  can0  124   [8]  3B 06 99 80 07 02 83 08
 (032.080585)  can0  123   [8]  3C 00 2F 42 1F 6D B7 FF
 (032.080801)  can0  124   [8]  3C 06 99 A7 02 02 8B 08
 (032.090537)  can0  123   [8]  3D 00 2F 42 21 24 92 FF
 (032.090695)  can0  124   [8]  3D 06 99 CD E0 02 92 08
 (032.100497)  can0  123   [8]  3E 00 2E 42 23 1A 1F FF
 (032.100574)  can0  124   [8]  3E 06 99 F4 D5 02 9A 08
 (032.110315)  can0  123   [8]  3F 00 2E 42 25 0F AC FF
 (032.110775)  can0  124   [8]  3F 06 9A 1B B3 02 A2 08
 (032.120178)  can0  123   [8]  40 00 2E 42 27 05 39 FF
 (032.120432)  can0  124   [8]  40 06 9A 42 AA 02 AA 08
 (032.130154)  can0  123   [8]  41 00 2D 42 28 FA C7 FF
 (032.130346)  can0  124   [8]  41 06 9A 69 89 02 B2 08
 (032.140033)  can0  123   [8]  42 00 2D 42 2A F0 54 FF
 (032.140262)  can0  124   [8]  42 06 9A 90 79 02 BA 08
 (032.149957)  can0  123   [8]  43 00 2D 42 2C E5 E1 FF
 (032.150160)  can0  124   [8]  43 06 9A B7 55 02 C2 08
 (032.159887)  can0  123   [8]  44 00 2D 42 2F 1A 1F FF
 (032.160066)  can0  124   [8]  44 06 9A DE 4C 02 CB 08
 (032.169850)  can0  123   [8]  45 00 2C 42 31 0F AC FF
 (032.169977)  can0  124   [8]  45 06 9B 05 2A 02 D3 08
 (032.179765)  can0  123   [8]  46 00 2C 42 33 05 39 FF
 (032.179894)  can0  124   [8]  46 06 9B 2C 1E 02 DB 08
 (032.189619)  can0  123   [8]  47 00 2C 42 35 39 78 FF
 (032.189870)  can0  124   [8]  47 06 9B 52 FA 02 E4 08
 (032.200387)  can0  123   [8]  48 00 2C 42 37 2F 05 FF
 (032.200394)  can0  124   [8]  48 06 9B 79 EE 02 EC 08
 (032.209463)  can0  123   [8]  49 00 2C 42 39 24 93 FF
 (032.209667)  can0  124   [8]  49 06 9B A0 CE 02 F4 08
 (032.219362)  can0  123   [8]  4A 00 2C 42 3B 58 D1 FF
 (032.219581)  can0  124   [8]  4A 06 9B C7 C3 02 FD 08
 (032.229289)  can0  123   [8]  4B 00 2B 42 3D 4E 5E FF
 (032.229429)  can0  124   [8]  4B 06 9B EE 9A 03 05 08
 (032.239265)  can0  123   [8]  4C 00 2B 42 3F 82 9C FF
 (032.239363)  can0  124   [8]  4C 06 9C 15 91 03 0E 08
 (032.249117)  can0  123   [8]  4D 00 2B 42 41 78 2A FF
 (032.249272)  can0  124   [8]  4D 06 9C 3C 6E 03 16 08
 (032.258977)  can0  123   [8]  4E 00 2B 42 43 AC 69 FF
 (032.259184)  can0  124   [8]  4E 06 9C 63 65 03 1F 08
 (032.268909)  can0  123   [8]  4F 00 2B 42 45 E0 A7 FF
 (032.269256)  can0  124   [8]  4F 06 9C 8A 3D 03 28 08
 (032.278872)  can0  123   [8]  50 00 2B 42 47 D6 34 FF
 (032.279027)  can0  124   [8]  50 06 9C B1 37 03 30 08
 (032.288761)  can0  123   [8]  51 00 2B 42 4A 0A 72 FF
 (032.288938)  can0  124   [8]  51 06 9C D8 0E 03 39 08
 (032.298759)  can0  123   [8]  52 00 2B 42 4C 3E B1 FF
 (032.298848)  can0  124   [8]  52 06 9C FE FF 03 42 08
 (032.308712)  can0  123   [8]  53 00 2A 42 4E 72 F1 FF
 (032.308721)  can0  124   [8]  53 06 9D 25 DF 03 4B 08
 (032.318509)  can0  123   [8]  54 00 2A 42 50 A7 2E FF
 (032.318702)  can0  124   [8]  54 06 9D 4C D6 03 54 08
 (032.328503)  can0  123   [8]  55 00 2A 42 52 DB 6E FF
 (032.328636)  can0  124   [8]  55 06 9D 73 B3 03 5D 08
 (032.338538)  can0  123   [8]  56 00 2A 42 55 0F AD FF
 (032.338544)  can0  124   [8]  56 06 9D 9A A8 03 66 08
 (032.350673)  can0  123   [8]  57 00 2A 42 57 43 EB FF
 (032.350684)  can0  124   [8]  57 06 9D C1 85 03 6F 08
 (032.358353)  can0  123   [8]  58 00 2A 42 59 78 2A FF
 (032.358361)  can0  124   [8]  58 06 9D E8 7B 03 78 08
 (032.368248)  can0  123   [8]  59 00 2A 42 5B EB 1A FF
 (032.368255)  can0  124   [8]  59 06 9E 0F 57 03 82 08
 (032.378026)  can0  123   [8]  5A 00 2A 42 5E 1F 58 FF
 (032.378194)  can0  124   [8]  5A 06 9E 36 50 03 8B 08
 (032.387987)  can0  123   [8]  5B 00 29 42 60 53 97 FF
 (032.388083)  can0  124   [8]  5B 06 9E 5D 2E 03 94 08
 (032.397834)  can0  123   [8]  5C 00 29 42 62 87 D7 FF
 (032.398011)  can0  124   [8]  5C 06 9E 84 2A 03 9D 08
 (032.407709)  can0  123   [8]  5D 00 29 42 64 FA C6 FF
 (032.407842)  can0  124   [8]  5D 06 9E AB 05 03 A7 08
 (032.417689)  can0  123   [8]  5E 00 29 42 67 2F 05 FF
 (032.417809)  can0  124   [8]  5E 06 9E D2 01 03 B0 08
 (032.427528)  can0  123   [8]  5F 00 29 42 69 A1 F6 FF
 (032.427752)  can0  124   [8]  5F 06 9E F8 DD 03 BA 08
 (032.437492)  can0  123   [8]  60 00 29 42 6B D6 34 FF
 (032.437618)  can0  124   [8]  60 06 9F 1F DC 03 C3 08
 (032.447374)  can0  123   [8]  61 00 29 42 6E 49 24 FF
 (032.447499)  can0  124   [8]  61 06 9F 46 BC 03 CD 08
 (032.457309)  can0  123   [8]  62 00 29 42 70 7D 64 FF
 (032.457447)  can0  124   [8]  62 06 9F 6D B5 03 D6 08
 (032.467306)  can0  123   [8]  63 00 29 42 72 F0 54 FF
 (032.467392)  can0  124   [8]  63 06 9F 94 90 03 E0 08
 (032.477093)  can0  123   [8]  64 00 29 42 75 63 44 FF
 (032.477353)  can0  124   [8]  64 06 9F BB 8F 03 EA 08
 (032.487015)  can0  123   [8]  65 00 28 42 77 D6 34 FF
 (032.487202)  can0  124   [8]  65 06 9F E2 6D 03 F4 08
 (032.497030)  can0  123   [8]  66 00 28 42 7A 0A 73 FF
 (032.497235)  can0  124   [8]  66 06 A0 09 61 03 FD 08
 (032.506887)  can0  123   [8]  67 00 28 42 7C 7D 63 FF
 (032.506993)  can0  124   [8]  67 06 A0 30 41 04 07 08
 (032.516736)  can0  123   [8]  68 00 28 42 7E F0 54 FF
 (032.516939)  can0  124   [8]  68 06 A0 57 35 04 11 08
 (032.526559)  can0  123   [8]  69 00 28 42 80 B1 A2 FF
 (032.526822)  can0  124   [8]  69 06 A0 7E 10 04 1B 08
 (032.536590)  can0  123   [8]  6A 00 28 42 81 EB 1A FF
 (032.536800)  can0  124   [8]  6A 06 A0 A5 07 04 25 08
 (032.546475)  can0  123   [8]  6B 00 28 42 83 05 39 FF
 (032.546679)  can0  124   [8]  6B 06 A0 CB E2 04 2E 08
 (032.556367)  can0  123   [8]  6C 00 28 42 84 3E B2 FF
 (032.556564)  can0  124   [8]  6C 06 A0 F2 DE 04 38 08
 (032.566337)  can0  123   [8]  6D 00 28 42 85 78 2A FF
 (032.566457)  can0  124   [8]  6D 06 A1 19 BA 04 42 08
 (032.576214)  can0  123   [8]  6E 00 28 42 86 B1 A2 FF
 (032.576441)  can0  124   [8]  6E 06 A1 40 B0 04 4C 08
 (032.586174)  can0  123   [8]  6F 00 28 42 87 EB 1A FF
 (032.586296)  can0  124   [8]  6F 06 A1 67 8B 04 56 08
 (032.596043)  can0  123   [8]  70 00 28 42 89 24 92 FF
 (032.596214)  can0  124   [8]  70 06 A1 8E 81 04 60 08
 (032.605953)  can0  123   [8]  71 00 28 42 8A 5E 0A FF
 (032.606109)  can0  124   [8]  71 06 A1 B5 57 04 6A 08
 (032.615918)  can0  123   [8]  72 00 28 42 8B 78 2A FF
 (032.616091)  can0  124   [8]  72 06 A1 DC 4E 04 73 08
 (032.625804)  can0  123   [8]  73 00 27 42 8C B1 A2 FF
 (032.625959)  can0  124   [8]  73 06 A2 03 26 04 7D 08
 (032.635665)  can0  123   [8]  74 00 27 42 8D EB 1A FF
 (032.635869)  can0  124   [8]  74 06 A2 2A 1D 04 87 08
 (032.645585)  can0  123   [8]  75 00 27 42 8F 24 92 FF
 (032.645756)  can0  124   [8]  75 06 A2 50 F6 04 91 08
 (032.655494)  can0  123   [8]  76 00 27 42 90 3E B2 FF
 (032.655766)  can0  124   [8]  76 06 A2 77 ED 04 9A 08
 (032.665376)  can0  123   [8]  77 00 27 42 91 78 2A FF
 (032.665569)  can0  124   [8]  77 06 A2 9E C8 04 A4 08
 (032.675436)  can0  123   [8]  78 00 27 42 92 B1 A2 FF
 (032.675518)  can0  124   [8]  78 06 A2 C5 B9 04 AE 08
 (032.685304)  can0  123   [8]  79 00 27 42 93 EB 1A FF
 (032.685412)  can0  124   [8]  79 06 A2 EC 99 04 B8 08
 (032.695159)  can0  123   [8]  7A 00 27 42 95 24 92 FF
 (032.695338)  can0  124   [8]  7A 06 A3 13 8E 04 C2 08
 (032.705036)  can0  123   [8]  7B 00 27 42 96 3E B1 FF
 (032.705256)  can0  124   [8]  7B 06 A3 3A 65 04 CB 08
 (032.715053)  can0  123   [8]  7C 00 27 42 97 78 2A FF
 (032.715165)  can0  124   [8]  7C 06 A3 61 56 04 D5 08
 (032.724892)  can0  123   [8]  7D 00 27 42 98 B1 A2 FF
 (032.725129)  can0  124   [8]  7D 06 A3 88 2D 04 DF 08
 (032.734943)  can0  123   [8]  7E 00 27 42 99 EB 1A FF
 (032.735158)  can0  124   [8]  7E 06 A3 AF 28 04 E9 08
 (032.744745)  can0  123   [8]  7F 00 27 42 9B 24 92 FF
 (032.744971)  can0  124   [8]  7F 06 A3 D5 FA 04 F3 08
 (032.754775)  can0  123   [8]  80 00 27 42 9C 3E B2 FF
 (032.755056)  can0  124   [8]  80 06 A3 FC EE 04 FC 08
 (032.764583)  can0  123   [8]  81 00 27 42 9D 78 2A FF
 (032.764737)  can0  124   [8]  81 06 A4 23 C1 05 06 08
 (032.774746)  can0  123   [8]  82 00 27 42 9E B1 A2 FF
 (032.774754)  can0  124   [8]  82 06 A4 4A B3 05 10 08
 (032.784325)  can0  123   [8]  83 00 27 42 9F EB 1A FF
 (032.784565)  can0  124   [8]  83 06 A4 71 87 05 1A 08
 (032.794350)  can0  123   [8]  84 00 27 42 A1 24 92 FF
 (032.794547)  can0  124   [8]  84 06 A4 98 77 05 24 08
 (032.804253)  can0  123   [8]  85 00 26 42 A2 3E B2 FF
 (032.804497)  can0  124   [8]  85 06 A4 BF 50 05 2D 08
 (032.814164)  can0  123   [8]  86 00 26 42 A3 78 2A FF
 (032.814365)  can0  124   [8]  86 06 A4 E6 43 05 37 08
 (032.824090)  can0  123   [8]  87 00 26 42 A4 B1 A2 FF
 (032.824241)  can0  124   [8]  87 06 A5 0D 1B 05 41 08
 (032.834122)  can0  123   [8]  88 00 26 42 A5 EB 1A FF
 (032.834142)  can0  124   [8]  88 06 A5 34 0C 05 4B 08
 (032.843979)  can0  123   [8]  89 00 26 42 A7 05 39 FF
 (032.844205)  can0  124   [8]  89 06 A5 5A E2 05 54 08
 (032.853866)  can0  123   [8]  8A 00 26 42 A8 3E B2 FF
 (032.854101)  can0  124   [8]  8A 06 A5 81 DD 05 5E 08
 (032.864049)  can0  123   [8]  8B 00 26 42 A9 78 2A FF
 (032.864073)  can0  124   [8]  8B 06 A5 A8 A7 05 68 08
 (032.873852)  can0  123   [8]  8C 00 26 42 AA B1 A2 FF
 (032.873871)  can0  124   [8]  8C 06 A5 CF 93 05 72 08
 (032.883637)  can0  123   [8]  8D 00 26 42 AB CB C1 FF
 (032.883842)  can0  124   [8]  8D 06 A5 F6 69 05 7B 08
 (032.893425)  can0  123   [8]  8E 00 26 42 AD 05 3A FF
 (032.893805)  can0  124   [8]  8E 06 A6 1D 5D 05 85 08
 (032.903404)  can0  123   [8]  8F 00 26 42 AE 3E B2 FF
 (032.903792)  can0  124   [8]  8F 06 A6 44 37 05 8F 08
 (032.913746)  can0  123   [8]  90 00 26 42 AF 78 2A FF
 (032.913784)  can0  124   [8]  90 06 A6 6B 2B 05 99 08
 (032.923238)  can0  123   [8]  91 00 26 42 B0 92 49 FF
 (032.923419)  can0  124   [8]  91 06 A6 92 00 05 A2 08
 (032.933100)  can0  123   [8]  92 00 26 42 B1 CB C2 FF
 (032.933486)  can0  124   [8]  92 06 A6 B8 EF 05 AC 08
 (032.943099)  can0  123   [8]  93 00 26 42 B3 05 39 FF
 (032.943233)  can0  124   [8]  93 06 A6 DF C9 05 B6 08
 (032.953001)  can0  123   [8]  94 00 26 42 B4 3E B2 FF
 (032.953137)  can0  124   [8]  94 06 A7 06 B8 05 C0 08
 (032.962947)  can0  123   [8]  95 00 26 42 B5 58 D1 FF
 (032.963065)  can0  124   [8]  95 06 A7 2D 92 05 C9 08
 (032.972779)  can0  123   [8]  96 00 26 42 B6 92 49 FF
 (032.973001)  can0  124   [8]  96 06 A7 54 85 05 D3 08
 (032.982720)  can0  123   [8]  97 00 26 42 B7 CB C2 FF
 (032.982910)  can0  124   [8]  97 06 A7 7B 5A 05 DD 08
 (032.992859)  can0  123   [8]  98 00 26 42 B8 E5 E0 FF
 (032.992873)  can0  124   [8]  98 06 A7 A2 54 05 E6 08
 (033.002716)  can0  123   [8]  99 00 26 42 BA 1F 59 FF
 (033.002737)  can0  124   [8]  99 06 A7 C9 2E 05 F0 08
 (033.012509)  can0  123   [8]  9A 00 26 42 BB 58 D1 FF
 (033.012767)  can0  124   [8]  9A 06 A7 F0 21 05 FA 08
 (033.022491)  can0  123   [8]  9B 00 26 42 BC 92 4A FF
 (033.022541)  can0  124   [8]  9B 06 A8 16 FC 06 04 08
 (033.032354)  can0  123   [8]  9C 00 27 42 BD AC 68 FF
 (033.032635)  can0  124   [8]  9C 06 A8 3D EE 06 0D 08
 (033.042089)  can0  123   [8]  9D 00 27 42 BE E5 E1 FF
 (033.042434)  can0  124   [8]  9D 06 A8 64 C4 06 17 08
 (033.052124)  can0  123   [8]  9E 00 27 42 C0 1F 59 FF
 (033.052415)  can0  124   [8]  9E 06 A8 8B B7 06 21 08
 (033.062029)  can0  123   [8]  9F 00 27 42 C1 39 78 FF
 (033.062275)  can0  124   [8]  9F 06 A8 B2 92 06 2A 08
 (033.071913)  can0  123   [8]  A0 00 27 42 C2 72 F0 FF
 (033.072296)  can0  124   [8]  A0 06 A8 D9 88 06 34 08
 (033.081842)  can0  123   [8]  A1 00 28 42 C3 AC 69 FF
 (033.082060)  can0  124   [8]  A1 06 A9 00 62 06 3E 08
 (033.091741)  can0  123   [8]  A2 00 29 42 C4 E5 E1 FF
 (033.091981)  can0  124   [8]  A2 06 A9 27 52 06 48 08
 (033.101689)  can0  123   [8]  A3 00 29 42 C6 00 00 FF
 (033.101838)  can0  124   [8]  A3 06 A9 4E 29 06 51 08
 (033.111566)  can0  123   [8]  A4 00 29 42 C7 39 78 FF
 (033.111801)  can0  124   [8]  A4 06 A9 75 15 06 5B 08
 (033.121491)  can0  123   [8]  A5 00 29 42 C8 53 98 FF
 (033.121631)  can0  124   [8]  A5 06 A9 9B EC 06 64 08
 (033.131401)  can0  123   [8]  A6 00 29 42 C9 8D 0F FF
 (033.131556)  can0  124   [8]  A6 06 A9 C2 DE 06 6E 08
 (033.141368)  can0  123   [8]  A7 00 29 42 CA C6 88 FF
 (033.141501)  can0  124   [8]  A7 06 A9 E9 B6 06 78 08
 (033.151230)  can0  123   [8]  A8 00 29 42 CC 00 00 FF
 (033.151357)  can0  124   [8]  A8 06 AA 10 A8 06 82 08
 (033.161114)  can0  123   [8]  A9 00 29 42 CD 1A 20 FF
 (033.161347)  can0  124   [8]  A9 06 AA 37 80 06 8B 08
 (033.170967)  can0  123   [8]  AA 00 2B 42 CE 53 97 FF
 (033.171173)  can0  124   [8]  AA 06 AA 5E 76 06 95 08
 (033.180890)  can0  123   [8]  AB 00 2B 42 CF 6D B7 FF
 (033.181186)  can0  124   [8]  AB 06 AA 85 50 06 9E 08
 (033.190858)  can0  123   [8]  AC 00 2C 42 D0 A7 2E FF
 (033.190971)  can0  124   [8]  AC 06 AA AC 43 06 A8 08
 (033.200725)  can0  123   [8]  AD 00 2C 42 D1 E0 A7 FF
 (033.200931)  can0  124   [8]  AD 06 AA D3 22 06 B2 08
 (033.210600)  can0  123   [8]  AE 00 2C 42 D2 FA C7 FF
 (033.210830)  can0  124   [8]  AE 06 AA FA 14 06 BB 08
 (033.220548)  can0  123   [8]  AF 00 2C 42 D4 34 3F FF
 (033.220760)  can0  124   [8]  AF 06 AB 20 F2 06 C5 08
 (033.230387)  can0  123   [8]  B0 00 2C 42 D5 4E 5E FF
 (033.230681)  can0  124   [8]  B0 06 AB 47 E3 06 CE 08
 (033.240326)  can0  123   [8]  B1 00 2C 42 D6 87 D6 FF
 (033.240569)  can0  124   [8]  B1 06 AB 6E BF 06 D8 08
 (033.250283)  can0  123   [8]  B2 00 2C 42 D7 A1 F6 FF
 (033.250458)  can0  124   [8]  B2 06 AB 95 A9 06 E1 08
 (033.260255)  can0  123   [8]  B3 00 2C 42 D8 DB 6D FF
 (033.260395)  can0  124   [8]  B3 06 AB BC 7D 06 EB 08
 (033.270269)  can0  123   [8]  B4 00 2C 42 D9 F5 8D FF
 (033.270408)  can0  124   [8]  B4 06 AB E3 68 06 F4 08
 (033.280048)  can0  123   [8]  B5 00 2C 42 DB 2F 06 FF
 (033.280211)  can0  124   [8]  B5 06 AC 0A 3F 06 FE 08
 (033.289945)  can0  123   [8]  B6 00 2C 42 DC 68 7E FF
 (033.290177)  can0  124   [8]  B6 06 AC 31 2A 07 08 08
 (033.299842)  can0  123   [8]  B7 00 2C 42 DD 82 9D FF
 (033.300162)  can0  124   [8]  B7 06 AC 57 FF 07 11 08
 (033.309745)  can0  123   [8]  B8 00 2C 42 DE BC 15 FF
 (033.310028)  can0  124   [8]  B8 06 AC 7E F1 07 1B 08
 (033.319633)  can0  123   [8]  B9 00 2C 42 DF D6 34 FF
 (033.319813)  can0  124   [8]  B9 06 AC A5 CA 07 24 08
 (033.329513)  can0  123   [8]  BA 00 2C 42 E1 0F AC FF
 (033.329752)  can0  124   [8]  BA 06 AC CC B8 07 2E 08
 (033.339388)  can0  123   [8]  BB 00 2C 42 E2 29 CC FF
 (033.339601)  can0  124   [8]  BB 06 AC F3 8C 07 37 08
 (033.349438)  can0  123   [8]  BC 00 2C 42 E3 63 43 FF
 (033.349543)  can0  124   [8]  BC 06 AD 1A 7A 07 41 08
 (033.359275)  can0  123   [8]  BD 00 2C 42 E4 7D 63 FF
 (033.359434)  can0  124   [8]  BD 06 AD 41 4C 07 4A 08
 (033.369308)  can0  123   [8]  BE 00 2D 42 E5 B6 DC FF
 (033.369366)  can0  124   [8]  BE 06 AD 68 3A 07 54 08
 (033.379124)  can0  123   [8]  BF 00 2D 42 E6 D0 FA FF
 (033.379328)  can0  124   [8]  BF 06 AD 8F 0E 07 5D 08
 (033.389016)  can0  123   [8]  C0 00 2D 42 E7 EB 1A FF
 (033.389251)  can0  124   [8]  C0 06 AD B6 00 07 66 08
 (033.398983)  can0  123   [8]  C1 00 2D 42 E9 24 93 FF
 (033.399151)  can0  124   [8]  C1 06 AD DC DB 07 70 08
 (033.408907)  can0  123   [8]  C2 00 2D 42 EA 3E B1 FF
 (033.409146)  can0  124   [8]  C2 06 AE 03 C1 07 79 08
 (033.418839)  can0  123   [8]  C3 00 2D 42 EB 78 2A FF
 (033.419117)  can0  124   [8]  C3 06 AE 2A 95 07 83 08
 (033.428932)  can0  123   [8]  C4 00 2D 42 EC 92 4A FF
 (033.428952)  can0  124   [8]  C4 06 AE 51 8C 07 8C 08
 (033.438708)  can0  123   [8]  C5 00 2D 42 ED CB C1 FF
 (033.438973)  can0  124   [8]  C5 06 AE 78 65 07 96 08
 (033.448660)  can0  123   [8]  C6 00 2D 42 EE E5 E1 FF
 (033.448773)  can0  124   [8]  C6 06 AE 9F 50 07 9F 08
 (033.458693)  can0  123   [8]  C7 00 2D 42 F0 00 00 FF
 (033.458714)  can0  124   [8]  C7 06 AE C6 27 07 A8 08
 (033.468403)  can0  123   [8]  C8 00 2E 42 F1 39 78 FF
 (033.468572)  can0  124   [8]  C8 06 AE ED 17 07 B2 08
 (033.478293)  can0  123   [8]  C9 00 2E 42 F2 53 98 FF
 (033.478696)  can0  124   [8]  C9 06 AF 13 F2 07 BB 08
 (033.488187)  can0  123   [8]  CA 00 2E 42 F3 6D B7 FF
 (033.488452)  can0  124   [8]  CA 06 AF 3A E4 07 C4 08
 (033.498063)  can0  123   [8]  CB 00 2E 42 F4 A7 2F FF
 (033.498300)  can0  124   [8]  CB 06 AF 61 BD 07 CE 08
 (033.507962)  can0  123   [8]  CC 00 2E 42 F5 C1 4F FF
 (033.508259)  can0  124   [8]  CC 06 AF 88 AD 07 D7 08
 (033.517887)  can0  123   [8]  CD 00 2E 42 F6 FA C6 FF
 (033.518122)  can0  124   [8]  CD 06 AF AF 83 07 E1 08
 (033.527885)  can0  123   [8]  CE 00 2E 42 F8 14 E6 FF
 (033.528045)  can0  124   [8]  CE 06 AF D6 73 07 EA 08
 (033.537801)  can0  123   [8]  CF 00 2F 42 F9 4E 5D FF
 (033.537921)  can0  124   [8]  CF 06 AF FD 4B 07 F4 08
 (033.547716)  can0  123   [8]  D0 00 2F 42 FA 87 D7 FF
 (033.547832)  can0  124   [8]  D0 06 B0 24 3A 07 FE 08
 (033.557641)  can0  123   [8]  D1 00 2F 42 FB A1 F6 FF
 (033.557791)  can0  124   [8]  D1 06 B0 4B 18 08 07 08
 (033.567684)  can0  123   [8]  D2 00 2F 42 FC DB 6E FF
 (033.567704)  can0  124   [8]  D2 06 B0 72 0A 08 11 08
 (033.577406)  can0  123   [8]  D3 00 2F 42 FD F5 8D FF
 (033.577599)  can0  124   [8]  D3 06 B0 98 E0 08 1A 08
 (033.587285)  can0  123   [8]  D4 00 2F 42 FF 2F 05 FF
 (033.587506)  can0  124   [8]  D4 06 B0 BF D2 08 24 08
 (033.597170)  can0  123   [8]  D5 00 30 43 00 34 3E FF
 (033.597383)  can0  124   [8]  D5 06 B0 E6 AA 08 2E 08
 (033.607103)  can0  123   [8]  D6 00 30 43 00 C1 4E FF
 (033.607306)  can0  124   [8]  D6 06 B1 0D 9C 08 37 08
 (033.616989)  can0  123   [8]  D7 00 30 43 01 5E 0B FF
 (033.617177)  can0  124   [8]  D7 06 B1 34 74 08 41 08
 (033.626992)  can0  123   [8]  D8 00 30 43 01 EB 1A FF
 (033.627116)  can0  124   [8]  D8 06 B1 5B 63 08 4A 08
 (033.636979)  can0  123   [8]  D9 00 30 43 02 87 D6 FF
 (033.637065)  can0  124   [8]  D9 06 B1 82 40 08 54 08
 (033.646802)  can0  123   [8]  DA 00 30 43 03 24 92 FF
 (033.646941)  can0  124   [8]  DA 06 B1 A9 3A 08 5E 08
 (033.656617)  can0  123   [8]  DB 00 31 43 03 B1 A2 FF
 (033.656841)  can0  124   [8]  DB 06 B1 D0 18 08 67 08
 (033.666557)  can0  123   [8]  DC 00 31 43 04 4E 5E FF
 (033.666775)  can0  124   [8]  DC 06 B1 F7 0C 08 71 08
 (033.676490)  can0  123   [8]  DD 00 31 43 04 DB 6E FF
 (033.676699)  can0  124   [8]  DD 06 B2 1D E6 08 7A 08
 (033.686372)  can0  123   [8]  DE 00 31 43 05 78 2A FF
 (033.686664)  can0  124   [8]  DE 06 B2 44 DF 08 84 08
 (033.696272)  can0  123   [8]  DF 00 32 43 06 05 39 FF
 (033.696464)  can0  124   [8]  DF 06 B2 6B BB 08 8D 08
 (033.706195)  can0  123   [8]  E0 00 32 43 06 A1 F6 FF
 (033.706481)  can0  124   [8]  E0 06 B2 92 B3 08 97 08
 (033.716103)  can0  123   [8]  E1 00 32 43 07 2F 06 FF
 (033.716306)  can0  124   [8]  E1 06 B2 B9 8E 08 A0 08
 (033.726115)  can0  123   [8]  E2 00 32 43 07 CB C1 FF
 (033.726196)  can0  124   [8]  E2 06 B2 E0 79 08 AA 08
 (033.736100)  can0  123   [8]  E3 00 33 43 08 58 D1 FF
 (033.736109)  can0  124   [8]  E3 06 B3 07 53 08 B3 08
 (033.745852)  can0  123   [8]  E4 00 33 43 08 F5 8D FF
 (033.746112)  can0  124   [8]  E4 06 B3 2E 47 08 BD 08
 (033.755750)  can0  123   [8]  E5 00 34 43 09 82 9D FF
 (033.756003)  can0  124   [8]  E5 06 B3 55 21 08 C6 08
 (033.765714)  can0  123   [8]  E6 00 34 43 0A 1F 59 FF
 (033.765910)  can0  124   [8]  E6 06 B3 7C 17 08 D0 08
 (033.775648)  can0  123   [8]  E7 00 34 43 0A AC 68 FF
 (033.775792)  can0  124   [8]  E7 06 B3 A2 F2 08 D9 08
 (033.785520)  can0  123   [8]  E8 00 34 43 0B 49 25 FF
 (033.785699)  can0  124   [8]  E8 06 B3 C9 E7 08 E3 08
 (033.795438)  can0  123   [8]  E9 00 34 43 0B D6 34 FF
 (033.795582)  can0  124   [8]  E9 06 B3 F0 C2 08 EC 08
 (033.805356)  can0  123   [8]  EA 00 34 43 0C 72 F1 FF
 (033.805578)  can0  124   [8]  EA 06 B4 17 B5 08 F6 08
 (033.815227)  can0  123   [8]  EB 00 33 43 0D 00 00 FF
 (033.815447)  can0  124   [8]  EB 06 B4 3E 8F 08 FF 08
 (033.825142)  can0  123   [8]  EC 00 33 43 0D 9C BC FF
 (033.825373)  can0  124   [8]  EC 06 B4 65 85 09 09 08
 (033.835051)  can0  123   [8]  ED 00 33 43 0E 29 CC FF
 (033.835257)  can0  124   [8]  ED 06 B4 8C 5C 09 12 08
 (033.845150)  can0  123   [8]  EE 00 33 43 0E C6 88 FF
 (033.845162)  can0  124   [8]  EE 06 B4 B3 4A 09 1C 08
 (033.854903)  can0  123   [8]  EF 00 32 43 0F 53 98 FF
 (033.855179)  can0  124   [8]  EF 06 B4 DA 26 09 25 08
 (033.864947)  can0  123   [8]  F0 00 32 43 0F E0 A7 FF
 (033.865100)  can0  124   [8]  F0 06 B5 01 18 09 2E 08
 (033.874777)  can0  123   [8]  F1 00 31 43 10 7D 63 FF
 (033.874929)  can0  124   [8]  F1 06 B5 27 F4 09 38 08
 (033.884671)  can0  123   [8]  F2 00 31 43 11 0A 73 FF
 (033.884846)  can0  124   [8]  F2 06 B5 4E E2 09 41 08
 (033.894657)  can0  123   [8]  F3 00 31 43 11 A7 2F FF
 (033.894790)  can0  124   [8]  F3 06 B5 75 C3 09 4B 08
 (033.904463)  can0  123   [8]  F4 00 31 43 12 34 3F FF
 (033.904690)  can0  124   [8]  F4 06 B5 9C BA 09 54 08
 (033.914437)  can0  123   [8]  F5 00 30 43 12 D0 FA FF
 (033.914615)  can0  124   [8]  F5 06 B5 C3 99 09 5E 08
 (033.924246)  can0  123   [8]  F6 00 30 43 13 5E 0A FF
 (033.924452)  can0  124   [8]  F6 06 B5 EA 93 09 67 08
 (033.934197)  can0  123   [8]  F7 00 2F 43 13 EB 1A FF
 (033.934369)  can0  124   [8]  F7 06 B6 11 6E 09 70 08
 (033.944106)  can0  123   [8]  F8 00 2F 43 14 87 D6 FF
 (033.944257)  can0  124   [8]  F8 06 B6 38 63 09 7A 08
 (033.954048)  can0  123   [8]  F9 00 2F 43 15 14 E6 FF
 (033.954199)  can0  124   [8]  F9 06 B6 5F 46 09 83 08
 (033.964025)  can0  123   [8]  FA 00 2F 43 15 B1 A2 FF
 (033.964370)  can0  124   [8]  FA 06 B6 86 3E 09 8D 08
 (033.973885)  can0  123   [8]  FB 00 2E 43 16 3E B1 FF
 (033.974074)  can0  124   [8]  FB 06 B6 AD 17 09 96 08
 (033.983827)  can0  123   [8]  FC 00 2E 43 16 DB 6E FF
 (033.984033)  can0  124   [8]  FC 06 B6 D4 0F 09 A0 08
 (033.993694)  can0  123   [8]  FD 00 2E 43 17 68 7E FF
 (033.993914)  can0  124   [8]  FD 06 B6 FA F2 09 A9 08
 (034.003629)  can0  123   [8]  FE 00 2E 43 17 F5 8D FF
 (034.003897)  can0  124   [8]  FE 06 B7 21 EA 09 B2 08
 (034.013682)  can0  123   [8]  FF 00 2E 43 18 92 49 FF
 (034.013780)  can0  124   [8]  FF 06 B7 48 C6 09 BC 08
 (034.023598)  can0  123   [8]  00 00 2D 43 19 1F 59 FF
 (034.023738)  can0  124   [8]  00 06 B7 6F B8 09 C5 08
 (034.033794)  can0  123   [8]  01 00 2D 43 19 AC 68 FF
 (034.033831)  can0  124   [8]  01 06 B7 96 91 09 CE 08
 (034.043652)  can0  123   [8]  02 00 2D 43 1A 49 25 FF
 (034.043693)  can0  124   [8]  02 06 B7 BD 86 09 D8 08
 (034.053196)  can0  123   [8]  03 00 2D 43 1A D6 34 FF
 (034.053451)  can0  124   [8]  03 06 B7 E4 5B 09 E1 08
 (034.063143)  can0  123   [8]  04 00 2D 43 1B 63 44 FF
 (034.063337)  can0  124   [8]  04 06 B8 0B 4E 09 EA 08
 (034.073014)  can0  123   [8]  05 00 2D 43 1C 00 00 FF
 (034.073426)  can0  124   [8]  05 06 B8 32 25 09 F4 08
 (034.082983)  can0  123   [8]  06 00 2D 43 1C 8D 10 FF
 (034.083147)  can0  124   [8]  06 06 B8 59 1A 09 FD 08
 (034.092833)  can0  123   [8]  07 00 2E 43 1D 1A 20 FF
 (034.093099)  can0  124   [8]  07 06 B8 7F EC 0A 06 08
 (034.103023)  can0  123   [8]  08 00 2E 43 1D B6 DC FF
 (034.103037)  can0  124   [8]  08 06 B8 A6 E6 0A 10 08
 (034.112742)  can0  123   [8]  09 00 30 43 1E 43 EB FF
 (034.112932)  can0  124   [8]  09 06 B8 CD C2 0A 19 08
 (034.122583)  can0  123   [8]  0A 00 30 43 1E D0 FB FF
 (034.122731)  can0  124   [8]  0A 06 B8 F4 B8 0A 22 08
 (034.132436)  can0  123   [8]  0B 00 31 43 1F 6D B7 FF
 (034.132714)  can0  124   [8]  0B 06 B9 1B 95 0A 2C 08
 (034.142376)  can0  123   [8]  0C 00 32 43 1F FA C7 FF
 (034.142611)  can0  124   [8]  0C 06 B9 42 89 0A 35 08
 (034.152334)  can0  123   [8]  0D 00 31 43 20 87 D7 FF
 (034.152774)  can0  124   [8]  0D 06 B9 69 66 0A 3E 08
 (034.162383)  can0  123   [8]  0E 00 31 43 21 24 92 FF
 (034.162394)  can0  124   [8]  0E 06 B9 90 53 0A 48 08
 (034.172100)  can0  123   [8]  0F 00 33 43 21 B1 A2 FF
 (034.172266)  can0  124   [8]  0F 06 B9 B7 34 0A 51 08
 (034.182044)  can0  123   [8]  10 00 37 43 22 3E B2 FF
 (034.182238)  can0  124   [8]  10 06 B9 DE 29 0A 5A 08
 (034.192173)  can0  123   [8]  11 00 41 43 22 DB 6E FF
 (034.192195)  can0  124   [8]  11 06 BA 04 FC 0A 64 08
 (034.201987)  can0  123   [8]  12 00 46 43 23 68 7E FF
 (034.202230)  can0  124   [8]  12 06 BA 2C 84 0A 6D 08
 (034.211756)  can0  123   [8]  13 00 53 43 23 F5 8D FF
 (034.211931)  can0  124   [8]  13 06 BA 52 D2 0A 76 08
 (034.221664)  can0  123   [8]  14 00 B7 43 24 92 49 FF
 (034.222733)  can0  124   [8]  14 06 BA 79 AE 0A 80 08
 (034.231531)  can0  123   [8]  15 00 EB 43 25 1F 59 FF
 (034.231719)  can0  124   [8]  15 06 BA A0 87 0A 89 08
 (034.241653)  can0  123   [8]  16 00 F5 43 25 AC 69 FF
 (034.241670)  can0  124   [8]  16 06 BA C7 73 0A 92 08
 (034.251293)  can0  123   [8]  17 00 F8 43 26 39 78 FF
 (034.251520)  can0  124   [8]  17 06 BA EE 5B 0A 9B 08
 (034.261562)  can0  123   [8]  18 00 F9 43 26 C6 88 FF
 (034.261598)  can0  124   [8]  18 06 BB 15 4A 0A A4 08
 (034.271507)  can0  123   [8]  19 00 F8 43 27 53 97 FF
 (034.271539)  can0  124   [8]  19 06 BB 3C 2D 0A AD 08
 (034.281204)  can0  123   [8]  1A 00 F8 43 27 E0 A7 FF
 (034.281372)  can0  124   [8]  1A 06 BB 63 1B 0A B6 08
 (034.291061)  can0  123   [8]  1B 00 F7 43 28 6D B7 FF
 (034.291337)  can0  124   [8]  1B 06 BB 8A 00 0A BF 08
 (034.301006)  can0  123   [8]  1C 00 F7 43 28 FA C7 FF
 (034.301159)  can0  124   [8]  1C 06 BB B0 E8 0A C8 08
 (034.311056)  can0  123   [8]  1D 00 F6 43 29 87 D6 FF
 (034.311090)  can0  124   [8]  1D 06 BB D7 CC 0A D1 08
 (034.320984)  can0  123   [8]  1E 00 F6 43 2A 14 E6 FF
 (034.321017)  can0  124   [8]  1E 06 BB FE B7 0A DA 08
 (034.330908)  can0  123   [8]  1F 00 F5 43 2A B1 A2 FF
 (034.330946)  can0  124   [8]  1F 06 BC 25 96 0A E4 08
 (034.340671)  can0  123   [8]  20 00 F4 43 2B 3E B1 FF
 (034.340806)  can0  124   [8]  20 06 BC 4C 85 0A ED 08
 (034.350656)  can0  123   [8]  21 00 F3 43 2B CB C1 FF
 (034.350776)  can0  124   [8]  21 06 BC 73 63 0A F6 08
 (034.360458)  can0  123   [8]  22 00 F3 43 2C 58 D1 FF
 (034.360652)  can0  124   [8]  22 06 BC 9A 4F 0A FF 08
 (034.370479)  can0  123   [8]  23 00 F0 43 2C E5 E1 FF
 (034.370596)  can0  124   [8]  23 06 BC C1 32 0B 08 08
 (034.380274)  can0  123   [8]  24 00 DE 43 2D 72 F1 FF
 (034.380462)  can0  124   [8]  24 06 BC E8 22 0B 11 08
 (034.390238)  can0  123   [8]  25 00 B6 43 2E 00 00 FF
 (034.390395)  can0  124   [8]  25 06 BD 0E F8 0B 1A 08
 (034.400117)  can0  123   [8]  26 00 85 43 2E 8D 0F FF
 (034.400302)  can0  124   [8]  26 06 BD 35 EB 0B 23 08
 (034.409987)  can0  123   [8]  27 00 6B 43 2F 1A 1F FF
 (034.410331)  can0  124   [8]  27 06 BD 5C C6 0B 2C 08
 (034.420294)  can0  123   [8]  28 00 51 43 2F A7 2F FF
 (034.420313)  can0  124   [8]  28 06 BD 83 CD 0B 35 08
 (034.430051)  can0  123   [8]  29 00 42 43 30 34 3F FF
 (034.430068)  can0  124   [8]  29 06 BD AA A5 0B 3E 08
 (034.439891)  can0  123   [8]  2A 00 40 43 30 C1 4F FF
 (034.439985)  can0  124   [8]  2A 06 BD D1 96 0B 47 08
 (034.449737)  can0  123   [8]  2B 00 40 43 31 4E 5E FF
 (034.449873)  can0  124   [8]  2B 06 BD F8 6A 0B 50 08
 (034.459602)  can0  123   [8]  2C 00 41 43 31 DB 6E FF
 (034.459770)  can0  124   [8]  2C 06 BE 1F 5D 0B 59 08
 (034.469593)  can0  123   [8]  2D 00 42 43 32 68 7D FF
 (034.469764)  can0  124   [8]  2D 06 BE 46 32 0B 62 08
 (034.479622)  can0  123   [8]  2E 00 43 43 32 F5 8D FF
 (034.479638)  can0  124   [8]  2E 06 BE 6D 26 0B 6B 08
 (034.489355)  can0  123   [8]  2F 00 45 43 33 82 9D FF
 (034.489505)  can0  124   [8]  2F 06 BE 94 02 0B 74 08
 (034.499269)  can0  123   [8]  30 00 54 43 34 0F AC FF
 (034.499443)  can0  124   [8]  30 06 BE BA F8 0B 7D 08
 (034.509313)  can0  123   [8]  31 00 6B 43 34 9C BD FF
 (034.509331)  can0  124   [8]  31 06 BE E1 BB 0B 86 08
 (034.519106)  can0  123   [8]  32 00 62 43 35 29 CC FF
 (034.519325)  can0  124   [8]  32 06 BF 08 C8 0B 8F 08
 (034.529003)  can0  123   [8]  33 00 4F 43 35 B6 DC FF
 (034.529178)  can0  124   [8]  33 06 BF 2F 9D 0B 98 08
 (034.539096)  can0  123   [8]  34 00 4E 43 36 43 EB FF
 (034.539114)  can0  124   [8]  34 06 BF 56 8C 0B A1 08
 (034.548808)  can0  123   [8]  35 00 56 43 36 D0 FA FF
 (034.548993)  can0  124   [8]  35 06 BF 7D 68 0B AA 08
 (034.558997)  can0  123   [8]  36 00 6C 43 37 5E 0B FF
 (034.559020)  can0  124   [8]  36 06 BF A4 4E 0B B3 08
 (034.568807)  can0  123   [8]  37 00 86 43 37 EB 1A FF
 (034.568820)  can0  124   [8]  37 06 BF CB 22 0B BC 08
 (034.578625)  can0  123   [8]  38 00 96 43 38 78 2A FF
 (034.578775)  can0  124   [8]  38 06 BF F2 17 0B C5 08
 (034.588755)  can0  123   [8]  39 00 9D 43 39 05 3A FF
 (034.588769)  can0  124   [8]  39 06 C0 18 F0 0B CE 08
 (034.598608)  can0  123   [8]  3A 00 A0 43 39 92 49 FF
 (034.598623)  can0  124   [8]  3A 06 C0 3F E6 0B D7 08
 (034.608275)  can0  123   [8]  3B 00 9C 43 3A 1F 59 FF
 (034.608454)  can0  124   [8]  3B 06 C0 66 C0 0B E0 08
 (034.618359)  can0  123   [8]  3C 00 90 43 3A AC 68 FF
 (034.618375)  can0  124   [8]  3C 06 C0 8D AF 0B E9 08
 (034.628171)  can0  123   [8]  3D 00 85 43 3B 39 79 FF
 (034.628304)  can0  124   [8]  3D 06 C0 B4 91 0B F2 08
 (034.638206)  can0  123   [8]  3E 00 9F 43 3B C6 88 FF
 (034.638222)  can0  124   [8]  3E 06 C0 DB 85 0B FB 08
 (034.648139)  can0  123   [8]  3F 00 B5 43 3C 53 97 FF
 (034.648162)  can0  124   [8]  3F 06 C1 02 64 0C 04 08
 (034.657915)  can0  123   [8]  40 00 BE 43 3C D0 FB FF
 (034.658037)  can0  124   [8]  40 06 C1 29 5D 0C 0C 08
 (034.667907)  can0  123   [8]  41 00 C4 43 3D 6D B6 FF
 (034.668057)  can0  124   [8]  41 06 C1 50 3A 0C 16 08
 (034.677653)  can0  123   [8]  42 00 CE 43 3D EB 1A FF
 (034.677897)  can0  124   [8]  42 06 C1 77 2B 0C 1E 08
 (034.687611)  can0  123   [8]  43 00 D9 43 3E 87 D6 FF
 (034.687752)  can0  124   [8]  43 06 C1 9E 07 0C 28 08
 (034.697487)  can0  123   [8]  44 00 E2 43 3F 05 39 FF
 (034.697793)  can0  124   [8]  44 06 C1 C4 F8 0C 30 08
 (034.707421)  can0  123   [8]  45 00 E3 43 3F 92 4A FF
 (034.707611)  can0  124   [8]  45 06 C1 EB D6 0C 39 08
 (034.717364)  can0  123   [8]  46 00 E3 43 40 1F 59 FF
 (034.717499)  can0  124   [8]  46 06 C2 12 CA 0C 42 08
 (034.727343)  can0  123   [8]  47 00 DD 43 40 AC 68 FF
 (034.727387)  can0  124   [8]  47 06 C2 39 A4 0C 4B 08
 (034.737114)  can0  123   [8]  48 00 D8 43 41 39 78 FF
 (034.737343)  can0  124   [8]  48 06 C2 60 95 0C 54 08
 (034.747044)  can0  123   [8]  49 00 C3 43 41 C6 87 FF
 (034.747248)  can0  124   [8]  49 06 C2 87 69 0C 5D 08
 (034.757003)  can0  123   [8]  4A 00 AE 43 42 53 98 FF
 (034.757227)  can0  124   [8]  4A 06 C2 AE 5B 0C 66 08
 (034.766842)  can0  123   [8]  4B 00 A5 43 42 E0 A7 FF
 (034.767149)  can0  124   [8]  4B 06 C2 D5 31 0C 6F 08
 (034.776978)  can0  123   [8]  4C 00 A2 43 43 6D B8 FF
 (034.777009)  can0  124   [8]  4C 06 C2 FC 23 0C 78 08
 (034.786902)  can0  123   [8]  4D 00 A4 43 43 EB 1B FF
 (034.786936)  can0  124   [8]  4D 06 C3 22 FC 0C 80 08
 (034.796862)  can0  123   [8]  4E 00 94 43 44 78 2A FF
 (034.796902)  can0  124   [8]  4E 06 C3 49 E8 0C 89 08
 (034.806865)  can0  123   [8]  4F 00 6B 43 45 05 3A FF
 (034.806892)  can0  124   [8]  4F 06 C3 70 C2 0C 92 08
 (034.816411)  can0  123   [8]  50 00 4B 43 45 92 49 FF
 (034.816686)  can0  124   [8]  50 06 C3 97 C7 0C 9B 08
 (034.826413)  can0  123   [8]  51 00 3C 43 46 1F 58 FF
 (034.826576)  can0  124   [8]  51 06 C3 BE 9F 0C A4 08
 (034.836285)  can0  123   [8]  52 00 3A 43 46 AC 69 FF
 (034.836454)  can0  124   [8]  52 06 C3 E5 8D 0C AD 08
 (034.846161)  can0  123   [8]  53 00 3A 43 47 39 78 FF
 (034.846313)  can0  124   [8]  53 06 C4 0C 63 0C B6 08
 (034.856126)  can0  123   [8]  54 00 39 43 47 C6 88 FF
 (034.856371)  can0  124   [8]  54 06 C4 33 52 0C BF 08
 (034.865989)  can0  123   [8]  55 00 39 43 48 53 98 FF
 (034.866097)  can0  124   [8]  55 06 C4 5A 29 0C C8 08
 (034.875995)  can0  123   [8]  56 00 39 43 48 E0 A7 FF
 (034.876002)  can0  124   [8]  56 06 C4 81 19 0C D1 08
 (034.885844)  can0  123   [8]  57 00 39 43 49 6D B7 FF
 (034.886110)  can0  124   [8]  57 06 C4 A7 F0 0C DA 08
 (034.895749)  can0  123   [8]  58 00 39 43 49 FA C6 FF
 (034.895818)  can0  124   [8]  58 06 C4 CE EC 0C E3 08
 (034.905623)  can0  123   [8]  59 00 39 43 4A 87 D7 FF
 (034.905768)  can0  124   [8]  59 06 C4 F5 C4 0C EC 08
 (034.915515)  can0  123   [8]  5A 00 39 43 4B 14 E6 FF
 (034.915644)  can0  124   [8]  5A 06 C5 1C B9 0C F5 08
 (034.925440)  can0  123   [8]  5B 00 39 43 4B A1 F5 FF
 (034.925604)  can0  124   [8]  5B 06 C5 43 93 0C FE 08
 (034.935322)  can0  123   [8]  5C 00 39 43 4C 2F 05 FF
 (034.935481)  can0  124   [8]  5C 06 C5 6A 84 0D 07 08
 (034.945234)  can0  123   [8]  5D 00 39 43 4C BC 14 FF
 (034.945407)  can0  124   [8]  5D 06 C5 91 68 0D 10 08
 (034.955137)  can0  123   [8]  5E 00 39 43 4D 49 25 FF
 (034.955352)  can0  124   [8]  5E 06 C5 B8 5E 0D 19 08
 (034.965037)  can0  123   [8]  5F 00 39 43 4D D6 34 FF
 (034.965225)  can0  124   [8]  5F 06 C5 DF 35 0D 22 08
 (034.975014)  can0  123   [8]  60 00 3A 43 4E 63 45 FF
 (034.975139)  can0  124   [8]  60 06 C6 06 28 0D 2B 08
 (034.984956)  can0  123   [8]  61 00 3A 43 4E F0 54 FF
 (034.985061)  can0  124   [8]  61 06 C6 2C FB 0D 34 08
 (034.994734)  can0  123   [8]  62 00 3A 43 4F 7D 63 FF
 (034.994971)  can0  124   [8]  62 06 C6 53 E4 0D 3D 08
 (035.004647)  can0  123   [8]  63 00 3A 43 50 0A 73 FF
 (035.004830)  can0  124   [8]  63 06 C6 7A B9 0D 46 08
 (035.014613)  can0  123   [8]  64 00 3A 43 50 97 82 FF
 (035.014763)  can0  124   [8]  64 06 C6 A1 AA 0D 4F 08
 (035.024469)  can0  123   [8]  65 00 3A 43 51 24 93 FF
 (035.024696)  can0  124   [8]  65 06 C6 C8 7F 0D 58 08
 (035.034412)  can0  123   [8]  66 00 3B 43 51 B1 A2 FF
 (035.034634)  can0  124   [8]  66 06 C6 EF 6D 0D 61 08
 (035.044348)  can0  123   [8]  67 00 3B 43 52 3E B1 FF
 (035.044504)  can0  124   [8]  67 06 C7 16 3E 0D 6A 08
 (035.054514)  can0  123   [8]  68 00 3C 43 52 CB C2 FF
 (035.054522)  can0  124   [8]  68 06 C7 3D 2C 0D 73 08
 (035.064121)  can0  123   [8]  69 00 3C 43 53 58 D1 FF
 (035.064349)  can0  124   [8]  69 06 C7 63 FD 0D 7C 08
 (035.074069)  can0  123   [8]  6A 00 3C 43 53 E5 E1 FF
 (035.074312)  can0  124   [8]  6A 06 C7 8A E7 0D 85 08
 (035.083943)  can0  123   [8]  6B 00 3C 43 54 72 F0 FF
 (035.084150)  can0  124   [8]  6B 06 C7 B1 C0 0D 8E 08
 (035.093865)  can0  123   [8]  6C 00 3D 43 54 FF FF FF
 (035.094092)  can0  124   [8]  6C 06 C7 D8 AF 0D 97 08
 (035.103782)  can0  123   [8]  6D 00 3D 43 55 8D 10 FF
 (035.103973)  can0  124   [8]  6D 06 C7 FF 8B 0D A0 08
 (035.113709)  can0  123   [8]  6E 00 3D 43 56 1A 1F FF
 (035.113880)  can0  124   [8]  6E 06 C8 26 78 0D A9 08
 (035.123580)  can0  123   [8]  6F 00 3E 43 56 A7 2F FF
 (035.123826)  can0  124   [8]  6F 06 C8 4D 4B 0D B2 08
 (035.133556)  can0  123   [8]  70 00 3E 43 57 34 3F FF
 (035.133772)  can0  124   [8]  70 06 C8 74 3B 0D BB 08
 (035.143441)  can0  123   [8]  71 00 40 43 57 C1 4F FF
 (035.143684)  can0  124   [8]  71 06 C8 9B 0D 0D C4 08
 (035.153324)  can0  123   [8]  72 00 42 43 58 4E 5E FF
 (035.153552)  can0  124   [8]  72 06 C8 C1 F7 0D CD 08
 (035.163223)  can0  123   [8]  73 00 43 43 58 DB 6D FF
 (035.163484)  can0  124   [8]  73 06 C8 E8 CD 0D D6 08
 (035.173247)  can0  123   [8]  74 00 43 43 59 68 7E FF
 (035.173372)  can0  124   [8]  74 06 C9 0F B8 0D DF 08
 (035.183036)  can0  123   [8]  75 00 43 43 59 F5 8D FF
 (035.183301)  can0  124   [8]  75 06 C9 36 8F 0D E8 08
 (035.193012)  can0  123   [8]  76 00 43 43 5A 82 9D FF
 (035.193204)  can0  124   [8]  76 06 C9 5D 76 0D F1 08
 (035.202935)  can0  123   [8]  77 00 43 43 5B 0F AC FF
 (035.203169)  can0  124   [8]  77 06 C9 84 47 0D FA 08
 (035.212799)  can0  123   [8]  78 00 43 43 5B 8D 0F FF
 (035.213033)  can0  124   [8]  78 06 C9 AB 2A 0E 02 08
 (035.222691)  can0  123   [8]  79 00 43 43 5C 1A 20 FF
 (035.222947)  can0  124   [8]  79 06 C9 D1 FF 0E 0B 08
 (035.232676)  can0  123   [8]  7A 00 43 43 5C A7 2F FF
 (035.232881)  can0  124   [8]  7A 06 C9 F8 EA 0E 14 08
 (035.242570)  can0  123   [8]  7B 00 44 43 5D 34 3E FF
 (035.242727)  can0  124   [8]  7B 06 CA 1F C1 0E 1D 08
 (035.252499)  can0  123   [8]  7C 00 44 43 5D C1 4F FF
 (035.252648)  can0  124   [8]  7C 06 CA 46 AF 0E 26 08
 (035.262493)  can0  123   [8]  7D 00 45 43 5E 4E 5E FF
 (035.262572)  can0  124   [8]  7D 06 CA 6D 83 0E 2F 08
 (035.272429)  can0  123   [8]  7E 00 46 43 5E DB 6E FF
 (035.272570)  can0  124   [8]  7E 06 CA 94 79 0E 38 08
 (035.282358)  can0  123   [8]  7F 00 46 43 5F 68 7D FF
 (035.282442)  can0  124   [8]  7F 06 CA BB 4B 0E 41 08
 (035.292080)  can0  123   [8]  80 00 45 43 5F F5 8C FF
 (035.292320)  can0  124   [8]  80 06 CA E2 31 0E 4A 08
 (035.302063)  can0  123   [8]  81 00 45 43 60 72 F1 FF
 (035.302274)  can0  124   [8]  81 06 CB 09 04 0E 52 08
 (035.311961)  can0  123   [8]  82 00 45 43 61 00 00 FF
 (035.312153)  can0  124   [8]  82 06 CB 2F F4 0E 5B 08
 (035.321871)  can0  123   [8]  83 00 44 43 61 8D 0F FF
 (035.322050)  can0  124   [8]  83 06 CB 56 CA 0E 64 08
 (035.331758)  can0  123   [8]  84 00 44 43 62 1A 20 FF
 (035.331937)  can0  124   [8]  84 06 CB 7D B8 0E 6D 08
 (035.341740)  can0  123   [8]  85 00 44 43 62 A7 2F FF
 (035.341844)  can0  124   [8]  85 06 CB A4 8A 0E 76 08
 (035.351564)  can0  123   [8]  86 00 44 43 63 34 3F FF
 (035.351777)  can0  124   [8]  86 06 CB CB 7B 0E 7F 08
 (035.361468)  can0  123   [8]  87 00 45 43 63 C1 4E FF
 (035.361657)  can0  124   [8]  87 06 CB F2 51 0E 88 08
 (035.371443)  can0  123   [8]  88 00 46 43 64 3E B1 FF
 (035.371681)  can0  124   [8]  88 06 CC 19 42 0E 90 08
 (035.381344)  can0  123   [8]  89 00 46 43 64 CB C2 FF
 (035.381519)  can0  124   [8]  89 06 CC 40 1A 0E 99 08
 (035.391227)  can0  123   [8]  8A 00 47 43 65 58 D1 FF
 (035.391444)  can0  124   [8]  8A 06 CC 67 05 0E A2 08
 (035.401173)  can0  123   [8]  8B 00 47 43 65 E5 E0 FF
 (035.401313)  can0  124   [8]  8B 06 CC 8D DC 0E AB 08
 (035.411131)  can0  123   [8]  8C 00 47 43 66 72 F1 FF
 (035.411255)  can0  124   [8]  8C 06 CC B4 CC 0E B4 08
 (035.420960)  can0  123   [8]  8D 00 47 43 66 F0 54 FF
 (035.421167)  can0  124   [8]  8D 06 CC DB A2 0E BC 08
 (035.430919)  can0  123   [8]  8E 00 47 43 67 7D 63 FF
 (035.431134)  can0  124   [8]  8E 06 CD 02 8E 0E C5 08
 (035.440808)  can0  123   [8]  8F 00 47 43 68 0A 73 FF
 (035.441007)  can0  124   [8]  8F 06 CD 29 63 0E CE 08
 (035.450738)  can0  123   [8]  90 00 47 43 68 97 82 FF
 (035.450918)  can0  124   [8]  90 06 CD 50 52 0E D7 08
 (035.460616)  can0  123   [8]  91 00 46 43 69 24 93 FF
 (035.460793)  can0  124   [8]  91 06 CD 77 23 0E E0 08
 (035.470503)  can0  123   [8]  92 00 46 43 69 B1 A2 FF
 (035.470690)  can0  124   [8]  92 06 CD 9E 11 0E E9 08
 (035.480543)  can0  123   [8]  93 00 47 43 6A 2F 05 FF
 (035.480621)  can0  124   [8]  93 06 CD C4 ED 0E F1 08
 (035.490419)  can0  123   [8]  94 00 47 43 6A BC 15 FF
 (035.491281)  can0  124   [8]  94 06 CD EB DD 0E FA 08
 (035.500252)  can0  123   [8]  95 00 49 43 6B 49 25 FF
 (035.500469)  can0  124   [8]  95 06 CE 12 B0 0F 03 08
 (035.510210)  can0  123   [8]  96 00 4C 43 6B D6 34 FF
 (035.510368)  can0  124   [8]  96 06 CE 39 A1 0F 0C 08
 (035.520054)  can0  123   [8]  97 00 4C 43 6C 63 44 FF
 (035.520262)  can0  124   [8]  97 06 CE 60 7A 0F 15 08
 (035.530016)  can0  123   [8]  98 00 4D 43 6C F0 53 FF
 (035.530201)  can0  124   [8]  98 06 CE 87 6D 0F 1E 08
 (035.539921)  can0  123   [8]  99 00 4D 43 6D 6D B6 FF
 (035.540082)  can0  124   [8]  99 06 CE AE 3D 0F 26 08
 (035.549817)  can0  123   [8]  9A 00 4D 43 6D FA C7 FF
 (035.550076)  can0  124   [8]  9A 06 CE D5 31 0F 2F 08
 (035.559726)  can0  123   [8]  9B 00 4D 43 6E 87 D6 FF
 (035.559915)  can0  124   [8]  9B 06 CE FC 07 0F 38 08
 (035.569715)  can0  123   [8]  9C 00 4D 43 6F 14 E6 FF
 (035.569848)  can0  124   [8]  9C 06 CF 22 F3 0F 41 08
 (035.579527)  can0  123   [8]  9D 00 4E 43 6F A1 F5 FF
 (035.579774)  can0  124   [8]  9D 06 CF 49 C8 0F 4A 08
 (035.589488)  can0  123   [8]  9E 00 4F 43 70 1F 59 FF
 (035.589777)  can0  124   [8]  9E 06 CF 70 BC 0F 52 08
 (035.599362)  can0  123   [8]  9F 00 4F 43 70 AC 69 FF
 (035.599626)  can0  124   [8]  9F 06 CF 97 96 0F 5B 08
 (035.609349)  can0  123   [8]  A0 00 50 43 71 39 78 FF
 (035.609478)  can0  124   [8]  A0 06 CF BE 87 0F 64 08
 (035.619189)  can0  123   [8]  A1 00 50 43 71 C6 87 FF
 (035.619389)  can0  124   [8]  A1 06 CF E5 5F 0F 6D 08
 (035.629152)  can0  123   [8]  A2 00 51 43 72 53 98 FF
 (035.629387)  can0  124   [8]  A2 06 D0 0C 53 0F 76 08
 (035.639101)  can0  123   [8]  A3 00 53 43 72 E0 A7 FF
 (035.639264)  can0  124   [8]  A3 06 D0 33 27 0F 7F 08
 (035.648934)  can0  123   [8]  A4 00 56 43 73 6D B7 FF
 (035.649249)  can0  124   [8]  A4 06 D0 5A 1B 0F 88 08
 (035.658811)  can0  123   [8]  A5 00 5B 43 73 EB 1A FF
 (035.659036)  can0  124   [8]  A5 06 D0 80 F0 0F 90 08
 (035.668749)  can0  123   [8]  A6 00 5C 43 74 78 29 FF
 (035.669009)  can0  124   [8]  A6 06 D0 A7 E1 0F 99 08
 (035.678737)  can0  123   [8]  A7 00 5D 43 75 05 3A FF
 (035.678848)  can0  124   [8]  A7 06 D0 CE B8 0F A2 08
 (035.688554)  can0  123   [8]  A8 00 5E 43 75 92 49 FF
 (035.688796)  can0  124   [8]  A8 06 D0 F5 A8 0F AB 08
 (035.698521)  can0  123   [8]  A9 00 63 43 76 1F 58 FF
 (035.698775)  can0  124   [8]  A9 06 D1 1C 7D 0F B4 08
 (035.708397)  can0  123   [8]  AA 00 7C 43 76 9C BD FF
 (035.708583)  can0  124   [8]  AA 06 D1 43 61 0F BC 08
 (035.718272)  can0  123   [8]  AB 00 BB 43 77 29 CC FF
 (035.718478)  can0  124   [8]  AB 06 D1 6A 34 0F C5 08
 (035.728189)  can0  123   [8]  AC 00 DD 43 77 B6 DB FF
 (035.728418)  can0  124   [8]  AC 06 D1 91 19 0F CE 08
 (035.738174)  can0  123   [8]  AD 00 EF 43 78 34 3F FF
 (035.738328)  can0  124   [8]  AD 06 D1 B7 F8 0F D6 08
 (035.748015)  can0  123   [8]  AE 00 F9 43 78 C1 4E FF
 (035.748252)  can0  124   [8]  AE 06 D1 DE DD 0F DF 08
 (035.757975)  can0  123   [8]  AF 01 00 43 79 4E 5D FF
 (035.758211)  can0  124   [8]  AF 06 D2 05 BB 0F E8 08
 (035.767962)  can0  123   [8]  B0 01 00 43 79 CB C2 FF
 (035.768046)  can0  124   [8]  B0 06 D2 2C 9D 0F F0 08
 (035.777780)  can0  123   [8]  B1 00 FE 43 7A 58 D1 FF
 (035.778003)  can0  124   [8]  B1 06 D2 53 79 0F F9 08
 (035.787702)  can0  123   [8]  B2 00 FF 43 7A D6 34 FF
 (035.787930)  can0  124   [8]  B2 06 D2 7A 64 10 01 08
 (035.797628)  can0  123   [8]  B3 00 FE 43 7B 63 45 FF
 (035.797819)  can0  124   [8]  B3 06 D2 A1 44 10 0A 08
 (035.807762)  can0  123   [8]  B4 00 FD 43 7B E0 A8 FF
 (035.807770)  can0  124   [8]  B4 06 D2 C8 2A 10 12 08
 (035.817429)  can0  123   [8]  B5 00 FD 43 7C 6D B7 FF
 (035.817642)  can0  124   [8]  B5 06 D2 EF 06 10 1B 08
 (035.827325)  can0  123   [8]  B6 00 FA 43 7C FA C6 FF
 (035.827574)  can0  124   [8]  B6 06 D3 15 F0 10 24 08
 (035.837220)  can0  123   [8]  B7 00 FC 43 7D 78 2A FF
 (035.837449)  can0  124   [8]  B7 06 D3 3C C9 10 2C 08
 (035.847215)  can0  123   [8]  B8 00 FB 43 7E 05 39 FF
 (035.847372)  can0  124   [8]  B8 06 D3 63 B2 10 35 08
 (035.857068)  can0  123   [8]  B9 00 F9 43 7E 92 48 FF
 (035.857257)  can0  124   [8]  B9 06 D3 8A 90 10 3E 08
 (035.867121)  can0  123   [8]  BA 00 F8 43 7F 0F AD FF
 (035.867216)  can0  124   [8]  BA 06 D3 B1 77 10 46 08
 (035.876973)  can0  123   [8]  BB 00 F6 43 7F 9C BC FF
 (035.877138)  can0  124   [8]  BB 06 D3 D8 55 10 4F 08
 (035.886775)  can0  123   [8]  BC 00 F5 43 80 0D 10 FF
 (035.887017)  can0  124   [8]  BC 06 D3 FF 3B 10 57 08
 (035.896693)  can0  123   [8]  BD 00 F4 43 80 53 98 FF
 (035.897119)  can0  124   [8]  BD 06 D4 26 1B 10 60 08
 (035.906637)  can0  123   [8]  BE 00 F3 43 80 92 49 FF
 (035.906868)  can0  124   [8]  BE 06 D4 4D 0C 10 68 08
 (035.916576)  can0  123   [8]  BF 00 F3 43 80 D8 D1 FF
 (035.916773)  can0  124   [8]  BF 06 D4 73 E0 10 71 08
 (035.926445)  can0  123   [8]  C0 00 F1 43 81 17 82 FF
 (035.926652)  can0  124   [8]  C0 06 D4 9A CE 10 79 08
 (035.936377)  can0  123   [8]  C1 00 EF 43 81 5E 0B FF
 (035.936590)  can0  124   [8]  C1 06 D4 C1 9B 10 82 08
 (035.946304)  can0  123   [8]  C2 00 EE 43 81 9C BC FF
 (035.946497)  can0  124   [8]  C2 06 D4 E8 90 10 8A 08
 (035.956188)  can0  123   [8]  C3 00 EB 43 81 E3 44 FF
 (035.956377)  can0  124   [8]  C3 06 D5 0F 61 10 93 08
 (035.966104)  can0  123   [8]  C4 00 C9 43 82 21 F5 FF
 (035.966348)  can0  124   [8]  C4 06 D5 36 4F 10 9B 08
 (035.976009)  can0  123   [8]  C5 00 B1 43 82 68 7E FF
 (035.976266)  can0  124   [8]  C5 06 D5 5D 1D 10 A4 08
 (035.986010)  can0  123   [8]  C6 00 A6 43 82 A7 2F FF
 (035.986173)  can0  124   [8]  C6 06 D5 84 0B 10 AC 08
 (035.995828)  can0  123   [8]  C7 00 A9 43 82 ED B7 FF
 (035.996027)  can0  124   [8]  C7 06 D5 AA D6 10 B5 08
 (036.005750)  can0  123   [8]  C8 00 AF 43 83 34 3F FF
 (036.006038)  can0  124   [8]  C8 06 D5 D1 CA 10 BE 08
 (036.015704)  can0  123   [8]  C9 00 B5 43 83 72 F0 FF
 (036.015921)  can0  124   [8]  C9 06 D5 F8 97 10 C6 08
 (036.025611)  can0  123   [8]  CA 00 B8 43 83 B1 A2 FF
 (036.025840)  can0  124   [8]  CA 06 D6 1F 87 10 CE 08
 (036.035567)  can0  123   [8]  CB 00 BA 43 83 F8 29 FF
 (036.035743)  can0  124   [8]  CB 06 D6 46 5B 10 D7 08
 (036.045475)  can0  123   [8]  CC 00 BA 43 84 3E B2 FF
 (036.045688)  can0  124   [8]  CC 06 D6 6D 4A 10 E0 08
 (036.055395)  can0  123   [8]  CD 00 B8 43 84 7D 63 FF
 (036.055616)  can0  124   [8]  CD 06 D6 94 24 10 E8 08
 (036.065395)  can0  123   [8]  CE 00 B8 43 84 BC 15 FF
 (036.065507)  can0  124   [8]  CE 06 D6 BB 14 10 F0 08
 (036.075277)  can0  123   [8]  CF 00 B7 43 85 02 9D FF
 (036.075432)  can0  124   [8]  CF 06 D6 E1 F0 10 F9 08
 (036.085679)  can0  123   [8]  D0 00 B8 43 85 49 25 FF
 (036.085720)  can0  124   [8]  D0 06 D7 08 E1 11 02 08
 (036.095071)  can0  123   [8]  D1 00 B8 43 85 87 D6 FF
 (036.095441)  can0  124   [8]  D1 06 D7 2F BA 11 0A 08
 (036.105165)  can0  123   [8]  D2 00 B8 43 85 C6 88 FF
 (036.105193)  can0  124   [8]  D2 06 D7 56 A9 11 12 08
 (036.114855)  can0  123   [8]  D3 00 B8 43 86 0D 10 FF
 (036.115114)  can0  124   [8]  D3 06 D7 7D 7C 11 1B 08
 (036.124849)  can0  123   [8]  D4 00 B8 43 86 4B C1 FF
 (036.124993)  can0  124   [8]  D4 06 D7 A4 6F 11 23 08
 (036.134678)  can0  123   [8]  D5 00 B4 43 86 92 49 FF
 (036.134925)  can0  124   [8]  D5 06 D7 CB 46 11 2C 08
 (036.144601)  can0  123   [8]  D6 00 AE 43 86 D0 FA FF
 (036.144790)  can0  124   [8]  D6 06 D7 F2 36 11 34 08
 (036.154522)  can0  123   [8]  D7 00 86 43 87 17 83 FF
 (036.154626)  can0  124   [8]  D7 06 D8 18 FF 11 3D 08
 (036.164406)  can0  123   [8]  D8 00 71 43 87 56 34 FF
 (036.164595)  can0  124   [8]  D8 06 D8 3F EB 11 45 08
 (036.174544)  can0  123   [8]  D9 00 6F 43 87 9C BC FF
 (036.174562)  can0  124   [8]  D9 06 D8 66 BE 11 4E 08
 (036.184306)  can0  123   [8]  DA 00 6E 43 87 DB 6E FF
 (036.184435)  can0  124   [8]  DA 06 D8 8D B2 11 56 08
 (036.194198)  can0  123   [8]  DB 00 6E 43 88 21 F6 FF
 (036.194368)  can0  124   [8]  DB 06 D8 B4 86 11 5F 08
 (036.204046)  can0  123   [8]  DC 00 6E 43 88 60 A7 FF
 (036.204285)  can0  124   [8]  DC 06 D8 DB 76 11 67 08
 (036.214058)  can0  123   [8]  DD 00 6F 43 88 A7 2F FF
 (036.214249)  can0  124   [8]  DD 06 D9 02 4A 11 70 08
 (036.223930)  can0  123   [8]  DE 00 6F 43 88 E5 E1 FF
 (036.224114)  can0  124   [8]  DE 06 D9 29 3A 11 78 08
 (036.233893)  can0  123   [8]  DF 00 70 43 89 24 92 FF
 (036.234020)  can0  124   [8]  DF 06 D9 50 0F 11 80 08
 (036.243789)  can0  123   [8]  E0 00 70 43 89 6B 1A FF
 (036.244193)  can0  124   [8]  E0 06 D9 76 FD 11 89 08
 (036.253694)  can0  123   [8]  E1 00 6E 43 89 A9 CC FF
 (036.253830)  can0  124   [8]  E1 06 D9 9D D1 11 91 08
 (036.263655)  can0  123   [8]  E2 00 6D 43 89 F0 54 FF
 (036.263797)  can0  124   [8]  E2 06 D9 C4 C2 11 9A 08
 (036.273545)  can0  123   [8]  E3 00 6D 43 8A 2F 05 FF
 (036.273656)  can0  124   [8]  E3 06 D9 EB 90 11 A2 08
 (036.283386)  can0  123   [8]  E4 00 6D 43 8A 75 8D FF
 (036.283600)  can0  124   [8]  E4 06 DA 12 7D 11 AB 08
 (036.293245)  can0  123   [8]  E5 00 6D 43 8A B4 3E FF
 (036.293464)  can0  124   [8]  E5 06 DA 39 4B 11 B3 08
 (036.303186)  can0  123   [8]  E6 00 6D 43 8A FA C7 FF
 (036.303456)  can0  124   [8]  E6 06 DA 60 31 11 BC 08
 (036.313116)  can0  123   [8]  E7 00 6A 43 8B 39 78 FF
 (036.313298)  can0  124   [8]  E7 06 DA 87 04 11 C4 08
 (036.323005)  can0  123   [8]  E8 00 66 43 8B 78 2A FF
 (036.323248)  can0  124   [8]  E8 06 DA AD EE 11 CC 08
 (036.332910)  can0  123   [8]  E9 00 63 43 8B BE B2 FF
 (036.333123)  can0  124   [8]  E9 06 DA D4 BD 11 D5 08
 (036.343231)  can0  123   [8]  EA 00 5E 43 8B FD 63 FF
 (036.343254)  can0  124   [8]  EA 06 DA FB BD 11 DD 08
 (036.352789)  can0  123   [8]  EB 00 59 43 8C 43 EB FF
 (036.352992)  can0  124   [8]  EB 06 DB 22 8E 11 E6 08
 (036.362694)  can0  123   [8]  EC 00 56 43 8C 82 9D FF
 (036.362983)  can0  124   [8]  EC 06 DB 49 75 11 EE 08
 (036.372759)  can0  123   [8]  ED 00 54 43 8C C1 4E FF
 (036.372781)  can0  124   [8]  ED 06 DB 70 46 11 F6 08
 (036.382505)  can0  123   [8]  EE 00 52 43 8D 07 D6 FF
 (036.382649)  can0  124   [8]  EE 06 DB 97 38 11 FF 08
 (036.392362)  can0  123   [8]  EF 00 55 43 8D 46 88 FF
 (036.392539)  can0  124   [8]  EF 06 DB BE 09 12 07 08
 (036.402317)  can0  123   [8]  F0 00 56 43 8D 8D 0F FF
 (036.402459)  can0  124   [8]  F0 06 DB E4 FA 12 10 08
 (036.412185)  can0  123   [8]  F1 00 57 43 8D D3 98 FF
 (036.412374)  can0  124   [8]  F1 06 DC 0B D4 12 19 08
 (036.422037)  can0  123   [8]  F2 00 58 43 8E 12 49 FF
 (036.422286)  can0  124   [8]  F2 06 DC 32 C2 12 21 08
 (036.431997)  can0  123   [8]  F3 00 5E 43 8E 58 D1 FF
 (036.432151)  can0  124   [8]  F3 06 DC 59 8F 12 2A 08
 (036.441922)  can0  123   [8]  F4 00 65 43 8E 97 82 FF
 (036.442133)  can0  124   [8]  F4 06 DC 80 6C 12 32 08
 (036.451769)  can0  123   [8]  F5 00 68 43 8E DE 0B FF
 (036.452015)  can0  124   [8]  F5 06 DC A7 40 12 3B 08
 (036.461695)  can0  123   [8]  F6 00 67 43 8F 1C BC FF
 (036.461911)  can0  124   [8]  F6 06 DC CE 2D 12 43 08
 (036.471588)  can0  123   [8]  F7 00 63 43 8F 63 44 FF
 (036.471819)  can0  124   [8]  F7 06 DC F5 00 12 4C 08
 (036.481538)  can0  123   [8]  F8 00 5D 43 8F A1 F6 FF
 (036.481813)  can0  124   [8]  F8 06 DD 1C 09 12 54 08
 (036.491471)  can0  123   [8]  F9 00 59 43 8F E8 7D FF
 (036.491670)  can0  124   [8]  F9 06 DD 42 DC 12 5D 08
 (036.501373)  can0  123   [8]  FA 00 58 43 90 27 2F FF
 (036.501716)  can0  124   [8]  FA 06 DD 69 C7 12 65 08
 (036.511380)  can0  123   [8]  FB 00 5A 43 90 6D B7 FF
 (036.511548)  can0  124   [8]  FB 06 DD 90 A5 12 6E 08
 (036.521295)  can0  123   [8]  FC 00 58 43 90 AC 69 FF
 (036.521429)  can0  124   [8]  FC 06 DD B7 96 12 76 08
 (036.531159)  can0  123   [8]  FD 00 4E 43 90 F2 F0 FF
 (036.531322)  can0  124   [8]  FD 06 DD DE 6B 12 7F 08
 (036.541051)  can0  123   [8]  FE 00 3E 43 91 31 A2 FF
 (036.541313)  can0  124   [8]  FE 06 DE 05 60 12 87 08
 (036.550940)  can0  123   [8]  FF 00 35 43 91 78 2A FF
 (036.551136)  can0  124   [8]  FF 06 DE 2C 36 12 90 08
 (036.560885)  can0  123   [8]  00 00 32 43 91 B6 DC FF
 (036.561087)  can0  124   [8]  00 06 DE 53 24 12 98 08
 (036.570756)  can0  123   [8]  01 00 31 43 91 FD 63 FF
 (036.571009)  can0  124   [8]  01 06 DE 79 F4 12 A1 08
 (036.580746)  can0  123   [8]  02 00 2F 43 92 3C 15 FF
 (036.580896)  can0  124   [8]  02 06 DE A0 DD 12 A9 08
 (036.590560)  can0  123   [8]  03 00 2E 43 92 82 9D FF
 (036.590813)  can0  124   [8]  03 06 DE C7 B8 12 B2 08
 (036.600491)  can0  123   [8]  04 00 2D 43 92 C1 4E FF
 (036.600696)  can0  124   [8]  04 06 DE EE A6 12 BA 08
 (036.610446)  can0  123   [8]  05 00 2D 43 93 07 D6 FF
 (036.610599)  can0  124   [8]  05 06 DF 15 7D 12 C3 08
 (036.620308)  can0  123   [8]  06 00 2C 43 93 46 88 FF
 (036.620517)  can0  124   [8]  06 06 DF 3C 6A 12 CB 08
 (036.630337)  can0  123   [8]  07 00 2B 43 93 8D 10 FF
 (036.630586)  can0  124   [8]  07 06 DF 63 CA 12 D4 08
 (036.640239)  can0  123   [8]  08 00 2B 43 93 CB C1 FF
 (036.640347)  can0  124   [8]  08 06 DF 8A 23 12 DC 08
 (036.650194)  can0  123   [8]  09 00 2B 43 94 0A 73 FF
 (036.650310)  can0  124   [8]  09 06 DF B0 F5 12 E4 08
 (036.660064)  can0  123   [8]  0A 00 2B 43 94 50 FB FF
 (036.660262)  can0  124   [8]  0A 06 DF D7 E1 12 ED 08
 (036.669984)  can0  123   [8]  0B 00 2B 43 94 97 83 FF
 (036.670239)  can0  124   [8]  0B 06 DF FE B4 12 F6 08
 (036.680122)  can0  123   [8]  0C 00 2B 43 94 D6 34 FF
 (036.680174)  can0  124   [8]  0C 06 E0 25 A6 12 FE 08
 (036.689870)  can0  123   [8]  0D 00 2C 43 95 14 E6 FF
 (036.689996)  can0  124   [8]  0D 06 E0 4C 76 13 06 08
 (036.699711)  can0  123   [8]  0E 00 2C 43 95 5B 6E FF
 (036.699983)  can0  124   [8]  0E 06 E0 73 64 13 0F 08
 (036.709793)  can0  123   [8]  0F 00 2C 43 95 9A 1F FF
 (036.709828)  can0  124   [8]  0F 06 E0 9A 32 13 17 08
 (036.719577)  can0  123   [8]  10 00 2C 43 95 E0 A7 FF
 (036.719792)  can0  124   [8]  10 06 E0 C1 18 13 20 08
 (036.729490)  can0  123   [8]  11 00 2C 43 96 1F 59 FF
 (036.729704)  can0  124   [8]  11 06 E0 E7 F3 13 28 08
 (036.739420)  can0  123   [8]  12 00 2C 43 96 65 E1 FF
 (036.739524)  can0  124   [8]  12 06 E1 0E DD 13 31 08
 (036.749254)  can0  123   [8]  13 00 2C 43 96 A4 92 FF
 (036.749449)  can0  124   [8]  13 06 E1 35 AF 13 39 08
 (036.759215)  can0  123   [8]  14 00 2C 43 96 EB 1A FF
 (036.759447)  can0  124   [8]  14 06 E1 5C 98 13 42 08
 (036.769077)  can0  123   [8]  15 00 2C 43 97 29 CC FF
 (036.769284)  can0  124   [8]  15 06 E1 83 65 13 4A 08
 (036.779245)  can0  123   [8]  16 00 2C 43 97 70 54 FF
 (036.779261)  can0  124   [8]  16 06 E1 AA 51 13 53 08
 (036.788936)  can0  123   [8]  17 00 2C 43 97 AF 05 FF
 (036.789102)  can0  124   [8]  17 06 E1 D1 22 13 5B 08
 (036.798861)  can0  123   [8]  18 00 2D 43 97 F5 8D FF
 (036.799296)  can0  124   [8]  18 06 E1 F8 0B 13 64 08
 (036.808770)  can0  123   [8]  19 00 2D 43 98 34 3F FF
 (036.809312)  can0  124   [8]  19 06 E2 1E DB 13 6C 08
 (036.818673)  can0  123   [8]  1A 00 2D 43 98 7A C6 FF
 (036.818841)  can0  124   [8]  1A 06 E2 45 C3 13 75 08
 (036.828554)  can0  123   [8]  1B 00 2D 43 98 B9 78 FF
 (036.828748)  can0  124   [8]  1B 06 E2 6C 94 13 7D 08
 (036.838517)  can0  123   [8]  1C 00 2D 43 99 00 00 FF
 (036.838684)  can0  124   [8]  1C 06 E2 93 7D 13 86 08
 (036.848394)  can0  123   [8]  1D 00 2D 43 99 3E B2 FF
 (036.848610)  can0  124   [8]  1D 06 E2 BA 51 13 8E 08
 (036.858292)  can0  123   [8]  1E 00 2D 43 99 7D 63 FF
 (036.858522)  can0  124   [8]  1E 06 E2 E1 41 13 96 08
 (036.868208)  can0  123   [8]  1F 00 2D 43 99 C3 EB FF
 (036.868388)  can0  124   [8]  1F 06 E3 08 12 13 9F 08
 (036.878164)  can0  123   [8]  20 00 2E 43 9A 02 9C FF
 (036.878304)  can0  124   [8]  20 06 E3 2E FD 13 A7 08
 (036.888134)  can0  123   [8]  21 00 2E 43 9A 49 25 FF
 (036.888258)  can0  124   [8]  21 06 E3 55 D1 13 B0 08
 (036.897903)  can0  123   [8]  22 00 2E 43 9A 87 D6 FF
 (036.898173)  can0  124   [8]  22 06 E3 7C C0 13 B8 08
 (036.907826)  can0  123   [8]  23 00 2E 43 9A C6 88 FF
 (036.908032)  can0  124   [8]  23 06 E3 A3 92 13 C0 08
 (036.917749)  can0  123   [8]  24 00 2E 43 9B 0D 10 FF
 (036.918016)  can0  124   [8]  24 06 E3 CA 88 13 C9 08
 (036.927703)  can0  123   [8]  25 00 2E 43 9B 4B C2 FF
 (036.928004)  can0  124   [8]  25 06 E3 F1 5A 13 D1 08
 (036.937639)  can0  123   [8]  26 00 2F 43 9B 92 49 FF
 (036.937801)  can0  124   [8]  26 06 E4 18 48 13 DA 08
 (036.947586)  can0  123   [8]  27 00 2F 43 9B D0 FB FF
 (036.947814)  can0  124   [8]  27 06 E4 3F 1D 13 E2 08
 (036.957505)  can0  123   [8]  28 00 2F 43 9C 17 83 FF
 (036.957723)  can0  124   [8]  28 06 E4 66 11 13 EB 08
 (036.967530)  can0  123   [8]  29 00 2F 43 9C 56 34 FF
 (036.967562)  can0  124   [8]  29 06 E4 8C E7 13 F3 08
 (036.977322)  can0  123   [8]  2A 00 2F 43 9C 9C BC FF
 (036.977673)  can0  124   [8]  2A 06 E4 B3 D8 13 FC 08
 (036.987089)  can0  123   [8]  2B 00 2F 43 9C DB 6D FF
 (036.987295)  can0  124   [8]  2B 06 E4 DA AC 14 04 08
 (036.997089)  can0  123   [8]  2C 00 30 43 9D 1A 20 FF
 (036.997178)  can0  124   [8]  2C 06 E5 01 8F 14 0C 08
 (037.006903)  can0  123   [8]  2D 00 30 43 9D 60 A7 FF
 (037.007169)  can0  124   [8]  2D 06 E5 28 66 14 15 08
 (037.016916)  can0  123   [8]  2E 00 30 43 9D 9F 59 FF
 (037.017012)  can0  124   [8]  2E 06 E5 4F 4F 14 1D 08
 (037.026714)  can0  123   [8]  2F 00 30 43 9D E5 E0 FF
 (037.026933)  can0  124   [8]  2F 06 E5 76 25 14 26 08
 (037.036661)  can0  123   [8]  30 00 30 43 9E 24 93 FF
 (037.036851)  can0  124   [8]  30 06 E5 9D 11 14 2E 08
 (037.046578)  can0  123   [8]  31 00 30 43 9E 63 44 FF
 (037.046761)  can0  124   [8]  31 06 E5 C3 E5 14 36 08
 (037.056490)  can0  123   [8]  32 00 31 43 9E A9 CC FF
 (037.056671)  can0  124   [8]  32 06 E5 EA D4 14 3F 08
 (037.066440)  can0  123   [8]  33 00 31 43 9E E8 7D FF
 (037.066692)  can0  124   [8]  33 06 E6 11 A7 14 47 08
 (037.076406)  can0  123   [8]  34 00 31 43 9F 2F 05 FF
 (037.076625)  can0  124   [8]  34 06 E6 38 95 14 50 08
 (037.086252)  can0  123   [8]  35 00 31 43 9F 6D B7 FF
 (037.086414)  can0  124   [8]  35 06 E6 5F 69 14 58 08
 (037.096103)  can0  123   [8]  36 00 32 43 9F AC 68 FF
 (037.096272)  can0  124   [8]  36 06 E6 86 51 14 60 08
 (037.106010)  can0  123   [8]  37 00 32 43 9F F2 F0 FF
 (037.106257)  can0  124   [8]  37 06 E6 AD 26 14 69 08
 (037.115900)  can0  123   [8]  38 00 32 43 A0 31 A2 FF
 (037.116131)  can0  124   [8]  38 06 E6 D4 0F 14 71 08
 (037.125804)  can0  123   [8]  39 00 32 43 A0 78 2A FF
 (037.126036)  can0  124   [8]  39 06 E6 FA E2 14 7A 08
 (037.135709)  can0  123   [8]  3A 00 33 43 A0 B6 DB FF
 (037.135933)  can0  124   [8]  3A 06 E7 21 CE 14 82 08
 (037.145582)  can0  123   [8]  3B 00 33 43 A0 FD 64 FF
 (037.145826)  can0  124   [8]  3B 06 E7 48 A4 14 8B 08
 (037.155582)  can0  123   [8]  3C 00 33 43 A1 3C 15 FF
 (037.155747)  can0  124   [8]  3C 06 E7 6F 94 14 93 08
 (037.165459)  can0  123   [8]  3D 00 33 43 A1 82 9D FF
 (037.165658)  can0  124   [8]  3D 06 E7 96 67 14 9C 08
 (037.175368)  can0  123   [8]  3E 00 33 43 A1 C1 4E FF
 (037.175607)  can0  124   [8]  3E 06 E7 BD 53 14 A4 08
 (037.185300)  can0  123   [8]  3F 00 33 43 A2 00 00 FF
 (037.185518)  can0  124   [8]  3F 06 E7 E4 25 14 AC 08
 (037.195186)  can0  123   [8]  40 00 34 43 A2 46 88 FF
 (037.195461)  can0  124   [8]  40 06 E8 0B 18 14 B5 08
 (037.205149)  can0  123   [8]  41 00 34 43 A2 85 3A FF
 (037.205284)  can0  124   [8]  41 06 E8 31 EC 14 BD 08
 (037.215051)  can0  123   [8]  42 00 34 43 A2 CB C1 FF
 (037.215211)  can0  124   [8]  42 06 E8 58 DB 14 C6 08
 (037.224933)  can0  123   [8]  43 00 34 43 A3 0A 73 FF
 (037.225149)  can0  124   [8]  43 06 E8 7F B6 14 CE 08
 (037.234860)  can0  123   [8]  44 00 34 43 A3 49 25 FF
 (037.235040)  can0  124   [8]  44 06 E8 A6 AD 14 D6 08
 (037.244807)  can0  123   [8]  45 00 34 43 A3 8F AC FF
 (037.244995)  can0  124   [8]  45 06 E8 CD 84 14 DF 08
 (037.254765)  can0  123   [8]  46 00 35 43 A3 CE 5E FF
 (037.254891)  can0  124   [8]  46 06 E8 F4 73 14 E7 08
 (037.264681)  can0  123   [8]  47 00 35 43 A4 14 E6 FF
 (037.264825)  can0  124   [8]  47 06 E9 1B 47 14 F0 08
 (037.274597)  can0  123   [8]  48 00 36 43 A4 53 98 FF
 (037.274735)  can0  124   [8]  48 06 E9 42 34 14 F8 08
 (037.284474)  can0  123   [8]  49 00 37 43 A4 92 49 FF
 (037.284668)  can0  124   [8]  49 06 E9 69 0C 15 00 08
 (037.294645)  can0  123   [8]  4A 00 38 43 A4 D0 FB FF
 (037.294687)  can0  124   [8]  4A 06 E9 8F F4 15 08 08
 (037.304278)  can0  123   [8]  4B 00 38 43 A5 17 82 FF
 (037.304682)  can0  124   [8]  4B 06 E9 B6 CD 15 11 08
 (037.314247)  can0  123   [8]  4C 00 38 43 A5 56 35 FF
 (037.314478)  can0  124   [8]  4C 06 E9 DD BE 15 19 08
 (037.324368)  can0  123   [8]  4D 00 39 43 A5 9C BC FF
 (037.324405)  can0  124   [8]  4D 06 EA 04 98 15 22 08
 (037.334235)  can0  123   [8]  4E 00 39 43 A5 DB 6E FF
 (037.334271)  can0  124   [8]  4E 06 EA 2B 87 15 2A 08
 (037.344000)  can0  123   [8]  4F 00 3A 43 A6 1A 1F FF
 (037.344104)  can0  124   [8]  4F 06 EA 52 5B 15 32 08
 (037.353908)  can0  123   [8]  50 00 3A 43 A6 58 D1 FF
 (037.354190)  can0  124   [8]  50 06 EA 79 47 15 3A 08
 (037.363845)  can0  123   [8]  51 00 3B 43 A6 9F 59 FF
 (037.363965)  can0  124   [8]  51 06 EA A0 20 15 43 08
 (037.373959)  can0  123   [8]  52 00 3B 43 A6 DE 0A FF
 (037.374040)  can0  124   [8]  52 06 EA C7 09 15 4B 08
 (037.383569)  can0  123   [8]  53 00 39 43 A7 24 92 FF
 (037.383823)  can0  124   [8]  53 06 EA ED E1 15 54 08
 (037.393568)  can0  123   [8]  54 00 35 43 A7 63 44 FF
 (037.393727)  can0  124   [8]  54 06 EB 14 CD 15 5C 08
 (037.403457)  can0  123   [8]  55 00 3A 43 A7 A1 F6 FF
 (037.403586)  can0  124   [8]  55 06 EB 3B 9E 15 64 08
 (037.413428)  can0  123   [8]  56 00 42 43 A7 E0 A7 FF
 (037.413601)  can0  124   [8]  56 06 EB 62 95 15 6C 08
 (037.423408)  can0  123   [8]  57 00 41 43 A8 27 2F FF
 (037.423445)  can0  124   [8]  57 06 EB 89 6B 15 75 08
 (037.433150)  can0  123   [8]  58 00 41 43 A8 65 E0 FF
 (037.433372)  can0  124   [8]  58 06 EB B0 56 15 7D 08
 (037.443046)  can0  123   [8]  59 00 41 43 A8 A4 93 FF
 (037.443285)  can0  124   [8]  59 06 EB D7 28 15 85 08
 (037.452916)  can0  123   [8]  5A 00 42 43 A8 EB 1A FF
 (037.453140)  can0  124   [8]  5A 06 EB FE 1D 15 8E 08
 (037.462828)  can0  123   [8]  5B 00 43 43 A9 29 CC FF
 (037.463138)  can0  124   [8]  5B 06 EC 24 FB 15 96 08
 (037.472728)  can0  123   [8]  5C 00 43 43 A9 68 7D FF
 (037.472938)  can0  124   [8]  5C 06 EC 4B EF 15 9E 08
 (037.482649)  can0  123   [8]  5D 00 43 43 A9 AF 05 FF
 (037.482886)  can0  124   [8]  5D 06 EC 72 C7 15 A7 08
 (037.492544)  can0  123   [8]  5E 00 43 43 A9 ED B7 FF
 (037.492816)  can0  124   [8]  5E 06 EC 99 B9 15 AF 08
 (037.502501)  can0  123   [8]  5F 00 43 43 AA 34 3F FF
 (037.502684)  can0  124   [8]  5F 06 EC C0 97 15 B8 08
 (037.512482)  can0  123   [8]  60 00 43 43 AA 72 F0 FF
 (037.512635)  can0  124   [8]  60 06 EC E7 89 15 C0 08
 (037.522357)  can0  123   [8]  61 00 43 43 AA B1 A2 FF
 (037.522532)  can0  124   [8]  61 06 ED 0E 60 15 C8 08
 (037.532286)  can0  123   [8]  62 00 43 43 AA F8 2A FF
 (037.532462)  can0  124   [8]  62 06 ED 35 52 15 D1 08
 (037.542305)  can0  123   [8]  63 00 43 43 AB 36 DB FF
 (037.542548)  can0  124   [8]  63 06 ED 5C 26 15 D9 08
 (037.552224)  can0  123   [8]  64 00 43 43 AB 7D 63 FF
 (037.552422)  can0  124   [8]  64 06 ED 83 15 15 E2 08
 (037.562311)  can0  123   [8]  65 00 42 43 AB BC 15 FF
 (037.562335)  can0  124   [8]  65 06 ED A9 EE 15 EA 08
 (037.572020)  can0  123   [8]  66 00 42 43 AB FA C7 FF
 (037.572203)  can0  124   [8]  66 06 ED D0 DF 15 F2 08
 (037.581994)  can0  123   [8]  67 00 42 43 AC 39 78 FF
 (037.582192)  can0  124   [8]  67 06 ED F7 B4 15 FA 08
 (037.591748)  can0  123   [8]  68 00 42 43 AC 80 00 FF
 (037.591903)  can0  124   [8]  68 06 EE 1E A6 16 03 08
 (037.601613)  can0  123   [8]  69 00 41 43 AC BE B1 FF
 (037.601906)  can0  124   [8]  69 06 EE 45 7E 16 0B 08
 (037.611604)  can0  123   [8]  6A 00 41 43 AD 05 3A FF
 (037.611754)  can0  124   [8]  6A 06 EE 6C 6E 16 14 08
 (037.621459)  can0  123   [8]  6B 00 41 43 AD 43 EB FF
 (037.621632)  can0  124   [8]  6B 06 EE 93 3E 16 1C 08
 (037.631406)  can0  123   [8]  6C 00 41 43 AD 82 9D FF
 (037.631618)  can0  124   [8]  6C 06 EE BA 32 16 24 08
 (037.641499)  can0  123   [8]  6D 00 41 43 AD C9 25 FF
 (037.641517)  can0  124   [8]  6D 06 EE E1 0A 16 2D 08
 (037.651348)  can0  123   [8]  6E 00 41 43 AE 07 D6 FF
 (037.651535)  can0  124   [8]  6E 06 EF 07 F7 16 35 08
 (037.661268)  can0  123   [8]  6F 00 40 43 AE 4E 5E FF
 (037.661413)  can0  124   [8]  6F 06 EF 2E C9 16 3E 08
 (037.671010)  can0  123   [8]  70 00 40 43 AE 8D 0F FF
 (037.671223)  can0  124   [8]  70 06 EF 55 BD 16 46 08
 (037.680987)  can0  123   [8]  71 00 40 43 AE CB C1 FF
 (037.681197)  can0  124   [8]  71 06 EF 7C 93 16 4E 08
 (037.690925)  can0  123   [8]  72 00 40 43 AF 12 49 FF
 (037.691080)  can0  124   [8]  72 06 EF A3 7C 16 57 08
 (037.700733)  can0  123   [8]  73 00 40 43 AF 50 FB FF
 (037.700932)  can0  124   [8]  73 06 EF CA 52 16 5F 08
 (037.710670)  can0  123   [8]  74 00 40 43 AF 97 82 FF
 (037.710863)  can0  124   [8]  74 06 EF F1 4C 16 68 08
 (037.720593)  can0  123   [8]  75 00 40 43 AF D6 35 FF
 (037.720792)  can0  124   [8]  75 06 F0 18 22 16 70 08
 (037.730477)  can0  123   [8]  76 00 40 43 B0 1C BC FF
 (037.730651)  can0  124   [8]  76 06 F0 3F 0D 16 79 08
 (037.740497)  can0  123   [8]  77 00 40 43 B0 5B 6E FF
 (037.740711)  can0  124   [8]  77 06 F0 65 DF 16 81 08
 (037.750438)  can0  123   [8]  78 00 3F 43 B0 A1 F6 FF
 (037.750579)  can0  124   [8]  78 06 F0 8C D4 16 8A 08
 (037.760311)  can0  123   [8]  79 00 3F 43 B0 E8 7D FF
 (037.760464)  can0  124   [8]  79 06 F0 B3 A6 16 93 08
 (037.770529)  can0  123   [8]  7A 00 3F 43 B1 27 2F FF
 (037.770544)  can0  124   [8]  7A 06 F0 DA 96 16 9B 08
 (037.780077)  can0  123   [8]  7B 00 3F 43 B1 6D B7 FF
 (037.780263)  can0  124   [8]  7B 06 F1 01 6B 16 A4 08
 (037.790020)  can0  123   [8]  7C 00 3F 43 B1 AC 69 FF
 (037.790277)  can0  124   [8]  7C 06 F1 28 5B 16 AC 08
 (037.800126)  can0  123   [8]  7D 00 3E 43 B1 F2 F0 FF
 (037.800142)  can0  124   [8]  7D 06 F1 4F 2E 16 B5 08
 (037.809872)  can0  123   [8]  7E 00 3E 43 B2 31 A2 FF
 (037.810110)  can0  124   [8]  7E 06 F1 76 1C 16 BD 08
 (037.819685)  can0  123   [8]  7F 00 3E 43 B2 78 2A FF
 (037.819908)  can0  124   [8]  7F 06 F1 9C EE 16 C6 08
 (037.829649)  can0  123   [8]  80 00 3E 43 B2 BE B2 FF
 (037.829845)  can0  124   [8]  80 06 F1 C3 DB 16 CF 08
 (037.839517)  can0  123   [8]  81 00 3E 43 B2 FD 63 FF
 (037.841586)  can0  124   [8]  81 06 F1 EA B2 16 D7 08
 (037.849452)  can0  123   [8]  82 00 3E 43 B3 43 EB FF
 (037.849644)  can0  124   [8]  82 06 F2 11 A0 16 E0 08
 (037.859330)  can0  123   [8]  83 00 3E 43 B3 82 9D FF
 (037.859543)  can0  124   [8]  83 06 F2 38 7C 16 E8 08
 (037.869262)  can0  123   [8]  84 00 3E 43 B3 C9 24 FF
 (037.869606)  can0  124   [8]  84 06 F2 5F 69 16 F1 08
 (037.879164)  can0  123   [8]  85 00 3E 3D FA C6 88 FF
 (037.879548)  can0  124   [8]  85 06 F2 86 3F 00 02 08
 (037.889073)  can0  123   [8]  86 00 3E 3F 1C BC 15 FF
 (037.889421)  can0  124   [8]  86 06 F2 AD 2D 00 0A 08
 (037.899026)  can0  123   [8]  87 00 3E 3F 94 E5 E1 FF
 (037.899229)  can0  124   [8]  87 06 F2 D4 03 00 13 08
 (037.908916)  can0  123   [8]  88 00 3E 3F DB 6D B7 FF
 (037.909206)  can0  124   [8]  88 06 F2 FA F5 00 1C 08
 (037.918802)  can0  123   [8]  89 00 3E 40 0D 0F AC FF
 (037.919088)  can0  124   [8]  89 06 F3 21 CC 00 24 08
 (037.928698)  can0  123   [8]  8A 00 3E 40 30 53 98 FF
 (037.928910)  can0  124   [8]  8A 06 F3 48 C2 00 2D 08
 (037.938705)  can0  123   [8]  8B 00 3E 40 4F AC 68 FF
 (037.938922)  can0  124   [8]  8B 06 F3 6F 9C 00 35 08
 (037.948575)  can0  123   [8]  8C 00 3E 40 72 F0 54 FF
 (037.948742)  can0  124   [8]  8C 06 F3 96 94 00 3E 08
 (037.958451)  can0  123   [8]  8D 00 3E 40 89 24 92 FF
 (037.958673)  can0  124   [8]  8D 06 F3 BD 71 00 46 08
 (037.968427)  can0  123   [8]  8E 00 3E 40 9A C6 88 FF
 (037.968556)  can0  124   [8]  8E 06 F3 E4 6B 00 4F 08
 (037.978402)  can0  123   [8]  8F 00 3E 40 AC 68 7E FF
 (037.978533)  can0  124   [8]  8F 06 F4 0B 46 00 58 08
 (037.988264)  can0  123   [8]  90 00 3E 40 BC 14 E5 FF
 (037.988586)  can0  124   [8]  90 06 F4 32 3B 00 60 08
 (037.998136)  can0  123   [8]  91 00 3E 40 CD B6 DC FF
 (037.998336)  can0  124   [8]  91 06 F4 59 1A 00 69 08
 (038.008209)  can0  123   [8]  92 00 3E 40 DD 63 44 FF
 (038.008247)  can0  124   [8]  92 06 F4 80 0C 00 71 08
 (038.017906)  can0  123   [8]  93 00 3E 40 EF 05 39 FF
 (038.018182)  can0  124   [8]  93 06 F4 A6 E7 00 7A 08
 (038.027897)  can0  123   [8]  94 00 3E 40 FE B1 A2 FF
 (038.028040)  can0  124   [8]  94 06 F4 CD DE 00 82 08
 (038.037740)  can0  123   [8]  95 00 3E 41 08 29 CC FF
 (038.038020)  can0  124   [8]  95 06 F4 F4 B7 00 8B 08
 (038.047636)  can0  123   [8]  96 00 3E 41 10 FA C6 FF
 (038.047861)  can0  124   [8]  96 06 F5 1B A9 00 94 08
 (038.057585)  can0  123   [8]  97 00 3E 41 18 D0 FB FF
 (038.057781)  can0  124   [8]  97 06 F5 42 84 00 9C 08
 (038.067496)  can0  123   [8]  98 00 3E 41 21 A1 F5 FF
 (038.067712)  can0  124   [8]  98 06 F5 69 7B 00 A5 08
 (038.077439)  can0  123   [8]  99 00 3E 41 29 78 2A FF
 (038.077588)  can0  124   [8]  99 06 F5 90 52 00 AD 08
 (038.087363)  can0  123   [8]  9A 00 3E 41 32 49 25 FF
 (038.087528)  can0  124   [8]  9A 06 F5 B7 47 00 B6 08
 (038.097256)  can0  123   [8]  9B 00 3E 41 3A 1F 59 FF
 (038.097431)  can0  124   [8]  9B 06 F5 DE 25 00 BE 08
 (038.107142)  can0  123   [8]  9C 00 3E 41 42 F0 53 FF
 (038.107442)  can0  124   [8]  9C 06 F6 05 1C 00 C7 08
 (038.117016)  can0  123   [8]  9D 00 3E 41 4A C6 88 FF
 (038.117305)  can0  124   [8]  9D 06 F6 2B F9 00 CF 08
 (038.127000)  can0  123   [8]  9E 00 3E 41 52 9C BC FF
 (038.127167)  can0  124   [8]  9E 06 F6 52 EB 00 D7 08
 (038.136851)  can0  123   [8]  9F 00 3D 41 57 82 9C FF
 (038.137028)  can0  124   [8]  9F 06 F6 79 C2 00 DC 08
 (038.147069)  can0  123   [8]  A0 00 3D 41 59 78 2A FF
 (038.147087)  can0  124   [8]  A0 06 F6 A0 B2 00 DE 08
 (038.156827)  can0  123   [8]  A1 00 3D 41 59 78 2A FF
 (038.156844)  can0  124   [8]  A1 06 F6 C7 8E 00 DE 08
 (038.166581)  can0  123   [8]  A2 00 3D 41 59 78 2A FF
 (038.166783)  can0  124   [8]  A2 06 F6 EE 80 00 DE 08
 (038.176467)  can0  123   [8]  A3 00 3D 41 59 78 2A FF
 (038.176787)  can0  124   [8]  A3 06 F7 15 60 00 DE 08
 (038.186490)  can0  123   [8]  A4 00 3D 41 59 78 2A FF
 (038.186656)  can0  124   [8]  A4 06 F7 3C 59 00 DE 08
 (038.196320)  can0  123   [8]  A5 00 3D 41 59 78 2A FF
 (038.196489)  can0  124   [8]  A5 06 F7 63 30 00 DE 08
 (038.206266)  can0  123   [8]  A6 00 3D 41 59 78 2A FF
 (038.206409)  can0  124   [8]  A6 06 F7 8A 29 00 DE 08
 (038.216337)  can0  123   [8]  A7 00 3D 41 59 78 2A FF
 (038.216353)  can0  124   [8]  A7 06 F7 B1 0D 00 DE 08
 (038.226056)  can0  123   [8]  A8 00 3D 41 59 78 2A FF
 (038.226357)  can0  124   [8]  A8 06 F7 D8 04 00 DE 08
 (038.235932)  can0  123   [8]  A9 00 3D 41 57 82 9C FF
 (038.236163)  can0  124   [8]  A9 06 F7 FE E4 00 DC 08
 (038.245862)  can0  123   [8]  AA 00 3D 41 55 8D 10 FF
 (038.245992)  can0  124   [8]  AA 06 F8 25 D9 00 DA 08
 (038.255722)  can0  123   [8]  AB 00 3D 41 52 9C BC FF
 (038.256004)  can0  124   [8]  AB 06 F8 4C B6 00 D7 08
 (038.265738)  can0  123   [8]  AC 00 3D 41 4F AC 68 FF
 (038.265884)  can0  124   [8]  AC 06 F8 73 A8 00 D4 08
 (038.275620)  can0  123   [8]  AD 00 3D 41 4D B6 DC FF
 (038.275755)  can0  124   [8]  AD 06 F8 9A 84 00 D2 08
 (038.285485)  can0  123   [8]  AE 00 3D 41 49 CB C1 FF
 (038.285860)  can0  124   [8]  AE 06 F8 C1 77 00 CE 08
 (038.295294)  can0  123   [8]  AF 00 3D 41 46 DB 6E FF
 (038.295534)  can0  124   [8]  AF 06 F8 E8 54 00 CB 08
 (038.305356)  can0  123   [8]  B0 00 3D 41 43 EB 1B FF
 (038.305482)  can0  124   [8]  B0 06 F9 0F 4A 00 C8 08
 (038.315255)  can0  123   [8]  B1 00 3D 41 40 00 01 FF
 (038.315415)  can0  124   [8]  B1 06 F9 36 27 00 C4 08
 (038.325171)  can0  123   [8]  B2 00 3D 41 3C 14 E5 FF
 (038.325433)  can0  124   [8]  B2 06 F9 5D 19 00 C0 08
 (038.335121)  can0  123   [8]  B3 00 3D 41 38 29 CB FF
 (038.335275)  can0  124   [8]  B3 06 F9 83 F2 00 BC 08
 (038.345293)  can0  123   [8]  B4 00 3D 41 35 39 78 FF
 (038.345323)  can0  124   [8]  B4 06 F9 AA E9 00 B9 08
 (038.355044)  can0  123   [8]  B5 00 3D 41 31 4E 5E FF
 (038.355073)  can0  124   [8]  B5 06 F9 D1 C6 00 B5 08
 (038.364990)  can0  123   [8]  B6 00 3D 41 2D 63 44 FF
 (038.365026)  can0  124   [8]  B6 06 F9 F8 BC 00 B1 08
 (038.374729)  can0  123   [8]  B7 00 3D 41 29 78 2A FF
 (038.375044)  can0  124   [8]  B7 06 FA 1F 97 00 AD 08
 (038.384699)  can0  123   [8]  B8 00 3D 41 25 8D 0F FF
 (038.384966)  can0  124   [8]  B8 06 FA 46 91 00 A9 08
 (038.394742)  can0  123   [8]  B9 00 3D 41 21 A1 F5 FF
 (038.394776)  can0  124   [8]  B9 06 FA 6D 6F 00 A5 08
 (038.404485)  can0  123   [8]  BA 00 3D 41 1C BC 15 FF
 (038.404676)  can0  124   [8]  BA 06 FA 94 62 00 A0 08
 (038.414434)  can0  123   [8]  BB 00 3D 41 18 D0 FB FF
 (038.414566)  can0  124   [8]  BB 06 FA BB 3D 00 9C 08
 (038.424301)  can0  123   [8]  BC 00 3D 41 14 E5 E1 FF
 (038.424500)  can0  124   [8]  BC 06 FA E2 36 00 98 08
 (038.434254)  can0  123   [8]  BD 00 3D 41 10 00 00 FF
 (038.434368)  can0  124   [8]  BD 06 FB 09 14 00 93 08
 (038.444131)  can0  123   [8]  BE 00 3D 41 0C 14 E6 FF
 (038.444297)  can0  124   [8]  BE 06 FB 30 0A 00 8F 08
 (038.454018)  can0  123   [8]  BF 00 3D 41 07 2F 06 FF
 (038.454220)  can0  124   [8]  BF 06 FB 56 F0 00 8A 08
 (038.464085)  can0  123   [8]  C0 00 3D 41 03 43 EB FF
 (038.464241)  can0  124   [8]  C0 06 FB 7D E9 00 86 08
 (038.473948)  can0  123   [8]  C1 00 3D 40 FC BC 14 FF
 (038.474159)  can0  124   [8]  C1 06 FB A4 CB 00 81 08
 (038.483793)  can0  123   [8]  C2 00 3D 40 F2 F0 54 FF
 (038.484280)  can0  124   [8]  C2 06 FB CB C5 00 7C 08
 (038.493932)  can0  123   [8]  C3 00 3D 40 EB 1A 1F FF
 (038.493960)  can0  124   [8]  C3 06 FB F2 A4 00 78 08
 (038.503837)  can0  123   [8]  C4 00 3D 40 E1 4E 5E FF
 (038.503868)  can0  124   [8]  C4 06 FC 19 98 00 73 08
 (038.513617)  can0  123   [8]  C5 00 3D 40 D7 82 9C FF
 (038.513871)  can0  124   [8]  C5 06 FC 40 77 00 6E 08
 (038.523582)  can0  123   [8]  C6 00 3D 40 CD B6 DC FF
 (038.523596)  can0  124   [8]  C6 06 FC 67 69 00 69 08
 (038.533329)  can0  123   [8]  C7 00 3D 40 C3 EB 1B FF
 (038.533502)  can0  124   [8]  C7 06 FC 8E 4A 00 64 08
 (038.543356)  can0  123   [8]  C8 00 3D 40 BA 1F 59 FF
 (038.543472)  can0  124   [8]  C8 06 FC B5 40 00 5F 08
 (038.553157)  can0  123   [8]  C9 00 3D 40 B0 53 98 FF
 (038.553311)  can0  124   [8]  C9 06 FC DC 22 00 5A 08
 (038.563154)  can0  123   [8]  CA 00 3D 40 A6 87 D6 FF
 (038.563312)  can0  124   [8]  CA 06 FD 03 1B 00 55 08
 (038.573279)  can0  123   [8]  CB 00 3D 40 9C BC 15 FF
 (038.573289)  can0  124   [8]  CB 06 FD 29 F8 00 50 08
 (038.582890)  can0  123   [8]  CC 00 3D 40 90 FA C6 FF
 (038.583058)  can0  124   [8]  CC 06 FD 50 F1 00 4A 08
 (038.592769)  can0  123   [8]  CD 00 3D 40 87 2F 06 FF
 (038.593218)  can0  124   [8]  CD 06 FD 77 D2 00 45 08
 (038.602788)  can0  123   [8]  CE 00 3D 40 7A C6 88 FF
 (038.602900)  can0  124   [8]  CE 06 FD 9E CB 00 40 08
 (038.613003)  can0  123   [8]  CF 00 3D 40 63 43 EB FF
 (038.613036)  can0  124   [8]  CF 06 FD C5 AB 00 3A 08
 (038.622683)  can0  123   [8]  D0 00 3D 40 4F AC 68 FF
 (038.622715)  can0  124   [8]  D0 06 FD EC AA 00 35 08
 (038.632468)  can0  123   [8]  D1 00 3D 40 3C 14 E5 FF
 (038.632638)  can0  124   [8]  D1 06 FE 13 89 00 30 08
 (038.642329)  can0  123   [8]  D2 00 3D 40 24 92 49 FF
 (038.642545)  can0  124   [8]  D2 06 FE 3A 7E 00 2A 08
 (038.652313)  can0  123   [8]  D3 00 3D 40 0D 0F AC FF
 (038.652431)  can0  124   [8]  D3 06 FE 61 5D 00 24 08
 (038.662308)  can0  123   [8]  D4 00 3D 3F F2 F0 54 FF
 (038.662399)  can0  124   [8]  D4 06 FE 88 53 00 1F 08
 (038.672014)  can0  123   [8]  D5 00 3E 3F C3 EB 1B FF
 (038.672345)  can0  124   [8]  D5 06 FE AF 2D 00 19 08
 (038.681903)  can0  123   [8]  D6 00 3E 3F 94 E5 E1 FF
 (038.682208)  can0  124   [8]  D6 06 FE D6 27 00 13 08
 (038.691865)  can0  123   [8]  D7 00 3E 3F 5B 6D B7 FF
 (038.692061)  can0  124   [8]  D7 06 FE FD 00 00 0E 08
 (038.701866)  can0  123   [8]  D8 00 3E 3E FA C6 88 FF
 (038.702474)  can0  124   [8]  D8 06 FF 23 F6 00 08 08
 (038.711901)  can0  123   [8]  D9 00 3E 3D FA C6 88 FF
 (038.711914)  can0  124   [8]  D9 06 FF 4A D4 00 02 08
 (038.721736)  can0  123   [8]  DA 00 3E 43 B3 E0 A7 FF
 (038.721863)  can0  124   [8]  DA 06 FF 71 C8 16 F4 08
 (038.731460)  can0  123   [8]  DB 00 3E 43 B3 B1 A2 FF
 (038.731704)  can0  124   [8]  DB 06 FF 98 AB 16 EE 08
 (038.741450)  can0  123   [8]  DC 00 3E 43 B3 82 9D FF
 (038.741716)  can0  124   [8]  DC 06 FF BF A2 16 E8 08
 (038.751340)  can0  123   [8]  DD 00 3E 43 B3 53 97 FF
 (038.751637)  can0  124   [8]  DD 06 FF E6 7D 16 E2 08
 (038.761317)  can0  123   [8]  DE 00 3E 43 B3 24 92 FF
 (038.761479)  can0  124   [8]  DE 07 00 0D 6D 16 DC 08
 (038.771194)  can0  123   [8]  DF 00 3E 43 B2 F5 8D FF
 (038.771384)  can0  124   [8]  DF 07 00 34 3F 16 D6 08
 (038.781120)  can0  123   [8]  E0 00 3E 43 B2 C6 88 FF
 (038.781282)  can0  124   [8]  E0 07 00 5B 3A 16 D0 08
 (038.790980)  can0  123   [8]  E1 00 3E 43 B2 8F AC FF
 (038.791333)  can0  124   [8]  E1 07 00 82 12 16 C9 08
 (038.801099)  can0  123   [8]  E2 00 3E 43 B2 60 A7 FF
 (038.801114)  can0  124   [8]  E2 07 00 A9 06 16 C3 08
 (038.810909)  can0  123   [8]  E3 00 3E 43 B2 31 A2 FF
 (038.811065)  can0  124   [8]  E3 07 00 CF E4 16 BD 08
 (038.820707)  can0  123   [8]  E4 00 3E 43 B1 FA C6 FF
 (038.820991)  can0  124   [8]  E4 07 00 F6 D8 16 B6 08
 (038.830640)  can0  123   [8]  E5 00 3E 43 B1 CB C2 FF
 (038.830969)  can0  124   [8]  E5 07 01 1D B1 16 B0 08
 (038.840636)  can0  123   [8]  E6 00 3E 43 B1 94 E6 FF
 (038.840753)  can0  124   [8]  E6 07 01 44 A8 16 A9 08
 (038.850714)  can0  123   [8]  E7 00 3E 43 B1 65 E0 FF
 (038.850725)  can0  124   [8]  E7 07 01 6B 84 16 A3 08
 (038.860427)  can0  123   [8]  E8 00 3E 43 B1 2F 05 FF
 (038.860651)  can0  124   [8]  E8 07 01 92 7C 16 9C 08
 (038.870474)  can0  123   [8]  E9 00 3E 43 B1 00 00 FF
 (038.870489)  can0  124   [8]  E9 07 01 B9 58 16 96 08
 (038.880270)  can0  123   [8]  EA 00 3E 43 B0 C9 25 FF
 (038.880488)  can0  124   [8]  EA 07 01 E0 4C 16 8F 08
 (038.890168)  can0  123   [8]  EB 00 3F 43 B0 92 49 FF
 (038.890319)  can0  124   [8]  EB 07 02 07 26 16 88 08
 (038.900207)  can0  123   [8]  EC 00 3F 43 B0 5B 6E FF
 (038.900332)  can0  124   [8]  EC 07 02 2E 1B 16 81 08
 (038.910067)  can0  123   [8]  ED 00 3F 43 B0 24 92 FF
 (038.910255)  can0  124   [8]  ED 07 02 54 FA 16 7A 08
 (038.919880)  can0  123   [8]  EE 00 3F 43 AF ED B7 FF
 (038.920071)  can0  124   [8]  EE 07 02 7B E3 16 73 08
 (038.929755)  can0  123   [8]  EF 00 3F 43 AF B6 DB FF
 (038.929923)  can0  124   [8]  EF 07 02 A2 BF 16 6C 08
 (038.939728)  can0  123   [8]  F0 00 3F 43 AF 80 00 FF
 (038.939896)  can0  124   [8]  F0 07 02 C9 B7 16 65 08
 (038.949645)  can0  123   [8]  F1 00 3F 43 AF 49 25 FF
 (038.949795)  can0  124   [8]  F1 07 02 F0 97 16 5E 08
 (038.959518)  can0  123   [8]  F2 00 3F 43 AF 12 49 FF
 (038.959712)  can0  124   [8]  F2 07 03 17 8A 16 57 08
 (038.969426)  can0  123   [8]  F3 00 3F 43 AE DB 6E FF
 (038.969607)  can0  124   [8]  F3 07 03 3E 65 16 50 08
 (038.979339)  can0  123   [8]  F4 00 3F 43 AE A4 92 FF
 (038.979551)  can0  124   [8]  F4 07 03 65 5C 16 49 08
 (038.989486)  can0  123   [8]  F5 00 40 43 AE 6D B7 FF
 (038.989502)  can0  124   [8]  F5 07 03 8C 35 16 42 08
 (038.999131)  can0  123   [8]  F6 00 40 43 AE 2F 05 FF
 (038.999366)  can0  124   [8]  F6 07 03 B3 2C 16 3A 08
 (039.009059)  can0  123   [8]  F7 00 40 43 AD F8 2A FF
 (039.009420)  can0  124   [8]  F7 07 03 DA 06 16 33 08
 (039.019037)  can0  123   [8]  F8 00 40 43 AD B9 78 FF
 (039.019344)  can0  124   [8]  F8 07 04 01 02 16 2B 08
 (039.028865)  can0  123   [8]  F9 00 40 43 AD 82 9D FF
 (039.029159)  can0  124   [8]  F9 07 04 27 DD 16 24 08
 (039.038807)  can0  123   [8]  FA 00 40 43 AD 43 EB FF
 (039.038925)  can0  124   [8]  FA 07 04 4E D6 16 1C 08
 (039.048632)  can0  123   [8]  FB 00 40 43 AD 0D 10 FF
 (039.048815)  can0  124   [8]  FB 07 04 75 B3 16 15 08
 (039.058505)  can0  123   [8]  FC 00 40 43 AC CE 5E FF
 (039.058723)  can0  124   [8]  FC 07 04 9C A9 16 0D 08
 (039.068634)  can0  123   [8]  FD 00 40 43 AC 97 83 FF
 (039.068653)  can0  124   [8]  FD 07 04 C3 85 16 06 08
 (039.078453)  can0  123   [8]  FE 00 41 43 AC 58 D1 FF
 (039.078610)  can0  124   [8]  FE 07 04 EA 7D 15 FE 08
 (039.088328)  can0  123   [8]  FF 00 41 43 AC 1A 1F FF
 (039.088468)  can0  124   [8]  FF 07 05 11 5A 15 F6 08
 (039.098169)  can0  123   [8]  00 00 41 43 AB DB 6E FF
 (039.098390)  can0  124   [8]  00 07 05 38 4A 15 EE 08
 (039.108182)  can0  123   [8]  01 00 41 43 AB 9C BC FF
 (039.108537)  can0  124   [8]  01 07 05 5F 2B 15 E6 08
 (039.118289)  can0  123   [8]  02 00 41 43 AB 5E 0A FF
 (039.118304)  can0  124   [8]  02 07 05 86 26 15 DE 08
 (039.128096)  can0  123   [8]  03 00 42 43 AB 1F 59 FF
 (039.128200)  can0  124   [8]  03 07 05 AD 06 15 D6 08
 (039.137913)  can0  123   [8]  04 00 42 43 AA E0 A7 FF
 (039.138066)  can0  124   [8]  04 07 05 D3 FA 15 CE 08
 (039.147797)  can0  123   [8]  05 00 42 43 AA A1 F6 FF
 (039.148011)  can0  124   [8]  05 07 05 FA D8 15 C6 08
 (039.157718)  can0  123   [8]  06 00 42 43 AA 63 44 FF
 (039.158028)  can0  124   [8]  06 07 06 21 CB 15 BE 08
 (039.167671)  can0  123   [8]  07 00 42 43 AA 24 92 FF
 (039.167947)  can0  124   [8]  07 07 06 48 A4 15 B6 08
 (039.177514)  can0  123   [8]  08 00 42 43 A9 E5 E1 FF
 (039.177754)  can0  124   [8]  08 07 06 6F 93 15 AE 08
 (039.187477)  can0  123   [8]  09 00 42 43 A9 A7 2F FF
 (039.187762)  can0  124   [8]  09 07 06 96 70 15 A6 08
 (039.197412)  can0  123   [8]  0A 00 42 43 A9 60 A7 FF
 (039.197582)  can0  124   [8]  0A 07 06 BD 64 15 9D 08
 (039.207304)  can0  123   [8]  0B 00 42 43 A9 21 F6 FF
 (039.207695)  can0  124   [8]  0B 07 06 E4 3B 15 95 08
 (039.217477)  can0  123   [8]  0C 00 41 43 A8 DB 6D FF
 (039.217527)  can0  124   [8]  0C 07 07 0B 33 15 8C 08
 (039.227251)  can0  123   [8]  0D 00 42 43 A8 9C BC FF
 (039.227291)  can0  124   [8]  0D 07 07 32 11 15 84 08
 (039.237257)  can0  123   [8]  0E 00 42 43 A8 5E 0A FF
 (039.237329)  can0  124   [8]  0E 07 07 59 04 15 7C 08
 (039.246940)  can0  123   [8]  0F 00 41 43 A8 17 83 FF
 (039.247098)  can0  124   [8]  0F 07 07 7F DC 15 73 08
 (039.256989)  can0  123   [8]  10 00 40 43 A7 D0 FB FF
 (039.257130)  can0  124   [8]  10 07 07 A6 DA 15 6A 08
 (039.266785)  can0  123   [8]  11 00 40 43 A7 92 49 FF
 (039.267049)  can0  124   [8]  11 07 07 CD B5 15 62 08
 (039.276906)  can0  123   [8]  12 00 3F 43 A7 4B C1 FF
 (039.276937)  can0  124   [8]  12 07 07 F4 A7 15 59 08
 (039.286632)  can0  123   [8]  13 00 3F 43 A7 05 39 FF
 (039.286870)  can0  124   [8]  13 07 08 1B 89 15 50 08
 (039.296548)  can0  123   [8]  14 00 3F 43 A6 C6 88 FF
 (039.296669)  can0  124   [8]  14 07 08 42 80 15 48 08
 (039.306423)  can0  123   [8]  15 00 3F 43 A6 80 00 FF
 (039.306573)  can0  124   [8]  15 07 08 69 5D 15 3F 08
 (039.316404)  can0  123   [8]  16 00 40 43 A6 39 78 FF
 (039.316504)  can0  124   [8]  16 07 08 90 52 15 36 08
 (039.326236)  can0  123   [8]  17 00 40 43 A5 F2 F0 FF
 (039.326420)  can0  124   [8]  17 07 08 B7 31 15 2D 08
 (039.336157)  can0  123   [8]  18 00 3D 43 A5 AC 69 FF
 (039.336557)  can0  124   [8]  18 07 08 DE 26 15 24 08
 (039.346015)  can0  123   [8]  19 00 39 43 A5 65 E1 FF
 (039.346349)  can0  124   [8]  19 07 09 05 0A 15 1B 08
 (039.355967)  can0  123   [8]  1A 00 3A 43 A5 1F 59 FF
 (039.356360)  can0  124   [8]  1A 07 09 2B FB 15 12 08
 (039.365875)  can0  123   [8]  1B 00 3A 43 A4 D8 D1 FF
 (039.366067)  can0  124   [8]  1B 07 09 52 E1 15 09 08
 (039.375852)  can0  123   [8]  1C 00 39 43 A4 92 49 FF
 (039.375969)  can0  124   [8]  1C 07 09 79 D6 15 00 08
 (039.385889)  can0  123   [8]  1D 00 39 43 A4 43 EB FF
 (039.385907)  can0  124   [8]  1D 07 09 A0 B4 14 F6 08
 (039.395592)  can0  123   [8]  1E 00 39 43 A3 FD 63 FF
 (039.395997)  can0  124   [8]  1E 07 09 C7 AF 14 ED 08
 (039.405543)  can0  123   [8]  1F 00 39 43 A3 B6 DB FF
 (039.405643)  can0  124   [8]  1F 07 09 EE 89 14 E4 08
 (039.415452)  can0  123   [8]  20 00 38 43 A3 68 7E FF
 (039.415685)  can0  124   [8]  20 07 0A 15 7D 14 DA 08
 (039.425376)  can0  123   [8]  21 00 38 43 A3 21 F5 FF
 (039.425499)  can0  124   [8]  21 07 0A 3C 55 14 D1 08
 (039.435160)  can0  123   [8]  22 00 36 43 A2 DB 6E FF
 (039.435388)  can0  124   [8]  22 07 0A 63 48 14 C8 08
 (039.445151)  can0  123   [8]  23 00 35 43 A2 8D 10 FF
 (039.445269)  can0  124   [8]  23 07 0A 8A 21 14 BE 08
 (039.455110)  can0  123   [8]  24 00 35 43 A2 3E B2 FF
 (039.455357)  can0  124   [8]  24 07 0A B1 10 14 B4 08
 (039.464969)  can0  123   [8]  25 00 34 43 A1 F8 2A FF
 (039.465230)  can0  124   [8]  25 07 0A D7 E1 14 AB 08
 (039.474984)  can0  123   [8]  26 00 34 43 A1 A9 CB FF
 (039.475195)  can0  124   [8]  26 07 0A FE D4 14 A1 08
 (039.484980)  can0  123   [8]  27 00 35 43 A1 5B 6E FF
 (039.484997)  can0  124   [8]  27 07 0B 25 A8 14 97 08
 (039.494793)  can0  123   [8]  28 00 33 43 A1 14 E6 FF
 (039.494890)  can0  124   [8]  28 07 0B 4C 90 14 8E 08
 (039.504814)  can0  123   [8]  29 00 33 43 A0 C6 88 FF
 (039.504934)  can0  124   [8]  29 07 0B 73 6D 14 84 08
 (039.514595)  can0  123   [8]  2A 00 33 43 A0 78 2A FF
 (039.514715)  can0  124   [8]  2A 07 0B 9A 62 14 7A 08
 (039.524623)  can0  123   [8]  2B 00 33 43 A0 29 CC FF
 (039.524648)  can0  124   [8]  2B 07 0B C1 3B 14 70 08
 (039.534349)  can0  123   [8]  2C 00 33 43 9F E3 44 FF
 (039.534575)  can0  124   [8]  2C 07 0B E8 2D 14 67 08
 (039.544314)  can0  123   [8]  2D 00 32 43 9F 94 E6 FF
 (039.544569)  can0  124   [8]  2D 07 0C 0F 05 14 5D 08
 (039.554336)  can0  123   [8]  2E 00 32 43 9F 46 88 FF
 (039.554353)  can0  124   [8]  2E 07 0C 35 EF 14 53 08
 (039.564309)  can0  123   [8]  2F 00 32 43 9F 00 00 FF
 (039.564326)  can0  124   [8]  2F 07 0C 5C C9 14 4A 08
 (039.574060)  can0  123   [8]  30 00 32 43 9E B1 A2 FF
 (039.574258)  can0  124   [8]  30 07 0C 83 B8 14 40 08
 (039.583921)  can0  123   [8]  31 00 31 43 9E 63 44 FF
 (039.584092)  can0  124   [8]  31 07 0C AA 94 14 36 08
 (039.593824)  can0  123   [8]  32 00 31 43 9E 14 E6 FF
 (039.593976)  can0  124   [8]  32 07 0C D1 82 14 2C 08
 (039.603730)  can0  123   [8]  33 00 31 43 9D C6 88 FF
 (039.603945)  can0  124   [8]  33 07 0C F8 62 14 22 08
 (039.613881)  can0  123   [8]  34 00 31 43 9D 80 00 FF
 (039.613906)  can0  124   [8]  34 07 0D 1F 58 14 19 08
 (039.623619)  can0  123   [8]  35 00 30 43 9D 31 A2 FF
 (039.623732)  can0  124   [8]  35 07 0D 46 36 14 0F 08
 (039.633506)  can0  123   [8]  36 00 30 43 9C EB 1A FF
 (039.633661)  can0  124   [8]  36 07 0D 6D 2C 14 06 08
 (039.643620)  can0  123   [8]  37 00 30 43 9C 9C BC FF
 (039.643635)  can0  124   [8]  37 07 0D 94 05 13 FC 08
 (039.653351)  can0  123   [8]  38 00 30 43 9C 4E 5E FF
 (039.653498)  can0  124   [8]  38 07 0D BA F9 13 F2 08
 (039.663441)  can0  123   [8]  39 00 30 43 9C 00 00 FF
 (039.663478)  can0  124   [8]  39 07 0D E1 D4 13 E8 08
 (039.673155)  can0  123   [8]  3A 00 30 43 9B B9 78 FF
 (039.673345)  can0  124   [8]  3A 07 0E 08 C8 13 DF 08
 (039.683022)  can0  123   [8]  3B 00 30 43 9B 6B 1A FF
 (039.683226)  can0  124   [8]  3B 07 0E 2F A1 13 D5 08
 (039.693092)  can0  123   [8]  3C 00 2F 43 9B 1C BC FF
 (039.693436)  can0  124   [8]  3C 07 0E 56 93 13 CB 08
 (039.702980)  can0  123   [8]  3D 00 2F 43 9A D6 34 FF
 (039.703263)  can0  124   [8]  3D 07 0E 7D 6E 13 C2 08
 (039.712765)  can0  123   [8]  3E 00 2F 43 9A 87 D6 FF
 (039.712946)  can0  124   [8]  3E 07 0E A4 65 13 B8 08
 (039.722627)  can0  123   [8]  3F 00 2F 43 9A 39 78 FF
 (039.722943)  can0  124   [8]  3F 07 0E CB 42 13 AE 08
 (039.732587)  can0  123   [8]  40 00 2F 43 99 EB 1A FF
 (039.732757)  can0  124   [8]  40 07 0E F2 37 13 A4 08
 (039.742544)  can0  123   [8]  41 00 2F 43 99 A4 92 FF
 (039.742706)  can0  124   [8]  41 07 0F 19 13 13 9B 08
 (039.752617)  can0  123   [8]  42 00 2E 43 99 56 35 FF
 (039.752645)  can0  124   [8]  42 07 0F 40 0E 13 91 08
 (039.762530)  can0  123   [8]  43 00 2E 43 99 07 D6 FF
 (039.762562)  can0  124   [8]  43 07 0F 66 EB 13 87 08
 (039.772184)  can0  123   [8]  44 00 2E 43 98 C1 4E FF
 (039.772499)  can0  124   [8]  44 07 0F 8D DE 13 7E 08
 (039.782282)  can0  123   [8]  45 00 2E 43 98 72 F0 FF
 (039.782313)  can0  124   [8]  45 07 0F B4 BE 13 74 08
 (039.792031)  can0  123   [8]  46 00 2E 43 98 24 92 FF
 (039.792267)  can0  124   [8]  46 07 0F DB AE 13 6A 08
 (039.801914)  can0  123   [8]  47 00 2D 43 97 DE 0B FF
 (039.802145)  can0  124   [8]  47 07 10 02 8F 13 61 08
 (039.811848)  can0  123   [8]  48 00 2D 43 97 8F AC FF
 (039.812144)  can0  124   [8]  48 07 10 29 7D 13 57 08
 (039.821794)  can0  123   [8]  49 00 2D 43 97 49 25 FF
 (039.822176)  can0  124   [8]  49 07 10 50 53 13 4E 08
 (039.831676)  can0  123   [8]  4A 00 2D 43 96 FA C7 FF
 (039.831875)  can0  124   [8]  4A 07 10 77 3E 13 44 08
 (039.841638)  can0  123   [8]  4B 00 2D 43 96 AC 68 FF
 (039.841779)  can0  124   [8]  4B 07 10 9E 1A 13 3A 08
 (039.851529)  can0  123   [8]  4C 00 2D 43 96 5E 0B FF
 (039.851663)  can0  124   [8]  4C 07 10 C5 09 13 30 08
 (039.861593)  can0  123   [8]  4D 00 2D 43 96 17 83 FF
 (039.861605)  can0  124   [8]  4D 07 10 EB E4 13 27 08
 (039.871353)  can0  123   [8]  4E 00 2D 43 95 C9 24 FF
 (039.871518)  can0  124   [8]  4E 07 11 12 D4 13 1D 08
 (039.881266)  can0  123   [8]  4F 00 2C 43 95 82 9D FF
 (039.881440)  can0  124   [8]  4F 07 11 39 AB 13 14 08
 (039.891287)  can0  123   [8]  50 00 2C 43 95 34 3E FF
 (039.891613)  can0  124   [8]  50 07 11 60 9A 13 0A 08
 (039.901165)  can0  123   [8]  51 00 2C 43 94 E5 E1 FF
 (039.901331)  can0  124   [8]  51 07 11 87 6E 13 00 08
 (039.911167)  can0  123   [8]  52 00 2C 43 94 9F 59 FF
 (039.911185)  can0  124   [8]  52 07 11 AE 59 12 F7 08
 (039.920907)  can0  123   [8]  53 00 2C 43 94 50 FB FF
 (039.921075)  can0  124   [8]  53 07 11 D5 32 12 ED 08
 (039.931028)  can0  123   [8]  54 00 2C 43 94 0A 73 FF
 (039.931044)  can0  124   [8]  54 07 11 FC 1F 12 E4 08
 (039.940672)  can0  123   [8]  55 00 2C 43 93 BC 15 FF
 (039.940894)  can0  124   [8]  55 07 12 22 F8 12 DA 08
 (039.950883)  can0  123   [8]  56 00 2C 43 93 6D B7 FF
 (039.950901)  can0  124   [8]  56 07 12 49 E7 12 D0 08
 (039.960527)  can0  123   [8]  57 00 2C 43 93 27 2F FF
 (039.960744)  can0  124   [8]  57 07 12 70 C0 12 C7 08
 (039.970760)  can0  123   [8]  58 00 2C 43 92 D8 D1 FF
 (039.970782)  can0  124   [8]  58 07 12 97 B4 12 BD 08
 (039.980558)  can0  123   [8]  59 00 2B 43 92 92 49 FF
 (039.980589)  can0  124   [8]  59 07 12 BE 8D 12 B4 08
 (039.990415)  can0  123   [8]  5A 00 2B 43 92 43 EB FF
 (039.990591)  can0  124   [8]  5A 07 12 E5 7F 12 AA 08
 (040.000303)  can0  123   [8]  5B 00 2B 43 91 F5 8D FF
 (040.000428)  can0  124   [8]  5B 07 13 0C 54 12 A0 08
 (040.010224)  can0  123   [8]  5C 00 2B 43 91 AF 06 FF
 (040.010261)  can0  124   [8]  5C 07 13 33 40 12 97 08
 (040.019981)  can0  123   [8]  5D 00 2B 43 91 60 A7 FF
 (040.020203)  can0  124   [8]  5D 07 13 5A 19 12 8D 08
 (040.029908)  can0  123   [8]  5E 00 2C 43 91 1A 1F FF
 (040.030144)  can0  124   [8]  5E 07 13 81 05 12 84 08
 (040.039830)  can0  123   [8]  5F 00 2C 43 90 CB C1 FF
 (040.040020)  can0  124   [8]  5F 07 13 A7 DC 12 7A 08
 (040.050306)  can0  123   [8]  60 00 2D 43 90 7D 63 FF
 (040.050324)  can0  124   [8]  60 07 13 CE C2 12 70 08
 (040.059684)  can0  123   [8]  61 00 2D 43 90 36 DC FF
 (040.059811)  can0  124   [8]  61 07 13 F5 9E 12 67 08
 (040.069607)  can0  123   [8]  62 00 2F 43 8F E8 7D FF
 (040.069752)  can0  124   [8]  62 07 14 1C 85 12 5D 08
 (040.079629)  can0  123   [8]  63 00 32 43 8F A1 F6 FF
 (040.079797)  can0  124   [8]  63 07 14 43 60 12 54 08
 (040.089425)  can0  123   [8]  64 00 3C 43 8F 53 98 FF
 (040.089579)  can0  124   [8]  64 07 14 6A 51 12 4A 08
 (040.099311)  can0  123   [8]  65 00 4B 43 8F 0D 0F FF
 (040.099529)  can0  124   [8]  65 07 14 91 26 12 41 08
 (040.109268)  can0  123   [8]  66 00 5B 43 8E BE B2 FF
 (040.109402)  can0  124   [8]  66 07 14 B8 15 12 37 08
 (040.119104)  can0  123   [8]  67 00 62 43 8E 78 2A FF
 (040.119314)  can0  124   [8]  67 07 14 DE F2 12 2E 08
 (040.128994)  can0  123   [8]  68 00 5E 43 8E 31 A2 FF
 (040.129262)  can0  124   [8]  68 07 15 05 DF 12 25 08
 (040.138994)  can0  123   [8]  69 00 59 43 8D E3 44 FF
 (040.139188)  can0  124   [8]  69 07 15 2C B4 12 1B 08
 (040.148892)  can0  123   [8]  6A 00 58 43 8D 9C BC FF
 (040.149040)  can0  124   [8]  6A 07 15 53 A6 12 12 08
 (040.158758)  can0  123   [8]  6B 00 5C 43 8D 4E 5E FF
 (040.158957)  can0  124   [8]  6B 07 15 7A 80 12 08 08
 (040.168725)  can0  123   [8]  6C 00 62 43 8D 07 D6 FF
 (040.168864)  can0  124   [8]  6C 07 15 A1 69 11 FF 08
 (040.178616)  can0  123   [8]  6D 00 66 43 8C C1 4E FF
 (040.178744)  can0  124   [8]  6D 07 15 C8 31 11 F6 08
 (040.188590)  can0  123   [8]  6E 00 66 43 8C 72 F1 FF
 (040.189124)  can0  124   [8]  6E 07 15 EF 1E 11 EC 08
 (040.198460)  can0  123   [8]  6F 00 5E 43 8C 2C 68 FF
 (040.198737)  can0  124   [8]  6F 07 16 16 0A 11 E3 08
 (040.208395)  can0  123   [8]  70 00 57 43 8B DE 0B FF
 (040.208525)  can0  124   [8]  70 07 16 3C FD 11 D9 08
 (040.218286)  can0  123   [8]  71 00 54 43 8B 97 82 FF
 (040.218628)  can0  124   [8]  71 07 16 63 D4 11 D0 08
 (040.228155)  can0  123   [8]  72 00 53 43 8B 50 FB FF
 (040.228338)  can0  124   [8]  72 07 16 8A C3 11 C7 08
 (040.238339)  can0  123   [8]  73 00 50 43 8B 02 9D FF
 (040.238385)  can0  124   [8]  73 07 16 B1 A0 11 BD 08
 (040.248071)  can0  123   [8]  74 00 4E 43 8A BC 15 FF
 (040.248263)  can0  124   [8]  74 07 16 D8 93 11 B4 08
 (040.257932)  can0  123   [8]  75 00 4E 43 8A 6D B7 FF
 (040.258200)  can0  124   [8]  75 07 16 FF 69 11 AA 08
 (040.267909)  can0  123   [8]  76 00 51 43 8A 27 2F FF
 (040.268144)  can0  124   [8]  76 07 17 26 60 11 A1 08
 (040.277622)  can0  123   [8]  77 00 56 43 89 E0 A7 FF
 (040.277841)  can0  124   [8]  77 07 17 4D 37 11 98 08
 (040.287557)  can0  123   [8]  78 00 58 43 89 92 49 FF
 (040.287820)  can0  124   [8]  78 07 17 74 31 11 8E 08
 (040.297441)  can0  123   [8]  79 00 5E 43 89 4B C1 FF
 (040.297721)  can0  124   [8]  79 07 17 9B 0B 11 85 08
 (040.307441)  can0  123   [8]  7A 00 62 43 89 05 3A FF
 (040.307682)  can0  124   [8]  7A 07 17 C2 00 11 7C 08
 (040.317298)  can0  123   [8]  7B 00 64 43 88 B6 DB FF
 (040.317430)  can0  124   [8]  7B 07 17 E8 C5 11 72 08
 (040.327312)  can0  123   [8]  7C 00 65 43 88 70 54 FF
 (040.327428)  can0  124   [8]  7C 07 18 0F B6 11 69 08
 (040.337748)  can0  123   [8]  7D 00 66 43 88 21 F6 FF
 (040.337780)  can0  124   [8]  7D 07 18 36 91 11 5F 08
 (040.347076)  can0  123   [8]  7E 00 67 43 87 DB 6E FF
 (040.347313)  can0  124   [8]  7E 07 18 5D 7D 11 56 08
 (040.357227)  can0  123   [8]  7F 00 69 43 87 94 E6 FF
 (040.357239)  can0  124   [8]  7F 07 18 84 57 11 4D 08
 (040.366971)  can0  123   [8]  80 00 6C 43 87 46 88 FF
 (040.367281)  can0  124   [8]  80 07 18 AB 49 11 43 08
 (040.377108)  can0  123   [8]  81 00 6D 43 87 00 00 FF
 (040.377172)  can0  124   [8]  81 07 18 D2 20 11 3A 08
 (040.386957)  can0  123   [8]  82 00 6C 43 86 B9 78 FF
 (040.386991)  can0  124   [8]  82 07 18 F9 13 11 31 08
 (040.396872)  can0  123   [8]  83 00 6B 43 86 6B 1A FF
 (040.396904)  can0  124   [8]  83 07 19 1F EA 11 27 08
 (040.406852)  can0  123   [8]  84 00 6A 43 86 24 92 FF
 (040.406892)  can0  124   [8]  84 07 19 46 DF 11 1E 08
 (040.416515)  can0  123   [8]  85 00 6A 43 85 DE 0A FF
 (040.416652)  can0  124   [8]  85 07 19 6D B6 11 15 08
 (040.426457)  can0  123   [8]  86 00 6A 43 85 8F AC FF
 (040.426588)  can0  124   [8]  86 07 19 94 AA 11 0B 08
 (040.436289)  can0  123   [8]  87 00 6E 43 85 49 25 FF
 (040.436519)  can0  124   [8]  87 07 19 BB 89 11 02 08
 (040.446450)  can0  123   [8]  88 00 95 43 85 02 9D FF
 (040.446488)  can0  124   [8]  88 07 19 E2 7C 10 F9 08
 (040.456117)  can0  123   [8]  89 00 B1 43 84 BC 15 FF
 (040.456580)  can0  124   [8]  89 07 1A 09 56 10 F0 08
 (040.466081)  can0  123   [8]  8A 00 B9 43 84 75 8D FF
 (040.466288)  can0  124   [8]  8A 07 1A 30 44 10 E7 08
 (040.475947)  can0  123   [8]  8B 00 BB 43 84 2F 05 FF
 (040.476182)  can0  124   [8]  8B 07 1A 57 20 10 DE 08
 (040.485820)  can0  123   [8]  8C 00 BB 43 83 E0 A7 FF
 (040.486109)  can0  124   [8]  8C 07 1A 7E 14 10 D4 08
 (040.495734)  can0  123   [8]  8D 00 BB 43 83 9A 1F FF
 (040.496002)  can0  124   [8]  8D 07 1A A4 EE 10 CB 08
 (040.505693)  can0  123   [8]  8E 00 BC 43 83 53 98 FF
 (040.505855)  can0  124   [8]  8E 07 1A CB DF 10 C2 08
 (040.515931)  can0  123   [8]  8F 00 BC 43 83 0D 0F FF
 (040.515969)  can0  124   [8]  8F 07 1A F2 B7 10 B9 08
 (040.525502)  can0  123   [8]  90 00 BD 43 82 C6 88 FF
 (040.525769)  can0  124   [8]  90 07 1B 19 AA 10 B0 08
 (040.535403)  can0  123   [8]  91 00 BE 43 82 80 00 FF
 (040.535565)  can0  124   [8]  91 07 1B 40 85 10 A7 08
 (040.545344)  can0  123   [8]  92 00 BE 43 82 39 78 FF
 (040.545488)  can0  124   [8]  92 07 1B 67 78 10 9E 08
 (040.555174)  can0  123   [8]  93 00 BF 43 81 EB 1A FF
 (040.555513)  can0  124   [8]  93 07 1B 8E 54 10 94 08
 (040.565350)  can0  123   [8]  94 00 BE 43 81 A4 92 FF
 (040.565404)  can0  124   [8]  94 07 1B B5 4E 10 8B 08
 (040.575046)  can0  123   [8]  95 00 BB 43 81 5E 0B FF
 (040.575290)  can0  124   [8]  95 07 1B DC 2B 10 82 08
 (040.585013)  can0  123   [8]  96 00 B5 43 81 17 82 FF
 (040.585353)  can0  124   [8]  96 07 1C 03 19 10 79 08
 (040.595019)  can0  123   [8]  97 00 AC 43 80 D0 FB FF
 (040.595033)  can0  124   [8]  97 07 1C 29 F1 10 70 08
 (040.604767)  can0  123   [8]  98 00 A9 43 80 8A 73 FF
 (040.605084)  can0  124   [8]  98 07 1C 50 E2 10 67 08
 (040.617009)  can0  123   [8]  99 00 BB 43 80 43 EB FF
 (040.617020)  can0  124   [8]  99 07 1C 77 BC 10 5E 08
 (040.624608)  can0  123   [8]  9A 00 DA 43 7F FA C7 FF
 (040.624732)  can0  124   [8]  9A 07 1C 9E B0 10 55 08
 (040.634448)  can0  123   [8]  9B 00 EB 43 7F 6D B7 FF
 (040.634728)  can0  124   [8]  9B 07 1C C5 86 10 4C 08
 (040.644391)  can0  123   [8]  9C 00 EF 43 7E D0 FB FF
 (040.644557)  can0  124   [8]  9C 07 1C EC 77 10 42 08
 (040.654393)  can0  123   [8]  9D 00 F2 43 7E 53 97 FF
 (040.654648)  can0  124   [8]  9D 07 1D 13 49 10 3A 08
 (040.664331)  can0  123   [8]  9E 00 F1 43 7D B6 DC FF
 (040.664554)  can0  124   [8]  9E 07 1D 3A 30 10 30 08
 (040.674300)  can0  123   [8]  9F 00 F1 43 7D 29 CB FF
 (040.674310)  can0  124   [8]  9F 07 1D 61 10 10 27 08
 (040.684047)  can0  123   [8]  A0 00 F4 43 7C 9C BC FF
 (040.684338)  can0  124   [8]  A0 07 1D 87 FB 10 1E 08
 (040.694022)  can0  123   [8]  A1 00 F5 43 7C 0F AC FF
 (040.694206)  can0  124   [8]  A1 07 1D AE DB 10 15 08
 (040.703950)  can0  123   [8]  A2 00 F8 43 7B 82 9D FF
 (040.704107)  can0  124   [8]  A2 07 1D D5 C4 10 0C 08
 (040.713864)  can0  123   [8]  A3 00 FA 43 7A F5 8E FF
 (040.714110)  can0  124   [8]  A3 07 1D FC A2 10 03 08
 (040.723914)  can0  123   [8]  A4 00 FB 43 7A 68 7D FF
 (040.723933)  can0  124   [8]  A4 07 1E 23 89 0F FA 08
 (040.733743)  can0  123   [8]  A5 00 FD 43 79 DB 6E FF
 (040.733765)  can0  124   [8]  A5 07 1E 4A 65 0F F1 08
 (040.743508)  can0  123   [8]  A6 00 FC 43 79 4E 5D FF
 (040.743685)  can0  124   [8]  A6 07 1E 71 4F 0F E8 08
 (040.753412)  can0  123   [8]  A7 00 FF 43 78 C1 4E FF
 (040.753596)  can0  124   [8]  A7 07 1E 98 2D 0F DF 08
 (040.763354)  can0  123   [8]  A8 01 00 43 78 34 3F FF
 (040.763519)  can0  124   [8]  A8 07 1E BF 12 0F D6 08
 (040.773309)  can0  123   [8]  A9 01 00 43 77 A7 2F FF
 (040.773427)  can0  124   [8]  A9 07 1E E5 F0 0F CD 08
 (040.783134)  can0  123   [8]  AA 01 01 43 77 1A 20 FF
 (040.783368)  can0  124   [8]  AA 07 1F 0C D8 0F C4 08
 (040.793091)  can0  123   [8]  AB 01 02 43 76 7D 63 FF
 (040.793261)  can0  124   [8]  AB 07 1F 33 B5 0F BA 08
 (040.803267)  can0  123   [8]  AC 01 01 43 76 00 00 FF
 (040.803285)  can0  124   [8]  AC 07 1F 5A 9A 0F B2 08
 (040.813135)  can0  123   [8]  AD 01 01 43 75 63 44 FF
 (040.813150)  can0  124   [8]  AD 07 1F 81 75 0F A8 08
 (040.822920)  can0  123   [8]  AE 01 01 43 74 D6 34 FF
 (040.823116)  can0  124   [8]  AE 07 1F A8 5C 0F 9F 08
 (040.832914)  can0  123   [8]  AF 00 FE 43 74 49 24 FF
 (040.833062)  can0  124   [8]  AF 07 1F CF 37 0F 96 08
 (040.842815)  can0  123   [8]  B0 00 FA 43 73 BC 15 FF
 (040.842830)  can0  124   [8]  B0 07 1F F6 20 0F 8D 08
 (040.852743)  can0  123   [8]  B1 00 F1 43 73 2F 06 FF
 (040.852769)  can0  124   [8]  B1 07 20 1C F4 0F 84 08
 (040.862424)  can0  123   [8]  B2 00 D9 43 72 A1 F5 FF
 (040.862770)  can0  124   [8]  B2 07 20 43 D8 0F 7B 08
 (040.872497)  can0  123   [8]  B3 00 79 43 72 14 E6 FF
 (040.872796)  can0  124   [8]  B3 07 20 6A AC 0F 72 08
 (040.882325)  can0  123   [8]  B4 00 64 43 71 87 D6 FF
 (040.882500)  can0  124   [8]  B4 07 20 91 95 0F 69 08
 (040.892266)  can0  123   [8]  B5 00 5F 43 70 FA C7 FF
 (040.892509)  can0  124   [8]  B5 07 20 B8 7E 0F 60 08
 (040.902074)  can0  123   [8]  B6 00 5D 43 70 6D B8 FF
 (040.902429)  can0  124   [8]  B6 07 20 DF 6C 0F 57 08
 (040.912028)  can0  123   [8]  B7 00 5B 43 6F E0 A7 FF
 (040.912209)  can0  124   [8]  B7 07 21 06 41 0F 4E 08
 (040.922079)  can0  123   [8]  B8 00 57 43 6F 53 98 FF
 (040.922284)  can0  124   [8]  B8 07 21 2D 2F 0F 45 08
 (040.931854)  can0  123   [8]  B9 00 52 43 6E C6 87 FF
 (040.932045)  can0  124   [8]  B9 07 21 54 07 0F 3C 08
 (040.941951)  can0  123   [8]  BA 00 51 43 6E 29 CC FF
 (040.941976)  can0  124   [8]  BA 07 21 7A F8 0F 32 08
 (040.951642)  can0  123   [8]  BB 00 50 43 6D 9C BC FF
 (040.951835)  can0  124   [8]  BB 07 21 A1 CE 0F 29 08
 (040.961690)  can0  123   [8]  BC 00 4F 43 6D 0F AD FF
 (040.961873)  can0  124   [8]  BC 07 21 C8 C1 0F 20 08
 (040.971480)  can0  123   [8]  BD 00 4F 43 6C 82 9C FF
 (040.971679)  can0  124   [8]  BD 07 21 EF 96 0F 17 08
 (040.981633)  can0  123   [8]  BE 00 4E 43 6B F5 8D FF
 (040.981650)  can0  124   [8]  BE 07 22 16 8B 0F 0E 08
 (040.991540)  can0  123   [8]  BF 00 4E 43 6B 68 7E FF
 (040.991557)  can0  124   [8]  BF 07 22 3D 62 0F 05 08
 (041.001217)  can0  123   [8]  C0 00 4D 43 6A CB C1 FF
 (041.001535)  can0  124   [8]  C0 07 22 64 54 0E FB 08
 (041.011073)  can0  123   [8]  C1 00 4D 43 6A 3E B1 FF
 (041.011315)  can0  124   [8]  C1 07 22 8B 2B 0E F2 08
 (041.020964)  can0  123   [8]  C2 00 4D 43 69 B1 A2 FF
 (041.021267)  can0  124   [8]  C2 07 22 B2 1D 0E E9 08
 (041.030869)  can0  123   [8]  C3 00 4D 43 69 24 93 FF
 (041.031136)  can0  124   [8]  C3 07 22 D8 F6 0E E0 08
 (041.040794)  can0  123   [8]  C4 00 4C 43 68 97 82 FF
 (041.041086)  can0  124   [8]  C4 07 22 FF E6 0E D7 08
 (041.050712)  can0  123   [8]  C5 00 4C 43 68 0A 73 FF
 (041.050911)  can0  124   [8]  C5 07 23 26 BD 0E CE 08
 (041.060607)  can0  123   [8]  C6 00 4B 43 67 6D B7 FF
 (041.060817)  can0  124   [8]  C6 07 23 4D B1 0E C4 08
 (041.070528)  can0  123   [8]  C7 00 48 43 66 E0 A8 FF
 (041.070745)  can0  124   [8]  C7 07 23 74 85 0E BB 08
 (041.080473)  can0  123   [8]  C8 00 47 43 66 53 97 FF
 (041.080641)  can0  124   [8]  C8 07 23 9B 77 0E B2 08
 (041.090322)  can0  123   [8]  C9 00 46 43 65 C6 88 FF
 (041.090561)  can0  124   [8]  C9 07 23 C2 4B 0E A9 08
 (041.100300)  can0  123   [8]  CA 00 46 43 65 39 77 FF
 (041.100458)  can0  124   [8]  CA 07 23 E9 3A 0E A0 08
 (041.110176)  can0  123   [8]  CB 00 46 43 64 AC 68 FF
 (041.110382)  can0  124   [8]  CB 07 24 10 09 0E 97 08
 (041.120206)  can0  123   [8]  CC 00 46 43 64 1F 59 FF
 (041.120377)  can0  124   [8]  CC 07 24 36 FE 0E 8E 08
 (041.130072)  can0  123   [8]  CD 00 46 43 63 82 9D FF
 (041.130182)  can0  124   [8]  CD 07 24 5D D7 0E 84 08
 (041.140187)  can0  123   [8]  CE 00 46 43 62 F5 8E FF
 (041.140195)  can0  124   [8]  CE 07 24 84 C7 0E 7B 08
 (041.149796)  can0  123   [8]  CF 00 46 43 62 68 7D FF
 (041.150014)  can0  124   [8]  CF 07 24 AB 9E 0E 72 08
 (041.159740)  can0  123   [8]  D0 00 46 43 61 DB 6E FF
 (041.160007)  can0  124   [8]  D0 07 24 D2 89 0E 69 08
 (041.169608)  can0  123   [8]  D1 00 46 43 61 4E 5E FF
 (041.169852)  can0  124   [8]  D1 07 24 F9 68 0E 60 08
 (041.179562)  can0  123   [8]  D2 00 46 43 60 B1 A2 FF
 (041.179757)  can0  124   [8]  D2 07 25 20 62 0E 56 08
 (041.189456)  can0  123   [8]  D3 00 46 43 60 24 92 FF
 (041.189724)  can0  124   [8]  D3 07 25 47 3B 0E 4D 08
 (041.199411)  can0  123   [8]  D4 00 45 43 5F 97 83 FF
 (041.199605)  can0  124   [8]  D4 07 25 6E 29 0E 44 08
 (041.209317)  can0  123   [8]  D5 00 45 43 5F 0A 72 FF
 (041.209494)  can0  124   [8]  D5 07 25 95 00 0E 3B 08
 (041.219320)  can0  123   [8]  D6 00 44 43 5E 7D 63 FF
 (041.219448)  can0  124   [8]  D6 07 25 BB F1 0E 32 08
 (041.229158)  can0  123   [8]  D7 00 44 43 5D F0 54 FF
 (041.229279)  can0  124   [8]  D7 07 25 E2 CC 0E 29 08
 (041.239111)  can0  123   [8]  D8 00 44 43 5D 63 44 FF
 (041.239285)  can0  124   [8]  D8 07 26 09 BE 0E 20 08
 (041.248939)  can0  123   [8]  D9 00 44 43 5C C6 89 FF
 (041.249146)  can0  124   [8]  D9 07 26 30 91 0E 16 08
 (041.258865)  can0  123   [8]  DA 00 44 43 5C 39 78 FF
 (041.259037)  can0  124   [8]  DA 07 26 57 80 0E 0D 08
 (041.268720)  can0  123   [8]  DB 00 45 43 5B AC 69 FF
 (041.268956)  can0  124   [8]  DB 07 26 7E 5F 0E 04 08
 (041.278609)  can0  123   [8]  DC 00 45 43 5B 1F 58 FF
 (041.278862)  can0  124   [8]  DC 07 26 A5 4D 0D FB 08
 (041.288597)  can0  123   [8]  DD 00 45 43 5A 92 49 FF
 (041.288825)  can0  124   [8]  DD 07 26 CC 23 0D F2 08
 (041.298474)  can0  123   [8]  DE 00 45 43 5A 05 39 FF
 (041.298683)  can0  124   [8]  DE 07 26 F3 15 0D E9 08
 (041.308372)  can0  123   [8]  DF 00 45 43 59 78 2A FF
 (041.308612)  can0  124   [8]  DF 07 27 19 EE 0D E0 08
 (041.318290)  can0  123   [8]  E0 00 44 43 58 EB 1B FF
 (041.318446)  can0  124   [8]  E0 07 27 40 DE 0D D7 08
 (041.328250)  can0  123   [8]  E1 00 43 43 58 5E 0A FF
 (041.328436)  can0  124   [8]  E1 07 27 67 B8 0D CE 08
 (041.338153)  can0  123   [8]  E2 00 43 43 57 C1 4F FF
 (041.338399)  can0  124   [8]  E2 07 27 8E AB 0D C4 08
 (041.348072)  can0  123   [8]  E3 00 43 43 57 34 3F FF
 (041.348324)  can0  124   [8]  E3 07 27 B5 81 0D BB 08
 (041.357896)  can0  123   [8]  E4 00 43 43 56 A7 2F FF
 (041.358114)  can0  124   [8]  E4 07 27 DC 71 0D B2 08
 (041.367834)  can0  123   [8]  E5 00 43 43 56 1A 1F FF
 (041.367987)  can0  124   [8]  E5 07 28 03 4A 0D A9 08
 (041.377782)  can0  123   [8]  E6 00 43 43 55 8D 10 FF
 (041.378026)  can0  124   [8]  E6 07 28 2A 3D 0D A0 08
 (041.387666)  can0  123   [8]  E7 00 43 43 54 FF FF FF
 (041.387868)  can0  124   [8]  E7 07 28 51 17 0D 97 08
 (041.397619)  can0  123   [8]  E8 00 43 43 54 72 F0 FF
 (041.397796)  can0  124   [8]  E8 07 28 78 06 0D 8E 08
 (041.407462)  can0  123   [8]  E9 00 42 43 53 D6 34 FF
 (041.407677)  can0  124   [8]  E9 07 28 9E DC 0D 84 08
 (041.417533)  can0  123   [8]  EA 00 40 43 53 49 25 FF
 (041.417613)  can0  124   [8]  EA 07 28 C5 CE 0D 7B 08
 (041.427318)  can0  123   [8]  EB 00 3E 43 52 BC 16 FF
 (041.427500)  can0  124   [8]  EB 07 28 EC A1 0D 72 08
 (041.437205)  can0  123   [8]  EC 00 3D 43 52 2F 05 FF
 (041.437445)  can0  124   [8]  EC 07 29 13 9B 0D 69 08
 (041.447172)  can0  123   [8]  ED 00 3D 43 51 A1 F6 FF
 (041.447324)  can0  124   [8]  ED 07 29 3A 77 0D 60 08
 (041.457080)  can0  123   [8]  EE 00 3D 43 51 14 E5 FF
 (041.457251)  can0  124   [8]  EE 07 29 61 69 0D 57 08
 (041.466885)  can0  123   [8]  EF 00 3C 43 50 87 D6 FF
 (041.467119)  can0  124   [8]  EF 07 29 88 40 0D 4E 08
 (041.476899)  can0  123   [8]  F0 00 3C 43 4F FA C6 FF
 (041.477140)  can0  124   [8]  F0 07 29 AF 2D 0D 45 08
 (041.486965)  can0  123   [8]  F1 00 3C 43 4F 6D B7 FF
 (041.487168)  can0  124   [8]  F1 07 29 D6 9B 0D 3C 08
 (041.496695)  can0  123   [8]  F2 00 3C 43 4E D0 FA FF
 (041.496954)  can0  124   [8]  F2 07 29 FC F5 0D 32 08
 (041.506701)  can0  123   [8]  F3 00 3B 43 4E 43 EB FF
 (041.506905)  can0  124   [8]  F3 07 2A 23 CB 0D 29 08
 (041.516609)  can0  123   [8]  F4 00 3B 43 4D B6 DC FF
 (041.516794)  can0  124   [8]  F4 07 2A 4A B9 0D 20 08
 (041.526422)  can0  123   [8]  F5 00 3B 43 4D 29 CC FF
 (041.526712)  can0  124   [8]  F5 07 2A 71 91 0D 17 08
 (041.536442)  can0  123   [8]  F6 00 3A 43 4C 9C BC FF
 (041.536680)  can0  124   [8]  F6 07 2A 98 7B 0D 0E 08
 (041.546282)  can0  123   [8]  F7 00 3A 43 4C 0F AC FF
 (041.546499)  can0  124   [8]  F7 07 2A BF 51 0D 05 08
 (041.556420)  can0  123   [8]  F8 00 3A 43 4B 82 9D FF
 (041.556455)  can0  124   [8]  F8 07 2A E6 3E 0C FC 08
 (041.566167)  can0  123   [8]  F9 00 3A 43 4A F5 8E FF
 (041.566360)  can0  124   [8]  F9 07 2B 0D 11 0C F3 08
 (041.576061)  can0  123   [8]  FA 00 3A 43 4A 68 7D FF
 (041.576330)  can0  124   [8]  FA 07 2B 33 FF 0C EA 08
 (041.586028)  can0  123   [8]  FB 00 39 43 49 CB C1 FF
 (041.586169)  can0  124   [8]  FB 07 2B 5A D5 0C E0 08
 (041.595862)  can0  123   [8]  FC 00 39 43 49 3E B2 FF
 (041.596144)  can0  124   [8]  FC 07 2B 81 C3 0C D7 08
 (041.606087)  can0  123   [8]  FD 00 39 43 48 B1 A3 FF
 (041.606118)  can0  124   [8]  FD 07 2B A8 9C 0C CE 08
 (041.615887)  can0  123   [8]  FE 00 39 43 48 24 92 FF
 (041.615901)  can0  124   [8]  FE 07 2B CF 85 0C C5 08
 (041.625583)  can0  123   [8]  FF 00 39 43 47 97 83 FF
 (041.626038)  can0  124   [8]  FF 07 2B F6 58 0C BC 08
 (041.635590)  can0  123   [8]  00 00 38 43 47 0A 72 FF
 (041.635725)  can0  124   [8]  00 07 2C 1D 42 0C B3 08
 (041.645503)  can0  123   [8]  01 00 39 43 46 7D 63 FF
 (041.645757)  can0  124   [8]  01 07 2C 44 17 0C AA 08
 (041.655297)  can0  123   [8]  02 00 39 43 45 E0 A7 FF
 (041.655709)  can0  124   [8]  02 07 2C 6A FC 0C A0 08
 (041.665183)  can0  123   [8]  03 00 39 43 45 53 98 FF
 (041.665384)  can0  124   [8]  03 07 2C 91 D4 0C 97 08
 (041.675083)  can0  123   [8]  04 00 39 43 44 C6 87 FF
 (041.675258)  can0  124   [8]  04 07 2C B8 C9 0C 8E 08
 (041.684966)  can0  123   [8]  05 00 39 43 44 39 78 FF
 (041.685189)  can0  124   [8]  05 07 2C DF 9E 0C 85 08
 (041.694913)  can0  123   [8]  06 00 39 43 43 AC 69 FF
 (041.695131)  can0  124   [8]  06 07 2D 06 8F 0C 7C 08
 (041.704772)  can0  123   [8]  07 00 3A 43 43 1F 59 FF
 (041.704994)  can0  124   [8]  07 07 2D 2D 69 0C 73 08
 (041.714695)  can0  123   [8]  08 00 3A 43 42 92 49 FF
 (041.714923)  can0  124   [8]  08 07 2D 54 5C 0C 6A 08
 (041.724651)  can0  123   [8]  09 00 3C 43 42 05 39 FF
 (041.724814)  can0  124   [8]  09 07 2D 7B 35 0C 61 08
 (041.734538)  can0  123   [8]  0A 00 47 43 41 78 2A FF
 (041.734743)  can0  124   [8]  0A 07 2D A2 29 0C 58 08
 (041.744389)  can0  123   [8]  0B 00 70 43 40 EB 1B FF
 (041.744586)  can0  124   [8]  0B 07 2D C8 F3 0C 4F 08
 (041.754321)  can0  123   [8]  0C 00 9B 43 40 5E 0A FF
 (041.754534)  can0  124   [8]  0C 07 2D EF E5 0C 46 08
 (041.764315)  can0  123   [8]  0D 00 A0 43 3F D0 FB FF
 (041.764447)  can0  124   [8]  0D 07 2E 16 B9 0C 3D 08
 (041.774298)  can0  123   [8]  0E 00 A1 43 3F 43 EB FF
 (041.774462)  can0  124   [8]  0E 07 2E 3D AC 0C 34 08
 (041.784185)  can0  123   [8]  0F 00 A3 43 3E B6 DC FF
 (041.784307)  can0  124   [8]  0F 07 2E 64 83 0C 2B 08
 (041.794054)  can0  123   [8]  10 00 A7 43 3E 29 CB FF
 (041.794276)  can0  124   [8]  10 07 2E 8B 73 0C 22 08
 (041.803947)  can0  123   [8]  11 00 C0 43 3D 9C BC FF
 (041.804196)  can0  124   [8]  11 07 2E B2 45 0C 19 08
 (041.813864)  can0  123   [8]  12 00 D0 43 3D 0F AD FF
 (041.814049)  can0  124   [8]  12 07 2E D9 31 0C 10 08
 (041.823730)  can0  123   [8]  13 00 D6 43 3C 82 9C FF
 (041.823908)  can0  124   [8]  13 07 2F 00 0B 0C 07 08
 (041.833632)  can0  123   [8]  14 00 DE 43 3B F5 8D FF
 (041.833864)  can0  124   [8]  14 07 2F 26 FD 0B FE 08
 (041.843554)  can0  123   [8]  15 00 E3 43 3B 68 7D FF
 (041.843809)  can0  124   [8]  15 07 2F 4D DA 0B F5 08
 (041.853559)  can0  123   [8]  16 00 E3 43 3A DB 6E FF
 (041.853816)  can0  124   [8]  16 07 2F 74 CE 0B EC 08
 (041.863515)  can0  123   [8]  17 00 DC 43 3A 5E 0B FF
 (041.863733)  can0  124   [8]  17 07 2F 9B A6 0B E4 08
 (041.873560)  can0  123   [8]  18 00 D1 43 39 D0 FA FF
 (041.873719)  can0  124   [8]  18 07 2F C2 9D 0B DB 08
 (041.883285)  can0  123   [8]  19 00 C5 43 39 43 EB FF
 (041.883498)  can0  124   [8]  19 07 2F E9 74 0B D2 08
 (041.893278)  can0  123   [8]  1A 00 BE 43 38 B6 DC FF
 (041.893455)  can0  124   [8]  1A 07 30 10 67 0B C9 08
 (041.903124)  can0  123   [8]  1B 00 B7 43 38 29 CB FF
 (041.903319)  can0  124   [8]  1B 07 30 37 3F 0B C0 08
 (041.912963)  can0  123   [8]  1C 00 A7 43 37 9C BC FF
 (041.913372)  can0  124   [8]  1C 07 30 5E 31 0B B7 08
 (041.922865)  can0  123   [8]  1D 00 8D 43 37 0F AC FF
 (041.923215)  can0  124   [8]  1D 07 30 85 02 0B AE 08
 (041.933054)  can0  123   [8]  1E 00 8C 43 36 82 9D FF
 (041.933280)  can0  124   [8]  1E 07 30 AB F9 0B A5 08
 (041.942810)  can0  123   [8]  1F 00 99 43 35 F5 8E FF
 (041.943073)  can0  124   [8]  1F 07 30 D2 D0 0B 9C 08
 (041.952658)  can0  123   [8]  20 00 9D 43 35 78 29 FF
 (041.952999)  can0  124   [8]  20 07 30 F9 C1 0B 94 08
 (041.962642)  can0  123   [8]  21 00 9C 43 34 EB 1A FF
 (041.962781)  can0  124   [8]  21 07 31 20 98 0B 8B 08
 (041.972465)  can0  123   [8]  22 00 96 43 34 5E 0B FF
 (041.972663)  can0  124   [8]  22 07 31 47 8A 0B 82 08
 (041.982693)  can0  123   [8]  23 00 82 43 33 D0 FA FF
 (041.982785)  can0  124   [8]  23 07 31 6E 59 0B 79 08
 (041.992295)  can0  123   [8]  24 00 6A 43 33 43 EB FF
 (041.992633)  can0  124   [8]  24 07 31 95 4B 0B 70 08
 (042.002220)  can0  123   [8]  25 00 54 43 32 B6 DC FF
 (042.002437)  can0  124   [8]  25 07 31 BC 3A 0B 67 08
 (042.012070)  can0  123   [8]  26 00 4C 43 32 29 CC FF
 (042.012311)  can0  124   [8]  26 07 31 E3 28 0B 5E 08
 (042.021932)  can0  123   [8]  27 00 4A 43 31 9C BC FF
 (042.022207)  can0  124   [8]  27 07 32 0A 01 0B 55 08
 (042.031878)  can0  123   [8]  28 00 52 43 31 0F AC FF
 (042.032111)  can0  124   [8]  28 07 32 30 F4 0B 4C 08
 (042.041757)  can0  123   [8]  29 00 65 43 30 92 49 FF
 (042.041969)  can0  124   [8]  29 07 32 57 B3 0B 44 08
 (042.051674)  can0  123   [8]  2A 00 62 43 2F F5 8D FF
 (042.051953)  can0  124   [8]  2A 07 32 7E BE 0B 3A 08
 (042.061614)  can0  123   [8]  2B 00 4E 43 2F 78 2A FF
 (042.061843)  can0  124   [8]  2B 07 32 A5 95 0B 32 08
 (042.071511)  can0  123   [8]  2C 00 47 43 2E EB 1A FF
 (042.071718)  can0  124   [8]  2C 07 32 CC 8B 0B 29 08
 (042.081488)  can0  123   [8]  2D 00 46 43 2E 5E 0B FF
 (042.081682)  can0  124   [8]  2D 07 32 F3 66 0B 20 08
 (042.091310)  can0  123   [8]  2E 00 44 43 2D D0 FB FF
 (042.091728)  can0  124   [8]  2E 07 33 1A 52 0B 17 08
 (042.101276)  can0  123   [8]  2F 00 42 43 2D 43 EB FF
 (042.101459)  can0  124   [8]  2F 07 33 41 25 0B 0E 08
 (042.111255)  can0  123   [8]  30 00 46 43 2C B6 DB FF
 (042.111363)  can0  124   [8]  30 07 33 68 1C 0B 05 08
 (042.121018)  can0  123   [8]  31 00 56 43 2C 39 78 FF
 (042.121263)  can0  124   [8]  31 07 33 8E F0 0A FD 08
 (042.131071)  can0  123   [8]  32 00 6C 43 2B AC 68 FF
 (042.131202)  can0  124   [8]  32 07 33 B5 E0 0A F4 08
 (042.140954)  can0  123   [8]  33 00 84 43 2B 1F 59 FF
 (042.141153)  can0  124   [8]  33 07 33 DC B8 0A EB 08
 (042.150906)  can0  123   [8]  34 00 9C 43 2A 92 49 FF
 (042.151054)  can0  124   [8]  34 07 34 03 AA 0A E2 08
 (042.160776)  can0  123   [8]  35 00 D3 43 2A 05 3A FF
 (042.160923)  can0  124   [8]  35 07 34 2A 87 0A D9 08
 (042.170710)  can0  123   [8]  36 00 E8 43 29 78 2A FF
 (042.170891)  can0  124   [8]  36 07 34 51 76 0A D0 08
 (042.180657)  can0  123   [8]  37 00 F1 43 28 FA C7 FF
 (042.180784)  can0  124   [8]  37 07 34 78 59 0A C8 08
 (042.190501)  can0  123   [8]  38 00 F3 43 28 6D B7 FF
 (042.190720)  can0  124   [8]  38 07 34 9F 44 0A BF 08
 (042.200527)  can0  123   [8]  39 00 F3 43 27 E0 A7 FF
 (042.200753)  can0  124   [8]  39 07 34 C6 2B 0A B6 08
 (042.210412)  can0  123   [8]  3A 00 F4 43 27 53 97 FF
 (042.210643)  can0  124   [8]  3A 07 34 ED 16 0A AD 08
 (042.220625)  can0  123   [8]  3B 00 F5 43 26 C6 88 FF
 (042.220648)  can0  124   [8]  3B 07 35 13 F7 0A A4 08
 (042.230483)  can0  123   [8]  3C 00 F5 43 26 39 78 FF
 (042.230503)  can0  124   [8]  3C 07 35 3A E5 0A 9B 08
 (042.240333)  can0  123   [8]  3D 00 F6 43 25 AC 69 FF
 (042.240349)  can0  124   [8]  3D 07 35 61 C7 0A 92 08
 (042.249992)  can0  123   [8]  3E 00 F7 43 25 2F 05 FF
 (042.250267)  can0  124   [8]  3E 07 35 88 B4 0A 8A 08
 (042.259811)  can0  123   [8]  3F 00 F8 43 24 A1 F5 FF
 (042.260029)  can0  124   [8]  3F 07 35 AF 95 0A 81 08
 (042.269803)  can0  123   [8]  40 00 F8 43 24 14 E6 FF
 (042.269990)  can0  124   [8]  40 07 35 D6 85 0A 78 08
 (042.279642)  can0  123   [8]  41 00 F9 43 23 87 D6 FF
 (042.279876)  can0  124   [8]  41 07 35 FD 67 0A 6F 08
 (042.289637)  can0  123   [8]  42 00 F9 43 22 FA C7 FF
 (042.289913)  can0  124   [8]  42 07 36 24 4F 0A 66 08
 (042.299551)  can0  123   [8]  43 00 F9 43 22 7D 63 FF
 (042.299761)  can0  124   [8]  43 07 36 4B 2E 0A 5E 08
 (042.309389)  can0  123   [8]  44 00 F6 43 21 F0 54 FF
 (042.309772)  can0  124   [8]  44 07 36 72 25 0A 55 08
 (042.319308)  can0  123   [8]  45 00 ED 43 21 63 44 FF
 (042.319499)  can0  124   [8]  45 07 36 98 FE 0A 4C 08
 (042.329235)  can0  123   [8]  46 00 CE 43 20 D6 34 FF
 (042.329412)  can0  124   [8]  46 07 36 BF E7 0A 43 08
 (042.339096)  can0  123   [8]  47 00 64 43 20 58 D1 FF
 (042.339307)  can0  124   [8]  47 07 36 E6 BB 0A 3B 08
 (042.349238)  can0  123   [8]  48 00 4C 43 1F CB C1 FF
 (042.349264)  can0  124   [8]  48 07 37 0D C5 0A 32 08
 (042.358913)  can0  123   [8]  49 00 44 43 1F 3E B1 FF
 (042.359217)  can0  124   [8]  49 07 37 34 99 0A 29 08
 (042.368817)  can0  123   [8]  4A 00 40 43 1E B1 A2 FF
 (042.369085)  can0  124   [8]  4A 07 37 5B 8F 0A 20 08
 (042.378751)  can0  123   [8]  4B 00 36 43 1E 24 93 FF
 (042.378951)  can0  124   [8]  4B 07 37 82 69 0A 17 08
 (042.388702)  can0  123   [8]  4C 00 32 43 1D 97 83 FF
 (042.388957)  can0  124   [8]  4C 07 37 A9 62 0A 0E 08
 (042.398636)  can0  123   [8]  4D 00 31 43 1D 1A 20 FF
 (042.398772)  can0  124   [8]  4D 07 37 D0 38 0A 06 08
 (042.408479)  can0  123   [8]  4E 00 31 43 1C 7D 63 FF
 (042.408734)  can0  124   [8]  4E 07 37 F7 2C 09 FC 08
 (042.418371)  can0  123   [8]  4F 00 31 43 1C 00 00 FF
 (042.418599)  can0  124   [8]  4F 07 38 1E 02 09 F4 08
 (042.428315)  can0  123   [8]  50 00 31 43 1B 72 F0 FF
 (042.428530)  can0  124   [8]  50 07 38 44 F7 09 EB 08
 (042.438192)  can0  123   [8]  51 00 30 43 1A E5 E0 FF
 (042.438372)  can0  124   [8]  51 07 38 6B CB 09 E2 08
 (042.448107)  can0  123   [8]  52 00 2F 43 1A 58 D1 FF
 (042.448304)  can0  124   [8]  52 07 38 92 BB 09 D9 08
 (042.457989)  can0  123   [8]  53 00 2E 43 19 CB C2 FF
 (042.458207)  can0  124   [8]  53 07 38 B9 93 09 D0 08
 (042.467942)  can0  123   [8]  54 00 2E 43 19 3E B2 FF
 (042.468214)  can0  124   [8]  54 07 38 E0 84 09 C7 08
 (042.477915)  can0  123   [8]  55 00 2E 43 18 B1 A2 FF
 (042.478099)  can0  124   [8]  55 07 39 07 64 09 BE 08
 (042.487749)  can0  123   [8]  56 00 2D 43 18 24 92 FF
 (042.487975)  can0  124   [8]  56 07 39 2E 57 09 B5 08
 (042.497702)  can0  123   [8]  57 00 2D 43 17 97 82 FF
 (042.497907)  can0  124   [8]  57 07 39 55 2F 09 AC 08
 (042.507573)  can0  123   [8]  58 00 2D 43 17 0A 73 FF
 (042.507812)  can0  124   [8]  58 07 39 7C 1D 09 A3 08
 (042.517601)  can0  123   [8]  59 00 2D 43 16 7D 64 FF
 (042.517751)  can0  124   [8]  59 07 39 A2 F8 09 9A 08
 (042.527467)  can0  123   [8]  5A 00 2D 43 15 F0 54 FF
 (042.527690)  can0  124   [8]  5A 07 39 C9 EF 09 91 08
 (042.537336)  can0  123   [8]  5B 00 2D 43 15 63 44 FF
 (042.537583)  can0  124   [8]  5B 07 39 F0 C5 09 88 08
 (042.547293)  can0  123   [8]  5C 00 2D 43 14 D6 34 FF
 (042.547501)  can0  124   [8]  5C 07 3A 17 AF 09 7F 08
 (042.557231)  can0  123   [8]  5D 00 2E 43 14 49 24 FF
 (042.557405)  can0  124   [8]  5D 07 3A 3E 83 09 76 08
 (042.567172)  can0  123   [8]  5E 00 2E 43 13 BC 15 FF
 (042.567346)  can0  124   [8]  5E 07 3A 65 75 09 6D 08
 (042.577025)  can0  123   [8]  5F 00 2E 43 13 2F 05 FF
 (042.577256)  can0  124   [8]  5F 07 3A 8C 49 09 64 08
 (042.587059)  can0  123   [8]  60 00 2E 43 12 A1 F6 FF
 (042.587256)  can0  124   [8]  60 07 3A B3 41 09 5B 08
 (042.596863)  can0  123   [8]  61 00 2E 43 12 14 E6 FF
 (042.597165)  can0  124   [8]  61 07 3A DA 19 09 52 08
 (042.606965)  can0  123   [8]  62 00 2F 43 11 97 83 FF
 (042.607218)  can0  124   [8]  62 07 3B 01 07 09 4A 08
 (042.616706)  can0  123   [8]  63 00 2F 43 10 FA C6 FF
 (042.616902)  can0  124   [8]  63 07 3B 27 DE 09 40 08
 (042.626681)  can0  123   [8]  64 00 2F 43 10 7D 63 FF
 (042.626819)  can0  124   [8]  64 07 3B 4E D3 09 38 08
 (042.636541)  can0  123   [8]  65 00 2F 43 0F F0 53 FF
 (042.636747)  can0  124   [8]  65 07 3B 75 AC 09 2F 08
 (042.646393)  can0  123   [8]  66 00 30 43 0F 63 44 FF
 (042.646588)  can0  124   [8]  66 07 3B 9C A1 09 26 08
 (042.656348)  can0  123   [8]  67 00 31 43 0E D6 35 FF
 (042.656587)  can0  124   [8]  67 07 3B C3 7E 09 1D 08
 (042.666359)  can0  123   [8]  68 00 31 43 0E 49 25 FF
 (042.666511)  can0  124   [8]  68 07 3B EA 75 09 14 08
 (042.676474)  can0  123   [8]  69 00 31 43 0D BC 15 FF
 (042.676487)  can0  124   [8]  69 07 3C 11 4D 09 0B 08
 (042.686097)  can0  123   [8]  6A 00 31 43 0D 2F 05 FF
 (042.686292)  can0  124   [8]  6A 07 3C 38 3C 09 02 08
 (042.696067)  can0  123   [8]  6B 00 31 43 0C A1 F5 FF
 (042.696151)  can0  124   [8]  6B 07 3C 5F 0F 08 F9 08
 (042.705860)  can0  123   [8]  6C 00 32 43 0C 14 E6 FF
 (042.706052)  can0  124   [8]  6C 07 3C 86 04 08 F0 08
 (042.715876)  can0  123   [8]  6D 00 32 43 0B 97 82 FF
 (042.716036)  can0  124   [8]  6D 07 3C AC DF 08 E8 08
 (042.725699)  can0  123   [8]  6E 00 32 43 0B 0A 73 FF
 (042.725862)  can0  124   [8]  6E 07 3C D3 D1 08 DF 08
 (042.735635)  can0  123   [8]  6F 00 33 43 0A 7D 64 FF
 (042.735767)  can0  124   [8]  6F 07 3C FA A5 08 D6 08
 (042.745633)  can0  123   [8]  70 00 33 43 09 F0 54 FF
 (042.745680)  can0  124   [8]  70 07 3D 21 94 08 CD 08
 (042.755462)  can0  123   [8]  71 00 33 43 09 63 44 FF
 (042.755626)  can0  124   [8]  71 07 3D 48 6D 08 C4 08
 (042.765402)  can0  123   [8]  72 00 33 43 08 D6 34 FF
 (042.765555)  can0  124   [8]  72 07 3D 6F 59 08 BB 08
 (042.775401)  can0  123   [8]  73 00 33 43 08 49 24 FF
 (042.775410)  can0  124   [8]  73 07 3D 96 28 08 B2 08
 (042.785272)  can0  123   [8]  74 00 34 43 07 CB C1 FF
 (042.785425)  can0  124   [8]  74 07 3D BD 1D 08 AA 08
 (042.795018)  can0  123   [8]  75 00 34 43 07 3E B2 FF
 (042.795268)  can0  124   [8]  75 07 3D E3 F0 08 A1 08
 (042.804975)  can0  123   [8]  76 00 34 43 06 B1 A2 FF
 (042.805178)  can0  124   [8]  76 07 3E 0A DF 08 98 08
 (042.814971)  can0  123   [8]  77 00 34 43 06 34 3F FF
 (042.815116)  can0  124   [8]  77 07 3E 31 BB 08 90 08
 (042.825054)  can0  123   [8]  78 00 34 43 05 A7 2F FF
 (042.825082)  can0  124   [8]  78 07 3E 58 AD 08 87 08
 (042.834768)  can0  123   [8]  79 00 33 43 05 1A 1F FF
 (042.834905)  can0  124   [8]  79 07 3E 7F 8C 08 7E 08
 (042.844623)  can0  123   [8]  7A 00 33 43 04 9C BC FF
 (042.844806)  can0  124   [8]  7A 07 3E A6 81 08 76 08
 (042.854488)  can0  123   [8]  7B 00 33 43 04 0F AC FF
 (042.854690)  can0  124   [8]  7B 07 3E CD 5B 08 6D 08
 (042.864469)  can0  123   [8]  7C 00 32 43 03 82 9C FF
 (042.864702)  can0  124   [8]  7C 07 3E F4 51 08 64 08
 (042.874400)  can0  123   [8]  7D 00 32 43 03 05 39 FF
 (042.874587)  can0  124   [8]  7D 07 3F 1B 30 08 5C 08
 (042.884296)  can0  123   [8]  7E 00 32 43 02 78 2A FF
 (042.884546)  can0  124   [8]  7E 07 3F 42 27 08 53 08
 (042.894201)  can0  123   [8]  7F 00 32 43 01 EB 1A FF
 (042.894467)  can0  124   [8]  7F 07 3F 69 08 08 4A 08
 (042.904066)  can0  123   [8]  80 00 31 43 01 6D B7 FF
 (042.904341)  can0  124   [8]  80 07 3F 8F FD 08 42 08
 (042.913998)  can0  123   [8]  81 00 31 43 00 E0 A7 FF
 (042.914263)  can0  124   [8]  81 07 3F B6 D9 08 39 08
 (042.923879)  can0  123   [8]  82 00 31 43 00 53 98 FF
 (042.924081)  can0  124   [8]  82 07 3F DD CE 08 30 08
 (042.933781)  can0  123   [8]  83 00 31 42 FF AC 68 FF
 (042.933981)  can0  124   [8]  83 07 40 04 B1 08 28 08
 (042.943726)  can0  123   [8]  84 00 31 42 FE B1 A2 FF
 (042.943936)  can0  124   [8]  84 07 40 2B AA 08 20 08
 (042.953652)  can0  123   [8]  85 00 30 42 FD 97 82 FF
 (042.953867)  can0  124   [8]  85 07 40 52 89 08 17 08
 (042.963642)  can0  123   [8]  86 00 30 42 FC 7D 63 FF
 (042.963849)  can0  124   [8]  86 07 40 79 7D 08 0E 08
 (042.973488)  can0  123   [8]  87 00 30 42 FB 82 9D FF
 (042.973726)  can0  124   [8]  87 07 40 A0 5A 08 06 08
 (042.983444)  can0  123   [8]  88 00 30 42 FA 87 D7 FF
 (042.983690)  can0  124   [8]  88 07 40 C7 51 07 FE 08
 (042.993301)  can0  123   [8]  89 00 30 42 F9 6D B7 FF
 (042.993466)  can0  124   [8]  89 07 40 EE 28 07 F5 08
 (043.003329)  can0  123   [8]  8A 00 30 42 F8 72 F1 FF
 (043.003413)  can0  124   [8]  8A 07 41 15 23 07 ED 08
 (043.013034)  can0  123   [8]  8B 00 30 42 F7 58 D1 FF
 (043.013303)  can0  124   [8]  8B 07 41 3C 01 07 E4 08
 (043.023073)  can0  123   [8]  8C 00 2F 42 F6 5E 0B FF
 (043.023268)  can0  124   [8]  8C 07 41 62 F8 07 DC 08
 (043.032893)  can0  123   [8]  8D 00 2F 42 F5 43 EC FF
 (043.033140)  can0  124   [8]  8D 07 41 89 D6 07 D3 08
 (043.042834)  can0  123   [8]  8E 00 2F 42 F4 49 24 FF
 (043.042972)  can0  124   [8]  8E 07 41 B0 CA 07 CB 08
 (043.052766)  can0  123   [8]  8F 00 2F 42 F3 2F 06 FF
 (043.052882)  can0  124   [8]  8F 07 41 D7 A0 07 C2 08
 (043.062668)  can0  123   [8]  90 00 2F 42 F2 34 3E FF
 (043.062796)  can0  124   [8]  90 07 41 FE 93 07 BA 08
 (043.072481)  can0  123   [8]  91 00 2F 42 F1 39 78 FF
 (043.072705)  can0  124   [8]  91 07 42 25 6E 07 B2 08
 (043.082411)  can0  123   [8]  92 00 2F 42 F0 3E B2 FF
 (043.082639)  can0  124   [8]  92 07 42 4C 64 07 AA 08
 (043.092347)  can0  123   [8]  93 00 2E 42 EF 24 92 FF
 (043.092530)  can0  124   [8]  93 07 42 73 3E 07 A1 08
 (043.102299)  can0  123   [8]  94 00 2E 42 EE 29 CC FF
 (043.102407)  can0  124   [8]  94 07 42 9A 2F 07 99 08
 (043.112177)  can0  123   [8]  95 00 2E 42 ED 2F 05 FF
 (043.112323)  can0  124   [8]  95 07 42 C1 0E 07 91 08
 (043.122038)  can0  123   [8]  96 00 2E 42 EC 14 E7 FF
 (043.122245)  can0  124   [8]  96 07 42 E7 FA 07 88 08
 (043.131919)  can0  123   [8]  97 00 2E 42 EB 1A 1F FF
 (043.132190)  can0  124   [8]  97 07 43 0E DA 07 80 08
 (043.141890)  can0  123   [8]  98 00 2E 42 EA 1F 59 FF
 (043.142070)  can0  124   [8]  98 07 43 35 D1 07 78 08
 (043.151765)  can0  123   [8]  99 00 2E 42 E9 24 93 FF
 (043.151962)  can0  124   [8]  99 07 43 5C AA 07 70 08
 (043.161675)  can0  123   [8]  9A 00 2E 42 E8 0A 73 FF
 (043.161900)  can0  124   [8]  9A 07 43 83 9C 07 67 08
 (043.171594)  can0  123   [8]  9B 00 2E 42 E7 0F AD FF
 (043.171794)  can0  124   [8]  9B 07 43 AA 79 07 5F 08
 (043.181526)  can0  123   [8]  9C 00 2E 42 E6 14 E6 FF
 (043.181710)  can0  124   [8]  9C 07 43 D1 6B 07 57 08
 (043.191554)  can0  123   [8]  9D 00 2E 42 E5 1A 1F FF
 (043.191662)  can0  124   [8]  9D 07 43 F8 45 07 4F 08
 (043.201552)  can0  123   [8]  9E 00 2D 42 E4 1F 59 FF
 (043.201705)  can0  124   [8]  9E 07 44 1F 3B 07 47 08
 (043.211304)  can0  123   [8]  9F 00 2D 42 E3 24 92 FF
 (043.211496)  can0  124   [8]  9F 07 44 46 14 07 3F 08
 (043.221337)  can0  123   [8]  A0 00 2D 42 E2 0A 74 FF
 (043.221430)  can0  124   [8]  A0 07 44 6D 0F 07 36 08
 (043.231045)  can0  123   [8]  A1 00 2D 42 E1 0F AC FF
 (043.231330)  can0  124   [8]  A1 07 44 93 E5 07 2E 08
 (043.240984)  can0  123   [8]  A2 00 2D 42 E0 14 E6 FF
 (043.241184)  can0  124   [8]  A2 07 44 BA E3 07 26 08
 (043.250922)  can0  123   [8]  A3 00 2D 42 DF 1A 20 FF
 (043.251129)  can0  124   [8]  A3 07 44 E1 BE 07 1E 08
 (043.260826)  can0  123   [8]  A4 00 2D 42 DE 1F 58 FF
 (043.260995)  can0  124   [8]  A4 07 45 08 B5 07 16 08
 (043.270737)  can0  123   [8]  A5 00 2D 42 DD 24 92 FF
 (043.270969)  can0  124   [8]  A5 07 45 2F 94 07 0E 08
 (043.280666)  can0  123   [8]  A6 00 2D 42 DC 29 CC FF
 (043.280842)  can0  124   [8]  A6 07 45 56 86 07 06 08
 (043.290514)  can0  123   [8]  A7 00 2D 42 DB 0F AC FF
 (043.290727)  can0  124   [8]  A7 07 45 7D 63 06 FD 08
 (043.300465)  can0  123   [8]  A8 00 2D 42 DA 14 E6 FF
 (043.300666)  can0  124   [8]  A8 07 45 A4 58 06 F5 08
 (043.310381)  can0  123   [8]  A9 00 2D 42 D9 1A 1F FF
 (043.310545)  can0  124   [8]  A9 07 45 CB 36 06 ED 08
 (043.320295)  can0  123   [8]  AA 00 2D 42 D8 1F 59 FF
 (043.320495)  can0  124   [8]  AA 07 45 F2 2F 06 E5 08
 (043.330173)  can0  123   [8]  AB 00 2C 42 D7 24 92 FF
 (043.330369)  can0  124   [8]  AB 07 46 19 11 06 DD 08
 (043.340092)  can0  123   [8]  AC 00 2C 42 D6 29 CC FF
 (043.340316)  can0  124   [8]  AC 07 46 40 04 06 D5 08
 (043.349997)  can0  123   [8]  AD 00 2C 42 D5 2F 05 FF
 (043.350181)  can0  124   [8]  AD 07 46 66 E0 06 CD 08
 (043.359896)  can0  123   [8]  AE 00 2C 42 D4 34 3F FF
 (043.360142)  can0  124   [8]  AE 07 46 8D DB 06 C5 08
 (043.369873)  can0  123   [8]  AF 00 2C 42 D3 39 79 FF
 (043.369994)  can0  124   [8]  AF 07 46 B4 B6 06 BD 08
 (043.379760)  can0  123   [8]  B0 00 2C 42 D2 3E B1 FF
 (043.379956)  can0  124   [8]  B0 07 46 DB AA 06 B5 08
 (043.389675)  can0  123   [8]  B1 00 2C 42 D1 43 EB FF
 (043.389847)  can0  124   [8]  B1 07 47 02 8C 06 AD 08
 (043.399615)  can0  123   [8]  B2 00 2C 42 D0 49 25 FF
 (043.399761)  can0  124   [8]  B2 07 47 29 7B 06 A5 08
 (043.409434)  can0  123   [8]  B3 00 2C 42 CF 4E 5F FF
 (043.409676)  can0  124   [8]  B3 07 47 50 57 06 9D 08
 (043.419404)  can0  123   [8]  B4 00 2C 42 CE 53 97 FF
 (043.419583)  can0  124   [8]  B4 07 47 77 49 06 95 08
 (043.429299)  can0  123   [8]  B5 00 2C 42 CD 58 D1 FF
 (043.429456)  can0  124   [8]  B5 07 47 9E 26 06 8D 08
 (043.439283)  can0  123   [8]  B6 00 2C 42 CC 5E 0B FF
 (043.439453)  can0  124   [8]  B6 07 47 C5 19 06 85 08
 (043.449215)  can0  123   [8]  B7 00 2C 42 CB 63 43 FF
 (043.449377)  can0  124   [8]  B7 07 47 EB F3 06 7D 08
 (043.459026)  can0  123   [8]  B8 00 2C 42 CA 68 7D FF
 (043.459295)  can0  124   [8]  B8 07 48 12 EC 06 75 08
 (043.469081)  can0  123   [8]  B9 00 2C 42 C9 6D B7 FF
 (043.469218)  can0  124   [8]  B9 07 48 39 CA 06 6D 08
 (043.478851)  can0  123   [8]  BA 00 2C 42 C8 72 F1 FF
 (043.479070)  can0  124   [8]  BA 07 48 60 C4 06 65 08
 (043.488768)  can0  123   [8]  BB 00 2C 42 C7 78 29 FF
 (043.488964)  can0  124   [8]  BB 07 48 87 A0 06 5D 08
 (043.498656)  can0  123   [8]  BC 00 2B 42 C6 7D 63 FF
 (043.498897)  can0  124   [8]  BC 07 48 AE 9D 06 55 08
 (043.508565)  can0  123   [8]  BD 00 2A 42 C5 82 9D FF
 (043.508817)  can0  124   [8]  BD 07 48 D5 79 06 4D 08
 (043.518488)  can0  123   [8]  BE 00 2A 42 C4 87 D6 FF
 (043.518719)  can0  124   [8]  BE 07 48 FC 6C 06 45 08
 (043.528358)  can0  123   [8]  BF 00 2A 42 C3 8D 10 FF
 (043.528612)  can0  124   [8]  BF 07 49 23 50 06 3D 08
 (043.538311)  can0  123   [8]  C0 00 2A 42 C2 92 49 FF
 (043.538513)  can0  124   [8]  C0 07 49 4A 45 06 35 08
 (043.548257)  can0  123   [8]  C1 00 29 42 C1 97 83 FF
 (043.548418)  can0  124   [8]  C1 07 49 71 24 06 2D 08
 (043.558111)  can0  123   [8]  C2 00 28 42 C0 9C BC FF
 (043.558355)  can0  124   [8]  C2 07 49 98 1E 06 25 08
 (043.568017)  can0  123   [8]  C3 00 27 42 BF A1 F6 FF
 (043.568263)  can0  124   [8]  C3 07 49 BE FD 06 1D 08
 (043.578003)  can0  123   [8]  C4 00 27 42 BE A7 30 FF
 (043.578227)  can0  124   [8]  C4 07 49 E5 F9 06 15 08
 (043.587869)  can0  123   [8]  C5 00 27 42 BD CB C1 FF
 (043.588070)  can0  124   [8]  C5 07 4A 0C DB 06 0E 08
 (043.597772)  can0  123   [8]  C6 00 27 42 BC D0 FB FF
 (043.598022)  can0  124   [8]  C6 07 4A 33 D5 06 06 08
 (043.607671)  can0  123   [8]  C7 00 27 42 BB D6 34 FF
 (043.607885)  can0  124   [8]  C7 07 4A 5A B0 05 FE 08
 (043.617623)  can0  123   [8]  C8 00 27 42 BA DB 6E FF
 (043.617821)  can0  124   [8]  C8 07 4A 81 AC 05 F6 08
 (043.627481)  can0  123   [8]  C9 00 27 42 B9 E0 A8 FF
 (043.627713)  can0  124   [8]  C9 07 4A A8 85 05 EE 08
 (043.637402)  can0  123   [8]  CA 00 26 42 B8 E5 E0 FF
 (043.637614)  can0  124   [8]  CA 07 4A CF 7A 05 E6 08
 (043.647373)  can0  123   [8]  CB 00 26 42 B7 CB C2 FF
 (043.647589)  can0  124   [8]  CB 07 4A F6 55 05 DD 08
 (043.657230)  can0  123   [8]  CC 00 26 42 B6 F0 54 FF
 (043.657431)  can0  124   [8]  CC 07 4B 1D 48 05 D6 08
 (043.667145)  can0  123   [8]  CD 00 26 42 B5 F5 8E FF
 (043.667359)  can0  124   [8]  CD 07 4B 44 27 05 CE 08
 (043.677107)  can0  123   [8]  CE 00 26 42 B4 FA C6 FF
 (043.677337)  can0  124   [8]  CE 07 4B 6B 1C 05 C6 08
 (043.686940)  can0  123   [8]  CF 00 26 42 B4 00 00 FF
 (043.687252)  can0  124   [8]  CF 07 4B 91 F3 05 BE 08
 (043.696885)  can0  123   [8]  D0 00 26 42 B3 05 39 FF
 (043.697093)  can0  124   [8]  D0 07 4B B8 EB 05 B6 08
 (043.706760)  can0  123   [8]  D1 00 26 42 B2 0A 73 FF
 (043.707022)  can0  124   [8]  D1 07 4B DF C1 05 AE 08
 (043.716719)  can0  123   [8]  D2 00 26 42 B1 0F AC FF
 (043.716942)  can0  124   [8]  D2 07 4C 06 B9 05 A6 08
 (043.726652)  can0  123   [8]  D3 00 26 42 B0 14 E6 FF
 (043.726817)  can0  124   [8]  D3 07 4C 2D 90 05 9E 08
 (043.736562)  can0  123   [8]  D4 00 26 42 AF 1A 1F FF
 (043.736761)  can0  124   [8]  D4 07 4C 54 88 05 96 08
 (043.746404)  can0  123   [8]  D5 00 26 42 AE 1F 59 FF
 (043.746612)  can0  124   [8]  D5 07 4C 7B 5D 05 8E 08
 (043.756427)  can0  123   [8]  D6 00 26 42 AD 24 92 FF
 (043.756643)  can0  124   [8]  D6 07 4C A2 58 05 86 08
 (043.766255)  can0  123   [8]  D7 00 26 42 AC 49 24 FF
 (043.766493)  can0  124   [8]  D7 07 4C C9 35 05 7F 08
 (043.776311)  can0  123   [8]  D8 00 26 42 AB 4E 5E FF
 (043.776436)  can0  124   [8]  D8 07 4C F0 29 05 77 08
 (043.786029)  can0  123   [8]  D9 00 26 42 AA 53 97 FF
 (043.786275)  can0  124   [8]  D9 07 4D 16 FD 05 6F 08
 (043.796044)  can0  123   [8]  DA 00 26 42 A9 58 D1 FF
 (043.796257)  can0  124   [8]  DA 07 4D 3D FD 05 67 08
 (043.805964)  can0  123   [8]  DB 00 26 42 A8 7D 63 FF
 (043.806147)  can0  124   [8]  DB 07 4D 64 DC 05 60 08
 (043.815896)  can0  123   [8]  DC 00 26 42 A7 82 9D FF
 (043.816065)  can0  124   [8]  DC 07 4D 8B CF 05 58 08
 (043.825758)  can0  123   [8]  DD 00 26 42 A6 87 D6 FF
 (043.825955)  can0  124   [8]  DD 07 4D B2 A8 05 50 08
 (043.835632)  can0  123   [8]  DE 00 26 42 A5 8D 0F FF
 (043.835913)  can0  124   [8]  DE 07 4D D9 9F 05 48 08
 (043.845544)  can0  123   [8]  DF 00 27 42 A4 92 49 FF
 (043.845749)  can0  124   [8]  DF 07 4E 00 77 05 40 08
 (043.855541)  can0  123   [8]  E0 00 27 42 A3 B6 DB FF
 (043.855745)  can0  124   [8]  E0 07 4E 27 6F 05 39 08
 (043.865430)  can0  123   [8]  E1 00 27 42 A2 BC 15 FF
 (043.865608)  can0  124   [8]  E1 07 4E 4E 47 05 31 08
 (043.875291)  can0  123   [8]  E2 00 27 42 A1 E0 A7 FF
 (043.875513)  can0  124   [8]  E2 07 4E 75 3B 05 2A 08
 (043.885180)  can0  123   [8]  E3 00 27 42 A0 E5 E1 FF
 (043.885399)  can0  124   [8]  E3 07 4E 9C 16 05 22 08
 (043.895140)  can0  123   [8]  E4 00 27 42 9F EB 1A FF
 (043.895422)  can0  124   [8]  E4 07 4E C3 0A 05 1A 08
 (043.905013)  can0  123   [8]  E5 00 27 42 9F 0F AD FF
 (043.905245)  can0  124   [8]  E5 07 4E E9 E7 05 13 08
 (043.914952)  can0  123   [8]  E6 00 27 42 9E 34 3F FF
 (043.915176)  can0  124   [8]  E6 07 4F 10 DB 05 0C 08
 (043.924919)  can0  123   [8]  E7 00 27 42 9D 39 78 FF
 (043.925101)  can0  124   [8]  E7 07 4F 37 AF 05 04 08
 (043.934761)  can0  123   [8]  E8 00 27 42 9C 5E 0A FF
 (043.934973)  can0  124   [8]  E8 07 4F 5E A0 04 FD 08
 (043.944736)  can0  123   [8]  E9 00 27 42 9B 82 9D FF
 (043.944920)  can0  124   [8]  E9 07 4F 85 78 04 F6 08
 (043.954616)  can0  123   [8]  EA 00 27 42 9A 87 D6 FF
 (043.954780)  can0  124   [8]  EA 07 4F AC 6C 04 EE 08
 (043.964484)  can0  123   [8]  EB 00 27 42 99 AC 68 FF
 (043.964714)  can0  124   [8]  EB 07 4F D3 3D 04 E7 08
 (043.974468)  can0  123   [8]  EC 00 27 42 98 D0 FB FF
 (043.974638)  can0  124   [8]  EC 07 4F FA 36 04 E0 08
 (043.984406)  can0  123   [8]  ED 00 27 42 97 D6 34 FF
 (043.984501)  can0  124   [8]  ED 07 50 21 0E 04 D8 08
 (043.994372)  can0  123   [8]  EE 00 27 42 96 FA C7 FF
 (043.994465)  can0  124   [8]  EE 07 50 48 03 04 D1 08
 (044.004213)  can0  123   [8]  EF 00 27 42 96 1F 59 FF
 (044.004430)  can0  124   [8]  EF 07 50 6E E7 04 CA 08
 (044.014442)  can0  123   [8]  F0 00 27 42 95 43 EB FF
 (044.014471)  can0  124   [8]  F0 07 50 95 DB 04 C3 08
 (044.024121)  can0  123   [8]  F1 00 27 42 94 49 24 FF
 (044.024263)  can0  124   [8]  F1 07 50 BC B4 04 BB 08
 (044.033984)  can0  123   [8]  F2 00 27 42 93 6D B7 FF
 (044.034209)  can0  124   [8]  F2 07 50 E3 A9 04 B4 08
 (044.043912)  can0  123   [8]  F3 00 27 42 92 92 49 FF
 (044.044152)  can0  124   [8]  F3 07 51 0A 80 04 AD 08
 (044.053894)  can0  123   [8]  F4 00 27 42 91 B6 DC FF
 (044.054193)  can0  124   [8]  F4 07 51 31 70 04 A6 08
 (044.063808)  can0  123   [8]  F5 00 27 42 90 BC 15 FF
 (044.063922)  can0  124   [8]  F5 07 51 58 4F 04 9E 08
 (044.073686)  can0  123   [8]  F6 00 27 42 8F E0 A7 FF
 (044.073923)  can0  124   [8]  F6 07 51 7F 42 04 97 08
 (044.083509)  can0  123   [8]  F7 00 27 42 8F 05 39 FF
 (044.083733)  can0  124   [8]  F7 07 51 A6 19 04 90 08
 (044.093616)  can0  123   [8]  F8 00 28 42 8E 29 CC FF
 (044.094360)  can0  124   [8]  F8 07 51 CD 0C 04 89 08
 (044.103380)  can0  123   [8]  F9 00 28 42 8D 4E 5E FF
 (044.103591)  can0  124   [8]  F9 07 51 F3 E4 04 82 08
 (044.113244)  can0  123   [8]  FA 00 28 42 8C 72 F1 FF
 (044.113450)  can0  124   [8]  FA 07 52 1A D3 04 7B 08
 (044.123257)  can0  123   [8]  FB 00 28 42 8B 97 82 FF
 (044.123398)  can0  124   [8]  FB 07 52 41 A9 04 74 08
 (044.133092)  can0  123   [8]  FC 00 28 42 8A BC 15 FF
 (044.133288)  can0  124   [8]  FC 07 52 68 9D 04 6D 08
 (044.143002)  can0  123   [8]  FD 00 28 42 89 E0 A7 FF
 (044.143184)  can0  124   [8]  FD 07 52 8F 73 04 66 08
 (044.152880)  can0  123   [8]  FE 00 28 42 89 05 3A FF
 (044.153055)  can0  124   [8]  FE 07 52 B6 64 04 5F 08
 (044.162885)  can0  123   [8]  FF 00 28 42 88 29 CC FF
 (044.163068)  can0  124   [8]  FF 07 52 DD 3B 04 58 08
 (044.172723)  can0  123   [8]  00 00 28 42 87 4E 5E FF
 (044.173016)  can0  124   [8]  00 07 53 04 2D 04 51 08
 (044.182934)  can0  123   [8]  01 00 28 42 86 72 F0 FF
 (044.182958)  can0  124   [8]  01 07 53 2B 0A 04 4A 08
 (044.192593)  can0  123   [8]  02 00 28 42 85 97 83 FF
 (044.192785)  can0  124   [8]  02 07 53 51 FC 04 43 08
 (044.202663)  can0  123   [8]  03 00 28 42 84 BC 15 FF
 (044.202676)  can0  124   [8]  03 07 53 78 D7 04 3C 08
 (044.212402)  can0  123   [8]  04 00 28 42 83 E0 A7 FF
 (044.212612)  can0  124   [8]  04 07 53 9F C8 04 35 08
 (044.222297)  can0  123   [8]  05 00 28 42 83 05 39 FF
 (044.222490)  can0  124   [8]  05 07 53 C6 A0 04 2E 08
 (044.232265)  can0  123   [8]  06 00 28 42 82 0A 73 FF
 (044.232377)  can0  124   [8]  06 07 53 ED 98 04 26 08
 (044.242151)  can0  123   [8]  07 00 28 42 81 2F 05 FF
 (044.242355)  can0  124   [8]  07 07 54 14 70 04 1F 08
 (044.252018)  can0  123   [8]  08 00 28 42 80 53 98 FF
 (044.252257)  can0  124   [8]  08 07 54 3B 61 04 18 08
 (044.261872)  can0  123   [8]  09 00 29 42 7E F0 54 FF
 (044.262188)  can0  124   [8]  09 07 54 62 37 04 11 08
 (044.271799)  can0  123   [8]  0A 00 29 42 7D 39 79 FF
 (044.272036)  can0  124   [8]  0A 07 54 89 26 04 0A 08
 (044.281633)  can0  123   [8]  0B 00 29 42 7B 43 EB FF
 (044.281883)  can0  124   [8]  0B 07 54 AF F9 04 02 08
 (044.291674)  can0  123   [8]  0C 00 29 42 79 CB C2 FF
 (044.291772)  can0  124   [8]  0C 07 54 D6 E9 03 FC 08
 (044.301560)  can0  123   [8]  0D 00 29 42 77 D6 34 FF
 (044.301734)  can0  124   [8]  0D 07 54 FD C3 03 F4 08
 (044.311383)  can0  123   [8]  0E 00 29 42 76 1F 58 FF
 (044.311597)  can0  124   [8]  0E 07 55 24 AF 03 ED 08
 (044.321278)  can0  123   [8]  0F 00 29 42 74 68 7D FF
 (044.321469)  can0  124   [8]  0F 07 55 4B 81 03 E6 08
 (044.331682)  can0  123   [8]  10 00 29 42 72 F0 54 FF
 (044.331710)  can0  124   [8]  10 07 55 72 71 03 E0 08
 (044.341201)  can0  123   [8]  11 00 29 42 71 39 78 FF
 (044.341612)  can0  124   [8]  11 07 55 99 47 03 D9 08
 (044.351081)  can0  123   [8]  12 00 29 42 6F 82 9D FF
 (044.351293)  can0  124   [8]  12 07 55 C0 3B 03 D2 08
 (044.360997)  can0  123   [8]  13 00 29 42 6D CB C1 FF
 (044.361196)  can0  124   [8]  13 07 55 E7 11 03 CB 08
 (044.370891)  can0  123   [8]  14 00 29 42 6C 53 98 FF
 (044.371164)  can0  124   [8]  14 07 56 0E 07 03 C5 08
 (044.380909)  can0  123   [8]  15 00 29 42 6A 9C BC FF
 (044.381040)  can0  124   [8]  15 07 56 34 DE 03 BE 08
 (044.390690)  can0  123   [8]  16 00 29 42 68 E5 E1 FF
 (044.390857)  can0  124   [8]  16 07 56 5B D5 03 B7 08
 (044.400608)  can0  123   [8]  17 00 29 42 67 2F 05 FF
 (044.400770)  can0  124   [8]  17 07 56 82 AF 03 B0 08
 (044.410463)  can0  123   [8]  18 00 29 42 65 B6 DC FF
 (044.410672)  can0  124   [8]  18 07 56 A9 A6 03 AA 08
 (044.420435)  can0  123   [8]  19 00 2A 42 64 00 00 FF
 (044.420596)  can0  124   [8]  19 07 56 D0 82 03 A3 08
 (044.430309)  can0  123   [8]  1A 00 2A 42 62 49 25 FF
 (044.430511)  can0  124   [8]  1A 07 56 F7 75 03 9C 08
 (044.440271)  can0  123   [8]  1B 00 2A 42 60 92 49 FF
 (044.440514)  can0  124   [8]  1B 07 57 1E 55 03 95 08
 (044.450222)  can0  123   [8]  1C 00 2A 42 5E DB 6E FF
 (044.450449)  can0  124   [8]  1C 07 57 45 4A 03 8E 08
 (044.460063)  can0  123   [8]  1D 00 2A 42 5D 63 44 FF
 (044.460270)  can0  124   [8]  1D 07 57 6C 23 03 88 08
 (044.470010)  can0  123   [8]  1E 00 2A 42 5B AC 69 FF
 (044.470237)  can0  124   [8]  1E 07 57 93 18 03 81 08
 (044.479916)  can0  123   [8]  1F 00 2A 42 59 F5 8D FF
 (044.480048)  can0  124   [8]  1F 07 57 B9 F0 03 7A 08
 (044.490086)  can0  123   [8]  20 00 2A 42 58 3E B2 FF
 (044.490121)  can0  124   [8]  20 07 57 E0 E5 03 73 08
 (044.499844)  can0  123   [8]  21 00 2A 42 56 87 D6 FF
 (044.499992)  can0  124   [8]  21 07 58 07 C0 03 6C 08
 (044.509634)  can0  123   [8]  22 00 2A 42 54 D0 FB FF
 (044.509839)  can0  124   [8]  22 07 58 2E B4 03 65 08
 (044.519655)  can0  123   [8]  23 00 2A 42 53 1A 1F FF
 (044.519785)  can0  124   [8]  23 07 58 55 8C 03 5E 08
 (044.529544)  can0  123   [8]  24 00 2B 42 51 A1 F6 FF
 (044.529675)  can0  124   [8]  24 07 58 7C 7E 03 58 08
 (044.539474)  can0  123   [8]  25 00 2B 42 4F EB 1A FF
 (044.539569)  can0  124   [8]  25 07 58 A3 5A 03 51 08
 (044.549330)  can0  123   [8]  26 00 2B 42 4E 72 F1 FF
 (044.549509)  can0  124   [8]  26 07 58 CA 4B 03 4B 08
 (044.559169)  can0  123   [8]  27 00 2B 42 4C BC 14 FF
 (044.559501)  can0  124   [8]  27 07 58 F1 2E 03 44 08
 (044.569075)  can0  123   [8]  28 00 2B 42 4B 43 EB FF
 (044.569289)  can0  124   [8]  28 07 59 18 24 03 3E 08
 (044.578983)  can0  123   [8]  29 00 2B 42 49 8D 0F FF
 (044.579202)  can0  124   [8]  29 07 59 3F 00 03 37 08
 (044.588951)  can0  123   [8]  2A 00 2B 42 48 14 E6 FF
 (044.589567)  can0  124   [8]  2A 07 59 65 F5 03 31 08
 (044.598838)  can0  123   [8]  2B 00 2B 42 46 5E 0A FF
 (044.598985)  can0  124   [8]  2B 07 59 8C CA 03 2A 08
 (044.608785)  can0  123   [8]  2C 00 2B 42 44 E5 E1 FF
 (044.608963)  can0  124   [8]  2C 07 59 B3 BB 03 24 08
 (044.618630)  can0  123   [8]  2D 00 2C 42 43 6D B8 FF
 (044.618811)  can0  124   [8]  2D 07 59 DA 95 03 1E 08
 (044.628556)  can0  123   [8]  2E 00 2C 42 41 F5 8D FF
 (044.628757)  can0  124   [8]  2E 07 5A 01 8C 03 18 08
 (044.638430)  can0  123   [8]  2F 00 2C 42 40 3E B2 FF
 (044.638623)  can0  124   [8]  2F 07 5A 28 62 03 11 08
 (044.648402)  can0  123   [8]  30 00 2C 42 3E 87 D6 FF
 (044.648581)  can0  124   [8]  30 07 5A 4F 4F 03 0A 08
 (044.658298)  can0  123   [8]  31 00 2C 42 3D 0F AD FF
 (044.658450)  can0  124   [8]  31 07 5A 76 28 03 04 08
 (044.668251)  can0  123   [8]  32 00 2C 42 3B 97 82 FF
 (044.668466)  can0  124   [8]  32 07 5A 9D 22 02 FE 08
 (044.678143)  can0  123   [8]  33 00 2C 42 39 E0 A8 FF
 (044.678312)  can0  124   [8]  33 07 5A C3 F5 02 F7 08
 (044.688044)  can0  123   [8]  34 00 2C 42 38 68 7D FF
 (044.688291)  can0  124   [8]  34 07 5A EA E8 02 F1 08
 (044.697857)  can0  123   [8]  35 00 2C 42 36 B1 A2 FF
 (044.698097)  can0  124   [8]  35 07 5B 11 C1 02 EA 08
 (044.707817)  can0  123   [8]  36 00 2C 42 35 39 78 FF
 (044.708060)  can0  124   [8]  36 07 5B 38 B2 02 E4 08
 (044.717744)  can0  123   [8]  37 00 2D 42 33 82 9D FF
 (044.717944)  can0  124   [8]  37 07 5B 5F 8F 02 DD 08
 (044.727724)  can0  123   [8]  38 00 2D 42 31 CB C2 FF
 (044.727998)  can0  124   [8]  38 07 5B 86 81 02 D6 08
 (044.737559)  can0  123   [8]  39 00 2D 42 30 53 98 FF
 (044.737753)  can0  124   [8]  39 07 5B AD 53 02 D0 08
 (044.747531)  can0  123   [8]  3A 00 2D 42 2E 9C BC FF
 (044.747708)  can0  124   [8]  3A 07 5B D4 3E 02 C9 08
 (044.757414)  can0  123   [8]  3B 00 2D 42 2D 24 92 FF
 (044.757628)  can0  124   [8]  3B 07 5B FB 18 02 C3 08
 (044.767381)  can0  123   [8]  3C 00 2D 42 2B 6D B7 FF
 (044.767504)  can0  124   [8]  3C 07 5C 22 06 02 BC 08
 (044.777226)  can0  123   [8]  3D 00 2D 42 29 F5 8D FF
 (044.777457)  can0  124   [8]  3D 07 5C 48 D9 02 B6 08
 (044.787172)  can0  123   [8]  3E 00 2E 42 28 3E B2 FF
 (044.787350)  can0  124   [8]  3E 07 5C 6F C4 02 AF 08
 (044.797110)  can0  123   [8]  3F 00 2E 42 26 C6 88 FF
 (044.797447)  can0  124   [8]  3F 07 5C 96 99 02 A9 08
 (044.807031)  can0  123   [8]  40 00 2E 42 25 4E 5E FF
 (044.807203)  can0  124   [8]  40 07 5C BD 88 02 A3 08
 (044.816839)  can0  123   [8]  41 00 2F 42 23 D6 34 FF
 (044.817070)  can0  124   [8]  41 07 5C E4 5A 02 9D 08
 (044.826856)  can0  123   [8]  42 00 2F 42 22 5E 0B FF
 (044.827072)  can0  124   [8]  42 07 5D 0B 4B 02 97 08
 (044.836951)  can0  123   [8]  43 00 2F 42 20 E5 E1 FF
 (044.836984)  can0  124   [8]  43 07 5D 32 1E 02 91 08
 (044.846657)  can0  123   [8]  44 00 2F 42 1F 2F 05 FF
 (044.846927)  can0  124   [8]  44 07 5D 59 0F 02 8A 08
 (044.856540)  can0  123   [8]  45 00 30 42 1D B6 DC FF
 (044.856791)  can0  124   [8]  45 07 5D 7F E0 02 84 08
 (044.866489)  can0  123   [8]  46 00 30 42 1C 3E B2 FF
 (044.866638)  can0  124   [8]  46 07 5D A6 D0 02 7E 08
 (044.876487)  can0  123   [8]  47 00 30 42 1A C6 88 FF
 (044.876575)  can0  124   [8]  47 07 5D CD A3 02 78 08
 (044.886256)  can0  123   [8]  48 00 30 42 19 4E 5E FF
 (044.886531)  can0  124   [8]  48 07 5D F4 8C 02 72 08
 (044.896134)  can0  123   [8]  49 00 30 42 17 D6 34 FF
 (044.896533)  can0  124   [8]  49 07 5E 1B 5D 02 6C 08
 (044.906065)  can0  123   [8]  4A 00 31 42 16 5E 0B FF
 (044.906465)  can0  124   [8]  4A 07 5E 42 50 02 66 08
 (044.915962)  can0  123   [8]  4B 00 31 42 14 E5 E1 FF
 (044.916194)  can0  124   [8]  4B 07 5E 69 25 02 60 08
 (044.925947)  can0  123   [8]  4C 00 31 42 13 6D B7 FF
 (044.926072)  can0  124   [8]  4C 07 5E 90 15 02 5A 08
 (044.935820)  can0  123   [8]  4D 00 32 42 11 B6 DC FF
 (044.936016)  can0  124   [8]  4D 07 5E B6 EA 02 53 08
 (044.945826)  can0  123   [8]  4E 00 32 42 10 3E B2 FF
 (044.945962)  can0  124   [8]  4E 07 5E DD DD 02 4D 08
 (044.955705)  can0  123   [8]  4F 00 32 42 0E C6 88 FF
 (044.955906)  can0  124   [8]  4F 07 5F 04 BA 02 47 08
 (044.965592)  can0  123   [8]  50 00 32 42 0D 4E 5E FF
 (044.965788)  can0  124   [8]  50 07 5F 2B A5 02 41 08
 (044.975525)  can0  123   [8]  51 00 33 42 0B D6 34 FF
 (044.975725)  can0  124   [8]  51 07 5F 52 81 02 3B 08
 (044.985490)  can0  123   [8]  52 00 33 42 0A 1F 59 FF
 (044.985835)  can0  124   [8]  52 07 5F 79 68 02 34 08
 (044.995538)  can0  123   [8]  53 00 34 42 08 A7 2F FF
 (044.995552)  can0  124   [8]  53 07 5F A0 44 02 2E 08
 (045.005303)  can0  123   [8]  54 00 34 42 07 2F 06 FF
 (045.005465)  can0  124   [8]  54 07 5F C7 30 02 28 08
 (045.015154)  can0  123   [8]  55 00 35 42 05 B6 DC FF
 (045.015324)  can0  124   [8]  55 07 5F EE 08 02 22 08
 (045.025192)  can0  123   [8]  56 00 35 42 04 3E B2 FF
 (045.025448)  can0  124   [8]  56 07 60 14 FA 02 1C 08
 (045.035245)  can0  123   [8]  57 00 36 42 02 C6 88 FF
 (045.035302)  can0  124   [8]  57 07 60 3B C5 02 16 08
 (045.044958)  can0  123   [8]  58 00 36 42 01 4E 5E FF
 (045.045327)  can0  124   [8]  58 07 60 62 BD 02 10 08
 (045.054820)  can0  123   [8]  59 00 36 41 FF AC 68 FF
 (045.055004)  can0  124   [8]  59 07 60 89 93 02 0A 08
 (045.064693)  can0  123   [8]  5A 00 37 41 FC BC 14 FF
 (045.064872)  can0  124   [8]  5A 07 60 B0 89 02 04 08
 (045.074640)  can0  123   [8]  5B 00 38 41 F9 CB C2 FF
 (045.074778)  can0  124   [8]  5B 07 60 D7 60 01 FE 08
 (045.084595)  can0  123   [8]  5C 00 39 41 F6 DB 6E FF
 (045.084717)  can0  124   [8]  5C 07 60 FE 53 01 F8 08
 (045.094419)  can0  123   [8]  5D 00 3C 41 F3 EB 1A FF
 (045.094618)  can0  124   [8]  5D 07 61 25 26 01 F2 08
 (045.104513)  can0  123   [8]  5E 00 3F 41 F0 FA C7 FF
 (045.104551)  can0  124   [8]  5E 07 61 4C 1C 01 EC 08
 (045.114490)  can0  123   [8]  5F 00 42 41 EE 0A 73 FF
 (045.114505)  can0  124   [8]  5F 07 61 72 F3 01 E6 08
 (045.124155)  can0  123   [8]  60 00 43 41 EB 97 82 FF
 (045.124346)  can0  124   [8]  60 07 61 99 E5 01 E1 08
 (045.134255)  can0  123   [8]  61 00 44 41 E8 A7 30 FF
 (045.134269)  can0  124   [8]  61 07 61 C0 C3 01 DB 08
 (045.144055)  can0  123   [8]  62 00 44 41 E5 B6 DC FF
 (045.144228)  can0  124   [8]  62 07 61 E7 BA 01 D5 08
 (045.153878)  can0  123   [8]  63 00 43 41 E2 C6 88 FF
 (045.154080)  can0  124   [8]  63 07 62 0E 96 01 CF 08
 (045.163890)  can0  123   [8]  64 00 43 41 DF D6 34 FF
 (045.164102)  can0  124   [8]  64 07 62 35 86 01 C9 08
 (045.173721)  can0  123   [8]  65 00 43 41 DC E5 E1 FF
 (045.173922)  can0  124   [8]  65 07 62 5C 65 01 C3 08
 (045.183561)  can0  123   [8]  66 00 43 41 DA 72 F0 FF
 (045.183826)  can0  124   [8]  66 07 62 83 58 01 BE 08
 (045.193493)  can0  123   [8]  67 00 43 41 D7 82 9C FF
 (045.193699)  can0  124   [8]  67 07 62 AA 30 01 B8 08
 (045.203344)  can0  123   [8]  68 00 42 41 D4 92 4A FF
 (045.203606)  can0  124   [8]  68 07 62 D1 1E 01 B2 08
 (045.213326)  can0  123   [8]  69 00 42 41 D1 A1 F6 FF
 (045.213465)  can0  124   [8]  69 07 62 F7 F4 01 AC 08
 (045.223189)  can0  123   [8]  6A 00 42 41 CE B1 A2 FF
 (045.223450)  can0  124   [8]  6A 07 63 1E EB 01 A6 08
 (045.233082)  can0  123   [8]  6B 00 42 41 CB C1 4E FF
 (045.233292)  can0  124   [8]  6B 07 63 45 C7 01 A0 08
 (045.242988)  can0  123   [8]  6C 00 42 41 C8 D0 FB FF
 (045.243206)  can0  124   [8]  6C 07 63 6C B7 01 9A 08
 (045.252989)  can0  123   [8]  6D 00 42 41 C5 E0 A7 FF
 (045.253137)  can0  124   [8]  6D 07 63 93 95 01 94 08
 (045.262803)  can0  123   [8]  6E 00 42 41 C2 F0 53 FF
 (045.263036)  can0  124   [8]  6E 07 63 BA 8C 01 8E 08
 (045.272843)  can0  123   [8]  6F 00 42 41 C0 7D 64 FF
 (045.273046)  can0  124   [8]  6F 07 63 E1 67 01 89 08
 (045.282707)  can0  123   [8]  70 00 42 41 BD 8D 10 FF
 (045.282884)  can0  124   [8]  70 07 64 08 62 01 83 08
 (045.292513)  can0  123   [8]  71 00 41 41 BB 1A 1F FF
 (045.292832)  can0  124   [8]  71 07 64 2F 43 01 7E 08
 (045.302593)  can0  123   [8]  72 00 41 41 B8 29 CB FF
 (045.302737)  can0  124   [8]  72 07 64 56 3B 01 78 08
 (045.312372)  can0  123   [8]  73 00 41 41 B5 39 78 FF
 (045.312586)  can0  124   [8]  73 07 64 7D 14 01 72 08
 (045.322311)  can0  123   [8]  74 00 41 41 B2 C6 88 FF
 (045.322510)  can0  124   [8]  74 07 64 A4 09 01 6D 08
 (045.332181)  can0  123   [8]  75 00 41 41 B0 53 98 FF
 (045.332411)  can0  124   [8]  75 07 64 CA E9 01 68 08
 (045.342089)  can0  123   [8]  76 00 41 41 AD 63 44 FF
 (045.342392)  can0  124   [8]  76 07 64 F1 E0 01 62 08
 (045.352010)  can0  123   [8]  77 00 41 41 AA F0 54 FF
 (045.352208)  can0  124   [8]  77 07 65 18 BD 01 5D 08
 (045.361924)  can0  123   [8]  78 00 41 41 A8 00 00 FF
 (045.362184)  can0  124   [8]  78 07 65 3F B0 01 57 08
 (045.371927)  can0  123   [8]  79 00 41 41 A5 8D 0F FF
 (045.372048)  can0  124   [8]  79 07 65 66 89 01 52 08
 (045.381744)  can0  123   [8]  7A 00 41 41 A2 9C BC FF
 (045.381998)  can0  124   [8]  7A 07 65 8D 7C 01 4C 08
 (045.391665)  can0  123   [8]  7B 00 41 41 9F AC 68 FF
 (045.391888)  can0  124   [8]  7B 07 65 B4 59 01 46 08
 (045.401604)  can0  123   [8]  7C 00 40 41 9D 39 78 FF
 (045.401957)  can0  124   [8]  7C 07 65 DB 52 01 41 08
 (045.411479)  can0  123   [8]  7D 00 40 41 9A 49 25 FF
 (045.411705)  can0  124   [8]  7D 07 66 02 2D 01 3B 08
 (045.421498)  can0  123   [8]  7E 00 40 41 97 D6 34 FF
 (045.421629)  can0  124   [8]  7E 07 66 29 1F 01 36 08
 (045.431302)  can0  123   [8]  7F 00 40 41 95 63 44 FF
 (045.431513)  can0  124   [8]  7F 07 66 4F FD 01 31 08
 (045.441195)  can0  123   [8]  80 00 40 41 92 72 F0 FF
 (045.441423)  can0  124   [8]  80 07 66 76 ED 01 2B 08
 (045.451119)  can0  123   [8]  81 00 40 41 90 00 00 FF
 (045.451336)  can0  124   [8]  81 07 66 9D D0 01 26 08
 (045.461044)  can0  123   [8]  82 00 40 41 8D 0F AC FF
 (045.461329)  can0  124   [8]  82 07 66 C4 C4 01 20 08
 (045.470945)  can0  123   [8]  83 00 40 41 8A 9C BC FF
 (045.471153)  can0  124   [8]  83 07 66 EB 9D 01 1B 08
 (045.480865)  can0  123   [8]  84 00 40 41 87 AC 69 FF
 (045.481113)  can0  124   [8]  84 07 67 12 95 01 15 08
 (045.490844)  can0  123   [8]  85 00 40 41 85 39 78 FF
 (045.490979)  can0  124   [8]  85 07 67 39 71 01 10 08
 (045.500743)  can0  123   [8]  86 00 40 41 82 49 25 FF
 (045.500904)  can0  124   [8]  86 07 67 60 67 01 0A 08
 (045.510679)  can0  123   [8]  87 00 40 41 7F AC 68 FF
 (045.510813)  can0  124   [8]  87 07 67 87 46 01 05 08
 (045.520816)  can0  123   [8]  88 00 40 41 7A C6 88 FF
 (045.520829)  can0  124   [8]  88 07 67 AE 3C 01 00 08
 (045.530421)  can0  123   [8]  89 00 40 41 74 E5 E0 FF
 (045.530631)  can0  124   [8]  89 07 67 D5 1C 00 FA 08
 (045.540325)  can0  123   [8]  8A 00 40 41 70 00 00 FF
 (045.540571)  can0  124   [8]  8A 07 67 FC 12 00 F5 08
 (045.550274)  can0  123   [8]  8B 00 40 41 6B 1A 1F FF
 (045.550420)  can0  124   [8]  8B 07 68 22 F0 00 F0 08
 (045.560385)  can0  123   [8]  8C 00 40 41 66 34 3F FF
 (045.560477)  can0  124   [8]  8C 07 68 49 E6 00 EB 08
 (045.570266)  can0  123   [8]  8D 00 3F 41 61 4E 5E FF
 (045.570562)  can0  124   [8]  8D 07 68 70 C7 00 E6 08
 (045.580045)  can0  123   [8]  8E 00 3F 41 5C 68 7E FF
 (045.580297)  can0  124   [8]  8E 07 68 97 C0 00 E1 08
 (045.590041)  can0  123   [8]  8F 00 40 41 57 82 9C FF
 (045.590188)  can0  124   [8]  8F 07 68 BE 9B 00 DC 08
 (045.599901)  can0  123   [8]  90 00 3F 41 52 9C BC FF
 (045.600248)  can0  124   [8]  90 07 68 E5 92 00 D7 08
 (045.609991)  can0  123   [8]  91 00 3F 41 4E B1 A2 FF
 (045.610030)  can0  124   [8]  91 07 69 0C 6A 00 D3 08
 (045.619841)  can0  123   [8]  92 00 3F 41 49 CB C1 FF
 (045.619949)  can0  124   [8]  92 07 69 33 62 00 CE 08
 (045.629691)  can0  123   [8]  93 00 3F 41 43 EB 1B FF
 (045.629873)  can0  124   [8]  93 07 69 5A 3E 00 C8 08
 (045.639558)  can0  123   [8]  94 00 3F 41 40 00 01 FF
 (045.639741)  can0  124   [8]  94 07 69 81 37 00 C4 08
 (045.649855)  can0  123   [8]  95 00 3E 41 3E 0A 73 FF
 (045.649898)  can0  124   [8]  95 07 69 A8 16 00 C2 08
 (045.659380)  can0  123   [8]  96 00 3D 41 3E 0A 73 FF
 (045.659614)  can0  124   [8]  96 07 69 CF 0B 00 C2 08
 (045.669272)  can0  123   [8]  97 00 3D 41 3E 0A 73 FF
 (045.669515)  can0  124   [8]  97 07 69 F5 E6 00 C2 08
 (045.679238)  can0  123   [8]  98 00 3D 41 3E 0A 73 FF
 (045.679535)  can0  124   [8]  98 07 6A 1C DF 00 C2 08
 (045.689054)  can0  123   [8]  99 00 3D 41 3E 0A 73 FF
 (045.689322)  can0  124   [8]  99 07 6A 43 BE 00 C2 08
 (045.698993)  can0  123   [8]  9A 00 3E 41 40 00 01 FF
 (045.699215)  can0  124   [8]  9A 07 6A 6A BC 00 C4 08
 (045.708922)  can0  123   [8]  9B 00 3E 41 42 F0 53 FF
 (045.709084)  can0  124   [8]  9B 07 6A 91 97 00 C7 08
 (045.718769)  can0  123   [8]  9C 00 3E 41 45 E0 A7 FF
 (045.719024)  can0  124   [8]  9C 07 6A B8 8E 00 CA 08
 (045.728666)  can0  123   [8]  9D 00 3E 41 48 D0 FB FF
 (045.728952)  can0  124   [8]  9D 07 6A DF 6A 00 CD 08
 (045.738556)  can0  123   [8]  9E 00 3E 41 4C BC 14 FF
 (045.738784)  can0  124   [8]  9E 07 6B 06 62 00 D1 08
 (045.748492)  can0  123   [8]  9F 00 3E 41 50 A7 2E FF
 (045.748800)  can0  124   [8]  9F 07 6B 2D 41 00 D5 08
 (045.758411)  can0  123   [8]  A0 00 3E 41 54 92 4A FF
 (045.758595)  can0  124   [8]  A0 07 6B 54 35 00 D9 08
 (045.768449)  can0  123   [8]  A1 00 3E 41 58 7D 64 FF
 (045.768519)  can0  124   [8]  A1 07 6B 7B 0B 00 DD 08
 (045.778329)  can0  123   [8]  A2 00 3E 41 5C 68 7E FF
 (045.778392)  can0  124   [8]  A2 07 6B A1 FD 00 E1 08
 (045.788140)  can0  123   [8]  A3 00 3E 41 61 4E 5E FF
 (045.788364)  can0  124   [8]  A3 07 6B C8 D5 00 E6 08
 (045.798025)  can0  123   [8]  A4 00 3E 41 65 39 77 FF
 (045.798218)  can0  124   [8]  A4 07 6B EF C6 00 EA 08
 (045.807904)  can0  123   [8]  A5 00 3E 41 69 24 93 FF
 (045.808160)  can0  124   [8]  A5 07 6C 16 9E 00 EE 08
 (045.817897)  can0  123   [8]  A6 00 3E 41 6D 0F AD FF
 (045.818050)  can0  124   [8]  A6 07 6C 3D 8B 00 F2 08
 (045.827821)  can0  123   [8]  A7 00 3E 41 71 F5 8D FF
 (045.827979)  can0  124   [8]  A7 07 6C 64 6F 00 F7 08
 (045.837626)  can0  123   [8]  A8 00 3E 41 76 DB 6E FF
 (045.838029)  can0  124   [8]  A8 07 6C 8B 68 00 FC 08
 (045.847625)  can0  123   [8]  A9 00 3E 41 7A C6 88 FF
 (045.847776)  can0  124   [8]  A9 07 6C B2 47 01 00 08
 (045.857540)  can0  123   [8]  AA 00 3E 41 7F AC 68 FF
 (045.857721)  can0  124   [8]  AA 07 6C D9 3F 01 05 08
 (045.867482)  can0  123   [8]  AB 00 3E 41 81 CB C1 FF
 (045.867684)  can0  124   [8]  AB 07 6D 00 1F 01 09 08
 (045.877447)  can0  123   [8]  AC 00 3E 41 84 3E B2 FF
 (045.877568)  can0  124   [8]  AC 07 6D 27 1B 01 0E 08
 (045.887218)  can0  123   [8]  AD 00 3E 41 86 34 3F FF
 (045.887462)  can0  124   [8]  AD 07 6D 4D F9 01 12 08
 (045.897196)  can0  123   [8]  AE 00 3E 41 88 A7 2F FF
 (045.897338)  can0  124   [8]  AE 07 6D 74 F1 01 17 08
 (045.907061)  can0  123   [8]  AF 00 3E 41 8B 1A 1F FF
 (045.907282)  can0  124   [8]  AF 07 6D 9B CB 01 1C 08
 (045.917033)  can0  123   [8]  B0 00 3E 41 8D 8D 0F FF
 (045.917240)  can0  124   [8]  B0 07 6D C2 BF 01 21 08
 (045.926893)  can0  123   [8]  B1 00 3E 41 90 00 00 FF
 (045.927123)  can0  124   [8]  B1 07 6D E9 9B 01 26 08
 (045.936890)  can0  123   [8]  B2 00 3E 41 91 F5 8D FF
 (045.937052)  can0  124   [8]  B2 07 6E 10 90 01 2A 08
 (045.946848)  can0  123   [8]  B3 00 3F 41 94 68 7D FF
 (045.946931)  can0  124   [8]  B3 07 6E 37 6C 01 2F 08
 (045.956704)  can0  123   [8]  B4 00 3F 41 96 DB 6E FF
 (045.956852)  can0  124   [8]  B4 07 6E 5E 66 01 34 08
 (045.966545)  can0  123   [8]  B5 00 3F 41 99 4E 5E FF
 (045.966781)  can0  124   [8]  B5 07 6E 85 41 01 39 08
 (045.976541)  can0  123   [8]  B6 00 3F 41 9B C1 4F FF
 (045.976708)  can0  124   [8]  B6 07 6E AC 3B 01 3E 08
 (045.987341)  can0  123   [8]  B7 00 3F 41 9E 34 3F FF
 (045.987369)  can0  124   [8]  B7 07 6E D3 18 01 43 08
 (045.996611)  can0  123   [8]  B8 00 3F 41 A1 24 92 FF
 (045.996662)  can0  124   [8]  B8 07 6E FA 0E 01 49 08
 (046.006863)  can0  123   [8]  B9 00 3F 41 A3 97 82 FF
 (046.006899)  can0  124   [8]  B9 07 6F 20 E1 01 4E 08
 (046.016223)  can0  123   [8]  BA 00 3F 41 A6 0A 73 FF
 (046.016244)  can0  124   [8]  BA 07 6F 47 DA 01 53 08
 (046.025934)  can0  123   [8]  BB 00 3F 41 A8 FA C7 FF
 (046.026174)  can0  124   [8]  BB 07 6F 6E B1 01 59 08
 (046.035918)  can0  123   [8]  BC 00 3F 41 AB 6D B7 FF
 (046.036189)  can0  124   [8]  BC 07 6F 95 A3 01 5E 08
 (046.045880)  can0  123   [8]  BD 00 3F 41 AD E0 A7 FF
 (046.046011)  can0  124   [8]  BD 07 6F BC 7D 01 63 08
 (046.055756)  can0  123   [8]  BE 00 3F 41 B0 D0 FB FF
 (046.056488)  can0  124   [8]  BE 07 6F E3 73 01 69 08
 (046.065678)  can0  123   [8]  BF 00 3F 41 B3 C1 4E FF
 (046.065852)  can0  124   [8]  BF 07 70 0A 4A 01 6F 08
 (046.075609)  can0  123   [8]  C0 00 40 41 B6 34 3F FF
 (046.075889)  can0  124   [8]  C0 07 70 31 3F 01 74 08
 (046.085547)  can0  123   [8]  C1 00 40 41 B9 24 93 FF
 (046.085648)  can0  124   [8]  C1 07 70 58 1A 01 7A 08
 (046.095615)  can0  123   [8]  C2 00 40 41 BC 14 E5 FF
 (046.095642)  can0  124   [8]  C2 07 70 7F 0A 01 80 08
 (046.105483)  can0  123   [8]  C3 00 40 41 BF 05 39 FF
 (046.105519)  can0  124   [8]  C3 07 70 A5 E7 01 86 08
 (046.115251)  can0  123   [8]  C4 00 40 41 C1 F5 8D FF
 (046.115535)  can0  124   [8]  C4 07 70 CC DE 01 8C 08
 (046.125155)  can0  123   [8]  C5 00 40 41 C4 E5 E1 FF
 (046.125365)  can0  124   [8]  C5 07 70 F3 B9 01 92 08
 (046.135076)  can0  123   [8]  C6 00 40 41 C7 58 D1 FF
 (046.135258)  can0  124   [8]  C6 07 71 1A AF 01 97 08
 (046.144902)  can0  123   [8]  C7 00 41 41 CA 49 25 FF
 (046.145103)  can0  124   [8]  C7 07 71 41 8C 01 9D 08
 (046.154845)  can0  123   [8]  C8 00 41 41 CD B6 DC FF
 (046.155092)  can0  124   [8]  C8 07 71 68 81 01 A4 08
 (046.164761)  can0  123   [8]  C9 00 41 41 D0 A7 2E FF
 (046.164944)  can0  124   [8]  C9 07 71 8F 58 01 AA 08
 (046.174669)  can0  123   [8]  CA 00 41 41 D3 97 82 FF
 (046.174931)  can0  124   [8]  CA 07 71 B6 4B 01 B0 08
 (046.184713)  can0  123   [8]  CB 00 41 41 D6 87 D6 FF
 (046.184732)  can0  124   [8]  CB 07 71 DD 25 01 B6 08
 (046.194636)  can0  123   [8]  CC 00 41 41 D9 78 2A FF
 (046.194657)  can0  124   [8]  CC 07 72 04 1A 01 BC 08
 (046.204383)  can0  123   [8]  CD 00 42 41 DC 68 7E FF
 (046.204560)  can0  124   [8]  CD 07 72 2B 00 01 C2 08
 (046.214243)  can0  123   [8]  CE 00 42 41 DF 58 D1 FF
 (046.214466)  can0  124   [8]  CE 07 72 51 F1 01 C8 08
 (046.224175)  can0  123   [8]  CF 00 42 41 E2 C6 88 FF
 (046.224398)  can0  124   [8]  CF 07 72 78 CE 01 CF 08
 (046.234071)  can0  123   [8]  D0 00 42 41 E5 B6 DC FF
 (046.234330)  can0  124   [8]  D0 07 72 9F BB 01 D5 08
 (046.243991)  can0  123   [8]  D1 00 42 41 E9 24 93 FF
 (046.244202)  can0  124   [8]  D1 07 72 C6 98 01 DC 08
 (046.253937)  can0  123   [8]  D2 00 42 41 EC 14 E7 FF
 (046.254161)  can0  124   [8]  D2 07 72 ED 86 01 E2 08
 (046.263900)  can0  123   [8]  D3 00 42 41 EF 82 9D FF
 (046.264165)  can0  124   [8]  D3 07 73 14 5F 01 E9 08
 (046.273739)  can0  123   [8]  D4 00 42 41 F2 72 F0 FF
 (046.273962)  can0  124   [8]  D4 07 73 3B 4C 01 EF 08
 (046.283601)  can0  123   [8]  D5 00 3F 41 F5 E0 A7 FF
 (046.283889)  can0  124   [8]  D5 07 73 62 23 01 F6 08
 (046.293614)  can0  123   [8]  D6 00 3C 41 F8 D0 FA FF
 (046.293859)  can0  124   [8]  D6 07 73 89 1A 01 FC 08
 (046.303528)  can0  123   [8]  D7 00 39 41 FC 3E B1 FF
 (046.303703)  can0  124   [8]  D7 07 73 AF FA 02 03 08
 (046.313380)  can0  123   [8]  D8 00 37 41 FF AC 68 FF
 (046.313604)  can0  124   [8]  D8 07 73 D6 F1 02 0A 08
 (046.323270)  can0  123   [8]  D9 00 36 42 01 8D 0F FF
 (046.323503)  can0  124   [8]  D9 07 73 FD C8 02 11 08
 (046.333217)  can0  123   [8]  DA 00 35 42 03 43 EB FF
 (046.333434)  can0  124   [8]  DA 07 74 24 C0 02 18 08
 (046.343086)  can0  123   [8]  DB 00 34 42 04 FA C6 FF
 (046.343312)  can0  124   [8]  DB 07 74 4B 91 02 1F 08
 (046.353024)  can0  123   [8]  DC 00 34 42 06 B1 A2 FF
 (046.353226)  can0  124   [8]  DC 07 74 72 8E 02 26 08
 (046.362919)  can0  123   [8]  DD 00 34 42 08 68 7D FF
 (046.363106)  can0  124   [8]  DD 07 74 99 6E 02 2D 08
 (046.372922)  can0  123   [8]  DE 00 33 42 0A 1F 59 FF
 (046.373108)  can0  124   [8]  DE 07 74 C0 68 02 34 08
 (046.382805)  can0  123   [8]  DF 00 32 42 0B D6 34 FF
 (046.383012)  can0  124   [8]  DF 07 74 E7 3F 02 3B 08
 (046.392767)  can0  123   [8]  E0 00 32 42 0D 8D 0F FF
 (046.392906)  can0  124   [8]  E0 07 75 0E 38 02 42 08
 (046.402616)  can0  123   [8]  E1 00 32 42 0F 82 9D FF
 (046.402804)  can0  124   [8]  E1 07 75 35 10 02 4A 08
 (046.412513)  can0  123   [8]  E2 00 31 42 11 39 78 FF
 (046.412762)  can0  124   [8]  E2 07 75 5C 04 02 51 08
 (046.422431)  can0  123   [8]  E3 00 31 42 13 2F 05 FF
 (046.422673)  can0  124   [8]  E3 07 75 82 DC 02 59 08
 (046.432364)  can0  123   [8]  E4 00 31 42 14 E5 E1 FF
 (046.432618)  can0  124   [8]  E4 07 75 A9 CE 02 60 08
 (046.442220)  can0  123   [8]  E5 00 30 42 16 9C BC FF
 (046.442485)  can0  124   [8]  E5 07 75 D0 AC 02 67 08
 (046.452164)  can0  123   [8]  E6 00 30 42 18 92 49 FF
 (046.452418)  can0  124   [8]  E6 07 75 F7 9C 02 6F 08
 (046.462032)  can0  123   [8]  E7 00 2F 42 1A 49 25 FF
 (046.462855)  can0  124   [8]  E7 07 76 1E 74 02 76 08
 (046.471967)  can0  123   [8]  E8 00 2F 42 1C 3E B2 FF
 (046.472570)  can0  124   [8]  E8 07 76 45 63 02 7E 08
 (046.482326)  can0  123   [8]  E9 00 2F 42 1E 34 3F FF
 (046.482350)  can0  124   [8]  E9 07 76 6C 43 02 86 08
 (046.491825)  can0  123   [8]  EA 00 2F 42 1F EB 1A FF
 (046.492086)  can0  124   [8]  EA 07 76 93 3A 02 8D 08
 (046.501716)  can0  123   [8]  EB 00 2E 42 21 E0 A7 FF
 (046.501942)  can0  124   [8]  EB 07 76 BA 16 02 95 08
 (046.511867)  can0  123   [8]  EC 00 2E 42 23 D6 34 FF
 (046.511892)  can0  124   [8]  EC 07 76 E1 06 02 9D 08
 (046.521518)  can0  123   [8]  ED 00 2E 42 25 8D 0F FF
 (046.521759)  can0  124   [8]  ED 07 77 07 E7 02 A4 08
 (046.531516)  can0  123   [8]  EE 00 2E 42 27 82 9D FF
 (046.531807)  can0  124   [8]  EE 07 77 2E D9 02 AC 08
 (046.541404)  can0  123   [8]  EF 00 2D 42 29 78 2A FF
 (046.541856)  can0  124   [8]  EF 07 77 55 AE 02 B4 08
 (046.551317)  can0  123   [8]  F0 00 2D 42 2B 6D B7 FF
 (046.551535)  can0  124   [8]  F0 07 77 7C A8 02 BC 08
 (046.561200)  can0  123   [8]  F1 00 2D 42 2D 63 44 FF
 (046.561427)  can0  124   [8]  F1 07 77 A3 8F 02 C4 08
 (046.571213)  can0  123   [8]  F2 00 2D 42 2F 58 D1 FF
 (046.571316)  can0  124   [8]  F2 07 77 CA 80 02 CC 08
 (046.581109)  can0  123   [8]  F3 00 2C 42 31 4E 5E FF
 (046.581212)  can0  124   [8]  F3 07 77 F1 5E 02 D4 08
 (046.590950)  can0  123   [8]  F4 00 2C 42 33 82 9D FF
 (046.591341)  can0  124   [8]  F4 07 78 18 4E 02 DD 08
 (046.600828)  can0  123   [8]  F5 00 2C 42 35 78 29 FF
 (046.601005)  can0  124   [8]  F5 07 78 3F 2F 02 E5 08
 (046.610724)  can0  123   [8]  F6 00 2C 42 37 6D B7 FF
 (046.610936)  can0  124   [8]  F6 07 78 66 22 02 ED 08
 (046.620672)  can0  123   [8]  F7 00 2C 42 39 63 44 FF
 (046.620830)  can0  124   [8]  F7 07 78 8C FB 02 F5 08
 (046.630648)  can0  123   [8]  F8 00 2C 42 3B 97 82 FF
 (046.630741)  can0  124   [8]  F8 07 78 B3 EB 02 FE 08
 (046.640501)  can0  123   [8]  F9 00 2B 42 3D 8D 10 FF
 (046.640603)  can0  124   [8]  F9 07 78 DA C8 03 06 08
 (046.650453)  can0  123   [8]  FA 00 2B 42 3F 82 9C FF
 (046.650517)  can0  124   [8]  FA 07 79 01 B8 03 0E 08
 (046.660456)  can0  123   [8]  FB 00 2B 42 41 B6 DB FF
 (046.660469)  can0  124   [8]  FB 07 79 28 8E 03 17 08
 (046.670184)  can0  123   [8]  FC 00 2B 42 43 AC 69 FF
 (046.670349)  can0  124   [8]  FC 07 79 4F 7F 03 1F 08
 (046.680106)  can0  123   [8]  FD 00 2B 42 45 E0 A7 FF
 (046.680336)  can0  124   [8]  FD 07 79 76 54 03 28 08
 (046.690040)  can0  123   [8]  FE 00 2B 42 48 14 E6 FF
 (046.690260)  can0  124   [8]  FE 07 79 9D 4A 03 31 08
 (046.699932)  can0  123   [8]  FF 00 2B 42 4A 0A 72 FF
 (046.700763)  can0  124   [8]  FF 07 79 C4 21 03 39 08
 (046.709878)  can0  123   [8]  00 00 2B 42 4C 3E B1 FF
 (046.710017)  can0  124   [8]  00 07 79 EB 15 03 42 08
 (046.719885)  can0  123   [8]  01 00 2A 42 4E 72 F1 FF
 (046.719983)  can0  124   [8]  01 07 7A 11 F5 03 4B 08
 (046.729597)  can0  123   [8]  02 00 2A 42 50 A7 2E FF
 (046.729849)  can0  124   [8]  02 07 7A 38 E8 03 54 08
 (046.739644)  can0  123   [8]  03 00 2A 42 52 9C BC FF
 (046.739750)  can0  124   [8]  03 07 7A 5F C1 03 5C 08
 (046.749558)  can0  123   [8]  04 00 2A 42 55 0F AD FF
 (046.749726)  can0  124   [8]  04 07 7A 86 AD 03 66 08
 (046.759448)  can0  123   [8]  05 00 2A 42 57 05 39 FF
 (046.759588)  can0  124   [8]  05 07 7A AD 84 03 6E 08
 (046.769400)  can0  123   [8]  06 00 2A 42 59 78 2A FF
 (046.769793)  can0  124   [8]  06 07 7A D4 76 03 78 08
 (046.779171)  can0  123   [8]  07 00 2A 42 5B AC 69 FF
 (046.779383)  can0  124   [8]  07 07 7A FB 53 03 81 08
 (046.789136)  can0  123   [8]  08 00 2A 42 5D E0 A7 FF
 (046.789271)  can0  124   [8]  08 07 7B 22 49 03 8A 08
 (046.799024)  can0  123   [8]  09 00 2A 42 60 14 E6 FF
 (046.799244)  can0  124   [8]  09 07 7B 49 29 03 93 08
 (046.809009)  can0  123   [8]  0A 00 29 42 62 49 25 FF
 (046.809147)  can0  124   [8]  0A 07 7B 70 24 03 9C 08
 (046.818881)  can0  123   [8]  0B 00 29 42 64 7D 63 FF
 (046.818998)  can0  124   [8]  0B 07 7B 97 05 03 A5 08
 (046.828772)  can0  123   [8]  0C 00 29 42 66 F0 54 FF
 (046.828948)  can0  124   [8]  0C 07 7B BD F8 03 AF 08
 (046.838704)  can0  123   [8]  0D 00 29 42 69 24 93 FF
 (046.838846)  can0  124   [8]  0D 07 7B E4 D8 03 B8 08
 (046.848558)  can0  123   [8]  0E 00 29 42 6B 97 82 FF
 (046.848789)  can0  124   [8]  0E 07 7C 0B CF 03 C2 08
 (046.858509)  can0  123   [8]  0F 00 29 42 6D CB C1 FF
 (046.858666)  can0  124   [8]  0F 07 7C 32 AA 03 CB 08
 (046.868518)  can0  123   [8]  10 00 29 42 70 00 00 FF
 (046.868585)  can0  124   [8]  10 07 7C 59 A8 03 D4 08
 (046.878268)  can0  123   [8]  11 00 29 42 72 72 F0 FF
 (046.878484)  can0  124   [8]  11 07 7C 80 85 03 DE 08
 (046.888223)  can0  123   [8]  12 00 28 42 74 A7 2F FF
 (046.888443)  can0  124   [8]  12 07 7C A7 80 03 E7 08
 (046.898108)  can0  123   [8]  13 00 28 42 77 1A 20 FF
 (046.898313)  can0  124   [8]  13 07 7C CE 5E 03 F1 08
 (046.908050)  can0  123   [8]  14 00 28 42 79 8D 0F FF
 (046.908243)  can0  124   [8]  14 07 7C F5 55 03 FB 08
 (046.917971)  can0  123   [8]  15 00 28 42 7B C1 4E FF
 (046.918136)  can0  124   [8]  15 07 7D 1C 32 04 04 08
 (046.927820)  can0  123   [8]  16 00 28 42 7E 34 3F FF
 (046.928080)  can0  124   [8]  16 07 7D 43 2A 04 0E 08
 (046.937772)  can0  123   [8]  17 00 28 42 80 53 98 FF
 (046.937933)  can0  124   [8]  17 07 7D 6A 05 04 18 08
 (046.947703)  can0  123   [8]  18 00 28 42 81 8D 0F FF
 (046.947885)  can0  124   [8]  18 07 7D 90 FB 04 22 08
 (046.957559)  can0  123   [8]  19 00 28 42 82 C6 88 FF
 (046.957859)  can0  124   [8]  19 07 7D B7 D4 04 2C 08
 (046.967509)  can0  123   [8]  1A 00 28 42 84 00 00 FF
 (046.967665)  can0  124   [8]  1A 07 7D DE CA 04 36 08
 (046.977423)  can0  123   [8]  1B 00 28 42 85 39 78 FF
 (046.977602)  can0  124   [8]  1B 07 7E 05 AC 04 40 08
 (046.987325)  can0  123   [8]  1C 00 28 42 86 53 97 FF
 (046.987633)  can0  124   [8]  1C 07 7E 2C A2 04 49 08
 (046.997201)  can0  123   [8]  1D 00 28 42 87 8D 10 FF
 (046.997391)  can0  124   [8]  1D 07 7E 53 7A 04 53 08
 (047.007188)  can0  123   [8]  1E 00 27 42 88 C6 88 FF
 (047.007448)  can0  124   [8]  1E 07 7E 7A 71 04 5D 08
 (047.017061)  can0  123   [8]  1F 00 27 42 8A 00 00 FF
 (047.017237)  can0  124   [8]  1F 07 7E A1 4A 04 67 08
 (047.026949)  can0  123   [8]  20 00 27 42 8B 39 78 FF
 (047.027208)  can0  124   [8]  20 07 7E C8 3C 04 71 08
 (047.036846)  can0  123   [8]  21 00 27 42 8C 53 98 FF
 (047.037031)  can0  124   [8]  21 07 7E EF 16 04 7A 08
 (047.046755)  can0  123   [8]  22 00 27 42 8D 8D 0F FF
 (047.047090)  can0  124   [8]  22 07 7F 16 12 04 84 08
 (047.056721)  can0  123   [8]  23 00 27 42 8E C6 88 FF
 (047.056837)  can0  124   [8]  23 07 7F 3C EF 04 8E 08
 (047.066595)  can0  123   [8]  24 00 27 42 90 00 00 FF
 (047.066817)  can0  124   [8]  24 07 7F 63 E7 04 98 08
 (047.076510)  can0  123   [8]  25 00 27 42 91 39 78 FF
 (047.076865)  can0  124   [8]  25 07 7F 8A C7 04 A2 08
 (047.086451)  can0  123   [8]  26 00 27 42 92 72 F0 FF
 (047.086649)  can0  124   [8]  26 07 7F B1 C1 04 AC 08
 (047.096287)  can0  123   [8]  27 00 27 42 93 AC 69 FF
 (047.096510)  can0  124   [8]  27 07 7F D8 98 04 B6 08
 (047.106198)  can0  123   [8]  28 00 27 42 94 C6 88 FF
 (047.106430)  can0  124   [8]  28 07 7F FF 97 04 BF 08
 (047.116141)  can0  123   [8]  29 00 27 42 96 00 00 FF
 (047.116377)  can0  124   [8]  29 07 80 26 70 04 C9 08
 (047.126083)  can0  123   [8]  2A 00 27 42 97 39 78 FF
 (047.126284)  can0  124   [8]  2A 07 80 4D 6A 04 D3 08
 (047.136212)  can0  123   [8]  2B 00 27 42 98 72 F0 FF
 (047.136231)  can0  124   [8]  2B 07 80 74 42 04 DD 08
 (047.145888)  can0  123   [8]  2C 00 27 42 99 8D 0F FF
 (047.146118)  can0  124   [8]  2C 07 80 9B 39 04 E6 08
 (047.155771)  can0  123   [8]  2D 00 27 42 9A C6 88 FF
 (047.155999)  can0  124   [8]  2D 07 80 C2 14 04 F0 08
 (047.165792)  can0  123   [8]  2E 00 27 42 9C 00 00 FF
 (047.165895)  can0  124   [8]  2E 07 80 E9 02 04 FA 08
 (047.175700)  can0  123   [8]  2F 00 27 42 9D 39 78 FF
 (047.175833)  can0  124   [8]  2F 07 81 0F D9 05 04 08
 (047.185550)  can0  123   [8]  30 00 27 42 9E 72 F0 FF
 (047.185738)  can0  124   [8]  30 07 81 36 CE 05 0E 08
 (047.195497)  can0  123   [8]  31 00 27 42 9F 8D 10 FF
 (047.195612)  can0  124   [8]  31 07 81 5D A2 05 17 08
 (047.205398)  can0  123   [8]  32 00 26 42 A0 C6 88 FF
 (047.205596)  can0  124   [8]  32 07 81 84 94 05 21 08
 (047.215233)  can0  123   [8]  33 00 26 42 A2 00 00 FF
 (047.215460)  can0  124   [8]  33 07 81 AB 6B 05 2B 08
 (047.225139)  can0  123   [8]  34 00 26 42 A3 1A 1F FF
 (047.225409)  can0  124   [8]  34 07 81 D2 60 05 34 08
 (047.235179)  can0  123   [8]  35 00 26 42 A4 53 98 FF
 (047.235273)  can0  124   [8]  35 07 81 F9 3D 05 3E 08
 (047.245008)  can0  123   [8]  36 00 26 42 A5 8D 0F FF
 (047.245208)  can0  124   [8]  36 07 82 20 31 05 48 08
 (047.254886)  can0  123   [8]  37 00 26 42 A6 C6 88 FF
 (047.255251)  can0  124   [8]  37 07 82 47 00 05 52 08
 (047.264846)  can0  123   [8]  38 00 26 42 A8 00 00 FF
 (047.264989)  can0  124   [8]  38 07 82 6D F4 05 5C 08
 (047.274817)  can0  123   [8]  39 00 26 42 A9 39 78 FF
 (047.274933)  can0  124   [8]  39 07 82 94 CD 05 66 08
 (047.284649)  can0  123   [8]  3A 00 26 42 AA 53 97 FF
 (047.284873)  can0  124   [8]  3A 07 82 BB BD 05 6F 08
 (047.294555)  can0  123   [8]  3B 00 26 42 AB 8D 10 FF
 (047.294760)  can0  124   [8]  3B 07 82 E2 96 05 79 08
 (047.304581)  can0  123   [8]  3C 00 26 42 AC C6 88 FF
 (047.304659)  can0  124   [8]  3C 07 83 09 8E 05 83 08
 (047.314372)  can0  123   [8]  3D 00 26 42 AD E0 A7 FF
 (047.314595)  can0  124   [8]  3D 07 83 30 66 05 8C 08
 (047.324377)  can0  123   [8]  3E 00 26 42 AF 1A 1F FF
 (047.324492)  can0  124   [8]  3E 07 83 57 5E 05 96 08
 (047.334201)  can0  123   [8]  3F 00 26 42 B0 53 98 FF
 (047.334363)  can0  124   [8]  3F 07 83 7E 39 05 A0 08
 (047.344060)  can0  123   [8]  40 00 26 42 B1 8D 10 FF
 (047.344330)  can0  124   [8]  40 07 83 A5 32 05 AA 08
 (047.353938)  can0  123   [8]  41 00 26 42 B2 C6 88 FF
 (047.354195)  can0  124   [8]  41 07 83 CC 0C 05 B4 08
 (047.363992)  can0  123   [8]  42 00 26 42 B3 E0 A7 FF
 (047.364165)  can0  124   [8]  42 07 83 F2 FF 05 BD 08
 (047.373849)  can0  123   [8]  43 00 26 42 B5 1A 20 FF
 (047.374080)  can0  124   [8]  43 07 84 19 DC 05 C7 08
 (047.383830)  can0  123   [8]  44 00 26 42 B6 53 97 FF
 (047.383906)  can0  124   [8]  44 07 84 40 D3 05 D1 08
 (047.393629)  can0  123   [8]  45 00 26 42 B7 6D B7 FF
 (047.393848)  can0  124   [8]  45 07 84 67 AD 05 DA 08
 (047.403508)  can0  123   [8]  46 00 26 42 B8 A7 2E FF
 (047.403734)  can0  124   [8]  46 07 84 8E A0 05 E4 08
 (047.413520)  can0  123   [8]  47 00 26 42 B9 E0 A8 FF
 (047.413662)  can0  124   [8]  47 07 84 B5 7A 05 EE 08
 (047.423792)  can0  123   [8]  48 00 26 42 BB 1A 1F FF
 (047.423849)  can0  124   [8]  48 07 84 DC 71 05 F8 08
 (047.433257)  can0  123   [8]  49 00 26 42 BC 34 3F FF
 (047.433512)  can0  124   [8]  49 07 85 03 47 06 01 08
 (047.443220)  can0  123   [8]  4A 00 26 42 BD 6D B6 FF
 (047.443392)  can0  124   [8]  4A 07 85 2A 33 06 0B 08
 (047.453113)  can0  123   [8]  4B 00 27 42 BE A7 30 FF
 (047.453259)  can0  124   [8]  4B 07 85 51 07 06 15 08
 (047.463091)  can0  123   [8]  4C 00 27 42 BF C1 4E FF
 (047.463462)  can0  124   [8]  4C 07 85 77 F7 06 1E 08
 (047.472968)  can0  123   [8]  4D 00 27 42 C0 FA C7 FF
 (047.473136)  can0  124   [8]  4D 07 85 9E CC 06 28 08
 (047.482875)  can0  123   [8]  4E 00 27 42 C2 34 3E FF
 (047.483044)  can0  124   [8]  4E 07 85 C5 C1 06 32 08
 (047.493001)  can0  123   [8]  4F 00 27 42 C3 4E 5E FF
 (047.493036)  can0  124   [8]  4F 07 85 EC 98 06 3B 08
 (047.502635)  can0  123   [8]  50 00 28 42 C4 87 D6 FF
 (047.502895)  can0  124   [8]  50 07 86 13 86 06 45 08
 (047.512588)  can0  123   [8]  51 00 29 42 C5 C1 4F FF
 (047.512753)  can0  124   [8]  51 07 86 3A 5B 06 4F 08
 (047.522534)  can0  123   [8]  52 00 29 42 C6 DB 6E FF
 (047.522691)  can0  124   [8]  52 07 86 61 46 06 58 08
 (047.532418)  can0  123   [8]  53 00 29 42 C8 14 E6 FF
 (047.532609)  can0  124   [8]  53 07 86 88 1E 06 62 08
 (047.542298)  can0  123   [8]  54 00 29 42 C9 4E 5E FF
 (047.542533)  can0  124   [8]  54 07 86 AF 0B 06 6C 08
 (047.552193)  can0  123   [8]  55 00 29 42 CA 87 D7 FF
 (047.552439)  can0  124   [8]  55 07 86 D5 E3 06 76 08
 (047.562136)  can0  123   [8]  56 00 29 42 CB A1 F5 FF
 (047.562305)  can0  124   [8]  56 07 86 FC D2 06 7F 08
 (047.572036)  can0  123   [8]  57 00 29 42 CC DB 6E FF
 (047.572201)  can0  124   [8]  57 07 87 23 AA 06 89 08
 (047.581952)  can0  123   [8]  58 00 2A 42 CD F5 8E FF
 (047.582143)  can0  124   [8]  58 07 87 4A 9A 06 92 08
 (047.591855)  can0  123   [8]  59 00 2B 42 CF 2F 05 FF
 (047.592046)  can0  124   [8]  59 07 87 71 7C 06 9C 08
 (047.601820)  can0  123   [8]  5A 00 2B 42 D0 68 7D FF
 (047.601980)  can0  124   [8]  5A 07 87 98 6C 06 A6 08
 (047.611671)  can0  123   [8]  5B 00 2B 42 D1 82 9C FF
 (047.611839)  can0  124   [8]  5B 07 87 BF 45 06 AF 08
 (047.621681)  can0  123   [8]  5C 00 2C 42 D2 BC 16 FF
 (047.621917)  can0  124   [8]  5C 07 87 E6 39 06 B9 08
 (047.631502)  can0  123   [8]  5D 00 2C 42 D3 D6 34 FF
 (047.631674)  can0  124   [8]  5D 07 88 0D 14 06 C2 08
 (047.641446)  can0  123   [8]  5E 00 2C 42 D5 0F AD FF
 (047.641620)  can0  124   [8]  5E 07 88 34 06 06 CC 08
 (047.651357)  can0  123   [8]  5F 00 2C 42 D6 49 24 FF
 (047.651556)  can0  124   [8]  5F 07 88 5A E3 06 D6 08
 (047.661298)  can0  123   [8]  60 00 2C 42 D7 63 44 FF
 (047.661439)  can0  124   [8]  60 07 88 81 D9 06 DF 08
 (047.671203)  can0  123   [8]  61 00 2C 42 D8 9C BC FF
 (047.671321)  can0  124   [8]  61 07 88 A8 B4 06 E9 08
 (047.681041)  can0  123   [8]  62 00 2C 42 D9 B6 DB FF
 (047.681322)  can0  124   [8]  62 07 88 CF A7 06 F2 08
 (047.690981)  can0  123   [8]  63 00 2C 42 DA F0 53 FF
 (047.691144)  can0  124   [8]  63 07 88 F6 83 06 FC 08
 (047.700844)  can0  123   [8]  64 00 2C 42 DC 0A 73 FF
 (047.701079)  can0  124   [8]  64 07 89 1D 6C 07 05 08
 (047.710880)  can0  123   [8]  65 00 2C 42 DD 43 EC FF
 (047.710942)  can0  124   [8]  65 07 89 44 47 07 0F 08
 (047.720742)  can0  123   [8]  66 00 2C 42 DE 5E 0A FF
 (047.720923)  can0  124   [8]  66 07 89 6B 34 07 18 08
 (047.730619)  can0  123   [8]  67 00 2C 42 DF 97 83 FF
 (047.730861)  can0  124   [8]  67 07 89 92 13 07 22 08
 (047.740534)  can0  123   [8]  68 00 2C 42 E0 B1 A2 FF
 (047.740734)  can0  124   [8]  68 07 89 B9 04 07 2B 08
 (047.750364)  can0  123   [8]  69 00 2C 42 E1 EB 1A FF
 (047.750594)  can0  124   [8]  69 07 89 DF DC 07 35 08
 (047.760323)  can0  123   [8]  6A 00 2C 42 E3 05 3A FF
 (047.760530)  can0  124   [8]  6A 07 8A 06 CE 07 3E 08
 (047.770236)  can0  123   [8]  6B 00 2D 42 E4 3E B1 FF
 (047.770476)  can0  124   [8]  6B 07 8A 2D A5 07 48 08
 (047.780135)  can0  123   [8]  6C 00 2C 42 E5 58 D1 FF
 (047.780357)  can0  124   [8]  6C 07 8A 54 90 07 51 08
 (047.790105)  can0  123   [8]  6D 00 2C 42 E6 92 49 FF
 (047.790269)  can0  124   [8]  6D 07 8A 7B 65 07 5B 08
 (047.800024)  can0  123   [8]  6E 00 2D 42 E7 AC 68 FF
 (047.800186)  can0  124   [8]  6E 07 8A A2 53 07 64 08
 (047.809903)  can0  123   [8]  6F 00 2D 42 E8 E5 E1 FF
 (047.810068)  can0  124   [8]  6F 07 8A C9 2A 07 6E 08
 (047.819921)  can0  123   [8]  70 00 2D 42 E9 FF FF FF
 (047.820010)  can0  124   [8]  70 07 8A F0 15 07 77 08
 (047.829695)  can0  123   [8]  71 00 2D 42 EB 1A 1F FF
 (047.829928)  can0  124   [8]  71 07 8B 16 EA 07 80 08
 (047.839672)  can0  123   [8]  72 00 2D 42 EC 53 98 FF
 (047.839829)  can0  124   [8]  72 07 8B 3D D0 07 8A 08
 (047.849506)  can0  123   [8]  73 00 2D 42 ED 6D B6 FF
 (047.849687)  can0  124   [8]  73 07 8B 64 AE 07 93 08
 (047.859447)  can0  123   [8]  74 00 2D 42 EE A7 2F FF
 (047.859671)  can0  124   [8]  74 07 8B 8B 9C 07 9D 08
 (047.869324)  can0  123   [8]  75 00 2D 42 EF C1 4F FF
 (047.869575)  can0  124   [8]  75 07 8B B2 6F 07 A6 08
 (047.879294)  can0  123   [8]  76 00 2D 42 F0 DB 6D FF
 (047.879445)  can0  124   [8]  76 07 8B D9 5E 07 AF 08
 (047.889127)  can0  123   [8]  77 00 2D 42 F2 14 E6 FF
 (047.889357)  can0  124   [8]  77 07 8C 00 32 07 B9 08
 (047.899082)  can0  123   [8]  78 00 2E 42 F3 2F 06 FF
 (047.899272)  can0  124   [8]  78 07 8C 27 21 07 C2 08
 (047.909020)  can0  123   [8]  79 00 2E 42 F4 68 7D FF
 (047.909236)  can0  124   [8]  79 07 8C 4D F3 07 CC 08
 (047.918916)  can0  123   [8]  7A 00 2E 42 F5 82 9D FF
 (047.919045)  can0  124   [8]  7A 07 8C 74 D3 07 D5 08
 (047.928874)  can0  123   [8]  7B 00 2E 42 F6 BC 15 FF
 (047.929031)  can0  124   [8]  7B 07 8C 9B AA 07 DF 08
 (047.938766)  can0  123   [8]  7C 00 2E 42 F7 D6 34 FF
 (047.938908)  can0  124   [8]  7C 07 8C C2 92 07 E8 08
 (047.948683)  can0  123   [8]  7D 00 2E 42 F9 0F AC FF
 (047.948800)  can0  124   [8]  7D 07 8C E9 62 07 F2 08
 (047.958582)  can0  123   [8]  7E 00 2F 42 FA 29 CC FF
 (047.958755)  can0  124   [8]  7E 07 8D 10 4C 07 FB 08
 (047.968494)  can0  123   [8]  7F 00 2F 42 FB 63 45 FF
 (047.968643)  can0  124   [8]  7F 07 8D 37 20 08 05 08
 (047.978369)  can0  123   [8]  80 00 2F 42 FC 9C BC FF
 (047.978567)  can0  124   [8]  80 07 8D 5E 10 08 0F 08
 (047.988415)  can0  123   [8]  81 00 2F 42 FD B6 DC FF
 (047.988429)  can0  124   [8]  81 07 8D 84 E7 08 18 08
 (047.998178)  can0  123   [8]  82 00 2F 42 FE F0 54 FF
 (047.998448)  can0  124   [8]  82 07 8D AB D4 08 22 08
 (048.008107)  can0  123   [8]  83 00 2F 43 00 05 3A FF
 (048.008326)  can0  124   [8]  83 07 8D D2 A0 08 2B 08
 (048.018000)  can0  123   [8]  84 00 30 43 00 A1 F5 FF
 (048.018181)  can0  124   [8]  84 07 8D F9 92 08 35 08
 (048.027944)  can0  123   [8]  85 00 30 43 01 3E B2 FF
 (048.028082)  can0  124   [8]  85 07 8E 20 64 08 3F 08
 (048.037835)  can0  123   [8]  86 00 30 43 01 CB C1 FF
 (048.038007)  can0  124   [8]  86 07 8E 47 52 08 48 08
 (048.047709)  can0  123   [8]  87 00 30 43 02 68 7E FF
 (048.047972)  can0  124   [8]  87 07 8E 6E 25 08 52 08
 (048.057707)  can0  123   [8]  88 00 30 43 02 F5 8D FF
 (048.057820)  can0  124   [8]  88 07 8E 95 12 08 5B 08
 (048.067593)  can0  123   [8]  89 00 30 43 03 92 49 FF
 (048.067719)  can0  124   [8]  89 07 8E BB E8 08 65 08
 (048.077517)  can0  123   [8]  8A 00 30 43 04 1F 59 FF
 (048.077612)  can0  124   [8]  8A 07 8E E2 D6 08 6E 08
 (048.087413)  can0  123   [8]  8B 00 31 43 04 BC 15 FF
 (048.087573)  can0  124   [8]  8B 07 8F 09 A7 08 78 08
 (048.097314)  can0  123   [8]  8C 00 31 43 05 58 D1 FF
 (048.097462)  can0  124   [8]  8C 07 8F 30 92 08 82 08
 (048.107152)  can0  123   [8]  8D 00 31 43 05 E5 E0 FF
 (048.107329)  can0  124   [8]  8D 07 8F 57 68 08 8B 08
 (048.117041)  can0  123   [8]  8E 00 31 43 06 82 9D FF
 (048.117285)  can0  124   [8]  8E 07 8F 7E 5B 08 95 08
 (048.127038)  can0  123   [8]  8F 00 32 43 07 0F AD FF
 (048.127249)  can0  124   [8]  8F 07 8F A5 2F 08 9E 08
 (048.137010)  can0  123   [8]  90 00 32 43 07 AC 69 FF
 (048.137135)  can0  124   [8]  90 07 8F CC 22 08 A8 08
 (048.146828)  can0  123   [8]  91 00 33 43 08 39 78 FF
 (048.147065)  can0  124   [8]  91 07 8F F2 FB 08 B1 08
 (048.156662)  can0  123   [8]  92 00 33 43 08 D6 34 FF
 (048.156922)  can0  124   [8]  92 07 90 19 EC 08 BB 08
 (048.166630)  can0  123   [8]  93 00 33 43 09 63 44 FF
 (048.166991)  can0  124   [8]  93 07 90 40 C3 08 C4 08
 (048.176772)  can0  123   [8]  94 00 33 43 0A 00 00 FF
 (048.176785)  can0  124   [8]  94 07 90 67 B3 08 CE 08
 (048.186522)  can0  123   [8]  95 00 34 43 0A 8D 10 FF
 (048.186691)  can0  124   [8]  95 07 90 8E 93 08 D7 08
 (048.196395)  can0  123   [8]  96 00 34 43 0B 29 CB FF
 (048.196597)  can0  124   [8]  96 07 90 B5 84 08 E1 08
 (048.206365)  can0  123   [8]  97 00 34 43 0B B6 DB FF
 (048.206551)  can0  124   [8]  97 07 90 DC 62 08 EA 08
 (048.216268)  can0  123   [8]  98 00 34 43 0C 53 98 FF
 (048.216518)  can0  124   [8]  98 07 91 03 50 08 F4 08
 (048.226209)  can0  123   [8]  99 00 33 43 0C E0 A7 FF
 (048.226377)  can0  124   [8]  99 07 91 2A 2B 08 FD 08
 (048.236143)  can0  123   [8]  9A 00 33 43 0D 7D 63 FF
 (048.236339)  can0  124   [8]  9A 07 91 51 1B 09 07 08
 (048.246088)  can0  123   [8]  9B 00 33 43 0E 0A 73 FF
 (048.246268)  can0  124   [8]  9B 07 91 77 EE 09 10 08
 (048.255886)  can0  123   [8]  9C 00 32 43 0E A7 2F FF
 (048.256087)  can0  124   [8]  9C 07 91 9E DA 09 1A 08
 (048.265839)  can0  123   [8]  9D 00 32 43 0F 34 3F FF
 (048.266030)  can0  124   [8]  9D 07 91 C5 BC 09 23 08
 (048.275910)  can0  123   [8]  9E 00 32 43 0F C1 4F FF
 (048.275926)  can0  124   [8]  9E 07 91 EC AD 09 2C 08
 (048.285685)  can0  123   [8]  9F 00 31 43 10 5E 0A FF
 (048.285816)  can0  124   [8]  9F 07 92 13 7E 09 36 08
 (048.295576)  can0  123   [8]  A0 00 31 43 10 EB 1A FF
 (048.295924)  can0  124   [8]  A0 07 92 3A 74 09 3F 08
 (048.305538)  can0  123   [8]  A1 00 31 43 11 87 D6 FF
 (048.305669)  can0  124   [8]  A1 07 92 61 4B 09 49 08
 (048.315403)  can0  123   [8]  A2 00 31 43 12 14 E6 FF
 (048.315546)  can0  124   [8]  A2 07 92 88 3C 09 52 08
 (048.327065)  can0  123   [8]  A3 00 30 43 12 B1 A2 FF
 (048.327218)  can0  124   [8]  A3 07 92 AF 12 09 5C 08
 (048.335717)  can0  123   [8]  A4 00 30 43 13 3E B1 FF
 (048.335737)  can0  124   [8]  A4 07 92 D6 01 09 65 08
 (048.345163)  can0  123   [8]  A5 00 2F 43 13 CB C1 FF
 (048.345316)  can0  124   [8]  A5 07 92 FC D9 09 6E 08
 (048.355113)  can0  123   [8]  A6 00 2F 43 14 68 7D FF
 (048.355298)  can0  124   [8]  A6 07 93 23 CA 09 78 08
 (048.364905)  can0  123   [8]  A7 00 2F 43 14 F5 8D FF
 (048.365103)  can0  124   [8]  A7 07 93 4A A0 09 81 08
 (048.375145)  can0  123   [8]  A8 00 2F 43 15 92 49 FF
 (048.375172)  can0  124   [8]  A8 07 93 71 91 09 8B 08
 (048.384807)  can0  123   [8]  A9 00 2E 43 16 1F 59 FF
 (048.384953)  can0  124   [8]  A9 07 93 98 6C 09 94 08
 (048.394984)  can0  123   [8]  AA 00 2E 43 16 BC 15 FF
 (048.395009)  can0  124   [8]  AA 07 93 BF 5C 09 9E 08
 (048.404597)  can0  123   [8]  AB 00 2E 43 17 49 25 FF
 (048.404676)  can0  124   [8]  AB 07 93 E6 36 09 A7 08
 (048.414485)  can0  123   [8]  AC 00 2D 43 17 D6 34 FF
 (048.414775)  can0  124   [8]  AC 07 94 0D 23 09 B0 08
 (048.424457)  can0  123   [8]  AD 00 2D 43 18 72 F0 FF
 (048.424629)  can0  124   [8]  AD 07 94 33 FB 09 BA 08
 (048.434464)  can0  123   [8]  AE 00 2D 43 19 00 00 FF
 (048.434482)  can0  124   [8]  AE 07 94 5A EC 09 C3 08
 (048.444207)  can0  123   [8]  AF 00 2D 43 19 8D 0F FF
 (048.444386)  can0  124   [8]  AF 07 94 81 C4 09 CC 08
 (048.454108)  can0  123   [8]  B0 00 2D 43 1A 29 CC FF
 (048.454287)  can0  124   [8]  B0 07 94 A8 B1 09 D6 08
 (048.464082)  can0  123   [8]  B1 00 2D 43 1A B6 DC FF
 (048.464242)  can0  124   [8]  B1 07 94 CF 89 09 DF 08
 (048.474151)  can0  123   [8]  B2 00 2D 43 1B 43 EB FF
 (048.474179)  can0  124   [8]  B2 07 94 F6 7B 09 E8 08
 (048.484017)  can0  123   [8]  B3 00 2D 43 1B E0 A7 FF
 (048.484166)  can0  124   [8]  B3 07 95 1D 53 09 F2 08
 (048.493981)  can0  123   [8]  B4 00 2E 43 1C 6D B7 FF
 (048.494000)  can0  124   [8]  B4 07 95 44 3E 09 FB 08
 (048.504170)  can0  123   [8]  B5 00 2E 43 1C FA C6 FF
 (048.504191)  can0  124   [8]  B5 07 95 6B 12 0A 04 08
 (048.513565)  can0  123   [8]  B6 00 2E 43 1D 97 83 FF
 (048.513775)  can0  124   [8]  B6 07 95 91 F9 0A 0E 08
 (048.523686)  can0  123   [8]  B7 00 2F 43 1E 24 93 FF
 (048.523703)  can0  124   [8]  B7 07 95 B8 D8 0A 17 08
 (048.533493)  can0  123   [8]  B8 00 30 43 1E C1 4E FF
 (048.533647)  can0  124   [8]  B8 07 95 DF C6 0A 21 08
 (048.543397)  can0  123   [8]  B9 00 30 43 1F 4E 5E FF
 (048.543630)  can0  124   [8]  B9 07 96 06 99 0A 2A 08
 (048.553344)  can0  123   [8]  BA 00 31 43 1F DB 6E FF
 (048.553455)  can0  124   [8]  BA 07 96 2D 86 0A 33 08
 (048.563196)  can0  123   [8]  BB 00 31 43 20 78 2A FF
 (048.563385)  can0  124   [8]  BB 07 96 54 5C 0A 3D 08
 (048.573116)  can0  123   [8]  BC 00 31 43 21 05 3A FF
 (048.573275)  can0  124   [8]  BC 07 96 7B 42 0A 46 08
 (048.582956)  can0  123   [8]  BD 00 32 43 21 92 49 FF
 (048.583136)  can0  124   [8]  BD 07 96 A2 18 0A 4F 08
 (048.592816)  can0  123   [8]  BE 00 36 43 22 1F 58 FF
 (048.593273)  can0  124   [8]  BE 07 96 C9 02 0A 58 08
 (048.602845)  can0  123   [8]  BF 00 3F 43 22 BC 15 FF
 (048.603017)  can0  124   [8]  BF 07 96 EF D2 0A 62 08
 (048.612680)  can0  123   [8]  C0 00 45 43 23 49 25 FF
 (048.612920)  can0  124   [8]  C0 07 97 16 C0 0A 6B 08
 (048.622579)  can0  123   [8]  C1 00 4D 43 23 D6 34 FF
 (048.622766)  can0  124   [8]  C1 07 97 3D 8C 0A 74 08
 (048.632521)  can0  123   [8]  C2 00 98 43 24 72 F0 FF
 (048.632709)  can0  124   [8]  C2 07 97 64 6E 0A 7E 08
 (048.642418)  can0  123   [8]  C3 00 E6 43 25 00 00 FF
 (048.642644)  can0  124   [8]  C3 07 97 8B 47 0A 87 08
 (048.652267)  can0  123   [8]  C4 00 F4 43 25 8D 0F FF
 (048.652514)  can0  124   [8]  C4 07 97 B2 2E 0A 90 08
 (048.662166)  can0  123   [8]  C5 00 F8 43 26 1A 1F FF
 (048.662659)  can0  124   [8]  C5 07 97 D9 0D 0A 99 08
 (048.672031)  can0  123   [8]  C6 00 F8 43 26 A7 2F FF
 (048.672266)  can0  124   [8]  C6 07 97 FF FA 0A A2 08
 (048.682003)  can0  123   [8]  C7 00 F8 43 27 34 3F FF
 (048.682168)  can0  124   [8]  C7 07 98 26 DA 0A AB 08
 (048.691915)  can0  123   [8]  C8 00 F8 43 27 C1 4F FF
 (048.692138)  can0  124   [8]  C8 07 98 4D C0 0A B4 08
 (048.701858)  can0  123   [8]  C9 00 F8 43 28 5E 0A FF
 (048.702001)  can0  124   [8]  C9 07 98 74 A1 0A BE 08
 (048.711827)  can0  123   [8]  CA 00 F7 43 28 EB 1A FF
 (048.711952)  can0  124   [8]  CA 07 98 9B 8D 0A C7 08
 (048.721640)  can0  123   [8]  CB 00 F6 43 29 78 2A FF
 (048.721826)  can0  124   [8]  CB 07 98 C2 70 0A D0 08
 (048.731755)  can0  123   [8]  CC 00 F6 43 2A 05 3A FF
 (048.731774)  can0  124   [8]  CC 07 98 E9 59 0A D9 08
 (048.741571)  can0  123   [8]  CD 00 F5 43 2A 92 49 FF
 (048.741670)  can0  124   [8]  CD 07 99 10 38 0A E2 08
 (048.751459)  can0  123   [8]  CE 00 F4 43 2B 1F 59 FF
 (048.751612)  can0  124   [8]  CE 07 99 37 20 0A EB 08
 (048.761334)  can0  123   [8]  CF 00 F4 43 2B AC 68 FF
 (048.761562)  can0  124   [8]  CF 07 99 5E 00 0A F4 08
 (048.771465)  can0  123   [8]  D0 00 F3 43 2C 39 78 FF
 (048.771484)  can0  124   [8]  D0 07 99 84 E6 0A FD 08
 (048.781368)  can0  123   [8]  D1 00 F1 43 2C C6 88 FF
 (048.781391)  can0  124   [8]  D1 07 99 AB C4 0B 06 08
 (048.791373)  can0  123   [8]  D2 00 E5 43 2D 53 98 FF
 (048.791398)  can0  124   [8]  D2 07 99 D2 B6 0B 0F 08
 (048.801468)  can0  123   [8]  D3 00 BD 43 2D E0 A7 FF
 (048.801490)  can0  124   [8]  D3 07 99 F9 8B 0B 18 08
 (048.811025)  can0  123   [8]  D4 00 8B 43 2E 6D B7 FF
 (048.811186)  can0  124   [8]  D4 07 9A 20 7D 0B 21 08
 (048.820906)  can0  123   [8]  D5 00 6A 43 2E FA C6 FF
 (048.820928)  can0  124   [8]  D5 07 9A 47 55 0B 2A 08
 (048.830847)  can0  123   [8]  D6 00 4D 43 2F 97 82 FF
 (048.831109)  can0  124   [8]  D6 07 9A 6E 60 0B 34 08
 (048.840874)  can0  123   [8]  D7 00 43 43 30 14 E6 FF
 (048.840894)  can0  124   [8]  D7 07 9A 95 3A 0B 3C 08
 (048.850773)  can0  123   [8]  D8 00 40 43 30 B1 A2 FF
 (048.850792)  can0  124   [8]  D8 07 9A BC 2C 0B 46 08
 (048.860455)  can0  123   [8]  D9 00 40 43 31 3E B2 FF
 (048.860700)  can0  124   [8]  D9 07 9A E3 01 0B 4F 08
 (048.870391)  can0  123   [8]  DA 00 41 43 31 CB C2 FF
 (048.870565)  can0  124   [8]  DA 07 9B 09 F2 0B 58 08
 (048.880345)  can0  123   [8]  DB 00 42 43 32 58 D1 FF
 (048.880566)  can0  124   [8]  DB 07 9B 30 CC 0B 61 08
 (048.890279)  can0  123   [8]  DC 00 42 43 32 E5 E0 FF
 (048.890478)  can0  124   [8]  DC 07 9B 57 BD 0B 6A 08
 (048.900386)  can0  123   [8]  DD 00 44 43 33 72 F0 FF
 (048.900408)  can0  124   [8]  DD 07 9B 7E 94 0B 73 08
 (048.910250)  can0  123   [8]  DE 00 51 43 34 00 00 FF
 (048.910272)  can0  124   [8]  DE 07 9B A5 84 0B 7C 08
 (048.920251)  can0  123   [8]  DF 00 69 43 34 8D 0F FF
 (048.920276)  can0  124   [8]  DF 07 9B CC 47 0B 85 08
 (048.929977)  can0  123   [8]  E0 00 63 43 35 1A 20 FF
 (048.930185)  can0  124   [8]  E0 07 9B F3 50 0B 8E 08
 (048.939764)  can0  123   [8]  E1 00 50 43 35 A7 2F FF
 (048.939915)  can0  124   [8]  E1 07 9C 1A 28 0B 97 08
 (048.949592)  can0  123   [8]  E2 00 4D 43 36 34 3F FF
 (048.949928)  can0  124   [8]  E2 07 9C 41 1B 0B A0 08
 (048.959531)  can0  123   [8]  E3 00 55 43 36 C1 4E FF
 (048.959682)  can0  124   [8]  E3 07 9C 67 F6 0B A9 08
 (048.969664)  can0  123   [8]  E4 00 69 43 37 4E 5D FF
 (048.969686)  can0  124   [8]  E4 07 9C 8E DC 0B B2 08
 (048.979387)  can0  123   [8]  E5 00 84 43 37 DB 6E FF
 (048.979591)  can0  124   [8]  E5 07 9C B5 BB 0B BB 08
 (048.989407)  can0  123   [8]  E6 00 95 43 38 68 7D FF
 (048.989612)  can0  124   [8]  E6 07 9C DC AE 0B C4 08
 (048.999349)  can0  123   [8]  E7 00 9E 43 38 F5 8D FF
 (048.999908)  can0  124   [8]  E7 07 9D 03 88 0B CD 08
 (049.009202)  can0  123   [8]  E8 00 A1 43 39 82 9D FF
 (049.009398)  can0  124   [8]  E8 07 9D 2A 7E 0B D6 08
 (049.019114)  can0  123   [8]  E9 00 9A 43 3A 0F AD FF
 (049.019408)  can0  124   [8]  E9 07 9D 51 4F 0B DF 08
 (049.028983)  can0  123   [8]  EA 00 8F 43 3A 9C BC FF
 (049.029250)  can0  124   [8]  EA 07 9D 78 44 0B E8 08
 (049.038883)  can0  123   [8]  EB 00 85 43 3B 1A 1F FF
 (049.039242)  can0  124   [8]  EB 07 9D 9F 24 0B F0 08
 (049.048804)  can0  123   [8]  EC 00 A6 43 3B B6 DC FF
 (049.048974)  can0  124   [8]  EC 07 9D C6 12 0B FA 08
 (049.058753)  can0  123   [8]  ED 00 B8 43 3C 34 3F FF
 (049.058953)  can0  124   [8]  ED 07 9D EC E7 0C 02 08
 (049.068847)  can0  123   [8]  EE 00 BD 43 3C D0 FB FF
 (049.068871)  can0  124   [8]  EE 07 9E 13 D7 0C 0C 08
 (049.078569)  can0  123   [8]  EF 00 BB 43 3D 4E 5E FF
 (049.078921)  can0  124   [8]  EF 07 9E 3A A6 0C 14 08
 (049.088466)  can0  123   [8]  F0 00 BA 43 3D DB 6E FF
 (049.088610)  can0  124   [8]  F0 07 9E 61 99 0C 1D 08
 (049.098347)  can0  123   [8]  F1 00 B9 43 3E 68 7E FF
 (049.098627)  can0  124   [8]  F1 07 9E 88 6F 0C 26 08
 (049.108307)  can0  123   [8]  F2 00 B9 43 3E F5 8D FF
 (049.108822)  can0  124   [8]  F2 07 9E AF 60 0C 2F 08
 (049.118247)  can0  123   [8]  F3 00 BA 43 3F 82 9C FF
 (049.118555)  can0  124   [8]  F3 07 9E D6 35 0C 38 08
 (049.128539)  can0  123   [8]  F4 00 BA 43 40 0F AD FF
 (049.128573)  can0  124   [8]  F4 07 9E FD 23 0C 41 08
 (049.138030)  can0  123   [8]  F5 00 BB 43 40 9C BC FF
 (049.138250)  can0  124   [8]  F5 07 9F 23 F7 0C 4A 08
 (049.147804)  can0  123   [8]  F6 00 BB 43 41 29 CC FF
 (049.147938)  can0  124   [8]  F6 07 9F 4A E3 0C 53 08
 (049.157774)  can0  123   [8]  F7 00 B6 43 41 B6 DB FF
 (049.157895)  can0  124   [8]  F7 07 9F 71 B4 0C 5C 08
 (049.167795)  can0  123   [8]  F8 00 AB 43 42 43 EA FF
 (049.167814)  can0  124   [8]  F8 07 9F 98 A0 0C 65 08
 (049.177656)  can0  123   [8]  F9 00 A6 43 42 D0 FB FF
 (049.177813)  can0  124   [8]  F9 07 9F BF 77 0C 6E 08
 (049.187417)  can0  123   [8]  FA 00 A4 43 43 5E 0A FF
 (049.187627)  can0  124   [8]  FA 07 9F E6 66 0C 77 08
 (049.197290)  can0  123   [8]  FB 00 A8 43 43 EB 1B FF
 (049.197452)  can0  124   [8]  FB 07 A0 0D 3C 0C 80 08
 (049.215134)  can0  123   [8]  FC 00 AA 43 44 68 7E FF
 (049.215150)  can0  124   [8]  FC 07 A0 34 2B 0C 88 08
 (049.217216)  can0  123   [8]  FD 00 AB 43 44 F5 8D FF
 (049.217530)  can0  124   [8]  FD 07 A0 5B 04 0C 91 08
 (049.227133)  can0  123   [8]  FE 00 AA 43 45 82 9D FF
 (049.227501)  can0  124   [8]  FE 07 A0 81 F5 0C 9A 08
 (049.237289)  can0  123   [8]  FF 00 89 43 46 0F AC FF
 (049.237318)  can0  124   [8]  FF 07 A0 A8 C8 0C A3 08
 (049.247110)  can0  123   [8]  00 00 60 43 46 9C BB FF
 (049.247124)  can0  124   [8]  00 07 A0 CF CE 0C AC 08
 (049.256960)  can0  123   [8]  01 00 42 43 47 29 CC FF
 (049.256973)  can0  124   [8]  01 07 A0 F6 A2 0C B5 08
 (049.266736)  can0  123   [8]  02 00 3C 43 47 B6 DB FF
 (049.266839)  can0  124   [8]  02 07 A1 1D 95 0C BE 08
 (049.276623)  can0  123   [8]  03 00 3B 43 48 43 EC FF
 (049.276806)  can0  124   [8]  03 07 A1 44 67 0C C7 08
 (049.286579)  can0  123   [8]  04 00 3A 43 48 D0 FB FF
 (049.286704)  can0  124   [8]  04 07 A1 6B 5A 0C D0 08
 (049.296625)  can0  123   [8]  05 00 3A 43 49 5E 0B FF
 (049.296632)  can0  124   [8]  05 07 A1 92 34 0C D9 08
 (049.306399)  can0  123   [8]  06 00 3A 43 49 EB 1A FF
 (049.306562)  can0  124   [8]  06 07 A1 B9 1E 0C E2 08
 (049.316219)  can0  123   [8]  07 00 3A 43 4A 68 7D FF
 (049.316411)  can0  124   [8]  07 07 A1 DF F9 0C EA 08
 (049.326147)  can0  123   [8]  08 00 39 43 4B 05 3A FF
 (049.326524)  can0  124   [8]  08 07 A2 06 F4 0C F4 08
 (049.336271)  can0  123   [8]  09 00 3A 43 4B 82 9D FF
 (049.336498)  can0  124   [8]  09 07 A2 2D CB 0C FC 08
 (049.346124)  can0  123   [8]  0A 00 3A 43 4C 1F 59 FF
 (049.346134)  can0  124   [8]  0A 07 A2 54 BC 0D 06 08
 (049.355938)  can0  123   [8]  0B 00 3A 43 4C 9C BC FF
 (049.356095)  can0  124   [8]  0B 07 A2 7B 94 0D 0E 08
 (049.365892)  can0  123   [8]  0C 00 3A 43 4D 39 78 FF
 (049.366055)  can0  124   [8]  0C 07 A2 A2 84 0D 18 08
 (049.375839)  can0  123   [8]  0D 00 3A 43 4D B6 DC FF
 (049.376016)  can0  124   [8]  0D 07 A2 C9 56 0D 20 08
 (049.385667)  can0  123   [8]  0E 00 3A 43 4E 53 97 FF
 (049.385834)  can0  124   [8]  0E 07 A2 F0 48 0D 2A 08
 (049.395637)  can0  123   [8]  0F 00 3A 43 4E E0 A8 FF
 (049.395724)  can0  124   [8]  0F 07 A3 17 1B 0D 33 08
 (049.405486)  can0  123   [8]  10 00 3A 43 4F 6D B7 FF
 (049.405662)  can0  124   [8]  10 07 A3 3E 07 0D 3C 08
 (049.415612)  can0  123   [8]  11 00 3B 43 4F FA C6 FF
 (049.415631)  can0  124   [8]  11 07 A3 64 DE 0D 45 08
 (049.425301)  can0  123   [8]  12 00 3B 43 50 87 D6 FF
 (049.425504)  can0  124   [8]  12 07 A3 8B CC 0D 4E 08
 (049.435307)  can0  123   [8]  13 00 3B 43 51 14 E5 FF
 (049.435357)  can0  124   [8]  13 07 A3 B2 A5 0D 57 08
 (049.445103)  can0  123   [8]  14 00 3B 43 51 A1 F6 FF
 (049.445414)  can0  124   [8]  14 07 A3 D9 91 0D 60 08
 (049.455071)  can0  123   [8]  15 00 3B 43 52 2F 05 FF
 (049.455246)  can0  124   [8]  15 07 A4 00 64 0D 69 08
 (049.464904)  can0  123   [8]  16 00 3C 43 52 BC 16 FF
 (049.465088)  can0  124   [8]  16 07 A4 27 54 0D 72 08
 (049.474799)  can0  123   [8]  17 00 3C 43 53 49 25 FF
 (049.474987)  can0  124   [8]  17 07 A4 4E 24 0D 7B 08
 (049.484664)  can0  123   [8]  18 00 3D 43 53 D6 34 FF
 (049.484939)  can0  124   [8]  18 07 A4 75 15 0D 84 08
 (049.494582)  can0  123   [8]  19 00 3D 43 54 53 98 FF
 (049.494831)  can0  124   [8]  19 07 A4 9B EA 0D 8C 08
 (049.505456)  can0  123   [8]  1A 00 3E 43 54 F0 53 FF
 (049.505470)  can0  124   [8]  1A 07 A4 C2 DB 0D 96 08
 (049.514458)  can0  123   [8]  1B 00 3E 43 55 7D 64 FF
 (049.514614)  can0  124   [8]  1B 07 A4 E9 AD 0D 9F 08
 (049.524446)  can0  123   [8]  1C 00 3E 43 56 0A 73 FF
 (049.524553)  can0  124   [8]  1C 07 A5 10 9F 0D A8 08
 (049.534272)  can0  123   [8]  1D 00 3F 43 56 87 D6 FF
 (049.534623)  can0  124   [8]  1D 07 A5 37 71 0D B0 08
 (049.544338)  can0  123   [8]  1E 00 40 43 57 24 92 FF
 (049.544465)  can0  124   [8]  1E 07 A5 5E 63 0D BA 08
 (049.554149)  can0  123   [8]  1F 00 40 43 57 A1 F6 FF
 (049.554334)  can0  124   [8]  1F 07 A5 85 32 0D C2 08
 (049.564133)  can0  123   [8]  20 00 41 43 58 3E B2 FF
 (049.564609)  can0  124   [8]  20 07 A5 AC 1F 0D CC 08
 (049.574000)  can0  123   [8]  21 00 44 43 58 CB C1 FF
 (049.574236)  can0  124   [8]  21 07 A5 D2 EE 0D D5 08
 (049.583909)  can0  123   [8]  22 00 45 43 59 58 D0 FF
 (049.584093)  can0  124   [8]  22 07 A5 F9 E3 0D DE 08
 (049.593813)  can0  123   [8]  23 00 45 43 59 D6 35 FF
 (049.593976)  can0  124   [8]  23 07 A6 20 B2 0D E6 08
 (049.603723)  can0  123   [8]  24 00 45 43 5A 72 F0 FF
 (049.603885)  can0  124   [8]  24 07 A6 47 9B 0D F0 08
 (049.613592)  can0  123   [8]  25 00 45 43 5A F0 53 FF
 (049.613803)  can0  124   [8]  25 07 A6 6E 70 0D F8 08
 (049.623599)  can0  123   [8]  26 00 45 43 5B 8D 0F FF
 (049.623778)  can0  124   [8]  26 07 A6 95 58 0E 02 08
 (049.633441)  can0  123   [8]  27 00 45 43 5C 0A 73 FF
 (049.633593)  can0  124   [8]  27 07 A6 BC 23 0E 0A 08
 (049.643666)  can0  123   [8]  28 00 45 43 5C 97 83 FF
 (049.643684)  can0  124   [8]  28 07 A6 E3 10 0E 13 08
 (049.653354)  can0  123   [8]  29 00 45 43 5D 24 92 FF
 (049.653483)  can0  124   [8]  29 07 A7 09 E0 0E 1C 08
 (049.663538)  can0  123   [8]  2A 00 45 43 5D B1 A3 FF
 (049.663571)  can0  124   [8]  2A 07 A7 30 CB 0E 25 08
 (049.673540)  can0  123   [8]  2B 00 47 43 5E 3E B2 FF
 (049.673564)  can0  124   [8]  2B 07 A7 57 A6 0E 2E 08
 (049.683291)  can0  123   [8]  2C 00 47 43 5E CB C1 FF
 (049.683313)  can0  124   [8]  2C 07 A7 7E 95 0E 37 08
 (049.692985)  can0  123   [8]  2D 00 47 43 5F 58 D1 FF
 (049.693179)  can0  124   [8]  2D 07 A7 A5 68 0E 40 08
 (049.703118)  can0  123   [8]  2E 00 47 43 5F E5 E0 FF
 (049.703141)  can0  124   [8]  2E 07 A7 CC 59 0E 49 08
 (049.712800)  can0  123   [8]  2F 00 47 43 60 72 F1 FF
 (049.712998)  can0  124   [8]  2F 07 A7 F3 2A 0E 52 08
 (049.722704)  can0  123   [8]  30 00 46 43 61 00 00 FF
 (049.722869)  can0  124   [8]  30 07 A8 1A 1A 0E 5B 08
 (049.732606)  can0  123   [8]  31 00 46 43 61 7D 63 FF
 (049.732801)  can0  124   [8]  31 07 A8 40 E8 0E 63 08
 (049.742711)  can0  123   [8]  32 00 46 43 62 0A 74 FF
 (049.742734)  can0  124   [8]  32 07 A8 67 D6 0E 6C 08
 (049.752337)  can0  123   [8]  33 00 46 43 62 97 83 FF
 (049.752626)  can0  124   [8]  33 07 A8 8E A8 0E 75 08
 (049.762241)  can0  123   [8]  34 00 46 43 63 24 92 FF
 (049.762433)  can0  124   [8]  34 07 A8 B5 93 0E 7E 08
 (049.772161)  can0  123   [8]  35 00 46 43 63 B1 A2 FF
 (049.772335)  can0  124   [8]  35 07 A8 DC 64 0E 87 08
 (049.782087)  can0  123   [8]  36 00 46 43 64 3E B1 FF
 (049.782254)  can0  124   [8]  36 07 A9 03 48 0E 90 08
 (049.792074)  can0  123   [8]  37 00 47 43 64 CB C2 FF
 (049.792251)  can0  124   [8]  37 07 A9 2A 21 0E 99 08
 (049.802088)  can0  123   [8]  38 00 48 43 65 58 D1 FF
 (049.802107)  can0  124   [8]  38 07 A9 51 0A 0E A2 08
 (049.811798)  can0  123   [8]  39 00 48 43 65 D6 34 FF
 (049.811972)  can0  124   [8]  39 07 A9 77 D7 0E AA 08
 (049.821743)  can0  123   [8]  3A 00 48 43 66 63 44 FF
 (049.821897)  can0  124   [8]  3A 07 A9 9E C1 0E B3 08
 (049.831648)  can0  123   [8]  3B 00 48 43 66 F0 54 FF
 (049.831925)  can0  124   [8]  3B 07 A9 C5 91 0E BC 08
 (049.841575)  can0  123   [8]  3C 00 48 43 67 7D 63 FF
 (049.841728)  can0  124   [8]  3C 07 A9 EC 78 0E C5 08
 (049.851490)  can0  123   [8]  3D 00 48 43 68 0A 73 FF
 (049.851605)  can0  124   [8]  3D 07 AA 13 4C 0E CE 08
 (049.861400)  can0  123   [8]  3E 00 48 43 68 87 D6 FF
 (049.861559)  can0  124   [8]  3E 07 AA 3A 30 0E D6 08
 (049.871348)  can0  123   [8]  3F 00 48 43 69 14 E5 FF
 (049.871481)  can0  124   [8]  3F 07 AA 61 05 0E DF 08
 (049.881233)  can0  123   [8]  40 00 48 43 69 A1 F6 FF
 (049.881489)  can0  124   [8]  40 07 AA 87 F5 0E E8 08
 (049.891144)  can0  123   [8]  41 00 48 43 6A 2F 05 FF
 (049.891332)  can0  124   [8]  41 07 AA AE CC 0E F1 08
 (049.901130)  can0  123   [8]  42 00 4A 43 6A BC 15 FF
 (049.901343)  can0  124   [8]  42 07 AA D5 C2 0E FA 08
 (049.911158)  can0  123   [8]  43 00 4C 43 6B 39 78 FF
 (049.911178)  can0  124   [8]  43 07 AA FC 95 0F 02 08
 (049.920942)  can0  123   [8]  44 00 4E 43 6B C6 88 FF
 (049.921203)  can0  124   [8]  44 07 AB 23 87 0F 0B 08
 (049.930868)  can0  123   [8]  45 00 4E 43 6C 53 98 FF
 (049.931122)  can0  124   [8]  45 07 AB 4A 58 0F 14 08
 (049.940754)  can0  123   [8]  46 00 4E 43 6C E0 A7 FF
 (049.941219)  can0  124   [8]  46 07 AB 71 4C 0F 1D 08
 (049.950630)  can0  123   [8]  47 00 4F 43 6D 6D B6 FF
 (049.950749)  can0  124   [8]  47 07 AB 98 20 0F 26 08
 (049.960589)  can0  123   [8]  48 00 4F 43 6D FA C7 FF
 (049.960882)  can0  124   [8]  48 07 AB BF 15 0F 2F 08
 (049.970504)  can0  123   [8]  49 00 4F 43 6E 87 D6 FF
 (049.970707)  can0  124   [8]  49 07 AB E5 EE 0F 38 08
 (049.980632)  can0  123   [8]  4A 00 50 43 6F 05 39 FF
 (049.980658)  can0  124   [8]  4A 07 AC 0C DE 0F 40 08
 (049.990240)  can0  123   [8]  4B 00 50 43 6F 92 49 FF
 (049.990416)  can0  124   [8]  4B 07 AC 33 B7 0F 49 08
 (050.000218)  can0  123   [8]  4C 00 51 43 70 1F 59 FF
 (050.000368)  can0  124   [8]  4C 07 AC 5A AA 0F 52 08
 (050.009983)  can0  123   [8]  4D 00 51 43 70 AC 69 FF
 (050.010180)  can0  124   [8]  4D 07 AC 81 8B 0F 5B 08
 (050.019939)  can0  123   [8]  4E 00 52 43 71 39 78 FF
 (050.020107)  can0  124   [8]  4E 07 AC A8 7B 0F 64 08
 (050.030130)  can0  123   [8]  4F 00 53 43 71 B6 DB FF
 (050.030181)  can0  124   [8]  4F 07 AC CF 5E 0F 6C 08
 (050.039874)  can0  123   [8]  50 00 54 43 72 43 EC FF
 (050.040046)  can0  124   [8]  50 07 AC F6 51 0F 75 08
 (050.049655)  can0  123   [8]  51 00 56 43 72 D0 FB FF
 (050.050087)  can0  124   [8]  51 07 AD 1D 2D 0F 7E 08
 (050.059561)  can0  123   [8]  52 00 5B 43 73 5E 0A FF
 (050.059776)  can0  124   [8]  52 07 AD 44 26 0F 87 08
 (050.069480)  can0  123   [8]  53 00 5D 43 73 EB 1A FF
 (050.069695)  can0  124   [8]  53 07 AD 6B 02 0F 90 08
 (050.079649)  can0  123   [8]  54 00 5E 43 74 78 29 FF
 (050.079664)  can0  124   [8]  54 07 AD 91 EF 0F 99 08
 (050.089468)  can0  123   [8]  55 00 5E 43 75 05 3A FF
 (050.089636)  can0  124   [8]  55 07 AD B8 C8 0F A2 08
 (050.099415)  can0  123   [8]  56 00 66 43 75 82 9D FF
 (050.099431)  can0  124   [8]  56 07 AD DF AF 0F AA 08
 (050.109398)  can0  123   [8]  57 00 95 43 76 0F AC FF
 (050.109422)  can0  124   [8]  57 07 AE 06 8A 0F B3 08
 (050.119258)  can0  123   [8]  58 00 CA 43 76 9C BD FF
 (050.119279)  can0  124   [8]  58 07 AE 2D 77 0F BC 08
 (050.128986)  can0  123   [8]  59 00 E6 43 77 1A 20 FF
 (050.129239)  can0  124   [8]  59 07 AE 54 59 0F C4 08
 (050.139013)  can0  123   [8]  5A 00 F3 43 77 A7 2F FF
 (050.139291)  can0  124   [8]  5A 07 AE 7B 40 0F CD 08
 (050.149105)  can0  123   [8]  5B 00 FB 43 78 34 3F FF
 (050.149137)  can0  124   [8]  5B 07 AE A2 22 0F D6 08
 (050.159063)  can0  123   [8]  5C 01 00 43 78 B1 A2 FF
 (050.159083)  can0  124   [8]  5C 07 AE C9 0A 0F DE 08
 (050.168699)  can0  123   [8]  5D 01 03 43 79 3E B1 FF
 (050.168908)  can0  124   [8]  5D 07 AE EF EE 0F E7 08
 (050.178706)  can0  123   [8]  5E 01 02 43 79 CB C2 FF
 (050.178725)  can0  124   [8]  5E 07 AF 16 DB 0F F0 08
 (050.188514)  can0  123   [8]  5F 01 02 43 7A 49 25 FF
 (050.188702)  can0  124   [8]  5F 07 AF 3D BB 0F F8 08
 (050.198409)  can0  123   [8]  60 01 01 43 7A D6 34 FF
 (050.198540)  can0  124   [8]  60 07 AF 64 A6 10 01 08
 (050.208224)  can0  123   [8]  61 00 FE 43 7B 53 97 FF
 (050.208455)  can0  124   [8]  61 07 AF 8B 84 10 09 08
 (050.218181)  can0  123   [8]  62 01 00 43 7B E0 A8 FF
 (050.218346)  can0  124   [8]  62 07 AF B2 6E 10 12 08
 (050.228245)  can0  123   [8]  63 00 FF 43 7C 5E 0B FF
 (050.228268)  can0  124   [8]  63 07 AF D9 4E 10 1A 08
 (050.238066)  can0  123   [8]  64 00 FE 43 7C EB 1A FF
 (050.238277)  can0  124   [8]  64 07 B0 00 3A 10 23 08
 (050.247932)  can0  123   [8]  65 00 FA 43 7D 78 2A FF
 (050.248325)  can0  124   [8]  65 07 B0 27 13 10 2C 08
 (050.257824)  can0  123   [8]  66 00 FB 43 7D F5 8D FF
 (050.257997)  can0  124   [8]  66 07 B0 4D FB 10 34 08
 (050.268126)  can0  123   [8]  67 00 FB 43 7E 82 9C FF
 (050.268150)  can0  124   [8]  67 07 B0 74 D8 10 3D 08
 (050.277704)  can0  123   [8]  68 00 F8 43 7F 0F AD FF
 (050.277902)  can0  124   [8]  68 07 B0 9B C2 10 46 08
 (050.287712)  can0  123   [8]  69 00 F5 43 7F 8D 10 FF
 (050.287729)  can0  124   [8]  69 07 B0 C2 A0 10 4E 08
 (050.297501)  can0  123   [8]  6A 00 F5 43 80 0D 10 FF
 (050.297964)  can0  124   [8]  6A 07 B0 E9 87 10 57 08
 (050.307348)  can0  123   [8]  6B 00 F6 43 80 4B C1 FF
 (050.307494)  can0  124   [8]  6B 07 B1 10 68 10 5F 08
 (050.317260)  can0  123   [8]  6C 00 F6 43 80 92 49 FF
 (050.317396)  can0  124   [8]  6C 07 B1 37 50 10 68 08
 (050.328404)  can0  123   [8]  6D 00 F4 43 80 D0 FB FF
 (050.328410)  can0  124   [8]  6D 07 B1 5E 30 10 70 08
 (050.337147)  can0  123   [8]  6E 00 F3 43 81 17 82 FF
 (050.337291)  can0  124   [8]  6E 07 B1 85 14 10 79 08
 (050.347045)  can0  123   [8]  6F 00 F0 43 81 56 34 FF
 (050.347198)  can0  124   [8]  6F 07 B1 AB F2 10 81 08
 (050.356952)  can0  123   [8]  70 00 F0 43 81 9C BC FF
 (050.357053)  can0  124   [8]  70 07 B1 D2 E0 10 8A 08
 (050.366814)  can0  123   [8]  71 00 EE 43 81 DB 6E FF
 (050.367006)  can0  124   [8]  71 07 B1 F9 B8 10 92 08
 (050.376783)  can0  123   [8]  72 00 D1 43 82 21 F5 FF
 (050.377065)  can0  124   [8]  72 07 B2 20 A9 10 9B 08
 (050.386626)  can0  123   [8]  73 00 B5 43 82 68 7E FF
 (050.386921)  can0  124   [8]  73 07 B2 47 82 10 A4 08
 (050.396662)  can0  123   [8]  74 00 A8 43 82 A7 2F FF
 (050.396787)  can0  124   [8]  74 07 B2 6E 71 10 AC 08
 (050.407114)  can0  123   [8]  75 00 A9 43 82 E5 E1 FF
 (050.407139)  can0  124   [8]  75 07 B2 95 4B 10 B4 08
 (050.416382)  can0  123   [8]  76 00 AF 43 83 2C 68 FF
 (050.416577)  can0  124   [8]  76 07 B2 BC 3C 10 BD 08
 (050.426252)  can0  123   [8]  77 00 B4 43 83 72 F0 FF
 (050.426527)  can0  124   [8]  77 07 B2 E3 17 10 C6 08
 (050.436251)  can0  123   [8]  78 00 B8 43 83 B1 A2 FF
 (050.436472)  can0  124   [8]  78 07 B3 0A 09 10 CE 08
 (050.446121)  can0  123   [8]  79 00 B9 43 83 F8 29 FF
 (050.446337)  can0  124   [8]  79 07 B3 30 E3 10 D7 08
 (050.456039)  can0  123   [8]  7A 00 B9 43 84 36 DC FF
 (050.456273)  can0  124   [8]  7A 07 B3 57 D7 10 DF 08
 (050.465954)  can0  123   [8]  7B 00 B8 43 84 7D 63 FF
 (050.466163)  can0  124   [8]  7B 07 B3 7E B5 10 E8 08
 (050.475915)  can0  123   [8]  7C 00 B8 43 84 BC 15 FF
 (050.476068)  can0  124   [8]  7C 07 B3 A5 A6 10 F0 08
 (050.486034)  can0  123   [8]  7D 00 B7 43 85 02 9D FF
 (050.486055)  can0  124   [8]  7D 07 B3 CC 7F 10 F9 08
 (050.495909)  can0  123   [8]  7E 00 B7 43 85 41 4F FF
 (050.495928)  can0  124   [8]  7E 07 B3 F3 75 11 01 08
 (050.505606)  can0  123   [8]  7F 00 B8 43 85 87 D6 FF
 (050.505752)  can0  124   [8]  7F 07 B4 1A 51 11 0A 08
 (050.515539)  can0  123   [8]  80 00 B8 43 85 C6 88 FF
 (050.515825)  can0  124   [8]  80 07 B4 41 3E 11 12 08
 (050.525618)  can0  123   [8]  81 00 B8 43 86 0D 10 FF
 (050.525639)  can0  124   [8]  81 07 B4 68 17 11 1B 08
 (050.535329)  can0  123   [8]  82 00 B7 43 86 4B C1 FF
 (050.535460)  can0  124   [8]  82 07 B4 8F 0C 11 23 08
 (050.545292)  can0  123   [8]  83 00 B5 43 86 92 49 FF
 (050.545592)  can0  124   [8]  83 07 B4 B5 DF 11 2C 08
 (050.555130)  can0  123   [8]  84 00 AE 43 86 D0 FA FF
 (050.555297)  can0  124   [8]  84 07 B4 DC D0 11 34 08
 (050.565006)  can0  123   [8]  85 00 88 43 87 17 83 FF
 (050.565194)  can0  124   [8]  85 07 B5 03 9E 11 3D 08
 (050.574942)  can0  123   [8]  86 00 71 43 87 56 34 FF
 (050.575157)  can0  124   [8]  86 07 B5 2A 90 11 45 08
 (050.584841)  can0  123   [8]  87 00 6F 43 87 9C BC FF
 (050.584986)  can0  124   [8]  87 07 B5 51 69 11 4E 08
 (050.595078)  can0  123   [8]  88 00 6E 43 87 DB 6E FF
 (050.595102)  can0  124   [8]  88 07 B5 78 59 11 56 08
 (050.604679)  can0  123   [8]  89 00 6E 43 88 1A 20 FF
 (050.604902)  can0  124   [8]  89 07 B5 9F 2E 11 5E 08
 (050.614606)  can0  123   [8]  8A 00 6E 43 88 60 A7 FF
 (050.614772)  can0  124   [8]  8A 07 B5 C6 20 11 67 08
 (050.624706)  can0  123   [8]  8B 00 6F 43 88 9F 59 FF
 (050.624764)  can0  124   [8]  8B 07 B5 EC F6 11 6F 08
 (050.634575)  can0  123   [8]  8C 00 6F 43 88 E5 E1 FF
 (050.634626)  can0  124   [8]  8C 07 B6 13 EB 11 78 08
 (050.644325)  can0  123   [8]  8D 00 70 43 89 24 92 FF
 (050.644505)  can0  124   [8]  8D 07 B6 3A C7 11 80 08
 (050.654254)  can0  123   [8]  8E 00 70 43 89 6B 1A FF
 (050.654471)  can0  124   [8]  8E 07 B6 61 B9 11 89 08
 (050.664344)  can0  123   [8]  8F 00 6E 43 89 A9 CC FF
 (050.664389)  can0  124   [8]  8F 07 B6 88 8E 11 91 08
 (050.674044)  can0  123   [8]  90 00 6D 43 89 F0 54 FF
 (050.674233)  can0  124   [8]  90 07 B6 AF 80 11 9A 08
 (050.684208)  can0  123   [8]  91 00 6C 43 8A 2F 05 FF
 (050.684241)  can0  124   [8]  91 07 B6 D6 58 11 A2 08
 (050.694237)  can0  123   [8]  92 00 6D 43 8A 6D B7 FF
 (050.694262)  can0  124   [8]  92 07 B6 FD 4C 11 AA 08
 (050.704071)  can0  123   [8]  93 00 6D 43 8A B4 3E FF
 (050.704097)  can0  124   [8]  93 07 B7 24 22 11 B3 08
 (050.713900)  can0  123   [8]  94 00 6D 43 8A F2 F1 FF
 (050.713919)  can0  124   [8]  94 07 B7 4B 0E 11 BB 08
 (050.723755)  can0  123   [8]  95 00 6A 43 8B 39 78 FF
 (050.723779)  can0  124   [8]  95 07 B7 71 E5 11 C4 08
 (050.733513)  can0  123   [8]  96 00 66 43 8B 78 2A FF
 (050.733704)  can0  124   [8]  96 07 B7 98 D4 11 CC 08
 (050.743385)  can0  123   [8]  97 00 63 43 8B B6 DB FF
 (050.743624)  can0  124   [8]  97 07 B7 BF AB 11 D4 08
 (050.753298)  can0  123   [8]  98 00 5E 43 8B FD 63 FF
 (050.753516)  can0  124   [8]  98 07 B7 E6 B0 11 DD 08
 (050.763431)  can0  123   [8]  99 00 59 43 8C 3C 15 FF
 (050.763448)  can0  124   [8]  99 07 B8 0D 80 11 E5 08
 (050.773197)  can0  123   [8]  9A 00 56 43 8C 82 9D FF
 (050.773422)  can0  124   [8]  9A 07 B8 34 6F 11 EE 08
 (050.783134)  can0  123   [8]  9B 00 53 43 8C C1 4E FF
 (050.783157)  can0  124   [8]  9B 07 B8 5B 4A 11 F6 08
 (050.792852)  can0  123   [8]  9C 00 52 43 8D 07 D6 FF
 (050.793084)  can0  124   [8]  9C 07 B8 82 32 11 FF 08
 (050.802951)  can0  123   [8]  9D 00 55 43 8D 46 88 FF
 (050.802964)  can0  124   [8]  9D 07 B8 A9 12 12 07 08
 (050.812949)  can0  123   [8]  9E 00 55 43 8D 8D 0F FF
 (050.812961)  can0  124   [8]  9E 07 B8 CF FE 12 10 08
 (050.822763)  can0  123   [8]  9F 00 56 43 8D CB C2 FF
 (050.822783)  can0  124   [8]  9F 07 B8 F6 D6 12 18 08
 (050.832749)  can0  123   [8]  A0 00 58 43 8E 12 49 FF
 (050.832772)  can0  124   [8]  A0 07 B9 1D CD 12 21 08
 (050.842580)  can0  123   [8]  A1 00 5D 43 8E 58 D1 FF
 (050.842752)  can0  124   [8]  A1 07 B9 44 A1 12 2A 08
 (050.852450)  can0  123   [8]  A2 00 65 43 8E 97 82 FF
 (050.852576)  can0  124   [8]  A2 07 B9 6B 76 12 32 08
 (050.862373)  can0  123   [8]  A3 00 68 43 8E D6 35 FF
 (050.862386)  can0  124   [8]  A3 07 B9 92 4A 12 3A 08
 (050.872256)  can0  123   [8]  A4 00 67 43 8F 1C BC FF
 (050.872438)  can0  124   [8]  A4 07 B9 B9 39 12 43 08
 (050.882181)  can0  123   [8]  A5 00 63 43 8F 63 44 FF
 (050.882385)  can0  124   [8]  A5 07 B9 E0 0F 12 4C 08
 (050.892079)  can0  123   [8]  A6 00 5C 43 8F A1 F6 FF
 (050.892316)  can0  124   [8]  A6 07 BA 07 16 12 54 08
 (050.902134)  can0  123   [8]  A7 00 59 43 8F E0 A7 FF
 (050.902154)  can0  124   [8]  A7 07 BA 2D E9 12 5C 08
 (050.911945)  can0  123   [8]  A8 00 58 43 90 27 2F FF
 (050.912073)  can0  124   [8]  A8 07 BA 54 D7 12 65 08
 (050.922272)  can0  123   [8]  A9 00 5A 43 90 6D B7 FF
 (050.922297)  can0  124   [8]  A9 07 BA 7B B0 12 6E 08
 (050.931836)  can0  123   [8]  AA 00 58 43 90 AC 69 FF
 (050.931855)  can0  124   [8]  AA 07 BA A2 94 12 76 08
 (050.941643)  can0  123   [8]  AB 00 4E 43 90 EB 1A FF
 (050.941869)  can0  124   [8]  AB 07 BA C9 71 12 7E 08
 (050.951808)  can0  123   [8]  AC 00 40 43 91 31 A2 FF
 (050.951853)  can0  124   [8]  AC 07 BA F0 5A 12 87 08
 (050.961572)  can0  123   [8]  AD 00 35 43 91 78 2A FF
 (050.961607)  can0  124   [8]  AD 07 BB 17 2F 12 90 08
 (050.971328)  can0  123   [8]  AE 00 32 43 91 B6 DC FF
 (050.971543)  can0  124   [8]  AE 07 BB 3E 23 12 98 08
 (050.981357)  can0  123   [8]  AF 00 30 43 91 FD 63 FF
 (050.981537)  can0  124   [8]  AF 07 BB 64 EC 12 A1 08
 (050.991465)  can0  123   [8]  B0 00 2F 43 92 3C 15 FF
 (050.991512)  can0  124   [8]  B0 07 BB 8B E3 12 A9 08
 (051.001076)  can0  123   [8]  B1 00 2E 43 92 82 9D FF
 (051.001190)  can0  124   [8]  B1 07 BB B2 B0 12 B2 08
 (051.011238)  can0  123   [8]  B2 00 2D 43 92 C1 4E FF
 (051.011275)  can0  124   [8]  B2 07 BB D9 A5 12 BA 08
 (051.020888)  can0  123   [8]  B3 00 2C 43 93 07 D6 FF
 (051.021317)  can0  124   [8]  B3 07 BC 00 75 12 C3 08
 (051.030770)  can0  123   [8]  B4 00 2C 43 93 46 88 FF
 (051.031082)  can0  124   [8]  B4 07 BC 27 5A 12 CB 08
 (051.040950)  can0  123   [8]  B5 00 2B 43 93 8D 10 FF
 (051.041079)  can0  124   [8]  B5 07 BC 4E B9 12 D4 08
 (051.050583)  can0  123   [8]  B6 00 2B 43 93 CB C1 FF
 (051.050899)  can0  124   [8]  B6 07 BC 75 14 12 DC 08
 (051.060505)  can0  123   [8]  B7 00 2B 43 94 0A 73 FF
 (051.060640)  can0  124   [8]  B7 07 BC 9B E3 12 E4 08
 (051.070397)  can0  123   [8]  B8 00 2B 43 94 50 FB FF
 (051.070703)  can0  124   [8]  B8 07 BC C2 D4 12 ED 08
 (051.080412)  can0  123   [8]  B9 00 2B 43 94 97 83 FF
 (051.080594)  can0  124   [8]  B9 07 BC E9 A4 12 F6 08
 (051.090212)  can0  123   [8]  BA 00 2B 43 94 D6 34 FF
 (051.090345)  can0  124   [8]  BA 07 BD 10 93 12 FE 08
 (051.100078)  can0  123   [8]  BB 00 2B 43 95 14 E6 FF
 (051.100392)  can0  124   [8]  BB 07 BD 37 64 13 06 08
 (051.110179)  can0  123   [8]  BC 00 2B 43 95 5B 6E FF
 (051.110205)  can0  124   [8]  BC 07 BD 5E 51 13 0F 08
 (051.120013)  can0  123   [8]  BD 00 2B 43 95 9A 1F FF
 (051.120169)  can0  124   [8]  BD 07 BD 85 23 13 17 08
 (051.129937)  can0  123   [8]  BE 00 2C 43 95 E0 A7 FF
 (051.130302)  can0  124   [8]  BE 07 BD AC 0F 13 20 08
 (051.139871)  can0  123   [8]  BF 00 2C 43 96 1F 59 FF
 (051.140001)  can0  124   [8]  BF 07 BD D2 E9 13 28 08
 (051.149676)  can0  123   [8]  C0 00 2C 43 96 65 E1 FF
 (051.149827)  can0  124   [8]  C0 07 BD F9 D9 13 31 08
 (051.159470)  can0  123   [8]  C1 00 2C 43 96 AC 68 FF
 (051.159665)  can0  124   [8]  C1 07 BE 20 AC 13 3A 08
 (051.169543)  can0  123   [8]  C2 00 2C 43 96 EB 1A FF
 (051.169667)  can0  124   [8]  C2 07 BE 47 9B 13 42 08
 (051.179265)  can0  123   [8]  C3 00 2C 43 97 29 CC FF
 (051.179456)  can0  124   [8]  C3 07 BE 6E 6E 13 4A 08
 (051.189265)  can0  123   [8]  C4 00 2C 43 97 70 54 FF
 (051.189518)  can0  124   [8]  C4 07 BE 95 5C 13 53 08
 (051.199162)  can0  123   [8]  C5 00 2C 43 97 B6 DB FF
 (051.199301)  can0  124   [8]  C5 07 BE BC 2E 13 5C 08
 (051.209035)  can0  123   [8]  C6 00 2C 43 97 F5 8D FF
 (051.209191)  can0  124   [8]  C6 07 BE E3 22 13 64 08
 (051.218976)  can0  123   [8]  C7 00 2D 43 98 34 3F FF
 (051.219219)  can0  124   [8]  C7 07 BF 09 F5 13 6C 08
 (051.228746)  can0  123   [8]  C8 00 2D 43 98 7A C6 FF
 (051.229008)  can0  124   [8]  C8 07 BF 30 E5 13 75 08
 (051.238896)  can0  123   [8]  C9 00 2D 43 98 B9 78 FF
 (051.239069)  can0  124   [8]  C9 07 BF 57 BC 13 7D 08
 (051.248775)  can0  123   [8]  CA 00 2D 43 99 00 00 FF
 (051.248976)  can0  124   [8]  CA 07 BF 7E AB 13 86 08
 (051.258676)  can0  123   [8]  CB 00 2D 43 99 3E B2 FF
 (051.258804)  can0  124   [8]  CB 07 BF A5 80 13 8E 08
 (051.268648)  can0  123   [8]  CC 00 2D 43 99 85 39 FF
 (051.268758)  can0  124   [8]  CC 07 BF CC 6C 13 97 08
 (051.278538)  can0  123   [8]  CD 00 2D 43 99 C3 EB FF
 (051.278628)  can0  124   [8]  CD 07 BF F3 42 13 9F 08
 (051.288662)  can0  123   [8]  CE 00 2D 43 9A 02 9C FF
 (051.288697)  can0  124   [8]  CE 07 C0 1A 34 13 A7 08
 (051.298275)  can0  123   [8]  CF 00 2E 43 9A 49 25 FF
 (051.298563)  can0  124   [8]  CF 07 C0 41 0A 13 B0 08
 (051.308343)  can0  123   [8]  D0 00 2E 43 9A 87 D6 FF
 (051.308554)  can0  124   [8]  D0 07 C0 67 FA 13 B8 08
 (051.318416)  can0  123   [8]  D1 00 2E 43 9A CE 5E FF
 (051.318446)  can0  124   [8]  D1 07 C0 8E D1 13 C1 08
 (051.328216)  can0  123   [8]  D2 00 2E 43 9B 0D 10 FF
 (051.328428)  can0  124   [8]  D2 07 C0 B5 BF 13 C9 08
 (051.338071)  can0  123   [8]  D3 00 2E 43 9B 53 98 FF
 (051.338407)  can0  124   [8]  D3 07 C0 DC 8D 13 D2 08
 (051.348091)  can0  123   [8]  D4 00 2F 43 9B 92 49 FF
 (051.348121)  can0  124   [8]  D4 07 C1 03 7D 13 DA 08
 (051.357830)  can0  123   [8]  D5 00 2F 43 9B D8 D1 FF
 (051.357931)  can0  124   [8]  D5 07 C1 2A 4E 13 E3 08
 (051.367765)  can0  123   [8]  D6 00 2F 43 9C 17 83 FF
 (051.367914)  can0  124   [8]  D6 07 C1 51 42 13 EB 08
 (051.377545)  can0  123   [8]  D7 00 2F 43 9C 5E 0A FF
 (051.377808)  can0  124   [8]  D7 07 C1 78 14 13 F4 08
 (051.387632)  can0  123   [8]  D8 00 2F 43 9C 9C BC FF
 (051.387650)  can0  124   [8]  D8 07 C1 9F 00 13 FC 08
 (051.397452)  can0  123   [8]  D9 00 2F 43 9C DB 6D FF
 (051.397655)  can0  124   [8]  D9 07 C1 C5 D0 14 04 08
 (051.407557)  can0  123   [8]  DA 00 2F 43 9D 21 F6 FF
 (051.407612)  can0  124   [8]  DA 07 C1 EC C6 14 0D 08
 (051.417334)  can0  123   [8]  DB 00 2F 43 9D 60 A7 FF
 (051.417586)  can0  124   [8]  DB 07 C2 13 97 14 15 08
 (051.427289)  can0  123   [8]  DC 00 30 43 9D A7 2F FF
 (051.427493)  can0  124   [8]  DC 07 C2 3A 88 14 1E 08
 (051.437385)  can0  123   [8]  DD 00 30 43 9D E5 E0 FF
 (051.437406)  can0  124   [8]  DD 07 C2 61 61 14 26 08
 (051.447247)  can0  123   [8]  DE 00 30 43 9E 2C 69 FF
 (051.447268)  can0  124   [8]  DE 07 C2 88 49 14 2F 08
 (051.456885)  can0  123   [8]  DF 00 30 43 9E 6B 1A FF
 (051.457089)  can0  124   [8]  DF 07 C2 AF 25 14 37 08
 (051.466809)  can0  123   [8]  E0 00 30 43 9E B1 A2 FF
 (051.467022)  can0  124   [8]  E0 07 C2 D6 0C 14 40 08
 (051.476722)  can0  123   [8]  E1 00 31 43 9E F0 54 FF
 (051.476905)  can0  124   [8]  E1 07 C2 FC DF 14 48 08
 (051.486987)  can0  123   [8]  E2 00 31 43 9F 2F 05 FF
 (051.487006)  can0  124   [8]  E2 07 C3 23 CE 14 50 08
 (051.496536)  can0  123   [8]  E3 00 31 43 9F 75 8D FF
 (051.497076)  can0  124   [8]  E3 07 C3 4A A2 14 59 08
 (051.506455)  can0  123   [8]  E4 00 31 43 9F B4 3E FF
 (051.506581)  can0  124   [8]  E4 07 C3 71 8E 14 61 08
 (051.516269)  can0  123   [8]  E5 00 31 43 9F FA C7 FF
 (051.516475)  can0  124   [8]  E5 07 C3 98 65 14 6A 08
 (051.526202)  can0  123   [8]  E6 00 32 43 A0 39 78 FF
 (051.526379)  can0  124   [8]  E6 07 C3 BF 57 14 72 08
 (051.536118)  can0  123   [8]  E7 00 32 43 A0 80 00 FF
 (051.536280)  can0  124   [8]  E7 07 C3 E6 29 14 7B 08
 (051.546344)  can0  123   [8]  E8 00 32 43 A0 BE B1 FF
 (051.546364)  can0  124   [8]  E8 07 C4 0D 18 14 83 08
 (051.555888)  can0  123   [8]  E9 00 33 43 A1 05 3A FF
 (051.556099)  can0  124   [8]  E9 07 C4 33 E8 14 8C 08
 (051.565774)  can0  123   [8]  EA 00 33 43 A1 43 EB FF
 (051.566051)  can0  124   [8]  EA 07 C4 5A D2 14 94 08
 (051.575758)  can0  123   [8]  EB 00 33 43 A1 8A 73 FF
 (051.575960)  can0  124   [8]  EB 07 C4 81 A5 14 9D 08
 (051.585858)  can0  123   [8]  EC 00 33 43 A1 C9 25 FF
 (051.585878)  can0  124   [8]  EC 07 C4 A8 93 14 A5 08
 (051.595567)  can0  123   [8]  ED 00 33 43 A2 0F AC FF
 (051.595776)  can0  124   [8]  ED 07 C4 CF 6D 14 AE 08
 (051.605674)  can0  123   [8]  EE 00 34 43 A2 4E 5E FF
 (051.605710)  can0  124   [8]  EE 07 C4 F6 56 14 B6 08
 (051.615667)  can0  123   [8]  EF 00 34 43 A2 94 E6 FF
 (051.615707)  can0  124   [8]  EF 07 C5 1D 2D 14 BF 08
 (051.625449)  can0  123   [8]  F0 00 34 43 A2 D3 98 FF
 (051.625483)  can0  124   [8]  F0 07 C5 44 17 14 C7 08
 (051.635382)  can0  123   [8]  F1 00 34 43 A3 1A 1F FF
 (051.635422)  can0  124   [8]  F1 07 C5 6A EF 14 D0 08
 (051.645142)  can0  123   [8]  F2 00 34 43 A3 58 D1 FF
 (051.645431)  can0  124   [8]  F2 07 C5 91 E1 14 D8 08
 (051.655028)  can0  123   [8]  F3 00 34 43 A3 97 82 FF
 (051.655236)  can0  124   [8]  F3 07 C5 B8 BB 14 E0 08
 (051.665055)  can0  123   [8]  F4 00 34 43 A3 DE 0B FF
 (051.665216)  can0  124   [8]  F4 07 C5 DF AC 14 E9 08
 (051.675016)  can0  123   [8]  F5 00 35 43 A4 1C BC FF
 (051.675032)  can0  124   [8]  F5 07 C6 06 82 14 F1 08
 (051.684879)  can0  123   [8]  F6 00 36 43 A4 63 44 FF
 (051.684988)  can0  124   [8]  F6 07 C6 2D 72 14 FA 08
 (051.694963)  can0  123   [8]  F7 00 37 43 A4 A1 F5 FF
 (051.694982)  can0  124   [8]  F7 07 C6 54 46 15 02 08
 (051.704700)  can0  123   [8]  F8 00 37 43 A4 E0 A7 FF
 (051.704927)  can0  124   [8]  F8 07 C6 7B 36 15 0A 08
 (051.714574)  can0  123   [8]  F9 00 38 43 A5 27 2F FF
 (051.714734)  can0  124   [8]  F9 07 C6 A2 0A 15 13 08
 (051.724463)  can0  123   [8]  FA 00 38 43 A5 65 E1 FF
 (051.724674)  can0  124   [8]  FA 07 C6 C8 FA 15 1B 08
 (051.734314)  can0  123   [8]  FB 00 39 43 A5 AC 69 FF
 (051.734655)  can0  124   [8]  FB 07 C6 EF D0 15 24 08
 (051.744291)  can0  123   [8]  FC 00 39 43 A5 EB 1A FF
 (051.744416)  can0  124   [8]  FC 07 C7 16 C6 15 2C 08
 (051.754154)  can0  123   [8]  FD 00 3A 43 A6 29 CC FF
 (051.754483)  can0  124   [8]  FD 07 C7 3D 9A 15 34 08
 (051.764356)  can0  123   [8]  FE 00 3A 43 A6 70 53 FF
 (051.764384)  can0  124   [8]  FE 07 C7 64 8A 15 3D 08
 (051.774027)  can0  123   [8]  FF 00 3A 43 A6 AF 05 FF
 (051.774266)  can0  124   [8]  FF 07 C7 8B 66 15 45 08
 (051.783922)  can0  123   [8]  00 00 3A 43 A6 F5 8D FF
 (051.784047)  can0  124   [8]  00 07 C7 B2 59 15 4E 08
 (051.793803)  can0  123   [8]  01 00 38 43 A7 34 3F FF
 (051.793965)  can0  124   [8]  01 07 C7 D9 2E 15 56 08
 (051.803884)  can0  123   [8]  02 00 36 43 A7 72 F0 FF
 (051.803902)  can0  124   [8]  02 07 C8 00 1D 15 5E 08
 (051.814061)  can0  123   [8]  03 00 3D 43 A7 B9 78 FF
 (051.814085)  can0  124   [8]  03 07 C8 26 F0 15 67 08
 (051.823544)  can0  123   [8]  04 00 41 43 A7 F8 2A FF
 (051.823702)  can0  124   [8]  04 07 C8 4D DD 15 6F 08
 (051.833769)  can0  123   [8]  05 00 41 43 A8 36 DC FF
 (051.833787)  can0  124   [8]  05 07 C8 74 AC 15 77 08
 (051.843330)  can0  123   [8]  06 00 41 43 A8 7D 63 FF
 (051.843530)  can0  124   [8]  06 07 C8 9B A3 15 80 08
 (051.853241)  can0  123   [8]  07 00 41 43 A8 BC 15 FF
 (051.853557)  can0  124   [8]  07 07 C8 C2 7A 15 88 08
 (051.863212)  can0  123   [8]  08 00 42 43 A8 FA C7 FF
 (051.863346)  can0  124   [8]  08 07 C8 E9 69 15 90 08
 (051.873136)  can0  123   [8]  09 00 42 43 A9 41 4E FF
 (051.873231)  can0  124   [8]  09 07 C9 10 3E 15 99 08
 (051.883022)  can0  123   [8]  0A 00 43 43 A9 80 00 FF
 (051.883152)  can0  124   [8]  0A 07 C9 37 2D 15 A1 08
 (051.893063)  can0  123   [8]  0B 00 43 43 A9 C6 88 FF
 (051.893083)  can0  124   [8]  0B 07 C9 5E 01 15 AA 08
 (051.902796)  can0  123   [8]  0C 00 43 43 AA 05 3A FF
 (051.903015)  can0  124   [8]  0C 07 C9 84 F4 15 B2 08
 (051.912862)  can0  123   [8]  0D 00 43 43 AA 43 EB FF
 (051.912879)  can0  124   [8]  0D 07 C9 AB C9 15 BA 08
 (051.922810)  can0  123   [8]  0E 00 43 43 AA 8A 73 FF
 (051.922821)  can0  124   [8]  0E 07 C9 D2 B9 15 C3 08
 (051.932478)  can0  123   [8]  0F 00 43 43 AA C9 24 FF
 (051.932784)  can0  124   [8]  0F 07 C9 F9 8F 15 CB 08
 (051.942735)  can0  123   [8]  10 00 42 43 AB 0F AD FF
 (051.942753)  can0  124   [8]  10 07 CA 20 86 15 D4 08
 (051.952440)  can0  123   [8]  11 00 42 43 AB 4E 5E FF
 (051.952617)  can0  124   [8]  11 07 CA 47 5D 15 DC 08
 (051.962231)  can0  123   [8]  12 00 42 43 AB 8D 10 FF
 (051.962598)  can0  124   [8]  12 07 CA 6E 4C 15 E4 08
 (051.972181)  can0  123   [8]  13 00 42 43 AB D3 97 FF
 (051.972346)  can0  124   [8]  13 07 CA 95 23 15 ED 08
 (051.982230)  can0  123   [8]  14 00 42 43 AC 12 49 FF
 (051.982243)  can0  124   [8]  14 07 CA BC 11 15 F5 08
 (051.992143)  can0  123   [8]  15 00 42 43 AC 58 D1 FF
 (051.992160)  can0  124   [8]  15 07 CA E2 E7 15 FE 08
 (052.001825)  can0  123   [8]  16 00 42 43 AC 97 83 FF
 (052.002120)  can0  124   [8]  16 07 CB 09 CD 16 06 08
 (052.011841)  can0  123   [8]  17 00 41 43 AC D6 34 FF
 (052.012072)  can0  124   [8]  17 07 CB 30 A2 16 0E 08
 (052.021717)  can0  123   [8]  18 00 41 43 AD 1C BC FF
 (052.021859)  can0  124   [8]  18 07 CB 57 91 16 17 08
 (052.031553)  can0  123   [8]  19 00 41 43 AD 5B 6E FF
 (052.031876)  can0  124   [8]  19 07 CB 7E 66 16 1F 08
 (052.041589)  can0  123   [8]  1A 00 41 43 AD A1 F5 FF
 (052.041718)  can0  124   [8]  1A 07 CB A5 59 16 28 08
 (052.051481)  can0  123   [8]  1B 00 41 43 AD E0 A7 FF
 (052.051624)  can0  124   [8]  1B 07 CB CC 2B 16 30 08
 (052.061282)  can0  123   [8]  1C 00 41 43 AE 1F 59 FF
 (052.061789)  can0  124   [8]  1C 07 CB F3 16 16 38 08
 (052.071191)  can0  123   [8]  1D 00 40 43 AE 65 E1 FF
 (052.071475)  can0  124   [8]  1D 07 CC 19 EF 16 41 08
 (052.081051)  can0  123   [8]  1E 00 40 43 AE AC 68 FF
 (052.081325)  can0  124   [8]  1E 07 CC 40 DD 16 4A 08
 (052.091083)  can0  123   [8]  1F 00 40 43 AE EB 1A FF
 (052.091255)  can0  124   [8]  1F 07 CC 67 B0 16 52 08
 (052.100941)  can0  123   [8]  20 00 40 43 AF 31 A2 FF
 (052.101102)  can0  124   [8]  20 07 CC 8E 96 16 5B 08
 (052.111121)  can0  123   [8]  21 00 40 43 AF 70 54 FF
 (052.111140)  can0  124   [8]  21 07 CC B5 73 16 63 08
 (052.120905)  can0  123   [8]  22 00 40 43 AF B6 DB FF
 (052.120923)  can0  124   [8]  22 07 CC DC 5B 16 6C 08
 (052.130819)  can0  123   [8]  23 00 40 43 AF F5 8D FF
 (052.130838)  can0  124   [8]  23 07 CD 03 27 16 74 08
 (052.140571)  can0  123   [8]  24 00 3F 43 B0 3C 15 FF
 (052.140762)  can0  124   [8]  24 07 CD 2A 16 16 7D 08
 (052.150788)  can0  123   [8]  25 00 3F 43 B0 82 9C FF
 (052.150809)  can0  124   [8]  25 07 CD 50 E9 16 86 08
 (052.160753)  can0  123   [8]  26 00 3F 43 B0 C1 4F FF
 (052.160772)  can0  124   [8]  26 07 CD 77 CE 16 8E 08
 (052.170809)  can0  123   [8]  27 00 3F 43 B1 07 D6 FF
 (052.170827)  can0  124   [8]  27 07 CD 9E A2 16 97 08
 (052.180482)  can0  123   [8]  28 00 3F 43 B1 46 88 FF
 (052.180499)  can0  124   [8]  28 07 CD C5 8D 16 9F 08
 (052.190411)  can0  123   [8]  29 00 3F 43 B1 8D 10 FF
 (052.190430)  can0  124   [8]  29 07 CD EC 5D 16 A8 08
 (052.200138)  can0  123   [8]  2A 00 3F 43 B1 D3 98 FF
 (052.200291)  can0  124   [8]  2A 07 CE 13 49 16 B1 08
 (052.210023)  can0  123   [8]  2B 00 3F 43 B2 12 49 FF
 (052.210176)  can0  124   [8]  2B 07 CE 3A 18 16 B9 08
 (052.220023)  can0  123   [8]  2C 00 3F 43 B2 58 D1 FF
 (052.220205)  can0  124   [8]  2C 07 CE 61 02 16 C2 08
 (052.229880)  can0  123   [8]  2D 00 3E 43 B2 97 83 FF
 (052.230009)  can0  124   [8]  2D 07 CE 87 D5 16 CA 08
 (052.239808)  can0  123   [8]  2E 00 3E 43 B2 DE 0A FF
 (052.240038)  can0  124   [8]  2E 07 CE AE BF 16 D3 08
 (052.249869)  can0  123   [8]  2F 00 3E 43 B3 24 92 FF
 (052.249910)  can0  124   [8]  2F 07 CE D5 91 16 DC 08
 (052.259561)  can0  123   [8]  30 00 3E 43 B3 63 44 FF
 (052.259883)  can0  124   [8]  30 07 CE FC 79 16 E4 08
 (052.269726)  can0  123   [8]  31 00 3E 43 B3 A9 CC FF
 (052.269766)  can0  124   [8]  31 07 CF 23 4A 16 ED 08
 (052.279414)  can0  123   [8]  32 00 3E 43 B3 F0 53 FF
 (052.279544)  can0  124   [8]  32 07 CF 4A 37 16 F6 08
 (052.289248)  can0  123   [8]  33 00 3E 3E BC 14 E5 FF
 (052.289440)  can0  124   [8]  33 07 CF 71 05 00 06 08
 (052.299186)  can0  123   [8]  34 00 3E 3F 6B 1A 1F FF
 (052.299362)  can0  124   [8]  34 07 CF 97 F1 00 0F 08
 (052.309051)  can0  123   [8]  35 00 3E 3F B4 3E B2 FF
 (052.309262)  can0  124   [8]  35 07 CF BE C9 00 17 08
 (052.318930)  can0  123   [8]  36 00 3E 3F FA C6 88 FF
 (052.319155)  can0  124   [8]  36 07 CF E5 B0 00 20 08
 (052.328867)  can0  123   [8]  37 00 3E 40 20 A7 2F FF
 (052.329084)  can0  124   [8]  37 07 D0 0C 8A 00 29 08
 (052.338846)  can0  123   [8]  38 00 3E 40 40 00 01 FF
 (052.339015)  can0  124   [8]  38 07 D0 33 78 00 31 08
 (052.348646)  can0  123   [8]  39 00 3E 40 63 43 EB FF
 (052.348862)  can0  124   [8]  39 07 D0 5A 4D 00 3A 08
 (052.358705)  can0  123   [8]  3A 00 3E 40 81 4E 5E FF
 (052.358826)  can0  124   [8]  3A 07 D0 81 3B 00 42 08
 (052.368516)  can0  123   [8]  3B 00 3E 40 92 F0 54 FF
 (052.368753)  can0  124   [8]  3B 07 D0 A8 13 00 4B 08
 (052.378463)  can0  123   [8]  3C 00 3E 40 A2 9C BC FF
 (052.378666)  can0  124   [8]  3C 07 D0 CE FF 00 53 08
 (052.388603)  can0  123   [8]  3D 00 3E 40 B4 3E B2 FF
 (052.388627)  can0  124   [8]  3D 07 D0 F5 D4 00 5C 08
 (052.398369)  can0  123   [8]  3E 00 3E 40 C3 EB 1B FF
 (052.398506)  can0  124   [8]  3E 07 D1 1C C2 00 64 08
 (052.408239)  can0  123   [8]  3F 00 3E 40 D5 8D 10 FF
 (052.408398)  can0  124   [8]  3F 07 D1 43 9B 00 6D 08
 (052.418204)  can0  123   [8]  40 00 3E 40 E7 2F 05 FF
 (052.418328)  can0  124   [8]  40 07 D1 6A 8C 00 76 08
 (052.428033)  can0  123   [8]  41 00 3E 40 F6 DB 6E FF
 (052.428262)  can0  124   [8]  41 07 D1 91 60 00 7E 08
 (052.438156)  can0  123   [8]  42 00 3E 41 04 3E B2 FF
 (052.438173)  can0  124   [8]  42 07 D1 B8 54 00 87 08
 (052.447840)  can0  123   [8]  43 00 3E 41 0C 14 E6 FF
 (052.448016)  can0  124   [8]  43 07 D1 DF 24 00 8F 08
 (052.457941)  can0  123   [8]  44 00 3E 41 14 E5 E1 FF
 (052.457957)  can0  124   [8]  44 07 D2 06 16 00 98 08
 (052.467788)  can0  123   [8]  45 00 3E 41 1C BC 15 FF
 (052.467808)  can0  124   [8]  45 07 D2 2C EC 00 A0 08
 (052.477643)  can0  123   [8]  46 00 3E 41 25 8D 0F FF
 (052.477897)  can0  124   [8]  46 07 D2 53 DC 00 A9 08
 (052.487470)  can0  123   [8]  47 00 3E 41 2E 5E 0B FF
 (052.487720)  can0  124   [8]  47 07 D2 7A AE 00 B2 08
 (052.497379)  can0  123   [8]  48 00 3E 41 36 34 3F FF
 (052.497849)  can0  124   [8]  48 07 D2 A1 9C 00 BA 08
 (052.507327)  can0  123   [8]  49 00 3E 41 3E 0A 73 FF
 (052.507481)  can0  124   [8]  49 07 D2 C8 74 00 C2 08
 (052.517252)  can0  123   [8]  4A 00 3E 41 46 DB 6E FF
 (052.517374)  can0  124   [8]  4A 07 D2 EF 64 00 CB 08
 (052.527103)  can0  123   [8]  4B 00 3E 41 4F AC 68 FF
 (052.527254)  can0  124   [8]  4B 07 D3 16 3F 00 D4 08
 (052.536979)  can0  123   [8]  4C 00 3E 41 57 82 9C FF
 (052.537175)  can0  124   [8]  4C 07 D3 3D 33 00 DC 08
 (052.546990)  can0  123   [8]  4D 00 3E 41 60 53 97 FF
 (052.547050)  can0  124   [8]  4D 07 D3 64 10 00 E5 08
 (052.557162)  can0  123   [8]  4E 00 3E 41 68 29 CB FF
 (052.557177)  can0  124   [8]  4E 07 D3 8A FE 00 ED 08
 (052.566911)  can0  123   [8]  4F 00 3D 41 6D 0F AD FF
 (052.566927)  can0  124   [8]  4F 07 D3 B1 DF 00 F2 08
 (052.576683)  can0  123   [8]  50 00 3D 41 70 00 00 FF
 (052.576839)  can0  124   [8]  50 07 D3 D8 D5 00 F5 08
 (052.586557)  can0  123   [8]  51 00 3D 41 70 FA C7 FF
 (052.586738)  can0  124   [8]  51 07 D3 FF AE 00 F6 08
 (052.596505)  can0  123   [8]  52 00 3D 41 70 FA C7 FF
 (052.596699)  can0  124   [8]  52 07 D4 26 A3 00 F6 08
 (052.606377)  can0  123   [8]  53 00 3D 41 70 FA C7 FF
 (052.606554)  can0  124   [8]  53 07 D4 4D 7C 00 F6 08
 (052.616264)  can0  123   [8]  54 00 3D 41 70 FA C7 FF
 (052.616521)  can0  124   [8]  54 07 D4 74 6C 00 F6 08
 (052.626197)  can0  123   [8]  55 00 3D 41 70 FA C7 FF
 (052.626359)  can0  124   [8]  55 07 D4 9B 48 00 F6 08
 (052.636392)  can0  123   [8]  56 00 3D 41 70 FA C7 FF
 (052.636418)  can0  124   [8]  56 07 D4 C2 3E 00 F6 08
 (052.646199)  can0  123   [8]  57 00 3D 41 70 FA C7 FF
 (052.646222)  can0  124   [8]  57 07 D4 E9 19 00 F6 08
 (052.655924)  can0  123   [8]  58 00 3D 41 70 FA C7 FF
 (052.656163)  can0  124   [8]  58 07 D5 10 0F 00 F6 08
 (052.665841)  can0  123   [8]  59 00 3D 41 70 00 00 FF
 (052.666017)  can0  124   [8]  59 07 D5 36 EB 00 F5 08
 (052.675995)  can0  123   [8]  5A 00 3E 41 6F 05 39 FF
 (052.676021)  can0  124   [8]  5A 07 D5 5D E7 00 F4 08
 (052.685847)  can0  123   [8]  5B 00 3E 41 6D 0F AD FF
 (052.685866)  can0  124   [8]  5B 07 D5 84 C2 00 F2 08
 (052.695668)  can0  123   [8]  5C 00 3E 41 6B 1A 1F FF
 (052.695795)  can0  124   [8]  5C 07 D5 AB B7 00 F0 08
 (052.705498)  can0  123   [8]  5D 00 3E 41 69 24 93 FF
 (052.705731)  can0  124   [8]  5D 07 D5 D2 92 00 EE 08
 (052.715475)  can0  123   [8]  5E 00 3E 41 67 2F 05 FF
 (052.715637)  can0  124   [8]  5E 07 D5 F9 89 00 EC 08
 (052.725344)  can0  123   [8]  5F 00 3E 41 63 43 EB FF
 (052.725497)  can0  124   [8]  5F 07 D6 20 63 00 E8 08
 (052.735477)  can0  123   [8]  60 00 3E 41 61 4E 5E FF
 (052.735501)  can0  124   [8]  60 07 D6 47 57 00 E6 08
 (052.745372)  can0  123   [8]  61 00 3E 41 5D 63 44 FF
 (052.745392)  can0  124   [8]  61 07 D6 6E 30 00 E2 08
 (052.755155)  can0  123   [8]  62 00 3D 41 59 78 2A FF
 (052.755279)  can0  124   [8]  62 07 D6 95 26 00 DE 08
 (052.764970)  can0  123   [8]  63 00 3D 41 56 87 D6 FF
 (052.765169)  can0  124   [8]  63 07 D6 BC 00 00 DB 08
 (052.775015)  can0  123   [8]  64 00 3D 41 52 9C BC FF
 (052.775181)  can0  124   [8]  64 07 D6 E2 F3 00 D7 08
 (052.784835)  can0  123   [8]  65 00 3D 41 4E B1 A2 FF
 (052.784983)  can0  124   [8]  65 07 D7 09 CB 00 D3 08
 (052.794962)  can0  123   [8]  66 00 3D 41 4A C6 88 FF
 (052.794980)  can0  124   [8]  66 07 D7 30 BE 00 CF 08
 (052.804487)  can0  123   [8]  67 00 3D 41 46 DB 6E FF
 (052.804705)  can0  124   [8]  67 07 D7 57 95 00 CB 08
 (052.814429)  can0  123   [8]  68 00 3D 41 43 EB 1B FF
 (052.814757)  can0  124   [8]  68 07 D7 7E 81 00 C8 08
 (052.824291)  can0  123   [8]  69 00 3D 41 3F 05 39 FF
 (052.824579)  can0  124   [8]  69 07 D7 A5 5D 00 C3 08
 (052.834216)  can0  123   [8]  6A 00 3D 41 3B 1A 1F FF
 (052.834386)  can0  124   [8]  6A 07 D7 CC 4E 00 BF 08
 (052.844817)  can0  123   [8]  6B 00 3D 41 37 2F 05 FF
 (052.844828)  can0  124   [8]  6B 07 D7 F3 2C 00 BB 08
 (052.854064)  can0  123   [8]  6C 00 3D 41 33 43 EB FF
 (052.854246)  can0  124   [8]  6C 07 D8 1A 22 00 B7 08
 (052.863913)  can0  123   [8]  6D 00 3D 41 2E 5E 0B FF
 (052.864152)  can0  124   [8]  6D 07 D8 40 F9 00 B2 08
 (052.873885)  can0  123   [8]  6E 00 3D 41 2A 72 F0 FF
 (052.874109)  can0  124   [8]  6E 07 D8 67 E8 00 AE 08
 (052.883781)  can0  123   [8]  6F 00 3D 41 25 8D 0F FF
 (052.884065)  can0  124   [8]  6F 07 D8 8E C0 00 A9 08
 (052.893798)  can0  123   [8]  70 00 3D 41 20 A7 2F FF
 (052.893891)  can0  124   [8]  70 07 D8 B5 B1 00 A4 08
 (052.903655)  can0  123   [8]  71 00 3D 41 1C BC 15 FF
 (052.903894)  can0  124   [8]  71 07 D8 DC 88 00 A0 08
 (052.913679)  can0  123   [8]  72 00 3D 41 17 D6 34 FF
 (052.913862)  can0  124   [8]  72 07 D9 03 7B 00 9B 08
 (052.923632)  can0  123   [8]  73 00 3D 41 12 F0 54 FF
 (052.923818)  can0  124   [8]  73 07 D9 2A 4C 00 96 08
 (052.933394)  can0  123   [8]  74 00 3D 41 0F 05 39 FF
 (052.933564)  can0  124   [8]  74 07 D9 51 40 00 92 08
 (052.943394)  can0  123   [8]  75 00 3D 41 0A 1F 59 FF
 (052.943677)  can0  124   [8]  75 07 D9 78 19 00 8D 08
 (052.953275)  can0  123   [8]  76 00 3D 41 05 39 78 FF
 (052.953411)  can0  124   [8]  76 07 D9 9F 10 00 88 08
 (052.963171)  can0  123   [8]  77 00 3D 41 00 53 98 FF
 (052.963295)  can0  124   [8]  77 07 D9 C5 ED 00 83 08
 (052.973021)  can0  123   [8]  78 00 3D 40 F6 DB 6E FF
 (052.973267)  can0  124   [8]  78 07 D9 EC E0 00 7E 08
 (052.982985)  can0  123   [8]  79 00 3D 40 ED 0F AD FF
 (052.983076)  can0  124   [8]  79 07 DA 13 BD 00 79 08
 (052.993016)  can0  123   [8]  7A 00 3D 40 E3 43 EB FF
 (052.993029)  can0  124   [8]  7A 07 DA 3A B2 00 74 08
 (053.002778)  can0  123   [8]  7B 00 3D 40 D9 78 2A FF
 (053.002917)  can0  124   [8]  7B 07 DA 61 86 00 6F 08
 (053.012687)  can0  123   [8]  7C 00 3D 40 CF AC 68 FF
 (053.012927)  can0  124   [8]  7C 07 DA 88 7B 00 6A 08
 (053.022597)  can0  123   [8]  7D 00 3D 40 C3 EB 1B FF
 (053.022803)  can0  124   [8]  7D 07 DA AF 55 00 64 08
 (053.032573)  can0  123   [8]  7E 00 3D 40 BA 1F 59 FF
 (053.032759)  can0  124   [8]  7E 07 DA D6 49 00 5F 08
 (053.042579)  can0  123   [8]  7F 00 3D 40 B0 53 98 FF
 (053.042599)  can0  124   [8]  7F 07 DA FD 1D 00 5A 08
 (053.052375)  can0  123   [8]  80 00 3D 40 A4 92 49 FF
 (053.052529)  can0  124   [8]  80 07 DB 24 10 00 54 08
 (053.062444)  can0  123   [8]  81 00 3D 40 9A C6 88 FF
 (053.062462)  can0  124   [8]  81 07 DB 4A E9 00 4F 08
 (053.072238)  can0  123   [8]  82 00 3D 40 8F 05 39 FF
 (053.072352)  can0  124   [8]  82 07 DB 71 D9 00 49 08
 (053.082090)  can0  123   [8]  83 00 3D 40 85 39 78 FF
 (053.082274)  can0  124   [8]  83 07 DB 98 B1 00 44 08
 (053.091971)  can0  123   [8]  84 00 3D 40 72 F0 54 FF
 (053.092294)  can0  124   [8]  84 07 DB BF A4 00 3E 08
 (053.102096)  can0  123   [8]  85 00 3D 40 5B 6D B7 FF
 (053.102112)  can0  124   [8]  85 07 DB E6 81 00 38 08
 (053.111809)  can0  123   [8]  86 00 3D 40 47 D6 34 FF
 (053.111996)  can0  124   [8]  86 07 DC 0D 77 00 33 08
 (053.121882)  can0  123   [8]  87 00 3D 40 30 53 98 FF
 (053.121897)  can0  124   [8]  87 07 DC 34 4E 00 2D 08
 (053.131549)  can0  123   [8]  88 00 3D 40 18 D0 FB FF
 (053.131869)  can0  124   [8]  88 07 DC 5B 40 00 27 08
 (053.141549)  can0  123   [8]  89 00 3D 40 05 39 78 FF
 (053.141653)  can0  124   [8]  89 07 DC 82 19 00 22 08
 (053.151415)  can0  123   [8]  8A 00 3D 3F DB 6D B7 FF
 (053.151596)  can0  124   [8]  8A 07 DC A9 0E 00 1C 08
 (053.161643)  can0  123   [8]  8B 00 3D 3F AC 68 7E FF
 (053.161674)  can0  124   [8]  8B 07 DC CF E9 00 16 08
 (053.171224)  can0  123   [8]  8C 00 3D 3F 7A C6 88 FF
 (053.171509)  can0  124   [8]  8C 07 DC F6 DE 00 10 08
 (053.181428)  can0  123   [8]  8D 00 3D 3F 1C BC 15 FF
 (053.181449)  can0  124   [8]  8D 07 DD 1D BB 00 0A 08
 (053.191059)  can0  123   [8]  8E 00 3E 3E 7A C6 88 FF
 (053.191293)  can0  124   [8]  8E 07 DD 44 B2 00 04 08
 (053.201314)  can0  123   [8]  8F 00 3E 43 B3 E8 7D FF
 (053.201341)  can0  124   [8]  8F 07 DD 6B 8E 16 F5 08
 (053.211118)  can0  123   [8]  90 00 3E 43 B3 B9 78 FF
 (053.211139)  can0  124   [8]  90 07 DD 92 7F 16 EF 08
 (053.221114)  can0  123   [8]  91 00 3E 43 B3 8A 73 FF
 (053.221131)  can0  124   [8]  91 07 DD B9 58 16 E9 08
 (053.230874)  can0  123   [8]  92 00 3E 43 B3 53 97 FF
 (053.231050)  can0  124   [8]  92 07 DD E0 4F 16 E2 08
 (053.240627)  can0  123   [8]  93 00 3E 43 B3 24 92 FF
 (053.240792)  can0  124   [8]  93 07 DE 07 25 16 DC 08
 (053.250574)  can0  123   [8]  94 00 3E 43 B2 F5 8D FF
 (053.250691)  can0  124   [8]  94 07 DE 2E 1C 16 D6 08
 (053.260393)  can0  123   [8]  95 00 3E 43 B2 BE B2 FF
 (053.260615)  can0  124   [8]  95 07 DE 54 F8 16 CF 08
 (053.270529)  can0  123   [8]  96 00 3E 43 B2 8F AC FF
 (053.270722)  can0  124   [8]  96 07 DE 7B F1 16 C9 08
 (053.280492)  can0  123   [8]  97 00 3E 43 B2 58 D1 FF
 (053.280521)  can0  124   [8]  97 07 DE A2 C9 16 C2 08
 (053.290323)  can0  123   [8]  98 00 3E 43 B2 29 CC FF
 (053.290446)  can0  124   [8]  98 07 DE C9 BD 16 BC 08
 (053.300421)  can0  123   [8]  99 00 3E 43 B1 F2 F0 FF
 (053.300446)  can0  124   [8]  99 07 DE F0 9A 16 B5 08
 (053.310418)  can0  123   [8]  9A 00 3E 43 B1 BC 15 FF
 (053.310442)  can0  124   [8]  9A 07 DF 17 8C 16 AE 08
 (053.321303)  can0  123   [8]  9B 00 3E 43 B1 8D 10 FF
 (053.321324)  can0  124   [8]  9B 07 DF 3E 6E 16 A8 08
 (053.329910)  can0  123   [8]  9C 00 3E 43 B1 56 34 FF
 (053.330041)  can0  124   [8]  9C 07 DF 65 61 16 A1 08
 (053.340571)  can0  123   [8]  9D 00 3E 43 B1 1F 59 FF
 (053.340631)  can0  124   [8]  9D 07 DF 8C 38 16 9A 08
 (053.349783)  can0  123   [8]  9E 00 3E 43 B0 E8 7D FF
 (053.349989)  can0  124   [8]  9E 07 DF B3 32 16 93 08
 (053.360170)  can0  123   [8]  9F 00 3E 43 B0 B1 A2 FF
 (053.360229)  can0  124   [8]  9F 07 DF DA 09 16 8C 08
 (053.369516)  can0  123   [8]  A0 00 3E 43 B0 7A C6 FF
 (053.369795)  can0  124   [8]  A0 07 E0 00 FE 16 85 08
 (053.379603)  can0  123   [8]  A1 00 3E 43 B0 43 EB FF
 (053.379636)  can0  124   [8]  A1 07 E0 27 DD 16 7E 08
 (053.389520)  can0  123   [8]  A2 00 3F 43 B0 0D 0F FF
 (053.389556)  can0  124   [8]  A2 07 E0 4E D5 16 77 08
 (053.399176)  can0  123   [8]  A3 00 3F 43 AF D6 35 FF
 (053.399505)  can0  124   [8]  A3 07 E0 75 AF 16 70 08
 (053.409042)  can0  123   [8]  A4 00 3F 43 AF 97 82 FF
 (053.409393)  can0  124   [8]  A4 07 E0 9C A5 16 68 08
 (053.419023)  can0  123   [8]  A5 00 3F 43 AF 60 A8 FF
 (053.419113)  can0  124   [8]  A5 07 E0 C3 7A 16 61 08
 (053.428782)  can0  123   [8]  A6 00 3F 43 AF 29 CC FF
 (053.429020)  can0  124   [8]  A6 07 E0 EA 6E 16 5A 08
 (053.438738)  can0  123   [8]  A7 00 3F 43 AE F2 F0 FF
 (053.438949)  can0  124   [8]  A7 07 E1 0D 62 16 53 08
 (053.448663)  can0  123   [8]  A8 00 3F 43 AE B4 3F FF
 (053.448856)  can0  124   [8]  A8 07 E1 38 43 16 4B 08
 (053.458541)  can0  123   [8]  A9 00 3F 43 AE 7D 63 FF
 (053.458753)  can0  124   [8]  A9 07 E1 5F 20 16 44 08
 (053.468466)  can0  123   [8]  AA 00 3F 43 AE 3E B2 FF
 (053.468658)  can0  124   [8]  AA 07 E1 86 15 16 3C 08
 (053.478330)  can0  123   [8]  AB 00 40 43 AE 07 D6 FF
 (053.478554)  can0  124   [8]  AB 07 E1 AC ED 16 35 08
 (053.488229)  can0  123   [8]  AC 00 40 43 AD C9 25 FF
 (053.488459)  can0  124   [8]  AC 07 E1 D3 DD 16 2D 08
 (053.498256)  can0  123   [8]  AD 00 40 43 AD 92 49 FF
 (053.498450)  can0  124   [8]  AD 07 E1 FA B5 16 26 08
 (053.508129)  can0  123   [8]  AE 00 40 43 AD 53 98 FF
 (053.508276)  can0  124   [8]  AE 07 E2 21 A7 16 1E 08
 (053.518060)  can0  123   [8]  AF 00 40 43 AD 14 E6 FF
 (053.518189)  can0  124   [8]  AF 07 E2 48 81 16 16 08
 (053.527859)  can0  123   [8]  B0 00 40 43 AC D6 34 FF
 (053.528125)  can0  124   [8]  B0 07 E2 6F 6F 16 0E 08
 (053.537797)  can0  123   [8]  B1 00 40 43 AC 97 83 FF
 (053.538051)  can0  124   [8]  B1 07 E2 96 48 16 06 08
 (053.547712)  can0  123   [8]  B2 00 41 43 AC 58 D1 FF
 (053.547983)  can0  124   [8]  B2 07 E2 BD 39 15 FE 08
 (053.557633)  can0  123   [8]  B3 00 41 43 AC 1A 1F FF
 (053.557839)  can0  124   [8]  B3 07 E2 E4 0D 15 F6 08
 (053.567539)  can0  123   [8]  B4 00 41 43 AB DB 6E FF
 (053.567765)  can0  124   [8]  B4 07 E3 0A FD 15 EE 08
 (053.577699)  can0  123   [8]  B5 00 41 43 AB 9C BC FF
 (053.577713)  can0  124   [8]  B5 07 E3 31 D2 15 E6 08
 (053.587345)  can0  123   [8]  B6 00 41 43 AB 5E 0A FF
 (053.587604)  can0  124   [8]  B6 07 E3 58 BA 15 DE 08
 (053.597225)  can0  123   [8]  B7 00 41 43 AB 1F 59 FF
 (053.597473)  can0  124   [8]  B7 07 E3 7F 92 15 D6 08
 (053.607308)  can0  123   [8]  B8 00 42 43 AA E0 A7 FF
 (053.607518)  can0  124   [8]  B8 07 E3 A6 80 15 CE 08
 (053.617121)  can0  123   [8]  B9 00 42 43 AA A1 F6 FF
 (053.617258)  can0  124   [8]  B9 07 E3 CD 57 15 C6 08
 (053.627037)  can0  123   [8]  BA 00 42 43 AA 5B 6E FF
 (053.627280)  can0  124   [8]  BA 07 E3 F4 4A 15 BD 08
 (053.636868)  can0  123   [8]  BB 00 42 43 AA 1C BC FF
 (053.637123)  can0  124   [8]  BB 07 E4 1B 26 15 B5 08
 (053.646901)  can0  123   [8]  BC 00 42 43 A9 DE 0A FF
 (053.647007)  can0  124   [8]  BC 07 E4 42 15 15 AD 08
 (053.656699)  can0  123   [8]  BD 00 42 43 A9 97 83 FF
 (053.656930)  can0  124   [8]  BD 07 E4 68 F4 15 A4 08
 (053.666701)  can0  123   [8]  BE 00 42 43 A9 58 D1 FF
 (053.666891)  can0  124   [8]  BE 07 E4 8F E8 15 9C 08
 (053.676530)  can0  123   [8]  BF 00 41 43 A9 12 49 FF
 (053.676782)  can0  124   [8]  BF 07 E4 B6 C1 15 93 08
 (053.686513)  can0  123   [8]  C0 00 41 43 A8 D3 97 FF
 (053.686671)  can0  124   [8]  C0 07 E4 DD B0 15 8B 08
 (053.696432)  can0  123   [8]  C1 00 42 43 A8 8D 10 FF
 (053.696695)  can0  124   [8]  C1 07 E5 04 8D 15 82 08
 (053.706351)  can0  123   [8]  C2 00 42 43 A8 46 88 FF
 (053.706569)  can0  124   [8]  C2 07 E5 2B 7C 15 79 08
 (053.716340)  can0  123   [8]  C3 00 42 43 A8 07 D6 FF
 (053.716630)  can0  124   [8]  C3 07 E5 52 4C 15 71 08
 (053.726288)  can0  123   [8]  C4 00 41 43 A7 C1 4F FF
 (053.726433)  can0  124   [8]  C4 07 E5 79 3B 15 68 08
 (053.736544)  can0  123   [8]  C5 00 41 43 A7 7A C6 FF
 (053.736567)  can0  124   [8]  C5 07 E5 A0 0F 15 5F 08
 (053.746125)  can0  123   [8]  C6 00 40 43 A7 34 3F FF
 (053.746362)  can0  124   [8]  C6 07 E5 C7 00 15 56 08
 (053.756027)  can0  123   [8]  C7 00 3F 43 A6 ED B7 FF
 (053.756282)  can0  124   [8]  C7 07 E5 ED D7 15 4D 08
 (053.766246)  can0  123   [8]  C8 00 3F 43 A6 A7 2F FF
 (053.766266)  can0  124   [8]  C8 07 E6 14 C9 15 44 08
 (053.775896)  can0  123   [8]  C9 00 40 43 A6 60 A7 FF
 (053.776058)  can0  124   [8]  C9 07 E6 3B A0 15 3B 08
 (053.785750)  can0  123   [8]  CA 00 41 43 A6 1A 1F FF
 (053.785993)  can0  124   [8]  CA 07 E6 62 92 15 32 08
 (053.795847)  can0  123   [8]  CB 00 3E 43 A5 D3 98 FF
 (053.795910)  can0  124   [8]  CB 07 E6 89 67 15 29 08
 (053.805993)  can0  123   [8]  CC 00 3A 43 A5 8D 0F FF
 (053.806036)  can0  124   [8]  CC 07 E6 B0 5D 15 20 08
 (053.815704)  can0  123   [8]  CD 00 3A 43 A5 46 88 FF
 (053.815765)  can0  124   [8]  CD 07 E6 D7 34 15 17 08
 (053.825458)  can0  123   [8]  CE 00 3A 43 A5 00 00 FF
 (053.825719)  can0  124   [8]  CE 07 E6 FE 26 15 0E 08
 (053.835346)  can0  123   [8]  CF 00 39 43 A4 B1 A2 FF
 (053.835465)  can0  124   [8]  CF 07 E7 25 00 15 04 08
 (053.845306)  can0  123   [8]  D0 00 39 43 A4 6B 1A FF
 (053.845320)  can0  124   [8]  D0 07 E7 4B F0 14 FB 08
 (053.855384)  can0  123   [8]  D1 00 39 43 A4 24 92 FF
 (053.855402)  can0  124   [8]  D1 07 E7 72 CE 14 F2 08
 (053.865039)  can0  123   [8]  D2 00 39 43 A3 D6 34 FF
 (053.865215)  can0  124   [8]  D2 07 E7 99 B6 14 E8 08
 (053.874907)  can0  123   [8]  D3 00 39 43 A3 87 D6 FF
 (053.875083)  can0  124   [8]  D3 07 E7 C0 8D 14 DE 08
 (053.884999)  can0  123   [8]  D4 00 38 43 A3 41 4E FF
 (053.885302)  can0  124   [8]  D4 07 E7 E7 77 14 D5 08
 (053.894892)  can0  123   [8]  D5 00 37 43 A2 FA C7 FF
 (053.895110)  can0  124   [8]  D5 07 E8 0E 49 14 CC 08
 (053.904944)  can0  123   [8]  D6 00 36 43 A2 AC 68 FF
 (053.904970)  can0  124   [8]  D6 07 E8 35 37 14 C2 08
 (053.914556)  can0  123   [8]  D7 00 34 43 A2 5E 0B FF
 (053.914772)  can0  124   [8]  D7 07 E8 5C 11 14 B8 08
 (053.924547)  can0  123   [8]  D8 00 34 43 A2 17 82 FF
 (053.924741)  can0  124   [8]  D8 07 E8 83 06 14 AF 08
 (053.934608)  can0  123   [8]  D9 00 34 43 A1 C9 25 FF
 (053.934627)  can0  124   [8]  D9 07 E8 A9 DC 14 A5 08
 (053.944258)  can0  123   [8]  DA 00 34 43 A1 7A C7 FF
 (053.944560)  can0  124   [8]  DA 07 E8 D0 CA 14 9B 08
 (053.954144)  can0  123   [8]  DB 00 34 43 A1 34 3E FF
 (053.954520)  can0  124   [8]  DB 07 E8 F7 9F 14 92 08
 (053.964171)  can0  123   [8]  DC 00 33 43 A0 E5 E1 FF
 (053.964523)  can0  124   [8]  DC 07 E9 1E 8C 14 88 08
 (053.974072)  can0  123   [8]  DD 00 33 43 A0 97 83 FF
 (053.974300)  can0  124   [8]  DD 07 E9 45 5F 14 7E 08
 (053.984125)  can0  123   [8]  DE 00 33 43 A0 50 FB FF
 (053.984142)  can0  124   [8]  DE 07 E9 6C 48 14 75 08
 (053.993931)  can0  123   [8]  DF 00 32 43 A0 02 9D FF
 (053.994196)  can0  124   [8]  DF 07 E9 93 1A 14 6B 08
 (054.003986)  can0  123   [8]  E0 00 32 43 9F B4 3E FF
 (054.004008)  can0  124   [8]  E0 07 E9 BA 0D 14 61 08
 (054.013638)  can0  123   [8]  E1 00 32 43 9F 6D B7 FF
 (054.013884)  can0  124   [8]  E1 07 E9 E0 DE 14 58 08
 (054.023617)  can0  123   [8]  E2 00 32 43 9F 1F 59 FF
 (054.023801)  can0  124   [8]  E2 07 EA 07 D3 14 4E 08
 (054.033769)  can0  123   [8]  E3 00 31 43 9E D0 FB FF
 (054.033792)  can0  124   [8]  E3 07 EA 2E A7 14 44 08
 (054.043907)  can0  123   [8]  E4 00 31 43 9E 82 9D FF
 (054.043932)  can0  124   [8]  E4 07 EA 55 96 14 3A 08
 (054.053291)  can0  123   [8]  E5 00 31 43 9E 3C 15 FF
 (054.053459)  can0  124   [8]  E5 07 EA 7C 6B 14 31 08
 (054.063456)  can0  123   [8]  E6 00 30 43 9D ED B7 FF
 (054.063482)  can0  124   [8]  E6 07 EA A3 5F 14 27 08
 (054.073671)  can0  123   [8]  E7 00 30 43 9D A7 2F FF
 (054.073697)  can0  124   [8]  E7 07 EA CA 2C 14 1E 08
 (054.083042)  can0  123   [8]  E8 00 30 43 9D 58 D1 FF
 (054.083268)  can0  124   [8]  E8 07 EA F1 1B 14 14 08
 (054.092901)  can0  123   [8]  E9 00 30 43 9D 0A 73 FF
 (054.093096)  can0  124   [8]  E9 07 EB 17 F2 14 0A 08
 (054.102883)  can0  123   [8]  EA 00 30 43 9C BC 15 FF
 (054.103077)  can0  124   [8]  EA 07 EB 3E E3 14 00 08
 (054.112774)  can0  123   [8]  EB 00 2F 43 9C 75 8D FF
 (054.112927)  can0  124   [8]  EB 07 EB 65 B5 13 F7 08
 (054.123268)  can0  123   [8]  EC 00 2F 43 9C 27 2F FF
 (054.123288)  can0  124   [8]  EC 07 EB 8C A3 13 ED 08
 (054.133513)  can0  123   [8]  ED 00 2F 43 9B E0 A7 FF
 (054.133553)  can0  124   [8]  ED 07 EB B3 77 13 E4 08
 (054.142723)  can0  123   [8]  EE 00 2F 43 9B 92 49 FF
 (054.142753)  can0  124   [8]  EE 07 EB DA 65 13 DA 08
 (054.152673)  can0  123   [8]  EF 00 2F 43 9B 43 EB FF
 (054.152713)  can0  124   [8]  EF 07 EC 01 3E 13 D0 08
 (054.162225)  can0  123   [8]  F0 00 2F 43 9A FD 63 FF
 (054.162370)  can0  124   [8]  F0 07 EC 28 33 13 C7 08
 (054.172088)  can0  123   [8]  F1 00 2F 43 9A AF 05 FF
 (054.172399)  can0  124   [8]  F1 07 EC 4F 0E 13 BD 08
 (054.181932)  can0  123   [8]  F2 00 2E 43 9A 60 A7 FF
 (054.182193)  can0  124   [8]  F2 07 EC 76 03 13 B3 08
 (054.191895)  can0  123   [8]  F3 00 2E 43 9A 1A 1F FF
 (054.192048)  can0  124   [8]  F3 07 EC 9C DA 13 AA 08
 (054.201813)  can0  123   [8]  F4 00 2E 43 99 CB C2 FF
 (054.201949)  can0  124   [8]  F4 07 EC C3 CD 13 A0 08
 (054.211848)  can0  123   [8]  F5 00 2E 43 99 7D 63 FF
 (054.211918)  can0  124   [8]  F5 07 EC EA A5 13 96 08
 (054.221861)  can0  123   [8]  F6 00 2E 43 99 36 DB FF
 (054.221882)  can0  124   [8]  F6 07 ED 11 91 13 8D 08
 (054.231858)  can0  123   [8]  F7 00 2E 43 98 E8 7E FF
 (054.231898)  can0  124   [8]  F7 07 ED 38 62 13 83 08
 (054.241764)  can0  123   [8]  F8 00 2D 43 98 A1 F5 FF
 (054.241803)  can0  124   [8]  F8 07 ED 5F 4F 13 7A 08
 (054.251641)  can0  123   [8]  F9 00 2D 43 98 53 98 FF
 (054.251670)  can0  124   [8]  F9 07 ED 86 25 13 70 08
 (054.261516)  can0  123   [8]  FA 00 2D 43 98 05 39 FF
 (054.261540)  can0  124   [8]  FA 07 ED AD 14 13 66 08
 (054.271170)  can0  123   [8]  FB 00 2D 43 97 BE B2 FF
 (054.271402)  can0  124   [8]  FB 07 ED D3 EF 13 5D 08
 (054.281060)  can0  123   [8]  FC 00 2D 43 97 70 54 FF
 (054.281498)  can0  124   [8]  FC 07 ED FA DB 13 53 08
 (054.291079)  can0  123   [8]  FD 00 2D 43 97 29 CC FF
 (054.291270)  can0  124   [8]  FD 07 EE 21 B2 13 4A 08
 (054.300934)  can0  123   [8]  FE 00 2D 43 96 DB 6E FF
 (054.301152)  can0  124   [8]  FE 07 EE 48 9E 13 40 08
 (054.311030)  can0  123   [8]  FF 00 2C 43 96 8D 10 FF
 (054.311065)  can0  124   [8]  FF 07 EE 6F 75 13 36 08
 (054.322336)  can0  123   [8]  00 00 2C 43 96 46 88 FF
 (054.322380)  can0  124   [8]  00 07 EE 96 64 13 2D 08
 (054.330830)  can0  123   [8]  01 00 2C 43 95 F8 2A FF
 (054.331036)  can0  124   [8]  01 07 EE BD 3B 13 23 08
 (054.340679)  can0  123   [8]  02 00 2C 43 95 A9 CB FF
 (054.341042)  can0  124   [8]  02 07 EE E4 2C 13 19 08
 (054.350500)  can0  123   [8]  03 00 2C 43 95 63 44 FF
 (054.350878)  can0  124   [8]  03 07 EF 0B 05 13 10 08
 (054.360443)  can0  123   [8]  04 00 2C 43 95 14 E6 FF
 (054.360714)  can0  124   [8]  04 07 EF 31 F6 13 06 08
 (054.370286)  can0  123   [8]  05 00 2C 43 94 C6 88 FF
 (054.370644)  can0  124   [8]  05 07 EF 58 C8 12 FC 08
 (054.380363)  can0  123   [8]  06 00 2C 43 94 80 00 FF
 (054.380479)  can0  124   [8]  06 07 EF 7F C0 12 F3 08
 (054.390216)  can0  123   [8]  07 00 2C 43 94 31 A2 FF
 (054.390898)  can0  124   [8]  07 07 EF A6 94 12 E9 08
 (054.400080)  can0  123   [8]  08 00 2C 43 93 EB 1A FF
 (054.400259)  can0  124   [8]  08 07 EF CD 86 12 E0 08
 (054.409954)  can0  123   [8]  09 00 2B 43 93 9C BC FF
 (054.410208)  can0  124   [8]  09 07 EF F4 58 12 D6 08
 (054.419979)  can0  123   [8]  0A 00 2B 43 93 4E 5E FF
 (054.420197)  can0  124   [8]  0A 07 F0 1B 49 12 CC 08
 (054.430096)  can0  123   [8]  0B 00 2B 43 93 07 D6 FF
 (054.430107)  can0  124   [8]  0B 07 F0 42 1F 12 C3 08
 (054.439825)  can0  123   [8]  0C 00 2B 43 92 C1 4E FF
 (054.439937)  can0  124   [8]  0C 07 F0 69 0F 12 BA 08
 (054.449712)  can0  123   [8]  0D 00 2B 43 92 72 F0 FF
 (054.449891)  can0  124   [8]  0D 07 F0 8F E7 12 B0 08
 (054.459618)  can0  123   [8]  0E 00 2B 43 92 24 93 FF
 (054.459822)  can0  124   [8]  0E 07 F0 B6 D6 12 A6 08
 (054.469623)  can0  123   [8]  0F 00 2B 43 91 DE 0A FF
 (054.469645)  can0  124   [8]  0F 07 F0 DD AB 12 9D 08
 (054.479757)  can0  123   [8]  10 00 2B 43 91 8F AC FF
 (054.479798)  can0  124   [8]  10 07 F1 04 9A 12 93 08
 (054.489459)  can0  123   [8]  11 00 2C 43 91 49 25 FF
 (054.489499)  can0  124   [8]  11 07 F1 2B 74 12 8A 08
 (054.499140)  can0  123   [8]  12 00 2C 43 90 FA C6 FF
 (054.499416)  can0  124   [8]  12 07 F1 52 66 12 80 08
 (054.509178)  can0  123   [8]  13 00 2D 43 90 AC 69 FF
 (054.509376)  can0  124   [8]  13 07 F1 79 3E 12 76 08
 (054.519037)  can0  123   [8]  14 00 2C 43 90 65 E0 FF
 (054.519208)  can0  124   [8]  14 07 F1 A0 34 12 6D 08
 (054.529350)  can0  123   [8]  15 00 2E 43 90 17 83 FF
 (054.529378)  can0  124   [8]  15 07 F1 C7 0E 12 63 08
 (054.538884)  can0  123   [8]  16 00 30 43 8F D0 FB FF
 (054.539064)  can0  124   [8]  16 07 F1 EE 04 12 5A 08
 (054.548939)  can0  123   [8]  17 00 35 43 8F 82 9D FF
 (054.548957)  can0  124   [8]  17 07 F2 14 DE 12 50 08
 (054.558597)  can0  123   [8]  18 00 40 43 8F 3C 15 FF
 (054.558786)  can0  124   [8]  18 07 F2 3B CD 12 47 08
 (054.568432)  can0  123   [8]  19 00 54 43 8E ED B7 FF
 (054.568747)  can0  124   [8]  19 07 F2 62 A1 12 3D 08
 (054.578456)  can0  123   [8]  1A 00 5F 43 8E A7 2F FF
 (054.578787)  can0  124   [8]  1A 07 F2 89 93 12 34 08
 (054.588307)  can0  123   [8]  1B 00 62 43 8E 60 A7 FF
 (054.588496)  can0  124   [8]  1B 07 F2 B0 63 12 2B 08
 (054.598184)  can0  123   [8]  1C 00 5B 43 8E 12 49 FF
 (054.598457)  can0  124   [8]  1C 07 F2 D7 57 12 21 08
 (054.608083)  can0  123   [8]  1D 00 58 43 8D CB C2 FF
 (054.608410)  can0  124   [8]  1D 07 F2 FE 2F 12 18 08
 (054.618064)  can0  123   [8]  1E 00 59 43 8D 7D 63 FF
 (054.618286)  can0  124   [8]  1E 07 F3 25 1E 12 0E 08
 (054.627930)  can0  123   [8]  1F 00 5E 43 8D 36 DB FF
 (054.628200)  can0  124   [8]  1F 07 F3 4B F0 12 05 08
 (054.637780)  can0  123   [8]  20 00 63 43 8C F0 54 FF
 (054.638038)  can0  124   [8]  20 07 F3 72 CE 11 FC 08
 (054.647720)  can0  123   [8]  21 00 66 43 8C A1 F5 FF
 (054.647962)  can0  124   [8]  21 07 F3 99 A1 11 F2 08
 (054.657648)  can0  123   [8]  22 00 63 43 8C 5B 6E FF
 (054.657879)  can0  124   [8]  22 07 F3 C0 92 11 E9 08
 (054.667588)  can0  123   [8]  23 00 5B 43 8C 0D 10 FF
 (054.667820)  can0  124   [8]  23 07 F3 E7 7C 11 DF 08
 (054.677492)  can0  123   [8]  24 00 56 43 8B C6 88 FF
 (054.677757)  can0  124   [8]  24 07 F4 0E 68 11 D6 08
 (054.687420)  can0  123   [8]  25 00 54 43 8B 78 2A FF
 (054.687631)  can0  124   [8]  25 07 F4 35 40 11 CC 08
 (054.697327)  can0  123   [8]  26 00 52 43 8B 31 A2 FF
 (054.697526)  can0  124   [8]  26 07 F4 5C 32 11 C3 08
 (054.707206)  can0  123   [8]  27 00 4F 43 8A EB 1A FF
 (054.707429)  can0  124   [8]  27 07 F4 83 0D 11 BA 08
 (054.717245)  can0  123   [8]  28 00 4D 43 8A 9C BC FF
 (054.717394)  can0  124   [8]  28 07 F4 AA 04 11 B0 08
 (054.727101)  can0  123   [8]  29 00 4E 43 8A 56 34 FF
 (054.727261)  can0  124   [8]  29 07 F4 D0 DE 11 A7 08
 (054.737019)  can0  123   [8]  2A 00 53 43 8A 0F AD FF
 (054.737164)  can0  124   [8]  2A 07 F4 F7 D1 11 9E 08
 (054.746892)  can0  123   [8]  2B 00 56 43 89 C1 4E FF
 (054.747045)  can0  124   [8]  2B 07 F5 1E AC 11 94 08
 (054.756948)  can0  123   [8]  2C 00 5A 43 89 7A C7 FF
 (054.757158)  can0  124   [8]  2C 07 F5 45 A0 11 8B 08
 (054.766680)  can0  123   [8]  2D 00 60 43 89 34 3E FF
 (054.766947)  can0  124   [8]  2D 07 F5 6C 76 11 82 08
 (054.776649)  can0  123   [8]  2E 00 63 43 88 E5 E1 FF
 (054.777213)  can0  124   [8]  2E 07 F5 93 52 11 78 08
 (054.786454)  can0  123   [8]  2F 00 64 43 88 9F 59 FF
 (054.786697)  can0  124   [8]  2F 07 F5 BA 29 11 6F 08
 (054.796528)  can0  123   [8]  30 00 66 43 88 50 FB FF
 (054.796632)  can0  124   [8]  30 07 F5 E1 1B 11 65 08
 (054.806318)  can0  123   [8]  31 00 66 43 88 0A 73 FF
 (054.806568)  can0  124   [8]  31 07 F6 07 EF 11 5C 08
 (054.816252)  can0  123   [8]  32 00 68 43 87 C3 EB FF
 (054.816419)  can0  124   [8]  32 07 F6 2E E9 11 53 08
 (054.826244)  can0  123   [8]  33 00 6B 43 87 75 8D FF
 (054.826371)  can0  124   [8]  33 07 F6 55 C1 11 49 08
 (054.836224)  can0  123   [8]  34 00 6C 43 87 2F 06 FF
 (054.836238)  can0  124   [8]  34 07 F6 7C B5 11 40 08
 (054.845971)  can0  123   [8]  35 00 6C 43 86 E8 7D FF
 (054.846111)  can0  124   [8]  35 07 F6 A3 89 11 37 08
 (054.856038)  can0  123   [8]  36 00 6C 43 86 9A 20 FF
 (054.856056)  can0  124   [8]  36 07 F6 CA 7B 11 2D 08
 (054.865790)  can0  123   [8]  37 00 6B 43 86 53 97 FF
 (054.865942)  can0  124   [8]  37 07 F6 F1 4F 11 24 08
 (054.875743)  can0  123   [8]  38 00 6A 43 86 0D 10 FF
 (054.875892)  can0  124   [8]  38 07 F7 18 3B 11 1B 08
 (054.885776)  can0  123   [8]  39 00 6A 43 85 BE B2 FF
 (054.885809)  can0  124   [8]  39 07 F7 3F 14 11 11 08
 (054.895663)  can0  123   [8]  3A 00 6A 43 85 78 2A FF
 (054.895694)  can0  124   [8]  3A 07 F7 66 06 11 08 08
 (054.905512)  can0  123   [8]  3B 00 79 43 85 31 A2 FF
 (054.905617)  can0  124   [8]  3B 07 F7 8C EA 10 FF 08
 (054.915373)  can0  123   [8]  3C 00 A6 43 84 EB 1A FF
 (054.915537)  can0  124   [8]  3C 07 F7 B3 DA 10 F6 08
 (054.925244)  can0  123   [8]  3D 00 B5 43 84 9C BC FF
 (054.925520)  can0  124   [8]  3D 07 F7 DA B0 10 EC 08
 (054.935205)  can0  123   [8]  3E 00 BA 43 84 56 34 FF
 (054.935398)  can0  124   [8]  3E 07 F8 01 A3 10 E3 08
 (054.945066)  can0  123   [8]  3F 00 BB 43 84 0F AC FF
 (054.945343)  can0  124   [8]  3F 07 F8 28 79 10 DA 08
 (054.955068)  can0  123   [8]  40 00 BB 43 83 C9 25 FF
 (054.955203)  can0  124   [8]  40 07 F8 4F 69 10 D1 08
 (054.964913)  can0  123   [8]  41 00 BB 43 83 82 9C FF
 (054.965149)  can0  124   [8]  41 07 F8 76 44 10 C8 08
 (054.975113)  can0  123   [8]  42 00 BC 43 83 34 3F FF
 (054.975184)  can0  124   [8]  42 07 F8 9D 36 10 BE 08
 (054.984895)  can0  123   [8]  43 00 BC 43 82 ED B7 FF
 (054.985057)  can0  124   [8]  43 07 F8 C4 0F 10 B5 08
 (054.994618)  can0  123   [8]  44 00 BD 43 82 A7 2F FF
 (054.994853)  can0  124   [8]  44 07 F8 EB 04 10 AC 08
 (055.004686)  can0  123   [8]  45 00 BE 43 82 60 A8 FF
 (055.004703)  can0  124   [8]  45 07 F9 11 E1 10 A3 08
 (055.014713)  can0  123   [8]  46 00 BE 43 82 1A 1F FF
 (055.014737)  can0  124   [8]  46 07 F9 38 D5 10 9A 08
 (055.024661)  can0  123   [8]  47 00 BE 43 81 D3 98 FF
 (055.024687)  can0  124   [8]  47 07 F9 5F AF 10 91 08
 (055.034293)  can0  123   [8]  48 00 BD 43 81 8D 0F FF
 (055.034551)  can0  124   [8]  48 07 F9 86 A0 10 88 08
 (055.044339)  can0  123   [8]  49 00 B8 43 81 46 88 FF
 (055.044358)  can0  124   [8]  49 07 F9 AD 7A 10 7F 08
 (055.054159)  can0  123   [8]  4A 00 AF 43 81 00 00 FF
 (055.054299)  can0  124   [8]  4A 07 F9 D4 73 10 76 08
 (055.064210)  can0  123   [8]  4B 00 A7 43 80 B9 78 FF
 (055.064237)  can0  124   [8]  4B 07 F9 FB 4B 10 6D 08
 (055.073972)  can0  123   [8]  4C 00 AF 43 80 72 F1 FF
 (055.074095)  can0  124   [8]  4C 07 FA 22 3F 10 64 08
 (055.083841)  can0  123   [8]  4D 00 C5 43 80 24 92 FF
 (055.083975)  can0  124   [8]  4D 07 FA 49 1C 10 5A 08
 (055.093724)  can0  123   [8]  4E 00 E2 43 7F CB C2 FF
 (055.093872)  can0  124   [8]  4E 07 FA 70 11 10 52 08
 (055.103896)  can0  123   [8]  4F 00 EA 43 7F 2F 05 FF
 (055.103913)  can0  124   [8]  4F 07 FA 96 EF 10 48 08
 (055.113526)  can0  123   [8]  50 00 EE 43 7E A1 F6 FF
 (055.113793)  can0  124   [8]  50 07 FA BD E4 10 3F 08
 (055.123562)  can0  123   [8]  51 00 F0 43 7E 14 E5 FF
 (055.123706)  can0  124   [8]  51 07 FA E4 BC 10 36 08
 (055.133390)  can0  123   [8]  52 00 F3 43 7D 87 D6 FF
 (055.133569)  can0  124   [8]  52 07 FB 0B B1 10 2D 08
 (055.143230)  can0  123   [8]  53 00 F3 43 7C FA C6 FF
 (055.143545)  can0  124   [8]  53 07 FB 32 85 10 24 08
 (055.153216)  can0  123   [8]  54 00 F4 43 7C 6D B7 FF
 (055.153355)  can0  124   [8]  54 07 FB 59 6A 10 1B 08
 (055.163150)  can0  123   [8]  55 00 F5 43 7B E0 A8 FF
 (055.163266)  can0  124   [8]  55 07 FB 80 4E 10 12 08
 (055.173046)  can0  123   [8]  56 00 F6 43 7B 53 97 FF
 (055.173336)  can0  124   [8]  56 07 FB A7 3B 10 09 08
 (055.182903)  can0  123   [8]  57 00 F8 43 7A C6 88 FF
 (055.183092)  can0  124   [8]  57 07 FB CE 19 10 00 08
 (055.192956)  can0  123   [8]  58 00 F9 43 7A 39 78 FF
 (055.193197)  can0  124   [8]  58 07 FB F4 FE 0F F7 08
 (055.202784)  can0  123   [8]  59 00 F9 43 79 AC 68 FF
 (055.203067)  can0  124   [8]  59 07 FC 1B E3 0F EE 08
 (055.212814)  can0  123   [8]  5A 00 FC 43 79 0F AC FF
 (055.213257)  can0  124   [8]  5A 07 FC 42 C8 0F E4 08
 (055.222774)  can0  123   [8]  5B 00 FD 43 78 92 49 FF
 (055.222793)  can0  124   [8]  5B 07 FC 69 A4 0F DC 08
 (055.232618)  can0  123   [8]  5C 00 FE 43 77 F5 8E FF
 (055.232817)  can0  124   [8]  5C 07 FC 90 8D 0F D2 08
 (055.242448)  can0  123   [8]  5D 01 01 43 77 68 7D FF
 (055.242652)  can0  124   [8]  5D 07 FC B7 6D 0F C9 08
 (055.252651)  can0  123   [8]  5E 01 00 43 76 DB 6E FF
 (055.252668)  can0  124   [8]  5E 07 FC DE 58 0F C0 08
 (055.262315)  can0  123   [8]  5F 01 00 43 76 4E 5E FF
 (055.262516)  can0  124   [8]  5F 07 FD 05 34 0F B7 08
 (055.272132)  can0  123   [8]  60 01 00 43 75 C1 4F FF
 (055.272448)  can0  124   [8]  60 07 FD 2C 20 0F AE 08
 (055.282220)  can0  123   [8]  61 01 00 43 75 34 3E FF
 (055.282510)  can0  124   [8]  61 07 FD 53 00 0F A5 08
 (055.292059)  can0  123   [8]  62 01 02 43 74 A7 2F FF
 (055.292248)  can0  124   [8]  62 07 FD 79 E6 0F 9C 08
 (055.301907)  can0  123   [8]  63 01 01 43 74 1A 20 FF
 (055.302056)  can0  124   [8]  63 07 FD A0 BF 0F 93 08
 (055.311847)  can0  123   [8]  64 00 FF 43 73 8D 0F FF
 (055.312056)  can0  124   [8]  64 07 FD C7 A8 0F 8A 08
 (055.321728)  can0  123   [8]  65 00 FC 43 73 00 00 FF
 (055.322125)  can0  124   [8]  65 07 FD EE 88 0F 81 08
 (055.331688)  can0  123   [8]  66 00 F2 43 72 72 F0 FF
 (055.331921)  can0  124   [8]  66 07 FE 15 71 0F 78 08
 (055.341638)  can0  123   [8]  67 00 D9 43 71 E5 E1 FF
 (055.341813)  can0  124   [8]  67 07 FE 3C 45 0F 6F 08
 (055.351747)  can0  123   [8]  68 00 82 43 71 58 D2 FF
 (055.351794)  can0  124   [8]  68 07 FE 63 38 0F 66 08
 (055.361370)  can0  123   [8]  69 00 65 43 70 CB C1 FF
 (055.361629)  can0  124   [8]  69 07 FE 8A 0C 0F 5D 08
 (055.371372)  can0  123   [8]  6A 00 61 43 70 3E B2 FF
 (055.371576)  can0  124   [8]  6A 07 FE B1 12 0F 54 08
 (055.381290)  can0  123   [8]  6B 00 5D 43 6F B1 A2 FF
 (055.381540)  can0  124   [8]  6B 07 FE D7 EA 0F 4B 08
 (055.391290)  can0  123   [8]  6C 00 5B 43 6F 24 92 FF
 (055.391309)  can0  124   [8]  6C 07 FE FE DD 0F 42 08
 (055.401209)  can0  123   [8]  6D 00 56 43 6E 87 D6 FF
 (055.401226)  can0  124   [8]  6D 07 FF 25 B4 0F 38 08
 (055.410954)  can0  123   [8]  6E 00 53 43 6D FA C7 FF
 (055.411198)  can0  124   [8]  6E 07 FF 4C A7 0F 2F 08
 (055.421098)  can0  123   [8]  6F 00 52 43 6D 6D B6 FF
 (055.421117)  can0  124   [8]  6F 07 FF 73 7D 0F 26 08
 (055.430790)  can0  123   [8]  70 00 52 43 6C E0 A7 FF
 (055.431210)  can0  124   [8]  70 07 FF 9A 6B 0F 1D 08
 (055.440630)  can0  123   [8]  71 00 51 43 6C 53 98 FF
 (055.440867)  can0  124   [8]  71 07 FF C1 44 0F 14 08
 (055.450719)  can0  123   [8]  72 00 50 43 6B C6 88 FF
 (055.450901)  can0  124   [8]  72 07 FF E8 36 0F 0B 08
 (055.460510)  can0  123   [8]  73 00 50 43 6B 39 78 FF
 (055.460755)  can0  124   [8]  73 08 00 0F 11 0F 02 08
 (055.470366)  can0  123   [8]  74 00 50 43 6A 9C BC FF
 (055.470666)  can0  124   [8]  74 08 00 35 FF 0E F8 08
 (055.480343)  can0  123   [8]  75 00 4F 43 6A 0F AD FF
 (055.480529)  can0  124   [8]  75 08 00 5C D8 0E EF 08
 (055.490198)  can0  123   [8]  76 00 4F 43 69 82 9C FF
 (055.490523)  can0  124   [8]  76 08 00 83 C8 0E E6 08
 (055.500208)  can0  123   [8]  77 00 4E 43 68 F5 8D FF
 (055.500224)  can0  124   [8]  77 08 00 AA 9B 0E DD 08
 (055.510161)  can0  123   [8]  78 00 4E 43 68 68 7D FF
 (055.510378)  can0  124   [8]  78 08 00 D1 90 0E D4 08
 (055.520177)  can0  123   [8]  79 00 4E 43 67 CB C2 FF
 (055.520203)  can0  124   [8]  79 08 00 F8 65 0E CA 08
 (055.529956)  can0  123   [8]  7A 00 4E 43 67 3E B1 FF
 (055.530210)  can0  124   [8]  7A 08 01 1F 5F 0E C1 08
 (055.539781)  can0  123   [8]  7B 00 4C 43 66 B1 A2 FF
 (055.540285)  can0  124   [8]  7B 08 01 46 37 0E B8 08
 (055.549700)  can0  123   [8]  7C 00 49 43 66 24 93 FF
 (055.549882)  can0  124   [8]  7C 08 01 6D 35 0E AF 08
 (055.559889)  can0  123   [8]  7D 00 47 43 65 97 82 FF
 (055.559907)  can0  124   [8]  7D 08 01 94 10 0E A6 08
 (055.569537)  can0  123   [8]  7E 00 47 43 64 FA C6 FF
 (055.569804)  can0  124   [8]  7E 08 01 BB 04 0E 9C 08
 (055.579648)  can0  123   [8]  7F 00 47 43 64 6D B7 FF
 (055.579669)  can0  124   [8]  7F 08 01 E1 DC 0E 93 08
 (055.589591)  can0  123   [8]  80 00 47 43 63 E0 A8 FF
 (055.589614)  can0  124   [8]  80 08 02 08 D2 0E 8A 08
 (055.599205)  can0  123   [8]  81 00 48 43 63 53 97 FF
 (055.599331)  can0  124   [8]  81 08 02 2F 9E 0E 81 08
 (055.609120)  can0  123   [8]  82 00 48 43 62 C6 88 FF
 (055.609304)  can0  124   [8]  82 08 02 56 9A 0E 78 08
 (055.618983)  can0  123   [8]  83 00 48 43 62 39 78 FF
 (055.619238)  can0  124   [8]  83 08 02 7D 70 0E 6F 08
 (055.628943)  can0  123   [8]  84 00 48 43 61 AC 69 FF
 (055.629341)  can0  124   [8]  84 08 02 A4 66 0E 66 08
 (055.638815)  can0  123   [8]  85 00 48 43 61 0F AC FF
 (055.638979)  can0  124   [8]  85 08 02 CB 3F 0E 5C 08
 (055.648814)  can0  123   [8]  86 00 48 43 60 82 9D FF
 (055.649021)  can0  124   [8]  86 08 02 F2 2F 0E 53 08
 (055.658736)  can0  123   [8]  87 00 47 43 5F F5 8C FF
 (055.658892)  can0  124   [8]  87 08 03 19 0A 0E 4A 08
 (055.668689)  can0  123   [8]  88 00 47 43 5F 68 7D FF
 (055.668848)  can0  124   [8]  88 08 03 3F FF 0E 41 08
 (055.678504)  can0  123   [8]  89 00 46 43 5E DB 6E FF
 (055.678699)  can0  124   [8]  89 08 03 66 D8 0E 38 08
 (055.688814)  can0  123   [8]  8A 00 45 43 5E 4E 5E FF
 (055.688851)  can0  124   [8]  8A 08 03 8D CD 0E 2F 08
 (055.698490)  can0  123   [8]  8B 00 45 43 5D C1 4F FF
 (055.698532)  can0  124   [8]  8B 08 03 B4 9E 0E 26 08
 (055.708256)  can0  123   [8]  8C 00 45 43 5D 24 92 FF
 (055.708389)  can0  124   [8]  8C 08 03 DB 91 0E 1C 08
 (055.718174)  can0  123   [8]  8D 00 46 43 5C 97 83 FF
 (055.718425)  can0  124   [8]  8D 08 04 02 68 0E 13 08
 (055.728439)  can0  123   [8]  8E 00 46 43 5C 0A 73 FF
 (055.728463)  can0  124   [8]  8E 08 04 29 58 0E 0A 08
 (055.738157)  can0  123   [8]  8F 00 46 43 5B 7D 63 FF
 (055.738189)  can0  124   [8]  8F 08 04 50 35 0E 01 08
 (055.747878)  can0  123   [8]  90 00 47 43 5A F0 53 FF
 (055.748098)  can0  124   [8]  90 08 04 77 26 0D F8 08
 (055.757719)  can0  123   [8]  91 00 47 43 5A 63 44 FF
 (055.757847)  can0  124   [8]  91 08 04 9E 00 0D EF 08
 (055.767605)  can0  123   [8]  92 00 47 43 59 D6 35 FF
 (055.767734)  can0  124   [8]  92 08 04 C4 F7 0D E6 08
 (055.777410)  can0  123   [8]  93 00 46 43 59 39 78 FF
 (055.777650)  can0  124   [8]  93 08 04 EB CF 0D DC 08
 (055.787298)  can0  123   [8]  94 00 45 43 58 AC 69 FF
 (055.787598)  can0  124   [8]  94 08 05 12 C2 0D D3 08
 (055.797244)  can0  123   [8]  95 00 45 43 58 1F 59 FF
 (055.797424)  can0  124   [8]  95 08 05 39 9C 0D CA 08
 (055.807169)  can0  123   [8]  96 00 45 43 57 92 4A FF
 (055.807353)  can0  124   [8]  96 08 05 60 8E 0D C1 08
 (055.817057)  can0  123   [8]  97 00 45 43 57 05 39 FF
 (055.817257)  can0  124   [8]  97 08 05 87 6C 0D B8 08
 (055.826955)  can0  123   [8]  98 00 45 43 56 78 2A FF
 (055.827165)  can0  124   [8]  98 08 05 AE 5A 0D AF 08
 (055.836886)  can0  123   [8]  99 00 45 43 55 EB 19 FF
 (055.837095)  can0  124   [8]  99 08 05 D5 3C 0D A6 08
 (055.846790)  can0  123   [8]  9A 00 45 43 55 4E 5E FF
 (055.847004)  can0  124   [8]  9A 08 05 FC 2B 0D 9C 08
 (055.856682)  can0  123   [8]  9B 00 45 43 54 C1 4E FF
 (055.856964)  can0  124   [8]  9B 08 06 23 06 0D 93 08
 (055.866630)  can0  123   [8]  9C 00 46 43 54 34 3F FF
 (055.866916)  can0  124   [8]  9C 08 06 49 FA 0D 8A 08
 (055.876595)  can0  123   [8]  9D 00 45 43 53 A7 30 FF
 (055.876730)  can0  124   [8]  9D 08 06 70 D8 0D 81 08
 (055.886376)  can0  123   [8]  9E 00 42 43 53 1A 1F FF
 (055.886621)  can0  124   [8]  9E 08 06 97 CE 0D 78 08
 (055.896735)  can0  123   [8]  9F 00 40 43 52 8D 10 FF
 (055.896760)  can0  124   [8]  9F 08 06 BE AA 0D 6F 08
 (055.906370)  can0  123   [8]  A0 00 3F 43 52 00 00 FF
 (055.906610)  can0  124   [8]  A0 08 06 E5 9F 0D 66 08
 (055.916371)  can0  123   [8]  A1 00 3E 43 51 72 F0 FF
 (055.916686)  can0  124   [8]  A1 08 07 0C 79 0D 5D 08
 (055.926293)  can0  123   [8]  A2 00 3E 43 50 E5 E1 FF
 (055.926544)  can0  124   [8]  A2 08 07 33 6C 0D 54 08
 (055.936208)  can0  123   [8]  A3 00 3D 43 50 58 D1 FF
 (055.936395)  can0  124   [8]  A3 08 07 5A 45 0D 4B 08
 (055.946037)  can0  123   [8]  A4 00 3D 43 4F CB C2 FF
 (055.946285)  can0  124   [8]  A4 08 07 81 3B 0D 42 08
 (055.956006)  can0  123   [8]  A5 00 3D 43 4F 2F 05 FF
 (055.956263)  can0  124   [8]  A5 08 07 A8 0D 0D 38 08
 (055.965907)  can0  123   [8]  A6 00 3D 43 4E A1 F6 FF
 (055.966123)  can0  124   [8]  A6 08 07 CF 04 0D 2F 08
 (055.976016)  can0  123   [8]  A7 00 3C 43 4E 14 E6 FF
 (055.976042)  can0  124   [8]  A7 08 07 F5 E6 0D 26 08
 (055.985695)  can0  123   [8]  A8 00 3B 43 4D 87 D7 FF
 (055.985863)  can0  124   [8]  A8 08 08 1C D6 0D 1D 08
 (055.995678)  can0  123   [8]  A9 00 3B 43 4C FA C6 FF
 (055.995833)  can0  124   [8]  A9 08 08 43 AB 0D 14 08
 (056.005523)  can0  123   [8]  AA 00 3B 43 4C 6D B7 FF
 (056.005705)  can0  124   [8]  AA 08 08 6A 9D 0D 0B 08
 (056.015440)  can0  123   [8]  AB 00 3B 43 4B E0 A8 FF
 (056.015713)  can0  124   [8]  AB 08 08 91 79 0D 02 08
 (056.025628)  can0  123   [8]  AC 00 3A 43 4B 53 97 FF
 (056.025654)  can0  124   [8]  AC 08 08 B8 71 0C F9 08
 (056.035491)  can0  123   [8]  AD 00 3A 43 4A C6 88 FF
 (056.035516)  can0  124   [8]  AD 08 08 DF 4B 0C F0 08
 (056.045433)  can0  123   [8]  AE 00 39 43 4A 29 CC FF
 (056.045451)  can0  124   [8]  AE 08 09 06 39 0C E6 08
 (056.055075)  can0  123   [8]  AF 00 39 43 49 9C BD FF
 (056.055464)  can0  124   [8]  AF 08 09 2D 12 0C DD 08
 (056.064994)  can0  123   [8]  B0 00 39 43 49 0F AC FF
 (056.065257)  can0  124   [8]  B0 08 09 54 00 0C D4 08
 (056.074918)  can0  123   [8]  B1 00 39 43 48 82 9D FF
 (056.075104)  can0  124   [8]  B1 08 09 7A D7 0C CB 08
 (056.084761)  can0  123   [8]  B2 00 39 43 47 F5 8D FF
 (056.084959)  can0  124   [8]  B2 08 09 A1 D2 0C C2 08
 (056.094852)  can0  123   [8]  B3 00 39 43 47 68 7D FF
 (056.094971)  can0  124   [8]  B3 08 09 C8 A7 0C B9 08
 (056.104639)  can0  123   [8]  B4 00 39 43 46 DB 6E FF
 (056.104848)  can0  124   [8]  B4 08 09 EF 99 0C B0 08
 (056.114784)  can0  123   [8]  B5 00 3A 43 46 4E 5E FF
 (056.114807)  can0  124   [8]  B5 08 0A 16 73 0C A7 08
 (056.124387)  can0  123   [8]  B6 00 3A 43 45 C1 4F FF
 (056.124552)  can0  124   [8]  B6 08 0A 3D 66 0C 9E 08
 (056.134338)  can0  123   [8]  B7 00 3A 43 45 24 92 FF
 (056.134544)  can0  124   [8]  B7 08 0A 64 3D 0C 94 08
 (056.144157)  can0  123   [8]  B8 00 3A 43 44 97 83 FF
 (056.144415)  can0  124   [8]  B8 08 0A 8B 2E 0C 8B 08
 (056.154096)  can0  123   [8]  B9 00 3A 43 44 0A 73 FF
 (056.154221)  can0  124   [8]  B9 08 0A B2 06 0C 82 08
 (056.163932)  can0  123   [8]  BA 00 3B 43 43 7D 64 FF
 (056.164120)  can0  124   [8]  BA 08 0A D8 FB 0C 79 08
 (056.173788)  can0  123   [8]  BB 00 3E 43 42 F0 53 FF
 (056.174034)  can0  124   [8]  BB 08 0A FF D0 0C 70 08
 (056.183968)  can0  123   [8]  BC 00 52 43 42 63 44 FF
 (056.183982)  can0  124   [8]  BC 08 0B 26 CD 0C 67 08
 (056.193638)  can0  123   [8]  BD 00 8A 43 41 D6 35 FF
 (056.193791)  can0  124   [8]  BD 08 0B 4D 92 0C 5E 08
 (056.203473)  can0  123   [8]  BE 00 A6 43 41 49 24 FF
 (056.203741)  can0  124   [8]  BE 08 0B 74 82 0C 55 08
 (056.213417)  can0  123   [8]  BF 00 A9 43 40 BC 15 FF
 (056.213637)  can0  124   [8]  BF 08 0B 9B 57 0C 4C 08
 (056.223300)  can0  123   [8]  C0 00 A9 43 40 2F 05 FF
 (056.223552)  can0  124   [8]  C0 08 0B C2 45 0C 43 08
 (056.233186)  can0  123   [8]  C1 00 A5 43 3F A1 F6 FF
 (056.233479)  can0  124   [8]  C1 08 0B E9 1A 0C 3A 08
 (056.243232)  can0  123   [8]  C2 00 A5 43 3F 14 E7 FF
 (056.243374)  can0  124   [8]  C2 08 0C 10 0C 0C 31 08
 (056.253052)  can0  123   [8]  C3 00 A7 43 3E 87 D6 FF
 (056.253323)  can0  124   [8]  C3 08 0C 36 E1 0C 28 08
 (056.263012)  can0  123   [8]  C4 00 BA 43 3D FA C7 FF
 (056.263203)  can0  124   [8]  C4 08 0C 5D CB 0C 1F 08
 (056.272945)  can0  123   [8]  C5 00 DC 43 3D 6D B6 FF
 (056.273205)  can0  124   [8]  C5 08 0C 84 A1 0C 16 08
 (056.282859)  can0  123   [8]  C6 00 E1 43 3C F0 53 FF
 (056.283104)  can0  124   [8]  C6 08 0C AB 8F 0C 0E 08
 (056.292850)  can0  123   [8]  C7 00 DF 43 3C 63 44 FF
 (056.293013)  can0  124   [8]  C7 08 0C D2 68 0C 05 08
 (056.302924)  can0  123   [8]  C8 00 DC 43 3B D6 34 FF
 (056.302951)  can0  124   [8]  C8 08 0C F9 50 0B FC 08
 (056.312687)  can0  123   [8]  C9 00 D8 43 3B 49 25 FF
 (056.312860)  can0  124   [8]  C9 08 0D 20 28 0B F3 08
 (056.322652)  can0  123   [8]  CA 00 D4 43 3A BC 14 FF
 (056.322837)  can0  124   [8]  CA 08 0D 47 13 0B EA 08
 (056.332477)  can0  123   [8]  CB 00 CD 43 3A 2F 05 FF
 (056.332648)  can0  124   [8]  CB 08 0D 6D E5 0B E1 08
 (056.342422)  can0  123   [8]  CC 00 C5 43 39 A1 F6 FF
 (056.342676)  can0  124   [8]  CC 08 0D 94 D5 0B D8 08
 (056.352340)  can0  123   [8]  CD 00 BF 43 39 14 E6 FF
 (056.352554)  can0  124   [8]  CD 08 0D BB A8 0B CF 08
 (056.362237)  can0  123   [8]  CE 00 BC 43 38 87 D6 FF
 (056.362421)  can0  124   [8]  CE 08 0D E2 95 0B C6 08
 (056.372216)  can0  123   [8]  CF 00 B7 43 38 0A 73 FF
 (056.372250)  can0  124   [8]  CF 08 0E 09 69 0B BE 08
 (056.381956)  can0  123   [8]  D0 00 A8 43 37 7D 63 FF
 (056.382196)  can0  124   [8]  D0 08 0E 30 59 0B B5 08
 (056.391805)  can0  123   [8]  D1 00 87 43 36 F0 54 FF
 (056.392057)  can0  124   [8]  D1 08 0E 57 27 0B AC 08
 (056.401805)  can0  123   [8]  D2 00 90 43 36 63 43 FF
 (056.401993)  can0  124   [8]  D2 08 0E 7E 1E 0B A3 08
 (056.411633)  can0  123   [8]  D3 00 9E 43 35 D6 34 FF
 (056.411920)  can0  124   [8]  D3 08 0E A4 FC 0B 9A 08
 (056.422242)  can0  123   [8]  D4 00 9F 43 35 49 25 FF
 (056.422263)  can0  124   [8]  D4 08 0E CB EC 0B 91 08
 (056.431502)  can0  123   [8]  D5 00 9B 43 34 BC 15 FF
 (056.431665)  can0  124   [8]  D5 08 0E F2 BD 0B 88 08
 (056.441436)  can0  123   [8]  D6 00 90 43 34 3E B2 FF
 (056.441632)  can0  124   [8]  D6 08 0F 19 A6 0B 80 08
 (056.451334)  can0  123   [8]  D7 00 7B 43 33 A1 F6 FF
 (056.451499)  can0  124   [8]  D7 08 0F 40 71 0B 76 08
 (056.461274)  can0  123   [8]  D8 00 62 43 33 24 92 FF
 (056.461643)  can0  124   [8]  D8 08 0F 67 72 0B 6E 08
 (056.471101)  can0  123   [8]  D9 00 51 43 32 97 83 FF
 (056.471323)  can0  124   [8]  D9 08 0F 8E 46 0B 65 08
 (056.481062)  can0  123   [8]  DA 00 4B 43 32 0A 73 FF
 (056.481250)  can0  124   [8]  DA 08 0F B5 35 0B 5C 08
 (056.490980)  can0  123   [8]  DB 00 4A 43 31 7D 63 FF
 (056.491080)  can0  124   [8]  DB 08 0F DC 07 0B 53 08
 (056.501215)  can0  123   [8]  DC 00 57 43 30 F0 53 FF
 (056.501265)  can0  124   [8]  DC 08 10 02 F5 0B 4A 08
 (056.510738)  can0  123   [8]  DD 00 66 43 30 63 44 FF
 (056.511008)  can0  124   [8]  DD 08 10 29 B6 0B 41 08
 (056.520725)  can0  123   [8]  DE 00 5B 43 2F D6 35 FF
 (056.520873)  can0  124   [8]  DE 08 10 50 B7 0B 38 08
 (056.530523)  can0  123   [8]  DF 00 4B 43 2F 49 25 FF
 (056.530817)  can0  124   [8]  DF 08 10 77 85 0B 2F 08
 (056.540519)  can0  123   [8]  E0 00 47 43 2E BC 15 FF
 (056.540724)  can0  124   [8]  E0 08 10 9E 7A 0B 26 08
 (056.550422)  can0  123   [8]  E1 00 45 43 2E 3E B2 FF
 (056.550797)  can0  124   [8]  E1 08 10 C5 48 0B 1E 08
 (056.560334)  can0  123   [8]  E2 00 43 43 2D B1 A2 FF
 (056.560517)  can0  124   [8]  E2 08 10 EC 3E 0B 15 08
 (056.570492)  can0  123   [8]  E3 00 42 43 2D 24 92 FF
 (056.570522)  can0  124   [8]  E3 08 11 13 0B 0B 0C 08
 (056.580250)  can0  123   [8]  E4 00 4A 43 2C 97 83 FF
 (056.580350)  can0  124   [8]  E4 08 11 39 FB 0B 03 08
 (056.590513)  can0  123   [8]  E5 00 58 43 2C 0A 73 FF
 (056.590545)  can0  124   [8]  E5 08 11 60 C8 0A FA 08
 (056.599966)  can0  123   [8]  E6 00 76 43 2B 8D 10 FF
 (056.600223)  can0  124   [8]  E6 08 11 87 AD 0A F2 08
 (056.609945)  can0  123   [8]  E7 00 8B 43 2B 00 00 FF
 (056.610162)  can0  124   [8]  E7 08 11 AE 7F 0A E9 08
 (056.619818)  can0  123   [8]  E8 00 AC 43 2A 72 F0 FF
 (056.620181)  can0  124   [8]  E8 08 11 D5 6C 0A E0 08
 (056.629657)  can0  123   [8]  E9 00 D9 43 29 E5 E1 FF
 (056.629880)  can0  124   [8]  E9 08 11 FC 3E 0A D7 08
 (056.639625)  can0  123   [8]  EA 00 EB 43 29 58 D1 FF
 (056.639790)  can0  124   [8]  EA 08 12 23 25 0A CE 08
 (056.649423)  can0  123   [8]  EB 00 F1 43 28 CB C1 FF
 (056.649605)  can0  124   [8]  EB 08 12 4A 02 0A C5 08
 (056.659384)  can0  123   [8]  EC 00 F3 43 28 3E B2 FF
 (056.659695)  can0  124   [8]  EC 08 12 70 E4 0A BC 08
 (056.669205)  can0  123   [8]  ED 00 F4 43 27 C1 4F FF
 (056.669428)  can0  124   [8]  ED 08 12 97 BE 0A B4 08
 (056.679800)  can0  123   [8]  EE 00 F4 43 27 34 3F FF
 (056.679821)  can0  124   [8]  EE 08 12 BE A4 0A AB 08
 (056.689164)  can0  123   [8]  EF 00 F5 43 26 A7 2F FF
 (056.689327)  can0  124   [8]  EF 08 12 E5 80 0A A2 08
 (056.698997)  can0  123   [8]  F0 00 F6 43 26 1A 1F FF
 (056.699251)  can0  124   [8]  F0 08 13 0C 67 0A 99 08
 (056.708956)  can0  123   [8]  F1 00 F6 43 25 8D 0F FF
 (056.709139)  can0  124   [8]  F1 08 13 33 3F 0A 90 08
 (056.718825)  can0  123   [8]  F2 00 F7 43 25 0F AC FF
 (056.719044)  can0  124   [8]  F2 08 13 5A 27 0A 88 08
 (056.728739)  can0  123   [8]  F3 00 F8 43 24 82 9C FF
 (056.728969)  can0  124   [8]  F3 08 13 81 05 0A 7F 08
 (056.738676)  can0  123   [8]  F4 00 F8 43 23 F5 8D FF
 (056.738838)  can0  124   [8]  F4 08 13 A7 EA 0A 76 08
 (056.748534)  can0  123   [8]  F5 00 F9 43 23 68 7E FF
 (056.748803)  can0  124   [8]  F5 08 13 CE C5 0A 6D 08
 (056.758488)  can0  123   [8]  F6 00 F9 43 22 DB 6E FF
 (056.758634)  can0  124   [8]  F6 08 13 F5 A7 0A 64 08
 (056.768409)  can0  123   [8]  F7 00 F8 43 22 5E 0B FF
 (056.768614)  can0  124   [8]  F7 08 14 1C 82 0A 5C 08
 (056.778335)  can0  123   [8]  F8 00 F4 43 21 D0 FB FF
 (056.778466)  can0  124   [8]  F8 08 14 43 70 0A 53 08
 (056.788209)  can0  123   [8]  F9 00 E9 43 21 43 EB FF
 (056.788408)  can0  124   [8]  F9 08 14 6A 45 0A 4A 08
 (056.798153)  can0  123   [8]  FA 00 B2 43 20 B6 DB FF
 (056.798355)  can0  124   [8]  FA 08 14 91 2C 0A 41 08
 (056.808141)  can0  123   [8]  FB 00 58 43 20 29 CC FF
 (056.808286)  can0  124   [8]  FB 08 14 B8 13 0A 38 08
 (056.818013)  can0  123   [8]  FC 00 49 43 1F AC 68 FF
 (056.818222)  can0  124   [8]  FC 08 14 DF 03 0A 30 08
 (056.827887)  can0  123   [8]  FD 00 43 43 1F 1F 59 FF
 (056.828169)  can0  124   [8]  FD 08 15 05 D2 0A 27 08
 (056.837845)  can0  123   [8]  FE 00 3D 43 1E 92 49 FF
 (056.838014)  can0  124   [8]  FE 08 15 2C C9 0A 1E 08
 (056.847872)  can0  123   [8]  FF 00 34 43 1E 05 3A FF
 (056.847893)  can0  124   [8]  FF 08 15 53 9E 0A 15 08
 (056.857716)  can0  123   [8]  00 00 32 43 1D 78 2A FF
 (056.857828)  can0  124   [8]  00 08 15 7A 8D 0A 0C 08
 (056.869610)  can0  123   [8]  01 00 31 43 1C CB C1 FF
 (056.869739)  can0  124   [8]  01 08 15 A9 39 0A 01 08
 (056.879410)  can0  123   [8]  02 00 30 43 1C 3E B2 FF
 (056.879674)  can0  124   [8]  02 08 15 D0 16 09 F8 08
 (056.889482)  can0  123   [8]  03 00 31 43 1B B1 A2 FF
 (056.889496)  can0  124   [8]  03 08 15 F7 05 09 EF 08
 (056.899278)  can0  123   [8]  04 00 30 43 1B 24 92 FF
 (056.899466)  can0  124   [8]  04 08 16 1D DC 09 E6 08
 (056.909121)  can0  123   [8]  05 00 2F 43 1A A7 2F FF
 (056.909359)  can0  124   [8]  05 08 16 44 C8 09 DE 08
 (056.919087)  can0  123   [8]  06 00 2E 43 1A 0A 73 FF
 (056.919402)  can0  124   [8]  06 08 16 6B A0 09 D4 08
 (056.929043)  can0  123   [8]  07 00 2E 43 19 8D 0F FF
 (056.929265)  can0  124   [8]  07 08 16 92 8D 09 CC 08
 (056.938878)  can0  123   [8]  08 00 2E 43 19 00 00 FF
 (056.939102)  can0  124   [8]  08 08 16 B9 62 09 C3 08
 (056.949003)  can0  123   [8]  09 00 2D 43 18 72 F0 FF
 (056.949023)  can0  124   [8]  09 08 16 E0 4F 09 BA 08
 (056.958748)  can0  123   [8]  0A 00 2C 43 17 E5 E1 FF
 (056.958964)  can0  124   [8]  0A 08 17 07 22 09 B1 08
 (056.968609)  can0  123   [8]  0B 00 2C 43 17 58 D1 FF
 (056.968851)  can0  124   [8]  0B 08 17 2E 0C 09 A8 08
 (056.978555)  can0  123   [8]  0C 00 2D 43 16 CB C1 FF
 (056.978673)  can0  124   [8]  0C 08 17 54 E3 09 9F 08
 (056.988494)  can0  123   [8]  0D 00 2D 43 16 3E B1 FF
 (056.988622)  can0  124   [8]  0D 08 17 7B D2 09 96 08
 (056.998439)  can0  123   [8]  0E 00 2D 43 15 B1 A2 FF
 (056.998549)  can0  124   [8]  0E 08 17 A2 AF 09 8D 08
 (057.008275)  can0  123   [8]  0F 00 2D 43 15 24 92 FF
 (057.008505)  can0  124   [8]  0F 08 17 C9 96 09 84 08
 (057.018152)  can0  123   [8]  10 00 2D 43 14 97 83 FF
 (057.018410)  can0  124   [8]  10 08 17 F0 7A 09 7B 08
 (057.028259)  can0  123   [8]  11 00 2E 43 14 0A 73 FF
 (057.028277)  can0  124   [8]  11 08 18 17 68 09 72 08
 (057.038162)  can0  123   [8]  12 00 2E 43 13 7D 63 FF
 (057.038190)  can0  124   [8]  12 08 18 3E 40 09 69 08
 (057.047919)  can0  123   [8]  13 00 2E 43 12 F0 54 FF
 (057.048084)  can0  124   [8]  13 08 18 65 32 09 60 08
 (057.057885)  can0  123   [8]  14 00 2E 43 12 63 44 FF
 (057.058013)  can0  124   [8]  14 08 18 8C 07 09 57 08
 (057.067719)  can0  123   [8]  15 00 2E 43 11 D6 34 FF
 (057.067926)  can0  124   [8]  15 08 18 B2 EE 09 4E 08
 (057.077597)  can0  123   [8]  16 00 2F 43 11 49 25 FF
 (057.077786)  can0  124   [8]  16 08 18 D9 CF 09 45 08
 (057.087540)  can0  123   [8]  17 00 2F 43 10 BC 15 FF
 (057.087721)  can0  124   [8]  17 08 19 00 BB 09 3C 08
 (057.097387)  can0  123   [8]  18 00 2F 43 10 2F 05 FF
 (057.097610)  can0  124   [8]  18 08 19 27 94 09 33 08
 (057.107324)  can0  123   [8]  19 00 30 43 0F A1 F6 FF
 (057.107731)  can0  124   [8]  19 08 19 4E 81 09 2A 08
 (057.117291)  can0  123   [8]  1A 00 30 43 0F 24 92 FF
 (057.117428)  can0  124   [8]  1A 08 19 75 5A 09 22 08
 (057.127223)  can0  123   [8]  1B 00 30 43 0E 97 82 FF
 (057.127377)  can0  124   [8]  1B 08 19 9C 48 09 19 08
 (057.137087)  can0  123   [8]  1C 00 31 43 0E 0A 73 FF
 (057.137326)  can0  124   [8]  1C 08 19 C3 1F 09 10 08
 (057.147040)  can0  123   [8]  1D 00 31 43 0D 7D 63 FF
 (057.147257)  can0  124   [8]  1D 08 19 EA 0B 09 07 08
 (057.156873)  can0  123   [8]  1E 00 31 43 0C F0 54 FF
 (057.157065)  can0  124   [8]  1E 08 1A 10 E0 08 FE 08
 (057.166893)  can0  123   [8]  1F 00 31 43 0C 63 44 FF
 (057.166999)  can0  124   [8]  1F 08 1A 37 CD 08 F5 08
 (057.176759)  can0  123   [8]  20 00 32 43 0B D6 34 FF
 (057.177057)  can0  124   [8]  20 08 1A 5E A4 08 EC 08
 (057.186560)  can0  123   [8]  21 00 32 43 0B 49 25 FF
 (057.186826)  can0  124   [8]  21 08 1A 85 91 08 E3 08
 (057.196455)  can0  123   [8]  22 00 32 43 0A BC 15 FF
 (057.196656)  can0  124   [8]  22 08 1A AC 6D 08 DA 08
 (057.206398)  can0  123   [8]  23 00 33 43 0A 3E B1 FF
 (057.206561)  can0  124   [8]  23 08 1A D3 57 08 D2 08
 (057.216206)  can0  123   [8]  24 00 33 43 09 B1 A2 FF
 (057.216514)  can0  124   [8]  24 08 1A FA 30 08 C9 08
 (057.226141)  can0  123   [8]  25 00 33 43 09 24 92 FF
 (057.226532)  can0  124   [8]  25 08 1B 21 1A 08 C0 08
 (057.236085)  can0  123   [8]  26 00 33 43 08 97 83 FF
 (057.236243)  can0  124   [8]  26 08 1B 47 F3 08 B7 08
 (057.245969)  can0  123   [8]  27 00 33 43 08 0A 73 FF
 (057.246218)  can0  124   [8]  27 08 1B 6E DA 08 AE 08
 (057.255911)  can0  123   [8]  28 00 34 43 07 8D 10 FF
 (057.256146)  can0  124   [8]  28 08 1B 95 B6 08 A6 08
 (057.265792)  can0  123   [8]  29 00 34 43 07 00 00 FF
 (057.266038)  can0  124   [8]  29 08 1B BC A6 08 9D 08
 (057.275711)  can0  123   [8]  2A 00 34 43 06 72 F0 FF
 (057.275932)  can0  124   [8]  2A 08 1B E3 7E 08 94 08
 (057.285622)  can0  123   [8]  2B 00 33 43 05 F5 8D FF
 (057.285840)  can0  124   [8]  2B 08 1C 0A 6B 08 8C 08
 (057.295722)  can0  123   [8]  2C 00 33 43 05 68 7D FF
 (057.295774)  can0  124   [8]  2C 08 1C 31 42 08 83 08
 (057.305469)  can0  123   [8]  2D 00 33 43 04 DB 6E FF
 (057.305736)  can0  124   [8]  2D 08 1C 58 31 08 7A 08
 (057.315340)  can0  123   [8]  2E 00 33 43 04 5E 0A FF
 (057.315544)  can0  124   [8]  2E 08 1C 7F 09 08 72 08
 (057.325313)  can0  123   [8]  2F 00 32 43 03 D0 FB FF
 (057.325547)  can0  124   [8]  2F 08 1C A5 FF 08 69 08
 (057.335294)  can0  123   [8]  30 00 32 43 03 43 EB FF
 (057.335498)  can0  124   [8]  30 08 1C CC D5 08 60 08
 (057.345353)  can0  123   [8]  31 00 32 43 02 B6 DB FF
 (057.345627)  can0  124   [8]  31 08 1C F3 C6 08 57 08
 (057.355246)  can0  123   [8]  32 00 32 43 02 39 78 FF
 (057.355422)  can0  124   [8]  32 08 1D 1A 9F 08 4F 08
 (057.365261)  can0  123   [8]  33 00 32 43 01 AC 68 FF
 (057.365296)  can0  124   [8]  33 08 1D 41 94 08 46 08
 (057.375256)  can0  123   [8]  34 00 31 43 01 2F 05 FF
 (057.375302)  can0  124   [8]  34 08 1D 68 6F 08 3E 08
 (057.385107)  can0  123   [8]  35 00 31 43 00 A1 F5 FF
 (057.385162)  can0  124   [8]  35 08 1D 8F 62 08 35 08
 (057.394909)  can0  123   [8]  36 00 31 43 00 14 E6 FF
 (057.395189)  can0  124   [8]  36 08 1D B6 34 08 2C 08
 (057.404811)  can0  123   [8]  37 00 31 42 FF 2F 05 FF
 (057.404936)  can0  124   [8]  37 08 1D DD 22 08 24 08
 (057.414674)  can0  123   [8]  38 00 30 42 FE 14 E5 FF
 (057.414797)  can0  124   [8]  38 08 1E 03 FE 08 1B 08
 (057.424553)  can0  123   [8]  39 00 30 42 FD 1A 1F FF
 (057.424724)  can0  124   [8]  39 08 1E 2A E6 08 13 08
 (057.434417)  can0  123   [8]  3A 00 30 42 FC 00 00 FF
 (057.434608)  can0  124   [8]  3A 08 1E 51 C2 08 0A 08
 (057.444486)  can0  123   [8]  3B 00 30 42 FB 05 3A FF
 (057.444635)  can0  124   [8]  3B 08 1E 78 B7 08 02 08
 (057.454508)  can0  123   [8]  3C 00 30 42 F9 EB 1A FF
 (057.454558)  can0  124   [8]  3C 08 1E 9F 95 07 F9 08
 (057.464362)  can0  123   [8]  3D 00 30 42 F8 F0 54 FF
 (057.464408)  can0  124   [8]  3D 08 1E C6 83 07 F1 08
 (057.474038)  can0  123   [8]  3E 00 2F 42 F7 D6 34 FF
 (057.474269)  can0  124   [8]  3E 08 1E ED 63 07 E8 08
 (057.484043)  can0  123   [8]  3F 00 2F 42 F6 DB 6E FF
 (057.484648)  can0  124   [8]  3F 08 1F 14 50 07 E0 08
 (057.494024)  can0  123   [8]  40 00 2F 42 F5 C1 4F FF
 (057.494056)  can0  124   [8]  40 08 1F 3B 27 07 D7 08
 (057.504013)  can0  123   [8]  41 00 2F 42 F4 C6 88 FF
 (057.504056)  can0  124   [8]  41 08 1F 62 16 07 CF 08
 (057.513694)  can0  123   [8]  42 00 2F 42 F3 AC 69 FF
 (057.513988)  can0  124   [8]  42 08 1F 88 E5 07 C6 08
 (057.523665)  can0  123   [8]  43 00 2F 42 F2 B1 A1 FF
 (057.523986)  can0  124   [8]  43 08 1F AF D8 07 BE 08
 (057.533584)  can0  123   [8]  44 00 2F 42 F1 B6 DB FF
 (057.533698)  can0  124   [8]  44 08 1F D6 B0 07 B6 08
 (057.543452)  can0  123   [8]  45 00 2F 42 F0 9C BC FF
 (057.543580)  can0  124   [8]  45 08 1F FD 9E 07 AD 08
 (057.553836)  can0  123   [8]  46 00 2F 42 EF A1 F5 FF
 (057.553852)  can0  124   [8]  46 08 20 24 73 07 A5 08
 (057.563260)  can0  123   [8]  47 00 2E 42 EE 87 D6 FF
 (057.563618)  can0  124   [8]  47 08 20 4B 68 07 9C 08
 (057.573483)  can0  123   [8]  48 00 2E 42 ED 8D 10 FF
 (057.573521)  can0  124   [8]  48 08 20 72 45 07 94 08
 (057.583349)  can0  123   [8]  49 00 2E 42 EC 92 4A FF
 (057.583417)  can0  124   [8]  49 08 20 99 36 07 8C 08
 (057.592973)  can0  123   [8]  4A 00 2E 42 EB 97 82 FF
 (057.593273)  can0  124   [8]  4A 08 20 C0 09 07 84 08
 (057.602897)  can0  123   [8]  4B 00 2E 42 EA 9C BC FF
 (057.603199)  can0  124   [8]  4B 08 20 E6 FE 07 7C 08
 (057.612769)  can0  123   [8]  4C 00 2E 42 E9 82 9C FF
 (057.613004)  can0  124   [8]  4C 08 21 0D D2 07 73 08
 (057.622725)  can0  123   [8]  4D 00 2E 42 E8 87 D6 FF
 (057.622887)  can0  124   [8]  4D 08 21 34 C8 07 6B 08
 (057.632543)  can0  123   [8]  4E 00 2E 42 E7 8D 10 FF
 (057.632722)  can0  124   [8]  4E 08 21 5B 9D 07 63 08
 (057.642445)  can0  123   [8]  4F 00 2E 42 E6 72 F1 FF
 (057.642635)  can0  124   [8]  4F 08 21 82 89 07 5A 08
 (057.652233)  can0  123   [8]  50 00 2D 42 E5 78 2A FF
 (057.652465)  can0  124   [8]  50 08 21 A9 5F 07 52 08
 (057.662630)  can0  123   [8]  51 00 2D 42 E4 7D 63 FF
 (057.662647)  can0  124   [8]  51 08 21 D0 49 07 4A 08
 (057.672066)  can0  123   [8]  52 00 2D 42 E3 82 9D FF
 (057.672313)  can0  124   [8]  52 08 21 F7 20 07 42 08
 (057.682008)  can0  123   [8]  53 00 2D 42 E2 87 D7 FF
 (057.682195)  can0  124   [8]  53 08 22 1E 0C 07 3A 08
 (057.691899)  can0  123   [8]  54 00 2D 42 E1 8D 0F FF
 (057.693284)  can0  124   [8]  54 08 22 44 E8 07 32 08
 (057.701769)  can0  123   [8]  55 00 2D 42 E0 72 F1 FF
 (057.702034)  can0  124   [8]  55 08 22 6B CB 07 29 08
 (057.711712)  can0  123   [8]  56 00 2D 42 DF 78 29 FF
 (057.711911)  can0  124   [8]  56 08 22 92 A0 07 21 08
 (057.721648)  can0  123   [8]  57 00 2D 42 DE 7D 63 FF
 (057.722119)  can0  124   [8]  57 08 22 B9 8B 07 19 08
 (057.731630)  can0  123   [8]  58 00 2D 42 DD 82 9D FF
 (057.731716)  can0  124   [8]  58 08 22 E0 65 07 11 08
 (057.741433)  can0  123   [8]  59 00 2D 42 DC 68 7E FF
 (057.741730)  can0  124   [8]  59 08 23 07 52 07 08 08
 (057.751382)  can0  123   [8]  5A 00 2C 42 DB 6D B7 FF
 (057.751563)  can0  124   [8]  5A 08 23 2E 22 07 00 08
 (057.761267)  can0  123   [8]  5B 00 2D 42 DA 72 F0 FF
 (057.761491)  can0  124   [8]  5B 08 23 55 0E 06 F8 08
 (057.771177)  can0  123   [8]  5C 00 2D 42 D9 78 2A FF
 (057.771369)  can0  124   [8]  5C 08 23 7B E0 06 F0 08
 (057.781158)  can0  123   [8]  5D 00 2C 42 D8 7D 64 FF
 (057.781305)  can0  124   [8]  5D 08 23 A2 CD 06 E8 08
 (057.791174)  can0  123   [8]  5E 00 2C 42 D7 82 9C FF
 (057.791188)  can0  124   [8]  5E 08 23 C9 9D 06 E0 08
 (057.800962)  can0  123   [8]  5F 00 2C 42 D6 87 D6 FF
 (057.801138)  can0  124   [8]  5F 08 23 F0 8C 06 D8 08
 (057.810849)  can0  123   [8]  60 00 2C 42 D5 8D 10 FF
 (057.811043)  can0  124   [8]  60 08 24 17 5D 06 D0 08
 (057.820812)  can0  123   [8]  61 00 2C 42 D4 92 4A FF
 (057.821029)  can0  124   [8]  61 08 24 3E 52 06 C8 08
 (057.830640)  can0  123   [8]  62 00 2C 42 D3 97 82 FF
 (057.830911)  can0  124   [8]  62 08 24 65 26 06 C0 08
 (057.840573)  can0  123   [8]  63 00 2C 42 D2 9C BC FF
 (057.840812)  can0  124   [8]  63 08 24 8C 14 06 B8 08
 (057.850432)  can0  123   [8]  64 00 2C 42 D1 A1 F6 FF
 (057.850611)  can0  124   [8]  64 08 24 B2 EC 06 B0 08
 (057.860300)  can0  123   [8]  65 00 2C 42 D0 A7 2E FF
 (057.860475)  can0  124   [8]  65 08 24 D9 DF 06 A8 08
 (057.870212)  can0  123   [8]  66 00 2C 42 CF AC 68 FF
 (057.870518)  can0  124   [8]  66 08 25 00 B2 06 A0 08
 (057.880336)  can0  123   [8]  67 00 2C 42 CE B1 A2 FF
 (057.880359)  can0  124   [8]  67 08 25 27 9E 06 98 08
 (057.890055)  can0  123   [8]  68 00 2C 42 CD B6 DC FF
 (057.890271)  can0  124   [8]  68 08 25 4E 6F 06 90 08
 (057.900082)  can0  123   [8]  69 00 2C 42 CC BC 14 FF
 (057.900206)  can0  124   [8]  69 08 25 75 53 06 88 08
 (057.910546)  can0  123   [8]  6A 00 2C 42 CB C1 4E FF
 (057.910559)  can0  124   [8]  6A 08 25 9C 28 06 80 08
 (057.920058)  can0  123   [8]  6B 00 2C 42 CA C6 88 FF
 (057.920156)  can0  124   [8]  6B 08 25 C3 0B 06 78 08
 (057.929749)  can0  123   [8]  6C 00 2C 42 C9 AC 69 FF
 (057.929934)  can0  124   [8]  6C 08 25 E9 DE 06 6F 08
 (057.941170)  can0  123   [8]  6D 00 2C 42 C8 B1 A3 FF
 (057.941203)  can0  124   [8]  6D 08 26 10 CA 06 67 08
 (057.949534)  can0  123   [8]  6E 00 2C 42 C7 B6 DB FF
 (057.949712)  can0  124   [8]  6E 08 26 37 9B 06 5F 08
 (057.959505)  can0  123   [8]  6F 00 2B 42 C6 BC 15 FF
 (057.959641)  can0  124   [8]  6F 08 26 5E 88 06 57 08
 (057.969606)  can0  123   [8]  70 00 2A 42 C5 C1 4F FF
 (057.969639)  can0  124   [8]  70 08 26 85 53 06 4F 08
 (057.979277)  can0  123   [8]  71 00 29 42 C4 C6 87 FF
 (057.979525)  can0  124   [8]  71 08 26 AC 44 06 47 08
 (057.989163)  can0  123   [8]  72 00 2A 42 C3 EB 1B FF
 (057.989544)  can0  124   [8]  72 08 26 D3 17 06 40 08
 (057.999111)  can0  123   [8]  73 00 2A 42 C2 F0 53 FF
 (057.999325)  can0  124   [8]  73 08 26 FA 00 06 38 08
 (058.009016)  can0  123   [8]  74 00 29 42 C1 F5 8D FF
 (058.009191)  can0  124   [8]  74 08 27 20 D4 06 30 08
 (058.018902)  can0  123   [8]  75 00 29 42 C0 FA C7 FF
 (058.019070)  can0  124   [8]  75 08 27 47 BC 06 28 08
 (058.028833)  can0  123   [8]  76 00 27 42 C0 00 01 FF
 (058.028936)  can0  124   [8]  76 08 27 6E 97 06 20 08
 (058.038715)  can0  123   [8]  77 00 27 42 BF 05 39 FF
 (058.038853)  can0  124   [8]  77 08 27 95 87 06 18 08
 (058.048639)  can0  123   [8]  78 00 27 42 BE 0A 73 FF
 (058.048883)  can0  124   [8]  78 08 27 BC 5D 06 10 08
 (058.058537)  can0  123   [8]  79 00 27 42 BD 0F AD FF
 (058.058728)  can0  124   [8]  79 08 27 E3 4F 06 08 08
 (058.068641)  can0  123   [8]  7A 00 27 42 BC 14 E5 FF
 (058.068664)  can0  124   [8]  7A 08 28 0A 24 06 00 08
 (058.078408)  can0  123   [8]  7B 00 27 42 BB 1A 1F FF
 (058.078526)  can0  124   [8]  7B 08 28 31 1A 05 F8 08
 (058.088309)  can0  123   [8]  7C 00 27 42 BA 1F 59 FF
 (058.088456)  can0  124   [8]  7C 08 28 57 EE 05 F0 08
 (058.098138)  can0  123   [8]  7D 00 26 42 B9 24 93 FF
 (058.098336)  can0  124   [8]  7D 08 28 7E DE 05 E8 08
 (058.108023)  can0  123   [8]  7E 00 26 42 B8 29 CB FF
 (058.108313)  can0  124   [8]  7E 08 28 A5 B3 05 E0 08
 (058.117900)  can0  123   [8]  7F 00 26 42 B7 2F 05 FF
 (058.118158)  can0  124   [8]  7F 08 28 CC A6 05 D8 08
 (058.127915)  can0  123   [8]  80 00 26 42 B6 34 3F FF
 (058.128024)  can0  124   [8]  80 08 28 F3 7B 05 D0 08
 (058.137774)  can0  123   [8]  81 00 26 42 B5 39 78 FF
 (058.137993)  can0  124   [8]  81 08 29 1A 6A 05 C8 08
 (058.147677)  can0  123   [8]  82 00 26 42 B4 3E B2 FF
 (058.147921)  can0  124   [8]  82 08 29 41 43 05 C0 08
 (058.157555)  can0  123   [8]  83 00 26 42 B3 43 EB FF
 (058.157754)  can0  124   [8]  83 08 29 68 34 05 B8 08
 (058.167663)  can0  123   [8]  84 00 26 42 B2 49 25 FF
 (058.167696)  can0  124   [8]  84 08 29 8F 05 05 B0 08
 (058.177315)  can0  123   [8]  85 00 26 42 B1 4E 5E FF
 (058.177598)  can0  124   [8]  85 08 29 B5 EF 05 A8 08
 (058.187343)  can0  123   [8]  86 00 26 42 B0 53 98 FF
 (058.187534)  can0  124   [8]  86 08 29 DC C8 05 A0 08
 (058.197147)  can0  123   [8]  87 00 26 42 AF 58 D1 FF
 (058.197327)  can0  124   [8]  87 08 2A 03 B9 05 98 08
 (058.207028)  can0  123   [8]  88 00 26 42 AE 5E 0B FF
 (058.207263)  can0  124   [8]  88 08 2A 2A 90 05 90 08
 (058.216940)  can0  123   [8]  89 00 26 42 AD 63 44 FF
 (058.217150)  can0  124   [8]  89 08 2A 51 7D 05 88 08
 (058.227318)  can0  123   [8]  8A 00 26 42 AC 68 7E FF
 (058.227328)  can0  124   [8]  8A 08 2A 78 53 05 80 08
 (058.236895)  can0  123   [8]  8B 00 26 42 AB 8D 10 FF
 (058.236957)  can0  124   [8]  8B 08 2A 9F 45 05 79 08
 (058.246716)  can0  123   [8]  8C 00 26 42 AA 92 49 FF
 (058.246806)  can0  124   [8]  8C 08 2A C6 18 05 71 08
 (058.256594)  can0  123   [8]  8D 00 26 42 A9 97 83 FF
 (058.256793)  can0  124   [8]  8D 08 2A ED 10 05 69 08
 (058.266521)  can0  123   [8]  8E 00 26 42 A8 9C BC FF
 (058.266604)  can0  124   [8]  8E 08 2B 13 E6 05 61 08
 (058.276502)  can0  123   [8]  8F 00 26 42 A7 A1 F6 FF
 (058.276587)  can0  124   [8]  8F 08 2B 3A E2 05 59 08
 (058.286286)  can0  123   [8]  90 00 26 42 A6 A7 2F FF
 (058.286543)  can0  124   [8]  90 08 2B 61 BF 05 51 08
 (058.296204)  can0  123   [8]  91 00 26 42 A5 CB C2 FF
 (058.296473)  can0  124   [8]  91 08 2B 88 B6 05 4A 08
 (058.306067)  can0  123   [8]  92 00 26 42 A4 D0 FB FF
 (058.306248)  can0  124   [8]  92 08 2B AF 8D 05 42 08
 (058.315955)  can0  123   [8]  93 00 26 42 A3 D6 34 FF
 (058.316236)  can0  124   [8]  93 08 2B D6 84 05 3A 08
 (058.325882)  can0  123   [8]  94 00 26 42 A2 DB 6E FF
 (058.326068)  can0  124   [8]  94 08 2B FD 5A 05 32 08
 (058.335794)  can0  123   [8]  95 00 26 42 A1 E0 A7 FF
 (058.335997)  can0  124   [8]  95 08 2C 24 49 05 2A 08
 (058.345662)  can0  123   [8]  96 00 27 42 A1 05 3A FF
 (058.345901)  can0  124   [8]  96 08 2C 4B 1C 05 23 08
 (058.355592)  can0  123   [8]  97 00 27 42 A0 0A 73 FF
 (058.355796)  can0  124   [8]  97 08 2C 72 0A 05 1B 08
 (058.365501)  can0  123   [8]  98 00 27 42 9F 2F 05 FF
 (058.365737)  can0  124   [8]  98 08 2C 98 E0 05 14 08
 (058.375450)  can0  123   [8]  99 00 27 42 9E 34 3F FF
 (058.375633)  can0  124   [8]  99 08 2C BF D0 05 0C 08
 (058.385385)  can0  123   [8]  9A 00 27 42 9D 58 D1 FF
 (058.385495)  can0  124   [8]  9A 08 2C E6 9F 05 05 08
 (058.395216)  can0  123   [8]  9B 00 27 42 9C 5E 0A FF
 (058.395404)  can0  124   [8]  9B 08 2D 0D 91 04 FD 08
 (058.405093)  can0  123   [8]  9C 00 27 42 9B 82 9D FF
 (058.405316)  can0  124   [8]  9C 08 2D 34 64 04 F6 08
 (058.415054)  can0  123   [8]  9D 00 27 42 9A 87 D6 FF
 (058.415275)  can0  124   [8]  9D 08 2D 5B 53 04 EE 08
 (058.424946)  can0  123   [8]  9E 00 27 42 99 AC 68 FF
 (058.425145)  can0  124   [8]  9E 08 2D 82 28 04 E7 08
 (058.434874)  can0  123   [8]  9F 00 27 42 98 D0 FB FF
 (058.435172)  can0  124   [8]  9F 08 2D A9 10 04 E0 08
 (058.444881)  can0  123   [8]  A0 00 27 42 97 D6 34 FF
 (058.445091)  can0  124   [8]  A0 08 2D CF E6 04 D8 08
 (058.454842)  can0  123   [8]  A1 00 27 42 96 FA C7 FF
 (058.455175)  can0  124   [8]  A1 08 2D F6 DD 04 D1 08
 (058.464804)  can0  123   [8]  A2 00 27 42 96 1F 59 FF
 (058.464923)  can0  124   [8]  A2 08 2E 1D B0 04 CA 08
 (058.474679)  can0  123   [8]  A3 00 27 42 95 24 92 FF
 (058.474879)  can0  124   [8]  A3 08 2E 44 A4 04 C2 08
 (058.485628)  can0  123   [8]  A4 00 27 42 94 49 24 FF
 (058.485642)  can0  124   [8]  A4 08 2E 6B 77 04 BB 08
 (058.494512)  can0  123   [8]  A5 00 27 42 93 6D B7 FF
 (058.494538)  can0  124   [8]  A5 08 2E 92 6B 04 B4 08
 (058.504262)  can0  123   [8]  A6 00 27 42 92 72 F0 FF
 (058.504510)  can0  124   [8]  A6 08 2E B9 43 04 AC 08
 (058.514202)  can0  123   [8]  A7 00 27 42 91 97 83 FF
 (058.514403)  can0  124   [8]  A7 08 2E E0 33 04 A5 08
 (058.524101)  can0  123   [8]  A8 00 27 42 90 BC 15 FF
 (058.524253)  can0  124   [8]  A8 08 2F 07 0C 04 9E 08
 (058.533958)  can0  123   [8]  A9 00 27 42 8F C1 4F FF
 (058.534207)  can0  124   [8]  A9 08 2F 2E 05 04 96 08
 (058.543882)  can0  123   [8]  AA 00 27 42 8E E5 E1 FF
 (058.544165)  can0  124   [8]  AA 08 2F 54 DC 04 8F 08
 (058.553767)  can0  123   [8]  AB 00 27 42 8E 0A 73 FF
 (058.554081)  can0  124   [8]  AB 08 2F 7B D0 04 88 08
 (058.563625)  can0  123   [8]  AC 00 28 42 8D 2F 05 FF
 (058.563891)  can0  124   [8]  AC 08 2F A2 AA 04 81 08
 (058.573553)  can0  123   [8]  AD 00 28 42 8C 53 98 FF
 (058.573751)  can0  124   [8]  AD 08 2F C9 9D 04 7A 08
 (058.583509)  can0  123   [8]  AE 00 28 42 8B 78 2A FF
 (058.583689)  can0  124   [8]  AE 08 2F F0 75 04 73 08
 (058.593355)  can0  123   [8]  AF 00 28 42 8A 9C BC FF
 (058.593555)  can0  124   [8]  AF 08 30 17 70 04 6C 08
 (058.603263)  can0  123   [8]  B0 00 28 42 89 C1 4E FF
 (058.603451)  can0  124   [8]  B0 08 30 3E 4B 04 65 08
 (058.613111)  can0  123   [8]  B1 00 28 42 88 E5 E1 FF
 (058.613363)  can0  124   [8]  B1 08 30 65 40 04 5E 08
 (058.623036)  can0  123   [8]  B2 00 28 42 87 EB 1A FF
 (058.623286)  can0  124   [8]  B2 08 30 8C 18 04 56 08
 (058.632988)  can0  123   [8]  B3 00 28 42 87 2F 06 FF
 (058.633158)  can0  124   [8]  B3 08 30 B3 0B 04 50 08
 (058.642839)  can0  123   [8]  B4 00 28 42 86 34 3F FF
 (058.643077)  can0  124   [8]  B4 08 30 D9 E3 04 48 08
 (058.652722)  can0  123   [8]  B5 00 28 42 85 58 D1 FF
 (058.653003)  can0  124   [8]  B5 08 31 00 D3 04 41 08
 (058.662765)  can0  123   [8]  B6 00 28 42 84 7D 63 FF
 (058.662928)  can0  124   [8]  B6 08 31 27 B4 04 3A 08
 (058.672733)  can0  123   [8]  B7 00 28 42 83 A1 F6 FF
 (058.672845)  can0  124   [8]  B7 08 31 4E A0 04 33 08
 (058.682608)  can0  123   [8]  B8 00 28 42 82 C6 88 FF
 (058.682771)  can0  124   [8]  B8 08 31 75 76 04 2C 08
 (058.692494)  can0  123   [8]  B9 00 28 42 81 EB 1A FF
 (058.692661)  can0  124   [8]  B9 08 31 9C 6C 04 25 08
 (058.702474)  can0  123   [8]  BA 00 28 42 81 0F AC FF
 (058.702583)  can0  124   [8]  BA 08 31 C3 49 04 1E 08
 (058.712367)  can0  123   [8]  BB 00 28 42 80 34 3E FF
 (058.712521)  can0  124   [8]  BB 08 31 EA 3E 04 17 08
 (058.722207)  can0  123   [8]  BC 00 28 42 7E 72 F0 FF
 (058.722422)  can0  124   [8]  BC 08 32 11 17 04 0F 08
 (058.732150)  can0  123   [8]  BD 00 28 42 7C BC 14 FF
 (058.732377)  can0  124   [8]  BD 08 32 38 11 04 08 08
 (058.742051)  can0  123   [8]  BE 00 28 42 7B 05 3A FF
 (058.742304)  can0  124   [8]  BE 08 32 5E E9 04 01 08
 (058.752019)  can0  123   [8]  BF 00 28 42 79 4E 5D FF
 (058.752231)  can0  124   [8]  BF 08 32 85 E0 03 FA 08
 (058.761895)  can0  123   [8]  C0 00 29 42 77 97 83 FF
 (058.762061)  can0  124   [8]  C0 08 32 AC B7 03 F3 08
 (058.771851)  can0  123   [8]  C1 00 29 42 75 E0 A7 FF
 (058.771939)  can0  124   [8]  C1 08 32 D3 AD 03 EC 08
 (058.781625)  can0  123   [8]  C2 00 29 42 73 EB 1A FF
 (058.781827)  can0  124   [8]  C2 08 32 FA 8B 03 E4 08
 (058.791713)  can0  123   [8]  C3 00 29 42 72 72 F0 FF
 (058.791730)  can0  124   [8]  C3 08 33 21 78 03 DE 08
 (058.801407)  can0  123   [8]  C4 00 29 42 70 BC 15 FF
 (058.801578)  can0  124   [8]  C4 08 33 48 54 03 D7 08
 (058.811290)  can0  123   [8]  C5 00 29 42 6F 05 39 FF
 (058.811498)  can0  124   [8]  C5 08 33 6F 48 03 D0 08
 (058.821233)  can0  123   [8]  C6 00 29 42 6D 4E 5E FF
 (058.821398)  can0  124   [8]  C6 08 33 96 23 03 C9 08
 (058.831099)  can0  123   [8]  C7 00 29 42 6B 97 82 FF
 (058.831297)  can0  124   [8]  C7 08 33 BD 1B 03 C2 08
 (058.841078)  can0  123   [8]  C8 00 29 42 6A 1F 59 FF
 (058.841222)  can0  124   [8]  C8 08 33 E3 F8 03 BC 08
 (058.851174)  can0  123   [8]  C9 00 29 42 68 68 7D FF
 (058.851188)  can0  124   [8]  C9 08 34 0A E9 03 B5 08
 (058.860978)  can0  123   [8]  CA 00 29 42 66 B1 A2 FF
 (058.861081)  can0  124   [8]  CA 08 34 31 C1 03 AE 08
 (058.870832)  can0  123   [8]  CB 00 29 42 64 FA C6 FF
 (058.870974)  can0  124   [8]  CB 08 34 58 B0 03 A7 08
 (058.880634)  can0  123   [8]  CC 00 2A 42 63 43 EB FF
 (058.880871)  can0  124   [8]  CC 08 34 7F 87 03 A0 08
 (058.890661)  can0  123   [8]  CD 00 2A 42 61 CB C1 FF
 (058.890900)  can0  124   [8]  CD 08 34 A6 7D 03 9A 08
 (058.900565)  can0  123   [8]  CE 00 2A 42 60 14 E6 FF
 (058.900714)  can0  124   [8]  CE 08 34 CD 54 03 93 08
 (058.910566)  can0  123   [8]  CF 00 2A 42 5E 5E 0A FF
 (058.910786)  can0  124   [8]  CF 08 34 F4 45 03 8C 08
 (058.920474)  can0  123   [8]  D0 00 2A 42 5C A7 2F FF
 (058.920669)  can0  124   [8]  D0 08 35 1B 25 03 85 08
 (058.930371)  can0  123   [8]  D1 00 2A 42 5A F0 53 FF
 (058.930510)  can0  124   [8]  D1 08 35 42 17 03 7E 08
 (058.940284)  can0  123   [8]  D2 00 2A 42 59 39 78 FF
 (058.940475)  can0  124   [8]  D2 08 35 68 EF 03 77 08
 (058.950160)  can0  123   [8]  D3 00 2A 42 57 82 9C FF
 (058.950349)  can0  124   [8]  D3 08 35 8F E1 03 70 08
 (058.960079)  can0  123   [8]  D4 00 2A 42 56 0A 73 FF
 (058.960354)  can0  124   [8]  D4 08 35 B6 B5 03 6A 08
 (058.970095)  can0  123   [8]  D5 00 2A 42 54 53 98 FF
 (058.970291)  can0  124   [8]  D5 08 35 DD A6 03 63 08
 (058.979922)  can0  123   [8]  D6 00 2A 42 52 9C BC FF
 (058.980244)  can0  124   [8]  D6 08 36 04 79 03 5C 08
 (058.989807)  can0  123   [8]  D7 00 2A 42 50 E5 E1 FF
 (058.989953)  can0  124   [8]  D7 08 36 2B 69 03 55 08
 (058.999673)  can0  123   [8]  D8 00 2B 42 4F 6D B7 FF
 (058.999809)  can0  124   [8]  D8 08 36 52 3F 03 4F 08
 (059.009618)  can0  123   [8]  D9 00 2B 42 4D B6 DC FF
 (059.009701)  can0  124   [8]  D9 08 36 79 31 03 48 08
 (059.019492)  can0  123   [8]  DA 00 2B 42 4C 3E B1 FF
 (059.019836)  can0  124   [8]  DA 08 36 A0 03 03 42 08
 (059.029392)  can0  123   [8]  DB 00 2B 42 4A 87 D7 FF
 (059.029571)  can0  124   [8]  DB 08 36 C6 EB 03 3B 08
 (059.039333)  can0  123   [8]  DC 00 2B 42 48 D0 FB FF
 (059.039583)  can0  124   [8]  DC 08 36 ED C7 03 34 08
 (059.049170)  can0  123   [8]  DD 00 2B 42 47 58 D1 FF
 (059.049366)  can0  124   [8]  DD 08 37 14 B2 03 2E 08
 (059.059162)  can0  123   [8]  DE 00 2B 42 45 E0 A7 FF
 (059.059278)  can0  124   [8]  DE 08 37 3B 80 03 28 08
 (059.068991)  can0  123   [8]  DF 00 2B 42 44 29 CC FF
 (059.069151)  can0  124   [8]  DF 08 37 62 70 03 21 08
 (059.078850)  can0  123   [8]  E0 00 2C 42 42 B1 A2 FF
 (059.079142)  can0  124   [8]  E0 08 37 89 45 03 1B 08
 (059.088886)  can0  123   [8]  E1 00 2C 42 40 FA C7 FF
 (059.088895)  can0  124   [8]  E1 08 37 B0 33 03 14 08
 (059.098637)  can0  123   [8]  E2 00 2C 42 3F 82 9C FF
 (059.098773)  can0  124   [8]  E2 08 37 D7 0F 03 0E 08
 (059.108512)  can0  123   [8]  E3 00 2C 42 3D CB C1 FF
 (059.108760)  can0  124   [8]  E3 08 37 FD FD 03 07 08
 (059.118452)  can0  123   [8]  E4 00 2C 42 3C 53 97 FF
 (059.118586)  can0  124   [8]  E4 08 38 24 CB 03 01 08
 (059.128272)  can0  123   [8]  E5 00 2C 42 3A 9C BC FF
 (059.128572)  can0  124   [8]  E5 08 38 4B B7 02 FA 08
 (059.138251)  can0  123   [8]  E6 00 2C 42 39 24 93 FF
 (059.138406)  can0  124   [8]  E6 08 38 72 94 02 F4 08
 (059.148231)  can0  123   [8]  E7 00 2C 42 37 6D B7 FF
 (059.148478)  can0  124   [8]  E7 08 38 99 87 02 ED 08
 (059.158102)  can0  123   [8]  E8 00 2C 42 35 F5 8E FF
 (059.158300)  can0  124   [8]  E8 08 38 C0 58 02 E7 08
 (059.168040)  can0  123   [8]  E9 00 2C 42 34 3E B2 FF
 (059.168216)  can0  124   [8]  E9 08 38 E7 49 02 E0 08
 (059.177957)  can0  123   [8]  EA 00 2D 42 32 C6 88 FF
 (059.178096)  can0  124   [8]  EA 08 39 0E 21 02 DA 08
 (059.188038)  can0  123   [8]  EB 00 2D 42 31 0F AC FF
 (059.188055)  can0  124   [8]  EB 08 39 35 14 02 D3 08
 (059.197783)  can0  123   [8]  EC 00 2D 42 2F 58 D1 FF
 (059.197913)  can0  124   [8]  EC 08 39 5B EC 02 CC 08
 (059.207603)  can0  123   [8]  ED 00 2D 42 2D E0 A7 FF
 (059.208002)  can0  124   [8]  ED 08 39 82 D7 02 C6 08
 (059.217571)  can0  123   [8]  EE 00 2D 42 2C 29 CB FF
 (059.217740)  can0  124   [8]  EE 08 39 A9 BC 02 BF 08
 (059.227506)  can0  123   [8]  EF 00 2D 42 2A B1 A2 FF
 (059.227628)  can0  124   [8]  EF 08 39 D0 B3 02 B9 08
 (059.237273)  can0  123   [8]  F0 00 2E 42 28 FA C7 FF
 (059.237586)  can0  124   [8]  F0 08 39 F7 87 02 B2 08
 (059.247236)  can0  123   [8]  F1 00 2E 42 27 82 9D FF
 (059.247399)  can0  124   [8]  F1 08 3A 1E 7C 02 AC 08
 (059.257147)  can0  123   [8]  F2 00 2E 42 26 0A 73 FF
 (059.257382)  can0  124   [8]  F2 08 3A 45 56 02 A6 08
 (059.267523)  can0  123   [8]  F3 00 2E 42 24 92 49 FF
 (059.267556)  can0  124   [8]  F3 08 3A 6C 4A 02 A0 08
 (059.277060)  can0  123   [8]  F4 00 2E 42 23 1A 1F FF
 (059.277207)  can0  124   [8]  F4 08 3A 93 24 02 9A 08
 (059.286928)  can0  123   [8]  F5 00 2F 42 21 A1 F5 FF
 (059.287151)  can0  124   [8]  F5 08 3A BA 17 02 94 08
 (059.296822)  can0  123   [8]  F6 00 2F 42 1F EB 1A FF
 (059.297163)  can0  124   [8]  F6 08 3A E0 EF 02 8D 08
 (059.306634)  can0  123   [8]  F7 00 2F 42 1E 72 F0 FF
 (059.306947)  can0  124   [8]  F7 08 3B 07 E3 02 87 08
 (059.316718)  can0  123   [8]  F8 00 2F 42 1C FA C6 FF
 (059.316750)  can0  124   [8]  F8 08 3B 2E BF 02 81 08
 (059.326763)  can0  123   [8]  F9 00 30 42 1B 43 EB FF
 (059.326795)  can0  124   [8]  F9 08 3B 55 B4 02 7A 08
 (059.336360)  can0  123   [8]  FA 00 30 42 19 CB C2 FF
 (059.336633)  can0  124   [8]  FA 08 3B 7C 93 02 74 08
 (059.346253)  can0  123   [8]  FB 00 30 42 18 53 98 FF
 (059.346500)  can0  124   [8]  FB 08 3B A3 8C 02 6E 08
 (059.356206)  can0  123   [8]  FC 00 31 42 16 DB 6E FF
 (059.356384)  can0  124   [8]  FC 08 3B CA 67 02 68 08
 (059.366092)  can0  123   [8]  FD 00 31 42 15 63 44 FF
 (059.366351)  can0  124   [8]  FD 08 3B F1 5E 02 62 08
 (059.376026)  can0  123   [8]  FE 00 31 42 13 EB 1A FF
 (059.376330)  can0  124   [8]  FE 08 3C 18 36 02 5C 08
 (059.386011)  can0  123   [8]  FF 00 31 42 12 34 3F FF
 (059.386315)  can0  124   [8]  FF 08 3C 3F 2C 02 55 08
 (059.395801)  can0  123   [8]  00 00 32 42 10 BC 15 FF
 (059.396052)  can0  124   [8]  00 08 3C 66 03 02 4F 08
 (059.405757)  can0  123   [8]  01 00 32 42 0F 05 39 FF
 (059.406034)  can0  124   [8]  01 08 3C 8C F1 02 48 08
 (059.415702)  can0  123   [8]  02 00 32 42 0D 8D 0F FF
 (059.415832)  can0  124   [8]  02 08 3C B3 C2 02 42 08
 (059.425529)  can0  123   [8]  03 00 33 42 0C 14 E6 FF
 (059.425761)  can0  124   [8]  03 08 3C DA B7 02 3C 08
 (059.435450)  can0  123   [8]  04 00 33 42 0A 9C BC FF
 (059.435653)  can0  124   [8]  04 08 3D 01 91 02 36 08
 (059.445392)  can0  123   [8]  05 00 33 42 08 E5 E1 FF
 (059.445512)  can0  124   [8]  05 08 3D 28 79 02 2F 08
 (059.455252)  can0  123   [8]  06 00 34 42 07 6D B7 FF
 (059.455706)  can0  124   [8]  06 08 3D 4F 56 02 29 08
 (059.465149)  can0  123   [8]  07 00 34 42 05 F5 8D FF
 (059.465404)  can0  124   [8]  07 08 3D 76 46 02 23 08
 (059.475269)  can0  123   [8]  08 00 35 42 04 7D 63 FF
 (059.475281)  can0  124   [8]  08 08 3D 9D 20 02 1D 08
 (059.485020)  can0  123   [8]  09 00 36 42 03 05 39 FF
 (059.485219)  can0  124   [8]  09 08 3D C4 10 02 17 08
 (059.494835)  can0  123   [8]  0A 00 36 42 01 8D 0F FF
 (059.495095)  can0  124   [8]  0A 08 3D EA F0 02 11 08
 (059.504740)  can0  123   [8]  0B 00 37 42 00 14 E6 FF
 (059.504981)  can0  124   [8]  0B 08 3E 0D FB 02 0B 08
 (059.514714)  can0  123   [8]  0C 00 37 41 FD 39 79 FF
 (059.514887)  can0  124   [8]  0C 08 3E 38 B3 02 05 08
 (059.524540)  can0  123   [8]  0D 00 38 41 FA 49 25 FF
 (059.524808)  can0  124   [8]  0D 08 3E 5F 9F 01 FF 08
 (059.534511)  can0  123   [8]  0E 00 39 41 F7 58 D1 FF
 (059.534705)  can0  124   [8]  0E 08 3E 86 74 01 F9 08
 (059.544408)  can0  123   [8]  0F 00 3B 41 F4 68 7D FF
 (059.544643)  can0  124   [8]  0F 08 3E AD 5F 01 F3 08
 (059.554367)  can0  123   [8]  10 00 3E 41 F1 78 2A FF
 (059.554621)  can0  124   [8]  10 08 3E D4 39 01 ED 08
 (059.564234)  can0  123   [8]  11 00 41 41 EF 05 39 FF
 (059.564448)  can0  124   [8]  11 08 3E FB 27 01 E8 08
 (059.574163)  can0  123   [8]  12 00 43 41 EC 14 E7 FF
 (059.574292)  can0  124   [8]  12 08 3F 21 FB 01 E2 08
 (059.584003)  can0  123   [8]  13 00 43 41 E9 24 93 FF
 (059.584211)  can0  124   [8]  13 08 3F 48 EE 01 DC 08
 (059.593897)  can0  123   [8]  14 00 43 41 E6 34 3F FF
 (059.594225)  can0  124   [8]  14 08 3F 6F C5 01 D6 08
 (059.603838)  can0  123   [8]  15 00 43 41 E3 43 EB FF
 (059.604053)  can0  124   [8]  15 08 3F 96 B2 01 D0 08
 (059.613781)  can0  123   [8]  16 00 43 41 E0 53 97 FF
 (059.614135)  can0  124   [8]  16 08 3F BD 90 01 CA 08
 (059.623605)  can0  123   [8]  17 00 43 41 DD 63 44 FF
 (059.623859)  can0  124   [8]  17 08 3F E4 7C 01 C4 08
 (059.633525)  can0  123   [8]  18 00 43 41 DA 72 F0 FF
 (059.633795)  can0  124   [8]  18 08 40 0B 57 01 BE 08
 (059.643519)  can0  123   [8]  19 00 43 41 D8 00 01 FF
 (059.643778)  can0  124   [8]  19 08 40 32 44 01 B9 08
 (059.653296)  can0  123   [8]  1A 00 42 41 D5 0F AD FF
 (059.653507)  can0  124   [8]  1A 08 40 59 14 01 B3 08
 (059.663352)  can0  123   [8]  1B 00 42 41 D2 1F 59 FF
 (059.663516)  can0  124   [8]  1B 08 40 80 05 01 AD 08
 (059.673141)  can0  123   [8]  1C 00 42 41 CF 2F 05 FF
 (059.673417)  can0  124   [8]  1C 08 40 A6 D6 01 A7 08
 (059.683113)  can0  123   [8]  1D 00 42 41 CC 3E B1 FF
 (059.683418)  can0  124   [8]  1D 08 40 CD C7 01 A1 08
 (059.693018)  can0  123   [8]  1E 00 42 41 C9 4E 5E FF
 (059.693222)  can0  124   [8]  1E 08 40 F4 9D 01 9B 08
 (059.702923)  can0  123   [8]  1F 00 42 41 C6 5E 0A FF
 (059.703133)  can0  124   [8]  1F 08 41 1B 94 01 95 08
 (059.712820)  can0  123   [8]  20 00 42 41 C3 EB 1B FF
 (059.713020)  can0  124   [8]  20 08 41 42 6C 01 90 08
 (059.722757)  can0  123   [8]  21 00 42 41 C0 FA C7 FF
 (059.722928)  can0  124   [8]  21 08 41 69 62 01 8A 08
 (059.732603)  can0  123   [8]  22 00 41 41 BE 0A 73 FF
 (059.732880)  can0  124   [8]  22 08 41 90 42 01 84 08
 (059.742469)  can0  123   [8]  23 00 41 41 BB 1A 1F FF
 (059.742778)  can0  124   [8]  23 08 41 B7 33 01 7E 08
 (059.752470)  can0  123   [8]  24 00 41 41 B8 A7 2E FF
 (059.752622)  can0  124   [8]  24 08 41 DE 0B 01 79 08
 (059.762331)  can0  123   [8]  25 00 41 41 B5 B6 DC FF
 (059.762499)  can0  124   [8]  25 08 42 04 F7 01 73 08
 (059.772241)  can0  123   [8]  26 00 41 41 B3 43 EB FF
 (059.772432)  can0  124   [8]  26 08 42 2B CD 01 6E 08
 (059.782132)  can0  123   [8]  27 00 41 41 B0 53 98 FF
 (059.782450)  can0  124   [8]  27 08 42 52 C6 01 68 08
 (059.792059)  can0  123   [8]  28 00 41 41 AD E0 A7 FF
 (059.792352)  can0  124   [8]  28 08 42 79 9D 01 63 08
 (059.801933)  can0  123   [8]  29 00 41 41 AB 6D B7 FF
 (059.802191)  can0  124   [8]  29 08 42 A0 8E 01 5E 08
 (059.811861)  can0  123   [8]  2A 00 41 41 A8 7D 63 FF
 (059.812106)  can0  124   [8]  2A 08 42 C7 66 01 58 08
 (059.821994)  can0  123   [8]  2B 00 41 41 A5 8D 0F FF
 (059.822035)  can0  124   [8]  2B 08 42 EE 4F 01 52 08
 (059.831703)  can0  123   [8]  2C 00 40 41 A3 1A 1F FF
 (059.831881)  can0  124   [8]  2C 08 43 15 26 01 4D 08
 (059.841596)  can0  123   [8]  2D 00 40 41 A0 29 CC FF
 (059.841785)  can0  124   [8]  2D 08 43 3C 15 01 47 08
 (059.851535)  can0  123   [8]  2E 00 40 41 9D 39 78 FF
 (059.851761)  can0  124   [8]  2E 08 43 62 E8 01 41 08
 (059.861535)  can0  123   [8]  2F 00 40 41 9A C6 88 FF
 (059.861643)  can0  124   [8]  2F 08 43 89 D4 01 3C 08
 (059.871250)  can0  123   [8]  30 00 40 41 97 D6 34 FF
 (059.871494)  can0  124   [8]  30 08 43 B0 A5 01 36 08
 (059.881455)  can0  123   [8]  31 00 40 41 95 63 44 FF
 (059.881479)  can0  124   [8]  31 08 43 D7 91 01 31 08
 (059.891104)  can0  123   [8]  32 00 40 41 92 F0 54 FF
 (059.891346)  can0  124   [8]  32 08 43 FE 68 01 2C 08
 (059.901070)  can0  123   [8]  33 00 40 41 90 00 00 FF
 (059.901254)  can0  124   [8]  33 08 44 25 59 01 26 08
 (059.910915)  can0  123   [8]  34 00 40 41 8D 0F AC FF
 (059.911104)  can0  124   [8]  34 08 44 4C 38 01 20 08
 (059.920843)  can0  123   [8]  35 00 40 41 8A 9C BC FF
 (059.920989)  can0  124   [8]  35 08 44 73 2B 01 1B 08
 (059.930826)  can0  123   [8]  36 00 40 41 87 AC 69 FF
 (059.931021)  can0  124   [8]  36 08 44 9A 05 01 15 08
 (059.940685)  can0  123   [8]  37 00 40 41 85 39 78 FF
 (059.940878)  can0  124   [8]  37 08 44 C0 F8 01 10 08
 (059.950578)  can0  123   [8]  38 00 40 41 82 49 25 FF
 (059.950782)  can0  124   [8]  38 08 44 EB B9 01 0A 08
 (059.960460)  can0  123   [8]  39 00 40 41 7F AC 68 FF
 (059.960717)  can0  124   [8]  39 08 45 0E C6 01 05 08
 (059.970553)  can0  123   [8]  3A 00 40 41 7A C6 88 FF
 (059.970597)  can0  124   [8]  3A 08 45 35 9F 01 00 08
 (059.980472)  can0  123   [8]  3B 00 40 41 74 E5 E0 FF
 (059.980495)  can0  124   [8]  3B 08 45 5C 98 00 FA 08
 (059.990460)  can0  123   [8]  3C 00 3F 41 70 00 00 FF
 (059.990481)  can0  124   [8]  3C 08 45 83 76 00 F5 08
 (060.000146)  can0  123   [8]  3D 00 3F 41 6B 1A 1F FF
 (060.000299)  can0  124   [8]  3D 08 45 AA 68 00 F0 08
 (060.010155)  can0  123   [8]  3E 00 3F 41 66 34 3F FF
 (060.010175)  can0  124   [8]  3E 08 45 D1 44 00 EB 08
 (060.019923)  can0  123   [8]  3F 00 3F 41 61 4E 5E FF
 (060.020163)  can0  124   [8]  3F 08 45 F8 3E 00 E6 08
 (060.029856)  can0  123   [8]  40 00 3E 41 5F 58 D1 FF
 (060.030028)  can0  124   [8]  40 08 46 1F 1D 00 E4 08
 (060.039972)  can0  123   [8]  41 00 3D 41 5F 58 D1 FF
 (060.040012)  can0  124   [8]  41 08 46 46 12 00 E4 08
 (060.049677)  can0  123   [8]  42 00 3D 41 5F 58 D1 FF
 (060.049824)  can0  124   [8]  42 08 46 6C ED 00 E4 08
 (060.059600)  can0  123   [8]  43 00 3D 41 5F 58 D1 FF
 (060.059758)  can0  124   [8]  43 08 46 93 DF 00 E4 08
 (060.069591)  can0  123   [8]  44 00 3D 41 5F 58 D1 FF
 (060.069619)  can0  124   [8]  44 08 46 BA B9 00 E4 08
 (060.079386)  can0  123   [8]  45 00 3E 41 60 53 97 FF
 (060.079551)  can0  124   [8]  45 08 46 E1 AD 00 E5 08
 (060.089328)  can0  123   [8]  46 00 3E 41 61 4E 5E FF
 (060.089446)  can0  124   [8]  46 08 47 08 82 00 E6 08
 (060.099382)  can0  123   [8]  47 00 3E 41 65 39 77 FF
 (060.099418)  can0  124   [8]  47 08 47 2F 6F 00 EA 08
 (060.109079)  can0  123   [8]  48 00 3E 41 68 29 CB FF
 (060.109307)  can0  124   [8]  48 08 47 56 49 00 ED 08
 (060.119024)  can0  123   [8]  49 00 3E 41 6B 1A 1F FF
 (060.119183)  can0  124   [8]  49 08 47 7D 43 00 F0 08
 (060.129050)  can0  123   [8]  4A 00 3E 41 6F 05 39 FF
 (060.129092)  can0  124   [8]  4A 08 47 A4 1C 00 F4 08
 (060.138753)  can0  123   [8]  4B 00 3E 41 73 EB 1A FF
 (060.139047)  can0  124   [8]  4B 08 47 CB 09 00 F9 08
 (060.148767)  can0  123   [8]  4C 00 3E 41 77 D6 34 FF
 (060.148908)  can0  124   [8]  4C 08 47 F1 DA 00 FD 08
 (060.158628)  can0  123   [8]  4D 00 3E 41 7B C1 4E FF
 (060.158852)  can0  124   [8]  4D 08 48 18 CD 01 01 08
 (060.168544)  can0  123   [8]  4E 00 3E 41 7F AC 68 FF
 (060.168749)  can0  124   [8]  4E 08 48 3F A8 01 05 08
 (060.178439)  can0  123   [8]  4F 00 3E 41 82 49 25 FF
 (060.178692)  can0  124   [8]  4F 08 48 66 9D 01 0A 08
 (060.188413)  can0  123   [8]  50 00 3E 41 84 3E B2 FF
 (060.188538)  can0  124   [8]  50 08 48 8D 7F 01 0E 08
 (060.198401)  can0  123   [8]  51 00 3E 41 86 34 3F FF
 (060.198444)  can0  124   [8]  51 08 48 B4 6F 01 12 08
 (060.208124)  can0  123   [8]  52 00 3E 41 88 29 CC FF
 (060.208996)  can0  124   [8]  52 08 48 DB 4A 01 16 08
 (060.218298)  can0  123   [8]  53 00 3E 41 8A 9C BC FF
 (060.218334)  can0  124   [8]  53 08 49 02 3E 01 1B 08
 (060.228118)  can0  123   [8]  54 00 3E 41 8C 92 49 FF
 (060.228168)  can0  124   [8]  54 08 49 29 15 01 1F 08
 (060.237932)  can0  123   [8]  55 00 3E 41 8F 05 39 FF
 (060.238043)  can0  124   [8]  55 08 49 50 08 01 24 08
 (060.247798)  can0  123   [8]  56 00 3E 41 90 FA C6 FF
 (060.247922)  can0  124   [8]  56 08 49 76 DF 01 28 08
 (060.257664)  can0  123   [8]  57 00 3E 41 92 F0 54 FF
 (060.257883)  can0  124   [8]  57 08 49 9D CA 01 2C 08
 (060.267737)  can0  123   [8]  58 00 3E 41 95 63 44 FF
 (060.267759)  can0  124   [8]  58 08 49 C4 9E 01 31 08
 (060.277692)  can0  123   [8]  59 00 3E 41 97 D6 34 FF
 (060.277711)  can0  124   [8]  59 08 49 EB 91 01 36 08
 (060.287605)  can0  123   [8]  5A 00 3E 41 99 CB C2 FF
 (060.287617)  can0  124   [8]  5A 08 4A 12 68 01 3A 08
 (060.297230)  can0  123   [8]  5B 00 3F 41 9C 3E B2 FF
 (060.297484)  can0  124   [8]  5B 08 4A 39 5A 01 3F 08
 (060.307100)  can0  123   [8]  5C 00 3F 41 9E B1 A2 FF
 (060.307320)  can0  124   [8]  5C 08 4A 60 2F 01 44 08
 (060.317031)  can0  123   [8]  5D 00 3F 41 A1 24 92 FF
 (060.317217)  can0  124   [8]  5D 08 4A 87 1E 01 49 08
 (060.326972)  can0  123   [8]  5E 00 3F 41 A3 97 82 FF
 (060.327320)  can0  124   [8]  5E 08 4A AD F0 01 4E 08
 (060.336880)  can0  123   [8]  5F 00 3F 41 A6 0A 73 FF
 (060.337059)  can0  124   [8]  5F 08 4A D4 DD 01 53 08
 (060.346855)  can0  123   [8]  60 00 3F 41 A8 7D 63 FF
 (060.346956)  can0  124   [8]  60 08 4A FB AA 01 58 08
 (060.356715)  can0  123   [8]  61 00 3F 41 AA F0 54 FF
 (060.356882)  can0  124   [8]  61 08 4B 22 9F 01 5D 08
 (060.366608)  can0  123   [8]  62 00 3F 41 AD 63 44 FF
 (060.366847)  can0  124   [8]  62 08 4B 49 76 01 62 08
 (060.376595)  can0  123   [8]  63 00 3F 41 AF D6 35 FF
 (060.376960)  can0  124   [8]  63 08 4B 70 64 01 67 08
 (060.386435)  can0  123   [8]  64 00 3F 41 B2 49 25 FF
 (060.386600)  can0  124   [8]  64 08 4B 97 3E 01 6C 08
 (060.396307)  can0  123   [8]  65 00 3F 41 B5 39 78 FF
 (060.396517)  can0  124   [8]  65 08 4B BE 2D 01 72 08
 (060.406201)  can0  123   [8]  66 00 40 41 B7 AC 68 FF
 (060.406428)  can0  124   [8]  66 08 4B E5 01 01 77 08
 (060.416202)  can0  123   [8]  67 00 40 41 BA 9C BC FF
 (060.416360)  can0  124   [8]  67 08 4C 0B F1 01 7D 08
 (060.426093)  can0  123   [8]  68 00 40 41 BD 0F AD FF
 (060.426327)  can0  124   [8]  68 08 4C 32 C7 01 82 08
 (060.436529)  can0  123   [8]  69 00 40 41 C0 00 01 FF
 (060.436540)  can0  124   [8]  69 08 4C 59 AE 01 88 08
 (060.445882)  can0  123   [8]  6A 00 40 41 C2 72 F0 FF
 (060.446252)  can0  124   [8]  6A 08 4C 80 86 01 8D 08
 (060.455807)  can0  123   [8]  6B 00 40 41 C5 63 44 FF
 (060.455947)  can0  124   [8]  6B 08 4C A7 73 01 93 08
 (060.465693)  can0  123   [8]  6C 00 40 41 C8 53 98 FF
 (060.465856)  can0  124   [8]  6C 08 4C CE 5A 01 99 08
 (060.475828)  can0  123   [8]  6D 00 40 41 CA C6 88 FF
 (060.475852)  can0  124   [8]  6D 08 4C F5 4D 01 9E 08
 (060.485610)  can0  123   [8]  6E 00 41 41 CD B6 DC FF
 (060.485829)  can0  124   [8]  6E 08 4D 1C 28 01 A4 08
 (060.495605)  can0  123   [8]  6F 00 41 41 D0 A7 2E FF
 (060.495618)  can0  124   [8]  6F 08 4D 43 20 01 AA 08
 (060.505565)  can0  123   [8]  70 00 41 41 D3 97 82 FF
 (060.505585)  can0  124   [8]  70 08 4D 69 FD 01 B0 08
 (060.515360)  can0  123   [8]  71 00 41 41 D6 87 D6 FF
 (060.515587)  can0  124   [8]  71 08 4D 90 F3 01 B6 08
 (060.525403)  can0  123   [8]  72 00 41 41 D8 FA C7 FF
 (060.525439)  can0  124   [8]  72 08 4D B7 CC 01 BB 08
 (060.535040)  can0  123   [8]  73 00 41 41 DB EB 1A FF
 (060.535224)  can0  124   [8]  73 08 4D DE BA 01 C1 08
 (060.544921)  can0  123   [8]  74 00 41 41 DE DB 6E FF
 (060.545091)  can0  124   [8]  74 08 4E 05 93 01 C7 08
 (060.554805)  can0  123   [8]  75 00 42 41 E2 49 25 FF
 (060.555048)  can0  124   [8]  75 08 4E 2C 84 01 CE 08
 (060.564766)  can0  123   [8]  76 00 42 41 E4 BC 14 FF
 (060.564915)  can0  124   [8]  76 08 4E 53 5F 01 D3 08
 (060.574666)  can0  123   [8]  77 00 42 41 E8 29 CB FF
 (060.574885)  can0  124   [8]  77 08 4E 7A 53 01 DA 08
 (060.584637)  can0  123   [8]  78 00 42 41 EB 1A 1F FF
 (060.584802)  can0  124   [8]  78 08 4E A1 26 01 E0 08
 (060.594485)  can0  123   [8]  79 00 42 41 EE 0A 73 FF
 (060.594670)  can0  124   [8]  79 08 4E C8 18 01 E6 08
 (060.604302)  can0  123   [8]  7A 00 42 41 F0 FA C7 FF
 (060.604549)  can0  124   [8]  7A 08 4E EE F1 01 EC 08
 (060.614228)  can0  123   [8]  7B 00 40 41 F4 68 7D FF
 (060.614444)  can0  124   [8]  7B 08 4F 15 E3 01 F3 08
 (060.624315)  can0  123   [8]  7C 00 3D 41 F7 58 D1 FF
 (060.624371)  can0  124   [8]  7C 08 4F 3C B7 01 F9 08
 (060.634108)  can0  123   [8]  7D 00 39 41 FA C6 88 FF
 (060.634215)  can0  124   [8]  7D 08 4F 63 A8 02 00 08
 (060.643955)  can0  123   [8]  7E 00 37 41 FD B6 DC FF
 (060.644101)  can0  124   [8]  7E 08 4F 8A 7D 02 06 08
 (060.653810)  can0  123   [8]  7F 00 37 42 00 92 49 FF
 (060.653995)  can0  124   [8]  7F 08 4F B1 6F 02 0D 08
 (060.663705)  can0  123   [8]  80 00 36 42 02 49 25 FF
 (060.664012)  can0  124   [8]  80 08 4F D8 4A 02 14 08
 (060.673788)  can0  123   [8]  81 00 35 42 03 C1 4F FF
 (060.673932)  can0  124   [8]  81 08 4F FF 40 02 1A 08
 (060.683607)  can0  123   [8]  82 00 35 42 05 78 2A FF
 (060.683778)  can0  124   [8]  82 08 50 26 1D 02 21 08
 (060.693456)  can0  123   [8]  83 00 34 42 07 2F 06 FF
 (060.693633)  can0  124   [8]  83 08 50 4D 0D 02 28 08
 (060.703336)  can0  123   [8]  84 00 33 42 08 E5 E1 FF
 (060.703581)  can0  124   [8]  84 08 50 73 E8 02 2F 08
 (060.713345)  can0  123   [8]  85 00 33 42 0A 9C BC FF
 (060.713476)  can0  124   [8]  85 08 50 9A DE 02 36 08
 (060.723136)  can0  123   [8]  86 00 32 42 0C 53 98 FF
 (060.723368)  can0  124   [8]  86 08 50 C1 B3 02 3D 08
 (060.733080)  can0  123   [8]  87 00 32 42 0E 0A 73 FF
 (060.733246)  can0  124   [8]  87 08 50 E8 AE 02 44 08
 (060.742965)  can0  123   [8]  88 00 32 42 0F C1 4F FF
 (060.743324)  can0  124   [8]  88 08 51 0F 8A 02 4B 08
 (060.753302)  can0  123   [8]  89 00 31 42 11 78 2A FF
 (060.753316)  can0  124   [8]  89 08 51 36 80 02 52 08
 (060.763405)  can0  123   [8]  8A 00 31 42 13 2F 05 FF
 (060.763410)  can0  124   [8]  8A 08 51 5D 58 02 59 08
 (060.773249)  can0  123   [8]  8B 00 31 42 14 E5 E1 FF
 (060.773269)  can0  124   [8]  8B 08 51 84 4C 02 60 08
 (060.783332)  can0  123   [8]  8C 00 30 42 16 DB 6E FF
 (060.783357)  can0  124   [8]  8C 08 51 AB 28 02 68 08
 (060.792636)  can0  123   [8]  8D 00 30 42 18 92 49 FF
 (060.793478)  can0  124   [8]  8D 08 51 D2 1D 02 6F 08
 (060.802888)  can0  123   [8]  8E 00 30 42 1A 49 25 FF
 (060.802914)  can0  124   [8]  8E 08 51 F8 F5 02 76 08
 (060.812796)  can0  123   [8]  8F 00 2F 42 1C 00 00 FF
 (060.812808)  can0  124   [8]  8F 08 52 1F E4 02 7D 08
 (060.822741)  can0  123   [8]  90 00 2F 42 1D F5 8D FF
 (060.822772)  can0  124   [8]  90 08 52 46 C4 02 85 08
 (060.832190)  can0  123   [8]  91 00 2F 42 1F AC 68 FF
 (060.832383)  can0  124   [8]  91 08 52 6D B8 02 8C 08
 (060.842763)  can0  123   [8]  92 00 2E 42 21 A1 F5 FF
 (060.842779)  can0  124   [8]  92 08 52 94 90 02 94 08
 (060.852158)  can0  123   [8]  93 00 2E 42 23 58 D1 FF
 (060.852173)  can0  124   [8]  93 08 52 BB 8A 02 9B 08
 (060.862061)  can0  123   [8]  94 00 2E 42 25 4E 5E FF
 (060.862080)  can0  124   [8]  94 08 52 E2 68 02 A3 08
 (060.871816)  can0  123   [8]  95 00 2D 42 27 43 EB FF
 (060.872041)  can0  124   [8]  95 08 53 09 60 02 AB 08
 (060.881747)  can0  123   [8]  96 00 2D 42 28 FA C7 FF
 (060.882477)  can0  124   [8]  96 08 53 30 3E 02 B2 08
 (060.891769)  can0  123   [8]  97 00 2D 42 2A F0 54 FF
 (060.891776)  can0  124   [8]  97 08 53 57 37 02 BA 08
 (060.901528)  can0  123   [8]  98 00 2D 42 2C E5 E1 FF
 (060.901691)  can0  124   [8]  98 08 53 7E 17 02 C2 08
 (060.911822)  can0  123   [8]  99 00 2C 42 2E DB 6E FF
 (060.911922)  can0  124   [8]  99 08 53 A5 0F 02 CA 08
 (060.921436)  can0  123   [8]  9A 00 2C 42 30 D0 FB FF
 (060.921550)  can0  124   [8]  9A 08 53 CB EC 02 D2 08
 (060.931277)  can0  123   [8]  9B 00 2C 42 32 C6 88 FF
 (060.931495)  can0  124   [8]  9B 08 53 F2 DF 02 DA 08
 (060.941205)  can0  123   [8]  9C 00 2C 42 34 BC 15 FF
 (060.941396)  can0  124   [8]  9C 08 54 19 C0 02 E2 08
 (060.951057)  can0  123   [8]  9D 00 2C 42 36 B1 A2 FF
 (060.951240)  can0  124   [8]  9D 08 54 40 B9 02 EA 08
 (060.960983)  can0  123   [8]  9E 00 2C 42 38 A7 2E FF
 (060.961180)  can0  124   [8]  9E 08 54 67 94 02 F2 08
 (060.970966)  can0  123   [8]  9F 00 2B 42 3A 9C BC FF
 (060.973053)  can0  124   [8]  9F 08 54 8E 8D 02 FA 08
 (060.981469)  can0  123   [8]  A0 00 2B 42 3C 92 4A FF
 (060.981485)  can0  124   [8]  A0 08 54 B5 6D 03 02 08
 (060.991525)  can0  123   [8]  A1 00 2B 42 3E 87 D6 FF
 (060.991540)  can0  124   [8]  A1 08 54 DC 67 03 0A 08
 (061.000917)  can0  123   [8]  A2 00 2B 42 40 7D 64 FF
 (061.000936)  can0  124   [8]  A2 08 55 03 47 03 12 08
 (061.011182)  can0  123   [8]  A3 00 2B 42 42 B1 A2 FF
 (061.011198)  can0  124   [8]  A3 08 55 2A 3E 03 1B 08
 (061.021398)  can0  123   [8]  A4 00 2B 42 44 A7 2F FF
 (061.021414)  can0  124   [8]  A4 08 55 51 22 03 23 08
 (061.030343)  can0  123   [8]  A5 00 2B 42 46 DB 6E FF
 (061.030562)  can0  124   [8]  A5 08 55 78 19 03 2C 08
 (061.041653)  can0  123   [8]  A6 00 2A 42 48 D0 FB FF
 (061.041688)  can0  124   [8]  A6 08 55 9E F4 03 34 08
 (061.050040)  can0  123   [8]  A7 00 2A 42 4A C6 88 FF
 (061.050268)  can0  124   [8]  A7 08 55 C5 E7 03 3C 08
 (061.060021)  can0  123   [8]  A8 00 2A 42 4C FA C6 FF
 (061.061234)  can0  124   [8]  A8 08 55 EC C2 03 45 08
 (061.070129)  can0  123   [8]  A9 00 2A 42 4F 2F 05 FF
 (061.070155)  can0  124   [8]  A9 08 56 13 BA 03 4E 08
 (061.079835)  can0  123   [8]  AA 00 2A 42 51 24 93 FF
 (061.080931)  can0  124   [8]  AA 08 56 3A 98 03 56 08
 (061.090202)  can0  123   [8]  AB 00 2A 42 53 58 D1 FF
 (061.090232)  can0  124   [8]  AB 08 56 61 8E 03 5F 08
 (061.099621)  can0  123   [8]  AC 00 2A 42 55 8D 10 FF
 (061.099827)  can0  124   [8]  AC 08 56 88 6B 03 68 08
 (061.109614)  can0  123   [8]  AD 00 2A 42 57 C1 4F FF
 (061.109705)  can0  124   [8]  AD 08 56 AF 62 03 71 08
 (061.119356)  can0  123   [8]  AE 00 2A 42 59 F5 8D FF
 (061.119545)  can0  124   [8]  AE 08 56 D6 37 03 7A 08
 (061.129557)  can0  123   [8]  AF 00 2A 42 5B EB 1A FF
 (061.129572)  can0  124   [8]  AF 08 56 FD 2B 03 82 08
 (061.139224)  can0  123   [8]  B0 00 2A 42 5E 5E 0A FF
 (061.139526)  can0  124   [8]  B0 08 57 24 03 03 8C 08
 (061.149290)  can0  123   [8]  B1 00 29 42 60 53 97 FF
 (061.149307)  can0  124   [8]  B1 08 57 4A F8 03 94 08
 (061.159001)  can0  123   [8]  B2 00 29 42 62 C6 88 FF
 (061.159309)  can0  124   [8]  B2 08 57 71 CD 03 9E 08
 (061.168969)  can0  123   [8]  B3 00 29 42 64 FA C6 FF
 (061.169402)  can0  124   [8]  B3 08 57 98 BC 03 A7 08
 (061.178865)  can0  123   [8]  B4 00 29 42 67 2F 05 FF
 (061.179038)  can0  124   [8]  B4 08 57 BF 95 03 B0 08
 (061.188841)  can0  123   [8]  B5 00 29 42 69 63 44 FF
 (061.188962)  can0  124   [8]  B5 08 57 E6 84 03 B9 08
 (061.198668)  can0  123   [8]  B6 00 29 42 6B 97 82 FF
 (061.198835)  can0  124   [8]  B6 08 58 0D 55 03 C2 08
 (061.208610)  can0  123   [8]  B7 00 29 42 6D CB C1 FF
 (061.208796)  can0  124   [8]  B7 08 58 34 47 03 CB 08
 (061.218455)  can0  123   [8]  B8 00 28 42 70 3E B2 FF
 (061.218783)  can0  124   [8]  B8 08 58 5B 20 03 D5 08
 (061.228451)  can0  123   [8]  B9 00 28 42 72 72 F0 FF
 (061.228630)  can0  124   [8]  B9 08 58 82 13 03 DE 08
 (061.238384)  can0  123   [8]  BA 00 28 42 74 E5 E0 FF
 (061.238821)  can0  124   [8]  BA 08 58 A8 E7 03 E8 08
 (061.248308)  can0  123   [8]  BB 00 28 42 77 1A 20 FF
 (061.248486)  can0  124   [8]  BB 08 58 CF D9 03 F1 08
 (061.258197)  can0  123   [8]  BC 00 28 42 79 8D 0F FF
 (061.258357)  can0  124   [8]  BC 08 58 F6 B6 03 FB 08
 (061.268064)  can0  123   [8]  BD 00 28 42 7B C1 4E FF
 (061.268278)  can0  124   [8]  BD 08 59 1D A8 04 04 08
 (061.277949)  can0  123   [8]  BE 00 28 42 7E 34 3F FF
 (061.278187)  can0  124   [8]  BE 08 59 44 7F 04 0E 08
 (061.287880)  can0  123   [8]  BF 00 28 42 80 53 98 FF
 (061.288095)  can0  124   [8]  BF 08 59 6B 75 04 18 08
 (061.297824)  can0  123   [8]  C0 00 28 42 81 6D B7 FF
 (061.298041)  can0  124   [8]  C0 08 59 92 51 04 21 08
 (061.309177)  can0  123   [8]  C1 00 28 42 82 A7 2F FF
 (061.309234)  can0  124   [8]  C1 08 59 B9 47 04 2B 08
 (061.317657)  can0  123   [8]  C2 00 28 42 83 E0 A7 FF
 (061.317783)  can0  124   [8]  C2 08 59 E0 27 04 35 08
 (061.327499)  can0  123   [8]  C3 00 28 42 85 1A 1F FF
 (061.327686)  can0  124   [8]  C3 08 5A 07 1B 04 3F 08
 (061.337502)  can0  123   [8]  C4 00 28 42 86 34 3F FF
 (061.337641)  can0  124   [8]  C4 08 5A 2D F4 04 48 08
 (061.347322)  can0  123   [8]  C5 00 28 42 87 6D B7 FF
 (061.347543)  can0  124   [8]  C5 08 5A 54 E9 04 52 08
 (061.357247)  can0  123   [8]  C6 00 28 42 88 A7 2F FF
 (061.357618)  can0  124   [8]  C6 08 5A 7B C4 04 5C 08
 (061.367177)  can0  123   [8]  C7 00 27 42 89 E0 A7 FF
 (061.367479)  can0  124   [8]  C7 08 5A A2 BC 04 66 08
 (061.377065)  can0  123   [8]  C8 00 27 42 8B 1A 1F FF
 (061.377220)  can0  124   [8]  C8 08 5A C9 93 04 70 08
 (061.386909)  can0  123   [8]  C9 00 27 42 8C 53 98 FF
 (061.387145)  can0  124   [8]  C9 08 5A F0 88 04 7A 08
 (061.396858)  can0  123   [8]  CA 00 27 42 8D 6D B7 FF
 (061.397249)  can0  124   [8]  CA 08 5B 17 62 04 83 08
 (061.406786)  can0  123   [8]  CB 00 27 42 8E A7 2F FF
 (061.406956)  can0  124   [8]  CB 08 5B 3E 5A 04 8D 08
 (061.416636)  can0  123   [8]  CC 00 27 42 8F E0 A7 FF
 (061.416835)  can0  124   [8]  CC 08 5B 65 37 04 97 08
 (061.426518)  can0  123   [8]  CD 00 27 42 91 1A 1F FF
 (061.426737)  can0  124   [8]  CD 08 5B 8C 29 04 A1 08
 (061.436374)  can0  123   [8]  CE 00 27 42 92 53 97 FF
 (061.436648)  can0  124   [8]  CE 08 5B B3 02 04 AB 08
 (061.446344)  can0  123   [8]  CF 00 27 42 93 6D B7 FF
 (061.446534)  can0  124   [8]  CF 08 5B D9 F8 04 B4 08
 (061.456257)  can0  123   [8]  D0 00 27 42 94 A7 2F FF
 (061.456519)  can0  124   [8]  D0 08 5C 00 D4 04 BE 08
 (061.466131)  can0  123   [8]  D1 00 27 42 95 E0 A7 FF
 (061.466352)  can0  124   [8]  D1 08 5C 27 C8 04 C8 08
 (061.476024)  can0  123   [8]  D2 00 27 42 97 1A 1F FF
 (061.476336)  can0  124   [8]  D2 08 5C 4E 9E 04 D2 08
 (061.485905)  can0  123   [8]  D3 00 27 42 98 53 98 FF
 (061.486217)  can0  124   [8]  D3 08 5C 75 92 04 DC 08
 (061.495904)  can0  123   [8]  D4 00 27 42 99 6D B7 FF
 (061.496029)  can0  124   [8]  D4 08 5C 9C 6E 04 E5 08
 (061.505827)  can0  123   [8]  D5 00 27 42 9A A7 2F FF
 (061.505965)  can0  124   [8]  D5 08 5C C3 67 04 EF 08
 (061.515608)  can0  123   [8]  D6 00 27 42 9B E0 A7 FF
 (061.515849)  can0  124   [8]  D6 08 5C EA 3D 04 F9 08
 (061.525543)  can0  123   [8]  D7 00 27 42 9D 1A 20 FF
 (061.525782)  can0  124   [8]  D7 08 5D 11 35 05 03 08
 (061.535486)  can0  123   [8]  D8 00 27 42 9E 34 3F FF
 (061.535687)  can0  124   [8]  D8 08 5D 38 12 05 0C 08
 (061.545439)  can0  123   [8]  D9 00 27 42 9F 6D B7 FF
 (061.545617)  can0  124   [8]  D9 08 5D 5F 0A 05 16 08
 (061.555248)  can0  123   [8]  DA 00 26 42 A0 A7 2F FF
 (061.555446)  can0  124   [8]  DA 08 5D 85 E6 05 20 08
 (061.565189)  can0  123   [8]  DB 00 26 42 A1 E0 A7 FF
 (061.565424)  can0  124   [8]  DB 08 5D AC DC 05 2A 08
 (061.575086)  can0  123   [8]  DC 00 26 42 A2 FA C7 FF
 (061.575294)  can0  124   [8]  DC 08 5D D3 B7 05 33 08
 (061.584985)  can0  123   [8]  DD 00 26 42 A4 34 3F FF
 (061.585272)  can0  124   [8]  DD 08 5D FA AB 05 3D 08
 (061.594861)  can0  123   [8]  DE 00 26 42 A5 6D B7 FF
 (061.595086)  can0  124   [8]  DE 08 5E 21 84 05 47 08
 (061.604763)  can0  123   [8]  DF 00 26 42 A6 A7 2F FF
 (061.604969)  can0  124   [8]  DF 08 5E 48 7F 05 51 08
 (061.614770)  can0  123   [8]  E0 00 26 42 A7 C1 4F FF
 (061.614901)  can0  124   [8]  E0 08 5E 6F 5D 05 5A 08
 (061.624573)  can0  123   [8]  E1 00 26 42 A8 FA C7 FF
 (061.624813)  can0  124   [8]  E1 08 5E 96 50 05 64 08
 (061.634528)  can0  123   [8]  E2 00 26 42 AA 34 3F FF
 (061.634809)  can0  124   [8]  E2 08 5E BD 33 05 6E 08
 (061.644462)  can0  123   [8]  E3 00 26 42 AB 6D B7 FF
 (061.644682)  can0  124   [8]  E3 08 5E E4 26 05 78 08
 (061.654341)  can0  123   [8]  E4 00 26 42 AC A7 2F FF
 (061.654536)  can0  124   [8]  E4 08 5F 0A FF 05 82 08
 (061.664363)  can0  123   [8]  E5 00 26 42 AD C1 4E FF
 (061.664455)  can0  124   [8]  E5 08 5F 31 F5 05 8B 08
 (061.674190)  can0  123   [8]  E6 00 26 42 AE FA C6 FF
 (061.674385)  can0  124   [8]  E6 08 5F 58 D3 05 95 08
 (061.684134)  can0  123   [8]  E7 00 26 42 B0 34 3F FF
 (061.684419)  can0  124   [8]  E7 08 5F 7F CF 05 9F 08
 (061.694043)  can0  123   [8]  E8 00 26 42 B1 6D B7 FF
 (061.694251)  can0  124   [8]  E8 08 5F A6 AA 05 A9 08
 (061.703981)  can0  123   [8]  E9 00 26 42 B2 87 D6 FF
 (061.704207)  can0  124   [8]  E9 08 5F CD A1 05 B2 08
 (061.713860)  can0  123   [8]  EA 00 26 42 B3 C1 4E FF
 (061.714048)  can0  124   [8]  EA 08 5F F4 81 05 BC 08
 (061.723850)  can0  123   [8]  EB 00 26 42 B4 FA C6 FF
 (061.724018)  can0  124   [8]  EB 08 60 1B 78 05 C6 08
 (061.733644)  can0  123   [8]  EC 00 26 42 B6 34 3F FF
 (061.733827)  can0  124   [8]  EC 08 60 42 54 05 D0 08
 (061.743545)  can0  123   [8]  ED 00 26 42 B7 4E 5D FF
 (061.743932)  can0  124   [8]  ED 08 60 69 4C 05 D9 08
 (061.753509)  can0  123   [8]  EE 00 26 42 B8 87 D6 FF
 (061.753651)  can0  124   [8]  EE 08 60 90 25 05 E3 08
 (061.763392)  can0  123   [8]  EF 00 26 42 B9 C1 4E FF
 (061.763602)  can0  124   [8]  EF 08 60 B7 1F 05 ED 08
 (061.773281)  can0  123   [8]  F0 00 26 42 BA DB 6E FF
 (061.773610)  can0  124   [8]  F0 08 60 DD FD 05 F6 08
 (061.783380)  can0  123   [8]  F1 00 26 42 BC 14 E5 FF
 (061.783631)  can0  124   [8]  F1 08 61 04 F6 06 00 08
 (061.793389)  can0  123   [8]  F2 00 26 42 BD 4E 5E FF
 (061.793420)  can0  124   [8]  F2 08 61 2B C7 06 0A 08
 (061.803034)  can0  123   [8]  F3 00 27 42 BE 87 D6 FF
 (061.803252)  can0  124   [8]  F3 08 61 52 BF 06 14 08
 (061.812980)  can0  123   [8]  F4 00 27 42 BF A1 F6 FF
 (061.813261)  can0  124   [8]  F4 08 61 79 99 06 1D 08
 (061.822917)  can0  123   [8]  F5 00 27 42 C0 DB 6D FF
 (061.823045)  can0  124   [8]  F5 08 61 A0 8B 06 27 08
 (061.832795)  can0  123   [8]  F6 00 27 42 C2 14 E6 FF
 (061.832988)  can0  124   [8]  F6 08 61 C7 67 06 31 08
 (061.842662)  can0  123   [8]  F7 00 27 42 C3 2F 05 FF
 (061.842889)  can0  124   [8]  F7 08 61 EE 59 06 3A 08
 (061.852702)  can0  123   [8]  F8 00 28 42 C4 68 7E FF
 (061.852716)  can0  124   [8]  F8 08 62 15 3B 06 44 08
 (061.862497)  can0  123   [8]  F9 00 29 42 C5 A1 F5 FF
 (061.862624)  can0  124   [8]  F9 08 62 3C 30 06 4E 08
 (061.872389)  can0  123   [8]  FA 00 29 42 C6 BC 15 FF
 (061.872533)  can0  124   [8]  FA 08 62 63 0A 06 57 08
 (061.882344)  can0  123   [8]  FB 00 29 42 C7 F5 8D FF
 (061.882564)  can0  124   [8]  FB 08 62 8A 04 06 61 08
 (061.892541)  can0  123   [8]  FC 00 29 42 C9 2F 06 FF
 (061.892561)  can0  124   [8]  FC 08 62 B0 DC 06 6B 08
 (061.902168)  can0  123   [8]  FD 00 29 42 CA 49 25 FF
 (061.902371)  can0  124   [8]  FD 08 62 D7 D0 06 74 08
 (061.912069)  can0  123   [8]  FE 00 29 42 CB 82 9D FF
 (061.912295)  can0  124   [8]  FE 08 62 FE AA 06 7E 08
 (061.922008)  can0  123   [8]  FF 00 29 42 CC BC 14 FF
 (061.922227)  can0  124   [8]  FF 08 63 25 A1 06 88 08
 (061.931931)  can0  123   [8]  00 00 2A 42 CD D6 34 FF
 (061.932099)  can0  124   [8]  00 08 63 4C 80 06 91 08
 (061.942006)  can0  123   [8]  01 00 2B 42 CF 0F AC FF
 (061.942027)  can0  124   [8]  01 08 63 73 77 06 9B 08
 (061.951563)  can0  123   [8]  02 00 2C 42 D0 49 25 FF
 (061.951745)  can0  124   [8]  02 08 63 9A 56 06 A5 08
 (061.961463)  can0  123   [8]  03 00 2C 42 D1 63 44 FF
 (061.961714)  can0  124   [8]  03 08 63 C1 4E 06 AE 08
 (061.971464)  can0  123   [8]  04 00 2C 42 D2 9C BC FF
 (061.971593)  can0  124   [8]  04 08 63 E8 2D 06 B8 08
 (061.981400)  can0  123   [8]  05 00 2C 42 D3 D6 34 FF
 (061.981532)  can0  124   [8]  05 08 64 0F 25 06 C2 08
 (061.991282)  can0  123   [8]  06 00 2C 42 D4 F0 53 FF
 (061.991609)  can0  124   [8]  06 08 64 35 FD 06 CB 08
 (062.001232)  can0  123   [8]  07 00 2C 42 D6 29 CC FF
 (062.001430)  can0  124   [8]  07 08 64 5C F6 06 D5 08
 (062.011083)  can0  123   [8]  08 00 2C 42 D7 43 EB FF
 (062.011224)  can0  124   [8]  08 08 64 83 D2 06 DE 08
 (062.021037)  can0  123   [8]  09 00 2C 42 D8 7D 64 FF
 (062.021380)  can0  124   [8]  09 08 64 AA CC 06 E8 08
 (062.030968)  can0  123   [8]  0A 00 2C 42 D9 97 83 FF
 (062.031136)  can0  124   [8]  0A 08 64 D1 A8 06 F1 08
 (062.041028)  can0  123   [8]  0B 00 2C 42 DA D0 FB FF
 (062.041073)  can0  124   [8]  0B 08 64 F8 9B 06 FB 08
 (062.050711)  can0  123   [8]  0C 00 2C 42 DB EB 1A FF
 (062.050942)  can0  124   [8]  0C 08 65 1F 75 07 04 08
 (062.060637)  can0  123   [8]  0D 00 2C 42 DD 24 92 FF
 (062.060859)  can0  124   [8]  0D 08 65 46 6B 07 0E 08
 (062.070459)  can0  123   [8]  0E 00 2C 42 DE 3E B2 FF
 (062.070627)  can0  124   [8]  0E 08 65 6D 46 07 17 08
 (062.080377)  can0  123   [8]  0F 00 2C 42 DF 78 29 FF
 (062.080533)  can0  124   [8]  0F 08 65 94 3D 07 21 08
 (062.090287)  can0  123   [8]  10 00 2C 42 E0 92 49 FF
 (062.090410)  can0  124   [8]  10 08 65 BB 1D 07 2A 08
 (062.100299)  can0  123   [8]  11 00 2C 42 E1 CB C1 FF
 (062.100352)  can0  124   [8]  11 08 65 E2 15 07 34 08
 (062.110272)  can0  123   [8]  12 00 2C 42 E3 05 3A FF
 (062.110282)  can0  124   [8]  12 08 66 08 F8 07 3E 08
 (062.120073)  can0  123   [8]  13 00 2C 42 E4 1F 59 FF
 (062.120216)  can0  124   [8]  13 08 66 2F EA 07 47 08
 (062.129823)  can0  123   [8]  14 00 2C 42 E5 39 77 FF
 (062.130017)  can0  124   [8]  14 08 66 56 C5 07 50 08
 (062.139770)  can0  123   [8]  15 00 2C 42 E6 72 F1 FF
 (062.139981)  can0  124   [8]  15 08 66 7D B9 07 5A 08
 (062.149610)  can0  123   [8]  16 00 2D 42 E7 8D 10 FF
 (062.149853)  can0  124   [8]  16 08 66 A4 94 07 63 08
 (062.159568)  can0  123   [8]  17 00 2D 42 E8 C6 88 FF
 (062.159782)  can0  124   [8]  17 08 66 CB 83 07 6D 08
 (062.169443)  can0  123   [8]  18 00 2D 42 E9 E0 A7 FF
 (062.169733)  can0  124   [8]  18 08 66 F2 5C 07 76 08
 (062.179391)  can0  123   [8]  19 00 2D 42 EB 1A 1F FF
 (062.179599)  can0  124   [8]  19 08 67 19 4D 07 80 08
 (062.189257)  can0  123   [8]  1A 00 2D 42 EC 34 3F FF
 (062.189473)  can0  124   [8]  1A 08 67 40 25 07 89 08
 (062.199136)  can0  123   [8]  1B 00 2D 42 ED 4E 5E FF
 (062.199474)  can0  124   [8]  1B 08 67 67 0C 07 92 08
 (062.209188)  can0  123   [8]  1C 00 2D 42 EE 87 D6 FF
 (062.209264)  can0  124   [8]  1C 08 67 8D E6 07 9C 08
 (062.218987)  can0  123   [8]  1D 00 2D 42 EF A1 F5 FF
 (062.219188)  can0  124   [8]  1D 08 67 B4 DB 07 A5 08
 (062.228845)  can0  123   [8]  1E 00 2D 42 F0 DB 6D FF
 (062.229114)  can0  124   [8]  1E 08 67 DB B7 07 AF 08
 (062.238845)  can0  123   [8]  1F 00 2D 42 F1 F5 8D FF
 (062.239021)  can0  124   [8]  1F 08 68 02 AB 07 B8 08
 (062.248661)  can0  123   [8]  20 00 2E 42 F3 2F 06 FF
 (062.248898)  can0  124   [8]  20 08 68 29 85 07 C2 08
 (062.258655)  can0  123   [8]  21 00 2E 42 F4 49 24 FF
 (062.258851)  can0  124   [8]  21 08 68 50 7D 07 CB 08
 (062.268525)  can0  123   [8]  22 00 2E 42 F5 63 44 FF
 (062.268710)  can0  124   [8]  22 08 68 77 56 07 D4 08
 (062.278400)  can0  123   [8]  23 00 2E 42 F6 9C BD FF
 (062.278745)  can0  124   [8]  23 08 68 9E 4C 07 DE 08
 (062.288310)  can0  123   [8]  24 00 2E 42 F7 D6 34 FF
 (062.288550)  can0  124   [8]  24 08 68 C5 21 07 E8 08
 (062.298332)  can0  123   [8]  25 00 2E 42 F8 F0 54 FF
 (062.298497)  can0  124   [8]  25 08 68 EC 1C 07 F1 08
 (062.308114)  can0  123   [8]  26 00 2F 42 FA 29 CC FF
 (062.308541)  can0  124   [8]  26 08 69 12 F8 07 FB 08
 (062.318106)  can0  123   [8]  27 00 2F 42 FB 43 EB FF
 (062.318267)  can0  124   [8]  27 08 69 39 EB 08 04 08
 (062.327975)  can0  123   [8]  28 00 2F 42 FC 7D 63 FF
 (062.328211)  can0  124   [8]  28 08 69 60 C5 08 0E 08
 (062.337915)  can0  123   [8]  29 00 2F 42 FD B6 DC FF
 (062.338174)  can0  124   [8]  29 08 69 87 B1 08 18 08
 (062.347811)  can0  123   [8]  2A 00 2F 42 FE D0 FB FF
 (062.348032)  can0  124   [8]  2A 08 69 AE 8D 08 21 08
 (062.357735)  can0  123   [8]  2B 00 2F 43 00 05 3A FF
 (062.357983)  can0  124   [8]  2B 08 69 D5 7E 08 2B 08
 (062.367743)  can0  123   [8]  2C 00 2F 43 00 92 49 FF
 (062.367855)  can0  124   [8]  2C 08 69 FC 5D 08 34 08
 (062.377563)  can0  123   [8]  2D 00 30 43 01 2F 05 FF
 (062.377807)  can0  124   [8]  2D 08 6A 23 50 08 3E 08
 (062.387467)  can0  123   [8]  2E 00 30 43 01 CB C1 FF
 (062.387676)  can0  124   [8]  2E 08 6A 4A 29 08 48 08
 (062.397448)  can0  123   [8]  2F 00 30 43 02 58 D1 FF
 (062.397608)  can0  124   [8]  2F 08 6A 71 1D 08 51 08
 (062.407335)  can0  123   [8]  30 00 30 43 02 F5 8D FF
 (062.407434)  can0  124   [8]  30 08 6A 97 F2 08 5B 08
 (062.417144)  can0  123   [8]  31 00 30 43 03 82 9C FF
 (062.417345)  can0  124   [8]  31 08 6A BE E9 08 64 08
 (062.427108)  can0  123   [8]  32 00 31 43 04 1F 59 FF
 (062.427302)  can0  124   [8]  32 08 6A E5 CA 08 6E 08
 (062.436964)  can0  123   [8]  33 00 31 43 04 BC 15 FF
 (062.437194)  can0  124   [8]  33 08 6B 0C BE 08 78 08
 (062.446897)  can0  123   [8]  34 00 31 43 05 49 25 FF
 (062.447063)  can0  124   [8]  34 08 6B 33 9C 08 81 08
 (062.457046)  can0  123   [8]  35 00 31 43 05 D6 34 FF
 (062.457074)  can0  124   [8]  35 08 6B 5A 8F 08 8A 08
 (062.466844)  can0  123   [8]  36 00 32 43 06 72 F0 FF
 (062.467176)  can0  124   [8]  36 08 6B 81 6A 08 94 08
 (062.476614)  can0  123   [8]  37 00 32 43 07 0F AD FF
 (062.476782)  can0  124   [8]  37 08 6B A8 5E 08 9E 08
 (062.486463)  can0  123   [8]  38 00 32 43 07 9C BC FF
 (062.486667)  can0  124   [8]  38 08 6B CF 3D 08 A7 08
 (062.496388)  can0  123   [8]  39 00 32 43 08 39 78 FF
 (062.496564)  can0  124   [8]  39 08 6B F6 2E 08 B1 08
 (062.506298)  can0  123   [8]  3A 00 33 43 08 C6 88 FF
 (062.506527)  can0  124   [8]  3A 08 6C 1D 0F 08 BA 08
 (062.516222)  can0  123   [8]  3B 00 33 43 09 63 44 FF
 (062.516536)  can0  124   [8]  3B 08 6C 44 07 08 C4 08
 (062.526099)  can0  123   [8]  3C 00 33 43 09 F0 54 FF
 (062.526299)  can0  124   [8]  3C 08 6C 6A E2 08 CD 08
 (062.536063)  can0  123   [8]  3D 00 34 43 0A 7D 64 FF
 (062.536285)  can0  124   [8]  3D 08 6C 91 D7 08 D6 08
 (062.545906)  can0  123   [8]  3E 00 34 43 0B 1A 1F FF
 (062.546141)  can0  124   [8]  3E 08 6C B8 B5 08 E0 08
 (062.555814)  can0  123   [8]  3F 00 34 43 0B B6 DB FF
 (062.555998)  can0  124   [8]  3F 08 6C DF AD 08 EA 08
 (062.565882)  can0  123   [8]  40 00 34 43 0C 43 EB FF
 (062.565910)  can0  124   [8]  40 08 6D 06 8C 08 F3 08
 (062.575687)  can0  123   [8]  41 00 33 43 0C D0 FB FF
 (062.575865)  can0  124   [8]  41 08 6D 2D 8C 08 FC 08
 (062.585741)  can0  123   [8]  42 00 33 43 0D 6D B7 FF
 (062.585760)  can0  124   [8]  42 08 6D 54 6E 09 06 08
 (062.595436)  can0  123   [8]  43 00 33 43 0E 0A 73 FF
 (062.595659)  can0  124   [8]  43 08 6D 7B 67 09 10 08
 (062.605422)  can0  123   [8]  44 00 33 43 0E 97 82 FF
 (062.605627)  can0  124   [8]  44 08 6D A2 48 09 19 08
 (062.615304)  can0  123   [8]  45 00 32 43 0F 24 92 FF
 (062.615576)  can0  124   [8]  45 08 6D C9 3F 09 22 08
 (062.625270)  can0  123   [8]  46 00 32 43 0F C1 4F FF
 (062.625428)  can0  124   [8]  46 08 6D F0 1F 09 2C 08
 (062.635150)  can0  123   [8]  47 00 31 43 10 4E 5E FF
 (062.635391)  can0  124   [8]  47 08 6E 17 17 09 35 08
 (062.645077)  can0  123   [8]  48 00 31 43 10 EB 1A FF
 (062.645264)  can0  124   [8]  48 08 6E 3D F4 09 3F 08
 (062.655129)  can0  123   [8]  49 00 31 43 11 78 2A FF
 (062.655158)  can0  124   [8]  49 08 6E 64 E6 09 48 08
 (062.664837)  can0  123   [8]  4A 00 31 43 12 14 E6 FF
 (062.665071)  can0  124   [8]  4A 08 6E 8B C5 09 52 08
 (062.675065)  can0  123   [8]  4B 00 30 43 12 A1 F6 FF
 (062.675087)  can0  124   [8]  4B 08 6E B2 BA 09 5B 08
 (062.684907)  can0  123   [8]  4C 00 30 43 13 2F 05 FF
 (062.684928)  can0  124   [8]  4C 08 6E D9 90 09 64 08
 (062.694691)  can0  123   [8]  4D 00 2F 43 13 CB C1 FF
 (062.694813)  can0  124   [8]  4D 08 6F 00 84 09 6E 08
 (062.704529)  can0  123   [8]  4E 00 2F 43 14 58 D1 FF
 (062.704733)  can0  124   [8]  4E 08 6F 27 5D 09 77 08
 (062.714431)  can0  123   [8]  4F 00 2F 43 14 F5 8D FF
 (062.714653)  can0  124   [8]  4F 08 6F 4E 50 09 81 08
 (062.724304)  can0  123   [8]  50 00 2F 43 15 82 9D FF
 (062.724451)  can0  124   [8]  50 08 6F 75 26 09 8A 08
 (062.734326)  can0  123   [8]  51 00 2E 43 16 1F 59 FF
 (062.734521)  can0  124   [8]  51 08 6F 9C 1C 09 94 08
 (062.744339)  can0  123   [8]  52 00 2E 43 16 AC 68 FF
 (062.744364)  can0  124   [8]  52 08 6F C2 F3 09 9D 08
 (062.754025)  can0  123   [8]  53 00 2E 43 17 39 78 FF
 (062.754235)  can0  124   [8]  53 08 6F E9 EA 09 A6 08
 (062.763826)  can0  123   [8]  54 00 2E 43 17 D6 34 FF
 (062.764062)  can0  124   [8]  54 08 70 10 C5 09 B0 08
 (062.773766)  can0  123   [8]  55 00 2D 43 18 63 44 FF
 (062.773932)  can0  124   [8]  55 08 70 37 BB 09 B9 08
 (062.783705)  can0  123   [8]  56 00 2D 43 19 00 00 FF
 (062.783993)  can0  124   [8]  56 08 70 5E 93 09 C3 08
 (062.793553)  can0  123   [8]  57 00 2D 43 19 8D 0F FF
 (062.793799)  can0  124   [8]  57 08 70 85 8C 09 CC 08
 (062.803602)  can0  123   [8]  58 00 2D 43 1A 1A 1F FF
 (062.803723)  can0  124   [8]  58 08 70 AC 65 09 D5 08
 (062.813493)  can0  123   [8]  59 00 2D 43 1A B6 DC FF
 (062.813923)  can0  124   [8]  59 08 70 D3 56 09 DF 08
 (062.823695)  can0  123   [8]  5A 00 2D 43 1B 43 EB FF
 (062.823709)  can0  124   [8]  5A 08 70 FA 35 09 E8 08
 (062.833360)  can0  123   [8]  5B 00 2C 43 1B D0 FB FF
 (062.833803)  can0  124   [8]  5B 08 71 21 28 09 F1 08
 (062.843181)  can0  123   [8]  5C 00 2D 43 1C 6D B7 FF
 (062.843413)  can0  124   [8]  5C 08 71 48 01 09 FB 08
 (062.853073)  can0  123   [8]  5D 00 2E 43 1C FA C6 FF
 (062.853274)  can0  124   [8]  5D 08 71 6E F0 0A 04 08
 (062.862906)  can0  123   [8]  5E 00 2E 43 1D 97 83 FF
 (062.863176)  can0  124   [8]  5E 08 71 95 C6 0A 0E 08
 (062.872819)  can0  123   [8]  5F 00 2F 43 1E 24 93 FF
 (062.873004)  can0  124   [8]  5F 08 71 BC B9 0A 17 08
 (062.882730)  can0  123   [8]  60 00 30 43 1E B1 A2 FF
 (062.882864)  can0  124   [8]  60 08 71 E3 94 0A 20 08
 (062.892587)  can0  123   [8]  61 00 31 43 1F 4E 5E FF
 (062.892781)  can0  124   [8]  61 08 72 0A 91 0A 2A 08
 (062.902486)  can0  123   [8]  62 00 31 43 1F DB 6E FF
 (062.902676)  can0  124   [8]  62 08 72 31 70 0A 33 08
 (062.912486)  can0  123   [8]  63 00 31 43 20 68 7D FF
 (062.912649)  can0  124   [8]  63 08 72 58 65 0A 3C 08
 (062.922533)  can0  123   [8]  64 00 31 43 21 05 3A FF
 (062.922553)  can0  124   [8]  64 08 72 7F 43 0A 46 08
 (062.932308)  can0  123   [8]  65 00 31 43 21 92 49 FF
 (062.932476)  can0  124   [8]  65 08 72 A6 38 0A 4F 08
 (062.942457)  can0  123   [8]  66 00 35 43 22 1F 58 FF
 (062.942486)  can0  124   [8]  66 08 72 CD 16 0A 58 08
 (062.952501)  can0  123   [8]  67 00 3F 43 22 BC 15 FF
 (062.952533)  can0  124   [8]  67 08 72 F4 0C 0A 62 08
 (062.962051)  can0  123   [8]  68 00 44 43 23 49 25 FF
 (062.962328)  can0  124   [8]  68 08 73 1A E0 0A 6B 08
 (062.971954)  can0  123   [8]  69 00 49 43 23 D6 34 FF
 (062.972256)  can0  124   [8]  69 08 73 41 EC 0A 74 08
 (062.982093)  can0  123   [8]  6A 00 9D 43 24 63 44 FF
 (062.982110)  can0  124   [8]  6A 08 73 68 B2 0A 7D 08
 (062.991756)  can0  123   [8]  6B 00 E5 43 24 F0 54 FF
 (062.992157)  can0  124   [8]  6B 08 73 8F 9F 0A 86 08
 (063.001672)  can0  123   [8]  6C 00 F5 43 25 8D 0F FF
 (063.001890)  can0  124   [8]  6C 08 73 B6 86 0A 90 08
 (063.011535)  can0  123   [8]  6D 00 F8 43 26 1A 1F FF
 (063.011934)  can0  124   [8]  6D 08 73 DD 78 0A 99 08
 (063.021471)  can0  123   [8]  6E 00 F9 43 26 A7 2F FF
 (063.021710)  can0  124   [8]  6E 08 74 04 5A 0A A2 08
 (063.031510)  can0  123   [8]  6F 00 F8 43 27 34 3F FF
 (063.031711)  can0  124   [8]  6F 08 74 2B 42 0A AB 08
 (063.041410)  can0  123   [8]  70 00 F8 43 27 C1 4F FF
 (063.041865)  can0  124   [8]  70 08 74 52 26 0A B4 08
 (063.051259)  can0  123   [8]  71 00 F7 43 28 4E 5E FF
 (063.051412)  can0  124   [8]  71 08 74 79 19 0A BD 08
 (063.061241)  can0  123   [8]  72 00 F7 43 28 DB 6D FF
 (063.061343)  can0  124   [8]  72 08 74 9F F7 0A C6 08
 (063.071077)  can0  123   [8]  73 00 F6 43 29 68 7D FF
 (063.071220)  can0  124   [8]  73 08 74 C6 E5 0A CF 08
 (063.080917)  can0  123   [8]  74 00 F6 43 29 F5 8D FF
 (063.081113)  can0  124   [8]  74 08 74 ED C7 0A D8 08
 (063.090779)  can0  123   [8]  75 00 F5 43 2A 82 9D FF
 (063.091109)  can0  124   [8]  75 08 75 14 B2 0A E1 08
 (063.100741)  can0  123   [8]  76 00 F4 43 2B 0F AD FF
 (063.100882)  can0  124   [8]  76 08 75 3B 94 0A EA 08
 (063.110530)  can0  123   [8]  77 00 F4 43 2B 9C BC FF
 (063.110769)  can0  124   [8]  77 08 75 62 7E 0A F3 08
 (063.120496)  can0  123   [8]  78 00 F3 43 2C 29 CB FF
 (063.120689)  can0  124   [8]  78 08 75 89 5E 0A FC 08
 (063.130404)  can0  123   [8]  79 00 F1 43 2C C6 88 FF
 (063.130568)  can0  124   [8]  79 08 75 B0 53 0B 06 08
 (063.140231)  can0  123   [8]  7A 00 E2 43 2D 43 EB FF
 (063.140472)  can0  124   [8]  7A 08 75 D7 2D 0B 0E 08
 (063.150234)  can0  123   [8]  7B 00 C1 43 2D E0 A7 FF
 (063.150416)  can0  124   [8]  7B 08 75 FE 22 0B 18 08
 (063.160015)  can0  123   [8]  7C 00 8A 43 2E 5E 0B FF
 (063.160260)  can0  124   [8]  7C 08 76 24 F4 0B 20 08
 (063.169932)  can0  123   [8]  7D 00 6B 43 2E FA C6 FF
 (063.170162)  can0  124   [8]  7D 08 76 4B E4 0B 2A 08
 (063.179944)  can0  123   [8]  7E 00 51 43 2F 87 D6 FF
 (063.180088)  can0  124   [8]  7E 08 76 72 D0 0B 33 08
 (063.189815)  can0  123   [8]  7F 00 45 43 30 14 E6 FF
 (063.189990)  can0  124   [8]  7F 08 76 99 C4 0B 3C 08
 (063.199686)  can0  123   [8]  80 00 41 43 30 A1 F6 FF
 (063.199956)  can0  124   [8]  80 08 76 C0 A2 0B 45 08
 (063.209660)  can0  123   [8]  81 00 40 43 31 2F 05 FF
 (063.209863)  can0  124   [8]  81 08 76 E7 8F 0B 4E 08
 (063.219511)  can0  123   [8]  82 00 41 43 31 BC 15 FF
 (063.219783)  can0  124   [8]  82 08 77 0E 63 0B 57 08
 (063.229433)  can0  123   [8]  83 00 42 43 32 49 25 FF
 (063.229715)  can0  124   [8]  83 08 77 35 5D 0B 60 08
 (063.239424)  can0  123   [8]  84 00 42 43 32 D6 34 FF
 (063.239580)  can0  124   [8]  84 08 77 5C 33 0B 69 08
 (063.249279)  can0  123   [8]  85 00 44 43 33 63 44 FF
 (063.249547)  can0  124   [8]  85 08 77 83 25 0B 72 08
 (063.259212)  can0  123   [8]  86 00 50 43 33 F0 53 FF
 (063.259407)  can0  124   [8]  86 08 77 AA 03 0B 7B 08
 (063.269103)  can0  123   [8]  87 00 68 43 34 7D 63 FF
 (063.269337)  can0  124   [8]  87 08 77 D0 DD 0B 84 08
 (063.278975)  can0  123   [8]  88 00 65 43 35 0A 74 FF
 (063.279266)  can0  124   [8]  88 08 77 F7 B4 0B 8D 08
 (063.288932)  can0  123   [8]  89 00 52 43 35 97 83 FF
 (063.289245)  can0  124   [8]  89 08 78 1E C1 0B 96 08
 (063.298908)  can0  123   [8]  8A 00 4D 43 36 24 92 FF
 (063.299060)  can0  124   [8]  8A 08 78 45 99 0B 9F 08
 (063.308959)  can0  123   [8]  8B 00 53 43 36 B1 A2 FF
 (063.308971)  can0  124   [8]  8B 08 78 6C 8A 0B A8 08
 (063.318619)  can0  123   [8]  8C 00 67 43 37 3E B1 FF
 (063.318846)  can0  124   [8]  8C 08 78 93 53 0B B1 08
 (063.328672)  can0  123   [8]  8D 00 80 43 37 CB C2 FF
 (063.328833)  can0  124   [8]  8D 08 78 BA 54 0B BA 08
 (063.338684)  can0  123   [8]  8E 00 94 43 38 58 D1 FF
 (063.338732)  can0  124   [8]  8E 08 78 E1 31 0B C3 08
 (063.348736)  can0  123   [8]  8F 00 9D 43 38 E5 E0 FF
 (063.348771)  can0  124   [8]  8F 08 79 08 24 0B CC 08
 (063.358323)  can0  123   [8]  90 00 A0 43 39 72 F1 FF
 (063.358593)  can0  124   [8]  90 08 79 2F 01 0B D5 08
 (063.368206)  can0  123   [8]  91 00 9C 43 3A 00 00 FF
 (063.368387)  can0  124   [8]  91 08 79 55 F8 0B DE 08
 (063.378086)  can0  123   [8]  92 00 93 43 3A 8D 10 FF
 (063.378450)  can0  124   [8]  92 08 79 7C CB 0B E7 08
 (063.387997)  can0  123   [8]  93 00 88 43 3B 1A 1F FF
 (063.388359)  can0  124   [8]  93 08 79 A3 CA 0B F0 08
 (063.398124)  can0  123   [8]  94 00 A4 43 3B A7 30 FF
 (063.398175)  can0  124   [8]  94 08 79 CA A9 0B F9 08
 (063.408065)  can0  123   [8]  95 00 B4 43 3C 34 3F FF
 (063.408115)  can0  124   [8]  95 08 79 F1 9F 0C 02 08
 (063.417753)  can0  123   [8]  96 00 BD 43 3C B1 A2 FF
 (063.418068)  can0  124   [8]  96 08 7A 18 7A 0C 0A 08
 (063.427807)  can0  123   [8]  97 00 BF 43 3D 4E 5E FF
 (063.427828)  can0  124   [8]  97 08 7A 3F 6C 0C 14 08
 (063.437516)  can0  123   [8]  98 00 C5 43 3D CB C1 FF
 (063.437721)  can0  124   [8]  98 08 7A 66 4A 0C 1C 08
 (063.447461)  can0  123   [8]  99 00 CC 43 3E 68 7E FF
 (063.447645)  can0  124   [8]  99 08 7A 8D 3C 0C 26 08
 (063.457563)  can0  123   [8]  9A 00 D5 43 3E E5 E1 FF
 (063.457580)  can0  124   [8]  9A 08 7A B4 15 0C 2E 08
 (063.467264)  can0  123   [8]  9B 00 DA 43 3F 72 F0 FF
 (063.467565)  can0  124   [8]  9B 08 7A DB 07 0C 37 08
 (063.477205)  can0  123   [8]  9C 00 DC 43 40 00 01 FF
 (063.477389)  can0  124   [8]  9C 08 7B 01 E1 0C 40 08
 (063.487151)  can0  123   [8]  9D 00 DF 43 40 8D 10 FF
 (063.487358)  can0  124   [8]  9D 08 7B 28 CE 0C 49 08
 (063.496934)  can0  123   [8]  9E 00 E2 43 41 1A 1F FF
 (063.497216)  can0  124   [8]  9E 08 7B 4F AB 0C 52 08
 (063.506941)  can0  123   [8]  9F 00 D9 43 41 A7 2F FF
 (063.507158)  can0  124   [8]  9F 08 7B 76 A0 0C 5B 08
 (063.516869)  can0  123   [8]  A0 00 B7 43 42 34 3E FF
 (063.517035)  can0  124   [8]  A0 08 7B 9D 77 0C 64 08
 (063.526806)  can0  123   [8]  A1 00 AC 43 42 C1 4F FF
 (063.527581)  can0  124   [8]  A1 08 7B C4 67 0C 6D 08
 (063.536684)  can0  123   [8]  A2 00 A8 43 43 4E 5E FF
 (063.536996)  can0  124   [8]  A2 08 7B EB 43 0C 76 08
 (063.547075)  can0  123   [8]  A3 00 A8 43 43 DB 6D FF
 (063.547097)  can0  124   [8]  A3 08 7C 12 34 0C 7F 08
 (063.556513)  can0  123   [8]  A4 00 A9 43 44 58 D2 FF
 (063.556797)  can0  124   [8]  A4 08 7C 39 0C 0C 87 08
 (063.566564)  can0  123   [8]  A5 00 AA 43 44 E5 E1 FF
 (063.566595)  can0  124   [8]  A5 08 7C 5F FB 0C 90 08
 (063.576390)  can0  123   [8]  A6 00 A2 43 45 72 F0 FF
 (063.576548)  can0  124   [8]  A6 08 7C 86 CC 0C 99 08
 (063.586381)  can0  123   [8]  A7 00 7E 43 46 00 00 FF
 (063.586420)  can0  124   [8]  A7 08 7C AD C4 0C A2 08
 (063.596091)  can0  123   [8]  A8 00 54 43 46 8D 0F FF
 (063.596393)  can0  124   [8]  A8 08 7C D4 AE 0C AB 08
 (063.606084)  can0  123   [8]  A9 00 3F 43 47 1A 20 FF
 (063.606196)  can0  124   [8]  A9 08 7C FB A4 0C B4 08
 (063.616009)  can0  123   [8]  AA 00 3B 43 47 A7 2F FF
 (063.616186)  can0  124   [8]  AA 08 7D 22 7B 0C BD 08
 (063.625974)  can0  123   [8]  AB 00 3A 43 48 34 3E FF
 (063.626020)  can0  124   [8]  AB 08 7D 49 6E 0C C6 08
 (063.635877)  can0  123   [8]  AC 00 3A 43 48 C1 4F FF
 (063.636117)  can0  124   [8]  AC 08 7D 70 41 0C CF 08
 (063.645766)  can0  123   [8]  AD 00 3A 43 49 4E 5E FF
 (063.645799)  can0  124   [8]  AD 08 7D 97 31 0C D8 08
 (063.655510)  can0  123   [8]  AE 00 3A 43 49 DB 6E FF
 (063.655727)  can0  124   [8]  AE 08 7D BE 0C 0C E1 08
 (063.665346)  can0  123   [8]  AF 00 39 43 4A 68 7D FF
 (063.665705)  can0  124   [8]  AF 08 7D E5 00 0C EA 08
 (063.675458)  can0  123   [8]  B0 00 39 43 4A F5 8E FF
 (063.675486)  can0  124   [8]  B0 08 7E 0B D8 0C F3 08
 (063.685187)  can0  123   [8]  B1 00 39 43 4B 82 9D FF
 (063.685535)  can0  124   [8]  B1 08 7E 32 C7 0C FC 08
 (063.695409)  can0  123   [8]  B2 00 39 43 4C 0F AC FF
 (063.695457)  can0  124   [8]  B2 08 7E 59 A5 0D 05 08
 (063.705189)  can0  123   [8]  B3 00 39 43 4C 9C BC FF
 (063.705402)  can0  124   [8]  B3 08 7E 80 94 0D 0E 08
 (063.714984)  can0  123   [8]  B4 00 39 43 4D 29 CC FF
 (063.715480)  can0  124   [8]  B4 08 7E A7 6D 0D 17 08
 (063.724972)  can0  123   [8]  B5 00 39 43 4D B6 DC FF
 (063.725184)  can0  124   [8]  B5 08 7E CE 58 0D 20 08
 (063.734884)  can0  123   [8]  B6 00 39 43 4E 43 EB FF
 (063.735028)  can0  124   [8]  B6 08 7E F5 33 0D 29 08
 (063.744802)  can0  123   [8]  B7 00 39 43 4E D0 FA FF
 (063.745271)  can0  124   [8]  B7 08 7F 1C 21 0D 32 08
 (063.754852)  can0  123   [8]  B8 00 3A 43 4F 5E 0B FF
 (063.754876)  can0  124   [8]  B8 08 7F 42 F3 0D 3B 08
 (063.764688)  can0  123   [8]  B9 00 3A 43 4F EB 1A FF
 (063.764708)  can0  124   [8]  B9 08 7F 69 E2 0D 44 08
 (063.774393)  can0  123   [8]  BA 00 3A 43 50 78 2A FF
 (063.774703)  can0  124   [8]  BA 08 7F 90 BB 0D 4D 08
 (063.784567)  can0  123   [8]  BB 00 3B 43 51 05 39 FF
 (063.784592)  can0  124   [8]  BB 08 7F B7 A8 0D 56 08
 (063.794474)  can0  123   [8]  BC 00 3B 43 51 92 48 FF
 (063.794495)  can0  124   [8]  BC 08 7F DE 80 0D 5F 08
 (063.804192)  can0  123   [8]  BD 00 3B 43 52 1F 59 FF
 (063.804376)  can0  124   [8]  BD 08 80 05 71 0D 68 08
 (063.814333)  can0  123   [8]  BE 00 3C 43 52 AC 68 FF
 (063.814356)  can0  124   [8]  BE 08 80 2C 4B 0D 71 08
 (063.823936)  can0  123   [8]  BF 00 3C 43 53 39 79 FF
 (063.824112)  can0  124   [8]  BF 08 80 53 42 0D 7A 08
 (063.833966)  can0  123   [8]  C0 00 3D 43 53 C6 88 FF
 (063.834317)  can0  124   [8]  C0 08 80 7A 1E 0D 83 08
 (063.843852)  can0  123   [8]  C1 00 3D 43 54 53 98 FF
 (063.844036)  can0  124   [8]  C1 08 80 A1 0F 0D 8C 08
 (063.854019)  can0  123   [8]  C2 00 3D 43 54 E0 A7 FF
 (063.854031)  can0  124   [8]  C2 08 80 C7 E5 0D 95 08
 (063.863638)  can0  123   [8]  C3 00 3E 43 55 6D B6 FF
 (063.863766)  can0  124   [8]  C3 08 80 EE D7 0D 9E 08
 (063.873447)  can0  123   [8]  C4 00 3E 43 55 FA C7 FF
 (063.873638)  can0  124   [8]  C4 08 81 15 AD 0D A7 08
 (063.883260)  can0  123   [8]  C5 00 3F 43 56 87 D6 FF
 (063.883565)  can0  124   [8]  C5 08 81 3C A0 0D B0 08
 (063.893204)  can0  123   [8]  C6 00 40 43 57 14 E6 FF
 (063.893499)  can0  124   [8]  C6 08 81 63 75 0D B9 08
 (063.903022)  can0  123   [8]  C7 00 42 43 57 A1 F6 FF
 (063.903257)  can0  124   [8]  C7 08 81 8A 64 0D C2 08
 (063.913013)  can0  123   [8]  C8 00 44 43 58 2F 05 FF
 (063.913241)  can0  124   [8]  C8 08 81 B1 45 0D CB 08
 (063.922822)  can0  123   [8]  C9 00 46 43 58 BC 15 FF
 (063.923054)  can0  124   [8]  C9 08 81 D8 3B 0D D4 08
 (063.932821)  can0  123   [8]  CA 00 45 43 59 49 24 FF
 (063.932971)  can0  124   [8]  CA 08 81 FF 14 0D DD 08
 (063.942682)  can0  123   [8]  CB 00 45 43 59 D6 35 FF
 (063.942933)  can0  124   [8]  CB 08 82 26 04 0D E6 08
 (063.952562)  can0  123   [8]  CC 00 45 43 5A 63 44 FF
 (063.952864)  can0  124   [8]  CC 08 82 4C DF 0D EF 08
 (063.962529)  can0  123   [8]  CD 00 45 43 5A F0 53 FF
 (063.962704)  can0  124   [8]  CD 08 82 73 CE 0D F8 08
 (063.972359)  can0  123   [8]  CE 00 45 43 5B 7D 63 FF
 (063.972604)  can0  124   [8]  CE 08 82 9A A8 0E 01 08
 (063.982309)  can0  123   [8]  CF 00 45 43 5C 0A 73 FF
 (063.982572)  can0  124   [8]  CF 08 82 C1 98 0E 0A 08
 (063.992326)  can0  123   [8]  D0 00 45 43 5C 87 D6 FF
 (063.992430)  can0  124   [8]  D0 08 82 E8 72 0E 12 08
 (064.002140)  can0  123   [8]  D1 00 45 43 5D 14 E6 FF
 (064.002328)  can0  124   [8]  D1 08 83 0F 62 0E 1B 08
 (064.011944)  can0  123   [8]  D2 00 46 43 5D A1 F5 FF
 (064.012233)  can0  124   [8]  D2 08 83 36 40 0E 24 08
 (064.021873)  can0  123   [8]  D3 00 47 43 5E 2F 06 FF
 (064.022136)  can0  124   [8]  D3 08 83 5D 35 0E 2D 08
 (064.031796)  can0  123   [8]  D4 00 47 43 5E BC 15 FF
 (064.032028)  can0  124   [8]  D4 08 83 84 11 0E 36 08
 (064.041702)  can0  123   [8]  D5 00 47 43 5F 49 24 FF
 (064.041950)  can0  124   [8]  D5 08 83 AB 02 0E 3F 08
 (064.051606)  can0  123   [8]  D6 00 47 43 5F D6 34 FF
 (064.051898)  can0  124   [8]  D6 08 83 D1 E2 0E 48 08
 (064.061547)  can0  123   [8]  D7 00 47 43 60 63 43 FF
 (064.061749)  can0  124   [8]  D7 08 83 F8 D4 0E 51 08
 (064.071420)  can0  123   [8]  D8 00 46 43 60 F0 54 FF
 (064.071714)  can0  124   [8]  D8 08 84 1F AC 0E 5A 08
 (064.081341)  can0  123   [8]  D9 00 46 43 61 7D 63 FF
 (064.081552)  can0  124   [8]  D9 08 84 46 A0 0E 63 08
 (064.091292)  can0  123   [8]  DA 00 46 43 62 0A 74 FF
 (064.091526)  can0  124   [8]  DA 08 84 6D 7F 0E 6C 08
 (064.101356)  can0  123   [8]  DB 00 46 43 62 87 D7 FF
 (064.101371)  can0  124   [8]  DB 08 84 94 72 0E 74 08
 (064.111102)  can0  123   [8]  DC 00 46 43 63 24 92 FF
 (064.111250)  can0  124   [8]  DC 08 84 BB 44 0E 7E 08
 (064.121106)  can0  123   [8]  DD 00 46 43 63 A1 F6 FF
 (064.121287)  can0  124   [8]  DD 08 84 E2 33 0E 86 08
 (064.130926)  can0  123   [8]  DE 00 47 43 64 2F 05 FF
 (064.131131)  can0  124   [8]  DE 08 85 09 08 0E 8F 08
 (064.140832)  can0  123   [8]  DF 00 48 43 64 BC 14 FF
 (064.141064)  can0  124   [8]  DF 08 85 2F FB 0E 98 08
 (064.150773)  can0  123   [8]  E0 00 48 43 65 49 25 FF
 (064.150921)  can0  124   [8]  E0 08 85 56 D5 0E A1 08
 (064.160632)  can0  123   [8]  E1 00 48 43 65 D6 34 FF
 (064.160806)  can0  124   [8]  E1 08 85 7D C5 0E AA 08
 (064.170578)  can0  123   [8]  E2 00 48 43 66 63 44 FF
 (064.170806)  can0  124   [8]  E2 08 85 A4 A0 0E B3 08
 (064.180432)  can0  123   [8]  E3 00 48 43 66 E0 A8 FF
 (064.180659)  can0  124   [8]  E3 08 85 CB 96 0E BB 08
 (064.190389)  can0  123   [8]  E4 00 48 43 67 6D B7 FF
 (064.190537)  can0  124   [8]  E4 08 85 F2 6F 0E C4 08
 (064.200232)  can0  123   [8]  E5 00 48 43 67 FA C7 FF
 (064.200491)  can0  124   [8]  E5 08 86 19 65 0E CD 08
 (064.210162)  can0  123   [8]  E6 00 48 43 68 87 D6 FF
 (064.210366)  can0  124   [8]  E6 08 86 40 43 0E D6 08
 (064.220064)  can0  123   [8]  E7 00 48 43 69 14 E5 FF
 (064.220225)  can0  124   [8]  E7 08 86 67 3E 0E DF 08
 (064.229961)  can0  123   [8]  E8 00 47 43 69 A1 F6 FF
 (064.230225)  can0  124   [8]  E8 08 86 8E 17 0E E8 08
 (064.239857)  can0  123   [8]  E9 00 49 43 6A 1F 59 FF
 (064.240069)  can0  124   [8]  E9 08 86 B5 0D 0E F0 08
 (064.249754)  can0  123   [8]  EA 00 4B 43 6A AC 68 FF
 (064.249931)  can0  124   [8]  EA 08 86 DB EB 0E F9 08
 (064.259674)  can0  123   [8]  EB 00 4D 43 6B 39 78 FF
 (064.259908)  can0  124   [8]  EB 08 87 02 E0 0F 02 08
 (064.269515)  can0  123   [8]  EC 00 4E 43 6B C6 88 FF
 (064.269747)  can0  124   [8]  EC 08 87 29 C0 0F 0B 08
 (064.279473)  can0  123   [8]  ED 00 4E 43 6C 53 98 FF
 (064.279684)  can0  124   [8]  ED 08 87 50 B8 0F 14 08
 (064.289419)  can0  123   [8]  EE 00 4E 43 6C E0 A7 FF
 (064.289736)  can0  124   [8]  EE 08 87 77 9B 0F 1D 08
 (064.299351)  can0  123   [8]  EF 00 4E 43 6D 6D B6 FF
 (064.299515)  can0  124   [8]  EF 08 87 9E 94 0F 26 08
 (064.309365)  can0  123   [8]  F0 00 4F 43 6D EB 1B FF
 (064.309469)  can0  124   [8]  F0 08 87 C5 78 0F 2E 08
 (064.319128)  can0  123   [8]  F1 00 4F 43 6E 78 2A FF
 (064.319388)  can0  124   [8]  F1 08 87 EC 71 0F 37 08
 (064.329074)  can0  123   [8]  F2 00 50 43 6F 05 39 FF
 (064.329230)  can0  124   [8]  F2 08 88 13 4A 0F 40 08
 (064.338903)  can0  123   [8]  F3 00 50 43 6F 82 9D FF
 (064.339152)  can0  124   [8]  F3 08 88 3A 41 0F 48 08
 (064.348924)  can0  123   [8]  F4 00 51 43 70 0F AC FF
 (064.349045)  can0  124   [8]  F4 08 88 61 22 0F 51 08
 (064.358896)  can0  123   [8]  F5 00 52 43 70 9C BC FF
 (064.359057)  can0  124   [8]  F5 08 88 88 1B 0F 5A 08
 (064.368796)  can0  123   [8]  F6 00 53 43 71 29 CC FF
 (064.368959)  can0  124   [8]  F6 08 88 AE FB 0F 63 08
 (064.378670)  can0  123   [8]  F7 00 53 43 71 B6 DB FF
 (064.378900)  can0  124   [8]  F7 08 88 D5 F3 0F 6C 08
 (064.388615)  can0  123   [8]  F8 00 54 43 72 43 EC FF
 (064.388776)  can0  124   [8]  F8 08 88 FC D2 0F 75 08
 (064.398557)  can0  123   [8]  F9 00 57 43 72 D0 FB FF
 (064.398876)  can0  124   [8]  F9 08 89 23 C6 0F 7E 08
 (064.408467)  can0  123   [8]  FA 00 5B 43 73 4E 5E FF
 (064.408632)  can0  124   [8]  FA 08 89 4A A4 0F 86 08
 (064.418266)  can0  123   [8]  FB 00 5D 43 73 DB 6E FF
 (064.418414)  can0  124   [8]  FB 08 89 71 9F 0F 8F 08
 (064.428194)  can0  123   [8]  FC 00 5E 43 74 68 7D FF
 (064.428334)  can0  124   [8]  FC 08 89 98 77 0F 98 08
 (064.438061)  can0  123   [8]  FD 00 5E 43 74 F5 8D FF
 (064.438237)  can0  124   [8]  FD 08 89 BF 6E 0F A1 08
 (064.447919)  can0  123   [8]  FE 00 6A 43 75 82 9D FF
 (064.448090)  can0  124   [8]  FE 08 89 E6 43 0F AA 08
 (064.458132)  can0  123   [8]  FF 00 9B 43 76 00 00 FF
 (064.458153)  can0  124   [8]  FF 08 8A 0D 39 0F B2 08
 (064.467782)  can0  123   [8]  00 00 CF 43 76 8D 0F FF
 (064.467963)  can0  124   [8]  00 08 8A 34 17 0F BB 08
 (064.477678)  can0  123   [8]  01 00 E7 43 77 1A 20 FF
 (064.477866)  can0  124   [8]  01 08 8A 5B 01 0F C4 08
 (064.487621)  can0  123   [8]  02 00 F5 43 77 97 83 FF
 (064.487914)  can0  124   [8]  02 08 8A 81 F2 0F CC 08
 (064.497625)  can0  123   [8]  03 00 FC 43 78 24 92 FF
 (064.497778)  can0  124   [8]  03 08 8A A8 DE 0F D5 08
 (064.507620)  can0  123   [8]  04 01 00 43 78 B1 A2 FF
 (064.507643)  can0  124   [8]  04 08 8A CF BB 0F DE 08
 (064.517448)  can0  123   [8]  05 01 00 43 79 2F 05 FF
 (064.517559)  can0  124   [8]  05 08 8A F6 AC 0F E6 08
 (064.527227)  can0  123   [8]  06 01 01 43 79 BC 14 FF
 (064.527435)  can0  124   [8]  06 08 8B 1D 8D 0F EF 08
 (064.537029)  can0  123   [8]  07 01 01 43 7A 49 25 FF
 (064.537225)  can0  124   [8]  07 08 8B 44 7B 0F F8 08
 (064.547010)  can0  123   [8]  08 01 00 43 7A C6 88 FF
 (064.547272)  can0  124   [8]  08 08 8B 6B 60 10 00 08
 (064.556962)  can0  123   [8]  09 00 FE 43 7B 53 97 FF
 (064.557162)  can0  124   [8]  09 08 8B 92 4C 10 09 08
 (064.566712)  can0  123   [8]  0A 00 FB 43 7B D0 FA FF
 (064.566966)  can0  124   [8]  0A 08 8B B9 2C 10 11 08
 (064.576663)  can0  123   [8]  0B 00 FB 43 7C 5E 0B FF
 (064.576854)  can0  124   [8]  0B 08 8B E0 13 10 1A 08
 (064.586608)  can0  123   [8]  0C 00 F9 43 7C EB 1A FF
 (064.586838)  can0  124   [8]  0C 08 8C 06 F2 10 23 08
 (064.596519)  can0  123   [8]  0D 00 F9 43 7D 68 7D FF
 (064.596733)  can0  124   [8]  0D 08 8C 2D DF 10 2B 08
 (064.606571)  can0  123   [8]  0E 00 F8 43 7D F5 8D FF
 (064.606740)  can0  124   [8]  0E 08 8C 54 BC 10 34 08
 (064.616400)  can0  123   [8]  0F 00 F7 43 7E 72 F0 FF
 (064.616562)  can0  124   [8]  0F 08 8C 7B A2 10 3C 08
 (064.626408)  can0  123   [8]  10 00 F7 43 7F 00 00 FF
 (064.626515)  can0  124   [8]  10 08 8C A2 84 10 45 08
 (064.636142)  can0  123   [8]  11 00 F5 43 7F 8D 10 FF
 (064.636451)  can0  124   [8]  11 08 8C C9 78 10 4E 08
 (064.646001)  can0  123   [8]  12 00 F2 43 80 05 3A FF
 (064.646256)  can0  124   [8]  12 08 8C F0 55 10 56 08
 (064.656146)  can0  123   [8]  13 00 F2 43 80 4B C1 FF
 (064.656238)  can0  124   [8]  13 08 8D 17 4A 10 5F 08
 (064.665932)  can0  123   [8]  14 00 F1 43 80 92 49 FF
 (064.666186)  can0  124   [8]  14 08 8D 3E 1F 10 68 08
 (064.676385)  can0  123   [8]  15 00 EE 43 80 D0 FB FF
 (064.676416)  can0  124   [8]  15 08 8D 65 15 10 70 08
 (064.685812)  can0  123   [8]  16 00 ED 43 81 0F AC FF
 (064.685994)  can0  124   [8]  16 08 8D 8B EE 10 78 08
 (064.695897)  can0  123   [8]  17 00 ED 43 81 56 34 FF
 (064.695915)  can0  124   [8]  17 08 8D B2 E2 10 81 08
 (064.705695)  can0  123   [8]  18 00 EC 43 81 9C BC FF
 (064.705889)  can0  124   [8]  18 08 8D D9 BE 10 8A 08
 (064.715518)  can0  123   [8]  19 00 E9 43 81 DB 6E FF
 (064.715676)  can0  124   [8]  19 08 8E 00 B5 10 92 08
 (064.725516)  can0  123   [8]  1A 00 CD 43 82 1A 1F FF
 (064.725687)  can0  124   [8]  1A 08 8E 27 90 10 9A 08
 (064.735382)  can0  123   [8]  1B 00 B4 43 82 60 A8 FF
 (064.735514)  can0  124   [8]  1B 08 8E 4E 86 10 A3 08
 (064.745386)  can0  123   [8]  1C 00 A6 43 82 A7 2F FF
 (064.745568)  can0  124   [8]  1C 08 8E 75 5B 10 AC 08
 (064.755152)  can0  123   [8]  1D 00 A8 43 82 E5 E1 FF
 (064.755388)  can0  124   [8]  1D 08 8E 9C 4D 10 B4 08
 (064.765071)  can0  123   [8]  1E 00 AE 43 83 2C 68 FF
 (064.765231)  can0  124   [8]  1E 08 8E C3 2A 10 BD 08
 (064.774932)  can0  123   [8]  1F 00 B4 43 83 6B 1A FF
 (064.775124)  can0  124   [8]  1F 08 8E EA 18 10 C5 08
 (064.784866)  can0  123   [8]  20 00 B7 43 83 B1 A2 FF
 (064.785046)  can0  124   [8]  20 08 8F 10 F1 10 CE 08
 (064.795045)  can0  123   [8]  21 00 B9 43 83 F0 53 FF
 (064.795068)  can0  124   [8]  21 08 8F 37 DF 10 D6 08
 (064.804628)  can0  123   [8]  22 00 BA 43 84 36 DC FF
 (064.804877)  can0  124   [8]  22 08 8F 5E B7 10 DF 08
 (064.814526)  can0  123   [8]  23 00 B9 43 84 75 8D FF
 (064.814840)  can0  124   [8]  23 08 8F 85 AB 10 E7 08
 (064.824395)  can0  123   [8]  24 00 B8 43 84 BC 15 FF
 (064.824650)  can0  124   [8]  24 08 8F AC 81 10 F0 08
 (064.834277)  can0  123   [8]  25 00 B7 43 84 FA C6 FF
 (064.834530)  can0  124   [8]  25 08 8F D3 73 10 F8 08
 (064.844157)  can0  123   [8]  26 00 B8 43 85 41 4F FF
 (064.844345)  can0  124   [8]  26 08 8F FA 4B 11 01 08
 (064.854027)  can0  123   [8]  27 00 B8 43 85 87 D6 FF
 (064.854237)  can0  124   [8]  27 08 90 21 41 11 0A 08
 (064.863924)  can0  123   [8]  28 00 B8 43 85 C6 88 FF
 (064.864140)  can0  124   [8]  28 08 90 48 1D 11 12 08
 (064.873843)  can0  123   [8]  29 00 B8 43 86 05 39 FF
 (064.874165)  can0  124   [8]  29 08 90 6F 0D 11 1A 08
 (064.883729)  can0  123   [8]  2A 00 B7 43 86 4B C1 FF
 (064.883953)  can0  124   [8]  2A 08 90 95 E9 11 23 08
 (064.893651)  can0  123   [8]  2B 00 B5 43 86 8A 73 FF
 (064.894009)  can0  124   [8]  2B 08 90 BC E0 11 2B 08
 (064.903549)  can0  123   [8]  2C 00 AD 43 86 D0 FA FF
 (064.903765)  can0  124   [8]  2C 08 90 E3 BD 11 34 08
 (064.913459)  can0  123   [8]  2D 00 8B 43 87 0F AD FF
 (064.913715)  can0  124   [8]  2D 08 91 0A AC 11 3C 08
 (064.923339)  can0  123   [8]  2E 00 72 43 87 56 34 FF
 (064.923574)  can0  124   [8]  2E 08 91 31 86 11 45 08
 (064.933241)  can0  123   [8]  2F 00 70 43 87 94 E6 FF
 (064.933463)  can0  124   [8]  2F 08 91 58 7D 11 4D 08
 (064.943164)  can0  123   [8]  30 00 6E 43 87 DB 6E FF
 (064.943373)  can0  124   [8]  30 08 91 7F 58 11 56 08
 (064.953055)  can0  123   [8]  31 00 6E 43 88 1A 20 FF
 (064.953309)  can0  124   [8]  31 08 91 A6 4A 11 5E 08
 (064.963090)  can0  123   [8]  32 00 6E 43 88 60 A7 FF
 (064.963230)  can0  124   [8]  32 08 91 CD 29 11 67 08
 (064.972940)  can0  123   [8]  33 00 6F 43 88 9F 59 FF
 (064.973185)  can0  124   [8]  33 08 91 F4 24 11 6F 08
 (064.982889)  can0  123   [8]  34 00 6F 43 88 E5 E1 FF
 (064.983191)  can0  124   [8]  34 08 92 1A FC 11 78 08
 (064.992790)  can0  123   [8]  35 00 70 43 89 24 92 FF
 (064.993024)  can0  124   [8]  35 08 92 41 FA 11 80 08
 (065.002689)  can0  123   [8]  36 00 70 43 89 63 44 FF
 (065.002933)  can0  124   [8]  36 08 92 68 D3 11 88 08
 (065.012640)  can0  123   [8]  37 00 6F 43 89 A9 CC FF
 (065.012825)  can0  124   [8]  37 08 92 8F CB 11 91 08
 (065.022542)  can0  123   [8]  38 00 6D 43 89 E8 7D FF
 (065.022894)  can0  124   [8]  38 08 92 B6 A5 11 99 08
 (065.032467)  can0  123   [8]  39 00 6D 43 8A 2F 05 FF
 (065.032702)  can0  124   [8]  39 08 92 DD 9D 11 A2 08
 (065.042496)  can0  123   [8]  3A 00 6D 43 8A 6D B7 FF
 (065.042514)  can0  124   [8]  3A 08 93 04 77 11 AA 08
 (065.052257)  can0  123   [8]  3B 00 6D 43 8A AC 68 FF
 (065.052450)  can0  124   [8]  3B 08 93 2B 6A 11 B2 08
 (065.062512)  can0  123   [8]  3C 00 6D 43 8A F2 F1 FF
 (065.062531)  can0  124   [8]  3C 08 93 52 4B 11 BB 08
 (065.072061)  can0  123   [8]  3D 00 6B 43 8B 39 78 FF
 (065.072279)  can0  124   [8]  3D 08 93 79 3F 11 C4 08
 (065.082039)  can0  123   [8]  3E 00 66 43 8B 78 2A FF
 (065.082255)  can0  124   [8]  3E 08 93 A0 1A 11 CC 08
 (065.092093)  can0  123   [8]  3F 00 64 43 8B B6 DB FF
 (065.092117)  can0  124   [8]  3F 08 93 C7 0B 11 D4 08
 (065.101831)  can0  123   [8]  40 00 5F 43 8B FD 63 FF
 (065.102054)  can0  124   [8]  40 08 93 ED FA 11 DD 08
 (065.111776)  can0  123   [8]  41 00 59 43 8C 3C 15 FF
 (065.112100)  can0  124   [8]  41 08 94 14 F0 11 E5 08
 (065.121702)  can0  123   [8]  42 00 56 43 8C 82 9D FF
 (065.121929)  can0  124   [8]  42 08 94 3B C4 11 EE 08
 (065.131598)  can0  123   [8]  43 00 53 43 8C C1 4E FF
 (065.131752)  can0  124   [8]  43 08 94 62 B7 11 F6 08
 (065.141517)  can0  123   [8]  44 00 52 43 8D 00 00 FF
 (065.141720)  can0  124   [8]  44 08 94 89 90 11 FE 08
 (065.151369)  can0  123   [8]  45 00 55 43 8D 46 88 FF
 (065.151511)  can0  124   [8]  45 08 94 B0 7F 12 07 08
 (065.161228)  can0  123   [8]  46 00 56 43 8D 8D 0F FF
 (065.161420)  can0  124   [8]  46 08 94 D7 54 12 10 08
 (065.171158)  can0  123   [8]  47 00 56 43 8D CB C2 FF
 (065.171312)  can0  124   [8]  47 08 94 FE 40 12 18 08
 (065.181023)  can0  123   [8]  48 00 58 43 8E 12 49 FF
 (065.181222)  can0  124   [8]  48 08 95 25 1C 12 21 08
 (065.191029)  can0  123   [8]  49 00 5D 43 8E 50 FB FF
 (065.191257)  can0  124   [8]  49 08 95 4C 10 12 29 08
 (065.201086)  can0  123   [8]  4A 00 65 43 8E 97 82 FF
 (065.201122)  can0  124   [8]  4A 08 95 72 CC 12 32 08
 (065.210798)  can0  123   [8]  4B 00 68 43 8E D6 35 FF
 (065.211081)  can0  124   [8]  4B 08 95 99 BC 12 3A 08
 (065.220752)  can0  123   [8]  4C 00 67 43 8F 1C BC FF
 (065.220988)  can0  124   [8]  4C 08 95 C0 95 12 43 08
 (065.230692)  can0  123   [8]  4D 00 64 43 8F 5B 6E FF
 (065.230893)  can0  124   [8]  4D 08 95 E7 8F 12 4B 08
 (065.240627)  can0  123   [8]  4E 00 5D 43 8F A1 F6 FF
 (065.240745)  can0  124   [8]  4E 08 96 0E 7F 12 54 08
 (065.250461)  can0  123   [8]  4F 00 59 43 8F E0 A7 FF
 (065.250603)  can0  124   [8]  4F 08 96 35 6D 12 5C 08
 (065.260668)  can0  123   [8]  50 00 58 43 90 27 2F FF
 (065.260691)  can0  124   [8]  50 08 96 5C 43 12 65 08
 (065.270268)  can0  123   [8]  51 00 5A 43 90 6D B7 FF
 (065.270501)  can0  124   [8]  51 08 96 83 41 12 6E 08
 (065.280497)  can0  123   [8]  52 00 58 43 90 AC 69 FF
 (065.280633)  can0  124   [8]  52 08 96 AA 15 12 76 08
 (065.290521)  can0  123   [8]  53 00 4F 43 90 EB 1A FF
 (065.290545)  can0  124   [8]  53 08 96 D1 0E 12 7E 08
 (065.300242)  can0  123   [8]  54 00 3F 43 91 31 A2 FF
 (065.300279)  can0  124   [8]  54 08 96 F7 E9 12 87 08
 (065.309945)  can0  123   [8]  55 00 36 43 91 70 53 FF
 (065.310068)  can0  124   [8]  55 08 97 1E DB 12 8F 08
 (065.319836)  can0  123   [8]  56 00 32 43 91 B6 DC FF
 (065.320203)  can0  124   [8]  56 08 97 45 B1 12 98 08
 (065.329638)  can0  123   [8]  57 00 31 43 91 FD 63 FF
 (065.329888)  can0  124   [8]  57 08 97 6C A3 12 A1 08
 (065.339765)  can0  123   [8]  58 00 2F 43 92 3C 15 FF
 (065.339788)  can0  124   [8]  58 08 97 93 78 12 A9 08
 (065.349410)  can0  123   [8]  59 00 2F 43 92 82 9D FF
 (065.349674)  can0  124   [8]  59 08 97 BA 6E 12 B2 08
 (065.359323)  can0  123   [8]  5A 00 2D 43 92 C1 4E FF
 (065.359541)  can0  124   [8]  5A 08 97 E1 49 12 BA 08
 (065.369271)  can0  123   [8]  5B 00 2C 43 93 07 D6 FF
 (065.369484)  can0  124   [8]  5B 08 98 08 3E 12 C3 08
 (065.379156)  can0  123   [8]  5C 00 2C 43 93 46 88 FF
 (065.379383)  can0  124   [8]  5C 08 98 2F 13 12 CB 08
 (065.389249)  can0  123   [8]  5D 00 2B 43 93 8D 10 FF
 (065.389394)  can0  124   [8]  5D 08 98 56 A2 12 D4 08
 (065.399128)  can0  123   [8]  5E 00 2B 43 93 CB C1 FF
 (065.399158)  can0  124   [8]  5E 08 98 7C E5 12 DC 08
 (065.408921)  can0  123   [8]  5F 00 2B 43 94 12 49 FF
 (065.409064)  can0  124   [8]  5F 08 98 A3 D4 12 E5 08
 (065.418764)  can0  123   [8]  60 00 2B 43 94 50 FB FF
 (065.419256)  can0  124   [8]  60 08 98 CA B2 12 ED 08
 (065.428746)  can0  123   [8]  61 00 2B 43 94 97 83 FF
 (065.428879)  can0  124   [8]  61 08 98 F1 A8 12 F6 08
 (065.438570)  can0  123   [8]  62 00 2B 43 94 D6 34 FF
 (065.438874)  can0  124   [8]  62 08 99 18 82 12 FE 08
 (065.448544)  can0  123   [8]  63 00 2B 43 95 14 E6 FF
 (065.448823)  can0  124   [8]  63 08 99 3F 79 13 06 08
 (065.458516)  can0  123   [8]  64 00 2B 43 95 5B 6E FF
 (065.458708)  can0  124   [8]  64 08 99 66 54 13 0F 08
 (065.468314)  can0  123   [8]  65 00 2C 43 95 A1 F5 FF
 (065.468549)  can0  124   [8]  65 08 99 8D 48 13 18 08
 (065.478201)  can0  123   [8]  66 00 2C 43 95 E0 A7 FF
 (065.478391)  can0  124   [8]  66 08 99 B4 26 13 20 08
 (065.488120)  can0  123   [8]  67 00 2C 43 96 1F 59 FF
 (065.488327)  can0  124   [8]  67 08 99 DB 1F 13 28 08
 (065.498040)  can0  123   [8]  68 00 2C 43 96 65 E1 FF
 (065.498165)  can0  124   [8]  68 08 9A 01 FD 13 31 08
 (065.507885)  can0  123   [8]  69 00 2C 43 96 AC 68 FF
 (065.508113)  can0  124   [8]  69 08 9A 28 F0 13 3A 08
 (065.517770)  can0  123   [8]  6A 00 2C 43 96 EB 1A FF
 (065.518010)  can0  124   [8]  6A 08 9A 4F D0 13 42 08
 (065.527716)  can0  123   [8]  6B 00 2C 43 97 31 A2 FF
 (065.527897)  can0  124   [8]  6B 08 9A 76 C1 13 4B 08
 (065.537705)  can0  123   [8]  6C 00 2C 43 97 70 54 FF
 (065.537876)  can0  124   [8]  6C 08 9A 9D 9F 13 53 08
 (065.547825)  can0  123   [8]  6D 00 2C 43 97 B6 DB FF
 (065.547938)  can0  124   [8]  6D 08 9A C4 98 13 5C 08
 (065.557570)  can0  123   [8]  6E 00 2C 43 97 F5 8D FF
 (065.557665)  can0  124   [8]  6E 08 9A EB 77 13 64 08
 (065.567604)  can0  123   [8]  6F 00 2C 43 98 34 3F FF
 (065.568084)  can0  124   [8]  6F 08 9B 12 6E 13 6C 08
 (065.577335)  can0  123   [8]  70 00 2D 43 98 7A C6 FF
 (065.577665)  can0  124   [8]  70 08 9B 39 50 13 75 08
 (065.587268)  can0  123   [8]  71 00 2D 43 98 C1 4E FF
 (065.587413)  can0  124   [8]  71 08 9B 60 49 13 7E 08
 (065.597250)  can0  123   [8]  72 00 2D 43 99 00 00 FF
 (065.597382)  can0  124   [8]  72 08 9B 87 29 13 86 08
 (065.607126)  can0  123   [8]  73 00 2D 43 99 3E B2 FF
 (065.607269)  can0  124   [8]  73 08 9B AE 17 13 8E 08
 (065.616946)  can0  123   [8]  74 00 2D 43 99 85 39 FF
 (065.617172)  can0  124   [8]  74 08 9B D4 FB 13 97 08
 (065.626941)  can0  123   [8]  75 00 2D 43 99 C3 EB FF
 (065.627087)  can0  124   [8]  75 08 9B FB F3 13 9F 08
 (065.636877)  can0  123   [8]  76 00 2E 43 9A 0A 73 FF
 (065.637078)  can0  124   [8]  76 08 9C 22 CF 13 A8 08
 (065.647300)  can0  123   [8]  77 00 2E 43 9A 49 25 FF
 (065.647332)  can0  124   [8]  77 08 9C 49 C4 13 B0 08
 (065.656636)  can0  123   [8]  78 00 2E 43 9A 87 D6 FF
 (065.656765)  can0  124   [8]  78 08 9C 70 9F 13 B8 08
 (065.666508)  can0  123   [8]  79 00 2E 43 9A CE 5E FF
 (065.666761)  can0  124   [8]  79 08 9C 97 92 13 C1 08
 (065.676417)  can0  123   [8]  7A 00 2E 43 9B 14 E6 FF
 (065.676529)  can0  124   [8]  7A 08 9C BE 70 13 CA 08
 (065.686242)  can0  123   [8]  7B 00 2E 43 9B 53 98 FF
 (065.686377)  can0  124   [8]  7B 08 9C E5 64 13 D2 08
 (065.696069)  can0  123   [8]  7C 00 2F 43 9B 92 49 FF
 (065.696310)  can0  124   [8]  7C 08 9D 0C 40 13 DA 08
 (065.706110)  can0  123   [8]  7D 00 2F 43 9B D8 D1 FF
 (065.706191)  can0  124   [8]  7D 08 9D 33 37 13 E3 08
 (065.715952)  can0  123   [8]  7E 00 2F 43 9C 17 83 FF
 (065.716114)  can0  124   [8]  7E 08 9D 5A 15 13 EB 08
 (065.725941)  can0  123   [8]  7F 00 2F 43 9C 5E 0A FF
 (065.726164)  can0  124   [8]  7F 08 9D 81 07 13 F4 08
 (065.735675)  can0  123   [8]  80 00 2F 43 9C 9C BC FF
 (065.735891)  can0  124   [8]  80 08 9D A7 E9 13 FC 08
 (065.745605)  can0  123   [8]  81 00 2F 43 9C E3 44 FF
 (065.745796)  can0  124   [8]  81 08 9D CE DE 14 05 08
 (065.755678)  can0  123   [8]  82 00 2F 43 9D 21 F6 FF
 (065.755691)  can0  124   [8]  82 08 9D F5 BB 14 0D 08
 (065.765391)  can0  123   [8]  83 00 30 43 9D 68 7D FF
 (065.765660)  can0  124   [8]  83 08 9E 1C A9 14 16 08
 (065.775303)  can0  123   [8]  84 00 30 43 9D A7 2F FF
 (065.775627)  can0  124   [8]  84 08 9E 43 84 14 1E 08
 (065.785231)  can0  123   [8]  85 00 30 43 9D ED B7 FF
 (065.785425)  can0  124   [8]  85 08 9E 6A 78 14 27 08
 (065.795248)  can0  123   [8]  86 00 30 43 9E 2C 69 FF
 (065.795318)  can0  124   [8]  86 08 9E 91 51 14 2F 08
 (065.805025)  can0  123   [8]  87 00 30 43 9E 6B 1A FF
 (065.805245)  can0  124   [8]  87 08 9E B8 43 14 37 08
 (065.814968)  can0  123   [8]  88 00 30 43 9E B1 A2 FF
 (065.815122)  can0  124   [8]  88 08 9E DF 1B 14 40 08
 (065.824912)  can0  123   [8]  89 00 31 43 9E F0 54 FF
 (065.825090)  can0  124   [8]  89 08 9F 06 0C 14 48 08
 (065.834820)  can0  123   [8]  8A 00 31 43 9F 36 DB FF
 (065.835043)  can0  124   [8]  8A 08 9F 2C E3 14 51 08
 (065.844682)  can0  123   [8]  8B 00 31 43 9F 75 8D FF
 (065.844878)  can0  124   [8]  8B 08 9F 53 D3 14 59 08
 (065.854573)  can0  123   [8]  8C 00 31 43 9F BC 15 FF
 (065.854781)  can0  124   [8]  8C 08 9F 7A AD 14 62 08
 (065.864557)  can0  123   [8]  8D 00 32 43 9F FA C7 FF
 (065.864754)  can0  124   [8]  8D 08 9F A1 A1 14 6A 08
 (065.874397)  can0  123   [8]  8E 00 32 43 A0 41 4E FF
 (065.874639)  can0  124   [8]  8E 08 9F C8 7A 14 73 08
 (065.884405)  can0  123   [8]  8F 00 32 43 A0 80 00 FF
 (065.884514)  can0  124   [8]  8F 08 9F EF 6C 14 7B 08
 (065.894454)  can0  123   [8]  90 00 32 43 A0 C6 88 FF
 (065.894469)  can0  124   [8]  90 08 A0 16 41 14 84 08
 (065.904213)  can0  123   [8]  91 00 33 43 A1 05 3A FF
 (065.904379)  can0  124   [8]  91 08 A0 3D 36 14 8C 08
 (065.913990)  can0  123   [8]  92 00 33 43 A1 4B C1 FF
 (065.914209)  can0  124   [8]  92 08 A0 64 0D 14 95 08
 (065.924018)  can0  123   [8]  93 00 33 43 A1 8A 73 FF
 (065.924141)  can0  124   [8]  93 08 A0 8B 00 14 9D 08
 (065.933866)  can0  123   [8]  94 00 34 43 A1 D0 FB FF
 (065.934088)  can0  124   [8]  94 08 A0 B1 D6 14 A6 08
 (065.943813)  can0  123   [8]  95 00 34 43 A2 0F AC FF
 (065.943955)  can0  124   [8]  95 08 A0 D8 C8 14 AE 08
 (065.953795)  can0  123   [8]  96 00 34 43 A2 56 34 FF
 (065.953949)  can0  124   [8]  96 08 A0 FF A0 14 B7 08
 (065.963654)  can0  123   [8]  97 00 34 43 A2 94 E6 FF
 (065.963859)  can0  124   [8]  97 08 A1 26 92 14 BF 08
 (065.973637)  can0  123   [8]  98 00 34 43 A2 D3 98 FF
 (065.973741)  can0  124   [8]  98 08 A1 4D 6A 14 C7 08
 (065.983490)  can0  123   [8]  99 00 34 43 A3 1A 1F FF
 (065.983732)  can0  124   [8]  99 08 A1 74 5B 14 D0 08
 (065.993441)  can0  123   [8]  9A 00 34 43 A3 58 D1 FF
 (065.993544)  can0  124   [8]  9A 08 A1 9B 37 14 D8 08
 (066.003449)  can0  123   [8]  9B 00 34 43 A3 97 82 FF
 (066.003462)  can0  124   [8]  9B 08 A1 C2 26 14 E0 08
 (066.013224)  can0  123   [8]  9C 00 34 43 A3 DE 0B FF
 (066.013324)  can0  124   [8]  9C 08 A1 E9 07 14 E9 08
 (066.023424)  can0  123   [8]  9D 00 35 43 A4 1C BC FF
 (066.023462)  can0  124   [8]  9D 08 A2 0F FC 14 F1 08
 (066.033146)  can0  123   [8]  9E 00 37 43 A4 63 44 FF
 (066.033154)  can0  124   [8]  9E 08 A2 36 DA 14 FA 08
 (066.042915)  can0  123   [8]  9F 00 37 43 A4 A1 F5 FF
 (066.043103)  can0  124   [8]  9F 08 A2 5D C8 15 02 08
 (066.052797)  can0  123   [8]  A0 00 38 43 A4 E0 A7 FF
 (066.052957)  can0  124   [8]  A0 08 A2 84 96 15 0A 08
 (066.062716)  can0  123   [8]  A1 00 38 43 A5 27 2F FF
 (066.062892)  can0  124   [8]  A1 08 A2 AB 8B 15 13 08
 (066.072579)  can0  123   [8]  A2 00 39 43 A5 65 E1 FF
 (066.072726)  can0  124   [8]  A2 08 A2 D2 62 15 1B 08
 (066.082430)  can0  123   [8]  A3 00 39 43 A5 AC 69 FF
 (066.082648)  can0  124   [8]  A3 08 A2 F9 55 15 24 08
 (066.092437)  can0  123   [8]  A4 00 39 43 A5 EB 1A FF
 (066.092696)  can0  124   [8]  A4 08 A3 20 31 15 2C 08
 (066.102664)  can0  123   [8]  A5 00 3A 43 A6 29 CC FF
 (066.102679)  can0  124   [8]  A5 08 A3 47 26 15 34 08
 (066.112230)  can0  123   [8]  A6 00 3A 43 A6 70 53 FF
 (066.112422)  can0  124   [8]  A6 08 A3 6D FC 15 3D 08
 (066.122121)  can0  123   [8]  A7 00 3B 43 A6 AF 05 FF
 (066.122429)  can0  124   [8]  A7 08 A3 94 E8 15 45 08
 (066.132059)  can0  123   [8]  A8 00 3A 43 A6 F5 8D FF
 (066.132207)  can0  124   [8]  A8 08 A3 BB BF 15 4E 08
 (066.142175)  can0  123   [8]  A9 00 38 43 A7 34 3F FF
 (066.142279)  can0  124   [8]  A9 08 A3 E3 3C 15 56 08
 (066.151850)  can0  123   [8]  AA 00 35 43 A7 72 F0 FF
 (066.152039)  can0  124   [8]  AA 08 A4 09 84 15 5E 08
 (066.161743)  can0  123   [8]  AB 00 3C 43 A7 B9 78 FF
 (066.161915)  can0  124   [8]  AB 08 A4 30 74 15 67 08
 (066.171550)  can0  123   [8]  AC 00 42 43 A7 F8 2A FF
 (066.171792)  can0  124   [8]  AC 08 A4 57 54 15 6F 08
 (066.181656)  can0  123   [8]  AD 00 41 43 A8 36 DC FF
 (066.181948)  can0  124   [8]  AD 08 A4 7E 45 15 77 08
 (066.191383)  can0  123   [8]  AE 00 41 43 A8 7D 63 FF
 (066.191577)  can0  124   [8]  AE 08 A4 A5 23 15 80 08
 (066.201256)  can0  123   [8]  AF 00 41 43 A8 BC 15 FF
 (066.201488)  can0  124   [8]  AF 08 A4 CC 12 15 88 08
 (066.211203)  can0  123   [8]  B0 00 42 43 A8 FA C7 FF
 (066.211399)  can0  124   [8]  B0 08 A4 F2 F1 15 90 08
 (066.221129)  can0  123   [8]  B1 00 42 43 A9 41 4E FF
 (066.221549)  can0  124   [8]  B1 08 A5 19 E2 15 99 08
 (066.230984)  can0  123   [8]  B2 00 43 43 A9 80 00 FF
 (066.231182)  can0  124   [8]  B2 08 A5 40 B9 15 A1 08
 (066.240886)  can0  123   [8]  B3 00 43 43 A9 BE B1 FF
 (066.241161)  can0  124   [8]  B3 08 A5 67 A7 15 A9 08
 (066.250790)  can0  123   [8]  B4 00 43 43 AA 05 3A FF
 (066.251067)  can0  124   [8]  B4 08 A5 8E 7F 15 B2 08
 (066.260728)  can0  123   [8]  B5 00 43 43 AA 43 EB FF
 (066.260968)  can0  124   [8]  B5 08 A5 B5 73 15 BA 08
 (066.270562)  can0  123   [8]  B6 00 43 43 AA 82 9D FF
 (066.270920)  can0  124   [8]  B6 08 A5 DC 4B 15 C2 08
 (066.280561)  can0  123   [8]  B7 00 43 43 AA C9 24 FF
 (066.280813)  can0  124   [8]  B7 08 A6 03 40 15 CB 08
 (066.290387)  can0  123   [8]  B8 00 43 43 AB 07 D6 FF
 (066.290601)  can0  124   [8]  B8 08 A6 2A 1C 15 D3 08
 (066.300910)  can0  123   [8]  B9 00 42 43 AB 4E 5E FF
 (066.300938)  can0  124   [8]  B9 08 A6 51 0E 15 DC 08
 (066.310223)  can0  123   [8]  BA 00 42 43 AB 8D 10 FF
 (066.310456)  can0  124   [8]  BA 08 A6 77 E9 15 E4 08
 (066.320113)  can0  123   [8]  BB 00 42 43 AB CB C1 FF
 (066.320336)  can0  124   [8]  BB 08 A6 9E D6 15 EC 08
 (066.330164)  can0  123   [8]  BC 00 42 43 AC 12 49 FF
 (066.330243)  can0  124   [8]  BC 08 A6 C5 B6 15 F5 08
 (066.339984)  can0  123   [8]  BD 00 42 43 AC 50 FB FF
 (066.340175)  can0  124   [8]  BD 08 A6 EC AD 15 FD 08
 (066.349844)  can0  123   [8]  BE 00 42 43 AC 97 83 FF
 (066.350093)  can0  124   [8]  BE 08 A7 13 89 16 06 08
 (066.359796)  can0  123   [8]  BF 00 41 43 AC D6 34 FF
 (066.360032)  can0  124   [8]  BF 08 A7 3A 7C 16 0E 08
 (066.369687)  can0  123   [8]  C0 00 41 43 AD 14 E6 FF
 (066.369879)  can0  124   [8]  C0 08 A7 61 4C 16 16 08
 (066.379621)  can0  123   [8]  C1 00 41 43 AD 5B 6E FF
 (066.379836)  can0  124   [8]  C1 08 A7 88 44 16 1F 08
 (066.389550)  can0  123   [8]  C2 00 41 43 AD 9A 1F FF
 (066.389849)  can0  124   [8]  C2 08 A7 AF 1F 16 27 08
 (066.399522)  can0  123   [8]  C3 00 41 43 AD E0 A7 FF
 (066.399735)  can0  124   [8]  C3 08 A7 D6 0B 16 30 08
 (066.409442)  can0  123   [8]  C4 00 41 43 AE 1F 59 FF
 (066.409656)  can0  124   [8]  C4 08 A7 FC E4 16 38 08
 (066.419585)  can0  123   [8]  C5 00 41 43 AE 65 E1 FF
 (066.419608)  can0  124   [8]  C5 08 A8 23 CF 16 41 08
 (066.429301)  can0  123   [8]  C6 00 40 43 AE AC 68 FF
 (066.429512)  can0  124   [8]  C6 08 A8 4A A9 16 4A 08
 (066.439232)  can0  123   [8]  C7 00 40 43 AE EB 1A FF
 (066.439379)  can0  124   [8]  C7 08 A8 71 8F 16 52 08
 (066.449070)  can0  123   [8]  C8 00 40 43 AF 31 A2 FF
 (066.449258)  can0  124   [8]  C8 08 A8 98 64 16 5B 08
 (066.459024)  can0  123   [8]  C9 00 40 43 AF 70 54 FF
 (066.459230)  can0  124   [8]  C9 08 A8 BF 5D 16 63 08
 (066.469168)  can0  123   [8]  CA 00 40 43 AF B6 DB FF
 (066.469188)  can0  124   [8]  CA 08 A8 E6 31 16 6C 08
 (066.479039)  can0  123   [8]  CB 00 40 43 AF F5 8D FF
 (066.479056)  can0  124   [8]  CB 08 A9 0D 22 16 74 08
 (066.488718)  can0  123   [8]  CC 00 3F 43 B0 3C 15 FF
 (066.488921)  can0  124   [8]  CC 08 A9 33 F5 16 7D 08
 (066.498622)  can0  123   [8]  CD 00 3F 43 B0 82 9C FF
 (066.498838)  can0  124   [8]  CD 08 A9 5A E5 16 86 08
 (066.508419)  can0  123   [8]  CE 00 3F 43 B0 C1 4F FF
 (066.508710)  can0  124   [8]  CE 08 A9 81 BD 16 8E 08
 (066.518428)  can0  123   [8]  CF 00 3F 43 B1 07 D6 FF
 (066.518585)  can0  124   [8]  CF 08 A9 A8 AD 16 97 08
 (066.528255)  can0  123   [8]  D0 00 3F 43 B1 46 88 FF
 (066.528492)  can0  124   [8]  D0 08 A9 CF 85 16 9F 08
 (066.538159)  can0  123   [8]  D1 00 3F 43 B1 8D 10 FF
 (066.538645)  can0  124   [8]  D1 08 A9 F6 75 16 A8 08
 (066.548054)  can0  123   [8]  D2 00 3F 43 B1 D3 98 FF
 (066.548392)  can0  124   [8]  D2 08 AA 1D 56 16 B1 08
 (066.558036)  can0  123   [8]  D3 00 3F 43 B2 12 49 FF
 (066.558219)  can0  124   [8]  D3 08 AA 44 48 16 B9 08
 (066.567906)  can0  123   [8]  D4 00 3F 43 B2 58 D1 FF
 (066.568253)  can0  124   [8]  D4 08 AA 6B 1D 16 C2 08
 (066.577739)  can0  123   [8]  D5 00 3F 43 B2 97 83 FF
 (066.577997)  can0  124   [8]  D5 08 AA 92 0D 16 CA 08
 (066.587699)  can0  123   [8]  D6 00 3F 43 B2 DE 0A FF
 (066.587848)  can0  124   [8]  D6 08 AA B8 E6 16 D3 08
 (066.597653)  can0  123   [8]  D7 00 3F 43 B3 24 92 FF
 (066.597752)  can0  124   [8]  D7 08 AA DF D2 16 DC 08
 (066.607436)  can0  123   [8]  D8 00 3F 43 B3 63 44 FF
 (066.607666)  can0  124   [8]  D8 08 AB 06 AD 16 E4 08
 (066.617399)  can0  123   [8]  D9 00 3E 43 B3 A9 CC FF
 (066.617574)  can0  124   [8]  D9 08 AB 2D 9E 16 ED 08
 (066.627320)  can0  123   [8]  DA 00 3E 43 B3 F0 53 FF
 (066.627578)  can0  124   [8]  DA 08 AB 54 78 16 F6 08
 (066.637284)  can0  123   [8]  DB 00 3E 3E BC 14 E5 FF
 (066.637493)  can0  124   [8]  DB 08 AB 7B 6D 00 06 08
 (066.647157)  can0  123   [8]  DC 00 3E 3F 6B 1A 1F FF
 (066.647365)  can0  124   [8]  DC 08 AB A2 42 00 0F 08
 (066.657126)  can0  123   [8]  DD 00 3E 3F B4 3E B2 FF
 (066.657294)  can0  124   [8]  DD 08 AB C9 34 00 17 08
 (066.666983)  can0  123   [8]  DE 00 3E 3F FA C6 88 FF
 (066.667221)  can0  124   [8]  DE 08 AB F0 09 00 20 08
 (066.677053)  can0  123   [8]  DF 00 3E 40 1C BC 15 FF
 (066.677070)  can0  124   [8]  DF 08 AC 16 F7 00 28 08
 (066.686788)  can0  123   [8]  E0 00 3E 40 40 00 01 FF
 (066.686961)  can0  124   [8]  E0 08 AC 3D D3 00 31 08
 (066.696671)  can0  123   [8]  E1 00 3E 40 63 43 EB FF
 (066.696897)  can0  124   [8]  E1 08 AC 64 C5 00 3A 08
 (066.706609)  can0  123   [8]  E2 00 3E 40 81 4E 5E FF
 (066.706942)  can0  124   [8]  E2 08 AC 8B 9A 00 42 08
 (066.716510)  can0  123   [8]  E3 00 3E 40 92 F0 54 FF
 (066.716693)  can0  124   [8]  E3 08 AC B2 8F 00 4B 08
 (066.726644)  can0  123   [8]  E4 00 3E 40 A2 9C BC FF
 (066.726684)  can0  124   [8]  E4 08 AC D9 65 00 53 08
 (066.736250)  can0  123   [8]  E5 00 3E 40 B4 3E B2 FF
 (066.736544)  can0  124   [8]  E5 08 AD 00 5A 00 5C 08
 (066.746379)  can0  123   [8]  E6 00 3E 40 C3 EB 1B FF
 (066.746402)  can0  124   [8]  E6 08 AD 27 35 00 64 08
 (066.756114)  can0  123   [8]  E7 00 3E 40 D5 8D 10 FF
 (066.756313)  can0  124   [8]  E7 08 AD 4E 27 00 6D 08
 (066.765994)  can0  123   [8]  E8 00 3E 40 E7 2F 05 FF
 (066.766174)  can0  124   [8]  E8 08 AD 74 FE 00 76 08
 (066.775961)  can0  123   [8]  E9 00 3E 40 F6 DB 6E FF
 (066.776193)  can0  124   [8]  E9 08 AD 9B F2 00 7E 08
 (066.786277)  can0  123   [8]  EA 00 3E 41 03 43 EB FF
 (066.786294)  can0  124   [8]  EA 08 AD C2 CE 00 86 08
 (066.795796)  can0  123   [8]  EB 00 3E 41 0C 14 E6 FF
 (066.795957)  can0  124   [8]  EB 08 AD E9 BE 00 8F 08
 (066.805948)  can0  123   [8]  EC 00 3E 41 14 E5 E1 FF
 (066.805998)  can0  124   [8]  EC 08 AE 10 97 00 98 08
 (066.815666)  can0  123   [8]  ED 00 3E 41 1C BC 15 FF
 (066.816004)  can0  124   [8]  ED 08 AE 37 89 00 A0 08
 (066.825517)  can0  123   [8]  EE 00 3E 41 25 8D 0F FF
 (066.825731)  can0  124   [8]  EE 08 AE 5E 5E 00 A9 08
 (066.835488)  can0  123   [8]  EF 00 3E 41 2D 63 44 FF
 (066.835677)  can0  124   [8]  EF 08 AE 85 59 00 B1 08
 (066.845529)  can0  123   [8]  F0 00 3E 41 36 34 3F FF
 (066.845548)  can0  124   [8]  F0 08 AE AC 31 00 BA 08
 (066.855383)  can0  123   [8]  F1 00 3E 41 3E 0A 73 FF
 (066.855406)  can0  124   [8]  F1 08 AE D3 25 00 C2 08
 (066.865188)  can0  123   [8]  F2 00 3E 41 46 DB 6E FF
 (066.865398)  can0  124   [8]  F2 08 AE F9 FA 00 CB 08
 (066.875103)  can0  123   [8]  F3 00 3E 41 4E B1 A2 FF
 (066.875281)  can0  124   [8]  F3 08 AF 20 EE 00 D3 08
 (066.885012)  can0  123   [8]  F4 00 3E 41 57 82 9C FF
 (066.885026)  can0  124   [8]  F4 08 AF 47 C9 00 DC 08
 (066.894785)  can0  123   [8]  F5 00 3E 41 5F 58 D1 FF
 (066.895003)  can0  124   [8]  F5 08 AF 6E B9 00 E4 08
 (066.904721)  can0  123   [8]  F6 00 3E 41 68 29 CB FF
 (066.904898)  can0  124   [8]  F6 08 AF 95 8A 00 ED 08
 (066.914646)  can0  123   [8]  F7 00 3E 41 70 00 00 FF
 (066.914815)  can0  124   [8]  F7 08 AF BC 7F 00 F5 08
 (066.924647)  can0  123   [8]  F8 00 3E 41 78 D0 FA FF
 (066.924900)  can0  124   [8]  F8 08 AF E3 55 00 FE 08
 (066.934458)  can0  123   [8]  F9 00 3E 41 80 53 98 FF
 (066.934787)  can0  124   [8]  F9 08 B0 0A 4D 01 06 08
 (066.944600)  can0  123   [8]  FA 00 3D 41 82 C6 88 FF
 (066.944628)  can0  124   [8]  FA 08 B0 31 28 01 0B 08
 (066.954379)  can0  123   [8]  FB 00 3D 41 83 C1 4F FF
 (066.954535)  can0  124   [8]  FB 08 B0 58 1D 01 0D 08
 (066.964248)  can0  123   [8]  FC 00 3D 41 84 3E B2 FF
 (066.964443)  can0  124   [8]  FC 08 B0 7E F6 01 0E 08
 (066.974216)  can0  123   [8]  FD 00 3D 41 84 3E B2 FF
 (066.974410)  can0  124   [8]  FD 08 B0 A5 EC 01 0E 08
 (066.984024)  can0  123   [8]  FE 00 3D 41 84 BC 15 FF
 (066.984269)  can0  124   [8]  FE 08 B0 CC C3 01 0F 08
 (066.993939)  can0  123   [8]  FF 00 3D 41 84 BC 15 FF
 (066.994104)  can0  124   [8]  FF 08 B0 F3 B7 01 0F 08
 (067.004171)  can0  123   [8]  00 00 3D 41 84 BC 15 FF
 (067.004224)  can0  124   [8]  00 08 B1 1A 90 01 0F 08
 (067.013778)  can0  123   [8]  01 00 3D 41 84 BC 15 FF
 (067.013929)  can0  124   [8]  01 08 B1 41 84 01 0F 08
 (067.023579)  can0  123   [8]  02 00 3D 41 84 BC 15 FF
 (067.023708)  can0  124   [8]  02 08 B1 68 5F 01 0F 08
 (067.033534)  can0  123   [8]  03 00 3D 41 84 BC 15 FF
 (067.033733)  can0  124   [8]  03 08 B1 8F 55 01 0F 08
 (067.043379)  can0  123   [8]  04 00 3E 41 84 BC 15 FF
 (067.043717)  can0  124   [8]  04 08 B1 B6 31 01 0F 08
 (067.053686)  can0  123   [8]  05 00 3E 41 84 BC 15 FF
 (067.053709)  can0  124   [8]  05 08 B1 DD 22 01 0F 08
 (067.063276)  can0  123   [8]  06 00 3E 41 84 BC 15 FF
 (067.063539)  can0  124   [8]  06 08 B2 03 FA 01 0F 08
 (067.073020)  can0  123   [8]  07 00 3E 41 84 BC 15 FF
 (067.073320)  can0  124   [8]  07 08 B2 2A F5 01 0F 08
 (067.082951)  can0  123   [8]  08 00 3E 41 84 BC 15 FF
 (067.083238)  can0  124   [8]  08 08 B2 51 D1 01 0F 08
 (067.092999)  can0  123   [8]  09 00 3E 41 84 BC 15 FF
 (067.093083)  can0  124   [8]  09 08 B2 78 CC 01 0F 08
 (067.102930)  can0  123   [8]  0A 00 3E 41 84 BC 15 FF
 (067.102998)  can0  124   [8]  0A 08 B2 9F A8 01 0F 08
 (067.112693)  can0  123   [8]  0B 00 3E 41 84 BC 15 FF
 (067.112827)  can0  124   [8]  0B 08 B2 C6 9F 01 0F 08
 (067.122595)  can0  123   [8]  0C 00 3E 41 84 BC 15 FF
 (067.122776)  can0  124   [8]  0C 08 B2 ED 7B 01 0F 08
 (067.132469)  can0  123   [8]  0D 00 3E 41 84 BC 15 FF
 (067.132733)  can0  124   [8]  0D 08 B3 14 71 01 0F 08
 (067.142528)  can0  123   [8]  0E 00 3E 41 84 BC 15 FF
 (067.142674)  can0  124   [8]  0E 08 B3 3B 51 01 0F 08
 (067.152402)  can0  123   [8]  0F 00 3E 41 84 BC 15 FF
 (067.152613)  can0  124   [8]  0F 08 B3 62 48 01 0F 08
 (067.162329)  can0  123   [8]  10 00 3E 41 84 BC 15 FF
 (067.162594)  can0  124   [8]  10 08 B3 89 21 01 0F 08
 (067.172103)  can0  123   [8]  11 00 3E 41 84 BC 15 FF
 (067.172422)  can0  124   [8]  11 08 B3 B0 18 01 0F 08
 (067.181973)  can0  123   [8]  12 00 3E 41 84 BC 15 FF
 (067.182223)  can0  124   [8]  12 08 B3 D6 F1 01 0F 08
 (067.192462)  can0  123   [8]  13 00 3E 41 84 BC 15 FF
 (067.192478)  can0  124   [8]  13 08 B3 FD E4 01 0F 08
 (067.201793)  can0  123   [8]  14 00 3E 41 84 BC 15 FF
 (067.202005)  can0  124   [8]  14 08 B4 24 C1 01 0F 08
 (067.211792)  can0  123   [8]  15 00 3E 41 84 BC 15 FF
 (067.211974)  can0  124   [8]  15 08 B4 4B BB 01 0F 08
 (067.222279)  can0  123   [8]  16 00 3E 41 84 BC 15 FF
 (067.222322)  can0  124   [8]  16 08 B4 72 95 01 0F 08
 (067.231614)  can0  123   [8]  17 00 3E 41 84 3E B2 FF
 (067.232030)  can0  124   [8]  17 08 B4 99 8B 01 0E 08
 (067.241628)  can0  123   [8]  18 00 3E 41 84 3E B2 FF
 (067.241758)  can0  124   [8]  18 08 B4 C0 68 01 0E 08
 (067.251744)  can0  123   [8]  19 00 3F 41 84 3E B2 FF
 (067.251791)  can0  124   [8]  19 08 B4 E7 5E 01 0E 08
 (067.262330)  can0  123   [8]  1A 00 3F 41 84 3E B2 FF
 (067.262389)  can0  124   [8]  1A 08 B5 0E 37 01 0E 08
 (067.271403)  can0  123   [8]  1B 00 3F 41 84 3E B2 FF
 (067.271446)  can0  124   [8]  1B 08 B5 35 2A 01 0E 08
 (067.281291)  can0  123   [8]  1C 00 3F 41 84 3E B2 FF
 (067.281462)  can0  124   [8]  1C 08 B5 5C 01 01 0E 08
 (067.290977)  can0  123   [8]  1D 00 3F 41 84 3E B2 FF
 (067.291238)  can0  124   [8]  1D 08 B5 82 F4 01 0E 08
 (067.301204)  can0  123   [8]  1E 00 3E 41 83 C1 4F FF
 (067.301222)  can0  124   [8]  1E 08 B5 A9 CC 01 0D 08
 (067.310829)  can0  123   [8]  1F 00 3E 41 82 C6 88 FF
 (067.311011)  can0  124   [8]  1F 08 B5 D0 BC 01 0B 08
 (067.320703)  can0  123   [8]  20 00 3E 41 81 4E 5E FF
 (067.320888)  can0  124   [8]  20 08 B5 F7 99 01 08 08
 (067.330634)  can0  123   [8]  21 00 3E 41 7E B1 A2 FF
 (067.330937)  can0  124   [8]  21 08 B6 1E 89 01 04 08
 (067.340549)  can0  123   [8]  22 00 3E 41 7A C6 88 FF
 (067.340745)  can0  124   [8]  22 08 B6 45 67 01 00 08
 (067.350529)  can0  123   [8]  23 00 3E 41 75 E0 A7 FF
 (067.350652)  can0  124   [8]  23 08 B6 6C 57 00 FB 08
 (067.360420)  can0  123   [8]  24 00 3E 41 70 FA C7 FF
 (067.360599)  can0  124   [8]  24 08 B6 93 33 00 F6 08
 (067.370513)  can0  123   [8]  25 00 3E 41 6D 0F AD FF
 (067.370550)  can0  124   [8]  25 08 B6 BA 29 00 F2 08
 (067.380227)  can0  123   [8]  26 00 3E 41 68 29 CB FF
 (067.380497)  can0  124   [8]  26 08 B6 E0 FC 00 ED 08
 (067.390062)  can0  123   [8]  27 00 3E 41 62 49 25 FF
 (067.390316)  can0  124   [8]  27 08 B7 07 EB 00 E7 08
 (067.400039)  can0  123   [8]  28 00 3E 41 5D 63 44 FF
 (067.400222)  can0  124   [8]  28 08 B7 2E CB 00 E2 08
 (067.409946)  can0  123   [8]  29 00 3E 41 58 7D 64 FF
 (067.410374)  can0  124   [8]  29 08 B7 55 BC 00 DD 08
 (067.419800)  can0  123   [8]  2A 00 3E 41 52 9C BC FF
 (067.420049)  can0  124   [8]  2A 08 B7 7C 98 00 D7 08
 (067.429717)  can0  123   [8]  2B 00 3E 41 4D B6 DC FF
 (067.429961)  can0  124   [8]  2B 08 B7 A3 8B 00 D2 08
 (067.439616)  can0  123   [8]  2C 00 3E 41 47 D6 34 FF
 (067.439844)  can0  124   [8]  2C 08 B7 CA 64 00 CC 08
 (067.449576)  can0  123   [8]  2D 00 3E 41 42 F0 53 FF
 (067.449712)  can0  124   [8]  2D 08 B7 F1 53 00 C7 08
 (067.459474)  can0  123   [8]  2E 00 3E 41 3D 0F AD FF
 (067.459620)  can0  124   [8]  2E 08 B8 14 43 00 C1 08
 (067.469315)  can0  123   [8]  2F 00 3D 41 37 2F 05 FF
 (067.469587)  can0  124   [8]  2F 08 B8 3F 22 00 BB 08
 (067.479202)  can0  123   [8]  30 00 3E 41 32 49 25 FF
 (067.479476)  can0  124   [8]  30 08 B8 65 FB 00 B6 08
 (067.489112)  can0  123   [8]  31 00 3E 41 2C 68 7E FF
 (067.489359)  can0  124   [8]  31 08 B8 8C EE 00 B0 08
 (067.499040)  can0  123   [8]  32 00 3E 41 26 87 D6 FF
 (067.499220)  can0  124   [8]  32 08 B8 B3 CB 00 AA 08
 (067.508938)  can0  123   [8]  33 00 3E 41 20 A7 2F FF
 (067.509292)  can0  124   [8]  33 08 B8 DA BE 00 A4 08
 (067.518799)  can0  123   [8]  34 00 3E 41 1A C6 88 FF
 (067.519136)  can0  124   [8]  34 08 B9 01 92 00 9E 08
 (067.528722)  can0  123   [8]  35 00 3D 41 14 E5 E1 FF
 (067.528949)  can0  124   [8]  35 08 B9 28 85 00 98 08
 (067.538641)  can0  123   [8]  36 00 3E 41 0F 05 39 FF
 (067.538839)  can0  124   [8]  36 08 B9 4F 5F 00 92 08
 (067.548510)  can0  123   [8]  37 00 3E 41 09 24 92 FF
 (067.548761)  can0  124   [8]  37 08 B9 76 4E 00 8C 08
 (067.558370)  can0  123   [8]  38 00 3E 41 02 49 25 FF
 (067.558665)  can0  124   [8]  38 08 B9 9D 25 00 85 08
 (067.568304)  can0  123   [8]  39 00 3E 40 F8 D0 FA FF
 (067.568545)  can0  124   [8]  39 08 B9 C4 17 00 7F 08
 (067.578210)  can0  123   [8]  3A 00 3E 40 ED 0F AD FF
 (067.578481)  can0  124   [8]  3A 08 B9 EA F1 00 79 08
 (067.588197)  can0  123   [8]  3B 00 3E 40 E1 4E 5E FF
 (067.588376)  can0  124   [8]  3B 08 BA 11 E6 00 73 08
 (067.598045)  can0  123   [8]  3C 00 3E 40 D3 97 82 FF
 (067.598383)  can0  124   [8]  3C 08 BA 38 BC 00 6C 08
 (067.608197)  can0  123   [8]  3D 00 3E 40 C7 D6 34 FF
 (067.608224)  can0  124   [8]  3D 08 BA 5F AF 00 66 08
 (067.617848)  can0  123   [8]  3E 00 3E 40 BC 14 E5 FF
 (067.618080)  can0  124   [8]  3E 08 BA 86 88 00 60 08
 (067.627785)  can0  123   [8]  3F 00 3E 40 AE 5E 0B FF
 (067.628071)  can0  124   [8]  3F 08 BA AD 75 00 59 08
 (067.637791)  can0  123   [8]  40 00 3E 40 A0 A7 2F FF
 (067.637917)  can0  124   [8]  40 08 BA D4 4B 00 52 08
 (067.647706)  can0  123   [8]  41 00 3E 40 94 E5 E1 FF
 (067.647867)  can0  124   [8]  41 08 BA FB 39 00 4C 08
 (067.657565)  can0  123   [8]  42 00 3E 40 87 2F 06 FF
 (067.657794)  can0  124   [8]  42 08 BB 22 0F 00 45 08
 (067.667598)  can0  123   [8]  43 00 3E 40 72 F0 54 FF
 (067.667770)  can0  124   [8]  43 08 BB 49 01 00 3E 08
 (067.677409)  can0  123   [8]  44 00 3E 40 5B 6D B7 FF
 (067.677677)  can0  124   [8]  44 08 BB 6F D5 00 38 08
 (067.687306)  can0  123   [8]  45 00 3E 40 40 00 01 FF
 (067.687540)  can0  124   [8]  45 08 BB 96 C9 00 31 08
 (067.697190)  can0  123   [8]  46 00 3E 40 24 92 49 FF
 (067.697413)  can0  124   [8]  46 08 BB BD A5 00 2A 08
 (067.707255)  can0  123   [8]  47 00 3E 40 09 24 92 FF
 (067.707290)  can0  124   [8]  47 08 BB E4 99 00 23 08
 (067.717084)  can0  123   [8]  48 00 3E 3F DB 6D B7 FF
 (067.717180)  can0  124   [8]  48 08 BC 0B 71 00 1C 08
 (067.727089)  can0  123   [8]  49 00 3E 3F A4 92 49 FF
 (067.727146)  can0  124   [8]  49 08 BC 32 5F 00 15 08
 (067.736798)  can0  123   [8]  4A 00 3E 3F 5B 6D B7 FF
 (067.737112)  can0  124   [8]  4A 08 BC 59 39 00 0E 08
 (067.746697)  can0  123   [8]  4B 00 3E 3E DB 6D B7 FF
 (067.746859)  can0  124   [8]  4B 08 BC 80 2B 00 07 08
 (067.756586)  can0  123   [8]  4C 00 3E 43 B3 F8 2A FF
 (067.756818)  can0  124   [8]  4C 08 BC A6 FE 16 F7 08
 (067.766521)  can0  123   [8]  4D 00 3E 43 B3 C1 4E FF
 (067.766797)  can0  124   [8]  4D 08 BC CD F4 16 F0 08
 (067.776438)  can0  123   [8]  4E 00 3E 43 B3 8A 73 FF
 (067.776806)  can0  124   [8]  4E 08 BC F4 CF 16 E9 08
 (067.786330)  can0  123   [8]  4F 00 3E 43 B3 53 97 FF
 (067.786585)  can0  124   [8]  4F 08 BD 1B C0 16 E2 08
 (067.796256)  can0  123   [8]  50 00 3E 43 B3 14 E6 FF
 (067.796398)  can0  124   [8]  50 08 BD 42 9B 16 DA 08
 (067.806290)  can0  123   [8]  51 00 3E 43 B2 DE 0A FF
 (067.806449)  can0  124   [8]  51 08 BD 69 8A 16 D3 08
 (067.816192)  can0  123   [8]  52 00 3E 43 B2 9F 59 FF
 (067.816390)  can0  124   [8]  52 08 BD 90 6A 16 CB 08
 (067.826256)  can0  123   [8]  53 00 3E 43 B2 68 7D FF
 (067.826298)  can0  124   [8]  53 08 BD B7 5A 16 C4 08
 (067.835985)  can0  123   [8]  54 00 3E 43 B2 29 CC FF
 (067.836179)  can0  124   [8]  54 08 BD DE 34 16 BC 08
 (067.845944)  can0  123   [8]  55 00 3E 43 B1 F2 F0 FF
 (067.846374)  can0  124   [8]  55 08 BE 05 28 16 B5 08
 (067.855820)  can0  123   [8]  56 00 3F 43 B1 B4 3F FF
 (067.856012)  can0  124   [8]  56 08 BE 2B FE 16 AD 08
 (067.865694)  can0  123   [8]  57 00 3F 43 B1 75 8D FF
 (067.865806)  can0  124   [8]  57 08 BE 52 F2 16 A5 08
 (067.875604)  can0  123   [8]  58 00 3F 43 B1 3E B2 FF
 (067.875811)  can0  124   [8]  58 08 BE 79 CC 16 9E 08
 (067.885520)  can0  123   [8]  59 00 3F 43 B1 00 00 FF
 (067.885685)  can0  124   [8]  59 08 BE A0 C1 16 96 08
 (067.895382)  can0  123   [8]  5A 00 3F 43 B0 C1 4F FF
 (067.895502)  can0  124   [8]  5A 08 BE C7 98 16 8E 08
 (067.905314)  can0  123   [8]  5B 00 3F 43 B0 82 9C FF
 (067.905571)  can0  124   [8]  5B 08 BE EE 90 16 86 08
 (067.915360)  can0  123   [8]  5C 00 3F 43 B0 43 EB FF
 (067.915463)  can0  124   [8]  5C 08 BF 15 6B 16 7E 08
 (067.925517)  can0  123   [8]  5D 00 3F 43 B0 05 39 FF
 (067.925551)  can0  124   [8]  5D 08 BF 3C 64 16 76 08
 (067.935213)  can0  123   [8]  5E 00 3F 43 AF C6 88 FF
 (067.935246)  can0  124   [8]  5E 08 BF 63 42 16 6E 08
 (067.945235)  can0  123   [8]  5F 00 40 43 AF 87 D6 FF
 (067.945632)  can0  124   [8]  5F 08 BF 8A 38 16 66 08
 (067.954899)  can0  123   [8]  60 00 40 43 AF 49 25 FF
 (067.955081)  can0  124   [8]  60 08 BF B1 18 16 5E 08
 (067.964790)  can0  123   [8]  61 00 40 43 AF 0A 73 FF
 (067.964932)  can0  124   [8]  61 08 BF D8 09 16 56 08
 (067.974603)  can0  123   [8]  62 00 40 43 AE C3 EB FF
 (067.974945)  can0  124   [8]  62 08 BF FE E4 16 4D 08
 (067.984578)  can0  123   [8]  63 00 40 43 AE 85 39 FF
 (067.984850)  can0  124   [8]  63 08 C0 25 D9 16 45 08
 (067.994453)  can0  123   [8]  64 00 40 43 AE 3E B2 FF
 (067.994554)  can0  124   [8]  64 08 C0 4C B5 16 3C 08
 (068.004599)  can0  123   [8]  65 00 40 43 AE 00 00 FF
 (068.005507)  can0  124   [8]  65 08 C0 73 A7 16 34 08
 (068.014393)  can0  123   [8]  66 00 40 43 AD C1 4E FF
 (068.014427)  can0  124   [8]  66 08 C0 9A 82 16 2C 08
 (068.024576)  can0  123   [8]  67 00 40 43 AD 7A C7 FF
 (068.024625)  can0  124   [8]  67 08 C0 C1 79 16 23 08
 (068.034155)  can0  123   [8]  68 00 41 43 AD 34 3E FF
 (068.034587)  can0  124   [8]  68 08 C0 E8 53 16 1A 08
 (068.044079)  can0  123   [8]  69 00 41 43 AC F5 8D FF
 (068.044248)  can0  124   [8]  69 08 C1 0F 4A 16 12 08
 (068.054125)  can0  123   [8]  6A 00 41 43 AC AF 05 FF
 (068.054170)  can0  124   [8]  6A 08 C1 36 23 16 09 08
 (068.063845)  can0  123   [8]  6B 00 41 43 AC 68 7E FF
 (068.063967)  can0  124   [8]  6B 08 C1 5D 16 16 00 08
 (068.073832)  can0  123   [8]  6C 00 41 43 AC 29 CB FF
 (068.073853)  can0  124   [8]  6C 08 C1 83 E8 15 F8 08
 (068.083672)  can0  123   [8]  6D 00 41 43 AB E3 44 FF
 (068.083822)  can0  124   [8]  6D 08 C1 AA DE 15 EF 08
 (068.093540)  can0  123   [8]  6E 00 42 43 AB 9C BC FF
 (068.093698)  can0  124   [8]  6E 08 C1 D1 BA 15 E6 08
 (068.103716)  can0  123   [8]  6F 00 42 43 AB 56 34 FF
 (068.103742)  can0  124   [8]  6F 08 C1 F8 B2 15 DD 08
 (068.113334)  can0  123   [8]  70 00 42 43 AB 0F AD FF
 (068.113588)  can0  124   [8]  70 08 C2 1F 8D 15 D4 08
 (068.123429)  can0  123   [8]  71 00 42 43 AA C9 24 FF
 (068.123452)  can0  124   [8]  71 08 C2 46 80 15 CB 08
 (068.133256)  can0  123   [8]  72 00 42 43 AA 82 9D FF
 (068.133362)  can0  124   [8]  72 08 C2 6D 5B 15 C2 08
 (068.143234)  can0  123   [8]  73 00 43 43 AA 3C 15 FF
 (068.143247)  can0  124   [8]  73 08 C2 94 4D 15 B9 08
 (068.152994)  can0  123   [8]  74 00 43 43 A9 F5 8D FF
 (068.153129)  can0  124   [8]  74 08 C2 BB 24 15 B0 08
 (068.162826)  can0  123   [8]  75 00 43 43 A9 AF 05 FF
 (068.162955)  can0  124   [8]  75 08 C2 E2 12 15 A7 08
 (068.172603)  can0  123   [8]  76 00 43 43 A9 68 7D FF
 (068.172757)  can0  124   [8]  76 08 C3 08 E8 15 9E 08
 (068.182541)  can0  123   [8]  77 00 42 43 A9 1A 20 FF
 (068.182658)  can0  124   [8]  77 08 C3 2F D4 15 94 08
 (068.192558)  can0  123   [8]  78 00 42 43 A8 D3 97 FF
 (068.192569)  can0  124   [8]  78 08 C3 56 B4 15 8B 08
 (068.202381)  can0  123   [8]  79 00 42 43 A8 85 39 FF
 (068.202536)  can0  124   [8]  79 08 C3 7D AB 15 81 08
 (068.212157)  can0  123   [8]  7A 00 42 43 A8 3E B2 FF
 (068.212389)  can0  124   [8]  7A 08 C3 A4 8A 15 78 08
 (068.222118)  can0  123   [8]  7B 00 42 43 A7 F0 53 FF
 (068.222333)  can0  124   [8]  7B 08 C3 CB 7E 15 6E 08
 (068.232069)  can0  123   [8]  7C 00 42 43 A7 A9 CC FF
 (068.232297)  can0  124   [8]  7C 08 C3 F2 5A 15 65 08
 (068.242001)  can0  123   [8]  7D 00 42 43 A7 5B 6E FF
 (068.242142)  can0  124   [8]  7D 08 C4 19 48 15 5B 08
 (068.251809)  can0  123   [8]  7E 00 41 43 A7 14 E6 FF
 (068.252022)  can0  124   [8]  7E 08 C4 40 1F 15 52 08
 (068.261750)  can0  123   [8]  7F 00 40 43 A6 C6 88 FF
 (068.261943)  can0  124   [8]  7F 08 C4 67 12 15 48 08
 (068.271622)  can0  123   [8]  80 00 40 43 A6 78 2A FF
 (068.271815)  can0  124   [8]  80 08 C4 8D EC 15 3E 08
 (068.281512)  can0  123   [8]  81 00 3D 43 A6 29 CC FF
 (068.281786)  can0  124   [8]  81 08 C4 B4 DB 15 34 08
 (068.291469)  can0  123   [8]  82 00 39 43 A5 E3 44 FF
 (068.291682)  can0  124   [8]  82 08 C4 DB B4 15 2B 08
 (068.301372)  can0  123   [8]  83 00 3A 43 A5 94 E6 FF
 (068.301605)  can0  124   [8]  83 08 C5 02 A3 15 21 08
 (068.311366)  can0  123   [8]  84 00 3B 43 A5 46 88 FF
 (068.311458)  can0  124   [8]  84 08 C5 29 78 15 17 08
 (068.321187)  can0  123   [8]  85 00 3B 43 A5 00 00 FF
 (068.321370)  can0  124   [8]  85 08 C5 50 64 15 0E 08
 (068.331154)  can0  123   [8]  86 00 3A 43 A4 B1 A2 FF
 (068.331290)  can0  124   [8]  86 08 C5 77 3F 15 04 08
 (068.341015)  can0  123   [8]  87 00 3A 43 A4 63 44 FF
 (068.341194)  can0  124   [8]  87 08 C5 9E 2B 14 FA 08
 (068.351019)  can0  123   [8]  88 00 3A 43 A4 14 E6 FF
 (068.351091)  can0  124   [8]  88 08 C5 C5 06 14 F0 08
 (068.360765)  can0  123   [8]  89 00 39 43 A3 CE 5E FF
 (068.360974)  can0  124   [8]  89 08 C5 EB F9 14 E7 08
 (068.370662)  can0  123   [8]  8A 00 39 43 A3 80 00 FF
 (068.371305)  can0  124   [8]  8A 08 C6 12 D5 14 DD 08
 (068.380663)  can0  123   [8]  8B 00 38 43 A3 31 A2 FF
 (068.380878)  can0  124   [8]  8B 08 C6 39 C4 14 D3 08
 (068.390517)  can0  123   [8]  8C 00 37 43 A2 EB 1A FF
 (068.390723)  can0  124   [8]  8C 08 C6 60 9D 14 CA 08
 (068.400426)  can0  123   [8]  8D 00 35 43 A2 9C BC FF
 (068.400606)  can0  124   [8]  8D 08 C6 87 8C 14 C0 08
 (068.410316)  can0  123   [8]  8E 00 34 43 A2 4E 5E FF
 (068.410536)  can0  124   [8]  8E 08 C6 AE 63 14 B6 08
 (068.420273)  can0  123   [8]  8F 00 34 43 A2 00 00 FF
 (068.420444)  can0  124   [8]  8F 08 C6 D5 58 14 AC 08
 (068.430128)  can0  123   [8]  90 00 34 43 A1 B9 78 FF
 (068.430345)  can0  124   [8]  90 08 C6 FC 2F 14 A3 08
 (068.440106)  can0  123   [8]  91 00 34 43 A1 6B 1A FF
 (068.440250)  can0  124   [8]  91 08 C7 23 1D 14 99 08
 (068.450097)  can0  123   [8]  92 00 34 43 A1 1C BC FF
 (068.450178)  can0  124   [8]  92 08 C7 49 F6 14 8F 08
 (068.459926)  can0  123   [8]  93 00 34 43 A0 CE 5E FF
 (068.460130)  can0  124   [8]  93 08 C7 70 E0 14 85 08
 (068.469855)  can0  123   [8]  94 00 33 43 A0 87 D7 FF
 (068.470073)  can0  124   [8]  94 08 C7 97 B9 14 7C 08
 (068.479758)  can0  123   [8]  95 00 33 43 A0 39 78 FF
 (068.480126)  can0  124   [8]  95 08 C7 BE A6 14 72 08
 (068.489790)  can0  123   [8]  96 00 33 43 9F EB 1A FF
 (068.489801)  can0  124   [8]  96 08 C7 E5 7D 14 68 08
 (068.499490)  can0  123   [8]  97 00 32 43 9F 9C BC FF
 (068.499727)  can0  124   [8]  97 08 C8 0C 6C 14 5E 08
 (068.509416)  can0  123   [8]  98 00 32 43 9F 56 34 FF
 (068.509569)  can0  124   [8]  98 08 C8 33 3E 14 55 08
 (068.519378)  can0  123   [8]  99 00 32 43 9F 07 D6 FF
 (068.519596)  can0  124   [8]  99 08 C8 5A 2F 14 4B 08
 (068.529224)  can0  123   [8]  9A 00 31 43 9E B9 78 FF
 (068.529474)  can0  124   [8]  9A 08 C8 81 04 14 41 08
 (068.539206)  can0  123   [8]  9B 00 31 43 9E 6B 1A FF
 (068.539390)  can0  124   [8]  9B 08 C8 A7 F4 14 37 08
 (068.549252)  can0  123   [8]  9C 00 31 43 9E 24 93 FF
 (068.549276)  can0  124   [8]  9C 08 C8 CE CE 14 2E 08
 (068.558940)  can0  123   [8]  9D 00 31 43 9D D6 34 FF
 (068.559266)  can0  124   [8]  9D 08 C8 F5 C3 14 24 08
 (068.568834)  can0  123   [8]  9E 00 31 43 9D 87 D6 FF
 (068.569088)  can0  124   [8]  9E 08 C9 1C 9C 14 1A 08
 (068.578773)  can0  123   [8]  9F 00 30 43 9D 39 78 FF
 (068.579042)  can0  124   [8]  9F 08 C9 43 91 14 10 08
 (068.588652)  can0  123   [8]  A0 00 30 43 9C F2 F0 FF
 (068.588910)  can0  124   [8]  A0 08 C9 6A 6B 14 07 08
 (068.598702)  can0  123   [8]  A1 00 30 43 9C A4 92 FF
 (068.598790)  can0  124   [8]  A1 08 C9 91 58 13 FD 08
 (068.608562)  can0  123   [8]  A2 00 30 43 9C 56 34 FF
 (068.608690)  can0  124   [8]  A2 08 C9 B8 2E 13 F3 08
 (068.618542)  can0  123   [8]  A3 00 30 43 9C 0F AC FF
 (068.618691)  can0  124   [8]  A3 08 C9 DF 26 13 EA 08
 (068.628315)  can0  123   [8]  A4 00 30 43 9B C1 4F FF
 (068.628644)  can0  124   [8]  A4 08 CA 06 01 13 E0 08
 (068.638409)  can0  123   [8]  A5 00 30 43 9B 72 F0 FF
 (068.638579)  can0  124   [8]  A5 08 CA 2C F3 13 D6 08
 (068.648213)  can0  123   [8]  A6 00 2F 43 9B 24 92 FF
 (068.648452)  can0  124   [8]  A6 08 CA 53 C5 13 CC 08
 (068.658176)  can0  123   [8]  A7 00 2F 43 9A DE 0A FF
 (068.658326)  can0  124   [8]  A7 08 CA 7A B5 13 C3 08
 (068.668044)  can0  123   [8]  A8 00 2F 43 9A 8F AC FF
 (068.668302)  can0  124   [8]  A8 08 CA A1 95 13 B9 08
 (068.677891)  can0  123   [8]  A9 00 2F 43 9A 49 25 FF
 (068.678252)  can0  124   [8]  A9 08 CA C8 87 13 B0 08
 (068.687708)  can0  123   [8]  AA 00 2F 43 99 FA C6 FF
 (068.687909)  can0  124   [8]  AA 08 CA EF 58 13 A6 08
 (068.697714)  can0  123   [8]  AB 00 2E 43 99 AC 68 FF
 (068.697889)  can0  124   [8]  AB 08 CB 16 51 13 9C 08
 (068.707655)  can0  123   [8]  AC 00 2E 43 99 5E 0B FF
 (068.707809)  can0  124   [8]  AC 08 CB 3D 27 13 92 08
 (068.717419)  can0  123   [8]  AD 00 2E 43 99 17 82 FF
 (068.717568)  can0  124   [8]  AD 08 CB 64 1C 13 89 08
 (068.727607)  can0  123   [8]  AE 00 2E 43 98 C9 25 FF
 (068.727741)  can0  124   [8]  AE 08 CB 8B 86 13 7F 08
 (068.737291)  can0  123   [8]  AF 00 2E 43 98 82 9D FF
 (068.737557)  can0  124   [8]  AF 08 CB B1 E5 13 76 08
 (068.747314)  can0  123   [8]  B0 00 2E 43 98 34 3F FF
 (068.747475)  can0  124   [8]  B0 08 CB D8 C3 13 6C 08
 (068.757171)  can0  123   [8]  B1 00 2E 43 97 E5 E1 FF
 (068.757365)  can0  124   [8]  B1 08 CB FF B5 13 62 08
 (068.767343)  can0  123   [8]  B2 00 2D 43 97 97 82 FF
 (068.767353)  can0  124   [8]  B2 08 CC 26 8D 13 58 08
 (068.777075)  can0  123   [8]  B3 00 2D 43 97 50 FB FF
 (068.777272)  can0  124   [8]  B3 08 CC 4D 7F 13 4F 08
 (068.787066)  can0  123   [8]  B4 00 2D 43 97 02 9D FF
 (068.787086)  can0  124   [8]  B4 08 CC 74 59 13 45 08
 (068.796994)  can0  123   [8]  B5 00 2D 43 96 B4 3E FF
 (068.797008)  can0  124   [8]  B5 08 CC 9B 4B 13 3B 08
 (068.806659)  can0  123   [8]  B6 00 2D 43 96 6D B7 FF
 (068.806833)  can0  124   [8]  B6 08 CC C2 26 13 32 08
 (068.816563)  can0  123   [8]  B7 00 2D 43 96 1F 59 FF
 (068.816761)  can0  124   [8]  B7 08 CC E9 16 13 28 08
 (068.826587)  can0  123   [8]  B8 00 2D 43 95 D0 FB FF
 (068.826755)  can0  124   [8]  B8 08 CD 0F ED 13 1E 08
 (068.836531)  can0  123   [8]  B9 00 2D 43 95 8A 73 FF
 (068.836872)  can0  124   [8]  B9 08 CD 36 DA 13 15 08
 (068.846538)  can0  123   [8]  BA 00 2D 43 95 3C 15 FF
 (068.846555)  can0  124   [8]  BA 08 CD 5D B7 13 0B 08
 (068.856290)  can0  123   [8]  BB 00 2C 43 94 ED B7 FF
 (068.856475)  can0  124   [8]  BB 08 CD 84 A7 13 01 08
 (068.866176)  can0  123   [8]  BC 00 2C 43 94 A7 2F FF
 (068.866373)  can0  124   [8]  BC 08 CD AB 7D 12 F8 08
 (068.876005)  can0  123   [8]  BD 00 2C 43 94 58 D1 FF
 (068.876461)  can0  124   [8]  BD 08 CD D2 6D 12 EE 08
 (068.885829)  can0  123   [8]  BE 00 2C 43 94 0A 73 FF
 (068.886057)  can0  124   [8]  BE 08 CD F9 41 12 E4 08
 (068.895804)  can0  123   [8]  BF 00 2C 43 93 C3 EB FF
 (068.896093)  can0  124   [8]  BF 08 CE 20 32 12 DB 08
 (068.905676)  can0  123   [8]  C0 00 2C 43 93 75 8D FF
 (068.905936)  can0  124   [8]  C0 08 CE 47 06 12 D1 08
 (068.915515)  can0  123   [8]  C1 00 2C 43 93 27 2F FF
 (068.915711)  can0  124   [8]  C1 08 CE 6D F5 12 C7 08
 (068.925464)  can0  123   [8]  C2 00 2C 43 92 E0 A7 FF
 (068.925735)  can0  124   [8]  C2 08 CE 94 CB 12 BE 08
 (068.935324)  can0  123   [8]  C3 00 2C 43 92 92 49 FF
 (068.935540)  can0  124   [8]  C3 08 CE BB BB 12 B4 08
 (068.945205)  can0  123   [8]  C4 00 2C 43 92 43 EB FF
 (068.945470)  can0  124   [8]  C4 08 CE E2 90 12 AA 08
 (068.955155)  can0  123   [8]  C5 00 2B 43 91 FD 63 FF
 (068.955433)  can0  124   [8]  C5 08 CF 09 87 12 A1 08
 (068.965065)  can0  123   [8]  C6 00 2C 43 91 AF 06 FF
 (068.966414)  can0  124   [8]  C6 08 CF 30 5F 12 97 08
 (068.975049)  can0  123   [8]  C7 00 2C 43 91 68 7D FF
 (068.975200)  can0  124   [8]  C7 08 CF 57 52 12 8E 08
 (068.984861)  can0  123   [8]  C8 00 2C 43 91 1A 1F FF
 (068.985087)  can0  124   [8]  C8 08 CF 7E 2A 12 84 08
 (068.994862)  can0  123   [8]  C9 00 2C 43 90 CB C1 FF
 (068.995240)  can0  124   [8]  C9 08 CF A5 19 12 7A 08
 (069.004713)  can0  123   [8]  CA 00 2D 43 90 85 39 FF
 (069.004933)  can0  124   [8]  CA 08 CF CB EA 12 71 08
 (069.014609)  can0  123   [8]  CB 00 2F 43 90 36 DC FF
 (069.014831)  can0  124   [8]  CB 08 CF F2 E0 12 67 08
 (069.024516)  can0  123   [8]  CC 00 31 43 8F F0 53 FF
 (069.024770)  can0  124   [8]  CC 08 D0 19 BE 12 5E 08
 (069.034442)  can0  123   [8]  CD 00 33 43 8F A1 F6 FF
 (069.034699)  can0  124   [8]  CD 08 D0 40 AD 12 54 08
 (069.044395)  can0  123   [8]  CE 00 3D 43 8F 53 98 FF
 (069.044525)  can0  124   [8]  CE 08 D0 67 88 12 4A 08
 (069.054304)  can0  123   [8]  CF 00 4E 43 8F 0D 0F FF
 (069.054538)  can0  124   [8]  CF 08 D0 8E 7C 12 41 08
 (069.064169)  can0  123   [8]  D0 00 5C 43 8E BE B2 FF
 (069.064363)  can0  124   [8]  D0 08 D0 B5 4C 12 37 08
 (069.074124)  can0  123   [8]  D1 00 62 43 8E 78 2A FF
 (069.074404)  can0  124   [8]  D1 08 D0 DC 36 12 2E 08
 (069.083959)  can0  123   [8]  D2 00 5F 43 8E 31 A2 FF
 (069.084241)  can0  124   [8]  D2 08 D1 03 10 12 25 08
 (069.093914)  can0  123   [8]  D3 00 59 43 8D E3 44 FF
 (069.094107)  can0  124   [8]  D3 08 D1 29 FC 12 1B 08
 (069.103772)  can0  123   [8]  D4 00 58 43 8D 9C BC FF
 (069.104069)  can0  124   [8]  D4 08 D1 50 CB 12 12 08
 (069.113724)  can0  123   [8]  D5 00 5C 43 8D 4E 5E FF
 (069.113987)  can0  124   [8]  D5 08 D1 77 C2 12 08 08
 (069.123575)  can0  123   [8]  D6 00 62 43 8D 07 D6 FF
 (069.123776)  can0  124   [8]  D6 08 D1 9E 98 11 FF 08
 (069.133491)  can0  123   [8]  D7 00 66 43 8C B9 78 FF
 (069.133715)  can0  124   [8]  D7 08 D1 C5 76 11 F5 08
 (069.143384)  can0  123   [8]  D8 00 65 43 8C 72 F1 FF
 (069.143589)  can0  124   [8]  D8 08 D1 EC 4B 11 EC 08
 (069.153328)  can0  123   [8]  D9 00 5F 43 8C 24 92 FF
 (069.153639)  can0  124   [8]  D9 08 D2 13 52 11 E2 08
 (069.163258)  can0  123   [8]  DA 00 57 43 8B DE 0B FF
 (069.163411)  can0  124   [8]  DA 08 D2 3A 31 11 D9 08
 (069.173253)  can0  123   [8]  DB 00 55 43 8B 8F AC FF
 (069.173592)  can0  124   [8]  DB 08 D2 61 24 11 CF 08
 (069.183068)  can0  123   [8]  DC 00 53 43 8B 49 25 FF
 (069.183348)  can0  124   [8]  DC 08 D2 87 FB 11 C6 08
 (069.193027)  can0  123   [8]  DD 00 50 43 8A FA C7 FF
 (069.193205)  can0  124   [8]  DD 08 D2 AE EF 11 BC 08
 (069.202989)  can0  123   [8]  DE 00 4E 43 8A B4 3E FF
 (069.203136)  can0  124   [8]  DE 08 D2 D5 C7 11 B3 08
 (069.212804)  can0  123   [8]  DF 00 4E 43 8A 6D B7 FF
 (069.213023)  can0  124   [8]  DF 08 D2 FC B9 11 AA 08
 (069.222783)  can0  123   [8]  E0 00 53 43 8A 1F 59 FF
 (069.223087)  can0  124   [8]  E0 08 D3 23 93 11 A0 08
 (069.233039)  can0  123   [8]  E1 00 56 43 89 D8 D1 FF
 (069.233068)  can0  124   [8]  E1 08 D3 4A 80 11 97 08
 (069.242773)  can0  123   [8]  E2 00 59 43 89 8A 73 FF
 (069.242785)  can0  124   [8]  E2 08 D3 71 5C 11 8D 08
 (069.252438)  can0  123   [8]  E3 00 5F 43 89 43 EB FF
 (069.252637)  can0  124   [8]  E3 08 D3 98 4E 11 84 08
 (069.262382)  can0  123   [8]  E4 00 63 43 88 F5 8D FF
 (069.262565)  can0  124   [8]  E4 08 D3 BF 27 11 7A 08
 (069.272163)  can0  123   [8]  E5 00 65 43 88 AF 05 FF
 (069.272501)  can0  124   [8]  E5 08 D3 E6 01 11 71 08
 (069.282303)  can0  123   [8]  E6 00 66 43 88 68 7D FF
 (069.282316)  can0  124   [8]  E6 08 D4 0C DC 11 68 08
 (069.292291)  can0  123   [8]  E7 00 66 43 88 1A 20 FF
 (069.292312)  can0  124   [8]  E7 08 D4 33 CF 11 5E 08
 (069.301915)  can0  123   [8]  E8 00 68 43 87 D3 97 FF
 (069.302087)  can0  124   [8]  E8 08 D4 5A A7 11 55 08
 (069.311858)  can0  123   [8]  E9 00 6A 43 87 8D 10 FF
 (069.312019)  can0  124   [8]  E9 08 D4 81 9A 11 4C 08
 (069.321864)  can0  123   [8]  EA 00 6C 43 87 3E B2 FF
 (069.321885)  can0  124   [8]  EA 08 D4 A8 74 11 42 08
 (069.331690)  can0  123   [8]  EB 00 6D 43 86 F8 2A FF
 (069.331866)  can0  124   [8]  EB 08 D4 CF 68 11 39 08
 (069.341496)  can0  123   [8]  EC 00 6C 43 86 A9 CC FF
 (069.341814)  can0  124   [8]  EC 08 D4 F6 41 11 2F 08
 (069.351628)  can0  123   [8]  ED 00 6B 43 86 63 44 FF
 (069.351647)  can0  124   [8]  ED 08 D5 1D 33 11 26 08
 (069.361423)  can0  123   [8]  EE 00 6B 43 86 1C BC FF
 (069.361683)  can0  124   [8]  EE 08 D5 44 05 11 1D 08
 (069.371269)  can0  123   [8]  EF 00 6A 43 85 CE 5E FF
 (069.371523)  can0  124   [8]  EF 08 D5 6A F9 11 13 08
 (069.381235)  can0  123   [8]  F0 00 6B 43 85 87 D6 FF
 (069.381441)  can0  124   [8]  F0 08 D5 91 C7 11 0A 08
 (069.391118)  can0  123   [8]  F1 00 70 43 85 41 4F FF
 (069.391380)  can0  124   [8]  F1 08 D5 B8 BB 11 01 08
 (069.400962)  can0  123   [8]  F2 00 A0 43 84 F2 F0 FF
 (069.401336)  can0  124   [8]  F2 08 D5 DF 8F 10 F7 08
 (069.411045)  can0  123   [8]  F3 00 B3 43 84 AC 69 FF
 (069.411077)  can0  124   [8]  F3 08 D6 06 7B 10 EE 08
 (069.420797)  can0  123   [8]  F4 00 B9 43 84 65 E0 FF
 (069.421071)  can0  124   [8]  F4 08 D6 2D 51 10 E5 08
 (069.430656)  can0  123   [8]  F5 00 BB 43 84 1F 59 FF
 (069.430986)  can0  124   [8]  F5 08 D6 54 43 10 DC 08
 (069.440624)  can0  123   [8]  F6 00 BB 43 83 D0 FB FF
 (069.440841)  can0  124   [8]  F6 08 D6 7B 1B 10 D2 08
 (069.450515)  can0  123   [8]  F7 00 BB 43 83 8A 73 FF
 (069.450804)  can0  124   [8]  F7 08 D6 A2 0E 10 C9 08
 (069.460412)  can0  123   [8]  F8 00 BC 43 83 43 EB FF
 (069.460677)  can0  124   [8]  F8 08 D6 C8 E8 10 C0 08
 (069.470366)  can0  123   [8]  F9 00 BC 43 82 FD 63 FF
 (069.470635)  can0  124   [8]  F9 08 D6 EF D5 10 B7 08
 (069.480293)  can0  123   [8]  FA 00 BD 43 82 B6 DB FF
 (069.480509)  can0  124   [8]  FA 08 D7 16 AD 10 AE 08
 (069.490332)  can0  123   [8]  FB 00 BE 43 82 68 7E FF
 (069.490374)  can0  124   [8]  FB 08 D7 3D 99 10 A4 08
 (069.500120)  can0  123   [8]  FC 00 BE 43 82 21 F5 FF
 (069.500478)  can0  124   [8]  FC 08 D7 64 71 10 9B 08
 (069.510038)  can0  123   [8]  FD 00 BE 43 81 DB 6E FF
 (069.510273)  can0  124   [8]  FD 08 D7 8B 5F 10 92 08
 (069.520311)  can0  123   [8]  FE 00 BD 43 81 94 E6 FF
 (069.520361)  can0  124   [8]  FE 08 D7 B2 3B 10 89 08
 (069.529885)  can0  123   [8]  FF 00 B9 43 81 4E 5E FF
 (069.530056)  can0  124   [8]  FF 08 D7 D9 26 10 80 08
 (069.539982)  can0  123   [8]  00 00 B1 43 81 07 D6 FF
 (069.540368)  can0  124   [8]  00 08 D8 00 05 10 77 08
 (069.549667)  can0  123   [8]  01 00 A7 43 80 C1 4E FF
 (069.550250)  can0  124   [8]  01 08 D8 26 F3 10 6E 08
 (069.559614)  can0  123   [8]  02 00 AB 43 80 7A C7 FF
 (069.559769)  can0  124   [8]  02 08 D8 4D C8 10 65 08
 (069.569669)  can0  123   [8]  03 00 BE 43 80 2C 68 FF
 (069.569692)  can0  124   [8]  03 08 D8 74 B7 10 5B 08
 (069.579747)  can0  123   [8]  04 00 DF 43 7F CB C2 FF
 (069.579775)  can0  124   [8]  04 08 D8 9B 8D 10 52 08
 (069.589553)  can0  123   [8]  05 00 E8 43 7F 3E B1 FF
 (069.589578)  can0  124   [8]  05 08 D8 C2 79 10 49 08
 (069.599388)  can0  123   [8]  06 00 ED 43 7E B1 A2 FF
 (069.599411)  can0  124   [8]  06 08 D8 E9 5B 10 40 08
 (069.609218)  can0  123   [8]  07 00 EF 43 7E 24 93 FF
 (069.609237)  can0  124   [8]  07 08 D9 10 4E 10 37 08
 (069.619009)  can0  123   [8]  08 00 F0 43 7D 97 82 FF
 (069.619212)  can0  124   [8]  08 08 D9 37 23 10 2E 08
 (069.628983)  can0  123   [8]  09 00 F0 43 7C FA C6 FF
 (069.629243)  can0  124   [8]  09 08 D9 5E 0F 10 24 08
 (069.639009)  can0  123   [8]  0A 00 F1 43 7C 6D B7 FF
 (069.639029)  can0  124   [8]  0A 08 D9 84 F3 10 1B 08
 (069.648719)  can0  123   [8]  0B 00 F3 43 7B E0 A8 FF
 (069.649379)  can0  124   [8]  0B 08 D9 AB DB 10 12 08
 (069.658565)  can0  123   [8]  0C 00 F2 43 7B 53 97 FF
 (069.658849)  can0  124   [8]  0C 08 D9 D2 BC 10 09 08
 (069.668580)  can0  123   [8]  0D 00 F4 43 7A C6 88 FF
 (069.668715)  can0  124   [8]  0D 08 D9 F9 A4 10 00 08
 (069.678257)  can0  123   [8]  0E 00 F5 43 7A 39 78 FF
 (069.678629)  can0  124   [8]  0E 08 DA 20 82 0F F7 08
 (069.688254)  can0  123   [8]  0F 00 F5 43 79 AC 68 FF
 (069.688408)  can0  124   [8]  0F 08 DA 47 6B 0F EE 08
 (069.698050)  can0  123   [8]  10 00 F9 43 79 1F 59 FF
 (069.698288)  can0  124   [8]  10 08 DA 6E 51 0F E5 08
 (069.708066)  can0  123   [8]  11 00 FC 43 78 92 49 FF
 (069.708504)  can0  124   [8]  11 08 DA 95 3D 0F DC 08
 (069.717834)  can0  123   [8]  12 00 FB 43 77 F5 8E FF
 (069.718085)  can0  124   [8]  12 08 DA BC 1B 0F D2 08
 (069.727800)  can0  123   [8]  13 00 FD 43 77 78 29 FF
 (069.728007)  can0  124   [8]  13 08 DA E3 06 0F CA 08
 (069.737722)  can0  123   [8]  14 00 FF 43 76 DB 6E FF
 (069.737943)  can0  124   [8]  14 08 DB 09 E3 0F C0 08
 (069.747649)  can0  123   [8]  15 01 00 43 76 4E 5E FF
 (069.747788)  can0  124   [8]  15 08 DB 30 CC 0F B7 08
 (069.757491)  can0  123   [8]  16 01 01 43 75 C1 4F FF
 (069.757814)  can0  124   [8]  16 08 DB 57 AC 0F AE 08
 (069.767402)  can0  123   [8]  17 01 01 43 75 34 3E FF
 (069.767624)  can0  124   [8]  17 08 DB 7E 97 0F A5 08
 (069.777446)  can0  123   [8]  18 01 03 43 74 A7 2F FF
 (069.777543)  can0  124   [8]  18 08 DB A5 76 0F 9C 08
 (069.787982)  can0  123   [8]  19 01 03 43 74 1A 20 FF
 (069.787991)  can0  124   [8]  19 08 DB CC 62 0F 93 08
 (069.797148)  can0  123   [8]  1A 01 02 43 73 8D 0F FF
 (069.797320)  can0  124   [8]  1A 08 DB F3 41 0F 8A 08
 (069.807037)  can0  123   [8]  1B 01 00 43 73 00 00 FF
 (069.807278)  can0  124   [8]  1B 08 DC 1A 32 0F 81 08
 (069.817447)  can0  123   [8]  1C 00 F7 43 72 72 F0 FF
 (069.817465)  can0  124   [8]  1C 08 DC 41 06 0F 78 08
 (069.826840)  can0  123   [8]  1D 00 E3 43 71 D6 35 FF
 (069.827061)  can0  124   [8]  1D 08 DC 67 F4 0F 6E 08
 (069.836842)  can0  123   [8]  1E 00 8F 43 71 58 D2 FF
 (069.836943)  can0  124   [8]  1E 08 DC 8E C2 0F 66 08
 (069.846741)  can0  123   [8]  1F 00 67 43 70 BC 15 FF
 (069.846943)  can0  124   [8]  1F 08 DC B5 B4 0F 5C 08
 (069.856599)  can0  123   [8]  20 00 62 43 70 2F 05 FF
 (069.856780)  can0  124   [8]  20 08 DC DC 9A 0F 53 08
 (069.866590)  can0  123   [8]  21 00 5E 43 6F A1 F5 FF
 (069.866739)  can0  124   [8]  21 08 DD 03 92 0F 4A 08
 (069.876417)  can0  123   [8]  22 00 5B 43 6F 14 E6 FF
 (069.876647)  can0  124   [8]  22 08 DD 2A 69 0F 41 08
 (069.886346)  can0  123   [8]  23 00 57 43 6E 87 D6 FF
 (069.886568)  can0  124   [8]  23 08 DD 51 59 0F 38 08
 (069.896308)  can0  123   [8]  24 00 53 43 6D FA C7 FF
 (069.896441)  can0  124   [8]  24 08 DD 78 36 0F 2F 08
 (069.906124)  can0  123   [8]  25 00 52 43 6D 6D B6 FF
 (069.906367)  can0  124   [8]  25 08 DD 9F 29 0F 26 08
 (069.916065)  can0  123   [8]  26 00 52 43 6C D0 FB FF
 (069.916285)  can0  124   [8]  26 08 DD C6 02 0F 1C 08
 (069.925962)  can0  123   [8]  27 00 51 43 6C 43 EB FF
 (069.926175)  can0  124   [8]  27 08 DD EC F0 0F 13 08
 (069.935899)  can0  123   [8]  28 00 50 43 6B B6 DC FF
 (069.936086)  can0  124   [8]  28 08 DE 13 C4 0F 0A 08
 (069.945824)  can0  123   [8]  29 00 50 43 6B 29 CB FF
 (069.945989)  can0  124   [8]  29 08 DE 3A B5 0F 01 08
 (069.955800)  can0  123   [8]  2A 00 50 43 6A 9C BC FF
 (069.955936)  can0  124   [8]  2A 08 DE 61 91 0E F8 08
 (069.965687)  can0  123   [8]  2B 00 4F 43 69 FF FF FF
 (069.965880)  can0  124   [8]  2B 08 DE 88 87 0E EE 08
 (069.975485)  can0  123   [8]  2C 00 4F 43 69 72 F0 FF
 (069.975765)  can0  124   [8]  2C 08 DE AF 5B 0E E5 08
 (069.985471)  can0  123   [8]  2D 00 4F 43 68 E5 E1 FF
 (069.985688)  can0  124   [8]  2D 08 DE D6 45 0E DC 08
 (069.995433)  can0  123   [8]  2E 00 4E 43 68 49 25 FF
 (069.995585)  can0  124   [8]  2E 08 DE FD 1E 0E D2 08
 (070.005237)  can0  123   [8]  2F 00 4E 43 67 BC 14 FF
 (070.005468)  can0  124   [8]  2F 08 DF 24 0C 0E C9 08
 (070.015169)  can0  123   [8]  30 00 4E 43 67 2F 05 FF
 (070.015418)  can0  124   [8]  30 08 DF 4A E4 0E C0 08
 (070.025038)  can0  123   [8]  31 00 4C 43 66 A1 F6 FF
 (070.025282)  can0  124   [8]  31 08 DF 71 CE 0E B7 08
 (070.034941)  can0  123   [8]  32 00 49 43 66 14 E6 FF
 (070.035238)  can0  124   [8]  32 08 DF 98 A6 0E AE 08
 (070.044935)  can0  123   [8]  33 00 48 43 65 78 2A FF
 (070.045094)  can0  124   [8]  33 08 DF BF 93 0E A4 08
 (070.054799)  can0  123   [8]  34 00 47 43 64 EB 1A FF
 (070.054966)  can0  124   [8]  34 08 DF E6 6A 0E 9B 08
 (070.064738)  can0  123   [8]  35 00 47 43 64 5E 0B FF
 (070.064894)  can0  124   [8]  35 08 E0 0D 57 0E 92 08
 (070.074620)  can0  123   [8]  36 00 47 43 63 D0 FA FF
 (070.074758)  can0  124   [8]  36 08 E0 34 2B 0E 89 08
 (070.084478)  can0  123   [8]  37 00 48 43 63 43 EB FF
 (070.084681)  can0  124   [8]  37 08 E0 5B 12 0E 80 08
 (070.094354)  can0  123   [8]  38 00 48 43 62 A7 2F FF
 (070.094575)  can0  124   [8]  38 08 E0 81 EC 0E 76 08
 (070.104493)  can0  123   [8]  39 00 48 43 62 1A 20 FF
 (070.104516)  can0  124   [8]  39 08 E0 A8 DB 0E 6D 08
 (070.114198)  can0  123   [8]  3A 00 48 43 61 8D 0F FF
 (070.114411)  can0  124   [8]  3A 08 E0 CF B4 0E 64 08
 (070.124160)  can0  123   [8]  3B 00 48 43 61 00 00 FF
 (070.124477)  can0  124   [8]  3B 08 E0 F6 A1 0E 5B 08
 (070.134056)  can0  123   [8]  3C 00 48 43 60 72 F1 FF
 (070.134301)  can0  124   [8]  3C 08 E1 1D 75 0E 52 08
 (070.143956)  can0  123   [8]  3D 00 47 43 5F D6 34 FF
 (070.144251)  can0  124   [8]  3D 08 E1 44 63 0E 48 08
 (070.153772)  can0  123   [8]  3E 00 47 43 5F 49 24 FF
 (070.154017)  can0  124   [8]  3E 08 E1 6B 3A 0E 3F 08
 (070.163785)  can0  123   [8]  3F 00 46 43 5E BC 15 FF
 (070.164032)  can0  124   [8]  3F 08 E1 92 2C 0E 36 08
 (070.173694)  can0  123   [8]  40 00 46 43 5E 2F 06 FF
 (070.173835)  can0  124   [8]  40 08 E1 B8 FF 0E 2D 08
 (070.183607)  can0  123   [8]  41 00 45 43 5D A1 F5 FF
 (070.183767)  can0  124   [8]  41 08 E1 DF EF 0E 24 08
 (070.193525)  can0  123   [8]  42 00 45 43 5D 05 3A FF
 (070.193721)  can0  124   [8]  42 08 E2 06 C0 0E 1A 08
 (070.203392)  can0  123   [8]  43 00 46 43 5C 78 2A FF
 (070.203596)  can0  124   [8]  43 08 E2 2D AF 0E 11 08
 (070.213338)  can0  123   [8]  44 00 46 43 5B EB 1A FF
 (070.213534)  can0  124   [8]  44 08 E2 54 83 0E 08 08
 (070.223266)  can0  123   [8]  45 00 46 43 5B 5E 0A FF
 (070.223367)  can0  124   [8]  45 08 E2 7B 71 0D FF 08
 (070.233148)  can0  123   [8]  46 00 47 43 5A D0 FB FF
 (070.233306)  can0  124   [8]  46 08 E2 A2 42 0D F6 08
 (070.243083)  can0  123   [8]  47 00 47 43 5A 34 3E FF
 (070.243261)  can0  124   [8]  47 08 E2 C9 2B 0D EC 08
 (070.252920)  can0  123   [8]  48 00 47 43 59 A7 2F FF
 (070.253137)  can0  124   [8]  48 08 E2 F0 04 0D E3 08
 (070.262913)  can0  123   [8]  49 00 46 43 59 1A 1F FF
 (070.263104)  can0  124   [8]  49 08 E3 16 F2 0D DA 08
 (070.273053)  can0  123   [8]  4A 00 45 43 58 8D 10 FF
 (070.273120)  can0  124   [8]  4A 08 E3 3D C8 0D D1 08
 (070.282699)  can0  123   [8]  4B 00 45 43 58 00 01 FF
 (070.282988)  can0  124   [8]  4B 08 E3 64 B2 0D C8 08
 (070.292605)  can0  123   [8]  4C 00 45 43 57 63 44 FF
 (070.292805)  can0  124   [8]  4C 08 E3 8B 87 0D BE 08
 (070.302612)  can0  123   [8]  4D 00 45 43 56 D6 35 FF
 (070.302641)  can0  124   [8]  4D 08 E3 B2 74 0D B5 08
 (070.312288)  can0  123   [8]  4E 00 45 43 56 49 24 FF
 (070.312507)  can0  124   [8]  4E 08 E3 D9 47 0D AC 08
 (070.322256)  can0  123   [8]  4F 00 45 43 55 BC 15 FF
 (070.322482)  can0  124   [8]  4F 08 E4 00 31 0D A3 08
 (070.332128)  can0  123   [8]  50 00 45 43 55 2F 05 FF
 (070.332344)  can0  124   [8]  50 08 E4 27 08 0D 9A 08
 (070.342159)  can0  123   [8]  51 00 45 43 54 92 4A FF
 (070.342276)  can0  124   [8]  51 08 E4 4D F6 0D 90 08
 (070.351951)  can0  123   [8]  52 00 46 43 54 05 39 FF
 (070.352161)  can0  124   [8]  52 08 E4 74 D2 0D 87 08
 (070.361894)  can0  123   [8]  53 00 45 43 53 78 2A FF
 (070.362244)  can0  124   [8]  53 08 E4 9B BC 0D 7E 08
 (070.371866)  can0  123   [8]  54 00 42 43 52 EB 1A FF
 (070.372105)  can0  124   [8]  54 08 E4 C2 9C 0D 75 08
 (070.381762)  can0  123   [8]  55 00 40 43 52 5E 0B FF
 (070.381982)  can0  124   [8]  55 08 E4 E9 90 0D 6C 08
 (070.391584)  can0  123   [8]  56 00 3F 43 51 C1 4E FF
 (070.391893)  can0  124   [8]  56 08 E5 10 68 0D 62 08
 (070.401688)  can0  123   [8]  57 00 3E 43 51 34 3F FF
 (070.401715)  can0  124   [8]  57 08 E5 37 59 0D 59 08
 (070.411674)  can0  123   [8]  58 00 3E 43 50 A7 2E FF
 (070.411706)  can0  124   [8]  58 08 E5 5E 2B 0D 50 08
 (070.421354)  can0  123   [8]  59 00 3E 43 50 1A 1F FF
 (070.421494)  can0  124   [8]  59 08 E5 85 19 0D 47 08
 (070.431270)  can0  123   [8]  5A 00 3D 43 4F 8D 10 FF
 (070.431426)  can0  124   [8]  5A 08 E5 AB ED 0D 3E 08
 (070.441343)  can0  123   [8]  5B 00 3D 43 4E F0 54 FF
 (070.441360)  can0  124   [8]  5B 08 E5 D2 DB 0D 34 08
 (070.451093)  can0  123   [8]  5C 00 3C 43 4E 72 F1 FF
 (070.451243)  can0  124   [8]  5C 08 E5 F9 AF 0D 2C 08
 (070.460835)  can0  123   [8]  5D 00 3C 43 4D D6 34 FF
 (070.461100)  can0  124   [8]  5D 08 E6 20 98 0D 22 08
 (070.470955)  can0  123   [8]  5E 00 3B 43 4D 49 25 FF
 (070.471227)  can0  124   [8]  5E 08 E6 48 07 0D 19 08
 (070.480736)  can0  123   [8]  5F 00 3B 43 4C BC 14 FF
 (070.480962)  can0  124   [8]  5F 08 E6 6E 5E 0D 10 08
 (070.490646)  can0  123   [8]  60 00 3B 43 4C 2F 05 FF
 (070.490850)  can0  124   [8]  60 08 E6 95 33 0D 07 08
 (070.500537)  can0  123   [8]  61 00 3B 43 4B A1 F5 FF
 (070.500718)  can0  124   [8]  61 08 E6 BC 20 0C FE 08
 (070.510339)  can0  123   [8]  62 00 3A 43 4B 05 3A FF
 (070.510578)  can0  124   [8]  62 08 E6 E2 F2 0C F4 08
 (070.520352)  can0  123   [8]  63 00 3A 43 4A 78 29 FF
 (070.520617)  can0  124   [8]  63 08 E7 09 E2 0C EB 08
 (070.530226)  can0  123   [8]  64 00 3A 43 49 EB 1A FF
 (070.530431)  can0  124   [8]  64 08 E7 30 B6 0C E2 08
 (070.540175)  can0  123   [8]  65 00 3A 43 49 5E 0B FF
 (070.540458)  can0  124   [8]  65 08 E7 57 A5 0C D9 08
 (070.550047)  can0  123   [8]  66 00 39 43 48 D0 FB FF
 (070.550294)  can0  124   [8]  66 08 E7 7E 79 0C D0 08
 (070.559943)  can0  123   [8]  67 00 39 43 48 43 EC FF
 (070.560196)  can0  124   [8]  67 08 E7 A5 62 0C C7 08
 (070.569777)  can0  123   [8]  68 00 39 43 47 B6 DB FF
 (070.570035)  can0  124   [8]  68 08 E7 CC 37 0C BE 08
 (070.579711)  can0  123   [8]  69 00 39 43 47 1A 20 FF
 (070.579937)  can0  124   [8]  69 08 E7 F3 25 0C B4 08
 (070.589650)  can0  123   [8]  6A 00 3A 43 46 8D 0F FF
 (070.589840)  can0  124   [8]  6A 08 E8 19 F3 0C AB 08
 (070.599576)  can0  123   [8]  6B 00 3A 43 46 00 00 FF
 (070.599832)  can0  124   [8]  6B 08 E8 40 DA 0C A2 08
 (070.609577)  can0  123   [8]  6C 00 3A 43 45 72 F0 FF
 (070.609824)  can0  124   [8]  6C 08 E8 67 AB 0C 99 08
 (070.619393)  can0  123   [8]  6D 00 3A 43 44 E5 E1 FF
 (070.619651)  can0  124   [8]  6D 08 E8 8E 95 0C 90 08
 (070.629428)  can0  123   [8]  6E 00 3A 43 44 49 24 FF
 (070.629451)  can0  124   [8]  6E 08 E8 B5 6A 0C 86 08
 (070.639212)  can0  123   [8]  6F 00 3B 43 43 BC 15 FF
 (070.639694)  can0  124   [8]  6F 08 E8 DC 53 0C 7D 08
 (070.649192)  can0  123   [8]  70 00 3B 43 43 2F 05 FF
 (070.649461)  can0  124   [8]  70 08 E9 03 26 0C 74 08
 (070.659008)  can0  123   [8]  71 00 3D 43 42 A1 F5 FF
 (070.659281)  can0  124   [8]  71 08 E9 2A 0D 0C 6B 08
 (070.668893)  can0  123   [8]  72 00 51 43 42 14 E6 FF
 (070.669084)  can0  124   [8]  72 08 E9 50 DA 0C 62 08
 (070.678781)  can0  123   [8]  73 00 80 43 41 87 D6 FF
 (070.679249)  can0  124   [8]  73 08 E9 77 B8 0C 59 08
 (070.688691)  can0  123   [8]  74 00 A5 43 40 FA C7 FF
 (070.688944)  can0  124   [8]  74 08 E9 9E 8F 0C 50 08
 (070.698559)  can0  123   [8]  75 00 A9 43 40 6D B6 FF
 (070.698811)  can0  124   [8]  75 08 E9 C5 7B 0C 47 08
 (070.708570)  can0  123   [8]  76 00 A8 43 3F E0 A7 FF
 (070.708784)  can0  124   [8]  76 08 E9 EC 4C 0C 3E 08
 (070.718693)  can0  123   [8]  77 00 A5 43 3F 53 98 FF
 (070.718722)  can0  124   [8]  77 08 EA 13 36 0C 35 08
 (070.728391)  can0  123   [8]  78 00 A5 43 3E C6 88 FF
 (070.728609)  can0  124   [8]  78 08 EA 3A 0B 0C 2C 08
 (070.738325)  can0  123   [8]  79 00 AB 43 3E 39 78 FF
 (070.738471)  can0  124   [8]  79 08 EA 60 FA 0C 23 08
 (070.748330)  can0  123   [8]  7A 00 D5 43 3D AC 68 FF
 (070.748350)  can0  124   [8]  7A 08 EA 87 D3 0C 1A 08
 (070.758270)  can0  123   [8]  7B 00 E2 43 3D 1F 59 FF
 (070.758414)  can0  124   [8]  7B 08 EA AE C2 0C 11 08
 (070.767940)  can0  123   [8]  7C 00 E4 43 3C 92 4A FF
 (070.768253)  can0  124   [8]  7C 08 EA D5 99 0C 08 08
 (070.777926)  can0  123   [8]  7D 00 E4 43 3C 05 39 FF
 (070.778097)  can0  124   [8]  7D 08 EA FC 88 0B FF 08
 (070.787877)  can0  123   [8]  7E 00 E4 43 3B 78 2A FF
 (070.788062)  can0  124   [8]  7E 08 EB 23 59 0B F6 08
 (070.797823)  can0  123   [8]  7F 00 E4 43 3A EB 1A FF
 (070.798098)  can0  124   [8]  7F 08 EB 4A 4C 0B ED 08
 (070.807655)  can0  123   [8]  80 00 E1 43 3A 5E 0B FF
 (070.807814)  can0  124   [8]  80 08 EB 71 20 0B E4 08
 (070.817549)  can0  123   [8]  81 00 D7 43 39 D0 FA FF
 (070.817815)  can0  124   [8]  81 08 EB 98 0B 0B DB 08
 (070.827479)  can0  123   [8]  82 00 C9 43 39 43 EB FF
 (070.827663)  can0  124   [8]  82 08 EB BE DE 0B D2 08
 (070.837451)  can0  123   [8]  83 00 C2 43 38 B6 DC FF
 (070.837584)  can0  124   [8]  83 08 EB E5 D3 0B C9 08
 (070.847435)  can0  123   [8]  84 00 BD 43 38 29 CB FF
 (070.847548)  can0  124   [8]  84 08 EC 0C AB 0B C0 08
 (070.857240)  can0  123   [8]  85 00 B1 43 37 9C BC FF
 (070.857613)  can0  124   [8]  85 08 EC 33 9B 0B B7 08
 (070.867366)  can0  123   [8]  86 00 96 43 37 0F AC FF
 (070.867405)  can0  124   [8]  86 08 EC 5A 71 0B AE 08
 (070.877102)  can0  123   [8]  87 00 97 43 36 92 49 FF
 (070.877248)  can0  124   [8]  87 08 EC 81 5F 0B A6 08
 (070.886961)  can0  123   [8]  88 00 A2 43 35 F5 8E FF
 (070.887165)  can0  124   [8]  88 08 EC A8 32 0B 9C 08
 (070.896848)  can0  123   [8]  89 00 A4 43 35 78 29 FF
 (070.897061)  can0  124   [8]  89 08 EC CF 24 0B 94 08
 (070.906730)  can0  123   [8]  8A 00 9E 43 34 EB 1A FF
 (070.906852)  can0  124   [8]  8A 08 EC F5 F6 0B 8B 08
 (070.916584)  can0  123   [8]  8B 00 94 43 34 5E 0B FF
 (070.916871)  can0  124   [8]  8B 08 ED 1C E1 0B 82 08
 (070.926566)  can0  123   [8]  8C 00 82 43 33 D0 FA FF
 (070.926669)  can0  124   [8]  8C 08 ED 43 AE 0B 79 08
 (070.936713)  can0  123   [8]  8D 00 68 43 33 43 EB FF
 (070.936760)  can0  124   [8]  8D 08 ED 6A 98 0B 70 08
 (070.946413)  can0  123   [8]  8E 00 54 43 32 B6 DC FF
 (070.946654)  can0  124   [8]  8E 08 ED 91 7F 0B 67 08
 (070.956627)  can0  123   [8]  8F 00 4C 43 32 29 CC FF
 (070.956674)  can0  124   [8]  8F 08 ED B8 6C 0B 5E 08
 (070.966212)  can0  123   [8]  90 00 4B 43 31 9C BC FF
 (070.966614)  can0  124   [8]  90 08 ED DF 3D 0B 55 08
 (070.976311)  can0  123   [8]  91 00 54 43 31 0F AC FF
 (070.976345)  can0  124   [8]  91 08 EE 06 31 0B 4C 08
 (070.986020)  can0  123   [8]  92 00 65 43 30 82 9C FF
 (070.986156)  can0  124   [8]  92 08 EE 2C ED 0B 43 08
 (070.995935)  can0  123   [8]  93 00 61 43 2F F5 8D FF
 (070.996241)  can0  124   [8]  93 08 EE 53 F6 0B 3A 08
 (071.005970)  can0  123   [8]  94 00 4D 43 2F 68 7E FF
 (071.006018)  can0  124   [8]  94 08 EE 7A CF 0B 31 08
 (071.015645)  can0  123   [8]  95 00 47 43 2E DB 6E FF
 (071.015871)  can0  124   [8]  95 08 EE A1 C1 0B 28 08
 (071.025651)  can0  123   [8]  96 00 46 43 2E 5E 0B FF
 (071.025902)  can0  124   [8]  96 08 EE C8 99 0B 20 08
 (071.035807)  can0  123   [8]  97 00 45 43 2D D0 FB FF
 (071.035869)  can0  124   [8]  97 08 EE EF 87 0B 17 08
 (071.045499)  can0  123   [8]  98 00 42 43 2D 43 EB FF
 (071.045614)  can0  124   [8]  98 08 EF 16 5B 0B 0E 08
 (071.055445)  can0  123   [8]  99 00 48 43 2C B6 DB FF
 (071.055534)  can0  124   [8]  99 08 EF 3D 50 0B 05 08
 (071.065217)  can0  123   [8]  9A 00 57 43 2C 29 CB FF
 (071.065548)  can0  124   [8]  9A 08 EF 64 2B 0A FC 08
 (071.075351)  can0  123   [8]  9B 00 73 43 2B 9C BC FF
 (071.075368)  can0  124   [8]  9B 08 EF 8B 11 0A F3 08
 (071.085226)  can0  123   [8]  9C 00 87 43 2B 0F AD FF
 (071.085239)  can0  124   [8]  9C 08 EF B1 E6 0A EA 08
 (071.094979)  can0  123   [8]  9D 00 A3 43 2A 82 9D FF
 (071.095209)  can0  124   [8]  9D 08 EF D8 D8 0A E1 08
 (071.104941)  can0  123   [8]  9E 00 D4 43 29 F5 8D FF
 (071.105065)  can0  124   [8]  9E 08 EF FF AA 0A D8 08
 (071.114713)  can0  123   [8]  9F 00 EA 43 29 78 2A FF
 (071.114933)  can0  124   [8]  9F 08 F0 26 94 0A D0 08
 (071.124618)  can0  123   [8]  A0 00 F1 43 28 EB 1A FF
 (071.125942)  can0  124   [8]  A0 08 F0 4D 73 0A C7 08
 (071.134660)  can0  123   [8]  A1 00 F3 43 28 5E 0A FF
 (071.134910)  can0  124   [8]  A1 08 F0 74 5B 0A BE 08
 (071.144643)  can0  123   [8]  A2 00 F3 43 27 D0 FB FF
 (071.144662)  can0  124   [8]  A2 08 F0 9B 3B 0A B5 08
 (071.154588)  can0  123   [8]  A3 00 F4 43 27 43 EB FF
 (071.154602)  can0  124   [8]  A3 08 F0 C2 22 0A AC 08
 (071.164393)  can0  123   [8]  A4 00 F5 43 26 B6 DC FF
 (071.164543)  can0  124   [8]  A4 08 F0 E8 F9 0A A3 08
 (071.174294)  can0  123   [8]  A5 00 F6 43 26 29 CC FF
 (071.174560)  can0  124   [8]  A5 08 F1 0F E0 0A 9A 08
 (071.184165)  can0  123   [8]  A6 00 F7 43 25 9C BC FF
 (071.184328)  can0  124   [8]  A6 08 F1 36 BB 0A 91 08
 (071.194423)  can0  123   [8]  A7 00 F7 43 25 0F AC FF
 (071.194465)  can0  124   [8]  A7 08 F1 5D A2 0A 88 08
 (071.203954)  can0  123   [8]  A8 00 F8 43 24 92 49 FF
 (071.204113)  can0  124   [8]  A8 08 F1 84 7E 0A 80 08
 (071.213825)  can0  123   [8]  A9 00 F8 43 24 05 39 FF
 (071.213961)  can0  124   [8]  A9 08 F1 AB 66 0A 77 08
 (071.223674)  can0  123   [8]  AA 00 F9 43 23 78 2A FF
 (071.223903)  can0  124   [8]  AA 08 F1 D2 40 0A 6E 08
 (071.233574)  can0  123   [8]  AB 00 F9 43 22 EB 1A FF
 (071.234029)  can0  124   [8]  AB 08 F1 F9 1F 0A 65 08
 (071.243743)  can0  123   [8]  AC 00 F8 43 22 5E 0B FF
 (071.243788)  can0  124   [8]  AC 08 F2 1F F7 0A 5C 08
 (071.253440)  can0  123   [8]  AD 00 F5 43 21 E0 A7 FF
 (071.253710)  can0  124   [8]  AD 08 F2 46 DC 0A 54 08
 (071.263764)  can0  123   [8]  AE 00 EA 43 21 53 98 FF
 (071.263811)  can0  124   [8]  AE 08 F2 6D AE 0A 4B 08
 (071.273290)  can0  123   [8]  AF 00 B6 43 20 C6 88 FF
 (071.273553)  can0  124   [8]  AF 08 F2 94 94 0A 42 08
 (071.283189)  can0  123   [8]  B0 00 59 43 20 39 78 FF
 (071.283583)  can0  124   [8]  B0 08 F2 BB 76 0A 39 08
 (071.294023)  can0  123   [8]  B1 00 4B 43 1F AC 68 FF
 (071.294038)  can0  124   [8]  B1 08 F2 E2 62 0A 30 08
 (071.302967)  can0  123   [8]  B2 00 43 43 1F 1F 59 FF
 (071.303248)  can0  124   [8]  B2 08 F3 09 33 0A 27 08
 (071.312809)  can0  123   [8]  B3 00 3E 43 1E 92 49 FF
 (071.312952)  can0  124   [8]  B3 08 F3 30 1C 0A 1E 08
 (071.322661)  can0  123   [8]  B4 00 34 43 1E 05 3A FF
 (071.322841)  can0  124   [8]  B4 08 F3 56 EA 0A 15 08
 (071.332578)  can0  123   [8]  B5 00 32 43 1D 78 2A FF
 (071.332798)  can0  124   [8]  B5 08 F3 7D D5 0A 0C 08
 (071.344434)  can0  123   [8]  B6 00 31 43 1C DB 6D FF
 (071.344640)  can0  124   [8]  B6 08 F3 AC 77 0A 02 08
 (071.354372)  can0  123   [8]  B7 00 30 43 1C 3E B2 FF
 (071.354535)  can0  124   [8]  B7 08 F3 D3 44 09 F8 08
 (071.364257)  can0  123   [8]  B8 00 30 43 1B C1 4F FF
 (071.364462)  can0  124   [8]  B8 08 F3 FA 31 09 F0 08
 (071.374159)  can0  123   [8]  B9 00 30 43 1B 34 3F FF
 (071.374362)  can0  124   [8]  B9 08 F4 21 00 09 E7 08
 (071.384127)  can0  123   [8]  BA 00 2F 43 1A A7 2F FF
 (071.384312)  can0  124   [8]  BA 08 F4 47 EE 09 DE 08
 (071.393929)  can0  123   [8]  BB 00 2E 43 1A 1A 1F FF
 (071.394246)  can0  124   [8]  BB 08 F4 6E B9 09 D5 08
 (071.403891)  can0  123   [8]  BC 00 2E 43 19 8D 0F FF
 (071.404073)  can0  124   [8]  BC 08 F4 95 A2 09 CC 08
 (071.413838)  can0  123   [8]  BD 00 2E 43 19 00 00 FF
 (071.413989)  can0  124   [8]  BD 08 F4 BC 76 09 C3 08
 (071.423760)  can0  123   [8]  BE 00 2D 43 18 72 F0 FF
 (071.423909)  can0  124   [8]  BE 08 F4 E3 55 09 BA 08
 (071.433579)  can0  123   [8]  BF 00 2C 43 17 E5 E1 FF
 (071.433770)  can0  124   [8]  BF 08 F5 0A 2B 09 B1 08
 (071.443511)  can0  123   [8]  C0 00 2C 43 17 58 D1 FF
 (071.443739)  can0  124   [8]  C0 08 F5 31 16 09 A8 08
 (071.453402)  can0  123   [8]  C1 00 2D 43 16 CB C1 FF
 (071.453617)  can0  124   [8]  C1 08 F5 57 E4 09 9F 08
 (071.463458)  can0  123   [8]  C2 00 2D 43 16 3E B1 FF
 (071.463536)  can0  124   [8]  C2 08 F5 7E C7 09 96 08
 (071.473186)  can0  123   [8]  C3 00 2D 43 15 B1 A2 FF
 (071.473474)  can0  124   [8]  C3 08 F5 A5 95 09 8D 08
 (071.483107)  can0  123   [8]  C4 00 2D 43 15 24 92 FF
 (071.483317)  can0  124   [8]  C4 08 F5 CC 7B 09 84 08
 (071.493029)  can0  123   [8]  C5 00 2D 43 14 87 D6 FF
 (071.493285)  can0  124   [8]  C5 08 F5 F3 4D 09 7A 08
 (071.502932)  can0  123   [8]  C6 00 2D 43 14 0A 73 FF
 (071.503135)  can0  124   [8]  C6 08 F6 1A 33 09 72 08
 (071.512931)  can0  123   [8]  C7 00 2E 43 13 6D B7 FF
 (071.513079)  can0  124   [8]  C7 08 F6 41 09 09 68 08
 (071.522813)  can0  123   [8]  C8 00 2E 43 12 F0 54 FF
 (071.522952)  can0  124   [8]  C8 08 F6 67 F3 09 60 08
 (071.532683)  can0  123   [8]  C9 00 2E 43 12 53 97 FF
 (071.532881)  can0  124   [8]  C9 08 F6 8E C5 09 56 08
 (071.542556)  can0  123   [8]  CA 00 2E 43 11 D6 34 FF
 (071.542748)  can0  124   [8]  CA 08 F6 B5 B2 09 4E 08
 (071.552443)  can0  123   [8]  CB 00 2F 43 11 39 78 FF
 (071.552721)  can0  124   [8]  CB 08 F6 DC 86 09 44 08
 (071.562345)  can0  123   [8]  CC 00 2F 43 10 BC 15 FF
 (071.562607)  can0  124   [8]  CC 08 F7 03 72 09 3C 08
 (071.572270)  can0  123   [8]  CD 00 2F 43 10 2F 05 FF
 (071.572455)  can0  124   [8]  CD 08 F7 2A 44 09 33 08
 (071.582221)  can0  123   [8]  CE 00 30 43 0F A1 F6 FF
 (071.582376)  can0  124   [8]  CE 08 F7 51 31 09 2A 08
 (071.592107)  can0  123   [8]  CF 00 30 43 0F 14 E6 FF
 (071.592324)  can0  124   [8]  CF 08 F7 78 06 09 21 08
 (071.601998)  can0  123   [8]  D0 00 30 43 0E 87 D6 FF
 (071.602223)  can0  124   [8]  D0 08 F7 9E EF 09 18 08
 (071.611910)  can0  123   [8]  D1 00 31 43 0D FA C6 FF
 (071.612138)  can0  124   [8]  D1 08 F7 C5 CC 09 0F 08
 (071.621820)  can0  123   [8]  D2 00 31 43 0D 6D B7 FF
 (071.622057)  can0  124   [8]  D2 08 F7 EC BE 09 06 08
 (071.631741)  can0  123   [8]  D3 00 31 43 0C E0 A7 FF
 (071.631970)  can0  124   [8]  D3 08 F8 13 94 08 FD 08
 (071.641647)  can0  123   [8]  D4 00 31 43 0C 53 98 FF
 (071.641900)  can0  124   [8]  D4 08 F8 3A 82 08 F4 08
 (071.651569)  can0  123   [8]  D5 00 32 43 0B C6 88 FF
 (071.651743)  can0  124   [8]  D5 08 F8 61 56 08 EB 08
 (071.661522)  can0  123   [8]  D6 00 32 43 0B 39 78 FF
 (071.661667)  can0  124   [8]  D6 08 F8 88 3C 08 E2 08
 (071.671377)  can0  123   [8]  D7 00 32 43 0A AC 68 FF
 (071.671596)  can0  124   [8]  D7 08 F8 AF 0D 08 D9 08
 (071.681569)  can0  123   [8]  D8 00 33 43 0A 1F 59 FF
 (071.681584)  can0  124   [8]  D8 08 F8 D5 F2 08 D0 08
 (071.691235)  can0  123   [8]  D9 00 33 43 09 A1 F6 FF
 (071.691416)  can0  124   [8]  D9 08 F8 FC C6 08 C8 08
 (071.701137)  can0  123   [8]  DA 00 33 43 09 14 E6 FF
 (071.701328)  can0  124   [8]  DA 08 F9 23 B4 08 BF 08
 (071.711038)  can0  123   [8]  DB 00 33 43 08 87 D6 FF
 (071.711191)  can0  124   [8]  DB 08 F9 4A 88 08 B6 08
 (071.720915)  can0  123   [8]  DC 00 33 43 07 FA C7 FF
 (071.721067)  can0  124   [8]  DC 08 F9 71 75 08 AD 08
 (071.730754)  can0  123   [8]  DD 00 34 43 07 6D B7 FF
 (071.730984)  can0  124   [8]  DD 08 F9 98 51 08 A4 08
 (071.740787)  can0  123   [8]  DE 00 34 43 06 E0 A7 FF
 (071.740930)  can0  124   [8]  DE 08 F9 BF 3F 08 9B 08
 (071.750581)  can0  123   [8]  DF 00 34 43 06 63 44 FF
 (071.750817)  can0  124   [8]  DF 08 F9 E6 13 08 93 08
 (071.760568)  can0  123   [8]  E0 00 34 43 05 D6 34 FF
 (071.760724)  can0  124   [8]  E0 08 FA 0D 03 08 8A 08
 (071.770466)  can0  123   [8]  E1 00 33 43 05 49 25 FF
 (071.770689)  can0  124   [8]  E1 08 FA 33 CF 08 81 08
 (071.780403)  can0  123   [8]  E2 00 33 43 04 BC 15 FF
 (071.780634)  can0  124   [8]  E2 08 FA 5A B9 08 78 08
 (071.790406)  can0  123   [8]  E3 00 32 43 04 3E B2 FF
 (071.790474)  can0  124   [8]  E3 08 FA 81 85 08 70 08
 (071.800159)  can0  123   [8]  E4 00 32 43 03 B1 A2 FF
 (071.800445)  can0  124   [8]  E4 08 FA A8 77 08 67 08
 (071.810222)  can0  123   [8]  E5 00 32 43 03 24 92 FF
 (071.810342)  can0  124   [8]  E5 08 FA CF 46 08 5E 08
 (071.819976)  can0  123   [8]  E6 00 32 43 02 A7 2F FF
 (071.820262)  can0  124   [8]  E6 08 FA F6 2F 08 56 08
 (071.829895)  can0  123   [8]  E7 00 32 43 02 1A 1F FF
 (071.830092)  can0  124   [8]  E7 08 FB 1D 06 08 4D 08
 (071.839794)  can0  123   [8]  E8 00 31 43 01 8D 0F FF
 (071.840048)  can0  124   [8]  E8 08 FB 43 EB 08 44 08
 (071.849683)  can0  123   [8]  E9 00 31 43 01 00 00 FF
 (071.849961)  can0  124   [8]  E9 08 FB 6A B8 08 3B 08
 (071.859614)  can0  123   [8]  EA 00 31 43 00 72 F1 FF
 (071.859774)  can0  124   [8]  EA 08 FB 91 A6 08 32 08
 (071.869494)  can0  123   [8]  EB 00 31 42 FF EB 1A FF
 (071.869692)  can0  124   [8]  EB 08 FB B8 75 08 2A 08
 (071.879421)  can0  123   [8]  EC 00 31 42 FE D0 FB FF
 (071.879677)  can0  124   [8]  EC 08 FB DF 62 08 21 08
 (071.889307)  can0  123   [8]  ED 00 30 42 FD D6 34 FF
 (071.889567)  can0  124   [8]  ED 08 FC 06 33 08 19 08
 (071.899229)  can0  123   [8]  EE 00 30 42 FC BC 14 FF
 (071.899465)  can0  124   [8]  EE 08 FC 2D 1A 08 10 08
 (071.909111)  can0  123   [8]  EF 00 30 42 FB C1 4E FF
 (071.909392)  can0  124   [8]  EF 08 FC 53 F2 08 08 08
 (071.919108)  can0  123   [8]  F0 00 30 42 FA A7 2F FF
 (071.919281)  can0  124   [8]  F0 08 FC 7A D8 07 FF 08
 (071.928849)  can0  123   [8]  F1 00 30 42 F9 8D 0F FF
 (071.929095)  can0  124   [8]  F1 08 FC A1 A7 07 F6 08
 (071.938762)  can0  123   [8]  F2 00 30 42 F8 92 49 FF
 (071.939051)  can0  124   [8]  F2 08 FC C8 94 07 EE 08
 (071.948700)  can0  123   [8]  F3 00 30 42 F7 78 29 FF
 (071.948886)  can0  124   [8]  F3 08 FC EF 61 07 E5 08
 (071.958686)  can0  123   [8]  F4 00 30 42 F6 7D 63 FF
 (071.958874)  can0  124   [8]  F4 08 FD 16 50 07 DD 08
 (071.968534)  can0  123   [8]  F5 00 2F 42 F5 63 44 FF
 (071.968706)  can0  124   [8]  F5 08 FD 3D 27 07 D4 08
 (071.978498)  can0  123   [8]  F6 00 2F 42 F4 68 7D FF
 (071.978657)  can0  124   [8]  F6 08 FD 64 0F 07 CC 08
 (071.988358)  can0  123   [8]  F7 00 2F 42 F3 4E 5E FF
 (071.988594)  can0  124   [8]  F7 08 FD 8A EB 07 C3 08
 (071.998319)  can0  123   [8]  F8 00 2F 42 F2 53 98 FF
 (071.998535)  can0  124   [8]  F8 08 FD B1 D6 07 BB 08
 (072.008374)  can0  123   [8]  F9 00 2F 42 F1 39 78 FF
 (072.008407)  can0  124   [8]  F9 08 FD D8 A4 07 B2 08
 (072.018156)  can0  123   [8]  FA 00 2F 42 F0 3E B2 FF
 (072.018398)  can0  124   [8]  FA 08 FD FF 91 07 AA 08
 (072.028109)  can0  123   [8]  FB 00 2F 42 EF 43 EA FF
 (072.028260)  can0  124   [8]  FB 08 FE 26 65 07 A2 08
 (072.037983)  can0  123   [8]  FC 00 2E 42 EE 29 CC FF
 (072.038235)  can0  124   [8]  FC 08 FE 4D 52 07 99 08
 (072.047813)  can0  123   [8]  FD 00 2E 42 ED 2F 05 FF
 (072.048103)  can0  124   [8]  FD 08 FE 74 23 07 91 08
 (072.057778)  can0  123   [8]  FE 00 2E 42 EC 14 E7 FF
 (072.058022)  can0  124   [8]  FE 08 FE 9B 0E 07 88 08
 (072.067595)  can0  123   [8]  FF 00 2E 42 EB 1A 1F FF
 (072.067839)  can0  124   [8]  FF 08 FE C1 E2 07 80 08
 (072.077558)  can0  123   [8]  00 00 2E 42 EA 1F 59 FF
 (072.077707)  can0  124   [8]  00 08 FE E8 CE 07 78 08
 (072.087403)  can0  123   [8]  01 00 2E 42 E9 24 93 FF
 (072.087647)  can0  124   [8]  01 08 FF 0F A7 07 70 08
 (072.097382)  can0  123   [8]  02 00 2E 42 E8 0A 73 FF
 (072.097581)  can0  124   [8]  02 08 FF 36 95 07 67 08
 (072.107320)  can0  123   [8]  03 00 2E 42 E7 0F AD FF
 (072.107450)  can0  124   [8]  03 08 FF 5D 69 07 5F 08
 (072.117271)  can0  123   [8]  04 00 2E 42 E6 14 E6 FF
 (072.117562)  can0  124   [8]  04 08 FF 84 5A 07 57 08
 (072.127458)  can0  123   [8]  05 00 2E 42 E4 FA C6 FF
 (072.127474)  can0  124   [8]  05 08 FF AB 2E 07 4E 08
 (072.137004)  can0  123   [8]  06 00 2D 42 E4 00 00 FF
 (072.137222)  can0  124   [8]  06 08 FF D2 22 07 46 08
 (072.146930)  can0  123   [8]  07 00 2D 42 E3 05 3A FF
 (072.147102)  can0  124   [8]  07 08 FF F8 F7 07 3E 08
 (072.156866)  can0  123   [8]  08 00 2D 42 E2 0A 74 FF
 (072.157058)  can0  124   [8]  08 09 00 1F E7 07 36 08
 (072.166766)  can0  123   [8]  09 00 2D 42 E1 0F AC FF
 (072.167002)  can0  124   [8]  09 09 00 46 BF 07 2E 08
 (072.176843)  can0  123   [8]  0A 00 2D 42 DF F5 8C FF
 (072.176866)  can0  124   [8]  0A 09 00 6D AE 07 25 08
 (072.186718)  can0  123   [8]  0B 00 2D 42 DE FA C6 FF
 (072.186735)  can0  124   [8]  0B 09 00 94 87 07 1D 08
 (072.196463)  can0  123   [8]  0C 00 2D 42 DE 00 00 FF
 (072.196667)  can0  124   [8]  0C 09 00 BB 71 07 15 08
 (072.206743)  can0  123   [8]  0D 00 2D 42 DC E5 E1 FF
 (072.206768)  can0  124   [8]  0D 09 00 E2 4E 07 0C 08
 (072.216544)  can0  123   [8]  0E 00 2D 42 DB EB 1A FF
 (072.216565)  can0  124   [8]  0E 09 01 09 3B 07 04 08
 (072.226495)  can0  123   [8]  0F 00 2D 42 DA F0 53 FF
 (072.226510)  can0  124   [8]  0F 09 01 30 14 06 FC 08
 (072.236097)  can0  123   [8]  10 00 2D 42 D9 F5 8D FF
 (072.236276)  can0  124   [8]  10 09 01 57 00 06 F4 08
 (072.246021)  can0  123   [8]  11 00 2D 42 D8 FA C7 FF
 (072.246290)  can0  124   [8]  11 09 01 7D D3 06 EC 08
 (072.255917)  can0  123   [8]  12 00 2D 42 D8 00 01 FF
 (072.256078)  can0  124   [8]  12 09 01 A4 C0 06 E4 08
 (072.265980)  can0  123   [8]  13 00 2D 42 D7 05 39 FF
 (072.266000)  can0  124   [8]  13 09 01 CB 94 06 DC 08
 (072.275973)  can0  123   [8]  14 00 2D 42 D6 0A 73 FF
 (072.275993)  can0  124   [8]  14 09 01 F2 7E 06 D4 08
 (072.285564)  can0  123   [8]  15 00 2C 42 D5 0F AD FF
 (072.285875)  can0  124   [8]  15 09 02 19 50 06 CC 08
 (072.295550)  can0  123   [8]  16 00 2C 42 D4 14 E5 FF
 (072.295703)  can0  124   [8]  16 09 02 40 3D 06 C4 08
 (072.305645)  can0  123   [8]  17 00 2C 42 D3 1A 1F FF
 (072.305661)  can0  124   [8]  17 09 02 67 0D 06 BC 08
 (072.315320)  can0  123   [8]  18 00 2C 42 D2 1F 59 FF
 (072.315506)  can0  124   [8]  18 09 02 8D FC 06 B4 08
 (072.325235)  can0  123   [8]  19 00 2C 42 D1 05 39 FF
 (072.325425)  can0  124   [8]  19 09 02 B4 D2 06 AB 08
 (072.335135)  can0  123   [8]  1A 00 2C 42 D0 0A 73 FF
 (072.335392)  can0  124   [8]  1A 09 02 DB BE 06 A3 08
 (072.345122)  can0  123   [8]  1B 00 2C 42 CF 0F AC FF
 (072.345316)  can0  124   [8]  1B 09 03 02 93 06 9B 08
 (072.355219)  can0  123   [8]  1C 00 2C 42 CE 14 E6 FF
 (072.355240)  can0  124   [8]  1C 09 03 29 81 06 93 08
 (072.364916)  can0  123   [8]  1D 00 2C 42 CD 1A 20 FF
 (072.365108)  can0  124   [8]  1D 09 03 50 57 06 8B 08
 (072.374919)  can0  123   [8]  1E 00 2C 42 CC 1F 59 FF
 (072.375068)  can0  124   [8]  1E 09 03 77 44 06 83 08
 (072.384758)  can0  123   [8]  1F 00 2C 42 CB 05 3A FF
 (072.385037)  can0  124   [8]  1F 09 03 9E 13 06 7A 08
 (072.394628)  can0  123   [8]  20 00 2C 42 CA 0A 72 FF
 (072.394899)  can0  124   [8]  20 09 03 C4 FD 06 72 08
 (072.404572)  can0  123   [8]  21 00 2C 42 C9 0F AC FF
 (072.404817)  can0  124   [8]  21 09 03 EB CB 06 6A 08
 (072.414713)  can0  123   [8]  22 00 2C 42 C8 14 E6 FF
 (072.414798)  can0  124   [8]  22 09 04 12 B3 06 62 08
 (072.424252)  can0  123   [8]  23 00 2C 42 C7 1A 20 FF
 (072.424555)  can0  124   [8]  23 09 04 39 8E 06 5A 08
 (072.434277)  can0  123   [8]  24 00 2B 42 C6 1F 58 FF
 (072.434648)  can0  124   [8]  24 09 04 60 77 06 52 08
 (072.444245)  can0  123   [8]  25 00 2A 42 C5 24 92 FF
 (072.444292)  can0  124   [8]  25 09 04 87 47 06 4A 08
 (072.454039)  can0  123   [8]  26 00 2A 42 C4 29 CC FF
 (072.454210)  can0  124   [8]  26 09 04 AE 36 06 42 08
 (072.463908)  can0  123   [8]  27 00 2A 42 C3 2F 05 FF
 (072.464102)  can0  124   [8]  27 09 04 D5 0D 06 3A 08
 (072.473869)  can0  123   [8]  28 00 2A 42 C2 34 3E FF
 (072.474036)  can0  124   [8]  28 09 04 FB F6 06 32 08
 (072.483821)  can0  123   [8]  29 00 29 42 C1 39 78 FF
 (072.483964)  can0  124   [8]  29 09 05 22 D0 06 2A 08
 (072.493669)  can0  123   [8]  2A 00 28 42 C0 3E B2 FF
 (072.493861)  can0  124   [8]  2A 09 05 49 BE 06 22 08
 (072.503654)  can0  123   [8]  2B 00 27 42 BF 43 EB FF
 (072.503798)  can0  124   [8]  2B 09 05 70 91 06 1A 08
 (072.513571)  can0  123   [8]  2C 00 27 42 BE 49 25 FF
 (072.513742)  can0  124   [8]  2C 09 05 97 7B 06 12 08
 (072.523288)  can0  123   [8]  2D 00 27 42 BD 4E 5E FF
 (072.523459)  can0  124   [8]  2D 09 05 BE 4F 06 0A 08
 (072.533113)  can0  123   [8]  2E 00 27 42 BC 53 97 FF
 (072.533363)  can0  124   [8]  2E 09 05 E5 3A 06 02 08
 (072.543043)  can0  123   [8]  2F 00 27 42 BB 58 D1 FF
 (072.543283)  can0  124   [8]  2F 09 06 0C 0D 05 FA 08
 (072.552984)  can0  123   [8]  30 00 27 42 BA 5E 0B FF
 (072.553204)  can0  124   [8]  30 09 06 32 F3 05 F2 08
 (072.562939)  can0  123   [8]  31 00 27 42 B9 63 44 FF
 (072.563156)  can0  124   [8]  31 09 06 59 CD 05 EA 08
 (072.572874)  can0  123   [8]  32 00 26 42 B8 68 7D FF
 (072.573062)  can0  124   [8]  32 09 06 80 BA 05 E2 08
 (072.582749)  can0  123   [8]  33 00 26 42 B7 6D B7 FF
 (072.582995)  can0  124   [8]  33 09 06 A7 8D 05 DA 08
 (072.592613)  can0  123   [8]  34 00 26 42 B6 72 F1 FF
 (072.592842)  can0  124   [8]  34 09 06 CE 80 05 D2 08
 (072.602671)  can0  123   [8]  35 00 26 42 B5 78 29 FF
 (072.602727)  can0  124   [8]  35 09 06 F5 56 05 CA 08
 (072.612492)  can0  123   [8]  36 00 26 42 B4 5E 0B FF
 (072.612669)  can0  124   [8]  36 09 07 1C 44 05 C1 08
 (072.622382)  can0  123   [8]  37 00 26 42 B3 82 9D FF
 (072.622596)  can0  124   [8]  37 09 07 43 1D 05 BA 08
 (072.632291)  can0  123   [8]  38 00 26 42 B2 87 D6 FF
 (072.632432)  can0  124   [8]  38 09 07 6A 0C 05 B2 08
 (072.642094)  can0  123   [8]  39 00 26 42 B1 8D 10 FF
 (072.642316)  can0  124   [8]  39 09 07 90 E5 05 AA 08
 (072.652109)  can0  123   [8]  3A 00 26 42 B0 92 49 FF
 (072.652261)  can0  124   [8]  3A 09 07 B7 D6 05 A2 08
 (072.661931)  can0  123   [8]  3B 00 26 42 AF 97 82 FF
 (072.662156)  can0  124   [8]  3B 09 07 DE A9 05 9A 08
 (072.671876)  can0  123   [8]  3C 00 26 42 AE 9C BC FF
 (072.672066)  can0  124   [8]  3C 09 08 05 9B 05 92 08
 (072.681700)  can0  123   [8]  3D 00 27 42 AD A1 F5 FF
 (072.681964)  can0  124   [8]  3D 09 08 2C 6E 05 8A 08
 (072.691706)  can0  123   [8]  3E 00 27 42 AC A7 2F FF
 (072.691859)  can0  124   [8]  3E 09 08 53 63 05 82 08
 (072.701561)  can0  123   [8]  3F 00 27 42 AB AC 68 FF
 (072.701744)  can0  124   [8]  3F 09 08 7A 39 05 7A 08
 (072.711477)  can0  123   [8]  40 00 27 42 AA B1 A2 FF
 (072.711674)  can0  124   [8]  40 09 08 A1 28 05 72 08
 (072.721424)  can0  123   [8]  41 00 27 42 A9 B6 DB FF
 (072.721595)  can0  124   [8]  41 09 08 C7 FD 05 6A 08
 (072.731279)  can0  123   [8]  42 00 27 42 A8 BC 15 FF
 (072.731499)  can0  124   [8]  42 09 08 EE EE 05 62 08
 (072.741236)  can0  123   [8]  43 00 27 42 A7 C1 4F FF
 (072.741385)  can0  124   [8]  43 09 09 15 C3 05 5A 08
 (072.751130)  can0  123   [8]  44 00 27 42 A6 E5 E0 FF
 (072.751322)  can0  124   [8]  44 09 09 3C BA 05 53 08
 (072.760965)  can0  123   [8]  45 00 27 42 A5 EB 1A FF
 (072.761199)  can0  124   [8]  45 09 09 63 8E 05 4B 08
 (072.770946)  can0  123   [8]  46 00 27 42 A4 F0 54 FF
 (072.771155)  can0  124   [8]  46 09 09 8A 81 05 43 08
 (072.780883)  can0  123   [8]  47 00 27 42 A3 F5 8D FF
 (072.781142)  can0  124   [8]  47 09 09 B1 53 05 3B 08
 (072.790736)  can0  123   [8]  48 00 27 42 A2 FA C7 FF
 (072.791060)  can0  124   [8]  48 09 09 D8 40 05 33 08
 (072.800723)  can0  123   [8]  49 00 27 42 A2 00 00 FF
 (072.800866)  can0  124   [8]  49 09 09 FF 13 05 2B 08
 (072.810658)  can0  123   [8]  4A 00 27 42 A1 24 92 FF
 (072.810777)  can0  124   [8]  4A 09 0A 25 FD 05 24 08
 (072.820808)  can0  123   [8]  4B 00 27 42 A0 29 CC FF
 (072.820834)  can0  124   [8]  4B 09 0A 4C CE 05 1C 08
 (072.830436)  can0  123   [8]  4C 00 27 42 9F 2F 05 FF
 (072.830651)  can0  124   [8]  4C 09 0A 73 BC 05 14 08
 (072.840278)  can0  123   [8]  4D 00 27 42 9E 53 97 FF
 (072.840495)  can0  124   [8]  4D 09 0A 9A 93 05 0D 08
 (072.850216)  can0  123   [8]  4E 00 27 42 9D 58 D1 FF
 (072.850369)  can0  124   [8]  4E 09 0A C1 84 05 05 08
 (072.860431)  can0  123   [8]  4F 00 27 42 9C 7D 63 FF
 (072.860441)  can0  124   [8]  4F 09 0A E8 53 04 FE 08
 (072.870125)  can0  123   [8]  50 00 27 42 9B 82 9D FF
 (072.870644)  can0  124   [8]  50 09 0B 0F 41 04 F6 08
 (072.879958)  can0  123   [8]  51 00 27 42 9A A7 2F FF
 (072.880133)  can0  124   [8]  51 09 0B 36 19 04 EF 08
 (072.889928)  can0  123   [8]  52 00 27 42 99 AC 68 FF
 (072.890052)  can0  124   [8]  52 09 0B 5D 0A 04 E7 08
 (072.899707)  can0  123   [8]  53 00 27 42 98 D0 FB FF
 (072.899963)  can0  124   [8]  53 09 0B 83 D8 04 E0 08
 (072.909616)  can0  123   [8]  54 00 27 42 97 D6 34 FF
 (072.909884)  can0  124   [8]  54 09 0B AA C8 04 D8 08
 (072.919840)  can0  123   [8]  55 00 27 42 96 FA C7 FF
 (072.919870)  can0  124   [8]  55 09 0B D1 97 04 D1 08
 (072.929528)  can0  123   [8]  56 00 27 42 96 00 00 FF
 (072.929660)  can0  124   [8]  56 09 0B F8 80 04 C9 08
 (072.939409)  can0  123   [8]  57 00 27 42 95 24 92 FF
 (072.939626)  can0  124   [8]  57 09 0C 1F 55 04 C2 08
 (072.949332)  can0  123   [8]  58 00 27 42 94 29 CC FF
 (072.949534)  can0  124   [8]  58 09 0C 46 42 04 BA 08
 (072.959198)  can0  123   [8]  59 00 27 42 93 4E 5E FF
 (072.959481)  can0  124   [8]  59 09 0C 6D 18 04 B3 08
 (072.969141)  can0  123   [8]  5A 00 28 42 92 72 F0 FF
 (072.969392)  can0  124   [8]  5A 09 0C 94 04 04 AC 08
 (072.979379)  can0  123   [8]  5B 00 28 42 91 78 2A FF
 (072.979430)  can0  124   [8]  5B 09 0C BA D6 04 A4 08
 (072.988989)  can0  123   [8]  5C 00 28 42 90 9C BC FF
 (072.989110)  can0  124   [8]  5C 09 0C E1 BE 04 9D 08
 (072.998851)  can0  123   [8]  5D 00 28 42 8F A1 F6 FF
 (072.999123)  can0  124   [8]  5D 09 0D 08 8E 04 95 08
 (073.008742)  can0  123   [8]  5E 00 28 42 8E C6 88 FF
 (073.008972)  can0  124   [8]  5E 09 0D 2F 7A 04 8E 08
 (073.018672)  can0  123   [8]  5F 00 28 42 8D EB 1A FF
 (073.018912)  can0  124   [8]  5F 09 0D 56 4C 04 87 08
 (073.028493)  can0  123   [8]  60 00 28 42 8D 0F AC FF
 (073.028914)  can0  124   [8]  60 09 0D 7D 32 04 80 08
 (073.038437)  can0  123   [8]  61 00 28 42 8C 14 E6 FF
 (073.038765)  can0  124   [8]  61 09 0D A4 0A 04 78 08
 (073.048383)  can0  123   [8]  62 00 28 42 8B 39 78 FF
 (073.048521)  can0  124   [8]  62 09 0D CA EF 04 71 08
 (073.058256)  can0  123   [8]  63 00 28 42 8A 5E 0A FF
 (073.058427)  can0  124   [8]  63 09 0D F1 C1 04 6A 08
 (073.068164)  can0  123   [8]  64 00 28 42 89 82 9D FF
 (073.068423)  can0  124   [8]  64 09 0E 18 AA 04 63 08
 (073.078104)  can0  123   [8]  65 00 28 42 88 A7 2F FF
 (073.078252)  can0  124   [8]  65 09 0E 3F 7E 04 5C 08
 (073.088051)  can0  123   [8]  66 00 28 42 87 CB C1 FF
 (073.088260)  can0  124   [8]  66 09 0E 66 68 04 55 08
 (073.097925)  can0  123   [8]  67 00 28 42 86 F0 53 FF
 (073.098089)  can0  124   [8]  67 09 0E 8D 3D 04 4E 08
 (073.107790)  can0  123   [8]  68 00 28 42 85 F5 8D FF
 (073.108083)  can0  124   [8]  68 09 0E B4 2F 04 46 08
 (073.117791)  can0  123   [8]  69 00 28 42 85 1A 1F FF
 (073.117991)  can0  124   [8]  69 09 0E DB 00 04 3F 08
 (073.127658)  can0  123   [8]  6A 00 28 42 84 3E B2 FF
 (073.127904)  can0  124   [8]  6A 09 0F 01 ED 04 38 08
 (073.137480)  can0  123   [8]  6B 00 28 42 83 63 44 FF
 (073.137723)  can0  124   [8]  6B 09 0F 28 BF 04 31 08
 (073.147442)  can0  123   [8]  6C 00 28 42 82 87 D6 FF
 (073.147638)  can0  124   [8]  6C 09 0F 4F AA 04 2A 08
 (073.157226)  can0  123   [8]  6D 00 28 42 81 8D 0F FF
 (073.157440)  can0  124   [8]  6D 09 0F 76 7E 04 22 08
 (073.167290)  can0  123   [8]  6E 00 28 42 80 B1 A2 FF
 (073.167499)  can0  124   [8]  6E 09 0F 9D 6D 04 1B 08
 (073.177340)  can0  123   [8]  6F 00 29 42 7F AC 68 FF
 (073.177348)  can0  124   [8]  6F 09 0F C4 3E 04 14 08
 (073.187039)  can0  123   [8]  70 00 29 42 7D B6 DC FF
 (073.187226)  can0  124   [8]  70 09 0F EB 27 04 0C 08
 (073.196931)  can0  123   [8]  71 00 29 42 7C 00 00 FF
 (073.197161)  can0  124   [8]  71 09 10 11 FD 04 05 08
 (073.206839)  can0  123   [8]  72 00 29 42 7A 49 25 FF
 (073.206997)  can0  124   [8]  72 09 10 38 E9 03 FE 08
 (073.216807)  can0  123   [8]  73 00 29 42 78 92 49 FF
 (073.216944)  can0  124   [8]  73 09 10 5F C9 03 F7 08
 (073.226635)  can0  123   [8]  74 00 29 42 76 DB 6E FF
 (073.226822)  can0  124   [8]  74 09 10 86 B7 03 F0 08
 (073.236585)  can0  123   [8]  75 00 29 42 74 E5 E0 FF
 (073.236741)  can0  124   [8]  75 09 10 AD 8C 03 E8 08
 (073.246525)  can0  123   [8]  76 00 29 42 73 2F 06 FF
 (073.246686)  can0  124   [8]  76 09 10 D4 75 03 E1 08
 (073.256403)  can0  123   [8]  77 00 29 42 71 78 2A FF
 (073.256595)  can0  124   [8]  77 09 10 FB 4B 03 DA 08
 (073.266299)  can0  123   [8]  78 00 29 42 70 00 00 FF
 (073.266468)  can0  124   [8]  78 09 11 22 39 03 D4 08
 (073.276174)  can0  123   [8]  79 00 29 42 6E 0A 73 FF
 (073.276390)  can0  124   [8]  79 09 11 49 0A 03 CC 08
 (073.286106)  can0  123   [8]  7A 00 29 42 6C 92 4A FF
 (073.286280)  can0  124   [8]  7A 09 11 6F F1 03 C6 08
 (073.295921)  can0  123   [8]  7B 00 2A 42 6A DB 6E FF
 (073.296190)  can0  124   [8]  7B 09 11 96 C3 03 BF 08
 (073.306102)  can0  123   [8]  7C 00 2A 42 69 24 93 FF
 (073.306116)  can0  124   [8]  7C 09 11 BD B4 03 B8 08
 (073.315753)  can0  123   [8]  7D 00 2A 42 67 6D B7 FF
 (073.315956)  can0  124   [8]  7D 09 11 E4 86 03 B1 08
 (073.325627)  can0  123   [8]  7E 00 2A 42 65 B6 DC FF
 (073.325956)  can0  124   [8]  7E 09 12 0B 6D 03 AA 08
 (073.335571)  can0  123   [8]  7F 00 2A 42 64 3E B1 FF
 (073.335789)  can0  124   [8]  7F 09 12 32 43 03 A4 08
 (073.345596)  can0  123   [8]  80 00 2A 42 62 87 D7 FF
 (073.345728)  can0  124   [8]  80 09 12 59 2D 03 9D 08
 (073.355404)  can0  123   [8]  81 00 2A 42 60 D0 FA FF
 (073.355581)  can0  124   [8]  81 09 12 80 04 03 96 08
 (073.365324)  can0  123   [8]  82 00 2A 42 5F 1A 20 FF
 (073.365525)  can0  124   [8]  82 09 12 A6 EC 03 8F 08
 (073.375283)  can0  123   [8]  83 00 2A 42 5D 63 44 FF
 (073.375410)  can0  124   [8]  83 09 12 CD C1 03 88 08
 (073.385107)  can0  123   [8]  84 00 2A 42 5B AC 69 FF
 (073.385330)  can0  124   [8]  84 09 12 F4 AD 03 81 08
 (073.395015)  can0  123   [8]  85 00 2B 42 59 F5 8D FF
 (073.395228)  can0  124   [8]  85 09 13 1B 7F 03 7A 08
 (073.404906)  can0  123   [8]  86 00 2B 42 58 3E B2 FF
 (073.405175)  can0  124   [8]  86 09 13 42 6B 03 73 08
 (073.414848)  can0  123   [8]  87 00 2B 42 56 87 D6 FF
 (073.415045)  can0  124   [8]  87 09 13 69 40 03 6C 08
 (073.424775)  can0  123   [8]  88 00 2B 42 54 D0 FB FF
 (073.424957)  can0  124   [8]  88 09 13 90 2A 03 65 08
 (073.434654)  can0  123   [8]  89 00 2B 42 53 1A 1F FF
 (073.434816)  can0  124   [8]  89 09 13 B6 F2 03 5E 08
 (073.444544)  can0  123   [8]  8A 00 2B 42 51 63 44 FF
 (073.444761)  can0  124   [8]  8A 09 13 DD DE 03 57 08
 (073.454527)  can0  123   [8]  8B 00 2B 42 4F EB 1A FF
 (073.454740)  can0  124   [8]  8B 09 14 04 B2 03 51 08
 (073.464485)  can0  123   [8]  8C 00 2B 42 4E 34 3F FF
 (073.464637)  can0  124   [8]  8C 09 14 2B A2 03 4A 08
 (073.474394)  can0  123   [8]  8D 00 2B 42 4C BC 14 FF
 (073.474550)  can0  124   [8]  8D 09 14 52 79 03 44 08
 (073.484268)  can0  123   [8]  8E 00 2C 42 4B 05 3A FF
 (073.484509)  can0  124   [8]  8E 09 14 79 64 03 3D 08
 (073.494124)  can0  123   [8]  8F 00 2C 42 49 4E 5E FF
 (073.494395)  can0  124   [8]  8F 09 14 A0 3A 03 36 08
 (073.504065)  can0  123   [8]  90 00 2C 42 47 D6 34 FF
 (073.504251)  can0  124   [8]  90 09 14 C7 29 03 30 08
 (073.514107)  can0  123   [8]  91 00 2C 42 46 5E 0A FF
 (073.514124)  can0  124   [8]  91 09 14 ED FA 03 2A 08
 (073.523909)  can0  123   [8]  92 00 2C 42 44 A7 2F FF
 (073.524101)  can0  124   [8]  92 09 15 14 E7 03 23 08
 (073.533805)  can0  123   [8]  93 00 2C 42 43 2F 05 FF
 (073.534070)  can0  124   [8]  93 09 15 3B B5 03 1D 08
 (073.543626)  can0  123   [8]  94 00 2C 42 41 78 2A FF
 (073.543925)  can0  124   [8]  94 09 15 62 9D 03 16 08
 (073.553601)  can0  123   [8]  95 00 2C 42 40 00 01 FF
 (073.553781)  can0  124   [8]  95 09 15 89 70 03 10 08
 (073.563529)  can0  123   [8]  96 00 2C 42 3E 49 25 FF
 (073.563883)  can0  124   [8]  96 09 15 B0 5A 03 09 08
 (073.573415)  can0  123   [8]  97 00 2C 42 3C 92 4A FF
 (073.573583)  can0  124   [8]  97 09 15 D7 2C 03 02 08
 (073.583281)  can0  123   [8]  98 00 2C 42 3B 1A 1F FF
 (073.583601)  can0  124   [8]  98 09 15 FE 18 02 FC 08
 (073.593238)  can0  123   [8]  99 00 2D 42 39 63 44 FF
 (073.593437)  can0  124   [8]  99 09 16 24 E6 02 F5 08
 (073.603058)  can0  123   [8]  9A 00 2D 42 37 EB 1A FF
 (073.603490)  can0  124   [8]  9A 09 16 4B D3 02 EF 08
 (073.613076)  can0  123   [8]  9B 00 2D 42 36 34 3F FF
 (073.613218)  can0  124   [8]  9B 09 16 72 A4 02 E8 08
 (073.623148)  can0  123   [8]  9C 00 2D 42 34 7D 63 FF
 (073.623191)  can0  124   [8]  9C 09 16 99 8D 02 E1 08
 (073.633003)  can0  123   [8]  9D 00 2D 42 33 05 39 FF
 (073.633042)  can0  124   [8]  9D 09 16 C0 60 02 DB 08
 (073.642733)  can0  123   [8]  9E 00 2D 42 31 4E 5E FF
 (073.642991)  can0  124   [8]  9E 09 16 E7 46 02 D4 08
 (073.652684)  can0  123   [8]  9F 00 2D 42 2F 97 82 FF
 (073.653006)  can0  124   [8]  9F 09 17 0E 18 02 CD 08
 (073.662613)  can0  123   [8]  A0 00 2D 42 2E 1F 59 FF
 (073.662813)  can0  124   [8]  A0 09 17 34 FD 02 C7 08
 (073.672462)  can0  123   [8]  A1 00 2E 42 2C 68 7E FF
 (073.672717)  can0  124   [8]  A1 09 17 5B C7 02 C0 08
 (073.682458)  can0  123   [8]  A2 00 2E 42 2A F0 54 FF
 (073.682793)  can0  124   [8]  A2 09 17 82 AC 02 BA 08
 (073.692310)  can0  123   [8]  A3 00 2E 42 29 39 78 FF
 (073.692496)  can0  124   [8]  A3 09 17 A9 74 02 B3 08
 (073.702229)  can0  123   [8]  A4 00 2E 42 27 C1 4F FF
 (073.702396)  can0  124   [8]  A4 09 17 D0 63 02 AD 08
 (073.712086)  can0  123   [8]  A5 00 2F 42 26 0A 73 FF
 (073.712431)  can0  124   [8]  A5 09 17 F7 34 02 A6 08
 (073.722010)  can0  123   [8]  A6 00 2F 42 24 92 49 FF
 (073.722261)  can0  124   [8]  A6 09 18 1E 23 02 A0 08
 (073.731866)  can0  123   [8]  A7 00 2F 42 23 1A 1F FF
 (073.732136)  can0  124   [8]  A7 09 18 44 F3 02 9A 08
 (073.741939)  can0  123   [8]  A8 00 2F 42 21 63 44 FF
 (073.741984)  can0  124   [8]  A8 09 18 6B D6 02 93 08
 (073.751743)  can0  123   [8]  A9 00 2F 42 1F EB 1A FF
 (073.751876)  can0  124   [8]  A9 09 18 92 A9 02 8D 08
 (073.761627)  can0  123   [8]  AA 00 30 42 1E 72 F0 FF
 (073.761745)  can0  124   [8]  AA 09 18 B9 8E 02 87 08
 (073.771500)  can0  123   [8]  AB 00 30 42 1C BC 15 FF
 (073.771808)  can0  124   [8]  AB 09 18 E0 60 02 80 08
 (073.781472)  can0  123   [8]  AC 00 30 42 1B 43 EB FF
 (073.781597)  can0  124   [8]  AC 09 19 07 4C 02 7A 08
 (073.791316)  can0  123   [8]  AD 00 31 42 19 CB C2 FF
 (073.791607)  can0  124   [8]  AD 09 19 2E 1E 02 74 08
 (073.801316)  can0  123   [8]  AE 00 31 42 18 53 98 FF
 (073.801514)  can0  124   [8]  AE 09 19 55 08 02 6E 08
 (073.811160)  can0  123   [8]  AF 00 31 42 16 9C BC FF
 (073.811320)  can0  124   [8]  AF 09 19 7B DB 02 67 08
 (073.821047)  can0  123   [8]  B0 00 31 42 15 24 92 FF
 (073.821264)  can0  124   [8]  B0 09 19 A2 C3 02 61 08
 (073.831030)  can0  123   [8]  B1 00 32 42 13 AC 69 FF
 (073.831243)  can0  124   [8]  B1 09 19 C9 98 02 5B 08
 (073.840885)  can0  123   [8]  B2 00 32 42 11 F5 8D FF
 (073.841035)  can0  124   [8]  B2 09 19 F0 80 02 54 08
 (073.850807)  can0  123   [8]  B3 00 32 42 10 7D 63 FF
 (073.850982)  can0  124   [8]  B3 09 1A 17 4E 02 4E 08
 (073.860745)  can0  123   [8]  B4 00 32 42 0F 05 39 FF
 (073.860911)  can0  124   [8]  B4 09 1A 3E 30 02 48 08
 (073.870569)  can0  123   [8]  B5 00 33 42 0D 4E 5E FF
 (073.870771)  can0  124   [8]  B5 09 1A 65 07 02 41 08
 (073.880465)  can0  123   [8]  B6 00 33 42 0B D6 34 FF
 (073.880710)  can0  124   [8]  B6 09 1A 8B EE 02 3B 08
 (073.890453)  can0  123   [8]  B7 00 34 42 0A 5E 0A FF
 (073.890625)  can0  124   [8]  B7 09 1A B2 BF 02 35 08
 (073.900331)  can0  123   [8]  B8 00 34 42 08 A7 2F FF
 (073.900523)  can0  124   [8]  B8 09 1A D9 AE 02 2E 08
 (073.910295)  can0  123   [8]  B9 00 34 42 07 2F 06 FF
 (073.910508)  can0  124   [8]  B9 09 1B 00 81 02 28 08
 (073.920299)  can0  123   [8]  BA 00 35 42 05 B6 DC FF
 (073.920328)  can0  124   [8]  BA 09 1B 27 6B 02 22 08
 (073.930214)  can0  123   [8]  BB 00 36 42 04 3E B2 FF
 (073.930263)  can0  124   [8]  BB 09 1B 4E 32 02 1C 08
 (073.939929)  can0  123   [8]  BC 00 36 42 02 C6 88 FF
 (073.940148)  can0  124   [8]  BC 09 1B 75 23 02 16 08
 (073.949833)  can0  123   [8]  BD 00 36 42 01 4E 5E FF
 (073.950076)  can0  124   [8]  BD 09 1B 9B F6 02 10 08
 (073.959762)  can0  123   [8]  BE 00 37 41 FF AC 68 FF
 (073.959976)  can0  124   [8]  BE 09 1B C2 E3 02 0A 08
 (073.969904)  can0  123   [8]  BF 00 38 41 FC BC 14 FF
 (073.969977)  can0  124   [8]  BF 09 1B E9 B0 02 04 08
 (073.979566)  can0  123   [8]  C0 00 39 41 F9 CB C2 FF
 (073.979839)  can0  124   [8]  C0 09 1C 10 9D 01 FE 08
 (073.989495)  can0  123   [8]  C1 00 39 41 F6 5E 0B FF
 (073.989763)  can0  124   [8]  C1 09 1C 37 6E 01 F7 08
 (073.999579)  can0  123   [8]  C2 00 3C 41 F3 6D B7 FF
 (073.999625)  can0  124   [8]  C2 09 1C 5E 52 01 F1 08
 (074.009238)  can0  123   [8]  C3 00 40 41 F0 7D 64 FF
 (074.009599)  can0  124   [8]  C3 09 1C 85 25 01 EB 08
 (074.019256)  can0  123   [8]  C4 00 42 41 EE 0A 73 FF
 (074.019615)  can0  124   [8]  C4 09 1C AC 08 01 E6 08
 (074.029105)  can0  123   [8]  C5 00 43 41 EB 1A 1F FF
 (074.029398)  can0  124   [8]  C5 09 1C D2 DA 01 E0 08
 (074.039016)  can0  123   [8]  C6 00 44 41 E8 29 CB FF
 (074.039279)  can0  124   [8]  C6 09 1C F9 C8 01 DA 08
 (074.048863)  can0  123   [8]  C7 00 44 41 E5 39 77 FF
 (074.049008)  can0  124   [8]  C7 09 1D 20 9A 01 D4 08
 (074.058812)  can0  123   [8]  C8 00 44 41 E2 49 25 FF
 (074.059052)  can0  124   [8]  C8 09 1D 47 82 01 CE 08
 (074.068681)  can0  123   [8]  C9 00 43 41 DF 58 D1 FF
 (074.068937)  can0  124   [8]  C9 09 1D 6E 58 01 C8 08
 (074.078680)  can0  123   [8]  CA 00 43 41 DC 68 7E FF
 (074.078808)  can0  124   [8]  CA 09 1D 95 42 01 C2 08
 (074.088522)  can0  123   [8]  CB 00 43 41 D9 78 2A FF
 (074.088646)  can0  124   [8]  CB 09 1D BC 0C 01 BC 08
 (074.098560)  can0  123   [8]  CC 00 43 41 D6 87 D6 FF
 (074.098576)  can0  124   [8]  CC 09 1D E2 FD 01 B6 08
 (074.108493)  can0  123   [8]  CD 00 43 41 D3 97 82 FF
 (074.108510)  can0  124   [8]  CD 09 1E 09 D4 01 B0 08
 (074.118222)  can0  123   [8]  CE 00 43 41 D0 A7 2E FF
 (074.118454)  can0  124   [8]  CE 09 1E 30 BF 01 AA 08
 (074.128073)  can0  123   [8]  CF 00 43 41 CD B6 DC FF
 (074.128389)  can0  124   [8]  CF 09 1E 57 90 01 A4 08
 (074.138104)  can0  123   [8]  D0 00 42 41 CA C6 88 FF
 (074.138355)  can0  124   [8]  D0 09 1E 7E 7E 01 9E 08
 (074.148139)  can0  123   [8]  D1 00 42 41 C7 D6 34 FF
 (074.148156)  can0  124   [8]  D1 09 1E A5 46 01 98 08
 (074.157861)  can0  123   [8]  D2 00 42 41 C4 E5 E1 FF
 (074.158183)  can0  124   [8]  D2 09 1E CC 35 01 92 08
 (074.167936)  can0  123   [8]  D3 00 42 41 C1 F5 8D FF
 (074.167966)  can0  124   [8]  D3 09 1E F3 0D 01 8C 08
 (074.177665)  can0  123   [8]  D4 00 42 41 BF 05 39 FF
 (074.177851)  can0  124   [8]  D4 09 1F 19 FB 01 86 08
 (074.187536)  can0  123   [8]  D5 00 42 41 BC 92 4A FF
 (074.187775)  can0  124   [8]  D5 09 1F 40 CE 01 81 08
 (074.197469)  can0  123   [8]  D6 00 42 41 B9 A1 F6 FF
 (074.197757)  can0  124   [8]  D6 09 1F 67 BC 01 7B 08
 (074.207670)  can0  123   [8]  D7 00 42 41 B6 B1 A2 FF
 (074.207727)  can0  124   [8]  D7 09 1F 8E 8C 01 75 08
 (074.217660)  can0  123   [8]  D8 00 42 41 B4 3E B2 FF
 (074.217714)  can0  124   [8]  D8 09 1F B5 74 01 70 08
 (074.227173)  can0  123   [8]  D9 00 42 41 B1 4E 5E FF
 (074.227433)  can0  124   [8]  D9 09 1F DC 49 01 6A 08
 (074.237109)  can0  123   [8]  DA 00 41 41 AE DB 6E FF
 (074.237394)  can0  124   [8]  DA 09 20 03 3D 01 65 08
 (074.246994)  can0  123   [8]  DB 00 41 41 AB EB 1A FF
 (074.247221)  can0  124   [8]  DB 09 20 2A 16 01 5F 08
 (074.256870)  can0  123   [8]  DC 00 41 41 A9 78 2A FF
 (074.257061)  can0  124   [8]  DC 09 20 51 04 01 5A 08
 (074.266760)  can0  123   [8]  DD 00 41 41 A6 87 D6 FF
 (074.266929)  can0  124   [8]  DD 09 20 77 DB 01 54 08
 (074.276637)  can0  123   [8]  DE 00 41 41 A3 97 82 FF
 (074.276856)  can0  124   [8]  DE 09 20 9E C5 01 4E 08
 (074.286616)  can0  123   [8]  DF 00 41 41 A1 24 92 FF
 (074.286894)  can0  124   [8]  DF 09 20 C5 9E 01 49 08
 (074.296561)  can0  123   [8]  E0 00 41 41 9E 34 3F FF
 (074.296696)  can0  124   [8]  E0 09 20 EC 8A 01 43 08
 (074.306601)  can0  123   [8]  E1 00 41 41 9B C1 4F FF
 (074.306688)  can0  124   [8]  E1 09 21 13 60 01 3E 08
 (074.316321)  can0  123   [8]  E2 00 41 41 98 D0 FB FF
 (074.316689)  can0  124   [8]  E2 09 21 3A 50 01 38 08
 (074.326209)  can0  123   [8]  E3 00 41 41 96 5E 0B FF
 (074.326516)  can0  124   [8]  E3 09 21 61 24 01 33 08
 (074.336173)  can0  123   [8]  E4 00 41 41 93 6D B7 FF
 (074.336360)  can0  124   [8]  E4 09 21 88 0F 01 2D 08
 (074.346214)  can0  123   [8]  E5 00 40 41 90 FA C6 FF
 (074.346226)  can0  124   [8]  E5 09 21 AE E7 01 28 08
 (074.355862)  can0  123   [8]  E6 00 40 41 8E 0A 73 FF
 (074.356103)  can0  124   [8]  E6 09 21 D5 DB 01 22 08
 (074.365825)  can0  123   [8]  E7 00 40 41 8B 1A 1F FF
 (074.365983)  can0  124   [8]  E7 09 21 FC B0 01 1C 08
 (074.375735)  can0  123   [8]  E8 00 40 41 88 A7 2F FF
 (074.375882)  can0  124   [8]  E8 09 22 23 9F 01 17 08
 (074.385526)  can0  123   [8]  E9 00 40 41 85 B6 DC FF
 (074.385764)  can0  124   [8]  E9 09 22 4A 7A 01 11 08
 (074.395495)  can0  123   [8]  EA 00 40 41 83 43 EB FF
 (074.395766)  can0  124   [8]  EA 09 22 71 66 01 0C 08
 (074.405349)  can0  123   [8]  EB 00 3F 41 81 CB C1 FF
 (074.405627)  can0  124   [8]  EB 09 22 98 36 01 09 08
 (074.415293)  can0  123   [8]  EC 00 3E 41 81 4E 5E FF
 (074.415500)  can0  124   [8]  EC 09 22 BF 2A 01 08 08
 (074.425174)  can0  123   [8]  ED 00 3E 41 81 4E 5E FF
 (074.425375)  can0  124   [8]  ED 09 22 E5 FF 01 08 08
 (074.435106)  can0  123   [8]  EE 00 3E 41 81 4E 5E FF
 (074.435306)  can0  124   [8]  EE 09 23 0C F0 01 08 08
 (074.445102)  can0  123   [8]  EF 00 3E 41 81 4E 5E FF
 (074.445321)  can0  124   [8]  EF 09 23 33 CD 01 08 08
 (074.454897)  can0  123   [8]  F0 00 3E 41 81 4E 5E FF
 (074.455155)  can0  124   [8]  F0 09 23 5A C2 01 08 08
 (074.464842)  can0  123   [8]  F1 00 3E 41 81 4E 5E FF
 (074.465060)  can0  124   [8]  F1 09 23 81 9D 01 08 08
 (074.474702)  can0  123   [8]  F2 00 3E 41 81 4E 5E FF
 (074.474913)  can0  124   [8]  F2 09 23 A8 91 01 08 08
 (074.484645)  can0  123   [8]  F3 00 3E 41 81 4E 5E FF
 (074.484824)  can0  124   [8]  F3 09 23 CF 69 01 08 08
 (074.494504)  can0  123   [8]  F4 00 3E 41 81 4E 5E FF
 (074.494748)  can0  124   [8]  F4 09 23 F6 59 01 08 08
 (074.504578)  can0  123   [8]  F5 00 3E 41 81 CB C1 FF
 (074.504689)  can0  124   [8]  F5 09 24 1D 33 01 09 08
 (074.514321)  can0  123   [8]  F6 00 3F 41 82 49 25 FF
 (074.514526)  can0  124   [8]  F6 09 24 44 27 01 0A 08
 (074.524327)  can0  123   [8]  F7 00 3F 41 82 C6 88 FF
 (074.524492)  can0  124   [8]  F7 09 24 6B 02 01 0B 08
 (074.534288)  can0  123   [8]  F8 00 3F 41 83 C1 4F FF
 (074.534400)  can0  124   [8]  F8 09 24 91 F4 01 0D 08
 (074.544093)  can0  123   [8]  F9 00 3F 41 85 39 78 FF
 (074.544267)  can0  124   [8]  F9 09 24 B8 CD 01 10 08
 (074.554036)  can0  123   [8]  FA 00 3F 41 87 2F 06 FF
 (074.554307)  can0  124   [8]  FA 09 24 DF B9 01 14 08
 (074.563994)  can0  123   [8]  FB 00 3F 41 88 A7 2F FF
 (074.564185)  can0  124   [8]  FB 09 25 06 96 01 17 08
 (074.573813)  can0  123   [8]  FC 00 3F 41 8A 9C BC FF
 (074.574026)  can0  124   [8]  FC 09 25 2D 88 01 1B 08
 (074.583808)  can0  123   [8]  FD 00 3F 41 8C 92 49 FF
 (074.584095)  can0  124   [8]  FD 09 25 54 5F 01 1F 08
 (074.593867)  can0  123   [8]  FE 00 3F 41 8E 87 D6 FF
 (074.593890)  can0  124   [8]  FE 09 25 7B 52 01 23 08
 (074.603602)  can0  123   [8]  FF 00 3F 41 90 7D 63 FF
 (074.603771)  can0  124   [8]  FF 09 25 A2 2B 01 27 08
 (074.613557)  can0  123   [8]  00 00 3F 41 92 72 F0 FF
 (074.613742)  can0  124   [8]  00 09 25 C9 19 01 2B 08
 (074.623599)  can0  123   [8]  01 00 3F 41 94 68 7D FF
 (074.623644)  can0  124   [8]  01 09 25 EF F6 01 2F 08
 (074.633449)  can0  123   [8]  02 00 3F 41 96 DB 6E FF
 (074.633581)  can0  124   [8]  02 09 26 16 E9 01 34 08
 (074.643126)  can0  123   [8]  03 00 3F 41 98 D0 FB FF
 (074.643369)  can0  124   [8]  03 09 26 3D BB 01 38 08
 (074.653016)  can0  123   [8]  04 00 3F 41 9A C6 88 FF
 (074.653236)  can0  124   [8]  04 09 26 64 B1 01 3C 08
 (074.663059)  can0  123   [8]  05 00 3F 41 9D 39 78 FF
 (074.663303)  can0  124   [8]  05 09 26 8B 8A 01 41 08
 (074.672942)  can0  123   [8]  06 00 3F 41 9F 2F 05 FF
 (074.673203)  can0  124   [8]  06 09 26 B2 7E 01 45 08
 (074.682881)  can0  123   [8]  07 00 3F 41 A1 A1 F5 FF
 (074.683185)  can0  124   [8]  07 09 26 D9 56 01 4A 08
 (074.692811)  can0  123   [8]  08 00 3F 41 A3 97 82 FF
 (074.692939)  can0  124   [8]  08 09 27 00 49 01 4E 08
 (074.702658)  can0  123   [8]  09 00 3F 41 A6 0A 73 FF
 (074.702923)  can0  124   [8]  09 09 27 27 1F 01 53 08
 (074.712580)  can0  123   [8]  0A 00 3F 41 A8 7D 63 FF
 (074.712818)  can0  124   [8]  0A 09 27 4E 10 01 58 08
 (074.722406)  can0  123   [8]  0B 00 40 41 AA F0 54 FF
 (074.722680)  can0  124   [8]  0B 09 27 74 E5 01 5D 08
 (074.732299)  can0  123   [8]  0C 00 40 41 AC E5 E1 FF
 (074.732557)  can0  124   [8]  0C 09 27 9B D8 01 61 08
 (074.742219)  can0  123   [8]  0D 00 40 41 AF 58 D1 FF
 (074.742511)  can0  124   [8]  0D 09 27 C2 AD 01 66 08
 (074.752182)  can0  123   [8]  0E 00 40 41 B1 CB C2 FF
 (074.752407)  can0  124   [8]  0E 09 27 E9 9D 01 6B 08
 (074.762100)  can0  123   [8]  0F 00 40 41 B4 3E B2 FF
 (074.762308)  can0  124   [8]  0F 09 28 10 72 01 70 08
 (074.771987)  can0  123   [8]  10 00 40 41 B6 B1 A2 FF
 (074.772230)  can0  124   [8]  10 09 28 37 5C 01 75 08
 (074.781988)  can0  123   [8]  11 00 40 41 B9 24 93 FF
 (074.782128)  can0  124   [8]  11 09 28 5E 2D 01 7A 08
 (074.791781)  can0  123   [8]  12 00 40 41 BB 97 82 FF
 (074.792149)  can0  124   [8]  12 09 28 85 24 01 7F 08
 (074.801910)  can0  123   [8]  13 00 40 41 BE 87 D6 FF
 (074.802186)  can0  124   [8]  13 09 28 AB FD 01 85 08
 (074.811713)  can0  123   [8]  14 00 40 41 C0 FA C7 FF
 (074.811971)  can0  124   [8]  14 09 28 D2 EC 01 8A 08
 (074.821636)  can0  123   [8]  15 00 40 41 C3 6D B8 FF
 (074.821751)  can0  124   [8]  15 09 28 F9 C4 01 8F 08
 (074.831453)  can0  123   [8]  16 00 41 41 C6 5E 0A FF
 (074.831750)  can0  124   [8]  16 09 29 20 B3 01 95 08
 (074.841330)  can0  123   [8]  17 00 41 41 C8 D0 FB FF
 (074.841545)  can0  124   [8]  17 09 29 47 85 01 9A 08
 (074.851236)  can0  123   [8]  18 00 41 41 CB C1 4E FF
 (074.851531)  can0  124   [8]  18 09 29 6E 74 01 A0 08
 (074.861089)  can0  123   [8]  19 00 41 41 CE 34 3F FF
 (074.861380)  can0  124   [8]  19 09 29 95 43 01 A5 08
 (074.871075)  can0  123   [8]  1A 00 41 41 D1 24 93 FF
 (074.871501)  can0  124   [8]  1A 09 29 BC 37 01 AB 08
 (074.881017)  can0  123   [8]  1B 00 41 41 D3 97 82 FF
 (074.881143)  can0  124   [8]  1B 09 29 E3 13 01 B0 08
 (074.890829)  can0  123   [8]  1C 00 41 41 D6 87 D6 FF
 (074.891144)  can0  124   [8]  1C 09 2A 0A 01 01 B6 08
 (074.900682)  can0  123   [8]  1D 00 42 41 D9 78 2A FF
 (074.900946)  can0  124   [8]  1D 09 2A 30 D6 01 BC 08
 (074.910953)  can0  123   [8]  1E 00 42 41 DB EB 1A FF
 (074.910962)  can0  124   [8]  1E 09 2A 57 CA 01 C1 08
 (074.920543)  can0  123   [8]  1F 00 42 41 DE DB 6E FF
 (074.920848)  can0  124   [8]  1F 09 2A 7E A2 01 C7 08
 (074.930654)  can0  123   [8]  20 00 42 41 E1 CB C1 FF
 (074.930667)  can0  124   [8]  20 09 2A A5 91 01 CD 08
 (074.940464)  can0  123   [8]  21 00 42 41 E4 BC 14 FF
 (074.940621)  can0  124   [8]  21 09 2A CC 69 01 D3 08
 (074.950243)  can0  123   [8]  22 00 42 41 E7 2F 05 FF
 (074.950523)  can0  124   [8]  22 09 2A F3 5E 01 D8 08
 (074.960081)  can0  123   [8]  23 00 43 41 EA 1F 59 FF
 (074.960351)  can0  124   [8]  23 09 2B 1A 38 01 DE 08
 (074.970022)  can0  123   [8]  24 00 43 41 ED 0F AD FF
 (074.970246)  can0  124   [8]  24 09 2B 41 2C 01 E4 08
 (074.979947)  can0  123   [8]  25 00 42 41 F0 7D 64 FF
 (074.980280)  can0  124   [8]  25 09 2B 68 06 01 EB 08
 (074.989944)  can0  123   [8]  26 00 41 41 F3 6D B7 FF
 (074.990144)  can0  124   [8]  26 09 2B 8E FB 01 F1 08
 (074.999923)  can0  123   [8]  27 00 3F 41 F6 5E 0B FF
 (075.000186)  can0  124   [8]  27 09 2B B5 D2 01 F7 08
 (075.009877)  can0  123   [8]  28 00 3C 41 F9 4E 5D FF
 (075.010051)  can0  124   [8]  28 09 2B DC BC 01 FD 08
 (075.019725)  can0  123   [8]  29 00 39 41 FC BC 14 FF
 (075.020058)  can0  124   [8]  29 09 2C 03 95 02 04 08
 (075.029616)  can0  123   [8]  2A 00 38 41 FF AC 68 FF
 (075.029792)  can0  124   [8]  2A 09 2C 2A 87 02 0A 08
 (075.039434)  can0  123   [8]  2B 00 37 42 01 4E 5E FF
 (075.039638)  can0  124   [8]  2B 09 2C 51 66 02 10 08
 (075.049527)  can0  123   [8]  2C 00 36 42 02 C6 88 FF
 (075.049556)  can0  124   [8]  2C 09 2C 78 54 02 16 08
 (075.059233)  can0  123   [8]  2D 00 35 42 04 7D 63 FF
 (075.059442)  can0  124   [8]  2D 09 2C 9F 30 02 1D 08
 (075.069124)  can0  123   [8]  2E 00 35 42 06 34 3F FF
 (075.069373)  can0  124   [8]  2E 09 2C C6 23 02 24 08
 (075.079154)  can0  123   [8]  2F 00 34 42 07 AC 69 FF
 (075.079284)  can0  124   [8]  2F 09 2C EC FB 02 2A 08
 (075.088966)  can0  123   [8]  30 00 33 42 09 63 44 FF
 (075.089233)  can0  124   [8]  30 09 2D 13 EC 02 31 08
 (075.099076)  can0  123   [8]  31 00 33 42 0B 1A 1F FF
 (075.099091)  can0  124   [8]  31 09 2D 3A C9 02 38 08
 (075.108852)  can0  123   [8]  32 00 33 42 0C 92 49 FF
 (075.108980)  can0  124   [8]  32 09 2D 61 B9 02 3E 08
 (075.118589)  can0  123   [8]  33 00 33 42 0E 49 25 FF
 (075.118929)  can0  124   [8]  33 09 2D 88 8D 02 45 08
 (075.128646)  can0  123   [8]  34 00 32 42 10 00 00 FF
 (075.128746)  can0  124   [8]  34 09 2D AF 7C 02 4C 08
 (075.138426)  can0  123   [8]  35 00 32 42 11 B6 DC FF
 (075.138633)  can0  124   [8]  35 09 2D D6 56 02 53 08
 (075.148379)  can0  123   [8]  36 00 31 42 13 6D B7 FF
 (075.148610)  can0  124   [8]  36 09 2D FD 46 02 5A 08
 (075.158285)  can0  123   [8]  37 00 31 42 15 24 92 FF
 (075.158408)  can0  124   [8]  37 09 2E 24 17 02 61 08
 (075.168107)  can0  123   [8]  38 00 31 42 16 DB 6E FF
 (075.168376)  can0  124   [8]  38 09 2E 4B 0A 02 68 08
 (075.178029)  can0  123   [8]  39 00 30 42 18 92 49 FF
 (075.178329)  can0  124   [8]  39 09 2E 71 DE 02 6F 08
 (075.187946)  can0  123   [8]  3A 00 30 42 1A 49 25 FF
 (075.188299)  can0  124   [8]  3A 09 2E 98 CA 02 76 08
 (075.197884)  can0  123   [8]  3B 00 30 42 1C 00 00 FF
 (075.198050)  can0  124   [8]  3B 09 2E BF A1 02 7D 08
 (075.207719)  can0  123   [8]  3C 00 2F 42 1D B6 DC FF
 (075.207965)  can0  124   [8]  3C 09 2E E6 90 02 84 08
 (075.217633)  can0  123   [8]  3D 00 2F 42 1F 6D B7 FF
 (075.217859)  can0  124   [8]  3D 09 2F 0D 65 02 8B 08
 (075.227541)  can0  123   [8]  3E 00 2F 42 21 63 44 FF
 (075.227797)  can0  124   [8]  3E 09 2F 34 5C 02 93 08
 (075.237597)  can0  123   [8]  3F 00 2F 42 23 1A 1F FF
 (075.237671)  can0  124   [8]  3F 09 2F 5B 33 02 9A 08
 (075.247406)  can0  123   [8]  40 00 2E 42 25 0F AC FF
 (075.247586)  can0  124   [8]  40 09 2F 82 1D 02 A2 08
 (075.257273)  can0  123   [8]  41 00 2E 42 26 C6 88 FF
 (075.257531)  can0  124   [8]  41 09 2F A9 03 02 A9 08
 (075.267255)  can0  123   [8]  42 00 2E 42 28 7D 63 FF
 (075.267442)  can0  124   [8]  42 09 2F CF F6 02 B0 08
 (075.277101)  can0  123   [8]  43 00 2E 42 2A 72 F0 FF
 (075.277375)  can0  124   [8]  43 09 2F F6 CD 02 B8 08
 (075.287985)  can0  123   [8]  44 00 2D 42 2C 68 7E FF
 (075.288006)  can0  124   [8]  44 09 30 1D C1 02 C0 08
 (075.297003)  can0  123   [8]  45 00 2D 42 2E 1F 59 FF
 (075.297287)  can0  124   [8]  45 09 30 44 9C 02 C7 08
 (075.306851)  can0  123   [8]  46 00 2D 42 30 14 E6 FF
 (075.307097)  can0  124   [8]  46 09 30 6B 8D 02 CF 08
 (075.316939)  can0  123   [8]  47 00 2D 42 32 0A 73 FF
 (075.316974)  can0  124   [8]  47 09 30 92 6A 02 D7 08
 (075.326818)  can0  123   [8]  48 00 2C 42 34 00 00 FF
 (075.326984)  can0  124   [8]  48 09 30 B9 5C 02 DF 08
 (075.336690)  can0  123   [8]  49 00 2C 42 35 B6 DC FF
 (075.336859)  can0  124   [8]  49 09 30 E0 3C 02 E6 08
 (075.346538)  can0  123   [8]  4A 00 2C 42 37 AC 68 FF
 (075.346723)  can0  124   [8]  4A 09 31 07 2E 02 EE 08
 (075.356486)  can0  123   [8]  4B 00 2C 42 39 A1 F6 FF
 (075.356640)  can0  124   [8]  4B 09 31 2E 02 02 F6 08
 (075.366431)  can0  123   [8]  4C 00 2C 42 3B 97 82 FF
 (075.366641)  can0  124   [8]  4C 09 31 55 02 02 FE 08
 (075.376491)  can0  123   [8]  4D 00 2C 42 3D 8D 10 FF
 (075.376514)  can0  124   [8]  4D 09 31 7B DC 03 06 08
 (075.386336)  can0  123   [8]  4E 00 2C 42 3F 82 9C FF
 (075.386471)  can0  124   [8]  4E 09 31 A2 D0 03 0E 08
 (075.396221)  can0  123   [8]  4F 00 2B 42 41 78 2A FF
 (075.396237)  can0  124   [8]  4F 09 31 C9 AF 03 16 08
 (075.406081)  can0  123   [8]  50 00 2B 42 43 6D B8 FF
 (075.406289)  can0  124   [8]  50 09 31 F0 A5 03 1E 08
 (075.416142)  can0  123   [8]  51 00 2B 42 45 63 44 FF
 (075.416159)  can0  124   [8]  51 09 32 17 7C 03 26 08
 (075.425924)  can0  123   [8]  52 00 2B 42 47 97 83 FF
 (075.426342)  can0  124   [8]  52 09 32 3E 75 03 2F 08
 (075.435944)  can0  123   [8]  53 00 2B 42 49 8D 0F FF
 (075.436007)  can0  124   [8]  53 09 32 65 4F 03 37 08
 (075.445668)  can0  123   [8]  54 00 2B 42 4B 82 9D FF
 (075.445866)  can0  124   [8]  54 09 32 8C 44 03 3F 08
 (075.455487)  can0  123   [8]  55 00 2B 42 4D B6 DC FF
 (075.455710)  can0  124   [8]  55 09 32 B3 24 03 48 08
 (075.465410)  can0  123   [8]  56 00 2B 42 4F AC 68 FF
 (075.465604)  can0  124   [8]  56 09 32 DA 18 03 50 08
 (075.475625)  can0  123   [8]  57 00 2A 42 51 E0 A7 FF
 (075.475642)  can0  124   [8]  57 09 33 00 F2 03 59 08
 (075.485178)  can0  123   [8]  58 00 2A 42 53 D6 34 FF
 (075.485482)  can0  124   [8]  58 09 33 27 EA 03 61 08
 (075.495268)  can0  123   [8]  59 00 2A 42 56 0A 73 FF
 (075.495422)  can0  124   [8]  59 09 33 4E C9 03 6A 08
 (075.505336)  can0  123   [8]  5A 00 2A 42 58 00 01 FF
 (075.505371)  can0  124   [8]  5A 09 33 75 BA 03 72 08
 (075.514971)  can0  123   [8]  5B 00 2A 42 5A 34 3E FF
 (075.515301)  can0  124   [8]  5B 09 33 9C 98 03 7B 08
 (075.525151)  can0  123   [8]  5C 00 2A 42 5C 68 7E FF
 (075.525173)  can0  124   [8]  5C 09 33 C3 90 03 84 08
 (075.534730)  can0  123   [8]  5D 00 2A 42 5E 9C BD FF
 (075.534888)  can0  124   [8]  5D 09 33 EA 66 03 8D 08
 (075.544650)  can0  123   [8]  5E 00 2A 42 60 D0 FA FF
 (075.544885)  can0  124   [8]  5E 09 34 11 60 03 96 08
 (075.554513)  can0  123   [8]  5F 00 2A 42 62 C6 88 FF
 (075.554727)  can0  124   [8]  5F 09 34 38 36 03 9E 08
 (075.564597)  can0  123   [8]  60 00 29 42 65 39 77 FF
 (075.564821)  can0  124   [8]  60 09 34 5F 31 03 A8 08
 (075.574333)  can0  123   [8]  61 00 29 42 67 2F 05 FF
 (075.574565)  can0  124   [8]  61 09 34 86 0D 03 B0 08
 (075.584265)  can0  123   [8]  62 00 29 42 69 A1 F6 FF
 (075.584546)  can0  124   [8]  62 09 34 AD 03 03 BA 08
 (075.594229)  can0  123   [8]  63 00 29 42 6B 97 82 FF
 (075.594513)  can0  124   [8]  63 09 34 D3 E1 03 C2 08
 (075.604113)  can0  123   [8]  64 00 29 42 6E 0A 73 FF
 (075.604427)  can0  124   [8]  64 09 34 FA D8 03 CC 08
 (075.614297)  can0  123   [8]  65 00 29 42 70 3E B2 FF
 (075.614349)  can0  124   [8]  65 09 35 21 B8 03 D5 08
 (075.623965)  can0  123   [8]  66 00 29 42 72 72 F0 FF
 (075.624200)  can0  124   [8]  66 09 35 48 B0 03 DE 08
 (075.633893)  can0  123   [8]  67 00 29 42 74 A7 2F FF
 (075.634244)  can0  124   [8]  67 09 35 6F 89 03 E7 08
 (075.643804)  can0  123   [8]  68 00 29 42 77 1A 20 FF
 (075.643919)  can0  124   [8]  68 09 35 96 7F 03 F1 08
 (075.653617)  can0  123   [8]  69 00 29 42 79 4E 5D FF
 (075.653854)  can0  124   [8]  69 09 35 BD 5D 03 FA 08
 (075.663674)  can0  123   [8]  6A 00 28 42 7B 82 9D FF
 (075.663704)  can0  124   [8]  6A 09 35 E4 55 04 03 08
 (075.673448)  can0  123   [8]  6B 00 28 42 7D F5 8D FF
 (075.673668)  can0  124   [8]  6B 09 36 0B 36 04 0D 08
 (075.683379)  can0  123   [8]  6C 00 28 42 80 14 E6 FF
 (075.683515)  can0  124   [8]  6C 09 36 32 31 04 16 08
 (075.693590)  can0  123   [8]  6D 00 28 42 81 4E 5E FF
 (075.693608)  can0  124   [8]  6D 09 36 59 0E 04 20 08
 (075.703171)  can0  123   [8]  6E 00 28 42 82 87 D6 FF
 (075.703568)  can0  124   [8]  6E 09 36 80 04 04 2A 08
 (075.713021)  can0  123   [8]  6F 00 28 42 83 A1 F6 FF
 (075.713247)  can0  124   [8]  6F 09 36 A6 E0 04 33 08
 (075.723181)  can0  123   [8]  70 00 28 42 84 DB 6E FF
 (075.723199)  can0  124   [8]  70 09 36 CD D0 04 3D 08
 (075.732937)  can0  123   [8]  71 00 28 42 86 14 E6 FF
 (075.733168)  can0  124   [8]  71 09 36 F4 AA 04 47 08
 (075.742879)  can0  123   [8]  72 00 28 42 87 4E 5E FF
 (075.743070)  can0  124   [8]  72 09 37 1B 99 04 51 08
 (075.752678)  can0  123   [8]  73 00 28 42 88 68 7D FF
 (075.752828)  can0  124   [8]  73 09 37 42 6E 04 5A 08
 (075.762881)  can0  123   [8]  74 00 28 42 89 A1 F6 FF
 (075.762892)  can0  124   [8]  74 09 37 69 6A 04 64 08
 (075.772501)  can0  123   [8]  75 00 28 42 8A DB 6E FF
 (075.772682)  can0  124   [8]  75 09 37 90 46 04 6E 08
 (075.782422)  can0  123   [8]  76 00 28 42 8C 14 E6 FF
 (075.782613)  can0  124   [8]  76 09 37 B7 3D 04 78 08
 (075.792391)  can0  123   [8]  77 00 28 42 8D 4E 5E FF
 (075.792575)  can0  124   [8]  77 09 37 DE 17 04 82 08
 (075.802263)  can0  123   [8]  78 00 27 42 8E 87 D6 FF
 (075.802439)  can0  124   [8]  78 09 38 05 0C 04 8C 08
 (075.812355)  can0  123   [8]  79 00 27 42 8F A1 F6 FF
 (075.812372)  can0  124   [8]  79 09 38 2B E5 04 95 08
 (075.822083)  can0  123   [8]  7A 00 27 42 90 DB 6E FF
 (075.822254)  can0  124   [8]  7A 09 38 52 D7 04 9F 08
 (075.831864)  can0  123   [8]  7B 00 27 42 92 14 E6 FF
 (075.832140)  can0  124   [8]  7B 09 38 79 AF 04 A9 08
 (075.841884)  can0  123   [8]  7C 00 27 42 93 4E 5E FF
 (075.842147)  can0  124   [8]  7C 09 38 A0 A3 04 B3 08
 (075.851701)  can0  123   [8]  7D 00 27 42 94 87 D6 FF
 (075.851897)  can0  124   [8]  7D 09 38 C7 7E 04 BD 08
 (075.861667)  can0  123   [8]  7E 00 27 42 95 A1 F5 FF
 (075.861866)  can0  124   [8]  7E 09 38 EE 6D 04 C6 08
 (075.871508)  can0  123   [8]  7F 00 27 42 96 DB 6E FF
 (075.871778)  can0  124   [8]  7F 09 39 15 46 04 D0 08
 (075.881395)  can0  123   [8]  80 00 27 42 98 14 E6 FF
 (075.881565)  can0  124   [8]  80 09 39 3C 3D 04 DA 08
 (075.891224)  can0  123   [8]  81 00 27 42 99 4E 5E FF
 (075.891427)  can0  124   [8]  81 09 39 63 19 04 E4 08
 (075.901241)  can0  123   [8]  82 00 27 42 9A 87 D6 FF
 (075.901440)  can0  124   [8]  82 09 39 8A 13 04 EE 08
 (075.911072)  can0  123   [8]  83 00 27 42 9B A1 F6 FF
 (075.911270)  can0  124   [8]  83 09 39 B0 EA 04 F7 08
 (075.920968)  can0  123   [8]  84 00 27 42 9C DB 6D FF
 (075.921198)  can0  124   [8]  84 09 39 D7 DD 05 01 08
 (075.930914)  can0  123   [8]  85 00 27 42 9E 14 E6 FF
 (075.931365)  can0  124   [8]  85 09 39 FE BB 05 0B 08
 (075.940932)  can0  123   [8]  86 00 27 42 9F 4E 5E FF
 (075.941278)  can0  124   [8]  86 09 3A 25 B1 05 15 08
 (075.950703)  can0  123   [8]  87 00 27 42 A0 68 7D FF
 (075.950872)  can0  124   [8]  87 09 3A 4C 8D 05 1E 08
 (075.960590)  can0  123   [8]  88 00 27 42 A1 A1 F5 FF
 (075.960853)  can0  124   [8]  88 09 3A 73 87 05 28 08
 (075.970510)  can0  123   [8]  89 00 27 42 A2 DB 6E FF
 (075.970711)  can0  124   [8]  89 09 3A 9A 61 05 32 08
 (075.980388)  can0  123   [8]  8A 00 27 42 A4 14 E6 FF
 (075.980632)  can0  124   [8]  8A 09 3A C1 5B 05 3C 08
 (075.990297)  can0  123   [8]  8B 00 26 42 A5 2F 05 FF
 (075.990570)  can0  124   [8]  8B 09 3A E8 3B 05 45 08
 (076.000227)  can0  123   [8]  8C 00 26 42 A6 68 7D FF
 (076.000427)  can0  124   [8]  8C 09 3B 0F 2F 05 4F 08
 (076.010105)  can0  123   [8]  8D 00 26 42 A7 A1 F6 FF
 (076.010293)  can0  124   [8]  8D 09 3B 36 10 05 59 08
 (076.020086)  can0  123   [8]  8E 00 26 42 A8 DB 6D FF
 (076.020250)  can0  124   [8]  8E 09 3B 5D 04 05 63 08
 (076.029879)  can0  123   [8]  8F 00 26 42 A9 F5 8D FF
 (076.030133)  can0  124   [8]  8F 09 3B 83 E3 05 6C 08
 (076.039820)  can0  123   [8]  90 00 26 42 AB 2F 05 FF
 (076.040152)  can0  124   [8]  90 09 3B AA DD 05 76 08
 (076.049774)  can0  123   [8]  91 00 26 42 AC 68 7E FF
 (076.049930)  can0  124   [8]  91 09 3B D1 B5 05 80 08
 (076.059637)  can0  123   [8]  92 00 26 42 AD A1 F5 FF
 (076.059824)  can0  124   [8]  92 09 3B F8 B1 05 8A 08
 (076.069496)  can0  123   [8]  93 00 26 42 AE BC 15 FF
 (076.069767)  can0  124   [8]  93 09 3C 1F 88 05 93 08
 (076.079484)  can0  123   [8]  94 00 26 42 AF F5 8D FF
 (076.079677)  can0  124   [8]  94 09 3C 46 83 05 9D 08
 (076.089624)  can0  123   [8]  95 00 26 42 B1 2F 05 FF
 (076.089646)  can0  124   [8]  95 09 3C 6D 65 05 A7 08
 (076.099378)  can0  123   [8]  96 00 26 42 B2 49 25 FF
 (076.099557)  can0  124   [8]  96 09 3C 94 5D 05 B0 08
 (076.109268)  can0  123   [8]  97 00 26 42 B3 82 9D FF
 (076.109423)  can0  124   [8]  97 09 3C BB 3E 05 BA 08
 (076.119159)  can0  123   [8]  98 00 26 42 B4 BC 15 FF
 (076.119458)  can0  124   [8]  98 09 3C E2 36 05 C4 08
 (076.129038)  can0  123   [8]  99 00 26 42 B5 F5 8E FF
 (076.129332)  can0  124   [8]  99 09 3D 09 10 05 CE 08
 (076.139044)  can0  123   [8]  9A 00 26 42 B7 2F 05 FF
 (076.139191)  can0  124   [8]  9A 09 3D 30 03 05 D8 08
 (076.148924)  can0  123   [8]  9B 00 26 42 B8 49 25 FF
 (076.149116)  can0  124   [8]  9B 09 3D 56 E0 05 E1 08
 (076.158824)  can0  123   [8]  9C 00 26 42 B9 82 9D FF
 (076.158956)  can0  124   [8]  9C 09 3D 7D D5 05 EB 08
 (076.168672)  can0  123   [8]  9D 00 26 42 BA BC 14 FF
 (076.168880)  can0  124   [8]  9D 09 3D A4 AE 05 F5 08
 (076.178590)  can0  123   [8]  9E 00 26 42 BB D6 34 FF
 (076.178822)  can0  124   [8]  9E 09 3D CB 9F 05 FE 08
 (076.188547)  can0  123   [8]  9F 00 27 42 BD 0F AD FF
 (076.188745)  can0  124   [8]  9F 09 3D F2 74 06 08 08
 (076.198445)  can0  123   [8]  A0 00 27 42 BE 49 25 FF
 (076.198638)  can0  124   [8]  A0 09 3E 19 65 06 12 08
 (076.208291)  can0  123   [8]  A1 00 27 42 BF 82 9C FF
 (076.208473)  can0  124   [8]  A1 09 3E 40 31 06 1C 08
 (076.218361)  can0  123   [8]  A2 00 27 42 C0 9C BC FF
 (076.218377)  can0  124   [8]  A2 09 3E 67 24 06 25 08
 (076.228143)  can0  123   [8]  A3 00 27 42 C1 D6 35 FF
 (076.228313)  can0  124   [8]  A3 09 3E 8D FB 06 2F 08
 (076.238091)  can0  123   [8]  A4 00 27 42 C3 0F AC FF
 (076.238454)  can0  124   [8]  A4 09 3E B4 F5 06 39 08
 (076.248307)  can0  123   [8]  A5 00 28 42 C4 29 CC FF
 (076.248325)  can0  124   [8]  A5 09 3E DB CA 06 42 08
 (076.257896)  can0  123   [8]  A6 00 29 42 C5 63 44 FF
 (076.258039)  can0  124   [8]  A6 09 3F 02 C0 06 4C 08
 (076.267739)  can0  123   [8]  A7 00 29 42 C6 9C BB FF
 (076.267961)  can0  124   [8]  A7 09 3F 29 95 06 56 08
 (076.277618)  can0  123   [8]  A8 00 2A 42 C7 B6 DB FF
 (076.277832)  can0  124   [8]  A8 09 3F 50 84 06 5F 08
 (076.287621)  can0  123   [8]  A9 00 2A 42 C8 F0 54 FF
 (076.287740)  can0  124   [8]  A9 09 3F 77 62 06 69 08
 (076.297618)  can0  123   [8]  AA 00 2A 42 CA 29 CC FF
 (076.297632)  can0  124   [8]  AA 09 3F 9E 53 06 73 08
 (076.307349)  can0  123   [8]  AB 00 2A 42 CB 43 EB FF
 (076.307554)  can0  124   [8]  AB 09 3F C5 31 06 7C 08
 (076.317361)  can0  123   [8]  AC 00 2A 42 CC 7D 63 FF
 (076.317487)  can0  124   [8]  AC 09 3F EC 20 06 86 08
 (076.327152)  can0  123   [8]  AD 00 2A 42 CD B6 DC FF
 (076.327354)  can0  124   [8]  AD 09 40 12 FF 06 90 08
 (076.337119)  can0  123   [8]  AE 00 2C 42 CE D0 FA FF
 (076.337242)  can0  124   [8]  AE 09 40 39 EF 06 99 08
 (076.346934)  can0  123   [8]  AF 00 2C 42 D0 0A 73 FF
 (076.347245)  can0  124   [8]  AF 09 40 60 CA 06 A3 08
 (076.356758)  can0  123   [8]  B0 00 2C 42 D1 24 93 FF
 (076.357008)  can0  124   [8]  B0 09 40 87 BA 06 AC 08
 (076.366741)  can0  123   [8]  B1 00 2C 42 D2 5E 0B FF
 (076.366962)  can0  124   [8]  B1 09 40 AE 8A 06 B6 08
 (076.376932)  can0  123   [8]  B2 00 2C 42 D3 97 82 FF
 (076.376947)  can0  124   [8]  B2 09 40 D5 7A 06 C0 08
 (076.386683)  can0  123   [8]  B3 00 2C 42 D4 B1 A2 FF
 (076.386863)  can0  124   [8]  B3 09 40 FC 57 06 C9 08
 (076.396922)  can0  123   [8]  B4 00 2C 42 D5 EB 19 FF
 (076.397016)  can0  124   [8]  B4 09 41 23 44 06 D3 08
 (076.406516)  can0  123   [8]  B5 00 2C 42 D7 05 39 FF
 (076.406750)  can0  124   [8]  B5 09 41 4A 1F 06 DC 08
 (076.416430)  can0  123   [8]  B6 00 2C 42 D8 3E B2 FF
 (076.416664)  can0  124   [8]  B6 09 41 71 12 06 E6 08
 (076.426431)  can0  123   [8]  B7 00 2C 42 D9 78 2A FF
 (076.426481)  can0  124   [8]  B7 09 41 97 EC 06 F0 08
 (076.436276)  can0  123   [8]  B8 00 2C 42 DA 92 49 FF
 (076.436418)  can0  124   [8]  B8 09 41 BE DA 06 F9 08
 (076.446045)  can0  123   [8]  B9 00 2C 42 DB CB C1 FF
 (076.446390)  can0  124   [8]  B9 09 41 E5 B3 07 03 08
 (076.456195)  can0  123   [8]  BA 00 2C 42 DC E5 E1 FF
 (076.456236)  can0  124   [8]  BA 09 42 0C A5 07 0C 08
 (076.465883)  can0  123   [8]  BB 00 2C 42 DE 1F 58 FF
 (076.466099)  can0  124   [8]  BB 09 42 33 82 07 16 08
 (076.475862)  can0  123   [8]  BC 00 2D 42 DF 39 78 FF
 (076.475990)  can0  124   [8]  BC 09 42 5A 78 07 1F 08
 (076.485690)  can0  123   [8]  BD 00 2D 42 E0 72 F1 FF
 (076.485880)  can0  124   [8]  BD 09 42 81 54 07 29 08
 (076.495912)  can0  123   [8]  BE 00 2D 42 E1 8D 0F FF
 (076.495962)  can0  124   [8]  BE 09 42 A8 4A 07 32 08
 (076.505535)  can0  123   [8]  BF 00 2D 42 E2 C6 88 FF
 (076.505838)  can0  124   [8]  BF 09 42 CF 29 07 3C 08
 (076.515590)  can0  123   [8]  C0 00 2D 42 E3 E0 A8 FF
 (076.515622)  can0  124   [8]  C0 09 42 F6 1B 07 45 08
 (076.525351)  can0  123   [8]  C1 00 2D 42 E5 1A 1F FF
 (076.525651)  can0  124   [8]  C1 09 43 1C FC 07 4F 08
 (076.535257)  can0  123   [8]  C2 00 2D 42 E6 34 3F FF
 (076.535556)  can0  124   [8]  C2 09 43 43 F1 07 58 08
 (076.545237)  can0  123   [8]  C3 00 2D 42 E7 6D B7 FF
 (076.545615)  can0  124   [8]  C3 09 43 6A CF 07 62 08
 (076.555069)  can0  123   [8]  C4 00 2D 42 E8 87 D6 FF
 (076.555283)  can0  124   [8]  C4 09 43 91 C7 07 6B 08
 (076.564902)  can0  123   [8]  C5 00 2D 42 E9 A1 F6 FF
 (076.565137)  can0  124   [8]  C5 09 43 B8 A1 07 74 08
 (076.574862)  can0  123   [8]  C6 00 2D 42 EA DB 6E FF
 (076.575122)  can0  124   [8]  C6 09 43 DF 97 07 7E 08
 (076.584738)  can0  123   [8]  C7 00 2D 42 EB F5 8D FF
 (076.584919)  can0  124   [8]  C7 09 44 06 76 07 87 08
 (076.594722)  can0  123   [8]  C8 00 2D 42 ED 2F 05 FF
 (076.594911)  can0  124   [8]  C8 09 44 2D 6D 07 91 08
 (076.604618)  can0  123   [8]  C9 00 2E 42 EE 49 24 FF
 (076.604805)  can0  124   [8]  C9 09 44 54 4B 07 9A 08
 (076.614597)  can0  123   [8]  CA 00 2E 42 EF 82 9D FF
 (076.615114)  can0  124   [8]  CA 09 44 7B 43 07 A4 08
 (076.624380)  can0  123   [8]  CB 00 2E 42 F0 9C BC FF
 (076.624640)  can0  124   [8]  CB 09 44 A2 1F 07 AD 08
 (076.634211)  can0  123   [8]  CC 00 2E 42 F1 D6 35 FF
 (076.634543)  can0  124   [8]  CC 09 44 C9 14 07 B7 08
 (076.644101)  can0  123   [8]  CD 00 2E 42 F2 F0 54 FF
 (076.644338)  can0  124   [8]  CD 09 44 EF EA 07 C0 08
 (076.654046)  can0  123   [8]  CE 00 2E 42 F4 29 CC FF
 (076.654388)  can0  124   [8]  CE 09 45 16 E6 07 CA 08
 (076.663960)  can0  123   [8]  CF 00 2E 42 F5 43 EC FF
 (076.664257)  can0  124   [8]  CF 09 45 3D CC 07 D3 08
 (076.673883)  can0  123   [8]  D0 00 2E 42 F6 7D 63 FF
 (076.674193)  can0  124   [8]  D0 09 45 64 C4 07 DD 08
 (076.683780)  can0  123   [8]  D1 00 2F 42 F7 97 83 FF
 (076.684095)  can0  124   [8]  D1 09 45 8B 9F 07 E6 08
 (076.693631)  can0  123   [8]  D2 00 2F 42 F8 D0 FA FF
 (076.693873)  can0  124   [8]  D2 09 45 B2 92 07 F0 08
 (076.703565)  can0  123   [8]  D3 00 2F 42 F9 EB 1A FF
 (076.703744)  can0  124   [8]  D3 09 45 D9 6F 07 F9 08
 (076.713479)  can0  123   [8]  D4 00 30 42 FB 24 92 FF
 (076.713636)  can0  124   [8]  D4 09 46 00 66 08 03 08
 (076.723455)  can0  123   [8]  D5 00 30 42 FC 5E 0B FF
 (076.723627)  can0  124   [8]  D5 09 46 27 4A 08 0D 08
 (076.733286)  can0  123   [8]  D6 00 30 42 FD 78 2A FF
 (076.733507)  can0  124   [8]  D6 09 46 4E 40 08 16 08
 (076.743226)  can0  123   [8]  D7 00 30 42 FE B1 A2 FF
 (076.743402)  can0  124   [8]  D7 09 46 75 1F 08 20 08
 (076.753115)  can0  123   [8]  D8 00 30 42 FF EB 1A FF
 (076.753520)  can0  124   [8]  D8 09 46 9C 19 08 2A 08
 (076.763015)  can0  123   [8]  D9 00 30 43 00 82 9D FF
 (076.763325)  can0  124   [8]  D9 09 46 C2 F8 08 33 08
 (076.772942)  can0  123   [8]  DA 00 30 43 01 1F 59 FF
 (076.773108)  can0  124   [8]  DA 09 46 E9 ED 08 3D 08
 (076.782843)  can0  123   [8]  DB 00 30 43 01 AC 68 FF
 (076.782990)  can0  124   [8]  DB 09 47 10 C3 08 46 08
 (076.792799)  can0  123   [8]  DC 00 30 43 02 49 25 FF
 (076.792912)  can0  124   [8]  DC 09 47 37 B9 08 50 08
 (076.802719)  can0  123   [8]  DD 00 30 43 02 E5 E1 FF
 (076.802827)  can0  124   [8]  DD 09 47 5E A0 08 5A 08
 (076.812570)  can0  123   [8]  DE 00 31 43 03 72 F0 FF
 (076.812721)  can0  124   [8]  DE 09 47 85 93 08 63 08
 (076.822428)  can0  123   [8]  DF 00 31 43 04 0F AC FF
 (076.822621)  can0  124   [8]  DF 09 47 AC 6E 08 6D 08
 (076.832461)  can0  123   [8]  E0 00 31 43 04 9C BC FF
 (076.832706)  can0  124   [8]  E0 09 47 D3 64 08 76 08
 (076.842261)  can0  123   [8]  E1 00 32 43 05 39 78 FF
 (076.842410)  can0  124   [8]  E1 09 47 FA 3E 08 80 08
 (076.852188)  can0  123   [8]  E2 00 32 43 05 C6 88 FF
 (076.852367)  can0  124   [8]  E2 09 48 21 2F 08 89 08
 (076.862127)  can0  123   [8]  E3 00 32 43 06 63 44 FF
 (076.862231)  can0  124   [8]  E3 09 48 48 04 08 93 08
 (076.871985)  can0  123   [8]  E4 00 32 43 06 F0 53 FF
 (076.872213)  can0  124   [8]  E4 09 48 6E FC 08 9C 08
 (076.882086)  can0  123   [8]  E5 00 33 43 07 8D 10 FF
 (076.882096)  can0  124   [8]  E5 09 48 95 D1 08 A6 08
 (076.891766)  can0  123   [8]  E6 00 33 43 08 29 CC FF
 (076.891974)  can0  124   [8]  E6 09 48 BC C8 08 B0 08
 (076.901647)  can0  123   [8]  E7 00 33 43 08 B6 DB FF
 (076.901888)  can0  124   [8]  E7 09 48 E3 A3 08 B9 08
 (076.911555)  can0  123   [8]  E8 00 33 43 09 43 EB FF
 (076.911773)  can0  124   [8]  E8 09 49 0A 99 08 C2 08
 (076.921455)  can0  123   [8]  E9 00 34 43 09 E0 A7 FF
 (076.921698)  can0  124   [8]  E9 09 49 31 74 08 CC 08
 (076.931372)  can0  123   [8]  EA 00 34 43 0A 6D B7 FF
 (076.931556)  can0  124   [8]  EA 09 49 58 63 08 D5 08
 (076.941339)  can0  123   [8]  EB 00 34 43 0B 0A 73 FF
 (076.941469)  can0  124   [8]  EB 09 49 7F 42 08 DF 08
 (076.951208)  can0  123   [8]  EC 00 34 43 0B 97 82 FF
 (076.951418)  can0  124   [8]  EC 09 49 A6 2F 08 E8 08
 (076.961155)  can0  123   [8]  ED 00 34 43 0C 34 3F FF
 (076.961292)  can0  124   [8]  ED 09 49 CD 09 08 F2 08
 (076.970988)  can0  123   [8]  EE 00 34 43 0C C1 4E FF
 (076.971223)  can0  124   [8]  EE 09 49 F3 FB 08 FB 08
 (076.980933)  can0  123   [8]  EF 00 34 43 0D 5E 0B FF
 (076.981156)  can0  124   [8]  EF 09 4A 1A CC 09 05 08
 (076.990800)  can0  123   [8]  F0 00 33 43 0D EB 1A FF
 (076.991178)  can0  124   [8]  F0 09 4A 41 B8 09 0E 08
 (077.000742)  can0  123   [8]  F1 00 33 43 0E 87 D6 FF
 (077.000896)  can0  124   [8]  F1 09 4A 68 98 09 18 08
 (077.010589)  can0  123   [8]  F2 00 33 43 0F 14 E6 FF
 (077.010831)  can0  124   [8]  F2 09 4A 8F 8B 09 21 08
 (077.020564)  can0  123   [8]  F3 00 32 43 0F B1 A2 FF
 (077.020762)  can0  124   [8]  F3 09 4A B6 61 09 2B 08
 (077.030497)  can0  123   [8]  F4 00 32 43 10 3E B2 FF
 (077.030699)  can0  124   [8]  F4 09 4A DD 53 09 34 08
 (077.040385)  can0  123   [8]  F5 00 32 43 10 DB 6E FF
 (077.040581)  can0  124   [8]  F5 09 4B 04 2E 09 3E 08
 (077.050284)  can0  123   [8]  F6 00 32 43 11 68 7D FF
 (077.050533)  can0  124   [8]  F6 09 4B 2B 1F 09 47 08
 (077.060134)  can0  123   [8]  F7 00 31 43 11 F5 8D FF
 (077.060422)  can0  124   [8]  F7 09 4B 51 FE 09 50 08
 (077.070096)  can0  123   [8]  F8 00 31 43 12 92 49 FF
 (077.070292)  can0  124   [8]  F8 09 4B 78 ED 09 5A 08
 (077.080411)  can0  123   [8]  F9 00 30 43 13 1F 59 FF
 (077.080429)  can0  124   [8]  F9 09 4B 9F C5 09 63 08
 (077.089945)  can0  123   [8]  FA 00 2F 43 13 BC 15 FF
 (077.090103)  can0  124   [8]  FA 09 4B C6 BA 09 6D 08
 (077.099904)  can0  123   [8]  FB 00 2F 43 14 49 24 FF
 (077.100103)  can0  124   [8]  FB 09 4B ED 91 09 76 08
 (077.110109)  can0  123   [8]  FC 00 2F 43 14 E5 E1 FF
 (077.110132)  can0  124   [8]  FC 09 4C 14 7C 09 80 08
 (077.119735)  can0  123   [8]  FD 00 2F 43 15 72 F1 FF
 (077.119947)  can0  124   [8]  FD 09 4C 3B 5F 09 89 08
 (077.129562)  can0  123   [8]  FE 00 2F 43 16 0F AC FF
 (077.129951)  can0  124   [8]  FE 09 4C 62 50 09 93 08
 (077.139435)  can0  123   [8]  FF 00 2E 43 16 9C BC FF
 (077.139647)  can0  124   [8]  FF 09 4C 89 30 09 9C 08
 (077.149393)  can0  123   [8]  00 00 2E 43 17 39 78 FF
 (077.149774)  can0  124   [8]  00 09 4C B0 20 09 A6 08
 (077.159591)  can0  123   [8]  01 00 2E 43 17 C6 88 FF
 (077.159610)  can0  124   [8]  01 09 4C D6 F4 09 AF 08
 (077.169158)  can0  123   [8]  02 00 2E 43 18 53 98 FF
 (077.169412)  can0  124   [8]  02 09 4C FD F0 09 B8 08
 (077.179153)  can0  123   [8]  03 00 2E 43 18 F0 54 FF
 (077.179296)  can0  124   [8]  03 09 4D 24 CA 09 C2 08
 (077.189036)  can0  123   [8]  04 00 2E 43 19 7D 63 FF
 (077.189475)  can0  124   [8]  04 09 4D 4B BD 09 CB 08
 (077.198965)  can0  123   [8]  05 00 2E 43 1A 0A 73 FF
 (077.199113)  can0  124   [8]  05 09 4D 72 9D 09 D4 08
 (077.208819)  can0  123   [8]  06 00 2D 43 1A A7 2F FF
 (077.209086)  can0  124   [8]  06 09 4D 99 8F 09 DE 08
 (077.218923)  can0  123   [8]  07 00 2D 43 1B 34 3F FF
 (077.218966)  can0  124   [8]  07 09 4D C0 6C 09 E7 08
 (077.228903)  can0  123   [8]  08 00 2D 43 1B C1 4F FF
 (077.228920)  can0  124   [8]  08 09 4D E7 58 09 F0 08
 (077.238615)  can0  123   [8]  09 00 2E 43 1C 5E 0A FF
 (077.238759)  can0  124   [8]  09 09 4E 0E 3E 09 FA 08
 (077.248582)  can0  123   [8]  0A 00 2E 43 1C EB 1A FF
 (077.248738)  can0  124   [8]  0A 09 4E 35 31 0A 03 08
 (077.258606)  can0  123   [8]  0B 00 2F 43 1D 78 2A FF
 (077.258655)  can0  124   [8]  0B 09 4E 5C 10 0A 0C 08
 (077.268219)  can0  123   [8]  0C 00 2F 43 1E 14 E6 FF
 (077.268502)  can0  124   [8]  0C 09 4E 83 04 0A 16 08
 (077.278172)  can0  123   [8]  0D 00 30 43 1E A1 F6 FF
 (077.278360)  can0  124   [8]  0D 09 4E A9 DE 0A 1F 08
 (077.288081)  can0  123   [8]  0E 00 31 43 1F 3E B1 FF
 (077.288263)  can0  124   [8]  0E 09 4E D0 D7 0A 29 08
 (077.298008)  can0  123   [8]  0F 00 32 43 1F CB C1 FF
 (077.298390)  can0  124   [8]  0F 09 4E F7 B6 0A 32 08
 (077.307935)  can0  123   [8]  10 00 31 43 20 58 D1 FF
 (077.308102)  can0  124   [8]  10 09 4F 1E AC 0A 3B 08
 (077.317843)  can0  123   [8]  11 00 31 43 20 F5 8D FF
 (077.318027)  can0  124   [8]  11 09 4F 45 8A 0A 45 08
 (077.327944)  can0  123   [8]  12 00 32 43 21 82 9D FF
 (077.327986)  can0  124   [8]  12 09 4F 6C 7E 0A 4E 08
 (077.337712)  can0  123   [8]  13 00 36 43 22 0F AC FF
 (077.337895)  can0  124   [8]  13 09 4F 93 5B 0A 57 08
 (077.347693)  can0  123   [8]  14 00 40 43 22 AC 68 FF
 (077.347712)  can0  124   [8]  14 09 4F BA 57 0A 61 08
 (077.357456)  can0  123   [8]  15 00 45 43 23 39 78 FF
 (077.357578)  can0  124   [8]  15 09 4F E1 37 0A 6A 08
 (077.367495)  can0  123   [8]  16 00 49 43 23 C6 88 FF
 (077.367513)  can0  124   [8]  16 09 50 08 3B 0A 73 08
 (077.377485)  can0  123   [8]  17 00 9A 43 24 63 44 FF
 (077.377515)  can0  124   [8]  17 09 50 2F 05 0A 7D 08
 (077.387104)  can0  123   [8]  18 00 E4 43 24 F0 54 FF
 (077.387371)  can0  124   [8]  18 09 50 55 F5 0A 86 08
 (077.397016)  can0  123   [8]  19 00 F5 43 25 7D 63 FF
 (077.397218)  can0  124   [8]  19 09 50 7C DC 0A 8F 08
 (077.407020)  can0  123   [8]  1A 00 F8 43 26 0A 73 FF
 (077.407357)  can0  124   [8]  1A 09 50 A3 CE 0A 98 08
 (077.416943)  can0  123   [8]  1B 00 F9 43 26 97 83 FF
 (077.417122)  can0  124   [8]  1B 09 50 CA B4 0A A1 08
 (077.426746)  can0  123   [8]  1C 00 F9 43 27 24 92 FF
 (077.427004)  can0  124   [8]  1C 09 50 F1 A7 0A AA 08
 (077.436712)  can0  123   [8]  1D 00 F9 43 27 B1 A2 FF
 (077.436910)  can0  124   [8]  1D 09 51 18 8B 0A B3 08
 (077.446630)  can0  123   [8]  1E 00 F8 43 28 3E B2 FF
 (077.446808)  can0  124   [8]  1E 09 51 3F 7E 0A BC 08
 (077.456453)  can0  123   [8]  1F 00 F7 43 28 DB 6D FF
 (077.456584)  can0  124   [8]  1F 09 51 66 60 0A C6 08
 (077.466352)  can0  123   [8]  20 00 F7 43 29 68 7D FF
 (077.466477)  can0  124   [8]  20 09 51 8D 4C 0A CF 08
 (077.476242)  can0  123   [8]  21 00 F6 43 29 F5 8D FF
 (077.476333)  can0  124   [8]  21 09 51 B4 31 0A D8 08
 (077.486149)  can0  123   [8]  22 00 F5 43 2A 82 9D FF
 (077.486253)  can0  124   [8]  22 09 51 DB 22 0A E1 08
 (077.496240)  can0  123   [8]  23 00 F4 43 2B 0F AD FF
 (077.496253)  can0  124   [8]  23 09 52 02 05 0A EA 08
 (077.505946)  can0  123   [8]  24 00 F4 43 2B 9C BC FF
 (077.506098)  can0  124   [8]  24 09 52 28 F4 0A F3 08
 (077.515811)  can0  123   [8]  25 00 F3 43 2C 29 CB FF
 (077.516075)  can0  124   [8]  25 09 52 4F D8 0A FC 08
 (077.525749)  can0  123   [8]  26 00 F2 43 2C B6 DB FF
 (077.526005)  can0  124   [8]  26 09 52 76 D2 0B 05 08
 (077.535623)  can0  123   [8]  27 00 E2 43 2D 43 EB FF
 (077.536052)  can0  124   [8]  27 09 52 9D B0 0B 0E 08
 (077.545922)  can0  123   [8]  28 00 BF 43 2D D0 FB FF
 (077.545947)  can0  124   [8]  28 09 52 C4 A9 0B 17 08
 (077.555521)  can0  123   [8]  29 00 8A 43 2E 5E 0B FF
 (077.555608)  can0  124   [8]  29 09 52 EB 7B 0B 20 08
 (077.565499)  can0  123   [8]  2A 00 69 43 2E EB 1A FF
 (077.565609)  can0  124   [8]  2A 09 53 12 6D 0B 29 08
 (077.575253)  can0  123   [8]  2B 00 50 43 2F 78 2A FF
 (077.575402)  can0  124   [8]  2B 09 53 39 5D 0B 32 08
 (077.585181)  can0  123   [8]  2C 00 44 43 30 05 39 FF
 (077.585362)  can0  124   [8]  2C 09 53 60 56 0B 3B 08
 (077.595050)  can0  123   [8]  2D 00 41 43 30 92 49 FF
 (077.595275)  can0  124   [8]  2D 09 53 87 2D 0B 44 08
 (077.604958)  can0  123   [8]  2E 00 40 43 31 2F 05 FF
 (077.605314)  can0  124   [8]  2E 09 53 AE 1E 0B 4E 08
 (077.614906)  can0  123   [8]  2F 00 41 43 31 AC 69 FF
 (077.615122)  can0  124   [8]  2F 09 53 D4 FB 0B 56 08
 (077.624890)  can0  123   [8]  30 00 42 43 32 49 25 FF
 (077.624961)  can0  124   [8]  30 09 53 FB F3 0B 60 08
 (077.634830)  can0  123   [8]  31 00 42 43 32 D6 34 FF
 (077.634883)  can0  124   [8]  31 09 54 22 D1 0B 69 08
 (077.644658)  can0  123   [8]  32 00 44 43 33 63 44 FF
 (077.644774)  can0  124   [8]  32 09 54 49 C7 0B 72 08
 (077.654522)  can0  123   [8]  33 00 50 43 33 F0 53 FF
 (077.654674)  can0  124   [8]  33 09 54 70 9F 0B 7B 08
 (077.664351)  can0  123   [8]  34 00 68 43 34 7D 63 FF
 (077.664612)  can0  124   [8]  34 09 54 97 81 0B 84 08
 (077.674257)  can0  123   [8]  35 00 65 43 35 0A 74 FF
 (077.674458)  can0  124   [8]  35 09 54 BE 5B 0B 8D 08
 (077.684216)  can0  123   [8]  36 00 53 43 35 97 83 FF
 (077.684401)  can0  124   [8]  36 09 54 E5 65 0B 96 08
 (077.694056)  can0  123   [8]  37 00 4E 43 36 24 92 FF
 (077.694316)  can0  124   [8]  37 09 55 0C 3D 0B 9F 08
 (077.704063)  can0  123   [8]  38 00 53 43 36 B1 A2 FF
 (077.704392)  can0  124   [8]  38 09 55 33 31 0B A8 08
 (077.713931)  can0  123   [8]  39 00 68 43 37 3E B1 FF
 (077.714191)  can0  124   [8]  39 09 55 59 F8 0B B1 08
 (077.723832)  can0  123   [8]  3A 00 81 43 37 CB C2 FF
 (077.724089)  can0  124   [8]  3A 09 55 80 F9 0B BA 08
 (077.733858)  can0  123   [8]  3B 00 94 43 38 58 D1 FF
 (077.733952)  can0  124   [8]  3B 09 55 A7 D0 0B C3 08
 (077.743860)  can0  123   [8]  3C 00 9E 43 38 E5 E0 FF
 (077.743872)  can0  124   [8]  3C 09 55 CE CF 0B CC 08
 (077.753622)  can0  123   [8]  3D 00 A2 43 39 63 44 FF
 (077.753786)  can0  124   [8]  3D 09 55 F5 A9 0B D4 08
 (077.763542)  can0  123   [8]  3E 00 A1 43 3A 00 00 FF
 (077.763703)  can0  124   [8]  3E 09 56 1C 9B 0B DE 08
 (077.773423)  can0  123   [8]  3F 00 99 43 3A 7D 63 FF
 (077.773621)  can0  124   [8]  3F 09 56 43 6A 0B E6 08
 (077.783410)  can0  123   [8]  40 00 8C 43 3B 1A 1F FF
 (077.783625)  can0  124   [8]  40 09 56 6A 64 0B F0 08
 (077.793249)  can0  123   [8]  41 00 A6 43 3B 97 82 FF
 (077.793446)  can0  124   [8]  41 09 56 91 43 0B F8 08
 (077.803087)  can0  123   [8]  42 00 B7 43 3C 24 93 FF
 (077.803641)  can0  124   [8]  42 09 56 B8 3A 0C 01 08
 (077.813037)  can0  123   [8]  43 00 BF 43 3C B1 A2 FF
 (077.813206)  can0  124   [8]  43 09 56 DF 12 0C 0A 08
 (077.823013)  can0  123   [8]  44 00 C3 43 3D 3E B1 FF
 (077.823187)  can0  124   [8]  44 09 57 06 07 0C 13 08
 (077.832788)  can0  123   [8]  45 00 CF 43 3D CB C1 FF
 (077.833072)  can0  124   [8]  45 09 57 2C E0 0C 1C 08
 (077.842721)  can0  123   [8]  46 00 DA 43 3E 58 D1 FF
 (077.842950)  can0  124   [8]  46 09 57 53 D5 0C 25 08
 (077.852676)  can0  123   [8]  47 00 E1 43 3E E5 E1 FF
 (077.852872)  can0  124   [8]  47 09 57 7A AF 0C 2E 08
 (077.862613)  can0  123   [8]  48 00 E2 43 3F 72 F0 FF
 (077.862877)  can0  124   [8]  48 09 57 A1 A4 0C 37 08
 (077.872505)  can0  123   [8]  49 00 E3 43 40 00 01 FF
 (077.872702)  can0  124   [8]  49 09 57 C8 7B 0C 40 08
 (077.882404)  can0  123   [8]  4A 00 E4 43 40 8D 10 FF
 (077.882631)  can0  124   [8]  4A 09 57 EF 6E 0C 49 08
 (077.892317)  can0  123   [8]  4B 00 E3 43 41 1A 1F FF
 (077.892534)  can0  124   [8]  4B 09 58 16 48 0C 52 08
 (077.902247)  can0  123   [8]  4C 00 DB 43 41 A7 2F FF
 (077.902451)  can0  124   [8]  4C 09 58 3D 3C 0C 5B 08
 (077.912324)  can0  123   [8]  4D 00 B7 43 42 34 3E FF
 (077.912365)  can0  124   [8]  4D 09 58 64 14 0C 64 08
 (077.922258)  can0  123   [8]  4E 00 A9 43 42 C1 4F FF
 (077.922291)  can0  124   [8]  4E 09 58 8B 0B 0C 6D 08
 (077.931920)  can0  123   [8]  4F 00 A3 43 43 4E 5E FF
 (077.932136)  can0  124   [8]  4F 09 58 B1 E3 0C 76 08
 (077.941941)  can0  123   [8]  50 00 A5 43 43 CB C1 FF
 (077.942039)  can0  124   [8]  50 09 58 D8 DA 0C 7E 08
 (077.951710)  can0  123   [8]  51 00 A9 43 44 58 D2 FF
 (077.951862)  can0  124   [8]  51 09 58 FF B4 0C 87 08
 (077.961693)  can0  123   [8]  52 00 A7 43 44 E5 E1 FF
 (077.961822)  can0  124   [8]  52 09 59 26 AA 0C 90 08
 (077.971486)  can0  123   [8]  53 00 89 43 45 72 F0 FF
 (077.971739)  can0  124   [8]  53 09 59 4D 7F 0C 99 08
 (077.981474)  can0  123   [8]  54 00 5F 43 46 00 00 FF
 (077.981658)  can0  124   [8]  54 09 59 74 86 0C A2 08
 (077.991419)  can0  123   [8]  55 00 41 43 46 8D 0F FF
 (077.991565)  can0  124   [8]  55 09 59 9B 5C 0C AB 08
 (078.001582)  can0  123   [8]  56 00 3B 43 47 1A 20 FF
 (078.001598)  can0  124   [8]  56 09 59 C2 54 0C B4 08
 (078.011185)  can0  123   [8]  57 00 3A 43 47 A7 2F FF
 (078.011370)  can0  124   [8]  57 09 59 E9 2E 0C BD 08
 (078.021200)  can0  123   [8]  58 00 3A 43 48 34 3E FF
 (078.021379)  can0  124   [8]  58 09 5A 10 20 0C C6 08
 (078.031043)  can0  123   [8]  59 00 39 43 48 C1 4F FF
 (078.031250)  can0  124   [8]  59 09 5A 36 FE 0C CF 08
 (078.040910)  can0  123   [8]  5A 00 39 43 49 4E 5E FF
 (078.041236)  can0  124   [8]  5A 09 5A 5D ED 0C D8 08
 (078.050849)  can0  123   [8]  5B 00 39 43 49 DB 6E FF
 (078.051361)  can0  124   [8]  5B 09 5A 84 C6 0C E1 08
 (078.061074)  can0  123   [8]  5C 00 38 43 4A 68 7D FF
 (078.061093)  can0  124   [8]  5C 09 5A AB B4 0C EA 08
 (078.070551)  can0  123   [8]  5D 00 38 43 4A F5 8E FF
 (078.070851)  can0  124   [8]  5D 09 5A D2 8A 0C F3 08
 (078.080483)  can0  123   [8]  5E 00 38 43 4B 82 9D FF
 (078.080758)  can0  124   [8]  5E 09 5A F9 78 0C FC 08
 (078.090389)  can0  123   [8]  5F 00 38 43 4C 0F AC FF
 (078.090699)  can0  124   [8]  5F 09 5B 20 51 0D 05 08
 (078.100362)  can0  123   [8]  60 00 38 43 4C 9C BC FF
 (078.100525)  can0  124   [8]  60 09 5B 47 43 0D 0E 08
 (078.110169)  can0  123   [8]  61 00 39 43 4D 29 CC FF
 (078.110363)  can0  124   [8]  61 09 5B 6E 18 0D 17 08
 (078.120097)  can0  123   [8]  62 00 39 43 4D B6 DC FF
 (078.120307)  can0  124   [8]  62 09 5B 95 0D 0D 20 08
 (078.129981)  can0  123   [8]  63 00 39 43 4E 43 EB FF
 (078.130289)  can0  124   [8]  63 09 5B BB EA 0D 29 08
 (078.139871)  can0  123   [8]  64 00 39 43 4E D0 FA FF
 (078.140103)  can0  124   [8]  64 09 5B E2 DD 0D 32 08
 (078.149762)  can0  123   [8]  65 00 3A 43 4F 5E 0B FF
 (078.149953)  can0  124   [8]  65 09 5C 09 B6 0D 3B 08
 (078.159766)  can0  123   [8]  66 00 3A 43 4F EB 1A FF
 (078.159982)  can0  124   [8]  66 09 5C 30 A9 0D 44 08
 (078.169606)  can0  123   [8]  67 00 3A 43 50 78 2A FF
 (078.169808)  can0  124   [8]  67 09 5C 57 80 0D 4D 08
 (078.179495)  can0  123   [8]  68 00 39 43 51 05 39 FF
 (078.179707)  can0  124   [8]  68 09 5C 7E 76 0D 56 08
 (078.189369)  can0  123   [8]  69 00 3A 43 51 92 48 FF
 (078.189582)  can0  124   [8]  69 09 5C A5 49 0D 5F 08
 (078.199309)  can0  123   [8]  6A 00 3A 43 52 1F 59 FF
 (078.199495)  can0  124   [8]  6A 09 5C CC 3F 0D 68 08
 (078.209247)  can0  123   [8]  6B 00 3A 43 52 AC 68 FF
 (078.209453)  can0  124   [8]  6B 09 5C F3 18 0D 71 08
 (078.219194)  can0  123   [8]  6C 00 3A 43 53 39 79 FF
 (078.219366)  can0  124   [8]  6C 09 5D 1A 08 0D 7A 08
 (078.228994)  can0  123   [8]  6D 00 3A 43 53 C6 88 FF
 (078.229239)  can0  124   [8]  6D 09 5D 40 E6 0D 83 08
 (078.239027)  can0  123   [8]  6E 00 3B 43 54 53 98 FF
 (078.239250)  can0  124   [8]  6E 09 5D 67 D8 0D 8C 08
 (078.248865)  can0  123   [8]  6F 00 3B 43 54 E0 A7 FF
 (078.249070)  can0  124   [8]  6F 09 5D 8E B9 0D 95 08
 (078.258779)  can0  123   [8]  70 00 3C 43 55 6D B6 FF
 (078.258954)  can0  124   [8]  70 09 5D B5 A5 0D 9E 08
 (078.269371)  can0  123   [8]  71 00 3C 43 55 FA C7 FF
 (078.269382)  can0  124   [8]  71 09 5D DC 88 0D A7 08
 (078.278563)  can0  123   [8]  72 00 3C 43 56 87 D6 FF
 (078.278809)  can0  124   [8]  72 09 5E 03 78 0D B0 08
 (078.288540)  can0  123   [8]  73 00 3C 43 57 14 E6 FF
 (078.288715)  can0  124   [8]  73 09 5E 2A 54 0D B9 08
 (078.298438)  can0  123   [8]  74 00 3C 43 57 A1 F6 FF
 (078.298668)  can0  124   [8]  74 09 5E 51 4B 0D C2 08
 (078.308344)  can0  123   [8]  75 00 3D 43 58 2F 05 FF
 (078.308507)  can0  124   [8]  75 09 5E 78 26 0D CB 08
 (078.318296)  can0  123   [8]  76 00 3D 43 58 BC 15 FF
 (078.318444)  can0  124   [8]  76 09 5E 9F 24 0D D4 08
 (078.328140)  can0  123   [8]  77 00 3E 43 59 49 24 FF
 (078.328301)  can0  124   [8]  77 09 5E C6 02 0D DD 08
 (078.338122)  can0  123   [8]  78 00 40 43 59 D6 35 FF
 (078.338238)  can0  124   [8]  78 09 5E EC F7 0D E6 08
 (078.347967)  can0  123   [8]  79 00 42 43 5A 63 44 FF
 (078.348188)  can0  124   [8]  79 09 5F 13 D4 0D EF 08
 (078.357865)  can0  123   [8]  7A 00 42 43 5A F0 53 FF
 (078.358118)  can0  124   [8]  7A 09 5F 3A C9 0D F8 08
 (078.367723)  can0  123   [8]  7B 00 42 43 5B 7D 63 FF
 (078.367959)  can0  124   [8]  7B 09 5F 61 9D 0E 01 08
 (078.377615)  can0  123   [8]  7C 00 42 43 5C 0A 73 FF
 (078.377846)  can0  124   [8]  7C 09 5F 88 89 0E 0A 08
 (078.387520)  can0  123   [8]  7D 00 41 43 5C 97 83 FF
 (078.387749)  can0  124   [8]  7D 09 5F AF 5E 0E 13 08
 (078.397406)  can0  123   [8]  7E 00 41 43 5D 24 92 FF
 (078.397782)  can0  124   [8]  7E 09 5F D6 48 0E 1C 08
 (078.407630)  can0  123   [8]  7F 00 41 43 5D A1 F5 FF
 (078.407656)  can0  124   [8]  7F 09 5F FD 1A 0E 24 08
 (078.417265)  can0  123   [8]  80 00 41 43 5E 2F 06 FF
 (078.417567)  can0  124   [8]  80 09 60 24 09 0E 2D 08
 (078.427257)  can0  123   [8]  81 00 41 43 5E BC 15 FF
 (078.427410)  can0  124   [8]  81 09 60 4A DC 0E 36 08
 (078.437152)  can0  123   [8]  82 00 41 43 5F 49 24 FF
 (078.437337)  can0  124   [8]  82 09 60 71 CA 0E 3F 08
 (078.447001)  can0  123   [8]  83 00 41 43 5F D6 34 FF
 (078.447200)  can0  124   [8]  83 09 60 98 9C 0E 48 08
 (078.456999)  can0  123   [8]  84 00 42 43 60 63 43 FF
 (078.457175)  can0  124   [8]  84 09 60 BF 8D 0E 51 08
 (078.466802)  can0  123   [8]  85 00 42 43 60 F0 54 FF
 (078.467168)  can0  124   [8]  85 09 60 E6 67 0E 5A 08
 (078.476914)  can0  123   [8]  86 00 43 43 61 7D 63 FF
 (078.477038)  can0  124   [8]  86 09 61 0D 56 0E 63 08
 (078.486606)  can0  123   [8]  87 00 43 43 62 0A 74 FF
 (078.486839)  can0  124   [8]  87 09 61 34 2D 0E 6C 08
 (078.496450)  can0  123   [8]  88 00 42 43 62 97 83 FF
 (078.496693)  can0  124   [8]  88 09 61 5B 20 0E 75 08
 (078.506370)  can0  123   [8]  89 00 42 43 63 24 92 FF
 (078.506697)  can0  124   [8]  89 09 61 81 F2 0E 7E 08
 (078.516337)  can0  123   [8]  8A 00 42 43 63 A1 F6 FF
 (078.516529)  can0  124   [8]  8A 09 61 A8 E1 0E 86 08
 (078.526252)  can0  123   [8]  8B 00 42 43 64 3E B1 FF
 (078.526459)  can0  124   [8]  8B 09 61 CF BA 0E 90 08
 (078.536085)  can0  123   [8]  8C 00 42 43 64 BC 14 FF
 (078.536305)  can0  124   [8]  8C 09 61 F6 A9 0E 98 08
 (078.545994)  can0  123   [8]  8D 00 42 43 65 49 25 FF
 (078.546291)  can0  124   [8]  8D 09 62 1D 7A 0E A1 08
 (078.555876)  can0  123   [8]  8E 00 42 43 65 D6 34 FF
 (078.556129)  can0  124   [8]  8E 09 62 44 69 0E AA 08
 (078.565881)  can0  123   [8]  8F 00 42 43 66 63 44 FF
 (078.566051)  can0  124   [8]  8F 09 62 6B 40 0E B3 08
 (078.575705)  can0  123   [8]  90 00 43 43 66 F0 54 FF
 (078.575960)  can0  124   [8]  90 09 62 92 2E 0E BC 08
 (078.585607)  can0  123   [8]  91 00 44 43 67 6D B7 FF
 (078.585889)  can0  124   [8]  91 09 62 B9 03 0E C4 08
 (078.595490)  can0  123   [8]  92 00 44 43 67 FA C7 FF
 (078.595775)  can0  124   [8]  92 09 62 DF F2 0E CD 08
 (078.605414)  can0  123   [8]  93 00 44 43 68 87 D6 FF
 (078.605609)  can0  124   [8]  93 09 63 06 C7 0E D6 08
 (078.615426)  can0  123   [8]  94 00 44 43 69 14 E5 FF
 (078.615623)  can0  124   [8]  94 09 63 2D B7 0E DF 08
 (078.625321)  can0  123   [8]  95 00 44 43 69 A1 F6 FF
 (078.625584)  can0  124   [8]  95 09 63 54 8D 0E E8 08
 (078.635235)  can0  123   [8]  96 00 45 43 6A 2F 05 FF
 (078.635444)  can0  124   [8]  96 09 63 7B 7E 0E F1 08
 (078.645296)  can0  123   [8]  97 00 45 43 6A AC 68 FF
 (078.645328)  can0  124   [8]  97 09 63 A2 57 0E F9 08
 (078.655098)  can0  123   [8]  98 00 45 43 6B 39 78 FF
 (078.655245)  can0  124   [8]  98 09 63 C9 46 0F 02 08
 (078.664958)  can0  123   [8]  99 00 45 43 6B C6 88 FF
 (078.665280)  can0  124   [8]  99 09 63 F0 1E 0F 0B 08
 (078.674913)  can0  123   [8]  9A 00 45 43 6C 53 98 FF
 (078.675028)  can0  124   [8]  9A 09 64 17 12 0F 14 08
 (078.684756)  can0  123   [8]  9B 00 45 43 6C E0 A7 FF
 (078.685021)  can0  124   [8]  9B 09 64 3D E7 0F 1D 08
 (078.694622)  can0  123   [8]  9C 00 45 43 6D 6D B6 FF
 (078.694938)  can0  124   [8]  9C 09 64 64 DB 0F 26 08
 (078.704598)  can0  123   [8]  9D 00 46 43 6D EB 1B FF
 (078.704766)  can0  124   [8]  9D 09 64 8B B5 0F 2E 08
 (078.714485)  can0  123   [8]  9E 00 48 43 6E 78 2A FF
 (078.714697)  can0  124   [8]  9E 09 64 B2 A8 0F 37 08
 (078.724359)  can0  123   [8]  9F 00 49 43 6F 05 39 FF
 (078.724824)  can0  124   [8]  9F 09 64 D9 80 0F 40 08
 (078.734313)  can0  123   [8]  A0 00 49 43 6F 82 9D FF
 (078.734745)  can0  124   [8]  A0 09 65 00 75 0F 48 08
 (078.744208)  can0  123   [8]  A1 00 4A 43 70 0F AC FF
 (078.744514)  can0  124   [8]  A1 09 65 27 49 0F 51 08
 (078.754129)  can0  123   [8]  A2 00 4A 43 70 9C BC FF
 (078.754304)  can0  124   [8]  A2 09 65 4E 3C 0F 5A 08
 (078.764015)  can0  123   [8]  A3 00 4A 43 71 29 CC FF
 (078.764319)  can0  124   [8]  A3 09 65 75 1B 0F 63 08
 (078.773917)  can0  123   [8]  A4 00 4A 43 71 B6 DB FF
 (078.774144)  can0  124   [8]  A4 09 65 9C 0F 0F 6C 08
 (078.783808)  can0  123   [8]  A5 00 4B 43 72 34 3E FF
 (078.783983)  can0  124   [8]  A5 09 65 C2 E3 0F 74 08
 (078.793753)  can0  123   [8]  A6 00 4B 43 72 C1 4F FF
 (078.793926)  can0  124   [8]  A6 09 65 E9 DB 0F 7D 08
 (078.803607)  can0  123   [8]  A7 00 4B 43 73 4E 5E FF
 (078.803904)  can0  124   [8]  A7 09 66 10 B3 0F 86 08
 (078.813514)  can0  123   [8]  A8 00 4C 43 73 DB 6E FF
 (078.813749)  can0  124   [8]  A8 09 66 37 A4 0F 8F 08
 (078.823936)  can0  123   [8]  A9 00 4D 43 74 68 7D FF
 (078.823984)  can0  124   [8]  A9 09 66 5E 7C 0F 98 08
 (078.833621)  can0  123   [8]  AA 00 4E 43 74 F5 8D FF
 (078.833664)  can0  124   [8]  AA 09 66 85 69 0F A1 08
 (078.843345)  can0  123   [8]  AB 00 4F 43 75 82 9D FF
 (078.843490)  can0  124   [8]  AB 09 66 AC 3D 0F AA 08
 (078.853415)  can0  123   [8]  AC 00 4F 43 76 00 00 FF
 (078.853453)  can0  124   [8]  AC 09 66 D3 31 0F B2 08
 (078.863115)  can0  123   [8]  AD 00 4F 43 76 8D 0F FF
 (078.863290)  can0  124   [8]  AD 09 66 FA 09 0F BB 08
 (078.872987)  can0  123   [8]  AE 00 50 43 77 1A 20 FF
 (078.873498)  can0  124   [8]  AE 09 67 20 FA 0F C4 08
 (078.883015)  can0  123   [8]  AF 00 51 43 77 A7 2F FF
 (078.883045)  can0  124   [8]  AF 09 67 47 D7 0F CD 08
 (078.892799)  can0  123   [8]  B0 00 54 43 78 34 3F FF
 (078.893073)  can0  124   [8]  B0 09 67 6E C5 0F D6 08
 (078.902648)  can0  123   [8]  B1 00 58 43 78 C1 4E FF
 (078.902932)  can0  124   [8]  B1 09 67 95 9C 0F DF 08
 (078.912623)  can0  123   [8]  B2 00 5C 43 79 4E 5D FF
 (078.912830)  can0  124   [8]  B2 09 67 BC 93 0F E8 08
 (078.922521)  can0  123   [8]  B3 00 5C 43 79 CB C2 FF
 (078.922798)  can0  124   [8]  B3 09 67 E3 6E 0F F0 08
 (078.932424)  can0  123   [8]  B4 00 5D 43 7A 58 D1 FF
 (078.932646)  can0  124   [8]  B4 09 68 0A 5D 0F F9 08
 (078.942343)  can0  123   [8]  B5 00 68 43 7A E5 E0 FF
 (078.942498)  can0  124   [8]  B5 09 68 31 29 10 02 08
 (078.952174)  can0  123   [8]  B6 00 9E 43 7B 63 45 FF
 (078.952445)  can0  124   [8]  B6 09 68 58 22 10 0A 08
 (078.962120)  can0  123   [8]  B7 00 CE 43 7B F0 54 FF
 (078.962309)  can0  124   [8]  B7 09 68 7E FF 10 13 08
 (078.972050)  can0  123   [8]  B8 00 E3 43 7C 7D 63 FF
 (078.972394)  can0  124   [8]  B8 09 68 A5 E9 10 1C 08
 (078.981975)  can0  123   [8]  B9 00 EE 43 7C FA C6 FF
 (078.982123)  can0  124   [8]  B9 09 68 CC CD 10 24 08
 (078.991961)  can0  123   [8]  BA 00 F6 43 7D 87 D6 FF
 (078.992106)  can0  124   [8]  BA 09 68 F3 B7 10 2D 08
 (079.001721)  can0  123   [8]  BB 00 F9 43 7E 14 E5 FF
 (079.002009)  can0  124   [8]  BB 09 69 1A 9E 10 36 08
 (079.011646)  can0  123   [8]  BC 00 F9 43 7E 92 48 FF
 (079.011923)  can0  124   [8]  BC 09 69 41 86 10 3E 08
 (079.021548)  can0  123   [8]  BD 00 F9 43 7F 1F 59 FF
 (079.021808)  can0  124   [8]  BD 09 69 68 69 10 47 08
 (079.031410)  can0  123   [8]  BE 00 FA 43 7F AC 68 FF
 (079.031629)  can0  124   [8]  BE 09 69 8F 58 10 50 08
 (079.041384)  can0  123   [8]  BF 00 FB 43 80 14 E6 FF
 (079.041596)  can0  124   [8]  BF 09 69 B6 3A 10 58 08
 (079.051612)  can0  123   [8]  C0 00 F9 43 80 53 98 FF
 (079.051653)  can0  124   [8]  C0 09 69 DD 23 10 60 08
 (079.061326)  can0  123   [8]  C1 00 F8 43 80 9A 1F FF
 (079.061360)  can0  124   [8]  C1 09 6A 04 06 10 69 08
 (079.071074)  can0  123   [8]  C2 00 F8 43 80 E0 A7 FF
 (079.071257)  can0  124   [8]  C2 09 6A 2A F4 10 72 08
 (079.081059)  can0  123   [8]  C3 00 F6 43 81 1F 59 FF
 (079.081273)  can0  124   [8]  C3 09 6A 51 D4 10 7A 08
 (079.091246)  can0  123   [8]  C4 00 F7 43 81 65 E1 FF
 (079.091265)  can0  124   [8]  C4 09 6A 78 C3 10 83 08
 (079.101013)  can0  123   [8]  C5 00 F4 43 81 A4 92 FF
 (079.101028)  can0  124   [8]  C5 09 6A 9F A8 10 8B 08
 (079.110765)  can0  123   [8]  C6 00 F1 43 81 EB 1A FF
 (079.110964)  can0  124   [8]  C6 09 6A C6 9F 10 94 08
 (079.120575)  can0  123   [8]  C7 00 CC 43 82 29 CC FF
 (079.120900)  can0  124   [8]  C7 09 6A ED 78 10 9C 08
 (079.130766)  can0  123   [8]  C8 00 B4 43 82 70 54 FF
 (079.130784)  can0  124   [8]  C8 09 6B 14 6E 10 A5 08
 (079.140676)  can0  123   [8]  C9 00 A8 43 82 AF 05 FF
 (079.140694)  can0  124   [8]  C9 09 6B 3B 47 10 AD 08
 (079.150301)  can0  123   [8]  CA 00 AB 43 82 F5 8D FF
 (079.150537)  can0  124   [8]  CA 09 6B 62 41 10 B6 08
 (079.160486)  can0  123   [8]  CB 00 B0 43 83 34 3F FF
 (079.160563)  can0  124   [8]  CB 09 6B 89 1E 10 BE 08
 (079.170139)  can0  123   [8]  CC 00 B5 43 83 7A C6 FF
 (079.170342)  can0  124   [8]  CC 09 6B B0 16 10 C7 08
 (079.180060)  can0  123   [8]  CD 00 B9 43 83 B9 78 FF
 (079.180608)  can0  124   [8]  CD 09 6B D6 EB 10 CF 08
 (079.190162)  can0  123   [8]  CE 00 BA 43 84 00 00 FF
 (079.190197)  can0  124   [8]  CE 09 6B FD DE 10 D8 08
 (079.200053)  can0  123   [8]  CF 00 BA 43 84 3E B2 FF
 (079.200086)  can0  124   [8]  CF 09 6C 24 BB 10 E0 08
 (079.209920)  can0  123   [8]  D0 00 B9 43 84 85 39 FF
 (079.210165)  can0  124   [8]  D0 09 6C 4B B0 10 E9 08
 (079.219625)  can0  123   [8]  D1 00 B8 43 84 CB C2 FF
 (079.219837)  can0  124   [8]  D1 09 6C 72 8D 10 F2 08
 (079.229571)  can0  123   [8]  D2 00 B7 43 85 0A 73 FF
 (079.229828)  can0  124   [8]  D2 09 6C 99 84 10 FA 08
 (079.239680)  can0  123   [8]  D3 00 B8 43 85 49 25 FF
 (079.239713)  can0  124   [8]  D3 09 6C C0 63 11 02 08
 (079.249377)  can0  123   [8]  D4 00 B9 43 85 8F AC FF
 (079.249916)  can0  124   [8]  D4 09 6C E7 55 11 0B 08
 (079.259306)  can0  123   [8]  D5 00 B8 43 85 CE 5E FF
 (079.259458)  can0  124   [8]  D5 09 6D 0E 34 11 13 08
 (079.269504)  can0  123   [8]  D6 00 B8 43 86 14 E6 FF
 (079.269547)  can0  124   [8]  D6 09 6D 35 2B 11 1C 08
 (079.279136)  can0  123   [8]  D7 00 B7 43 86 53 97 FF
 (079.279359)  can0  124   [8]  D7 09 6D 5C 07 11 24 08
 (079.288975)  can0  123   [8]  D8 00 B5 43 86 9A 20 FF
 (079.289263)  can0  124   [8]  D8 09 6D 83 04 11 2D 08
 (079.298900)  can0  123   [8]  D9 00 AB 43 86 D8 D1 FF
 (079.299238)  can0  124   [8]  D9 09 6D A9 D8 11 35 08
 (079.309336)  can0  123   [8]  DA 00 85 43 87 1F 59 FF
 (079.309364)  can0  124   [8]  DA 09 6D D0 CC 11 3E 08
 (079.318763)  can0  123   [8]  DB 00 71 43 87 5E 0A FF
 (079.319022)  can0  124   [8]  DB 09 6D F7 AC 11 46 08
 (079.328601)  can0  123   [8]  DC 00 6F 43 87 A4 93 FF
 (079.328840)  can0  124   [8]  DC 09 6E 1E A0 11 4F 08
 (079.338475)  can0  123   [8]  DD 00 6E 43 87 E3 44 FF
 (079.338752)  can0  124   [8]  DD 09 6E 45 78 11 57 08
 (079.348453)  can0  123   [8]  DE 00 6E 43 88 29 CC FF
 (079.348587)  can0  124   [8]  DE 09 6E 6C 6D 11 60 08
 (079.358527)  can0  123   [8]  DF 00 6E 43 88 68 7D FF
 (079.358542)  can0  124   [8]  DF 09 6E 93 45 11 68 08
 (079.368418)  can0  123   [8]  E0 00 6F 43 88 AF 05 FF
 (079.368440)  can0  124   [8]  E0 09 6E BA 3B 11 71 08
 (079.378260)  can0  123   [8]  E1 00 6F 43 88 ED B7 FF
 (079.378395)  can0  124   [8]  E1 09 6E E1 15 11 79 08
 (079.388256)  can0  123   [8]  E2 00 70 43 89 34 3E FF
 (079.388279)  can0  124   [8]  E2 09 6F 08 0F 11 82 08
 (079.398002)  can0  123   [8]  E3 00 70 43 89 72 F0 FF
 (079.398211)  can0  124   [8]  E3 09 6F 2E EF 11 8A 08
 (079.407921)  can0  123   [8]  E4 00 6E 43 89 B1 A2 FF
 (079.408198)  can0  124   [8]  E4 09 6F 55 E8 11 92 08
 (079.417891)  can0  123   [8]  E5 00 6D 43 89 F8 2A FF
 (079.417913)  can0  124   [8]  E5 09 6F 7C BC 11 9B 08
 (079.427677)  can0  123   [8]  E6 00 6D 43 8A 36 DB FF
 (079.427800)  can0  124   [8]  E6 09 6F A3 B3 11 A3 08
 (079.437538)  can0  123   [8]  E7 00 6D 43 8A 7D 64 FF
 (079.437886)  can0  124   [8]  E7 09 6F CA 8B 11 AC 08
 (079.447542)  can0  123   [8]  E8 00 6D 43 8A BC 15 FF
 (079.447651)  can0  124   [8]  E8 09 6F F1 82 11 B4 08
 (079.457379)  can0  123   [8]  E9 00 6D 43 8A FA C7 FF
 (079.457564)  can0  124   [8]  E9 09 70 18 5C 11 BC 08
 (079.467222)  can0  123   [8]  EA 00 6A 43 8B 41 4E FF
 (079.467466)  can0  124   [8]  EA 09 70 3F 54 11 C5 08
 (079.477133)  can0  123   [8]  EB 00 65 43 8B 80 00 FF
 (079.477360)  can0  124   [8]  EB 09 70 66 30 11 CD 08
 (079.487036)  can0  123   [8]  EC 00 63 43 8B C6 88 FF
 (079.487297)  can0  124   [8]  EC 09 70 8D 25 11 D6 08
 (079.496966)  can0  123   [8]  ED 00 5E 43 8C 05 3A FF
 (079.497202)  can0  124   [8]  ED 09 70 B4 1A 11 DE 08
 (079.507037)  can0  123   [8]  EE 00 59 43 8C 43 EB FF
 (079.507135)  can0  124   [8]  EE 09 70 DB 11 11 E6 08
 (079.516769)  can0  123   [8]  EF 00 56 43 8C 8A 73 FF
 (079.516990)  can0  124   [8]  EF 09 71 01 EE 11 EF 08
 (079.526730)  can0  123   [8]  F0 00 53 43 8C C9 25 FF
 (079.526938)  can0  124   [8]  F0 09 71 28 E3 11 F7 08
 (079.536594)  can0  123   [8]  F1 00 53 43 8D 0F AC FF
 (079.536848)  can0  124   [8]  F1 09 71 4F C0 12 00 08
 (079.546535)  can0  123   [8]  F2 00 55 43 8D 4E 5E FF
 (079.546723)  can0  124   [8]  F2 09 71 76 B1 12 08 08
 (079.556363)  can0  123   [8]  F3 00 56 43 8D 94 E6 FF
 (079.556586)  can0  124   [8]  F3 09 71 9D 93 12 11 08
 (079.566357)  can0  123   [8]  F4 00 56 43 8D D3 98 FF
 (079.566518)  can0  124   [8]  F4 09 71 C4 8C 12 19 08
 (079.576307)  can0  123   [8]  F5 00 58 43 8E 1A 1F FF
 (079.576427)  can0  124   [8]  F5 09 71 EB 6D 12 22 08
 (079.586117)  can0  123   [8]  F6 00 5E 43 8E 58 D1 FF
 (079.586397)  can0  124   [8]  F6 09 72 12 64 12 2A 08
 (079.596092)  can0  123   [8]  F7 00 65 43 8E 9F 59 FF
 (079.596224)  can0  124   [8]  F7 09 72 39 2F 12 33 08
 (079.605904)  can0  123   [8]  F8 00 68 43 8E DE 0B FF
 (079.606143)  can0  124   [8]  F8 09 72 60 29 12 3B 08
 (079.615781)  can0  123   [8]  F9 00 67 43 8F 24 92 FF
 (079.616016)  can0  124   [8]  F9 09 72 87 09 12 44 08
 (079.626372)  can0  123   [8]  FA 00 63 43 8F 63 44 FF
 (079.626402)  can0  124   [8]  FA 09 72 AE 17 12 4C 08
 (079.635686)  can0  123   [8]  FB 00 5C 43 8F A9 CC FF
 (079.635864)  can0  124   [8]  FB 09 72 D4 F8 12 55 08
 (079.645536)  can0  123   [8]  FC 00 59 43 8F F0 53 FF
 (079.645779)  can0  124   [8]  FC 09 72 FB F2 12 5E 08
 (079.655460)  can0  123   [8]  FD 00 58 43 90 2F 05 FF
 (079.655705)  can0  124   [8]  FD 09 73 22 D4 12 66 08
 (079.665348)  can0  123   [8]  FE 00 5B 43 90 75 8D FF
 (079.665581)  can0  124   [8]  FE 09 73 49 CB 12 6F 08
 (079.675246)  can0  123   [8]  FF 00 58 43 90 B4 3F FF
 (079.675452)  can0  124   [8]  FF 09 73 70 AE 12 77 08
 (079.685307)  can0  123   [8]  00 00 4D 43 90 FA C6 FF
 (079.685832)  can0  124   [8]  00 09 73 97 AA 12 80 08
 (079.695086)  can0  123   [8]  01 00 3E 43 91 39 78 FF
 (079.695321)  can0  124   [8]  01 09 73 BE 8E 12 88 08
 (079.705008)  can0  123   [8]  02 00 35 43 91 80 00 FF
 (079.705429)  can0  124   [8]  02 09 73 E5 8A 12 91 08
 (079.714884)  can0  123   [8]  03 00 32 43 91 BE B2 FF
 (079.715139)  can0  124   [8]  03 09 74 0C 68 12 99 08
 (079.724851)  can0  123   [8]  04 00 30 43 92 05 39 FF
 (079.725341)  can0  124   [8]  04 09 74 33 66 12 A2 08
 (079.734771)  can0  123   [8]  05 00 2F 43 92 43 EB FF
 (079.734928)  can0  124   [8]  05 09 74 5A 46 12 AA 08
 (079.744715)  can0  123   [8]  06 00 2E 43 92 8A 73 FF
 (079.744827)  can0  124   [8]  06 09 74 81 43 12 B3 08
 (079.754575)  can0  123   [8]  07 00 2D 43 92 C9 24 FF
 (079.754753)  can0  124   [8]  07 09 74 A8 20 12 BB 08
 (079.764468)  can0  123   [8]  08 00 2C 43 93 0F AD FF
 (079.764680)  can0  124   [8]  08 09 74 CF 19 12 C4 08
 (079.774401)  can0  123   [8]  09 00 2C 43 93 4E 5E FF
 (079.774568)  can0  124   [8]  09 09 74 F5 FB 12 CC 08
 (079.784470)  can0  123   [8]  0A 00 2B 43 93 94 E6 FF
 (079.784595)  can0  124   [8]  0A 09 75 1D 82 12 D5 08
 (079.794115)  can0  123   [8]  0B 00 2B 43 93 D3 97 FF
 (079.794362)  can0  124   [8]  0B 09 75 43 D0 12 DD 08
 (079.804154)  can0  123   [8]  0C 00 2B 43 94 1A 20 FF
 (079.804426)  can0  124   [8]  0C 09 75 6A CD 12 E6 08
 (079.814343)  can0  123   [8]  0D 00 2B 43 94 58 D1 FF
 (079.814519)  can0  124   [8]  0D 09 75 91 A9 12 EE 08
 (079.823939)  can0  123   [8]  0E 00 2B 43 94 9F 59 FF
 (079.824216)  can0  124   [8]  0E 09 75 B8 A2 12 F7 08
 (079.833846)  can0  123   [8]  0F 00 2B 43 94 DE 0A FF
 (079.834253)  can0  124   [8]  0F 09 75 DF 7B 12 FF 08
 (079.843886)  can0  123   [8]  10 00 2B 43 95 24 92 FF
 (079.844172)  can0  124   [8]  10 09 76 06 7B 13 08 08
 (079.853833)  can0  123   [8]  11 00 2B 43 95 63 44 FF
 (079.853846)  can0  124   [8]  11 09 76 2D 5E 13 10 08
 (079.863589)  can0  123   [8]  12 00 2B 43 95 A9 CB FF
 (079.863757)  can0  124   [8]  12 09 76 54 5D 13 19 08
 (079.873581)  can0  123   [8]  13 00 2B 43 95 E8 7E FF
 (079.873705)  can0  124   [8]  13 09 76 7B 42 13 21 08
 (079.883327)  can0  123   [8]  14 00 2B 43 96 2F 05 FF
 (079.883707)  can0  124   [8]  14 09 76 A2 41 13 2A 08
 (079.893299)  can0  123   [8]  15 00 2B 43 96 6D B7 FF
 (079.893462)  can0  124   [8]  15 09 76 C9 24 13 32 08
 (079.903640)  can0  123   [8]  16 00 2B 43 96 B4 3E FF
 (079.903855)  can0  124   [8]  16 09 76 F0 20 13 3B 08
 (079.913057)  can0  123   [8]  17 00 2C 43 96 F2 F1 FF
 (079.913275)  can0  124   [8]  17 09 77 17 00 13 43 08
 (079.922992)  can0  123   [8]  18 00 2C 43 97 39 78 FF
 (079.923244)  can0  124   [8]  18 09 77 3D F8 13 4C 08
 (079.932921)  can0  123   [8]  19 00 2C 43 97 78 2A FF
 (079.933080)  can0  124   [8]  19 09 77 64 DC 13 54 08
 (079.942804)  can0  123   [8]  1A 00 2C 43 97 BE B2 FF
 (079.943079)  can0  124   [8]  1A 09 77 8B D9 13 5D 08
 (079.953021)  can0  123   [8]  1B 00 2C 43 97 FD 63 FF
 (079.953057)  can0  124   [8]  1B 09 77 B2 C1 13 65 08
 (079.962565)  can0  123   [8]  1C 00 2C 43 98 43 EB FF
 (079.962841)  can0  124   [8]  1C 09 77 D9 BA 13 6E 08
 (079.972595)  can0  123   [8]  1D 00 2C 43 98 82 9D FF
 (079.972753)  can0  124   [8]  1D 09 78 00 9D 13 76 08
 (079.982440)  can0  123   [8]  1E 00 2C 43 98 C9 25 FF
 (079.982678)  can0  124   [8]  1E 09 78 27 9B 13 7F 08
 (079.992337)  can0  123   [8]  1F 00 2C 43 99 07 D6 FF
 (079.992514)  can0  124   [8]  1F 09 78 4E 7A 13 87 08
 (080.002291)  can0  123   [8]  20 00 2D 43 99 4E 5E FF
 (080.002454)  can0  124   [8]  20 09 78 75 74 13 90 08
 (080.012170)  can0  123   [8]  21 00 2D 43 99 8D 0F FF
 (080.012380)  can0  124   [8]  21 09 78 9C 56 13 98 08
 (080.022285)  can0  123   [8]  22 00 2D 43 99 CB C2 FF
 (080.022327)  can0  124   [8]  22 09 78 C3 50 13 A0 08
 (080.032045)  can0  123   [8]  23 00 2D 43 9A 12 49 FF
 (080.032337)  can0  124   [8]  23 09 78 EA 35 13 A9 08
 (080.042101)  can0  123   [8]  24 00 2D 43 9A 50 FB FF
 (080.042149)  can0  124   [8]  24 09 79 11 2F 13 B1 08
 (080.052114)  can0  123   [8]  25 00 2D 43 9A 97 83 FF
 (080.052161)  can0  124   [8]  25 09 79 38 12 13 BA 08
 (080.061704)  can0  123   [8]  26 00 2E 43 9A D6 34 FF
 (080.061992)  can0  124   [8]  26 09 79 5F 0E 13 C2 08
 (080.071699)  can0  123   [8]  27 00 2E 43 9B 1C BC FF
 (080.071884)  can0  124   [8]  27 09 79 85 F5 13 CB 08
 (080.081552)  can0  123   [8]  28 00 2E 43 9B 5B 6E FF
 (080.081844)  can0  124   [8]  28 09 79 AC EE 13 D3 08
 (080.091416)  can0  123   [8]  29 00 2E 43 9B A1 F6 FF
 (080.091695)  can0  124   [8]  29 09 79 D3 CF 13 DC 08
 (080.101237)  can0  123   [8]  2A 00 2E 43 9B E0 A7 FF
 (080.101549)  can0  124   [8]  2A 09 79 FA CC 13 E4 08
 (080.111269)  can0  123   [8]  2B 00 2E 43 9C 1F 59 FF
 (080.111376)  can0  124   [8]  2B 09 7A 21 B1 13 EC 08
 (080.121061)  can0  123   [8]  2C 00 2F 43 9C 65 E0 FF
 (080.121324)  can0  124   [8]  2C 09 7A 48 AD 13 F5 08
 (080.131036)  can0  123   [8]  2D 00 2F 43 9C AC 69 FF
 (080.131170)  can0  124   [8]  2D 09 7A 6F 8E 13 FE 08
 (080.140962)  can0  123   [8]  2E 00 2F 43 9C EB 1A FF
 (080.141107)  can0  124   [8]  2E 09 7A 96 88 14 06 08
 (080.150747)  can0  123   [8]  2F 00 2F 43 9D 29 CC FF
 (080.150983)  can0  124   [8]  2F 09 7A BD 67 14 0E 08
 (080.160648)  can0  123   [8]  30 00 2F 43 9D 70 53 FF
 (080.160894)  can0  124   [8]  30 09 7A E4 63 14 17 08
 (080.170723)  can0  123   [8]  31 00 30 43 9D AF 06 FF
 (080.170913)  can0  124   [8]  31 09 7B 0B 41 14 1F 08
 (080.180559)  can0  123   [8]  32 00 30 43 9D F5 8D FF
 (080.180805)  can0  124   [8]  32 09 7B 32 36 14 28 08
 (080.190383)  can0  123   [8]  33 00 30 43 9E 34 3F FF
 (080.190656)  can0  124   [8]  33 09 7B 59 17 14 30 08
 (080.200350)  can0  123   [8]  34 00 30 43 9E 72 F0 FF
 (080.200460)  can0  124   [8]  34 09 7B 80 0B 14 38 08
 (080.210179)  can0  123   [8]  35 00 30 43 9E B9 78 FF
 (080.210388)  can0  124   [8]  35 09 7B A6 EB 14 41 08
 (080.220050)  can0  123   [8]  36 00 30 43 9F 00 00 FF
 (080.220289)  can0  124   [8]  36 09 7B CD E4 14 4A 08
 (080.229975)  can0  123   [8]  37 00 31 43 9F 3E B1 FF
 (080.230283)  can0  124   [8]  37 09 7B F4 C0 14 52 08
 (080.239937)  can0  123   [8]  38 00 31 43 9F 7D 63 FF
 (080.240124)  can0  124   [8]  38 09 7C 1B B9 14 5A 08
 (080.249799)  can0  123   [8]  39 00 32 43 9F C3 EB FF
 (080.250003)  can0  124   [8]  39 09 7C 42 98 14 63 08
 (080.259756)  can0  123   [8]  3A 00 32 43 A0 02 9D FF
 (080.259965)  can0  124   [8]  3A 09 7C 69 97 14 6B 08
 (080.269675)  can0  123   [8]  3B 00 32 43 A0 49 24 FF
 (080.269786)  can0  124   [8]  3B 09 7C 90 73 14 74 08
 (080.280829)  can0  123   [8]  3C 00 32 43 A0 87 D7 FF
 (080.280845)  can0  124   [8]  3C 09 7C B7 6B 14 7C 08
 (080.289402)  can0  123   [8]  3D 00 32 43 A0 CE 5E FF
 (080.289605)  can0  124   [8]  3D 09 7C DE 45 14 85 08
 (080.299313)  can0  123   [8]  3E 00 33 43 A1 0D 10 FF
 (080.299529)  can0  124   [8]  3E 09 7D 05 45 14 8D 08
 (080.309250)  can0  123   [8]  3F 00 33 43 A1 53 98 FF
 (080.309479)  can0  124   [8]  3F 09 7D 2C 28 14 96 08
 (080.319186)  can0  123   [8]  40 00 33 43 A1 92 49 FF
 (080.319352)  can0  124   [8]  40 09 7D 53 19 14 9E 08
 (080.329013)  can0  123   [8]  41 00 34 43 A1 D8 D1 FF
 (080.329232)  can0  124   [8]  41 09 7D 7A 00 14 A7 08
 (080.338913)  can0  123   [8]  42 00 34 43 A2 17 82 FF
 (080.339114)  can0  124   [8]  42 09 7D A0 F6 14 AF 08
 (080.348955)  can0  123   [8]  43 00 34 43 A2 5E 0B FF
 (080.349042)  can0  124   [8]  43 09 7D C7 D6 14 B8 08
 (080.358770)  can0  123   [8]  44 00 34 43 A2 9C BC FF
 (080.359007)  can0  124   [8]  44 09 7D EE D0 14 C0 08
 (080.368635)  can0  123   [8]  45 00 34 43 A2 DB 6E FF
 (080.368907)  can0  124   [8]  45 09 7E 15 B1 14 C8 08
 (080.378582)  can0  123   [8]  46 00 34 43 A3 21 F5 FF
 (080.378817)  can0  124   [8]  46 09 7E 3C A7 14 D1 08
 (080.388632)  can0  123   [8]  47 00 34 43 A3 60 A7 FF
 (080.388720)  can0  124   [8]  47 09 7E 63 88 14 D9 08
 (080.398466)  can0  123   [8]  48 00 34 43 A3 A7 2F FF
 (080.398670)  can0  124   [8]  48 09 7E 8A 82 14 E2 08
 (080.408427)  can0  123   [8]  49 00 34 43 A3 E5 E1 FF
 (080.408625)  can0  124   [8]  49 09 7E B1 62 14 EA 08
 (080.418312)  can0  123   [8]  4A 00 35 43 A4 24 92 FF
 (080.418563)  can0  124   [8]  4A 09 7E D8 5D 14 F2 08
 (080.428183)  can0  123   [8]  4B 00 36 43 A4 6B 1A FF
 (080.428490)  can0  124   [8]  4B 09 7E FF 39 14 FB 08
 (080.438116)  can0  123   [8]  4C 00 37 43 A4 A9 CC FF
 (080.438252)  can0  124   [8]  4C 09 7F 26 32 15 03 08
 (080.447979)  can0  123   [8]  4D 00 38 43 A4 F0 54 FF
 (080.448199)  can0  124   [8]  4D 09 7F 4D 14 15 0C 08
 (080.457944)  can0  123   [8]  4E 00 38 43 A5 2F 05 FF
 (080.458128)  can0  124   [8]  4E 09 7F 74 0F 15 14 08
 (080.467807)  can0  123   [8]  4F 00 39 43 A5 6D B7 FF
 (080.468028)  can0  124   [8]  4F 09 7F 9A EF 15 1C 08
 (080.477798)  can0  123   [8]  50 00 39 43 A5 B4 3F FF
 (080.477919)  can0  124   [8]  50 09 7F C1 E9 15 25 08
 (080.487600)  can0  123   [8]  51 00 3A 43 A5 F2 F0 FF
 (080.487774)  can0  124   [8]  51 09 7F E8 CB 15 2D 08
 (080.497450)  can0  123   [8]  52 00 3A 43 A6 39 78 FF
 (080.497723)  can0  124   [8]  52 09 80 0F BA 15 36 08
 (080.507364)  can0  123   [8]  53 00 3A 43 A6 78 2A FF
 (080.507604)  can0  124   [8]  53 09 80 36 9C 15 3E 08
 (080.517271)  can0  123   [8]  54 00 3B 43 A6 BE B2 FF
 (080.517510)  can0  124   [8]  54 09 80 5D 97 15 47 08
 (080.527196)  can0  123   [8]  55 00 3A 43 A6 FD 63 FF
 (080.527501)  can0  124   [8]  55 09 80 84 6F 15 4F 08
 (080.537429)  can0  123   [8]  56 00 37 43 A7 43 EB FF
 (080.537482)  can0  124   [8]  56 09 80 AB 62 15 58 08
 (080.547012)  can0  123   [8]  57 00 37 43 A7 82 9D FF
 (080.547216)  can0  124   [8]  57 09 80 D2 3E 15 60 08
 (080.556997)  can0  123   [8]  58 00 3E 43 A7 C1 4F FF
 (080.557179)  can0  124   [8]  58 09 80 F9 34 15 68 08
 (080.566871)  can0  123   [8]  59 00 42 43 A8 00 00 FF
 (080.567031)  can0  124   [8]  59 09 81 20 0C 15 70 08
 (080.576824)  can0  123   [8]  5A 00 41 43 A8 46 88 FF
 (080.577046)  can0  124   [8]  5A 09 81 47 03 15 79 08
 (080.586737)  can0  123   [8]  5B 00 41 43 A8 85 39 FF
 (080.586905)  can0  124   [8]  5B 09 81 6D E0 15 81 08
 (080.596539)  can0  123   [8]  5C 00 41 43 A8 CB C1 FF
 (080.596773)  can0  124   [8]  5C 09 81 94 D3 15 8A 08
 (080.606455)  can0  123   [8]  5D 00 42 43 A9 0A 73 FF
 (080.606646)  can0  124   [8]  5D 09 81 BB AD 15 92 08
 (080.616330)  can0  123   [8]  5E 00 43 43 A9 49 24 FF
 (080.616578)  can0  124   [8]  5E 09 81 E2 A8 15 9A 08
 (080.626414)  can0  123   [8]  5F 00 43 43 A9 87 D6 FF
 (080.626427)  can0  124   [8]  5F 09 82 09 87 15 A2 08
 (080.636239)  can0  123   [8]  60 00 43 43 A9 CE 5E FF
 (080.636353)  can0  124   [8]  60 09 82 30 79 15 AB 08
 (080.646064)  can0  123   [8]  61 00 43 43 AA 0D 10 FF
 (080.646316)  can0  124   [8]  61 09 82 57 52 15 B3 08
 (080.655988)  can0  123   [8]  62 00 43 43 AA 53 97 FF
 (080.656336)  can0  124   [8]  62 09 82 7E 44 15 BC 08
 (080.665949)  can0  123   [8]  63 00 43 43 AA 92 49 FF
 (080.666196)  can0  124   [8]  63 09 82 A5 1C 15 C4 08
 (080.675832)  can0  123   [8]  64 00 43 43 AA D8 D1 FF
 (080.675979)  can0  124   [8]  64 09 82 CC 19 15 CD 08
 (080.685708)  can0  123   [8]  65 00 43 43 AB 17 83 FF
 (080.685845)  can0  124   [8]  65 09 82 F2 F6 15 D5 08
 (080.695690)  can0  123   [8]  66 00 43 43 AB 5E 0A FF
 (080.695959)  can0  124   [8]  66 09 83 19 EE 15 DE 08
 (080.705583)  can0  123   [8]  67 00 42 43 AB 9C BC FF
 (080.705747)  can0  124   [8]  67 09 83 40 CB 15 E6 08
 (080.715453)  can0  123   [8]  68 00 42 43 AB DB 6E FF
 (080.715929)  can0  124   [8]  68 09 83 67 BF 15 EE 08
 (080.725488)  can0  123   [8]  69 00 42 43 AC 21 F5 FF
 (080.725521)  can0  124   [8]  69 09 83 8E 9F 15 F7 08
 (080.735358)  can0  123   [8]  6A 00 42 43 AC 60 A7 FF
 (080.735620)  can0  124   [8]  6A 09 83 B5 93 15 FF 08
 (080.745166)  can0  123   [8]  6B 00 41 43 AC A7 2F FF
 (080.745331)  can0  124   [8]  6B 09 83 DC 71 16 08 08
 (080.755146)  can0  123   [8]  6C 00 41 43 AC E5 E1 FF
 (080.755421)  can0  124   [8]  6C 09 84 03 64 16 10 08
 (080.764930)  can0  123   [8]  6D 00 41 43 AD 2C 68 FF
 (080.765173)  can0  124   [8]  6D 09 84 2A 39 16 19 08
 (080.775274)  can0  123   [8]  6E 00 41 43 AD 6B 1A FF
 (080.775330)  can0  124   [8]  6E 09 84 51 31 16 21 08
 (080.784780)  can0  123   [8]  6F 00 41 43 AD B1 A2 FF
 (080.784949)  can0  124   [8]  6F 09 84 78 10 16 2A 08
 (080.794692)  can0  123   [8]  70 00 41 43 AD F0 54 FF
 (080.794963)  can0  124   [8]  70 09 84 9F 07 16 32 08
 (080.804611)  can0  123   [8]  71 00 41 43 AE 36 DB FF
 (080.804767)  can0  124   [8]  71 09 84 C5 DD 16 3B 08
 (080.814457)  can0  123   [8]  72 00 40 43 AE 75 8D FF
 (080.814662)  can0  124   [8]  72 09 84 EC D3 16 43 08
 (080.824664)  can0  123   [8]  73 00 40 43 AE BC 15 FF
 (080.824722)  can0  124   [8]  73 09 85 13 A2 16 4C 08
 (080.834527)  can0  123   [8]  74 00 40 43 AF 02 9D FF
 (080.834579)  can0  124   [8]  74 09 85 3A 98 16 55 08
 (080.844427)  can0  123   [8]  75 00 40 43 AF 41 4E FF
 (080.844471)  can0  124   [8]  75 09 85 61 7B 16 5D 08
 (080.854115)  can0  123   [8]  76 00 40 43 AF 87 D6 FF
 (080.854417)  can0  124   [8]  76 09 85 88 70 16 66 08
 (080.864045)  can0  123   [8]  77 00 40 43 AF C6 88 FF
 (080.864256)  can0  124   [8]  77 09 85 AF 4F 16 6E 08
 (080.873923)  can0  123   [8]  78 00 40 43 B0 0D 0F FF
 (080.874214)  can0  124   [8]  78 09 85 D6 43 16 77 08
 (080.883856)  can0  123   [8]  79 00 40 43 B0 53 98 FF
 (080.884080)  can0  124   [8]  79 09 85 FD 1B 16 80 08
 (080.893800)  can0  123   [8]  7A 00 3F 43 B0 92 49 FF
 (080.893893)  can0  124   [8]  7A 09 86 24 0D 16 88 08
 (080.904607)  can0  123   [8]  7B 00 3F 43 B0 D8 D1 FF
 (080.904648)  can0  124   [8]  7B 09 86 4A E8 16 91 08
 (080.913740)  can0  123   [8]  7C 00 3F 43 B1 1F 59 FF
 (080.913771)  can0  124   [8]  7C 09 86 71 D9 16 9A 08
 (080.923498)  can0  123   [8]  7D 00 3F 43 B1 5E 0A FF
 (080.923809)  can0  124   [8]  7D 09 86 98 B4 16 A2 08
 (080.933379)  can0  123   [8]  7E 00 3F 43 B1 A4 92 FF
 (080.933668)  can0  124   [8]  7E 09 86 BF A7 16 AB 08
 (080.943347)  can0  123   [8]  7F 00 3F 43 B1 E3 44 FF
 (080.943473)  can0  124   [8]  7F 09 86 E6 83 16 B3 08
 (080.953331)  can0  123   [8]  80 00 3F 43 B2 29 CC FF
 (080.953361)  can0  124   [8]  80 09 87 0D 76 16 BC 08
 (080.963094)  can0  123   [8]  81 00 3F 43 B2 68 7D FF
 (080.963373)  can0  124   [8]  81 09 87 34 4C 16 C4 08
 (080.972949)  can0  123   [8]  82 00 3E 43 B2 AF 05 FF
 (080.973197)  can0  124   [8]  82 09 87 5B 43 16 CD 08
 (080.982780)  can0  123   [8]  83 00 3E 43 B2 F5 8D FF
 (080.983088)  can0  124   [8]  83 09 87 82 1D 16 D6 08
 (080.992704)  can0  123   [8]  84 00 3E 43 B3 34 3F FF
 (080.992999)  can0  124   [8]  84 09 87 A9 12 16 DE 08
 (081.002641)  can0  123   [8]  85 00 3E 43 B3 7A C6 FF
 (081.002854)  can0  124   [8]  85 09 87 CF EE 16 E7 08
 (081.012549)  can0  123   [8]  86 00 3E 43 B3 C1 4E FF
 (081.012836)  can0  124   [8]  86 09 87 F6 E3 16 F0 08
 (081.022469)  can0  123   [8]  87 00 3E 00 00 00 00 FF
 (081.022718)  can0  124   [8]  87 09 88 1D BE 00 00 08
 (081.032421)  can0  123   [8]  88 00 3E 3F 0D 0F AC FF
 (081.032718)  can0  124   [8]  88 09 88 44 B0 00 09 08
 (081.042392)  can0  123   [8]  89 00 3E 3F 85 39 78 FF
 (081.042533)  can0  124   [8]  89 09 88 6B 8B 00 11 08
 (081.052258)  can0  123   [8]  8A 00 3E 3F CB C1 4E FF
 (081.052433)  can0  124   [8]  8A 09 88 92 82 00 1A 08
 (081.062234)  can0  123   [8]  8B 00 3E 40 09 24 92 FF
 (081.062400)  can0  124   [8]  8B 09 88 B9 59 00 23 08
 (081.072424)  can0  123   [8]  8C 00 3E 40 28 7D 63 FF
 (081.072444)  can0  124   [8]  8C 09 88 E0 47 00 2B 08
 (081.082058)  can0  123   [8]  8D 00 3E 40 4B C1 4E FF
 (081.082331)  can0  124   [8]  8D 09 89 07 1F 00 34 08
 (081.091873)  can0  123   [8]  8E 00 3E 40 6B 1A 1F FF
 (081.092044)  can0  124   [8]  8E 09 89 2E 11 00 3C 08
 (081.102062)  can0  123   [8]  8F 00 3E 40 87 2F 06 FF
 (081.102077)  can0  124   [8]  8F 09 89 54 F1 00 45 08
 (081.111796)  can0  123   [8]  90 00 3E 40 96 DB 6E FF
 (081.111932)  can0  124   [8]  90 09 89 7B DD 00 4D 08
 (081.121805)  can0  123   [8]  91 00 3E 40 A8 7D 63 FF
 (081.121839)  can0  124   [8]  91 09 89 A2 B6 00 56 08
 (081.131812)  can0  123   [8]  92 00 3E 40 B8 29 CB FF
 (081.131853)  can0  124   [8]  92 09 89 C9 AF 00 5E 08
 (081.141544)  can0  123   [8]  93 00 3E 40 C9 CB C1 FF
 (081.141680)  can0  124   [8]  93 09 89 F0 8A 00 67 08
 (081.151325)  can0  123   [8]  94 00 3E 40 DB 6D B7 FF
 (081.151570)  can0  124   [8]  94 09 8A 17 7D 00 70 08
 (081.161163)  can0  123   [8]  95 00 3E 40 EB 1A 1F FF
 (081.161466)  can0  124   [8]  95 09 8A 3E 55 00 78 08
 (081.171061)  can0  123   [8]  96 00 3E 40 FA C6 88 FF
 (081.171240)  can0  124   [8]  96 09 8A 65 45 00 80 08
 (081.181171)  can0  123   [8]  97 00 3E 41 06 34 3F FF
 (081.181184)  can0  124   [8]  97 09 8A 8C 1E 00 89 08
 (081.190980)  can0  123   [8]  98 00 3E 41 0F 05 39 FF
 (081.191074)  can0  124   [8]  98 09 8A B3 0D 00 92 08
 (081.200883)  can0  123   [8]  99 00 3E 41 16 DB 6E FF
 (081.201004)  can0  124   [8]  99 09 8A D9 E4 00 9A 08
 (081.210955)  can0  123   [8]  9A 00 3E 41 1F AC 68 FF
 (081.210978)  can0  124   [8]  9A 09 8B 00 D1 00 A3 08
 (081.220864)  can0  123   [8]  9B 00 3E 41 27 82 9D FF
 (081.220884)  can0  124   [8]  9B 09 8B 27 B0 00 AB 08
 (081.230940)  can0  123   [8]  9C 00 3E 41 30 53 98 FF
 (081.230964)  can0  124   [8]  9C 09 8B 4E A0 00 B4 08
 (081.240722)  can0  123   [8]  9D 00 3E 41 38 29 CB FF
 (081.240745)  can0  124   [8]  9D 09 8B 75 7C 00 BC 08
 (081.250388)  can0  123   [8]  9E 00 3E 41 40 FA C7 FF
 (081.250588)  can0  124   [8]  9E 09 8B 9C 71 00 C5 08
 (081.260282)  can0  123   [8]  9F 00 3E 41 48 D0 FB FF
 (081.260434)  can0  124   [8]  9F 09 8B C3 51 00 CD 08
 (081.270394)  can0  123   [8]  A0 00 3E 41 51 A1 F6 FF
 (081.270571)  can0  124   [8]  A0 09 8B EA 44 00 D6 08
 (081.280022)  can0  123   [8]  A1 00 3E 41 59 78 2A FF
 (081.280243)  can0  124   [8]  A1 09 8C 11 1F 00 DE 08
 (081.290016)  can0  123   [8]  A2 00 3E 41 62 49 25 FF
 (081.290216)  can0  124   [8]  A2 09 8C 38 09 00 E7 08
 (081.299826)  can0  123   [8]  A3 00 3E 41 6A 1F 59 FF
 (081.300146)  can0  124   [8]  A3 09 8C 5E E8 00 EF 08
 (081.309987)  can0  123   [8]  A4 00 3E 41 72 F0 54 FF
 (081.310005)  can0  124   [8]  A4 09 8C 85 DD 00 F8 08
 (081.319731)  can0  123   [8]  A5 00 3E 41 7A C6 88 FF
 (081.319948)  can0  124   [8]  A5 09 8C AC B7 01 00 08
 (081.329646)  can0  123   [8]  A6 00 3E 41 81 4E 5E FF
 (081.329798)  can0  124   [8]  A6 09 8C D3 AC 01 08 08
 (081.339556)  can0  123   [8]  A7 00 3E 41 85 B6 DC FF
 (081.339744)  can0  124   [8]  A7 09 8C FA 89 01 11 08
 (081.349480)  can0  123   [8]  A8 00 3E 41 8A 1F 59 FF
 (081.349622)  can0  124   [8]  A8 09 8D 21 7B 01 1A 08
 (081.359356)  can0  123   [8]  A9 00 3E 41 8E 0A 73 FF
 (081.359532)  can0  124   [8]  A9 09 8D 48 57 01 22 08
 (081.369417)  can0  123   [8]  AA 00 3E 41 90 7D 63 FF
 (081.369559)  can0  124   [8]  AA 09 8D 6F 49 01 27 08
 (081.379352)  can0  123   [8]  AB 00 3E 41 91 F5 8D FF
 (081.379390)  can0  124   [8]  AB 09 8D 96 23 01 2A 08
 (081.389080)  can0  123   [8]  AC 00 3E 41 92 72 F0 FF
 (081.389282)  can0  124   [8]  AC 09 8D BD 15 01 2B 08
 (081.398944)  can0  123   [8]  AD 00 3E 41 92 72 F0 FF
 (081.399257)  can0  124   [8]  AD 09 8D E3 EF 01 2B 08
 (081.408845)  can0  123   [8]  AE 00 3D 41 92 72 F0 FF
 (081.409284)  can0  124   [8]  AE 09 8E 0A E3 01 2B 08
 (081.418764)  can0  123   [8]  AF 00 3D 41 92 72 F0 FF
 (081.418970)  can0  124   [8]  AF 09 8E 31 C0 01 2B 08
 (081.428680)  can0  123   [8]  B0 00 3D 41 92 72 F0 FF
 (081.428940)  can0  124   [8]  B0 09 8E 58 B2 01 2B 08
 (081.438555)  can0  123   [8]  B1 00 3D 41 92 72 F0 FF
 (081.438831)  can0  124   [8]  B1 09 8E 7F 8D 01 2B 08
 (081.448568)  can0  123   [8]  B2 00 3D 41 92 72 F0 FF
 (081.448776)  can0  124   [8]  B2 09 8E A6 7E 01 2B 08
 (081.458438)  can0  123   [8]  B3 00 3D 41 92 72 F0 FF
 (081.458755)  can0  124   [8]  B3 09 8E CD 5B 01 2B 08
 (081.468385)  can0  123   [8]  B4 00 3E 41 91 F5 8D FF
 (081.468583)  can0  124   [8]  B4 09 8E F4 4B 01 2A 08
 (081.478450)  can0  123   [8]  B5 00 3E 41 91 F5 8D FF
 (081.478500)  can0  124   [8]  B5 09 8F 1B 2C 01 2A 08
 (081.488060)  can0  123   [8]  B6 00 3E 41 91 F5 8D FF
 (081.488348)  can0  124   [8]  B6 09 8F 42 22 01 2A 08
 (081.497986)  can0  123   [8]  B7 00 3E 41 91 F5 8D FF
 (081.498210)  can0  124   [8]  B7 09 8F 68 F9 01 2A 08
 (081.507949)  can0  123   [8]  B8 00 3E 41 91 F5 8D FF
 (081.508076)  can0  124   [8]  B8 09 8F 8F EA 01 2A 08
 (081.518026)  can0  123   [8]  B9 00 3E 41 91 F5 8D FF
 (081.518073)  can0  124   [8]  B9 09 8F B6 C5 01 2A 08
 (081.527904)  can0  123   [8]  BA 00 3E 41 91 F5 8D FF
 (081.527984)  can0  124   [8]  BA 09 8F DD B7 01 2A 08
 (081.537628)  can0  123   [8]  BB 00 3E 41 91 F5 8D FF
 (081.538028)  can0  124   [8]  BB 09 90 04 8F 01 2A 08
 (081.547648)  can0  123   [8]  BC 00 3E 41 91 F5 8D FF
 (081.547782)  can0  124   [8]  BC 09 90 2B 84 01 2A 08
 (081.557481)  can0  123   [8]  BD 00 3E 41 91 F5 8D FF
 (081.557708)  can0  124   [8]  BD 09 90 52 5E 01 2A 08
 (081.567547)  can0  123   [8]  BE 00 3E 41 91 F5 8D FF
 (081.567587)  can0  124   [8]  BE 09 90 79 50 01 2A 08
 (081.577248)  can0  123   [8]  BF 00 3F 41 91 F5 8D FF
 (081.577469)  can0  124   [8]  BF 09 90 A0 2F 01 2A 08
 (081.587129)  can0  123   [8]  C0 00 3E 41 90 FA C6 FF
 (081.587476)  can0  124   [8]  C0 09 90 C7 21 01 28 08
 (081.597029)  can0  123   [8]  C1 00 3E 41 90 00 00 FF
 (081.597290)  can0  124   [8]  C1 09 90 ED FC 01 26 08
 (081.606936)  can0  123   [8]  C2 00 3E 41 8F 05 39 FF
 (081.607237)  can0  124   [8]  C2 09 91 14 EB 01 24 08
 (081.617146)  can0  123   [8]  C3 00 3E 41 8D 0F AC FF
 (081.617190)  can0  124   [8]  C3 09 91 3B C8 01 20 08
 (081.626979)  can0  123   [8]  C4 00 3E 41 8B 97 82 FF
 (081.627015)  can0  124   [8]  C4 09 91 62 BF 01 1D 08
 (081.636961)  can0  123   [8]  C5 00 3E 41 89 A1 F6 FF
 (081.637006)  can0  124   [8]  C5 09 91 89 9E 01 19 08
 (081.646935)  can0  123   [8]  C6 00 3E 41 87 AC 69 FF
 (081.646984)  can0  124   [8]  C6 09 91 B0 96 01 15 08
 (081.656582)  can0  123   [8]  C7 00 3E 41 85 39 78 FF
 (081.656758)  can0  124   [8]  C7 09 91 D7 6F 01 10 08
 (081.666437)  can0  123   [8]  C8 00 3E 41 83 43 EB FF
 (081.666755)  can0  124   [8]  C8 09 91 FE 61 01 0C 08
 (081.676368)  can0  123   [8]  C9 00 3E 41 81 4E 5E FF
 (081.676510)  can0  124   [8]  C9 09 92 25 36 01 08 08
 (081.686233)  can0  123   [8]  CA 00 3E 41 7E B1 A2 FF
 (081.686527)  can0  124   [8]  CA 09 92 4C 28 01 04 08
 (081.696115)  can0  123   [8]  CB 00 3E 41 79 CB C2 FF
 (081.696376)  can0  124   [8]  CB 09 92 72 FF 00 FF 08
 (081.706026)  can0  123   [8]  CC 00 3E 41 74 E5 E0 FF
 (081.706286)  can0  124   [8]  CC 09 92 99 F2 00 FA 08
 (081.716016)  can0  123   [8]  CD 00 3E 41 70 FA C7 FF
 (081.716188)  can0  124   [8]  CD 09 92 C0 CB 00 F6 08
 (081.725921)  can0  123   [8]  CE 00 3E 41 6C 14 E7 FF
 (081.726117)  can0  124   [8]  CE 09 92 E7 C0 00 F1 08
 (081.735987)  can0  123   [8]  CF 00 3E 41 67 2F 05 FF
 (081.736036)  can0  124   [8]  CF 09 93 0E 9A 00 EC 08
 (081.745658)  can0  123   [8]  D0 00 3E 41 62 49 25 FF
 (081.746036)  can0  124   [8]  D0 09 93 35 8F 00 E7 08
 (081.755615)  can0  123   [8]  D1 00 3E 41 5D 63 44 FF
 (081.755833)  can0  124   [8]  D1 09 93 5C 68 00 E2 08
 (081.765461)  can0  123   [8]  D2 00 3E 41 59 78 2A FF
 (081.765737)  can0  124   [8]  D2 09 93 83 55 00 DE 08
 (081.775397)  can0  123   [8]  D3 00 3E 41 53 97 82 FF
 (081.775542)  can0  124   [8]  D3 09 93 AA 32 00 D8 08
 (081.785386)  can0  123   [8]  D4 00 3D 41 4E B1 A2 FF
 (081.785522)  can0  124   [8]  D4 09 93 D1 24 00 D3 08
 (081.795288)  can0  123   [8]  D5 00 3D 41 49 CB C1 FF
 (081.795569)  can0  124   [8]  D5 09 93 F8 00 00 CE 08
 (081.805049)  can0  123   [8]  D6 00 3D 41 44 E5 E1 FF
 (081.805400)  can0  124   [8]  D6 09 94 1E F6 00 C9 08
 (081.815007)  can0  123   [8]  D7 00 3D 41 40 00 01 FF
 (081.815128)  can0  124   [8]  D7 09 94 45 D2 00 C4 08
 (081.824826)  can0  123   [8]  D8 00 3D 41 3A 1F 59 FF
 (081.825163)  can0  124   [8]  D8 09 94 6C C5 00 BE 08
 (081.834787)  can0  123   [8]  D9 00 3D 41 35 39 78 FF
 (081.835029)  can0  124   [8]  D9 09 94 93 A2 00 B9 08
 (081.844760)  can0  123   [8]  DA 00 3D 41 30 53 98 FF
 (081.844970)  can0  124   [8]  DA 09 94 BA 90 00 B4 08
 (081.854623)  can0  123   [8]  DB 00 3D 41 2A 72 F0 FF
 (081.854950)  can0  124   [8]  DB 09 94 E1 6C 00 AE 08
 (081.864807)  can0  123   [8]  DC 00 3D 41 25 8D 0F FF
 (081.864864)  can0  124   [8]  DC 09 95 08 5C 00 A9 08
 (081.874457)  can0  123   [8]  DD 00 3D 41 1F AC 68 FF
 (081.874618)  can0  124   [8]  DD 09 95 2F 3A 00 A3 08
 (081.884569)  can0  123   [8]  DE 00 3D 41 1A C6 88 FF
 (081.884607)  can0  124   [8]  DE 09 95 56 32 00 9E 08
 (081.894565)  can0  123   [8]  DF 00 3D 41 14 E5 E1 FF
 (081.894621)  can0  124   [8]  DF 09 95 7D 0D 00 98 08
 (081.904183)  can0  123   [8]  E0 00 3D 41 0F 05 39 FF
 (081.904357)  can0  124   [8]  E0 09 95 A4 00 00 92 08
 (081.914044)  can0  123   [8]  E1 00 3E 41 09 24 92 FF
 (081.914249)  can0  124   [8]  E1 09 95 CA D9 00 8C 08
 (081.923994)  can0  123   [8]  E2 00 3E 41 04 3E B2 FF
 (081.924142)  can0  124   [8]  E2 09 95 F1 CD 00 87 08
 (081.934260)  can0  123   [8]  E3 00 3E 40 FC BC 14 FF
 (081.934365)  can0  124   [8]  E3 09 96 18 A7 00 81 08
 (081.944043)  can0  123   [8]  E4 00 3E 40 F0 FA C7 FF
 (081.944094)  can0  124   [8]  E4 09 96 3F 9A 00 7B 08
 (081.953652)  can0  123   [8]  E5 00 3E 40 E5 39 77 FF
 (081.953877)  can0  124   [8]  E5 09 96 66 76 00 75 08
 (081.963635)  can0  123   [8]  E6 00 3D 40 D9 78 2A FF
 (081.963754)  can0  124   [8]  E6 09 96 8D 6B 00 6F 08
 (081.973654)  can0  123   [8]  E7 00 3D 40 CD B6 DC FF
 (081.973687)  can0  124   [8]  E7 09 96 B4 43 00 69 08
 (081.983388)  can0  123   [8]  E8 00 3D 40 C1 F5 8D FF
 (081.983675)  can0  124   [8]  E8 09 96 DB 36 00 63 08
 (081.993421)  can0  123   [8]  E9 00 3D 40 B6 34 3F FF
 (081.993455)  can0  124   [8]  E9 09 97 02 12 00 5D 08
 (082.003365)  can0  123   [8]  EA 00 3D 40 A8 7D 63 FF
 (082.003399)  can0  124   [8]  EA 09 97 29 00 00 56 08
 (082.013332)  can0  123   [8]  EB 00 3D 40 9C BC 15 FF
 (082.013378)  can0  124   [8]  EB 09 97 4F D9 00 50 08
 (082.022985)  can0  123   [8]  EC 00 3D 40 90 FA C6 FF
 (082.023335)  can0  124   [8]  EC 09 97 76 CA 00 4A 08
 (082.032921)  can0  123   [8]  ED 00 3E 40 85 39 78 FF
 (082.033066)  can0  124   [8]  ED 09 97 9D A4 00 44 08
 (082.043017)  can0  123   [8]  EE 00 3E 40 6F 05 39 FF
 (082.043066)  can0  124   [8]  EE 09 97 C4 9C 00 3D 08
 (082.052797)  can0  123   [8]  EF 00 3E 40 57 82 9C FF
 (082.052948)  can0  124   [8]  EF 09 97 EB 7A 00 37 08
 (082.062666)  can0  123   [8]  F0 00 3E 40 3C 14 E5 FF
 (082.062992)  can0  124   [8]  F0 09 98 12 6E 00 30 08
 (082.072518)  can0  123   [8]  F1 00 3E 40 24 92 49 FF
 (082.072680)  can0  124   [8]  F1 09 98 39 46 00 2A 08
 (082.082553)  can0  123   [8]  F2 00 3E 40 09 24 92 FF
 (082.082592)  can0  124   [8]  F2 09 98 60 38 00 23 08
 (082.092314)  can0  123   [8]  F3 00 3E 3F DB 6D B7 FF
 (082.092643)  can0  124   [8]  F3 09 98 87 14 00 1C 08
 (082.102474)  can0  123   [8]  F4 00 3E 3F AC 68 7E FF
 (082.102503)  can0  124   [8]  F4 09 98 AE 0A 00 16 08
 (082.112355)  can0  123   [8]  F5 00 3E 3F 6B 1A 1F FF
 (082.112391)  can0  124   [8]  F5 09 98 D4 E4 00 0F 08
 (082.122197)  can0  123   [8]  F6 00 3E 3E FA C6 88 FF
 (082.122442)  can0  124   [8]  F6 09 98 FB D5 00 08 08
 (082.132092)  can0  123   [8]  F7 00 3E 3D 7A C6 88 FF
 (082.132265)  can0  124   [8]  F7 09 99 22 B0 00 01 08
 (082.141918)  can0  123   [8]  F8 00 3E 43 B3 D0 FA FF
 (082.142092)  can0  124   [8]  F8 09 99 49 A0 16 F2 08
 (082.152168)  can0  123   [8]  F9 00 3E 43 B3 9A 20 FF
 (082.152195)  can0  124   [8]  F9 09 99 70 75 16 EB 08
 (082.161743)  can0  123   [8]  FA 00 3E 43 B3 63 44 FF
 (082.161905)  can0  124   [8]  FA 09 99 97 5D 16 E4 08
 (082.171547)  can0  123   [8]  FB 00 3E 43 B3 34 3F FF
 (082.171866)  can0  124   [8]  FB 09 99 BE 39 16 DE 08
 (082.181587)  can0  123   [8]  FC 00 3E 43 B2 F5 8D FF
 (082.181753)  can0  124   [8]  FC 09 99 E5 2A 16 D6 08
 (082.191417)  can0  123   [8]  FD 00 3E 43 B2 BE B2 FF
 (082.191608)  can0  124   [8]  FD 09 9A 0C 0B 16 CF 08
 (082.201270)  can0  123   [8]  FE 00 3E 43 B2 87 D6 FF
 (082.201581)  can0  124   [8]  FE 09 9A 32 FE 16 C8 08
 (082.211247)  can0  123   [8]  FF 00 3E 43 B2 50 FB FF
 (082.211358)  can0  124   [8]  FF 09 9A 59 DC 16 C1 08
 (082.221105)  can0  123   [8]  00 00 3E 43 B2 12 49 FF
 (082.221430)  can0  124   [8]  00 09 9A 80 D1 16 B9 08
 (082.230939)  can0  123   [8]  01 00 3E 43 B1 DB 6E FF
 (082.231205)  can0  124   [8]  01 09 9A A7 A8 16 B2 08
 (082.240972)  can0  123   [8]  02 00 3E 43 B1 A4 92 FF
 (082.241208)  can0  124   [8]  02 09 9A CE 98 16 AB 08
 (082.250842)  can0  123   [8]  03 00 3E 43 B1 65 E0 FF
 (082.251018)  can0  124   [8]  03 09 9A F5 72 16 A3 08
 (082.260804)  can0  123   [8]  04 00 3E 43 B1 2F 05 FF
 (082.261061)  can0  124   [8]  04 09 9B 1C 64 16 9C 08
 (082.270639)  can0  123   [8]  05 00 3F 43 B0 F0 53 FF
 (082.271017)  can0  124   [8]  05 09 9B 43 3C 16 94 08
 (082.280656)  can0  123   [8]  06 00 3F 43 B0 B9 78 FF
 (082.280834)  can0  124   [8]  06 09 9B 6A 2D 16 8D 08
 (082.290462)  can0  123   [8]  07 00 3F 43 B0 7A C6 FF
 (082.290746)  can0  124   [8]  07 09 9B 91 04 16 85 08
 (082.300595)  can0  123   [8]  08 00 3F 43 B0 3C 15 FF
 (082.300606)  can0  124   [8]  08 09 9B B7 F6 16 7D 08
 (082.310257)  can0  123   [8]  09 00 3F 43 B0 05 39 FF
 (082.310417)  can0  124   [8]  09 09 9B DE D1 16 76 08
 (082.320154)  can0  123   [8]  0A 00 3F 43 AF C6 88 FF
 (082.320331)  can0  124   [8]  0A 09 9C 05 C5 16 6E 08
 (082.330189)  can0  123   [8]  0B 00 3F 43 AF 87 D6 FF
 (082.330405)  can0  124   [8]  0B 09 9C 2C A1 16 66 08
 (082.340319)  can0  123   [8]  0C 00 3F 43 AF 49 25 FF
 (082.340345)  can0  124   [8]  0C 09 9C 53 96 16 5E 08
 (082.350175)  can0  123   [8]  0D 00 3F 43 AF 0A 73 FF
 (082.350193)  can0  124   [8]  0D 09 9C 7A 71 16 56 08
 (082.359821)  can0  123   [8]  0E 00 3F 43 AE CB C1 FF
 (082.359997)  can0  124   [8]  0E 09 9C A1 65 16 4E 08
 (082.369860)  can0  123   [8]  0F 00 40 43 AE 8D 0F FF
 (082.370259)  can0  124   [8]  0F 09 9C C8 42 16 46 08
 (082.379919)  can0  123   [8]  10 00 40 43 AE 4E 5E FF
 (082.379942)  can0  124   [8]  10 09 9C EF 33 16 3E 08
 (082.389557)  can0  123   [8]  11 00 40 43 AE 0F AC FF
 (082.389713)  can0  124   [8]  11 09 9D 16 08 16 36 08
 (082.399469)  can0  123   [8]  12 00 40 43 AD D0 FB FF
 (082.399591)  can0  124   [8]  12 09 9D 3C FA 16 2E 08
