host_rx_time_us,t_sample_us,angle_tick,angle_deg,distance_cm,x_mm,y_mm,quality,status
1774767160017761,765203957,3647,223.285706,67,-487.722,-459.377,255,8
1774767160017966,765213910,3638,222.734695,67,-492.118,-454.665,255,8
1774767160018035,765223835,3629,222.183685,67,-496.467,-449.911,255,8
1774767160018093,765233794,3620,221.632645,68,-508.245,-451.759,255,8
1774767160018149,765243725,3611,221.081635,68,-512.566,-446.851,255,8
1774767160018206,765253678,3601,220.469391,68,-517.312,-441.348,255,8
1774767160018262,765263614,3592,219.918365,69,-529.202,-442.770,255,8
1774767160018317,765273574,3583,219.367340,69,-533.436,-437.660,255,8
1774767160018357,765283507,3574,218.816330,69,-537.620,-432.510,255,8
1774767160076495,765293469,3565,218.265320,68,-533.903,-421.127,255,8
1774767160076652,765303399,3556,217.714279,69,-545.839,-422.090,255,8
1774767160076726,765313357,3547,217.163269,69,-549.873,-416.821,255,8
1774767160076764,765323294,3538,216.612244,66,-529.775,-393.622,255,8
1774767160076820,765333249,3529,216.061234,61,-493.117,-359.076,255,8
1774767160093526,765343179,3520,215.510193,59,-480.267,-342.700,255,8
1774767160093684,765353134,3511,214.959183,58,-475.345,-332.336,255,8
1774767160099182,765363067,3502,214.408173,57,-470.269,-322.098,255,8
1774767160115264,765373033,3493,213.857132,56,-465.040,-311.989,255,8
1774767160116765,765382966,3483,213.244904,56,-468.348,-307.003,255,8
1774767160136281,765392923,3474,212.693878,55,-462.863,-297.083,255,8
1774767160136620,765402863,3465,212.142868,55,-465.698,-292.618,255,8
1774767160152196,765412811,3456,211.591827,55,-468.491,-288.125,255,8
1774767160178779,765422751,3447,211.040817,54,-462.672,-278.450,255,8
1774767160178920,765432710,3438,210.489792,54,-465.329,-273.988,255,8
1774767160178988,765442645,3429,209.938782,53,-459.276,-264.509,255,8
1774767160189347,765452602,3420,209.387756,52,-453.086,-255.173,255,8
1774767160209450,765462537,3411,208.836731,52,-455.519,-250.804,255,8
1774767160209569,765472493,3402,208.285721,51,-449.104,-241.673,255,8
1774767160220250,765482429,3393,207.734680,50,-442.556,-232.689,255,8
1774767160230273,765492388,3384,207.183670,49,-435.878,-223.854,255,8
1774767160241780,765502326,3375,206.632660,48,-429.071,-215.169,255,8
1774767160249971,765512286,3366,206.081635,48,-431.121,-211.033,255,8
1774767160260317,765522226,3357,205.530624,48,-433.130,-206.877,255,8
1774767160272969,765532184,3347,204.918365,48,-435.316,-202.237,255,8
1774767160279678,765542117,3339,204.428574,49,-446.134,-202.644,255,8
1774767160290073,765552079,3329,203.816315,49,-448.274,-197.865,255,8
1774767160300477,765562012,3320,203.265305,49,-450.156,-193.545,255,8
1774767160310893,765571978,3311,202.714279,49,-451.997,-189.207,255,8
1774767160320752,765581911,3302,202.163269,49,-453.795,-184.851,255,8
1774767160330348,765591876,3293,201.612259,49,-455.552,-180.479,255,8
1774767160344709,765601810,3284,201.061218,50,-466.598,-179.683,255,8
1774767160344848,765611770,3275,200.510208,50,-468.305,-175.187,255,8
1774767160360310,765621701,3266,199.959183,51,-479.367,-174.089,255,8
1774767160370319,765631658,3257,199.408157,51,-481.019,-169.471,255,8
1774767160380128,765641591,3248,198.857147,52,-492.090,-168.069,255,8
1774767160390821,765651550,3239,198.306122,53,-503.178,-166.470,255,8
1774767160400888,765661485,3229,197.693863,57,-543.036,-173.241,255,8
1774767160410201,765671459,3220,197.142853,84,-802.681,-247.594,255,8
1774767160420121,765681366,3211,196.591843,140,-1341.709,-399.773,255,8
1774767160453084,765691325,3202,196.040817,169,-1624.200,-466.984,255,8
1774767160453282,765701265,3193,195.489807,174,-1676.800,-464.696,255,8
1774767160453336,765711229,3184,194.938766,173,-1671.529,-445.971,255,8
1774767160453407,765721168,3175,194.387756,173,-1675.741,-429.875,255,8
1774767160485024,765731137,3166,193.836746,173,-1679.797,-413.740,255,8
1774767160485216,765741074,3157,193.285706,174,-1693.431,-399.864,255,8
1774767160485262,765751036,3148,192.734695,174,-1697.198,-383.560,255,8
1774767160498449,765760969,3139,192.183670,174,-1700.808,-367.220,255,8
1774767160505743,765770929,3130,191.632660,175,-1714.056,-352.863,255,8
1774767160515606,765780866,3121,191.081650,176,-1727.184,-338.286,255,8
1774767160529373,765790830,3111,190.469391,179,-1760.200,-325.261,255,8
1774767160535398,765800764,3103,189.979599,179,-1762.916,-310.203,255,8
1774767160546407,765810726,3093,189.367340,170,-1677.331,-276.698,255,8
1774767160555908,765820652,3085,188.877548,146,-1442.510,-225.312,255,8
1774767160565222,765830625,3076,188.326523,124,-1226.929,-179.570,255,8
1774767160575478,765840559,3067,187.775513,133,-1317.772,-179.939,255,8
1774767160586474,765850518,3058,187.224503,146,-1448.409,-183.606,255,8
1774767160596034,765860450,3049,186.673462,152,-1509.701,-176.640,255,8
1774767160605571,765870409,3040,186.122452,156,-1551.102,-166.380,255,8
1774767160616660,765880340,3031,185.571426,157,-1562.583,-152.426,255,8
1774767160625962,765890303,3022,185.020416,154,-1534.092,-134.766,255,8
1774767160635492,765900229,3013,184.469391,141,-1405.712,-109.876,255,8
1774767160645677,765910202,3005,183.979584,130,-1296.865,-90.221,255,8
1774767160659535,765920129,2996,183.428574,121,-1207.834,-72.363,255,8
1774767160666278,765930099,2987,182.877563,119,-1188.500,-59.740,255,8
1774767160675944,765940026,2978,182.326523,127,-1268.953,-51.555,255,8
1774767160690784,765949996,2969,181.775513,143,-1429.313,-44.307,255,8
1774767160690903,765959928,2960,181.224487,161,-1609.632,-34.405,255,8
1774767160705336,765969886,2951,180.673477,175,-1749.879,-20.570,255,8
1774767160715968,765979818,2942,180.122452,181,-1809.996,-3.868,255,8
1774767160725504,765989775,2933,179.571426,184,-1839.949,13.763,255,8
1774767160735081,765999709,2925,179.081635,179,-1789.770,28.690,255,8
1774767160746789,766009667,2916,178.530609,169,-1689.444,43.336,255,8
1774767160759537,766019600,2907,177.979584,183,-1828.862,64.518,255,8
1774767160759715,766029562,2898,177.428574,191,-1908.077,85.692,255,8
1774767160776116,766039496,2889,176.877548,193,-1927.135,105.127,255,8
1774767160809941,766049459,2881,176.387756,193,-1926.166,121.597,255,8
1774767160810116,766059392,2871,175.775513,193,-1924.756,142.172,255,8
1774767160810183,766069351,2863,175.285721,193,-1923.471,158.621,255,8
1774767160810241,766079281,2854,174.734695,193,-1921.856,177.111,255,8
1774767160826831,766089241,2845,174.183670,192,-1910.116,194.573,255,8
1774767160830945,766099176,2836,173.632645,191,-1898.218,211.824,255,8
1774767160840214,766109141,2827,173.081635,191,-1896.093,230.069,255,8
1774767160855751,766119075,2819,172.591843,191,-1894.057,246.269,255,8
1774767160860458,766129035,2810,172.040817,192,-1901.505,265.858,255,8
1774767160871302,766138972,2801,171.489792,199,-1968.089,294.491,255,8
1774767160885685,766148931,2792,170.938782,211,-2083.669,332.303,255,8
1774767160891535,766158863,2783,170.387756,218,-2149.394,364.015,255,8
1774767160900266,766168823,2775,169.897964,219,-2156.048,384.130,255,8
1774767160936768,766178754,2766,169.346939,220,-2162.082,406.695,255,8
1774767160936933,766188715,2757,168.795914,220,-2158.071,427.469,255,8
1774767160937002,766198650,2748,168.244904,221,-2163.650,450.241,255,8
1774767160949573,766208610,2739,167.693878,221,-2159.220,471.028,255,8
1774767160949699,766218544,2731,167.204086,222,-2164.867,491.683,255,8
1774767160957542,766228505,2722,166.653061,222,-2160.038,512.480,255,8
1774767160967789,766238439,2713,166.102036,223,-2164.717,535.632,255,8
1774767160981948,766248398,2704,165.551010,223,-2159.465,556.425,255,8
1774767160998574,766258333,2695,165.000000,224,-2163.674,579.755,255,8
1774767160998830,766268290,2687,164.510193,225,-2168.275,600.901,255,8
1774767161013233,766278222,2678,163.959183,225,-2162.396,621.725,255,8
1774767161027051,766288179,2669,163.408173,225,-2156.317,642.491,255,8
1774767161027190,766298106,2660,162.857147,225,-2150.039,663.199,255,8
1774767161045481,766308067,2651,162.306122,225,-2143.561,683.845,255,8
1774767161047969,766318001,2642,161.755096,223,-2117.891,698.167,255,8
1774767161057436,766327957,2634,161.265305,218,-2064.495,700.187,255,8
1774767161068553,766337883,2625,160.714279,185,-1746.184,611.016,255,8
1774767161080845,766347859,2616,160.163269,86,-808.971,291.833,255,8
1774767161088116,766357793,2607,159.612244,65,-609.282,226.442,255,8
1774767161097716,766367755,2598,159.061234,63,-588.397,225.143,255,8
1774767161109277,766377690,2589,158.510208,63,-586.204,230.791,255,8
1774767161118132,766387646,2581,158.020416,63,-584.210,235.794,255,8
1774767161127683,766397577,2572,157.469391,61,-563.442,233.738,255,8
1774767161146493,766407541,2563,156.918365,54,-496.771,211.703,255,8
1774767161146655,766417473,2554,156.367340,49,-448.906,196.427,255,8
1774767161157031,766427429,2545,155.816330,49,-446.996,200.735,255,8
1774767161177855,766437356,2536,155.265305,48,-435.962,200.840,255,8
1774767161177984,766447318,2527,154.714294,48,-434.011,205.024,255,8
1774767161189191,766457245,2518,154.163269,47,-423.019,204.830,255,8
1774767161207151,766467210,2509,153.612244,47,-421.029,208.889,255,8
1774767161207301,766477143,2501,153.122452,46,-410.308,207.959,255,8
1774767161218971,766487104,2492,152.571426,46,-408.289,211.896,255,8
1774767161237200,766497183,2483,152.020401,45,-397.402,211.121,255,8
1774767161237366,766506995,2474,151.469391,45,-395.353,214.933,255,8
1774767161249196,766516933,2465,150.918365,46,-402.007,223.585,255,8
1774767161258632,766526886,2456,150.367355,46,-399.838,227.441,255,8
1774767161272986,766536816,2447,149.816330,45,-388.988,226.248,255,8
1774767161278594,766546771,2438,149.265305,45,-386.794,229.979,255,8
1774767161288447,766556700,2429,148.714279,44,-376.019,228.495,255,8
1774767161304194,766566658,2420,148.163269,44,-373.804,232.100,255,8
1774767161304325,766576594,2411,147.612244,45,-379.999,241.041,255,8
1774767161318655,766586551,2403,147.122452,45,-377.925,244.280,255,8
1774767161334391,766596472,2394,146.571426,45,-375.558,247.904,255,8
1774767161334569,766606435,2385,146.020401,45,-373.156,251.504,255,8
1774767161349165,766616363,2376,145.469391,45,-370.721,255.081,255,8
1774767161366439,766626322,2367,144.918365,46,-376.434,264.382,255,8
1774767161366558,766636257,2358,144.367340,46,-373.874,267.990,255,8
1774767161378997,766646205,2349,143.816330,46,-371.279,271.573,255,8
1774767161397100,766656141,2341,143.326538,46,-368.944,274.737,255,8
1774767161397239,766666095,2332,142.775513,47,-374.248,284.322,255,8
1774767161408508,766676028,2323,142.224487,47,-371.496,287.908,255,8
1774767161418171,766685983,2314,141.673462,47,-368.710,291.467,255,8
1774767161432312,766695906,2305,141.122452,47,-365.890,294.999,255,8
1774767161432445,766705867,2297,140.632645,48,-371.086,304.459,255,8
1774767161449146,766715791,2288,140.081635,48,-368.141,308.014,255,8
1774767161464195,766725751,2279,139.530609,48,-365.161,311.540,255,8
1774767161464305,766735680,2271,139.040817,48,-362.485,314.650,255,8
1774767161479547,766745642,2262,138.489807,48,-359.442,318.122,255,8
1774767161495143,766755578,2254,138.000000,49,-364.141,327.874,255,8
1774767161495297,766765535,2245,137.448975,49,-360.971,331.361,255,8
1774767161508786,766775469,2236,136.897964,49,-357.768,334.817,255,8
1774767161526400,766785429,2227,136.346939,50,-361.766,345.145,255,8
1774767161526546,766795369,2219,135.857147,50,-358.803,348.225,255,8
1774767161538651,766805329,2210,135.306122,51,-362.546,358.693,255,8
1774767161559205,766815255,2201,134.755096,51,-359.080,362.163,255,8
1774767161559326,766825209,2193,134.265305,51,-355.971,365.219,255,8
1774767161562588,766835142,2184,133.714294,51,-352.442,368.625,255,8
1774767161578743,766845098,2175,133.163269,52,-355.721,379.292,255,8
1774767161595516,766855033,2167,132.673477,52,-352.466,382.319,255,8
1774767161596963,766864988,2158,132.122452,52,-348.773,385.691,255,8
1774767161609241,766874919,2149,131.571426,52,-345.048,389.027,255,8
1774767161625673,766884873,2141,131.081635,51,-335.138,384.425,255,8
1774767161625908,766894816,2132,130.530609,51,-331.426,387.630,255,8
1774767161638211,766904772,2124,130.040817,51,-328.100,390.449,255,8
1774767161658809,766914706,2115,129.489792,51,-324.330,393.586,255,8
1774767161658933,766924661,2107,129.000000,51,-320.953,396.344,255,8
1774767161669994,766934599,2098,128.448990,50,-310.909,391.581,255,8
1774767161670124,766944553,2089,127.897964,50,-307.129,394.553,255,8
1774767161690237,766954484,2081,127.408165,50,-303.745,397.164,255,8
1774767161690339,766964446,2072,126.857147,50,-299.911,400.067,255,8
1774767161701549,766974375,2063,126.306122,50,-296.050,402.933,255,8
1774767161720942,766984323,2055,125.816330,49,-286.743,397.340,255,8
1774767161721126,766994259,2046,125.265312,49,-282.908,400.079,255,8
1774767161731561,767004212,2038,124.775505,49,-279.478,402.483,255,8
1774767161753757,767014141,2029,124.224495,49,-275.594,405.152,255,8
1774767161753913,767024091,2021,123.734688,49,-272.121,407.493,255,8
1774767161764493,767034019,2012,123.183678,49,-268.189,410.091,255,8
1774767161785707,767043978,2003,122.632660,49,-264.233,412.651,255,8
1774767161785851,767053913,1995,122.142853,48,-255.375,406.428,255,8
1774767161796873,767063870,1987,121.653061,48,-251.892,408.596,255,8
1774767161819294,767073797,1978,121.102036,48,-247.951,410.999,255,8
1774767161819506,767083759,1970,120.612244,48,-244.428,413.104,255,8
1774767161819569,767093691,1961,120.061226,48,-240.444,415.435,255,8
1774767161830457,767103650,1953,119.571426,48,-236.884,417.476,255,8
1774767161853021,767113587,1944,119.020409,47,-228.007,410.990,255,8
1774767161853177,767123538,1936,118.530617,47,-224.485,412.924,255,8
1774767161863901,767133467,1927,117.979591,47,-220.504,415.064,255,8
1774767161884597,767143428,1919,117.489799,47,-216.948,416.934,255,8
1774767161884717,767153356,1910,116.938774,47,-212.928,419.001,255,8
1774767161895834,767163311,1902,116.448982,47,-209.338,420.806,255,8
1774767161915561,767173244,1893,115.897964,47,-205.282,422.799,255,8
1774767161915678,767183198,1885,115.408157,47,-201.660,424.539,255,8
1774767161926763,767193130,1877,114.918365,47,-198.023,426.247,255,8
1774767161926951,767203088,1868,114.367340,47,-193.915,428.132,255,8
1774767161950474,767213020,1860,113.877548,47,-190.248,429.774,255,8
1774767161950767,767222978,1851,113.326530,46,-182.147,422.401,255,8
1774767161961393,767232897,1843,112.836739,46,-178.529,423.943,255,8
1774767161977718,767242848,1835,112.346939,46,-174.898,425.453,255,8
1774767161977841,767252780,1826,111.795921,46,-170.799,427.116,255,8
1774767161991152,767262728,1818,111.306129,46,-167.141,428.560,255,8
1774767162009814,767272661,1810,110.816322,46,-163.472,429.973,255,8
1774767162009920,767282615,1801,110.265305,46,-159.329,431.525,255,8
1774767162020675,767292543,1793,109.775505,46,-155.634,432.872,255,8
1774767162044519,767302494,1785,109.285713,46,-151.928,434.186,255,8
1774767162044698,767312419,1776,108.734695,46,-147.746,435.627,255,8
1774767162054957,767322370,1768,108.244904,46,-144.016,436.874,255,8
1774767162074931,767332292,1760,107.755096,46,-140.277,438.090,255,8
1774767162075185,767342240,1751,107.204086,46,-136.057,439.418,255,8
1774767162075308,767352169,1743,106.714279,45,-129.420,430.988,255,8
1774767162085242,767362118,1735,106.224487,45,-125.731,432.078,255,8
1774767162107816,767372046,1726,105.673470,45,-121.570,433.268,255,8
1774767162107975,767381999,1718,105.183678,45,-117.861,434.291,255,8
1774767162118631,767391925,1710,104.693878,45,-114.145,435.283,255,8
1774767162140087,767401874,1701,104.142860,45,-109.953,436.360,255,8
1774767162140187,767411801,1693,103.653069,45,-106.219,437.284,255,8
1774767162151079,767421749,1685,103.163261,45,-102.477,438.176,255,8
1774767162173446,767431677,1677,102.673470,45,-98.728,439.036,255,8
1774767162173577,767441626,1668,102.122444,45,-94.501,439.965,255,8
1774767162184197,767451555,1660,101.632652,45,-90.736,440.757,255,8
1774767162184414,767461499,1652,101.142860,45,-86.965,441.517,255,8
1774767162204095,767471420,1644,100.653061,45,-83.188,442.244,255,8
1774767162204228,767481370,1635,100.102036,45,-78.931,443.024,255,8
1774767162214781,767491299,1627,99.612244,45,-75.141,443.682,255,8
1774767162237601,767501262,1619,99.122452,45,-71.345,444.308,255,8
1774767162237773,767511190,1611,98.632660,45,-67.545,444.902,255,8
1774767162248056,767521151,1603,98.142853,45,-63.739,445.463,255,8
1774767162270014,767531088,1594,97.591835,45,-59.452,446.055,255,8
1774767162270195,767541045,1586,97.102036,45,-55.637,446.547,255,8
1774767162280433,767550978,1578,96.612244,45,-51.817,447.007,255,8
1774767162300565,767560937,1570,96.122452,45,-47.994,447.433,255,8
1774767162301330,767570870,1561,95.571434,39,-37.864,388.158,255,8
1774767162310868,767580824,1553,95.081627,39,-34.544,388.467,255,8
1774767162335543,767590760,1545,94.591835,38,-30.422,378.780,255,8
1774767162335731,767600711,1537,94.102043,38,-27.183,379.027,255,8
1774767162335837,767610642,1528,93.551018,38,-23.536,379.270,255,8
1774767162346830,767620604,1520,93.061226,37,-19.759,369.472,255,8
1774767162368217,767630532,1512,92.571434,37,-16.600,369.627,255,8
1774767162368431,767640498,1504,92.081627,38,-13.803,379.749,255,8
1774767162379097,767650428,1496,91.591835,36,-10.001,359.861,255,8
1774767162400260,767660382,1488,91.102043,37,-7.116,369.932,255,8
1774767162400416,767670310,1479,90.551025,41,-3.943,409.981,255,8
1774767162410314,767680260,1471,90.061226,41,-0.438,410.000,255,8
1774767162434063,767690194,1463,89.571426,40,2.992,399.989,255,8
1774767162434198,767700146,1455,89.081635,40,6.411,399.949,255,8
1774767162434265,767710075,1447,88.591835,40,9.830,399.879,255,8
1774767162482268,767720032,1439,88.102043,40,13.248,399.781,255,8
1774767162482441,767729981,1431,87.612244,40,16.665,399.653,255,8
1774767162482510,767739934,1423,87.122452,40,20.081,399.496,255,8
1774767162482570,767749862,1415,86.632652,40,23.495,399.309,255,8
1774767162482631,767759832,1407,86.142853,39,26.235,389.117,255,8
1774767162502908,767769756,1399,85.653061,39,29.560,388.878,255,8
1774767162503072,767779717,1391,85.163261,39,32.884,388.611,255,8
1774767162526452,767789658,1383,84.673470,39,36.204,388.316,255,8
1774767162526600,767799620,1375,84.183670,39,39.523,387.992,255,8
1774767162537233,767809558,1367,83.693878,39,42.838,387.640,255,8
1774767162560148,767819514,1359,83.204079,39,46.150,387.260,255,8
1774767162560279,767829449,1351,82.714287,39,49.459,386.851,255,8
1774767162560458,767839414,1343,82.224487,39,52.764,386.414,255,8
1774767162570701,767849347,1335,81.734695,39,56.065,385.949,255,8
1774767162595851,767859317,1327,81.244896,39,59.362,385.456,255,8
1774767162596072,767869250,1319,80.755104,39,62.655,384.934,255,8
1774767162623136,767879210,1311,80.265312,39,65.944,384.385,255,8
1774767162623291,767889148,1302,79.714287,39,69.637,383.733,255,8
1774767162623368,767899107,1294,79.224487,39,72.915,383.123,255,8
1774767162635096,767909038,1286,78.734695,39,76.187,382.486,255,8
1774767162657690,767918995,1278,78.244896,39,79.454,381.821,255,8
1774767162657895,767928926,1269,77.693878,39,83.123,381.039,255,8
1774767162685456,767938883,1261,77.204079,39,86.377,380.314,255,8
1774767162685601,767948814,1253,76.714287,40,91.923,389.294,255,8
1774767162685668,767958771,1244,76.163269,40,95.662,388.392,255,8
1774767162688653,767968696,1236,75.673470,40,98.979,387.561,255,8
1774767162699725,767978649,1228,75.183678,40,102.288,386.700,255,8
1774767162720178,767988582,1220,74.693878,40,105.590,385.812,255,8
1774767162720333,767998539,1211,74.142853,40,109.296,384.778,255,8
1774767162731059,768008470,1203,73.653061,40,112.581,383.830,255,8
1774767162752057,768018416,1195,73.163261,40,115.858,382.854,255,8
1774767162752221,768028342,1187,72.673470,40,119.127,381.849,255,8
1774767162762839,768038298,1179,72.183670,40,122.387,380.817,255,8
1774767162791926,768048231,1171,71.693878,40,125.638,379.757,255,8
1774767162792079,768058185,1162,71.142860,40,129.284,378.531,255,8
1774767162792148,768068112,1154,70.653061,40,132.515,377.412,255,8
1774767162814166,768078066,1146,70.163269,40,135.736,376.265,255,8
1774767162814312,768087996,1138,69.673470,40,138.948,375.091,255,8
1774767162824692,768097948,1130,69.183670,40,142.149,373.890,255,8
1774767162849290,768107869,1122,68.693878,40,145.340,372.661,255,8
1774767162849434,768117819,1113,68.142853,40,148.917,371.246,255,8
1774767162849480,768127743,1105,67.653061,40,152.086,369.959,255,8
1774767162859714,768137692,1097,67.163261,40,155.243,368.646,255,8
1774767162882033,768147620,1089,66.673470,41,162.348,376.488,255,8
1774767162882195,768157565,1081,66.183670,41,165.560,375.086,255,8
1774767162911777,768167494,1073,65.693878,41,168.761,373.657,255,8
1774767162911932,768177449,1065,65.204086,41,171.949,372.201,255,8
1774767162912010,768187377,1057,64.714287,41,175.124,370.718,255,8
1774767162947322,768197324,1049,64.224495,41,178.287,369.207,255,8
1774767162947427,768207250,1041,63.734695,41,181.437,367.669,255,8
1774767162947470,768217197,1033,63.244896,41,184.573,366.105,255,8
1774767162947547,768227126,1025,62.755104,41,187.696,364.514,255,8
1774767162977815,768237078,1016,62.204079,41,191.193,362.692,255,8
1774767162977938,768247003,1008,61.714287,41,194.286,361.044,255,8
1774767162977979,768256958,999,61.163265,41,197.749,359.159,255,8
1774767163008182,768266886,991,60.673466,41,200.812,357.455,255,8
1774767163008317,768276839,983,60.183674,42,208.833,364.402,255,8
1774767163008393,768286763,974,59.632652,42,212.328,362.377,255,8
1774767163041402,768296707,965,59.081635,42,215.803,360.318,255,8
1774767163041569,768306638,957,58.591835,42,218.875,358.460,255,8
1774767163041614,768316589,948,58.040813,42,222.312,356.339,255,8
1774767163051685,768326518,940,57.551022,42,225.350,354.425,255,8
1774767163078088,768336474,931,57.000000,42,228.748,352.242,255,8
1774767163078240,768346403,923,56.510208,42,231.751,350.273,255,8
1774767163078310,768356363,914,55.959183,42,235.109,348.028,255,8
1774767163105912,768366291,906,55.469387,43,243.744,354.244,255,8
1774767163106117,768376247,897,54.918369,43,247.139,351.884,255,8
1774767163106171,768386175,889,54.428570,43,250.139,349.758,255,8
1774767163134077,768396120,880,53.877548,43,253.491,347.336,255,8
1774767163134202,768406054,872,53.387756,43,256.450,345.157,255,8
1774767163134267,768416004,863,52.836735,43,259.758,342.674,255,8
1774767163168626,768425933,855,52.346939,44,268.787,348.359,255,8
1774767163169073,768435883,847,51.857143,44,271.755,346.048,255,8
1774767163169167,768445812,838,51.306122,44,275.070,343.419,255,8
1774767163206560,768455755,830,50.816326,44,277.996,341.055,255,8
1774767163210414,768465689,821,50.265305,44,281.263,338.366,255,8
1774767163210594,768475637,813,49.775513,44,284.145,335.949,255,8
1774767163210695,768485569,805,49.285713,44,287.006,333.508,255,8
1774767163244460,768495522,796,48.734692,44,290.201,330.732,255,8
1774767163244624,768505449,788,48.244900,45,299.677,335.699,255,8
1774767163244695,768515403,779,47.693878,45,302.891,332.802,255,8
1774767163244749,768525322,771,47.204082,45,305.725,330.200,255,8
1774767163268796,768535278,763,46.714287,45,308.537,327.575,255,8
1774767163269216,768545211,754,46.163261,45,311.673,324.592,255,8
1774767163299696,768555162,746,45.673470,45,314.436,321.916,255,8
1774767163299830,768565086,738,45.183674,46,324.225,326.310,255,8
1774767163299896,768575040,729,44.632652,46,327.348,323.177,255,8
1774767163333186,768584967,721,44.142857,46,330.099,320.367,255,8
1774767163333323,768594925,713,43.653061,46,332.825,317.533,255,8
1774767163333502,768604855,705,43.163265,46,335.527,314.677,255,8
1774767163333602,768614811,696,42.612244,46,338.538,311.435,255,8
1774767163363349,768624735,688,42.122448,47,348.605,315.237,255,8
1774767163363505,768634693,680,41.632652,47,351.287,312.246,255,8
1774767163363572,768644623,671,41.081635,47,354.274,308.853,255,8
1774767163393325,768654577,663,40.591839,47,356.901,305.813,255,8
1774767163393488,768664513,655,40.102039,47,359.502,302.751,255,8
1774767163393558,768674466,646,39.551022,48,370.108,305.647,255,8
1774767163404120,768684399,638,39.061226,48,372.707,302.472,255,8
1774767163435685,768694358,630,38.571430,48,375.279,299.275,255,8
1774767163436151,768704286,622,38.081635,48,377.824,296.056,255,8
1774767163436368,768714249,613,37.530613,49,388.584,298.501,255,8
1774767163467367,768724179,605,37.040817,49,391.121,295.168,255,8
1774767163467590,768734136,597,36.551022,49,393.630,291.814,255,8
1774767163467652,768744068,589,36.061226,49,396.110,288.438,255,8
1774767163498902,768754019,581,35.571430,50,406.695,290.859,255,8
1774767163499136,768763948,572,35.020409,51,417.663,292.673,255,8
1774767163499206,768773903,564,34.530613,51,420.150,289.092,255,8
1774767163531148,768783833,556,34.040817,51,422.606,285.490,255,8
1774767163531338,768793790,548,33.551022,52,433.365,287.393,255,8
1774767163531403,768803718,539,33.000000,52,436.109,283.212,255,8
1774767163531554,768813670,531,32.510204,53,446.947,284.848,255,8
1774767163566067,768823598,523,32.020409,53,449.365,281.017,255,8
1774767163567858,768833551,515,31.530611,54,460.275,282.395,255,8
1774767163567967,768843474,507,31.040815,54,462.672,278.450,255,8
1774767163622667,768853423,499,30.551020,55,473.647,279.568,255,8
1774767163624466,768863353,490,30.000000,56,484.974,280.000,255,8
1774767163624583,768873311,482,29.510206,57,496.053,280.770,255,8
1774767163624622,768883240,474,29.020407,58,507.179,281.370,255,8
1774767163624696,768893203,466,28.530611,59,518.352,281.801,255,8
1774767163624742,768903136,458,28.040815,63,556.046,296.163,255,8
1774767163686119,768913086,449,27.489796,66,585.481,304.650,255,8
1774767163688159,768923011,441,27.000002,69,614.794,313.253,255,8
1774767163688306,768932961,433,26.510202,70,626.398,312.450,255,8
1774767163688353,768942882,425,26.020407,69,620.060,302.697,255,8
1774767163688449,768952836,417,25.530611,69,622.625,297.385,255,8
1774767163688482,768962757,409,25.040817,69,625.144,292.052,255,8
1774767163688543,768972713,401,24.551022,69,627.618,286.697,255,8
1774767163730650,768982647,393,24.061226,69,630.046,281.322,255,8
1774767163730875,768992599,385,23.571430,68,623.262,271.927,255,8
1774767163730947,769001538,377,23.081631,68,625.564,266.589,255,8
1774767163731002,769012488,369,22.591837,68,627.820,261.231,255,8
1774767163737817,769022417,361,22.102041,68,630.030,255.855,255,8
1774767163772935,769032366,352,21.551022,68,632.462,249.784,255,8
1774767163773172,769042294,344,21.061224,68,634.574,244.368,255,8
1774767163773216,769052245,336,20.571428,67,627.277,235.421,255,8
1774767163807086,769062163,328,20.081633,67,629.267,230.050,255,8
1774767163807284,769072119,320,19.591837,67,631.211,224.663,255,8
1774767163807332,769082044,312,19.102041,67,633.108,219.259,255,8
1774767163807367,769091993,304,18.612246,67,634.959,213.838,255,8
1774767163846840,769101926,296,18.122448,66,627.260,205.292,255,8
1774767163847011,769111877,288,17.632652,66,628.992,199.923,255,8
1774767163847075,769121801,280,17.142857,66,630.678,194.538,255,8
1774767163847129,769131745,272,16.653061,66,632.318,189.140,255,8
1774767163906755,769141670,264,16.163265,65,624.307,180.944,255,8
1774767163908254,769151614,256,15.673470,65,625.831,175.601,255,8
1774767163908402,769161544,248,15.183674,65,627.309,170.244,255,8
1774767163908463,769171496,240,14.693877,65,628.742,164.875,255,8
1774767163908519,769181423,232,14.204082,64,620.434,157.041,255,8
1774767163908575,769191381,224,13.714286,64,621.754,151.731,255,8
1774767163940193,769201311,216,13.224489,64,623.028,146.411,255,8
1774767163942094,769211261,208,12.734694,64,624.257,141.080,255,8
1774767163942191,769221196,200,12.244899,64,625.440,135.738,255,8
1774767163973716,769231147,192,11.755101,64,626.577,130.387,255,8
1774767163973931,769241072,184,11.265306,63,617.862,123.072,255,8
1774767163974161,769251026,176,10.775511,63,618.891,117.786,255,8
1774767164006550,769260947,168,10.285714,63,619.876,112.491,255,8
1774767164006691,769270910,160,9.795918,63,620.815,107.188,255,8
1774767164006761,769280837,152,9.306123,63,621.708,101.877,255,8
1774767164006820,769290786,144,8.816326,62,612.675,95.026,255,8
1774767164034725,769300705,136,8.326530,62,613.464,89.785,255,8
1774767164034947,769310657,130,7.959184,62,614.028,85.850,255,8
1774767164035014,769320584,127,7.775510,61,604.392,82.528,255,8
1774767164064487,769330531,125,7.653061,61,604.567,81.236,255,8
1774767164064628,769340456,126,7.714286,60,594.570,80.540,255,8
1774767164064701,769350407,126,7.714286,60,594.570,80.540,255,8
1774767164099137,769360329,126,7.714286,60,594.570,80.540,255,8
1774767164099379,769370279,126,7.714286,60,594.570,80.540,255,8
1774767164099431,769380205,126,7.714286,60,594.570,80.540,255,8
1774767164129511,769390153,126,7.714286,60,594.570,80.540,255,8
1774767164129651,769400085,126,7.714286,60,594.570,80.540,255,8
1774767164129720,769410041,127,7.775510,60,594.483,81.175,255,8
1774767164157131,769419973,128,7.836735,61,604.303,83.174,255,8
1774767164157284,769429933,130,7.959184,61,604.124,84.465,255,8
1774767164157328,769439862,132,8.081633,61,603.942,85.756,255,8
1774767164184387,769449812,134,8.204082,61,603.757,87.047,255,8
1774767164184513,769459741,137,8.387755,61,603.475,88.982,255,8
1774767164184577,769469698,140,8.571428,61,603.187,90.916,255,8
1774767164215573,769479626,143,8.755102,61,602.892,92.849,255,8
1774767164215689,769489582,147,9.000000,61,602.490,95.425,255,8
1774767164215729,769499513,150,9.183674,61,602.181,97.356,255,8
1774767164246052,769509465,153,9.367347,61,601.866,99.286,255,8
1774767164246184,769519397,157,9.612246,61,601.436,101.857,255,8
1774767164246223,769529357,161,9.857143,61,600.995,104.427,255,8
1774767164274366,769539289,165,10.102040,62,610.388,108.749,255,8
1774767164274536,769549243,169,10.346938,62,609.918,111.357,255,8
1774767164274605,769559172,173,10.591837,62,609.436,113.963,255,8
1774767164303953,769569127,177,10.836735,62,608.943,116.567,255,8
1774767164304112,769579055,181,11.081633,62,608.440,119.169,255,8
1774767164304178,769589009,185,11.326530,62,607.925,121.768,255,8
1774767164333004,769598932,189,11.571429,62,607.399,124.365,255,8
1774767164333129,769608885,193,11.816327,62,606.862,126.960,255,8
1774767164333192,769618812,197,12.061225,62,606.313,129.553,255,8
1774767164366314,769628763,202,12.367347,62,605.613,132.791,255,8
1774767164366451,769638691,206,12.612245,63,614.798,137.562,255,8
1774767164366513,769648641,210,12.857143,63,614.205,140.188,255,8
1774767164396287,769658565,215,13.163265,63,613.447,143.468,255,8
1774767164396436,769668511,219,13.408163,63,612.828,146.088,255,8
1774767164396621,769678436,224,13.714286,63,612.039,149.361,255,8
1774767164444968,769688391,229,14.020408,63,611.232,152.629,255,8
1774767164445174,769698319,233,14.265306,63,610.574,155.240,255,8
1774767164445247,769708266,238,14.571429,63,609.736,158.500,255,8
1774767164445306,769718193,243,14.877551,64,618.545,164.323,255,8
1774767164445368,769728150,247,15.122449,64,617.837,166.965,255,8
1774767164476732,769738085,252,15.428572,64,616.936,170.264,255,8
1774767164476926,769748035,257,15.734694,64,616.018,173.557,255,8
1774767164477082,769757967,262,16.040817,64,615.082,176.846,255,8
1774767164509711,769767917,267,16.346939,64,614.128,180.130,255,8
1774767164509858,769777840,272,16.653061,64,613.157,183.408,255,8
1774767164509925,769787804,277,16.959185,64,612.168,186.682,255,8
1774767164509983,769797737,283,17.326530,64,610.959,190.603,255,8
1774767164540870,769807688,288,17.632652,64,609.932,193.864,255,8
1774767164540997,769817617,293,17.938776,64,608.887,197.120,255,8
1774767164541060,769827572,299,18.306122,65,617.105,204.161,255,8
1774767164573757,769837505,304,18.612246,65,616.005,207.455,255,8
1774767164573877,769847458,309,18.918367,65,614.888,210.743,255,8
1774767164574051,769857384,315,19.285715,65,613.524,214.681,255,8
1774767164605070,769867332,321,19.653061,65,612.135,218.611,255,8
1774767164605215,769877257,326,19.959183,66,620.358,225.291,255,8
1774767164605280,769887210,332,20.326530,66,618.901,229.264,255,8
1774767164649440,769897143,337,20.632652,66,617.667,232.568,255,8
1774767164649738,769907091,343,21.000000,66,616.163,236.523,255,8
1774767164649850,769917017,349,21.367348,66,614.634,240.468,255,8
1774767164649929,769926965,355,21.734694,66,613.080,244.404,255,8
1774767164649987,769936892,361,22.102041,66,611.500,248.330,255,8
1774767164708870,769946839,367,22.469387,66,609.895,252.245,255,8
1774767164709023,769956767,373,22.836735,66,608.266,256.150,255,8
1774767164709103,769966716,379,23.204082,66,606.611,260.045,255,8
1774767164709162,769976639,385,23.571430,67,614.097,267.928,255,8
1774767164709217,769986585,391,23.938774,67,612.366,271.859,255,8
1774767164709272,769996515,397,24.306122,67,610.611,275.780,255,8
1774767164741718,770006466,403,24.673470,67,608.830,279.689,255,8
1774767164741877,770016387,410,25.102041,67,606.721,284.235,255,8
1774767164741949,770026342,416,25.469387,67,604.886,288.119,255,8
1774767164778622,770036263,423,25.897959,68,611.710,297.003,255,8
1774767164778758,770046209,429,26.265306,68,609.793,300.919,255,8
1774767164778912,770056133,435,26.632654,68,607.851,304.823,255,8
1774767164779064,770066082,442,27.061226,68,605.554,309.361,255,8
1774767164810984,770076002,449,27.489796,69,612.094,318.498,255,8
1774767164811125,770085950,456,27.918367,69,609.695,323.067,255,8
1774767164811198,770095873,462,28.285715,68,598.805,322.231,255,8
1774767164816520,770105825,469,28.714287,65,570.067,312.287,255,8
1774767164853976,770115752,476,29.142859,62,541.513,301.933,255,8
1774767164854104,770125700,483,29.571430,60,521.845,296.105,255,8
1774767164854449,770135624,490,30.000000,58,502.295,290.000,255,8
1774767164888147,770145571,497,30.428572,57,491.489,288.684,255,8
1774767164888273,770155495,504,30.857143,56,480.731,287.224,255,8
1774767164888355,770165452,511,31.285715,55,470.024,285.618,255,8
1774767164888419,770175377,518,31.714287,55,467.874,289.126,255,8
1774767164922290,770185323,525,32.142857,55,465.698,292.618,255,8
1774767164922440,770195256,533,32.632652,54,454.758,291.195,255,8
1774767164922508,770205212,540,33.061226,53,444.187,289.134,255,8
1774767164954749,770215139,547,33.489796,53,442.012,292.448,255,8
1774767164954888,770225091,555,33.979591,52,431.203,290.627,255,8
1774767164955260,770235014,562,34.408165,51,420.767,288.193,255,8
1774767164955357,770244966,569,34.836735,51,418.599,291.332,255,8
1774767164987570,770254889,577,35.326530,51,416.094,294.900,255,8
1774767164987746,770264832,585,35.816326,50,405.449,292.594,255,8
1774767164987835,770274766,592,36.244896,50,403.249,295.619,255,8
1774767165023457,770284710,600,36.734695,49,392.693,293.074,255,8
1774767165023647,770294642,608,37.224491,49,390.173,296.420,255,8
1774767165023715,770304595,616,37.714287,49,387.625,299.745,255,8
1774767165023852,770314521,624,38.204082,48,377.190,296.863,255,8
1774767165059846,770324472,631,38.632652,48,374.959,299.676,255,8
1774767165059994,770334399,639,39.122448,48,372.384,302.870,255,8
1774767165060059,770344347,647,39.612244,48,369.781,306.043,255,8
1774767165094752,770354273,655,40.102039,48,367.151,309.192,255,8
1774767165094905,770364228,664,40.653061,47,356.574,306.194,255,8
1774767165095012,770374155,672,41.142857,47,353.944,309.231,255,8
1774767165095075,770384105,680,41.632652,47,351.287,312.246,255,8
1774767165149431,770394034,688,42.122448,47,348.605,315.237,255,8
1774767165149589,770403990,697,42.673470,47,345.557,318.575,255,8
1774767165149657,770413914,705,43.163265,47,342.821,321.517,255,8
1774767165149717,770423873,713,43.653061,46,332.825,317.533,255,8
1774767165149773,770433799,722,44.204082,46,329.756,320.719,255,8
1774767165183347,770443762,730,44.693878,46,327.002,323.527,255,8
1774767165183453,770453697,739,45.244896,46,323.876,326.656,255,8
1774767165183488,770463648,747,45.734695,46,321.072,329.413,255,8
1774767165183518,770473578,756,46.285717,46,317.889,332.486,255,8
1774767165221530,770483534,765,46.836735,45,307.836,328.233,255,8
1774767165221762,770493462,773,47.326530,45,305.019,330.853,255,8
1774767165221835,770503416,782,47.877548,45,301.823,333.771,255,8
1774767165221896,770513344,791,48.428570,45,298.599,336.658,255,8
1774767165258067,770523300,800,48.979595,44,288.784,331.969,255,8
1774767165258210,770533226,809,49.530609,44,285.578,334.731,255,8
1774767165258278,770543181,818,50.081635,44,282.346,337.462,255,8
1774767165295200,770553103,827,50.632656,44,279.088,340.162,255,8
1774767165295400,770563054,837,51.244896,44,275.437,343.125,255,8
1774767165295468,770572978,846,51.795918,44,272.124,345.758,255,8
1774767165295628,770582936,855,52.346939,44,268.787,348.359,255,8
1774767165330412,770592864,864,52.897957,44,265.424,350.927,255,8
1774767165330574,770602820,873,53.448978,43,256.082,345.431,255,8
1774767165330644,770612747,883,54.061226,43,252.376,348.147,255,8
1774767165330704,770622703,892,54.612244,43,249.016,350.558,255,8
1774767165368114,770632633,902,55.224491,43,245.256,353.199,255,8
1774767165368357,770642592,911,55.775513,42,236.223,347.273,255,8
1774767165368532,770652524,921,56.387753,42,232.499,349.777,255,8
1774767165433257,770662479,931,57.000000,42,228.748,352.242,255,8
1774767165433422,770672410,940,57.551022,42,225.350,354.425,255,8
1774767165433507,770682363,950,58.163269,42,221.550,356.813,255,8
1774767165433569,770692296,959,58.714287,42,218.109,358.927,255,8
1774767165433624,770702246,969,59.326530,42,214.261,361.237,255,8
1774767165433679,770712182,979,59.938778,41,205.379,354.851,255,8
1774767165433733,770722138,988,60.489796,41,201.957,356.810,255,8
1774767165468149,770732074,998,61.102039,41,198.133,358.948,255,8
1774767165468254,770742031,1007,61.653065,41,194.672,360.836,255,8
1774767165468293,770751962,1017,62.265305,41,190.805,362.896,255,8
1774767165506056,770761922,1027,62.877552,41,186.916,364.914,255,8
1774767165506197,770771858,1036,63.428574,41,183.398,366.695,255,8
1774767165506267,770781811,1046,64.040817,41,179.470,368.634,255,8
1774767165506326,770791737,1056,64.653061,41,175.520,370.530,255,8
1774767165510271,770801690,1065,65.204086,41,171.949,372.201,255,8
1774767165548559,770811614,1075,65.816330,41,167.962,374.017,255,8
1774767165548746,770821568,1085,66.428574,40,159.957,366.625,255,8
1774767165548796,770831498,1094,66.979591,40,156.424,368.146,255,8
1774767165548829,770841459,1104,67.591843,40,152.481,369.797,255,8
1774767165587310,770851387,1113,68.142853,40,148.917,371.246,255,8
1774767165587492,770861341,1123,68.755104,40,144.942,372.816,255,8
1774767165587536,770871268,1133,69.367348,40,140.950,374.344,255,8
1774767165587568,770881228,1142,69.918365,40,137.343,375.682,255,8
1774767165621899,770891160,1152,70.530609,40,133.321,377.128,255,8
1774767165622060,770901116,1161,71.081635,40,129.688,378.393,255,8
1774767165622146,770911047,1171,71.693878,40,125.638,379.757,255,8
1774767165664511,770921006,1181,72.306122,40,121.573,381.078,255,8
1774767165664670,770930936,1190,72.857147,40,117.902,382.229,255,8
1774767165664738,770940896,1200,73.469391,39,110.966,373.880,255,8
1774767165665122,770950828,1209,74.020409,39,107.365,374.930,255,8
1774767165735164,770960782,1219,74.632652,39,103.353,376.056,255,8
1774767165735278,770970715,1228,75.183678,40,102.288,386.700,255,8
1774767165735317,770980675,1238,75.795914,39,95.697,378.077,255,8
1774767165735392,770990603,1247,76.346939,39,92.056,378.980,255,8
1774767165735449,771000562,1257,76.959183,39,88.002,379.942,255,8
1774767165735491,771010491,1267,77.571426,39,83.937,380.860,255,8
1774767165735521,771020446,1276,78.122452,39,80.270,381.650,255,8
1774767165735570,771030374,1286,78.734695,39,76.187,382.486,255,8
1774767165776664,771040323,1295,79.285713,39,72.506,383.201,255,8
1774767165776797,771050257,1305,79.897957,39,68.407,383.954,255,8
1774767165776865,771060209,1314,80.448982,39,64.711,384.594,255,8
1774767165776927,771070129,1324,81.061218,39,60.598,385.263,255,8
1774767165839057,771080084,1333,81.612244,39,56.890,385.828,255,8
1774767165839190,771090023,1343,82.224487,39,52.764,386.414,255,8
1774767165839255,771099981,1353,82.836739,39,48.632,386.956,255,8
1774767165839312,771109904,1362,83.387756,39,44.908,387.406,255,8
1774767165839416,771119865,1371,83.938774,39,41.181,387.820,255,8
1774767165839476,771129794,1381,84.551025,39,37.034,388.238,255,8
1774767165877279,771139751,1391,85.163261,39,32.884,388.611,255,8
1774767165877642,771149678,1400,85.714287,39,29.145,388.909,255,8
1774767165877761,771159632,1410,86.326530,39,24.987,389.199,255,8
1774767165877826,771169565,1419,86.877548,39,21.243,389.421,255,8
1774767165916894,771179522,1429,87.489792,39,17.081,389.626,255,8
1774767165917038,771189448,1438,88.040817,39,13.333,389.772,255,8
1774767165917108,771199404,1448,88.653061,40,9.403,399.889,255,8
1774767165917169,771209324,1457,89.204079,40,5.556,399.961,255,8
1774767165956403,771219283,1467,89.816330,40,1.282,399.998,255,8
1774767165956564,771229210,1476,90.367348,40,-2.565,399.992,255,8
1774767165956631,771239170,1486,90.979599,40,-6.839,399.942,255,8
1774767165956687,771249101,1495,91.530609,40,-10.684,399.857,255,8
1774767166001978,771259054,1505,92.142860,40,-14.957,399.720,255,8
1774767166002155,771268990,1514,92.693878,40,-18.800,399.558,255,8
1774767166002218,771278947,1524,93.306122,40,-23.068,399.334,255,8
1774767166002275,771288876,1533,93.857147,41,-27.580,409.071,255,8
1774767166043911,771298831,1543,94.469383,42,-32.729,418.723,255,8
1774767166044042,771308762,1552,95.020409,42,-36.754,418.389,255,8
1774767166044107,771318712,1561,95.571434,42,-40.776,418.016,255,8
1774767166044165,771328638,1571,96.183670,42,-45.241,417.556,255,8
1774767166044222,771338594,1580,96.734695,42,-49.254,417.102,255,8
1774767166081318,771348525,1590,97.346939,44,-56.266,436.388,255,8
1774767166081488,771358478,1599,97.897957,42,-57.712,416.016,255,8
1774767166081555,771368410,1609,98.510208,39,-57.714,385.706,255,8
1774767166119843,771378361,1618,99.061218,38,-59.846,375.258,255,8
1774767166120007,771388296,1628,99.673470,38,-63.853,374.597,255,8
1774767166120079,771398248,1637,100.224495,38,-67.452,373.966,255,8
1774767166120138,771408180,1647,100.836739,38,-71.444,373.223,255,8
1774767166161528,771418132,1656,101.387756,38,-75.030,372.519,255,8
1774767166161670,771428058,1665,101.938782,38,-78.609,371.780,255,8
1774767166161732,771438011,1675,102.551025,38,-82.577,370.919,255,8
1774767166161790,771447942,1684,103.102043,39,-88.408,379.847,255,8
1774767166161846,771457897,1693,103.653069,39,-92.056,378.980,255,8
1774767166234728,771467828,1703,104.265305,38,-93.637,368.283,255,8
1774767166234906,771477782,1712,104.816330,38,-97.174,367.365,255,8
1774767166234973,771487714,1722,105.428574,38,-101.094,366.306,255,8
1774767166235034,771497675,1731,105.979591,43,-118.377,413.385,255,8
1774767166235091,771507606,1741,106.591835,45,-128.498,431.263,255,8
1774767166235146,771517560,1750,107.142853,45,-132.640,430.008,255,8
1774767166235201,771527487,1759,107.693878,45,-136.769,428.712,255,8
1774767166277627,771537438,1769,108.306122,45,-141.342,427.226,255,8
1774767166277780,771547371,1778,108.857140,45,-145.444,425.847,255,8
1774767166277846,771557324,1787,109.408165,45,-149.533,424.429,255,8
1774767166277906,771567255,1797,110.020409,45,-154.060,422.807,255,8
1774767166320823,771577208,1806,110.571426,45,-158.119,421.306,255,8
1774767166320926,771587140,1815,111.122452,45,-162.163,419.766,255,8
1774767166320962,771597091,1825,111.734688,45,-166.639,418.009,255,8
1774767166320992,771607015,1834,112.285713,45,-170.651,416.387,255,8
1774767166321020,771616970,1844,112.897957,45,-175.091,414.540,255,8
1774767166359827,771626895,1853,113.448975,45,-179.069,412.837,255,8
1774767166359997,771636851,1863,114.061226,46,-187.548,420.031,255,8
1774767166360066,771646783,1872,114.612236,46,-191.578,418.208,255,8
1774767166360124,771656731,1882,115.224495,46,-196.036,416.137,255,8
1774767166451142,771666654,1891,115.775513,46,-200.029,414.232,255,8
1774767166451286,771676607,1901,116.387756,46,-204.444,412.071,255,8
1774767166451364,771686535,1910,116.938774,46,-208.398,410.086,255,8
1774767166451443,771696489,1919,117.489799,47,-216.948,416.934,255,8
1774767166451498,771706421,1929,118.102043,47,-221.390,414.592,255,8
1774767166451552,771716376,1939,118.714279,47,-225.808,412.202,255,8
1774767166451606,771726309,1948,119.265305,47,-229.762,410.012,255,8
1774767166451673,771736265,1957,119.816322,47,-233.694,407.783,255,8
1774767166451728,771746196,1967,120.428566,47,-238.038,405.263,255,8
1774767166532418,771756153,1976,120.979591,47,-241.924,402.955,255,8
1774767166532517,771766083,1986,121.591843,47,-246.216,400.347,255,8
1774767166532553,771776040,1995,122.142853,47,-250.055,397.960,255,8
1774767166532583,771785978,2005,122.755104,47,-254.293,395.266,255,8
1774767166532612,771795921,2014,123.306129,47,-258.083,392.802,255,8
1774767166532638,771805859,2024,123.918365,47,-262.265,390.022,255,8
1774767166532664,771815815,2033,124.469391,48,-271.664,395.726,255,8
1774767166532688,771825748,2043,125.081635,48,-275.877,392.800,255,8
1774767166537465,771835704,2052,125.632652,48,-279.641,390.129,255,8
1774767166579631,771845631,2061,126.183678,48,-283.380,387.422,255,8
1774767166579788,771855591,2071,126.795914,48,-287.504,384.372,255,8
1774767166579855,771865518,2080,127.346939,48,-291.187,381.589,255,8
1774767166579914,771875478,2089,127.897964,49,-300.986,386.662,255,8
1774767166620593,771885407,2099,128.510208,49,-305.100,383.424,255,8
1774767166620717,771895361,2108,129.061218,49,-308.774,380.472,255,8
1774767166620785,771905292,2118,129.673462,49,-312.822,377.151,255,8
1774767166620843,771915248,2127,130.224487,49,-316.434,374.125,255,8
1774767166700155,771925176,2137,130.836746,50,-326.953,378.288,255,8
1774767166700490,771935132,2146,131.387756,50,-330.576,375.126,255,8
1774767166700554,771945062,2155,131.938766,50,-334.168,371.930,255,8
1774767166700586,771955019,2165,132.551025,50,-338.123,368.338,255,8
1774767166700616,771964949,2174,133.102036,51,-348.483,372.370,255,8
1774767166700642,771974903,2183,133.653061,51,-352.048,369.002,255,8
1774767166700668,771984829,2193,134.265305,51,-355.971,365.219,255,8
1774767166700693,771994782,2202,134.816315,51,-359.466,361.779,255,8
1774767166745276,772004711,2211,135.367340,52,-370.045,365.331,255,8
1774767166745423,772014667,2221,135.979599,52,-373.928,361.356,255,8
1774767166745494,772024596,2230,136.530609,52,-377.386,357.743,255,8
1774767166745557,772034556,2240,137.142853,51,-373.856,346.888,255,8
1774767166745616,772044487,2249,137.693878,51,-377.175,343.277,255,8
1774767166787374,772054450,2258,138.244888,51,-380.459,339.634,255,8
1774767166787487,772064385,2268,138.857147,51,-384.066,335.549,255,8
1774767166787526,772074345,2277,139.408173,50,-379.682,325.333,255,8
1774767166787558,772084281,2286,139.959183,50,-382.793,321.667,255,8
1774767166869110,772094238,2296,140.571426,50,-386.208,317.558,255,8
1774767166869237,772104162,2305,141.122452,49,-381.460,307.552,255,8
1774767166869313,772114122,2314,141.673462,49,-384.400,303.870,255,8
1774767166869385,772124054,2324,142.285721,49,-387.625,299.745,255,8
1774767166869446,772134009,2333,142.836746,48,-382.520,289.962,255,8
1774767166869503,772143941,2342,143.387756,48,-385.291,286.270,255,8
1774767166869559,772153901,2351,143.938766,48,-388.026,282.552,255,8
1774767166869614,772163837,2361,144.551025,48,-391.024,278.389,255,8
1774767166875738,772173789,2370,145.102036,47,-385.481,268.895,255,8
1774767166921023,772183728,2379,145.653061,47,-388.049,265.175,255,8
1774767166921153,772193688,2389,146.265305,47,-390.860,261.014,255,8
1774767166921217,772203618,2398,146.816315,46,-384.983,251.769,255,8
1774767166921274,772213570,2407,147.367340,46,-387.387,248.055,255,8
1774767167039342,772223512,2417,147.979599,46,-390.015,243.902,255,8
1774767167039490,772233470,2426,148.530609,46,-392.343,240.140,255,8
1774767167039641,772243403,2435,149.081635,45,-386.055,231.217,255,8
1774767167039800,772253364,2445,149.693878,45,-388.504,227.079,255,8
1774767167039914,772263285,2454,150.244888,45,-390.670,223.332,255,8
1774767167039982,772273245,2463,150.795914,45,-392.799,219.565,255,8
1774767167040042,772283180,2472,151.346939,45,-394.893,215.777,255,8
1774767167040099,772293135,2481,151.897964,44,-388.128,207.259,255,8
1774767167040156,772303064,2491,152.510208,45,-399.192,207.716,255,8
1774767167040226,772313015,2500,153.061218,45,-401.171,203.867,255,8
1774767167040282,772322951,2509,153.612244,45,-403.113,200.000,255,8
1774767167040349,772332909,2519,154.224487,45,-405.227,195.681,255,8
1774767167043944,772342835,2528,154.775513,46,-416.137,196.036,255,8
1774767167086102,772352790,2537,155.326538,46,-418.003,192.025,255,8
1774767167086254,772362721,2546,155.877548,47,-428.957,192.083,255,8
1774767167086322,772372679,2556,156.489792,47,-430.985,187.489,255,8
1774767167086393,772382616,2565,157.040817,47,-432.768,183.335,255,8
1774767167128254,772392568,2574,157.591843,48,-443.756,182.977,255,8
1774767167128405,772402505,2583,158.142868,48,-445.495,178.701,255,8
1774767167128475,772412460,2592,158.693878,49,-456.510,178.042,255,8
1774767167128533,772422388,2602,159.306122,50,-467.741,176.687,255,8
1774767167170623,772432346,2611,159.857147,51,-478.807,175.625,255,8
1774767167170768,772442274,2620,160.408157,55,-518.158,184.425,255,8
1774767167170835,772452229,2629,160.959183,62,-586.078,202.270,255,8
1774767167170896,772462159,2638,161.510208,64,-606.963,202.967,255,8
1774767167170951,772472113,2647,162.061218,64,-608.887,197.120,255,8
1774767167260038,772482045,2657,162.673462,64,-610.959,190.603,255,8
1774767167260195,772492002,2666,163.224487,63,-603.189,181.832,255,8
1774767167260264,772501946,2675,163.775513,80,-768.139,223.521,255,8
1774767167260323,772511884,2684,164.326538,177,-1704.186,478.174,255,8
1774767167260384,772521814,2693,164.877548,217,-2094.854,566.116,255,8
1774767167260441,772531774,2702,165.428574,223,-2158.272,561.038,255,8
1774767167260495,772541712,2711,165.979584,225,-2182.971,545.102,255,8
1774767167260547,772551678,2720,166.530609,225,-2188.113,524.083,255,8
1774767167260600,772561614,2729,167.081635,225,-2193.052,503.016,255,8
1774767167308318,772571575,2738,167.632660,225,-2197.788,481.902,255,8
1774767167308516,772581511,2747,168.183685,224,-2192.532,458.695,255,8
1774767167308583,772591476,2756,168.734695,224,-2196.842,437.589,255,8
1774767167308642,772601412,2765,169.285706,223,-2191.123,414.583,255,8
1774767167308699,772611375,2774,169.836731,222,-2185.166,391.727,255,8
1774767167400807,772621309,2783,170.387756,222,-2188.832,370.694,255,8
1774767167400953,772631271,2792,170.938782,221,-2182.421,348.052,255,8
1774767167401142,772641210,2801,171.489792,221,-2185.667,327.048,255,8
1774767167401247,772651173,2809,171.979599,220,-2178.481,306.957,255,8
1774767167401311,772661109,2818,172.530609,220,-2181.332,285.992,255,8
1774767167401452,772671072,2827,173.081635,220,-2183.981,265.001,255,8
1774767167401539,772681010,2836,173.632645,219,-2176.490,242.877,255,8
1774767167401600,772690968,2845,174.183670,218,-2168.777,220.921,255,8
1774767167401656,772700903,2854,174.734695,209,-2081.181,191.794,255,8
1774767167453141,772710868,2863,175.285721,199,-1983.268,163.552,255,8
1774767167453293,772720799,2871,175.775513,192,-1914.784,141.436,255,8
1774767167453369,772730766,2881,176.387756,191,-1906.205,120.337,255,8
1774767167453428,772740701,2889,176.877548,191,-1907.164,104.038,255,8
1774767167453484,772750664,2898,177.428574,192,-1918.067,86.140,255,8
1774767167497397,772760601,2907,177.979584,193,-1928.800,68.043,255,8
1774767167497540,772770560,2916,178.530609,193,-1929.365,49.491,255,8
1774767167497609,772780491,2925,179.081635,193,-1929.752,30.934,255,8
1774767167497692,772790456,2934,179.632660,193,-1929.960,12.374,255,8
1774767167497749,772800385,2943,180.183685,193,-1929.990,-6.187,255,8
1774767167542114,772810345,2951,180.673477,193,-1929.867,-22.685,255,8
1774767167542254,772820278,2960,181.224487,188,-1879.571,-40.175,255,8
1774767167542325,772830236,2969,181.775513,177,-1769.150,-54.841,255,8
1774767167542410,772840167,2978,182.326523,170,-1698.599,-69.010,255,8
1774767167652832,772850128,2987,182.877563,178,-1777.756,-89.359,255,8
1774767167652978,772860061,2996,183.428574,183,-1826.725,-109.442,255,8
1774767167653047,772870021,3005,183.979584,183,-1825.588,-127.004,255,8
1774767167653107,772879951,3013,184.469391,177,-1764.618,-137.930,255,8
1774767167653181,772889905,3022,185.020416,168,-1673.555,-147.018,255,8
1774767167653236,772899823,3031,185.571426,153,-1522.772,-148.542,255,8
1774767167653290,772909785,3040,186.122452,137,-1362.186,-146.116,255,8
1774767167653352,772919708,3049,186.673462,124,-1231.598,-144.101,255,8
1774767167653406,772929673,3057,187.163254,121,-1200.556,-150.883,255,8
1774767167653530,772939608,3066,187.714294,130,-1288.235,-174.503,255,8
1774767167653593,772949563,3075,188.265305,144,-1425.043,-207.010,255,8
1774767167657638,772959491,3084,188.816330,154,-1521.804,-236.032,255,8
1774767167703453,772969450,3093,189.367340,159,-1568.798,-258.794,255,8
1774767167703611,772979381,3101,189.857147,157,-1546.823,-268.772,255,8
1774767167703765,772989345,3110,190.408173,153,-1504.825,-276.409,255,8
1774767167703878,772999272,3119,190.959183,149,-1462.827,-283.263,255,8
1774767167797441,773009232,3128,191.510193,137,-1342.448,-273.373,255,8
1774767167797577,773019163,3137,192.061234,121,-1183.289,-252.838,255,8
1774767167797640,773029132,3145,192.551025,133,-1298.217,-289.021,255,8
1774767167797719,773039064,3154,193.102036,161,-1568.088,-364.964,255,8
1774767167797774,773049017,3163,193.653061,176,-1710.267,-415.434,255,8
1774767167797829,773058950,3172,194.204071,180,-1744.970,-441.677,255,8
1774767167797883,773068901,3181,194.755112,180,-1740.642,-458.439,255,8
1774767167797935,773078831,3189,195.244904,179,-1727.011,-470.672,255,8
1774767167797989,773088787,3198,195.795914,179,-1722.405,-487.259,255,8
1774767167798043,773098722,3207,196.346954,178,-1708.043,-500.987,255,8
1774767167805346,773108679,3216,196.897964,178,-1703.147,-517.389,255,8
1774767167857678,773118612,3225,197.448975,178,-1698.092,-533.744,255,8
1774767167857942,773128574,3233,197.938782,178,-1693.467,-548.241,255,8
1774767167858016,773138510,3242,198.489792,178,-1688.117,-564.502,255,8
1774767167858075,773148468,3251,199.040802,178,-1682.610,-580.710,255,8
1774767167858132,773158402,3259,199.530624,177,-1668.159,-591.730,255,8
1774767167905741,773168354,3268,200.081635,160,-1502.727,-549.374,255,8
1774767167905908,773178283,3277,200.632645,106,-992.010,-373.517,255,8
1774767167905976,773188268,3286,201.183685,68,-634.050,-245.724,255,8
1774767167906037,773198193,3295,201.734695,55,-510.900,-203.670,255,8
1774767167906094,773208159,3303,202.224487,53,-490.626,-200.465,255,8
1774767167955505,773218090,3312,202.775513,52,-479.455,-201.303,255,8
1774767167955647,773228052,3321,203.326523,52,-477.497,-205.905,255,8
1774767167955741,773237988,3330,203.877563,51,-466.350,-206.440,255,8
1774767167955800,773247952,3339,204.428574,51,-464.344,-210.915,255,8
1774767167955857,773257882,3348,204.979584,50,-453.229,-211.148,255,8
1774767168010577,773267846,3357,205.530624,50,-451.178,-215.497,255,8
1774767168010738,773277771,3366,206.081635,50,-449.084,-219.826,255,8
1774767168010805,773287729,3374,206.571426,49,-438.245,-219.183,255,8
1774767168010839,773297655,3383,207.122452,49,-436.117,-223.388,255,8
1774767168010901,773307612,3392,207.673462,49,-433.948,-227.572,255,8
1774767168010956,773317545,3401,208.224503,49,-431.740,-231.735,255,8
1774767168059712,773327503,3410,208.775513,49,-429.491,-235.876,255,8
1774767168059899,773337436,3419,209.326523,48,-418.484,-235.097,255,8
1774767168059970,773347393,3428,209.877548,48,-416.204,-239.111,255,8
1774767168060031,773357319,3437,210.428574,49,-422.508,-248.167,255,8
1774767168107250,773367279,3445,210.918365,49,-420.371,-251.770,255,8
1774767168107390,773377203,3454,211.469391,49,-417.930,-255.801,255,8
1774767168107457,773387157,3463,212.020401,50,-423.930,-265.111,255,8
1774767168107515,773397090,3472,212.571442,51,-429.788,-274.559,255,8
1774767168107575,773407042,3481,213.122452,52,-435.502,-284.144,255,8
1774767168162365,773416978,3490,213.673462,53,-441.072,-293.863,255,8
1774767168162538,773426931,3499,214.224487,53,-438.225,-298.092,255,8
1774767168162612,773436866,3508,214.775513,54,-443.552,-307.996,255,8
1774767168162672,773446816,3517,215.326538,54,-440.570,-312.247,255,8
1774767168162749,773456746,3525,215.816330,55,-445.993,-321.854,255,8
1774767168162805,773466701,3534,216.367340,55,-442.878,-326.128,255,8
1774767168230529,773476627,3543,216.918381,55,-439.721,-330.372,255,8
1774767168230690,773486578,3552,217.469391,56,-444.460,-340.669,255,8
1774767168230758,773496507,3561,218.020401,56,-441.163,-344.928,255,8
1774767168230818,773506460,3570,218.571426,57,-445.644,-355.389,255,8
1774767168230874,773516388,3579,219.122437,58,-449.964,-365.968,255,8
1774767168230929,773526341,3587,219.612244,59,-454.522,-376.177,255,8
1774767168230986,773536266,3596,220.163269,61,-466.168,-393.430,255,8
1774767168280367,773546223,3605,220.714279,66,-500.261,-430.510,255,8
1774767168280534,773556149,3614,221.265320,68,-511.131,-448.492,255,8
1774767168280602,773566104,3623,221.816330,69,-514.247,-460.054,255,8
1774767168280661,773576031,3632,222.367340,69,-509.799,-464.978,255,8
1774767168280720,773585983,3641,222.918365,69,-505.304,-469.859,255,8
1774767168334198,773595908,3650,223.469376,69,-500.762,-474.697,255,8
1774767168335442,773605862,3659,224.020416,69,-496.174,-479.491,255,8
1774767168335559,773615794,3667,224.510208,69,-492.057,-483.715,255,8
1774767168335600,773625753,3676,225.061218,69,-487.382,-488.425,255,8
1774767168335635,773635681,3685,225.612259,68,-475.667,-485.943,255,8
1774767168382146,773645638,3694,226.163269,68,-470.972,-490.495,255,8
1774767168382369,773655566,3703,226.714294,67,-459.377,-487.722,255,8
1774767168382524,773665523,3712,227.265305,67,-454.665,-492.118,255,8
1774767168382566,773675453,3721,227.816315,67,-449.911,-496.467,255,8
1774767168382599,773685415,3730,228.367355,67,-445.116,-500.771,255,8
1774767168433628,773695348,3739,228.918365,67,-440.280,-505.029,255,8
1774767168433805,773705306,3747,229.408157,67,-435.946,-508.774,255,8
1774767168433858,773715244,3757,230.020416,68,-436.910,-521.066,255,8
1774767168433896,773725200,3765,230.510208,68,-432.440,-524.782,255,8
1774767168433929,773735126,3774,231.061234,69,-433.658,-536.694,255,8
1774767168481857,773745090,3783,231.612244,70,-434.686,-548.678,255,8
1774767168482023,773755021,3792,232.163254,70,-429.390,-552.833,255,8
1774767168482071,773764980,3801,232.714294,70,-424.053,-556.937,255,8
1774767168482107,773774905,3810,233.265305,70,-418.677,-560.990,255,8
1774767168482138,773784867,3819,233.816330,71,-419.167,-573.061,255,8
1774767168536150,773794797,3827,234.306122,71,-414.253,-576.624,255,8
1774767168536327,773804748,3837,234.918365,71,-408.068,-581.017,255,8
1774767168536422,773814672,3845,235.408173,72,-408.763,-592.716,255,8
1774767168536465,773824633,3854,235.959183,72,-403.044,-596.620,255,8
1774767168536501,773834562,3863,236.510193,72,-397.288,-600.468,255,8
1774767168536533,773844518,3872,237.061234,73,-396.932,-612.654,255,8
1774767168584894,773854452,3881,237.612244,73,-391.022,-616.443,255,8
1774767168585054,773864410,3890,238.163269,74,-390.350,-628.670,255,8
1774767168585205,773874337,3899,238.714279,74,-384.287,-632.395,255,8
1774767168585265,773884294,3908,239.265289,74,-378.187,-636.062,255,8
1774767168585305,773894224,3917,239.816330,74,-372.052,-639.669,255,8
1774767168633117,773904174,3925,240.306122,75,-371.524,-651.513,255,8
1774767168633293,773914106,3934,240.857132,77,-374.982,-672.524,255,8
1774767168633342,773924061,3943,241.408173,80,-382.853,-702.441,255,8
1774767168633379,773933988,3952,241.959183,84,-394.884,-741.395,255,8
1774767168687154,773943939,3961,242.510208,85,-392.352,-754.029,255,8
1774767168687300,773953869,3970,243.061218,87,-394.143,-775.597,255,8
1774767168687347,773963822,3979,243.612228,89,-395.555,-797.268,255,8
1774767168687381,773973746,3988,244.163269,89,-387.869,-801.035,255,8
1774767168687414,773983699,3997,244.714279,89,-380.148,-804.728,255,8
1774767168687446,773993624,4005,245.204071,89,-373.255,-807.948,255,8
1774767168735612,774003573,4014,245.755112,89,-365.467,-811.501,255,8
1774767168735765,774013503,4023,246.306122,89,-357.646,-814.978,255,8
1774767168735847,774023461,4032,246.857147,89,-349.792,-818.380,255,8
1774767168735908,774033390,4041,247.408157,90,-345.747,-830.938,255,8
1774767168735966,774043343,4050,247.959198,90,-337.740,-834.225,255,8
1774767168801491,774053276,4059,248.510208,91,-333.365,-846.739,255,8
1774767168801639,774063234,4068,249.061218,91,-325.207,-849.906,255,8
1774767168801710,774073160,4077,249.612244,92,-320.502,-862.368,255,8
1774767168801771,774083126,4085,250.102051,92,-313.118,-865.076,255,8
1774767168801830,774093056,4094,250.653061,92,-304.784,-868.047,255,8
1774767168801885,774103003,4103,251.204086,92,-296.422,-870.938,255,8
1774767168849080,774112945,4112,251.755096,96,-300.556,-911.738,255,8
1774767168849273,774122893,4121,252.306137,137,-416.385,-1305.191,255,8
1774767168849352,774132827,4130,252.857147,184,-542.349,-1758.254,255,8
1774767168849412,774142778,4139,253.408157,156,-445.461,-1495.047,255,8
1774767168849469,774152707,4147,253.897964,110,-305.084,-1056.846,255,8
1774767168900956,774162685,4156,254.448975,92,-246.649,-886.321,255,8
1774767168901087,774172612,4165,255.000000,84,-217.408,-811.378,255,8
1774767168901138,774182567,4173,255.489792,81,-202.948,-784.163,255,8
1774767168901171,774192495,4182,256.040833,79,-190.572,-766.670,255,8
1774767168901225,774202452,4191,256.591827,76,-176.234,-739.285,255,8
1774767168901282,774212383,4200,257.142853,74,-164.666,-721.447,255,8
1774767168950940,774222339,4209,257.693878,73,-155.588,-713.227,255,8
1774767168951085,774232261,4217,258.183655,72,-147.438,-704.742,255,8
1774767168951151,774242213,4226,258.734711,72,-140.653,-706.128,255,8
1774767168951208,774252134,4235,259.285706,72,-133.856,-707.448,255,8
1774767168951263,774262099,4244,259.836731,71,-125.282,-698.859,255,8
1774767168999960,774272027,4253,260.387756,71,-118.555,-700.032,255,8
1774767169000105,774281978,4262,260.938782,70,-110.243,-691.264,255,8
1774767169000168,774291909,4271,261.489807,70,-103.590,-692.293,255,8
1774767169000226,774301862,4279,261.979584,70,-97.668,-693.153,255,8
1774767169000284,774311786,4289,262.591858,70,-90.256,-694.157,255,8
1774767169048547,774321734,4297,263.081635,69,-83.114,-684.976,255,8
1774767169048772,774331668,4306,263.632660,69,-76.523,-685.744,255,8
1774767169049991,774341621,4315,264.183685,69,-69.924,-686.448,255,8
1774767169050079,774351547,4324,264.734680,69,-63.320,-687.088,255,8
1774767169050141,774361503,4333,265.285706,69,-56.709,-687.666,255,8
1774767169103993,774371432,4342,265.836731,69,-50.093,-688.179,255,8
1774767169104117,774381381,4351,266.387756,68,-42.843,-678.649,255,8
1774767169104263,774391303,4359,266.877533,68,-37.040,-678.990,255,8
1774767169104381,774401263,4368,267.428589,68,-30.508,-679.315,255,8
1774767169104443,774411188,4377,267.979584,68,-23.974,-679.577,255,8
1774767169153248,774421141,4386,268.530609,68,-17.437,-679.776,255,8
1774767169153420,774431067,4395,269.081635,68,-10.899,-679.913,255,8
1774767169153487,774441018,4404,269.632629,70,-4.488,-699.986,255,8
1774767169153545,774450943,4413,270.183685,72,2.308,-719.996,255,8
1774767169153602,774460898,4421,270.673462,73,8.580,-729.950,255,8
1774767169201392,774470823,4430,271.224487,73,15.600,-729.833,255,8
1774767169201540,774480779,4439,271.775513,71,21.998,-709.659,255,8
1774767169201606,774490706,4448,272.326538,68,27.604,-679.439,255,8
1774767169201666,774500659,4457,272.877563,66,33.133,-659.168,255,8
1774767169201723,774510590,4466,273.428558,66,39.471,-658.819,255,8
1774767169253544,774520544,4475,273.979584,65,45.111,-648.433,255,8
1774767169253725,774530479,4483,274.469391,65,50.652,-648.023,255,8
1774767169253790,774540428,4492,275.020416,64,56.007,-637.545,255,8
1774767169253852,774550368,4501,275.571411,64,62.135,-636.977,255,8
1774767169253907,774560324,4510,276.122467,64,68.259,-636.350,255,8
1774767169306033,774570255,4519,276.673462,64,74.375,-635.664,255,8
1774767169306163,774580207,4527,277.163269,64,79.806,-635.005,255,8
1774767169306307,774590124,4536,277.714294,63,84.567,-624.298,255,8
1774767169306451,774600079,4545,278.265289,63,90.567,-623.456,255,8
1774767169306530,774610021,4554,278.816345,63,96.559,-622.556,255,8
1774767169375576,774619981,4563,279.367340,62,100.913,-611.732,255,8
1774767169375724,774629916,4571,279.857147,62,106.139,-610.847,255,8
1774767169375795,774639873,4580,280.408173,61,110.202,-599.963,255,8
1774767169375835,774649807,4589,280.959198,61,115.967,-598.875,255,8
1774767169375893,774659765,4598,281.510193,61,121.721,-597.732,255,8
1774767169375936,774669700,4606,282.000000,61,126.826,-596.670,255,8
1774767169375971,774679656,4615,282.551025,60,130.385,-585.662,255,8
1774767169376027,774689596,4624,283.102020,59,133.745,-574.641,255,8
1774767169426556,774699557,4633,283.653076,59,139.265,-573.328,255,8
1774767169426668,774709488,4641,284.142853,60,146.604,-581.814,255,8
1774767169426707,774719444,4650,284.693878,68,172.485,-657.761,255,8
1774767169426781,774729376,4659,285.244904,81,212.986,-781.497,255,8
1774767169426837,774739335,4668,285.795929,83,225.936,-798.657,255,8
1774767169475382,774749272,4677,286.346954,84,236.421,-806.043,255,8
1774767169475531,774759231,4685,286.836731,84,243.302,-803.993,255,8
1774767169475601,774769160,4694,287.387756,85,254.011,-811.159,255,8
1774767169475662,774779120,4703,287.938782,86,264.881,-818.192,255,8
1774767169475721,774789053,4712,288.489807,86,272.737,-815.607,255,8
1774767169530007,774799013,4720,288.979584,86,279.699,-813.246,255,8
1774767169530150,774808939,4729,289.530609,86,287.507,-810.518,255,8
1774767169530216,774818904,4738,290.081635,85,291.855,-798.324,255,8
1774767169530276,774828835,4747,290.632660,86,303.043,-804.839,255,8
1774767169530346,774838793,4755,291.122437,86,309.911,-802.219,255,8
1774767169620830,774848725,4764,291.673462,85,313.919,-789.908,255,8
1774767169620980,774858685,4773,292.224487,86,325.283,-796.110,255,8
1774767169621145,774868617,4782,292.775513,86,332.925,-792.945,255,8
1774767169621326,774878581,4790,293.265320,86,339.691,-790.070,255,8
1774767169621422,774888516,4799,293.816315,86,347.273,-786.766,255,8
1774767169621482,774898472,4808,294.367340,86,354.823,-783.390,255,8
1774767169621539,774908408,4817,294.918365,85,358.128,-770.873,255,8
1774767169621595,774918367,4825,295.408173,83,356.123,-749.718,255,8
1774767169621651,774928298,4834,295.959198,77,337.053,-692.312,255,8
1774767169625939,774938257,4843,296.510193,70,312.450,-626.398,255,8
1774767169680184,774948190,4852,297.061218,59,268.416,-525.407,255,8
1774767169680317,774958149,4860,297.551025,49,226.644,-434.434,255,8
1774767169680395,774968081,4869,298.102051,44,207.259,-388.128,255,8
1774767169680455,774978036,4878,298.653046,43,206.187,-377.342,255,8
1774767169680514,774987967,4887,299.204071,43,209.806,-375.342,255,8
1774767169729892,774997925,4895,299.693878,44,217.961,-382.221,255,8
1774767169730058,775007857,4904,300.244904,44,221.627,-380.107,255,8
1774767169730126,775017814,4913,300.795929,45,230.392,-386.548,255,8
1774767169730186,775027741,4921,301.285706,45,233.688,-384.565,255,8
1774767169730244,775037700,4930,301.836731,46,242.650,-390.795,255,8
1774767169779300,775047629,4939,302.387756,46,246.397,-388.444,255,8
1774767169779457,775057591,4948,302.938782,46,250.122,-386.056,255,8
1774767169779524,775067522,4956,303.428558,46,253.413,-383.904,255,8
1774767169779582,775077480,4965,303.979584,47,262.682,-389.741,255,8
1774767169779638,775087413,4974,304.530609,48,272.086,-395.435,255,8
1774767169878583,775097372,4983,305.081635,49,281.624,-400.984,255,8
1774767169878750,775107305,4991,305.571442,49,285.042,-398.561,255,8
1774767169878817,775117267,5000,306.122437,49,288.861,-395.802,255,8
1774767169878873,775127201,5009,306.673492,49,292.655,-393.006,255,8
1774767169878929,775137165,5017,307.163269,50,302.044,-398.459,255,8
1774767169878985,775147106,5026,307.714294,53,324.214,-419.268,255,8
1774767169879040,775157062,5035,308.265320,55,340.617,-431.833,255,8
1774767169879097,775166997,5044,308.816315,58,363.559,-451.913,255,8
1774767169879152,775176959,5052,309.306122,60,380.078,-464.264,255,8
1774767169879222,775186897,5061,309.857147,62,397.343,-475.940,255,8
1774767169882713,775196852,5070,310.408173,62,401.902,-472.096,255,8
1774767169952776,775206790,5078,310.897949,64,419.017,-483.761,255,8
1774767169952924,775216755,5087,311.448975,66,436.889,-494.700,255,8
1774767169952992,775226697,5096,312.000000,67,448.318,-497.907,255,8
1774767169953058,775236659,5104,312.489807,67,452.558,-494.056,255,8
1774767169953116,775246585,5113,313.040802,68,464.113,-496.990,255,8
1774767169953171,775256552,5122,313.591827,70,482.661,-506.989,255,8
1774767169953228,775266487,5131,314.142853,71,494.479,-509.500,255,8
1774767170000931,775276441,5139,314.632629,73,512.868,-519.487,255,8
1774767170001066,775286379,5148,315.183685,74,524.934,-521.579,255,8
1774767170001137,775296333,5157,315.734680,74,529.925,-516.507,255,8
1774767170001197,775306268,5165,316.224487,74,534.321,-511.958,255,8
1774767170001256,775316224,5174,316.775513,74,539.220,-506.795,255,8
1774767170050612,775326158,5183,317.326538,76,558.774,-515.143,255,8
1774767170051576,775336116,5191,317.816315,77,570.567,-517.062,255,8
1774767170051704,775346050,5200,318.367340,76,568.039,-504.908,255,8
1774767170051766,775356005,5209,318.918365,76,572.868,-499.422,255,8
1774767170051823,775365946,5217,319.408142,76,577.116,-494.506,255,8
1774767170149937,775375909,5225,319.897949,76,581.323,-489.555,255,8
1774767170150231,775385843,5234,320.448975,75,578.293,-477.574,255,8
1774767170150317,775395799,5243,321.000000,75,582.859,-471.990,255,8
1774767170150382,775405726,5251,321.489777,74,579.048,-460.764,255,8
1774767170150437,775415683,5260,322.040833,74,583.452,-455.174,255,8
1774767170150491,775425618,5268,322.530609,73,579.385,-444.086,255,8
1774767170150543,775435572,5277,323.081635,73,583.629,-438.494,255,8
1774767170150594,775445507,5285,323.571442,72,579.310,-427.550,255,8
1774767170150646,775455470,5294,324.122437,72,583.395,-421.960,255,8
1774767170150697,775465401,5302,324.612244,71,578.829,-411.166,255,8
1774767170198518,775475359,5311,325.163269,71,582.756,-405.580,255,8
1774767170198825,775485293,5319,325.653076,71,586.202,-400.584,255,8
1774767170198903,775495250,5328,326.204071,70,581.717,-389.366,255,8
1774767170199005,775505182,5336,326.693878,70,585.024,-384.378,255,8
1774767170199065,775515139,5345,327.244904,68,571.874,-367.914,255,8
1774767170293253,775525071,5353,327.734711,64,541.175,-341.658,255,8
1774767170293406,775535029,5361,328.224487,57,484.567,-300.158,255,8
1774767170293476,775544959,5369,328.714294,63,538.391,-327.163,255,8
1774767170293612,775554912,5378,329.265289,67,575.894,-342.413,255,8
1774767170293744,775564839,5386,329.755096,67,578.800,-337.477,255,8
1774767170293815,775574790,5394,330.244904,67,581.664,-332.517,255,8
1774767170293877,775584718,5402,330.734711,67,584.485,-327.532,255,8
1774767170293933,775594667,5411,331.285706,67,587.608,-321.896,255,8
1774767170293988,775604593,5419,331.775513,66,581.527,-312.132,255,8
1774767170297723,775614536,5427,332.265320,66,584.174,-307.149,255,8
1774767170347512,775624461,5435,332.755096,65,577.888,-297.567,255,8
1774767170347664,775634414,5443,333.244904,65,580.410,-292.616,255,8
1774767170347730,775644343,5451,333.734680,65,582.890,-287.644,255,8
1774767170347874,775654295,5459,334.224487,66,594.333,-286.999,255,8
1774767170347931,775664225,5467,334.714294,67,605.807,-286.179,255,8
1774767170396282,775674181,5475,335.204071,65,590.075,-272.602,255,8
1774767170396428,775684109,5483,335.693878,64,583.270,-263.432,255,8
1774767170396495,775694082,5491,336.183685,64,585.501,-258.436,255,8
1774767170396553,775704016,5499,336.673462,64,587.688,-253.421,255,8
1774767170396607,775713978,5507,337.163269,63,580.617,-244.507,255,8
1774767170448192,775723909,5515,337.653046,63,582.686,-239.535,255,8
1774767170448496,775733869,5523,338.142853,63,584.712,-234.545,255,8
1774767170448627,775743813,5531,338.632629,63,586.696,-229.538,255,8
1774767170448693,775753774,5539,339.122467,63,588.637,-224.514,255,8
1774767170448752,775763705,5546,339.551025,62,580.930,-216.611,255,8
1774767170520139,775773664,5554,340.040833,62,582.760,-211.637,255,8
1774767170520273,775783597,5562,340.530609,62,584.548,-206.648,255,8
1774767170520352,775793556,5570,341.020416,62,586.293,-201.643,255,8
1774767170520417,775803485,5578,341.510193,62,587.996,-196.624,255,8
1774767170520559,775813443,5586,342.000000,61,580.144,-188.500,255,8
1774767170520672,775823373,5594,342.489777,61,581.735,-183.534,255,8
1774767170520735,775833329,5602,342.979584,61,583.282,-178.555,255,8
1774767170568770,775843259,5609,343.408142,61,584.602,-174.187,255,8
1774767170568919,775853218,5617,343.897980,61,586.069,-169.183,255,8
1774767170568988,775863150,5625,344.387756,61,587.494,-164.167,255,8
1774767170569046,775873113,5633,344.877563,60,579.222,-156.530,255,8
1774767170569104,775883053,5641,345.367340,60,580.539,-151.573,255,8
1774767170619278,775893014,5649,345.857147,60,581.814,-146.604,255,8
1774767170619480,775902949,5657,346.346924,60,583.046,-141.625,255,8
1774767170619549,775912906,5665,346.836731,60,584.235,-136.636,255,8
1774767170619612,775922833,5673,347.326538,60,585.382,-131.637,255,8
1774767170619673,775932794,5681,347.816345,60,586.486,-126.628,255,8
1774767170667833,775942726,5688,348.244904,60,587.416,-122.237,255,8
1774767170667995,775952690,5696,348.734711,59,578.633,-115.258,255,8
1774767170668064,775962625,5704,349.224487,59,579.597,-110.307,255,8
1774767170668126,775972588,5712,349.714294,59,580.518,-105.348,255,8
1774767170668185,775982521,5720,350.204071,59,581.398,-100.382,255,8
1774767170719320,775992488,5727,350.632660,59,582.132,-96.031,255,8
1774767170719467,776002422,5735,351.122437,59,582.932,-91.051,255,8
1774767170719561,776012380,5743,351.612244,58,573.796,-84.606,255,8
1774767170719624,776022311,5751,352.102020,58,574.498,-79.698,255,8
1774767170719683,776032262,5758,352.530609,58,575.078,-75.398,255,8
1774767170768741,776042196,5766,353.020386,56,555.850,-68.049,255,8
1774767170768868,776052145,5774,353.510223,57,566.347,-64.425,255,8
1774767170768935,776062084,5781,353.938751,57,566.813,-60.187,255,8
1774767170768994,776072040,5789,354.428589,57,567.307,-55.339,255,8
1774767170769052,776081970,5797,354.918365,58,577.720,-51.374,255,8
1774767170818818,776091921,5805,355.408173,58,578.138,-46.433,255,8
1774767170818959,776102000,5813,355.897949,58,578.514,-41.489,255,8
1774767170819025,776111816,5820,356.326538,58,578.808,-37.161,255,8
1774767170819083,776121752,5828,356.816315,59,589.089,-32.767,255,8
1774767170819138,776131706,5835,357.244904,59,589.318,-28.360,255,8
1774767170873266,776141635,5843,357.734680,59,589.539,-23.321,255,8
1774767170873417,776151594,5851,358.224487,59,589.717,-18.280,255,8
1774767170873482,776161528,5859,358.714264,59,589.851,-13.239,255,8
1774767170873542,776171484,5866,359.142853,59,589.934,-8.826,255,8
1774767170873599,776181415,5874,359.632629,59,589.988,-3.783,255,8
1774767170873634,776191374,2,0.122449,59,589.999,1.261,255,8
1774767170922888,776201307,9,0.551020,59,589.973,5.674,255,8
1774767170923032,776211263,17,1.040816,59,589.903,10.717,255,8
1774767170923075,776221198,25,1.530612,59,589.789,15.760,255,8
1774767170923107,776231143,32,1.959184,59,589.655,20.171,255,8
1774767170923135,776241073,40,2.448980,59,589.461,25.211,255,8
1774767170970765,776251026,48,2.938775,59,589.224,30.249,255,8
1774767170970932,776260948,55,3.367347,59,588.981,34.655,255,8
1774767170970998,776270907,63,3.857143,59,588.664,39.689,255,8
1774767170971059,776280828,71,4.346939,59,588.303,44.719,255,8
1774767170971115,776290784,79,4.836735,59,587.899,49.747,255,8
1774767171019949,776300720,86,5.265306,59,587.510,54.143,255,8
1774767171020081,776310669,94,5.755102,59,587.026,59.163,255,8
1774767171020149,776320596,102,6.244898,59,586.499,64.179,255,8
1774767171020210,776330551,109,6.673470,59,586.002,68.564,255,8
1774767171020270,776340476,117,7.163265,59,585.395,73.571,255,8
1774767171092619,776350427,125,7.653061,59,584.745,78.573,255,8
1774767171092764,776360358,132,8.081633,59,584.141,82.944,255,8
1774767171092845,776370311,140,8.571428,59,583.410,87.935,255,8
1774767171092909,776380238,147,9.000000,59,582.736,92.296,255,8
1774767171092968,776390197,155,9.489796,59,581.926,97.274,255,8
1774767171093024,776400126,163,9.979591,59,581.073,102.245,255,8
1774767171093080,776410084,169,10.346938,59,580.406,105.969,255,8
1774767171142582,776420012,172,10.530612,59,580.063,107.829,255,8
1774767171142763,776429967,174,10.653061,59,579.831,109.068,255,8
1774767171142956,776439901,174,10.653061,58,570.003,107.220,255,8
1774767171143059,776449859,174,10.653061,59,579.831,109.068,255,8
1774767171143123,776459789,174,10.653061,59,579.831,109.068,255,8
1774767171194388,776469744,174,10.653061,59,579.831,109.068,255,8
1774767171194579,776479672,174,10.653061,59,579.831,109.068,255,8
1774767171194648,776489635,174,10.653061,59,579.831,109.068,255,8
1774767171194705,776499561,174,10.653061,59,579.831,109.068,255,8
1774767171194762,776509518,173,10.591837,59,579.947,108.449,255,8
1774767171247111,776519450,172,10.530612,59,580.063,107.829,255,8
1774767171247242,776529408,171,10.469388,59,580.178,107.209,255,8
1774767171247310,776539336,170,10.408163,60,590.127,108.396,255,8
1774767171247383,776549296,169,10.346938,59,580.406,105.969,255,8
1774767171247441,776559230,167,10.224489,59,580.631,104.728,255,8
1774767171247497,776569184,164,10.040816,59,580.963,102.866,255,8
1774767171300748,776579118,161,9.857143,59,581.290,101.003,255,8
1774767171300875,776589074,158,9.673470,59,581.611,99.139,255,8
1774767171300941,776599007,155,9.489796,59,581.926,97.274,255,8
1774767171300998,776608959,152,9.306123,59,582.235,95.408,255,8
1774767171301054,776618895,149,9.122449,59,582.538,93.542,255,8
1774767171350888,776628847,145,8.877551,59,582.932,91.051,255,8
1774767171351032,776638777,142,8.693877,59,583.221,89.182,255,8
1774767171351102,776648733,138,8.448980,59,583.597,86.688,255,8
1774767171351163,776658664,134,8.204082,59,583.962,84.193,255,8
1774767171351219,776668622,131,8.020409,58,574.327,80.925,255,8
1774767171402043,776678553,126,7.714286,58,574.751,77.855,255,8
1774767171402172,776688507,123,7.530612,58,574.997,76.012,255,8
1774767171402238,776698446,119,7.285715,58,575.317,73.554,255,8
1774767171402295,776708401,114,6.979592,58,575.702,70.479,255,8
1774767171402362,776718335,110,6.734694,58,575.998,68.018,255,8
1774767171457738,776728291,106,6.489796,58,576.283,65.555,255,8
1774767171457860,776738224,101,6.183673,58,576.625,62.475,255,8
1774767171457923,776748184,97,5.938776,58,576.887,60.010,255,8
1774767171457989,776758114,93,5.693878,58,577.138,57.544,255,8
1774767171458045,776768077,88,5.387755,58,577.438,54.459,255,8
1774767171458102,776778014,84,5.142857,58,577.665,51.991,255,8
1774767171571458,776787972,79,4.836735,58,577.935,48.904,255,8
1774767171571609,776797911,75,4.591837,58,578.138,46.433,255,8
1774767171571676,776807875,70,4.285714,58,578.378,43.343,255,8
1774767171571735,776817816,65,3.979592,58,578.602,40.253,255,8
1774767171571791,776827769,60,3.673469,58,578.808,37.161,255,8
1774767171571833,776837705,56,3.428571,58,578.962,34.686,255,8
1774767171571863,776847663,51,3.122449,58,579.139,31.593,255,8
1774767171571892,776857597,46,2.816327,58,579.299,28.498,255,8
1774767171571943,776867559,41,2.510204,58,579.443,25.402,255,8
1774767171571996,776877496,36,2.204082,58,579.571,22.306,255,8
1774767171572050,776887453,31,1.897959,58,579.682,19.209,255,8
1774767171572083,776897390,25,1.530612,58,579.793,15.492,255,8
1774767171638090,776907347,20,1.224490,58,579.868,12.394,255,8
1774767171638282,776917286,15,0.918367,58,579.925,9.296,255,8
1774767171638435,776927245,10,0.612245,58,579.967,6.198,255,8
1774767171638547,776937182,4,0.244898,58,579.995,2.479,255,8
1774767171638611,776947135,5879,359.938782,58,580.000,-0.620,255,8
1774767171638672,776957068,5873,359.571411,58,579.984,-4.339,255,8
1774767171753384,776967024,5868,359.265320,58,579.952,-7.437,255,8
1774767171753535,776976952,5862,358.897949,58,579.893,-11.155,255,8
1774767171753607,776986905,5857,358.591827,59,589.822,-14.499,255,8
1774767171753681,776996842,5851,358.224487,58,579.722,-17.970,255,8
1774767171753740,777006797,5845,357.857147,58,579.594,-21.687,255,8
1774767171753797,777016727,5839,357.489807,59,589.434,-25.840,255,8
1774767171753853,777026683,5834,357.183685,59,589.287,-28.989,255,8
1774767171753907,777036618,5828,356.816315,59,589.089,-32.767,255,8
1774767171753962,777046578,5822,356.448975,59,588.867,-36.543,255,8
1774767171754021,777056510,5816,356.081635,59,588.621,-40.318,255,8
1774767171754077,777066466,5810,355.714294,59,588.350,-44.091,255,8
1774767171754132,777076400,5804,355.346954,59,588.055,-47.862,255,8
1774767171805667,777086354,5798,354.979584,59,587.737,-51.631,255,8
1774767171805817,777096290,5792,354.612244,59,587.393,-55.398,255,8
1774767171806002,777106247,5785,354.183685,60,596.911,-60.804,255,8
1774767171806105,777116177,5779,353.816315,59,586.567,-63.553,255,8
1774767171806168,777126134,5773,353.448975,57,566.278,-65.030,255,8
1774767171860016,777136063,5767,353.081635,56,555.923,-67.455,255,8
1774767171860144,777146022,5760,352.653076,56,555.402,-71.611,255,8
1774767171860206,777155955,5754,352.285706,57,564.841,-76.513,255,8
1774767171860264,777165911,5747,351.857147,57,564.253,-80.736,255,8
1774767171860323,777175844,5741,351.489807,58,573.614,-85.832,255,8
1774767171860404,777185798,5734,351.061218,58,572.956,-90.120,255,8
1774767171909006,777195731,5727,350.632660,58,572.266,-94.403,255,8
1774767171909154,777205695,5721,350.265289,59,581.505,-99.761,255,8
1774767171909221,777215634,5714,349.836731,60,590.585,-105.872,255,8
1774767171909282,777225589,5707,349.408173,60,589.777,-110.287,255,8
1774767171909371,777235512,5700,348.979584,60,588.935,-114.695,255,8
1774767171963412,777245477,5693,348.551025,60,588.061,-119.097,255,8
1774767171963563,777255409,5686,348.122437,60,587.154,-123.493,255,8
1774767171963633,777265371,5679,347.693878,60,586.214,-127.881,255,8
1774767171963692,777275302,5672,347.265289,60,585.241,-132.262,255,8
1774767171963750,777285259,5665,346.836731,60,584.235,-136.636,255,8
1774767172014040,777295193,5658,346.408142,61,592.917,-143.352,255,8
1774767172014177,777305145,5651,345.979614,61,591.828,-147.783,255,8
1774767172014255,777315083,5643,345.489777,61,590.543,-152.837,255,8
1774767172014316,777325029,5636,345.061218,61,589.383,-157.250,255,8
1774767172014385,777334972,5629,344.632660,61,588.190,-161.654,255,8
1774767172068190,777344920,5621,344.142853,61,586.787,-166.676,255,8
1774767172068326,777354851,5614,343.714294,62,595.123,-173.865,255,8
1774767172068402,777364807,5606,343.224487,62,593.615,-178.946,255,8
1774767172068462,777374730,5599,342.795929,62,592.260,-183.381,255,8
1774767172068521,777384683,5591,342.306122,62,590.670,-188.437,255,8
1774767172068576,777394615,5583,341.816315,62,589.038,-193.480,255,8
1774767172118860,777404571,5576,341.387756,62,587.574,-197.880,255,8
1774767172119015,777414510,5568,340.897949,62,585.861,-202.896,255,8
1774767172119087,777424469,5560,340.408173,62,584.105,-207.897,255,8
1774767172119144,777434401,5553,339.979584,63,591.930,-215.684,255,8
1774767172119199,777444360,5545,339.489777,63,590.064,-220.736,255,8
1774767172171584,777454287,5537,339.000000,63,588.156,-225.772,255,8
1774767172171733,777464249,5529,338.510193,63,586.204,-230.791,255,8
1774767172171802,777474178,5521,338.020416,64,593.483,-239.537,255,8
1774767172171863,777484139,5513,337.530609,64,591.414,-244.601,255,8
1774767172171919,777494068,5504,336.979584,64,589.034,-250.278,255,8
1774767172224001,777504023,5496,336.489807,64,586.873,-255.304,255,8
1774767172224172,777513963,5488,336.000000,64,584.669,-260.311,255,8
1774767172224244,777523916,5479,335.448975,64,582.139,-265.922,255,8
1774767172224308,777533845,5471,334.959167,64,579.844,-270.889,255,8
1774767172224371,777543803,5463,334.469391,65,586.531,-280.146,255,8
1774767172277866,777553730,5454,333.918365,65,583.810,-285.773,255,8
1774767172278016,777563680,5446,333.428589,66,590.289,-295.226,255,8
1774767172278097,777573610,5437,332.877533,66,587.423,-300.890,255,8
1774767172278159,777583572,5429,332.387756,67,593.690,-310.535,255,8
1774767172278215,777593497,5420,331.836731,67,590.676,-316.230,255,8
1774767172278269,777603465,5411,331.285706,67,587.608,-321.896,255,8
1774767172347021,777613393,5403,330.795929,65,567.377,-317.149,255,8
1774767172347155,777623354,5394,330.244904,66,572.982,-327.554,255,8
1774767172347219,777633284,5385,329.693878,66,569.805,-333.049,255,8
1774767172347262,777643247,5376,329.142853,66,566.576,-338.514,255,8
1774767172347315,777653179,5367,328.591858,67,571.829,-349.158,255,8
1774767172347381,777663134,5358,328.040802,67,568.445,-354.641,255,8
1774767172347439,777673066,5349,327.489807,67,565.008,-360.091,255,8
1774767172397957,777683023,5340,326.938782,67,561.519,-365.508,255,8
1774767172398086,777692955,5331,326.387756,60,499.682,-332.142,255,8
1774767172398153,777702912,5322,325.836731,58,479.916,-325.701,255,8
1774767172398212,777712843,5313,325.285706,66,542.521,-375.860,255,8
1774767172398268,777722802,5303,324.673462,69,562.950,-398.983,255,8
1774767172455863,777732738,5294,324.122437,70,567.190,-410.239,255,8
1774767172456023,777742697,5285,323.571442,70,563.219,-415.674,255,8
1774767172456090,777752634,5275,322.959198,71,566.727,-427.692,255,8
1774767172456151,777762598,5266,322.408142,71,562.587,-433.123,255,8
1774767172456208,777772532,5257,321.857147,72,566.261,-444.689,255,8
1774767172456263,777782491,5247,321.244904,72,561.477,-450.715,255,8
1774767172504855,777792426,5237,320.632660,73,564.360,-463.032,255,8
1774767172505020,777802388,5228,320.081635,73,559.880,-468.438,255,8
1774767172505110,777812323,5219,319.530609,74,562.957,-480.291,255,8
1774767172505177,777822292,5209,318.918365,74,557.793,-486.279,255,8
1774767172505237,777832229,5200,318.367340,75,560.565,-498.264,255,8
1774767172553995,777842189,5190,317.755096,76,562.611,-510.949,255,8
1774767172554153,777852128,5181,317.204102,76,557.672,-516.335,255,8
1774767172554219,777862089,5171,316.591827,76,552.122,-522.265,255,8
1774767172554277,777872030,5162,316.040833,76,547.074,-527.551,255,8
1774767172554394,777881997,5152,315.428589,78,555.654,-547.402,255,8
1774767172609793,777891936,5143,314.877533,78,550.363,-552.721,255,8
1774767172609955,777901900,5133,314.265320,78,544.426,-558.570,255,8
1774767172610022,777911837,5124,313.714264,78,539.029,-563.780,255,8
1774767172610080,777921807,5115,313.163269,76,519.901,-554.350,255,8
1774767172610139,777931740,5105,312.551025,75,507.185,-552.507,255,8
1774767172700479,777941712,5096,312.000000,73,488.465,-542.496,255,8
1774767172700640,777951651,5086,311.387756,73,482.641,-547.684,255,8
1774767172700711,777961611,5077,310.836731,72,470.812,-544.735,255,8
1774767172700771,777971551,5067,310.224487,73,471.422,-557.370,255,8
1774767172700829,777981512,5058,309.673462,74,472.424,-569.575,255,8
1774767172700885,777991446,5049,309.122437,74,466.925,-574.092,255,8
1774767172700942,778001404,5039,308.510223,74,460.764,-579.048,255,8
1774767172700997,778011337,5029,307.897949,73,448.408,-576.047,255,8
1774767172701050,778021299,5020,307.346924,73,442.847,-580.333,255,8
1774767172701105,778031227,5011,306.795929,73,437.246,-584.565,255,8
1774767172754142,778041195,5001,306.183655,73,430.974,-589.204,255,8
1774767172754296,778051131,4992,305.632660,73,425.288,-593.321,255,8
1774767172754374,778061090,4983,305.081635,72,413.815,-589.200,255,8
1774767172754435,778071028,4973,304.469391,70,396.176,-577.100,255,8
1774767172754493,778080992,4964,303.918365,67,373.867,-555.988,255,8
1774767172848550,778090929,4954,303.306122,61,334.958,-509.807,255,8
1774767172848702,778100893,4945,302.755096,59,319.219,-496.185,255,8
1774767172848921,778110832,4935,302.142853,59,313.899,-499.567,255,8
1774767172849035,778120789,4926,301.591827,59,309.080,-502.563,255,8
1774767172849117,778130723,4917,301.040833,58,299.076,-496.944,255,8
1774767172849153,778140684,4907,300.428558,58,293.749,-500.112,255,8
1774767172849181,778150621,4898,299.877563,55,273.982,-476.901,255,8
1774767172849223,778160584,4889,299.326508,53,259.587,-462.077,255,8
1774767172849250,778170521,4879,298.714294,53,254.634,-464.824,255,8
1774767172849275,778180477,4870,298.163269,52,245.433,-458.435,255,8
1774767172918439,778190420,4861,297.612244,51,236.378,-451.913,255,8
1774767172918590,778200389,4851,297.000000,51,231.535,-454.413,255,8
1774767172918659,778210329,4842,296.448975,48,213.792,-429.759,255,8
1774767172918717,778220296,4833,295.897949,46,200.914,-413.804,255,8
1774767172918775,778230234,4823,295.285706,45,192.210,-406.885,255,8
1774767172918832,778240201,4814,294.734680,44,184.103,-399.632,255,8
1774767172918890,778250140,4805,294.183685,44,180.252,-401.384,255,8
1774767172970377,778260101,4795,293.571411,46,183.950,-421.619,255,8
1774767172970536,778270044,4786,293.020416,61,238.546,-561.423,255,8
1774767172970601,778280010,4777,292.469391,77,294.286,-711.545,255,8
1774767172970659,778289951,4767,291.857147,81,301.558,-751.773,255,8
1774767172970715,778299912,4758,291.306122,84,305.215,-782.588,255,8
1774767173024873,778309852,4749,290.755096,84,297.674,-785.487,255,8
1774767173025036,778319814,4739,290.142853,85,292.708,-798.011,255,8
1774767173025105,778329750,4730,289.591827,85,285.020,-800.789,255,8
1774767173025164,778339715,4721,289.040802,84,274.043,-794.041,255,8
1774767173025221,778349649,4712,288.489807,84,266.394,-796.639,255,8
1774767173073545,778359609,4702,287.877533,84,257.866,-799.440,255,8
1774767173073686,778369550,4693,287.326538,84,250.166,-801.883,255,8
1774767173073868,778379509,4684,286.775513,83,239.557,-794.678,255,8
1774767173073998,778389448,4675,286.224487,84,234.697,-806.546,255,8
1774767173074065,778399409,4665,285.612244,84,226.066,-809.008,255,8
1774767173123210,778409347,4656,285.061218,84,218.275,-811.145,255,8
1774767173123316,778419303,4647,284.510223,84,210.464,-813.206,255,8
1774767173123352,778429229,4637,283.897949,84,201.762,-815.409,255,8
1774767173123382,778439197,4628,283.346924,84,193.911,-817.312,255,8
1774767173123412,778449133,4619,282.795929,83,183.828,-809.387,255,8
1774767173221014,778459093,4610,282.244904,82,173.914,-801.345,255,8
1774767173221163,778469035,4601,281.693878,79,160.119,-773.603,255,8
1774767173221229,778478999,4591,281.081635,68,130.701,-667.321,255,8
1774767173221287,778488935,4582,280.530609,60,109.656,-589.894,255,8
1774767173221353,778498895,4573,279.979584,58,100.512,-571.224,255,8
1774767173221410,778508829,4564,279.428558,58,95.014,-572.165,255,8
1774767173221470,778518796,4554,278.816345,59,90.428,-583.029,255,8
1774767173221526,778528730,4545,278.265289,60,86.254,-593.768,255,8
1774767173221581,778538694,4536,277.714294,60,80.540,-594.570,255,8
1774767173221622,778548632,4527,277.163269,61,76.065,-605.239,255,8
1774767173225387,778558591,4518,276.612244,61,70.241,-605.942,255,8
1774767173274270,778568527,4508,276.000000,61,63.762,-606.658,255,8
1774767173274439,778578484,4499,275.448975,62,58.875,-617.198,255,8
1774767173274504,778588426,4490,274.897949,62,52.936,-617.736,255,8
1774767173274560,778598387,4481,274.346924,62,46.993,-618.217,255,8
1774767173274616,778608325,4472,273.795929,62,41.046,-618.640,255,8
1774767173322709,778618287,4462,273.183685,63,34.988,-629.028,255,8
1774767173322852,778628223,4453,272.632660,63,28.937,-629.335,255,8
1774767173322919,778638178,4444,272.081635,63,22.884,-629.584,255,8
1774767173322955,778648111,4435,271.530609,64,17.095,-639.772,255,8
1774767173370326,778658071,4426,270.979584,64,10.942,-639.906,255,8
1774767173370494,778667997,4417,270.428589,65,4.862,-649.982,255,8
1774767173370564,778677955,4407,269.816315,65,-2.084,-649.997,255,8
1774767173370622,778687890,4398,269.265320,66,-8.463,-659.946,255,8
1774767173370677,778697851,4389,268.714264,67,-15.034,-669.831,255,8
1774767173466505,778707774,4380,268.163269,69,-22.116,-689.645,255,8
1774767173466736,778717731,4371,267.612244,72,-29.997,-719.375,255,8
1774767173466850,778727669,4361,267.000000,73,-38.205,-729.000,255,8
1774767173466915,778737616,4352,266.448975,72,-44.595,-718.618,255,8
1774767173466986,778747560,4343,265.897949,69,-49.358,-688.232,255,8
1774767173467042,778757522,4334,265.346954,68,-55.163,-677.759,255,8
1774767173467100,778767459,4325,264.795898,68,-61.679,-677.197,255,8
1774767173467158,778777419,4316,264.244904,68,-68.188,-676.573,255,8
1774767173467212,778787354,4307,263.693878,68,-74.692,-675.885,255,8
1774767173467267,778797308,4298,263.142853,68,-81.188,-675.136,255,8
1774767173539559,778807251,4289,262.591858,69,-88.966,-684.240,255,8
1774767173539707,778817214,4279,261.979584,69,-96.273,-683.251,255,8
1774767173539779,778827149,4270,261.428558,69,-102.839,-682.293,255,8
1774767173539838,778837112,4261,260.877563,69,-109.396,-681.273,255,8
1774767173539894,778847044,4252,260.326538,69,-115.943,-680.189,255,8
1774767173539949,778857002,4243,259.775513,69,-122.479,-679.043,255,8
1774767173540002,778866940,4234,259.224487,69,-129.003,-677.833,255,8
1774767173587296,778876896,4225,258.673462,70,-137.480,-686.367,255,8
1774767173587611,778886825,4216,258.122437,70,-144.075,-685.013,255,8
1774767173587712,778896790,4207,257.571442,70,-150.655,-683.596,255,8
1774767173587775,778906724,4197,256.959198,70,-157.951,-681.947,255,8
1774767173587832,778916682,4188,256.408142,71,-166.853,-690.116,255,8
1774767173639020,778926618,4179,255.857147,71,-173.482,-688.480,255,8
1774767173639175,778936575,4170,255.306122,72,-182.631,-696.452,255,8
1774767173639239,778946511,4161,254.755096,72,-189.321,-694.664,255,8
1774767173639299,778956472,4152,254.204086,73,-198.714,-702.433,255,8
1774767173639367,778966406,4143,253.653046,74,-208.275,-710.085,255,8
1774767173687510,778976371,4134,253.102036,75,-218.001,-717.618,255,8
1774767173687679,778986306,4125,252.551025,77,-230.889,-734.568,255,8
1774767173687752,778996263,4116,252.000000,80,-247.214,-760.845,255,8
1774767173687812,779006204,4107,251.448990,89,-283.152,-843.756,255,8
1774767173687869,779016149,4098,250.897949,105,-343.614,-992.184,255,8
1774767173737536,779026083,4089,250.346939,139,-467.490,-1309.027,255,8
1774767173737714,779036041,4080,249.795929,183,-632.018,-1717.397,255,8
1774767173737802,779045971,4071,249.244888,200,-708.749,-1870.207,255,8
1774767173737865,779055920,4062,248.693878,158,-574.094,-1472.011,255,8
1774767173737923,779065855,4053,248.142853,103,-383.463,-955.958,255,8
1774767173791811,779075833,4044,247.591843,96,-365.954,-887.512,255,8
1774767173791968,779085767,4035,247.040802,92,-358.869,-847.120,255,8
1774767173792036,779095724,4026,246.489792,92,-366.999,-843.630,255,8
1774767173792095,779105662,4017,245.938782,92,-375.095,-840.062,255,8
1774767173792151,779115622,4008,245.387756,92,-383.157,-836.415,255,8
1774767173792208,779125558,3999,244.836731,91,-386.931,-823.641,255,8
1774767173839229,779135519,3990,244.285706,90,-390.495,-810.872,255,8
1774767173839373,779145451,3981,243.734695,90,-398.275,-807.079,255,8
1774767173839413,779155413,3972,243.183685,89,-401.507,-794.287,255,8
1774767173839446,779165349,3963,242.632645,89,-409.128,-790.389,255,8
1774767173839477,779175311,3954,242.081635,89,-416.710,-786.418,255,8
1774767173888224,779185244,3945,241.530609,89,-424.253,-782.374,255,8
1774767173888384,779195202,3936,240.979599,89,-431.758,-778.258,255,8
1774767173888454,779205136,3927,240.428589,89,-439.222,-774.070,255,8
1774767173888512,779215092,3918,239.877548,89,-446.646,-769.810,255,8
1774767173888570,779225025,3909,239.326538,87,-443.826,-748.277,255,8
1774767173934594,779234984,3900,238.775497,85,-440.634,-726.871,255,8
1774767173934752,779244918,3891,238.224487,84,-442.338,-714.099,255,8
1774767173934823,779254871,3882,237.673462,80,-427.795,-676.011,255,8
1774767173934883,779264811,3873,237.122452,76,-412.563,-638.273,255,8
1774767174030898,779274770,3863,236.510193,75,-413.841,-625.488,255,8
1774767174031045,779284706,3855,236.020401,75,-419.173,-621.927,255,8
1774767174031112,779294668,3845,235.408173,74,-420.117,-609.181,255,8
1774767174031172,779304594,3837,234.918365,74,-425.310,-605.567,255,8
1774767174031241,779314548,3827,234.306122,74,-431.756,-600.988,255,8
1774767174031297,779324485,3818,233.755096,73,-431.604,-588.743,255,8
1774767174031360,779334448,3809,233.204086,73,-437.246,-584.565,255,8
1774767174031416,779344382,3800,232.653076,72,-436.781,-572.383,255,8
1774767174031472,779354343,3791,232.102036,72,-442.265,-568.156,255,8
1774767174031526,779364280,3782,231.551025,71,-441.490,-556.045,255,8
1774767174102268,779374242,3773,231.000000,71,-446.817,-551.774,255,8
1774767174102695,779384177,3764,230.448990,71,-452.103,-547.451,255,8
1774767174102780,779394139,3755,229.897949,71,-457.347,-543.078,255,8
1774767174102842,779404069,3746,229.346939,71,-462.549,-538.654,255,8
1774767174102900,779414028,3737,228.795929,70,-461.120,-526.658,255,8
1774767174102957,779423963,3728,228.244888,70,-466.164,-522.199,255,8
1774767174103014,779433921,3719,227.693878,70,-471.164,-517.691,255,8
1774767174151904,779443856,3710,227.142853,69,-469.319,-505.806,255,8
1774767174152105,779453812,3701,226.591843,68,-467.290,-494.004,255,8
1774767174152268,779463755,3691,225.979584,68,-472.542,-488.983,255,8
1774767174152545,779473711,3683,225.489792,67,-469.694,-477.794,255,8
1774767174152761,779483642,3673,224.877548,67,-474.773,-472.748,255,8
1774767174204701,779493601,3665,224.387741,67,-478.797,-468.672,255,8
1774767174204851,779503532,3655,223.775513,67,-483.778,-463.529,255,8
1774767174204917,779513489,3646,223.224487,67,-488.213,-458.855,255,8
1774767174204974,779523416,3637,222.673477,67,-492.603,-454.139,255,8
1774767174205028,779533381,3628,222.122437,68,-504.365,-456.088,255,8
1774767174205083,779543314,3619,221.571426,68,-508.728,-451.216,255,8
1774767174252860,779553272,3610,221.020416,69,-520.588,-452.866,255,8
1774767174253076,779563203,3601,220.469391,69,-524.919,-447.839,255,8
1774767174253148,779573163,3592,219.918365,69,-529.202,-442.770,255,8
1774767174253206,779583091,3583,219.367340,69,-533.436,-437.660,255,8
1774767174253264,779593049,3574,218.816330,69,-537.620,-432.510,255,8
1774767174300323,779602982,3565,218.265320,69,-541.754,-427.320,255,8
1774767174300469,779612943,3556,217.714279,69,-545.839,-422.090,255,8
1774767174300507,779622868,3547,217.163269,68,-541.904,-410.780,255,8
1774767174300538,779632833,3537,216.551025,64,-514.129,-381.145,255,8
1774767174395637,779642767,3529,216.061234,59,-476.949,-347.303,255,8
1774767174395815,779652723,3519,215.448975,58,-472.487,-336.387,255,8
1774767174395885,779662659,3510,214.897964,57,-467.498,-326.107,255,8
1774767174395944,779672614,3501,214.346924,57,-470.613,-321.595,255,8
1774767174396001,779682545,3492,213.795914,56,-465.374,-311.492,255,8
1774767174396055,779692507,3483,213.244904,56,-468.348,-307.003,255,8
1774767174396111,779702446,3474,212.693878,55,-462.863,-297.083,255,8
1774767174396163,779712403,3465,212.142868,55,-465.698,-292.618,255,8
1774767174396217,779722335,3456,211.591827,55,-468.491,-288.125,255,8
1774767174396269,779732292,3447,211.040817,54,-462.672,-278.450,255,8
1774767174451670,779742217,3438,210.489792,54,-465.329,-273.988,255,8
1774767174451816,779752185,3429,209.938782,53,-459.276,-264.509,255,8
1774767174451990,779762119,3419,209.326523,53,-462.077,-259.587,255,8
1774767174452094,779772080,3411,208.836731,52,-455.519,-250.804,255,8
1774767174452160,779782009,3401,208.224503,51,-449.362,-241.193,255,8
1774767174452217,779791969,3392,207.673462,50,-442.804,-232.216,255,8
1774767174504783,779801895,3383,207.122452,49,-436.117,-223.388,255,8
1774767174504909,779811855,3374,206.571426,49,-438.245,-219.183,255,8
1774767174504974,779821787,3365,206.020416,49,-440.333,-214.959,255,8
1774767174505033,779831745,3356,205.469376,49,-442.379,-210.714,255,8
1774767174505089,779841675,3347,204.918365,49,-444.385,-206.450,255,8
1774767174553574,779851631,3338,204.367355,49,-446.350,-202.167,255,8
1774767174553713,779861562,3329,203.816315,49,-448.274,-197.865,255,8
1774767174553787,779871521,3320,203.265305,49,-450.156,-193.545,255,8
1774767174553847,779881441,3311,202.714279,49,-451.997,-189.207,255,8
1774767174553922,779891404,3301,202.102051,49,-453.992,-184.366,255,8
1774767174600485,779901335,3292,201.551010,50,-465.045,-183.665,255,8
1774767174600626,779911292,3283,201.000000,50,-466.790,-179.184,255,8
1774767174600694,779921220,3274,200.448990,51,-477.862,-178.180,255,8
1774767174600755,779931184,3265,199.897949,51,-479.553,-173.576,255,8
1774767174600811,779941115,3256,199.346939,52,-490.636,-172.269,255,8
1774767174669059,779951074,3247,198.795914,52,-492.270,-167.543,255,8
1774767174669191,779961004,3238,198.244904,53,-503.355,-165.932,255,8
1774767174669258,779970962,3229,197.693863,60,-571.616,-182.359,255,8
1774767174669318,779980882,3220,197.142853,101,-965.129,-297.703,255,8
1774767174669389,779990847,3211,196.591843,152,-1456.712,-434.039,255,8
1774767174669447,780000779,3202,196.040817,172,-1653.032,-475.274,255,8
1774767174669502,780010742,3193,195.489807,173,-1667.163,-462.026,255,8
1774767174720882,780020674,3183,194.877548,174,-1681.670,-446.752,255,8
1774767174721052,780030634,3174,194.326538,174,-1685.888,-430.559,255,8
1774767174721120,780040569,3165,193.775497,174,-1689.951,-414.326,255,8
1774767174721181,780050529,3156,193.224487,174,-1693.857,-398.054,255,8
1774767174721239,780060462,3147,192.673462,174,-1697.607,-381.746,255,8
1774767174769344,780070423,3138,192.122452,176,-1720.754,-369.603,255,8
1774767174769508,780080358,3129,191.571442,175,-1714.432,-351.032,255,8
1774767174769576,780090321,3120,191.020401,176,-1727.544,-336.439,255,8
1774767174769663,780100253,3111,190.469391,180,-1770.034,-327.078,255,8
1774767174769721,780110208,3102,189.918365,180,-1773.097,-310.041,255,8
1774767174816315,780120141,3093,189.367340,169,-1667.464,-275.070,255,8
1774767174816458,780130093,3084,188.816330,146,-1442.750,-223.771,255,8
1774767174816523,780140027,3075,188.265305,125,-1237.016,-179.696,255,8
1774767174816580,780149995,3066,187.714294,135,-1337.782,-181.215,255,8
1774767174866169,780159925,3057,187.163254,147,-1458.526,-183.304,255,8
1774767174866320,780169895,3048,186.612244,152,-1509.889,-175.027,255,8
1774767174866361,780179831,3039,186.061234,157,-1561.223,-165.778,255,8
1774767174866441,780189794,3031,185.571426,158,-1572.536,-153.397,255,8
1774767174866497,780199730,3022,185.020416,152,-1514.169,-133.016,255,8
1774767174866553,780209687,3013,184.469391,142,-1415.682,-110.656,255,8
1774767174961372,780219611,3004,183.918365,128,-1277.008,-87.469,255,8
1774767174961521,780229584,2995,183.367355,120,-1197.928,-70.485,255,8
1774767174961670,780239503,2986,182.816315,120,-1198.551,-58.961,255,8
1774767174961863,780249466,2977,182.265305,128,-1279.000,-50.594,255,8
1774767174961960,780259396,2968,181.714294,145,-1449.351,-43.378,255,8
1774767174962031,780269352,2959,181.163269,162,-1619.666,-32.888,255,8
1774767174962251,780279285,2951,180.673477,175,-1749.879,-20.570,255,8
1774767174962458,780289249,2942,180.122452,182,-1819.996,-3.890,255,8
1774767174962525,780299185,2933,179.571426,184,-1839.949,13.763,255,8
1774767174967146,780309143,2924,179.020401,178,-1779.740,30.432,255,8
1774767175020622,780319080,2915,178.469391,171,-1709.390,45.676,255,8
1774767175020796,780329044,2906,177.918365,183,-1828.792,66.472,255,8
1774767175020865,780338981,2897,177.367340,191,-1907.984,87.731,255,8
1774767175020926,780348943,2889,176.877548,192,-1917.150,104.583,255,8
1774767175020988,780358876,2880,176.326538,193,-1926.035,123.655,255,8
1774767175071603,780368833,2871,175.775513,193,-1924.756,142.172,255,8
1774767175071771,780378763,2862,175.224487,193,-1923.300,160.676,255,8
1774767175071836,780388716,2853,174.673462,193,-1921.666,179.165,255,8
1774767175071894,780398650,2844,174.122452,192,-1909.907,196.613,255,8
1774767175071950,780408601,2835,173.571426,191,-1897.990,213.852,255,8
1774767175120212,780418529,2827,173.081635,190,-1886.166,228.865,255,8
1774767175120319,780428482,2818,172.530609,191,-1893.793,248.293,255,8
1774767175120399,780438413,2809,171.979599,193,-1911.122,269.285,255,8
1774767175120457,780448373,2800,171.428574,199,-1967.773,296.594,255,8
1774767175120527,780458307,2791,170.877548,212,-2093.186,336.115,255,8
1774767175173636,780468260,2782,170.326523,218,-2149.003,366.312,255,8
1774767175173789,780478189,2773,169.775513,219,-2155.222,388.737,255,8
1774767175173858,780488145,2765,169.285706,220,-2161.646,409.006,255,8
1774767175174145,780498072,2756,168.734695,220,-2157.613,429.775,255,8
1774767175174285,780508035,2747,168.183685,221,-2163.168,452.552,255,8
1774767175174400,780517968,2738,167.632660,221,-2158.716,473.335,255,8
1774767175244856,780527924,2729,167.081635,222,-2163.811,496.309,255,8
1774767175245026,780537859,2721,166.591843,222,-2159.489,514.788,255,8
1774767175245091,780547819,2712,166.040817,223,-2164.143,537.944,255,8
1774767175245166,780557757,2703,165.489792,223,-2158.870,558.732,255,8
1774767175245258,780567714,2694,164.938782,224,-2163.053,582.066,255,8
1774767175245315,780577640,2685,164.387756,224,-2157.355,602.841,255,8
1774767175245379,780587595,2677,163.897964,225,-2161.731,624.035,255,8
1774767175299629,780597533,2668,163.346939,225,-2155.630,644.795,255,8
1774767175299783,780607491,2659,162.795914,225,-2149.329,665.496,255,8
1774767175299853,780617427,2650,162.244904,225,-2142.830,686.135,255,8
1774767175299915,780627389,2641,161.693878,223,-2117.144,700.429,255,8
1774767175299973,780637324,2633,161.204071,216,-2044.812,695.949,255,8
1774767175401972,780647280,2624,160.653061,175,-1651.177,579.753,255,8
1774767175402146,780657235,2615,160.102051,76,-714.628,258.663,255,8
1774767175402216,780667198,2606,159.551025,64,-599.670,223.599,255,8
1774767175402276,780677130,2597,159.000000,63,-588.156,225.772,255,8
1774767175402338,780687094,2588,158.448975,63,-585.957,231.418,255,8
1774767175402395,780697026,2579,157.897949,63,-583.705,237.042,255,8
1774767175402449,780706983,2571,157.408157,60,-553.959,230.498,255,8
1774767175402513,780716915,2561,156.795914,53,-487.127,208.824,255,8
1774767175402567,780726876,2553,156.306122,49,-448.696,196.906,255,8
1774767175402622,780736808,2544,155.755112,49,-446.781,201.212,255,8
1774767175402676,780746762,2535,155.204086,48,-435.748,201.306,255,8
1774767175458366,780756701,2526,154.653061,48,-433.791,205.487,255,8
1774767175458516,780766658,2517,154.102036,47,-422.799,205.282,255,8
1774767175458665,780776594,2508,153.551010,47,-420.806,209.338,255,8
1774767175458796,780786560,2499,153.000000,46,-409.863,208.836,255,8
1774767175458896,780796492,2490,152.448975,46,-407.836,212.768,255,8
1774767175511975,780806448,2481,151.897964,45,-396.950,211.969,255,8
1774767175512108,780816378,2472,151.346939,45,-394.893,215.777,255,8
1774767175512171,780826337,2463,150.795914,45,-392.799,219.565,255,8
1774767175512228,780836263,2454,150.244888,46,-399.351,228.295,255,8
1774767175512282,780846217,2445,149.693878,45,-388.504,227.079,255,8
1774767175512346,780856144,2437,149.204071,45,-386.548,230.392,255,8
1774767175562075,780866110,2427,148.591843,45,-384.064,234.509,255,8
1774767175562315,780876041,2419,148.102051,44,-373.556,232.499,255,8
1774767175562435,780885995,2410,147.551025,44,-371.303,236.081,255,8
1774767175562505,780895933,2401,147.000000,45,-377.402,245.088,255,8
1774767175562565,780905888,2392,146.448975,45,-375.027,248.706,255,8
1774767175614126,780915821,2383,145.897949,45,-372.618,252.301,255,8
1774767175614265,780925774,2374,145.346939,45,-370.175,255.873,255,8
1774767175614344,780935705,2365,144.795914,46,-375.868,265.186,255,8
1774767175614407,780945662,2356,144.244904,46,-373.300,268.788,255,8
1774767175614464,780955590,2347,143.693878,46,-370.698,272.366,255,8
1774767175666967,780965554,2339,143.204086,46,-368.356,275.525,255,8
1774767175667127,780975491,2330,142.653061,47,-373.639,285.121,255,8
1774767175667192,780985453,2321,142.102036,47,-370.880,288.701,255,8
1774767175667250,780995387,2312,141.551010,47,-368.086,292.254,255,8
1774767175667307,781005346,2304,141.061218,48,-373.353,301.675,255,8
1774767175718473,781015283,2295,140.510208,48,-370.434,305.252,255,8
1774767175718633,781025245,2286,139.959183,48,-367.481,308.800,255,8
1774767175718712,781035184,2277,139.408173,48,-364.495,312.320,255,8
1774767175718774,781045140,2269,138.918365,48,-361.812,315.424,255,8
1774767175718831,781055076,2260,138.367340,49,-366.236,325.533,255,8
1774767175718885,781065039,2251,137.816330,49,-363.088,329.040,255,8
1774767175769146,781074978,2243,137.326523,49,-360.262,332.132,255,8
1774767175769369,781084936,2234,136.775513,49,-357.051,335.581,255,8
1774767175769485,781094868,2225,136.224487,50,-361.028,345.917,255,8
1774767175769555,781104827,2217,135.734695,50,-358.058,348.991,255,8
1774767175769612,781114765,2208,135.183685,51,-361.779,359.466,255,8
1774767175836835,781124726,2199,134.632660,51,-358.305,362.929,255,8
1774767175836986,781134662,2191,134.142853,51,-355.189,365.979,255,8
1774767175837054,781144626,2182,133.591843,51,-351.653,369.378,255,8
1774767175837113,781154564,2173,133.040817,52,-354.910,380.051,255,8
1774767175837171,781164528,2165,132.551025,52,-351.648,383.071,255,8
1774767175837226,781174458,2156,132.000000,52,-347.948,386.435,255,8
1774767175837281,781184418,2148,131.510193,52,-344.632,389.396,255,8
1774767175887542,781194348,2139,130.959183,51,-334.316,385.140,255,8
1774767175887722,781204307,2131,130.469391,51,-331.011,387.984,255,8
1774767175887788,781214237,2122,129.918365,51,-327.265,391.149,255,8
1774767175887850,781224196,2113,129.367355,51,-323.488,394.278,255,8
1774767175887908,781234122,2105,128.877548,50,-313.829,389.245,255,8
1774767175944414,781244075,2096,128.326538,50,-310.071,392.245,255,8
1774767175944546,781254019,2087,127.775513,50,-306.285,395.208,255,8
1774767175944799,781263972,2079,127.285706,50,-302.895,397.812,255,8
1774767175944917,781273909,2070,126.734695,50,-299.055,400.707,255,8
1774767175944979,781283861,2061,126.183678,50,-295.188,403.564,255,8
1774767175945035,781293793,2053,125.693886,49,-285.893,397.951,255,8
1774767175995110,781303750,2044,125.142860,49,-282.052,400.682,255,8
1774767175995243,781313683,2036,124.653053,49,-278.617,403.079,255,8
1774767175995307,781323645,2027,124.102043,49,-274.728,405.740,255,8
1774767175995375,781333582,2019,123.612244,49,-271.249,408.073,255,8
1774767175995432,781343543,2010,123.061218,48,-261.857,402.282,255,8
1774767176045334,781353475,2002,122.571426,48,-258.408,404.506,255,8
1774767176045480,781363436,1993,122.020401,48,-254.506,406.972,255,8
1774767176045549,781373374,1985,121.530609,48,-251.018,409.133,255,8
1774767176045607,781383334,1976,120.979591,48,-247.072,411.528,255,8
1774767176045665,781393272,1968,120.489799,48,-243.545,413.625,255,8
1774767176097581,781403237,1959,119.938774,48,-239.556,415.948,255,8
1774767176097697,781413173,1951,119.448982,48,-235.991,417.981,255,8
1774767176097735,781423133,1942,118.897957,48,-231.961,420.231,255,8
1774767176097766,781433073,1934,118.408165,47,-223.602,413.403,255,8
1774767176097907,781443043,1925,117.857147,47,-219.616,415.534,255,8
1774767176145144,781452981,1917,117.367348,47,-216.056,417.396,255,8
1774767176145279,781462950,1909,116.877548,47,-212.480,419.228,255,8
1774767176145359,781472888,1900,116.326538,47,-208.439,421.252,255,8
1774767176145419,781482852,1891,115.775513,47,-204.378,423.237,255,8
1774767176145476,781492788,1883,115.285713,47,-200.752,424.969,255,8
1774767176198798,781502748,1875,114.795914,47,-197.112,426.669,255,8
1774767176200093,781512688,1866,114.244896,47,-193.000,428.545,255,8
1774767176200218,781522655,1858,113.755104,46,-185.301,421.027,255,8
1774767176200283,781532596,1849,113.204079,46,-181.243,422.789,255,8
1774767176200354,781542561,1841,112.714287,46,-177.623,424.323,255,8
1774767176252522,781552503,1833,112.224495,46,-173.989,425.826,255,8
1774767176252652,781562465,1824,111.673470,46,-169.886,427.480,255,8
1774767176252715,781572397,1816,111.183670,46,-166.225,428.916,255,8
1774767176252773,781582365,1808,110.693878,46,-162.552,430.322,255,8
1774767176252830,781592302,1799,110.142853,46,-158.407,431.865,255,8
1774767176252971,781602265,1791,109.653061,46,-154.709,433.203,255,8
1774767176301874,781612205,1783,109.163269,46,-151.000,434.510,255,8
1774767176302027,781622163,1774,108.612244,46,-146.814,435.942,255,8
1774767176302094,781632105,1766,108.122452,46,-143.082,437.181,255,8
1774767176302157,781642068,1758,107.632652,46,-139.340,438.388,255,8
1774767176302213,781652013,1749,107.081635,45,-132.180,430.149,255,8
1774767176350944,781661971,1741,106.591835,45,-128.498,431.263,255,8
1774767176351069,781671908,1733,106.102043,45,-124.807,432.346,255,8
1774767176351121,781681865,1724,105.551018,45,-120.643,433.526,255,8
1774767176351178,781691805,1716,105.061226,45,-116.933,434.542,255,8
1774767176351236,781701766,1708,104.571434,45,-113.214,435.526,255,8
1774767176466341,781711701,1699,104.020409,45,-109.020,436.594,255,8
1774767176466582,781721657,1691,103.530609,45,-105.284,437.510,255,8
1774767176466700,781731594,1683,103.040817,45,-101.540,438.394,255,8
1774767176466769,781741553,1675,102.551025,45,-97.789,439.246,255,8
1774767176466829,781751481,1667,102.061226,45,-94.031,440.066,255,8
1774767176466886,781761443,1658,101.510208,45,-89.794,440.950,255,8
1774767176466942,781771376,1650,101.020401,45,-86.021,441.702,255,8
1774767176466996,781781337,1642,100.530609,45,-82.242,442.421,255,8
1774767176467049,781791276,1634,100.040817,45,-78.457,443.108,255,8
1774767176467103,781801235,1625,99.489792,45,-74.192,443.842,255,8
1774767176467156,781811185,1617,99.000000,45,-70.396,444.460,255,8
1774767176471598,781821141,1609,98.510208,45,-66.594,445.045,255,8
1774767176521465,781831079,1601,98.020409,45,-62.787,445.598,255,8
1774767176521604,781841035,1592,97.469383,45,-58.498,446.182,255,8
1774767176521671,781850968,1584,96.979591,45,-54.682,446.665,255,8
1774767176521730,781860924,1576,96.489799,45,-50.862,447.116,255,8
1774767176521786,781870854,1568,96.000008,41,-42.857,407.754,255,8
1774767176572359,781880817,1559,95.448982,38,-36.085,378.283,255,8
1774767176572514,781890750,1551,94.959183,39,-33.714,388.540,255,8
1774767176572581,781900708,1543,94.469383,39,-30.391,388.814,255,8
1774767176572640,781910641,1535,93.979591,39,-27.066,389.060,255,8
1774767176572681,781920594,1526,93.428574,38,-22.726,379.320,255,8
1774767176629299,781930528,1518,92.938782,37,-18.970,369.513,255,8
1774767176629455,781940485,1510,92.448975,37,-15.810,369.662,255,8
1774767176629523,781950420,1502,91.959183,37,-12.649,369.784,255,8
1774767176629583,781960382,1494,91.469391,36,-9.231,359.882,255,8
1774767176629639,781970316,1486,90.979599,37,-6.326,369.946,255,8
1774767176629693,781980278,1477,90.428574,41,-3.067,409.989,255,8
1774767176676395,781990213,1469,89.938774,40,0.427,400.000,255,8
1774767176676545,782000174,1461,89.448975,40,3.847,399.982,255,8
1774767176676613,782010099,1453,88.959183,40,7.266,399.934,255,8
1774767176676655,782020064,1445,88.469383,40,10.684,399.857,255,8
1774767176725498,782029997,1437,87.979591,40,14.102,399.751,255,8
1774767176725806,782039962,1429,87.489792,40,17.519,399.616,255,8
1774767176725881,782049898,1421,87.000000,40,20.934,399.452,255,8
1774767176725920,782059858,1413,86.510208,39,23.740,389.277,255,8
1774767176726126,782069782,1405,86.020409,39,27.066,389.060,255,8
1774767176822211,782079737,1397,85.530617,39,30.391,388.814,255,8
1774767176822373,782089661,1389,85.040817,39,33.714,388.540,255,8
1774767176822462,782099632,1381,84.551025,39,37.034,388.238,255,8
1774767176822720,782109561,1373,84.061226,39,40.352,387.907,255,8
1774767176822822,782119522,1365,83.571426,39,43.666,387.548,255,8
1774767176822887,782129454,1357,83.081635,39,46.977,387.160,255,8
1774767176822946,782139413,1349,82.591835,39,50.285,386.745,255,8
1774767176823002,782149340,1341,82.102043,39,53.590,386.301,255,8
1774767176823057,782159307,1333,81.612244,39,56.890,385.828,255,8
1774767176823112,782169239,1325,81.122452,39,60.186,385.328,255,8
1774767176826761,782179197,1317,80.632652,39,63.478,384.799,255,8
1774767176879284,782189132,1308,80.081635,39,67.175,384.171,255,8
1774767176879432,782199089,1300,79.591835,39,70.457,383.583,255,8
1774767176879515,782209023,1292,79.102043,39,73.734,382.967,255,8
1774767176879576,782218980,1284,78.612244,39,77.005,382.322,255,8
1774767176879636,782228917,1275,78.061226,39,80.678,381.564,255,8
1774767177000215,782238879,1267,77.571426,39,83.937,380.860,255,8
1774767177000347,782248812,1259,77.081635,40,89.425,389.876,255,8
1774767177000423,782258770,1251,76.591835,40,92.755,389.097,255,8
1774767177000484,782268701,1242,76.040817,40,96.492,388.187,255,8
1774767177000542,782278659,1234,75.551018,40,99.807,387.348,255,8
1774767177000597,782288593,1226,75.061226,40,103.115,386.481,255,8
1774767177000653,782298554,1217,74.510208,40,106.827,385.471,255,8
1774767177000708,782308486,1209,74.020409,40,110.118,384.544,255,8
1774767177000764,782318443,1201,73.530617,40,113.401,383.589,255,8
1774767177000820,782328376,1193,73.040817,40,116.676,382.605,255,8
1774767177000874,782338339,1185,72.551018,40,119.943,381.594,255,8
1774767177000929,782348264,1177,72.061226,40,123.200,380.554,255,8
1774767177004536,782358224,1168,71.510201,40,126.854,379.352,255,8
1774767177054689,782368156,1160,71.020409,40,130.093,378.254,255,8
1774767177054876,782378109,1152,70.530609,40,133.321,377.128,255,8
1774767177054923,782388038,1144,70.040817,40,136.540,375.974,255,8
1774767177054984,782397995,1136,69.551018,40,139.749,374.793,255,8
1774767177055021,782407928,1128,69.061226,40,142.948,373.585,255,8
1774767177134852,782417885,1119,68.510208,40,146.534,372.193,255,8
1774767177134982,782427821,1111,68.020409,40,149.711,370.927,255,8
1774767177135044,782437778,1103,67.530617,40,152.876,369.634,255,8
1774767177135102,782447711,1095,67.040817,40,156.030,368.313,255,8
1774767177135156,782457672,1087,66.551018,40,159.173,366.966,255,8
1774767177135209,782467607,1079,66.061226,41,166.362,374.732,255,8
1774767177135263,782477566,1071,65.571426,41,169.559,373.296,255,8
1774767177135316,782487498,1063,65.081635,41,172.744,371.833,255,8
1774767177184875,782497456,1055,64.591835,41,175.916,370.342,255,8
1774767177185142,782507391,1047,64.102036,41,179.076,368.825,255,8
1774767177185246,782517353,1039,63.612244,41,182.222,367.281,255,8
1774767177185310,782527291,1030,63.061222,41,185.746,365.511,255,8
1774767177185377,782537251,1022,62.571430,41,188.863,363.910,255,8
1774767177239469,782547183,1014,62.081631,41,191.967,362.282,255,8
1774767177239632,782557144,1005,61.530609,41,195.443,360.419,255,8
1774767177239700,782567083,997,61.040817,41,198.516,358.736,255,8
1774767177239761,782577040,988,60.489796,41,201.957,356.810,255,8
1774767177239819,782586978,980,60.000000,42,210.000,363.731,255,8
1774767177290075,782596933,971,59.448978,42,213.488,361.694,255,8
1774767177290210,782606873,963,58.959183,42,216.572,359.856,255,8
1774767177290274,782616833,954,58.408165,42,220.023,357.757,255,8
1774767177290346,782626777,945,57.857143,42,223.453,355.624,255,8
1774767177290404,782636734,937,57.367348,42,226.485,353.701,255,8
1774767177290459,782646669,929,56.877552,42,229.501,351.752,255,8
1774767177338388,782656634,920,56.326530,42,232.873,349.529,255,8
1774767177338535,782666564,911,55.775513,43,241.848,355.541,255,8
1774767177338601,782676528,903,55.285713,43,244.878,353.461,255,8
1774767177338660,782686460,895,54.795921,43,247.891,351.355,255,8
1774767177394742,782696412,886,54.244900,43,251.258,348.954,255,8
1774767177394895,782706351,878,53.755100,43,254.232,346.794,255,8
1774767177394959,782716305,869,53.204082,43,257.556,344.333,255,8
1774767177395019,782726238,861,52.714287,43,260.490,342.119,255,8
1774767177395077,782736197,852,52.163261,44,269.902,347.495,255,8
1774767177395132,782746132,844,51.673470,44,272.863,345.175,255,8
1774767177491714,782756089,835,51.122448,44,276.170,342.535,255,8
1774767177491906,782766024,827,50.632656,44,279.088,340.162,255,8
1774767177491975,782775988,819,50.142857,44,281.985,337.764,255,8
1774767177492035,782785917,810,49.591835,44,285.221,335.036,255,8
1774767177492092,782795879,801,49.040817,44,288.429,332.278,255,8
1774767177492147,782805808,793,48.551018,45,297.879,337.295,255,8
1774767177492215,782815763,785,48.061226,45,300.751,334.737,255,8
1774767177492268,782825698,776,47.510204,45,303.956,331.829,255,8
1774767177492321,782835651,768,47.020405,45,306.782,329.218,255,8
1774767177492382,782845586,760,46.530613,45,309.585,326.584,255,8
1774767177544886,782855542,751,45.979591,45,312.712,323.592,255,8
1774767177545047,782865476,743,45.489799,45,315.466,320.907,255,8
1774767177545112,782875437,735,45.000000,46,325.269,325.269,255,8
1774767177545168,782885378,727,44.510204,46,328.038,322.477,255,8
1774767177545221,782895335,718,43.959187,46,331.124,319.307,255,8
1774767177619681,782905266,710,43.469387,46,333.841,316.465,255,8
1774767177619821,782915232,701,42.918365,46,336.869,313.240,255,8
1774767177619889,782925168,693,42.428570,46,339.535,310.348,255,8
1774767177619948,782935128,685,41.938778,47,349.614,314.118,255,8
1774767177620004,782945064,677,41.448982,47,352.286,311.118,255,8
1774767177620063,782955024,668,40.897957,47,355.262,307.716,255,8
1774767177620120,782964960,660,40.408161,47,357.880,304.667,255,8
1774767177620175,782974910,652,39.918365,47,360.471,301.597,255,8
1774767177670029,782984843,643,39.367348,48,371.086,304.459,255,8
1774767177670300,782994799,635,38.877552,48,373.675,301.276,255,8
1774767177670580,783004730,627,38.387753,48,376.237,298.071,255,8
1774767177670774,783014681,618,37.836735,48,379.086,294.438,255,8
1774767177670873,783024614,610,37.346939,48,381.589,291.187,255,8
1774767177723181,783034568,602,36.857143,49,392.065,293.913,255,8
1774767177723317,783044493,594,36.367348,49,394.564,290.550,255,8
1774767177723395,783054446,585,35.816326,50,405.449,292.594,255,8
1774767177723456,783064376,577,35.326530,50,407.935,289.118,255,8
1774767177723517,783074328,569,34.836735,50,410.392,285.620,255,8
1774767177778008,783084257,561,34.346939,51,421.075,287.743,255,8
1774767177778247,783094211,553,33.857143,51,423.519,284.133,255,8
1774767177778353,783104145,545,33.367348,51,425.932,280.502,255,8
1774767177778424,783114100,536,32.816326,52,437.014,281.813,255,8
1774767177778555,783124033,528,32.326530,53,447.858,283.414,255,8
1774767177778660,783133991,520,31.836735,53,450.264,279.575,255,8
1774767177873547,783143920,512,31.346939,54,461.178,280.918,255,8
1774767177873766,783153879,503,30.795919,55,472.448,281.590,255,8
1774767177873817,783163810,495,30.306122,55,474.838,277.541,255,8
1774767177873851,783173768,487,29.816326,56,485.869,278.444,255,8
1774767177874030,783183705,479,29.326530,57,496.950,279.178,255,8
1774767177874112,783193659,471,28.836735,58,508.079,279.743,255,8
1774767177874170,783203594,462,28.285715,59,519.551,279.583,255,8
1774767177874224,783213550,454,27.795918,64,566.153,298.447,255,8
1774767177874280,783223487,446,27.306122,67,595.341,307.359,255,8
1774767177874341,783233443,438,26.816326,69,615.796,311.281,255,8
1774767177927837,783243382,430,26.326530,69,618.434,306.006,255,8
1774767177928004,783253337,422,25.836735,69,621.027,300.708,255,8
1774767177928071,783263272,414,25.346939,69,623.575,295.388,255,8
1774767177928128,783273229,406,24.857143,69,626.077,290.046,255,8
1774767177928184,783283166,398,24.367346,69,628.534,284.684,255,8
1774767177985824,783293122,389,23.816326,69,631.243,278.626,255,8
1774767177985974,783303059,381,23.326530,68,624.419,269.260,255,8
1774767177986116,783313029,373,22.836735,68,626.698,263.912,255,8
1774767177986237,783322962,365,22.346939,68,628.931,258.546,255,8
1774767177986304,783332917,357,21.857143,68,631.118,253.160,255,8
1774767177986529,783342858,349,21.367348,67,623.947,244.112,255,8
1774767178088219,783352817,341,20.877550,67,626.011,238.769,255,8
1774767178088360,783362751,333,20.387754,67,628.029,233.409,255,8
1774767178088540,783372706,325,19.897959,67,630.001,228.032,255,8
1774767178088644,783382639,317,19.408163,67,631.927,222.638,255,8
1774767178088706,783392596,309,18.918367,67,633.808,217.228,255,8
1774767178088765,783402527,301,18.428572,66,626.154,208.641,255,8
1774767178088822,783412478,293,17.938776,66,627.915,203.280,255,8
1774767178088903,783422407,285,17.448978,66,629.630,197.905,255,8
1774767178088957,783432359,277,16.959185,65,621.733,189.599,255,8
1774767178089011,783442287,269,16.469389,65,623.331,184.277,255,8
1774767178093854,783452238,261,15.979591,65,624.884,178.942,255,8
1774767178215004,783462178,253,15.489796,65,626.391,173.593,255,8
1774767178215165,783472136,245,15.000000,65,627.852,168.232,255,8
1774767178215231,783482067,237,14.510203,65,629.267,162.859,255,8
1774767178215287,783492023,229,14.020408,65,630.636,157.474,255,8
1774767178215350,783501956,221,13.530613,64,622.237,149.738,255,8
1774767178215407,783511917,213,13.040815,64,623.494,144.413,255,8
1774767178215462,783521845,205,12.551021,64,624.706,139.078,255,8
1774767178215519,783531802,197,12.061225,64,625.872,133.732,255,8
1774767178215574,783541733,189,11.571429,63,617.195,126.371,255,8
1774767178215627,783551687,180,11.020409,63,618.382,120.430,255,8
1774767178215680,783561613,173,10.591837,63,619.266,115.801,255,8
1774767178215734,783571578,165,10.102040,63,620.233,110.503,255,8
1774767178221454,783581518,157,9.612246,63,621.155,105.197,255,8
1774767178275523,783591471,149,9.122449,63,622.032,99.883,255,8
1774767178275694,783601402,141,8.632653,62,612.976,93.061,255,8
1774767178275738,783611358,135,8.265306,62,613.560,89.129,255,8
1774767178275769,783621283,132,8.081633,61,603.942,85.756,255,8
1774767178275800,783631235,130,7.959184,61,604.124,84.465,255,8
1774767178327334,783641171,130,7.959184,61,604.124,84.465,255,8
1774767178327499,783651125,130,7.959184,61,604.124,84.465,255,8
1774767178327550,783661049,130,7.959184,61,604.124,84.465,255,8
1774767178327586,783671010,130,7.959184,61,604.124,84.465,255,8
1774767178327618,783680939,130,7.959184,61,604.124,84.465,255,8
1774767178378366,783690893,130,7.959184,61,604.124,84.465,255,8
1774767178378541,783700826,130,7.959184,61,604.124,84.465,255,8
1774767178378618,783710783,131,8.020409,61,604.033,85.111,255,8
1774767178378661,783720713,131,8.020409,61,604.033,85.111,255,8
1774767178378695,783730668,131,8.020409,61,604.033,85.111,255,8
1774767178378727,783740600,131,8.020409,61,604.033,85.111,255,8
1774767178433856,783750561,131,8.020409,61,604.033,85.111,255,8
1774767178434017,783760497,131,8.020409,61,604.033,85.111,255,8
1774767178434065,783770454,131,8.020409,61,604.033,85.111,255,8
1774767178434100,783780389,131,8.020409,61,604.033,85.111,255,8
1774767178434133,783790351,131,8.020409,61,604.033,85.111,255,8
1774767178486109,783800278,131,8.020409,61,604.033,85.111,255,8
1774767178486420,783810235,131,8.020409,61,604.033,85.111,255,8
1774767178486486,783820173,131,8.020409,61,604.033,85.111,255,8
1774767178486526,783830129,131,8.020409,61,604.033,85.111,255,8
1774767178486561,783840063,131,8.020409,61,604.033,85.111,255,8
1774767178537946,783850017,131,8.020409,61,604.033,85.111,255,8
1774767178538076,783859946,131,8.020409,61,604.033,85.111,255,8
1774767178538139,783869899,131,8.020409,61,604.033,85.111,255,8
1774767178538195,783879832,131,8.020409,61,604.033,85.111,255,8
1774767178538249,783889788,131,8.020409,61,604.033,85.111,255,8
1774767178538302,783899720,131,8.020409,61,604.033,85.111,255,8
1774767178596936,783909678,131,8.020409,61,604.033,85.111,255,8
1774767178597090,783919611,131,8.020409,61,604.033,85.111,255,8
1774767178597154,783929562,131,8.020409,61,604.033,85.111,255,8
1774767178597211,783939495,131,8.020409,61,604.033,85.111,255,8
1774767178597265,783949454,131,8.020409,61,604.033,85.111,255,8
1774767178597320,783959385,131,8.020409,61,604.033,85.111,255,8
1774767178688590,783969345,131,8.020409,61,604.033,85.111,255,8
1774767178688753,783979279,131,8.020409,62,613.935,86.506,255,8
1774767178688907,783989241,131,8.020409,62,613.935,86.506,255,8
1774767178689020,783999175,131,8.020409,61,604.033,85.111,255,8
1774767178689089,784009132,131,8.020409,61,604.033,85.111,255,8
1774767178689148,784019063,131,8.020409,62,613.935,86.506,255,8
1774767178689250,784029023,131,8.020409,62,613.935,86.506,255,8
1774767178689367,784038956,131,8.020409,62,613.935,86.506,255,8
1774767178689449,784048919,131,8.020409,62,613.935,86.506,255,8
1774767178694864,784058857,131,8.020409,62,613.935,86.506,255,8
1774767178744358,784068820,131,8.020409,62,613.935,86.506,255,8
1774767178744494,784078761,131,8.020409,62,613.935,86.506,255,8
1774767178744560,784088724,131,8.020409,62,613.935,86.506,255,8
1774767178744627,784098660,131,8.020409,62,613.935,86.506,255,8
1774767178744685,784108628,131,8.020409,62,613.935,86.506,255,8
1774767178822149,784118567,131,8.020409,62,613.935,86.506,255,8
1774767178822358,784128528,131,8.020409,62,613.935,86.506,255,8
1774767178822433,784138465,131,8.020409,62,613.935,86.506,255,8
1774767178822495,784148424,131,8.020409,62,613.935,86.506,255,8
1774767178822551,784158360,131,8.020409,62,613.935,86.506,255,8
1774767178822607,784168321,131,8.020409,62,613.935,86.506,255,8
1774767178822661,784178257,131,8.020409,62,613.935,86.506,255,8
1774767178875404,784188223,131,8.020409,62,613.935,86.506,255,8
1774767178875544,784198157,131,8.020409,62,613.935,86.506,255,8
1774767178875609,784208120,131,8.020409,62,613.935,86.506,255,8
1774767178875667,784218058,131,8.020409,62,613.935,86.506,255,8
1774767178875723,784228018,131,8.020409,62,613.935,86.506,255,8
1774767178875781,784237954,132,8.081633,62,613.843,87.162,255,8
1774767178943240,784247922,135,8.265306,62,613.560,89.129,255,8
1774767178943394,784257858,138,8.448980,62,613.271,91.096,255,8
1774767178943464,784267818,143,8.755102,62,612.776,94.371,255,8
1774767178943522,784277753,148,9.061224,62,612.263,97.644,255,8
1774767178943578,784287712,153,9.367347,62,611.732,100.913,255,8
1774767178943634,784297645,159,9.734694,62,611.073,104.833,255,8
1774767178943700,784307610,165,10.102040,62,610.388,108.749,255,8
1774767179008469,784317544,171,10.469388,62,609.678,112.660,255,8
1774767179008674,784327507,178,10.897960,62,608.819,117.217,255,8
1774767179008727,784337438,185,11.326530,63,617.730,123.732,255,8
1774767179008764,784347397,191,11.693877,63,616.924,127.690,255,8
1774767179008798,784357330,198,12.122449,63,615.952,132.301,255,8
1774767179008830,784367287,205,12.551021,63,614.945,136.905,255,8
1774767179069803,784377220,212,12.979591,63,613.904,141.501,255,8
1774767179070011,784387175,219,13.408163,63,612.828,146.088,255,8
1774767179070059,784397106,225,13.775511,63,611.879,150.015,255,8
1774767179070091,784407069,233,14.265306,63,610.574,155.240,255,8
1774767179070120,784417004,239,14.632653,64,619.242,161.677,255,8
1774767179070147,784426961,247,15.122449,64,617.837,166.965,255,8
1774767179173888,784436901,254,15.551020,64,616.571,171.582,255,8
1774767179174064,784446854,261,15.979591,64,615.270,176.189,255,8
1774767179174244,784456796,268,16.408163,64,613.935,180.786,255,8
1774767179174335,784466757,276,16.897961,64,612.367,186.028,255,8
1774767179174435,784476688,283,17.326530,64,610.959,190.603,255,8
1774767179174518,784486647,291,17.816326,64,609.307,195.819,255,8
1774767179174562,784496586,298,18.244898,65,617.323,203.502,255,8
1774767179174594,784506545,306,18.734694,65,615.560,208.771,255,8
1774767179174647,784516479,313,19.163265,65,613.982,213.370,255,8
1774767179174703,784526431,321,19.653061,65,612.135,218.611,255,8
1774767179174758,784536369,329,20.142857,65,610.244,223.835,255,8
1774767179243401,784546329,337,20.632652,66,617.667,232.568,255,8
1774767179243552,784556261,344,21.061224,66,615.910,237.181,255,8
1774767179243621,784566222,352,21.551022,66,613.860,242.438,255,8
1774767179243681,784576157,360,22.040817,66,611.765,247.676,255,8
1774767179243740,784586119,368,22.530613,66,609.625,252.897,255,8
1774767179243796,784596052,376,23.020407,66,607.441,258.099,255,8
1774767179243985,784606004,384,23.510202,67,614.383,267.271,255,8
1774767179304785,784615938,392,24.000002,67,612.075,272.514,255,8
1774767179304978,784625895,400,24.489798,67,609.724,277.736,255,8
1774767179305029,784635826,408,24.979591,67,607.327,282.938,255,8
1774767179305062,784645781,417,25.530611,67,604.578,288.765,255,8
1774767179305093,784655711,425,26.020407,68,611.074,298.310,255,8
1774767179305132,784665659,433,26.510202,68,608.501,303.523,255,8
