  can0  123   [8]  39 00 30 42 1C BC 15 FF
  can0  124   [8]  39 14 54 BB 11 02 80 08
  can0  123   [8]  3A 00 2F 42 1E F0 54 FF
  can0  124   [8]  3A 14 54 E1 E0 02 89 08
  can0  123   [8]  3B 00 2F 42 20 E5 E1 FF
  can0  124   [8]  3B 14 55 08 C9 02 91 08
  can0  123   [8]  3C 00 2F 42 23 1A 1F FF
  can0  124   [8]  3C 14 55 2F 99 02 9A 08
  can0  123   [8]  3D 00 2F 42 25 4E 5E FF
  can0  124   [8]  3D 14 55 56 7B 02 A3 08
  can0  123   [8]  3E 00 2E 42 27 82 9D FF
  can0  124   [8]  3E 14 55 7D 50 02 AC 08
  can0  123   [8]  3F 00 2E 42 29 B6 DB FF
  can0  124   [8]  3F 14 55 A4 3B 02 B5 08
  can0  123   [8]  40 00 2E 42 2C 29 CB FF
  can0  124   [8]  40 14 55 CB 12 02 BF 08
  can0  123   [8]  41 00 2E 42 2E 5E 0B FF
  can0  124   [8]  41 14 55 F1 F9 02 C8 08
  can0  123   [8]  42 00 2E 42 30 92 49 FF
  can0  124   [8]  42 14 56 18 D0 02 D1 08
  can0  123   [8]  43 00 2D 42 32 C6 88 FF
  can0  124   [8]  43 14 56 3F B9 02 DA 08
  can0  123   [8]  44 00 2D 42 34 FA C6 FF
  can0  124   [8]  44 14 56 66 8F 02 E3 08
  can0  123   [8]  45 00 2D 42 37 6D B7 FF
  can0  124   [8]  45 14 56 8D 75 02 ED 08
  can0  123   [8]  46 00 2D 42 39 A1 F6 FF
  can0  124   [8]  46 14 56 B4 3F 02 F6 08
  can0  123   [8]  47 00 2D 42 3C 14 E5 FF
  can0  124   [8]  47 14 56 DB 2E 03 00 08
  can0  123   [8]  48 00 2D 42 3E 49 25 FF
  can0  124   [8]  48 14 57 02 01 03 09 08
  can0  123   [8]  49 00 2D 42 40 BC 15 FF
  can0  124   [8]  49 14 57 28 EC 03 13 08
  can0  123   [8]  4A 00 2C 42 42 F0 53 FF
  can0  124   [8]  4A 14 57 4F C3 03 1C 08
  can0  123   [8]  4B 00 2C 42 45 63 44 FF
  can0  124   [8]  4B 14 57 76 AA 03 26 08
  can0  123   [8]  4C 00 2C 42 47 97 83 FF
  can0  124   [8]  4C 14 57 9D 7A 03 2F 08
  can0  123   [8]  4D 00 2C 42 4A 0A 72 FF
  can0  124   [8]  4D 14 57 C4 5E 03 39 08
  can0  123   [8]  4E 00 2C 42 4C 7D 63 FF
  can0  124   [8]  4E 14 57 EB 33 03 43 08
  can0  123   [8]  4F 00 2C 42 4E B1 A2 FF
  can0  124   [8]  4F 14 58 12 1E 03 4C 08
  can0  123   [8]  50 00 2B 42 51 24 93 FF
  can0  124   [8]  50 14 58 38 F0 03 56 08
  can0  123   [8]  51 00 2B 42 53 58 D1 FF
  can0  124   [8]  51 14 58 5F DA 03 5F 08
  can0  123   [8]  52 00 2B 42 55 CB C1 FF
  can0  124   [8]  52 14 58 86 AD 03 69 08
  can0  123   [8]  53 00 2B 42 58 00 01 FF
  can0  124   [8]  53 14 58 AD 8E 03 72 08
  can0  123   [8]  54 00 2B 42 5A 72 F0 FF
  can0  124   [8]  54 14 58 D4 63 03 7C 08
  can0  123   [8]  55 00 2B 42 5C E5 E1 FF
  can0  124   [8]  55 14 58 FB 4D 03 86 08
  can0  123   [8]  56 00 2A 42 5F 1A 20 FF
  can0  124   [8]  56 14 59 22 1D 03 8F 08
  can0  123   [8]  57 00 2A 42 61 8D 0F FF
  can0  124   [8]  57 14 59 49 0A 03 99 08
  can0  123   [8]  58 00 2A 42 63 C1 4E FF
  can0  124   [8]  58 14 59 6F DB 03 A2 08
  can0  123   [8]  59 00 2A 42 66 34 3F FF
  can0  124   [8]  59 14 59 96 C1 03 AC 08
  can0  123   [8]  5A 00 2A 42 68 68 7D FF
  can0  124   [8]  5A 14 59 BD 84 03 B5 08
  can0  123   [8]  5B 00 2A 42 6A DB 6E FF
  can0  124   [8]  5B 14 59 E4 71 03 BF 08
  can0  123   [8]  5C 00 29 42 6D 4E 5E FF
  can0  124   [8]  5C 14 5A 0B 3F 03 C9 08
  can0  123   [8]  5D 00 29 42 6F 82 9D FF
  can0  124   [8]  5D 14 5A 32 29 03 D2 08
  can0  123   [8]  5E 00 29 42 71 F5 8D FF
  can0  124   [8]  5E 14 5A 58 FB 03 DC 08
  can0  123   [8]  5F 00 29 42 74 29 CC FF
  can0  124   [8]  5F 14 5A 7F E1 03 E5 08
  can0  123   [8]  60 00 29 42 76 9C BD FF
  can0  124   [8]  60 14 5A A6 B9 03 EF 08
  can0  123   [8]  61 00 29 42 79 0F AC FF
  can0  124   [8]  61 14 5A CD A0 03 F9 08
  can0  123   [8]  62 00 29 42 7B 43 EB FF
  can0  124   [8]  62 14 5A F4 72 04 02 08
  can0  123   [8]  63 00 29 42 7D 78 2A FF
  can0  124   [8]  63 14 5B 1B 56 04 0B 08
  can0  123   [8]  64 00 29 42 7F EB 1A FF
  can0  124   [8]  64 14 5B 42 2E 04 15 08
  can0  123   [8]  65 00 29 42 81 2F 05 FF
  can0  124   [8]  65 14 5B 69 16 04 1F 08
  can0  123   [8]  66 00 28 42 82 49 25 FF
  can0  124   [8]  66 14 5B 8F E7 04 28 08
  can0  123   [8]  67 00 28 42 83 82 9C FF
  can0  124   [8]  67 14 5B B6 CE 04 32 08
  can0  123   [8]  68 00 28 42 84 9C BC FF
  can0  124   [8]  68 14 5B DD 9A 04 3B 08
  can0  123   [8]  69 00 28 42 85 D6 34 FF
  can0  124   [8]  69 14 5C 04 82 04 45 08
  can0  123   [8]  6A 00 28 42 86 F0 53 FF
  can0  124   [8]  6A 14 5C 2B 4E 04 4E 08
  can0  123   [8]  6B 00 28 42 88 29 CC FF
  can0  124   [8]  6B 14 5C 52 36 04 58 08
  can0  123   [8]  6C 00 28 42 89 43 EB FF
  can0  124   [8]  6C 14 5C 79 02 04 61 08
  can0  123   [8]  6D 00 28 42 8A 7D 64 FF
  can0  124   [8]  6D 14 5C 9F E9 04 6B 08
  can0  123   [8]  6E 00 28 42 8B B6 DB FF
  can0  124   [8]  6E 14 5C C6 BF 04 75 08
  can0  123   [8]  6F 00 28 42 8C D0 FB FF
  can0  124   [8]  6F 14 5C ED AA 04 7E 08
  can0  123   [8]  70 00 28 42 8E 0A 73 FF
  can0  124   [8]  70 14 5D 14 82 04 88 08
  can0  123   [8]  71 00 28 42 8F 24 92 FF
  can0  124   [8]  71 14 5D 3B 6D 04 91 08
  can0  123   [8]  72 00 28 42 90 5E 0A FF
  can0  124   [8]  72 14 5D 62 41 04 9B 08
  can0  123   [8]  73 00 27 42 91 78 2A FF
  can0  124   [8]  73 14 5D 89 29 04 A4 08
  can0  123   [8]  74 00 27 42 92 B1 A2 FF
  can0  124   [8]  74 14 5D AF F5 04 AE 08
  can0  123   [8]  75 00 27 42 93 CB C1 FF
  can0  124   [8]  75 14 5D D6 DF 04 B7 08
  can0  123   [8]  76 00 27 42 95 05 3A FF
  can0  124   [8]  76 14 5D FD A8 04 C1 08
  can0  123   [8]  77 00 27 42 96 1F 59 FF
  can0  124   [8]  77 14 5E 24 95 04 CA 08
  can0  123   [8]  78 00 27 42 97 58 D1 FF
  can0  124   [8]  78 14 5E 4B 66 04 D4 08
  can0  123   [8]  79 00 27 42 98 72 F0 FF
  can0  124   [8]  79 14 5E 72 53 04 DD 08
  can0  123   [8]  7A 00 27 42 99 AC 68 FF
  can0  124   [8]  7A 14 5E 99 24 04 E7 08
  can0  123   [8]  7B 00 27 42 9A C6 88 FF
  can0  124   [8]  7B 14 5E C0 10 04 F0 08
  can0  123   [8]  7C 00 27 42 9C 00 00 FF
  can0  124   [8]  7C 14 5E E6 DF 04 FA 08
  can0  123   [8]  7D 00 27 42 9D 1A 20 FF
  can0  124   [8]  7D 14 5F 0D D4 05 03 08
  can0  123   [8]  7E 00 27 42 9E 53 97 FF
  can0  124   [8]  7E 14 5F 34 9E 05 0D 08
  can0  123   [8]  7F 00 27 42 9F 6D B7 FF
  can0  124   [8]  7F 14 5F 5B 88 05 16 08
  can0  123   [8]  80 00 27 42 A0 A7 2F FF
  can0  124   [8]  80 14 5F 82 56 05 20 08
  can0  123   [8]  81 00 27 42 A1 C1 4E FF
  can0  124   [8]  81 14 5F A9 3F 05 29 08
  can0  123   [8]  82 00 27 42 A2 FA C7 FF
  can0  124   [8]  82 14 5F D0 08 05 33 08
  can0  123   [8]  83 00 27 42 A4 14 E6 FF
  can0  124   [8]  83 14 5F F6 F4 05 3C 08
  can0  123   [8]  84 00 27 42 A5 4E 5E FF
  can0  124   [8]  84 14 60 1D C0 05 46 08
  can0  123   [8]  85 00 27 42 A6 68 7D FF
  can0  124   [8]  85 14 60 44 AC 05 4F 08
  can0  123   [8]  86 00 27 42 A7 A1 F6 FF
  can0  124   [8]  86 14 60 6B 7B 05 59 08
  can0  123   [8]  87 00 27 42 A8 BC 15 FF
  can0  124   [8]  87 14 60 92 62 05 62 08
  can0  123   [8]  88 00 27 42 A9 F5 8D FF
  can0  124   [8]  88 14 60 B9 30 05 6C 08
  can0  123   [8]  89 00 26 42 AB 0F AD FF
  can0  124   [8]  89 14 60 E0 1A 05 75 08
  can0  123   [8]  8A 00 26 42 AC 49 24 FF
  can0  124   [8]  8A 14 61 06 E8 05 7F 08
  can0  123   [8]  8B 00 26 42 AD 63 44 FF
  can0  124   [8]  8B 14 61 2D D5 05 88 08
  can0  123   [8]  8C 00 26 42 AE 7D 63 FF
  can0  124   [8]  8C 14 61 54 A2 05 91 08
  can0  123   [8]  8D 00 27 42 AF B6 DB FF
  can0  124   [8]  8D 14 61 7B 8A 05 9B 08
  can0  123   [8]  8E 00 27 42 B0 F0 53 FF
  can0  124   [8]  8E 14 61 A2 5D 05 A5 08
  can0  123   [8]  8F 00 28 42 B2 0A 73 FF
  can0  124   [8]  8F 14 61 C9 48 05 AE 08
  can0  123   [8]  90 00 28 42 B3 24 92 FF
  can0  124   [8]  90 14 61 F0 15 05 B7 08
  can0  123   [8]  91 00 28 42 B4 5E 0B FF
  can0  124   [8]  91 14 62 16 FD 05 C1 08
  can0  123   [8]  92 00 27 42 B5 78 29 FF
  can0  124   [8]  92 14 62 3D CE 05 CA 08
  can0  123   [8]  93 00 27 42 B6 B1 A2 FF
  can0  124   [8]  93 14 62 64 B9 05 D4 08
  can0  123   [8]  94 00 27 42 B7 CB C2 FF
  can0  124   [8]  94 14 62 8B 8A 05 DD 08
  can0  123   [8]  95 00 27 42 B9 05 3A FF
  can0  124   [8]  95 14 62 B2 71 05 E7 08
  can0  123   [8]  96 00 28 42 BA 1F 59 FF
  can0  124   [8]  96 14 62 D9 46 05 F0 08
  can0  123   [8]  97 00 28 42 BB 39 79 FF
  can0  124   [8]  97 14 63 00 38 05 F9 08
  can0  123   [8]  98 00 29 42 BC 72 F0 FF
  can0  124   [8]  98 14 63 27 0A 06 03 08
  can0  123   [8]  99 00 2A 42 BD 8D 10 FF
  can0  124   [8]  99 14 63 4D F2 06 0C 08
  can0  123   [8]  9A 00 2A 42 BE A7 30 FF
  can0  124   [8]  9A 14 63 74 C9 06 15 08
  can0  123   [8]  9B 00 2A 42 BF E0 A7 FF
  can0  124   [8]  9B 14 63 9B B2 06 1F 08
  can0  123   [8]  9C 00 2A 42 C0 FA C7 FF
  can0  124   [8]  9C 14 63 C2 87 06 28 08
  can0  123   [8]  9D 00 2B 42 C2 34 3E FF
  can0  124   [8]  9D 14 63 E9 73 06 32 08
  can0  123   [8]  9E 00 2B 42 C3 4E 5E FF
  can0  124   [8]  9E 14 64 10 45 06 3B 08
  can0  123   [8]  9F 00 27 42 C4 87 D6 FF
  can0  124   [8]  9F 14 64 37 32 06 45 08
  can0  123   [8]  A0 00 26 42 C5 A1 F5 FF
  can0  124   [8]  A0 14 64 5E 0B 06 4E 08
  can0  123   [8]  A1 00 26 42 C6 BC 15 FF
  can0  124   [8]  A1 14 64 84 FB 06 57 08
  can0  123   [8]  A2 00 26 42 C7 F5 8D FF
  can0  124   [8]  A2 14 64 AB D3 06 61 08
  can0  123   [8]  A3 00 26 42 C9 0F AC FF
  can0  124   [8]  A3 14 64 D2 C3 06 6A 08
  can0  123   [8]  A4 00 26 42 CA 29 CC FF
  can0  124   [8]  A4 14 64 F9 9A 06 73 08
  can0  123   [8]  A5 00 26 42 CB 63 43 FF
  can0  124   [8]  A5 14 65 20 87 06 7D 08
  can0  123   [8]  A6 00 26 42 CC 7D 63 FF
  can0  124   [8]  A6 14 65 47 58 06 86 08
  can0  123   [8]  A7 00 27 42 CD B6 DC FF
  can0  124   [8]  A7 14 65 6E 4B 06 90 08
  can0  123   [8]  A8 00 27 42 CE D0 FA FF
  can0  124   [8]  A8 14 65 95 20 06 99 08
  can0  123   [8]  A9 00 27 42 D0 0A 73 FF
  can0  124   [8]  A9 14 65 BC 10 06 A3 08
  can0  123   [8]  AA 00 27 42 D1 24 93 FF
  can0  124   [8]  AA 14 65 E2 E2 06 AC 08
  can0  123   [8]  AB 00 27 42 D2 3E B1 FF
  can0  124   [8]  AB 14 66 09 C8 06 B5 08
  can0  123   [8]  AC 00 2C 42 D3 78 2A FF
  can0  124   [8]  AC 14 66 30 A8 06 BF 08
  can0  123   [8]  AD 00 2C 42 D4 92 4A FF
  can0  124   [8]  AD 14 66 57 96 06 C8 08
  can0  123   [8]  AE 00 2C 42 D5 AC 68 FF
  can0  124   [8]  AE 14 66 7E 66 06 D1 08
  can0  123   [8]  AF 00 2C 42 D6 E5 E1 FF
  can0  124   [8]  AF 14 66 A5 55 06 DB 08
  can0  123   [8]  B0 00 2D 42 D8 00 01 FF
  can0  124   [8]  B0 14 66 CC 28 06 E4 08
  can0  123   [8]  B1 00 2D 42 D9 1A 1F FF
  can0  124   [8]  B1 14 66 F3 16 06 ED 08
  can0  123   [8]  B2 00 2D 42 DA 53 98 FF
  can0  124   [8]  B2 14 67 19 E9 06 F7 08
  can0  123   [8]  B3 00 2D 42 DB 6D B7 FF
  can0  124   [8]  B3 14 67 40 D6 07 00 08
  can0  123   [8]  B4 00 2D 42 DC 87 D6 FF
  can0  124   [8]  B4 14 67 67 AB 07 09 08
  can0  123   [8]  B5 00 2D 42 DD C1 4F FF
  can0  124   [8]  B5 14 67 8E 98 07 13 08
  can0  123   [8]  B6 00 2D 42 DE DB 6E FF
  can0  124   [8]  B6 14 67 B5 6D 07 1C 08
  can0  123   [8]  B7 00 2D 42 E0 14 E6 FF
  can0  124   [8]  B7 14 67 DC 58 07 26 08
  can0  123   [8]  B8 00 2D 42 E1 2F 06 FF
  can0  124   [8]  B8 14 68 03 34 07 2F 08
  can0  123   [8]  B9 00 2D 42 E2 68 7D FF
  can0  124   [8]  B9 14 68 2A 21 07 39 08
  can0  123   [8]  BA 00 2E 42 E3 82 9D FF
  can0  124   [8]  BA 14 68 50 FA 07 42 08
  can0  123   [8]  BB 00 2E 42 E4 9C BC FF
  can0  124   [8]  BB 14 68 77 EB 07 4B 08
  can0  123   [8]  BC 00 2E 42 E5 D6 34 FF
  can0  124   [8]  BC 14 68 9E C3 07 55 08
  can0  123   [8]  BD 00 2E 42 E6 F0 54 FF
  can0  124   [8]  BD 14 68 C5 B2 07 5E 08
  can0  123   [8]  BE 00 2E 42 E8 0A 73 FF
  can0  124   [8]  BE 14 68 EC 85 07 67 08
  can0  123   [8]  BF 00 2E 42 E9 43 EB FF
  can0  124   [8]  BF 14 69 13 71 07 71 08
  can0  123   [8]  C0 00 2E 42 EA 5E 0A FF
  can0  124   [8]  C0 14 69 3A 49 07 7A 08
  can0  123   [8]  C1 00 2E 42 EB 97 82 FF
  can0  124   [8]  C1 14 69 61 39 07 84 08
  can0  123   [8]  C2 00 2E 42 EC B1 A2 FF
  can0  124   [8]  C2 14 69 88 0B 07 8D 08
  can0  123   [8]  C3 00 2E 42 ED CB C1 FF
  can0  124   [8]  C3 14 69 AE FA 07 96 08
  can0  123   [8]  C4 00 2E 42 EF 05 39 FF
  can0  124   [8]  C4 14 69 D5 D5 07 A0 08
  can0  123   [8]  C5 00 2E 42 F0 1F 59 FF
  can0  124   [8]  C5 14 69 FC C2 07 A9 08
  can0  123   [8]  C6 00 2E 42 F1 58 D2 FF
  can0  124   [8]  C6 14 6A 23 9C 07 B3 08
  can0  123   [8]  C7 00 2F 42 F2 72 F0 FF
  can0  124   [8]  C7 14 6A 4A 89 07 BC 08
  can0  123   [8]  C8 00 2F 42 F3 8D 0F FF
  can0  124   [8]  C8 14 6A 71 61 07 C5 08
  can0  123   [8]  C9 00 2F 42 F4 C6 88 FF
  can0  124   [8]  C9 14 6A 98 4E 07 CF 08
  can0  123   [8]  CA 00 2F 42 F5 E0 A7 FF
  can0  124   [8]  CA 14 6A BF 24 07 D8 08
  can0  123   [8]  CB 00 2F 42 F6 FA C6 FF
  can0  124   [8]  CB 14 6A E6 15 07 E1 08
  can0  123   [8]  CC 00 2F 42 F8 34 3F FF
  can0  124   [8]  CC 14 6B 0C ED 07 EB 08
  can0  123   [8]  CD 00 30 42 F9 4E 5D FF
  can0  124   [8]  CD 14 6B 33 E0 07 F4 08
  can0  123   [8]  CE 00 30 42 FA 68 7D FF
  can0  124   [8]  CE 14 6B 5A BA 07 FD 08
  can0  123   [8]  CF 00 30 42 FB A1 F6 FF
  can0  124   [8]  CF 14 6B 81 AB 08 07 08
  can0  123   [8]  D0 00 30 42 FC BC 14 FF
  can0  124   [8]  D0 14 6B A8 86 08 10 08
  can0  123   [8]  D1 00 30 42 FD D6 34 FF
  can0  124   [8]  D1 14 6B CF 79 08 19 08
  can0  123   [8]  D2 00 30 42 FF 0F AD FF
  can0  124   [8]  D2 14 6B F6 58 08 23 08
  can0  123   [8]  D3 00 30 43 00 14 E6 FF
  can0  124   [8]  D3 14 6C 1D 47 08 2C 08
  can0  123   [8]  D4 00 30 43 00 A1 F5 FF
  can0  124   [8]  D4 14 6C 44 24 08 35 08
  can0  123   [8]  D5 00 31 43 01 3E B2 FF
  can0  124   [8]  D5 14 6C 6B 16 08 3F 08
  can0  123   [8]  D6 00 31 43 01 CB C1 FF
  can0  124   [8]  D6 14 6C 91 EB 08 48 08
  can0  123   [8]  D7 00 31 43 02 58 D1 FF
  can0  124   [8]  D7 14 6C B8 DE 08 51 08
  can0  123   [8]  D8 00 31 43 02 F5 8D FF
  can0  124   [8]  D8 14 6C DF AE 08 5B 08
  can0  123   [8]  D9 00 31 43 03 82 9C FF
  can0  124   [8]  D9 14 6D 06 9A 08 64 08
  can0  123   [8]  DA 00 32 43 04 0F AC FF
  can0  124   [8]  DA 14 6D 2D 73 08 6D 08
  can0  123   [8]  DB 00 32 43 04 AC 69 FF
  can0  124   [8]  DB 14 6D 54 67 08 77 08
  can0  123   [8]  DC 00 32 43 05 39 78 FF
  can0  124   [8]  DC 14 6D 7B 3D 08 80 08
  can0  123   [8]  DD 00 32 43 05 C6 88 FF
  can0  124   [8]  DD 14 6D A2 28 08 89 08
  can0  123   [8]  DE 00 33 43 06 63 44 FF
  can0  124   [8]  DE 14 6D C9 01 08 93 08
  can0  123   [8]  DF 00 33 43 06 F0 53 FF
  can0  124   [8]  DF 14 6D EF F1 08 9C 08
  can0  123   [8]  E0 00 34 43 07 7D 63 FF
  can0  124   [8]  E0 14 6E 16 C8 08 A5 08
  can0  123   [8]  E1 00 34 43 08 0A 73 FF
  can0  124   [8]  E1 14 6E 3D B9 08 AE 08
  can0  123   [8]  E2 00 33 43 08 A7 2F FF
  can0  124   [8]  E2 14 6E 64 96 08 B8 08
  can0  123   [8]  E3 00 33 43 09 34 3E FF
  can0  124   [8]  E3 14 6E 8B 84 08 C1 08
  can0  123   [8]  E4 00 33 43 09 C1 4E FF
  can0  124   [8]  E4 14 6E B2 5C 08 CA 08
  can0  123   [8]  E5 00 32 43 0A 4E 5E FF
  can0  124   [8]  E5 14 6E D9 4B 08 D3 08
  can0  123   [8]  E6 00 32 43 0A EB 1A FF
  can0  124   [8]  E6 14 6F 00 1F 08 DD 08
  can0  123   [8]  E7 00 32 43 0B 78 2A FF
  can0  124   [8]  E7 14 6F 27 0A 08 E6 08
  can0  123   [8]  E8 00 32 43 0C 05 3A FF
  can0  124   [8]  E8 14 6F 4D E1 08 EF 08
  can0  123   [8]  E9 00 31 43 0C A1 F5 FF
  can0  124   [8]  E9 14 6F 74 D1 08 F9 08
  can0  123   [8]  EA 00 31 43 0D 2F 05 FF
  can0  124   [8]  EA 14 6F 9B A2 09 02 08
  can0  123   [8]  EB 00 31 43 0D BC 15 FF
  can0  124   [8]  EB 14 6F C2 92 09 0B 08
  can0  123   [8]  EC 00 30 43 0E 49 25 FF
  can0  124   [8]  EC 14 6F E9 69 09 14 08
  can0  123   [8]  ED 00 30 43 0E D6 35 FF
  can0  124   [8]  ED 14 70 10 50 09 1D 08
  can0  123   [8]  EE 00 30 43 0F 72 F0 FF
  can0  124   [8]  EE 14 70 37 25 09 27 08
  can0  123   [8]  EF 00 30 43 10 00 00 FF
  can0  124   [8]  EF 14 70 5E 10 09 30 08
  can0  123   [8]  F0 00 2F 43 10 8D 10 FF
  can0  124   [8]  F0 14 70 84 E4 09 39 08
  can0  123   [8]  F1 00 2F 43 11 1A 1F FF
  can0  124   [8]  F1 14 70 AB D3 09 42 08
  can0  123   [8]  F2 00 2F 43 11 A7 2F FF
  can0  124   [8]  F2 14 70 D2 A8 09 4B 08
  can0  123   [8]  F3 00 2F 43 12 43 EB FF
  can0  124   [8]  F3 14 70 F9 97 09 55 08
  can0  123   [8]  F4 00 2E 43 12 D0 FA FF
  can0  124   [8]  F4 14 71 20 69 09 5E 08
  can0  123   [8]  F5 00 2E 43 13 5E 0A FF
  can0  124   [8]  F5 14 71 47 5D 09 67 08
  can0  123   [8]  F6 00 2E 43 13 FA C7 FF
  can0  124   [8]  F6 14 71 6E 36 09 71 08
  can0  123   [8]  F7 00 2D 43 14 87 D6 FF
  can0  124   [8]  F7 14 71 95 2A 09 7A 08
  can0  123   [8]  F8 00 2D 43 15 14 E6 FF
  can0  124   [8]  F8 14 71 BB F5 09 83 08
  can0  123   [8]  F9 00 2D 43 15 A1 F5 FF
  can0  124   [8]  F9 14 71 E2 EA 09 8C 08
  can0  123   [8]  FA 00 2D 43 16 2F 05 FF
  can0  124   [8]  FA 14 72 09 C9 09 95 08
  can0  123   [8]  FB 00 2C 43 16 CB C1 FF
  can0  124   [8]  FB 14 72 30 B9 09 9F 08
  can0  123   [8]  FC 00 2C 43 17 58 D1 FF
  can0  124   [8]  FC 14 72 57 8E 09 A8 08
  can0  123   [8]  FD 00 2C 43 17 E5 E1 FF
  can0  124   [8]  FD 14 72 7E 80 09 B1 08
  can0  123   [8]  FE 00 2C 43 18 72 F0 FF
  can0  124   [8]  FE 14 72 A5 4F 09 BA 08
  can0  123   [8]  FF 00 2D 43 19 00 00 FF
  can0  124   [8]  FF 14 72 CC 40 09 C3 08
  can0  123   [8]  00 00 2D 43 19 9C BC FF
  can0  124   [8]  00 14 72 F3 0C 09 CD 08
  can0  123   [8]  01 00 2D 43 1A 29 CC FF
  can0  124   [8]  01 14 73 1A 00 09 D6 08
  can0  123   [8]  02 00 2D 43 1A B6 DC FF
  can0  124   [8]  02 14 73 40 D8 09 DF 08
  can0  123   [8]  03 00 2E 43 1B 43 EB FF
  can0  124   [8]  03 14 73 67 C3 09 E8 08
  can0  123   [8]  04 00 2E 43 1B D0 FB FF
  can0  124   [8]  04 14 73 8E 95 09 F1 08
  can0  123   [8]  05 00 2E 43 1C 6D B7 FF
  can0  124   [8]  05 14 73 B5 88 09 FB 08
  can0  123   [8]  06 00 2F 43 1C EB 1A FF
  can0  124   [8]  06 14 73 DC 5F 0A 03 08
  can0  123   [8]  07 00 30 43 1D 87 D6 FF
  can0  124   [8]  07 14 74 03 54 0A 0D 08
  can0  123   [8]  08 00 30 43 1E 14 E6 FF
  can0  124   [8]  08 14 74 2A 2C 0A 16 08
  can0  123   [8]  09 00 31 43 1E A1 F6 FF
  can0  124   [8]  09 14 74 51 18 0A 1F 08
  can0  123   [8]  0A 00 32 43 1F 2F 05 FF
  can0  124   [8]  0A 14 74 77 ED 0A 28 08
  can0  123   [8]  0B 00 32 43 1F BC 15 FF
  can0  124   [8]  0B 14 74 9E DB 0A 31 08
  can0  123   [8]  0C 00 36 43 20 49 24 FF
  can0  124   [8]  0C 14 74 C5 AC 0A 3A 08
  can0  123   [8]  0D 00 3D 43 20 D6 34 FF
  can0  124   [8]  0D 14 74 EC 98 0A 43 08
  can0  123   [8]  0E 00 40 43 21 72 F1 FF
  can0  124   [8]  0E 14 75 13 6F 0A 4D 08
  can0  123   [8]  0F 00 40 43 22 00 00 FF
  can0  124   [8]  0F 14 75 3A 62 0A 56 08
  can0  123   [8]  10 00 40 43 22 8D 10 FF
  can0  124   [8]  10 14 75 61 36 0A 5F 08
  can0  123   [8]  11 00 3F 43 23 1A 1F FF
  can0  124   [8]  11 14 75 88 AE 0A 68 08
  can0  123   [8]  12 00 44 43 23 A7 2F FF
  can0  124   [8]  12 14 75 AE FC 0A 71 08
  can0  123   [8]  13 00 9A 43 24 34 3F FF
  can0  124   [8]  13 14 75 D5 CF 0A 7A 08
  can0  123   [8]  14 00 D5 43 24 C1 4F FF
  can0  124   [8]  14 14 75 FC 9C 0A 83 08
  can0  123   [8]  15 00 DE 43 25 4E 5E FF
  can0  124   [8]  15 14 76 23 89 0A 8C 08
  can0  123   [8]  16 00 E0 43 25 DB 6E FF
  can0  124   [8]  16 14 76 4A 5A 0A 95 08
  can0  123   [8]  17 00 E1 43 26 68 7D FF
  can0  124   [8]  17 14 76 71 48 0A 9E 08
  can0  123   [8]  18 00 E1 43 26 F5 8D FF
  can0  124   [8]  18 14 76 98 1B 0A A7 08
  can0  123   [8]  19 00 E1 43 27 82 9D FF
  can0  124   [8]  19 14 76 BF 04 0A B0 08
  can0  123   [8]  1A 00 E0 43 28 0F AC FF
  can0  124   [8]  1A 14 76 E5 D4 0A B9 08
  can0  123   [8]  1B 00 E0 43 28 9C BC FF
  can0  124   [8]  1B 14 77 0C C5 0A C2 08
  can0  123   [8]  1C 00 DF 43 29 1A 20 FF
  can0  124   [8]  1C 14 77 33 94 0A CA 08
  can0  123   [8]  1D 00 DE 43 29 A7 2F FF
  can0  124   [8]  1D 14 77 5A 79 0A D3 08
  can0  123   [8]  1E 00 DE 43 2A 34 3F FF
  can0  124   [8]  1E 14 77 81 45 0A DC 08
  can0  123   [8]  1F 00 DD 43 2A C1 4E FF
  can0  124   [8]  1F 14 77 A8 31 0A E5 08
  can0  123   [8]  20 00 DD 43 2B 4E 5E FF
  can0  124   [8]  20 14 77 CE FF 0A EE 08
  can0  123   [8]  21 00 DD 43 2B DB 6E FF
  can0  124   [8]  21 14 77 F5 EA 0A F7 08
  can0  123   [8]  22 00 DC 43 2C 58 D1 FF
  can0  124   [8]  22 14 78 1C BE 0A FF 08
  can0  123   [8]  23 00 DC 43 2C F5 8D FF
  can0  124   [8]  23 14 78 43 AC 0B 09 08
  can0  123   [8]  24 00 DB 43 2D 72 F1 FF
  can0  124   [8]  24 14 78 6A 79 0B 11 08
  can0  123   [8]  25 00 DB 43 2E 00 00 FF
  can0  124   [8]  25 14 78 91 69 0B 1A 08
  can0  123   [8]  26 00 D6 43 2E 8D 0F FF
  can0  124   [8]  26 14 78 B8 3A 0B 23 08
  can0  123   [8]  27 00 CA 43 2F 1A 1F FF
  can0  124   [8]  27 14 78 DF 23 0B 2C 08
  can0  123   [8]  28 00 C2 43 2F A7 2F FF
  can0  124   [8]  28 14 79 05 F5 0B 35 08
  can0  123   [8]  29 00 BF 43 30 24 92 FF
  can0  124   [8]  29 14 79 2C E1 0B 3D 08
  can0  123   [8]  2A 00 BE 43 30 B1 A2 FF
  can0  124   [8]  2A 14 79 53 B5 0B 46 08
  can0  123   [8]  2B 00 BF 43 31 3E B2 FF
  can0  124   [8]  2B 14 79 7A A1 0B 4F 08
  can0  123   [8]  2C 00 C1 43 31 CB C2 FF
  can0  124   [8]  2C 14 79 A1 71 0B 58 08
  can0  123   [8]  2D 00 C1 43 32 58 D1 FF
  can0  124   [8]  2D 14 79 C8 5C 0B 61 08
  can0  123   [8]  2E 00 C1 43 32 E5 E0 FF
  can0  124   [8]  2E 14 79 EF 2D 0B 6A 08
  can0  123   [8]  2F 00 C1 43 33 63 44 FF
  can0  124   [8]  2F 14 7A 16 17 0B 72 08
  can0  123   [8]  30 00 C1 43 33 F0 53 FF
  can0  124   [8]  30 14 7A 3C E7 0B 7B 08
  can0  123   [8]  31 00 C0 43 34 7D 63 FF
  can0  124   [8]  31 14 7A 63 D2 0B 84 08
  can0  123   [8]  32 00 BE 43 35 0A 74 FF
  can0  124   [8]  32 14 7A 8A A3 0B 8D 08
  can0  123   [8]  33 00 B8 43 35 87 D7 FF
  can0  124   [8]  33 14 7A B1 91 0B 95 08
  can0  123   [8]  34 00 A8 43 36 14 E6 FF
  can0  124   [8]  34 14 7A D8 63 0B 9E 08
  can0  123   [8]  35 00 AF 43 36 A1 F6 FF
  can0  124   [8]  35 14 7A FF 4C 0B A7 08
  can0  123   [8]  36 00 B7 43 37 2F 05 FF
  can0  124   [8]  36 14 7B 26 1E 0B B0 08
  can0  123   [8]  37 00 B7 43 37 BC 14 FF
  can0  124   [8]  37 14 7B 4D 12 0B B9 08
  can0  123   [8]  38 00 B4 43 38 39 77 FF
  can0  124   [8]  38 14 7B 73 E0 0B C1 08
  can0  123   [8]  39 00 AE 43 38 C6 88 FF
  can0  124   [8]  39 14 7B 9A D0 0B CA 08
  can0  123   [8]  3A 00 9F 43 39 53 97 FF
  can0  124   [8]  3A 14 7B C1 A4 0B D3 08
  can0  123   [8]  3B 00 8E 43 39 E0 A8 FF
  can0  124   [8]  3B 14 7B E8 88 0B DC 08
  can0  123   [8]  3C 00 73 43 3A 6D B7 FF
  can0  124   [8]  3C 14 7C 0F 5C 0B E5 08
  can0  123   [8]  3D 00 64 43 3A EB 1A FF
  can0  124   [8]  3D 14 7C 36 47 0B ED 08
  can0  123   [8]  3E 00 67 43 3B 78 2A FF
  can0  124   [8]  3E 14 7C 5D 17 0B F6 08
  can0  123   [8]  3F 00 74 43 3C 05 39 FF
  can0  124   [8]  3F 14 7C 84 09 0B FF 08
  can0  123   [8]  40 00 84 43 3C 82 9C FF
  can0  124   [8]  40 14 7C AA D3 0C 07 08
  can0  123   [8]  41 00 8C 43 3D 0F AD FF
  can0  124   [8]  41 14 7C D1 C6 0C 10 08
  can0  123   [8]  42 00 92 43 3D 9C BC FF
  can0  124   [8]  42 14 7C F8 98 0C 19 08
  can0  123   [8]  43 00 94 43 3E 29 CB FF
  can0  124   [8]  43 14 7D 1F 82 0C 22 08
  can0  123   [8]  44 00 90 43 3E B6 DC FF
  can0  124   [8]  44 14 7D 46 4A 0C 2B 08
  can0  123   [8]  45 00 89 43 3F 34 3F FF
  can0  124   [8]  45 14 7D 6D 33 0C 33 08
  can0  123   [8]  46 00 72 43 3F C1 4E FF
  can0  124   [8]  46 14 7D 94 04 0C 3C 08
  can0  123   [8]  47 00 64 43 40 4E 5E FF
  can0  124   [8]  47 14 7D BA F8 0C 45 08
  can0  123   [8]  48 00 7E 43 40 CB C1 FF
  can0  124   [8]  48 14 7D E1 CC 0C 4D 08
  can0  123   [8]  49 00 94 43 41 58 D0 FF
  can0  124   [8]  49 14 7E 08 BB 0C 56 08
  can0  123   [8]  4A 00 A5 43 41 E5 E1 FF
  can0  124   [8]  4A 14 7E 2F 90 0C 5F 08
  can0  123   [8]  4B 00 A7 43 42 72 F0 FF
  can0  124   [8]  4B 14 7E 56 7D 0C 68 08
  can0  123   [8]  4C 00 A7 43 43 00 00 FF
  can0  124   [8]  4C 14 7E 7D 4F 0C 71 08
  can0  123   [8]  4D 00 A7 43 43 7D 64 FF
  can0  124   [8]  4D 14 7E A4 3C 0C 79 08
  can0  123   [8]  4E 00 A6 43 44 0A 73 FF
  can0  124   [8]  4E 14 7E CB 10 0C 82 08
  can0  123   [8]  4F 00 A6 43 44 97 83 FF
  can0  124   [8]  4F 14 7E F1 FD 0C 8B 08
  can0  123   [8]  50 00 A4 43 45 14 E6 FF
  can0  124   [8]  50 14 7F 18 C7 0C 93 08
  can0  123   [8]  51 00 87 43 45 A1 F5 FF
  can0  124   [8]  51 14 7F 3F B4 0C 9C 08
  can0  123   [8]  52 00 52 43 46 2F 06 FF
  can0  124   [8]  52 14 7F 66 9C 0C A5 08
  can0  123   [8]  53 00 3B 43 46 AC 69 FF
  can0  124   [8]  53 14 7F 8D 88 0C AD 08
  can0  123   [8]  54 00 36 43 47 39 78 FF
  can0  124   [8]  54 14 7F B4 5D 0C B6 08
  can0  123   [8]  55 00 35 43 47 C6 88 FF
  can0  124   [8]  55 14 7F DB 4A 0C BF 08
  can0  123   [8]  56 00 35 43 48 53 98 FF
  can0  124   [8]  56 14 80 02 20 0C C8 08
  can0  123   [8]  57 00 34 43 48 E0 A7 FF
  can0  124   [8]  57 14 80 29 07 0C D1 08
  can0  123   [8]  58 00 34 43 49 6D B7 FF
  can0  124   [8]  58 14 80 4F DC 0C DA 08
  can0  123   [8]  59 00 33 43 49 FA C6 FF
  can0  124   [8]  59 14 80 76 C8 0C E3 08
  can0  123   [8]  5A 00 33 43 4A 78 29 FF
  can0  124   [8]  5A 14 80 9D 98 0C EB 08
  can0  123   [8]  5B 00 33 43 4B 05 3A FF
  can0  124   [8]  5B 14 80 C4 89 0C F4 08
  can0  123   [8]  5C 00 33 43 4B 92 49 FF
  can0  124   [8]  5C 14 80 EB 5A 0C FD 08
  can0  123   [8]  5D 00 32 43 4C 1F 59 FF
  can0  124   [8]  5D 14 81 12 49 0D 06 08
  can0  123   [8]  5E 00 32 43 4C AC 68 FF
  can0  124   [8]  5E 14 81 39 1F 0D 0F 08
  can0  123   [8]  5F 00 32 43 4D 39 78 FF
  can0  124   [8]  5F 14 81 60 0D 0D 18 08
  can0  123   [8]  60 00 32 43 4D C6 88 FF
  can0  124   [8]  60 14 81 86 DF 0D 21 08
  can0  123   [8]  61 00 32 43 4E 43 EB FF
  can0  124   [8]  61 14 81 AD CE 0D 29 08
  can0  123   [8]  62 00 32 43 4E D0 FA FF
  can0  124   [8]  62 14 81 D4 9E 0D 32 08
  can0  123   [8]  63 00 32 43 4F 5E 0B FF
  can0  124   [8]  63 14 81 FB 8F 0D 3B 08
  can0  123   [8]  64 00 32 43 4F EB 1A FF
  can0  124   [8]  64 14 82 22 5F 0D 44 08
  can0  123   [8]  65 00 32 43 50 78 2A FF
  can0  124   [8]  65 14 82 49 4C 0D 4D 08
  can0  123   [8]  66 00 32 43 51 05 39 FF
  can0  124   [8]  66 14 82 70 23 0D 56 08
  can0  123   [8]  67 00 32 43 51 92 48 FF
  can0  124   [8]  67 14 82 97 12 0D 5F 08
  can0  123   [8]  68 00 33 43 52 0F AD FF
  can0  124   [8]  68 14 82 BD E1 0D 67 08
  can0  123   [8]  69 00 34 43 52 9C BC FF
  can0  124   [8]  69 14 82 E4 CF 0D 70 08
  can0  123   [8]  6A 00 35 43 53 29 CB FF
  can0  124   [8]  6A 14 83 0B A5 0D 79 08
  can0  123   [8]  6B 00 36 43 53 B6 DC FF
  can0  124   [8]  6B 14 83 32 93 0D 82 08
  can0  123   [8]  6C 00 37 43 54 43 EB FF
  can0  124   [8]  6C 14 83 59 6C 0D 8B 08
  can0  123   [8]  6D 00 37 43 54 D0 FB FF
  can0  124   [8]  6D 14 83 80 5E 0D 94 08
  can0  123   [8]  6E 00 37 43 55 5E 0A FF
  can0  124   [8]  6E 14 83 A7 31 0D 9D 08
  can0  123   [8]  6F 00 37 43 55 DB 6D FF
  can0  124   [8]  6F 14 83 CE 1E 0D A5 08
  can0  123   [8]  70 00 37 43 56 68 7E FF
  can0  124   [8]  70 14 83 F4 F3 0D AE 08
  can0  123   [8]  71 00 38 43 56 F5 8D FF
  can0  124   [8]  71 14 84 1B D7 0D B7 08
  can0  123   [8]  72 00 39 43 57 82 9C FF
  can0  124   [8]  72 14 84 42 AA 0D C0 08
  can0  123   [8]  73 00 3A 43 58 0F AD FF
  can0  124   [8]  73 14 84 69 94 0D C9 08
  can0  123   [8]  74 00 3B 43 58 8D 10 FF
  can0  124   [8]  74 14 84 90 63 0D D1 08
  can0  123   [8]  75 00 3C 43 59 1A 1F FF
  can0  124   [8]  75 14 84 B7 4E 0D DA 08
  can0  123   [8]  76 00 40 43 59 A7 2F FF
  can0  124   [8]  76 14 84 DE 1A 0D E3 08
  can0  123   [8]  77 00 43 43 5A 34 3E FF
  can0  124   [8]  77 14 85 05 0A 0D EC 08
  can0  123   [8]  78 00 44 43 5A C1 4F FF
  can0  124   [8]  78 14 85 2B DA 0D F5 08
  can0  123   [8]  79 00 44 43 5B 4E 5E FF
  can0  124   [8]  79 14 85 52 C4 0D FE 08
  can0  123   [8]  7A 00 43 43 5B DB 6D FF
  can0  124   [8]  7A 14 85 79 97 0E 07 08
  can0  123   [8]  7B 00 42 43 5C 58 D2 FF
  can0  124   [8]  7B 14 85 A0 82 0E 0F 08
  can0  123   [8]  7C 00 40 43 5C E5 E1 FF
  can0  124   [8]  7C 14 85 C7 57 0E 18 08
  can0  123   [8]  7D 00 3F 43 5D 72 F0 FF
  can0  124   [8]  7D 14 85 EE 44 0E 21 08
  can0  123   [8]  7E 00 3E 43 5E 00 00 FF
  can0  124   [8]  7E 14 86 15 15 0E 2A 08
  can0  123   [8]  7F 00 3E 43 5E 8D 0F FF
  can0  124   [8]  7F 14 86 3C 02 0E 33 08
  can0  123   [8]  80 00 3E 43 5F 1A 20 FF
  can0  124   [8]  80 14 86 62 D4 0E 3C 08
  can0  123   [8]  81 00 3E 43 5F A7 2F FF
  can0  124   [8]  81 14 86 89 BE 0E 45 08
  can0  123   [8]  82 00 3E 43 60 34 3F FF
  can0  124   [8]  82 14 86 B0 90 0E 4E 08
  can0  123   [8]  83 00 3E 43 60 C1 4E FF
  can0  124   [8]  83 14 86 D7 7E 0E 57 08
  can0  123   [8]  84 00 3E 43 61 3E B2 FF
  can0  124   [8]  84 14 86 FE 4D 0E 5F 08
  can0  123   [8]  85 00 3E 43 61 CB C1 FF
  can0  124   [8]  85 14 87 25 3B 0E 68 08
  can0  123   [8]  86 00 3F 43 62 58 D1 FF
  can0  124   [8]  86 14 87 4C 0C 0E 71 08
  can0  123   [8]  87 00 40 43 62 E5 E0 FF
  can0  124   [8]  87 14 87 72 F7 0E 7A 08
  can0  123   [8]  88 00 40 43 63 72 F1 FF
  can0  124   [8]  88 14 87 99 CD 0E 83 08
  can0  123   [8]  89 00 41 43 64 00 00 FF
  can0  124   [8]  89 14 87 C0 B3 0E 8C 08
  can0  123   [8]  8A 00 41 43 64 8D 10 FF
  can0  124   [8]  8A 14 87 E7 87 0E 95 08
  can0  123   [8]  8B 00 41 43 65 0A 73 FF
  can0  124   [8]  8B 14 88 0E 6A 0E 9D 08
  can0  123   [8]  8C 00 41 43 65 97 82 FF
  can0  124   [8]  8C 14 88 35 40 0E A6 08
  can0  123   [8]  8D 00 42 43 66 24 93 FF
  can0  124   [8]  8D 14 88 5C 2A 0E AF 08
  can0  123   [8]  8E 00 43 43 66 B1 A2 FF
  can0  124   [8]  8E 14 88 82 FB 0E B8 08
  can0  123   [8]  8F 00 43 43 67 3E B1 FF
  can0  124   [8]  8F 14 88 A9 E5 0E C1 08
  can0  123   [8]  90 00 44 43 67 CB C2 FF
  can0  124   [8]  90 14 88 D0 B6 0E CA 08
  can0  123   [8]  91 00 44 43 68 49 25 FF
  can0  124   [8]  91 14 88 F7 9F 0E D2 08
  can0  123   [8]  92 00 45 43 68 D6 34 FF
  can0  124   [8]  92 14 89 1E 6F 0E DB 08
  can0  123   [8]  93 00 45 43 69 63 44 FF
  can0  124   [8]  93 14 89 45 5B 0E E4 08
  can0  123   [8]  94 00 45 43 69 F0 53 FF
  can0  124   [8]  94 14 89 6C 2B 0E ED 08
  can0  123   [8]  95 00 46 43 6A 7D 64 FF
  can0  124   [8]  95 14 89 93 1F 0E F6 08
  can0  123   [8]  96 00 46 43 6B 0A 73 FF
  can0  124   [8]  96 14 89 B9 EF 0E FF 08
  can0  123   [8]  97 00 47 43 6B 97 82 FF
  can0  124   [8]  97 14 89 E0 DD 0F 08 08
  can0  123   [8]  98 00 48 43 6C 14 E7 FF
  can0  124   [8]  98 14 8A 07 A8 0F 10 08
  can0  123   [8]  99 00 48 43 6C A1 F6 FF
  can0  124   [8]  99 14 8A 2E 9D 0F 19 08
  can0  123   [8]  9A 00 48 43 6D 2F 05 FF
  can0  124   [8]  9A 14 8A 55 6F 0F 22 08
  can0  123   [8]  9B 00 48 43 6D BC 15 FF
  can0  124   [8]  9B 14 8A 7C 5C 0F 2B 08
  can0  123   [8]  9C 00 48 43 6E 49 24 FF
  can0  124   [8]  9C 14 8A A3 31 0F 34 08
  can0  123   [8]  9D 00 48 43 6E D6 35 FF
  can0  124   [8]  9D 14 8A CA 17 0F 3D 08
  can0  123   [8]  9E 00 48 43 6F 53 98 FF
  can0  124   [8]  9E 14 8A F0 EC 0F 45 08
  can0  123   [8]  9F 00 48 43 6F E0 A7 FF
  can0  124   [8]  9F 14 8B 17 D9 0F 4E 08
  can0  123   [8]  A0 00 48 43 70 6D B8 FF
  can0  124   [8]  A0 14 8B 3E AD 0F 57 08
  can0  123   [8]  A1 00 47 43 70 FA C7 FF
  can0  124   [8]  A1 14 8B 65 9C 0F 60 08
  can0  123   [8]  A2 00 47 43 71 87 D6 FF
  can0  124   [8]  A2 14 8B 8C 70 0F 69 08
  can0  123   [8]  A3 00 46 43 72 14 E6 FF
  can0  124   [8]  A3 14 8B B3 5A 0F 72 08
  can0  123   [8]  A4 00 46 43 72 A1 F5 FF
  can0  124   [8]  A4 14 8B DA 2A 0F 7B 08
  can0  123   [8]  A5 00 46 43 73 1F 58 FF
  can0  124   [8]  A5 14 8C 01 19 0F 83 08
  can0  123   [8]  A6 00 46 43 73 AC 69 FF
  can0  124   [8]  A6 14 8C 27 E9 0F 8C 08
  can0  123   [8]  A7 00 46 43 74 39 78 FF
  can0  124   [8]  A7 14 8C 4E D5 0F 95 08
  can0  123   [8]  A8 00 48 43 74 C6 88 FF
  can0  124   [8]  A8 14 8C 75 A9 0F 9E 08
  can0  123   [8]  A9 00 4A 43 75 53 98 FF
  can0  124   [8]  A9 14 8C 9C 95 0F A7 08
  can0  123   [8]  AA 00 4B 43 75 E0 A7 FF
  can0  124   [8]  AA 14 8C C3 6A 0F B0 08
  can0  123   [8]  AB 00 4B 43 76 6D B7 FF
  can0  124   [8]  AB 14 8C EA 55 0F B9 08
  can0  123   [8]  AC 00 4B 43 76 EB 1A FF
  can0  124   [8]  AC 14 8D 11 28 0F C1 08
  can0  123   [8]  AD 00 4C 43 77 78 29 FF
  can0  124   [8]  AD 14 8D 38 0D 0F CA 08
  can0  123   [8]  AE 00 4E 43 78 05 3A FF
  can0  124   [8]  AE 14 8D 5E E5 0F D3 08
  can0  123   [8]  AF 00 50 43 78 92 49 FF
  can0  124   [8]  AF 14 8D 85 CE 0F DC 08
  can0  123   [8]  B0 00 51 43 79 1F 59 FF
  can0  124   [8]  B0 14 8D AC A1 0F E5 08
  can0  123   [8]  B1 00 51 43 79 9C BC FF
  can0  124   [8]  B1 14 8D D3 8C 0F ED 08
  can0  123   [8]  B2 00 52 43 7A 39 78 FF
  can0  124   [8]  B2 14 8D FA 5F 0F F7 08
  can0  123   [8]  B3 00 5B 43 7A B6 DC FF
  can0  124   [8]  B3 14 8E 21 54 0F FF 08
  can0  123   [8]  B4 00 8D 43 7B 43 EB FF
  can0  124   [8]  B4 14 8E 48 0F 10 08 08
  can0  123   [8]  B5 00 AC 43 7B D0 FA FF
  can0  124   [8]  B5 14 8E 6E FA 10 11 08
  can0  123   [8]  B6 00 BE 43 7C 4E 5F FF
  can0  124   [8]  B6 14 8E 95 CE 10 19 08
  can0  123   [8]  B7 00 C9 43 7C DB 6E FF
  can0  124   [8]  B7 14 8E BC B6 10 22 08
  can0  123   [8]  B8 00 D2 43 7D 68 7D FF
  can0  124   [8]  B8 14 8E E3 88 10 2B 08
  can0  123   [8]  B9 00 D7 43 7D F5 8D FF
  can0  124   [8]  B9 14 8F 0A 70 10 34 08
  can0  123   [8]  BA 00 DD 43 7E 72 F0 FF
  can0  124   [8]  BA 14 8F 31 3C 10 3C 08
  can0  123   [8]  BB 00 DD 43 7F 00 00 FF
  can0  124   [8]  BB 14 8F 58 29 10 45 08
  can0  123   [8]  BC 00 E0 43 7F 8D 10 FF
  can0  124   [8]  BC 14 8F 7E FD 10 4E 08
  can0  123   [8]  BD 00 DF 43 80 05 3A FF
  can0  124   [8]  BD 14 8F A5 E8 10 56 08
  can0  123   [8]  BE 00 DC 43 80 4B C1 FF
  can0  124   [8]  BE 14 8F CC BB 10 5F 08
  can0  123   [8]  BF 00 DA 43 80 92 49 FF
  can0  124   [8]  BF 14 8F F3 A3 10 68 08
  can0  123   [8]  C0 00 D8 43 80 D0 FB FF
  can0  124   [8]  C0 14 90 1A 73 10 70 08
  can0  123   [8]  C1 00 D7 43 81 17 82 FF
  can0  124   [8]  C1 14 90 41 60 10 79 08
  can0  123   [8]  C2 00 D7 43 81 5E 0B FF
  can0  124   [8]  C2 14 90 68 35 10 82 08
  can0  123   [8]  C3 00 D6 43 81 9C BC FF
  can0  124   [8]  C3 14 90 8F 24 10 8A 08
  can0  123   [8]  C4 00 C5 43 81 E3 44 FF
  can0  124   [8]  C4 14 90 B5 F7 10 93 08
  can0  123   [8]  C5 00 B2 43 82 29 CC FF
  can0  124   [8]  C5 14 90 DC E1 10 9C 08
  can0  123   [8]  C6 00 AF 43 82 68 7E FF
  can0  124   [8]  C6 14 91 03 B4 10 A4 08
  can0  123   [8]  C7 00 B0 43 82 AF 05 FF
  can0  124   [8]  C7 14 91 2A 9D 10 AD 08
  can0  123   [8]  C8 00 B3 43 82 ED B7 FF
  can0  124   [8]  C8 14 91 51 6F 10 B5 08
  can0  123   [8]  C9 00 B4 43 83 34 3F FF
  can0  124   [8]  C9 14 91 78 5D 10 BE 08
  can0  123   [8]  CA 00 B4 43 83 7A C6 FF
  can0  124   [8]  CA 14 91 9F 31 10 C7 08
  can0  123   [8]  CB 00 B4 43 83 B9 78 FF
  can0  124   [8]  CB 14 91 C6 1D 10 CF 08
  can0  123   [8]  CC 00 B3 43 84 00 00 FF
  can0  124   [8]  CC 14 91 EC F3 10 D8 08
  can0  123   [8]  CD 00 B1 43 84 46 88 FF
  can0  124   [8]  CD 14 92 13 E2 10 E1 08
  can0  123   [8]  CE 00 97 43 84 85 39 FF
  can0  124   [8]  CE 14 92 3A A8 10 E9 08
  can0  123   [8]  CF 00 78 43 84 CB C2 FF
  can0  124   [8]  CF 14 92 61 96 10 F2 08
  can0  123   [8]  D0 00 6B 43 85 12 49 FF
  can0  124   [8]  D0 14 92 88 65 10 FB 08
  can0  123   [8]  D1 00 6E 43 85 50 FB FF
  can0  124   [8]  D1 14 92 AF 51 11 03 08
  can0  123   [8]  D2 00 6E 43 85 97 83 FF
  can0  124   [8]  D2 14 92 D6 1C 11 0C 08
  can0  123   [8]  D3 00 68 43 85 DE 0A FF
  can0  124   [8]  D3 14 92 FD 05 11 15 08
  can0  123   [8]  D4 00 60 43 86 1C BC FF
  can0  124   [8]  D4 14 93 23 E9 11 1D 08
  can0  123   [8]  D5 00 57 43 86 63 44 FF
  can0  124   [8]  D5 14 93 4A D1 11 26 08
  can0  123   [8]  D6 00 54 43 86 A9 CC FF
  can0  124   [8]  D6 14 93 71 9A 11 2F 08
  can0  123   [8]  D7 00 54 43 86 E8 7D FF
  can0  124   [8]  D7 14 93 98 83 11 37 08
  can0  123   [8]  D8 00 54 43 87 2F 06 FF
  can0  124   [8]  D8 14 93 BF 50 11 40 08
  can0  123   [8]  D9 00 54 43 87 75 8D FF
  can0  124   [8]  D9 14 93 E6 39 11 49 08
  can0  123   [8]  DA 00 54 43 87 B4 3F FF
  can0  124   [8]  DA 14 94 0D 0A 11 51 08
  can0  123   [8]  DB 00 55 43 87 FA C7 FF
  can0  124   [8]  DB 14 94 33 EF 11 5A 08
  can0  123   [8]  DC 00 55 43 88 39 78 FF
  can0  124   [8]  DC 14 94 5A C1 11 62 08
  can0  123   [8]  DD 00 55 43 88 80 00 FF
  can0  124   [8]  DD 14 94 81 AE 11 6B 08
  can0  123   [8]  DE 00 55 43 88 BE B1 FF
  can0  124   [8]  DE 14 94 A8 81 11 73 08
  can0  123   [8]  DF 00 55 43 89 05 3A FF
  can0  124   [8]  DF 14 94 CF 6D 11 7C 08
  can0  123   [8]  E0 00 55 43 89 4B C1 FF
  can0  124   [8]  E0 14 94 F6 3B 11 85 08
  can0  123   [8]  E1 00 55 43 89 8A 73 FF
  can0  124   [8]  E1 14 95 1D 22 11 8D 08
  can0  123   [8]  E2 00 55 43 89 D0 FB FF
  can0  124   [8]  E2 14 95 43 EC 11 96 08
  can0  123   [8]  E3 00 53 43 8A 0F AD FF
  can0  124   [8]  E3 14 95 6A D7 11 9E 08
  can0  123   [8]  E4 00 4F 43 8A 56 34 FF
  can0  124   [8]  E4 14 95 91 A0 11 A7 08
  can0  123   [8]  E5 00 4B 43 8A 94 E6 FF
  can0  124   [8]  E5 14 95 B8 92 11 AF 08
  can0  123   [8]  E6 00 49 43 8A DB 6E FF
  can0  124   [8]  E6 14 95 DF 62 11 B8 08
  can0  123   [8]  E7 00 47 43 8B 21 F5 FF
  can0  124   [8]  E7 14 96 06 4D 11 C1 08
  can0  123   [8]  E8 00 48 43 8B 60 A7 FF
  can0  124   [8]  E8 14 96 2D 1F 11 C9 08
  can0  123   [8]  E9 00 48 43 8B A7 2F FF
  can0  124   [8]  E9 14 96 54 09 11 D2 08
  can0  123   [8]  EA 00 43 43 8B ED B7 FF
  can0  124   [8]  EA 14 96 7A D8 11 DB 08
  can0  123   [8]  EB 00 42 43 8C 2C 68 FF
  can0  124   [8]  EB 14 96 A1 C2 11 E3 08
  can0  123   [8]  EC 00 41 43 8C 72 F1 FF
  can0  124   [8]  EC 14 96 C8 8D 11 EC 08
  can0  123   [8]  ED 00 41 43 8C B9 78 FF
  can0  124   [8]  ED 14 96 EF 7B 11 F5 08
  can0  123   [8]  EE 00 41 43 8C F8 2A FF
  can0  124   [8]  EE 14 97 16 4C 11 FD 08
  can0  123   [8]  EF 00 41 43 8D 3E B2 FF
  can0  124   [8]  EF 14 97 3D 36 12 06 08
  can0  123   [8]  F0 00 41 43 8D 7D 63 FF
  can0  124   [8]  F0 14 97 64 09 12 0E 08
  can0  123   [8]  F1 00 40 43 8D C3 EB FF
  can0  124   [8]  F1 14 97 8A F7 12 17 08
  can0  123   [8]  F2 00 40 43 8E 0A 73 FF
  can0  124   [8]  F2 14 97 B1 C2 12 20 08
  can0  123   [8]  F3 00 40 43 8E 50 FB FF
  can0  124   [8]  F3 14 97 D8 AC 12 29 08
  can0  123   [8]  F4 00 40 43 8E 8F AC FF
  can0  124   [8]  F4 14 97 FF 79 12 31 08
  can0  123   [8]  F5 00 3F 43 8E D6 35 FF
  can0  124   [8]  F5 14 98 26 67 12 3A 08
  can0  123   [8]  F6 00 3F 43 8F 1C BC FF
  can0  124   [8]  F6 14 98 4D 3F 12 43 08
  can0  123   [8]  F7 00 3E 43 8F 5B 6E FF
  can0  124   [8]  F7 14 98 74 2C 12 4B 08
  can0  123   [8]  F8 00 3E 43 8F A1 F6 FF
  can0  124   [8]  F8 14 98 9B 01 12 54 08
  can0  123   [8]  F9 00 3E 43 8F E8 7D FF
  can0  124   [8]  F9 14 98 C1 EA 12 5D 08
  can0  123   [8]  FA 00 3E 43 90 2F 05 FF
  can0  124   [8]  FA 14 98 E8 BC 12 66 08
  can0  123   [8]  FB 00 3D 43 90 6D B7 FF
  can0  124   [8]  FB 14 99 0F A9 12 6E 08
  can0  123   [8]  FC 00 3D 43 90 B4 3F FF
  can0  124   [8]  FC 14 99 36 72 12 77 08
  can0  123   [8]  FD 00 3C 43 90 FA C6 FF
  can0  124   [8]  FD 14 99 5D 5E 12 80 08
  can0  123   [8]  FE 00 3D 43 91 39 78 FF
  can0  124   [8]  FE 14 99 84 2D 12 88 08
  can0  123   [8]  FF 00 3E 43 91 80 00 FF
  can0  124   [8]  FF 14 99 AB 14 12 91 08
  can0  123   [8]  00 00 45 43 91 C6 88 FF
  can0  124   [8]  00 14 99 D1 E5 12 9A 08
  can0  123   [8]  01 00 4E 43 92 05 39 FF
  can0  124   [8]  01 14 99 F8 D5 12 A2 08
  can0  123   [8]  02 00 53 43 92 4B C1 FF
  can0  124   [8]  02 14 9A 1F A7 12 AB 08
  can0  123   [8]  03 00 55 43 92 92 49 FF
  can0  124   [8]  03 14 9A 46 93 12 B4 08
  can0  123   [8]  04 00 55 43 92 D0 FA FF
  can0  124   [8]  04 14 9A 6D 63 12 BC 08
  can0  123   [8]  05 00 55 43 93 17 83 FF
  can0  124   [8]  05 14 9A 94 47 12 C5 08
  can0  123   [8]  06 00 55 43 93 5E 0A FF
  can0  124   [8]  06 14 9A BB 12 12 CE 08
  can0  123   [8]  07 00 55 43 93 9C BC FF
  can0  124   [8]  07 14 9A E2 03 12 D6 08
  can0  123   [8]  08 00 4F 43 93 E3 44 FF
  can0  124   [8]  08 14 9B 08 D5 12 DF 08
  can0  123   [8]  09 00 46 43 94 29 CC FF
  can0  124   [8]  09 14 9B 2F BB 12 E8 08
  can0  123   [8]  0A 00 3B 43 94 70 54 FF
  can0  124   [8]  0A 14 9B 56 89 12 F1 08
  can0  123   [8]  0B 00 31 43 94 AF 05 FF
  can0  124   [8]  0B 14 9B 7D 73 12 F9 08
  can0  123   [8]  0C 00 2C 43 94 F5 8D FF
  can0  124   [8]  0C 14 9B A4 3D 13 02 08
  can0  123   [8]  0D 00 2B 43 95 3C 15 FF
  can0  124   [8]  0D 14 9B CB 2C 13 0B 08
  can0  123   [8]  0E 00 2B 43 95 7A C7 FF
  can0  124   [8]  0E 14 9B F1 FD 13 13 08
  can0  123   [8]  0F 00 2B 43 95 C1 4E FF
  can0  124   [8]  0F 14 9C 18 E7 13 1C 08
  can0  123   [8]  10 00 2C 43 96 07 D6 FF
  can0  124   [8]  10 14 9C 3F B8 13 25 08
  can0  123   [8]  11 00 2D 43 96 46 88 FF
  can0  124   [8]  11 14 9C 66 A4 13 2D 08
  can0  123   [8]  12 00 2D 43 96 8D 10 FF
  can0  124   [8]  12 14 9C 8D 72 13 36 08
  can0  123   [8]  13 00 2E 43 96 CB C1 FF
  can0  124   [8]  13 14 9C B4 5B 13 3E 08
  can0  123   [8]  14 00 2D 43 97 12 49 FF
  can0  124   [8]  14 14 9C DB 2E 13 47 08
  can0  123   [8]  15 00 2D 43 97 50 FB FF
  can0  124   [8]  15 14 9D 02 18 13 4F 08
  can0  123   [8]  16 00 2D 43 97 97 82 FF
  can0  124   [8]  16 14 9D 28 E9 13 58 08
  can0  123   [8]  17 00 2D 43 97 DE 0B FF
  can0  124   [8]  17 14 9D 4F D3 13 61 08
  can0  123   [8]  18 00 2E 43 98 1C BC FF
  can0  124   [8]  18 14 9D 76 9F 13 69 08
  can0  123   [8]  19 00 2F 43 98 63 44 FF
  can0  124   [8]  19 14 9D 9D 83 13 72 08
  can0  123   [8]  1A 00 32 43 98 A9 CC FF
  can0  124   [8]  1A 14 9D C4 55 13 7B 08
  can0  123   [8]  1B 00 33 43 98 E8 7E FF
  can0  124   [8]  1B 14 9D EB 39 13 83 08
  can0  123   [8]  1C 00 33 43 99 2F 05 FF
  can0  124   [8]  1C 14 9E 12 04 13 8C 08
  can0  123   [8]  1D 00 33 43 99 75 8D FF
  can0  124   [8]  1D 14 9E 38 ED 13 95 08
  can0  123   [8]  1E 00 33 43 99 B4 3F FF
  can0  124   [8]  1E 14 9E 5F B5 13 9D 08
  can0  123   [8]  1F 00 34 43 99 FA C6 FF
  can0  124   [8]  1F 14 9E 86 A6 13 A6 08
  can0  123   [8]  20 00 36 43 9A 41 4F FF
  can0  124   [8]  20 14 9E AD 74 13 AF 08
  can0  123   [8]  21 00 39 43 9A 80 00 FF
  can0  124   [8]  21 14 9E D4 5A 13 B7 08
  can0  123   [8]  22 00 3B 43 9A C6 88 FF
  can0  124   [8]  22 14 9E FB 24 13 C0 08
  can0  123   [8]  23 00 3B 43 9B 0D 10 FF
  can0  124   [8]  23 14 9F 22 13 13 C9 08
  can0  123   [8]  24 00 3C 43 9B 4B C2 FF
  can0  124   [8]  24 14 9F 48 E2 13 D1 08
  can0  123   [8]  25 00 3E 43 9B 92 49 FF
  can0  124   [8]  25 14 9F 6F C6 13 DA 08
  can0  123   [8]  26 00 41 43 9B D0 FB FF
  can0  124   [8]  26 14 9F 96 97 13 E2 08
  can0  123   [8]  27 00 42 43 9C 17 83 FF
  can0  124   [8]  27 14 9F BD 7B 13 EB 08
  can0  123   [8]  28 00 43 43 9C 56 34 FF
  can0  124   [8]  28 14 9F E4 50 13 F3 08
  can0  123   [8]  29 00 44 43 9C 9C BC FF
  can0  124   [8]  29 14 A0 0B 36 13 FC 08
  can0  123   [8]  2A 00 45 43 9C E3 44 FF
  can0  124   [8]  2A 14 A0 32 01 14 05 08
  can0  123   [8]  2B 00 47 43 9D 21 F6 FF
  can0  124   [8]  2B 14 A0 58 EF 14 0D 08
  can0  123   [8]  2C 00 48 43 9D 68 7D FF
  can0  124   [8]  2C 14 A0 7F BA 14 16 08
  can0  123   [8]  2D 00 49 43 9D A7 2F FF
  can0  124   [8]  2D 14 A0 A6 A5 14 1E 08
  can0  123   [8]  2E 00 49 43 9D ED B7 FF
  can0  124   [8]  2E 14 A0 CD 70 14 27 08
  can0  123   [8]  2F 00 4A 43 9E 2C 69 FF
  can0  124   [8]  2F 14 A0 F4 54 14 2F 08
  can0  123   [8]  30 00 4B 43 9E 72 F0 FF
  can0  124   [8]  30 14 A1 1B 23 14 38 08
  can0  123   [8]  31 00 4C 43 9E B9 78 FF
  can0  124   [8]  31 14 A1 42 09 14 41 08
  can0  123   [8]  32 00 4C 43 9E F8 2A FF
  can0  124   [8]  32 14 A1 68 D9 14 49 08
  can0  123   [8]  33 00 4C 43 9F 36 DB FF
  can0  124   [8]  33 14 A1 8F C0 14 51 08
  can0  123   [8]  34 00 4C 43 9F 7D 63 FF
  can0  124   [8]  34 14 A1 B6 8D 14 5A 08
  can0  123   [8]  35 00 4C 43 9F BC 15 FF
  can0  124   [8]  35 14 A1 DD 6F 14 62 08
  can0  123   [8]  36 00 4C 43 A0 02 9D FF
  can0  124   [8]  36 14 A2 04 41 14 6B 08
  can0  123   [8]  37 00 4B 43 A0 41 4E FF
  can0  124   [8]  37 14 A2 2B 29 14 73 08
  can0  123   [8]  38 00 4B 43 A0 87 D7 FF
  can0  124   [8]  38 14 A2 51 F2 14 7C 08
  can0  123   [8]  39 00 4A 43 A0 C6 88 FF
  can0  124   [8]  39 14 A2 78 DD 14 84 08
  can0  123   [8]  3A 00 4A 43 A1 0D 10 FF
  can0  124   [8]  3A 14 A2 9F AA 14 8D 08
  can0  123   [8]  3B 00 49 43 A1 4B C1 FF
  can0  124   [8]  3B 14 A2 C6 97 14 95 08
  can0  123   [8]  3C 00 49 43 A1 8A 73 FF
  can0  124   [8]  3C 14 A2 ED 62 14 9D 08
  can0  123   [8]  3D 00 48 43 A1 D0 FB FF
  can0  124   [8]  3D 14 A3 14 50 14 A6 08
  can0  123   [8]  3E 00 48 43 A2 0F AC FF
  can0  124   [8]  3E 14 A3 3B 1B 14 AE 08
  can0  123   [8]  3F 00 47 43 A2 56 34 FF
  can0  124   [8]  3F 14 A3 62 06 14 B7 08
  can0  123   [8]  40 00 47 43 A2 94 E6 FF
  can0  124   [8]  40 14 A3 88 D5 14 BF 08
  can0  123   [8]  41 00 46 43 A2 D3 98 FF
  can0  124   [8]  41 14 A3 AF B3 14 C7 08
  can0  123   [8]  42 00 46 43 A3 1A 1F FF
  can0  124   [8]  42 14 A3 D6 83 14 D0 08
  can0  123   [8]  43 00 46 43 A3 58 D1 FF
  can0  124   [8]  43 14 A3 FD 6A 14 D8 08
  can0  123   [8]  44 00 44 43 A3 97 82 FF
  can0  124   [8]  44 14 A4 24 30 14 E0 08
  can0  123   [8]  45 00 41 43 A3 DE 0B FF
  can0  124   [8]  45 14 A4 4B 16 14 E9 08
  can0  123   [8]  46 00 39 43 A4 1C BC FF
  can0  124   [8]  46 14 A4 71 E1 14 F1 08
  can0  123   [8]  47 00 3E 43 A4 5B 6E FF
  can0  124   [8]  47 14 A4 98 C8 14 F9 08
  can0  123   [8]  48 00 43 43 A4 9A 1F FF
  can0  124   [8]  48 14 A4 BF 90 15 01 08
  can0  123   [8]  49 00 43 43 A4 D8 D1 FF
  can0  124   [8]  49 14 A4 E6 6E 15 09 08
  can0  123   [8]  4A 00 43 43 A5 17 82 FF
  can0  124   [8]  4A 14 A5 0D 3E 15 11 08
  can0  123   [8]  4B 00 43 43 A5 56 35 FF
  can0  124   [8]  4B 14 A5 34 26 15 19 08
  can0  123   [8]  4C 00 43 43 A5 9C BC FF
  can0  124   [8]  4C 14 A5 5A EC 15 22 08
  can0  123   [8]  4D 00 42 43 A5 D3 98 FF
  can0  124   [8]  4D 14 A5 81 CF 15 29 08
  can0  123   [8]  4E 00 42 43 A6 1A 1F FF
  can0  124   [8]  4E 14 A5 A8 9B 15 32 08
  can0  123   [8]  4F 00 41 43 A6 58 D1 FF
  can0  124   [8]  4F 14 A5 CF 81 15 3A 08
  can0  123   [8]  50 00 41 43 A6 97 83 FF
  can0  124   [8]  50 14 A5 F6 4B 15 42 08
  can0  123   [8]  51 00 41 43 A6 D6 34 FF
  can0  124   [8]  51 14 A6 1D 30 15 4A 08
  can0  123   [8]  52 00 43 43 A7 0D 10 FF
  can0  124   [8]  52 14 A6 43 FC 15 51 08
  can0  123   [8]  53 00 44 43 A7 4B C1 FF
  can0  124   [8]  53 14 A6 6A E4 15 59 08
  can0  123   [8]  54 00 42 43 A7 8A 73 FF
  can0  124   [8]  54 14 A6 91 AC 15 61 08
  can0  123   [8]  55 00 40 43 A7 C9 25 FF
  can0  124   [8]  55 14 A6 B8 94 15 69 08
  can0  123   [8]  56 00 40 43 A8 07 D6 FF
  can0  124   [8]  56 14 A6 DF 61 15 71 08
  can0  123   [8]  57 00 3F 43 A8 46 88 FF
  can0  124   [8]  57 14 A7 06 4A 15 79 08
  can0  123   [8]  58 00 3F 43 A8 85 39 FF
  can0  124   [8]  58 14 A7 2D 11 15 81 08
  can0  123   [8]  59 00 3F 43 A8 C3 EB FF
  can0  124   [8]  59 14 A7 53 F9 15 89 08
  can0  123   [8]  5A 00 3F 43 A9 02 9D FF
  can0  124   [8]  5A 14 A7 7A C6 15 91 08
  can0  123   [8]  5B 00 3F 43 A9 41 4E FF
  can0  124   [8]  5B 14 A7 A1 AE 15 99 08
  can0  123   [8]  5C 00 3F 43 A9 78 2A FF
  can0  124   [8]  5C 14 A7 C8 7C 15 A0 08
  can0  123   [8]  5D 00 3E 43 A9 B6 DB FF
  can0  124   [8]  5D 14 A7 EF 65 15 A8 08
  can0  123   [8]  5E 00 3E 43 A9 F5 8D FF
  can0  124   [8]  5E 14 A8 16 30 15 B0 08
  can0  123   [8]  5F 00 3E 43 AA 34 3F FF
  can0  124   [8]  5F 14 A8 3D 12 15 B8 08
  can0  123   [8]  60 00 3E 43 AA 72 F0 FF
  can0  124   [8]  60 14 A8 63 E6 15 C0 08
  can0  123   [8]  61 00 3E 43 AA A9 CC FF
  can0  124   [8]  61 14 A8 8A C9 15 C7 08
  can0  123   [8]  62 00 3D 43 AA E8 7D FF
  can0  124   [8]  62 14 A8 B1 98 15 CF 08
  can0  123   [8]  63 00 3D 43 AB 27 2F FF
  can0  124   [8]  63 14 A8 D8 7E 15 D7 08
  can0  123   [8]  64 00 3D 43 AB 65 E1 FF
  can0  124   [8]  64 14 A8 FF 4C 15 DF 08
  can0  123   [8]  65 00 3D 43 AB A4 92 FF
  can0  124   [8]  65 14 A9 26 2A 15 E7 08
  can0  123   [8]  66 00 3D 43 AB DB 6E FF
  can0  124   [8]  66 14 A9 4C FD 15 EE 08
  can0  123   [8]  67 00 3D 43 AC 1A 1F FF
  can0  124   [8]  67 14 A9 73 E1 15 F6 08
  can0  123   [8]  68 00 3C 43 AC 58 D1 FF
  can0  124   [8]  68 14 A9 9A B2 15 FE 08
  can0  123   [8]  69 00 3C 43 AC 97 83 FF
  can0  124   [8]  69 14 A9 C1 92 16 06 08
  can0  123   [8]  6A 00 3C 43 AC D6 34 FF
  can0  124   [8]  6A 14 A9 E8 5C 16 0E 08
  can0  123   [8]  6B 00 3C 43 AD 0D 10 FF
  can0  124   [8]  6B 14 AA 0F 43 16 15 08
  can0  123   [8]  6C 00 3C 43 AD 4B C1 FF
  can0  124   [8]  6C 14 AA 36 12 16 1D 08
  can0  123   [8]  6D 00 3C 43 AD 8A 73 FF
  can0  124   [8]  6D 14 AA 5C F0 16 25 08
  can0  123   [8]  6E 00 3C 43 AD C9 25 FF
  can0  124   [8]  6E 14 AA 83 C5 16 2D 08
  can0  123   [8]  6F 00 3B 43 AE 00 00 FF
  can0  124   [8]  6F 14 AA AA AF 16 34 08
  can0  123   [8]  70 00 3B 43 AE 3E B2 FF
  can0  124   [8]  70 14 AA D1 7D 16 3C 08
  can0  123   [8]  71 00 3B 43 AE 75 8D FF
  can0  124   [8]  71 14 AA F8 66 16 43 08
  can0  123   [8]  72 00 3B 43 AE B4 3F FF
  can0  124   [8]  72 14 AB 1F 35 16 4B 08
  can0  123   [8]  73 00 3B 43 AE F2 F0 FF
  can0  124   [8]  73 14 AB 46 21 16 53 08
  can0  123   [8]  74 00 3B 43 AF 29 CC FF
  can0  124   [8]  74 14 AB 6C EC 16 5A 08
  can0  123   [8]  75 00 3B 43 AF 68 7E FF
  can0  124   [8]  75 14 AB 93 D0 16 62 08
  can0  123   [8]  76 00 3B 43 AF 9F 59 FF
  can0  124   [8]  76 14 AB BA A2 16 69 08
  can0  123   [8]  77 00 3A 43 AF DE 0B FF
  can0  124   [8]  77 14 AB E1 88 16 71 08
  can0  123   [8]  78 00 3A 43 B0 1C BC FF
  can0  124   [8]  78 14 AC 08 4F 16 79 08
  can0  123   [8]  79 00 39 43 B0 53 98 FF
  can0  124   [8]  79 14 AC 2F 3F 16 80 08
  can0  123   [8]  7A 00 38 43 B0 92 49 FF
  can0  124   [8]  7A 14 AC 56 0C 16 88 08
  can0  123   [8]  7B 00 38 43 B0 C9 25 FF
  can0  124   [8]  7B 14 AC 7C F7 16 8F 08
  can0  123   [8]  7C 00 38 43 B1 07 D6 FF
  can0  124   [8]  7C 14 AC A3 C5 16 97 08
  can0  123   [8]  7D 00 39 43 B1 3E B2 FF
  can0  124   [8]  7D 14 AC CA A9 16 9E 08
  can0  123   [8]  7E 00 3A 43 B1 7D 63 FF
  can0  124   [8]  7E 14 AC F1 7E 16 A6 08
  can0  123   [8]  7F 00 3A 43 B1 B4 3F FF
  can0  124   [8]  7F 14 AD 18 69 16 AD 08
  can0  123   [8]  80 00 3A 43 B1 F2 F0 FF
  can0  124   [8]  80 14 AD 3F C9 16 B5 08
  can0  123   [8]  81 00 3A 43 B2 31 A2 FF
  can0  124   [8]  81 14 AD 66 22 16 BD 08
  can0  123   [8]  82 00 3B 43 B2 68 7D FF
  can0  124   [8]  82 14 AD 8C F6 16 C4 08
  can0  123   [8]  83 00 3B 43 B2 9F 59 FF
  can0  124   [8]  83 14 AD B3 E3 16 CB 08
  can0  123   [8]  84 00 3B 43 B2 DE 0A FF
  can0  124   [8]  84 14 AD DA B9 16 D3 08
  can0  123   [8]  85 00 3B 43 B3 1C BC FF
  can0  124   [8]  85 14 AE 01 A5 16 DB 08
  can0  123   [8]  86 00 3B 43 B3 53 97 FF
  can0  124   [8]  86 14 AE 28 76 16 E2 08
  can0  123   [8]  87 00 3B 43 B3 92 49 FF
  can0  124   [8]  87 14 AE 4F 61 16 EA 08
  can0  123   [8]  88 00 3B 43 B3 C9 24 FF
  can0  124   [8]  88 14 AE 76 33 16 F1 08
  can0  123   [8]  89 00 3B 3D 7A C6 88 FF
  can0  124   [8]  89 14 AE 9D 1D 00 01 08
  can0  123   [8]  8A 00 3B 3E FA C6 88 FF
  can0  124   [8]  8A 14 AE C3 EB 00 08 08
  can0  123   [8]  8B 00 3B 3F 6B 1A 1F FF
  can0  124   [8]  8B 14 AE EA CE 00 0F 08
  can0  123   [8]  8C 00 39 3F 94 E5 E1 FF
  can0  124   [8]  8C 14 AF 11 A7 00 13 08
  can0  123   [8]  8D 00 39 3F 9C BC 15 FF
  can0  124   [8]  8D 14 AF 38 8B 00 14 08
  can0  123   [8]  8E 00 39 3F 9C BC 15 FF
  can0  124   [8]  8E 14 AF 5F 5A 00 14 08
  can0  123   [8]  8F 00 39 3F 9C BC 15 FF
  can0  124   [8]  8F 14 AF 86 43 00 14 08
  can0  123   [8]  90 00 39 3F 9C BC 15 FF
  can0  124   [8]  90 14 AF AD 12 00 14 08
  can0  123   [8]  91 00 39 3F 9C BC 15 FF
  can0  124   [8]  91 14 AF D3 FB 00 14 08
  can0  123   [8]  92 00 39 3F 9C BC 15 FF
  can0  124   [8]  92 14 AF FA C7 00 14 08
  can0  123   [8]  93 00 3A 3F 9C BC 15 FF
  can0  124   [8]  93 14 B0 21 AB 00 14 08
  can0  123   [8]  94 00 3A 3F 9C BC 15 FF
  can0  124   [8]  94 14 B0 48 73 00 14 08
  can0  123   [8]  95 00 39 3F 9C BC 15 FF
  can0  124   [8]  95 14 B0 6F 5D 00 14 08
  can0  123   [8]  96 00 3A 3F 8D 0F AC FF
  can0  124   [8]  96 14 B0 96 2D 00 12 08
  can0  123   [8]  97 00 3A 3F 6B 1A 1F FF
  can0  124   [8]  97 14 B0 BD 15 00 0F 08
  can0  123   [8]  98 00 3A 3F 4B C1 4E FF
  can0  124   [8]  98 14 B0 E3 E6 00 0D 08
  can0  123   [8]  99 00 3A 3F 2C 68 7E FF
  can0  124   [8]  99 14 B1 0A D0 00 0B 08
  can0  123   [8]  9A 00 3A 3F 0D 0F AC FF
  can0  124   [8]  9A 14 B1 31 A6 00 09 08
  can0  123   [8]  9B 00 3A 3E BC 14 E5 FF
  can0  124   [8]  9B 14 B1 58 8E 00 06 08
  can0  123   [8]  9C 00 3A 3D FA C6 88 FF
  can0  124   [8]  9C 14 B1 7F 64 00 02 08
  can0  123   [8]  9D 00 3A 00 00 00 00 FF
  can0  124   [8]  9D 14 B1 A6 55 00 00 08
  can0  123   [8]  9E 00 3A 43 B3 E0 A7 FF
  can0  124   [8]  9E 14 B1 CD 29 16 F4 08
  can0  123   [8]  9F 00 3A 43 B3 C9 24 FF
  can0  124   [8]  9F 14 B1 F4 17 16 F1 08
  can0  123   [8]  A0 00 3A 43 B3 A9 CC FF
  can0  124   [8]  A0 14 B2 1A EC 16 ED 08
  can0  123   [8]  A1 00 3A 43 B3 92 49 FF
  can0  124   [8]  A1 14 B2 41 DC 16 EA 08
  can0  123   [8]  A2 00 3A 43 B3 72 F0 FF
  can0  124   [8]  A2 14 B2 68 B1 16 E6 08
  can0  123   [8]  A3 00 3A 43 B3 5B 6D FF
  can0  124   [8]  A3 14 B2 8F 9F 16 E3 08
  can0  123   [8]  A4 00 3A 43 B3 3C 15 FF
  can0  124   [8]  A4 14 B2 B6 71 16 DF 08
  can0  123   [8]  A5 00 3A 43 B3 1C BC FF
  can0  124   [8]  A5 14 B2 DD 60 16 DB 08
  can0  123   [8]  A6 00 3A 43 B2 FD 63 FF
  can0  124   [8]  A6 14 B3 04 34 16 D7 08
  can0  123   [8]  A7 00 3A 43 B2 DE 0A FF
  can0  124   [8]  A7 14 B3 2B 1D 16 D3 08
  can0  123   [8]  A8 00 3A 43 B2 BE B2 FF
  can0  124   [8]  A8 14 B3 51 F4 16 CF 08
  can0  123   [8]  A9 00 3A 43 B2 9F 59 FF
  can0  124   [8]  A9 14 B3 78 DF 16 CB 08
  can0  123   [8]  AA 00 3A 43 B2 80 00 FF
  can0  124   [8]  AA 14 B3 9F B1 16 C7 08
  can0  123   [8]  AB 00 3A 43 B2 60 A7 FF
  can0  124   [8]  AB 14 B3 C6 9B 16 C3 08
  can0  123   [8]  AC 00 3A 43 B2 41 4F FF
  can0  124   [8]  AC 14 B3 ED 6F 16 BF 08
  can0  123   [8]  AD 00 3A 43 B2 1A 1F FF
  can0  124   [8]  AD 14 B4 14 54 16 BA 08
  can0  123   [8]  AE 00 3A 43 B1 FA C6 FF
  can0  124   [8]  AE 14 B4 3B 29 16 B6 08
  can0  123   [8]  AF 00 3A 43 B1 D3 98 FF
  can0  124   [8]  AF 14 B4 62 11 16 B1 08
  can0  123   [8]  B0 00 3A 43 B1 B4 3F FF
  can0  124   [8]  B0 14 B4 88 DF 16 AD 08
  can0  123   [8]  B1 00 3B 43 B1 8D 10 FF
  can0  124   [8]  B1 14 B4 AF C6 16 A8 08
  can0  123   [8]  B2 00 3B 43 B1 6D B7 FF
  can0  124   [8]  B2 14 B4 D6 9A 16 A4 08
  can0  123   [8]  B3 00 3B 43 B1 46 88 FF
  can0  124   [8]  B3 14 B4 FD 83 16 9F 08
  can0  123   [8]  B4 00 3B 43 B1 27 2F FF
  can0  124   [8]  B4 14 B5 24 58 16 9B 08
  can0  123   [8]  B5 00 3B 43 B1 00 00 FF
  can0  124   [8]  B5 14 B5 4B 41 16 96 08
  can0  123   [8]  B6 00 3A 43 B0 D8 D1 FF
  can0  124   [8]  B6 14 B5 72 16 16 91 08
  can0  123   [8]  B7 00 3A 43 B0 B1 A2 FF
  can0  124   [8]  B7 14 B5 98 FC 16 8C 08
  can0  123   [8]  B8 00 39 43 B0 8A 73 FF
  can0  124   [8]  B8 14 B5 BF CD 16 87 08
  can0  123   [8]  B9 00 38 43 B0 63 44 FF
  can0  124   [8]  B9 14 B5 E6 B1 16 82 08
  can0  123   [8]  BA 00 39 43 B0 3C 15 FF
  can0  124   [8]  BA 14 B6 0D 7E 16 7D 08
  can0  123   [8]  BB 00 38 43 B0 14 E6 FF
  can0  124   [8]  BB 14 B6 34 68 16 78 08
  can0  123   [8]  BC 00 39 43 AF ED B7 FF
  can0  124   [8]  BC 14 B6 5B 2F 16 73 08
  can0  123   [8]  BD 00 39 43 AF C6 88 FF
  can0  124   [8]  BD 14 B6 82 1A 16 6E 08
  can0  123   [8]  BE 00 3A 43 AF 9F 59 FF
  can0  124   [8]  BE 14 B6 A8 E2 16 69 08
  can0  123   [8]  BF 00 3A 43 AF 78 2A FF
  can0  124   [8]  BF 14 B6 CF D2 16 64 08
  can0  123   [8]  C0 00 3B 43 AF 49 25 FF
  can0  124   [8]  C0 14 B6 F6 A5 16 5E 08
  can0  123   [8]  C1 00 3B 43 AF 21 F5 FF
  can0  124   [8]  C1 14 B7 1D 92 16 59 08
  can0  123   [8]  C2 00 3B 43 AE FA C6 FF
  can0  124   [8]  C2 14 B7 44 5E 16 54 08
  can0  123   [8]  C3 00 3B 43 AE CB C1 FF
  can0  124   [8]  C3 14 B7 6B 46 16 4E 08
  can0  123   [8]  C4 00 3B 43 AE A4 92 FF
  can0  124   [8]  C4 14 B7 92 16 16 49 08
  can0  123   [8]  C5 00 3C 43 AE 75 8D FF
  can0  124   [8]  C5 14 B7 B8 FC 16 43 08
  can0  123   [8]  C6 00 3C 43 AE 46 88 FF
  can0  124   [8]  C6 14 B7 DF C1 16 3D 08
  can0  123   [8]  C7 00 3C 43 AE 1F 59 FF
  can0  124   [8]  C7 14 B8 06 A8 16 38 08
  can0  123   [8]  C8 00 3C 43 AD F0 54 FF
  can0  124   [8]  C8 14 B8 2D 7D 16 32 08
  can0  123   [8]  C9 00 3C 43 AD C9 25 FF
  can0  124   [8]  C9 14 B8 54 69 16 2D 08
  can0  123   [8]  CA 00 3C 43 AD 9A 1F FF
  can0  124   [8]  CA 14 B8 7B 42 16 27 08
  can0  123   [8]  CB 00 3C 43 AD 6B 1A FF
  can0  124   [8]  CB 14 B8 A2 2C 16 21 08
  can0  123   [8]  CC 00 3C 43 AD 3C 15 FF
  can0  124   [8]  CC 14 B8 C8 FE 16 1B 08
  can0  123   [8]  CD 00 3C 43 AD 0D 10 FF
  can0  124   [8]  CD 14 B8 EF ED 16 15 08
  can0  123   [8]  CE 00 3C 43 AC DE 0B FF
  can0  124   [8]  CE 14 B9 16 C3 16 0F 08
  can0  123   [8]  CF 00 3D 43 AC AF 05 FF
  can0  124   [8]  CF 14 B9 3D B4 16 09 08
  can0  123   [8]  D0 00 3D 43 AC 80 00 FF
  can0  124   [8]  D0 14 B9 64 88 16 03 08
  can0  123   [8]  D1 00 3D 43 AC 50 FB FF
  can0  124   [8]  D1 14 B9 8B 74 15 FD 08
  can0  123   [8]  D2 00 3D 43 AC 1A 1F FF
  can0  124   [8]  D2 14 B9 B2 48 15 F6 08
  can0  123   [8]  D3 00 3D 43 AB EB 1A FF
  can0  124   [8]  D3 14 B9 D9 33 15 F0 08
  can0  123   [8]  D4 00 3D 43 AB BC 15 FF
  can0  124   [8]  D4 14 BA 00 07 15 EA 08
  can0  123   [8]  D5 00 3D 43 AB 85 3A FF
  can0  124   [8]  D5 14 BA 26 ED 15 E3 08
  can0  123   [8]  D6 00 3D 43 AB 56 34 FF
  can0  124   [8]  D6 14 BA 4D BC 15 DD 08
  can0  123   [8]  D7 00 3D 43 AB 27 2F FF
  can0  124   [8]  D7 14 BA 74 A3 15 D7 08
  can0  123   [8]  D8 00 3E 43 AA F0 54 FF
  can0  124   [8]  D8 14 BA 9B 75 15 D0 08
  can0  123   [8]  D9 00 3E 43 AA C1 4E FF
  can0  124   [8]  D9 14 BA C2 5F 15 CA 08
  can0  123   [8]  DA 00 3E 43 AA 8A 73 FF
  can0  124   [8]  DA 14 BA E9 2C 15 C3 08
  can0  123   [8]  DB 00 3E 43 AA 5B 6E FF
  can0  124   [8]  DB 14 BB 10 19 15 BD 08
  can0  123   [8]  DC 00 3E 43 AA 24 92 FF
  can0  124   [8]  DC 14 BB 36 EA 15 B6 08
  can0  123   [8]  DD 00 3E 43 A9 ED B7 FF
  can0  124   [8]  DD 14 BB 5D D6 15 AF 08
  can0  123   [8]  DE 00 3E 43 A9 B6 DB FF
  can0  124   [8]  DE 14 BB 84 A8 15 A8 08
  can0  123   [8]  DF 00 3E 43 A9 80 00 FF
  can0  124   [8]  DF 14 BB AB 96 15 A1 08
  can0  123   [8]  E0 00 3F 43 A9 49 24 FF
  can0  124   [8]  E0 14 BB D2 6B 15 9A 08
  can0  123   [8]  E1 00 3F 43 A9 12 49 FF
  can0  124   [8]  E1 14 BB F9 56 15 93 08
  can0  123   [8]  E2 00 3F 43 A8 E3 44 FF
  can0  124   [8]  E2 14 BC 20 29 15 8D 08
  can0  123   [8]  E3 00 40 43 A8 A4 93 FF
  can0  124   [8]  E3 14 BC 47 17 15 85 08
  can0  123   [8]  E4 00 3F 43 A8 6D B7 FF
  can0  124   [8]  E4 14 BC 6D EC 15 7E 08
  can0  123   [8]  E5 00 40 43 A8 36 DC FF
  can0  124   [8]  E5 14 BC 94 D8 15 77 08
  can0  123   [8]  E6 00 40 43 A8 00 00 FF
  can0  124   [8]  E6 14 BC BB A9 15 70 08
  can0  123   [8]  E7 00 40 43 A7 C9 25 FF
  can0  124   [8]  E7 14 BC E2 93 15 69 08
  can0  123   [8]  E8 00 40 43 A7 8A 73 FF
  can0  124   [8]  E8 14 BD 09 66 15 61 08
  can0  123   [8]  E9 00 40 43 A7 53 97 FF
  can0  124   [8]  E9 14 BD 30 4C 15 5A 08
  can0  123   [8]  EA 00 41 43 A7 1C BC FF
  can0  124   [8]  EA 14 BD 57 18 15 53 08
  can0  123   [8]  EB 00 41 43 A6 DE 0A FF
  can0  124   [8]  EB 14 BD 7D FE 15 4B 08
  can0  123   [8]  EC 00 42 43 A6 A7 2F FF
  can0  124   [8]  EC 14 BD A4 CA 15 44 08
  can0  123   [8]  ED 00 42 43 A6 68 7D FF
  can0  124   [8]  ED 14 BD CB BA 15 3C 08
  can0  123   [8]  EE 00 43 43 A6 31 A2 FF
  can0  124   [8]  EE 14 BD F2 89 15 35 08
  can0  123   [8]  EF 00 43 43 A5 F2 F0 FF
  can0  124   [8]  EF 14 BE 19 6C 15 2D 08
  can0  123   [8]  F0 00 43 43 A5 B4 3F FF
  can0  124   [8]  F0 14 BE 40 3F 15 25 08
  can0  123   [8]  F1 00 41 43 A5 7D 63 FF
  can0  124   [8]  F1 14 BE 67 26 15 1E 08
  can0  123   [8]  F2 00 41 43 A5 3E B2 FF
  can0  124   [8]  F2 14 BE 8D F7 15 16 08
  can0  123   [8]  F3 00 42 43 A5 00 00 FF
  can0  124   [8]  F3 14 BE B4 E1 15 0E 08
  can0  123   [8]  F4 00 42 43 A4 C9 25 FF
  can0  124   [8]  F4 14 BE DB B8 15 07 08
  can0  123   [8]  F5 00 42 43 A4 8A 73 FF
  can0  124   [8]  F5 14 BF 02 A7 14 FF 08
  can0  123   [8]  F6 00 43 43 A4 4B C2 FF
  can0  124   [8]  F6 14 BF 29 7C 14 F7 08
  can0  123   [8]  F7 00 43 43 A4 0D 0F FF
  can0  124   [8]  F7 14 BF 50 6A 14 EF 08
  can0  123   [8]  F8 00 43 43 A3 CE 5E FF
  can0  124   [8]  F8 14 BF 77 37 14 E7 08
  can0  123   [8]  F9 00 43 43 A3 87 D6 FF
  can0  124   [8]  F9 14 BF 9E 24 14 DE 08
  can0  123   [8]  FA 00 3D 43 A3 49 25 FF
  can0  124   [8]  FA 14 BF C4 F6 14 D6 08
  can0  123   [8]  FB 00 39 43 A3 0A 73 FF
  can0  124   [8]  FB 14 BF EB DB 14 CE 08
  can0  123   [8]  FC 00 40 43 A2 CB C1 FF
  can0  124   [8]  FC 14 C0 12 B2 14 C6 08
  can0  123   [8]  FD 00 44 43 A2 85 3A FF
  can0  124   [8]  FD 14 C0 39 9A 14 BD 08
  can0  123   [8]  FE 00 45 43 A2 46 88 FF
  can0  124   [8]  FE 14 C0 60 69 14 B5 08
  can0  123   [8]  FF 00 46 43 A2 07 D6 FF
  can0  124   [8]  FF 14 C0 87 53 14 AD 08
  can0  123   [8]  00 00 46 43 A1 C1 4E FF
  can0  124   [8]  00 14 C0 AE 1E 14 A4 08
  can0  123   [8]  01 00 47 43 A1 82 9D FF
  can0  124   [8]  01 14 C0 D5 16 14 9C 08
  can0  123   [8]  02 00 47 43 A1 3C 15 FF
  can0  124   [8]  02 14 C0 FB EB 14 93 08
  can0  123   [8]  03 00 48 43 A0 FD 64 FF
  can0  124   [8]  03 14 C1 22 D2 14 8B 08
  can0  123   [8]  04 00 48 43 A0 B6 DB FF
  can0  124   [8]  04 14 C1 49 A6 14 82 08
  can0  123   [8]  05 00 49 43 A0 70 54 FF
  can0  124   [8]  05 14 C1 70 8B 14 79 08
  can0  123   [8]  06 00 49 43 A0 29 CC FF
  can0  124   [8]  06 14 C1 97 65 14 70 08
  can0  123   [8]  07 00 4A 43 9F E3 44 FF
  can0  124   [8]  07 14 C1 BE 51 14 67 08
  can0  123   [8]  08 00 4A 43 9F A4 92 FF
  can0  124   [8]  08 14 C1 E5 22 14 5F 08
  can0  123   [8]  09 00 4B 43 9F 5E 0A FF
  can0  124   [8]  09 14 C2 0C 13 14 56 08
  can0  123   [8]  0A 00 4B 43 9F 17 83 FF
  can0  124   [8]  0A 14 C2 32 E9 14 4D 08
  can0  123   [8]  0B 00 4C 43 9E D0 FB FF
  can0  124   [8]  0B 14 C2 59 CF 14 44 08
  can0  123   [8]  0C 00 4C 43 9E 8A 73 FF
  can0  124   [8]  0C 14 C2 80 9F 14 3B 08
  can0  123   [8]  0D 00 4C 43 9E 3C 15 FF
  can0  124   [8]  0D 14 C2 A7 8F 14 31 08
  can0  123   [8]  0E 00 4D 43 9D F5 8D FF
  can0  124   [8]  0E 14 C2 CE 6B 14 28 08
  can0  123   [8]  0F 00 4E 43 9D AF 06 FF
  can0  124   [8]  0F 14 C2 F5 54 14 1F 08
  can0  123   [8]  10 00 4E 43 9D 68 7D FF
  can0  124   [8]  10 14 C3 1C 22 14 16 08
  can0  123   [8]  11 00 4E 43 9D 21 F6 FF
  can0  124   [8]  11 14 C3 43 0C 14 0D 08
  can0  123   [8]  12 00 4D 43 9C D3 97 FF
  can0  124   [8]  12 14 C3 69 DD 14 03 08
  can0  123   [8]  13 00 4C 43 9C 8D 10 FF
  can0  124   [8]  13 14 C3 90 CB 13 FA 08
  can0  123   [8]  14 00 4A 43 9C 3E B2 FF
  can0  124   [8]  14 14 C3 B7 9C 13 F0 08
  can0  123   [8]  15 00 49 43 9B F8 2A FF
  can0  124   [8]  15 14 C3 DE 86 13 E7 08
  can0  123   [8]  16 00 49 43 9B A9 CC FF
  can0  124   [8]  16 14 C4 05 53 13 DD 08
  can0  123   [8]  17 00 49 43 9B 63 44 FF
  can0  124   [8]  17 14 C4 2C 41 13 D4 08
  can0  123   [8]  18 00 4A 43 9B 1C BC FF
  can0  124   [8]  18 14 C4 53 13 13 CB 08
  can0  123   [8]  19 00 49 43 9A CE 5E FF
  can0  124   [8]  19 14 C4 7A 02 13 C1 08
  can0  123   [8]  1A 00 48 43 9A 87 D6 FF
  can0  124   [8]  1A 14 C4 A0 D1 13 B8 08
  can0  123   [8]  1B 00 48 43 9A 41 4F FF
  can0  124   [8]  1B 14 C4 C7 BD 13 AF 08
  can0  123   [8]  1C 00 48 43 99 F2 F0 FF
  can0  124   [8]  1C 14 C4 EE 8F 13 A5 08
  can0  123   [8]  1D 00 47 43 99 AC 68 FF
  can0  124   [8]  1D 14 C5 15 7A 13 9C 08
  can0  123   [8]  1E 00 45 43 99 5E 0B FF
  can0  124   [8]  1E 14 C5 3C 48 13 92 08
  can0  123   [8]  1F 00 41 43 99 17 82 FF
  can0  124   [8]  1F 14 C5 63 32 13 89 08
  can0  123   [8]  20 00 3E 43 98 C9 25 FF
  can0  124   [8]  20 14 C5 8A 06 13 7F 08
  can0  123   [8]  21 00 3C 43 98 82 9D FF
  can0  124   [8]  21 14 C5 B0 EB 13 76 08
  can0  123   [8]  22 00 3C 43 98 3C 15 FF
  can0  124   [8]  22 14 C5 D7 C1 13 6D 08
  can0  123   [8]  23 00 3B 43 97 ED B7 FF
  can0  124   [8]  23 14 C5 FE A7 13 63 08
  can0  123   [8]  24 00 3A 43 97 A7 2F FF
  can0  124   [8]  24 14 C6 25 76 13 5A 08
  can0  123   [8]  25 00 38 43 97 60 A7 FF
  can0  124   [8]  25 14 C6 4C 5A 13 51 08
  can0  123   [8]  26 00 36 43 97 12 49 FF
  can0  124   [8]  26 14 C6 73 25 13 47 08
  can0  123   [8]  27 00 35 43 96 CB C1 FF
  can0  124   [8]  27 14 C6 9A 0F 13 3E 08
  can0  123   [8]  28 00 34 43 96 7D 64 FF
  can0  124   [8]  28 14 C6 C0 D6 13 34 08
  can0  123   [8]  29 00 33 43 96 36 DB FF
  can0  124   [8]  29 14 C6 E7 C3 13 2B 08
  can0  123   [8]  2A 00 33 43 95 E8 7E FF
  can0  124   [8]  2A 14 C7 0E 96 13 21 08
  can0  123   [8]  2B 00 33 43 95 A1 F5 FF
  can0  124   [8]  2B 14 C7 35 82 13 18 08
  can0  123   [8]  2C 00 33 43 95 5B 6E FF
  can0  124   [8]  2C 14 C7 5C 4F 13 0F 08
  can0  123   [8]  2D 00 35 43 95 0D 10 FF
  can0  124   [8]  2D 14 C7 83 3A 13 05 08
  can0  123   [8]  2E 00 36 43 94 C6 88 FF
  can0  124   [8]  2E 14 C7 AA 06 12 FC 08
  can0  123   [8]  2F 00 35 43 94 80 00 FF
  can0  124   [8]  2F 14 C7 D0 F1 12 F3 08
  can0  123   [8]  30 00 34 43 94 31 A2 FF
  can0  124   [8]  30 14 C7 F7 C1 12 E9 08
  can0  123   [8]  31 00 2F 43 93 EB 1A FF
  can0  124   [8]  31 14 C8 1E AE 12 E0 08
  can0  123   [8]  32 00 2C 43 93 A4 92 FF
  can0  124   [8]  32 14 C8 45 79 12 D7 08
  can0  123   [8]  33 00 2B 43 93 56 34 FF
  can0  124   [8]  33 14 C8 6C 66 12 CD 08
  can0  123   [8]  34 00 2B 43 93 0F AD FF
  can0  124   [8]  34 14 C8 93 35 12 C4 08
  can0  123   [8]  35 00 2E 43 92 C9 24 FF
  can0  124   [8]  35 14 C8 BA 22 12 BB 08
  can0  123   [8]  36 00 3E 43 92 7A C7 FF
  can0  124   [8]  36 14 C8 E0 EF 12 B1 08
  can0  123   [8]  37 00 4D 43 92 34 3F FF
  can0  124   [8]  37 14 C9 07 D7 12 A8 08
  can0  123   [8]  38 00 51 43 91 ED B7 FF
  can0  124   [8]  38 14 C9 2E AB 12 9F 08
  can0  123   [8]  39 00 53 43 91 9F 59 FF
  can0  124   [8]  39 14 C9 55 90 12 95 08
  can0  123   [8]  3A 00 53 43 91 58 D1 FF
  can0  124   [8]  3A 14 C9 7C 5B 12 8C 08
  can0  123   [8]  3B 00 53 43 91 12 49 FF
  can0  124   [8]  3B 14 C9 A3 4C 12 83 08
  can0  123   [8]  3C 00 52 43 90 C3 EB FF
  can0  124   [8]  3C 14 C9 CA 20 12 79 08
  can0  123   [8]  3D 00 52 43 90 7D 63 FF
  can0  124   [8]  3D 14 C9 F1 08 12 70 08
  can0  123   [8]  3E 00 45 43 90 36 DC FF
  can0  124   [8]  3E 14 CA 17 D8 12 67 08
  can0  123   [8]  3F 00 40 43 8F E8 7D FF
  can0  124   [8]  3F 14 CA 3E C5 12 5D 08
  can0  123   [8]  40 00 3D 43 8F A1 F6 FF
  can0  124   [8]  40 14 CA 65 98 12 54 08
  can0  123   [8]  41 00 3C 43 8F 5B 6E FF
  can0  124   [8]  41 14 CA 8C 85 12 4B 08
  can0  123   [8]  42 00 3B 43 8F 0D 0F FF
  can0  124   [8]  42 14 CA B3 5B 12 41 08
  can0  123   [8]  43 00 3C 43 8E C6 88 FF
  can0  124   [8]  43 14 CA DA 4B 12 38 08
  can0  123   [8]  44 00 3C 43 8E 80 00 FF
  can0  124   [8]  44 14 CB 01 1B 12 2F 08
  can0  123   [8]  45 00 3D 43 8E 31 A2 FF
  can0  124   [8]  45 14 CB 28 0E 12 25 08
  can0  123   [8]  46 00 3E 43 8D EB 1A FF
  can0  124   [8]  46 14 CB 4E E0 12 1C 08
  can0  123   [8]  47 00 3E 43 8D A4 92 FF
  can0  124   [8]  47 14 CB 75 D1 12 13 08
  can0  123   [8]  48 00 3E 43 8D 5E 0B FF
  can0  124   [8]  48 14 CB 9C A3 12 0A 08
  can0  123   [8]  49 00 3E 43 8D 17 82 FF
  can0  124   [8]  49 14 CB C3 8C 12 01 08
  can0  123   [8]  4A 00 3F 43 8C C9 25 FF
  can0  124   [8]  4A 14 CB EA 5E 11 F7 08
  can0  123   [8]  4B 00 3F 43 8C 82 9D FF
  can0  124   [8]  4B 14 CC 11 47 11 EE 08
  can0  123   [8]  4C 00 3F 43 8C 3C 15 FF
  can0  124   [8]  4C 14 CC 38 1D 11 E5 08
  can0  123   [8]  4D 00 3F 43 8B F5 8D FF
  can0  124   [8]  4D 14 CC 5F 0B 11 DC 08
  can0  123   [8]  4E 00 40 43 8B A7 2F FF
  can0  124   [8]  4E 14 CC 85 E0 11 D2 08
  can0  123   [8]  4F 00 40 43 8B 60 A7 FF
  can0  124   [8]  4F 14 CC AC C6 11 C9 08
  can0  123   [8]  50 00 40 43 8B 1A 1F FF
  can0  124   [8]  50 14 CC D3 9E 11 C0 08
  can0  123   [8]  51 00 40 43 8A D3 98 FF
  can0  124   [8]  51 14 CC FA 89 11 B7 08
  can0  123   [8]  52 00 40 43 8A 85 3A FF
  can0  124   [8]  52 14 CD 21 63 11 AD 08
  can0  123   [8]  53 00 41 43 8A 3E B1 FF
  can0  124   [8]  53 14 CD 48 4E 11 A4 08
  can0  123   [8]  54 00 42 43 89 F8 2A FF
  can0  124   [8]  54 14 CD 6F 24 11 9B 08
  can0  123   [8]  55 00 43 43 89 B1 A2 FF
  can0  124   [8]  55 14 CD 96 11 11 92 08
  can0  123   [8]  56 00 44 43 89 6B 1A FF
  can0  124   [8]  56 14 CD BC E0 11 89 08
  can0  123   [8]  57 00 47 43 89 1C BC FF
  can0  124   [8]  57 14 CD E3 CC 11 7F 08
  can0  123   [8]  58 00 4A 43 88 D6 34 FF
  can0  124   [8]  58 14 CE 0A 9A 11 76 08
  can0  123   [8]  59 00 4E 43 88 8F AD FF
  can0  124   [8]  59 14 CE 31 86 11 6D 08
  can0  123   [8]  5A 00 53 43 88 49 24 FF
  can0  124   [8]  5A 14 CE 58 5D 11 64 08
  can0  123   [8]  5B 00 55 43 88 02 9D FF
  can0  124   [8]  5B 14 CE 7F 45 11 5B 08
  can0  123   [8]  5C 00 55 43 87 BC 15 FF
  can0  124   [8]  5C 14 CE A6 17 11 52 08
  can0  123   [8]  5D 00 54 43 87 75 8D FF
  can0  124   [8]  5D 14 CE CD 05 11 49 08
  can0  123   [8]  5E 00 54 43 87 2F 06 FF
  can0  124   [8]  5E 14 CE F3 D6 11 40 08
  can0  123   [8]  5F 00 54 43 86 E8 7D FF
  can0  124   [8]  5F 14 CF 1A C7 11 37 08
  can0  123   [8]  60 00 54 43 86 A1 F6 FF
  can0  124   [8]  60 14 CF 41 98 11 2E 08
  can0  123   [8]  61 00 54 43 86 5B 6D FF
  can0  124   [8]  61 14 CF 68 92 11 25 08
  can0  123   [8]  62 00 54 43 86 14 E6 FF
  can0  124   [8]  62 14 CF 8F 62 11 1C 08
  can0  123   [8]  63 00 54 43 85 CE 5E FF
  can0  124   [8]  63 14 CF B6 50 11 13 08
  can0  123   [8]  64 00 54 43 85 87 D6 FF
  can0  124   [8]  64 14 CF DD 22 11 0A 08
  can0  123   [8]  65 00 54 43 85 41 4F FF
  can0  124   [8]  65 14 D0 04 0F 11 01 08
  can0  123   [8]  66 00 54 43 84 FA C6 FF
  can0  124   [8]  66 14 D0 2A E4 10 F8 08
  can0  123   [8]  67 00 54 43 84 B4 3F FF
  can0  124   [8]  67 14 D0 51 D4 10 EF 08
  can0  123   [8]  68 00 5B 43 84 6D B7 FF
  can0  124   [8]  68 14 D0 78 AA 10 E6 08
  can0  123   [8]  69 00 65 43 84 27 2F FF
  can0  124   [8]  69 14 D0 9F 83 10 DD 08
  can0  123   [8]  6A 00 6F 43 83 E0 A7 FF
  can0  124   [8]  6A 14 D0 C6 58 10 D4 08
  can0  123   [8]  6B 00 71 43 83 9A 1F FF
  can0  124   [8]  6B 14 D0 ED 49 10 CB 08
  can0  123   [8]  6C 00 6C 43 83 53 98 FF
  can0  124   [8]  6C 14 D1 14 1C 10 C2 08
  can0  123   [8]  6D 00 77 43 83 0D 0F FF
  can0  124   [8]  6D 14 D1 3B 14 10 B9 08
  can0  123   [8]  6E 00 98 43 82 C6 88 FF
  can0  124   [8]  6E 14 D1 61 E9 10 B0 08
  can0  123   [8]  6F 00 AF 43 82 80 00 FF
  can0  124   [8]  6F 14 D1 88 DA 10 A7 08
  can0  123   [8]  70 00 B3 43 82 39 78 FF
  can0  124   [8]  70 14 D1 AF AE 10 9E 08
  can0  123   [8]  71 00 B4 43 81 F2 F0 FF
  can0  124   [8]  71 14 D1 D6 A2 10 95 08
  can0  123   [8]  72 00 B4 43 81 AC 68 FF
  can0  124   [8]  72 14 D1 FD 75 10 8C 08
  can0  123   [8]  73 00 B4 43 81 65 E1 FF
  can0  124   [8]  73 14 D2 24 60 10 83 08
  can0  123   [8]  74 00 B5 43 81 1F 59 FF
  can0  124   [8]  74 14 D2 4B 30 10 7A 08
  can0  123   [8]  75 00 B2 43 80 D8 D1 FF
  can0  124   [8]  75 14 D2 72 19 10 71 08
  can0  123   [8]  76 00 B0 43 80 92 49 FF
  can0  124   [8]  76 14 D2 98 E7 10 68 08
  can0  123   [8]  77 00 B2 43 80 4B C1 FF
  can0  124   [8]  77 14 D2 BF D1 10 5F 08
  can0  123   [8]  78 00 CA 43 80 05 3A FF
  can0  124   [8]  78 14 D2 E6 9F 10 56 08
  can0  123   [8]  79 00 DD 43 7F 7D 63 FF
  can0  124   [8]  79 14 D3 0D 8D 10 4D 08
  can0  123   [8]  7A 00 E4 43 7F 00 00 FF
  can0  124   [8]  7A 14 D3 34 5D 10 45 08
  can0  123   [8]  7B 00 E7 43 7E 72 F0 FF
  can0  124   [8]  7B 14 D3 5B 47 10 3C 08
  can0  123   [8]  7C 00 E9 43 7D E5 E1 FF
  can0  124   [8]  7C 14 D3 82 18 10 33 08
  can0  123   [8]  7D 00 EA 43 7D 58 D1 FF
  can0  124   [8]  7D 14 D3 A9 05 10 2A 08
  can0  123   [8]  7E 00 ED 43 7C CB C2 FF
  can0  124   [8]  7E 14 D3 CF DB 10 21 08
  can0  123   [8]  7F 00 EF 43 7C 3E B1 FF
  can0  124   [8]  7F 14 D3 F6 C7 10 18 08
  can0  123   [8]  80 00 EF 43 7B B1 A2 FF
  can0  124   [8]  80 14 D4 1D 9C 10 0F 08
  can0  123   [8]  81 00 F0 43 7B 24 92 FF
  can0  124   [8]  81 14 D4 44 78 10 06 08
  can0  123   [8]  82 00 F2 43 7A 97 83 FF
  can0  124   [8]  82 14 D4 6B 57 0F FD 08
  can0  123   [8]  83 00 F2 43 7A 0A 73 FF
  can0  124   [8]  83 14 D4 92 42 0F F4 08
  can0  123   [8]  84 00 EC 43 79 7D 63 FF
  can0  124   [8]  84 14 D4 B9 14 0F EB 08
  can0  123   [8]  85 00 E7 43 78 F0 54 FF
  can0  124   [8]  85 14 D4 DF F9 0F E2 08
  can0  123   [8]  86 00 CD 43 78 63 43 FF
  can0  124   [8]  86 14 D5 06 C0 0F D9 08
  can0  123   [8]  87 00 7C 43 77 E5 E0 FF
  can0  124   [8]  87 14 D5 2D A7 0F D1 08
  can0  123   [8]  88 00 64 43 77 58 D1 FF
  can0  124   [8]  88 14 D5 54 75 0F C8 08
  can0  123   [8]  89 00 5F 43 76 CB C1 FF
  can0  124   [8]  89 14 D5 7B 75 0F BF 08
  can0  123   [8]  8A 00 5B 43 76 3E B2 FF
  can0  124   [8]  8A 14 D5 A2 3F 0F B6 08
  can0  123   [8]  8B 00 5A 43 75 B1 A3 FF
  can0  124   [8]  8B 14 D5 C9 32 0F AD 08
  can0  123   [8]  8C 00 59 43 75 24 92 FF
  can0  124   [8]  8C 14 D5 F0 02 0F A4 08
  can0  123   [8]  8D 00 59 43 74 97 83 FF
  can0  124   [8]  8D 14 D6 16 EF 0F 9B 08
  can0  123   [8]  8E 00 58 43 74 0A 72 FF
  can0  124   [8]  8E 14 D6 3D BF 0F 92 08
  can0  123   [8]  8F 00 57 43 73 7D 63 FF
  can0  124   [8]  8F 14 D6 64 A6 0F 89 08
  can0  123   [8]  90 00 55 43 72 F0 54 FF
  can0  124   [8]  90 14 D6 8B 73 0F 80 08
  can0  123   [8]  91 00 55 43 72 63 44 FF
  can0  124   [8]  91 14 D6 B2 5C 0F 77 08
  can0  123   [8]  92 00 55 43 71 C6 87 FF
  can0  124   [8]  92 14 D6 D9 2E 0F 6D 08
  can0  123   [8]  93 00 56 43 71 39 78 FF
  can0  124   [8]  93 14 D7 00 18 0F 64 08
  can0  123   [8]  94 00 55 43 70 AC 69 FF
  can0  124   [8]  94 14 D7 2A D1 0F 5B 08
  can0  123   [8]  95 00 55 43 70 1F 59 FF
  can0  124   [8]  95 14 D7 4D D3 0F 52 08
  can0  123   [8]  96 00 54 43 6F 92 49 FF
  can0  124   [8]  96 14 D7 74 AA 0F 49 08
  can0  123   [8]  97 00 52 43 6F 05 39 FF
  can0  124   [8]  97 14 D7 9B 8A 0F 40 08
  can0  123   [8]  98 00 4E 43 6E 78 2A FF
  can0  124   [8]  98 14 D7 C2 64 0F 37 08
  can0  123   [8]  99 00 4D 43 6D EB 1B FF
  can0  124   [8]  99 14 D7 E9 4D 0F 2E 08
  can0  123   [8]  9A 00 4C 43 6D 5E 0A FF
  can0  124   [8]  9A 14 D8 10 24 0F 25 08
  can0  123   [8]  9B 00 4B 43 6C D0 FB FF
  can0  124   [8]  9B 14 D8 37 14 0F 1C 08
  can0  123   [8]  9C 00 4B 43 6C 43 EB FF
  can0  124   [8]  9C 14 D8 5D DE 0F 13 08
  can0  123   [8]  9D 00 4A 43 6B B6 DC FF
  can0  124   [8]  9D 14 D8 84 D0 0F 0A 08
  can0  123   [8]  9E 00 4A 43 6B 29 CB FF
  can0  124   [8]  9E 14 D8 AB A3 0F 01 08
  can0  123   [8]  9F 00 49 43 6A 9C BC FF
  can0  124   [8]  9F 14 D8 D2 9A 0E F8 08
  can0  123   [8]  A0 00 49 43 6A 0F AD FF
  can0  124   [8]  A0 14 D8 F9 6D 0E EF 08
  can0  123   [8]  A1 00 48 43 69 82 9C FF
  can0  124   [8]  A1 14 D9 20 54 0E E6 08
  can0  123   [8]  A2 00 45 43 68 F5 8D FF
  can0  124   [8]  A2 14 D9 47 2A 0E DD 08
  can0  123   [8]  A3 00 43 43 68 58 D1 FF
  can0  124   [8]  A3 14 D9 6E 13 0E D3 08
  can0  123   [8]  A4 00 42 43 67 DB 6E FF
  can0  124   [8]  A4 14 D9 94 E2 0E CB 08
  can0  123   [8]  A5 00 41 43 67 3E B1 FF
  can0  124   [8]  A5 14 D9 BB D4 0E C1 08
  can0  123   [8]  A6 00 41 43 66 B1 A2 FF
  can0  124   [8]  A6 14 D9 E2 A3 0E B8 08
  can0  123   [8]  A7 00 40 43 66 24 93 FF
  can0  124   [8]  A7 14 DA 09 90 0E AF 08
  can0  123   [8]  A8 00 40 43 65 97 82 FF
  can0  124   [8]  A8 14 DA 30 64 0E A6 08
  can0  123   [8]  A9 00 40 43 65 0A 73 FF
  can0  124   [8]  A9 14 DA 57 4E 0E 9D 08
  can0  123   [8]  AA 00 3F 43 64 7D 63 FF
  can0  124   [8]  AA 14 DA 7E 29 0E 94 08
  can0  123   [8]  AB 00 3F 43 63 F0 54 FF
  can0  124   [8]  AB 14 DA A5 16 0E 8B 08
  can0  123   [8]  AC 00 3F 43 63 63 43 FF
  can0  124   [8]  AC 14 DA CB E7 0E 82 08
  can0  123   [8]  AD 00 3F 43 62 D6 34 FF
  can0  124   [8]  AD 14 DA F2 D5 0E 79 08
  can0  123   [8]  AE 00 3F 43 62 49 25 FF
  can0  124   [8]  AE 14 DB 19 AA 0E 70 08
  can0  123   [8]  AF 00 3F 43 61 BC 15 FF
  can0  124   [8]  AF 14 DB 40 8E 0E 67 08
  can0  123   [8]  B0 00 3F 43 61 2F 06 FF
  can0  124   [8]  B0 14 DB 67 64 0E 5E 08
  can0  123   [8]  B1 00 3E 43 60 A1 F5 FF
  can0  124   [8]  B1 14 DB 8E 4C 0E 55 08
  can0  123   [8]  B2 00 3E 43 60 14 E6 FF
  can0  124   [8]  B2 14 DB B5 17 0E 4C 08
  can0  123   [8]  B3 00 3E 43 5F 87 D7 FF
  can0  124   [8]  B3 14 DB DC 00 0E 43 08
  can0  123   [8]  B4 00 3D 43 5E FA C6 FF
  can0  124   [8]  B4 14 DC 02 CD 0E 3A 08
  can0  123   [8]  B5 00 3D 43 5E 6D B7 FF
  can0  124   [8]  B5 14 DC 2A 4B 0E 31 08
  can0  123   [8]  B6 00 3D 43 5D D0 FB FF
  can0  124   [8]  B6 14 DC 50 85 0E 27 08
  can0  123   [8]  B7 00 3E 43 5D 53 98 FF
  can0  124   [8]  B7 14 DC 77 6E 0E 1F 08
  can0  123   [8]  B8 00 3E 43 5C B6 DB FF
  can0  124   [8]  B8 14 DC 9E 41 0E 15 08
  can0  123   [8]  B9 00 3E 43 5C 29 CC FF
  can0  124   [8]  B9 14 DC C5 2A 0E 0C 08
  can0  123   [8]  BA 00 3F 43 5B 9C BC FF
  can0  124   [8]  BA 14 DC EB FA 0E 03 08
  can0  123   [8]  BB 00 40 43 5B 0F AC FF
  can0  124   [8]  BB 14 DD 12 E0 0D FA 08
  can0  123   [8]  BC 00 41 43 5A 82 9D FF
  can0  124   [8]  BC 14 DD 39 AE 0D F1 08
  can0  123   [8]  BD 00 43 43 59 F5 8D FF
  can0  124   [8]  BD 14 DD 60 98 0D E8 08
  can0  123   [8]  BE 00 43 43 59 68 7E FF
  can0  124   [8]  BE 14 DD 87 69 0D DF 08
  can0  123   [8]  BF 00 43 43 58 DB 6D FF
  can0  124   [8]  BF 14 DD AE 52 0D D6 08
  can0  123   [8]  C0 00 40 43 58 4E 5E FF
  can0  124   [8]  C0 14 DD D5 1F 0D CD 08
  can0  123   [8]  C1 00 3C 43 57 C1 4F FF
  can0  124   [8]  C1 14 DD FC 0C 0D C4 08
  can0  123   [8]  C2 00 3C 43 57 34 3F FF
  can0  124   [8]  C2 14 DE 22 DC 0D BB 08
  can0  123   [8]  C3 00 3B 43 56 97 82 FF
  can0  124   [8]  C3 14 DE 49 C7 0D B1 08
  can0  123   [8]  C4 00 3B 43 56 0A 73 FF
  can0  124   [8]  C4 14 DE 70 94 0D A8 08
  can0  123   [8]  C5 00 3B 43 55 7D 64 FF
  can0  124   [8]  C5 14 DE 97 7C 0D 9F 08
  can0  123   [8]  C6 00 3A 43 54 F0 53 FF
  can0  124   [8]  C6 14 DE BE 53 0D 96 08
  can0  123   [8]  C7 00 39 43 54 63 44 FF
  can0  124   [8]  C7 14 DE E5 3B 0D 8D 08
  can0  123   [8]  C8 00 38 43 53 D6 34 FF
  can0  124   [8]  C8 14 DF 0C 10 0D 84 08
  can0  123   [8]  C9 00 38 43 53 49 25 FF
  can0  124   [8]  C9 14 DF 32 FA 0D 7B 08
  can0  123   [8]  CA 00 37 43 52 BC 16 FF
  can0  124   [8]  CA 14 DF 59 CB 0D 72 08
  can0  123   [8]  CB 00 37 43 52 2F 05 FF
  can0  124   [8]  CB 14 DF 80 B7 0D 69 08
  can0  123   [8]  CC 00 37 43 51 A1 F6 FF
  can0  124   [8]  CC 14 DF A7 86 0D 60 08
  can0  123   [8]  CD 00 37 43 51 14 E5 FF
  can0  124   [8]  CD 14 DF CE 72 0D 57 08
  can0  123   [8]  CE 00 37 43 50 78 2A FF
  can0  124   [8]  CE 14 DF F5 4D 0D 4D 08
  can0  123   [8]  CF 00 36 43 4F EB 1A FF
  can0  124   [8]  CF 14 E0 1C 35 0D 44 08
  can0  123   [8]  D0 00 35 43 4F 5E 0B FF
  can0  124   [8]  D0 14 E0 43 07 0D 3B 08
  can0  123   [8]  D1 00 34 43 4E D0 FA FF
  can0  124   [8]  D1 14 E0 69 EF 0D 32 08
  can0  123   [8]  D2 00 33 43 4E 43 EB FF
  can0  124   [8]  D2 14 E0 90 BD 0D 29 08
  can0  123   [8]  D3 00 33 43 4D B6 DC FF
  can0  124   [8]  D3 14 E0 B7 A6 0D 20 08
  can0  123   [8]  D4 00 33 43 4D 29 CC FF
  can0  124   [8]  D4 14 E0 DE 7A 0D 17 08
  can0  123   [8]  D5 00 33 43 4C 9C BC FF
  can0  124   [8]  D5 14 E1 05 65 0D 0E 08
  can0  123   [8]  D6 00 33 43 4C 0F AC FF
  can0  124   [8]  D6 14 E1 2C 39 0D 05 08
  can0  123   [8]  D7 00 33 43 4B 82 9D FF
  can0  124   [8]  D7 14 E1 53 20 0C FC 08
  can0  123   [8]  D8 00 33 43 4A F5 8E FF
  can0  124   [8]  D8 14 E1 79 F2 0C F3 08
  can0  123   [8]  D9 00 33 43 4A 58 D1 FF
  can0  124   [8]  D9 14 E1 A0 D6 0C E9 08
  can0  123   [8]  DA 00 33 43 49 CB C1 FF
  can0  124   [8]  DA 14 E1 C7 A4 0C E0 08
  can0  123   [8]  DB 00 34 43 49 3E B2 FF
  can0  124   [8]  DB 14 E1 EE 90 0C D7 08
  can0  123   [8]  DC 00 34 43 48 B1 A3 FF
  can0  124   [8]  DC 14 E2 15 61 0C CE 08
  can0  123   [8]  DD 00 34 43 48 24 92 FF
  can0  124   [8]  DD 14 E2 3C 50 0C C5 08
  can0  123   [8]  DE 00 34 43 47 97 83 FF
  can0  124   [8]  DE 14 E2 63 22 0C BC 08
  can0  123   [8]  DF 00 34 43 47 0A 72 FF
  can0  124   [8]  DF 14 E2 8A 0B 0C B3 08
  can0  123   [8]  E0 00 35 43 46 7D 63 FF
  can0  124   [8]  E0 14 E2 B0 DE 0C AA 08
  can0  123   [8]  E1 00 35 43 45 F0 54 FF
  can0  124   [8]  E1 14 E2 D7 C5 0C A1 08
  can0  123   [8]  E2 00 36 43 45 53 98 FF
  can0  124   [8]  E2 14 E2 FE 90 0C 97 08
  can0  123   [8]  E3 00 37 43 44 D6 35 FF
  can0  124   [8]  E3 14 E3 25 76 0C 8F 08
  can0  123   [8]  E4 00 37 43 44 39 78 FF
  can0  124   [8]  E4 14 E3 4C 51 0C 85 08
  can0  123   [8]  E5 00 3A 43 43 AC 69 FF
  can0  124   [8]  E5 14 E3 73 38 0C 7C 08
  can0  123   [8]  E6 00 52 43 43 1F 59 FF
  can0  124   [8]  E6 14 E3 9A 08 0C 73 08
  can0  123   [8]  E7 00 82 43 42 92 49 FF
  can0  124   [8]  E7 14 E3 C0 E2 0C 6A 08
  can0  123   [8]  E8 00 A1 43 42 05 39 FF
  can0  124   [8]  E8 14 E3 E7 B1 0C 61 08
  can0  123   [8]  E9 00 A5 43 41 78 2A FF
  can0  124   [8]  E9 14 E4 0E 9E 0C 58 08
  can0  123   [8]  EA 00 A5 43 40 EB 1B FF
  can0  124   [8]  EA 14 E4 35 6F 0C 4F 08
  can0  123   [8]  EB 00 A6 43 40 5E 0A FF
  can0  124   [8]  EB 14 E4 5C 57 0C 46 08
  can0  123   [8]  EC 00 A6 43 3F D0 FB FF
  can0  124   [8]  EC 14 E4 83 26 0C 3D 08
  can0  123   [8]  ED 00 A6 43 3F 53 98 FF
  can0  124   [8]  ED 14 E4 AA 0B 0C 35 08
  can0  123   [8]  EE 00 A7 43 3E C6 88 FF
  can0  124   [8]  EE 14 E4 D0 D8 0C 2C 08
  can0  123   [8]  EF 00 A7 43 3E 39 78 FF
  can0  124   [8]  EF 14 E4 F7 C4 0C 23 08
  can0  123   [8]  F0 00 A2 43 3D AC 68 FF
  can0  124   [8]  F0 14 E5 1E 93 0C 1A 08
  can0  123   [8]  F1 00 90 43 3D 1F 59 FF
  can0  124   [8]  F1 14 E5 45 73 0C 11 08
  can0  123   [8]  F2 00 6F 43 3C 92 4A FF
  can0  124   [8]  F2 14 E5 6C 40 0C 08 08
  can0  123   [8]  F3 00 71 43 3C 05 39 FF
  can0  124   [8]  F3 14 E5 93 33 0B FF 08
  can0  123   [8]  F4 00 87 43 3B 87 D6 FF
  can0  124   [8]  F4 14 E5 BA 02 0B F7 08
  can0  123   [8]  F5 00 92 43 3A FA C7 FF
  can0  124   [8]  F5 14 E5 E0 EF 0B EE 08
  can0  123   [8]  F6 00 93 43 3A 6D B7 FF
  can0  124   [8]  F6 14 E6 07 BD 0B E5 08
  can0  123   [8]  F7 00 91 43 39 E0 A8 FF
  can0  124   [8]  F7 14 E6 2E A4 0B DC 08
  can0  123   [8]  F8 00 8C 43 39 53 97 FF
  can0  124   [8]  F8 14 E6 55 6B 0B D3 08
  can0  123   [8]  F9 00 84 43 38 C6 88 FF
  can0  124   [8]  F9 14 E6 7C 5D 0B CA 08
  can0  123   [8]  FA 00 74 43 38 39 77 FF
  can0  124   [8]  FA 14 E6 A3 24 0B C1 08
  can0  123   [8]  FB 00 66 43 37 BC 14 FF
  can0  124   [8]  FB 14 E6 CA 0B 0B B9 08
  can0  123   [8]  FC 00 60 43 37 2F 05 FF
  can0  124   [8]  FC 14 E6 F0 EE 0B B0 08
  can0  123   [8]  FD 00 68 43 36 A1 F6 FF
  can0  124   [8]  FD 14 E7 17 CB 0B A7 08
  can0  123   [8]  FE 00 7E 43 36 14 E6 FF
  can0  124   [8]  FE 14 E7 3E 94 0B 9E 08
  can0  123   [8]  FF 00 96 43 35 87 D7 FF
  can0  124   [8]  FF 14 E7 65 81 0B 95 08
  can0  123   [8]  00 00 A8 43 34 FA C6 FF
  can0  124   [8]  00 14 E7 8C 47 0B 8C 08
  can0  123   [8]  01 00 B3 43 34 7D 63 FF
  can0  124   [8]  01 14 E7 B3 36 0B 84 08
  can0  123   [8]  02 00 B7 43 33 F0 53 FF
  can0  124   [8]  02 14 E7 DA 06 0B 7B 08
  can0  123   [8]  03 00 B7 43 33 63 44 FF
  can0  124   [8]  03 14 E8 00 F4 0B 72 08
  can0  123   [8]  04 00 AF 43 32 D6 34 FF
  can0  124   [8]  04 14 E8 27 C4 0B 69 08
  can0  123   [8]  05 00 AC 43 32 49 25 FF
  can0  124   [8]  05 14 E8 4E B4 0B 60 08
  can0  123   [8]  06 00 BA 43 31 BC 15 FF
  can0  124   [8]  06 14 E8 75 83 0B 57 08
  can0  123   [8]  07 00 C0 43 31 3E B2 FF
  can0  124   [8]  07 14 E8 9C 6D 0B 4F 08
  can0  123   [8]  08 00 C1 43 30 B1 A2 FF
  can0  124   [8]  08 14 E8 C3 3E 0B 46 08
  can0  123   [8]  09 00 C1 43 30 24 92 FF
  can0  124   [8]  09 14 E8 EA 29 0B 3D 08
  can0  123   [8]  0A 00 C1 43 2F 97 82 FF
  can0  124   [8]  0A 14 E9 10 F7 0B 34 08
  can0  123   [8]  0B 00 C1 43 2F 0A 73 FF
  can0  124   [8]  0B 14 E9 37 E6 0B 2B 08
  can0  123   [8]  0C 00 C1 43 2E 8D 0F FF
  can0  124   [8]  0C 14 E9 5E B0 0B 23 08
  can0  123   [8]  0D 00 BF 43 2E 00 00 FF
  can0  124   [8]  0D 14 E9 85 94 0B 1A 08
  can0  123   [8]  0E 00 BF 43 2D 72 F1 FF
  can0  124   [8]  0E 14 E9 AC 5F 0B 11 08
  can0  123   [8]  0F 00 BE 43 2C E5 E1 FF
  can0  124   [8]  0F 14 E9 D3 4A 0B 08 08
  can0  123   [8]  10 00 BF 43 2C 58 D1 FF
  can0  124   [8]  10 14 E9 FA 16 0A FF 08
  can0  123   [8]  11 00 C2 43 2B DB 6E FF
  can0  124   [8]  11 14 EA 21 02 0A F7 08
  can0  123   [8]  12 00 CB 43 2B 4E 5E FF
  can0  124   [8]  12 14 EA 47 D1 0A EE 08
  can0  123   [8]  13 00 D7 43 2A C1 4E FF
  can0  124   [8]  13 14 EA 6E BF 0A E5 08
  can0  123   [8]  14 00 DB 43 2A 43 EB FF
  can0  124   [8]  14 14 EA 95 93 0A DD 08
  can0  123   [8]  15 00 DB 43 29 B6 DB FF
  can0  124   [8]  15 14 EA BC 79 0A D4 08
  can0  123   [8]  16 00 DC 43 29 29 CC FF
  can0  124   [8]  16 14 EA E3 44 0A CB 08
  can0  123   [8]  17 00 DC 43 28 9C BC FF
  can0  124   [8]  17 14 EB 0A 2C 0A C2 08
  can0  123   [8]  18 00 DD 43 28 0F AC FF
  can0  124   [8]  18 14 EB 30 FE 0A B9 08
  can0  123   [8]  19 00 DD 43 27 92 49 FF
  can0  124   [8]  19 14 EB 57 E7 0A B1 08
  can0  123   [8]  1A 00 DE 43 27 05 39 FF
  can0  124   [8]  1A 14 EB 7E BA 0A A8 08
  can0  123   [8]  1B 00 DE 43 26 78 2A FF
  can0  124   [8]  1B 14 EB A5 A8 0A 9F 08
  can0  123   [8]  1C 00 DF 43 25 EB 1A FF
  can0  124   [8]  1C 14 EB CC 79 0A 96 08
  can0  123   [8]  1D 00 DF 43 25 5E 0B FF
  can0  124   [8]  1D 14 EB F3 68 0A 8D 08
  can0  123   [8]  1E 00 E0 43 24 E0 A7 FF
  can0  124   [8]  1E 14 EC 1A 3B 0A 85 08
  can0  123   [8]  1F 00 E0 43 24 53 98 FF
  can0  124   [8]  1F 14 EC 41 2C 0A 7C 08
  can0  123   [8]  20 00 E1 43 23 C6 88 FF
  can0  124   [8]  20 14 EC 67 FE 0A 73 08
  can0  123   [8]  21 00 E1 43 23 49 25 FF
  can0  124   [8]  21 14 EC 8E EE 0A 6B 08
  can0  123   [8]  22 00 E1 43 22 BC 15 FF
  can0  124   [8]  22 14 EC B5 C1 0A 62 08
  can0  123   [8]  23 00 E0 43 22 2F 05 FF
  can0  124   [8]  23 14 EC DC AD 0A 59 08
  can0  123   [8]  24 00 DE 43 21 A1 F5 FF
  can0  124   [8]  24 14 ED 03 81 0A 50 08
  can0  123   [8]  25 00 D7 43 21 14 E6 FF
  can0  124   [8]  25 14 ED 2A 6B 0A 47 08
  can0  123   [8]  26 00 9D 43 20 97 83 FF
  can0  124   [8]  26 14 ED 51 28 0A 3F 08
  can0  123   [8]  27 00 4A 43 20 0A 73 FF
  can0  124   [8]  27 14 ED 78 22 0A 36 08
  can0  123   [8]  28 00 3F 43 1F 7D 63 FF
  can0  124   [8]  28 14 ED 9E ED 0A 2D 08
  can0  123   [8]  29 00 3E 43 1F 00 00 FF
  can0  124   [8]  29 14 ED C5 CE 0A 25 08
  can0  123   [8]  2A 00 3F 43 1E 72 F0 FF
  can0  124   [8]  2A 14 ED EC 9B 0A 1C 08
  can0  123   [8]  2B 00 3F 43 1D E5 E0 FF
  can0  124   [8]  2B 14 EE 13 83 0A 13 08
  can0  123   [8]  2C 00 3B 43 1D 58 D1 FF
  can0  124   [8]  2C 14 EE 3A 4C 0A 0A 08
  can0  123   [8]  2D 00 34 43 1C CB C1 FF
  can0  124   [8]  2D 14 EE 61 34 0A 01 08
  can0  123   [8]  2E 00 31 43 1C 3E B2 FF
  can0  124   [8]  2E 14 EE 87 FF 09 F8 08
  can0  123   [8]  2F 00 30 43 1B B1 A2 FF
  can0  124   [8]  2F 14 EE AE EA 09 EF 08
  can0  123   [8]  30 00 30 43 1B 24 92 FF
  can0  124   [8]  30 14 EE D5 B3 09 E6 08
  can0  123   [8]  31 00 2F 43 1A 97 83 FF
  can0  124   [8]  31 14 EE FC 9C 09 DD 08
  can0  123   [8]  32 00 2F 43 1A 1A 1F FF
  can0  124   [8]  32 14 EF 23 65 09 D5 08
  can0  123   [8]  33 00 2E 43 19 7D 63 FF
  can0  124   [8]  33 14 EF 4A 48 09 CB 08
  can0  123   [8]  34 00 2E 43 19 00 00 FF
  can0  124   [8]  34 14 EF 71 10 09 C3 08
  can0  123   [8]  35 00 2D 43 18 72 F0 FF
  can0  124   [8]  35 14 EF 97 F8 09 BA 08
  can0  123   [8]  36 00 2D 43 17 E5 E1 FF
  can0  124   [8]  36 14 EF BE C5 09 B1 08
  can0  123   [8]  37 00 2D 43 17 58 D1 FF
  can0  124   [8]  37 14 EF E5 AB 09 A8 08
  can0  123   [8]  38 00 2D 43 16 CB C1 FF
  can0  124   [8]  38 14 F0 0C 76 09 9F 08
  can0  123   [8]  39 00 2D 43 16 3E B1 FF
  can0  124   [8]  39 14 F0 33 56 09 96 08
  can0  123   [8]  3A 00 2D 43 15 B1 A2 FF
  can0  124   [8]  3A 14 F0 5A 21 09 8D 08
  can0  123   [8]  3B 00 2C 43 15 24 92 FF
  can0  124   [8]  3B 14 F0 81 07 09 84 08
  can0  123   [8]  3C 00 2C 43 14 97 83 FF
  can0  124   [8]  3C 14 F0 A7 D6 09 7B 08
  can0  123   [8]  3D 00 2C 43 14 1A 20 FF
  can0  124   [8]  3D 14 F0 CE BA 09 73 08
  can0  123   [8]  3E 00 2C 43 13 8D 10 FF
  can0  124   [8]  3E 14 F0 F5 90 09 6A 08
  can0  123   [8]  3F 00 2C 43 13 00 00 FF
  can0  124   [8]  3F 14 F1 1C 79 09 61 08
  can0  123   [8]  40 00 2D 43 12 72 F0 FF
  can0  124   [8]  40 14 F1 43 4A 09 58 08
  can0  123   [8]  41 00 2D 43 11 E5 E0 FF
  can0  124   [8]  41 14 F1 6A 34 09 4F 08
  can0  123   [8]  42 00 2D 43 11 58 D1 FF
  can0  124   [8]  42 14 F1 91 04 09 46 08
  can0  123   [8]  43 00 2D 43 10 CB C1 FF
  can0  124   [8]  43 14 F1 B7 ED 09 3D 08
  can0  123   [8]  44 00 2E 43 10 3E B2 FF
  can0  124   [8]  44 14 F1 DE BA 09 34 08
  can0  123   [8]  45 00 2E 43 0F B1 A2 FF
  can0  124   [8]  45 14 F2 05 A3 09 2B 08
  can0  123   [8]  46 00 2E 43 0F 34 3F FF
  can0  124   [8]  46 14 F2 2C 75 09 23 08
  can0  123   [8]  47 00 2E 43 0E A7 2F FF
  can0  124   [8]  47 14 F2 53 60 09 1A 08
  can0  123   [8]  48 00 2F 43 0E 1A 1F FF
  can0  124   [8]  48 14 F2 7A 32 09 11 08
  can0  123   [8]  49 00 2F 43 0D 8D 0F FF
  can0  124   [8]  49 14 F2 A1 1A 09 08 08
  can0  123   [8]  4A 00 2F 43 0D 00 00 FF
  can0  124   [8]  4A 14 F2 C7 E9 08 FF 08
  can0  123   [8]  4B 00 30 43 0C 82 9D FF
  can0  124   [8]  4B 14 F2 EE D0 08 F7 08
  can0  123   [8]  4C 00 30 43 0B F5 8D FF
  can0  124   [8]  4C 14 F3 15 A1 08 EE 08
  can0  123   [8]  4D 00 30 43 0B 68 7E FF
  can0  124   [8]  4D 14 F3 3C 87 08 E5 08
  can0  123   [8]  4E 00 30 43 0A DB 6E FF
  can0  124   [8]  4E 14 F3 63 56 08 DC 08
  can0  123   [8]  4F 00 30 43 0A 5E 0A FF
  can0  124   [8]  4F 14 F3 8A 32 08 D4 08
  can0  123   [8]  50 00 31 43 09 D0 FB FF
  can0  124   [8]  50 14 F3 B1 0D 08 CB 08
  can0  123   [8]  51 00 31 43 09 43 EB FF
  can0  124   [8]  51 14 F3 D7 F9 08 C2 08
  can0  123   [8]  52 00 31 43 08 B6 DB FF
  can0  124   [8]  52 14 F3 FE C2 08 B9 08
  can0  123   [8]  53 00 31 43 08 39 78 FF
  can0  124   [8]  53 14 F4 25 A7 08 B1 08
  can0  123   [8]  54 00 32 43 07 AC 69 FF
  can0  124   [8]  54 14 F4 4C 79 08 A8 08
  can0  123   [8]  55 00 32 43 07 1F 59 FF
  can0  124   [8]  55 14 F4 73 62 08 9F 08
  can0  123   [8]  56 00 33 43 06 A1 F6 FF
  can0  124   [8]  56 14 F4 9A 2D 08 97 08
  can0  123   [8]  57 00 33 43 06 14 E6 FF
  can0  124   [8]  57 14 F4 C1 18 08 8E 08
  can0  123   [8]  58 00 33 43 05 87 D6 FF
  can0  124   [8]  58 14 F4 E7 E9 08 85 08
  can0  123   [8]  59 00 33 43 05 0A 73 FF
  can0  124   [8]  59 14 F5 0E D1 08 7D 08
  can0  123   [8]  5A 00 34 43 04 7D 63 FF
  can0  124   [8]  5A 14 F5 35 A3 08 74 08
  can0  123   [8]  5B 00 34 43 03 F0 53 FF
  can0  124   [8]  5B 14 F5 5C 8D 08 6B 08
  can0  123   [8]  5C 00 33 43 03 72 F0 FF
  can0  124   [8]  5C 14 F5 83 60 08 63 08
  can0  123   [8]  5D 00 33 43 02 E5 E1 FF
  can0  124   [8]  5D 14 F5 AA 55 08 5A 08
  can0  123   [8]  5E 00 33 43 02 58 D1 FF
  can0  124   [8]  5E 14 F5 D1 2E 08 51 08
  can0  123   [8]  5F 00 33 43 01 DB 6E FF
  can0  124   [8]  5F 14 F5 F8 1D 08 49 08
  can0  123   [8]  60 00 32 43 01 4E 5E FF
  can0  124   [8]  60 14 F6 1E F4 08 40 08
  can0  123   [8]  61 00 32 43 00 C1 4E FF
  can0  124   [8]  61 14 F6 45 E3 08 37 08
  can0  123   [8]  62 00 32 43 00 43 EB FF
  can0  124   [8]  62 14 F6 6C B6 08 2F 08
  can0  123   [8]  63 00 32 42 FF 6D B7 FF
  can0  124   [8]  63 14 F6 93 AA 08 26 08
  can0  123   [8]  64 00 32 42 FE 72 F0 FF
  can0  124   [8]  64 14 F6 BA 78 08 1E 08
  can0  123   [8]  65 00 32 42 FD 58 D1 FF
  can0  124   [8]  65 14 F6 E1 64 08 15 08
  can0  123   [8]  66 00 31 42 FC 5E 0B FF
  can0  124   [8]  66 14 F7 08 3B 08 0D 08
  can0  123   [8]  67 00 31 42 FB 43 EB FF
  can0  124   [8]  67 14 F7 2F 26 08 04 08
  can0  123   [8]  68 00 31 42 FA 29 CC FF
  can0  124   [8]  68 14 F7 55 F7 07 FB 08
  can0  123   [8]  69 00 31 42 F9 2F 05 FF
  can0  124   [8]  69 14 F7 7C E0 07 F3 08
  can0  123   [8]  6A 00 30 42 F8 14 E6 FF
  can0  124   [8]  6A 14 F7 A3 B5 07 EA 08
  can0  123   [8]  6B 00 30 42 F7 1A 20 FF
  can0  124   [8]  6B 14 F7 CA 9F 07 E2 08
  can0  123   [8]  6C 00 30 42 F6 00 00 FF
  can0  124   [8]  6C 14 F7 F1 72 07 D9 08
  can0  123   [8]  6D 00 30 42 F5 05 3A FF
  can0  124   [8]  6D 14 F8 18 62 07 D1 08
  can0  123   [8]  6E 00 30 42 F3 EB 1A FF
  can0  124   [8]  6E 14 F8 3F 33 07 C8 08
  can0  123   [8]  6F 00 30 42 F2 F0 54 FF
  can0  124   [8]  6F 14 F8 66 23 07 C0 08
  can0  123   [8]  70 00 2F 42 F1 D6 35 FF
  can0  124   [8]  70 14 F8 8C F9 07 B7 08
  can0  123   [8]  71 00 2F 42 F0 DB 6D FF
  can0  124   [8]  71 14 F8 B3 E2 07 AF 08
  can0  123   [8]  72 00 2F 42 EF E0 A7 FF
  can0  124   [8]  72 14 F8 DA B0 07 A7 08
  can0  123   [8]  73 00 2F 42 EE C6 87 FF
  can0  124   [8]  73 14 F9 01 9F 07 9E 08
  can0  123   [8]  74 00 2F 42 ED CB C1 FF
  can0  124   [8]  74 14 F9 28 71 07 96 08
  can0  123   [8]  75 00 2F 42 EC B1 A2 FF
  can0  124   [8]  75 14 F9 4F 5B 07 8D 08
  can0  123   [8]  76 00 2F 42 EB B6 DC FF
  can0  124   [8]  76 14 F9 76 2F 07 85 08
  can0  123   [8]  77 00 2F 42 EA 9C BC FF
  can0  124   [8]  77 14 F9 9D 18 07 7C 08
  can0  123   [8]  78 00 2F 42 E9 A1 F6 FF
  can0  124   [8]  78 14 F9 C3 E6 07 74 08
  can0  123   [8]  79 00 2F 42 E8 87 D6 FF
  can0  124   [8]  79 14 F9 EA D1 07 6B 08
  can0  123   [8]  7A 00 2F 42 E7 8D 10 FF
  can0  124   [8]  7A 14 FA 11 A4 07 63 08
  can0  123   [8]  7B 00 2F 42 E6 92 49 FF
  can0  124   [8]  7B 14 FA 38 8D 07 5B 08
  can0  123   [8]  7C 00 2E 42 E5 78 2A FF
  can0  124   [8]  7C 14 FA 5F 64 07 52 08
  can0  123   [8]  7D 00 2E 42 E4 7D 63 FF
  can0  124   [8]  7D 14 FA 86 50 07 4A 08
  can0  123   [8]  7E 00 2E 42 E3 63 43 FF
  can0  124   [8]  7E 14 FA AD 20 07 41 08
  can0  123   [8]  7F 00 2E 42 E2 68 7D FF
  can0  124   [8]  7F 14 FA D4 14 07 39 08
  can0  123   [8]  80 00 2E 42 E1 6D B7 FF
  can0  124   [8]  80 14 FA FA E6 07 31 08
  can0  123   [8]  81 00 2E 42 E0 53 97 FF
  can0  124   [8]  81 14 FB 21 D2 07 28 08
  can0  123   [8]  82 00 2E 42 DF 58 D1 FF
  can0  124   [8]  82 14 FB 48 A5 07 20 08
  can0  123   [8]  83 00 2E 42 DE 5E 0A FF
  can0  124   [8]  83 14 FB 6F 91 07 18 08
  can0  123   [8]  84 00 2E 42 DD 43 EC FF
  can0  124   [8]  84 14 FB 96 68 07 0F 08
  can0  123   [8]  85 00 2D 42 DC 49 24 FF
  can0  124   [8]  85 14 FB BD 54 07 07 08
  can0  123   [8]  86 00 2D 42 DB 4E 5E FF
  can0  124   [8]  86 14 FB E4 24 06 FF 08
  can0  123   [8]  87 00 2D 42 DA 53 98 FF
  can0  124   [8]  87 14 FC 0B 11 06 F7 08
  can0  123   [8]  88 00 2D 42 D9 39 78 FF
  can0  124   [8]  88 14 FC 31 E2 06 EE 08
  can0  123   [8]  89 00 2D 42 D8 3E B2 FF
  can0  124   [8]  89 14 FC 58 D2 06 E6 08
  can0  123   [8]  8A 00 2D 42 D7 43 EB FF
  can0  124   [8]  8A 14 FC 7F AB 06 DE 08
  can0  123   [8]  8B 00 2D 42 D6 29 CC FF
  can0  124   [8]  8B 14 FC A6 9A 06 D5 08
  can0  123   [8]  8C 00 2D 42 D5 2F 05 FF
  can0  124   [8]  8C 14 FC CD 6F 06 CD 08
  can0  123   [8]  8D 00 2D 42 D4 34 3F FF
  can0  124   [8]  8D 14 FC F4 55 06 C5 08
  can0  123   [8]  8E 00 2D 42 D3 1A 1F FF
  can0  124   [8]  8E 14 FD 1B 24 06 BC 08
  can0  123   [8]  8F 00 2D 42 D2 1F 59 FF
  can0  124   [8]  8F 14 FD 42 0E 06 B4 08
  can0  123   [8]  90 00 2D 42 D1 24 93 FF
  can0  124   [8]  90 14 FD 68 EF 06 AC 08
  can0  123   [8]  91 00 2D 42 D0 29 CB FF
  can0  124   [8]  91 14 FD 8F DA 06 A4 08
  can0  123   [8]  92 00 2D 42 CF 0F AC FF
  can0  124   [8]  92 14 FD B6 B2 06 9B 08
  can0  123   [8]  93 00 2D 42 CE 14 E6 FF
  can0  124   [8]  93 14 FD DD A1 06 93 08
  can0  123   [8]  94 00 2D 42 CD 1A 20 FF
  can0  124   [8]  94 14 FE 04 74 06 8B 08
  can0  123   [8]  95 00 2D 42 CC 1F 59 FF
  can0  124   [8]  95 14 FE 2B 61 06 83 08
  can0  123   [8]  96 00 2D 42 CB 24 92 FF
  can0  124   [8]  96 14 FE 52 39 06 7B 08
  can0  123   [8]  97 00 2D 42 CA 29 CC FF
  can0  124   [8]  97 14 FE 79 23 06 73 08
  can0  123   [8]  98 00 2C 42 C9 0F AC FF
  can0  124   [8]  98 14 FE 9F F8 06 6A 08
  can0  123   [8]  99 00 2C 42 C8 14 E6 FF
  can0  124   [8]  99 14 FE C6 E2 06 62 08
  can0  123   [8]  9A 00 2C 42 C7 1A 20 FF
  can0  124   [8]  9A 14 FE ED B7 06 5A 08
  can0  123   [8]  9B 00 2C 42 C6 1F 58 FF
  can0  124   [8]  9B 14 FF 14 A5 06 52 08
  can0  123   [8]  9C 00 2C 42 C5 24 92 FF
  can0  124   [8]  9C 14 FF 3B 7F 06 4A 08
  can0  123   [8]  9D 00 2C 42 C4 0A 73 FF
  can0  124   [8]  9D 14 FF 62 6D 06 41 08
  can0  123   [8]  9E 00 2C 42 C3 0F AC FF
  can0  124   [8]  9E 14 FF 89 40 06 39 08
  can0  123   [8]  9F 00 2C 42 C2 14 E6 FF
  can0  124   [8]  9F 14 FF B0 2D 06 31 08
  can0  123   [8]  A0 00 2C 42 C1 1A 1F FF
  can0  124   [8]  A0 14 FF D6 FC 06 29 08
  can0  123   [8]  A1 00 2A 42 C0 1F 59 FF
  can0  124   [8]  A1 14 FF FD EC 06 21 08
  can0  123   [8]  A2 00 26 42 BF 05 39 FF
  can0  124   [8]  A2 15 00 24 C5 06 18 08
  can0  123   [8]  A3 00 26 42 BE 0A 73 FF
  can0  124   [8]  A3 15 00 4B B5 06 10 08
  can0  123   [8]  A4 00 26 42 BD 0F AD FF
  can0  124   [8]  A4 15 00 72 8D 06 08 08
  can0  123   [8]  A5 00 26 42 BC 14 E5 FF
  can0  124   [8]  A5 15 00 99 7F 06 00 08
  can0  123   [8]  A6 00 26 42 BA FA C7 FF
  can0  124   [8]  A6 15 00 C0 55 05 F7 08
  can0  123   [8]  A7 00 25 42 BA 00 00 FF
  can0  124   [8]  A7 15 00 E7 3E 05 EF 08
  can0  123   [8]  A8 00 25 42 B9 05 3A FF
  can0  124   [8]  A8 15 01 0E 18 05 E7 08
  can0  123   [8]  A9 00 25 42 B8 0A 73 FF
  can0  124   [8]  A9 15 01 35 07 05 DF 08
  can0  123   [8]  AA 00 24 42 B7 0F AC FF
  can0  124   [8]  AA 15 01 5B DB 05 D7 08
  can0  123   [8]  AB 00 22 42 B6 14 E6 FF
  can0  124   [8]  AB 15 01 82 D0 05 CF 08
  can0  123   [8]  AC 00 29 42 B5 1A 20 FF
  can0  124   [8]  AC 15 01 A9 A4 05 C7 08
  can0  123   [8]  AD 00 28 42 B4 1F 59 FF
  can0  124   [8]  AD 15 01 D0 91 05 BF 08
  can0  123   [8]  AE 00 28 42 B3 24 92 FF
  can0  124   [8]  AE 15 01 F7 60 05 B7 08
  can0  123   [8]  AF 00 28 42 B2 29 CC FF
  can0  124   [8]  AF 15 02 1E 4B 05 AF 08
  can0  123   [8]  B0 00 28 42 B1 2F 05 FF
  can0  124   [8]  B0 15 02 45 1A 05 A7 08
  can0  123   [8]  B1 00 28 42 B0 14 E6 FF
  can0  124   [8]  B1 15 02 6C 0A 05 9E 08
  can0  123   [8]  B2 00 28 42 AF 1A 1F FF
  can0  124   [8]  B2 15 02 92 DF 05 96 08
  can0  123   [8]  B3 00 28 42 AE 1F 59 FF
  can0  124   [8]  B3 15 02 B9 CB 05 8E 08
  can0  123   [8]  B4 00 27 42 AD 24 92 FF
  can0  124   [8]  B4 15 02 E0 9F 05 86 08
  can0  123   [8]  B5 00 27 42 AC 29 CB FF
  can0  124   [8]  B5 15 03 07 90 05 7E 08
  can0  123   [8]  B6 00 27 42 AB 2F 05 FF
  can0  124   [8]  B6 15 03 2E 62 05 76 08
  can0  123   [8]  B7 00 27 42 AA 34 3F FF
  can0  124   [8]  B7 15 03 55 54 05 6E 08
  can0  123   [8]  B8 00 27 42 A9 39 78 FF
  can0  124   [8]  B8 15 03 7C 29 05 66 08
  can0  123   [8]  B9 00 27 42 A8 1F 59 FF
  can0  124   [8]  B9 15 03 A3 1D 05 5D 08
  can0  123   [8]  BA 00 27 42 A7 24 92 FF
  can0  124   [8]  BA 15 03 C9 ED 05 55 08
  can0  123   [8]  BB 00 27 42 A6 29 CC FF
  can0  124   [8]  BB 15 03 F0 DB 05 4D 08
  can0  123   [8]  BC 00 27 42 A5 2F 05 FF
  can0  124   [8]  BC 15 04 17 B0 05 45 08
  can0  123   [8]  BD 00 27 42 A4 14 E6 FF
  can0  124   [8]  BD 15 04 3E 9D 05 3C 08
  can0  123   [8]  BE 00 27 42 A3 1A 1F FF
  can0  124   [8]  BE 15 04 65 6F 05 34 08
  can0  123   [8]  BF 00 27 42 A2 1F 58 FF
  can0  124   [8]  BF 15 04 8C 5D 05 2C 08
  can0  123   [8]  C0 00 27 42 A1 05 3A FF
  can0  124   [8]  C0 15 04 B3 2E 05 23 08
  can0  123   [8]  C1 00 27 42 A0 0A 73 FF
  can0  124   [8]  C1 15 04 DA 1E 05 1B 08
  can0  123   [8]  C2 00 27 42 9F 0F AD FF
  can0  124   [8]  C2 15 05 00 F6 05 13 08
  can0  123   [8]  C3 00 27 42 9D F5 8D FF
  can0  124   [8]  C3 15 05 27 E4 05 0A 08
  can0  123   [8]  C4 00 27 42 9C FA C6 FF
  can0  124   [8]  C4 15 05 4E B9 05 02 08
  can0  123   [8]  C5 00 27 42 9B E0 A7 FF
  can0  124   [8]  C5 15 05 75 A8 04 F9 08
  can0  123   [8]  C6 00 27 42 9A E5 E0 FF
  can0  124   [8]  C6 15 05 9C 73 04 F1 08
  can0  123   [8]  C7 00 27 42 99 CB C2 FF
  can0  124   [8]  C7 15 05 C3 64 04 E8 08
  can0  123   [8]  C8 00 27 42 98 D0 FB FF
  can0  124   [8]  C8 15 05 EA 34 04 E0 08
  can0  123   [8]  C9 00 27 42 97 D6 34 FF
  can0  124   [8]  C9 15 06 11 24 04 D8 08
  can0  123   [8]  CA 00 27 42 96 BC 15 FF
  can0  124   [8]  CA 15 06 37 F8 04 CF 08
  can0  123   [8]  CB 00 27 42 95 C1 4E FF
  can0  124   [8]  CB 15 06 5E EA 04 C7 08
  can0  123   [8]  CC 00 27 42 94 C6 88 FF
  can0  124   [8]  CC 15 06 85 BC 04 BF 08
  can0  123   [8]  CD 00 27 42 93 CB C1 FF
  can0  124   [8]  CD 15 06 AC AC 04 B7 08
  can0  123   [8]  CE 00 27 42 92 D0 FA FF
  can0  124   [8]  CE 15 06 D3 82 04 AF 08
  can0  123   [8]  CF 00 28 42 91 B6 DC FF
  can0  124   [8]  CF 15 06 FA 6D 04 A6 08
  can0  123   [8]  D0 00 28 42 90 BC 15 FF
  can0  124   [8]  D0 15 07 21 3D 04 9E 08
  can0  123   [8]  D1 00 28 42 8F C1 4F FF
  can0  124   [8]  D1 15 07 48 26 04 96 08
  can0  123   [8]  D2 00 28 42 8E C6 88 FF
  can0  124   [8]  D2 15 07 6E FA 04 8E 08
  can0  123   [8]  D3 00 28 42 8D CB C2 FF
  can0  124   [8]  D3 15 07 95 E3 04 86 08
  can0  123   [8]  D4 00 28 42 8C D0 FB FF
  can0  124   [8]  D4 15 07 BC B4 04 7E 08
  can0  123   [8]  D5 00 28 42 8B D6 34 FF
  can0  124   [8]  D5 15 07 E3 9F 04 76 08
  can0  123   [8]  D6 00 28 42 8A BC 15 FF
  can0  124   [8]  D6 15 08 0A 72 04 6D 08
  can0  123   [8]  D7 00 28 42 89 C1 4E FF
  can0  124   [8]  D7 15 08 31 58 04 65 08
  can0  123   [8]  D8 00 28 42 88 C6 88 FF
  can0  124   [8]  D8 15 08 58 2A 04 5D 08
  can0  123   [8]  D9 00 28 42 87 CB C1 FF
  can0  124   [8]  D9 15 08 7F 18 04 55 08
  can0  123   [8]  DA 00 28 42 86 D0 FA FF
  can0  124   [8]  DA 15 08 A5 E7 04 4D 08
  can0  123   [8]  DB 00 28 42 85 D6 34 FF
  can0  124   [8]  DB 15 08 CC D9 04 45 08
  can0  123   [8]  DC 00 28 42 84 DB 6E FF
  can0  124   [8]  DC 15 08 F3 AA 04 3D 08
  can0  123   [8]  DD 00 28 42 83 E0 A7 FF
  can0  124   [8]  DD 15 09 1A 96 04 35 08
  can0  123   [8]  DE 00 28 42 82 E5 E1 FF
  can0  124   [8]  DE 15 09 41 67 04 2D 08
  can0  123   [8]  DF 00 28 42 81 EB 1A FF
  can0  124   [8]  DF 15 09 68 4F 04 25 08
  can0  123   [8]  E0 00 28 42 80 F0 54 FF
  can0  124   [8]  E0 15 09 8F 1D 04 1D 08
  can0  123   [8]  E1 00 29 42 7F EB 1A FF
  can0  124   [8]  E1 15 09 B6 09 04 15 08
  can0  123   [8]  E2 00 29 42 7D B6 DC FF
  can0  124   [8]  E2 15 09 DC DE 04 0C 08
  can0  123   [8]  E3 00 29 42 7B C1 4E FF
  can0  124   [8]  E3 15 0A 03 C6 04 04 08
  can0  123   [8]  E4 00 29 42 79 CB C2 FF
  can0  124   [8]  E4 15 0A 2A A0 03 FC 08
  can0  123   [8]  E5 00 29 42 77 97 83 FF
  can0  124   [8]  E5 15 0A 51 8A 03 F3 08
  can0  123   [8]  E6 00 29 42 75 A1 F5 FF
  can0  124   [8]  E6 15 0A 78 60 03 EB 08
  can0  123   [8]  E7 00 29 42 73 6D B7 FF
  can0  124   [8]  E7 15 0A 9F 4C 03 E2 08
  can0  123   [8]  E8 00 29 42 71 78 2A FF
  can0  124   [8]  E8 15 0A C6 21 03 DA 08
  can0  123   [8]  E9 00 29 42 6F 43 EA FF
  can0  124   [8]  E9 15 0A ED 0D 03 D1 08
  can0  123   [8]  EA 00 29 42 6D 4E 5E FF
  can0  124   [8]  EA 15 0B 13 E3 03 C9 08
  can0  123   [8]  EB 00 29 42 6B 1A 1F FF
  can0  124   [8]  EB 15 0B 3A CE 03 C0 08
  can0  123   [8]  EC 00 29 42 69 24 93 FF
  can0  124   [8]  EC 15 0B 61 A6 03 B8 08
  can0  123   [8]  ED 00 2A 42 66 F0 54 FF
  can0  124   [8]  ED 15 0B 88 90 03 AF 08
  can0  123   [8]  EE 00 2A 42 64 FA C6 FF
  can0  124   [8]  EE 15 0B AF 63 03 A7 08
  can0  123   [8]  EF 00 2A 42 62 C6 88 FF
  can0  124   [8]  EF 15 0B D6 4E 03 9E 08
  can0  123   [8]  F0 00 2A 42 60 92 49 FF
  can0  124   [8]  F0 15 0B FD 2D 03 95 08
  can0  123   [8]  F1 00 2A 42 5E 9C BD FF
  can0  124   [8]  F1 15 0C 24 15 03 8D 08
  can0  123   [8]  F2 00 2A 42 5C A7 2F FF
  can0  124   [8]  F2 15 0C 4A E9 03 85 08
  can0  123   [8]  F3 00 2B 42 5A 72 F0 FF
  can0  124   [8]  F3 15 0C 71 D8 03 7C 08
  can0  123   [8]  F4 00 2B 42 58 7D 64 FF
  can0  124   [8]  F4 15 0C 98 A9 03 74 08
  can0  123   [8]  F5 00 2B 42 56 49 24 FF
  can0  124   [8]  F5 15 0C BF 9A 03 6B 08
  can0  123   [8]  F6 00 2B 42 54 53 98 FF
  can0  124   [8]  F6 15 0C E6 64 03 63 08
  can0  123   [8]  F7 00 2B 42 52 5E 0B FF
  can0  124   [8]  F7 15 0D 0D 56 03 5B 08
  can0  123   [8]  F8 00 2B 42 50 29 CB FF
  can0  124   [8]  F8 15 0D 34 2C 03 52 08
  can0  123   [8]  F9 00 2B 42 4E 34 3F FF
  can0  124   [8]  F9 15 0D 5B 1C 03 4A 08
  can0  123   [8]  FA 00 2B 42 4C 3E B1 FF
  can0  124   [8]  FA 15 0D 81 F7 03 42 08
  can0  123   [8]  FB 00 2C 42 4A 0A 72 FF
  can0  124   [8]  FB 15 0D A8 E7 03 39 08
  can0  123   [8]  FC 00 2C 42 48 14 E6 FF
  can0  124   [8]  FC 15 0D CF C1 03 31 08
  can0  123   [8]  FD 00 2C 42 46 1F 58 FF
  can0  124   [8]  FD 15 0D F6 AB 03 29 08
  can0  123   [8]  FE 00 2C 42 43 EB 1B FF
  can0  124   [8]  FE 15 0E 1D 80 03 20 08
  can0  123   [8]  FF 00 2C 42 41 F5 8D FF
  can0  124   [8]  FF 15 0E 44 6F 03 18 08
  can0  123   [8]  00 00 2C 42 3F C1 4E FF
  can0  124   [8]  00 15 0E 6B 40 03 0F 08
  can0  123   [8]  01 00 2C 42 3D CB C1 FF
  can0  124   [8]  01 15 0E 92 2E 03 07 08
  can0  123   [8]  02 00 2D 42 3B D6 34 FF
  can0  124   [8]  02 15 0E B9 00 02 FF 08
  can0  123   [8]  03 00 2D 42 39 E0 A8 FF
  can0  124   [8]  03 15 0E DF ED 02 F7 08
  can0  123   [8]  04 00 2D 42 37 AC 68 FF
  can0  124   [8]  04 15 0F 06 C1 02 EE 08
  can0  123   [8]  05 00 2D 42 35 B6 DC FF
  can0  124   [8]  05 15 0F 2D AE 02 E6 08
  can0  123   [8]  06 00 2D 42 33 C1 4E FF
  can0  124   [8]  06 15 0F 54 81 02 DE 08
  can0  123   [8]  07 00 2D 42 31 8D 10 FF
  can0  124   [8]  07 15 0F 7B 70 02 D5 08
  can0  123   [8]  08 00 2D 42 2F 97 82 FF
  can0  124   [8]  08 15 0F A2 4A 02 CD 08
  can0  123   [8]  09 00 2E 42 2D A1 F5 FF
  can0  124   [8]  09 15 0F C9 34 02 C5 08
  can0  123   [8]  0A 00 2E 42 2B AC 68 FF
  can0  124   [8]  0A 15 0F F0 08 02 BD 08
  can0  123   [8]  0B 00 2E 42 29 B6 DB FF
  can0  124   [8]  0B 15 10 16 F6 02 B5 08
  can0  123   [8]  0C 00 2E 42 27 82 9D FF
  can0  124   [8]  0C 15 10 3D C9 02 AC 08
  can0  123   [8]  0D 00 2E 42 25 8D 0F FF
  can0  124   [8]  0D 15 10 64 B9 02 A4 08
  can0  123   [8]  0E 00 2F 42 23 97 82 FF
  can0  124   [8]  0E 15 10 8B 89 02 9C 08
  can0  123   [8]  0F 00 2F 42 21 63 44 FF
  can0  124   [8]  0F 15 10 B2 79 02 93 08
  can0  123   [8]  10 00 2F 42 1F 6D B7 FF
  can0  124   [8]  10 15 10 D9 4C 02 8B 08
  can0  123   [8]  11 00 2F 42 1D 78 2A FF
  can0  124   [8]  11 15 11 00 32 02 83 08
  can0  123   [8]  12 00 2F 42 1B 82 9D FF
  can0  124   [8]  12 15 11 27 09 02 7B 08
  can0  123   [8]  13 00 30 42 19 4E 5E FF
  can0  124   [8]  13 15 11 4D F5 02 72 08
  can0  123   [8]  14 00 30 42 17 58 D1 FF
  can0  124   [8]  14 15 11 74 C9 02 6A 08
  can0  123   [8]  15 00 30 42 15 63 44 FF
  can0  124   [8]  15 15 11 9B B6 02 62 08
  can0  123   [8]  16 00 31 42 13 6D B7 FF
  can0  124   [8]  16 15 11 C2 89 02 5A 08
  can0  123   [8]  17 00 31 42 11 78 2A FF
  can0  124   [8]  17 15 11 E9 77 02 52 08
  can0  123   [8]  18 00 31 42 0F 43 EB FF
  can0  124   [8]  18 15 12 10 47 02 49 08
  can0  123   [8]  19 00 32 42 0D 4E 5E FF
  can0  124   [8]  19 15 12 37 33 02 41 08
  can0  123   [8]  1A 00 32 42 0B 58 D1 FF
  can0  124   [8]  1A 15 12 5E 02 02 39 08
  can0  123   [8]  1B 00 32 42 09 63 44 FF
  can0  124   [8]  1B 15 12 84 EB 02 31 08
  can0  123   [8]  1C 00 33 42 07 6D B7 FF
  can0  124   [8]  1C 15 12 AB C3 02 29 08
  can0  123   [8]  1D 00 33 42 05 39 78 FF
  can0  124   [8]  1D 15 12 D2 AC 02 20 08
  can0  123   [8]  1E 00 34 42 03 43 EB FF
  can0  124   [8]  1E 15 12 F9 7E 02 18 08
  can0  123   [8]  1F 00 34 42 01 4E 5E FF
  can0  124   [8]  1F 15 13 20 6A 02 10 08
  can0  123   [8]  20 00 35 41 FE B1 A2 FF
  can0  124   [8]  20 15 13 47 42 02 08 08
  can0  123   [8]  21 00 36 41 FA C6 88 FF
  can0  124   [8]  21 15 13 6E 2F 02 00 08
  can0  123   [8]  22 00 36 41 F6 5E 0B FF
  can0  124   [8]  22 15 13 95 02 01 F7 08
  can0  123   [8]  23 00 37 41 F2 72 F0 FF
  can0  124   [8]  23 15 13 BB EE 01 EF 08
  can0  123   [8]  24 00 37 41 EE 87 D6 FF
  can0  124   [8]  24 15 13 E2 C1 01 E7 08
  can0  123   [8]  25 00 38 41 EA 9C BC FF
  can0  124   [8]  25 15 14 09 AA 01 DF 08
  can0  123   [8]  26 00 3A 41 E6 B1 A2 FF
  can0  124   [8]  26 15 14 30 7E 01 D7 08
  can0  123   [8]  27 00 3B 41 E2 C6 88 FF
  can0  124   [8]  27 15 14 57 67 01 CF 08
  can0  123   [8]  28 00 40 41 DE DB 6E FF
  can0  124   [8]  28 15 14 7E 43 01 C7 08
  can0  123   [8]  29 00 43 41 DA 72 F0 FF
  can0  124   [8]  29 15 14 A5 2D 01 BE 08
  can0  123   [8]  2A 00 45 41 D6 87 D6 FF
  can0  124   [8]  2A 15 14 CB FD 01 B6 08
  can0  123   [8]  2B 00 45 41 D2 9C BC FF
  can0  124   [8]  2B 15 14 F2 E4 01 AE 08
  can0  123   [8]  2C 00 45 41 CE B1 A2 FF
  can0  124   [8]  2C 15 15 19 B5 01 A6 08
  can0  123   [8]  2D 00 45 41 CA C6 88 FF
  can0  124   [8]  2D 15 15 40 9D 01 9E 08
  can0  123   [8]  2E 00 44 41 C6 DB 6E FF
  can0  124   [8]  2E 15 15 67 70 01 96 08
  can0  123   [8]  2F 00 44 41 C2 F0 53 FF
  can0  124   [8]  2F 15 15 8E 59 01 8E 08
  can0  123   [8]  30 00 44 41 BE 87 D6 FF
  can0  124   [8]  30 15 15 B5 30 01 85 08
  can0  123   [8]  31 00 44 41 BA 9C BC FF
  can0  124   [8]  31 15 15 DC 21 01 7D 08
  can0  123   [8]  32 00 44 41 B6 B1 A2 FF
  can0  124   [8]  32 15 16 02 F6 01 75 08
  can0  123   [8]  33 00 43 41 B2 C6 88 FF
  can0  124   [8]  33 15 16 29 E1 01 6D 08
  can0  123   [8]  34 00 43 41 AE DB 6E FF
  can0  124   [8]  34 15 16 50 AC 01 65 08
  can0  123   [8]  35 00 43 41 AA F0 54 FF
  can0  124   [8]  35 15 16 77 99 01 5D 08
  can0  123   [8]  36 00 43 41 A7 05 39 FF
  can0  124   [8]  36 15 16 9E 68 01 55 08
  can0  123   [8]  37 00 43 41 A3 1A 1F FF
  can0  124   [8]  37 15 16 C5 53 01 4D 08
  can0  123   [8]  38 00 43 41 9F 2F 05 FF
  can0  124   [8]  38 15 16 EC 1E 01 45 08
  can0  123   [8]  39 00 43 41 9B 43 EB FF
  can0  124   [8]  39 15 17 13 0D 01 3D 08
  can0  123   [8]  3A 00 42 41 97 58 D1 FF
  can0  124   [8]  3A 15 17 39 E0 01 35 08
  can0  123   [8]  3B 00 42 41 92 F0 54 FF
  can0  124   [8]  3B 15 17 60 CB 01 2C 08
  can0  123   [8]  3C 00 42 41 8F 05 39 FF
  can0  124   [8]  3C 15 17 87 9A 01 24 08
  can0  123   [8]  3D 00 42 41 8B 1A 1F FF
  can0  124   [8]  3D 15 17 AE 85 01 1C 08
  can0  123   [8]  3E 00 41 41 87 2F 06 FF
  can0  124   [8]  3E 15 17 D5 56 01 14 08
  can0  123   [8]  3F 00 41 41 83 43 EB FF
  can0  124   [8]  3F 15 17 FC 40 01 0C 08
  can0  123   [8]  40 00 41 41 7E B1 A2 FF
  can0  124   [8]  40 15 18 23 0D 01 04 08
  can0  123   [8]  41 00 41 41 76 DB 6E FF
  can0  124   [8]  41 15 18 49 FA 00 FC 08
  can0  123   [8]  42 00 40 41 6F 05 39 FF
  can0  124   [8]  42 15 18 70 C7 00 F4 08
  can0  123   [8]  43 00 40 41 67 2F 05 FF
  can0  124   [8]  43 15 18 97 B1 00 EC 08
  can0  123   [8]  44 00 40 41 5F 58 D1 FF
  can0  124   [8]  44 15 18 BE 7F 00 E4 08
  can0  123   [8]  45 00 40 41 57 82 9C FF
  can0  124   [8]  45 15 18 E5 65 00 DC 08
  can0  123   [8]  46 00 40 41 4F AC 68 FF
  can0  124   [8]  46 15 19 0C 36 00 D4 08
  can0  123   [8]  47 00 40 41 47 D6 34 FF
  can0  124   [8]  47 15 19 33 1B 00 CC 08
  can0  123   [8]  48 00 3F 41 40 00 01 FF
  can0  124   [8]  48 15 19 59 EF 00 C4 08
  can0  123   [8]  49 00 3F 41 38 29 CB FF
  can0  124   [8]  49 15 19 80 D9 00 BC 08
  can0  123   [8]  4A 00 3F 41 30 53 98 FF
  can0  124   [8]  4A 15 19 A7 AC 00 B4 08
  can0  123   [8]  4B 00 3F 41 28 7D 63 FF
  can0  124   [8]  4B 15 19 CE 8D 00 AC 08
  can0  123   [8]  4C 00 3F 41 20 A7 2F FF
  can0  124   [8]  4C 15 19 F5 65 00 A4 08
  can0  123   [8]  4D 00 3F 41 18 D0 FB FF
  can0  124   [8]  4D 15 1A 1C 50 00 9C 08
  can0  123   [8]  4E 00 3E 41 10 FA C6 FF
  can0  124   [8]  4E 15 1A 43 1E 00 94 08
  can0  123   [8]  4F 00 3E 41 0A 1F 59 FF
  can0  124   [8]  4F 15 1A 6A 08 00 8D 08
  can0  123   [8]  50 00 3E 41 02 49 25 FF
  can0  124   [8]  50 15 1A 90 CE 00 85 08
  can0  123   [8]  51 00 3E 40 F4 E5 E0 FF
  can0  124   [8]  51 15 1A B7 B9 00 7D 08
  can0  123   [8]  52 00 3E 40 E5 39 77 FF
  can0  124   [8]  52 15 1A DE 84 00 75 08
  can0  123   [8]  53 00 3D 40 D5 8D 10 FF
  can0  124   [8]  53 15 1B 05 6A 00 6D 08
  can0  123   [8]  54 00 3D 40 C5 E0 A7 FF
  can0  124   [8]  54 15 1B 2C 36 00 65 08
  can0  123   [8]  55 00 3D 40 B6 34 3F FF
  can0  124   [8]  55 15 1B 53 17 00 5D 08
  can0  123   [8]  56 00 3C 40 A6 87 D6 FF
  can0  124   [8]  56 15 1B 79 E6 00 55 08
  can0  123   [8]  57 00 3C 40 98 D0 FB FF
  can0  124   [8]  57 15 1B A0 C6 00 4E 08
  can0  123   [8]  58 00 3C 40 89 24 92 FF
  can0  124   [8]  58 15 1B C7 95 00 46 08
  can0  123   [8]  59 00 3C 40 72 F0 54 FF
  can0  124   [8]  59 15 1B EE 7A 00 3E 08
  can0  123   [8]  5A 00 3C 40 53 97 82 FF
  can0  124   [8]  5A 15 1C 15 48 00 36 08
  can0  123   [8]  5B 00 3C 40 34 3E B2 FF
  can0  124   [8]  5B 15 1C 3C 34 00 2E 08
  can0  123   [8]  5C 00 3C 40 14 E5 E1 FF
  can0  124   [8]  5C 15 1C 63 05 00 26 08
  can0  123   [8]  5D 00 3B 3F EB 1A 1F FF
  can0  124   [8]  5D 15 1C 89 ED 00 1E 08
  can0  123   [8]  5E 00 3B 3F AC 68 7E FF
  can0  124   [8]  5E 15 1C B0 BF 00 16 08
  can0  123   [8]  5F 00 3B 3F 5B 6D B7 FF
  can0  124   [8]  5F 15 1C D7 AF 00 0E 08
  can0  123   [8]  60 00 3B 3E DB 6D B7 FF
  can0  124   [8]  60 15 1C FE 7C 00 07 08
  can0  123   [8]  61 00 3B 43 B3 F8 2A FF
  can0  124   [8]  61 15 1D 25 65 16 F7 08
  can0  123   [8]  62 00 3B 43 B3 B9 78 FF
  can0  124   [8]  62 15 1D 4C 39 16 EF 08
  can0  123   [8]  63 00 3B 43 B3 82 9D FF
  can0  124   [8]  63 15 1D 73 22 16 E8 08
  can0  123   [8]  64 00 3A 43 B3 53 97 FF
  can0  124   [8]  64 15 1D 99 F3 16 E2 08
  can0  123   [8]  65 00 3A 43 B3 3C 15 FF
  can0  124   [8]  65 15 1D C0 DA 16 DF 08
  can0  123   [8]  66 00 3A 43 B3 34 3F FF
  can0  124   [8]  66 15 1D E7 A9 16 DE 08
  can0  123   [8]  67 00 3A 43 B3 3C 15 FF
  can0  124   [8]  67 15 1E 0E 98 16 DF 08
  can0  123   [8]  68 00 3A 43 B3 3C 15 FF
  can0  124   [8]  68 15 1E 35 6D 16 DF 08
  can0  123   [8]  69 00 3A 43 B3 3C 15 FF
  can0  124   [8]  69 15 1E 5C 58 16 DF 08
  can0  123   [8]  6A 00 3A 43 B3 3C 15 FF
  can0  124   [8]  6A 15 1E 83 2C 16 DF 08
  can0  123   [8]  6B 00 3A 43 B3 3C 15 FF
  can0  124   [8]  6B 15 1E AA 1A 16 DF 08
  can0  123   [8]  6C 00 3A 43 B3 3C 15 FF
  can0  124   [8]  6C 15 1E D0 F4 16 DF 08
  can0  123   [8]  6D 00 3A 43 B3 3C 15 FF
  can0  124   [8]  6D 15 1E F7 E0 16 DF 08
  can0  123   [8]  6E 00 3A 43 B3 43 EB FF
  can0  124   [8]  6E 15 1F 1E AD 16 E0 08
  can0  123   [8]  6F 00 3A 43 B3 53 97 FF
  can0  124   [8]  6F 15 1F 45 9D 16 E2 08
