host_rx_time_us,t_sample_us,angle_tick,angle_deg,distance_cm,x_mm,y_mm,quality,status
1778134310961603,27858272,4720,288.979584,46,149.606,-434.992,255,8
1778134310962603,27868220,4728,289.469391,44,146.653,-414.841,255,8
1778134310962603,27878195,4737,290.020416,45,154.060,-422.807,255,8
1778134310963601,27888142,4745,290.510223,49,171.684,-458.939,255,8
1778134310963601,27898118,4754,291.061218,41,147.340,-382.611,255,8
1778134310964601,27908071,4762,291.551025,41,150.605,-381.337,255,8
1778134310964601,27918046,4771,292.102051,51,191.891,-472.523,255,8
1778134310965603,27927995,4779,292.591827,51,195.923,-470.865,255,8
1778134310965603,27937978,4788,293.142853,48,188.652,-441.373,255,8
1778134310965603,27947928,4796,293.632629,53,212.462,-485.551,255,8
1778134310967183,27957913,4805,294.183685,53,217.122,-483.486,255,8
1778134310967604,27967868,4813,294.673462,52,217.072,-472.525,255,8
1778134310968606,27977849,4822,295.224487,49,208.821,-443.276,255,8
1778134310968606,27987807,4830,295.714294,50,216.942,-450.484,255,8
1778134310970117,27997791,4839,296.265320,51,225.690,-457.345,255,8
1778134310971130,28007745,4847,296.755096,51,229.591,-455.399,255,8
1778134310971130,28017730,4856,297.306122,50,229.372,-444.284,255,8
1778134310972132,28027678,4864,297.795929,48,223.835,-424.615,255,8
1778134310973132,28037660,4873,298.346924,44,208.916,-387.239,255,8
1778134310974132,28047612,4881,298.836731,40,192.926,-350.399,255,8
1778134310974132,28079487,4909,300.551025,38,193.156,-327.247,255,8
1778134310975130,28089471,4917,301.040833,50,257.824,-428.400,255,8
1778134310976129,28099421,4926,301.591827,50,261.932,-425.901,255,8
1778134310976129,28109395,4935,302.142853,48,255.375,-406.428,255,8
1778134310977128,28119496,4943,302.632660,43,231.878,-362.122,255,8
1778134310977128,28133301,4955,303.367340,40,220.002,-334.065,255,8
1778134310978127,28143257,4964,303.918365,41,228.785,-340.232,255,8
1778134310978127,28153232,4972,304.408173,47,265.590,-387.765,255,8
1778134310979128,28163185,4981,304.959167,47,269.306,-385.193,255,8
1778134310979128,28173165,4989,305.448975,49,284.189,-399.170,255,8
1778134310980126,28183112,4998,306.000000,54,317.404,-436.869,255,8
1778134310980126,28193084,5006,306.489807,54,321.127,-434.140,255,8
1778134310981127,36466934,175,10.714286,48,471.632,89.238,255,8
1778134310982128,36736139,5865,359.081635,44,439.943,-7.052,255,8
1778134310982128,36746108,5865,359.081635,44,439.943,-7.052,255,8
1778134311056768,36756092,5865,359.081635,44,439.943,-7.052,255,8
1778134311057767,36766052,5865,359.081635,44,439.943,-7.052,255,8
1778134311057767,36776045,5865,359.081635,44,439.943,-7.052,255,8
1778134311058771,36785996,5865,359.081635,44,439.943,-7.052,255,8
1778134311058771,36795980,5865,359.081635,44,439.943,-7.052,255,8
1778134311059770,36805947,5865,359.081635,44,439.943,-7.052,255,8
1778134311059770,36815925,5866,359.142853,45,449.950,-6.732,255,8
1778134311060770,36825886,5866,359.142853,45,449.950,-6.732,255,8
1778134311093289,36835868,5868,359.265320,45,449.963,-5.770,255,8
1778134311094289,36845820,5869,359.326538,45,449.969,-5.289,255,8
1778134311094289,36855792,5871,359.448975,45,449.979,-4.328,255,8
1778134311095292,36865754,5874,359.632629,45,449.991,-2.885,255,8
1778134311162256,36875735,5877,359.816315,45,449.998,-1.443,255,8
1778134311163255,36885691,1,0.061224,45,450.000,0.481,255,8
1778134311163255,36895671,5,0.306122,45,449.994,2.404,255,8
1778134311164255,36905624,8,0.489796,44,439.984,3.761,255,8
1778134311164255,36915607,12,0.734694,45,449.963,5.770,255,8
1778134311165254,36925564,16,0.979592,44,439.936,7.522,255,8
1778134311165254,36935547,19,1.163265,44,439.909,8.933,255,8
1778134311185553,36945501,23,1.408163,44,439.867,10.813,255,8
1778134311185553,36955487,27,1.653061,45,449.813,12.981,255,8
1778134311212628,36965440,31,1.897959,45,449.753,14.904,255,8
1778134311213141,36975420,35,2.142857,45,449.685,16.826,255,8
1778134311213141,36985370,40,2.448980,44,439.598,18.801,255,8
1778134311234326,36995353,44,2.693878,44,439.514,20.680,255,8
1778134311235328,37005303,48,2.938775,45,449.408,23.071,255,8
1778134311257334,37015286,52,3.183673,45,449.305,24.992,255,8
1778134311258326,37025241,57,3.489796,45,449.166,27.392,255,8
1778134311299326,37035221,61,3.734694,45,449.044,29.311,255,8
1778134311300328,37045172,66,4.040816,45,448.881,31.710,255,8
1778134311300328,37055152,70,4.285714,44,438.770,32.881,255,8
1778134311301326,37065110,75,4.591837,44,438.588,35.225,255,8
1778134311302326,37075093,79,4.836735,44,438.433,37.099,255,8
1778134311321755,37085050,84,5.142857,45,448.188,40.338,255,8
1778134311322843,37095034,89,5.448980,45,447.967,42.732,255,8
1778134311342969,37104988,94,5.755102,45,447.732,45.124,255,8
1778134311343967,37114973,99,6.061224,45,447.484,47.516,255,8
1778134311391586,37124930,104,6.367347,45,447.224,49.906,255,8
1778134311392595,37134913,109,6.673470,44,437.019,51.133,255,8
1778134311392595,37144872,114,6.979592,45,446.665,54.682,255,8
1778134311393595,37154846,119,7.285715,45,446.367,57.068,255,8
1778134311393595,37164812,124,7.591837,45,446.055,59.452,255,8
1778134311433633,37174794,129,7.897959,45,445.731,61.834,255,8
1778134311433633,37184755,135,8.265306,45,445.326,64.691,255,8
1778134311434636,37194737,140,8.571428,45,444.974,67.069,255,8
1778134311434636,37204700,145,8.877551,45,444.609,69.445,255,8
1778134311452636,37214685,151,9.244898,45,444.155,72.295,255,8
1778134311453644,37224647,156,9.551021,45,443.762,74.667,255,8
1778134311469974,37234632,161,9.857143,44,433.505,75.325,255,8
1778134311470974,37244582,167,10.224489,45,442.854,79.877,255,8
1778134311480994,37254578,173,10.591837,45,442.333,82.715,255,8
1778134311502077,37264539,178,10.897960,45,441.884,85.077,255,8
1778134311502077,37274524,184,11.265306,45,441.330,87.909,255,8
1778134311519112,37284479,189,11.571429,46,450.651,92.271,255,8
1778134311521133,37294465,195,11.938775,46,450.050,95.159,255,8
1778134311542074,37304427,201,12.306123,45,439.660,95.911,255,8
1778134311542621,37314411,207,12.673470,46,448.793,100.921,255,8
1778134311557854,37324365,212,12.979591,46,448.247,103.318,255,8
1778134311578469,37334350,218,13.346939,45,437.846,103.881,255,8
1778134311579477,37344311,224,13.714286,45,437.171,106.686,255,8
1778134311580470,37354296,230,14.081633,45,436.478,109.487,255,8
1778134311602466,37364253,236,14.448979,46,445.450,114.778,255,8
1778134311603470,37374241,242,14.816327,46,444.705,117.632,255,8
1778134311622469,37384195,248,15.183674,46,443.942,120.481,255,8
1778134311623468,37394179,255,15.612246,46,443.028,123.798,255,8
1778134311638465,37404135,261,15.979591,46,442.226,126.636,255,8
1778134311639472,37414123,267,16.346939,46,441.405,129.468,255,8
1778134311693423,37424082,273,16.714287,46,440.565,132.296,255,8
1778134311694415,37434062,280,17.142857,46,439.563,135.587,255,8
1778134311695417,37444023,287,17.571428,46,438.537,138.871,255,8
1778134311695417,37454007,293,17.938776,46,437.638,141.680,255,8
1778134311696418,37463961,299,18.306122,46,436.720,144.483,255,8
1778134311735039,37473940,306,18.734694,46,435.627,147.746,255,8
1778134311736036,37483896,313,19.163265,47,443.956,154.283,255,8
1778134311736036,37493883,319,19.530613,47,442.958,157.126,255,8
1778134311737025,37503835,326,19.959183,47,441.770,160.435,255,8
1778134311752037,37513818,333,20.387754,47,440.558,163.735,255,8
1778134311753035,37523777,340,20.816326,47,439.320,167.025,255,8
1778134311772564,37533763,347,21.244898,47,438.059,170.307,255,8
1778134311772564,37543721,353,21.612246,47,436.958,173.112,255,8
1778134311789582,37553708,360,22.040817,47,435.651,176.375,255,8
1778134311789582,37563659,367,22.469387,47,434.319,179.629,255,8
1778134311808025,37573640,374,22.897959,48,442.176,186.764,255,8
1778134311809028,37583595,381,23.326530,47,431.584,186.106,255,8
1778134311826753,37593579,389,23.816326,47,429.977,189.789,255,8
1778134311827753,37603530,396,24.244898,47,428.545,193.000,255,8
1778134311847053,37613514,403,24.673470,48,436.177,200.374,255,8
1778134311848056,37623469,410,25.102041,48,434.666,203.631,255,8
1778134311873144,37633454,418,25.591835,48,432.909,207.339,255,8
1778134311874145,37643413,425,26.020407,48,431.346,210.572,255,8
1778134311890171,37653398,433,26.510202,47,420.582,209.788,255,8
1778134311891178,37663355,440,26.938774,48,427.916,217.458,255,8
1778134311899227,37673332,447,27.367346,48,426.277,220.653,255,8
1778134311913275,37683299,455,27.857143,48,424.375,224.289,255,8
1778134311931324,37693286,463,28.346939,48,422.443,227.908,255,8
1778134311932832,37703247,471,28.836735,48,420.479,231.511,255,8
1778134311948887,37713229,478,29.265306,48,418.735,234.650,255,8
1778134311949882,37723189,486,29.755102,48,416.714,238.221,255,8
1778134311965439,37733167,494,30.244898,49,423.301,246.812,255,8
1778134311967439,37743121,502,30.734694,50,429.771,255.532,255,8
1778134311985005,37753107,510,31.224491,49,419.020,254.012,255,8
1778134311986998,37763060,518,31.714287,49,416.833,257.585,255,8
1778134312004819,37773052,525,32.142857,50,423.362,266.016,255,8
1778134312006821,37783012,534,32.693878,50,420.784,270.075,255,8
1778134312021961,37792996,542,33.183674,50,418.460,273.662,255,8
1778134312038187,37802954,550,33.673470,50,416.105,277.230,255,8
1778134312039193,37812939,558,34.163265,51,421.995,286.392,255,8
1778134312051416,37822896,567,34.714287,51,419.221,290.437,255,8
1778134312066433,37832879,575,35.204082,51,416.723,294.010,255,8
1778134312067017,37842838,583,35.693878,50,406.073,291.727,255,8
1778134312082702,37852817,591,36.183674,49,395.493,289.284,255,8
1778134312093495,37862772,600,36.734695,48,384.679,287.093,255,8
1778134312099112,37872755,609,37.285713,48,381.900,290.779,255,8
1778134312120958,37882712,617,37.775509,46,363.592,281.782,255,8
1778134312121946,37892696,626,38.326530,45,353.020,279.064,255,8
1778134312136986,37902653,635,38.877552,44,342.535,276.170,255,8
1778134312138091,37912635,643,39.367348,44,340.162,279.088,255,8
1778134312159664,37922593,652,39.918365,46,352.801,295.180,255,8
1778134312159664,37932575,661,40.469387,46,349.946,298.559,255,8
1778134312173184,37942529,669,40.959183,46,347.381,301.540,255,8
1778134312179217,37952511,678,41.510204,45,336.977,298.239,255,8
1778134312190726,37962472,687,42.061226,46,341.518,308.165,255,8
1778134312204752,37972456,696,42.612244,45,331.179,304.665,255,8
1778134312205752,37982415,705,43.163265,45,328.233,307.836,255,8
1778134312222337,37992399,714,43.714287,45,325.258,310.978,255,8
1778134312228444,38002357,723,44.265305,45,322.252,314.092,255,8
1778134312240944,38012342,732,44.816326,45,319.216,317.176,255,8
1778134312255616,38022299,742,45.428574,45,315.809,320.569,255,8
1778134312256137,38032285,751,45.979591,45,312.712,323.592,255,8
1778134312271175,38042250,760,46.530613,44,302.705,319.327,255,8
1778134312277706,38052235,769,47.081631,44,299.621,322.223,255,8
1778134312298238,38062194,779,47.693878,44,296.160,325.406,255,8
1778134312299237,38072177,788,48.244900,44,293.017,328.239,255,8
1778134312313846,38082132,797,48.795918,44,289.847,331.042,255,8
1778134312313846,38092120,807,49.408161,44,286.293,334.120,255,8
1778134312327365,38102076,816,49.959183,44,283.067,336.858,255,8
1778134312350845,38112062,825,50.510201,44,279.814,339.565,255,8
1778134312350845,38122023,835,51.122448,44,276.170,342.535,255,8
1778134312353840,38132009,844,51.673470,44,272.863,345.175,255,8
1778134312368018,38141972,853,52.224491,44,269.530,347.783,255,8
1778134312380225,38151958,863,52.836735,43,259.758,342.674,255,8
1778134312385228,38161918,872,53.387756,43,256.450,345.157,255,8
1778134312399782,38171905,881,53.938778,43,253.119,347.607,255,8
1778134312415896,38181860,891,54.551018,43,249.390,350.292,255,8
1778134312416888,38191851,900,55.102043,43,246.010,352.674,255,8
1778134312422582,38201807,909,55.653065,43,242.607,355.024,255,8
1778134312444346,38211783,919,56.265305,43,238.800,357.596,255,8
1778134312444346,38221748,928,56.816326,43,235.350,359.876,255,8
1778134312459560,38231736,937,57.367348,42,226.485,353.701,255,8
1778134312472410,38241694,946,57.918365,42,223.073,355.863,255,8
1778134312473405,38251679,956,58.530613,43,224.478,366.755,255,8
1778134312490184,38261631,965,59.081635,43,220.941,368.897,255,8
1778134312492705,38271623,974,59.632652,42,212.328,362.377,255,8
1778134312507759,38281581,984,60.244900,42,208.443,364.625,255,8
1778134312532215,38291570,993,60.795921,42,204.927,366.613,255,8
1778134312533224,38301533,1002,61.346939,42,201.392,368.567,255,8
1778134312533224,38311517,1011,61.897961,42,197.838,370.486,255,8
1778134312547633,38321476,1021,62.510204,42,193.868,372.579,255,8
1778134312561287,38331460,1030,63.061222,42,190.276,374.426,255,8
1778134312561287,38341422,1039,63.612244,42,186.666,376.239,255,8
1778134312578332,38351408,1049,64.224495,42,182.635,378.212,255,8
1778134312593871,38361368,1058,64.775505,42,178.990,379.951,255,8
1778134312593871,38371357,1067,65.326530,42,175.327,381.655,255,8
1778134312605398,38381314,1077,65.938774,42,171.239,383.506,255,8
1778134312611508,38391296,1086,66.489792,42,167.543,385.135,255,8
1778134312635563,38401256,1095,67.040817,42,163.832,386.729,255,8
1778134312635563,38411251,1105,67.653061,42,159.690,388.457,255,8
1778134312651608,38421208,1114,68.204079,42,155.947,389.975,255,8
1778134312651608,38431188,1123,68.755104,42,152.189,391.457,255,8
1778134312683192,38441147,1132,69.306122,42,148.417,392.902,255,8
1778134312683192,38451130,1141,69.857140,41,141.188,384.923,255,8
1778134312684197,38461090,1151,70.469391,42,140.410,395.834,255,8
1778134312699218,38471078,1160,71.020409,41,133.345,387.710,255,8
1778134312700721,38481037,1169,71.571426,41,129.610,388.975,255,8
1778134312718747,38491029,1179,72.183670,40,122.387,380.817,255,8
1778134312720746,38500990,1188,72.734695,38,112.783,362.877,255,8
1778134312738322,38510978,1197,73.285713,37,106.412,354.368,255,8
1778134312739318,38520936,1207,73.897957,37,102.619,355.485,255,8
1778134312769736,38530921,1216,74.448982,37,99.196,356.455,255,8
1778134312771249,38540879,1225,75.000000,37,95.763,357.393,255,8
1778134312771249,38550865,1234,75.551018,37,92.322,358.297,255,8
1778134312787297,38560820,1244,76.163269,37,88.488,359.263,255,8
1778134312816285,38570810,1253,76.714287,37,85.029,360.097,255,8
1778134312816285,38580766,1262,77.265305,37,81.562,360.898,255,8
1778134312817288,38590753,1271,77.816330,36,75.977,351.891,255,8
1778134312832912,38600713,1281,78.428566,36,72.212,352.683,255,8
1778134312832912,38610692,1290,78.979591,36,68.817,353.361,255,8
1778134312839431,38620648,1299,79.530617,36,65.416,354.007,255,8
1778134312866428,38630626,1308,80.081635,36,62.008,354.619,255,8
1778134312866428,38640588,1317,80.632652,36,58.595,355.199,255,8
1778134312883204,38650568,1327,81.244896,36,54.796,355.805,255,8
1778134312884203,38660528,1336,81.795914,36,51.372,356.316,255,8
1778134312891201,38670512,1345,82.346939,36,47.943,356.793,255,8
1778134312903743,38680464,1355,82.959183,37,45.353,367.210,255,8
1778134312920799,38690449,1364,83.510201,37,41.820,367.629,255,8
1778134312922308,38700406,1373,84.061226,37,38.282,368.014,255,8
1778134312937351,38710391,1382,84.612244,37,34.741,368.365,255,8
1778134312938345,38720351,1392,85.224487,37,30.803,368.716,255,8
1778134312965438,38730336,1401,85.775513,37,27.256,368.995,255,8
1778134312966441,38740296,1410,86.326530,37,23.706,369.240,255,8
1778134312968440,38750274,1419,86.877548,37,20.154,369.451,255,8
1778134312984107,38760233,1429,87.489792,37,16.205,369.645,255,8
1778134312990025,38770227,1438,88.040817,37,12.649,369.784,255,8
1778134313015620,38780182,1447,88.591835,37,9.093,369.888,255,8
1778134313016615,38790167,1456,89.142860,38,5.685,379.957,255,8
1778134313017623,38800122,1466,89.755104,38,1.624,379.997,255,8
1778134313033217,38810106,1475,90.306129,38,-2.030,379.995,255,8
1778134313052752,38820076,1484,90.857147,38,-5.685,379.957,255,8
1778134313052752,38830064,1493,91.408157,40,-9.830,399.879,255,8
1778134313068796,38840025,1502,91.959183,40,-13.675,399.766,255,8
1778134313068796,38850011,1512,92.571434,41,-18.395,409.587,255,8
1778134313076839,38859970,1521,93.122444,41,-22.333,409.391,255,8
1778134313104944,38869950,1530,93.673470,41,-26.269,409.158,255,8
1778134313104944,38879909,1539,94.224487,41,-30.202,408.886,255,8
1778134313119982,38889896,1549,94.836731,41,-34.570,408.540,255,8
1778134313120983,38899853,1558,95.387756,41,-38.497,408.189,255,8
1778134313126504,38909836,1567,95.938774,41,-42.421,407.800,255,8
1778134313139540,38919792,1576,96.489799,41,-46.341,407.373,255,8
1778134313161353,38929778,1585,97.040817,41,-50.256,406.908,255,8
1778134313161353,38939737,1595,97.653061,41,-54.601,406.348,255,8
1778134313176933,38949728,1604,98.204086,41,-58.507,405.804,255,8
1778134313177931,38959683,1613,98.755104,41,-62.407,405.223,255,8
1778134313199021,38969671,1622,99.306114,41,-66.301,404.604,255,8
1778134313199021,38979633,1631,99.857140,41,-70.189,403.947,255,8
1778134313215365,38989617,1641,100.469391,41,-74.501,403.174,255,8
1778134313216411,38999578,1650,101.020401,41,-78.375,402.439,255,8
1778134313242874,39009564,1659,101.571426,41,-82.242,401.667,255,8
1778134313242874,39019517,1668,102.122444,41,-86.101,400.857,255,8
1778134313257875,39029494,1677,102.673470,41,-89.952,400.011,255,8
1778134313258960,39039453,1687,103.285713,41,-94.221,399.027,255,8
1778134313286460,39049434,1696,103.836731,41,-98.054,398.102,255,8
1778134313287534,39059390,1705,104.387756,42,-104.363,406.827,255,8
1778134313287534,39069365,1714,104.938774,42,-108.270,405.805,255,8
1778134313302895,39079323,1724,105.551018,42,-112.600,404.625,255,8
1778134313309442,39089302,1733,106.102043,41,-113.713,393.915,255,8
1778134313322148,39099257,1742,106.653061,42,-120.362,402.384,255,8
1778134313343599,39109237,1751,107.204086,42,-124.226,401.208,255,8
1778134313344104,39119191,1760,107.755096,42,-128.079,399.995,255,8
1778134313344875,39129169,1769,108.306122,42,-131.919,398.745,255,8
1778134313359930,39139119,1779,108.918373,42,-136.173,397.312,255,8
1778134313365932,39149109,1788,109.469383,42,-139.987,395.984,255,8
1778134313393030,39159068,1797,110.020409,42,-143.789,394.620,255,8
1778134313393030,39169052,1806,110.571426,42,-147.577,393.219,255,8
1778134313394025,39179010,1815,111.122452,42,-151.352,391.781,255,8
1778134313409600,39188985,1825,111.734688,42,-155.530,390.142,255,8
1778134313416387,39198941,1834,112.285713,42,-159.275,388.628,255,8
1778134313443616,39208920,1843,112.836739,42,-163.005,387.078,255,8
1778134313443616,39218872,1852,113.387756,42,-166.720,385.493,255,8
1778134313444616,39228850,1861,113.938782,43,-174.477,393.011,255,8
1778134313460497,39238804,1870,114.489792,42,-174.103,382.215,255,8
1778134313466618,39248783,1880,115.102043,43,-182.420,389.388,255,8
1778134313494513,39258741,1889,115.653069,43,-186.156,387.616,255,8
1778134313495214,39268719,1898,116.204079,43,-189.875,385.808,255,8
1778134313495214,39278675,1907,116.755096,43,-193.576,383.964,255,8
1778134313510934,39288662,1916,117.306122,43,-197.260,382.084,255,8
1778134313551545,39298617,1925,117.857147,43,-200.926,380.170,255,8
1778134313551545,39308595,1935,118.469383,43,-204.976,378.001,255,8
1778134313552548,39318551,1944,119.020409,43,-208.602,376.012,255,8
1778134313552548,39328536,1953,119.571426,43,-212.209,373.989,255,8
1778134313552548,39338486,1962,120.122452,44,-220.814,380.580,255,8
1778134313572596,39348469,1971,120.673477,44,-224.464,378.439,255,8
1778134313573586,39358428,1980,121.224487,44,-228.093,376.263,255,8
1778134313598157,39368411,1990,121.836739,44,-232.100,373.804,255,8
1778134313598157,39378368,1999,122.387756,44,-235.684,371.555,255,8
1778134313638362,39388349,2008,122.938774,44,-239.247,369.271,255,8
1778134313640001,39398304,2017,123.489792,44,-242.787,366.953,255,8
1778134313641030,39408287,2026,124.040817,44,-246.305,364.601,255,8
1778134313641030,39418241,2035,124.591835,44,-249.800,362.216,255,8
1778134313642544,39428221,2045,125.204079,44,-253.656,359.526,255,8
1778134313660595,39438178,2054,125.755104,44,-257.102,357.070,255,8
1778134313661600,39448163,2063,126.306122,45,-266.445,362.639,255,8
1778134313687710,39458121,2072,126.857147,45,-269.920,360.060,255,8
1778134313687710,39468105,2081,127.408165,45,-273.370,357.448,255,8
1778134313723947,39478061,2090,127.959183,45,-276.795,354.802,255,8
1778134313724946,39488044,2099,128.510208,45,-280.194,352.124,255,8
1778134313725947,39498004,2109,129.122452,45,-283.941,349.110,255,8
1778134313725947,39507993,2118,129.673462,46,-293.669,354.060,255,8
1778134313742952,39517950,2127,130.224487,46,-297.061,351.219,255,8
1778134313743947,39527930,2136,130.775513,46,-300.425,348.346,255,8
1778134313771945,39537893,2145,131.326538,46,-303.761,345.441,255,8
1778134313772945,39547877,2154,131.877548,46,-307.069,342.504,255,8
1778134313772945,39557834,2163,132.428574,47,-317.095,346.916,255,8
1778134313791744,39567818,2172,132.979584,47,-320.417,343.850,255,8
1778134313792745,39577775,2181,133.530609,47,-323.709,340.753,255,8
1778134313818453,39587750,2191,134.142853,47,-327.331,337.275,255,8
1778134313819451,39597705,2200,134.693878,47,-330.560,334.111,255,8
1778134313820957,39607688,2209,135.244904,47,-333.758,330.917,255,8
1778134313839018,39617644,2218,135.795914,48,-344.093,334.664,255,8
1778134313840019,39627633,2227,136.346939,48,-347.296,331.339,255,8
1778134313868614,39637593,2236,136.897964,48,-350.466,327.984,255,8
1778134313869614,39647578,2245,137.448975,48,-353.604,324.598,255,8
1778134313869614,39657542,2254,138.000000,48,-356.710,321.183,255,8
1778134313911223,39667524,2263,138.551025,48,-359.782,317.737,255,8
1778134313911729,39677486,2273,139.163254,48,-363.156,313.875,255,8
1778134313911729,39687474,2282,139.714279,49,-373.786,316.834,255,8
1778134313912732,39697429,2291,140.265305,48,-369.126,306.832,255,8
1778134313931295,39707405,2300,140.816330,49,-379.811,309.586,255,8
1778134313931295,39717365,2309,141.367355,49,-382.771,305.919,255,8
1778134313957354,39727352,2318,141.918365,49,-385.695,302.224,255,8
1778134313958349,39737314,2327,142.469391,49,-388.584,298.501,255,8
1778134313959360,39747303,2336,143.020401,50,-399.425,300.765,255,8
1778134313998166,39757265,2345,143.571426,50,-402.299,296.910,255,8
1778134313998166,39767247,2355,144.183670,52,-421.666,304.298,255,8
1778134313999167,39777204,2364,144.734695,57,-465.398,329.097,255,8
1778134313999167,39787191,2373,145.285721,59,-484.981,335.996,255,8
1778134314017725,39797156,2382,145.836731,60,-496.464,336.932,255,8
1778134314018725,39807141,2391,146.387756,60,-499.682,332.142,255,8
1778134314046255,39817105,2400,146.938782,61,-511.234,332.776,255,8
1778134314047204,39827091,2409,147.489792,63,-531.276,338.593,255,8
1778134314048919,39837050,2418,148.040817,64,-542.992,338.762,255,8
1778134314068253,39847037,2427,148.591843,63,-537.690,328.313,255,8
1778134314068253,39856997,2436,149.142853,60,-515.069,307.740,255,8
1778134314113854,39866983,2445,149.693878,59,-509.372,297.726,255,8
1778134314114849,39876945,2454,150.244888,60,-520.893,297.776,255,8
1778134314115849,39886935,2463,150.795914,61,-532.461,297.632,255,8
1778134314116848,39896892,2472,151.346939,63,-552.850,302.088,255,8
1778134314117846,39906876,2481,151.897964,65,-573.372,306.178,255,8
1778134314144020,39916838,2490,152.448975,64,-567.424,296.025,255,8
1778134314145021,39926822,2499,153.000000,64,-570.244,290.554,255,8
1778134314166106,39936785,2508,153.551010,64,-573.012,285.057,255,8
1778134314166106,39946771,2517,154.102036,65,-584.723,283.900,255,8
1778134314167105,39956726,2526,154.653061,65,-587.426,278.264,255,8
1778134314196197,39966710,2535,155.204086,64,-580.997,268.408,255,8
1778134314196197,39976670,2544,155.755112,65,-592.669,266.914,255,8
1778134314197190,39986650,2553,156.306122,65,-595.209,261.202,255,8
1778134314214726,39996613,2562,156.857132,65,-597.693,255.466,255,8
1778134314216725,40006597,2571,157.408157,66,-609.355,253.548,255,8
1778134314244440,40016553,2580,157.959183,67,-621.034,251.429,255,8
1778134314245440,40026541,2589,158.510208,67,-623.424,245.445,255,8
1778134314246957,40036501,2598,159.061234,66,-616.416,235.864,255,8
1778134314263713,40046484,2607,159.612244,66,-618.655,229.925,255,8
1778134314291724,40056447,2616,160.163269,65,-611.431,220.572,255,8
1778134314292727,40066435,2625,160.714279,65,-613.524,214.681,255,8
1778134314293720,40076397,2634,161.265305,64,-606.090,205.559,255,8
1778134314310805,40086377,2643,161.816330,63,-598.538,196.600,255,8
1778134314311720,40096335,2651,162.306122,62,-590.670,188.437,255,8
1778134314340735,40106319,2660,162.857147,61,-582.899,179.801,255,8
1778134314341725,40116279,2669,163.408173,60,-575.018,171.331,255,8
1778134314341725,40126270,2678,163.959183,61,-586.250,168.556,255,8
1778134314359361,40136230,2687,164.510193,61,-587.844,162.911,255,8
1778134314360300,40146217,2696,165.061218,61,-589.383,157.250,255,8
1778134314388222,40156170,2705,165.612244,61,-590.868,151.575,255,8
1778134314389127,40166159,2714,166.163269,61,-592.299,145.885,255,8
1778134314389127,40176118,2723,166.714294,62,-603.406,142.480,255,8
1778134314424600,40186099,2731,167.204086,62,-604.602,137.317,255,8
1778134314426195,40196058,2740,167.755112,60,-586.350,127.254,255,8
1778134314426833,40206040,2749,168.306122,59,-577.754,119.583,255,8
1778134314426833,40215991,2758,168.857132,58,-569.066,112.089,255,8
1778134314443383,40225980,2767,169.408157,62,-609.436,113.963,255,8
1778134314444889,40235937,2775,169.897964,65,-639.923,114.011,255,8
1778134314472159,40245917,2784,170.448975,69,-680.435,114.489,255,8
1778134314472159,40255874,2793,171.000000,81,-800.028,126.712,255,8
1778134314488741,40265869,2801,171.489792,87,-860.421,128.747,255,8
1778134314489742,40275827,2810,172.040817,88,-871.523,121.851,255,8
1778134314526964,40285812,2819,172.591843,88,-872.654,113.464,255,8
1778134314527969,40295751,2827,173.081635,107,-1062.209,128.887,255,8
1778134314528581,40305731,2836,173.632645,157,-1560.315,174.117,255,8
1778134314528581,40315689,2845,174.183670,163,-1621.609,165.184,255,8
1778134314563634,40325671,2853,174.673462,150,-1493.523,139.248,255,8
1778134314564628,40335616,2862,175.224487,129,-1285.522,107.395,255,8
1778134314564628,40345596,2871,175.775513,106,-1057.120,78.084,255,8
1778134314564628,40355567,2879,176.265305,92,-918.046,59.926,255,8
1778134314601746,40365555,2888,176.816330,83,-828.719,46.096,255,8
1778134314601746,40375511,2897,177.367340,79,-789.166,36.287,255,8
1778134314601746,40385497,2905,177.857147,78,-779.455,29.165,255,8
1778134314603741,40395457,2914,178.408157,78,-779.699,21.668,255,8
1778134314625280,40405442,2922,178.897949,81,-809.850,15.579,255,8
1778134314626785,40415400,2931,179.448975,85,-849.961,8.175,255,8
1778134314646838,40425383,2940,180.000000,90,-900.000,0.000,255,8
1778134314646838,40435338,2948,180.489792,97,-969.965,-8.292,255,8
1778134314676772,40445303,2957,181.040833,103,-1029.830,-18.710,255,8
1778134314677759,40455260,2965,181.530624,114,-1139.593,-30.451,255,8
1778134314678277,40465252,2974,182.081635,124,-1239.182,-45.041,255,8
1778134314713892,40475209,2983,182.632660,136,-1358.565,-62.468,255,8
1778134314714892,40485193,2991,183.122452,150,-1497.773,-81.705,255,8
1778134314715895,40495151,3000,183.673462,164,-1636.630,-105.075,255,8
1778134314716892,40505138,3009,184.224472,177,-1765.191,-130.386,255,8
1778134314731517,40515093,3017,184.714294,186,-1853.707,-152.868,255,8
1778134314732551,40525076,3026,185.265305,180,-1792.405,-165.182,255,8
1778134314770002,40535031,3034,185.755096,167,-1661.583,-167.462,255,8
1778134314771126,40545015,3043,186.306137,163,-1620.137,-179.040,255,8
1778134314771126,40554978,3051,186.795929,164,-1628.477,-194.067,255,8
1778134314772098,40564956,3060,187.346939,156,-1547.192,-199.488,255,8
1778134314795052,40574898,3069,187.897964,118,-1168.807,-162.143,255,8
1778134314795052,40584899,3077,188.387756,91,-900.266,-132.743,255,8
1778134314815583,40594854,3086,188.938766,83,-819.920,-128.964,255,8
1778134314816385,40604829,3095,189.489807,80,-789.052,-131.898,255,8
1778134314847577,40614793,3103,189.979599,73,-718.955,-126.507,255,8
1778134314847577,40624772,3112,190.530609,86,-845.515,-157.174,255,8
1778134314848555,40634733,3121,191.081650,97,-951.914,-186.441,255,8
1778134314884688,40644717,3129,191.571442,96,-940.488,-192.566,255,8
1778134314885685,40654678,3138,192.122452,83,-811.492,-174.301,255,8
1778134314886683,40664656,3147,192.673462,111,-1082.956,-243.528,255,8
1778134314887684,40674617,3155,193.163269,162,-1577.435,-368.917,255,8
1778134314903265,40684602,3164,193.714279,173,-1680.678,-410.149,255,8
1778134314903265,40694565,3172,194.204071,176,-1706.193,-431.862,255,8
1778134314911051,40704547,3181,194.755112,178,-1721.301,-453.345,255,8
1778134314944237,40714506,3190,195.306122,176,-1697.571,-464.598,255,8
1778134314945259,40724487,3198,195.795914,170,-1635.804,-462.760,255,8
1778134314945259,40734440,3207,196.346954,160,-1535.320,-450.325,255,8
1778134314959922,40744420,3215,196.836746,158,-1512.272,-457.640,255,8
1778134314960918,40754366,3224,197.387756,148,-1412.370,-442.279,255,8
1778134314990196,40764343,3233,197.938782,118,-1122.636,-363.441,255,8
1778134314991791,40774297,3241,198.428574,102,-967.693,-322.445,255,8
1778134314991791,40784297,3250,198.979584,92,-869.984,-299.213,255,8
1778134315006243,40794253,3259,199.530624,87,-819.943,-290.850,255,8
1778134315049064,40804230,3267,200.020416,86,-808.031,-294.425,255,8
1778134315049993,40814183,3276,200.571426,85,-795.800,-298.669,255,8
1778134315049993,40824161,3284,201.061218,85,-793.217,-305.460,255,8
1778134315050988,40834121,3293,201.612259,84,-780.946,-309.392,255,8
1778134315050988,40844106,3302,202.163269,84,-777.935,-316.888,255,8
1778134315066439,40854065,3310,202.653061,84,-775.197,-323.526,255,8
1778134315094781,40864045,3319,203.204086,85,-781.241,-334.906,255,8
1778134315096292,40874008,3327,203.693878,87,-796.664,-349.609,255,8
1778134315096292,40883991,3336,204.244888,89,-811.501,-365.467,255,8
1778134315112720,40893953,3345,204.795929,91,-826.105,-381.643,255,8
1778134315112720,40903933,3353,205.285721,94,-849.938,-401.505,255,8
1778134315142225,40913893,3362,205.836731,97,-873.038,-422.734,255,8
1778134315143739,40923884,3371,206.387772,97,-868.932,-431.111,255,8
1778134315143739,40933840,3379,206.877563,97,-865.215,-438.523,255,8
1778134315160219,40943829,3388,207.428574,97,-860.958,-446.823,255,8
1778134315160219,40953787,3396,207.918365,96,-848.271,-449.485,255,8
1778134315193522,40963779,3405,208.469391,94,-826.328,-448.088,255,8
1778134315193522,40973738,3413,208.959183,93,-813.717,-450.293,255,8
1778134315193522,40983726,3422,209.510193,92,-800.647,-453.172,255,8
1778134315210125,40993686,3431,210.061234,92,-796.251,-460.851,255,8
1778134315211128,41003669,3440,210.612244,92,-791.783,-468.487,255,8
1778134315243354,41013627,3448,211.102036,92,-787.749,-475.239,255,8
1778134315244329,41023606,3457,211.653076,92,-783.142,-482.793,255,8
1778134315244329,41033562,3466,212.204086,93,-786.924,-495.631,255,8
1778134315260902,41043547,3475,212.755096,93,-782.122,-503.176,255,8
1778134315261902,41053503,3483,213.244904,94,-786.155,-515.326,255,8
1778134315269172,41063490,3492,213.795914,96,-797.783,-533.987,255,8
1778134315284033,41073447,3501,214.346924,97,-800.867,-547.276,255,8
1778134315316941,41083427,3510,214.897964,97,-795.567,-554.953,255,8
1778134315317941,41093372,3518,215.387756,99,-807.099,-573.316,255,8
1778134315317941,41103356,3527,215.938766,105,-850.127,-616.266,255,8
1778134315318945,41113310,3536,216.489807,108,-868.280,-642.254,255,8
1778134315365403,41123295,3545,217.040817,110,-878.027,-662.622,255,8
1778134315365403,41133249,3553,217.530609,111,-880.261,-676.196,255,8
1778134315365403,41143233,3562,218.081635,112,-881.589,-690.798,255,8
1778134315366909,41153189,3571,218.632645,112,-874.905,-699.244,255,8
1778134315366909,41163172,3579,219.122437,112,-868.895,-706.697,255,8
1778134315382624,41173128,3588,219.673477,111,-854.362,-708.637,255,8
1778134315418081,41183109,3597,220.224487,111,-847.507,-716.820,255,8
1778134315419078,41193066,3606,220.775528,110,-833.001,-718.407,255,8
1778134315420082,41203042,3615,221.326538,105,-788.506,-693.367,255,8
1778134315420082,41213025,3623,221.816330,96,-715.475,-640.075,255,8
1778134315436323,41223005,3632,222.367340,94,-694.509,-633.448,255,8
1778134315437841,41232960,3641,222.918365,99,-725.001,-674.146,255,8
1778134315471290,41242929,3649,223.408157,105,-762.801,-721.550,255,8
1778134315471290,41252886,3658,223.959167,108,-777.421,-749.677,255,8
1778134315472290,41262868,3667,224.510208,108,-770.176,-757.119,255,8
1778134315488312,41272827,3675,225.000000,108,-763.675,-763.675,255,8
1778134315489324,41282812,3684,225.551010,108,-756.296,-770.984,255,8
1778134315522897,41292771,3693,226.102051,108,-748.846,-778.222,255,8
1778134315523905,41302753,3702,226.653061,108,-741.327,-785.388,255,8
1778134315523905,41312714,3710,227.142853,108,-734.587,-791.696,255,8
1778134315524920,41322697,3719,227.693878,109,-733.670,-806.120,255,8
1778134315540673,41332660,3728,228.244888,110,-732.543,-820.598,255,8
1778134315547986,41342643,3737,228.795929,110,-724.617,-827.605,255,8
1778134315561995,41352599,3745,229.285721,110,-717.516,-833.769,255,8
1778134315595429,41362581,3754,229.836731,110,-709.465,-840.631,255,8
1778134315596422,41372535,3763,230.387756,111,-707.723,-855.118,255,8
1778134315596422,41382513,3771,230.877563,113,-713.007,-876.653,255,8
1778134315597423,41392470,3780,231.428574,116,-723.248,-906.925,255,8
1778134315613699,41402458,3789,231.979599,117,-720.652,-921.716,255,8
1778134315614690,41412406,3797,232.469391,116,-706.655,-919.912,255,8
1778134315650276,41422384,3806,233.020401,115,-691.760,-918.677,255,8
1778134315650276,41432340,3815,233.571442,114,-676.955,-917.242,255,8
1778134315651292,41442322,3823,234.061234,114,-669.089,-922.995,255,8
1778134315666562,41452279,3832,234.612244,114,-660.182,-929.387,255,8
1778134315667556,41462261,3841,235.163254,114,-651.214,-935.693,255,8
1778134315701494,41472217,3849,235.653076,114,-643.191,-941.226,255,8
1778134315701494,41482200,3858,236.204086,113,-628.547,-939.057,255,8
1778134315702490,41492148,3867,236.755096,113,-619.487,-945.058,255,8
1778134315704490,41502138,3875,237.244904,112,-605.975,-941.910,255,8
1778134315721329,41512087,3884,237.795914,116,-618.206,-981.540,255,8
1778134315753546,41522074,3892,238.285706,116,-609.793,-986.789,255,8
1778134315753546,41532030,3901,238.836746,117,-605.450,-1001.165,255,8
1778134315754658,41542010,3909,239.326538,117,-596.869,-1006.304,255,8
1778134315754658,41551968,3918,239.877548,119,-597.201,-1029.296,255,8
1778134315770326,41561949,3926,240.367340,119,-588.381,-1034.364,255,8
1778134315775725,41571910,3935,240.918381,118,-573.545,-1031.235,255,8
1778134315810053,41581897,3943,241.408173,114,-545.566,-1000.978,255,8
1778134315810053,41591859,3952,241.959183,110,-517.110,-970.874,255,8
1778134315811054,41601846,3960,242.448975,106,-490.291,-939.795,255,8
1778134315826639,41611806,3968,242.938782,103,-468.591,-917.237,255,8
1778134315827633,41621794,3977,243.489792,101,-450.821,-903.803,255,8
1778134315862093,41631772,3985,243.979584,99,-434.304,-889.651,255,8
1778134315863084,41641761,3994,244.530624,98,-421.428,-884.759,255,8
1778134315863591,41651720,4002,245.020416,96,-405.403,-870.200,255,8
1778134315863591,41661698,4011,245.571426,94,-388.745,-855.849,255,8
1778134315880314,41671664,4019,246.061218,92,-373.299,-840.861,255,8
1778134315882310,41681649,4027,246.551010,78,-310.387,-715.583,255,8
1778134315900230,41691612,4036,247.102051,61,-237.345,-561.932,255,8
1778134315902228,41701594,4045,247.653061,56,-212.920,-517.943,255,8
1778134315934506,41711558,4053,248.142853,53,-197.316,-491.901,255,8
1778134315935603,41721542,4062,248.693878,53,-192.576,-493.776,255,8
1778134315935603,41731492,4070,249.183670,52,-184.794,-486.057,255,8
1778134315952733,41741478,4079,249.734680,52,-180.111,-487.811,255,8
1778134315953730,41751440,4088,250.285721,52,-175.412,-489.521,255,8
1778134315988374,41761432,4096,250.775513,52,-171.221,-491.003,255,8
1778134315989406,41771389,4105,251.326523,52,-166.491,-492.626,255,8
1778134315989406,41781371,4114,251.877563,52,-161.745,-494.205,255,8
1778134315991357,41791329,4122,252.367355,52,-157.515,-495.569,255,8
1778134316006911,41801311,4131,252.918365,52,-152.742,-497.061,255,8
1778134316042014,41811270,4139,253.408157,52,-148.487,-498.349,255,8
1778134316042014,41821248,4148,253.959183,52,-143.687,-499.754,255,8
1778134316043013,41831202,4157,254.510193,51,-136.204,-491.476,255,8
1778134316043013,41841188,4165,255.000000,51,-131.998,-492.622,255,8
1778134316058595,41851145,4174,255.551025,51,-127.254,-493.869,255,8
1778134316108760,41861128,4183,256.102051,51,-122.499,-495.070,255,8
1778134316109782,41871082,4191,256.591827,51,-118.262,-496.099,255,8
1778134316110097,41881062,4200,257.142853,51,-113.486,-497.213,255,8
1778134316111102,41891017,4209,257.693878,51,-108.699,-498.282,255,8
1778134316111102,41901001,4217,258.183655,51,-104.435,-499.193,255,8
1778134316112116,41910958,4226,258.734711,51,-99.630,-500.174,255,8
1778134316127695,41920942,4235,259.285706,51,-94.815,-501.109,255,8
1778134316169351,41930901,4243,259.775513,51,-90.528,-501.901,255,8
1778134316170268,41940887,4252,260.326538,51,-85.697,-502.749,255,8
1778134316171268,41950848,4261,260.877563,51,-80.858,-503.549,255,8
1778134316171268,41960831,4269,261.367340,51,-76.550,-504.222,255,8
1778134316172266,41970789,4278,261.918365,51,-71.698,-504.935,255,8
1778134316188678,41980774,4286,262.408173,51,-67.379,-505.530,255,8
1778134316189671,41990741,4295,262.959167,51,-62.514,-506.154,255,8
1778134316224334,42000724,4303,263.448975,51,-58.185,-506.670,255,8
1778134316224334,42010686,4312,264.000000,51,-53.310,-507.206,255,8
1778134316224334,42020670,4321,264.551025,50,-47.480,-497.741,255,8
1778134316239888,42030630,4329,265.040802,50,-43.223,-498.128,255,8
1778134316239888,42040612,4338,265.591858,50,-38.430,-498.521,255,8
1778134316275260,42050572,4346,266.081635,50,-34.168,-498.831,255,8
1778134316276224,42060555,4355,266.632660,50,-29.369,-499.137,255,8
1778134316276224,42070512,4363,267.122437,50,-25.101,-499.370,255,8
1778134316291366,42080500,4372,267.673462,50,-20.297,-499.588,255,8
1778134316292369,42090458,4381,268.224487,50,-15.492,-499.760,255,8
1778134316329857,42100450,4389,268.714264,50,-11.219,-499.874,255,8
1778134316329857,42110409,4398,269.265320,50,-6.411,-499.959,255,8
1778134316329857,42120393,4406,269.755096,50,-2.137,-499.995,255,8
1778134316330857,42130350,4415,270.306122,50,2.671,-499.993,255,8
1778134316345888,42140332,4423,270.795898,50,6.945,-499.952,255,8
1778134316349403,42150292,4432,271.346954,50,11.753,-499.862,255,8
1778134316358093,42160273,4441,271.897949,50,16.560,-499.726,255,8
1778134316369717,42170234,4449,272.387756,50,20.831,-499.566,255,8
1778134316405120,42180219,4458,272.938782,50,25.634,-499.342,255,8
1778134316406115,42190179,4466,273.428558,50,29.902,-499.105,255,8
1778134316407111,42200159,4475,273.979584,50,34.701,-498.794,255,8
1778134316407111,42210115,4483,274.469391,50,38.963,-498.480,255,8
1778134316425952,42220096,4492,275.020416,50,43.755,-498.082,255,8
1778134316426963,42230054,4500,275.510193,50,48.011,-497.690,255,8
1778134316464538,42240043,4509,276.061249,50,52.796,-497.205,255,8
1778134316465450,42249997,4518,276.612244,50,57.575,-496.674,255,8
1778134316466452,42259982,4526,277.102051,50,61.818,-496.164,255,8
1778134316466452,42269935,4535,277.653076,50,66.587,-495.546,255,8
1778134316483523,42279910,4543,278.142853,51,72.237,-504.858,255,8
1778134316519839,42289864,4552,278.693878,51,77.089,-504.140,255,8
1778134316521356,42299840,4560,279.183655,50,79.800,-493.591,255,8
1778134316521356,42309798,4569,279.734711,51,86.234,-502.657,255,8
1778134316521356,42319777,4577,280.224487,51,90.528,-501.901,255,8
1778134316539221,42329734,4586,280.775513,51,95.350,-501.007,255,8
1778134316540207,42339714,4594,281.265289,51,99.630,-500.174,255,8
1778134316546875,42349668,4603,281.816345,51,104.435,-499.193,255,8
1778134316559903,42359637,4611,282.306122,51,108.699,-498.282,255,8
1778134316601499,42369594,4620,282.857147,52,115.711,-506.963,255,8
1778134316601499,42379568,4628,283.346924,52,120.040,-505.955,255,8
1778134316602498,42389529,4637,283.897949,52,124.901,-504.777,255,8
1778134316602498,42399508,4645,284.387756,50,124.241,-484.318,255,8
1778134316618499,42409455,4654,284.938782,44,113.426,-425.129,255,8
1778134316618499,42419432,4662,285.428589,42,111.736,-404.864,255,8
1778134316656512,42429380,4671,285.979584,45,123.883,-432.612,255,8
1778134316656512,42439356,4679,286.469391,51,144.587,-489.075,255,8
1778134316656512,42449311,4688,287.020416,52,152.210,-497.224,255,8
1778134316657513,42459281,4696,287.510223,52,156.456,-495.905,255,8
1778134316672692,42469227,4705,288.061218,51,158.117,-484.870,255,8
1778134316678784,42479204,4713,288.551025,51,162.256,-483.501,255,8
1778134316692048,42489154,4722,289.102051,49,160.353,-463.019,255,8
1778134316728369,42499134,4730,289.591827,47,157.599,-442.789,255,8
1778134316729286,42509081,4739,290.142853,49,168.737,-460.030,255,8
1778134316729286,42519051,4747,290.632660,46,162.093,-430.495,255,8
1778134316730288,42529013,4755,291.122437,45,162.163,-419.766,255,8
1778134316746870,42538984,4764,291.673462,46,169.886,-427.480,255,8
1778134316747864,42548937,4773,292.224487,45,170.206,-416.569,255,8
1778134316786569,42558906,4781,292.714264,48,185.345,-442.772,255,8
1778134316786569,42568859,4789,293.204102,49,193.064,-450.362,255,8
1778134316787572,42578830,4798,293.755096,48,193.357,-439.332,255,8
1778134316787572,42588780,4807,294.306122,53,218.154,-483.020,255,8
1778134316804080,42598755,4815,294.795929,51,213.888,-462.982,255,8
1778134316804080,42608704,4824,295.346954,51,218.330,-460.903,255,8
1778134316844715,42618680,4832,295.836731,54,235.336,-486.021,255,8
1778134316845317,42628633,4841,296.387756,54,240.000,-483.736,255,8
1778134316845317,42638614,4849,296.877563,54,244.126,-481.666,255,8
1778134316845317,42648563,4858,297.428558,55,253.353,-488.172,255,8
1778134316862694,42658542,4866,297.918365,55,257.517,-485.989,255,8
1778134316863685,42668500,4875,298.469391,54,257.412,-474.699,255,8
1778134316880757,42678478,4883,298.959198,54,261.461,-472.481,255,8
1778134316882761,42688435,4892,299.510193,54,265.992,-469.945,255,8
1778134316918802,42698410,4900,300.000000,54,270.000,-467.654,255,8
1778134316919829,42708355,4909,300.551025,54,274.485,-465.035,255,8
1778134316919829,42718339,4917,301.040833,53,273.294,-454.104,255,8
1778134316936117,42728288,4926,301.591827,53,277.648,-451.455,255,8
1778134316937116,42738265,4934,302.081635,53,281.497,-449.065,255,8
1778134316974217,42748218,4943,302.632660,53,285.803,-446.337,255,8
1778134316974217,42758189,4951,303.122437,54,295.072,-452.253,255,8
1778134316975210,42768139,4960,303.673462,55,304.952,-457.716,255,8
1778134316975210,42778114,4969,304.224487,56,314.965,-463.031,255,8
1778134316992034,42788063,4977,304.714294,56,318.911,-460.321,255,8
1778134316992034,42798037,4986,305.265289,56,323.323,-457.233,255,8
1778134317030682,42807997,4994,305.755127,56,327.220,-454.452,255,8
1778134317030682,42817978,5003,306.306122,56,331.576,-451.284,255,8
1778134317031632,42827920,5011,306.795929,57,341.411,-456.441,255,8
1778134317032146,42837897,5020,307.346924,56,339.718,-445.187,255,8
1778134317049705,42847847,5028,307.836731,57,349.646,-450.164,255,8
1778134317062759,42857826,5037,308.387756,57,353.959,-446.781,255,8
1778134317063751,42867774,5045,308.877533,56,351.488,-435.954,255,8
1778134317130498,42877751,5054,309.428589,56,355.665,-432.553,255,8
1778134317131580,42887700,5062,309.918365,56,359.349,-429.497,255,8
1778134317131580,42897682,5070,310.408173,55,356.526,-418.795,255,8
1778134317132611,42907638,5079,310.959167,55,360.537,-415.347,255,8
1778134317133221,42917615,5087,311.448975,55,364.074,-412.250,255,8
1778134317133221,42927561,5096,312.000000,56,374.713,-416.161,255,8
1778134317133221,42937537,5104,312.489807,56,378.257,-412.943,255,8
1778134317149993,42947490,5113,313.040802,57,389.036,-416.595,255,8
1778134317151017,42957466,5121,313.530609,58,399.470,-420.504,255,8
1778134317202161,42967413,5129,314.020416,58,403.050,-417.073,255,8
1778134317202759,42977393,5138,314.571411,58,407.043,-413.178,255,8
1778134317202759,42987347,5146,315.061218,58,410.560,-409.684,255,8
1778134317202759,42997326,5155,315.612244,57,407.335,-398.721,255,8
1778134317203835,43007274,5163,316.102051,56,403.523,-388.291,255,8
1778134317220279,43017247,5172,316.653046,54,392.694,-370.664,255,8
1778134317220279,43027197,5180,317.142853,49,359.195,-333.285,255,8
1778134317259943,43037174,5189,317.693878,48,354.988,-323.084,255,8
1778134317259943,43047118,5197,318.183685,46,342.832,-306.703,255,8
1778134317259943,43057098,5205,318.673462,45,337.931,-297.157,255,8
1778134317260923,43067047,5214,319.224487,48,363.492,-313.487,255,8
1778134317276938,43077021,5222,319.714294,49,373.787,-316.834,255,8
1778134317293646,43086965,5231,320.265320,47,361.436,-300.440,255,8
1778134317294645,43096931,5239,320.755096,45,348.502,-284.686,255,8
1778134317299667,43106885,5248,321.306122,44,343.419,-275.070,255,8
1778134317345469,43116857,5256,321.795929,45,353.616,-278.309,255,8
1778134317345469,43126805,5265,322.346924,47,372.110,-287.113,255,8
1778134317346951,43136776,5273,322.836731,47,374.551,-283.922,255,8
1778134317347951,43146726,5281,323.326508,47,376.964,-280.709,255,8
1778134317349016,43156703,5290,323.877563,48,387.724,-282.966,255,8
1778134317402692,43166652,5298,324.367340,48,390.129,-279.641,255,8
1778134317402692,43176632,5307,324.918365,48,392.800,-275.877,255,8
1778134317403693,43186588,5315,325.408173,47,386.912,-266.831,255,8
1778134317403693,43196570,5324,325.959198,46,381.174,-257.500,255,8
1778134317403693,43206518,5332,326.448975,46,383.361,-254.233,255,8
1778134317422151,43216503,5340,326.938782,47,393.901,-256.401,255,8
1778134317422151,43226457,5349,327.489807,47,396.349,-252.601,255,8
1778134317428509,43236435,5357,327.979584,49,415.451,-259.808,255,8
1778134317441810,43246391,5366,328.530609,50,426.460,-261.021,255,8
1778134317481717,43256366,5374,329.020386,49,420.102,-252.219,255,8
1778134317482641,43266321,5383,329.571442,49,422.508,-248.167,255,8
1778134317483640,43276299,5391,330.061218,48,415.948,-239.556,255,8
1778134317484638,43286256,5399,330.551025,48,417.981,-235.991,255,8
1778134317501990,43296231,5408,331.102020,46,402.722,-222.296,255,8
1778134317501990,43306185,5416,331.591858,47,413.403,-223.602,255,8
1778134317544230,43316163,5425,332.142853,47,415.534,-219.616,255,8
1778134317544230,43326117,5433,332.632660,48,426.277,-220.653,255,8
1778134317545242,43336091,5441,333.122437,48,428.148,-217.001,255,8
1778134317546240,43346041,5450,333.673462,48,430.215,-212.873,255,8
1778134317547241,43356024,5458,334.163269,48,432.019,-209.188,255,8
1778134317565317,43365986,5467,334.714294,48,434.011,-205.024,255,8
1778134317567307,43375965,5475,335.204071,48,435.747,-201.306,255,8
1778134317621985,43385920,5483,335.693878,47,428.339,-193.458,255,8
1778134317622490,43395908,5492,336.244904,46,421.027,-185.301,255,8
1778134317622490,43405864,5500,336.734680,48,440.969,-189.595,255,8
1778134317622490,43415846,5509,337.285736,49,451.997,-189.206,255,8
1778134317623493,43425801,5517,337.775513,49,453.597,-185.336,255,8
1778134317640541,43435783,5526,338.326538,48,446.066,-177.272,255,8
1778134317640541,43445745,5534,338.816315,48,447.565,-173.452,255,8
1778134317688368,43455728,5543,339.367340,48,449.212,-169.140,255,8
1778134317688368,43465685,5551,339.857147,48,450.642,-165.294,255,8
1778134317689383,43475668,5560,340.408173,48,452.211,-160.952,255,8
1778134317689383,43485631,5568,340.897949,49,463.019,-160.353,255,8
1778134317690379,43495617,5577,341.448975,50,474.020,-159.075,255,8
1778134317708374,43505578,5585,341.938782,50,475.363,-155.016,255,8
1778134317708374,43515567,5594,342.489777,50,476.832,-150.438,255,8
1778134317761875,43525526,5602,342.979584,50,478.100,-146.356,255,8
1778134317761875,43535513,5611,343.530609,50,479.486,-141.752,255,8
1778134317762878,43545477,5619,344.020416,50,480.680,-137.647,255,8
1778134317762878,43555458,5628,344.571411,49,472.342,-130.358,255,8
1778134317763398,43565414,5636,345.061218,49,473.439,-126.316,255,8
1778134317779523,43575399,5645,345.612244,49,474.632,-121.757,255,8
1778134317780512,43585362,5653,346.102051,49,475.655,-117.695,255,8
1778134317826132,43595343,5662,346.653076,49,476.765,-113.115,255,8
1778134317826132,43605304,5671,347.204071,49,477.831,-108.525,255,8
1778134317827023,43615295,5679,347.693878,49,478.741,-104.436,255,8
1778134317827023,43625252,5687,348.183655,49,479.616,-100.340,255,8
1778134317828018,43635237,5696,348.734711,49,480.559,-95.722,255,8
1778134317845612,43645196,5704,349.224487,49,481.360,-91.611,255,8
1778134317846603,43655178,5713,349.775513,49,482.219,-86.978,255,8
1778134317904321,43665140,5721,350.265289,49,482.945,-82.852,255,8
1778134317905333,43675126,5730,350.816345,49,483.719,-78.204,255,8
1778134317905333,43685084,5738,351.306122,49,484.370,-74.066,255,8
1778134317905333,43695074,5747,351.857147,49,485.060,-69.404,255,8
1778134317906328,43705026,5755,352.346924,49,485.635,-65.256,255,8
1778134317906328,43715010,5764,352.897949,49,486.240,-60.582,255,8
1778134317923219,43724963,5772,353.387756,49,486.741,-56.423,255,8
1778134317924209,43734945,5781,353.938751,48,477.317,-50.684,255,8
1778134317970908,43744904,5789,354.428589,49,487.685,-47.572,255,8
1778134317972720,43754888,5797,354.918365,49,488.074,-43.402,255,8
1778134317973224,43764846,5806,355.469391,49,488.469,-38.706,255,8
1778134317973224,43774829,5814,355.959167,49,488.782,-34.529,255,8
1778134317974233,43784788,5823,356.510223,48,479.110,-29.218,255,8
1778134317991271,43794776,5831,357.000000,49,489.328,-25.645,255,8
1778134317997801,43804732,5840,357.551025,49,489.552,-20.938,255,8
1778134318067045,43814717,5848,358.040802,48,479.719,-16.410,255,8
1778134318068066,43824674,5857,358.591827,49,489.852,-12.042,255,8
1778134318068066,43834659,5865,359.081635,48,479.938,-7.693,255,8
1778134318069060,43844612,5873,359.571411,48,479.987,-3.591,255,8
1778134318069060,43854607,1,0.061224,48,480.000,0.513,255,8
1778134318070060,43864566,7,0.428571,49,489.986,3.665,255,8
1778134318070060,43874551,9,0.551020,49,489.977,4.712,255,8
1778134318087147,43884509,11,0.673469,49,489.966,5.759,255,8
1778134318088148,43894496,11,0.673469,49,489.966,5.759,255,8
1778134318138541,43904457,11,0.673469,48,479.967,5.642,255,8
1778134318139199,43914437,11,0.673469,48,479.967,5.642,255,8
1778134318139883,43924395,11,0.673469,49,489.966,5.759,255,8
1778134318140412,43934376,11,0.673469,49,489.966,5.759,255,8
1778134318140933,43944338,11,0.673469,48,479.967,5.642,255,8
1778134318141975,43954323,11,0.673469,49,489.966,5.759,255,8
1778134318158222,43964279,10,0.612245,49,489.972,5.236,255,8
1778134318204931,43974265,10,0.612245,48,479.973,5.129,255,8
1778134318205934,43984225,10,0.612245,49,489.972,5.236,255,8
1778134318206935,43994206,10,0.612245,48,479.973,5.129,255,8
1778134318206935,44004164,10,0.612245,48,479.973,5.129,255,8
1778134318207932,44014153,10,0.612245,49,489.972,5.236,255,8
1778134318224467,44024115,10,0.612245,49,489.972,5.236,255,8
1778134318225482,44034098,10,0.612245,48,479.973,5.129,255,8
1778134318275438,44044056,10,0.612245,49,489.972,5.236,255,8
1778134318275438,44054042,10,0.612245,49,489.972,5.236,255,8
1778134318276359,44064001,10,0.612245,49,489.972,5.236,255,8
1778134318277353,44073982,10,0.612245,48,479.973,5.129,255,8
1778134318278358,44083932,10,0.612245,48,479.973,5.129,255,8
1778134318294360,44093921,10,0.612245,48,479.973,5.129,255,8
1778134318295352,44103879,10,0.612245,48,479.973,5.129,255,8
1778134318302353,44113849,10,0.612245,48,479.973,5.129,255,8
1778134318312366,44123808,10,0.612245,49,489.972,5.236,255,8
1778134318320373,44133784,10,0.612245,49,489.972,5.236,255,8
1778134318373815,44143743,10,0.612245,49,489.972,5.236,255,8
1778134318373815,44153721,10,0.612245,49,489.972,5.236,255,8
1778134318374824,44163677,10,0.612245,48,479.973,5.129,255,8
1778134318375821,44173656,10,0.612245,48,479.973,5.129,255,8
1778134318375821,44183610,10,0.612245,48,479.973,5.129,255,8
1778134318392636,44193596,10,0.612245,48,479.973,5.129,255,8
1778134318392636,44203551,10,0.612245,48,479.973,5.129,255,8
1778134318443696,44213529,10,0.612245,48,479.973,5.129,255,8
1778134318444662,44223481,10,0.612245,48,479.973,5.129,255,8
1778134318444662,44233459,10,0.612245,47,469.973,5.022,255,8
1778134318445661,44243412,10,0.612245,48,479.973,5.129,255,8
1778134318445661,44253397,10,0.612245,48,479.973,5.129,255,8
1778134318461663,44263356,10,0.612245,48,479.973,5.129,255,8
1778134318462664,44273337,10,0.612245,48,479.973,5.129,255,8
1778134318469648,44283297,10,0.612245,48,479.973,5.129,255,8
1778134318524019,44293276,10,0.612245,48,479.973,5.129,255,8
1778134318524019,44303232,10,0.612245,48,479.973,5.129,255,8
1778134318525019,44313211,10,0.612245,48,479.973,5.129,255,8
1778134318525528,44323165,10,0.612245,48,479.973,5.129,255,8
1778134318526310,44333146,10,0.612245,48,479.973,5.129,255,8
1778134318542339,44343103,10,0.612245,48,479.973,5.129,255,8
1778134318542845,44353083,10,0.612245,48,479.973,5.129,255,8
1778134318550104,44363041,10,0.612245,48,479.973,5.129,255,8
1778134318562418,44373028,10,0.612245,48,479.973,5.129,255,8
1778134318614428,44382984,10,0.612245,48,479.973,5.129,255,8
1778134318614428,44392963,10,0.612245,48,479.973,5.129,255,8
1778134318615432,44402921,10,0.612245,48,479.973,5.129,255,8
1778134318615432,44412910,10,0.612245,48,479.973,5.129,255,8
1778134318616430,44422872,10,0.612245,48,479.973,5.129,255,8
1778134318617443,44432861,10,0.612245,47,469.973,5.022,255,8
1778134318634948,44442821,10,0.612245,47,469.973,5.022,255,8
1778134318641967,44452805,10,0.612245,47,469.973,5.022,255,8
1778134318653948,44462762,9,0.551020,47,469.978,4.520,255,8
1778134318702947,44472753,7,0.428571,48,479.987,3.590,255,8
1778134318703952,44482717,4,0.244898,48,479.996,2.052,255,8
1778134318703952,44492693,0,0.000000,48,480.000,0.000,255,8
1778134318704951,44502664,5875,359.693878,49,489.993,-2.618,255,8
1778134318705948,44512645,5870,359.387756,49,489.972,-5.236,255,8
1778134318706946,44522602,5865,359.081635,49,489.937,-7.854,255,8
1778134318723956,44532588,5859,358.714264,49,489.877,-10.995,255,8
1778134318726961,44542545,5853,358.346954,49,489.796,-14.135,255,8
1778134318776031,44552522,5847,357.979584,48,479.702,-16.923,255,8
1778134318777136,44562475,5840,357.551025,48,479.562,-20.510,255,8
1778134318777136,44572463,5834,357.183685,49,489.408,-24.076,255,8
1778134318778114,44582416,5827,356.755096,49,489.214,-27.736,255,8
1778134318779084,44592400,5821,356.387756,49,489.027,-30.872,255,8
1778134318796589,44602361,5814,355.959167,49,488.782,-34.529,255,8
1778134318796589,44612347,5808,355.591858,49,488.551,-37.662,255,8
1778134318851524,44622299,5801,355.163269,49,488.255,-41.315,255,8
1778134318852516,44632284,5794,354.734680,48,477.975,-44.049,255,8
1778134318852516,44642241,5788,354.367340,48,477.682,-47.112,255,8
1778134318853516,44652224,5781,353.938751,49,487.261,-51.740,255,8
1778134318854516,44662185,5774,353.510223,49,486.860,-55.383,255,8
1778134318855521,44672169,5767,353.081635,49,486.432,-59.023,255,8
1778134318872516,44682133,5760,352.653076,49,485.977,-62.660,255,8
1778134318878516,44692118,5753,352.224487,48,475.587,-64.940,255,8
1778134318891518,44702073,5746,351.795929,49,484.985,-69.923,255,8
1778134318940228,44712063,5739,351.367340,49,484.449,-73.548,255,8
1778134318941262,44722023,5732,350.938782,49,483.885,-77.170,255,8
1778134318942229,44732009,5725,350.510193,49,483.294,-80.787,255,8
1778134318942229,44741968,5717,350.020416,49,482.586,-84.916,255,8
1778134318943238,44751953,5710,349.591827,49,481.937,-88.523,255,8
1778134318944235,44761912,5703,349.163269,49,481.262,-92.125,255,8
1778134318960234,44771893,5696,348.734711,49,480.559,-95.722,255,8
1778134319022808,44781856,5688,348.244904,50,489.514,-101.864,255,8
1778134319022808,44791845,5681,347.816345,49,478.963,-103.413,255,8
1778134319023804,44801805,5673,347.326538,49,478.062,-107.503,255,8
1778134319024805,44811792,5666,346.897980,49,477.244,-111.076,255,8
1778134319024805,44821757,5658,346.408142,49,476.277,-115.152,255,8
1778134319024805,44831739,5650,345.918365,49,475.276,-119.219,255,8
1778134319024805,44841703,5643,345.489777,49,474.370,-122.771,255,8
1778134319041843,44851685,5635,345.000000,49,473.304,-126.821,255,8
1778134319043434,44861647,5627,344.510193,50,481.839,-133.533,255,8
1778134319088128,44871632,5619,344.020416,50,480.680,-137.647,255,8
1778134319089143,44881591,5611,343.530609,50,479.486,-141.752,255,8
1778134319090144,44891580,5603,343.040833,49,468.691,-142.928,255,8
1778134319090650,44901544,5596,342.612244,50,477.152,-149.418,255,8
1778134319107390,44911528,5588,342.122467,50,475.857,-153.492,255,8
1778134319108397,44921490,5580,341.632660,50,474.528,-157.554,255,8
1778134319171357,44931476,5571,341.081635,50,472.991,-162.110,255,8
1778134319171966,44941434,5563,340.591827,50,471.588,-166.148,255,8
1778134319171966,44951419,5555,340.102051,50,470.150,-170.173,255,8
1778134319171966,44961374,5547,339.612244,50,468.678,-174.186,255,8
1778134319173046,44971363,5538,339.061218,50,466.981,-178.685,255,8
1778134319173046,44981325,5530,338.571411,50,465.437,-182.671,255,8
1778134319174038,44991311,5522,338.081635,51,473.135,-190.375,255,8
1778134319190341,45001267,5513,337.530609,51,471.283,-194.917,255,8
1778134319234018,45011251,5505,337.040802,51,469.599,-198.939,255,8
1778134319235027,45021210,5496,336.489807,51,467.664,-203.445,255,8
1778134319236036,45031198,5487,335.938782,51,465.686,-207.933,255,8
1778134319236036,45041161,5479,335.448975,51,463.892,-211.907,255,8
1778134319237017,45051148,5470,334.897949,51,461.832,-216.358,255,8
1778134319253644,45061109,5461,334.346954,51,459.730,-220.789,255,8
1778134319254244,45071099,5452,333.795898,51,457.586,-225.201,255,8
1778134319261918,45081059,5444,333.306122,52,464.578,-233.596,255,8
1778134319275917,45091043,5435,332.755096,52,462.310,-238.053,255,8
1778134319319755,45101001,5426,332.204071,52,459.999,-242.488,255,8
1778134319320768,45110982,5417,331.653076,52,457.646,-246.901,255,8
1778134319321754,45120942,5408,331.102020,52,455.250,-251.291,255,8
1778134319321754,45130920,5399,330.551025,52,452.813,-255.657,255,8
1778134319321754,45140875,5389,329.938782,52,450.055,-260.481,255,8
1778134319340343,45150865,5380,329.387756,52,447.529,-264.797,255,8
1778134319341335,45160828,5371,328.836731,53,453.519,-274.264,255,8
1778134319387240,45170814,5362,328.285706,53,450.860,-278.612,255,8
1778134319388240,45180774,5352,327.673462,53,447.858,-283.414,255,8
1778134319389233,45190758,5343,327.122437,53,445.111,-287.708,255,8
1778134319390233,45200723,5333,326.510193,53,442.012,-292.448,255,8
1778134319390233,45210709,5324,325.959198,53,439.179,-296.685,255,8
1778134319407722,45220670,5315,325.408173,53,436.305,-300.895,255,8
1778134319410719,45230656,5305,324.795929,54,441.236,-311.305,255,8
1778134319465374,45240616,5296,324.244873,54,438.222,-315.534,255,8
1778134319466465,45250603,5286,323.632660,54,434.825,-320.198,255,8
1778134319466465,45260568,5277,323.081635,54,431.726,-324.365,255,8
1778134319466465,45270556,5267,322.469391,55,436.165,-335.052,255,8
1778134319466465,45280522,5258,321.918365,55,432.923,-339.231,255,8
1778134319520921,45290505,5249,321.367340,56,437.452,-349.622,255,8
1778134319522503,45300462,5239,320.755096,55,425.947,-347.950,255,8
1778134319522503,45310449,5230,320.204102,55,422.581,-352.030,255,8
1778134319523352,45320408,5220,319.591827,55,418.795,-356.526,255,8
1778134319523352,45330391,5211,319.040833,56,422.899,-367.092,255,8
1778134319524453,45340353,5201,318.428558,56,418.952,-371.590,255,8
1778134319542124,45350335,5192,317.877563,56,415.359,-375.602,255,8
1778134319543336,45360294,5183,317.326538,56,411.728,-379.579,255,8
1778134319550047,45370277,5173,316.714294,56,407.649,-383.957,255,8
1778134319563441,45380241,5164,316.163269,56,403.937,-387.859,255,8
1778134319609213,45390225,5154,315.551025,57,406.908,-399.156,255,8
1778134319609213,45400176,5145,315.000000,58,410.122,-410.122,255,8
1778134319610294,45410164,5136,314.448975,59,413.162,-421.186,255,8
1778134319610294,45420123,5126,313.836731,60,415.563,-432.790,255,8
1778134319611284,45430106,5117,313.285706,60,411.382,-436.766,255,8
1778134319627646,45440067,5108,312.734680,60,407.163,-440.702,255,8
1778134319627646,45450053,5098,312.122437,60,402.430,-445.028,255,8
1778134319676427,45460021,5089,311.571442,60,398.132,-448.877,255,8
1778134319677411,45470008,5080,311.020416,59,387.233,-445.141,255,8
1778134319677411,45479968,5071,310.469391,59,382.935,-448.844,255,8
1778134319678415,45489952,5061,309.857147,58,371.708,-445.234,255,8
1778134319678415,45499916,5052,309.306122,57,361.074,-441.050,255,8
1778134319695380,45509901,5043,308.755096,56,350.556,-436.704,255,8
1778134319746732,45519862,5033,308.142853,56,345.870,-440.425,255,8
1778134319746732,45529844,5024,307.591858,56,341.618,-443.731,255,8
1778134319747712,45539806,5015,307.040802,56,337.335,-446.996,255,8
1778134319747712,45549788,5006,306.489807,56,333.021,-450.219,255,8
1778134319748719,45559748,4996,305.877563,56,328.191,-453.752,255,8
1778134319748719,45569731,4987,305.326538,56,323.812,-456.887,255,8
1778134319819519,45579691,4978,304.775513,57,325.107,-468.194,255,8
1778134319820520,45589675,4969,304.224487,57,320.589,-471.299,255,8
1778134319820520,45599634,4960,303.673462,57,316.042,-474.360,255,8
1778134319821524,45609617,4950,303.061218,57,310.955,-477.710,255,8
1778134319821524,45619574,4941,302.510193,57,306.346,-480.679,255,8
1778134319822545,45629559,4932,301.959198,56,296.417,-475.118,255,8
1778134319822545,45639509,4923,301.408142,56,291.833,-477.947,255,8
1778134319838632,45649494,4914,300.857147,56,287.224,-480.731,255,8
1778134319839634,45659454,4904,300.244904,56,282.070,-483.773,255,8
1778134319887204,45669439,4895,299.693878,56,277.405,-486.463,255,8
1778134319888291,45679392,4886,299.142853,55,267.844,-480.375,255,8
1778134319889200,45689379,4877,298.591827,55,263.212,-482.928,255,8
1778134319889200,45699344,4868,298.040833,54,253.854,-476.611,255,8
1778134319889200,45709332,4858,297.428558,54,248.747,-479.296,255,8
1778134319945128,45719283,4849,296.877563,54,244.126,-481.666,255,8
1778134319945128,45729271,4840,296.326538,54,239.483,-483.992,255,8
1778134319946129,45739227,4831,295.775513,54,234.817,-486.273,255,8
1778134319946129,45749211,4822,295.224487,54,230.130,-488.508,255,8
1778134319947130,45759173,4813,294.673462,54,225.421,-490.699,255,8
1778134319947130,45769156,4803,294.061218,54,220.165,-493.080,255,8
1778134319964140,45779111,4794,293.510193,54,215.413,-495.174,255,8
1778134319965660,45789096,4785,292.959198,54,210.641,-497.223,255,8
1778134319982706,45799050,4776,292.408173,54,205.849,-499.226,255,8
1778134319985416,45809035,4767,291.857147,54,201.039,-501.182,255,8
1778134320030549,45818994,4757,291.244904,54,195.672,-503.302,255,8
1778134320031552,45828980,4748,290.693878,54,190.822,-505.160,255,8
1778134320032265,45838932,4739,290.142853,54,185.955,-506.972,255,8
1778134320033272,45848916,4730,289.591827,54,181.071,-508.737,255,8
1778134320034275,45858876,4721,289.040802,54,176.170,-510.455,255,8
1778134320051952,45868871,4712,288.489807,53,168.082,-502.641,255,8
1778134320099586,45878834,4703,287.938782,53,163.240,-504.235,255,8
1778134320099586,45888824,4693,287.326538,53,157.843,-505.950,255,8
1778134320100328,45898785,4684,286.775513,53,152.970,-507.445,255,8
1778134320100927,45908769,4675,286.224487,53,148.083,-508.892,255,8
1778134320101555,45918730,4666,285.673492,53,143.182,-510.293,255,8
1778134320117502,45928715,4657,285.122437,53,138.268,-511.646,255,8
1778134320118009,45938671,4648,284.571442,53,133.341,-512.952,255,8
1778134320168042,45948661,4639,284.020386,53,128.402,-514.211,255,8
1778134320168042,45958621,4630,283.469391,53,123.451,-515.422,255,8
1778134320169081,45968608,4621,282.918365,53,118.488,-516.585,255,8
1778134320169081,45978569,4611,282.306122,52,110.830,-508.052,255,8
1778134320170063,45988560,4603,281.816345,52,106.483,-508.981,255,8
1778134320221878,45998520,4593,281.204071,50,97.152,-490.471,255,8
1778134320222854,46008503,4584,280.653076,41,75.793,-402.933,255,8
1778134320222854,46018463,4575,280.102051,44,77.177,-433.179,255,8
1778134320223903,46028449,4567,279.612244,50,83.490,-492.980,255,8
1778134320223903,46038410,4557,279.000000,52,81.346,-513.598,255,8
1778134320223903,46048391,4548,278.448975,52,76.403,-514.356,255,8
1778134320240868,46058346,4539,277.897980,52,71.453,-515.067,255,8
1778134320242782,46068335,4530,277.346924,52,66.496,-515.731,255,8
1778134320259886,46078296,4521,276.795929,52,61.533,-516.346,255,8
1778134320305550,46088283,4512,276.244904,52,56.565,-516.914,255,8
1778134320305550,46098243,4503,275.693878,52,51.591,-517.434,255,8
1778134320306550,46108232,4494,275.142853,52,46.612,-517.907,255,8
1778134320306550,46118195,4485,274.591827,52,41.630,-518.331,255,8
1778134320307570,46128181,4476,274.040833,52,36.643,-518.707,255,8
1778134320323435,46138144,4467,273.489777,52,31.653,-519.036,255,8
1778134320323435,46148128,4457,272.877563,52,26.105,-519.344,255,8
1778134320365393,46158089,4448,272.326538,52,21.109,-519.571,255,8
1778134320366320,46168076,4439,271.775513,52,16.111,-519.750,255,8
1778134320366320,46178037,4430,271.224487,52,11.112,-519.881,255,8
1778134320367396,46188022,4421,270.673462,52,6.112,-519.964,255,8
1778134320383855,46197981,4412,270.122467,52,1.111,-519.999,255,8
1778134320384871,46207973,4403,269.571411,52,-3.890,-519.985,255,8
1778134320392109,46217935,4394,269.020416,52,-8.890,-519.924,255,8
1778134320403444,46227920,4385,268.469391,52,-13.890,-519.814,255,8
1778134320447122,46237881,4375,267.857147,52,-19.443,-519.636,255,8
1778134320448026,46247864,4366,267.306122,52,-24.440,-519.425,255,8
1778134320448026,46257823,4357,266.755096,52,-29.434,-519.166,255,8
1778134320449025,46267806,4348,266.204071,52,-34.426,-518.859,255,8
1778134320506325,46277766,4339,265.653076,52,-39.414,-518.504,255,8
1778134320507326,46287749,4330,265.102051,52,-44.398,-518.101,255,8
1778134320508346,46297707,4321,264.551025,52,-49.379,-517.650,255,8
1778134320508346,46307691,4312,264.000000,52,-54.355,-517.151,255,8
1778134320509337,46317648,4303,263.448975,52,-59.326,-516.605,255,8
1778134320510337,46327631,4294,262.897949,52,-64.291,-516.010,255,8
1778134320510337,46337591,4285,262.346924,52,-69.251,-515.368,255,8
1778134320525415,46347580,4276,261.795929,52,-74.204,-514.678,255,8
1778134320538176,46357540,4267,261.244904,52,-79.150,-513.941,255,8
1778134320596434,46367526,4257,260.632660,52,-84.637,-513.066,255,8
1778134320597399,46377485,4248,260.081635,52,-89.567,-512.228,255,8
1778134320597399,46387474,4239,259.530609,52,-94.489,-511.343,255,8
1778134320598715,46397437,4231,259.040802,52,-98.857,-510.517,255,8
1778134320598715,46407423,4221,258.428558,52,-104.307,-509.431,255,8
1778134320599718,46417385,4212,257.877563,52,-109.201,-508.405,255,8
1778134320600267,46427364,4203,257.326538,52,-114.085,-507.331,255,8
1778134320617791,46437323,4194,256.775513,52,-118.959,-506.210,255,8
1778134320619150,46447306,4185,256.224487,52,-123.822,-505.043,255,8
1778134320702413,46457260,4176,255.673462,52,-128.673,-503.829,255,8
1778134320703437,46467243,4167,255.122452,52,-133.512,-502.568,255,8
1778134320704332,46477202,4158,254.571411,53,-141.000,-510.900,255,8
1778134320704332,46487183,4149,254.020401,53,-145.906,-509.521,255,8
1778134320705336,46497142,4140,253.469391,53,-150.800,-508.094,255,8
1778134320705336,46507126,4131,252.918365,53,-155.679,-506.620,255,8
1778134320706337,46517080,4122,252.367355,53,-160.544,-505.100,255,8
1778134320706337,46527066,4113,251.816315,53,-165.394,-503.532,255,8
1778134320708835,46537026,4104,251.265305,53,-170.229,-501.918,255,8
1778134320732065,46547008,4095,250.714294,53,-175.048,-500.258,255,8
1778134320732065,46556955,4086,250.163269,54,-183.244,-507.958,255,8
1778134320777182,46566939,4077,249.612244,54,-188.121,-506.172,255,8
1778134320778177,46576900,4068,249.061218,54,-192.980,-504.340,255,8
1778134320778177,46586875,4059,248.510208,54,-197.821,-502.461,255,8
1778134320779177,46596828,4050,247.959198,54,-202.644,-500.535,255,8
1778134320780295,46606808,4041,247.408157,54,-207.448,-498.563,255,8
1778134320796340,46616761,4031,246.795914,54,-212.764,-496.318,255,8
1778134320798333,46626739,4022,246.244904,54,-217.527,-494.249,255,8
1778134320846012,46636686,4013,245.693893,54,-222.270,-492.134,255,8
1778134320846012,46646661,4004,245.142853,54,-226.993,-489.974,255,8
1778134320847022,46656615,3995,244.591843,54,-231.694,-487.768,255,8
1778134320847022,46666595,3986,244.040802,55,-240.752,-494.508,255,8
1778134320848010,46676551,3977,243.489792,58,-258.887,-519.016,255,8
1778134320864928,46686534,3968,242.938782,67,-304.811,-596.649,255,8
1778134320870881,46696632,3959,242.387756,86,-398.597,-762.050,255,8
1778134320919575,46706472,3950,241.836746,87,-410.627,-766.998,255,8
1778134320920570,46716417,3941,241.285706,83,-398.767,-727.932,255,8
1778134320920570,46726402,3933,240.795914,85,-414.734,-741.954,255,8
1778134320921583,46736358,3924,240.244904,87,-431.776,-755.295,255,8
1778134320922210,46746335,3915,239.693878,88,-444.065,-759.741,255,8
1778134320937216,46756286,3906,239.142853,89,-456.480,-764.019,255,8
1778134320937216,46766268,3897,238.591843,94,-489.863,-802.268,255,8
1778134320950840,46776199,3888,238.040817,100,-529.315,-848.425,255,8
1778134321003566,46786181,3880,237.551025,103,-552.645,-869.186,255,8
1778134321004673,46796132,3871,237.000015,107,-582.764,-897.378,255,8
1778134321004673,46806110,3862,236.448975,109,-602.421,-908.399,255,8
1778134321005659,46816061,3853,235.897964,109,-611.129,-902.564,255,8
1778134321005659,46826043,3844,235.346939,109,-619.780,-896.645,255,8
1778134321006667,46835996,3836,234.857147,109,-627.423,-891.314,255,8
1778134321021785,46845978,3827,234.306122,110,-641.800,-893.360,255,8
1778134321068871,46855929,3818,233.755096,110,-650.362,-887.147,255,8
1778134321069794,46865904,3809,233.204086,111,-664.853,-888.859,255,8
1778134321069794,46875853,3801,232.714294,112,-678.485,-891.100,255,8
1778134321070800,46885831,3792,232.163254,114,-699.292,-900.328,255,8
1778134321070800,46895781,3783,231.612244,115,-714.127,-901.400,255,8
1778134321086472,46905757,3774,231.061234,115,-722.763,-894.491,255,8
1778134321087389,46915706,3766,230.571426,115,-730.383,-888.279,255,8
1778134321144747,46925686,3757,230.020416,116,-745.317,-888.877,255,8
1778134321146309,46935632,3748,229.469391,116,-753.831,-881.668,255,8
1778134321146309,46945613,3739,228.918365,117,-768.846,-881.916,255,8
1778134321147405,46955566,3731,228.428574,118,-782.993,-882.792,255,8
1778134321147405,46965552,3722,227.877563,119,-798.153,-882.639,255,8
1778134321147405,46975495,3713,227.326523,120,-813.383,-882.274,255,8
1778134321163713,46985473,3705,226.836731,118,-807.214,-860.701,255,8
1778134321164716,46995419,3696,226.285721,114,-787.811,-823.986,255,8
1778134321209721,47005399,3687,225.734695,113,-788.719,-809.211,255,8
1778134321210827,47015351,3679,225.244904,112,-788.567,-795.337,255,8
1778134321210827,47025331,3670,224.693878,112,-796.180,-787.717,255,8
1778134321211825,47035280,3661,224.142853,112,-803.718,-780.024,255,8
1778134321226522,47045258,3653,223.653061,111,-803.122,-766.222,255,8
1778134321228113,47055207,3644,223.102051,110,-803.152,-751.630,255,8
1778134321286434,47065185,3635,222.551010,110,-810.343,-743.871,255,8
1778134321287430,47075134,3627,222.061218,110,-816.672,-736.917,255,8
1778134321288444,47085113,3618,221.510208,110,-823.721,-729.029,255,8
1778134321288444,47095062,3609,220.959183,110,-830.694,-721.073,255,8
1778134321288444,47105038,3601,220.469391,110,-836.828,-713.946,255,8
1778134321288444,47114984,3592,219.918365,111,-851.325,-712.282,255,8
1778134321346448,47124962,3583,219.367340,111,-858.136,-704.062,255,8
1778134321347468,47134915,3575,218.877548,111,-864.123,-696.700,255,8
1778134321347468,47144894,3566,218.326538,111,-870.783,-688.358,255,8
1778134321348471,47154838,3557,217.775497,112,-885.267,-686.077,255,8
1778134321348471,47164815,3549,217.285706,112,-891.100,-678.485,255,8
1778134321349455,47174763,3540,216.734695,114,-913.612,-681.846,255,8
1778134321365515,47184737,3531,216.183670,114,-920.127,-673.028,255,8
1778134321365515,47194682,3523,215.693878,114,-925.846,-665.138,255,8
1778134321373118,47204655,3514,215.142853,114,-932.200,-656.203,255,8
1778134321384327,47214604,3505,214.591827,114,-938.468,-647.208,255,8
1778134321445326,47224578,3497,214.102036,115,-952.246,-644.769,255,8
1778134321446342,47234528,3488,213.551025,114,-950.069,-630.055,255,8
1778134321446953,47244505,3480,213.061234,113,-947.039,-616.455,255,8
1778134321446953,47254457,3471,212.510193,111,-936.058,-596.569,255,8
1778134321448048,47264432,3462,211.959183,107,-907.815,-566.367,255,8
1778134321448048,47274382,3454,211.469391,102,-869.978,-532.484,255,8
1778134321465268,47284358,3445,210.918365,100,-857.900,-513.816,255,8
1778134321465268,47294313,3437,210.428574,99,-853.639,-501.399,255,8
1778134321473451,47304311,3428,209.877548,99,-858.421,-493.167,255,8
1778134321525373,47314266,3419,209.326523,98,-854.406,-479.990,255,8
1778134321525889,47324252,3411,208.836731,97,-849.718,-467.846,255,8
1778134321525889,47334207,3402,208.285721,96,-845.372,-454.914,255,8
1778134321526894,47344192,3393,207.734680,96,-849.708,-446.763,255,8
1778134321526894,47354149,3385,207.244888,96,-853.496,-439.483,255,8
1778134321544422,47364128,3376,206.693878,94,-839.814,-422.270,255,8
1778134321545129,47374079,3367,206.142853,93,-834.859,-409.768,255,8
1778134321553169,47384059,3359,205.653061,93,-838.332,-402.616,255,8
1778134321564989,47394010,3350,205.102051,93,-842.165,-394.536,255,8
1778134321611124,47403992,3341,204.551010,93,-845.920,-386.418,255,8
1778134321612124,47413943,3333,204.061218,94,-858.324,-383.250,255,8
1778134321612124,47423922,3324,203.510208,94,-861.970,-374.978,255,8
1778134321613119,47433878,3315,202.959198,94,-865.536,-366.671,255,8
1778134321613119,47443854,3306,202.408157,94,-869.022,-358.330,255,8
1778134321631676,47453813,3297,201.857147,95,-881.709,-353.679,255,8
1778134321632669,47463797,3289,201.367355,93,-866.075,-338.842,255,8
1778134321682318,47473756,3280,200.816330,90,-841.252,-319.836,255,8
1778134321683311,47483733,3271,200.265320,87,-816.146,-301.340,255,8
1778134321683311,47493694,3263,199.775513,85,-799.872,-287.585,255,8
1778134321684312,47503678,3254,199.224487,83,-783.716,-273.294,255,8
1778134321684312,47513638,3245,198.673477,82,-776.834,-262.543,255,8
1778134321701895,47523621,3236,198.122437,81,-769.819,-251.949,255,8
1778134321702895,47533581,3227,197.571426,81,-772.206,-244.535,255,8
1778134321709924,47543565,3219,197.081635,81,-774.269,-237.924,255,8
1778134321762887,47553520,3210,196.530609,81,-776.521,-230.467,255,8
1778134321762887,47563511,3201,195.979599,81,-778.701,-222.989,255,8
1778134321763887,47573467,3193,195.489807,82,-790.216,-218.995,255,8
1778134321763887,47583449,3184,194.938766,84,-811.610,-216.541,255,8
1778134321764896,47593411,3175,194.387756,90,-871.773,-223.635,255,8
1778134321782428,47603394,3167,193.897964,96,-931.896,-230.586,255,8
1778134321782428,47613332,3158,193.346924,118,-1148.128,-272.399,255,8
1778134321789462,47623325,3149,192.795914,137,-1335.976,-303.426,255,8
1778134321802988,47633275,3141,192.306122,133,-1299.440,-283.469,255,8
1778134321847848,47643270,3132,191.755096,127,-1243.365,-258.736,255,8
1778134321848370,47653225,3123,191.204086,125,-1226.177,-242.880,255,8
1778134321848370,47663216,3115,190.714294,123,-1208.557,-228.671,255,8
1778134321848370,47673161,3106,190.163254,122,-1200.857,-215.273,255,8
1778134321849875,47683143,3098,189.673462,119,-1173.080,-199.959,255,8
1778134321867898,47693098,3089,189.122452,116,-1145.328,-183.912,255,8
1778134321867898,47703077,3081,188.632660,107,-1057.878,-160.606,255,8
1778134321912719,47713061,3072,188.081619,74,-732.651,-104.032,255,8
1778134321913723,47723049,3063,187.530609,55,-545.256,-72.081,255,8
1778134321913723,47733004,3055,187.040817,60,-595.475,-73.546,255,8
1778134321914713,47742992,3046,186.489792,64,-635.899,-72.337,255,8
1778134321931254,47752963,3038,186.000000,59,-586.768,-61.672,255,8
1778134321931254,47762949,3029,185.448990,65,-647.063,-61.724,255,8
1778134321937255,47772918,3021,184.959183,74,-737.230,-63.970,255,8
1778134321992331,47782907,3012,184.408157,82,-817.574,-63.026,255,8
1778134321993331,47792848,3004,183.918365,100,-997.662,-68.335,255,8
1778134321993331,47802841,2995,183.367355,132,-1317.721,-77.534,255,8
1778134321994330,47812804,2987,182.877563,147,-1468.146,-73.797,255,8
1778134321994330,47822792,2978,182.326523,141,-1408.838,-57.238,255,8
1778134322010640,47832747,2969,181.775513,126,-1259.395,-39.039,255,8
1778134322010640,47842743,2961,181.285721,124,-1239.688,-27.823,255,8
1778134322055794,47852699,2953,180.795914,130,-1299.875,-18.058,255,8
1778134322055794,47862692,2944,180.244904,129,-1289.988,-5.514,255,8
1778134322056797,47872642,2935,179.693878,117,-1169.983,6.251,255,8
1778134322056797,47882625,2927,179.204086,105,-1049.899,14.585,255,8
1778134322057795,47892611,2919,178.714294,93,-929.766,20.867,255,8
1778134322075524,47902598,2910,178.163269,84,-839.568,26.923,255,8
1778134322076525,47912557,2901,177.612244,76,-759.340,31.663,255,8
1778134322131081,47922539,2893,177.122452,69,-689.130,34.639,255,8
1778134322132671,47932500,2885,176.632660,62,-618.930,36.417,255,8
1778134322132671,47942486,2876,176.081635,58,-578.644,39.634,255,8
1778134322133793,47952440,2867,175.530609,56,-558.297,43.639,255,8
1778134322134790,47962432,2859,175.040817,54,-537.979,46.681,255,8
1778134322135410,47972396,2850,174.489792,53,-527.551,50.892,255,8
1778134322151865,47982384,2842,174.000000,53,-527.097,55.400,255,8
1778134322196665,47992344,2833,173.448990,53,-526.539,60.467,255,8
1778134322197715,48002332,2825,172.959183,53,-526.003,64.965,255,8
1778134322197715,48012289,2816,172.408173,54,-535.267,71.342,255,8
1778134322198667,48022272,2807,171.857147,57,-564.253,80.736,255,8
1778134322198667,48032230,2799,171.367340,63,-622.863,94.562,255,8
1778134322215572,48042210,2790,170.816330,74,-730.515,118.104,255,8
1778134322216662,48052165,2782,170.326523,84,-828.056,141.148,255,8
1778134322283990,48062155,2773,169.775513,93,-915.231,165.080,255,8
1778134322283990,48072114,2764,169.224487,98,-962.720,183.222,255,8
1778134322284971,48082096,2756,168.734695,84,-823.816,164.096,255,8
1778134322284971,48092058,2747,168.183685,81,-792.835,165.868,255,8
1778134322285953,48102045,2739,167.693878,84,-820.699,179.033,255,8
1778134322285953,48112004,2731,167.204086,84,-819.139,186.042,255,8
1778134322285953,48121990,2722,166.653061,75,-729.743,173.135,255,8
1778134322301988,48131947,2714,166.163269,68,-660.267,162.626,255,8
1778134322308602,48141927,2705,165.612244,64,-619.927,159.029,255,8
1778134322319985,48153890,2695,165.000000,61,-589.215,157.880,255,8
1778134322362072,48163851,2687,164.510193,59,-568.570,157.569,255,8
1778134322363097,48173826,2678,163.959183,60,-576.639,165.793,255,8
1778134322364070,48183785,2670,163.469391,61,-584.787,173.562,255,8
1778134322364070,48193767,2661,162.918365,62,-592.650,182.115,255,8
1778134322366000,48203726,2653,162.428574,63,-600.605,190.194,255,8
1778134322380994,48213710,2644,161.877548,63,-598.748,195.961,255,8
1778134322423741,48223667,2635,161.326538,62,-587.362,198.508,255,8
1778134322423741,48233652,2627,160.836731,61,-576.198,200.239,255,8
1778134322423741,48243612,2618,160.285706,61,-574.246,205.771,255,8
1778134322425751,48253596,2610,159.795914,61,-572.466,210.673,255,8
1778134322425751,48263556,2601,159.244888,61,-570.413,216.168,255,8
1778134322442173,48273541,2593,158.755096,62,-577.865,224.660,255,8
1778134322446881,48283497,2584,158.204086,62,-575.678,230.207,255,8
1778134322502124,48293482,2576,157.714294,63,-582.942,238.912,255,8
1778134322503155,48303445,2567,157.163269,64,-589.833,248.388,255,8
1778134322503155,48313426,2559,156.673477,65,-596.871,257.381,255,8
1778134322504644,48323385,2550,156.122452,66,-603.512,267.157,255,8
1778134322505256,48333370,2541,155.571426,67,-610.020,277.084,255,8
1778134322505256,48343326,2533,155.081635,67,-607.629,282.289,255,8
1778134322521045,48353304,2525,154.591843,67,-605.194,287.473,255,8
1778134322564133,48363260,2516,154.040817,68,-611.392,297.657,255,8
1778134322565752,48373245,2508,153.551010,67,-599.872,298.419,255,8
1778134322565752,48383200,2499,153.000000,66,-588.064,299.634,255,8
1778134322565752,48393182,2491,152.510208,66,-585.481,304.650,255,8
1778134322567347,48403134,2482,151.959183,66,-582.525,310.266,255,8
1778134322583166,48413115,2474,151.469391,66,-579.851,315.235,255,8
1778134322584163,48423071,2465,150.918365,66,-576.793,320.796,255,8
1778134322601260,48433046,2457,150.428574,66,-574.029,325.715,255,8
1778134322642169,48443000,2448,149.877548,65,-562.221,326.202,255,8
1778134322643152,48452980,2440,149.387756,65,-559.412,330.996,255,8
1778134322643152,48462944,2431,148.836731,65,-556.203,336.361,255,8
1778134322644166,48472917,2423,148.346939,65,-553.307,341.103,255,8
1778134322644166,48482874,2415,147.857147,65,-550.371,345.821,255,8
1778134322660176,48492863,2406,147.306122,66,-555.435,356.499,255,8
1778134322705873,48502819,2398,146.816315,64,-535.629,350.288,255,8
1778134322706869,48512800,2389,146.265305,61,-507.287,338.762,255,8
1778134322706869,48522751,2381,145.775513,60,-496.104,337.462,255,8
1778134322707885,48532732,2372,145.224487,60,-492.836,342.218,255,8
1778134322707885,48542690,2364,144.734695,61,-498.057,352.192,255,8
1778134322722879,48552663,2355,144.183670,64,-518.974,374.521,255,8
1778134322723867,48562625,2347,143.693878,65,-523.812,384.865,255,8
1778134322740874,48572605,2339,143.204086,64,-512.495,383.339,255,8
1778134322741875,48582567,2330,142.653061,62,-492.886,376.117,255,8
1778134322785991,48592543,2322,142.163269,61,-481.755,374.182,255,8
1778134322786992,48602500,2313,141.612244,60,-470.296,372.588,255,8
1778134322786992,48612486,2305,141.122452,60,-467.093,376.595,255,8
1778134322786992,48622441,2297,140.632645,59,-456.126,374.231,255,8
1778134322802001,48632425,2289,140.142853,55,-422.205,352.482,255,8
1778134322803023,48642391,2280,139.591827,52,-395.952,337.079,255,8
1778134322845899,48652375,2272,139.102036,51,-385.497,333.904,255,8
1778134322846910,48662332,2264,138.612244,50,-375.126,330.576,255,8
1778134322847911,48672317,2255,138.061234,50,-371.930,334.168,255,8
1778134322847911,48682270,2247,137.571426,49,-361.678,330.589,255,8
1778134322863669,48692259,2239,137.081635,49,-358.839,333.668,255,8
1778134322864677,48702219,2231,136.591843,49,-355.974,336.724,255,8
1778134322871373,48712206,2222,136.040817,49,-352.719,340.131,255,8
1778134322881670,48722166,2214,135.551025,49,-349.798,343.134,255,8
1778134322924731,48732146,2206,135.061234,49,-346.852,346.112,255,8
1778134322925736,48742103,2197,134.510208,48,-336.497,342.300,255,8
1778134322926743,48752076,2189,134.020401,48,-333.559,345.164,255,8
1778134322927746,48762027,2181,133.530609,48,-330.596,348.003,255,8
1778134322942447,48772009,2173,133.040817,48,-327.609,350.816,255,8
1778134322943526,48781967,2164,132.489792,48,-324.220,353.951,255,8
1778134322990574,48791945,2156,132.000000,48,-321.183,356.710,255,8
1778134322991583,48801904,2148,131.510193,48,-318.122,359.442,255,8
1778134322991583,48811883,2139,130.959183,48,-314.650,362.485,255,8
1778134322993173,48821840,2131,130.469391,48,-311.540,365.161,255,8
1778134322993173,48831817,2123,129.979584,48,-308.407,367.811,255,8
1778134323009239,48841766,2115,129.489792,47,-298.892,362.717,255,8
1778134323010238,48851753,2107,129.000000,47,-295.781,365.259,255,8
1778134323067602,48861703,2098,128.448990,47,-292.254,368.086,255,8
1778134323068521,48871682,2090,127.959183,47,-289.097,370.571,255,8
1778134323068521,48881637,2082,127.469391,47,-285.919,373.029,255,8
1778134323069520,48891611,2074,126.979591,46,-276.704,367.471,255,8
1778134323069520,48901564,2065,126.428574,46,-273.157,370.115,255,8
1778134323070519,48911545,2057,125.938782,46,-269.983,372.436,255,8
1778134323094600,48921496,2049,125.448975,46,-266.790,374.731,255,8
1778134323094600,48931480,2041,124.959183,46,-263.577,376.998,255,8
1778134323115583,48941439,2032,124.408157,46,-259.939,379.515,255,8
1778134323116582,48951418,2024,123.918365,45,-251.105,373.425,255,8
1778134323175505,48961375,2016,123.428574,45,-247.904,375.558,255,8
1778134323175505,48971345,2007,122.877556,45,-244.280,377.925,255,8
1778134323177119,48981300,1999,122.387756,45,-241.041,379.999,255,8
1778134323178135,48991295,1991,121.897957,45,-237.784,382.046,255,8
1778134323178135,49001255,1983,121.408165,45,-234.509,384.064,255,8
1778134323179139,49011240,1975,120.918373,45,-231.217,386.055,255,8
1778134323179139,49021199,1966,120.367348,45,-227.494,388.261,255,8
1778134323196333,49031181,1958,119.877556,45,-224.167,390.191,255,8
1778134323197839,49041140,1950,119.387749,44,-215.916,383.380,255,8
1778134323251520,49051127,1942,118.897957,44,-212.631,385.212,255,8
1778134323252513,49061085,1933,118.346939,44,-208.916,387.239,255,8
1778134323252513,49071067,1925,117.857147,44,-205.598,389.011,255,8
1778134323253514,49081027,1917,117.367348,44,-202.265,390.754,255,8
1778134323253514,49091005,1909,116.877548,44,-198.917,392.469,255,8
1778134323271084,49100958,1901,116.387756,44,-195.555,394.155,255,8
1778134323272076,49110945,1892,115.836731,44,-191.756,396.017,255,8
1778134323315507,49120898,1884,115.346939,44,-188.363,397.642,255,8
1778134323317108,49130883,1876,114.857147,44,-184.957,399.238,255,8
1778134323317108,49140836,1868,114.367340,44,-181.538,400.804,255,8
1778134323318206,49150817,1859,113.816330,44,-177.675,402.532,255,8
1778134323318206,49160775,1851,113.326530,44,-174.227,404.036,255,8
1778134323335583,49170757,1843,112.836739,43,-166.886,396.294,255,8
1778134323337508,49180713,1835,112.346939,43,-163.492,397.706,255,8
1778134323349432,49190691,1827,111.857140,43,-160.086,399.089,255,8
1778134323393121,49200649,1819,111.367348,43,-156.669,400.443,255,8
1778134323393121,49210633,1811,110.877556,43,-153.240,401.768,255,8
1778134323394117,49220581,1803,110.387764,43,-149.800,403.063,255,8
1778134323394117,49230557,1794,109.836739,43,-145.917,404.485,255,8
1778134323411845,49240512,1786,109.346931,43,-142.454,405.718,255,8
1778134323412642,49250492,1778,108.857140,43,-138.980,406.921,255,8
1778134323457411,49260443,1770,108.367348,43,-135.497,408.094,255,8
1778134323457411,49270420,1762,107.877556,43,-132.003,409.237,255,8
1778134323458427,49280372,1754,107.387756,43,-128.500,410.351,255,8
1778134323458427,49290358,1746,106.897957,43,-124.987,411.434,255,8
1778134323459399,49300312,1738,106.408165,43,-121.466,412.488,255,8
1778134323476015,49310293,1729,105.857147,43,-117.493,413.637,255,8
1778134323477029,49320249,1721,105.367355,42,-111.303,404.984,255,8
1778134323489706,49330232,1713,104.877548,42,-107.837,405.920,255,8
1778134323538100,49340193,1705,104.387756,42,-104.363,406.827,255,8
1778134323539147,49350176,1697,103.897964,42,-100.881,407.705,255,8
1778134323539147,49360135,1689,103.408157,42,-97.392,408.552,255,8
1778134323540123,49370111,1681,102.918365,43,-96.132,419.117,255,8
1778134323540123,49380065,1673,102.428574,43,-92.546,419.923,255,8
1778134323555964,49390047,1665,101.938782,43,-88.953,420.699,255,8
1778134323557545,49399996,1657,101.448975,43,-85.353,421.444,255,8
1778134323601182,49409982,1649,100.959183,43,-81.747,422.158,255,8
1778134323602178,49419937,1641,100.469391,42,-76.318,413.008,255,8
1778134323603271,49429910,1633,99.979591,42,-72.785,413.645,255,8
1778134323603271,49439867,1625,99.489792,42,-69.246,414.252,255,8
1778134323604286,49449846,1617,99.000000,42,-65.702,414.829,255,8
1778134323621780,49459801,1609,98.510208,42,-62.154,415.376,255,8
1778134323627497,49469783,1601,98.020409,42,-58.601,415.892,255,8
1778134323677168,49479738,1593,97.530609,42,-55.043,416.377,255,8
1778134323678269,49489723,1585,97.040817,42,-51.482,416.833,255,8
1778134323678269,49499681,1577,96.551018,42,-47.917,417.258,255,8
1778134323679888,49509666,1569,96.061226,42,-44.348,417.652,255,8
1778134323679888,49519622,1561,95.571434,42,-40.776,418.016,255,8
1778134323734802,49529605,1553,95.081627,42,-37.201,418.349,255,8
1778134323735819,49539564,1545,94.591835,42,-33.624,418.652,255,8
1778134323735819,49549553,1537,94.102043,42,-30.044,418.924,255,8
1778134323736812,49559513,1529,93.612251,42,-26.462,419.166,255,8
1778134323736812,49569494,1521,93.122444,42,-22.877,419.376,255,8
1778134323736812,49579448,1513,92.632652,42,-19.292,419.557,255,8
1778134323755823,49589431,1505,92.142860,42,-15.704,419.706,255,8
1778134323755823,49599382,1497,91.653053,42,-12.116,419.825,255,8
1778134323763100,49609358,1489,91.163261,42,-8.527,419.913,255,8
1778134323817764,49619316,1481,90.673470,42,-4.937,419.971,255,8
1778134323818782,49629294,1473,90.183678,41,-1.314,409.998,255,8
1778134323819742,49639249,1465,89.693878,40,2.137,399.994,255,8
1778134323820690,49649233,1457,89.204079,39,5.417,389.962,255,8
1778134323821292,49659184,1449,88.714287,39,8.751,389.902,255,8
1778134323822804,49669163,1441,88.224487,39,12.084,389.813,255,8
1778134323839328,49679116,1433,87.734695,39,15.415,389.695,255,8
1778134323856894,49689100,1425,87.244896,39,18.746,389.549,255,8
1778134323857887,49699052,1417,86.755104,39,22.076,389.375,255,8
1778134323919118,49709035,1409,86.265305,38,24.752,379.193,255,8
1778134323920118,49718990,1401,85.775513,38,27.992,378.968,255,8
1778134323920118,49728978,1393,85.285713,38,31.231,378.714,255,8
1778134323921120,49738933,1385,84.795921,38,34.467,378.434,255,8
1778134323921641,49748919,1377,84.306122,38,37.701,378.125,255,8
1778134323921641,49758875,1369,83.816330,38,40.932,377.789,255,8
1778134323922654,49768863,1361,83.326530,38,44.160,377.425,255,8
1778134323938744,49778814,1353,82.836739,38,47.385,377.034,255,8
1778134323955748,49788796,1345,82.346939,38,50.606,376.615,255,8
1778134323955748,49798754,1338,81.918365,38,53.422,376.226,255,8
1778134324013746,49808737,1330,81.428574,37,55.146,365.867,255,8
1778134324013746,49818692,1322,80.938774,37,58.271,365.383,255,8
1778134324014845,49828682,1314,80.448982,37,61.393,364.871,255,8
1778134324015842,49838640,1306,79.959183,37,64.509,364.333,255,8
1778134324015842,49848629,1298,79.469391,37,67.621,363.768,255,8
1778134324016829,49858585,1290,78.979591,37,70.729,363.177,255,8
1778134324032255,49868569,1282,78.489792,37,73.831,362.559,255,8
1778134324033861,49878527,1275,78.061226,37,76.541,361.997,255,8
1778134324040553,49888509,1267,77.571426,37,79.632,361.329,255,8
1778134324052867,49898465,1259,77.081635,37,82.718,360.635,255,8
1778134324097514,49908464,1251,76.591835,37,85.798,359.915,255,8
1778134324098509,49918414,1243,76.102043,37,88.872,359.168,255,8
1778134324098878,49928405,1235,75.612244,37,91.939,358.395,255,8
1778134324099996,49938375,1227,75.122444,37,94.999,357.596,255,8
1778134324099996,49948363,1219,74.632652,38,100.703,366.414,255,8
1778134324116902,49958322,1211,74.142853,38,103.831,365.539,255,8
1778134324159042,49968314,1203,73.653061,38,106.952,364.639,255,8
1778134324160066,49978267,1195,73.163261,38,110.065,363.711,255,8
1778134324160066,49988250,1187,72.673470,38,113.170,362.757,255,8
1778134324161058,49998205,1179,72.183670,38,116.267,361.776,255,8
1778134324161058,50008198,1171,71.693878,38,119.356,360.769,255,8
1778134324176406,50018158,1163,71.204079,39,125.657,369.202,255,8
1778134324189790,50028147,1156,70.775505,41,135.001,387.137,255,8
1778134324190787,50038105,1148,70.285713,42,141.679,395.382,255,8
1778134324233830,50048090,1140,69.795914,42,145.053,394.157,255,8
1778134324234744,50058050,1132,69.306122,43,151.951,402.257,255,8
1778134324234744,50068035,1124,68.816330,43,155.384,400.944,255,8
1778134324235745,50077995,1116,68.326530,43,158.806,399.601,255,8
1778134324252791,50087980,1108,67.836739,43,162.216,398.228,255,8
1778134324253303,50097932,1100,67.346939,43,165.615,396.827,255,8
1778134324297540,50107917,1092,66.857147,43,169.001,395.397,255,8
1778134324298506,50117877,1084,66.367348,43,172.375,393.938,255,8
1778134324299515,50127859,1076,65.877556,43,175.736,392.450,255,8
1778134324300462,50137816,1068,65.387756,43,179.084,390.933,255,8
1778134324300462,50147803,1059,64.836731,43,182.836,389.193,255,8
1778134324318371,50157760,1051,64.346939,43,186.156,387.616,255,8
1778134324319366,50167747,1043,63.857143,43,189.463,386.010,255,8
1778134324332413,50177706,1035,63.367348,43,192.755,384.377,255,8
1778134324379228,50187688,1027,62.877552,43,196.034,382.715,255,8
1778134324380157,50197637,1018,62.326527,43,199.706,380.812,255,8
1778134324381667,50207614,1010,61.836735,43,202.954,379.091,255,8
1778134324382716,50217573,1002,61.346939,43,206.187,377.342,255,8
1778134324382716,50227558,994,60.857143,43,209.405,375.566,255,8
1778134324399726,50237523,986,60.367348,43,212.608,373.762,255,8
1778134324400719,50247512,977,59.816322,43,216.193,371.700,255,8
1778134324446341,50257471,969,59.326530,43,219.362,369.838,255,8
1778134324447235,50267455,961,58.836735,43,222.516,367.949,255,8
1778134324447235,50277415,953,58.346939,43,225.653,366.034,255,8
1778134324448243,50287396,945,57.857143,43,228.774,364.091,255,8
1778134324449230,50297357,937,57.367348,43,231.878,362.122,255,8
1778134324466780,50307333,928,56.816326,43,235.350,359.876,255,8
1778134324468289,50317290,920,56.326530,44,243.962,366.173,255,8
1778134324512768,50327275,912,55.836735,44,247.083,364.074,255,8
1778134324512768,50337234,904,55.346939,44,250.187,361.948,255,8
1778134324513774,50347219,895,54.795921,44,253.656,359.526,255,8
1778134324513774,50357181,887,54.306122,44,256.720,357.344,255,8
1778134324529835,50367161,879,53.816326,44,259.765,355.137,255,8
1778134324530828,50377121,871,53.326530,44,262.792,352.903,255,8
1778134324575346,50387100,863,52.836735,44,265.799,350.644,255,8
1778134324575944,50397054,855,52.346939,44,268.787,348.359,255,8
1778134324577056,50407038,847,51.857143,44,271.755,346.048,255,8
1778134324577056,50416995,839,51.367344,44,274.703,343.712,255,8
1778134324577056,50426978,831,50.877552,44,277.631,341.352,255,8
1778134324593631,50436933,823,50.387753,44,280.539,338.966,255,8
1778134324600662,50446914,815,49.897961,44,283.426,336.555,255,8
1778134324655245,50456866,807,49.408161,44,286.293,334.120,255,8
1778134324656768,50466848,799,48.918369,44,289.139,331.661,255,8
1778134324657771,50476806,791,48.428570,45,298.599,336.658,255,8
1778134324657771,50486788,782,47.877548,45,301.823,333.771,255,8
1778134324658769,50496748,774,47.387756,45,304.665,331.179,255,8
1778134324659768,50506734,766,46.897957,45,307.485,328.562,255,8
1778134324677308,50516695,758,46.408165,45,310.282,325.922,255,8
1778134324677308,50526682,750,45.918365,45,313.057,323.257,255,8
1778134324723974,50536649,742,45.428574,45,315.809,320.569,255,8
1778134324723974,50546636,734,44.938774,45,318.538,317.858,255,8
1778134324725485,50556596,726,44.448982,46,328.382,322.126,255,8
1778134324725485,50566581,718,43.959187,46,331.124,319.307,255,8
1778134324726498,50576544,710,43.469387,46,333.841,316.465,255,8
1778134324743523,50586533,702,42.979591,46,336.534,313.599,255,8
1778134324744523,50596491,694,42.489796,46,339.203,310.711,255,8
1778134324761080,50606479,686,42.000000,46,341.847,307.800,255,8
1778134324765592,50616445,678,41.510204,46,344.465,304.867,255,8
1778134324828959,50626429,670,41.020409,46,347.059,301.911,255,8
1778134324828959,50636388,662,40.530609,47,357.228,305.431,255,8
1778134324829944,50646371,655,40.102039,47,359.502,302.751,255,8
1778134324830951,50656333,647,39.612244,47,362.077,299.667,255,8
1778134324830951,50666320,639,39.122448,47,364.626,296.561,255,8
1778134324831946,50676279,631,38.632652,48,374.959,299.676,255,8
1778134324833977,50686265,623,38.142857,48,377.507,296.460,255,8
1778134324850946,50696220,615,37.653061,48,380.028,293.222,255,8
1778134324858025,50706205,607,37.163265,49,390.490,296.003,255,8
1778134324915044,50716161,599,36.673470,50,401.026,298.627,255,8
1778134324915044,50726153,591,36.183674,52,419.707,306.995,255,8
1778134324916653,50736116,583,35.693878,53,430.437,309.231,255,8
1778134324916653,50746098,575,35.204082,54,441.236,311.305,255,8
1778134324917728,50756056,567,34.714287,55,452.101,313.216,255,8
1778134324918694,50766034,559,34.224491,55,454.762,309.340,255,8
1778134324935550,50775992,551,33.734692,53,440.758,294.334,255,8
1778134324935550,50785966,544,33.306122,52,434.589,285.538,255,8
1778134324942587,50795927,536,32.816326,52,437.014,281.813,255,8
1778134325000312,50805906,528,32.326530,52,439.407,278.067,255,8
1778134325001255,50815864,520,31.836735,52,441.768,274.300,255,8
1778134325002241,50825853,512,31.346939,52,444.097,270.514,255,8
1778134325002241,50835809,504,30.857143,52,446.393,266.708,255,8
1778134325003241,50845794,496,30.367348,52,448.657,262.882,255,8
1778134325004240,50855756,488,29.877550,50,433.546,249.074,255,8
1778134325022247,50865735,480,29.387754,51,444.373,250.266,255,8
1778134325023235,50875694,472,28.897959,50,437.741,241.626,255,8
1778134325072060,50885672,464,28.408163,50,439.790,237.875,255,8
1778134325072987,50895638,456,27.918367,50,441.808,234.107,255,8
1778134325074057,50905623,448,27.428572,51,452.669,234.928,255,8
1778134325075099,50915579,440,26.938774,50,445.746,226.519,255,8
1778134325076081,50925557,433,26.510202,50,447.427,223.179,255,8
1778134325094690,50935522,425,26.020407,50,449.319,219.346,255,8
1778134325094690,50945506,417,25.530611,50,451.178,215.497,255,8
1778134325144701,50955465,409,25.040817,49,443.943,207.399,255,8
1778134325145706,50965451,401,24.551022,49,445.700,203.597,255,8
1778134325145706,50975409,393,24.061226,49,447.424,199.779,255,8
1778134325146706,50985395,385,23.571430,49,449.115,195.947,255,8
1778134325146706,50995349,377,23.081631,49,450.774,192.101,255,8
1778134325164263,51005339,370,22.653061,49,452.198,188.724,255,8
1778134325165257,51015295,362,22.163265,49,453.795,184.851,255,8
1778134325172782,51025287,354,21.673470,49,455.359,180.965,255,8
1778134325184811,51035251,346,21.183674,48,447.565,173.452,255,8
1778134325238238,51045236,338,20.693876,48,449.031,169.620,255,8
1778134325239841,51055192,330,20.204081,48,450.465,165.775,255,8
1778134325240866,51065176,322,19.714287,48,451.866,161.918,255,8
1778134325240866,51075131,315,19.285715,48,453.064,158.534,255,8
1778134325242388,51085117,307,18.795919,48,454.403,154.655,255,8
1778134325242388,51095072,299,18.306122,48,455.708,150.765,255,8
1778134325260430,51105059,291,17.816326,48,456.980,146.864,255,8
1778134325260430,51115018,283,17.326530,48,458.219,142.952,255,8
1778134325269954,51124993,275,16.836735,48,459.424,139.030,255,8
1778134325282505,51134944,267,16.346939,48,460.596,135.097,255,8
1778134325331711,51144928,259,15.857143,48,461.734,131.155,255,8
1778134325331711,51154887,251,15.367347,48,462.838,127.203,255,8
1778134325332689,51164868,243,14.877551,48,463.909,123.242,255,8
1778134325333704,51174830,235,14.387755,48,464.945,119.272,255,8
1778134325334709,51184814,227,13.897959,48,465.948,115.293,255,8
1778134325353705,51194772,219,13.408163,48,466.917,111.306,255,8
1778134325354688,51204762,212,12.979591,48,467.736,107.810,255,8
1778134325361610,51214720,204,12.489796,48,468.641,103.808,255,8
1778134325375636,51224712,196,12.000001,47,459.729,97.719,255,8
1778134325422366,51234674,188,11.510203,48,470.347,95.780,255,8
1778134325423862,51244659,180,11.020409,48,471.148,91.756,255,8
1778134325423862,51254620,172,10.530612,48,471.916,87.725,255,8
1778134325424948,51264604,164,10.040816,47,462.801,81.944,255,8
1778134325426502,51274570,156,9.551021,47,463.485,77.985,255,8
1778134325427512,51284554,148,9.061224,47,464.135,74.020,255,8
1778134325447609,51294512,140,8.571428,47,464.750,70.050,255,8
1778134325447609,51304494,133,8.142858,47,465.261,66.572,255,8
1778134325497579,51314452,125,7.653061,47,465.814,62.592,255,8
1778134325498576,51324431,117,7.163265,47,466.332,58.608,255,8
1778134325499578,51334391,109,6.673470,47,466.816,54.619,255,8
1778134325500579,51344371,101,6.183673,47,467.265,50.627,255,8
1778134325500579,51354324,93,5.693878,47,467.681,46.630,255,8
1778134325520111,51364308,86,5.265306,47,468.017,43.131,255,8
1778134325521104,51374265,78,4.775510,47,468.368,39.128,255,8
1778134325567392,51384242,70,4.285714,47,468.686,35.123,255,8
1778134325567392,51394194,63,3.857143,47,468.935,31.616,255,8
1778134325568381,51404181,55,3.367347,47,469.189,27.607,255,8
1778134325568381,51414136,47,2.877551,47,469.407,23.595,255,8
1778134325569384,51424116,39,2.387755,47,469.592,19.581,255,8
1778134325588460,51434073,31,1.897959,47,469.742,15.566,255,8
1778134325588460,51444051,24,1.469388,47,469.845,12.052,255,8
1778134325606186,51454007,16,0.979592,47,469.931,8.035,255,8
1778134325606694,51463988,8,0.489796,47,469.983,4.018,255,8
1778134325656945,51473943,0,0.000000,47,470.000,0.000,255,8
1778134325657948,51483928,5872,359.510193,47,469.983,-4.018,255,8
1778134325658871,51493879,5864,359.020416,47,469.931,-8.035,255,8
1778134325659936,51503857,5857,358.591827,47,469.858,-11.550,255,8
1778134325660948,51513816,5852,358.285706,45,449.799,-13.462,255,8
1778134325680483,51523792,5850,358.163269,44,439.774,-14.103,255,8
1778134325681483,51533749,5849,358.102051,44,439.759,-14.573,255,8
1778134325689528,51543729,5849,358.102051,44,439.759,-14.573,255,8
1778134325702067,51553688,5849,358.102051,44,439.759,-14.573,255,8
1778134325769588,51563671,5849,358.102051,44,439.759,-14.573,255,8
1778134325770589,51573617,5849,358.102051,44,439.759,-14.573,255,8
1778134325770589,51583613,5849,358.102051,45,449.753,-14.904,255,8
1778134325771587,51593566,5849,358.102051,44,439.759,-14.573,255,8
1778134325771587,51603546,5849,358.102051,44,439.759,-14.573,255,8
1778134325772583,51613507,5849,358.102051,45,449.753,-14.904,255,8
1778134325773585,51623489,5849,358.102051,46,459.748,-15.235,255,8
1778134325774588,51633441,5849,358.102051,46,459.748,-15.235,255,8
1778134325792136,51643422,5849,358.102051,45,449.753,-14.904,255,8
1778134325837495,51653376,5849,358.102051,45,449.753,-14.904,255,8
1778134325838486,51663355,5849,358.102051,45,449.753,-14.904,255,8
1778134325838486,51673309,5849,358.102051,45,449.753,-14.904,255,8
1778134325839490,51683294,5849,358.102051,46,459.748,-15.235,255,8
1778134325840490,51693247,5849,358.102051,46,459.748,-15.235,255,8
1778134325857218,51703216,5849,358.102051,46,459.748,-15.235,255,8
1778134325857218,51713179,5849,358.102051,46,459.748,-15.235,255,8
1778134325902063,51723161,5849,358.102051,46,459.748,-15.235,255,8
1778134325902063,51733115,5849,358.102051,46,459.748,-15.235,255,8
1778134325903080,51743096,5849,358.102051,46,459.748,-15.235,255,8
1778134325903080,51753056,5849,358.102051,46,459.748,-15.235,255,8
1778134325904056,51763036,5849,358.102051,46,459.748,-15.235,255,8
1778134325920074,51772995,5849,358.102051,46,459.748,-15.235,255,8
1778134325969978,51782970,5849,358.102051,46,459.748,-15.235,255,8
1778134325970996,51792929,5849,358.102051,46,459.748,-15.235,255,8
1778134325970996,51802899,5849,358.102051,46,459.748,-15.235,255,8
1778134325971897,51812861,5849,358.102051,46,459.748,-15.235,255,8
1778134325971897,51822841,5849,358.102051,46,459.748,-15.235,255,8
1778134325972895,51832799,5849,358.102051,46,459.748,-15.235,255,8
1778134325988428,51842779,5849,358.102051,46,459.748,-15.235,255,8
1778134326036166,51852744,5849,358.102051,46,459.748,-15.235,255,8
1778134326036166,51862732,5849,358.102051,46,459.748,-15.235,255,8
1778134326037159,51872691,5849,358.102051,46,459.748,-15.235,255,8
1778134326038159,51882673,5849,358.102051,47,469.742,-15.566,255,8
1778134326039158,51892635,5849,358.102051,47,469.742,-15.566,255,8
1778134326057167,51902620,5849,358.102051,46,459.748,-15.235,255,8
1778134326057167,51912580,5849,358.102051,47,469.742,-15.566,255,8
1778134326068778,51922565,5849,358.102051,47,469.742,-15.566,255,8
1778134326114244,51932526,5849,358.102051,47,469.742,-15.566,255,8
1778134326115253,51942513,5849,358.102051,46,459.748,-15.235,255,8
1778134326116240,51952472,5849,358.102051,46,459.748,-15.235,255,8
1778134326116240,51962455,5849,358.102051,47,469.742,-15.566,255,8
1778134326117245,51972415,5849,358.102051,47,469.742,-15.566,255,8
1778134326134826,51982395,5849,358.102051,47,469.742,-15.566,255,8
1778134326135820,51992346,5849,358.102051,47,469.742,-15.566,255,8
1778134326182811,52002333,5850,358.163269,47,469.759,-15.064,255,8
1778134326183809,52012290,5851,358.224487,47,469.774,-14.562,255,8
1778134326183809,52022272,5855,358.469391,47,469.832,-12.554,255,8
1778134326184809,52032232,5859,358.714264,46,459.884,-10.322,255,8
1778134326185812,52042215,5863,358.959167,46,459.924,-8.356,255,8
1778134326203399,52052172,5868,359.265320,46,459.962,-5.898,255,8
1778134326204390,52062158,5873,359.571411,45,449.987,-3.366,255,8
1778134326211908,52072115,5879,359.938782,45,450.000,-0.481,255,8
1778134326266655,52082098,5,0.306122,45,449.994,2.404,255,8
1778134326267642,52092057,11,0.673469,45,449.969,5.289,255,8
1778134326267642,52102039,16,0.979592,45,449.934,7.693,255,8
1778134326268672,52111998,22,1.346939,45,449.876,10.578,255,8
1778134326268672,52121981,28,1.714286,45,449.799,13.462,255,8
1778134326269655,52131946,34,2.081633,45,449.703,16.346,255,8
1778134326287730,52141929,41,2.510204,45,449.568,19.709,255,8
1778134326290736,52151885,46,2.816327,45,449.456,22.110,255,8
1778134326336002,52161869,53,3.244898,45,449.279,25.472,255,8
1778134326336002,52171827,59,3.612245,46,459.086,28.982,255,8
1778134326337001,52181810,65,3.979592,46,458.891,31.925,255,8
1778134326337993,52191774,72,4.408163,46,458.639,35.356,255,8
1778134326339994,52201755,78,4.775510,45,448.438,37.463,255,8
1778134326355579,52211710,85,5.204082,46,458.104,41.724,255,8
1778134326399901,52221700,91,5.571429,45,447.874,43.689,255,8
1778134326400879,52231657,98,6.000000,46,457.480,48.083,255,8
1778134326401810,52241635,104,6.367347,45,447.224,49.906,255,8
1778134326401810,52251591,111,6.795918,46,456.768,54.433,255,8
1778134326402812,52261571,118,7.224490,46,456.348,57.848,255,8
1778134326418727,52271531,125,7.653061,45,445.992,59.928,255,8
1778134326419728,52281510,131,8.020409,46,455.500,64.182,255,8
1778134326465623,52291467,139,8.510204,46,454.935,68.073,255,8
1778134326466128,52301445,145,8.877551,46,454.489,70.989,255,8
1778134326466128,52311400,153,9.367347,46,453.866,74.871,255,8
1778134326467132,52321377,159,9.734694,46,453.377,77.780,255,8
1778134326483634,52331335,167,10.224489,46,452.695,81.652,255,8
1778134326484646,52341308,174,10.653061,46,452.072,85.036,255,8
1778134326490171,52351272,181,11.081633,46,451.423,88.415,255,8
1778134326544508,52361256,188,11.510203,46,450.749,91.790,255,8
1778134326544508,52371212,195,11.938775,46,450.050,95.159,255,8
1778134326546059,52381199,203,12.428572,46,449.220,99.002,255,8
1778134326546059,52391158,210,12.857143,46,448.467,102.360,255,8
1778134326547166,52401139,217,13.285715,46,447.689,105.711,255,8
1778134326548153,52411098,224,13.714286,46,446.885,109.057,255,8
1778134326565604,52421084,232,14.204082,46,445.937,112.873,255,8
1778134326568212,52431046,239,14.632653,46,445.080,116.206,255,8
1778134326629955,52441036,247,15.122449,46,444.070,120.006,255,8
1778134326630955,52450997,255,15.612246,46,443.028,123.798,255,8
1778134326631956,52460982,262,16.040817,47,451.701,129.871,255,8
1778134326631956,52470942,270,16.530613,47,450.574,133.728,255,8
1778134326632956,52480926,278,17.020409,47,449.414,137.575,255,8
1778134326632956,52490887,285,17.448978,47,448.373,140.933,255,8
1778134326648535,52500872,293,17.938776,47,447.152,144.760,255,8
1778134326649526,52510827,301,18.428572,47,445.898,148.577,255,8
1778134326695882,52520812,309,18.918367,47,444.611,152.384,255,8
1778134326695882,52530768,317,19.408163,47,443.292,156.179,255,8
1778134326697401,52540752,325,19.897959,47,441.941,159.963,255,8
1778134326697401,52550714,333,20.387754,47,440.558,163.735,255,8
1778134326698420,52560700,341,20.877550,47,439.142,167.495,255,8
1778134326715253,52570660,349,21.367348,48,447.007,174.886,255,8
1778134326716253,52580642,357,21.857143,48,445.495,178.701,255,8
1778134326776133,52590596,366,22.408163,48,443.756,182.977,255,8
1778134326776133,52600570,374,22.897959,48,442.176,186.764,255,8
1778134326777156,52610530,382,23.387754,48,440.563,190.537,255,8
1778134326777156,52620508,391,23.938774,48,438.710,194.765,255,8
1778134326778122,52630463,399,24.428574,48,437.029,198.508,255,8
1778134326778122,52640440,408,24.979591,48,435.100,202.702,255,8
1778134326793122,52650396,416,25.469387,48,433.351,206.414,255,8
1778134326837907,52660376,425,26.020407,49,440.333,214.959,255,8
1778134326837907,52670333,434,26.571430,49,438.245,219.183,255,8
1778134326839499,52680313,442,27.061226,49,436.355,222.922,255,8
1778134326839499,52690267,451,27.612246,49,434.191,227.108,255,8
1778134326840622,52700247,460,28.163265,49,431.987,231.273,255,8
1778134326857040,52710204,469,28.714287,49,429.743,235.417,255,8
1778134326857040,52720187,477,29.204082,50,436.444,243.961,255,8
1778134326906649,52730145,487,29.816326,50,433.812,248.611,255,8
1778134326907727,52740126,495,30.306122,50,431.671,252.310,255,8
1778134326907727,52750077,504,30.857143,50,429.224,256.450,255,8
1778134326908687,52760060,513,31.408163,50,426.738,260.566,255,8
1778134326908687,52770015,523,32.020409,50,423.930,265.111,255,8
1778134326959684,52779994,532,32.571430,51,429.788,274.559,255,8
1778134326961300,52789953,541,33.122448,51,427.127,278.679,255,8
1778134326961300,52799936,550,33.673470,51,424.428,282.774,255,8
1778134326962410,52809891,559,34.224491,51,421.689,286.843,255,8
1778134326962410,52819877,569,34.836735,52,426.807,297.045,255,8
1778134326964034,52829837,578,35.387753,51,415.778,295.345,255,8
1778134326979822,52839821,588,36.000000,51,412.599,299.770,255,8
1778134327026181,52849773,597,36.551022,49,393.630,291.814,255,8
1778134327026181,52859759,607,37.163265,49,390.490,296.003,255,8
1778134327027198,52869716,616,37.714287,48,379.714,293.628,255,8
1778134327027198,52879707,626,38.326530,45,353.020,279.064,255,8
1778134327028183,52889664,635,38.877552,44,342.535,276.170,255,8
1778134327043976,52899646,645,39.489796,45,347.282,286.173,255,8
1778134327045237,52909604,655,40.102039,46,351.853,296.309,255,8
1778134327098724,52919588,664,40.653061,46,348.987,299.679,255,8
1778134327099720,52929543,673,41.204082,46,346.089,303.022,255,8
1778134327099720,52939535,683,41.816326,46,342.832,306.703,255,8
1778134327100727,52949501,692,42.367348,46,339.866,309.985,255,8
1778134327100727,52959484,702,42.979591,45,329.218,306.782,255,8
1778134327153178,52969446,711,43.530613,45,326.253,309.934,255,8
1778134327154222,52979435,721,44.142857,45,322.923,313.402,255,8
1778134327155180,52989398,730,44.693878,45,319.894,316.493,255,8
1778134327155180,52999387,740,45.306122,45,316.493,319.894,255,8
1778134327155180,53009345,749,45.857143,45,313.402,322.923,255,8
1778134327156782,53019329,759,46.469391,44,303.046,319.003,255,8
1778134327174192,53029288,768,47.020405,44,299.965,321.902,255,8
1778134327175196,53039277,777,47.571430,44,296.855,324.772,255,8
1778134327220711,53049239,787,48.183674,44,293.368,327.926,255,8
1778134327221748,53059220,796,48.734692,44,290.201,330.732,255,8
1778134327222639,53069177,806,49.346939,44,286.650,333.814,255,8
1778134327222639,53079159,815,49.897961,44,283.426,336.555,255,8
1778134327223632,53089115,825,50.510201,44,279.814,339.565,255,8
1778134327240239,53099103,834,51.061222,44,276.535,342.240,255,8
1778134327241238,53109058,843,51.612247,44,273.231,344.884,255,8
1778134327297482,53119046,853,52.224491,44,269.530,347.783,255,8
1778134327298988,53129004,862,52.775509,44,266.173,350.359,255,8
1778134327299990,53138990,871,53.326530,43,256.819,344.882,255,8
1778134327299990,53148947,881,53.938778,43,253.119,347.607,255,8
1778134327300989,53158926,890,54.489796,43,249.765,350.025,255,8
1778134327301993,53168878,900,55.102043,43,246.010,352.674,255,8
1778134327317004,53178856,909,55.653065,43,242.607,355.024,255,8
1778134327331541,53188819,919,56.265305,43,238.800,357.596,255,8
1778134327332539,53198802,928,56.816326,43,235.350,359.876,255,8
1778134327401775,53208750,937,57.367348,43,231.878,362.122,255,8
1778134327402781,53218738,947,57.979591,43,227.995,364.579,255,8
1778134327403783,53228701,956,58.530613,43,224.478,366.755,255,8
1778134327403783,53238684,966,59.142860,43,220.547,369.133,255,8
1778134327404798,53248644,975,59.693874,42,211.940,362.603,255,8
1778134327404798,53258617,985,60.306122,43,213.007,373.534,255,8
1778134327405698,53268579,994,60.857143,43,209.405,375.566,255,8
1778134327422168,53278561,1003,61.408161,43,205.784,377.562,255,8
1778134327422168,53288514,1013,62.020409,42,197.046,370.908,255,8
1778134327428856,53298492,1022,62.571430,42,193.470,372.786,255,8
1778134327480594,53308442,1031,63.122448,42,189.876,374.629,255,8
1778134327482107,53318427,1041,63.734695,42,185.862,376.637,255,8
1778134327482780,53328386,1050,64.285713,42,182.231,378.407,255,8
1778134327482780,53338367,1060,64.897957,42,178.177,380.333,255,8
1778134327483883,53348315,1069,65.448982,42,174.511,382.028,255,8
1778134327499720,53358298,1079,66.061226,42,170.419,383.871,255,8
1778134327499720,53368255,1088,66.612244,42,166.720,385.493,255,8
1778134327550805,53378237,1097,67.163261,42,163.005,387.078,255,8
1778134327550805,53388196,1107,67.775513,42,158.859,388.798,255,8
1778134327551821,53398181,1116,68.326530,42,155.113,390.308,255,8
1778134327551821,53408132,1126,68.938774,42,150.933,391.943,255,8
1778134327551821,53418116,1135,69.489799,42,147.157,393.376,255,8
1778134327569958,53428077,1144,70.040817,42,143.367,394.773,255,8
1778134327569958,53438058,1154,70.653061,42,139.141,396.283,255,8
1778134327613928,53448018,1163,71.204079,41,132.101,388.136,255,8
1778134327613928,53458005,1173,71.816330,41,127.946,389.525,255,8
1778134327615533,53467967,1182,72.367348,40,121.165,381.207,255,8
1778134327616566,53477952,1191,72.918365,38,111.619,363.237,255,8
1778134327633685,53487914,1201,73.530617,38,107.731,364.409,255,8
1778134327633685,53497898,1210,74.081635,37,101.479,355.812,255,8
1778134327677099,53507855,1219,74.632652,37,98.052,356.771,255,8
1778134327678690,53517838,1229,75.244904,37,94.235,357.799,255,8
1778134327678690,53527795,1238,75.795914,37,90.789,358.688,255,8
1778134327678690,53537779,1248,76.408165,37,86.951,359.638,255,8
1778134327679792,53547735,1257,76.959183,37,83.489,360.458,255,8
1778134327697065,53557723,1266,77.510201,36,77.856,351.480,255,8
1778134327697065,53567683,1276,78.122452,36,74.095,352.292,255,8
1778134327713542,53577671,1285,78.673470,36,70.704,352.989,255,8
1778134327755604,53587630,1294,79.224487,36,67.306,353.652,255,8
1778134327755604,53597613,1304,79.836731,36,63.523,354.351,255,8
1778134327755604,53607572,1313,80.387756,37,61.782,364.805,255,8
1778134327756598,53617557,1323,81.000000,36,56.316,355.568,255,8
1778134327757522,53627514,1332,81.551018,36,52.894,356.093,255,8
1778134327772868,53637502,1341,82.102043,36,49.467,356.585,255,8
1778134327820692,53647463,1351,82.714287,37,46.922,367.013,255,8
1778134327821692,53657446,1360,83.265305,37,43.391,367.447,255,8
1778134327821692,53667403,1369,83.816330,37,39.855,367.847,255,8
1778134327822691,53677387,1379,84.428566,37,35.922,368.252,255,8
1778134327822691,53687344,1388,84.979591,37,32.379,368.581,255,8
1778134327837821,53697326,1397,85.530617,37,28.833,368.875,255,8
1778134327838817,53707282,1407,86.142853,37,24.890,369.162,255,8
1778134327851123,53717268,1416,86.693878,37,21.338,369.384,255,8
1778134327894543,53727219,1425,87.244896,37,17.785,369.572,255,8
1778134327895537,53737198,1435,87.857140,38,14.209,379.734,255,8
1778134327895537,53747155,1444,88.408165,38,10.556,379.853,255,8
1778134327896543,53757140,1453,88.959183,38,6.903,379.937,255,8
1778134327896543,53767097,1463,89.571426,38,2.842,379.989,255,8
1778134327911822,53777075,1472,90.122452,38,-0.812,379.999,255,8
1778134327954897,53787032,1482,90.734688,38,-4.873,379.969,255,8
1778134327954897,53797014,1491,91.285713,39,-8.751,389.902,255,8
1778134327956398,53806969,1500,91.836731,41,-13.141,409.789,255,8
1778134327956398,53816950,1510,92.448975,41,-17.519,409.626,255,8
1778134327957380,53826917,1519,93.000000,41,-21.458,409.438,255,8
1778134327973072,53836903,1528,93.551018,41,-25.394,409.213,255,8
1778134327975279,53846866,1538,94.163261,41,-29.765,408.918,255,8
1778134327992069,53856850,1547,94.714279,41,-33.697,408.613,255,8
1778134328037412,53866815,1556,95.265305,41,-37.625,408.270,255,8
1778134328037412,53876800,1566,95.877548,41,-41.985,407.845,255,8
1778134328038524,53886758,1575,96.428566,41,-45.905,407.422,255,8
1778134328038524,53896746,1584,96.979591,41,-49.821,406.962,255,8
1778134328039513,53906704,1593,97.530609,41,-53.733,406.464,255,8
1778134328056351,53916689,1603,98.142853,41,-58.073,405.866,255,8
1778134328057349,53926652,1612,98.693878,41,-61.974,405.289,255,8
1778134328100846,53936634,1621,99.244896,41,-65.868,404.674,255,8
1778134328101827,53946588,1631,99.857140,42,-71.901,413.800,255,8
1778134328101827,53956569,1640,100.408165,42,-75.877,413.089,255,8
1778134328102867,53966529,1649,100.959183,42,-79.846,412.340,255,8
1778134328104302,53976516,1659,101.571426,41,-82.242,401.667,255,8
1778134328121331,53986468,1668,102.122444,42,-88.201,410.634,255,8
1778134328127821,53996457,1677,102.673470,42,-92.146,409.767,255,8
1778134328191955,54006420,1687,103.285713,42,-96.519,408.759,255,8
1778134328192955,54016396,1696,103.836731,42,-100.446,407.812,255,8
1778134328193967,54026365,1705,104.387756,42,-104.363,406.827,255,8
1778134328193967,54036342,1715,105.000000,42,-108.704,405.689,255,8
1778134328194956,54046308,1724,105.551018,42,-112.600,404.625,255,8
1778134328194956,54056289,1733,106.102043,42,-116.487,403.523,255,8
1778134328195951,54066256,1743,106.714279,42,-120.792,402.255,255,8
1778134328211437,54076240,1752,107.265305,42,-124.655,401.075,255,8
1778134328212462,54086200,1761,107.816330,42,-128.506,399.858,255,8
1778134328264740,54096181,1770,108.367348,42,-132.345,398.603,255,8
1778134328264740,54106145,1780,108.979591,42,-136.597,397.166,255,8
1778134328265742,54116125,1789,109.530609,42,-140.410,395.834,255,8
1778134328265742,54126079,1798,110.081635,42,-144.211,394.466,255,8
1778134328266750,54136059,1808,110.693878,42,-148.417,392.902,255,8
1778134328283544,54146012,1817,111.244896,43,-155.813,400.777,255,8
1778134328283544,54155992,1826,111.795921,43,-159.660,399.260,255,8
1778134328328656,54165951,1835,112.346939,43,-163.492,397.706,255,8
1778134328329690,54175935,1845,112.959183,43,-167.732,395.937,255,8
1778134328329690,54185899,1854,113.510208,43,-171.532,394.305,255,8
1778134328330687,54195884,1863,114.061226,43,-175.316,392.637,255,8
1778134328331683,54205836,1873,114.673470,43,-179.502,390.742,255,8
1778134328347752,54215818,1882,115.224495,43,-183.251,388.997,255,8
1778134328366522,54225780,1891,115.775513,43,-186.984,387.217,255,8
1778134328367618,54235764,1900,116.326538,43,-190.699,385.401,255,8
1778134328409690,54245720,1910,116.938774,43,-194.806,383.341,255,8
1778134328410700,54255701,1919,117.489799,43,-198.484,381.450,255,8
1778134328410700,54265658,1928,118.040825,43,-202.143,379.524,255,8
1778134328411720,54275642,1937,118.591835,43,-205.784,377.562,255,8
1778134328412341,54285600,1947,119.204086,44,-214.686,384.070,255,8
1778134328428928,54295586,1956,119.755104,44,-218.369,381.988,255,8
1778134328431017,54305541,1965,120.306122,44,-222.033,379.870,255,8
1778134328472597,54315521,1975,120.918373,44,-226.079,377.476,255,8
1778134328473595,54325480,1984,121.469391,44,-229.699,375.284,255,8
1778134328473595,54335464,1993,122.020401,44,-233.297,373.058,255,8
1778134328474605,54345414,2003,122.632660,44,-237.270,370.544,255,8
1778134328489997,54355405,2012,123.183678,44,-240.823,368.245,255,8
1778134328490596,54365359,2021,123.734688,44,-244.353,365.912,255,8
1778134328508455,54375347,2030,124.285713,45,-253.494,371.807,255,8
1778134328510570,54385306,2040,124.897964,45,-257.453,369.077,255,8
1778134328555498,54395294,2049,125.448975,45,-260.990,366.585,255,8
1778134328555498,54405265,2058,126.000000,45,-264.503,364.058,255,8
1778134328556476,54415254,2067,126.551018,45,-267.992,361.497,255,8
1778134328557493,54425221,2077,127.163261,45,-271.840,358.613,255,8
1778134328575136,54435211,2086,127.714287,46,-281.393,363.893,255,8
1778134328575136,54445178,2095,128.265305,46,-284.880,361.170,255,8
1778134328618095,54455170,2104,128.816330,46,-288.340,358.413,255,8
1778134328618095,54465135,2114,129.428574,46,-292.153,355.312,255,8
1778134328619105,54475126,2123,129.979584,46,-295.557,352.486,255,8
1778134328620124,54485088,2132,130.530609,46,-298.933,349.627,255,8
1778134328620124,54495072,2141,131.081635,47,-308.853,354.274,255,8
1778134328637200,54505036,2151,131.693878,47,-312.621,350.953,255,8
1778134328687551,54515020,2160,132.244904,47,-315.981,347.931,255,8
1778134328687551,54524984,2169,132.795929,47,-319.313,344.876,255,8
1778134328688582,54534963,2178,133.346939,47,-322.615,341.789,255,8
1778134328689572,54544928,2187,133.897949,47,-325.887,338.671,255,8
1778134328689572,54554906,2197,134.510208,48,-336.497,342.300,255,8
1778134328690540,54564866,2206,135.061234,48,-339.774,339.048,255,8
1778134328742375,54574845,2215,135.612244,48,-343.019,335.765,255,8
1778134328743391,54584802,2224,136.163269,48,-346.232,332.451,255,8
1778134328744377,54594783,2233,136.714279,48,-349.413,329.106,255,8
1778134328744377,54604746,2243,137.326523,48,-352.910,325.353,255,8
1778134328745391,54614727,2252,137.877548,48,-356.022,321.944,255,8
1778134328762295,54624689,2261,138.428574,48,-359.102,318.506,255,8
1778134328762295,54634667,2271,139.040817,48,-362.485,314.650,255,8
1778134328770351,54644628,2280,139.591827,49,-373.108,317.632,255,8
1778134328782865,54654617,2289,140.142853,49,-376.146,314.029,255,8
1778134328829677,54664575,2298,140.693878,49,-379.149,310.397,255,8
1778134328830673,54674555,2307,141.244904,49,-382.116,306.736,255,8
1778134328830673,54684515,2316,141.795929,49,-385.048,303.047,255,8
1778134328831676,54694498,2326,142.408157,49,-388.264,298.916,255,8
1778134328831676,54704455,2335,142.959183,50,-399.103,301.192,255,8
1778134328846677,54714438,2344,143.510208,51,-410.021,303.287,255,8
1778134328847676,54724398,2353,144.061218,52,-421.015,305.199,255,8
1778134328890758,54734374,2362,144.612244,55,-448.388,318.509,255,8
1778134328891862,54744335,2371,145.163269,59,-484.262,337.032,255,8
1778134328892860,54754316,2381,145.775513,60,-496.104,337.462,255,8
1778134328892860,54764277,2390,146.326523,61,-507.649,338.220,255,8
1778134328909165,54774264,2399,146.877548,62,-519.253,338.787,255,8
1778134328909165,54784216,2408,147.428574,64,-539.341,344.544,255,8
1778134328922983,54794202,2417,147.979599,64,-542.630,339.342,255,8
1778134328927590,54804159,2426,148.530609,63,-537.339,328.887,255,8
1778134328989790,54814136,2436,149.142853,61,-523.654,312.869,255,8
1778134328990771,54824088,2445,149.693878,60,-518.005,302.772,255,8
1778134328991375,54834067,2454,150.244888,60,-520.893,297.776,255,8
1778134328991375,54844015,2463,150.795914,62,-541.190,302.512,255,8
1778134328992450,54854007,2472,151.346939,64,-561.625,306.883,255,8
1778134328992450,54863961,2481,151.897964,65,-573.372,306.178,255,8
1778134329008218,54873945,2490,152.448975,64,-567.424,296.025,255,8
1778134329009191,54883889,2499,153.000000,64,-570.244,290.554,255,8
1778134329017475,54893879,2509,153.612244,64,-573.316,284.444,255,8
1778134329066027,54903839,2518,154.163269,65,-585.026,283.275,255,8
1778134329066027,54913822,2527,154.714294,65,-587.723,277.636,255,8
1778134329067028,54923778,2536,155.265305,65,-590.366,271.971,255,8
1778134329067028,54933762,2545,155.816330,65,-592.954,266.281,255,8
1778134329068026,54943722,2554,156.367340,66,-604.649,264.575,255,8
1778134329084663,54953704,2563,156.918365,65,-597.966,254.827,255,8
1778134329085580,54963658,2572,157.469391,66,-609.625,252.897,255,8
1778134329131240,54973645,2581,158.020416,67,-621.303,250.765,255,8
1778134329132352,54983599,2590,158.571426,67,-623.685,244.779,255,8
1778134329133339,54993579,2599,159.122452,67,-626.011,238.769,255,8
1778134329133339,55003534,2608,159.673462,66,-618.901,229.264,255,8
1778134329134862,55013514,2617,160.224487,66,-621.077,223.302,255,8
1778134329151906,55023465,2626,160.775513,66,-623.196,217.318,255,8
1778134329158452,55033447,2635,161.326538,65,-615.783,208.113,255,8
1778134329208183,55043401,2644,161.877548,64,-608.252,199.071,255,8
1778134329209224,55053383,2653,162.428574,62,-591.072,187.175,255,8
1778134329209224,55063336,2662,162.979599,61,-583.282,178.554,255,8
1778134329210140,55073308,2671,163.530609,60,-575.383,170.102,255,8
1778134329210140,55083264,2680,164.081635,61,-586.609,167.303,255,8
1778134329263404,55093240,2689,164.632645,61,-588.190,161.654,255,8
1778134329263982,55103188,2698,165.183670,61,-589.718,155.990,255,8
1778134329265006,55113175,2707,165.734695,61,-591.191,150.311,255,8
1778134329265986,55123123,2716,166.285721,62,-602.324,146.990,255,8
1778134329265986,55133101,2725,166.836731,62,-603.710,141.191,255,8
1778134329266983,55143052,2734,167.387756,62,-605.039,135.378,255,8
1778134329284555,55153030,2743,167.938766,61,-596.534,127.464,255,8
1778134329285548,55162984,2752,168.489792,60,-587.934,119.726,255,8
1778134329292557,55172967,2761,169.040817,57,-559.605,108.362,255,8
1778134329305114,55182918,2770,169.591843,63,-619.634,113.815,255,8
1778134329350440,55192903,2779,170.142853,65,-640.404,111.275,255,8
1778134329350440,55202857,2788,170.693878,72,-710.524,116.431,255,8
1778134329351436,55212846,2796,171.183670,85,-839.957,130.277,255,8
1778134329351436,55222805,2805,171.734695,88,-870.859,126.506,255,8
1778134329352438,55232780,2814,172.285706,88,-872.036,118.125,255,8
1778134329368010,55242738,2823,172.836731,93,-922.741,115.968,255,8
1778134329421303,55252704,2831,173.326538,134,-1330.921,155.722,255,8
1778134329421303,55262657,2840,173.877548,177,-1759.904,188.777,255,8
1778134329422302,55272632,2849,174.428574,173,-1721.827,167.960,255,8
1778134329422302,55282579,2857,174.918365,158,-1573.790,139.949,255,8
1778134329423302,55292556,2866,175.469391,135,-1345.782,106.639,255,8
1778134329423302,55302509,2875,176.020401,112,-1117.299,77.729,255,8
1778134329440394,55312514,2883,176.510193,97,-968.201,59.045,255,8
1778134329441399,55322470,2892,177.061218,90,-898.816,46.142,255,8
1778134329500721,55332445,2901,177.612244,86,-859.253,35.829,255,8
1778134329501723,55342406,2910,178.163269,85,-849.563,27.244,255,8
1778134329501723,55352387,2918,178.653061,87,-869.760,20.451,255,8
1778134329502722,55362341,2927,179.204086,90,-899.913,12.502,255,8
1778134329502722,55372315,2936,179.755096,94,-939.991,4.018,255,8
1778134329503721,55382248,2945,180.306122,100,-999.986,-5.343,255,8
1778134329527191,55392225,2953,180.795914,107,-1069.897,-14.863,255,8
1778134329528184,55402179,2962,181.346939,116,-1159.679,-27.267,255,8
1778134329587576,55412168,2971,181.897949,127,-1269.303,-42.062,255,8
1778134329588540,55422127,2979,182.387741,141,-1408.776,-58.743,255,8
1778134329589525,55432113,2988,182.938782,152,-1518.001,-77.929,255,8
1778134329589525,55442073,2997,183.489792,166,-1656.922,-101.045,255,8
1778134329590525,55452052,3005,183.979584,179,-1785.684,-124.228,255,8
1778134329590525,55462013,3014,184.530609,188,-1874.126,-148.504,255,8
1778134329590525,55471999,3023,185.081635,188,-1872.611,-166.521,255,8
1778134329606523,55481955,3031,185.571426,174,-1731.780,-168.931,255,8
1778134329620520,55491941,3040,186.122452,166,-1650.532,-177.045,255,8
1778134329620520,55501899,3049,186.673462,167,-1658.685,-194.072,255,8
1778134329679945,55511883,3057,187.163254,164,-1627.200,-204.503,255,8
1778134329680945,55521832,3066,187.714294,136,-1347.692,-182.557,255,8
1778134329681879,55531834,3075,188.265305,97,-959.925,-139.444,255,8
1778134329681879,55541787,3083,188.755096,85,-840.096,-129.380,255,8
1778134329682868,55551774,3092,189.306122,81,-799.339,-130.985,255,8
1778134329682868,55561726,3101,189.857147,75,-738.928,-128.394,255,8
1778134329698957,55571710,3109,190.346939,76,-747.641,-136.502,255,8
1778134329700031,55581670,3118,190.897964,95,-932.867,-179.608,255,8
1778134329713354,55591653,3127,191.448975,95,-931.097,-188.570,255,8
1778134329718859,55601603,3136,192.000015,91,-890.114,-189.200,255,8
1778134329770158,55611591,3144,192.489807,95,-927.518,-205.453,255,8
1778134329770158,55621527,3153,193.040817,156,-1519.767,-352.006,255,8
1778134329771184,55631506,3162,193.591843,174,-1691.270,-408.906,255,8
1778134329772184,55641464,3171,194.142853,177,-1716.350,-432.482,255,8
1778134329772184,55651445,3179,194.632645,179,-1731.942,-452.191,255,8
1778134329786395,55661400,3188,195.183670,179,-1727.513,-468.826,255,8
1778134329788940,55671380,3197,195.734695,175,-1684.423,-474.571,255,8
1778134329834032,55681335,3205,196.224487,164,-1574.686,-458.218,255,8
1778134329834032,55691311,3214,196.775497,162,-1551.058,-467.568,255,8
1778134329835045,55701263,3223,197.326538,161,-1536.943,-479.485,255,8
1778134329835045,55711249,3231,197.816330,128,-1218.614,-391.637,255,8
1778134329850883,55721205,3240,198.367340,107,-1015.490,-337.166,255,8
1778134329852894,55731207,3249,198.918365,94,-889.223,-304.767,255,8
1778134329857898,55741164,3257,199.408157,87,-820.563,-289.097,255,8
1778134329924331,55751144,3266,199.959183,86,-808.345,-293.562,255,8
1778134329925269,55761100,3275,200.510208,85,-796.118,-297.818,255,8
1778134329925269,55771080,3283,201.000000,85,-793.543,-304.613,255,8
1778134329926257,55781041,3292,201.551010,85,-790.577,-312.230,255,8
1778134329926257,55791021,3301,202.102051,85,-787.538,-319.819,255,8
1778134329927260,55800980,3309,202.591843,85,-784.775,-326.539,255,8
1778134329927260,55810957,3318,203.142853,85,-781.599,-334.071,255,8
1778134329941612,55820914,3327,203.693878,87,-796.664,-349.609,255,8
1778134329947361,55830896,3335,204.183670,89,-811.891,-364.600,255,8
1778134329960060,55840851,3344,204.734680,91,-826.512,-380.759,255,8
1778134330007147,55850824,3353,205.285721,94,-849.938,-401.505,255,8
1778134330007757,55860778,3361,205.775513,97,-873.490,-421.801,255,8
1778134330008525,55870765,3370,206.326523,97,-869.393,-430.182,255,8
1778134330008525,55880718,3379,206.877563,97,-865.215,-438.523,255,8
1778134330008525,55890702,3387,207.367355,97,-861.435,-445.903,255,8
1778134330062203,55900658,3396,207.918365,96,-848.271,-449.485,255,8
1778134330063213,55910639,3405,208.469391,95,-835.118,-452.855,255,8
1778134330064215,55920595,3414,209.020401,93,-813.236,-451.163,255,8
1778134330064215,55930565,3423,209.571411,93,-808.859,-458.962,255,8
1778134330064215,55940528,3431,210.061234,93,-804.906,-465.860,255,8
1778134330066255,55950502,3440,210.612244,93,-800.389,-473.580,255,8
1778134330081549,55960460,3449,211.163254,93,-795.798,-481.255,255,8
1778134330088352,55970446,3458,211.714294,93,-791.132,-488.886,255,8
1778134330100721,55980403,3467,212.265305,93,-786.394,-496.472,255,8
1778134330145971,55990383,3475,212.755096,94,-790.531,-508.586,255,8
1778134330147102,56000335,3484,213.306122,95,-793.961,-521.657,255,8
1778134330147102,56010321,3493,213.857132,96,-797.212,-534.839,255,8
1778134330147102,56020272,3502,214.408173,96,-792.032,-542.481,255,8
1778134330148069,56030253,3511,214.959183,97,-794.974,-555.803,255,8
1778134330204378,56040185,3519,215.448975,100,-814.632,-579.978,255,8
1778134330205369,56050168,3528,216.000015,105,-849.468,-617.175,255,8
1778134330205369,56060126,3537,216.551025,109,-875.626,-649.137,255,8
1778134330206354,56070112,3546,217.102036,111,-885.294,-669.592,255,8
1778134330206354,56080072,3555,217.653061,112,-886.731,-684.184,255,8
1778134330207335,56090058,3563,218.142853,113,-888.715,-697.915,255,8
1778134330222311,56100019,3572,218.693863,113,-881.962,-706.430,255,8
1778134330228937,56110001,3581,219.244904,112,-867.383,-708.553,255,8
1778134330240221,56119953,3590,219.795914,112,-860.529,-716.861,255,8
1778134330283499,56129939,3599,220.346954,112,-853.595,-725.104,255,8
1778134330284625,56139895,3607,220.836746,113,-854.931,-738.914,255,8
1778134330285603,56149875,3616,221.387756,113,-847.785,-747.101,255,8
1778134330285603,56159832,3625,221.938782,112,-833.122,-748.537,255,8
1778134330286599,56169814,3634,222.489792,112,-825.885,-756.514,255,8
1778134330302099,56179771,3643,223.040802,111,-811.263,-757.596,255,8
1778134330303217,56189759,3652,223.591843,110,-796.697,-758.468,255,8
1778134330347120,56199716,3660,224.081635,109,-783.001,-758.294,255,8
1778134330348110,56209703,3669,224.632645,109,-775.672,-765.789,255,8
1778134330349136,56219659,3678,225.183685,109,-768.271,-773.213,255,8
1778134330349136,56229642,3687,225.734695,109,-760.800,-780.566,255,8
1778134330365186,56239598,3695,226.224487,109,-754.100,-787.041,255,8
1778134330365186,56249582,3704,226.775513,109,-746.496,-794.257,255,8
1778134330372905,56259540,3713,227.326523,109,-738.823,-801.399,255,8
1778134330422954,56269527,3722,227.877563,110,-737.789,-815.885,255,8
1778134330423603,56279484,3731,228.428574,110,-729.909,-822.942,255,8
1778134330423603,56289468,3739,228.918365,111,-729.418,-836.689,255,8
1778134330423603,56299418,3748,229.469391,111,-721.338,-843.665,255,8
1778134330423603,56309402,3757,230.020416,111,-713.191,-850.564,255,8
1778134330440707,56319356,3766,230.571426,112,-711.330,-865.107,255,8
1778134330442718,56329336,3774,231.061234,114,-716.478,-886.713,255,8
1778134330485822,56339294,3783,231.612244,117,-726.547,-917.077,255,8
1778134330486896,56349276,3792,232.163254,117,-717.694,-924.021,255,8
1778134330486896,56359237,3800,232.653076,116,-703.702,-922.173,255,8
1778134330486896,56369216,3809,233.204086,115,-688.811,-920.890,255,8
1778134330502957,56379175,3818,233.755096,115,-679.924,-927.472,255,8
1778134330503955,56389153,3827,234.306122,114,-665.138,-925.846,255,8
1778134330511628,56399109,3835,234.795914,114,-657.199,-931.498,255,8
1778134330522608,56409091,3844,235.346939,114,-648.211,-937.776,255,8
1778134330566147,56419050,3853,235.897964,114,-639.162,-943.966,255,8
1778134330566147,56429036,3862,236.448975,114,-630.055,-950.069,255,8
1778134330567139,56438988,3870,236.938766,114,-621.910,-955.420,255,8
1778134330567139,56448970,3879,237.489807,115,-618.067,-969.790,255,8
1778134330583976,56458924,3888,238.040817,117,-619.299,-992.658,255,8
1778134330583976,56468908,3896,238.530609,116,-605.570,-989.386,255,8
1778134330626615,56478860,3905,239.081635,117,-601.165,-1003.743,255,8
1778134330627615,56488854,3914,239.632645,119,-601.595,-1026.734,255,8
1778134330628630,56498799,3922,240.122452,119,-592.796,-1031.840,255,8
1778134330629259,56508787,3931,240.673477,118,-577.948,-1028.774,255,8
1778134330631261,56518740,3939,241.163269,116,-559.486,-1016.157,255,8
1778134330646736,56528725,3948,241.714279,112,-530.733,-986.267,255,8
1778134330662698,56538681,3956,242.204071,108,-503.630,-955.383,255,8
1778134330663686,56548663,3965,242.755112,104,-476.106,-924.620,255,8
1778134330725695,56558615,3973,243.244904,101,-454.680,-901.868,255,8
1778134330726694,56568600,3982,243.795914,99,-437.154,-888.255,255,8
1778134330727697,56578579,3991,244.346939,98,-424.262,-883.403,255,8
1778134330728706,56588561,3999,244.836731,96,-408.191,-868.896,255,8
1778134330728706,56598517,4007,245.326538,94,-392.399,-854.180,255,8
1778134330728706,56608500,4016,245.877548,93,-380.080,-848.787,255,8
1778134330729695,56618458,4024,246.367355,86,-344.749,-787.876,255,8
1778134330746400,56628448,4033,246.918365,66,-258.748,-607.165,255,8
1778134330751928,56638399,4042,247.469376,58,-222.243,-535.731,255,8
1778134330802301,56648388,4050,247.959198,55,-206.397,-509.804,255,8
1778134330802631,56658344,4059,248.510208,53,-194.158,-493.156,255,8
1778134330803263,56668322,4068,249.061218,53,-189.406,-495.000,255,8
1778134330803263,56678274,4076,249.551010,53,-185.168,-496.601,255,8
1778134330803263,56688261,4085,250.102051,53,-180.383,-498.359,255,8
1778134330819714,56698220,4094,250.653061,53,-175.582,-500.071,255,8
1778134330820701,56708203,4102,251.142853,53,-171.301,-501.554,255,8
1778134330865169,56718163,4111,251.693878,52,-163.329,-493.684,255,8
1778134330865169,56728144,4120,252.244888,53,-161.623,-504.755,255,8
1778134330866273,56738100,4129,252.795929,52,-153.803,-496.734,255,8
1778134330867293,56748088,4137,253.285721,52,-149.552,-498.030,255,8
1778134330868263,56758043,4146,253.836731,52,-144.755,-499.446,255,8
1778134330882563,56768029,4155,254.387756,52,-139.945,-500.815,255,8
1778134330889260,56777984,4163,254.877548,52,-135.659,-501.993,255,8
1778134330939605,56787970,4172,255.428574,52,-130.825,-503.274,255,8
1778134330940684,56797930,4181,255.979599,52,-125.979,-504.509,255,8
1778134330941706,56807915,4189,256.469391,52,-121.662,-505.567,255,8
1778134330941706,56817871,4198,257.020416,52,-116.794,-506.714,255,8
1778134330942690,56827849,4207,257.571442,52,-111.915,-507.814,255,8
1778134330957399,56837810,4216,258.122437,52,-107.027,-508.867,255,8
1778134330958013,56847789,4224,258.612244,52,-102.673,-509.763,255,8
1778134330999066,56857746,4233,259.163269,52,-97.766,-510.727,255,8
1778134331000699,56867727,4242,259.714294,52,-92.850,-511.643,255,8
1778134331000699,56877682,4250,260.204071,52,-88.473,-512.418,255,8
1778134331000699,56887662,4259,260.755127,52,-83.540,-513.246,255,8
1778134331016497,56897613,4268,261.306122,51,-77.089,-504.140,255,8
1778134331017488,56907597,4276,261.795929,51,-72.777,-504.781,255,8
1778134331029463,56917548,4285,262.346924,51,-67.919,-505.457,255,8
1778134331080733,56927524,4294,262.897949,51,-63.055,-506.087,255,8
1778134331081835,56937482,4302,263.387756,51,-58.726,-506.608,255,8
1778134331081835,56947462,4311,263.938751,51,-53.852,-507.149,255,8
1778134331082835,56957413,4320,264.489807,51,-48.972,-507.643,255,8
1778134331083438,56967392,4328,264.979584,51,-44.630,-508.043,255,8
1778134331099881,56977349,4337,265.530609,51,-39.743,-508.449,255,8
1778134331101477,56987332,4346,266.081635,51,-34.851,-508.808,255,8
1778134331147334,56997288,4354,266.571442,51,-30.500,-509.087,255,8
1778134331147334,57007272,4363,267.122437,51,-25.603,-509.357,255,8
1778134331148343,57017235,4371,267.612244,51,-21.248,-509.557,255,8
1778134331148343,57027215,4380,268.163269,51,-16.346,-509.738,255,8
1778134331148343,57037171,4389,268.714264,51,-11.444,-509.872,255,8
1778134331166243,57047161,4397,269.204102,51,-7.084,-509.951,255,8
1778134331167323,57057116,4406,269.755096,51,-2.180,-509.995,255,8
1778134331216610,57067100,4415,270.306122,51,2.725,-509.993,255,8
1778134331217507,57077056,4423,270.795898,51,7.084,-509.951,255,8
1778134331217507,57087038,4432,271.346954,51,11.988,-509.859,255,8
1778134331218510,57096997,4441,271.897949,51,16.891,-509.720,255,8
1778134331218510,57106978,4449,272.387756,51,21.248,-509.557,255,8
1778134331269959,57116935,4458,272.938782,51,26.147,-509.329,255,8
1778134331269959,57126917,4466,273.428558,51,30.500,-509.087,255,8
1778134331270961,57136877,4475,273.979584,51,35.395,-508.770,255,8
1778134331270961,57146868,4484,274.530609,51,40.286,-508.406,255,8
1778134331271970,57156828,4492,275.020416,51,44.630,-508.043,255,8
1778134331287549,57166809,4501,275.571411,51,49.514,-507.591,255,8
1778134331288555,57176766,4509,276.061249,51,53.852,-507.149,255,8
1778134331303012,57186752,4518,276.612244,51,58.726,-506.608,255,8
1778134331304011,57196713,4527,277.163269,51,63.596,-506.019,255,8
1778134331360153,57206695,4535,277.653076,51,67.919,-505.457,255,8
1778134331360153,57216654,4544,278.204071,51,72.777,-504.781,255,8
1778134331361144,57226630,4553,278.755096,51,77.628,-504.057,255,8
1778134331362142,57236586,4561,279.244873,51,81.934,-503.375,255,8
1778134331363142,57246567,4570,279.795929,51,86.771,-502.564,255,8
1778134331364156,57256527,4578,280.285706,51,91.064,-501.804,255,8
1778134331378702,57266509,4587,280.836731,51,95.886,-500.905,255,8
1778134331426270,57276470,4595,281.326538,52,102.128,-509.872,255,8
1778134331426782,57286450,4604,281.877563,52,107.027,-508.867,255,8
1778134331427320,57296412,4613,282.428558,52,111.915,-507.814,255,8
1778134331428336,57306394,4621,282.918365,52,116.253,-506.839,255,8
1778134331428336,57316346,4630,283.469391,52,121.121,-505.697,255,8
1778134331445500,57326474,4639,284.020386,51,123.556,-494.807,255,8
1778134331446489,57336291,4647,284.510223,50,125.276,-484.051,255,8
1778134331512730,57346273,4655,285.000000,52,134.586,-502.281,255,8
1778134331512730,57356234,4664,285.551025,54,144.772,-520.232,255,8
1778134331513749,57366220,4672,286.040802,53,146.451,-509.365,255,8
1778134331514737,57376183,4681,286.591858,53,151.343,-507.932,255,8
1778134331514737,57386170,4690,287.142853,53,156.220,-506.454,255,8
1778134331515736,57396131,4698,287.632660,53,160.544,-505.100,255,8
1778134331515736,57406114,4707,288.183685,53,165.394,-503.532,255,8
1778134331530651,57416070,4715,288.673462,53,169.692,-502.100,255,8
1778134331532680,57426051,4724,289.224487,53,174.513,-500.445,255,8
1778134331590624,57436008,4732,289.714294,53,178.785,-498.935,255,8
1778134331591137,57445990,4741,290.265320,53,183.575,-497.192,255,8
1778134331591137,57455937,4749,290.755096,54,191.362,-504.956,255,8
1778134331592141,57465916,4758,291.306122,54,196.209,-503.092,255,8
1778134331593138,57475873,4767,291.857147,54,201.039,-501.182,255,8
1778134331593138,57485848,4775,292.346954,49,186.305,-453.200,255,8
1778134331608199,57495805,4783,292.836731,42,163.005,-387.078,255,8
1778134331654868,57505785,4792,293.387756,46,182.598,-422.206,255,8
1778134331655861,57515744,4801,293.938782,47,190.707,-429.570,255,8
1778134331655861,57525720,4809,294.428558,43,177.830,-391.505,255,8
1778134331656862,57535677,4818,294.979584,40,168.918,-362.583,255,8
1778134331656862,57545656,4827,295.530609,44,189.637,-397.036,255,8
1778134331672425,57555614,4835,296.020416,50,219.346,-449.319,255,8
1778134331673424,57565596,4844,296.571411,51,228.130,-456.133,255,8
1778134331683219,57575552,4852,297.061218,52,236.570,-463.071,255,8
1778134331732807,57585529,4861,297.612244,48,222.473,-425.330,255,8
1778134331733384,57595492,4869,298.102051,47,221.390,-414.592,255,8
1778134331734466,57605462,4878,298.653046,48,230.162,-421.219,255,8
1778134331735483,57615424,4887,299.204071,50,243.961,-436.444,255,8
1778134331736477,57625405,4895,299.693878,54,267.498,-469.090,255,8
1778134331751465,57635365,4904,300.244904,54,271.996,-466.495,255,8
1778134331751465,57645351,4913,300.795929,54,276.470,-463.858,255,8
1778134331795948,57655311,4921,301.285706,55,285.618,-470.024,255,8
1778134331796866,57665294,4930,301.836731,55,290.125,-467.255,255,8
1778134331797867,57675252,4938,302.326538,56,299.457,-473.208,255,8
1778134331797867,57685234,4947,302.877563,56,303.994,-470.306,255,8
1778134331800462,57695192,4955,303.367340,56,308.003,-467.690,255,8
1778134331815366,57705168,4964,303.918365,57,318.066,-473.005,255,8
1778134331860515,57715131,4973,304.469391,57,322.601,-469.924,255,8
1778134331861606,57725117,4981,304.959167,57,326.606,-467.150,255,8
1778134331862510,57735073,4990,305.510193,57,331.083,-463.987,255,8
1778134331863509,57745056,4999,306.061218,57,335.530,-460.781,255,8
1778134331863509,57755009,5007,306.551025,58,345.412,-465.930,255,8
1778134331879213,57765006,5016,307.102020,58,349.877,-462.586,255,8
1778134331880220,57774964,5024,307.591858,58,353.819,-459.578,255,8
1778134331932763,57784950,5033,308.142853,58,358.222,-456.155,255,8
1778134331933758,57794914,5041,308.632660,58,362.108,-453.076,255,8
1778134331934758,57804909,5050,309.183685,58,366.449,-449.572,255,8
1778134331934758,57814868,5058,309.673462,58,370.279,-446.423,255,8
1778134331934758,57824860,5067,310.224487,57,368.097,-435.206,255,8
1778134331949322,57834820,5075,310.714294,57,371.804,-432.044,255,8
1778134331949322,57844810,5084,311.265320,57,375.942,-428.448,255,8
1778134331993464,57854772,5092,311.755096,58,386.250,-432.679,255,8
1778134331994467,57864756,5101,312.306122,58,390.393,-428.944,255,8
1778134331994467,57874712,5109,312.795898,59,400.839,-432.929,255,8
1778134331995981,57884705,5118,313.346954,59,404.985,-429.054,255,8
1778134332012217,57894667,5126,313.836731,59,408.637,-425.577,255,8
1778134332012217,57904654,5135,314.387756,60,419.706,-428.773,255,8
1778134332017908,57914620,5143,314.877533,61,430.412,-432.256,255,8
1778134332030306,57924608,5152,315.428589,61,434.550,-428.097,255,8
1778134332074009,57934568,5160,315.918365,61,438.193,-424.366,255,8
1778134332074882,57944562,5169,316.469391,61,442.254,-420.133,255,8
1778134332074882,57954520,5177,316.959198,61,445.829,-416.337,255,8
1778134332075870,57964502,5186,317.510193,60,442.439,-405.275,255,8
1778134332077870,57974461,5194,318.000000,60,445.887,-401.478,255,8
1778134332094895,57984449,5203,318.551025,60,449.727,-397.172,255,8
1778134332137686,57994408,5211,319.040833,60,453.106,-393.313,255,8
1778134332137686,58004393,5220,319.591827,60,456.868,-388.937,255,8
1778134332139294,58014350,5228,320.081635,60,460.176,-385.017,255,8
1778134332140418,58024341,5237,320.632660,59,456.126,-374.231,255,8
1778134332140418,58034296,5245,321.122467,59,459.309,-370.318,255,8
1778134332158681,58044282,5254,321.673462,59,462.849,-365.884,255,8
1778134332159684,58054242,5262,322.163269,58,458.062,-355.780,255,8
1778134332212873,58064227,5271,322.714294,58,461.462,-351.358,255,8
1778134332212873,58074191,5279,323.204071,58,464.449,-347.401,255,8
1778134332214336,58084174,5288,323.755096,58,467.768,-342.918,255,8
1778134332215252,58094129,5296,324.244873,58,470.683,-338.907,255,8
1778134332215252,58104119,5305,324.795929,58,473.920,-334.364,255,8
1778134332216254,58114076,5313,325.285706,57,468.541,-324.606,255,8
1778134332231299,58124064,5322,325.836731,57,471.641,-320.085,255,8
1778134332290147,58134029,5330,326.326538,57,474.360,-316.042,255,8
1778134332290147,58144010,5339,326.877563,57,477.378,-311.465,255,8
1778134332291760,58153971,5347,327.367340,57,480.023,-307.373,255,8
1778134332291760,58163959,5356,327.918365,56,474.484,-297.431,255,8
1778134332292856,58173918,5364,328.408173,56,477.009,-293.364,255,8
1778134332292856,58183902,5373,328.959167,56,479.808,-288.763,255,8
1778134332308000,58193863,5381,329.448975,56,482.259,-284.651,255,8
1778134332308000,58203850,5389,329.938782,56,484.675,-280.518,255,8
1778134332351104,58213808,5398,330.489807,56,487.350,-275.844,255,8
1778134332352098,58223796,5406,330.979584,55,480.946,-266.817,255,8
1778134332353104,58233757,5415,331.530609,55,483.490,-262.179,255,8
1778134332353712,58243745,5423,332.020416,55,485.713,-258.036,255,8
1778134332354793,58253700,5432,332.571442,55,488.172,-253.353,255,8
1778134332370158,58263684,5440,333.061218,55,490.320,-249.171,255,8
1778134332414830,58273649,5449,333.612244,55,492.694,-244.444,255,8
1778134332415972,58283629,5457,334.102051,55,494.765,-240.223,255,8
1778134332416941,58293598,5466,334.653046,54,488.015,-231.173,255,8
1778134332416941,58303588,5474,335.142853,54,489.974,-226.993,255,8
1778134332417967,58313548,5483,335.693878,54,492.134,-222.270,255,8
1778134332434423,58323530,5491,336.183685,54,494.016,-218.055,255,8
1778134332434423,58333489,5500,336.734680,54,496.090,-213.294,255,8
1778134332452499,58343476,5508,337.224487,53,488.675,-205.174,255,8
1778134332454487,58353434,5517,337.775513,51,472.112,-192.901,255,8
1778134332500214,58363419,5525,338.265320,51,473.743,-188.858,255,8
1778134332500618,58373377,5533,338.755096,50,466.020,-181.178,255,8
1778134332501249,58383364,5542,339.306122,50,467.741,-176.687,255,8
1778134332501249,58393329,5551,339.857147,50,469.418,-172.181,255,8
1778134332503205,58403316,5559,340.346954,50,470.873,-168.162,255,8
1778134332519330,58413283,5568,340.897949,51,481.918,-166.898,255,8
1778134332563417,58423266,5576,341.387756,50,473.850,-159.581,255,8
1778134332564406,58433234,5585,341.938782,50,475.363,-155.016,255,8
1778134332564406,58443222,5593,342.428558,50,476.671,-150.947,255,8
1778134332565409,58453180,5602,342.979584,50,478.100,-146.356,255,8
1778134332566427,58463168,5611,343.530609,50,479.486,-141.752,255,8
1778134332583059,58473134,5619,344.020416,50,480.680,-137.647,255,8
1778134332584060,58483128,5628,344.571411,49,472.342,-130.358,255,8
1778134332638274,58493094,5637,345.122437,50,483.238,-128.377,255,8
1778134332639211,58503082,5645,345.612244,50,484.318,-124.241,255,8
1778134332640185,58513046,5654,346.163269,50,485.491,-119.578,255,8
1778134332640713,58523029,5663,346.714294,49,476.886,-112.605,255,8
1778134332640713,58532988,5671,347.204071,49,477.831,-108.525,255,8
1778134332642227,58542988,5679,347.693878,50,488.511,-106.567,255,8
1778134332657764,58552954,5688,348.244904,50,489.514,-101.864,255,8
1778134332701881,58562944,5697,348.795929,50,490.471,-97.152,255,8
1778134332702832,58572907,5705,349.285706,50,491.283,-92.956,255,8
1778134332703444,58582902,5714,349.836731,50,492.154,-88.227,255,8
1778134332704525,58592861,5722,350.326538,49,483.033,-82.336,255,8
1778134332704525,58602848,5731,350.877563,49,483.802,-77.687,255,8
1778134332720455,58612809,5739,351.367340,49,484.449,-73.548,255,8
1778134332721556,58622792,5748,351.918365,49,485.134,-68.886,255,8
1778134332789881,58632745,5756,352.408173,49,485.705,-64.736,255,8
1778134332790861,58642731,5765,352.959167,49,486.305,-60.063,255,8
1778134332791861,58652695,5773,353.448975,49,486.801,-55.903,255,8
1778134332791861,58662693,5782,354.000000,49,487.316,-51.219,255,8
1778134332791861,58672659,5791,354.551025,49,487.786,-46.530,255,8
1778134332793368,58682650,5799,355.040802,49,488.166,-42.359,255,8
1778134332794374,58692613,5808,355.591858,49,488.551,-37.662,255,8
1778134332811087,58702597,5816,356.081635,49,488.855,-33.484,255,8
1778134332811087,58712562,5825,356.632660,49,489.154,-28.781,255,8
1778134332872146,58722549,5833,357.122437,49,489.382,-24.599,255,8
1778134332873160,58732510,5842,357.673462,49,489.596,-19.891,255,8
1778134332873160,58742495,5850,358.163269,49,489.748,-15.705,255,8
1778134332874651,58752456,5859,358.714264,49,489.877,-10.995,255,8
1778134332874651,58762441,5865,359.081635,48,479.938,-7.693,255,8
1778134332875763,58772397,5868,359.265320,48,479.961,-6.155,255,8
1778134332892149,58782390,5868,359.265320,47,469.961,-6.026,255,8
1778134332892149,58792345,5868,359.265320,48,479.961,-6.155,255,8
1778134332934190,58802327,5868,359.265320,48,479.961,-6.155,255,8
1778134332935787,58812289,5868,359.265320,47,469.961,-6.026,255,8
1778134332936893,58822273,5867,359.204102,47,469.955,-6.529,255,8
1778134332937897,58832234,5867,359.204102,48,479.954,-6.667,255,8
1778134332939905,58842217,5867,359.204102,48,479.954,-6.667,255,8
1778134332955208,58852176,5867,359.204102,48,479.954,-6.667,255,8
1778134332961901,58862163,5866,359.142853,48,479.946,-7.181,255,8
1778134333013200,58872120,5864,359.020416,49,489.928,-8.377,255,8
1778134333014243,58882105,5861,358.836731,49,489.899,-9.948,255,8
1778134333014243,58892063,5859,358.714264,49,489.877,-10.995,255,8
1778134333015198,58902048,5857,358.591827,48,479.855,-11.796,255,8
1778134333016220,58912006,5854,358.408173,48,479.815,-13.334,255,8
1778134333032658,58921988,5851,358.224487,48,479.770,-14.872,255,8
1778134333032658,58931949,5848,358.040802,48,479.719,-16.410,255,8
1778134333088174,58941929,5844,357.795898,48,479.645,-18.460,255,8
1778134333088174,58951883,5841,357.612244,48,479.583,-19.998,255,8
1778134333089812,58961868,5838,357.428589,48,479.517,-21.535,255,8
1778134333089812,58971823,5834,357.183685,48,479.420,-23.584,255,8
1778134333091924,58981807,5831,357.000000,48,479.342,-25.121,255,8
1778134333092581,58991761,5827,356.755096,49,489.214,-27.736,255,8
1778134333107964,59001745,5824,356.571442,49,489.123,-29.304,255,8
1778134333107964,59011704,5820,356.326538,49,488.993,-31.394,255,8
1778134333149678,59021687,5816,356.081635,48,478.878,-32.801,255,8
1778134333149678,59031649,5812,355.836731,48,478.733,-34.847,255,8
1778134333151303,59041631,5808,355.591858,48,478.580,-36.893,255,8
1778134333151303,59051594,5804,355.346954,49,488.385,-39.750,255,8
1778134333167778,59061579,5800,355.102051,49,488.211,-41.837,255,8
1778134333168797,59071540,5795,354.795898,49,487.980,-44.445,255,8
1778134333213355,59081527,5791,354.551025,49,487.786,-46.530,255,8
1778134333213355,59091488,5787,354.306122,48,477.632,-47.622,255,8
1778134333214954,59101478,5783,354.061218,48,477.424,-49.664,255,8
1778134333215326,59111441,5778,353.755096,48,477.152,-52.214,255,8
1778134333217048,59121428,5774,353.510223,49,486.860,-55.383,255,8
1778134333233369,59131388,5769,353.204071,49,486.557,-57.983,255,8
1778134333239183,59141372,5765,352.959167,49,486.305,-60.063,255,8
1778134333285932,59151331,5760,352.653076,49,485.977,-62.660,255,8
1778134333287465,59161315,5755,352.346924,49,485.635,-65.256,255,8
1778134333287465,59171275,5751,352.102020,49,485.352,-67.331,255,8
1778134333288550,59181263,5746,351.795929,49,484.985,-69.923,255,8
1778134333289565,59191219,5741,351.489807,48,474.715,-71.033,255,8
1778134333341276,59201202,5736,351.183655,49,484.211,-75.101,255,8
1778134333342278,59211163,5731,350.877563,48,473.929,-76.101,255,8
1778134333343287,59221146,5726,350.571442,49,483.380,-80.271,255,8
1778134333343287,59231102,5721,350.265289,49,482.945,-82.852,255,8
1778134333344280,59241085,5716,349.959167,49,482.495,-85.431,255,8
1778134333345285,59251045,5711,349.653076,49,482.032,-88.008,255,8
1778134333362243,59261029,5706,349.346924,48,471.727,-88.734,255,8
1778134333368948,59270990,5701,349.040802,49,481.064,-93.154,255,8
1778134333381007,59280978,5695,348.673462,49,480.457,-96.236,255,8
1778134333427006,59290932,5690,348.367340,49,479.936,-98.802,255,8
1778134333427006,59300921,5685,348.061218,49,479.401,-101.365,255,8
1778134333428611,59310880,5679,347.693878,49,478.741,-104.436,255,8
1778134333428611,59320862,5674,347.387756,49,478.176,-106.992,255,8
1778134333429717,59330820,5669,347.081635,49,477.598,-109.546,255,8
1778134333480713,59340801,5663,346.714294,49,476.886,-112.605,255,8
1778134333480713,59350758,5657,346.346924,48,466.437,-113.300,255,8
1778134333482307,59360743,5652,346.040833,49,475.529,-118.203,255,8
1778134333482307,59370701,5646,345.673462,49,474.762,-121.249,255,8
1778134333482307,59380677,5640,345.306122,49,473.974,-124.291,255,8
1778134333484397,59390633,5635,345.000000,49,473.304,-126.821,255,8
1778134333500370,59400621,5629,344.632660,49,472.481,-129.853,255,8
1778134333507464,59410576,5623,344.265289,50,481.264,-135.592,255,8
1778134333520525,59420557,5617,343.897980,50,480.385,-138.674,255,8
1778134333563186,59430516,5611,343.530609,50,479.486,-141.752,255,8
1778134333564168,59440500,5605,343.163269,50,478.567,-144.823,255,8
1778134333565168,59450461,5599,342.795929,49,468.076,-144.930,255,8
1778134333566182,59460444,5593,342.428558,50,476.671,-150.947,255,8
1778134333566182,59470405,5587,342.061218,50,475.693,-154.000,255,8
1778134333584157,59480385,5580,341.632660,50,474.528,-157.554,255,8
1778134333585168,59490346,5574,341.265320,50,473.508,-160.593,255,8
1778134333629612,59500326,5568,340.897949,50,472.469,-163.626,255,8
1778134333629612,59510272,5561,340.469391,50,471.232,-167.155,255,8
1778134333631212,59520255,5555,340.102051,50,470.150,-170.173,255,8
1778134333631212,59530217,5549,339.734680,50,469.049,-173.184,255,8
1778134333647812,59540206,5542,339.306122,51,477.096,-180.221,255,8
1778134333647812,59550161,5535,338.877563,50,466.406,-180.181,255,8
1778134333662027,59560150,5529,338.510193,50,465.241,-183.168,255,8
1778134333663659,59570098,5522,338.081635,50,463.858,-186.643,255,8
1778134333711302,59580088,5515,337.653046,51,471.698,-193.909,255,8
1778134333712891,59590047,5509,337.285736,51,470.445,-196.929,255,8
1778134333712891,59600032,5502,336.857147,51,468.959,-200.443,255,8
1778134333714027,59609996,5495,336.428589,51,467.447,-203.945,255,8
1778134333714027,59619982,5488,336.000000,51,465.908,-207.436,255,8
1778134333729332,59629931,5481,335.571442,52,473.448,-215.050,255,8
1778134333773385,59639912,5474,335.142853,52,471.827,-218.586,255,8
1778134333773385,59649865,5467,334.714294,52,470.178,-222.109,255,8
1778134333774389,59659846,5460,334.285706,52,468.504,-225.620,255,8
1778134333775001,59669802,5453,333.857147,52,466.803,-229.118,255,8
1778134333775001,59679782,5446,333.428589,52,465.076,-232.603,255,8
1778134333790465,59689738,5438,332.938782,52,463.071,-236.570,255,8
1778134333792465,59699716,5431,332.510223,52,461.288,-240.027,255,8
1778134333862132,59709666,5424,332.081635,52,459.480,-243.471,255,8
1778134333863134,59719643,5416,331.591858,52,457.382,-247.390,255,8
1778134333864155,59729598,5409,331.163269,52,455.519,-250.804,255,8
1778134333864155,59739576,5401,330.673492,52,453.358,-254.689,255,8
1778134333865132,59749529,5394,330.244904,52,451.440,-258.073,255,8
1778134333865132,59759504,5386,329.755096,52,449.218,-261.923,255,8
1778134333865132,59769464,5379,329.326538,53,455.847,-270.377,255,8
1778134333881233,59779440,5371,328.836731,53,453.519,-274.264,255,8
1778134333881233,59789391,5363,328.346924,53,451.158,-278.131,255,8
1778134333898012,59799369,5355,327.857147,53,448.764,-281.977,255,8
1778134333941497,59809320,5348,327.428558,53,446.642,-285.326,255,8
1778134333942506,59819300,5340,326.938782,53,444.187,-289.133,255,8
1778134333943510,59829255,5332,326.448975,54,450.033,-298.447,255,8
1778134333944492,59839232,5324,325.959198,54,447.465,-302.283,255,8
1778134333944492,59849185,5316,325.469391,54,444.865,-306.097,255,8
1778134333960306,59859175,5308,324.979584,54,442.232,-309.889,255,8
1778134333961319,59869135,5300,324.489807,55,447.707,-319.466,255,8
1778134334006435,59879113,5291,323.938782,55,444.614,-323.757,255,8
1778134334007414,59889064,5283,323.448975,54,433.796,-321.591,255,8
1778134334007414,59899042,5275,322.959198,54,431.032,-325.287,255,8
1778134334008394,59908998,5267,322.469391,54,428.235,-328.960,255,8
1778134334009977,59918980,5258,321.918365,55,432.923,-339.231,255,8
1778134334025993,59928932,5250,321.428558,55,430.007,-342.919,255,8
1778134334039420,59938916,5242,320.938782,56,434.825,-352.884,255,8
1778134334039420,59948875,5233,320.387756,56,431.411,-357.050,255,8
1778134334082105,59958852,5225,319.897949,56,428.343,-360.725,255,8
1778134334082736,59968808,5216,319.346924,57,432.441,-371.342,255,8
1778134334082736,59978780,5207,318.795929,56,421.326,-368.896,255,8
1778134334083835,59988734,5199,318.306122,57,425.624,-379.136,255,8
1778134334100577,59998721,5190,317.755096,57,421.958,-383.212,255,8
1778134334100577,60008668,5181,317.204102,58,425.592,-394.045,255,8
1778134334141680,60018656,5172,316.653046,59,429.054,-404.985,255,8
1778134334143283,60028614,5164,316.163269,60,432.790,-415.563,255,8
1778134334144412,60038592,5155,315.612244,60,428.773,-419.706,255,8
1778134334144412,60048545,5146,315.061218,60,424.717,-423.811,255,8
1778134334160820,60058521,5137,314.510193,60,420.622,-427.875,255,8
1778134334161813,60068478,5128,313.959167,60,416.487,-431.901,255,8
1778134334168019,60078457,5119,313.408173,60,412.315,-435.886,255,8
1778134334180743,60088414,5110,312.857147,60,408.104,-439.831,255,8
1778134334225375,60098393,5101,312.306122,60,403.855,-443.736,255,8
1778134334225375,60108344,5091,311.693878,60,399.090,-448.026,255,8
1778134334226496,60118324,5082,311.142853,60,394.763,-451.843,255,8
1778134334226496,60128279,5073,310.591858,59,383.893,-448.025,255,8
1778134334228105,60138257,5064,310.040802,58,373.133,-444.040,255,8
1778134334243566,60148209,5055,309.489807,58,368.846,-447.608,255,8
1778134334289699,60158188,5046,308.938751,57,358.239,-443.356,255,8
1778134334289699,60168142,5037,308.387756,57,353.959,-446.781,255,8
1778134334290706,60178113,5027,307.775513,57,349.164,-450.538,255,8
1778134334291701,60188058,5018,307.224487,57,344.816,-453.875,255,8
1778134334292715,60198039,5009,306.673492,57,340.435,-457.170,255,8
1778134334307435,60207993,5000,306.122437,57,336.022,-460.423,255,8
1778134334308539,60217968,4991,305.571442,57,331.579,-463.633,255,8
1778134334322740,60227924,4982,305.020416,58,332.844,-474.990,255,8
1778134334364594,60237905,4973,304.469391,58,328.260,-478.169,255,8
1778134334365546,60247850,4963,303.857147,58,323.132,-481.649,255,8
1778134334366534,60257837,4954,303.306122,58,318.485,-484.734,255,8
1778134334367524,60267787,4945,302.755096,58,313.809,-487.775,255,8
1778134334367524,60277772,4936,302.204071,57,303.774,-482.309,255,8
1778134334383662,60287720,4927,301.653076,57,299.122,-485.207,255,8
1778134334427154,60297704,4918,301.102051,56,289.276,-479.499,255,8
1778134334427154,60307665,4909,300.551025,56,284.651,-482.259,255,8
1778134334428077,60317648,4900,300.000000,56,280.000,-484.974,255,8
1778134334428077,60327610,4891,299.448975,56,275.323,-487.645,255,8
1778134334429151,60337592,4882,298.897980,55,265.788,-481.515,255,8
1778134334445151,60347548,4873,298.346924,55,261.145,-484.049,255,8
1778134334446155,60357528,4863,297.734680,54,251.304,-477.961,255,8
1778134334457234,60367483,4855,297.244904,54,247.209,-480.091,255,8
1778134334501948,60377458,4845,296.632660,55,246.548,-491.644,255,8
1778134334503053,60387411,4836,296.081635,55,241.808,-493.993,255,8
1778134334503958,60397400,4827,295.530609,54,232.736,-487.272,255,8
1778134334503958,60407362,4818,294.979584,55,232.262,-498.552,255,8
1778134334504951,60417346,4809,294.428558,55,227.457,-500.763,255,8
1778134334519776,60427302,4800,293.877563,55,222.631,-502.927,255,8
1778134334567633,60437285,4791,293.326538,55,217.784,-505.045,255,8
1778134334568650,60447239,4782,292.775513,55,212.917,-507.116,255,8
1778134334568650,60457227,4773,292.224487,54,204.248,-499.883,255,8
1778134334569628,60467185,4764,291.673462,54,199.431,-501.824,255,8
1778134334569628,60477166,4755,291.122437,54,194.596,-503.719,255,8
1778134334586250,60487123,4746,290.571442,54,189.743,-505.567,255,8
1778134334587249,60497101,4737,290.020416,54,184.872,-507.368,255,8
1778134334637410,60507055,4728,289.469391,54,179.984,-509.123,255,8
1778134334638422,60517040,4719,288.918365,54,175.079,-510.830,255,8
1778134334639413,60526992,4711,288.428589,54,170.706,-512.308,255,8
1778134334639413,60536972,4702,287.877533,54,165.771,-513.926,255,8
1778134334640409,60546929,4693,287.326538,54,160.821,-515.496,255,8
1778134334657493,60556917,4684,286.775513,53,152.970,-507.445,255,8
1778134334658526,60566876,4675,286.224487,53,148.083,-508.892,255,8
1778134334719013,60576857,4666,285.673492,53,143.182,-510.293,255,8
1778134334719957,60586814,4657,285.122437,53,138.268,-511.646,255,8
1778134334719957,60596800,4648,284.571442,53,133.341,-512.952,255,8
1778134334720960,60606761,4639,284.020386,53,128.402,-514.211,255,8
1778134334721958,60616745,4630,283.469391,53,123.451,-515.422,255,8
1778134334721958,60626706,4621,282.918365,53,118.488,-516.585,255,8
1778134334722958,60636687,4612,282.367340,53,113.515,-517.701,255,8
1778134334740543,60646642,4603,281.816345,53,108.531,-518.769,255,8
1778134334783828,60656622,4595,281.326538,51,100.164,-500.067,255,8
1778134334785441,60666579,4585,280.714294,44,81.801,-432.329,255,8
1778134334786551,60676563,4577,280.224487,44,78.102,-433.013,255,8
1778134334786551,60686518,4568,279.673462,51,85.697,-502.749,255,8
1778134334787553,60696508,4559,279.122437,53,84.029,-523.296,255,8
1778134334802938,60706465,4550,278.571442,53,78.993,-524.080,255,8
1778134334802938,60716451,4541,278.020416,53,73.949,-524.816,255,8
1778134334850498,60726413,4532,277.469391,53,68.898,-525.503,255,8
1778134334850498,60736399,4523,276.918365,53,63.841,-526.141,255,8
1778134334851575,60746361,4514,276.367340,53,58.778,-526.731,255,8
1778134334851575,60756340,4505,275.816315,52,52.697,-517.323,255,8
1778134334852583,60766300,4496,275.265320,52,47.719,-517.806,255,8
1778134334867850,60776286,4487,274.714294,53,43.559,-528.207,255,8
1778134334929787,60786247,4479,274.224487,53,39.042,-528.560,255,8
1778134334931389,60796230,4469,273.612244,53,33.392,-528.947,255,8
1778134334931389,60806192,4461,273.122467,53,28.869,-529.213,255,8
1778134334932514,60816174,4452,272.571411,53,23.778,-529.466,255,8
1778134334933496,60826137,4443,272.020416,52,18.333,-519.677,255,8
1778134334933496,60836117,4434,271.469391,52,13.334,-519.829,255,8
1778134334934496,60846072,4425,270.918365,52,8.334,-519.933,255,8
1778134334949794,60856058,4416,270.367371,53,3.398,-529.989,255,8
1778134334950892,60866013,4407,269.816315,52,-1.667,-519.997,255,8
1778134334994687,60875994,4398,269.265320,52,-6.668,-519.957,255,8
1778134334995692,60885962,4389,268.714264,53,-11.892,-529.867,255,8
1778134334996707,60895941,4380,268.163269,53,-16.987,-529.728,255,8
1778134334996707,60905901,4371,267.612244,53,-22.081,-529.540,255,8
1778134335011799,60915882,4362,267.061218,53,-27.173,-529.303,255,8
1778134335011799,60925837,4353,266.510223,53,-32.261,-529.017,255,8
1778134335067554,60935822,4344,265.959167,53,-37.348,-528.682,255,8
1778134335068549,60945778,4335,265.408173,53,-42.430,-528.299,255,8
1778134335069548,60955762,4326,264.857147,53,-47.509,-527.866,255,8
1778134335069548,60965725,4317,264.306122,53,-52.583,-527.385,255,8
1778134335070548,60975711,4309,263.816315,53,-57.090,-526.916,255,8
1778134335070548,60985668,4300,263.265320,53,-62.154,-526.343,255,8
1778134335086603,60995650,4291,262.714294,53,-67.213,-525.721,255,8
1778134335133853,61005611,4282,262.163269,53,-72.266,-525.050,255,8
1778134335133853,61015598,4273,261.612244,53,-77.312,-524.331,255,8
1778134335134855,61025558,4264,261.061218,53,-82.351,-523.563,255,8
1778134335135848,61035539,4255,260.510193,53,-87.382,-522.747,255,8
1778134335136848,61045500,4246,259.959167,53,-92.405,-521.882,255,8
1778134335154191,61055482,4237,259.408173,53,-97.420,-520.970,255,8
1778134335155208,61065442,4228,258.857147,53,-102.426,-520.009,255,8
1778134335161877,61075425,4219,258.306122,53,-107.422,-519.000,255,8
1778134335210141,61085388,4211,257.816345,53,-111.854,-518.062,255,8
1778134335211141,61095377,4202,257.265289,53,-116.832,-516.963,255,8
1778134335212147,61105337,4193,256.714294,53,-121.798,-515.815,255,8
1778134335212147,61115324,4184,256.163269,53,-126.753,-514.620,255,8
1778134335213654,61125289,4175,255.612244,53,-131.696,-513.377,255,8
1778134335228690,61135275,4166,255.061234,53,-136.627,-512.087,255,8
1778134335229689,61145235,4157,254.510193,53,-141.545,-510.749,255,8
1778134335273830,61155216,4148,253.959183,53,-146.451,-509.364,255,8
1778134335275266,61165174,4139,253.408157,53,-151.343,-507.933,255,8
1778134335275779,61175159,4130,252.857147,53,-156.220,-506.454,255,8
1778134335275779,61185116,4122,252.367355,53,-160.544,-505.100,255,8
1778134335292873,61195092,4113,251.816315,54,-168.515,-513.033,255,8
1778134335294528,61205055,4104,251.265305,54,-173.441,-511.389,255,8
1778134335300235,61215042,4095,250.714294,54,-178.351,-509.697,255,8
1778134335352946,61225003,4086,250.163269,54,-183.244,-507.958,255,8
1778134335352946,61234984,4077,249.612244,54,-188.121,-506.172,255,8
1778134335353908,61244946,4068,249.061218,54,-192.980,-504.340,255,8
1778134335353908,61254927,4059,248.510208,54,-197.821,-502.461,255,8
1778134335353908,61264885,4050,247.959198,54,-202.644,-500.535,255,8
1778134335371519,61274877,4041,247.408157,54,-207.448,-498.563,255,8
1778134335371519,61284838,4033,246.918365,54,-211.703,-496.771,255,8
1778134335434064,61294821,4024,246.367355,54,-216.470,-494.713,255,8
1778134335435062,61304773,4015,245.816330,55,-225.315,-501.730,255,8
1778134335435062,61314767,4006,245.265320,55,-230.129,-499.540,255,8
1778134335436066,61324723,3997,244.714279,55,-234.923,-497.304,255,8
1778134335436066,61334711,3988,244.163269,55,-239.695,-495.022,255,8
1778134335436066,61344665,3979,243.612228,59,-262.222,-528.526,255,8
1778134335437062,61354651,3970,243.061218,66,-299.005,-588.384,255,8
1778134335454069,61364752,3961,242.510208,84,-387.736,-745.158,255,8
1778134335456603,61374591,3953,242.020416,89,-417.550,-785.972,255,8
1778134335499942,61384540,3944,241.469391,91,-434.642,-799.491,255,8
1778134335500957,61394532,3935,240.918381,93,-452.031,-812.753,255,8
1778134335501950,61404485,3926,240.367340,94,-464.771,-817.060,255,8
1778134335501950,61414470,3918,239.877548,95,-476.757,-821.707,255,8
1778134335517230,61424431,3909,239.326538,97,-494.840,-834.286,255,8
1778134335518337,61434417,3900,238.775497,98,-508.025,-838.040,255,8
1778134335525705,61444347,3892,238.285706,102,-536.198,-867.694,255,8
1778134335539645,61454329,3883,237.734695,104,-555.194,-879.409,255,8
1778134335585668,61464289,3874,237.183670,107,-579.884,-899.241,255,8
1778134335586694,61474267,3866,236.693878,110,-604.023,-919.324,255,8
1778134335587705,61484223,3857,236.142868,112,-623.979,-930.081,255,8
1778134335587705,61494202,3848,235.591827,113,-638.546,-932.287,255,8
1778134335587705,61504156,3840,235.102036,114,-652.213,-934.996,255,8
1778134335648234,61514138,3831,234.551025,113,-655.375,-920.535,255,8
1778134335648234,61524093,3823,234.061234,113,-663.220,-914.899,255,8
1778134335649741,61534077,3814,233.510193,113,-671.988,-908.478,255,8
1778134335650752,61544034,3805,232.959183,114,-686.718,-909.955,255,8
1778134335650752,61554024,3797,232.469391,115,-700.563,-911.982,255,8
1778134335651747,61563984,3788,231.918365,115,-709.301,-905.203,255,8
1778134335667780,61573978,3779,231.367355,116,-724.217,-906.151,255,8
1778134335668779,61583929,3771,230.877563,116,-731.936,-899.927,255,8
1778134335682330,61593912,3762,230.326523,117,-746.942,-900.543,255,8
1778134335686331,61603869,3754,229.836731,117,-754.612,-894.125,255,8
1778134335730001,61613854,3745,229.285721,117,-763.176,-886.827,255,8
1778134335730711,61623815,3737,228.795929,118,-777.317,-887.794,255,8
1778134335731904,61633811,3728,228.244888,119,-792.478,-887.738,255,8
1778134335731904,61643766,3720,227.755096,120,-806.761,-888.334,255,8
1778134335735919,61653752,3711,227.204086,120,-815.267,-880.534,255,8
1778134335752467,61663707,3703,226.714294,117,-802.195,-851.694,255,8
1778134335753468,61673693,3694,226.163269,115,-796.497,-829.514,255,8
1778134335797798,61683655,3685,225.612259,114,-797.442,-814.669,255,8
1778134335798774,61693637,3677,225.122452,113,-797.321,-800.737,255,8
1778134335799790,61703594,3668,224.571426,113,-804.985,-793.032,255,8
1778134335799790,61713580,3660,224.081635,113,-811.735,-786.121,255,8
1778134335816578,61723540,3651,223.530624,112,-812.007,-771.391,255,8
1778134335816578,61733529,3643,223.040802,111,-811.263,-757.596,255,8
1778134335865949,61743489,3634,222.489792,111,-818.511,-749.759,255,8
1778134335866934,61753479,3626,222.000000,111,-824.891,-742.735,255,8
1778134335867963,61763444,3617,221.448975,111,-831.996,-734.768,255,8
1778134335867963,61773431,3609,220.959183,111,-838.246,-727.629,255,8
1778134335868927,61783394,3601,220.469391,111,-844.436,-720.436,255,8
1778134335924911,61793384,3592,219.918365,111,-851.325,-712.282,255,8
1778134335925981,61803345,3584,219.428574,112,-865.107,-711.330,255,8
1778134335925981,61813329,3575,218.877548,113,-879.693,-709.254,255,8
1778134335926994,61823287,3567,218.387756,113,-885.724,-701.708,255,8
1778134335926994,61833271,3558,217.836746,113,-892.431,-693.157,255,8
1778134335927982,61843229,3549,217.285706,114,-907.012,-690.601,255,8
1778134335944991,61853221,3541,216.795914,115,-920.890,-688.811,255,8
1778134335944991,61863181,3533,216.306122,115,-926.745,-680.914,255,8
1778134335953089,61873168,3524,215.755112,115,-933.250,-671.970,255,8
1778134335964497,61883124,3516,215.265305,115,-938.960,-663.968,255,8
1778134336010217,61893107,3507,214.714279,115,-945.302,-654.907,255,8
1778134336011220,61903068,3499,214.224487,115,-950.866,-646.802,255,8
1778134336012247,61913047,3490,213.673462,115,-957.043,-637.628,255,8
1778134336012247,61923012,3482,213.183670,114,-954.089,-623.950,255,8
1778134336013208,61932995,3473,212.632660,112,-943.203,-603.961,255,8
1778134336029317,61942955,3465,212.142868,108,-914.462,-574.595,255,8
1778134336031397,61952939,3457,211.653076,103,-876.778,-540.518,255,8
1778134336073909,61962895,3448,211.102036,100,-856.249,-516.564,255,8
1778134336074908,61972878,3439,210.551025,100,-861.177,-508.305,255,8
1778134336075911,61982835,3431,210.061234,99,-856.836,-495.916,255,8
1778134336076906,61992844,3423,209.571411,98,-852.346,-483.638,255,8
1778134336093769,62002809,3414,209.020401,97,-848.214,-470.567,255,8
1778134336094764,62012794,3405,208.469391,96,-843.909,-457.622,255,8
1778134336100750,62022759,3397,207.979584,96,-847.790,-450.391,255,8
1778134336149285,62032742,3389,207.489792,96,-851.609,-443.127,255,8
1778134336149285,62042702,3380,206.938782,94,-838.002,-425.856,255,8
1778134336150411,62052690,3371,206.387772,93,-833.100,-413.333,255,8
1778134336151430,62062654,3363,205.897949,93,-836.603,-406.196,255,8
1778134336151430,62072640,3354,205.346939,93,-840.471,-398.131,255,8
1778134336166519,62082600,3346,204.857147,93,-843.844,-390.932,255,8
1778134336214247,62092589,3337,204.306107,94,-856.678,-386.915,255,8
1778134336215168,62102547,3329,203.816315,94,-859.954,-379.577,255,8
1778134336216163,62112535,3320,203.265305,94,-863.565,-371.290,255,8
1778134336217159,62122486,3311,202.714279,95,-876.320,-366.829,255,8
1778134336217159,62132474,3303,202.224487,95,-879.424,-359.325,255,8
1778134336233163,62142429,3294,201.673477,95,-882.838,-350.851,255,8
1778134336234162,62152414,3285,201.122437,92,-858.187,-331.533,255,8
1778134336240175,62162375,3277,200.632645,89,-832.914,-313.614,255,8
1778134336302760,62172366,3268,200.081635,87,-817.108,-298.722,255,8
1778134336303865,62182330,3259,199.530624,85,-801.093,-284.164,255,8
1778134336304875,62192319,3251,199.040802,83,-784.588,-270.780,255,8
1778134336304875,62202277,3242,198.489792,82,-777.672,-260.051,255,8
1778134336305489,62212265,3234,198.000000,82,-779.866,-253.394,255,8
1778134336305489,62222224,3225,197.448975,82,-782.267,-245.882,255,8
1778134336310561,62232212,3216,196.897964,82,-784.596,-238.348,255,8
1778134336326473,62242176,3208,196.408173,82,-786.604,-231.632,255,8
1778134336328768,62252159,3199,195.857132,82,-788.796,-224.056,255,8
1778134336379446,62262116,3191,195.367340,83,-800.325,-219.955,255,8
1778134336380471,62272102,3182,194.816330,86,-831.405,-219.920,255,8
1778134336380471,62282049,3173,194.265289,94,-911.015,-231.627,255,8
1778134336381433,62292021,3165,193.775497,102,-990.661,-242.880,255,8
1778134336381433,62301971,3156,193.224487,128,-1246.056,-292.822,255,8
1778134336396320,62311964,3148,192.734695,138,-1346.054,-304.203,255,8
1778134336398391,62321909,3139,192.183670,133,-1300.043,-280.691,255,8
1778134336441172,62331900,3131,191.693878,130,-1273.018,-263.487,255,8
1778134336442172,62341843,3122,191.142868,129,-1265.681,-249.300,255,8
1778134336443186,62351833,3114,190.653076,127,-1248.111,-234.775,255,8
1778134336443186,62361773,3105,190.102036,125,-1230.621,-219.252,255,8
1778134336459083,62371761,3097,189.612244,120,-1183.152,-200.375,255,8
1778134336459083,62381705,3088,189.061234,118,-1165.274,-185.838,255,8
1778134336473796,62391689,3080,188.571442,108,-1067.937,-160.966,255,8
1778134336518961,62401668,3071,188.020401,73,-722.859,-101.854,255,8
1778134336518961,62411649,3063,187.530609,56,-555.170,-73.391,255,8
1778134336519978,62421607,3055,187.040817,60,-595.475,-73.546,255,8
1778134336519978,62431590,3046,186.489792,65,-645.835,-73.467,255,8
1778134336520979,62441551,3038,186.000000,60,-596.713,-62.717,255,8
1778134336536241,62451531,3029,185.448990,64,-637.108,-60.774,255,8
1778134336536241,62461482,3021,184.959183,74,-737.230,-63.970,255,8
1778134336582421,62471467,3012,184.408157,82,-817.574,-63.026,255,8
1778134336582421,62481399,3004,183.918365,99,-987.686,-67.652,255,8
1778134336583433,62491394,2996,183.428574,132,-1317.637,-78.942,255,8
1778134336583433,62501354,2987,182.877563,148,-1478.134,-74.299,255,8
1778134336599820,62511334,2979,182.387741,141,-1408.776,-58.743,255,8
1778134336599820,62521287,2971,181.897949,129,-1289.292,-42.724,255,8
1778134336607532,62531276,2962,181.346939,124,-1239.657,-29.148,255,8
1778134336619777,62541230,2954,180.857147,131,-1309.853,-19.597,255,8
1778134336662862,62551223,2945,180.306122,131,-1309.981,-6.999,255,8
1778134336664099,62561172,2937,179.816315,121,-1209.994,3.879,255,8
1778134336664099,62571154,2929,179.326523,108,-1079.925,12.694,255,8
1778134336664636,62581134,2920,178.775513,95,-949.783,20.301,255,8
1778134336665646,62591118,2912,178.285721,85,-849.620,25.428,255,8
1778134336681706,62601078,2903,177.734695,78,-779.390,30.831,255,8
1778134336725365,62611061,2895,177.244904,72,-719.168,34.608,255,8
1778134336726390,62621026,2887,176.755112,64,-638.974,36.226,255,8
1778134336727362,62631008,2878,176.204086,60,-598.684,39.722,255,8
1778134336727362,62640978,2870,175.714279,57,-568.406,42.596,255,8
1778134336728385,62650957,2862,175.224487,55,-548.091,45.789,255,8
1778134336745334,62660913,2853,174.673462,54,-537.668,50.129,255,8
1778134336746251,62670905,2845,174.183670,53,-527.271,53.710,255,8
1778134336753933,62680861,2836,173.632645,53,-526.731,58.778,255,8
1778134336805440,62690844,2828,173.142853,53,-526.209,63.279,255,8
1778134336806538,62700797,2819,172.591843,54,-535.493,69.626,255,8
1778134336806538,62710784,2811,172.102036,56,-554.688,76.949,255,8
1778134336807554,62720742,2803,171.612244,61,-603.475,88.982,255,8
1778134336808555,62730724,2794,171.061234,70,-691.498,108.765,255,8
1778134336824832,62740686,2786,170.571426,81,-799.057,132.693,255,8
1778134336825830,62750670,2777,170.020416,91,-896.231,157.700,255,8
1778134336867937,62760605,2769,169.530609,100,-983.352,181.710,255,8
1778134336868932,62770614,2760,168.979599,95,-932.481,181.601,255,8
1778134336868932,62780576,2752,168.489792,82,-803.509,163.625,255,8
1778134336869931,62790564,2743,167.938766,84,-821.457,175.524,255,8
1778134336886489,62800526,2735,167.448975,84,-819.926,182.540,255,8
1778134336886489,62810509,2727,166.959183,82,-798.852,185.029,255,8
1778134336893504,62820471,2718,166.408157,69,-670.676,162.153,255,8
1778134336941023,62830457,2710,165.918365,65,-630.468,158.148,255,8
1778134336942042,62842424,2700,165.306122,64,-619.069,162.339,255,8
1778134336942042,62852377,2692,164.816330,59,-569.404,154.529,255,8
1778134336943048,62862358,2683,164.265305,61,-587.142,165.422,255,8
1778134336945010,62872317,2675,163.775513,62,-595.308,173.229,255,8
1778134336961112,62882298,2667,163.285721,63,-603.383,181.188,255,8
1778134337004153,62892259,2658,162.734695,63,-601.613,186.982,255,8
1778134337005157,62902244,2650,162.244904,63,-599.992,192.118,255,8
1778134337006167,62912200,2641,161.693878,63,-598.117,197.879,255,8
1778134337006167,62922185,2633,161.204071,63,-596.403,202.985,255,8
1778134337007156,62932140,2624,160.653061,62,-584.989,205.398,255,8
1778134337022081,62942127,2616,160.163269,62,-583.211,210.391,255,8
1778134337027559,62952087,2608,159.673462,62,-581.391,215.369,255,8
1778134337039958,62962073,2599,159.122452,61,-569.950,217.387,255,8
1778134337098794,62972035,2591,158.632660,62,-577.383,225.895,255,8
1778134337099776,62982018,2582,158.081635,63,-584.461,235.170,255,8
1778134337100794,62991980,2574,157.591843,64,-591.675,243.969,255,8
1778134337101416,63001956,2565,157.040817,65,-598.509,253.549,255,8
1778134337101416,63011916,2557,156.551025,66,-605.494,262.635,255,8
1778134337103013,63021902,2549,156.061218,66,-603.226,267.802,255,8
1778134337103013,63031856,2540,155.510208,67,-609.724,277.736,255,8
1778134337118347,63041835,2532,155.020401,68,-616.392,287.161,255,8
1778134337131457,63051792,2523,154.469376,68,-613.601,293.076,255,8
1778134337172693,63061771,2515,153.979584,68,-611.074,298.310,255,8
1778134337173697,63071736,2507,153.489792,68,-608.501,303.523,255,8
1778134337173697,63081716,2498,152.938782,68,-605.554,309.361,255,8
1778134337174691,63091676,2490,152.448975,66,-585.156,305.275,255,8
1778134337174691,63101659,2482,151.959183,67,-591.351,314.967,255,8
1778134337190729,63111614,2473,151.408173,67,-588.294,320.640,255,8
1778134337193258,63121589,2465,150.918365,67,-585.532,325.657,255,8
1778134337236210,63131545,2456,150.367355,66,-573.681,326.329,255,8
1778134337237109,63141525,2448,149.877548,66,-570.870,331.221,255,8
1778134337237109,63151472,2440,149.387756,66,-568.018,336.089,255,8
1778134337238112,63161449,2431,148.836731,66,-564.759,341.536,255,8
1778134337255432,63171405,2423,148.346939,65,-553.307,341.103,255,8
1778134337256432,63181386,2415,147.857147,66,-558.838,351.141,255,8
1778134337269815,63191344,2407,147.367340,66,-555.816,355.906,255,8
1778134337274442,63201325,2398,146.816315,65,-543.998,355.761,255,8
1778134337320625,63211284,2390,146.326523,60,-499.327,332.676,255,8
1778134337321612,63221268,2382,145.836731,59,-488.190,331.316,255,8
1778134337321612,63231228,2373,145.285721,58,-476.761,330.301,255,8
1778134337322597,63241208,2365,144.795914,61,-498.433,351.659,255,8
1778134337322597,63251162,2357,144.306122,65,-527.895,379.245,255,8
1778134337338331,63261145,2348,143.755112,65,-524.223,384.305,255,8
1778134337382126,63271098,2340,143.265305,64,-512.905,382.791,255,8
1778134337383168,63281081,2332,142.775513,63,-501.651,381.112,255,8
1778134337384071,63291039,2323,142.224487,62,-490.058,379.793,255,8
1778134337384071,63301019,2315,141.734695,61,-478.942,377.775,255,8
1778134337385579,63310980,2307,141.244904,61,-475.696,381.856,255,8
1778134337402622,63320957,2299,140.755096,60,-464.669,379.582,255,8
1778134337402622,63330912,2291,140.265305,55,-422.957,351.578,255,8
1778134337410678,63340886,2282,139.714279,53,-404.300,342.698,255,8
1778134337459787,63350838,2274,139.224487,52,-393.783,339.610,255,8
1778134337460805,63360816,2266,138.734695,51,-383.348,336.369,255,8
1778134337461810,63370760,2258,138.244888,50,-372.999,332.974,255,8
1778134337462800,63380745,2249,137.693878,50,-369.780,336.546,255,8
1778134337462800,63390700,2241,137.204071,50,-366.889,339.695,255,8
1778134337479085,63400678,2233,136.714279,50,-363.972,342.818,255,8
1778134337480202,63410630,2225,136.224487,49,-353.807,338.999,255,8
1778134337523904,63420612,2217,135.734695,50,-358.058,348.991,255,8
1778134337524981,63430565,2209,135.244904,49,-347.960,344.998,255,8
1778134337524981,63440544,2200,134.693878,49,-344.626,348.329,255,8
1778134337525910,63450491,2192,134.204086,49,-341.636,351.262,255,8
1778134337541192,63460465,2184,133.714294,49,-338.621,354.169,255,8
1778134337542273,63470417,2176,133.224487,49,-335.581,357.051,255,8
1778134337548947,63480394,2168,132.734695,49,-332.516,359.907,255,8
1778134337561450,63490348,2159,132.183670,49,-329.040,363.088,255,8
1778134337608234,63500323,2151,131.693878,48,-319.272,358.420,255,8
1778134337609148,63510268,2143,131.204086,48,-316.197,361.137,255,8
1778134337610185,63520250,2135,130.714279,48,-313.098,363.826,255,8
1778134337610713,63530202,2127,130.224487,48,-309.976,366.490,255,8
1778134337611729,63540185,2119,129.734695,48,-306.832,369.126,255,8
1778134337628764,63550137,2111,129.244904,48,-303.665,371.735,255,8
1778134337628764,63560118,2103,128.755096,47,-294.217,366.520,255,8
1778134337674064,63570070,2094,128.204071,47,-290.678,369.332,255,8
1778134337674064,63580044,2086,127.714287,47,-287.510,371.803,255,8
1778134337675076,63589997,2078,127.224487,47,-284.322,374.248,255,8
1778134337676065,63599982,2070,126.734695,47,-281.112,376.664,255,8
1778134337691786,63609935,2062,126.244896,47,-277.882,379.054,255,8
1778134337691786,63619913,2054,125.755104,47,-274.631,381.415,255,8
1778134337698860,63629864,2046,125.265312,46,-265.587,375.584,255,8
1778134337748164,63639843,2037,124.714287,46,-261.963,378.121,255,8
1778134337749158,63649791,2029,124.224495,46,-258.721,380.346,255,8
1778134337749158,63659772,2021,123.734688,46,-255.460,382.544,255,8
1778134337750162,63669727,2013,123.244896,46,-252.181,384.714,255,8
1778134337750162,63679704,2005,122.755104,46,-248.883,386.856,255,8
1778134337765251,63689662,1997,122.265312,46,-245.567,388.969,255,8
1778134337767234,63699640,1989,121.775505,46,-242.233,391.054,255,8
1778134337811210,63709591,1980,121.224487,46,-238.461,393.366,255,8
1778134337812305,63719567,1972,120.734695,46,-235.089,395.390,255,8
1778134337812305,63729524,1964,120.244904,45,-226.664,388.746,255,8
1778134337813325,63739501,1956,119.755104,45,-223.332,390.670,255,8
1778134337828327,63749452,1948,119.265305,45,-219.984,392.564,255,8
1778134337829250,63759433,1940,118.775513,45,-216.621,394.431,255,8
1778134337836778,63769390,1932,118.285721,45,-213.241,396.268,255,8
1778134337912819,63779372,1923,117.734695,45,-209.420,398.300,255,8
1778134337912819,63789333,1915,117.244904,45,-206.008,400.076,255,8
1778134337913908,63799311,1907,116.755096,45,-202.580,401.823,255,8
1778134337913908,63809267,1899,116.265305,45,-199.138,403.540,255,8
1778134337914949,63819246,1891,115.775513,45,-195.681,405.227,255,8
1778134337915916,63829199,1883,115.285713,44,-187.938,397.843,255,8
1778134337915916,63839182,1875,114.795914,44,-184.530,399.435,255,8
1778134337916900,63849136,1867,114.306122,44,-181.109,400.998,255,8
1778134337940578,63859120,1859,113.816330,44,-177.675,402.532,255,8
1778134337941606,63869076,1851,113.326530,44,-174.227,404.036,255,8
1778134337963461,63879059,1842,112.775505,44,-170.333,405.693,255,8
1778134337963461,63889015,1834,112.285713,44,-166.859,407.134,255,8
1778134337966459,63899001,1826,111.795921,44,-163.373,408.545,255,8
1778134338009855,63908965,1818,111.306129,44,-159.874,409.927,255,8
1778134338010852,63918952,1810,110.816322,44,-156.364,411.279,255,8
1778134338011369,63928912,1802,110.326530,44,-152.843,412.600,255,8
1778134338012427,63938902,1794,109.836739,44,-149.310,413.892,255,8
1778134338029789,63948860,1786,109.346931,44,-145.766,415.153,255,8
1778134338030364,63958846,1778,108.857140,44,-142.212,416.384,255,8
1778134338073777,63968803,1770,108.367348,44,-138.648,417.585,255,8
1778134338073777,63978786,1762,107.877556,44,-135.073,418.754,255,8
1778134338074853,63988745,1754,107.387756,44,-131.488,419.894,255,8
1778134338075864,63998732,1746,106.897957,43,-124.987,411.434,255,8
1778134338075864,64008694,1738,106.408165,43,-121.466,412.488,255,8
1778134338093886,64018676,1730,105.918365,43,-117.935,413.511,255,8
1778134338094890,64028636,1722,105.428574,43,-114.396,414.504,255,8
1778134338139539,64038615,1714,104.938774,43,-110.848,415.467,255,8
1778134338140530,64048572,1706,104.448982,43,-107.293,416.399,255,8
1778134338140530,64058549,1698,103.959183,43,-103.729,417.301,255,8
1778134338142121,64068509,1690,103.469391,43,-100.158,418.173,255,8
1778134338143223,64078494,1682,102.979599,43,-96.580,419.014,255,8
1778134338161207,64088448,1674,102.489792,43,-92.994,419.824,255,8
1778134338163952,64098434,1666,102.000000,43,-89.402,420.603,255,8
1778134338206917,64108389,1658,101.510208,43,-85.803,421.352,255,8
1778134338206917,64118369,1650,101.020401,43,-82.198,422.070,255,8
1778134338207927,64128329,1642,100.530609,43,-78.587,422.758,255,8
1778134338208913,64138316,1635,100.102036,43,-75.423,423.334,255,8
1778134338261018,64148276,1627,99.612244,43,-71.801,423.963,255,8
1778134338262029,64158254,1619,99.122452,43,-68.174,424.561,255,8
1778134338263035,64168218,1611,98.632660,43,-64.543,425.129,255,8
1778134338264020,64178205,1603,98.142853,43,-60.906,425.665,255,8
1778134338264020,64188162,1595,97.653061,43,-57.265,426.170,255,8
1778134338265036,64198146,1587,97.163269,43,-53.620,426.644,255,8
1778134338280846,64208105,1579,96.673462,43,-49.971,427.087,255,8
1778134338282848,64218092,1571,96.183670,43,-46.318,427.498,255,8
1778134338300635,64228052,1563,95.693878,43,-42.662,427.878,255,8
1778134338302624,64238032,1555,95.204086,43,-39.003,428.228,255,8
1778134338343224,64247990,1547,94.714279,43,-35.340,428.545,255,8
1778134338344309,64257972,1539,94.224487,43,-31.676,428.832,255,8
1778134338344309,64267932,1532,93.795914,43,-28.467,429.057,255,8
1778134338345326,64277920,1524,93.306122,42,-24.222,419.301,255,8
1778134338360319,64287881,1516,92.816330,42,-20.636,419.493,255,8
1778134338361330,64297867,1508,92.326523,42,-17.050,419.654,255,8
1778134338408477,64307825,1500,91.836731,42,-13.462,419.784,255,8
1778134338409579,64317813,1492,91.346939,42,-9.873,419.884,255,8
1778134338409579,64327773,1485,90.918365,42,-6.732,419.946,255,8
1778134338410579,64337757,1477,90.428574,42,-3.142,419.988,255,8
1778134338411604,64347716,1469,89.938774,41,0.438,410.000,255,8
1778134338429440,64357702,1461,89.448975,40,3.847,399.982,255,8
1778134338431553,64367656,1453,88.959183,39,7.084,389.936,255,8
1778134338487962,64377635,1445,88.469383,39,10.417,389.861,255,8
1778134338487962,64387589,1438,88.040817,39,13.333,389.772,255,8
1778134338488956,64397570,1430,87.551018,39,16.665,389.644,255,8
1778134338489976,64407520,1422,87.061226,39,19.995,389.487,255,8
1778134338489976,64417504,1414,86.571426,39,23.324,389.302,255,8
1778134338490960,64427460,1406,86.081627,38,25.967,379.112,255,8
1778134338506200,64437438,1398,85.591835,38,29.207,378.876,255,8
1778134338548139,64447397,1390,85.102043,38,32.445,378.612,255,8
1778134338549126,64457376,1383,84.673470,38,35.276,378.359,255,8
1778134338549126,64467328,1375,84.183670,38,38.509,378.044,255,8
1778134338550140,64477307,1367,83.693878,38,41.739,377.701,255,8
1778134338550140,64487266,1359,83.204079,38,44.967,377.330,255,8
1778134338566325,64497243,1351,82.714287,38,48.191,376.932,255,8
1778134338580123,64507195,1343,82.224487,38,51.411,376.506,255,8
1778134338581128,64517179,1335,81.734695,38,54.628,376.053,255,8
1778134338635466,64527133,1328,81.306122,38,57.439,375.634,255,8
1778134338636571,64537116,1320,80.816322,38,60.648,375.129,255,8
1778134338637583,64547066,1312,80.326530,38,63.853,374.597,255,8
1778134338637583,64557044,1304,79.836731,38,67.052,374.037,255,8
1778134338638214,64567001,1297,79.408165,38,69.848,373.525,255,8
1778134338639289,64576978,1289,78.918365,38,73.039,372.915,255,8
1778134338712598,64586934,1281,78.428566,38,76.224,372.277,255,8
1778134338713597,64596912,1273,77.938774,38,79.404,371.611,255,8
1778134338713597,64606865,1266,77.510201,38,82.181,371.007,255,8
1778134338714590,64616848,1258,77.020409,38,85.350,370.291,255,8
1778134338715586,64626800,1250,76.530609,38,88.512,369.548,255,8
1778134338715586,64636781,1242,76.040817,38,91.668,368.778,255,8
1778134338717091,64646735,1235,75.612244,38,94.424,368.082,255,8
1778134338718096,64656714,1227,75.122444,38,97.567,367.261,255,8
1778134338734145,64666669,1219,74.632652,38,100.703,366.414,255,8
1778134338777580,64676659,1211,74.142853,38,103.831,365.539,255,8
1778134338778600,64686611,1203,73.653061,38,106.952,364.639,255,8
1778134338779596,64696595,1195,73.163261,38,110.065,363.711,255,8
1778134338780581,64706544,1188,72.734695,38,112.783,362.877,255,8
1778134338780581,64716528,1180,72.244896,38,115.881,361.900,255,8
1778134338796584,64726478,1172,71.755104,39,122.101,370.394,255,8
1778134338797579,64736460,1164,71.265305,40,128.475,378.806,255,8
1778134338842403,64746407,1156,70.775505,41,135.001,387.137,255,8
1778134338842403,64756390,1149,70.346939,42,141.256,395.533,255,8
1778134338843532,64766344,1141,69.857140,43,148.076,403.700,255,8
1778134338844509,64776325,1133,69.367348,43,151.521,402.419,255,8
1778134338860835,64786278,1125,68.877548,43,154.956,401.109,255,8
1778134338861814,64796259,1117,68.387756,43,158.379,399.770,255,8
1778134338868446,64806212,1109,67.897957,43,161.791,398.402,255,8
1778134338921001,64816196,1101,67.408157,43,165.190,397.004,255,8
1778134338921991,64826155,1093,66.918365,43,168.578,395.577,255,8
1778134338923001,64836138,1085,66.428574,43,171.954,394.122,255,8
1778134338923001,64846089,1078,66.000000,43,174.897,392.825,255,8
1778134338923995,64856072,1069,65.448982,43,178.666,391.124,255,8
1778134338939982,64866027,1061,64.959183,43,182.003,389.583,255,8
1778134338941083,64876002,1053,64.469391,43,185.327,388.013,255,8
1778134338947076,64885952,1045,63.979591,43,188.637,386.414,255,8
1778134338959376,64895933,1037,63.489796,43,191.934,384.788,255,8
1778134339003662,64905888,1029,63.000000,43,195.216,383.133,255,8
1778134339004765,64915869,1021,62.510204,43,198.484,381.450,255,8
1778134339004765,64925821,1013,62.020409,43,201.738,379.739,255,8
1778134339005764,64935801,1005,61.530609,43,204.976,378.001,255,8
1778134339005764,64945754,996,60.979591,43,208.602,376.012,255,8
1778134339024166,64955739,988,60.489796,43,211.809,374.215,255,8
1778134339025887,64965694,980,60.000000,44,220.000,381.051,255,8
1778134339068921,64975673,972,59.510204,44,223.249,379.157,255,8
1778134339069920,64985632,964,59.020412,44,226.482,377.234,255,8
1778134339070920,64995618,956,58.530613,44,229.699,375.284,255,8
1778134339071917,65005579,948,58.040813,44,232.899,373.307,255,8
1778134339088480,65015562,940,57.551022,44,236.081,371.303,255,8
1778134339089479,65025526,932,57.061222,44,239.247,369.271,255,8
1778134339105071,65035511,923,56.510208,44,242.787,366.953,255,8
1778134339105576,65045471,915,56.020409,44,245.915,364.864,255,8
1778134339148276,65055458,907,55.530609,44,249.025,362.749,255,8
1778134339149275,65065418,899,55.040817,44,252.117,360.607,255,8
1778134339149275,65075400,891,54.551018,44,255.190,358.438,255,8
1778134339150276,65085361,883,54.061226,44,258.245,356.244,255,8
1778134339167828,65095347,875,53.571426,44,261.281,354.023,255,8
1778134339167828,65105304,867,53.081635,44,264.298,351.777,255,8
1778134339216039,65115284,859,52.591839,44,267.295,349.504,255,8
1778134339217041,65125244,851,52.102039,44,270.273,347.207,255,8
1778134339217041,65135222,843,51.612247,45,279.441,352.722,255,8
1778134339218041,65145174,835,51.122448,45,282.446,350.320,255,8
1778134339218041,65155154,827,50.632656,45,285.430,347.893,255,8
1778134339235002,65165110,819,50.142857,45,288.394,345.440,255,8
1778134339235002,65175085,811,49.653057,45,291.336,342.962,255,8
1778134339284798,65185034,803,49.163265,45,294.258,340.459,255,8
1778134339286407,65195013,796,48.734692,45,296.796,338.249,255,8
1778134339287425,65204978,788,48.244900,45,299.677,335.699,255,8
1778134339287425,65214951,780,47.755100,45,302.535,333.125,255,8
1778134339288428,65224901,772,47.265308,45,305.372,330.527,255,8
1778134339304451,65234876,764,46.775509,45,308.186,327.904,255,8
1778134339305446,65244831,756,46.285717,46,317.889,332.486,255,8
1778134339350225,65254810,748,45.795918,46,320.719,329.756,255,8
1778134339350225,65264765,740,45.306122,46,323.527,327.002,255,8
1778134339351218,65274740,732,44.816326,46,326.310,324.225,255,8
1778134339351218,65284696,724,44.326530,46,329.070,321.423,255,8
1778134339352217,65294679,716,43.836735,46,331.806,318.599,255,8
1778134339368535,65304630,709,43.408161,46,334.179,316.108,255,8
1778134339384570,65314605,701,42.918365,46,336.869,313.240,255,8
1778134339384570,65324561,693,42.428570,46,339.535,310.348,255,8
1778134339427966,65334539,685,41.938778,47,349.614,314.118,255,8
1778134339428970,65344492,677,41.448982,47,352.286,311.118,255,8
1778134339429970,65354471,669,40.959183,47,354.933,308.095,255,8
1778134339429970,65364418,661,40.469387,47,357.554,305.050,255,8
1778134339433967,65374392,653,39.979591,47,360.148,301.982,255,8
1778134339450627,65384347,645,39.489796,48,370.434,305.252,255,8
1778134339451625,65394329,637,39.000000,48,373.030,302.074,255,8
1778134339516415,65404284,630,38.571430,48,375.279,299.275,255,8
1778134339517438,65414266,622,38.081635,48,377.824,296.056,255,8
1778134339517438,65424229,614,37.591839,48,380.341,292.816,255,8
1778134339518424,65434211,606,37.102039,50,398.781,301.618,255,8
1778134339519420,65444165,598,36.612244,51,409.372,304.162,255,8
1778134339520036,65454151,590,36.122448,53,428.112,312.442,255,8
1778134339520036,65464105,582,35.632652,54,438.895,314.597,255,8
1778134339537048,65474086,575,35.204082,54,441.236,311.305,255,8
1778134339583433,65484049,567,34.714287,55,452.101,313.216,255,8
1778134339583433,65494035,559,34.224491,55,454.762,309.340,255,8
1778134339583433,65503984,551,33.734692,52,432.441,288.781,255,8
1778134339584492,65513960,543,33.244896,51,426.531,279.592,255,8
1778134339584492,65523914,536,32.816326,52,437.014,281.813,255,8
1778134339601609,65533894,528,32.326530,52,439.407,278.067,255,8
1778134339601609,65543854,520,31.836735,51,433.273,269.025,255,8
1778134339618668,65553837,512,31.346939,51,435.557,265.312,255,8
1778134339619661,65563796,504,30.857143,51,437.809,261.579,255,8
1778134339666604,65573781,496,30.367348,51,440.029,257.826,255,8
1778134339667602,65583736,489,29.938776,51,441.945,254.528,255,8
1778134339667602,65593715,481,29.448978,50,435.397,245.824,255,8
1778134339668604,65603673,473,28.959183,50,437.482,242.093,255,8
1778134339669600,65613656,465,28.469387,50,439.536,238.345,255,8
1778134339689079,65623610,457,27.979591,50,441.557,234.579,255,8
1778134339690086,65633584,449,27.489796,50,443.547,230.795,255,8
1778134339739270,65643534,441,27.000002,50,445.503,226.995,255,8
1778134339739270,65653509,434,26.571430,49,438.245,219.183,255,8
1778134339741368,65663454,426,26.081631,49,440.103,215.429,255,8
1778134339741368,65673431,418,25.591835,49,441.928,211.659,255,8
1778134339742876,65683390,410,25.102041,49,443.721,207.874,255,8
1778134339763431,65693366,402,24.612246,49,445.482,204.073,255,8
1778134339764435,65703320,395,24.183674,49,446.996,200.735,255,8
1778134339821541,65713304,387,23.693878,49,448.696,196.906,255,8
1778134339822635,65723263,379,23.204082,49,450.363,193.064,255,8
1778134339823521,65733243,371,22.714287,49,451.996,189.207,255,8
1778134339825236,65743196,363,22.224491,49,453.597,185.336,255,8
1778134339826242,65753181,356,21.795919,48,445.686,178.225,255,8
1778134339826242,65763133,348,21.306122,49,456.510,178.042,255,8
1778134339844243,65773116,340,20.816326,49,458.015,174.133,255,8
1778134339845242,65783071,332,20.326530,48,450.110,166.738,255,8
1778134339852240,65793052,325,19.897959,48,451.344,163.366,255,8
1778134339908253,65803006,317,19.408163,49,462.156,162.825,255,8
1778134339909257,65812988,309,18.918367,49,463.531,158.868,255,8
1778134339910253,65822943,301,18.428572,48,455.385,151.739,255,8
1778134339911254,65832921,293,17.938776,48,456.665,147.840,255,8
1778134339911254,65842875,285,17.448978,48,457.912,143.931,255,8
1778134339912256,65852854,278,17.020409,48,458.976,140.502,255,8
1778134339930822,65862811,270,16.530613,48,460.161,136.573,255,8
1778134339930822,65872787,262,16.040817,48,461.311,132.635,255,8
1778134339937869,65882739,254,15.551020,47,452.794,126.005,255,8
1778134339993076,65892721,247,15.122449,47,453.724,122.615,255,8
1778134339994611,65902679,239,14.632653,47,454.756,118.732,255,8
1778134339994611,65912652,231,14.142858,47,455.754,114.840,255,8
1778134339995718,65922605,223,13.653061,47,456.719,110.940,255,8
1778134339996629,65932587,215,13.163265,47,457.651,107.032,255,8
1778134339997142,65942545,207,12.673470,47,458.549,103.115,255,8
1778134340015347,65952524,199,12.183673,47,459.414,99.192,255,8
1778134340016858,65962477,192,11.755101,47,460.143,95.753,255,8
1778134340067662,65972462,184,11.265306,47,460.945,91.816,255,8
1778134340068651,65982405,176,10.775511,47,461.713,87.872,255,8
1778134340069639,65992386,168,10.285714,47,462.447,83.922,255,8
1778134340069639,66002342,160,9.795918,47,463.147,79.965,255,8
1778134340071148,66012317,153,9.367347,46,453.866,74.871,255,8
1778134340087869,66022276,145,8.877551,46,454.489,70.989,255,8
1778134340088867,66032255,137,8.387755,47,464.973,68.560,255,8
1778134340135248,66042205,129,7.897959,47,465.542,64.582,255,8
1778134340135248,66052183,121,7.408164,47,466.077,60.600,255,8
1778134340136245,66062129,114,6.979592,47,466.517,57.112,255,8
1778134340136245,66072109,106,6.489796,47,466.988,53.122,255,8
1778134340137243,66082057,98,6.000000,47,467.425,49.128,255,8
1778134340155775,66092030,91,5.571429,47,467.780,45.631,255,8
1778134340155775,66101978,83,5.081633,47,468.153,41.630,255,8
1778134340202279,66111956,75,4.591837,47,468.491,37.627,255,8
1778134340203378,66121908,67,4.102041,47,468.796,33.620,255,8
1778134340203378,66131882,60,3.673469,47,469.034,30.113,255,8
1778134340204285,66141832,52,3.183673,47,469.275,26.102,255,8
1778134340205274,66151807,44,2.693878,47,469.481,22.090,255,8
1778134340225030,66161756,37,2.265306,47,469.633,18.578,255,8
1778134340226109,66171732,29,1.775510,47,469.774,14.562,255,8
1778134340276326,66181689,21,1.285714,47,469.882,10.546,255,8
1778134340277329,66191668,13,0.795918,47,469.955,6.529,255,8
1778134340277329,66201617,6,0.367347,47,469.990,3.013,255,8
1778134340277329,66211592,5878,359.877533,46,459.999,-0.983,255,8
1778134340277329,66221542,5870,359.387756,47,469.973,-5.022,255,8
1778134340295386,66231522,5862,358.897949,47,469.913,-9.040,255,8
1778134340295386,66241472,5854,358.408173,47,469.819,-13.056,255,8
1778134340358388,66251454,5847,357.979584,47,469.708,-16.570,255,8
1778134340359328,66261402,5841,357.612244,46,459.601,-19.165,255,8
1778134340359328,66271386,5839,357.489807,45,449.568,-19.709,255,8
1778134340359328,66281340,5838,357.428589,44,439.557,-19.740,255,8
1778134340360840,66291312,5837,357.367340,44,439.536,-20.210,255,8
1778134340360840,66301270,5837,357.367340,44,439.536,-20.210,255,8
1778134340377893,66311249,5837,357.367340,44,439.536,-20.210,255,8
1778134340377893,66321199,5837,357.367340,44,439.536,-20.210,255,8
1778134340422249,66331177,5837,357.367340,44,439.536,-20.210,255,8
1778134340423250,66341128,5837,357.367340,44,439.536,-20.210,255,8
1778134340423876,66351103,5837,357.367340,44,439.536,-20.210,255,8
1778134340424960,66361057,5838,357.428589,44,439.557,-19.740,255,8
1778134340424960,66371037,5838,357.428589,46,459.537,-20.638,255,8
1778134340441938,66380988,5839,357.489807,45,449.568,-19.709,255,8
1778134340443526,66390966,5840,357.551025,46,459.580,-19.656,255,8
1778134340503827,66400914,5841,357.612244,46,459.601,-19.165,255,8
1778134340505334,66410892,5844,357.795898,46,459.660,-17.691,255,8
1778134340505334,66420837,5847,357.979584,45,449.720,-15.865,255,8
1778134340506343,66430825,5850,358.163269,45,449.769,-14.423,255,8
1778134340506343,66440775,5854,358.408173,46,459.822,-12.778,255,8
1778134340507338,66450750,5858,358.653046,45,449.876,-10.578,255,8
1778134340523371,66460690,5861,358.836731,45,449.907,-9.136,255,8
1778134340523371,66470675,5865,359.081635,45,449.942,-7.213,255,8
1778134340570803,66480624,5869,359.326538,45,449.969,-5.289,255,8
1778134340571775,66490598,5873,359.571411,45,449.987,-3.366,255,8
1778134340572805,66500547,5877,359.816315,45,449.998,-1.443,255,8
1778134340572805,66510528,1,0.061224,45,450.000,0.481,255,8
1778134340572805,66520469,5,0.306122,45,449.994,2.404,255,8
1778134340590956,66530453,9,0.551020,45,449.979,4.328,255,8
1778134340591956,66540403,14,0.857143,44,439.951,6.582,255,8
1778134340652091,66550380,18,1.102041,45,449.917,8.655,255,8
1778134340652091,66560334,22,1.346939,45,449.876,10.578,255,8
1778134340653087,66570317,26,1.591837,45,449.826,12.501,255,8
1778134340653087,66580275,31,1.897959,45,449.753,14.904,255,8
1778134340654087,66590246,35,2.142857,45,449.685,16.826,255,8
1778134340654087,66600208,40,2.448980,45,449.589,19.228,255,8
1778134340670118,66610179,44,2.693878,45,449.503,21.150,255,8
1778134340670118,66620131,49,3.000000,45,449.383,23.551,255,8
1778134340690129,66630116,54,3.306122,45,449.251,25.952,255,8
1778134340690129,66640062,58,3.551020,45,449.136,27.872,255,8
1778134340745648,66650036,63,3.857143,45,448.981,30.271,255,8
1778134340746648,66659994,68,4.163265,45,448.813,32.669,255,8
1778134340747629,66669968,73,4.469388,45,448.632,35.067,255,8
1778134340747629,66679919,78,4.775510,45,448.438,37.463,255,8
1778134340747629,66689895,83,5.081633,45,448.231,39.859,255,8
1778134340749218,66699844,88,5.387755,45,448.012,42.253,255,8
1778134340766758,66709810,93,5.693878,45,447.780,44.646,255,8
1778134340811008,66719762,98,6.000000,45,447.535,47.038,255,8
1778134340811008,66729736,103,6.306122,45,447.277,49.428,255,8
1778134340812529,66739686,109,6.673470,45,446.951,52.295,255,8
1778134340812529,66749661,114,6.979592,45,446.665,54.682,255,8
1778134340813544,66759613,119,7.285715,45,446.367,57.068,255,8
1778134340829061,66769594,125,7.653061,45,445.992,59.928,255,8
1778134340830574,66779547,130,7.959184,45,445.665,62.310,255,8
1778134340840618,66789530,136,8.326530,45,445.256,65.166,255,8
1778134340894972,66799476,141,8.632653,45,444.902,67.544,255,8
1778134340895970,66809459,147,9.000000,45,444.460,70.396,255,8
1778134340896980,66819411,153,9.367347,46,453.866,74.871,255,8
1778134340896980,66829387,158,9.673470,46,453.459,77.295,255,8
1778134340897972,66839337,164,10.040816,46,452.955,80.201,255,8
1778134340898983,66849316,169,10.346938,46,452.520,82.620,255,8
1778134340915034,66859267,175,10.714286,46,451.981,85.519,255,8
1778134340920025,66869240,181,11.081633,46,451.423,88.415,255,8
1778134340969785,66879195,187,11.448979,46,450.847,91.308,255,8
1778134340970781,66889165,193,11.816327,46,450.252,94.196,255,8
1778134340970781,66899124,199,12.183673,46,449.639,97.081,255,8
1778134340971794,66909107,205,12.551021,46,449.007,99.962,255,8
1778134340971794,66919053,211,12.918367,46,448.357,102.839,255,8
1778134340987769,66929026,217,13.285715,46,447.689,105.711,255,8
1778134340987769,66938978,223,13.653061,46,447.002,108.579,255,8
1778134341030811,66948956,229,14.020408,47,455.998,113.866,255,8
1778134341031817,66958908,235,14.387755,47,455.259,116.787,255,8
1778134341031817,66968882,242,14.816327,46,444.705,117.632,255,8
1778134341032815,66978829,248,15.183674,46,443.942,120.481,255,8
1778134341051279,66988806,254,15.551020,46,443.160,123.324,255,8
1778134341051279,66998758,261,15.979591,46,442.226,126.636,255,8
1778134341056996,67008738,267,16.346939,46,441.405,129.468,255,8
1778134341070277,67018689,274,16.775511,46,440.424,132.766,255,8
1778134341113788,67028666,281,17.204082,47,448.971,139.015,255,8
1778134341114794,67038622,287,17.571428,47,448.070,141.890,255,8
1778134341114794,67048597,294,18.000000,47,446.997,145.238,255,8
1778134341114794,67058549,301,18.428572,47,445.898,148.577,255,8
1778134341115785,67068529,307,18.795919,47,444.936,151.433,255,8
1778134341132783,67078481,314,19.224491,47,443.791,154.757,255,8
1778134341179781,67088463,321,19.653061,47,442.621,158.072,255,8
1778134341180787,67098418,328,20.081633,47,441.426,161.379,255,8
1778134341180787,67108398,335,20.510204,47,440.207,164.676,255,8
1778134341181783,67118350,342,20.938776,48,448.302,171.538,255,8
1778134341181783,67128329,349,21.367348,48,447.007,174.886,255,8
1778134341198878,67138287,356,21.795919,47,436.401,174.512,255,8
1778134341198878,67148267,363,22.224491,47,435.083,177.771,255,8
1778134341264941,67158224,370,22.653061,47,433.741,181.021,255,8
1778134341265933,67168201,378,23.142859,48,441.373,188.652,255,8
1778134341265933,67178152,385,23.571430,48,439.950,191.948,255,8
1778134341266928,67188136,392,24.000002,48,438.502,195.234,255,8
1778134341266928,67198092,400,24.489798,48,436.817,198.975,255,8
1778134341267969,67208075,407,24.918367,48,435.316,202.237,255,8
1778134341267969,67218029,415,25.408163,49,442.604,210.241,255,8
1778134341282955,67228005,422,25.836735,49,441.019,213.546,255,8
1778134341284951,67237958,430,26.326530,49,439.178,217.308,255,8
1778134341302045,67247938,437,26.755102,49,437.540,220.587,255,8
1778134341346089,67257890,445,27.244898,49,435.638,224.319,255,8
1778134341347073,67267874,453,27.734694,48,424.854,223.381,255,8
1778134341348108,67277825,461,28.224489,48,422.929,227.005,255,8
1778134341348108,67287814,469,28.714287,49,429.743,235.417,255,8
1778134341348108,67297769,476,29.142859,49,427.970,238.625,255,8
1778134341405173,67307747,484,29.632654,50,434.607,247.219,255,8
1778134341406175,67317704,492,30.122450,50,432.477,250.925,255,8
1778134341406175,67327686,500,30.612244,50,430.317,254.613,255,8
1778134341407200,67337646,508,31.102039,50,428.124,258.282,255,8
1778134341407200,67347624,517,31.653063,51,434.133,267.635,255,8
1778134341407200,67357583,525,32.142857,50,423.362,266.016,255,8
1778134341423347,67367562,533,32.632652,51,429.494,275.018,255,8
1778134341423347,67377514,541,33.122448,51,427.127,278.679,255,8
1778134341442615,67387496,549,33.612244,51,424.730,282.320,255,8
1778134341443684,67397458,558,34.163265,51,421.995,286.392,255,8
1778134341486523,67407435,566,34.653061,52,427.757,295.675,255,8
1778134341487523,67417391,575,35.204082,51,416.723,294.010,255,8
1778134341487523,67427371,583,35.693878,51,414.194,297.562,255,8
1778134341488520,67437332,592,36.244896,50,403.249,295.619,255,8
1778134341543726,67447310,601,36.795918,50,400.387,299.483,255,8
1778134341544570,67457263,609,37.285713,49,389.856,296.837,255,8
1778134341545086,67467244,618,37.836735,47,371.188,288.304,255,8
1778134341545086,67477197,627,38.387753,45,352.722,279.441,255,8
1778134341546090,67487180,635,38.877552,44,342.535,276.170,255,8
1778134341546090,67497140,644,39.428574,43,332.139,273.100,255,8
1778134341562814,67507115,653,39.979591,47,360.148,301.982,255,8
1778134341563811,67517070,662,40.530609,47,357.228,305.431,255,8
1778134341582014,67527047,671,41.081635,46,346.736,302.281,255,8
1778134341582014,67536992,680,41.632652,46,343.813,305.602,255,8
1778134341626250,67546978,689,42.183674,46,340.858,308.894,255,8
1778134341627170,67556926,698,42.734695,46,337.872,312.158,255,8
1778134341627170,67566900,707,43.285713,46,334.854,315.393,255,8
1778134341628164,67576856,716,43.836735,46,331.806,318.599,255,8
1778134341644278,67586837,726,44.448982,45,321.243,315.123,255,8
1778134341645255,67596792,735,45.000000,45,318.198,318.198,255,8
1778134341693444,67606771,744,45.551022,45,315.123,321.243,255,8
1778134341694459,67616717,753,46.102039,45,312.019,324.259,255,8
1778134341694459,67626707,763,46.714287,45,308.537,327.575,255,8
1778134341696038,67636659,772,47.265308,45,305.372,330.527,255,8
1778134341696038,67646639,781,47.816326,44,295.464,326.038,255,8
1778134341713138,67656594,791,48.428570,44,291.963,329.177,255,8
1778134341713138,67666572,800,48.979595,44,288.784,331.969,255,8
1778134341721149,67676527,809,49.530609,44,285.578,334.731,255,8
1778134341770320,67686502,819,50.142857,44,281.985,337.764,255,8
1778134341771306,67696459,828,50.693878,44,278.724,340.460,255,8
1778134341771306,67706438,837,51.244896,44,275.437,343.125,255,8
1778134341772322,67716393,847,51.857143,44,271.755,346.048,255,8
1778134341772322,67726373,856,52.408165,44,268.414,348.646,255,8
1778134341789416,67736325,865,52.959183,44,265.049,351.211,255,8
1778134341790425,67746300,874,53.510204,44,261.659,353.744,255,8
1778134341834323,67756254,884,54.122452,44,257.864,356.519,255,8
1778134341835324,67766229,893,54.673466,43,248.641,350.824,255,8
1778134341836605,67776182,902,55.224491,44,250.960,361.413,255,8
1778134341836605,67786160,912,55.836735,43,241.468,355.800,255,8
1778134341853779,67796113,921,56.387753,43,238.035,358.105,255,8
1778134341854773,67806089,930,56.938774,43,234.580,360.378,255,8
1778134341860722,67816040,939,57.489796,43,231.103,362.617,255,8
1778134341910654,67826016,949,58.102039,43,227.215,365.066,255,8
1778134341911591,67835966,958,58.653061,43,223.694,367.234,255,8
1778134341912571,67845941,967,59.204082,43,220.152,369.368,255,8
1778134341913571,67855894,976,59.755100,43,216.590,371.469,255,8
1778134341913571,67865868,986,60.367348,43,212.608,373.762,255,8
1778134341930175,67875827,995,60.918369,43,209.004,375.789,255,8
1778134341930175,67885803,1004,61.469387,43,205.380,377.782,255,8
1778134341992113,67895759,1013,62.020409,43,201.738,379.739,255,8
1778134341992113,67905738,1023,62.632656,43,197.668,381.873,255,8
1778134341993123,67915696,1032,63.183670,42,189.475,374.832,255,8
1778134341994117,67925676,1041,63.734695,42,185.862,376.637,255,8
1778134341994117,67935630,1051,64.346939,42,181.827,378.601,255,8
1778134341994117,67945611,1060,64.897957,42,178.177,380.333,255,8
1778134342010998,67955564,1069,65.448982,42,174.511,382.028,255,8
1778134342011600,67965545,1079,66.061226,42,170.419,383.871,255,8
1778134342054935,67975499,1088,66.612244,42,166.720,385.493,255,8
1778134342055927,67985478,1097,67.163261,42,163.005,387.078,255,8
1778134342055927,67995435,1106,67.714287,42,159.275,388.628,255,8
1778134342056910,68005416,1115,68.265305,42,155.530,390.142,255,8
1778134342057915,68015365,1125,68.877548,42,151.352,391.781,255,8
1778134342075008,68025341,1134,69.428574,42,147.577,393.219,255,8
1778134342081608,68035289,1143,69.979591,42,143.789,394.620,255,8
1778134342093375,68045277,1153,70.591835,42,139.564,396.134,255,8
1778134342100389,68055228,1162,71.142860,42,135.748,397.458,255,8
1778134342148790,68065213,1171,71.693878,41,128.778,389.251,255,8
1778134342148790,68075170,1180,72.244896,40,121.980,380.947,255,8
1778134342149791,68085159,1190,72.857147,39,114.954,372.673,255,8
1778134342149791,68095113,1199,73.408157,38,108.510,364.178,255,8
1778134342150772,68105097,1208,73.959183,38,105.002,365.205,255,8
1778134342165769,68115054,1217,74.510208,37,98.815,356.561,255,8
1778134342166860,68125028,1227,75.122444,37,94.999,357.596,255,8
1778134342179529,68134984,1236,75.673470,37,91.556,358.493,255,8
1778134342234712,68144965,1245,76.224487,37,88.104,359.357,255,8
1778134342235337,68154920,1254,76.775505,37,84.644,360.188,255,8
1778134342235337,68164901,1264,77.387756,37,80.790,361.072,255,8
1778134342236437,68174855,1273,77.938774,37,77.314,361.832,255,8
1778134342236437,68184839,1282,78.489792,37,73.831,362.559,255,8
1778134342237416,68194794,1291,79.040817,37,70.341,363.252,255,8
1778134342252727,68204769,1301,79.653061,37,66.455,363.983,255,8
1778134342295375,68214720,1310,80.204079,37,62.952,364.605,255,8
1778134342295375,68224694,1319,80.755104,37,59.442,365.194,255,8
1778134342296391,68234643,1328,81.306122,37,55.927,365.749,255,8
1778134342297001,68244625,1338,81.918365,37,52.016,366.325,255,8
1778134342297001,68254575,1347,82.469391,37,48.491,366.809,255,8
1778134342313479,68264547,1356,83.020409,37,44.961,367.258,255,8
1778134342315477,68274501,1365,83.571426,37,41.427,367.674,255,8
1778134342332212,68284478,1375,84.183670,37,37.496,368.095,255,8
1778134342373787,68294419,1384,84.734695,37,33.954,368.439,255,8
1778134342375279,68304395,1393,85.285713,37,30.409,368.748,255,8
1778134342375279,68314351,1402,85.836731,37,26.862,369.024,255,8
1778134342376072,68324330,1412,86.448982,37,22.917,369.290,255,8
1778134342376740,68334282,1421,87.000000,38,19.888,379.479,255,8
1778134342391864,68344260,1430,87.551018,38,16.237,379.653,255,8
1778134342435900,68354210,1439,88.102043,38,12.585,379.792,255,8
1778134342436893,68364185,1449,88.714287,38,8.526,379.904,255,8
1778134342437894,68374136,1458,89.265305,38,4.873,379.969,255,8
1778134342437894,68384114,1467,89.816330,38,1.218,379.998,255,8
1778134342438894,68394069,1476,90.367348,38,-2.436,379.992,255,8
1778134342454914,68404051,1485,90.918365,39,-6.251,389.950,255,8
1778134342454914,68414003,1495,91.530609,40,-10.684,399.857,255,8
1778134342472115,68423991,1504,92.081627,41,-14.893,409.729,255,8
1778134342474115,68433940,1513,92.632652,41,-18.832,409.567,255,8
1778134342522908,68443926,1523,93.244896,41,-23.208,409.343,255,8
1778134342523485,68453874,1532,93.795914,41,-27.143,409.101,255,8
1778134342524598,68463858,1541,94.346939,41,-31.076,408.821,255,8
1778134342524944,68473809,1550,94.897957,42,-35.860,418.466,255,8
1778134342525709,68483785,1559,95.448982,42,-39.883,418.102,255,8
1778134342541801,68493735,1569,96.061226,42,-44.348,417.652,255,8
1778134342543331,68503716,1578,96.612244,42,-48.363,417.206,255,8
1778134342588963,68513665,1587,97.163269,42,-52.373,416.722,255,8
1778134342588963,68523644,1596,97.714294,42,-56.378,416.199,255,8
1778134342590104,68533589,1605,98.265305,42,-60.378,415.637,255,8
1778134342590732,68543572,1615,98.877556,42,-64.816,414.969,255,8
1778134342608201,68553523,1624,99.428574,42,-68.804,414.326,255,8
1778134342608201,68563497,1633,99.979591,42,-72.785,413.645,255,8
1778134342660369,68573445,1642,100.530609,42,-76.760,412.926,255,8
1778134342661962,68583428,1651,101.081635,42,-80.727,412.169,255,8
1778134342661962,68593375,1661,101.693871,42,-85.127,411.283,255,8
1778134342663095,68603354,1670,102.244896,42,-89.078,410.445,255,8
1778134342664073,68613301,1679,102.795921,42,-93.021,409.569,255,8
1778134342664691,68623281,1688,103.346939,42,-96.956,408.656,255,8
1778134342680510,68633231,1697,103.897964,42,-100.881,407.705,255,8
1778134342681479,68643208,1707,104.510201,42,-105.232,406.603,255,8
1778134342725734,68653159,1716,105.061226,42,-109.137,405.572,255,8
1778134342726838,68663131,1725,105.612251,42,-113.033,404.504,255,8
1778134342727830,68673079,1734,106.163269,42,-116.918,403.398,255,8
1778134342727830,68683055,1743,106.714279,42,-120.792,402.255,255,8
1778134342745201,68693001,1752,107.265305,42,-124.655,401.075,255,8
1778134342745201,68702978,1762,107.877556,42,-128.933,399.720,255,8
1778134342798284,68712922,1771,108.428566,43,-135.932,407.949,255,8
1778134342798284,68722901,1780,108.979591,42,-136.597,397.166,255,8
1778134342799282,68732851,1789,109.530609,43,-143.753,405.259,255,8
1778134342800319,68742826,1798,110.081635,43,-147.644,403.858,255,8
1778134342800319,68752777,1807,110.632660,43,-151.521,402.419,255,8
1778134342801289,68762749,1817,111.244896,43,-155.813,400.777,255,8
1778134342815884,68772695,1826,111.795921,43,-159.660,399.260,255,8
1778134342872062,68782667,1835,112.346939,43,-163.492,397.706,255,8
1778134342873080,68792614,1844,112.897957,43,-167.309,396.116,255,8
1778134342873080,68802604,1853,113.448975,43,-171.111,394.488,255,8
1778134342874068,68812556,1863,114.061226,43,-175.316,392.637,255,8
1778134342874068,68822530,1872,114.612236,43,-179.084,390.933,255,8
1778134342875068,68832480,1881,115.163261,43,-182.836,389.193,255,8
1778134342891170,68842458,1890,115.714287,43,-186.570,387.417,255,8
1778134342892169,68852411,1899,116.265305,43,-190.287,385.604,255,8
1778134342934070,68862388,1909,116.877548,44,-198.917,392.469,255,8
1778134342935051,68872339,1918,117.428574,44,-202.683,390.538,255,8
1778134342936063,68882314,1927,117.979591,44,-206.429,388.570,255,8
1778134342936063,68892265,1936,118.530617,44,-210.156,386.567,255,8
1778134342954910,68902247,1945,119.081635,44,-213.864,384.528,255,8
1778134342954910,68912190,1954,119.632645,44,-217.552,382.454,255,8
1778134343003010,68922174,1963,120.183670,44,-221.220,380.344,255,8
1778134343004029,68932130,1973,120.795921,44,-225.272,377.958,255,8
1778134343004934,68942106,1982,121.346931,44,-228.896,375.775,255,8
1778134343005963,68952068,1991,121.897957,44,-232.500,373.556,255,8
1778134343005963,68962050,2000,122.448975,44,-236.081,371.303,255,8
1778134343021513,68972008,2009,123.000000,45,-245.088,377.402,255,8
1778134343022519,68981988,2019,123.612244,45,-249.106,374.761,255,8
1778134343028519,68991948,2028,124.163261,45,-252.699,372.348,255,8
1778134343076522,69001929,2037,124.714287,45,-256.268,369.901,255,8
1778134343076522,69011884,2046,125.265312,45,-259.814,367.419,255,8
1778134343077516,69021866,2055,125.816330,45,-263.335,364.904,255,8
1778134343078513,69031818,2064,126.367340,45,-266.832,362.354,255,8
1778134343078513,69041801,2073,126.918365,45,-270.304,359.771,255,8
1778134343130366,69051757,2083,127.530617,46,-280.225,364.793,255,8
1778134343130366,69061738,2092,128.081635,46,-283.720,362.081,255,8
1778134343131331,69071703,2101,128.632645,46,-287.189,359.336,255,8
1778134343132345,69081676,2110,129.183670,46,-290.632,356.557,255,8
1778134343132981,69091638,2119,129.734695,46,-294.047,353.746,255,8
1778134343149461,69101623,2128,130.285721,47,-303.902,358.530,255,8
1778134343150475,69111576,2137,130.836746,47,-307.336,355.591,255,8
1778134343158101,69121562,2146,131.387756,47,-310.741,352.619,255,8
1778134343170508,69131516,2155,131.938766,47,-314.118,349.614,255,8
1778134343214039,69141497,2165,132.551025,47,-317.836,346.237,255,8
1778134343214545,69151453,2174,133.102036,47,-321.151,343.165,255,8
1778134343215572,69161429,2183,133.653061,48,-331.339,347.296,255,8
1778134343216595,69171385,2192,134.204086,48,-334.664,344.093,255,8
1778134343216595,69181358,2201,134.755096,48,-337.957,340.859,255,8
1778134343232606,69191310,2210,135.306122,48,-341.220,337.593,255,8
1778134343276451,69201291,2219,135.857147,48,-344.451,334.296,255,8
1778134343277480,69211245,2228,136.408157,48,-347.650,330.968,255,8
1778134343278470,69221216,2237,136.959183,48,-350.816,327.609,255,8
1778134343278470,69231178,2247,137.571426,49,-361.678,330.589,255,8
1778134343278470,69241156,2256,138.122452,48,-357.395,320.420,255,8
1778134343295777,69251108,2265,138.673462,49,-367.970,323.571,255,8
1778134343296385,69261090,2274,139.224487,49,-371.064,320.018,255,8
1778134343337496,69271049,2283,139.775513,49,-374.125,316.434,255,8
1778134343339085,69281024,2292,140.326538,49,-377.151,312.822,255,8
1778134343339085,69290978,2301,140.877548,49,-380.142,309.180,255,8
1778134343340193,69300959,2310,141.428574,50,-390.916,311.745,255,8
1778134343355816,69310913,2319,141.979584,49,-386.018,301.812,255,8
1778134343355816,69320892,2329,142.591827,50,-397.164,303.745,255,8
1778134343371568,69330846,2338,143.142853,51,-408.068,305.909,255,8
1778134343412218,69340830,2347,143.693878,52,-419.050,307.892,255,8
1778134343412218,69350787,2356,144.244904,52,-421.991,303.847,255,8
1778134343413347,69360765,2365,144.795914,57,-465.749,328.600,255,8
1778134343414342,69370727,2374,145.346939,60,-493.566,341.163,255,8
1778134343415320,69380706,2383,145.897949,60,-496.824,336.401,255,8
1778134343432454,69390661,2392,146.448975,61,-508.370,337.134,255,8
1778134343475129,69400649,2401,147.000000,62,-519.976,337.676,255,8
1778134343476145,69410611,2410,147.551025,64,-540.077,343.391,255,8
1778134343476145,69420593,2419,148.102051,65,-551.844,343.465,255,8
1778134343477130,69430549,2428,148.653061,63,-538.041,327.738,255,8
1778134343477130,69440532,2437,149.204071,60,-515.398,307.189,255,8
1778134343492856,69450487,2446,149.755096,59,-509.689,297.181,255,8
1778134343494364,69460470,2455,150.306122,59,-512.524,292.266,255,8
1778134343512407,69470418,2464,150.857147,61,-532.779,297.063,255,8
1778134343514414,69480398,2473,151.408173,65,-570.733,311.068,255,8
1778134343560960,69490351,2482,151.959183,65,-573.698,305.565,255,8
1778134343561479,69500332,2491,152.510208,65,-576.611,300.034,255,8
1778134343561479,69510283,2500,153.061218,65,-579.469,294.475,255,8
1778134343562990,69520261,2509,153.612244,66,-591.232,293.333,255,8
1778134343562990,69530219,2518,154.163269,65,-585.026,283.275,255,8
1778134343580508,69540198,2527,154.714294,65,-587.723,277.636,255,8
1778134343638778,69550153,2536,155.265305,65,-590.366,271.971,255,8
1778134343639761,69560134,2545,155.816330,65,-592.954,266.281,255,8
1778134343639761,69570093,2554,156.367340,66,-604.649,264.575,255,8
1778134343640672,69580077,2563,156.918365,66,-607.165,258.748,255,8
1778134343640672,69590035,2572,157.469391,66,-609.625,252.897,255,8
1778134343640672,69600013,2581,158.020416,67,-621.303,250.765,255,8
1778134343656660,69609964,2590,158.571426,67,-623.685,244.779,255,8
1778134343657667,69619944,2599,159.122452,67,-626.011,238.769,255,8
1778134343700603,69629900,2608,159.673462,67,-628.278,232.738,255,8
1778134343700603,69639884,2617,160.224487,66,-621.077,223.302,255,8
1778134343701586,69649842,2626,160.775513,66,-623.196,217.318,255,8
1778134343701586,69659828,2635,161.326538,66,-625.257,211.315,255,8
1778134343702586,69669785,2643,161.816330,64,-608.039,199.721,255,8
1778134343717676,69679765,2652,162.367355,63,-600.401,190.835,255,8
1778134343762345,69689729,2661,162.918365,62,-592.650,182.115,255,8
1778134343762345,69699715,2670,163.469391,61,-584.787,173.562,255,8
1778134343763356,69709669,2679,164.020401,61,-586.429,167.930,255,8
1778134343763356,69719644,2688,164.571426,61,-588.017,162.282,255,8
1778134343764392,69729596,2697,165.122452,61,-589.551,156.620,255,8
1778134343779245,69739586,2706,165.673477,61,-591.030,150.943,255,8
1778134343830764,69749541,2715,166.224487,62,-602.166,147.633,255,8
1778134343831772,69759517,2723,166.714294,62,-603.406,142.480,255,8
1778134343831772,69769473,2732,167.265305,62,-604.749,136.671,255,8
1778134343832773,69779453,2741,167.816330,60,-586.486,126.628,255,8
1778134343832773,69789409,2750,168.367340,59,-577.882,118.965,255,8
1778134343832773,69799389,2759,168.918365,58,-569.186,111.480,255,8
1778134343848763,69809348,2768,169.469391,62,-609.558,113.312,255,8
1778134343851458,69819327,2777,170.020416,65,-640.165,112.643,255,8
1778134343869382,69829286,2785,170.510208,69,-680.557,113.762,255,8
1778134343870372,69839266,2794,171.061234,83,-819.920,128.964,255,8
1778134343886677,69849218,2803,171.612244,87,-860.694,126.908,255,8
1778134343931039,69859208,2811,172.102036,88,-871.653,120.920,255,8
1778134343932122,69869162,2820,172.653061,90,-892.611,115.089,255,8
1778134343932122,69879136,2829,173.204071,119,-1181.639,140.817,255,8
1778134343932122,69889091,2837,173.693878,184,-1828.867,202.107,255,8
1778134343933082,69899079,2846,174.244904,185,-1840.675,185.512,255,8
1778134343950336,69909039,2854,174.734695,174,-1732.658,159.676,255,8
1778134343950944,69919024,2863,175.285721,155,-1544.756,127.390,255,8
1778134344001273,69928978,2872,175.836746,127,-1266.649,92.200,255,8
1778134344002380,69938961,2880,176.326538,110,-1097.740,70.477,255,8
1778134344003302,69948923,2889,176.877548,100,-998.515,54.470,255,8
1778134344003817,69958930,2898,177.428574,94,-939.053,42.173,255,8
1778134344004819,69968887,2906,177.918365,90,-899.406,32.691,255,8
1778134344027216,69978870,2915,178.469391,90,-899.679,24.040,255,8
1778134344028214,69988825,2923,178.959183,91,-909.850,16.530,255,8
1778134344029216,69998813,2932,179.510208,94,-939.966,8.035,255,8
1778134344050517,70008751,2941,180.061218,100,-999.999,-1.068,255,8
1778134344050517,70018734,2949,180.551010,106,-1059.951,-10.194,255,8
1778134344094158,70028695,2958,181.102051,114,-1139.789,-21.926,255,8
1778134344094158,70038685,2966,181.591843,124,-1239.521,-34.446,255,8
1778134344096274,70048647,2975,182.142853,135,-1349.056,-50.478,255,8
1778134344096878,70058633,2984,182.693878,148,-1478.364,-69.560,255,8
1778134344098977,70068590,2992,183.183670,161,-1607.515,-89.414,255,8
1778134344115022,70078572,3001,183.734680,173,-1726.326,-112.686,255,8
1778134344120025,70088529,3009,184.224472,184,-1835.001,-135.542,255,8
1778134344173039,70098516,3018,184.775513,191,-1903.369,-159.011,255,8
1778134344173039,70108478,3026,185.265305,184,-1832.236,-168.852,255,8
1778134344174021,70118459,3035,185.816315,169,-1681.300,-171.264,255,8
1778134344174649,70128418,3043,186.306137,165,-1640.016,-181.237,255,8
1778134344174649,70138397,3052,186.857147,168,-1667.983,-200.582,255,8
1778134344190058,70148344,3061,187.408157,155,-1537.062,-199.852,255,8
1778134344191065,70158325,3069,187.897964,118,-1168.807,-162.143,255,8
1778134344197763,70168297,3078,188.448975,91,-900.124,-133.705,255,8
1778134344210966,70178283,3087,188.999985,83,-819.781,-129.840,255,8
1778134344262879,70188238,3095,189.489807,80,-789.052,-131.898,255,8
1778134344262879,70198219,3104,190.040817,76,-748.360,-132.506,255,8
1778134344263820,70208178,3113,190.591827,81,-796.199,-148.887,255,8
1778134344264809,70218161,3121,191.081650,96,-942.100,-184.519,255,8
1778134344264809,70228118,3130,191.632660,93,-910.898,-187.522,255,8
1778134344266318,70238103,3138,192.122452,85,-831.046,-178.501,255,8
1778134344292244,70248051,3147,192.673462,115,-1121.982,-252.303,255,8
1778134344293304,70258036,3156,193.224487,164,-1596.509,-375.178,255,8
1778134344314271,70267995,3164,193.714279,175,-1700.108,-414.890,255,8
1778134344314918,70277978,3173,194.265289,177,-1715.422,-436.149,255,8
1778134344316926,70287938,3181,194.755112,179,-1730.972,-455.892,255,8
1778134344359933,70297922,3190,195.306122,178,-1716.862,-469.877,255,8
1778134344360971,70307877,3199,195.857132,174,-1673.786,-475.437,255,8
1778134344361867,70317860,3207,196.346954,164,-1573.703,-461.583,255,8
1778134344361867,70327824,3216,196.897964,164,-1569.191,-476.696,255,8
1778134344377062,70337806,3225,197.448975,159,-1516.835,-476.772,255,8
1778134344378086,70347754,3233,197.938782,123,-1170.205,-378.841,255,8
1778134344423289,70357736,3242,198.489792,106,-1005.283,-336.164,255,8
1778134344424326,70367721,3250,198.979584,92,-869.984,-299.213,255,8
1778134344424326,70377711,3259,199.530624,87,-819.943,-290.850,255,8
1778134344425276,70387666,3267,200.020416,86,-808.031,-294.425,255,8
1778134344425868,70397647,3276,200.571426,85,-795.800,-298.669,255,8
1778134344440990,70407607,3285,201.122437,85,-792.891,-306.308,255,8
1778134344446969,70417591,3293,201.612259,85,-790.243,-313.075,255,8
1778134344515703,70427546,3302,202.163269,85,-787.196,-320.660,255,8
1778134344516690,70437532,3311,202.714279,85,-784.076,-328.216,255,8
1778134344516690,70447491,3319,203.204086,86,-790.432,-338.846,255,8
1778134344517731,70457472,3328,203.755096,87,-796.290,-350.460,255,8
1778134344518693,70467431,3336,204.244888,89,-811.501,-365.467,255,8
1778134344518693,70477421,3345,204.795929,91,-826.105,-381.643,255,8
1778134344519713,70487382,3353,205.285721,94,-849.938,-401.505,255,8
1778134344534412,70497368,3362,205.836731,96,-864.038,-418.376,255,8
1778134344535384,70507330,3371,206.387772,97,-868.932,-431.111,255,8
1778134344588433,70517311,3379,206.877563,97,-865.215,-438.523,255,8
1778134344588433,70527274,3388,207.428574,97,-860.958,-446.823,255,8
1778134344589537,70537268,3397,207.979584,96,-847.790,-450.391,255,8
1778134344589537,70547227,3405,208.469391,95,-835.118,-452.855,255,8
1778134344590545,70557217,3414,209.020401,93,-813.236,-451.163,255,8
1778134344606502,70567175,3423,209.571411,92,-800.162,-454.027,255,8
1778134344607028,70577161,3431,210.061234,92,-796.251,-460.851,255,8
1778134344649288,70587123,3440,210.612244,92,-791.783,-468.487,255,8
1778134344650283,70597105,3449,211.163254,92,-787.241,-476.080,255,8
1778134344650283,70607067,3457,211.653076,92,-783.142,-482.793,255,8
1778134344651282,70617052,3466,212.204086,93,-786.924,-495.631,255,8
1778134344666853,70627009,3475,212.755096,93,-782.122,-503.176,255,8
1778134344666853,70636988,3484,213.306122,94,-785.604,-516.165,255,8
1778134344673947,70646946,3492,213.795914,96,-797.783,-533.987,255,8
1778134344686004,70656927,3501,214.346924,96,-792.611,-541.634,255,8
1778134344732485,70666882,3510,214.897964,97,-795.567,-554.953,255,8
1778134344733578,70676841,3518,215.387756,99,-807.099,-573.316,255,8
1778134344734562,70686797,3527,215.938766,104,-842.031,-610.397,255,8
1778134344734562,70696779,3536,216.489807,108,-868.280,-642.254,255,8
1778134344734562,70706739,3545,217.040817,110,-878.027,-662.622,255,8
1778134344749588,70716723,3553,217.530609,112,-888.191,-682.287,255,8
1778134344794389,70726680,3562,218.081635,112,-881.589,-690.798,255,8
1778134344795390,70736668,3571,218.632645,113,-882.716,-705.487,255,8
1778134344796401,70746624,3579,219.122437,113,-876.653,-713.007,255,8
1778134344796401,70756609,3588,219.673477,112,-862.059,-715.021,255,8
1778134344796401,70766567,3597,220.224487,112,-855.143,-723.278,255,8
1778134344812835,70776548,3606,220.775528,113,-855.720,-738.000,255,8
1778134344812835,70786505,3615,221.326538,113,-848.583,-746.195,255,8
1778134344866126,70796488,3623,221.816330,113,-842.173,-753.422,255,8
1778134344867131,70806443,3632,222.367340,112,-827.500,-754.747,255,8
1778134344868050,70816425,3641,222.918365,112,-820.204,-762.670,255,8
1778134344868050,70826384,3649,223.408157,111,-806.389,-762.782,255,8
1778134344869048,70836367,3658,223.959167,110,-791.818,-763.560,255,8
1778134344882989,70846326,3667,224.510208,109,-777.307,-764.130,255,8
1778134344882989,70856304,3675,225.000000,109,-770.746,-770.746,255,8
1778134344925108,70866260,3684,225.551010,109,-763.299,-778.123,255,8
1778134344926115,70876238,3693,226.102051,108,-748.846,-778.222,255,8
1778134344927129,70886186,3701,226.591843,109,-749.038,-791.860,255,8
1778134344927129,70896171,3710,227.142853,109,-741.388,-799.026,255,8
1778134344942416,70906131,3719,227.693878,109,-733.670,-806.120,255,8
1778134344942416,70916118,3728,228.244888,110,-732.543,-820.598,255,8
1778134344951106,70926077,3736,228.734680,111,-732.097,-834.346,255,8
1778134344962380,70936062,3745,229.285721,111,-724.039,-841.349,255,8
1778134345009103,70946026,3754,229.836731,111,-715.914,-848.273,255,8
1778134345009103,70956011,3762,230.326523,112,-715.021,-862.059,255,8
1778134345010091,70965978,3771,230.877563,113,-713.007,-876.653,255,8
1778134345010091,70975969,3780,231.428574,116,-723.248,-906.925,255,8
1778134345011107,70985917,3788,231.918365,117,-721.637,-920.945,255,8
1778134345026694,70995904,3797,232.469391,117,-712.747,-927.843,255,8
1778134345070163,71005867,3806,233.020401,115,-691.760,-918.677,255,8
1778134345071165,71015851,3814,233.510193,115,-683.882,-924.557,255,8
1778134345071165,71025805,3823,234.061234,115,-674.958,-931.091,255,8
1778134345072163,71035787,3832,234.612244,115,-665.973,-937.539,255,8
1778134345072163,71045745,3840,235.102036,114,-652.213,-934.996,255,8
1778134345088244,71055737,3849,235.653076,114,-643.191,-941.226,255,8
1778134345089355,71065697,3857,236.142868,114,-635.121,-946.689,255,8
1778134345104697,71075687,3866,236.693878,113,-620.497,-944.396,255,8
1778134345147982,71085646,3875,237.244904,115,-622.207,-967.140,255,8
1778134345147982,71095635,3883,237.734695,116,-619.255,-980.879,255,8
1778134345147982,71105598,3892,238.285706,116,-609.793,-986.789,255,8
1778134345149573,71115581,3900,238.775497,117,-606.520,-1000.517,255,8
1778134345149573,71124539,3909,239.326538,118,-601.971,-1014.905,255,8
1778134345165357,71135526,3917,239.816330,119,-598.301,-1028.658,255,8
1778134345208028,71145488,3926,240.367340,119,-588.381,-1034.364,255,8
1778134345208028,71155473,3934,240.857132,117,-569.777,-1021.887,255,8
1778134345209612,71165431,3943,241.408173,113,-540.780,-992.198,255,8
1778134345209612,71175420,3951,241.897964,110,-518.148,-970.321,255,8
1778134345209612,71185379,3960,242.448975,106,-490.291,-939.795,255,8
1778134345226134,71195362,3968,242.938782,103,-468.591,-917.237,255,8
1778134345230145,71205322,3976,243.428574,100,-447.313,-894.377,255,8
1778134345304040,71215327,3985,243.979584,98,-429.918,-880.665,255,8
1778134345305097,71225288,3993,244.469376,97,-418.064,-875.284,255,8
1778134345305097,71235272,4002,245.020416,96,-405.403,-870.200,255,8
1778134345306044,71245228,4010,245.510208,94,-389.659,-855.433,255,8
1778134345306044,71255215,4019,246.061218,92,-373.299,-840.861,255,8
1778134345307048,71265165,4027,246.551010,80,-318.346,-733.932,255,8
1778134345307048,71275159,4035,247.040802,63,-245.748,-580.093,255,8
1778134345307048,71285268,4044,247.591843,56,-213.473,-517.715,255,8
1778134345323883,71295103,4052,248.081635,54,-201.574,-500.967,255,8
1778134345330885,71305065,4061,248.632645,53,-193.104,-493.570,255,8
1778134345343769,71315048,4070,249.183670,53,-188.348,-495.404,255,8
1778134345384849,71325002,4078,249.673462,53,-184.106,-496.996,255,8
1778134345385927,71334984,4087,250.224487,53,-179.318,-498.743,255,8
1778134345386935,71344945,4096,250.775513,53,-174.513,-500.445,255,8
1778134345386935,71354927,4104,251.265305,53,-170.229,-501.918,255,8
1778134345386935,71364883,4113,251.816315,53,-165.394,-503.532,255,8
1778134345402681,71374856,4121,252.306137,52,-158.044,-495.401,255,8
1778134345446183,71384809,4130,252.857147,52,-153.273,-496.898,255,8
1778134345446183,71394794,4139,253.408157,52,-148.487,-498.349,255,8
1778134345447305,71404742,4147,253.897964,52,-144.221,-499.600,255,8
1778134345447305,71414718,4156,254.448975,52,-139.410,-500.964,255,8
1778134345447305,71424672,4165,255.000000,52,-134.586,-502.281,255,8
1778134345462680,71434646,4173,255.489792,52,-130.287,-503.414,255,8
1778134345470410,71444601,4182,256.040833,52,-125.440,-504.643,255,8
1778134345482099,71454574,4191,256.591827,52,-120.581,-505.826,255,8
1778134345528954,71464532,4199,257.081635,52,-116.253,-506.839,255,8
1778134345528954,71474507,4208,257.632660,52,-111.373,-507.933,255,8
1778134345528954,71484467,4216,258.122437,52,-107.027,-508.867,255,8
1778134345528954,71494445,4225,258.673462,52,-102.128,-509.872,255,8
1778134345530544,71504398,4234,259.224487,52,-97.220,-510.831,255,8
1778134345546286,71514370,4242,259.714294,52,-92.850,-511.643,255,8
1778134345546286,71524325,4251,260.265289,52,-87.925,-512.513,255,8
1778134345591203,71534301,4259,260.755127,52,-83.540,-513.246,255,8
1778134345591203,71544261,4268,261.306122,52,-78.601,-514.025,255,8
1778134345592758,71554241,4277,261.857147,52,-73.654,-514.757,255,8
1778134345592758,71564196,4285,262.346924,52,-69.251,-515.368,255,8
1778134345596845,71574176,4294,262.897949,51,-63.055,-506.087,255,8
1778134345614706,71584134,4302,263.387756,51,-58.726,-506.608,255,8
1778134345615800,71594122,4311,263.938751,51,-53.852,-507.149,255,8
1778134345659788,71604074,4320,264.489807,51,-48.972,-507.643,255,8
1778134345660759,71614051,4328,264.979584,51,-44.630,-508.043,255,8
1778134345660759,71624001,4337,265.530609,51,-39.743,-508.449,255,8
1778134345661708,71633982,4345,266.020416,51,-35.395,-508.770,255,8
1778134345677233,71643937,4354,266.571442,51,-30.500,-509.087,255,8
1778134345678231,71653922,4362,267.061218,51,-26.147,-509.329,255,8
1778134345722808,71663877,4371,267.612244,51,-21.248,-509.557,255,8
1778134345723914,71673857,4379,268.102051,51,-16.891,-509.720,255,8
1778134345723914,71683813,4388,268.653046,51,-11.988,-509.859,255,8
1778134345724919,71693802,4397,269.204102,51,-7.084,-509.951,255,8
1778134345724919,71703761,4405,269.693878,51,-2.725,-509.993,255,8
1778134345741229,71713745,4414,270.244904,51,2.180,-509.995,255,8
1778134345746931,71723710,4422,270.734680,51,6.539,-509.958,255,8
1778134345760310,71733694,4431,271.285736,51,11.444,-509.872,255,8
1778134345807591,71743655,4439,271.775513,51,15.802,-509.755,255,8
1778134345808668,71753634,4448,272.326538,51,20.703,-509.580,255,8
1778134345809181,71763596,4456,272.816315,51,25.058,-509.384,255,8
1778134345809181,71773578,4465,273.367340,51,29.956,-509.119,255,8
1778134345810270,71783538,4473,273.857147,51,34.307,-508.845,255,8
1778134345826195,71793523,4482,274.408142,51,39.199,-508.491,255,8
1778134345827275,71803482,4491,274.959198,51,44.088,-508.091,255,8
1778134345870052,71813466,4499,275.448975,51,48.429,-507.695,255,8
1778134345871140,71823424,4508,276.000000,51,53.310,-507.206,255,8
1778134345872131,71833410,4516,276.489777,51,57.643,-506.732,255,8
1778134345873129,71843370,4525,277.040833,51,62.514,-506.154,255,8
1778134345873129,71853351,4533,277.530609,51,66.838,-505.601,255,8
1778134345888360,71863313,4542,278.081635,51,71.698,-504.935,255,8
1778134345937106,71873294,4550,278.571442,51,76.012,-504.304,255,8
1778134345938128,71883256,4559,279.122437,51,80.858,-503.549,255,8
1778134345938128,71893238,4567,279.612244,51,85.160,-502.840,255,8
1778134345939125,71903196,4576,280.163269,51,89.991,-501.998,255,8
1778134345939732,71913179,4584,280.653076,52,96.128,-511.038,255,8
1778134345941807,71923135,4593,281.204071,52,101.038,-510.090,255,8
1778134345956191,71933115,4601,281.693878,52,105.395,-509.207,255,8
1778134346002936,71943072,4610,282.244904,52,110.287,-508.170,255,8
1778134346003547,71953052,4618,282.734711,52,114.627,-507.209,255,8
1778134346004630,71963014,4627,283.285706,52,119.500,-506.083,255,8
1778134346005629,71972990,4635,283.775513,51,121.440,-495.330,255,8
1778134346005629,71982942,4644,284.326538,50,123.724,-484.451,255,8
1778134346021330,71992932,4652,284.816315,51,130.418,-493.043,255,8
1778134346021330,72002896,4661,285.367340,53,140.453,-511.051,255,8
1778134346039668,72012885,4669,285.857147,53,144.817,-509.831,255,8
1778134346040668,72022850,4677,286.346954,53,149.170,-508.575,255,8
1778134346094797,72032836,4686,286.897949,53,154.054,-507.117,255,8
1778134346096418,72042800,4694,287.387756,53,158.384,-505.781,255,8
1778134346096418,72052787,4703,287.938782,53,163.240,-504.235,255,8
1778134346097518,72062747,4711,288.428589,53,167.545,-502.821,255,8
1778134346097518,72072737,4720,288.979584,53,172.373,-501.186,255,8
1778134346100513,72082700,4728,289.469391,54,179.984,-509.123,255,8
1778134346116383,72092688,4737,290.020416,54,184.872,-507.368,255,8
1778134346128744,72102651,4745,290.510223,54,189.202,-505.769,255,8
1778134346129749,72112638,4754,291.061218,54,194.057,-503.926,255,8
1778134346172816,72122607,4762,291.551025,54,198.358,-502.249,255,8
1778134346173802,72132589,4771,292.102051,55,206.942,-509.583,255,8
1778134346173802,72142562,4779,292.591827,55,211.290,-507.796,255,8
1778134346174846,72152548,4788,293.142853,55,216.164,-505.740,255,8
1778134346190668,72162513,4796,293.632629,55,220.479,-503.874,255,8
1778134346190668,72172498,4805,294.183685,55,225.315,-501.730,255,8
1778134346234730,72182460,4813,294.673462,55,229.595,-499.786,255,8
1778134346235730,72192442,4822,295.224487,55,234.391,-497.555,255,8
1778134346235730,72202408,4830,295.714294,55,238.636,-495.533,255,8
1778134346235730,72212394,4839,296.265320,55,243.391,-493.215,255,8
1778134346250253,72222358,4847,296.755096,56,252.100,-500.046,255,8
1778134346251357,72232334,4856,297.306122,56,256.897,-497.598,255,8
1778134346259050,72242292,4864,297.795929,56,261.141,-495.384,255,8
1778134346270224,72252269,4873,298.346924,56,265.893,-492.850,255,8
1778134346316104,72262235,4881,298.836731,55,265.273,-481.799,255,8
1778134346317097,72272215,4890,299.387756,55,269.895,-479.225,255,8
1778134346317097,72282167,4898,299.877563,56,278.963,-485.571,255,8
1778134346318104,72292153,4907,300.428558,56,283.620,-482.866,255,8
1778134346318104,72302107,4915,300.918365,56,287.737,-480.424,255,8
1778134346334175,72312098,4924,301.469391,56,292.344,-477.635,255,8
1778134346377032,72322062,4933,302.020416,56,296.924,-474.801,255,8
1778134346378037,72332043,4941,302.510193,56,300.972,-472.246,255,8
1778134346378037,72341998,4949,303.000000,57,310.444,-478.042,255,8
1778134346379034,72351988,4958,303.551025,57,315.027,-475.035,255,8
1778134346379034,72361946,4967,304.102020,57,319.581,-471.983,255,8
1778134346397936,72371934,4975,304.591827,57,323.604,-469.234,255,8
1778134346398898,72381904,4983,305.081635,57,327.603,-466.450,255,8
1778134346413406,72391882,4992,305.632660,58,337.900,-471.406,255,8
1778134346453596,72401849,5000,306.122437,58,341.917,-468.500,255,8
1778134346455104,72411832,5009,306.673492,58,346.407,-465.190,255,8
1778134346456231,72421786,5017,307.163269,58,350.371,-462.212,255,8
1778134346457110,72431760,5026,307.714294,59,360.917,-466.732,255,8
1778134346457110,72441722,5034,308.204071,59,364.894,-463.630,255,8
1778134346473397,72451700,5043,308.755096,58,363.076,-452.301,255,8
1778134346517131,72461661,5051,309.244904,58,366.929,-449.180,255,8
1778134346518225,72471645,5060,309.795898,57,364.831,-437.948,255,8
1778134346519225,72481602,5068,310.285706,54,349.164,-411.928,255,8
1778134346520228,72491590,5077,310.836731,53,346.570,-400.985,255,8
1778134346520228,72501549,5085,311.326538,54,356.589,-405.518,255,8
1778134346536199,72511534,5093,311.816315,48,320.037,-357.737,255,8
1778134346536199,72521496,5102,312.367340,47,316.724,-347.255,255,8
1778134346598545,72531481,5110,312.857147,49,333.285,-359.195,255,8
1778134346599166,72541439,5119,313.408173,51,350.467,-370.503,255,8
1778134346599166,72551422,5127,313.897949,53,367.489,-381.905,255,8
1778134346600258,72561382,5136,314.448975,57,399.156,-406.908,255,8
1778134346600258,72571360,5144,314.938782,55,388.493,-389.324,255,8
1778134346601240,72581322,5153,315.489807,55,392.219,-385.570,255,8
1778134346616873,72591308,5161,315.979584,59,424.264,-410.000,255,8
1778134346618256,72601269,5169,316.469391,57,413.254,-392.583,255,8
1778134346663111,72611256,5178,317.020416,53,387.746,-361.321,255,8
1778134346663111,72621217,5186,317.510193,52,383.447,-351.239,255,8
1778134346664113,72631201,5195,318.061218,51,379.368,-340.851,255,8
1778134346664113,72641155,5203,318.551025,54,404.755,-357.455,255,8
1778134346665099,72651134,5211,319.040833,54,407.796,-353.981,255,8
1778134346681032,72661088,5220,319.591827,50,380.723,-324.114,255,8
1778134346688140,72671061,5228,320.081635,48,368.141,-308.014,255,8
1778134346699245,72681016,5237,320.632660,45,347.893,-285.430,255,8
1778134346742924,72690991,5245,321.122467,42,326.966,-263.616,255,8
1778134346744003,72700940,5253,321.612244,44,344.884,-273.231,255,8
1778134346744003,72710915,5262,322.163269,44,347.495,-269.902,255,8
1778134346745023,72720859,5270,322.653076,43,341.840,-260.855,255,8
1778134346746012,72730833,5279,323.204071,47,376.364,-281.514,255,8
1778134346761293,72740785,5287,323.693878,44,354.581,-260.524,255,8
1778134346763979,72750762,5296,324.244873,41,332.724,-239.572,255,8
1778134346808318,72760713,5304,324.734711,40,326.595,-230.945,255,8
1778134346809141,72770695,5313,325.285706,40,328.801,-227.794,255,8
1778134346810244,72780654,5321,325.775513,56,463.031,-314.965,255,8
1778134346810244,72790634,5329,326.265289,55,457.390,-305.442,255,8
1778134346827313,72800586,5338,326.816345,53,443.568,-290.082,255,8
1778134346828306,72810565,5346,327.306122,49,412.369,-264.674,255,8
1778134346897124,72820510,5355,327.857147,46,389.493,-244.735,255,8
1778134346897124,72830490,5363,328.346924,42,357.521,-220.405,255,8
1778134346898078,72840440,5371,328.836731,42,359.392,-217.341,255,8
1778134346898078,72850419,5380,329.387756,40,344.253,-203.690,255,8
1778134346899079,72860376,5388,329.877563,37,320.033,-185.684,255,8
1778134346899079,72870351,5397,330.428589,44,382.686,-217.143,255,8
1778134346900080,72880304,5405,330.918365,40,349.571,-194.422,255,8
1778134346915143,72890285,5413,331.408173,40,351.220,-191.427,255,8
1778134346916141,72902243,5423,332.020416,40,353.246,-187.663,255,8
1778134346924263,72912202,5432,332.571442,36,319.531,-165.831,255,8
1778134346972355,72922181,5440,333.061218,33,294.192,-149.503,255,8
1778134346972355,72932129,5449,333.612244,34,304.574,-151.111,255,8
1778134346973459,72942110,5457,334.102051,35,314.851,-152.869,255,8
1778134346973459,72952066,5466,334.653046,38,343.418,-162.677,255,8
1778134346974444,72962043,5474,335.142853,41,372.017,-172.346,255,8
1778134346989439,72971995,5482,335.632660,39,355.258,-160.908,255,8
1778134347034233,72981965,5491,336.183685,37,338.493,-149.408,255,8
1778134347035232,72991921,5499,336.673462,34,312.209,-134.630,255,8
1778134347035232,73001902,5508,337.224487,32,295.049,-123.879,255,8
1778134347036740,73011853,5516,337.714264,32,296.097,-121.352,255,8
1778134347036740,73021830,5525,338.265320,33,306.540,-122.202,255,8
1778134347051781,73031785,5533,338.755096,33,307.573,-119.577,255,8
1778134347052779,73041753,5542,339.306122,33,308.709,-116.614,255,8
1778134347069353,73051713,5550,339.795929,32,300.310,-110.517,255,8
1778134347115823,73061685,5559,340.346954,31,291.941,-104.260,255,8
1778134347117337,73071636,5567,340.836731,32,302.268,-105.044,255,8
1778134347118353,73081608,5576,341.387756,33,312.741,-105.323,255,8
1778134347118353,73091557,5584,341.877563,31,294.622,-96.425,255,8
1778134347118353,73101535,5593,342.428558,36,343.203,-108.682,255,8
1778134347172557,73111485,5601,342.918365,30,286.766,-88.120,255,8
1778134347172557,73121457,5610,343.469391,31,297.187,-88.204,255,8
1778134347173538,73131412,5618,343.959198,31,297.930,-85.660,255,8
1778134347173538,73141384,5627,344.510193,30,289.103,-80.120,255,8
1778134347174537,73151334,5635,345.000000,35,338.074,-90.587,255,8
1778134347174537,73161307,5644,345.551025,34,329.246,-84.836,255,8
1778134347190751,73171259,5653,346.102051,43,417.412,-103.283,255,8
1778134347191854,73181225,5661,346.591827,44,428.007,-102.030,255,8
1778134347210273,73191181,5670,347.142853,44,428.968,-97.909,255,8
1778134347211853,73201158,5678,347.632660,44,429.790,-94.239,255,8
1778134347254027,73211104,5687,348.183655,44,430.676,-90.101,255,8
1778134347254027,73221075,5695,348.673462,44,431.430,-86.416,255,8
1778134347255004,73231024,5703,349.163269,44,432.153,-82.725,255,8
1778134347255004,73241002,5712,349.714294,43,423.090,-76.779,255,8
1778134347270682,73250952,5720,350.204071,44,433.585,-74.861,255,8
1778134347270682,73260927,5729,350.755127,44,434.285,-70.688,255,8
1778134347314843,73270880,5737,351.244904,44,434.873,-66.973,255,8
1778134347315848,73280858,5746,351.795929,44,435.497,-62.788,255,8
1778134347315848,73290800,5754,352.285706,45,445.927,-60.405,255,8
1778134347315848,73300783,5763,352.836731,45,446.488,-56.114,255,8
1778134347332502,73310731,5771,353.326538,46,456.883,-53.457,255,8
1778134347332502,73320710,5780,353.877533,45,447.433,-47.994,255,8
1778134347349669,73330661,5788,354.367340,46,457.779,-45.149,255,8
1778134347349669,73340635,5797,354.918365,46,458.192,-40.745,255,8
1778134347397326,73350589,5805,355.408173,45,448.556,-36.026,255,8
1778134347398324,73360561,5813,355.897949,45,448.847,-32.190,255,8
1778134347398324,73370512,5822,356.448975,46,459.117,-28.491,255,8
1778134347399324,73380490,5830,356.938782,45,449.358,-24.031,255,8
1778134347399324,73390442,5839,357.489807,45,449.568,-19.709,255,8
1778134347452256,73400414,5847,357.979584,46,459.714,-16.218,255,8
1778134347453259,73410375,5854,358.408173,46,459.822,-12.778,255,8
1778134347453259,73420355,5857,358.591827,47,469.858,-11.550,255,8
1778134347453259,73430302,5859,358.714264,48,479.879,-10.770,255,8
1778134347454852,73440280,5859,358.714264,47,469.882,-10.546,255,8
1778134347471162,73450236,5858,358.653046,47,469.870,-11.048,255,8
1778134347472180,73460209,5857,358.591827,47,469.858,-11.550,255,8
1778134347478851,73470160,5857,358.591827,47,469.858,-11.550,255,8
1778134347492933,73480136,5857,358.591827,47,469.858,-11.550,255,8
1778134347538020,73490091,5857,358.591827,47,469.858,-11.550,255,8
1778134347538020,73500072,5857,358.591827,48,479.855,-11.796,255,8
1778134347539087,73510023,5857,358.591827,47,469.858,-11.550,255,8
1778134347540003,73520003,5855,358.469391,47,469.832,-12.554,255,8
1778134347541090,73529958,5853,358.346954,47,469.804,-13.558,255,8
1778134347557331,73539933,5852,358.285706,47,469.790,-14.060,255,8
1778134347558303,73549888,5849,358.102051,47,469.742,-15.566,255,8
1778134347605929,73559862,5846,357.918365,47,469.690,-17.072,255,8
1778134347607435,73569827,5843,357.734680,47,469.633,-18.578,255,8
1778134347607435,73579811,5840,357.551025,47,469.571,-20.083,255,8
1778134347608438,73589770,5837,357.367340,47,469.504,-21.588,255,8
1778134347608438,73599755,5834,357.183685,47,469.432,-23.093,255,8
1778134347626473,73609722,5831,357.000000,47,469.356,-24.598,255,8
1778134347628000,73619704,5827,356.755096,48,479.230,-27.170,255,8
1778134347699297,73629658,5824,356.571442,48,479.141,-28.706,255,8
1778134347700295,73639642,5820,356.326538,47,469.034,-30.113,255,8
1778134347700295,73649596,5816,356.081635,47,468.901,-32.117,255,8
1778134347701297,73659576,5812,355.836731,48,478.733,-34.847,255,8
1778134347701297,73669534,5809,355.653076,47,468.648,-35.624,255,8
1778134347701297,73679520,5804,355.346954,47,468.451,-38.127,255,8
1778134347702294,73689472,5801,355.163269,48,478.291,-40.472,255,8
1778134347717348,73699456,5796,354.857147,48,478.068,-43.027,255,8
1778134347717348,73709412,5792,354.612244,48,477.879,-45.070,255,8
1778134347767243,73719392,5788,354.367340,48,477.682,-47.112,255,8
1778134347768250,73729352,5784,354.122437,48,477.477,-49.153,255,8
1778134347768250,73739336,5779,353.816315,48,477.207,-51.704,255,8
1778134347768250,73749294,5775,353.571442,48,476.982,-53.743,255,8
1778134347769847,73759275,5771,353.326538,48,476.748,-55.781,255,8
1778134347824335,73769235,5766,353.020386,48,476.443,-58.328,255,8
1778134347825334,73779217,5761,352.714294,48,476.125,-60.872,255,8
1778134347826335,73789176,5757,352.469391,48,475.860,-62.907,255,8
1778134347826335,73799156,5753,352.224487,48,475.587,-64.940,255,8
1778134347827335,73809110,5748,351.918365,48,475.233,-67.480,255,8
1778134347827335,73819087,5743,351.612244,48,474.866,-70.018,255,8
1778134347842922,73829043,5739,351.367340,48,474.562,-72.047,255,8
1778134347849916,73839020,5733,351.000000,48,474.090,-75.089,255,8
1778134347862111,73848978,5729,350.755127,48,473.765,-77.114,255,8
1778134347867103,73858956,5724,350.448975,48,473.346,-79.644,255,8
1778134347919080,73868913,5719,350.142853,48,472.914,-82.172,255,8
1778134347920080,73878887,5714,349.836731,48,472.468,-84.698,255,8
1778134347920080,73888848,5709,349.530609,48,472.009,-87.221,255,8
1778134347921586,73898826,5704,349.224487,48,471.536,-89.742,255,8
1778134347921586,73908776,5699,348.918365,48,471.050,-92.260,255,8
1778134347938658,73918751,5693,348.551025,48,470.449,-95.278,255,8
1778134347939658,73928711,5688,348.244904,48,469.933,-97.790,255,8
1778134347951981,73938692,5683,347.938782,49,479.183,-102.389,255,8
1778134347958759,73948647,5677,347.571442,48,468.751,-103.307,255,8
1778134348008146,73958628,5672,347.265289,48,468.193,-105.810,255,8
1778134348009165,73968577,5667,346.959198,48,467.621,-108.310,255,8
1778134348009165,73978554,5661,346.591827,48,466.917,-111.306,255,8
1778134348010176,73988512,5656,346.285706,48,466.315,-113.799,255,8
1778134348011184,73998491,5650,345.918365,48,465.576,-116.786,255,8
1778134348027523,74008443,5644,345.551025,48,464.818,-119.769,255,8
1778134348028539,74018430,5639,345.244904,48,464.171,-122.250,255,8
1778134348072893,74028383,5633,344.877563,48,463.378,-125.224,255,8
1778134348074484,74038375,5627,344.510193,48,462.565,-128.192,255,8
1778134348074484,74048328,5621,344.142853,49,471.354,-133.888,255,8
1778134348075583,74058310,5615,343.775513,49,470.485,-136.907,255,8
1778134348076180,74068257,5609,343.408142,48,460.014,-137.065,255,8
1778134348091554,74078238,5603,343.040833,48,459.126,-140.011,255,8
1778134348093575,74088193,5597,342.673462,49,467.765,-145.930,255,8
1778134348146313,74098170,5591,342.306122,49,466.820,-148.926,255,8
1778134348147306,74108120,5585,341.938782,48,456.348,-148.816,255,8
1778134348147921,74118108,5579,341.571411,47,445.898,-148.578,255,8
1778134348147921,74128062,5573,341.204102,48,454.403,-154.655,255,8
1778134348147921,74138037,5567,340.836731,49,462.848,-160.848,255,8
1778134348163304,74147985,5560,340.408173,49,461.632,-164.305,255,8
1778134348164310,74157963,5554,340.040833,49,460.569,-167.262,255,8
1778134348204359,74167914,5547,339.612244,49,459.305,-170.702,255,8
1778134348205365,74177894,5541,339.244904,50,467.552,-177.187,255,8
1778134348206359,74187850,5534,338.816315,49,456.889,-177.066,255,8
1778134348206359,74197832,5528,338.448975,49,455.744,-179.992,255,8
1778134348223413,74207783,5521,338.020416,49,454.385,-183.395,255,8
1778134348223413,74217765,5515,337.653046,49,453.200,-186.305,255,8
1778134348241421,74227723,5508,337.224487,50,461.014,-193.561,255,8
1778134348242419,74237704,5501,336.795898,49,450.362,-193.064,255,8
1778134348283241,74247654,5494,336.367371,49,448.906,-196.427,255,8
1778134348283241,74257639,5487,335.938782,49,447.424,-199.779,255,8
1778134348284265,74267597,5480,335.510223,49,445.917,-203.120,255,8
1778134348285266,74277573,5474,335.142853,49,444.606,-205.975,255,8
1778134348300639,74287532,5467,334.714294,49,443.053,-209.295,255,8
1778134348301619,74297500,5459,334.224487,49,441.247,-213.075,255,8
1778134348347028,74307460,5452,333.795898,49,439.641,-216.369,255,8
1778134348348060,74317441,5445,333.367340,49,438.010,-219.652,255,8
1778134348349044,74327390,5438,332.938782,50,445.260,-227.471,255,8
1778134348349044,74337369,5431,332.510223,50,443.547,-230.795,255,8
1778134348351026,74347328,5423,332.020416,50,441.557,-234.578,255,8
1778134348366047,74357306,5416,331.591858,49,430.995,-233.117,255,8
1778134348379823,74367255,5409,331.163269,50,437.999,-241.158,255,8
1778134348380812,74377235,5401,330.673492,49,427.203,-239.995,255,8
1778134348421751,74387191,5393,330.183655,50,433.812,-248.611,255,8
1778134348422747,74397173,5386,329.755096,51,440.579,-256.886,255,8
1778134348423706,74407128,5379,329.326538,51,438.645,-260.174,255,8
1778134348423706,74417117,5371,328.836731,51,436.405,-263.914,255,8
1778134348441001,74427075,5363,328.346924,51,434.133,-267.635,255,8
1778134348441621,74437058,5355,327.857147,51,431.829,-271.336,255,8
1778134348483777,74447014,5347,327.367340,52,437.915,-280.410,255,8
1778134348484769,74456988,5340,326.938782,51,427.425,-278.223,255,8
1778134348485776,74466948,5332,326.448975,51,425.031,-281.866,255,8
1778134348487282,74476926,5324,325.959198,51,422.606,-285.489,255,8
1778134348504550,74486882,5316,325.469391,52,428.388,-294.760,255,8
1778134348505542,74496860,5308,324.979584,51,417.663,-292.673,255,8
1778134348511578,74506817,5300,324.489807,51,415.146,-296.232,255,8
1778134348579312,74516796,5292,324.000000,51,412.599,-299.770,255,8
1778134348579312,74526755,5284,323.510193,52,418.061,-309.233,255,8
1778134348580411,74536742,5275,322.959198,52,415.068,-313.239,255,8
1778134348580411,74546696,5267,322.469391,52,412.375,-316.776,255,8
1778134348581399,74556677,5259,321.979614,52,409.652,-320.290,255,8
1778134348581399,74566634,5251,321.489777,53,414.723,-330.007,255,8
1778134348581399,74576618,5242,320.938782,53,411.531,-333.980,255,8
1778134348596759,74586575,5234,320.448975,53,408.661,-337.486,255,8
1778134348597758,74596560,5225,319.897949,53,405.396,-341.400,255,8
1778134348610050,74606512,5217,319.408142,53,402.463,-344.853,255,8
1778134348664397,74616486,5208,318.857147,54,406.659,-355.287,255,8
1778134348665411,74626434,5199,318.306122,54,403.223,-359.181,255,8
1778134348665411,74636411,5191,317.816315,54,400.138,-362.615,255,8
1778134348666405,74646360,5182,317.265320,54,396.632,-366.446,255,8
1778134348666405,74656332,5173,316.714294,53,385.810,-363.387,255,8
1778134348667398,74666292,5164,316.163269,53,382.298,-367.081,255,8
1778134348683440,74676272,5155,315.612244,53,378.750,-370.741,255,8
1778134348689452,74686226,5147,315.122467,53,375.567,-373.965,255,8
1778134348702414,74696208,5138,314.571411,53,371.953,-377.559,255,8
1778134348708525,74706163,5129,314.020416,53,368.305,-381.119,255,8
1778134348756728,74716144,5120,313.469391,53,364.622,-384.643,255,8
1778134348757771,74726091,5111,312.918365,52,354.097,-380.809,255,8
1778134348757771,74736070,5102,312.367340,52,350.418,-384.197,255,8
1778134348758745,74746030,5093,311.816315,52,346.707,-387.549,255,8
1778134348758745,74756010,5083,311.204071,52,342.546,-391.231,255,8
1778134348812985,74765968,5074,310.653076,52,338.768,-394.507,255,8
1778134348814057,74775950,5065,310.102051,52,334.959,-397.747,255,8
1778134348815048,74785905,5056,309.551025,51,324.750,-393.239,255,8
1778134348815649,74795880,5047,309.000000,51,320.953,-396.344,255,8
1778134348815649,74805840,5037,308.387756,50,310.490,-391.913,255,8
1778134348815649,74815820,5028,307.836731,49,300.573,-386.983,255,8
1778134348832036,74825776,5019,307.285706,50,302.895,-397.812,255,8
1778134348840124,74835754,5010,306.734711,48,287.093,-384.678,255,8
1778134348888745,74845714,5001,306.183655,50,295.188,-403.564,255,8
1778134348889759,74855695,4992,305.632660,49,285.467,-398.257,255,8
1778134348889759,74865653,4983,305.081635,51,293.119,-417.350,255,8
1778134348890744,74875630,4973,304.469391,50,282.983,-412.214,255,8
1778134348890744,74885591,4964,303.918365,51,284.586,-423.215,255,8
1778134348905977,74895573,4955,303.367340,51,280.502,-425.932,255,8
1778134348905977,74905530,4946,302.816345,50,270.974,-420.206,255,8
1778134348948392,74915510,4937,302.265289,50,266.920,-422.793,255,8
1778134348949481,74925466,4928,301.714294,49,257.585,-416.833,255,8
1778134348949481,74935445,4919,301.163269,49,253.564,-419.291,255,8
1778134348950475,74945404,4909,300.551025,48,243.987,-413.365,255,8
1778134348965823,74955384,4900,300.000000,49,245.000,-424.352,255,8
1778134348966837,74965342,4891,299.448975,47,231.075,-409.273,255,8
1778134348982867,74975321,4882,298.897980,47,227.128,-411.476,255,8
1778134349027920,74985279,4873,298.346924,47,223.160,-413.642,255,8
1778134349028859,74995251,4864,297.795929,47,219.172,-415.769,255,8
1778134349028859,75005207,4855,297.244904,47,215.164,-417.857,255,8
1778134349029905,75015182,4846,296.693878,47,211.135,-419.907,255,8
1778134349030536,75025133,4837,296.142853,48,211.493,-430.895,255,8
1778134349047093,75035108,4828,295.591827,46,198.700,-414.871,255,8
1778134349048078,75045059,4819,295.040833,48,203.167,-434.883,255,8
1778134349095414,75055037,4810,294.489777,46,190.684,-418.616,255,8
1778134349097031,75064989,4801,293.938782,47,190.707,-429.570,255,8
1778134349097031,75074964,4792,293.387756,47,186.567,-431.385,255,8
1778134349098034,75084915,4783,292.836731,46,178.529,-423.943,255,8
1778134349099032,75094894,4774,292.285736,47,178.236,-434.893,255,8
1778134349114155,75104846,4765,291.734680,46,170.342,-427.298,255,8
1778134349115155,75114817,4755,291.122437,46,165.767,-429.094,255,8
1778134349127690,75124768,4747,290.632660,46,162.093,-430.495,255,8
1778134349170900,75134747,4737,290.020416,46,157.483,-432.203,255,8
1778134349170900,75144697,4729,289.530609,46,153.783,-433.533,255,8
1778134349172505,75154678,4720,288.979584,46,149.606,-434.992,255,8
1778134349172505,75164632,4711,288.428589,46,145.416,-436.410,255,8
1778134349173601,75174610,4702,287.877533,46,141.212,-437.789,255,8
1778134349187979,75184571,4693,287.326538,46,136.996,-439.127,255,8
1778134349234450,75194545,4684,286.775513,45,129.880,-430.849,255,8
1778134349236061,75204508,4675,286.224487,46,128.525,-441.680,255,8
1778134349236061,75214492,4666,285.673492,45,121.570,-433.268,255,8
1778134349237162,75224455,4657,285.122437,45,117.397,-434.417,255,8
1778134349237162,75234436,4648,284.571442,45,113.214,-435.526,255,8
1778134349252679,75244390,4639,284.020386,45,109.020,-436.594,255,8
1778134349252679,75254368,4630,283.469391,45,104.817,-437.623,255,8
1778134349308391,75264318,4621,282.918365,44,98.368,-428.863,255,8
1778134349309386,75274307,4612,282.367340,45,96.380,-439.558,255,8
1778134349309386,75284265,4603,281.816345,44,90.101,-430.676,255,8
1778134349310377,75294245,4594,281.265289,39,76.187,-382.486,255,8
1778134349310377,75304199,4585,280.714294,31,57.633,-304.596,255,8
1778134349311385,75314327,4576,280.163269,33,58.230,-324.822,255,8
1778134349328389,75324137,4567,279.612244,38,63.452,-374.665,255,8
1778134349391345,75334122,4558,279.061218,44,69.295,-434.509,255,8
1778134349392345,75344079,4549,278.510193,44,65.114,-435.155,255,8
1778134349393356,75354057,4541,278.020416,45,62.787,-445.598,255,8
1778134349393356,75364005,4531,277.408142,44,56.732,-436.327,255,8
1778134349394352,75373986,4523,276.918365,44,53.000,-436.796,255,8
1778134349395513,75383936,4514,276.367340,44,48.797,-437.286,255,8
1778134349396031,75393920,4505,275.816315,44,44.589,-437.735,255,8
1778134349410455,75403874,4496,275.265320,45,41.296,-448.101,255,8
1778134349410455,75413846,4487,274.714294,45,36.984,-448.478,255,8
1778134349454188,75423803,4478,274.163269,46,33.395,-458.786,255,8
1778134349455117,75433788,4469,273.612244,44,27.722,-439.126,255,8
1778134349455117,75443747,4460,273.061218,45,24.031,-449.358,255,8
1778134349456188,75453724,4451,272.510193,44,19.271,-439.578,255,8
1778134349471748,75463676,4442,271.959198,45,15.385,-449.737,255,8
1778134349471748,75473652,4433,271.408173,45,11.059,-449.864,255,8
1778134349516567,75483617,4424,270.857147,45,6.732,-449.950,255,8
1778134349516567,75493588,4415,270.306122,45,2.404,-449.994,255,8
1778134349517521,75503550,4406,269.755096,45,-1.923,-449.996,255,8
1778134349518499,75513529,4397,269.204102,46,-6.390,-459.956,255,8
1778134349520010,75523486,4388,268.653046,45,-10.578,-449.876,255,8
1778134349536566,75533468,4379,268.102051,46,-15.235,-459.748,255,8
1778134349592024,75543425,4370,267.551025,46,-19.656,-459.580,255,8
1778134349593024,75553404,4361,267.000000,46,-24.075,-459.370,255,8
1778134349593024,75563358,4352,266.448975,47,-29.111,-469.098,255,8
1778134349594026,75573342,4343,265.897949,46,-32.905,-458.822,255,8
1778134349594026,75583300,4334,265.346954,48,-38.938,-478.418,255,8
1778134349595029,75593280,4325,264.795898,48,-43.538,-478.021,255,8
1778134349610041,75603240,4316,264.244904,48,-48.133,-477.581,255,8
1778134349611048,75613221,4307,263.693878,48,-52.723,-477.096,255,8
1778134349659869,75623176,4298,263.142853,48,-57.309,-476.567,255,8
1778134349660873,75633157,4289,262.591858,48,-61.890,-475.993,255,8
1778134349660873,75643112,4280,262.040802,48,-66.465,-475.376,255,8
1778134349661867,75653093,4271,261.489807,48,-71.033,-474.715,255,8
1778134349661867,75663046,4262,260.938782,49,-77.170,-483.885,255,8
1778134349679433,75673027,4253,260.387756,49,-81.820,-483.121,255,8
1778134349679433,75682985,4244,259.836731,49,-86.462,-482.311,255,8
1778134349734314,75692971,4235,259.285706,49,-91.097,-481.458,255,8
1778134349735314,75702929,4227,258.795929,50,-97.152,-490.471,255,8
1778134349735314,75712912,4218,258.244904,50,-101.864,-489.514,255,8
1778134349736314,75722873,4209,257.693878,50,-106.567,-488.511,255,8
1778134349736314,75732852,4200,257.142853,51,-113.486,-497.213,255,8
1778134349738319,75742807,4191,256.591827,51,-118.262,-496.099,255,8
1778134349753971,75752793,4182,256.040833,51,-123.027,-494.939,255,8
1778134349798157,75762752,4173,255.489792,51,-127.782,-493.733,255,8
1778134349799106,75772735,4164,254.938782,51,-132.524,-492.481,255,8
1778134349799106,75782692,4155,254.387756,50,-134.563,-481.553,255,8
1778134349800102,75792668,4146,253.836731,49,-136.404,-470.631,255,8
1778134349800608,75802634,4137,253.285721,50,-143.800,-478.875,255,8
1778134349816402,75812621,4129,252.795929,50,-147.888,-477.629,255,8
1778134349817400,75822578,4120,252.244888,50,-152.475,-476.184,255,8
1778134349831788,75832561,4111,251.693878,50,-157.047,-474.696,255,8
1778134349875451,75842519,4102,251.142853,49,-158.373,-463.700,255,8
1778134349875451,75852495,4093,250.591843,49,-162.825,-462.156,255,8
1778134349876446,75862448,4084,250.040817,48,-163.848,-451.169,255,8
1778134349876446,75872429,4075,249.489792,48,-168.180,-449.573,255,8
1778134349877479,75882384,4066,248.938782,49,-176.089,-457.267,255,8
1778134349892609,75892365,4057,248.387741,50,-184.162,-464.849,255,8
1778134349940910,75902316,4048,247.836731,51,-192.396,-472.317,255,8
1778134349941915,75912290,4039,247.285721,51,-196.929,-470.445,255,8
1778134349941915,75922242,4030,246.734695,51,-201.445,-468.530,255,8
1778134349942915,75932227,4021,246.183685,51,-205.941,-466.571,255,8
1778134349943425,75942182,4013,245.693893,51,-209.922,-464.793,255,8
1778134349945956,75952165,4004,245.142853,51,-214.382,-462.753,255,8
1778134349961489,75962127,3995,244.591843,51,-218.823,-460.670,255,8
1778134349969544,75972104,3986,244.040802,52,-227.620,-467.535,255,8
1778134350019123,75982061,3977,243.489792,55,-245.496,-492.170,255,8
1778134350020039,75992041,3968,242.938782,65,-295.712,-578.839,255,8
1778134350020039,76001995,3959,242.387756,84,-389.328,-744.328,255,8
1778134350021037,76011978,3950,241.836746,77,-363.429,-678.837,255,8
1778134350022146,76021930,3941,241.285706,77,-369.941,-675.310,255,8
1778134350036987,76031909,3933,240.795914,79,-385.458,-689.581,255,8
1778134350037853,76041855,3924,240.244904,81,-401.998,-703.205,255,8
1778134350080623,76051836,3915,239.693878,81,-408.742,-699.307,255,8
1778134350080623,76061788,3907,239.204071,83,-424.945,-712.967,255,8
1778134350081632,76071770,3898,238.653061,86,-447.388,-734.468,255,8
1778134350082634,76081723,3889,238.102036,88,-464.999,-747.112,255,8
1778134350084627,76091703,3880,237.551025,91,-488.259,-767.921,255,8
1778134350100375,76101654,3872,237.061234,94,-511.118,-788.897,255,8
1778134350107461,76111635,3863,236.510193,97,-535.235,-808.964,255,8
1778134350173573,76121590,3854,235.959183,97,-542.990,-803.780,255,8
1778134350174572,76131569,3846,235.469391,97,-549.841,-799.109,255,8
1778134350174572,76141531,3837,234.918365,98,-563.248,-801.967,255,8
1778134350174572,76151495,3828,234.367340,100,-582.586,-812.769,255,8
1778134350175568,76161454,3820,233.877548,102,-601.303,-823.914,255,8
1778134350175568,76171430,3811,233.326523,102,-609.199,-818.093,255,8
1778134350176560,76181387,3802,232.775513,105,-635.186,-836.085,255,8
1778134350191881,76191364,3794,232.285721,105,-642.310,-830.625,255,8
1778134350192880,76201316,3785,231.734680,106,-656.462,-832.260,255,8
1778134350203553,76211297,3776,231.183670,109,-683.240,-849.284,255,8
1778134350256709,76221252,3768,230.693878,112,-709.479,-866.625,255,8
1778134350257708,76231229,3759,230.142868,113,-724.189,-867.439,255,8
1778134350257708,76241182,3751,229.653046,113,-731.578,-861.216,255,8
1778134350257708,76251160,3742,229.102036,114,-746.374,-861.699,255,8
1778134350258708,76261113,3733,228.551025,118,-781.104,-884.464,255,8
1778134350275711,76271099,3725,228.061218,120,-802.003,-892.631,255,8
1778134350276711,76281040,3716,227.510208,120,-810.551,-884.877,255,8
1778134350289707,76291019,3707,226.959198,118,-805.372,-862.424,255,8
1778134350340230,76300968,3699,226.469376,115,-792.054,-833.757,255,8
1778134350341287,76310951,3690,225.918365,113,-786.121,-811.735,255,8
1778134350341287,76320900,3682,225.428574,113,-793.032,-804.985,255,8
1778134350342266,76330885,3673,224.877548,113,-800.737,-797.321,255,8
1778134350342266,76340841,3665,224.387741,112,-800.377,-783.452,255,8
1778134350342266,76350825,3656,223.836731,112,-807.874,-775.718,255,8
1778134350359283,76360786,3647,223.285706,111,-808.018,-761.057,255,8
1778134350405347,76370771,3639,222.795914,111,-814.494,-754.122,255,8
1778134350406366,76380723,3631,222.306122,111,-820.911,-747.132,255,8
1778134350406366,76390702,3622,221.755112,111,-828.058,-739.203,255,8
1778134350407332,76400656,3613,221.204071,111,-835.129,-731.205,255,8
1778134350407332,76410634,3605,220.714279,111,-841.349,-724.039,255,8
1778134350425260,76420588,3597,220.224487,111,-847.507,-716.820,255,8
1778134350425886,76430571,3588,219.673477,112,-862.059,-715.021,255,8
1778134350431682,76440525,3579,219.122437,113,-876.653,-713.007,255,8
1778134350485826,76450504,3571,218.632645,114,-890.528,-711.730,255,8
1778134350485826,76460453,3563,218.142853,114,-896.580,-704.092,255,8
1778134350486874,76470430,3554,217.591843,115,-911.233,-701.537,255,8
1778134350487764,76480384,3545,217.040817,115,-917.938,-692.741,255,8
1778134350487764,76490363,3537,216.551025,115,-923.826,-684.869,255,8
1778134350501609,76500314,3529,216.061234,115,-929.647,-676.947,255,8
1778134350503203,76510293,3520,215.510193,114,-927.974,-662.166,255,8
1778134350548760,76520240,3512,215.020401,114,-933.600,-654.210,255,8
1778134350549737,76530217,3503,214.469391,115,-948.093,-650.861,255,8
1778134350549737,76540167,3495,213.979599,115,-953.622,-642.732,255,8
1778134350550738,76550141,3486,213.428558,114,-951.414,-628.022,255,8
1778134350550738,76560094,3478,212.938766,113,-948.355,-614.429,255,8
1778134350567685,76570071,3469,212.387756,112,-945.775,-599.924,255,8
1778134350622534,76580026,3461,211.897964,108,-916.910,-570.681,255,8
1778134350623549,76590008,3452,211.346939,103,-879.654,-535.826,255,8
1778134350625070,76599963,3444,210.857147,100,-858.449,-512.899,255,8
1778134350625575,76609943,3435,210.306122,100,-863.342,-504.620,255,8
1778134350625575,76619898,3427,209.816330,99,-858.948,-492.249,255,8
1778134350626581,76629895,3418,209.265305,99,-863.642,-483.966,255,8
1778134350642118,76639846,3410,208.775513,97,-850.217,-466.938,255,8
1778134350643626,76649826,3401,208.224503,96,-845.857,-454.011,255,8
1778134350689939,76659777,3393,207.734680,96,-849.708,-446.763,255,8
1778134350690943,76669757,3384,207.183670,96,-853.965,-438.571,255,8
1778134350690943,76679709,3376,206.693878,94,-839.814,-422.270,255,8
1778134350691942,76689688,3367,206.142853,93,-834.859,-409.768,255,8
1778134350692943,76699640,3359,205.653061,93,-838.332,-402.616,255,8
1778134350708883,76709617,3350,205.102051,93,-842.165,-394.536,255,8
1778134350708883,76719570,3341,204.551010,94,-855.016,-390.573,255,8
1778134350770443,76729557,3333,204.061218,94,-858.324,-383.250,255,8
1778134350771454,76739517,3324,203.510208,94,-861.970,-374.978,255,8
1778134350772471,76749498,3315,202.959198,91,-837.912,-354.969,255,8
1778134350773449,76759452,3307,202.469376,85,-785.471,-324.861,255,8
1778134350773449,76769436,3298,201.918365,80,-742.173,-298.628,255,8
1778134350774440,76779389,3289,201.367355,77,-717.073,-280.547,255,8
1778134350789934,76789371,3281,200.877548,77,-719.445,-274.406,255,8
1778134350789934,76799332,3272,200.326538,78,-731.428,-270.949,255,8
1778134350834013,76809305,3263,199.775513,78,-734.000,-263.902,255,8
1778134350834930,76819265,3255,199.285706,78,-736.229,-257.618,255,8
1778134350835932,76829253,3246,198.734695,78,-738.672,-250.525,255,8
1778134350835932,76839206,3237,198.183685,79,-750.548,-246.531,255,8
1778134350837465,76849184,3229,197.693863,79,-752.628,-240.106,255,8
1778134350854538,76859145,3220,197.142853,80,-764.458,-235.804,255,8
1778134350861038,76869122,3212,196.653061,84,-804.768,-240.724,255,8
1778134350914883,76879076,3203,196.102036,92,-883.908,-255.161,255,8
1778134350914883,76889067,3194,195.551025,98,-944.124,-262.735,255,8
1778134350915889,76899003,3186,195.061218,99,-955.992,-257.252,255,8
1778134350915889,76908992,3177,194.510208,101,-977.784,-253.058,255,8
1778134350916890,76918956,3169,194.020401,105,-1018.720,-254.381,255,8
1778134350916890,76928950,3160,193.469391,118,-1147.544,-274.853,255,8
1778134350933462,76938898,3151,192.918381,141,-1374.312,-315.224,255,8
1778134350940576,76948888,3143,192.428558,137,-1337.894,-294.854,255,8
1778134350952357,76958837,3135,191.938766,133,-1301.231,-275.132,255,8
1778134350958965,76968829,3126,191.387756,133,-1303.817,-262.606,255,8
1778134351024891,76978772,3117,190.836731,130,-1276.817,-244.414,255,8
1778134351024891,76988765,3109,190.346939,129,-1269.022,-231.695,255,8
1778134351025888,76998706,3101,189.857147,126,-1241.399,-215.702,255,8
1778134351026906,77008700,3092,189.306122,125,-1233.548,-202.137,255,8
1778134351026906,77018648,3084,188.816330,119,-1175.940,-182.388,255,8
1778134351027895,77028647,3075,188.265305,98,-969.821,-140.882,255,8
1778134351027895,77038603,3067,187.775513,59,-584.575,-79.822,255,8
1778134351043105,77048577,3058,187.224503,60,-595.237,-75.455,255,8
1778134351050208,77058539,3050,186.734680,64,-635.584,-75.054,255,8
1778134351098935,77068516,3041,186.183670,65,-646.218,-70.015,255,8
1778134351099944,77078469,3033,185.693878,63,-626.892,-62.504,255,8
1778134351100945,77088444,3025,185.204086,71,-707.073,-64.400,255,8
1778134351100945,77098393,3016,184.653046,79,-787.396,-64.086,255,8
1778134351101943,77108369,3008,184.163254,88,-877.678,-63.887,255,8
1778134351116475,77118306,2999,183.612244,118,-1177.656,-74.344,255,8
1778134351117469,77128294,2991,183.122452,144,-1437.862,-78.437,255,8
1778134351161322,77138237,2983,182.632660,150,-1498.417,-68.899,255,8
1778134351162851,77148229,2974,182.081635,136,-1359.103,-49.400,255,8
1778134351162851,77158174,2966,181.591843,129,-1289.502,-35.835,255,8
1778134351162851,77168166,2957,181.040833,132,-1319.782,-23.978,255,8
1778134351164363,77178116,2949,180.551010,137,-1369.937,-13.175,255,8
1778134351180906,77188103,2941,180.061218,130,-1299.999,-1.389,255,8
1778134351187266,77198043,2932,179.510208,117,-1169.957,10.002,255,8
1778134351241719,77208019,2924,179.020401,103,-1029.849,17.609,255,8
1778134351241719,77217993,2915,178.469391,91,-909.675,24.307,255,8
1778134351242637,77227973,2907,177.979584,83,-829.484,29.262,255,8
1778134351243632,77237928,2899,177.489792,76,-759.271,33.286,255,8
1778134351244138,77247906,2890,176.938766,70,-699.001,37.382,255,8
1778134351244138,77257859,2882,176.448975,62,-618.810,38.401,255,8
1778134351261184,77267844,2873,175.897964,59,-588.489,42.204,255,8
1778134351263676,77277803,2865,175.408173,56,-558.203,44.832,255,8
1778134351280721,77287790,2857,174.918365,55,-547.838,48.716,255,8
1778134351283719,77297747,2848,174.367355,54,-537.393,53.001,255,8
1778134351326881,77307728,2840,173.877548,54,-536.920,57.593,255,8
1778134351327873,77317683,2831,173.326538,54,-536.341,62.754,255,8
1778134351328873,77327665,2823,172.836731,55,-545.707,68.583,255,8
1778134351328873,77337619,2814,172.285706,56,-554.932,75.171,255,8
1778134351344909,77347590,2806,171.795914,60,-593.860,85.620,255,8
1778134351346413,77357552,2797,171.244888,68,-672.077,103.504,255,8
1778134351389518,77367524,2789,170.755096,79,-779.738,126.917,255,8
1778134351390510,77377487,2780,170.204086,89,-877.024,151.424,255,8
1778134351390510,77387445,2772,169.714279,99,-974.090,176.771,255,8
1778134351391512,77397406,2763,169.163269,101,-991.989,189.891,255,8
1778134351392512,77407407,2755,168.673477,86,-843.251,168.904,255,8
1778134351407079,77417367,2747,168.183685,83,-812.412,169.963,255,8
1778134351421918,77427349,2738,167.632660,84,-820.507,179.910,255,8
1778134351422895,77437307,2730,167.142853,84,-818.939,186.918,255,8
1778134351472523,77447289,2721,166.591843,74,-719.830,171.596,255,8
1778134351472523,77457249,2713,166.102036,66,-640.679,158.528,255,8
1778134351473529,77467231,2705,165.612244,63,-610.241,156.544,255,8
1778134351473529,77479189,2695,165.000000,61,-589.215,157.880,255,8
1778134351474528,77489147,2687,164.510193,60,-578.207,160.240,255,8
1778134351491919,77499127,2678,163.959183,61,-586.250,168.556,255,8
1778134351492920,77509082,2670,163.469391,62,-594.374,176.407,255,8
1778134351544123,77519054,2661,162.918365,63,-602.209,185.052,255,8
1778134351545116,77529015,2653,162.428574,63,-600.605,190.194,255,8
1778134351545116,77538998,2645,161.938782,63,-598.957,195.321,255,8
1778134351546122,77548947,2636,161.387756,62,-587.574,197.880,255,8
1778134351546122,77558932,2627,160.836731,62,-585.644,203.522,255,8
1778134351563374,77568888,2619,160.346939,62,-583.883,208.521,255,8
1778134351564882,77578867,2611,159.857147,62,-582.079,213.504,255,8
1778134351616216,77588826,2602,159.306122,61,-570.644,215.559,255,8
1778134351617217,77598806,2593,158.755096,62,-577.865,224.660,255,8
1778134351618216,77608757,2585,158.265305,62,-575.923,229.592,255,8
1778134351618216,77618738,2577,157.775513,63,-583.197,238.289,255,8
1778134351619220,77628690,2568,157.224487,65,-599.319,251.629,255,8
1778134351636760,77638672,2560,156.734695,66,-606.333,260.693,255,8
1778134351637760,77648622,2551,156.183670,66,-603.797,266.512,255,8
1778134351691570,77658601,2543,155.693878,67,-610.611,275.780,255,8
1778134351691570,77668553,2535,155.204086,68,-617.309,285.183,255,8
1778134351692563,77678531,2526,154.653061,68,-614.538,291.107,255,8
1778134351693563,77688487,2518,154.163269,68,-612.027,296.350,255,8
1778134351693563,77698462,2509,153.612244,68,-609.149,302.222,255,8
1778134351693563,77708415,2501,153.122452,67,-597.623,302.897,255,8
1778134351712121,77718398,2493,152.632645,67,-595.012,307.995,255,8
1778134351713118,77728354,2484,152.081635,67,-592.022,313.703,255,8
1778134351768379,77738328,2476,151.591827,67,-589.319,318.752,255,8
1778134351769385,77748290,2467,151.040817,66,-577.477,319.563,255,8
1778134351769385,77758269,2459,150.551025,65,-566.016,319.571,255,8
1778134351770383,77768223,2451,150.061218,65,-563.263,324.398,255,8
1778134351770383,77778209,2443,149.571426,66,-569.092,334.266,255,8
1778134351771384,77788161,2434,149.020416,65,-557.278,334.576,255,8
1778134351789340,77798147,2426,148.530609,65,-554.397,339.328,255,8
1778134351790338,77808104,2417,147.979599,66,-559.587,349.946,255,8
1778134351800479,77818085,2409,147.489792,66,-556.575,354.717,255,8
1778134351872377,77828036,2401,147.000000,65,-545.136,354.015,255,8
1778134351873377,77838019,2393,146.510208,61,-508.730,336.591,255,8
1778134351873377,77847971,2384,145.959183,59,-488.897,330.272,255,8
1778134351874378,77857950,2376,145.469391,59,-486.056,334.439,255,8
1778134351874378,77867910,2368,144.979584,59,-483.179,338.582,255,8
1778134351875384,77877893,2359,144.428574,64,-520.570,372.299,255,8
1778134351875384,77887851,2351,143.938766,65,-525.452,382.622,255,8
1778134351893705,77897834,2343,143.448975,65,-522.162,387.100,255,8
1778134351894704,77907794,2335,142.959183,63,-502.870,379.502,255,8
1778134351945319,77917777,2326,142.408157,62,-491.273,378.220,255,8
1778134351945319,77927733,2318,141.918365,62,-488.022,382.406,255,8
1778134351946319,77937718,2310,141.428574,61,-476.917,380.329,255,8
1778134351946319,77947673,2301,140.877548,61,-473.238,384.898,255,8
1778134351947320,77957659,2293,140.387756,57,-439.115,363.426,255,8
1778134351949332,77967615,2285,139.897964,53,-405.396,341.400,255,8
1778134351967367,77977598,2277,139.408173,52,-394.869,338.346,255,8
1778134351968380,77987562,2268,138.857147,51,-384.066,335.549,255,8
1778134352017547,77997540,2260,138.367340,51,-381.184,338.820,255,8
1778134352018565,78007495,2252,137.877548,50,-370.857,335.359,255,8
1778134352018565,78017476,2244,137.387756,50,-367.976,338.517,255,8
1778134352019564,78027440,2236,136.897964,50,-365.069,341.650,255,8
1778134352019564,78037416,2227,136.346939,50,-361.766,345.145,255,8
1778134352084621,78047372,2219,135.857147,50,-358.803,348.225,255,8
1778134352084621,78057353,2211,135.367340,50,-355.813,351.279,255,8
1778134352084621,78067303,2203,134.877548,49,-345.741,347.222,255,8
1778134352085580,78077288,2195,134.387756,49,-342.760,350.165,255,8
1778134352085580,78087241,2187,133.897949,49,-339.754,353.082,255,8
1778134352085580,78097220,2178,133.346939,49,-336.343,356.333,255,8
1778134352087575,78107179,2170,132.857147,49,-333.285,359.195,255,8
1778134352104672,78117160,2162,132.367340,49,-330.202,362.031,255,8
1778134352153985,78127117,2154,131.877548,49,-327.095,364.841,255,8
1778134352153985,78137097,2145,131.326538,48,-316.968,360.460,255,8
1778134352154985,78147051,2137,130.836746,48,-313.875,363.156,255,8
1778134352154985,78157030,2129,130.346939,48,-310.759,365.826,255,8
1778134352155985,78166988,2121,129.857147,48,-307.620,368.469,255,8
1778134352156985,78176968,2113,129.367355,48,-304.459,371.086,255,8
1778134352172553,78186929,2105,128.877548,48,-301.276,373.675,255,8
1778134352220549,78196912,2096,128.326538,48,-297.668,376.555,255,8
1778134352222068,78206872,2088,127.836731,47,-288.304,371.188,255,8
1778134352222068,78216860,2080,127.346939,47,-285.121,373.639,255,8
1778134352223083,78226815,2072,126.857147,47,-281.916,376.063,255,8
1778134352223083,78236796,2064,126.367340,47,-278.691,378.459,255,8
1778134352238588,78246749,2056,125.877548,47,-275.446,380.828,255,8
1778134352240094,78256731,2047,125.326530,47,-271.771,383.459,255,8
1778134352295774,78266684,2039,124.836731,47,-268.483,385.768,255,8
1778134352296852,78276667,2031,124.346939,46,-259.533,379.793,255,8
1778134352296852,78286624,2023,123.857140,46,-256.277,381.997,255,8
1778134352297838,78296603,2015,123.367348,46,-253.002,384.174,255,8
1778134352297838,78306563,2007,122.877556,46,-249.709,386.323,255,8
1778134352298776,78316552,1998,122.326530,46,-245.982,388.707,255,8
1778134352321713,78326513,1990,121.836739,46,-242.650,390.795,255,8
1778134352321713,78336498,1982,121.346931,45,-234.098,384.315,255,8
1778134352342765,78346452,1974,120.857140,46,-235.934,394.886,255,8
1778134352342765,78356436,1966,120.367348,45,-227.494,388.261,255,8
1778134352345466,78366392,1957,119.816322,45,-223.750,390.431,255,8
1778134352392838,78376373,1949,119.326530,45,-220.404,392.329,255,8
1778134352393992,78386332,1941,118.836731,45,-217.042,394.199,255,8
1778134352393992,78396312,1933,118.346939,45,-213.664,396.040,255,8
1778134352394937,78406270,1925,117.857147,45,-210.271,397.852,255,8
1778134352394937,78416256,1917,117.367348,45,-206.862,399.635,255,8
1778134352412054,78426211,1909,116.877548,45,-203.438,401.389,255,8
1778134352466010,78436190,1901,116.387756,45,-200.000,403.113,255,8
1778134352466744,78446143,1893,115.897964,45,-196.546,404.808,255,8
1778134352466744,78456119,1884,115.346939,45,-192.644,406.679,255,8
1778134352466744,78466073,1876,114.857147,44,-184.957,399.238,255,8
1778134352468249,78476052,1868,114.367340,44,-181.538,400.804,255,8
1778134352469260,78486004,1860,113.877548,44,-178.105,402.342,255,8
1778134352492264,78495979,1852,113.387756,44,-174.659,403.849,255,8
1778134352492264,78505933,1844,112.897957,44,-171.200,405.328,255,8
1778134352494273,78515917,1836,112.408157,44,-167.729,406.776,255,8
1778134352516482,78525877,1828,111.918365,44,-164.245,408.195,255,8
1778134352516482,78535856,1819,111.367348,44,-160.312,409.756,255,8
1778134352560349,78545807,1811,110.877556,44,-156.804,411.111,255,8
1778134352561345,78555797,1803,110.387764,44,-153.284,412.437,255,8
1778134352561345,78565748,1795,109.897957,44,-149.752,413.732,255,8
1778134352562357,78575731,1787,109.408165,44,-146.210,414.997,255,8
1778134352563342,78585685,1779,108.918373,44,-142.657,416.232,255,8
1778134352580270,78595664,1771,108.428566,44,-139.094,417.436,255,8
1778134352585259,78605622,1763,107.938774,44,-135.520,418.610,255,8
1778134352630740,78615608,1755,107.448982,44,-131.937,419.753,255,8
1778134352631732,78625566,1747,106.959175,44,-128.344,420.866,255,8
1778134352632726,78635549,1739,106.469383,43,-121.906,412.358,255,8
1778134352633732,78645509,1731,105.979591,43,-118.377,413.385,255,8
1778134352633732,78655493,1723,105.489799,43,-114.839,414.382,255,8
1778134352650120,78665453,1715,105.000000,43,-111.292,415.348,255,8
1778134352712011,78675443,1707,104.510201,43,-107.738,416.284,255,8
1778134352712011,78685405,1699,104.020409,43,-104.175,417.190,255,8
1778134352713010,78695386,1691,103.530609,43,-100.605,418.065,255,8
1778134352713010,78705347,1683,103.040817,43,-97.027,418.910,255,8
1778134352713010,78715333,1675,102.551025,43,-93.443,419.724,255,8
1778134352714006,78725292,1667,102.061226,43,-89.851,420.508,255,8
1778134352714006,78735273,1659,101.571426,43,-86.253,421.260,255,8
1778134352731803,78745233,1651,101.081635,43,-82.649,421.982,255,8
1778134352731803,78755214,1643,100.591843,43,-79.039,422.673,255,8
1778134352776466,78765173,1635,100.102036,43,-75.423,423.334,255,8
1778134352777459,78775154,1627,99.612244,43,-71.801,423.963,255,8
1778134352777459,78785109,1619,99.122452,43,-68.174,424.561,255,8
1778134352778461,78795093,1612,98.693878,43,-64.997,425.059,255,8
1778134352833797,78805058,1604,98.204086,43,-61.361,425.599,255,8
1778134352833797,78815045,1596,97.714294,43,-57.720,426.108,255,8
1778134352834908,78825005,1588,97.224487,43,-54.076,426.586,255,8
1778134352835899,78834990,1580,96.734695,42,-49.254,417.102,255,8
1778134352835899,78844948,1572,96.244904,42,-45.687,417.508,255,8
1778134352836498,78854933,1564,95.755096,43,-43.119,427.833,255,8
1778134352852924,78864893,1556,95.265305,43,-39.460,428.186,255,8
1778134352852924,78874882,1548,94.775513,42,-34.966,418.542,255,8
1778134352897291,78884837,1540,94.285721,42,-31.387,418.826,255,8
1778134352898285,78894821,1532,93.795914,42,-27.805,419.079,255,8
1778134352898285,78904785,1524,93.306122,42,-24.222,419.301,255,8
1778134352899284,78914766,1516,92.816330,43,-21.128,429.481,255,8
1778134352900283,78924728,1508,92.326523,43,-17.456,429.646,255,8
1778134352917272,78934713,1501,91.897964,43,-14.241,429.764,255,8
1778134352977037,78944672,1493,91.408157,42,-10.321,419.873,255,8
1778134352978113,78954661,1485,90.918365,42,-6.732,419.946,255,8
1778134352978113,78964615,1477,90.428574,43,-3.216,429.988,255,8
1778134352979121,78974598,1469,89.938774,41,0.438,410.000,255,8
1778134352979121,78984551,1461,89.448975,40,3.847,399.982,255,8
1778134352980123,78994536,1454,89.020409,39,6.668,389.943,255,8
1778134352980123,79004485,1446,88.530609,39,10.001,389.872,255,8
1778134353034967,79014467,1438,88.040817,39,13.333,389.772,255,8
1778134353034967,79024434,1430,87.551018,39,16.665,389.644,255,8
1778134353035972,79034418,1422,87.061226,39,19.995,389.487,255,8
1778134353035972,79044374,1415,86.632652,39,22.908,389.327,255,8
1778134353036980,79054357,1407,86.142853,39,26.235,389.117,255,8
1778134353054976,79064319,1399,85.653061,38,28.802,378.907,255,8
1778134353054976,79074308,1391,85.163261,38,32.040,378.647,255,8
1778134353062375,79084264,1383,84.673470,38,35.276,378.359,255,8
1778134353115654,79094249,1375,84.183670,38,38.509,378.044,255,8
1778134353115654,79104211,1367,83.693878,38,41.739,377.701,255,8
1778134353116595,79114190,1359,83.204079,38,44.967,377.330,255,8
1778134353116595,79124153,1351,82.714287,38,48.191,376.932,255,8
1778134353116595,79134139,1343,82.224487,38,51.411,376.506,255,8
1778134353117593,79144100,1336,81.795914,38,54.226,376.111,255,8
1778134353135151,79154085,1328,81.306122,38,57.439,375.634,255,8
1778134353180241,79164037,1320,80.816322,38,60.648,375.129,255,8
1778134353181240,79174023,1312,80.326530,38,63.853,374.597,255,8
1778134353181240,79183985,1305,79.897957,38,66.653,374.109,255,8
1778134353182236,79193972,1297,79.408165,38,69.848,373.525,255,8
1778134353182236,79203931,1289,78.918365,38,73.039,372.915,255,8
1778134353198234,79213911,1281,78.428566,38,76.224,372.277,255,8
1778134353198234,79223867,1273,77.938774,38,79.404,371.611,255,8
1778134353253345,79233851,1265,77.448975,38,82.577,370.919,255,8
1778134353253345,79243808,1258,77.020409,38,85.350,370.291,255,8
1778134353253345,79253794,1250,76.530609,38,88.512,369.548,255,8
1778134353254342,79263753,1242,76.040817,38,91.668,368.778,255,8
1778134353254342,79273740,1234,75.551018,38,94.817,367.981,255,8
1778134353268708,79283702,1227,75.122444,38,97.567,367.261,255,8
1778134353268708,79293687,1219,74.632652,38,100.703,366.414,255,8
1778134353311442,79303639,1211,74.142853,38,103.831,365.539,255,8
1778134353312463,79313622,1203,73.653061,38,106.952,364.639,255,8
1778134353312463,79323581,1195,73.163261,38,110.065,363.711,255,8
1778134353312463,79333566,1187,72.673470,39,116.149,372.303,255,8
1778134353328946,79343523,1180,72.244896,39,118.930,371.424,255,8
1778134353329923,79353510,1172,71.755104,39,122.101,370.394,255,8
1778134353396395,79363466,1164,71.265305,40,128.475,378.806,255,8
1778134353396395,79373454,1156,70.775505,41,135.001,387.137,255,8
1778134353397394,79383405,1149,70.346939,42,141.256,395.533,255,8
1778134353397394,79393388,1141,69.857140,43,148.076,403.700,255,8
1778134353397394,79403336,1133,69.367348,43,151.521,402.419,255,8
1778134353397394,79413324,1125,68.877548,43,154.956,401.109,255,8
1778134353398392,79423281,1117,68.387756,43,158.379,399.770,255,8
1778134353465251,79433263,1109,67.897957,43,161.791,398.402,255,8
1778134353465251,79443224,1101,67.408157,43,165.190,397.004,255,8
1778134353465251,79453214,1093,66.918365,43,168.578,395.577,255,8
1778134353466256,79463173,1085,66.428574,43,171.954,394.122,255,8
1778134353466256,79473157,1078,66.000000,43,174.897,392.825,255,8
1778134353466256,79483114,1070,65.510201,43,178.248,391.315,255,8
1778134353467257,79493097,1062,65.020409,43,181.587,389.777,255,8
1778134353483832,79503049,1054,64.530609,43,184.912,388.211,255,8
1778134353483832,79513037,1045,63.979591,43,188.637,386.414,255,8
1778134353550994,79522993,1037,63.489796,43,191.934,384.788,255,8
1778134353550994,79532982,1029,63.000000,43,195.216,383.133,255,8
1778134353552072,79542938,1021,62.510204,43,198.484,381.450,255,8
1778134353552072,79552923,1013,62.020409,43,201.738,379.739,255,8
1778134353552072,79562884,1005,61.530609,43,204.976,378.001,255,8
1778134353553075,79572872,997,61.040817,43,208.200,376.235,255,8
1778134353554075,79582829,989,60.551018,43,211.409,374.441,255,8
1778134353570520,79592816,981,60.061226,44,219.593,381.286,255,8
1778134353580978,79602777,973,59.571426,44,222.844,379.395,255,8
1778134353629148,79612753,965,59.081635,44,226.079,377.476,255,8
1778134353630141,79622716,957,58.591835,44,229.298,375.530,255,8
1778134353630141,79632707,948,58.040813,44,232.899,373.307,255,8
1778134353631151,79642668,940,57.551022,44,236.081,371.303,255,8
1778134353632149,79652648,932,57.061222,44,239.247,369.271,255,8
1778134353633141,79662618,924,56.571430,44,242.395,367.212,255,8
1778134353649678,79672600,916,56.081631,44,245.525,365.127,255,8
1778134353690530,79682558,907,55.530609,44,249.025,362.749,255,8
1778134353691151,79692543,899,55.040817,44,252.117,360.607,255,8
1778134353691151,79702511,891,54.551018,44,255.190,358.438,255,8
1778134353691151,79712498,883,54.061226,44,258.245,356.244,255,8
1778134353693247,79722459,875,53.571426,44,261.281,354.023,255,8
1778134353708252,79732449,867,53.081635,45,270.304,359.771,255,8
1778134353759616,79742409,859,52.591839,45,273.370,357.448,255,8
1778134353760733,79752394,851,52.102039,45,276.416,355.098,255,8
1778134353760733,79762360,843,51.612247,45,279.441,352.722,255,8
1778134353760733,79772346,835,51.122448,45,282.446,350.320,255,8
1778134353761688,79782306,827,50.632656,45,285.430,347.893,255,8
1778134353761688,79792299,819,50.142857,45,288.394,345.440,255,8
1778134353777336,79802253,811,49.653057,45,291.336,342.962,255,8
1778134353820186,79812243,803,49.163265,45,294.258,340.459,255,8
1778134353820822,79822204,796,48.734692,45,296.796,338.249,255,8
1778134353821816,79832199,788,48.244900,45,299.677,335.699,255,8
1778134353821816,79842162,780,47.755100,45,302.535,333.125,255,8
1778134353822873,79852148,772,47.265308,45,305.372,330.527,255,8
1778134353838605,79862112,764,46.775509,45,308.186,327.904,255,8
1778134353884034,79872097,756,46.285717,46,317.889,332.486,255,8
1778134353884034,79882055,748,45.795918,46,320.719,329.756,255,8
1778134353885037,79892042,740,45.306122,46,323.527,327.002,255,8
1778134353885037,79902003,732,44.816326,46,326.310,324.225,255,8
1778134353885037,79911986,724,44.326530,46,329.070,321.423,255,8
1778134353900247,79921949,716,43.836735,46,331.806,318.599,255,8
1778134353901244,79931937,708,43.346939,46,334.517,315.751,255,8
1778134353952212,79941895,700,42.857143,47,344.534,319.681,255,8
1778134353953104,79951877,692,42.367348,47,347.255,316.724,255,8
1778134353953104,79961836,685,41.938778,47,349.614,314.118,255,8
1778134353954052,79971817,677,41.448982,47,352.286,311.118,255,8
1778134353954052,79981778,669,40.959183,47,354.933,308.095,255,8
1778134353969626,79991765,661,40.469387,47,357.554,305.050,255,8
1778134353970636,80001738,653,39.979591,47,360.148,301.982,255,8
1778134354022750,80011723,645,39.489796,48,370.434,305.252,255,8
1778134354023863,80021684,637,39.000000,48,373.030,302.074,255,8
1778134354023863,80031678,629,38.510204,48,375.599,298.874,255,8
1778134354024852,80041638,621,38.020409,48,378.140,295.652,255,8
1778134354024852,80051624,613,37.530613,49,388.584,298.501,255,8
1778134354040988,80061585,605,37.040817,50,399.103,301.192,255,8
1778134354042095,80071574,598,36.612244,51,409.372,304.162,255,8
1778134354049719,80081539,590,36.122448,53,428.112,312.442,255,8
1778134354094474,80091529,582,35.632652,54,438.895,314.597,255,8
1778134354095376,80101496,574,35.142857,55,449.746,316.589,255,8
1778134354096376,80111480,566,34.653061,55,452.436,312.733,255,8
1778134354096885,80121445,559,34.224491,56,463.031,314.965,255,8
1778134354110210,80131434,551,33.734692,56,465.706,310.995,255,8
1778134354111211,80141398,543,33.244896,56,468.348,307.002,255,8
1778134354158628,80151381,535,32.755100,56,470.955,302.988,255,8
1778134354159621,80161339,527,32.265305,56,473.528,298.951,255,8
1778134354159621,80171323,520,31.836735,56,475.751,295.400,255,8
1778134354160623,80181282,512,31.346939,55,469.718,286.120,255,8
1778134354161619,80191264,504,30.857143,55,472.147,282.095,255,8
1778134354176203,80201226,496,30.367348,55,474.541,278.048,255,8
1778134354180204,80211212,489,29.938776,55,476.608,274.491,255,8
1778134354188283,80221163,481,29.448978,55,478.937,270.407,255,8
1778134354240041,80231146,473,28.959183,55,481.231,266.303,255,8
1778134354241129,80241110,465,28.469387,54,474.699,257.412,255,8
1778134354241129,80251092,457,27.979591,54,476.882,253.345,255,8
1778134354242111,80261051,449,27.489796,54,479.030,249.259,255,8
1778134354242111,80271033,441,27.000002,54,481.144,245.155,255,8
1778134354257127,80281001,434,26.571430,54,482.964,241.549,255,8
1778134354258130,80290983,426,26.081631,54,485.011,237.412,255,8
1778134354322121,80300945,418,25.591835,54,487.023,233.257,255,8
1778134354323189,80310933,411,25.163265,54,488.754,229.608,255,8
1778134354324206,80320885,403,24.673470,54,490.699,225.421,255,8
1778134354324206,80330875,395,24.183674,53,483.486,217.121,255,8
1778134354325209,80340835,387,23.693878,53,485.324,212.980,255,8
1778134354325209,80350818,380,23.265306,53,486.903,209.344,255,8
1778134354326828,80360773,372,22.775511,53,488.675,205.174,255,8
1778134354342269,80370752,364,22.285715,53,490.411,200.990,255,8
1778134354380618,80380714,356,21.795919,53,492.112,196.790,255,8
1778134354380618,80390697,349,21.367348,53,493.570,193.103,255,8
1778134354381614,80400654,341,20.877550,53,495.202,188.877,255,8
1778134354381614,80410637,333,20.387754,53,496.799,184.637,255,8
1778134354397167,80420597,325,19.897959,53,498.359,180.383,255,8
1778134354397167,80430573,318,19.469389,52,490.266,173.318,255,8
1778134354436644,80440543,310,18.979591,52,491.730,169.120,255,8
1778134354438166,80450521,302,18.489796,52,493.158,164.911,255,8
1778134354438166,80460485,294,18.000000,52,494.549,160.689,255,8
1778134354438166,80470471,287,17.571428,48,457.604,144.909,255,8
1778134354455476,80480432,279,17.081633,47,449.267,138.055,255,8
1778134354455476,80490416,271,16.591837,47,450.431,134.209,255,8
1778134354466845,80500378,263,16.102041,47,451.562,130.354,255,8
1778134354517422,80510367,255,15.612246,47,452.659,126.489,255,8
1778134354518934,80520328,247,15.122449,47,453.724,122.615,255,8
1778134354519532,80530315,240,14.693877,46,444.956,116.681,255,8
1778134354519532,80540277,232,14.204082,46,445.937,112.873,255,8
1778134354519532,80550255,224,13.714286,46,446.885,109.057,255,8
1778134354535271,80560214,216,13.224489,46,447.801,105.233,255,8
1778134354535271,80570198,209,12.795918,46,448.576,101.880,255,8
1778134354574051,80580154,201,12.306123,46,449.430,98.042,255,8
1778134354575021,80590136,193,11.816327,46,450.252,94.196,255,8
1778134354575021,80600090,185,11.326530,46,451.041,90.344,255,8
1778134354575021,80610074,177,10.836735,46,451.797,86.485,255,8
1778134354590844,80620028,169,10.346938,46,452.520,82.620,255,8
1778134354597471,80630015,161,9.857143,46,453.209,78.748,255,8
1778134354609231,80639969,154,9.428572,46,453.786,75.356,255,8
1778134354658494,80649954,146,8.938775,46,454.413,71.474,255,8
1778134354659410,80659912,138,8.448980,46,455.008,67.587,255,8
1778134354659410,80669896,130,7.959184,46,455.569,63.695,255,8
1778134354660411,80679852,123,7.530612,46,456.032,60.286,255,8
1778134354660411,80689834,115,7.040816,46,456.531,56.385,255,8
1778134354676950,80699795,107,6.551021,46,456.997,52.480,255,8
1778134354677944,80709779,99,6.061224,45,447.484,47.516,255,8
1778134354723920,80719738,92,5.632653,45,447.827,44.168,255,8
1778134354723920,80729723,84,5.142857,46,458.148,41.234,255,8
1778134354723920,80739681,76,4.653061,46,458.484,37.316,255,8
1778134354724924,80749662,69,4.224490,46,458.750,33.886,255,8
1778134354724924,80759625,61,3.734694,46,459.023,29.963,255,8
1778134354740954,80769608,53,3.244898,46,459.262,26.038,255,8
1778134354742955,80779572,45,2.755102,46,459.468,22.111,255,8
1778134354801605,80789557,38,2.326531,46,459.621,18.673,255,8
1778134354801605,80799518,30,1.836735,45,449.769,14.423,255,8
1778134354803155,80809503,22,1.346939,45,449.876,10.578,255,8
1778134354803819,80819462,15,0.918367,46,459.941,7.373,255,8
1778134354803819,80829450,7,0.428571,45,449.987,3.366,255,8
1778134354804915,80839412,5879,359.938782,45,450.000,-0.481,255,8
1778134354820870,80849398,5871,359.448975,45,449.979,-4.328,255,8
1778134354821871,80859353,5864,359.020416,45,449.934,-7.693,255,8
1778134354866227,80869337,5856,358.530609,45,449.852,-11.539,255,8
1778134354866227,80879291,5848,358.040802,46,459.731,-15.726,255,8
1778134354867229,80889283,5840,357.551025,45,449.589,-19.228,255,8
1778134354867229,80899241,5832,357.061218,45,449.408,-23.071,255,8
1778134354886792,80909226,5826,356.693878,45,449.251,-25.952,255,8
1778134354886792,80919184,5823,356.510223,43,429.203,-26.174,255,8
1778134354948392,80929167,5822,356.448975,43,429.174,-26.633,255,8
1778134354948392,80939127,5822,356.448975,43,429.174,-26.633,255,8
1778134354949391,80949111,5822,356.448975,43,429.174,-26.633,255,8
1778134354949391,80959069,5823,356.510223,43,429.203,-26.174,255,8
1778134354950392,80969064,5823,356.510223,43,429.203,-26.174,255,8
1778134354950392,80979025,5823,356.510223,43,429.203,-26.174,255,8
1778134354951393,80989014,5823,356.510223,43,429.203,-26.174,255,8
1778134354968918,80998978,5823,356.510223,43,429.203,-26.174,255,8
1778134354976942,81008961,5823,356.510223,43,429.203,-26.174,255,8
1778134355038534,81018912,5825,356.632660,45,449.223,-26.432,255,8
1778134355038534,81028893,5827,356.755096,44,439.295,-24.906,255,8
1778134355039546,81038848,5830,356.938782,44,439.372,-23.497,255,8
1778134355039546,81048830,5833,357.122437,44,439.445,-22.089,255,8
1778134355040545,81058786,5837,357.367340,44,439.536,-20.210,255,8
1778134355041546,81068769,5840,357.551025,44,439.598,-18.801,255,8
1778134355041546,81078723,5843,357.734680,44,439.656,-17.392,255,8
1778134355061538,81088711,5847,357.979584,44,439.726,-15.512,255,8
1778134355062536,81098666,5851,358.224487,44,439.789,-13.633,255,8
1778134355071328,81108643,5855,358.469391,44,439.843,-11.753,255,8
1778134355144127,81118601,5859,358.714264,44,439.889,-9.873,255,8
1778134355145127,81128586,5863,358.959167,44,439.927,-7.993,255,8
1778134355145637,81138542,5867,359.204102,44,439.958,-6.112,255,8
1778134355145637,81148530,5870,359.387756,43,429.975,-4.595,255,8
1778134355146639,81158489,5874,359.632629,43,429.991,-2.757,255,8
1778134355146639,81168460,5879,359.938782,44,440.000,-0.470,255,8
1778134355147641,81178416,3,0.183673,44,439.998,1.411,255,8
1778134355148652,81188402,7,0.428571,44,439.988,3.291,255,8
1778134355172192,81198364,11,0.673469,44,439.970,5.172,255,8
1778134355173196,81208347,16,0.979592,44,439.936,7.522,255,8
1778134355219359,81218302,20,1.224490,44,439.900,9.403,255,8
1778134355220368,81228290,24,1.469388,45,449.852,11.539,255,8
1778134355221360,81238251,29,1.775510,44,439.789,13.633,255,8
1778134355222360,81248236,33,2.020408,44,439.726,15.512,255,8
1778134355222360,81258199,38,2.326531,44,439.637,17.862,255,8
1778134355238910,81268180,43,2.632653,44,439.536,20.210,255,8
1778134355239908,81278150,47,2.877551,44,439.445,22.089,255,8
1778134355291825,81288136,52,3.183673,44,439.321,24.436,255,8
1778134355292825,81298098,57,3.489796,45,449.166,27.392,255,8
1778134355292825,81308084,61,3.734694,44,439.066,28.660,255,8
1778134355293826,81318044,66,4.040816,44,438.906,31.006,255,8
1778134355293826,81328027,71,4.346939,45,448.706,34.108,255,8
1778134355316116,81337991,76,4.653061,44,438.550,35.694,255,8
1778134355317101,81347980,81,4.959184,44,438.353,38.036,255,8
1778134355317101,81357936,86,5.265306,44,438.143,40.378,255,8
1778134355377915,81367922,91,5.571429,44,437.921,42.718,255,8
1778134355377915,81377882,97,5.938776,44,437.639,45.525,255,8
1778134355378918,81387872,102,6.244898,44,437.389,47.862,255,8
1778134355378918,81397831,107,6.551021,45,447.062,51.340,255,8
1778134355379919,81407817,113,6.918367,44,436.796,53.000,255,8
1778134355379919,81417774,118,7.224490,44,436.507,55.333,255,8
1778134355400324,81427761,124,7.591837,44,436.143,58.131,255,8
1778134355400324,81437722,129,7.897959,44,435.826,60.460,255,8
1778134355408036,81447708,135,8.265306,44,435.430,63.253,255,8
1778134355464111,81457671,140,8.571428,45,444.974,67.069,255,8
1778134355465108,81467653,146,8.938775,45,444.535,69.921,255,8
1778134355465108,81477607,152,9.306123,45,444.077,72.769,255,8
1778134355466107,81487604,157,9.612246,45,443.682,75.141,255,8
1778134355466612,81497563,163,9.979591,44,433.343,76.251,255,8
1778134355466612,81507543,169,10.346938,44,432.845,79.028,255,8
1778134355483865,81517508,175,10.714286,44,432.329,81.801,255,8
1778134355486365,81527497,181,11.081633,45,441.609,86.493,255,8
1778134355543925,81537459,186,11.387755,44,431.338,86.877,255,8
1778134355544925,81547447,192,11.755101,45,440.562,91.678,255,8
1778134355544925,81557409,198,12.122449,45,439.965,94.501,255,8
1778134355545925,81567398,204,12.489796,46,449.114,99.482,255,8
1778134355545925,81577350,211,12.918367,45,438.610,100.603,255,8
1778134355546924,81587347,216,13.224489,45,438.067,102.945,255,8
1778134355563431,81597305,223,13.653061,45,437.284,106.219,255,8
1778134355565431,81607279,229,14.020408,45,436.594,109.020,255,8
1778134355617432,81617247,235,14.387755,45,435.886,111.817,255,8
1778134355617432,81627229,242,14.816327,45,435.038,115.075,255,8
1778134355618430,81637191,248,15.183674,45,434.291,117.861,255,8
1778134355618430,81647177,255,15.612246,45,433.397,121.107,255,8
1778134355619433,81657132,261,15.979591,46,442.226,126.636,255,8
1778134355643502,81667116,268,16.408163,46,441.266,129.940,255,8
1778134355643502,81677076,274,16.775511,45,430.849,129.880,255,8
1778134355644501,81687061,281,17.204082,46,439.418,136.057,255,8
1778134355740913,81697023,288,17.632652,46,438.388,139.340,255,8
1778134355740913,81707009,295,18.061224,46,437.334,142.615,255,8
1778134355741920,81716968,301,18.428572,46,436.411,145.416,255,8
1778134355742922,81726958,308,18.857143,46,435.311,148.676,255,8
1778134355742922,81736921,315,19.285715,47,443.625,155.231,255,8
1778134355743926,81746914,322,19.714287,46,433.038,155.172,255,8
1778134355744913,81756872,329,20.142857,46,431.865,158.407,255,8
1778134355744913,81766859,336,20.571428,46,430.668,161.632,255,8
1778134355745920,81776825,343,21.000000,47,438.783,168.433,255,8
1778134355746913,81786815,350,21.428572,47,437.511,171.710,255,8
1778134355764920,81796776,357,21.857143,47,436.214,174.978,255,8
1778134355764920,81806766,364,22.285715,47,434.893,178.236,255,8
1778134355811557,81816722,371,22.714287,47,433.548,181.484,255,8
1778134355812557,81826710,379,23.204082,47,431.980,185.183,255,8
1778134355813550,81836666,386,23.632654,47,430.583,188.409,255,8
1778134355813550,81846653,393,24.061226,47,429.162,191.625,255,8
1778134355814550,81856609,401,24.551022,47,427.508,195.287,255,8
1778134355839865,81866588,408,24.979591,48,435.100,202.702,255,8
1778134355840859,81876548,416,25.469387,48,433.351,206.414,255,8
1778134355842859,81886526,423,25.897959,48,431.795,209.649,255,8
1778134355886870,81896492,431,26.387754,48,429.987,213.333,255,8
1778134355887858,81906480,439,26.877550,48,428.148,217.001,255,8
1778134355887858,81916443,447,27.367346,48,426.277,220.653,255,8
1778134355888858,81926433,455,27.857143,48,424.375,224.289,255,8
1778134355908865,81936392,463,28.346939,48,422.443,227.908,255,8
1778134355908865,81946380,470,28.775511,48,420.726,231.062,255,8
1778134355924496,81956339,478,29.265306,49,427.459,239.539,255,8
1778134355925496,81966324,486,29.755102,49,425.396,243.184,255,8
1778134355974129,81976286,494,30.244898,49,423.301,246.812,255,8
1778134355975119,81986273,502,30.734694,49,421.176,250.421,255,8
1778134355975119,81996235,511,31.285715,49,418.748,254.460,255,8
1778134355976118,82006222,519,31.775511,49,416.558,258.030,255,8
1778134355976118,82016174,527,32.265305,49,414.337,261.582,255,8
1778134355996676,82026160,535,32.755100,49,412.086,265.114,255,8
1778134355998187,82036119,543,33.244896,50,418.167,274.109,255,8
1778134356059201,82046097,552,33.795921,50,415.512,278.118,255,8
1778134356060218,82056055,560,34.285713,51,421.382,287.293,255,8
1778134356061218,82066039,569,34.836735,51,418.599,291.332,255,8
1778134356061218,82076000,577,35.326530,50,407.935,289.118,255,8
1778134356061218,82085986,586,35.877552,50,405.136,293.027,255,8
1778134356062217,82095940,595,36.428574,49,394.253,290.972,255,8
1778134356062217,82105919,603,36.918369,48,383.756,288.325,255,8
1778134356078809,82115876,612,37.469387,47,373.029,285.919,255,8
1778134356118804,82125863,621,38.020409,45,354.506,277.174,255,8
1778134356119804,82135819,630,38.571430,44,344.006,274.336,255,8
1778134356120311,82145796,638,39.061226,43,333.883,270.965,255,8
1778134356120311,82155742,647,39.612244,46,354.373,293.291,255,8
1778134356121314,82165735,656,40.163265,47,359.179,303.135,255,8
1778134356138346,82175691,665,40.714287,47,356.247,306.575,255,8
1778134356139852,82185682,674,41.265305,47,353.282,309.987,255,8
1778134356152930,82195641,683,41.816326,47,350.284,313.370,255,8
1778134356159923,82205629,692,42.367348,46,339.866,309.985,255,8
1778134356214403,82215587,701,42.918365,46,336.869,313.240,255,8
1778134356215404,82225565,711,43.530613,46,333.503,316.821,255,8
1778134356215404,82235529,720,44.081635,46,330.441,320.014,255,8
1778134356216406,82245505,729,44.632652,46,327.348,323.177,255,8
1778134356216406,82255461,739,45.244896,45,316.835,319.555,255,8
1778134356233406,82265442,748,45.795918,45,313.747,322.587,255,8
1778134356234409,82275392,757,46.346939,45,310.630,325.590,255,8
1778134356242403,82285369,767,46.959183,45,307.134,328.890,255,8
1778134356254404,82295328,776,47.510204,45,303.956,331.829,255,8
1778134356311141,82305311,785,48.061226,45,300.751,334.737,255,8
1778134356312145,82315261,795,48.673470,45,297.157,337.931,255,8
1778134356313244,82325240,804,49.224491,45,293.894,340.773,255,8
1778134356313244,82335194,813,49.775513,45,290.603,343.584,255,8
1778134356314054,82345173,823,50.387753,44,280.539,338.966,255,8
1778134356314563,82355126,832,50.938774,44,277.266,341.648,255,8
1778134356336147,82365104,841,51.489799,44,273.968,344.299,255,8
1778134356337144,82375057,850,52.040813,44,270.644,346.918,255,8
1778134356338201,82385040,860,52.653061,44,266.922,349.790,255,8
1778134356347836,82394988,869,53.204082,44,263.545,352.341,255,8
1778134356398102,82404972,878,53.755100,44,260.145,354.859,255,8
1778134356399102,82414939,887,54.306122,44,256.720,357.344,255,8
1778134356400102,82424919,897,54.918369,44,252.887,360.067,255,8
1778134356401211,82434877,906,55.469387,44,249.412,362.482,255,8
1778134356401834,82444855,915,56.020409,44,245.915,364.864,255,8
1778134356418566,82454812,925,56.632656,43,236.502,359.119,255,8
1778134356418566,82464793,934,57.183670,43,233.038,361.377,255,8
1778134356468434,82474746,943,57.734695,43,229.551,363.602,255,8
1778134356469883,82484723,953,58.346939,43,225.653,366.034,255,8
1778134356470884,82494676,962,58.897957,43,222.122,368.187,255,8
1778134356471888,82504652,971,59.448978,43,218.571,370.306,255,8
1778134356472886,82514598,980,60.000000,43,215.000,372.391,255,8
1778134356495215,82524578,990,60.612244,43,211.009,374.667,255,8
1778134356495215,82534534,999,61.163265,43,207.396,376.679,255,8
1778134356496221,82544511,1008,61.714287,43,203.764,378.656,255,8
1778134356560469,82554465,1017,62.265305,43,200.113,380.598,255,8
1778134356561469,82564448,1027,62.877552,43,196.034,382.715,255,8
1778134356561469,82574398,1036,63.428574,43,192.345,384.582,255,8
1778134356562562,82584379,1045,63.979591,43,188.637,386.414,255,8
1778134356562562,82594342,1055,64.591835,43,184.497,388.408,255,8
1778134356563468,82604321,1064,65.142860,43,180.754,390.164,255,8
1778134356582041,82614270,1073,65.693878,43,176.993,391.885,255,8
1778134356583551,82624245,1082,66.244896,43,173.216,393.569,255,8
1778134356634730,82634201,1092,66.857147,42,165.070,386.202,255,8
1778134356634730,82644174,1101,67.408157,43,165.190,397.004,255,8
1778134356634730,82654131,1110,67.959183,42,157.612,389.305,255,8
1778134356636253,82664107,1119,68.510208,43,157.524,400.108,255,8
1778134356636253,82674061,1129,69.122444,43,153.240,401.768,255,8
1778134356637270,82684036,1138,69.673470,43,149.369,403.223,255,8
1778134356655659,82693994,1147,70.224495,42,142.101,395.231,255,8
1778134356656654,82703978,1156,70.775505,42,138.294,396.579,255,8
1778134356664560,82713930,1166,71.387756,42,134.048,398.034,255,8
1778134356716954,82723916,1175,71.938774,41,127.114,389.798,255,8
1778134356717946,82733870,1184,72.489792,40,120.350,381.465,255,8
1778134356718562,82743851,1193,73.040817,38,110.842,363.475,255,8
1778134356718562,82753809,1203,73.653061,38,106.952,364.639,255,8
1778134356719568,82763790,1212,74.204079,38,103.440,365.650,255,8
1778134356737312,82773741,1221,74.755104,38,99.919,366.628,255,8
1778134356737312,82783723,1230,75.306122,38,96.389,367.572,255,8
1778134356784740,82793682,1240,75.918365,37,90.023,358.882,255,8
1778134356784740,82803664,1249,76.469391,37,86.567,359.731,255,8
1778134356785616,82813618,1258,77.020409,37,83.103,360.547,255,8
1778134356786120,82823600,1267,77.571426,37,79.632,361.329,255,8
1778134356786120,82833558,1277,78.183670,37,75.767,362.159,255,8
1778134356803599,82843537,1286,78.734695,37,72.280,362.871,255,8
1778134356804107,82853492,1295,79.285713,37,68.787,363.550,255,8
1778134356863484,82863478,1304,79.836731,37,65.288,364.194,255,8
1778134356863484,82873437,1314,80.448982,37,61.393,364.871,255,8
1778134356864491,82883421,1323,81.000000,37,57.881,365.445,255,8
1778134356864491,82893374,1332,81.551018,37,54.364,365.984,255,8
1778134356865504,82903358,1341,82.102043,37,50.841,366.490,255,8
1778134356866490,82913313,1351,82.714287,37,46.922,367.013,255,8
1778134356882129,82923301,1360,83.265305,37,43.391,367.447,255,8
1778134356882900,82933261,1369,83.816330,37,39.855,367.847,255,8
1778134356941568,82943239,1378,84.367348,37,36.316,368.214,255,8
1778134356942581,82953201,1388,84.979591,37,32.379,368.581,255,8
1778134356943584,82963187,1397,85.530617,37,28.833,368.875,255,8
1778134356943584,82973138,1406,86.081627,38,25.967,379.112,255,8
1778134356944579,82983122,1415,86.632652,38,22.320,379.344,255,8
1778134356944579,82993074,1424,87.183678,38,18.671,379.541,255,8
1778134356961397,83003056,1434,87.795914,38,14.614,379.719,255,8
1778134356962411,83013010,1443,88.346939,38,10.962,379.842,255,8
1778134357009742,83022990,1452,88.897964,38,7.309,379.930,255,8
1778134357010745,83032953,1461,89.448975,38,3.654,379.982,255,8
1778134357010745,83042940,1471,90.061226,38,-0.406,380.000,255,8
1778134357010745,83052898,1480,90.612244,38,-4.060,379.978,255,8
1778134357011744,83062883,1489,91.163261,39,-7.918,389.920,255,8
1778134357027313,83072843,1498,91.714287,41,-12.265,409.816,255,8
1778134357040688,83082826,1507,92.265305,42,-16.601,419.672,255,8
1778134357041540,83092788,1517,92.877548,42,-21.085,419.470,255,8
1778134357094399,83102764,1526,93.428574,42,-25.118,419.248,255,8
1778134357094905,83112718,1535,93.979591,42,-29.148,418.987,255,8
1778134357094905,83122715,1544,94.530617,42,-33.177,418.688,255,8
1778134357094905,83132670,1554,95.142860,42,-37.649,418.309,255,8
1778134357096410,83142662,1563,95.693878,42,-41.670,417.928,255,8
1778134357110670,83152613,1572,96.244904,42,-45.687,417.508,255,8
1778134357111668,83162604,1581,96.795921,42,-49.700,417.049,255,8
1778134357159574,83172562,1590,97.346939,42,-53.708,416.552,255,8
1778134357160585,83182549,1600,97.959190,42,-58.156,415.954,255,8
1778134357160585,83192504,1609,98.510208,42,-62.154,415.376,255,8
1778134357161583,83202490,1618,99.061218,42,-66.146,414.759,255,8
1778134357161583,83212453,1627,99.612244,42,-70.131,414.103,255,8
1778134357179235,83222445,1637,100.224495,42,-74.552,413.330,255,8
1778134357180177,83232407,1646,100.775505,42,-78.524,412.594,255,8
1778134357226841,83242392,1655,101.326530,42,-82.488,411.820,255,8
1778134357227841,83252357,1664,101.877548,42,-86.445,411.008,255,8
1778134357228841,83262345,1673,102.428574,42,-90.393,410.157,255,8
1778134357228841,83272307,1683,103.040817,42,-94.771,409.168,255,8
1778134357229853,83282299,1692,103.591835,42,-98.702,408.238,255,8
1778134357285925,83292263,1701,104.142860,42,-102.623,407.270,255,8
1778134357287343,83302247,1710,104.693878,42,-106.535,406.264,255,8
1778134357287343,83312207,1719,105.244896,43,-113.066,414.869,255,8
1778134357288352,83322191,1728,105.795914,43,-117.051,413.762,255,8
1778134357289350,83332153,1738,106.408165,43,-121.466,412.488,255,8
1778134357289350,83342136,1747,106.959175,43,-125.427,411.301,255,8
1778134357314241,83352092,1756,107.510201,43,-129.377,410.075,255,8
1778134357314241,83362072,1765,108.061226,43,-133.314,408.812,255,8
1778134357324237,83372036,1775,108.673462,43,-137.675,407.364,255,8
1778134357389444,83382016,1784,109.224487,43,-141.586,406.021,255,8
1778134357390447,83391980,1793,109.775505,43,-145.484,404.641,255,8
1778134357390447,83401958,1802,110.326530,43,-149.369,403.223,255,8
1778134357391445,83411926,1811,110.877556,43,-153.240,401.768,255,8
1778134357391445,83421909,1821,111.489792,43,-157.524,400.108,255,8
1778134357392444,83431870,1830,112.040817,43,-161.365,398.574,255,8
1778134357392444,83441852,1839,112.591843,43,-165.190,397.004,255,8
1778134357413503,83451814,1848,113.142860,43,-169.001,395.397,255,8
1778134357414503,83461792,1857,113.693871,43,-172.795,393.753,255,8
1778134357421826,83471752,1867,114.306122,43,-176.993,391.885,255,8
1778134357480448,83481727,1876,114.857147,44,-184.957,399.238,255,8
1778134357481451,83491677,1885,115.408157,44,-188.788,397.441,255,8
1778134357481451,83501662,1894,115.959183,44,-192.602,395.607,255,8
1778134357482452,83511616,1903,116.510201,44,-196.397,393.736,255,8
1778134357482452,83521593,1912,117.061226,44,-200.175,391.829,255,8
1778134357483450,83531542,1921,117.612244,44,-203.934,389.886,255,8
1778134357508414,83541522,1931,118.224487,44,-208.088,387.685,255,8
1778134357508414,83551473,1940,118.775513,44,-211.807,385.665,255,8
1778134357509405,83561452,1949,119.326530,44,-215.506,383.611,255,8
1778134357578364,83571405,1958,119.877556,44,-219.185,381.520,255,8
1778134357579364,83581385,1967,120.428566,44,-222.844,379.395,255,8
1778134357580363,83591336,1976,120.979591,45,-231.630,385.808,255,8
1778134357580363,83601318,1986,121.591843,45,-235.739,383.311,255,8
1778134357581403,83611272,1995,122.142853,45,-239.414,381.026,255,8
1778134357581403,83621253,2004,122.693878,45,-243.068,378.706,255,8
1778134357582366,83631208,2013,123.244896,45,-246.698,376.351,255,8
1778134357605360,83641188,2022,123.795921,45,-250.306,373.961,255,8
1778134357606361,83651150,2031,124.346939,45,-253.891,371.536,255,8
1778134357607357,83661134,2041,124.959183,45,-257.847,368.802,255,8
1778134357686384,83671094,2050,125.510208,46,-267.190,374.446,255,8
1778134357687382,83681076,2059,126.061226,46,-270.779,371.859,255,8
1778134357687382,83691036,2068,126.612251,46,-274.342,369.237,255,8
1778134357688381,83701022,2077,127.163261,46,-277.881,366.582,255,8
1778134357688381,83710978,2086,127.714287,46,-281.393,363.893,255,8
1778134357689384,83720966,2095,128.265305,46,-284.880,361.170,255,8
1778134357689384,83730924,2105,128.877548,46,-288.723,358.105,255,8
1778134357689384,83740911,2114,129.428574,47,-298.504,363.036,255,8
1778134357697296,83750871,2123,129.979584,47,-301.982,360.149,255,8
1778134357761675,83760859,2132,130.530609,47,-305.431,357.228,255,8
1778134357761675,83770815,2141,131.081635,47,-308.853,354.274,255,8
1778134357762682,83780801,2150,131.632660,47,-312.246,351.287,255,8
1778134357762682,83790759,2159,132.183670,48,-322.325,355.678,255,8
1778134357763681,83800742,2168,132.734695,48,-325.730,352.562,255,8
1778134357763681,83810695,2177,133.285721,48,-329.106,349.413,255,8
1778134357764680,83820678,2187,133.897949,48,-332.820,345.876,255,8
1778134357783293,83830631,2196,134.448975,48,-336.131,342.660,255,8
1778134357784294,83840626,2205,135.000000,48,-339.411,339.411,255,8
1778134357794318,83850586,2214,135.551025,48,-342.660,336.131,255,8
1778134357811755,83860570,2223,136.102051,49,-353.082,339.754,255,8
1778134357883839,83870534,2232,136.653061,49,-356.333,336.343,255,8
1778134357883839,83880514,2241,137.204071,49,-359.551,332.901,255,8
1778134357884836,83890470,2250,137.755096,49,-362.736,329.427,255,8
1778134357884836,83900449,2259,138.306122,49,-365.888,325.924,255,8
1778134357885834,83910402,2269,138.918365,49,-369.349,321.995,255,8
1778134357885834,83920386,2278,139.469391,49,-372.429,318.429,255,8
1778134357886833,83930342,2287,140.020416,49,-375.474,314.832,255,8
1778134357887341,83940317,2296,140.571426,50,-386.208,317.558,255,8
1778134357907111,83950276,2305,141.122452,50,-389.245,313.829,255,8
1778134357907111,83960261,2314,141.673462,50,-392.245,310.071,255,8
1778134357966220,83970220,2323,142.224487,50,-395.208,306.285,255,8
1778134357967809,83980202,2332,142.775513,50,-398.136,302.470,255,8
1778134357967809,83990168,2341,143.326538,51,-409.047,304.599,255,8
1778134357968924,84000154,2350,143.877548,52,-420.035,306.547,255,8
1778134357968924,84010115,2359,144.428574,54,-439.231,314.127,255,8
1778134357969911,84020097,2368,144.979584,59,-483.179,338.582,255,8
1778134357976620,84030055,2377,145.530609,61,-502.901,345.239,255,8
1778134358029928,84040041,2387,146.142868,61,-506.562,339.846,255,8
1778134358030892,84049997,2396,146.693878,62,-518.164,340.450,255,8
1778134358031841,84059988,2405,147.244888,64,-538.234,346.272,255,8
1778134358032835,84069945,2414,147.795914,65,-550.001,346.409,255,8
1778134358032835,84079933,2423,148.346939,65,-553.307,341.103,255,8
1778134358033835,84089898,2432,148.897964,62,-530.874,320.270,255,8
1778134358050624,84099886,2441,149.448990,58,-499.483,294.817,255,8
1778134358052045,84109841,2450,150.000000,58,-502.295,290.000,255,8
1778134358098525,84119829,2459,150.551025,60,-522.476,294.989,255,8
1778134358099534,84129794,2468,151.102036,62,-542.799,299.616,255,8
1778134358099534,84139777,2477,151.653061,65,-572.058,308.626,255,8
1778134358099534,84149732,2486,152.204086,66,-583.845,307.774,255,8
1778134358101071,84159715,2495,152.755096,65,-577.888,297.567,255,8
1778134358119102,84169680,2504,153.306122,65,-580.723,291.995,255,8
1778134358127634,84179663,2513,153.857147,66,-592.481,290.803,255,8
1778134358182671,84189623,2522,154.408157,66,-595.250,285.092,255,8
1778134358182671,84199612,2531,154.959183,66,-597.964,279.354,255,8
1778134358183671,84209569,2539,155.448975,66,-600.330,274.232,255,8
1778134358183671,84219547,2548,156.000000,67,-612.075,272.514,255,8
1778134358183671,84229503,2557,156.551025,67,-614.668,266.615,255,8
1778134358184673,84239488,2566,157.102051,67,-617.204,260.691,255,8
1778134358202217,84249445,2575,157.653061,68,-628.931,258.546,255,8
1778134358203218,84259427,2584,158.204086,68,-631.388,252.485,255,8
1778134358211734,84269381,2593,158.755096,68,-633.787,246.401,255,8
1778134358272844,84279361,2602,159.306122,67,-626.773,236.761,255,8
1778134358272844,84289320,2611,159.857147,67,-629.021,230.723,255,8
1778134358273845,84299301,2620,160.408157,67,-631.210,224.663,255,8
1778134358273845,84309259,2629,160.959183,66,-623.889,215.319,255,8
1778134358274844,84319243,2638,161.510208,65,-616.447,206.138,255,8
1778134358274844,84329198,2647,162.061218,64,-608.887,197.120,255,8
1778134358293361,84339190,2655,162.551025,63,-601.010,188.909,255,8
1778134358293361,84349148,2664,163.102036,62,-593.231,180.214,255,8
1778134358302659,84359127,2673,163.653061,61,-585.341,171.686,255,8
1778134358361338,84369087,2682,164.204086,61,-586.965,166.049,255,8
1778134358362340,84379071,2691,164.755112,61,-588.535,160.397,255,8
1778134358362340,84389028,2700,165.306122,62,-599.723,157.266,255,8
1778134358363337,84399005,2709,165.857147,62,-601.208,151.491,255,8
1778134358363337,84408958,2718,166.408157,63,-612.357,148.052,255,8
1778134358364337,84418940,2727,166.959183,63,-613.752,142.156,255,8
1778134358383859,84428891,2735,167.448975,62,-605.184,134.732,255,8
1778134358383859,84438873,2744,168.000000,61,-596.670,126.826,255,8
1778134358441007,84448836,2753,168.551025,59,-578.260,117.112,255,8
1778134358442003,84458818,2762,169.102051,58,-569.540,109.655,255,8
1778134358442003,84468775,2771,169.653061,64,-629.592,114.949,255,8
1778134358443003,84478758,2780,170.204086,66,-650.377,112.292,255,8
1778134358444004,84488708,2788,170.693878,74,-730.260,119.665,255,8
1778134358444004,84498691,2797,171.244888,86,-849.979,130.902,255,8
1778134358463017,84508648,2806,171.795914,88,-870.994,125.576,255,8
1778134358464016,84518627,2815,172.346939,88,-872.162,117.193,255,8
1778134358521675,84528590,2823,172.836731,98,-972.351,122.203,255,8
1778134358522675,84538551,2832,173.387756,153,-1519.823,176.179,255,8
1778134358523179,84548507,2841,173.938782,192,-1909.267,202.735,255,8
1778134358524184,84558488,2849,174.428574,188,-1871.119,182.523,255,8
1778134358524184,84568448,2858,174.979584,173,-1723.363,151.394,255,8
1778134358524184,84578433,2866,175.469391,150,-1495.313,118.488,255,8
1778134358540203,84588380,2875,176.020401,126,-1256.962,87.446,255,8
1778134358540203,84598369,2884,176.571426,109,-1088.049,65.187,255,8
1778134358548496,84608348,2892,177.061218,99,-988.698,50.756,255,8
1778134358609934,84618335,2901,177.612244,93,-929.193,38.746,255,8
1778134358609934,84628294,2909,178.102036,91,-909.501,30.139,255,8
1778134358610934,84638279,2918,178.653061,91,-909.749,21.391,255,8
1778134358610934,84648244,2927,179.204086,93,-929.910,12.919,255,8
1778134358611943,84658226,2935,179.693878,97,-969.986,5.183,255,8
1778134358612933,84668164,2944,180.244904,102,-1019.991,-4.360,255,8
1778134358634483,84678153,2952,180.734695,108,-1079.911,-13.848,255,8
1778134358635481,84688108,2961,181.285721,118,-1179.703,-26.477,255,8
1778134358636495,84698103,2969,181.775513,129,-1289.381,-39.969,255,8
1778134358657817,84708067,2978,182.326523,141,-1408.838,-57.238,255,8
1778134358658816,84718057,2987,182.877563,152,-1518.083,-76.307,255,8
1778134358705912,84728016,2995,183.367355,166,-1657.134,-97.504,255,8
1778134358706912,84738001,3004,183.918365,178,-1775.839,-121.636,255,8
1778134358706912,84747963,3012,184.408157,188,-1874.439,-144.499,255,8
1778134358707914,84757952,3021,184.959183,190,-1892.887,-164.247,255,8
1778134358707914,84767913,3029,185.448990,178,-1771.956,-169.028,255,8
1778134358726187,84777894,3038,186.000000,167,-1660.852,-174.563,255,8
1778134358727187,84787854,3046,186.489792,168,-1669.235,-189.884,255,8
1778134358804434,84797835,3055,187.040817,165,-1637.557,-202.251,255,8
1778134358805457,84807785,3064,187.591827,147,-1457.115,-194.209,255,8
1778134358805457,84817767,3072,188.081619,106,-1049.473,-149.019,255,8
1778134358806434,84827734,3081,188.632660,87,-860.144,-130.586,255,8
1778134358807151,84837721,3089,189.122452,82,-809.628,-130.007,255,8
1778134358807151,84847674,3098,189.673462,77,-759.052,-129.385,255,8
1778134358807880,84857657,3107,190.224487,71,-698.725,-126.029,255,8
1778134358808387,84867616,3115,190.714294,88,-864.658,-163.602,255,8
1778134358823230,84877601,3124,191.265305,91,-892.467,-177.771,255,8
1778134358824728,84887560,3132,191.755096,88,-861.544,-179.281,255,8
1778134358920648,84897553,3141,192.306122,76,-742.537,-161.982,255,8
1778134358921648,84907491,3150,192.857132,137,-1335.651,-304.853,255,8
1778134358922649,84917472,3158,193.346924,169,-1644.353,-390.131,255,8
1778134358923158,84927430,3167,193.897964,175,-1698.769,-420.339,255,8
1778134358923665,84937409,3175,194.387756,178,-1724.173,-442.300,255,8
1778134358923665,84947364,3184,194.938766,180,-1739.163,-464.016,255,8
1778134358925184,84957347,3193,195.489807,178,-1715.347,-475.379,255,8
1778134358925184,84967306,3201,195.979599,172,-1653.539,-473.508,255,8
1778134358926189,84977289,3210,196.530609,161,-1543.455,-458.089,255,8
1778134358927191,84987238,3219,197.081635,127,-1213.977,-373.042,255,8
1778134358934229,84997219,3227,197.571426,105,-1001.008,-316.989,255,8
1778134358946769,85007179,3236,198.122437,101,-959.898,-314.159,255,8
1778134358953273,85017167,3244,198.612228,100,-947.700,-319.162,255,8
1778134358963615,85027143,3253,199.163269,98,-925.695,-321.696,255,8
1778134359118012,85037140,3262,199.714279,93,-875.489,-313.717,255,8
1778134359119007,85047103,3270,200.204071,89,-835.237,-307.375,255,8
1778134359120008,85057097,3279,200.755112,87,-813.540,-308.306,255,8
1778134359120008,85067057,3287,201.244904,86,-801.554,-311.625,255,8
1778134359121013,85077052,3296,201.795914,86,-798.521,-319.319,255,8
1778134359122013,85087011,3305,202.346939,86,-795.413,-326.984,255,8
1778134359122013,85096995,3313,202.836731,86,-792.589,-333.772,255,8
1778134359123523,85106959,3322,203.387741,86,-789.342,-341.378,255,8
1778134359124534,85116946,3330,203.877563,87,-795.539,-352.162,255,8
1778134359124534,85126905,3339,204.428574,89,-810.325,-368.067,255,8
1778134359125534,85136891,3347,204.918365,93,-843.425,-391.834,255,8
1778134359126537,85146844,3356,205.469376,96,-866.703,-412.827,255,8
1778134359127534,85156822,3365,206.020416,97,-871.679,-425.531,255,8
1778134359127534,85166776,3373,206.510208,97,-868.009,-432.967,255,8
1778134359128534,85176760,3382,207.061218,96,-854.900,-436.745,255,8
1778134359129535,85186719,3390,207.551025,94,-833.403,-434.786,255,8
1778134359131535,85196702,3399,208.102036,93,-820.362,-438.070,255,8
1778134359289129,85206653,3408,208.653046,93,-816.112,-445.939,255,8
1778134359290133,85216638,3416,209.142868,92,-803.535,-448.030,255,8
1778134359290133,85226592,3425,209.693878,92,-799.190,-455.737,255,8
1778134359291237,85236576,3434,210.244888,92,-794.770,-463.401,255,8
1778134359292180,85246533,3443,210.795929,92,-790.277,-471.023,255,8
1778134359293132,85256510,3451,211.285721,93,-794.767,-482.955,255,8
1778134359293639,85266473,3460,211.836731,93,-790.086,-490.575,255,8
1778134359294648,85276453,3469,212.387756,94,-793.776,-503.508,255,8
1778134359294648,85286413,3477,212.877548,95,-797.841,-515.703,255,8
1778134359295649,85296400,3486,213.428558,96,-801.190,-528.861,255,8
1778134359296652,85306355,3495,213.979599,97,-804.360,-542.131,255,8
1778134359297648,85316337,3503,214.469391,98,-807.940,-554.647,255,8
1778134359298647,85326278,3512,215.020401,102,-835.327,-585.345,255,8
1778134359298647,85336262,3521,215.571442,108,-878.462,-628.255,255,8
1778134359299649,85346224,3530,216.122452,111,-896.612,-654.359,255,8
1778134359300648,85356211,3538,216.612244,112,-899.013,-667.964,255,8
1778134359300648,85366174,3547,217.163269,111,-884.578,-670.538,255,8
1778134359310257,85376162,3556,217.714279,111,-878.089,-679.014,255,8
1778134359319774,85386125,3564,218.204071,110,-864.394,-680.311,255,8
1778134359461886,85396110,3573,218.755112,110,-857.812,-688.592,255,8
1778134359463397,85406065,3582,219.306122,112,-866.625,-709.479,255,8
1778134359463397,85416051,3591,219.857132,113,-867.439,-724.189,255,8
1778134359464408,85426010,3599,220.346954,113,-861.216,-731.578,255,8
1778134359465920,85435992,3608,220.897964,113,-854.141,-739.827,255,8
1778134359465920,85445956,3617,221.448975,112,-839.491,-741.387,255,8
1778134359466928,85455939,3625,221.938782,112,-833.122,-748.537,255,8
1778134359467925,85465895,3634,222.489792,110,-811.137,-743.005,255,8
1778134359468434,85475882,3643,223.040802,110,-803.955,-750.771,255,8
1778134359469447,85485840,3651,223.530624,109,-790.257,-750.729,255,8
1778134359470448,85495827,3660,224.081635,109,-783.001,-758.294,255,8
1778134359470448,85505787,3669,224.632645,108,-768.556,-758.763,255,8
1778134359471447,85515771,3677,225.122452,108,-762.041,-765.306,255,8
1778134359472443,85525733,3686,225.673477,108,-754.646,-772.599,255,8
1778134359473442,85535721,3695,226.224487,108,-747.181,-779.820,255,8
1778134359478957,85545683,3703,226.714294,108,-740.488,-786.179,255,8
1778134359628591,85555671,3712,227.265305,109,-739.679,-800.609,255,8
1778134359628591,85565631,3721,227.816315,109,-731.945,-807.685,255,8
1778134359629593,85575612,3729,228.306107,110,-731.666,-821.380,255,8
1778134359630589,85585568,3738,228.857147,110,-723.733,-828.379,255,8
1778134359631593,85595553,3747,229.408157,111,-722.239,-842.894,255,8
1778134359631593,85605509,3755,229.897949,111,-715.008,-849.037,255,8
1778134359632591,85615495,3764,230.448990,112,-713.177,-863.585,255,8
1778134359633592,85625452,3773,231.000000,116,-730.012,-901.489,255,8
1778134359634100,85635438,3781,231.489792,121,-753.411,-946.822,255,8
1778134359635106,85645387,3790,232.040817,120,-738.120,-946.139,255,8
1778134359636105,85655372,3799,232.591827,119,-722.912,-945.250,255,8
1778134359636105,85665327,3807,233.081619,116,-696.785,-927.411,255,8
1778134359640109,85675314,3816,233.632660,115,-681.904,-926.017,255,8
1778134359641106,85685271,3824,234.122452,114,-668.103,-923.709,255,8
1778134359642106,85695255,3833,234.673462,114,-659.189,-930.092,255,8
1778134359642106,85705213,3842,235.224487,114,-650.213,-936.388,255,8
1778134359646627,85715198,3850,235.714294,113,-636.552,-933.650,255,8
1778134359794919,85725150,3859,236.265305,112,-621.990,-931.412,255,8
1778134359795924,85735130,3867,236.755096,110,-603.041,-919.968,255,8
1778134359796924,85745081,3876,237.306122,110,-594.165,-925.725,255,8
1778134359797927,85755067,3885,237.857132,108,-574.595,-914.462,255,8
1778134359798925,85765021,3893,238.346924,107,-561.509,-910.828,255,8
1778134359799924,85775001,3902,238.897964,106,-547.558,-907.624,255,8
1778134359800927,85784949,3911,239.448975,105,-533.721,-904.236,255,8
1778134359801924,85794923,3919,239.938766,105,-525.972,-908.765,255,8
1778134359801924,85804877,3928,240.489807,104,-512.282,-905.079,255,8
1778134359803434,85814851,3936,240.979599,102,-494.823,-891.936,255,8
1778134359804445,85824805,3945,241.530609,102,-486.223,-896.653,255,8
1778134359804956,85834777,3954,242.081635,101,-472.895,-892.452,255,8
1778134359806471,85844735,3962,242.571426,99,-456.036,-878.710,255,8
1778134359807485,85854733,3971,243.122437,99,-447.565,-883.055,255,8
1778134359808485,85864677,3979,243.612228,97,-431.111,-868.932,255,8
1778134359808485,85874659,3988,244.163269,95,-414.018,-855.038,255,8
1778134359815600,85884613,3996,244.653061,93,-398.131,-840.471,255,8
1778134359962378,85894592,4005,245.204071,90,-377.449,-817.027,255,8
1778134359963888,85904536,4014,245.755112,88,-361.361,-802.383,255,8
1778134359963888,85914527,4022,246.244904,86,-346.432,-787.137,255,8
1778134359964895,85924481,4031,246.795914,69,-271.865,-634.184,255,8
1778134359965893,85934458,4039,247.285721,59,-227.820,-544.241,255,8
1778134359965893,85944410,4048,247.836731,55,-207.486,-509.362,255,8
1778134359966894,85954376,4056,248.326523,54,-199.431,-501.824,255,8
1778134359967893,85964342,4065,248.877563,53,-190.992,-494.391,255,8
1778134359968898,85974318,4074,249.428574,53,-186.229,-496.204,255,8
1778134359969893,85984275,4082,249.918365,53,-181.980,-497.778,255,8
1778134359969893,85994256,4091,250.469376,53,-177.185,-499.505,255,8
1778134359970892,86004210,4099,250.959198,53,-172.908,-501.002,255,8
1778134359971891,86014192,4108,251.510208,53,-168.082,-502.641,255,8
1778134359971891,86024153,4117,252.061218,53,-163.240,-504.235,255,8
1778134359973400,86034136,4125,252.551025,53,-158.924,-505.612,255,8
1778134359973400,86044091,4134,253.102036,53,-154.054,-507.117,255,8
1778134360136216,86054071,4143,253.653046,52,-146.356,-498.979,255,8
1778134360137223,86064033,4151,254.142868,52,-142.085,-500.212,255,8
1778134360137743,86074018,4160,254.693878,52,-137.268,-501.555,255,8
1778134360138751,86083978,4168,255.183670,52,-132.975,-502.710,255,8
1778134360138751,86093960,4177,255.734711,52,-128.134,-503.966,255,8
1778134360139743,86103918,4185,256.224487,52,-123.822,-505.043,255,8
1778134360140747,86113903,4194,256.775513,52,-118.959,-506.210,255,8
1778134360140747,86123866,4203,257.326538,52,-114.085,-507.331,255,8
1778134360141744,86133848,4211,257.816345,52,-109.744,-508.288,255,8
1778134360142743,86143805,4220,258.367340,52,-104.851,-509.319,255,8
1778134360142743,86153785,4228,258.857147,52,-100.493,-510.197,255,8
1778134360143744,86163747,4237,259.408173,52,-95.582,-511.140,255,8
1778134360143744,86173733,4245,259.897949,52,-91.209,-511.938,255,8
1778134360143744,86183692,4254,260.448975,52,-86.281,-512.792,255,8
1778134360145643,86193680,4263,261.000000,52,-81.346,-513.598,255,8
1778134360146652,86203638,4271,261.489807,52,-76.952,-514.275,255,8
1778134360146652,86213625,4280,262.040802,51,-70.619,-505.087,255,8
1778134360295217,86223592,4288,262.530609,51,-66.298,-505.672,255,8
1778134360296225,86233580,4297,263.081635,51,-61.432,-506.287,255,8
1778134360296225,86243541,4305,263.571442,51,-57.102,-506.793,255,8
1778134360297744,86253524,4314,264.122437,51,-52.226,-507.319,255,8
1778134360298760,86263488,4322,264.612244,51,-47.887,-507.747,255,8
1778134360299754,86273473,4331,265.163269,51,-43.001,-508.184,255,8
1778134360300264,86283436,4339,265.653076,51,-38.656,-508.533,255,8
1778134360301265,86293421,4348,266.204071,51,-33.764,-508.881,255,8
1778134360302265,86303387,4356,266.693878,51,-29.412,-509.151,255,8
1778134360302265,86313376,4365,267.244904,51,-24.514,-509.410,255,8
1778134360303773,86323337,4373,267.734680,51,-20.159,-509.601,255,8
1778134360304780,86333327,4382,268.285706,51,-15.257,-509.772,255,8
1778134360304780,86343287,4390,268.775513,51,-10.899,-509.884,255,8
1778134360305781,86353277,4399,269.326538,51,-5.994,-509.965,255,8
1778134360306782,86363234,4407,269.816315,51,-1.635,-509.997,255,8
1778134360307781,86373217,4416,270.367371,51,3.270,-509.990,255,8
1778134360311292,86383181,4425,270.918365,51,8.174,-509.934,255,8
1778134360321321,86393170,4433,271.408173,51,12.533,-509.846,255,8
1778134360475220,86403129,4442,271.959198,51,17.436,-509.702,255,8
1778134360475220,86413116,4450,272.448975,51,21.792,-509.534,255,8
1778134360476221,86423075,4459,273.000000,51,26.691,-509.301,255,8
1778134360477232,86433055,4467,273.489777,51,31.044,-509.054,255,8
1778134360478725,86443016,4476,274.040833,51,35.938,-508.732,255,8
1778134360479459,86453000,4484,274.530609,51,40.286,-508.406,255,8
1778134360479970,86462961,4493,275.081635,51,45.173,-507.995,255,8
1778134360480495,86472945,4501,275.571411,51,49.514,-507.591,255,8
1778134360481507,86482906,4510,276.122467,51,54.394,-507.091,255,8
1778134360481507,86492890,4518,276.612244,51,58.726,-506.608,255,8
1778134360482509,86502846,4527,277.163269,51,63.596,-506.019,255,8
1778134360483504,86512829,4535,277.653076,51,67.919,-505.457,255,8
1778134360483504,86522788,4544,278.204071,51,72.777,-504.781,255,8
1778134360484011,86532762,4552,278.693878,51,77.089,-504.140,255,8
1778134360485016,86542724,4561,279.244873,52,83.540,-513.246,255,8
1778134360485625,86552698,4569,279.734711,52,87.925,-512.513,255,8
1778134360489150,86562654,4578,280.285706,52,92.850,-511.643,255,8
1778134360701585,86572632,4586,280.775513,52,97.220,-510.831,255,8
1778134360702584,86582586,4595,281.326538,52,102.128,-509.872,255,8
1778134360703090,86592567,4603,281.816345,52,106.483,-508.981,255,8
1778134360704094,86602519,4612,282.367340,52,111.373,-507.933,255,8
1778134360704094,86612495,4620,282.857147,52,115.711,-506.963,255,8
1778134360705101,86622457,4629,283.408173,52,120.581,-505.826,255,8
1778134360706092,86632436,4637,283.897949,51,122.499,-495.070,255,8
1778134360706092,86642391,4645,284.387756,51,126.726,-494.005,255,8
1778134360707100,86652366,4654,284.938782,52,134.049,-502.425,255,8
1778134360708099,86662326,4662,285.428589,54,143.660,-520.540,255,8
1778134360709095,86672307,4671,285.979584,53,145.906,-509.521,255,8
1778134360709095,86682256,4679,286.469391,53,150.257,-508.255,255,8
1778134360710605,86692228,4688,287.020416,54,158.065,-516.348,255,8
1778134360711614,86702186,4696,287.510223,54,162.473,-514.978,255,8
1778134360711614,86712165,4704,288.000000,54,166.869,-513.571,255,8
1778134360712612,86722113,4713,288.551025,54,171.800,-511.942,255,8
1778134360713622,86732091,4721,289.040802,54,176.170,-510.455,255,8
1778134360713622,86742043,4730,289.591827,54,181.071,-508.737,255,8
1778134360714623,86752020,4738,290.081635,54,185.414,-507.170,255,8
1778134360715617,86761965,4747,290.632660,55,193.806,-514.722,255,8
1778134360715617,86771954,4755,291.122437,55,198.199,-513.047,255,8
1778134360716614,86781906,4764,291.673462,55,203.124,-511.117,255,8
1778134360718619,86793859,4774,292.285736,48,182.028,-444.146,255,8
1778134360921098,86803840,4782,292.775513,47,181.947,-433.353,255,8
1778134360922099,86813788,4791,293.326538,54,213.824,-495.862,255,8
1778134360922099,86823772,4799,293.816315,54,218.055,-494.016,255,8
1778134360923194,86833724,4808,294.367340,54,222.796,-491.896,255,8
1778134360924196,86843706,4816,294.857147,54,226.993,-489.974,255,8
1778134360924704,86853657,4825,295.408173,53,227.404,-478.735,255,8
1778134360925711,86863632,4834,295.959198,53,231.997,-476.526,255,8
1778134360926709,86873585,4842,296.448975,53,236.062,-474.526,255,8
1778134360926709,86883557,4851,297.000000,53,240.615,-472.233,255,8
1778134360927708,86893502,4859,297.489777,51,235.411,-452.418,255,8
1778134360928710,86903477,4868,298.040833,51,239.751,-450.133,255,8
1778134360929709,86913424,4876,298.530609,52,248.367,-456.852,255,8
1778134360930707,86923397,4885,299.081635,51,247.888,-445.703,255,8
1778134360930707,86933348,4893,299.571411,53,261.559,-460.963,255,8
1778134360932217,86943323,4902,300.122437,53,265.980,-458.426,255,8
1778134360932217,86953274,4910,300.612244,53,269.889,-456.136,255,8
1778134360933228,86963255,4919,301.163269,53,274.264,-453.519,255,8
1778134360934227,86973210,4927,301.653076,53,278.131,-451.158,255,8
1778134360934227,86983188,4936,302.204071,53,282.456,-448.462,255,8
1778134360935226,86993141,4944,302.693878,54,291.681,-454.447,255,8
1778134360935226,87003121,4953,303.244904,55,301.520,-459.984,255,8
1778134360937225,87013061,4961,303.734711,55,305.442,-457.390,255,8
1778134361107601,87023043,4970,304.285706,54,304.193,-446.169,255,8
1778134361108607,87032996,4978,304.775513,55,313.699,-451.766,255,8
1778134361109605,87042978,4987,305.326538,54,312.247,-440.570,255,8
1778134361110604,87052927,4995,305.816345,55,321.854,-445.993,255,8
1778134361112604,87062903,5003,306.306122,55,325.655,-443.226,255,8
1778134361113605,87072856,5012,306.857147,55,329.902,-440.073,255,8
1778134361114606,87082830,5020,307.346924,55,333.652,-437.237,255,8
1778134361114606,87092791,5029,307.897949,55,337.841,-434.008,255,8
1778134361117609,87102768,5037,308.387756,55,341.539,-431.104,255,8
1778134361119612,87112714,5045,308.877533,55,345.212,-428.169,255,8
1778134361121610,87122702,5054,309.428589,55,349.314,-424.829,255,8
1778134361121610,87132649,5062,309.918365,55,352.933,-421.828,255,8
1778134361122609,87142636,5071,310.469391,54,350.483,-410.807,255,8
1778134361123738,87152588,5079,310.959167,54,353.981,-407.796,255,8
1778134361123738,87162564,5087,311.448975,55,364.074,-412.250,255,8
1778134361125243,87172516,5096,312.000000,55,368.022,-408.730,255,8
1778134361126245,87182489,5104,312.489807,54,364.748,-398.195,255,8
1778134361126245,87192443,5113,313.040802,54,368.560,-394.669,255,8
1778134361127247,87202421,5121,313.530609,53,365.033,-384.253,255,8
1778134361289263,87212368,5130,314.081635,53,368.712,-380.725,255,8
1778134361290177,87222344,5138,314.571411,54,378.971,-384.683,255,8
1778134361291192,87232303,5147,315.122467,54,382.653,-381.021,255,8
1778134361291192,87242274,5155,315.612244,54,385.896,-377.736,255,8
1778134361292178,87252237,5163,316.102051,54,389.111,-374.423,255,8
1778134361293177,87262217,5172,316.653046,54,392.694,-370.664,255,8
1778134361293691,87272176,5180,317.142853,54,395.848,-367.293,255,8
1778134361294696,87282149,5188,317.632660,54,398.973,-363.896,255,8
1778134361294696,87292100,5197,318.183685,55,409.907,-366.710,255,8
1778134361295693,87302081,5205,318.673462,54,405.518,-356.589,255,8
1778134361295693,87312033,5213,319.163269,53,400.985,-346.570,255,8
1778134361296694,87322004,5222,319.714294,53,404.300,-342.698,255,8
1778134361296694,87331948,5230,320.204102,54,414.898,-345.630,255,8
1778134361297694,87341929,5239,320.755096,53,410.458,-335.297,255,8
1778134361298694,87351880,5247,321.244904,53,413.309,-331.776,255,8
1778134361298694,87361850,5255,321.734680,52,408.279,-322.038,255,8
1778134361299694,87371794,5263,322.224487,52,411.017,-318.536,255,8
1778134361303200,87381771,5272,322.775513,52,414.061,-314.569,255,8
1778134361318243,87391722,5280,323.265289,52,416.735,-311.018,255,8
1778134361323759,87401702,5289,323.816345,51,411.636,-301.091,255,8
1778134361333290,87411647,5297,324.306122,49,397.951,-285.893,255,8
1778134361515911,87421633,5306,324.857147,48,392.505,-276.296,255,8
1778134361517413,87431584,5314,325.346924,50,411.305,-284.303,255,8
1778134361517413,87441561,5322,325.836731,49,405.446,-275.161,255,8
1778134361518418,87451510,5331,326.387756,49,408.073,-271.249,255,8
1778134361519417,87461483,5339,326.877563,49,410.377,-267.751,255,8
1778134361520417,87471437,5347,327.367340,48,404.230,-258.840,255,8
1778134361521429,87481405,5356,327.918365,48,406.700,-254.941,255,8
1778134361522417,87491364,5364,328.408173,47,400.347,-246.216,255,8
1778134361522927,87501336,5372,328.897949,46,393.874,-237.619,255,8
1778134361523933,87511276,5381,329.448975,46,396.141,-233.821,255,8
1778134361523933,87521254,5389,329.938782,45,389.471,-225.416,255,8
1778134361524932,87531196,5397,330.428589,46,400.081,-227.014,255,8
1778134361524932,87541170,5406,330.979584,45,393.501,-218.305,255,8
1778134361526289,87551118,5414,331.469391,45,395.353,-214.933,255,8
1778134361527287,87561092,5422,331.959167,45,397.176,-211.545,255,8
1778134361527287,87571036,5431,332.510223,45,399.192,-207.716,255,8
1778134361528720,87581009,5439,333.000000,44,392.043,-199.756,255,8
1778134361529720,87590959,5448,333.551025,45,402.899,-200.430,255,8
1778134361529720,87600927,5456,334.040802,47,422.580,-205.734,255,8
1778134361530723,87610871,5464,334.530609,46,415.295,-197.813,255,8
1778134361550009,87620846,5473,335.081635,45,408.109,-189.597,255,8
1778134361551009,87630792,5481,335.571442,43,391.505,-177.830,255,8
1778134361719333,87640762,5489,336.061218,42,383.871,-170.419,255,8
1778134361720327,87650706,5498,336.612244,43,394.671,-170.689,255,8
1778134361721329,87660677,5506,337.102051,42,386.904,-163.418,255,8
1778134361722326,87670614,5515,337.653046,42,388.457,-159.690,255,8
1778134361723326,87680593,5523,338.142853,40,371.246,-148.917,255,8
1778134361723326,87690538,5531,338.632629,40,372.505,-145.739,255,8
1778134361724326,87700510,5540,339.183685,43,401.932,-152.810,255,8
1778134361725326,87710458,5548,339.673462,43,403.223,-149.369,255,8
1778134361726326,87720429,5557,340.224487,42,395.231,-142.101,255,8
1778134361726326,87730376,5565,340.714294,41,386.992,-135.414,255,8
1778134361727326,87740352,5573,341.204102,40,378.669,-128.879,255,8
1778134361728327,87750299,5582,341.755096,39,370.394,-122.101,255,8
1778134361728327,87760273,5591,342.306122,39,371.551,-118.533,255,8
1778134361729328,87770218,5599,342.795929,38,362.998,-112.395,255,8
1778134361730329,87780192,5607,343.285706,38,363.945,-109.288,255,8
1778134361730329,87790140,5616,343.836731,38,364.979,-105.783,255,8
1778134361731327,87800110,5624,344.326508,38,365.870,-102.659,255,8
1778134361732327,87810050,5633,344.877563,35,337.880,-91.309,255,8
1778134361739328,87820030,5641,345.367340,33,319.297,-83.365,255,8
1778134361752992,87829972,5650,345.918365,30,290.985,-72.991,255,8
1778134361940158,87839951,5658,346.408142,32,311.038,-75.201,255,8
1778134361941158,87849903,5667,346.959198,33,321.489,-74.463,255,8
1778134361942160,87859870,5675,347.448975,31,302.592,-67.366,255,8
1778134361943159,87881768,5694,348.612244,43,421.535,-84.903,255,8
1778134361943159,87895717,5705,349.285706,46,451.981,-85.519,255,8
1778134361944159,87905672,5714,349.836731,43,423.253,-75.875,255,8
1778134361945760,87915650,5722,350.326538,42,414.028,-70.574,255,8
1778134361945760,87925599,5731,350.877563,40,394.941,-63.418,255,8
1778134361946767,87935574,5739,351.367340,38,375.695,-57.038,255,8
1778134361947766,87945523,5748,351.918365,38,376.226,-53.422,255,8
1778134361948283,87955500,5756,352.408173,38,376.669,-50.204,255,8
1778134361949794,87965450,5765,352.959167,38,377.134,-46.579,255,8
1778134361949794,87975421,5773,353.448975,38,377.519,-43.353,255,8
1778134361950802,87985370,5781,353.938751,37,367.932,-39.069,255,8
1778134361951801,87995348,5790,354.489807,36,358.336,-34.568,255,8
1778134361951801,88005299,5798,354.979584,36,358.619,-31.504,255,8
1778134361952801,88015282,5807,355.530609,36,358.905,-28.054,255,8
1778134361953801,88025232,5815,356.020416,35,349.156,-24.290,255,8
1778134361954802,88035211,5823,356.510223,34,339.370,-20.696,255,8
1778134361970512,88045164,5832,357.061218,35,349.540,-17.944,255,8
1778134361972512,88055147,5840,357.551025,34,339.689,-14.528,255,8
1778134362167621,88065102,5845,357.857147,38,379.734,-14.209,255,8
1778134362169177,88075087,5848,358.040802,40,399.766,-13.675,255,8
1778134362170271,88085033,5849,358.102051,39,389.786,-12.917,255,8
1778134362171231,88095025,5848,358.040802,36,359.790,-12.308,255,8
1778134362172705,88104978,5848,358.040802,35,349.795,-11.966,255,8
1778134362173733,88114954,5848,358.040802,39,389.772,-13.333,255,8
1778134362174703,88124907,5848,358.040802,43,429.749,-14.701,255,8
1778134362175704,88134887,5848,358.040802,44,439.743,-15.043,255,8
1778134362176704,88144846,5848,358.040802,37,369.784,-12.649,255,8
1778134362177701,88154822,5848,358.040802,39,389.772,-13.333,255,8
1778134362179207,88164774,5847,357.979584,37,369.770,-13.045,255,8
1778134362180213,88174745,5845,357.857147,33,329.769,-12.339,255,8
1778134362185211,88194679,5842,357.673462,34,339.720,-13.802,255,8
1778134362186211,88204629,5840,357.551025,31,309.717,-13.246,255,8
1778134362187215,88214594,5838,357.428589,28,279.718,-12.562,255,8
1778134362188215,88224550,5835,357.244904,29,289.665,-13.939,255,8
1778134362189212,88234534,5831,357.000000,34,339.534,-17.794,255,8
1778134362190412,88244489,5829,356.877533,34,339.495,-18.520,255,8
1778134362191411,88254466,5825,356.632660,30,299.482,-17.621,255,8
1778134362205438,88284345,5815,356.020416,28,279.325,-19.432,255,8
1778134362409095,88304272,5807,355.530609,29,289.118,-22.599,255,8
1778134362410602,88314245,5803,355.285706,29,289.019,-23.834,255,8
1778134362412653,88324192,5800,355.102051,28,278.978,-23.907,255,8
1778134362412653,88334165,5796,354.857147,29,288.833,-25.995,255,8
1778134362413671,88344112,5792,354.612244,29,288.719,-27.230,255,8
1778134362414668,88354089,5787,354.306122,29,288.569,-28.772,255,8
1778134362415667,88364039,5784,354.122437,30,298.423,-30.721,255,8
1778134362416709,88374014,5779,353.816315,28,278.371,-30.161,255,8
1778134362416709,88383965,5775,353.571442,28,278.239,-31.350,255,8
1778134362417739,88393947,5771,353.326538,29,288.035,-33.701,255,8
1778134362417739,88403893,5766,353.020386,29,287.851,-35.240,255,8
1778134362418663,88413870,5762,352.775513,28,277.777,-35.212,255,8
1778134362418663,88423825,5757,352.469391,30,297.412,-39.317,255,8
1778134362419672,88433808,5753,352.224487,34,336.874,-45.999,255,8
1778134362420664,88443766,5748,351.918365,34,336.623,-47.799,255,8
1778134362421170,88453738,5744,351.673492,29,286.943,-41.996,255,8
1778134362421170,88473668,5734,351.061218,28,276.599,-43.506,255,8
1778134362422172,88483620,5729,350.755127,28,276.363,-44.983,255,8
1778134362423173,88503549,5720,350.204071,28,275.918,-47.639,255,8
1778134362428446,88513524,5715,349.897949,29,285.504,-50.867,255,8
1778134362439134,88523474,5710,349.591827,28,275.393,-50.585,255,8
