host_rx_time_us,t_sample_us,angle_tick,angle_deg,distance_cm,x_mm,y_mm,quality,status
1778399478686392,407417659,4191,256.591827,133,-308.409,-1293.748,255,8
1778399478686848,407427598,4181,255.979599,150,-363.401,-1455.314,255,8
1778399478687315,407437563,4172,255.428574,182,-457.888,-1761.459,255,8
1778399478687727,407447501,4163,254.877548,185,-482.633,-1785.935,255,8
1778399478688111,407457460,4154,254.326523,184,-497.085,-1771.583,255,8
1778399478688517,407467396,4144,253.714294,185,-518.790,-1775.769,255,8
1778399478688932,407477353,4135,253.163254,195,-564.809,-1866.411,255,8
1778399478689339,407487297,4126,252.612244,233,-696.290,-2223.529,255,8
1778399478689717,407497250,4117,252.061218,247,-760.762,-2349.924,255,8
1778399478690294,407507197,4108,251.510208,253,-802.353,-2399.402,255,8
1778399478690683,407517152,4098,250.897949,254,-831.219,-2400.140,255,8
1778399478691116,407527094,4089,250.346939,257,-864.352,-2420.288,255,8
1778399478691497,407537047,4080,249.795929,261,-901.402,-2449.403,255,8
1778399478691897,407546992,4071,249.244888,263,-932.005,-2459.322,255,8
1778399478692248,407556950,4062,248.693878,261,-948.346,-2431.613,255,8
1778399478692560,407566894,4052,248.081635,261,-974.274,-2421.340,255,8
1778399478692915,407576849,4043,247.530624,264,-1008.980,-2439.582,255,8
1778399478693303,407586793,4034,246.979584,265,-1036.307,-2438.969,255,8
1778399478693687,407596749,4025,246.428574,266,-1063.713,-2438.056,255,8
1778399478694055,407606693,4016,245.877548,268,-1095.284,-2445.967,255,8
1778399478694406,407616646,4007,245.326538,270,-1127.105,-2453.494,255,8
1778399478694760,407626592,3997,244.714279,269,-1148.987,-2432.268,255,8
1778399478695125,407636547,3988,244.163269,270,-1176.682,-2430.107,255,8
1778399478695495,407646489,3979,243.612228,272,-1208.888,-2436.594,255,8
1778399478695820,407656444,3970,243.061218,274,-1241.325,-2442.686,255,8
1778399478696245,407666389,3961,242.510208,277,-1278.606,-2457.248,255,8
1778399478696596,407676342,3951,241.897964,277,-1304.790,-2443.445,255,8
1778399478696923,407686284,3942,241.346954,275,-1318.637,-2413.233,255,8
1778399478697411,407696238,3933,240.795914,275,-1341.785,-2400.440,255,8
1778399478697771,407706183,3924,240.244904,273,-1354.882,-2370.062,255,8
1778399478698120,407716151,3915,239.693878,266,-1342.289,-2296.489,255,8
1778399478698518,407726084,3905,239.081635,244,-1253.712,-2093.277,255,8
1778399478698972,418232114,481,29.448978,55,478.937,270.407,255,8
1778399478699690,418421148,641,39.244896,58,449.180,366.929,255,8
1778399478701086,418431090,649,39.734695,58,446.027,370.755,255,8
1778399478765109,418441058,657,40.224491,58,442.842,374.555,255,8
1778399478765593,418450995,666,40.775509,58,439.219,378.796,255,8
1778399478765978,418460956,672,41.142857,58,436.781,381.604,255,8
1778399478766430,418470901,675,41.326530,57,428.046,376.399,255,8
1778399478766764,418480869,676,41.387753,56,420.141,370.245,255,8
1778399478767141,418490811,676,41.387753,56,420.141,370.245,255,8
1778399478789429,418500777,676,41.387753,56,420.141,370.245,255,8
1778399478789979,418510721,676,41.387753,56,420.141,370.245,255,8
1778399478790369,418520690,676,41.387753,56,420.141,370.245,255,8
1778399478837758,418530627,676,41.387753,56,420.141,370.245,255,8
1778399478838157,418540589,676,41.387753,56,420.141,370.245,255,8
1778399478838577,418550530,676,41.387753,56,420.141,370.245,255,8
1778399478838894,418560490,675,41.326530,57,428.046,376.399,255,8
1778399478839673,418570433,672,41.142857,57,429.251,375.025,255,8
1778399478857665,418580403,670,41.020409,57,430.051,374.107,255,8
1778399478859536,418590341,667,40.836735,57,431.248,372.726,255,8
1778399478879116,418600308,664,40.653061,57,432.441,371.342,255,8
1778399478879594,418610253,661,40.469387,58,441.237,376.444,255,8
1778399478893105,418620227,657,40.224491,58,442.842,374.555,255,8
1778399478899235,418630167,653,39.979591,58,444.439,372.659,255,8
1778399478910130,418640135,650,39.795918,58,445.631,371.232,255,8
1778399478928786,418650074,646,39.551022,58,447.214,369.324,255,8
1778399478929292,418660038,642,39.306122,57,441.050,361.074,255,8
1778399478942640,418669982,638,39.061226,57,442.590,359.186,255,8
1778399478986261,418679934,634,38.816326,57,444.121,357.291,255,8
1778399478986698,418689868,630,38.571430,57,445.644,355.389,255,8
1778399478987225,418699833,625,38.265305,57,447.536,353.003,255,8
1778399478987610,418709771,621,38.020409,57,449.041,351.087,255,8
1778399478988262,418719736,616,37.714287,57,450.910,348.683,255,8
1778399479005721,418729670,612,37.469387,57,452.397,346.752,255,8
1778399479011746,418739641,607,37.163265,57,454.243,344.330,255,8
1778399479027254,418749582,603,36.918369,56,447.716,336.379,255,8
1778399479027739,418759543,598,36.612244,56,449.506,333.982,255,8
1778399479040256,418769483,593,36.306122,56,451.284,331.576,255,8
1778399479052420,418779443,589,36.061226,56,452.698,329.644,255,8
1778399479058691,418789377,584,35.755100,56,454.452,327.220,255,8
1778399479073249,418799343,579,35.448982,56,456.194,324.788,255,8
1778399479086105,418809283,574,35.142857,56,457.923,322.346,255,8
1778399479087185,418819246,569,34.836735,56,459.639,319.894,255,8
1778399479102856,418829186,564,34.530613,56,461.341,317.434,255,8
1778399479117025,418839152,559,34.224491,56,463.031,314.965,255,8
1778399479117454,418849093,554,33.918369,56,464.707,312.486,255,8
1778399479130316,418859065,549,33.612244,56,466.370,309.999,255,8
1778399479142596,418869005,544,33.306122,55,459.662,302.012,255,8
1778399479153299,418878969,538,32.938778,55,461.589,299.058,255,8
1778399479162518,418888914,533,32.632652,55,463.180,296.588,255,8
1778399479177247,418898881,528,32.326530,55,464.758,294.109,255,8
1778399479177820,418908824,522,31.959183,55,466.634,291.123,255,8
1778399479194562,418918794,517,31.653063,55,468.183,288.626,255,8
1778399479196079,418928735,511,31.285715,55,470.024,285.618,255,8
1778399479209909,418938703,506,30.979591,55,471.543,283.103,255,8
1778399479224181,418948641,500,30.612244,55,473.348,280.074,255,8
1778399479225704,418958616,495,30.306122,54,466.204,272.495,255,8
1778399479235834,418968560,489,29.938776,54,467.942,269.500,255,8
1778399479259501,418978532,483,29.571430,54,469.660,266.494,255,8
1778399479259934,418988476,477,29.204082,54,471.359,263.478,255,8
1778399479275237,418998446,472,28.897959,54,472.760,260.956,255,8
1778399479275688,419008392,466,28.530611,54,474.424,257.919,255,8
1778399479287421,419018361,460,28.163265,54,476.067,254.872,255,8
1778399479309971,419028308,454,27.795918,54,477.692,251.815,255,8
1778399479310412,419038286,448,27.428572,54,479.296,248.747,255,8
1778399479324751,419048233,441,27.000002,54,481.144,245.155,255,8
1778399479325145,419058203,435,26.632654,54,482.705,242.065,255,8
1778399479336989,419068147,429,26.265306,54,484.247,238.965,255,8
1778399479349317,419078119,423,25.897959,54,485.770,235.856,255,8
1778399479364122,419088062,416,25.469387,54,487.520,232.216,255,8
1778399479364495,419098029,410,25.102041,54,488.999,229.085,255,8
1778399479407378,419107983,404,24.734694,53,481.375,221.761,255,8
1778399479407979,419117950,397,24.306122,53,483.020,218.154,255,8
1778399479408577,419127890,391,23.938774,53,484.409,215.053,255,8
1778399479408931,419137858,384,23.510202,53,486.004,211.424,255,8
1778399479425332,419147801,378,23.142859,53,487.350,208.303,255,8
1778399479425726,419157768,371,22.714287,53,488.894,204.652,255,8
1778399479448382,419167711,365,22.346939,53,490.196,201.513,255,8
1778399479448827,419177677,358,21.918367,53,491.690,197.841,255,8
1778399479463018,419187618,351,21.489796,53,493.156,194.158,255,8
1778399479463483,419197582,344,21.061224,53,494.594,190.464,255,8
1778399479480793,419207520,338,20.693876,53,495.805,187.289,255,8
1778399479501765,419217493,330,20.204081,53,497.388,183.043,255,8
1778399479502234,419227435,324,19.836735,53,498.552,179.851,255,8
1778399479502838,419237396,316,19.346939,53,500.071,175.582,255,8
1778399479519229,419247339,310,18.979591,53,501.186,172.373,255,8
1778399479538259,419257306,302,18.489796,53,502.641,168.082,255,8
1778399479538740,419267241,295,18.061224,52,494.377,161.217,255,8
1778399479553671,419277210,288,17.632652,52,495.569,157.515,255,8
1778399479554164,419287155,281,17.204082,52,496.734,153.804,255,8
1778399479570323,419297124,273,16.714287,52,498.030,149.552,255,8
1778399479590306,419307071,266,16.285715,52,499.135,145.822,255,8
1778399479590713,419317049,259,15.857143,52,500.212,142.085,255,8
1778399479591936,419326990,251,15.367347,52,501.408,137.803,255,8
1778399479606015,419336960,244,14.938775,52,502.425,134.049,255,8
1778399479612348,419346904,236,14.448979,52,503.553,129.749,255,8
1778399479632018,419356872,229,14.020408,52,504.509,125.979,255,8
1778399479632525,419366818,221,13.530613,52,505.567,121.662,255,8
1778399479645875,419376787,213,13.040815,52,506.589,117.335,255,8
1778399479652322,419386732,205,12.551021,52,507.574,113.001,255,8
1778399479664068,419396705,198,12.122449,52,508.405,109.201,255,8
1778399479764939,419406652,190,11.632653,52,509.319,104.851,255,8
1778399479765565,419416622,182,11.142858,52,510.197,100.493,255,8
1778399479766185,419426571,174,10.653061,52,511.038,96.128,255,8
1778399479766805,419435538,166,10.163265,52,511.841,91.756,255,8
1778399479767374,419446486,158,9.673470,52,512.606,87.377,255,8
1778399479767998,419456459,150,9.183674,52,513.335,82.992,255,8
1778399479768678,419466406,142,8.693877,52,514.025,78.601,255,8
1778399479769257,419476379,134,8.204082,52,514.678,74.204,255,8
1778399479769922,419486322,125,7.653061,52,515.368,69.251,255,8
1778399479770600,419496286,117,7.163265,52,515.941,64.842,255,8
1778399479771154,419506227,109,6.673470,52,516.477,60.430,255,8
1778399479785767,419516190,100,6.122449,52,517.034,55.460,255,8
1778399479789937,419526136,92,5.632653,52,517.489,51.038,255,8
1778399479826087,419536100,84,5.142857,52,517.907,46.612,255,8
1778399479827026,419546044,75,4.591837,52,518.331,41.630,255,8
1778399479827662,419556009,67,4.102041,52,518.668,37.197,255,8
1778399479829582,419565952,58,3.551020,52,519.002,32.207,255,8
1778399479839532,419575918,49,3.000000,52,519.287,27.215,255,8
1778399479849371,419585864,41,2.510204,52,519.501,22.775,255,8
1778399479889468,419595830,32,1.959184,52,519.696,17.778,255,8
1778399479890067,419605769,23,1.408163,52,519.843,12.779,255,8
1778399479890625,419615726,14,0.857143,52,519.942,7.779,255,8
1778399479891193,419625664,5,0.306122,52,519.993,2.778,255,8
1778399479898869,419635628,5876,359.755096,52,519.995,-2.223,255,8
1778399479909422,419645568,5868,359.265320,52,519.957,-6.668,255,8
1778399479918595,419655529,5858,358.653046,52,519.856,-12.223,255,8
1778399479928518,419665466,5849,358.102051,52,519.715,-17.222,255,8
1778399479960552,419675427,5840,357.551025,52,519.525,-22.219,255,8
1778399479961102,419685365,5831,357.000000,52,519.287,-27.215,255,8
1778399479961569,419695332,5822,356.448975,53,528.982,-32.827,255,8
1778399479971362,419705271,5812,355.836731,53,528.601,-38.477,255,8
1778399479978178,419715234,5803,355.285706,53,528.207,-43.559,255,8
1778399479989362,419725173,5794,354.734680,53,527.764,-48.637,255,8
1778399480031483,419735133,5784,354.122437,53,527.214,-54.274,255,8
1778399480032332,419745072,5775,353.571442,53,526.667,-59.341,255,8
1778399480032852,419755033,5765,352.959167,53,526.003,-64.966,255,8
1778399480033374,419764971,5756,352.408173,53,525.354,-70.021,255,8
1778399480037446,419774934,5746,351.795929,53,524.576,-75.631,255,8
1778399480050192,419784871,5736,351.183655,53,523.738,-81.232,255,8
1778399480057254,419794836,5726,350.571442,53,522.840,-86.823,255,8
1778399480067156,419804766,5717,350.020416,53,521.981,-91.848,255,8
1778399480116821,419814725,5707,349.408173,53,520.970,-97.420,255,8
1778399480117465,419824654,5697,348.795929,54,529.708,-104.924,255,8
1778399480118196,419834625,5687,348.183655,54,528.557,-110.579,255,8
1778399480118728,419844561,5678,347.632660,54,527.469,-115.656,255,8
1778399480119268,419855521,5668,347.020416,54,526.203,-121.286,255,8
1778399480126529,419864465,5658,346.408142,54,524.877,-126.902,255,8
1778399480142331,419874431,5648,345.795929,54,523.491,-132.503,255,8
1778399480146372,419884368,5638,345.183685,54,522.045,-138.089,255,8
1778399480190093,419894325,5629,344.632660,55,530.336,-145.754,255,8
1778399480191019,419904267,5619,344.020416,55,528.748,-151.412,255,8
1778399480191918,419914235,5609,343.408142,55,527.100,-157.054,255,8
1778399480192953,419924173,5599,342.795929,55,525.392,-162.677,255,8
1778399480195877,419934133,5589,342.183685,55,523.623,-168.282,255,8
1778399480205740,419944071,5580,341.632660,55,521.981,-173.309,255,8
1778399480258527,419954035,5570,341.020416,55,520.099,-178.877,255,8
1778399480259399,419963968,5560,340.408173,56,527.579,-187.778,255,8
1778399480260303,419973939,5550,339.795929,56,525.542,-193.404,255,8
1778399480261332,419983881,5540,339.183685,56,523.446,-199.009,255,8
1778399480262506,419993841,5531,338.632629,56,521.508,-204.034,255,8
1778399480265358,420003785,5521,338.020416,56,519.298,-209.595,255,8
1778399480275529,420013745,5511,337.408173,57,526.261,-218.973,255,8
1778399480285031,420023692,5501,336.795898,57,523.891,-224.584,255,8
1778399480298802,420033657,5492,336.244904,57,521.707,-229.612,255,8
1778399480305020,420043590,5482,335.632660,57,519.224,-235.174,255,8
1778399480357869,420053557,5472,335.020416,57,516.681,-240.708,255,8
1778399480358480,420063486,5462,334.408173,58,523.099,-250.535,255,8
1778399480359149,420073451,5452,333.795898,58,520.392,-256.111,255,8
1778399480359807,420083393,5443,333.244904,58,517.905,-261.103,255,8
1778399480360620,420093358,5433,332.632660,58,515.085,-266.622,255,8
1778399480364176,420103293,5423,332.020416,58,512.207,-272.111,255,8
1778399480377489,420113257,5413,331.408173,59,518.050,-282.354,255,8
1778399480384248,420123195,5404,330.857147,59,515.311,-287.323,255,8
1778399480426171,420133167,5394,330.244904,59,512.211,-292.813,255,8
1778399480426797,420143107,5384,329.632660,59,509.053,-298.270,255,8
1778399480427487,420153065,5374,329.020386,59,505.837,-303.693,255,8
1778399480428165,420163006,5365,328.469391,60,511.417,-313.772,255,8
1778399480435350,420172968,5355,327.857147,60,508.035,-319.219,255,8
1778399480443364,420182903,5345,327.244904,60,504.595,-324.630,255,8
1778399480454630,420192874,5335,326.632660,60,501.097,-330.003,255,8
1778399480463169,420202815,5326,326.081635,60,497.900,-334.807,255,8
1778399480473056,420212779,5316,325.469391,58,477.818,-328.771,255,8
1778399480516900,420222725,5306,324.857147,52,425.214,-299.321,255,8
1778399480517554,420232694,5296,324.244873,50,405.761,-292.161,255,8
1778399480518131,420242639,5287,323.693878,50,402.933,-296.050,255,8
1778399480518777,420252600,5277,323.081635,49,391.751,-294.331,255,8
1778399480522521,420262549,5267,322.469391,49,388.584,-298.501,255,8
1778399480532344,420272514,5257,321.857147,49,385.372,-302.636,255,8
1778399480590277,420282456,5248,321.306122,49,382.444,-306.328,255,8
1778399480590975,420292423,5238,320.693878,49,379.149,-310.397,255,8
1778399480591589,420302366,5228,320.081635,49,375.810,-314.431,255,8
1778399480592217,420312332,5218,319.469391,50,380.029,-324.927,255,8
1778399480592788,420322273,5209,318.918365,51,384.425,-335.138,255,8
1778399480593528,420332242,5199,318.306122,58,433.091,-385.787,255,8
1778399480606718,420342186,5189,317.693878,65,480.713,-437.509,255,8
1778399480611438,420352148,5180,317.142853,67,491.145,-455.716,255,8
1778399480621920,420362096,5170,316.530609,68,493.505,-467.818,255,8
1778399480677041,420372063,5160,315.918365,68,488.478,-473.064,255,8
1778399480677714,420382000,5150,315.306122,69,490.503,-485.290,255,8
1778399480678361,420391967,5141,314.755096,70,492.855,-497.086,255,8
1778399480678999,420401908,5131,314.142853,71,494.479,-509.500,255,8
1778399480679628,420411874,5121,313.530609,71,489.007,-514.755,255,8
1778399480680794,420421815,5112,312.979584,72,490.851,-526.750,255,8
1778399480690857,420431775,5102,312.367340,73,491.933,-539.353,255,8
1778399480759153,420441722,5092,311.755096,72,479.483,-537.119,255,8
1778399480760496,420451689,5083,311.204071,68,447.945,-511.610,255,8
1778399480761582,420461629,5073,310.591858,68,442.453,-516.367,255,8
1778399480762524,420471590,5064,310.040802,73,469.633,-558.878,255,8
1778399480764167,420481536,5054,309.428589,76,482.688,-587.037,255,8
1778399480766742,420491507,5044,308.816315,78,488.924,-607.744,255,8
1778399480767740,420501445,5035,308.265320,78,483.057,-612.418,255,8
1778399480769946,420511413,5025,307.653076,79,482.594,-625.462,255,8
1778399480832387,420521356,5016,307.102020,81,488.621,-646.026,255,8
1778399480833529,420531324,5006,306.489807,82,487.637,-659.249,255,8
1778399480834435,420541260,4996,305.877563,84,492.286,-680.628,255,8
1778399480834984,420551230,4987,305.326538,85,491.500,-693.489,255,8
1778399480835790,420561173,4977,304.714294,86,489.757,-706.922,255,8
1778399480836928,420571139,4968,304.163269,87,488.551,-719.873,255,8
1778399480839419,420581081,4958,303.551025,88,486.358,-733.387,255,8
1778399480849168,420591044,4948,302.938782,88,478.494,-738.542,255,8
1778399480905934,420600988,4939,302.387756,88,471.369,-743.109,255,8
1778399480906585,420610960,4929,301.775513,88,463.401,-748.104,255,8
1778399480907240,420620906,4920,301.224487,87,451.002,-743.974,255,8
1778399480907833,420630874,4910,300.612244,87,443.026,-748.751,255,8
1778399480908375,420640816,4900,300.000000,88,440.000,-762.102,255,8
1778399480908951,420650788,4891,299.448975,88,432.650,-766.299,255,8
1778399480956426,420660729,4881,298.836731,88,424.438,-770.878,255,8
1778399480956997,420670700,4872,298.285706,89,421.743,-783.730,255,8
1778399480957785,420680641,4862,297.673462,89,413.344,-788.192,255,8
1778399480958379,420690612,4852,297.061218,90,409.448,-801.469,255,8
1778399480958931,420700553,4843,296.510193,92,410.648,-823.267,255,8
1778399481004041,420710517,4833,295.897949,91,397.460,-818.612,255,8
1778399481004543,420720462,4824,295.346954,90,385.289,-813.359,255,8
1778399481005148,420730431,4814,294.734680,88,368.207,-799.264,255,8
1778399481005704,420740370,4805,294.183685,72,294.958,-656.810,255,8
1778399481007534,420750342,4795,293.571411,68,271.926,-623.262,255,8
1778399481017313,420760282,4786,293.020416,70,273.741,-644.256,255,8
1778399481076713,420770251,4776,292.408173,84,320.210,-776.573,255,8
1778399481077615,420780186,4766,291.795898,91,337.884,-844.946,255,8
1778399481078374,420790166,4757,291.244904,91,329.743,-848.156,255,8
1778399481079036,420800110,4747,290.632660,92,324.185,-860.990,255,8
1778399481079621,420810080,4738,290.081635,93,319.324,-873.460,255,8
1778399481080177,420820024,4728,289.469391,93,309.972,-876.822,255,8
1778399481088544,420829991,4718,288.857147,89,287.657,-842.231,255,8
1778399481096535,420839936,4709,288.306122,83,260.698,-787.995,255,8
1778399481151199,420849906,4700,287.755096,80,243.959,-761.895,255,8
1778399481151796,420859847,4690,287.142853,79,232.857,-754.903,255,8
1778399481152376,420869816,4680,286.530609,83,236.158,-795.694,255,8
1778399481152943,420879760,4671,285.979584,87,239.506,-836.383,255,8
1778399481153524,420889727,4661,285.367340,90,238.506,-867.822,255,8
1778399481155926,420899672,4652,284.816315,91,232.706,-879.743,255,8
1778399481170633,420909646,4642,284.204071,90,220.839,-872.485,255,8
1778399481175940,420919591,4633,283.653076,87,205.357,-845.416,255,8
1778399481185739,420929560,4623,283.040802,73,164.721,-711.173,255,8
1778399481237663,420939508,4614,282.489807,61,131.922,-595.564,255,8
1778399481238282,420949483,4604,281.877563,59,121.434,-577.368,255,8
1778399481238976,420959432,4594,281.265289,58,113.304,-568.825,255,8
1778399481239562,420969547,4585,280.714294,57,105.970,-560.063,255,8
1778399481240166,420979344,4575,280.102051,55,96.471,-541.473,255,8
1778399481247069,420991298,4564,279.428558,54,88.462,-532.705,255,8
1778399481262948,421001265,4554,278.816345,49,75.101,-484.211,255,8
1778399481266750,421011210,4545,278.265289,46,66.128,-455.222,255,8
1778399481335341,421021178,4536,277.714294,46,61.747,-455.837,255,8
1778399481335914,421031118,4526,277.102051,47,58.109,-466.394,255,8
1778399481336658,421041085,4516,276.489777,49,55.383,-486.860,255,8
1778399481337273,421051023,4507,275.938782,61,63.114,-606.726,255,8
1778399481337723,421060996,4498,275.387756,89,83.567,-886.068,255,8
1778399481338241,421070942,4488,274.775513,97,80.754,-966.633,255,8
1778399481338674,421080911,4478,274.163269,98,71.147,-977.414,255,8
1778399481345913,421090861,4469,273.612244,98,61.744,-978.053,255,8
1778399481358596,421100832,4459,273.000000,98,51.289,-978.657,255,8
1778399481366849,421110778,4450,272.448975,99,42.302,-989.096,255,8
1778399481376487,421120744,4440,271.836731,98,31.410,-979.496,255,8
1778399481448931,421130692,4431,271.285736,97,21.765,-969.756,255,8
1778399481449558,421140667,4422,270.734680,92,11.796,-919.924,255,8
1778399481450176,421150609,4412,270.122467,85,1.817,-849.998,255,8
1778399481450860,421160581,4402,269.510193,85,-7.266,-849.969,255,8
1778399481451491,421170528,4393,268.959167,85,-15.440,-849.860,255,8
1778399481452136,421180502,4384,268.408173,88,-24.446,-879.660,255,8
1778399481452664,421190425,4374,267.795898,102,-39.229,-1019.245,255,8
1778399481454770,421200410,4364,267.183685,113,-55.522,-1128.635,255,8
1778399481466967,421210350,4355,266.632660,115,-67.548,-1148.014,255,8
1778399481474756,421220337,4346,266.081635,115,-78.585,-1147.312,255,8
1778399481484557,421230273,4336,265.469391,112,-88.471,-1116.500,255,8
1778399481551897,421240257,4326,264.857147,113,-101.292,-1125.451,255,8
1778399481552650,421250192,4317,264.306122,114,-113.103,-1134.375,255,8
1778399481553431,421260174,4308,263.755096,116,-126.183,-1153.117,255,8
1778399481554160,421270110,4298,263.142853,117,-139.691,-1161.631,255,8
1778399481554738,421280093,4289,262.591858,117,-150.856,-1160.234,255,8
1778399481555381,421290024,4279,261.979584,117,-163.245,-1158.556,255,8
1778399481555972,421300000,4270,261.428558,117,-174.380,-1156.932,255,8
1778399481563811,421309929,4260,260.816345,118,-188.327,-1164.875,255,8
1778399481575064,421319901,4251,260.265289,119,-201.213,-1172.865,255,8
1778399481583638,421329832,4241,259.653076,123,-220.918,-1209.998,255,8
1778399481593372,421339801,4232,259.102020,124,-234.435,-1217.637,255,8
1778399481664402,421349747,4223,258.551025,119,-236.209,-1166.321,255,8
1778399481665012,421359719,4213,257.938782,123,-257.017,-1202.848,255,8
1778399481665534,421369653,4204,257.387756,126,-275.123,-1229.596,255,8
1778399481666030,421379628,4195,256.836731,130,-296.045,-1265.843,255,8
1778399481666523,421389568,4185,256.224487,141,-335.747,-1369.443,255,8
1778399481667188,421399536,4176,255.673462,170,-420.661,-1647.132,255,8
1778399481667709,421409477,4167,255.122452,186,-477.563,-1797.647,255,8
1778399481672716,421419446,4158,254.571411,184,-489.508,-1773.692,255,8
1778399481685691,421429385,4148,253.959183,184,-508.433,-1768.360,255,8
1778399481692414,421439358,4139,253.408157,188,-536.838,-1801.723,255,8
1778399481702392,421449298,4130,252.857147,216,-636.671,-2064.037,255,8
1778399481784513,421459258,4121,252.306137,238,-723.356,-2267.412,255,8
1778399481785335,421469206,4112,251.755096,249,-779.568,-2364.820,255,8
1778399481786002,421479169,4102,251.142853,253,-817.721,-2394.208,255,8
1778399481786616,421489120,4093,250.591843,254,-844.030,-2395.665,255,8
1778399481787427,421499087,4084,250.040817,256,-873.858,-2406.236,255,8
1778399481788109,421509039,4075,249.489792,258,-903.966,-2416.453,255,8
1778399481788716,421519006,4065,248.877563,260,-936.942,-2425.312,255,8
1778399481789274,421528958,4056,248.326523,261,-963.916,-2425.482,255,8
1778399481791375,421538923,4047,247.775513,262,-990.980,-2425.358,255,8
1778399481801429,421548883,4038,247.224487,262,-1014.258,-2415.715,255,8
1778399481811292,421558850,4029,246.673477,262,-1037.443,-2405.850,255,8
1778399481825605,421568811,4019,246.061218,269,-1091.495,-2458.605,255,8
1778399481830946,421578776,4010,245.510208,269,-1115.089,-2447.995,255,8
1778399481913486,421588737,4001,244.959183,268,-1134.347,-2428.097,255,8
1778399481915125,421598705,3992,244.408157,270,-1166.285,-2435.114,255,8
1778399481917052,421608664,3983,243.857147,273,-1202.867,-2450.716,255,8
1778399481918906,421618633,3973,243.244904,274,-1233.487,-2446.653,255,8
1778399481920749,421628590,3964,242.693863,275,-1261.548,-2443.562,255,8
1778399481921464,421638550,3955,242.142853,276,-1289.662,-2440.158,255,8
1778399481922360,421648506,3946,241.591843,275,-1308.311,-2418.847,255,8
1778399481923150,421658470,3937,241.040817,272,-1316.987,-2379.904,255,8
1778399481924043,421668418,3927,240.428589,266,-1312.731,-2313.512,255,8
1778399481938279,421678393,3918,239.877548,254,-1274.698,-2196.985,255,8
1778399481940536,421688333,3909,239.326538,222,-1132.521,-1909.397,255,8
1778399482012937,421698308,3900,238.775497,134,-694.646,-1145.891,255,8
1778399482013823,421708251,3891,238.224487,112,-589.784,-952.132,255,8
1778399482014846,421718225,3882,237.673462,110,-588.218,-929.516,255,8
1778399482015978,421728163,3872,237.061234,107,-581.804,-898.000,255,8
1778399482016656,421738131,3863,236.510193,100,-551.789,-833.984,255,8
1778399482017298,421752054,3850,235.714294,102,-574.586,-842.764,255,8
1778399482018013,421762021,3841,235.163254,103,-588.377,-845.407,255,8
1778399482030433,421771966,3832,234.612244,103,-596.480,-839.709,255,8
1778399482032956,421781942,3822,233.999985,102,-599.541,-825.197,255,8
1778399482109911,421791889,3813,233.448975,103,-613.405,-827.427,255,8
1778399482110573,421801865,3804,232.897964,102,-615.301,-813.514,255,8
1778399482111070,421811813,3794,232.285721,101,-617.841,-798.982,255,8
1778399482111625,421821783,3785,231.734680,100,-619.304,-785.151,255,8
1778399482112222,421831750,3776,231.183670,98,-614.289,-763.576,255,8
1778399482112780,421841724,3766,230.571426,97,-616.062,-749.244,255,8
1778399482113352,421851668,3757,230.020416,96,-616.814,-735.623,255,8
1778399482113834,421861640,3748,229.469391,96,-623.860,-729.657,255,8
1778399482123397,421871585,3738,228.857147,94,-618.462,-707.887,255,8
1778399482131868,421881554,3729,228.306107,94,-625.242,-701.907,255,8
1778399482141931,421891505,3720,227.755096,93,-625.240,-688.458,255,8
1778399482214452,421901478,3710,227.142853,94,-639.362,-689.069,255,8
1778399482215035,421911423,3701,226.591843,94,-645.959,-682.888,255,8
1778399482215611,421921396,3692,226.040833,94,-652.497,-676.645,255,8
1778399482216259,421931345,3682,225.428574,94,-659.690,-669.634,255,8
1778399482216742,421941323,3673,224.877548,94,-666.099,-663.258,255,8
1778399482217265,421951259,3664,224.326523,93,-665.293,-649.834,255,8
1778399482217783,421961234,3654,223.714279,91,-657.743,-628.867,255,8
1778399482220889,421971177,3645,223.163269,91,-663.761,-622.512,255,8
1778399482231434,421981146,3636,222.612259,90,-662.357,-609.330,255,8
1778399482337706,421991088,3626,222.000000,90,-668.830,-602.218,255,8
1778399482338514,422001053,3617,221.448975,90,-674.591,-595.758,255,8
1778399482339100,422010992,3608,220.897964,90,-680.289,-589.243,255,8
1778399482339739,422020956,3599,220.346954,88,-670.681,-569.725,255,8
1778399482340310,422030895,3589,219.734695,88,-676.731,-562.526,255,8
1778399482340882,422040863,3580,219.183685,87,-674.358,-549.673,255,8
1778399482341628,422050807,3571,218.632645,86,-671.802,-536.919,255,8
1778399482342475,422060776,3562,218.081635,86,-676.934,-530.434,255,8
1778399482343099,422070718,3552,217.469391,86,-682.563,-523.170,255,8
1778399482343699,422080689,3543,216.918381,86,-687.563,-516.582,255,8
1778399482344326,422090634,3534,216.367340,78,-628.081,-462.509,255,8
1778399482349647,422100604,3524,215.755112,79,-641.102,-461.614,255,8
1778399482360339,422110545,3515,215.204086,78,-637.341,-449.663,255,8
1778399482378254,422120521,3506,214.653061,78,-641.636,-443.513,255,8
1778399482380779,422130469,3497,214.102036,77,-637.591,-431.715,255,8
1778399482389624,422140439,3488,213.551025,77,-641.713,-425.563,255,8
1778399482491783,422150382,3478,212.938766,77,-646.224,-418.682,255,8
1778399482492764,422160353,3469,212.387756,76,-641.776,-407.091,255,8
1778399482493346,422170298,3460,211.836731,76,-645.662,-400.900,255,8
1778399482493847,422180265,3451,211.285721,76,-649.487,-394.673,255,8
1778399482494588,422190212,3441,210.673462,76,-653.667,-387.710,255,8
1778399482495236,422200180,3432,210.122452,76,-657.366,-381.406,255,8
1778399482495868,422210118,3423,209.571411,76,-661.003,-375.066,255,8
1778399482496340,422220087,3414,209.020401,76,-664.580,-368.692,255,8
1778399482496811,422230026,3404,208.408157,76,-668.481,-361.570,255,8
1778399482497321,422240001,3395,207.857147,76,-671.928,-355.124,255,8
1778399482498088,422249942,3386,207.306137,76,-675.312,-348.646,255,8
1778399482513617,422259918,3377,206.755096,76,-678.634,-342.135,255,8
1778399482518124,422269861,3368,206.204086,76,-681.892,-335.593,255,8
1778399482591245,422279829,3358,205.591843,76,-685.439,-328.288,255,8
1778399482591951,422289773,3349,205.040817,76,-688.565,-321.680,255,8
1778399482592450,422299746,3340,204.489792,76,-691.627,-315.044,255,8
1778399482592946,422309695,3331,203.938782,78,-712.904,-316.493,255,8
1778399482593530,422319666,3322,203.387741,84,-770.985,-333.439,255,8
1778399482594033,422329588,3312,202.775513,101,-931.249,-390.993,255,8
1778399482594714,422339571,3303,202.224487,114,-1055.308,-431.190,255,8
1778399482597067,422349510,3294,201.673477,115,-1068.699,-424.714,255,8
1778399482607082,422359488,3285,201.122437,113,-1054.078,-407.209,255,8
1778399482621942,422369422,3276,200.571426,113,-1057.945,-397.054,255,8
1778399482626745,422379401,3266,199.959183,112,-1052.728,-382.313,255,8
1778399482636723,422389336,3257,199.408157,112,-1056.356,-372.171,255,8
1778399482648766,422399311,3248,198.857147,111,-1050.423,-358.763,255,8
1778399482656411,422409249,3239,198.306122,110,-1044.331,-345.503,255,8
1778399482731620,422419224,3230,197.755112,110,-1047.605,-335.444,255,8
1778399482732110,422429155,3221,197.204071,112,-1069.888,-331.269,255,8
1778399482732559,422439126,3212,196.653061,111,-1063.444,-318.099,255,8
1778399482732995,422449062,3202,196.040817,110,-1057.172,-303.954,255,8
1778399482733437,422459040,3193,195.489807,111,-1069.683,-296.444,255,8
1778399482733993,422468978,3184,194.938766,111,-1072.484,-286.143,255,8
1778399482734545,422478952,3175,194.387756,110,-1065.500,-273.331,255,8
1778399482735554,422488893,3166,193.836746,110,-1068.079,-263.072,255,8
1778399482747879,422498866,3157,193.285706,114,-1109.489,-261.980,255,8
1778399482766791,422508806,3148,192.734695,113,-1102.203,-249.094,255,8
1778399482767873,422518776,3139,192.183670,112,-1094.773,-236.372,255,8
1778399482778998,422528720,3130,191.632660,114,-1116.585,-229.865,255,8
1778399482785434,422538692,3121,191.081650,113,-1108.930,-217.195,255,8
1778399482796246,422548632,3112,190.530609,107,-1051.978,-195.554,255,8
1778399482872821,422558626,3104,190.040817,85,-836.981,-148.197,255,8
1778399482873421,422568569,3095,189.489807,77,-759.463,-126.952,255,8
1778399482874022,422578542,3086,188.938766,77,-760.648,-119.642,255,8
1778399482874561,422588477,3077,188.387756,91,-900.266,-132.743,255,8
1778399482875035,422598442,3068,187.836731,139,-1377.018,-189.527,255,8
1778399482875697,422608384,3059,187.285721,184,-1825.144,-233.344,255,8
1778399482876133,422618353,3050,186.734680,197,-1956.407,-231.026,255,8
1778399482876585,422628297,3042,186.244888,199,-1978.191,-216.469,255,8
1778399482885711,422638264,3033,185.693878,197,-1960.280,-195.450,255,8
1778399482894221,422648207,3024,185.142868,197,-1962.069,-176.590,255,8
1778399482904073,422658172,3015,184.591827,204,-2033.452,-163.316,255,8
1778399482976355,422668115,3006,184.040817,207,-2064.854,-145.867,255,8
1778399482976903,422678085,2998,183.551025,208,-2076.006,-128.830,255,8
1778399482977376,422688028,2989,183.000000,208,-2077.149,-108.859,255,8
1778399482977844,422697991,2980,182.448990,208,-2078.100,-88.878,255,8
1778399482978596,422707933,2971,181.897949,207,-2068.864,-68.557,255,8
1778399482979332,422717902,2963,181.408157,207,-2069.375,-50.869,255,8
1778399482979871,422727843,2954,180.857147,207,-2069.768,-30.966,255,8
1778399482983015,422737807,2945,180.306122,206,-2059.971,-11.006,255,8
1778399482995129,422747742,2936,179.755096,206,-2059.981,8.805,255,8
1778399483009141,422757704,2928,179.265305,205,-2049.831,26.286,255,8
1778399483012758,422767643,2919,178.714294,204,-2039.486,45.773,255,8
1778399483084593,422777611,2910,178.163269,203,-2028.957,65.065,255,8
1778399483085312,422787551,2902,177.673477,201,-2008.343,81.595,255,8
1778399483085916,422797522,2893,177.122452,195,-1947.541,97.893,255,8
1778399483086758,422807468,2884,176.571426,189,-1886.617,113.030,255,8
1778399483087340,422817441,2875,176.020401,182,-1815.612,126.310,255,8
1778399483088007,422827380,2866,175.469391,158,-1575.063,124.807,255,8
1778399483088573,422837352,2858,174.979584,114,-1135.626,99.762,255,8
1778399483091983,422847310,2849,174.428574,76,-756.410,73.786,255,8
1778399483109824,422857280,2840,173.877548,69,-686.064,73.591,255,8
1778399483114889,422867224,2832,173.387756,71,-705.277,81.756,255,8
1778399483121850,422877197,2823,172.836731,85,-843.366,105.993,255,8
1778399483216045,422887144,2814,172.285706,91,-901.764,122.152,255,8
1778399483216598,422897088,2805,171.734695,101,-999.509,145.195,255,8
1778399483217089,422907035,2796,171.183670,106,-1047.476,162.464,255,8
1778399483217631,422917006,2788,170.693878,102,-1006.575,164.943,255,8
1778399483218213,422926962,2779,170.142853,73,-719.223,124.970,255,8
1778399483218716,422936938,2770,169.591843,67,-658.976,121.042,255,8
1778399483219311,422946877,2762,169.102051,65,-638.278,122.889,255,8
1778399483219907,422956848,2753,168.551025,61,-597.862,121.082,255,8
1778399483220447,422966790,2744,168.000000,60,-586.889,124.747,255,8
1778399483220973,422976761,2735,167.448975,59,-575.901,128.212,255,8
1778399483230640,422986703,2726,166.897949,59,-574.641,133.745,255,8
1778399483242767,422996669,2717,166.346939,59,-573.328,139.265,255,8
1778399483250473,423006607,2709,165.857147,59,-572.117,144.161,255,8
1778399483260319,423016575,2700,165.306122,59,-570.704,149.656,255,8
1778399483336296,423026512,2691,164.755112,59,-569.238,155.138,255,8
1778399483336875,423036476,2682,164.204086,59,-567.720,160.605,255,8
1778399483337544,423046417,2673,163.653061,56,-537.362,157.614,255,8
1778399483338331,423056382,2664,163.102036,54,-516.685,156.961,255,8
1778399483338965,423066327,2656,162.612244,53,-505.781,158.384,255,8
1778399483339559,423076289,2647,162.061218,51,-485.207,157.080,255,8
1778399483340181,423086229,2638,161.510208,51,-483.674,161.739,255,8
1778399483340856,423096197,2629,160.959183,52,-491.549,169.646,255,8
1778399483353031,423106137,2620,160.408157,56,-527.579,187.778,255,8
1778399483359274,423116109,2611,159.857147,57,-535.137,196.286,255,8
1778399483454859,423126051,2602,159.306122,57,-533.225,201.424,255,8
1778399483455699,423136022,2594,158.816330,57,-531.483,205.975,255,8
1778399483456348,423145971,2585,158.265305,57,-529.478,211.076,255,8
1778399483457037,423155938,2576,157.714294,56,-518.170,212.366,255,8
1778399483458070,423165891,2567,157.163269,55,-506.888,213.459,255,8
1778399483458711,423175863,2558,156.612244,54,-495.633,214.354,255,8
1778399483459704,423185805,2549,156.061218,53,-484.409,215.053,255,8
1778399483460642,423195771,2540,155.510208,53,-482.319,219.701,255,8
1778399483461206,423205713,2532,155.020401,53,-480.423,223.817,255,8
1778399483461872,423215680,2523,154.469376,54,-487.272,232.736,255,8
1778399483468210,423225619,2514,153.918365,55,-493.993,241.808,255,8
1778399483481068,423235598,2505,153.367355,55,-491.644,246.548,255,8
1778399483489824,423245538,2496,152.816330,55,-489.251,251.264,255,8
1778399483497885,423255505,2488,152.326538,55,-487.085,255.438,255,8
1778399483569023,423265441,2479,151.775513,56,-493.417,264.839,255,8
1778399483569395,423275413,2470,151.224487,56,-490.847,269.572,255,8
1778399483569741,423285359,2461,150.673462,56,-488.232,274.280,255,8
1778399483570257,423295330,2452,150.122452,57,-494.242,283.944,255,8
1778399483570759,423305272,2443,149.571426,57,-491.489,288.684,255,8
1778399483571233,423315240,2435,149.081635,57,-489.003,292.875,255,8
1778399483571626,423325188,2426,148.530609,57,-486.164,297.565,255,8
1778399483596993,423335155,2417,147.979599,57,-483.280,302.226,255,8
1778399483597456,423345100,2408,147.428574,57,-480.351,306.860,255,8
1778399483597848,423355072,2399,146.877548,57,-477.378,311.465,255,8
1778399483629353,423365015,2390,146.326523,57,-474.360,316.042,255,8
1778399483629841,423374981,2382,145.836731,57,-471.641,320.085,255,8
1778399483630244,423384922,2373,145.285721,57,-468.541,324.606,255,8
1778399483644425,423394889,2364,144.734695,57,-465.398,329.097,255,8
1778399483667553,423404832,2355,144.183670,57,-462.211,333.558,255,8
1778399483668011,423414798,2346,143.632660,57,-458.982,337.987,255,8
1778399483668419,423424744,2338,143.142853,57,-456.076,341.899,255,8
1778399483720550,423434855,2329,142.591827,57,-452.767,346.269,255,8
1778399483721034,423444650,2320,142.040817,56,-441.532,344.456,255,8
1778399483721573,423454614,2311,141.489792,55,-430.373,342.460,255,8
1778399483722048,423464554,2302,140.938782,54,-419.295,340.281,255,8
1778399483722429,423474516,2294,140.448990,55,-424.082,350.221,255,8
1778399483736292,423484455,2285,139.897964,56,-428.343,360.724,255,8
1778399483736752,423494419,2276,139.346939,55,-417.268,358.312,255,8
1778399483772529,423504360,2267,138.795914,55,-413.802,362.309,255,8
1778399483773013,423514322,2258,138.244888,55,-410.299,366.272,255,8
1778399483773493,423524256,2249,137.693878,55,-406.758,370.200,255,8
1778399483774849,423534226,2240,137.142853,54,-395.848,367.293,255,8
1778399483789446,423544160,2232,136.653061,54,-392.694,370.664,255,8
1778399483801644,423554131,2223,136.102051,54,-389.111,374.423,255,8
1778399483812547,423564081,2214,135.551025,53,-378.353,371.145,255,8
1778399483844897,423574049,2205,135.000000,53,-374.767,374.767,255,8
1778399483845479,423583993,2196,134.448975,53,-371.145,378.353,255,8
1778399483845927,423593961,2188,133.959183,52,-360.956,374.314,255,8
1778399483846301,423603907,2179,133.408157,52,-357.339,377.768,255,8
1778399483861582,423613872,2170,132.857147,52,-353.690,381.187,255,8
1778399483894442,423623812,2161,132.306122,51,-343.277,377.175,255,8
1778399483895020,423633778,2152,131.755112,51,-339.634,380.459,255,8
1778399483895585,423643725,2144,131.265305,51,-336.369,383.348,255,8
1778399483896105,423653697,2135,130.714279,51,-332.667,386.566,255,8
1778399483910000,423663638,2126,130.163269,51,-328.934,389.747,255,8
1778399483943452,423673611,2117,129.612244,51,-325.170,392.892,255,8
1778399483943936,423683555,2108,129.061218,51,-321.377,396.001,255,8
1778399483944427,423693530,2100,128.571426,50,-311.745,390.916,255,8
1778399483944844,423703474,2091,128.020416,50,-307.971,393.896,255,8
1778399483960690,423713446,2082,127.469391,50,-304.169,396.839,255,8
1778399483962929,423723387,2074,126.979591,50,-300.765,399.425,255,8
1778399484001651,423733362,2065,126.428574,50,-296.910,402.299,255,8
1778399484002133,423743306,2056,125.877548,49,-287.167,397.033,255,8
1778399484002534,423753275,2047,125.326530,49,-283.335,399.776,255,8
1778399484002992,423763221,2039,124.836731,49,-279.908,402.184,255,8
1778399484019928,423773193,2030,124.285713,49,-276.027,404.857,255,8
1778399484032659,423783135,2021,123.734688,49,-272.121,407.493,255,8
1778399484033088,423793101,2013,123.244896,48,-263.145,401.441,255,8
1778399484081903,423803045,2004,122.693878,48,-259.272,403.953,255,8
1778399484082392,423813004,1995,122.142853,48,-255.375,406.428,255,8
1778399484082797,423822945,1987,121.653061,48,-251.892,408.596,255,8
1778399484083136,423832909,1978,121.102036,48,-247.951,410.999,255,8
1778399484083486,423842849,1969,120.551018,48,-243.987,413.365,255,8
1778399484097720,423852806,1961,120.061226,48,-240.444,415.435,255,8
1778399484131267,423862741,1952,119.510201,48,-236.438,417.729,255,8
1778399484131685,423872703,1943,118.959190,48,-232.410,419.983,255,8
1778399484132134,423882644,1935,118.469383,48,-228.811,421.955,255,8
1778399484132549,423892608,1926,117.918365,47,-220.060,415.299,255,8
1778399484150775,423902551,1917,117.367348,47,-216.056,417.396,255,8
1778399484151312,423912521,1909,116.877548,47,-212.480,419.228,255,8
1778399484202079,423922468,1900,116.326538,47,-208.439,421.252,255,8
1778399484202569,423932431,1891,115.775513,47,-204.378,423.237,255,8
1778399484202981,423942369,1883,115.285713,47,-200.752,424.969,255,8
1778399484203516,423952339,1874,114.734695,47,-196.656,426.880,255,8
1778399484203980,423962281,1865,114.183678,46,-188.445,419.629,255,8
1778399484218228,423972244,1857,113.693871,46,-184.851,421.225,255,8
1778399484220333,423982184,1848,113.142860,46,-180.792,422.983,255,8
1778399484231821,423992148,1840,112.653061,46,-177.169,424.513,255,8
1778399484271266,424002088,1831,112.102043,46,-173.078,426.197,255,8
1778399484271713,424012054,1822,111.551025,46,-168.972,427.842,255,8
1778399484272168,424021991,1814,111.061218,46,-165.308,429.271,255,8
1778399484272592,424031955,1805,110.510208,46,-161.172,430.840,255,8
1778399484287239,424041895,1796,109.959183,46,-157.021,432.371,255,8
1778399484324239,424051860,1788,109.469383,46,-153.319,433.697,255,8
1778399484324729,424061801,1779,108.918373,46,-149.142,435.151,255,8
1778399484325165,424071765,1771,108.428566,46,-145.416,436.411,255,8
1778399484325626,424081700,1762,107.877556,46,-141.213,437.789,255,8
1778399484340932,424091663,1754,107.387756,45,-134.477,429.437,255,8
1778399484341365,424101605,1745,106.836731,45,-130.340,430.710,255,8
1778399484374647,424111568,1737,106.346939,45,-126.654,431.809,255,8
1778399484375073,424121508,1728,105.795914,45,-122.495,433.007,255,8
1778399484375506,424131470,1720,105.306122,45,-118.789,434.038,255,8
1778399484390035,424141413,1711,104.755096,45,-114.610,435.160,255,8
1778399484390457,424151385,1703,104.265305,45,-110.885,436.124,255,8
1778399484427364,424161328,1694,103.714287,45,-106.686,437.171,255,8
1778399484427793,424171296,1686,103.224495,45,-102.945,438.067,255,8
1778399484428260,424181245,1677,102.673470,45,-98.728,439.036,255,8
1778399484428692,424191210,1669,102.183678,45,-94.971,439.864,255,8
1778399484443765,424201159,1660,101.632652,45,-90.736,440.757,255,8
1778399484450654,424211127,1652,101.142860,45,-86.965,441.517,255,8
1778399484461820,424221070,1643,100.591843,45,-82.715,442.333,255,8
1778399484500610,424231035,1635,100.102036,45,-78.931,443.024,255,8
1778399484501181,424240982,1626,99.551025,45,-74.667,443.762,255,8
1778399484501655,424250940,1618,99.061218,45,-70.870,444.384,255,8
1778399484502169,424260893,1610,98.571426,45,-67.069,444.974,255,8
1778399484517477,424270857,1601,98.020409,45,-62.787,445.598,255,8
1778399484517887,424280796,1593,97.530609,45,-58.975,446.119,255,8
1778399484557716,424290769,1584,96.979591,45,-54.682,446.665,255,8
1778399484558150,424300716,1576,96.489799,45,-50.862,447.116,255,8
1778399484558575,424310683,1567,95.938774,45,-46.560,447.585,255,8
1778399484558973,424320630,1559,95.448982,45,-42.732,447.967,255,8
1778399484604842,424330592,1551,94.959183,45,-38.901,448.315,255,8
1778399484605265,424339538,1542,94.408165,45,-34.588,448.669,255,8
1778399484605575,424350504,1534,93.918365,45,-30.751,448.948,255,8
1778399484605920,424360449,1526,93.428574,45,-26.912,449.195,255,8
1778399484606325,424370418,1517,92.877548,45,-22.591,449.433,255,8
1778399484621289,424380363,1509,92.387756,45,-18.748,449.609,255,8
1778399484660608,424390320,1501,91.897964,45,-14.904,449.753,255,8
1778399484661092,424400267,1492,91.346939,45,-10.578,449.876,255,8
1778399484661488,424410233,1484,90.857147,45,-6.732,449.950,255,8
1778399484661824,424420179,1476,90.367348,45,-2.885,449.991,255,8
1778399484677461,424430145,1467,89.816330,45,1.443,449.998,255,8
1778399484677936,424440078,1459,89.326530,45,5.289,449.969,255,8
1778399484690608,424450050,1451,88.836739,45,9.136,449.907,255,8
1778399484702431,424459991,1442,88.285713,45,13.462,449.799,255,8
1778399484747490,424469955,1434,87.795914,45,17.307,449.667,255,8
1778399484747954,424479897,1426,87.306122,45,21.150,449.503,255,8
1778399484748554,424489865,1418,86.816322,45,24.992,449.305,255,8
1778399484748999,424499808,1410,86.326530,45,28.832,449.075,255,8
1778399484749381,424509774,1402,85.836731,45,32.669,448.813,255,8
1778399484764020,424519716,1394,85.346939,45,36.505,448.517,255,8
1778399484764675,424529687,1385,84.795921,45,40.817,448.145,255,8
1778399484803548,424539633,1377,84.306122,45,44.646,447.780,255,8
1778399484804018,424549598,1369,83.816330,45,48.472,447.382,255,8
1778399484804460,424559543,1361,83.326530,45,52.295,446.951,255,8
1778399484804869,424569520,1352,82.775505,45,56.591,446.427,255,8
1778399484820323,424579462,1344,82.285713,45,60.405,445.927,255,8
1778399484832942,424589433,1336,81.795914,45,64.215,445.395,255,8
1778399484833954,424599372,1328,81.306122,45,68.020,444.830,255,8
1778399484884450,424609335,1320,80.816322,45,71.820,444.232,255,8
1778399484884934,424619272,1312,80.326530,45,75.615,443.602,255,8
1778399484885289,424629237,1304,79.836731,45,79.404,442.939,255,8
1778399484885625,424639180,1296,79.346939,45,83.188,442.244,255,8
1778399484885934,424649141,1288,78.857147,46,88.898,451.328,255,8
1778399484899769,424659079,1280,78.367348,46,92.753,450.552,255,8
1778399484939243,424669040,1272,77.877556,46,96.601,449.742,255,8
1778399484939682,424678982,1264,77.387756,46,100.442,448.900,255,8
1778399484940129,424688948,1256,76.897964,46,104.276,448.025,255,8
1778399484940512,424698889,1249,76.469391,46,107.624,447.233,255,8
1778399484989313,424708854,1241,75.979591,46,111.443,446.296,255,8
1778399484989764,424718791,1233,75.489799,46,115.254,445.327,255,8
1778399484990191,424728744,1226,75.061226,46,118.582,444.453,255,8
1778399484990573,424738690,1218,74.571426,46,122.377,443.423,255,8
1778399484990905,424748649,1211,74.142853,46,125.690,442.495,255,8
1778399485005291,424758584,1203,73.653061,46,129.468,441.405,255,8
1778399485005748,424768553,1196,73.224487,46,132.766,440.424,255,8
1778399485012152,424778490,1188,72.734695,46,136.526,439.273,255,8
1778399485024177,424788450,1180,72.244896,46,140.277,438.090,255,8
1778399485074845,424798393,1173,71.816330,46,143.550,437.028,255,8
1778399485075608,424808353,1165,71.326530,46,147.280,435.785,255,8
1778399485076045,424818296,1158,70.897964,46,150.536,434.671,255,8
1778399485076419,424828258,1151,70.469391,47,157.126,442.958,255,8
1778399485076737,424838202,1144,70.040817,47,160.435,441.770,255,8
1778399485090798,424848161,1136,69.551018,47,164.205,440.382,255,8
1778399485091283,424858100,1129,69.122444,47,167.495,439.142,255,8
1778399485134100,424868064,1122,68.693878,47,170.775,437.877,255,8
1778399485134558,424878011,1115,68.265305,47,174.045,436.587,255,8
1778399485134901,424887978,1108,67.836739,47,177.306,435.273,255,8
1778399485135246,424897918,1101,67.408157,47,180.557,433.935,255,8
1778399485149519,424907882,1094,66.979591,48,187.708,441.775,255,8
1778399485150691,424917830,1086,66.489792,48,191.478,440.155,255,8
1778399485161628,424927793,1079,66.061226,48,194.765,438.710,255,8
1778399485173531,424937737,1071,65.571426,48,198.508,437.029,255,8
1778399485209748,424947710,1064,65.142860,48,201.771,435.532,255,8
1778399485210284,424957653,1056,64.653061,48,205.487,433.791,255,8
1778399485210695,424967619,1049,64.224495,48,208.726,432.242,255,8
1778399485211111,424977563,1041,63.734695,48,212.414,430.442,255,8
1778399485226251,424987529,1034,63.306126,48,215.627,428.841,255,8
1778399485261429,424997482,1026,62.816326,48,219.285,426.982,255,8
1778399485261817,425007450,1018,62.326527,48,222.927,425.092,255,8
1778399485262167,425017392,1010,61.836735,48,226.553,423.171,255,8
1778399485262515,425027362,1003,61.408161,48,229.712,421.465,255,8
1778399485277803,425037305,995,60.918369,49,238.167,428.225,255,8
1778399485279374,425047276,987,60.428570,49,241.819,426.173,255,8
1778399485318560,425057222,980,60.000000,49,245.000,424.352,255,8
1778399485319240,425067195,972,59.510204,49,248.619,422.243,255,8
1778399485319843,425077139,964,59.020412,49,252.219,420.102,255,8
1778399485320257,425087107,957,58.591835,49,255.354,418.204,255,8
1778399485335337,425097051,949,58.102039,50,264.204,424.495,255,8
1778399485344332,425107021,942,57.673470,50,267.372,422.507,255,8
1778399485349972,425116964,934,57.183670,50,270.974,420.206,255,8
1778399485361480,425126939,927,56.755104,50,274.109,418.167,255,8
1778399485403831,425136874,920,56.326530,50,277.230,416.105,255,8
1778399485404365,425146857,912,55.836735,51,286.392,421.995,255,8
1778399485404781,425156803,905,55.408161,51,289.541,419.841,255,8
1778399485405229,425166769,898,54.979591,51,292.673,417.663,255,8
1778399485420321,425176714,891,54.551018,51,295.789,415.462,255,8
1778399485420779,425186680,884,54.122452,51,298.888,413.238,255,8
1778399485464786,425196622,876,53.632652,51,302.410,410.668,255,8
1778399485465343,425206592,869,53.204082,52,311.463,416.403,255,8
1778399485465807,425216533,862,52.775509,52,314.569,414.061,255,8
1778399485466254,425226499,855,52.346939,52,317.657,411.697,255,8
1778399485467423,425236441,848,51.918365,52,320.727,409.309,255,8
1778399485481366,425246409,841,51.489799,52,323.780,406.899,255,8
1778399485492901,425256360,834,51.061222,53,333.100,412.244,255,8
1778399485499912,425266325,827,50.632656,53,336.174,409.740,255,8
1778399485547144,425276274,821,50.265305,53,338.794,407.577,255,8
1778399485547543,425286245,814,49.836735,53,341.833,405.031,255,8
1778399485547937,425296182,808,49.469387,54,350.921,410.432,255,8
1778399485548302,425306148,801,49.040817,54,353.981,407.795,255,8
1778399485548681,425316090,795,48.673470,54,356.589,405.518,255,8
1778399485563263,425326059,789,48.306122,55,365.833,410.690,255,8
1778399485605909,425336003,782,47.877548,55,368.895,407.942,255,8
1778399485606519,425345970,776,47.510204,55,371.502,405.569,255,8
1778399485607037,425355918,770,47.142860,55,374.095,403.179,255,8
1778399485607572,425365881,764,46.775509,56,383.521,408.059,255,8
1778399485607995,425375837,758,46.408165,56,386.129,405.591,255,8
1778399485623763,425385811,752,46.040813,56,388.722,403.107,255,8
1778399485630141,425395753,746,45.673470,57,398.286,407.760,255,8
1778399485680306,425405729,739,45.244896,57,401.324,404.770,255,8
1778399485680825,425415679,733,44.877552,57,403.911,402.189,255,8
1778399485681295,425425650,727,44.510204,57,406.482,399.591,255,8
1778399485681708,425435595,721,44.142857,57,409.035,396.976,255,8
1778399485682071,425445568,715,43.775509,58,418.792,401.264,255,8
1778399485696484,425455515,709,43.408161,58,421.357,398.571,255,8
1778399485696959,425465488,703,43.040813,58,423.903,395.861,255,8
1778399485741265,425475437,697,42.673470,58,426.433,393.135,255,8
1778399485741777,425485404,691,42.306122,58,428.944,390.393,255,8
1778399485742250,425495360,686,42.000000,58,431.024,388.096,255,8
1778399485742713,425505334,680,41.632652,57,426.029,378.681,255,8
1778399485757431,425515274,675,41.326530,57,428.046,376.399,255,8
1778399485757881,425525246,670,41.020409,57,430.051,374.107,255,8
1778399485802459,425535190,664,40.653061,57,432.441,371.342,255,8
1778399485802826,425545156,659,40.346939,57,434.419,369.026,255,8
1778399485803242,425555103,654,40.040817,56,428.728,360.267,255,8
1778399485803545,425565072,653,39.979591,55,421.450,353.383,255,8
1778399485803924,425575010,653,39.979591,54,413.788,346.958,255,8
1778399485817469,425584979,654,40.040817,54,413.417,347.400,255,8
1778399485824827,425594927,654,40.040817,54,413.417,347.400,255,8
1778399485872597,425604894,654,40.040817,54,413.417,347.400,255,8
1778399485873040,425614838,655,40.102039,55,420.694,354.283,255,8
1778399485873424,425624808,658,40.285713,55,419.556,355.630,255,8
1778399485873840,425634749,660,40.408161,55,418.795,356.526,255,8
1778399485874228,425644715,664,40.653061,55,417.268,358.312,255,8
1778399485889518,425654661,667,40.836735,55,416.117,359.648,255,8
1778399485933486,425664631,671,41.081635,55,414.576,361.424,255,8
1778399485933954,425674568,675,41.326530,55,413.027,363.192,255,8
1778399485934429,425684533,679,41.571430,55,411.471,364.954,255,8
1778399485934831,425694477,683,41.816326,55,409.907,366.710,255,8
1778399485935265,425704438,688,42.122448,56,415.359,375.602,255,8
1778399485951256,425714385,692,42.367348,56,413.750,377.374,255,8
1778399485952409,425724357,696,42.612244,56,412.133,379.139,255,8
1778399485970514,425734300,701,42.918365,56,410.102,381.335,255,8
1778399485972265,425744270,706,43.224491,56,408.059,383.521,255,8
1778399486019276,425754216,710,43.469387,57,413.673,392.141,255,8
1778399486019703,425764195,715,43.775509,57,411.572,394.346,255,8
1778399486020199,425774145,719,44.020409,57,409.883,396.101,255,8
1778399486020671,425784112,724,44.326530,57,407.760,398.286,255,8
1778399486021708,425794066,729,44.632652,56,398.510,393.433,255,8
1778399486039373,425804038,733,44.877552,56,396.825,395.133,255,8
1778399486041515,425813993,738,45.183674,56,394.708,397.247,255,8
1778399486054121,425823957,743,45.489799,56,392.580,399.350,255,8
1778399486061366,425833904,748,45.795918,56,390.441,401.442,255,8
1778399486112534,425843881,753,46.102039,56,388.291,403.522,255,8
1778399486113061,425853834,758,46.408165,56,386.129,405.591,255,8
1778399486113528,425863804,763,46.714287,56,383.957,407.648,255,8
1778399486113898,425873750,768,47.020405,55,374.956,402.378,255,8
1778399486114313,425883721,773,47.326530,54,366.022,397.023,255,8
1778399486129530,425893669,778,47.632652,54,363.896,398.973,255,8
1778399486130585,425903636,784,48.000004,54,361.331,401.298,255,8
1778399486143386,425913583,789,48.306122,54,359.181,403.223,255,8
1778399486150371,425923552,794,48.612244,54,357.022,405.136,255,8
1778399486201137,425933507,800,48.979595,53,347.854,399.872,255,8
1778399486201534,425943484,805,49.285713,53,345.712,401.725,255,8
1778399486201898,425953432,810,49.591835,53,343.561,403.566,255,8
1778399486202254,425963404,816,49.959183,53,340.967,405.761,255,8
1778399486202564,425973352,822,50.326530,53,338.358,407.938,255,8
1778399486216979,425983328,828,50.693878,52,329.401,402.362,255,8
1778399486263767,425993274,833,51.000000,52,327.247,404.116,255,8
1778399486264271,426003243,839,51.367344,52,324.649,406.206,255,8
1778399486264722,426013181,845,51.734695,52,322.038,408.279,255,8
1778399486265081,426023149,851,52.102039,52,319.414,410.335,255,8
1778399486265443,426033090,857,52.469387,52,316.776,412.375,255,8
1778399486279627,426043055,863,52.836735,51,308.085,406.428,255,8
1778399486280043,426053003,869,53.204082,51,305.473,408.395,255,8
1778399486291588,426062978,875,53.571426,51,302.848,410.345,255,8
1778399486335724,426072925,881,53.938778,51,300.211,412.278,255,8
1778399486336152,426082896,887,54.306122,51,297.562,414.194,255,8
1778399486336547,426092844,893,54.673466,51,294.900,416.094,255,8
1778399486336881,426102812,899,55.040817,50,286.496,409.780,255,8
1778399486338438,426112767,905,55.408161,50,283.863,411.609,255,8
1778399486355233,426122738,912,55.836735,50,280.776,413.720,255,8
1778399486409871,426132686,918,56.204079,50,278.118,415.512,255,8
1778399486410392,426142654,924,56.571430,50,275.448,417.287,255,8
1778399486410864,426152598,931,57.000000,50,272.320,419.335,255,8
1778399486411313,426162562,937,57.367348,49,264.233,412.651,255,8
1778399486411715,426172505,944,57.795918,49,261.139,414.616,255,8
1778399486412178,426182478,950,58.163269,49,258.475,416.282,255,8
1778399486428317,426192425,957,58.591835,49,255.354,418.204,255,8
1778399486428797,426202393,964,59.020412,49,252.219,420.102,255,8
1778399486486203,426212335,971,59.448978,49,249.070,421.977,255,8
1778399486486674,426222302,978,59.877552,49,245.906,423.828,255,8
1778399486487145,426232245,984,60.244900,48,238.221,416.714,255,8
1778399486487565,426242211,991,60.673466,48,235.097,418.484,255,8
1778399486487994,426252159,998,61.102039,48,231.961,420.231,255,8
1778399486488432,426262126,1005,61.530609,48,228.811,421.955,255,8
1778399486503624,426272071,1012,61.959183,48,225.648,423.654,255,8
1778399486509940,426282037,1020,62.448982,48,222.018,425.568,255,8
1778399486520134,426291978,1027,62.877552,48,218.829,427.216,255,8
1778399486530601,426301942,1034,63.306126,48,215.627,428.841,255,8
1778399486567997,426311883,1041,63.734695,48,212.414,430.442,255,8
1778399486568357,426321850,1048,64.163269,47,204.830,423.019,255,8
1778399486568682,426331786,1056,64.653061,47,201.206,424.754,255,8
1778399486568991,426341746,1063,65.081635,47,198.023,426.247,255,8
1778399486632029,426351686,1070,65.510201,47,194.830,427.716,255,8
1778399486632407,426361653,1078,66.000000,47,191.166,429.366,255,8
1778399486632854,426371594,1085,66.428574,47,187.949,430.784,255,8
1778399486633270,426381567,1093,66.918365,47,184.260,432.375,255,8
1778399486633654,426391508,1100,67.346939,47,181.021,433.741,255,8
1778399486634122,426401472,1108,67.836739,46,173.534,426.012,255,8
1778399486635385,426411409,1116,68.326530,46,169.886,427.480,255,8
1778399486653364,426421369,1124,68.816330,46,166.225,428.916,255,8
1778399486655253,426431313,1131,69.244904,46,163.012,430.148,255,8
1778399486723204,426441276,1139,69.734695,46,159.329,431.525,255,8
1778399486723699,426451221,1147,70.224495,46,155.634,432.872,255,8
1778399486724130,426461185,1155,70.714287,46,151.928,434.186,255,8
1778399486724571,426471131,1163,71.204079,46,148.211,435.469,255,8
1778399486725103,426481096,1171,71.693878,46,144.483,436.720,255,8
1778399486725533,426491039,1179,72.183670,46,140.745,437.939,255,8
1778399486725926,426501013,1187,72.673470,45,134.018,429.580,255,8
1778399486743693,426510960,1196,73.224487,45,129.880,430.849,255,8
1778399486744284,426520926,1204,73.714287,45,126.192,431.944,255,8
1778399486762089,426530873,1212,74.204079,45,122.495,433.007,255,8
1778399486764066,426540834,1220,74.693878,45,118.789,434.038,255,8
1778399486809227,426550774,1229,75.244904,45,114.610,435.160,255,8
1778399486809586,426560739,1237,75.734695,45,110.885,436.124,255,8
1778399486810008,426570684,1246,76.285713,45,106.686,437.171,255,8
1778399486810363,426580647,1254,76.775505,45,102.945,438.067,255,8
1778399486868492,426590593,1263,77.326530,45,98.728,439.036,255,8
1778399486868952,426600558,1271,77.816330,45,94.971,439.864,255,8
1778399486869465,426610495,1280,78.367348,45,90.736,440.757,255,8
1778399486869815,426620464,1289,78.918365,45,86.493,441.609,255,8
1778399486870127,426630406,1297,79.408165,45,82.715,442.333,255,8
1778399486870442,426640378,1306,79.959183,45,78.457,443.108,255,8
1778399486884767,426650321,1315,80.510208,45,74.192,443.842,255,8
1778399486885291,426660295,1324,81.061218,44,68.367,434.656,255,8
1778399486892695,426670247,1333,81.612244,44,64.184,435.294,255,8
1778399486904389,426680212,1342,82.163269,44,59.994,435.891,255,8
1778399486950495,426690157,1351,82.714287,44,55.800,436.447,255,8
1778399486951134,426700127,1360,83.265305,44,51.600,436.964,255,8
1778399486951745,426710068,1369,83.816330,44,47.395,437.440,255,8
1778399486952232,426720036,1379,84.428566,44,42.718,437.921,255,8
1778399486952592,426729982,1388,84.979591,44,38.505,438.312,255,8
1778399486966502,426739945,1397,85.530617,44,34.288,438.662,255,8
1778399487021293,426749888,1406,86.081627,44,30.067,438.971,255,8
1778399487021848,426759855,1416,86.693878,44,25.375,439.268,255,8
1778399487022309,426769799,1425,87.244896,44,21.150,439.491,255,8
1778399487022636,426779772,1435,87.857140,44,16.452,439.692,255,8
1778399487023007,426789712,1444,88.408165,44,12.223,439.830,255,8
1778399487023341,426799676,1454,89.020409,44,7.522,439.936,255,8
1778399487037148,426809618,1464,89.632652,44,2.821,439.991,255,8
1778399487043741,426819589,1473,90.183678,44,-1.411,439.998,255,8
1778399487091710,426829525,1483,90.795921,44,-6.112,439.958,255,8
1778399487092064,426839496,1493,91.408157,44,-10.813,439.867,255,8
1778399487092522,426849437,1503,92.020409,44,-15.512,439.726,255,8
1778399487093029,426859407,1513,92.632652,44,-20.210,439.536,255,8
1778399487093467,426869343,1523,93.244896,44,-24.906,439.295,255,8
1778399487108213,426879316,1532,93.795914,44,-29.129,439.035,255,8
1778399487112568,426889253,1542,94.408165,44,-33.819,438.698,255,8
1778399487157702,426899221,1552,95.020409,44,-38.505,438.312,255,8
1778399487158266,426909160,1562,95.632652,44,-43.186,437.876,255,8
1778399487158800,426919131,1572,96.244904,44,-47.863,437.389,255,8
1778399487159249,426929068,1582,96.857140,44,-52.533,436.853,255,8
1778399487160014,426939037,1592,97.469383,44,-57.198,436.266,255,8
1778399487174030,426948981,1602,98.081635,44,-61.857,435.630,255,8
1778399487179792,426958950,1612,98.693878,44,-66.508,434.944,255,8
1778399487233678,426968893,1621,99.244896,44,-70.688,434.285,255,8
1778399487234068,426978866,1631,99.857140,44,-75.325,433.505,255,8
1778399487234430,426988810,1641,100.469391,44,-79.952,432.675,255,8
1778399487234819,426998778,1651,101.081635,44,-84.571,431.796,255,8
1778399487235355,427008724,1661,101.693871,44,-89.180,430.868,255,8
1778399487249255,427018698,1671,102.306122,44,-93.779,429.890,255,8
1778399487249647,427028642,1680,102.857147,44,-97.909,428.968,255,8
1778399487296386,427038611,1690,103.469391,44,-102.487,427.898,255,8
1778399487296986,427048552,1700,104.081627,44,-107.054,426.778,255,8
1778399487297539,427058519,1710,104.693878,44,-111.608,425.610,255,8
1778399487298009,427068462,1720,105.306122,44,-116.149,424.393,255,8
1778399487298526,427078427,1730,105.918365,44,-120.678,423.128,255,8
1778399487311845,427088370,1740,106.530617,44,-125.192,421.814,255,8
1778399487323276,427098333,1749,107.081635,45,-132.180,430.149,255,8
1778399487329527,427108276,1759,107.693878,45,-136.769,428.712,255,8
1778399487382490,427118241,1769,108.306122,45,-141.342,427.226,255,8
1778399487383021,427128178,1779,108.918373,45,-145.899,425.692,255,8
1778399487383659,427138143,1789,109.530609,45,-150.440,424.108,255,8
1778399487384317,427148079,1798,110.081635,45,-154.511,422.642,255,8
1778399487384738,427158044,1808,110.693878,45,-159.019,420.967,255,8
1778399487397328,427167985,1818,111.306129,45,-163.508,419.244,255,8
1778399487397695,427177962,1828,111.918365,45,-167.978,417.472,255,8
1778399487412795,427187898,1838,112.530609,45,-172.430,415.654,255,8
1778399487418774,427197861,1848,113.142860,45,-176.861,413.787,255,8
1778399487466241,427207796,1857,113.693871,45,-180.832,412.068,255,8
1778399487466772,427217759,1867,114.306122,45,-185.225,410.112,255,8
1778399487467264,427227696,1877,114.918365,46,-193.810,417.178,255,8
1778399487467716,427237652,1887,115.530617,46,-198.257,415.083,255,8
1778399487468132,427247591,1897,116.142860,46,-202.681,412.941,255,8
1778399487482506,427257555,1906,116.693878,46,-206.643,410.973,255,8
1778399487523239,427267496,1916,117.306122,46,-211.022,408.741,255,8
1778399487523559,427277454,1926,117.918365,46,-215.378,406.463,255,8
1778399487524065,427287385,1936,118.530617,46,-219.709,404.139,255,8
1778399487524554,427297351,1946,119.142853,46,-224.015,401.768,255,8
1778399487526304,427307286,1955,119.693878,47,-232.822,408.282,255,8
1778399487541371,427317248,1965,120.306122,47,-237.171,405.771,255,8
1778399487552555,427327181,1975,120.918373,47,-241.494,403.213,255,8
1778399487559045,427337144,1985,121.530609,47,-245.788,400.610,255,8
1778399487608414,427347086,1994,122.081635,47,-249.630,398.227,255,8
1778399487608876,427357052,2004,122.693878,47,-253.871,395.537,255,8
1778399487609362,427366988,2014,123.306129,47,-258.083,392.802,255,8
1778399487609946,427376967,2024,123.918365,47,-262.265,390.022,255,8
1778399487610444,427386907,2034,124.530609,47,-266.418,387.197,255,8
1778399487658537,427396883,2043,125.081635,48,-275.877,392.800,255,8
1778399487659023,427406825,2053,125.693886,48,-280.058,389.830,255,8
1778399487659476,427416798,2063,126.306122,48,-284.208,386.815,255,8
1778399487659821,427426740,2073,126.918365,48,-288.325,383.756,255,8
1778399487660215,427436709,2082,127.469391,48,-292.002,380.966,255,8
1778399487712423,427446658,2092,128.081635,49,-302.224,385.695,255,8
1778399487712982,427456626,2102,128.693878,49,-306.328,382.444,255,8
1778399487713425,427466571,2112,129.306122,49,-310.397,379.149,255,8
1778399487713752,427476543,2121,129.857147,49,-314.029,376.146,255,8
1778399487714075,427486475,2131,130.469391,49,-318.030,372.769,255,8
1778399487714371,427496446,2141,131.081635,50,-328.567,376.887,255,8
1778399487728694,427506386,2150,131.632660,50,-332.176,373.710,255,8
1778399487739806,427516348,2160,132.244904,50,-336.150,370.139,255,8
1778399487752117,427526288,2170,132.857147,50,-340.086,366.526,255,8
1778399487755872,427536254,2180,133.469391,50,-343.983,362.871,255,8
1778399487797583,427546198,2189,134.020401,50,-347.457,359.546,255,8
1778399487797965,427556160,2199,134.632660,50,-351.279,355.813,255,8
1778399487798268,427566102,2209,135.244904,50,-355.061,352.039,255,8
1778399487798588,427576072,2218,135.795914,50,-358.430,348.608,255,8
1778399487811856,427586025,2228,136.408157,51,-369.378,351.653,255,8
1778399487813218,427596001,2238,137.020416,51,-373.114,347.686,255,8
1778399487857157,427605947,2248,137.632660,51,-376.808,343.679,255,8
1778399487857594,427615919,2257,138.183670,52,-387.549,346.707,255,8
1778399487857904,427625864,2267,138.795914,52,-391.231,342.546,255,8
1778399487858237,427635832,2277,139.408173,52,-394.869,338.346,255,8
1778399487872259,427645775,2286,139.959183,52,-398.105,334.533,255,8
1778399487872718,427655748,2296,140.571426,53,-409.381,336.611,255,8
1778399487924596,427665691,2306,141.183670,53,-412.954,332.218,255,8
1778399487925226,427675662,2315,141.734695,53,-416.130,328.231,255,8
1778399487925786,427685607,2325,142.346939,54,-427.531,329.874,255,8
1778399487926131,427695577,2334,142.897964,54,-430.684,325.748,255,8
1778399487926456,427705517,2344,143.510208,55,-442.180,327.074,255,8
1778399487938631,427715493,2354,144.122452,54,-437.547,316.470,255,8
1778399487984073,427725441,2363,144.673477,53,-432.411,306.465,255,8
1778399487984449,427735411,2373,145.285721,54,-443.881,307.522,255,8
1778399487984800,427745354,2383,145.897949,55,-455.422,308.368,255,8
1778399487985226,427755323,2392,146.448975,56,-466.701,309.500,255,8
1778399487985597,427765264,2402,147.061234,56,-469.981,304.496,255,8
1778399487998680,427775234,2412,147.673477,56,-473.208,299.456,255,8
1778399488040227,427785182,2421,148.224487,56,-476.066,294.892,255,8
1778399488040729,427795153,2431,148.836731,56,-479.190,289.788,255,8
1778399488041145,427805096,2440,149.387756,56,-481.955,285.166,255,8
1778399488041497,427815066,2450,150.000000,56,-484.974,280.000,255,8
1778399488041815,427825005,2460,150.612244,57,-496.652,279.709,255,8
1778399488056701,427834980,2469,151.163269,56,-490.559,270.097,255,8
1778399488063488,427844930,2479,151.775513,56,-493.417,264.839,255,8
1778399488073419,427854905,2488,152.326538,56,-495.941,260.082,255,8
1778399488080462,427864849,2498,152.938782,57,-507.597,259.317,255,8
1778399488131809,427874826,2508,153.551010,56,-501.386,249.424,255,8
1778399488132312,427884772,2517,154.102036,55,-494.765,240.223,255,8
1778399488132671,427894743,2527,154.714294,55,-497.304,234.923,255,8
1778399488133084,427904688,2536,155.265305,55,-499.540,230.129,255,8
1778399488133476,427914654,2546,155.877548,54,-492.844,220.692,255,8
1778399488146245,427924597,2555,156.428574,55,-504.109,219.941,255,8
1778399488196032,427934570,2565,157.040817,54,-497.223,210.641,255,8
1778399488196398,427944516,2574,157.591843,53,-489.981,202.037,255,8
1778399488196819,427954483,2584,158.204086,52,-482.826,193.077,255,8
1778399488197255,427964426,2593,158.755096,52,-484.661,188.425,255,8
1778399488197612,427974396,2603,159.367340,53,-496.005,186.759,255,8
1778399488210002,427984343,2612,159.918365,53,-497.778,181.980,255,8
1778399488210406,427994309,2622,160.530624,53,-499.694,176.651,255,8
1778399488265160,428004250,2631,161.081635,53,-501.370,171.837,255,8
1778399488265640,428014217,2641,161.693878,54,-512.672,169.611,255,8
1778399488266176,428024162,2650,162.244904,55,-523.803,167.722,255,8
1778399488266547,428034132,2660,162.857147,56,-535.121,165.063,255,8
1778399488266925,428044074,2669,163.408173,56,-536.683,159.909,255,8
1778399488268613,428054041,2679,164.020401,55,-528.748,151.412,255,8
1778399488282032,428063990,2688,164.571426,51,-491.621,135.679,255,8
1778399488325729,428073965,2698,165.183670,50,-483.375,127.861,255,8
1778399488326165,428083912,2707,165.734695,50,-484.583,123.206,255,8
1778399488326540,428093880,2717,166.346939,55,-534.459,129.823,255,8
1778399488326860,428103823,2726,166.897949,58,-564.901,131.478,255,8
1778399488327946,428113796,2736,167.510208,60,-585.801,129.759,255,8
1778399488359814,428123748,2745,168.061218,61,-596.805,126.189,255,8
1778399488360222,428133717,2754,168.612244,62,-607.794,122.418,255,8
1778399488360532,428143667,2763,169.163269,63,-618.765,118.447,255,8
1778399488420316,428153639,2772,169.714279,59,-580.518,105.349,255,8
1778399488420714,428163579,2782,170.326523,58,-571.753,97.459,255,8
1778399488421084,428173549,2791,170.877548,58,-572.664,91.956,255,8
1778399488421404,428183500,2800,171.428574,58,-573.522,86.444,255,8
1778399488421722,428193467,2810,172.040817,59,-584.317,81.696,255,8
1778399488422136,428203411,2819,172.591843,60,-594.992,77.362,255,8
1778399488469631,428213379,2828,173.142853,60,-595.708,71.637,255,8
1778399488470179,428223321,2837,173.693878,62,-616.249,68.101,255,8
1778399488470584,428233288,2846,174.244904,73,-726.321,73.202,255,8
1778399488470965,428243227,2856,174.857147,81,-806.739,72.608,255,8
1778399488471312,428253194,2865,175.408173,80,-797.432,64.045,255,8
1778399488486464,428263137,2874,175.959183,77,-768.086,54.260,255,8
1778399488487025,428273109,2883,176.510193,75,-748.609,45.653,255,8
1778399488503413,428283047,2892,177.061218,72,-719.053,36.914,255,8
1778399488553661,428293011,2901,177.612244,65,-649.436,27.080,255,8
1778399488554210,428302953,2910,178.163269,64,-639.671,20.513,255,8
1778399488554781,428312913,2920,178.775513,67,-669.847,14.318,255,8
1778399488555292,428322849,2929,179.326523,78,-779.946,9.168,255,8
1778399488555742,428332819,2938,179.877548,97,-969.998,2.073,255,8
1778399488556218,428342743,2947,180.428574,118,-1179.967,-8.826,255,8
1778399488570026,428352712,2956,180.979584,142,-1419.792,-24.277,255,8
1778399488614167,428362649,2965,181.530624,160,-1599.429,-42.738,255,8
1778399488614666,428372623,2974,182.081635,173,-1728.858,-62.839,255,8
1778399488615059,428382569,2983,182.632660,186,-1858.037,-85.434,255,8
1778399488615436,428392536,2992,183.183670,196,-1956.975,-108.852,255,8
1778399488615762,428402481,3001,183.734680,201,-2005.732,-130.924,255,8
1778399488630320,428412447,3010,184.285721,203,-2024.324,-151.702,255,8
1778399488685787,428422388,3019,184.836731,205,-2042.700,-172.849,255,8
1778399488686148,428432362,3028,185.387756,205,-2040.943,-192.486,255,8
1778399488686464,428442309,3037,185.938782,205,-2038.998,-212.105,255,8
1778399488686769,428452278,3046,186.489792,206,-2046.800,-232.834,255,8
1778399488687059,428462223,3055,187.040817,206,-2044.466,-252.507,255,8
1778399488687361,428472191,3064,187.591827,206,-2041.943,-272.157,255,8
1778399488700118,428482138,3073,188.142868,206,-2039.231,-291.782,255,8
1778399488741945,428492107,3082,188.693878,205,-2026.446,-309.868,255,8
1778399488742381,428502054,3090,189.183670,200,-1974.364,-319.200,255,8
1778399488742718,428512023,3099,189.734695,193,-1902.210,-326.336,255,8
1778399488743031,428521967,3108,190.285721,195,-1918.663,-348.186,255,8
1778399488743657,428531934,3117,190.836731,197,-1934.869,-370.382,255,8
1778399488759354,428541878,3126,191.387756,191,-1872.399,-377.125,255,8
1778399488801433,428551835,3135,191.938766,159,-1555.607,-328.917,255,8
1778399488801844,428561798,3144,192.489807,98,-956.808,-211.941,255,8
1778399488802175,428571768,3152,192.979599,77,-750.327,-172.945,255,8
1778399488802525,428581706,3161,193.530609,75,-729.184,-175.474,255,8
1778399488803036,428591668,3170,194.081635,81,-785.660,-197.076,255,8
1778399488816467,428601591,3179,194.632645,104,-1006.268,-262.726,255,8
1778399488823186,428611560,3188,195.183670,111,-1071.251,-290.725,255,8
1778399488833293,428621502,3196,195.673477,113,-1087.983,-305.275,255,8
1778399488878056,428631471,3205,196.224487,112,-1075.395,-312.930,255,8
1778399488878497,428641412,3214,196.775497,111,-1062.762,-320.371,255,8
1778399488878821,428651376,3223,197.326538,111,-1059.631,-330.577,255,8
1778399488879126,428661313,3232,197.877548,113,-1075.438,-346.892,255,8
1778399488931187,428671281,3240,198.367340,113,-1072.433,-356.072,255,8
1778399488931634,428681215,3249,198.918365,113,-1068.959,-366.369,255,8
1778399488931996,428691176,3258,199.469376,110,-1037.102,-366.633,255,8
1778399488932351,428701114,3267,200.020416,110,-1033.528,-376.590,255,8
1778399488932654,428711077,3276,200.571426,110,-1029.858,-386.512,255,8
1778399488932949,428721017,3285,201.122437,111,-1035.422,-400.002,255,8
1778399488945473,428730984,3294,201.673477,111,-1031.527,-409.941,255,8
1778399488990765,428740932,3303,202.224487,111,-1027.537,-419.842,255,8
1778399488991327,428750900,3312,202.775513,110,-1014.232,-425.834,255,8
1778399488991749,428760847,3321,203.326523,110,-1010.089,-435.568,255,8
1778399488992095,428770820,3330,203.877563,111,-1014.998,-449.310,255,8
1778399488992452,428780765,3339,204.428574,111,-1010.630,-459.050,255,8
1778399489006594,428790732,3348,204.979584,112,-1015.233,-472.971,255,8
1778399489013513,428800674,3356,205.469376,113,-1020.181,-485.932,255,8
1778399489059096,428810643,3366,206.081635,113,-1014.930,-496.806,255,8
1778399489059534,428820586,3375,206.632660,106,-947.533,-475.165,255,8
1778399489059907,428830581,3384,207.183670,90,-800.592,-411.160,255,8
1778399489060241,428840517,3393,207.734680,79,-699.239,-367.649,255,8
1778399489060572,428850483,3402,208.285721,76,-669.253,-360.140,255,8
1778399489112668,428860434,3411,208.836731,75,-656.998,-361.737,255,8
1778399489113105,428870401,3420,209.387756,75,-653.489,-368.038,255,8
1778399489113507,428880347,3430,210.000000,75,-649.519,-375.000,255,8
1778399489113883,428890313,3439,210.551025,75,-645.883,-381.229,255,8
1778399489114250,428900259,3448,211.102036,75,-642.187,-387.423,255,8
1778399489128222,428910225,3458,211.714294,75,-638.010,-394.263,255,8
1778399489129664,428920171,3467,212.265305,75,-634.189,-400.380,255,8
1778399489172517,428930140,3476,212.816330,75,-630.309,-406.461,255,8
1778399489172978,428940080,3486,213.428558,75,-625.930,-413.173,255,8
1778399489173405,428950044,3495,213.979599,75,-621.927,-419.173,255,8
1778399489173789,428959992,3504,214.530609,75,-617.868,-425.135,255,8
1778399489188678,428969956,3513,215.081635,75,-613.750,-431.057,255,8
1778399489189271,428979894,3523,215.693878,75,-609.109,-437.591,255,8
1778399489200976,428989858,3532,216.244904,75,-604.873,-443.428,255,8
1778399489246608,428999803,3541,216.795914,75,-600.581,-449.225,255,8
1778399489247055,429009767,3551,217.408173,76,-603.689,-461.692,255,8
1778399489247463,429019712,3560,217.959183,76,-599.221,-467.476,255,8
1778399489247840,429029678,3569,218.510208,77,-602.523,-479.444,255,8
1778399489248470,429039624,3578,219.061218,77,-597.884,-485.216,255,8
1778399489263274,429049594,3588,219.673477,78,-600.362,-497.961,255,8
1778399489307370,429059536,3597,220.224487,79,-603.181,-510.169,255,8
1778399489307817,429069507,3606,220.775528,80,-605.819,-522.478,255,8
1778399489308282,429079453,3616,221.387756,79,-592.699,-522.310,255,8
1778399489308702,429089426,3625,221.938782,79,-587.649,-527.986,255,8
1778399489309043,429099363,3634,222.489792,80,-589.918,-540.367,255,8
1778399489324141,429109332,3643,223.040802,81,-592.003,-552.840,255,8
1778399489330857,429119276,3653,223.653061,81,-586.062,-559.135,255,8
1778399489342546,429129246,3662,224.204086,81,-580.657,-564.745,255,8
1778399489406595,429139187,3671,224.755096,82,-582.301,-577.344,255,8
1778399489407020,429149149,3680,225.306122,84,-590.788,-597.135,255,8
1778399489407450,429159092,3690,225.918365,84,-584.373,-603.413,255,8
1778399489407830,429169057,3699,226.469376,85,-585.431,-616.255,255,8
1778399489408182,429178991,3708,227.020416,85,-579.477,-621.857,255,8
1778399489408724,429188956,3717,227.571426,86,-580.217,-634.782,255,8
1778399489409270,429198895,3726,228.122452,86,-574.085,-640.333,255,8
1778399489424470,429208850,3736,228.734680,85,-560.615,-638.914,255,8
1778399489429430,429218790,3745,229.285721,81,-528.353,-613.957,255,8
1778399489440517,429228752,3754,229.836731,78,-503.075,-596.084,255,8
1778399489490312,429238682,3763,230.387756,80,-510.071,-616.302,255,8
1778399489490790,429248647,3772,230.938782,87,-548.231,-675.532,255,8
1778399489491248,429258577,3781,231.489792,89,-554.162,-696.423,255,8
1778399489491665,429268548,3790,232.040817,93,-572.043,-733.258,255,8
1778399489492104,429278486,3800,232.653076,95,-576.308,-755.228,255,8
1778399489508829,429288447,3809,233.204086,96,-575.008,-768.743,255,8
1778399489509386,429298384,3818,233.755096,97,-573.501,-782.302,255,8
1778399489531436,429308337,3827,234.306122,93,-542.613,-755.296,255,8
1778399489531908,429318274,3836,234.857147,83,-477.762,-678.707,255,8
1778399489582910,429328237,3845,235.408173,81,-459.858,-666.806,255,8
1778399489583636,429338174,3854,235.959183,89,-498.207,-737.489,255,8
1778399489584039,429348115,3864,236.571442,100,-550.897,-834.573,255,8
1778399489584459,429358049,3873,237.122452,381,-2068.241,-3199.762,255,8
1778399489584868,429368008,3882,237.673462,900,-4812.694,-7605.128,255,8
1778399489585229,429377946,3891,238.224487,146,-768.825,-1241.172,255,8
1778399489601306,429387908,3900,238.775497,106,-549.496,-906.451,255,8
1778399489678944,429397846,3909,239.326538,105,-535.652,-903.093,255,8
1778399489679380,429407809,3918,239.877548,105,-526.942,-908.203,255,8
1778399489679842,429417743,3927,240.428589,106,-523.118,-921.926,255,8
1778399489680259,429427710,3936,240.979599,107,-519.079,-935.658,255,8
1778399489680633,429437654,3945,241.530609,107,-510.057,-940.607,255,8
1778399489680957,429447628,3954,242.081635,110,-515.034,-971.977,255,8
1778399489681404,429457570,3963,242.632645,136,-625.184,-1207.785,255,8
1778399489681718,429467532,3972,243.183685,190,-857.150,-1695.669,255,8
1778399489736775,429477480,3981,243.734695,225,-995.689,-2017.698,255,8
1778399489737244,429487440,3990,244.285706,245,-1063.015,-2207.374,255,8
1778399489737596,429497389,3999,244.836731,257,-1092.762,-2326.107,255,8
1778399489737999,429507350,4008,245.387756,264,-1099.494,-2400.148,255,8
1778399489738434,429517302,4017,245.938782,271,-1104.901,-2474.529,255,8
1778399489738740,429527260,4026,246.489792,275,-1097.009,-2521.720,255,8
1778399489752491,429537202,4035,247.040802,274,-1068.807,-2522.945,255,8
1778399489753249,429547156,4044,247.591843,272,-1036.869,-2514.618,255,8
1778399489769337,429557100,4053,248.142853,271,-1008.916,-2515.192,255,8
1778399489816175,429567057,4062,248.693878,269,-977.414,-2506.145,255,8
1778399489816610,429577003,4070,249.183670,270,-959.508,-2523.756,255,8
1778399489816945,429586960,4080,249.795929,268,-925.578,-2515.096,255,8
1778399489817339,429596904,4088,250.285721,269,-907.417,-2532.330,255,8
1778399489817723,429606862,4097,250.836731,266,-873.175,-2512.601,255,8
1778399489830548,429616801,4106,251.387772,263,-839.395,-2492.452,255,8
1778399489879849,429626756,4115,251.938782,262,-812.286,-2490.902,255,8
1778399489880263,429636702,4124,252.489792,258,-776.259,-2460.451,255,8
1778399489880621,429646659,4133,253.040817,254,-740.894,-2429.543,255,8
1778399489880934,429656598,4142,253.591827,251,-709.021,-2407.777,255,8
1778399489881269,429666554,4150,254.081619,247,-677.441,-2375.284,255,8
1778399489881931,429676495,4159,254.632660,244,-646.616,-2352.762,255,8
1778399489895230,429686458,4168,255.183670,240,-613.731,-2320.201,255,8
1778399489901689,429696397,4177,255.734711,239,-588.924,-2316.305,255,8
1778399489911968,429706365,4186,256.285706,237,-561.881,-2302.431,255,8
1778399489963729,429716306,4195,256.836731,230,-523.771,-2239.568,255,8
1778399489964289,429726269,4204,257.387756,197,-430.153,-1922.464,255,8
1778399489964795,429736209,4212,257.877563,185,-388.503,-1808.747,255,8
1778399489965147,429746175,4221,258.428558,183,-367.079,-1792.806,255,8
1778399489965508,429756116,4230,258.979584,185,-353.644,-1815.884,255,8
1778399489978636,429766083,4239,259.530609,169,-307.090,-1661.865,255,8
1778399490022247,429776012,4248,260.081635,143,-246.310,-1408.627,255,8
1778399490022674,429785982,4256,260.571442,131,-214.601,-1292.303,255,8
1778399490023023,429795905,4265,261.122437,126,-194.448,-1244.906,255,8
1778399490023359,429805871,4274,261.673492,118,-170.881,-1167.561,255,8
1778399490023661,429815804,4283,262.224487,102,-137.998,-1010.622,255,8
1778399490035598,429825792,4292,262.775513,86,-108.151,-853.172,255,8
1778399490041409,429835730,4300,263.265320,80,-93.817,-794.480,255,8
1778399490051411,429845691,4309,263.816315,76,-81.864,-755.578,255,8
1778399490103952,429855626,4318,264.367340,74,-72.631,-736.427,255,8
1778399490104428,429865588,4327,264.918365,72,-63.774,-717.170,255,8
1778399490104824,429875522,4336,265.469391,77,-60.824,-767.594,255,8
1778399490105268,429885473,4345,266.020416,107,-74.259,-1067.420,255,8
1778399490105718,429895402,4354,266.571442,121,-72.363,-1207.834,255,8
1778399490118250,429905374,4363,267.122437,122,-61.246,-1218.462,255,8
1778399490119425,429915301,4372,267.673462,122,-49.525,-1218.994,255,8
1778399490162701,429925273,4380,268.163269,122,-39.103,-1219.373,255,8
1778399490163077,429935203,4389,268.714264,121,-27.151,-1209.695,255,8
1778399490163453,429945172,4398,269.265320,121,-15.515,-1209.901,255,8
1778399490163790,429955099,4406,269.755096,122,-5.215,-1219.989,255,8
1778399490177174,429965068,4415,270.306122,122,6.518,-1219.983,255,8
1778399490178833,429974990,4424,270.857147,121,18.101,-1209.865,255,8
1778399490195659,429984961,4433,271.408173,115,28.261,-1149.653,255,8
1778399490201494,429994896,4442,271.959198,101,34.530,-1009.410,255,8
1778399490248876,430004879,4450,272.448975,89,38.029,-889.187,255,8
1778399490249578,430014818,4459,273.000000,86,45.009,-858.821,255,8
1778399490250043,430024775,4468,273.551025,86,53.266,-858.349,255,8
1778399490250424,430034715,4477,274.102051,86,61.519,-857.797,255,8
1778399490250873,430044688,4486,274.653046,88,71.387,-877.100,255,8
1778399490306533,430054625,4495,275.204102,96,87.076,-956.043,255,8
1778399490307093,430064571,4504,275.755096,99,99.274,-985.010,255,8
1778399490307429,430074511,4512,276.244904,100,108.778,-994.066,255,8
1778399490307732,430084479,4521,276.795929,100,118.333,-992.974,255,8
1778399490308040,430094417,4530,277.346924,100,127.877,-991.790,255,8
1778399490308372,430104404,4539,277.897980,98,134.661,-970.704,255,8
1778399490321263,430114344,4548,278.448975,91,133.705,-900.124,255,8
1778399490332711,430124307,4557,279.000000,77,120.455,-760.520,255,8
1778399490381965,430138221,4569,279.734711,63,106.524,-620.929,255,8
1778399490382389,430148179,4578,280.285706,50,89.278,-491.965,255,8
1778399490382729,430158117,4587,280.836731,47,88.365,-461.618,255,8
1778399490383069,430168079,4596,281.387756,47,92.800,-460.747,255,8
1778399490383381,430178015,4605,281.938782,46,95.159,-450.050,255,8
1778399490396245,430187981,4614,282.489807,49,105.970,-478.404,255,8
1778399490442126,430197917,4623,283.040802,52,117.335,-506.589,255,8
1778399490442530,430207885,4632,283.591858,57,133.952,-554.037,255,8
1778399490442953,430217825,4641,284.142853,60,146.604,-581.814,255,8
1778399490443515,430227791,4650,284.693878,60,152.193,-580.377,255,8
1778399490443945,430237728,4658,285.183655,60,157.148,-579.055,255,8
1778399490458070,430247687,4667,285.734711,61,165.422,-587.142,255,8
1778399490470667,430257627,4676,286.285706,72,201.908,-691.110,255,8
1778399490471069,430267592,4685,286.836731,85,246.199,-813.564,255,8
1778399490483308,430277531,4694,287.387756,86,257.000,-820.702,255,8
1778399490519967,430287502,4703,287.938782,84,258.721,-799.164,255,8
1778399490520418,430297443,4712,288.489807,82,260.051,-777.672,255,8
1778399490520815,430307401,4721,289.040802,80,260.993,-756.229,255,8
1778399490521261,430317345,4730,289.591827,80,268.254,-753.684,255,8
1778399490570121,430327309,4739,290.142853,79,272.046,-741.681,255,8
1778399490570539,430337246,4748,290.693878,80,282.700,-748.385,255,8
1778399490570874,430347211,4757,291.244904,80,289.884,-745.632,255,8
1778399490571165,430357146,4766,291.795898,80,297.041,-742.810,255,8
1778399490571454,430367108,4774,292.285736,80,303.381,-740.243,255,8
1778399490584961,430377051,4784,292.897949,80,311.273,-736.959,255,8
1778399490621495,430387020,4792,293.387756,82,325.500,-752.628,255,8
1778399490621887,430396957,4801,293.938782,84,340.839,-767.743,255,8
1778399490622230,430406923,4810,294.489777,84,348.206,-764.430,255,8
1778399490622549,430416861,4819,295.040833,84,355.542,-761.045,255,8
1778399490635475,430426828,4828,295.591827,84,362.844,-757.591,255,8
1778399490672405,430436766,4837,296.142853,82,361.301,-736.113,255,8
1778399490672819,430446726,4846,296.693878,74,332.425,-661.130,255,8
1778399490673271,430456667,4855,297.244904,68,311.300,-604.559,255,8
1778399490673570,430466633,4864,297.795929,72,335.753,-636.922,255,8
1778399490686100,430476568,4873,298.346924,81,384.595,-712.872,255,8
1778399490687566,430486529,4882,298.897980,85,410.764,-744.159,255,8
1778399490726489,430496456,4890,299.387756,86,422.017,-749.334,255,8
1778399490726883,430506423,4899,299.938782,87,434.195,-753.906,255,8
1778399490727259,430516355,4908,300.489777,87,441.425,-749.696,255,8
1778399490727645,430526324,4917,301.040833,89,458.927,-762.552,255,8
1778399490740679,430536264,4926,301.591827,89,466.239,-758.103,255,8
1778399490755143,430546230,4935,302.142853,89,473.508,-753.585,255,8
1778399490756912,430556171,4944,302.693878,89,480.734,-748.996,255,8
1778399490809790,430566137,4953,303.244904,88,482.433,-735.975,255,8
1778399490810328,430576079,4962,303.795929,87,483.926,-722.991,255,8
1778399490810731,430586041,4971,304.346924,86,485.214,-710.047,255,8
1778399490811115,430595978,4980,304.897949,86,492.020,-705.348,255,8
1778399490811542,430605938,4989,305.448975,87,504.581,-708.730,255,8
1778399490826380,430615882,4998,306.000000,87,511.373,-703.845,255,8
1778399490826812,430625840,5006,306.489807,87,517.371,-699.448,255,8
1778399490846003,430635777,5016,307.102020,87,524.815,-693.880,255,8
1778399490846352,430645742,5024,307.591858,87,530.728,-689.367,255,8
1778399490903401,430655677,5033,308.142853,86,531.157,-676.367,255,8
1778399490903876,430665638,5042,308.693878,86,537.637,-671.228,255,8
1778399490904385,430675572,5051,309.244904,84,531.415,-650.537,255,8
1778399490904977,430685536,5060,309.795898,84,537.646,-645.397,255,8
1778399490905459,430695478,5069,310.346954,82,530.880,-624.953,255,8
1778399490906041,430705440,5078,310.897949,81,530.318,-612.260,255,8
1778399490921698,430715374,5087,311.448975,80,529.562,-599.636,255,8
1778399490936703,430725340,5096,312.000000,79,528.613,-587.084,255,8
1778399490937267,430735279,5105,312.551025,78,527.472,-574.607,255,8
1778399490947194,430745238,5114,313.102051,78,532.974,-569.507,255,8
1778399490996697,430755182,5123,313.653046,75,517.717,-542.650,255,8
1778399490997262,430765146,5132,314.204102,69,481.079,-494.634,255,8
1778399490997760,430775089,5141,314.755096,68,478.773,-482.883,255,8
1778399490998125,430785050,5150,315.306122,72,511.830,-506.390,255,8
1778399490998500,430794990,5159,315.857147,73,523.852,-508.408,255,8
1778399491013718,430804948,5168,316.408173,73,528.717,-503.347,255,8
1778399491014242,430814895,5177,316.959198,72,526.225,-491.414,255,8
1778399491061476,430824859,5186,317.510193,71,523.552,-479.576,255,8
1778399491061938,430834798,5195,318.061218,71,528.140,-474.519,255,8
1778399491062361,430844767,5204,318.612244,70,525.177,-462.806,255,8
1778399491062765,430854700,5213,319.163269,70,529.603,-457.734,255,8
1778399491063770,430864664,5222,319.714294,69,526.352,-446.154,255,8
1778399491078125,430874603,5231,320.265320,69,530.619,-441.071,255,8
1778399491090781,430884565,5240,320.816315,68,527.085,-429.630,255,8
1778399491134955,430894505,5249,321.367340,67,523.380,-418.298,255,8
1778399491135473,430904470,5258,321.918365,63,495.894,-388.574,255,8
1778399491135939,430914408,5267,322.469391,54,428.235,-328.960,255,8
1778399491136387,430924374,5276,323.020416,51,407.413,-306.781,255,8
1778399491136765,430934318,5285,323.571442,50,402.299,-296.910,255,8
1778399491152402,430944279,5294,324.122437,50,405.136,-293.028,255,8
1778399491152887,430954221,5303,324.673462,50,407.935,-289.118,255,8
1778399491199403,430964188,5312,325.224487,50,410.697,-285.181,255,8
1778399491199854,430974124,5321,325.775513,50,413.420,-281.218,255,8
1778399491200234,430984091,5330,326.326538,50,416.106,-277.230,255,8
1778399491200589,430994033,5339,326.877563,50,418.752,-273.215,255,8
1778399491202311,431003993,5348,327.428558,50,421.360,-269.175,255,8
1778399491216440,431013936,5357,327.979584,50,423.930,-265.111,255,8
1778399491223488,431023900,5366,328.530609,51,434.989,-266.242,255,8
1778399491233444,431033841,5375,329.081635,55,471.845,-282.599,255,8
1778399491275155,431043807,5384,329.632660,59,509.053,-298.270,255,8
1778399491275655,431053745,5393,330.183655,61,529.250,-303.305,255,8
1778399491276091,431063718,5402,330.734711,61,532.143,-298.201,255,8
1778399491276470,431073661,5411,331.285706,60,526.216,-288.265,255,8
1778399491298352,431083625,5420,331.836731,60,528.964,-283.191,255,8
1778399491298883,431093570,5429,332.387756,60,531.663,-278.091,255,8
1778399491351867,431103536,5438,332.938782,60,534.313,-272.965,255,8
1778399491352402,431113477,5446,333.428589,60,536.627,-268.388,255,8
1778399491352853,431123447,5456,334.040802,59,530.473,-258.261,255,8
1778399491353279,431133386,5464,334.530609,59,532.661,-253.717,255,8
1778399491353701,431143349,5473,335.081635,59,535.076,-248.583,255,8
1778399491354095,431153291,5482,335.632660,58,528.333,-239.299,255,8
1778399491369756,431163254,5491,336.183685,58,530.610,-234.207,255,8
1778399491370596,431173191,5500,336.734680,58,532.838,-229.094,255,8
1778399491430322,431183155,5509,337.285736,58,535.016,-223.959,255,8
1778399491430844,431193100,5518,337.836731,58,537.145,-218.803,255,8
1778399491431277,431203069,5527,338.387756,57,529.928,-209.944,255,8
1778399491431903,431213007,5536,338.938782,57,531.922,-204.838,255,8
1778399491432441,431222970,5545,339.489777,57,533.868,-199.713,255,8
1778399491432951,431232908,5553,339.979584,57,535.555,-195.142,255,8
1778399491447412,431242865,5562,340.530609,57,537.407,-189.983,255,8
1778399491460021,431252810,5571,341.081635,56,529.750,-181.564,255,8
1778399491460426,431262772,5580,341.632660,56,531.471,-176.461,255,8
1778399491510042,431272711,5589,342.183685,56,533.144,-171.341,255,8
1778399491510471,431282675,5598,342.734680,56,534.767,-166.206,255,8
1778399491510964,431292604,5607,343.285706,56,536.340,-161.056,255,8
1778399491511361,431302567,5616,343.836731,56,537.865,-155.890,255,8
1778399491511683,431312510,5625,344.387756,56,539.339,-150.710,255,8
1778399491571509,431322475,5634,344.938782,55,531.107,-142.918,255,8
1778399491571930,431332419,5643,345.489777,55,532.457,-137.804,255,8
1778399491572389,431342382,5652,346.040833,55,533.757,-132.677,255,8
1778399491572751,431352323,5660,346.530609,55,534.872,-128.109,255,8
1778399491573139,431362287,5669,347.081635,55,536.079,-122.959,255,8
1778399491573453,431372231,5678,347.632660,55,537.237,-117.798,255,8
1778399491587774,431382192,5687,348.183655,55,538.345,-112.626,255,8
1778399491588303,431392143,5696,348.734711,54,529.596,-105.490,255,8
1778399491598266,431402113,5705,349.285706,54,530.586,-100.392,255,8
1778399491609998,431412055,5714,349.836731,54,531.527,-95.285,255,8
1778399491649497,431422021,5723,350.387756,54,532.419,-90.169,255,8
1778399491649949,431431964,5732,350.938782,54,533.261,-85.044,255,8
1778399491650261,431441933,5740,351.428558,54,533.969,-80.483,255,8
1778399491650621,431451878,5749,351.979584,54,534.718,-75.344,255,8
1778399491699184,431461847,5758,352.530609,54,535.418,-70.198,255,8
1778399491699649,431471790,5767,353.081635,54,536.068,-65.046,255,8
1778399491699979,431481755,5776,353.632660,54,536.669,-59.887,255,8
1778399491700405,431491687,5785,354.183685,54,537.220,-54.723,255,8
1778399491700722,431501666,5794,354.734680,53,527.764,-48.637,255,8
1778399491715868,431511603,5802,355.224487,53,528.160,-44.124,255,8
1778399491717010,431521568,5811,355.775513,53,528.560,-39.042,255,8
1778399491755891,431531511,5820,356.326538,53,528.911,-33.957,255,8
1778399491756274,431541482,5829,356.877533,53,529.213,-28.869,255,8
1778399491756727,431551424,5838,357.428589,53,529.466,-23.778,255,8
1778399491757156,431561392,5847,357.979584,53,529.671,-18.685,255,8
1778399491771642,431571337,5856,358.530609,53,529.826,-13.591,255,8
1778399491821150,431581305,5865,359.081635,53,529.932,-8.495,255,8
1778399491821695,431591249,5874,359.632629,53,529.989,-3.398,255,8
1778399491822149,431601218,2,0.122449,53,529.999,1.133,255,8
1778399491822531,431611157,11,0.673469,53,529.963,6.230,255,8
1778399491822906,431621120,20,1.224490,53,529.879,11.326,255,8
1778399491837163,431631064,29,1.775510,53,529.746,16.421,255,8
1778399491837563,431641026,38,2.326531,53,529.563,21.515,255,8
1778399491888282,431650967,47,2.877551,53,529.332,26.607,255,8
1778399491888652,431660930,56,3.428571,53,529.051,31.696,255,8
1778399491889031,431670869,64,3.918367,53,528.761,36.218,255,8
1778399491889437,431680838,73,4.469388,53,528.388,41.301,255,8
1778399491889768,431690781,82,5.020408,53,527.967,46.381,255,8
1778399491954242,431700744,91,5.571429,53,527.496,51.456,255,8
1778399491954639,431710684,100,6.122449,53,526.977,56.526,255,8
1778399491955033,431720645,108,6.612245,52,516.541,59.878,255,8
1778399491955386,431730583,117,7.163265,52,515.941,64.842,255,8
1778399491955689,431740547,126,7.714286,52,515.294,69.801,255,8
1778399491955972,431750489,135,8.265306,52,514.599,74.754,255,8
1778399491956243,431760457,144,8.816326,52,513.856,79.699,255,8
1778399491970357,431770397,152,9.306123,52,513.156,84.089,255,8
1778399491985195,431780372,161,9.857143,53,522.176,90.732,255,8
1778399491985654,431790313,170,10.408163,53,521.279,95.749,255,8
1778399492031998,431800274,179,10.959184,53,520.334,100.758,255,8
1778399492032404,431810216,187,11.448979,53,519.454,105.202,255,8
1778399492032736,431820183,196,12.000001,53,518.418,110.193,255,8
1778399492033080,431830129,205,12.551021,53,517.335,115.174,255,8
1778399492033753,431840100,214,13.102041,53,516.203,120.144,255,8
1778399492047553,431850046,222,13.591837,53,515.157,124.552,255,8
1778399492090773,431860014,231,14.142858,53,513.935,129.500,255,8
1778399492091220,431869958,240,14.693877,53,512.666,134.437,255,8
1778399492091588,431879923,248,15.183674,53,511.498,138.815,255,8
1778399492091907,431889868,257,15.734694,53,510.140,143.727,255,8
1778399492093162,431899834,265,16.224489,53,508.892,148.083,255,8
1778399492106487,431909768,274,16.775511,53,507.445,152.970,255,8
1778399492112967,431919726,283,17.326530,53,505.950,157.843,255,8
1778399492123956,431929664,291,17.816326,53,504.582,162.162,255,8
1778399492165694,431939629,300,18.367348,53,503.000,167.007,255,8
1778399492166251,431949566,308,18.857143,53,501.554,171.301,255,8
1778399492166786,431959527,317,19.408163,53,499.883,176.117,255,8
1778399492167310,431969462,326,19.959183,53,498.166,180.916,255,8
1778399492181088,431979423,334,20.448978,53,496.601,185.168,255,8
1778399492182240,431989366,343,21.000000,53,494.798,189.935,255,8
1778399492226621,431999325,351,21.489796,53,493.156,194.158,255,8
1778399492227076,432009260,360,22.040817,53,491.266,198.892,255,8
1778399492227519,432019212,368,22.530613,54,498.784,206.916,255,8
1778399492227878,432029147,377,23.081631,54,496.772,211.703,255,8
1778399492241819,432039117,385,23.571430,54,494.944,215.942,255,8
1778399492242256,432049055,394,24.122450,54,492.844,220.692,255,8
1778399492284627,432059021,402,24.612246,54,490.939,224.897,255,8
1778399492285081,432068956,411,25.163265,54,488.754,229.608,255,8
1778399492285459,432078924,420,25.714287,54,486.523,234.297,255,8
1778399492285822,432088860,428,26.204082,54,484.503,238.448,255,8
1778399492300848,432098832,437,26.755102,54,482.187,243.096,255,8
1778399492301240,432108776,445,27.244898,54,480.091,247.209,255,8
1778399492312671,432118742,454,27.795918,54,477.692,251.815,255,8
1778399492354474,432128683,462,28.285715,54,475.522,255.889,255,8
1778399492354973,432138649,471,28.836735,54,473.039,260.450,255,8
1778399492355452,432148583,479,29.326530,55,479.513,269.382,255,8
1778399492355885,432158549,488,29.877550,55,476.901,273.981,255,8
1778399492369879,432168489,496,30.367348,55,474.541,278.048,255,8
1778399492370302,432178452,505,30.918367,55,471.845,282.599,255,8
1778399492413533,432188385,513,31.408163,55,469.412,286.622,255,8
1778399492414046,432198353,522,31.959183,55,466.634,291.123,255,8
1778399492414530,432208292,530,32.448978,56,472.567,300.467,255,8
1778399492414953,432218252,538,32.938778,56,469.981,304.496,255,8
1778399492427970,432228197,547,33.489796,56,467.031,309.002,255,8
1778399492467263,432238165,555,33.979591,56,464.373,312.983,255,8
1778399492467749,432248100,564,34.530613,56,461.341,317.434,255,8
1778399492468165,432258068,572,35.020409,56,458.611,321.366,255,8
1778399492468532,432268007,580,35.510204,56,455.847,325.275,255,8
1778399492469313,432277969,589,36.061226,56,452.698,329.644,255,8
1778399492482549,432287910,597,36.551022,57,457.896,339.457,255,8
1778399492489168,432297875,606,37.102039,57,454.611,343.845,255,8
1778399492500642,432307813,614,37.591839,57,451.655,347.718,255,8
1778399492545586,432317775,622,38.081635,57,448.666,351.567,255,8
1778399492546054,432327710,631,38.632652,57,445.264,355.865,255,8
1778399492546517,432337672,639,39.122448,58,449.964,365.968,255,8
1778399492546839,432347607,647,39.612244,58,446.819,369.801,255,8
1778399492548477,432357568,655,40.102039,58,443.641,373.607,255,8
1778399492562224,432367505,664,40.653061,58,440.028,377.857,255,8
1778399492603359,432377466,672,41.142857,58,436.781,381.604,255,8
1778399492603894,432387403,680,41.632652,58,433.503,385.324,255,8
1778399492604327,432397363,688,42.122448,58,430.194,389.016,255,8
1778399492604615,432407305,696,42.612244,56,412.133,379.139,255,8
1778399492618260,432417269,700,42.857143,55,403.179,374.095,255,8
1778399492618665,432427212,702,42.979591,55,402.378,374.956,255,8
1778399492630156,432437174,702,42.979591,54,395.062,368.138,255,8
1778399492644724,432447109,702,42.979591,54,395.062,368.138,255,8
1778399492685619,432457060,702,42.979591,55,402.378,374.956,255,8
1778399492686081,432467005,702,42.979591,55,402.378,374.956,255,8
1778399492686468,432476967,702,42.979591,55,402.378,374.956,255,8
1778399492686821,432486900,702,42.979591,54,395.062,368.138,255,8
1778399492687172,432496860,702,42.979591,55,402.378,374.956,255,8
1778399492699975,432506795,701,42.918365,55,402.779,374.526,255,8
1778399492746569,432516758,700,42.857143,55,403.179,374.095,255,8
1778399492746977,432526696,698,42.734695,55,403.977,373.233,255,8
1778399492747366,432536653,697,42.673470,55,404.376,372.801,255,8
1778399492747726,432546584,695,42.551022,56,412.538,378.698,255,8
1778399492748122,432556543,692,42.367348,56,413.750,377.374,255,8
1778399492761538,432566493,689,42.183674,56,414.958,376.045,255,8
1778399492772955,432576446,686,42.000000,56,416.161,374.713,255,8
1778399492784646,432586386,682,41.755100,56,417.759,372.931,255,8
1778399492785995,432596346,678,41.510204,56,419.349,371.142,255,8
1778399492830921,432606285,675,41.326530,57,428.046,376.399,255,8
1778399492831355,432616249,671,41.081635,57,429.651,374.566,255,8
1778399492831787,432626185,667,40.836735,57,431.248,372.726,255,8
1778399492832114,432636145,663,40.591839,57,432.837,370.880,255,8
1778399492846012,432646076,659,40.346939,58,442.040,375.500,255,8
1778399492846441,432656035,654,40.040817,58,444.040,373.133,255,8
1778399492894812,432665967,650,39.795918,58,445.631,371.232,255,8
1778399492895262,432675932,646,39.551022,58,447.214,369.324,255,8
1778399492895649,432685871,641,39.244896,57,441.436,360.603,255,8
1778399492896015,432695828,636,38.938778,57,443.356,358.239,255,8
1778399492896533,432705768,632,38.693878,57,444.883,356.341,255,8
1778399492909667,432715730,627,38.387753,57,446.781,353.959,255,8
1778399492920914,432725667,622,38.081635,57,448.666,351.567,255,8
1778399492961249,432735632,618,37.836735,57,450.164,349.646,255,8
1778399492961676,432745569,613,37.530613,57,452.026,347.236,255,8
1778399492962022,432754538,608,37.224491,57,453.875,344.816,255,8
1778399492962348,432765480,603,36.918369,57,455.711,342.386,255,8
1778399492975830,432775449,598,36.612244,56,449.506,333.982,255,8
1778399492976255,432785393,593,36.306122,56,451.284,331.576,255,8
1778399493019923,432795364,588,36.000000,56,453.050,329.160,255,8
1778399493020512,432805311,583,35.693878,56,454.802,326.734,255,8
1778399493020988,432815286,578,35.387753,56,456.541,324.300,255,8
1778399493021459,432825227,572,35.020409,56,458.611,321.366,255,8
1778399493065228,432835197,567,34.714287,56,460.321,318.911,255,8
1778399493065792,432845133,562,34.408165,56,462.018,316.447,255,8
1778399493066137,432855101,556,34.040817,56,464.038,313.479,255,8
1778399493066595,432865040,551,33.734692,56,465.706,310.995,255,8
1778399493067072,432875005,546,33.428574,56,467.361,308.502,255,8
1778399493080166,432884959,540,33.061226,55,460.948,300.044,255,8
1778399493119152,432894918,535,32.755100,55,462.545,297.577,255,8
1778399493119580,432904862,529,32.387753,55,464.443,294.605,255,8
1778399493119929,432914825,523,32.020409,55,466.323,291.622,255,8
1778399493120257,432924760,517,31.653063,55,468.183,288.626,255,8
1778399493134327,432934720,512,31.346939,55,469.718,286.120,255,8
1778399493134739,432944659,506,30.979591,55,471.543,283.103,255,8
1778399493145827,432954617,500,30.612244,55,473.348,280.074,255,8
1778399493152322,432964556,494,30.244898,55,475.134,277.033,255,8
1778399493203640,432974515,488,29.877550,55,476.901,273.981,255,8
1778399493204326,432984449,482,29.510206,54,469.945,265.992,255,8
1778399493204983,432994414,476,29.142859,54,471.640,262.974,255,8
1778399493205433,433004347,470,28.775511,54,473.317,259.945,255,8
1778399493205816,433014313,464,28.408163,54,474.974,256.905,255,8
1778399493218883,433024249,457,27.979591,54,476.882,253.345,255,8
1778399493257931,433034210,451,27.612246,54,478.496,250.282,255,8
1778399493258295,433044144,445,27.244898,54,480.091,247.209,255,8
1778399493258614,433054108,438,26.816326,54,481.927,243.611,255,8
1778399493258905,433064049,432,26.448978,54,483.479,240.516,255,8
1778399493313060,433074014,426,26.081631,54,485.011,237.412,255,8
1778399493313621,433083955,419,25.653061,54,486.773,233.777,255,8
1778399493314038,433093913,412,25.224489,54,488.508,230.130,255,8
1778399493314366,433103852,406,24.857143,54,489.974,226.993,255,8
1778399493314685,433113818,399,24.428574,53,482.553,219.186,255,8
1778399493315160,433123755,393,24.061226,53,483.948,216.088,255,8
1778399493328550,433133718,386,23.632654,53,485.551,212.462,255,8
1778399493343641,433143661,379,23.204082,53,487.127,208.824,255,8
1778399493344072,433153624,372,22.775511,53,488.675,205.174,255,8
1778399493387440,433163558,365,22.346939,53,490.196,201.513,255,8
1778399493387996,433173519,358,21.918367,53,491.690,197.841,255,8
1778399493388411,433183452,352,21.551022,53,492.948,194.685,255,8
1778399493388681,433193406,344,21.061224,53,494.594,190.464,255,8
1778399493389788,433203339,337,20.632652,53,496.005,186.759,255,8
1778399493404161,433213296,330,20.204081,53,497.388,183.043,255,8
1778399493453909,433223231,323,19.775511,53,498.743,179.318,255,8
1778399493454578,433233188,316,19.346939,53,500.071,175.582,255,8
1778399493455079,433243121,308,18.857143,53,501.554,171.301,255,8
1778399493455467,433253083,301,18.428572,53,502.821,167.545,255,8
1778399493455790,433263021,294,18.000000,53,504.060,163.779,255,8
1778399493468874,433272983,286,17.510204,53,505.442,159.464,255,8
1778399493469289,433282919,279,17.081633,53,506.620,155.679,255,8
1778399493482760,433292882,271,16.591837,52,498.349,148.487,255,8
1778399493527631,433302816,264,16.163265,52,499.446,144.755,255,8
1778399493528236,433312784,256,15.673470,52,500.665,140.480,255,8
1778399493528713,433322720,248,15.183674,52,501.847,136.195,255,8
1778399493529077,433332685,240,14.693877,52,502.993,131.900,255,8
1778399493529430,433342631,233,14.265306,52,503.966,128.134,255,8
1778399493543785,433352595,225,13.775511,52,505.043,123.822,255,8
1778399493591318,433362536,217,13.285715,52,506.083,119.500,255,8
1778399493591907,433372495,209,12.795918,52,507.086,115.169,255,8
1778399493592632,433382436,201,12.306123,52,508.052,110.830,255,8
1778399493593220,433392401,193,11.816327,52,508.981,106.483,255,8
1778399493593587,433402338,185,11.326530,52,509.872,102.128,255,8
1778399493609062,433412298,177,10.836735,52,510.727,97.766,255,8
1778399493609462,433422231,169,10.346938,52,511.544,93.396,255,8
1778399493621750,433432193,160,9.795918,52,512.418,88.472,255,8
1778399493678370,433442132,152,9.306123,52,513.156,84.089,255,8
1778399493678767,433452093,144,8.816326,52,513.856,79.699,255,8
1778399493679113,433462033,135,8.265306,52,514.599,74.754,255,8
1778399493679448,433471997,127,7.775510,52,515.219,70.352,255,8
1778399493679779,433481929,118,7.224490,52,515.872,65.394,255,8
1778399493680190,433491892,110,6.734694,52,516.412,60.981,255,8
1778399493732996,433501830,101,6.183673,52,516.974,56.012,255,8
1778399493733444,433511788,93,5.693878,52,517.434,51.591,255,8
1778399493733916,433521729,84,5.142857,52,517.907,46.612,255,8
1778399493734350,433531692,75,4.591837,52,518.331,41.630,255,8
1778399493734738,433541630,66,4.040816,52,518.707,36.643,255,8
1778399493736227,433551595,58,3.551020,52,519.002,32.207,255,8
1778399493751024,433561533,49,3.000000,52,519.287,27.215,255,8
1778399493762364,433571502,40,2.448980,52,519.525,22.219,255,8
1778399493811509,433581442,31,1.897959,52,519.715,17.222,255,8
1778399493811983,433591406,22,1.346939,52,519.856,12.223,255,8
1778399493812544,433601345,13,0.795918,52,519.950,7.223,255,8
1778399493813037,433611308,4,0.244898,52,519.995,2.223,255,8
1778399493813520,433621247,5875,359.693878,52,519.993,-2.778,255,8
1778399493815456,433631213,5866,359.142853,52,519.942,-7.779,255,8
1778399493830497,433641155,5856,358.530609,52,519.829,-13.334,255,8
1778399493877330,433651123,5847,357.979584,52,519.677,-18.333,255,8
1778399493877904,433661067,5838,357.428589,53,529.466,-23.778,255,8
1778399493878347,433671030,5828,356.816315,53,529.182,-29.435,255,8
1778399493878693,433680968,5819,356.265320,53,528.874,-34.522,255,8
1778399493879001,433690937,5809,355.653076,53,528.475,-40.172,255,8
1778399493892128,433700880,5800,355.102051,53,528.065,-45.252,255,8
1778399493898948,433710846,5790,354.489807,53,527.551,-50.892,255,8
1778399493945758,433720783,5781,353.938751,53,527.037,-55.964,255,8
1778399493946274,433730754,5771,353.326538,53,526.409,-61.592,255,8
1778399493946724,433740695,5761,352.714294,53,525.721,-67.213,255,8
1778399493947186,433750661,5751,352.102020,53,524.973,-72.827,255,8
1778399493947573,433760600,5742,351.551025,53,524.248,-77.872,255,8
1778399493962285,433770560,5732,350.938782,53,523.386,-83.470,255,8
1778399493963935,433780495,5722,350.326538,53,522.464,-89.057,255,8
1778399494010011,433790460,5712,349.714294,54,531.322,-96.421,255,8
1778399494010454,433800395,5702,349.102020,54,530.261,-102.093,255,8
1778399494010899,433810353,5692,348.489807,54,529.140,-107.753,255,8
1778399494011296,433820291,5683,347.938782,54,528.079,-112.837,255,8
1778399494013418,433830256,5673,347.326538,54,526.844,-118.473,255,8
1778399494028098,433840193,5663,346.714294,54,525.548,-124.096,255,8
1778399494040088,433850151,5653,346.102051,54,524.192,-129.704,255,8
1778399494086601,433860089,5643,345.489777,54,522.776,-135.298,255,8
1778399494086998,433870044,5634,344.938782,55,531.107,-142.918,255,8
1778399494087394,433879984,5624,344.326508,55,529.549,-148.585,255,8
1778399494087796,433889956,5614,343.714294,55,527.931,-154.235,255,8
1778399494088129,433899890,5604,343.102051,55,526.253,-159.867,255,8
1778399494101244,433909849,5594,342.489777,55,524.515,-165.482,255,8
1778399494102487,433919788,5585,341.938782,55,522.899,-170.518,255,8
1778399494150281,433929745,5575,341.326538,55,521.047,-176.096,255,8
1778399494150773,433939679,5565,340.714294,56,528.575,-184.956,255,8
1778399494151272,433949638,5555,340.102051,56,526.568,-190.594,255,8
1778399494151735,433959567,5546,339.551025,56,524.711,-195.649,255,8
1778399494152134,433969532,5536,338.938782,56,522.590,-201.245,255,8
1778399494168907,433979471,5526,338.326538,56,520.410,-206.817,255,8
1778399494183051,433989440,5516,337.714264,57,527.423,-216.159,255,8
1778399494183530,433999388,5506,337.102051,57,525.084,-221.782,255,8
1778399494230434,434009354,5496,336.489807,57,522.684,-227.380,255,8
1778399494230954,434019296,5487,335.938782,57,520.473,-232.396,255,8
1778399494231378,434029264,5477,335.326538,57,517.960,-237.944,255,8
1778399494231782,434039205,5467,334.714294,58,524.430,-247.737,255,8
1778399494232269,434049167,5457,334.102051,58,521.753,-253.326,255,8
1778399494247519,434059111,5448,333.551025,58,519.292,-258.332,255,8
1778399494295325,434069076,5438,332.938782,58,516.502,-263.867,255,8
1778399494295810,434079012,5428,332.326538,58,513.653,-269.371,255,8
1778399494296261,434088978,5418,331.714294,59,519.551,-279.582,255,8
1778399494296902,434098923,5409,331.163269,59,516.839,-284.566,255,8
1778399494297286,434108888,5399,330.551025,59,513.768,-290.072,255,8
1778399494312043,434118826,5389,329.938782,59,510.640,-295.546,255,8
1778399494312434,434128796,5379,329.326538,59,507.452,-300.985,255,8
1778399494320262,434138731,5370,328.775513,60,513.086,-311.036,255,8
1778399494390761,434148692,5360,328.163269,60,509.733,-316.500,255,8
1778399494391319,434158630,5350,327.551025,60,506.322,-321.929,255,8
1778399494391724,434168592,5340,326.938782,60,502.853,-327.321,255,8
1778399494392149,434178528,5330,326.326538,60,499.327,-332.675,255,8
1778399494392650,434188496,5321,325.775513,59,487.836,-331.838,255,8
1778399494392992,434198436,5311,325.163269,55,451.431,-314.182,255,8
1778399494393339,434208398,5301,324.551025,51,415.462,-295.789,255,8
1778399494407659,434218337,5292,324.000000,50,404.508,-293.893,255,8
1778399494409320,434228292,5282,323.387756,50,401.345,-298.198,255,8
1778399494461499,434238222,5272,322.775513,50,398.136,-302.470,255,8
1778399494461929,434248181,5262,322.163269,49,386.983,-300.573,255,8
1778399494462433,434258112,5252,321.551025,49,383.749,-304.691,255,8
1778399494462868,434268077,5243,321.000000,49,380.802,-308.367,255,8
1778399494463213,434278012,5233,320.387756,49,377.485,-312.418,255,8
1778399494475994,434287978,5223,319.775513,50,381.760,-322.892,255,8
1778399494521504,434297906,5214,319.224487,50,378.637,-326.549,255,8
1778399494521918,434307862,5204,318.612244,54,405.136,-357.022,255,8
1778399494522411,434317787,5194,318.000000,62,460.750,-414.861,255,8
1778399494522741,434327745,5185,317.448975,67,493.573,-453.085,255,8
1778399494523037,434337674,5175,316.836731,68,495.997,-465.174,255,8
1778399494536047,434347619,5165,316.224487,68,490.998,-470.448,255,8
1778399494541996,434357551,5156,315.673462,69,493.605,-482.135,255,8
1778399494552903,434367504,5146,315.061218,70,495.503,-494.446,255,8
1778399494559493,434377438,5136,314.448975,70,490.192,-499.712,255,8
1778399494610340,434387391,5126,313.836731,71,491.750,-512.135,255,8
1778399494610891,434397323,5117,313.285706,72,493.658,-524.120,255,8
1778399494611338,434407285,5107,312.673462,72,488.030,-529.365,255,8
1778399494611875,434417217,5098,312.122437,72,482.916,-534.034,255,8
1778399494612302,434427184,5088,311.510223,70,463.928,-524.186,255,8
1778399494666776,434437122,5078,310.897949,67,438.658,-506.438,255,8
1778399494667270,434447086,5069,310.346954,69,446.716,-525.875,255,8
1778399494667740,434457019,5059,309.734680,75,479.425,-576.760,255,8
1778399494668186,434466982,5049,309.122437,77,485.854,-597.366,255,8
1778399494668585,434476917,5040,308.571442,78,486.322,-609.828,255,8
1778399494669056,434486876,5030,307.959167,79,485.929,-622.875,255,8
1778399494685190,434496806,5020,307.346924,80,485.312,-635.982,255,8
1778399494686469,434506772,5011,306.795929,81,485.163,-648.627,255,8
1778399494702296,434516709,5001,306.183655,83,490.012,-669.917,255,8
1778399494748144,434526666,4992,305.632660,84,489.373,-682.726,255,8
1778399494748797,434536604,4982,305.020416,85,487.788,-696.105,255,8
1778399494749323,434546568,4973,304.469391,86,486.731,-709.009,255,8
1778399494749737,434556501,4963,303.857147,87,484.698,-722.473,255,8
1778399494750081,434566471,4954,303.306122,88,483.219,-735.459,255,8
1778399494801987,434576408,4944,302.693878,88,475.332,-740.580,255,8
1778399494802457,434586372,4934,302.081635,88,467.392,-745.617,255,8
1778399494802828,434596307,4925,301.530609,88,460.200,-750.078,255,8
1778399494803139,434606268,4915,300.918365,87,447.020,-746.373,255,8
1778399494803476,434616202,4906,300.367340,87,439.822,-750.638,255,8
1778399494805251,434626162,4896,299.755096,88,436.738,-763.976,255,8
1778399494819435,434636093,4886,299.142853,89,433.420,-777.333,255,8
1778399494829610,434646058,4877,298.591827,89,425.924,-781.466,255,8
1778399494840630,434655991,4867,297.979584,89,417.550,-785.972,255,8
1778399494892636,434665959,4858,297.428558,90,414.578,-798.827,255,8
1778399494893066,434675893,4848,296.816315,91,410.530,-812.136,255,8
1778399494893582,434685857,4839,296.265320,92,407.126,-825.014,255,8
1778399494894096,434695786,4829,295.653046,92,398.287,-829.318,255,8
1778399494894551,434705756,4819,295.040833,90,380.938,-815.406,255,8
1778399494894956,434715693,4810,294.489777,82,339.915,-746.229,255,8
1778399494909812,434725655,4800,293.877563,70,283.348,-640.089,255,8
1778399494952424,434735590,4791,293.326538,68,269.260,-624.419,255,8
1778399494952848,434745559,4781,292.714264,76,293.463,-701.056,255,8
1778399494953159,434755494,4772,292.163269,90,339.522,-833.501,255,8
1778399494953505,434765457,4762,291.551025,91,334.270,-846.383,255,8
1778399494953917,434775392,4752,290.938782,92,328.781,-859.246,255,8
1778399494968813,434785354,4743,290.387756,92,320.502,-862.368,255,8
1778399494980865,434795282,4733,289.775513,94,318.036,-884.564,255,8
1778399495033166,434805244,4724,289.224487,93,306.221,-878.139,255,8
1778399495033637,434815175,4714,288.612244,86,274.479,-815.022,255,8
1778399495034082,434825137,4705,288.061218,82,254.227,-779.595,255,8
1778399495034531,434835068,4695,287.448975,79,236.887,-753.648,255,8
1778399495034947,434845020,4685,286.836731,81,234.613,-775.279,255,8
1778399495035373,434854959,4676,286.285706,86,241.167,-825.493,255,8
1778399495048655,434864921,4666,285.673492,88,237.736,-847.279,255,8
1778399495059680,434874856,4657,285.122437,91,237.403,-878.487,255,8
1778399495070535,434884812,4647,284.510223,91,228.003,-880.974,255,8
1778399495074491,434894755,4638,283.959167,89,214.695,-863.716,255,8
1778399495133611,434904719,4628,283.346924,84,193.911,-817.312,255,8
1778399495134120,434914648,4619,282.795929,64,141.747,-624.106,255,8
1778399495134502,434924614,4609,282.183655,59,124.517,-576.711,255,8
1778399495134915,434934549,4599,281.571442,58,116.342,-568.212,255,8
1778399495135288,434944516,4590,281.020416,58,110.872,-569.304,255,8
1778399495135671,434954453,4580,280.408173,56,101.169,-550.786,255,8
1778399495148751,434966396,4569,279.734711,55,92.998,-542.081,255,8
1778399495160564,434976359,4560,279.183655,51,81.396,-503.463,255,8
1778399495172702,434986289,4550,278.571442,48,71.540,-474.639,255,8
1778399495173443,434996248,4540,277.959198,46,63.695,-455.569,255,8
1778399495215113,435006178,4531,277.408142,47,60.600,-466.077,255,8
1778399495215720,435016140,4521,276.795929,48,56.800,-476.627,255,8
1778399495216310,435026074,4512,276.244904,52,56.565,-516.914,255,8
1778399495217006,435036034,4502,275.632660,78,76.557,-776.234,255,8
1778399495231464,435045968,4493,275.081635,95,84.146,-946.266,255,8
1778399495232934,435055925,4483,274.469391,97,75.589,-967.050,255,8
1778399495273568,435065854,4474,273.918365,98,66.968,-977.709,255,8
1778399495273989,435075817,4464,273.306122,98,56.517,-978.369,255,8
1778399495274381,435085747,4455,272.755096,99,47.586,-988.856,255,8
1778399495274692,435095704,4445,272.142853,99,37.017,-989.308,255,8
1778399495287877,435105639,4436,271.591827,98,27.223,-979.622,255,8
1778399495298005,435115596,4426,270.979584,95,16.241,-949.861,255,8
1778399495307695,435125528,4416,270.367371,88,5.642,-879.982,255,8
1778399495318040,435135487,4407,269.816315,85,-2.725,-849.996,255,8
1778399495362807,435145424,4398,269.265320,85,-10.899,-849.930,255,8
1778399495363455,435155390,4388,268.653046,87,-20.451,-869.760,255,8
1778399495363980,435165330,4378,268.040802,94,-32.137,-939.451,255,8
1778399495364418,435175278,4369,267.489807,109,-47.739,-1088.954,255,8
1778399495364717,435185206,4360,266.938782,115,-61.413,-1148.359,255,8
1778399495378111,435195178,4350,266.326538,115,-73.681,-1147.637,255,8
1778399495420371,435205109,4341,265.775513,114,-83.977,-1136.903,255,8
1778399495420817,435215074,4331,265.163269,113,-95.278,-1125.976,255,8
1778399495421241,435225014,4322,264.612244,114,-107.041,-1134.964,255,8
1778399495421576,435234985,4312,264.000000,116,-121.253,-1153.645,255,8
1778399495421880,435244911,4303,263.448975,116,-132.342,-1152.426,255,8
1778399495434806,435255029,4293,262.836731,116,-144.649,-1150.946,255,8
1778399495441024,435264814,4284,262.285706,115,-154.368,-1139.592,255,8
1778399495452679,435274774,4274,261.673492,102,-147.710,-1009.248,255,8
1778399495493650,435284730,4265,261.122437,77,-118.829,-760.776,255,8
1778399495494111,435298675,4252,260.326538,70,-117.623,-690.047,255,8
1778399495494501,435308608,4242,259.714294,70,-124.990,-688.751,255,8
1778399495494839,435318567,4233,259.163269,70,-131.608,-687.517,255,8
1778399495507758,435328505,4224,258.612244,72,-142.162,-705.826,255,8
1778399495546731,435338467,4214,258.000000,82,-170.488,-802.081,255,8
1778399495547302,435348381,4205,257.448975,109,-236.867,-1063.952,255,8
1778399495547817,435358353,4196,256.897980,122,-276.556,-1188.241,255,8
1778399495548268,435368287,4186,256.285706,135,-320.059,-1311.512,255,8
1778399495560276,435378245,4177,255.734711,160,-394.259,-1550.664,255,8
1778399495600473,435388180,4168,255.183670,179,-457.741,-1730.483,255,8
1778399495600902,435398139,4158,254.571411,181,-481.527,-1744.773,255,8
1778399495601350,435408074,4149,254.020401,182,-501.037,-1749.675,255,8
1778399495601693,435418035,4140,253.469391,186,-529.221,-1783.122,255,8
1778399495603017,435427967,4131,252.918365,209,-613.904,-1997.804,255,8
1778399495616762,435437918,4122,252.367355,234,-708.816,-2230.063,255,8
1778399495653810,435447866,4112,251.755096,242,-757.652,-2298.339,255,8
1778399495654250,435457819,4103,251.204086,247,-795.830,-2338.280,255,8
1778399495654588,435467760,4094,250.653061,249,-824.906,-2349.389,255,8
1778399495655007,435477714,4085,250.102051,249,-847.461,-2341.348,255,8
1778399495668756,435487654,4076,249.551010,248,-866.446,-2323.719,255,8
1778399495680286,435497606,4066,248.938782,251,-902.007,-2342.324,255,8
1778399495721793,435507551,4057,248.387741,251,-924.492,-2333.541,255,8
1778399495722177,435517498,4048,247.836731,251,-946.890,-2324.543,255,8
1778399495722530,435527442,4039,247.285721,252,-973.063,-2324.554,255,8
1778399495722861,435537395,4030,246.734695,255,-1007.223,-2342.649,255,8
1778399495723159,435547339,4020,246.122437,260,-1052.437,-2377.473,255,8
1778399495735257,435557291,4011,245.571426,264,-1091.795,-2403.661,255,8
1778399495741699,435567234,4002,245.020416,268,-1131.751,-2429.308,255,8
1778399495793998,435577188,3993,244.469376,271,-1167.992,-2445.382,255,8
1778399495794617,435587127,3984,243.918365,273,-1200.248,-2452.000,255,8
1778399495795063,435597081,3974,243.306122,274,-1230.873,-2447.969,255,8
1778399495795450,435607029,3965,242.755112,274,-1254.357,-2436.019,255,8
1778399495795902,435616979,3956,242.204071,274,-1277.727,-2423.843,255,8
1778399495809181,435626922,3947,241.653061,276,-1310.474,-2429.045,255,8
1778399495810889,435636874,3938,241.102036,276,-1333.774,-2416.329,255,8
1778399495821361,435646816,3928,240.489807,271,-1334.887,-2358.426,255,8
1778399495860158,435656773,3919,239.938766,265,-1327.452,-2293.550,255,8
1778399495860823,435666695,3910,239.387756,240,-1222.141,-2065.520,255,8
1778399495861304,435676650,3901,238.836746,146,-755.518,-1249.317,255,8
1778399495861701,435686582,3892,238.285706,114,-599.280,-969.775,255,8
1778399495913028,435696541,3882,237.673462,111,-593.566,-937.966,255,8
1778399495913452,435706473,3873,237.122452,109,-591.701,-915.418,255,8
1778399495913913,435716435,3864,236.571442,106,-583.951,-884.648,255,8
1778399495914503,435726369,3855,236.020401,105,-586.843,-870.698,255,8
1778399495915022,435736328,3846,235.469391,101,-572.515,-832.062,255,8
1778399495929099,435748269,3834,234.734695,96,-554.269,-783.828,255,8
1778399495969495,435758191,3825,234.183670,102,-596.893,-827.115,255,8
1778399495969881,435768145,3816,233.632660,103,-610.749,-829.389,255,8
1778399495970248,435778077,3806,233.020401,102,-613.561,-814.827,255,8
1778399495970567,435788031,3797,232.469391,101,-615.277,-800.958,255,8
1778399495971232,435797963,3788,231.918365,100,-616.784,-787.133,255,8
1778399495985326,435807938,3778,231.306137,98,-612.656,-764.887,255,8
1778399495996511,435817870,3769,230.755096,97,-613.657,-751.215,255,8
1778399496002797,435827829,3760,230.204086,96,-614.453,-737.596,255,8
1778399496013952,435837763,3751,229.653046,94,-608.570,-716.410,255,8
1778399496051084,435847721,3741,229.040817,92,-603.080,-694.763,255,8
1778399496051561,435857658,3732,228.489792,91,-603.106,-681.442,255,8
1778399496051949,435867611,3723,227.938782,91,-609.631,-675.611,255,8
1778399496052359,435877549,3713,227.326523,90,-610.037,-661.706,255,8
1778399496067469,435887506,3704,226.775513,90,-616.373,-655.808,255,8
1778399496111924,435897435,3695,226.224487,90,-622.651,-649.850,255,8
1778399496112367,435907392,3685,225.612259,90,-629.559,-643.160,255,8
1778399496112746,435917322,3676,225.061218,89,-628.652,-629.997,255,8
1778399496113120,435927281,3667,224.510208,88,-627.550,-616.912,255,8
1778399496113455,435937217,3657,223.897949,87,-626.901,-603.237,255,8
1778399496127043,435947174,3648,223.346939,86,-625.401,-590.316,255,8
1778399496172101,435957107,3639,222.795914,86,-631.049,-584.275,255,8
1778399496172548,435967068,3629,222.183685,85,-629.846,-570.783,255,8
1778399496173000,435977001,3620,221.632645,85,-635.307,-564.699,255,8
1778399496173534,435986954,3611,221.081635,84,-633.170,-551.992,255,8
1778399496173977,435996887,3602,220.530609,83,-630.849,-539.379,255,8
1778399496187359,436006848,3592,219.918365,82,-628.907,-526.190,255,8
1778399496188965,436016783,3583,219.367340,82,-633.938,-520.118,255,8
1778399496243852,436026747,3574,218.816330,81,-631.119,-507.729,255,8
1778399496244340,436036678,3564,218.204071,81,-636.508,-500.956,255,8
1778399496244926,436046643,3555,217.653061,80,-633.379,-488.703,255,8
1778399496245469,436056577,3546,217.102036,81,-646.026,-488.621,255,8
1778399496245860,436066541,3537,216.551025,81,-650.695,-482.386,255,8
1778399496258823,436076472,3528,216.000015,80,-647.213,-470.228,255,8
1778399496259416,436086436,3518,215.387756,80,-652.201,-463.286,255,8
1778399496302184,436096375,3509,214.836746,79,-648.419,-451.280,255,8
1778399496302552,436106334,3500,214.285706,78,-644.466,-439.390,255,8
1778399496302937,436116273,3490,213.673462,78,-649.125,-432.478,255,8
1778399496303338,436126229,3481,213.122452,78,-653.254,-426.216,255,8
1778399496316329,436136164,3472,212.571442,77,-648.895,-414.530,255,8
1778399496317636,436146123,3463,212.020401,76,-644.373,-402.968,255,8
1778399496332616,436156059,3453,211.408157,76,-648.642,-396.060,255,8
1778399496338611,436166019,3444,210.857147,76,-652.421,-389.804,255,8
1778399496384743,436175954,3435,210.306122,76,-656.140,-383.511,255,8
1778399496385269,436185917,3426,209.755096,76,-659.798,-377.183,255,8
1778399496385677,436195856,3417,209.204086,76,-663.394,-370.821,255,8
1778399496386033,436205820,3407,208.591827,76,-667.319,-363.711,255,8
1778399496386965,436215760,3398,208.040817,76,-670.786,-357.276,255,8
1778399496400609,436225723,3389,207.489792,76,-674.191,-350.809,255,8
1778399496443282,436235661,3380,206.938782,76,-677.533,-344.309,255,8
1778399496443824,436245614,3370,206.326523,76,-681.174,-337.049,255,8
1778399496444226,436255552,3361,205.775513,76,-684.384,-330.483,255,8
1778399496444597,436265508,3352,205.224487,76,-687.530,-323.886,255,8
1778399496446300,436275443,3343,204.673462,76,-690.613,-317.259,255,8
1778399496458512,436285401,3334,204.122452,77,-702.759,-314.690,255,8
1778399496469543,436295337,3324,203.510208,79,-724.421,-315.141,255,8
1778399496482152,436305304,3315,202.959198,91,-837.912,-354.969,255,8
1778399496526961,436315215,3306,202.408157,110,-1016.941,-419.322,255,8
1778399496527364,436325183,3297,201.857147,115,-1067.332,-428.138,255,8
1778399496527839,436335109,3288,201.306122,115,-1071.400,-417.853,255,8
1778399496528245,436345078,3278,200.693893,113,-1057.094,-399.314,255,8
1778399496528746,436355005,3269,200.142853,113,-1060.886,-389.129,255,8
1778399496542045,436364973,3260,199.591843,112,-1055.158,-375.556,255,8
1778399496580240,436374898,3251,199.040802,112,-1058.721,-365.390,255,8
1778399496580622,436384862,3242,198.489792,112,-1062.186,-355.192,255,8
1778399496580971,436394790,3232,197.877548,112,-1065.921,-343.822,255,8
1778399496581308,436404759,3223,197.326538,112,-1069.178,-333.555,255,8
1778399496594688,436414686,3214,196.775497,111,-1062.762,-320.371,255,8
1778399496595165,436424649,3205,196.224487,112,-1075.395,-312.930,255,8
1778399496610232,436434574,3196,195.673477,111,-1068.727,-299.872,255,8
1778399496621179,436444545,3187,195.122452,111,-1071.561,-289.580,255,8
1778399496663792,436454474,3178,194.571426,111,-1074.297,-279.261,255,8
1778399496664259,436464438,3168,193.959183,111,-1077.219,-267.766,255,8
1778399496664651,436474370,3160,193.469391,114,-1108.644,-265.535,255,8
1778399496664948,436484338,3150,192.857132,114,-1111.418,-253.674,255,8
1778399496665303,436494280,3141,192.306122,113,-1104.036,-240.842,255,8
1778399496679083,436504245,3132,191.755096,114,-1116.091,-232.251,255,8
1778399496725545,436514174,3124,191.265305,114,-1118.036,-222.702,255,8
1778399496725956,436524137,3115,190.714294,111,-1090.649,-206.362,255,8
1778399496726360,436534089,3106,190.163254,91,-895.721,-160.573,255,8
1778399496726721,436544045,3097,189.612244,78,-769.049,-130.244,255,8
1778399496727032,436553969,3088,189.061234,78,-770.266,-122.842,255,8
1778399496740738,436563945,3079,188.510193,85,-840.641,-125.788,255,8
1778399496753978,436573857,3070,187.959183,128,-1267.670,-177.239,255,8
1778399496754447,436583817,3061,187.408157,177,-1755.225,-228.218,255,8
1778399496803170,436593754,3052,186.857147,197,-1955.908,-235.207,255,8
1778399496803606,436603720,3044,186.367355,200,-1987.663,-221.805,255,8
1778399496804085,436613658,3034,185.755096,198,-1970.020,-198.548,255,8
1778399496804435,436623619,3026,185.265305,196,-1951.730,-179.865,255,8
1778399496804761,436633554,3017,184.714294,204,-2033.099,-167.662,255,8
1778399496817181,436643518,3008,184.163254,208,-2074.511,-151.005,255,8
1778399496865931,436653459,2999,183.612244,208,-2075.868,-131.048,255,8
1778399496866349,436663421,2990,183.061218,208,-2077.032,-111.078,255,8
1778399496866720,436673360,2981,182.510208,208,-2078.004,-91.099,255,8
1778399496867091,436683320,2973,182.020416,208,-2078.707,-73.332,255,8
1778399496867430,436693253,2964,181.469376,208,-2079.316,-53.337,255,8
1778399496880143,436703213,2955,180.918365,207,-2069.734,-33.178,255,8
1778399496881821,436713151,2946,180.367355,207,-2069.957,-13.272,255,8
1778399496898724,436723114,2937,179.816315,207,-2069.989,6.636,255,8
1778399496949974,436733050,2929,179.326523,205,-2049.858,24.096,255,8
1778399496950503,436743012,2920,178.775513,205,-2049.532,43.808,255,8
1778399496950896,436752943,2911,178.224487,203,-2029.025,62.897,255,8
1778399496951339,436762896,2902,177.673477,201,-2008.343,81.595,255,8
1778399496951737,436772831,2893,177.122452,195,-1947.541,97.893,255,8
1778399496952136,436782792,2884,176.571426,189,-1886.617,113.030,255,8
1778399496996010,436792730,2876,176.081635,179,-1785.816,122.320,255,8
1778399496996563,436802689,2867,175.530609,159,-1585.165,123.903,255,8
1778399496997126,436812613,2858,174.979584,117,-1165.511,102.388,255,8
1778399496997562,436822593,2849,174.428574,80,-796.221,77.669,255,8
1778399497010322,436832519,2840,173.877548,72,-715.893,76.791,255,8
1778399497010754,436842478,2832,173.387756,75,-745.011,86.362,255,8
1778399497053708,436852412,2823,172.836731,87,-863.210,108.487,255,8
1778399497054160,436862362,2814,172.285706,94,-931.493,126.179,255,8
1778399497054674,436872280,2805,171.734695,101,-999.509,145.195,255,8
1778399497055088,436882240,2797,171.244888,107,-1057.532,162.866,255,8
1778399497067606,436892173,2788,170.693878,99,-976.970,160.092,255,8
1778399497073383,436902150,2779,170.142853,76,-748.781,130.106,255,8
1778399497084504,436912088,2770,169.591843,67,-658.976,121.042,255,8
1778399497090279,436922051,2762,169.102051,66,-648.097,124.780,255,8
1778399497134789,436931989,2753,168.551025,62,-607.663,123.067,255,8
1778399497135254,436941948,2744,168.000000,61,-596.670,126.826,255,8
1778399497135592,436951879,2735,167.448975,60,-585.662,130.385,255,8
1778399497135945,436961835,2726,166.897949,60,-584.381,136.012,255,8
1778399497149225,436971768,2717,166.346939,60,-583.046,141.625,255,8
1778399497149853,436981723,2708,165.795929,60,-581.657,147.226,255,8
1778399497189976,436991649,2700,165.306122,60,-580.377,152.193,255,8
1778399497190403,437001603,2691,164.755112,60,-578.886,157.767,255,8
1778399497190761,437010538,2682,164.204086,60,-577.342,163.327,255,8
1778399497191074,437021492,2673,163.653061,59,-566.149,166.057,255,8
1778399497234869,437031431,2664,163.102036,56,-535.821,162.774,255,8
1778399497235483,437041388,2655,162.551025,53,-505.612,158.924,255,8
1778399497235944,437051318,2646,162.000000,52,-494.549,160.689,255,8
1778399497236349,437061275,2637,161.448990,52,-492.981,165.437,255,8
1778399497238299,437071216,2629,160.959183,53,-501.002,172.908,255,8
1778399497251816,437081172,2620,160.408157,57,-537.000,191.131,255,8
1778399497292181,437091104,2611,159.857147,58,-544.525,199.730,255,8
1778399497292642,437101066,2602,159.306122,58,-542.579,204.957,255,8
1778399497293047,437111005,2593,158.755096,58,-540.583,210.166,255,8
1778399497293383,437120964,2584,158.204086,58,-538.537,215.355,255,8
1778399497307325,437130901,2576,157.714294,57,-527.423,216.158,255,8
1778399497307698,437140858,2566,157.102051,56,-515.872,217.891,255,8
1778399497323446,437150790,2558,156.612244,55,-504.812,218.323,255,8
1778399497328588,437160750,2549,156.061218,55,-502.689,223.168,255,8
1778399497377968,437170678,2540,155.510208,55,-500.519,227.992,255,8
1778399497378590,437180636,2531,154.959183,55,-498.304,232.795,255,8
1778399497379152,437190569,2522,154.408157,55,-496.042,237.577,255,8
1778399497379813,437200530,2513,153.857147,55,-493.734,242.336,255,8
1778399497380315,437210466,2504,153.306122,55,-491.381,247.073,255,8
1778399497428092,437220425,2496,152.816330,56,-498.146,255.833,255,8
1778399497428649,437230355,2487,152.265305,56,-495.663,260.612,255,8
1778399497428993,437240316,2478,151.714279,57,-501.939,270.105,255,8
1778399497429281,437250254,2469,151.163269,57,-499.319,274.920,255,8
1778399497429671,437260206,2460,150.612244,58,-505.365,284.616,255,8
1778399497444674,437270146,2451,150.061218,58,-502.604,289.463,255,8
1778399497446097,437280108,2442,149.510208,58,-499.797,294.283,255,8
1778399497463194,437290044,2434,149.020416,58,-497.263,298.545,255,8
1778399497513527,437300009,2425,148.469391,58,-494.369,303.313,255,8
1778399497514014,437309946,2416,147.918365,58,-491.429,308.054,255,8
1778399497514479,437319910,2407,147.367340,58,-488.444,312.766,255,8
1778399497514920,437329850,2398,146.816315,59,-493.783,322.922,255,8
1778399497515452,437339814,2389,146.265305,58,-482.338,322.102,255,8
1778399497515908,437349752,2381,145.775513,58,-479.567,326.213,255,8
1778399497530276,437359718,2372,145.224487,58,-476.408,330.810,255,8
1778399497576256,437369658,2363,144.673477,58,-473.205,335.377,255,8
1778399497576709,437379624,2354,144.122452,58,-469.957,339.912,255,8
1778399497577101,437389564,2345,143.571426,58,-466.667,344.416,255,8
1778399497577500,437399532,2336,143.020401,58,-463.333,348.888,255,8
1778399497577828,437409474,2328,142.530609,58,-460.333,352.836,255,8
1778399497592625,437421427,2317,141.857147,57,-448.290,352.046,255,8
1778399497598582,437431396,2308,141.306122,55,-429.273,343.838,255,8
1778399497609708,437441340,2300,140.816330,55,-426.319,347.495,255,8
1778399497674331,437451299,2291,140.265305,56,-430.647,357.971,255,8
1778399497675132,437461238,2282,139.714279,56,-427.185,362.096,255,8
1778399497675625,437471201,2273,139.163254,56,-423.682,366.187,255,8
1778399497676064,437481138,2264,138.612244,56,-420.141,370.245,255,8
1778399497676390,437491107,2256,138.122452,56,-416.961,373.823,255,8
1778399497676706,437501053,2247,137.571426,55,-405.965,371.069,255,8
1778399497676984,437511018,2238,137.020416,55,-402.378,374.956,255,8
1778399497693616,437520955,2229,136.469391,55,-398.754,378.808,255,8
1778399497695486,437530920,2220,135.918365,54,-387.909,375.669,255,8
1778399497734737,437540859,2211,135.367340,54,-384.278,379.382,255,8
1778399497735192,437550830,2202,134.816315,54,-380.612,383.060,255,8
1778399497735597,437560775,2194,134.326523,54,-377.323,386.299,255,8
1778399497736066,437570742,2185,133.775513,53,-366.672,382.690,255,8
1778399497752356,437580679,2176,133.224487,53,-362.975,386.198,255,8
1778399497757064,437590648,2167,132.673477,53,-359.244,389.671,255,8
1778399497807461,437600584,2159,132.183670,52,-349.185,385.318,255,8
1778399497808011,437610555,2150,131.632660,52,-345.463,388.658,255,8
1778399497808543,437620500,2141,131.081635,52,-341.710,391.963,255,8
1778399497809091,437630467,2132,130.530609,52,-337.924,395.231,255,8
1778399497809636,437640405,2123,129.979584,52,-334.108,398.462,255,8
1778399497826017,437650365,2114,129.428574,52,-330.260,401.657,255,8
1778399497826695,437660306,2106,128.938782,51,-320.530,396.687,255,8
1778399497834056,437670271,2097,128.387756,51,-316.700,399.751,255,8
1778399497845474,437680217,2088,127.836731,51,-312.841,402.779,255,8
1778399497895266,437690188,2079,127.285706,51,-308.953,405.769,255,8
1778399497895749,437700135,2070,126.734695,50,-299.055,400.707,255,8
1778399497896096,437710108,2062,126.244896,50,-295.619,403.249,255,8
1778399497896482,437720061,2053,125.693886,50,-291.727,406.073,255,8
1778399497896842,437730030,2044,125.142860,50,-287.809,408.860,255,8
1778399497911108,437739982,2036,124.653053,50,-284.303,411.305,255,8
1778399497917757,437749946,2027,124.102043,50,-280.334,414.020,255,8
1778399497928018,437759891,2018,123.551025,49,-270.813,408.363,255,8
1778399497940060,437769863,2009,123.000000,49,-266.873,410.949,255,8
1778399497985900,437779810,2001,122.510208,49,-263.350,413.215,255,8
1778399497986306,437789787,1992,121.959183,49,-259.364,415.728,255,8
1778399497986679,437799731,1983,121.408165,49,-255.354,418.204,255,8
1778399497987044,437809705,1975,120.918373,49,-251.770,420.371,255,8
1778399497987451,437819644,1966,120.367348,49,-247.716,422.773,255,8
1778399498003113,437829615,1957,119.816322,48,-238.666,416.459,255,8
1778399498003493,437839565,1948,119.265305,48,-234.650,418.735,255,8
1778399498020788,437849530,1940,118.775513,48,-231.062,420.726,255,8
1778399498022154,437859482,1931,118.224487,48,-227.005,422.929,255,8
1778399498033393,437869450,1922,117.673470,48,-222.927,425.092,255,8
1778399498073868,437879397,1914,117.183670,48,-219.285,426.982,255,8
1778399498074249,437889363,1905,116.632652,48,-215.169,429.071,255,8
1778399498074594,437899311,1896,116.081627,48,-211.033,431.121,255,8
1778399498074897,437909278,1888,115.591835,48,-207.339,432.909,255,8
1778399498089239,437919219,1879,115.040817,48,-203.167,434.883,255,8
1778399498093472,437929190,1870,114.489792,47,-194.830,427.717,255,8
1778399498134595,437939136,1862,114.000000,47,-191.166,429.366,255,8
1778399498135062,437949101,1853,113.448975,47,-187.028,431.185,255,8
1778399498135465,437959047,1844,112.897957,47,-182.873,432.964,255,8
1778399498135848,437969011,1836,112.408157,47,-179.165,434.511,255,8
1778399498149819,437978954,1827,111.857140,47,-174.978,436.214,255,8
1778399498150859,437988921,1818,111.306129,47,-170.775,437.877,255,8
1778399498192118,437998866,1810,110.816322,47,-167.025,439.321,255,8
1778399498192614,438008831,1801,110.265305,47,-162.793,440.906,255,8
1778399498192964,438018774,1792,109.714287,47,-158.545,442.452,255,8
1778399498193394,438028744,1784,109.224487,47,-154.757,443.791,255,8
1778399498208826,438038687,1775,108.673462,46,-147.280,435.785,255,8
1778399498210248,438048655,1766,108.122452,46,-143.082,437.181,255,8
1778399498265338,438058594,1758,107.632652,46,-139.340,438.388,255,8
1778399498265840,438068564,1749,107.081635,46,-135.118,439.708,255,8
1778399498266387,438078502,1740,106.530617,46,-130.883,440.987,255,8
1778399498266926,438088469,1732,106.040810,46,-127.108,442.090,255,8
1778399498267340,438098403,1723,105.489799,46,-122.851,443.292,255,8
1778399498281471,438108369,1715,105.000000,46,-119.057,444.326,255,8
1778399498281971,438118317,1706,104.448982,46,-114.778,445.450,255,8
1778399498328428,438128283,1698,103.959183,46,-110.966,446.415,255,8
1778399498328825,438138225,1689,103.408157,46,-106.668,447.462,255,8
1778399498329244,438148189,1681,102.918365,46,-102.839,448.357,255,8
1778399498329657,438158135,1672,102.367340,46,-98.522,449.325,255,8
1778399498330032,438168104,1664,101.877548,46,-94.678,450.151,255,8
1778399498345418,438178048,1655,101.326530,46,-90.344,451.041,255,8
1778399498355766,438188014,1646,100.775505,46,-86.002,451.889,255,8
1778399498361861,438197956,1638,100.285713,46,-82.136,452.608,255,8
1778399498409656,438207917,1629,99.734688,46,-77.780,453.377,255,8
1778399498410192,438217860,1621,99.244896,46,-73.901,454.025,255,8
1778399498410658,438227823,1612,98.693878,46,-69.531,454.715,255,8
1778399498411061,438237761,1604,98.204086,46,-65.642,455.292,255,8
1778399498411477,438247732,1595,97.653061,46,-61.260,455.903,255,8
1778399498426790,438257672,1587,97.163269,45,-56.114,446.488,255,8
1778399498427925,438267632,1578,96.612244,45,-51.817,447.007,255,8
1778399498440311,438277569,1570,96.122452,45,-47.994,447.433,255,8
1778399498494156,438287528,1561,95.571434,45,-43.689,447.874,255,8
1778399498494794,438297472,1553,95.081627,45,-39.859,448.231,255,8
1778399498495205,438307430,1544,94.530617,45,-35.546,448.594,255,8
1778399498495744,438317366,1536,94.040810,45,-31.710,448.881,255,8
1778399498496153,438327328,1528,93.551018,45,-27.872,449.136,255,8
1778399498497253,438337260,1519,93.000000,45,-23.551,449.383,255,8
1778399498511833,438347219,1511,92.510208,45,-19.709,449.568,255,8
1778399498561467,438357155,1502,91.959183,45,-15.384,449.737,255,8
1778399498561954,438367114,1494,91.469391,45,-11.539,449.852,255,8
1778399498562390,438377053,1485,90.918365,45,-7.213,449.942,255,8
1778399498562769,438387014,1477,90.428574,45,-3.366,449.987,255,8
1778399498563140,438396952,1468,89.877548,45,0.962,449.999,255,8
1778399498579895,438406912,1460,89.387756,45,4.808,449.974,255,8
1778399498580317,438416852,1452,88.897964,45,8.655,449.917,255,8
1778399498629877,438426809,1444,88.408165,45,12.501,449.826,255,8
1778399498630474,438436746,1435,87.857140,45,16.826,449.685,255,8
1778399498631062,438446703,1427,87.367348,45,20.670,449.525,255,8
1778399498631655,438456632,1419,86.877548,45,24.512,449.332,255,8
1778399498631997,438466593,1410,86.326530,45,28.832,449.075,255,8
1778399498646183,438476534,1402,85.836731,45,32.669,448.813,255,8
1778399498646592,438486498,1394,85.346939,45,36.505,448.517,255,8
1778399498685151,438496435,1385,84.795921,46,41.724,458.104,255,8
1778399498685575,438506400,1377,84.306122,46,45.638,457.730,255,8
1778399498685945,438516339,1369,83.816330,46,49.549,457.324,255,8
1778399498686267,438526301,1360,83.265305,46,53.945,456.826,255,8
1778399498701518,438536235,1352,82.775505,46,57.848,456.348,255,8
1778399498748333,438546197,1344,82.285713,46,61.747,455.837,255,8
1778399498748809,438556133,1335,81.734695,46,66.128,455.222,255,8
1778399498749165,438566100,1327,81.244896,46,70.017,454.640,255,8
1778399498749664,438576032,1319,80.755104,46,73.901,454.025,255,8
1778399498750046,438585992,1310,80.204079,46,78.264,453.293,255,8
1778399498763859,438595927,1302,79.714287,46,82.136,452.608,255,8
1778399498764531,438605887,1294,79.224487,46,86.002,451.889,255,8
1778399498775238,438615823,1286,78.734695,46,89.862,451.137,255,8
1778399498816434,438625782,1277,78.183670,46,94.197,450.252,255,8
1778399498816968,438635716,1269,77.693878,46,98.042,449.430,255,8
1778399498817412,438645673,1261,77.204079,46,101.880,448.576,255,8
1778399498817857,438655610,1253,76.714287,46,105.711,447.689,255,8
1778399498832087,438665578,1245,76.224487,46,109.534,446.769,255,8
1778399498833744,438675513,1237,75.734695,46,113.350,445.816,255,8
1778399498877339,438685470,1229,75.244904,46,117.156,444.831,255,8
1778399498877873,438695407,1221,74.755104,46,120.955,443.813,255,8
1778399498878344,438705367,1213,74.265305,46,124.744,442.763,255,8
1778399498878801,438715297,1205,73.775513,46,128.525,441.680,255,8
1778399498892271,438725256,1197,73.285713,46,132.296,440.565,255,8
1778399498893088,438735189,1189,72.795921,47,139.015,448.971,255,8
1778399498937322,438745153,1181,72.306122,47,142.848,447.766,255,8
1778399498937908,438755087,1173,71.816330,47,146.670,446.529,255,8
1778399498938352,438765050,1166,71.387756,47,150.006,445.419,255,8
1778399498938815,438774986,1158,70.897964,47,153.808,444.121,255,8
1778399498954015,438784948,1150,70.408165,47,157.599,442.789,255,8
1778399498954446,438794879,1142,69.918365,47,161.379,441.426,255,8
1778399498966725,438804839,1135,69.489799,47,164.676,440.207,255,8
1778399498973380,438814782,1127,69.000000,47,168.433,438.783,255,8
1778399498984597,438824739,1120,68.571426,47,171.710,437.511,255,8
1778399499028307,438834670,1112,68.081635,48,179.177,445.304,255,8
1778399499028816,438844629,1104,67.591843,48,182.977,443.756,255,8
1778399499029347,438854566,1097,67.163261,48,186.291,442.375,255,8
1778399499029810,438864519,1090,66.734695,48,189.595,440.969,255,8
1778399499031805,438874455,1082,66.244896,48,193.358,439.332,255,8
1778399499045689,438884411,1075,65.816330,48,196.638,437.874,255,8
1778399499084615,438894344,1068,65.387756,48,199.908,436.391,255,8
1778399499085130,438904304,1060,64.897957,48,203.631,434.666,255,8
1778399499085598,438914240,1052,64.408165,48,207.339,432.909,255,8
1778399499085945,438924200,1045,63.979591,49,214.959,440.333,255,8
1778399499099228,438934138,1038,63.551022,49,218.246,438.712,255,8
1778399499101129,438944101,1030,63.061222,49,221.989,436.831,255,8
1778399499137228,438954035,1023,62.632656,49,225.250,435.158,255,8
1778399499137657,438963999,1015,62.142857,49,228.962,433.217,255,8
1778399499138043,438973941,1008,61.714287,49,232.196,431.492,255,8
1778399499152253,438983905,1000,61.224487,49,235.876,429.491,255,8
1778399499152616,438993839,993,60.795921,49,239.082,427.715,255,8
1778399499167756,439003808,986,60.367348,50,247.219,434.607,255,8
1778399499215469,439013751,979,59.938778,50,250.463,432.745,255,8
1778399499215965,439023714,972,59.510204,50,253.692,430.860,255,8
1778399499216317,439033654,964,59.020412,50,257.366,428.675,255,8
1778399499216661,439043616,958,58.653061,50,260.109,427.016,255,8
1778399499216922,439053560,950,58.163269,50,263.750,424.777,255,8
1778399499229451,439063526,944,57.795918,50,266.468,423.078,255,8
1778399499230005,439073460,937,57.367348,50,269.625,421.073,255,8
1778399499267152,439083425,930,56.938774,51,278.223,427.425,255,8
1778399499267543,439093367,923,56.510208,51,281.412,425.332,255,8
1778399499267837,439103331,916,56.081631,51,284.586,423.215,255,8
1778399499269236,439113269,909,55.653065,51,287.743,421.075,255,8
1778399499282910,439123232,902,55.224491,51,290.885,418.910,255,8
1778399499293547,439133169,895,54.795921,51,294.010,416.723,255,8
1778399499298957,439143138,888,54.367348,52,302.945,422.640,255,8
1778399499356726,439153078,881,53.938778,52,306.098,420.362,255,8
1778399499357276,439163041,874,53.510204,52,309.233,418.061,255,8
1778399499357679,439172978,868,53.142860,52,311.907,416.069,255,8
1778399499357996,439182942,860,52.653061,52,315.453,413.388,255,8
1778399499358282,439192878,854,52.285717,52,318.097,411.357,255,8
1778399499358601,439202840,847,51.857143,52,321.165,408.966,255,8
1778399499373062,439212784,840,51.428574,53,330.450,414.371,255,8
1778399499414972,439222751,833,51.000000,53,333.540,411.887,255,8
1778399499415394,439232693,826,50.571430,53,336.611,409.381,255,8
1778399499415759,439242656,819,50.142857,53,339.664,406.852,255,8
1778399499416155,439252596,813,49.775513,54,348.723,412.301,255,8
1778399499417703,439262562,806,49.346939,54,351.798,409.681,255,8
1778399499433480,439272504,799,48.918369,54,354.852,407.038,255,8
1778399499440296,439282474,793,48.551018,54,357.455,404.755,255,8
1778399499489532,439292417,786,48.122452,55,367.147,409.515,255,8
1778399499490055,439302384,779,47.693878,55,370.200,406.758,255,8
1778399499490488,439312332,773,47.326530,55,372.801,404.376,255,8
1778399499490995,439322303,766,46.897957,55,375.815,401.576,255,8
1778399499491376,439332236,760,46.530613,56,385.261,406.416,255,8
1778399499548916,439342208,753,46.102039,56,388.291,403.522,255,8
1778399499549447,439352145,746,45.673470,57,398.286,407.760,255,8
1778399499549863,439362108,740,45.306122,57,400.892,405.199,255,8
1778399499550319,439372056,733,44.877552,57,403.911,402.189,255,8
1778399499550832,439382020,727,44.510204,57,406.482,399.591,255,8
1778399499551382,439391964,720,44.081635,57,409.459,396.539,255,8
1778399499568051,439401929,714,43.714287,58,419.221,400.816,255,8
1778399499568476,439411866,707,43.285713,58,422.207,397.669,255,8
1778399499580927,439421834,700,42.857143,58,425.170,394.500,255,8
1778399499636506,439431782,694,42.489796,58,427.691,391.766,255,8
1778399499637031,439441754,688,42.122448,57,422.776,382.309,255,8
1778399499637479,439451697,681,41.693878,57,425.624,379.136,255,8
1778399499637825,439461660,678,41.510204,56,419.349,371.142,255,8
1778399499638158,439471603,677,41.448982,55,412.250,364.074,255,8
1778399499638542,439481565,678,41.510204,55,411.861,364.514,255,8
1778399499652346,439491510,678,41.510204,55,411.861,364.514,255,8
1778399499694000,439501472,679,41.571430,55,411.471,364.954,255,8
1778399499694427,439511411,680,41.632652,56,418.555,372.037,255,8
1778399499694736,439521376,682,41.755100,56,417.759,372.931,255,8
1778399499695051,439531316,686,42.000000,56,416.161,374.713,255,8
1778399499695427,439541286,689,42.183674,56,414.958,376.045,255,8
1778399499710888,439551230,693,42.428570,56,413.347,377.815,255,8
1778399499724191,439561191,697,42.673470,56,411.728,379.579,255,8
1778399499724693,439571134,701,42.918365,56,410.102,381.335,255,8
1778399499776352,439581099,705,43.163265,56,408.468,383.085,255,8
1778399499776835,439591032,709,43.408161,57,414.092,391.699,255,8
1778399499777289,439601005,713,43.653061,57,412.414,393.465,255,8
1778399499777757,439610944,717,43.897957,57,410.728,395.224,255,8
1778399499778109,439620908,722,44.204082,57,408.611,397.413,255,8
1778399499796885,439630860,726,44.448982,56,399.770,392.153,255,8
1778399499797443,439640828,731,44.755100,56,397.669,394.284,255,8
1778399499841229,439650767,735,45.000000,56,395.980,395.980,255,8
1778399499841722,439660731,739,45.244896,56,394.284,397.669,255,8
1778399499842350,439670671,744,45.551022,56,392.153,399.770,255,8
1778399499842986,439680637,748,45.795918,56,390.441,401.442,255,8
1778399499843390,439690567,753,46.102039,56,388.291,403.522,255,8
1778399499859390,439700539,758,46.408165,55,379.234,398.349,255,8
1778399499924653,439710477,762,46.653061,55,377.528,399.966,255,8
1778399499925117,439720441,767,46.959183,55,375.386,401.977,255,8
1778399499925630,439730379,772,47.265308,54,366.446,396.632,255,8
1778399499926044,439740339,777,47.571430,54,364.322,398.584,255,8
1778399499926411,439750278,782,47.877548,54,362.187,400.525,255,8
1778399499926879,439760246,787,48.183674,54,360.042,402.454,255,8
1778399499927345,439770182,792,48.489796,54,357.887,404.372,255,8
1778399499943579,439780134,797,48.795918,54,355.721,406.279,255,8
1778399499944189,439790080,802,49.102043,53,346.998,400.615,255,8
1778399499962927,439800042,808,49.469387,53,344.423,402.831,255,8
1778399499963445,439809982,813,49.775513,53,342.266,404.666,255,8
1778399500008351,439819938,818,50.081635,53,340.099,406.489,255,8
1778399500008877,439829876,824,50.448978,52,331.118,400.950,255,8
1778399500009432,439839842,829,50.755104,52,328.971,402.713,255,8
1778399500009896,439849778,835,51.122448,52,326.382,404.814,255,8
1778399500013629,439859747,840,51.428574,52,324.215,406.552,255,8
1778399500028998,439869686,846,51.795918,52,321.601,408.623,255,8
1778399500075672,439879645,852,52.163261,52,318.975,410.676,255,8
1778399500076145,439889580,857,52.469387,51,310.684,404.444,255,8
1778399500076581,439899552,863,52.836735,51,308.085,406.428,255,8
1778399500076984,439909496,869,53.204082,51,305.473,408.395,255,8
1778399500077456,439919461,875,53.571426,51,302.848,410.345,255,8
1778399500091818,439929402,881,53.938778,51,300.211,412.278,255,8
1778399500092291,439939370,886,54.244900,51,298.004,413.876,255,8
1778399500102648,439949308,892,54.612244,50,289.553,407.626,255,8
1778399500148722,439959277,899,55.040817,50,286.496,409.780,255,8
1778399500149160,439969220,904,55.346939,50,284.303,411.305,255,8
1778399500149482,439979190,911,55.775513,50,281.218,413.420,255,8
1778399500149807,439989134,917,56.142857,50,278.562,415.215,255,8
1778399500150254,439999096,923,56.510208,50,275.894,416.992,255,8
1778399500205898,440009039,929,56.877552,50,273.215,418.752,255,8
1778399500206589,440019001,935,57.244896,49,265.114,412.086,255,8
1778399500207125,440028942,942,57.673470,49,262.024,414.057,255,8
1778399500207512,440038904,948,58.040813,49,259.364,415.728,255,8
1778399500207841,440048846,955,58.469387,49,256.247,417.657,255,8
1778399500209571,440058814,961,58.836735,49,253.564,419.291,255,8
1778399500223743,440068753,968,59.265308,49,250.421,421.176,255,8
1778399500230446,440078717,974,59.632652,49,247.716,422.773,255,8
1778399500241249,440088657,981,60.061226,49,244.546,424.614,255,8
1778399500289027,440098621,988,60.489796,48,236.438,417.729,255,8
1778399500289491,440108571,994,60.857143,48,233.755,419.236,255,8
1778399500289814,440117538,1001,61.285713,48,230.612,420.973,255,8
1778399500290219,440128485,1008,61.714287,48,227.457,422.686,255,8
1778399500290567,440138453,1015,62.142857,48,224.289,424.375,255,8
1778399500339781,440148392,1022,62.571430,48,221.108,426.041,255,8
1778399500340340,440158358,1029,63.000000,47,213.376,418.773,255,8
1778399500340871,440168298,1036,63.428574,47,210.237,420.357,255,8
1778399500341413,440178264,1043,63.857143,47,207.087,421.918,255,8
1778399500341751,440188198,1050,64.285713,47,203.925,423.455,255,8
1778399500356763,440198165,1057,64.714287,47,200.752,424.969,255,8
1778399500357977,440208111,1064,65.142860,47,197.568,426.459,255,8
1778399500400673,440218076,1071,65.571426,47,194.373,427.924,255,8
1778399500401245,440228016,1079,66.061226,47,190.707,429.570,255,8
1778399500401596,440237981,1086,66.489792,47,187.489,430.985,255,8
1778399500401919,440247922,1094,66.979591,46,179.887,423.368,255,8
1778399500415603,440257886,1101,67.408157,46,176.715,424.702,255,8
1778399500421413,440267830,1108,67.836739,46,173.534,426.012,255,8
1778399500431821,440277801,1116,68.326530,46,169.886,427.480,255,8
1778399500480504,440287745,1124,68.816330,46,166.225,428.916,255,8
1778399500480988,440297708,1131,69.244904,46,163.012,430.148,255,8
1778399500481460,440307648,1139,69.734695,46,159.329,431.525,255,8
1778399500481923,440317613,1147,70.224495,46,155.634,432.872,255,8
1778399500482276,440327555,1154,70.653061,46,152.392,434.024,255,8
1778399500496985,440337519,1162,71.142860,46,148.676,435.311,255,8
1778399500497431,440347459,1170,71.632652,45,141.799,427.075,255,8
1778399500539821,440357423,1178,72.122452,46,141.213,437.789,255,8
1778399500540279,440367365,1186,72.612244,45,134.477,429.437,255,8
1778399500540668,440377329,1194,73.102043,45,130.801,430.571,255,8
1778399500541031,440387269,1202,73.591835,45,127.115,431.673,255,8
1778399500555705,440397234,1210,74.081635,45,123.420,432.744,255,8
1778399500556067,440407174,1219,74.632652,45,119.253,433.911,255,8
1778399500565897,440417134,1227,75.122444,45,115.539,434.915,255,8
1778399500621365,440427079,1235,75.612244,45,111.817,435.886,255,8
1778399500621895,440437034,1243,76.102043,45,108.087,436.826,255,8
1778399500622278,440446985,1252,76.653061,45,103.881,437.846,255,8
1778399500622624,440456949,1260,77.142860,45,100.134,438.718,255,8
1778399500622960,440466892,1268,77.632652,45,96.380,439.558,255,8
1778399500627252,440476859,1277,78.183670,45,92.149,440.464,255,8
1778399500640229,440486799,1286,78.734695,45,87.909,441.330,255,8
1778399500682312,440496767,1294,79.224487,45,84.133,442.065,255,8
1778399500682834,440506710,1303,79.775513,45,79.877,442.854,255,8
1778399500683380,440516673,1312,80.326530,44,73.934,433.744,255,8
1778399500683825,440526618,1320,80.816322,45,71.820,444.232,255,8
1778399500684628,440536582,1329,81.367348,44,66.043,435.015,255,8
1778399500698423,440546519,1338,81.918365,44,61.857,435.630,255,8
1778399500710076,440556483,1347,82.469391,44,57.665,436.205,255,8
1778399500719902,440566424,1356,83.020409,44,53.467,436.739,255,8
1778399500760476,440576389,1365,83.571426,44,49.264,437.233,255,8
1778399500760922,440586333,1374,84.122452,44,45.057,437.687,255,8
1778399500761326,440596297,1383,84.673470,44,40.846,438.100,255,8
1778399500761710,440606242,1392,85.224487,44,36.631,438.473,255,8
1778399500813860,440616204,1401,85.775513,44,32.412,438.805,255,8
1778399500814445,440626147,1410,86.326530,44,28.191,439.096,255,8
1778399500814981,440636112,1420,86.938774,44,23.497,439.372,255,8
1778399500815497,440646057,1429,87.489792,44,19.271,439.578,255,8
1778399500815947,440656027,1439,88.102043,44,14.573,439.759,255,8
1778399500816351,440665969,1448,88.653061,44,10.343,439.878,255,8
1778399500831207,440675939,1458,89.265305,44,5.642,439.964,255,8
1778399500874529,440685877,1467,89.816330,44,1.410,439.998,255,8
1778399500874937,440695843,1477,90.428574,44,-3.291,439.988,255,8
1778399500875404,440705786,1486,90.979599,44,-7.522,439.936,255,8
1778399500875794,440715753,1496,91.591835,44,-12.223,439.830,255,8
1778399500876174,440725686,1506,92.204079,44,-16.922,439.674,255,8
1778399500890036,440735654,1516,92.816330,44,-21.619,439.469,255,8
1778399500901669,440745593,1525,93.367340,44,-25.844,439.240,255,8
1778399500902491,440755558,1535,93.979591,44,-30.537,438.939,255,8
1778399500952709,440765499,1545,94.591835,44,-35.225,438.588,255,8
1778399500953255,440775463,1555,95.204086,44,-39.910,438.186,255,8
1778399500953644,440785407,1565,95.816330,44,-44.590,437.735,255,8
1778399500954022,440795373,1575,96.428566,44,-49.264,437.233,255,8
1778399500954358,440805312,1585,97.040817,44,-53.934,436.682,255,8
1778399500967808,440815277,1594,97.591835,44,-58.131,436.143,255,8
1778399501011808,440825220,1604,98.204086,44,-62.788,435.497,255,8
1778399501012225,440835191,1614,98.816322,44,-67.438,434.801,255,8
1778399501012680,440845131,1624,99.428574,44,-72.080,434.056,255,8
1778399501013047,440855100,1634,100.040817,44,-76.714,433.261,255,8
1778399501013434,440865040,1644,100.653061,44,-81.339,432.416,255,8
1778399501027411,440875002,1654,101.265312,44,-85.955,431.523,255,8
1778399501038381,440884943,1664,101.877548,44,-90.561,430.579,255,8
1778399501085067,440894902,1674,102.489792,44,-95.157,429.587,255,8
1778399501085491,440904834,1683,103.040817,44,-99.284,428.652,255,8
1778399501085811,440914798,1693,103.653069,44,-103.859,427.567,255,8
1778399501086220,440924733,1703,104.265305,44,-108.421,426.433,255,8
1778399501086544,440934697,1713,104.877548,44,-112.972,425.250,255,8
1778399501101234,440944634,1723,105.489799,45,-120.180,433.655,255,8
1778399501101660,440954593,1733,106.102043,44,-122.034,422.738,255,8
1778399501141233,440964527,1742,106.653061,45,-128.959,431.126,255,8
1778399501141623,440974480,1752,107.265305,45,-133.558,429.723,255,8
1778399501141920,440984419,1762,107.877556,45,-138.143,428.272,255,8
1778399501142338,440994379,1772,108.489799,45,-142.711,426.771,255,8
1778399501156503,441004317,1782,109.102036,45,-147.263,425.222,255,8
1778399501197511,441014282,1792,109.714287,45,-151.799,423.624,255,8
1778399501198010,441024220,1801,110.265305,45,-155.865,422.144,255,8
1778399501198399,441034183,1811,110.877556,45,-160.367,420.455,255,8
1778399501198773,441044119,1821,111.489792,45,-164.851,418.717,255,8
1778399501199336,441054077,1831,112.102043,45,-169.316,416.932,255,8
1778399501213955,441064011,1841,112.714287,45,-173.761,415.099,255,8
1778399501223836,441073978,1851,113.326530,45,-178.187,413.218,255,8
1778399501229705,441083911,1860,113.877548,45,-182.152,411.486,255,8
1778399501279799,441093871,1870,114.489792,46,-190.684,418.616,255,8
1778399501280292,441103807,1880,115.102043,46,-195.147,416.555,255,8
1778399501280756,441113771,1890,115.714287,46,-199.587,414.446,255,8
1778399501281182,441123705,1900,116.326538,46,-204.004,412.289,255,8
1778399501281560,441133665,1909,116.877548,46,-207.959,410.308,255,8
1778399501330145,441143593,1919,117.489799,46,-212.332,408.063,255,8
1778399501330894,441153562,1929,118.102043,46,-216.680,405.771,255,8
1778399501331418,441163493,1939,118.714279,46,-221.003,403.432,255,8
1778399501331906,441173449,1949,119.326530,46,-225.302,401.048,255,8
1778399501332305,441183383,1958,119.877556,47,-234.130,407.533,255,8
1778399501347857,441193345,1968,120.489799,47,-238.471,405.008,255,8
1778399501348305,441203281,1978,121.102036,47,-242.785,402.437,255,8
1778399501391588,441213242,1988,121.714287,47,-247.071,399.820,255,8
1778399501392121,441223175,1997,122.265312,47,-250.905,397.425,255,8
1778399501392562,441233143,2007,122.877556,47,-255.137,394.721,255,8
1778399501392980,441243078,2017,123.489792,47,-259.341,391.973,255,8
1778399501406761,441253043,2027,124.102043,47,-263.514,389.179,255,8
1778399501407249,441262982,2037,124.714287,48,-273.353,394.561,255,8
1778399501422072,441272939,2046,125.265312,48,-277.134,391.914,255,8
1778399501464183,441282875,2056,125.877548,48,-281.306,388.930,255,8
1778399501464881,441292837,2066,126.489792,48,-285.446,385.902,255,8
1778399501465389,441302783,2076,127.102043,48,-289.553,382.830,255,8
1778399501465949,441312747,2086,127.714287,48,-293.628,379.714,255,8
1778399501466542,441322684,2095,128.265305,49,-303.459,384.724,255,8
1778399501481320,441332648,2105,128.877548,49,-307.552,381.460,255,8
1778399501522531,441342580,2115,129.489792,49,-311.611,378.152,255,8
1778399501523049,441352545,2125,130.102036,50,-322.075,382.449,255,8
1778399501523508,441362489,2134,130.653061,50,-325.739,379.334,255,8
1778399501523846,441372453,2144,131.265305,50,-329.773,375.832,255,8
1778399501536139,441382393,2154,131.877548,50,-333.770,372.287,255,8
1778399501536501,441392362,2164,132.489792,50,-337.729,368.699,255,8
1778399501551068,441402298,2173,133.040817,50,-341.260,365.434,255,8
1778399501561532,441412263,2183,133.653061,51,-352.048,369.002,255,8
1778399501598981,441422206,2193,134.265305,51,-355.971,365.219,255,8
1778399501599549,441432171,2202,134.816315,51,-359.466,361.779,255,8
1778399501600012,441442112,2212,135.428574,51,-363.312,357.917,255,8
1778399501600369,441452075,2222,136.040817,51,-367.116,354.014,255,8
1778399501614128,441462020,2232,136.653061,52,-378.150,356.935,255,8
1778399501615076,441471991,2241,137.204071,52,-381.565,353.282,255,8
1778399501658886,441481938,2251,137.816330,52,-385.318,349.185,255,8
1778399501659533,441491906,2261,138.428574,52,-389.027,345.048,255,8
1778399501660215,441501847,2271,139.040817,52,-392.692,340.871,255,8
1778399501660698,441511811,2280,139.591827,52,-395.952,337.079,255,8
1778399501723428,441521756,2290,140.204086,53,-407.214,339.229,255,8
1778399501723855,441531722,2300,140.816330,53,-410.816,334.858,255,8
1778399501724297,441541663,2309,141.367355,53,-414.017,330.892,255,8
1778399501724736,441551628,2319,141.979584,54,-425.407,332.609,255,8
1778399501725123,441561568,2329,142.591827,54,-428.937,328.044,255,8
1778399501725583,441571536,2338,143.142853,54,-432.072,323.904,255,8
1778399501726020,441581473,2348,143.755112,55,-443.574,325.181,255,8
1778399501739864,441591440,2358,144.367340,54,-438.895,314.597,255,8
1778399501751572,441601388,2368,144.979584,54,-442.232,309.889,255,8
1778399501753621,441611348,2377,145.530609,55,-453.436,311.281,255,8
1778399501789603,441621298,2387,146.142868,56,-465.040,311.989,255,8
1778399501789949,441631263,2397,146.755096,56,-468.348,307.003,255,8
1778399501790247,441641207,2406,147.306122,56,-471.278,302.484,255,8
1778399501834511,441651173,2416,147.918365,56,-474.484,297.431,255,8
1778399501834974,441661111,2426,148.530609,56,-477.635,292.344,255,8
1778399501835385,441671070,2435,149.081635,56,-480.424,287.737,255,8
1778399501835764,441681011,2445,149.693878,56,-483.471,282.587,255,8
1778399501836235,441690980,2454,150.244888,56,-486.167,277.925,255,8
1778399501849606,441700924,2464,150.857147,56,-489.109,272.714,255,8
1778399501897588,441710886,2474,151.469391,56,-491.995,267.472,255,8
1778399501898183,441720832,2483,152.020401,56,-494.544,262.728,255,8
1778399501898757,441730800,2493,152.632645,56,-497.323,257.429,255,8
1778399501899113,441740745,2503,153.244904,56,-500.046,252.100,255,8
1778399501899491,441750714,2512,153.795929,56,-502.447,247.279,255,8
1778399501913416,441760658,2522,154.408157,55,-496.042,237.577,255,8
1778399501913759,441770626,2532,155.020401,54,-489.487,228.040,255,8
1778399501928682,441780570,2541,155.571426,54,-491.658,223.322,255,8
1778399501970633,441790542,2551,156.183670,54,-494.016,218.055,255,8
1778399501971041,441800486,2560,156.734695,53,-486.903,209.344,255,8
1778399501971433,441810456,2570,157.346939,53,-489.113,204.130,255,8
1778399501971781,441820400,2580,157.959183,53,-491.266,198.892,255,8
1778399501972126,441830368,2589,158.510208,52,-483.851,190.494,255,8
1778399501985536,441840316,2599,159.122452,51,-476.516,181.750,255,8
1778399502037305,441850288,2608,159.673462,52,-487.619,180.632,255,8
1778399502037877,441860232,2618,160.285706,53,-498.935,178.785,255,8
1778399502038361,441870196,2627,160.836731,53,-500.631,173.978,255,8
1778399502038830,441880135,2637,161.448990,54,-511.942,171.800,255,8
1778399502039245,441890100,2646,162.000000,55,-523.081,169.959,255,8
1778399502040655,441900037,2656,162.612244,56,-534.410,167.349,255,8
1778399502054657,441909996,2665,163.163269,56,-535.995,162.201,255,8
1778399502061048,441919938,2675,163.775513,56,-537.698,156.465,255,8
1778399502072280,441929895,2684,164.326538,54,-519.921,145.883,255,8
1778399502080253,441939829,2694,164.938782,50,-482.824,129.925,255,8
1778399502134104,441949788,2703,165.489792,49,-474.370,122.771,255,8
1778399502134470,441959726,2713,166.102036,52,-504.777,124.901,255,8
1778399502134905,441969689,2722,166.653061,57,-554.604,131.583,255,8
1778399502135315,441979629,2731,167.204086,59,-575.347,130.673,255,8
1778399502135718,441989594,2741,167.816330,60,-586.486,126.628,255,8
1778399502150504,441999537,2750,168.367340,62,-607.265,125.014,255,8
1778399502150939,442009498,2759,168.918365,63,-618.253,121.091,255,8
1778399502162413,442019445,2768,169.469391,60,-589.894,109.656,255,8
1778399502173160,442029406,2778,170.081635,58,-571.331,99.902,255,8
1778399502217134,442039346,2787,170.632660,58,-572.266,94.403,255,8
1778399502217559,442049306,2796,171.183670,58,-573.147,88.895,255,8
1778399502217966,442059244,2806,171.795914,59,-583.962,84.193,255,8
1778399502218327,442069216,2815,172.346939,59,-584.745,78.573,255,8
1778399502218771,442079152,2824,172.897964,60,-595.397,74.182,255,8
1778399502232997,442089114,2833,173.448990,61,-606.017,69.594,255,8
1778399502271008,442099056,2843,174.061218,74,-736.028,76.565,255,8
1778399502271406,442109020,2852,174.612244,96,-955.759,90.140,255,8
1778399502271756,442118937,2861,175.163269,101,-1006.403,85.160,255,8
1778399502272065,442128925,2870,175.714279,95,-947.344,70.994,255,8
1778399502286740,442138858,2879,176.265305,89,-888.110,57.972,255,8
1778399502288077,442148823,2888,176.816330,83,-828.719,46.096,255,8
1778399502304546,442158763,2897,177.367340,71,-709.251,32.612,255,8
1778399502311048,442168724,2906,177.918365,65,-649.571,23.610,255,8
1778399502362714,442178662,2916,178.530609,66,-659.783,16.924,255,8
1778399502363267,442188627,2925,179.081635,83,-829.893,13.303,255,8
1778399502363777,442198536,2934,179.632660,123,-1229.975,7.886,255,8
1778399502364317,442208493,2943,180.183685,151,-1509.992,-4.841,255,8
1778399502364726,442218424,2952,180.734695,167,-1669.863,-21.414,255,8
1778399502379172,442228380,2961,181.285721,181,-1809.544,-40.613,255,8
1778399502379614,442238314,2970,181.836731,190,-1899.024,-60.898,255,8
1778399502429444,442248275,2979,182.387741,197,-1968.290,-82.074,255,8
1778399502429991,442258206,2988,182.938782,201,-2007.357,-103.051,255,8
1778399502430437,442268164,2997,183.489792,203,-2026.236,-123.568,255,8
1778399502430910,442278094,3006,184.040817,204,-2034.929,-143.753,255,8
1778399502431352,442288050,3015,184.591827,205,-2043.420,-164.116,255,8
1778399502446877,442297984,3024,185.142868,206,-2051.707,-184.657,255,8
1778399502447469,442307941,3033,185.693878,206,-2049.836,-204.380,255,8
1778399502501889,442317875,3042,186.244888,206,-2047.776,-224.083,255,8
1778399502502349,442327834,3051,186.795929,206,-2045.526,-243.767,255,8
1778399502502819,442337767,3060,187.346939,206,-2043.087,-263.427,255,8
1778399502503191,442347725,3069,187.897964,206,-2040.460,-283.063,255,8
1778399502503663,442357656,3078,188.448975,206,-2037.643,-302.673,255,8
1778399502518268,442367621,3087,188.999985,204,-2014.884,-319.126,255,8
1778399502518732,442377556,3096,189.551025,197,-1942.692,-326.874,255,8
1778399502562302,442387516,3104,190.040817,193,-1900.440,-336.495,255,8
1778399502562915,442397450,3113,190.591827,198,-1946.264,-363.946,255,8
1778399502563296,442407412,3122,191.142868,196,-1923.051,-378.782,255,8
1778399502563684,442417343,3131,191.693878,179,-1752.848,-362.802,255,8
1778399502565223,442427303,3140,192.244904,121,-1182.472,-256.630,255,8
1778399502579961,442437250,3148,192.734695,81,-790.075,-178.554,255,8
1778399502591132,442447221,3157,193.285706,76,-739.660,-174.653,255,8
1778399502638411,442457156,3166,193.836746,78,-757.365,-186.542,255,8
1778399502638906,442467113,3175,194.387756,96,-929.891,-238.544,255,8
1778399502639404,442477032,3184,194.938766,111,-1072.484,-286.143,255,8
1778399502639899,442486992,3193,195.489807,113,-1088.956,-301.786,255,8
1778399502640364,442496925,3201,195.979599,113,-1086.337,-311.083,255,8
1778399502700345,442506886,3210,196.530609,111,-1064.121,-315.826,255,8
1778399502700863,442516824,3219,197.081635,112,-1070.594,-328.982,255,8
1778399502701355,442526784,3228,197.632645,113,-1076.911,-342.292,255,8
1778399502701783,442536730,3237,198.183685,113,-1073.569,-352.633,255,8
1778399502702304,442546693,3246,198.734695,114,-1079.598,-366.153,255,8
1778399502702764,442556631,3254,199.224487,114,-1076.429,-375.368,255,8
1778399502703844,442566594,3263,199.775513,112,-1053.949,-378.936,255,8
1778399502719960,442576532,3272,200.326538,110,-1031.501,-382.107,255,8
1778399502733387,442586491,3281,200.877548,111,-1037.122,-395.573,255,8
1778399502733868,442596427,3290,201.428574,111,-1033.270,-405.529,255,8
1778399502779735,442606387,3299,201.979584,111,-1029.322,-415.447,255,8
1778399502780237,442616322,3308,202.530624,110,-1016.042,-421.495,255,8
1778399502780705,442626283,3317,203.081635,110,-1011.942,-431.246,255,8
1778399502781138,442636219,3326,203.632645,110,-1007.748,-440.958,255,8
1778399502833175,442646183,3335,204.183670,111,-1012.583,-454.726,255,8
1778399502833611,442656120,3344,204.734680,112,-1017.246,-468.627,255,8
1778399502834008,442666084,3353,205.285721,113,-1021.734,-482.660,255,8
1778399502834372,442676016,3362,205.836731,114,-1026.045,-496.821,255,8
1778399502834721,442685978,3371,206.387772,115,-1030.178,-511.111,255,8
1778399502835116,442695910,3380,206.938782,115,-1025.215,-520.994,255,8
1778399502850164,442705869,3390,207.551025,114,-1010.723,-527.294,255,8
1778399502861686,442715825,3399,208.102036,98,-864.468,-461.622,255,8
1778399502862158,442725779,3408,208.653046,83,-728.358,-397.989,255,8
1778399502872839,442735713,3417,209.204086,78,-680.852,-380.579,255,8
1778399502917539,442745674,3427,209.816330,77,-668.070,-382.860,255,8
1778399502917976,442755609,3436,210.367355,77,-664.357,-389.268,255,8
1778399502918377,442765568,3445,210.918365,77,-660.583,-395.639,255,8
1778399502918712,442775501,3455,211.530609,77,-656.318,-402.675,255,8
1778399502934677,442785460,3464,212.081619,77,-652.415,-408.968,255,8
1778399502935188,442795392,3473,212.632660,77,-648.452,-415.223,255,8
1778399502983824,442805355,3483,213.244904,77,-643.978,-422.129,255,8
1778399502984299,442815287,3492,213.795914,77,-639.889,-428.302,255,8
1778399502984637,442825250,3502,214.408173,76,-627.025,-429.464,255,8
1778399502985079,442835182,3511,214.959183,76,-622.866,-435.474,255,8
1778399502985633,442845140,3520,215.510193,76,-618.649,-441.444,255,8
1778399502999827,442855078,3530,216.122452,76,-613.897,-448.030,255,8
1778399503000728,442865040,3539,216.673477,76,-609.560,-453.913,255,8
1778399503012307,442874978,3548,217.224487,77,-613.129,-465.803,255,8
1778399503055946,442884941,3558,217.836746,77,-608.117,-472.329,255,8
1778399503056535,442894878,3567,218.387756,78,-611.384,-484.365,255,8
1778399503056978,442904845,3576,218.938766,79,-614.476,-496.507,255,8
1778399503057529,442914778,3585,219.489792,80,-617.390,-508.753,255,8
1778399503072323,442924741,3595,220.102051,80,-611.919,-515.321,255,8
1778399503072909,442934676,3604,220.653061,80,-606.935,-521.182,255,8
1778399503116110,442944639,3613,221.204071,80,-601.894,-526.994,255,8
1778399503116708,442954584,3622,221.755112,80,-596.798,-532.759,255,8
1778399503117209,442964548,3632,222.367340,80,-591.072,-539.105,255,8
1778399503117728,442974482,3641,222.918365,81,-593.183,-551.574,255,8
1778399503121453,442984445,3650,223.469376,81,-587.851,-557.253,255,8
1778399503137570,442994382,3660,224.081635,81,-581.863,-563.503,255,8
1778399503139321,443004343,3669,224.632645,82,-583.533,-576.098,255,8
1778399503155507,443014271,3678,225.183685,83,-585.014,-588.777,255,8
1778399503205996,443024233,3688,225.795914,84,-585.662,-602.163,255,8
1778399503206430,443034167,3697,226.346939,84,-579.844,-607.768,255,8
1778399503206914,443044128,3706,226.897949,85,-580.805,-620.617,255,8
1778399503207287,443054060,3715,227.448990,87,-588.334,-640.908,255,8
1778399503207728,443064013,3724,228.000000,88,-588.835,-653.967,255,8
1778399503208598,443073948,3734,228.612244,90,-595.036,-675.227,255,8
1778399503224289,443083907,3743,229.163254,91,-595.054,-688.484,255,8
1778399503267016,443093841,3752,229.714294,93,-601.338,-709.432,255,8
1778399503267479,443103805,3761,230.265305,93,-594.487,-715.182,255,8
1778399503267902,443113738,3770,230.816315,93,-587.582,-720.866,255,8
1778399503268285,443123703,3780,231.428574,93,-579.845,-727.103,255,8
1778399503268738,443133639,3789,231.979599,93,-572.826,-732.646,255,8
1778399503283196,443143602,3798,232.530609,94,-571.837,-746.058,255,8
1778399503290295,443153538,3807,233.081619,96,-576.650,-767.512,255,8
1778399503302386,443163500,3816,233.632660,97,-575.171,-781.075,255,8
1778399503347752,443173428,3825,234.183670,96,-561.781,-778.461,255,8
1778399503348372,443185362,3836,234.857147,83,-477.762,-678.707,255,8
1778399503348859,443197289,3847,235.530609,83,-469.752,-684.276,255,8
1778399503349385,443207243,3856,236.081650,85,-474.309,-705.359,255,8
1778399503364657,443221155,3869,236.877548,87,-475.394,-728.629,255,8
1778399503365297,443231109,3878,237.428558,90,-484.516,-758.449,255,8
1778399503411524,443243038,3889,238.102036,89,-470.283,-755.602,255,8
1778399503412014,443254970,3900,238.775497,88,-456.186,-752.526,255,8
1778399503412454,443264880,3909,239.326538,102,-520.347,-877.290,255,8
1778399503412879,443274838,3918,239.877548,104,-521.924,-899.553,255,8
1778399503428912,443284772,3928,240.489807,106,-522.133,-922.484,255,8
1778399503429397,443294730,3937,241.040817,107,-518.079,-936.212,255,8
1778399503479899,443304660,3946,241.591843,107,-509.052,-941.152,255,8
1778399503480412,443314625,3955,242.142853,111,-518.668,-981.368,255,8
1778399503480874,443324557,3964,242.693863,138,-633.068,-1226.224,255,8
1778399503481314,443334521,3973,243.244904,172,-774.306,-1535.855,255,8
1778399503481689,443344455,3982,243.795914,192,-847.814,-1722.676,255,8
1778399503534581,443354417,3991,244.346939,199,-861.512,-1793.850,255,8
1778399503535113,443364348,4000,244.897949,200,-848.464,-1811.107,255,8
1778399503535711,443374311,4009,245.448990,198,-822.696,-1800.992,255,8
1778399503536262,443384246,4018,246.000000,195,-793.136,-1781.414,255,8
1778399503536823,443394206,4026,246.489792,192,-765.912,-1760.619,255,8
1778399503537233,443404142,4035,247.040802,189,-737.243,-1740.280,255,8
1778399503553731,443414104,4044,247.591843,193,-735.720,-1784.269,255,8
1778399503560718,443424033,4053,248.142853,203,-755.756,-1884.073,255,8
1778399503572360,443433996,4062,248.693878,214,-777.571,-1993.736,255,8
1778399503618072,443443929,4071,249.244888,223,-790.255,-2085.281,255,8
1778399503618660,443453885,4080,249.795929,232,-801.247,-2177.247,255,8
1778399503619184,443463828,4089,250.346939,238,-800.451,-2241.356,255,8
1778399503619537,443473780,4098,250.897949,244,-798.494,-2305.647,255,8
1778399503619882,443483721,4107,251.448990,250,-795.372,-2370.102,255,8
1778399503675520,443493676,4116,252.000000,254,-784.903,-2415.684,255,8
1778399503676154,443503620,4124,252.489792,255,-767.233,-2431.842,255,8
1778399503676562,443513572,4133,253.040817,255,-743.810,-2439.108,255,8
1778399503676907,443523512,4142,253.591827,254,-717.495,-2436.555,255,8
1778399503677246,443533463,4151,254.142868,254,-694.029,-2443.343,255,8
1778399503677588,443543407,4160,254.693878,254,-670.499,-2449.904,255,8
1778399503691187,443553359,4169,255.244888,255,-649.455,-2465.909,255,8
1778399503730631,443563303,4178,255.795929,254,-623.256,-2462.347,255,8
1778399503731174,443573263,4187,256.346924,251,-592.466,-2439.074,255,8
1778399503731622,443583189,4196,256.897980,238,-539.512,-2318.044,255,8
1778399503732123,443593147,4204,257.387756,196,-427.969,-1912.705,255,8
1778399503746268,443603080,4213,257.938782,186,-388.659,-1818.940,255,8
1778399503746657,443613038,4222,258.489807,185,-369.153,-1812.795,255,8
1778399503762002,443622978,4231,259.040802,187,-355.506,-1835.896,255,8
1778399503769165,443632940,4240,259.591827,167,-301.701,-1642.521,255,8
1778399503821333,443642862,4248,260.081635,141,-242.865,-1388.926,255,8
1778399503821720,443652833,4257,260.632660,131,-213.220,-1292.531,255,8
1778399503822136,443662759,4266,261.183655,122,-186.987,-1205.585,255,8
1778399503822558,443672726,4275,261.734711,107,-153.820,-1058.886,255,8
1778399503822963,443682684,4284,262.285706,93,-124.837,-921.583,255,8
1778399503824179,443692618,4292,262.775513,99,-124.500,-982.140,255,8
1778399503838509,443702556,4301,263.326538,111,-128.994,-1102.479,255,8
1778399503849581,443712527,4310,263.877533,122,-130.118,-1213.041,255,8
1778399503861209,443722449,4319,264.428589,124,-120.387,-1234.142,255,8
1778399503925406,443732411,4328,264.979584,124,-108.513,-1235.243,255,8
1778399503925899,443742340,4337,265.530609,124,-96.629,-1236.229,255,8
1778399503926300,443752303,4345,266.020416,124,-86.057,-1237.010,255,8
1778399503926690,443762232,4354,266.571442,123,-73.559,-1227.798,255,8
1778399503927263,443772199,4363,267.122437,123,-61.748,-1228.449,255,8
1778399503927649,443782126,4372,267.673462,123,-49.931,-1228.986,255,8
1778399503928061,443792098,4381,268.224487,122,-37.800,-1219.414,255,8
1778399503945879,443802026,4389,268.714264,121,-27.151,-1209.695,255,8
1778399503946363,443811999,4398,269.265320,121,-15.515,-1209.901,255,8
1778399503999714,443821927,4407,269.816315,122,-3.911,-1219.994,255,8
1778399504000252,443831904,4416,270.367371,122,7.822,-1219.975,255,8
1778399504000684,443841842,4424,270.857147,121,18.101,-1209.865,255,8
1778399504001140,443851804,4433,271.408173,114,28.015,-1139.656,255,8
1778399504001522,443861763,4442,271.959198,99,33.846,-989.421,255,8
1778399504002409,443871726,4451,272.510193,89,38.979,-889.146,255,8
1778399504018484,443881669,4460,273.061218,87,46.461,-868.759,255,8
1778399504069706,443891626,4469,273.612244,87,54.813,-868.272,255,8
1778399504070164,443901564,4478,274.163269,87,63.161,-867.704,255,8
1778399504070608,443911514,4486,274.653046,89,72.198,-887.067,255,8
1778399504070943,443921455,4495,275.204102,97,87.983,-966.002,255,8
1778399504071315,443931393,4504,275.755096,100,100.277,-994.960,255,8
1778399504071688,443941330,4513,276.306122,100,109.841,-993.949,255,8
1778399504086089,443951288,4522,276.857147,100,119.394,-992.847,255,8
1778399504098088,443961225,4531,277.408142,100,128.937,-991.653,255,8
1778399504138741,443971207,4540,277.959198,98,135.699,-970.560,255,8
1778399504139144,443981141,4549,278.510193,91,134.667,-899.980,255,8
1778399504139497,443991103,4558,279.061218,78,122.842,-770.266,255,8
1778399504139788,444005020,4570,279.795929,61,103.785,-601.106,255,8
1778399504195843,444014978,4579,280.346924,48,86.212,-472.194,255,8
1778399504196317,444024913,4588,280.897980,47,88.859,-461.524,255,8
1778399504196771,444034871,4597,281.448975,47,93.293,-460.648,255,8
1778399504197126,444044807,4606,282.000000,47,97.718,-459.729,255,8
1778399504197498,444054765,4615,282.551025,49,106.481,-478.290,255,8
1778399504197919,444064696,4624,283.102020,53,120.143,-516.203,255,8
1778399504213241,444074661,4633,283.653076,57,134.544,-553.893,255,8
1778399504214253,444084593,4642,284.204071,60,147.226,-581.657,255,8
1778399504231287,444094553,4650,284.693878,60,152.193,-580.377,255,8
1778399504289624,444106491,4661,285.367340,60,159.004,-578.548,255,8
1778399504290027,444116428,4670,285.918365,62,170.046,-596.225,255,8
1778399504290548,444126394,4679,286.469391,77,218.297,-738.408,255,8
1778399504290908,444136327,4688,287.020416,86,251.733,-822.332,255,8
1778399504291287,444146288,4697,287.571442,86,259.629,-819.873,255,8
1778399504291664,444156224,4706,288.122437,84,261.281,-798.331,255,8
1778399504306266,444166181,4714,288.612244,83,264.904,-786.591,255,8
1778399504306644,444176116,4724,289.224487,81,266.709,-764.831,255,8
1778399504317171,444186069,4732,289.714294,81,273.237,-762.523,255,8
1778399504332377,444196005,4741,290.265320,81,280.558,-759.860,255,8
1778399504380434,444205962,4750,290.816315,80,284.299,-747.780,255,8
1778399504380909,444215893,4759,291.367371,80,291.477,-745.011,255,8
1778399504381502,444225849,4768,291.918365,81,302.361,-751.450,255,8
1778399504381957,444235777,4777,292.469391,80,305.752,-739.267,255,8
1778399504382367,444245737,4786,293.020416,82,320.668,-754.700,255,8
1778399504397369,444255671,4795,293.571411,85,339.908,-779.078,255,8
1778399504397863,444265628,4804,294.122467,85,347.385,-775.773,255,8
1778399504448834,444275558,4813,294.673462,85,354.829,-772.396,255,8
1778399504449330,444285517,4822,295.224487,84,357.979,-759.902,255,8
1778399504449801,444295442,4831,295.775513,84,365.271,-756.424,255,8
1778399504450426,444305399,4840,296.326538,80,354.789,-717.025,255,8
1778399504450826,444315329,4849,296.877563,70,316.460,-624.382,255,8
1778399504464852,444325281,4858,297.428558,68,313.237,-603.558,255,8
1778399504465622,444335217,4867,297.979584,75,351.868,-662.336,255,8
1778399504475831,444345174,4876,298.530609,84,401.208,-737.992,255,8
1778399504519766,444355110,4884,299.020416,86,417.204,-752.024,255,8
1778399504520460,444365069,4893,299.571411,87,429.352,-756.675,255,8
1778399504521039,444375011,4902,300.122437,87,436.609,-752.511,255,8
1778399504521534,444384969,4911,300.673462,88,448.927,-756.878,255,8
1778399504525285,444394904,4920,301.224487,90,466.553,-769.629,255,8
1778399504539554,444404866,4929,301.775513,90,473.933,-765.106,255,8
1778399504582752,444414795,4938,302.326538,89,475.922,-752.063,255,8
1778399504583363,444424756,4947,302.877563,89,483.133,-747.451,255,8
1778399504583898,444434691,4956,303.428558,88,484.789,-734.425,255,8
1778399504584429,444444650,4965,303.979584,87,486.241,-721.436,255,8
1778399504584837,444454585,4974,304.530609,86,487.488,-708.488,255,8
1778399504599931,444464542,4983,305.081635,86,494.279,-703.767,255,8
1778399504611334,444474482,4992,305.632660,87,506.850,-707.109,255,8
1778399504612070,444484432,5001,306.183655,87,513.627,-702.202,255,8
1778399504650871,444494363,5010,306.734711,87,520.356,-697.230,255,8
1778399504651637,444504321,5019,307.285706,87,527.037,-692.193,255,8
1778399504652173,444514261,5028,307.836731,87,533.670,-687.093,255,8
1778399504652643,444524220,5036,308.326538,87,539.524,-682.506,255,8
1778399504667308,444534150,5045,308.877533,86,539.786,-669.501,255,8
1778399504711811,444544109,5054,309.428589,84,533.497,-648.830,255,8
1778399504712232,444554043,5064,310.040802,83,533.966,-635.437,255,8
1778399504712708,444564002,5072,310.530609,82,532.880,-623.248,255,8
1778399504713136,444573937,5081,311.081635,81,532.278,-610.557,255,8
1778399504713573,444583898,5090,311.632660,80,531.482,-597.936,255,8
1778399504727733,444593834,5100,312.244904,79,531.118,-584.820,255,8
1778399504768569,444603793,5108,312.734680,78,529.311,-572.913,255,8
1778399504769107,444613725,5117,313.285706,77,527.940,-560.517,255,8
1778399504769476,444623682,5126,313.836731,73,505.602,-526.561,255,8
1778399504769837,444633613,5135,314.387756,69,482.662,-493.089,255,8
1778399504770683,444643574,5144,314.938782,69,487.382,-488.425,255,8
1778399504785340,444653505,5153,315.489807,72,513.451,-504.746,255,8
1778399504796697,444663465,5162,316.040833,72,518.281,-499.785,255,8
1778399504833255,444673397,5171,316.591827,72,523.063,-494.778,255,8
1778399504833615,444683359,5180,317.142853,72,527.797,-489.724,255,8
1778399504833920,444693298,5189,317.693878,71,525.087,-477.895,255,8
1778399504834236,444703258,5198,318.244904,71,529.659,-472.823,255,8
1778399504848898,444713193,5207,318.795929,70,526.658,-461.120,255,8
1778399504849634,444723151,5216,319.346924,70,531.068,-456.034,255,8
1778399504892173,444733084,5225,319.897949,69,527.780,-444.464,255,8
1778399504892575,444743049,5234,320.448975,68,524.319,-433.000,255,8
1778399504892902,444752985,5243,321.000000,68,528.459,-427.938,255,8
1778399504893270,444762944,5252,321.551025,66,516.887,-410.400,255,8
1778399504907874,444772881,5261,322.102051,60,473.464,-368.554,255,8
1778399504909058,444782844,5270,322.653076,53,421.338,-321.519,255,8
1778399504948248,444792778,5279,323.204071,51,408.395,-305.473,255,8
1778399504948637,444802744,5288,323.755096,50,403.249,-295.619,255,8
1778399504948958,444812679,5297,324.306122,50,406.073,-291.727,255,8
1778399504949314,444822635,5306,324.857147,50,408.860,-287.809,255,8
1778399504962792,444832568,5315,325.408173,50,411.609,-283.863,255,8
1778399504969095,444843521,5324,325.959198,50,414.320,-279.892,255,8
1778399504980161,444852452,5333,326.510193,50,416.992,-275.894,255,8
1778399505024834,444862412,5342,327.061218,50,419.626,-271.871,255,8
1778399505025302,444872343,5351,327.612244,50,422.221,-267.823,255,8
1778399505025967,444882302,5360,328.163269,50,424.777,-263.750,255,8
1778399505026320,444892239,5369,328.714294,52,444.386,-270.039,255,8
1778399505039068,444902208,5378,329.265289,57,489.939,-291.306,255,8
1778399505039509,444912139,5387,329.816315,60,518.651,-301.664,255,8
1778399505083607,444922101,5396,330.367340,61,530.220,-301.607,255,8
1778399505083965,444932038,5405,330.918365,61,533.096,-296.494,255,8
1778399505084361,444941999,5414,331.469391,60,527.137,-286.577,255,8
1778399505084689,444951936,5423,332.020416,60,529.869,-281.494,255,8
1778399505097644,444961896,5432,332.571442,60,532.552,-276.385,255,8
1778399505098019,444971834,5440,333.061218,60,534.895,-271.823,255,8
1778399505112931,444981792,5449,333.612244,59,528.526,-262.222,255,8
1778399505118647,444991729,5458,334.163269,59,531.023,-257.127,255,8
1778399505166492,445001688,5467,334.714294,59,533.472,-252.008,255,8
1778399505166910,445011621,5476,335.265320,59,535.870,-246.866,255,8
1778399505167267,445021581,5485,335.816315,58,529.097,-237.605,255,8
1778399505167566,445031518,5494,336.367371,58,531.358,-232.505,255,8
1778399505167861,445041475,5503,336.918365,58,533.569,-227.385,255,8
1778399505181402,445051418,5512,337.469391,58,535.731,-222.243,255,8
1778399505221095,445061377,5521,338.020416,57,528.571,-213.337,255,8
1778399505221478,445071310,5530,338.571411,57,530.598,-208.245,255,8
1778399505221827,445081268,5539,339.122467,57,532.576,-203.132,255,8
1778399505222230,445091204,5548,339.673462,57,534.505,-198.001,255,8
1778399505235590,445101157,5556,340.163269,57,536.178,-193.424,255,8
1778399505235994,445111101,5566,340.775513,56,528.772,-184.391,255,8
1778399505254667,445121063,5574,341.265320,56,530.329,-179.864,255,8
1778399505255500,445130999,5583,341.816315,56,532.034,-174.756,255,8
1778399505311597,445140959,5592,342.367340,56,533.690,-169.631,255,8
1778399505312082,445150897,5601,342.918365,56,535.297,-164.491,255,8
1778399505312596,445160856,5610,343.469391,56,536.854,-159.335,255,8
1778399505312958,445170798,5619,344.020416,56,538.362,-154.165,255,8
1778399505313370,445180761,5628,344.571411,55,530.180,-146.320,255,8
1778399505314804,445190695,5637,345.122437,55,531.562,-141.215,255,8
1778399505327960,445200654,5646,345.673462,55,532.896,-136.096,255,8
1778399505368062,445210595,5655,346.224487,55,534.180,-130.965,255,8
1778399505368498,445220554,5664,346.775513,55,535.415,-125.822,255,8
1778399505369035,445230485,5673,347.326538,55,536.600,-120.667,255,8
1778399505369417,445240455,5682,347.877563,54,527.959,-113.401,255,8
1778399505384134,445250396,5690,348.367340,54,528.909,-108.884,255,8
1778399505384533,445260363,5699,348.918365,54,529.931,-103.792,255,8
1778399505396126,445270303,5708,349.469391,54,530.905,-98.691,255,8
1778399505450017,445280265,5717,350.020416,54,531.830,-93.581,255,8
1778399505450449,445290205,5726,350.571442,54,532.705,-88.462,255,8
1778399505450875,445300162,5735,351.122437,54,533.531,-83.335,255,8
1778399505451289,445310094,5744,351.673492,54,534.308,-78.200,255,8
1778399505451850,445320053,5753,352.224487,54,535.035,-73.058,255,8
1778399505453419,445329994,5762,352.775513,54,535.713,-67.909,255,8
1778399505467982,445339957,5770,353.265320,54,536.274,-63.327,255,8
1778399505514254,445349890,5779,353.816315,54,536.858,-58.167,255,8
1778399505514730,445359862,5788,354.367340,53,527.441,-52.020,255,8
1778399505515191,445369793,5797,354.918365,53,527.917,-46.945,255,8
1778399505515638,445379758,5806,355.469391,53,528.344,-41.866,255,8
1778399505516038,445389689,5815,356.020416,53,528.722,-36.783,255,8
1778399505530404,445399651,5824,356.571442,53,529.051,-31.696,255,8
1778399505541756,445409589,5833,357.122437,53,529.332,-26.607,255,8
1778399505542491,445419552,5842,357.673462,53,529.563,-21.515,255,8
1778399505593602,445429493,5850,358.163269,53,529.728,-16.987,255,8
1778399505593979,445439459,5859,358.714264,53,529.867,-11.892,255,8
1778399505594294,445449402,5868,359.265320,53,529.956,-6.796,255,8
1778399505594638,445459368,5877,359.816315,53,529.997,-1.699,255,8
1778399505594936,445469303,6,0.367347,53,529.989,3.398,255,8
1778399505609909,445479272,15,0.918367,53,529.932,8.495,255,8
1778399505611788,445489217,24,1.469388,53,529.826,13.591,255,8
1778399505651169,445499180,32,1.959184,53,529.690,18.119,255,8
1778399505651587,445509130,41,2.510204,53,529.491,23.213,255,8
1778399505652014,445519092,50,3.061225,53,529.244,28.304,255,8
1778399505652364,445529032,59,3.612245,53,528.947,33.392,255,8
1778399505666138,445538997,68,4.163265,53,528.601,38.477,255,8
1778399505673136,445548936,77,4.714286,53,528.207,43.559,255,8
1778399505684444,445558905,86,5.265306,53,527.764,48.637,255,8
1778399505729685,445568842,94,5.755102,53,527.329,53.147,255,8
1778399505730134,445578805,103,6.306122,52,516.854,57.117,255,8
1778399505730553,445588746,112,6.857143,52,516.280,62.085,255,8
1778399505730933,445598712,121,7.408164,52,515.659,67.047,255,8
1778399505731308,445608652,130,7.959184,52,514.991,72.003,255,8
1778399505747833,445618613,138,8.448980,52,514.356,76.403,255,8
1778399505792573,445628552,147,9.000000,52,513.598,81.346,255,8
1778399505792980,445638519,156,9.551021,52,512.792,86.281,255,8
1778399505793306,445648458,165,10.102040,52,511.938,91.209,255,8
1778399505793614,445658424,173,10.591837,52,511.140,95.582,255,8
1778399505793984,445668367,182,11.142858,52,510.197,100.493,255,8
1778399505809349,445678332,191,11.693877,52,509.207,105.395,255,8
1778399505809757,445688279,200,12.244899,52,508.170,110.287,255,8
1778399505821551,445698240,208,12.734694,52,507.209,114.627,255,8
1778399505864462,445708177,217,13.285715,52,506.083,119.500,255,8
1778399505864833,445718144,226,13.836735,53,514.620,126.753,255,8
1778399505865155,445728089,234,14.326530,53,513.518,131.147,255,8
1778399505865465,445738048,243,14.877551,53,512.233,136.080,255,8
1778399505878552,445747990,252,15.428572,53,510.900,141.000,255,8
1778399505879075,445757951,260,15.918367,53,509.676,145.362,255,8
1778399505926939,445767886,269,16.469389,53,508.255,150.257,255,8
1778399505927422,445777847,278,17.020409,53,506.786,155.138,255,8
1778399505927802,445787784,286,17.510204,53,505.442,159.464,255,8
1778399505928225,445797746,295,18.061224,53,503.885,164.318,255,8
1778399505928573,445807682,303,18.551020,53,502.462,168.619,255,8
1778399505942284,445817641,312,19.102041,53,500.817,173.443,255,8
1778399505948780,445827578,320,19.591837,53,499.316,177.718,255,8
1778399505962320,445837536,329,20.142857,53,497.584,182.512,255,8
1778399506009782,445847471,338,20.693876,53,495.805,187.289,255,8
1778399506010273,445857435,346,21.183674,53,494.186,191.520,255,8
1778399506010731,445867371,354,21.673470,53,492.531,195.738,255,8
1778399506011204,445877334,363,22.224491,53,490.626,200.465,255,8
1778399506011615,445887274,372,22.775511,53,488.675,205.174,255,8
1778399506029421,445897235,380,23.265306,53,486.903,209.344,255,8
1778399506029919,445907170,389,23.816326,54,494.016,218.055,255,8
1778399506088955,445917130,397,24.306122,54,492.134,222.270,255,8
1778399506089453,445927064,406,24.857143,54,489.974,226.993,255,8
1778399506089910,445937027,414,25.346939,54,488.015,231.173,255,8
1778399506090458,445946966,423,25.897959,54,485.770,235.856,255,8
1778399506090956,445956925,431,26.387754,54,483.736,240.000,255,8
1778399506091519,445966861,440,26.938774,54,481.405,244.641,255,8
1778399506150750,445976829,448,27.428572,54,479.296,248.747,255,8
1778399506151157,445986765,457,27.979591,54,476.882,253.345,255,8
1778399506151511,445996732,466,28.530611,54,474.424,257.919,255,8
1778399506151895,446006663,474,29.020407,55,480.946,266.817,255,8
1778399506152253,446016620,482,29.510206,55,478.647,270.918,255,8
1778399506152579,446026554,491,30.061226,55,476.020,275.509,255,8
1778399506168103,446036517,499,30.551020,55,473.647,279.568,255,8
1778399506168712,446046448,508,31.102039,55,470.937,284.110,255,8
1778399506219040,446056402,516,31.591835,55,468.491,288.125,255,8
1778399506219658,446066337,524,32.081635,55,466.011,292.120,255,8
1778399506220163,446076298,533,32.632652,55,463.180,296.588,255,8
1778399506220559,446086229,541,33.122448,56,469.003,306.001,255,8
1778399506220902,446096192,550,33.673470,56,466.038,310.497,255,8
1778399506239175,446106124,558,34.163265,56,463.367,314.470,255,8
1778399506239612,446116084,567,34.714287,56,460.321,318.911,255,8
1778399506295509,446126010,575,35.204082,56,457.578,322.835,255,8
1778399506295963,446135973,583,35.693878,56,454.802,326.734,255,8
1778399506296454,446145898,592,36.244896,56,451.638,331.093,255,8
1778399506296895,446155854,600,36.734695,57,456.806,340.923,255,8
1778399506297338,446165789,609,37.285713,57,453.506,345.300,255,8
1778399506297812,446175749,617,37.775509,57,450.538,349.164,255,8
1778399506314602,446185681,625,38.265305,57,447.536,353.003,255,8
1778399506315105,446195643,634,38.816326,58,451.912,363.559,255,8
1778399506364920,446205577,642,39.306122,58,448.788,367.409,255,8
1778399506365494,446215542,650,39.795918,58,445.631,371.232,255,8
1778399506365962,446225479,658,40.285713,58,442.441,375.028,255,8
1778399506366475,446235447,667,40.836735,58,438.814,379.265,255,8
1778399506366897,446245383,675,41.326530,58,435.556,383.003,255,8
1778399506383648,446255349,682,41.755100,58,432.679,386.250,255,8
1778399506384124,446265290,687,42.061226,56,415.760,375.158,255,8
1778399506427975,446275255,690,42.244900,55,407.153,369.766,255,8
1778399506428491,446285194,690,42.244900,55,407.153,369.766,255,8
1778399506428866,446295153,691,42.306122,55,406.758,370.200,255,8
1778399506429251,446305088,691,42.306122,55,406.758,370.200,255,8
1778399506494276,446315052,691,42.306122,55,406.758,370.200,255,8
1778399506494783,446324994,691,42.306122,55,406.758,370.200,255,8
1778399506495189,446334958,691,42.306122,55,406.758,370.200,255,8
1778399506495544,446344898,691,42.306122,55,406.758,370.200,255,8
1778399506495900,446354864,690,42.244900,55,407.153,369.766,255,8
1778399506496270,446364808,690,42.244900,55,407.153,369.766,255,8
1778399506496712,446374771,689,42.183674,56,414.958,376.045,255,8
1778399506512599,446384716,688,42.122448,56,415.359,375.602,255,8
1778399506513019,446394683,686,42.000000,56,416.161,374.713,255,8
1778399506633524,446404623,683,41.816326,56,417.360,373.377,255,8
1778399506633948,446414584,680,41.632652,56,418.555,372.037,255,8
1778399506634370,446424521,677,41.448982,57,427.241,377.313,255,8
1778399506634763,446434491,673,41.204082,57,428.850,375.484,255,8
1778399506635147,446444426,669,40.959183,57,430.451,373.647,255,8
1778399506635466,446454387,666,40.775509,57,431.646,372.265,255,8
1778399506635862,446464324,662,40.530609,57,433.234,370.417,255,8
1778399506636289,446474287,658,40.285713,58,442.441,375.028,255,8
1778399506636688,446484220,653,39.979591,58,444.439,372.659,255,8
1778399506637036,446494180,649,39.734695,58,446.027,370.755,255,8
1778399506637410,446504117,645,39.489796,58,447.608,368.846,255,8
1778399506637791,446514082,641,39.244896,57,441.436,360.603,255,8
1778399506651858,446524022,636,38.938778,57,443.356,358.239,255,8
1778399506652372,446533986,632,38.693878,57,444.883,356.341,255,8
