host_time,elapsed_s,seq,distance_cm,angle_deg,quality,t_sample_us,angle_tick,status
2026-03-26T16:43:22.505,0.067,239,69,17.632652,255,110306184,288,8
2026-03-26T16:43:22.507,0.069,240,69,16.959185,255,110316135,277,8
2026-03-26T16:43:22.508,0.069,241,69,16.224489,255,110326103,265,8
2026-03-26T16:43:22.508,0.070,242,69,15.551020,255,110336049,254,8
2026-03-26T16:43:22.509,0.070,243,69,14.816327,255,110346018,242,8
2026-03-26T16:43:22.509,0.071,244,69,14.081633,255,110355973,230,8
2026-03-26T16:43:22.510,0.071,245,69,13.346939,255,110365944,218,8
2026-03-26T16:43:22.510,0.071,246,69,12.673470,255,110375884,207,8
2026-03-26T16:43:22.511,0.072,247,69,11.938775,255,110385853,195,8
2026-03-26T16:43:22.511,0.072,248,69,11.204082,255,110395794,183,8
2026-03-26T16:43:22.511,0.073,249,69,10.469388,255,110405763,171,8
2026-03-26T16:43:22.512,0.073,250,69,9.734694,255,110415703,159,8
2026-03-26T16:43:22.512,0.074,251,69,9.061224,255,110425672,148,8
2026-03-26T16:43:22.513,0.074,252,69,8.326530,255,110435615,136,8
2026-03-26T16:43:22.513,0.075,253,69,7.591837,255,110445586,124,8
2026-03-26T16:43:22.554,0.116,254,69,6.979592,255,110455525,114,8
2026-03-26T16:43:22.555,0.117,255,69,6.244898,255,110465496,102,8
2026-03-26T16:43:22.556,0.117,0,69,5.448980,255,110475447,89,8
2026-03-26T16:43:22.556,0.118,1,69,4.714286,255,110485423,77,8
2026-03-26T16:43:22.611,0.172,2,69,4.040816,255,110495375,66,8
2026-03-26T16:43:22.611,0.173,3,69,3.306122,255,110505345,54,8
2026-03-26T16:43:22.612,0.173,4,69,2.571429,255,110515293,42,8
2026-03-26T16:43:22.612,0.173,5,69,1.897959,255,110525267,31,8
2026-03-26T16:43:22.613,0.174,6,69,1.163265,255,110535218,19,8
2026-03-26T16:43:22.613,0.174,7,69,0.489796,255,110545185,8,8
2026-03-26T16:43:22.654,0.215,8,69,359.755096,255,110555131,5876,8
2026-03-26T16:43:22.655,0.216,9,69,359.020416,255,110565101,5864,8
2026-03-26T16:43:22.656,0.217,10,69,358.285706,255,110575050,5852,8
2026-03-26T16:43:22.656,0.217,11,69,357.551025,255,110585019,5840,8
2026-03-26T16:43:22.705,0.266,12,69,356.877533,255,110594973,5829,8
2026-03-26T16:43:22.706,0.267,13,69,356.142853,255,110604944,5817,8
2026-03-26T16:43:22.706,0.268,14,69,355.408173,255,110614894,5805,8
2026-03-26T16:43:22.707,0.268,15,69,354.673462,255,110624868,5793,8
2026-03-26T16:43:22.707,0.269,16,69,353.938751,255,110634813,5781,8
2026-03-26T16:43:22.754,0.316,17,69,353.265320,255,110644792,5770,8
2026-03-26T16:43:22.755,0.317,18,69,352.530609,255,110654740,5758,8
2026-03-26T16:43:22.756,0.317,19,69,351.795929,255,110664715,5746,8
2026-03-26T16:43:22.756,0.318,20,69,351.183655,255,110674663,5736,8
2026-03-26T16:43:22.757,0.318,21,69,350.387756,255,110684635,5723,8
2026-03-26T16:43:22.804,0.366,22,69,349.653076,255,110694582,5711,8
2026-03-26T16:43:22.805,0.366,23,69,348.918365,255,110704557,5699,8
2026-03-26T16:43:22.806,0.367,24,69,348.306122,255,110714504,5689,8
2026-03-26T16:43:22.806,0.367,25,69,347.510193,255,110724482,5676,8
2026-03-26T16:43:22.806,0.368,26,69,346.775513,255,110734433,5664,8
2026-03-26T16:43:22.854,0.416,27,69,346.102051,255,110744408,5653,8
2026-03-26T16:43:22.856,0.417,28,69,345.428558,255,110754360,5642,8
2026-03-26T16:43:22.857,0.418,29,69,344.693878,255,110764334,5630,8
2026-03-26T16:43:22.858,0.419,30,69,343.897980,255,110774287,5617,8
2026-03-26T16:43:22.859,0.420,31,69,343.224487,255,110784269,5606,8
2026-03-26T16:43:22.904,0.466,32,69,342.489777,255,110794219,5594,8
2026-03-26T16:43:22.905,0.467,33,69,341.755096,255,110804192,5582,8
2026-03-26T16:43:22.906,0.467,34,69,341.081635,255,110814143,5571,8
2026-03-26T16:43:22.907,0.468,35,69,340.346954,255,110824119,5559,8
2026-03-26T16:43:22.907,0.468,36,69,339.612244,255,110834067,5547,8
2026-03-26T16:43:22.956,0.517,37,69,338.938782,255,110844039,5536,8
2026-03-26T16:43:22.957,0.519,38,69,338.204102,255,110853989,5524,8
2026-03-26T16:43:22.958,0.520,39,69,337.469391,255,110863961,5512,8
2026-03-26T16:43:22.959,0.520,40,69,336.795898,255,110873903,5501,8
2026-03-26T16:43:22.960,0.521,41,69,336.122437,255,110883873,5490,8
2026-03-26T16:43:22.961,0.522,42,69,335.326538,255,110893827,5477,8
2026-03-26T16:43:23.005,0.566,43,69,334.591827,255,110903799,5465,8
2026-03-26T16:43:23.006,0.567,44,69,333.857147,255,110913745,5453,8
2026-03-26T16:43:23.006,0.567,45,69,333.183685,255,110923717,5442,8
2026-03-26T16:43:23.007,0.568,46,69,332.448975,255,110933663,5430,8
2026-03-26T16:43:23.054,0.615,47,70,331.714294,255,110943633,5418,8
2026-03-26T16:43:23.056,0.617,48,69,331.040802,255,110953578,5407,8
2026-03-26T16:43:23.057,0.619,49,69,330.367340,255,110963540,5396,8
2026-03-26T16:43:23.059,0.620,50,69,329.571442,255,110973494,5383,8
2026-03-26T16:43:23.060,0.621,51,69,328.836731,255,110983465,5371,8
2026-03-26T16:43:23.061,0.622,52,69,328.163269,255,110993412,5360,8
2026-03-26T16:43:23.104,0.665,53,69,327.428558,255,111003385,5348,8
2026-03-26T16:43:23.105,0.666,54,69,326.693878,255,111013325,5336,8
2026-03-26T16:43:23.105,0.667,55,69,325.959198,255,111023296,5324,8
2026-03-26T16:43:23.106,0.667,56,69,325.285706,255,111033246,5313,8
2026-03-26T16:43:23.155,0.716,57,69,324.551025,255,111043213,5301,8
2026-03-26T16:43:23.157,0.718,58,69,323.877563,255,111053157,5290,8
2026-03-26T16:43:23.158,0.719,59,69,323.081635,255,111063129,5277,8
2026-03-26T16:43:23.159,0.721,60,69,322.408142,255,111073075,5266,8
2026-03-26T16:43:23.161,0.722,61,69,321.673462,255,111083055,5254,8
2026-03-26T16:43:23.161,0.723,62,69,321.000000,255,111093005,5243,8
2026-03-26T16:43:23.205,0.766,63,69,320.265320,255,111102976,5231,8
2026-03-26T16:43:23.207,0.769,64,69,319.530609,255,111112921,5219,8
2026-03-26T16:43:23.209,0.770,65,69,318.795929,255,111122896,5207,8
2026-03-26T16:43:23.210,0.771,66,69,318.122467,255,111132841,5196,8
2026-03-26T16:43:23.213,0.774,67,69,317.387756,255,111142808,5184,8
2026-03-26T16:43:23.254,0.815,68,69,316.653046,255,111152754,5172,8
2026-03-26T16:43:23.256,0.817,69,69,315.918365,255,111162727,5160,8
2026-03-26T16:43:23.257,0.818,70,69,315.306122,255,111172677,5150,8
2026-03-26T16:43:23.257,0.819,71,69,314.510193,255,111182651,5137,8
2026-03-26T16:43:23.258,0.820,72,69,313.775513,255,111192596,5125,8
2026-03-26T16:43:23.305,0.866,73,69,313.040802,255,111202566,5113,8
2026-03-26T16:43:23.308,0.869,74,69,312.367340,255,111212508,5102,8
2026-03-26T16:43:23.310,0.871,75,69,311.632660,255,111222476,5090,8
2026-03-26T16:43:23.311,0.872,76,69,310.897949,255,111232422,5078,8
2026-03-26T16:43:23.312,0.873,77,69,310.224487,255,111242394,5067,8
2026-03-26T16:43:23.354,0.915,78,69,309.489807,255,111252339,5055,8
2026-03-26T16:43:23.356,0.917,79,69,308.816315,255,111262307,5044,8
2026-03-26T16:43:23.357,0.918,80,69,308.020386,255,111272247,5031,8
2026-03-26T16:43:23.358,0.919,81,69,307.346924,255,111282214,5020,8
2026-03-26T16:43:23.359,0.921,82,69,306.612244,255,111292158,5008,8
2026-03-26T16:43:23.405,0.966,83,69,305.938782,255,111302129,4997,8
2026-03-26T16:43:23.406,0.968,84,69,305.204071,255,111312073,4985,8
2026-03-26T16:43:23.407,0.968,85,69,304.469391,255,111322043,4973,8
2026-03-26T16:43:23.407,0.969,86,69,303.734711,255,111331994,4961,8
2026-03-26T16:43:23.408,0.970,87,69,303.000000,255,111341973,4949,8
2026-03-26T16:43:23.454,1.015,88,69,302.326538,255,111351911,4938,8
2026-03-26T16:43:23.455,1.016,89,69,301.591827,255,111361878,4926,8
2026-03-26T16:43:23.456,1.017,90,69,300.857147,255,111371827,4914,8
2026-03-26T16:43:23.456,1.018,91,69,300.244904,255,111381797,4904,8
2026-03-26T16:43:23.457,1.018,92,69,299.448975,255,111391740,4891,8
2026-03-26T16:43:23.505,1.066,93,69,298.714294,255,111401709,4879,8
2026-03-26T16:43:23.507,1.069,94,69,297.979584,255,111411654,4867,8
2026-03-26T16:43:23.509,1.070,95,69,297.367340,255,111421624,4857,8
2026-03-26T16:43:23.511,1.072,96,69,296.571411,255,111431570,4844,8
2026-03-26T16:43:23.512,1.074,97,69,295.836731,255,111441537,4832,8
2026-03-26T16:43:23.514,1.076,98,69,295.163269,255,111451483,4821,8
2026-03-26T16:43:23.554,1.116,99,69,294.489777,255,111461456,4810,8
2026-03-26T16:43:23.556,1.117,100,69,293.755096,255,111471398,4798,8
2026-03-26T16:43:23.557,1.118,101,69,292.959198,255,111481374,4785,8
2026-03-26T16:43:23.557,1.119,102,69,292.224487,255,111491322,4773,8
2026-03-26T16:43:23.604,1.165,103,69,291.551025,255,111501299,4762,8
2026-03-26T16:43:23.606,1.168,104,69,290.816315,255,111511249,4750,8
2026-03-26T16:43:23.608,1.169,105,69,290.081635,255,111521228,4738,8
2026-03-26T16:43:23.609,1.170,106,69,289.408173,255,111531175,4727,8
2026-03-26T16:43:23.610,1.171,107,69,288.673462,255,111541144,4715,8
2026-03-26T16:43:23.655,1.216,108,69,288.000000,255,111551091,4704,8
2026-03-26T16:43:23.657,1.218,109,69,287.265320,255,111561067,4692,8
2026-03-26T16:43:23.659,1.220,110,69,286.530609,255,111571014,4680,8
2026-03-26T16:43:23.660,1.221,111,69,285.795929,255,111580991,4668,8
2026-03-26T16:43:23.661,1.223,112,69,285.122437,255,111590938,4657,8
2026-03-26T16:43:23.663,1.224,113,69,284.387756,255,111600911,4645,8
2026-03-26T16:43:23.704,1.266,114,69,283.653076,255,111610861,4633,8
2026-03-26T16:43:23.706,1.268,115,69,282.918365,255,111620836,4621,8
2026-03-26T16:43:23.708,1.269,116,69,282.183655,255,111630778,4609,8
2026-03-26T16:43:23.709,1.270,117,69,281.510193,255,111640747,4598,8
2026-03-26T16:43:23.755,1.316,118,69,280.775513,255,111650693,4586,8
2026-03-26T16:43:23.757,1.318,119,69,280.040833,255,111660660,4574,8
2026-03-26T16:43:23.759,1.320,120,69,279.367340,255,111670610,4563,8
2026-03-26T16:43:23.760,1.321,121,69,278.693878,255,111680589,4552,8
2026-03-26T16:43:23.761,1.323,122,69,277.897980,255,111690536,4539,8
2026-03-26T16:43:23.763,1.324,123,69,277.163269,255,111700511,4527,8
2026-03-26T16:43:23.805,1.366,124,69,276.428558,255,111710455,4515,8
2026-03-26T16:43:23.807,1.368,125,69,275.755096,255,111720426,4504,8
2026-03-26T16:43:23.808,1.370,126,69,275.020416,255,111730373,4492,8
2026-03-26T16:43:23.810,1.371,127,69,274.285706,255,111740348,4480,8
2026-03-26T16:43:23.811,1.373,128,69,273.612244,255,111750295,4469,8
2026-03-26T16:43:23.854,1.416,129,69,272.877563,255,111760261,4457,8
2026-03-26T16:43:23.856,1.417,130,69,272.204102,255,111770202,4446,8
2026-03-26T16:43:23.857,1.418,131,69,271.408173,255,111780171,4433,8
2026-03-26T16:43:23.858,1.419,132,69,270.734680,255,111790114,4422,8
2026-03-26T16:43:23.904,1.466,133,70,270.000000,255,111800081,4410,8
2026-03-26T16:43:23.906,1.467,134,70,269.265320,255,111810028,4398,8
2026-03-26T16:43:23.907,1.468,135,69,268.530609,255,111820001,4386,8
2026-03-26T16:43:23.908,1.470,136,69,267.857147,255,111829946,4375,8
2026-03-26T16:43:23.909,1.471,137,69,267.122437,255,111839916,4363,8
2026-03-26T16:43:23.910,1.472,138,69,266.387756,255,111849864,4351,8
2026-03-26T16:43:23.955,1.516,139,69,265.653076,255,111859830,4339,8
2026-03-26T16:43:23.956,1.518,140,69,264.979584,255,111869786,4328,8
2026-03-26T16:43:23.957,1.518,141,69,264.244904,255,111879757,4316,8
2026-03-26T16:43:23.958,1.519,142,69,263.510223,255,111889701,4304,8
2026-03-26T16:43:24.004,1.566,143,69,262.897949,255,111899676,4294,8
2026-03-26T16:43:24.006,1.567,144,69,262.102020,255,111909614,4281,8
2026-03-26T16:43:24.007,1.569,145,69,261.367340,255,111919584,4269,8
2026-03-26T16:43:24.008,1.570,146,69,260.632660,255,111929526,4257,8
2026-03-26T16:43:24.010,1.571,147,69,259.959167,255,111939487,4246,8
2026-03-26T16:43:24.011,1.572,148,69,259.224487,255,111949424,4234,8
2026-03-26T16:43:24.054,1.615,149,69,258.489807,255,111959390,4222,8
2026-03-26T16:43:24.056,1.617,150,69,257.816345,255,111969330,4211,8
2026-03-26T16:43:24.057,1.618,151,69,257.081635,255,111979287,4199,8
2026-03-26T16:43:24.058,1.619,152,69,256.346924,255,111989234,4187,8
2026-03-26T16:43:24.059,1.620,153,69,255.673462,255,111999200,4176,8
2026-03-26T16:43:24.105,1.667,154,69,254.877548,255,112009139,4163,8
2026-03-26T16:43:24.108,1.669,155,69,254.204086,255,112019101,4152,8
2026-03-26T16:43:24.110,1.671,156,69,253.469391,255,112029043,4140,8
2026-03-26T16:43:24.111,1.673,157,69,252.734680,255,112039006,4128,8
2026-03-26T16:43:24.112,1.674,158,69,252.061218,255,112048950,4117,8
2026-03-26T16:43:24.154,1.716,159,69,251.326523,255,112058916,4105,8
2026-03-26T16:43:24.157,1.718,160,69,250.591843,255,112068859,4093,8
2026-03-26T16:43:24.159,1.720,161,69,249.857147,255,112078820,4081,8
2026-03-26T16:43:24.160,1.721,162,69,249.183670,255,112088760,4070,8
2026-03-26T16:43:24.161,1.722,163,69,248.448990,255,112098725,4058,8
2026-03-26T16:43:24.205,1.766,164,69,247.714279,255,112108670,4046,8
2026-03-26T16:43:24.207,1.768,165,69,247.040802,255,112118637,4035,8
2026-03-26T16:43:24.208,1.769,166,69,246.367355,255,112128583,4024,8
2026-03-26T16:43:24.209,1.771,167,69,245.571426,255,112138549,4011,8
2026-03-26T16:43:24.211,1.772,168,69,244.836731,255,112148495,3999,8
2026-03-26T16:43:24.255,1.816,169,69,244.163269,255,112158468,3988,8
2026-03-26T16:43:24.256,1.818,170,69,243.428574,255,112168410,3976,8
2026-03-26T16:43:24.258,1.819,171,69,242.693863,255,112178387,3964,8
2026-03-26T16:43:24.259,1.820,172,69,241.959183,255,112188334,3952,8
2026-03-26T16:43:24.262,1.823,173,69,241.285706,255,112198310,3941,8
2026-03-26T16:43:24.305,1.866,174,69,240.551025,255,112208255,3929,8
2026-03-26T16:43:24.307,1.868,175,69,239.877548,255,112218225,3918,8
2026-03-26T16:43:24.309,1.870,176,69,239.081635,255,112228174,3905,8
2026-03-26T16:43:24.310,1.871,177,69,238.408173,255,112238142,3894,8
2026-03-26T16:43:24.311,1.872,178,69,237.673462,255,112248093,3882,8
2026-03-26T16:43:24.355,1.916,179,69,236.938766,255,112258066,3870,8
2026-03-26T16:43:24.357,1.919,180,69,236.265305,255,112268015,3859,8
2026-03-26T16:43:24.359,1.920,181,69,235.530609,255,112277985,3847,8
2026-03-26T16:43:24.360,1.922,182,69,234.795914,255,112287932,3835,8
2026-03-26T16:43:24.362,1.923,183,69,234.061234,255,112297908,3823,8
2026-03-26T16:43:24.405,1.966,184,69,233.326523,255,112307858,3811,8
2026-03-26T16:43:24.406,1.968,185,69,232.653076,255,112317826,3800,8
2026-03-26T16:43:24.408,1.969,186,69,231.918365,255,112327771,3788,8
2026-03-26T16:43:24.409,1.970,187,69,231.244888,255,112337747,3777,8
2026-03-26T16:43:24.410,1.972,188,69,230.571426,255,112347690,3766,8
2026-03-26T16:43:24.455,2.016,189,69,229.775513,255,112357662,3753,8
2026-03-26T16:43:24.457,2.018,190,69,229.040817,255,112367607,3741,8
2026-03-26T16:43:24.458,2.019,191,69,228.306107,255,112377576,3729,8
2026-03-26T16:43:24.459,2.020,192,69,227.632660,255,112387522,3718,8
2026-03-26T16:43:24.460,2.021,193,69,226.897949,255,112397491,3706,8
2026-03-26T16:43:24.505,2.066,194,69,226.163269,255,112407436,3694,8
2026-03-26T16:43:24.508,2.069,195,69,225.489792,255,112417407,3683,8
2026-03-26T16:43:24.510,2.072,196,69,224.755096,255,112427359,3671,8
2026-03-26T16:43:24.515,2.076,197,69,224.081635,255,112437326,3660,8
2026-03-26T16:43:24.516,2.078,198,69,223.285706,255,112447269,3647,8
2026-03-26T16:43:24.518,2.079,199,69,222.551010,255,112457239,3635,8
2026-03-26T16:43:24.555,2.116,200,69,221.877548,255,112467178,3624,8
2026-03-26T16:43:24.556,2.117,201,69,221.142853,255,112477145,3612,8
2026-03-26T16:43:24.557,2.118,202,69,220.408173,255,112487095,3600,8
2026-03-26T16:43:24.558,2.119,203,69,219.734695,255,112497064,3589,8
2026-03-26T16:43:24.605,2.166,204,66,219.000000,255,112507011,3577,8
2026-03-26T16:43:24.608,2.169,205,66,218.265320,255,112516981,3565,8
2026-03-26T16:43:24.609,2.171,206,65,217.530609,255,112526925,3553,8
2026-03-26T16:43:24.612,2.173,207,65,216.795914,255,112536892,3541,8
2026-03-26T16:43:24.613,2.175,208,65,216.122452,255,112546835,3530,8
2026-03-26T16:43:24.615,2.176,209,65,215.387756,255,112556809,3518,8
2026-03-26T16:43:24.673,2.234,210,65,214.653061,255,112566752,3506,8
2026-03-26T16:43:24.673,2.235,211,65,214.040817,255,112576722,3496,8
2026-03-26T16:43:24.674,2.235,212,69,213.306122,255,112586664,3484,8
2026-03-26T16:43:24.675,2.236,213,69,212.510193,255,112596636,3471,8
2026-03-26T16:43:24.675,2.236,214,69,211.775513,255,112606582,3459,8
2026-03-26T16:43:24.677,2.238,215,69,211.040817,255,112616555,3447,8
2026-03-26T16:43:24.704,2.265,216,69,210.367355,255,112626501,3436,8
2026-03-26T16:43:24.706,2.267,217,69,209.632660,255,112636474,3424,8
2026-03-26T16:43:24.706,2.268,218,69,208.897964,255,112646430,3412,8
2026-03-26T16:43:24.754,2.315,219,69,208.224503,255,112656404,3401,8
2026-03-26T16:43:24.756,2.318,220,69,207.551025,255,112666350,3390,8
2026-03-26T16:43:24.758,2.319,221,69,206.816315,255,112676319,3378,8
2026-03-26T16:43:24.759,2.320,222,70,206.020416,255,112686261,3365,8
2026-03-26T16:43:24.760,2.321,223,70,205.346939,255,112696231,3354,8
2026-03-26T16:43:24.761,2.323,224,70,204.612244,255,112706172,3342,8
2026-03-26T16:43:24.804,2.366,225,72,203.877563,255,112716142,3330,8
2026-03-26T16:43:24.806,2.367,226,97,203.142853,255,112726088,3318,8
2026-03-26T16:43:24.807,2.368,227,114,202.469376,255,112736046,3307,8
2026-03-26T16:43:24.809,2.371,228,116,201.734695,255,112745981,3295,8
2026-03-26T16:43:24.859,2.420,229,117,201.061218,255,112755959,3284,8
2026-03-26T16:43:24.860,2.421,230,118,200.265320,255,112765889,3271,8
2026-03-26T16:43:24.861,2.422,231,118,199.591843,255,112775864,3260,8
2026-03-26T16:43:24.861,2.422,232,116,198.857147,255,112785800,3248,8
2026-03-26T16:43:24.862,2.423,233,115,198.122437,255,112795777,3236,8
2026-03-26T16:43:24.862,2.423,234,115,197.510208,255,112805712,3226,8
2026-03-26T16:43:24.905,2.466,235,117,196.714279,255,112815694,3213,8
2026-03-26T16:43:24.906,2.467,236,119,195.979599,255,112825625,3201,8
2026-03-26T16:43:24.907,2.468,237,120,195.244904,255,112835606,3189,8
2026-03-26T16:43:24.908,2.469,238,120,194.571426,255,112845542,3178,8
2026-03-26T16:43:24.954,2.516,239,121,193.836746,255,112855518,3166,8
2026-03-26T16:43:24.956,2.517,240,120,193.102036,255,112865456,3154,8
2026-03-26T16:43:24.957,2.518,241,119,192.367340,255,112875433,3142,8
2026-03-26T16:43:24.958,2.519,242,119,191.693878,255,112885375,3131,8
2026-03-26T16:43:24.959,2.520,243,118,191.020401,255,112895352,3120,8
2026-03-26T16:43:24.960,2.521,244,117,190.224487,255,112905290,3107,8
2026-03-26T16:43:25.004,2.565,245,114,189.489807,255,112915256,3095,8
2026-03-26T16:43:25.005,2.567,246,110,188.816330,255,112925200,3084,8
2026-03-26T16:43:25.006,2.567,247,99,188.081619,255,112935170,3072,8
2026-03-26T16:43:25.007,2.568,248,81,187.346939,255,112945139,3060,8
2026-03-26T16:43:25.055,2.616,249,76,186.673462,255,112955106,3049,8
2026-03-26T16:43:25.057,2.619,250,77,185.938782,255,112965048,3037,8
2026-03-26T16:43:25.060,2.621,251,77,185.204086,255,112975020,3025,8
2026-03-26T16:43:25.062,2.623,252,73,184.469391,255,112984960,3013,8
2026-03-26T16:43:25.064,2.625,253,73,183.795929,255,112994932,3002,8
2026-03-26T16:43:25.065,2.627,254,73,183.061218,255,113004866,2990,8
2026-03-26T16:43:25.105,2.666,255,73,182.326523,255,113014836,2978,8
2026-03-26T16:43:25.107,2.668,0,73,181.714294,255,113024792,2968,8
2026-03-26T16:43:25.109,2.670,1,73,180.918365,255,113034758,2955,8
2026-03-26T16:43:25.110,2.672,2,74,180.183685,255,113044707,2943,8
2026-03-26T16:43:25.112,2.673,3,74,179.448975,255,113054678,2931,8
2026-03-26T16:43:25.156,2.717,4,75,178.836731,255,113064625,2921,8
2026-03-26T16:43:25.159,2.720,5,76,178.040817,255,113074595,2908,8
2026-03-26T16:43:25.161,2.722,6,76,177.306122,255,113084532,2896,8
2026-03-26T16:43:25.163,2.724,7,77,176.571426,255,113094504,2884,8
2026-03-26T16:43:25.165,2.727,8,78,175.897964,255,113104447,2873,8
2026-03-26T16:43:25.204,2.766,9,80,175.224487,255,113114416,2862,8
2026-03-26T16:43:25.205,2.767,10,81,174.428574,255,113124365,2849,8
2026-03-26T16:43:25.206,2.767,11,82,173.693878,255,113134336,2837,8
2026-03-26T16:43:25.207,2.768,12,84,173.020416,255,113144282,2826,8
2026-03-26T16:43:25.208,2.769,13,85,172.285706,255,113154253,2814,8
2026-03-26T16:43:25.254,2.816,14,86,171.551025,255,113164196,2802,8
2026-03-26T16:43:25.257,2.818,15,85,170.877548,255,113174172,2791,8
2026-03-26T16:43:25.259,2.820,16,85,170.142853,255,113184119,2779,8
2026-03-26T16:43:25.260,2.822,17,87,169.469391,255,113194091,2768,8
2026-03-26T16:43:25.262,2.823,18,92,168.734695,255,113204036,2756,8
2026-03-26T16:43:25.305,2.867,19,96,168.000000,255,113214015,2744,8
2026-03-26T16:43:25.308,2.869,20,102,167.326523,255,113223938,2733,8
2026-03-26T16:43:25.310,2.872,21,121,166.591843,255,113233921,2721,8
2026-03-26T16:43:25.312,2.873,22,134,165.918365,255,113243857,2710,8
2026-03-26T16:43:25.314,2.875,23,133,165.244904,255,113253833,2699,8
2026-03-26T16:43:25.354,2.916,24,131,164.510193,255,113263770,2687,8
2026-03-26T16:43:25.356,2.917,25,129,163.775513,255,113273748,2675,8
2026-03-26T16:43:25.356,2.918,26,128,163.102036,255,113283679,2664,8
2026-03-26T16:43:25.357,2.918,27,127,162.489792,255,113293657,2654,8
2026-03-26T16:43:25.358,2.919,28,127,161.693878,255,113303596,2641,8
2026-03-26T16:43:25.405,2.966,29,126,161.020416,255,113313578,2630,8
2026-03-26T16:43:25.407,2.969,30,126,160.285706,255,113323516,2618,8
2026-03-26T16:43:25.409,2.970,31,126,159.673462,255,113333495,2608,8
2026-03-26T16:43:25.411,2.972,32,126,158.877548,255,113343440,2595,8
2026-03-26T16:43:25.413,2.974,33,127,158.204086,255,113353417,2584,8
2026-03-26T16:43:25.454,3.016,34,127,157.469391,255,113363358,2572,8
2026-03-26T16:43:25.456,3.018,35,127,156.857132,255,113373339,2562,8
2026-03-26T16:43:25.458,3.020,36,127,156.061218,255,113383280,2549,8
2026-03-26T16:43:25.460,3.021,37,127,155.387756,255,113393259,2538,8
2026-03-26T16:43:25.462,3.023,38,127,154.714294,255,113403196,2527,8
2026-03-26T16:43:25.505,3.066,39,127,154.040817,255,113413176,2516,8
2026-03-26T16:43:25.508,3.069,40,127,153.306122,255,113423112,2504,8
2026-03-26T16:43:25.510,3.071,41,127,152.571426,255,113433088,2492,8
2026-03-26T16:43:25.512,3.073,42,127,151.897964,255,113443022,2481,8
2026-03-26T16:43:25.513,3.075,43,127,151.224487,255,113453000,2470,8
2026-03-26T16:43:25.515,3.076,44,127,150.489807,255,113462935,2458,8
2026-03-26T16:43:25.555,3.116,45,127,149.816330,255,113472912,2447,8
2026-03-26T16:43:25.557,3.118,46,126,149.081635,255,113482851,2435,8
2026-03-26T16:43:25.559,3.120,47,126,148.408157,255,113492827,2424,8
2026-03-26T16:43:25.562,3.124,48,126,147.673477,255,113502760,2412,8
2026-03-26T16:43:25.564,3.125,49,126,147.000000,255,113512737,2401,8
2026-03-26T16:43:25.605,3.166,50,125,146.265305,255,113522670,2389,8
2026-03-26T16:43:25.607,3.169,51,125,145.591843,255,113532650,2378,8
2026-03-26T16:43:25.609,3.170,52,125,144.857147,255,113542578,2366,8
2026-03-26T16:43:25.610,3.172,53,125,144.183670,255,113552553,2355,8
2026-03-26T16:43:25.654,3.216,54,125,143.448975,255,113562485,2343,8
2026-03-26T16:43:25.656,3.218,55,125,142.775513,255,113572466,2332,8
2026-03-26T16:43:25.657,3.219,56,125,142.102036,255,113582408,2321,8
2026-03-26T16:43:25.659,3.220,57,125,141.367355,255,113592383,2309,8
2026-03-26T16:43:25.660,3.221,58,125,140.693878,255,113602314,2298,8
2026-03-26T16:43:25.705,3.266,59,125,139.959183,255,113612291,2286,8
2026-03-26T16:43:25.708,3.269,60,125,139.285721,255,113622228,2275,8
2026-03-26T16:43:25.710,3.271,61,125,138.551025,255,113632206,2263,8
2026-03-26T16:43:25.712,3.274,62,125,137.877548,255,113642146,2252,8
2026-03-26T16:43:25.714,3.275,63,121,137.204071,255,113652132,2241,8
2026-03-26T16:43:25.715,3.277,64,121,136.469391,255,113662071,2229,8
2026-03-26T16:43:25.755,3.316,65,121,135.795914,255,113672051,2218,8
2026-03-26T16:43:25.756,3.317,66,129,135.061234,255,113681994,2206,8
2026-03-26T16:43:25.757,3.318,67,163,134.387756,255,113691973,2195,8
2026-03-26T16:43:25.758,3.319,68,221,133.653061,255,113701907,2183,8
2026-03-26T16:43:25.805,3.366,69,240,132.979584,255,113711874,2172,8
2026-03-26T16:43:25.806,3.367,70,245,132.367340,255,113721828,2162,8
2026-03-26T16:43:25.807,3.368,71,228,131.571426,255,113731797,2149,8
2026-03-26T16:43:25.807,3.368,72,210,130.897964,255,113741743,2138,8
2026-03-26T16:43:25.808,3.369,73,224,130.163269,255,113751707,2126,8
2026-03-26T16:43:25.855,3.416,74,241,129.551010,255,113761652,2116,8
2026-03-26T16:43:25.856,3.417,75,251,128.755096,255,113771614,2103,8
2026-03-26T16:43:25.857,3.418,76,256,128.081635,255,113781560,2092,8
2026-03-26T16:43:25.857,3.419,77,261,127.346939,255,113791523,2080,8
2026-03-26T16:43:25.858,3.419,78,262,126.734695,255,113801477,2070,8
2026-03-26T16:43:25.904,3.465,79,263,125.938782,255,113811442,2057,8
2026-03-26T16:43:25.905,3.466,80,259,125.265312,255,113821393,2046,8
2026-03-26T16:43:25.906,3.467,81,246,124.591835,255,113831365,2035,8
2026-03-26T16:43:25.907,3.468,82,244,123.918365,255,113841309,2024,8
2026-03-26T16:43:25.908,3.469,83,246,123.183678,255,113851272,2012,8
2026-03-26T16:43:25.954,3.516,84,256,122.448975,255,113861222,2000,8
2026-03-26T16:43:25.956,3.517,85,259,121.775505,255,113871184,1989,8
2026-03-26T16:43:25.957,3.518,86,263,121.102036,255,113881139,1978,8
2026-03-26T16:43:25.958,3.519,87,264,120.367348,255,113891099,1966,8
2026-03-26T16:43:25.959,3.520,88,258,119.693878,255,113901052,1955,8
2026-03-26T16:43:25.960,3.521,89,253,118.959190,255,113911024,1943,8
2026-03-26T16:43:26.004,3.566,90,242,118.224487,255,113920973,1931,8
2026-03-26T16:43:26.006,3.567,91,228,117.551018,255,113930940,1920,8
2026-03-26T16:43:26.006,3.568,92,223,116.877548,255,113940886,1909,8
2026-03-26T16:43:26.007,3.569,93,225,116.142860,255,113950845,1897,8
2026-03-26T16:43:26.054,3.615,94,239,115.469391,255,113960799,1886,8
2026-03-26T16:43:26.057,3.618,95,250,114.795914,255,113970760,1875,8
2026-03-26T16:43:26.058,3.620,96,258,114.061226,255,113980714,1863,8
2026-03-26T16:43:26.060,3.621,97,259,113.326530,255,113990677,1851,8
2026-03-26T16:43:26.061,3.623,98,262,112.653061,255,114000630,1840,8
2026-03-26T16:43:26.063,3.624,99,259,112.040817,255,114010594,1830,8
2026-03-26T16:43:26.105,3.666,100,259,111.244896,255,114020548,1817,8
2026-03-26T16:43:26.107,3.668,101,259,110.571426,255,114030511,1806,8
2026-03-26T16:43:26.109,3.670,102,261,109.836739,255,114040463,1794,8
2026-03-26T16:43:26.110,3.671,103,262,109.224487,255,114050425,1784,8
2026-03-26T16:43:26.111,3.673,104,264,108.428566,255,114060378,1771,8
2026-03-26T16:43:26.154,3.715,105,263,107.755096,255,114070340,1760,8
2026-03-26T16:43:26.156,3.717,106,266,107.081635,255,114080289,1749,8
2026-03-26T16:43:26.158,3.719,107,267,106.408165,255,114090253,1738,8
2026-03-26T16:43:26.159,3.720,108,266,105.673470,255,114100200,1726,8
2026-03-26T16:43:26.160,3.722,109,263,104.938774,255,114110160,1714,8
2026-03-26T16:43:26.205,3.766,110,262,104.265305,255,114120118,1703,8
2026-03-26T16:43:26.206,3.767,111,261,103.591835,255,114130083,1692,8
2026-03-26T16:43:26.206,3.768,112,254,102.857147,255,114140040,1680,8
2026-03-26T16:43:26.207,3.768,113,241,102.183678,255,114150012,1669,8
2026-03-26T16:43:26.208,3.769,114,224,101.448975,255,114159956,1657,8
2026-03-26T16:43:26.255,3.816,115,204,100.714287,255,114169926,1645,8
2026-03-26T16:43:26.256,3.817,116,191,100.040817,255,114179866,1634,8
2026-03-26T16:43:26.257,3.819,117,191,99.367348,255,114189837,1623,8
2026-03-26T16:43:26.260,3.822,118,200,98.632660,255,114199780,1611,8
2026-03-26T16:43:26.262,3.823,119,211,97.959190,255,114209758,1600,8
2026-03-26T16:43:26.304,3.865,120,225,97.224487,255,114219707,1588,8
2026-03-26T16:43:26.306,3.867,121,240,96.551018,255,114229675,1577,8
2026-03-26T16:43:26.307,3.869,122,251,95.816330,255,114239634,1565,8
2026-03-26T16:43:26.309,3.870,123,256,95.142860,255,114249599,1554,8
2026-03-26T16:43:26.310,3.871,124,260,94.530617,255,114259557,1544,8
2026-03-26T16:43:26.354,3.916,125,265,93.734695,255,114269520,1531,8
2026-03-26T16:43:26.358,3.920,126,265,93.122444,255,114279477,1521,8
2026-03-26T16:43:26.361,3.922,127,262,92.326523,255,114289445,1508,8
2026-03-26T16:43:26.366,3.928,128,260,91.714287,255,114299403,1498,8
2026-03-26T16:43:26.369,3.930,129,259,90.918365,255,114309369,1485,8
2026-03-26T16:43:26.371,3.932,130,255,90.244896,255,114319326,1474,8
2026-03-26T16:43:26.404,3.966,131,250,89.571426,255,114329303,1463,8
2026-03-26T16:43:26.406,3.967,132,230,88.897964,255,114339257,1452,8
2026-03-26T16:43:26.407,3.968,133,178,88.163269,255,114349232,1440,8
2026-03-26T16:43:26.408,3.969,134,138,87.428574,255,114359177,1428,8
2026-03-26T16:43:26.455,4.016,135,124,86.755104,255,114369159,1417,8
2026-03-26T16:43:26.457,4.019,136,120,86.020409,255,114379104,1405,8
2026-03-26T16:43:26.459,4.020,137,119,85.346939,255,114389091,1394,8
2026-03-26T16:43:26.462,4.024,138,118,84.673470,255,114399027,1383,8
2026-03-26T16:43:26.464,4.025,139,122,84.000000,255,114409008,1372,8
2026-03-26T16:43:26.465,4.027,140,124,83.265305,255,114418948,1360,8
2026-03-26T16:43:26.504,4.066,141,123,82.591835,255,114428927,1349,8
2026-03-26T16:43:26.506,4.068,142,123,81.857140,255,114438868,1337,8
2026-03-26T16:43:26.509,4.070,143,123,81.122452,255,114448854,1325,8
2026-03-26T16:43:26.510,4.071,144,123,80.448982,255,114458793,1314,8
2026-03-26T16:43:26.554,4.115,145,123,79.836731,255,114468772,1304,8
2026-03-26T16:43:26.556,4.118,146,123,79.040817,255,114478713,1291,8
2026-03-26T16:43:26.558,4.120,147,122,78.367348,255,114488695,1280,8
2026-03-26T16:43:26.562,4.124,148,122,77.632652,255,114498632,1268,8
2026-03-26T16:43:26.564,4.126,149,118,77.020409,255,114508748,1258,8
2026-03-26T16:43:26.566,4.128,150,101,76.224487,255,114518546,1245,8
2026-03-26T16:43:26.605,4.166,151,94,75.551018,255,114528533,1234,8
2026-03-26T16:43:26.606,4.168,152,94,74.816322,255,114538479,1222,8
2026-03-26T16:43:26.607,4.169,153,94,74.142853,255,114548452,1211,8
2026-03-26T16:43:26.609,4.171,154,94,73.469391,255,114558402,1200,8
2026-03-26T16:43:26.655,4.216,155,94,72.673470,255,114568371,1187,8
2026-03-26T16:43:26.657,4.219,156,95,71.938774,255,114578318,1175,8
2026-03-26T16:43:26.659,4.220,157,96,71.265305,255,114588439,1164,8
2026-03-26T16:43:26.663,4.224,158,110,70.530609,255,114598210,1152,8
2026-03-26T16:43:26.665,4.226,159,122,69.857140,255,114608191,1141,8
2026-03-26T16:43:26.666,4.227,160,123,69.122444,255,114618128,1129,8
2026-03-26T16:43:26.705,4.266,161,123,68.387756,255,114628111,1117,8
2026-03-26T16:43:26.706,4.267,162,123,67.714287,255,114638053,1106,8
2026-03-26T16:43:26.707,4.268,163,124,67.040817,255,114648038,1095,8
2026-03-26T16:43:26.708,4.269,164,124,66.306122,255,114657976,1083,8
2026-03-26T16:43:26.755,4.316,165,123,65.571426,255,114667959,1071,8
2026-03-26T16:43:26.757,4.319,166,121,64.897957,255,114677894,1060,8
2026-03-26T16:43:26.759,4.321,167,120,64.285713,255,114687875,1050,8
2026-03-26T16:43:26.761,4.322,168,119,63.489796,255,114697816,1037,8
2026-03-26T16:43:26.763,4.324,169,119,62.755104,255,114707795,1025,8
2026-03-26T16:43:26.764,4.325,170,119,62.081631,255,114717735,1014,8
2026-03-26T16:43:26.805,4.366,171,118,61.469387,255,114727709,1004,8
2026-03-26T16:43:26.806,4.368,172,118,60.673466,255,114737657,991,8
2026-03-26T16:43:26.808,4.369,173,119,60.000000,255,114747637,980,8
2026-03-26T16:43:26.809,4.370,174,121,59.265308,255,114757575,968,8
2026-03-26T16:43:26.854,4.415,175,123,58.653061,255,114767554,958,8
2026-03-26T16:43:26.857,4.418,176,125,57.857143,255,114777489,945,8
2026-03-26T16:43:26.858,4.420,177,125,57.183670,255,114787467,934,8
2026-03-26T16:43:26.860,4.422,178,125,56.510208,255,114797407,923,8
2026-03-26T16:43:26.862,4.423,179,125,55.836735,255,114807381,912,8
2026-03-26T16:43:26.863,4.425,180,123,55.102043,255,114817314,900,8
2026-03-26T16:43:26.905,4.466,181,122,54.367348,255,114827293,888,8
2026-03-26T16:43:26.907,4.468,182,121,53.693878,255,114837232,877,8
2026-03-26T16:43:26.909,4.470,183,120,53.020405,255,114847216,866,8
2026-03-26T16:43:26.911,4.472,184,120,52.285717,255,114857155,854,8
2026-03-26T16:43:26.913,4.474,185,120,51.551022,255,114867136,842,8
2026-03-26T16:43:26.955,4.516,186,120,50.877552,255,114877074,831,8
2026-03-26T16:43:26.957,4.518,187,119,50.204082,255,114887056,820,8
2026-03-26T16:43:26.959,4.520,188,120,49.469387,255,114896996,808,8
2026-03-26T16:43:26.960,4.521,189,120,48.795918,255,114906973,797,8
2026-03-26T16:43:26.961,4.522,190,120,48.061226,255,114916910,785,8
2026-03-26T16:43:27.004,4.565,191,120,47.387756,255,114926886,774,8
2026-03-26T16:43:27.006,4.568,192,119,46.653061,255,114936821,762,8
2026-03-26T16:43:27.009,4.570,193,120,45.979591,255,114946804,751,8
2026-03-26T16:43:27.011,4.572,194,118,45.244896,255,114956742,739,8
2026-03-26T16:43:27.012,4.573,195,118,44.571430,255,114966725,728,8
2026-03-26T16:43:27.055,4.616,196,120,43.836735,255,114976663,716,8
2026-03-26T16:43:27.057,4.618,197,120,43.163265,255,114986646,705,8
2026-03-26T16:43:27.060,4.621,198,120,42.428570,255,114996585,693,8
2026-03-26T16:43:27.062,4.623,199,121,41.755100,255,115006563,682,8
2026-03-26T16:43:27.064,4.625,200,126,41.081635,255,115016515,671,8
2026-03-26T16:43:27.105,4.666,201,164,40.346939,255,115026482,659,8
2026-03-26T16:43:27.108,4.669,202,228,39.673470,255,115036439,648,8
2026-03-26T16:43:27.110,4.671,203,244,38.938778,255,115046404,636,8
2026-03-26T16:43:27.114,4.675,204,250,38.265305,255,115056358,625,8
2026-03-26T16:43:27.116,4.677,205,257,37.530613,255,115066328,613,8
2026-03-26T16:43:27.155,4.716,206,258,36.857143,255,115076282,602,8
2026-03-26T16:43:27.157,4.718,207,260,36.183674,255,115086254,591,8
2026-03-26T16:43:27.158,4.719,208,244,35.448982,255,115096203,579,8
2026-03-26T16:43:27.159,4.720,209,141,34.714287,255,115106172,567,8
2026-03-26T16:43:27.160,4.721,210,101,34.040817,255,115116120,556,8
2026-03-26T16:43:27.205,4.766,211,95,33.306122,255,115126118,544,8
2026-03-26T16:43:27.208,4.769,212,95,32.632652,255,115136065,533,8
2026-03-26T16:43:27.210,4.771,213,94,31.959183,255,115146041,522,8
2026-03-26T16:43:27.212,4.773,214,94,31.224491,255,115155988,510,8
2026-03-26T16:43:27.214,4.776,215,94,30.551020,255,115165973,499,8
2026-03-26T16:43:27.255,4.817,216,92,29.816326,255,115175908,487,8
2026-03-26T16:43:27.257,4.819,217,90,29.081635,255,115185883,475,8
2026-03-26T16:43:27.260,4.821,218,89,28.346939,255,115195831,463,8
2026-03-26T16:43:27.261,4.822,219,89,27.612246,255,115205805,451,8
2026-03-26T16:43:27.263,4.824,220,87,26.938774,255,115215753,440,8
2026-03-26T16:43:27.304,4.866,221,87,26.204082,255,115225736,428,8
2026-03-26T16:43:27.307,4.868,222,87,25.591835,255,115235686,418,8
2026-03-26T16:43:27.308,4.870,223,87,24.795918,255,115245661,405,8
2026-03-26T16:43:27.310,4.871,224,87,24.061226,255,115255610,393,8
2026-03-26T16:43:27.311,4.873,225,86,23.387754,255,115265586,382,8
2026-03-26T16:43:27.354,4.915,226,86,22.653061,255,115275531,370,8
2026-03-26T16:43:27.355,4.917,227,84,21.918367,255,115285508,358,8
2026-03-26T16:43:27.356,4.918,228,83,21.244898,255,115295457,347,8
2026-03-26T16:43:27.357,4.918,229,82,20.571428,255,115305434,336,8
2026-03-26T16:43:27.358,4.919,230,82,19.775511,255,115315374,323,8
2026-03-26T16:43:27.404,4.965,231,82,19.102041,255,115325353,312,8
2026-03-26T16:43:27.406,4.968,232,82,18.367348,255,115335302,300,8
2026-03-26T16:43:27.408,4.970,233,82,17.632652,255,115345285,288,8
2026-03-26T16:43:27.410,4.971,234,82,16.959185,255,115355231,277,8
2026-03-26T16:43:27.412,4.973,235,82,16.224489,255,115365204,265,8
2026-03-26T16:43:27.455,5.016,236,82,15.551020,255,115375151,254,8
2026-03-26T16:43:27.457,5.018,237,82,14.755103,255,115385124,241,8
2026-03-26T16:43:27.459,5.020,238,82,14.081633,255,115395069,230,8
2026-03-26T16:43:27.460,5.021,239,82,13.346939,255,115405040,218,8
2026-03-26T16:43:27.461,5.023,240,83,12.673470,255,115414985,207,8
2026-03-26T16:43:27.504,5.066,241,84,11.938775,255,115424956,195,8
2026-03-26T16:43:27.506,5.067,242,85,11.204082,255,115434904,183,8
2026-03-26T16:43:27.507,5.068,243,86,10.469388,255,115444872,171,8
2026-03-26T16:43:27.509,5.070,244,86,9.795918,255,115454822,160,8
2026-03-26T16:43:27.510,5.071,245,86,9.061224,255,115464791,148,8
2026-03-26T16:43:27.555,5.116,246,86,8.448980,255,115474736,138,8
2026-03-26T16:43:27.557,5.119,247,86,7.653061,255,115484706,125,8
2026-03-26T16:43:27.559,5.121,248,86,6.918367,255,115494656,113,8
2026-03-26T16:43:27.561,5.122,249,86,6.183673,255,115504625,101,8
2026-03-26T16:43:27.563,5.124,250,86,5.510204,255,115514569,90,8
2026-03-26T16:43:27.564,5.125,251,86,4.775510,255,115524538,78,8
2026-03-26T16:43:27.604,5.165,252,86,4.102041,255,115534486,67,8
2026-03-26T16:43:27.606,5.167,253,86,3.428571,255,115544459,56,8
2026-03-26T16:43:27.607,5.168,254,87,2.632653,255,115554408,43,8
2026-03-26T16:43:27.608,5.169,255,88,1.897959,255,115564379,31,8
2026-03-26T16:43:27.655,5.216,0,89,1.224490,255,115574327,20,8
2026-03-26T16:43:27.658,5.219,1,89,0.489796,255,115584303,8,8
2026-03-26T16:43:27.660,5.221,2,89,359.816315,255,115594252,5877,8
2026-03-26T16:43:27.664,5.225,3,90,359.081635,255,115604230,5865,8
2026-03-26T16:43:27.666,5.227,4,91,358.408173,255,115614177,5854,8
2026-03-26T16:43:27.668,5.229,5,92,357.612244,255,115624154,5841,8
2026-03-26T16:43:27.705,5.266,6,92,356.938782,255,115634103,5830,8
2026-03-26T16:43:27.707,5.268,7,92,356.204071,255,115644077,5818,8
2026-03-26T16:43:27.708,5.269,8,93,355.530609,255,115654016,5807,8
2026-03-26T16:43:27.710,5.272,9,93,354.795898,255,115663986,5795,8
2026-03-26T16:43:27.755,5.316,10,93,354.061218,255,115673926,5783,8
2026-03-26T16:43:27.758,5.319,11,93,353.387756,255,115683901,5772,8
2026-03-26T16:43:27.760,5.321,12,93,352.714294,255,115693846,5761,8
2026-03-26T16:43:27.764,5.325,13,93,351.979584,255,115703823,5749,8
2026-03-26T16:43:27.766,5.327,14,93,351.244904,255,115713766,5737,8
2026-03-26T16:43:27.769,5.331,15,93,350.571442,255,115723733,5726,8
2026-03-26T16:43:27.804,5.365,16,93,349.836731,255,115733685,5714,8
2026-03-26T16:43:27.806,5.367,17,92,349.163269,255,115743660,5703,8
2026-03-26T16:43:27.807,5.368,18,92,348.428558,255,115753602,5691,8
2026-03-26T16:43:27.808,5.370,19,92,347.693878,255,115763569,5679,8
2026-03-26T16:43:27.855,5.417,20,92,347.020416,255,115773515,5668,8
2026-03-26T16:43:27.858,5.419,21,92,346.285706,255,115783486,5656,8
2026-03-26T16:43:27.860,5.421,22,93,345.551025,255,115793431,5644,8
2026-03-26T16:43:27.863,5.425,23,94,344.938782,255,115803405,5634,8
2026-03-26T16:43:27.865,5.426,24,94,344.142853,255,115813350,5621,8
2026-03-26T16:43:27.866,5.428,25,95,343.408142,255,115823318,5609,8
2026-03-26T16:43:27.904,5.466,26,95,342.734680,255,115833261,5598,8
2026-03-26T16:43:27.906,5.467,27,95,342.000000,255,115843234,5586,8
2026-03-26T16:43:27.907,5.468,28,95,341.326538,255,115853182,5575,8
2026-03-26T16:43:27.908,5.470,29,95,340.591827,255,115863165,5563,8
2026-03-26T16:43:27.954,5.515,30,95,339.918365,255,115873108,5552,8
2026-03-26T16:43:27.957,5.518,31,95,339.122467,255,115883081,5539,8
2026-03-26T16:43:27.959,5.521,32,95,338.448975,255,115893018,5528,8
2026-03-26T16:43:27.963,5.524,33,94,337.714264,255,115902993,5516,8
2026-03-26T16:43:27.967,5.528,34,94,337.040802,255,115912938,5505,8
2026-03-26T16:43:27.969,5.530,35,94,336.306122,255,115922905,5493,8
2026-03-26T16:43:27.970,5.531,36,95,335.571442,255,115932852,5481,8
2026-03-26T16:43:28.005,5.566,37,95,334.897949,255,115942825,5470,8
2026-03-26T16:43:28.006,5.567,38,95,334.163269,255,115952768,5458,8
2026-03-26T16:43:28.007,5.568,39,94,333.428589,255,115962738,5446,8
2026-03-26T16:43:28.054,5.616,40,94,332.816315,255,115972683,5436,8
2026-03-26T16:43:28.057,5.618,41,94,332.020416,255,115982657,5423,8
2026-03-26T16:43:28.059,5.620,42,94,331.285706,255,115992604,5411,8
2026-03-26T16:43:28.061,5.622,43,94,330.612244,255,116002575,5400,8
2026-03-26T16:43:28.062,5.623,44,94,329.877563,255,116012522,5388,8
2026-03-26T16:43:28.064,5.625,45,93,329.142853,255,116022494,5376,8
2026-03-26T16:43:28.104,5.665,46,93,328.469391,255,116032441,5365,8
2026-03-26T16:43:28.107,5.668,47,93,327.795929,255,116042403,5354,8
2026-03-26T16:43:28.109,5.670,48,93,327.000000,255,116052355,5341,8
2026-03-26T16:43:28.111,5.672,49,93,326.326538,255,116062326,5330,8
2026-03-26T16:43:28.113,5.674,50,93,325.591827,255,116072266,5318,8
2026-03-26T16:43:28.154,5.716,51,94,324.857147,255,116082234,5306,8
2026-03-26T16:43:28.156,5.718,52,94,324.183655,255,116092173,5295,8
2026-03-26T16:43:28.158,5.719,53,95,323.510193,255,116102138,5284,8
2026-03-26T16:43:28.160,5.721,54,95,322.714294,255,116112077,5271,8
2026-03-26T16:43:28.161,5.722,55,94,322.040833,255,116122040,5260,8
2026-03-26T16:43:28.204,5.766,56,94,321.367340,255,116131982,5249,8
2026-03-26T16:43:28.207,5.768,57,94,320.632660,255,116141950,5237,8
2026-03-26T16:43:28.209,5.770,58,94,319.897949,255,116151894,5225,8
2026-03-26T16:43:28.211,5.772,59,94,319.163269,255,116161856,5213,8
2026-03-26T16:43:28.213,5.774,60,94,318.428558,255,116171795,5201,8
2026-03-26T16:43:28.255,5.816,61,93,317.755096,255,116181767,5190,8
2026-03-26T16:43:28.257,5.818,62,93,317.020416,255,116191708,5178,8
2026-03-26T16:43:28.259,5.820,63,93,316.408173,255,116201675,5168,8
2026-03-26T16:43:28.260,5.821,64,93,315.612244,255,116211618,5155,8
2026-03-26T16:43:28.262,5.823,65,93,314.877533,255,116221590,5143,8
2026-03-26T16:43:28.304,5.866,66,94,314.204102,255,116231537,5132,8
2026-03-26T16:43:28.306,5.868,67,94,313.469391,255,116241499,5120,8
2026-03-26T16:43:28.308,5.869,68,94,312.734680,255,116251443,5108,8
2026-03-26T16:43:28.309,5.871,69,94,312.061218,255,116261417,5097,8
2026-03-26T16:43:28.310,5.872,70,95,311.387756,255,116271358,5086,8
2026-03-26T16:43:28.354,5.916,71,95,310.591858,255,116281330,5073,8
2026-03-26T16:43:28.357,5.919,72,95,309.918365,255,116291273,5062,8
2026-03-26T16:43:28.360,5.921,73,95,309.183685,255,116301238,5050,8
2026-03-26T16:43:28.362,5.924,74,95,308.448975,255,116311183,5038,8
2026-03-26T16:43:28.364,5.926,75,95,307.775513,255,116321145,5027,8
2026-03-26T16:43:28.366,5.928,76,95,307.040802,255,116331092,5015,8
2026-03-26T16:43:28.405,5.966,77,95,306.367340,255,116341059,5004,8
2026-03-26T16:43:28.408,5.969,78,94,305.632660,255,116351003,4992,8
2026-03-26T16:43:28.410,5.972,79,94,304.959167,255,116360973,4981,8
2026-03-26T16:43:28.414,5.975,80,93,304.224487,255,116370909,4969,8
2026-03-26T16:43:28.416,5.978,81,93,303.489807,255,116380878,4957,8
2026-03-26T16:43:28.455,6.016,82,92,302.755096,255,116390820,4945,8
2026-03-26T16:43:28.457,6.018,83,92,302.081635,255,116400789,4934,8
2026-03-26T16:43:28.458,6.020,84,92,301.346924,255,116410735,4922,8
2026-03-26T16:43:28.460,6.021,85,91,300.612244,255,116420703,4910,8
2026-03-26T16:43:28.505,6.066,86,88,300.000000,255,116430650,4900,8
2026-03-26T16:43:28.506,6.067,87,86,299.204071,255,116440619,4887,8
2026-03-26T16:43:28.507,6.068,88,85,298.469391,255,116450564,4875,8
2026-03-26T16:43:28.508,6.069,89,85,297.795929,255,116460536,4864,8
2026-03-26T16:43:28.509,6.070,90,85,297.061218,255,116470475,4852,8
2026-03-26T16:43:28.555,6.116,91,85,296.387756,255,116480443,4841,8
2026-03-26T16:43:28.559,6.120,92,85,295.714294,255,116490385,4830,8
2026-03-26T16:43:28.561,6.122,93,85,294.918365,255,116500350,4817,8
2026-03-26T16:43:28.563,6.124,94,85,294.183685,255,116510292,4805,8
2026-03-26T16:43:28.565,6.126,95,85,293.510193,255,116520247,4794,8
2026-03-26T16:43:28.567,6.128,96,85,292.775513,255,116530186,4782,8
2026-03-26T16:43:28.605,6.166,97,85,292.102051,255,116540152,4771,8
2026-03-26T16:43:28.607,6.168,98,85,291.367371,255,116550098,4759,8
2026-03-26T16:43:28.609,6.170,99,85,290.693878,255,116560061,4748,8
2026-03-26T16:43:28.611,6.172,100,85,289.959167,255,116570005,4736,8
2026-03-26T16:43:28.655,6.216,101,85,289.224487,255,116579973,4724,8
2026-03-26T16:43:28.657,6.218,102,85,288.551025,255,116589907,4713,8
2026-03-26T16:43:28.659,6.220,103,85,287.816315,255,116599876,4701,8
2026-03-26T16:43:28.660,6.221,104,85,287.081635,255,116609820,4689,8
2026-03-26T16:43:28.661,6.223,105,85,286.346954,255,116619781,4677,8
2026-03-26T16:43:28.705,6.266,106,85,285.673492,255,116629716,4666,8
2026-03-26T16:43:28.707,6.268,107,85,284.938782,255,116639678,4654,8
2026-03-26T16:43:28.709,6.270,108,85,284.265289,255,116649613,4643,8
2026-03-26T16:43:28.713,6.274,109,85,283.591858,255,116659575,4632,8
2026-03-26T16:43:28.714,6.275,110,85,282.795929,255,116669515,4619,8
2026-03-26T16:43:28.716,6.277,111,85,282.061218,255,116679474,4607,8
2026-03-26T16:43:28.755,6.316,112,85,281.387756,255,116689412,4596,8
2026-03-26T16:43:28.758,6.320,113,85,280.653076,255,116699384,4584,8
2026-03-26T16:43:28.761,6.322,114,84,279.979584,255,116709323,4573,8
2026-03-26T16:43:28.763,6.325,115,83,279.306122,255,116719286,4562,8
2026-03-26T16:43:28.765,6.327,116,83,278.510193,255,116729224,4549,8
2026-03-26T16:43:28.804,6.365,117,83,277.836731,255,116739190,4538,8
2026-03-26T16:43:28.806,6.367,118,83,277.102051,255,116749125,4526,8
2026-03-26T16:43:28.808,6.369,119,83,276.367340,255,116759092,4514,8
2026-03-26T16:43:28.809,6.370,120,83,275.693878,255,116769040,4503,8
2026-03-26T16:43:28.855,6.417,121,84,274.959198,255,116779006,4491,8
2026-03-26T16:43:28.857,6.418,122,86,274.224487,255,116788952,4479,8
2026-03-26T16:43:28.858,6.419,123,88,273.551025,255,116798922,4468,8
2026-03-26T16:43:28.859,6.421,124,90,272.816315,255,116808861,4456,8
2026-03-26T16:43:28.861,6.422,125,91,272.204102,255,116818828,4446,8
2026-03-26T16:43:28.862,6.423,126,92,271.408173,255,116828773,4433,8
2026-03-26T16:43:28.905,6.466,127,92,270.673462,255,116838738,4421,8
2026-03-26T16:43:28.907,6.469,128,92,270.061218,255,116848686,4411,8
2026-03-26T16:43:28.909,6.471,129,93,269.265320,255,116858649,4398,8
2026-03-26T16:43:28.911,6.472,130,94,268.530609,255,116868586,4386,8
2026-03-26T16:43:28.913,6.474,131,95,267.918365,255,116878557,4376,8
2026-03-26T16:43:28.955,6.516,132,96,267.122437,255,116888494,4363,8
2026-03-26T16:43:28.958,6.520,133,97,266.387756,255,116898467,4351,8
2026-03-26T16:43:28.961,6.522,134,97,265.714294,255,116908407,4340,8
2026-03-26T16:43:28.963,6.524,135,101,264.979584,255,116918354,4328,8
2026-03-26T16:43:28.965,6.526,136,110,264.306122,255,116928302,4317,8
2026-03-26T16:43:29.004,6.565,137,118,263.632660,255,116938276,4306,8
2026-03-26T16:43:29.006,6.567,138,151,262.897949,255,116948222,4294,8
2026-03-26T16:43:29.008,6.569,139,186,262.163269,255,116958196,4282,8
2026-03-26T16:43:29.010,6.571,140,209,261.489807,255,116968138,4271,8
2026-03-26T16:43:29.012,6.573,141,220,260.816345,255,116978111,4260,8
2026-03-26T16:43:29.055,6.616,142,224,260.081635,255,116988059,4248,8
2026-03-26T16:43:29.057,6.618,143,226,259.346924,255,116998032,4236,8
2026-03-26T16:43:29.059,6.620,144,226,258.673462,255,117007975,4225,8
2026-03-26T16:43:29.060,6.622,145,219,257.938782,255,117017947,4213,8
2026-03-26T16:43:29.062,6.623,146,184,257.265289,255,117027882,4202,8
2026-03-26T16:43:29.105,6.666,147,133,256.591827,255,117037848,4191,8
2026-03-26T16:43:29.107,6.668,148,103,255.857147,255,117047788,4179,8
2026-03-26T16:43:29.109,6.670,149,93,255.183670,255,117057780,4168,8
2026-03-26T16:43:29.110,6.672,150,88,254.448975,255,117067718,4156,8
2026-03-26T16:43:29.112,6.673,151,85,253.775513,255,117077685,4145,8
2026-03-26T16:43:29.155,6.716,152,84,253.040817,255,117087626,4133,8
2026-03-26T16:43:29.158,6.719,153,83,252.367355,255,117097587,4122,8
2026-03-26T16:43:29.160,6.721,154,81,251.755096,255,117107535,4112,8
2026-03-26T16:43:29.162,6.723,155,81,250.959198,255,117117499,4099,8
2026-03-26T16:43:29.164,6.725,156,80,250.285721,255,117127440,4088,8
2026-03-26T16:43:29.205,6.766,157,77,249.551010,255,117137402,4076,8
2026-03-26T16:43:29.206,6.768,158,75,248.938782,255,117147348,4066,8
2026-03-26T16:43:29.208,6.769,159,75,248.142853,255,117157303,4053,8
2026-03-26T16:43:29.209,6.770,160,75,247.469376,255,117167249,4042,8
2026-03-26T16:43:29.210,6.772,161,74,246.795914,255,117177214,4031,8
2026-03-26T16:43:29.254,6.816,162,74,246.061218,255,117187153,4019,8
2026-03-26T16:43:29.257,6.818,163,74,245.387756,255,117197119,4008,8
2026-03-26T16:43:29.259,6.820,164,74,244.653061,255,117207059,3996,8
2026-03-26T16:43:29.261,6.823,165,75,243.918365,255,117217030,3984,8
2026-03-26T16:43:29.264,6.825,166,76,243.244904,255,117226973,3973,8
2026-03-26T16:43:29.304,6.865,167,76,242.510208,255,117236937,3961,8
2026-03-26T16:43:29.307,6.868,168,78,241.775497,255,117246869,3949,8
2026-03-26T16:43:29.309,6.871,169,79,241.102036,255,117256834,3938,8
2026-03-26T16:43:29.311,6.872,170,79,240.367340,255,117266780,3926,8
2026-03-26T16:43:29.313,6.875,171,79,239.755112,255,117276750,3916,8
2026-03-26T16:43:29.354,6.916,172,80,238.959183,255,117286692,3903,8
2026-03-26T16:43:29.357,6.918,173,80,238.224487,255,117296657,3891,8
2026-03-26T16:43:29.358,6.920,174,80,237.551025,255,117306588,3880,8
2026-03-26T16:43:29.362,6.923,175,80,236.816330,255,117316549,3868,8
2026-03-26T16:43:29.364,6.925,176,80,236.142868,255,117326481,3857,8
2026-03-26T16:43:29.405,6.966,177,80,235.408173,255,117336445,3845,8
2026-03-26T16:43:29.406,6.968,178,81,234.673462,255,117346380,3833,8
2026-03-26T16:43:29.408,6.969,179,80,233.999985,255,117356340,3822,8
2026-03-26T16:43:29.409,6.971,180,81,233.265305,255,117366278,3810,8
2026-03-26T16:43:29.411,6.972,181,80,232.591827,255,117376240,3799,8
2026-03-26T16:43:29.454,7.015,182,80,231.857147,255,117386179,3787,8
2026-03-26T16:43:29.457,7.018,183,80,231.183670,255,117396139,3776,8
2026-03-26T16:43:29.459,7.020,184,79,230.448990,255,117406072,3764,8
2026-03-26T16:43:29.461,7.022,185,79,229.714294,255,117416032,3752,8
2026-03-26T16:43:29.462,7.023,186,79,229.040817,255,117425973,3741,8
2026-03-26T16:43:29.505,7.066,187,79,228.306107,255,117435933,3729,8
2026-03-26T16:43:29.506,7.068,188,79,227.571426,255,117445871,3717,8
2026-03-26T16:43:29.508,7.069,189,79,226.897949,255,117455828,3706,8
2026-03-26T16:43:29.510,7.071,190,79,226.163269,255,117465770,3694,8
2026-03-26T16:43:29.511,7.073,191,79,225.551010,255,117475736,3684,8
2026-03-26T16:43:29.555,7.116,192,79,224.755096,255,117485675,3671,8
2026-03-26T16:43:29.557,7.119,193,79,224.020416,255,117495640,3659,8
2026-03-26T16:43:29.559,7.120,194,79,223.346939,255,117505578,3648,8
2026-03-26T16:43:29.561,7.122,195,79,222.612259,255,117515545,3636,8
2026-03-26T16:43:29.562,7.123,196,79,221.877548,255,117525483,3624,8
2026-03-26T16:43:29.604,7.165,197,79,221.265320,255,117535451,3614,8
2026-03-26T16:43:29.607,7.168,198,78,220.530609,255,117545387,3602,8
2026-03-26T16:43:29.608,7.170,199,78,219.734695,255,117555354,3589,8
2026-03-26T16:43:29.610,7.171,200,78,219.061218,255,117565292,3578,8
2026-03-26T16:43:29.612,7.173,201,78,218.326538,255,117575258,3566,8
2026-03-26T16:43:29.614,7.175,202,78,217.653061,255,117585205,3555,8
2026-03-26T16:43:29.655,7.216,203,78,216.918381,255,117595170,3543,8
2026-03-26T16:43:29.656,7.218,204,78,216.244904,255,117605115,3532,8
2026-03-26T16:43:29.658,7.219,205,78,215.510193,255,117615086,3520,8
2026-03-26T16:43:29.660,7.221,206,78,214.775513,255,117625021,3508,8
2026-03-26T16:43:29.705,7.266,207,78,214.102036,255,117634984,3497,8
2026-03-26T16:43:29.707,7.269,208,77,213.367340,255,117644935,3485,8
2026-03-26T16:43:29.709,7.271,209,77,212.632660,255,117654904,3473,8
2026-03-26T16:43:29.711,7.272,210,76,211.959183,255,117664849,3462,8
2026-03-26T16:43:29.712,7.274,211,75,211.224503,255,117674817,3450,8
2026-03-26T16:43:29.715,7.276,212,75,210.551025,255,117684753,3439,8
2026-03-26T16:43:29.755,7.316,213,75,209.816330,255,117694725,3427,8
2026-03-26T16:43:29.758,7.319,214,74,209.081619,255,117704672,3415,8
2026-03-26T16:43:29.759,7.321,215,74,208.346939,255,117714640,3403,8
2026-03-26T16:43:29.761,7.322,216,75,207.673462,255,117724578,3392,8
2026-03-26T16:43:29.763,7.324,217,75,206.938782,255,117734541,3380,8
2026-03-26T16:43:29.805,7.366,218,75,206.265305,255,117744492,3369,8
2026-03-26T16:43:29.807,7.368,219,75,205.591843,255,117754457,3358,8
2026-03-26T16:43:29.808,7.370,220,75,204.795929,255,117764402,3345,8
2026-03-26T16:43:29.810,7.371,221,75,204.122452,255,117774370,3334,8
2026-03-26T16:43:29.812,7.373,222,75,203.387741,255,117784311,3322,8
2026-03-26T16:43:29.854,7.415,223,74,202.714279,255,117794281,3311,8
2026-03-26T16:43:29.856,7.417,224,74,201.979584,255,117804227,3299,8
2026-03-26T16:43:29.857,7.419,225,74,201.306122,255,117814187,3288,8
2026-03-26T16:43:29.860,7.421,226,74,200.510208,255,117824130,3275,8
2026-03-26T16:43:29.905,7.466,227,73,199.836731,255,117834114,3264,8
2026-03-26T16:43:29.908,7.469,228,73,199.102051,255,117844063,3252,8
2026-03-26T16:43:29.910,7.471,229,73,198.428574,255,117854034,3241,8
2026-03-26T16:43:29.911,7.473,230,73,197.693863,255,117863975,3229,8
2026-03-26T16:43:29.913,7.474,231,73,196.959183,255,117873940,3217,8
2026-03-26T16:43:29.914,7.476,232,73,196.285706,255,117883884,3206,8
2026-03-26T16:43:29.954,7.516,233,73,195.551025,255,117893856,3194,8
2026-03-26T16:43:29.957,7.518,234,73,194.877548,255,117903801,3183,8
2026-03-26T16:43:29.958,7.520,235,73,194.142853,255,117913771,3171,8
2026-03-26T16:43:29.959,7.521,236,73,193.408173,255,117923724,3159,8
2026-03-26T16:43:29.960,7.522,237,73,192.673462,255,117933693,3147,8
2026-03-26T16:43:30.005,7.566,238,74,192.000015,255,117943636,3136,8
2026-03-26T16:43:30.007,7.568,239,75,191.265305,255,117953615,3124,8
2026-03-26T16:43:30.008,7.570,240,81,190.591827,255,117963555,3113,8
2026-03-26T16:43:30.010,7.571,241,91,189.918365,255,117973519,3102,8
2026-03-26T16:43:30.011,7.572,242,102,189.122452,255,117983447,3089,8
2026-03-26T16:43:30.055,7.616,243,110,188.448975,255,117993430,3078,8
2026-03-26T16:43:30.057,7.618,244,124,187.775513,255,118003370,3067,8
2026-03-26T16:43:30.060,7.621,245,129,186.979599,255,118013353,3054,8
2026-03-26T16:43:30.062,7.624,246,142,186.306137,255,118023296,3043,8
2026-03-26T16:43:30.064,7.626,247,145,185.571426,255,118033267,3031,8
2026-03-26T16:43:30.105,7.666,248,145,184.897949,255,118043211,3020,8
2026-03-26T16:43:30.106,7.667,249,147,184.224472,255,118053186,3009,8
2026-03-26T16:43:30.107,7.669,250,146,183.489792,255,118063130,2997,8
2026-03-26T16:43:30.108,7.670,251,145,182.816315,255,118073104,2986,8
2026-03-26T16:43:30.109,7.671,252,140,182.081635,255,118083045,2974,8
2026-03-26T16:43:30.154,7.715,253,135,181.346939,255,118093027,2962,8
2026-03-26T16:43:30.156,7.718,254,130,180.673477,255,118102973,2951,8
2026-03-26T16:43:30.158,7.720,255,128,179.938766,255,118112943,2939,8
2026-03-26T16:43:30.160,7.721,0,126,179.265305,255,118122880,2928,8
2026-03-26T16:43:30.162,7.723,1,125,178.591843,255,118132853,2917,8
2026-03-26T16:43:30.205,7.766,2,128,177.857147,255,118142792,2905,8
2026-03-26T16:43:30.206,7.768,3,132,177.183670,255,118152772,2894,8
2026-03-26T16:43:30.208,7.769,4,137,176.448975,255,118162707,2882,8
2026-03-26T16:43:30.209,7.770,5,139,175.775513,255,118172685,2871,8
2026-03-26T16:43:30.210,7.771,6,140,175.040817,255,118182628,2859,8
2026-03-26T16:43:30.254,7.815,7,142,174.367355,255,118192601,2848,8
2026-03-26T16:43:30.256,7.817,8,143,173.755096,255,118201537,2838,8
2026-03-26T16:43:30.258,7.819,9,144,172.959183,255,118212515,2825,8
2026-03-26T16:43:30.260,7.821,10,153,172.285706,255,118222460,2814,8
2026-03-26T16:43:30.261,7.822,11,181,171.551025,255,118232420,2802,8
2026-03-26T16:43:30.304,7.866,12,230,170.938782,255,118242374,2792,8
2026-03-26T16:43:30.306,7.867,13,245,170.142853,255,118252336,2779,8
2026-03-26T16:43:30.308,7.869,14,254,169.469391,255,118262286,2768,8
2026-03-26T16:43:30.309,7.870,15,257,168.795914,255,118272251,2757,8
2026-03-26T16:43:30.310,7.871,16,259,168.122452,255,118282203,2746,8
2026-03-26T16:43:30.354,7.915,17,259,167.387756,255,118292168,2734,8
2026-03-26T16:43:30.357,7.918,18,259,166.653061,255,118302120,2722,8
2026-03-26T16:43:30.359,7.920,19,261,165.979584,255,118312083,2711,8
2026-03-26T16:43:30.361,7.922,20,259,165.306122,255,118322037,2700,8
2026-03-26T16:43:30.363,7.924,21,259,164.571426,255,118332003,2688,8
2026-03-26T16:43:30.404,7.966,22,259,163.897964,255,118341951,2677,8
2026-03-26T16:43:30.406,7.968,23,259,163.163269,255,118351910,2665,8
2026-03-26T16:43:30.408,7.969,24,258,162.489792,255,118361860,2654,8
2026-03-26T16:43:30.410,7.971,25,257,161.755096,255,118371821,2642,8
2026-03-26T16:43:30.412,7.973,26,257,161.081635,255,118381770,2631,8
2026-03-26T16:43:30.454,8.016,27,257,160.346939,255,118391731,2619,8
2026-03-26T16:43:30.458,8.019,28,258,159.673462,255,118401680,2608,8
2026-03-26T16:43:30.460,8.022,29,259,158.938782,255,118411633,2596,8
2026-03-26T16:43:30.462,8.024,30,259,158.265305,255,118421584,2585,8
2026-03-26T16:43:30.465,8.027,31,260,157.530609,255,118431540,2573,8
2026-03-26T16:43:30.467,8.028,32,260,156.857132,255,118441487,2562,8
2026-03-26T16:43:30.504,8.066,33,261,156.183670,255,118451446,2551,8
2026-03-26T16:43:30.506,8.067,34,262,155.448975,255,118461393,2539,8
2026-03-26T16:43:30.507,8.068,35,261,154.775513,255,118471350,2528,8
2026-03-26T16:43:30.508,8.069,36,261,154.040817,255,118481303,2516,8
2026-03-26T16:43:30.554,8.116,37,262,153.367355,255,118491262,2505,8
2026-03-26T16:43:30.557,8.118,38,262,152.632645,255,118501210,2493,8
2026-03-26T16:43:30.559,8.120,39,262,151.959183,255,118511169,2482,8
2026-03-26T16:43:30.562,8.124,40,262,151.285721,255,118521113,2471,8
2026-03-26T16:43:30.564,8.125,41,263,150.551025,255,118531073,2459,8
2026-03-26T16:43:30.565,8.126,42,261,149.877548,255,118541023,2448,8
2026-03-26T16:43:30.604,8.166,43,260,149.142853,255,118550987,2436,8
2026-03-26T16:43:30.606,8.167,44,261,148.469391,255,118560940,2425,8
2026-03-26T16:43:30.607,8.169,45,263,147.734695,255,118570900,2413,8
2026-03-26T16:43:30.608,8.170,46,264,147.061234,255,118580853,2402,8
2026-03-26T16:43:30.654,8.215,47,262,146.387756,255,118590819,2391,8
2026-03-26T16:43:30.655,8.216,48,262,145.653061,255,118600775,2379,8
2026-03-26T16:43:30.656,8.217,49,263,144.918365,255,118610736,2367,8
2026-03-26T16:43:30.657,8.218,50,262,144.244904,255,118620691,2356,8
2026-03-26T16:43:30.658,8.219,51,261,143.632660,255,118630655,2346,8
2026-03-26T16:43:30.704,8.265,52,262,142.836746,255,118640607,2333,8
2026-03-26T16:43:30.706,8.268,53,262,142.163269,255,118650574,2322,8
2026-03-26T16:43:30.708,8.270,54,262,141.428574,255,118660524,2310,8
2026-03-26T16:43:30.710,8.271,55,263,140.816330,255,118670483,2300,8
2026-03-26T16:43:30.711,8.273,56,265,140.020416,255,118680432,2287,8
2026-03-26T16:43:30.713,8.275,57,263,139.346939,255,118690388,2276,8
2026-03-26T16:43:30.754,8.316,58,263,138.673462,255,118700337,2265,8
2026-03-26T16:43:30.756,8.317,59,262,138.000000,255,118710294,2254,8
2026-03-26T16:43:30.757,8.318,60,262,137.204071,255,118720240,2241,8
2026-03-26T16:43:30.758,8.319,61,262,136.530609,255,118730203,2230,8
2026-03-26T16:43:30.805,8.366,62,263,135.857147,255,118740152,2219,8
2026-03-26T16:43:30.806,8.368,63,263,135.183685,255,118750115,2208,8
2026-03-26T16:43:30.808,8.369,64,263,134.448975,255,118760067,2196,8
2026-03-26T16:43:30.809,8.371,65,261,133.714294,255,118770028,2184,8
2026-03-26T16:43:30.811,8.373,66,260,133.040817,255,118779976,2173,8
2026-03-26T16:43:30.813,8.374,67,261,132.306122,255,118789937,2161,8
2026-03-26T16:43:30.855,8.416,68,260,131.632660,255,118799886,2150,8
2026-03-26T16:43:30.856,8.418,69,260,131.020401,255,118809843,2140,8
2026-03-26T16:43:30.858,8.419,70,260,130.224487,255,118819795,2127,8
2026-03-26T16:43:30.859,8.420,71,259,129.551010,255,118829756,2116,8
2026-03-26T16:43:30.905,8.466,72,257,128.816330,255,118839708,2104,8
2026-03-26T16:43:30.908,8.470,73,258,128.204071,255,118849670,2094,8
2026-03-26T16:43:30.911,8.472,74,258,127.408165,255,118859624,2081,8
2026-03-26T16:43:30.913,8.474,75,259,126.734695,255,118869580,2070,8
2026-03-26T16:43:30.915,8.476,76,258,126.000000,255,118879536,2058,8
2026-03-26T16:43:30.917,8.478,77,257,125.387756,255,118889500,2048,8
2026-03-26T16:43:30.955,8.516,78,256,124.591835,255,118899453,2035,8
2026-03-26T16:43:30.958,8.519,79,254,123.918365,255,118909412,2024,8
2026-03-26T16:43:30.960,8.522,80,255,123.244896,255,118919365,2013,8
2026-03-26T16:43:30.963,8.524,81,257,122.571426,255,118929317,2002,8
2026-03-26T16:43:30.964,8.526,82,257,121.836739,255,118939266,1990,8
2026-03-26T16:43:31.005,8.566,83,256,121.102036,255,118949224,1978,8
2026-03-26T16:43:31.006,8.568,84,254,120.428566,255,118959169,1967,8
2026-03-26T16:43:31.008,8.569,85,254,119.755104,255,118969129,1956,8
2026-03-26T16:43:31.010,8.571,86,252,119.020409,255,118979079,1944,8
2026-03-26T16:43:31.011,8.572,87,254,118.346939,255,118989037,1933,8
2026-03-26T16:43:31.055,8.616,88,254,117.612244,255,118998987,1921,8
2026-03-26T16:43:31.058,8.619,89,253,116.877548,255,119008946,1909,8
2026-03-26T16:43:31.060,8.622,90,255,116.204079,255,119018898,1898,8
2026-03-26T16:43:31.062,8.624,91,256,115.530617,255,119028860,1887,8
2026-03-26T16:43:31.065,8.626,92,253,114.795914,255,119038803,1875,8
2026-03-26T16:43:31.105,8.666,93,254,114.122444,255,119048761,1864,8
2026-03-26T16:43:31.106,8.667,94,252,113.387756,255,119058707,1852,8
2026-03-26T16:43:31.107,8.668,95,251,112.714287,255,119068659,1841,8
2026-03-26T16:43:31.108,8.669,96,247,111.979584,255,119078606,1829,8
2026-03-26T16:43:31.109,8.670,97,246,111.306129,255,119088563,1818,8
2026-03-26T16:43:31.155,8.716,98,244,110.632660,255,119098513,1807,8
2026-03-26T16:43:31.160,8.721,99,235,109.897957,255,119108479,1795,8
2026-03-26T16:43:31.163,8.724,100,209,109.224487,255,119118421,1784,8
2026-03-26T16:43:31.165,8.726,101,190,108.489799,255,119128389,1772,8
2026-03-26T16:43:31.167,8.729,102,178,107.877556,255,119138327,1762,8
2026-03-26T16:43:31.170,8.732,103,164,107.081635,255,119148295,1749,8
2026-03-26T16:43:31.205,8.766,104,157,106.408165,255,119158235,1738,8
2026-03-26T16:43:31.206,8.767,105,152,105.734695,255,119168208,1727,8
2026-03-26T16:43:31.207,8.769,106,148,105.061226,255,119178146,1716,8
2026-03-26T16:43:31.209,8.771,107,145,104.326523,255,119188112,1704,8
2026-03-26T16:43:31.255,8.816,108,143,103.591835,255,119198046,1692,8
2026-03-26T16:43:31.257,8.818,109,139,102.918365,255,119208027,1681,8
2026-03-26T16:43:31.259,8.821,110,137,102.183678,255,119217960,1669,8
2026-03-26T16:43:31.263,8.824,111,136,101.510208,255,119227934,1658,8
2026-03-26T16:43:31.265,8.826,112,135,100.897957,255,119237867,1648,8
2026-03-26T16:43:31.267,8.828,113,134,100.102036,255,119247842,1635,8
2026-03-26T16:43:31.305,8.866,114,133,99.428574,255,119257772,1624,8
2026-03-26T16:43:31.307,8.868,115,131,98.693878,255,119267747,1612,8
2026-03-26T16:43:31.309,8.871,116,130,98.020409,255,119277683,1601,8
2026-03-26T16:43:31.311,8.873,117,129,97.285713,255,119287657,1589,8
2026-03-26T16:43:31.355,8.916,118,128,96.612244,255,119297576,1578,8
2026-03-26T16:43:31.358,8.919,119,127,95.938774,255,119307559,1567,8
2026-03-26T16:43:31.360,8.921,120,125,95.204086,255,119317488,1555,8
2026-03-26T16:43:31.362,8.923,121,124,94.530617,255,119327469,1544,8
2026-03-26T16:43:31.364,8.925,122,124,93.795914,255,119337400,1532,8
2026-03-26T16:43:31.405,8.966,123,124,93.122444,255,119347371,1521,8
2026-03-26T16:43:31.406,8.967,124,124,92.387756,255,119357305,1509,8
2026-03-26T16:43:31.407,8.968,125,124,91.714287,255,119367282,1498,8
2026-03-26T16:43:31.408,8.969,126,125,91.040817,255,119377213,1487,8
2026-03-26T16:43:31.409,8.970,127,124,90.306129,255,119387185,1475,8
2026-03-26T16:43:31.455,9.016,128,123,89.632652,255,119397121,1464,8
2026-03-26T16:43:31.458,9.019,129,123,88.897964,255,119407098,1452,8
2026-03-26T16:43:31.460,9.021,130,123,88.224487,255,119417033,1441,8
2026-03-26T16:43:31.461,9.023,131,123,87.551018,255,119427005,1430,8
2026-03-26T16:43:31.463,9.024,132,124,86.816322,255,119436947,1418,8
2026-03-26T16:43:31.504,9.065,133,124,86.204086,255,119446919,1408,8
2026-03-26T16:43:31.507,9.068,134,124,85.408165,255,119456856,1395,8
2026-03-26T16:43:31.509,9.071,135,124,84.734695,255,119466832,1384,8
2026-03-26T16:43:31.511,9.072,136,125,84.000000,255,119476772,1372,8
2026-03-26T16:43:31.513,9.074,137,125,83.326530,255,119486754,1361,8
2026-03-26T16:43:31.515,9.076,138,126,82.591835,255,119496691,1349,8
2026-03-26T16:43:31.554,9.115,139,126,81.918365,255,119506672,1338,8
2026-03-26T16:43:31.557,9.118,140,128,81.244896,255,119516610,1327,8
2026-03-26T16:43:31.558,9.120,141,128,80.510208,255,119526588,1315,8
2026-03-26T16:43:31.560,9.121,142,129,79.836731,255,119536522,1304,8
2026-03-26T16:43:31.604,9.166,143,129,79.102043,255,119546501,1292,8
2026-03-26T16:43:31.607,9.168,144,134,78.489792,255,119556437,1282,8
2026-03-26T16:43:31.609,9.171,145,139,77.693878,255,119566415,1269,8
2026-03-26T16:43:31.611,9.173,146,143,77.020409,255,119576355,1258,8
2026-03-26T16:43:31.613,9.175,147,146,76.346939,255,119586325,1247,8
2026-03-26T16:43:31.615,9.177,148,149,75.673470,255,119596265,1236,8
2026-03-26T16:43:31.655,9.216,149,151,74.938774,255,119606235,1224,8
2026-03-26T16:43:31.656,9.218,150,150,74.204079,255,119616174,1212,8
2026-03-26T16:43:31.658,9.219,151,148,73.530617,255,119626145,1201,8
2026-03-26T16:43:31.659,9.221,152,148,72.857147,255,119636089,1190,8
2026-03-26T16:43:31.704,9.265,153,147,72.122452,255,119646058,1178,8
2026-03-26T16:43:31.707,9.268,154,144,71.448982,255,119655996,1167,8
2026-03-26T16:43:31.709,9.270,155,138,70.714287,255,119665973,1155,8
2026-03-26T16:43:31.711,9.272,156,135,70.040817,255,119675904,1144,8
2026-03-26T16:43:31.711,9.273,157,134,69.306122,255,119685878,1132,8
2026-03-26T16:43:31.713,9.274,158,129,68.632652,255,119695815,1121,8
2026-03-26T16:43:31.755,9.316,159,124,67.897957,255,119705784,1109,8
2026-03-26T16:43:31.759,9.320,160,113,67.224487,255,119715728,1098,8
2026-03-26T16:43:31.761,9.322,161,110,66.612244,255,119725699,1088,8
2026-03-26T16:43:31.763,9.325,162,109,65.816330,255,119735640,1075,8
2026-03-26T16:43:31.765,9.326,163,104,65.142860,255,119745606,1064,8
2026-03-26T16:43:31.805,9.366,164,100,64.408165,255,119755548,1052,8
2026-03-26T16:43:31.806,9.368,165,98,63.795918,255,119765529,1042,8
2026-03-26T16:43:31.808,9.369,166,96,63.000000,255,119775473,1029,8
2026-03-26T16:43:31.810,9.372,167,92,62.326527,255,119785439,1018,8
2026-03-26T16:43:31.812,9.373,168,88,61.653065,255,119795379,1007,8
2026-03-26T16:43:31.854,9.415,169,85,60.979591,255,119805340,996,8
2026-03-26T16:43:31.856,9.418,170,84,60.244900,255,119815275,984,8
2026-03-26T16:43:31.858,9.420,171,83,59.510204,255,119825250,972,8
2026-03-26T16:43:31.861,9.422,172,82,58.836735,255,119835187,961,8
2026-03-26T16:43:31.863,9.424,173,81,58.102039,255,119845150,949,8
2026-03-26T16:43:31.905,9.466,174,80,57.428574,255,119855091,938,8
2026-03-26T16:43:31.906,9.468,175,76,56.755104,255,119865055,927,8
2026-03-26T16:43:31.908,9.469,176,75,56.020409,255,119874990,915,8
2026-03-26T16:43:31.909,9.471,177,74,55.285713,255,119884973,903,8
2026-03-26T16:43:31.911,9.472,178,74,54.612244,255,119894905,892,8
2026-03-26T16:43:31.954,9.515,179,74,53.938778,255,119904871,881,8
2026-03-26T16:43:31.956,9.517,180,74,53.204082,255,119914813,869,8
2026-03-26T16:43:31.959,9.520,181,74,52.469387,255,119924779,857,8
2026-03-26T16:43:31.960,9.522,182,74,51.795918,255,119934720,846,8
2026-03-26T16:43:31.962,9.523,183,73,51.061222,255,119944690,834,8
2026-03-26T16:43:32.004,9.566,184,73,50.326530,255,119954632,822,8
2026-03-26T16:43:32.007,9.568,185,73,49.714287,255,119964595,812,8
2026-03-26T16:43:32.009,9.570,186,73,48.918369,255,119974531,799,8
2026-03-26T16:43:32.012,9.573,187,73,48.183674,255,119984489,787,8
2026-03-26T16:43:32.014,9.575,188,72,47.510204,255,119994422,776,8
2026-03-26T16:43:32.054,9.615,189,72,46.775509,255,120004387,764,8
2026-03-26T16:43:32.055,9.616,190,72,46.102039,255,120014328,753,8
2026-03-26T16:43:32.056,9.617,191,72,45.367344,255,120024287,741,8
2026-03-26T16:43:32.057,9.618,192,72,44.693878,255,120034226,730,8
2026-03-26T16:43:32.105,9.666,193,72,43.897957,255,120044187,717,8
2026-03-26T16:43:32.108,9.670,194,72,43.224491,255,120054128,706,8
2026-03-26T16:43:32.111,9.672,195,72,42.489796,255,120064092,694,8
2026-03-26T16:43:32.115,9.677,196,72,41.816326,255,120074030,683,8
2026-03-26T16:43:32.118,9.680,197,72,41.081635,255,120083993,671,8
2026-03-26T16:43:32.121,9.682,198,72,40.346939,255,120093931,659,8
2026-03-26T16:43:32.123,9.684,199,72,39.673470,255,120103902,648,8
2026-03-26T16:43:32.163,9.724,200,72,38.938778,255,120113839,636,8
2026-03-26T16:43:32.164,9.725,201,72,38.326530,255,120123803,626,8
2026-03-26T16:43:32.165,9.726,202,72,37.530613,255,120133743,613,8
2026-03-26T16:43:32.166,9.727,203,73,36.795918,255,120143704,601,8
2026-03-26T16:43:32.204,9.766,204,73,36.122448,255,120153643,590,8
2026-03-26T16:43:32.206,9.768,205,73,35.387753,255,120163607,578,8
2026-03-26T16:43:32.209,9.770,206,73,34.653061,255,120173543,566,8
2026-03-26T16:43:32.211,9.772,207,73,34.040817,255,120183507,556,8
2026-03-26T16:43:32.212,9.774,208,73,33.244896,255,120193445,543,8
2026-03-26T16:43:32.255,9.816,209,73,32.510204,255,120203414,531,8
2026-03-26T16:43:32.257,9.818,210,73,31.836735,255,120213352,520,8
2026-03-26T16:43:32.259,9.820,211,73,31.102039,255,120223322,508,8
2026-03-26T16:43:32.260,9.822,212,73,30.428572,255,120233262,497,8
2026-03-26T16:43:32.262,9.823,213,73,29.693878,255,120243227,485,8
2026-03-26T16:43:32.305,9.866,214,74,29.020407,255,120253163,474,8
2026-03-26T16:43:32.308,9.869,215,74,28.285715,255,120263130,462,8
2026-03-26T16:43:32.310,9.871,216,74,27.551022,255,120273070,450,8
2026-03-26T16:43:32.314,9.875,217,74,26.816326,255,120283034,438,8
2026-03-26T16:43:32.316,9.877,218,74,26.142859,255,120292975,427,8
2026-03-26T16:43:32.317,9.879,219,74,25.408163,255,120302935,415,8
2026-03-26T16:43:32.355,9.916,220,74,24.673470,255,120312869,403,8
2026-03-26T16:43:32.358,9.919,221,74,24.000002,255,120322830,392,8
2026-03-26T16:43:32.361,9.922,222,74,23.265306,255,120332762,380,8
2026-03-26T16:43:32.364,9.925,223,74,22.653061,255,120342724,370,8
2026-03-26T16:43:32.366,9.927,224,74,21.857143,255,120352656,357,8
2026-03-26T16:43:32.404,9.966,225,74,21.122450,255,120362618,345,8
2026-03-26T16:43:32.406,9.967,226,74,20.387754,255,120372562,333,8
2026-03-26T16:43:32.407,9.968,227,74,19.714287,255,120382524,322,8
2026-03-26T16:43:32.408,9.970,228,74,18.979591,255,120392463,310,8
2026-03-26T16:43:32.454,10.015,229,75,18.306122,255,120402423,299,8
2026-03-26T16:43:32.457,10.018,230,75,17.632652,255,120412363,288,8
2026-03-26T16:43:32.459,10.021,231,77,16.836735,255,120422323,275,8
2026-03-26T16:43:32.462,10.023,232,77,16.163265,255,120432267,264,8
2026-03-26T16:43:32.465,10.026,233,78,15.428572,255,120442230,252,8
2026-03-26T16:43:32.467,10.029,234,79,14.693877,255,120452166,240,8
2026-03-26T16:43:32.505,10.066,235,79,14.020408,255,120462137,229,8
2026-03-26T16:43:32.506,10.067,236,79,13.285715,255,120472073,217,8
2026-03-26T16:43:32.507,10.069,237,80,12.612245,255,120482035,206,8
2026-03-26T16:43:32.509,10.070,238,80,11.877551,255,120491976,194,8
2026-03-26T16:43:32.554,10.115,239,81,11.142858,255,120501935,182,8
2026-03-26T16:43:32.557,10.119,240,81,10.469388,255,120511881,171,8
2026-03-26T16:43:32.560,10.121,241,81,9.734694,255,120521845,159,8
2026-03-26T16:43:32.563,10.124,242,81,9.000000,255,120531786,147,8
2026-03-26T16:43:32.565,10.126,243,80,8.326530,255,120541755,136,8
2026-03-26T16:43:32.567,10.129,244,79,7.591837,255,120551691,124,8
2026-03-26T16:43:32.604,10.166,245,79,6.857143,255,120561655,112,8
2026-03-26T16:43:32.606,10.167,246,79,6.244898,255,120571593,102,8
2026-03-26T16:43:32.607,10.169,247,79,5.448980,255,120581559,89,8
2026-03-26T16:43:32.610,10.171,248,79,4.714286,255,120591497,77,8
2026-03-26T16:43:32.655,10.216,249,78,4.040816,255,120601467,66,8
2026-03-26T16:43:32.657,10.218,250,77,3.306122,255,120611410,54,8
2026-03-26T16:43:32.659,10.220,251,76,2.632653,255,120621376,43,8
2026-03-26T16:43:32.660,10.222,252,76,1.959184,255,120631319,32,8
2026-03-26T16:43:32.662,10.223,253,76,1.163265,255,120641284,19,8
2026-03-26T16:43:32.663,10.225,254,75,0.489796,255,120651224,8,8
2026-03-26T16:43:32.705,10.266,255,75,359.755096,255,120661185,5876,8
2026-03-26T16:43:32.707,10.268,0,75,359.081635,255,120671125,5865,8
2026-03-26T16:43:32.709,10.270,1,75,358.346954,255,120681089,5853,8
2026-03-26T16:43:32.710,10.271,2,75,357.673462,255,120691025,5842,8
2026-03-26T16:43:32.754,10.316,3,75,356.938782,255,120700997,5830,8
2026-03-26T16:43:32.758,10.319,4,75,356.204071,255,120710936,5818,8
2026-03-26T16:43:32.760,10.322,5,75,355.530609,255,120720901,5807,8
2026-03-26T16:43:32.764,10.325,6,75,354.795898,255,120730846,5795,8
2026-03-26T16:43:32.766,10.327,7,77,354.061218,255,120740809,5783,8
2026-03-26T16:43:32.768,10.329,8,78,353.387756,255,120750749,5772,8
2026-03-26T16:43:32.805,10.366,9,82,352.653076,255,120760723,5760,8
2026-03-26T16:43:32.807,10.368,10,92,352.040802,255,120770665,5750,8
2026-03-26T16:43:32.809,10.370,11,96,351.244904,255,120780632,5737,8
2026-03-26T16:43:32.810,10.371,12,98,350.510193,255,120790569,5725,8
2026-03-26T16:43:32.855,10.417,13,98,349.836731,255,120800541,5714,8
2026-03-26T16:43:32.859,10.420,14,84,349.102020,255,120810484,5702,8
2026-03-26T16:43:32.861,10.423,15,70,348.428558,255,120820453,5691,8
2026-03-26T16:43:32.862,10.423,16,61,347.755096,255,120830394,5680,8
2026-03-26T16:43:32.864,10.425,17,56,346.959198,255,120840359,5667,8
2026-03-26T16:43:32.867,10.429,18,53,346.285706,255,120850299,5656,8
2026-03-26T16:43:32.907,10.468,19,51,345.551025,255,120860258,5644,8
2026-03-26T16:43:32.908,10.469,20,50,344.816345,255,120870205,5632,8
2026-03-26T16:43:32.909,10.470,21,50,344.142853,255,120880172,5621,8
2026-03-26T16:43:32.911,10.472,22,49,343.469391,255,120890113,5610,8
2026-03-26T16:43:32.912,10.473,23,48,342.734680,255,120900079,5598,8
2026-03-26T16:43:32.954,10.516,24,48,342.000000,255,120910014,5586,8
2026-03-26T16:43:32.956,10.518,25,48,341.326538,255,120919978,5575,8
2026-03-26T16:43:32.957,10.518,26,48,340.591827,255,120929910,5563,8
2026-03-26T16:43:32.958,10.519,27,48,339.857147,255,120939878,5551,8
2026-03-26T16:43:33.005,10.566,28,49,339.122467,255,120949815,5539,8
2026-03-26T16:43:33.007,10.568,29,49,338.448975,255,120959778,5528,8
2026-03-26T16:43:33.009,10.570,30,49,337.714264,255,120969716,5516,8
2026-03-26T16:43:33.011,10.572,31,49,337.102051,255,120979681,5506,8
2026-03-26T16:43:33.013,10.574,32,50,336.306122,255,120989622,5493,8
2026-03-26T16:43:33.014,10.575,33,51,335.571442,255,120999583,5481,8
2026-03-26T16:43:33.054,10.616,34,51,334.897949,255,121009525,5470,8
2026-03-26T16:43:33.056,10.617,35,52,334.163269,255,121019485,5458,8
2026-03-26T16:43:33.057,10.619,36,52,333.489807,255,121029417,5447,8
2026-03-26T16:43:33.059,10.620,37,52,332.816315,255,121039381,5436,8
2026-03-26T16:43:33.060,10.621,38,53,332.020416,255,121049316,5423,8
2026-03-26T16:43:33.105,10.666,39,53,331.346954,255,121059276,5412,8
2026-03-26T16:43:33.108,10.669,40,53,330.612244,255,121069214,5400,8
2026-03-26T16:43:33.110,10.671,41,54,329.877563,255,121079172,5388,8
2026-03-26T16:43:33.112,10.673,42,55,329.204071,255,121089102,5377,8
2026-03-26T16:43:33.114,10.676,43,54,328.469391,255,121099064,5365,8
2026-03-26T16:43:33.155,10.716,44,54,327.795929,255,121108997,5354,8
2026-03-26T16:43:33.157,10.718,45,54,327.061218,255,121118956,5342,8
2026-03-26T16:43:33.159,10.721,46,55,326.387756,255,121128897,5331,8
2026-03-26T16:43:33.161,10.722,47,55,325.653076,255,121138855,5319,8
2026-03-26T16:43:33.163,10.724,48,56,324.918365,255,121148789,5307,8
2026-03-26T16:43:33.205,10.766,49,57,324.183655,255,121158750,5295,8
2026-03-26T16:43:33.207,10.768,50,58,323.510193,255,121168681,5284,8
2026-03-26T16:43:33.208,10.769,51,59,322.775513,255,121178649,5272,8
2026-03-26T16:43:33.209,10.771,52,61,322.163269,255,121188583,5262,8
2026-03-26T16:43:33.210,10.772,53,61,321.428558,255,121198545,5250,8
2026-03-26T16:43:33.254,10.816,54,61,320.632660,255,121208481,5237,8
2026-03-26T16:43:33.257,10.818,55,60,319.959198,255,121218444,5226,8
2026-03-26T16:43:33.260,10.822,56,60,319.224487,255,121228381,5214,8
2026-03-26T16:43:33.262,10.823,57,60,318.489777,255,121238345,5202,8
2026-03-26T16:43:33.263,10.825,58,60,317.816315,255,121248281,5191,8
2026-03-26T16:43:33.304,10.866,59,60,317.142853,255,121258243,5180,8
2026-03-26T16:43:33.306,10.867,60,61,316.346954,255,121268185,5167,8
2026-03-26T16:43:33.308,10.869,61,61,315.673462,255,121278149,5156,8
2026-03-26T16:43:33.309,10.871,62,60,315.000000,255,121288087,5145,8
2026-03-26T16:43:33.311,10.872,63,60,314.265320,255,121298051,5133,8
2026-03-26T16:43:33.354,10.915,64,58,313.530609,255,121307990,5121,8
2026-03-26T16:43:33.356,10.917,65,57,312.795898,255,121317952,5109,8
2026-03-26T16:43:33.358,10.919,66,56,312.122437,255,121327896,5098,8
2026-03-26T16:43:33.359,10.920,67,56,311.387756,255,121337859,5086,8
2026-03-26T16:43:33.360,10.922,68,56,310.775513,255,121347801,5076,8
2026-03-26T16:43:33.405,10.966,69,57,309.979584,255,121357760,5063,8
2026-03-26T16:43:33.408,10.970,70,57,309.244904,255,121367703,5051,8
2026-03-26T16:43:33.412,10.973,71,58,308.571442,255,121377665,5040,8
2026-03-26T16:43:33.415,10.976,72,58,307.836731,255,121387600,5028,8
2026-03-26T16:43:33.418,10.979,73,58,307.102020,255,121397560,5016,8
2026-03-26T16:43:33.421,10.982,74,59,306.489807,255,121407498,5006,8
2026-03-26T16:43:33.454,11.015,75,59,305.693878,255,121417466,4993,8
2026-03-26T16:43:33.455,11.016,76,58,304.959167,255,121427399,4981,8
2026-03-26T16:43:33.456,11.017,77,53,304.285706,255,121437366,4970,8
2026-03-26T16:43:33.457,11.018,78,59,303.551025,255,121447302,4958,8
2026-03-26T16:43:33.505,11.066,79,55,302.877563,255,121457268,4947,8
2026-03-26T16:43:33.507,11.069,80,62,302.204071,255,121467204,4936,8
2026-03-26T16:43:33.510,11.071,81,63,301.408142,255,121477163,4923,8
2026-03-26T16:43:33.511,11.073,82,67,300.734711,255,121487103,4912,8
2026-03-26T16:43:33.513,11.074,83,72,300.000000,255,121497070,4900,8
2026-03-26T16:43:33.515,11.076,84,74,299.326508,255,121507011,4889,8
2026-03-26T16:43:33.554,11.116,85,76,298.591827,255,121516976,4877,8
2026-03-26T16:43:33.556,11.117,86,77,297.857147,255,121526912,4865,8
2026-03-26T16:43:33.558,11.119,87,77,297.183685,255,121536872,4854,8
2026-03-26T16:43:33.559,11.120,88,78,296.448975,255,121546807,4842,8
2026-03-26T16:43:33.605,11.166,89,78,295.836731,255,121556766,4832,8
2026-03-26T16:43:33.606,11.168,90,78,295.040833,255,121566705,4819,8
2026-03-26T16:43:33.608,11.169,91,79,294.306122,255,121576670,4807,8
2026-03-26T16:43:33.610,11.172,92,80,293.693878,255,121586602,4797,8
2026-03-26T16:43:33.611,11.173,93,80,292.897949,255,121596562,4784,8
2026-03-26T16:43:33.654,11.215,94,80,292.163269,255,121606502,4772,8
2026-03-26T16:43:33.656,11.218,95,80,291.551025,255,121616464,4762,8
2026-03-26T16:43:33.658,11.220,96,81,290.755096,255,121626403,4749,8
2026-03-26T16:43:33.660,11.221,97,80,290.081635,255,121636365,4738,8
2026-03-26T16:43:33.661,11.222,98,81,289.346954,255,121646298,4726,8
2026-03-26T16:43:33.705,11.266,99,82,288.612244,255,121656262,4714,8
2026-03-26T16:43:33.708,11.269,100,83,287.938782,255,121666204,4703,8
2026-03-26T16:43:33.710,11.271,101,83,287.204071,255,121676166,4691,8
2026-03-26T16:43:33.711,11.273,102,83,286.469391,255,121686108,4679,8
2026-03-26T16:43:33.713,11.274,103,83,285.795929,255,121696071,4668,8
2026-03-26T16:43:33.715,11.276,104,83,285.061218,255,121706015,4656,8
2026-03-26T16:43:33.754,11.316,105,83,284.387756,255,121715981,4645,8
2026-03-26T16:43:33.756,11.318,106,83,283.653076,255,121725926,4633,8
2026-03-26T16:43:33.758,11.319,107,83,282.918365,255,121735890,4621,8
2026-03-26T16:43:33.759,11.321,108,83,282.244904,255,121745824,4610,8
2026-03-26T16:43:33.805,11.366,109,83,281.510193,255,121755797,4598,8
2026-03-26T16:43:33.807,11.368,110,83,280.897980,255,121765738,4588,8
2026-03-26T16:43:33.808,11.370,111,83,280.102051,255,121775710,4575,8
2026-03-26T16:43:33.810,11.371,112,83,279.367340,255,121785651,4563,8
2026-03-26T16:43:33.811,11.373,113,82,278.632660,255,121795621,4551,8
2026-03-26T16:43:33.813,11.374,114,82,277.959198,255,121805553,4540,8
2026-03-26T16:43:33.854,11.416,115,82,277.224487,255,121815520,4528,8
2026-03-26T16:43:33.856,11.417,116,82,276.551025,255,121825470,4517,8
2026-03-26T16:43:33.858,11.419,117,81,275.877563,255,121835439,4506,8
2026-03-26T16:43:33.859,11.420,118,81,275.081635,255,121845378,4493,8
2026-03-26T16:43:33.904,11.466,119,80,274.408142,255,121855348,4482,8
2026-03-26T16:43:33.907,11.468,120,81,273.673462,255,121865285,4470,8
2026-03-26T16:43:33.909,11.471,121,81,273.000000,255,121875256,4459,8
2026-03-26T16:43:33.911,11.473,122,81,272.265320,255,121885199,4447,8
2026-03-26T16:43:33.914,11.475,123,82,271.591827,255,121895162,4436,8
2026-03-26T16:43:33.915,11.477,124,83,270.857147,255,121905104,4424,8
2026-03-26T16:43:33.955,11.516,125,82,270.122467,255,121915068,4412,8
2026-03-26T16:43:33.957,11.518,126,82,269.387756,255,121925007,4400,8
2026-03-26T16:43:33.959,11.520,127,83,268.714264,255,121934973,4389,8
2026-03-26T16:43:33.960,11.522,128,83,267.979584,255,121944908,4377,8
2026-03-26T16:43:33.962,11.523,129,82,267.244904,255,121954868,4365,8
2026-03-26T16:43:34.004,11.565,130,82,266.571442,255,121964809,4354,8
2026-03-26T16:43:34.007,11.568,131,82,265.836731,255,121974770,4342,8
2026-03-26T16:43:34.009,11.570,132,82,265.224487,255,121984708,4332,8
2026-03-26T16:43:34.011,11.572,133,82,264.428589,255,121994671,4319,8
2026-03-26T16:43:34.013,11.574,134,82,263.693878,255,122004611,4307,8
2026-03-26T16:43:34.055,11.616,135,82,263.081635,255,122014576,4297,8
2026-03-26T16:43:34.057,11.618,136,81,262.285706,255,122024514,4284,8
2026-03-26T16:43:34.058,11.620,137,80,261.551025,255,122034475,4272,8
2026-03-26T16:43:34.060,11.621,138,80,260.938782,255,122044412,4262,8
2026-03-26T16:43:34.061,11.623,139,78,260.142853,255,122054376,4249,8
2026-03-26T16:43:34.105,11.667,140,76,259.469391,255,122064316,4238,8
2026-03-26T16:43:34.108,11.669,141,75,258.734711,255,122074277,4226,8
2026-03-26T16:43:34.110,11.671,142,74,258.000000,255,122084214,4214,8
2026-03-26T16:43:34.113,11.675,143,74,257.326538,255,122094172,4203,8
2026-03-26T16:43:34.115,11.676,144,73,256.591827,255,122104106,4191,8
2026-03-26T16:43:34.155,11.716,145,73,255.857147,255,122114062,4179,8
2026-03-26T16:43:34.157,11.719,146,72,255.183670,255,122124003,4168,8
2026-03-26T16:43:34.159,11.720,147,70,254.510193,255,122133958,4157,8
2026-03-26T16:43:34.160,11.722,148,69,253.775513,255,122143902,4145,8
2026-03-26T16:43:34.162,11.723,149,68,253.040817,255,122153868,4133,8
2026-03-26T16:43:34.205,11.766,150,66,252.306137,255,122163806,4121,8
2026-03-26T16:43:34.208,11.769,151,64,251.632660,255,122173771,4110,8
2026-03-26T16:43:34.210,11.771,152,62,250.897949,255,122183704,4098,8
2026-03-26T16:43:34.213,11.774,153,60,250.285721,255,122193672,4088,8
2026-03-26T16:43:34.215,11.777,154,53,249.489792,255,122203609,4075,8
2026-03-26T16:43:34.217,11.779,155,51,248.755096,255,122213573,4063,8
2026-03-26T16:43:34.254,11.816,156,46,248.020416,255,122223513,4051,8
2026-03-26T16:43:34.256,11.818,157,46,247.346939,255,122233479,4040,8
2026-03-26T16:43:34.258,11.819,158,49,246.612259,255,122243417,4028,8
2026-03-26T16:43:34.260,11.821,159,52,246.000000,255,122253382,4018,8
2026-03-26T16:43:34.305,11.866,160,53,245.204071,255,122263321,4005,8
2026-03-26T16:43:34.306,11.867,161,55,244.530624,255,122273285,3994,8
2026-03-26T16:43:34.307,11.868,162,59,243.857147,255,122283228,3983,8
2026-03-26T16:43:34.308,11.869,163,62,243.122437,255,122293195,3971,8
2026-03-26T16:43:34.309,11.870,164,64,242.448975,255,122303129,3960,8
2026-03-26T16:43:34.354,11.916,165,65,241.714279,255,122313094,3948,8
2026-03-26T16:43:34.357,11.919,166,69,241.040817,255,122323029,3937,8
2026-03-26T16:43:34.359,11.920,167,77,240.367340,255,122332994,3926,8
2026-03-26T16:43:34.361,11.922,168,81,239.632645,255,122342935,3914,8
2026-03-26T16:43:34.362,11.924,169,82,239.020401,255,122352902,3904,8
2026-03-26T16:43:34.404,11.966,170,83,238.224487,255,122362845,3891,8
2026-03-26T16:43:34.406,11.968,171,83,237.551025,255,122372811,3880,8
2026-03-26T16:43:34.408,11.969,172,83,236.816330,255,122382752,3868,8
2026-03-26T16:43:34.410,11.971,173,84,236.142868,255,122392721,3857,8
2026-03-26T16:43:34.411,11.972,174,84,235.408173,255,122402664,3845,8
2026-03-26T16:43:34.455,12.016,175,84,234.734695,255,122412633,3834,8
2026-03-26T16:43:34.459,12.020,176,84,234.061234,255,122422563,3823,8
2026-03-26T16:43:34.461,12.023,177,84,233.326523,255,122432528,3811,8
2026-03-26T16:43:34.464,12.025,178,84,232.591827,255,122442462,3799,8
2026-03-26T16:43:34.466,12.028,179,84,231.918365,255,122452429,3788,8
2026-03-26T16:43:34.468,12.030,180,84,231.244888,255,122462365,3777,8
2026-03-26T16:43:34.504,12.066,181,85,230.510208,255,122472327,3765,8
2026-03-26T16:43:34.507,12.068,182,85,229.836731,255,122482261,3754,8
2026-03-26T16:43:34.509,12.070,183,85,229.102036,255,122492223,3742,8
2026-03-26T16:43:34.510,12.071,184,86,228.428574,255,122502157,3731,8
2026-03-26T16:43:34.554,12.115,185,86,227.693878,255,122512121,3719,8
2026-03-26T16:43:34.558,12.119,186,86,227.020416,255,122522055,3708,8
2026-03-26T16:43:34.561,12.122,187,87,226.346939,255,122532018,3697,8
2026-03-26T16:43:34.563,12.125,188,87,225.612259,255,122541953,3685,8
2026-03-26T16:43:34.565,12.127,189,86,224.938782,255,122551913,3674,8
2026-03-26T16:43:34.568,12.129,190,86,224.265305,255,122561851,3663,8
2026-03-26T16:43:34.604,12.166,191,85,223.530624,255,122571813,3651,8
2026-03-26T16:43:34.606,12.167,192,83,222.795914,255,122581749,3639,8
2026-03-26T16:43:34.607,12.168,193,79,222.122437,255,122591706,3628,8
2026-03-26T16:43:34.608,12.169,194,73,221.510208,255,122601643,3618,8
2026-03-26T16:43:34.654,12.216,195,68,220.714279,255,122611600,3605,8
2026-03-26T16:43:34.657,12.219,196,65,220.040817,255,122621531,3594,8
2026-03-26T16:43:34.661,12.222,197,64,219.306122,255,122631503,3582,8
2026-03-26T16:43:34.663,12.225,198,62,218.632645,255,122641432,3571,8
2026-03-26T16:43:34.666,12.227,199,59,217.897964,255,122651394,3559,8
2026-03-26T16:43:34.668,12.229,200,56,217.224487,255,122661327,3548,8
2026-03-26T16:43:34.704,12.266,201,56,216.489807,255,122671289,3536,8
2026-03-26T16:43:34.707,12.268,202,56,215.877548,255,122681227,3526,8
2026-03-26T16:43:34.711,12.272,203,59,215.081635,255,122691197,3513,8
2026-03-26T16:43:34.713,12.274,204,58,214.408173,255,122701136,3502,8
2026-03-26T16:43:34.715,12.276,205,56,213.734695,255,122711102,3491,8
2026-03-26T16:43:34.754,12.315,206,56,212.999985,255,122721036,3479,8
2026-03-26T16:43:34.758,12.319,207,58,212.326538,255,122730996,3468,8
2026-03-26T16:43:34.760,12.321,208,62,211.653076,255,122740933,3457,8
2026-03-26T16:43:34.762,12.323,209,69,210.918365,255,122750898,3445,8
2026-03-26T16:43:34.764,12.325,210,76,210.183670,255,122760836,3433,8
2026-03-26T16:43:34.805,12.366,211,80,209.510193,255,122770805,3422,8
2026-03-26T16:43:34.807,12.368,212,80,208.897964,255,122780746,3412,8
2026-03-26T16:43:34.808,12.369,213,80,208.102036,255,122790709,3399,8
2026-03-26T16:43:34.809,12.371,214,79,207.428574,255,122800645,3388,8
2026-03-26T16:43:34.855,12.416,215,80,206.693878,255,122810608,3376,8
2026-03-26T16:43:34.858,12.419,216,82,206.081635,255,122820544,3366,8
2026-03-26T16:43:34.860,12.421,217,83,205.285721,255,122830503,3353,8
2026-03-26T16:43:34.862,12.423,218,81,204.673462,255,122840435,3343,8
2026-03-26T16:43:34.863,12.424,219,78,203.877563,255,122850395,3330,8
2026-03-26T16:43:34.865,12.426,220,78,203.204086,255,122860332,3319,8
2026-03-26T16:43:34.905,12.466,221,77,202.530624,255,122870300,3308,8
2026-03-26T16:43:34.907,12.469,222,77,201.734695,255,122880238,3295,8
2026-03-26T16:43:34.909,12.470,223,76,201.061218,255,122890201,3284,8
2026-03-26T16:43:34.911,12.472,224,76,200.326538,255,122900139,3272,8
2026-03-26T16:43:34.912,12.473,225,76,199.653061,255,122910106,3261,8
2026-03-26T16:43:34.955,12.516,226,76,198.918365,255,122920047,3249,8
2026-03-26T16:43:34.957,12.519,227,76,198.244904,255,122930015,3238,8
2026-03-26T16:43:34.959,12.520,228,75,197.510208,255,122939958,3226,8
2026-03-26T16:43:34.961,12.522,229,74,196.775497,255,122949918,3214,8
2026-03-26T16:43:34.962,12.524,230,74,196.163269,255,122959858,3204,8
2026-03-26T16:43:35.005,12.566,231,74,195.367340,255,122969820,3191,8
2026-03-26T16:43:35.007,12.569,232,73,194.632645,255,122979765,3179,8
2026-03-26T16:43:35.009,12.571,233,73,193.897964,255,122989725,3167,8
2026-03-26T16:43:35.013,12.574,234,73,193.224487,255,122999667,3156,8
2026-03-26T16:43:35.014,12.575,235,72,192.489807,255,123009625,3144,8
2026-03-26T16:43:35.055,12.616,236,72,191.877548,255,123019566,3134,8
2026-03-26T16:43:35.056,12.618,237,72,191.142868,255,123029528,3122,8
2026-03-26T16:43:35.057,12.619,238,71,190.346939,255,123039466,3109,8
2026-03-26T16:43:35.059,12.621,239,71,189.612244,255,123049432,3097,8
2026-03-26T16:43:35.061,12.622,240,71,188.938766,255,123059371,3086,8
2026-03-26T16:43:35.105,12.666,241,71,188.204086,255,123069337,3074,8
2026-03-26T16:43:35.108,12.669,242,70,187.530609,255,123079278,3063,8
2026-03-26T16:43:35.110,12.671,243,70,186.857147,255,123089242,3052,8
2026-03-26T16:43:35.112,12.673,244,69,186.061234,255,123099183,3039,8
2026-03-26T16:43:35.114,12.675,245,69,185.387756,255,123109146,3028,8
2026-03-26T16:43:35.154,12.715,246,69,184.653046,255,123119086,3016,8
2026-03-26T16:43:35.157,12.718,247,69,183.918365,255,123129052,3004,8
2026-03-26T16:43:35.159,12.720,248,69,183.244888,255,123138991,2993,8
2026-03-26T16:43:35.160,12.722,249,69,182.510208,255,123148959,2981,8
2026-03-26T16:43:35.162,12.724,250,69,181.775513,255,123158897,2969,8
2026-03-26T16:43:35.205,12.766,251,68,181.102051,255,123168864,2958,8
2026-03-26T16:43:35.207,12.769,252,68,180.367355,255,123178804,2946,8
2026-03-26T16:43:35.209,12.771,253,68,179.755096,255,123188773,2936,8
2026-03-26T16:43:35.211,12.772,254,67,178.959183,255,123198709,2923,8
2026-03-26T16:43:35.212,12.774,255,64,178.224487,255,123208674,2911,8
2026-03-26T16:43:35.255,12.816,0,60,177.489792,255,123218613,2899,8
2026-03-26T16:43:35.257,12.818,1,59,176.816330,255,123228569,2888,8
2026-03-26T16:43:35.258,12.820,2,57,176.081635,255,123238518,2876,8
2026-03-26T16:43:35.260,12.821,3,57,175.408173,255,123248476,2865,8
2026-03-26T16:43:35.261,12.823,4,56,174.734695,255,123258420,2854,8
2026-03-26T16:43:35.304,12.865,5,56,173.938782,255,123268383,2841,8
2026-03-26T16:43:35.306,12.867,6,56,173.204071,255,123278327,2829,8
2026-03-26T16:43:35.307,12.869,7,56,172.530609,255,123288293,2818,8
2026-03-26T16:43:35.309,12.871,8,56,171.795914,255,123298231,2806,8
2026-03-26T16:43:35.311,12.872,9,56,171.122452,255,123308203,2795,8
2026-03-26T16:43:35.355,12.916,10,56,170.387756,255,123318141,2783,8
2026-03-26T16:43:35.358,12.919,11,54,169.714279,255,123328108,2772,8
2026-03-26T16:43:35.360,12.922,12,53,168.918365,255,123338048,2759,8
2026-03-26T16:43:35.362,12.924,13,52,168.244904,255,123348015,2748,8
2026-03-26T16:43:35.364,12.926,14,52,167.571426,255,123357952,2737,8
2026-03-26T16:43:35.367,12.928,15,52,166.836731,255,123367915,2725,8
2026-03-26T16:43:35.405,12.966,16,52,166.102036,255,123377853,2713,8
2026-03-26T16:43:35.406,12.968,17,52,165.367355,255,123387825,2701,8
2026-03-26T16:43:35.408,12.969,18,52,164.632645,255,123397763,2689,8
2026-03-26T16:43:35.409,12.970,19,53,163.959183,255,123407727,2678,8
2026-03-26T16:43:35.455,13.016,20,54,163.224487,255,123417663,2666,8
2026-03-26T16:43:35.458,13.019,21,55,162.612244,255,123427624,2656,8
2026-03-26T16:43:35.460,13.021,22,56,161.816330,255,123437560,2643,8
2026-03-26T16:43:35.462,13.023,23,56,161.081635,255,123447513,2631,8
2026-03-26T16:43:35.464,13.025,24,56,160.408157,255,123457448,2620,8
2026-03-26T16:43:35.466,13.027,25,56,159.673462,255,123467411,2608,8
2026-03-26T16:43:35.504,13.066,26,56,158.938782,255,123477342,2596,8
2026-03-26T16:43:35.506,13.067,27,56,158.265305,255,123487307,2585,8
2026-03-26T16:43:35.508,13.069,28,55,157.591843,255,123497240,2574,8
2026-03-26T16:43:35.509,13.070,29,55,156.795914,255,123507202,2561,8
2026-03-26T16:43:35.555,13.116,30,56,156.122452,255,123517130,2550,8
2026-03-26T16:43:35.557,13.119,31,56,155.387756,255,123527100,2538,8
2026-03-26T16:43:35.559,13.121,32,57,154.714294,255,123537036,2527,8
2026-03-26T16:43:35.561,13.122,33,58,153.979584,255,123546998,2515,8
2026-03-26T16:43:35.563,13.124,34,59,153.306122,255,123556939,2504,8
2026-03-26T16:43:35.565,13.126,35,62,152.571426,255,123566897,2492,8
2026-03-26T16:43:35.605,13.166,36,63,151.836731,255,123576837,2480,8
2026-03-26T16:43:35.607,13.169,37,62,151.163269,255,123586797,2469,8
2026-03-26T16:43:35.609,13.171,38,60,150.489807,255,123596734,2458,8
2026-03-26T16:43:35.613,13.174,39,58,149.693878,255,123606692,2445,8
2026-03-26T16:43:35.614,13.176,40,58,148.959183,255,123616636,2433,8
2026-03-26T16:43:35.655,13.216,41,58,148.285706,255,123626597,2422,8
2026-03-26T16:43:35.657,13.218,42,59,147.551025,255,123636532,2410,8
2026-03-26T16:43:35.658,13.219,43,59,146.816315,255,123646497,2398,8
2026-03-26T16:43:35.660,13.221,44,58,146.204086,255,123656435,2388,8
2026-03-26T16:43:35.705,13.267,45,58,145.469391,255,123666398,2376,8
2026-03-26T16:43:35.709,13.270,46,58,144.673477,255,123676337,2363,8
2026-03-26T16:43:35.711,13.273,47,59,144.000000,255,123686301,2352,8
2026-03-26T16:43:35.714,13.275,48,58,143.326538,255,123696244,2341,8
2026-03-26T16:43:35.716,13.277,49,55,142.591827,255,123706211,2329,8
2026-03-26T16:43:35.718,13.279,50,46,141.857147,255,123716149,2317,8
2026-03-26T16:43:35.754,13.315,51,40,141.183670,255,123726111,2306,8
2026-03-26T16:43:35.756,13.317,52,39,140.387756,255,123736037,2293,8
2026-03-26T16:43:35.757,13.318,53,40,139.714279,255,123745999,2282,8
2026-03-26T16:43:35.758,13.320,54,43,139.040817,255,123755939,2271,8
2026-03-26T16:43:35.805,13.366,55,49,138.306122,255,123765895,2259,8
2026-03-26T16:43:35.806,13.367,56,55,137.571426,255,123775819,2247,8
2026-03-26T16:43:35.807,13.369,57,56,136.836731,255,123785784,2235,8
2026-03-26T16:43:35.808,13.369,58,57,136.163269,255,123795719,2224,8
2026-03-26T16:43:35.809,13.370,59,57,135.428574,255,123805689,2212,8
2026-03-26T16:43:35.854,13.416,60,57,134.693878,255,123815620,2200,8
2026-03-26T16:43:35.859,13.420,61,56,134.081635,255,123825588,2190,8
2026-03-26T16:43:35.861,13.422,62,52,133.285721,255,123835672,2177,8
2026-03-26T16:43:35.864,13.426,63,48,132.551025,255,123845488,2165,8
2026-03-26T16:43:35.866,13.427,64,44,131.877548,255,123855435,2154,8
2026-03-26T16:43:35.868,13.429,65,43,131.142853,255,123865401,2142,8
2026-03-26T16:43:35.904,13.465,66,42,130.469391,255,123875333,2131,8
2026-03-26T16:43:35.905,13.467,67,42,129.734695,255,123885302,2119,8
2026-03-26T16:43:35.907,13.468,68,42,129.061218,255,123895233,2108,8
2026-03-26T16:43:35.908,13.469,69,42,128.265305,255,123905197,2095,8
2026-03-26T16:43:35.955,13.516,70,42,127.591835,255,123915134,2084,8
2026-03-26T16:43:35.958,13.519,71,42,126.857147,255,123925090,2072,8
2026-03-26T16:43:35.960,13.521,72,42,126.122444,255,123935025,2060,8
2026-03-26T16:43:35.962,13.523,73,42,125.448975,255,123944982,2049,8
2026-03-26T16:43:35.964,13.525,74,42,124.714287,255,123954914,2037,8
2026-03-26T16:43:35.965,13.527,75,42,123.979599,255,123964872,2025,8
2026-03-26T16:43:36.005,13.566,76,42,123.244896,255,123974818,2013,8
2026-03-26T16:43:36.007,13.568,77,42,122.571426,255,123984777,2002,8
2026-03-26T16:43:36.009,13.570,78,42,121.836739,255,123994717,1990,8
2026-03-26T16:43:36.012,13.573,79,42,121.102036,255,124004684,1978,8
2026-03-26T16:43:36.014,13.575,80,42,120.489799,255,124014625,1968,8
2026-03-26T16:43:36.054,13.616,81,42,119.693878,255,124024589,1955,8
2026-03-26T16:43:36.056,13.618,82,42,118.959190,255,124034534,1943,8
2026-03-26T16:43:36.058,13.619,83,42,118.224487,255,124044500,1931,8
2026-03-26T16:43:36.060,13.621,84,43,117.551018,255,124054440,1920,8
2026-03-26T16:43:36.061,13.622,85,43,116.816330,255,124064410,1908,8
2026-03-26T16:43:36.105,13.666,86,43,116.081627,255,124074354,1896,8
2026-03-26T16:43:36.108,13.669,87,43,115.408157,255,124084315,1885,8
2026-03-26T16:43:36.110,13.671,88,43,114.734695,255,124094259,1874,8
2026-03-26T16:43:36.112,13.673,89,43,113.938782,255,124104225,1861,8
2026-03-26T16:43:36.114,13.675,90,43,113.265312,255,124114165,1850,8
2026-03-26T16:43:36.154,13.716,91,43,112.530609,255,124124136,1838,8
2026-03-26T16:43:36.157,13.718,92,43,111.795921,255,124134075,1826,8
2026-03-26T16:43:36.159,13.720,93,43,111.122452,255,124144042,1815,8
2026-03-26T16:43:36.160,13.721,94,43,110.387764,255,124153984,1803,8
2026-03-26T16:43:36.162,13.723,95,44,109.653061,255,124163950,1791,8
2026-03-26T16:43:36.205,13.766,96,44,108.918373,255,124173893,1779,8
2026-03-26T16:43:36.207,13.769,97,44,108.183670,255,124183858,1767,8
2026-03-26T16:43:36.214,13.775,98,43,107.510201,255,124193798,1756,8
2026-03-26T16:43:36.215,13.776,99,44,106.775513,255,124203769,1744,8
2026-03-26T16:43:36.216,13.778,100,44,106.102043,255,124213712,1733,8
2026-03-26T16:43:36.218,13.779,101,44,105.428574,255,124223679,1722,8
2026-03-26T16:43:36.255,13.816,102,44,104.632652,255,124233622,1709,8
2026-03-26T16:43:36.256,13.817,103,44,103.897964,255,124243591,1697,8
2026-03-26T16:43:36.257,13.818,104,44,103.163261,255,124253530,1685,8
2026-03-26T16:43:36.258,13.819,105,44,102.489792,255,124263500,1674,8
2026-03-26T16:43:36.304,13.865,106,43,101.755104,255,124273443,1662,8
2026-03-26T16:43:36.307,13.868,107,44,101.081635,255,124283415,1651,8
2026-03-26T16:43:36.309,13.871,108,44,100.346947,255,124293356,1639,8
2026-03-26T16:43:36.311,13.873,109,44,99.673470,255,124303327,1628,8
2026-03-26T16:43:36.314,13.875,110,44,98.877556,255,124313268,1615,8
2026-03-26T16:43:36.355,13.916,111,44,98.204086,255,124323232,1604,8
2026-03-26T16:43:36.358,13.919,112,44,97.469383,255,124333175,1592,8
2026-03-26T16:43:36.359,13.921,113,44,96.734695,255,124343151,1580,8
2026-03-26T16:43:36.361,13.922,114,44,96.061226,255,124353096,1569,8
2026-03-26T16:43:36.362,13.924,115,44,95.326538,255,124363063,1557,8
2026-03-26T16:43:36.404,13.965,116,44,94.591835,255,124373011,1545,8
2026-03-26T16:43:36.407,13.968,117,44,93.857147,255,124382975,1533,8
2026-03-26T16:43:36.409,13.970,118,44,93.183678,255,124392926,1522,8
2026-03-26T16:43:36.411,13.972,119,46,92.448975,255,124402891,1510,8
2026-03-26T16:43:36.412,13.973,120,45,91.714287,255,124412842,1498,8
2026-03-26T16:43:36.454,14.015,121,46,91.102043,255,124422801,1488,8
2026-03-26T16:43:36.456,14.017,122,48,90.306129,255,124432748,1475,8
2026-03-26T16:43:36.458,14.019,123,48,89.571426,255,124442723,1463,8
2026-03-26T16:43:36.459,14.020,124,48,88.836739,255,124452666,1451,8
2026-03-26T16:43:36.461,14.022,125,48,88.163269,255,124462637,1440,8
2026-03-26T16:43:36.505,14.066,126,46,87.428574,255,124472584,1428,8
2026-03-26T16:43:36.506,14.068,127,46,86.693878,255,124482550,1416,8
2026-03-26T16:43:36.508,14.069,128,51,86.081627,255,124492492,1406,8
2026-03-26T16:43:36.510,14.071,129,52,85.285713,255,124502458,1393,8
2026-03-26T16:43:36.511,14.072,130,51,84.612244,255,124512402,1382,8
2026-03-26T16:43:36.555,14.116,131,51,83.877556,255,124522369,1370,8
2026-03-26T16:43:36.557,14.118,132,51,83.142860,255,124532311,1358,8
2026-03-26T16:43:36.558,14.119,133,51,82.469391,255,124542279,1347,8
2026-03-26T16:43:36.559,14.120,134,51,81.795914,255,124552226,1336,8
2026-03-26T16:43:36.560,14.122,135,51,81.061218,255,124562193,1324,8
2026-03-26T16:43:36.605,14.167,136,51,80.326530,255,124572140,1312,8
2026-03-26T16:43:36.608,14.170,137,51,79.591835,255,124582106,1300,8
2026-03-26T16:43:36.611,14.172,138,51,78.918365,255,124592046,1289,8
2026-03-26T16:43:36.615,14.176,139,51,78.183670,255,124602014,1277,8
2026-03-26T16:43:36.618,14.179,140,51,77.448975,255,124611955,1265,8
2026-03-26T16:43:36.620,14.182,141,50,76.775505,255,124621925,1254,8
2026-03-26T16:43:36.654,14.216,142,50,76.040817,255,124631867,1242,8
2026-03-26T16:43:36.656,14.217,143,50,75.428574,255,124641834,1232,8
2026-03-26T16:43:36.657,14.218,144,50,74.632652,255,124651775,1219,8
2026-03-26T16:43:36.659,14.220,145,50,73.897957,255,124661741,1207,8
2026-03-26T16:43:36.704,14.265,146,50,73.224487,255,124671682,1196,8
2026-03-26T16:43:36.705,14.267,147,50,72.489792,255,124681649,1184,8
2026-03-26T16:43:36.706,14.268,148,50,71.755104,255,124691586,1172,8
2026-03-26T16:43:36.707,14.269,149,50,71.081635,255,124701556,1161,8
2026-03-26T16:43:36.708,14.270,150,50,70.408165,255,124711498,1150,8
2026-03-26T16:43:36.754,14.316,151,50,69.612244,255,124721465,1137,8
2026-03-26T16:43:36.758,14.320,152,50,68.938774,255,124731405,1126,8
2026-03-26T16:43:36.761,14.322,153,50,68.204079,255,124741373,1114,8
2026-03-26T16:43:36.764,14.325,154,50,67.469383,255,124751321,1102,8
2026-03-26T16:43:36.766,14.327,155,50,66.795921,255,124761288,1091,8
2026-03-26T16:43:36.768,14.330,156,51,66.061226,255,124771227,1079,8
2026-03-26T16:43:36.806,14.367,157,51,65.387756,255,124781195,1068,8
2026-03-26T16:43:36.807,14.368,158,51,64.591835,255,124791140,1055,8
2026-03-26T16:43:36.809,14.370,159,51,63.918365,255,124801108,1044,8
2026-03-26T16:43:36.810,14.372,160,52,63.183670,255,124811051,1032,8
2026-03-26T16:43:36.811,14.373,161,52,62.448982,255,124821017,1020,8
2026-03-26T16:43:36.854,14.416,162,52,61.775513,255,124830956,1009,8
2026-03-26T16:43:36.855,14.417,163,52,61.040817,255,124840918,997,8
2026-03-26T16:43:36.856,14.418,164,53,60.306122,255,124850868,985,8
2026-03-26T16:43:36.857,14.418,165,53,59.632652,255,124860838,974,8
2026-03-26T16:43:36.904,14.465,166,53,58.897957,255,124870780,962,8
2026-03-26T16:43:36.906,14.467,167,54,58.224491,255,124880739,951,8
2026-03-26T16:43:36.907,14.468,168,54,57.551022,255,124890692,940,8
2026-03-26T16:43:36.908,14.469,169,54,56.755104,255,124900658,927,8
2026-03-26T16:43:36.908,14.470,170,54,56.020409,255,124910604,915,8
2026-03-26T16:43:36.954,14.515,171,54,55.285713,255,124920571,903,8
2026-03-26T16:43:36.956,14.517,172,54,54.612244,255,124930517,892,8
2026-03-26T16:43:36.957,14.519,173,54,53.877548,255,124940480,880,8
2026-03-26T16:43:36.958,14.519,174,54,53.142860,255,124950420,868,8
2026-03-26T16:43:36.959,14.520,175,54,52.469387,255,124960388,857,8
2026-03-26T16:43:36.960,14.521,176,54,51.795918,255,124970330,846,8
2026-03-26T16:43:37.005,14.566,177,54,51.000000,255,124980298,833,8
2026-03-26T16:43:37.007,14.569,178,54,50.326530,255,124990234,822,8
2026-03-26T16:43:37.009,14.571,179,53,49.591835,255,125000204,810,8
2026-03-26T16:43:37.011,14.572,180,53,48.918369,255,125010142,799,8
2026-03-26T16:43:37.013,14.574,181,53,48.183674,255,125020104,787,8
2026-03-26T16:43:37.055,14.616,182,53,47.448978,255,125030045,775,8
2026-03-26T16:43:37.056,14.617,183,53,46.714287,255,125040012,763,8
2026-03-26T16:43:37.057,14.618,184,53,45.979591,255,125049956,751,8
2026-03-26T16:43:37.057,14.619,185,53,45.306122,255,125059921,740,8
2026-03-26T16:43:37.104,14.666,186,53,44.571430,255,125069864,728,8
2026-03-26T16:43:37.106,14.667,187,54,43.897957,255,125079824,717,8
2026-03-26T16:43:37.107,14.668,188,54,43.163265,255,125089773,705,8
2026-03-26T16:43:37.109,14.671,189,54,42.428570,255,125099740,693,8
2026-03-26T16:43:37.111,14.672,190,54,41.693878,255,125109682,681,8
2026-03-26T16:43:37.112,14.673,191,55,41.020409,255,125119638,670,8
2026-03-26T16:43:37.155,14.716,192,55,40.285713,255,125129589,658,8
2026-03-26T16:43:37.156,14.717,193,55,39.551022,255,125139553,646,8
2026-03-26T16:43:37.157,14.719,194,55,38.877552,255,125149493,635,8
2026-03-26T16:43:37.158,14.720,195,55,38.204082,255,125159450,624,8
2026-03-26T16:43:37.159,14.720,196,55,37.469387,255,125169388,612,8
2026-03-26T16:43:37.205,14.766,197,55,36.673470,255,125179346,599,8
2026-03-26T16:43:37.206,14.767,198,55,36.000000,255,125189285,588,8
2026-03-26T16:43:37.207,14.768,199,55,35.265305,255,125199247,576,8
2026-03-26T16:43:37.208,14.769,200,55,34.530613,255,125209184,564,8
2026-03-26T16:43:37.209,14.770,201,55,33.857143,255,125219148,553,8
2026-03-26T16:43:37.255,14.816,202,55,33.122448,255,125229084,541,8
2026-03-26T16:43:37.258,14.819,203,55,32.387753,255,125239048,529,8
2026-03-26T16:43:37.259,14.820,204,55,31.714287,255,125248987,518,8
2026-03-26T16:43:37.261,14.822,205,55,30.979591,255,125258951,506,8
2026-03-26T16:43:37.262,14.823,206,55,30.244898,255,125268893,494,8
2026-03-26T16:43:37.305,14.866,207,55,29.571430,255,125278846,483,8
2026-03-26T16:43:37.307,14.869,208,55,28.836735,255,125288786,471,8
2026-03-26T16:43:37.309,14.870,209,55,28.102039,255,125298753,459,8
2026-03-26T16:43:37.311,14.872,210,55,27.367346,255,125308695,447,8
2026-03-26T16:43:37.312,14.873,211,55,26.632654,255,125318663,435,8
2026-03-26T16:43:37.355,14.916,212,55,25.959183,255,125328610,424,8
2026-03-26T16:43:37.358,14.919,213,55,25.224489,255,125338575,412,8
2026-03-26T16:43:37.360,14.921,214,55,24.489798,255,125348514,400,8
2026-03-26T16:43:37.362,14.923,215,55,23.877550,255,125358479,390,8
2026-03-26T16:43:37.364,14.925,216,55,23.142859,255,125368415,378,8
2026-03-26T16:43:37.405,14.966,217,55,22.346939,255,125378367,365,8
2026-03-26T16:43:37.406,14.968,218,55,21.673470,255,125388313,354,8
2026-03-26T16:43:37.408,14.969,219,55,20.938776,255,125398274,342,8
2026-03-26T16:43:37.409,14.971,220,55,20.204081,255,125408210,330,8
2026-03-26T16:43:37.410,14.972,221,55,19.530613,255,125418172,319,8
2026-03-26T16:43:37.454,15.015,222,55,18.795919,255,125428108,307,8
2026-03-26T16:43:37.457,15.018,223,55,18.061224,255,125438069,295,8
2026-03-26T16:43:37.459,15.021,224,55,17.387754,255,125448006,284,8
2026-03-26T16:43:37.461,15.022,225,55,16.653061,255,125457973,272,8
2026-03-26T16:43:37.463,15.024,226,55,15.918367,255,125467901,260,8
2026-03-26T16:43:37.465,15.026,227,55,15.244898,255,125477864,249,8
2026-03-26T16:43:37.505,15.066,228,55,14.571429,255,125487803,238,8
2026-03-26T16:43:37.508,15.069,229,55,13.775511,255,125497768,225,8
2026-03-26T16:43:37.510,15.072,230,55,13.040815,255,125507706,213,8
2026-03-26T16:43:37.512,15.074,231,55,12.306123,255,125517670,201,8
2026-03-26T16:43:37.514,15.076,232,55,11.632653,255,125527609,190,8
2026-03-26T16:43:37.554,15.116,233,55,10.897960,255,125537569,178,8
2026-03-26T16:43:37.557,15.118,234,55,10.163265,255,125547507,166,8
2026-03-26T16:43:37.558,15.120,235,55,9.489796,255,125557468,155,8
2026-03-26T16:43:37.560,15.121,236,55,8.816326,255,125567406,144,8
2026-03-26T16:43:37.605,15.166,237,55,8.020409,255,125577363,131,8
2026-03-26T16:43:37.607,15.168,238,55,7.285715,255,125587295,119,8
2026-03-26T16:43:37.609,15.170,239,55,6.612245,255,125597250,108,8
2026-03-26T16:43:37.611,15.172,240,55,5.877551,255,125607185,96,8
2026-03-26T16:43:37.612,15.174,241,55,5.204082,255,125617150,85,8
2026-03-26T16:43:37.614,15.175,242,55,4.469388,255,125627087,73,8
2026-03-26T16:43:37.654,15.216,243,55,3.734694,255,125637047,61,8
2026-03-26T16:43:37.656,15.217,244,55,3.061225,255,125646979,50,8
2026-03-26T16:43:37.657,15.218,245,55,2.326531,255,125656935,38,8
2026-03-26T16:43:37.657,15.219,246,55,1.591837,255,125666874,26,8
2026-03-26T16:43:37.704,15.266,247,55,0.857143,255,125676834,14,8
2026-03-26T16:43:37.705,15.267,248,55,0.244898,255,125686772,4,8
2026-03-26T16:43:37.706,15.268,249,55,359.448975,255,125696734,5871,8
2026-03-26T16:43:37.707,15.269,250,55,358.714264,255,125706667,5859,8
2026-03-26T16:43:37.708,15.269,251,55,357.979584,255,125716627,5847,8
2026-03-26T16:43:37.755,15.316,252,55,357.306122,255,125726568,5836,8
2026-03-26T16:43:37.757,15.318,253,55,356.571442,255,125736529,5824,8
2026-03-26T16:43:37.758,15.319,254,55,355.836731,255,125746468,5812,8
2026-03-26T16:43:37.759,15.320,255,55,355.224487,255,125756432,5802,8
2026-03-26T16:43:37.760,15.321,0,55,354.489807,255,125766377,5790,8
2026-03-26T16:43:37.805,15.366,1,55,353.693878,255,125776345,5777,8
2026-03-26T16:43:37.806,15.368,2,55,353.020386,255,125786288,5766,8
2026-03-26T16:43:37.807,15.369,3,55,352.285706,255,125796253,5754,8
2026-03-26T16:43:37.808,15.370,4,55,351.551025,255,125806193,5742,8
2026-03-26T16:43:37.810,15.371,5,55,350.877563,255,125816154,5731,8
2026-03-26T16:43:37.811,15.372,6,55,350.142853,255,125826091,5719,8
2026-03-26T16:43:37.855,15.416,7,55,349.469391,255,125836052,5708,8
2026-03-26T16:43:37.857,15.418,8,55,348.734711,255,125845990,5696,8
2026-03-26T16:43:37.859,15.421,9,55,348.000000,255,125855955,5684,8
2026-03-26T16:43:37.861,15.423,10,55,347.265289,255,125865892,5672,8
2026-03-26T16:43:37.863,15.424,11,55,346.591827,255,125875851,5661,8
2026-03-26T16:43:37.905,15.466,12,55,345.857147,255,125885788,5649,8
2026-03-26T16:43:37.908,15.469,13,55,345.122437,255,125895753,5637,8
2026-03-26T16:43:37.910,15.472,14,55,344.387756,255,125905687,5625,8
2026-03-26T16:43:37.912,15.474,15,55,343.714294,255,125915645,5614,8
2026-03-26T16:43:37.915,15.476,16,55,342.979584,255,125925580,5602,8
2026-03-26T16:43:37.954,15.516,17,55,342.244904,255,125935541,5590,8
2026-03-26T16:43:37.957,15.518,18,55,341.632660,255,125945482,5580,8
2026-03-26T16:43:37.959,15.520,19,55,340.897949,255,125955442,5568,8
2026-03-26T16:43:37.961,15.523,20,55,340.102051,255,125965381,5555,8
2026-03-26T16:43:37.963,15.525,21,55,339.428558,255,125975343,5544,8
2026-03-26T16:43:38.005,15.566,22,55,338.693878,255,125985283,5532,8
2026-03-26T16:43:38.007,15.569,23,55,337.959198,255,125995246,5520,8
2026-03-26T16:43:38.009,15.570,24,55,337.285736,255,126005184,5509,8
2026-03-26T16:43:38.010,15.572,25,55,336.551025,255,126015150,5497,8
2026-03-26T16:43:38.012,15.573,26,55,335.877533,255,126025089,5486,8
2026-03-26T16:43:38.055,15.616,27,55,335.081635,255,126035053,5473,8
2026-03-26T16:43:38.058,15.620,28,55,334.408173,255,126044991,5462,8
2026-03-26T16:43:38.061,15.622,29,55,333.734680,255,126054957,5451,8
2026-03-26T16:43:38.064,15.625,30,55,333.000000,255,126064895,5439,8
2026-03-26T16:43:38.067,15.628,31,55,332.265320,255,126074859,5427,8
2026-03-26T16:43:38.070,15.631,32,55,331.530609,255,126084801,5415,8
2026-03-26T16:43:38.105,15.666,33,55,330.795929,255,126094765,5403,8
2026-03-26T16:43:38.107,15.668,34,55,330.122437,255,126104704,5392,8
2026-03-26T16:43:38.108,15.670,35,55,329.387756,255,126114669,5380,8
2026-03-26T16:43:38.110,15.671,36,55,328.653076,255,126124606,5368,8
2026-03-26T16:43:38.154,15.716,37,55,328.040802,255,126134571,5358,8
2026-03-26T16:43:38.158,15.719,38,55,327.244904,255,126144512,5345,8
2026-03-26T16:43:38.160,15.722,39,55,326.510193,255,126154475,5333,8
2026-03-26T16:43:38.163,15.724,40,55,325.836731,255,126164410,5322,8
2026-03-26T16:43:38.165,15.726,41,55,325.102051,255,126174369,5310,8
2026-03-26T16:43:38.168,15.729,42,55,324.367340,255,126184313,5298,8
2026-03-26T16:43:38.204,15.766,43,55,323.693878,255,126194275,5287,8
2026-03-26T16:43:38.206,15.767,44,55,322.959198,255,126204215,5275,8
2026-03-26T16:43:38.207,15.769,45,55,322.285706,255,126214181,5264,8
2026-03-26T16:43:38.210,15.771,46,55,321.489777,255,126224119,5251,8
2026-03-26T16:43:38.255,15.816,47,55,320.816315,255,126234078,5240,8
2026-03-26T16:43:38.257,15.819,48,55,320.081635,255,126244014,5228,8
2026-03-26T16:43:38.259,15.821,49,55,319.408142,255,126253975,5217,8
2026-03-26T16:43:38.263,15.824,50,55,318.673462,255,126263916,5205,8
2026-03-26T16:43:38.265,15.826,51,55,317.938782,255,126273883,5193,8
2026-03-26T16:43:38.267,15.828,52,55,317.204102,255,126283821,5181,8
2026-03-26T16:43:38.305,15.866,53,55,316.530609,255,126293786,5170,8
2026-03-26T16:43:38.307,15.868,54,55,315.795898,255,126303720,5158,8
2026-03-26T16:43:38.309,15.870,55,55,315.061218,255,126313686,5146,8
2026-03-26T16:43:38.311,15.872,56,55,314.448975,255,126323626,5136,8
2026-03-26T16:43:38.354,15.916,57,55,313.653046,255,126333589,5123,8
2026-03-26T16:43:38.357,15.919,58,55,312.918365,255,126343532,5111,8
2026-03-26T16:43:38.359,15.921,59,55,312.244904,255,126353491,5100,8
2026-03-26T16:43:38.362,15.923,60,55,311.510223,255,126363432,5088,8
2026-03-26T16:43:38.363,15.925,61,55,310.775513,255,126373389,5076,8
2026-03-26T16:43:38.405,15.966,62,55,310.102051,255,126383325,5065,8
2026-03-26T16:43:38.408,15.969,63,55,309.428589,255,126393296,5054,8
2026-03-26T16:43:38.410,15.971,64,55,308.632660,255,126403236,5041,8
2026-03-26T16:43:38.412,15.973,65,55,307.897949,255,126413199,5029,8
2026-03-26T16:43:38.413,15.974,66,55,307.224487,255,126423143,5018,8
2026-03-26T16:43:38.455,16.016,67,55,306.489807,255,126433104,5006,8
2026-03-26T16:43:38.458,16.019,68,55,305.816345,255,126443047,4995,8
2026-03-26T16:43:38.460,16.022,69,55,305.081635,255,126453006,4983,8
2026-03-26T16:43:38.463,16.024,70,55,304.346924,255,126462945,4971,8
2026-03-26T16:43:38.465,16.026,71,55,303.612244,255,126472912,4959,8
2026-03-26T16:43:38.467,16.028,72,55,302.938782,255,126482847,4948,8
2026-03-26T16:43:38.504,16.065,73,55,302.204071,255,126492812,4936,8
2026-03-26T16:43:38.506,16.067,74,56,301.591827,255,126502747,4926,8
2026-03-26T16:43:38.507,16.068,75,56,300.795929,255,126512708,4913,8
2026-03-26T16:43:38.508,16.069,76,56,300.061218,255,126522647,4901,8
2026-03-26T16:43:38.554,16.115,77,56,299.326508,255,126532615,4889,8
2026-03-26T16:43:38.555,16.116,78,56,298.653046,255,126542553,4878,8
2026-03-26T16:43:38.556,16.117,79,56,297.918365,255,126552519,4866,8
2026-03-26T16:43:38.559,16.120,80,56,297.244904,255,126562458,4855,8
2026-03-26T16:43:38.561,16.122,81,56,296.571411,255,126572417,4844,8
2026-03-26T16:43:38.605,16.166,82,56,295.775513,255,126582359,4831,8
2026-03-26T16:43:38.608,16.169,83,56,295.040833,255,126592317,4819,8
2026-03-26T16:43:38.611,16.172,84,56,294.367340,255,126602260,4808,8
2026-03-26T16:43:38.613,16.175,85,56,293.632629,255,126612229,4796,8
2026-03-26T16:43:38.615,16.177,86,56,292.959198,255,126622172,4785,8
2026-03-26T16:43:38.618,16.179,87,56,292.224487,255,126632135,4773,8
2026-03-26T16:43:38.655,16.216,88,56,291.551025,255,126642069,4762,8
2026-03-26T16:43:38.656,16.217,89,56,290.755096,255,126652026,4749,8
2026-03-26T16:43:38.657,16.218,90,56,290.081635,255,126661959,4738,8
2026-03-26T16:43:38.658,16.219,91,56,289.408173,255,126671915,4727,8
2026-03-26T16:43:38.705,16.266,92,56,288.673462,255,126681854,4715,8
2026-03-26T16:43:38.708,16.270,93,56,287.938782,255,126691818,4703,8
2026-03-26T16:43:38.710,16.272,94,56,287.204071,255,126701753,4691,8
2026-03-26T16:43:38.712,16.273,95,56,286.530609,255,126711712,4680,8
2026-03-26T16:43:38.714,16.275,96,56,285.795929,255,126721652,4668,8
2026-03-26T16:43:38.716,16.277,97,56,285.061218,255,126731614,4656,8
2026-03-26T16:43:38.754,16.316,98,56,284.448975,255,126741548,4646,8
2026-03-26T16:43:38.757,16.319,99,56,283.714294,255,126751515,4634,8
2026-03-26T16:43:38.758,16.320,100,56,282.918365,255,126761458,4621,8
2026-03-26T16:43:38.761,16.322,101,56,282.183655,255,126771421,4609,8
2026-03-26T16:43:38.762,16.323,102,56,281.510193,255,126781362,4598,8
2026-03-26T16:43:38.805,16.366,103,56,280.775513,255,126791330,4586,8
2026-03-26T16:43:38.806,16.367,104,56,280.102051,255,126801264,4575,8
2026-03-26T16:43:38.807,16.368,105,56,279.367340,255,126811225,4563,8
2026-03-26T16:43:38.808,16.369,106,56,278.693878,255,126821167,4552,8
2026-03-26T16:43:38.854,16.416,107,56,277.897980,255,126831130,4539,8
2026-03-26T16:43:38.856,16.417,108,56,277.224487,255,126841070,4528,8
2026-03-26T16:43:38.857,16.419,109,56,276.489777,255,126851037,4516,8
2026-03-26T16:43:38.860,16.421,110,56,275.816315,255,126860973,4505,8
2026-03-26T16:43:38.862,16.423,111,56,275.081635,255,126870935,4493,8
2026-03-26T16:43:38.863,16.424,112,56,274.346924,255,126880874,4481,8
2026-03-26T16:43:38.905,16.466,113,56,273.612244,255,126890838,4469,8
2026-03-26T16:43:38.907,16.468,114,56,272.938782,255,126900779,4458,8
2026-03-26T16:43:38.909,16.470,115,56,272.204102,255,126910742,4446,8
2026-03-26T16:43:38.911,16.472,116,56,271.469391,255,126920684,4434,8
2026-03-26T16:43:38.913,16.474,117,56,270.857147,255,126930651,4424,8
2026-03-26T16:43:38.955,16.516,118,56,270.122467,255,126940596,4412,8
2026-03-26T16:43:38.956,16.518,119,56,269.326538,255,126950563,4399,8
2026-03-26T16:43:38.958,16.519,120,56,268.591827,255,126960508,4387,8
2026-03-26T16:43:38.960,16.521,121,56,267.918365,255,126970479,4376,8
2026-03-26T16:43:38.961,16.522,122,56,267.183685,255,126980419,4364,8
2026-03-26T16:43:39.005,16.566,123,57,266.448975,255,126990384,4352,8
2026-03-26T16:43:39.007,16.568,124,56,265.775513,255,127000328,4341,8
2026-03-26T16:43:39.009,16.570,125,56,265.102051,255,127010294,4330,8
2026-03-26T16:43:39.011,16.572,126,57,264.306122,255,127020240,4317,8
2026-03-26T16:43:39.012,16.574,127,57,263.632660,255,127030209,4306,8
2026-03-26T16:43:39.055,16.616,128,57,262.897949,255,127040155,4294,8
2026-03-26T16:43:39.057,16.618,129,57,262.163269,255,127050124,4282,8
2026-03-26T16:43:39.058,16.619,130,57,261.489807,255,127060072,4271,8
2026-03-26T16:43:39.059,16.620,131,57,260.755127,255,127070037,4259,8
2026-03-26T16:43:39.060,16.621,132,57,260.020416,255,127079980,4247,8
2026-03-26T16:43:39.105,16.666,133,57,259.346924,255,127089945,4236,8
2026-03-26T16:43:39.106,16.667,134,57,258.612244,255,127099893,4224,8
2026-03-26T16:43:39.107,16.669,135,57,257.938782,255,127109857,4213,8
2026-03-26T16:43:39.109,16.670,136,57,257.204071,255,127119797,4201,8
2026-03-26T16:43:39.110,16.671,137,57,256.469391,255,127129770,4189,8
2026-03-26T16:43:39.155,16.716,138,57,255.734711,255,127139712,4177,8
2026-03-26T16:43:39.157,16.718,139,57,255.061234,255,127149679,4166,8
2026-03-26T16:43:39.158,16.720,140,57,254.326523,255,127159626,4154,8
2026-03-26T16:43:39.161,16.722,141,57,253.591827,255,127169587,4142,8
2026-03-26T16:43:39.162,16.723,142,57,252.979584,255,127179527,4132,8
2026-03-26T16:43:39.204,16.766,143,57,252.183670,255,127189495,4119,8
2026-03-26T16:43:39.206,16.767,144,57,251.448990,255,127199443,4107,8
2026-03-26T16:43:39.207,16.769,145,57,250.775513,255,127209416,4096,8
2026-03-26T16:43:39.209,16.770,146,57,250.040817,255,127219355,4084,8
2026-03-26T16:43:39.210,16.771,147,57,249.306107,255,127229328,4072,8
2026-03-26T16:43:39.255,16.816,148,57,248.632645,255,127239270,4061,8
2026-03-26T16:43:39.258,16.819,149,57,247.959198,255,127249239,4050,8
2026-03-26T16:43:39.260,16.821,150,57,247.163269,255,127259178,4037,8
2026-03-26T16:43:39.262,16.823,151,57,246.489792,255,127269146,4026,8
2026-03-26T16:43:39.264,16.825,152,57,245.755112,255,127279092,4014,8
2026-03-26T16:43:39.305,16.866,153,57,245.020416,255,127289061,4002,8
2026-03-26T16:43:39.307,16.868,154,57,244.346939,255,127299003,3991,8
2026-03-26T16:43:39.309,16.870,155,58,243.612228,255,127308973,3979,8
2026-03-26T16:43:39.310,16.871,156,58,242.938782,255,127318915,3968,8
2026-03-26T16:43:39.311,16.873,157,58,242.204071,255,127328884,3956,8
2026-03-26T16:43:39.354,16.915,158,58,241.469391,255,127338829,3944,8
2026-03-26T16:43:39.356,16.917,159,58,240.734695,255,127348802,3932,8
2026-03-26T16:43:39.357,16.919,160,58,240.122452,255,127358748,3922,8
2026-03-26T16:43:39.359,16.920,161,58,239.326538,255,127368716,3909,8
2026-03-26T16:43:39.360,16.921,162,58,238.591843,255,127378660,3897,8
2026-03-26T16:43:39.405,16.966,163,58,237.857132,255,127388633,3885,8
2026-03-26T16:43:39.408,16.969,164,58,237.183670,255,127398567,3874,8
2026-03-26T16:43:39.411,16.972,165,58,236.448975,255,127408530,3862,8
2026-03-26T16:43:39.413,16.974,166,58,235.775513,255,127418474,3851,8
2026-03-26T16:43:39.415,16.976,167,58,235.102036,255,127428448,3840,8
2026-03-26T16:43:39.417,16.978,168,58,234.306122,255,127438386,3827,8
2026-03-26T16:43:39.455,17.016,169,58,233.571442,255,127448343,3815,8
2026-03-26T16:43:39.457,17.019,170,58,232.897964,255,127458276,3804,8
2026-03-26T16:43:39.459,17.020,171,58,232.163254,255,127468239,3792,8
2026-03-26T16:43:39.462,17.023,172,58,231.428574,255,127478173,3780,8
2026-03-26T16:43:39.505,17.066,173,58,230.755096,255,127488134,3769,8
2026-03-26T16:43:39.508,17.069,174,58,230.020416,255,127498070,3757,8
2026-03-26T16:43:39.509,17.071,175,58,229.346939,255,127508036,3746,8
2026-03-26T16:43:39.511,17.072,176,58,228.612244,255,127517978,3734,8
2026-03-26T16:43:39.512,17.074,177,58,227.877563,255,127527943,3722,8
2026-03-26T16:43:39.514,17.076,178,58,227.142853,255,127537884,3710,8
2026-03-26T16:43:39.554,17.115,179,58,226.530624,255,127547851,3700,8
2026-03-26T16:43:39.556,17.117,180,58,225.734695,255,127557794,3687,8
2026-03-26T16:43:39.558,17.119,181,58,225.000000,255,127567759,3675,8
2026-03-26T16:43:39.559,17.120,182,58,224.265305,255,127577698,3663,8
2026-03-26T16:43:39.605,17.166,183,58,223.591843,255,127587662,3652,8
2026-03-26T16:43:39.608,17.169,184,58,222.857147,255,127597599,3640,8
2026-03-26T16:43:39.610,17.171,185,58,222.122437,255,127607563,3628,8
2026-03-26T16:43:39.612,17.173,186,58,221.510208,255,127617503,3618,8
2026-03-26T16:43:39.614,17.175,187,58,220.714279,255,127627467,3605,8
2026-03-26T16:43:39.616,17.177,188,58,219.979584,255,127637408,3593,8
2026-03-26T16:43:39.654,17.215,189,57,219.306122,255,127647374,3582,8
2026-03-26T16:43:39.656,17.217,190,57,218.571426,255,127657309,3570,8
2026-03-26T16:43:39.657,17.218,191,57,217.897964,255,127667272,3559,8
2026-03-26T16:43:39.658,17.219,192,57,217.163269,255,127677209,3547,8
2026-03-26T16:43:39.704,17.265,193,57,216.489807,255,127687165,3536,8
2026-03-26T16:43:39.707,17.269,194,56,215.755112,255,127697108,3524,8
2026-03-26T16:43:39.710,17.271,195,56,215.020401,255,127707069,3512,8
2026-03-26T16:43:39.712,17.274,196,55,214.285706,255,127717014,3500,8
2026-03-26T16:43:39.714,17.276,197,53,213.612244,255,127726975,3489,8
2026-03-26T16:43:39.717,17.278,198,50,212.877548,255,127736917,3477,8
2026-03-26T16:43:39.754,17.315,199,49,212.142868,255,127746883,3465,8
2026-03-26T16:43:39.756,17.317,200,48,211.469391,255,127756825,3454,8
2026-03-26T16:43:39.757,17.319,201,48,210.734711,255,127766786,3442,8
2026-03-26T16:43:39.759,17.320,202,47,210.000000,255,127776733,3430,8
2026-03-26T16:43:39.805,17.366,203,47,209.265305,255,127786696,3418,8
2026-03-26T16:43:39.808,17.369,204,46,208.653046,255,127796632,3408,8
2026-03-26T16:43:39.810,17.371,205,46,207.857147,255,127806596,3395,8
2026-03-26T16:43:39.813,17.374,206,45,207.122452,255,127815537,3383,8
2026-03-26T16:43:39.815,17.377,207,45,206.448990,255,127826501,3372,8
2026-03-26T16:43:39.818,17.379,208,45,205.714294,255,127836438,3360,8
2026-03-26T16:43:39.855,17.416,209,45,204.979584,255,127846399,3348,8
2026-03-26T16:43:39.856,17.418,210,45,204.306107,255,127856336,3337,8
2026-03-26T16:43:39.857,17.419,211,45,203.632645,255,127866297,3326,8
2026-03-26T16:43:39.858,17.420,212,44,202.836731,255,127876233,3313,8
2026-03-26T16:43:39.905,17.466,213,44,202.163269,255,127886195,3302,8
2026-03-26T16:43:39.908,17.469,214,44,201.428574,255,127896138,3290,8
2026-03-26T16:43:39.910,17.471,215,43,200.693893,255,127906100,3278,8
2026-03-26T16:43:39.911,17.473,216,43,200.020416,255,127916039,3267,8
2026-03-26T16:43:39.913,17.475,217,43,199.285706,255,127926005,3255,8
2026-03-26T16:43:39.915,17.477,218,43,198.612228,255,127935940,3244,8
2026-03-26T16:43:39.955,17.517,219,43,197.877548,255,127945898,3232,8
2026-03-26T16:43:39.958,17.519,220,43,197.142853,255,127955845,3220,8
2026-03-26T16:43:39.959,17.521,221,43,196.469391,255,127965808,3209,8
2026-03-26T16:43:39.963,17.524,222,42,195.795914,255,127975751,3198,8
2026-03-26T16:43:39.964,17.526,223,42,195.000000,255,127985717,3185,8
2026-03-26T16:43:40.004,17.566,224,42,194.265289,255,127995659,3173,8
2026-03-26T16:43:40.006,17.568,225,42,193.591843,255,128005623,3162,8
2026-03-26T16:43:40.007,17.569,226,42,192.857132,255,128015561,3150,8
2026-03-26T16:43:40.010,17.571,227,42,192.122452,255,128025528,3138,8
2026-03-26T16:43:40.011,17.572,228,42,191.448975,255,128035465,3127,8
2026-03-26T16:43:40.054,17.616,229,42,190.775513,255,128045434,3116,8
2026-03-26T16:43:40.057,17.619,230,41,189.979599,255,128055370,3103,8
2026-03-26T16:43:40.060,17.621,231,41,189.306122,255,128065333,3092,8
2026-03-26T16:43:40.064,17.625,232,42,188.571442,255,128075272,3080,8
2026-03-26T16:43:40.069,17.630,233,41,187.836731,255,128085237,3068,8
2026-03-26T16:43:40.071,17.632,234,41,187.163254,255,128095177,3057,8
2026-03-26T16:43:40.104,17.666,235,41,186.428574,255,128105144,3045,8
2026-03-26T16:43:40.106,17.667,236,41,185.755096,255,128115085,3034,8
2026-03-26T16:43:40.107,17.669,237,41,185.020416,255,128125056,3022,8
2026-03-26T16:43:40.109,17.670,238,41,184.285721,255,128135000,3010,8
2026-03-26T16:43:40.155,17.716,239,41,183.612244,255,128144973,2999,8
2026-03-26T16:43:40.159,17.720,240,41,182.877563,255,128154912,2987,8
2026-03-26T16:43:40.161,17.723,241,41,182.142853,255,128164879,2975,8
2026-03-26T16:43:40.166,17.727,242,41,181.408157,255,128174821,2963,8
2026-03-26T16:43:40.168,17.729,243,41,180.734695,255,128184787,2952,8
2026-03-26T16:43:40.170,17.731,244,41,180.000000,255,128194726,2940,8
2026-03-26T16:43:40.205,17.766,245,41,179.265305,255,128204694,2928,8
2026-03-26T16:43:40.206,17.768,246,41,178.653061,255,128214628,2918,8
2026-03-26T16:43:40.207,17.769,247,41,177.857147,255,128224599,2905,8
2026-03-26T16:43:40.208,17.770,248,41,177.122452,255,128234545,2893,8
2026-03-26T16:43:40.255,17.817,249,41,176.448975,255,128244505,2882,8
2026-03-26T16:43:40.260,17.821,250,41,175.714279,255,128254444,2870,8
2026-03-26T16:43:40.263,17.824,251,41,174.979584,255,128264413,2858,8
2026-03-26T16:43:40.265,17.826,252,41,174.306122,255,128274348,2847,8
2026-03-26T16:43:40.268,17.829,253,41,173.632645,255,128284317,2836,8
2026-03-26T16:43:40.271,17.832,254,41,172.897964,255,128294249,2824,8
2026-03-26T16:43:40.305,17.866,255,41,172.102036,255,128304209,2811,8
2026-03-26T16:43:40.307,17.868,0,41,171.428574,255,128314147,2800,8
2026-03-26T16:43:40.308,17.870,1,41,170.693878,255,128324108,2788,8
2026-03-26T16:43:40.310,17.871,2,41,170.020416,255,128334044,2777,8
2026-03-26T16:43:40.355,17.916,3,40,169.285706,255,128344009,2765,8
2026-03-26T16:43:40.358,17.920,4,40,168.551025,255,128353949,2753,8
2026-03-26T16:43:40.361,17.922,5,40,167.816330,255,128363915,2741,8
2026-03-26T16:43:40.365,17.926,6,40,167.142853,255,128373863,2730,8
2026-03-26T16:43:40.367,17.928,7,40,166.408157,255,128383829,2718,8
2026-03-26T16:43:40.369,17.931,8,40,165.734695,255,128393773,2707,8
2026-03-26T16:43:40.404,17.966,9,40,165.000000,255,128403743,2695,8
2026-03-26T16:43:40.406,17.967,10,40,164.265305,255,128413684,2683,8
2026-03-26T16:43:40.407,17.968,11,40,163.530609,255,128423654,2671,8
2026-03-26T16:43:40.408,17.969,12,40,162.857147,255,128433589,2660,8
2026-03-26T16:43:40.454,18.016,13,40,162.122437,255,128443558,2648,8
2026-03-26T16:43:40.458,18.019,14,40,161.387756,255,128453497,2636,8
2026-03-26T16:43:40.461,18.022,15,40,160.714279,255,128463462,2625,8
2026-03-26T16:43:40.464,18.025,16,40,160.040817,255,128473398,2614,8
2026-03-26T16:43:40.466,18.027,17,40,159.244888,255,128483362,2601,8
2026-03-26T16:43:40.468,18.030,18,39,158.571426,255,128493304,2590,8
2026-03-26T16:43:40.505,18.066,19,39,157.836731,255,128503270,2578,8
2026-03-26T16:43:40.508,18.069,20,39,157.102051,255,128513210,2566,8
2026-03-26T16:43:40.509,18.071,21,39,156.428574,255,128523177,2555,8
2026-03-26T16:43:40.511,18.072,22,39,155.693878,255,128533115,2543,8
2026-03-26T16:43:40.555,18.116,23,39,154.959183,255,128543079,2531,8
2026-03-26T16:43:40.556,18.117,24,39,154.285721,255,128553014,2520,8
2026-03-26T16:43:40.557,18.118,25,39,153.551010,255,128562975,2508,8
2026-03-26T16:43:40.558,18.119,26,39,152.816330,255,128572914,2496,8
2026-03-26T16:43:40.558,18.120,27,39,152.142853,255,128582878,2485,8
2026-03-26T16:43:40.605,18.166,28,39,151.408173,255,128592817,2473,8
2026-03-26T16:43:40.606,18.167,29,39,150.673462,255,128602775,2461,8
2026-03-26T16:43:40.607,18.168,30,39,149.938782,255,128612715,2449,8
2026-03-26T16:43:40.608,18.169,31,39,149.265305,255,128622674,2438,8
2026-03-26T16:43:40.608,18.170,32,39,148.530609,255,128632614,2426,8
2026-03-26T16:43:40.655,18.216,33,39,147.795914,255,128642575,2414,8
2026-03-26T16:43:40.658,18.219,34,39,147.183670,255,128652516,2404,8
2026-03-26T16:43:40.660,18.222,35,39,146.448975,255,128662481,2392,8
2026-03-26T16:43:40.663,18.224,36,39,145.653061,255,128672414,2379,8
2026-03-26T16:43:40.665,18.226,37,39,144.979584,255,128682380,2368,8
2026-03-26T16:43:40.667,18.228,38,39,144.244904,255,128692316,2356,8
2026-03-26T16:43:40.704,18.266,39,38,143.510208,255,128702279,2344,8
2026-03-26T16:43:40.707,18.268,40,38,142.836746,255,128712216,2333,8
2026-03-26T16:43:40.709,18.270,41,38,142.163269,255,128722179,2322,8
2026-03-26T16:43:40.713,18.274,42,39,141.428574,255,128732114,2310,8
2026-03-26T16:43:40.714,18.275,43,39,140.693878,255,128742079,2298,8
2026-03-26T16:43:40.755,18.316,44,39,139.959183,255,128752016,2286,8
2026-03-26T16:43:40.756,18.317,45,38,139.285721,255,128761982,2275,8
2026-03-26T16:43:40.757,18.318,46,38,138.551025,255,128771918,2263,8
2026-03-26T16:43:40.758,18.319,47,38,137.816330,255,128781890,2251,8
2026-03-26T16:43:40.805,18.366,48,38,137.081635,255,128791837,2239,8
2026-03-26T16:43:40.807,18.368,49,38,136.408157,255,128801804,2228,8
2026-03-26T16:43:40.809,18.370,50,38,135.673477,255,128811746,2216,8
2026-03-26T16:43:40.810,18.372,51,38,134.938766,255,128821721,2204,8
2026-03-26T16:43:40.812,18.373,52,38,134.326523,255,128831664,2194,8
2026-03-26T16:43:40.813,18.374,53,38,133.530609,255,128841635,2181,8
2026-03-26T16:43:40.855,18.416,54,38,132.795929,255,128851583,2169,8
2026-03-26T16:43:40.856,18.417,55,38,132.061218,255,128861547,2157,8
2026-03-26T16:43:40.857,18.418,56,38,131.387756,255,128871489,2146,8
2026-03-26T16:43:40.858,18.419,57,38,130.653061,255,128881462,2134,8
2026-03-26T16:43:40.904,18.465,58,38,129.979584,255,128891413,2123,8
2026-03-26T16:43:40.905,18.467,59,38,129.306122,255,128901386,2112,8
2026-03-26T16:43:40.906,18.467,60,38,128.510208,255,128911328,2099,8
2026-03-26T16:43:40.907,18.468,61,38,127.775513,255,128921295,2087,8
2026-03-26T16:43:40.908,18.469,62,38,127.102043,255,128931237,2076,8
2026-03-26T16:43:40.954,18.515,63,38,126.428574,255,128941206,2065,8
2026-03-26T16:43:40.956,18.517,64,38,125.693886,255,128951144,2053,8
2026-03-26T16:43:40.957,18.518,65,38,124.959183,255,128961109,2041,8
2026-03-26T16:43:40.958,18.519,66,38,124.224495,255,128971051,2029,8
2026-03-26T16:43:40.959,18.520,67,38,123.551025,255,128981016,2018,8
2026-03-26T16:43:40.960,18.521,68,38,122.816322,255,128990950,2006,8
2026-03-26T16:43:41.005,18.566,69,38,122.081635,255,129000914,1994,8
2026-03-26T16:43:41.006,18.567,70,38,121.469391,255,129010851,1984,8
2026-03-26T16:43:41.007,18.568,71,38,120.673477,255,129020817,1971,8
2026-03-26T16:43:41.008,18.569,72,38,119.938774,255,129030761,1959,8
2026-03-26T16:43:41.054,18.616,73,38,119.204086,255,129040725,1947,8
2026-03-26T16:43:41.056,18.617,74,38,118.530617,255,129050657,1936,8
2026-03-26T16:43:41.057,18.618,75,38,117.795914,255,129060624,1924,8
2026-03-26T16:43:41.059,18.620,76,38,117.061226,255,129070564,1912,8
2026-03-26T16:43:41.060,18.621,77,38,116.448982,255,129080533,1902,8
2026-03-26T16:43:41.061,18.623,78,38,115.714287,255,129090479,1890,8
2026-03-26T16:43:41.104,18.666,79,38,114.918365,255,129100448,1877,8
2026-03-26T16:43:41.106,18.667,80,38,114.183678,255,129110396,1865,8
2026-03-26T16:43:41.107,18.668,81,38,113.510208,255,129120364,1854,8
2026-03-26T16:43:41.108,18.670,82,38,112.775505,255,129130310,1842,8
2026-03-26T16:43:41.109,18.670,83,38,112.102043,255,129140280,1831,8
2026-03-26T16:43:41.155,18.716,84,38,111.367348,255,129150225,1819,8
2026-03-26T16:43:41.157,18.718,85,38,110.693878,255,129160197,1808,8
2026-03-26T16:43:41.158,18.719,86,38,109.897957,255,129170131,1795,8
2026-03-26T16:43:41.159,18.721,87,38,109.224487,255,129180095,1784,8
2026-03-26T16:43:41.160,18.722,88,38,108.489799,255,129190030,1772,8
2026-03-26T16:43:41.204,18.765,89,38,107.755096,255,129199996,1760,8
2026-03-26T16:43:41.205,18.767,90,38,107.081635,255,129209935,1749,8
2026-03-26T16:43:41.206,18.768,91,38,106.346939,255,129219903,1737,8
2026-03-26T16:43:41.207,18.768,92,38,105.612251,255,129229843,1725,8
2026-03-26T16:43:41.208,18.769,93,38,104.938774,255,129239810,1714,8
2026-03-26T16:43:41.255,18.816,94,38,104.204079,255,129249756,1702,8
2026-03-26T16:43:41.256,18.817,95,38,103.469391,255,129259726,1690,8
2026-03-26T16:43:41.257,18.818,96,38,102.857147,255,129269669,1680,8
2026-03-26T16:43:41.258,18.820,97,38,102.061226,255,129279639,1667,8
2026-03-26T16:43:41.259,18.821,98,38,101.326530,255,129289580,1655,8
2026-03-26T16:43:41.304,18.865,99,38,100.591843,255,129299547,1643,8
2026-03-26T16:43:41.306,18.868,100,38,99.918365,255,129309483,1632,8
2026-03-26T16:43:41.308,18.869,101,38,99.183670,255,129319450,1620,8
2026-03-26T16:43:41.310,18.871,102,38,98.448982,255,129329386,1608,8
2026-03-26T16:43:41.311,18.872,103,38,97.775513,255,129339353,1597,8
2026-03-26T16:43:41.354,18.916,104,38,97.102036,255,129349293,1586,8
2026-03-26T16:43:41.357,18.918,105,38,96.306122,255,129359254,1573,8
2026-03-26T16:43:41.358,18.920,106,38,95.632652,255,129369192,1562,8
2026-03-26T16:43:41.361,18.922,107,38,94.897957,255,129379154,1550,8
2026-03-26T16:43:41.362,18.924,108,38,94.163261,255,129389090,1538,8
2026-03-26T16:43:41.405,18.966,109,38,93.489799,255,129399057,1527,8
2026-03-26T16:43:41.408,18.969,110,38,92.755104,255,129408996,1515,8
2026-03-26T16:43:41.410,18.971,111,38,92.020409,255,129418958,1503,8
2026-03-26T16:43:41.412,18.973,112,38,91.285713,255,129428891,1491,8
2026-03-26T16:43:41.413,18.974,113,38,90.612244,255,129438853,1480,8
2026-03-26T16:43:41.415,18.977,114,38,89.877548,255,129448789,1468,8
2026-03-26T16:43:41.454,19.015,115,38,89.204079,255,129458754,1457,8
2026-03-26T16:43:41.456,19.017,116,38,88.530609,255,129468689,1446,8
2026-03-26T16:43:41.457,19.018,117,38,87.734695,255,129478650,1433,8
2026-03-26T16:43:41.457,19.019,118,38,87.000000,255,129488585,1421,8
2026-03-26T16:43:41.504,19.065,119,38,86.326530,255,129498549,1410,8
2026-03-26T16:43:41.506,19.067,120,38,85.591835,255,129508482,1398,8
2026-03-26T16:43:41.507,19.069,121,38,84.857140,255,129518454,1386,8
2026-03-26T16:43:41.508,19.069,122,38,84.183670,255,129528392,1375,8
2026-03-26T16:43:41.509,19.070,123,38,83.510201,255,129538360,1364,8
2026-03-26T16:43:41.554,19.115,124,38,82.714287,255,129548297,1351,8
2026-03-26T16:43:41.557,19.118,125,38,82.040817,255,129558265,1340,8
2026-03-26T16:43:41.559,19.120,126,38,81.306122,255,129568207,1328,8
2026-03-26T16:43:41.561,19.123,127,38,80.571426,255,129578176,1316,8
2026-03-26T16:43:41.563,19.125,128,38,79.897957,255,129588119,1305,8
2026-03-26T16:43:41.566,19.127,129,38,79.224487,255,129598087,1294,8
2026-03-26T16:43:41.604,19.165,130,38,78.428566,255,129608029,1281,8
2026-03-26T16:43:41.606,19.168,131,38,77.755104,255,129617996,1270,8
2026-03-26T16:43:41.608,19.169,132,38,77.081635,255,129627939,1259,8
2026-03-26T16:43:41.609,19.170,133,38,76.346939,255,129637908,1247,8
2026-03-26T16:43:41.655,19.216,134,38,75.612244,255,129647849,1235,8
2026-03-26T16:43:41.658,19.219,135,38,74.877548,255,129657815,1223,8
2026-03-26T16:43:41.659,19.221,136,38,74.204079,255,129667754,1212,8
2026-03-26T16:43:41.661,19.222,137,38,73.469391,255,129677718,1200,8
2026-03-26T16:43:41.663,19.224,138,38,72.857147,255,129687655,1190,8
2026-03-26T16:43:41.665,19.226,139,38,72.061226,255,129697615,1177,8
2026-03-26T16:43:41.704,19.266,140,38,71.326530,255,129707546,1165,8
2026-03-26T16:43:41.706,19.267,141,38,70.653061,255,129717508,1154,8
2026-03-26T16:43:41.707,19.268,142,38,69.918365,255,129727451,1142,8
2026-03-26T16:43:41.709,19.270,143,38,69.244904,255,129737413,1131,8
2026-03-26T16:43:41.755,19.316,144,38,68.571426,255,129747349,1120,8
2026-03-26T16:43:41.758,19.319,145,38,67.775513,255,129757312,1107,8
2026-03-26T16:43:41.760,19.321,146,38,67.102043,255,129767247,1096,8
2026-03-26T16:43:41.763,19.324,147,37,66.367348,255,129777215,1084,8
2026-03-26T16:43:41.765,19.326,148,37,65.632652,255,129787152,1072,8
2026-03-26T16:43:41.768,19.329,149,37,64.959183,255,129797109,1061,8
2026-03-26T16:43:41.805,19.366,150,37,64.285713,255,129807053,1050,8
2026-03-26T16:43:41.806,19.367,151,37,63.489796,255,129817015,1037,8
2026-03-26T16:43:41.807,19.368,152,37,62.816326,255,129826951,1026,8
2026-03-26T16:43:41.807,19.369,153,37,62.142857,255,129836914,1015,8
2026-03-26T16:43:41.854,19.416,154,37,61.408161,255,129846854,1003,8
2026-03-26T16:43:41.857,19.418,155,37,60.673466,255,129856818,991,8
2026-03-26T16:43:41.859,19.420,156,37,59.938778,255,129866745,979,8
2026-03-26T16:43:41.860,19.421,157,37,59.265308,255,129876711,968,8
2026-03-26T16:43:41.861,19.423,158,37,58.530613,255,129886649,956,8
2026-03-26T16:43:41.863,19.424,159,37,57.918365,255,129896609,946,8
2026-03-26T16:43:41.905,19.466,160,37,57.122448,255,129906546,933,8
2026-03-26T16:43:41.907,19.468,161,37,56.387753,255,129916509,921,8
2026-03-26T16:43:41.909,19.470,162,37,55.714287,255,129926444,910,8
2026-03-26T16:43:41.910,19.471,163,37,54.979591,255,129936407,898,8
2026-03-26T16:43:41.911,19.472,164,37,54.244900,255,129946344,886,8
2026-03-26T16:43:41.954,19.515,165,37,53.571426,255,129956307,875,8
2026-03-26T16:43:41.956,19.518,166,37,52.897957,255,129966240,864,8
2026-03-26T16:43:41.958,19.519,167,37,52.102039,255,129976201,851,8
2026-03-26T16:43:41.959,19.521,168,37,51.428574,255,129986140,840,8
2026-03-26T16:43:41.961,19.522,169,37,50.693878,255,129996104,828,8
2026-03-26T16:43:42.004,19.566,170,37,50.020409,255,130006045,817,8
2026-03-26T16:43:42.007,19.568,171,37,49.285713,255,130016005,805,8
2026-03-26T16:43:42.008,19.570,172,37,48.551018,255,130025944,793,8
2026-03-26T16:43:42.010,19.571,173,37,47.816326,255,130035909,781,8
2026-03-26T16:43:42.012,19.573,174,37,47.142860,255,130045845,770,8
2026-03-26T16:43:42.054,19.615,175,37,46.408165,255,130055808,758,8
2026-03-26T16:43:42.057,19.618,176,37,45.795918,255,130065746,748,8
2026-03-26T16:43:42.061,19.622,177,37,45.000000,255,130075706,735,8
2026-03-26T16:43:42.063,19.624,178,37,44.265305,255,130085645,723,8
2026-03-26T16:43:42.065,19.626,179,37,43.591839,255,130095612,712,8
2026-03-26T16:43:42.104,19.666,180,36,42.857143,255,130105558,700,8
2026-03-26T16:43:42.106,19.668,181,36,42.122448,255,130115525,688,8
2026-03-26T16:43:42.108,19.670,182,36,41.448982,255,130125468,677,8
2026-03-26T16:43:42.110,19.671,183,36,40.775509,255,130135436,666,8
2026-03-26T16:43:42.112,19.673,184,36,39.979591,255,130145383,653,8
2026-03-26T16:43:42.155,19.716,185,36,39.306122,255,130155347,642,8
2026-03-26T16:43:42.157,19.718,186,36,38.571430,255,130165287,630,8
2026-03-26T16:43:42.158,19.719,187,36,37.836735,255,130175257,618,8
2026-03-26T16:43:42.159,19.720,188,36,37.163265,255,130185199,607,8
2026-03-26T16:43:42.160,19.721,189,36,36.428574,255,130195166,595,8
2026-03-26T16:43:42.204,19.766,190,36,35.755100,255,130205107,584,8
2026-03-26T16:43:42.207,19.768,191,36,35.020409,255,130215087,572,8
2026-03-26T16:43:42.209,19.771,192,36,34.285713,255,130225033,560,8
2026-03-26T16:43:42.211,19.772,193,36,33.551022,255,130234997,548,8
2026-03-26T16:43:42.213,19.774,194,36,32.877548,255,130244933,537,8
2026-03-26T16:43:42.254,19.815,195,36,32.142857,255,130254901,525,8
2026-03-26T16:43:42.256,19.817,196,36,31.408163,255,130264842,513,8
2026-03-26T16:43:42.257,19.818,197,36,30.734694,255,130274810,502,8
2026-03-26T16:43:42.259,19.820,198,36,30.000000,255,130284747,490,8
2026-03-26T16:43:42.260,19.822,199,36,29.265306,255,130294716,478,8
2026-03-26T16:43:42.305,19.866,200,36,28.653059,255,130304653,468,8
2026-03-26T16:43:42.306,19.868,201,36,27.857143,255,130314627,455,8
2026-03-26T16:43:42.308,19.869,202,36,27.122450,255,130324568,443,8
2026-03-26T16:43:42.311,19.872,203,36,26.448978,255,130334536,432,8
2026-03-26T16:43:42.312,19.874,204,36,25.714287,255,130344473,420,8
2026-03-26T16:43:42.355,19.916,205,36,24.979591,255,130354442,408,8
2026-03-26T16:43:42.357,19.919,206,36,24.306122,255,130364381,397,8
2026-03-26T16:43:42.359,19.920,207,36,23.632654,255,130374354,386,8
2026-03-26T16:43:42.363,19.924,208,36,22.836735,255,130384294,373,8
2026-03-26T16:43:42.365,19.926,209,36,22.163265,255,130394260,362,8
2026-03-26T16:43:42.367,19.928,210,36,21.428572,255,130404202,350,8
2026-03-26T16:43:42.404,19.965,211,36,20.693876,255,130414168,338,8
2026-03-26T16:43:42.407,19.968,212,36,20.020409,255,130424108,327,8
2026-03-26T16:43:42.409,19.970,213,36,19.285715,255,130434078,315,8
2026-03-26T16:43:42.411,19.972,214,36,18.612246,255,130444019,304,8
2026-03-26T16:43:42.455,20.016,215,36,17.877550,255,130453985,292,8
2026-03-26T16:43:42.459,20.020,216,36,17.142857,255,130463929,280,8
2026-03-26T16:43:42.462,20.023,217,36,16.469389,255,130473898,269,8
2026-03-26T16:43:42.465,20.026,218,36,15.734694,255,130483838,257,8
2026-03-26T16:43:42.467,20.028,219,36,15.000000,255,130493806,245,8
2026-03-26T16:43:42.469,20.030,220,36,14.265306,255,130503746,233,8
2026-03-26T16:43:42.505,20.066,221,36,13.591837,255,130513709,222,8
2026-03-26T16:43:42.506,20.067,222,36,12.857143,255,130523651,210,8
2026-03-26T16:43:42.508,20.069,223,36,12.122449,255,130533612,198,8
2026-03-26T16:43:42.509,20.070,224,36,11.510203,255,130543552,188,8
2026-03-26T16:43:42.554,20.115,225,36,10.714286,255,130554521,175,8
2026-03-26T16:43:42.557,20.118,226,36,9.979591,255,130563461,163,8
2026-03-26T16:43:42.559,20.120,227,36,9.306123,255,130573430,152,8
2026-03-26T16:43:42.560,20.122,228,36,8.571428,255,130583372,140,8
2026-03-26T16:43:42.562,20.123,229,36,7.836735,255,130593345,128,8
2026-03-26T16:43:42.564,20.125,230,36,7.163265,255,130603286,117,8
2026-03-26T16:43:42.605,20.166,231,36,6.489796,255,130613256,106,8
2026-03-26T16:43:42.606,20.168,232,36,5.755102,255,130623201,94,8
2026-03-26T16:43:42.608,20.169,233,36,4.959184,255,130633175,81,8
2026-03-26T16:43:42.609,20.170,234,36,4.285714,255,130643117,70,8
2026-03-26T16:43:42.655,20.216,235,36,3.551020,255,130653092,58,8
2026-03-26T16:43:42.659,20.220,236,36,2.877551,255,130663037,47,8
2026-03-26T16:43:42.661,20.223,237,35,2.142857,255,130673009,35,8
2026-03-26T16:43:42.663,20.225,238,35,1.408163,255,130682955,23,8
2026-03-26T16:43:42.666,20.227,239,35,0.673469,255,130692925,11,8
2026-03-26T16:43:42.669,20.230,240,35,0.000000,255,130702870,0,8
2026-03-26T16:43:42.705,20.267,241,35,359.265320,255,130712832,5868,8
2026-03-26T16:43:42.708,20.269,242,35,358.591827,255,130722777,5857,8
2026-03-26T16:43:42.709,20.270,243,35,357.918365,255,130732755,5846,8
2026-03-26T16:43:42.711,20.272,244,35,357.122437,255,130742693,5833,8
2026-03-26T16:43:42.712,20.273,245,35,356.387756,255,130752660,5821,8
2026-03-26T16:43:42.755,20.316,246,35,355.653076,255,130762602,5809,8
2026-03-26T16:43:42.757,20.319,247,35,354.979584,255,130772572,5798,8
2026-03-26T16:43:42.759,20.320,248,35,354.244904,255,130782509,5786,8
2026-03-26T16:43:42.761,20.322,249,35,353.571442,255,130792480,5775,8
2026-03-26T16:43:42.763,20.324,250,35,352.897949,255,130802422,5764,8
2026-03-26T16:43:42.805,20.366,251,35,352.102020,255,130812391,5751,8
2026-03-26T16:43:42.808,20.369,252,35,351.367340,255,130822340,5739,8
2026-03-26T16:43:42.810,20.371,253,35,350.693878,255,130832306,5728,8
2026-03-26T16:43:42.812,20.373,254,35,349.959167,255,130842251,5716,8
2026-03-26T16:43:42.814,20.375,255,35,349.224487,255,130852219,5704,8
2026-03-26T16:43:42.854,20.415,0,35,348.551025,255,130862162,5693,8
2026-03-26T16:43:42.855,20.417,1,35,347.816345,255,130872134,5681,8
2026-03-26T16:43:42.856,20.418,2,35,347.142853,255,130882075,5670,8
2026-03-26T16:43:42.858,20.420,3,35,346.346924,255,130892051,5657,8
2026-03-26T16:43:42.905,20.466,4,35,345.673462,255,130901994,5646,8
2026-03-26T16:43:42.908,20.470,5,35,345.000000,255,130911961,5635,8
2026-03-26T16:43:42.911,20.472,6,35,344.265289,255,130921899,5623,8
2026-03-26T16:43:42.916,20.477,7,35,343.530609,255,130931868,5611,8
2026-03-26T16:43:42.918,20.479,8,35,342.795929,255,130941808,5599,8
2026-03-26T16:43:42.920,20.481,9,35,342.061218,255,130951776,5587,8
2026-03-26T16:43:42.922,20.483,10,35,341.387756,255,130961723,5576,8
2026-03-26T16:43:42.954,20.516,11,35,340.653046,255,130971695,5564,8
2026-03-26T16:43:42.956,20.517,12,35,339.918365,255,130981639,5552,8
2026-03-26T16:43:42.957,20.518,13,35,339.306122,255,130991612,5542,8
2026-03-26T16:43:43.005,20.566,14,35,338.510193,255,131001560,5529,8
2026-03-26T16:43:43.006,20.567,15,35,337.775513,255,131011532,5517,8
2026-03-26T16:43:43.007,20.569,16,35,337.102051,255,131021475,5506,8
2026-03-26T16:43:43.008,20.570,17,35,336.367371,255,131031448,5494,8
2026-03-26T16:43:43.010,20.571,18,35,335.632660,255,131041392,5482,8
2026-03-26T16:43:43.011,20.572,19,35,334.959167,255,131051366,5471,8
2026-03-26T16:43:43.054,20.615,20,35,334.285706,255,131061310,5460,8
2026-03-26T16:43:43.057,20.618,21,35,333.489807,255,131071277,5447,8
2026-03-26T16:43:43.059,20.621,22,35,332.755096,255,131081223,5435,8
2026-03-26T16:43:43.061,20.623,23,35,332.081635,255,131091190,5424,8
2026-03-26T16:43:43.063,20.625,24,35,331.346954,255,131101132,5412,8
2026-03-26T16:43:43.104,20.665,25,35,330.673492,255,131111098,5401,8
2026-03-26T16:43:43.106,20.667,26,35,329.938782,255,131121038,5389,8
2026-03-26T16:43:43.108,20.669,27,35,329.265289,255,131131007,5378,8
2026-03-26T16:43:43.109,20.670,28,35,328.530609,255,131140945,5366,8
2026-03-26T16:43:43.110,20.671,29,35,327.795929,255,131150915,5354,8
2026-03-26T16:43:43.155,20.716,30,35,327.122437,255,131160854,5343,8
2026-03-26T16:43:43.158,20.720,31,35,326.387756,255,131170821,5331,8
2026-03-26T16:43:43.160,20.722,32,35,325.653076,255,131180765,5319,8
2026-03-26T16:43:43.163,20.724,33,35,324.918365,255,131190735,5307,8
2026-03-26T16:43:43.165,20.726,34,35,324.244873,255,131200680,5296,8
2026-03-26T16:43:43.167,20.728,35,34,323.510193,255,131210651,5284,8
2026-03-26T16:43:43.207,20.768,36,34,322.775513,255,131220595,5272,8
2026-03-26T16:43:43.209,20.770,37,34,322.163269,255,131230565,5262,8
2026-03-26T16:43:43.210,20.772,38,34,321.367340,255,131240508,5249,8
2026-03-26T16:43:43.211,20.773,39,34,320.632660,255,131250472,5237,8
2026-03-26T16:43:43.255,20.816,40,34,319.959198,255,131260414,5226,8
2026-03-26T16:43:43.257,20.819,41,34,319.224487,255,131270377,5214,8
2026-03-26T16:43:43.260,20.821,42,34,318.489777,255,131280311,5202,8
2026-03-26T16:43:43.261,20.822,43,34,317.816315,255,131290279,5191,8
2026-03-26T16:43:43.262,20.824,44,34,317.142853,255,131300215,5180,8
2026-03-26T16:43:43.305,20.866,45,34,316.408173,255,131310179,5168,8
2026-03-26T16:43:43.307,20.869,46,34,315.673462,255,131320118,5156,8
2026-03-26T16:43:43.310,20.871,47,34,314.938782,255,131330084,5144,8
2026-03-26T16:43:43.311,20.873,48,34,314.265320,255,131340029,5133,8
2026-03-26T16:43:43.314,20.875,49,34,313.530609,255,131349998,5121,8
2026-03-26T16:43:43.316,20.877,50,34,312.795898,255,131359939,5109,8
2026-03-26T16:43:43.355,20.916,51,34,312.061218,255,131369903,5097,8
2026-03-26T16:43:43.357,20.918,52,34,311.387756,255,131379844,5086,8
2026-03-26T16:43:43.359,20.920,53,34,310.653076,255,131389815,5074,8
2026-03-26T16:43:43.361,20.922,54,34,310.040802,255,131399753,5064,8
2026-03-26T16:43:43.405,20.967,55,34,309.244904,255,131409723,5051,8
2026-03-26T16:43:43.407,20.968,56,34,308.510223,255,131419666,5039,8
2026-03-26T16:43:43.408,20.970,57,34,307.775513,255,131429634,5027,8
2026-03-26T16:43:43.410,20.971,58,34,307.102020,255,131439573,5016,8
2026-03-26T16:43:43.411,20.972,59,34,306.367340,255,131449539,5004,8
2026-03-26T16:43:43.454,21.016,60,34,305.693878,255,131459478,4993,8
2026-03-26T16:43:43.457,21.018,61,34,305.020416,255,131469446,4982,8
2026-03-26T16:43:43.459,21.020,62,34,304.224487,255,131479389,4969,8
2026-03-26T16:43:43.461,21.022,63,34,303.551025,255,131489355,4958,8
2026-03-26T16:43:43.462,21.024,64,34,302.816345,255,131499295,4946,8
2026-03-26T16:43:43.464,21.025,65,34,302.081635,255,131509265,4934,8
2026-03-26T16:43:43.505,21.066,66,34,301.408142,255,131519200,4923,8
2026-03-26T16:43:43.507,21.068,67,34,300.734711,255,131529166,4912,8
2026-03-26T16:43:43.508,21.070,68,34,299.938782,255,131539103,4899,8
2026-03-26T16:43:43.510,21.071,69,34,299.265289,255,131549069,4888,8
2026-03-26T16:43:43.555,21.116,70,34,298.530609,255,131559013,4876,8
2026-03-26T16:43:43.558,21.119,71,34,297.857147,255,131568975,4865,8
2026-03-26T16:43:43.560,21.121,72,34,297.122467,255,131578916,4853,8
2026-03-26T16:43:43.562,21.123,73,34,296.387756,255,131588882,4841,8
2026-03-26T16:43:43.564,21.125,74,34,295.714294,255,131598823,4830,8
2026-03-26T16:43:43.565,21.126,75,34,294.979584,255,131608791,4818,8
2026-03-26T16:43:43.604,21.165,76,34,294.244904,255,131618731,4806,8
2026-03-26T16:43:43.606,21.167,77,34,293.632629,255,131628698,4796,8
2026-03-26T16:43:43.607,21.168,78,34,292.836731,255,131638633,4783,8
2026-03-26T16:43:43.608,21.169,79,34,292.102051,255,131648599,4771,8
2026-03-26T16:43:43.655,21.216,80,34,291.428589,255,131658539,4760,8
2026-03-26T16:43:43.658,21.219,81,34,290.693878,255,131668509,4748,8
2026-03-26T16:43:43.660,21.221,82,34,289.959167,255,131678440,4736,8
2026-03-26T16:43:43.662,21.224,83,34,289.285706,255,131688409,4725,8
2026-03-26T16:43:43.665,21.226,84,34,288.612244,255,131698348,4714,8
2026-03-26T16:43:43.666,21.228,85,34,287.816315,255,131708318,4701,8
2026-03-26T16:43:43.704,21.266,86,34,287.142853,255,131718257,4690,8
2026-03-26T16:43:43.706,21.267,87,34,286.408173,255,131728233,4678,8
2026-03-26T16:43:43.707,21.269,88,34,285.734711,255,131738175,4667,8
2026-03-26T16:43:43.708,21.269,89,34,285.000000,255,131748139,4655,8
2026-03-26T16:43:43.755,21.316,90,34,284.265289,255,131758073,4643,8
2026-03-26T16:43:43.758,21.319,91,34,283.530609,255,131768036,4631,8
2026-03-26T16:43:43.760,21.322,92,34,282.795929,255,131777986,4619,8
2026-03-26T16:43:43.763,21.324,93,34,282.122437,255,131787954,4608,8
2026-03-26T16:43:43.765,21.326,94,34,281.387756,255,131797894,4596,8
2026-03-26T16:43:43.766,21.328,95,34,280.714294,255,131807864,4585,8
2026-03-26T16:43:43.805,21.366,96,34,279.979584,255,131817794,4573,8
2026-03-26T16:43:43.806,21.367,97,34,279.244873,255,131827771,4561,8
2026-03-26T16:43:43.807,21.368,98,34,278.510193,255,131837711,4549,8
2026-03-26T16:43:43.808,21.369,99,34,277.775513,255,131847681,4537,8
2026-03-26T16:43:43.855,21.416,100,34,277.102051,255,131857618,4526,8
2026-03-26T16:43:43.858,21.419,101,34,276.367340,255,131867577,4514,8
2026-03-26T16:43:43.861,21.422,102,34,275.693878,255,131877524,4503,8
2026-03-26T16:43:43.863,21.424,103,34,275.020416,255,131887491,4492,8
2026-03-26T16:43:43.865,21.426,104,34,274.224487,255,131897428,4479,8
2026-03-26T16:43:43.867,21.428,105,34,273.489777,255,131907393,4467,8
2026-03-26T16:43:43.904,21.466,106,34,272.816315,255,131917327,4456,8
2026-03-26T16:43:43.906,21.467,107,34,272.081635,255,131927293,4444,8
2026-03-26T16:43:43.907,21.468,108,34,271.346954,255,131937227,4432,8
2026-03-26T16:43:43.908,21.469,109,34,270.673462,255,131947193,4421,8
2026-03-26T16:43:43.954,21.515,110,34,269.938782,255,131957128,4409,8
2026-03-26T16:43:43.956,21.518,111,34,269.265320,255,131967093,4398,8
2026-03-26T16:43:43.958,21.519,112,34,268.530609,255,131977041,4386,8
2026-03-26T16:43:43.959,21.521,113,34,267.795898,255,131987005,4374,8
2026-03-26T16:43:43.960,21.522,114,34,267.122437,255,131996946,4363,8
2026-03-26T16:43:43.962,21.523,115,34,266.387756,255,132006916,4351,8
2026-03-26T16:43:44.005,21.566,116,34,265.653076,255,132016850,4339,8
2026-03-26T16:43:44.007,21.568,117,34,264.918365,255,132026825,4327,8
2026-03-26T16:43:44.009,21.570,118,34,264.183685,255,132036765,4315,8
2026-03-26T16:43:44.011,21.572,119,34,263.510223,255,132046727,4304,8
2026-03-26T16:43:44.013,21.574,120,34,262.775513,255,132056669,4292,8
2026-03-26T16:43:44.054,21.615,121,34,262.163269,255,132066628,4282,8
2026-03-26T16:43:44.056,21.617,122,34,261.428558,255,132076569,4270,8
2026-03-26T16:43:44.057,21.618,123,34,260.632660,255,132086531,4257,8
2026-03-26T16:43:44.058,21.620,124,34,259.897949,255,132096482,4245,8
2026-03-26T16:43:44.060,21.621,125,34,259.224487,255,132106448,4234,8
2026-03-26T16:43:44.105,21.666,126,34,258.489807,255,132116386,4222,8
2026-03-26T16:43:44.107,21.668,127,34,257.755096,255,132126351,4210,8
2026-03-26T16:43:44.109,21.670,128,34,257.081635,255,132136288,4199,8
2026-03-26T16:43:44.110,21.671,129,34,256.346924,255,132146250,4187,8
2026-03-26T16:43:44.111,21.672,130,34,255.673462,255,132156183,4176,8
2026-03-26T16:43:44.154,21.716,131,34,254.877548,255,132166139,4163,8
2026-03-26T16:43:44.157,21.719,132,34,254.204086,255,132176073,4152,8
2026-03-26T16:43:44.159,21.721,133,34,253.469391,255,132186034,4140,8
2026-03-26T16:43:44.161,21.723,134,34,252.734680,255,132195973,4128,8
2026-03-26T16:43:44.163,21.725,135,34,252.061218,255,132205929,4117,8
2026-03-26T16:43:44.205,21.766,136,34,251.326523,255,132215865,4105,8
2026-03-26T16:43:44.206,21.768,137,34,250.591843,255,132225825,4093,8
2026-03-26T16:43:44.208,21.769,138,34,249.857147,255,132235764,4081,8
2026-03-26T16:43:44.209,21.770,139,34,249.183670,255,132245733,4070,8
2026-03-26T16:43:44.210,21.771,140,34,248.448990,255,132255668,4058,8
2026-03-26T16:43:44.255,21.816,141,34,247.714279,255,132265629,4046,8
2026-03-26T16:43:44.258,21.819,142,34,247.102051,255,132275562,4036,8
2026-03-26T16:43:44.260,21.822,143,34,246.306122,255,132285524,4023,8
2026-03-26T16:43:44.262,21.824,144,34,245.571426,255,132295457,4011,8
2026-03-26T16:43:44.264,21.826,145,34,244.836731,255,132305419,3999,8
2026-03-26T16:43:44.266,21.828,146,34,244.163269,255,132315356,3988,8
2026-03-26T16:43:44.305,21.866,147,34,243.428574,255,132325314,3976,8
2026-03-26T16:43:44.306,21.868,148,34,242.693863,255,132335250,3964,8
2026-03-26T16:43:44.308,21.869,149,34,242.020416,255,132345204,3953,8
2026-03-26T16:43:44.309,21.870,150,34,241.285706,255,132355139,3941,8
2026-03-26T16:43:44.354,21.916,151,34,240.612244,255,132365104,3930,8
2026-03-26T16:43:44.357,21.918,152,34,239.877548,255,132375035,3918,8
2026-03-26T16:43:44.358,21.920,153,34,239.142853,255,132385003,3906,8
2026-03-26T16:43:44.360,21.921,154,34,238.408173,255,132394934,3894,8
2026-03-26T16:43:44.362,21.923,155,34,237.734695,255,132404899,3883,8
2026-03-26T16:43:44.405,21.966,156,34,237.000015,255,132414833,3871,8
2026-03-26T16:43:44.407,21.968,157,34,236.265305,255,132424788,3859,8
2026-03-26T16:43:44.408,21.969,158,34,235.530609,255,132434717,3847,8
2026-03-26T16:43:44.409,21.970,159,34,234.795914,255,132444672,3835,8
2026-03-26T16:43:44.410,21.972,160,34,234.183670,255,132454604,3825,8
2026-03-26T16:43:44.454,22.015,161,34,233.387756,255,132464566,3812,8
2026-03-26T16:43:44.456,22.017,162,34,232.653076,255,132474496,3800,8
2026-03-26T16:43:44.457,22.019,163,34,231.979599,255,132484454,3789,8
2026-03-26T16:43:44.459,22.020,164,34,231.306137,255,132494387,3778,8
2026-03-26T16:43:44.460,22.021,165,34,230.510208,255,132504348,3765,8
2026-03-26T16:43:44.505,22.066,166,34,229.775513,255,132514278,3753,8
2026-03-26T16:43:44.507,22.068,167,34,229.102036,255,132524236,3742,8
2026-03-26T16:43:44.509,22.070,168,34,228.367355,255,132534164,3730,8
2026-03-26T16:43:44.511,22.072,169,34,227.632660,255,132544137,3718,8
2026-03-26T16:43:44.512,22.073,170,34,226.959198,255,132554075,3707,8
2026-03-26T16:43:44.513,22.075,171,34,226.224487,255,132564038,3695,8
2026-03-26T16:43:44.555,22.116,172,34,225.489792,255,132573976,3683,8
2026-03-26T16:43:44.557,22.119,173,34,224.755096,255,132583936,3671,8
2026-03-26T16:43:44.559,22.120,174,34,224.081635,255,132593873,3660,8
2026-03-26T16:43:44.561,22.122,175,34,223.346939,255,132603831,3648,8
2026-03-26T16:43:44.605,22.166,176,34,222.612259,255,132613765,3636,8
2026-03-26T16:43:44.608,22.169,177,34,221.938782,255,132623720,3625,8
2026-03-26T16:43:44.610,22.171,178,34,221.265320,255,132633654,3614,8
2026-03-26T16:43:44.612,22.174,179,34,220.469391,255,132643618,3601,8
2026-03-26T16:43:44.614,22.176,180,34,219.734695,255,132653556,3589,8
2026-03-26T16:43:44.616,22.178,181,34,219.000000,255,132663518,3577,8
2026-03-26T16:43:44.654,22.215,182,34,218.326538,255,132673452,3566,8
2026-03-26T16:43:44.655,22.217,183,34,217.591843,255,132683412,3554,8
2026-03-26T16:43:44.656,22.218,184,34,216.857132,255,132693354,3542,8
2026-03-26T16:43:44.657,22.218,185,34,216.183670,255,132703313,3531,8
2026-03-26T16:43:44.705,22.266,186,34,215.510193,255,132713243,3520,8
2026-03-26T16:43:44.709,22.270,187,34,214.775513,255,132723205,3508,8
2026-03-26T16:43:44.711,22.273,188,34,213.979599,255,132733139,3495,8
2026-03-26T16:43:44.714,22.275,189,34,213.306122,255,132743101,3484,8
2026-03-26T16:43:44.716,22.277,190,34,212.571442,255,132753036,3472,8
2026-03-26T16:43:44.718,22.279,191,34,211.836731,255,132762999,3460,8
2026-03-26T16:43:44.755,22.316,192,34,211.163254,255,132772938,3449,8
2026-03-26T16:43:44.756,22.318,193,34,210.428574,255,132782900,3437,8
2026-03-26T16:43:44.757,22.319,194,33,209.693878,255,132792840,3425,8
2026-03-26T16:43:44.759,22.320,195,33,208.959183,255,132802800,3413,8
2026-03-26T16:43:44.804,22.365,196,33,208.285721,255,132812737,3402,8
2026-03-26T16:43:44.805,22.366,197,34,207.551025,255,132822697,3390,8
2026-03-26T16:43:44.806,22.367,198,34,206.816315,255,132832630,3378,8
2026-03-26T16:43:44.807,22.368,199,34,206.142853,255,132842590,3367,8
2026-03-26T16:43:44.808,22.369,200,34,205.469376,255,132852525,3356,8
2026-03-26T16:43:44.854,22.416,201,34,204.673462,255,132862489,3343,8
2026-03-26T16:43:44.857,22.419,202,34,203.938782,255,132872423,3331,8
2026-03-26T16:43:44.860,22.422,203,34,203.265305,255,132882386,3320,8
2026-03-26T16:43:44.863,22.424,204,34,202.530624,255,132892325,3308,8
2026-03-26T16:43:44.865,22.426,205,34,201.795914,255,132902287,3296,8
2026-03-26T16:43:44.867,22.429,206,34,201.122437,255,132912224,3285,8
2026-03-26T16:43:44.904,22.466,207,34,200.387756,255,132922188,3273,8
2026-03-26T16:43:44.906,22.467,208,34,199.653061,255,132932126,3261,8
2026-03-26T16:43:44.907,22.469,209,34,198.979584,255,132942085,3250,8
2026-03-26T16:43:44.908,22.470,210,34,198.183685,255,132952019,3237,8
2026-03-26T16:43:44.909,22.471,211,34,197.510208,255,132961979,3226,8
2026-03-26T16:43:44.954,22.516,212,34,196.775497,255,132971914,3214,8
2026-03-26T16:43:44.957,22.518,213,34,196.102036,255,132981869,3203,8
2026-03-26T16:43:44.959,22.521,214,34,195.367340,255,132991799,3191,8
2026-03-26T16:43:44.962,22.523,215,34,194.632645,255,133001759,3179,8
2026-03-26T16:43:44.964,22.525,216,34,193.897964,255,133011690,3167,8
2026-03-26T16:43:45.004,22.565,217,34,193.163269,255,133021653,3155,8
2026-03-26T16:43:45.006,22.567,218,34,192.489807,255,133031588,3144,8
2026-03-26T16:43:45.007,22.569,219,34,191.755096,255,133041546,3132,8
2026-03-26T16:43:45.010,22.571,220,34,191.020401,255,133051484,3120,8
2026-03-26T16:43:45.011,22.572,221,34,190.346939,255,133061449,3109,8
2026-03-26T16:43:45.055,22.616,222,34,189.673462,255,133071372,3098,8
2026-03-26T16:43:45.058,22.620,223,34,188.938766,255,133081338,3086,8
2026-03-26T16:43:45.060,22.621,224,34,188.142868,255,133091268,3073,8
2026-03-26T16:43:45.061,22.623,225,34,187.469391,255,133101228,3062,8
2026-03-26T16:43:45.063,22.624,226,34,186.734680,255,133111155,3050,8
2026-03-26T16:43:45.104,22.666,227,34,186.000000,255,133121116,3038,8
2026-03-26T16:43:45.108,22.669,228,34,185.326523,255,133131044,3027,8
2026-03-26T16:43:45.111,22.672,229,34,184.591827,255,133141003,3015,8
2026-03-26T16:43:45.114,22.675,230,34,183.857147,255,133150929,3003,8
2026-03-26T16:43:45.116,22.677,231,34,183.122452,255,133160883,2991,8
2026-03-26T16:43:45.119,22.680,232,34,182.448990,255,133170815,2980,8
2026-03-26T16:43:45.155,22.716,233,34,181.714294,255,133180773,2968,8
2026-03-26T16:43:45.157,22.718,234,34,180.979584,255,133190711,2956,8
2026-03-26T16:43:45.158,22.719,235,34,180.244904,255,133200673,2944,8
2026-03-26T16:43:45.162,22.723,236,34,179.632660,255,133210606,2934,8
2026-03-26T16:43:45.205,22.766,237,34,178.836731,255,133220577,2921,8
2026-03-26T16:43:45.207,22.769,238,34,178.102036,255,133230511,2909,8
2026-03-26T16:43:45.209,22.770,239,34,177.367340,255,133240471,2897,8
2026-03-26T16:43:45.211,22.773,240,34,176.693878,255,133250409,2886,8
2026-03-26T16:43:45.213,22.774,241,34,175.959183,255,133260367,2874,8
2026-03-26T16:43:45.254,22.815,242,34,175.224487,255,133270300,2862,8
2026-03-26T16:43:45.257,22.818,243,34,174.551010,255,133280257,2851,8
2026-03-26T16:43:45.260,22.821,244,34,173.816330,255,133290190,2839,8
2026-03-26T16:43:45.262,22.823,245,34,173.142853,255,133300146,2828,8
2026-03-26T16:43:45.264,22.825,246,34,172.408173,255,133310080,2816,8
2026-03-26T16:43:45.267,22.828,247,34,171.673462,255,133320037,2804,8
2026-03-26T16:43:45.305,22.866,248,34,170.938782,255,133329973,2792,8
2026-03-26T16:43:45.308,22.869,249,34,170.265305,255,133339928,2781,8
2026-03-26T16:43:45.311,22.872,250,34,169.591843,255,133349860,2770,8
2026-03-26T16:43:45.313,22.875,251,34,168.795914,255,133359824,2757,8
2026-03-26T16:43:45.316,22.877,252,34,168.061218,255,133369758,2745,8
2026-03-26T16:43:45.354,22.916,253,34,167.326523,255,133379710,2733,8
2026-03-26T16:43:45.356,22.917,254,34,166.714294,255,133389644,2723,8
2026-03-26T16:43:45.357,22.919,255,34,165.918365,255,133399603,2710,8
2026-03-26T16:43:45.359,22.920,0,34,165.183670,255,133409534,2698,8
2026-03-26T16:43:45.405,22.966,1,34,164.510193,255,133419496,2687,8
2026-03-26T16:43:45.407,22.969,2,34,163.775513,255,133429431,2675,8
2026-03-26T16:43:45.410,22.971,3,34,163.102036,255,133439384,2664,8
2026-03-26T16:43:45.413,22.974,4,34,162.306122,255,133449323,2651,8
2026-03-26T16:43:45.415,22.976,5,34,161.571426,255,133459283,2639,8
2026-03-26T16:43:45.417,22.979,6,34,160.897964,255,133469219,2628,8
2026-03-26T16:43:45.454,23.015,7,34,160.163269,255,133479178,2616,8
2026-03-26T16:43:45.455,23.017,8,34,159.428574,255,133489113,2604,8
2026-03-26T16:43:45.457,23.018,9,34,158.755096,255,133499079,2593,8
2026-03-26T16:43:45.458,23.019,10,34,158.020416,255,133509009,2581,8
2026-03-26T16:43:45.505,23.066,11,34,157.285706,255,133518973,2569,8
2026-03-26T16:43:45.507,23.069,12,34,156.551025,255,133528890,2557,8
2026-03-26T16:43:45.509,23.071,13,34,155.877548,255,133538841,2546,8
2026-03-26T16:43:45.513,23.074,14,34,155.142853,255,133548775,2534,8
2026-03-26T16:43:45.515,23.077,15,34,154.408157,255,133558734,2522,8
2026-03-26T16:43:45.517,23.078,16,34,153.795929,255,133568667,2512,8
2026-03-26T16:43:45.555,23.116,17,34,153.000000,255,133578628,2499,8
2026-03-26T16:43:45.557,23.118,18,34,152.265305,255,133588561,2487,8
2026-03-26T16:43:45.559,23.120,19,34,151.530609,255,133598515,2475,8
2026-03-26T16:43:45.562,23.123,20,34,150.857147,255,133608447,2464,8
2026-03-26T16:43:45.563,23.125,21,34,150.122452,255,133618406,2452,8
2026-03-26T16:43:45.604,23.165,22,34,149.387756,255,133628339,2440,8
2026-03-26T16:43:45.606,23.167,23,34,148.714279,255,133638296,2429,8
2026-03-26T16:43:45.607,23.168,24,34,147.979599,255,133648221,2417,8
2026-03-26T16:43:45.608,23.169,25,34,147.306122,255,133658178,2406,8
2026-03-26T16:43:45.654,23.215,26,34,146.571426,255,133668126,2394,8
2026-03-26T16:43:45.655,23.216,27,34,145.836731,255,133678086,2382,8
2026-03-26T16:43:45.656,23.217,28,34,145.102036,255,133688021,2370,8
2026-03-26T16:43:45.657,23.218,29,34,144.367340,255,133697984,2358,8
2026-03-26T16:43:45.658,23.219,30,34,143.755112,255,133707920,2348,8
2026-03-26T16:43:45.704,23.265,31,34,142.959183,255,133717880,2335,8
2026-03-26T16:43:45.706,23.267,32,34,142.224487,255,133727808,2323,8
2026-03-26T16:43:45.706,23.268,33,34,141.489792,255,133737772,2311,8
2026-03-26T16:43:45.709,23.270,34,34,140.755096,255,133747703,2299,8
2026-03-26T16:43:45.709,23.271,35,34,140.081635,255,133757673,2288,8
2026-03-26T16:43:45.755,23.316,36,34,139.346939,255,133767604,2276,8
2026-03-26T16:43:45.756,23.318,37,34,138.612244,255,133777566,2264,8
2026-03-26T16:43:45.757,23.318,38,34,137.938782,255,133787501,2253,8
2026-03-26T16:43:45.758,23.319,39,34,137.265305,255,133797465,2242,8
2026-03-26T16:43:45.759,23.320,40,34,136.530609,255,133807402,2230,8
2026-03-26T16:43:45.805,23.366,41,34,135.734695,255,133817364,2217,8
2026-03-26T16:43:45.806,23.367,42,34,135.061234,255,133827291,2206,8
2026-03-26T16:43:45.807,23.368,43,34,134.326523,255,133837247,2194,8
2026-03-26T16:43:45.808,23.369,44,34,133.591843,255,133847182,2182,8
2026-03-26T16:43:45.808,23.370,45,34,132.857147,255,133857140,2170,8
2026-03-26T16:43:45.855,23.416,46,34,132.183670,255,133867070,2159,8
2026-03-26T16:43:45.856,23.417,47,34,131.448975,255,133877027,2147,8
2026-03-26T16:43:45.857,23.418,48,34,130.775513,255,133886960,2136,8
2026-03-26T16:43:45.858,23.419,49,34,129.979584,255,133896922,2123,8
2026-03-26T16:43:45.859,23.420,50,34,129.306122,255,133906856,2112,8
2026-03-26T16:43:45.860,23.421,51,34,128.571426,255,133916815,2100,8
2026-03-26T16:43:45.904,23.465,52,34,127.836731,255,133926750,2088,8
2026-03-26T16:43:45.905,23.467,53,34,127.224487,255,133936710,2078,8
2026-03-26T16:43:45.906,23.467,54,34,126.428574,255,133946644,2065,8
2026-03-26T16:43:45.907,23.468,55,34,125.693886,255,133956603,2053,8
2026-03-26T16:43:45.955,23.516,56,34,124.959183,255,133966533,2041,8
2026-03-26T16:43:45.956,23.518,57,34,124.285713,255,133976494,2030,8
2026-03-26T16:43:45.957,23.519,58,34,123.551025,255,133986429,2018,8
2026-03-26T16:43:45.958,23.519,59,34,122.816322,255,133996394,2006,8
2026-03-26T16:43:45.959,23.520,60,34,122.142853,255,134006329,1995,8
2026-03-26T16:43:45.960,23.521,61,35,121.408165,255,134016292,1983,8
2026-03-26T16:43:46.005,23.566,62,34,120.673477,255,134026226,1971,8
2026-03-26T16:43:46.007,23.569,63,34,120.000000,255,134036186,1960,8
2026-03-26T16:43:46.009,23.571,64,34,119.204086,255,134046122,1947,8
2026-03-26T16:43:46.012,23.573,65,34,118.530617,255,134056086,1936,8
2026-03-26T16:43:46.013,23.575,66,34,117.795914,255,134066021,1924,8
2026-03-26T16:43:46.054,23.615,67,34,117.122444,255,134075982,1913,8
2026-03-26T16:43:46.055,23.616,68,34,116.387756,255,134085917,1901,8
2026-03-26T16:43:46.056,23.617,69,34,115.653069,255,134095876,1889,8
2026-03-26T16:43:46.057,23.618,70,34,114.918365,255,134105809,1877,8
2026-03-26T16:43:46.058,23.619,71,34,114.183678,255,134115765,1865,8
2026-03-26T16:43:46.105,23.666,72,34,113.510208,255,134125698,1854,8
2026-03-26T16:43:46.107,23.669,73,34,112.775505,255,134135663,1842,8
2026-03-26T16:43:46.109,23.671,74,34,112.040817,255,134145595,1830,8
2026-03-26T16:43:46.111,23.673,75,34,111.367348,255,134155560,1819,8
2026-03-26T16:43:46.113,23.674,76,34,110.693878,255,134165494,1808,8
2026-03-26T16:43:46.154,23.716,77,34,109.959183,255,134175454,1796,8
2026-03-26T16:43:46.157,23.718,78,34,109.163269,255,134185385,1783,8
2026-03-26T16:43:46.159,23.720,79,34,108.428566,255,134195349,1771,8
2026-03-26T16:43:46.160,23.721,80,34,107.755096,255,134205284,1760,8
2026-03-26T16:43:46.162,23.723,81,34,107.020409,255,134215243,1748,8
2026-03-26T16:43:46.205,23.766,82,34,106.285721,255,134225177,1736,8
2026-03-26T16:43:46.208,23.769,83,34,105.612251,255,134235136,1725,8
2026-03-26T16:43:46.210,23.771,84,34,104.877548,255,134245069,1713,8
2026-03-26T16:43:46.212,23.774,85,34,104.142860,255,134255031,1701,8
2026-03-26T16:43:46.215,23.776,86,34,103.408157,255,134264973,1689,8
2026-03-26T16:43:46.217,23.778,87,34,102.734688,255,134274934,1678,8
2026-03-26T16:43:46.255,23.816,88,34,102.000000,255,134284873,1666,8
2026-03-26T16:43:46.257,23.818,89,34,101.265312,255,134294839,1654,8
2026-03-26T16:43:46.259,23.820,90,34,100.653061,255,134304772,1644,8
2026-03-26T16:43:46.261,23.822,91,34,99.857140,255,134314736,1631,8
2026-03-26T16:43:46.304,23.865,92,34,99.122452,255,134324673,1619,8
2026-03-26T16:43:46.306,23.867,93,34,98.387749,255,134334636,1607,8
2026-03-26T16:43:46.307,23.868,94,34,97.714294,255,134344571,1596,8
2026-03-26T16:43:46.308,23.869,95,34,96.979591,255,134354533,1584,8
2026-03-26T16:43:46.308,23.870,96,34,96.244904,255,134364469,1572,8
2026-03-26T16:43:46.355,23.916,97,35,95.510201,255,134374429,1560,8
2026-03-26T16:43:46.358,23.919,98,34,94.836731,255,134384365,1549,8
2026-03-26T16:43:46.360,23.921,99,35,94.163261,255,134394330,1538,8
2026-03-26T16:43:46.362,23.923,100,35,93.367340,255,134404269,1525,8
2026-03-26T16:43:46.364,23.925,101,35,92.632652,255,134414228,1513,8
2026-03-26T16:43:46.366,23.927,102,35,91.959183,255,134424166,1502,8
2026-03-26T16:43:46.405,23.966,103,35,91.224495,255,134434126,1490,8
2026-03-26T16:43:46.407,23.968,104,35,90.489792,255,134444060,1478,8
2026-03-26T16:43:46.408,23.970,105,35,89.816330,255,134454023,1467,8
2026-03-26T16:43:46.410,23.971,106,35,89.081635,255,134463955,1455,8
2026-03-26T16:43:46.454,24.015,107,35,88.346939,255,134473913,1443,8
2026-03-26T16:43:46.455,24.016,108,35,87.612244,255,134483851,1431,8
2026-03-26T16:43:46.456,24.017,109,35,86.938774,255,134493815,1420,8
2026-03-26T16:43:46.457,24.018,110,35,86.204086,255,134503750,1408,8
2026-03-26T16:43:46.457,24.019,111,35,85.469391,255,134513712,1396,8
2026-03-26T16:43:46.504,24.065,112,35,84.857140,255,134523644,1386,8
2026-03-26T16:43:46.506,24.067,113,35,84.061226,255,134533598,1373,8
2026-03-26T16:43:46.507,24.068,114,35,83.326530,255,134543530,1361,8
2026-03-26T16:43:46.508,24.069,115,35,82.591835,255,134553491,1349,8
2026-03-26T16:43:46.509,24.070,116,35,81.918365,255,134563429,1338,8
2026-03-26T16:43:46.554,24.115,117,35,81.183678,255,134573389,1326,8
2026-03-26T16:43:46.556,24.117,118,35,80.448982,255,134583324,1314,8
2026-03-26T16:43:46.558,24.119,119,35,79.775513,255,134593288,1303,8
2026-03-26T16:43:46.559,24.120,120,35,79.040817,255,134603225,1291,8
2026-03-26T16:43:46.560,24.121,121,35,78.367348,255,134613185,1280,8
2026-03-26T16:43:46.604,24.166,122,35,77.632652,255,134623121,1268,8
2026-03-26T16:43:46.606,24.168,123,35,76.836731,255,134633086,1255,8
2026-03-26T16:43:46.608,24.169,124,35,76.163269,255,134643023,1244,8
2026-03-26T16:43:46.609,24.170,125,35,75.428574,255,134652996,1232,8
2026-03-26T16:43:46.610,24.171,126,35,74.755104,255,134662932,1221,8
2026-03-26T16:43:46.654,24.216,127,35,74.020409,255,134672887,1209,8
2026-03-26T16:43:46.658,24.219,128,35,73.285713,255,134682829,1197,8
2026-03-26T16:43:46.660,24.222,129,35,72.551018,255,134692790,1185,8
2026-03-26T16:43:46.662,24.224,130,35,71.816330,255,134702726,1173,8
2026-03-26T16:43:46.664,24.225,131,36,71.142860,255,134712683,1162,8
2026-03-26T16:43:46.666,24.228,132,36,70.408165,255,134722620,1150,8
2026-03-26T16:43:46.705,24.267,133,35,69.673470,255,134732589,1138,8
2026-03-26T16:43:46.707,24.268,134,35,69.000000,255,134742516,1127,8
2026-03-26T16:43:46.708,24.269,135,35,68.326530,255,134752475,1116,8
2026-03-26T16:43:46.710,24.271,136,35,67.530617,255,134762413,1103,8
2026-03-26T16:43:46.711,24.272,137,35,66.795921,255,134772381,1091,8
2026-03-26T16:43:46.754,24.316,138,35,66.122452,255,134782323,1080,8
2026-03-26T16:43:46.757,24.318,139,35,65.387756,255,134792286,1068,8
2026-03-26T16:43:46.759,24.321,140,35,64.653061,255,134802221,1056,8
2026-03-26T16:43:46.762,24.323,141,35,63.979591,255,134812180,1045,8
2026-03-26T16:43:46.763,24.325,142,35,63.244896,255,134822119,1033,8
2026-03-26T16:43:46.804,24.366,143,35,62.510204,255,134832081,1021,8
2026-03-26T16:43:46.807,24.368,144,35,61.836735,255,134842021,1010,8
2026-03-26T16:43:46.809,24.370,145,35,61.040817,255,134851977,997,8
2026-03-26T16:43:46.811,24.372,146,35,60.367348,255,134861914,986,8
2026-03-26T16:43:46.813,24.374,147,35,59.632652,255,134871876,974,8
2026-03-26T16:43:46.855,24.416,148,35,58.959183,255,134881806,963,8
2026-03-26T16:43:46.856,24.418,149,35,58.224491,255,134891778,951,8
2026-03-26T16:43:46.857,24.419,150,35,57.489796,255,134901709,939,8
2026-03-26T16:43:46.858,24.419,151,35,56.755104,255,134911676,927,8
2026-03-26T16:43:46.905,24.466,152,35,56.020409,255,134921611,915,8
2026-03-26T16:43:46.908,24.469,153,35,55.346939,255,134931569,904,8
2026-03-26T16:43:46.910,24.471,154,35,54.612244,255,134941505,892,8
2026-03-26T16:43:46.911,24.472,155,35,53.877548,255,134951461,880,8
2026-03-26T16:43:46.913,24.474,156,35,53.204082,255,134961392,869,8
2026-03-26T16:43:46.914,24.475,157,35,52.530613,255,134971351,858,8
2026-03-26T16:43:46.954,24.516,158,35,51.795918,255,134981287,846,8
2026-03-26T16:43:46.956,24.518,159,35,51.000000,255,134991248,833,8
2026-03-26T16:43:46.958,24.519,160,35,50.326530,255,135001191,822,8
2026-03-26T16:43:46.959,24.520,161,35,49.591835,255,135011157,810,8
2026-03-26T16:43:46.960,24.521,162,35,48.857147,255,135021088,798,8
2026-03-26T16:43:47.005,24.566,163,35,48.183674,255,135031061,787,8
2026-03-26T16:43:47.009,24.570,164,35,47.448978,255,135040998,775,8
2026-03-26T16:43:47.011,24.573,165,35,46.714287,255,135050959,763,8
2026-03-26T16:43:47.014,24.575,166,35,45.979591,255,135060896,751,8
2026-03-26T16:43:47.016,24.578,167,35,45.306122,255,135070856,740,8
2026-03-26T16:43:47.019,24.580,168,35,44.571430,255,135080790,728,8
2026-03-26T16:43:47.055,24.616,169,35,43.836735,255,135090752,716,8
2026-03-26T16:43:47.056,24.618,170,35,43.163265,255,135100687,705,8
2026-03-26T16:43:47.057,24.619,171,35,42.489796,255,135110647,694,8
2026-03-26T16:43:47.060,24.621,172,35,41.693878,255,135120586,681,8
2026-03-26T16:43:47.105,24.666,173,35,40.959183,255,135130549,669,8
2026-03-26T16:43:47.108,24.670,174,35,40.224491,255,135140482,657,8
2026-03-26T16:43:47.111,24.672,175,35,39.551022,255,135150442,646,8
2026-03-26T16:43:47.113,24.674,176,35,38.816326,255,135160374,634,8
2026-03-26T16:43:47.115,24.677,177,35,38.081635,255,135170338,622,8
2026-03-26T16:43:47.118,24.679,178,35,37.408161,255,135180268,611,8
2026-03-26T16:43:47.155,24.716,179,35,36.673470,255,135190231,599,8
2026-03-26T16:43:47.156,24.717,180,35,36.000000,255,135200164,588,8
2026-03-26T16:43:47.157,24.718,181,35,35.204082,255,135210125,575,8
2026-03-26T16:43:47.158,24.719,182,34,34.530613,255,135220058,564,8
2026-03-26T16:43:47.205,24.766,183,34,33.795921,255,135230015,552,8
2026-03-26T16:43:47.209,24.770,184,34,33.122448,255,135239953,541,8
2026-03-26T16:43:47.212,24.773,185,34,32.387753,255,135249918,529,8
2026-03-26T16:43:47.214,24.775,186,34,31.653063,255,135259852,517,8
2026-03-26T16:43:47.217,24.778,187,34,30.918367,255,135269814,505,8
2026-03-26T16:43:47.220,24.781,188,34,30.183674,255,135279748,493,8
2026-03-26T16:43:47.255,24.816,189,34,29.510206,255,135289709,482,8
2026-03-26T16:43:47.257,24.818,190,35,28.775511,255,135299639,470,8
2026-03-26T16:43:47.258,24.819,191,35,28.040815,255,135309599,458,8
2026-03-26T16:43:47.260,24.821,192,35,27.367346,255,135319535,447,8
2026-03-26T16:43:47.305,24.866,193,35,26.632654,255,135329497,435,8
2026-03-26T16:43:47.308,24.869,194,35,25.959183,255,135339434,424,8
2026-03-26T16:43:47.311,24.872,195,35,25.163265,255,135349392,411,8
2026-03-26T16:43:47.314,24.875,196,35,24.428574,255,135359323,399,8
2026-03-26T16:43:47.316,24.878,197,35,23.755102,255,135369286,388,8
2026-03-26T16:43:47.319,24.880,198,35,23.020407,255,135379224,376,8
2026-03-26T16:43:47.355,24.916,199,35,22.285715,255,135389185,364,8
2026-03-26T16:43:47.356,24.918,200,35,21.612246,255,135399113,353,8
2026-03-26T16:43:47.357,24.919,201,35,20.877550,255,135409076,341,8
2026-03-26T16:43:47.359,24.920,202,35,20.204081,255,135419010,330,8
2026-03-26T16:43:47.405,24.966,203,35,19.408163,255,135428973,317,8
2026-03-26T16:43:47.407,24.968,204,34,18.734694,255,135438914,306,8
2026-03-26T16:43:47.408,24.969,205,34,18.000000,255,135448870,294,8
2026-03-26T16:43:47.409,24.971,206,34,17.265306,255,135458809,282,8
2026-03-26T16:43:47.410,24.972,207,34,16.653061,255,135468769,272,8
2026-03-26T16:43:47.455,25.016,208,34,15.857143,255,135478705,259,8
2026-03-26T16:43:47.457,25.019,209,34,15.122449,255,135488665,247,8
2026-03-26T16:43:47.459,25.021,210,34,14.387755,255,135498605,235,8
2026-03-26T16:43:47.461,25.022,211,34,13.714286,255,135508567,224,8
2026-03-26T16:43:47.462,25.023,212,34,12.979591,255,135518501,212,8
2026-03-26T16:43:47.463,25.024,213,34,12.244899,255,135528466,200,8
2026-03-26T16:43:47.504,25.066,214,34,11.571429,255,135538398,189,8
2026-03-26T16:43:47.507,25.068,215,34,10.897960,255,135548358,178,8
2026-03-26T16:43:47.509,25.070,216,34,10.163265,255,135558283,166,8
2026-03-26T16:43:47.510,25.071,217,34,9.367347,255,135568245,153,8
2026-03-26T16:43:47.555,25.116,218,34,8.693877,255,135578180,142,8
2026-03-26T16:43:47.558,25.119,219,34,7.959184,255,135588140,130,8
2026-03-26T16:43:47.560,25.122,220,34,7.224490,255,135598080,118,8
2026-03-26T16:43:47.563,25.125,221,34,6.551021,255,135608035,107,8
2026-03-26T16:43:47.566,25.127,222,34,5.816327,255,135617973,95,8
2026-03-26T16:43:47.568,25.130,223,34,5.081633,255,135627920,83,8
2026-03-26T16:43:47.605,25.166,224,34,4.408163,255,135637852,72,8
2026-03-26T16:43:47.607,25.168,225,34,3.673469,255,135647811,60,8
2026-03-26T16:43:47.608,25.169,226,34,2.938775,255,135657744,48,8
2026-03-26T16:43:47.609,25.171,227,34,2.204082,255,135667701,36,8
2026-03-26T16:43:47.654,25.216,228,34,1.591837,255,135677623,26,8
2026-03-26T16:43:47.658,25.219,229,34,0.857143,255,135687577,14,8
2026-03-26T16:43:47.661,25.222,230,34,0.061224,255,135697506,1,8
2026-03-26T16:43:47.663,25.224,231,34,359.326538,255,135707460,5869,8
2026-03-26T16:43:47.665,25.227,232,34,358.653046,255,135717388,5858,8
2026-03-26T16:43:47.667,25.228,233,34,357.918365,255,135727341,5846,8
2026-03-26T16:43:47.704,25.265,234,34,357.183685,255,135737269,5834,8
2026-03-26T16:43:47.706,25.267,235,34,356.510223,255,135747221,5823,8
2026-03-26T16:43:47.708,25.269,236,33,355.775513,255,135757153,5811,8
2026-03-26T16:43:47.709,25.271,237,33,355.040802,255,135767108,5799,8
2026-03-26T16:43:47.711,25.272,238,33,354.367340,255,135777033,5788,8
2026-03-26T16:43:47.757,25.319,239,33,353.632660,255,135786993,5776,8
2026-03-26T16:43:47.758,25.320,240,33,352.897949,255,135796921,5764,8
2026-03-26T16:43:47.759,25.320,241,33,352.224487,255,135806883,5753,8
2026-03-26T16:43:47.761,25.322,242,33,351.551025,255,135816817,5742,8
2026-03-26T16:43:47.762,25.323,243,33,350.755127,255,135826778,5729,8
2026-03-26T16:43:47.805,25.366,244,33,350.020416,255,135836715,5717,8
2026-03-26T16:43:47.807,25.368,245,33,349.285706,255,135846677,5705,8
2026-03-26T16:43:47.808,25.370,246,33,348.612244,255,135856613,5694,8
2026-03-26T16:43:47.810,25.371,247,33,347.877563,255,135866578,5682,8
2026-03-26T16:43:47.811,25.373,248,33,347.142853,255,135876511,5670,8
2026-03-26T16:43:47.855,25.416,249,33,346.469391,255,135886473,5659,8
2026-03-26T16:43:47.858,25.420,250,33,345.795929,255,135896408,5648,8
2026-03-26T16:43:47.861,25.422,251,33,345.000000,255,135906362,5635,8
2026-03-26T16:43:47.863,25.424,252,33,344.265289,255,135916293,5623,8
2026-03-26T16:43:47.865,25.426,253,33,343.591827,255,135926251,5612,8
2026-03-26T16:43:47.904,25.466,254,33,342.857147,255,135936187,5600,8
2026-03-26T16:43:47.907,25.468,255,33,342.183685,255,135946151,5589,8
2026-03-26T16:43:47.908,25.470,0,33,341.448975,255,135956085,5577,8
2026-03-26T16:43:47.910,25.471,1,33,340.714294,255,135966037,5565,8
2026-03-26T16:43:47.911,25.472,2,33,339.979584,255,135975973,5553,8
2026-03-26T16:43:47.955,25.516,3,33,339.244904,255,135985929,5541,8
2026-03-26T16:43:47.957,25.518,4,33,338.571411,255,135995867,5530,8
2026-03-26T16:43:47.959,25.520,5,33,337.836731,255,136005830,5518,8
2026-03-26T16:43:47.960,25.522,6,33,337.102051,255,136015763,5506,8
2026-03-26T16:43:47.962,25.523,7,33,336.489807,255,136025724,5496,8
2026-03-26T16:43:48.005,25.566,8,33,335.693878,255,136035657,5483,8
2026-03-26T16:43:48.008,25.569,9,33,334.959167,255,136045614,5471,8
2026-03-26T16:43:48.011,25.572,10,33,334.224487,255,136055554,5459,8
2026-03-26T16:43:48.013,25.574,11,34,333.551025,255,136065513,5448,8
2026-03-26T16:43:48.016,25.577,12,34,332.816315,255,136075448,5436,8
2026-03-26T16:43:48.018,25.579,13,34,332.081635,255,136085411,5424,8
2026-03-26T16:43:48.055,25.616,14,34,331.408173,255,136095346,5413,8
2026-03-26T16:43:48.056,25.617,15,34,330.734711,255,136105310,5402,8
2026-03-26T16:43:48.057,25.618,16,34,330.000000,255,136115245,5390,8
2026-03-26T16:43:48.058,25.619,17,34,329.204071,255,136125208,5377,8
2026-03-26T16:43:48.105,25.666,18,35,328.530609,255,136135143,5366,8
2026-03-26T16:43:48.109,25.671,19,37,327.795929,255,136145104,5354,8
2026-03-26T16:43:48.112,25.673,20,40,327.061218,255,136155045,5342,8
2026-03-26T16:43:48.114,25.676,21,41,326.387756,255,136164998,5331,8
2026-03-26T16:43:48.117,25.678,22,42,325.653076,255,136174935,5319,8
2026-03-26T16:43:48.119,25.681,23,42,324.918365,255,136184906,5307,8
2026-03-26T16:43:48.170,25.731,24,42,324.244873,255,136194843,5296,8
2026-03-26T16:43:48.171,25.732,25,43,323.510193,255,136204810,5284,8
2026-03-26T16:43:48.172,25.733,26,43,322.775513,255,136214751,5272,8
2026-03-26T16:43:48.172,25.734,27,43,322.040833,255,136224714,5260,8
2026-03-26T16:43:48.173,25.735,28,43,321.367340,255,136234652,5249,8
2026-03-26T16:43:48.206,25.768,29,44,320.693878,255,136244613,5238,8
2026-03-26T16:43:48.209,25.770,30,44,319.897949,255,136254545,5225,8
2026-03-26T16:43:48.210,25.772,31,44,319.163269,255,136264512,5213,8
2026-03-26T16:43:48.211,25.773,32,44,318.428558,255,136274455,5201,8
2026-03-26T16:43:48.255,25.817,33,44,317.755096,255,136284418,5190,8
2026-03-26T16:43:48.257,25.818,34,45,317.020416,255,136294354,5178,8
2026-03-26T16:43:48.258,25.819,35,45,316.285736,255,136304317,5166,8
2026-03-26T16:43:48.259,25.820,36,46,315.612244,255,136314246,5155,8
2026-03-26T16:43:48.260,25.821,37,47,314.877533,255,136324205,5143,8
2026-03-26T16:43:48.304,25.865,38,48,314.204102,255,136334138,5132,8
2026-03-26T16:43:48.306,25.867,39,50,313.408173,255,136344101,5119,8
2026-03-26T16:43:48.307,25.868,40,56,312.734680,255,136354027,5108,8
2026-03-26T16:43:48.309,25.870,41,57,312.000000,255,136363989,5096,8
2026-03-26T16:43:48.309,25.871,42,57,311.326538,255,136373923,5085,8
2026-03-26T16:43:48.355,25.916,43,53,310.591858,255,136383891,5073,8
2026-03-26T16:43:48.356,25.918,44,46,309.918365,255,136393825,5062,8
2026-03-26T16:43:48.357,25.919,45,41,309.183685,255,136403778,5050,8
2026-03-26T16:43:48.358,25.919,46,38,308.571442,255,136413715,5040,8
2026-03-26T16:43:48.359,25.920,47,40,307.775513,255,136423671,5027,8
2026-03-26T16:43:48.405,25.966,48,52,307.102020,255,136433597,5016,8
2026-03-26T16:43:48.407,25.968,49,53,306.367340,255,136443553,5004,8
2026-03-26T16:43:48.409,25.970,50,49,305.755127,255,136453479,4994,8
2026-03-26T16:43:48.411,25.972,51,49,304.959167,255,136463433,4981,8
2026-03-26T16:43:48.413,25.974,52,49,304.224487,255,136473364,4969,8
2026-03-26T16:43:48.415,25.976,53,49,303.551025,255,136483337,4958,8
2026-03-26T16:43:48.454,26.016,54,49,302.816345,255,136493272,4946,8
2026-03-26T16:43:48.456,26.017,55,49,302.142853,255,136503228,4935,8
2026-03-26T16:43:48.457,26.018,56,49,301.408142,255,136513163,4923,8
2026-03-26T16:43:48.459,26.020,57,49,300.734711,255,136523121,4912,8
2026-03-26T16:43:48.505,26.066,58,49,300.000000,255,136533056,4900,8
2026-03-26T16:43:48.509,26.070,59,44,299.265289,255,136543012,4888,8
2026-03-26T16:43:48.511,26.073,60,30,298.591827,255,136552945,4877,8
2026-03-26T16:43:48.605,26.167,61,29,291.428589,255,136652422,4760,8
2026-03-26T16:43:48.609,26.170,62,30,290.693878,255,136662384,4748,8
2026-03-26T16:43:48.612,26.173,63,30,290.020416,255,136672316,4737,8
2026-03-26T16:43:48.614,26.175,64,29,289.285706,255,136682270,4725,8
2026-03-26T16:43:48.654,26.215,65,29,288.612244,255,136692209,4714,8
2026-03-26T16:43:48.655,26.217,66,29,287.816315,255,136702170,4701,8
2026-03-26T16:43:48.656,26.218,67,30,287.142853,255,136712105,4690,8
2026-03-26T16:43:48.657,26.219,68,32,286.408173,255,136722073,4678,8
2026-03-26T16:43:48.705,26.266,69,45,285.734711,255,136732009,4667,8
2026-03-26T16:43:48.707,26.269,70,48,285.000000,255,136741973,4655,8
2026-03-26T16:43:48.710,26.271,71,49,284.265289,255,136751912,4643,8
2026-03-26T16:43:48.712,26.273,72,50,283.591858,255,136761873,4632,8
2026-03-26T16:43:48.714,26.275,73,51,282.857147,255,136771809,4620,8
2026-03-26T16:43:48.715,26.277,74,51,282.244904,255,136781767,4610,8
2026-03-26T16:43:48.754,26.316,75,51,281.448975,255,136791704,4597,8
2026-03-26T16:43:48.757,26.318,76,51,280.714294,255,136801662,4585,8
2026-03-26T16:43:48.758,26.320,77,51,279.979584,255,136811597,4573,8
2026-03-26T16:43:48.760,26.321,78,51,279.306122,255,136821557,4562,8
2026-03-26T16:43:48.761,26.322,79,51,278.571442,255,136831488,4550,8
2026-03-26T16:43:48.805,26.366,80,50,277.836731,255,136841447,4538,8
2026-03-26T16:43:48.807,26.369,81,50,277.163269,255,136851380,4527,8
2026-03-26T16:43:48.809,26.371,82,50,276.428558,255,136861339,4515,8
2026-03-26T16:43:48.811,26.372,83,49,275.755096,255,136871267,4504,8
2026-03-26T16:43:48.812,26.374,84,49,274.959198,255,136881237,4491,8
2026-03-26T16:43:48.854,26.415,85,49,274.285706,255,136891170,4480,8
2026-03-26T16:43:48.856,26.417,86,49,273.551025,255,136901131,4468,8
2026-03-26T16:43:48.858,26.419,87,49,272.816315,255,136911065,4456,8
2026-03-26T16:43:48.860,26.422,88,50,272.142853,255,136921019,4445,8
2026-03-26T16:43:48.862,26.423,89,50,271.408173,255,136930957,4433,8
2026-03-26T16:43:48.904,26.466,90,50,270.673462,255,136940918,4421,8
2026-03-26T16:43:48.907,26.469,91,51,269.938782,255,136950854,4409,8
2026-03-26T16:43:48.912,26.473,92,54,269.204102,255,136960812,4397,8
2026-03-26T16:43:48.914,26.475,93,121,268.530609,255,136970728,4386,8
2026-03-26T16:43:48.916,26.477,94,200,267.795898,255,136980687,4374,8
2026-03-26T16:43:48.965,26.526,95,189,267.183685,255,136990621,4364,8
2026-03-26T16:43:48.966,26.527,96,146,266.387756,255,137000566,4351,8
2026-03-26T16:43:48.969,26.530,97,114,265.714294,255,137010490,4340,8
2026-03-26T16:43:48.969,26.531,98,95,264.979584,255,137020474,4328,8
2026-03-26T16:43:48.970,26.532,99,88,264.306122,255,137030405,4317,8
2026-03-26T16:43:48.971,26.533,100,85,263.571442,255,137040363,4305,8
2026-03-26T16:43:49.005,26.566,101,89,262.897949,255,137050285,4294,8
2026-03-26T16:43:49.006,26.567,102,102,262.163269,255,137060231,4282,8
2026-03-26T16:43:49.007,26.568,103,135,261.489807,255,137070156,4271,8
2026-03-26T16:43:49.008,26.569,104,158,260.816345,255,137080117,4260,8
2026-03-26T16:43:49.055,26.616,105,159,260.081635,255,137090044,4248,8
2026-03-26T16:43:49.058,26.619,106,159,259.408173,255,137100011,4237,8
2026-03-26T16:43:49.060,26.621,107,164,258.673462,255,137109948,4225,8
2026-03-26T16:43:49.061,26.623,108,183,258.000000,255,137119905,4214,8
2026-03-26T16:43:49.063,26.624,109,197,257.265289,255,137129833,4202,8
2026-03-26T16:43:49.104,26.665,110,200,256.591827,255,137139790,4191,8
2026-03-26T16:43:49.106,26.667,111,202,255.857147,255,137149719,4179,8
2026-03-26T16:43:49.109,26.670,112,202,255.183670,255,137159674,4168,8
2026-03-26T16:43:49.110,26.672,113,202,254.510193,255,137169603,4157,8
2026-03-26T16:43:49.112,26.673,114,202,253.775513,255,137179563,4145,8
2026-03-26T16:43:49.155,26.716,115,201,253.102036,255,137189494,4134,8
2026-03-26T16:43:49.156,26.717,116,201,252.367355,255,137199454,4122,8
2026-03-26T16:43:49.157,26.718,117,200,251.693878,255,137209381,4111,8
2026-03-26T16:43:49.159,26.720,118,199,250.959198,255,137219342,4099,8
2026-03-26T16:43:49.160,26.721,119,192,250.285721,255,137229276,4088,8
2026-03-26T16:43:49.205,26.766,120,180,249.551010,255,137239233,4076,8
2026-03-26T16:43:49.208,26.769,121,166,248.877563,255,137249169,4065,8
2026-03-26T16:43:49.211,26.772,122,155,248.142853,255,137259126,4053,8
2026-03-26T16:43:49.214,26.775,123,150,247.469376,255,137269053,4042,8
2026-03-26T16:43:49.216,26.777,124,145,246.795914,255,137279015,4031,8
2026-03-26T16:43:49.218,26.780,125,142,246.061218,255,137288940,4019,8
2026-03-26T16:43:49.254,26.815,126,142,245.387756,255,137298911,4008,8
2026-03-26T16:43:49.256,26.817,127,145,244.714279,255,137308842,3997,8
2026-03-26T16:43:49.257,26.818,128,151,243.979584,255,137318804,3985,8
2026-03-26T16:43:49.258,26.820,129,163,243.244904,255,137328733,3973,8
2026-03-26T16:43:49.305,26.866,130,180,242.571426,255,137338692,3962,8
2026-03-26T16:43:49.308,26.870,131,190,241.959183,255,137348624,3952,8
2026-03-26T16:43:49.311,26.872,132,197,241.163269,255,137358583,3939,8
2026-03-26T16:43:49.313,26.874,133,197,240.489807,255,137368514,3928,8
2026-03-26T16:43:49.315,26.876,134,198,239.755112,255,137378474,3916,8
2026-03-26T16:43:49.317,26.878,135,198,239.142853,255,137388408,3906,8
2026-03-26T16:43:49.355,26.916,136,198,238.346924,255,137398369,3893,8
2026-03-26T16:43:49.356,26.918,137,198,237.673462,255,137408296,3882,8
2026-03-26T16:43:49.358,26.919,138,199,237.000015,255,137418254,3871,8
2026-03-26T16:43:49.359,26.920,139,199,236.326538,255,137428186,3860,8
2026-03-26T16:43:49.405,26.966,140,199,235.591827,255,137438144,3848,8
2026-03-26T16:43:49.407,26.969,141,199,234.857147,255,137448068,3836,8
2026-03-26T16:43:49.409,26.970,142,199,234.183670,255,137458024,3825,8
2026-03-26T16:43:49.411,26.972,143,199,233.448975,255,137467950,3813,8
2026-03-26T16:43:49.412,26.973,144,199,232.775513,255,137477900,3802,8
2026-03-26T16:43:49.413,26.974,145,199,232.163254,255,137487828,3792,8
2026-03-26T16:43:49.455,27.016,146,199,231.367355,255,137497781,3779,8
2026-03-26T16:43:49.457,27.018,147,199,230.755096,255,137507705,3769,8
2026-03-26T16:43:49.458,27.020,148,199,229.959183,255,137517659,3756,8
2026-03-26T16:43:49.460,27.021,149,199,229.346939,255,137527582,3746,8
2026-03-26T16:43:49.504,27.066,150,199,228.551025,255,137537536,3733,8
2026-03-26T16:43:49.509,27.070,151,199,227.877563,255,137547463,3722,8
2026-03-26T16:43:49.512,27.073,152,199,227.142853,255,137557420,3710,8
2026-03-26T16:43:49.514,27.076,153,199,226.530624,255,137567348,3700,8
2026-03-26T16:43:49.517,27.078,154,199,225.734695,255,137577303,3687,8
2026-03-26T16:43:49.519,27.080,155,199,225.122452,255,137587229,3677,8
2026-03-26T16:43:49.554,27.115,156,199,224.387741,255,137597186,3665,8
2026-03-26T16:43:49.556,27.117,157,199,223.714279,255,137607119,3654,8
2026-03-26T16:43:49.557,27.119,158,199,222.979584,255,137617076,3642,8
2026-03-26T16:43:49.558,27.120,159,199,222.244904,255,137627005,3630,8
2026-03-26T16:43:49.605,27.166,160,200,221.571426,255,137636960,3619,8
2026-03-26T16:43:49.608,27.169,161,200,220.836746,255,137646889,3607,8
2026-03-26T16:43:49.610,27.172,162,200,220.163269,255,137656839,3596,8
2026-03-26T16:43:49.614,27.176,163,201,219.551010,255,137666763,3586,8
2026-03-26T16:43:49.617,27.178,164,201,218.755112,255,137676715,3573,8
2026-03-26T16:43:49.619,27.180,165,202,218.081635,255,137686643,3562,8
2026-03-26T16:43:49.654,27.215,166,202,217.346924,255,137696597,3550,8
2026-03-26T16:43:49.655,27.216,167,202,216.734695,255,137706528,3540,8
2026-03-26T16:43:49.656,27.217,168,201,215.938766,255,137716494,3527,8
2026-03-26T16:43:49.657,27.218,169,201,215.265305,255,137726425,3516,8
2026-03-26T16:43:49.705,27.266,170,217,214.591827,255,137736376,3505,8
2026-03-26T16:43:49.708,27.270,171,224,213.857132,255,137746303,3493,8
2026-03-26T16:43:49.711,27.272,172,219,213.183670,255,137756264,3482,8
2026-03-26T16:43:49.713,27.274,173,169,212.510193,255,137766176,3471,8
2026-03-26T16:43:49.714,27.276,174,66,211.775513,255,137776162,3459,8
2026-03-26T16:43:49.716,27.277,175,53,211.040817,255,137786099,3447,8
2026-03-26T16:43:49.755,27.316,176,50,210.367355,255,137796051,3436,8
2026-03-26T16:43:49.756,27.317,177,50,209.693878,255,137805984,3425,8
2026-03-26T16:43:49.757,27.318,178,50,208.959183,255,137815934,3413,8
2026-03-26T16:43:49.758,27.319,179,50,208.224503,255,137825862,3401,8
2026-03-26T16:43:49.804,27.366,180,49,207.551025,255,137835814,3390,8
2026-03-26T16:43:49.807,27.368,181,49,206.816315,255,137845742,3378,8
2026-03-26T16:43:49.809,27.370,182,49,206.204086,255,137855695,3368,8
2026-03-26T16:43:49.811,27.372,183,45,205.469376,255,137865623,3356,8
2026-03-26T16:43:49.813,27.374,184,35,204.673462,255,137875573,3343,8
2026-03-26T16:43:49.814,27.375,185,29,204.000000,255,137885506,3332,8
2026-03-26T16:43:49.855,27.417,186,29,203.265305,255,137895456,3320,8
2026-03-26T16:43:49.857,27.419,187,28,202.591843,255,137905383,3309,8
2026-03-26T16:43:49.859,27.421,188,28,200.448990,255,137935216,3274,8
2026-03-26T16:43:49.904,27.465,189,29,199.775513,255,137945143,3263,8
2026-03-26T16:43:49.905,27.467,190,29,199.040802,255,137955105,3251,8
2026-03-26T16:43:49.907,27.468,191,28,198.367340,255,137965030,3240,8
2026-03-26T16:43:50.505,28.066,192,29,155.142853,255,138571789,2534,8
2026-03-26T16:43:50.509,28.070,193,32,154.408157,255,138581722,2522,8
2026-03-26T16:43:50.512,28.073,194,32,153.795929,255,138591688,2512,8
2026-03-26T16:43:50.554,28.116,195,32,153.000000,255,138601629,2499,8
2026-03-26T16:43:50.556,28.117,196,30,152.265305,255,138611585,2487,8
2026-03-26T16:43:50.557,28.119,197,31,151.591827,255,138621522,2476,8
2026-03-26T16:43:50.558,28.120,198,30,150.857147,255,138631486,2464,8
2026-03-26T16:43:50.604,28.166,199,29,150.183670,255,138641420,2453,8
2026-03-26T16:43:50.606,28.168,200,29,149.448990,255,138651385,2441,8
2026-03-26T16:43:50.608,28.169,201,29,148.775513,255,138661320,2430,8
2026-03-26T16:43:50.609,28.170,202,29,148.040817,255,138671291,2418,8
2026-03-26T16:43:50.610,28.171,203,31,147.367340,255,138681232,2407,8
2026-03-26T16:43:50.611,28.172,204,30,146.632660,255,138691200,2395,8
2026-03-26T16:43:50.654,28.215,205,29,145.959183,255,138701134,2384,8
2026-03-26T16:43:50.905,28.466,206,39,126.000000,255,138979725,2058,8
2026-03-26T16:43:50.908,28.469,207,49,125.265312,255,138989683,2046,8
2026-03-26T16:43:50.954,28.515,208,54,124.653053,255,138999616,2036,8
2026-03-26T16:43:50.956,28.517,209,55,123.857140,255,139009585,2023,8
2026-03-26T16:43:50.957,28.518,210,54,123.122452,255,139019516,2011,8
2026-03-26T16:43:50.958,28.519,211,54,122.387756,255,139029478,1999,8
2026-03-26T16:43:50.958,28.520,212,55,121.714287,255,139039417,1988,8
2026-03-26T16:43:51.005,28.566,213,56,120.979591,255,139049381,1976,8
2026-03-26T16:43:51.007,28.568,214,56,120.306122,255,139059314,1965,8
2026-03-26T16:43:51.007,28.569,215,56,119.571426,255,139069280,1953,8
2026-03-26T16:43:51.008,28.569,216,57,118.897957,255,139079212,1942,8
2026-03-26T16:43:51.009,28.570,217,57,118.102043,255,139089183,1929,8
2026-03-26T16:43:51.055,28.616,218,58,117.428574,255,139099118,1918,8
2026-03-26T16:43:51.058,28.619,219,59,116.693878,255,139109073,1906,8
2026-03-26T16:43:51.059,28.620,220,58,115.959183,255,139119015,1894,8
2026-03-26T16:43:51.060,28.621,221,59,115.285713,255,139128978,1883,8
2026-03-26T16:43:51.061,28.622,222,61,114.551018,255,139138915,1871,8
2026-03-26T16:43:51.105,28.666,223,61,113.816330,255,139148879,1859,8
2026-03-26T16:43:51.106,28.667,224,62,113.142860,255,139158815,1848,8
2026-03-26T16:43:51.107,28.668,225,64,112.408157,255,139168777,1836,8
2026-03-26T16:43:51.109,28.670,226,64,111.795921,255,139178706,1826,8
2026-03-26T16:43:51.110,28.671,227,64,111.000000,255,139188664,1813,8
2026-03-26T16:43:51.154,28.715,228,64,110.326530,255,139198604,1802,8
2026-03-26T16:43:51.155,28.717,229,64,109.591843,255,139208561,1790,8
2026-03-26T16:43:51.156,28.717,230,64,108.979591,255,139218498,1780,8
2026-03-26T16:43:51.157,28.718,231,64,108.183670,255,139228464,1767,8
2026-03-26T16:43:51.158,28.719,232,64,107.510201,255,139238405,1756,8
2026-03-26T16:43:51.204,28.766,233,64,106.836731,255,139248369,1745,8
2026-03-26T16:43:51.206,28.767,234,64,106.163269,255,139258307,1734,8
2026-03-26T16:43:51.207,28.769,235,65,105.428574,255,139268268,1722,8
2026-03-26T16:43:51.210,28.771,236,66,104.693878,255,139278210,1710,8
2026-03-26T16:43:51.211,28.772,237,66,104.020409,255,139288176,1699,8
2026-03-26T16:43:51.254,28.815,238,67,103.285713,255,139298117,1687,8
2026-03-26T16:43:51.256,28.817,239,68,102.612244,255,139308080,1676,8
2026-03-26T16:43:51.257,28.818,240,68,101.938782,255,139318018,1665,8
2026-03-26T16:43:51.258,28.820,241,68,101.204079,255,139327976,1653,8
2026-03-26T16:43:51.259,28.820,242,68,100.530609,255,139337918,1642,8
2026-03-26T16:43:51.305,28.866,243,62,99.918365,255,139347883,1632,8
2026-03-26T16:43:51.306,28.867,244,37,99.122452,255,139357823,1619,8
2026-03-26T16:43:51.308,28.869,245,31,98.448982,255,139367783,1608,8
2026-03-26T16:43:51.309,28.870,246,30,97.714294,255,139377716,1596,8
2026-03-26T16:43:51.310,28.871,247,40,97.040817,255,139387678,1585,8
2026-03-26T16:43:51.354,28.916,248,40,96.306122,255,139397615,1573,8
2026-03-26T16:43:51.356,28.918,249,38,94.285721,255,139427622,1540,8
2026-03-26T16:43:51.357,28.919,250,77,93.489799,255,139437412,1527,8
2026-03-26T16:43:51.405,28.966,251,80,92.816330,255,139447379,1516,8
2026-03-26T16:43:51.408,28.969,252,82,92.081627,255,139457317,1504,8
2026-03-26T16:43:51.410,28.972,253,85,91.408157,255,139467278,1493,8
2026-03-26T16:43:51.412,28.973,254,87,90.734688,255,139477221,1482,8
2026-03-26T16:43:51.414,28.975,255,88,89.938774,255,139487183,1469,8
2026-03-26T16:43:51.415,28.977,0,89,89.265305,255,139497114,1458,8
2026-03-26T16:43:51.454,29.015,1,91,88.530609,255,139507071,1446,8
2026-03-26T16:43:51.456,29.017,2,91,87.857140,255,139517003,1435,8
2026-03-26T16:43:51.457,29.018,3,91,87.122452,255,139526973,1423,8
2026-03-26T16:43:51.458,29.020,4,89,86.387756,255,139536896,1411,8
2026-03-26T16:43:51.505,29.067,5,81,85.653061,255,139546863,1399,8
2026-03-26T16:43:51.508,29.070,6,64,84.979591,255,139556801,1388,8
2026-03-26T16:43:51.511,29.072,7,61,84.306122,255,139566761,1377,8
2026-03-26T16:43:51.513,29.075,8,60,83.571426,255,139576692,1365,8
2026-03-26T16:43:51.515,29.076,9,60,82.836739,255,139586658,1353,8
2026-03-26T16:43:51.517,29.078,10,59,82.163269,255,139596592,1342,8
2026-03-26T16:43:51.554,29.115,11,59,81.489799,255,139606552,1331,8
2026-03-26T16:43:51.556,29.117,12,59,80.755104,255,139616492,1319,8
2026-03-26T16:43:51.557,29.118,13,58,80.081635,255,139626462,1308,8
2026-03-26T16:43:51.559,29.120,14,56,79.346939,255,139636394,1296,8
2026-03-26T16:43:51.604,29.166,15,54,78.734695,255,139646357,1286,8
2026-03-26T16:43:51.607,29.169,16,52,77.938774,255,139656289,1273,8
2026-03-26T16:43:51.610,29.171,17,48,77.265305,255,139666255,1262,8
2026-03-26T16:43:51.612,29.174,18,54,76.591835,255,139676192,1251,8
2026-03-26T16:43:51.615,29.176,19,84,75.918365,255,139686152,1240,8
2026-03-26T16:43:51.617,29.179,20,101,75.183678,255,139696072,1228,8
2026-03-26T16:43:51.654,29.215,21,102,74.448982,255,139706038,1216,8
2026-03-26T16:43:51.655,29.217,22,96,73.775513,255,139715999,1205,8
2026-03-26T16:43:51.657,29.218,23,98,73.040817,255,139725973,1193,8
2026-03-26T16:43:51.657,29.219,24,102,72.367348,255,139735889,1182,8
2026-03-26T16:43:51.705,29.266,25,105,71.693878,255,139745856,1171,8
2026-03-26T16:43:51.707,29.268,26,109,70.959183,255,139755806,1159,8
2026-03-26T16:43:51.708,29.269,27,111,70.285713,255,139765773,1148,8
2026-03-26T16:43:51.711,29.272,28,113,69.673470,255,139775715,1138,8
2026-03-26T16:43:51.714,29.275,29,114,68.877548,255,139785683,1125,8
2026-03-26T16:43:51.715,29.276,30,115,68.204079,255,139795626,1114,8
2026-03-26T16:43:51.755,29.316,31,116,67.469383,255,139805594,1102,8
2026-03-26T16:43:51.757,29.318,32,115,66.857147,255,139815530,1092,8
2026-03-26T16:43:51.758,29.319,33,103,66.061226,255,139825495,1079,8
2026-03-26T16:43:51.759,29.320,34,65,65.387756,255,139835452,1068,8
2026-03-26T16:43:51.760,29.322,35,55,64.714287,255,139845415,1057,8
2026-03-26T16:43:51.804,29.365,36,53,63.979591,255,139855354,1045,8
2026-03-26T16:43:51.805,29.366,37,52,63.306126,255,139865314,1034,8
2026-03-26T16:43:51.806,29.367,38,52,62.571430,255,139875253,1022,8
2026-03-26T16:43:51.809,29.371,39,53,61.897961,255,139885219,1011,8
2026-03-26T16:43:51.811,29.372,40,58,61.163265,255,139895157,999,8
2026-03-26T16:43:51.855,29.416,41,60,60.428570,255,139905119,987,8
2026-03-26T16:43:51.857,29.419,42,60,59.755100,255,139915058,976,8
2026-03-26T16:43:51.860,29.421,43,69,59.020412,255,139925021,964,8
2026-03-26T16:43:51.862,29.423,44,102,58.346939,255,139934941,953,8
2026-03-26T16:43:51.864,29.426,45,108,57.612247,255,139944900,941,8
2026-03-26T16:43:51.905,29.466,46,108,56.877552,255,139954840,929,8
2026-03-26T16:43:51.907,29.468,47,108,56.204079,255,139964803,918,8
2026-03-26T16:43:51.908,29.469,48,106,55.469387,255,139974738,906,8
2026-03-26T16:43:51.909,29.471,49,101,54.857143,255,139984697,896,8
2026-03-26T16:43:51.911,29.472,50,82,54.061226,255,139994660,883,8
2026-03-26T16:43:51.954,29.516,51,65,53.326530,255,140004620,871,8
2026-03-26T16:43:51.957,29.518,52,58,52.653061,255,140014559,860,8
2026-03-26T16:43:51.959,29.520,53,54,51.918365,255,140024515,848,8
2026-03-26T16:43:51.961,29.522,54,51,51.061222,255,140036455,834,8
2026-03-26T16:43:51.963,29.525,55,51,50.387753,255,140046392,823,8
2026-03-26T16:43:52.004,29.566,56,52,49.714287,255,140056353,812,8
2026-03-26T16:43:52.006,29.568,57,55,48.918369,255,140066288,799,8
2026-03-26T16:43:52.008,29.570,58,57,48.244900,255,140076250,788,8
2026-03-26T16:43:52.010,29.571,59,52,47.510204,255,140086183,776,8
2026-03-26T16:43:52.011,29.573,60,51,46.775509,255,140096141,764,8
2026-03-26T16:43:52.054,29.616,61,51,46.102039,255,140106071,753,8
2026-03-26T16:43:52.057,29.618,62,51,45.367344,255,140116032,741,8
2026-03-26T16:43:52.059,29.621,63,51,44.632652,255,140125973,729,8
2026-03-26T16:43:52.061,29.623,64,51,43.959187,255,140135921,718,8
2026-03-26T16:43:52.063,29.624,65,51,43.224491,255,140145858,706,8
2026-03-26T16:43:52.105,29.666,66,50,42.551022,255,140155812,695,8
2026-03-26T16:43:52.108,29.669,67,50,41.816326,255,140165753,683,8
2026-03-26T16:43:52.110,29.671,68,52,41.081635,255,140175710,671,8
2026-03-26T16:43:52.112,29.673,69,54,40.346939,255,140185644,659,8
2026-03-26T16:43:52.114,29.675,70,54,39.612244,255,140195601,647,8
2026-03-26T16:43:52.154,29.716,71,55,38.938778,255,140205539,636,8
2026-03-26T16:43:52.157,29.718,72,56,38.204082,255,140215498,624,8
2026-03-26T16:43:52.159,29.720,73,55,37.530613,255,140225432,613,8
2026-03-26T16:43:52.160,29.722,74,52,36.857143,255,140235386,602,8
2026-03-26T16:43:52.162,29.723,75,55,36.122448,255,140245317,590,8
2026-03-26T16:43:52.205,29.766,76,55,35.326530,255,140255273,577,8
2026-03-26T16:43:52.207,29.768,77,56,34.653061,255,140265206,566,8
2026-03-26T16:43:52.208,29.769,78,56,33.918369,255,140275159,554,8
2026-03-26T16:43:52.210,29.771,79,54,33.183674,255,140285094,542,8
2026-03-26T16:43:52.211,29.772,80,54,32.510204,255,140295052,531,8
2026-03-26T16:43:52.254,29.815,81,52,31.775511,255,140304982,519,8
2026-03-26T16:43:52.257,29.818,82,51,31.102039,255,140314940,508,8
2026-03-26T16:43:52.259,29.820,83,50,30.367348,255,140324873,496,8
2026-03-26T16:43:52.261,29.822,84,48,29.632654,255,140334824,484,8
2026-03-26T16:43:52.263,29.824,85,47,28.897959,255,140344756,472,8
2026-03-26T16:43:52.304,29.865,86,47,28.224489,255,140354715,461,8
2026-03-26T16:43:52.306,29.867,87,59,27.489796,255,140364649,449,8
2026-03-26T16:43:52.307,29.868,88,81,26.755102,255,140374597,437,8
2026-03-26T16:43:52.308,29.870,89,98,26.020407,255,140384538,425,8
2026-03-26T16:43:52.309,29.871,90,109,25.346939,255,140394482,414,8
2026-03-26T16:43:52.354,29.916,91,116,24.612246,255,140404403,402,8
2026-03-26T16:43:52.356,29.917,92,117,23.877550,255,140414371,390,8
2026-03-26T16:43:52.357,29.919,93,117,23.204082,255,140424296,379,8
2026-03-26T16:43:52.360,29.921,94,117,22.530613,255,140434269,368,8
2026-03-26T16:43:52.361,29.922,95,121,21.734694,255,140444191,355,8
2026-03-26T16:43:52.405,29.966,96,121,21.061224,255,140454162,344,8
2026-03-26T16:43:52.408,29.969,97,120,20.326530,255,140464083,332,8
2026-03-26T16:43:52.411,29.972,98,120,19.653061,255,140474047,321,8
2026-03-26T16:43:52.413,29.975,99,119,18.918367,255,140483973,309,8
2026-03-26T16:43:52.415,29.976,100,119,18.244898,255,140493940,298,8
2026-03-26T16:43:52.418,29.979,101,119,17.632652,255,140503863,288,8
2026-03-26T16:43:52.454,30.015,102,119,16.836735,255,140513833,275,8
2026-03-26T16:43:52.456,30.017,103,120,16.163265,255,140523754,264,8
2026-03-26T16:43:52.457,30.018,104,121,15.428572,255,140533720,252,8
2026-03-26T16:43:52.458,30.019,105,121,14.816327,255,140543639,242,8
2026-03-26T16:43:52.505,30.066,106,121,14.020408,255,140553606,229,8
2026-03-26T16:43:52.506,30.067,107,120,13.346939,255,140563536,218,8
2026-03-26T16:43:52.507,30.068,108,120,12.673470,255,140573503,207,8
2026-03-26T16:43:52.509,30.070,109,119,11.938775,255,140583427,195,8
2026-03-26T16:43:52.510,30.072,110,115,11.265306,255,140593390,184,8
2026-03-26T16:43:52.555,30.116,111,112,10.530612,255,140603320,172,8
2026-03-26T16:43:52.557,30.118,112,110,9.918367,255,140613279,162,8
2026-03-26T16:43:52.558,30.119,113,108,9.183674,255,140623207,150,8
2026-03-26T16:43:52.560,30.121,114,107,8.448980,255,140633166,138,8
2026-03-26T16:43:52.561,30.123,115,103,7.775510,255,140643092,127,8
2026-03-26T16:43:52.562,30.124,116,100,7.102041,255,140653054,116,8
2026-03-26T16:43:52.605,30.166,117,102,6.367347,255,140662985,104,8
2026-03-26T16:43:52.606,30.167,118,104,5.693878,255,140672948,93,8
2026-03-26T16:43:52.607,30.168,119,105,4.959184,255,140682883,81,8
2026-03-26T16:43:52.608,30.169,120,106,4.285714,255,140692848,70,8
2026-03-26T16:43:52.654,30.215,121,111,3.612245,255,140702778,59,8
2026-03-26T16:43:52.656,30.217,122,115,2.877551,255,140712749,47,8
2026-03-26T16:43:52.657,30.218,123,119,2.142857,255,140722673,35,8
2026-03-26T16:43:52.658,30.219,124,121,1.469388,255,140732646,24,8
2026-03-26T16:43:52.659,30.220,125,121,0.857143,255,140742572,14,8
2026-03-26T16:43:52.704,30.265,126,121,0.061224,255,140752540,1,8
2026-03-26T16:43:52.706,30.267,127,121,359.387756,255,140762466,5870,8
2026-03-26T16:43:52.708,30.269,128,121,358.714264,255,140772434,5859,8
2026-03-26T16:43:52.709,30.270,129,120,358.040802,255,140782364,5848,8
2026-03-26T16:43:52.710,30.271,130,117,357.306122,255,140792334,5836,8
2026-03-26T16:43:52.755,30.316,131,116,356.571442,255,140802259,5824,8
2026-03-26T16:43:52.756,30.318,132,115,355.897949,255,140812220,5813,8
2026-03-26T16:43:52.757,30.319,133,92,355.163269,255,140822176,5801,8
2026-03-26T16:43:52.758,30.320,134,70,354.428589,255,140832284,5789,8
2026-03-26T16:43:52.759,30.321,135,62,353.755096,255,140842074,5778,8
2026-03-26T16:43:52.761,30.322,136,59,353.020386,255,140852036,5766,8
2026-03-26T16:43:52.805,30.366,137,56,352.346924,255,140861973,5755,8
2026-03-26T16:43:52.806,30.367,138,55,351.612244,255,140871925,5743,8
2026-03-26T16:43:52.807,30.368,139,55,350.877563,255,140881852,5731,8
2026-03-26T16:43:52.808,30.369,140,54,350.142853,255,140891815,5719,8
2026-03-26T16:43:52.854,30.416,141,53,349.469391,255,140901745,5708,8
2026-03-26T16:43:52.856,30.417,142,53,348.734711,255,140911702,5696,8
2026-03-26T16:43:52.857,30.418,143,52,348.122437,255,140921631,5686,8
2026-03-26T16:43:52.858,30.419,144,51,347.387756,255,140931593,5674,8
2026-03-26T16:43:52.859,30.420,145,49,346.591827,255,140941524,5661,8
2026-03-26T16:43:52.860,30.421,146,48,345.857147,255,140951478,5649,8
2026-03-26T16:43:52.905,30.466,147,48,345.183685,255,140961410,5638,8
2026-03-26T16:43:52.906,30.468,148,48,344.448975,255,140971371,5626,8
2026-03-26T16:43:52.907,30.469,149,48,343.714294,255,140981306,5614,8
2026-03-26T16:43:52.908,30.470,150,48,343.040833,255,140991263,5603,8
2026-03-26T16:43:52.909,30.470,151,48,342.306122,255,141001203,5591,8
2026-03-26T16:43:52.954,30.515,152,49,341.632660,255,141011167,5580,8
2026-03-26T16:43:52.956,30.517,153,53,340.897949,255,141021103,5568,8
2026-03-26T16:43:52.957,30.518,154,63,340.163269,255,141031058,5556,8
2026-03-26T16:43:52.958,30.519,155,73,339.428558,255,141041005,5544,8
2026-03-26T16:43:52.959,30.520,156,65,338.755096,255,141050973,5533,8
2026-03-26T16:43:53.004,30.566,157,50,338.020416,255,141060900,5521,8
2026-03-26T16:43:53.006,30.567,158,48,337.346954,255,141070851,5510,8
2026-03-26T16:43:53.007,30.568,159,48,336.612244,255,141080780,5498,8
2026-03-26T16:43:53.008,30.569,160,51,336.000000,255,141090730,5488,8
2026-03-26T16:43:53.009,30.570,161,78,335.204071,255,141100661,5475,8
2026-03-26T16:43:53.055,30.616,162,84,334.469391,255,141110616,5463,8
2026-03-26T16:43:53.056,30.617,163,82,333.795898,255,141120546,5452,8
2026-03-26T16:43:53.057,30.619,164,81,333.061218,255,141130506,5440,8
2026-03-26T16:43:53.058,30.620,165,80,332.448975,255,141140436,5430,8
2026-03-26T16:43:53.060,30.621,166,79,331.653076,255,141150399,5417,8
2026-03-26T16:43:53.104,30.666,167,78,330.979584,255,141160327,5406,8
2026-03-26T16:43:53.106,30.667,168,76,330.306122,255,141170286,5395,8
2026-03-26T16:43:53.108,30.669,169,74,329.571442,255,141180215,5383,8
2026-03-26T16:43:53.109,30.671,170,74,328.897949,255,141190178,5372,8
2026-03-26T16:43:53.110,30.672,171,73,328.224487,255,141200111,5361,8
2026-03-26T16:43:53.154,30.715,172,72,327.551025,255,141210073,5350,8
2026-03-26T16:43:53.156,30.718,173,72,326.816345,255,141220008,5338,8
2026-03-26T16:43:53.158,30.719,174,72,326.142853,255,141229975,5327,8
2026-03-26T16:43:53.159,30.720,175,72,325.408173,255,141239911,5315,8
2026-03-26T16:43:53.160,30.721,176,73,324.734711,255,141249874,5304,8
2026-03-26T16:43:53.205,30.766,177,73,324.122437,255,141259806,5294,8
2026-03-26T16:43:53.207,30.768,178,74,323.326508,255,141269764,5281,8
2026-03-26T16:43:53.208,30.769,179,75,322.653076,255,141279704,5270,8
2026-03-26T16:43:53.210,30.771,180,77,321.918365,255,141289665,5258,8
2026-03-26T16:43:53.211,30.772,181,81,321.244904,255,141299601,5247,8
2026-03-26T16:43:53.254,30.815,182,66,320.510193,255,141309701,5235,8
2026-03-26T16:43:53.256,30.817,183,48,319.836731,255,141319497,5224,8
2026-03-26T16:43:53.257,30.819,184,48,319.163269,255,141329450,5213,8
2026-03-26T16:43:53.259,30.820,185,48,318.489777,255,141339385,5202,8
2026-03-26T16:43:53.260,30.821,186,50,317.693878,255,141349349,5189,8
2026-03-26T16:43:53.304,30.865,187,52,317.020416,255,141359279,5178,8
2026-03-26T16:43:53.306,30.867,188,53,316.346954,255,141369242,5167,8
2026-03-26T16:43:53.307,30.868,189,53,315.612244,255,141379171,5155,8
2026-03-26T16:43:53.308,30.869,190,54,314.877533,255,141389123,5143,8
2026-03-26T16:43:53.309,30.870,191,53,314.142853,255,141399066,5131,8
2026-03-26T16:43:53.354,30.915,192,53,313.469391,255,141409020,5120,8
2026-03-26T16:43:53.355,30.917,193,52,312.734680,255,141418952,5108,8
2026-03-26T16:43:53.357,30.918,194,49,312.000000,255,141428904,5096,8
2026-03-26T16:43:53.357,30.919,195,48,311.326538,255,141438842,5085,8
2026-03-26T16:43:53.359,30.920,196,48,310.591858,255,141448800,5073,8
2026-03-26T16:43:53.404,30.966,197,48,309.857147,255,141458732,5061,8
2026-03-26T16:43:53.406,30.967,198,48,309.122437,255,141468686,5049,8
2026-03-26T16:43:53.408,30.969,199,59,308.448975,255,141478623,5038,8
2026-03-26T16:43:53.409,30.970,200,78,307.714294,255,141488580,5026,8
2026-03-26T16:43:53.411,30.972,201,74,307.040802,255,141498513,5015,8
2026-03-26T16:43:53.454,31.015,202,67,306.367340,255,141508474,5004,8
2026-03-26T16:43:53.456,31.017,203,63,305.571442,255,141518401,4991,8
2026-03-26T16:43:53.457,31.018,204,64,304.897949,255,141528357,4980,8
2026-03-26T16:43:53.458,31.019,205,65,304.224487,255,141538285,4969,8
2026-03-26T16:43:53.459,31.020,206,61,303.551025,255,141548254,4958,8
2026-03-26T16:43:53.505,31.066,207,53,302.632660,255,141560190,4943,8
2026-03-26T16:43:53.507,31.068,208,53,301.959198,255,141570120,4932,8
2026-03-26T16:43:53.508,31.069,209,53,301.224487,255,141580075,4920,8
2026-03-26T16:43:53.510,31.071,210,53,300.551025,255,141590009,4909,8
2026-03-26T16:43:53.511,31.072,211,53,299.816345,255,141599960,4897,8
2026-03-26T16:43:53.555,31.116,212,53,299.081635,255,141609897,4885,8
2026-03-26T16:43:53.556,31.118,213,52,298.408142,255,141619847,4874,8
2026-03-26T16:43:53.558,31.119,214,53,297.673462,255,141629787,4862,8
2026-03-26T16:43:53.558,31.120,215,53,296.938782,255,141639741,4850,8
2026-03-26T16:43:53.559,31.121,216,53,296.326538,255,141649678,4840,8
2026-03-26T16:43:53.604,31.166,217,53,295.530609,255,141659635,4827,8
2026-03-26T16:43:53.606,31.167,218,54,294.795929,255,141669566,4815,8
2026-03-26T16:43:53.607,31.168,219,60,294.122467,255,141679524,4804,8
2026-03-26T16:43:53.608,31.169,220,71,293.387756,255,141689457,4792,8
2026-03-26T16:43:53.609,31.170,221,73,292.714264,255,141699410,4781,8
2026-03-26T16:43:53.654,31.216,222,73,292.040802,255,141709353,4770,8
2026-03-26T16:43:53.656,31.217,223,73,291.244904,255,141719313,4757,8
2026-03-26T16:43:53.657,31.218,224,73,290.571442,255,141729247,4746,8
2026-03-26T16:43:53.658,31.219,225,73,289.897949,255,141739213,4735,8
2026-03-26T16:43:53.659,31.220,226,73,289.224487,255,141749143,4724,8
2026-03-26T16:43:53.705,31.266,227,73,288.489807,255,141759101,4712,8
2026-03-26T16:43:53.707,31.268,228,73,287.755096,255,141769033,4700,8
2026-03-26T16:43:53.708,31.270,229,74,287.081635,255,141778988,4689,8
2026-03-26T16:43:53.709,31.271,230,74,286.346954,255,141788924,4677,8
2026-03-26T16:43:53.710,31.272,231,74,285.673492,255,141798884,4666,8
2026-03-26T16:43:53.755,31.316,232,74,285.000000,255,141808819,4655,8
2026-03-26T16:43:53.756,31.318,233,73,284.265289,255,141818784,4643,8
2026-03-26T16:43:53.758,31.319,234,70,283.591858,255,141828723,4632,8
2026-03-26T16:43:53.759,31.320,235,69,282.979584,255,141838686,4622,8
2026-03-26T16:43:53.761,31.322,236,68,282.183655,255,141848623,4609,8
2026-03-26T16:43:53.763,31.324,237,67,281.510193,255,141858584,4598,8
2026-03-26T16:43:53.804,31.366,238,65,280.775513,255,141869521,4586,8
2026-03-26T16:43:53.806,31.367,239,57,280.102051,255,141878485,4575,8
2026-03-26T16:43:53.807,31.368,240,51,279.367340,255,141888418,4563,8
2026-03-26T16:43:53.808,31.369,241,49,278.755096,255,141898379,4553,8
2026-03-26T16:43:53.854,31.415,242,49,278.020416,255,141908314,4541,8
2026-03-26T16:43:53.855,31.417,243,48,277.346924,255,141918265,4530,8
2026-03-26T16:43:53.857,31.418,244,48,276.551025,255,141928194,4517,8
2026-03-26T16:43:53.858,31.419,245,53,275.877563,255,141938294,4506,8
2026-03-26T16:43:53.859,31.420,246,66,275.142853,255,141948224,4494,8
2026-03-26T16:43:53.904,31.465,247,66,274.285706,255,141960011,4480,8
2026-03-26T16:43:53.905,31.467,248,64,273.612244,255,141969962,4469,8
2026-03-26T16:43:53.907,31.468,249,97,272.877563,255,141979897,4457,8
2026-03-26T16:43:53.908,31.469,250,114,272.142853,255,141989842,4445,8
2026-03-26T16:43:53.909,31.470,251,116,271.469391,255,141999767,4434,8
2026-03-26T16:43:53.955,31.516,252,116,270.734680,255,142009734,4422,8
2026-03-26T16:43:53.957,31.518,253,116,270.000000,255,142019658,4410,8
2026-03-26T16:43:53.958,31.519,254,116,269.387756,255,142029624,4400,8
2026-03-26T16:43:53.959,31.520,255,116,268.591827,255,142039554,4387,8
2026-03-26T16:43:53.960,31.521,0,116,267.857147,255,142049526,4375,8
2026-03-26T16:43:54.005,31.566,1,116,267.183685,255,142059455,4364,8
2026-03-26T16:43:54.006,31.568,2,117,266.448975,255,142069426,4352,8
2026-03-26T16:43:54.007,31.569,3,118,265.775513,255,142079353,4341,8
2026-03-26T16:43:54.008,31.569,4,118,265.102051,255,142089317,4330,8
2026-03-26T16:43:54.009,31.570,5,114,264.367340,255,142099251,4318,8
2026-03-26T16:43:54.055,31.616,6,107,263.632660,255,142109219,4306,8
2026-03-26T16:43:54.056,31.617,7,116,262.959167,255,142119153,4295,8
2026-03-26T16:43:54.057,31.618,8,121,262.285706,255,142129125,4284,8
2026-03-26T16:43:54.058,31.620,9,121,261.551025,255,142139049,4272,8
2026-03-26T16:43:54.059,31.621,10,121,260.877563,255,142149017,4261,8
2026-03-26T16:43:54.105,31.666,11,121,260.142853,255,142158939,4249,8
2026-03-26T16:43:54.107,31.668,12,121,259.469391,255,142168904,4238,8
2026-03-26T16:43:54.108,31.669,13,121,258.857147,255,142178829,4228,8
2026-03-26T16:43:54.109,31.670,14,121,258.061218,255,142188792,4215,8
2026-03-26T16:43:54.110,31.671,15,121,257.387756,255,142198715,4204,8
2026-03-26T16:43:54.111,31.672,16,121,256.653076,255,142208685,4192,8
2026-03-26T16:43:54.154,31.716,17,121,255.979599,255,142218606,4181,8
2026-03-26T16:43:54.156,31.717,18,121,255.244888,255,142228573,4169,8
2026-03-26T16:43:54.157,31.718,19,121,254.571411,255,142238497,4158,8
2026-03-26T16:43:54.158,31.719,20,121,253.959183,255,142248472,4148,8
2026-03-26T16:43:54.204,31.766,21,121,253.163254,255,142258398,4135,8
2026-03-26T16:43:54.206,31.767,22,121,252.489792,255,142268369,4124,8
2026-03-26T16:43:54.207,31.769,23,122,251.816315,255,142278299,4113,8
2026-03-26T16:43:54.209,31.770,24,122,251.081635,255,142288266,4101,8
2026-03-26T16:43:54.210,31.771,25,122,250.408157,255,142298193,4090,8
2026-03-26T16:43:54.211,31.773,26,121,249.734680,255,142308162,4079,8
2026-03-26T16:43:54.254,31.816,27,121,249.061218,255,142318085,4068,8
2026-03-26T16:43:54.256,31.817,28,121,248.326523,255,142328054,4056,8
2026-03-26T16:43:54.257,31.818,29,121,247.653061,255,142337978,4045,8
2026-03-26T16:43:54.258,31.820,30,121,246.918365,255,142347948,4033,8
2026-03-26T16:43:54.259,31.821,31,121,246.244904,255,142357875,4022,8
2026-03-26T16:43:54.304,31.866,32,122,245.632645,255,142367843,4012,8
2026-03-26T16:43:54.306,31.867,33,122,244.836731,255,142377770,3999,8
2026-03-26T16:43:54.307,31.869,34,122,244.163269,255,142387738,3988,8
2026-03-26T16:43:54.308,31.870,35,121,243.428574,255,142397664,3976,8
2026-03-26T16:43:54.309,31.871,36,121,242.755112,255,142407635,3965,8
2026-03-26T16:43:54.355,31.916,37,121,242.020416,255,142417563,3953,8
2026-03-26T16:43:54.357,31.918,38,120,241.346954,255,142427523,3942,8
2026-03-26T16:43:54.358,31.919,39,113,240.673477,255,142437455,3931,8
2026-03-26T16:43:54.359,31.920,40,108,239.938766,255,142447414,3919,8
2026-03-26T16:43:54.360,31.921,41,107,239.265289,255,142457342,3908,8
2026-03-26T16:43:54.404,31.966,42,98,238.591843,255,142467324,3897,8
2026-03-26T16:43:54.406,31.967,43,78,237.918381,255,142477255,3886,8
2026-03-26T16:43:54.407,31.968,44,75,237.183670,255,142487222,3874,8
2026-03-26T16:43:54.410,31.971,45,79,236.448975,255,142497157,3862,8
2026-03-26T16:43:54.411,31.972,46,79,235.775513,255,142507111,3851,8
2026-03-26T16:43:54.454,32.016,47,73,235.040817,255,142517044,3839,8
2026-03-26T16:43:54.456,32.017,48,68,234.367340,255,142527007,3828,8
2026-03-26T16:43:54.457,32.018,49,63,233.632660,255,142536943,3816,8
2026-03-26T16:43:54.459,32.021,50,60,232.959183,255,142546903,3805,8
2026-03-26T16:43:54.461,32.022,51,58,232.224503,255,142556836,3793,8
2026-03-26T16:43:54.504,32.066,52,57,231.489792,255,142566793,3781,8
2026-03-26T16:43:54.506,32.067,53,55,230.816315,255,142576725,3770,8
2026-03-26T16:43:54.507,32.068,54,54,230.081635,255,142586685,3758,8
2026-03-26T16:43:54.508,32.069,55,53,229.408157,255,142596614,3747,8
2026-03-26T16:43:54.509,32.070,56,53,228.673462,255,142606574,3735,8
2026-03-26T16:43:54.554,32.115,57,53,227.938782,255,142616508,3723,8
2026-03-26T16:43:54.556,32.117,58,53,227.265305,255,142626463,3712,8
2026-03-26T16:43:54.557,32.118,59,53,226.530624,255,142636392,3700,8
2026-03-26T16:43:54.558,32.119,60,55,225.857147,255,142646348,3689,8
2026-03-26T16:43:54.559,32.120,61,59,225.183685,255,142656274,3678,8
2026-03-26T16:43:54.604,32.166,62,60,224.387741,255,142666236,3665,8
2026-03-26T16:43:54.606,32.167,63,62,223.714279,255,142676168,3654,8
2026-03-26T16:43:54.607,32.168,64,65,222.979584,255,142686121,3642,8
2026-03-26T16:43:54.608,32.169,65,70,222.306122,255,142696052,3631,8
2026-03-26T16:43:54.609,32.170,66,72,221.571426,255,142706012,3619,8
2026-03-26T16:43:54.654,32.216,67,72,220.836746,255,142715949,3607,8
2026-03-26T16:43:54.656,32.217,68,70,220.163269,255,142725908,3596,8
2026-03-26T16:43:54.657,32.218,69,66,219.489792,255,142735842,3585,8
2026-03-26T16:43:54.658,32.219,70,63,218.755112,255,142745803,3573,8
2026-03-26T16:43:54.659,32.220,71,63,218.020401,255,142755733,3561,8
2026-03-26T16:43:54.705,32.266,72,65,217.285706,255,142765691,3549,8
2026-03-26T16:43:54.706,32.268,73,68,216.612244,255,142775628,3538,8
2026-03-26T16:43:54.709,32.270,74,71,215.877548,255,142785588,3526,8
2026-03-26T16:43:54.710,32.271,75,72,215.265305,255,142795524,3516,8
2026-03-26T16:43:54.711,32.272,76,73,214.469391,255,142805484,3503,8
2026-03-26T16:43:54.755,32.316,77,74,213.795914,255,142815420,3492,8
2026-03-26T16:43:54.757,32.318,78,75,213.061234,255,142825379,3480,8
2026-03-26T16:43:54.758,32.319,79,76,212.387756,255,142835309,3469,8
2026-03-26T16:43:54.759,32.320,80,77,211.714294,255,142845264,3458,8
2026-03-26T16:43:54.760,32.321,81,78,210.918365,255,142855199,3445,8
2026-03-26T16:43:54.804,32.365,82,78,210.244888,255,142865158,3434,8
2026-03-26T16:43:54.805,32.367,83,80,209.510193,255,142875092,3422,8
2026-03-26T16:43:54.806,32.368,84,80,208.836731,255,142885046,3411,8
2026-03-26T16:43:54.807,32.369,85,81,208.102036,255,142894980,3399,8
2026-03-26T16:43:54.808,32.370,86,80,207.367355,255,142904940,3387,8
2026-03-26T16:43:54.854,32.415,87,67,206.693878,255,142914871,3376,8
2026-03-26T16:43:54.855,32.417,88,53,206.020416,255,142924833,3365,8
2026-03-26T16:43:54.856,32.418,89,48,205.285721,255,142934758,3353,8
2026-03-26T16:43:54.859,32.420,90,48,204.551010,255,142944708,3341,8
2026-03-26T16:43:54.860,32.421,91,48,203.877563,255,142954647,3330,8
2026-03-26T16:43:54.904,32.466,92,49,203.142853,255,142964599,3318,8
2026-03-26T16:43:54.906,32.467,93,49,202.408157,255,142974532,3306,8
2026-03-26T16:43:54.907,32.469,94,49,201.734695,255,142984491,3295,8
2026-03-26T16:43:54.908,32.470,95,51,201.061218,255,142994423,3284,8
2026-03-26T16:43:54.909,32.471,96,54,200.265320,255,143004376,3271,8
2026-03-26T16:43:54.954,32.516,97,54,199.591843,255,143014309,3260,8
2026-03-26T16:43:54.956,32.517,98,54,198.857147,255,143024266,3248,8
2026-03-26T16:43:54.957,32.518,99,52,198.122437,255,143034191,3236,8
2026-03-26T16:43:54.958,32.519,100,51,197.448975,255,143044149,3225,8
2026-03-26T16:43:54.959,32.520,101,50,196.714279,255,143054087,3213,8
2026-03-26T16:43:55.005,32.566,102,49,196.040817,255,143064040,3202,8
2026-03-26T16:43:55.006,32.567,103,49,195.306122,255,143073973,3190,8
2026-03-26T16:43:55.007,32.568,104,49,194.571426,255,143083927,3178,8
2026-03-26T16:43:55.008,32.569,105,50,193.959183,255,143093860,3168,8
2026-03-26T16:43:55.009,32.570,106,50,193.163269,255,143103816,3155,8
2026-03-26T16:43:55.055,32.616,107,50,192.428558,255,143113748,3143,8
2026-03-26T16:43:55.056,32.617,108,49,191.693878,255,143123714,3131,8
2026-03-26T16:43:55.057,32.619,109,49,191.020401,255,143133652,3120,8
2026-03-26T16:43:55.059,32.621,110,49,190.285721,255,143143611,3108,8
2026-03-26T16:43:55.061,32.622,111,51,189.551025,255,143153540,3096,8
2026-03-26T16:43:55.061,32.623,112,54,188.938766,255,143163499,3086,8
2026-03-26T16:43:55.104,32.666,113,55,188.142868,255,143173435,3073,8
2026-03-26T16:43:55.106,32.667,114,55,187.469391,255,143183395,3062,8
2026-03-26T16:43:55.107,32.668,115,54,186.734680,255,143193327,3050,8
2026-03-26T16:43:55.108,32.669,116,51,186.061234,255,143203288,3039,8
2026-03-26T16:43:55.155,32.716,117,49,185.387756,255,143213223,3028,8
2026-03-26T16:43:55.156,32.718,118,49,184.653046,255,143223182,3016,8
2026-03-26T16:43:55.158,32.719,119,49,183.918365,255,143233120,3004,8
2026-03-26T16:43:55.160,32.721,120,49,183.244888,255,143243079,2993,8
2026-03-26T16:43:55.162,32.723,121,49,182.510208,255,143253012,2981,8
2026-03-26T16:43:55.163,32.724,122,49,181.775513,255,143262973,2969,8
2026-03-26T16:43:55.205,32.766,123,50,181.102051,255,143272907,2958,8
2026-03-26T16:43:55.206,32.768,124,51,180.428574,255,143282861,2947,8
2026-03-26T16:43:55.207,32.769,125,51,179.693878,255,143292787,2935,8
2026-03-26T16:43:55.209,32.770,126,50,178.959183,255,143302743,2923,8
2026-03-26T16:43:55.210,32.771,127,53,178.224487,255,143312672,2911,8
2026-03-26T16:43:55.255,32.817,128,55,177.551025,255,143322626,2900,8
2026-03-26T16:43:55.257,32.818,129,56,176.877548,255,143332551,2889,8
2026-03-26T16:43:55.258,32.819,130,56,176.142853,255,143342507,2877,8
2026-03-26T16:43:55.259,32.820,131,59,175.469391,255,143352441,2866,8
2026-03-26T16:43:55.260,32.821,132,60,174.734695,255,143362401,2854,8
2026-03-26T16:43:55.304,32.866,133,60,174.061218,255,143372330,2843,8
2026-03-26T16:43:55.306,32.867,134,61,173.326538,255,143382288,2831,8
2026-03-26T16:43:55.307,32.868,135,58,172.653061,255,143392224,2820,8
2026-03-26T16:43:55.308,32.870,136,56,171.918365,255,143402180,2808,8
2026-03-26T16:43:55.309,32.871,137,55,171.244888,255,143412113,2797,8
2026-03-26T16:43:55.355,32.916,138,54,170.510208,255,143422065,2785,8
2026-03-26T16:43:55.356,32.918,139,53,169.714279,255,143434003,2772,8
2026-03-26T16:43:55.357,32.919,140,50,169.040817,255,143443935,2761,8
2026-03-26T16:43:55.358,32.919,141,50,168.306122,255,143453890,2749,8
2026-03-26T16:43:55.359,32.920,142,51,167.571426,255,143463827,2737,8
2026-03-26T16:43:55.404,32.965,143,56,166.897949,255,143473787,2726,8
2026-03-26T16:43:55.405,32.967,144,59,166.163269,255,143483719,2714,8
2026-03-26T16:43:55.407,32.968,145,58,165.428574,255,143493680,2702,8
2026-03-26T16:43:55.408,32.969,146,59,164.816330,255,143503612,2692,8
2026-03-26T16:43:55.454,33.016,147,60,164.020401,255,143513567,2679,8
2026-03-26T16:43:55.456,33.017,148,60,163.285721,255,143523500,2667,8
2026-03-26T16:43:55.457,33.018,149,60,162.612244,255,143533461,2656,8
2026-03-26T16:43:55.458,33.019,150,61,161.877548,255,143543398,2644,8
2026-03-26T16:43:55.459,33.020,151,65,161.142853,255,143553358,2632,8
2026-03-26T16:43:55.460,33.021,152,68,160.469391,255,143563294,2621,8
2026-03-26T16:43:55.505,33.066,153,75,159.795914,255,143573249,2610,8
2026-03-26T16:43:55.506,33.067,154,82,159.061234,255,143583186,2598,8
2026-03-26T16:43:55.507,33.068,155,84,158.326523,255,143593143,2586,8
2026-03-26T16:43:55.508,33.069,156,87,157.591843,255,143603076,2574,8
2026-03-26T16:43:55.509,33.071,157,87,156.918365,255,143613037,2563,8
2026-03-26T16:43:55.555,33.116,158,87,156.183670,255,143622973,2551,8
2026-03-26T16:43:55.556,33.118,159,87,155.510208,255,143632938,2540,8
2026-03-26T16:43:55.558,33.119,160,87,154.775513,255,143642875,2528,8
2026-03-26T16:43:55.559,33.120,161,86,154.102036,255,143652837,2517,8
2026-03-26T16:43:55.560,33.121,162,86,153.367355,255,143662767,2505,8
2026-03-26T16:43:55.604,33.165,163,85,152.693878,255,143672721,2494,8
2026-03-26T16:43:55.605,33.167,164,84,152.081635,255,143682663,2484,8
2026-03-26T16:43:55.606,33.168,165,83,151.285721,255,143692621,2471,8
2026-03-26T16:43:55.607,33.168,166,81,150.612244,255,143702548,2460,8
2026-03-26T16:43:55.608,33.169,167,78,149.877548,255,143712513,2448,8
2026-03-26T16:43:55.655,33.216,168,75,149.204071,255,143722445,2437,8
2026-03-26T16:43:55.657,33.218,169,70,148.530609,255,143732403,2426,8
2026-03-26T16:43:55.658,33.219,170,63,147.795914,255,143742338,2414,8
2026-03-26T16:43:55.659,33.220,171,61,147.122452,255,143752296,2403,8
2026-03-26T16:43:55.660,33.221,172,61,146.387756,255,143762229,2391,8
2026-03-26T16:43:55.705,33.266,173,60,145.714294,255,143772193,2380,8
2026-03-26T16:43:55.706,33.267,174,61,145.040817,255,143782126,2369,8
2026-03-26T16:43:55.707,33.269,175,61,144.367340,255,143792088,2358,8
2026-03-26T16:43:55.708,33.270,176,61,143.632660,255,143802020,2346,8
2026-03-26T16:43:55.710,33.271,177,63,142.959183,255,143811982,2335,8
2026-03-26T16:43:55.754,33.315,178,65,142.224487,255,143821914,2323,8
2026-03-26T16:43:55.756,33.317,179,67,141.551010,255,143831878,2312,8
2026-03-26T16:43:55.757,33.319,180,69,140.938782,255,143841814,2302,8
2026-03-26T16:43:55.758,33.320,181,69,140.142853,255,143851777,2289,8
2026-03-26T16:43:55.759,33.321,182,68,139.469391,255,143861706,2278,8
2026-03-26T16:43:55.804,33.365,183,69,138.734695,255,143871664,2266,8
2026-03-26T16:43:55.805,33.367,184,69,138.061234,255,143881598,2255,8
2026-03-26T16:43:55.807,33.368,185,69,137.387756,255,143891552,2244,8
2026-03-26T16:43:55.808,33.369,186,68,136.653061,255,143901496,2232,8
2026-03-26T16:43:55.809,33.370,187,67,136.040817,255,143911449,2222,8
2026-03-26T16:43:55.855,33.416,188,67,135.244904,255,143921389,2209,8
2026-03-26T16:43:55.857,33.418,189,67,134.571426,255,143931346,2198,8
2026-03-26T16:43:55.858,33.419,190,67,133.897949,255,143941280,2187,8
2026-03-26T16:43:55.860,33.421,191,67,133.163269,255,143951239,2175,8
2026-03-26T16:43:55.861,33.423,192,68,132.489792,255,143961168,2164,8
2026-03-26T16:43:55.904,33.465,193,68,131.816330,255,143971129,2153,8
2026-03-26T16:43:55.906,33.467,194,69,131.081635,255,143981053,2141,8
2026-03-26T16:43:55.908,33.469,195,71,130.408173,255,143991015,2130,8
2026-03-26T16:43:55.909,33.470,196,72,129.795914,255,144000945,2120,8
2026-03-26T16:43:55.910,33.471,197,73,129.000000,255,144010905,2107,8
2026-03-26T16:43:55.954,33.515,198,72,128.326538,255,144020837,2096,8
2026-03-26T16:43:55.956,33.517,199,72,127.591835,255,144030793,2084,8
2026-03-26T16:43:55.957,33.518,200,67,126.918365,255,144040724,2073,8
2026-03-26T16:43:55.959,33.520,201,67,126.183678,255,144050682,2061,8
2026-03-26T16:43:55.960,33.521,202,67,125.510208,255,144060610,2050,8
2026-03-26T16:43:56.005,33.566,203,67,124.836731,255,144070576,2039,8
2026-03-26T16:43:56.006,33.568,204,68,124.163261,255,144080506,2028,8
2026-03-26T16:43:56.008,33.569,205,68,123.367348,255,144090468,2015,8
2026-03-26T16:43:56.009,33.571,206,67,122.693878,255,144100398,2004,8
2026-03-26T16:43:56.010,33.572,207,67,121.959183,255,144110365,1992,8
2026-03-26T16:43:56.055,33.616,208,67,121.285713,255,144120299,1981,8
2026-03-26T16:43:56.057,33.618,209,66,120.612244,255,144130261,1970,8
2026-03-26T16:43:56.058,33.619,210,66,119.816322,255,144140198,1957,8
2026-03-26T16:43:56.060,33.621,211,65,119.142853,255,144150157,1946,8
2026-03-26T16:43:56.061,33.622,212,64,118.408165,255,144160097,1934,8
2026-03-26T16:43:56.062,33.623,213,64,117.734695,255,144170055,1923,8
2026-03-26T16:43:56.105,33.666,214,63,116.999992,255,144179993,1911,8
2026-03-26T16:43:56.106,33.667,215,63,116.265305,255,144189950,1899,8
2026-03-26T16:43:56.108,33.669,216,63,115.591835,255,144199885,1888,8
2026-03-26T16:43:56.109,33.670,217,62,114.918365,255,144209847,1877,8
2026-03-26T16:43:56.155,33.716,218,62,114.183678,255,144219783,1865,8
2026-03-26T16:43:56.156,33.718,219,63,113.448975,255,144229739,1853,8
2026-03-26T16:43:56.157,33.719,220,68,112.775505,255,144239673,1842,8
2026-03-26T16:43:56.160,33.721,221,72,112.040817,255,144249628,1830,8
2026-03-26T16:43:56.161,33.722,222,76,111.367348,255,144259560,1819,8
2026-03-26T16:43:56.162,33.723,223,78,110.693878,255,144269517,1808,8
2026-03-26T16:43:56.204,33.766,224,80,109.897957,255,144279450,1795,8
2026-03-26T16:43:56.206,33.767,225,80,109.224487,255,144289406,1784,8
2026-03-26T16:43:56.207,33.768,226,81,108.489799,255,144299331,1772,8
2026-03-26T16:43:56.208,33.769,227,82,107.816330,255,144309289,1761,8
2026-03-26T16:43:56.254,33.815,228,83,107.142853,255,144319218,1750,8
2026-03-26T16:43:56.255,33.817,229,83,106.346939,255,144329174,1737,8
2026-03-26T16:43:56.256,33.818,230,84,105.673470,255,144339108,1726,8
2026-03-26T16:43:56.257,33.819,231,84,104.938774,255,144349071,1714,8
2026-03-26T16:43:56.258,33.820,232,85,104.265305,255,144359008,1703,8
2026-03-26T16:43:56.305,33.866,233,85,103.530609,255,144368973,1691,8
2026-03-26T16:43:56.307,33.868,234,85,102.795921,255,144378911,1679,8
2026-03-26T16:43:56.308,33.870,235,85,102.122444,255,144388877,1668,8
2026-03-26T16:43:56.310,33.871,236,85,101.448975,255,144398812,1657,8
2026-03-26T16:43:56.311,33.872,237,85,100.714287,255,144408780,1645,8
2026-03-26T16:43:56.312,33.873,238,85,99.979591,255,144418716,1633,8
2026-03-26T16:43:56.355,33.916,239,85,99.306114,255,144428680,1622,8
2026-03-26T16:43:56.356,33.918,240,85,98.571426,255,144438618,1610,8
2026-03-26T16:43:56.357,33.919,241,84,97.897957,255,144448582,1599,8
2026-03-26T16:43:56.358,33.920,242,84,97.163269,255,144458521,1587,8
2026-03-26T16:43:56.359,33.921,243,83,96.428566,255,144468488,1575,8
2026-03-26T16:43:56.404,33.966,244,83,95.755096,255,144478430,1564,8
2026-03-26T16:43:56.406,33.967,245,82,95.020409,255,144488395,1552,8
2026-03-26T16:43:56.407,33.968,246,82,94.346939,255,144498331,1541,8
2026-03-26T16:43:56.408,33.969,247,81,93.673470,255,144508299,1530,8
2026-03-26T16:43:56.409,33.970,248,80,92.938782,255,144518231,1518,8
2026-03-26T16:43:56.455,34.016,249,78,92.204079,255,144528201,1506,8
2026-03-26T16:43:56.456,34.017,250,75,91.530609,255,144538142,1495,8
2026-03-26T16:43:56.457,34.018,251,72,90.795921,255,144548099,1483,8
2026-03-26T16:43:56.458,34.019,252,68,90.122452,255,144558048,1472,8
2026-03-26T16:43:56.459,34.020,253,65,89.387756,255,144568016,1460,8
2026-03-26T16:43:56.505,34.066,254,62,88.714287,255,144577960,1449,8
2026-03-26T16:43:56.507,34.068,255,59,87.979591,255,144587921,1437,8
2026-03-26T16:43:56.508,34.070,0,56,87.244896,255,144597861,1425,8
2026-03-26T16:43:56.510,34.071,1,54,86.510208,255,144607825,1413,8
2026-03-26T16:43:56.511,34.072,2,54,85.836731,255,144617762,1402,8
2026-03-26T16:43:56.555,34.116,3,53,85.224487,255,144627724,1392,8
2026-03-26T16:43:56.556,34.118,4,53,84.428566,255,144637663,1379,8
2026-03-26T16:43:56.558,34.119,5,52,83.693878,255,144647630,1367,8
2026-03-26T16:43:56.559,34.120,6,49,83.081635,255,144657567,1357,8
2026-03-26T16:43:56.560,34.121,7,51,82.285713,255,144667528,1344,8
2026-03-26T16:43:56.605,34.166,8,56,81.612244,255,144677467,1333,8
2026-03-26T16:43:56.606,34.168,9,63,80.877548,255,144687431,1321,8
2026-03-26T16:43:56.607,34.169,10,71,80.142853,255,144697368,1309,8
2026-03-26T16:43:56.608,34.170,11,74,79.469391,255,144707331,1298,8
2026-03-26T16:43:56.609,34.170,12,76,78.795921,255,144717268,1287,8
2026-03-26T16:43:56.654,34.216,13,76,78.061226,255,144727229,1275,8
2026-03-26T16:43:56.656,34.217,14,77,77.326530,255,144737165,1263,8
2026-03-26T16:43:56.657,34.218,15,77,76.653061,255,144747126,1252,8
2026-03-26T16:43:56.658,34.219,16,77,75.979591,255,144757064,1241,8
2026-03-26T16:43:56.659,34.220,17,77,75.244904,255,144767024,1229,8
2026-03-26T16:43:56.705,34.266,18,77,74.510208,255,144776956,1217,8
2026-03-26T16:43:56.706,34.267,19,78,73.836739,255,144786916,1206,8
2026-03-26T16:43:56.707,34.268,20,78,73.102043,255,144796856,1194,8
2026-03-26T16:43:56.708,34.270,21,78,72.428574,255,144806817,1183,8
2026-03-26T16:43:56.710,34.271,22,78,71.693878,255,144816752,1171,8
2026-03-26T16:43:56.755,34.317,23,77,70.959183,255,144826713,1159,8
2026-03-26T16:43:56.757,34.318,24,77,70.285713,255,144836650,1148,8
2026-03-26T16:43:56.758,34.320,25,77,69.551018,255,144846615,1136,8
2026-03-26T16:43:56.759,34.321,26,77,68.877548,255,144856554,1125,8
2026-03-26T16:43:56.761,34.322,27,77,68.142853,255,144866517,1113,8
2026-03-26T16:43:56.805,34.366,28,77,67.469383,255,144876455,1102,8
2026-03-26T16:43:56.806,34.367,29,77,66.734695,255,144886414,1090,8
2026-03-26T16:43:56.807,34.369,30,77,66.061226,255,144896348,1079,8
2026-03-26T16:43:56.808,34.369,31,77,65.326530,255,144906313,1067,8
2026-03-26T16:43:56.809,34.371,32,77,64.653061,255,144916250,1056,8
2026-03-26T16:43:56.855,34.416,33,77,63.918365,255,144926214,1044,8
2026-03-26T16:43:56.857,34.418,34,77,63.244896,255,144936153,1033,8
2026-03-26T16:43:56.858,34.419,35,77,62.571430,255,144946124,1022,8
2026-03-26T16:43:56.859,34.420,36,77,61.836735,255,144956064,1010,8
2026-03-26T16:43:56.860,34.421,37,77,61.102039,255,144966028,998,8
2026-03-26T16:43:56.905,34.466,38,77,60.428570,255,144975973,987,8
2026-03-26T16:43:56.907,34.468,39,76,59.693874,255,144985929,975,8
2026-03-26T16:43:56.908,34.469,40,76,59.020412,255,144995869,964,8
2026-03-26T16:43:56.909,34.470,41,76,58.285717,255,145005829,952,8
2026-03-26T16:43:56.910,34.471,42,76,57.673470,255,145015767,942,8
2026-03-26T16:43:56.954,34.516,43,76,56.877552,255,145025724,929,8
2026-03-26T16:43:56.956,34.517,44,76,56.142857,255,145035668,917,8
2026-03-26T16:43:56.958,34.519,45,75,55.469387,255,145045631,906,8
2026-03-26T16:43:56.959,34.521,46,75,54.795921,255,145055566,895,8
2026-03-26T16:43:56.960,34.522,47,75,54.122452,255,145065527,884,8
2026-03-26T16:43:57.005,34.566,48,75,53.326530,255,145075463,871,8
2026-03-26T16:43:57.006,34.568,49,75,52.653061,255,145085424,860,8
2026-03-26T16:43:57.007,34.569,50,75,51.918365,255,145095363,848,8
2026-03-26T16:43:57.008,34.570,51,75,51.244896,255,145105321,837,8
2026-03-26T16:43:57.009,34.570,52,75,50.571430,255,145115257,826,8
2026-03-26T16:43:57.054,34.615,53,75,49.775513,255,145125212,813,8
2026-03-26T16:43:57.056,34.617,54,75,49.102043,255,145135154,802,8
2026-03-26T16:43:57.057,34.618,55,75,48.367348,255,145145113,790,8
2026-03-26T16:43:57.058,34.619,56,75,47.693878,255,145155043,779,8
2026-03-26T16:43:57.059,34.620,57,74,46.959183,255,145165012,767,8
2026-03-26T16:43:57.105,34.666,58,74,46.285717,255,145174950,756,8
2026-03-26T16:43:57.106,34.668,59,74,45.551022,255,145184911,744,8
2026-03-26T16:43:57.107,34.669,60,74,44.938774,255,145194852,734,8
2026-03-26T16:43:57.108,34.670,61,74,44.142857,255,145204817,721,8
2026-03-26T16:43:57.109,34.671,62,74,43.408161,255,145214764,709,8
2026-03-26T16:43:57.155,34.716,63,73,42.734695,255,145224728,698,8
2026-03-26T16:43:57.156,34.717,64,73,42.000000,255,145234663,686,8
2026-03-26T16:43:57.157,34.719,65,73,41.387753,255,145244631,676,8
2026-03-26T16:43:57.158,34.720,66,73,40.591839,255,145254566,663,8
2026-03-26T16:43:57.159,34.720,67,73,39.857143,255,145264528,651,8
2026-03-26T16:43:57.160,34.722,68,72,39.183674,255,145274471,640,8
2026-03-26T16:43:57.205,34.766,69,72,38.448982,255,145284433,628,8
2026-03-26T16:43:57.207,34.768,70,72,37.836735,255,145294369,618,8
2026-03-26T16:43:57.208,34.769,71,72,37.102039,255,145304335,606,8
2026-03-26T16:43:57.209,34.770,72,72,36.367348,255,145314277,594,8
2026-03-26T16:43:57.210,34.771,73,72,35.632652,255,145324242,582,8
2026-03-26T16:43:57.254,34.816,74,72,34.897957,255,145334184,570,8
2026-03-26T16:43:57.256,34.818,75,73,34.224491,255,145344151,559,8
2026-03-26T16:43:57.258,34.819,76,73,33.551022,255,145354092,548,8
2026-03-26T16:43:57.261,34.822,77,73,32.816326,255,145364058,536,8
2026-03-26T16:43:57.262,34.823,78,73,32.081635,255,145373996,524,8
2026-03-26T16:43:57.304,34.866,79,73,31.408163,255,145383959,513,8
2026-03-26T16:43:57.306,34.867,80,73,30.673470,255,145393891,501,8
2026-03-26T16:43:57.307,34.869,81,74,29.938776,255,145403845,489,8
2026-03-26T16:43:57.309,34.870,82,73,29.265306,255,145413790,478,8
2026-03-26T16:43:57.309,34.871,83,73,28.530611,255,145423752,466,8
2026-03-26T16:43:57.355,34.916,84,73,27.918367,255,145433690,456,8
2026-03-26T16:43:57.357,34.918,85,73,27.122450,255,145443655,443,8
2026-03-26T16:43:57.358,34.919,86,73,26.387754,255,145453594,431,8
2026-03-26T16:43:57.359,34.920,87,73,25.714287,255,145463556,420,8
2026-03-26T16:43:57.360,34.922,88,73,24.979591,255,145473494,408,8
2026-03-26T16:43:57.405,34.966,89,72,24.367346,255,145483455,398,8
2026-03-26T16:43:57.406,34.968,90,72,23.571430,255,145493387,385,8
2026-03-26T16:43:57.407,34.969,91,72,22.897959,255,145503355,374,8
2026-03-26T16:43:57.408,34.970,92,72,22.163265,255,145513296,362,8
2026-03-26T16:43:57.409,34.971,93,72,21.489796,255,145523260,351,8
2026-03-26T16:43:57.454,35.015,94,72,20.755102,255,145533197,339,8
2026-03-26T16:43:57.456,35.017,95,72,20.081633,255,145543161,328,8
2026-03-26T16:43:57.457,35.018,96,72,19.346939,255,145553099,316,8
2026-03-26T16:43:57.458,35.019,97,72,18.612246,255,145563060,304,8
2026-03-26T16:43:57.459,35.020,98,71,17.938776,255,145573005,293,8
2026-03-26T16:43:57.505,35.066,99,71,17.204082,255,145582973,281,8
2026-03-26T16:43:57.506,35.067,100,71,16.469389,255,145592908,269,8
2026-03-26T16:43:57.508,35.069,101,71,15.795918,255,145602873,258,8
2026-03-26T16:43:57.509,35.070,102,71,15.183674,255,145612813,248,8
2026-03-26T16:43:57.510,35.071,103,71,14.387755,255,145622777,235,8
2026-03-26T16:43:57.554,35.116,104,71,13.653061,255,145632711,223,8
2026-03-26T16:43:57.556,35.117,105,70,12.979591,255,145642678,212,8
2026-03-26T16:43:57.557,35.118,106,70,12.244899,255,145652617,200,8
2026-03-26T16:43:57.559,35.120,107,70,11.632653,255,145662579,190,8
2026-03-26T16:43:57.560,35.121,108,70,10.836735,255,145672517,177,8
2026-03-26T16:43:57.605,35.166,109,70,10.102040,255,145682479,165,8
2026-03-26T16:43:57.607,35.168,110,70,9.428572,255,145692418,154,8
2026-03-26T16:43:57.608,35.169,111,70,8.693877,255,145702381,142,8
2026-03-26T16:43:57.609,35.170,112,69,8.020409,255,145712318,131,8
2026-03-26T16:43:57.610,35.171,113,69,7.285715,255,145722275,119,8
2026-03-26T16:43:57.655,35.216,114,67,6.612245,255,145732211,108,8
2026-03-26T16:43:57.656,35.218,115,67,5.877551,255,145742174,96,8
2026-03-26T16:43:57.657,35.219,116,67,5.204082,255,145752115,85,8
2026-03-26T16:43:57.659,35.220,117,66,4.469388,255,145762078,73,8
2026-03-26T16:43:57.660,35.221,118,66,3.795918,255,145772018,62,8
2026-03-26T16:43:57.704,35.265,119,66,3.061225,255,145781979,50,8
2026-03-26T16:43:57.706,35.267,120,67,2.387755,255,145791917,39,8
2026-03-26T16:43:57.707,35.269,121,68,1.653061,255,145801884,27,8
2026-03-26T16:43:57.708,35.270,122,69,0.918367,255,145811816,15,8
2026-03-26T16:43:57.709,35.271,123,68,0.244898,255,145821783,4,8
2026-03-26T16:43:57.754,35.315,124,68,359.510193,255,145831715,5872,8
2026-03-26T16:43:57.756,35.317,125,67,358.897949,255,145841675,5862,8
2026-03-26T16:43:57.757,35.318,126,66,358.102051,255,145851614,5849,8
2026-03-26T16:43:57.758,35.319,127,66,357.367340,255,145861580,5837,8
2026-03-26T16:43:57.759,35.320,128,67,356.693878,255,145871516,5826,8
2026-03-26T16:43:57.805,35.366,129,68,355.959167,255,145881475,5814,8
2026-03-26T16:43:57.807,35.368,130,69,355.285706,255,145891417,5803,8
2026-03-26T16:43:57.808,35.369,131,69,354.551025,255,145901378,5791,8
2026-03-26T16:43:57.810,35.372,132,69,353.877533,255,145911316,5780,8
2026-03-26T16:43:57.812,35.373,133,69,353.142853,255,145921278,5768,8
2026-03-26T16:43:57.814,35.375,134,69,352.469391,255,145931213,5757,8
2026-03-26T16:43:57.855,35.416,135,69,351.734711,255,145941179,5745,8
2026-03-26T16:43:57.856,35.417,136,69,351.000000,255,145951118,5733,8
2026-03-26T16:43:57.857,35.418,137,69,350.326538,255,145961084,5722,8
2026-03-26T16:43:57.858,35.420,138,69,349.591827,255,145971020,5710,8
2026-03-26T16:43:57.904,35.465,139,68,348.918365,255,145980985,5699,8
2026-03-26T16:43:57.905,35.467,140,68,348.183655,255,145990924,5687,8
2026-03-26T16:43:57.907,35.468,141,68,347.510193,255,146000890,5676,8
2026-03-26T16:43:57.908,35.469,142,68,346.775513,255,146010824,5664,8
2026-03-26T16:43:57.909,35.470,143,67,346.163269,255,146020785,5654,8
2026-03-26T16:43:57.955,35.516,144,67,345.367340,255,146030720,5641,8
2026-03-26T16:43:57.957,35.518,145,66,344.632660,255,146040683,5629,8
2026-03-26T16:43:57.958,35.519,146,65,343.959198,255,146050628,5618,8
2026-03-26T16:43:57.960,35.521,147,64,343.285706,255,146060597,5607,8
2026-03-26T16:43:57.961,35.522,148,61,342.612244,255,146070539,5596,8
2026-03-26T16:43:57.962,35.523,149,59,341.816315,255,146080503,5583,8
2026-03-26T16:43:58.004,35.565,150,59,341.142853,255,146090445,5572,8
2026-03-26T16:43:58.005,35.567,151,58,340.408173,255,146100398,5560,8
2026-03-26T16:43:58.007,35.568,152,57,339.734680,255,146110344,5549,8
2026-03-26T16:43:58.008,35.569,153,57,339.061218,255,146120303,5538,8
2026-03-26T16:43:58.055,35.616,154,57,338.326538,255,146130243,5526,8
2026-03-26T16:43:58.057,35.618,155,57,337.591827,255,146140205,5514,8
2026-03-26T16:43:58.058,35.619,156,57,336.918365,255,146150139,5503,8
2026-03-26T16:43:58.060,35.621,157,57,336.183685,255,146160101,5491,8
2026-03-26T16:43:58.061,35.623,158,57,335.510223,255,146170038,5480,8
2026-03-26T16:43:58.063,35.624,159,56,334.775513,255,146180003,5468,8
2026-03-26T16:43:58.105,35.666,160,56,334.102051,255,146189941,5457,8
2026-03-26T16:43:58.106,35.667,161,55,333.367340,255,146199912,5445,8
2026-03-26T16:43:58.107,35.668,162,55,332.632660,255,146209853,5433,8
2026-03-26T16:43:58.108,35.669,163,55,331.897949,255,146219824,5421,8
2026-03-26T16:43:58.154,35.716,164,55,331.224487,255,146229766,5410,8
2026-03-26T16:43:58.156,35.717,165,54,330.612244,255,146239730,5400,8
2026-03-26T16:43:58.157,35.718,166,53,329.816315,255,146249670,5387,8
2026-03-26T16:43:58.159,35.720,167,53,329.081635,255,146259639,5375,8
2026-03-26T16:43:58.160,35.721,168,52,328.408173,255,146269566,5364,8
2026-03-26T16:43:58.161,35.723,169,52,327.673462,255,146279536,5352,8
2026-03-26T16:43:58.204,35.765,170,52,327.000000,255,146289474,5341,8
2026-03-26T16:43:58.206,35.767,171,52,326.265289,255,146299437,5329,8
2026-03-26T16:43:58.207,35.768,172,53,325.530609,255,146309379,5317,8
2026-03-26T16:43:58.208,35.769,173,54,324.857147,255,146319341,5306,8
2026-03-26T16:43:58.254,35.815,174,56,324.183655,255,146329283,5295,8
2026-03-26T16:43:58.256,35.817,175,57,323.448975,255,146339250,5283,8
2026-03-26T16:43:58.257,35.818,176,58,322.775513,255,146349184,5272,8
2026-03-26T16:43:58.258,35.819,177,59,322.040833,255,146359153,5260,8
2026-03-26T16:43:58.259,35.820,178,61,321.306122,255,146369086,5248,8
2026-03-26T16:43:58.260,35.821,179,63,320.632660,255,146379047,5237,8
2026-03-26T16:43:58.304,35.866,180,64,319.897949,255,146388982,5225,8
2026-03-26T16:43:58.306,35.867,181,64,319.163269,255,146398943,5213,8
2026-03-26T16:43:58.309,35.870,182,63,318.489777,255,146408885,5202,8
2026-03-26T16:43:58.310,35.871,183,63,317.877563,255,146418850,5192,8
2026-03-26T16:43:58.311,35.872,184,63,317.081635,255,146428789,5179,8
2026-03-26T16:43:58.354,35.915,185,63,316.346954,255,146438751,5167,8
2026-03-26T16:43:58.356,35.917,186,63,315.673462,255,146448688,5156,8
2026-03-26T16:43:58.357,35.918,187,63,314.938782,255,146458650,5144,8
2026-03-26T16:43:58.358,35.919,188,63,314.265320,255,146468588,5133,8
2026-03-26T16:43:58.359,35.920,189,63,313.530609,255,146478553,5121,8
2026-03-26T16:43:58.405,35.967,190,63,312.857147,255,146488488,5110,8
2026-03-26T16:43:58.407,35.968,191,63,312.122437,255,146498455,5098,8
2026-03-26T16:43:58.408,35.969,192,63,311.448975,255,146508396,5087,8
2026-03-26T16:43:58.409,35.970,193,63,310.775513,255,146518360,5076,8
2026-03-26T16:43:58.410,35.971,194,63,309.979584,255,146528293,5063,8
2026-03-26T16:43:58.455,36.016,195,63,309.306122,255,146538257,5052,8
2026-03-26T16:43:58.456,36.017,196,63,308.571442,255,146548192,5040,8
2026-03-26T16:43:58.457,36.018,197,63,307.897949,255,146558154,5029,8
2026-03-26T16:43:58.458,36.020,198,63,307.224487,255,146568090,5018,8
2026-03-26T16:43:58.459,36.020,199,64,306.489807,255,146578048,5006,8
2026-03-26T16:43:58.505,36.066,200,64,305.755127,255,146587987,4994,8
2026-03-26T16:43:58.506,36.067,201,64,305.142853,255,146597946,4984,8
2026-03-26T16:43:58.507,36.069,202,64,304.346924,255,146607879,4971,8
2026-03-26T16:43:58.508,36.070,203,64,303.612244,255,146617842,4959,8
2026-03-26T16:43:58.509,36.071,204,64,302.938782,255,146627767,4948,8
2026-03-26T16:43:58.555,36.116,205,64,302.204071,255,146637727,4936,8
2026-03-26T16:43:58.557,36.118,206,64,301.591827,255,146647670,4926,8
2026-03-26T16:43:58.558,36.119,207,64,300.795929,255,146657634,4913,8
2026-03-26T16:43:58.559,36.120,208,64,300.061218,255,146667568,4901,8
2026-03-26T16:43:58.560,36.121,209,64,299.387756,255,146677532,4890,8
2026-03-26T16:43:58.606,36.167,210,64,298.714294,255,146687466,4879,8
2026-03-26T16:43:58.607,36.168,211,64,298.040833,255,146697426,4868,8
2026-03-26T16:43:58.610,36.172,212,64,297.244904,255,146707364,4855,8
2026-03-26T16:43:58.612,36.173,213,64,296.571411,255,146717322,4844,8
2026-03-26T16:43:58.613,36.174,214,65,295.836731,255,146727255,4832,8
2026-03-26T16:43:58.615,36.176,215,65,295.163269,255,146737219,4821,8
2026-03-26T16:43:58.657,36.218,216,64,294.489777,255,146747161,4810,8
2026-03-26T16:43:58.659,36.220,217,64,293.693878,255,146757119,4797,8
2026-03-26T16:43:58.662,36.223,218,65,293.020416,255,146767056,4786,8
2026-03-26T16:43:58.663,36.225,219,65,292.285736,255,146777017,4774,8
2026-03-26T16:43:58.665,36.226,220,65,291.612244,255,146786956,4763,8
2026-03-26T16:43:58.710,36.271,221,65,290.877533,255,146796916,4751,8
2026-03-26T16:43:58.712,36.273,222,65,290.204071,255,146806855,4740,8
2026-03-26T16:43:58.713,36.275,223,65,289.469391,255,146816815,4728,8
2026-03-26T16:43:58.715,36.276,224,65,288.857147,255,146826750,4718,8
2026-03-26T16:43:58.716,36.277,225,65,288.061218,255,146836711,4705,8
2026-03-26T16:43:58.758,36.319,226,64,287.326538,255,146846652,4693,8
2026-03-26T16:43:58.760,36.321,227,64,286.653076,255,146856614,4682,8
2026-03-26T16:43:58.761,36.322,228,65,285.918365,255,146866547,4670,8
2026-03-26T16:43:58.762,36.323,229,65,285.306122,255,146876499,4660,8
2026-03-26T16:43:58.763,36.325,230,64,284.510223,255,146886439,4647,8
2026-03-26T16:43:58.806,36.367,231,64,283.836731,255,146896396,4636,8
2026-03-26T16:43:58.808,36.369,232,64,283.102020,255,146906327,4624,8
2026-03-26T16:43:58.809,36.371,233,64,282.428558,255,146916284,4613,8
2026-03-26T16:43:58.811,36.372,234,64,281.755096,255,146926214,4602,8
2026-03-26T16:43:58.854,36.415,235,64,280.959198,255,146936172,4589,8
2026-03-26T16:43:58.855,36.417,236,64,280.285706,255,146946110,4578,8
2026-03-26T16:43:58.857,36.418,237,64,279.551025,255,146956074,4566,8
2026-03-26T16:43:58.860,36.421,238,64,278.877563,255,146966012,4555,8
2026-03-26T16:43:58.862,36.423,239,64,278.204071,255,146975976,4544,8
2026-03-26T16:43:58.863,36.424,240,64,277.469391,255,146985919,4532,8
2026-03-26T16:43:58.904,36.466,241,64,276.734680,255,146995879,4520,8
2026-03-26T16:43:58.906,36.467,242,64,276.122467,255,147005811,4510,8
2026-03-26T16:43:58.907,36.469,243,64,275.326538,255,147015773,4497,8
2026-03-26T16:43:58.909,36.470,244,64,274.591827,255,147025714,4485,8
2026-03-26T16:43:58.954,36.515,245,64,273.918365,255,147035675,4474,8
2026-03-26T16:43:58.956,36.518,246,64,273.183685,255,147045616,4462,8
2026-03-26T16:43:58.959,36.520,247,64,272.571411,255,147055578,4452,8
2026-03-26T16:43:58.960,36.521,248,64,271.775513,255,147065515,4439,8
2026-03-26T16:43:58.961,36.523,249,64,271.102051,255,147075478,4428,8
2026-03-26T16:43:58.963,36.524,250,64,270.367371,255,147085417,4416,8
2026-03-26T16:43:59.006,36.568,251,65,269.693878,255,147095378,4405,8
2026-03-26T16:43:59.008,36.569,252,65,269.020416,255,147105319,4394,8
2026-03-26T16:43:59.009,36.570,253,65,268.224487,255,147115278,4381,8
2026-03-26T16:43:59.011,36.572,254,65,267.551025,255,147125210,4370,8
2026-03-26T16:43:59.012,36.573,255,65,266.816315,255,147135170,4358,8
2026-03-26T16:43:59.055,36.617,0,65,266.142853,255,147145106,4347,8
2026-03-26T16:43:59.057,36.618,1,65,265.408173,255,147155060,4335,8
2026-03-26T16:43:59.058,36.620,2,65,264.734680,255,147164993,4324,8
2026-03-26T16:43:59.060,36.621,3,65,264.000000,255,147174952,4312,8
2026-03-26T16:43:59.061,36.622,4,65,263.326538,255,147184885,4301,8
2026-03-26T16:43:59.104,36.666,5,65,262.591858,255,147194841,4289,8
2026-03-26T16:43:59.106,36.667,6,65,261.857147,255,147204776,4277,8
2026-03-26T16:43:59.107,36.669,7,65,261.183655,255,147214740,4266,8
2026-03-26T16:43:59.109,36.670,8,65,260.448975,255,147224677,4254,8
2026-03-26T16:43:59.155,36.717,9,65,259.836731,255,147234638,4244,8
2026-03-26T16:43:59.157,36.718,10,65,259.040802,255,147244571,4231,8
2026-03-26T16:43:59.158,36.719,11,65,258.306122,255,147254532,4219,8
2026-03-26T16:43:59.160,36.721,12,64,257.632660,255,147264473,4208,8
2026-03-26T16:43:59.161,36.722,13,64,256.959198,255,147274428,4197,8
2026-03-26T16:43:59.162,36.724,14,64,256.285706,255,147284364,4186,8
2026-03-26T16:43:59.204,36.766,15,64,255.489792,255,147294322,4173,8
2026-03-26T16:43:59.206,36.767,16,64,254.816330,255,147304254,4162,8
2026-03-26T16:43:59.207,36.768,17,65,254.081619,255,147314215,4150,8
2026-03-26T16:43:59.208,36.769,18,65,253.408157,255,147324145,4139,8
2026-03-26T16:43:59.255,36.816,19,65,252.673462,255,147334103,4127,8
2026-03-26T16:43:59.256,36.817,20,65,252.000000,255,147344031,4116,8
2026-03-26T16:43:59.257,36.818,21,65,251.265305,255,147353993,4104,8
2026-03-26T16:43:59.258,36.819,22,65,250.591843,255,147363929,4093,8
2026-03-26T16:43:59.259,36.820,23,65,249.857147,255,147373888,4081,8
2026-03-26T16:43:59.260,36.821,24,65,249.183670,255,147383819,4070,8
2026-03-26T16:43:59.304,36.865,25,65,248.448990,255,147393783,4058,8
2026-03-26T16:43:59.305,36.867,26,65,247.714279,255,147403721,4046,8
2026-03-26T16:43:59.306,36.868,27,65,247.040802,255,147413681,4035,8
2026-03-26T16:43:59.308,36.869,28,65,246.306122,255,147423616,4023,8
2026-03-26T16:43:59.309,36.870,29,65,245.632645,255,147433577,4012,8
2026-03-26T16:43:59.354,36.916,30,65,244.897949,255,147443512,4000,8
2026-03-26T16:43:59.356,36.917,31,65,244.224487,255,147453473,3989,8
2026-03-26T16:43:59.357,36.918,32,65,243.551010,255,147463411,3978,8
2026-03-26T16:43:59.359,36.920,33,65,242.755112,255,147473372,3965,8
2026-03-26T16:43:59.360,36.922,34,65,242.081635,255,147483314,3954,8
2026-03-26T16:43:59.404,36.966,35,65,241.346954,255,147493280,3942,8
2026-03-26T16:43:59.406,36.967,36,65,240.673477,255,147503207,3931,8
2026-03-26T16:43:59.408,36.969,37,65,240.000000,255,147513168,3920,8
2026-03-26T16:43:59.409,36.971,38,65,239.265289,255,147523109,3908,8
2026-03-26T16:43:59.411,36.972,39,65,238.530609,255,147533072,3896,8
2026-03-26T16:43:59.455,37.016,40,65,237.857132,255,147543010,3885,8
2026-03-26T16:43:59.456,37.017,41,65,237.122452,255,147552976,3873,8
2026-03-26T16:43:59.457,37.019,42,65,236.387756,255,147562918,3861,8
2026-03-26T16:43:59.459,37.020,43,66,235.714294,255,147572881,3850,8
2026-03-26T16:43:59.460,37.021,44,66,235.102036,255,147582819,3840,8
2026-03-26T16:43:59.504,37.065,45,66,234.306122,255,147592775,3827,8
2026-03-26T16:43:59.505,37.067,46,66,233.571442,255,147602711,3815,8
2026-03-26T16:43:59.506,37.068,47,66,232.897964,255,147612675,3804,8
2026-03-26T16:43:59.509,37.070,48,66,232.163254,255,147622610,3792,8
2026-03-26T16:43:59.510,37.071,49,66,231.551025,255,147632572,3782,8
2026-03-26T16:43:59.555,37.116,50,66,230.755096,255,147642506,3769,8
2026-03-26T16:43:59.556,37.118,51,66,230.020416,255,147652460,3757,8
2026-03-26T16:43:59.557,37.119,52,66,229.346939,255,147662395,3746,8
2026-03-26T16:43:59.558,37.120,53,66,228.612244,255,147672354,3734,8
2026-03-26T16:43:59.559,37.121,54,66,227.938782,255,147682289,3723,8
2026-03-26T16:43:59.604,37.166,55,66,227.204086,255,147692248,3711,8
2026-03-26T16:43:59.606,37.167,56,66,226.530624,255,147702183,3700,8
2026-03-26T16:43:59.607,37.169,57,66,225.795914,255,147712145,3688,8
2026-03-26T16:43:59.610,37.171,58,66,225.122452,255,147722082,3677,8
2026-03-26T16:43:59.611,37.173,59,66,224.387741,255,147732039,3665,8
2026-03-26T16:43:59.654,37.216,60,66,223.653061,255,147741978,3653,8
2026-03-26T16:43:59.656,37.218,61,65,222.979584,255,147751943,3642,8
2026-03-26T16:43:59.658,37.219,62,65,222.367340,255,147761876,3632,8
2026-03-26T16:43:59.659,37.220,63,65,221.571426,255,147771837,3619,8
2026-03-26T16:43:59.660,37.221,64,65,220.836746,255,147781773,3607,8
2026-03-26T16:43:59.704,37.265,65,65,220.163269,255,147791738,3596,8
2026-03-26T16:43:59.705,37.267,66,66,219.428574,255,147801674,3584,8
2026-03-26T16:43:59.706,37.268,67,66,218.816330,255,147811642,3574,8
2026-03-26T16:43:59.707,37.269,68,65,218.020401,255,147821587,3561,8
2026-03-26T16:43:59.708,37.270,69,65,217.285706,255,147831552,3549,8
2026-03-26T16:43:59.755,37.316,70,65,216.612244,255,147841496,3538,8
2026-03-26T16:43:59.757,37.318,71,65,215.938766,255,147851460,3527,8
2026-03-26T16:43:59.760,37.321,72,66,215.265305,255,147861398,3516,8
2026-03-26T16:43:59.762,37.323,73,66,214.469391,255,147871362,3503,8
2026-03-26T16:43:59.764,37.325,74,66,213.795914,255,147881304,3492,8
2026-03-26T16:43:59.765,37.327,75,66,213.061234,255,147891264,3480,8
2026-03-26T16:43:59.805,37.366,76,66,212.387756,255,147901203,3469,8
2026-03-26T16:43:59.806,37.368,77,66,211.653076,255,147911167,3457,8
2026-03-26T16:43:59.808,37.369,78,66,210.918365,255,147921110,3445,8
2026-03-26T16:43:59.809,37.370,79,66,210.244888,255,147931073,3434,8
2026-03-26T16:43:59.855,37.416,80,66,209.571411,255,147941013,3423,8
2026-03-26T16:43:59.856,37.417,81,66,208.836731,255,147950976,3411,8
2026-03-26T16:43:59.857,37.418,82,66,208.163254,255,147960916,3400,8
2026-03-26T16:43:59.858,37.419,83,66,207.428574,255,147970878,3388,8
2026-03-26T16:43:59.859,37.420,84,66,206.693878,255,147980816,3376,8
2026-03-26T16:43:59.904,37.465,85,66,206.020416,255,147990779,3365,8
2026-03-26T16:43:59.905,37.467,86,66,205.285721,255,148000720,3353,8
2026-03-26T16:43:59.906,37.468,87,66,204.551010,255,148010692,3341,8
2026-03-26T16:43:59.907,37.469,88,66,203.877563,255,148020631,3330,8
2026-03-26T16:43:59.908,37.470,89,66,203.142853,255,148030598,3318,8
2026-03-26T16:43:59.954,37.516,90,66,202.530624,255,148040538,3308,8
2026-03-26T16:43:59.956,37.517,91,66,201.734695,255,148050501,3295,8
2026-03-26T16:43:59.957,37.518,92,66,201.061218,255,148060441,3284,8
2026-03-26T16:43:59.958,37.519,93,66,200.326538,255,148070404,3272,8
2026-03-26T16:43:59.959,37.520,94,66,199.653061,255,148080343,3261,8
2026-03-26T16:44:00.005,37.566,95,66,198.979584,255,148090303,3250,8
2026-03-26T16:44:00.007,37.568,96,66,198.183685,255,148100241,3237,8
2026-03-26T16:44:00.008,37.569,97,66,197.510208,255,148110205,3226,8
2026-03-26T16:44:00.010,37.571,98,66,196.775497,255,148120141,3214,8
2026-03-26T16:44:00.011,37.572,99,66,196.102036,255,148130098,3203,8
2026-03-26T16:44:00.012,37.573,100,66,195.367340,255,148140036,3191,8
2026-03-26T16:44:00.055,37.617,101,66,194.693878,255,148150001,3180,8
2026-03-26T16:44:00.057,37.618,102,66,193.959183,255,148159935,3168,8
2026-03-26T16:44:00.058,37.619,103,66,193.285706,255,148169895,3157,8
2026-03-26T16:44:00.059,37.620,104,66,192.551025,255,148179832,3145,8
2026-03-26T16:44:00.061,37.622,105,66,191.816330,255,148189796,3133,8
2026-03-26T16:44:00.104,37.665,106,66,191.142868,255,148199732,3122,8
2026-03-26T16:44:00.106,37.667,107,66,190.408173,255,148209698,3110,8
2026-03-26T16:44:00.108,37.670,108,66,189.795914,255,148219637,3100,8
2026-03-26T16:44:00.109,37.671,109,65,188.999985,255,148229598,3087,8
2026-03-26T16:44:00.110,37.672,110,65,188.265305,255,148239532,3075,8
2026-03-26T16:44:00.154,37.716,111,65,187.591827,255,148249491,3064,8
2026-03-26T16:44:00.156,37.718,112,66,186.857147,255,148259430,3052,8
2026-03-26T16:44:00.158,37.719,113,66,186.183670,255,148269394,3041,8
2026-03-26T16:44:00.159,37.720,114,66,185.448990,255,148279336,3029,8
2026-03-26T16:44:00.160,37.721,115,66,184.775513,255,148289301,3018,8
2026-03-26T16:44:00.205,37.766,116,66,184.040817,255,148299240,3006,8
2026-03-26T16:44:00.206,37.768,117,66,183.367355,255,148309204,2995,8
2026-03-26T16:44:00.208,37.769,118,66,182.632660,255,148319143,2983,8
2026-03-26T16:44:00.210,37.771,119,66,181.959198,255,148329106,2972,8
2026-03-26T16:44:00.211,37.772,120,66,181.224487,255,148339039,2960,8
2026-03-26T16:44:00.255,37.816,121,66,180.489792,255,148349005,2948,8
2026-03-26T16:44:00.257,37.818,122,66,179.816315,255,148358946,2937,8
2026-03-26T16:44:00.258,37.819,123,66,179.081635,255,148368909,2925,8
2026-03-26T16:44:00.260,37.821,124,66,178.346939,255,148378852,2913,8
2026-03-26T16:44:00.261,37.822,125,66,177.673477,255,148388817,2902,8
2026-03-26T16:44:00.304,37.866,126,66,177.000000,255,148398756,2891,8
2026-03-26T16:44:00.306,37.867,127,66,176.265305,255,148408723,2879,8
2026-03-26T16:44:00.308,37.869,128,66,175.530609,255,148418670,2867,8
2026-03-26T16:44:00.309,37.870,129,66,174.857147,255,148428634,2856,8
2026-03-26T16:44:00.310,37.871,130,66,174.122452,255,148438581,2844,8
2026-03-26T16:44:00.355,37.916,131,66,173.510208,255,148448547,2834,8
2026-03-26T16:44:00.356,37.917,132,66,172.714279,255,148458490,2821,8
2026-03-26T16:44:00.357,37.919,133,66,171.979599,255,148468461,2809,8
2026-03-26T16:44:00.358,37.920,134,66,171.306122,255,148478398,2798,8
2026-03-26T16:44:00.359,37.921,135,66,170.571426,255,148488365,2786,8
2026-03-26T16:44:00.404,37.965,136,66,169.897964,255,148498301,2775,8
2026-03-26T16:44:00.405,37.967,137,66,169.163269,255,148508269,2763,8
2026-03-26T16:44:00.407,37.968,138,66,168.489792,255,148518211,2752,8
2026-03-26T16:44:00.407,37.969,139,66,167.755112,255,148528175,2740,8
2026-03-26T16:44:00.408,37.970,140,67,167.081635,255,148538111,2729,8
2026-03-26T16:44:00.454,38.016,141,67,166.408157,255,148548079,2718,8
2026-03-26T16:44:00.456,38.017,142,67,165.673477,255,148558018,2706,8
2026-03-26T16:44:00.457,38.018,143,67,164.938782,255,148567984,2694,8
2026-03-26T16:44:00.458,38.019,144,67,164.265305,255,148577924,2683,8
2026-03-26T16:44:00.459,38.020,145,67,163.530609,255,148587891,2671,8
2026-03-26T16:44:00.504,38.066,146,67,162.795914,255,148597830,2659,8
2026-03-26T16:44:00.506,38.067,147,67,162.122437,255,148607791,2648,8
2026-03-26T16:44:00.508,38.069,148,67,161.448990,255,148617731,2637,8
2026-03-26T16:44:00.509,38.070,149,67,160.714279,255,148627693,2625,8
2026-03-26T16:44:00.510,38.071,150,67,159.979599,255,148637632,2613,8
2026-03-26T16:44:00.555,38.116,151,67,159.306122,255,148647597,2602,8
2026-03-26T16:44:00.556,38.117,152,67,158.571426,255,148657535,2590,8
2026-03-26T16:44:00.557,38.118,153,67,157.897949,255,148667498,2579,8
2026-03-26T16:44:00.558,38.119,154,67,157.163269,255,148677437,2567,8
2026-03-26T16:44:00.559,38.120,155,67,156.489792,255,148687400,2556,8
2026-03-26T16:44:00.605,38.166,156,67,155.755112,255,148697336,2544,8
2026-03-26T16:44:00.606,38.167,157,67,155.020401,255,148707293,2532,8
2026-03-26T16:44:00.607,38.168,158,67,154.408157,255,148717231,2522,8
2026-03-26T16:44:00.608,38.169,159,67,153.612244,255,148727190,2509,8
2026-03-26T16:44:00.609,38.170,160,68,152.938782,255,148737130,2498,8
2026-03-26T16:44:00.655,38.216,161,68,152.204086,255,148747084,2486,8
2026-03-26T16:44:00.656,38.217,162,68,151.530609,255,148757018,2475,8
2026-03-26T16:44:00.657,38.218,163,68,150.795914,255,148766973,2463,8
2026-03-26T16:44:00.658,38.219,164,68,150.122452,255,148776909,2452,8
2026-03-26T16:44:00.659,38.220,165,68,149.387756,255,148786864,2440,8
2026-03-26T16:44:00.704,38.265,166,69,148.714279,255,148796799,2429,8
2026-03-26T16:44:00.705,38.267,167,69,147.979599,255,148806764,2417,8
2026-03-26T16:44:00.707,38.268,168,69,147.306122,255,148816694,2406,8
2026-03-26T16:44:00.709,38.270,169,69,146.571426,255,148826657,2394,8
2026-03-26T16:44:00.710,38.271,170,69,145.897949,255,148836592,2383,8
2026-03-26T16:44:00.755,38.316,171,69,145.163269,255,148846556,2371,8
2026-03-26T16:44:00.756,38.317,172,68,144.428574,255,148856496,2359,8
2026-03-26T16:44:00.757,38.319,173,67,143.755112,255,148866461,2348,8
2026-03-26T16:44:00.758,38.320,174,64,143.020401,255,148876398,2336,8
2026-03-26T16:44:00.759,38.321,175,63,142.408157,255,148886364,2326,8
2026-03-26T16:44:00.804,38.366,176,62,141.612244,255,148896302,2313,8
2026-03-26T16:44:00.806,38.367,177,61,140.938782,255,148906265,2302,8
2026-03-26T16:44:00.807,38.368,178,60,140.204086,255,148916204,2290,8
2026-03-26T16:44:00.808,38.369,179,60,139.530609,255,148926173,2279,8
2026-03-26T16:44:00.809,38.370,180,58,138.795914,255,148936108,2267,8
2026-03-26T16:44:00.855,38.416,181,59,138.061234,255,148946074,2255,8
2026-03-26T16:44:00.856,38.417,182,59,137.387756,255,148956013,2244,8
2026-03-26T16:44:00.857,38.418,183,59,136.714279,255,148965977,2233,8
2026-03-26T16:44:00.858,38.419,184,59,135.979599,255,148975912,2221,8
2026-03-26T16:44:00.859,38.420,185,60,135.244904,255,148985872,2209,8
2026-03-26T16:44:00.905,38.466,186,59,134.571426,255,148995805,2198,8
2026-03-26T16:44:00.907,38.468,187,58,133.836731,255,149005759,2186,8
2026-03-26T16:44:00.908,38.469,188,58,133.224487,255,149015691,2176,8
2026-03-26T16:44:00.909,38.471,189,58,132.428574,255,149025649,2163,8
2026-03-26T16:44:00.910,38.472,190,58,131.693878,255,149035585,2151,8
2026-03-26T16:44:00.912,38.473,191,58,131.020401,255,149045542,2140,8
2026-03-26T16:44:00.955,38.516,192,58,130.285721,255,149055477,2128,8
2026-03-26T16:44:00.957,38.518,193,61,129.673462,255,149065441,2118,8
2026-03-26T16:44:00.958,38.519,194,62,128.877548,255,149075376,2105,8
2026-03-26T16:44:00.959,38.520,195,62,128.204071,255,149085334,2094,8
2026-03-26T16:44:01.005,38.566,196,62,127.530617,255,149095269,2083,8
2026-03-26T16:44:01.006,38.567,197,62,126.857147,255,149105229,2072,8
2026-03-26T16:44:01.007,38.568,198,62,126.122444,255,149115162,2060,8
2026-03-26T16:44:01.008,38.569,199,61,125.387756,255,149125122,2048,8
2026-03-26T16:44:01.009,38.570,200,60,124.714287,255,149135056,2037,8
2026-03-26T16:44:01.011,38.572,201,60,124.040817,255,149145018,2026,8
2026-03-26T16:44:01.054,38.615,202,60,123.306129,255,149154956,2014,8
2026-03-26T16:44:01.055,38.617,203,61,122.632660,255,149164912,2003,8
2026-03-26T16:44:01.056,38.618,204,60,121.897957,255,149174846,1991,8
2026-03-26T16:44:01.058,38.620,205,59,121.224487,255,149184809,1980,8
2026-03-26T16:44:01.059,38.621,206,59,120.551018,255,149194742,1969,8
2026-03-26T16:44:01.104,38.666,207,58,119.816322,255,149204696,1957,8
2026-03-26T16:44:01.106,38.667,208,58,119.142853,255,149214627,1946,8
2026-03-26T16:44:01.108,38.670,209,58,118.530617,255,149224584,1936,8
2026-03-26T16:44:01.109,38.671,210,56,117.734695,255,149234519,1923,8
2026-03-26T16:44:01.110,38.672,211,54,117.061226,255,149244477,1912,8
2026-03-26T16:44:01.154,38.716,212,51,116.387756,255,149254405,1901,8
2026-03-26T16:44:01.156,38.717,213,48,115.653069,255,149264364,1889,8
2026-03-26T16:44:01.157,38.718,214,45,114.979591,255,149274292,1878,8
2026-03-26T16:44:01.158,38.719,215,43,114.306122,255,149284254,1867,8
2026-03-26T16:44:01.159,38.720,216,43,113.632652,255,149294187,1856,8
2026-03-26T16:44:01.205,38.766,217,43,112.897957,255,149304144,1844,8
2026-03-26T16:44:01.206,38.768,218,44,112.163261,255,149314077,1832,8
2026-03-26T16:44:01.207,38.769,219,44,111.489792,255,149324037,1821,8
2026-03-26T16:44:01.208,38.769,220,45,110.816322,255,149333973,1810,8
2026-03-26T16:44:01.209,38.770,221,46,110.142853,255,149343932,1799,8
2026-03-26T16:44:01.254,38.815,222,48,109.408165,255,149353855,1787,8
2026-03-26T16:44:01.255,38.817,223,49,108.734695,255,149363822,1776,8
2026-03-26T16:44:01.257,38.818,224,51,108.061226,255,149373756,1765,8
2026-03-26T16:44:01.258,38.819,225,52,107.326530,255,149383714,1753,8
2026-03-26T16:44:01.259,38.820,226,52,106.653061,255,149393651,1742,8
2026-03-26T16:44:01.304,38.865,227,52,105.918365,255,149403612,1730,8
2026-03-26T16:44:01.305,38.867,228,52,105.244896,255,149413544,1719,8
2026-03-26T16:44:01.307,38.868,229,52,104.571434,255,149423508,1708,8
2026-03-26T16:44:01.307,38.869,230,52,103.836731,255,149433443,1696,8
2026-03-26T16:44:01.308,38.870,231,52,103.224495,255,149443405,1686,8
2026-03-26T16:44:01.355,38.916,232,52,102.489792,255,149453336,1674,8
2026-03-26T16:44:01.356,38.917,233,51,101.755104,255,149463298,1662,8
2026-03-26T16:44:01.357,38.919,234,49,101.081635,255,149473231,1651,8
2026-03-26T16:44:01.358,38.920,235,47,100.408165,255,149483185,1640,8
2026-03-26T16:44:01.359,38.920,236,46,99.673470,255,149493128,1628,8
2026-03-26T16:44:01.404,38.966,237,45,99.000000,255,149503080,1617,8
2026-03-26T16:44:01.406,38.967,238,44,98.326530,255,149513025,1606,8
2026-03-26T16:44:01.407,38.968,239,44,97.591835,255,149522984,1594,8
2026-03-26T16:44:01.408,38.969,240,44,96.918373,255,149532916,1583,8
2026-03-26T16:44:01.409,38.970,241,44,96.244904,255,149542884,1572,8
2026-03-26T16:44:01.454,39.015,242,44,95.510201,255,149552818,1560,8
2026-03-26T16:44:01.455,39.017,243,44,94.836731,255,149562776,1549,8
2026-03-26T16:44:01.457,39.018,244,44,94.163261,255,149572710,1538,8
2026-03-26T16:44:01.459,39.020,245,44,93.428574,255,149582666,1526,8
2026-03-26T16:44:01.460,39.021,246,44,92.755104,255,149592593,1515,8
2026-03-26T16:44:01.505,39.066,247,44,92.081627,255,149602548,1504,8
2026-03-26T16:44:01.506,39.067,248,44,91.346939,255,149612474,1492,8
2026-03-26T16:44:01.507,39.069,249,44,90.734688,255,149622436,1482,8
2026-03-26T16:44:01.509,39.070,250,44,90.000000,255,149632366,1470,8
2026-03-26T16:44:01.510,39.071,251,44,89.326530,255,149642322,1459,8
2026-03-26T16:44:01.554,39.115,252,44,88.653061,255,149652250,1448,8
2026-03-26T16:44:01.556,39.117,253,44,87.918373,255,149662217,1436,8
2026-03-26T16:44:01.557,39.118,254,44,87.183678,255,149672153,1424,8
2026-03-26T16:44:01.558,39.119,255,44,86.510208,255,149682113,1413,8
2026-03-26T16:44:01.559,39.120,0,44,85.836731,255,149692046,1402,8
2026-03-26T16:44:01.605,39.166,1,44,85.102043,255,149702011,1390,8
2026-03-26T16:44:01.606,39.168,2,44,84.428566,255,149711947,1379,8
2026-03-26T16:44:01.607,39.169,3,40,83.755104,255,149721906,1368,8
2026-03-26T16:44:01.608,39.170,4,40,83.020409,255,149731844,1356,8
2026-03-26T16:44:01.610,39.171,5,40,82.346939,255,149741804,1345,8
2026-03-26T16:44:01.654,39.215,6,40,81.612244,255,149751737,1333,8
2026-03-26T16:44:01.656,39.217,7,40,80.938774,255,149761704,1322,8
2026-03-26T16:44:01.657,39.218,8,40,80.204079,255,149771636,1310,8
2026-03-26T16:44:01.658,39.219,9,40,79.591835,255,149781601,1300,8
2026-03-26T16:44:01.659,39.220,10,40,78.795921,255,149791535,1287,8
2026-03-26T16:44:01.704,39.266,11,40,78.122452,255,149801495,1276,8
2026-03-26T16:44:01.706,39.267,12,40,77.387756,255,149811432,1264,8
2026-03-26T16:44:01.707,39.268,13,40,76.653061,255,149821396,1252,8
2026-03-26T16:44:01.708,39.269,14,40,76.040817,255,149831331,1242,8
2026-03-26T16:44:01.709,39.271,15,40,75.244904,255,149841294,1229,8
2026-03-26T16:44:01.755,39.316,16,40,74.571426,255,149851230,1218,8
2026-03-26T16:44:01.757,39.318,17,40,73.836739,255,149861195,1206,8
2026-03-26T16:44:01.758,39.319,18,40,73.163261,255,149871123,1195,8
2026-03-26T16:44:01.759,39.320,19,40,72.428574,255,149881088,1183,8
2026-03-26T16:44:01.760,39.321,20,40,71.755104,255,149891030,1172,8
2026-03-26T16:44:01.804,39.366,21,41,71.020409,255,149900993,1160,8
2026-03-26T16:44:01.806,39.367,22,41,70.346939,255,149910925,1149,8
2026-03-26T16:44:01.807,39.368,23,40,69.612244,255,149920902,1137,8
2026-03-26T16:44:01.808,39.369,24,41,68.877548,255,149930840,1125,8
2026-03-26T16:44:01.809,39.370,25,41,68.204079,255,149940806,1114,8
2026-03-26T16:44:01.855,39.416,26,41,67.469383,255,149950747,1102,8
2026-03-26T16:44:01.857,39.418,27,40,66.857147,255,149960718,1092,8
2026-03-26T16:44:01.858,39.419,28,41,66.061226,255,149970658,1079,8
2026-03-26T16:44:01.859,39.420,29,41,65.326530,255,149980627,1067,8
2026-03-26T16:44:01.860,39.421,30,41,64.653061,255,149990567,1056,8
2026-03-26T16:44:01.861,39.423,31,41,63.918365,255,150000539,1044,8
2026-03-26T16:44:01.904,39.465,32,41,63.306126,255,150010474,1034,8
2026-03-26T16:44:01.906,39.467,33,41,62.510204,255,150020441,1021,8
2026-03-26T16:44:01.907,39.468,34,41,61.836735,255,150030377,1010,8
2026-03-26T16:44:01.908,39.469,35,41,61.102039,255,150040346,998,8
2026-03-26T16:44:01.954,39.515,36,41,60.428570,255,150050284,987,8
2026-03-26T16:44:01.956,39.517,37,40,59.755100,255,150060251,976,8
2026-03-26T16:44:01.957,39.519,38,40,58.959183,255,150070182,963,8
2026-03-26T16:44:01.958,39.520,39,40,58.285717,255,150080148,952,8
2026-03-26T16:44:01.959,39.521,40,40,57.551022,255,150090084,940,8
2026-03-26T16:44:01.960,39.522,41,40,56.877552,255,150100049,929,8
2026-03-26T16:44:02.004,39.566,42,41,56.142857,255,150109986,917,8
2026-03-26T16:44:02.006,39.567,43,41,55.469387,255,150119944,906,8
2026-03-26T16:44:02.007,39.568,44,41,54.734692,255,150129881,894,8
2026-03-26T16:44:02.008,39.569,45,41,54.061226,255,150139844,883,8
2026-03-26T16:44:02.055,39.616,46,41,53.326530,255,150149779,871,8
2026-03-26T16:44:02.057,39.618,47,41,52.591839,255,150159741,859,8
2026-03-26T16:44:02.058,39.619,48,41,51.918365,255,150169677,848,8
2026-03-26T16:44:02.059,39.620,49,41,51.183670,255,150179639,836,8
2026-03-26T16:44:02.060,39.621,50,41,50.510201,255,150189572,825,8
2026-03-26T16:44:02.061,39.622,51,40,49.775513,255,150199543,813,8
2026-03-26T16:44:02.105,39.666,52,41,49.040817,255,150209474,801,8
2026-03-26T16:44:02.107,39.668,53,41,48.367348,255,150219434,790,8
2026-03-26T16:44:02.108,39.669,54,41,47.632652,255,150229376,778,8
2026-03-26T16:44:02.109,39.670,55,41,46.959183,255,150239337,767,8
2026-03-26T16:44:02.110,39.671,56,42,46.285717,255,150249274,756,8
2026-03-26T16:44:02.154,39.716,57,42,45.489799,255,150259232,743,8
2026-03-26T16:44:02.156,39.717,58,43,44.816326,255,150269164,732,8
2026-03-26T16:44:02.157,39.718,59,45,44.081635,255,150279126,720,8
2026-03-26T16:44:02.158,39.719,60,46,43.408161,255,150289060,709,8
2026-03-26T16:44:02.159,39.720,61,46,42.734695,255,150299024,698,8
2026-03-26T16:44:02.204,39.765,62,46,42.000000,255,150308962,686,8
2026-03-26T16:44:02.205,39.767,63,46,41.326530,255,150318928,675,8
2026-03-26T16:44:02.207,39.768,64,46,40.591839,255,150328860,663,8
2026-03-26T16:44:02.208,39.769,65,46,39.918365,255,150338828,652,8
2026-03-26T16:44:02.209,39.770,66,46,39.306122,255,150348763,642,8
2026-03-26T16:44:02.254,39.815,67,46,38.510204,255,150358730,629,8
2026-03-26T16:44:02.256,39.817,68,46,37.836735,255,150368668,618,8
2026-03-26T16:44:02.257,39.818,69,46,37.102039,255,150378633,606,8
2026-03-26T16:44:02.259,39.820,70,47,36.428574,255,150388564,595,8
2026-03-26T16:44:02.260,39.821,71,47,35.693878,255,150398530,583,8
2026-03-26T16:44:02.304,39.866,72,47,35.020409,255,150408462,572,8
2026-03-26T16:44:02.306,39.867,73,48,34.408165,255,150418425,562,8
2026-03-26T16:44:02.307,39.869,74,50,33.612244,255,150428364,549,8
2026-03-26T16:44:02.310,39.871,75,52,32.938778,255,150438322,538,8
2026-03-26T16:44:02.311,39.872,76,48,32.265305,255,150448255,527,8
2026-03-26T16:44:02.355,39.916,77,48,31.591835,255,150458213,516,8
2026-03-26T16:44:02.356,39.918,78,48,30.857143,255,150468148,504,8
2026-03-26T16:44:02.358,39.919,79,48,30.122450,255,150478118,492,8
2026-03-26T16:44:02.359,39.920,80,48,29.448978,255,150488054,481,8
2026-03-26T16:44:02.359,39.921,81,48,28.714287,255,150498016,469,8
2026-03-26T16:44:02.405,39.966,82,48,27.979591,255,150507955,457,8
2026-03-26T16:44:02.406,39.968,83,48,27.306122,255,150517919,446,8
2026-03-26T16:44:02.407,39.969,84,48,26.632654,255,150527854,435,8
2026-03-26T16:44:02.408,39.969,85,48,25.897959,255,150537821,423,8
2026-03-26T16:44:02.409,39.971,86,48,25.163265,255,150547759,411,8
2026-03-26T16:44:02.454,40.016,87,48,24.489798,255,150557720,400,8
2026-03-26T16:44:02.456,40.017,88,48,23.755102,255,150567657,388,8
2026-03-26T16:44:02.457,40.019,89,48,23.020407,255,150577620,376,8
2026-03-26T16:44:02.458,40.020,90,48,22.346939,255,150587556,365,8
2026-03-26T16:44:02.459,40.021,91,48,21.612246,255,150597517,353,8
2026-03-26T16:44:02.504,40.065,92,48,20.938776,255,150607448,342,8
2026-03-26T16:44:02.506,40.067,93,48,20.204081,255,150617409,330,8
2026-03-26T16:44:02.507,40.068,94,48,19.530613,255,150627344,319,8
2026-03-26T16:44:02.508,40.069,95,48,18.857143,255,150637299,308,8
2026-03-26T16:44:02.509,40.070,96,48,18.061224,255,150647224,295,8
2026-03-26T16:44:02.555,40.116,97,49,17.387754,255,150657187,284,8
2026-03-26T16:44:02.556,40.117,98,49,16.653061,255,150667118,272,8
2026-03-26T16:44:02.557,40.118,99,49,15.979591,255,150677075,261,8
2026-03-26T16:44:02.558,40.119,100,49,15.306122,255,150687008,250,8
2026-03-26T16:44:02.559,40.120,101,48,14.571429,255,150696973,238,8
2026-03-26T16:44:02.605,40.166,102,48,13.836735,255,150706902,226,8
2026-03-26T16:44:02.606,40.167,103,48,13.163265,255,150716870,215,8
2026-03-26T16:44:02.607,40.169,104,47,12.428572,255,150726809,203,8
2026-03-26T16:44:02.608,40.170,105,47,11.755101,255,150736776,192,8
2026-03-26T16:44:02.609,40.170,106,47,11.020409,255,150746716,180,8
2026-03-26T16:44:02.654,40.215,107,46,10.346938,255,150756685,169,8
2026-03-26T16:44:02.655,40.217,108,46,9.612246,255,150766619,157,8
2026-03-26T16:44:02.656,40.218,109,46,8.938775,255,150776578,146,8
2026-03-26T16:44:02.657,40.219,110,46,8.326530,255,150786523,136,8
2026-03-26T16:44:02.659,40.220,111,46,7.530612,255,150796481,123,8
2026-03-26T16:44:02.704,40.266,112,46,6.857143,255,150806421,112,8
2026-03-26T16:44:02.706,40.267,113,42,6.183673,255,150816385,101,8
2026-03-26T16:44:02.707,40.268,114,41,5.510204,255,150826319,90,8
2026-03-26T16:44:02.708,40.269,115,41,4.775510,255,150836279,78,8
2026-03-26T16:44:02.709,40.271,116,42,4.040816,255,150846212,66,8
2026-03-26T16:44:02.755,40.316,117,42,3.367347,255,150856178,55,8
2026-03-26T16:44:02.756,40.318,118,42,2.632653,255,150866112,43,8
2026-03-26T16:44:02.758,40.319,119,42,1.897959,255,150876071,31,8
2026-03-26T16:44:02.759,40.320,120,42,1.224490,255,150886005,20,8
2026-03-26T16:44:02.760,40.322,121,42,0.551020,255,150895960,9,8
2026-03-26T16:44:02.762,40.323,122,42,359.816315,255,150905899,5877,8
2026-03-26T16:44:02.805,40.366,123,42,359.081635,255,150915855,5865,8
2026-03-26T16:44:02.806,40.367,124,42,358.408173,255,150925794,5854,8
2026-03-26T16:44:02.807,40.369,125,42,357.673462,255,150935760,5842,8
2026-03-26T16:44:02.808,40.370,126,42,357.061218,255,150945695,5832,8
2026-03-26T16:44:02.855,40.416,127,42,356.265320,255,150955656,5819,8
2026-03-26T16:44:02.856,40.417,128,41,355.530609,255,150965596,5807,8
2026-03-26T16:44:02.857,40.418,129,41,354.857147,255,150975557,5796,8
2026-03-26T16:44:02.858,40.419,130,41,354.122437,255,150985496,5784,8
2026-03-26T16:44:02.859,40.420,131,41,353.510223,255,150995462,5774,8
2026-03-26T16:44:02.905,40.467,132,41,352.714294,255,151005394,5761,8
2026-03-26T16:44:02.907,40.468,133,41,352.040802,255,151015359,5750,8
2026-03-26T16:44:02.908,40.470,134,41,351.306122,255,151025298,5738,8
2026-03-26T16:44:02.909,40.471,135,42,350.632660,255,151035264,5727,8
2026-03-26T16:44:02.910,40.471,136,42,349.897949,255,151045210,5715,8
2026-03-26T16:44:02.911,40.472,137,42,349.163269,255,151055176,5703,8
2026-03-26T16:44:02.955,40.516,138,42,348.489807,255,151065112,5692,8
2026-03-26T16:44:02.957,40.518,139,42,347.755096,255,151075080,5680,8
2026-03-26T16:44:02.958,40.519,140,42,347.081635,255,151085013,5669,8
2026-03-26T16:44:02.959,40.520,141,42,346.346924,255,151094979,5657,8
2026-03-26T16:44:02.960,40.521,142,42,345.612244,255,151104909,5645,8
2026-03-26T16:44:03.004,40.566,143,42,344.938782,255,151114864,5634,8
2026-03-26T16:44:03.006,40.567,144,42,344.265289,255,151124805,5623,8
2026-03-26T16:44:03.007,40.568,145,42,343.530609,255,151134763,5611,8
2026-03-26T16:44:03.008,40.569,146,43,342.795929,255,151144700,5599,8
2026-03-26T16:44:03.009,40.571,147,46,342.122467,255,151154660,5588,8
2026-03-26T16:44:03.054,40.616,148,48,341.387756,255,151164590,5576,8
2026-03-26T16:44:03.056,40.617,149,50,340.775513,255,151174555,5566,8
2026-03-26T16:44:03.058,40.619,150,53,339.979584,255,151184487,5553,8
2026-03-26T16:44:03.059,40.621,151,58,339.306122,255,151194449,5542,8
2026-03-26T16:44:03.061,40.622,152,61,338.632629,255,151204384,5531,8
2026-03-26T16:44:03.104,40.666,153,62,337.897949,255,151214351,5519,8
2026-03-26T16:44:03.106,40.667,154,66,337.224487,255,151224289,5508,8
2026-03-26T16:44:03.107,40.669,155,69,336.551025,255,151234257,5497,8
2026-03-26T16:44:03.108,40.670,156,70,335.877533,255,151244193,5486,8
2026-03-26T16:44:03.109,40.671,157,71,335.142853,255,151254156,5474,8
2026-03-26T16:44:03.154,40.716,158,72,334.408173,255,151264087,5462,8
2026-03-26T16:44:03.156,40.718,159,72,333.734680,255,151274050,5451,8
2026-03-26T16:44:03.158,40.719,160,72,333.061218,255,151283985,5440,8
2026-03-26T16:44:03.159,40.720,161,73,332.387756,255,151293952,5429,8
2026-03-26T16:44:03.160,40.721,162,73,331.653076,255,151303889,5417,8
2026-03-26T16:44:03.205,40.766,163,72,330.918365,255,151313847,5405,8
2026-03-26T16:44:03.206,40.767,164,72,330.244904,255,151323784,5394,8
2026-03-26T16:44:03.207,40.768,165,72,329.571442,255,151333746,5383,8
2026-03-26T16:44:03.209,40.770,166,73,328.836731,255,151343679,5371,8
2026-03-26T16:44:03.210,40.771,167,73,328.163269,255,151353648,5360,8
2026-03-26T16:44:03.254,40.815,168,73,327.551025,255,151363588,5350,8
2026-03-26T16:44:03.256,40.817,169,73,326.755096,255,151373555,5337,8
2026-03-26T16:44:03.257,40.818,170,74,326.081635,255,151383490,5326,8
2026-03-26T16:44:03.259,40.820,171,74,325.408173,255,151393451,5315,8
2026-03-26T16:44:03.260,40.821,172,74,324.673462,255,151403385,5303,8
2026-03-26T16:44:03.305,40.866,173,74,324.000000,255,151413349,5292,8
2026-03-26T16:44:03.308,40.869,174,74,323.326508,255,151423290,5281,8
2026-03-26T16:44:03.310,40.871,175,74,322.591827,255,151433255,5269,8
2026-03-26T16:44:03.312,40.873,176,75,321.918365,255,151443192,5258,8
2026-03-26T16:44:03.314,40.875,177,75,321.244904,255,151453150,5247,8
2026-03-26T16:44:03.355,40.916,178,75,320.571411,255,151463092,5236,8
2026-03-26T16:44:03.356,40.917,179,75,319.836731,255,151473061,5224,8
2026-03-26T16:44:03.357,40.919,180,76,319.163269,255,151483005,5213,8
2026-03-26T16:44:03.358,40.920,181,76,318.428558,255,151492973,5201,8
2026-03-26T16:44:03.360,40.921,182,76,317.755096,255,151502911,5190,8
2026-03-26T16:44:03.405,40.966,183,76,317.081635,255,151512874,5179,8
2026-03-26T16:44:03.406,40.968,184,77,316.346954,255,151522815,5167,8
2026-03-26T16:44:03.408,40.969,185,77,315.673462,255,151532780,5156,8
2026-03-26T16:44:03.408,40.970,186,78,314.938782,255,151542717,5144,8
2026-03-26T16:44:03.410,40.971,187,78,314.265320,255,151552681,5133,8
2026-03-26T16:44:03.454,41.016,188,78,313.591827,255,151562616,5122,8
2026-03-26T16:44:03.456,41.017,189,78,312.857147,255,151572577,5110,8
2026-03-26T16:44:03.457,41.018,190,78,312.244904,255,151582518,5100,8
2026-03-26T16:44:03.458,41.019,191,78,311.448975,255,151592484,5087,8
2026-03-26T16:44:03.459,41.020,192,78,310.775513,255,151602419,5076,8
2026-03-26T16:44:03.504,41.065,193,78,310.163269,255,151612378,5066,8
2026-03-26T16:44:03.506,41.067,194,78,309.367340,255,151622315,5053,8
2026-03-26T16:44:03.507,41.068,195,78,308.693878,255,151632279,5042,8
2026-03-26T16:44:03.508,41.070,196,78,308.020386,255,151642210,5031,8
2026-03-26T16:44:03.509,41.071,197,77,307.285706,255,151652176,5019,8
2026-03-26T16:44:03.555,41.116,198,77,306.612244,255,151662109,5008,8
2026-03-26T16:44:03.556,41.117,199,78,305.938782,255,151672072,4997,8
2026-03-26T16:44:03.557,41.119,200,78,305.265289,255,151682005,4986,8
2026-03-26T16:44:03.558,41.120,201,78,304.530609,255,151691973,4974,8
2026-03-26T16:44:03.559,41.120,202,78,303.857147,255,151701900,4963,8
2026-03-26T16:44:03.604,41.165,203,78,303.122437,255,151711857,4951,8
2026-03-26T16:44:03.606,41.167,204,78,302.448975,255,151721791,4940,8
2026-03-26T16:44:03.607,41.168,205,78,301.836731,255,151731748,4930,8
2026-03-26T16:44:03.608,41.169,206,78,301.040833,255,151741679,4917,8
2026-03-26T16:44:03.609,41.170,207,78,300.367340,255,151751640,4906,8
2026-03-26T16:44:03.654,41.216,208,78,299.693878,255,151761574,4895,8
2026-03-26T16:44:03.656,41.217,209,78,298.959198,255,151771535,4883,8
2026-03-26T16:44:03.657,41.219,210,78,298.285706,255,151781469,4872,8
2026-03-26T16:44:03.659,41.221,211,78,297.551025,255,151791432,4860,8
2026-03-26T16:44:03.660,41.222,212,78,296.877563,255,151801372,4849,8
2026-03-26T16:44:03.705,41.266,213,78,296.204102,255,151811332,4838,8
2026-03-26T16:44:03.707,41.268,214,78,295.530609,255,151821269,4827,8
2026-03-26T16:44:03.708,41.269,215,78,294.857147,255,151831229,4816,8
2026-03-26T16:44:03.709,41.270,216,78,294.122467,255,151841169,4804,8
2026-03-26T16:44:03.710,41.271,217,78,293.387756,255,151851131,4792,8
2026-03-26T16:44:03.755,41.316,218,78,292.714264,255,151861065,4781,8
2026-03-26T16:44:03.757,41.318,219,78,292.040802,255,151871030,4770,8
2026-03-26T16:44:03.758,41.320,220,78,291.367371,255,151880973,4759,8
2026-03-26T16:44:03.760,41.321,221,78,290.632660,255,151890935,4747,8
2026-03-26T16:44:03.761,41.322,222,78,289.959167,255,151900871,4736,8
2026-03-26T16:44:03.762,41.324,223,78,289.224487,255,151910838,4724,8
2026-03-26T16:44:03.804,41.365,224,78,288.551025,255,151920782,4713,8
2026-03-26T16:44:03.806,41.367,225,78,287.816315,255,151930754,4701,8
2026-03-26T16:44:03.807,41.368,226,78,287.142853,255,151940694,4690,8
2026-03-26T16:44:03.808,41.369,227,77,286.469391,255,151950663,4679,8
2026-03-26T16:44:03.854,41.416,228,77,285.734711,255,151960599,4667,8
2026-03-26T16:44:03.856,41.417,229,77,285.061218,255,151970568,4656,8
2026-03-26T16:44:03.858,41.419,230,77,284.448975,255,151980509,4646,8
2026-03-26T16:44:03.859,41.420,231,77,283.653076,255,151990476,4633,8
2026-03-26T16:44:03.860,41.422,232,77,282.979584,255,152000420,4622,8
2026-03-26T16:44:03.861,41.423,233,77,282.306122,255,152010383,4611,8
2026-03-26T16:44:03.904,41.466,234,77,281.571442,255,152020322,4599,8
2026-03-26T16:44:03.906,41.467,235,77,280.897980,255,152030290,4588,8
2026-03-26T16:44:03.907,41.468,236,77,280.224487,255,152040220,4577,8
2026-03-26T16:44:03.908,41.469,237,77,279.489807,255,152050184,4565,8
2026-03-26T16:44:03.954,41.515,238,77,278.816345,255,152060127,4554,8
2026-03-26T16:44:03.956,41.517,239,77,278.142853,255,152070083,4543,8
2026-03-26T16:44:03.957,41.518,240,77,277.469391,255,152080016,4532,8
2026-03-26T16:44:03.958,41.519,241,77,276.734680,255,152089978,4520,8
2026-03-26T16:44:03.959,41.520,242,77,276.061249,255,152099917,4509,8
2026-03-26T16:44:03.961,41.522,243,77,275.326538,255,152109881,4497,8
2026-03-26T16:44:04.004,41.566,244,78,274.653046,255,152119808,4486,8
2026-03-26T16:44:04.006,41.567,245,78,273.979584,255,152129773,4475,8
2026-03-26T16:44:04.007,41.568,246,78,273.244904,255,152139713,4463,8
2026-03-26T16:44:04.008,41.569,247,78,272.571411,255,152149674,4452,8
2026-03-26T16:44:04.009,41.570,248,79,271.959198,255,152159612,4442,8
2026-03-26T16:44:04.054,41.616,249,78,271.163269,255,152169573,4429,8
2026-03-26T16:44:04.056,41.617,250,78,270.489807,255,152179504,4418,8
2026-03-26T16:44:04.057,41.618,251,78,269.877533,255,152189472,4408,8
2026-03-26T16:44:04.058,41.619,252,78,269.081635,255,152199412,4395,8
2026-03-26T16:44:04.059,41.620,253,78,268.408173,255,152209368,4384,8
2026-03-26T16:44:04.105,41.666,254,77,267.795898,255,152219306,4374,8
2026-03-26T16:44:04.107,41.668,255,77,267.061218,255,152229270,4362,8
2026-03-26T16:44:04.110,41.671,0,76,266.326538,255,152239202,4350,8
2026-03-26T16:44:04.111,41.672,1,76,265.653076,255,152249159,4339,8
2026-03-26T16:44:04.113,41.674,2,76,264.979584,255,152259096,4328,8
2026-03-26T16:44:04.154,41.715,3,76,264.244904,255,152269059,4316,8
2026-03-26T16:44:04.156,41.717,4,75,263.571442,255,152278993,4305,8
2026-03-26T16:44:04.157,41.719,5,75,262.897949,255,152288956,4294,8
2026-03-26T16:44:04.160,41.721,6,75,262.285706,255,152298890,4284,8
2026-03-26T16:44:04.162,41.723,7,75,261.489807,255,152308852,4271,8
2026-03-26T16:44:04.204,41.765,8,75,260.816345,255,152318785,4260,8
2026-03-26T16:44:04.206,41.767,9,75,260.204071,255,152328750,4250,8
2026-03-26T16:44:04.207,41.769,10,75,259.408173,255,152338684,4237,8
2026-03-26T16:44:04.209,41.770,11,75,258.734711,255,152348642,4226,8
2026-03-26T16:44:04.210,41.771,12,75,258.061218,255,152358574,4215,8
2026-03-26T16:44:04.255,41.816,13,75,257.326538,255,152368540,4203,8
2026-03-26T16:44:04.256,41.817,14,75,256.653076,255,152378473,4192,8
2026-03-26T16:44:04.257,41.819,15,75,255.979599,255,152388433,4181,8
2026-03-26T16:44:04.259,41.820,16,75,255.244888,255,152398364,4169,8
2026-03-26T16:44:04.260,41.821,17,76,254.571411,255,152408324,4158,8
2026-03-26T16:44:04.305,41.866,18,76,253.897964,255,152418249,4147,8
2026-03-26T16:44:04.306,41.867,19,76,253.163254,255,152428214,4135,8
2026-03-26T16:44:04.307,41.868,20,76,252.489792,255,152438152,4124,8
2026-03-26T16:44:04.309,41.870,21,76,251.816315,255,152448117,4113,8
2026-03-26T16:44:04.310,41.872,22,76,251.142853,255,152458052,4102,8
2026-03-26T16:44:04.355,41.916,23,76,250.408157,255,152468010,4090,8
2026-03-26T16:44:04.357,41.918,24,76,249.734680,255,152477945,4079,8
2026-03-26T16:44:04.358,41.919,25,76,249.000000,255,152487906,4067,8
2026-03-26T16:44:04.359,41.921,26,76,248.326523,255,152497842,4056,8
2026-03-26T16:44:04.361,41.922,27,76,247.714279,255,152507802,4046,8
2026-03-26T16:44:04.405,41.966,28,76,246.918365,255,152517735,4033,8
2026-03-26T16:44:04.406,41.967,29,76,246.244904,255,152527702,4022,8
2026-03-26T16:44:04.407,41.968,30,76,245.632645,255,152537637,4012,8
2026-03-26T16:44:04.408,41.969,31,76,244.836731,255,152547603,3999,8
2026-03-26T16:44:04.409,41.970,32,76,244.163269,255,152557537,3988,8
2026-03-26T16:44:04.455,42.016,33,76,243.489792,255,152567500,3977,8
2026-03-26T16:44:04.458,42.019,34,76,242.755112,255,152577436,3965,8
2026-03-26T16:44:04.459,42.020,35,76,242.081635,255,152587395,3954,8
2026-03-26T16:44:04.460,42.021,36,76,241.408173,255,152597336,3943,8
2026-03-26T16:44:04.461,42.022,37,76,240.673477,255,152607298,3931,8
2026-03-26T16:44:04.505,42.066,38,76,240.000000,255,152617235,3920,8
2026-03-26T16:44:04.506,42.068,39,76,239.265289,255,152627199,3908,8
2026-03-26T16:44:04.508,42.069,40,76,238.653061,255,152637137,3898,8
2026-03-26T16:44:04.509,42.070,41,76,237.918381,255,152647099,3886,8
2026-03-26T16:44:04.510,42.071,42,76,237.244904,255,152657035,3875,8
2026-03-26T16:44:04.554,42.115,43,77,236.510193,255,152666990,3863,8
2026-03-26T16:44:04.556,42.117,44,77,235.836731,255,152676920,3852,8
2026-03-26T16:44:04.557,42.118,45,77,235.163254,255,152686881,3841,8
2026-03-26T16:44:04.558,42.119,46,77,234.428558,255,152696817,3829,8
2026-03-26T16:44:04.559,42.120,47,77,233.755096,255,152706784,3818,8
2026-03-26T16:44:04.605,42.166,48,77,233.081619,255,152716714,3807,8
2026-03-26T16:44:04.607,42.168,49,77,232.346939,255,152726685,3795,8
2026-03-26T16:44:04.609,42.170,50,77,231.673462,255,152736625,3784,8
2026-03-26T16:44:04.611,42.172,51,77,230.938782,255,152746585,3772,8
2026-03-26T16:44:04.612,42.174,52,77,230.265305,255,152756515,3761,8
2026-03-26T16:44:04.614,42.175,53,77,229.591827,255,152766480,3750,8
2026-03-26T16:44:04.654,42.216,54,77,228.857147,255,152776420,3738,8
2026-03-26T16:44:04.656,42.218,55,77,228.244888,255,152786384,3728,8
2026-03-26T16:44:04.658,42.219,56,77,227.510208,255,152796324,3716,8
2026-03-26T16:44:04.659,42.220,57,77,226.775513,255,152806289,3704,8
2026-03-26T16:44:04.704,42.265,58,77,226.163269,255,152816224,3694,8
2026-03-26T16:44:04.706,42.267,59,77,225.428574,255,152826180,3682,8
2026-03-26T16:44:04.707,42.268,60,77,224.693878,255,152836109,3670,8
2026-03-26T16:44:04.708,42.269,61,77,224.020416,255,152846068,3659,8
2026-03-26T16:44:04.709,42.270,62,77,223.346939,255,152856005,3648,8
2026-03-26T16:44:04.754,42.315,63,77,222.673477,255,152865973,3637,8
2026-03-26T16:44:04.756,42.317,64,76,221.938782,255,152875900,3625,8
2026-03-26T16:44:04.757,42.318,65,76,221.265320,255,152885857,3614,8
2026-03-26T16:44:04.758,42.319,66,76,220.530609,255,152895796,3602,8
2026-03-26T16:44:04.759,42.320,67,76,219.857132,255,152905753,3591,8
2026-03-26T16:44:04.804,42.366,68,76,219.183685,255,152915683,3580,8
2026-03-26T16:44:04.806,42.367,69,76,218.448975,255,152925641,3568,8
2026-03-26T16:44:04.807,42.368,70,76,217.775497,255,152935570,3557,8
2026-03-26T16:44:04.808,42.369,71,76,217.102036,255,152945528,3546,8
2026-03-26T16:44:04.809,42.370,72,76,216.367340,255,152955458,3534,8
2026-03-26T16:44:04.855,42.416,73,76,215.755112,255,152965419,3524,8
2026-03-26T16:44:04.857,42.418,74,76,215.020401,255,152975353,3512,8
2026-03-26T16:44:04.858,42.419,75,77,214.285706,255,152985311,3500,8
2026-03-26T16:44:04.859,42.420,76,77,213.612244,255,152995242,3489,8
2026-03-26T16:44:04.860,42.421,77,77,212.938766,255,153005204,3478,8
2026-03-26T16:44:04.861,42.422,78,77,212.204086,255,153015141,3466,8
2026-03-26T16:44:04.905,42.466,79,77,211.530609,255,153025103,3455,8
2026-03-26T16:44:04.907,42.468,80,77,210.857147,255,153035032,3444,8
2026-03-26T16:44:04.908,42.470,81,77,210.122452,255,153044994,3432,8
2026-03-26T16:44:04.909,42.471,82,76,209.448975,255,153054929,3421,8
2026-03-26T16:44:04.910,42.472,83,76,208.714294,255,153064886,3409,8
2026-03-26T16:44:04.955,42.516,84,76,208.040817,255,153074817,3398,8
2026-03-26T16:44:04.956,42.518,85,76,207.367355,255,153084772,3387,8
2026-03-26T16:44:04.958,42.519,86,76,206.632660,255,153094705,3375,8
2026-03-26T16:44:04.959,42.520,87,76,205.959198,255,153104663,3364,8
2026-03-26T16:44:04.960,42.521,88,76,205.346939,255,153114599,3354,8
2026-03-26T16:44:05.005,42.566,89,76,204.551010,255,153124559,3341,8
2026-03-26T16:44:05.007,42.568,90,76,203.877563,255,153134494,3330,8
2026-03-26T16:44:05.009,42.570,91,76,203.204086,255,153144455,3319,8
2026-03-26T16:44:05.011,42.572,92,76,202.469376,255,153154385,3307,8
2026-03-26T16:44:05.012,42.573,93,76,201.857147,255,153164347,3297,8
2026-03-26T16:44:05.054,42.615,94,76,201.122437,255,153174282,3285,8
2026-03-26T16:44:05.055,42.617,95,76,200.387756,255,153184241,3273,8
2026-03-26T16:44:05.057,42.618,96,76,199.714279,255,153194182,3262,8
2026-03-26T16:44:05.058,42.620,97,75,199.040802,255,153204145,3251,8
2026-03-26T16:44:05.059,42.621,98,75,198.367340,255,153214085,3240,8
2026-03-26T16:44:05.105,42.666,99,75,197.632645,255,153224046,3228,8
2026-03-26T16:44:05.106,42.668,100,75,196.959183,255,153233982,3217,8
2026-03-26T16:44:05.108,42.669,101,75,196.224487,255,153243940,3205,8
2026-03-26T16:44:05.109,42.670,102,75,195.551025,255,153253870,3194,8
2026-03-26T16:44:05.110,42.671,103,74,194.877548,255,153263830,3183,8
2026-03-26T16:44:05.155,42.716,104,74,194.142853,255,153273756,3171,8
2026-03-26T16:44:05.157,42.718,105,74,193.469391,255,153283714,3160,8
2026-03-26T16:44:05.158,42.719,106,74,192.734695,255,153293646,3148,8
2026-03-26T16:44:05.160,42.721,107,74,192.061234,255,153303605,3137,8
2026-03-26T16:44:05.162,42.723,108,74,191.326538,255,153313535,3125,8
2026-03-26T16:44:05.205,42.766,109,73,190.653076,255,153323493,3114,8
2026-03-26T16:44:05.206,42.768,110,73,190.040817,255,153333424,3104,8
2026-03-26T16:44:05.207,42.769,111,73,189.244888,255,153343378,3091,8
2026-03-26T16:44:05.208,42.770,112,73,188.571442,255,153353305,3080,8
2026-03-26T16:44:05.210,42.771,113,73,187.897964,255,153363266,3069,8
2026-03-26T16:44:05.254,42.815,114,73,187.163254,255,153373194,3057,8
2026-03-26T16:44:05.256,42.817,115,73,186.489792,255,153383153,3046,8
2026-03-26T16:44:05.258,42.820,116,73,185.816315,255,153393084,3035,8
2026-03-26T16:44:05.260,42.821,117,73,185.142868,255,153403041,3024,8
2026-03-26T16:44:05.261,42.822,118,73,184.408157,255,153412973,3012,8
2026-03-26T16:44:05.304,42.865,119,73,183.734680,255,153422925,3001,8
2026-03-26T16:44:05.305,42.867,120,74,183.000000,255,153432853,2989,8
2026-03-26T16:44:05.307,42.868,121,74,182.326523,255,153442817,2978,8
2026-03-26T16:44:05.308,42.869,122,74,181.714294,255,153452752,2968,8
2026-03-26T16:44:05.309,42.870,123,74,180.918365,255,153462707,2955,8
2026-03-26T16:44:05.354,42.915,124,74,180.244904,255,153472638,2944,8
2026-03-26T16:44:05.356,42.917,125,74,179.510208,255,153482597,2932,8
2026-03-26T16:44:05.357,42.918,126,74,178.836731,255,153492528,2921,8
2026-03-26T16:44:05.358,42.920,127,73,178.102036,255,153502490,2909,8
2026-03-26T16:44:05.359,42.921,128,73,177.428574,255,153512419,2898,8
2026-03-26T16:44:05.405,42.966,129,73,176.755112,255,153522376,2887,8
2026-03-26T16:44:05.407,42.968,130,73,176.020401,255,153532303,2875,8
2026-03-26T16:44:05.408,42.969,131,73,175.408173,255,153542258,2865,8
2026-03-26T16:44:05.409,42.971,132,73,174.673462,255,153552192,2853,8
2026-03-26T16:44:05.411,42.972,133,73,174.000000,255,153562149,2842,8
2026-03-26T16:44:05.465,43.026,134,73,173.265305,255,153572080,2830,8
2026-03-26T16:44:05.467,43.028,135,73,172.591843,255,153582038,2819,8
2026-03-26T16:44:05.468,43.030,136,73,171.857147,255,153591973,2807,8
2026-03-26T16:44:05.470,43.031,137,73,171.183670,255,153601924,2796,8
2026-03-26T16:44:05.472,43.033,138,73,170.510208,255,153611854,2785,8
2026-03-26T16:44:05.474,43.035,139,73,169.775513,255,153621806,2773,8
2026-03-26T16:44:05.479,43.041,140,73,169.102051,255,153631742,2762,8
2026-03-26T16:44:05.508,43.070,141,73,168.367340,255,153641699,2750,8
2026-03-26T16:44:05.510,43.071,142,73,167.693878,255,153651633,2739,8
2026-03-26T16:44:05.512,43.073,143,73,167.020401,255,153661591,2728,8
2026-03-26T16:44:05.513,43.075,144,73,166.285721,255,153671522,2716,8
2026-03-26T16:44:05.555,43.116,145,73,165.673477,255,153681482,2706,8
2026-03-26T16:44:05.557,43.118,146,73,164.877548,255,153691418,2693,8
2026-03-26T16:44:05.558,43.120,147,73,164.204086,255,153701382,2682,8
2026-03-26T16:44:05.560,43.121,148,72,163.530609,255,153711311,2671,8
2026-03-26T16:44:05.605,43.166,149,72,162.795914,255,153721278,2659,8
2026-03-26T16:44:05.606,43.167,150,72,162.122437,255,153731210,2648,8
2026-03-26T16:44:05.607,43.169,151,72,161.448990,255,153741176,2637,8
2026-03-26T16:44:05.608,43.170,152,72,160.775513,255,153751114,2626,8
2026-03-26T16:44:05.610,43.171,153,72,160.040817,255,153761072,2614,8
2026-03-26T16:44:05.655,43.216,154,72,159.367340,255,153771010,2603,8
2026-03-26T16:44:05.657,43.218,155,72,158.632660,255,153780975,2591,8
2026-03-26T16:44:05.659,43.220,156,72,157.959183,255,153790912,2580,8
2026-03-26T16:44:05.660,43.221,157,72,157.285706,255,153800874,2569,8
2026-03-26T16:44:05.661,43.222,158,72,156.551025,255,153810808,2557,8
2026-03-26T16:44:05.662,43.223,159,72,155.877548,255,153820776,2546,8
2026-03-26T16:44:05.704,43.265,160,72,155.265305,255,153830716,2536,8
2026-03-26T16:44:05.706,43.267,161,72,154.469376,255,153840680,2523,8
2026-03-26T16:44:05.707,43.268,162,72,153.795929,255,153850620,2512,8
2026-03-26T16:44:05.709,43.270,163,72,153.122452,255,153860583,2501,8
2026-03-26T16:44:05.754,43.315,164,72,152.387756,255,153870522,2489,8
2026-03-26T16:44:05.756,43.317,165,72,151.714279,255,153880483,2478,8
2026-03-26T16:44:05.757,43.318,166,72,151.040817,255,153890418,2467,8
2026-03-26T16:44:05.758,43.319,167,72,150.306122,255,153900383,2455,8
2026-03-26T16:44:05.759,43.320,168,72,149.632645,255,153910311,2444,8
2026-03-26T16:44:05.760,43.321,169,72,148.959183,255,153920273,2433,8
2026-03-26T16:44:05.805,43.366,170,72,148.224487,255,153930209,2421,8
2026-03-26T16:44:05.806,43.368,171,73,147.551025,255,153940172,2410,8
2026-03-26T16:44:05.807,43.369,172,73,146.877548,255,153950106,2399,8
2026-03-26T16:44:05.808,43.370,173,74,146.204086,255,153960065,2388,8
2026-03-26T16:44:05.809,43.371,174,75,145.469391,255,153970005,2376,8
2026-03-26T16:44:05.854,43.416,175,77,144.734695,255,153979973,2364,8
2026-03-26T16:44:05.856,43.417,176,79,144.061218,255,153989898,2353,8
2026-03-26T16:44:05.857,43.418,177,80,143.387756,255,153999862,2342,8
2026-03-26T16:44:05.858,43.419,178,82,142.714294,255,154009796,2331,8
2026-03-26T16:44:05.859,43.420,179,83,141.979584,255,154019754,2319,8
2026-03-26T16:44:05.904,43.465,180,83,141.367355,255,154029686,2309,8
2026-03-26T16:44:05.905,43.467,181,73,140.571426,255,154039645,2296,8
2026-03-26T16:44:05.907,43.468,182,55,139.959183,255,154049576,2286,8
2026-03-26T16:44:05.908,43.469,183,54,139.163254,255,154059539,2273,8
2026-03-26T16:44:05.909,43.470,184,56,138.489807,255,154069471,2262,8
2026-03-26T16:44:05.955,43.516,185,72,137.755096,255,154079433,2250,8
2026-03-26T16:44:05.956,43.518,186,75,137.081635,255,154089367,2239,8
2026-03-26T16:44:05.957,43.519,187,74,136.408157,255,154099317,2228,8
2026-03-26T16:44:05.960,43.521,188,72,135.612244,255,154109254,2215,8
2026-03-26T16:44:05.961,43.522,189,70,134.938766,255,154119213,2204,8
2026-03-26T16:44:06.005,43.566,190,69,134.204086,255,154129293,2192,8
2026-03-26T16:44:06.006,43.568,191,69,133.530609,255,154139110,2181,8
2026-03-26T16:44:06.007,43.569,192,69,132.795929,255,154149045,2169,8
2026-03-26T16:44:06.009,43.570,193,68,132.122452,255,154159006,2158,8
2026-03-26T16:44:06.010,43.571,194,68,131.387756,255,154168943,2146,8
2026-03-26T16:44:06.055,43.616,195,69,130.653061,255,154178906,2134,8
2026-03-26T16:44:06.057,43.618,196,69,129.979584,255,154188839,2123,8
2026-03-26T16:44:06.058,43.619,197,70,129.244904,255,154198809,2111,8
2026-03-26T16:44:06.059,43.621,198,70,128.510208,255,154208741,2099,8
2026-03-26T16:44:06.060,43.622,199,70,127.775513,255,154218707,2087,8
2026-03-26T16:44:06.104,43.666,200,68,127.102043,255,154228638,2076,8
2026-03-26T16:44:06.106,43.667,201,67,126.367340,255,154238594,2064,8
2026-03-26T16:44:06.107,43.669,202,67,125.632652,255,154248536,2052,8
2026-03-26T16:44:06.109,43.670,203,69,125.020409,255,154258493,2042,8
2026-03-26T16:44:06.110,43.671,204,68,124.285713,255,154268427,2030,8
2026-03-26T16:44:06.154,43.715,205,64,123.489792,255,154278386,2017,8
2026-03-26T16:44:06.156,43.717,206,65,122.816322,255,154288320,2006,8
2026-03-26T16:44:06.157,43.718,207,56,122.081635,255,154298273,1994,8
2026-03-26T16:44:06.158,43.719,208,51,121.346931,255,154308205,1982,8
2026-03-26T16:44:06.159,43.720,209,51,120.673477,255,154318156,1971,8
2026-03-26T16:44:06.204,43.765,210,53,119.938774,255,154328084,1959,8
2026-03-26T16:44:06.206,43.767,211,67,119.204086,255,154338045,1947,8
2026-03-26T16:44:06.207,43.768,212,76,118.469383,255,154347973,1935,8
2026-03-26T16:44:06.209,43.770,213,75,117.795914,255,154357927,1924,8
2026-03-26T16:44:06.210,43.771,214,70,117.122444,255,154367857,1913,8
2026-03-26T16:44:06.254,43.816,215,69,116.387756,255,154377814,1901,8
2026-03-26T16:44:06.256,43.817,216,71,115.653069,255,154387744,1889,8
2026-03-26T16:44:06.257,43.818,217,71,114.918365,255,154397696,1877,8
2026-03-26T16:44:06.258,43.819,218,71,114.244896,255,154407628,1866,8
2026-03-26T16:44:06.259,43.820,219,70,113.510208,255,154417579,1854,8
2026-03-26T16:44:06.304,43.866,220,70,112.897957,255,154427509,1844,8
2026-03-26T16:44:06.306,43.867,221,70,112.102043,255,154437462,1831,8
2026-03-26T16:44:06.307,43.868,222,70,111.367348,255,154447394,1819,8
2026-03-26T16:44:06.308,43.869,223,70,110.693878,255,154457346,1808,8
2026-03-26T16:44:06.309,43.870,224,70,109.959183,255,154467284,1796,8
2026-03-26T16:44:06.355,43.916,225,70,109.285713,255,154477240,1785,8
2026-03-26T16:44:06.356,43.918,226,70,108.612244,255,154487170,1774,8
2026-03-26T16:44:06.358,43.919,227,70,107.816330,255,154497131,1761,8
2026-03-26T16:44:06.359,43.920,228,70,107.142853,255,154507066,1750,8
2026-03-26T16:44:06.360,43.921,229,76,106.408165,255,154517027,1738,8
2026-03-26T16:44:06.404,43.965,230,111,105.734695,255,154526940,1727,8
2026-03-26T16:44:06.406,43.967,231,115,105.000000,255,154536897,1715,8
2026-03-26T16:44:06.407,43.968,232,115,104.265305,255,154546826,1703,8
2026-03-26T16:44:06.408,43.969,233,115,103.591835,255,154556779,1692,8
2026-03-26T16:44:06.409,43.970,234,115,102.857147,255,154566706,1680,8
2026-03-26T16:44:06.454,44.015,235,115,102.244896,255,154576664,1670,8
2026-03-26T16:44:06.455,44.017,236,115,101.448975,255,154586597,1657,8
2026-03-26T16:44:06.457,44.018,237,115,100.714287,255,154596553,1645,8
2026-03-26T16:44:06.458,44.019,238,115,100.040817,255,154606480,1634,8
2026-03-26T16:44:06.459,44.020,239,115,99.306114,255,154616440,1622,8
2026-03-26T16:44:06.504,44.066,240,115,98.571426,255,154626371,1610,8
2026-03-26T16:44:06.506,44.067,241,113,97.897957,255,154636330,1599,8
2026-03-26T16:44:06.507,44.069,242,76,97.224487,255,154646283,1588,8
2026-03-26T16:44:06.508,44.070,243,70,96.489799,255,154656243,1576,8
2026-03-26T16:44:06.509,44.071,244,59,95.755096,255,154666176,1564,8
2026-03-26T16:44:06.554,44.115,245,29,95.020409,255,154676133,1552,8
2026-03-26T16:44:06.605,44.166,246,29,89.938774,255,154747716,1469,8
2026-03-26T16:44:06.607,44.168,247,34,89.204079,255,154757651,1457,8
2026-03-26T16:44:06.608,44.169,248,28,88.469383,255,154767752,1445,8
2026-03-26T16:44:06.654,44.215,249,47,87.673470,255,154779538,1432,8
2026-03-26T16:44:06.656,44.217,250,69,86.938774,255,154789467,1420,8
2026-03-26T16:44:06.658,44.219,251,71,86.204086,255,154799424,1408,8
2026-03-26T16:44:06.659,44.220,252,71,85.591835,255,154809355,1398,8
2026-03-26T16:44:06.660,44.222,253,71,84.857140,255,154819307,1386,8
2026-03-26T16:44:06.704,44.265,254,71,84.061226,255,154829238,1373,8
2026-03-26T16:44:06.706,44.267,255,71,83.387756,255,154839197,1362,8
2026-03-26T16:44:06.707,44.269,0,71,82.653061,255,154849125,1350,8
2026-03-26T16:44:06.708,44.270,1,71,81.979591,255,154859082,1339,8
2026-03-26T16:44:06.710,44.271,2,71,81.244896,255,154869014,1327,8
2026-03-26T16:44:06.755,44.316,3,71,80.510208,255,154878973,1315,8
2026-03-26T16:44:06.757,44.319,4,71,79.836731,255,154888895,1304,8
2026-03-26T16:44:06.759,44.320,5,71,79.102043,255,154898848,1292,8
2026-03-26T16:44:06.760,44.321,6,71,78.367348,255,154908782,1280,8
2026-03-26T16:44:06.762,44.323,7,71,77.693878,255,154918737,1269,8
2026-03-26T16:44:06.805,44.366,8,71,77.020409,255,154928671,1258,8
2026-03-26T16:44:06.807,44.369,9,71,76.224487,255,154938623,1245,8
2026-03-26T16:44:06.809,44.370,10,71,75.489799,255,154948551,1233,8
2026-03-26T16:44:06.810,44.371,11,71,74.816322,255,154958501,1222,8
2026-03-26T16:44:06.811,44.372,12,71,74.081635,255,154968429,1210,8
2026-03-26T16:44:06.854,44.415,13,71,73.346939,255,154978377,1198,8
2026-03-26T16:44:06.856,44.417,14,71,72.673470,255,154988306,1187,8
2026-03-26T16:44:06.857,44.419,15,71,72.000000,255,154998258,1176,8
2026-03-26T16:44:06.860,44.421,16,71,71.265305,255,155008186,1164,8
2026-03-26T16:44:06.861,44.422,17,71,70.469391,255,155018148,1151,8
2026-03-26T16:44:06.906,44.467,18,71,69.795914,255,155028078,1140,8
2026-03-26T16:44:06.908,44.469,19,71,69.061226,255,155038035,1128,8
2026-03-26T16:44:06.909,44.470,20,71,68.387756,255,155047973,1117,8
2026-03-26T16:44:06.910,44.471,21,71,67.653061,255,155057928,1105,8
2026-03-26T16:44:06.911,44.472,22,71,66.918365,255,155067865,1093,8
2026-03-26T16:44:06.912,44.474,23,71,66.244896,255,155077824,1082,8
2026-03-26T16:44:06.955,44.516,24,71,65.510201,255,155087753,1070,8
2026-03-26T16:44:06.956,44.518,25,71,64.775505,255,155097716,1058,8
2026-03-26T16:44:06.958,44.519,26,71,64.040817,255,155107650,1046,8
2026-03-26T16:44:06.959,44.520,27,71,63.428574,255,155117608,1036,8
2026-03-26T16:44:07.004,44.565,28,71,62.632656,255,155127536,1023,8
2026-03-26T16:44:07.005,44.567,29,71,61.897961,255,155137493,1011,8
2026-03-26T16:44:07.007,44.568,30,71,61.224487,255,155147420,1000,8
2026-03-26T16:44:07.008,44.569,31,71,60.489796,255,155157376,988,8
2026-03-26T16:44:07.008,44.570,32,71,59.755100,255,155167302,976,8
2026-03-26T16:44:07.054,44.615,33,71,59.081635,255,155177256,965,8
2026-03-26T16:44:07.055,44.617,34,71,58.346939,255,155187185,953,8
2026-03-26T16:44:07.057,44.618,35,71,57.673470,255,155197134,942,8
2026-03-26T16:44:07.058,44.619,36,71,56.938774,255,155207067,930,8
2026-03-26T16:44:07.059,44.620,37,71,56.204079,255,155217019,918,8
2026-03-26T16:44:07.060,44.622,38,71,55.530609,255,155226949,907,8
2026-03-26T16:44:07.104,44.666,39,71,54.795921,255,155236902,895,8
2026-03-26T16:44:07.106,44.667,40,71,54.061226,255,155246827,883,8
2026-03-26T16:44:07.107,44.668,41,71,53.326530,255,155256782,871,8
2026-03-26T16:44:07.108,44.669,42,71,52.591839,255,155266709,859,8
2026-03-26T16:44:07.154,44.715,43,71,51.918365,255,155276668,848,8
2026-03-26T16:44:07.156,44.717,44,70,51.183670,255,155286591,836,8
2026-03-26T16:44:07.157,44.718,45,71,50.448978,255,155296554,824,8
2026-03-26T16:44:07.158,44.720,46,71,49.836735,255,155306489,814,8
2026-03-26T16:44:07.160,44.721,47,71,49.102043,255,155316442,802,8
2026-03-26T16:44:07.161,44.722,48,71,48.306122,255,155326373,789,8
2026-03-26T16:44:07.204,44.765,49,70,47.632652,255,155336325,778,8
2026-03-26T16:44:07.206,44.767,50,71,46.897957,255,155346260,766,8
2026-03-26T16:44:07.207,44.768,51,71,46.163261,255,155356217,754,8
2026-03-26T16:44:07.208,44.769,52,71,45.489799,255,155366150,743,8
2026-03-26T16:44:07.255,44.816,53,71,44.755100,255,155376105,731,8
2026-03-26T16:44:07.256,44.817,54,71,44.081635,255,155386032,720,8
2026-03-26T16:44:07.257,44.819,55,71,43.285713,255,155395988,707,8
2026-03-26T16:44:07.259,44.820,56,71,42.612244,255,155405922,696,8
2026-03-26T16:44:07.260,44.821,57,70,41.877552,255,155415878,684,8
2026-03-26T16:44:07.261,44.822,58,70,41.265305,255,155425814,674,8
2026-03-26T16:44:07.304,44.865,59,70,40.469387,255,155435770,661,8
2026-03-26T16:44:07.306,44.867,60,71,39.734695,255,155445703,649,8
2026-03-26T16:44:07.307,44.869,61,71,39.000000,255,155455660,637,8
2026-03-26T16:44:07.309,44.870,62,71,38.326530,255,155465588,626,8
2026-03-26T16:44:07.311,44.872,63,70,37.591839,255,155475540,614,8
2026-03-26T16:44:07.355,44.916,64,70,36.857143,255,155485474,602,8
2026-03-26T16:44:07.357,44.918,65,71,36.183674,255,155495438,591,8
2026-03-26T16:44:07.359,44.920,66,71,35.510204,255,155505365,580,8
2026-03-26T16:44:07.360,44.922,67,71,34.714287,255,155515319,567,8
2026-03-26T16:44:07.363,44.925,68,71,34.040817,255,155525254,556,8
2026-03-26T16:44:07.404,44.965,69,71,33.306122,255,155535212,544,8
2026-03-26T16:44:07.405,44.967,70,71,32.571430,255,155545141,532,8
2026-03-26T16:44:07.408,44.969,71,71,31.897959,255,155555097,521,8
2026-03-26T16:44:07.411,44.972,72,71,31.163263,255,155565030,509,8
2026-03-26T16:44:07.412,44.974,73,71,30.428572,255,155574986,497,8
2026-03-26T16:44:07.455,45.016,74,71,29.755102,255,155584916,486,8
2026-03-26T16:44:07.457,45.018,75,71,29.020407,255,155594874,474,8
2026-03-26T16:44:07.458,45.020,76,71,28.285715,255,155604803,462,8
2026-03-26T16:44:07.461,45.022,77,71,27.673470,255,155614760,452,8
2026-03-26T16:44:07.462,45.023,78,71,26.877550,255,155624689,439,8
2026-03-26T16:44:07.505,45.066,79,71,26.142859,255,155634644,427,8
2026-03-26T16:44:07.507,45.068,80,71,25.408163,255,155644573,415,8
2026-03-26T16:44:07.509,45.071,81,71,24.795918,255,155654522,405,8
2026-03-26T16:44:07.510,45.072,82,71,24.000002,255,155664451,392,8
2026-03-26T16:44:07.512,45.073,83,70,23.265306,255,155674405,380,8
2026-03-26T16:44:07.554,45.115,84,71,22.591837,255,155684337,369,8
2026-03-26T16:44:07.556,45.117,85,71,21.918367,255,155694292,358,8
2026-03-26T16:44:07.557,45.118,86,71,21.122450,255,155704224,345,8
2026-03-26T16:44:07.558,45.120,87,71,20.448978,255,155714181,334,8
2026-03-26T16:44:07.559,45.121,88,71,19.714287,255,155724115,322,8
2026-03-26T16:44:07.565,45.126,89,71,18.979591,255,155734067,310,8
2026-03-26T16:44:07.604,45.166,90,71,18.306122,255,155743993,299,8
2026-03-26T16:44:07.606,45.167,91,70,17.571428,255,155753938,287,8
2026-03-26T16:44:07.607,45.169,92,70,16.836735,255,155763862,275,8
2026-03-26T16:44:07.609,45.170,93,70,16.102041,255,155773818,263,8
2026-03-26T16:44:07.654,45.215,94,70,15.428572,255,155783754,252,8
2026-03-26T16:44:07.655,45.217,95,70,14.693877,255,155793712,240,8
2026-03-26T16:44:07.656,45.218,96,70,14.081633,255,155803641,230,8
2026-03-26T16:44:07.658,45.219,97,70,13.346939,255,155813594,218,8
2026-03-26T16:44:07.659,45.220,98,70,12.551021,255,155823526,205,8
2026-03-26T16:44:07.705,45.266,99,70,11.816327,255,155833486,193,8
2026-03-26T16:44:07.706,45.268,100,71,11.142858,255,155843425,182,8
2026-03-26T16:44:07.708,45.269,101,71,10.408163,255,155853383,170,8
2026-03-26T16:44:07.709,45.270,102,71,9.673470,255,155863309,158,8
2026-03-26T16:44:07.709,45.271,103,71,9.000000,255,155873269,147,8
2026-03-26T16:44:07.754,45.316,104,71,8.265306,255,155883202,135,8
2026-03-26T16:44:07.756,45.317,105,71,7.591837,255,155893162,124,8
2026-03-26T16:44:07.757,45.319,106,70,6.857143,255,155903094,112,8
2026-03-26T16:44:07.759,45.320,107,70,6.122449,255,155913056,100,8
2026-03-26T16:44:07.760,45.321,108,70,5.448980,255,155922986,89,8
2026-03-26T16:44:07.804,45.366,109,70,4.714286,255,155932956,77,8
2026-03-26T16:44:07.806,45.367,110,70,3.979592,255,155942895,65,8
2026-03-26T16:44:07.807,45.369,111,70,3.244898,255,155952858,53,8
2026-03-26T16:44:07.808,45.370,112,70,2.571429,255,155962793,42,8
2026-03-26T16:44:07.809,45.371,113,70,1.836735,255,155972752,30,8
2026-03-26T16:44:07.854,45.416,114,70,1.102041,255,155982692,18,8
2026-03-26T16:44:07.856,45.418,115,70,0.428571,255,155992655,7,8
2026-03-26T16:44:07.858,45.419,116,70,359.755096,255,156002595,5876,8
2026-03-26T16:44:07.859,45.421,117,70,358.959167,255,156012556,5863,8
2026-03-26T16:44:07.860,45.422,118,70,358.224487,255,156022494,5851,8
2026-03-26T16:44:07.904,45.465,119,70,357.551025,255,156032458,5840,8
2026-03-26T16:44:07.906,45.467,120,70,356.816315,255,156042399,5828,8
2026-03-26T16:44:07.907,45.469,121,70,356.081635,255,156052361,5816,8
2026-03-26T16:44:07.908,45.470,122,70,355.408173,255,156062301,5805,8
2026-03-26T16:44:07.910,45.471,123,70,354.734680,255,156072262,5794,8
2026-03-26T16:44:07.954,45.515,124,70,353.938751,255,156082193,5781,8
2026-03-26T16:44:07.955,45.516,125,70,353.265320,255,156092153,5770,8
2026-03-26T16:44:07.956,45.518,126,70,352.530609,255,156102088,5758,8
2026-03-26T16:44:07.957,45.519,127,70,351.795929,255,156112052,5746,8
2026-03-26T16:44:07.958,45.520,128,71,351.122437,255,156121996,5735,8
2026-03-26T16:44:08.005,45.566,129,71,350.387756,255,156131957,5723,8
2026-03-26T16:44:08.006,45.568,130,71,349.653076,255,156141895,5711,8
2026-03-26T16:44:08.007,45.569,131,71,348.918365,255,156151855,5699,8
2026-03-26T16:44:08.009,45.570,132,71,348.244904,255,156161789,5688,8
2026-03-26T16:44:08.010,45.571,133,71,347.510193,255,156171749,5676,8
2026-03-26T16:44:08.011,45.572,134,71,346.897980,255,156181684,5666,8
2026-03-26T16:44:08.054,45.616,135,70,346.102051,255,156191636,5653,8
2026-03-26T16:44:08.056,45.617,136,71,345.367340,255,156201572,5641,8
2026-03-26T16:44:08.057,45.618,137,71,344.632660,255,156211528,5629,8
2026-03-26T16:44:08.059,45.620,138,71,343.959198,255,156221461,5618,8
2026-03-26T16:44:08.060,45.621,139,71,343.224487,255,156231418,5606,8
2026-03-26T16:44:08.105,45.666,140,71,342.551025,255,156241348,5595,8
2026-03-26T16:44:08.106,45.668,141,71,341.816315,255,156251308,5583,8
2026-03-26T16:44:08.107,45.669,142,71,341.142853,255,156261238,5572,8
2026-03-26T16:44:08.108,45.670,143,71,340.346954,255,156271201,5559,8
2026-03-26T16:44:08.109,45.671,144,71,339.673462,255,156281138,5548,8
2026-03-26T16:44:08.155,45.716,145,71,338.938782,255,156291095,5536,8
2026-03-26T16:44:08.157,45.718,146,71,338.265320,255,156301032,5525,8
2026-03-26T16:44:08.158,45.719,147,71,337.530609,255,156310993,5513,8
2026-03-26T16:44:08.159,45.720,148,71,336.795898,255,156320930,5501,8
2026-03-26T16:44:08.160,45.721,149,71,336.061218,255,156330887,5489,8
2026-03-26T16:44:08.205,45.766,150,71,335.387756,255,156340818,5478,8
2026-03-26T16:44:08.206,45.767,151,71,334.653046,255,156350780,5466,8
2026-03-26T16:44:08.207,45.768,152,71,334.040802,255,156360717,5456,8
2026-03-26T16:44:08.208,45.769,153,71,333.244904,255,156370679,5443,8
2026-03-26T16:44:08.209,45.771,154,71,332.510223,255,156380614,5431,8
2026-03-26T16:44:08.255,45.816,155,71,331.775513,255,156390575,5419,8
2026-03-26T16:44:08.256,45.818,156,71,331.102020,255,156400510,5408,8
2026-03-26T16:44:08.258,45.819,157,71,330.367340,255,156410470,5396,8
2026-03-26T16:44:08.259,45.820,158,71,329.693878,255,156420405,5385,8
2026-03-26T16:44:08.260,45.821,159,71,329.020386,255,156430367,5374,8
2026-03-26T16:44:08.305,45.866,160,71,328.285706,255,156440307,5362,8
2026-03-26T16:44:08.307,45.869,161,71,327.489807,255,156450269,5349,8
2026-03-26T16:44:08.309,45.870,162,71,326.816345,255,156460205,5338,8
2026-03-26T16:44:08.310,45.871,163,71,326.081635,255,156470165,5326,8
2026-03-26T16:44:08.311,45.872,164,71,325.408173,255,156480095,5315,8
2026-03-26T16:44:08.354,45.915,165,71,324.673462,255,156490050,5303,8
2026-03-26T16:44:08.356,45.917,166,71,323.938782,255,156499977,5291,8
2026-03-26T16:44:08.357,45.918,167,71,323.204071,255,156509934,5279,8
2026-03-26T16:44:08.359,45.920,168,71,322.530609,255,156519862,5268,8
2026-03-26T16:44:08.360,45.922,169,71,321.795929,255,156529823,5256,8
2026-03-26T16:44:08.405,45.966,170,71,321.122467,255,156539754,5245,8
2026-03-26T16:44:08.406,45.968,171,71,320.448975,255,156549711,5234,8
2026-03-26T16:44:08.408,45.969,172,71,319.653046,255,156559647,5221,8
2026-03-26T16:44:08.409,45.970,173,71,318.918365,255,156569609,5209,8
2026-03-26T16:44:08.410,45.972,174,71,318.244904,255,156579543,5198,8
2026-03-26T16:44:08.454,46.016,175,71,317.510193,255,156589506,5186,8
2026-03-26T16:44:08.456,46.017,176,71,316.775513,255,156599444,5174,8
2026-03-26T16:44:08.459,46.020,177,71,316.102051,255,156609403,5163,8
2026-03-26T16:44:08.460,46.021,178,71,315.428589,255,156619334,5152,8
2026-03-26T16:44:08.463,46.024,179,71,314.632629,255,156629297,5139,8
2026-03-26T16:44:08.504,46.066,180,71,313.959167,255,156639231,5128,8
2026-03-26T16:44:08.506,46.067,181,71,313.224487,255,156649194,5116,8
2026-03-26T16:44:08.507,46.069,182,71,312.551025,255,156659132,5105,8
2026-03-26T16:44:08.509,46.070,183,71,311.816315,255,156669092,5093,8
2026-03-26T16:44:08.510,46.071,184,71,311.081635,255,156679026,5081,8
2026-03-26T16:44:08.555,46.116,185,71,310.408173,255,156688990,5070,8
2026-03-26T16:44:08.558,46.119,186,71,309.612244,255,156698931,5057,8
2026-03-26T16:44:08.560,46.121,187,71,308.938751,255,156708893,5046,8
2026-03-26T16:44:08.561,46.123,188,71,308.204071,255,156718825,5034,8
2026-03-26T16:44:08.563,46.124,189,71,307.591858,255,156728790,5024,8
2026-03-26T16:44:08.604,46.165,190,71,306.795929,255,156738729,5011,8
2026-03-26T16:44:08.605,46.167,191,71,306.061218,255,156748691,4999,8
2026-03-26T16:44:08.606,46.168,192,71,305.326538,255,156758625,4987,8
2026-03-26T16:44:08.608,46.169,193,71,304.714294,255,156768587,4977,8
2026-03-26T16:44:08.609,46.170,194,71,303.918365,255,156778522,4964,8
2026-03-26T16:44:08.655,46.216,195,71,303.183655,255,156788481,4952,8
2026-03-26T16:44:08.656,46.218,196,71,302.510193,255,156798415,4941,8
2026-03-26T16:44:08.658,46.219,197,71,301.836731,255,156808380,4930,8
2026-03-26T16:44:08.660,46.222,198,71,301.040833,255,156818316,4917,8
2026-03-26T16:44:08.662,46.223,199,71,300.306122,255,156828278,4905,8
2026-03-26T16:44:08.663,46.225,200,71,299.632660,255,156838210,4894,8
2026-03-26T16:44:08.704,46.266,201,71,298.959198,255,156848171,4883,8
2026-03-26T16:44:08.706,46.267,202,71,298.224487,255,156858108,4871,8
2026-03-26T16:44:08.709,46.270,203,71,297.489777,255,156868068,4859,8
2026-03-26T16:44:08.710,46.272,204,71,296.755096,255,156878005,4847,8
2026-03-26T16:44:08.754,46.315,205,71,296.020416,255,156887973,4835,8
2026-03-26T16:44:08.756,46.317,206,71,295.346954,255,156897900,4824,8
2026-03-26T16:44:08.757,46.318,207,71,294.612244,255,156907861,4812,8
2026-03-26T16:44:08.758,46.319,208,71,293.877563,255,156917790,4800,8
2026-03-26T16:44:08.760,46.321,209,71,293.265320,255,156927753,4790,8
2026-03-26T16:44:08.804,46.366,210,71,292.469391,255,156937690,4777,8
2026-03-26T16:44:08.806,46.367,211,71,291.734680,255,156947648,4765,8
2026-03-26T16:44:08.807,46.369,212,71,291.000000,255,156957581,4753,8
2026-03-26T16:44:08.810,46.371,213,71,290.326538,255,156967544,4742,8
2026-03-26T16:44:08.811,46.372,214,71,289.591827,255,156977483,4730,8
2026-03-26T16:44:08.812,46.374,215,71,288.857147,255,156987449,4718,8
2026-03-26T16:44:08.854,46.415,216,71,288.183685,255,156997391,4707,8
2026-03-26T16:44:08.857,46.418,217,71,287.510223,255,157007351,4696,8
2026-03-26T16:44:08.859,46.421,218,71,286.714294,255,157017291,4683,8
2026-03-26T16:44:08.861,46.422,219,71,286.040802,255,157027258,4672,8
2026-03-26T16:44:08.863,46.424,220,71,285.306122,255,157037198,4660,8
2026-03-26T16:44:08.905,46.466,221,71,284.571442,255,157047160,4648,8
2026-03-26T16:44:08.907,46.468,222,71,283.897949,255,157057099,4637,8
2026-03-26T16:44:08.908,46.470,223,71,283.163269,255,157067060,4625,8
2026-03-26T16:44:08.910,46.471,224,71,282.489807,255,157076998,4614,8
2026-03-26T16:44:08.911,46.472,225,71,281.755096,255,157086959,4602,8
2026-03-26T16:44:08.955,46.516,226,71,281.020416,255,157096896,4590,8
2026-03-26T16:44:08.956,46.517,227,71,280.285706,255,157106860,4578,8
2026-03-26T16:44:08.957,46.518,228,71,279.673462,255,157116800,4568,8
2026-03-26T16:44:08.958,46.519,229,71,278.877563,255,157126765,4555,8
2026-03-26T16:44:09.005,46.566,230,71,278.142853,255,157136707,4543,8
2026-03-26T16:44:09.007,46.568,231,71,277.408142,255,157146676,4531,8
2026-03-26T16:44:09.008,46.569,232,71,276.734680,255,157156616,4520,8
2026-03-26T16:44:09.009,46.570,233,71,276.000000,255,157166582,4508,8
2026-03-26T16:44:09.010,46.571,234,71,275.265320,255,157176530,4496,8
2026-03-26T16:44:09.011,46.572,235,71,274.653046,255,157186495,4486,8
2026-03-26T16:44:09.055,46.616,236,71,273.918365,255,157196434,4474,8
2026-03-26T16:44:09.057,46.618,237,71,273.122467,255,157206398,4461,8
2026-03-26T16:44:09.058,46.619,238,71,272.448975,255,157216340,4450,8
2026-03-26T16:44:09.059,46.621,239,71,271.714294,255,157226304,4438,8
2026-03-26T16:44:09.060,46.622,240,71,270.979584,255,157236242,4426,8
2026-03-26T16:44:09.104,46.666,241,71,270.306122,255,157246201,4415,8
2026-03-26T16:44:09.107,46.668,242,71,269.571411,255,157256139,4403,8
2026-03-26T16:44:09.108,46.669,243,71,268.897949,255,157266102,4392,8
2026-03-26T16:44:09.109,46.670,244,71,268.102051,255,157276036,4379,8
2026-03-26T16:44:09.110,46.671,245,71,267.428589,255,157285997,4368,8
2026-03-26T16:44:09.155,46.716,246,71,266.693878,255,157295937,4356,8
2026-03-26T16:44:09.157,46.718,247,71,266.020416,255,157305890,4345,8
2026-03-26T16:44:09.159,46.720,248,71,265.285706,255,157315826,4333,8
2026-03-26T16:44:09.160,46.721,249,71,264.551025,255,157325792,4321,8
2026-03-26T16:44:09.161,46.723,250,71,263.816315,255,157335734,4309,8
2026-03-26T16:44:09.205,46.766,251,71,263.142853,255,157345698,4298,8
2026-03-26T16:44:09.207,46.768,252,71,262.408173,255,157355640,4286,8
2026-03-26T16:44:09.208,46.769,253,71,261.673492,255,157365607,4274,8
2026-03-26T16:44:09.210,46.771,254,71,261.061218,255,157375546,4264,8
2026-03-26T16:44:09.211,46.772,255,71,260.265289,255,157385512,4251,8
2026-03-26T16:44:09.254,46.816,0,71,259.530609,255,157395447,4239,8
2026-03-26T16:44:09.256,46.817,1,71,258.857147,255,157405410,4228,8
2026-03-26T16:44:09.257,46.818,2,71,258.122437,255,157415343,4216,8
2026-03-26T16:44:09.258,46.819,3,71,257.387756,255,157425303,4204,8
2026-03-26T16:44:09.259,46.820,4,71,256.714294,255,157435237,4193,8
2026-03-26T16:44:09.305,46.866,5,71,255.979599,255,157445201,4181,8
2026-03-26T16:44:09.307,46.868,6,71,255.306122,255,157455136,4170,8
2026-03-26T16:44:09.308,46.869,7,71,254.571411,255,157465099,4158,8
2026-03-26T16:44:09.310,46.871,8,71,253.836731,255,157475037,4146,8
2026-03-26T16:44:09.311,46.872,9,71,253.102036,255,157484997,4134,8
2026-03-26T16:44:09.355,46.916,10,71,252.428574,255,157494930,4123,8
2026-03-26T16:44:09.356,46.917,11,71,251.693878,255,157504880,4111,8
2026-03-26T16:44:09.357,46.919,12,71,250.959198,255,157514815,4099,8
2026-03-26T16:44:09.358,46.920,13,71,250.224487,255,157524771,4087,8
2026-03-26T16:44:09.359,46.921,14,71,249.551010,255,157534703,4076,8
2026-03-26T16:44:09.405,46.966,15,71,248.816315,255,157544656,4064,8
2026-03-26T16:44:09.406,46.968,16,71,248.142853,255,157554587,4053,8
2026-03-26T16:44:09.407,46.969,17,71,247.469376,255,157564542,4042,8
2026-03-26T16:44:09.408,46.970,18,71,246.673477,255,157574469,4029,8
2026-03-26T16:44:09.410,46.971,19,71,245.938782,255,157584425,4017,8
2026-03-26T16:44:09.454,47.016,20,71,245.265320,255,157594357,4006,8
2026-03-26T16:44:09.456,47.018,21,71,244.530624,255,157604315,3994,8
2026-03-26T16:44:09.458,47.019,22,71,243.857147,255,157614248,3983,8
2026-03-26T16:44:09.459,47.020,23,71,243.122437,255,157624209,3971,8
2026-03-26T16:44:09.460,47.021,24,71,242.387756,255,157634142,3959,8
2026-03-26T16:44:09.504,47.066,25,71,241.714279,255,157644099,3948,8
2026-03-26T16:44:09.507,47.068,26,71,240.979599,255,157654033,3936,8
2026-03-26T16:44:09.508,47.069,27,71,240.244904,255,157663990,3924,8
2026-03-26T16:44:09.509,47.070,28,71,239.571426,255,157673925,3913,8
2026-03-26T16:44:09.510,47.071,29,71,238.836746,255,157683885,3901,8
2026-03-26T16:44:09.554,47.115,30,71,238.102036,255,157693815,3889,8
2026-03-26T16:44:09.556,47.117,31,71,237.367340,255,157703774,3877,8
2026-03-26T16:44:09.557,47.118,32,71,236.693878,255,157713705,3866,8
2026-03-26T16:44:09.558,47.120,33,71,235.959183,255,157723663,3854,8
2026-03-26T16:44:09.559,47.121,34,71,235.224487,255,157733599,3842,8
2026-03-26T16:44:09.604,47.166,35,71,234.612244,255,157743553,3832,8
2026-03-26T16:44:09.606,47.167,36,71,233.816330,255,157753487,3819,8
2026-03-26T16:44:09.607,47.169,37,71,233.081619,255,157763441,3807,8
2026-03-26T16:44:09.608,47.170,38,71,232.408157,255,157773375,3796,8
2026-03-26T16:44:09.610,47.171,39,71,231.673462,255,157783325,3784,8
2026-03-26T16:44:09.655,47.216,40,71,230.938782,255,157793250,3772,8
2026-03-26T16:44:09.657,47.218,41,71,230.265305,255,157803206,3761,8
2026-03-26T16:44:09.658,47.219,42,71,229.530609,255,157813140,3749,8
2026-03-26T16:44:09.659,47.220,43,71,228.857147,255,157823106,3738,8
2026-03-26T16:44:09.660,47.221,44,71,228.122452,255,157833032,3726,8
2026-03-26T16:44:09.704,47.265,45,71,227.387741,255,157842984,3714,8
2026-03-26T16:44:09.706,47.267,46,71,226.714294,255,157852907,3703,8
2026-03-26T16:44:09.707,47.269,47,71,225.979584,255,157862862,3691,8
2026-03-26T16:44:09.708,47.270,48,71,225.244904,255,157872788,3679,8
2026-03-26T16:44:09.709,47.271,49,71,224.510208,255,157882738,3667,8
2026-03-26T16:44:09.754,47.316,50,71,223.775513,255,157892666,3655,8
2026-03-26T16:44:09.756,47.317,51,71,223.102051,255,157902623,3644,8
2026-03-26T16:44:09.757,47.318,52,71,222.367340,255,157912554,3632,8
2026-03-26T16:44:09.759,47.320,53,71,221.693893,255,157922508,3621,8
2026-03-26T16:44:09.760,47.322,54,71,221.020416,255,157932430,3610,8
2026-03-26T16:44:09.805,47.366,55,71,220.224487,255,157942384,3597,8
2026-03-26T16:44:09.806,47.368,56,71,219.489792,255,157952312,3585,8
2026-03-26T16:44:09.808,47.369,57,71,218.816330,255,157962266,3574,8
2026-03-26T16:44:09.810,47.371,58,71,218.142853,255,157972191,3563,8
2026-03-26T16:44:09.811,47.372,59,71,217.408173,255,157982149,3551,8
2026-03-26T16:44:09.812,47.373,60,71,216.673477,255,157992078,3539,8
2026-03-26T16:44:09.854,47.415,61,71,215.938766,255,158002037,3527,8
2026-03-26T16:44:09.856,47.417,62,71,215.204086,255,158011975,3515,8
2026-03-26T16:44:09.857,47.418,63,71,214.530609,255,158021928,3504,8
2026-03-26T16:44:09.858,47.419,64,71,213.795914,255,158031861,3492,8
2026-03-26T16:44:09.904,47.466,65,71,213.122452,255,158041816,3481,8
2026-03-26T16:44:09.906,47.467,66,71,212.387756,255,158051751,3469,8
2026-03-26T16:44:09.907,47.468,67,71,211.653076,255,158061712,3457,8
2026-03-26T16:44:09.908,47.469,68,71,210.918365,255,158071647,3445,8
2026-03-26T16:44:09.909,47.471,69,71,210.244888,255,158081604,3434,8
2026-03-26T16:44:09.910,47.472,70,71,209.510193,255,158091537,3422,8
2026-03-26T16:44:09.955,47.516,71,71,208.775513,255,158101494,3410,8
2026-03-26T16:44:09.956,47.518,72,71,208.102036,255,158111426,3399,8
2026-03-26T16:44:09.958,47.519,73,71,207.428574,255,158121380,3388,8
2026-03-26T16:44:09.959,47.520,74,71,206.632660,255,158131312,3375,8
2026-03-26T16:44:09.960,47.521,75,71,205.959198,255,158141271,3364,8
2026-03-26T16:44:10.005,47.567,76,71,205.224487,255,158151207,3352,8
2026-03-26T16:44:10.008,47.570,77,71,204.489792,255,158161166,3340,8
2026-03-26T16:44:10.011,47.572,78,71,203.816315,255,158171097,3329,8
2026-03-26T16:44:10.012,47.573,79,71,203.081635,255,158181058,3317,8
2026-03-26T16:44:10.013,47.575,80,71,202.408157,255,158190994,3306,8
2026-03-26T16:44:10.054,47.615,81,71,201.612259,255,158200949,3293,8
2026-03-26T16:44:10.056,47.617,82,71,200.938782,255,158210891,3282,8
2026-03-26T16:44:10.060,47.621,83,71,200.204071,255,158220852,3270,8
2026-03-26T16:44:10.061,47.622,84,71,199.591843,255,158230783,3260,8
2026-03-26T16:44:10.062,47.623,85,71,198.795914,255,158240746,3247,8
2026-03-26T16:44:10.116,47.678,86,71,198.061218,255,158250679,3235,8
2026-03-26T16:44:10.119,47.680,87,71,197.326538,255,158260634,3223,8
2026-03-26T16:44:10.122,47.683,88,71,196.714279,255,158270565,3213,8
2026-03-26T16:44:10.124,47.685,89,71,195.918381,255,158280522,3200,8
2026-03-26T16:44:10.125,47.687,90,71,195.183670,255,158290453,3188,8
2026-03-26T16:44:10.127,47.688,91,71,194.510208,255,158300412,3177,8
2026-03-26T16:44:10.174,47.735,92,71,193.836746,255,158310342,3166,8
2026-03-26T16:44:10.176,47.737,93,71,193.040817,255,158320297,3153,8
2026-03-26T16:44:10.178,47.740,94,71,192.306122,255,158330225,3141,8
2026-03-26T16:44:10.182,47.743,95,71,191.632660,255,158340184,3130,8
2026-03-26T16:44:10.183,47.745,96,70,190.897964,255,158350112,3118,8
2026-03-26T16:44:10.185,47.746,97,70,190.224487,255,158360067,3107,8
2026-03-26T16:44:10.187,47.749,98,70,189.489807,255,158369998,3095,8
2026-03-26T16:44:10.210,47.772,99,71,188.755096,255,158379973,3083,8
2026-03-26T16:44:10.212,47.774,100,70,188.020401,255,158389895,3071,8
2026-03-26T16:44:10.254,47.815,101,70,187.346939,255,158399852,3060,8
2026-03-26T16:44:10.255,47.817,102,70,186.612244,255,158409781,3048,8
2026-03-26T16:44:10.257,47.818,103,70,185.877563,255,158419741,3036,8
2026-03-26T16:44:10.259,47.820,104,70,185.265305,255,158429673,3026,8
2026-03-26T16:44:10.260,47.821,105,70,184.469391,255,158439632,3013,8
2026-03-26T16:44:10.304,47.865,106,71,183.734680,255,158449573,3001,8
2026-03-26T16:44:10.305,47.867,107,71,183.000000,255,158459533,2989,8
2026-03-26T16:44:10.307,47.868,108,71,182.326523,255,158469464,2978,8
2026-03-26T16:44:10.309,47.870,109,71,181.591843,255,158479421,2966,8
2026-03-26T16:44:10.310,47.871,110,71,180.918365,255,158489357,2955,8
2026-03-26T16:44:10.355,47.916,111,71,180.183685,255,158499321,2943,8
2026-03-26T16:44:10.357,47.918,112,71,179.510208,255,158509252,2932,8
2026-03-26T16:44:10.358,47.919,113,71,178.714294,255,158519211,2919,8
2026-03-26T16:44:10.360,47.921,114,71,178.040817,255,158529143,2908,8
2026-03-26T16:44:10.361,47.922,115,70,177.306122,255,158539095,2896,8
2026-03-26T16:44:10.405,47.966,116,70,176.571426,255,158549025,2884,8
2026-03-26T16:44:10.406,47.968,117,70,175.897964,255,158558978,2873,8
2026-03-26T16:44:10.407,47.969,118,70,175.163269,255,158568906,2861,8
2026-03-26T16:44:10.409,47.970,119,70,174.428574,255,158578864,2849,8
2026-03-26T16:44:10.410,47.971,120,70,173.755096,255,158588793,2838,8
2026-03-26T16:44:10.455,48.016,121,70,173.020416,255,158598741,2826,8
2026-03-26T16:44:10.456,48.018,122,70,172.285706,255,158608675,2814,8
2026-03-26T16:44:10.457,48.019,123,70,171.612244,255,158618628,2803,8
2026-03-26T16:44:10.458,48.020,124,70,170.938782,255,158628561,2792,8
2026-03-26T16:44:10.459,48.021,125,70,170.142853,255,158638522,2779,8
2026-03-26T16:44:10.505,48.066,126,70,169.408157,255,158648448,2767,8
2026-03-26T16:44:10.507,48.068,127,70,168.734695,255,158658409,2756,8
2026-03-26T16:44:10.508,48.069,128,70,168.000000,255,158668336,2744,8
2026-03-26T16:44:10.509,48.071,129,70,167.265305,255,158678293,2732,8
2026-03-26T16:44:10.510,48.072,130,70,166.591843,255,158688227,2721,8
2026-03-26T16:44:10.555,48.116,131,70,165.857147,255,158698189,2709,8
2026-03-26T16:44:10.557,48.118,132,70,165.183670,255,158708118,2698,8
2026-03-26T16:44:10.558,48.119,133,70,164.387756,255,158718074,2685,8
2026-03-26T16:44:10.559,48.120,134,70,163.714279,255,158728005,2674,8
2026-03-26T16:44:10.560,48.121,135,70,163.040817,255,158737973,2663,8
2026-03-26T16:44:10.605,48.166,136,70,162.367355,255,158747891,2652,8
2026-03-26T16:44:10.607,48.168,137,70,161.571426,255,158757855,2639,8
2026-03-26T16:44:10.608,48.169,138,70,160.836731,255,158767784,2627,8
2026-03-26T16:44:10.609,48.170,139,70,160.102051,255,158777743,2615,8
2026-03-26T16:44:10.610,48.171,140,70,159.428574,255,158787675,2604,8
2026-03-26T16:44:10.655,48.216,141,70,158.693878,255,158797630,2592,8
2026-03-26T16:44:10.656,48.217,142,70,157.959183,255,158807554,2580,8
2026-03-26T16:44:10.657,48.218,143,70,157.346939,255,158817513,2570,8
2026-03-26T16:44:10.658,48.219,144,70,156.612244,255,158827440,2558,8
2026-03-26T16:44:10.659,48.221,145,70,155.816330,255,158837394,2545,8
2026-03-26T16:44:10.705,48.266,146,70,155.142853,255,158847325,2534,8
2026-03-26T16:44:10.708,48.269,147,70,154.408157,255,158857274,2522,8
2026-03-26T16:44:10.709,48.270,148,70,153.673462,255,158867204,2510,8
2026-03-26T16:44:10.710,48.272,149,70,153.000000,255,158877164,2499,8
2026-03-26T16:44:10.713,48.274,150,70,152.265305,255,158887097,2487,8
2026-03-26T16:44:10.714,48.276,151,70,151.530609,255,158897055,2475,8
2026-03-26T16:44:10.759,48.320,152,70,150.795914,255,158906986,2463,8
2026-03-26T16:44:10.760,48.322,153,70,150.122452,255,158916951,2452,8
2026-03-26T16:44:10.762,48.323,154,70,149.387756,255,158926886,2440,8
2026-03-26T16:44:10.763,48.325,155,70,148.714279,255,158936843,2429,8
2026-03-26T16:44:10.765,48.326,156,70,147.979599,255,158946777,2417,8
2026-03-26T16:44:10.805,48.366,157,70,147.244888,255,158956732,2405,8
2026-03-26T16:44:10.807,48.368,158,70,146.510208,255,158966662,2393,8
2026-03-26T16:44:10.808,48.369,159,70,145.836731,255,158976616,2382,8
2026-03-26T16:44:10.809,48.370,160,70,145.102036,255,158986550,2370,8
2026-03-26T16:44:10.854,48.416,161,70,144.367340,255,158996506,2358,8
2026-03-26T16:44:10.856,48.417,162,70,143.693878,255,159006445,2347,8
2026-03-26T16:44:10.857,48.418,163,70,143.020401,255,159016406,2336,8
2026-03-26T16:44:10.859,48.421,164,70,142.224487,255,159026345,2323,8
2026-03-26T16:44:10.861,48.422,165,70,141.489792,255,159036306,2311,8
2026-03-26T16:44:10.862,48.424,166,70,140.816330,255,159046245,2300,8
2026-03-26T16:44:10.905,48.466,167,70,140.142853,255,159056210,2289,8
2026-03-26T16:44:10.907,48.468,168,70,139.408173,255,159066149,2277,8
2026-03-26T16:44:10.908,48.470,169,70,138.673462,255,159076108,2265,8
2026-03-26T16:44:10.910,48.472,170,70,137.938782,255,159086049,2253,8
2026-03-26T16:44:10.912,48.473,171,70,137.265305,255,159096009,2242,8
2026-03-26T16:44:10.955,48.516,172,70,136.530609,255,159105945,2230,8
2026-03-26T16:44:10.957,48.518,173,70,135.795914,255,159115912,2218,8
2026-03-26T16:44:10.958,48.519,174,70,135.122452,255,159125850,2207,8
2026-03-26T16:44:10.959,48.520,175,70,134.387756,255,159135811,2195,8
2026-03-26T16:44:10.960,48.521,176,70,133.653061,255,159145749,2183,8
2026-03-26T16:44:11.004,48.566,177,70,132.918365,255,159155714,2171,8
2026-03-26T16:44:11.006,48.567,178,70,132.306122,255,159165649,2161,8
2026-03-26T16:44:11.007,48.568,179,70,131.510193,255,159175609,2148,8
2026-03-26T16:44:11.008,48.569,180,70,130.775513,255,159185543,2136,8
2026-03-26T16:44:11.009,48.570,181,70,130.163269,255,159195504,2126,8
2026-03-26T16:44:11.054,48.616,182,70,129.428574,255,159205445,2114,8
2026-03-26T16:44:11.056,48.617,183,70,128.632645,255,159215409,2101,8
2026-03-26T16:44:11.058,48.619,184,70,127.897964,255,159225351,2089,8
2026-03-26T16:44:11.060,48.621,185,70,127.224487,255,159235311,2078,8
2026-03-26T16:44:11.061,48.622,186,70,126.489792,255,159245250,2066,8
2026-03-26T16:44:11.104,48.666,187,70,125.816330,255,159255215,2055,8
2026-03-26T16:44:11.106,48.668,188,70,125.081635,255,159265155,2043,8
2026-03-26T16:44:11.108,48.669,189,70,124.408157,255,159275116,2032,8
2026-03-26T16:44:11.109,48.670,190,70,123.612244,255,159285058,2019,8
2026-03-26T16:44:11.110,48.671,191,70,122.938774,255,159295023,2008,8
2026-03-26T16:44:11.154,48.715,192,70,122.265312,255,159304955,1997,8
2026-03-26T16:44:11.156,48.717,193,70,121.591843,255,159314917,1986,8
2026-03-26T16:44:11.157,48.718,194,70,120.795921,255,159324856,1973,8
2026-03-26T16:44:11.158,48.719,195,70,120.061226,255,159334818,1961,8
2026-03-26T16:44:11.159,48.720,196,70,119.326530,255,159344760,1949,8
2026-03-26T16:44:11.205,48.766,197,70,118.653061,255,159354719,1938,8
2026-03-26T16:44:11.206,48.767,198,70,117.918365,255,159364661,1926,8
2026-03-26T16:44:11.207,48.769,199,70,117.183670,255,159374625,1914,8
2026-03-26T16:44:11.208,48.769,200,70,116.571434,255,159384565,1904,8
2026-03-26T16:44:11.210,48.771,201,70,115.775513,255,159394523,1891,8
2026-03-26T16:44:11.255,48.816,202,70,115.040817,255,159404461,1879,8
2026-03-26T16:44:11.257,48.818,203,70,114.367340,255,159414422,1868,8
2026-03-26T16:44:11.258,48.819,204,70,113.693871,255,159424363,1857,8
2026-03-26T16:44:11.259,48.820,205,70,112.897957,255,159434326,1844,8
2026-03-26T16:44:11.260,48.822,206,70,112.224495,255,159444259,1833,8
2026-03-26T16:44:11.304,48.865,207,70,111.489792,255,159454223,1821,8
2026-03-26T16:44:11.306,48.867,208,70,110.816322,255,159464159,1810,8
2026-03-26T16:44:11.308,48.869,209,70,110.020409,255,159474122,1797,8
2026-03-26T16:44:11.310,48.871,210,70,109.346931,255,159484062,1786,8
2026-03-26T16:44:11.311,48.872,211,70,108.612244,255,159494023,1774,8
2026-03-26T16:44:11.354,48.915,212,70,107.938774,255,159503961,1763,8
2026-03-26T16:44:11.356,48.917,213,70,107.204086,255,159513928,1751,8
2026-03-26T16:44:11.357,48.918,214,70,106.469383,255,159523865,1739,8
2026-03-26T16:44:11.358,48.919,215,70,105.795914,255,159533828,1728,8
2026-03-26T16:44:11.359,48.920,216,70,105.061226,255,159543770,1716,8
2026-03-26T16:44:11.404,48.966,217,70,104.326523,255,159553728,1704,8
2026-03-26T16:44:11.406,48.967,218,70,103.591835,255,159563668,1692,8
2026-03-26T16:44:11.407,48.968,219,70,102.979599,255,159573632,1682,8
2026-03-26T16:44:11.408,48.969,220,70,102.183678,255,159583570,1669,8
2026-03-26T16:44:11.409,48.970,221,70,101.448975,255,159592537,1657,8
2026-03-26T16:44:11.455,49.016,222,70,100.775505,255,159603480,1646,8
2026-03-26T16:44:11.456,49.017,223,70,100.040817,255,159613449,1634,8
2026-03-26T16:44:11.457,49.018,224,70,99.306114,255,159623389,1622,8
2026-03-26T16:44:11.458,49.019,225,70,98.632660,255,159633355,1611,8
2026-03-26T16:44:11.459,49.021,226,70,97.959190,255,159643290,1600,8
2026-03-26T16:44:11.505,49.066,227,70,97.224487,255,159653262,1588,8
2026-03-26T16:44:11.507,49.069,228,70,96.489799,255,159663201,1576,8
2026-03-26T16:44:11.510,49.071,229,70,95.755096,255,159673170,1564,8
2026-03-26T16:44:11.511,49.072,230,70,95.020409,255,159683111,1552,8
2026-03-26T16:44:11.513,49.075,231,70,94.346939,255,159693074,1541,8
2026-03-26T16:44:11.515,49.076,232,70,93.612251,255,159703011,1529,8
2026-03-26T16:44:11.554,49.116,233,70,92.877548,255,159712984,1517,8
2026-03-26T16:44:11.556,49.118,234,70,92.142860,255,159722918,1505,8
2026-03-26T16:44:11.557,49.119,235,70,91.469391,255,159732888,1494,8
2026-03-26T16:44:11.559,49.121,236,70,90.734688,255,159742826,1482,8
2026-03-26T16:44:11.604,49.166,237,70,90.061226,255,159752794,1471,8
2026-03-26T16:44:11.606,49.168,238,70,89.326530,255,159762733,1459,8
2026-03-26T16:44:11.608,49.169,239,70,88.591835,255,159772702,1447,8
2026-03-26T16:44:11.609,49.170,240,70,87.857140,255,159782641,1435,8
2026-03-26T16:44:11.610,49.172,241,70,87.183678,255,159792608,1424,8
2026-03-26T16:44:11.654,49.216,242,70,86.448982,255,159802548,1412,8
2026-03-26T16:44:11.656,49.217,243,70,85.714287,255,159812516,1400,8
2026-03-26T16:44:11.657,49.218,244,70,85.040817,255,159822450,1389,8
2026-03-26T16:44:11.658,49.219,245,70,84.367348,255,159832415,1378,8
2026-03-26T16:44:11.659,49.220,246,70,83.571426,255,159842357,1365,8
2026-03-26T16:44:11.705,49.266,247,70,82.897964,255,159852323,1354,8
2026-03-26T16:44:11.707,49.268,248,70,82.163269,255,159862261,1342,8
2026-03-26T16:44:11.708,49.269,249,70,81.428574,255,159872225,1330,8
2026-03-26T16:44:11.710,49.271,250,70,80.755104,255,159882166,1319,8
2026-03-26T16:44:11.711,49.272,251,70,80.020409,255,159892133,1307,8
2026-03-26T16:44:11.712,49.273,252,70,79.346939,255,159902077,1296,8
2026-03-26T16:44:11.756,49.318,253,70,78.551025,255,159912045,1283,8
2026-03-26T16:44:11.758,49.319,254,70,77.877556,255,159921982,1272,8
2026-03-26T16:44:11.759,49.321,255,70,77.204079,255,159931948,1261,8
2026-03-26T16:44:11.761,49.322,0,70,76.469391,255,159941884,1249,8
2026-03-26T16:44:11.762,49.324,1,70,75.734695,255,159951842,1237,8
2026-03-26T16:44:11.808,49.369,2,70,75.000000,255,159961781,1225,8
2026-03-26T16:44:11.810,49.371,3,70,74.326530,255,159971746,1214,8
2026-03-26T16:44:11.813,49.375,4,70,73.591835,255,159981686,1202,8
2026-03-26T16:44:11.816,49.377,5,70,72.857147,255,159991647,1190,8
2026-03-26T16:44:11.817,49.378,6,70,72.183670,255,160001584,1179,8
2026-03-26T16:44:11.857,49.418,7,70,71.510201,255,160011550,1168,8
2026-03-26T16:44:11.859,49.420,8,70,70.714287,255,160021483,1155,8
2026-03-26T16:44:11.861,49.422,9,70,69.979591,255,160031449,1143,8
2026-03-26T16:44:11.862,49.423,10,70,69.306122,255,160041383,1132,8
2026-03-26T16:44:11.863,49.424,11,70,68.571426,255,160051349,1120,8
2026-03-26T16:44:11.905,49.466,12,70,67.836739,255,160061289,1108,8
2026-03-26T16:44:11.906,49.468,13,70,67.163261,255,160071251,1097,8
2026-03-26T16:44:11.908,49.469,14,70,66.489792,255,160081184,1086,8
2026-03-26T16:44:11.909,49.470,15,70,65.755096,255,160091148,1074,8
2026-03-26T16:44:11.910,49.471,16,70,65.020409,255,160101080,1062,8
2026-03-26T16:44:11.955,49.516,17,70,64.285713,255,160111041,1050,8
2026-03-26T16:44:11.956,49.518,18,70,63.612244,255,160120976,1039,8
2026-03-26T16:44:11.957,49.519,19,70,62.877552,255,160130938,1027,8
2026-03-26T16:44:11.958,49.520,20,70,62.142857,255,160140874,1015,8
2026-03-26T16:44:11.959,49.521,21,70,61.408161,255,160150835,1003,8
2026-03-26T16:44:12.005,49.567,22,70,60.734695,255,160160767,992,8
2026-03-26T16:44:12.007,49.568,23,70,60.000000,255,160170728,980,8
2026-03-26T16:44:12.008,49.569,24,70,59.265308,255,160180668,968,8
2026-03-26T16:44:12.009,49.570,25,70,58.653061,255,160190628,958,8
2026-03-26T16:44:12.010,49.571,26,70,57.918365,255,160200562,946,8
2026-03-26T16:44:12.055,49.616,27,70,57.122448,255,160210526,933,8
2026-03-26T16:44:12.056,49.617,28,70,56.387753,255,160220463,921,8
2026-03-26T16:44:12.057,49.618,29,70,55.714287,255,160230426,910,8
2026-03-26T16:44:12.058,49.619,30,70,54.979591,255,160240359,898,8
2026-03-26T16:44:12.059,49.620,31,70,54.244900,255,160250325,886,8
2026-03-26T16:44:12.105,49.666,32,70,53.571426,255,160260264,875,8
2026-03-26T16:44:12.106,49.667,33,70,52.897957,255,160270227,864,8
2026-03-26T16:44:12.107,49.669,34,70,52.102039,255,160280169,851,8
2026-03-26T16:44:12.108,49.670,35,70,51.428574,255,160290138,840,8
2026-03-26T16:44:12.109,49.671,36,70,50.693878,255,160300079,828,8
2026-03-26T16:44:12.155,49.716,37,70,50.020409,255,160310043,817,8
2026-03-26T16:44:12.156,49.718,38,70,49.285713,255,160319987,805,8
2026-03-26T16:44:12.158,49.719,39,70,48.551018,255,160329957,793,8
2026-03-26T16:44:12.159,49.720,40,70,47.816326,255,160339899,781,8
2026-03-26T16:44:12.160,49.721,41,70,47.081631,255,160349864,769,8
2026-03-26T16:44:12.204,49.765,42,70,46.408165,255,160359805,758,8
2026-03-26T16:44:12.206,49.767,43,70,45.673470,255,160369770,746,8
2026-03-26T16:44:12.207,49.768,44,70,45.061226,255,160379708,736,8
2026-03-26T16:44:12.208,49.769,45,70,44.265305,255,160389670,723,8
2026-03-26T16:44:12.209,49.770,46,70,43.530613,255,160399611,711,8
2026-03-26T16:44:12.255,49.816,47,70,42.795918,255,160409573,699,8
2026-03-26T16:44:12.256,49.818,48,70,42.183674,255,160419515,689,8
2026-03-26T16:44:12.257,49.819,49,70,41.387753,255,160429480,676,8
2026-03-26T16:44:12.258,49.820,50,70,40.653061,255,160439420,664,8
2026-03-26T16:44:12.259,49.821,51,69,39.979591,255,160449391,653,8
2026-03-26T16:44:12.305,49.866,52,69,39.306122,255,160459327,642,8
2026-03-26T16:44:12.306,49.867,53,69,38.510204,255,160469292,629,8
2026-03-26T16:44:12.307,49.868,54,69,37.836735,255,160479228,618,8
2026-03-26T16:44:12.308,49.869,55,69,37.102039,255,160489195,606,8
2026-03-26T16:44:12.309,49.870,56,69,36.367348,255,160499138,594,8
2026-03-26T16:44:12.355,49.916,57,69,35.693878,255,160509105,583,8
2026-03-26T16:44:12.359,49.920,58,69,34.959183,255,160519043,571,8
2026-03-26T16:44:12.360,49.921,59,69,34.285713,255,160529007,560,8
2026-03-26T16:44:12.361,49.922,60,69,33.489796,255,160538943,547,8
2026-03-26T16:44:12.362,49.923,61,70,32.816326,255,160548903,536,8
2026-03-26T16:44:12.405,49.966,62,70,32.081635,255,160558834,524,8
2026-03-26T16:44:12.407,49.968,63,70,31.469387,255,160568793,514,8
2026-03-26T16:44:12.408,49.969,64,69,30.673470,255,160578728,501,8
2026-03-26T16:44:12.409,49.970,65,70,29.938776,255,160588678,489,8
2026-03-26T16:44:12.410,49.972,66,70,29.204082,255,160598608,477,8
2026-03-26T16:44:12.454,50.015,67,70,28.591835,255,160608563,467,8
2026-03-26T16:44:12.456,50.017,68,70,27.795918,255,160618493,454,8
2026-03-26T16:44:12.457,50.018,69,70,27.061226,255,160628447,442,8
2026-03-26T16:44:12.458,50.019,70,70,26.387754,255,160638378,431,8
2026-03-26T16:44:12.459,50.020,71,69,25.714287,255,160648335,420,8
2026-03-26T16:44:12.505,50.066,72,69,24.918367,255,160658265,407,8
2026-03-26T16:44:12.506,50.068,73,69,24.244898,255,160668225,396,8
2026-03-26T16:44:12.508,50.069,74,70,23.510202,255,160678159,384,8
2026-03-26T16:44:12.509,50.071,75,70,22.836735,255,160688116,373,8
2026-03-26T16:44:12.510,50.072,76,70,22.102041,255,160698058,361,8
2026-03-26T16:44:12.555,50.116,77,70,21.367348,255,160708017,349,8
2026-03-26T16:44:12.556,50.118,78,69,20.632652,255,160717948,337,8
2026-03-26T16:44:12.557,50.119,79,70,19.897959,255,160727914,325,8
2026-03-26T16:44:12.558,50.120,80,69,19.224491,255,160737849,314,8
2026-03-26T16:44:12.559,50.121,81,69,18.489796,255,160747810,302,8
2026-03-26T16:44:12.614,50.175,82,70,17.755102,255,160757744,290,8
2026-03-26T16:44:12.615,50.176,83,70,17.142857,255,160767707,280,8
2026-03-26T16:44:12.616,50.177,84,70,16.346939,255,160777645,267,8
2026-03-26T16:44:12.617,50.178,85,70,15.612246,255,160787610,255,8
2026-03-26T16:44:12.618,50.179,86,70,14.938775,255,160797550,244,8
2026-03-26T16:44:12.619,50.180,87,70,14.204082,255,160807515,232,8
2026-03-26T16:44:12.657,50.218,88,70,13.469387,255,160817454,220,8
2026-03-26T16:44:12.658,50.220,89,70,12.795918,255,160827418,209,8
2026-03-26T16:44:12.660,50.221,90,70,12.122449,255,160837358,198,8
2026-03-26T16:44:12.661,50.223,91,70,11.326530,255,160847324,185,8
2026-03-26T16:44:12.662,50.224,92,70,10.591837,255,160857266,173,8
2026-03-26T16:44:12.705,50.266,93,70,9.918367,255,160867226,162,8
2026-03-26T16:44:12.706,50.268,94,69,9.244898,255,160877171,151,8
2026-03-26T16:44:12.708,50.269,95,69,8.510204,255,160887135,139,8
2026-03-26T16:44:12.709,50.270,96,70,7.775510,255,160897075,127,8
2026-03-26T16:44:12.755,50.316,97,69,7.040816,255,160907035,115,8
2026-03-26T16:44:12.757,50.318,98,70,6.306122,255,160916982,103,8
2026-03-26T16:44:12.758,50.319,99,70,5.632653,255,160926942,92,8
2026-03-26T16:44:12.759,50.321,100,70,4.897959,255,160936886,80,8
2026-03-26T16:44:12.761,50.322,101,70,4.224490,255,160946854,69,8
2026-03-26T16:44:12.761,50.323,102,70,3.489796,255,160956794,57,8
2026-03-26T16:44:12.804,50.366,103,70,2.755102,255,160966755,45,8
2026-03-26T16:44:12.806,50.367,104,69,2.020408,255,160976697,33,8
2026-03-26T16:44:12.807,50.369,105,69,1.285714,255,160986657,21,8
2026-03-26T16:44:12.808,50.370,106,69,0.612245,255,160996596,10,8
2026-03-26T16:44:12.810,50.371,107,69,359.877533,255,161006551,5878,8
2026-03-26T16:44:12.854,50.416,108,69,359.142853,255,161016483,5866,8
2026-03-26T16:44:12.856,50.417,109,69,358.530609,255,161026446,5856,8
2026-03-26T16:44:12.857,50.419,110,69,357.795898,255,161036385,5844,8
2026-03-26T16:44:12.859,50.420,111,69,357.000000,255,161046346,5831,8
2026-03-26T16:44:12.860,50.421,112,69,356.326538,255,161056290,5820,8
2026-03-26T16:44:12.905,50.466,113,69,355.591858,255,161066254,5808,8
2026-03-26T16:44:12.907,50.468,114,69,354.857147,255,161076184,5796,8
2026-03-26T16:44:12.908,50.469,115,69,354.183685,255,161086144,5785,8
2026-03-26T16:44:12.909,50.470,116,69,353.448975,255,161096078,5773,8
2026-03-26T16:44:12.910,50.471,117,69,352.775513,255,161106046,5762,8
2026-03-26T16:44:12.955,50.516,118,69,351.979584,255,161115979,5749,8
2026-03-26T16:44:12.957,50.518,119,69,351.306122,255,161125936,5738,8
2026-03-26T16:44:12.958,50.519,120,69,350.571442,255,161135872,5726,8
2026-03-26T16:44:12.959,50.520,121,69,349.959167,255,161145834,5716,8
2026-03-26T16:44:12.960,50.521,122,69,349.163269,255,161155772,5703,8
2026-03-26T16:44:13.015,50.576,123,69,348.428558,255,161165732,5691,8
2026-03-26T16:44:13.017,50.578,124,69,347.693878,255,161175665,5679,8
2026-03-26T16:44:13.019,50.580,125,69,347.081635,255,161185622,5669,8
2026-03-26T16:44:13.020,50.581,126,69,346.285706,255,161195556,5656,8
2026-03-26T16:44:13.021,50.583,127,69,345.551025,255,161205517,5644,8
2026-03-26T16:44:13.023,50.584,128,69,344.877563,255,161215454,5633,8
2026-03-26T16:44:13.063,50.624,129,69,344.204071,255,161225413,5622,8
2026-03-26T16:44:13.064,50.626,130,69,343.408142,255,161235348,5609,8
2026-03-26T16:44:13.066,50.627,131,69,342.673462,255,161245308,5597,8
2026-03-26T16:44:13.067,50.628,132,70,342.000000,255,161255247,5586,8
2026-03-26T16:44:13.068,50.629,133,69,341.265320,255,161265205,5574,8
2026-03-26T16:44:13.111,50.672,134,70,340.591827,255,161275136,5563,8
2026-03-26T16:44:13.112,50.674,135,70,339.857147,255,161285097,5551,8
2026-03-26T16:44:13.114,50.675,136,70,339.122467,255,161295031,5539,8
2026-03-26T16:44:13.115,50.677,137,70,338.448975,255,161304994,5528,8
2026-03-26T16:44:13.117,50.678,138,69,337.714264,255,161314931,5516,8
2026-03-26T16:44:13.158,50.719,139,69,336.979584,255,161324894,5504,8
2026-03-26T16:44:13.159,50.721,140,70,336.306122,255,161334829,5493,8
2026-03-26T16:44:13.161,50.722,141,70,335.571442,255,161344782,5481,8
2026-03-26T16:44:13.162,50.723,142,70,334.836731,255,161354715,5469,8
2026-03-26T16:44:13.209,50.770,143,69,334.102051,255,161364679,5457,8
2026-03-26T16:44:13.211,50.772,144,69,333.367340,255,161374620,5445,8
2026-03-26T16:44:13.212,50.773,145,69,332.693878,255,161384579,5434,8
2026-03-26T16:44:13.213,50.774,146,69,331.959167,255,161394510,5422,8
2026-03-26T16:44:13.214,50.775,147,69,331.285706,255,161404469,5411,8
2026-03-26T16:44:13.254,50.816,148,69,330.612244,255,161414400,5400,8
2026-03-26T16:44:13.256,50.817,149,69,329.816315,255,161424358,5387,8
2026-03-26T16:44:13.257,50.818,150,69,329.081635,255,161434290,5375,8
2026-03-26T16:44:13.258,50.819,151,69,328.408173,255,161444249,5364,8
2026-03-26T16:44:13.259,50.820,152,69,327.673462,255,161454179,5352,8
2026-03-26T16:44:13.304,50.866,153,69,326.938782,255,161464143,5340,8
2026-03-26T16:44:13.306,50.867,154,69,326.265289,255,161474078,5329,8
2026-03-26T16:44:13.307,50.869,155,69,325.530609,255,161484038,5317,8
2026-03-26T16:44:13.308,50.870,156,69,324.795929,255,161493977,5305,8
2026-03-26T16:44:13.309,50.871,157,69,324.122437,255,161503941,5294,8
2026-03-26T16:44:13.354,50.915,158,69,323.387756,255,161513878,5282,8
2026-03-26T16:44:13.356,50.917,159,69,322.714294,255,161523841,5271,8
2026-03-26T16:44:13.357,50.919,160,69,322.040833,255,161533782,5260,8
2026-03-26T16:44:13.358,50.920,161,70,321.244904,255,161543744,5247,8
2026-03-26T16:44:13.359,50.921,162,70,320.510193,255,161553682,5235,8
2026-03-26T16:44:13.404,50.965,163,70,319.775513,255,161563646,5223,8
2026-03-26T16:44:13.406,50.967,164,69,319.102051,255,161573591,5212,8
2026-03-26T16:44:13.407,50.968,165,69,318.367340,255,161583553,5200,8
2026-03-26T16:44:13.408,50.969,166,69,317.693878,255,161593489,5189,8
2026-03-26T16:44:13.409,50.970,167,69,317.020416,255,161603448,5178,8
2026-03-26T16:44:13.454,51.015,168,69,316.285736,255,161613382,5166,8
2026-03-26T16:44:13.456,51.017,169,69,315.489807,255,161623337,5153,8
2026-03-26T16:44:13.457,51.018,170,70,314.816315,255,161633275,5142,8
2026-03-26T16:44:13.458,51.019,171,69,314.081635,255,161643240,5130,8
2026-03-26T16:44:13.459,51.020,172,69,313.346954,255,161653176,5118,8
2026-03-26T16:44:13.504,51.065,173,69,312.673462,255,161663136,5107,8
2026-03-26T16:44:13.506,51.067,174,69,311.938782,255,161673068,5095,8
2026-03-26T16:44:13.507,51.068,175,69,311.204071,255,161683027,5083,8
2026-03-26T16:44:13.508,51.069,176,69,310.469391,255,161692962,5071,8
2026-03-26T16:44:13.509,51.070,177,69,309.795898,255,161702923,5060,8
2026-03-26T16:44:13.557,51.118,178,69,309.061218,255,161712859,5048,8
2026-03-26T16:44:13.559,51.120,179,69,308.448975,255,161722823,5038,8
2026-03-26T16:44:13.561,51.122,180,69,307.653076,255,161732764,5025,8
2026-03-26T16:44:13.563,51.124,181,70,306.918365,255,161742722,5013,8
2026-03-26T16:44:13.564,51.125,182,70,306.183655,255,161752659,5001,8
2026-03-26T16:44:13.565,51.126,183,70,305.510193,255,161762617,4990,8
2026-03-26T16:44:13.605,51.166,184,70,304.775513,255,161772555,4978,8
2026-03-26T16:44:13.607,51.168,185,70,304.040802,255,161782518,4966,8
2026-03-26T16:44:13.611,51.172,186,70,303.367340,255,161792449,4955,8
2026-03-26T16:44:13.612,51.174,187,70,302.693878,255,161802409,4944,8
2026-03-26T16:44:13.614,51.175,188,70,301.897980,255,161812342,4931,8
2026-03-26T16:44:13.655,51.216,189,70,301.163269,255,161822301,4919,8
2026-03-26T16:44:13.656,51.218,190,70,300.489777,255,161832236,4908,8
2026-03-26T16:44:13.658,51.219,191,70,299.755096,255,161842193,4896,8
2026-03-26T16:44:13.659,51.220,192,70,299.081635,255,161852128,4885,8
2026-03-26T16:44:13.707,51.268,193,70,298.346924,255,161862089,4873,8
2026-03-26T16:44:13.708,51.270,194,70,297.612244,255,161872025,4861,8
2026-03-26T16:44:13.710,51.271,195,70,296.938782,255,161881987,4850,8
2026-03-26T16:44:13.711,51.273,196,70,296.204102,255,161891924,4838,8
2026-03-26T16:44:13.713,51.274,197,70,295.469391,255,161901886,4826,8
2026-03-26T16:44:13.714,51.275,198,70,294.795929,255,161911819,4815,8
2026-03-26T16:44:13.765,51.326,199,70,294.061218,255,161921784,4803,8
2026-03-26T16:44:13.767,51.328,200,70,293.326538,255,161931720,4791,8
2026-03-26T16:44:13.768,51.329,201,70,292.591827,255,161941684,4779,8
2026-03-26T16:44:13.770,51.331,202,70,291.979584,255,161951621,4769,8
2026-03-26T16:44:13.771,51.332,203,70,291.183685,255,161961591,4756,8
2026-03-26T16:44:13.772,51.333,204,70,290.448975,255,161971531,4744,8
2026-03-26T16:44:13.816,51.377,205,70,289.775513,255,161981493,4733,8
2026-03-26T16:44:13.818,51.379,206,70,289.102051,255,161991428,4722,8
2026-03-26T16:44:13.819,51.381,207,70,288.306122,255,162001394,4709,8
2026-03-26T16:44:13.821,51.382,208,70,287.571442,255,162011334,4697,8
2026-03-26T16:44:13.822,51.384,209,70,286.897949,255,162021298,4686,8
2026-03-26T16:44:13.872,51.433,210,70,286.163269,255,162031237,4674,8
2026-03-26T16:44:13.874,51.435,211,70,285.428589,255,162041198,4662,8
2026-03-26T16:44:13.875,51.437,212,70,284.755096,255,162051136,4651,8
2026-03-26T16:44:13.877,51.438,213,70,284.020386,255,162061092,4639,8
2026-03-26T16:44:13.878,51.440,214,70,283.346924,255,162071022,4628,8
2026-03-26T16:44:13.880,51.441,215,70,282.612244,255,162080983,4616,8
2026-03-26T16:44:13.921,51.483,216,70,281.877563,255,162090917,4604,8
2026-03-26T16:44:13.923,51.484,217,70,281.204071,255,162100874,4593,8
2026-03-26T16:44:13.925,51.486,218,70,280.530609,255,162110807,4582,8
2026-03-26T16:44:13.926,51.487,219,70,279.734711,255,162120764,4569,8
2026-03-26T16:44:13.973,51.534,220,70,279.000000,255,162130703,4557,8
2026-03-26T16:44:13.974,51.536,221,70,278.265289,255,162140666,4545,8
2026-03-26T16:44:13.976,51.537,222,70,277.591827,255,162150608,4534,8
2026-03-26T16:44:13.977,51.538,223,70,276.857147,255,162160573,4522,8
2026-03-26T16:44:13.978,51.539,224,70,276.183685,255,162170513,4511,8
2026-03-26T16:44:13.979,51.540,225,70,275.448975,255,162180474,4499,8
2026-03-26T16:44:14.017,51.578,226,70,274.775513,255,162190412,4488,8
2026-03-26T16:44:14.018,51.579,227,70,273.979584,255,162200376,4475,8
2026-03-26T16:44:14.019,51.580,228,70,273.306122,255,162210312,4464,8
2026-03-26T16:44:14.020,51.582,229,70,272.571411,255,162220272,4452,8
2026-03-26T16:44:14.058,51.619,230,70,271.836731,255,162230199,4440,8
2026-03-26T16:44:14.059,51.620,231,70,271.163269,255,162240162,4429,8
2026-03-26T16:44:14.060,51.621,232,70,270.428589,255,162250105,4417,8
2026-03-26T16:44:14.061,51.622,233,70,269.755096,255,162260070,4406,8
2026-03-26T16:44:14.108,51.669,234,70,269.020416,255,162270014,4394,8
2026-03-26T16:44:14.110,51.671,235,70,268.285706,255,162279978,4382,8
2026-03-26T16:44:14.111,51.672,236,70,267.551025,255,162289915,4370,8
2026-03-26T16:44:14.112,51.674,237,70,266.877533,255,162299878,4359,8
2026-03-26T16:44:14.113,51.675,238,70,266.142853,255,162309818,4347,8
2026-03-26T16:44:14.155,51.716,239,70,265.408173,255,162319782,4335,8
2026-03-26T16:44:14.156,51.718,240,70,264.673462,255,162329722,4323,8
2026-03-26T16:44:14.158,51.719,241,70,264.000000,255,162339683,4312,8
2026-03-26T16:44:14.158,51.720,242,70,263.265320,255,162349623,4300,8
2026-03-26T16:44:14.159,51.721,243,70,262.530609,255,162359583,4288,8
2026-03-26T16:44:14.204,51.765,244,70,261.918365,255,162369520,4278,8
2026-03-26T16:44:14.205,51.767,245,70,261.183655,255,162379483,4266,8
2026-03-26T16:44:14.207,51.768,246,70,260.387756,255,162389421,4253,8
2026-03-26T16:44:14.208,51.769,247,70,259.653076,255,162399387,4241,8
2026-03-26T16:44:14.209,51.770,248,70,258.979584,255,162409329,4230,8
2026-03-26T16:44:14.255,51.817,249,70,258.244904,255,162419289,4218,8
2026-03-26T16:44:14.257,51.818,250,70,257.571442,255,162429226,4207,8
2026-03-26T16:44:14.258,51.820,251,70,256.836731,255,162439188,4195,8
2026-03-26T16:44:14.260,51.821,252,70,256.102051,255,162449133,4183,8
2026-03-26T16:44:14.260,51.822,253,70,255.428574,255,162459104,4172,8
2026-03-26T16:44:14.350,51.911,254,70,254.693878,255,162469049,4160,8
2026-03-26T16:44:14.352,51.913,255,70,253.959183,255,162479017,4148,8
2026-03-26T16:44:14.353,51.914,0,70,253.285721,255,162488956,4137,8
2026-03-26T16:44:14.355,51.916,1,70,252.551025,255,162498926,4125,8
2026-03-26T16:44:14.356,51.917,2,70,251.816315,255,162508870,4113,8
2026-03-26T16:44:14.358,51.919,3,70,251.081635,255,162518838,4101,8
2026-03-26T16:44:14.359,51.921,4,70,250.408157,255,162528781,4090,8
2026-03-26T16:44:14.361,51.922,5,70,249.673462,255,162538743,4078,8
2026-03-26T16:44:14.362,51.923,6,70,248.938782,255,162548683,4066,8
2026-03-26T16:44:14.363,51.924,7,69,248.326523,255,162558653,4056,8
2026-03-26T16:44:14.364,51.925,8,69,247.530624,255,162568592,4043,8
2026-03-26T16:44:14.395,51.956,9,69,246.795914,255,162578557,4031,8
2026-03-26T16:44:14.398,51.959,10,70,246.061218,255,162588499,4019,8
2026-03-26T16:44:14.400,51.961,11,70,245.387756,255,162598467,4008,8
2026-03-26T16:44:14.431,51.992,12,70,244.653061,255,162608405,3996,8
2026-03-26T16:44:14.432,51.994,13,70,243.979584,255,162618366,3985,8
2026-03-26T16:44:14.434,51.995,14,70,243.306122,255,162628301,3974,8
2026-03-26T16:44:14.435,51.997,15,70,242.571426,255,162638270,3962,8
2026-03-26T16:44:14.458,52.019,16,70,241.775497,255,162648212,3949,8
2026-03-26T16:44:14.459,52.021,17,70,241.102036,255,162658176,3938,8
2026-03-26T16:44:14.504,52.065,18,70,240.367340,255,162668118,3926,8
2026-03-26T16:44:14.505,52.066,19,70,239.632645,255,162678087,3914,8
2026-03-26T16:44:14.506,52.068,20,70,238.959183,255,162688022,3903,8
2026-03-26T16:44:14.507,52.069,21,70,238.224487,255,162697988,3891,8
2026-03-26T16:44:14.509,52.070,22,70,237.551025,255,162707927,3880,8
2026-03-26T16:44:14.554,52.116,23,70,236.816330,255,162717887,3868,8
2026-03-26T16:44:14.556,52.118,24,69,236.081650,255,162727831,3856,8
2026-03-26T16:44:14.558,52.119,25,69,235.346939,255,162737790,3844,8
2026-03-26T16:44:14.559,52.120,26,70,234.734695,255,162747727,3834,8
2026-03-26T16:44:14.560,52.121,27,70,233.938766,255,162757688,3821,8
2026-03-26T16:44:14.604,52.165,28,70,233.204086,255,162767624,3809,8
2026-03-26T16:44:14.606,52.167,29,70,232.469391,255,162777584,3797,8
2026-03-26T16:44:14.607,52.168,30,70,231.795929,255,162787520,3786,8
2026-03-26T16:44:14.608,52.169,31,69,231.061234,255,162797489,3774,8
2026-03-26T16:44:14.609,52.170,32,69,230.387756,255,162807429,3763,8
2026-03-26T16:44:14.656,52.217,33,69,229.714294,255,162817386,3752,8
2026-03-26T16:44:14.657,52.218,34,69,228.979584,255,162827320,3740,8
2026-03-26T16:44:14.659,52.220,35,69,228.183670,255,162837283,3727,8
2026-03-26T16:44:14.660,52.221,36,69,227.510208,255,162847226,3716,8
2026-03-26T16:44:14.661,52.223,37,69,226.775513,255,162857184,3704,8
2026-03-26T16:44:14.663,52.224,38,69,226.040833,255,162867117,3692,8
2026-03-26T16:44:14.711,52.272,39,69,225.367355,255,162877084,3681,8
2026-03-26T16:44:14.712,52.274,40,69,224.632645,255,162887018,3669,8
2026-03-26T16:44:14.714,52.275,41,69,223.897949,255,162896976,3657,8
2026-03-26T16:44:14.715,52.276,42,69,223.224487,255,162906906,3646,8
2026-03-26T16:44:14.716,52.277,43,69,222.489792,255,162916877,3634,8
2026-03-26T16:44:14.760,52.322,44,69,221.755112,255,162926804,3622,8
2026-03-26T16:44:14.762,52.323,45,69,221.142853,255,162936765,3612,8
2026-03-26T16:44:14.763,52.324,46,69,220.346954,255,162946695,3599,8
2026-03-26T16:44:14.764,52.325,47,69,219.612244,255,162956654,3587,8
2026-03-26T16:44:14.765,52.326,48,69,218.877548,255,162966577,3575,8
2026-03-26T16:44:14.809,52.370,49,69,218.204071,255,162976532,3564,8
2026-03-26T16:44:14.811,52.372,50,70,217.469391,255,162986471,3552,8
2026-03-26T16:44:14.812,52.374,51,69,216.795914,255,162996431,3541,8
2026-03-26T16:44:14.813,52.375,52,70,216.122452,255,163006361,3530,8
2026-03-26T16:44:14.814,52.376,53,70,215.326538,255,163016318,3517,8
2026-03-26T16:44:14.870,52.432,54,70,214.591827,255,163026254,3505,8
2026-03-26T16:44:14.872,52.434,55,70,213.918350,255,163036214,3494,8
2026-03-26T16:44:14.873,52.435,56,70,213.244904,255,163046148,3483,8
2026-03-26T16:44:14.874,52.436,57,69,212.510193,255,163056114,3471,8
2026-03-26T16:44:14.876,52.437,58,69,211.775513,255,163066041,3459,8
2026-03-26T16:44:14.877,52.438,59,69,211.040817,255,163076000,3447,8
2026-03-26T16:44:14.910,52.471,60,69,210.306122,255,163085935,3435,8
2026-03-26T16:44:14.911,52.472,61,70,209.632660,255,163095893,3424,8
2026-03-26T16:44:14.912,52.474,62,70,208.897964,255,163105823,3412,8
2026-03-26T16:44:14.913,52.475,63,70,208.224503,255,163115780,3401,8
2026-03-26T16:44:14.972,52.533,64,70,207.489792,255,163125712,3389,8
2026-03-26T16:44:14.973,52.535,65,70,206.755096,255,163135672,3377,8
2026-03-26T16:44:14.975,52.536,66,70,206.020416,255,163145606,3365,8
2026-03-26T16:44:14.976,52.537,67,70,205.346939,255,163155565,3354,8
2026-03-26T16:44:14.977,52.538,68,70,204.612244,255,163165501,3342,8
2026-03-26T16:44:14.978,52.539,69,70,203.877563,255,163175464,3330,8
2026-03-26T16:44:14.979,52.540,70,70,203.204086,255,163185399,3319,8
2026-03-26T16:44:15.006,52.567,71,69,202.530624,255,163195358,3308,8
2026-03-26T16:44:15.008,52.569,72,69,201.734695,255,163205291,3295,8
2026-03-26T16:44:15.009,52.571,73,69,201.061218,255,163215255,3284,8
2026-03-26T16:44:15.068,52.630,74,69,200.326538,255,163225192,3272,8
2026-03-26T16:44:15.070,52.631,75,69,199.591843,255,163235154,3260,8
2026-03-26T16:44:15.071,52.633,76,69,198.918365,255,163245089,3249,8
2026-03-26T16:44:15.072,52.634,77,69,198.183685,255,163255055,3237,8
2026-03-26T16:44:15.073,52.635,78,69,197.510208,255,163264990,3226,8
2026-03-26T16:44:15.074,52.636,79,69,196.775497,255,163274948,3214,8
2026-03-26T16:44:15.121,52.682,80,69,196.040817,255,163284882,3202,8
2026-03-26T16:44:15.122,52.684,81,69,195.367340,255,163294837,3191,8
2026-03-26T16:44:15.124,52.685,82,69,194.632645,255,163304771,3179,8
2026-03-26T16:44:15.125,52.687,83,69,193.897964,255,163314737,3167,8
2026-03-26T16:44:15.126,52.688,84,69,193.163269,255,163324665,3155,8
2026-03-26T16:44:15.127,52.689,85,69,192.551025,255,163334632,3145,8
2026-03-26T16:44:15.177,52.739,86,69,191.755096,255,163344567,3132,8
2026-03-26T16:44:15.179,52.740,87,69,191.020401,255,163354530,3120,8
2026-03-26T16:44:15.180,52.742,88,69,190.408173,255,163364462,3110,8
2026-03-26T16:44:15.182,52.743,89,69,189.673462,255,163374424,3098,8
2026-03-26T16:44:15.183,52.744,90,69,188.877548,255,163384356,3085,8
2026-03-26T16:44:15.209,52.771,91,69,188.204086,255,163394314,3074,8
2026-03-26T16:44:15.211,52.772,92,69,187.469391,255,163404251,3062,8
2026-03-26T16:44:15.213,52.774,93,70,186.734680,255,163414215,3050,8
2026-03-26T16:44:15.262,52.823,94,70,186.061234,255,163424153,3039,8
2026-03-26T16:44:15.263,52.824,95,69,185.326523,255,163434116,3027,8
2026-03-26T16:44:15.264,52.826,96,69,184.653046,255,163444052,3016,8
2026-03-26T16:44:15.265,52.827,97,69,183.918365,255,163454008,3004,8
2026-03-26T16:44:15.266,52.828,98,69,183.183670,255,163463946,2992,8
2026-03-26T16:44:15.267,52.828,99,69,182.510208,255,163473899,2981,8
2026-03-26T16:44:15.318,52.879,100,69,181.775513,255,163483836,2969,8
2026-03-26T16:44:15.319,52.881,101,70,181.040833,255,163493795,2957,8
2026-03-26T16:44:15.321,52.882,102,70,180.306122,255,163503729,2945,8
2026-03-26T16:44:15.322,52.883,103,70,179.571426,255,163513693,2933,8
2026-03-26T16:44:15.323,52.884,104,69,178.897949,255,163523633,2922,8
2026-03-26T16:44:15.324,52.885,105,69,178.163269,255,163533595,2910,8
2026-03-26T16:44:15.375,52.937,106,69,177.489792,255,163543534,2899,8
2026-03-26T16:44:15.377,52.938,107,69,176.816330,255,163553495,2888,8
2026-03-26T16:44:15.378,52.939,108,69,176.020401,255,163563431,2875,8
2026-03-26T16:44:15.379,52.940,109,69,175.285721,255,163573393,2863,8
2026-03-26T16:44:15.380,52.941,110,69,174.612244,255,163583331,2852,8
2026-03-26T16:44:15.410,52.972,111,69,173.877548,255,163593291,2840,8
2026-03-26T16:44:15.412,52.973,112,69,173.204071,255,163603225,2829,8
2026-03-26T16:44:15.413,52.974,113,69,172.469391,255,163613187,2817,8
2026-03-26T16:44:15.414,52.975,114,69,171.795914,255,163623120,2806,8
2026-03-26T16:44:15.467,53.029,115,70,171.000000,255,163633077,2793,8
2026-03-26T16:44:15.469,53.030,116,70,170.326523,255,163643007,2782,8
2026-03-26T16:44:15.470,53.032,117,70,169.653061,255,163652973,2771,8
2026-03-26T16:44:15.471,53.032,118,70,168.918365,255,163662899,2759,8
2026-03-26T16:44:15.472,53.034,119,70,168.183685,255,163672860,2747,8
2026-03-26T16:44:15.473,53.035,120,70,167.448975,255,163682796,2735,8
2026-03-26T16:44:15.505,53.067,121,70,166.775513,255,163692756,2724,8
2026-03-26T16:44:15.507,53.068,122,70,166.040817,255,163702696,2712,8
2026-03-26T16:44:15.508,53.069,123,69,165.306122,255,163712655,2700,8
2026-03-26T16:44:15.567,53.128,124,69,164.693878,255,163722591,2690,8
2026-03-26T16:44:15.568,53.130,125,70,163.959183,255,163732559,2678,8
2026-03-26T16:44:15.570,53.131,126,70,163.163269,255,163742493,2665,8
2026-03-26T16:44:15.571,53.132,127,70,162.428574,255,163752461,2653,8
2026-03-26T16:44:15.572,53.133,128,70,161.755096,255,163762398,2642,8
2026-03-26T16:44:15.573,53.134,129,70,161.020416,255,163772362,2630,8
2026-03-26T16:44:15.574,53.136,130,70,160.346939,255,163782302,2619,8
2026-03-26T16:44:15.604,53.165,131,70,159.612244,255,163792266,2607,8
2026-03-26T16:44:15.606,53.167,132,70,158.938782,255,163802207,2596,8
2026-03-26T16:44:15.607,53.168,133,70,158.142868,255,163812170,2583,8
2026-03-26T16:44:15.668,53.229,134,70,157.469391,255,163822112,2572,8
2026-03-26T16:44:15.670,53.231,135,70,156.734695,255,163832076,2560,8
2026-03-26T16:44:15.671,53.232,136,70,156.061218,255,163842013,2549,8
2026-03-26T16:44:15.672,53.234,137,70,155.326538,255,163851976,2537,8
2026-03-26T16:44:15.674,53.235,138,70,154.591843,255,163861916,2525,8
2026-03-26T16:44:15.675,53.236,139,70,153.857147,255,163871878,2513,8
2026-03-26T16:44:15.676,53.237,140,70,153.183670,255,163881816,2502,8
2026-03-26T16:44:15.704,53.265,141,70,152.448975,255,163891774,2490,8
2026-03-26T16:44:15.705,53.267,142,70,151.714279,255,163901707,2478,8
2026-03-26T16:44:15.706,53.268,143,70,151.102036,255,163911668,2468,8
2026-03-26T16:44:15.770,53.332,144,69,150.306122,255,163921605,2455,8
2026-03-26T16:44:15.772,53.333,145,69,149.571426,255,163931565,2443,8
2026-03-26T16:44:15.773,53.334,146,69,148.897964,255,163941498,2432,8
2026-03-26T16:44:15.774,53.335,147,69,148.163269,255,163951457,2420,8
2026-03-26T16:44:15.775,53.336,148,69,147.428574,255,163961393,2408,8
2026-03-26T16:44:15.776,53.337,149,69,146.755096,255,163971353,2397,8
2026-03-26T16:44:15.777,53.338,150,69,146.081635,255,163981290,2386,8
2026-03-26T16:44:15.824,53.385,151,69,145.346939,255,163991249,2374,8
2026-03-26T16:44:15.825,53.386,152,69,144.612244,255,164001185,2362,8
2026-03-26T16:44:15.826,53.388,153,69,143.877548,255,164011152,2350,8
2026-03-26T16:44:15.828,53.389,154,69,143.142853,255,164021089,2338,8
2026-03-26T16:44:15.829,53.390,155,70,142.469391,255,164031048,2327,8
2026-03-26T16:44:15.830,53.391,156,70,141.734695,255,164040989,2315,8
2026-03-26T16:44:15.858,53.419,157,70,141.000000,255,164050951,2303,8
2026-03-26T16:44:15.859,53.421,158,70,140.265305,255,164060889,2291,8
2026-03-26T16:44:15.860,53.422,159,70,139.591827,255,164070847,2280,8
2026-03-26T16:44:15.918,53.479,160,70,138.857147,255,164080784,2268,8
2026-03-26T16:44:15.920,53.481,161,70,138.183670,255,164090744,2257,8
2026-03-26T16:44:15.921,53.482,162,70,137.510208,255,164100681,2246,8
2026-03-26T16:44:15.922,53.483,163,69,136.714279,255,164110649,2233,8
2026-03-26T16:44:15.923,53.484,164,69,135.979599,255,164120580,2221,8
2026-03-26T16:44:15.924,53.485,165,69,135.306122,255,164130554,2210,8
2026-03-26T16:44:15.982,53.543,166,69,134.571426,255,164140496,2198,8
2026-03-26T16:44:15.983,53.545,167,69,133.836731,255,164150462,2186,8
2026-03-26T16:44:15.984,53.546,168,70,133.163269,255,164160404,2175,8
2026-03-26T16:44:15.985,53.547,169,70,132.489792,255,164170363,2164,8
2026-03-26T16:44:15.987,53.548,170,70,131.693878,255,164180304,2151,8
2026-03-26T16:44:15.988,53.549,171,70,130.959183,255,164190267,2139,8
2026-03-26T16:44:15.989,53.550,172,70,130.285721,255,164200207,2128,8
2026-03-26T16:44:16.022,53.583,173,70,129.551010,255,164210169,2116,8
2026-03-26T16:44:16.023,53.584,174,70,128.877548,255,164220107,2105,8
2026-03-26T16:44:16.024,53.585,175,70,128.142853,255,164230072,2093,8
2026-03-26T16:44:16.055,53.616,176,70,127.408165,255,164240012,2081,8
2026-03-26T16:44:16.057,53.618,177,70,126.673470,255,164249975,2069,8
2026-03-26T16:44:16.058,53.620,178,70,126.000000,255,164259916,2058,8
2026-03-26T16:44:16.060,53.621,179,70,125.265312,255,164269880,2046,8
2026-03-26T16:44:16.105,53.666,180,70,124.591835,255,164279817,2035,8
2026-03-26T16:44:16.109,53.670,181,70,123.857140,255,164289782,2023,8
2026-03-26T16:44:16.112,53.673,182,70,123.122452,255,164299725,2011,8
2026-03-26T16:44:16.116,53.677,183,70,122.387756,255,164309691,1999,8
2026-03-26T16:44:16.119,53.680,184,70,121.775505,255,164319631,1989,8
2026-03-26T16:44:16.122,53.683,185,70,120.979591,255,164329600,1976,8
2026-03-26T16:44:16.156,53.717,186,70,120.244904,255,164339535,1964,8
2026-03-26T16:44:16.160,53.721,187,70,119.571426,255,164349498,1953,8
2026-03-26T16:44:16.163,53.724,188,70,118.897957,255,164359432,1942,8
2026-03-26T16:44:16.165,53.727,189,70,118.102043,255,164369404,1929,8
2026-03-26T16:44:16.168,53.729,190,70,117.367348,255,164379343,1917,8
2026-03-26T16:44:16.205,53.766,191,70,116.693878,255,164389312,1906,8
2026-03-26T16:44:16.209,53.770,192,70,115.959183,255,164399252,1894,8
2026-03-26T16:44:16.212,53.773,193,70,115.224495,255,164409223,1882,8
2026-03-26T16:44:16.214,53.776,194,70,114.551018,255,164419164,1871,8
2026-03-26T16:44:16.217,53.778,195,70,113.816330,255,164429134,1859,8
2026-03-26T16:44:16.255,53.816,196,70,113.142860,255,164439076,1848,8
2026-03-26T16:44:16.258,53.819,197,70,112.408157,255,164449041,1836,8
2026-03-26T16:44:16.262,53.823,198,70,111.673470,255,164458987,1824,8
2026-03-26T16:44:16.264,53.825,199,70,111.000000,255,164468951,1813,8
2026-03-26T16:44:16.266,53.828,200,70,110.265305,255,164478892,1801,8
2026-03-26T16:44:16.305,53.867,201,70,109.530609,255,164488860,1789,8
2026-03-26T16:44:16.310,53.872,202,70,108.795921,255,164498802,1777,8
2026-03-26T16:44:16.313,53.875,203,70,108.061226,255,164508762,1765,8
2026-03-26T16:44:16.316,53.878,204,70,107.387756,255,164518704,1754,8
2026-03-26T16:44:16.319,53.881,205,70,106.653061,255,164528669,1742,8
2026-03-26T16:44:16.355,53.916,206,70,106.040810,255,164538610,1732,8
2026-03-26T16:44:16.359,53.920,207,70,105.306122,255,164548574,1720,8
2026-03-26T16:44:16.361,53.923,208,70,104.510201,255,164558514,1707,8
2026-03-26T16:44:16.365,53.926,209,70,103.775513,255,164568479,1695,8
2026-03-26T16:44:16.368,53.929,210,70,103.102043,255,164578418,1684,8
2026-03-26T16:44:16.405,53.967,211,70,102.367340,255,164588388,1672,8
2026-03-26T16:44:16.410,53.971,212,70,101.632652,255,164598327,1660,8
2026-03-26T16:44:16.412,53.974,213,70,100.959183,255,164608295,1649,8
2026-03-26T16:44:16.415,53.976,214,70,100.285713,255,164618240,1638,8
2026-03-26T16:44:16.417,53.978,215,70,99.489792,255,164628209,1625,8
2026-03-26T16:44:16.455,54.016,216,70,98.816322,255,164638148,1614,8
2026-03-26T16:44:16.460,54.021,217,70,98.081635,255,164648117,1602,8
2026-03-26T16:44:16.464,54.025,218,70,97.346939,255,164658056,1590,8
2026-03-26T16:44:16.467,54.028,219,70,96.673462,255,164668025,1579,8
2026-03-26T16:44:16.470,54.031,220,70,95.938774,255,164677973,1567,8
2026-03-26T16:44:16.474,54.035,221,70,95.265305,255,164687937,1556,8
2026-03-26T16:44:16.504,54.066,222,70,94.530617,255,164697878,1544,8
2026-03-26T16:44:16.508,54.069,223,70,93.795914,255,164707843,1532,8
2026-03-26T16:44:16.510,54.071,224,70,93.122444,255,164717787,1521,8
2026-03-26T16:44:16.512,54.074,225,70,92.448975,255,164727754,1510,8
2026-03-26T16:44:16.556,54.117,226,70,91.653053,255,164737702,1497,8
2026-03-26T16:44:16.560,54.122,227,70,90.918365,255,164747671,1485,8
2026-03-26T16:44:16.564,54.125,228,70,90.183678,255,164757614,1473,8
2026-03-26T16:44:16.567,54.129,229,70,89.510201,255,164767583,1462,8
2026-03-26T16:44:16.571,54.132,230,70,88.775513,255,164777526,1450,8
2026-03-26T16:44:16.574,54.135,231,70,88.102043,255,164787495,1439,8
2026-03-26T16:44:16.604,54.166,232,70,87.428574,255,164797439,1428,8
2026-03-26T16:44:16.610,54.171,233,70,86.632652,255,164807404,1415,8
2026-03-26T16:44:16.613,54.175,234,70,85.897957,255,164817343,1403,8
2026-03-26T16:44:16.617,54.178,235,70,85.224487,255,164827306,1392,8
2026-03-26T16:44:16.620,54.181,236,70,84.489799,255,164837245,1380,8
2026-03-26T16:44:16.655,54.217,237,70,83.755104,255,164847207,1368,8
2026-03-26T16:44:16.659,54.221,238,70,83.081635,255,164857146,1357,8
2026-03-26T16:44:16.662,54.223,239,70,82.408165,255,164867112,1346,8
2026-03-26T16:44:16.664,54.225,240,70,81.673470,255,164877047,1334,8
2026-03-26T16:44:16.704,54.265,241,70,80.938774,255,164887008,1322,8
2026-03-26T16:44:16.709,54.270,242,70,80.204079,255,164896954,1310,8
2026-03-26T16:44:16.713,54.274,243,70,79.530617,255,164906920,1299,8
2026-03-26T16:44:16.716,54.277,244,70,78.795921,255,164916865,1287,8
2026-03-26T16:44:16.720,54.281,245,70,78.061226,255,164926827,1275,8
2026-03-26T16:44:16.722,54.284,246,70,77.326530,255,164936775,1263,8
2026-03-26T16:44:16.755,54.316,247,70,76.591835,255,164946744,1251,8
2026-03-26T16:44:16.759,54.320,248,70,75.918365,255,164956694,1240,8
2026-03-26T16:44:16.762,54.324,249,70,75.183678,255,164966664,1228,8
2026-03-26T16:44:16.765,54.326,250,70,74.571426,255,164976605,1218,8
2026-03-26T16:44:16.804,54.365,251,70,73.775513,255,164986573,1205,8
2026-03-26T16:44:16.808,54.369,252,70,73.040817,255,164996517,1193,8
2026-03-26T16:44:16.811,54.373,253,70,72.306122,255,165006480,1181,8
2026-03-26T16:44:16.814,54.375,254,70,71.632652,255,165016423,1170,8
2026-03-26T16:44:16.817,54.378,255,70,70.897964,255,165026391,1158,8
2026-03-26T16:44:16.819,54.380,0,70,70.224495,255,165036329,1147,8
2026-03-26T16:44:16.855,54.416,1,70,69.489799,255,165046299,1135,8
2026-03-26T16:44:16.859,54.421,2,70,68.816330,255,165056241,1124,8
2026-03-26T16:44:16.863,54.424,3,70,68.020409,255,165066204,1111,8
2026-03-26T16:44:16.866,54.427,4,70,67.346939,255,165076138,1100,8
2026-03-26T16:44:16.868,54.430,5,70,66.612244,255,165086100,1088,8
2026-03-26T16:44:16.905,54.466,6,70,65.877556,255,165096040,1076,8
2026-03-26T16:44:16.909,54.470,7,70,65.204086,255,165106004,1065,8
2026-03-26T16:44:16.911,54.473,8,70,64.469391,255,165115937,1053,8
2026-03-26T16:44:16.914,54.476,9,70,63.734695,255,165125894,1041,8
2026-03-26T16:44:16.918,54.480,10,70,63.061222,255,165135829,1030,8
2026-03-26T16:44:16.955,54.516,11,70,62.326527,255,165145788,1018,8
2026-03-26T16:44:16.958,54.519,12,70,61.653065,255,165155726,1007,8
2026-03-26T16:44:16.961,54.522,13,70,60.979591,255,165165682,996,8
2026-03-26T16:44:16.963,54.524,14,70,60.183674,255,165175616,983,8
2026-03-26T16:44:17.005,54.567,15,70,59.448978,255,165185578,971,8
2026-03-26T16:44:17.007,54.568,16,70,58.775509,255,165195518,960,8
2026-03-26T16:44:17.008,54.569,17,70,58.040813,255,165205484,948,8
2026-03-26T16:44:17.010,54.571,18,70,57.306118,255,165215418,936,8
2026-03-26T16:44:17.011,54.572,19,70,56.632656,255,165225383,925,8
2026-03-26T16:44:17.055,54.616,20,70,55.959183,255,165235320,914,8
2026-03-26T16:44:17.057,54.618,21,70,55.163265,255,165245283,901,8
2026-03-26T16:44:17.058,54.619,22,70,54.428570,255,165255225,889,8
2026-03-26T16:44:17.060,54.621,23,70,53.755100,255,165265187,878,8
2026-03-26T16:44:17.061,54.622,24,70,53.020405,255,165275127,866,8
2026-03-26T16:44:17.105,54.666,25,70,52.346939,255,165285090,855,8
2026-03-26T16:44:17.106,54.667,26,70,51.612247,255,165295025,843,8
2026-03-26T16:44:17.108,54.669,27,70,50.877552,255,165304985,831,8
2026-03-26T16:44:17.110,54.671,28,70,50.142857,255,165314929,819,8
2026-03-26T16:44:17.111,54.672,29,70,49.469387,255,165324888,808,8
2026-03-26T16:44:17.155,54.716,30,70,48.734692,255,165334828,796,8
2026-03-26T16:44:17.157,54.718,31,70,48.122452,255,165344793,786,8
2026-03-26T16:44:17.158,54.719,32,70,47.326530,255,165354729,773,8
2026-03-26T16:44:17.159,54.720,33,70,46.591839,255,165364687,761,8
2026-03-26T16:44:17.160,54.721,34,70,45.857143,255,165374626,749,8
2026-03-26T16:44:17.205,54.767,35,70,45.183674,255,165384584,738,8
2026-03-26T16:44:17.207,54.768,36,70,44.448982,255,165394522,726,8
2026-03-26T16:44:17.208,54.769,37,70,43.714287,255,165404483,714,8
2026-03-26T16:44:17.210,54.771,38,70,43.102043,255,165414427,704,8
2026-03-26T16:44:17.211,54.772,39,70,42.367348,255,165424386,692,8
2026-03-26T16:44:17.254,54.816,40,70,41.571430,255,165434328,679,8
2026-03-26T16:44:17.256,54.817,41,70,40.897957,255,165444293,668,8
2026-03-26T16:44:17.257,54.818,42,70,40.163265,255,165454232,656,8
2026-03-26T16:44:17.258,54.819,43,70,39.428574,255,165464194,644,8
2026-03-26T16:44:17.259,54.820,44,70,38.755100,255,165474133,633,8
2026-03-26T16:44:17.304,54.866,45,70,38.020409,255,165484099,621,8
2026-03-26T16:44:17.307,54.868,46,70,37.346939,255,165494036,610,8
2026-03-26T16:44:17.308,54.870,47,70,36.612244,255,165503998,598,8
2026-03-26T16:44:17.309,54.871,48,70,35.877552,255,165513929,586,8
2026-03-26T16:44:17.311,54.872,49,70,35.204082,255,165523894,575,8
2026-03-26T16:44:17.355,54.916,50,70,34.469387,255,165533828,563,8
2026-03-26T16:44:17.358,54.919,51,70,33.734692,255,165543795,551,8
2026-03-26T16:44:17.359,54.921,52,70,33.000000,255,165553728,539,8
2026-03-26T16:44:17.361,54.922,53,70,32.326530,255,165563690,528,8
2026-03-26T16:44:17.363,54.924,54,70,31.591835,255,165573621,516,8
2026-03-26T16:44:17.364,54.926,55,70,30.918367,255,165583580,505,8
2026-03-26T16:44:17.405,54.966,56,70,30.244898,255,165593515,494,8
2026-03-26T16:44:17.408,54.970,57,70,29.448978,255,165603475,481,8
2026-03-26T16:44:17.412,54.974,58,70,28.714287,255,165613410,469,8
2026-03-26T16:44:17.416,54.977,59,70,28.040815,255,165623375,458,8
2026-03-26T16:44:17.419,54.980,60,70,27.306122,255,165633313,446,8
2026-03-26T16:44:17.422,54.983,61,70,26.632654,255,165643274,435,8
2026-03-26T16:44:17.455,55.016,62,70,25.897959,255,165653214,423,8
2026-03-26T16:44:17.461,55.022,63,70,25.224489,255,165663172,412,8
2026-03-26T16:44:17.464,55.026,64,70,24.428574,255,165673108,399,8
2026-03-26T16:44:17.467,55.028,65,70,23.755102,255,165683074,388,8
2026-03-26T16:44:17.505,55.066,66,70,23.020407,255,165693008,376,8
2026-03-26T16:44:17.510,55.071,67,70,22.346939,255,165702973,365,8
2026-03-26T16:44:17.514,55.075,68,70,21.612246,255,165712905,353,8
2026-03-26T16:44:17.517,55.078,69,70,20.877550,255,165722867,341,8
2026-03-26T16:44:17.521,55.082,70,70,20.142857,255,165732804,329,8
2026-03-26T16:44:17.523,55.084,71,70,19.469389,255,165742771,318,8
2026-03-26T16:44:17.554,55.115,72,70,18.734694,255,165752708,306,8
2026-03-26T16:44:17.556,55.118,73,70,18.061224,255,165762668,295,8
2026-03-26T16:44:17.558,55.120,74,70,17.387754,255,165772600,284,8
2026-03-26T16:44:17.560,55.121,75,70,16.591837,255,165782560,271,8
2026-03-26T16:44:17.605,55.166,76,70,15.857143,255,165792493,259,8
2026-03-26T16:44:17.610,55.172,77,70,15.183674,255,165802453,248,8
2026-03-26T16:44:17.614,55.175,78,70,14.448979,255,165812386,236,8
2026-03-26T16:44:17.617,55.178,79,70,13.775511,255,165822344,225,8
2026-03-26T16:44:17.620,55.181,80,70,13.040815,255,165832279,213,8
2026-03-26T16:44:17.623,55.184,81,70,12.367347,255,165842240,202,8
2026-03-26T16:44:17.654,55.216,82,70,11.571429,255,165852184,189,8
2026-03-26T16:44:17.658,55.219,83,70,10.897960,255,165862149,178,8
2026-03-26T16:44:17.661,55.222,84,70,10.163265,255,165872087,166,8
2026-03-26T16:44:17.663,55.224,85,70,9.428572,255,165882051,154,8
2026-03-26T16:44:17.704,55.266,86,70,8.755102,255,165891994,143,8
2026-03-26T16:44:17.710,55.271,87,70,8.020409,255,165901962,131,8
2026-03-26T16:44:17.713,55.275,88,70,7.346939,255,165911904,120,8
2026-03-26T16:44:17.717,55.278,89,70,6.612245,255,165921871,108,8
2026-03-26T16:44:17.721,55.282,90,70,5.877551,255,165931814,96,8
2026-03-26T16:44:17.724,55.285,91,70,5.204082,255,165941776,85,8
2026-03-26T16:44:17.755,55.316,92,70,4.530612,255,165951717,74,8
2026-03-26T16:44:17.758,55.319,93,70,3.734694,255,165961682,61,8
2026-03-26T16:44:17.761,55.322,94,70,3.000000,255,165971620,49,8
2026-03-26T16:44:17.765,55.326,95,70,2.326531,255,165981587,38,8
2026-03-26T16:44:17.768,55.329,96,70,1.591837,255,165991525,26,8
2026-03-26T16:44:17.804,55.366,97,70,0.857143,255,166001494,14,8
2026-03-26T16:44:17.808,55.370,98,70,0.183673,255,166011429,3,8
2026-03-26T16:44:17.811,55.372,99,70,359.510193,255,166021391,5872,8
2026-03-26T16:44:17.813,55.374,100,70,358.714264,255,166031335,5859,8
2026-03-26T16:44:17.855,55.416,101,70,357.979584,255,166041297,5847,8
2026-03-26T16:44:17.858,55.419,102,70,357.306122,255,166051234,5836,8
2026-03-26T16:44:17.863,55.425,103,70,356.632660,255,166061195,5825,8
2026-03-26T16:44:17.867,55.428,104,70,355.836731,255,166071131,5812,8
2026-03-26T16:44:17.870,55.432,105,70,355.163269,255,166081087,5801,8
2026-03-26T16:44:17.873,55.434,106,70,354.428589,255,166091022,5789,8
2026-03-26T16:44:17.905,55.466,107,70,353.693878,255,166100976,5777,8
2026-03-26T16:44:17.908,55.470,108,70,353.020386,255,166110908,5766,8
2026-03-26T16:44:17.911,55.472,109,70,352.285706,255,166120861,5754,8
2026-03-26T16:44:17.914,55.475,110,70,351.673492,255,166130793,5744,8
2026-03-26T16:44:17.955,55.516,111,70,350.877563,255,166140749,5731,8
2026-03-26T16:44:17.959,55.520,112,70,350.142853,255,166150683,5719,8
2026-03-26T16:44:17.962,55.523,113,70,349.408173,255,166160639,5707,8
2026-03-26T16:44:17.964,55.525,114,70,348.734711,255,166170573,5696,8
2026-03-26T16:44:17.965,55.527,115,70,348.000000,255,166180531,5684,8
2026-03-26T16:44:17.968,55.529,116,70,347.265289,255,166190466,5672,8
2026-03-26T16:44:18.005,55.566,117,70,346.591827,255,166200428,5661,8
2026-03-26T16:44:18.009,55.570,118,70,345.918365,255,166210355,5650,8
2026-03-26T16:44:18.012,55.574,119,70,345.122437,255,166220315,5637,8
2026-03-26T16:44:18.016,55.577,120,70,344.448975,255,166230240,5626,8
2026-03-26T16:44:18.020,55.581,121,70,343.714294,255,166240198,5614,8
2026-03-26T16:44:18.054,55.616,122,70,342.979584,255,166250132,5602,8
2026-03-26T16:44:18.057,55.618,123,70,342.306122,255,166260090,5591,8
2026-03-26T16:44:18.059,55.621,124,70,341.571411,255,166270023,5579,8
2026-03-26T16:44:18.061,55.623,125,70,340.836731,255,166279982,5567,8
2026-03-26T16:44:18.104,55.665,126,70,340.163269,255,166289918,5556,8
2026-03-26T16:44:18.107,55.669,127,70,339.428558,255,166299876,5544,8
2026-03-26T16:44:18.110,55.671,128,70,338.693878,255,166309810,5532,8
2026-03-26T16:44:18.112,55.673,129,70,338.081635,255,166319774,5522,8
2026-03-26T16:44:18.115,55.676,130,70,337.285736,255,166329717,5509,8
2026-03-26T16:44:18.117,55.678,131,70,336.551025,255,166339681,5497,8
2026-03-26T16:44:18.155,55.716,132,70,335.816315,255,166349621,5485,8
2026-03-26T16:44:18.158,55.719,133,70,335.142853,255,166359583,5474,8
2026-03-26T16:44:18.161,55.722,134,70,334.408173,255,166369521,5462,8
2026-03-26T16:44:18.163,55.724,135,70,333.734680,255,166379487,5451,8
2026-03-26T16:44:18.165,55.726,136,70,333.061218,255,166389426,5440,8
2026-03-26T16:44:18.205,55.766,137,70,332.265320,255,166399389,5427,8
2026-03-26T16:44:18.208,55.769,138,70,331.530609,255,166409332,5415,8
2026-03-26T16:44:18.211,55.772,139,70,330.857147,255,166419293,5404,8
2026-03-26T16:44:18.214,55.775,140,70,330.183655,255,166429231,5393,8
2026-03-26T16:44:18.217,55.778,141,70,329.387756,255,166439199,5380,8
2026-03-26T16:44:18.255,55.816,142,70,328.714294,255,166449128,5369,8
2026-03-26T16:44:18.258,55.819,143,70,327.979584,255,166459091,5357,8
2026-03-26T16:44:18.261,55.822,144,70,327.306122,255,166469031,5346,8
2026-03-26T16:44:18.263,55.824,145,70,326.571442,255,166478996,5334,8
2026-03-26T16:44:18.264,55.826,146,70,325.836731,255,166488933,5322,8
2026-03-26T16:44:18.304,55.865,147,70,325.163269,255,166498896,5311,8
2026-03-26T16:44:18.308,55.869,148,70,324.428558,255,166508834,5299,8
2026-03-26T16:44:18.311,55.872,149,70,323.693878,255,166518798,5287,8
2026-03-26T16:44:18.314,55.875,150,70,322.959198,255,166528734,5275,8
2026-03-26T16:44:18.317,55.878,151,70,322.285706,255,166538702,5264,8
2026-03-26T16:44:18.355,55.917,152,70,321.551025,255,166548642,5252,8
2026-03-26T16:44:18.360,55.921,153,70,320.816315,255,166558609,5240,8
2026-03-26T16:44:18.363,55.924,154,70,320.204102,255,166568546,5230,8
2026-03-26T16:44:18.368,55.930,155,70,319.469391,255,166578509,5218,8
2026-03-26T16:44:18.372,55.933,156,70,318.673462,255,166588452,5205,8
2026-03-26T16:44:18.374,55.936,157,70,317.938782,255,166598419,5193,8
2026-03-26T16:44:18.405,55.966,158,70,317.265320,255,166608360,5182,8
2026-03-26T16:44:18.407,55.969,159,70,316.530609,255,166618323,5170,8
2026-03-26T16:44:18.410,55.971,160,70,315.857147,255,166628259,5159,8
2026-03-26T16:44:18.412,55.973,161,70,315.122467,255,166638225,5147,8
2026-03-26T16:44:18.455,56.016,162,70,314.448975,255,166648167,5136,8
2026-03-26T16:44:18.459,56.020,163,70,313.714264,255,166658133,5124,8
2026-03-26T16:44:18.462,56.023,164,70,312.979584,255,166668072,5112,8
2026-03-26T16:44:18.465,56.026,165,70,312.244904,255,166678035,5100,8
2026-03-26T16:44:18.467,56.028,166,70,311.571442,255,166687977,5089,8
2026-03-26T16:44:18.505,56.066,167,70,310.836731,255,166697945,5077,8
2026-03-26T16:44:18.511,56.072,168,70,310.102051,255,166707890,5065,8
2026-03-26T16:44:18.516,56.077,169,70,309.367340,255,166717852,5053,8
2026-03-26T16:44:18.519,56.080,170,70,308.693878,255,166727791,5042,8
2026-03-26T16:44:18.523,56.084,171,70,307.959167,255,166737763,5030,8
2026-03-26T16:44:18.526,56.087,172,70,307.224487,255,166747699,5018,8
2026-03-26T16:44:18.555,56.117,173,70,306.612244,255,166757664,5008,8
2026-03-26T16:44:18.557,56.119,174,70,305.816345,255,166767603,4995,8
2026-03-26T16:44:18.560,56.121,175,70,305.081635,255,166777573,4983,8
2026-03-26T16:44:18.562,56.123,176,70,304.346924,255,166787513,4971,8
2026-03-26T16:44:18.605,56.166,177,70,303.673462,255,166797484,4960,8
2026-03-26T16:44:18.610,56.172,178,70,302.938782,255,166807421,4948,8
2026-03-26T16:44:18.613,56.175,179,70,302.204071,255,166817391,4936,8
2026-03-26T16:44:18.616,56.178,180,70,301.530609,255,166827333,4925,8
2026-03-26T16:44:18.619,56.181,181,70,300.857147,255,166837298,4914,8
2026-03-26T16:44:18.623,56.184,182,70,300.061218,255,166847241,4901,8
2026-03-26T16:44:18.656,56.217,183,70,299.387756,255,166857201,4890,8
2026-03-26T16:44:18.660,56.221,184,70,298.653046,255,166867145,4878,8
2026-03-26T16:44:18.664,56.225,185,70,297.918365,255,166877107,4866,8
2026-03-26T16:44:18.666,56.228,186,70,297.244904,255,166887047,4855,8
2026-03-26T16:44:18.669,56.230,187,70,296.510193,255,166897013,4843,8
2026-03-26T16:44:18.705,56.266,188,70,295.775513,255,166906948,4831,8
2026-03-26T16:44:18.708,56.270,189,70,295.040833,255,166916915,4819,8
2026-03-26T16:44:18.711,56.272,190,70,294.367340,255,166926853,4808,8
2026-03-26T16:44:18.713,56.275,191,69,293.632629,255,166936819,4796,8
2026-03-26T16:44:18.755,56.317,192,69,293.020416,255,166946757,4786,8
2026-03-26T16:44:18.759,56.320,193,69,292.224487,255,166956724,4773,8
2026-03-26T16:44:18.762,56.323,194,69,291.489807,255,166966668,4761,8
2026-03-26T16:44:18.765,56.326,195,69,290.755096,255,166976630,4749,8
2026-03-26T16:44:18.769,56.330,196,69,290.081635,255,166986570,4738,8
2026-03-26T16:44:18.773,56.334,197,70,289.346954,255,166996531,4726,8
2026-03-26T16:44:18.805,56.366,198,70,288.612244,255,167006472,4714,8
2026-03-26T16:44:18.809,56.370,199,70,287.938782,255,167016441,4703,8
2026-03-26T16:44:18.814,56.375,200,70,287.265320,255,167026378,4692,8
2026-03-26T16:44:18.817,56.378,201,70,286.469391,255,167036346,4679,8
2026-03-26T16:44:18.819,56.381,202,70,285.795929,255,167046288,4668,8
2026-03-26T16:44:18.854,56.416,203,70,285.061218,255,167056256,4656,8
2026-03-26T16:44:18.858,56.420,204,70,284.326538,255,167066198,4644,8
2026-03-26T16:44:18.861,56.423,205,70,283.653076,255,167076167,4633,8
2026-03-26T16:44:18.864,56.426,206,69,282.918365,255,167086111,4621,8
2026-03-26T16:44:18.868,56.429,207,69,282.244904,255,167096072,4610,8
2026-03-26T16:44:18.904,56.465,208,70,281.448975,255,167106008,4597,8
2026-03-26T16:44:18.909,56.470,209,70,280.775513,255,167115973,4586,8
2026-03-26T16:44:18.912,56.473,210,70,280.040833,255,167125905,4574,8
2026-03-26T16:44:18.916,56.477,211,70,279.428558,255,167135870,4564,8
2026-03-26T16:44:18.920,56.481,212,70,278.632660,255,167145808,4551,8
2026-03-26T16:44:18.954,56.516,213,70,277.897980,255,167155772,4539,8
2026-03-26T16:44:18.958,56.519,214,70,277.163269,255,167165713,4527,8
2026-03-26T16:44:18.961,56.522,215,70,276.489777,255,167175680,4516,8
2026-03-26T16:44:18.963,56.524,216,70,275.755096,255,167185618,4504,8
2026-03-26T16:44:18.965,56.526,217,70,275.020416,255,167195578,4492,8
2026-03-26T16:44:19.005,56.566,218,69,274.408142,255,167205522,4482,8
2026-03-26T16:44:19.012,56.573,219,69,273.612244,255,167215488,4469,8
2026-03-26T16:44:19.018,56.579,220,70,272.877563,255,167225434,4457,8
2026-03-26T16:44:19.020,56.582,221,70,272.204102,255,167235400,4446,8
2026-03-26T16:44:19.023,56.584,222,69,271.469391,255,167245349,4434,8
2026-03-26T16:44:19.025,56.586,223,69,270.734680,255,167255310,4422,8
2026-03-26T16:44:19.055,56.616,224,69,270.061218,255,167265256,4411,8
2026-03-26T16:44:19.059,56.620,225,70,269.326538,255,167275221,4399,8
2026-03-26T16:44:19.061,56.623,226,69,268.653046,255,167285169,4388,8
2026-03-26T16:44:19.105,56.667,227,69,267.918365,255,167295137,4376,8
2026-03-26T16:44:19.113,56.674,228,70,267.183685,255,167305077,4364,8
2026-03-26T16:44:19.116,56.677,229,70,266.448975,255,167315044,4352,8
2026-03-26T16:44:19.119,56.680,230,69,265.775513,255,167324985,4341,8
2026-03-26T16:44:19.122,56.683,231,69,265.040802,255,167334953,4329,8
2026-03-26T16:44:19.125,56.686,232,69,264.306122,255,167344892,4317,8
2026-03-26T16:44:19.128,56.690,233,69,263.571442,255,167354862,4305,8
2026-03-26T16:44:19.155,56.716,234,69,262.897949,255,167364803,4294,8
2026-03-26T16:44:19.158,56.719,235,69,262.163269,255,167374769,4282,8
2026-03-26T16:44:19.159,56.721,236,69,261.551025,255,167384712,4272,8
2026-03-26T16:44:19.205,56.766,237,69,260.755127,255,167394676,4259,8
2026-03-26T16:44:19.209,56.771,238,69,260.020416,255,167404614,4247,8
2026-03-26T16:44:19.212,56.774,239,69,259.285706,255,167414576,4235,8
2026-03-26T16:44:19.215,56.776,240,69,258.612244,255,167424515,4224,8
2026-03-26T16:44:19.217,56.779,241,69,257.877563,255,167434479,4212,8
2026-03-26T16:44:19.220,56.781,242,69,257.142853,255,167444414,4200,8
2026-03-26T16:44:19.255,56.816,243,70,256.469391,255,167454377,4189,8
2026-03-26T16:44:19.261,56.822,244,70,255.795929,255,167464312,4178,8
