(1774515057.611741) can0 123#60004742B8E5E0FF
(1774515057.611771) can0 124#6006E0F3C005E608
(1774515057.621460) can0 123#61004742B76DB7FF
(1774515057.621779) can0 124#6106E11AA405DA08
(1774515057.631327) can0 123#62004742B6343FFF
(1774515057.631659) can0 124#6206E1416B05D008
(1774515057.641334) can0 123#63004742B49CBDFF
(1774515057.641459) can0 124#6306E1685305C308
(1774515057.651279) can0 123#64004742B32492FF
(1774515057.651295) can0 124#6406E18F1F05B708
(1774515057.661195) can0 123#65004742B1CBC2FF
(1774515057.661210) can0 124#6506E1B60405AC08
(1774515057.670994) can0 123#66004742B05398FF
(1774515057.671199) can0 124#6606E1DCCE05A008
(1774515057.681051) can0 123#67004742AEFAC6FF
(1774515057.681068) can0 124#6706E203AD059508
(1774515057.690745) can0 123#68004742ADA1F5FF
(1774515057.691046) can0 124#6806E22A77058A08
(1774515057.700724) can0 123#69004742AC0A73FF
(1774515057.700907) can0 124#6906E25159057D08
(1774515057.710642) can0 123#6A004742AAB1A2FF
(1774515057.710898) can0 124#6A06E27829057208
(1774515057.720688) can0 123#6B004742A93978FF
(1774515057.720744) can0 124#6B06E29F0F056608
(1774515057.730511) can0 123#6C004742A7E0A7FF
(1774515057.730549) can0 124#6C06E2C5D5055B08
(1774515057.740657) can0 123#6D004742A6687DFF
(1774515057.740723) can0 124#6D06E2ECBA054F08
(1774515057.750415) can0 123#6E004742A4F054FF
(1774515057.750462) can0 124#6E06E3138D054308
(1774515057.760065) can0 123#6F004742A39782FF
(1774515057.760444) can0 124#6F06E33A66053808
(1774515057.770176) can0 123#70004742A21F58FF
(1774515057.770197) can0 124#7006E36133052C08
(1774515057.779945) can0 123#71004742A0E5E1FF
(1774515057.780234) can0 124#7106E38814052208
(1774515057.789886) can0 123#720047429F4E5EFF
(1774515057.789913) can0 124#7206E3AEDE051508
(1774515057.799679) can0 123#730047429DD634FF
(1774515057.799816) can0 124#7306E3D5C5050908
(1774515057.809533) can0 123#740047429C7D63FF
(1774515057.809762) can0 124#7406E3FC9104FE08
(1774515057.819471) can0 123#750047429B0539FF
(1774515057.820018) can0 124#7506E4237404F208
(1774515057.829368) can0 123#7600474299AC68FF
(1774515057.829554) can0 124#7606E44A4304E708
(1774515057.839264) can0 123#77004742985398FF
(1774515057.839408) can0 124#7706E4712604DC08
(1774515057.849291) can0 123#7800474296BC15FF
(1774515057.849485) can0 124#7806E497EE04CF08
(1774515057.859032) can0 123#79004742956344FF
(1774515057.859223) can0 124#7906E4BECD04C408
(1774515057.868932) can0 123#7A00474293EB1AFF
(1774515057.869522) can0 124#7A06E4E59C04B808
(1774515057.878963) can0 123#7B004742929249FF
(1774515057.879168) can0 124#7B06E50C7B04AD08
(1774515057.888773) can0 123#7C004742913978FF
(1774515057.889000) can0 124#7C06E5334004A208
(1774515057.898663) can0 123#7D0047428FA1F6FF
(1774515057.898844) can0 124#7D06E55A24049508
(1774515057.908523) can0 123#7E0046428E4925FF
(1774515057.908699) can0 124#7E06E580E5048A08
(1774515057.918475) can0 123#7F0046428CD0FBFF
(1774515057.918648) can0 124#7F06E5A7C7047E08
(1774515057.928356) can0 123#800047428B782AFF
(1774515057.928521) can0 124#8006E5CE97047308
(1774515057.938364) can0 123#810047428A0000FF
(1774515057.938551) can0 124#8106E5F579046708
(1774515057.948162) can0 123#8200474288A72FFF
(1774515057.948318) can0 124#8206E61C3D045C08
(1774515057.958081) can0 123#83004742872F06FF
(1774515057.958294) can0 124#8306E6431A045008
(1774515057.967933) can0 123#8400474285D634FF
(1774515057.968247) can0 124#8406E669E3044508
(1774515057.977835) can0 123#85004742845E0AFF
(1774515057.978026) can0 124#8506E690CC043908
(1774515057.987738) can0 123#8600474282E5E1FF
(1774515057.987899) can0 124#8606E6B794042D08
(1774515057.997679) can0 123#8700474281AC68FF
(1774515057.997934) can0 124#8706E6DE7A042308
(1774515058.007482) can0 123#880047428014E6FF
(1774515058.007651) can0 124#8806E70544041608
(1774515058.017470) can0 123#890047427D782AFF
(1774515058.017658) can0 124#8906E72C27040B08
(1774515058.027281) can0 123#8A0047427AC688FF
(1774515058.027447) can0 124#8A06E752F6040008
(1774515058.037176) can0 123#8B004742779783FF
(1774515058.037337) can0 124#8B06E779D803F308
(1774515058.047279) can0 123#8C00474274E5E0FF
(1774515058.047300) can0 124#8C06E7A09F03E808
(1774515058.057181) can0 123#8D00474271F58DFF
(1774515058.057206) can0 124#8D06E7C78203DC08
(1774515058.066920) can0 123#8E0047426F43EAFF
(1774515058.067112) can0 124#8E06E7EE4B03D108
(1774515058.076770) can0 123#8F0047426C5398FF
(1774515058.077091) can0 124#8F06E8152D03C508
(1774515058.086791) can0 123#9000474269A1F6FF
(1774515058.086805) can0 124#9006E83BF603BA08
(1774515058.096624) can0 123#9100474266B1A2FF
(1774515058.096760) can0 124#9106E862DB03AE08
(1774515058.106705) can0 123#92004742640000FF
(1774515058.106727) can0 124#9206E889A403A308
(1774515058.116408) can0 123#93004742610FACFF
(1774515058.116542) can0 124#9306E8B08B039708
(1774515058.126408) can0 123#940047425E1F58FF
(1774515058.126758) can0 124#9406E8D75C038B08
(1774515058.136402) can0 123#950047425B6DB7FF
(1774515058.136447) can0 124#9506E8FE41038008
(1774515058.146213) can0 123#96004742587D64FF
(1774515058.146255) can0 124#9606E9250C037408
(1774515058.156186) can0 123#97004742558D10FF
(1774515058.156230) can0 124#9706E94BED036808
(1774515058.165870) can0 123#98004742531A1FFF
(1774515058.166251) can0 124#9806E972B6035E08
(1774515058.175762) can0 123#990047424FEB1AFF
(1774515058.175963) can0 124#9906E99998035108
(1774515058.185638) can0 123#9A0047424D3978FF
(1774515058.185856) can0 124#9A06E9C064034608
(1774515058.195897) can0 123#9B0047424A4925FF
(1774515058.195917) can0 124#9B06E9E749033A08
(1774515058.205611) can0 123#9C004742479783FF
(1774515058.205648) can0 124#9C06EA0E14032F08
(1774515058.215318) can0 123#9D00474244E5E1FF
(1774515058.215714) can0 124#9D06EA34F9032408
(1774515058.225201) can0 123#9E00474241B6DBFF
(1774515058.225365) can0 124#9E06EA5BC5031708
(1774515058.235401) can0 123#9F0047423F0539FF
(1774515058.235435) can0 124#9F06EA82AC030C08
(1774515058.245076) can0 123#A00047423C14E5FF
(1774515058.245466) can0 124#A006EAA974030008
(1774515058.254923) can0 123#A1004742396344FF
(1774515058.255093) can0 124#A106EAD05602F508
(1774515058.264808) can0 123#A20047423672F1FF
(1774515058.264898) can0 124#A206EAF72502E908
(1774515058.274691) can0 123#A300474233829DFF
(1774515058.275019) can0 124#A306EB1E0902DD08
(1774515058.284615) can0 123#A400474230D0FBFF
(1774515058.284747) can0 124#A406EB44D802D208
(1774515058.294485) can0 123#A50047422E1F59FF
(1774515058.294607) can0 124#A506EB6BBE02C708
(1774515058.304279) can0 123#A60047422B2F05FF
(1774515058.304510) can0 124#A606EB928E02BB08
(1774515058.314188) can0 123#A7004742283EB2FF
(1774515058.314416) can0 124#A706EBB97702AF08
(1774515058.324092) can0 123#A8004742254E5EFF
(1774515058.324330) can0 124#A806EBE04202A308
(1774515058.334219) can0 123#A9004742229CBCFF
(1774515058.334239) can0 124#A906EC0728029808
(1774515058.344164) can0 123#AA0047421FAC68FF
(1774515058.344186) can0 124#AA06EC2DF3028C08
(1774515058.353797) can0 123#AB0047421CFAC6FF
(1774515058.354115) can0 124#AB06EC54DA028108
(1774515058.363703) can0 123#AC0047421A0A73FF
(1774515058.363887) can0 124#AC06EC7BA5027508
(1774515058.373591) can0 123#AD004742171A1FFF
(1774515058.373808) can0 124#AD06ECA28D026908
(1774515058.383577) can0 123#AE00474214687DFF
(1774515058.383679) can0 124#AE06ECC957025E08
(1774515058.393350) can0 123#AF00474211782AFF
(1774515058.393588) can0 124#AF06ECF038025208
(1774515058.403250) can0 123#B00047420EC688FF
(1774515058.403757) can0 124#B006ED1701024708
(1774515058.413153) can0 123#B10047420C14E6FF
(1774515058.413433) can0 124#B106ED3DE4023C08
(1774515058.423117) can0 123#B200474208E5E1FF
(1774515058.423243) can0 124#B206ED64B0022F08
(1774515058.433044) can0 123#B300474206343FFF
(1774515058.433385) can0 124#B306ED8B97022408
(1774515058.442936) can0 123#B40047420343EBFF
(1774515058.443083) can0 124#B406EDB265021808
(1774515058.452734) can0 123#B5004742009249FF
(1774515058.452990) can0 124#B506EDD94A020D08
(1774515058.462668) can0 123#B6004741FB43EBFF
(1774515058.462904) can0 124#B606EE0014020108
(1774515058.472593) can0 123#B7004741F5E0A7FF
(1774515058.472713) can0 124#B706EE26FE01F608
(1774515058.482417) can0 123#B8004741F00000FF
(1774515058.482771) can0 124#B806EE4DCB01EA08
(1774515058.492542) can0 123#B9004741EA9CBCFF
(1774515058.492560) can0 124#B906EE74B301DF08
(1774515058.502280) can0 123#BA004741E4BC14FF
(1774515058.502470) can0 124#BA06EE9B8801D308
(1774515058.512432) can0 123#BB004741DEDB6EFF
(1774515058.512482) can0 124#BB06EEC26E01C708
(1774515058.522304) can0 123#BC004741D9782AFF
(1774515058.522337) can0 124#BC06EEE93A01BC08
(1774515058.531938) can0 123#BD004741D39782FF
(1774515058.532156) can0 124#BD06EF101F01B008
(1774515058.541890) can0 123#BE004741CE343FFF
(1774515058.542054) can0 124#BE06EF36EE01A508
(1774515058.551796) can0 123#BF004741C8D0FBFF
(1774515058.551946) can0 124#BF06EF5DD5019A08
(1774515058.562058) can0 123#C0004741C272F0FF
(1774515058.562108) can0 124#C006EF84A5018D08
(1774515058.571605) can0 123#C1004741BD0FADFF
(1774515058.571749) can0 124#C106EFAB89018208
(1774515058.581414) can0 123#C2004741B72F05FF
(1774515058.581758) can0 124#C206EFD259017608
(1774515058.591385) can0 123#C3004741B14E5EFF
(1774515058.591547) can0 124#C306EFF93D016A08
(1774515058.601256) can0 123#C4004741ABEB1AFF
(1774515058.601410) can0 124#C406F02008015F08
(1774515058.611151) can0 123#C5004741A687D6FF
(1774515058.611288) can0 124#C506F046EF015408
(1774515058.621054) can0 123#C6004741A0A72FFF
(1774515058.621236) can0 124#C606F06DB7014808
(1774515058.630984) can0 123#C70047419B43EBFF
(1774515058.631092) can0 124#C706F094A0013D08
(1774515058.640880) can0 123#C8004741956344FF
(1774515058.641063) can0 124#C806F0BB67013108
(1774515058.651083) can0 123#C90047418F829DFF
(1774515058.651127) can0 124#C906F0E24D012508
(1774515058.660594) can0 123#CA00474189A1F6FF
(1774515058.661104) can0 124#CA06F10918011908
(1774515058.670584) can0 123#CB004741843EB2FF
(1774515058.670795) can0 124#CB06F12FFA010E08
(1774515058.680428) can0 123#CC0047417CBC14FF
(1774515058.680887) can0 124#CC06F156C4010208
(1774515058.690301) can0 123#CD00474171F58DFF
(1774515058.690653) can0 124#CD06F17DA900F708
(1774515058.700199) can0 123#CE00474166343FFF
(1774515058.700532) can0 124#CE06F1A47A00EB08
(1774515058.710174) can0 123#CF0047415A72F0FF
(1774515058.710393) can0 124#CF06F1CB6200DF08
(1774515058.720231) can0 123#D00047414FAC68FF
(1774515058.720277) can0 124#D006F1F23100D408
(1774515058.730022) can0 123#D100474143EB1BFF
(1774515058.730494) can0 124#D106F2191400C808
(1774515058.740023) can0 123#D2004741392493FF
(1774515058.740082) can0 124#D206F23FDF00BD08
(1774515058.749984) can0 123#D30047412E5E0BFF
(1774515058.750029) can0 124#D306F266C400B208
(1774515058.760236) can0 123#D400474121A1F5FF
(1774515058.760280) can0 124#D406F28D8E00A508
(1774515058.769670) can0 123#D500474116DB6EFF
(1774515058.769703) can0 124#D506F2B472009A08
(1774515058.779817) can0 123#D60047410B1A1FFF
(1774515058.779870) can0 124#D606F2DB3F008E08
(1774515058.789400) can0 123#D7004741005398FF
(1774515058.789513) can0 124#D706F30225008308
(1774515058.799532) can0 123#D8004740E92493FF
(1774515058.799585) can0 124#D806F328F5007708
(1774515058.809577) can0 123#D9004740D1A1F6FF
(1774515058.809629) can0 124#D906F34FD8006B08
(1774515058.819094) can0 123#DA004740BC14E5FF
(1774515058.819319) can0 124#DA06F376A0006008
(1774515058.828962) can0 123#DB004740A49249FF
(1774515058.829253) can0 124#DB06F39D85005408
(1774515058.839784) can0 123#DC00474090FAC6FF
(1774515058.839809) can0 124#DC06F3C44E004A08
(1774515058.848721) can0 123#DD0047406F0539FF
(1774515058.848984) can0 124#DD06F3EB2D003D08
(1774515058.858592) can0 123#DE004740400001FF
(1774515058.858921) can0 124#DE06F411F5003108
(1774515058.868531) can0 123#DF00474014E5E1FF
(1774515058.868770) can0 124#DF06F438D6002608
(1774515058.878381) can0 123#E000473FCBC14EFF
(1774515058.878644) can0 124#E006F45FA3001A08
(1774515058.888279) can0 123#E100473F6B1A1FFF
(1774515058.888476) can0 124#E106F48685000F08
(1774515058.898244) can0 123#E200473E7AC688FF
(1774515058.898465) can0 124#E206F4AD51000408
(1774515058.908086) can0 123#E3004743B3B978FF
(1774515058.908383) can0 124#E306F4D43916EF08
(1774515058.918048) can0 123#E4004743B36344FF
(1774515058.918203) can0 124#E406F4FB0416E408
(1774515058.928147) can0 123#E5004743B30539FF
(1774515058.928184) can0 124#E506F521EB16D808
(1774515058.938045) can0 123#E6004743B2AF05FF
(1774515058.938087) can0 124#E606F548B716CD08
(1774515058.948161) can0 123#E7004743B250FBFF
(1774515058.948221) can0 124#E706F56F9A16C108
(1774515058.957763) can0 123#E8004743B1FAC6FF
(1774515058.957813) can0 124#E806F5966616B608
(1774515058.967463) can0 123#E9004743B19CBCFF
(1774515058.967755) can0 124#E906F5BD4916AA08
(1774515058.977343) can0 123#EA004743B13EB2FF
(1774515058.977676) can0 124#EA06F5E415169E08
(1774515058.987364) can0 123#EB004743B0E87DFF
(1774515058.987544) can0 124#EB06F60AFA169308
(1774515058.997178) can0 123#EC004743B08A73FF
(1774515058.997504) can0 124#EC06F631CC168708
(1774515059.007304) can0 123#ED004743B02C68FF
(1774515059.007347) can0 124#ED06F658B4167B08
(1774515059.017142) can0 123#EE004743AFD635FF
(1774515059.017180) can0 124#EE06F67F82167008
(1774515059.026965) can0 123#EF004743AF782AFF
(1774515059.027130) can0 124#EF06F6A668166408
(1774515059.036731) can0 123#F0004743AF29CCFF
(1774515059.036894) can0 124#F006F6CD38165A08
(1774515059.046602) can0 123#F1004743AEC3EBFF
(1774515059.046905) can0 124#F106F6F41D164D08
(1774515059.057247) can0 123#F2004743AE65E1FF
(1774515059.057300) can0 124#F206F71AEB164108
(1774515059.066744) can0 123#F3004743AE0FACFF
(1774515059.066792) can0 124#F306F741D0163608
(1774515059.076532) can0 123#F4004743ADB1A2FF
(1774515059.076574) can0 124#F406F7689D162A08
(1774515059.086435) can0 123#F5004743AD5B6EFF
(1774515059.086492) can0 124#F506F78F7F161F08
(1774515059.096322) can0 123#F6004743AD053AFF
(1774515059.096358) can0 124#F606F7B64A161408
(1774515059.106049) can0 123#F7004743AC9F59FF
(1774515059.106249) can0 124#F706F7DD31160708
(1774515059.116003) can0 123#F8004743AC4924FF
(1774515059.116124) can0 124#F806F803FC15FC08
(1774515059.125986) can0 123#F9004743ABEB1AFF
(1774515059.126021) can0 124#F906F82ADF15F008
(1774515059.135853) can0 123#FA004743AB94E6FF
(1774515059.135881) can0 124#FA06F851AC15E508
(1774515059.145814) can0 123#FB004743AB36DBFF
(1774515059.145844) can0 124#FB06F8788D15D908
(1774515059.155651) can0 123#FC004743AAE0A7FF
(1774515059.155686) can0 124#FC06F89F5415CE08
(1774515059.165602) can0 123#FD004743AA829DFF
(1774515059.165634) can0 124#FD06F8C63D15C208
(1774515059.175551) can0 123#FE004743AA2492FF
(1774515059.175601) can0 124#FE06F8ED0815B608
(1774515059.185364) can0 123#FF004743A9D634FF
(1774515059.185505) can0 124#FF06F913EF15AC08
(1774515059.195272) can0 123#00004643A97054FF
(1774515059.195665) can0 124#0006F93AB9159F08
(1774515059.205313) can0 123#01004643A91249FF
(1774515059.205368) can0 124#0106F9619F159308
(1774515059.215331) can0 123#02004743A8BC15FF
(1774515059.215375) can0 124#0206F9886F158808
(1774515059.224870) can0 123#03004743A85E0AFF
(1774515059.225132) can0 124#0306F9AF5D157C08
(1774515059.234745) can0 123#04004743A807D6FF
(1774515059.234892) can0 124#0406F9D62D157108
(1774515059.245376) can0 123#05004743A7B1A2FF
(1774515059.245426) can0 124#0506F9FD14156608
(1774515059.254625) can0 123#06004743A74BC1FF
(1774515059.254659) can0 124#0606FA23E0155908
(1774515059.264671) can0 123#07004743A6F58DFF
(1774515059.264719) can0 124#0706FA4ACA154E08
(1774515059.274512) can0 123#08004643A69783FF
(1774515059.274576) can0 124#0806FA7194154208
(1774515059.284310) can0 123#09004743A63978FF
(1774515059.284484) can0 124#0906FA987F153608
(1774515059.294210) can0 123#0A004743A5E344FF
(1774515059.294253) can0 124#0A06FABF4E152B08
(1774515059.304229) can0 123#0B004743A58D0FFF
(1774515059.304284) can0 124#0B06FAE637152008
(1774515059.314058) can0 123#0C004743A52F05FF
(1774515059.314286) can0 124#0C06FB0D06151408
(1774515059.324083) can0 123#0D004743A4D0FBFF
(1774515059.324128) can0 124#0D06FB33EB150808
(1774515059.333887) can0 123#0E004743A47AC6FF
(1774515059.334094) can0 124#0E06FB5AB914FD08
(1774515059.343786) can0 123#0F004743A41CBCFF
(1774515059.343831) can0 124#0F06FB819B14F108
(1774515059.353785) can0 123#10004743A3BEB2FF
(1774515059.353833) can0 124#1006FBA86814E508
(1774515059.363932) can0 123#11004743A3687EFF
(1774515059.363978) can0 124#1106FBCF4F14DA08
(1774515059.373410) can0 123#12004743A30A73FF
(1774515059.373465) can0 124#1206FBF61E14CE08
(1774515059.383346) can0 123#13004743A2B43FFF
(1774515059.383393) can0 124#1306FC1D0614C308
(1774515059.393200) can0 123#14004743A25634FF
(1774515059.393391) can0 124#1406FC43D814B708
(1774515059.403118) can0 123#15004743A1F82AFF
(1774515059.403278) can0 124#1506FC6AC014AB08
(1774515059.412985) can0 123#16004743A1A1F5FF
(1774515059.413229) can0 124#1606FC918D14A008
(1774515059.423024) can0 123#17004743A143EBFF
(1774515059.423045) can0 124#1706FCB870149408
(1774515059.432905) can0 123#18004743A0E5E1FF
(1774515059.432926) can0 124#1806FCDF3E148808
(1774515059.442712) can0 123#19004743A09783FF
(1774515059.442747) can0 124#1906FD0624147E08
(1774515059.452443) can0 123#1A004743A031A2FF
(1774515059.452624) can0 124#1A06FD2CF2147108
(1774515059.462636) can0 123#1B0047439FD397FF
(1774515059.462688) can0 124#1B06FD53D6146508
(1774515059.472424) can0 123#1C0047439F7D63FF
(1774515059.472475) can0 124#1C06FD7AA1145A08
(1774515059.482096) can0 123#1D0047439F1F59FF
(1774515059.482329) can0 124#1D06FDA183144E08
(1774515059.491918) can0 123#1E0047439EC924FF
(1774515059.492154) can0 124#1E06FDC84D144308
(1774515059.501849) can0 123#1F0047439E72F0FF
(1774515059.502002) can0 124#1F06FDEF35143808
(1774515059.511753) can0 123#200047439E0D10FF
(1774515059.511919) can0 124#2006FE1609142B08
(1774515059.521638) can0 123#210047439DB6DCFF
(1774515059.521784) can0 124#2106FE3CF5142008
(1774515059.531598) can0 123#220047439D60A7FF
(1774515059.531899) can0 124#2206FE63C8141508
(1774515059.541448) can0 123#230047439D029DFF
(1774515059.541798) can0 124#2306FE8AB0140908
(1774515059.551405) can0 123#240047439CA492FF
(1774515059.551584) can0 124#2406FEB18013FD08
(1774515059.561219) can0 123#250047439C4688FF
(1774515059.561385) can0 124#2506FED86B13F108
(1774515059.571141) can0 123#260047439BF053FF
(1774515059.571295) can0 124#2606FEFF3713E608
(1774515059.581383) can0 123#270047439B9A1FFF
(1774515059.581406) can0 124#2706FF261F13DB08
(1774515059.590924) can0 123#280047439B43EBFF
(1774515059.591139) can0 124#2806FF4CF313D008
(1774515059.600848) can0 123#290047439ADE0AFF
(1774515059.601134) can0 124#2906FF73DB13C308
(1774515059.610934) can0 123#2A0047439A8000FF
(1774515059.610953) can0 124#2A06FF9AAB13B708
(1774515059.620635) can0 123#2B0047439A29CCFF
(1774515059.620808) can0 124#2B06FFC19513AC08
(1774515059.630821) can0 123#2C00474399CBC2FF
(1774515059.630849) can0 124#2C06FFE86113A008
(1774515059.640397) can0 123#2D00474399758DFF
(1774515059.640614) can0 124#2D07000F4B139508
(1774515059.650518) can0 123#2E004743991F59FF
(1774515059.650540) can0 124#2E07003617138A08
(1774515059.660352) can0 123#2F00474398B978FF
(1774515059.660367) can0 124#2F07005CF9137D08
(1774515059.670262) can0 123#30004743986344FF
(1774515059.670278) can0 124#30070083CA137208
(1774515059.679999) can0 123#31004743980539FF
(1774515059.680210) can0 124#310700AAAB136608
(1774515059.690210) can0 123#3200474397AF05FF
(1774515059.690233) can0 124#320700D17B135B08
(1774515059.699844) can0 123#330047439758D1FF
(1774515059.699982) can0 124#330700F866135008
(1774515059.709839) can0 123#3400474396FAC7FF
(1774515059.710024) can0 124#3407011F34134408
(1774515059.719629) can0 123#35004743969CBCFF
(1774515059.719825) can0 124#350701461D133808
(1774515059.729970) can0 123#36004743964688FF
(1774515059.729994) can0 124#3607016CEC132D08
(1774515059.739522) can0 123#3700474395E87EFF
(1774515059.739712) can0 124#37070193D8132108
(1774515059.749667) can0 123#38004743958A73FF
(1774515059.749690) can0 124#380701BAA7131508
(1774515059.759264) can0 123#39004743952C68FF
(1774515059.759447) can0 124#390701E18E130908
(1774515059.769340) can0 123#3A00474394D634FF
(1774515059.769361) can0 124#3A0702085D12FE08
(1774515059.779105) can0 123#3B00474394782AFF
(1774515059.779261) can0 124#3B07022F4512F208
(1774515059.790938) can0 123#3C0047439429CCFF
(1774515059.790964) can0 124#3C0702561712E808
(1774515059.799307) can0 123#3D00474393C3EBFF
(1774515059.799465) can0 124#3D07027CFC12DB08
(1774515059.809014) can0 123#3E0047439365E1FF
(1774515059.809047) can0 124#3E0702A3CC12CF08
(1774515059.818681) can0 123#3F004743930FADFF
(1774515059.818780) can0 124#3F0702CAAD12C408
(1774515059.828361) can0 123#4000474392B1A2FF
(1774515059.828533) can0 124#400702F17A12B808
(1774515059.838228) can0 123#41004643925B6DFF
(1774515059.838473) can0 124#410703185E12AD08
(1774515059.848171) can0 123#42004743920539FF
(1774515059.848453) can0 124#4207033F3112A208
(1774515059.858069) can0 123#43004743919F59FF
(1774515059.858244) can0 124#4307036616129508
(1774515059.867947) can0 123#44004743914925FF
(1774515059.868130) can0 124#4407038CE2128A08
(1774515059.877874) can0 123#4500474390EB1AFF
(1774515059.878047) can0 124#450703B3C3127E08
(1774515059.887694) can0 123#460047439094E6FF
(1774515059.887930) can0 124#460703DA8A127308
(1774515059.897588) can0 123#470046439036DCFF
(1774515059.897834) can0 124#4707040169126708
(1774515059.907606) can0 123#480046438FD8D1FF
(1774515059.907776) can0 124#480704283B125B08
(1774515059.917769) can0 123#490046438F829DFF
(1774515059.917785) can0 124#4907044F22125008
(1774515059.927348) can0 123#4A0046438F2492FF
(1774515059.927561) can0 124#4A070475EF124408
(1774515059.937218) can0 123#4B0046438ED635FF
(1774515059.937457) can0 124#4B07049CD4123A08
(1774515059.947136) can0 123#4C0047438E7054FF
(1774515059.947383) can0 124#4C0704C3A8122D08
(1774515059.957208) can0 123#4D0047438E1249FF
(1774515059.957311) can0 124#4D0704EA95122108
(1774515059.967063) can0 123#4E0047438DBC15FF
(1774515059.967224) can0 124#4E07051161121608
(1774515059.977067) can0 123#4F0047438D5E0BFF
(1774515059.977238) can0 124#4F0705384A120A08
(1774515059.987028) can0 123#500047438D07D6FF
(1774515059.987050) can0 124#5007055F1311FF08
(1774515059.996757) can0 123#510047438CB1A2FF
(1774515059.996953) can0 124#51070585F611F408
(1774515060.006661) can0 123#520047438C4BC1FF
(1774515060.006862) can0 124#520705ACC611E708
(1774515060.016657) can0 123#530047438BF58DFF
(1774515060.017162) can0 124#530705D3AF11DC08
(1774515060.026499) can0 123#540047438B9782FF
(1774515060.026916) can0 124#540705FA7D11D008
(1774515060.036515) can0 123#550047438B414EFF
(1774515060.036551) can0 124#550706216B11C508
(1774515060.046185) can0 123#560047438AE344FF
(1774515060.046514) can0 124#560706483B11B908
(1774515060.056163) can0 123#570047438A8D10FF
(1774515060.056505) can0 124#5707066F2111AE08
(1774515060.065931) can0 123#580047438A2F05FF
(1774515060.066177) can0 124#58070695ED11A208
(1774515060.075852) can0 123#5900474389D0FBFF
(1774515060.076158) can0 124#590706BCD7119608
(1774515060.085819) can0 123#5A004743897AC7FF
(1774515060.085922) can0 124#5A0706E3A7118B08
(1774515060.095986) can0 123#5B004743891CBCFF
(1774515060.096018) can0 124#5B07070A95117F08
(1774515060.105586) can0 123#5C00474388BEB1FF
(1774515060.105902) can0 124#5C0707315A117308
(1774515060.115702) can0 123#5D00474388687DFF
(1774515060.115921) can0 124#5D0707583F116808
(1774515060.125734) can0 123#5E004743880A73FF
(1774515060.125780) can0 124#5E07077F09115C08
(1774515060.135273) can0 123#5F00474387BC15FF
(1774515060.135547) can0 124#5F0707A5F0115208
(1774515060.145160) can0 123#60004743875634FF
(1774515060.145321) can0 124#600707CCBE114508
(1774515060.155335) can0 123#6100474386F82AFF
(1774515060.155356) can0 124#610707F3A4113908
(1774515060.164964) can0 123#6200474386A1F6FF
(1774515060.165161) can0 124#6207081A73112E08
(1774515060.175001) can0 123#630047438643EBFF
(1774515060.175156) can0 124#6307084156112208
(1774515060.184837) can0 123#6400474385EDB7FF
(1774515060.184952) can0 124#6407086828111708
(1774515060.194757) can0 123#65004743859783FF
(1774515060.194772) can0 124#6507088F0C110C08
(1774515060.204728) can0 123#660047438531A2FF
(1774515060.204749) can0 124#660708B5D710FF08
(1774515060.214438) can0 123#6700474384DB6EFF
(1774515060.214765) can0 124#670708DCB810F408
(1774515060.224370) can0 123#68004743847D63FF
(1774515060.224623) can0 124#680709038510E808
(1774515060.234260) can0 123#69004743841F59FF
(1774515060.234407) can0 124#6907092A6B10DC08
(1774515060.244218) can0 123#6A00474383C925FF
(1774515060.244361) can0 124#6A0709513310D108
(1774515060.254209) can0 123#6B0047438372F0FF
(1774515060.254226) can0 124#6B0709781C10C608
(1774515060.264091) can0 123#6C0047438314E6FF
(1774515060.264105) can0 124#6C07099EE310BA08
(1774515060.273821) can0 123#6D00474382B6DBFF
(1774515060.274146) can0 124#6D0709C5CD10AE08
(1774515060.283968) can0 123#6E0047438260A8FF
(1774515060.283985) can0 124#6E0709EC9510A308
(1774515060.293801) can0 123#6F00474382029DFF
(1774515060.293819) can0 124#6F070A137C109708
(1774515060.303535) can0 123#7000474381A492FF
(1774515060.303722) can0 124#70070A3A49108B08
(1774515060.313364) can0 123#71004743814E5EFF
(1774515060.313549) can0 124#71070A612C108008
(1774515060.323194) can0 123#7200474380F054FF
(1774515060.323452) can0 124#72070A87FC107408
(1774515060.333182) can0 123#73004743809249FF
(1774515060.333328) can0 124#73070AAEDD106808
(1774515060.342996) can0 123#740047438043EBFF
(1774515060.343195) can0 124#74070AD5A8105E08
(1774515060.352917) can0 123#750047437FBC16FF
(1774515060.353131) can0 124#75070AFC8B105108
(1774515060.362919) can0 123#760047437F0FADFF
(1774515060.363000) can0 124#76070B2358104608
(1774515060.372770) can0 123#770047437E5397FF
(1774515060.372903) can0 124#77070B4A39103A08
(1774515060.382613) can0 123#780047437D9782FF
(1774515060.382788) can0 124#78070B7102102E08
(1774515060.392474) can0 123#790047437CEB1AFF
(1774515060.392717) can0 124#79070B97E6102308
(1774515060.402436) can0 123#7A0047437C3EB1FF
(1774515060.402653) can0 124#7A070BBEAF101808
(1774515060.412282) can0 123#7B0047437B829DFF
(1774515060.412508) can0 124#7B070BE596100C08
(1774515060.422179) can0 123#7C0047437AC688FF
(1774515060.422537) can0 124#7C070C0C5F100008
(1774515060.432114) can0 123#7D0047437A0A73FF
(1774515060.432368) can0 124#7D070C33400FF408
(1774515060.442034) can0 123#7E004743795E0BFF
(1774515060.442246) can0 124#7E070C5A0C0FE908
(1774515060.451960) can0 123#7F00474378A1F5FF
(1774515060.452144) can0 124#7F070C80EB0FDD08
(1774515060.461887) can0 123#8000474377F58EFF
(1774515060.462056) can0 124#80070CA7B20FD208
(1774515060.471690) can0 123#81004743773978FF
(1774515060.471902) can0 124#81070CCE970FC608
(1774515060.481815) can0 123#82004743769CBDFF
(1774515060.481833) can0 124#82070CF55E0FBC08
(1774515060.491506) can0 123#8300474375D0FBFF
(1774515060.491777) can0 124#83070D1C460FAF08
(1774515060.501407) can0 123#840047437514E6FF
(1774515060.501641) can0 124#84070D430F0FA308
(1774515060.511332) can0 123#8500474374687DFF
(1774515060.511694) can0 124#85070D69F00F9808
(1774515060.521222) can0 123#8600474373AC69FF
(1774515060.521438) can0 124#86070D90BB0F8C08
(1774515060.531198) can0 123#87004743730000FF
(1774515060.531364) can0 124#87070DB7A20F8108
(1774515060.541179) can0 123#88004743725398FF
(1774515060.541198) can0 124#88070DDE690F7608
(1774515060.550886) can0 123#890047437187D6FF
(1774515060.551127) can0 124#89070E05490F6908
(1774515060.560822) can0 123#8A00474370DB6DFF
(1774515060.561004) can0 124#8A070E2C110F5E08
(1774515060.570892) can0 123#8B004743701F59FF
(1774515060.570915) can0 124#8B070E52F80F5208
(1774515060.580606) can0 123#8C0046436F72F0FF
(1774515060.580731) can0 124#8C070E79C20F4708
(1774515060.590513) can0 123#8D0046436EB6DBFF
(1774515060.590719) can0 124#8D070EA0AB0F3B08
(1774515060.600573) can0 123#8E0046436E0A73FF
(1774515060.600592) can0 124#8E070EC7760F3008
(1774515060.610312) can0 123#8F0046436D4E5EFF
(1774515060.610538) can0 124#8F070EEE5C0F2408
(1774515060.620197) can0 123#900046436C924AFF
(1774515060.620372) can0 124#90070F152D0F1808
(1774515060.630104) can0 123#910046436BF58DFF
(1774515060.630322) can0 124#91070F3C130F0E08
(1774515060.640024) can0 123#920046436B29CBFF
(1774515060.640163) can0 124#92070F62DE0F0108
(1774515060.650053) can0 123#930046436A6DB6FF
(1774515060.650069) can0 124#93070F89C50EF508
(1774515060.659964) can0 123#9400464369C14EFF
(1774515060.659984) can0 124#94070FB0950EEA08
(1774515060.669607) can0 123#95004643690539FF
(1774515060.669837) can0 124#95070FD7810EDE08
(1774515060.679774) can0 123#96004643684925FF
(1774515060.679816) can0 124#96070FFE520ED208
(1774515060.689471) can0 123#9700464367AC68FF
(1774515060.689715) can0 124#97071025420EC808
(1774515060.699438) can0 123#9800464366E0A8FF
(1774515060.699638) can0 124#9807104C0E0EBB08
(1774515060.709273) can0 123#99004643662493FF
(1774515060.709457) can0 124#99071072F50EAF08
(1774515060.719145) can0 123#9A00464365782AFF
(1774515060.719461) can0 124#9A071099C70EA408
(1774515060.729104) can0 123#9B00464364BC14FF
(1774515060.729219) can0 124#9B0710C0B60E9808
(1774515060.739007) can0 123#9C004643640FACFF
(1774515060.739125) can0 124#9C0710E7840E8D08
(1774515060.748908) can0 123#9D004643636343FF
(1774515060.749118) can0 124#9D07110E6F0E8208
(1774515060.758739) can0 123#9E004643629783FF
(1774515060.758938) can0 124#9E071135410E7508
(1774515060.768712) can0 123#9F00474361EB1AFF
(1774515060.768872) can0 124#9F07115C2E0E6A08
(1774515060.778699) can0 123#A0004743612F06FF
(1774515060.778885) can0 124#A0071183030E5E08
(1774515060.788423) can0 123#A100474360829DFF
(1774515060.788620) can0 124#A10711A9E80E5308
(1774515060.798274) can0 123#A20047435FD634FF
(1774515060.798510) can0 124#A20711D0B90E4808
(1774515060.808579) can0 123#A30047435F1A20FF
(1774515060.808593) can0 124#A30711F7A00E3C08
(1774515060.818107) can0 123#A40047435E5E0AFF
(1774515060.818562) can0 124#A407121E740E3008
(1774515060.828072) can0 123#A50047435DB1A3FF
(1774515060.828195) can0 124#A50712455E0E2508
(1774515060.837875) can0 123#A60047435CF58DFF
(1774515060.838085) can0 124#A607126C2E0E1908
(1774515060.847779) can0 123#A70047435C3978FF
(1774515060.848406) can0 124#A7071293150E0D08
(1774515060.857883) can0 123#A80047435B7D63FF
(1774515060.858011) can0 124#A80712B9E40E0108
(1774515060.867728) can0 123#A90047435AD0FBFF
(1774515060.867877) can0 124#A90712E0CC0DF608
(1774515060.877751) can0 123#AA0047435A14E6FF
(1774515060.877771) can0 124#AA071307990DEA08
(1774515060.887519) can0 123#AB00474359782AFF
(1774515060.887637) can0 124#AB07132E7C0DE008
(1774515060.897272) can0 123#AC00474358AC69FF
(1774515060.897518) can0 124#AC0713554C0DD308
(1774515060.907132) can0 123#AD00474357F053FF
(1774515060.907368) can0 124#AD07137C350DC708
(1774515060.916984) can0 123#AE0047435743EBFF
(1774515060.917226) can0 124#AE0713A3030DBC08
(1774515060.926945) can0 123#AF0047435687D6FF
(1774515060.927138) can0 124#AF0713C9E90DB008
(1774515060.936802) can0 123#B000474355DB6DFF
(1774515060.937062) can0 124#B00713F0B50DA508
(1774515060.946863) can0 123#B1004743552F05FF
(1774515060.946932) can0 124#B1071417970D9A08
(1774515060.956598) can0 123#B2004743546344FF
(1774515060.956827) can0 124#B207143E630D8D08
(1774515060.966472) can0 123#B300474353B6DCFF
(1774515060.966716) can0 124#B3071465460D8208
(1774515060.976385) can0 123#B400474352FAC7FF
(1774515060.976627) can0 124#B407148C150D7608
(1774515060.986362) can0 123#B5004743524E5EFF
(1774515060.986543) can0 124#B50714B2FA0D6B08
(1774515060.996232) can0 123#B6004743519248FF
(1774515060.996420) can0 124#B60714D9C30D5F08
(1774515061.006239) can0 123#B700474350D634FF
(1774515061.006337) can0 124#B7071500AC0D5308
(1774515061.015952) can0 123#B80047435029CBFF
(1774515061.016153) can0 124#B8071527720D4808
(1774515061.025938) can0 123#B90047434F6DB7FF
(1774515061.026060) can0 124#B907154E570D3C08
(1774515061.035995) can0 123#BA0047434ED0FAFF
(1774515061.036013) can0 124#BA071575210D3208
(1774515061.045737) can0 123#BB0047434E053AFF
(1774515061.045860) can0 124#BB07159C060D2508
(1774515061.055773) can0 123#BC0047434D4925FF
(1774515061.055781) can0 124#BC0715C2CE0D1908
(1774515061.065540) can0 123#BD0047434C9CBCFF
(1774515061.065898) can0 124#BD0715E9B70D0E08
(1774515061.075432) can0 123#BE0047434BE0A8FF
(1774515061.075778) can0 124#BE071610810D0208
(1774515061.085422) can0 123#BF0047434B343FFF
(1774515061.085568) can0 124#BF071637650CF708
(1774515061.095181) can0 123#C00047434A87D7FF
(1774515061.095582) can0 124#C007165E320CEC08
(1774515061.105277) can0 123#C100474349BC15FF
(1774515061.105295) can0 124#C1071685150CDF08
(1774515061.115210) can0 123#C2004743490FACFF
(1774515061.115228) can0 124#C20716ABDE0CD408
(1774515061.124969) can0 123#C3004743485398FF
(1774515061.125126) can0 124#C30716D2C30CC808
(1774515061.134815) can0 123#C400474347A72FFF
(1774515061.134995) can0 124#C40716F9910CBD08
(1774515061.144756) can0 123#C500474346EB1AFF
(1774515061.144896) can0 124#C5071720780CB108
(1774515061.154652) can0 123#C6004743463EB2FF
(1774515061.154823) can0 124#C6071747490CA608
(1774515061.164709) can0 123#C700474345829DFF
(1774515061.164744) can0 124#C707176E2D0C9A08
(1774515061.174418) can0 123#C800474344D635FF
(1774515061.174745) can0 124#C8071794FA0C8F08
(1774515061.184564) can0 123#C9004743441A1FFF
(1774515061.184597) can0 124#C90717BBE20C8308
(1774515061.194302) can0 123#CA004743435E0AFF
(1774515061.194441) can0 124#CA0717E2B10C7708
(1774515061.204287) can0 123#CB00464342A1F5FF
(1774515061.204323) can0 124#CB071809930C6B08
(1774515061.214106) can0 123#CC00464341F58DFF
(1774515061.214122) can0 124#CC071830650C6008
(1774515061.224150) can0 123#CD004743413978FF
(1774515061.224200) can0 124#CD071857560C5408
(1774515061.233883) can0 123#CE004743409CBCFF
(1774515061.234276) can0 124#CE07187E250C4A08
(1774515061.243955) can0 123#CF0047433FD0FBFF
(1774515061.243990) can0 124#CF0718A50C0C3D08
(1774515061.253717) can0 123#D00047433F14E7FF
(1774515061.253871) can0 124#D00718CBDA0C3108
(1774515061.263466) can0 123#D10047433E687EFF
(1774515061.263727) can0 124#D10718F2C10C2608
(1774515061.273441) can0 123#D20047433DAC68FF
(1774515061.273583) can0 124#D20719198D0C1A08
(1774515061.283401) can0 123#D30046433CFFFFFF
(1774515061.283508) can0 124#D3071940750C0F08
(1774515061.293464) can0 123#D40046433C5397FF
(1774515061.293490) can0 124#D4071967400C0408
(1774515061.303044) can0 123#D50046433B87D6FF
(1774515061.303314) can0 124#D507198E2C0BF708
(1774515061.312975) can0 123#D60046433ADB6EFF
(1774515061.313092) can0 124#D60719B4F90BEC08
(1774515061.322920) can0 123#D70046433A1F59FF
(1774515061.323000) can0 124#D70719DBE60BE008
(1774515061.332780) can0 123#D80046433972F1FF
(1774515061.332874) can0 124#D8071A02B90BD508
(1774515061.342696) can0 123#D900464338B6DCFF
(1774515061.342875) can0 124#D9071A299F0BC908
(1774515061.352508) can0 123#DA004643380A73FF
(1774515061.352768) can0 124#DA071A506F0BBE08
(1774515061.362453) can0 123#DB004643374E5DFF
(1774515061.362624) can0 124#DB071A77570BB208
(1774515061.372448) can0 123#DC004643369249FF
(1774515061.372557) can0 124#DC071A9E260BA608
(1774515061.382297) can0 123#DD00464335E5E0FF
(1774515061.382695) can0 124#DD071AC5100B9B08
(1774515061.392152) can0 123#DE0046433529CCFF
(1774515061.392319) can0 124#DE071AEBE10B8F08
(1774515061.402230) can0 123#DF004643346DB7FF
(1774515061.402247) can0 124#DF071B12CA0B8308
(1774515061.411955) can0 123#E000464333C14EFF
(1774515061.412189) can0 124#E0071B39970B7808
(1774515061.422066) can0 123#E1004643330539FF
(1774515061.422085) can0 124#E1071B607E0B6C08
(1774515061.431724) can0 123#E2004643324925FF
(1774515061.431990) can0 124#E2071B874D0B6008
(1774515061.441634) can0 123#E300464331AC69FF
(1774515061.442119) can0 124#E3071BAE350B5608
(1774515061.451554) can0 123#E400464330E0A7FF
(1774515061.451757) can0 124#E4071BD5090B4908
(1774515061.461654) can0 123#E500464330343FFF
(1774515061.461687) can0 124#E5071BFBF20B3E08
(1774515061.471381) can0 123#E60046432F782AFF
(1774515061.471500) can0 124#E6071C22C00B3208
(1774515061.481310) can0 123#E70046432EBC15FF
(1774515061.481437) can0 124#E7071C49AD0B2608
(1774515061.491197) can0 123#E80046432E0FACFF
(1774515061.491401) can0 124#E8071C707C0B1B08
(1774515061.501129) can0 123#E90046432D6344FF
(1774515061.501235) can0 124#E9071C97690B1008
(1774515061.511098) can0 123#EA0046432CA72FFF
(1774515061.511125) can0 124#EA071CBE2E0B0408
(1774515061.520879) can0 123#EB0046432BEB1AFF
(1774515061.521169) can0 124#EB071CE5180AF808
(1774515061.530823) can0 123#EC0046432B2F05FF
(1774515061.531139) can0 124#EC071D0BE60AEC08
(1774515061.540609) can0 123#ED0046432A829DFF
(1774515061.540800) can0 124#ED071D32D00AE108
(1774515061.550458) can0 123#EE00464329C688FF
(1774515061.550711) can0 124#EE071D59A00AD508
(1774515061.560456) can0 123#EF004643290A73FF
(1774515061.560637) can0 124#EF071D80890AC908
(1774515061.570338) can0 123#F0004643285E0AFF
(1774515061.570532) can0 124#F0071DA75A0ABE08
(1774515061.580204) can0 123#F100464327B1A2FF
(1774515061.580561) can0 124#F1071DCE3D0AB308
(1774515061.590212) can0 123#F200474326F58DFF
(1774515061.590324) can0 124#F2071DF5100AA708
(1774515061.599939) can0 123#F3004743263978FF
(1774515061.600114) can0 124#F3071E1BF40A9B08
(1774515061.609764) can0 123#F4004743257D63FF
(1774515061.610068) can0 124#F4071E42C30A8F08
(1774515061.619717) can0 123#F500474324D0FBFF
(1774515061.619999) can0 124#F5071E69AE0A8408
(1774515061.629550) can0 123#F60047432414E6FF
(1774515061.629815) can0 124#F6071E907F0A7808
(1774515061.639556) can0 123#F700474323782AFF
(1774515061.639694) can0 124#F7071EB76C0A6E08
(1774515061.649366) can0 123#F800474322AC68FF
(1774515061.649597) can0 124#F8071EDE380A6108
(1774515061.659345) can0 123#F900474321F054FF
(1774515061.659510) can0 124#F9071F051C0A5508
(1774515061.669205) can0 123#FA0047432143EBFF
(1774515061.669409) can0 124#FA071F2BEE0A4A08
(1774515061.679134) can0 123#FB0047432087D7FF
(1774515061.679339) can0 124#FB071F52D00A3E08
(1774515061.689044) can0 123#FC0047431FDB6EFF
(1774515061.689270) can0 124#FC071F799F0A3308
(1774515061.698895) can0 123#FD0047431F2F05FF
(1774515061.699117) can0 124#FD071FA0830A2808
(1774515061.708820) can0 123#FE0047431E6344FF
(1774515061.708996) can0 124#FE071FC7510A1B08
(1774515061.718659) can0 123#FF0047431DB6DCFF
(1774515061.719008) can0 124#FF071FEE3B0A1008
(1774515061.728672) can0 123#000047431CFAC6FF
(1774515061.728750) can0 124#000720150A0A0408
(1774515061.738598) can0 123#010047431C4E5EFF
(1774515061.738748) can0 124#0107203BF309F908
(1774515061.748470) can0 123#020047431B9249FF
(1774515061.748619) can0 124#02072062C109ED08
(1774515061.758373) can0 123#030047431AD634FF
(1774515061.758571) can0 124#03072089AD09E108
(1774515061.768261) can0 123#040047431A29CCFF
(1774515061.768401) can0 124#040720B07909D608
(1774515061.778182) can0 123#05004743196DB7FF
(1774515061.778475) can0 124#050720D75E09CA08
(1774515061.788081) can0 123#0600474318D0FBFF
(1774515061.788319) can0 124#060720FE3009C008
(1774515061.798013) can0 123#07004743180539FF
(1774515061.798129) can0 124#070721251609B308
(1774515061.807908) can0 123#08004743174925FF
(1774515061.808111) can0 124#0807214BE109A708
(1774515061.818021) can0 123#09004743169CBCFF
(1774515061.818047) can0 124#09072172C5099C08
(1774515061.827755) can0 123#0A00474315E0A7FF
(1774515061.827962) can0 124#0A07219991099008
(1774515061.837879) can0 123#0B00474315343EFF
(1774515061.837919) can0 124#0B0721C078098508
(1774515061.847552) can0 123#0C0047431487D6FF
(1774515061.847585) can0 124#0C0721E743097A08
(1774515061.857337) can0 123#0D00474313BC15FF
(1774515061.857534) can0 124#0D07220E2D096D08
(1774515061.867372) can0 123#0E004643130FADFF
(1774515061.867539) can0 124#0E072234F8096208
(1774515061.877236) can0 123#0F004643125397FF
(1774515061.877364) can0 124#0F07225BE2095608
(1774515061.887299) can0 123#1000474311A72FFF
(1774515061.887493) can0 124#10072282B2094B08
(1774515061.897056) can0 123#1100474310EB1AFF
(1774515061.897227) can0 124#110722A99A093F08
(1774515061.907114) can0 123#12004743103EB2FF
(1774515061.907213) can0 124#120722D064093408
(1774515061.917000) can0 123#130047430F829DFF
(1774515061.917049) can0 124#130722F747092808
(1774515061.926926) can0 123#140047430ED635FF
(1774515061.926980) can0 124#1407231E18091D08
(1774515061.936794) can0 123#150047430E1A1FFF
(1774515061.936834) can0 124#15072344FE091108
(1774515061.946547) can0 123#160047430D5E0BFF
(1774515061.946644) can0 124#1607236BCF090508
(1774515061.956278) can0 123#170047430CA1F5FF
(1774515061.956586) can0 124#17072392B508F908
(1774515061.966370) can0 123#180046430BF58DFF
(1774515061.966723) can0 124#180723B97C08EE08
(1774515061.976262) can0 123#190046430B3978FF
(1774515061.976471) can0 124#190723E06108E208
(1774515061.986036) can0 123#1A0046430A9CBCFF
(1774515061.986374) can0 124#1A0724073508D808
(1774515061.996172) can0 123#1B00464309D0FBFF
(1774515061.996223) can0 124#1B07242E1C08CB08
(1774515062.005849) can0 123#1C0046430914E6FF
(1774515062.006075) can0 124#1C072454EB08BF08
(1774515062.015923) can0 123#1D00464308687DFF
(1774515062.016327) can0 124#1D07247BD108B408
(1774515062.025764) can0 123#1E00464307AC69FF
(1774515062.026199) can0 124#1E0724A29808A808
(1774515062.035601) can0 123#1F004643070000FF
(1774515062.035731) can0 124#1F0724C980089D08
(1774515062.045646) can0 123#20004643065397FF
(1774515062.045663) can0 124#200724F050089208
(1774515062.055686) can0 123#210046430587D6FF
(1774515062.055724) can0 124#2107251738088508
(1774515062.065163) can0 123#2200464304DB6EFF
(1774515062.065477) can0 124#2207253E06087A08
(1774515062.075085) can0 123#23004643041F59FF
(1774515062.075483) can0 124#23072564EB086E08
(1774515062.085216) can0 123#240046430372F0FF
(1774515062.085262) can0 124#2407258BBA086308
(1774515062.094831) can0 123#2500464302B6DBFF
(1774515062.095124) can0 124#250725B2A0085708
(1774515062.104757) can0 123#26004643020A73FF
(1774515062.104961) can0 124#260725D96B084C08
(1774515062.114698) can0 123#27004643014E5EFF
(1774515062.114947) can0 124#270726005D084008
(1774515062.124541) can0 123#28004643009249FF
(1774515062.124855) can0 124#280726271E083408
(1774515062.134477) can0 123#29004642FFEB1AFF
(1774515062.134625) can0 124#2907264E08082A08
(1774515062.144388) can0 123#2A004642FE5397FF
(1774515062.144510) can0 124#2A072674D6081D08
(1774515062.154202) can0 123#2B004642FCDB6EFF
(1774515062.154489) can0 124#2B07269BBB081108
(1774515062.164181) can0 123#2C004642FB829DFF
(1774515062.164333) can0 124#2C0726C289080608
(1774515062.174299) can0 123#2D004642FA0A73FF
(1774515062.174339) can0 124#2D0726E97007FA08
(1774515062.184057) can0 123#2E004642F8B1A2FF
(1774515062.184200) can0 124#2E0727103C07EF08
(1774515062.193913) can0 123#2F004642F758D1FF
(1774515062.194339) can0 124#2F0727372807E408
(1774515062.203776) can0 123#30004642F5C14FFF
(1774515062.204052) can0 124#3007275DFB07D708
(1774515062.213733) can0 123#31004642F4687DFF
(1774515062.213922) can0 124#31072784E607CC08
(1774515062.223821) can0 123#32004642F2F054FF
(1774515062.224027) can0 124#320727ABB407C008
(1774515062.233624) can0 123#33004642F19783FF
(1774515062.233875) can0 124#330727D29D07B508
(1774515062.243371) can0 123#34004642F01F59FF
(1774515062.243494) can0 124#340727F96B07A908
(1774515062.253238) can0 123#35004642EEC687FF
(1774515062.253401) can0 124#3507282054079E08
(1774515062.263019) can0 123#36004642ED4E5EFF
(1774515062.263294) can0 124#3607284724079208
(1774515062.272949) can0 123#37004642EBD634FF
(1774515062.273166) can0 124#3707286E0E078608
(1774515062.282822) can0 123#38004642EA5E0AFF
(1774515062.283022) can0 124#38072894E1077A08
(1774515062.292863) can0 123#39004642E90539FF
(1774515062.292901) can0 124#390728BBCD076F08
(1774515062.302583) can0 123#3A004642E78D10FF
(1774515062.302795) can0 124#3A0728E2A5076308
(1774515062.312526) can0 123#3B004642E614E6FF
(1774515062.312703) can0 124#3B0729098F075708
(1774515062.322409) can0 123#3C004642E4BC14FF
(1774515062.322601) can0 124#3C07293057074C08
(1774515062.332361) can0 123#3D004642E36343FF
(1774515062.332528) can0 124#3D0729573E074108
(1774515062.342313) can0 123#3E004642E1EB1AFF
(1774515062.342455) can0 124#3E07297E0C073508
(1774515062.352067) can0 123#3F004642E072F1FF
(1774515062.352265) can0 124#3F0729A4EB072908
(1774515062.361977) can0 123#40004642DEFAC6FF
(1774515062.362181) can0 124#400729CBBF071D08
(1774515062.372069) can0 123#41004642DDA1F5FF
(1774515062.372079) can0 124#410729F2A4071208
(1774515062.381781) can0 123#42004642DC29CCFF
(1774515062.382082) can0 124#42072A1970070608
(1774515062.391704) can0 123#43004642DAF053FF
(1774515062.391991) can0 124#43072A405306FC08
(1774515062.401540) can0 123#44004642D958D0FF
(1774515062.401749) can0 124#44072A671906EF08
(1774515062.411658) can0 123#45004642D7E0A7FF
(1774515062.411672) can0 124#45072A8E0006E308
(1774515062.421438) can0 123#46004642D687D6FF
(1774515062.421737) can0 124#46072AB4CA06D808
(1774515062.431247) can0 123#47004742D50FADFF
(1774515062.431625) can0 124#47072ADBB606CC08
(1774515062.441301) can0 123#48004742D3B6DCFF
(1774515062.441408) can0 124#48072B028506C108
(1774515062.451026) can0 123#49004742D25E0BFF
(1774515062.451255) can0 124#49072B296706B608
(1774515062.460948) can0 123#4A004642D0C688FF
(1774515062.461149) can0 124#4A072B502C06A908
(1774515062.470821) can0 123#4B004642CF6DB7FF
(1774515062.471023) can0 124#4B072B770D069E08
(1774515062.480697) can0 123#4C004742CE14E6FF
(1774515062.480962) can0 124#4C072B9DDD069308
(1774515062.490664) can0 123#4D004742CC9CBCFF
(1774515062.490867) can0 124#4D072BC4BD068708
(1774515062.500471) can0 123#4E004742CB2492FF
(1774515062.500707) can0 124#4E072BEB84067B08
(1774515062.510372) can0 123#4F004742C9AC69FF
(1774515062.510636) can0 124#4F072C1269066F08
(1774515062.520316) can0 123#50004742C85398FF
(1774515062.520507) can0 124#50072C392E066408
(1774515062.530355) can0 123#51004742C6DB6EFF
(1774515062.530410) can0 124#51072C600E065808
(1774515062.540115) can0 123#52004742C5A1F5FF
(1774515062.540277) can0 124#52072C86D3064E08
(1774515062.550081) can0 123#53004742C40A73FF
(1774515062.550215) can0 124#53072CADB4064108
(1774515062.559886) can0 123#54004742C29249FF
(1774515062.560110) can0 124#54072CD47F063508
(1774515062.569832) can0 123#55004742C13978FF
(1774515062.570005) can0 124#55072CFB5C062A08
(1774515062.579737) can0 123#56004642BFC14EFF
(1774515062.579857) can0 124#56072D221F061E08
(1774515062.589603) can0 123#57004642BE687EFF
(1774515062.589795) can0 124#57072D48FE061308
(1774515062.599556) can0 123#58004642BD0FADFF
(1774515062.599697) can0 124#58072D6FC9060808
(1774515062.609361) can0 123#59004642BB782AFF
(1774515062.609593) can0 124#59072D96A905FB08
(1774515062.619295) can0 123#5A004642BA1F59FF
(1774515062.619472) can0 124#5A072DBD7305F008
(1774515062.629161) can0 123#5B004642B8A72EFF
(1774515062.629387) can0 124#5B072DE45605E408
(1774515062.640565) can0 123#5C004642B74E5DFF
(1774515062.640606) can0 124#5C072E0B2805D908
(1774515062.649168) can0 123#5D004642B5D634FF
(1774515062.649177) can0 124#5D072E321005CD08
(1774515062.658922) can0 123#5E004642B45E0BFF
(1774515062.659086) can0 124#5E072E58D305C108
(1774515062.668914) can0 123#5F004642B30539FF
(1774515062.668973) can0 124#5F072E7FB505B608
(1774515062.678737) can0 123#60004642B18D10FF
(1774515062.678895) can0 124#60072EA68205AA08
(1774515062.688561) can0 123#61004642B0343FFF
(1774515062.688759) can0 124#61072ECD68059F08
(1774515062.698441) can0 123#62004642AEBC15FF
(1774515062.698637) can0 124#62072EF434059308
(1774515062.708319) can0 123#63004642AD43EBFF
(1774515062.708596) can0 124#63072F1B1C058708
(1774515062.718248) can0 123#64004642ABEB1AFF
(1774515062.718471) can0 124#64072F41F4057C08
(1774515062.728209) can0 123#65004642AA72F0FF
(1774515062.728391) can0 124#65072F68DB057008
(1774515062.738113) can0 123#66004642A8FAC7FF
(1774515062.738312) can0 124#66072F8FAC056408
(1774515062.747944) can0 123#67004642A7C14FFF
(1774515062.748130) can0 124#67072FB697055A08
(1774515062.757905) can0 123#68004642A629CCFF
(1774515062.758047) can0 124#68072FDD69054D08
(1774515062.767706) can0 123#69004642A4B1A2FF
(1774515062.768007) can0 124#6907300452054108
(1774515062.777666) can0 123#6A004642A358D1FF
(1774515062.777833) can0 124#6A07302B21053608
(1774515062.787596) can0 123#6B004642A1E0A7FF
(1774515062.787761) can0 124#6B07305211052A08
(1774515062.797497) can0 123#6C004642A087D7FF
(1774515062.797639) can0 124#6C073078DE051F08
(1774515062.807467) can0 123#6D0046429F2F05FF
(1774515062.807557) can0 124#6D07309FCB051408
(1774515062.817230) can0 123#6E0046429D9783FF
(1774515062.817418) can0 124#6E0730C69B050708
(1774515062.827142) can0 123#6F0046429C3EB2FF
(1774515062.827284) can0 124#6F0730ED7F04FC08
(1774515062.837064) can0 123#700046429AE5E0FF
(1774515062.837216) can0 124#700731144D04F108
(1774515062.847006) can0 123#71004642996DB7FF
(1774515062.847130) can0 124#7107313B3004E508
(1774515062.856899) can0 123#7200464297F58DFF
(1774515062.857047) can0 124#72073161FD04D908
(1774515062.866782) can0 123#73004642969CBCFF
(1774515062.866931) can0 124#73073188E304CE08
(1774515062.876633) can0 123#74004642952492FF
(1774515062.876806) can0 124#740731AFAF04C208
(1774515062.886582) can0 123#7500464293AC69FF
(1774515062.886698) can0 124#750731D69104B608
(1774515062.896423) can0 123#760046429272F0FF
(1774515062.896588) can0 124#760731FD5D04AC08
(1774515062.906353) can0 123#7700464290DB6EFF
(1774515062.906515) can0 124#7707322443049F08
(1774515062.916200) can0 123#780046428F6344FF
(1774515062.916380) can0 124#7807324B10049308
(1774515062.926233) can0 123#790046428E0A73FF
(1774515062.926335) can0 124#79073271F7048808
(1774515062.936105) can0 123#7A0046428C9249FF
(1774515062.936200) can0 124#7A073298C2047C08
(1774515062.946034) can0 123#7B0046428B3978FF
(1774515062.946141) can0 124#7B0732BFAA047108
(1774515062.955847) can0 123#7C00464289E0A7FF
(1774515062.956082) can0 124#7C0732E67A046608
(1774515062.965803) can0 123#7D004642884924FF
(1774515062.966019) can0 124#7D07330D60045908
(1774515062.975702) can0 123#7E00464286F053FF
(1774515062.975816) can0 124#7E0733342D044E08
(1774515062.985672) can0 123#7F004642859783FF
(1774515062.985769) can0 124#7F07335B12044308
(1774515062.995627) can0 123#80004642841F59FF
(1774515062.995634) can0 124#80073381E0043708
(1774515063.005501) can0 123#8100464282A72FFF
(1774515063.005561) can0 124#810733A8C8042B08
(1774515063.015332) can0 123#82004642814E5EFF
(1774515063.015557) can0 124#820733CF94042008
(1774515063.025206) can0 123#830046427FAC68FF
(1774515063.025398) can0 124#830733F676041408
(1774515063.035129) can0 123#840046427CBC14FF
(1774515063.035281) can0 124#8407341D3F040808
(1774515063.044937) can0 123#850046427A0A73FF
(1774515063.045095) can0 124#850734442303FD08
(1774515063.054887) can0 123#86004642771A20FF
(1774515063.055015) can0 124#8607346AEA03F108
(1774515063.064748) can0 123#870046427429CCFF
(1774515063.064837) can0 124#87073491D103E508
(1774515063.074624) can0 123#8800464271782AFF
(1774515063.074729) can0 124#880734B89A03DA08
(1774515063.084542) can0 123#890046426E87D6FF
(1774515063.084700) can0 124#890734DF7E03CE08
(1774515063.094344) can0 123#8A0046426C14E7FF
(1774515063.094518) can0 124#8A0735064D03C408
(1774515063.104318) can0 123#8B004642692493FF
(1774515063.104426) can0 124#8B07352D3203B808
(1774515063.114157) can0 123#8C00464265F58DFF
(1774515063.114296) can0 124#8C073553F903AB08
(1774515063.124035) can0 123#8D0046426343EBFF
(1774515063.124291) can0 124#8D07357ADF03A008
(1774515063.134080) can0 123#8E004642605397FF
(1774515063.134179) can0 124#8E0735A1AC039408
(1774515063.143885) can0 123#8F0046425DA1F5FF
(1774515063.144015) can0 124#8F0735C88D038908
(1774515063.153786) can0 123#900046425AB1A1FF
(1774515063.153928) can0 124#900735EF61037D08
(1774515063.163600) can0 123#91004642580001FF
(1774515063.163832) can0 124#9107361647037208
(1774515063.173486) can0 123#92004642550FADFF
(1774515063.173690) can0 124#9207363D11036608
(1774515063.183409) can0 123#93004642521F59FF
(1774515063.183649) can0 124#93073663F3035A08
(1774515063.193304) can0 123#940046424F6DB7FF
(1774515063.193531) can0 124#9407368ABD034F08
(1774515063.203334) can0 123#950046424C7D63FF
(1774515063.203427) can0 124#950736B199034308
(1774515063.213088) can0 123#96004642498D0FFF
(1774515063.213276) can0 124#960736D862033708
(1774515063.223014) can0 123#9700464246DB6EFF
(1774515063.223185) can0 124#970736FF40032C08
(1774515063.232888) can0 123#9800464243EB1BFF
(1774515063.233061) can0 124#9807372608032008
(1774515063.242862) can0 123#9900474240FAC7FF
(1774515063.242980) can0 124#9907374CEC031408
(1774515063.252714) can0 123#9A0047423E4925FF
(1774515063.252922) can0 124#9A073773B5030908
(1774515063.262640) can0 123#9B0047423B58D1FF
(1774515063.262920) can0 124#9B07379A9B02FD08
(1774515063.272497) can0 123#9C00474238A72EFF
(1774515063.272806) can0 124#9C0737C16902F208
(1774515063.282547) can0 123#9D00474235B6DCFF
(1774515063.282613) can0 124#9D0737E85102E608
(1774515063.292428) can0 123#9E00464232C688FF
(1774515063.292485) can0 124#9E07380F1A02DA08
(1774515063.302357) can0 123#9F0046423014E6FF
(1774515063.302427) can0 124#9F0738360302CF08
(1774515063.312197) can0 123#A00047422D6344FF
(1774515063.312278) can0 124#A007385CD502C408
(1774515063.322026) can0 123#A10047422A72F0FF
(1774515063.322286) can0 124#A1073883BE02B808
(1774515063.332051) can0 123#A200474227829DFF
(1774515063.332060) can0 124#A20738AA8802AC08
(1774515063.341732) can0 123#A3004742249249FF
(1774515063.342126) can0 124#A30738D17002A008
(1774515063.351756) can0 123#A400474221E0A7FF
(1774515063.351843) can0 124#A40738F83E029508
(1774515063.361587) can0 123#A50046421EF054FF
(1774515063.361935) can0 124#A507391F20028908
(1774515063.371585) can0 123#A60047421C3EB2FF
(1774515063.371737) can0 124#A6073945F5027E08
(1774515063.381395) can0 123#A7004742194E5EFF
(1774515063.381554) can0 124#A707396CDD027208
(1774515063.391290) can0 123#A8004742169CBCFF
(1774515063.391432) can0 124#A8073993AB026708
(1774515063.401172) can0 123#A900474213AC69FF
(1774515063.401342) can0 124#A90739BA8C025B08
(1774515063.411054) can0 123#AA00474210BC15FF
(1774515063.411232) can0 124#AA0739E15B024F08
(1774515063.421066) can0 123#AB0047420DCBC2FF
(1774515063.421141) can0 124#AB073A083F024308
(1774515063.430984) can0 123#AC0047420B1A1FFF
(1774515063.431079) can0 124#AC073A2F0D023808
(1774515063.440788) can0 123#AD0047420829CCFF
(1774515063.440935) can0 124#AD073A55F4022C08
(1774515063.450687) can0 123#AE00474205B6DCFF
(1774515063.450834) can0 124#AE073A7CC2022208
(1774515063.460546) can0 123#AF0047420287D6FF
(1774515063.460720) can0 124#AF073AA3A6021508
(1774515063.470450) can0 123#B0004741FF2F05FF
(1774515063.470612) can0 124#B0073ACA6D020908
(1774515063.480377) can0 123#B1004741F9CBC2FF
(1774515063.480525) can0 124#B1073AF15501FE08
(1774515063.490200) can0 123#B2004641F3EB1AFF
(1774515063.490510) can0 124#B2073B181E01F208
(1774515063.500131) can0 123#B3004641EE87D6FF
(1774515063.500303) can0 124#B3073B3F0D01E708
(1774515063.510061) can0 123#B4004641E92493FF
(1774515063.510226) can0 124#B4073B65DF01DC08
(1774515063.519957) can0 123#B5004641E2C688FF
(1774515063.520096) can0 124#B5073B8CC201CF08
(1774515063.529780) can0 123#B6004641DD6344FF
(1774515063.530040) can0 124#B6073BB38D01C408
(1774515063.539710) can0 123#B7004641D7829CFF
(1774515063.539922) can0 124#B7073BDA7201B808
(1774515063.549598) can0 123#B8004641D21F59FF
(1774515063.549807) can0 124#B8073C013D01AD08
(1774515063.559534) can0 123#B9004641CC3EB1FF
(1774515063.559733) can0 124#B9073C282201A108
(1774515063.569522) can0 123#BA004641C65E0AFF
(1774515063.569742) can0 124#BA073C4EEC019508
(1774515063.579303) can0 123#BB004641C0FAC7FF
(1774515063.579490) can0 124#BB073C75CD018A08
(1774515063.589242) can0 123#BC004641BB1A1FFF
(1774515063.589385) can0 124#BC073C9C9A017E08
(1774515063.599144) can0 123#BD004641B6343FFF
(1774515063.599262) can0 124#BD073CC37B017408
(1774515063.609731) can0 123#BE004641AFD635FF
(1774515063.609745) can0 124#BE073CEA40016708
(1774515063.618871) can0 123#BF004641A9F58DFF
(1774515063.619056) can0 124#BF073D1124015B08
(1774515063.628739) can0 123#C0004641A49249FF
(1774515063.628977) can0 124#C0073D37F0015008
(1774515063.638703) can0 123#C10046419EB1A2FF
(1774515063.638896) can0 124#C1073D5ED5014408
(1774515063.648607) can0 123#C2004641994E5EFF
(1774515063.648858) can0 124#C2073D85A1013908
(1774515063.658502) can0 123#C300464193EB1AFF
(1774515063.658774) can0 124#C3073DAC89012E08
(1774515063.668403) can0 123#C40046418D8D0FFF
(1774515063.668606) can0 124#C4073DD34E012108
(1774515063.678275) can0 123#C50046418829CCFF
(1774515063.678489) can0 124#C5073DFA2E011608
(1774515063.688137) can0 123#C6004641824925FF
(1774515063.688354) can0 124#C6073E20F9010A08
(1774515063.698061) can0 123#C700464179CBC2FF
(1774515063.698335) can0 124#C7073E47DD00FF08
(1774515063.707905) can0 123#C80046416E0A73FF
(1774515063.708147) can0 124#C8073E6EA500F308
(1774515063.717901) can0 123#C90046416343EBFF
(1774515063.718065) can0 124#C9073E958A00E808
(1774515063.727816) can0 123#CA00464157829CFF
(1774515063.727979) can0 124#CA073EBC6500DC08
(1774515063.737678) can0 123#CB0046414BC14EFF
(1774515063.737893) can0 124#CB073EE33E00D008
(1774515063.747616) can0 123#CC00464140FAC7FF
(1774515063.747737) can0 124#CC073F0A1300C508
(1774515063.757469) can0 123#CD004641353978FF
(1774515063.757757) can0 124#CD073F30FB00B908
(1774515063.767392) can0 123#CE00464129782AFF
(1774515063.767577) can0 124#CE073F57CA00AD08
(1774515063.777213) can0 123#CF0046411EB1A2FF
(1774515063.777471) can0 124#CF073F7EAE00A208
(1774515063.787137) can0 123#D000464112F054FF
(1774515063.787315) can0 124#D0073FA578009608
(1774515063.797048) can0 123#D1004641072F06FF
(1774515063.797249) can0 124#D1073FCC5B008A08
(1774515063.806950) can0 123#D2004640FAC688FF
(1774515063.807156) can0 124#D2073FF329008008
(1774515063.816813) can0 123#D3004640E14E5EFF
(1774515063.817125) can0 124#D307401A0D007308
(1774515063.826744) can0 123#D4004640CBC14EFF
(1774515063.826963) can0 124#D4074040D8006808
(1774515063.836613) can0 123#D5004640B43EB2FF
(1774515063.836817) can0 124#D5074067BC005C08
(1774515063.846531) can0 123#D60046409CBC15FF
(1774515063.846744) can0 124#D607408E85005008
(1774515063.856457) can0 123#D7004640872F06FF
(1774515063.856757) can0 124#D70740B562004508
(1774515063.866352) can0 123#D80046406343EBFF
(1774515063.866491) can0 124#D80740DC2F003A08
(1774515063.876208) can0 123#D9004640305398FF
(1774515063.876385) can0 124#D907410310002D08
(1774515063.886126) can0 123#DA004640053978FF
(1774515063.886438) can0 124#DA074129DB002208
(1774515063.896450) can0 123#DB00463FAC687EFF
(1774515063.896468) can0 124#DB074150B7001608
(1774515063.905919) can0 123#DC00463F2C687EFF
(1774515063.906118) can0 124#DC0741777E000B08
(1774515063.915805) can0 123#DD004643B3F82AFF
(1774515063.915978) can0 124#DD07419E6016F708
(1774515063.925716) can0 123#DE004643B39A20FF
(1774515063.925847) can0 124#DE0741C52916EB08
(1774515063.935616) can0 123#DF004643B343EBFF
(1774515063.935830) can0 124#DF0741EC0D16E008
(1774515063.945531) can0 123#E0004643B2E5E0FF
(1774515063.945667) can0 124#E0074212D016D408
(1774515063.955410) can0 123#E1004643B29783FF
(1774515063.955564) can0 124#E1074239AE16CA08
(1774515063.965436) can0 123#E2004643B231A2FF
(1774515063.965442) can0 124#E20742607916BD08
(1774515063.975255) can0 123#E3004643B1D398FF
(1774515063.975346) can0 124#E30742875916B108
(1774515063.985097) can0 123#E4004643B17D63FF
(1774515063.985229) can0 124#E40742AE2316A608
(1774515063.995007) can0 123#E5004643B11F59FF
(1774515063.995169) can0 124#E50742D503169A08
(1774515064.004847) can0 123#E6004643B0C925FF
(1774515064.005027) can0 124#E60742FBC1168F08
(1774515064.014763) can0 123#E7004643B072F0FF
(1774515064.014946) can0 124#E7074322A0168408
(1774515064.024647) can0 123#E8004643B00D0FFF
(1774515064.024851) can0 124#E807434966167708
(1774515064.034557) can0 123#E9004643AFB6DBFF
(1774515064.034729) can0 124#E907437048166C08
(1774515064.044460) can0 123#EA004643AF58D1FF
(1774515064.044619) can0 124#EA07439711166008
(1774515064.054427) can0 123#EB004743AF029DFF
(1774515064.054530) can0 124#EB0743BDFB165508
(1774515064.064214) can0 123#EC004743AEA492FF
(1774515064.064556) can0 124#EC0743E4C2164908
(1774515064.074132) can0 123#ED004643AE4688FF
(1774515064.074364) can0 124#ED07440B9C163D08
(1774515064.084058) can0 123#EE004643ADF054FF
(1774515064.084259) can0 124#EE07443266163208
(1774515064.093982) can0 123#EF004743AD9249FF
(1774515064.094219) can0 124#EF07445950162608
(1774515064.103905) can0 123#F0004743AD3C15FF
(1774515064.104071) can0 124#F00744801B161B08
(1774515064.113852) can0 123#F1004643ACDE0BFF
(1774515064.113998) can0 124#F10744A6F4160F08
(1774515064.123743) can0 123#F2004643AC8000FF
(1774515064.123902) can0 124#F20744CDBB160308
(1774515064.133582) can0 123#F3004743AC29CBFF
(1774515064.133783) can0 124#F30744F4A415F808
(1774515064.143528) can0 123#F4004743ABCBC1FF
(1774515064.143768) can0 124#F407451B7015EC08
(1774515064.153461) can0 123#F5004743AB6DB7FF
(1774515064.153584) can0 124#F50745425315E008
(1774515064.163303) can0 123#F6004743AB1F59FF
(1774515064.163528) can0 124#F60745692215D608
(1774515064.173170) can0 123#F7004743AAB978FF
(1774515064.173357) can0 124#F70745900315C908
(1774515064.183124) can0 123#F8004743AA6344FF
(1774515064.183264) can0 124#F80745B6C915BE08
(1774515064.192970) can0 123#F9004743AA053AFF
(1774515064.193230) can0 124#F90745DDAB15B208
(1774515064.202948) can0 123#FA004743A9A72FFF
(1774515064.203115) can0 124#FA0746046F15A608
(1774515064.212787) can0 123#FB004743A950FAFF
(1774515064.212981) can0 124#FB07462B4E159B08
(1774515064.222730) can0 123#FC004743A8F2F0FF
(1774515064.222873) can0 124#FC07465212158F08
(1774515064.232641) can0 123#FD004743A894E6FF
(1774515064.232906) can0 124#FD074678EC158308
(1774515064.242533) can0 123#FE004743A83EB2FF
(1774515064.242742) can0 124#FE07469FB0157808
(1774515064.252395) can0 123#FF004743A7E87DFF
(1774515064.252594) can0 124#FF0746C690156D08
(1774515064.262358) can0 123#00004643A78A73FF
(1774515064.262530) can0 124#000746ED52156108
(1774515064.272194) can0 123#01004643A72C69FF
(1774515064.272380) can0 124#0107471435155508
(1774515064.282246) can0 123#02004743A6CE5EFF
(1774515064.282267) can0 124#0207473B07154908
(1774515064.292128) can0 123#03004743A6782AFF
(1774515064.292147) can0 124#03074761E9153E08
(1774515064.301860) can0 123#04004743A61A1FFF
(1774515064.302029) can0 124#04074788AD153208
(1774515064.311800) can0 123#05004743A5CBC2FF
(1774515064.312107) can0 124#050747AF8A152808
(1774515064.321751) can0 123#06004743A565E1FF
(1774515064.321942) can0 124#060747D653151B08
(1774515064.331638) can0 123#07004743A507D6FF
(1774515064.331758) can0 124#070747FD35150F08
(1774515064.341617) can0 123#08004743A4B1A2FF
(1774515064.341982) can0 124#08074823FA150408
(1774515064.351627) can0 123#09004743A45398FF
(1774515064.351660) can0 124#0907484AE014F808
(1774515064.361276) can0 123#0A004743A3FD63FF
(1774515064.361410) can0 124#0A074871A914ED08
(1774515064.371187) can0 123#0B004743A3A72FFF
(1774515064.371357) can0 124#0B0748988B14E208
(1774515064.381063) can0 123#0C004743A3414EFF
(1774515064.381253) can0 124#0C0748BF4F14D508
(1774515064.390966) can0 123#0D004643A2EB1AFF
(1774515064.391242) can0 124#0D0748E62914CA08
(1774515064.400962) can0 123#0E004643A294E6FF
(1774515064.401196) can0 124#0E07490CF514BF08
(1774515064.410868) can0 123#0F004643A236DBFF
(1774515064.411046) can0 124#0F074933D214B308
(1774515064.420707) can0 123#10004643A1D8D1FF
(1774515064.420939) can0 124#1007495A9814A708
(1774515064.430578) can0 123#11004643A17AC7FF
(1774515064.430727) can0 124#110749817A149B08
(1774515064.440455) can0 123#12004643A12492FF
(1774515064.440600) can0 124#120749A840149008
(1774515064.450462) can0 123#13004643A0C688FF
(1774515064.450476) can0 124#130749CF24148408
(1774515064.460271) can0 123#14004643A0782AFF
(1774515064.460393) can0 124#140749F5E7147A08
(1774515064.470148) can0 123#15004643A01249FF
(1774515064.470270) can0 124#15074A1CCB146D08
(1774515064.479947) can0 123#160046439FB43EFF
(1774515064.480180) can0 124#16074A4392146108
(1774515064.489968) can0 123#170046439F5E0AFF
(1774515064.490134) can0 124#17074A6A73145608
(1774515064.499869) can0 123#180046439F0000FF
(1774515064.500094) can0 124#18074A913D144A08
(1774515064.509927) can0 123#190046439EA9CCFF
(1774515064.509950) can0 124#19074AB81D143F08
(1774515064.519910) can0 123#1A0046439E5397FF
(1774515064.519953) can0 124#1A074ADEE7143408
(1774515064.529821) can0 123#1B0046439DF58DFF
(1774515064.529851) can0 124#1B074B05C4142808
(1774515064.539633) can0 123#1C0046439D9783FF
(1774515064.539669) can0 124#1C074B2C8F141C08
(1774515064.549442) can0 123#1D0046439D3978FF
(1774515064.549492) can0 124#1D074B5372141008
(1774515064.559852) can0 123#1E0046439CE344FF
(1774515064.559889) can0 124#1E074B7A35140508
(1774515064.569147) can0 123#1F0046439C8539FF
(1774515064.569464) can0 124#1F074BA11513F908
(1774515064.579010) can0 123#200046439C272FFF
(1774515064.579316) can0 124#20074BC7D813ED08
(1774515064.588922) can0 123#210046439BD0FBFF
(1774515064.589062) can0 124#21074BEEB913E208
(1774515064.598822) can0 123#220046439B72F0FF
(1774515064.599070) can0 124#22074C158413D608
(1774515064.609146) can0 123#230046439B14E6FF
(1774515064.609161) can0 124#23074C3C6513CA08
(1774515064.618491) can0 123#240046439ABEB2FF
(1774515064.618810) can0 124#24074C632F13BF08
(1774515064.628490) can0 123#250046439A60A7FF
(1774515064.628657) can0 124#25074C8A0F13B308
(1774515064.638209) can0 123#260046439A0A73FF
(1774515064.638517) can0 124#26074CB0DA13A808
(1774515064.648249) can0 123#2700464399AC68FF
(1774515064.648427) can0 124#27074CD7B6139C08
(1774515064.658129) can0 123#28004643994E5EFF
(1774515064.658277) can0 124#28074CFE7B139008
(1774515064.668219) can0 123#2900464398F82AFF
(1774515064.668234) can0 124#29074D2560138508
(1774515064.677993) can0 123#2A00464398A1F5FF
(1774515064.678204) can0 124#2A074D4C2A137A08
(1774515064.687944) can0 123#2B004643983C15FF
(1774515064.688129) can0 124#2B074D730A136D08
(1774515064.697800) can0 123#2C00464397E5E1FF
(1774515064.698014) can0 124#2C074D99D3136208
(1774515064.707663) can0 123#2D0046439787D6FF
(1774515064.708098) can0 124#2D074DC0B6135608
(1774515064.717603) can0 123#2E0046439731A2FF
(1774515064.717914) can0 124#2E074DE784134B08
(1774515064.727514) can0 123#2F00464396D398FF
(1774515064.727690) can0 124#2F074E0E67133F08
(1774515064.737382) can0 123#3000464396758DFF
(1774515064.737585) can0 124#30074E3533133308
(1774515064.747315) can0 123#31004643961F59FF
(1774515064.747520) can0 124#31074E5C10132808
(1774515064.757101) can0 123#3200464395C14EFF
(1774515064.757304) can0 124#32074E82DB131C08
(1774515064.767024) can0 123#330046439572F1FF
(1774515064.767185) can0 124#33074EA9BD131208
(1774515064.777066) can0 123#34004643950D10FF
(1774515064.777101) can0 124#34074ED084130508
(1774515064.787062) can0 123#3500464394AF05FF
(1774515064.787086) can0 124#35074EF76712F908
(1774515064.796740) can0 123#360047439458D1FF
(1774515064.796951) can0 124#36074F1E3B12EE08
(1774515064.806641) can0 123#3700474393FAC7FF
(1774515064.806884) can0 124#37074F452112E208
(1774515064.816718) can0 123#3800474393A492FF
(1774515064.816763) can0 124#38074F6BEA12D708
(1774515064.826548) can0 123#39004743934E5EFF
(1774515064.826585) can0 124#39074F92D312CC08
(1774515064.836361) can0 123#3A00474392E87DFF
(1774515064.836532) can0 124#3A074FB99C12BF08
(1774515064.846234) can0 123#3B004743929249FF
(1774515064.846362) can0 124#3B074FE08312B408
(1774515064.856121) can0 123#3C00474392343FFF
(1774515064.856334) can0 124#3C0750074B12A808
(1774515064.866148) can0 123#3D00474391DE0AFF
(1774515064.866176) can0 124#3D07502E30129D08
(1774515064.875908) can0 123#3E004743918000FF
(1774515064.876160) can0 124#3E075054FE129108
(1774515064.885846) can0 123#3F0047439129CCFF
(1774515064.885975) can0 124#3F07507BE9128608
(1774515064.895672) can0 123#4000474390CBC1FF
(1774515064.895963) can0 124#400750A2B6127A08
(1774515064.905542) can0 123#41004743906DB7FF
(1774515064.905859) can0 124#410750C9A0126E08
(1774515064.915497) can0 123#42004743901783FF
(1774515064.915950) can0 124#420750F06F126308
(1774515064.925412) can0 123#430047438FB978FF
(1774515064.925734) can0 124#4307511754125708
(1774515064.935264) can0 123#440047438F5B6EFF
(1774515064.935543) can0 124#4407513E22124B08
(1774515064.945206) can0 123#450047438EFD63FF
(1774515064.945402) can0 124#450751650B123F08
(1774515064.955050) can0 123#460047438EA72FFF
(1774515064.955271) can0 124#4607518BD3123408
(1774515064.965047) can0 123#470047438E4925FF
(1774515064.965195) can0 124#470751B2BF122808
(1774515064.974883) can0 123#480047438DFAC6FF
(1774515064.975024) can0 124#480751D98C121E08
(1774515064.984749) can0 123#490047438D94E6FF
(1774515064.984929) can0 124#4907520071121108
(1774515064.994645) can0 123#4A0047438D36DBFF
(1774515064.994779) can0 124#4A0752273D120508
(1774515065.004630) can0 123#4B0047438CE0A7FF
(1774515065.004900) can0 124#4B07524E2611FA08
(1774515065.014479) can0 123#4C0047438C829DFF
(1774515065.014623) can0 124#4C075274FA11EE08
(1774515065.024602) can0 123#4D0047438C2C68FF
(1774515065.024625) can0 124#4D07529BE111E308
(1774515065.034458) can0 123#4E0047438BD634FF
(1774515065.034477) can0 124#4E0752C2AF11D808
(1774515065.044487) can0 123#4F0047438B7054FF
(1774515065.044508) can0 124#4F0752E99011CB08
(1774515065.054158) can0 123#500047438B1A1FFF
(1774515065.054334) can0 124#500753105C11C008
(1774515065.063997) can0 123#510047438ABC15FF
(1774515065.064234) can0 124#510753373F11B408
(1774515065.073835) can0 123#520047438A65E1FF
(1774515065.074160) can0 124#5207535E0F11A908
(1774515065.083737) can0 123#530047438A07D7FF
(1774515065.083907) can0 124#53075384F3119D08
(1774515065.093673) can0 123#5400474389B1A2FF
(1774515065.093857) can0 124#540753ABC5119208
(1774515065.103597) can0 123#55004743895397FF
(1774515065.103853) can0 124#550753D2A3118608
(1774515065.113415) can0 123#5600474388F58DFF
(1774515065.113620) can0 124#560753F96B117A08
(1774515065.123381) can0 123#57004743889F59FF
(1774515065.123499) can0 124#5707542056116F08
(1774515065.133255) can0 123#5800474388414EFF
(1774515065.133436) can0 124#5807544727116308
(1774515065.143340) can0 123#5900474387E344FF
(1774515065.143359) can0 124#5907546E0E115708
(1774515065.153227) can0 123#5A00474387853AFF
(1774515065.153248) can0 124#5A075494D9114B08
(1774515065.162858) can0 123#5B004743872F06FF
(1774515065.163105) can0 124#5B0754BBB9114008
(1774515065.172933) can0 123#5C00474386D0FAFF
(1774515065.172951) can0 124#5C0754E281113408
(1774515065.182725) can0 123#5D004643867AC6FF
(1774515065.182876) can0 124#5D0755095D112908
(1774515065.192655) can0 123#5E004643862492FF
(1774515065.192852) can0 124#5E07553028111E08
(1774515065.202680) can0 123#5F00464385BEB2FF
(1774515065.202702) can0 124#5F0755570A111108
(1774515065.212422) can0 123#6000464385687DFF
(1774515065.212515) can0 124#6007557DD1110608
(1774515065.222544) can0 123#61004643850A73FF
(1774515065.222561) can0 124#610755A4B310FA08
(1774515065.232265) can0 123#6200464384B43FFF
(1774515065.232551) can0 124#620755CB8010EF08
(1774515065.242114) can0 123#63004643845634FF
(1774515065.242325) can0 124#630755F25B10E308
(1774515065.252194) can0 123#64004643840000FF
(1774515065.252241) can0 124#640756192310D808
(1774515065.261861) can0 123#6500464383A1F6FF
(1774515065.262233) can0 124#650756400710CC08
(1774515065.271896) can0 123#660046438343EBFF
(1774515065.272123) can0 124#66075666D210C008
(1774515065.281713) can0 123#6700464382EDB7FF
(1774515065.281879) can0 124#6707568DB210B508
(1774515065.291635) can0 123#68004643828FACFF
(1774515065.291943) can0 124#680756B47B10A908
(1774515065.301443) can0 123#690046438231A2FF
(1774515065.301627) can0 124#690756DB5C109D08
(1774515065.311483) can0 123#6A00464381DB6EFF
(1774515065.311630) can0 124#6A07570226109208
(1774515065.321442) can0 123#6B004643817D63FF
(1774515065.321545) can0 124#6B07572907108608
(1774515065.331202) can0 123#6C004643811F59FF
(1774515065.331594) can0 124#6C07574FD1107A08
(1774515065.341122) can0 123#6D00464380D0FBFF
(1774515065.341360) can0 124#6D075776B7107008
(1774515065.350999) can0 123#6E004643806B1AFF
(1774515065.351247) can0 124#6E07579D83106308
(1774515065.361291) can0 123#6F004643800D10FF
(1774515065.361333) can0 124#6F0757C463105708
(1774515065.370766) can0 123#700046437F6DB7FF
(1774515065.370906) can0 124#700757EB2B104C08
(1774515065.380673) can0 123#710046437EB1A2FF
(1774515065.380824) can0 124#710758120C104008
(1774515065.390810) can0 123#720046437E0539FF
(1774515065.390854) can0 124#72075838CF103508
(1774515065.400511) can0 123#730046437D58D1FF
(1774515065.400676) can0 124#7307585FB0102A08
(1774515065.410362) can0 123#740046437C8D10FF
(1774515065.410499) can0 124#7407588677101D08
(1774515065.420271) can0 123#750046437BE0A8FF
(1774515065.420423) can0 124#750758AD58101208
(1774515065.430226) can0 123#760046437B343FFF
(1774515065.430432) can0 124#760758D421100708
(1774515065.440053) can0 123#770046437A7829FF
(1774515065.440250) can0 124#770758FB000FFB08
(1774515065.449925) can0 123#7800464379BC14FF
(1774515065.450146) can0 124#78075921C40FEF08
(1774515065.460114) can0 123#79004643790000FF
(1774515065.460166) can0 124#79075948A20FE308
(1774515065.469910) can0 123#7A004643785397FF
(1774515065.469950) can0 124#7A07596F680FD808
(1774515065.479673) can0 123#7B004643779783FF
(1774515065.479804) can0 124#7B075996460FCC08
(1774515065.489674) can0 123#7C00464376FAC6FF
(1774515065.489711) can0 124#7C0759BD0C0FC208
(1774515065.499396) can0 123#7D004643762F06FF
(1774515065.499639) can0 124#7D0759E3F40FB508
(1774515065.509316) can0 123#7E0046437572F1FF
(1774515065.509484) can0 124#7E075A0AB80FA908
(1774515065.519193) can0 123#7F00464374C688FF
(1774515065.519371) can0 124#7F075A319F0F9E08
(1774515065.529046) can0 123#80004643740A72FF
(1774515065.529256) can0 124#80075A586D0F9208
(1774515065.539237) can0 123#81004643735E0AFF
(1774515065.539266) can0 124#81075A7F520F8708
(1774515065.548920) can0 123#8200464372B1A1FF
(1774515065.549135) can0 124#82075AA61E0F7C08
(1774515065.558800) can0 123#8300464371E5E1FF
(1774515065.558953) can0 124#83075ACD030F6F08
(1774515065.568863) can0 123#84004643713978FF
(1774515065.568881) can0 124#84075AF3CE0F6408
(1774515065.578655) can0 123#85004643707D64FF
(1774515065.579094) can0 124#85075B1AB10F5808
(1774515065.588483) can0 123#860046436FD0FBFF
(1774515065.588667) can0 124#86075B417D0F4D08
(1774515065.598534) can0 123#870046436F14E6FF
(1774515065.598556) can0 124#87075B685B0F4108
(1774515065.608485) can0 123#880046436E687EFF
(1774515065.608529) can0 124#88075B8F200F3608
(1774515065.618216) can0 123#890046436DAC68FF
(1774515065.618442) can0 124#89075BB6070F2A08
(1774515065.628124) can0 123#8A0046436CF053FF
(1774515065.628377) can0 124#8A075BDCCD0F1E08
(1774515065.638207) can0 123#8B0046436C5398FF
(1774515065.638232) can0 124#8B075C03AE0F1408
(1774515065.647921) can0 123#8C0046436B87D6FF
(1774515065.648097) can0 124#8C075C2A7A0F0708
(1774515065.657722) can0 123#8D0046436ACBC1FF
(1774515065.658039) can0 124#8D075C515B0EFB08
(1774515065.667674) can0 123#8E0047436A1F59FF
(1774515065.667800) can0 124#8E075C782B0EF008
(1774515065.677536) can0 123#8F004743696344FF
(1774515065.677849) can0 124#8F075C9F0C0EE408
(1774515065.687455) can0 123#9000474368B6DCFF
(1774515065.687831) can0 124#90075CC5D40ED908
(1774515065.697338) can0 123#91004743680A73FF
(1774515065.697622) can0 124#91075CECB20ECE08
(1774515065.707407) can0 123#92004743673EB1FF
(1774515065.707453) can0 124#92075D137D0EC108
(1774515065.717393) can0 123#93004743669249FF
(1774515065.717423) can0 124#93075D3A590EB608
(1774515065.727117) can0 123#9400474365D634FF
(1774515065.727244) can0 124#94075D61210EAA08
(1774515065.737025) can0 123#950047436529CBFF
(1774515065.737201) can0 124#95075D88010E9F08
(1774515065.746930) can0 123#96004743646DB7FF
(1774515065.747123) can0 124#96075DAEC80E9308
(1774515065.756864) can0 123#9700474363C14EFF
(1774515065.756957) can0 124#97075DD5A50E8808
(1774515065.766597) can0 123#9800474363053AFF
(1774515065.766834) can0 124#98075DFC670E7C08
(1774515065.776646) can0 123#99004743624925FF
(1774515065.776740) can0 124#99075E234E0E7008
(1774515065.786570) can0 123#9A00474361AC69FF
(1774515065.786601) can0 124#9A075E4A170E6608
(1774515065.796419) can0 123#9B00474360E0A7FF
(1774515065.796888) can0 124#9B075E70FA0E5908
(1774515065.806440) can0 123#9C004743602492FF
(1774515065.806476) can0 124#9C075E97C10E4D08
(1774515065.816304) can0 123#9D0047435F7829FF
(1774515065.816354) can0 124#9D075EBEA00E4208
(1774515065.826037) can0 123#9E0047435EBC15FF
(1774515065.826223) can0 124#9E075EE56C0E3608
(1774515065.835950) can0 123#9F0047435E0000FF
(1774515065.836175) can0 124#9F075F0C500E2A08
(1774515065.845951) can0 123#A00047435D6344FF
(1774515065.846112) can0 124#A0075F331B0E2008
(1774515065.855742) can0 123#A10047435C9783FF
(1774515065.855966) can0 124#A1075F5A020E1308
(1774515065.865673) can0 123#A20047435BDB6DFF
(1774515065.866038) can0 124#A2075F80CE0E0708
(1774515065.875563) can0 123#A30047435B3EB2FF
(1774515065.875728) can0 124#A3075FA7AD0DFD08
(1774515065.885406) can0 123#A40047435A72F0FF
(1774515065.885727) can0 124#A4075FCE7E0DF008
(1774515065.895303) can0 123#A500474359C687FF
(1774515065.895503) can0 124#A5075FF5630DE508
(1774515065.905463) can0 123#A6004743591A1FFF
(1774515065.905500) can0 124#A607601C350DDA08
(1774515065.915212) can0 123#A7004743584E5EFF
(1774515065.915418) can0 124#A70760431C0DCD08
(1774515065.925143) can0 123#A800474357A1F6FF
(1774515065.925340) can0 124#A8076069EE0DC208
(1774515065.934973) can0 123#A900474356E5E1FF
(1774515065.935243) can0 124#A9076090D30DB608
(1774515065.945082) can0 123#AA004743563978FF
(1774515065.945188) can0 124#AA0760B79D0DAB08
(1774515065.954801) can0 123#AB004743557D64FF
(1774515065.954977) can0 124#AB0760DE790D9F08
(1774515065.964622) can0 123#AC00474354C14EFF
(1774515065.964764) can0 124#AC076105440D9308
(1774515065.974448) can0 123#AD0046435414E5FF
(1774515065.974716) can0 124#AD07612C240D8808
(1774515065.984374) can0 123#AE0046435358D1FF
(1774515065.984548) can0 124#AE076152F40D7C08
(1774515065.994400) can0 123#AF00464352AC68FF
(1774515065.994621) can0 124#AF076179DD0D7108
(1774515066.004275) can0 123#B000464351F054FF
(1774515066.004482) can0 124#B00761A0A80D6508
(1774515066.014414) can0 123#B100464351343FFF
(1774515066.014450) can0 124#B10761C78F0D5908
(1774515066.024015) can0 123#B20046435087D6FF
(1774515066.024147) can0 124#B20761EE610D4E08
(1774515066.034078) can0 123#B30046434FCBC2FF
(1774515066.034108) can0 124#B3076215440D4208
(1774515066.043877) can0 123#B40046434F1F59FF
(1774515066.044114) can0 124#B407623C0D0D3708
(1774515066.053719) can0 123#B50046434E6345FF
(1774515066.053912) can0 124#B5076262F70D2B08
(1774515066.063636) can0 123#B60046434DA72FFF
(1774515066.063648) can0 124#B6076289C80D1F08
(1774515066.074239) can0 123#B70046434CFAC6FF
(1774515066.074269) can0 124#B70762B0B30D1408
(1774515066.083416) can0 123#B80046434C3EB1FF
(1774515066.083664) can0 124#B80762D7810D0808
(1774515066.093327) can0 123#B90046434B9249FF
(1774515066.093582) can0 124#B90762FE630CFD08
(1774515066.103218) can0 123#BA0046434AD634FF
(1774515066.103457) can0 124#BA0763252B0CF108
(1774515066.113086) can0 123#BB0046434A1A20FF
(1774515066.113411) can0 124#BB07634C0E0CE508
(1774515066.122968) can0 123#BC004643496DB7FF
(1774515066.123218) can0 124#BC076372D80CDA08
(1774515066.132856) can0 123#BD00464348C14FFF
(1774515066.133031) can0 124#BD076399C10CCF08
(1774515066.142775) can0 123#BE00464348053AFF
(1774515066.142964) can0 124#BE0763C0920CC308
(1774515066.152660) can0 123#BF004643474924FF
(1774515066.152817) can0 124#BF0763E77A0CB708
(1774515066.162797) can0 123#C0004643469CBBFF
(1774515066.162815) can0 124#C007640E460CAC08
(1774515066.172464) can0 123#C100464345E0A7FF
(1774515066.172686) can0 124#C10764352B0CA008
(1774515066.182287) can0 123#C2004643452492FF
(1774515066.182505) can0 124#C207645BF50C9408
(1774515066.192253) can0 123#C30046434487D6FF
(1774515066.192409) can0 124#C3076482DB0C8A08
(1774515066.202265) can0 123#C400464343BC15FF
(1774515066.202736) can0 124#C40764A9A30C7D08
(1774515066.212030) can0 123#C5004643430000FF
(1774515066.212480) can0 124#C50764D08A0C7108
(1774515066.221963) can0 123#C6004643425398FF
(1774515066.222063) can0 124#C60764F75B0C6608
(1774515066.231833) can0 123#C7004643419783FF
(1774515066.232031) can0 124#C707651E3E0C5A08
(1774515066.241725) can0 123#C800464340EB1BFF
(1774515066.241864) can0 124#C80765450C0C4F08
(1774515066.251724) can0 123#C9004643403EB2FF
(1774515066.251874) can0 124#C907656BF30C4408
(1774515066.261598) can0 123#CA0046433F72F0FF
(1774515066.261765) can0 124#CA076592BD0C3708
(1774515066.271458) can0 123#CB0046433EC688FF
(1774515066.271768) can0 124#CB0765B99D0C2C08
(1774515066.281318) can0 123#CC0046433E1A1FFF
(1774515066.281472) can0 124#CC0765E0680C2108
(1774515066.291406) can0 123#CD0046433D5E0AFF
(1774515066.291443) can0 124#CD076607480C1508
(1774515066.301093) can0 123#CE0046433CA1F6FF
(1774515066.301366) can0 124#CE07662E0F0C0908
(1774515066.311079) can0 123#CF0046433BE5E1FF
(1774515066.311297) can0 124#CF076654EE0BFD08
(1774515066.321018) can0 123#D00046433B3979FF
(1774515066.321067) can0 124#D007667BB40BF208
(1774515066.331020) can0 123#D10046433A7D63FF
(1774515066.331185) can0 124#D10766A2950BE608
(1774515066.340818) can0 123#D200464339E0A8FF
(1774515066.341065) can0 124#D20766C9620BDC08
(1774515066.350851) can0 123#D30046433914E6FF
(1774515066.350899) can0 124#D30766F0470BCF08
(1774515066.360585) can0 123#D40046433858D1FF
(1774515066.360794) can0 124#D4076717190BC308
(1774515066.370633) can0 123#D500464337AC68FF
(1774515066.370680) can0 124#D507673E060BB808
(1774515066.380296) can0 123#D600464336F054FF
(1774515066.380394) can0 124#D6076764D40BAC08
(1774515066.390246) can0 123#D70046433643EBFF
(1774515066.390402) can0 124#D707678BBC0BA108
(1774515066.400138) can0 123#D80046433587D7FF
(1774515066.400358) can0 124#D80767B28C0B9508
(1774515066.409994) can0 123#D900464334CBC1FF
(1774515066.410200) can0 124#D90767D9770B8908
(1774515066.419939) can0 123#DA004643341F59FF
(1774515066.420036) can0 124#DA076800400B7E08
(1774515066.429929) can0 123#DB004643336344FF
(1774515066.429964) can0 124#DB076827280B7208
(1774515066.439634) can0 123#DC00464332B6DCFF
(1774515066.439865) can0 124#DC07684DED0B6708
(1774515066.449720) can0 123#DD00464331FAC6FF
(1774515066.449744) can0 124#DD076874D40B5B08
(1774515066.459432) can0 123#DE004643314E5EFF
(1774515066.459585) can0 124#DE07689B9D0B5008
(1774515066.469593) can0 123#DF004643309249FF
(1774515066.469617) can0 124#DF0768C2830B4408
(1774515066.479265) can0 123#E00046432FD635FF
(1774515066.479465) can0 124#E00768E9530B3808
(1774515066.489257) can0 123#E10046432F29CCFF
(1774515066.489468) can0 124#E1076910390B2D08
(1774515066.499209) can0 123#E20047432E6DB7FF
(1774515066.499407) can0 124#E20769370C0B2108
(1774515066.509174) can0 123#E30047432DB1A2FF
(1774515066.509217) can0 124#E307695DF30B1508
(1774515066.519039) can0 123#E40047432D053AFF
(1774515066.519079) can0 124#E4076984C10B0A08
(1774515066.528805) can0 123#E50047432C4924FF
(1774515066.528908) can0 124#E50769ABA40AFE08
(1774515066.538652) can0 123#E60047432BAC68FF
(1774515066.538954) can0 124#E60769D26C0AF408
(1774515066.548536) can0 123#E70047432AE0A7FF
(1774515066.548716) can0 124#E70769F9510AE708
(1774515066.558410) can0 123#E80046432A2492FF
(1774515066.558656) can0 124#E8076A201B0ADB08
(1774515066.568378) can0 123#E900474329782AFF
(1774515066.568547) can0 124#E9076A47090AD008
(1774515066.578283) can0 123#EA00464328BC15FF
(1774515066.578499) can0 124#EA076A6DCE0AC408
(1774515066.588139) can0 123#EB004643280FACFF
(1774515066.588257) can0 124#EB076A94B60AB908
(1774515066.598358) can0 123#EC004643276344FF
(1774515066.598372) can0 124#EC076ABB840AAE08
(1774515066.607946) can0 123#ED004643269783FF
(1774515066.608233) can0 124#ED076AE26A0AA108
(1774515066.617876) can0 123#EE00464325EB1AFF
(1774515066.618012) can0 124#EE076B093C0A9608
(1774515066.627745) can0 123#EF004643252F05FF
(1774515066.627956) can0 124#EF076B30260A8A08
(1774515066.637820) can0 123#F00046432472F0FF
(1774515066.637841) can0 124#F0076B56F80A7E08
(1774515066.647541) can0 123#F100464323C688FF
(1774515066.647741) can0 124#F1076B7DDA0A7308
(1774515066.657417) can0 123#F2004643231A1FFF
(1774515066.657557) can0 124#F2076BA4AA0A6808
(1774515066.667605) can0 123#F3004643225E0BFF
(1774515066.667633) can0 124#F3076BCB8D0A5C08
(1774515066.677371) can0 123#F400464321A1F5FF
(1774515066.677516) can0 124#F4076BF25A0A5008
(1774515066.687138) can0 123#F500464320F58DFF
(1774515066.687337) can0 124#F5076C19410A4508
(1774515066.696952) can0 123#F6004643203978FF
(1774515066.697185) can0 124#F6076C40190A3908
(1774515066.706906) can0 123#F70046431F7D63FF
(1774515066.707114) can0 124#F7076C66FD0A2D08
(1774515066.717144) can0 123#F80046431ED0FBFF
(1774515066.717164) can0 124#F8076C8DD10A2208
(1774515066.726875) can0 123#F90046431E14E6FF
(1774515066.726896) can0 124#F9076CB4BB0A1608
(1774515066.736639) can0 123#FA0046431D58D1FF
(1774515066.736803) can0 124#FA076CDB860A0A08
(1774515066.746660) can0 123#FB0046431CBC15FF
(1774515066.746692) can0 124#FB076D026A0A0008
(1774515066.756348) can0 123#FC0046431BF053FF
(1774515066.756687) can0 124#FC076D293609F308
(1774515066.766319) can0 123#FD0046431B43EBFF
(1774515066.766451) can0 124#FD076D501409E808
(1774515066.776166) can0 123#FE0046431A87D6FF
(1774515066.776448) can0 124#FE076D76E209DC08
(1774515066.786069) can0 123#FF00464319CBC2FF
(1774515066.786297) can0 124#FF076D9DC409D008
(1774515066.795998) can0 123#00004643191F59FF
(1774515066.796260) can0 124#00076DC49009C508
(1774515066.805875) can0 123#010046431872F0FF
(1774515066.806093) can0 124#01076DEB7209BA08
(1774515066.815732) can0 123#0200464317A72FFF
(1774515066.815998) can0 124#02076E123F09AD08
(1774515066.825640) can0 123#0300464316FAC7FF
(1774515066.825967) can0 124#03076E392609A208
(1774515066.835704) can0 123#04004643163EB1FF
(1774515066.835905) can0 124#04076E5FF2099608
(1774515066.845484) can0 123#05004643159249FF
(1774515066.845616) can0 124#05076E86D3098B08
(1774515066.855421) can0 123#0600464314D634FF
(1774515066.855570) can0 124#06076EADA4097F08
(1774515066.865289) can0 123#07004643141A20FF
(1774515066.865473) can0 124#07076ED488097308
(1774515066.875111) can0 123#08004643136DB7FF
(1774515066.875381) can0 124#08076EFB50096808
(1774515066.885062) can0 123#0900464312B1A2FF
(1774515066.885251) can0 124#09076F222F095C08
(1774515066.894939) can0 123#0A004643120539FF
(1774515066.895099) can0 124#0A076F48F9095108
(1774515066.904881) can0 123#0B004643114925FF
(1774515066.905000) can0 124#0B076F6FD9094508
(1774515066.914727) can0 123#0C004643108D10FF
(1774515066.914874) can0 124#0C076F96A0093908
(1774515066.924688) can0 123#0D0046430FE0A7FF
(1774515066.924849) can0 124#0D076FBD88092E08
(1774515066.934567) can0 123#0E0046430F2492FF
(1774515066.934798) can0 124#0E076FE44F092208
(1774515066.944518) can0 123#0F0046430E782AFF
(1774515066.944709) can0 124#0F07700B34091708
(1774515066.954391) can0 123#100046430DBC15FF
(1774515066.954502) can0 124#1007703201090B08
(1774515066.964399) can0 123#110046430D0000FF
(1774515066.964440) can0 124#11077058E608FF08
(1774515066.974115) can0 123#120046430C5398FF
(1774515066.974643) can0 124#1207707FB308F408
(1774515066.984063) can0 123#130046430B9782FF
(1774515066.984201) can0 124#130770A69908E808
(1774515066.993916) can0 123#140046430AEB1AFF
(1774515066.994206) can0 124#140770CD6808DD08
(1774515067.003820) can0 123#150046430A2F05FF
(1774515067.003982) can0 124#150770F45008D108
(1774515067.013872) can0 123#160046430972F0FF
(1774515067.013914) can0 124#1607711B2108C508
(1774515067.023687) can0 123#1700464308C688FF
(1774515067.023825) can0 124#170771420B08BA08
(1774515067.033615) can0 123#18004643081A20FF
(1774515067.033832) can0 124#18077168DD08AF08
(1774515067.043466) can0 123#19004643075E0AFF
(1774515067.043621) can0 124#1907718FC308A308
(1774515067.053488) can0 123#1A00464306A1F6FF
(1774515067.053530) can0 124#1A0771B694089708
(1774515067.063181) can0 123#1B00464305E5E0FF
(1774515067.063480) can0 124#1B0771DD7B088B08
(1774515067.073097) can0 123#1C004643053978FF
(1774515067.073292) can0 124#1C07720445088008
(1774515067.082945) can0 123#1D004643047D63FF
(1774515067.083204) can0 124#1D07722B2D087408
(1774515067.092877) can0 123#1E00464303E0A7FF
(1774515067.093080) can0 124#1E077251F6086A08
(1774515067.102770) can0 123#1F0046430314E6FF
(1774515067.103045) can0 124#1F077278DA085D08
(1774515067.112639) can0 123#200046430258D1FF
(1774515067.112889) can0 124#2007729FA9085108
(1774515067.122559) can0 123#2100464301AC68FF
(1774515067.122743) can0 124#210772C692084608
(1774515067.132507) can0 123#2200464300F054FF
(1774515067.132628) can0 124#220772ED5F083A08
(1774515067.142394) can0 123#230046430043EBFF
(1774515067.142674) can0 124#2307731446082F08
(1774515067.152550) can0 123#24004642FF2F05FF
(1774515067.152595) can0 124#2407733B13082408
(1774515067.162335) can0 123#25004642FD9782FF
(1774515067.162513) can0 124#25077361F7081708
(1774515067.172149) can0 123#26004642FC3EB1FF
(1774515067.172532) can0 124#26077388C1080C08
(1774515067.181956) can0 123#27004642FAC688FF
(1774515067.182272) can0 124#270773AFAA080008
(1774515067.191903) can0 123#28004642F96DB7FF
(1774515067.192033) can0 124#280773D67B07F508
(1774515067.201855) can0 123#29004642F7F58EFF
(1774515067.202285) can0 124#290773FD6107E908
(1774515067.212099) can0 123#2A004742F67D63FF
(1774515067.212131) can0 124#2A0774244507DD08
(1774515067.221667) can0 123#2B004742F52492FF
(1774515067.221800) can0 124#2B07744B2107D208
(1774515067.231588) can0 123#2C004642F3CBC1FF
(1774515067.231911) can0 124#2C077471EF07C708
(1774515067.241422) can0 123#2D004642F25398FF
(1774515067.241632) can0 124#2D077498DA07BB08
(1774515067.251333) can0 123#2E004642F0DB6DFF
(1774515067.251532) can0 124#2E0774BFA707AF08
(1774515067.261383) can0 123#2F004642EF6344FF
(1774515067.261414) can0 124#2F0774E69007A308
(1774515067.271095) can0 123#30004642EE0A73FF
(1774515067.271329) can0 124#3007750D5B079808
(1774515067.281006) can0 123#31004642EC924AFF
(1774515067.281132) can0 124#3107753449078C08
(1774515067.290942) can0 123#32004642EB58D1FF
(1774515067.290978) can0 124#3207755B1F078208
(1774515067.300692) can0 123#33004642E9C14EFF
(1774515067.300970) can0 124#3307758209077508
(1774515067.310647) can0 123#34004642E84925FF
(1774515067.310763) can0 124#340775A8DF076908
(1774515067.320513) can0 123#35004642E6F054FF
(1774515067.320875) can0 124#350775CFC9075E08
(1774515067.330401) can0 123#36004642E5782AFF
(1774515067.330752) can0 124#360775F6A0075208
(1774515067.340361) can0 123#37004642E41F59FF
(1774515067.340558) can0 124#3707761D8C074708
(1774515067.350187) can0 123#38004642E2C688FF
(1774515067.350435) can0 124#380776445D073C08
(1774515067.360263) can0 123#39004642E12F06FF
(1774515067.360292) can0 124#3907766B47072F08
(1774515067.369995) can0 123#3A004642DFD634FF
(1774515067.370139) can0 124#3A07769216072408
(1774515067.379826) can0 123#3B004642DE5E0AFF
(1774515067.380105) can0 124#3B0776B8F7071808
(1774515067.389951) can0 123#3C004642DD053AFF
(1774515067.389980) can0 124#3C0776DFC1070D08
(1774515067.399799) can0 123#3D004642DB8D0FFF
(1774515067.399946) can0 124#3D077706A6070108
(1774515067.409605) can0 123#3E004642DA343EFF
(1774515067.409833) can0 124#3E07772D7106F608
(1774515067.419539) can0 123#3F004642D8BC15FF
(1774515067.419717) can0 124#3F0777545606EA08
(1774515067.429386) can0 123#40004642D743EBFF
(1774515067.429564) can0 124#4007777B2406DE08
(1774515067.439291) can0 123#41004642D60A73FF
(1774515067.439417) can0 124#410777A20F06D408
(1774515067.449176) can0 123#42004642D472F0FF
(1774515067.449319) can0 124#420777C8D406C708
(1774515067.459065) can0 123#43004642D2FAC7FF
(1774515067.459436) can0 124#430777EFB806BB08
(1774515067.468974) can0 123#44004642D1A1F6FF
(1774515067.469197) can0 124#440778168906B008
(1774515067.479041) can0 123#45004642D029CBFF
(1774515067.479058) can0 124#4507783D7006A408
(1774515067.488858) can0 123#46004642CED0FAFF
(1774515067.488970) can0 124#4607786438069908
(1774515067.498664) can0 123#47004642CD7829FF
(1774515067.498826) can0 124#4707788B23068E08
(1774515067.508629) can0 123#48004642CBE0A8FF
(1774515067.508838) can0 124#480778B1F5068108
(1774515067.518639) can0 123#49004642CA687DFF
(1774515067.518665) can0 124#490778D8DF067508
(1774515067.528376) can0 123#4A004642C90FACFF
(1774515067.528566) can0 124#4A0778FFB1066A08
(1774515067.538507) can0 123#4B004642C79783FF
(1774515067.538530) can0 124#4B077926A4065E08
(1774515067.548166) can0 123#4C004642C63EB2FF
(1774515067.548423) can0 124#4C07794D71065308
(1774515067.558037) can0 123#4D004642C4E5E1FF
(1774515067.558384) can0 124#4D07797455064808
(1774515067.567935) can0 123#4E004642C34E5EFF
(1774515067.568138) can0 124#4E07799B26063B08
(1774515067.578092) can0 123#4F004642C1F58DFF
(1774515067.578107) can0 124#4F0779C209063008
(1774515067.587778) can0 123#50004642C07D64FF
(1774515067.588061) can0 124#500779E8DA062408
(1774515067.597688) can0 123#51004642BF2493FF
(1774515067.597856) can0 124#51077A0FC1061908
(1774515067.607524) can0 123#52004642BDAC68FF
(1774515067.607733) can0 124#52077A368F060D08
(1774515067.617540) can0 123#53004642BC5397FF
(1774515067.617567) can0 124#53077A5D75060208
(1774515067.627411) can0 123#54004642BADB6EFF
(1774515067.627431) can0 124#54077A843F05F608
(1774515067.637240) can0 123#55004642B96344FF
(1774515067.637526) can0 124#55077AAB2305EA08
(1774515067.647305) can0 123#56004642B829CBFF
(1774515067.647322) can0 124#56077AD1EA05E008
(1774515067.657073) can0 123#57004642B69249FF
(1774515067.657273) can0 124#57077AF8CD05D308
(1774515067.666981) can0 123#58004642B51A20FF
(1774515067.667270) can0 124#58077B1F9A05C708
(1774515067.676906) can0 123#59004642B3C14EFF
(1774515067.677098) can0 124#59077B467905BC08
(1774515067.686792) can0 123#5A004642B24925FF
(1774515067.687111) can0 124#5A077B6D4205B008
(1774515067.696619) can0 123#5B004642B0F053FF
(1774515067.697027) can0 124#5B077B942405A508
(1774515067.706536) can0 123#5C004642AF9782FF
(1774515067.706706) can0 124#5C077BBAEB059A08
(1774515067.716450) can0 123#5D004642AE0000FF
(1774515067.716617) can0 124#5D077BE1D3058D08
(1774515067.726475) can0 123#5E004642ACA72FFF
(1774515067.726512) can0 124#5E077C08A0058208
(1774515067.736202) can0 123#5F004642AB2F05FF
(1774515067.736426) can0 124#5F077C2F85057608
(1774515067.746223) can0 123#60004642A9D634FF
(1774515067.746621) can0 124#60077C564C056B08
(1774515067.755993) can0 123#61004642A85E0AFF
(1774515067.756232) can0 124#61077C7D2F055F08
(1774515067.766027) can0 123#62004642A6E5E0FF
(1774515067.766167) can0 124#62077CA3F8055308
(1774515067.775892) can0 123#63004642A58D0FFF
(1774515067.776069) can0 124#63077CCADE054808
(1774515067.785643) can0 123#64004642A414E6FF
(1774515067.785937) can0 124#64077CF1A8053C08
(1774515067.795617) can0 123#65004642A2BC15FF
(1774515067.795766) can0 124#65077D188A053108
(1774515067.805518) can0 123#66004642A143EBFF
(1774515067.805634) can0 124#66077D3F51052508
(1774515067.815699) can0 123#670046429FCBC1FF
(1774515067.815725) can0 124#67077D6637051908
(1774515067.825379) can0 123#680046429E5397FF
(1774515067.825398) can0 124#68077D8D00050D08
(1774515067.835156) can0 123#690046429CFAC6FF
(1774515067.835285) can0 124#69077DB3EC050208
(1774515067.844984) can0 123#6A0046429B829DFF
(1774515067.845236) can0 124#6A077DDAB504F608
(1774515067.854931) can0 123#6B0046429A29CCFF
(1774515067.855151) can0 124#6B077E019704EB08
(1774515067.864867) can0 123#6C00464298D0FBFF
(1774515067.865021) can0 124#6C077E286004E008
(1774515067.874861) can0 123#6D004642973978FF
(1774515067.875000) can0 124#6D077E4F3E04D308
(1774515067.884625) can0 123#6E00464295E0A7FF
(1774515067.884956) can0 124#6E077E760804C808
(1774515067.894689) can0 123#6F00464294687DFF
(1774515067.894707) can0 124#6F077E9CF004BC08
(1774515067.904450) can0 123#70004642930FADFF
(1774515067.904647) can0 124#70077EC3BD04B108
(1774515067.914555) can0 123#71004642919783FF
(1774515067.914570) can0 124#71077EEAA104A508
(1774515067.924247) can0 123#72004642903EB2FF
(1774515067.924471) can0 124#72077F1173049A08
(1774515067.934150) can0 123#730046428EC688FF
(1774515067.934343) can0 124#73077F385C048E08
(1774515067.944568) can0 123#740046428D6DB7FF
(1774515067.944612) can0 124#74077F5F2A048308
(1774515067.954005) can0 123#750046428BF58DFF
(1774515067.954447) can0 124#75077F8611047708
(1774515067.963814) can0 123#760046428A7D64FF
(1774515067.964040) can0 124#76077FACDF046B08
(1774515067.974000) can0 123#7700464289053AFF
(1774515067.974022) can0 124#77077FD3C5045F08
(1774515067.983779) can0 123#7800464287AC69FF
(1774515067.983819) can0 124#78077FFA8D045408
(1774515067.993466) can0 123#7900464286343FFF
(1774515067.993878) can0 124#7907802170044808
(1774515068.003417) can0 123#7A00464284FAC6FF
(1774515068.003549) can0 124#7A0780483B043E08
(1774515068.013313) can0 123#7B004642836344FF
(1774515068.013562) can0 124#7B07806F1E043108
(1774515068.023338) can0 123#7C00464281EB1AFF
(1774515068.023372) can0 124#7C078095E5042508
(1774515068.033109) can0 123#7D004642809249FF
(1774515068.033386) can0 124#7D0780BCCB041A08
(1774515068.043047) can0 123#7E0046427E343FFF
(1774515068.043166) can0 124#7E0780E399040E08
(1774515068.053013) can0 123#7F0046427B829DFF
(1774515068.053129) can0 124#7F07810A7D040308
(1774515068.062982) can0 123#8000474278D0FAFF
(1774515068.063000) can0 124#800781314F03F808
(1774515068.072953) can0 123#8100474275A1F5FF
(1774515068.072985) can0 124#810781583003EB08
(1774515068.082593) can0 123#8200474272F054FF
(1774515068.082755) can0 124#8207817EF903E008
(1774515068.092492) can0 123#83004742700000FF
(1774515068.092857) can0 124#830781A5DD03D408
(1774515068.102295) can0 123#840047426D4E5EFF
(1774515068.102548) can0 124#840781CCAD03C908
(1774515068.112219) can0 123#850047426A5E0AFF
(1774515068.112433) can0 124#850781F39103BD08
(1774515068.122117) can0 123#86004742676DB7FF
(1774515068.122333) can0 124#8607821A6003B108
(1774515068.132074) can0 123#87004742647D63FF
(1774515068.132277) can0 124#870782414603A508
(1774515068.141846) can0 123#8800474261CBC1FF
(1774515068.142079) can0 124#880782680F039A08
(1774515068.151813) can0 123#890047425F1A20FF
(1774515068.152013) can0 124#8907828EF6038F08
(1774515068.161634) can0 123#8A0047425C29CCFF
(1774515068.161912) can0 124#8A0782B5C2038308
(1774515068.171556) can0 123#8B004742593978FF
(1774515068.171922) can0 124#8B0782DCA7037708
(1774515068.181434) can0 123#8C004742564924FF
(1774515068.181729) can0 124#8C07830376036B08
(1774515068.191403) can0 123#8D004742539782FF
(1774515068.191587) can0 124#8D07832A58036008
(1774515068.201253) can0 123#8E00474250A72EFF
(1774515068.201470) can0 124#8E07835123035408
(1774515068.211155) can0 123#8F0047424DF58EFF
(1774515068.211375) can0 124#8F07837808034908
(1774515068.221017) can0 123#900047424B43EBFF
(1774515068.221269) can0 124#9007839ED1033E08
(1774515068.231008) can0 123#910047424814E6FF
(1774515068.231149) can0 124#910783C5BC033108
(1774515068.240891) can0 123#92004742456344FF
(1774515068.241092) can0 124#920783EC8A032608
(1774515068.250757) can0 123#930047424272F0FF
(1774515068.250982) can0 124#930784136E031A08
(1774515068.260703) can0 123#940046423FC14EFF
(1774515068.260886) can0 124#9407843A34030F08
(1774515068.270592) can0 123#950046423D0FADFF
(1774515068.270863) can0 124#9507846125030408
(1774515068.280433) can0 123#960046423A1F59FF
(1774515068.280706) can0 124#96078487F202F808
(1774515068.290412) can0 123#97004742372F05FF
(1774515068.290636) can0 124#970784AEE202EC08
(1774515068.300288) can0 123#98004642347D63FF
(1774515068.300629) can0 124#980784D5B502E108
(1774515068.310256) can0 123#99004642318D10FF
(1774515068.310660) can0 124#990784FC9502D508
(1774515068.320027) can0 123#9A0046422E9CBCFF
(1774515068.320294) can0 124#9A0785236302C908
(1774515068.329920) can0 123#9B0046422BEB1AFF
(1774515068.330171) can0 124#9B07854A4E02BE08
(1774515068.339856) can0 123#9C00464228FAC7FF
(1774515068.340080) can0 124#9C0785711D02B208
(1774515068.349744) can0 123#9D004642260A73FF
(1774515068.349992) can0 124#9D0785980202A608
(1774515068.359665) can0 123#9E004642239782FF
(1774515068.359911) can0 124#9E0785BECF029C08
(1774515068.369530) can0 123#9F00474220687DFF
(1774515068.369911) can0 124#9F0785E5B9028F08
(1774515068.379402) can0 123#A00046421D782AFF
(1774515068.379665) can0 124#A007860C83028308
(1774515068.389346) can0 123#A10046421AC688FF
(1774515068.389584) can0 124#A10786336D027808
(1774515068.399300) can0 123#A200464217D634FF
(1774515068.399405) can0 124#A207865A3B026C08
(1774515068.409137) can0 123#A3004642152492FF
(1774515068.409347) can0 124#A30786811F026108
(1774515068.419046) can0 123#A40046421272F0FF
(1774515068.419213) can0 124#A40786A7F8025608
(1774515068.428920) can0 123#A50046420F43EBFF
(1774515068.429198) can0 124#A50786CEDF024908
(1774515068.438880) can0 123#A60046420C9249FF
(1774515068.439005) can0 124#A60786F5AD023E08
(1774515068.448723) can0 123#A700464209A1F6FF
(1774515068.448932) can0 124#A707871C92023208
(1774515068.458570) can0 123#A800464206F053FF
(1774515068.458843) can0 124#A807874359022708
(1774515068.468516) can0 123#A9004642040000FF
(1774515068.468721) can0 124#A907876A3F021B08
(1774515068.478388) can0 123#AA004642014E5EFF
(1774515068.478644) can0 124#AA0787910B021008
(1774515068.488485) can0 123#AB004641FCBC14FF
(1774515068.488578) can0 124#AB0787B7ED020408
(1774515068.498283) can0 123#AC004641F6DB6EFF
(1774515068.498447) can0 124#AC0787DEBE01F808
(1774515068.508098) can0 123#AD004641F1782AFF
(1774515068.508284) can0 124#AD078805A401ED08
(1774515068.518190) can0 123#AE004641EB9782FF
(1774515068.518214) can0 124#AE07882C7201E108
(1774515068.528150) can0 123#AF004641E5B6DCFF
(1774515068.528187) can0 124#AF0788535501D508
(1774515068.537852) can0 123#B0004641E05397FF
(1774515068.538121) can0 124#B007887A2101CA08
(1774515068.547906) can0 123#B1004641DA72F0FF
(1774515068.547924) can0 124#B10788A10F01BE08
(1774515068.557799) can0 123#B2004641D58D10FF
(1774515068.557833) can0 124#B20788C7DB01B408
(1774515068.567591) can0 123#B3004641CFAC68FF
(1774515068.567701) can0 124#B30788EEC001A808
(1774515068.577486) can0 123#B4004641C94E5EFF
(1774515068.577665) can0 124#B407891594019B08
(1774515068.587340) can0 123#B5004641C3EB1BFF
(1774515068.587558) can0 124#B507893C77019008
(1774515068.597431) can0 123#B6004641BE0A73FF
(1774515068.597596) can0 124#B607896346018408
(1774515068.607278) can0 123#B7004641B8A72EFF
(1774515068.607311) can0 124#B707898A2A017908
(1774515068.617014) can0 123#B8004641B2C688FF
(1774515068.617748) can0 124#B80789B101016D08
(1774515068.626874) can0 123#B9004641ACE5E1FF
(1774515068.627099) can0 124#B90789D7EE016108
(1774515068.636698) can0 123#BA004641A7829DFF
(1774515068.637019) can0 124#BA0789FEBB015608
(1774515068.646682) can0 123#BB004641A1A1F5FF
(1774515068.646933) can0 124#BB078A25A5014A08
(1774515068.656717) can0 123#BC0046419C3EB2FF
(1774515068.656731) can0 124#BC078A4C72013F08
(1774515068.666441) can0 123#BD004641965E0BFF
(1774515068.666683) can0 124#BD078A735E013308
(1774515068.676392) can0 123#BE004641907D63FF
(1774515068.676653) can0 124#BE078A9A2A012708
(1774515068.686278) can0 123#BF0046418B1A1FFF
(1774515068.686470) can0 124#BF078AC113011C08
(1774515068.696218) can0 123#C0004641853978FF
(1774515068.696429) can0 124#C0078AE7E1011008
(1774515068.706135) can0 123#C1004641805398FF
(1774515068.706388) can0 124#C1078B0EC5010608
(1774515068.716003) can0 123#C200464173EB1AFF
(1774515068.716346) can0 124#C2078B359000F908
(1774515068.725911) can0 123#C30046416829CBFF
(1774515068.726110) can0 124#C3078B5C7A00ED08
(1774515068.735814) can0 123#C40046415D6344FF
(1774515068.736938) can0 124#C4078B834500E208
(1774515068.745805) can0 123#C500474151A1F6FF
(1774515068.745829) can0 124#C5078BAA3600D608
(1774515068.755598) can0 123#C600474145E0A7FF
(1774515068.755761) can0 124#C6078BD10400CA08
(1774515068.765669) can0 123#C70047413C14E5FF
(1774515068.765714) can0 124#C7078BF7ED00C008
(1774515068.775567) can0 123#C80047412F58D1FF
(1774515068.775607) can0 124#C8078C1EB800B308
(1774515068.785273) can0 123#C9004741249249FF
(1774515068.785562) can0 124#C9078C459E00A808
(1774515068.795113) can0 123#CA00474118D0FBFF
(1774515068.795491) can0 124#CA078C6C67009C08
(1774515068.805098) can0 123#CB0047410D0FACFF
(1774515068.805292) can0 124#CB078C9350009008
(1774515068.815021) can0 123#CC004741024925FF
(1774515068.815381) can0 124#CC078CBA20008508
(1774515068.824878) can0 123#CD004740EF0539FF
(1774515068.825029) can0 124#CD078CE108007A08
(1774515068.834809) can0 123#CE004740D7829CFF
(1774515068.834929) can0 124#CE078D07D1006E08
(1774515068.844691) can0 123#CF004740C00001FF
(1774515068.845079) can0 124#CF078D2EB3006208
(1774515068.854611) can0 123#D0004740AA72F0FF
(1774515068.854932) can0 124#D0078D5583005708
(1774515068.864563) can0 123#D100474092F054FF
(1774515068.864795) can0 124#D1078D7C69004B08
(1774515068.874435) can0 123#D200474076DB6EFF
(1774515068.874600) can0 124#D2078DA338003F08
(1774515068.884441) can0 123#D30047404BC14EFF
(1774515068.884477) can0 124#D3078DCA1A003408
(1774515068.894340) can0 123#D40047401CBC15FF
(1774515068.894360) can0 124#D4078DF0E5002808
(1774515068.904093) can0 123#D500473FDB6DB7FF
(1774515068.904219) can0 124#D5078E17D0001C08
(1774515068.914156) can0 123#D600473F8D0FACFF
(1774515068.914171) can0 124#D6078E3E9B001208
(1774515068.923983) can0 123#D700473E9CBC15FF
(1774515068.924305) can0 124#D7078E657F000508
(1774515068.933722) can0 123#D8004743B3D0FAFF
(1774515068.933914) can0 124#D8078E8C4916F208
(1774515068.943727) can0 123#D9004743B372F0FF
(1774515068.943843) can0 124#D9078EB32D16E608
(1774515068.953728) can0 123#DA004743B314E6FF
(1774515068.953762) can0 124#DA078ED9F616DA08
(1774515068.963444) can0 123#DB004743B2C688FF
(1774515068.963558) can0 124#DB078F00DA16D008
(1774515068.973544) can0 123#DC004743B2687DFF
(1774515068.973567) can0 124#DC078F27A916C408
(1774515068.983169) can0 123#DD004743B2029DFF
(1774515068.983546) can0 124#DD078F4E8B16B708
(1774515068.993055) can0 123#DE004743B1AC69FF
(1774515068.993251) can0 124#DE078F755616AC08
(1774515069.002890) can0 123#DF004743B14E5EFF
(1774515069.003131) can0 124#DF078F9C3916A008
(1774515069.012920) can0 123#E0004743B0F829FF
(1774515069.013008) can0 124#E0078FC304169508
(1774515069.022718) can0 123#E1004743B09A1FFF
(1774515069.022940) can0 124#E1078FE9EB168908
(1774515069.032660) can0 123#E2004643B03C15FF
(1774515069.032961) can0 124#E2079010B5167D08
(1774515069.042556) can0 123#E3004643AFE5E1FF
(1774515069.042750) can0 124#E307903795167208
(1774515069.052485) can0 123#E4004643AF8FACFF
(1774515069.052593) can0 124#E407905E5F166708
(1774515069.062499) can0 123#E5004643AF31A2FF
(1774515069.062528) can0 124#E50790854E165B08
(1774515069.072273) can0 123#E6004643AED398FF
(1774515069.072451) can0 124#E60790AC18164F08
(1774515069.082265) can0 123#E7004643AE758DFF
(1774515069.082682) can0 124#E70790D2FF164308
(1774515069.092074) can0 123#E8004643AE1F59FF
(1774515069.092467) can0 124#E80790F9CA163808
(1774515069.101899) can0 123#E9004643ADC14EFF
(1774515069.102151) can0 124#E9079120AE162C08
(1774515069.111908) can0 123#EA004643AD72F1FF
(1774515069.112025) can0 124#EA07914779162208
(1774515069.121696) can0 123#EB004643AD0D10FF
(1774515069.122135) can0 124#EB07916E5F161508
(1774515069.131638) can0 123#EC004643ACAF05FF
(1774515069.131834) can0 124#EC0791952D160908
(1774515069.141708) can0 123#ED004643AC58D1FF
(1774515069.141821) can0 124#ED0791BC1015FE08
(1774515069.151391) can0 123#EE004643ABFAC7FF
(1774515069.151591) can0 124#EE0791E2DD15F208
(1774515069.161366) can0 123#EF004643ABA492FF
(1774515069.161523) can0 124#EF079209C315E708
(1774515069.171494) can0 123#F0004643AB4E5EFF
(1774515069.171530) can0 124#F00792308B15DC08
(1774515069.181182) can0 123#F1004643AAE87DFF
(1774515069.181323) can0 124#F10792576A15CF08
(1774515069.191013) can0 123#F2004643AA9249FF
(1774515069.191290) can0 124#F207927E3215C408
(1774515069.200882) can0 123#F3004643AA343FFF
(1774515069.201156) can0 124#F30792A51815B808
(1774515069.210873) can0 123#F4004643A9DE0AFF
(1774515069.211181) can0 124#F40792CBDF15AD08
(1774515069.220750) can0 123#F5004643A98000FF
(1774515069.220911) can0 124#F50792F2BF15A108
(1774515069.230577) can0 123#F6004643A921F6FF
(1774515069.230827) can0 124#F607931988159508
(1774515069.240735) can0 123#F7004643A8CBC1FF
(1774515069.240763) can0 124#F70793406A158A08
(1774515069.250538) can0 123#F8004643A86DB7FF
(1774515069.250545) can0 124#F807936736157E08
(1774515069.260324) can0 123#F9004643A81F59FF
(1774515069.260536) can0 124#F907938E14157408
(1774515069.270258) can0 123#FA004643A7B978FF
(1774515069.270387) can0 124#FA0793B4DB156708
(1774515069.280334) can0 123#FB004643A75B6EFF
(1774515069.280354) can0 124#FB0793DBBC155B08
(1774515069.289985) can0 123#FC004643A70D10FF
(1774515069.290412) can0 124#FC07940286155108
(1774515069.300001) can0 123#FD004643A6A72FFF
(1774515069.300192) can0 124#FD07942969154408
(1774515069.309768) can0 123#FE004643A650FBFF
(1774515069.309985) can0 124#FE07945034153908
(1774515069.319951) can0 123#FF004643A5FAC6FF
(1774515069.319986) can0 124#FF07947713152E08
(1774515069.329596) can0 123#00004643A594E6FF
(1774515069.329916) can0 124#0007949DDD152108
(1774515069.339549) can0 123#01004643A53EB2FF
(1774515069.339741) can0 124#010794C4C1151608
(1774515069.349424) can0 123#02004643A4E0A7FF
(1774515069.349595) can0 124#020794EB88150A08
(1774515069.359569) can0 123#03004643A48A73FF
(1774515069.359603) can0 124#030795126314FF08
(1774515069.369421) can0 123#04004643A42C68FF
(1774515069.369495) can0 124#040795392514F308
(1774515069.379268) can0 123#05004643A3D634FF
(1774515069.379306) can0 124#050795600514E808
(1774515069.389040) can0 123#06004643A3782AFF
(1774515069.389551) can0 124#06079586CD14DC08
(1774515069.398898) can0 123#07004643A31A1FFF
(1774515069.399084) can0 124#070795ADAB14D008
(1774515069.408809) can0 123#08004743A2CBC1FF
(1774515069.409029) can0 124#080795D47614C608
(1774515069.418726) can0 123#09004743A265E1FF
(1774515069.418875) can0 124#090795FB5814B908
(1774515069.428632) can0 123#0A004743A207D6FF
(1774515069.428835) can0 124#0A0796221C14AD08
(1774515069.438503) can0 123#0B004743A1B1A2FF
(1774515069.438866) can0 124#0B079648FF14A208
(1774515069.448320) can0 123#0C004743A15398FF
(1774515069.448638) can0 124#0C07966FC7149608
(1774515069.458320) can0 123#0D004643A0F58DFF
(1774515069.458479) can0 124#0D079696A7148A08
(1774515069.468211) can0 123#0E004643A0A72FFF
(1774515069.468403) can0 124#0E0796BD6A148008
(1774515069.478197) can0 123#0F004643A0414EFF
(1774515069.478387) can0 124#0F0796E44D147308
(1774515069.488028) can0 123#100046439FE344FF
(1774515069.488310) can0 124#1007970B1B146708
(1774515069.497932) can0 123#110046439F8D10FF
(1774515069.498152) can0 124#1107973203145C08
(1774515069.507917) can0 123#120046439F2F05FF
(1774515069.507935) can0 124#12079758CA145008
(1774515069.517723) can0 123#130046439ED8D1FF
(1774515069.518022) can0 124#1307977FAD144508
(1774515069.527823) can0 123#140046439E7AC7FF
(1774515069.527878) can0 124#140797A676143908
(1774515069.537741) can0 123#150047439E2493FF
(1774515069.537793) can0 124#150797CD5B142E08
(1774515069.547365) can0 123#160047439DC688FF
(1774515069.547717) can0 124#160797F422142208
(1774515069.557340) can0 123#170047439D7053FF
(1774515069.557464) can0 124#1707981B02141708
(1774515069.567500) can0 123#180047439D1249FF
(1774515069.567524) can0 124#18079841D0140B08
(1774515069.577082) can0 123#190047439CB43FFF
(1774515069.577226) can0 124#19079868B413FF08
(1774515069.586910) can0 123#1A0047439C5634FF
(1774515069.587109) can0 124#1A07988F7E13F308
(1774515069.597180) can0 123#1B0047439C0000FF
(1774515069.597197) can0 124#1B0798B66113E808
(1774515069.606681) can0 123#1C0047439BA1F6FF
(1774515069.606956) can0 124#1C0798DD2B13DC08
(1774515069.616658) can0 123#1D0047439B4BC2FF
(1774515069.616784) can0 124#1D0799040D13D108
(1774515069.626589) can0 123#1E0047439AF58DFF
(1774515069.626725) can0 124#1E07992AD313C608
(1774515069.636592) can0 123#1F0047439A8FACFF
(1774515069.636648) can0 124#1F079951B513B908
(1774515069.646490) can0 123#200047439A3978FF
(1774515069.646530) can0 124#200799787D13AE08
(1774515069.656248) can0 123#2100474399DB6EFF
(1774515069.656382) can0 124#2107999F5E13A208
(1774515069.666105) can0 123#22004743997D63FF
(1774515069.666434) can0 124#220799C62B139608
(1774515069.676019) can0 123#2300474399272FFF
(1774515069.676308) can0 124#230799ED10138B08
(1774515069.685933) can0 123#2400474398D0FBFF
(1774515069.686185) can0 124#24079A13D9138008
(1774515069.695788) can0 123#250047439872F0FF
(1774515069.696072) can0 124#25079A3ABB137408
(1774515069.705680) can0 123#260047439814E6FF
(1774515069.705987) can0 124#26079A6186136808
(1774515069.715607) can0 123#2700474397BEB2FF
(1774515069.715797) can0 124#27079A886A135D08
(1774515069.725669) can0 123#280047439760A7FF
(1774515069.725690) can0 124#28079AAF36135108
(1774515069.735438) can0 123#2900474397029DFF
(1774515069.735553) can0 124#29079AD615134508
(1774515069.745303) can0 123#2A00474396A492FF
(1774515069.745443) can0 124#2A079AFCDB133908
(1774515069.755214) can0 123#2B004743964E5EFF
(1774515069.755352) can0 124#2B079B23B7132E08
(1774515069.765133) can0 123#2C00474395F054FF
(1774515069.765270) can0 124#2C079B4A7C132208
(1774515069.774976) can0 123#2D00474395A1F5FF
(1774515069.775315) can0 124#2D079B715D131808
(1774515069.784794) can0 123#2E004743953C15FF
(1774515069.785151) can0 124#2E079B982A130B08
(1774515069.795024) can0 123#2F00474394DE0AFF
(1774515069.795066) can0 124#2F079BBF0E12FF08
(1774515069.804740) can0 123#300047439487D6FF
(1774515069.804942) can0 124#30079BE5D412F408
(1774515069.814720) can0 123#310047439429CCFF
(1774515069.814904) can0 124#31079C0CB512E808
(1774515069.824494) can0 123#3200474393D397FF
(1774515069.824640) can0 124#32079C337E12DD08
(1774515069.834814) can0 123#33004743937D63FF
(1774515069.834831) can0 124#33079C5A5F12D208
(1774515069.844324) can0 123#34004743931783FF
(1774515069.844464) can0 124#34079C812C12C508
(1774515069.854411) can0 123#3500474392C14EFF
(1774515069.854435) can0 124#35079CA80F12BA08
(1774515069.864070) can0 123#36004743926344FF
(1774515069.864227) can0 124#36079CCEDE12AE08
(1774515069.874071) can0 123#37004743920D10FF
(1774515069.874247) can0 124#37079CF5C712A308
(1774515069.883812) can0 123#3800474391AF06FF
(1774515069.884103) can0 124#38079D1C96129708
(1774515069.893768) can0 123#390047439150FBFF
(1774515069.894006) can0 124#39079D4379128B08
(1774515069.903672) can0 123#3A00474390FAC6FF
(1774515069.903868) can0 124#3A079D6A4B128008
(1774515069.913540) can0 123#3B004743909CBCFF
(1774515069.913728) can0 124#3B079D9132127408
(1774515069.923613) can0 123#3C004743904E5EFF
(1774515069.923663) can0 124#3C079DB7FD126A08
(1774515069.933532) can0 123#3D0047438FE87DFF
(1774515069.933550) can0 124#3D079DDEE0125D08
(1774515069.943343) can0 123#3E0047438F8A73FF
(1774515069.943524) can0 124#3E079E05AD125108
(1774515069.953203) can0 123#3F0047438F343FFF
(1774515069.953348) can0 124#3F079E2C90124608
(1774515069.963168) can0 123#400047438ED635FF
(1774515069.963184) can0 124#40079E535E123A08
(1774515069.973326) can0 123#410047438E782AFF
(1774515069.973344) can0 124#41079E7A43122E08
(1774515069.982935) can0 123#420046438E29CCFF
(1774515069.983124) can0 124#42079EA10B122408
(1774515069.992962) can0 123#430046438DC3EBFF
(1774515069.992976) can0 124#43079EC7F7121708
(1774515070.002707) can0 123#440046438D6DB7FF
(1774515070.002880) can0 124#44079EEEB8120C08
(1774515070.012564) can0 123#450046438D0FACFF
(1774515070.012796) can0 124#45079F159C120008
(1774515070.022551) can0 123#460046438CB1A2FF
(1774515070.022684) can0 124#46079F3C7311F408
(1774515070.032402) can0 123#470046438C5B6EFF
(1774515070.032577) can0 124#47079F635611E908
(1774515070.042243) can0 123#480046438C053AFF
(1774515070.042440) can0 124#48079F8A2011DE08
(1774515070.052069) can0 123#490046438BA72FFF
(1774515070.052331) can0 124#49079FB0FF11D208
(1774515070.061929) can0 123#4A0046438B4925FF
(1774515070.062208) can0 124#4A079FD7CE11C608
(1774515070.071905) can0 123#4B0046438AF2F1FF
(1774515070.072052) can0 124#4B079FFEB611BB08
(1774515070.081721) can0 123#4C0046438A94E6FF
(1774515070.081960) can0 124#4C07A0257F11AF08
(1774515070.091564) can0 123#4D0046438A36DBFF
(1774515070.091780) can0 124#4D07A04C6211A308
(1774515070.101500) can0 123#4E00464389E0A7FF
(1774515070.101742) can0 124#4E07A0732A119808
(1774515070.111403) can0 123#4F00464389829DFF
(1774515070.111560) can0 124#4F07A09A0E118C08
(1774515070.121243) can0 123#50004643892492FF
(1774515070.121454) can0 124#5007A0C0E3118008
(1774515070.131209) can0 123#5100464388D634FF
(1774515070.131349) can0 124#5107A0E7C8117608
(1774515070.141030) can0 123#52004643887054FF
(1774515070.141259) can0 124#5207A10E8D116908
(1774515070.150941) can0 123#53004643881249FF
(1774515070.151182) can0 124#5307A1356E115D08
(1774515070.160818) can0 123#5400464387BC15FF
(1774515070.161060) can0 124#5407A15C3A115208
(1774515070.170738) can0 123#55004643875E0AFF
(1774515070.170956) can0 124#5507A18323114608
(1774515070.180643) can0 123#560046438707D6FF
(1774515070.180842) can0 124#5607A1A9EF113B08
(1774515070.190514) can0 123#5700464386B1A2FF
(1774515070.190720) can0 124#5707A1D0D5113008
(1774515070.200388) can0 123#58004643864BC1FF
(1774515070.200643) can0 124#5807A1F79A112308
(1774515070.210324) can0 123#5900464385F58DFF
(1774515070.210523) can0 124#5907A21E80111808
(1774515070.220215) can0 123#5A004643859783FF
(1774515070.220596) can0 124#5A07A24546110C08
(1774515070.230131) can0 123#5B00464385414FFF
(1774515070.230339) can0 124#5B07A26C31110108
(1774515070.240017) can0 123#5C00464384E344FF
(1774515070.240219) can0 124#5C07A292FD10F508
(1774515070.250005) can0 123#5D004643848D10FF
(1774515070.250174) can0 124#5D07A2B9E910EA08
(1774515070.259781) can0 123#5E004643842F05FF
(1774515070.259996) can0 124#5E07A2E0B510DE08
(1774515070.269774) can0 123#5F00464383D0FBFF
(1774515070.269968) can0 124#5F07A307A410D208
(1774515070.279692) can0 123#6000464383829CFF
(1774515070.279798) can0 124#6007A32E7010C808
(1774515070.289522) can0 123#61004643831CBCFF
(1774515070.289721) can0 124#6107A3555710BB08
(1774515070.299354) can0 123#6200464382BEB2FF
(1774515070.299612) can0 124#6207A37C2310AF08
(1774515070.309345) can0 123#6300464382687EFF
(1774515070.309556) can0 124#6307A3A30910A408
(1774515070.319181) can0 123#64004743820A73FF
(1774515070.319371) can0 124#6407A3C9E1109808
(1774515070.329109) can0 123#6500474381AC68FF
(1774515070.329318) can0 124#6507A3F0C9108C08
(1774515070.338974) can0 123#66004743815E0BFF
(1774515070.339215) can0 124#6607A41797108208
(1774515070.348974) can0 123#6700474380F82AFF
(1774515070.349111) can0 124#6707A43E7E107508
(1774515070.358854) can0 123#68004743809A1FFF
(1774515070.358996) can0 124#6807A4654C106908
(1774515070.368685) can0 123#690047438043EBFF
(1774515070.368880) can0 124#6907A48C2E105E08
(1774515070.378634) can0 123#6A0046437FCBC2FF
(1774515070.378796) can0 124#6A07A4B2F6105208
(1774515070.388520) can0 123#6B0047437F1F59FF
(1774515070.388712) can0 124#6B07A4D9DF104708
(1774515070.398359) can0 123#6C0047437E72F0FF
(1774515070.398563) can0 124#6C07A500A6103C08
(1774515070.408270) can0 123#6D0047437DA72EFF
(1774515070.408509) can0 124#6D07A5278C102F08
(1774515070.418237) can0 123#6E0047437CFAC6FF
(1774515070.418403) can0 124#6E07A54E55102408
(1774515070.428115) can0 123#6F0047437C4E5FFF
(1774515070.428306) can0 124#6F07A57538101908
(1774515070.437958) can0 123#700047437B9249FF
(1774515070.438180) can0 124#7007A59C02100D08
(1774515070.447897) can0 123#710047437AD634FF
(1774515070.448077) can0 124#7107A5C2E5100108
(1774515070.457744) can0 123#720047437A29CCFF
(1774515070.457992) can0 124#7207A5E9B00FF608
(1774515070.467710) can0 123#73004743796DB7FF
(1774515070.467884) can0 124#7307A610910FEA08
(1774515070.477584) can0 123#7400474378B1A2FF
(1774515070.477731) can0 124#7407A6375D0FDE08
(1774515070.487441) can0 123#750047437814E6FF
(1774515070.487637) can0 124#7507A65E3C0FD408
(1774515070.497369) can0 123#76004743774925FF
(1774515070.497595) can0 124#7607A685030FC708
(1774515070.507260) can0 123#77004743768D0FFF
(1774515070.507475) can0 124#7707A6ABE60FBB08
(1774515070.517213) can0 123#7800474375E0A7FF
(1774515070.517368) can0 124#7807A6D2AF0FB008
(1774515070.527057) can0 123#79004743752492FF
(1774515070.527271) can0 124#7907A6F9910FA408
(1774515070.536934) can0 123#7A004743747829FF
(1774515070.537137) can0 124#7A07A720580F9908
(1774515070.546945) can0 123#7B00474373BC15FF
(1774515070.547056) can0 124#7B07A747390F8D08
(1774515070.556723) can0 123#7C004743730000FF
(1774515070.556939) can0 124#7C07A76DFF0F8108
(1774515070.566661) can0 123#7D004743725398FF
(1774515070.566856) can0 124#7D07A794DB0F7608
(1774515070.576533) can0 123#7E004743719783FF
(1774515070.576717) can0 124#7E07A7BBA60F6A08
(1774515070.586454) can0 123#7F00474370EB1BFF
(1774515070.586677) can0 124#7F07A7E2860F5F08
(1774515070.596387) can0 123#80004743702F05FF
(1774515070.596571) can0 124#8007A8094F0F5308
(1774515070.606330) can0 123#810047436F72F0FF
(1774515070.606445) can0 124#8107A8302E0F4708
(1774515070.616127) can0 123#820047436EC687FF
(1774515070.616297) can0 124#8207A856F60F3C08
(1774515070.626054) can0 123#830047436E0A73FF
(1774515070.626239) can0 124#8307A87DDE0F3008
(1774515070.635903) can0 123#840047436D6DB6FF
(1774515070.636108) can0 124#8407A8A4AB0F2608
(1774515070.645793) can0 123#850047436CA1F6FF
(1774515070.646024) can0 124#8507A8CB950F1908
(1774515070.655709) can0 123#860047436BE5E1FF
(1774515070.655945) can0 124#8607A8F2610F0D08
(1774515070.665628) can0 123#870047436B3978FF
(1774515070.665875) can0 124#8707A919490F0208
(1774515070.675557) can0 123#880047436A7D64FF
(1774515070.675684) can0 124#8807A9400E0EF608
(1774515070.685387) can0 123#8900474369D0FBFF
(1774515070.685592) can0 124#8907A966F40EEB08
(1774515070.695513) can0 123#8A004743692493FF
(1774515070.695522) can0 124#8A07A98DC20EE008
(1774515070.705219) can0 123#8B0047436858D1FF
(1774515070.705425) can0 124#8B07A9B4A30ED308
(1774515070.715147) can0 123#8C00474367AC68FF
(1774515070.715327) can0 124#8C07A9DB6B0EC808
(1774515070.725019) can0 123#8D00474366F054FF
(1774515070.725276) can0 124#8D07AA024A0EBC08
(1774515070.734951) can0 123#8E0047436643EBFF
(1774515070.735227) can0 124#8E07AA29170EB108
(1774515070.744973) can0 123#8F0047436587D6FF
(1774515070.745147) can0 124#8F07AA4FF80EA508
(1774515070.754789) can0 123#9000464364DB6EFF
(1774515070.755153) can0 124#9007AA76BB0E9A08
(1774515070.764724) can0 123#91004643641F59FF
(1774515070.764867) can0 124#9107AA9DA00E8E08
(1774515070.774568) can0 123#92004643636343FF
(1774515070.774785) can0 124#9207AAC4680E8208
(1774515070.784503) can0 123#9300464362C688FF
(1774515070.784700) can0 124#9307AAEB4D0E7808
(1774515070.794379) can0 123#9400464361FAC6FF
(1774515070.794564) can0 124#9407AB12180E6B08
(1774515070.804462) can0 123#95004643613EB2FF
(1774515070.804499) can0 124#9507AB39040E5F08
(1774515070.814203) can0 123#96004643609249FF
(1774515070.814428) can0 124#9607AB5FCB0E5408
(1774515070.824195) can0 123#970046435FD634FF
(1774515070.824229) can0 124#9707AB86B00E4808
(1774515070.833953) can0 123#980046435F29CCFF
(1774515070.834185) can0 124#9807ABAD7A0E3D08
(1774515070.844105) can0 123#990046435E7D63FF
(1774515070.844126) can0 124#9907ABD46B0E3208
(1774515070.853782) can0 123#9A0046435DB1A3FF
(1774515070.853940) can0 124#9A07ABFB340E2508
(1774515070.863973) can0 123#9B0046435D053AFF
(1774515070.863989) can0 124#9B07AC221B0E1A08
(1774515070.873503) can0 123#9C0046435C4924FF
(1774515070.873773) can0 124#9C07AC48E50E0E08
(1774515070.883413) can0 123#9D0046435B8D0FFF
(1774515070.883686) can0 124#9D07AC6FCD0E0208
(1774515070.893381) can0 123#9E0047435AE0A7FF
(1774515070.893517) can0 124#9E07AC96A50DF708
(1774515070.903214) can0 123#9F0047435A343EFF
(1774515070.903476) can0 124#9F07ACBD8B0DEC08
(1774515070.913161) can0 123#A000474359782AFF
(1774515070.913380) can0 124#A007ACE4590DE008
(1774515070.923062) can0 123#A100474358BC15FF
(1774515070.923419) can0 124#A107AD0B420DD408
(1774515070.933097) can0 123#A2004643580001FF
(1774515070.933117) can0 124#A207AD320A0DC808
(1774515070.942855) can0 123#A3004643575398FF
(1774515070.943068) can0 124#A307AD58EB0DBD08
(1774515070.952819) can0 123#A4004643569782FF
(1774515070.953040) can0 124#A407AD7FB90DB108
(1774515070.962819) can0 123#A500464355EB19FF
(1774515070.962839) can0 124#A507ADA6A40DA608
(1774515070.972501) can0 123#A6004643552F05FF
(1774515070.972694) can0 124#A607ADCD720D9A08
(1774515070.982414) can0 123#A700464354829CFF
(1774515070.982695) can0 124#A707ADF45C0D8F08
(1774515070.992295) can0 123#A800464353C688FF
(1774515070.992492) can0 124#A807AE1B290D8308
(1774515071.002486) can0 123#A9004643530A73FF
(1774515071.002520) can0 124#A907AE42130D7708
(1774515071.012060) can0 123#AA004643526DB7FF
(1774515071.012292) can0 124#AA07AE68E50D6D08
(1774515071.021932) can0 123#AB00464351A1F6FF
(1774515071.022202) can0 124#AB07AE8FCD0D6008
(1774515071.031859) can0 123#AC00464350E5E1FF
(1774515071.032017) can0 124#AC07AEB69E0D5408
(1774515071.041740) can0 123#AD004643504925FF
(1774515071.041965) can0 124#AD07AEDD850D4A08
(1774515071.051618) can0 123#AE0046434F7D63FF
(1774515071.051823) can0 124#AE07AF04560D3D08
(1774515071.061596) can0 123#AF0046434ED0FAFF
(1774515071.061698) can0 124#AF07AF2B3D0D3208
(1774515071.071420) can0 123#B00046434E14E6FF
(1774515071.071568) can0 124#B007AF52040D2608
(1774515071.081296) can0 123#B10046434D58D1FF
(1774515071.081478) can0 124#B107AF78E60D1A08
(1774515071.091260) can0 123#B20046434CAC68FF
(1774515071.091356) can0 124#B207AF9FB10D0F08
(1774515071.101105) can0 123#B30046434C0000FF
(1774515071.101317) can0 124#B307AFC6900D0408
(1774515071.111098) can0 123#B40046434B343FFF
(1774515071.111137) can0 124#B407AFED5D0CF708
(1774515071.120859) can0 123#B50046434A87D7FF
(1774515071.121136) can0 124#B507B0143E0CEC08
(1774515071.130819) can0 123#B600474349DB6EFF
(1774515071.131011) can0 124#B607B03B150CE108
(1774515071.140722) can0 123#B7004743491F58FF
(1774515071.140926) can0 124#B707B061F90CD508
(1774515071.150560) can0 123#B8004743486344FF
(1774515071.150810) can0 124#B807B088C80CC908
(1774515071.160483) can0 123#B900474347A72FFF
(1774515071.160694) can0 124#B907B0AFAD0CBD08
(1774515071.170507) can0 123#BA00474346FAC6FF
(1774515071.170588) can0 124#BA07B0D6790CB208
(1774515071.180373) can0 123#BB004743463EB2FF
(1774515071.180494) can0 124#BB07B0FD5E0CA608
(1774515071.190204) can0 123#BC00474345A1F5FF
(1774515071.190381) can0 124#BC07B1242C0C9C08
(1774515071.200146) can0 123#BD00474344D635FF
(1774515071.200341) can0 124#BD07B14B130C8F08
(1774515071.210025) can0 123#BE004743441A1FFF
(1774515071.210162) can0 124#BE07B171E10C8308
(1774515071.219978) can0 123#BF004743436DB8FF
(1774515071.220084) can0 124#BF07B198CD0C7808
(1774515071.229772) can0 123#C000474342B1A2FF
(1774515071.229955) can0 124#C007B1BF9D0C6C08
(1774515071.239696) can0 123#C1004743420539FF
(1774515071.239882) can0 124#C107B1E6860C6108
(1774515071.249694) can0 123#C20047434158D0FF
(1774515071.249758) can0 124#C207B20D570C5608
(1774515071.259454) can0 123#C3004743408D10FF
(1774515071.259681) can0 124#C307B2343B0C4908
(1774515071.269422) can0 123#C40047433FE0A7FF
(1774515071.269671) can0 124#C407B25B0B0C3E08
(1774515071.279342) can0 123#C50047433F2493FF
(1774515071.279527) can0 124#C507B281F10C3208
(1774515071.289230) can0 123#C60047433E782AFF
(1774515071.289411) can0 124#C607B2A8BF0C2708
(1774515071.299185) can0 123#C70047433DBC15FF
(1774515071.299358) can0 124#C707B2CFA30C1B08
(1774515071.309119) can0 123#C80047433D0FADFF
(1774515071.309230) can0 124#C807B2F6710C1008
(1774515071.318900) can0 123#C90047433C5397FF
(1774515071.319225) can0 124#C907B31D5D0C0408
(1774515071.328850) can0 123#CA0047433BA730FF
(1774515071.329108) can0 124#CA07B344260BF908
(1774515071.338695) can0 123#CB0047433AEB1AFF
(1774515071.338884) can0 124#CB07B36B0E0BED08
(1774515071.348528) can0 123#CC0047433A2F05FF
(1774515071.348808) can0 124#CC07B391DF0BE108
(1774515071.358402) can0 123#CD0047433972F1FF
(1774515071.358601) can0 124#CD07B3B8C50BD508
(1774515071.368381) can0 123#CE00474338C688FF
(1774515071.368536) can0 124#CE07B3DF920BCA08
(1774515071.378212) can0 123#CF004743380A73FF
(1774515071.378421) can0 124#CF07B4067C0BBE08
(1774515071.388114) can0 123#D0004743376DB7FF
(1774515071.388339) can0 124#D007B42D4A0BB408
(1774515071.398010) can0 123#D100474336A1F6FF
(1774515071.398213) can0 124#D107B4542C0BA708
(1774515071.407864) can0 123#D200474335E5E0FF
(1774515071.408159) can0 124#D207B47AF80B9B08
(1774515071.418165) can0 123#D3004743353978FF
(1774515071.418185) can0 124#D307B4A1DD0B9008
(1774515071.427812) can0 123#D4004743347D63FF
(1774515071.427998) can0 124#D407B4C8A90B8408
(1774515071.437727) can0 123#D500474333D0FAFF
(1774515071.437866) can0 124#D507B4EF910B7908
(1774515071.447531) can0 123#D6004743332492FF
(1774515071.447718) can0 124#D607B5165E0B6E08
(1774515071.457494) can0 123#D70047433258D1FF
(1774515071.457615) can0 124#D707B53D440B6108
(1774515071.467377) can0 123#D800464331AC69FF
(1774515071.467524) can0 124#D807B564130B5608
(1774515071.477336) can0 123#D900474330F053FF
(1774515071.477494) can0 124#D907B58AFC0B4A08
(1774515071.487220) can0 123#DA0047433043EBFF
(1774515071.487380) can0 124#DA07B5B1C90B3F08
(1774515071.497081) can0 123#DB0047432F87D6FF
(1774515071.497265) can0 124#DB07B5D8B50B3308
(1774515071.507052) can0 123#DC0047432ECBC1FF
(1774515071.507293) can0 124#DC07B5FF8B0B2708
(1774515071.516995) can0 123#DD0047432E1F59FF
(1774515071.517207) can0 124#DD07B626770B1C08
(1774515071.526727) can0 123#DE0046432D6344FF
(1774515071.526966) can0 124#DE07B64D440B1008
(1774515071.536695) can0 123#DF0046432CC688FF
(1774515071.536904) can0 124#DF07B674390B0608
(1774515071.546614) can0 123#E00046432BFAC7FF
(1774515071.546710) can0 124#E007B69B0A0AF908
(1774515071.556455) can0 123#E10046432B3EB1FF
(1774515071.556891) can0 124#E107B6C1F10AED08
(1774515071.566373) can0 123#E20046432A9249FF
(1774515071.566509) can0 124#E207B6E8BF0AE208
(1774515071.577157) can0 123#E300464329D634FF
(1774515071.577166) can0 124#E307B70FAC0AD608
(1774515071.586068) can0 123#E40046432929CCFF
(1774515071.586255) can0 124#E407B7367B0ACB08
(1774515071.596066) can0 123#E5004643287D63FF
(1774515071.596189) can0 124#E507B75D650AC008
(1774515071.605879) can0 123#E600464327B1A2FF
(1774515071.606038) can0 124#E607B784370AB308
(1774515071.615876) can0 123#E7004643270539FF
(1774515071.616080) can0 124#E707B7AB230AA808
(1774515071.625714) can0 123#E8004643264925FF
(1774515071.625922) can0 124#E807B7D1F50A9C08
(1774515071.635651) can0 123#E9004643259CBCFF
(1774515071.635905) can0 124#E907B7F8DC0A9108
(1774515071.645518) can0 123#EA00464324E0A7FF
(1774515071.645639) can0 124#EA07B81FA30A8508
(1774515071.655393) can0 123#EB00464324343FFF
(1774515071.655569) can0 124#EB07B846870A7A08
(1774515071.665270) can0 123#EC00464323782AFF
(1774515071.665432) can0 124#EC07B86D520A6E08
(1774515071.675214) can0 123#ED00464322BC15FF
(1774515071.675352) can0 124#ED07B894410A6208
(1774515071.685059) can0 123#EE004643220FACFF
(1774515071.685257) can0 124#EE07B8BB0D0A5708
(1774515071.695009) can0 123#EF004643215398FF
(1774515071.695212) can0 124#EF07B8E1F10A4B08
(1774515071.704885) can0 123#F0004643209783FF
(1774515071.705173) can0 124#F007B908BC0A3F08
(1774515071.714795) can0 123#F10046431FEB1AFF
(1774515071.714941) can0 124#F107B92FA10A3408
(1774515071.724653) can0 123#F20046431F2F05FF
(1774515071.724852) can0 124#F207B9566E0A2808
(1774515071.734526) can0 123#F30046431E829DFF
(1774515071.734744) can0 124#F307B97D500A1D08
(1774515071.744521) can0 123#F40046431DC688FF
(1774515071.744641) can0 124#F407B9A41D0A1108
(1774515071.754355) can0 123#F50046431D0A73FF
(1774515071.754741) can0 124#F507B9CAF60A0508
(1774515071.764220) can0 123#F60046431C4E5EFF
(1774515071.764407) can0 124#F607B9F1CA09F908
(1774515071.774201) can0 123#F70046431BA1F6FF
(1774515071.774375) can0 124#F707BA18AE09EE08
(1774515071.784081) can0 123#F80046431AE5E0FF
(1774515071.784298) can0 124#F807BA3F7C09E208
(1774515071.794085) can0 123#F90046431A3978FF
(1774515071.794157) can0 124#F907BA666409D708
(1774515071.803936) can0 123#FA004643198D0FFF
(1774515071.804098) can0 124#FA07BA8D3309CC08
(1774515071.813727) can0 123#FB00474318C14EFF
(1774515071.814023) can0 124#FB07BAB41909BF08
(1774515071.823613) can0 123#FC0047431814E6FF
(1774515071.823909) can0 124#FC07BADAE909B408
(1774515071.833501) can0 123#FD0046431758D1FF
(1774515071.833699) can0 124#FD07BB01CB09A808
(1774515071.843461) can0 123#FE00464316AC68FF
(1774515071.843682) can0 124#FE07BB289B099D08
(1774515071.853383) can0 123#FF00464315F054FF
(1774515071.853626) can0 124#FF07BB4F81099108
(1774515071.863480) can0 123#000047431543EBFF
(1774515071.863509) can0 124#0007BB7650098608
(1774515071.873202) can0 123#010047431487D6FF
(1774515071.873418) can0 124#0107BB9D38097A08
(1774515071.883022) can0 123#0200474313DB6EFF
(1774515071.883243) can0 124#0207BBC402096F08
(1774515071.892971) can0 123#03004743131F59FF
(1774515071.893194) can0 124#0307BBEAE8096308
(1774515071.902750) can0 123#04004743126344FF
(1774515071.902951) can0 124#0407BC11B8095708
(1774515071.912749) can0 123#0500474311A72FFF
(1774515071.912882) can0 124#0507BC38A0094B08
(1774515071.922550) can0 123#0600474310FAC6FF
(1774515071.922771) can0 124#0607BC5F6F094008
(1774515071.932492) can0 123#07004743103EB2FF
(1774515071.932677) can0 124#0707BC8655093408
(1774515071.942325) can0 123#080047430FA1F6FF
(1774515071.942596) can0 124#0807BCAD26092A08
(1774515071.952265) can0 123#090047430ED635FF
(1774515071.952480) can0 124#0907BCD40C091D08
(1774515071.962187) can0 123#0A0047430E1A1FFF
(1774515071.962367) can0 124#0A07BCFAD9091108
(1774515071.972892) can0 123#0B0047430D6DB7FF
(1774515071.972906) can0 124#0B07BD21BC090608
(1774515071.981927) can0 123#0C0047430CB1A2FF
(1774515071.982223) can0 124#0C07BD489008FA08
(1774515071.991876) can0 123#0D0047430C053AFF
(1774515071.992089) can0 124#0D07BD6F7508EF08
(1774515072.001694) can0 123#0E0047430B58D1FF
(1774515072.001985) can0 124#0E07BD964308E408
(1774515072.011649) can0 123#0F0047430A8D10FF
(1774515072.011814) can0 124#0F07BDBD2808D708
(1774515072.021497) can0 123#1000474309E0A7FF
(1774515072.021729) can0 124#1007BDE3F608CC08
(1774515072.031426) can0 123#11004743092492FF
(1774515072.031750) can0 124#1107BE0AE008C008
(1774515072.041278) can0 123#1200474308782AFF
(1774515072.041494) can0 124#1207BE31AB08B508
(1774515072.051220) can0 123#1300474307BC15FF
(1774515072.051427) can0 124#1307BE589508A908
(1774515072.061198) can0 123#14004743070000FF
(1774515072.061346) can0 124#1407BE7F60089D08
(1774515072.071101) can0 123#15004743065397FF
(1774515072.071299) can0 124#1507BEA647089208
(1774515072.081020) can0 123#16004743059783FF
(1774515072.081290) can0 124#1607BECD15088608
(1774515072.090928) can0 123#1700474304FAC6FF
(1774515072.091049) can0 124#1707BEF3FC087C08
(1774515072.100704) can0 123#18004743042F05FF
(1774515072.100929) can0 124#1807BF1ACB086F08
(1774515072.110628) can0 123#190047430372F0FF
(1774515072.110818) can0 124#1907BF41B4086308
(1774515072.120466) can0 123#1A00474302C688FF
(1774515072.120700) can0 124#1A07BF6885085808
(1774515072.130461) can0 123#1B004743020A73FF
(1774515072.130679) can0 124#1B07BF8F69084C08
(1774515072.140370) can0 123#1C004743015E0BFF
(1774515072.140558) can0 124#1C07BFB638084108
(1774515072.150306) can0 123#1D00474300B1A2FF
(1774515072.150797) can0 124#1D07BFDD1E083608
(1774515072.160180) can0 123#1E004742FFCBC2FF
(1774515072.160356) can0 124#1E07C003F1082908
(1774515072.170052) can0 123#1F004742FE72F0FF
(1774515072.170306) can0 124#1F07C02AD9081E08
(1774515072.180039) can0 123#20004642FCFAC6FF
(1774515072.180159) can0 124#2007C051A1081208
(1774515072.190040) can0 123#21004742FBA1F6FF
(1774515072.190054) can0 124#2107C07893080708
(1774515072.199834) can0 123#22004742FA29CCFF
(1774515072.199932) can0 124#2207C09F6307FB08
(1774515072.209642) can0 123#23004742F8D0FAFF
(1774515072.209917) can0 124#2307C0C64A07F008
(1774515072.219708) can0 123#24004742F758D1FF
(1774515072.220011) can0 124#2407C0ED1707E408
(1774515072.229637) can0 123#25004742F5E0A7FF
(1774515072.229826) can0 124#2507C1140507D808
(1774515072.239367) can0 123#26004742F487D7FF
(1774515072.239508) can0 124#2607C13AD307CD08
(1774515072.249355) can0 123#27004742F30FACFF
(1774515072.249371) can0 124#2707C161BE07C108
(1774515072.259214) can0 123#28004742F19783FF
(1774515072.259393) can0 124#2807C1888B07B508
(1774515072.269115) can0 123#29004742F03EB2FF
(1774515072.269394) can0 124#2907C1AF7307AA08
(1774515072.278921) can0 123#2A004742EEC687FF
(1774515072.279089) can0 124#2A07C1D647079E08
(1774515072.288859) can0 123#2B004742ED6DB6FF
(1774515072.289120) can0 124#2B07C1FD37079308
(1774515072.298802) can0 123#2C004742EBF58DFF
(1774515072.298951) can0 124#2C07C22403078708
(1774515072.308803) can0 123#2D004742EA7D64FF
(1774515072.308830) can0 124#2D07C24AEB077B08
(1774515072.318465) can0 123#2E004742E943EBFF
(1774515072.318726) can0 124#2E07C271BD077108
(1774515072.328411) can0 123#2F004742E7AC68FF
(1774515072.328540) can0 124#2F07C2989D076408
(1774515072.338279) can0 123#30004742E65397FF
(1774515072.338467) can0 124#3007C2BF69075908
(1774515072.348154) can0 123#31004642E4FAC6FF
(1774515072.348415) can0 124#3107C2E647074E08
(1774515072.358043) can0 123#32004642E36343FF
(1774515072.358240) can0 124#3207C30D10074108
(1774515072.367918) can0 123#33004642E20A74FF
(1774515072.368265) can0 124#3307C333F4073608
(1774515072.377891) can0 123#34004642E09249FF
(1774515072.378149) can0 124#3407C35AC9072A08
(1774515072.387930) can0 123#35004642DF1A20FF
(1774515072.387944) can0 124#3507C381AB071E08
(1774515072.397662) can0 123#36004642DDC14FFF
(1774515072.397816) can0 124#3607C3A870071308
(1774515072.407565) can0 123#37004642DC687EFF
(1774515072.407773) can0 124#3707C3CF55070808
(1774515072.417374) can0 123#38004642DAF053FF
(1774515072.417628) can0 124#3807C3F62B06FC08
(1774515072.427338) can0 123#39004642D9782AFF
(1774515072.427539) can0 124#3907C41D1006F008
(1774515072.437216) can0 123#3A004642D81F59FF
(1774515072.437467) can0 124#3A07C443DE06E508
(1774515072.447148) can0 123#3B004642D6A72FFF
(1774515072.447341) can0 124#3B07C46AC006D908
(1774515072.456968) can0 123#3C004642D52F05FF
(1774515072.457223) can0 124#3C07C4918B06CD08
(1774515072.466875) can0 123#3D004642D3D634FF
(1774515072.467170) can0 124#3D07C4B86E06C208
(1774515072.476816) can0 123#3E004642D25E0BFF
(1774515072.476974) can0 124#3E07C4DF3706B608
(1774515072.486688) can0 123#3F004642D0E5E1FF
(1774515072.486930) can0 124#3F07C5061B06AA08
(1774515072.496623) can0 123#40004642CFAC68FF
(1774515072.496815) can0 124#4007C52CE406A008
(1774515072.506524) can0 123#41004642CE14E6FF
(1774515072.506705) can0 124#4107C553CC069308
(1774515072.516365) can0 123#42004642CC9CBCFF
(1774515072.516619) can0 124#4207C57A90068708
(1774515072.526278) can0 123#43004642CB43EBFF
(1774515072.526479) can0 124#4307C5A16D067C08
(1774515072.536239) can0 123#44004642C9CBC1FF
(1774515072.536373) can0 124#4407C5C838067008
(1774515072.546045) can0 123#45004642C872F1FF
(1774515072.546281) can0 124#4507C5EF19066508
(1774515072.556649) can0 123#46004642C71A20FF
(1774515072.556659) can0 124#4607C615E6065A08
(1774515072.565847) can0 123#47004642C5829DFF
(1774515072.566093) can0 124#4707C63CC3064D08
(1774515072.575725) can0 123#48004642C429CCFF
(1774515072.575956) can0 124#4807C6638C064208
(1774515072.585634) can0 123#49004642C2D0FBFF
(1774515072.585866) can0 124#4907C68A75063708
(1774515072.595506) can0 123#4A004642C158D0FF
(1774515072.595769) can0 124#4A07C6B13D062B08
(1774515072.605409) can0 123#4B004642BFE0A7FF
(1774515072.605658) can0 124#4B07C6D827061F08
(1774515072.615388) can0 123#4C004642BE687EFF
(1774515072.615603) can0 124#4C07C6FEF2061308
(1774515072.625312) can0 123#4D004642BD0FADFF
(1774515072.625511) can0 124#4D07C725DA060808
(1774515072.635273) can0 123#4E004642BB9782FF
(1774515072.635397) can0 124#4E07C74CAC05FC08
(1774515072.645178) can0 123#4F004642BA5E0BFF
(1774515072.645291) can0 124#4F07C7739305F208
(1774515072.655064) can0 123#50004742B8C688FF
(1774515072.655205) can0 124#5007C79A6705E508
(1774515072.664956) can0 123#51004742B74E5DFF
(1774515072.665197) can0 124#5107C7C15205D908
(1774515072.674846) can0 123#52004742B614E6FF
(1774515072.675051) can0 124#5207C7E81C05CF08
(1774515072.684744) can0 123#53004742B47D63FF
(1774515072.685053) can0 124#5307C80F0105C208
(1774515072.694622) can0 123#54004742B32492FF
(1774515072.694836) can0 124#5407C835CA05B708
(1774515072.704513) can0 123#55004742B1CBC2FF
(1774515072.704741) can0 124#5507C85CAD05AC08
(1774515072.714539) can0 123#56004742B0343FFF
(1774515072.714825) can0 124#5607C8837F059F08
(1774515072.724390) can0 123#57004742AEDB6EFF
(1774515072.724521) can0 124#5707C8AA64059408
(1774515072.734242) can0 123#58004742AD6344FF
(1774515072.734397) can0 124#5807C8D132058808
(1774515072.744136) can0 123#59004742AC0A73FF
(1774515072.744303) can0 124#5907C8F81E057D08
(1774515072.754208) can0 123#5A004742AA9249FF
(1774515072.754239) can0 124#5A07C91EEE057108
(1774515072.763953) can0 123#5B004742A93978FF
(1774515072.764120) can0 124#5B07C945D7056608
(1774515072.773805) can0 123#5C004742A7C14FFF
(1774515072.774173) can0 124#5C07C96CA7055A08
(1774515072.783733) can0 123#5D004742A64925FF
(1774515072.784180) can0 124#5D07C99392054E08
(1774515072.793613) can0 123#5E004742A4F054FF
(1774515072.794064) can0 124#5E07C9BA6D054308
(1774515072.803492) can0 123#5F004742A3782AFF
(1774515072.803726) can0 124#5F07C9E150053708
(1774515072.813272) can0 123#60004742A20000FF
(1774515072.813529) can0 124#6007CA081E052B08
(1774515072.823218) can0 123#61004742A0A72FFF
(1774515072.823429) can0 124#6107CA2F04052008
(1774515072.833090) can0 123#620047429F2F05FF
(1774515072.833311) can0 124#6207CA55D5051408
(1774515072.842965) can0 123#630047429DD634FF
(1774515072.843226) can0 124#6307CA7CBA050908
(1774515072.852917) can0 123#640047429C5E0AFF
(1774515072.853106) can0 124#6407CAA38804FD08
(1774515072.862796) can0 123#650047429AE5E0FF
(1774515072.863012) can0 124#6507CACA6A04F108
(1774515072.872713) can0 123#66004742998D0FFF
(1774515072.872874) can0 124#6607CAF13104E608
(1774515072.882576) can0 123#670047429814E6FF
(1774515072.882864) can0 124#6707CB181604DA08
(1774515072.892502) can0 123#68004742969CBCFF
(1774515072.892739) can0 124#6807CB3ED904CE08
(1774515072.902355) can0 123#69004742956344FF
(1774515072.902665) can0 124#6907CB65BB04C408
(1774515072.912250) can0 123#6A00474293CBC1FF
(1774515072.912503) can0 124#6A07CB8C8304B708
(1774515072.922237) can0 123#6B0047429272F0FF
(1774515072.922377) can0 124#6B07CBB36404AC08
(1774515072.932075) can0 123#6C00474290FAC6FF
(1774515072.932279) can0 124#6C07CBDA2B04A008
(1774515072.941964) can0 123#6D0047428FA1F6FF
(1774515072.942226) can0 124#6D07CC010F049508
(1774515072.951820) can0 123#6E0047428E29CCFF
(1774515072.952051) can0 124#6E07CC27D9048908
(1774515072.961735) can0 123#6F0046428CB1A2FF
(1774515072.961923) can0 124#6F07CC4EBB047D08
(1774515072.971771) can0 123#700046428B58D1FF
(1774515072.971892) can0 124#7007CC7583047208
(1774515072.981559) can0 123#7100464289E0A7FF
(1774515072.981834) can0 124#7107CC9C6A046608
(1774515072.991460) can0 123#7200464288A72FFF
(1774515072.991745) can0 124#7207CCC337045C08
(1774515073.001391) can0 123#73004642870FADFF
(1774515073.001572) can0 124#7307CCEA1C044F08
(1774515073.011284) can0 123#74004642859783FF
(1774515073.011500) can0 124#7407CD10E7044308
(1774515073.021226) can0 123#75004642843EB2FF
(1774515073.021424) can0 124#7507CD37C8043808
(1774515073.031097) can0 123#7600464282C688FF
(1774515073.031259) can0 124#7607CD5E99042C08
(1774515073.041354) can0 123#77004642816DB7FF
(1774515073.041389) can0 124#7707CD8586042108
(1774515073.050989) can0 123#780046428014E6FF
(1774515073.051122) can0 124#7807CDAC55041608
(1774515073.060833) can0 123#790046427CFAC6FF
(1774515073.061020) can0 124#7907CDD336040908
(1774515073.070650) can0 123#7A0046427A4925FF
(1774515073.070932) can0 124#7A07CDFA0203FE08
(1774515073.080661) can0 123#7B004642779783FF
(1774515073.080801) can0 124#7B07CE20E803F308
(1774515073.090547) can0 123#7C00464274A72FFF
(1774515073.090687) can0 124#7C07CE47B603E708
(1774515073.100492) can0 123#7D00464271B6DBFF
(1774515073.100634) can0 124#7D07CE6E9F03DB08
(1774515073.110497) can0 123#7E0046426F0539FF
(1774515073.110527) can0 124#7E07CE956F03D008
(1774515073.120215) can0 123#7F0046426C14E7FF
(1774515073.120398) can0 124#7F07CEBC5A03C408
(1774515073.130033) can0 123#80004642692493FF
(1774515073.130253) can0 124#8007CEE32203B808
(1774515073.139960) can0 123#810046426672F1FF
(1774515073.140135) can0 124#8107CF0A0903AD08
(1774515073.149901) can0 123#8200464263829DFF
(1774515073.150088) can0 124#8207CF30DD03A108
(1774515073.159963) can0 123#83004642609249FF
(1774515073.159976) can0 124#8307CF57BE039508
(1774515073.169614) can0 123#840046425DE0A7FF
(1774515073.169877) can0 124#8407CF7E8E038A08
(1774515073.179516) can0 123#850046425AF053FF
(1774515073.179734) can0 124#8507CFA572037E08
(1774515073.189444) can0 123#86004642583EB2FF
(1774515073.189619) can0 124#8607CFCC3B037308
(1774515073.199350) can0 123#87004642554E5EFF
(1774515073.199535) can0 124#8707CFF31F036708
(1774515073.209211) can0 123#88004642525E0BFF
(1774515073.209467) can0 124#8807D019EC035B08
(1774515073.219111) can0 123#890046424F6DB7FF
(1774515073.219387) can0 124#8907D040D0034F08
(1774515073.229020) can0 123#8A0046424CBC14FF
(1774515073.229233) can0 124#8A07D067A1034408
(1774515073.238832) can0 123#8B00464249CBC1FF
(1774515073.239084) can0 124#8B07D08E85033808
(1774515073.248888) can0 123#8C004642471A20FF
(1774515073.249090) can0 124#8C07D0B54F032D08
(1774515073.258759) can0 123#8D0046424429CCFF
(1774515073.258926) can0 124#8D07D0DC38032108
(1774515073.268917) can0 123#8E004642413978FF
(1774515073.268954) can0 124#8E07D1030B031508
(1774515073.278524) can0 123#8F0046423E87D6FF
(1774515073.278763) can0 124#8F07D129F0030A08
(1774515073.288692) can0 123#900046423B9782FF
(1774515073.288939) can0 124#9007D150B502FE08
(1774515073.298479) can0 123#9100474238E5E0FF
(1774515073.298499) can0 124#9107D177A502F308
(1774515073.308148) can0 123#9200464236343FFF
(1774515073.308387) can0 124#9207D19E7002E808
(1774515073.318231) can0 123#93004642330539FF
(1774515073.318739) can0 124#9307D1C55102DB08
(1774515073.328045) can0 123#94004742305398FF
(1774515073.328251) can0 124#9407D1EC2302D008
(1774515073.337931) can0 123#950046422DA1F5FF
(1774515073.338195) can0 124#9507D2130502C508
(1774515073.347860) can0 123#960046422AB1A2FF
(1774515073.348115) can0 124#9607D239D002B908
(1774515073.357679) can0 123#9700464227C14FFF
(1774515073.357882) can0 124#9707D260B502AD08
(1774515073.367605) can0 123#98004742250FACFF
(1774515073.367817) can0 124#9807D2878002A208
(1774515073.377457) can0 123#99004742221F58FF
(1774515073.377894) can0 124#9907D2AE5F029608
(1774515073.387403) can0 123#9A0047421F2F05FF
(1774515073.387608) can0 124#9A07D2D52B028A08
(1774515073.397276) can0 123#9B0047421CBC15FF
(1774515073.397473) can0 124#9B07D2FC0F028008
(1774515073.407156) can0 123#9C004742198D0FFF
(1774515073.407355) can0 124#9C07D322D9027308
(1774515073.417097) can0 123#9D004742169CBCFF
(1774515073.417307) can0 124#9D07D349C2026708
(1774515073.426926) can0 123#9E00474213EB1AFF
(1774515073.427239) can0 124#9E07D3708F025C08
(1774515073.436895) can0 123#9F00474210FAC6FF
(1774515073.437055) can0 124#9F07D39777025008
(1774515073.446826) can0 123#A00047420E4925FF
(1774515073.446968) can0 124#A007D3BE44024508
(1774515073.456953) can0 123#A10047420B9782FF
(1774515073.456963) can0 124#A107D3E52D023A08
(1774515073.466537) can0 123#A200474208687DFF
(1774515073.466734) can0 124#A207D40BFA022D08
(1774515073.476494) can0 123#A300474205B6DCFF
(1774515073.476649) can0 124#A307D432DE022208
(1774515073.486386) can0 123#A4004742030539FF
(1774515073.486658) can0 124#A407D459A5021708
(1774515073.496344) can0 123#A50047420014E6FF
(1774515073.496434) can0 124#A507D48087020B08
(1774515073.506147) can0 123#A6004741FA4925FF
(1774515073.506386) can0 124#A607D4A75901FF08
(1774515073.516053) can0 123#A7004741F4687DFF
(1774515073.516283) can0 124#A707D4CE4101F308
(1774515073.526017) can0 123#A8004741EF0539FF
(1774515073.526166) can0 124#A807D4F51301E808
(1774515073.535841) can0 123#A9004741E92493FF
(1774515073.536106) can0 124#A907D51BFF01DC08
(1774515073.545704) can0 123#AA004741E3C14EFF
(1774515073.545921) can0 124#AA07D542D201D108
(1774515073.555636) can0 123#AB004741DDE0A7FF
(1774515073.555816) can0 124#AB07D569BE01C508
(1774515073.565450) can0 123#AC004741D80001FF
(1774515073.565748) can0 124#AC07D5908C01B908
(1774515073.575401) can0 123#AD004741D29CBCFF
(1774515073.575612) can0 124#AD07D5B77701AE08
(1774515073.585352) can0 123#AE004741CCBC14FF
(1774515073.585571) can0 124#AE07D5DE4701A208
(1774515073.595432) can0 123#AF004741C7D634FF
(1774515073.595446) can0 124#AF07D6052D019808
(1774515073.605247) can0 123#B0004741C1782AFF
(1774515073.605396) can0 124#B007D62BFA018B08
(1774515073.615019) can0 123#B1004741BB9782FF
(1774515073.615360) can0 124#B107D652E5017F08
(1774515073.624998) can0 123#B2004741B6343FFF
(1774515073.625168) can0 124#B207D679B2017408
(1774515073.634824) can0 123#B3004741B05398FF
(1774515073.635044) can0 124#B307D6A099016808
(1774515073.644683) can0 123#B4004741AAF054FF
(1774515073.644830) can0 124#B407D6C762015D08
(1774515073.654553) can0 123#B5004741A50FACFF
(1774515073.654764) can0 124#B507D6EE47015108
(1774515073.664423) can0 123#B60047419F2F05FF
(1774515073.664654) can0 124#B607D71517014508
(1774515073.674480) can0 123#B700474199CBC2FF
(1774515073.674681) can0 124#B707D73BFB013A08
(1774515073.684406) can0 123#B800474193EB1AFF
(1774515073.684473) can0 124#B807D762CA012E08
(1774515073.694248) can0 123#B90047418E87D6FF
(1774515073.694567) can0 124#B907D789B3012308
(1774515073.704152) can0 123#BA00474188A72FFF
(1774515073.704372) can0 124#BA07D7B07D011708
(1774515073.714041) can0 123#BB00474182C688FF
(1774515073.714216) can0 124#BB07D7D761010B08
(1774515073.723991) can0 123#BC0047417AC688FF
(1774515073.724126) can0 124#BC07D7FE35010008
(1774515073.733946) can0 123#BD0046416F0539FF
(1774515073.733969) can0 124#BD07D8251500F408
(1774515073.743635) can0 123#BE004641653977FF
(1774515073.743909) can0 124#BE07D84BE500EA08
(1774515073.753990) can0 123#BF004641587D64FF
(1774515073.754025) can0 124#BF07D872D200DD08
(1774515073.763513) can0 123#C00046414CBC14FF
(1774515073.763679) can0 124#C007D899A200D108
(1774515073.773327) can0 123#C100464141F58DFF
(1774515073.773547) can0 124#C107D8C08F00C608
(1774515073.783433) can0 123#C200464136343FFF
(1774515073.783537) can0 124#C207D8E76000BA08
(1774515073.793213) can0 123#C30046412A72F0FF
(1774515073.793444) can0 124#C307D90E4C00AE08
(1774515073.803111) can0 123#C400464120A72FFF
(1774515073.803204) can0 124#C407D9351F00A408
(1774515073.813034) can0 123#C500464113EB1AFF
(1774515073.813139) can0 124#C507D95C08009708
(1774515073.822993) can0 123#C6004641092492FF
(1774515073.823159) can0 124#C607D982DE008C08
(1774515073.832773) can0 123#C7004640FAC688FF
(1774515073.832980) can0 124#C707D9A9C7008008
(1774515073.842732) can0 123#C8004640E343EBFF
(1774515073.842869) can0 124#C807D9D098007408
(1774515073.852522) can0 123#C9004640CDB6DCFF
(1774515073.852724) can0 124#C907D9F783006908
(1774515073.862503) can0 123#CA004640B829CBFF
(1774515073.862639) can0 124#CA07DA1E4F005E08
(1774515073.872345) can0 123#CB004640A0A72FFF
(1774515073.872707) can0 124#CB07DA4537005208
(1774515073.882319) can0 123#CC004640892492FF
(1774515073.882487) can0 124#CC07DA6C0B004608
(1774515073.892132) can0 123#CD004640672F05FF
(1774515073.892305) can0 124#CD07DA92F7003B08
(1774515073.902009) can0 123#CE0046403829CBFF
(1774515073.902294) can0 124#CE07DAB9C3002F08
(1774515073.911870) can0 123#CF004640092492FF
(1774515073.912111) can0 124#CF07DAE0A5002308
(1774515073.921761) can0 123#D000463FBC14E5FF
(1774515073.921989) can0 124#D007DB0771001808
(1774515073.931706) can0 123#D100463F3C14E5FF
(1774515073.931897) can0 124#D107DB2E60000C08
(1774515073.941559) can0 123#D2004600000000FF
(1774515073.941887) can0 124#D207DB552A000008
(1774515073.951443) can0 123#D3004643B3B1A2FF
(1774515073.951696) can0 124#D307DB7C1416EE08
(1774515073.961324) can0 123#D4004643B34BC1FF
(1774515073.961566) can0 124#D407DBA2E816E108
(1774515073.971269) can0 123#D5004643B2EDB7FF
(1774515073.971428) can0 124#D507DBC9DE16D508
(1774515073.981117) can0 123#D6004643B29783FF
(1774515073.981390) can0 124#D607DBF0AC16CA08
(1774515073.991040) can0 123#D7004643B23978FF
(1774515073.991298) can0 124#D707DC179316BE08
(1774515074.000890) can0 123#D8004643B1E344FF
(1774515074.001160) can0 124#D807DC3E6316B308
(1774515074.010839) can0 123#D9004643B18D10FF
(1774515074.011013) can0 124#D907DC654A16A808
(1774515074.020684) can0 123#DA004643B1272FFF
(1774515074.020925) can0 124#DA07DC8C19169B08
(1774515074.030642) can0 123#DB004643B0D0FBFF
(1774515074.030847) can0 124#DB07DCB305169008
(1774515074.040502) can0 123#DC004643B072F0FF
(1774515074.040751) can0 124#DC07DCD9DB168408
(1774515074.050473) can0 123#DD004643B01CBCFF
(1774515074.050664) can0 124#DD07DD00BE167908
(1774515074.060280) can0 123#DE004643AFBEB2FF
(1774515074.060530) can0 124#DE07DD2783166D08
(1774515074.070214) can0 123#DF004643AF687EFF
(1774515074.070437) can0 124#DF07DD4E68166208
(1774515074.080235) can0 123#E0004643AF0A73FF
(1774515074.080337) can0 124#E007DD7537165608
(1774515074.090208) can0 123#E1004643AEB43FFF
(1774515074.090327) can0 124#E107DD9C20164B08
(1774515074.099995) can0 123#E2004643AE5634FF
(1774515074.100335) can0 124#E207DDC2EB163F08
(1774515074.109892) can0 123#E3004643ADF82AFF
(1774515074.110099) can0 124#E307DDE9D3163308
(1774515074.119822) can0 123#E4004643AD9A1FFF
(1774515074.120000) can0 124#E407DE10A4162708
(1774515074.129685) can0 123#E5004743AD43EBFF
(1774515074.129897) can0 124#E507DE3795161C08
(1774515074.139612) can0 123#E6004743ACE5E1FF
(1774515074.139764) can0 124#E607DE5E61161008
(1774515074.149598) can0 123#E7004743AC9783FF
(1774515074.149792) can0 124#E707DE854F160608
(1774515074.159410) can0 123#E8004743AC31A2FF
(1774515074.159801) can0 124#E807DEAC2915F908
(1774515074.169351) can0 123#E9004743ABD397FF
(1774515074.169494) can0 124#E907DED31115ED08
(1774515074.179230) can0 123#EA004743AB7D63FF
(1774515074.179455) can0 124#EA07DEF9E315E208
(1774515074.189250) can0 123#EB004743AB1F59FF
(1774515074.189265) can0 124#EB07DF20CD15D608
(1774515074.199005) can0 123#EC004743AAC14EFF
(1774515074.199209) can0 124#EC07DF479B15CA08
(1774515074.208932) can0 123#ED004743AA6B1AFF
(1774515074.209024) can0 124#ED07DF6E8B15BF08
(1774515074.218876) can0 123#EE004743AA14E6FF
(1774515074.219105) can0 124#EE07DF955C15B408
(1774515074.228782) can0 123#EF004743A9B6DBFF
(1774515074.229132) can0 124#EF07DFBC4315A808
(1774515074.238568) can0 123#F0004743A958D1FF
(1774515074.238811) can0 124#F007DFE311159C08
(1774515074.248745) can0 123#F1004743A8FAC7FF
(1774515074.248763) can0 124#F107E009F8159008
(1774515074.258406) can0 123#F2004743A8A493FF
(1774515074.258566) can0 124#F207E030C7158508
(1774515074.268323) can0 123#F3004743A84688FF
(1774515074.268443) can0 124#F307E057B2157908
(1774515074.278301) can0 123#F4004743A7E87DFF
(1774515074.278491) can0 124#F407E07E8D156D08
(1774515074.288141) can0 123#F5004743A79249FF
(1774515074.288284) can0 124#F507E0A574156208
(1774515074.297984) can0 123#F6004743A73C15FF
(1774515074.298174) can0 124#F607E0CC43155708
(1774515074.307877) can0 123#F7004743A6DE0AFF
(1774515074.308102) can0 124#F707E0F32C154B08
(1774515074.317659) can0 123#F8004743A68000FF
(1774515074.317903) can0 124#F807E119FE153F08
(1774515074.327587) can0 123#F9004743A621F6FF
(1774515074.327784) can0 124#F907E140E9153308
(1774515074.337452) can0 123#FA004743A5CBC2FF
(1774515074.337698) can0 124#FA07E167BF152808
(1774515074.347337) can0 123#FB004743A56DB7FF
(1774515074.347582) can0 124#FB07E18EAD151C08
(1774515074.357311) can0 123#FC004743A51F59FF
(1774515074.357457) can0 124#FC07E1B584151208
(1774515074.367167) can0 123#FD004743A4B978FF
(1774515074.367396) can0 124#FD07E1DC6E150508
(1774515074.377034) can0 123#FE004743A45B6EFF
(1774515074.377270) can0 124#FE07E2034414F908
(1774515074.386932) can0 123#FF004743A40539FF
(1774515074.387183) can0 124#FF07E22A3414EE08
(1774515074.396896) can0 123#00004743A3A72FFF
(1774515074.397110) can0 124#0007E2510814E208
(1774515074.406785) can0 123#01004743A350FBFF
(1774515074.406957) can0 124#0107E277F714D708
(1774515074.416711) can0 123#02004743A2FAC7FF
(1774515074.416883) can0 124#0207E29ECA14CC08
(1774515074.426568) can0 123#03004743A294E6FF
(1774515074.426769) can0 124#0307E2C5C014BF08
(1774515074.436428) can0 123#04004743A23EB2FF
(1774515074.436653) can0 124#0407E2EC9214B408
(1774515074.446313) can0 123#05004743A1E0A7FF
(1774515074.446554) can0 124#0507E3138314A808
(1774515074.456287) can0 123#06004743A18A73FF
(1774515074.456490) can0 124#0607E33A58149D08
(1774515074.466117) can0 123#07004743A12C68FF
(1774515074.466356) can0 124#0707E36140149108
(1774515074.476100) can0 123#08004743A0D634FF
(1774515074.476258) can0 124#0807E3880A148608
(1774515074.486026) can0 123#09004743A0782AFF
(1774515074.486236) can0 124#0907E3AEF5147A08
(1774515074.495892) can0 123#0A004743A01A20FF
(1774515074.496059) can0 124#0A07E3D5C3146E08
(1774515074.505733) can0 123#0B0047439FC3EBFF
(1774515074.505988) can0 124#0B07E3FCA5146308
(1774515074.515629) can0 123#0C0047439F65E1FF
(1774515074.515830) can0 124#0C07E42375145708
(1774515074.525533) can0 123#0D0047439F07D6FF
(1774515074.525728) can0 124#0D07E44A60144B08
(1774515074.535455) can0 123#0E0047439EA9CCFF
(1774515074.535654) can0 124#0E07E4712E143F08
(1774515074.545386) can0 123#0F0047439E5397FF
(1774515074.545548) can0 124#0F07E49816143408
(1774515074.555537) can0 123#100047439DF58DFF
(1774515074.555558) can0 124#1007E4BEEA142808
(1774515074.565182) can0 123#110047439DA72FFF
(1774515074.565360) can0 124#1107E4E5DB141E08
(1774515074.575148) can0 123#120047439D414EFF
(1774515074.575309) can0 124#1207E50CAB141108
(1774515074.584992) can0 123#130047439CE344FF
(1774515074.585300) can0 124#1307E53398140508
(1774515074.594836) can0 123#140046439C8D10FF
(1774515074.596477) can0 124#1407E55A6A13FA08
(1774515074.604727) can0 123#150046439C2F05FF
(1774515074.605132) can0 124#1507E5815613EE08
(1774515074.614571) can0 123#160046439BD8D1FF
(1774515074.614798) can0 124#1607E5A82013E308
(1774515074.624455) can0 123#170046439B829DFF
(1774515074.624719) can0 124#1707E5CF0B13D808
(1774515074.634373) can0 123#180046439B1CBCFF
(1774515074.634564) can0 124#1807E5F5DA13CB08
(1774515074.644303) can0 123#190046439AC688FF
(1774515074.644498) can0 124#1907E61CC113C008
(1774515074.654187) can0 123#1A0046439A687DFF
(1774515074.654421) can0 124#1A07E6438F13B408
(1774515074.664258) can0 123#1B0046439A1249FF
(1774515074.664557) can0 124#1B07E66A7E13A908
(1774515074.674024) can0 123#1C00464399B43FFF
(1774515074.674225) can0 124#1C07E69150139D08
(1774515074.684020) can0 123#1D004643995635FF
(1774515074.684216) can0 124#1D07E6B839139108
(1774515074.693830) can0 123#1E004643990000FF
(1774515074.694071) can0 124#1E07E6DF03138608
(1774515074.703681) can0 123#1F00464398A9CCFF
(1774515074.703913) can0 124#1F07E705EF137B08
(1774515074.713576) can0 123#20004643984BC1FF
(1774515074.713860) can0 124#2007E72CC3136F08
(1774515074.723545) can0 123#2100464397EDB7FF
(1774515074.723703) can0 124#2107E753AE136308
(1774515074.733364) can0 123#22004643978FACFF
(1774515074.733567) can0 124#2207E77A82135708
(1774515074.743277) can0 123#23004643973978FF
(1774515074.743446) can0 124#2307E7A16C134C08
(1774515074.753148) can0 123#2400464396DB6EFF
(1774515074.753427) can0 124#2407E7C844134008
(1774515074.763215) can0 123#25004643968D10FF
(1774515074.763336) can0 124#2507E7EF33133608
(1774515074.773096) can0 123#2600464396272FFF
(1774515074.773229) can0 124#2607E81600132908
(1774515074.782868) can0 123#2700464395C924FF
(1774515074.783132) can0 124#2707E83CED131D08
(1774515074.792738) can0 123#280046439572F1FF
(1774515074.793015) can0 124#2807E863BF131208
(1774515074.802777) can0 123#290046439514E6FF
(1774515074.803020) can0 124#2907E88AA7130608
(1774515074.812657) can0 123#2A00464394BEB1FF
(1774515074.813018) can0 124#2A07E8B17712FB08
(1774515074.822488) can0 123#2B0046439460A7FF
(1774515074.822710) can0 124#2B07E8D85D12EF08
(1774515074.832346) can0 123#2C00464394029DFF
(1774515074.832527) can0 124#2C07E8FF2F12E308
(1774515074.842212) can0 123#2D00464393AC69FF
(1774515074.842513) can0 124#2D07E9261A12D808
(1774515074.852168) can0 123#2E004643934E5EFF
(1774515074.852331) can0 124#2E07E94CF012CC08
(1774515074.862557) can0 123#2F00464392F82AFF
(1774515074.862595) can0 124#2F07E973D912C108
(1774515074.871970) can0 123#30004643929A20FF
(1774515074.872403) can0 124#3007E99AA312B508
(1774515074.881921) can0 123#310046439243EBFF
(1774515074.882136) can0 124#3107E9C18C12AA08
(1774515074.891857) can0 123#3200464391E5E0FF
(1774515074.891951) can0 124#3207E9E85A129E08
(1774515074.901713) can0 123#330046439187D6FF
(1774515074.901923) can0 124#3307EA0F48129208
(1774515074.911583) can0 123#340046439131A2FF
(1774515074.911813) can0 124#3407EA3618128708
(1774515074.921556) can0 123#3500474390D397FF
(1774515074.921705) can0 124#3507EA5D09127B08
(1774515074.931365) can0 123#3600474390758DFF
(1774515074.931504) can0 124#3607EA83D0126F08
(1774515074.941341) can0 123#37004643901783FF
(1774515074.941726) can0 124#3707EAAAB3126308
(1774515074.951215) can0 123#380046438FC14FFF
(1774515074.951344) can0 124#3807EAD180125808
(1774515074.961075) can0 123#390046438F6344FF
(1774515074.961282) can0 124#3907EAF869124C08
(1774515074.970985) can0 123#3A0046438F0D0FFF
(1774515074.971264) can0 124#3A07EB1F38124108
(1774515074.980866) can0 123#3B0046438EAF05FF
(1774515074.981353) can0 124#3B07EB4621123508
(1774515074.990743) can0 123#3C0047438E50FBFF
(1774515074.990967) can0 124#3C07EB6CF2122908
(1774515075.000906) can0 123#3D0047438DFAC6FF
(1774515075.000938) can0 124#3D07EB93DB121E08
(1774515075.010733) can0 123#3E0047438D9CBCFF
(1774515075.010777) can0 124#3E07EBBAAC121208
(1774515075.020532) can0 123#3F0047438D4688FF
(1774515075.020735) can0 124#3F07EBE196120708
(1774515075.030368) can0 123#400047438CF054FF
(1774515075.030535) can0 124#4007EC086411FC08
(1774515075.040270) can0 123#410047438C9249FF
(1774515075.040374) can0 124#4107EC2F4B11F008
(1774515075.050021) can0 123#420047438C343FFF
(1774515075.050191) can0 124#4207EC561A11E408
(1774515075.059967) can0 123#430047438BD634FF
(1774515075.060273) can0 124#4307EC7D0311D808
(1774515075.069981) can0 123#440047438B8000FF
(1774515075.070214) can0 124#4407ECA3CF11CD08
(1774515075.079927) can0 123#450047438B21F5FF
(1774515075.080026) can0 124#4507ECCAB111C108
(1774515075.089693) can0 123#460047438AC3EBFF
(1774515075.089948) can0 124#4607ECF17C11B508
(1774515075.099602) can0 123#470047438A6DB7FF
(1774515075.099928) can0 124#4707ED186011AA08
(1774515075.109434) can0 123#480047438A0FADFF
(1774515075.109675) can0 124#4807ED3F2D119E08
(1774515075.119369) can0 123#4900474389B978FF
(1774515075.119570) can0 124#4907ED6616119308
(1774515075.129245) can0 123#4A004743895B6EFF
(1774515075.129746) can0 124#4A07ED8CE3118708
(1774515075.139172) can0 123#4B00474388FD63FF
(1774515075.139453) can0 124#4B07EDB3CD117B08
(1774515075.149051) can0 123#4C00474388A72FFF
(1774515075.149325) can0 124#4C07EDDA97117008
(1774515075.159011) can0 123#4D004743884924FF
(1774515075.159255) can0 124#4D07EE017C116408
(1774515075.169110) can0 123#4E00474387F2F0FF
(1774515075.169142) can0 124#4E07EE2851115908
(1774515075.178783) can0 123#4F0047438794E6FF
(1774515075.179013) can0 124#4F07EE4F38114D08
(1774515075.188656) can0 123#500047438736DCFF
(1774515075.188879) can0 124#5007EE7607114108
(1774515075.198636) can0 123#5100474386D8D1FF
(1774515075.198834) can0 124#5107EE9CF3113508
(1774515075.208674) can0 123#5200474386829DFF
(1774515075.208692) can0 124#5207EEC3C0112A08
(1774515075.218364) can0 123#53004743862492FF
(1774515075.218560) can0 124#5307EEEAAA111E08
(1774515075.228283) can0 123#5400474385CE5EFF
(1774515075.228448) can0 124#5407EF117F111308
(1774515075.238170) can0 123#55004743857053FF
(1774515075.238471) can0 124#5507EF386B110708
(1774515075.248036) can0 123#56004743851A1FFF
(1774515075.248245) can0 124#5607EF5F4010FC08
(1774515075.257886) can0 123#5700474384BC15FF
(1774515075.258199) can0 124#5707EF862310F008
(1774515075.267875) can0 123#580047438465E0FF
(1774515075.268077) can0 124#5807EFACF510E508
(1774515075.277725) can0 123#590047438407D6FF
(1774515075.278063) can0 124#5907EFD3DE10D908
(1774515075.287810) can0 123#5A00474383A9CCFF
(1774515075.287827) can0 124#5A07EFFAAF10CD08
(1774515075.297597) can0 123#5B004743835398FF
(1774515075.297736) can0 124#5B07F0219610C208
(1774515075.307448) can0 123#5C00474382F58DFF
(1774515075.307632) can0 124#5C07F0486510B608
(1774515075.317527) can0 123#5D004743829782FF
(1774515075.317570) can0 124#5D07F06F5110AA08
(1774515075.327397) can0 123#5E004743824925FF
(1774515075.327435) can0 124#5E07F0962210A008
(1774515075.337424) can0 123#5F00474381E344FF
(1774515075.337455) can0 124#5F07F0BD09109308
(1774515075.347009) can0 123#60004743818539FF
(1774515075.347689) can0 124#6007F0E3D8108708
(1774515075.357190) can0 123#610047438136DBFF
(1774515075.357902) can0 124#6107F10ABF107D08
(1774515075.367064) can0 123#6200474380D0FBFF
(1774515075.367103) can0 124#6207F13190107008
(1774515075.376783) can0 123#63004743807AC7FF
(1774515075.377015) can0 124#6307F15875106508
(1774515075.386658) can0 123#64004743802492FF
(1774515075.386802) can0 124#6407F17F42105A08
(1774515075.396568) can0 123#650047437F7D63FF
(1774515075.396718) can0 124#6507F1A628104D08
(1774515075.406592) can0 123#660047437ED0FBFF
(1774515075.406624) can0 124#6607F1CCF5104208
(1774515075.416417) can0 123#670047437E14E5FF
(1774515075.416503) can0 124#6707F1F3DC103608
(1774515075.426230) can0 123#680047437D687DFF
(1774515075.426414) can0 124#6807F21AA9102B08
(1774515075.436074) can0 123#690047437CAC68FF
(1774515075.436418) can0 124#6907F2418E101F08
(1774515075.445942) can0 123#6A0047437BF054FF
(1774515075.446533) can0 124#6A07F2685C101308
(1774515075.456217) can0 123#6B0047437B43EBFF
(1774515075.456230) can0 124#6B07F28F45100808
(1774515075.465996) can0 123#6C0046437A87D7FF
(1774515075.466007) can0 124#6C07F2B60E0FFC08
(1774515075.475771) can0 123#6D00464379EB1AFF
(1774515075.475886) can0 124#6D07F2DCF50FF208
(1774515075.485547) can0 123#6E004643791F59FF
(1774515075.485705) can0 124#6E07F303C60FE508
(1774515075.495421) can0 123#6F004643786343FF
(1774515075.495629) can0 124#6F07F32AAB0FD908
(1774515075.505337) can0 123#7000464377B6DBFF
(1774515075.505496) can0 124#7007F351790FCE08
(1774515075.515174) can0 123#7100464376FAC6FF
(1774515075.515376) can0 124#7107F3785E0FC208
(1774515075.525060) can0 123#72004743764E5EFF
(1774515075.525275) can0 124#7207F39F330FB708
(1774515075.534989) can0 123#7300474375A1F5FF
(1774515075.535337) can0 124#7307F3C61C0FAC08
(1774515075.544864) can0 123#7400464374D634FF
(1774515075.545072) can0 124#7407F3ECE30F9F08
(1774515075.554789) can0 123#750046437429CCFF
(1774515075.555009) can0 124#7507F413C90F9408
(1774515075.564766) can0 123#76004643737D63FF
(1774515075.564872) can0 124#7607F43A990F8908
(1774515075.574675) can0 123#7700464372C14FFF
(1774515075.574865) can0 124#7707F461840F7D08
(1774515075.584521) can0 123#7800464372053AFF
(1774515075.584747) can0 124#7807F488560F7108
(1774515075.594814) can0 123#790046437158D2FF
(1774515075.594850) can0 124#7907F4AF3D0F6608
(1774515075.604489) can0 123#7A004643708D10FF
(1774515075.604503) can0 124#7A07F4D6110F5908
(1774515075.614315) can0 123#7B0046436FE0A7FF
(1774515075.614565) can0 124#7B07F4FCFA0F4E08
(1774515075.624212) can0 123#7C0046436F2492FF
(1774515075.624343) can0 124#7C07F523CC0F4208
(1774515075.634190) can0 123#7D0046436E782AFF
(1774515075.634341) can0 124#7D07F54AB70F3708
(1774515075.643994) can0 123#7E0046436DBC15FF
(1774515075.644241) can0 124#7E07F571830F2B08
(1774515075.653959) can0 123#7F0046436D0001FF
(1774515075.654223) can0 124#7F07F598670F1F08
(1774515075.664039) can0 123#800046436C5398FF
(1774515075.664301) can0 124#8007F5BF340F1408
(1774515075.673755) can0 123#810046436B9782FF
(1774515075.673892) can0 124#8107F5E61F0F0808
(1774515075.683811) can0 123#820046436AFAC7FF
(1774515075.684658) can0 124#8207F60CEF0EFE08
(1774515075.693639) can0 123#830046436A2F05FF
(1774515075.693656) can0 124#8307F633DA0EF108
(1774515075.703320) can0 123#840046436972F0FF
(1774515075.703539) can0 124#8407F65AB10EE508
(1774515075.713438) can0 123#8500464368C688FF
(1774515075.713455) can0 124#8507F6819E0EDA08
(1774515075.723097) can0 123#86004643680A73FF
(1774515075.723298) can0 124#8607F6A8690ECE08
(1774515075.733008) can0 123#87004643675E0BFF
(1774515075.733169) can0 124#8707F6CF570EC308
(1774515075.742839) can0 123#8800464366B1A2FF
(1774515075.743164) can0 124#8807F6F62D0EB808
(1774515075.752741) can0 123#8900464365E5E0FF
(1774515075.752935) can0 124#8907F71D190EAB08
(1774515075.762660) can0 123#8A004643653977FF
(1774515075.762876) can0 124#8A07F743EE0EA008
(1774515075.772512) can0 123#8B004643647D63FF
(1774515075.772834) can0 124#8B07F76ADA0E9408
(1774515075.782405) can0 123#8C00464363D0FAFF
(1774515075.782674) can0 124#8C07F791A80E8908
(1774515075.792427) can0 123#8D0046436314E6FF
(1774515075.792574) can0 124#8D07F7B8930E7D08
(1774515075.802224) can0 123#8E00474362687DFF
(1774515075.802514) can0 124#8E07F7DF690E7208
(1774515075.812245) can0 123#8F00474361AC69FF
(1774515075.812461) can0 124#8F07F806550E6608
(1774515075.822397) can0 123#9000474360F054FF
(1774515075.822448) can0 124#9007F82D240E5A08
(1774515075.832067) can0 123#910047436043EBFF
(1774515075.832245) can0 124#9107F8540C0E4F08
(1774515075.841940) can0 123#920047435F87D7FF
(1774515075.842057) can0 124#9207F87ADD0E4308
(1774515075.851818) can0 123#930047435ECBC1FF
(1774515075.851959) can0 124#9307F8A1C90E3708
(1774515075.861703) can0 123#940047435E1F58FF
(1774515075.862034) can0 124#9407F8C8950E2C08
(1774515075.871707) can0 123#950047435D6344FF
(1774515075.871808) can0 124#9507F8EF810E2008
(1774515075.881554) can0 123#960047435CC689FF
(1774515075.881726) can0 124#9607F9164D0E1608
(1774515075.891400) can0 123#970047435BFAC6FF
(1774515075.891747) can0 124#9707F93D380E0908
(1774515075.901452) can0 123#980047435B3EB2FF
(1774515075.901484) can0 124#9807F964050DFD08
(1774515075.911531) can0 123#990047435A9249FF
(1774515075.911567) can0 124#9907F98AF30DF208
(1774515075.921061) can0 123#9A00474359D635FF
(1774515075.921285) can0 124#9A07F9B1C50DE608
(1774515075.931243) can0 123#9B004743591A1FFF
(1774515075.931268) can0 124#9B07F9D8AF0DDA08
(1774515075.940877) can0 123#9C004743587D64FF
(1774515075.941302) can0 124#9C07F9FF7E0DD008
(1774515075.950735) can0 123#9D00474357B1A2FF
(1774515075.950997) can0 124#9D07FA26680DC308
(1774515075.960677) can0 123#9E004743570539FF
(1774515075.960863) can0 124#9E07FA4D3B0DB808
(1774515075.970587) can0 123#9F004743564924FF
(1774515075.970806) can0 124#9F07FA74270DAC08
(1774515075.980424) can0 123#A0004743559CBCFF
(1774515075.980606) can0 124#A007FA9AF20DA108
(1774515075.990382) can0 123#A100474354E0A7FF
(1774515075.990527) can0 124#A107FAC1D80D9508
(1774515076.000168) can0 123#A200474354343FFF
(1774515076.000398) can0 124#A207FAE8A80D8A08
(1774515076.010127) can0 123#A300474353687DFF
(1774515076.010359) can0 124#A307FB0F910D7D08
(1774515076.020218) can0 123#A400474352BC16FF
(1774515076.020248) can0 124#A407FB36670D7208
(1774515076.029950) can0 123#A5004743520FADFF
(1774515076.030196) can0 124#A507FB5D520D6708
(1774515076.040085) can0 123#A6004743515397FF
(1774515076.040347) can0 124#A607FB84240D5B08
(1774515076.049737) can0 123#A7004743509782FF
(1774515076.050007) can0 124#A707FBAB100D4F08
(1774515076.059615) can0 123#A80047434FDB6EFF
(1774515076.059753) can0 124#A807FBD1E70D4308
(1774515076.069576) can0 123#A90047434F2F05FF
(1774515076.069655) can0 124#A907FBF8D60D3808
(1774515076.079415) can0 123#AA0047434E72F1FF
(1774515076.079612) can0 124#AA07FC1FA60D2C08
(1774515076.089263) can0 123#AB0047434DD634FF
(1774515076.089530) can0 124#AB07FC46950D2208
(1774515076.099155) can0 123#AC0047434D0A73FF
(1774515076.099543) can0 124#AC07FC6D610D1508
(1774515076.109261) can0 123#AD0047434C4E5DFF
(1774515076.109270) can0 124#AD07FC94490D0908
(1774515076.118878) can0 123#AE0047434BA1F5FF
(1774515076.119123) can0 124#AE07FCBB120CFE08
(1774515076.128800) can0 123#AF0047434AE5E0FF
(1774515076.129115) can0 124#AF07FCE1F70CF208
(1774515076.138717) can0 123#B00047434A3978FF
(1774515076.138930) can0 124#B007FD08C30CE708
(1774515076.148601) can0 123#B1004743498D0FFF
(1774515076.148865) can0 124#B107FD2FA90CDC08
(1774515076.158674) can0 123#B200474348C14FFF
(1774515076.158720) can0 124#B207FD56790CCF08
(1774515076.168413) can0 123#B30047434814E6FF
(1774515076.168641) can0 124#B307FD7D670CC408
(1774515076.178343) can0 123#B40047434758D1FF
(1774515076.178595) can0 124#B407FDA4380CB808
(1774515076.188232) can0 123#B500474346AC69FF
(1774515076.188432) can0 124#B507FDCB1D0CAD08
(1774515076.198177) can0 123#B600474345F054FF
(1774515076.198412) can0 124#B607FDF1EC0CA108
(1774515076.208168) can0 123#B70047434543ECFF
(1774515076.208506) can0 124#B707FE18D70C9608
(1774515076.217996) can0 123#B80047434487D6FF
(1774515076.218174) can0 124#B807FE3FA40C8A08
(1774515076.227916) can0 123#B900474343DB6DFF
(1774515076.228109) can0 124#B907FE668E0C7F08
(1774515076.237793) can0 123#BA004743431F59FF
(1774515076.237952) can0 124#BA07FE8D570C7308
(1774515076.247599) can0 123#BB004743426344FF
(1774515076.247798) can0 124#BB07FEB43A0C6708
(1774515076.257547) can0 123#BC00474341A72FFF
(1774515076.257720) can0 124#BC07FEDB060C5B08
(1774515076.267363) can0 123#BD00474340FAC7FF
(1774515076.267663) can0 124#BD07FF01E60C5008
(1774515076.277255) can0 123#BE004743403EB2FF
(1774515076.277473) can0 124#BE07FF28AC0C4408
(1774515076.287219) can0 123#BF0047433FA1F6FF
(1774515076.287414) can0 124#BF07FF4F930C3A08
(1774515076.297087) can0 123#C00047433ED634FF
(1774515076.297296) can0 124#C007FF765D0C2D08
(1774515076.306977) can0 123#C10047433E1A1FFF
(1774515076.307232) can0 124#C107FF9D430C2108
(1774515076.317265) can0 123#C20047433D6DB6FF
(1774515076.317291) can0 124#C207FFC4170C1608
(1774515076.326833) can0 123#C30047433CB1A2FF
(1774515076.327106) can0 124#C307FFEB010C0A08
(1774515076.336772) can0 123#C40047433C0539FF
(1774515076.336966) can0 124#C4080011CE0BFF08
(1774515076.346809) can0 123#C50047433B58D1FF
(1774515076.346837) can0 124#C5080038B80BF408
(1774515076.356501) can0 123#C60046433A8D10FF
(1774515076.356820) can0 124#C608005F890BE708
(1774515076.366422) can0 123#C700464339E0A8FF
(1774515076.366688) can0 124#C70800866C0BDC08
(1774515076.376361) can0 123#C8004643392493FF
(1774515076.376492) can0 124#C80800AD370BD008
(1774515076.386401) can0 123#C900464338782AFF
(1774515076.386433) can0 124#C90800D41C0BC508
(1774515076.396153) can0 123#CA00464337BC14FF
(1774515076.396378) can0 124#CA0800FAE60BB908
(1774515076.406057) can0 123#CB004643370000FF
(1774515076.406333) can0 124#CB080121D00BAD08
(1774515076.415928) can0 123#CC004643365397FF
(1774515076.416201) can0 124#CC0801489B0BA208
(1774515076.425811) can0 123#CD004643359783FF
(1774515076.426120) can0 124#CD08016F820B9608
(1774515076.435692) can0 123#CE00464334FAC6FF
(1774515076.435918) can0 124#CE080196560B8C08
(1774515076.445594) can0 123#CF004643342F06FF
(1774515076.445778) can0 124#CF0801BD420B7F08
(1774515076.455417) can0 123#D00046433372F0FF
(1774515076.455696) can0 124#D00801E4150B7308
(1774515076.465320) can0 123#D100474332C688FF
(1774515076.465653) can0 124#D108020B030B6808
(1774515076.475256) can0 123#D2004643320A73FF
(1774515076.475463) can0 124#D2080231CE0B5C08
(1774515076.485149) can0 123#D3004643315E0AFF
(1774515076.485356) can0 124#D3080258B70B5108
(1774515076.495076) can0 123#D400464330B1A2FF
(1774515076.495229) can0 124#D408027F8A0B4608
(1774515076.504889) can0 123#D50046432FE5E1FF
(1774515076.505122) can0 124#D50802A6760B3908
(1774515076.514830) can0 123#D60046432F3978FF
(1774515076.515011) can0 124#D60802CD480B2E08
(1774515076.524702) can0 123#D70047432E7D63FF
(1774515076.524924) can0 124#D70802F4340B2208
(1774515076.534715) can0 123#D80047432DD0FBFF
(1774515076.534826) can0 124#D808031B010B1708
(1774515076.544572) can0 123#D90047432D14E6FF
(1774515076.544773) can0 124#D9080341EB0B0B08
(1774515076.554425) can0 123#DA0047432C687EFF
(1774515076.554647) can0 124#DA080368C00B0008
(1774515076.564382) can0 123#DB0047432BAC68FF
(1774515076.564482) can0 124#DB08038FA70AF408
(1774515076.574281) can0 123#DC0047432AF054FF
(1774515076.574449) can0 124#DC0803B6780AE808
(1774515076.584149) can0 123#DD0047432A43EBFF
(1774515076.584334) can0 124#DD0803DD640ADD08
(1774515076.594099) can0 123#DE0047432987D6FF
(1774515076.594270) can0 124#DE0804042F0AD108
(1774515076.604038) can0 123#DF00474328CBC1FF
(1774515076.604222) can0 124#DF08042B160AC508
(1774515076.614025) can0 123#E0004743281F59FF
(1774515076.614101) can0 124#E0080451E00ABA08
(1774515076.623917) can0 123#E1004743276344FF
(1774515076.623939) can0 124#E1080478CC0AAE08
(1774515076.633887) can0 123#E200474326B6DCFF
(1774515076.633903) can0 124#E208049F9C0AA308
(1774515076.643537) can0 123#E300474325FAC6FF
(1774515076.643730) can0 124#E30804C6840A9708
(1774515076.653630) can0 123#E4004743253EB2FF
(1774515076.653646) can0 124#E40804ED4C0A8B08
(1774515076.663688) can0 123#E5004743249249FF
(1774515076.663706) can0 124#E5080514320A8008
(1774515076.673271) can0 123#E600474323D634FF
(1774515076.673433) can0 124#E608053AFF0A7408
(1774515076.683193) can0 123#E7004743231A1FFF
(1774515076.683343) can0 124#E7080561E40A6808
(1774515076.693291) can0 123#E8004743227D63FF
(1774515076.693329) can0 124#E8080588B00A5E08
(1774515076.702924) can0 123#E900474321B1A2FF
(1774515076.703191) can0 124#E90805AF910A5108
(1774515076.712889) can0 123#EA00474321053AFF
(1774515076.713001) can0 124#EA0805D65C0A4608
(1774515076.722755) can0 123#EB004743204924FF
(1774515076.723076) can0 124#EB0805FD3E0A3A08
(1774515076.732667) can0 123#EC0047431F8D10FF
(1774515076.732859) can0 124#EC080624060A2E08
(1774515076.742540) can0 123#ED0047431EE0A7FF
(1774515076.742749) can0 124#ED08064AEA0A2308
(1774515076.752421) can0 123#EE0047431E343FFF
(1774515076.752654) can0 124#EE080671B20A1808
(1774515076.762348) can0 123#EF0047431D782AFF
(1774515076.762487) can0 124#EF080698950A0C08
(1774515076.772213) can0 123#F00047431CBC15FF
(1774515076.772450) can0 124#F00806BF5D0A0008
(1774515076.782148) can0 123#F10047431C0FACFF
(1774515076.782438) can0 124#F10806E63C09F508
(1774515076.792176) can0 123#F20047431B5398FF
(1774515076.792195) can0 124#F208070CFD09E908
(1774515076.802131) can0 123#F30047431A9783FF
(1774515076.802152) can0 124#F3080733D909DD08
(1774515076.811871) can0 123#F400474319EB1AFF
(1774515076.812032) can0 124#F408075AA309D208
(1774515076.821756) can0 123#F5004743192F05FF
(1774515076.821895) can0 124#F50807818309C608
(1774515076.831535) can0 123#F60047431872F0FF
(1774515076.831816) can0 124#F60807A84C09BA08
(1774515076.841578) can0 123#F700474317D634FF
(1774515076.841716) can0 124#F70807CF3709B008
(1774515076.851554) can0 123#F8004743170A73FF
(1774515076.851680) can0 124#F80807F60009A308
(1774515076.861354) can0 123#F9004743165E0BFF
(1774515076.861557) can0 124#F908081CE0099808
(1774515076.871266) can0 123#FA00474315A1F5FF
(1774515076.871367) can0 124#FA080843AC098C08
(1774515076.881269) can0 123#FB00474314E5E1FF
(1774515076.881926) can0 124#FB08086A94098008
(1774515076.891006) can0 123#FC004743143978FF
(1774515076.891218) can0 124#FC08089160097508
(1774515076.900884) can0 123#FD004743138D10FF
(1774515076.901120) can0 124#FD0808B846096A08
(1774515076.911108) can0 123#FE00474312C14EFF
(1774515076.911144) can0 124#FE0808DF12095D08
(1774515076.920676) can0 123#FF0047431214E6FF
(1774515076.920974) can0 124#FF080905F6095208
(1774515076.930675) can0 123#000047431158D1FF
(1774515076.930796) can0 124#0008092CC4094608
(1774515076.940534) can0 123#0100474310AC69FF
(1774515076.940685) can0 124#01080953AD093B08
(1774515076.950450) can0 123#020047430FF053FF
(1774515076.950636) can0 124#0208097A7A092F08
(1774515076.960263) can0 123#030047430F343FFF
(1774515076.960497) can0 124#030809A15D092308
(1774515076.970180) can0 123#040047430E87D6FF
(1774515076.970484) can0 124#040809C828091808
(1774515076.980071) can0 123#050047430DCBC2FF
(1774515076.980333) can0 124#050809EF0B090C08
(1774515076.989980) can0 123#060047430D2F05FF
(1774515076.990222) can0 124#06080A15D5090208
(1774515076.999868) can0 123#070047430C6344FF
(1774515077.000089) can0 124#07080A3CB808F508
(1774515077.009770) can0 123#080047430BA72FFF
(1774515077.009983) can0 124#08080A637D08E908
(1774515077.019873) can0 123#090047430AFAC7FF
(1774515077.019907) can0 124#09080A8A5E08DE08
(1774515077.029554) can0 123#0A0047430A3EB1FF
(1774515077.029766) can0 124#0A080AB12608D208
(1774515077.039633) can0 123#0B00474309829DFF
(1774515077.039673) can0 124#0B080AD80608C608
(1774515077.049346) can0 123#0C00474308D634FF
(1774515077.049596) can0 124#0C080AFED308BB08
(1774515077.059286) can0 123#0D0047430829CCFF
(1774515077.059411) can0 124#0D080B25B308B008
(1774515077.069108) can0 123#0E004743076DB7FF
(1774515077.069291) can0 124#0E080B4C7B08A408
(1774515077.079526) can0 123#0F00474306B1A2FF
(1774515077.079560) can0 124#0F080B735E089808
(1774515077.088987) can0 123#1000474305F58DFF
(1774515077.089267) can0 124#10080B9A25088C08
(1774515077.098807) can0 123#11004743054925FF
(1774515077.099210) can0 124#11080BC109088108
(1774515077.108650) can0 123#12004743048D10FF
(1774515077.108881) can0 124#12080BE7D5087508
(1774515077.118600) can0 123#1300464303D0FBFF
(1774515077.118761) can0 124#13080C0EB3086908
(1774515077.128423) can0 123#14004643032492FF
(1774515077.128633) can0 124#14080C3581085E08
(1774515077.138317) can0 123#1500464302687EFF
(1774515077.138591) can0 124#15080C5C66085208
(1774515077.148198) can0 123#1600464301CBC1FF
(1774515077.148465) can0 124#16080C8338084808
(1774515077.158111) can0 123#17004643010000FF
(1774515077.158373) can0 124#17080CAA20083B08
(1774515077.168041) can0 123#180046430043EBFF
(1774515077.168257) can0 124#18080CD0ED082F08
(1774515077.177945) can0 123#19004642FF2F05FF
(1774515077.178181) can0 124#19080CF7CE082408
(1774515077.187901) can0 123#1A004642FDB6DCFF
(1774515077.188072) can0 124#1A080D1ABA081808
(1774515077.197831) can0 123#1B004642FC5E0BFF
(1774515077.197939) can0 124#1B080D4589080D08
(1774515077.207766) can0 123#1C004642FB053AFF
(1774515077.207902) can0 124#1C080D6C5D080208
(1774515077.217551) can0 123#1D004642F96DB7FF
(1774515077.217942) can0 124#1D080D934B07F508
(1774515077.227430) can0 123#1E004642F814E6FF
(1774515077.227732) can0 124#1E080DBA1B07EA08
(1774515077.237405) can0 123#1F004642F6BC15FF
(1774515077.237554) can0 124#1F080DE10107DF08
(1774515077.247336) can0 123#20004642F543ECFF
(1774515077.247454) can0 124#20080E07D407D308
(1774515077.257154) can0 123#21004642F3CBC1FF
(1774515077.257326) can0 124#21080E2EC607C708
(1774515077.267007) can0 123#22004642F272F0FF
(1774515077.267203) can0 124#22080E559407BC08
(1774515077.276953) can0 123#23004642F0FAC7FF
(1774515077.277172) can0 124#23080E7C8107B008
(1774515077.286790) can0 123#24004742EF829DFF
(1774515077.287070) can0 124#24080EA35307A408
(1774515077.296665) can0 123#25004642EE0A73FF
(1774515077.296898) can0 124#25080ECA35079808
(1774515077.306604) can0 123#26004642ECB1A2FF
(1774515077.306833) can0 124#26080EF106078D08
(1774515077.316500) can0 123#27004642EB3978FF
(1774515077.316723) can0 124#27080F17EF078108
(1774515077.326366) can0 123#28004642E9C14EFF
(1774515077.326634) can0 124#28080F3EBB077508
(1774515077.336334) can0 123#29004642E8687DFF
(1774515077.336517) can0 124#29080F65A6076A08
(1774515077.346176) can0 123#2A004642E70FADFF
(1774515077.346390) can0 124#2A080F8C77075F08
(1774515077.356185) can0 123#2B004642E5B6DCFF
(1774515077.356286) can0 124#2B080FB35E075408
(1774515077.366002) can0 123#2C004642E41F59FF
(1774515077.366236) can0 124#2C080FDA29074708
(1774515077.375978) can0 123#2D004642E2A72FFF
(1774515077.376139) can0 124#2D08100112073B08
(1774515077.385795) can0 123#2E004742E14E5EFF
(1774515077.386029) can0 124#2E081027E6073008
(1774515077.395716) can0 123#2F004742DFD634FF
(1774515077.395950) can0 124#2F08104EC7072408
(1774515077.405662) can0 123#30004742DE7D63FF
(1774515077.405923) can0 124#3008107598071908
(1774515077.415689) can0 123#31004742DD2492FF
(1774515077.415794) can0 124#3108109C80070E08
(1774515077.425495) can0 123#32004742DB8D0FFF
(1774515077.425781) can0 124#320810C353070108
(1774515077.435378) can0 123#33004742DA343EFF
(1774515077.435611) can0 124#330810EA3806F608
(1774515077.445304) can0 123#34004742D8BC15FF
(1774515077.445501) can0 124#340811110706EA08
(1774515077.455163) can0 123#35004742D76344FF
(1774515077.455311) can0 124#35081137EC06DF08
(1774515077.464981) can0 123#36004742D60A73FF
(1774515077.465270) can0 124#3608115EBC06D408
(1774515077.474945) can0 123#37004742D4924AFF
(1774515077.475198) can0 124#370811859F06C808
(1774515077.484850) can0 123#38004742D31A1FFF
(1774515077.485044) can0 124#380811AC6E06BC08
(1774515077.494754) can0 123#39004742D1C14EFF
(1774515077.494979) can0 124#390811D35406B108
(1774515077.504693) can0 123#3A004742D04925FF
(1774515077.505186) can0 124#3A0811FA2706A508
(1774515077.514604) can0 123#3B004742CED0FAFF
(1774515077.514746) can0 124#3B0812210E069908
(1774515077.524717) can0 123#3C004742CD7829FF
(1774515077.524752) can0 124#3C081247DE068E08
(1774515077.534371) can0 123#3D004742CC0000FF
(1774515077.534610) can0 124#3D08126EC9068208
(1774515077.544195) can0 123#3E004742CA87D7FF
(1774515077.544350) can0 124#3E0812959B067608
(1774515077.554110) can0 123#3F004742C94E5EFF
(1774515077.554299) can0 124#3F0812BC86066C08
(1774515077.563920) can0 123#40004742C7B6DBFF
(1774515077.564154) can0 124#400812E356065F08
(1774515077.573822) can0 123#41004742C63EB2FF
(1774515077.574046) can0 124#4108130659065308
(1774515077.583684) can0 123#42004742C4E5E1FF
(1774515077.583922) can0 124#4208133112064808
(1774515077.593678) can0 123#43004742C36DB8FF
(1774515077.593807) can0 124#43081357FB063C08
(1774515077.603516) can0 123#44004742C214E6FF
(1774515077.603725) can0 124#4408137EC9063108
(1774515077.613460) can0 123#45004742C0BC15FF
(1774515077.613636) can0 124#450813A5AD062608
(1774515077.623436) can0 123#46004742BF2493FF
(1774515077.623541) can0 124#460813CC80061908
(1774515077.633312) can0 123#47004742BDCBC1FF
(1774515077.633498) can0 124#470813F36C060E08
(1774515077.643200) can0 123#48004742BC72F0FF
(1774515077.643343) can0 124#4808141A3A060308
(1774515077.653446) can0 123#49004742BAFAC7FF
(1774515077.653465) can0 124#490814411F05F708
(1774515077.663000) can0 123#4A004742B9829DFF
(1774515077.663186) can0 124#4A081467F005EB08
(1774515077.672892) can0 123#4B004742B829CBFF
(1774515077.673112) can0 124#4B08148ED805E008
(1774515077.682780) can0 123#4C004742B6B1A2FF
(1774515077.682984) can0 124#4C0814B5A605D408
(1774515077.692687) can0 123#4D004742B53978FF
(1774515077.692963) can0 124#4D0814DC8B05C808
(1774515077.702554) can0 123#4E004742B3E0A7FF
(1774515077.702790) can0 124#4E0815035805BD08
(1774515077.712425) can0 123#4F004742B2687DFF
(1774515077.712653) can0 124#4F08152A4505B108
(1774515077.722361) can0 123#50004742B0F053FF
(1774515077.722471) can0 124#500815510F05A508
(1774515077.732277) can0 123#51004742AF9782FF
(1774515077.732426) can0 124#51081577F5059A08
(1774515077.742891) can0 123#52004742AE1F59FF
(1774515077.742915) can0 124#5208159EC1058E08
(1774515077.752067) can0 123#53004742ACE5E1FF
(1774515077.752231) can0 124#530815C5A2058408
(1774515077.761943) can0 123#54004742AB4E5EFF
(1774515077.762186) can0 124#540815EC6F057708
(1774515077.771934) can0 123#55004742A9D634FF
(1774515077.772072) can0 124#550816135A056B08
(1774515077.781797) can0 123#56004742A87D63FF
(1774515077.782039) can0 124#5608163A29056008
(1774515077.791886) can0 123#57004742A70539FF
(1774515077.791919) can0 124#570816610E055408
(1774515077.801516) can0 123#58004742A5AC69FF
(1774515077.802025) can0 124#58081687DF054908
(1774515077.811444) can0 123#59004742A4343FFF
(1774515077.811655) can0 124#590816AEC5053D08
(1774515077.821334) can0 123#5A004742A2BC15FF
(1774515077.821570) can0 124#5A0816D594053108
(1774515077.831255) can0 123#5B004742A16344FF
(1774515077.831499) can0 124#5B0816FC7D052608
(1774515077.841232) can0 123#5C0047429FEB1AFF
(1774515077.841405) can0 124#5C0817234B051A08
(1774515077.851073) can0 123#5D0047429E9249FF
(1774515077.851332) can0 124#5D08174A33050F08
(1774515077.860964) can0 123#5E0047429D1A20FF
(1774515077.861091) can0 124#5E08177101050308
(1774515077.870903) can0 123#5F0047429BA1F6FF
(1774515077.871317) can0 124#5F081797E804F708
(1774515077.881044) can0 123#600047429A4925FF
(1774515077.881080) can0 124#600817BEB904EC08
(1774515077.890557) can0 123#6100474298D0FBFF
(1774515077.890820) can0 124#610817E59E04E008
(1774515077.900403) can0 123#62004742979782FF
(1774515077.900667) can0 124#6208180C6904D608
(1774515077.910371) can0 123#63004742960000FF
(1774515077.910578) can0 124#630818335004C908
(1774515077.920282) can0 123#640046429487D6FF
(1774515077.920485) can0 124#6408185A1504BD08
(1774515077.930117) can0 123#65004642934E5EFF
(1774515077.930325) can0 124#65081880FC04B308
(1774515077.940127) can0 123#6600464291B6DCFF
(1774515077.940214) can0 124#660818A7CA04A608
(1774515077.949961) can0 123#67004642903EB2FF
(1774515077.950119) can0 124#670818CEAD049A08
(1774515077.959823) can0 123#680046428F0539FF
(1774515077.959999) can0 124#680818F57E049008
(1774515077.969724) can0 123#690046428D6DB7FF
(1774515077.969915) can0 124#6908191C65048308
(1774515077.979591) can0 123#6A0046428C14E6FF
(1774515077.979811) can0 124#6A08194336047808
(1774515077.989560) can0 123#6B0046428A9CBCFF
(1774515077.989840) can0 124#6B08196A20046C08
(1774515077.999398) can0 123#6C004642892492FF
(1774515077.999612) can0 124#6C081990F2046008
(1774515078.009326) can0 123#6D00464287CBC1FF
(1774515078.009515) can0 124#6D0819B7DB045508
(1774515078.019204) can0 123#6E0046428672F0FF
(1774515078.019411) can0 124#6E0819DEAB044A08
(1774515078.029083) can0 123#6F00464284FAC6FF
(1774515078.029405) can0 124#6F081A0598043E08
(1774515078.039083) can0 123#7000464283829CFF
(1774515078.039221) can0 124#70081A2C6A043208
(1774515078.049032) can0 123#710046428229CCFF
(1774515078.049113) can0 124#71081A5354042708
(1774515078.058870) can0 123#7200464280B1A2FF
(1774515078.059130) can0 124#72081A7A25041B08
(1774515078.068873) can0 123#730046427E72F0FF
(1774515078.069227) can0 124#73081AA115040F08
(1774515078.078637) can0 123#740046427B829DFF
(1774515078.078868) can0 124#74081AC7E3040308
(1774515078.088764) can0 123#7500464278D0FAFF
(1774515078.088778) can0 124#75081AEECB03F808
(1774515078.098445) can0 123#7600464275E0A7FF
(1774515078.098613) can0 124#76081B159A03EC08
(1774515078.108410) can0 123#77004642736DB7FF
(1774515078.108526) can0 124#77081B3C8003E208
(1774515078.118529) can0 123#78004642703EB2FF
(1774515078.118589) can0 124#78081B634A03D508
(1774515078.128105) can0 123#790046426D4E5EFF
(1774515078.128333) can0 124#79081B8A2E03C908
(1774515078.137963) can0 123#7A0046426A9CBCFF
(1774515078.138318) can0 124#7A081BB10003BE08
(1774515078.147987) can0 123#7B00474267AC68FF
(1774515078.148193) can0 124#7B081BD7E903B208
(1774515078.157773) can0 123#7C004742653977FF
(1774515078.158100) can0 124#7C081BFEB603A808
(1774515078.167682) can0 123#7D004742620A74FF
(1774515078.167984) can0 124#7D081C25A1039B08
(1774515078.177906) can0 123#7E0047425F1A20FF
(1774515078.177969) can0 124#7E081C4C6B038F08
(1774515078.187474) can0 123#7F0047425C687EFF
(1774515078.187698) can0 124#7F081C7357038408
(1774515078.197426) can0 123#8000474259782AFF
(1774515078.197586) can0 124#80081C9A23037808
(1774515078.207306) can0 123#8100474256C688FF
(1774515078.207572) can0 124#81081CC108036D08
(1774515078.217226) can0 123#8200474253D634FF
(1774515078.217443) can0 124#82081CE7D8036108
(1774515078.227149) can0 123#83004742512493FF
(1774515078.227362) can0 124#83081D0EBB035608
(1774515078.236890) can0 123#840047424E343FFF
(1774515078.237148) can0 124#84081D3587034A08
(1774515078.246929) can0 123#850047424B829DFF
(1774515078.247264) can0 124#85081D5C6D033F08
(1774515078.256963) can0 123#86004742489249FF
(1774515078.256983) can0 124#86081D833B033308
(1774515078.266723) can0 123#8700474245A1F5FF
(1774515078.266878) can0 124#87081DAA24032708
(1774515078.276523) can0 123#8800474242B1A2FF
(1774515078.276760) can0 124#88081DD0F1031B08
(1774515078.286478) can0 123#89004742400001FF
(1774515078.286759) can0 124#89081DF7DB031008
(1774515078.296331) can0 123#8A0047423D0FADFF
(1774515078.296550) can0 124#8A081E1EA6030408
(1774515078.306897) can0 123#8B0047423A9CBCFF
(1774515078.306921) can0 124#8B081E458E02FA08
(1774515078.316204) can0 123#8C004742376DB7FF
(1774515078.316308) can0 124#8C081E6C5E02ED08
(1774515078.326129) can0 123#8D004742347D63FF
(1774515078.326283) can0 124#8D081E934302E108
(1774515078.336016) can0 123#8E00474231CBC2FF
(1774515078.336295) can0 124#8E081EBA1102D608
(1774515078.345860) can0 123#8F0047422EDB6EFF
(1774515078.346136) can0 124#8F081EE0F902CA08
(1774515078.355981) can0 123#900047422C29CBFF
(1774515078.356027) can0 124#90081F07C402BF08
(1774515078.365851) can0 123#9100474229782AFF
(1774515078.365887) can0 124#91081F2EB102B408
(1774515078.375606) can0 123#92004742264925FF
(1774515078.375761) can0 124#92081F557F02A708
(1774515078.385568) can0 123#93004742239782FF
(1774515078.385821) can0 124#93081F7C66029C08
(1774515078.395655) can0 123#9400474220A72FFF
(1774515078.395703) can0 124#94081FA333029008
(1774515078.405339) can0 123#950047421DF58DFF
(1774515078.405492) can0 124#95081FCA19028508
(1774515078.415252) can0 123#960047421B0539FF
(1774515078.415507) can0 124#96081FF0E7027908
(1774515078.425283) can0 123#97004742185398FF
(1774515078.425316) can0 124#97082017D0026E08
(1774515078.435199) can0 123#98004742156344FF
(1774515078.435235) can0 124#9808203E9D026208
(1774515078.445091) can0 123#990047421272F0FF
(1774515078.445123) can0 124#9908206581025608
(1774515078.454728) can0 123#9A0047420FC14FFF
(1774515078.455140) can0 124#9A08208C4F024B08
(1774515078.464574) can0 123#9B0047420CD0FBFF
(1774515078.464851) can0 124#9B0820B32E023F08
(1774515078.474437) can0 123#9C00474209E0A7FF
(1774515078.474742) can0 124#9C0820D9F7023308
(1774515078.484365) can0 123#9D004742076DB7FF
(1774515078.484706) can0 124#9D082100DE022908
(1774515078.494210) can0 123#9E004742043EB2FF
(1774515078.494448) can0 124#9E082127AA021C08
(1774515078.504133) can0 123#9F004742014E5EFF
(1774515078.504372) can0 124#9F08214E8F021008
(1774515078.514083) can0 123#A0004741FDB6DCFF
(1774515078.514254) can0 124#A00821755B020608
(1774515078.523937) can0 123#A1004741F758D1FF
(1774515078.524183) can0 124#A108219C4301F908
(1774515078.533807) can0 123#A2004741F1782AFF
(1774515078.534114) can0 124#A20821C30E01ED08
(1774515078.543736) can0 123#A3004741EC14E7FF
(1774515078.543971) can0 124#A30821E9F301E208
(1774515078.553706) can0 123#A4004741E6343FFF
(1774515078.553914) can0 124#A4082210BE01D608
(1774515078.563559) can0 123#A5004741E0D0FAFF
(1774515078.563818) can0 124#A5082237A301CB08
(1774515078.573477) can0 123#A6004741DAF053FF
(1774515078.573722) can0 124#A608225E7101BF08
(1774515078.583338) can0 123#A7004741D50FADFF
(1774515078.583735) can0 124#A70822855201B308
(1774515078.593285) can0 123#A8004741CFAC68FF
(1774515078.593543) can0 124#A80822AC1F01A808
(1774515078.603183) can0 123#A9004741CA4925FF
(1774515078.603379) can0 124#A90822D307019D08
(1774515078.613154) can0 123#AA004741C4687EFF
(1774515078.613290) can0 124#AA0822F9D2019108
(1774515078.623041) can0 123#AB004741BE87D6FF
(1774515078.623168) can0 124#AB082320B7018508
(1774515078.632861) can0 123#AC004741B8A72EFF
(1774515078.633089) can0 124#AC0823477F017908
(1774515078.642820) can0 123#AD004741B343EBFF
(1774515078.642966) can0 124#AD08236E65016E08
(1774515078.652922) can0 123#AE004741AD6344FF
(1774515078.652955) can0 124#AE0823952E016208
(1774515078.662788) can0 123#AF004741A87D63FF
(1774515078.662821) can0 124#AF0823BC0D015808
(1774515078.672550) can0 123#B0004741A21F58FF
(1774515078.672950) can0 124#B00823E2D8014B08
(1774515078.682439) can0 123#B10047419C3EB2FF
(1774515078.682576) can0 124#B1082409B7013F08
(1774515078.692343) can0 123#B200474196DB6EFF
(1774515078.692511) can0 124#B20824307D013408
(1774515078.702271) can0 123#B300474190FAC6FF
(1774515078.702394) can0 124#B308245762012808
(1774515078.712172) can0 123#B40047418B9782FF
(1774515078.712469) can0 124#B408247E2C011D08
(1774515078.722004) can0 123#B500474185B6DCFF
(1774515078.722191) can0 124#B50824A50F011108
(1774515078.731878) can0 123#B6004741805398FF
(1774515078.732078) can0 124#B60824CBD6010608
(1774515078.741784) can0 123#B700474174E5E0FF
(1774515078.741975) can0 124#B70824F2B800FA08
(1774515078.751741) can0 123#B8004641692493FF
(1774515078.751893) can0 124#B80825197F00EE08
(1774515078.761606) can0 123#B90046415D6344FF
(1774515078.761759) can0 124#B90825405D00E208
(1774515078.771780) can0 123#BA004741529CBCFF
(1774515078.771812) can0 124#BA0825672D00D708
(1774515078.781421) can0 123#BB00474146DB6EFF
(1774515078.781603) can0 124#BB08258E0700CB08
(1774515078.791200) can0 123#BC0047413B1A1FFF
(1774515078.791455) can0 124#BC0825B4C900BF08
(1774515078.801232) can0 123#BD004741305398FF
(1774515078.801457) can0 124#BD0825DBA900B408
(1774515078.811033) can0 123#BE004741249249FF
(1774515078.811375) can0 124#BE0826026D00A808
(1774515078.820894) can0 123#BF0046411AC688FF
(1774515078.821293) can0 124#BF0826294B009E08
(1774515078.830903) can0 123#C00046410E0A73FF
(1774515078.831032) can0 124#C008265014009108
(1774515078.840737) can0 123#C1004641024925FF
(1774515078.841009) can0 124#C1082676F8008508
(1774515078.850579) can0 123#C2004740EF0539FF
(1774515078.850768) can0 124#C208269DCB007A08
(1774515078.860448) can0 123#C3004740D7829CFF
(1774515078.860690) can0 124#C30826C4AB006E08
(1774515078.870346) can0 123#C4004640C1F58DFF
(1774515078.870588) can0 124#C40826EB6E006308
(1774515078.880344) can0 123#C5004640AC687EFF
(1774515078.880490) can0 124#C50827124D005808
(1774515078.890173) can0 123#C600464092F054FF
(1774515078.890393) can0 124#C608273918004B08
(1774515078.900023) can0 123#C70046407AC688FF
(1774515078.900257) can0 124#C708275FFC004008
(1774515078.909958) can0 123#C80046404BC14EFF
(1774515078.910223) can0 124#C8082786C2003408
(1774515078.919857) can0 123#C900464020A72FFF
(1774515078.920125) can0 124#C90827ADA7002908
(1774515078.929751) can0 123#CA00463FE343EBFF
(1774515078.929972) can0 124#CA0827D46F001D08
(1774515078.939739) can0 123#CB00463F853978FF
(1774515078.939879) can0 124#CB0827FB55001108
(1774515078.949541) can0 123#CC00463EBC14E5FF
(1774515078.949798) can0 124#CC0828221D000608
(1774515078.959654) can0 123#CD004643B3D0FAFF
(1774515078.959678) can0 124#CD0828490316F208
(1774515078.969396) can0 123#CE004643B37AC6FF
(1774515078.969514) can0 124#CE08286FC916E708
(1774515078.979397) can0 123#CF004643B31CBCFF
(1774515078.979486) can0 124#CF082896AC16DB08
(1774515078.989160) can0 123#D0004643B2BEB2FF
(1774515078.989360) can0 124#D00828BD7616CF08
(1774515078.999128) can0 123#D1004643B260A7FF
(1774515078.999269) can0 124#D10828E45616C308
(1774515079.009028) can0 123#D2004643B20A73FF
(1774515079.009263) can0 124#D208290B1A16B808
(1774515079.018876) can0 123#D3004643B1AC69FF
(1774515079.019157) can0 124#D3082931FE16AC08
(1774515079.028843) can0 123#D4004643B15634FF
(1774515079.028992) can0 124#D4082958C316A108
(1774515079.038734) can0 123#D5004643B10000FF
(1774515079.038897) can0 124#D508297FA8169608
(1774515079.048584) can0 123#D6004743B09A1FFF
(1774515079.048800) can0 124#D60829A679168908
(1774515079.058504) can0 123#D7004743B043EBFF
(1774515079.058809) can0 124#D70829CD62167E08
(1774515079.068363) can0 123#D8004743AFE5E1FF
(1774515079.068689) can0 124#D80829F426167208
(1774515079.078316) can0 123#D9004743AF8FACFF
(1774515079.078443) can0 124#D9082A1B09166708
(1774515079.088618) can0 123#DA004743AF31A2FF
(1774515079.088657) can0 124#DA082A41D2165B08
(1774515079.098299) can0 123#DB004743AEDB6EFF
(1774515079.098315) can0 124#DB082A68B0165008
(1774515079.107968) can0 123#DC004743AE7D63FF
(1774515079.108140) can0 124#DC082A8F7D164408
(1774515079.117881) can0 123#DD004743AE1F59FF
(1774515079.117994) can0 124#DD082AB65A163808
(1774515079.127656) can0 123#DE004743ADC925FF
(1774515079.127937) can0 124#DE082ADD21162D08
(1774515079.137699) can0 123#DF004743AD6B1AFF
(1774515079.137886) can0 124#DF082B0402162108
(1774515079.147622) can0 123#E0004743AD0D10FF
(1774515079.147929) can0 124#E0082B2AC5161508
(1774515079.157511) can0 123#E1004743ACB6DBFF
(1774515079.157787) can0 124#E1082B51A8160A08
(1774515079.167421) can0 123#E2004743AC58D1FF
(1774515079.167548) can0 124#E2082B787115FE08
(1774515079.177230) can0 123#E3004743AC029DFF
(1774515079.177662) can0 124#E3082B9F5815F308
(1774515079.187159) can0 123#E4004743ABAC68FF
(1774515079.187356) can0 124#E4082BC62615E808
(1774515079.197092) can0 123#E5004743AB4688FF
(1774515079.197318) can0 124#E5082BED0F15DB08
(1774515079.207126) can0 123#E6004743AAF054FF
(1774515079.207181) can0 124#E6082C13D915D008
(1774515079.216840) can0 123#E7004743AA9249FF
(1774515079.217041) can0 124#E7082C3ABF15C408
(1774515079.227007) can0 123#E8004743AA3C15FF
(1774515079.227028) can0 124#E8082C618A15B908
(1774515079.236629) can0 123#E9004743A9DE0AFF
(1774515079.236834) can0 124#E9082C886F15AD08
(1774515079.246618) can0 123#EA004743A987D6FF
(1774515079.246828) can0 124#EA082CAF3815A208
(1774515079.256523) can0 123#EB004743A929CCFF
(1774515079.256707) can0 124#EB082CD61D159608
(1774515079.266311) can0 123#EC004743A8CBC1FF
(1774515079.266544) can0 124#EC082CFCED158A08
(1774515079.276256) can0 123#ED004743A8758DFF
(1774515079.276412) can0 124#ED082D23D4157F08
(1774515079.286381) can0 123#EE004743A81783FF
(1774515079.286404) can0 124#EE082D4AA0157308
(1774515079.296024) can0 123#EF004743A7B978FF
(1774515079.296242) can0 124#EF082D7187156708
(1774515079.305908) can0 123#F0004743A76344FF
(1774515079.306230) can0 124#F0082D9851155C08
(1774515079.315884) can0 123#F1004743A70539FF
(1774515079.316056) can0 124#F1082DBF3C155008
(1774515079.325799) can0 123#F2004743A6B6DCFF
(1774515079.325920) can0 124#F2082DE608154608
(1774515079.335794) can0 123#F3004743A650FBFF
(1774515079.335806) can0 124#F3082E0CEB153908
(1774515079.345523) can0 123#F4004743A5F2F0FF
(1774515079.345668) can0 124#F4082E33BB152D08
(1774515079.355318) can0 123#F5004743A59CBCFF
(1774515079.355537) can0 124#F5082E5AA1152208
(1774515079.365246) can0 123#F6004743A53EB2FF
(1774515079.365468) can0 124#F6082E8172151608
(1774515079.375158) can0 123#F7004743A4E87DFF
(1774515079.375331) can0 124#F7082EA85B150B08
(1774515079.384960) can0 123#F8004743A49249FF
(1774515079.385223) can0 124#F8082ECF29150008
(1774515079.394920) can0 123#F9004743A42C68FF
(1774515079.395162) can0 124#F9082EF61114F308
(1774515079.404829) can0 123#FA004743A3D634FF
(1774515079.404995) can0 124#FA082F1CE314E808
(1774515079.414673) can0 123#FB004743A3782AFF
(1774515079.414919) can0 124#FB082F43C714DC08
(1774515079.424554) can0 123#FC004743A321F5FF
(1774515079.424809) can0 124#FC082F6A9314D108
(1774515079.434460) can0 123#FD004743A2C3EBFF
(1774515079.434733) can0 124#FD082F918214C508
(1774515079.444343) can0 123#FE004743A26DB7FF
(1774515079.444604) can0 124#FE082FB85614BA08
(1774515079.454248) can0 123#FF004743A20FACFF
(1774515079.454455) can0 124#FF082FDF3F14AE08
(1774515079.464219) can0 123#00004743A1B1A2FF
(1774515079.464388) can0 124#000830061714A208
(1774515079.474157) can0 123#01004743A15B6EFF
(1774515079.474326) can0 124#0108302D01149708
(1774515079.483980) can0 123#02004643A0FD64FF
(1774515079.484239) can0 124#02083053CC148B08
(1774515079.493931) can0 123#03004643A09F59FF
(1774515079.494110) can0 124#0308307AB5147F08
(1774515079.503798) can0 123#04004743A0414EFF
(1774515079.503957) can0 124#040830A18D147308
(1774515079.513686) can0 123#050047439FEB1AFF
(1774515079.513906) can0 124#050830C87A146808
(1774515079.523578) can0 123#060047439F8D10FF
(1774515079.523835) can0 124#060830EF4C145C08
(1774515079.533465) can0 123#070047439F3EB1FF
(1774515079.533694) can0 124#0708311635145208
(1774515079.543341) can0 123#080047439ED8D1FF
(1774515079.543568) can0 124#0808313CFC144508
(1774515079.553242) can0 123#090047439E7AC7FF
(1774515079.553501) can0 124#09083163E2143908
(1774515079.563195) can0 123#0A0047439E2493FF
(1774515079.563338) can0 124#0A08318AAD142E08
(1774515079.573032) can0 123#0B0046439DC688FF
(1774515079.573254) can0 124#0B0831B18E142208
(1774515079.582958) can0 123#0C0046439D7053FF
(1774515079.583131) can0 124#0C0831D856141708
(1774515079.592884) can0 123#0D0046439D1A20FF
(1774515079.593027) can0 124#0D0831FF39140C08
(1774515079.602769) can0 123#0E0046439CB43FFF
(1774515079.602938) can0 124#0E0832260413FF08
(1774515079.612626) can0 123#0F0046439C5E0AFF
(1774515079.612910) can0 124#0F08324CF213F408
(1774515079.622556) can0 123#100046439C0000FF
(1774515079.622754) can0 124#10083273BD13E808
(1774515079.632423) can0 123#110046439BA9CCFF
(1774515079.632625) can0 124#1108329A9713DD08
(1774515079.642387) can0 123#120046439B4BC2FF
(1774515079.642489) can0 124#120832C15D13D108
(1774515079.652255) can0 123#130046439AF58DFF
(1774515079.652416) can0 124#130832E84613C608
(1774515079.662181) can0 123#140046439A9783FF
(1774515079.662327) can0 124#1408330F1213BA08
(1774515079.672093) can0 123#150046439A414FFF
(1774515079.672300) can0 124#15083335F513AF08
(1774515079.681953) can0 123#1600464399E344FF
(1774515079.682084) can0 124#1608335CC413A308
(1774515079.691812) can0 123#17004643998539FF
(1774515079.691995) can0 124#17083383AD139708
(1774515079.701738) can0 123#1800464399272FFF
(1774515079.701928) can0 124#180833AA7A138B08
(1774515079.711623) can0 123#1900464398D0FBFF
(1774515079.711801) can0 124#190833D166138008
(1774515079.721529) can0 123#1A0046439872F0FF
(1774515079.721752) can0 124#1A0833F83A137408
(1774515079.731382) can0 123#1B004643981CBCFF
(1774515079.731571) can0 124#1B08341F23136908
(1774515079.741267) can0 123#1C00464397C688FF
(1774515079.741463) can0 124#1C083445F3135E08
(1774515079.751247) can0 123#1D0046439760A7FF
(1774515079.751374) can0 124#1D08346CD7135108
(1774515079.761052) can0 123#1E004743970A73FF
(1774515079.761295) can0 124#1E083493AC134608
(1774515079.771070) can0 123#1F00474396AC68FF
(1774515079.771183) can0 124#1F0834BA9B133A08
(1774515079.780848) can0 123#20004743965634FF
(1774515079.781073) can0 124#200834E168132F08
(1774515079.790776) can0 123#2100474395F82AFF
(1774515079.791024) can0 124#210835084F132308
(1774515079.800703) can0 123#2200474395A1F5FF
(1774515079.800979) can0 124#2208352F23131808
(1774515079.810581) can0 123#230047439543EBFF
(1774515079.810803) can0 124#230835560F130C08
(1774515079.820681) can0 123#2400474394E5E1FF
(1774515079.820695) can0 124#2408357CDF130008
(1774515079.830336) can0 123#25004743948FADFF
(1774515079.830651) can0 124#250835A3C912F508
(1774515079.840260) can0 123#260047439431A2FF
(1774515079.840452) can0 124#260835CA9D12E908
(1774515079.850164) can0 123#2700474393D397FF
(1774515079.850408) can0 124#270835F18D12DD08
(1774515079.860063) can0 123#28004743937D63FF
(1774515079.860292) can0 124#280836185912D208
(1774515079.869910) can0 123#29004743931F59FF
(1774515079.870161) can0 124#2908363F4212C608
(1774515079.879904) can0 123#2A00474392C924FF
(1774515079.880052) can0 124#2A0836661412BB08
(1774515079.889744) can0 123#2B004743926B1AFF
(1774515079.889969) can0 124#2B08368D0212AF08
(1774515079.899635) can0 123#2C004743920D10FF
(1774515079.899894) can0 124#2C0836B3D312A308
(1774515079.909494) can0 123#2D00474391AF06FF
(1774515079.909751) can0 124#2D0836DAC4129708
(1774515079.919423) can0 123#2E0047439158D1FF
(1774515079.919638) can0 124#2E08370197128C08
(1774515079.929318) can0 123#2F00474390FAC6FF
(1774515079.929548) can0 124#2F08372880128008
(1774515079.939214) can0 123#3000474390A492FF
(1774515079.939429) can0 124#3008374F53127508
(1774515079.949157) can0 123#31004743904E5EFF
(1774515079.949330) can0 124#3108377641126A08
(1774515079.959031) can0 123#320047438FE87DFF
(1774515079.959943) can0 124#3208379D17125D08
(1774515079.968915) can0 123#330047438F9249FF
(1774515079.969176) can0 124#330837C406125208
(1774515079.978791) can0 123#340047438F343FFF
(1774515079.979037) can0 124#340837EADA124608
(1774515079.988720) can0 123#350047438EDE0BFF
(1774515079.988913) can0 124#35083811C8123B08
(1774515079.998829) can0 123#360047438E87D6FF
(1774515079.998860) can0 124#36083838A2123008
(1774515080.008574) can0 123#370047438E21F5FF
(1774515080.008738) can0 124#3708385F92122308
(1774515080.018474) can0 123#380047438DCBC2FF
(1774515080.018735) can0 124#380838866D121808
(1774515080.028325) can0 123#390047438D6DB7FF
(1774515080.028483) can0 124#390838AD58120C08
(1774515080.038249) can0 123#3A0047438D1782FF
(1774515080.038489) can0 124#3A0838D42F120108
(1774515080.048160) can0 123#3B0047438CB978FF
(1774515080.048334) can0 124#3B0838FB1611F508
(1774515080.058039) can0 123#3C0047438C5B6EFF
(1774515080.058246) can0 124#3C083921F511E908
(1774515080.067931) can0 123#3D0047438C053AFF
(1774515080.068115) can0 124#3D083948D411DE08
(1774515080.077805) can0 123#3E0047438BA72FFF
(1774515080.078004) can0 124#3E08396FA711D208
(1774515080.087714) can0 123#3F0047438B58D1FF
(1774515080.087939) can0 124#3F0839969211C808
(1774515080.097569) can0 123#400047438AF2F1FF
(1774515080.097814) can0 124#400839BD6411BB08
(1774515080.107533) can0 123#410047438A94E6FF
(1774515080.107776) can0 124#410839E44A11AF08
(1774515080.117353) can0 123#420047438A3EB1FF
(1774515080.117593) can0 124#42083A0B1B11A408
(1774515080.127259) can0 123#4300474389E0A7FF
(1774515080.127465) can0 124#43083A3205119808
(1774515080.137141) can0 123#44004743898A73FF
(1774515080.137387) can0 124#44083A58D6118D08
(1774515080.147042) can0 123#4500474389343EFF
(1774515080.147312) can0 124#45083A7FBF118208
(1774515080.157011) can0 123#4600474388CE5EFF
(1774515080.157165) can0 124#46083AA68F117508
(1774515080.166848) can0 123#47004743887054FF
(1774515080.167223) can0 124#47083ACD77116908
(1774515080.177184) can0 123#480047438821F6FF
(1774515080.177214) can0 124#48083AF445115F08
(1774515080.186647) can0 123#4900474387BC15FF
(1774515080.186859) can0 124#49083B1B2B115208
(1774515080.196540) can0 123#4A0047438765E0FF
(1774515080.196825) can0 124#4A083B41FB114708
(1774515080.206448) can0 123#4B004743870FADFF
(1774515080.206692) can0 124#4B083B68E4113C08
(1774515080.216340) can0 123#4C00474386A9CCFF
(1774515080.216564) can0 124#4C083B8FB4112F08
(1774515080.226224) can0 123#4D004743865397FF
(1774515080.226463) can0 124#4D083BB697112408
(1774515080.236134) can0 123#4E00474385F58DFF
(1774515080.236350) can0 124#4E083BDD69111808
(1774515080.246020) can0 123#4F004743859F59FF
(1774515080.246291) can0 124#4F083C0454110D08
(1774515080.255923) can0 123#5000474385414FFF
(1774515080.256174) can0 124#50083C2B21110108
(1774515080.265914) can0 123#5100474384E344FF
(1774515080.266096) can0 124#51083C521210F508
(1774515080.275813) can0 123#52004743848D10FF
(1774515080.275922) can0 124#52083C78E810EA08
(1774515080.285657) can0 123#530047438436DCFF
(1774515080.285849) can0 124#53083C9FD310DF08
(1774515080.295520) can0 123#5400474383D8D1FF
(1774515080.295732) can0 124#54083CC6A510D308
(1774515080.305577) can0 123#55004743837AC6FF
(1774515080.305648) can0 124#55083CED8E10C708
(1774515080.315398) can0 123#56004743831CBCFF
(1774515080.315580) can0 124#56083D146310BB08
(1774515080.325327) can0 123#5700474382C688FF
(1774515080.325434) can0 124#57083D3B5110B008
(1774515080.335498) can0 123#5800474382687EFF
(1774515080.335512) can0 124#58083D621910A408
(1774515080.345068) can0 123#59004743821A1FFF
(1774515080.345223) can0 124#59083D8909109A08
(1774515080.354909) can0 123#5A00474381B43FFF
(1774515080.355116) can0 124#5A083DAFD8108D08
(1774515080.364794) can0 123#5B004643815634FF
(1774515080.365146) can0 124#5B083DD6BE108108
(1774515080.374699) can0 123#5C004643810000FF
(1774515080.374900) can0 124#5C083DFD89107608
(1774515080.385099) can0 123#5D00464380A1F5FF
(1774515080.385108) can0 124#5D083E2474106A08
(1774515080.394468) can0 123#5E004643804BC1FF
(1774515080.394684) can0 124#5E083E4B49105F08
(1774515080.404388) can0 123#5F0046437FEB1AFF
(1774515080.404614) can0 124#5F083E7233105408
(1774515080.414295) can0 123#600046437F1F59FF
(1774515080.414590) can0 124#60083E9900104708
(1774515080.424191) can0 123#610046437E72F0FF
(1774515080.424433) can0 124#61083EBFEB103C08
(1774515080.434050) can0 123#620046437DB6DCFF
(1774515080.434293) can0 124#62083EE6BA103008
(1774515080.443971) can0 123#630046437D0A73FF
(1774515080.444289) can0 124#63083F0DA2102508
(1774515080.453957) can0 123#640046437C4E5FFF
(1774515080.454150) can0 124#64083F346F101908
(1774515080.463857) can0 123#650046437BA1F6FF
(1774515080.464090) can0 124#65083F5B54100E08
(1774515080.473692) can0 123#660046437AE5E0FF
(1774515080.473929) can0 124#66083F8226100208
(1774515080.483556) can0 123#670046437A29CCFF
(1774515080.483824) can0 124#67083FA90D0FF608
(1774515080.493489) can0 123#68004643798D0FFF
(1774515080.493696) can0 124#68083FCFDA0FEC08
(1774515080.503370) can0 123#6900464378C14EFF
(1774515080.503589) can0 124#69083FF6C50FDF08
(1774515080.513290) can0 123#6A00464378053AFF
(1774515080.513462) can0 124#6A08401D8F0FD308
(1774515080.523194) can0 123#6B0046437758D1FF
(1774515080.523380) can0 124#6B084044700FC808
(1774515080.533113) can0 123#6C004643769CBDFF
(1774515080.533246) can0 124#6C08406B3C0FBC08
(1774515080.542926) can0 123#6D00464375E0A7FF
(1774515080.544041) can0 124#6D084092230FB008
(1774515080.552920) can0 123#6E00464375343EFF
(1774515080.553106) can0 124#6E0840B8F20FA508
(1774515080.562771) can0 123#6F0046437487D7FF
(1774515080.562968) can0 124#6F0840DFD50F9A08
(1774515080.572655) can0 123#7000474373BC15FF
(1774515080.572876) can0 124#70084106A70F8D08
(1774515080.582555) can0 123#71004743730FACFF
(1774515080.582810) can0 124#7108412D890F8208
(1774515080.592505) can0 123#72004643725398FF
(1774515080.592634) can0 124#72084154540F7608
(1774515080.602350) can0 123#7300464371A72FFF
(1774515080.602554) can0 124#7308417B340F6B08
(1774515080.612294) can0 123#7400464370EB1BFF
(1774515080.612413) can0 124#740841A2010F5F08
(1774515080.622132) can0 123#75004643703EB2FF
(1774515080.622364) can0 124#750841C8EB0F5408
(1774515080.632090) can0 123#760046436F829DFF
(1774515080.632324) can0 124#760841EFBB0F4808
(1774515080.641965) can0 123#770047436EC687FF
(1774515080.642177) can0 124#77084216AA0F3C08
(1774515080.651919) can0 123#780046436E1A1FFF
(1774515080.652000) can0 124#7808423D730F3108
(1774515080.661834) can0 123#790046436D5E0AFF
(1774515080.661911) can0 124#79084264580F2508
(1774515080.671601) can0 123#7A0046436CA1F6FF
(1774515080.671810) can0 124#7A08428B200F1908
(1774515080.681557) can0 123#7B0046436BF58DFF
(1774515080.681726) can0 124#7B0842B2020F0E08
(1774515080.691495) can0 123#7C0046436B3978FF
(1774515080.691636) can0 124#7C0842D8CF0F0208
(1774515080.701378) can0 123#7D0046436A7D64FF
(1774515080.701506) can0 124#7D0842FFB10EF608
(1774515080.711273) can0 123#7E00474369E0A7FF
(1774515080.711426) can0 124#7E084326820EEC08
(1774515080.721114) can0 123#7F0047436914E5FF
(1774515080.721334) can0 124#7F08434D660EDF08
(1774515080.731066) can0 123#8000474368687DFF
(1774515080.731207) can0 124#80084374330ED408
(1774515080.740919) can0 123#8100474367AC68FF
(1774515080.741141) can0 124#8108439B160EC808
(1774515080.750822) can0 123#8200474366F054FF
(1774515080.751035) can0 124#820843C1E40EBC08
(1774515080.760734) can0 123#830047436643EBFF
(1774515080.760909) can0 124#830843E8C70EB108
(1774515080.770636) can0 123#84004743659782FF
(1774515080.770802) can0 124#8408440F910EA608
(1774515080.780546) can0 123#8500474364CBC2FF
(1774515080.780757) can0 124#85084436770E9908
(1774515080.790375) can0 123#86004743641F59FF
(1774515080.790594) can0 124#8608445D470E8E08
(1774515080.800292) can0 123#87004743636343FF
(1774515080.800507) can0 124#87084484300E8208
(1774515080.810198) can0 123#8800474362B6DCFF
(1774515080.810435) can0 124#880844AAFF0E7708
(1774515080.820142) can0 123#8900474361FAC6FF
(1774515080.820306) can0 124#890844D1E90E6B08
(1774515080.830079) can0 123#8A004743613EB2FF
(1774515080.830189) can0 124#8A0844F8B20E5F08
(1774515080.839938) can0 123#8B004743609249FF
(1774515080.840112) can0 124#8B08451F9B0E5408
(1774515080.849785) can0 123#8C0047435FD634FF
(1774515080.849967) can0 124#8C084546690E4808
(1774515080.859652) can0 123#8D0047435F3978FF
(1774515080.859988) can0 124#8D08456D550E3E08
(1774515080.869583) can0 123#8E0047435E6DB7FF
(1774515080.869756) can0 124#8E084594210E3108
(1774515080.879476) can0 123#8F0047435DB1A3FF
(1774515080.879686) can0 124#8F0845BB0A0E2508
(1774515080.889405) can0 123#900047435D053AFF
(1774515080.889692) can0 124#900845E1D80E1A08
(1774515080.899382) can0 123#910047435C4924FF
(1774515080.899490) can0 124#91084608BE0E0E08
(1774515080.909216) can0 123#920047435B8D0FFF
(1774515080.909389) can0 124#9208462F8E0E0208
(1774515080.919147) can0 123#930047435AF053FF
(1774515080.919252) can0 124#93084656700DF808
(1774515080.928956) can0 123#940047435A2492FF
(1774515080.929155) can0 124#9408467D3E0DEB08
(1774515080.938835) can0 123#9500474359782AFF
(1774515080.939056) can0 124#950846A4260DE008
(1774515080.948771) can0 123#9600474358BC15FF
(1774515080.948936) can0 124#960846CAF50DD408
(1774515080.958668) can0 123#97004743580001FF
(1774515080.958860) can0 124#970846F1D70DC808
(1774515080.968575) can0 123#98004743575398FF
(1774515080.968723) can0 124#98084718A70DBD08
(1774515080.978504) can0 123#99004743569782FF
(1774515080.978657) can0 124#9908473F8B0DB108
(1774515080.988357) can0 123#9A00474355DB6DFF
(1774515080.988524) can0 124#9A084766580DA508
(1774515080.998332) can0 123#9B004743552F05FF
(1774515080.998481) can0 124#9B08478D400D9A08
(1774515081.008143) can0 123#9C0047435472F0FF
(1774515081.008388) can0 124#9C0847B40E0D8E08
(1774515081.018014) can0 123#9D00474353C688FF
(1774515081.018233) can0 124#9D0847DAF80D8308
(1774515081.027949) can0 123#9E004743530A73FF
(1774515081.028153) can0 124#9E084801C50D7708
(1774515081.037832) can0 123#9F004743524E5EFF
(1774515081.038153) can0 124#9F084828A80D6B08
(1774515081.047711) can0 123#A000474351A1F6FF
(1774515081.048029) can0 124#A008484F780D6008
(1774515081.057728) can0 123#A100474350E5E1FF
(1774515081.057822) can0 124#A1084876610D5408
(1774515081.067600) can0 123#A2004743503979FF
(1774515081.067729) can0 124#A208489D300D4908
(1774515081.077441) can0 123#A30047434F8D10FF
(1774515081.077705) can0 124#A30848C4180D3E08
(1774515081.087317) can0 123#A40047434EC14EFF
(1774515081.087568) can0 124#A40848EAE50D3108
(1774515081.097221) can0 123#A50047434E14E6FF
(1774515081.097404) can0 124#A5084911CD0D2608
(1774515081.107107) can0 123#A60047434D58D1FF
(1774515081.107314) can0 124#A60849389D0D1A08
(1774515081.117072) can0 123#A70047434C9CBCFF
(1774515081.117272) can0 124#A708495F860D0E08
(1774515081.126948) can0 123#A80047434BF054FF
(1774515081.127107) can0 124#A8084986500D0308
(1774515081.136815) can0 123#A90047434B43EBFF
(1774515081.137022) can0 124#A90849AD320CF808
(1774515081.146679) can0 123#AA0047434A7829FF
(1774515081.146927) can0 124#AA0849D3FB0CEB08
(1774515081.156622) can0 123#AB00474349CBC1FF
(1774515081.156799) can0 124#AB0849FAE70CE008
(1774515081.166534) can0 123#AC004743490FACFF
(1774515081.166701) can0 124#AC084A21B80CD408
(1774515081.176367) can0 123#AD004743486344FF
(1774515081.176597) can0 124#AD084A48A00CC908
(1774515081.186353) can0 123#AE00474347A72FFF
(1774515081.186504) can0 124#AE084A6F6F0CBD08
(1774515081.196213) can0 123#AF00474346EB1AFF
(1774515081.196437) can0 124#AF084A965A0CB108
(1774515081.206098) can0 123#B0004743463EB2FF
(1774515081.206256) can0 124#B0084ABD290CA608
(1774515081.215978) can0 123#B100474345829DFF
(1774515081.216191) can0 124#B1084AE4130C9A08
(1774515081.225937) can0 123#B200474344E5E1FF
(1774515081.226074) can0 124#B2084B0AE20C9008
(1774515081.235829) can0 123#B3004743441A1FFF
(1774515081.235990) can0 124#B3084B31C90C8308
(1774515081.245706) can0 123#B4004743435E0AFF
(1774515081.245859) can0 124#B4084B58990C7708
(1774515081.255524) can0 123#B500464342B1A2FF
(1774515081.255769) can0 124#B5084B7F7E0C6C08
(1774515081.265435) can0 123#B600474341F58DFF
(1774515081.265684) can0 124#B6084BA6570C6008
(1774515081.275373) can0 123#B7004743414924FF
(1774515081.275604) can0 124#B7084BCD3E0C5508
(1774515081.285236) can0 123#B8004743409CBCFF
(1774515081.285484) can0 124#B8084BF4110C4A08
(1774515081.295160) can0 123#B90047433FD0FBFF
(1774515081.295354) can0 124#B9084C1AF50C3D08
(1774515081.305024) can0 123#BA0047433F2493FF
(1774515081.305280) can0 124#BA084C41C60C3208
(1774515081.315032) can0 123#BB0047433E782AFF
(1774515081.315148) can0 124#BB084C68B20C2708
(1774515081.324810) can0 123#BC0047433DBC15FF
(1774515081.325071) can0 124#BC084C8F830C1B08
(1774515081.334730) can0 123#BD0047433CFFFFFF
(1774515081.334986) can0 124#BD084CB66A0C0F08
(1774515081.344621) can0 123#BE0047433C5397FF
(1774515081.344862) can0 124#BE084CDD3D0C0408
(1774515081.354550) can0 123#BF0047433B9782FF
(1774515081.354773) can0 124#BF084D04260BF808
(1774515081.364423) can0 123#C00047433ADB6EFF
(1774515081.364647) can0 124#C0084D2AF20BEC08
(1774515081.375255) can0 123#C10047433A2F05FF
(1774515081.375265) can0 124#C1084D51D90BE108
(1774515081.384245) can0 123#C20047433972F1FF
(1774515081.384477) can0 124#C2084D78AA0BD508
(1774515081.394130) can0 123#C300474338B6DCFF
(1774515081.394359) can0 124#C3084D9F910BC908
(1774515081.404106) can0 123#C4004743380A73FF
(1774515081.404228) can0 124#C4084DC65D0BBE08
(1774515081.413951) can0 123#C5004643374E5DFF
(1774515081.414148) can0 124#C5084DED390BB208
(1774515081.423788) can0 123#C600464336B1A2FF
(1774515081.424067) can0 124#C6084E14050BA808
(1774515081.433700) can0 123#C700464335F58EFF
(1774515081.433960) can0 124#C7084E3AEB0B9C08
(1774515081.443626) can0 123#C80046433529CCFF
(1774515081.443801) can0 124#C8084E61B90B8F08
(1774515081.453548) can0 123#C9004643347D63FF
(1774515081.453752) can0 124#C9084E88A40B8408
(1774515081.463416) can0 123#CA00464333C14EFF
(1774515081.463602) can0 124#CA084EAF710B7808
(1774515081.473279) can0 123#CB0046433314E6FF
(1774515081.473490) can0 124#CB084ED6580B6D08
(1774515081.483212) can0 123#CC0047433258D1FF
(1774515081.483395) can0 124#CC084EFD300B6108
(1774515081.493076) can0 123#CD00474331AC69FF
(1774515081.493302) can0 124#CD084F24140B5608
(1774515081.502980) can0 123#CE00474330E0A7FF
(1774515081.503191) can0 124#CE084F4AE30B4908
(1774515081.513022) can0 123#CF00474330343FFF
(1774515081.513120) can0 124#CF084F71C80B3E08
(1774515081.522856) can0 123#D00047432F782AFF
(1774515081.523018) can0 124#D0084F98900B3208
(1774515081.532734) can0 123#D10047432ECBC1FF
(1774515081.532939) can0 124#D1084FBF720B2708
(1774515081.542582) can0 123#D20047432E1F59FF
(1774515081.542781) can0 124#D2084FE6420B1C08
(1774515081.552573) can0 123#D30047432D5398FF
(1774515081.552702) can0 124#D308500D290B0F08
(1774515081.562492) can0 123#D40047432CA72FFF
(1774515081.562665) can0 124#D4085033F60B0408
(1774515081.572309) can0 123#D50047432BFAC7FF
(1774515081.572499) can0 124#D508505ADB0AF908
(1774515081.582191) can0 123#D60047432B3EB1FF
(1774515081.582354) can0 124#D6085081A70AED08
(1774515081.592064) can0 123#D70047432A829DFF
(1774515081.592368) can0 124#D70850A88A0AE108
(1774515081.602013) can0 123#D800474329C688FF
(1774515081.602202) can0 124#D80850CF580AD508
(1774515081.611855) can0 123#D9004743291A20FF
(1774515081.612104) can0 124#D90850F6350ACA08
(1774515081.621744) can0 123#DA004743285E0AFF
(1774515081.621979) can0 124#DA08511D010ABE08
(1774515081.631665) can0 123#DB00474327C14FFF
(1774515081.631926) can0 124#DB085143E80AB408
(1774515081.641548) can0 123#DC00474326F58DFF
(1774515081.641746) can0 124#DC08516AB10AA708
(1774515081.651461) can0 123#DD004743263978FF
(1774515081.651646) can0 124#DD0851919B0A9B08
(1774515081.661350) can0 123#DE004743258D0FFF
(1774515081.661562) can0 124#DE0851B8680A9008
(1774515081.671258) can0 123#DF00474324D0FBFF
(1774515081.671491) can0 124#DF0851DF4E0A8408
(1774515081.681162) can0 123#E0004743242492FF
(1774515081.681364) can0 124#E0085206200A7908
(1774515081.691123) can0 123#E100474323782AFF
(1774515081.691241) can0 124#E108522D0D0A6E08
(1774515081.700959) can0 123#E200474322AC68FF
(1774515081.701152) can0 124#E2085253DA0A6108
(1774515081.710877) can0 123#E3004743220000FF
(1774515081.711087) can0 124#E308527AC20A5608
(1774515081.720712) can0 123#E40047432143EBFF
(1774515081.720911) can0 124#E40852A18D0A4A08
(1774515081.730654) can0 123#E5004743209783FF
(1774515081.730853) can0 124#E50852C8750A3F08
(1774515081.740574) can0 123#E60047431FDB6EFF
(1774515081.740781) can0 124#E60852EF400A3308
(1774515081.750456) can0 123#E70047431F1F59FF
(1774515081.750697) can0 124#E7085316280A2708
(1774515081.760305) can0 123#E80047431E72F0FF
(1774515081.760508) can0 124#E808533CEE0A1C08
(1774515081.770245) can0 123#E90047431DB6DCFF
(1774515081.770447) can0 124#E9085363D00A1008
(1774515081.780098) can0 123#EA0047431D1A20FF
(1774515081.780321) can0 124#EA08538A9C0A0608
(1774515081.790022) can0 123#EB0047431C4E5EFF
(1774515081.790228) can0 124#EB0853B18309F908
(1774515081.799987) can0 123#EC0047431B9249FF
(1774515081.800095) can0 124#EC0853D85009ED08
(1774515081.809788) can0 123#ED0047431AE5E0FF
(1774515081.810046) can0 124#ED0853FF3609E208
(1774515081.819724) can0 123#EE0047431A29CCFF
(1774515081.819942) can0 124#EE0854260009D608
(1774515081.829637) can0 123#EF004743197D63FF
(1774515081.829832) can0 124#EF08544CE709CB08
(1774515081.839498) can0 123#F000474318D0FBFF
(1774515081.839721) can0 124#F0085473B509C008
(1774515081.849421) can0 123#F1004743180539FF
(1774515081.849601) can0 124#F108549A9909B308
(1774515081.859302) can0 123#F20047431758D1FF
(1774515081.859479) can0 124#F20854C16609A808
(1774515081.869277) can0 123#F300474316AC68FF
(1774515081.869404) can0 124#F30854E84C099D08
(1774515081.879146) can0 123#F400474315F054FF
(1774515081.879267) can0 124#F408550F16099108
(1774515081.889028) can0 123#F500474315343EFF
(1774515081.889208) can0 124#F508553602098508
(1774515081.898879) can0 123#F60047431487D6FF
(1774515081.899124) can0 124#F608555CD2097A08
(1774515081.908834) can0 123#F700474313CBC1FF
(1774515081.909021) can0 124#F7085583BC096E08
(1774515081.918744) can0 123#F8004743130FADFF
(1774515081.918933) can0 124#F80855AA8F096208
(1774515081.928664) can0 123#F90047431272F0FF
(1774515081.928822) can0 124#F90855D177095808
(1774515081.938507) can0 123#FA00474311A72FFF
(1774515081.938706) can0 124#FA0855F845094B08
(1774515081.948381) can0 123#FB00474310EB1AFF
(1774515081.948839) can0 124#FB08561F32093F08
(1774515081.958542) can0 123#FC004743103EB2FF
(1774515081.958651) can0 124#FC08564602093408
(1774515081.968179) can0 123#FD0047430F829DFF
(1774515081.968410) can0 124#FD08566CF3092808
(1774515081.978047) can0 123#FE0047430ED635FF
(1774515081.978281) can0 124#FE085693C0091D08
(1774515081.987981) can0 123#FF0047430E1A1FFF
(1774515081.988233) can0 124#FF0856BAAE091108
(1774515081.997847) can0 123#000047430D5E0BFF
(1774515081.998086) can0 124#000856E180090508
(1774515082.007854) can0 123#010047430CA1F5FF
(1774515082.007995) can0 124#010857086908F908
(1774515082.017747) can0 123#020047430BF58DFF
(1774515082.017858) can0 124#0208572F3808EE08
(1774515082.027556) can0 123#030047430B3978FF
(1774515082.027750) can0 124#030857562108E208
(1774515082.037470) can0 123#040047430A8D10FF
(1774515082.037658) can0 124#0408577CED08D708
(1774515082.047372) can0 123#0500474309E0A7FF
(1774515082.047576) can0 124#050857A3D408CC08
(1774515082.057273) can0 123#060047430914E6FF
(1774515082.057456) can0 124#060857CA9D08BF08
(1774515082.067166) can0 123#0700474308687DFF
(1774515082.067366) can0 124#070857F18708B408
(1774515082.077107) can0 123#0800474307AC69FF
(1774515082.077251) can0 124#080858185508A808
(1774515082.087185) can0 123#09004743070000FF
(1774515082.087194) can0 124#0908583F3D089D08
(1774515082.096830) can0 123#0A0047430643EBFF
(1774515082.097103) can0 124#0A08586612089108
(1774515082.106712) can0 123#0B004743059783FF
(1774515082.107107) can0 124#0B08588CFB088608
(1774515082.116852) can0 123#0C00474304DB6EFF
(1774515082.116860) can0 124#0C0858B3D1087A08
(1774515082.126592) can0 123#0D004743041F59FF
(1774515082.126744) can0 124#0D0858DABA086E08
(1774515082.136426) can0 123#0E0046430372F0FF
(1774515082.136608) can0 124#0E08590180086308
(1774515082.146379) can0 123#0F00464302B6DBFF
(1774515082.146567) can0 124#0F08592866085708
(1774515082.156214) can0 123#1000464301FAC6FF
(1774515082.156408) can0 124#1008594F34084B08
(1774515082.166944) can0 123#11004643014E5EFF
(1774515082.166954) can0 124#1108597615084008
(1774515082.176075) can0 123#12004743009249FF
(1774515082.176249) can0 124#1208599CE4083408
(1774515082.185956) can0 123#13004742FFCBC2FF
(1774515082.186129) can0 124#130859C3C3082908
(1774515082.195816) can0 123#14004742FE72F0FF
(1774515082.196025) can0 124#140859EA8B081E08
(1774515082.205720) can0 123#15004742FCDB6EFF
(1774515082.205945) can0 124#15085A116E081108
(1774515082.215725) can0 123#16004742FB829DFF
(1774515082.215831) can0 124#16085A3837080608
(1774515082.225564) can0 123#17004742FA29CCFF
(1774515082.225712) can0 124#17085A5F2107FB08
(1774515082.235603) can0 123#18004742F8B1A2FF
(1774515082.235613) can0 124#18085A85EA07EF08
(1774515082.245288) can0 123#19004742F73978FF
(1774515082.245661) can0 124#19085AACCD07E308
(1774515082.255393) can0 123#1A004742F5E0A7FF
(1774515082.255402) can0 124#1A085AD39807D808
(1774515082.265099) can0 123#1B004642F44924FF
(1774515082.265567) can0 124#1B085AFA7607CB08
(1774515082.274927) can0 123#1C004642F2F054FF
(1774515082.275185) can0 124#1C085B214407C008
(1774515082.284945) can0 123#1D004642F19783FF
(1774515082.285115) can0 124#1D085B482E07B508
(1774515082.294790) can0 123#1E004642F01F59FF
(1774515082.295029) can0 124#1E085B6EFA07A908
(1774515082.304855) can0 123#1F004642EEA72FFF
(1774515082.304956) can0 124#1F085B95E3079D08
(1774515082.314645) can0 123#20004742ED4E5EFF
(1774515082.314803) can0 124#20085BBCB5079208
(1774515082.324456) can0 123#21004742EBD634FF
(1774515082.324705) can0 124#21085BE39A078608
(1774515082.334383) can0 123#22004742EA5E0AFF
(1774515082.334580) can0 124#22085C0A5F077A08
(1774515082.344253) can0 123#23004742E92493FF
(1774515082.344581) can0 124#23085C3145077008
(1774515082.354121) can0 123#24004742E78D10FF
(1774515082.354364) can0 124#24085C580D076308
(1774515082.364410) can0 123#25004742E614E6FF
(1774515082.364424) can0 124#25085C7EF5075708
(1774515082.374068) can0 123#26004742E4BC14FF
(1774515082.374202) can0 124#26085CA5C4074C08
(1774515082.383899) can0 123#27004742E343EBFF
(1774515082.384091) can0 124#27085CCCA9074008
(1774515082.394034) can0 123#28004742E1EB1AFF
(1774515082.394049) can0 124#28085CF372073508
(1774515082.403690) can0 123#29004742E09249FF
(1774515082.403861) can0 124#29085D1A58072A08
(1774515082.413644) can0 123#2A004742DEFAC6FF
(1774515082.413785) can0 124#2A085D4123071D08
(1774515082.423422) can0 123#2B004742DDA1F5FF
(1774515082.423657) can0 124#2B085D680A071208
(1774515082.433386) can0 123#2C004742DC29CCFF
(1774515082.433628) can0 124#2C085D8ECE070608
(1774515082.443287) can0 123#2D004742DAD0FBFF
(1774515082.443480) can0 124#2D085DB5B506FB08
(1774515082.453223) can0 123#2E004742D958D0FF
(1774515082.453354) can0 124#2E085DDC8406EF08
(1774515082.463170) can0 123#2F004742D7E0A7FF
(1774515082.463337) can0 124#2F085E037206E308
(1774515082.473050) can0 123#30004742D687D6FF
(1774515082.473293) can0 124#30085E2A4306D808
(1774515082.482925) can0 123#31004742D50FADFF
(1774515082.483158) can0 124#31085E512B06CC08
(1774515082.492845) can0 123#32004742D3D634FF
(1774515082.493015) can0 124#32085E77FE06C208
(1774515082.502677) can0 123#33004742D23EB1FF
(1774515082.502929) can0 124#33085E9EEC06B508
(1774515082.512591) can0 123#34004742D0C688FF
(1774515082.512786) can0 124#34085EC5B706A908
(1774515082.522491) can0 123#35004742CF4E5FFF
(1774515082.522671) can0 124#35085EECA4069D08
(1774515082.532370) can0 123#36004742CDF58EFF
(1774515082.532649) can0 124#36085F1376069208
(1774515082.542286) can0 123#37004742CC7D63FF
(1774515082.542527) can0 124#37085F3A64068608
(1774515082.552223) can0 123#38004742CB43EBFF
(1774515082.552344) can0 124#38085F6136067C08
(1774515082.562114) can0 123#39004742C9AC69FF
(1774515082.562277) can0 124#39085F8820066F08
(1774515082.571978) can0 123#3A004742C8343EFF
(1774515082.572187) can0 124#3A085FAEF3066308
(1774515082.581888) can0 123#3B004742C6DB6EFF
(1774515082.582155) can0 124#3B085FD5DF065808
(1774515082.591812) can0 123#3C004742C56344FF
(1774515082.592033) can0 124#3C085FFCB1064C08
(1774515082.601785) can0 123#3D004742C40A73FF
(1774515082.601933) can0 124#3D086023A1064108
(1774515082.611535) can0 123#3E004742C2B1A2FF
(1774515082.611730) can0 124#3E08604A75063608
(1774515082.621476) can0 123#3F004742C11A1FFF
(1774515082.621632) can0 124#3F0860715D062908
(1774515082.631464) can0 123#40004742BFC14EFF
(1774515082.631572) can0 124#4008609832061E08
(1774515082.641297) can0 123#41004742BE4925FF
(1774515082.641479) can0 124#410860BF1B061208
(1774515082.651219) can0 123#42004742BCF053FF
(1774515082.651413) can0 124#420860E5EE060708
(1774515082.661125) can0 123#43004742BB782AFF
(1774515082.661393) can0 124#4308610CDB05FB08
(1774515082.671175) can0 123#44004742BA0000FF
(1774515082.671191) can0 124#44086133B105EF08
(1774515082.681018) can0 123#45004742B8A72EFF
(1774515082.681243) can0 124#4508615A9D05E408
(1774515082.690925) can0 123#46004742B72F05FF
(1774515082.691111) can0 124#460861816F05D808
(1774515082.700742) can0 123#47004742B5F58EFF
(1774515082.700887) can0 124#470861A85E05CE08
(1774515082.710605) can0 123#48004742B45E0BFF
(1774515082.710804) can0 124#480861CF2F05C108
(1774515082.720526) can0 123#49004742B2E5E0FF
(1774515082.720751) can0 124#490861F61605B508
(1774515082.730344) can0 123#4A004742B18D10FF
(1774515082.730599) can0 124#4A08621CE405AA08
(1774515082.740500) can0 123#4B004742B014E6FF
(1774515082.740514) can0 124#4B086243CD059E08
(1774515082.750182) can0 123#4C004742AEBC15FF
(1774515082.750364) can0 124#4C08626AA1059308
(1774515082.760052) can0 123#4D004742AD6344FF
(1774515082.760224) can0 124#4D0862918A058808
(1774515082.770003) can0 123#4E004742ABCBC1FF
(1774515082.770164) can0 124#4E0862B857057B08
(1774515082.779827) can0 123#4F004742AA72F0FF
(1774515082.780049) can0 124#4F0862DF41057008
(1774515082.789716) can0 123#50004742A8FAC7FF
(1774515082.789922) can0 124#5008630616056408
(1774515082.799713) can0 123#51004742A7A1F6FF
(1774515082.799792) can0 124#5108632CFA055908
(1774515082.809528) can0 123#52004742A629CCFF
(1774515082.809820) can0 124#52086353C9054D08
(1774515082.819455) can0 123#53004742A4D0FBFF
(1774515082.819604) can0 124#5308637AAE054208
(1774515082.829367) can0 123#54004742A358D1FF
(1774515082.829572) can0 124#540863A178053608
(1774515082.839265) can0 123#55004742A1E0A7FF
(1774515082.839469) can0 124#550863C85B052A08
(1774515082.849116) can0 123#56004742A0687DFF
(1774515082.849485) can0 124#560863EF2C051E08
(1774515082.859238) can0 123#570047429F0FADFF
(1774515082.859274) can0 124#5708641612051308
(1774515082.869018) can0 123#580047429D9783FF
(1774515082.869364) can0 124#5808643CE1050708
(1774515082.878835) can0 123#590047429C3EB2FF
(1774515082.879185) can0 124#59086463C504FC08
(1774515082.888963) can0 123#5A0047429AC688FF
(1774515082.888977) can0 124#5A08648A9304F008
(1774515082.898896) can0 123#5B004742994E5EFF
(1774515082.898927) can0 124#5B0864B17C04E408
(1774515082.908536) can0 123#5C0047429814E6FF
(1774515082.908960) can0 124#5C0864D84B04DA08
(1774515082.918504) can0 123#5D004742967D64FF
(1774515082.918747) can0 124#5D0864FF3204CD08
(1774515082.928321) can0 123#5E00474295053AFF
(1774515082.928564) can0 124#5E0865260204C108
(1774515082.938206) can0 123#5F00474293AC69FF
(1774515082.938529) can0 124#5F08654CE504B608
(1774515082.948090) can0 123#6000474292343FFF
(1774515082.948333) can0 124#60086573B604AA08
(1774515082.958750) can0 123#6100474290DB6EFF
(1774515082.958762) can0 124#6108659A9A049F08
(1774515082.967861) can0 123#620047428F829DFF
(1774515082.968067) can0 124#620865C163049408
(1774515082.977793) can0 123#630046428DEB1AFF
(1774515082.978433) can0 124#630865E847048708
(1774515082.987647) can0 123#640046428C9249FF
(1774515082.987837) can0 124#6408660F0F047C08
(1774515082.997523) can0 123#650046428B1A1FFF
(1774515082.997806) can0 124#65086635EF047008
(1774515083.007523) can0 123#6600464289C14EFF
(1774515083.007689) can0 124#6608665CBE046508
(1774515083.017454) can0 123#67004642884924FF
(1774515083.017642) can0 124#67086683A9045908
(1774515083.027336) can0 123#6800464286F053FF
(1774515083.027440) can0 124#680866AA73044E08
(1774515083.037277) can0 123#6900464285782AFF
(1774515083.037405) can0 124#690866D159044208
(1774515083.047180) can0 123#6A004642841F59FF
(1774515083.047304) can0 124#6A0866F828043708
(1774515083.057010) can0 123#6B00464282A72FFF
(1774515083.057170) can0 124#6B08671F10042B08
(1774515083.067104) can0 123#6C004642812F05FF
(1774515083.067116) can0 124#6C086745DE041F08
(1774515083.077057) can0 123#6D0046427F6DB7FF
(1774515083.077072) can0 124#6D08676CC3041308
(1774515083.086614) can0 123#6E0046427CBC14FF
(1774515083.086950) can0 124#6E0867938E040808
(1774515083.096748) can0 123#6F00464279CBC2FF
(1774515083.096763) can0 124#6F0867BA6F03FC08
(1774515083.106435) can0 123#70004642771A20FF
(1774515083.106579) can0 124#700867E13903F108
(1774515083.116366) can0 123#7100474274687DFF
(1774515083.116498) can0 124#710868081F03E608
(1774515083.126226) can0 123#72004742713978FF
(1774515083.126364) can0 124#7208682EE903D908
(1774515083.136081) can0 123#730046426E87D6FF
(1774515083.136274) can0 124#73086855C903CE08
(1774515083.145959) can0 123#740047426B9782FF
(1774515083.146207) can0 124#7408687C9503C208
(1774515083.155913) can0 123#7500474268A730FF
(1774515083.156110) can0 124#750868A37603B608
(1774515083.165718) can0 123#7600474265F58DFF
(1774515083.165958) can0 124#760868CA3E03AB08
(1774515083.175632) can0 123#770047426343EBFF
(1774515083.175879) can0 124#770868F12203A008
(1774515083.185517) can0 123#780047426014E6FF
(1774515083.185780) can0 124#78086917EC039308
(1774515083.195456) can0 123#790047425D6344FF
(1774515083.195674) can0 124#7908693ED3038808
(1774515083.205391) can0 123#7A0046425A72F0FF
(1774515083.205554) can0 124#7A08696596037C08
(1774515083.215307) can0 123#7B00464257C14FFF
(1774515083.215450) can0 124#7B08698C80037108
(1774515083.225179) can0 123#7C00464254D0FBFF
(1774515083.225370) can0 124#7C0869B345036508
(1774515083.235138) can0 123#7D00464251E0A7FF
(1774515083.235246) can0 124#7D0869DA28035908
(1774515083.244941) can0 123#7E0046424F2F05FF
(1774515083.245102) can0 124#7E086A00F1034E08
(1774515083.254911) can0 123#7F0046424C3EB1FF
(1774515083.255100) can0 124#7F086A27DA034208
(1774515083.264714) can0 123#8000474249CBC1FF
(1774515083.265107) can0 124#80086A4EA8033808
(1774515083.274645) can0 123#81004742469CBBFF
(1774515083.274834) can0 124#81086A758F032B08
(1774515083.284538) can0 123#8200474243AC69FF
(1774515083.284742) can0 124#82086A9C5E031F08
(1774515083.294490) can0 123#8300474240FAC7FF
(1774515083.294644) can0 124#83086AC347031408
(1774515083.304390) can0 123#840047423E0A73FF
(1774515083.304500) can0 124#84086AEA19030808
(1774515083.314264) can0 123#850047423B58D1FF
(1774515083.314527) can0 124#85086B110002FD08
(1774515083.324332) can0 123#8600474238A72EFF
(1774515083.324338) can0 124#86086B37D102F208
(1774515083.334056) can0 123#87004742357829FF
(1774515083.334208) can0 124#87086B5EBB02E508
(1774515083.344008) can0 123#8800474232C688FF
(1774515083.344122) can0 124#88086B858C02DA08
(1774515083.353916) can0 123#890047422FD635FF
(1774515083.354003) can0 124#89086BAC7302CE08
(1774515083.363687) can0 123#8A0047422D2492FF
(1774515083.363899) can0 124#8A086BD33D02C308
(1774515083.373682) can0 123#8B0047422A343FFF
(1774515083.373997) can0 124#8B086BFA2102B708
(1774515083.383711) can0 123#8C00474227829DFF
(1774515083.383976) can0 124#8C086C20F002AC08
(1774515083.393531) can0 123#8D004742249249FF
(1774515083.393659) can0 124#8D086C47D702A008
(1774515083.403521) can0 123#8E00474221A1F5FF
(1774515083.403725) can0 124#8E086C6EA2029408
(1774515083.413378) can0 123#8F0047421F2F05FF
(1774515083.413529) can0 124#8F086C958A028A08
(1774515083.423211) can0 123#900047421C0000FF
(1774515083.423379) can0 124#90086CBC56027D08
(1774515083.433161) can0 123#91004742190FACFF
(1774515083.433333) can0 124#91086CE33E027108
(1774515083.442969) can0 123#92004742165E0BFF
(1774515083.443302) can0 124#92086D0A0B026608
(1774515083.452892) can0 123#93004742136DB7FF
(1774515083.453119) can0 124#93086D30EF025A08
(1774515083.462811) can0 123#94004742107D63FF
(1774515083.463124) can0 124#94086D57BA024E08
(1774515083.472713) can0 123#950047420DCBC2FF
(1774515083.472948) can0 124#95086D7E9E024308
(1774515083.482628) can0 123#960047420ADB6EFF
(1774515083.482810) can0 124#96086DA569023708
(1774515083.492955) can0 123#970047420829CCFF
(1774515083.492975) can0 124#97086DCC4C022C08
(1774515083.502456) can0 123#98004742053978FF
(1774515083.502640) can0 124#98086DF314022008
(1774515083.512295) can0 123#990047420287D6FF
(1774515083.512455) can0 124#99086E19F9021508
(1774515083.522174) can0 123#9A004741FF2F05FF
(1774515083.522320) can0 124#9A086E40C2020908
(1774515083.532165) can0 123#9B004741F9CBC2FF
(1774515083.532285) can0 124#9B086E67A501FE08
(1774515083.542000) can0 123#9C004741F3EB1AFF
(1774515083.542217) can0 124#9C086E8E7201F208
(1774515083.551932) can0 123#9D004741EE0A73FF
(1774515083.552075) can0 124#9D086EB55B01E608
(1774515083.561672) can0 123#9E004741E829CBFF
(1774515083.562019) can0 124#9E086EDC2901DA08
(1774515083.571676) can0 123#9F004741E2C688FF
(1774515083.571814) can0 124#9F086F030E01CF08
(1774515083.581544) can0 123#A0004741DCE5E1FF
(1774515083.581806) can0 124#A0086F29E001C308
(1774515083.591418) can0 123#A1004741D7829CFF
(1774515083.591610) can0 124#A1086F50C501B808
(1774515083.601266) can0 123#A2004741D1A1F6FF
(1774515083.601513) can0 124#A2086F778C01AC08
(1774515083.611202) can0 123#A3004741CCBC14FF
(1774515083.611350) can0 124#A3086F9E7001A208
(1774515083.621023) can0 123#A4004741C65E0AFF
(1774515083.621231) can0 124#A4086FC539019508
(1774515083.631047) can0 123#A5004741C07D64FF
(1774515083.631198) can0 124#A5086FEC1D018908
(1774515083.640971) can0 123#A6004741BB1A1FFF
(1774515083.641082) can0 124#A6087012EA017E08
(1774515083.650774) can0 123#A7004741B53978FF
(1774515083.650975) can0 124#A7087039CA017208
(1774515083.660658) can0 123#A8004741AFD635FF
(1774515083.660866) can0 124#A808706095016708
(1774515083.670690) can0 123#A9004741AA72F0FF
(1774515083.670748) can0 124#A908708777015C08
(1774515083.680429) can0 123#AA004741A414E6FF
(1774515083.680647) can0 124#AA0870AE42014F08
(1774515083.690392) can0 123#AB0047419EB1A2FF
(1774515083.690504) can0 124#AB0870D525014408
(1774515083.700262) can0 123#AC00474198D0FBFF
(1774515083.700434) can0 124#AC0870FBEC013808
(1774515083.710225) can0 123#AD004741936DB7FF
(1774515083.710284) can0 124#AD087122D0012D08
(1774515083.720046) can0 123#AE0047418D8D0FFF
(1774515083.720281) can0 124#AE0871499F012108
(1774515083.730042) can0 123#AF0047418829CCFF
(1774515083.730270) can0 124#AF08717083011608
(1774515083.739913) can0 123#B0004641824925FF
(1774515083.740149) can0 124#B00871974F010A08
(1774515083.749859) can0 123#B100464178D0FAFF
(1774515083.750007) can0 124#B10871BE3A00FE08
(1774515083.759728) can0 123#B20046416E0A73FF
(1774515083.759921) can0 124#B20871E50600F308
(1774515083.769675) can0 123#B3004641624925FF
(1774515083.769892) can0 124#B308720BEF00E708
(1774515083.779576) can0 123#B40046415687D6FF
(1774515083.779823) can0 124#B4087232BE00DB08
(1774515083.789455) can0 123#B50046414BC14EFF
(1774515083.789689) can0 124#B5087259A700D008
(1774515083.799272) can0 123#B6004741400001FF
(1774515083.799446) can0 124#B60872807A00C408
(1774515083.809181) can0 123#B7004641353978FF
(1774515083.809365) can0 124#B70872A75800B908
(1774515083.819026) can0 123#B80046412A72F0FF
(1774515083.819338) can0 124#B80872CE2200AE08
(1774515083.828981) can0 123#B90046411DB6DCFF
(1774515083.829154) can0 124#B90872F50A00A108
(1774515083.838900) can0 123#BA00464112F054FF
(1774515083.839146) can0 124#BA08731BD6009608
(1774515083.848896) can0 123#BB004641072F06FF
(1774515083.849213) can0 124#BB087342B8008A08
(1774515083.858926) can0 123#BC004640F8D0FAFF
(1774515083.858945) can0 124#BC08736988007F08
(1774515083.868936) can0 123#BD004740E14E5EFF
(1774515083.868961) can0 124#BD08739072007308
(1774515083.878837) can0 123#BE004740C9CBC1FF
(1774515083.878863) can0 124#BE0873B73F006708
(1774515083.889062) can0 123#BF004740B43EB2FF
(1774515083.889083) can0 124#BF0873DE22005C08
(1774515083.898300) can0 123#C00047409CBC15FF
(1774515083.898480) can0 124#C0087404ED005008
(1774515083.908184) can0 123#C1004740872F06FF
(1774515083.908348) can0 124#C108742BD8004508
(1774515083.918120) can0 123#C20047405F58D1FF
(1774515083.918251) can0 124#C2087452A3003908
(1774515083.927962) can0 123#C3004740305398FF
(1774515083.928183) can0 124#C30874798E002D08
(1774515083.937980) can0 123#C4004740053978FF
(1774515083.938173) can0 124#C40874A058002208
(1774515083.947999) can0 123#C500473FAC687EFF
(1774515083.948033) can0 124#C50874C73D001608
(1774515083.957602) can0 123#C600473F2C687EFF
(1774515083.957842) can0 124#C60874EE08000B08
(1774515083.967575) can0 123#C7004743B3F82AFF
(1774515083.967897) can0 124#C7087514EE16F708
(1774515083.977372) can0 123#C8004743B39A20FF
(1774515083.977632) can0 124#C808753BBD16EB08
(1774515083.987290) can0 123#C9004743B33C15FF
(1774515083.987516) can0 124#C9087562A416DF08
(1774515083.997253) can0 123#CA004743B2E5E0FF
(1774515083.997484) can0 124#CA0875897416D408
(1774515084.007244) can0 123#CB004743B287D6FF
(1774515084.007362) can0 124#CB0875B05916C808
(1774515084.017038) can0 123#CC004743B23978FF
(1774515084.017195) can0 124#CC0875D72816BE08
(1774515084.026954) can0 123#CD004743B1D398FF
(1774515084.027127) can0 124#CD0875FE1016B108
(1774515084.036837) can0 123#CE004743B1758DFF
(1774515084.037003) can0 124#CE087624DD16A508
(1774515084.046773) can0 123#CF004743B1272FFF
(1774515084.046973) can0 124#CF08764BC7169B08
(1774515084.056625) can0 123#D0004743B0C14FFF
(1774515084.056829) can0 124#D008767294168E08
(1774515084.066592) can0 123#D1004743B06B1AFF
(1774515084.066727) can0 124#D108769974168308
(1774515084.076416) can0 123#D2004743B014E6FF
(1774515084.076616) can0 124#D20876C041167808
(1774515084.086353) can0 123#D3004743AFAF05FF
(1774515084.086949) can0 124#D30876E725166B08
(1774515084.096233) can0 123#D4004743AF58D1FF
(1774515084.096414) can0 124#D408770DEB166008
(1774515084.106069) can0 123#D5004743AEFAC6FF
(1774515084.106349) can0 124#D5087734D1165408
(1774515084.116011) can0 123#D6004743AEA492FF
(1774515084.116300) can0 124#D608775BA5164908
(1774515084.125973) can0 123#D7004743AE4688FF
(1774515084.126202) can0 124#D70877827F163D08
(1774515084.135841) can0 123#D8004743ADE87EFF
(1774515084.135976) can0 124#D80877A948163108
(1774515084.145765) can0 123#D9004743AD9249FF
(1774515084.145879) can0 124#D90877D02C162608
(1774515084.155583) can0 123#DA004743AD343EFF
(1774515084.155991) can0 124#DA0877F6F9161A08
(1774515084.165488) can0 123#DB004743ACDE0BFF
(1774515084.165795) can0 124#DB08781DD9160F08
(1774515084.175660) can0 123#DC004743AC8000FF
(1774515084.175711) can0 124#DC087844A2160308
(1774515084.185516) can0 123#DD004743AC21F5FF
(1774515084.185539) can0 124#DD08786B8915F708
(1774515084.195238) can0 123#DE004743ABCBC1FF
(1774515084.195398) can0 124#DE0878924F15EC08
(1774515084.205097) can0 123#DF004743AB6DB7FF
(1774515084.205243) can0 124#DF0878B93015E008
(1774515084.214948) can0 123#E0004743AB1783FF
(1774515084.215269) can0 124#E00878DFFA15D508
(1774515084.224853) can0 123#E1004743AAC14EFF
(1774515084.225063) can0 124#E1087906DC15CA08
(1774515084.234780) can0 123#E2004743AA5B6EFF
(1774515084.235052) can0 124#E208792DA515BD08
(1774515084.244842) can0 123#E3004743AA053AFF
(1774515084.244856) can0 124#E30879548C15B208
(1774515084.254595) can0 123#E4004743A9A72FFF
(1774515084.254758) can0 124#E408797B5615A608
(1774515084.264696) can0 123#E5004743A950FAFF
(1774515084.264727) can0 124#E50879A23B159B08
(1774515084.274415) can0 123#E6004743A8F2F0FF
(1774515084.274640) can0 124#E60879C903158F08
(1774515084.284316) can0 123#E7004743A894E6FF
(1774515084.284506) can0 124#E70879EFE5158308
(1774515084.294242) can0 123#E8004743A83EB2FF
(1774515084.294351) can0 124#E8087A16AE157808
(1774515084.304071) can0 123#E9004743A7E87DFF
(1774515084.304323) can0 124#E9087A3D8F156D08
(1774515084.313977) can0 123#EA004743A78A73FF
(1774515084.314206) can0 124#EA087A645A156108
(1774515084.323866) can0 123#EB004743A72C69FF
(1774515084.324090) can0 124#EB087A8B3A155508
(1774515084.333733) can0 123#EC004743A6D634FF
(1774515084.333903) can0 124#EC087AB201154A08
(1774515084.343713) can0 123#ED004743A6782AFF
(1774515084.343958) can0 124#ED087AD8E5153E08
(1774515084.353764) can0 123#EE004743A61A1FFF
(1774515084.353788) can0 124#EE087AFFAC153208
(1774515084.363685) can0 123#EF004743A5CBC2FF
(1774515084.363704) can0 124#EF087B2691152808
(1774515084.373357) can0 123#F0004743A565E1FF
(1774515084.373519) can0 124#F0087B4D58151B08
(1774515084.383721) can0 123#F1004743A507D6FF
(1774515084.383767) can0 124#F1087B743C150F08
(1774515084.393163) can0 123#F2004743A4B1A2FF
(1774515084.393482) can0 124#F2087B9B07150408
(1774515084.402939) can0 123#F3004743A45398FF
(1774515084.403139) can0 124#F3087BC1EC14F808
(1774515084.412964) can0 123#F4004743A3FD63FF
(1774515084.413452) can0 124#F4087BE8B814ED08
(1774515084.422888) can0 123#F5004743A3A72FFF
(1774515084.423206) can0 124#F5087C0FA314E208
(1774515084.432712) can0 123#F6004743A3414EFF
(1774515084.433086) can0 124#F6087C366E14D508
(1774515084.442654) can0 123#F7004743A2EB1AFF
(1774515084.442791) can0 124#F7087C5D5714CA08
(1774515084.453214) can0 123#F8004743A294E6FF
(1774515084.453254) can0 124#F8087C842414BF08
(1774515084.462474) can0 123#F9004743A236DBFF
(1774515084.462808) can0 124#F9087CAB0D14B308
(1774515084.472272) can0 123#FA004743A1D8D1FF
(1774515084.472673) can0 124#FA087CD1DC14A708
(1774515084.482238) can0 123#FB004743A17AC7FF
(1774515084.482522) can0 124#FB087CF8C2149B08
(1774515084.492188) can0 123#FC004743A12492FF
(1774515084.492275) can0 124#FC087D1F8E149008
(1774515084.501969) can0 123#FD004643A0C688FF
(1774515084.502174) can0 124#FD087D466E148408
(1774515084.511933) can0 123#FE004643A0782AFF
(1774515084.512197) can0 124#FE087D6D3B147A08
(1774515084.521732) can0 123#FF004643A01249FF
(1774515084.521977) can0 124#FF087D9423146D08
(1774515084.531614) can0 123#000046439FB43EFF
(1774515084.531835) can0 124#00087DBAF3146108
(1774515084.541501) can0 123#010046439F5E0AFF
(1774515084.541788) can0 124#01087DE1D8145608
(1774515084.551439) can0 123#020046439F0000FF
(1774515084.551663) can0 124#02087E08A0144A08
(1774515084.561336) can0 123#030046439EA9CCFF
(1774515084.561620) can0 124#03087E2F88143F08
(1774515084.571249) can0 123#040046439E5397FF
(1774515084.571592) can0 124#04087E5655143408
(1774515084.582543) can0 123#050047439DEDB7FF
(1774515084.582557) can0 124#05087E7D41142708
(1774515084.591038) can0 123#060047439D9783FF
(1774515084.591342) can0 124#06087EA40B141C08
(1774515084.600946) can0 123#070047439D3978FF
(1774515084.601200) can0 124#07087ECAF0141008
(1774515084.610855) can0 123#080047439CE344FF
(1774515084.611140) can0 124#08087EF1BB140508
(1774515084.620842) can0 123#090047439C8539FF
(1774515084.620985) can0 124#09087F18A013F908
(1774515084.630662) can0 123#0A0047439C2F05FF
(1774515084.630897) can0 124#0A087F3F6C13EE08
(1774515084.640513) can0 123#0B0047439BD0FBFF
(1774515084.640795) can0 124#0B087F664F13E208
(1774515084.650475) can0 123#0C0047439B7AC6FF
(1774515084.650639) can0 124#0C087F8D1D13D708
(1774515084.660449) can0 123#0D0047439B14E6FF
(1774515084.660544) can0 124#0D087FB40413CA08
(1774515084.670399) can0 123#0E0047439ABEB2FF
(1774515084.670407) can0 124#0E087FDAD313BF08
(1774515084.680188) can0 123#0F0047439A60A7FF
(1774515084.680320) can0 124#0F088001B313B308
(1774515084.690324) can0 123#100047439A0A73FF
(1774515084.690343) can0 124#100880288013A808
(1774515084.700016) can0 123#1100474399AC68FF
(1774515084.700150) can0 124#1108804F68139C08
(1774515084.709827) can0 123#12004743994E5EFF
(1774515084.710131) can0 124#1208807630139008
(1774515084.719806) can0 123#13004743990000FF
(1774515084.720019) can0 124#1308809D15138608
(1774515084.729887) can0 123#14004743989A1FFF
(1774515084.730030) can0 124#140880C3DF137908
(1774515084.739541) can0 123#15004743983C15FF
(1774515084.739751) can0 124#150880EAC4136D08
(1774515084.749526) can0 123#1600474397EDB7FF
(1774515084.749642) can0 124#160881118D136308
(1774515084.759453) can0 123#170047439787D6FF
(1774515084.759479) can0 124#1708813873135608
(1774515084.769159) can0 123#180047439731A2FF
(1774515084.769334) can0 124#1808815F3A134B08
(1774515084.779034) can0 123#1900474396DB6EFF
(1774515084.779280) can0 124#190881861D134008
(1774515084.789021) can0 123#1A00474396758DFF
(1774515084.789202) can0 124#1A0881ACE3133308
(1774515084.798818) can0 123#1B004743961F59FF
(1774515084.799106) can0 124#1B0881D3C3132808
(1774515084.808740) can0 123#1C00474395C14EFF
(1774515084.809039) can0 124#1C0881FA89131C08
(1774515084.818660) can0 123#1D004743956B1AFF
(1774515084.818850) can0 124#1D08822168131108
(1774515084.828628) can0 123#1E004743950D10FF
(1774515084.828824) can0 124#1E08824832130508
(1774515084.838558) can0 123#1F00474394AF05FF
(1774515084.838768) can0 124#1F08826F1312F908
(1774515084.848349) can0 123#200047439458D1FF
(1774515084.848624) can0 124#20088295DF12EE08
(1774515084.858397) can0 123#2100474393FAC7FF
(1774515084.858620) can0 124#210882BCBF12E208
(1774515084.868242) can0 123#2200474393AC69FF
(1774515084.868411) can0 124#220882E38512D808
(1774515084.878172) can0 123#23004743934688FF
(1774515084.878322) can0 124#2308830A6712CB08
(1774515084.888210) can0 123#2400474392E87DFF
(1774515084.888250) can0 124#240883312C12BF08
(1774515084.897927) can0 123#25004743929249FF
(1774515084.898255) can0 124#250883581012B408
(1774515084.907816) can0 123#2600474392343FFF
(1774515084.908137) can0 124#2608837ED312A808
(1774515084.917715) can0 123#2700474391DE0AFF
(1774515084.917898) can0 124#270883A5B8129D08
(1774515084.927756) can0 123#280047439187D6FF
(1774515084.927790) can0 124#280883CC7F129208
(1774515084.937532) can0 123#290047439121F6FF
(1774515084.937681) can0 124#290883F361128508
(1774515084.947459) can0 123#2A00474390CBC1FF
(1774515084.947589) can0 124#2A08841A27127A08
(1774515084.957310) can0 123#2B004743906DB7FF
(1774515084.957485) can0 124#2B08844109126E08
(1774515084.967118) can0 123#2C004743900FACFF
(1774515084.967306) can0 124#2C088467D0126208
(1774515084.977191) can0 123#2D0047438FB978FF
(1774515084.977262) can0 124#2D08848EAD125708
(1774515084.986973) can0 123#2E0047438F5B6EFF
(1774515084.987120) can0 124#2E0884B574124B08
(1774515084.996990) can0 123#2F0047438F0539FF
(1774515084.997116) can0 124#2F0884DC52124008
(1774515085.006804) can0 123#300047438EA72FFF
(1774515085.006938) can0 124#3008850316123408
(1774515085.016654) can0 123#310047438E50FBFF
(1774515085.016833) can0 124#31088529FB122908
(1774515085.026518) can0 123#320047438DF2F0FF
(1774515085.026727) can0 124#32088550C2121D08
(1774515085.036466) can0 123#330047438D94E6FF
(1774515085.036680) can0 124#33088577A4121108
(1774515085.046320) can0 123#340047438D3EB2FF
(1774515085.046554) can0 124#3408859E73120608
(1774515085.056306) can0 123#350047438CE0A7FF
(1774515085.056563) can0 124#350885C55411FA08
(1774515085.066114) can0 123#360047438C829DFF
(1774515085.066353) can0 124#360885EC1A11EE08
(1774515085.075996) can0 123#370047438C343FFF
(1774515085.076191) can0 124#37088612FF11E408
(1774515085.085898) can0 123#380047438BCE5EFF
(1774515085.086156) can0 124#38088639CA11D708
(1774515085.095865) can0 123#390047438B782AFF
(1774515085.096117) can0 124#39088660AF11CC08
(1774515085.105947) can0 123#3A0047438B1A1FFF
(1774515085.105986) can0 124#3A0886878111C008
(1774515085.115762) can0 123#3B0047438ABC15FF
(1774515085.115920) can0 124#3B0886AE6411B408
(1774515085.125558) can0 123#3C0047438A65E1FF
(1774515085.125818) can0 124#3C0886D52F11A908
(1774515085.135435) can0 123#3D0047438A07D7FF
(1774515085.135638) can0 124#3D0886FC11119D08
(1774515085.145537) can0 123#3E00474389B1A2FF
(1774515085.145573) can0 124#3E088722DA119208
(1774515085.155457) can0 123#3F004743895397FF
(1774515085.155495) can0 124#3F088749C5118608
(1774515085.165162) can0 123#4000474388FD63FF
(1774515085.165333) can0 124#4008877087117B08
(1774515085.175271) can0 123#41004743889F59FF
(1774515085.175315) can0 124#4108879769116F08
(1774515085.184918) can0 123#4200474388414EFF
(1774515085.185110) can0 124#420887BE30116308
(1774515085.194788) can0 123#4300474387EB1AFF
(1774515085.195061) can0 124#430887E515115808
(1774515085.204704) can0 123#44004743878D10FF
(1774515085.204878) can0 124#4408880BD9114C08
(1774515085.214569) can0 123#45004743872F06FF
(1774515085.214733) can0 124#45088832BB114008
(1774515085.224467) can0 123#4600474386E0A7FF
(1774515085.224669) can0 124#4608885988113608
(1774515085.234318) can0 123#47004743867AC6FF
(1774515085.234526) can0 124#470888806D112908
(1774515085.244219) can0 123#48004743862492FF
(1774515085.244462) can0 124#480888A737111E08
(1774515085.254134) can0 123#4900474385C688FF
(1774515085.254329) can0 124#490888CE1E111208
(1774515085.263987) can0 123#4A00474385687DFF
(1774515085.264186) can0 124#4A0888F4E5110608
(1774515085.274040) can0 123#4B004743851249FF
(1774515085.274110) can0 124#4B08891BCB10FB08
(1774515085.283795) can0 123#4C00474384BC15FF
(1774515085.284023) can0 124#4C0889429410F008
(1774515085.293795) can0 123#4D004643845E0AFF
(1774515085.293931) can0 124#4D0889697C10E408
(1774515085.303569) can0 123#4E004643840000FF
(1774515085.303784) can0 124#4E0889904610D808
(1774515085.313481) can0 123#4F00464383A9CCFF
(1774515085.313698) can0 124#4F0889B72F10CD08
(1774515085.323401) can0 123#50004643834BC2FF
(1774515085.323618) can0 124#500889DDF910C108
(1774515085.333328) can0 123#5100464382EDB7FF
(1774515085.333520) can0 124#51088A04E010B508
(1774515085.343163) can0 123#52004643829782FF
(1774515085.343395) can0 124#52088A2BA410AA08
(1774515085.353120) can0 123#53004643823978FF
(1774515085.353272) can0 124#53088A5285109E08
(1774515085.362980) can0 123#5400464381E344FF
(1774515085.363181) can0 124#54088A7952109308
(1774515085.372925) can0 123#55004643818539FF
(1774515085.373074) can0 124#55088AA032108708
(1774515085.382750) can0 123#5600464381272FFF
(1774515085.383037) can0 124#56088AC700107B08
(1774515085.392646) can0 123#5700464380C925FF
(1774515085.392875) can0 124#57088AEDE3106F08
(1774515085.402543) can0 123#580046438072F1FF
(1774515085.402805) can0 124#58088B14B0106408
(1774515085.412499) can0 123#590046438014E6FF
(1774515085.412686) can0 124#59088B3B92105808
(1774515085.422362) can0 123#5A0046437F7D63FF
(1774515085.422553) can0 124#5A088B6263104D08
(1774515085.432257) can0 123#5B0046437EC14EFF
(1774515085.432599) can0 124#5B088B8946104108
(1774515085.442112) can0 123#5C0046437E0539FF
(1774515085.442413) can0 124#5C088BB011103508
(1774515085.452047) can0 123#5D0046437D58D1FF
(1774515085.452285) can0 124#5D088BD6F9102A08
(1774515085.461946) can0 123#5E0046437C9CBCFF
(1774515085.462159) can0 124#5E088BFDC6101E08
(1774515085.471874) can0 123#5F0046437BF054FF
(1774515085.472086) can0 124#5F088C24AA101308
(1774515085.481780) can0 123#600046437B43EBFF
(1774515085.482000) can0 124#60088C4B7D100808
(1774515085.491624) can0 123#610046437A7829FF
(1774515085.491850) can0 124#61088C72610FFB08
(1774515085.501554) can0 123#6200464379CBC2FF
(1774515085.501752) can0 124#62088C992E0FF008
(1774515085.511466) can0 123#63004643791F59FF
(1774515085.512782) can0 124#63088CC0110FE508
(1774515085.521401) can0 123#64004743786343FF
(1774515085.521573) can0 124#64088CE6E30FD908
(1774515085.531240) can0 123#6500474377A72FFF
(1774515085.531506) can0 124#65088D0DC60FCD08
(1774515085.541207) can0 123#6600474376FAC6FF
(1774515085.541319) can0 124#66088D348D0FC208
(1774515085.551131) can0 123#67004743763EB2FF
(1774515085.551291) can0 124#67088D5B6F0FB608
(1774515085.560972) can0 123#6800474375829DFF
(1774515085.561145) can0 124#68088D823A0FAA08
(1774515085.570850) can0 123#6900474374E5E0FF
(1774515085.571114) can0 124#69088DA91F0FA008
(1774515085.580836) can0 123#6A004743741A20FF
(1774515085.581043) can0 124#6A088DCC090F9308
(1774515085.590619) can0 123#6B004743735E0AFF
(1774515085.590816) can0 124#6B088DF6DD0F8708
(1774515085.600515) can0 123#6C00474372B1A1FF
(1774515085.600703) can0 124#6C088E1DAD0F7C08
(1774515085.610419) can0 123#6D00474371F58DFF
(1774515085.610689) can0 124#6D088E44970F7008
(1774515085.620301) can0 123#6E004743714924FF
(1774515085.620545) can0 124#6E088E6B650F6508
(1774515085.630192) can0 123#6F004743709CBCFF
(1774515085.630397) can0 124#6F088E92480F5A08
(1774515085.640091) can0 123#700047436FD0FBFF
(1774515085.640316) can0 124#70088EB9180F4D08
(1774515085.650013) can0 123#710047436F2492FF
(1774515085.650274) can0 124#71088EDFFF0F4208
(1774515085.659925) can0 123#720047436E782AFF
(1774515085.660111) can0 124#72088F06CE0F3708
(1774515085.669794) can0 123#730047436DBC15FF
(1774515085.670049) can0 124#73088F2DB70F2B08
(1774515085.679816) can0 123#740047436D0001FF
(1774515085.680087) can0 124#74088F54810F1F08
(1774515085.689633) can0 123#750047436C43EBFF
(1774515085.689834) can0 124#75088F7B6D0F1308
(1774515085.699645) can0 123#760047436B9782FF
(1774515085.699745) can0 124#76088FA2320F0808
(1774515085.709416) can0 123#770047436ADB6EFF
(1774515085.709583) can0 124#77088FC9190EFC08
(1774515085.719529) can0 123#780047436A2F05FF
(1774515085.719552) can0 124#78088FEFE70EF108
(1774515085.729201) can0 123#790047436972F0FF
(1774515085.729406) can0 124#79089016CB0EE508
(1774515085.739205) can0 123#7A00474368B6DCFF
(1774515085.739326) can0 124#7A08903D9B0ED908
(1774515085.749438) can0 123#7B004743680A73FF
(1774515085.749491) can0 124#7B089064820ECE08
(1774515085.758938) can0 123#7C004743674E5FFF
(1774515085.759090) can0 124#7C08908B4D0EC208
(1774515085.768778) can0 123#7D00474366B1A2FF
(1774515085.769020) can0 124#7D0890B2360EB808
(1774515085.778684) can0 123#7E00474365E5E0FF
(1774515085.778896) can0 124#7E0890D8FE0EAB08
(1774515085.788568) can0 123#7F0047436529CBFF
(1774515085.788831) can0 124#7F0890FFE60E9F08
(1774515085.798581) can0 123#80004743647D63FF
(1774515085.798645) can0 124#80089126AD0E9408
(1774515085.808645) can0 123#8100474363C14EFF
(1774515085.808658) can0 124#8108914D980E8808
(1774515085.818493) can0 123#820047436314E6FF
(1774515085.818510) can0 124#820891746D0E7D08
(1774515085.828223) can0 123#8300474362687DFF
(1774515085.828400) can0 124#8308919B510E7208
(1774515085.838096) can0 123#84004743619CBDFF
(1774515085.838249) can0 124#840891C2250E6508
(1774515085.847987) can0 123#8500474360F054FF
(1774515085.848219) can0 124#850891E90A0E5A08
(1774515085.857891) can0 123#8600474360343FFF
(1774515085.858107) can0 124#8608920FD90E4E08
(1774515085.867760) can0 123#870047435F87D7FF
(1774515085.867988) can0 124#87089236BF0E4308
(1774515085.877687) can0 123#880047435ECBC1FF
(1774515085.878055) can0 124#8808925D920E3708
(1774515085.887548) can0 123#890047435E0FACFF
(1774515085.887764) can0 124#89089284780E2B08
(1774515085.897425) can0 123#8A0047435D6344FF
(1774515085.897673) can0 124#8A0892AB490E2008
(1774515085.907327) can0 123#8B0047435CA72FFF
(1774515085.907598) can0 124#8B0892D2320E1408
(1774515085.917233) can0 123#8C0047435C0A73FF
(1774515085.917509) can0 124#8C0892F9040E0A08
(1774515085.927125) can0 123#8D0047435B3EB2FF
(1774515085.927358) can0 124#8D08931FEC0DFD08
(1774515085.937252) can0 123#8E0047435A829DFF
(1774515085.937268) can0 124#8E089346BB0DF108
(1774515085.946944) can0 123#8F00474359E5E1FF
(1774515085.947153) can0 124#8F08936DA60DE708
(1774515085.956812) can0 123#90004743591A1FFF
(1774515085.957024) can0 124#90089394720DDA08
(1774515085.966709) can0 123#91004743586DB6FF
(1774515085.966978) can0 124#910893BB5C0DCF08
(1774515085.976676) can0 123#9200474357C14FFF
(1774515085.976880) can0 124#920893E2260DC408
(1774515085.986516) can0 123#9300464356F58DFF
(1774515085.986747) can0 124#93089409080DB708
(1774515085.996412) can0 123#94004743564924FF
(1774515085.996597) can0 124#9408942FD90DAC08
(1774515086.006302) can0 123#95004743558D10FF
(1774515086.006586) can0 124#95089456BE0DA008
(1774515086.016358) can0 123#9600474354E0A7FF
(1774515086.016518) can0 124#9608947D890D9508
(1774515086.026116) can0 123#97004743542493FF
(1774515086.026362) can0 124#970894A46A0D8908
(1774515086.036059) can0 123#9800474353782AFF
(1774515086.036214) can0 124#980894CB3A0D7E08
(1774515086.046125) can0 123#9900474352BC16FF
(1774515086.046228) can0 124#990894F2220D7208
(1774515086.055799) can0 123#9A004743520FADFF
(1774515086.056056) can0 124#9A089518F00D6708
(1774515086.065708) can0 123#9B004643515397FF
(1774515086.065982) can0 124#9B08953FD60D5B08
(1774515086.075600) can0 123#9C004643509782FF
(1774515086.075868) can0 124#9C089566A50D4F08
(1774515086.085496) can0 123#9D0046434FDB6EFF
(1774515086.085720) can0 124#9D08958D8C0D4308
(1774515086.095426) can0 123#9E0046434F2F05FF
(1774515086.095565) can0 124#9E0895B4540D3808
(1774515086.105337) can0 123#9F0046434E72F1FF
(1774515086.105527) can0 124#9F0895DB390D2C08
(1774515086.115238) can0 123#A00046434DC688FF
(1774515086.115454) can0 124#A0089602040D2108
(1774515086.125134) can0 123#A10046434D0A73FF
(1774515086.125331) can0 124#A1089628E70D1508
(1774515086.135122) can0 123#A20046434C4E5DFF
(1774515086.135350) can0 124#A208964FB10D0908
(1774515086.144884) can0 123#A30047434BA1F5FF
(1774515086.145163) can0 124#A30896769C0CFE08
(1774515086.154756) can0 123#A40047434AE5E0FF
(1774515086.154965) can0 124#A408969D640CF208
(1774515086.164766) can0 123#A50047434A29CCFF
(1774515086.164972) can0 124#A50896C4450CE608
(1774515086.174614) can0 123#A6004743497D63FF
(1774515086.174756) can0 124#A60896EB110CDB08
(1774515086.184470) can0 123#A700474348D0FBFF
(1774515086.184730) can0 124#A7089711F80CD008
(1774515086.194352) can0 123#A80047434814E6FF
(1774515086.194569) can0 124#A8089738C20CC408
(1774515086.204288) can0 123#A90047434758D1FF
(1774515086.204621) can0 124#A908975FAA0CB808
(1774515086.214264) can0 123#AA004743469CBBFF
(1774515086.214402) can0 124#AA089786760CAC08
(1774515086.224144) can0 123#AB00464345F054FF
(1774515086.224304) can0 124#AB0897AD580CA108
(1774515086.234087) can0 123#AC00474345343EFF
(1774515086.234199) can0 124#AC0897D4250C9508
(1774515086.243880) can0 123#AD00474344782AFF
(1774515086.244102) can0 124#AD0897FB0E0C8908
(1774515086.253726) can0 123#AE00464343CBC1FF
(1774515086.253990) can0 124#AE089821D20C7E08
(1774515086.263616) can0 123#AF004743431F59FF
(1774515086.263877) can0 124#AF089848BC0C7308
(1774515086.273622) can0 123#B0004643426344FF
(1774515086.273762) can0 124#B008986F840C6708
(1774515086.283424) can0 123#B100474341A72FFF
(1774515086.283662) can0 124#B10898966D0C5B08
(1774515086.293389) can0 123#B200474340EB1BFF
(1774515086.293557) can0 124#B20898BD3A0C4F08
(1774515086.303251) can0 123#B3004743403EB2FF
(1774515086.303446) can0 124#B30898E41E0C4408
(1774515086.313143) can0 123#B40047433F829CFF
(1774515086.313312) can0 124#B408990AEC0C3808
(1774515086.323036) can0 123#B50047433ED634FF
(1774515086.323280) can0 124#B5089931D00C2D08
(1774515086.332939) can0 123#B60047433E1A1FFF
(1774515086.333253) can0 124#B60899589D0C2108
(1774515086.342885) can0 123#B70047433D5E0AFF
(1774515086.343039) can0 124#B708997F850C1508
(1774515086.352719) can0 123#B80047433CB1A2FF
(1774515086.352954) can0 124#B80899A6520C0A08
(1774515086.362655) can0 123#B90047433BF58DFF
(1774515086.362838) can0 124#B90899CD390BFE08
(1774515086.372686) can0 123#BA0047433B4925FF
(1774515086.372744) can0 124#BA0899F4080BF308
(1774515086.382448) can0 123#BB0047433A8D10FF
(1774515086.382635) can0 124#BB089A1AEE0BE708
(1774515086.392356) can0 123#BC00474339E0A8FF
(1774515086.392553) can0 124#BC089A41B90BDC08
(1774515086.402266) can0 123#BD004743392493FF
(1774515086.402438) can0 124#BD089A68A40BD008
(1774515086.412223) can0 123#BE00474338687DFF
(1774515086.412331) can0 124#BE089A8F760BC408
(1774515086.422125) can0 123#BF00474337BC14FF
(1774515086.422255) can0 124#BF089AB6610BB908
(1774515086.431968) can0 123#C0004743370000FF
(1774515086.432161) can0 124#C0089ADD320BAD08
(1774515086.441880) can0 123#C10047433643EBFF
(1774515086.442070) can0 124#C1089B04160BA108
(1774515086.451667) can0 123#C2004743359783FF
(1774515086.451926) can0 124#C2089B2AE40B9608
(1774515086.461596) can0 123#C300474334DB6EFF
(1774515086.461793) can0 124#C3089B51CD0B8A08
(1774515086.471544) can0 123#C4004743343EB2FF
(1774515086.471709) can0 124#C4089B789C0B8008
(1774515086.481375) can0 123#C50047433372F0FF
(1774515086.481567) can0 124#C5089B9F7F0B7308
(1774515086.491328) can0 123#C600474332B6DCFF
(1774515086.491512) can0 124#C6089BC64D0B6708
(1774515086.501248) can0 123#C7004743321A1FFF
(1774515086.501384) can0 124#C7089BED360B5D08
(1774515086.511481) can0 123#C8004743314E5EFF
(1774515086.511490) can0 124#C8089C14050B5008
(1774515086.521067) can0 123#C900474330A1F6FF
(1774515086.521327) can0 124#C9089C3AEE0B4508
(1774515086.530897) can0 123#CA0047432FF58DFF
(1774515086.531094) can0 124#CA089C61BB0B3A08
(1774515086.540753) can0 123#CB0047432F29CCFF
(1774515086.540997) can0 124#CB089C88A50B2D08
(1774515086.550697) can0 123#CC0047432E7D63FF
(1774515086.550876) can0 124#CC089CAF6F0B2208
(1774515086.560591) can0 123#CD0047432DC14EFF
(1774515086.560869) can0 124#CD089CD6520B1608
(1774515086.570546) can0 123#CE0047432D14E6FF
(1774515086.570672) can0 124#CE089CFD1A0B0B08
(1774515086.580755) can0 123#CF0047432C58D1FF
(1774515086.580763) can0 124#CF089D24000AFF08
(1774515086.590350) can0 123#D00047432BAC68FF
(1774515086.590484) can0 124#D0089D4ACC0AF408
(1774515086.600174) can0 123#D10047432AF054FF
(1774515086.600384) can0 124#D1089D71B00AE808
(1774515086.610080) can0 123#D20047432A343FFF
(1774515086.610301) can0 124#D2089D98790ADC08
(1774515086.620011) can0 123#D3004743299783FF
(1774515086.620171) can0 124#D3089DBF590AD208
(1774515086.629979) can0 123#D400474328CBC1FF
(1774515086.630051) can0 124#D4089DE6230AC508
(1774515086.639835) can0 123#D5004743280FACFF
(1774515086.639987) can0 124#D5089E0D070AB908
(1774515086.649692) can0 123#D60047432772F0FF
(1774515086.649839) can0 124#D6089E33CF0AAF08
(1774515086.659619) can0 123#D700474326A72FFF
(1774515086.659762) can0 124#D7089E5AB50AA208
(1774515086.669447) can0 123#D800474325EB1AFF
(1774515086.669672) can0 124#D8089E817F0A9608
(1774515086.679430) can0 123#D9004743254E5EFF
(1774515086.679638) can0 124#D9089EA8600A8C08
(1774515086.689246) can0 123#DA00474324829CFF
(1774515086.689454) can0 124#DA089ECF310A7F08
(1774515086.699161) can0 123#DB00474323C688FF
(1774515086.699326) can0 124#DB089EF61B0A7308
(1774515086.709030) can0 123#DC004743231A1FFF
(1774515086.709296) can0 124#DC089F1CEB0A6808
(1774515086.719014) can0 123#DD004743225E0BFF
(1774515086.719214) can0 124#DD089F43D10A5C08
(1774515086.729025) can0 123#DE00474321B1A2FF
(1774515086.729174) can0 124#DE089F6AA10A5108
(1774515086.738807) can0 123#DF00474321053AFF
(1774515086.739050) can0 124#DF089F918B0A4608
(1774515086.748597) can0 123#E0004743203978FF
(1774515086.748847) can0 124#E0089FB8570A3908
(1774515086.758592) can0 123#E10047431F8D10FF
(1774515086.758762) can0 124#E1089FDF410A2E08
(1774515086.768462) can0 123#E20047431ED0FBFF
(1774515086.768626) can0 124#E208A006170A2208
(1774515086.778332) can0 123#E30047431E2493FF
(1774515086.778512) can0 124#E308A02CFD0A1708
(1774515086.788252) can0 123#E40047431D687DFF
(1774515086.788487) can0 124#E408A053CA0A0B08
(1774515086.798146) can0 123#E50047431CAC69FF
(1774515086.798324) can0 124#E508A07AAF09FF08
(1774515086.808014) can0 123#E60047431C0000FF
(1774515086.808229) can0 124#E608A0A17F09F408
(1774515086.817943) can0 123#E70046431B43EBFF
(1774515086.818304) can0 124#E708A0C86909E808
(1774515086.827800) can0 123#E80047431AA72FFF
(1774515086.827993) can0 124#E808A0EF3709DE08
(1774515086.837764) can0 123#E900474319DB6EFF
(1774515086.837981) can0 124#E908A1162009D108
(1774515086.847705) can0 123#EA004743191F59FF
(1774515086.847831) can0 124#EA08A13CED09C508
(1774515086.857545) can0 123#EB00474318829DFF
(1774515086.857705) can0 124#EB08A163D509BB08
(1774515086.867412) can0 123#EC00464317B6DBFF
(1774515086.867631) can0 124#EC08A18AA009AE08
(1774515086.877286) can0 123#ED004643170A73FF
(1774515086.877531) can0 124#ED08A1B18409A308
(1774515086.887217) can0 123#EE004643165E0BFF
(1774515086.887704) can0 124#EE08A1D853099808
(1774515086.897082) can0 123#EF004643159249FF
(1774515086.897295) can0 124#EF08A1FF34098B08
(1774515086.906989) can0 123#F000464314E5E1FF
(1774515086.907215) can0 124#F008A22604098008
(1774515086.916850) can0 123#F10046431429CCFF
(1774515086.917118) can0 124#F108A24CEA097408
(1774515086.926849) can0 123#F2004643137D63FF
(1774515086.926985) can0 124#F208A273B7096908
(1774515086.936704) can0 123#F300464312C14EFF
(1774515086.936889) can0 124#F308A29A9C095D08
(1774515086.946624) can0 123#F40046431214E6FF
(1774515086.946756) can0 124#F408A2C169095208
(1774515086.956562) can0 123#F50046431158D1FF
(1774515086.956733) can0 124#F508A2E84D094608
(1774515086.966448) can0 123#F600464310AC69FF
(1774515086.966594) can0 124#F608A30F17093B08
(1774515086.976344) can0 123#F70047430FF053FF
(1774515086.976519) can0 124#F708A33608092F08
(1774515086.986252) can0 123#F80046430F343FFF
(1774515086.986336) can0 124#F808A35CCB092308
(1774515086.996660) can0 123#F90046430E782AFF
(1774515086.996672) can0 124#F908A383B7091708
(1774515087.005979) can0 123#FA0046430DCBC2FF
(1774515087.006181) can0 124#FA08A3AA7C090C08
(1774515087.015874) can0 123#FB0046430D0FACFF
(1774515087.016113) can0 124#FB08A3D15F090008
(1774515087.025740) can0 123#FC0047430C6344FF
(1774515087.025932) can0 124#FC08A3F83108F508
(1774515087.035752) can0 123#FD0047430BA72FFF
(1774515087.035910) can0 124#FD08A41F1708E908
(1774515087.045587) can0 123#FE0047430AEB1AFF
(1774515087.045759) can0 124#FE08A445E708DD08
(1774515087.055428) can0 123#FF0047430A3EB1FF
(1774515087.055668) can0 124#FF08A46CCE08D208
(1774515087.065361) can0 123#0000474309829DFF
(1774515087.065553) can0 124#0008A493A108C608
(1774515087.075263) can0 123#0100474308D634FF
(1774515087.075485) can0 124#0108A4BA8F08BB08
(1774515087.085195) can0 123#020047430829CCFF
(1774515087.085324) can0 124#0208A4E15E08B008
(1774515087.095102) can0 123#03004743075E0AFF
(1774515087.095257) can0 124#0308A5084B08A308
(1774515087.104999) can0 123#0400474306B1A2FF
(1774515087.105175) can0 124#0408A52F1C089808
(1774515087.114876) can0 123#0500474305F58DFF
(1774515087.115215) can0 124#0508A55600088C08
(1774515087.124920) can0 123#06004743054925FF
(1774515087.124928) can0 124#0608A57CD3088108
(1774515087.134647) can0 123#07004743048D10FF
(1774515087.134899) can0 124#0708A5A3B7087508
(1774515087.144585) can0 123#0800474303E0A7FF
(1774515087.144881) can0 124#0808A5CA8B086A08
(1774515087.154453) can0 123#09004743032492FF
(1774515087.154728) can0 124#0908A5F172085E08
(1774515087.164381) can0 123#0A00474302687EFF
(1774515087.164553) can0 124#0A08A61848085208
(1774515087.174340) can0 123#0B00474301BC15FF
(1774515087.174466) can0 124#0B08A63F34084708
(1774515087.184193) can0 123#0C004743010000FF
(1774515087.184298) can0 124#0C08A66608083B08
(1774515087.194088) can0 123#0D0047430043EBFF
(1774515087.194208) can0 124#0D08A68CED082F08
(1774515087.204200) can0 123#0E004742FF2F05FF
(1774515087.204218) can0 124#0E08A6B3B6082408
(1774515087.213956) can0 123#0F004742FDB6DCFF
(1774515087.214127) can0 124#0F08A6DA9D081808
(1774515087.223842) can0 123#10004742FC3EB1FF
(1774515087.223939) can0 124#1008A70167080C08
(1774515087.233610) can0 123#11004742FB053AFF
(1774515087.233826) can0 124#1108A7284A080208
(1774515087.243535) can0 123#12004742F96DB7FF
(1774515087.243712) can0 124#1208A74F1807F508
(1774515087.253411) can0 123#13004742F7F58EFF
(1774515087.253574) can0 124#1308A775FE07E908
(1774515087.263264) can0 123#14004742F69CBDFF
(1774515087.263518) can0 124#1408A79CC707DE08
(1774515087.273218) can0 123#15004742F52492FF
(1774515087.273401) can0 124#1508A7C3AF07D208
(1774515087.283071) can0 123#16004742F3CBC1FF
(1774515087.283307) can0 124#1608A7EA7F07C708
(1774515087.293047) can0 123#17004742F272F0FF
(1774515087.293232) can0 124#1708A8116707BC08
(1774515087.302852) can0 123#18004742F0DB6DFF
(1774515087.303111) can0 124#1808A8383407AF08
(1774515087.312767) can0 123#19004742EF829DFF
(1774515087.313019) can0 124#1908A85F1C07A408
(1774515087.322645) can0 123#1A004742EE0A73FF
(1774515087.322912) can0 124#1A08A885EF079808
(1774515087.332617) can0 123#1B004742ECB1A2FF
(1774515087.332767) can0 124#1B08A8ACDB078D08
(1774515087.342483) can0 123#1C004742EB3978FF
(1774515087.342714) can0 124#1C08A8D3B5078108
(1774515087.352417) can0 123#1D004742E9C14EFF
(1774515087.352584) can0 124#1D08A8FA94077508
(1774515087.362239) can0 123#1E004742E8687DFF
(1774515087.362469) can0 124#1E08A92164076A08
(1774515087.372198) can0 123#1F004742E6F054FF
(1774515087.372416) can0 124#1F08A9484A075E08
(1774515087.382069) can0 123#20004742E5B6DCFF
(1774515087.382257) can0 124#2008A96F1B075408
(1774515087.391939) can0 123#21004742E41F59FF
(1774515087.392168) can0 124#2108A99603074708
(1774515087.401867) can0 123#22004742E2A72FFF
(1774515087.402066) can0 124#2208A9BCCE073B08
(1774515087.411747) can0 123#23004742E14E5EFF
(1774515087.411986) can0 124#2308A9E3B5073008
(1774515087.421604) can0 123#24004742DFD634FF
(1774515087.421899) can0 124#2408AA0A87072408
(1774515087.431545) can0 123#25004742DE7D63FF
(1774515087.431783) can0 124#2508AA3170071908
(1774515087.441467) can0 123#26004742DD2492FF
(1774515087.441630) can0 124#2608AA583F070E08
(1774515087.451383) can0 123#27004742DB8D0FFF
(1774515087.451580) can0 124#2708AA7F2C070108
(1774515087.461214) can0 123#28004742DA343EFF
(1774515087.461443) can0 124#2808AAA5F706F608
(1774515087.471164) can0 123#29004742D8BC15FF
(1774515087.471377) can0 124#2908AACCE406EA08
(1774515087.481041) can0 123#2A004742D76344FF
(1774515087.481258) can0 124#2A08AAF3B006DF08
(1774515087.490973) can0 123#2B004742D5EB19FF
(1774515087.491140) can0 124#2B08AB1A9C06D308
(1774515087.500865) can0 123#2C004742D4924AFF
(1774515087.501010) can0 124#2C08AB416D06C808
(1774515087.510851) can0 123#2D004742D31A1FFF
(1774515087.511008) can0 124#2D08AB685A06BC08
(1774515087.520716) can0 123#2E004742D1A1F6FF
(1774515087.520804) can0 124#2E08AB8F2C06B008
(1774515087.530609) can0 123#2F004742D04925FF
(1774515087.530838) can0 124#2F08ABB61206A508
(1774515087.540477) can0 123#30004742CED0FAFF
(1774515087.540643) can0 124#3008ABDCE1069908
(1774515087.550396) can0 123#31004642CD58D1FF
(1774515087.550567) can0 124#3108AC03C3068D08
(1774515087.560242) can0 123#32004742CBE0A8FF
(1774515087.560409) can0 124#3208AC2A97068108
(1774515087.570136) can0 123#33004742CA87D7FF
(1774515087.570320) can0 124#3308AC5181067608
(1774515087.580067) can0 123#34004742C90FACFF
(1774515087.580228) can0 124#3408AC7856066A08
(1774515087.589936) can0 123#35004742C7D634FF
(1774515087.590099) can0 124#3508AC9F3D066008
(1774515087.599809) can0 123#36004742C63EB2FF
(1774515087.600004) can0 124#3608ACC610065308
(1774515087.609694) can0 123#37004642C4C687FF
(1774515087.609901) can0 124#3708ACECEF064708
(1774515087.619633) can0 123#38004642C36DB8FF
(1774515087.619831) can0 124#3808AD13C1063C08
(1774515087.629577) can0 123#39004642C1F58DFF
(1774515087.629734) can0 124#3908AD3AA9063008
(1774515087.639379) can0 123#3A004642C09CBCFF
(1774515087.639632) can0 124#3A08AD6177062508
(1774515087.649285) can0 123#3B004642BF43EBFF
(1774515087.649465) can0 124#3B08AD885F061A08
(1774515087.659535) can0 123#3C004642BDAC68FF
(1774515087.659544) can0 124#3C08ADAF2D060D08
(1774515087.669091) can0 123#3D004642BC5397FF
(1774515087.669308) can0 124#3D08ADD612060208
(1774515087.678946) can0 123#3E004642BAFAC7FF
(1774515087.679188) can0 124#3E08ADFCDB05F708
(1774515087.688883) can0 123#3F004642B9829DFF
(1774515087.689109) can0 124#3F08AE23C005EB08
(1774515087.698895) can0 123#40004642B80A73FF
(1774515087.699036) can0 124#4008AE4A8D05DF08
(1774515087.708920) can0 123#41004642B6B1A2FF
(1774515087.708937) can0 124#4108AE717905D408
(1774515087.718751) can0 123#42004642B53978FF
(1774515087.718876) can0 124#4208AE984505C808
(1774515087.728698) can0 123#43004642B3C14EFF
(1774515087.728723) can0 124#4308AEBF2505BC08
(1774515087.738329) can0 123#44004642B2687DFF
(1774515087.738579) can0 124#4408AEE5EF05B108
(1774515087.748302) can0 123#45004642B0F053FF
(1774515087.748488) can0 124#4508AF0CD305A508
(1774515087.758177) can0 123#46004742AF782AFF
(1774515087.758391) can0 124#4608AF33A4059908
(1774515087.768186) can0 123#47004742AE1F59FF
(1774515087.768319) can0 124#4708AF5A89058E08
(1774515087.778021) can0 123#48004742ACA72FFF
(1774515087.778151) can0 124#4808AF8154058208
(1774515087.787890) can0 123#49004742AB2F05FF
(1774515087.788260) can0 124#4908AFA83D057608
(1774515087.797773) can0 123#4A004742A9F58DFF
(1774515087.797950) can0 124#4A08AFCF09056C08
(1774515087.807710) can0 123#4B004742A85E0AFF
(1774515087.807889) can0 124#4B08AFF5ED055F08
(1774515087.817627) can0 123#4C004742A6E5E0FF
(1774515087.817784) can0 124#4C08B01CBE055308
(1774515087.827512) can0 123#4D004742A58D0FFF
(1774515087.827676) can0 124#4D08B0439F054808
(1774515087.837599) can0 123#4E004742A414E6FF
(1774515087.837620) can0 124#4E08B06A6B053C08
(1774515087.848266) can0 123#4F004742A2BC15FF
(1774515087.848279) can0 124#4F08B0914C053108
(1774515087.857348) can0 123#50004742A143EBFF
(1774515087.857356) can0 124#5008B0B817052508
(1774515087.867088) can0 123#510047429FEB1AFF
(1774515087.867291) can0 124#5108B0DEF9051A08
(1774515087.876976) can0 123#520047429E72F0FF
(1774515087.877210) can0 124#5208B105C9050E08
(1774515087.886835) can0 123#530047429CFAC6FF
(1774515087.887032) can0 124#5308B12CAE050208
(1774515087.896837) can0 123#540047429BA1F6FF
(1774515087.896946) can0 124#5408B1537D04F708
(1774515087.907503) can0 123#550047429A29CCFF
(1774515087.907518) can0 124#5508B17A5E04EB08
(1774515087.916493) can0 123#5600474298B1A2FF
(1774515087.916811) can0 124#5608B1A12704DF08
(1774515087.926502) can0 123#570047429758D1FF
(1774515087.926618) can0 124#5708B1C80D04D408
(1774515087.936318) can0 123#5800474295E0A7FF
(1774515087.936519) can0 124#5808B1EED704C808
(1774515087.946217) can0 123#5900474294A72FFF
(1774515087.946439) can0 124#5908B215BC04BE08
(1774515087.956076) can0 123#5A004742930FADFF
(1774515087.956302) can0 124#5A08B23C8C04B108
(1774515087.966022) can0 123#5B004742919783FF
(1774515087.966211) can0 124#5B08B2637904A508
(1774515087.975849) can0 123#5C004742903EB2FF
(1774515087.976261) can0 124#5C08B28A47049A08
(1774515087.985793) can0 123#5D0047428EC688FF
(1774515087.986000) can0 124#5D08B2B12A048E08
(1774515087.995666) can0 123#5E0047428D4E5EFF
(1774515087.996000) can0 124#5E08B2D7F9048208
(1774515088.005612) can0 123#5F0047428C14E6FF
(1774515088.005818) can0 124#5F08B2FEE1047808
(1774515088.015520) can0 123#600047428A7D64FF
(1774515088.015681) can0 124#6008B325B1046B08
(1774515088.025403) can0 123#61004742892492FF
(1774515088.025598) can0 124#6108B34C97046008
(1774515088.035269) can0 123#6200474287AC69FF
(1774515088.035482) can0 124#6208B37363045408
(1774515088.045169) can0 123#6300474286343FFF
(1774515088.045560) can0 124#6308B39A4A044808
(1774515088.055096) can0 123#6400474284DB6EFF
(1774515088.055285) can0 124#6408B3C11A043D08
(1774515088.065107) can0 123#6500474283829CFF
(1774515088.065170) can0 124#6508B3E801043208
(1774515088.074874) can0 123#66004742820A73FF
(1774515088.075107) can0 124#6608B40ECD042608
(1774515088.084786) can0 123#67004742809249FF
(1774515088.084998) can0 124#6708B435B1041A08
(1774515088.094763) can0 123#680047427E72F0FF
(1774515088.094894) can0 124#6808B45C7D040F08
(1774515088.104571) can0 123#690047427B829DFF
(1774515088.104768) can0 124#6908B48363040308
(1774515088.114500) can0 123#6A004742789249FF
(1774515088.114651) can0 124#6A08B4AA3003F708
(1774515088.124370) can0 123#6B00474275E0A7FF
(1774515088.124555) can0 124#6B08B4D11503EC08
(1774515088.134239) can0 123#6C00474272F054FF
(1774515088.134481) can0 124#6C08B4F7E103E008
(1774515088.144205) can0 123#6D004742700000FF
(1774515088.144335) can0 124#6D08B51EC603D408
(1774515088.154029) can0 123#6E0047426D8D10FF
(1774515088.154238) can0 124#6E08B5459303CA08
(1774515088.163979) can0 123#6F0047426A5E0AFF
(1774515088.164143) can0 124#6F08B56C7A03BD08
(1774515088.173825) can0 123#70004742676DB7FF
(1774515088.174057) can0 124#7008B5934B03B108
(1774515088.183745) can0 123#7100474264BC14FF
(1774515088.183930) can0 124#7108B5BA3303A608
(1774515088.193600) can0 123#7200474261CBC1FF
(1774515088.193924) can0 124#7208B5E100039A08
(1774515088.203571) can0 123#730047425F1A20FF
(1774515088.203736) can0 124#7308B607EA038F08
(1774515088.213436) can0 123#740047425C687EFF
(1774515088.213610) can0 124#7408B62EBB038408
(1774515088.223375) can0 123#75004742593978FF
(1774515088.223587) can0 124#7508B655A0037708
(1774515088.233341) can0 123#760047425687D6FF
(1774515088.233445) can0 124#7608B67C70036C08
(1774515088.243163) can0 123#77004742539782FF
(1774515088.243316) can0 124#7708B6A35A036008
(1774515088.253088) can0 123#7800474250E5E1FF
(1774515088.253223) can0 124#7808B6CA2A035508
(1774515088.262970) can0 123#790047424DF58EFF
(1774515088.263139) can0 124#7908B6F114034908
(1774515088.272865) can0 123#7A0047424B053AFF
(1774515088.273067) can0 124#7A08B717DF033D08
(1774515088.282724) can0 123#7B004742485398FF
(1774515088.283024) can0 124#7B08B73ECB033208
(1774515088.292606) can0 123#7C004742456344FF
(1774515088.292805) can0 124#7C08B76596032608
(1774515088.302543) can0 123#7D00474242F053FF
(1774515088.302729) can0 124#7D08B78C80031C08
(1774515088.312461) can0 123#7E0047423FC14EFF
(1774515088.312597) can0 124#7E08B7B34C030F08
(1774515088.322335) can0 123#7F0047423CD0FBFF
(1774515088.322513) can0 124#7F08B7DA2F030308
(1774515088.332198) can0 123#800047423A1F59FF
(1774515088.332405) can0 124#8008B8010102F808
(1774515088.342099) can0 123#81004742372F05FF
(1774515088.342325) can0 124#8108B827E302EC08
(1774515088.352099) can0 123#82004742347D63FF
(1774515088.352219) can0 124#8208B84EB102E108
(1774515088.361935) can0 123#8300474231CBC2FF
(1774515088.362122) can0 124#8308B8759102D608
(1774515088.371765) can0 123#840047422E9CBCFF
(1774515088.372013) can0 124#8408B89C5D02C908
(1774515088.381682) can0 123#850047422BAC68FF
(1774515088.381909) can0 124#8508B8C34402BD08
(1774515088.391656) can0 123#8600474228FAC7FF
(1774515088.391792) can0 124#8608B8EA1202B208
(1774515088.401480) can0 123#87004742260A73FF
(1774515088.401801) can0 124#8708B910F302A608
(1774515088.411511) can0 123#880047422358D1FF
(1774515088.411564) can0 124#8808B937C2029B08
(1774515088.421241) can0 123#8900474220A72FFF
(1774515088.421466) can0 124#8908B95EA9029008
(1774515088.431207) can0 123#8A0047421D782AFF
(1774515088.431374) can0 124#8A08B98576028308
(1774515088.441153) can0 123#8B0047421AC688FF
(1774515088.441350) can0 124#8B08B9AC5D027808
(1774515088.451142) can0 123#8C0047421814E6FF
(1774515088.451212) can0 124#8C08B9D32E026D08
(1774515088.460958) can0 123#8D004742152492FF
(1774515088.461154) can0 124#8D08B9FA16026108
(1774515088.470794) can0 123#8E00474212343FFF
(1774515088.470941) can0 124#8E08BA20EC025508
(1774515088.480658) can0 123#8F0047420F43EBFF
(1774515088.480872) can0 124#8F08BA47DB024908
(1774515088.490612) can0 123#900046420C9249FF
(1774515088.490738) can0 124#9008BA6EA8023E08
(1774515088.500448) can0 123#9100464209A1F6FF
(1774515088.500635) can0 124#9108BA9591023208
(1774515088.510381) can0 123#92004642072F06FF
(1774515088.510535) can0 124#9208BABC63022808
(1774515088.520317) can0 123#93004642040000FF
(1774515088.520480) can0 124#9308BAE351021B08
(1774515088.530108) can0 123#94004642010FACFF
(1774515088.530346) can0 124#9408BB0A22020F08
(1774515088.540216) can0 123#95004741FCBC14FF
(1774515088.540442) can0 124#9508BB3115020408
(1774515088.549985) can0 123#96004641F6DB6EFF
(1774515088.550180) can0 124#9608BB57E301F808
(1774515088.559932) can0 123#97004641F1782AFF
(1774515088.560053) can0 124#9708BB7ECA01ED08
(1774515088.569736) can0 123#98004641EC14E7FF
(1774515088.569944) can0 124#9808BBA59B01E208
(1774515088.579636) can0 123#99004641E5B6DCFF
(1774515088.579826) can0 124#9908BBCC8401D508
(1774515088.589550) can0 123#9A004741E05397FF
(1774515088.589748) can0 124#9A08BBF35801CA08
(1774515088.599553) can0 123#9B004741DA72F0FF
(1774515088.599655) can0 124#9B08BC1A4201BE08
(1774515088.609406) can0 123#9C004641D50FADFF
(1774515088.609549) can0 124#9C08BC410A01B308
(1774515088.619284) can0 123#9D004641CF2F05FF
(1774515088.619446) can0 124#9D08BC67F301A708
(1774515088.629175) can0 123#9E004741C9CBC1FF
(1774515088.629316) can0 124#9E08BC8ECE019C08
(1774515088.639059) can0 123#9F004741C3EB1BFF
(1774515088.639236) can0 124#9F08BCB5B7019008
(1774515088.649059) can0 123#A0004741BE87D6FF
(1774515088.649201) can0 124#A008BCDC85018508
(1774515088.658860) can0 123#A1004741B8A72EFF
(1774515088.659065) can0 124#A108BD0374017908
(1774515088.668832) can0 123#A2004741B2C688FF
(1774515088.668918) can0 124#A208BD2A43016D08
(1774515088.678621) can0 123#A3004741ACE5E1FF
(1774515088.678801) can0 124#A308BD5126016108
(1774515088.688688) can0 123#A4004741A7829DFF
(1774515088.688701) can0 124#A408BD77F3015608
(1774515088.698599) can0 123#A5004741A1A1F5FF
(1774515088.698609) can0 124#A508BD9ED6014A08
(1774515088.708288) can0 123#A60047419CBC15FF
(1774515088.708487) can0 124#A608BDC5A1014008
(1774515088.718264) can0 123#A7004741965E0BFF
(1774515088.718421) can0 124#A708BDEC8B013308
(1774515088.728106) can0 123#A8004741907D63FF
(1774515088.728272) can0 124#A808BE1354012708
(1774515088.738092) can0 123#A90047418B1A1FFF
(1774515088.738192) can0 124#A908BE3A3F011C08
(1774515088.747995) can0 123#AA004741853978FF
(1774515088.748094) can0 124#AA08BE610A011008
(1774515088.757808) can0 123#AB0047417FAC68FF
(1774515088.758033) can0 124#AB08BE87EF010508
(1774515088.767688) can0 123#AC00474174E5E0FF
(1774515088.767905) can0 124#AC08BEAEB800FA08
(1774515088.777587) can0 123#AD0047416829CBFF
(1774515088.777793) can0 124#AD08BED59D00ED08
(1774515088.787469) can0 123#AE0047415D6344FF
(1774515088.787670) can0 124#AE08BEFC6500E208
(1774515088.797382) can0 123#AF00474151A1F6FF
(1774515088.797567) can0 124#AF08BF234B00D608
(1774515088.807258) can0 123#B000474146DB6EFF
(1774515088.807502) can0 124#B008BF4A1500CB08
(1774515088.817164) can0 123#B10047413B1A1FFF
(1774515088.817348) can0 124#B108BF70FC00BF08
(1774515088.827113) can0 123#B20047412F58D1FF
(1774515088.827317) can0 124#B208BF97CA00B308
(1774515088.837119) can0 123#B3004741249249FF
(1774515088.837306) can0 124#B308BFBEAF00A808
(1774515088.846906) can0 123#B400474118D0FBFF
(1774515088.847078) can0 124#B408BFE57B009C08
(1774515088.856762) can0 123#B50047410F0539FF
(1774515088.857017) can0 124#B508C00C63009208
(1774515088.866638) can0 123#B6004741024925FF
(1774515088.866875) can0 124#B608C0332D008508
(1774515088.876583) can0 123#B7004740ED0FADFF
(1774515088.876784) can0 124#B708C05A17007908
(1774515088.886428) can0 123#B8004740D7829CFF
(1774515088.886667) can0 124#B808C080E4006E08
(1774515088.896429) can0 123#B9004740C00001FF
(1774515088.896577) can0 124#B908C0A7C7006208
(1774515088.906253) can0 123#BA004740AA72F0FF
(1774515088.906425) can0 124#BA08C0CE92005708
(1774515088.916121) can0 123#BB00474094E5E1FF
(1774515088.916361) can0 124#BB08C0F57D004C08
(1774515088.926018) can0 123#BC00474076DB6EFF
(1774515088.926240) can0 124#BC08C11C4E003F08
(1774515088.935976) can0 123#BD0047404BC14EFF
(1774515088.936170) can0 124#BD08C14333003408
(1774515088.945841) can0 123#BE0047401CBC15FF
(1774515088.946088) can0 124#BE08C169FF002808
(1774515088.955701) can0 123#BF00473FE343EBFF
(1774515088.955953) can0 124#BF08C190EB001D08
(1774515088.965624) can0 123#C000473F853978FF
(1774515088.965844) can0 124#C008C1B7B7001108
(1774515088.975505) can0 123#C100473EBC14E5FF
(1774515088.975775) can0 124#C108C1DEA2000608
(1774515088.985473) can0 123#C2004743B3D0FAFF
(1774515088.985596) can0 124#C208C2056E16F208
(1774515088.995403) can0 123#C3004743B372F0FF
(1774515088.995578) can0 124#C308C22C5516E608
(1774515089.005241) can0 123#C4004743B314E6FF
(1774515089.005476) can0 124#C408C2532416DA08
(1774515089.015150) can0 123#C5004743B2BEB2FF
(1774515089.015367) can0 124#C508C27A0A16CF08
(1774515089.025027) can0 123#C6004743B260A7FF
(1774515089.025236) can0 124#C608C2A0D316C308
(1774515089.034983) can0 123#C7004743B20A73FF
(1774515089.035156) can0 124#C708C2C7BD16B808
(1774515089.044861) can0 123#C8004743B1AC69FF
(1774515089.045259) can0 124#C808C2EE8816AC08
(1774515089.054722) can0 123#C9004743B14E5EFF
(1774515089.054914) can0 124#C908C3156C16A008
(1774515089.064606) can0 123#CA004743B0F829FF
(1774515089.064805) can0 124#CA08C33C35169508
(1774515089.074520) can0 123#CB004743B09A1FFF
(1774515089.074702) can0 124#CB08C3631D168908
(1774515089.084438) can0 123#CC004743B043EBFF
(1774515089.084613) can0 124#CC08C389E9167E08
(1774515089.094346) can0 123#CD004743AFE5E1FF
(1774515089.094518) can0 124#CD08C3B0CC167208
(1774515089.104202) can0 123#CE004743AF87D6FF
(1774515089.104651) can0 124#CE08C3D799166608
(1774515089.114111) can0 123#CF004743AF31A2FF
(1774515089.114305) can0 124#CF08C3FE78165B08
(1774515089.124105) can0 123#D0004743AEDB6EFF
(1774515089.124201) can0 124#D008C42542165008
(1774515089.133864) can0 123#D1004743AE758DFF
(1774515089.134168) can0 124#D108C44C26164308
(1774515089.143781) can0 123#D2004743AE1F59FF
(1774515089.144095) can0 124#D208C472F5163808
(1774515089.153684) can0 123#D3004743ADC14EFF
(1774515089.153914) can0 124#D308C499D9162C08
(1774515089.163576) can0 123#D4004743AD6B1AFF
(1774515089.163793) can0 124#D408C4C0A5162108
(1774515089.173490) can0 123#D5004743AD0D10FF
(1774515089.173759) can0 124#D508C4E78B161508
(1774515089.183476) can0 123#D6004743ACB6DBFF
(1774515089.183611) can0 124#D608C50E5C160A08
(1774515089.193414) can0 123#D7004743AC58D1FF
(1774515089.193507) can0 124#D708C5354415FE08
(1774515089.203232) can0 123#D8004743ABFAC7FF
(1774515089.203366) can0 124#D808C55C1115F208
(1774515089.213124) can0 123#D9004743ABAC68FF
(1774515089.213296) can0 124#D908C582F615E808
(1774515089.222945) can0 123#DA004743AB4688FF
(1774515089.223227) can0 124#DA08C5A9C415DB08
(1774515089.232874) can0 123#DB004743AAE87DFF
(1774515089.233137) can0 124#DB08C5D0AE15CF08
(1774515089.242801) can0 123#DC004743AA9249FF
(1774515089.242952) can0 124#DC08C5F77D15C408
(1774515089.252647) can0 123#DD004743AA343FFF
(1774515089.252867) can0 124#DD08C61E6215B808
(1774515089.262549) can0 123#DE004743A9DE0AFF
(1774515089.262752) can0 124#DE08C6453015AD08
(1774515089.272527) can0 123#DF004743A987D6FF
(1774515089.272644) can0 124#DF08C66C1615A208
(1774515089.282359) can0 123#E0004743A921F6FF
(1774515089.282532) can0 124#E008C692DD159508
(1774515089.292330) can0 123#E1004743A8CBC1FF
(1774515089.292454) can0 124#E108C6B9C7158A08
(1774515089.302152) can0 123#E2004743A86DB7FF
(1774515089.302328) can0 124#E208C6E096157E08
(1774515089.312029) can0 123#E3004743A80FACFF
(1774515089.312419) can0 124#E308C70781157208
(1774515089.321960) can0 123#E4004743A7B978FF
(1774515089.322159) can0 124#E408C72E51156708
(1774515089.331809) can0 123#E5004743A76344FF
(1774515089.332018) can0 124#E508C75537155C08
(1774515089.341748) can0 123#E6004743A70539FF
(1774515089.341940) can0 124#E608C77C07155008
(1774515089.351623) can0 123#E7004743A6A72FFF
(1774515089.351828) can0 124#E708C7A2F1154408
(1774515089.361511) can0 123#E8004743A64925FF
(1774515089.361735) can0 124#E808C7C9C0153808
(1774515089.371419) can0 123#E9004743A5F2F0FF
(1774515089.371611) can0 124#E908C7F0A8152D08
(1774515089.381376) can0 123#EA004743A594E6FF
(1774515089.381545) can0 124#EA08C81775152108
(1774515089.391266) can0 123#EB004743A536DCFF
(1774515089.391451) can0 124#EB08C83E61151508
(1774515089.401145) can0 123#EC004743A4E0A7FF
(1774515089.401333) can0 124#EC08C8652C150A08
(1774515089.411081) can0 123#ED004743A4829CFF
(1774515089.411244) can0 124#ED08C88C1514FE08
(1774515089.420884) can0 123#EE004743A4343FFF
(1774515089.421122) can0 124#EE08C8B2E414F408
(1774515089.430880) can0 123#EF004643A3CE5EFF
(1774515089.431005) can0 124#EF08C8D9C814E708
(1774515089.440727) can0 123#F0004643A37054FF
(1774515089.440858) can0 124#F008C9009514DB08
(1774515089.450631) can0 123#F1004743A31A1FFF
(1774515089.450793) can0 124#F108C9278114D008
(1774515089.460529) can0 123#F2004743A2BC15FF
(1774515089.460704) can0 124#F208C94E4D14C408
(1774515089.470472) can0 123#F3004743A265E1FF
(1774515089.470615) can0 124#F308C9753514B908
(1774515089.480296) can0 123#F4004743A20FACFF
(1774515089.480562) can0 124#F408C99BFE14AE08
(1774515089.490257) can0 123#F5004743A1A9CBFF
(1774515089.490418) can0 124#F508C9C2E414A108
(1774515089.500108) can0 123#F6004743A15398FF
(1774515089.500277) can0 124#F608C9E9B2149608
(1774515089.510087) can0 123#F7004743A0F58DFF
(1774515089.510206) can0 124#F708CA109B148A08
(1774515089.519930) can0 123#F8004743A09783FF
(1774515089.520085) can0 124#F808CA3763147E08
(1774515089.529833) can0 123#F9004743A0414EFF
(1774515089.530056) can0 124#F908CA5E4A147308
(1774515089.539656) can0 123#FA0047439FEB1AFF
(1774515089.539877) can0 124#FA08CA8516146808
(1774515089.549622) can0 123#FB0047439F853AFF
(1774515089.549844) can0 124#FB08CAABFE145B08
(1774515089.559526) can0 123#FC0047439F2F05FF
(1774515089.559730) can0 124#FC08CAD2D5145008
(1774515089.569420) can0 123#FD0047439ED8D1FF
(1774515089.569603) can0 124#FD08CAF9B7144508
(1774515089.579396) can0 123#FE0047439E7AC7FF
(1774515089.579470) can0 124#FE08CB2086143908
(1774515089.589206) can0 123#FF0047439E1CBCFF
(1774515089.589595) can0 124#FF08CB4771142D08
(1774515089.599124) can0 123#000047439DBEB2FF
(1774515089.599288) can0 124#0008CB6E3F142108
(1774515089.608981) can0 123#010047439D687DFF
(1774515089.609170) can0 124#0108CB9520141608
(1774515089.618839) can0 123#020047439D0A73FF
(1774515089.619077) can0 124#0208CBBBF4140A08
(1774515089.628777) can0 123#030047439CBC15FF
(1774515089.628973) can0 124#0308CBE2DA140008
(1774515089.638638) can0 123#040047439C5634FF
(1774515089.638876) can0 124#0408CC09A913F308
(1774515089.648544) can0 123#050047439BF82AFF
(1774515089.648786) can0 124#0508CC308F13E708
(1774515089.658415) can0 123#060047439BA1F6FF
(1774515089.658632) can0 124#0608CC576013DC08
(1774515089.668335) can0 123#070047439B43EBFF
(1774515089.668543) can0 124#0708CC7E4813D008
(1774515089.678287) can0 123#080047439AEDB7FF
(1774515089.678529) can0 124#0808CCA51E13C508
(1774515089.688168) can0 123#090047439A9783FF
(1774515089.688335) can0 124#0908CCCC0413BA08
(1774515089.698067) can0 123#0A0047439A31A2FF
(1774515089.698247) can0 124#0A08CCF2D613AD08
(1774515089.707940) can0 123#0B00474399DB6EFF
(1774515089.708227) can0 124#0B08CD19BE13A208
(1774515089.717903) can0 123#0C004743997D63FF
(1774515089.718046) can0 124#0C08CD4090139608
(1774515089.727731) can0 123#0D004743991F59FF
(1774515089.727951) can0 124#0D08CD6779138A08
(1774515089.737616) can0 123#0E00474398C925FF
(1774515089.737814) can0 124#0E08CD8E45137F08
(1774515089.747518) can0 123#0F004743986B1AFF
(1774515089.747745) can0 124#0F08CDB531137308
(1774515089.757467) can0 123#10004743980D0FFF
(1774515089.757617) can0 124#1008CDDC08136708
(1774515089.767301) can0 123#1100474397B6DBFF
(1774515089.767540) can0 124#1108CE02EB135C08
(1774515089.777232) can0 123#120047439760A7FF
(1774515089.777445) can0 124#1208CE29BB135108
(1774515089.787095) can0 123#1300474397029DFF
(1774515089.787331) can0 124#1308CE50A1134508
(1774515089.796959) can0 123#1400474396A492FF
(1774515089.797221) can0 124#1408CE7773133908
(1774515089.806930) can0 123#15004743964688FF
(1774515089.807123) can0 124#1508CE9E5B132D08
(1774515089.816866) can0 123#1600474395F054FF
(1774515089.817107) can0 124#1608CEC528132208
(1774515089.826691) can0 123#17004743959249FF
(1774515089.826919) can0 124#1708CEEC13131608
(1774515089.836679) can0 123#180047439543EBFF
(1774515089.836844) can0 124#1808CF12E1130C08
(1774515089.846607) can0 123#1900474394DE0AFF
(1774515089.847173) can0 124#1908CF39CC12FF08
(1774515089.856517) can0 123#1A004743948000FF
(1774515089.856717) can0 124#1A08CF609D12F308
(1774515089.866449) can0 123#1B0047439429CCFF
(1774515089.866615) can0 124#1B08CF878812E808
(1774515089.876273) can0 123#1C00474393CBC1FF
(1774515089.876426) can0 124#1C08CFAE5912DC08
(1774515089.886241) can0 123#1D00474393758DFF
(1774515089.886381) can0 124#1D08CFD54912D108
(1774515089.896107) can0 123#1E004743931F59FF
(1774515089.896275) can0 124#1E08CFFC1912C608
(1774515089.906047) can0 123#1F00474392B978FF
(1774515089.906215) can0 124#1F08D0230812B908
(1774515089.915868) can0 123#20004743926344FF
(1774515089.916078) can0 124#2008D049D812AE08
(1774515089.926006) can0 123#21004743920539FF
(1774515089.926046) can0 124#2108D070BD12A208
(1774515089.935971) can0 123#2200474391AF06FF
(1774515089.935993) can0 124#2208D0978E129708
(1774515089.945602) can0 123#230047439150FBFF
(1774515089.945812) can0 124#2308D0BE75128B08
(1774515089.955545) can0 123#2400474390F2F0FF
(1774515089.955692) can0 124#2408D0E54A127F08
(1774515089.965385) can0 123#25004743909CBCFF
(1774515089.965637) can0 124#2508D10C33127408
(1774515089.975194) can0 123#26004743903EB2FF
(1774515089.975446) can0 124#2608D13300126808
(1774515089.985023) can0 123#270047438FF053FF
(1774515089.985332) can0 124#2708D159EA125E08
(1774515089.995031) can0 123#280047438F8A73FF
(1774515089.995138) can0 124#2808D180BD125108
(1774515090.004826) can0 123#290047438F2C69FF
(1774515090.005028) can0 124#2908D1A7A8124508
(1774515090.014720) can0 123#2A0047438ED635FF
(1774515090.014986) can0 124#2A08D1CE7B123A08
(1774515090.024721) can0 123#2B0047438E782AFF
(1774515090.024925) can0 124#2B08D1F564122E08
(1774515090.034506) can0 123#2C0047438E21F5FF
(1774515090.034758) can0 124#2C08D21C37122308
(1774515090.044453) can0 123#2D0047438DCBC2FF
(1774515090.044620) can0 124#2D08D24324121808
(1774515090.054303) can0 123#2E0047438D65E1FF
(1774515090.054550) can0 124#2E08D269F6120B08
(1774515090.064367) can0 123#2F0047438D0FACFF
(1774515090.064472) can0 124#2F08D290E6120008
(1774515090.074201) can0 123#300047438CB1A2FF
(1774515090.074350) can0 124#3008D2B7BA11F408
(1774515090.084061) can0 123#310047438C5B6EFF
(1774515090.084216) can0 124#3108D2DEA911E908
(1774515090.093911) can0 123#320047438C053AFF
(1774515090.094135) can0 124#3208D3057911DE08
(1774515090.103829) can0 123#330047438B9F58FF
(1774515090.104039) can0 124#3308D32C6811D108
(1774515090.113706) can0 123#340047438B4925FF
(1774515090.113943) can0 124#3408D3533C11C608
(1774515090.123800) can0 123#350047438AEB1AFF
(1774515090.123933) can0 124#3508D37A2611BA08
(1774515090.133631) can0 123#360047438A94E6FF
(1774515090.133859) can0 124#3608D3A0F511AF08
(1774515090.143580) can0 123#370047438A36DBFF
(1774515090.143774) can0 124#3708D3C7E211A308
(1774515090.153461) can0 123#3800474389D8D1FF
(1774515090.153622) can0 124#3808D3EEAD119708
(1774515090.163363) can0 123#3900474389829DFF
(1774515090.163551) can0 124#3908D41598118C08
(1774515090.173187) can0 123#3A004743892492FF
(1774515090.173337) can0 124#3A08D43C61118008
(1774515090.183043) can0 123#3B00474388D634FF
(1774515090.183417) can0 124#3B08D46351117608
(1774515090.192959) can0 123#3C004743887054FF
(1774515090.193210) can0 124#3C08D48A22116908
(1774515090.202866) can0 123#3D004643881249FF
(1774515090.203083) can0 124#3D08D4B108115D08
(1774515090.212736) can0 123#3E00464387BC15FF
(1774515090.212960) can0 124#3E08D4D7D3115208
(1774515090.222593) can0 123#3F004643875E0AFF
(1774515090.222931) can0 124#3F08D4FEBD114608
(1774515090.232634) can0 123#400047438707D6FF
(1774515090.232816) can0 124#4008D52590113B08
(1774515090.242494) can0 123#4100474386B1A2FF
(1774515090.242709) can0 124#4108D54C7A113008
(1774515090.252371) can0 123#42004743864BC1FF
(1774515090.252540) can0 124#4208D5734A112308
(1774515090.262542) can0 123#4300474385F58DFF
(1774515090.262574) can0 124#4308D59A37111808
(1774515090.272190) can0 123#44004643859783FF
(1774515090.272522) can0 124#4408D5C106110C08
(1774515090.282146) can0 123#4500464385414FFF
(1774515090.282297) can0 124#4508D5E7F2110108
(1774515090.291962) can0 123#4600474384E344FF
(1774515090.292111) can0 124#4608D60ECD10F508
(1774515090.301839) can0 123#47004743848D10FF
(1774515090.302044) can0 124#4708D635B710EA08
(1774515090.311671) can0 123#48004743842F05FF
(1774515090.311868) can0 124#4808D65C8510DE08
(1774515090.321618) can0 123#4900474383D0FBFF
(1774515090.321799) can0 124#4908D6836C10D208
(1774515090.331496) can0 123#4A004743837AC6FF
(1774515090.331622) can0 124#4A08D6AA3A10C708
(1774515090.341430) can0 123#4B004743831CBCFF
(1774515090.341588) can0 124#4B08D6D12510BB08
(1774515090.351280) can0 123#4C00474382BEB2FF
(1774515090.351470) can0 124#4C08D6F7ED10AF08
(1774515090.361167) can0 123#4D00474382687EFF
(1774515090.361380) can0 124#4D08D71ED410A408
(1774515090.371045) can0 123#4E004743820A73FF
(1774515090.371247) can0 124#4E08D745A6109808
(1774515090.380919) can0 123#4F00474381BC15FF
(1774515090.381163) can0 124#4F08D76C8E108E08
(1774515090.390808) can0 123#50004743815634FF
(1774515090.391026) can0 124#5008D7935C108108
(1774515090.400779) can0 123#5100474380F82AFF
(1774515090.400958) can0 124#5108D7BA47107508
(1774515090.410642) can0 123#5200474380A1F5FF
(1774515090.410843) can0 124#5208D7E10E106A08
(1774515090.420517) can0 123#530047438043EBFF
(1774515090.420757) can0 124#5308D807F5105E08
(1774515090.430453) can0 123#540047437FCBC2FF
(1774515090.430620) can0 124#5408D82EC1105208
(1774515090.440374) can0 123#550047437F2F05FF
(1774515090.440557) can0 124#5508D855A6104808
(1774515090.450258) can0 123#560047437E6344FF
(1774515090.450416) can0 124#5608D87C75103B08
(1774515090.460120) can0 123#570047437DB6DCFF
(1774515090.460339) can0 124#5708D8A355103008
(1774515090.470069) can0 123#580047437CFAC6FF
(1774515090.470296) can0 124#5808D8CA24102408
(1774515090.482000) can0 123#590047437C3EB1FF
(1774515090.482006) can0 124#5908D8F105101808
(1774515090.491071) can0 123#5A0047437B9249FF
(1774515090.491086) can0 124#5A08D917D3100D08
(1774515090.499720) can0 123#5B0047437AE5E0FF
(1774515090.499906) can0 124#5B08D93EBB100208
(1774515090.509590) can0 123#5C0047437A29CCFF
(1774515090.509803) can0 124#5C08D9658A0FF608
(1774515090.519533) can0 123#5D004743796DB7FF
(1774515090.519704) can0 124#5D08D98C6F0FEA08
(1774515090.529474) can0 123#5E00474378C14EFF
(1774515090.529616) can0 124#5E08D9B33A0FDF08
(1774515090.539448) can0 123#5F00474378053AFF
(1774515090.539590) can0 124#5F08D9DA1D0FD308
(1774515090.549182) can0 123#60004743774925FF
(1774515090.549438) can0 124#6008DA00E90FC708
(1774515090.559122) can0 123#61004743769CBDFF
(1774515090.559345) can0 124#6108DA27D20FBC08
(1774515090.568968) can0 123#6200474375E0A7FF
(1774515090.569208) can0 124#6208DA4E9C0FB008
(1774515090.578877) can0 123#63004743752492FF
(1774515090.579132) can0 124#6308DA75860FA408
(1774515090.588761) can0 123#640047437487D7FF
(1774515090.589027) can0 124#6408DA9C550F9A08
(1774515090.598677) can0 123#6500474373BC15FF
(1774515090.598876) can0 124#6508DAC33E0F8D08
(1774515090.608578) can0 123#66004743730FACFF
(1774515090.608821) can0 124#6608DAEA080F8208
(1774515090.618479) can0 123#67004743725398FF
(1774515090.618708) can0 124#6708DB10F30F7608
(1774515090.628362) can0 123#68004743719783FF
(1774515090.628590) can0 124#6808DB37C40F6A08
(1774515090.638269) can0 123#6900474370EB1BFF
(1774515090.638515) can0 124#6908DB5EB20F5F08
(1774515090.648203) can0 123#6A004743703EB2FF
(1774515090.648426) can0 124#6A08DB85820F5408
(1774515090.658045) can0 123#6B0047436F72F0FF
(1774515090.658313) can0 124#6B08DBAC700F4708
(1774515090.667955) can0 123#6C0047436EC687FF
(1774515090.668194) can0 124#6C08DBD3420F3C08
(1774515090.677908) can0 123#6D0047436E0A73FF
(1774515090.678103) can0 124#6D08DBFA2D0F3008
(1774515090.687789) can0 123#6E0047436D5E0AFF
(1774515090.687976) can0 124#6E08DC21000F2508
(1774515090.697707) can0 123#6F0047436CA1F6FF
(1774515090.697880) can0 124#6F08DC47ED0F1908
(1774515090.707728) can0 123#700047436BF58DFF
(1774515090.707807) can0 124#7008DC6EBD0F0E08
(1774515090.717496) can0 123#710047436B3978FF
(1774515090.717715) can0 124#7108DC95A80F0208
(1774515090.727378) can0 123#720047436A8D10FF
(1774515090.727556) can0 124#7208DCBC780EF708
(1774515090.737353) can0 123#7300474369D0FBFF
(1774515090.737513) can0 124#7308DCE3620EEB08
(1774515090.747345) can0 123#740047436914E5FF
(1774515090.747355) can0 124#7408DD0A340EDF08
(1774515090.757295) can0 123#750047436858D1FF
(1774515090.757312) can0 124#7508DD311C0ED308
(1774515090.766988) can0 123#7600474367AC68FF
(1774515090.767143) can0 124#7608DD57E80EC808
(1774515090.776914) can0 123#7700474366F054FF
(1774515090.777061) can0 124#7708DD7ECC0EBC08
(1774515090.786761) can0 123#78004743665397FF
(1774515090.786932) can0 124#7808DDA5990EB208
(1774515090.796639) can0 123#790047436587D6FF
(1774515090.796844) can0 124#7908DDCC830EA508
(1774515090.806684) can0 123#7A00474364CBC2FF
(1774515090.806802) can0 124#7A08DDF3520E9908
(1774515090.816624) can0 123#7B004743641F59FF
(1774515090.816632) can0 124#7B08DE1A430E8E08
(1774515090.826370) can0 123#7C004743636343FF
(1774515090.826611) can0 124#7C08DE410E0E8208
(1774515090.836280) can0 123#7D00474362B6DCFF
(1774515090.836470) can0 124#7D08DE67F50E7708
(1774515090.846156) can0 123#7E004743620A74FF
(1774515090.846410) can0 124#7E08DE8EC30E6C08
(1774515090.856062) can0 123#7F004743613EB2FF
(1774515090.856430) can0 124#7F08DEB5A80E5F08
(1774515090.865942) can0 123#80004743609249FF
(1774515090.866150) can0 124#8008DEDC700E5408
(1774515090.875845) can0 123#810047435FD634FF
(1774515090.876191) can0 124#8108DF03530E4808
(1774515090.885838) can0 123#820047435F29CCFF
(1774515090.885925) can0 124#8208DF2A1E0E3D08
(1774515090.895624) can0 123#830047435E6DB7FF
(1774515090.896002) can0 124#8308DF51060E3108
(1774515090.905521) can0 123#840047435DB1A3FF
(1774515090.905751) can0 124#8408DF77D30E2508
(1774515090.915487) can0 123#850047435D053AFF
(1774515090.915618) can0 124#8508DF9EBC0E1A08
(1774515090.925333) can0 123#860047435C4924FF
(1774515090.925509) can0 124#8608DFC5880E0E08
(1774515090.935198) can0 123#870047435BAC69FF
(1774515090.935426) can0 124#8708DFEC730E0408
(1774515090.945106) can0 123#880047435AE0A7FF
(1774515090.945296) can0 124#8808E013430DF708
(1774515090.954985) can0 123#890047435A2492FF
(1774515090.955224) can0 124#8908E03A2C0DEB08
(1774515090.964943) can0 123#8A00474359782AFF
(1774515090.965167) can0 124#8A08E060FD0DE008
(1774515090.974825) can0 123#8B00474358BC15FF
(1774515090.975058) can0 124#8B08E087E60DD408
(1774515090.984733) can0 123#8C004743580FADFF
(1774515090.984893) can0 124#8C08E0AEAD0DC908
(1774515090.994574) can0 123#8D004743576344FF
(1774515090.994799) can0 124#8D08E0D5940DBE08
(1774515091.004484) can0 123#8E004743569782FF
(1774515091.004716) can0 124#8E08E0FC620DB108
(1774515091.014427) can0 123#8F00474355EB19FF
(1774515091.014598) can0 124#8F08E123480DA608
(1774515091.024290) can0 123#90004743552F05FF
(1774515091.024468) can0 124#9008E14A140D9A08
(1774515091.034244) can0 123#9100474354829CFF
(1774515091.034375) can0 124#9108E170FC0D8F08
(1774515091.044081) can0 123#9200474353C688FF
(1774515091.044270) can0 124#9208E197CF0D8308
(1774515091.054000) can0 123#93004743531A1FFF
(1774515091.054207) can0 124#9308E1BEB40D7808
(1774515091.063875) can0 123#94004743525E0BFF
(1774515091.064126) can0 124#9408E1E5840D6C08
(1774515091.073821) can0 123#9500474351A1F6FF
(1774515091.073973) can0 124#9508E20C6B0D6008
(1774515091.083669) can0 123#9600474350F58DFF
(1774515091.083928) can0 124#9608E233370D5508
(1774515091.093629) can0 123#97004743503979FF
(1774515091.093832) can0 124#9708E25A1C0D4908
(1774515091.103450) can0 123#980047434F7D63FF
(1774515091.103635) can0 124#9808E280EB0D3D08
(1774515091.113374) can0 123#990047434ED0FAFF
(1774515091.113569) can0 124#9908E2A7D90D3208
(1774515091.123318) can0 123#9A0047434E14E6FF
(1774515091.123484) can0 124#9A08E2CEA80D2608
(1774515091.133183) can0 123#9B0047434D7829FF
(1774515091.133380) can0 124#9B08E2F5900D1C08
(1774515091.143062) can0 123#9C0047434CAC68FF
(1774515091.143258) can0 124#9C08E31C5B0D0F08
(1774515091.152940) can0 123#9D0047434BF054FF
(1774515091.153179) can0 124#9D08E3434A0D0308
(1774515091.162825) can0 123#9E0047434B43EBFF
(1774515091.163066) can0 124#9E08E36A1D0CF808
(1774515091.172779) can0 123#9F0047434A87D7FF
(1774515091.172990) can0 124#9F08E3910B0CEC08
(1774515091.182700) can0 123#A000474349DB6EFF
(1774515091.182848) can0 124#A008E3B7DB0CE108
(1774515091.192645) can0 123#A1004743492F06FF
(1774515091.192753) can0 124#A108E3DEC50CD608
(1774515091.202437) can0 123#A2004743486344FF
(1774515091.202625) can0 124#A208E4059C0CC908
(1774515091.212358) can0 123#A300474347B6DBFF
(1774515091.212682) can0 124#A308E42C830CBE08
(1774515091.222289) can0 123#A400474346FAC6FF
(1774515091.222487) can0 124#A408E453530CB208
(1774515091.232227) can0 123#A5004743463EB2FF
(1774515091.232359) can0 124#A508E47A3C0CA608
(1774515091.242070) can0 123#A6004743459249FF
(1774515091.242215) can0 124#A608E4A1040C9B08
(1774515091.251995) can0 123#A700474344E5E1FF
(1774515091.252144) can0 124#A708E4C7E60C9008
(1774515091.261835) can0 123#A8004743441A1FFF
(1774515091.262306) can0 124#A808E4EEB30C8308
(1774515091.271781) can0 123#A9004743436DB8FF
(1774515091.271932) can0 124#A908E5159B0C7808
(1774515091.281671) can0 123#AA00474342C14FFF
(1774515091.281864) can0 124#AA08E53C660C6D08
(1774515091.291651) can0 123#AB004743420539FF
(1774515091.291723) can0 124#AB08E5634B0C6108
(1774515091.301452) can0 123#AC004743414924FF
(1774515091.301624) can0 124#AC08E58A1D0C5508
(1774515091.311346) can0 123#AD004743408D10FF
(1774515091.311516) can0 124#AD08E5B1030C4908
(1774515091.321261) can0 123#AE0047433FE0A7FF
(1774515091.321441) can0 124#AE08E5D7D30C3E08
(1774515091.331179) can0 123#AF0047433F2493FF
(1774515091.331307) can0 124#AF08E5FEBC0C3208
(1774515091.341006) can0 123#B00047433E87D6FF
(1774515091.341272) can0 124#B008E6258B0C2808
(1774515091.350970) can0 123#B10047433DBC15FF
(1774515091.351135) can0 124#B108E64C740C1B08
(1774515091.360805) can0 123#B20047433CFFFFFF
(1774515091.361047) can0 124#B208E673410C0F08
(1774515091.370727) can0 123#B30047433C5397FF
(1774515091.370886) can0 124#B308E69A2E0C0408
(1774515091.380634) can0 123#B40047433B9782FF
(1774515091.380823) can0 124#B408E6C0FC0BF808
(1774515091.390499) can0 123#B50047433AEB1AFF
(1774515091.390731) can0 124#B508E6E7E60BED08
(1774515091.400442) can0 123#B60047433A3EB1FF
(1774515091.400600) can0 124#B608E70EB80BE208
(1774515091.410308) can0 123#B70047433972F1FF
(1774515091.410519) can0 124#B708E7359D0BD508
(1774515091.420156) can0 123#B800474338C688FF
(1774515091.420378) can0 124#B808E75C6D0BCA08
(1774515091.430070) can0 123#B9004743380A73FF
(1774515091.430358) can0 124#B908E783530BBE08
(1774515091.439989) can0 123#BA004743375E0BFF
(1774515091.440194) can0 124#BA08E7AA1D0BB308
(1774515091.449934) can0 123#BB00474336A1F6FF
(1774515091.450209) can0 124#BB08E7D1050BA708
(1774515091.459819) can0 123#BC00474335F58EFF
(1774515091.459999) can0 124#BC08E7F7D10B9C08
(1774515091.469749) can0 123#BD004743353978FF
(1774515091.469924) can0 124#BD08E81EB20B9008
(1774515091.479604) can0 123#BE004743348D0FFF
(1774515091.479804) can0 124#BE08E8457A0B8508
(1774515091.489563) can0 123#BF00474333D0FAFF
(1774515091.489679) can0 124#BF08E86C5E0B7908
(1774515091.499397) can0 123#C00047433314E6FF
(1774515091.499563) can0 124#C008E893240B6D08
(1774515091.509334) can0 123#C10047433258D1FF
(1774515091.509468) can0 124#C108E8BA060B6108
(1774515091.519173) can0 123#C200474331AC69FF
(1774515091.519354) can0 124#C208E8E0CD0B5608
(1774515091.529059) can0 123#C300474330F053FF
(1774515091.529255) can0 124#C308E907AF0B4A08
(1774515091.539021) can0 123#C4004743305398FF
(1774515091.539194) can0 124#C408E92E740B4008
(1774515091.548901) can0 123#C50047432F87D6FF
(1774515091.549120) can0 124#C508E955540B3308
(1774515091.558775) can0 123#C60047432ECBC1FF
(1774515091.558963) can0 124#C608E97C1E0B2708
(1774515091.569423) can0 123#C70047432E1F59FF
(1774515091.569431) can0 124#C708E9A2FD0B1C08
(1774515091.578588) can0 123#C80047432D6344FF
(1774515091.578723) can0 124#C808E9C9C60B1008
(1774515091.588509) can0 123#C90047432CB6DBFF
(1774515091.588710) can0 124#C908E9F0A80B0508
(1774515091.598334) can0 123#CA0047432BFAC7FF
(1774515091.598569) can0 124#CA08EA17730AF908
(1774515091.608255) can0 123#CB0047432B3EB1FF
(1774515091.608425) can0 124#CB08EA3E570AED08
(1774515091.618171) can0 123#CC0047432A9249FF
(1774515091.618309) can0 124#CC08EA65210AE208
(1774515091.628089) can0 123#CD00474329D634FF
(1774515091.628266) can0 124#CD08EA8C070AD608
(1774515091.638011) can0 123#CE0047432929CCFF
(1774515091.638211) can0 124#CE08EAB2D20ACB08
(1774515091.647872) can0 123#CF004743286DB7FF
(1774515091.648067) can0 124#CF08EAD9B50ABF08
(1774515091.657861) can0 123#D000474327B1A2FF
(1774515091.657984) can0 124#D008EB00800AB308
(1774515091.667623) can0 123#D1004743270539FF
(1774515091.667827) can0 124#D108EB27600AA808
(1774515091.677500) can0 123#D2004743264925FF
(1774515091.677740) can0 124#D208EB4E2E0A9C08
(1774515091.687445) can0 123#D300474325AC69FF
(1774515091.687598) can0 124#D308EB75130A9208
(1774515091.697277) can0 123#D400474324E0A7FF
(1774515091.697727) can0 124#D408EB9BDD0A8508
(1774515091.707240) can0 123#D5004643242492FF
(1774515091.707388) can0 124#D508EBC2C00A7908
(1774515091.717136) can0 123#D600464323782AFF
(1774515091.717322) can0 124#D608EBE98E0A6E08
(1774515091.727014) can0 123#D700464322BC15FF
(1774515091.727229) can0 124#D708EC10700A6208
(1774515091.736968) can0 123#D8004643220FACFF
(1774515091.737196) can0 124#D808EC373D0A5708
(1774515091.746908) can0 123#D9004643216344FF
(1774515091.747105) can0 124#D908EC5E280A4C08
(1774515091.756650) can0 123#DA004643209783FF
(1774515091.756889) can0 124#DA08EC84EA0A3F08
(1774515091.766579) can0 123#DB0046431FEB1AFF
(1774515091.766823) can0 124#DB08ECABCF0A3408
(1774515091.776543) can0 123#DC0047431F2F05FF
(1774515091.776717) can0 124#DC08ECD2A50A2808
(1774515091.786475) can0 123#DD0047431E829DFF
(1774515091.786611) can0 124#DD08ECF98C0A1D08
(1774515091.796293) can0 123#DE0047431DC688FF
(1774515091.796477) can0 124#DE08ED20590A1108
(1774515091.806185) can0 123#DF0047431D1A20FF
(1774515091.806392) can0 124#DF08ED47430A0608
(1774515091.816125) can0 123#E00047431C5E0AFF
(1774515091.816362) can0 124#E008ED6E0E09FA08
(1774515091.825995) can0 123#E10047431BA1F6FF
(1774515091.826228) can0 124#E108ED94F609EE08
(1774515091.835893) can0 123#E20047431B0539FF
(1774515091.836114) can0 124#E208EDBBC709E408
(1774515091.845781) can0 123#E30047431A3978FF
(1774515091.845996) can0 124#E308EDE2AE09D708
(1774515091.855644) can0 123#E4004743197D63FF
(1774515091.855904) can0 124#E408EE097A09CB08
(1774515091.865595) can0 123#E500474318D0FBFF
(1774515091.865809) can0 124#E508EE306309C008
(1774515091.875459) can0 123#E60047431814E6FF
(1774515091.875682) can0 124#E608EE573009B408
(1774515091.885367) can0 123#E700474317687EFF
(1774515091.885573) can0 124#E708EE7E1409A908
(1774515091.895253) can0 123#E800474316AC68FF
(1774515091.895479) can0 124#E808EEA4DF099D08
(1774515091.905167) can0 123#E900474315F054FF
(1774515091.905383) can0 124#E908EECBC4099108
(1774515091.915176) can0 123#EA0047431543EBFF
(1774515091.915267) can0 124#EA08EEF28D098608
(1774515091.924978) can0 123#EB0047431487D6FF
(1774515091.925192) can0 124#EB08EF1974097A08
(1774515091.934850) can0 123#EC00474313DB6EFF
(1774515091.935116) can0 124#EC08EF4041096F08
(1774515091.944823) can0 123#ED004743131F59FF
(1774515091.945023) can0 124#ED08EF672B096308
(1774515091.954636) can0 123#EE0047431272F0FF
(1774515091.954968) can0 124#EE08EF8DFA095808
(1774515091.964540) can0 123#EF00474311B6DCFF
(1774515091.964781) can0 124#EF08EFB4DD094C08
(1774515091.974499) can0 123#F000474310FAC6FF
(1774515091.974640) can0 124#F008EFDBA4094008
(1774515091.984370) can0 123#F1004743104E5EFF
(1774515091.984570) can0 124#F108F0028B093508
(1774515091.994334) can0 123#F20047430F9249FF
(1774515091.994495) can0 124#F208F02954092908
(1774515092.004214) can0 123#F30047430ED635FF
(1774515092.004403) can0 124#F308F0503A091D08
(1774515092.014084) can0 123#F40047430E29CCFF
(1774515092.014234) can0 124#F408F07708091208
(1774515092.023914) can0 123#F50047430D6DB7FF
(1774515092.024163) can0 124#F508F09DED090608
(1774515092.033883) can0 123#F60047430CC14EFF
(1774515092.034054) can0 124#F608F0C4BE08FB08
(1774515092.043777) can0 123#F70047430C053AFF
(1774515092.043954) can0 124#F708F0EBAA08EF08
(1774515092.053667) can0 123#F80047430B4925FF
(1774515092.053862) can0 124#F808F1127608E308
(1774515092.063570) can0 123#F90047430A9CBCFF
(1774515092.063738) can0 124#F908F1395C08D808
(1774515092.073449) can0 123#FA00474309E0A7FF
(1774515092.073634) can0 124#FA08F1602408CC08
(1774515092.083376) can0 123#FB004743092492FF
(1774515092.083547) can0 124#FB08F1870708C008
(1774515092.093279) can0 123#FC0047430887D6FF
(1774515092.093497) can0 124#FC08F1ADD208B608
(1774515092.103167) can0 123#FD00474307BC15FF
(1774515092.103383) can0 124#FD08F1D4B708A908
(1774515092.113007) can0 123#FE004743070FADFF
(1774515092.113232) can0 124#FE08F1FB7F089E08
(1774515092.122977) can0 123#FF004743065397FF
(1774515092.123159) can0 124#FF08F22264089208
(1774515092.132787) can0 123#00004743059783FF
(1774515092.133077) can0 124#0008F2492C088608
(1774515092.142711) can0 123#0100474304EB1AFF
(1774515092.142924) can0 124#0108F27016087B08
(1774515092.152604) can0 123#02004743043EB2FF
(1774515092.152829) can0 124#0208F296E4087008
(1774515092.162505) can0 123#0300474303829CFF
(1774515092.162749) can0 124#0308F2BDCB086408
(1774515092.172423) can0 123#0400474302C688FF
(1774515092.172633) can0 124#0408F2E495085808
(1774515092.183076) can0 123#05004743021A1FFF
(1774515092.183164) can0 124#0508F30B7A084D08
(1774515092.192198) can0 123#06004743015E0BFF
(1774515092.192458) can0 124#0608F33246084108
(1774515092.202093) can0 123#0700474300A1F5FF
(1774515092.202365) can0 124#0708F3592D083508
(1774515092.211999) can0 123#08004742FFEB1AFF
(1774515092.212244) can0 124#0808F37FF9082A08
(1774515092.221976) can0 123#09004742FE72F0FF
(1774515092.222108) can0 124#0908F3A6DE081E08
(1774515092.231837) can0 123#0A004742FCFAC6FF
(1774515092.232066) can0 124#0A08F3CDA6081208
(1774515092.241695) can0 123#0B004742FBC14EFF
(1774515092.241904) can0 124#0B08F3F48F080808
(1774515092.251568) can0 123#0C004742FA29CCFF
(1774515092.251792) can0 124#0C08F41B5A07FB08
(1774515092.261521) can0 123#0D004742F8D0FAFF
(1774515092.261702) can0 124#0D08F4424007F008
(1774515092.271384) can0 123#0E004742F758D1FF
(1774515092.271596) can0 124#0E08F4690507E408
(1774515092.281374) can0 123#0F004742F5E0A7FF
(1774515092.281500) can0 124#0F08F48FEA07D808
(1774515092.291248) can0 123#10004742F487D7FF
(1774515092.291409) can0 124#1008F4B6B107CD08
(1774515092.301078) can0 123#11004742F32F06FF
(1774515092.301336) can0 124#1108F4DD9207C208
(1774515092.311060) can0 123#12004742F1B6DBFF
(1774515092.311239) can0 124#1208F5045607B608
(1774515092.320892) can0 123#13004742F03EB2FF
(1774515092.321105) can0 124#1308F52B3707AA08
(1774515092.330849) can0 123#14004742EEC687FF
(1774515092.330987) can0 124#1408F55208079E08
(1774515092.340679) can0 123#15004742ED6DB6FF
(1774515092.340985) can0 124#1508F578EB079308
(1774515092.350587) can0 123#16004742EBF58DFF
(1774515092.350815) can0 124#1608F59FBA078708
(1774515092.360619) can0 123#17004742EA9CBCFF
(1774515092.360740) can0 124#1708F5C6A4077C08
(1774515092.370380) can0 123#18004742E92493FF
(1774515092.370586) can0 124#1808F5ED72077008
(1774515092.380268) can0 123#19004742E7EB1AFF
(1774515092.380484) can0 124#1908F61455076608
(1774515092.390163) can0 123#1A004742E65397FF
(1774515092.390370) can0 124#1A08F63B1F075908
(1774515092.400137) can0 123#1B004742E4DB6EFF
(1774515092.400279) can0 124#1B08F66204074D08
(1774515092.409959) can0 123#1C004742E3829DFF
(1774515092.410216) can0 124#1C08F688D0074208
(1774515092.419938) can0 123#1D004742E20A74FF
(1774515092.420099) can0 124#1D08F6AFB6073608
(1774515092.429796) can0 123#1E004742E09249FF
(1774515092.430008) can0 124#1E08F6D683072A08
(1774515092.439620) can0 123#1F004742DF58D1FF
(1774515092.439869) can0 124#1F08F6FD65072008
(1774515092.449544) can0 123#20004742DDC14FFF
(1774515092.449736) can0 124#2008F7242D071308
(1774515092.459524) can0 123#21004742DC687EFF
(1774515092.459655) can0 124#2108F74B0F070808
(1774515092.469346) can0 123#22004742DAF053FF
(1774515092.469590) can0 124#2208F771DB06FC08
(1774515092.479245) can0 123#23004742D99783FF
(1774515092.479447) can0 124#2308F798BC06F108
(1774515092.489136) can0 123#24004742D81F59FF
(1774515092.489491) can0 124#2408F7BF8706E508
(1774515092.499072) can0 123#25004742D6C688FF
(1774515092.499245) can0 124#2508F7E66706DA08
(1774515092.508912) can0 123#26004742D54E5EFF
(1774515092.509118) can0 124#2608F80D3506CE08
(1774515092.518873) can0 123#27004742D3D634FF
(1774515092.519056) can0 124#2708F8341606C208
(1774515092.528800) can0 123#28004742D27D63FF
(1774515092.528989) can0 124#2808F85AE506B708
(1774515092.538664) can0 123#29004742D10539FF
(1774515092.538864) can0 124#2908F881CA06AB08
(1774515092.548536) can0 123#2A004742CF8D10FF
(1774515092.548730) can0 124#2A08F8A893069F08
(1774515092.558442) can0 123#2B004742CE14E6FF
(1774515092.558619) can0 124#2B08F8CF74069308
(1774515092.568300) can0 123#2C004742CCBC14FF
(1774515092.568538) can0 124#2C08F8F641068808
(1774515092.578348) can0 123#2D004742CB43EBFF
(1774515092.578411) can0 124#2D08F91D28067C08
(1774515092.588108) can0 123#2E004742CA0A72FF
(1774515092.588340) can0 124#2E08F943F0067208
(1774515092.598057) can0 123#2F004742C872F1FF
(1774515092.598244) can0 124#2F08F966EA066508
(1774515092.607919) can0 123#30004742C71A20FF
(1774515092.608135) can0 124#3008F9919B065A08
(1774515092.617822) can0 123#31004742C5A1F5FF
(1774515092.618003) can0 124#3108F9B880064E08
(1774515092.627757) can0 123#32004742C429CCFF
(1774515092.627954) can0 124#3208F9DF48064208
(1774515092.637595) can0 123#33004742C2D0FBFF
(1774515092.637908) can0 124#3308FA0629063708
(1774515092.647507) can0 123#34004742C1782AFF
(1774515092.647696) can0 124#3408FA2CF0062C08
(1774515092.657427) can0 123#35004742C00001FF
(1774515092.657622) can0 124#3508FA53CF062008
(1774515092.667244) can0 123#36004742BE87D6FF
(1774515092.667569) can0 124#3608FA7A96061408
(1774515092.677225) can0 123#37004742BD0FADFF
(1774515092.677389) can0 124#3708FAA176060808
(1774515092.687073) can0 123#38004742BBB6DCFF
(1774515092.687320) can0 124#3808FAC83D05FD08
(1774515092.697045) can0 123#39004742BA3EB1FF
(1774515092.697285) can0 124#3908FAEF1D05F108
(1774515092.706978) can0 123#3A004742B8E5E0FF
(1774515092.707184) can0 124#3A08FB15E905E608
(1774515092.716763) can0 123#3B004742B76DB7FF
(1774515092.717010) can0 124#3B08FB3CCF05DA08
(1774515092.726659) can0 123#3C004742B614E6FF
(1774515092.726879) can0 124#3C08FB639A05CF08
(1774515092.736654) can0 123#3D004742B49CBDFF
(1774515092.736787) can0 124#3D08FB8A7C05C308
(1774515092.746460) can0 123#3E004742B32492FF
(1774515092.746662) can0 124#3E08FBB14E05B708
(1774515092.756352) can0 123#3F004742B1EB1AFF
(1774515092.756578) can0 124#3F08FBD83105AD08
(1774515092.766289) can0 123#40004742B05398FF
(1774515092.766481) can0 124#4008FBFEFD05A008
(1774515092.776199) can0 123#41004742AEDB6EFF
(1774515092.776407) can0 124#4108FC25DF059408
(1774515092.786082) can0 123#42004742ADA1F5FF
(1774515092.786274) can0 124#4208FC4CA8058A08
(1774515092.795929) can0 123#43004742AC0A73FF
(1774515092.796178) can0 124#4308FC738C057D08
(1774515092.805897) can0 123#44004742AAB1A2FF
(1774515092.806062) can0 124#4408FC9A58057208
(1774515092.815737) can0 123#45004742A93978FF
(1774515092.815958) can0 124#4508FCC13B056608
(1774515092.825628) can0 123#46004742A7C14FFF
(1774515092.825841) can0 124#4608FCE805055A08
(1774515092.835609) can0 123#47004742A6687DFF
(1774515092.835741) can0 124#4708FD0EE2054F08
(1774515092.845416) can0 123#48004742A50FACFF
(1774515092.845644) can0 124#4808FD35B1054408
(1774515092.855347) can0 123#49004742A39782FF
(1774515092.855527) can0 124#4908FD5C96053808
(1774515092.865346) can0 123#4A004742A21F58FF
(1774515092.865450) can0 124#4A08FD8365052C08
(1774515092.875188) can0 123#4B004742A0C688FF
(1774515092.875374) can0 124#4B08FDAA44052108
(1774515092.885059) can0 123#4C0047429F4E5EFF
(1774515092.885219) can0 124#4C08FDD10E051508
(1774515092.894962) can0 123#4D0047429DD634FF
(1774515092.895181) can0 124#4D08FDF7F2050908
(1774515092.904802) can0 123#4E0047429C7D63FF
(1774515092.905057) can0 124#4E08FE1EB804FE08
(1774515092.914736) can0 123#4F0047429B0539FF
(1774515092.914891) can0 124#4F08FE459804F208
(1774515092.924598) can0 123#50004742998D0FFF
(1774515092.924848) can0 124#5008FE6C5F04E608
(1774515092.934544) can0 123#51004742985398FF
(1774515092.934716) can0 124#5108FE934304DC08
(1774515092.944367) can0 123#5200474296BC15FF
(1774515092.944638) can0 124#5208FEBA0C04CF08
(1774515092.954342) can0 123#53004742956344FF
(1774515092.954563) can0 124#5308FEE0ED04C408
(1774515092.964227) can0 123#5400474293EB1AFF
(1774515092.964453) can0 124#5408FF07B504B808
(1774515092.974119) can0 123#55004742929249FF
(1774515092.974381) can0 124#5508FF2E9804AD08
(1774515092.984276) can0 123#56004642911A1FFF
(1774515092.984291) can0 124#5608FF555C04A108
(1774515092.993902) can0 123#570047428FC14FFF
(1774515092.994147) can0 124#5708FF7C41049608
(1774515093.003892) can0 123#580047428E4925FF
(1774515093.004015) can0 124#5808FFA30B048A08
(1774515093.013866) can0 123#590047428CD0FBFF
(1774515093.013954) can0 124#5908FFC9EB047E08
(1774515093.023616) can0 123#5A0047428B782AFF
(1774515093.023784) can0 124#5A08FFF0B5047308
(1774515093.033525) can0 123#5B0047428A0000FF
(1774515093.033701) can0 124#5B09001798046708
(1774515093.043463) can0 123#5C0047428887D6FF
(1774515093.043624) can0 124#5C09003E59045B08
(1774515093.053302) can0 123#5D004742872F06FF
(1774515093.053494) can0 124#5D0900653A045008
(1774515093.063209) can0 123#5E00474285B6DCFF
(1774515093.063419) can0 124#5E09008C07044408
(1774515093.073097) can0 123#5F004742847D63FF
(1774515093.073348) can0 124#5F0900B2E9043A08
(1774515093.082916) can0 123#6000464282E5E1FF
(1774515093.083164) can0 124#600900D9AF042D08
(1774515093.092848) can0 123#61004642816DB7FF
(1774515093.093075) can0 124#6109010093042108
(1774515093.102756) can0 123#620046428014E6FF
(1774515093.103000) can0 124#620901275D041608
(1774515093.112753) can0 123#630046427D3979FF
(1774515093.112880) can0 124#6309014E3F040A08
(1774515093.122832) can0 123#640046427A87D7FF
(1774515093.122847) can0 124#640901750503FF08
(1774515093.132468) can0 123#6500464277D634FF
(1774515093.132650) can0 124#6509019BED03F408
(1774515093.142371) can0 123#6600464274A72FFF
(1774515093.142541) can0 124#660901C2B803E708
(1774515093.152306) can0 123#6700464271F58DFF
(1774515093.152447) can0 124#670901E9A103DC08
(1774515093.162269) can0 123#680046426F43EAFF
(1774515093.162361) can0 124#680902106603D108
(1774515093.172078) can0 123#690046426C5398FF
(1774515093.172269) can0 124#690902374C03C508
(1774515093.181969) can0 123#6A004742696344FF
(1774515093.182313) can0 124#6A09025E1E03B908
(1774515093.191913) can0 123#6B00474266B1A2FF
(1774515093.192075) can0 124#6B0902850303AE08
(1774515093.201754) can0 123#6C00474263C14EFF
(1774515093.201959) can0 124#6C0902ABD103A208
(1774515093.211753) can0 123#6D00474260D0FAFF
(1774515093.211891) can0 124#6D0902D2B4039608
(1774515093.221590) can0 123#6E0047425E5E0AFF
(1774515093.221748) can0 124#6E0902F981038C08
(1774515093.231449) can0 123#6F0047425B2F06FF
(1774515093.231798) can0 124#6F09032066037F08
(1774515093.241308) can0 123#70004742583EB2FF
(1774515093.241526) can0 124#700903472D037308
(1774515093.251252) can0 123#71004742558D10FF
(1774515093.251470) can0 124#7109036E11036808
(1774515093.261136) can0 123#72004742529CBCFF
(1774515093.261328) can0 124#72090394E1035C08
(1774515093.271050) can0 123#730047424FEB1AFF
(1774515093.271241) can0 124#730903BBC8035108
(1774515093.281012) can0 123#740047424CFAC6FF
(1774515093.281114) can0 124#740903E296034508
(1774515093.290800) can0 123#750047424A0A72FF
(1774515093.291095) can0 124#750904097E033908
(1774515093.300803) can0 123#760047424758D1FF
(1774515093.300914) can0 124#760904304D032E08
(1774515093.310663) can0 123#7700474244687EFF
(1774515093.310873) can0 124#7709045733032208
(1774515093.320546) can0 123#7800474241B6DBFF
(1774515093.320735) can0 124#7809047E06031708
(1774515093.330431) can0 123#790047423F0539FF
(1774515093.330624) can0 124#790904A4EB030C08
(1774515093.340336) can0 123#7A0047423BD634FF
(1774515093.340506) can0 124#7A0904CBBA02FF08
(1774515093.350228) can0 123#7B004742392493FF
(1774515093.350409) can0 124#7B0904F29F02F408
(1774515093.360161) can0 123#7C00474236343FFF
(1774515093.360386) can0 124#7C0905196F02E808
(1774515093.370076) can0 123#7D00474233829DFF
(1774515093.370281) can0 124#7D0905405802DD08
(1774515093.379946) can0 123#7E004742309249FF
(1774515093.380171) can0 124#7E0905672502D108
(1774515093.389846) can0 123#7F0047422DE0A7FF
(1774515093.390004) can0 124#7F09058E0B02C608
(1774515093.399755) can0 123#800047422AF054FF
(1774515093.399954) can0 124#800905B4D602BA08
(1774515093.409711) can0 123#81004742280000FF
(1774515093.409906) can0 124#810905DBBE02AE08
(1774515093.419475) can0 123#82004742258D0FFF
(1774515093.419755) can0 124#820906028F02A408
(1774515093.429386) can0 123#83004742225E0BFF
(1774515093.429585) can0 124#8309062977029708
(1774515093.439297) can0 123#840047421F6DB7FF
(1774515093.439504) can0 124#8409065047028B08
(1774515093.449191) can0 123#850047421CBC15FF
(1774515093.449474) can0 124#8509067730028008
(1774515093.459228) can0 123#8600474219CBC2FF
(1774515093.459286) can0 124#8609069DFE027408
(1774515093.468981) can0 123#87004742171A1FFF
(1774515093.469210) can0 124#870906C4E9026908
(1774515093.478872) can0 123#8800474214687DFF
(1774515093.479141) can0 124#880906EBB8025E08
(1774515093.488826) can0 123#89004742113978FF
(1774515093.489002) can0 124#8909071298025108
(1774515093.498640) can0 123#8A0047420E87D6FF
(1774515093.498877) can0 124#8A09073963024608
(1774515093.508578) can0 123#8B0047420B9782FF
(1774515093.508786) can0 124#8B09076048023A08
(1774515093.518484) can0 123#8C00474208A72FFF
(1774515093.518659) can0 124#8C0907870F022E08
(1774515093.528358) can0 123#8D00474205F58DFF
(1774515093.528611) can0 124#8D0907ADF6022308
(1774515093.538269) can0 123#8E0047420343EBFF
(1774515093.538494) can0 124#8E0907D4BF021808
(1774515093.548221) can0 123#8F004742005398FF
(1774515093.548388) can0 124#8F0907FBA1020C08
(1774515093.558141) can0 123#90004741FAC688FF
(1774515093.558236) can0 124#900908226C020008
(1774515093.567958) can0 123#91004741F56344FF
(1774515093.568183) can0 124#910908494E01F508
(1774515093.577974) can0 123#92004741EF829DFF
(1774515093.578125) can0 124#920908701601E908
(1774515093.587861) can0 123#93004741E9A1F6FF
(1774515093.588120) can0 124#93090896F801DD08
(1774515093.597763) can0 123#94004741E43EB1FF
(1774515093.597847) can0 124#940908BDC201D208
(1774515093.607650) can0 123#95004741DE5E0AFF
(1774515093.607745) can0 124#950908E4B201C608
(1774515093.617503) can0 123#96004741D9782AFF
(1774515093.617638) can0 124#9609090B7D01BC08
(1774515093.627365) can0 123#97004741D31A1FFF
(1774515093.627545) can0 124#970909326201AF08
(1774515093.637248) can0 123#98004741CD3978FF
(1774515093.637417) can0 124#980909593101A308
(1774515093.647207) can0 123#99004741C7D634FF
(1774515093.647348) can0 124#9909098019019808
(1774515093.657018) can0 123#9A004741C1F58DFF
(1774515093.657256) can0 124#9A0909A6E3018C08
(1774515093.666948) can0 123#9B004741BC924AFF
(1774515093.667180) can0 124#9B0909CDCC018108
(1774515093.676884) can0 123#9C004741B72F05FF
(1774515093.677014) can0 124#9C0909F49C017608
(1774515093.686738) can0 123#9D004641B0D0FBFF
(1774515093.686917) can0 124#9D090A1B82016908
(1774515093.696600) can0 123#9E004741AB6DB7FF
(1774515093.696837) can0 124#9E090A4254015E08
(1774515093.706545) can0 123#9F004741A58D0FFF
(1774515093.706756) can0 124#9F090A693B015208
(1774515093.716439) can0 123#A00047419FAC68FF
(1774515093.716703) can0 124#A0090A9006014608
(1774515093.726357) can0 123#A10046419A4925FF
(1774515093.726494) can0 124#A1090AB6E8013B08
(1774515093.736202) can0 123#A200464194E5E1FF
(1774515093.736411) can0 124#A2090ADDB2013008
(1774515093.746191) can0 123#A30046418F0539FF
(1774515093.746343) can0 124#A3090B0493012408
(1774515093.756077) can0 123#A4004641892492FF
(1774515093.756290) can0 124#A4090B2B5E011808
(1774515093.765933) can0 123#A5004741843EB2FF
(1774515093.766183) can0 124#A5090B5248010E08
(1774515093.775923) can0 123#A60047417BC14EFF
(1774515093.776046) can0 124#A6090B7910010108
(1774515093.785799) can0 123#A7004741700000FF
(1774515093.785960) can0 124#A7090B9FF400F508
(1774515093.795656) can0 123#A8004741653977FF
(1774515093.795815) can0 124#A8090BC6C300EA08
(1774515093.805648) can0 123#A900464159782AFF
(1774515093.805658) can0 124#A9090BEDA700DE08
(1774515093.815409) can0 123#AA0046414EB1A2FF
(1774515093.815595) can0 124#AA090C147000D308
(1774515093.825298) can0 123#AB00464143EB1BFF
(1774515093.825540) can0 124#AB090C3B5000C808
(1774515093.835214) can0 123#AC004641372F05FF
(1774515093.835385) can0 124#AC090C621A00BB08
(1774515093.845097) can0 123#AD0046412C687EFF
(1774515093.845322) can0 124#AD090C890100B008
(1774515093.855019) can0 123#AE00464120A72FFF
(1774515093.855174) can0 124#AE090CAFCB00A408
(1774515093.864908) can0 123#AF00464115E0A7FF
(1774515093.865101) can0 124#AF090CD6B0009908
(1774515093.874737) can0 123#B00047410A1F59FF
(1774515093.874965) can0 124#B0090CFD85008D08
(1774515093.884675) can0 123#B1004740FEB1A2FF
(1774515093.884889) can0 124#B1090D2469008208
(1774515093.894576) can0 123#B2004740E72F05FF
(1774515093.894867) can0 124#B2090D4B32007608
(1774515093.904525) can0 123#B3004740CFAC68FF
(1774515093.904679) can0 124#B3090D7211006A08
(1774515093.914367) can0 123#B4004740B829CBFF
(1774515093.914587) can0 124#B4090D98DD005E08
(1774515093.924271) can0 123#B5004740A29CBCFF
(1774515093.924471) can0 124#B5090DBFC3005308
(1774515093.934176) can0 123#B60047408B1A1FFF
(1774515093.934385) can0 124#B6090DE68A004708
(1774515093.944098) can0 123#B7004740672F05FF
(1774515093.944372) can0 124#B7090E0D6E003B08
(1774515093.954046) can0 123#B80047403C14E5FF
(1774515093.954172) can0 124#B8090E3439003008
(1774515093.963847) can0 123#B900474010FAC6FF
(1774515093.964075) can0 124#B9090E5B1F002508
(1774515093.973783) can0 123#BA00473FC3EB1BFF
(1774515093.974026) can0 124#BA090E81E7001908
(1774515093.983676) can0 123#BB00473F4BC14EFF
(1774515093.983882) can0 124#BB090EA8CC000D08
(1774515093.993549) can0 123#BC00473DFAC688FF
(1774515093.993795) can0 124#BC090ECF98000208
(1774515094.003427) can0 123#BD004743B3B1A2FF
(1774515094.003648) can0 124#BD090EF67716EE08
(1774515094.013358) can0 123#BE004743B35397FF
(1774515094.013616) can0 124#BE090F1D4216E208
(1774515094.023251) can0 123#BF004743B30539FF
(1774515094.023460) can0 124#BF090F442616D808
(1774515094.033163) can0 123#C0004743B29F59FF
(1774515094.033442) can0 124#C0090F6AF216CB08
(1774515094.043022) can0 123#C1004743B24925FF
(1774515094.043253) can0 124#C1090F91D616C008
(1774515094.052940) can0 123#C2004743B1EB1AFF
(1774515094.053133) can0 124#C2090FB8A516B408
(1774515094.062891) can0 123#C3004743B18D10FF
(1774515094.063123) can0 124#C3090FDF8A16A808
(1774515094.072680) can0 123#C4004743B136DCFF
(1774515094.072969) can0 124#C409100654169D08
(1774515094.082728) can0 123#C5004743B0E0A7FF
(1774515094.082866) can0 124#C509102D3A169208
(1774515094.092593) can0 123#C6004743B0829CFF
(1774515094.092750) can0 124#C609105403168608
(1774515094.102445) can0 123#C7004743B02492FF
(1774515094.102641) can0 124#C709107AE8167A08
(1774515094.112405) can0 123#C8004743AFCE5EFF
(1774515094.112568) can0 124#C80910A1B2166F08
(1774515094.122397) can0 123#C9004743AF7054FF
(1774515094.122486) can0 124#C90910C89F166308
(1774515094.132134) can0 123#CA004743AF1249FF
(1774515094.132298) can0 124#CA0910EF6B165708
(1774515094.142105) can0 123#CB004743AEBC15FF
(1774515094.142233) can0 124#CB09111653164C08
(1774515094.151983) can0 123#CC004743AE5E0BFF
(1774515094.152155) can0 124#CC09113D22164008
(1774515094.161845) can0 123#CD004743AE0000FF
(1774515094.162026) can0 124#CD09116407163408
(1774515094.171825) can0 123#CE004743ADB1A2FF
(1774515094.171920) can0 124#CE09118AD2162A08
(1774515094.181682) can0 123#CF004743AD4BC1FF
(1774515094.181827) can0 124#CF0911B1B7161D08
(1774515094.191578) can0 123#D0004743ACEDB7FF
(1774515094.191727) can0 124#D00911D884161108
(1774515094.201546) can0 123#D1004743AC9783FF
(1774515094.201616) can0 124#D10911FF6C160608
(1774515094.211302) can0 123#D2004743AC3978FF
(1774515094.211542) can0 124#D20912263915FA08
(1774515094.221272) can0 123#D3004743ABE344FF
(1774515094.221369) can0 124#D309124D2015EF08
(1774515094.231087) can0 123#D4004743AB8D10FF
(1774515094.231403) can0 124#D4091273EF15E408
(1774515094.241021) can0 123#D5004743AB272FFF
(1774515094.241207) can0 124#D509129AD115D708
(1774515094.250868) can0 123#D6004743AAD0FBFF
(1774515094.251067) can0 124#D60912C19F15CC08
(1774515094.260805) can0 123#D7004743AA72F0FF
(1774515094.260995) can0 124#D70912E88515C008
(1774515094.270658) can0 123#D8004743AA1CBCFF
(1774515094.270851) can0 124#D809130F4C15B508
(1774515094.280825) can0 123#D9004743A9BEB1FF
(1774515094.280839) can0 124#D90913362F15A908
(1774515094.290497) can0 123#DA004743A960A7FF
(1774515094.290667) can0 124#DA09135CFB159D08
(1774515094.300503) can0 123#DB004743A90A73FF
(1774515094.300627) can0 124#DB091383DF159208
(1774515094.310422) can0 123#DC004743A8B43FFF
(1774515094.310532) can0 124#DC0913AAAC158708
(1774515094.320173) can0 123#DD004743A85634FF
(1774515094.320352) can0 124#DD0913D193157B08
(1774515094.330141) can0 123#DE004743A7F82AFF
(1774515094.330269) can0 124#DE0913F85D156F08
(1774515094.339946) can0 123#DF004743A79A1FFF
(1774515094.340178) can0 124#DF09141F3F156308
(1774515094.349862) can0 123#E0004743A743EBFF
(1774515094.350079) can0 124#E00914460A155808
(1774515094.359842) can0 123#E1004743A6E5E0FF
(1774515094.359973) can0 124#E109146CEE154C08
(1774515094.369690) can0 123#E2004743A69783FF
(1774515094.369858) can0 124#E2091493B7154208
(1774515094.379584) can0 123#E3004743A631A2FF
(1774515094.379765) can0 124#E30914BA99153508
(1774515094.389474) can0 123#E4004743A5D398FF
(1774515094.389764) can0 124#E40914E163152908
(1774515094.399417) can0 123#E5004743A57D63FF
(1774515094.399550) can0 124#E509150848151E08
(1774515094.409254) can0 123#E6004743A51F59FF
(1774515094.409451) can0 124#E609152F10151208
(1774515094.419166) can0 123#E7004743A4C925FF
(1774515094.419362) can0 124#E7091555EE150708
(1774515094.429088) can0 123#E8004743A472F0FF
(1774515094.429219) can0 124#E809157CB614FC08
(1774515094.438946) can0 123#E9004643A40D0FFF
(1774515094.439190) can0 124#E90915A39614EF08
(1774515094.448919) can0 123#EA004643A3B6DBFF
(1774515094.449002) can0 124#EA0915CA5F14E408
(1774515094.458782) can0 123#EB004743A360A7FF
(1774515094.458916) can0 124#EB0915F14D14D908
(1774515094.468676) can0 123#EC004743A3029DFF
(1774515094.468857) can0 124#EC0916181514CD08
(1774515094.478638) can0 123#ED004743A2A492FF
(1774515094.478710) can0 124#ED09163EFB14C108
(1774515094.488487) can0 123#EE004743A24688FF
(1774515094.488915) can0 124#EE091665C414B508
(1774515094.498444) can0 123#EF004743A1F054FF
(1774515094.498513) can0 124#EF09168CAB14AA08
(1774515094.508267) can0 123#F0004743A19249FF
(1774515094.508409) can0 124#F00916B374149E08
(1774515094.518141) can0 123#F1004743A143EBFF
(1774515094.518346) can0 124#F10916DA59149408
(1774515094.527992) can0 123#F2004743A0DE0AFF
(1774515094.528244) can0 124#F209170123148708
(1774515094.537945) can0 123#F3004743A08000FF
(1774515094.538142) can0 124#F30917280B147B08
(1774515094.547801) can0 123#F4004643A031A2FF
(1774515094.548038) can0 124#F409174ED2147108
(1774515094.557685) can0 123#F50046439FCBC1FF
(1774515094.557938) can0 124#F5091775B8146408
(1774515094.567564) can0 123#F60046439F758DFF
(1774515094.567809) can0 124#F609179C86145908
(1774515094.577517) can0 123#F70047439F1F59FF
(1774515094.577682) can0 124#F70917C36F144E08
(1774515094.587492) can0 123#F80047439EB978FF
(1774515094.587834) can0 124#F80917EA36144108
(1774515094.597299) can0 123#F90047439E6344FF
(1774515094.597526) can0 124#F90918111A143608
(1774515094.607258) can0 123#FA0047439E053AFF
(1774515094.607464) can0 124#FA091837DE142A08
(1774515094.617099) can0 123#FB0047439DAF06FF
(1774515094.617300) can0 124#FB09185EC3141F08
(1774515094.627030) can0 123#FC0047439D50FAFF
(1774515094.627218) can0 124#FC0918858F141308
(1774515094.636939) can0 123#FD0047439CF2F0FF
(1774515094.637139) can0 124#FD0918AC76140708
(1774515094.646778) can0 123#FE0047439C9CBCFF
(1774515094.647017) can0 124#FE0918D34013FC08
(1774515094.656673) can0 123#FF0047439C3EB2FF
(1774515094.657000) can0 124#FF0918FA2813F008
(1774515094.666592) can0 123#000047439BF053FF
(1774515094.666818) can0 124#00091920F413E608
(1774515094.676525) can0 123#010047439B8A73FF
(1774515094.676669) can0 124#01091947DD13D908
(1774515094.686384) can0 123#020047439B2C69FF
(1774515094.686628) can0 124#0209196EA913CD08
(1774515094.696360) can0 123#030047439AD634FF
(1774515094.696480) can0 124#030919959313C208
(1774515094.706204) can0 123#040047439A7829FF
(1774515094.706394) can0 124#040919BC6113B608
(1774515094.716117) can0 123#050047439A1A1FFF
(1774515094.716268) can0 124#050919E34A13AA08
(1774515094.725965) can0 123#0600474399CBC2FF
(1774515094.726189) can0 124#06091A0A1513A008
(1774515094.735843) can0 123#070047439965E1FF
(1774515094.736086) can0 124#07091A30FB139308
(1774515094.745720) can0 123#08004743990FACFF
(1774515094.745991) can0 124#08091A57C6138808
(1774515094.755646) can0 123#0900474398B1A2FF
(1774515094.755894) can0 124#09091A7EAC137C08
(1774515094.765525) can0 123#0A004743985B6EFF
(1774515094.765757) can0 124#0A091AA57C137108
(1774515094.775525) can0 123#0B00474397FD63FF
(1774515094.775655) can0 124#0B091ACC6A136508
(1774515094.785368) can0 123#0C00474397A72FFF
(1774515094.785555) can0 124#0C091AF33C135A08
(1774515094.795394) can0 123#0D00474397414EFF
(1774515094.795483) can0 124#0D091B1A25134D08
(1774515094.805093) can0 123#0E00474396EB1AFF
(1774515094.805346) can0 124#0E091B40F5134208
(1774515094.815044) can0 123#0F0047439694E6FF
(1774515094.815283) can0 124#0F091B67DF133708
(1774515094.824947) can0 123#100047439636DBFF
(1774515094.825174) can0 124#10091B8EAD132B08
(1774515094.834907) can0 123#1100474395D8D1FF
(1774515094.835081) can0 124#11091BB597131F08
(1774515094.844684) can0 123#12004743957AC7FF
(1774515094.844914) can0 124#12091BDC6B131308
(1774515094.854613) can0 123#13004743952492FF
(1774515094.854861) can0 124#13091C0353130808
(1774515094.864499) can0 123#1400474394C688FF
(1774515094.864716) can0 124#14091C2A2612FC08
(1774515094.874416) can0 123#1500474394782AFF
(1774515094.874660) can0 124#15091C510B12F208
(1774515094.884368) can0 123#16004743941249FF
(1774515094.884523) can0 124#16091C77D412E508
(1774515094.894212) can0 123#1700474393B43FFF
(1774515094.894422) can0 124#17091C9EB512D908
(1774515094.904112) can0 123#18004743935E0AFF
(1774515094.904345) can0 124#18091CC57E12CE08
(1774515094.914017) can0 123#19004743930000FF
(1774515094.914209) can0 124#19091CEC6012C208
(1774515094.923854) can0 123#1A00474392A9CCFF
(1774515094.924158) can0 124#1A091D132E12B708
(1774515094.933784) can0 123#1B004743925397FF
(1774515094.934013) can0 124#1B091D3A1012AC08
(1774515094.943785) can0 123#1C00474391EDB7FF
(1774515094.943912) can0 124#1C091D60D8129F08
(1774515094.953690) can0 123#1D004743919783FF
(1774515094.953804) can0 124#1D091D87BB129408
(1774515094.963549) can0 123#1E004743913978FF
(1774515094.963677) can0 124#1E091DAE85128808
(1774515094.973440) can0 123#1F00474390E344FF
(1774515094.973592) can0 124#1F091DD56A127D08
(1774515094.983456) can0 123#20004743908539FF
(1774515094.983605) can0 124#20091DFC34127108
(1774515094.993204) can0 123#21004743902F05FF
(1774515094.993445) can0 124#21091E2315126608
(1774515095.003092) can0 123#220047438FD0FBFF
(1774515095.003395) can0 124#22091E49DD125A08
(1774515095.013014) can0 123#230047438F7AC6FF
(1774515095.013292) can0 124#23091E70C1124F08
(1774515095.022870) can0 123#240047438F1CBCFF
(1774515095.023104) can0 124#24091E978A124308
(1774515095.032816) can0 123#250047438EBEB2FF
(1774515095.032992) can0 124#25091EBE6E123708
(1774515095.042703) can0 123#260047438E60A7FF
(1774515095.042872) can0 124#26091EE52F122B08
(1774515095.052609) can0 123#270047438E0A73FF
(1774515095.052773) can0 124#27091F0C11122008
(1774515095.062523) can0 123#280047438DAC68FF
(1774515095.062697) can0 124#28091F32D9121408
(1774515095.072390) can0 123#290047438D5E0BFF
(1774515095.072631) can0 124#29091F59BB120A08
(1774515095.082251) can0 123#2A0047438CF82AFF
(1774515095.082505) can0 124#2A091F807B11FD08
(1774515095.092147) can0 123#2B0047438C9A1FFF
(1774515095.092354) can0 124#2B091FA76311F108
(1774515095.102031) can0 123#2C0047438C4BC1FF
(1774515095.102292) can0 124#2C091FCE2A11E708
(1774515095.111958) can0 123#2D0047438BE5E1FF
(1774515095.112202) can0 124#2D091FF51111DA08
(1774515095.121861) can0 123#2E0047438B8FACFF
(1774515095.122111) can0 124#2E09201BDD11CF08
(1774515095.131748) can0 123#2F0047438B3978FF
(1774515095.131938) can0 124#2F092042C211C408
(1774515095.141621) can0 123#300047438ADB6EFF
(1774515095.141851) can0 124#300920698F11B808
(1774515095.151596) can0 123#310047438A7D64FF
(1774515095.151798) can0 124#310920907211AC08
(1774515095.161426) can0 123#320047438A272FFF
(1774515095.161655) can0 124#320920B74011A108
(1774515095.171377) can0 123#3300474389C924FF
(1774515095.171563) can0 124#330920DE2D119508
(1774515095.181239) can0 123#34004743896B1AFF
(1774515095.181507) can0 124#34092104EC118908
(1774515095.191159) can0 123#35004743890D10FF
(1774515095.191351) can0 124#3509212BD2117D08
(1774515095.201047) can0 123#3600474388B6DBFF
(1774515095.201276) can0 124#360921529D117208
(1774515095.210920) can0 123#370047438858D1FF
(1774515095.211146) can0 124#3709217982116608
(1774515095.220865) can0 123#3800474388029DFF
(1774515095.221049) can0 124#380921A04A115B08
(1774515095.230760) can0 123#3900464387A493FF
(1774515095.230944) can0 124#390921C72B114F08
(1774515095.240607) can0 123#3A004643874E5EFF
(1774515095.240822) can0 124#3A0921EDF3114408
(1774515095.250532) can0 123#3B00464386F053FF
(1774515095.250730) can0 124#3B092214D6113808
(1774515095.260484) can0 123#3C004743869249FF
(1774515095.260607) can0 124#3C09223B9E112C08
(1774515095.270341) can0 123#3D004743863C15FF
(1774515095.270522) can0 124#3D09226285112108
(1774515095.280268) can0 123#3E00474385E5E0FF
(1774515095.280411) can0 124#3E09228951111608
(1774515095.290161) can0 123#3F0046438587D6FF
(1774515095.290353) can0 124#3F0922B02F110A08
(1774515095.300064) can0 123#400046438529CCFF
(1774515095.300220) can0 124#400922D6FA10FE08
(1774515095.309924) can0 123#4100464384CBC2FF
(1774515095.310113) can0 124#410922FDDF10F208
(1774515095.319787) can0 123#4200474384758DFF
(1774515095.319984) can0 124#42092324AF10E708
(1774515095.329691) can0 123#43004743841783FF
(1774515095.329892) can0 124#4309234B9410DB08
(1774515095.339644) can0 123#4400474383B978FF
(1774515095.339806) can0 124#440923726110CF08
(1774515095.349553) can0 123#45004743836344FF
(1774515095.349733) can0 124#450923994710C408
(1774515095.359480) can0 123#46004743830D0FFF
(1774515095.359664) can0 124#460923C01610B908
(1774515095.369295) can0 123#4700474382AF05FF
(1774515095.369498) can0 124#470923E6F810AD08
(1774515095.379239) can0 123#480047438250FBFF
(1774515095.379402) can0 124#4809240DC310A108
(1774515095.389114) can0 123#4900474381FAC6FF
(1774515095.389439) can0 124#49092434A5109608
(1774515095.398998) can0 123#4A004743819CBCFF
(1774515095.399203) can0 124#4A09245B74108A08
(1774515095.408900) can0 123#4B004743813EB2FF
(1774515095.409112) can0 124#4B0924825B107E08
(1774515095.418791) can0 123#4C00474380F054FF
(1774515095.418977) can0 124#4C0924A926107408
(1774515095.428704) can0 123#4D004743808A73FF
(1774515095.428911) can0 124#4D0924D00D106708
(1774515095.438603) can0 123#4E004743802C68FF
(1774515095.438853) can0 124#4E0924F6DA105B08
(1774515095.448467) can0 123#4F0046437FAC68FF
(1774515095.448677) can0 124#4F09251DBA105008
(1774515095.458357) can0 123#500047437EF054FF
(1774515095.458569) can0 124#5009254487104408
(1774515095.468256) can0 123#510047437E43EBFF
(1774515095.468484) can0 124#5109256B6F103908
(1774515095.478226) can0 123#520047437D9782FF
(1774515095.478426) can0 124#5209259236102E08
(1774515095.488153) can0 123#530047437CCBC2FF
(1774515095.488374) can0 124#530925B91C102108
(1774515095.497949) can0 123#540047437C1F59FF
(1774515095.498197) can0 124#540925DFE6101608
(1774515095.507915) can0 123#550047437B6345FF
(1774515095.508096) can0 124#55092606CE100A08
(1774515095.517685) can0 123#560047437AB6DCFF
(1774515095.517948) can0 124#5609262D9B0FFF08
(1774515095.527726) can0 123#5700474379FAC6FF
(1774515095.527873) can0 124#57092654850FF308
(1774515095.537657) can0 123#58004743793EB1FF
(1774515095.537824) can0 124#5809267B4C0FE708
(1774515095.547457) can0 123#59004743789249FF
(1774515095.547676) can0 124#590926A2320FDC08
(1774515095.557395) can0 123#5A00474377D634FF
(1774515095.557554) can0 124#5A0926C9000FD008
(1774515095.568393) can0 123#5B004743773978FF
(1774515095.568410) can0 124#5B0926EFE20FC608
(1774515095.577198) can0 123#5C004743766DB7FF
(1774515095.577379) can0 124#5C092716AF0FB908
(1774515095.587076) can0 123#5D00474375B1A3FF
(1774515095.587230) can0 124#5D09273D930FAD08
(1774515095.596937) can0 123#5E00474375053AFF
(1774515095.597162) can0 124#5E092764630FA208
(1774515095.606857) can0 123#5F004743744924FF
(1774515095.607033) can0 124#5F09278B450F9608
(1774515095.616755) can0 123#60004743739CBBFF
(1774515095.616948) can0 124#600927B2150F8B08
(1774515095.626763) can0 123#6100474372E0A7FF
(1774515095.626864) can0 124#610927D8FD0F7F08
(1774515095.636542) can0 123#62004743722492FF
(1774515095.636684) can0 124#620927FFCC0F7308
(1774515095.646483) can0 123#6300474371782AFF
(1774515095.646625) can0 124#63092826AD0F6808
(1774515095.656362) can0 123#6400474370BC15FF
(1774515095.656573) can0 124#6409284D7C0F5C08
(1774515095.666209) can0 123#65004743700FACFF
(1774515095.666406) can0 124#65092874630F5108
(1774515095.676132) can0 123#660047436F5398FF
(1774515095.676320) can0 124#6609289B310F4508
(1774515095.685998) can0 123#670047436EA72FFF
(1774515095.686234) can0 124#670928C2180F3A08
(1774515095.695888) can0 123#680047436DEB1BFF
(1774515095.696112) can0 124#680928E8E30F2E08
(1774515095.705944) can0 123#690047436D3EB2FF
(1774515095.706021) can0 124#6909290FC30F2308
(1774515095.715774) can0 123#6A0047436C829CFF
(1774515095.715952) can0 124#6A0929368B0F1708
(1774515095.725586) can0 123#6B0047436BC688FF
(1774515095.725780) can0 124#6B09295D6D0F0B08
(1774515095.735461) can0 123#6C0047436B0A73FF
(1774515095.735826) can0 124#6C092984360EFF08
(1774515095.745369) can0 123#6D0047436A5E0AFF
(1774515095.745611) can0 124#6D0929AB150EF408
(1774515095.755262) can0 123#6E00474369A1F6FF
(1774515095.755479) can0 124#6E0929D1DF0EE808
(1774515095.765168) can0 123#6F004743690539FF
(1774515095.765405) can0 124#6F0929F8C00EDE08
(1774515095.775097) can0 123#70004743683979FF
(1774515095.775255) can0 124#70092A1F880ED108
(1774515095.784954) can0 123#71004743677D63FF
(1774515095.785191) can0 124#71092A466C0EC508
(1774515095.794907) can0 123#7200474366D0FAFF
(1774515095.795119) can0 124#72092A6D360EBA08
(1774515095.804755) can0 123#730047436614E6FF
(1774515095.804986) can0 124#73092A94180EAE08
(1774515095.814682) can0 123#7400474365687DFF
(1774515095.814875) can0 124#74092ABADF0EA308
(1774515095.824572) can0 123#7500474364BC14FF
(1774515095.824869) can0 124#75092AE1C20E9808
(1774515095.834540) can0 123#7600474363F054FF
(1774515095.834671) can0 124#76092B088C0E8B08
(1774515095.844408) can0 123#770047436343EBFF
(1774515095.844594) can0 124#77092B2F730E8008
(1774515095.854305) can0 123#780046436287D7FF
(1774515095.854445) can0 124#78092B56370E7408
(1774515095.864178) can0 123#7900464361DB6EFF
(1774515095.864424) can0 124#79092B7D1D0E6908
(1774515095.874336) can0 123#7A004643611F59FF
(1774515095.874351) can0 124#7A092BA3ED0E5D08
(1774515095.883968) can0 123#7B0046436072F1FF
(1774515095.884341) can0 124#7B092BCACD0E5208
(1774515095.893832) can0 123#7C0046435FB6DBFF
(1774515095.894051) can0 124#7C092BF1930E4608
(1774515095.903723) can0 123#7D0046435EFAC6FF
(1774515095.903954) can0 124#7D092C187C0E3A08
(1774515095.913638) can0 123#7E0046435E5E0AFF
(1774515095.913875) can0 124#7E092C3F430E3008
(1774515095.923602) can0 123#7F0046435D9249FF
(1774515095.923718) can0 124#7F092C66250E2308
(1774515095.933434) can0 123#800046435CD635FF
(1774515095.933614) can0 124#80092C8CED0E1708
(1774515095.944471) can0 123#810046435C29CCFF
(1774515095.944479) can0 124#81092CB3D40E0C08
(1774515095.953351) can0 123#820046435B6DB7FF
(1774515095.953469) can0 124#82092CDA9D0E0008
(1774515095.963138) can0 123#830046435AC14FFF
(1774515095.963317) can0 124#83092D01800DF508
(1774515095.973124) can0 123#840046435A14E6FF
(1774515095.973238) can0 124#84092D284D0DEA08
(1774515095.982966) can0 123#85004643594924FF
(1774515095.983108) can0 124#85092D4F360DDD08
(1774515095.992838) can0 123#86004643589CBCFF
(1774515095.993103) can0 124#86092D76000DD208
(1774515096.002782) can0 123#8700464357E0A7FF
(1774515096.002994) can0 124#87092D9CE20DC608
(1774515096.012729) can0 123#8800464357343FFF
(1774515096.012782) can0 124#88092DC3B30DBB08
(1774515096.022512) can0 123#8900464356782AFF
(1774515096.022772) can0 124#89092DEA9A0DAF08
(1774515096.032387) can0 123#8A00464355CBC1FF
(1774515096.032654) can0 124#8A092E11710DA408
(1774515096.042357) can0 123#8B004643550FADFF
(1774515096.042491) can0 124#8B092E385B0D9808
(1774515096.052268) can0 123#8C004643545398FF
(1774515096.052420) can0 124#8C092E5F270D8C08
(1774515096.062157) can0 123#8D00464353B6DCFF
(1774515096.062345) can0 124#8D092E860D0D8208
(1774515096.071997) can0 123#8E00464352EB1AFF
(1774515096.072298) can0 124#8E092EACDC0D7508
(1774515096.081888) can0 123#8F004643522F05FF
(1774515096.082162) can0 124#8F092ED3C50D6908
(1774515096.091793) can0 123#900047435172F0FF
(1774515096.092014) can0 124#90092EFA9A0D5D08
(1774515096.101698) can0 123#9100474350C688FF
(1774515096.101886) can0 124#91092F217E0D5208
(1774515096.111622) can0 123#92004743500A73FF
(1774515096.111789) can0 124#92092F484B0D4608
(1774515096.121462) can0 123#930046434F6DB7FF
(1774515096.121698) can0 124#93092F6F2C0D3C08
(1774515096.131361) can0 123#940046434EA1F6FF
(1774515096.131573) can0 124#94092F95FD0D2F08
(1774515096.141245) can0 123#950047434DE5E0FF
(1774515096.141497) can0 124#95092FBCED0D2308
(1774515096.151220) can0 123#960047434D3978FF
(1774515096.151430) can0 124#96092FE3BE0D1808
(1774515096.161104) can0 123#970047434C7D63FF
(1774515096.161312) can0 124#9709300AA80D0C08
(1774515096.170956) can0 123#980047434BD0FAFF
(1774515096.171162) can0 124#980930317B0D0108
(1774515096.180892) can0 123#990047434B2492FF
(1774515096.181136) can0 124#99093058650CF608
(1774515096.190763) can0 123#9A0047434A58D1FF
(1774515096.190979) can0 124#9A09307F320CE908
(1774515096.200646) can0 123#9B00474349AC69FF
(1774515096.200898) can0 124#9B0930A6190CDE08
(1774515096.210539) can0 123#9C00464348F054FF
(1774515096.210733) can0 124#9C0930CCE20CD208
(1774515096.220519) can0 123#9D0046434843ECFF
(1774515096.220667) can0 124#9D0930F3C50CC708
(1774515096.230387) can0 123#9E0047434787D7FF
(1774515096.230536) can0 124#9E09311A950CBB08
(1774515096.240330) can0 123#9F00474346CBC1FF
(1774515096.240490) can0 124#9F0931417D0CAF08
(1774515096.250170) can0 123#A0004743461F58FF
(1774515096.250393) can0 124#A0093168470CA408
(1774515096.260130) can0 123#A10047434572F0FF
(1774515096.260250) can0 124#A109318F2D0C9908
(1774515096.269916) can0 123#A200474344B6DBFF
(1774515096.270158) can0 124#A20931B5FE0C8D08
(1774515096.279874) can0 123#A300474343FAC7FF
(1774515096.280058) can0 124#A30931DCE40C8108
(1774515096.289799) can0 123#A4004743433EB2FF
(1774515096.289944) can0 124#A4093203B00C7508
(1774515096.299726) can0 123#A5004743429249FF
(1774515096.299823) can0 124#A509322A990C6A08
(1774515096.309508) can0 123#A600474341D635FF
(1774515096.309735) can0 124#A60932516B0C5E08
(1774515096.319427) can0 123#A7004743413978FF
(1774515096.319655) can0 124#A7093278530C5408
(1774515096.329336) can0 123#A8004743406DB6FF
(1774515096.329536) can0 124#A809329F250C4708
(1774515096.339243) can0 123#A90047433FB1A2FF
(1774515096.339436) can0 124#A90932C60F0C3B08
(1774515096.349139) can0 123#AA0047433F0539FF
(1774515096.349336) can0 124#AA0932ECDC0C3008
(1774515096.359034) can0 123#AB0047433E4925FF
(1774515096.359245) can0 124#AB093313C60C2408
(1774515096.368901) can0 123#AC0047433D9CBCFF
(1774515096.369160) can0 124#AC09333A960C1908
(1774515096.378792) can0 123#AD0047433CF053FF
(1774515096.379048) can0 124#AD0933617E0C0E08
(1774515096.388779) can0 123#AE0047433C2493FF
(1774515096.388923) can0 124#AE0933884C0C0108
(1774515096.398613) can0 123#AF0047433B782AFF
(1774515096.398864) can0 124#AF0933AF370BF608
(1774515096.408566) can0 123#B00047433ABC14FF
(1774515096.408748) can0 124#B00933D6040BEA08
(1774515096.418447) can0 123#B10047433A0FADFF
(1774515096.418674) can0 124#B10933FCEF0BDF08
(1774515096.428347) can0 123#B2004743395397FF
(1774515096.428572) can0 124#B2093423C50BD308
(1774515096.438285) can0 123#B3004743389782FF
(1774515096.438596) can0 124#B309344AAA0BC708
(1774515096.448212) can0 123#B400474337EB1AFF
(1774515096.448388) can0 124#B4093471770BBC08
(1774515096.458085) can0 123#B5004743372F05FF
(1774515096.458233) can0 124#B50934985F0BB008
(1774515096.467913) can0 123#B6004743369249FF
(1774515096.468113) can0 124#B60934BF2A0BA608
(1774515096.477993) can0 123#B700474335C688FF
(1774515096.478008) can0 124#B70934E60C0B9908
(1774515096.487781) can0 123#B8004743350A74FF
(1774515096.487879) can0 124#B809350CD40B8D08
(1774515096.497632) can0 123#B9004743345E0BFF
(1774515096.497850) can0 124#B9093533BB0B8208
(1774515096.507518) can0 123#BA00474333A1F6FF
(1774515096.507703) can0 124#BA09355A850B7608
(1774515096.517467) can0 123#BB00474332F58DFF
(1774515096.517571) can0 124#BB093581690B6B08
(1774515096.527311) can0 123#BC004743324925FF
(1774515096.527509) can0 124#BC0935A82F0B6008
(1774515096.537178) can0 123#BD004743317D63FF
(1774515096.537408) can0 124#BD0935CF100B5308
(1774515096.547128) can0 123#BE00474330D0FBFF
(1774515096.547291) can0 124#BE0935F5DB0B4808
(1774515096.556969) can0 123#BF0047433014E6FF
(1774515096.557269) can0 124#BF09361CBF0B3C08
(1774515096.566862) can0 123#C00047432F687EFF
(1774515096.567176) can0 124#C0093643880B3108
(1774515096.576766) can0 123#C10047432EAC68FF
(1774515096.576957) can0 124#C109366A6A0B2508
(1774515096.586632) can0 123#C20047432E0000FF
(1774515096.586847) can0 124#C2093691310B1A08
(1774515096.596555) can0 123#C30047432D43EBFF
(1774515096.596768) can0 124#C30936B8120B0E08
(1774515096.606454) can0 123#C40047432C9783FF
(1774515096.606693) can0 124#C40936DED80B0308
(1774515096.616333) can0 123#C50047432BDB6EFF
(1774515096.616575) can0 124#C5093705B90AF708
(1774515096.626221) can0 123#C60047432B1F59FF
(1774515096.626494) can0 124#C609372C810AEB08
(1774515096.636131) can0 123#C70047432A6344FF
(1774515096.636379) can0 124#C7093753690ADF08
(1774515096.646156) can0 123#C800474329B6DBFF
(1774515096.646251) can0 124#C809377A320AD408
(1774515096.656053) can0 123#C900464328FAC7FF
(1774515096.656160) can0 124#C90937A1110AC808
(1774515096.665926) can0 123#CA004643285E0AFF
(1774515096.666131) can0 124#CA0937C7E20ABE08
(1774515096.675766) can0 123#CB004643279249FF
(1774515096.676070) can0 124#CB0937EEC00AB108
(1774515096.685585) can0 123#CC00464326D634FF
(1774515096.685828) can0 124#CC0938158A0AA508
(1774515096.695526) can0 123#CD0046432629CCFF
(1774515096.695741) can0 124#CD09383C6F0A9A08
(1774515096.705511) can0 123#CE004643256DB7FF
(1774515096.705619) can0 124#CE093863390A8E08
(1774515096.715306) can0 123#CF00464324C14FFF
(1774515096.715536) can0 124#CF09388A220A8308
(1774515096.725259) can0 123#D00046432414E6FF
(1774515096.725448) can0 124#D00938B0F00A7808
(1774515096.735127) can0 123#D1004643234925FF
(1774515096.735323) can0 124#D10938D7D50A6B08
(1774515096.745011) can0 123#D2004643229CBCFF
(1774515096.745219) can0 124#D20938FEA60A6008
(1774515096.754933) can0 123#D300464321E0A7FF
(1774515096.755124) can0 124#D3093925910A5408
(1774515096.765221) can0 123#D400464321343EFF
(1774515096.765230) can0 124#D409394C620A4908
(1774515096.774671) can0 123#D500464320782AFF
(1774515096.774934) can0 124#D50939734A0A3D08
(1774515096.784714) can0 123#D60046431FBC15FF
(1774515096.784830) can0 124#D609399A1F0A3108
(1774515096.794513) can0 123#D70046431F0FADFF
(1774515096.794770) can0 124#D70939C1090A2608
(1774515096.804438) can0 123#D80046431E5397FF
(1774515096.804635) can0 124#D80939E7DB0A1A08
(1774515096.814456) can0 123#D90046431DB6DCFF
(1774515096.814606) can0 124#D9093A0ECA0A1008
(1774515096.824273) can0 123#DA0046431CEB1AFF
(1774515096.824475) can0 124#DA093A35980A0308
(1774515096.834142) can0 123#DB0046431C2F05FF
(1774515096.834370) can0 124#DB093A5C8009F708
(1774515096.843990) can0 123#DC0046431B829DFF
(1774515096.844257) can0 124#DC093A834E09EC08
(1774515096.853932) can0 123#DD0046431AC688FF
(1774515096.854125) can0 124#DD093AAA3C09E008
(1774515096.863782) can0 123#DE0047431A1A1FFF
(1774515096.864006) can0 124#DE093AD11009D508
(1774515096.873692) can0 123#DF004743196DB7FF
(1774515096.873892) can0 124#DF093AF7F809CA08
(1774515096.883597) can0 123#E000474318A1F5FF
(1774515096.883790) can0 124#E0093B1EC609BD08
(1774515096.893470) can0 123#E100474317F58DFF
(1774515096.893681) can0 124#E1093B45AE09B208
(1774515096.903425) can0 123#E2004643173978FF
(1774515096.903711) can0 124#E2093B6C7909A608
(1774515096.913310) can0 123#E3004643168D10FF
(1774515096.913436) can0 124#E3093B9360099B08
(1774515096.923244) can0 123#E400464315D0FBFF
(1774515096.923427) can0 124#E4093BBA2E098F08
(1774515096.933067) can0 123#E5004643152492FF
(1774515096.933341) can0 124#E5093BE116098408
(1774515096.942927) can0 123#E600464314687DFF
(1774515096.943170) can0 124#E6093C07E7097808
(1774515096.952913) can0 123#E700464313AC69FF
(1774515096.953123) can0 124#E7093C2ED6096C08
(1774515096.962789) can0 123#E8004743130000FF
(1774515096.963016) can0 124#E8093C55B0096108
(1774515096.972686) can0 123#E90047431243EBFF
(1774515096.972882) can0 124#E9093C7C9D095508
(1774515096.982536) can0 123#EA0047431187D6FF
(1774515096.982791) can0 124#EA093CA36D094908
(1774515096.992510) can0 123#EB00474310DB6EFF
(1774515096.992673) can0 124#EB093CCA5A093E08
(1774515097.002338) can0 123#EC004743101F59FF
(1774515097.002578) can0 124#EC093CF130093208
(1774515097.012248) can0 123#ED0047430F72F0FF
(1774515097.012488) can0 124#ED093D181D092708
(1774515097.022184) can0 123#EE0047430EB6DCFF
(1774515097.022345) can0 124#EE093D3EED091B08
(1774515097.032093) can0 123#EF0047430DFAC6FF
(1774515097.032243) can0 124#EF093D65DC090F08
(1774515097.041941) can0 123#F00047430D3EB2FF
(1774515097.042197) can0 124#F0093D8CB1090308
(1774515097.051935) can0 123#F10047430C9249FF
(1774515097.052046) can0 124#F1093DB39908F808
(1774515097.061862) can0 123#F20047430BD634FF
(1774515097.061963) can0 124#F2093DDA6508EC08
(1774515097.071695) can0 123#F30047430B3978FF
(1774515097.071839) can0 124#F3093E014F08E208
(1774515097.081540) can0 123#F40047430A6DB7FF
(1774515097.081748) can0 124#F4093E281F08D508
(1774515097.091518) can0 123#F500474309B1A2FF
(1774515097.091656) can0 124#F5093E4F0608C908
(1774515097.101508) can0 123#F600474309053AFF
(1774515097.101632) can0 124#F6093E75D008BE08
(1774515097.111270) can0 123#F7004743084924FF
(1774515097.111506) can0 124#F7093E9CB908B208
(1774515097.121197) can0 123#F8004743079CBCFF
(1774515097.121385) can0 124#F8093EC38608A708
(1774515097.131019) can0 123#F900474306F053FF
(1774515097.131279) can0 124#F9093EEA70089C08
(1774515097.141011) can0 123#FA004743062492FF
(1774515097.141350) can0 124#FA093F1141088F08
(1774515097.150829) can0 123#FB00474305782AFF
(1774515097.151053) can0 124#FB093F382F088408
(1774515097.160743) can0 123#FC00474304BC15FF
(1774515097.160932) can0 124#FC093F5EFF087808
(1774515097.170713) can0 123#FD004743040FACFF
(1774515097.170844) can0 124#FD093F85E9086D08
(1774515097.180524) can0 123#FE004743035398FF
(1774515097.180745) can0 124#FE093FACBA086108
(1774515097.190623) can0 123#FF004743029782FF
(1774515097.190635) can0 124#FF093FD3A2085508
(1774515097.200327) can0 123#0000474301EB1AFF
(1774515097.200518) can0 124#00093FFA71084A08
(1774515097.210207) can0 123#01004743012F05FF
(1774515097.210433) can0 124#0109402153083E08
(1774515097.220122) can0 123#02004643009249FF
(1774515097.220287) can0 124#020940481B083408
(1774515097.229965) can0 123#03004642FF8D10FF
(1774515097.230207) can0 124#0309406F03082708
(1774515097.239916) can0 123#04004642FE14E5FF
(1774515097.240143) can0 124#04094095CF081B08
(1774515097.249863) can0 123#05004642FCBC14FF
(1774515097.250178) can0 124#050940BCB8081008
(1774515097.259694) can0 123#06004642FB43EBFF
(1774515097.259906) can0 124#060940E383080408
(1774515097.269578) can0 123#07004642F9EB1AFF
(1774515097.269790) can0 124#0709410A6A07F908
(1774515097.279484) can0 123#08004742F89249FF
(1774515097.279695) can0 124#080941313F07EE08
(1774515097.289453) can0 123#09004742F6FAC6FF
(1774515097.289600) can0 124#090941582307E108
(1774515097.299340) can0 123#0A004642F5A1F5FF
(1774515097.299488) can0 124#0A09417EED07D608
(1774515097.309202) can0 123#0B004642F429CCFF
(1774515097.309376) can0 124#0B0941A5D207CA08
(1774515097.319089) can0 123#0C004642F2D0FBFF
(1774515097.319298) can0 124#0C0941CCA407BF08
(1774515097.329011) can0 123#0D004642F158D2FF
(1774515097.329159) can0 124#0D0941F38A07B308
(1774515097.338904) can0 123#0E004642F00000FF
(1774515097.339129) can0 124#0E09421A5A07A808
(1774515097.348800) can0 123#0F004642EE87D6FF
(1774515097.348978) can0 124#0F0942413E079C08
(1774515097.358770) can0 123#10004642ED2F05FF
(1774515097.359115) can0 124#1009426808079108
(1774515097.368599) can0 123#11004642EBB6DCFF
(1774515097.368815) can0 124#1109428EF0078508
(1774515097.378443) can0 123#12004642EA3EB1FF
(1774515097.378672) can0 124#120942B5C0077908
(1774515097.388430) can0 123#13004642E8C688FF
(1774515097.388593) can0 124#130942DCA1076D08
(1774515097.398299) can0 123#14004642E76DB7FF
(1774515097.398462) can0 124#140943036C076208
(1774515097.408136) can0 123#15004642E5F58DFF
(1774515097.408369) can0 124#1509432A4E075608
(1774515097.418136) can0 123#16004642E4BC14FF
(1774515097.418295) can0 124#1609435118074C08
(1774515097.427944) can0 123#17004642E32492FF
(1774515097.428163) can0 124#17094377FE073F08
(1774515097.438019) can0 123#18004642E1AC69FF
(1774515097.438118) can0 124#1809439ED0073308
(1774515097.447827) can0 123#19004642E05397FF
(1774515097.447970) can0 124#190943C5B3072808
(1774515097.457608) can0 123#1A004642DEDB6EFF
(1774515097.457832) can0 124#1A0943EC82071C08
(1774515097.467517) can0 123#1B004642DD829DFF
(1774515097.467755) can0 124#1B0944136A071108
(1774515097.477436) can0 123#1C004642DC29CCFF
(1774515097.477630) can0 124#1C09443A37070608
(1774515097.487442) can0 123#1D004642DA9249FF
(1774515097.487536) can0 124#1D0944611E06F908
(1774515097.497341) can0 123#1E004642D93978FF
(1774515097.497427) can0 124#1E094487ED06EE08
(1774515097.507127) can0 123#1F004642D7C14FFF
(1774515097.507439) can0 124#1F0944AEDA06E208
(1774515097.517016) can0 123#20004642D6687EFF
(1774515097.517435) can0 124#200944D5A806D708
(1774515097.527172) can0 123#21004642D4F053FF
(1774515097.527182) can0 124#210944FC9506CB08
(1774515097.536813) can0 123#22004642D39782FF
(1774515097.537067) can0 124#220945236906C008
(1774515097.546916) can0 123#23004642D21F59FF
(1774515097.547003) can0 124#2309454A5406B408
(1774515097.556628) can0 123#24004642D0A72EFF
(1774515097.556841) can0 124#240945712306A808
(1774515097.566608) can0 123#25004642CF6DB7FF
(1774515097.566741) can0 124#250945980D069E08
(1774515097.576415) can0 123#26004642CDD634FF
(1774515097.576601) can0 124#260945BEDB069108
(1774515097.586365) can0 123#27004642CC5E0BFF
(1774515097.586541) can0 124#270945E5C2068508
(1774515097.596186) can0 123#28004642CB053AFF
(1774515097.596435) can0 124#2809460C8E067A08
(1774515097.606190) can0 123#29004642C98D0FFF
(1774515097.606358) can0 124#2909463372066E08
(1774515097.615981) can0 123#2A004642C8343EFF
(1774515097.616240) can0 124#2A09465A3D066308
(1774515097.625910) can0 123#2B004642C6DB6EFF
(1774515097.626383) can0 124#2B09468127065808
(1774515097.635811) can0 123#2C004742C543ECFF
(1774515097.636034) can0 124#2C0946A7FA064B08
(1774515097.645759) can0 123#2D004742C3EB1BFF
(1774515097.645957) can0 124#2D0946CEDE064008
(1774515097.655570) can0 123#2E004742C272F0FF
(1774515097.655796) can0 124#2E0946F5AC063408
(1774515097.665498) can0 123#2F004742C11A1FFF
(1774515097.665690) can0 124#2F09471C97062908
(1774515097.675452) can0 123#30004742BFA1F6FF
(1774515097.675619) can0 124#3009474366061D08
(1774515097.685367) can0 123#31004742BE4925FF
(1774515097.685567) can0 124#3109476A4F061208
(1774515097.695193) can0 123#32004742BCD0FBFF
(1774515097.695393) can0 124#3209479120060608
(1774515097.705193) can0 123#33004742BB58D1FF
(1774515097.705399) can0 124#330947B80805FA08
(1774515097.714994) can0 123#34004742B9E0A8FF
(1774515097.715168) can0 124#340947DED405EE08
(1774515097.724850) can0 123#35004742B887D6FF
(1774515097.725150) can0 124#35094805BB05E308
(1774515097.734836) can0 123#36004742B70FACFF
(1774515097.735022) can0 124#3609482C8A05D708
(1774515097.744683) can0 123#37004742B5B6DCFF
(1774515097.744927) can0 124#370948537305CC08
(1774515097.754574) can0 123#38004742B43EB2FF
(1774515097.754803) can0 124#3809487A4605C008
(1774515097.764510) can0 123#39004742B2E5E0FF
(1774515097.764676) can0 124#390948A12D05B508
(1774515097.774358) can0 123#3A004742B16DB7FF
(1774515097.774541) can0 124#3A0948C7FD05A908
(1774515097.784271) can0 123#3B004742AFF58DFF
(1774515097.784454) can0 124#3B0948EEE5059D08
(1774515097.794150) can0 123#3C004742AE9CBCFF
(1774515097.794349) can0 124#3C094915B2059208
(1774515097.804189) can0 123#3D004742AD2492FF
(1774515097.804249) can0 124#3D09493C9A058608
(1774515097.813940) can0 123#3E004742ABAC68FF
(1774515097.814224) can0 124#3E0949636B057A08
(1774515097.823859) can0 123#3F004742AA72F0FF
(1774515097.824079) can0 124#3F09498A57057008
(1774515097.833752) can0 123#40004742A8DB6DFF
(1774515097.833982) can0 124#400949B12C056308
(1774515097.843959) can0 123#41004742A7829DFF
(1774515097.843972) can0 124#410949D815055808
(1774515097.853560) can0 123#42004742A60A73FF
(1774515097.853767) can0 124#420949FEE7054C08
(1774515097.863515) can0 123#43004742A49249FF
(1774515097.863672) can0 124#43094A25CF054008
(1774515097.873387) can0 123#44004742A33978FF
(1774515097.873562) can0 124#44094A4C9D053508
(1774515097.883347) can0 123#45004742A1E0A7FF
(1774515097.883477) can0 124#45094A7386052A08
(1774515097.893195) can0 123#46004742A04924FF
(1774515097.893417) can0 124#46094A9A56051D08
(1774515097.903014) can0 123#470047429EF054FF
(1774515097.903262) can0 124#47094AC143051208
(1774515097.912934) can0 123#480047429D782AFF
(1774515097.913120) can0 124#48094AE815050608
(1774515097.922882) can0 123#490047429C1F59FF
(1774515097.923056) can0 124#49094B0EFE04FB08
(1774515097.932739) can0 123#4A0047429AA72FFF
(1774515097.933037) can0 124#4A094B35D004EF08
(1774515097.942788) can0 123#4B004742992F05FF
(1774515097.942896) can0 124#4B094B5CB704E308
(1774515097.952587) can0 123#4C00474297D634FF
(1774515097.952937) can0 124#4C094B838604D808
(1774515097.962397) can0 123#4D004742965E0BFF
(1774515097.962644) can0 124#4D094BAA6C04CC08
(1774515097.972375) can0 123#4E004742952492FF
(1774515097.972520) can0 124#4E094BD13D04C208
(1774515097.982187) can0 123#4F004742938D10FF
(1774515097.982437) can0 124#4F094BF82904B508
(1774515097.992148) can0 123#500047429214E6FF
(1774515097.992309) can0 124#50094C1EFB04A908
(1774515098.002048) can0 123#5100464290BC15FF
(1774515098.002279) can0 124#51094C45E3049E08
(1774515098.011907) can0 123#520046428F43EBFF
(1774515098.012133) can0 124#52094C6CB7049208
(1774515098.021898) can0 123#530046428DEB1AFF
(1774515098.022080) can0 124#53094C93A1048708
(1774515098.031699) can0 123#540046428C9249FF
(1774515098.031941) can0 124#54094CBA74047C08
(1774515098.041623) can0 123#550046428AFAC7FF
(1774515098.041813) can0 124#55094CE15F046F08
(1774515098.051481) can0 123#5600464289A1F6FF
(1774515098.051679) can0 124#56094D0830046408
(1774515098.061403) can0 123#570046428829CCFF
(1774515098.061617) can0 124#57094D2F1B045808
(1774515098.071287) can0 123#5800464286D0FAFF
(1774515098.071485) can0 124#58094D55EC044D08
(1774515098.081172) can0 123#590046428558D1FF
(1774515098.081432) can0 124#59094D7CD2044108
(1774515098.091069) can0 123#5A004642840000FF
(1774515098.091348) can0 124#5A094DA3A1043608
(1774515098.100972) can0 123#5B0046428287D6FF
(1774515098.101171) can0 124#5B094DCA91042A08
(1774515098.110990) can0 123#5C004642810FACFF
(1774515098.111112) can0 124#5C094DF160041E08
(1774515098.120825) can0 123#5D0046427F6DB7FF
(1774515098.120997) can0 124#5D094E184D041308
(1774515098.130735) can0 123#5E0046427C7D63FF
(1774515098.130949) can0 124#5E094E3F1E040708
(1774515098.140958) can0 123#5F004642798D0FFF
(1774515098.140988) can0 124#5F094E660803FB08
(1774515098.150588) can0 123#6000464276DB6EFF
(1774515098.150678) can0 124#60094E8CDA03F008
(1774515098.160350) can0 123#6100464273EB1AFF
(1774515098.160673) can0 124#61094EB3C703E408
(1774515098.170415) can0 123#6200464271782AFF
(1774515098.170528) can0 124#62094EDA9A03DA08
(1774515098.180204) can0 123#630046426E4924FF
(1774515098.180447) can0 124#63094F018503CD08
(1774515098.190062) can0 123#640046426B58D1FF
(1774515098.190265) can0 124#64094F285903C108
(1774515098.199990) can0 123#6500464268A730FF
(1774515098.200170) can0 124#65094F4F4403B608
(1774515098.209890) can0 123#6600464265B6DCFF
(1774515098.210097) can0 124#66094F761703AA08
