host_rx_time_us,t_sample_us,angle_tick,angle_deg,distance_cm,x_mm,y_mm,quality,status,m9_keep,m9_reasons
1778337075395466,277046746,680,41.632652,47,351.287,312.246,255,8,1,
1778337075395466,277056720,672,41.142857,48,361.474,315.811,255,8,1,
1778337075396470,308679873,2110,129.183670,35,-221.133,271.294,255,8,1,
1778337075396470,308689844,2119,129.734695,35,-223.732,269.154,255,8,1,
1778337075397474,308699779,2129,130.346939,35,-226.595,266.748,255,8,1,
1778337075397474,308709742,2138,130.897964,35,-229.150,264.557,255,8,1,
1778337075398474,308719686,2148,131.510193,35,-231.964,262.093,255,8,1,
1778337075398474,308729654,2157,132.061218,35,-234.473,259.850,255,8,1,
1778337075399473,308739596,2167,132.673477,35,-237.237,257.330,255,8,1,
1778337075399473,308749563,2176,133.224487,35,-239.701,255.037,255,8,1,
1778337075399473,308759511,2186,133.836731,35,-242.412,252.461,255,8,1,
1778337075400474,308769482,2195,134.387756,35,-244.829,250.118,255,8,1,
1778337075400474,308779425,2205,135.000000,35,-247.487,247.487,255,8,1,
1778337075400474,308789395,2214,135.551025,35,-249.856,245.096,255,8,1,
1778337075401473,308799338,2224,136.163269,35,-252.461,242.412,255,8,1,
1778337075401473,308809315,2233,136.714279,35,-254.780,239.973,255,8,1,
1778337075402474,308819256,2242,137.265305,35,-257.076,237.512,255,8,1,
1778337075402474,308829223,2252,137.877548,35,-259.600,234.751,255,8,1,
1778337075402474,308839174,2261,138.428574,35,-261.845,232.244,255,8,1,
1778337075403474,308849148,2271,139.040817,35,-264.312,229.432,255,8,1,
1778337075403474,308859092,2280,139.591827,35,-266.506,226.880,255,8,1,
1778337075404475,308869065,2290,140.204086,35,-268.915,224.019,255,8,1,
1778337075404475,308879017,2299,140.755096,36,-278.802,227.749,255,8,1,
1778337075404980,308888993,2309,141.367355,36,-281.219,224.757,255,8,1,
1778337075404980,308898936,2318,141.918365,36,-283.368,222.042,255,8,1,
1778337075405988,308908909,2328,142.530609,36,-285.724,219.002,255,8,1,
1778337075405988,308918857,2337,143.081635,36,-287.817,216.244,255,8,1,
1778337075464986,308928828,2346,143.632660,36,-289.883,213.466,255,8,1,
1778337075464986,308938773,2356,144.244904,36,-292.148,210.356,255,8,1,
1778337075465992,308948742,2366,144.857147,36,-294.379,207.222,255,8,1,
1778337075465992,308958690,2375,145.408157,36,-296.358,204.382,255,8,1,
1778337075466996,308968658,2384,145.959183,36,-298.310,201.522,255,8,1,
1778337075467997,308978600,2394,146.571426,36,-300.446,198.323,255,8,1,
1778337075490597,308988567,2403,147.122452,37,-310.738,200.853,255,8,1,
1778337075491597,308998513,2413,147.734695,37,-312.867,197.521,255,8,1,
1778337075539670,309008479,2422,148.285706,37,-314.752,194.503,255,8,1,
1778337075539670,309018427,2432,148.897964,37,-316.812,191.129,255,8,1,
1778337075540677,309028399,2441,149.448990,37,-318.635,188.073,255,8,1,
1778337075540677,309038342,2450,150.000000,37,-320.429,185.000,255,8,1,
1778337075541676,309048312,2460,150.612244,37,-322.388,181.566,255,8,1,
1778337075545866,309058256,2469,151.163269,37,-324.119,178.457,255,8,1,
1778337075556384,309068228,2479,151.775513,37,-326.008,174.983,255,8,1,
1778337075571906,309078180,2488,152.326538,38,-336.531,176.484,255,8,1,
1778337075573902,309088152,2498,152.938782,38,-338.398,172.878,255,8,1,
1778337075586940,309098100,2507,153.489792,38,-340.045,169.616,255,8,1,
1778337075623205,309108069,2516,154.040817,38,-341.660,166.338,255,8,1,
1778337075623205,309118021,2526,154.653061,38,-343.418,162.677,255,8,1,
1778337075624710,309127996,2535,155.204086,39,-354.045,163.561,255,8,1,
1778337075624710,309137948,2544,155.755112,39,-355.601,160.149,255,8,1,
1778337075651265,309147919,2554,156.367340,39,-357.292,156.340,255,8,1,
1778337075652265,309157868,2563,156.918365,39,-358.779,152.896,255,8,1,
1778337075652265,309167842,2573,157.530609,39,-360.393,149.054,255,8,1,
1778337075669545,309177789,2582,158.081635,39,-361.809,145.581,255,8,1,
1778337075680338,309187760,2591,158.632660,40,-372.505,145.738,255,8,1,
1778337075693634,309197709,2601,159.244888,40,-374.041,141.750,255,8,1,
1778337075693634,309207683,2610,159.795914,40,-375.387,138.146,255,8,1,
1778337075706019,309217632,2620,160.408157,40,-376.842,134.127,255,8,1,
1778337075717742,309227610,2629,160.959183,40,-378.115,130.497,255,8,1,
1778337075726252,309237559,2638,161.510208,40,-379.352,126.854,255,8,1,
1778337075740006,309247537,2648,162.122437,41,-390.203,125.863,255,8,1,
1778337075741153,309257482,2657,162.673462,41,-391.395,122.105,255,8,1,
1778337075760177,309267463,2666,163.224487,41,-392.552,118.335,255,8,1,
1778337075761180,309277414,2676,163.836731,41,-393.794,114.134,255,8,1,
1778337075781209,309287396,2685,164.387756,42,-404.504,113.033,255,8,1,
1778337075781209,309297350,2694,164.938782,42,-405.572,109.137,255,8,1,
1778337075793715,309307332,2704,165.551010,43,-416.399,107.293,255,8,1,
1778337075804725,309317284,2713,166.102036,46,-446.534,110.489,255,8,1,
1778337075815971,309327261,2722,166.653061,52,-505.955,120.040,255,8,1,
1778337075826488,309337208,2732,167.265305,52,-507.209,114.627,255,8,1,
1778337075840335,309347186,2741,167.816330,53,-518.062,111.854,255,8,1,
1778337075841341,309357131,2750,168.367340,53,-519.114,106.867,255,8,1,
1778337075857369,309367098,2760,168.979599,52,-510.411,99.402,255,8,1,
1778337075865830,309377054,2769,169.530609,53,-521.177,96.306,255,8,1,
1778337075878337,309387029,2778,170.081635,52,-512.228,89.567,255,8,1,
1778337075880337,309396978,2788,170.693878,53,-523.024,85.706,255,8,1,
1778337075890850,309406952,2797,171.244888,53,-523.824,80.672,255,8,1,
1778337075912870,309416904,2806,171.795914,53,-524.576,75.631,255,8,1,
1778337075912870,309426870,2816,172.408173,52,-515.442,68.700,255,8,1,
1778337075927419,309436821,2825,172.959183,52,-516.079,63.740,255,8,1,
1778337075940040,309446786,2834,173.510208,52,-516.668,58.774,255,8,1,
1778337075940040,309456737,2844,174.122452,52,-517.266,53.249,255,8,1,
1778337075962771,309466708,2853,174.673462,53,-527.711,49.201,255,8,1,
1778337075963772,309476659,2862,175.224487,53,-528.160,44.124,255,8,1,
1778337075978793,309486631,2872,175.836746,54,-538.575,39.203,255,8,1,
1778337075979794,309496579,2881,176.387756,54,-538.927,34.022,255,8,1,
1778337075991680,309506555,2890,176.938766,54,-539.229,28.838,255,8,1,
1778337076004777,309516505,2900,177.551025,51,-509.534,21.792,255,8,1,
1778337076018310,309526473,2909,178.102036,51,-509.720,16.891,255,8,1,
1778337076019309,309536416,2918,178.653061,54,-539.851,12.693,255,8,1,
1778337076041504,309546389,2927,179.204086,56,-559.946,7.779,255,8,1,
1778337076042503,309556340,2937,179.816315,55,-549.997,1.763,255,8,1,
1778337076056653,309566308,2946,180.367355,55,-549.989,-3.526,255,8,1,
1778337076058656,309576255,2955,180.918365,55,-549.929,-8.815,255,8,1,
1778337076072736,309586226,2964,181.469376,55,-549.819,-14.103,255,8,1,
1778337076087764,309596172,2974,182.081635,55,-549.637,-19.978,255,8,1,
1778337076087764,309606145,2983,182.632660,56,-559.409,-25.722,255,8,1,
1778337076100915,309616091,2992,183.183670,56,-559.136,-31.101,255,8,1,
1778337076113432,309626059,3001,183.734680,56,-558.811,-36.476,255,8,1,
1778337076129451,309636006,3011,184.346939,55,-548.418,-41.688,255,8,1,
1778337076130450,309645978,3020,184.897949,55,-547.992,-46.960,255,8,1,
1778337076157490,309655923,3029,185.448990,54,-537.560,-51.278,255,8,1,
1778337076158489,309665892,3038,186.000000,54,-537.042,-56.445,255,8,1,
1778337076158489,309675838,3048,186.612244,54,-536.408,-62.181,255,8,1,
1778337076201545,309685811,3057,187.163254,54,-535.785,-67.336,255,8,1,
1778337076201545,309695758,3066,187.714294,68,-673.846,-91.279,255,8,1,
1778337076202547,309705732,3075,188.265305,67,-663.041,-96.317,255,8,1,
1778337076202547,309715675,3084,188.816330,65,-642.320,-99.624,255,8,1,
1778337076248196,309725643,3093,189.367340,65,-641.332,-105.796,255,8,1,
1778337076248196,309735587,3102,189.918365,66,-650.136,-113.682,255,8,1,
1778337076249197,309745555,3111,190.469391,69,-678.513,-125.380,255,8,1,
1778337076249197,309755501,3120,191.020401,77,-755.801,-147.192,255,8,1,
1778337076250197,309765479,3130,191.632660,79,-773.774,-159.293,255,8,1,
1778337076269227,309775422,3139,192.183670,80,-781.981,-168.837,255,8,1,
1778337076270225,309785393,3148,192.734695,80,-780.321,-176.350,255,8,1,
1778337076287249,309795337,3157,193.285706,80,-778.589,-183.846,255,8,1,
1778337076287249,309805312,3166,193.836746,80,-776.785,-191.325,255,8,1,
1778337076300767,309815252,3175,194.387756,80,-774.909,-198.786,255,8,1,
1778337076314474,309825227,3184,194.938766,80,-772.962,-206.229,255,8,1,
1778337076315993,309835174,3193,195.489807,80,-770.942,-213.654,255,8,1,
1778337076330854,309845153,3202,196.040817,80,-768.852,-221.058,255,8,1,
1778337076357811,309855103,3212,196.653061,80,-766.446,-229.261,255,8,1,
1778337076357811,309865081,3221,197.204071,80,-764.206,-236.621,255,8,1,
1778337076357811,309875034,3230,197.755112,82,-780.942,-250.058,255,8,1,
1778337076373291,309885013,3239,198.306122,88,-835.465,-276.403,255,8,1,
1778337076413563,309894939,3248,198.857147,105,-993.644,-339.370,255,8,1,
1778337076413563,309904916,3257,199.408157,140,-1320.446,-465.214,255,8,1,
1778337076413563,309914865,3266,199.959183,222,-2086.658,-757.798,255,8,1,
1778337076414647,309924828,3275,200.510208,247,-2313.426,-865.424,255,8,1,
1778337076414647,309934786,3284,201.061218,250,-2332.992,-898.413,255,8,1,
1778337076451529,309944752,3293,201.612259,251,-2333.541,-924.492,255,8,1,
1778337076451529,309954711,3302,202.163269,248,-2296.759,-935.573,255,8,1,
1778337076452527,309964686,3310,202.653061,237,-2187.164,-912.806,255,8,1,
1778337076456136,309974633,3319,203.204086,226,-2077.182,-890.457,255,8,1,
1778337076480011,309984604,3328,203.755096,218,-1995.301,-878.165,255,8,1,
1778337076480011,309994552,3337,204.306107,213,-1941.196,-876.732,255,8,1,
1778337076499674,310004526,3346,204.857147,211,-1914.527,-886.954,255,8,1,
1778337076499674,310014473,3355,205.408157,209,-1887.843,-896.743,255,8,1,
1778337076524669,310024452,3364,205.959198,209,-1879.132,-914.858,255,8,1,
1778337076525832,310034399,3372,206.448990,208,-1862.289,-926.434,255,8,1,
1778337076526831,310044369,3381,207.000000,208,-1853.294,-944.300,255,8,1,
1778337076542086,310054315,3390,207.551025,208,-1844.126,-962.080,255,8,1,
1778337076543087,310064287,3399,208.102036,208,-1834.789,-979.770,255,8,0,unstable_angle_bin
1778337076559685,310074235,3408,208.653046,204,-1790.180,-978.189,255,8,0,unstable_angle_bin
1778337076577189,310084210,3416,209.142868,178,-1554.666,-866.840,255,8,0,unstable_angle_bin
1778337076578187,310094149,3425,209.693878,123,-1068.482,-609.300,255,8,1,
1778337076593700,310104145,3434,210.244888,89,-768.854,-448.290,255,8,1,
1778337076593700,310114100,3443,210.795929,83,-712.967,-424.945,255,8,1,
1778337076720817,310124071,3452,211.346939,82,-700.307,-426.580,255,8,1,
1778337076720817,310134037,3460,211.836731,82,-696.635,-432.550,255,8,1,
1778337076721817,310144016,3469,212.387756,81,-683.998,-433.874,255,8,1,
1778337076721817,310153972,3478,212.938766,77,-646.224,-418.682,255,8,1,
1778337076722816,310163943,3487,213.489807,77,-642.168,-424.877,255,8,1,
1778337076722816,310173896,3496,214.040817,76,-629.766,-425.435,255,8,1,
1778337076723817,310183876,3505,214.591827,76,-625.645,-431.472,255,8,1,
1778337076724816,310193824,3514,215.142853,76,-621.467,-437.469,255,8,1,
1778337076724816,310203801,3523,215.693878,75,-609.109,-437.591,255,8,1,
1778337076726214,310213753,3532,216.244904,75,-604.873,-443.428,255,8,1,
1778337076726214,310223725,3541,216.795914,75,-600.581,-449.225,255,8,1,
1778337076727213,310233673,3550,217.346924,75,-596.233,-454.980,255,8,1,
1778337076728213,310243645,3558,217.836746,75,-592.321,-460.060,255,8,1,
1778337076732215,310253586,3567,218.387756,76,-595.708,-471.945,255,8,1,
1778337076741456,310263560,3576,218.938766,76,-591.142,-477.652,255,8,1,
1778337076758499,310273509,3585,219.489792,76,-586.521,-483.315,255,8,1,
1778337076761499,310283487,3594,220.040817,76,-581.846,-488.933,255,8,1,
1778337076800149,310293435,3603,220.591843,76,-577.117,-494.506,255,8,1,
1778337076801400,310303407,3612,221.142853,77,-579.865,-506.613,255,8,1,
1778337076802405,310313357,3621,221.693893,77,-574.966,-512.166,255,8,1,
1778337076802405,310323331,3630,222.244904,77,-570.014,-517.672,255,8,1,
1778337076818944,310333274,3639,222.795914,78,-572.347,-529.923,255,8,1,
1778337076821017,310343241,3648,223.346939,78,-567.224,-535.403,255,8,1,
1778337076833453,310353196,3656,223.836731,78,-562.627,-540.232,255,8,1,
1778337076841016,310363175,3665,224.387741,78,-557.405,-545.618,255,8,1,
1778337076850823,310373124,3674,224.938782,79,-559.211,-558.017,255,8,1,
1778337076888180,310383094,3683,225.489792,83,-581.860,-591.894,255,8,1,
1778337076888180,310393046,3692,226.040833,88,-610.848,-633.455,255,8,1,
1778337076889179,310403020,3701,226.591843,88,-604.728,-639.300,255,8,1,
1778337076889179,310412970,3710,227.142853,87,-591.750,-637.755,255,8,1,
1778337076900564,310422940,3718,227.632660,84,-566.060,-620.625,255,8,1,
1778337076912076,310432882,3727,228.183670,83,-553.398,-618.587,255,8,1,
1778337076926096,310442864,3736,228.734680,82,-540.828,-616.364,255,8,1,
1778337076930098,310452815,3745,229.285721,82,-534.876,-621.537,255,8,1,
1778337076967602,310462791,3754,229.836731,81,-522.424,-619.010,255,8,1,
1778337076975675,310472737,3763,230.387756,82,-522.823,-631.709,255,8,1,
1778337076976675,310482711,3771,230.877563,83,-523.713,-643.913,255,8,1,
1778337076976675,310492658,3780,231.428574,84,-523.731,-656.738,255,8,1,
1778337076979675,310502624,3789,231.979599,84,-517.391,-661.745,255,8,1,
1778337077024651,310512574,3798,232.530609,84,-511.004,-666.690,255,8,1,
1778337077025654,310522545,3807,233.081619,84,-504.568,-671.573,255,8,1,
1778337077025654,310532491,3816,233.632660,85,-504.016,-684.447,255,8,1,
1778337077026654,310542466,3824,234.122452,85,-498.147,-688.731,255,8,1,
1778337077030657,310552403,3833,234.673462,85,-491.500,-693.489,255,8,1,
1778337077038695,310562382,3842,235.224487,86,-490.512,-706.398,255,8,1,
1778337077089914,310572330,3851,235.775513,86,-483.696,-711.083,255,8,1,
1778337077091141,310582305,3860,236.326538,86,-476.835,-715.701,255,8,1,
1778337077091759,310592250,3868,236.816330,87,-476.173,-728.121,255,8,1,
1778337077092766,310602220,3877,237.367340,88,-474.541,-741.088,255,8,1,
1778337077093765,310612166,3886,237.918381,90,-478.014,-762.563,255,8,1,
1778337077098856,310622137,3895,238.469391,92,-481.118,-784.172,255,8,1,
1778337077116574,310632082,3903,238.959183,93,-479.553,-796.824,255,8,1,
1778337077117574,310642053,3912,239.510208,94,-476.942,-810.016,255,8,1,
1778337077163101,310651997,3921,240.061218,94,-469.130,-814.566,255,8,1,
1778337077163101,310661973,3930,240.612244,95,-466.182,-827.753,255,8,1,
1778337077164605,310671921,3938,241.102036,96,-463.921,-840.462,255,8,1,
1778337077164605,310681896,3947,241.653061,96,-455.817,-844.885,255,8,1,
1778337077174822,310691842,3956,242.204071,97,-452.334,-858.076,255,8,1,
1778337077177365,310701819,3965,242.755112,97,-444.061,-862.386,255,8,1,
1778337077221485,310711768,3974,243.306122,97,-435.747,-866.617,255,8,1,
1778337077221485,310721742,3982,243.795914,98,-432.738,-879.282,255,8,1,
1778337077222487,310731680,3991,244.346939,98,-424.262,-883.403,255,8,1,
1778337077223487,310741656,4000,244.897949,98,-415.747,-887.443,255,8,1,
1778337077226997,310751575,4009,245.448990,99,-411.348,-900.496,255,8,1,
1778337077236776,310761549,4017,245.938782,101,-411.790,-922.241,255,8,1,
1778337077252822,310771495,4026,246.489792,102,-406.891,-935.329,255,8,1,
1778337077256873,310781466,4035,247.040802,103,-401.778,-948.406,255,8,1,
1778337077305975,310791413,4044,247.591843,104,-396.450,-961.471,255,8,1,
1778337077306481,310801386,4052,248.081635,105,-391.949,-974.102,255,8,1,
1778337077307487,310811329,4061,248.632645,106,-386.207,-987.139,255,8,1,
1778337077307487,310821297,4070,249.183670,107,-380.250,-1000.155,255,8,1,
1778337077308487,310831243,4078,249.673462,107,-371.686,-1003.369,255,8,1,
1778337077316542,310841216,4087,250.224487,108,-365.403,-1016.307,255,8,0,unstable_angle_bin
1778337077363515,310851160,4096,250.775513,109,-358.905,-1029.217,255,8,0,unstable_angle_bin
1778337077364516,310861142,4104,251.265305,111,-356.517,-1051.188,255,8,0,unstable_angle_bin
1778337077365020,310871087,4113,251.816315,122,-380.719,-1159.074,255,8,0,unstable_angle_bin
1778337077366025,310881057,4122,252.367355,165,-499.806,-1572.480,255,8,0,unstable_angle_bin
1778337077367030,310891014,4130,252.857147,214,-630.776,-2044.926,255,8,1,
1778337077375725,310900979,4139,253.408157,244,-696.747,-2338.406,255,8,1,
1778337077427035,310910933,4147,253.897964,258,-715.560,-2478.785,255,8,1,
1778337077428036,310920896,4156,254.448975,267,-715.817,-2572.257,255,8,1,
1778337077429035,310930858,4164,254.938782,272,-706.795,-2626.565,255,8,1,
1778337077429035,310940824,4173,255.489792,277,-694.030,-2681.645,255,8,1,
1778337077430036,310950782,4181,255.979599,280,-678.349,-2716.587,255,8,1,
1778337077434540,310960753,4190,256.530609,278,-647.534,-2703.535,255,8,1,
1778337077444564,310970709,4198,257.020416,277,-622.153,-2699.227,255,8,1,
1778337077455077,310980674,4207,257.571442,280,-602.622,-2734.382,255,8,1,
1778337077555877,310990632,4215,258.061218,278,-575.089,-2719.866,255,8,1,
1778337077556878,311000594,4224,258.612244,275,-542.982,-2695.862,255,8,1,
1778337077556878,311010548,4232,259.102020,270,-510.464,-2651.307,255,8,1,
1778337077557884,311020510,4241,259.653076,267,-479.553,-2626.581,255,8,1,
1778337077557884,311030461,4249,260.142853,266,-455.371,-2620.732,255,8,1,
1778337077558882,311040436,4258,260.693878,254,-410.742,-2506.570,255,8,1,
1778337077559883,311050383,4266,261.183655,207,-317.264,-2045.542,255,8,1,
1778337077560884,311060357,4275,261.734711,187,-268.825,-1850.576,255,8,1,
1778337077561885,311070306,4283,262.224487,181,-244.879,-1793.358,255,8,1,
1778337077562887,311080278,4292,262.775513,176,-221.333,-1746.027,255,8,1,
1778337077562887,311090228,4300,263.265320,168,-197.017,-1668.408,255,8,1,
1778337077579919,311100200,4309,263.816315,161,-173.423,-1600.632,255,8,1,
1778337077582920,311110139,4317,264.306122,142,-140.883,-1412.994,255,8,1,
1778337077593435,311120117,4326,264.857147,136,-121.909,-1354.525,255,8,1,
1778337077609833,311130062,4334,265.346954,137,-111.137,-1365.485,255,8,1,
1778337077612831,311140048,4342,265.836731,137,-99.460,-1366.385,255,8,1,
1778337077680227,311149989,4351,266.387756,136,-85.685,-1357.298,255,8,1,
1778337077681231,311159968,4360,266.938782,134,-71.560,-1338.088,255,8,1,
1778337077681231,311169910,4368,267.428589,132,-59.221,-1318.671,255,8,1,
1778337077682230,311179897,4376,267.918365,130,-47.220,-1299.142,255,8,1,
1778337077683229,311189835,4385,268.469391,125,-33.389,-1249.554,255,8,1,
1778337077683229,311199820,4394,269.020416,121,-20.686,-1209.823,255,8,1,
1778337077684733,311209762,4402,269.510193,122,-10.429,-1219.955,255,8,1,
1778337077696256,311219736,4410,270.000000,116,-0.000,-1160.000,255,8,1,
1778337077703261,311229681,4419,270.551025,106,10.194,-1059.951,255,8,1,
1778337077776353,311239656,4428,271.102051,103,19.810,-1029.809,255,8,1,
1778337077776353,311249606,4436,271.591827,100,27.779,-999.614,255,8,1,
1778337077777357,311259603,4445,272.142853,90,33.652,-899.371,255,8,1,
1778337077778356,311269548,4453,272.632660,78,35.827,-779.177,255,8,1,
1778337077778356,311279529,4462,273.183685,76,42.208,-758.827,255,8,1,
1778337077779686,311289479,4470,273.673462,74,47.412,-738.480,255,8,1,
1778337077780692,311299459,4479,274.224487,69,50.828,-688.125,255,8,1,
1778337077780692,311309405,4487,274.714294,70,57.531,-697.632,255,8,1,
1778337077845197,311319388,4496,275.265320,70,64.238,-697.046,255,8,1,
1778337077846204,311329340,4504,275.755096,69,69.191,-686.522,255,8,1,
1778337077847209,311339325,4513,276.306122,70,76.888,-695.764,255,8,1,
1778337077847209,311349272,4521,276.795929,78,92.300,-774.520,255,8,1,
1778337077848209,311359243,4530,277.346924,82,104.859,-813.268,255,8,1,
1778337077849209,311369209,4538,277.836731,82,111.808,-812.342,255,8,1,
1778337077850209,311379187,4547,278.387756,75,109.404,-741.978,255,8,1,
1778337077860725,311389142,4556,278.938782,71,110.319,-701.377,255,8,1,
1778337077870079,311399114,4564,279.428558,72,117.949,-710.273,255,8,1,
1778337077931906,311409063,4573,279.979584,78,135.172,-768.198,255,8,1,
1778337077932906,311419043,4581,280.469391,85,154.454,-835.849,255,8,1,
1778337077932906,311428995,4590,281.020416,85,162.485,-834.325,255,8,1,
1778337077933905,311438972,4598,281.510193,85,169.611,-832.906,255,8,1,
1778337077933905,311448921,4607,282.061218,85,177.613,-831.236,255,8,1,
1778337077934906,311458891,4615,282.551025,85,184.713,-829.687,255,8,1,
1778337077946661,311468843,4624,283.102020,85,192.683,-827.873,255,8,1,
1778337077949665,311478817,4632,283.591858,85,199.753,-826.195,255,8,1,
1778337077961122,311488766,4640,284.081635,85,206.809,-824.458,255,8,1,
1778337078022136,311498738,4649,284.632660,85,214.728,-822.431,255,8,1,
1778337078023135,311508688,4657,285.122437,84,219.141,-810.911,255,8,1,
1778337078023135,311518658,4666,285.673492,83,224.229,-799.138,255,8,1,
1778337078024641,311528604,4674,286.163269,83,231.052,-797.192,255,8,1,
1778337078025647,311538582,4683,286.714294,83,238.708,-794.933,255,8,1,
1778337078026647,311548533,4691,287.204071,83,245.494,-792.864,255,8,1,
1778337078028647,311558505,4700,287.755096,84,256.157,-799.990,255,8,1,
1778337078043248,311568452,4708,288.244904,84,262.987,-797.771,255,8,1,
1778337078056274,311578425,4717,288.795898,84,270.646,-795.205,255,8,1,
1778337078058279,311588371,4725,289.285706,84,277.434,-792.862,255,8,1,
1778337078125609,311598354,4734,289.836731,84,285.046,-790.157,255,8,1,
1778337078125609,311608305,4742,290.326538,84,291.791,-787.692,255,8,1,
1778337078126608,311618278,4751,290.877533,83,295.788,-775.506,255,8,1,
1778337078127613,311628225,4759,291.367371,75,273.260,-698.448,255,8,1,
1778337078127613,311638209,4768,291.918365,72,268.765,-667.956,255,8,1,
1778337078128614,311648162,4776,292.408173,74,282.090,-684.124,255,8,1,
1778337078129614,311658142,4785,292.959198,81,315.961,-745.834,255,8,1,
1778337078145094,311668094,4793,293.448975,84,334.263,-770.628,255,8,1,
1778337078147101,311678069,4802,294.000000,83,337.591,-758.243,255,8,1,
1778337078160612,311688019,4810,294.489777,83,344.061,-755.329,255,8,1,
1778337078169124,311698001,4818,294.979584,83,350.505,-752.360,255,8,1,
1778337078177638,311707950,4827,295.530609,83,357.724,-748.955,255,8,1,
1778337078258452,311717918,4835,296.020416,82,359.727,-736.883,255,8,1,
1778337078259452,311727876,4844,296.571411,78,348.904,-697.614,255,8,1,
1778337078260450,311737850,4852,297.061218,74,336.657,-658.985,255,8,1,
1778337078261450,311747806,4860,297.551025,74,342.278,-656.083,255,8,1,
1778337078261450,311757784,4869,298.102051,75,353.283,-661.583,255,8,1,
1778337078262452,311767739,4878,298.653046,74,354.833,-649.379,255,8,1,
1778337078263450,311777713,4886,299.142853,66,321.413,-576.449,255,8,1,
1778337078264451,311787675,4894,299.632660,62,306.551,-538.912,255,8,1,
1778337078266669,311797658,4903,300.183685,69,346.914,-596.448,255,8,1,
1778337078278916,311807610,4911,300.673462,83,423.420,-713.874,255,8,1,
1778337078286421,311817590,4919,301.163269,85,439.857,-727.342,255,8,1,
1778337078367412,311827543,4928,301.714294,88,462.602,-748.598,255,8,1,
1778337078367412,311837518,4936,302.204071,93,495.631,-786.924,255,8,1,
1778337078367412,311847469,4944,302.693878,93,502.340,-782.659,255,8,1,
1778337078369658,311857442,4952,303.183655,93,509.012,-778.336,255,8,1,
1778337078369658,311867393,4960,303.673462,94,521.191,-782.278,255,8,1,
1778337078370662,311877369,4969,304.224487,94,528.691,-777.230,255,8,1,
1778337078370662,311887325,4977,304.714294,94,535.316,-772.682,255,8,1,
1778337078371662,311897303,4985,305.204071,95,547.666,-776.249,255,8,1,
1778337078375163,311907254,4994,305.755127,95,555.106,-770.946,255,8,1,
1778337078394833,311917229,5002,306.244904,96,567.588,-774.237,255,8,1,
1778337078395337,311927179,5010,306.734711,95,568.205,-761.343,255,8,1,
1778337078483476,311937154,5018,307.224487,94,568.643,-748.495,255,8,1,
1778337078484475,311947106,5027,307.775513,93,569.689,-735.088,255,8,1,
1778337078484979,311957073,5035,308.265320,92,569.760,-722.339,255,8,1,
1778337078484979,311967034,5043,308.755096,90,563.394,-701.846,255,8,1,
1778337078485982,311977009,5052,309.306122,89,563.783,-688.658,255,8,1,
1778337078486986,311986960,5060,309.795898,87,556.848,-668.447,255,8,1,
1778337078487986,311996934,5068,310.285706,86,556.076,-656.034,255,8,1,
1778337078487986,312006885,5076,310.775513,85,555.132,-643.683,255,8,1,
1778337078488986,312016857,5085,311.326538,84,554.694,-630.805,255,8,1,
1778337078497637,312026809,5093,311.816315,83,553.398,-618.588,255,8,1,
1778337078503638,312036785,5101,312.306122,82,551.935,-606.439,255,8,1,
1778337078586537,312046735,5109,312.795898,80,543.511,-587.023,255,8,1,
1778337078587537,312056710,5117,313.285706,80,548.509,-582.355,255,8,1,
1778337078588537,312066662,5126,313.836731,79,547.159,-569.840,255,8,1,
1778337078589537,312076632,5134,314.326538,78,545.022,-557.988,255,8,1,
1778337078589537,312086589,5142,314.816315,77,542.724,-546.215,255,8,1,
1778337078590537,312096565,5150,315.306122,76,540.265,-534.522,255,8,1,
1778337078591536,312106521,5158,315.795898,75,537.646,-522.912,255,8,1,
1778337078591536,312116491,5166,316.285736,75,542.096,-518.297,255,8,1,
1778337078592536,312126443,5175,316.836731,74,539.761,-506.219,255,8,1,
1778337078609281,312136420,5183,317.326538,73,536.717,-494.808,255,8,1,
1778337078612286,312146369,5191,317.816315,73,540.927,-490.202,255,8,1,
1778337078685725,312156341,5199,318.306122,72,537.631,-478.908,255,8,1,
1778337078686724,312166291,5207,318.795929,71,534.181,-467.707,255,8,1,
1778337078686724,312176267,5215,319.285706,71,538.160,-463.124,255,8,1,
1778337078687728,312186215,5224,319.836731,70,534.947,-451.478,255,8,1,
1778337078687728,312196192,5232,320.326538,70,538.787,-446.888,255,8,1,
1778337078688729,312206136,5240,320.816315,68,527.085,-429.630,255,8,1,
1778337078688729,312216109,5248,321.306122,68,530.738,-425.108,255,8,1,
1778337078693728,312226061,5256,321.795929,67,526.495,-414.371,255,8,1,
1778337078702240,312236029,5264,322.285706,67,530.018,-409.855,255,8,1,
1778337078712748,312245965,5272,322.775513,66,525.539,-399.260,255,8,1,
1778337078721260,312255936,5280,323.265289,66,528.933,-394.753,255,8,1,
1778337078731778,312265885,5289,323.816345,65,524.634,-383.744,255,8,1,
1778337078845941,312275859,5297,324.306122,65,527.895,-379.245,255,8,1,
1778337078846942,312285807,5305,324.795929,64,522.947,-368.954,255,8,1,
1778337078846942,312295778,5313,325.285706,64,526.081,-364.470,255,8,1,
1778337078847940,312305727,5321,325.775513,64,529.178,-359.960,255,8,1,
1778337078848941,312315697,5329,326.265289,63,523.919,-349.869,255,8,1,
1778337078848941,312325645,5337,326.755096,63,526.891,-345.378,255,8,1,
1778337078849941,312335614,5345,327.244904,62,521.414,-335.451,255,8,1,
1778337078849941,312345561,5353,327.734711,62,524.263,-330.981,255,8,1,
1778337078850942,312355534,5362,328.285706,62,527.422,-325.924,255,8,1,
1778337078851942,312365476,5370,328.775513,62,530.189,-321.403,255,8,1,
1778337078851942,312375454,5378,329.265289,61,524.321,-311.749,255,8,1,
1778337078852942,312385401,5386,329.755096,61,526.967,-307.255,255,8,1,
1778337078860461,312395371,5394,330.244904,61,529.574,-302.739,255,8,1,
1778337078869868,312405314,5402,330.734711,60,523.419,-293.312,255,8,1,
1778337078882385,312415284,5410,331.224487,60,525.907,-288.827,255,8,1,
1778337078890497,312425224,5418,331.714294,60,528.357,-284.321,255,8,1,
1778337078900013,312435202,5426,332.204071,60,530.768,-279.794,255,8,1,
1778337078971111,312445149,5434,332.693878,59,524.255,-270.659,255,8,1,
1778337078971111,312455123,5442,333.183685,59,526.550,-266.168,255,8,1,
1778337078972111,312465071,5450,333.673462,59,528.806,-261.657,255,8,1,
1778337078973110,312475041,5458,334.163269,58,522.023,-252.769,255,8,1,
1778337078973110,312484989,5466,334.653046,58,524.165,-248.297,255,8,1,
1778337078974615,312494963,5474,335.142853,58,526.268,-243.807,255,8,1,
1778337078975619,312504907,5482,335.632660,58,528.333,-239.299,255,8,1,
1778337078978619,312514882,5490,336.122437,58,530.359,-234.774,255,8,1,
1778337078989726,312524827,5498,336.612244,58,532.347,-230.232,255,8,1,
1778337079098860,312534797,5506,337.102051,57,525.084,-221.782,255,8,1,
1778337079098860,312544748,5515,337.653046,56,517.943,-212.920,255,8,1,
1778337079099860,312554719,5523,338.142853,54,501.182,-201.039,255,8,1,
1778337079100742,312564672,5531,338.632629,49,456.319,-178.530,255,8,1,
1778337079101249,312574643,5539,339.122467,45,420.455,-160.367,255,8,1,
1778337079102254,312584598,5547,339.612244,44,412.437,-153.284,255,8,1,
1778337079103256,312594567,5555,340.102051,44,413.732,-149.752,255,8,1,
1778337079103256,312604520,5563,340.591827,44,414.997,-146.210,255,8,1,
1778337079103256,312614490,5571,341.081635,44,416.232,-142.657,255,8,1,
1778337079104760,312624438,5579,341.571411,44,417.436,-139.094,255,8,1,
1778337079106766,312634410,5587,342.061218,44,418.610,-135.520,255,8,1,
1778337079108772,312644357,5595,342.551025,44,419.753,-131.937,255,8,1,
1778337079117282,312654330,5603,343.040833,40,382.605,-116.676,255,8,1,
1778337079129920,312664283,5611,343.530609,39,373.999,-110.566,255,8,1,
1778337079215982,312674261,5619,344.020416,39,374.930,-107.365,255,8,1,
1778337079215982,312684212,5627,344.510193,39,375.834,-104.156,255,8,1,
1778337079217038,312694187,5635,345.000000,39,376.711,-100.939,255,8,1,
1778337079217987,312704139,5643,345.489777,39,377.560,-97.716,255,8,1,
1778337079218984,312714111,5651,345.979614,39,378.382,-94.484,255,8,1,
1778337079218984,312724064,5659,346.469391,39,379.176,-91.246,255,8,1,
1778337079219983,312734045,5667,346.959198,39,379.942,-88.002,255,8,1,
1778337079221016,312743992,5675,347.448975,40,390.441,-86.924,255,8,1,
1778337079221983,312753964,5683,347.938782,39,381.391,-81.493,255,8,1,
1778337079226491,312763910,5691,348.428558,40,391.870,-80.236,255,8,1,
1778337079236004,312773890,5699,348.918365,40,392.542,-76.883,255,8,1,
1778337079356873,312783836,5707,349.408173,40,393.185,-73.524,255,8,1,
1778337079357874,312793807,5715,349.897949,44,433.179,-77.177,255,8,1,
1778337079358874,312803756,5723,350.387756,44,433.823,-73.471,255,8,1,
1778337079358874,312813721,5731,350.877563,48,473.929,-76.101,255,8,1,
1778337079359873,312823669,5738,351.306122,52,514.025,-78.601,255,8,1,
1778337079360873,312833639,5746,351.795929,52,514.678,-74.204,255,8,1,
1778337079361872,312843587,5754,352.285706,52,515.294,-69.801,255,8,1,
1778337079362873,312853564,5762,352.775513,50,496.031,-62.879,255,8,1,
1778337079362873,312863503,5770,353.265320,47,466.757,-55.118,255,8,1,
1778337079363872,312873487,5778,353.755096,47,467.211,-51.126,255,8,1,
1778337079364872,312883430,5786,354.244904,47,467.631,-47.130,255,8,1,
1778337079365376,312893407,5794,354.734680,47,468.017,-43.131,255,8,1,
1778337079366381,312903351,5801,355.163269,47,468.326,-39.629,255,8,1,
1778337079376682,312913322,5809,355.653076,47,468.648,-35.624,255,8,1,
1778337079467931,312923267,5817,356.142853,47,468.935,-31.616,255,8,1,
1778337079468931,312933237,5825,356.632660,47,469.189,-27.607,255,8,1,
1778337079468931,312943188,5833,357.122437,47,469.407,-23.595,255,8,1,
1778337079469931,312953171,5841,357.612244,47,469.592,-19.581,255,8,1,
1778337079470930,312963116,5849,358.102051,47,469.742,-15.566,255,8,1,
1778337079471930,312973089,5856,358.530609,47,469.845,-12.052,255,8,1,
1778337079471930,312983040,5864,359.020416,46,459.933,-7.864,255,8,1,
1778337079472930,312993019,5872,359.510193,46,459.983,-3.932,255,8,1,
1778337079473930,313002968,0,0.000000,47,470.000,0.000,255,8,1,
1778337079473930,313012949,8,0.489796,47,469.983,4.018,255,8,1,
1778337079483443,313022895,16,0.979592,47,469.931,8.035,255,8,1,
1778337079499470,313032871,24,1.469388,47,469.845,12.052,255,8,1,
1778337079503471,313042825,31,1.897959,46,459.748,15.235,255,8,1,
1778337079574797,313052801,39,2.387755,47,469.592,19.581,255,8,1,
1778337079575847,313062757,47,2.877551,47,469.407,23.595,255,8,1,
1778337079576852,313072730,55,3.367347,47,469.189,27.607,255,8,1,
1778337079577852,313082677,62,3.795918,47,468.969,31.115,255,8,1,
1778337079577852,313092647,70,4.285714,46,458.714,34.376,255,8,1,
1778337079578852,313102594,78,4.775510,46,458.403,38.296,255,8,1,
1778337079579852,313112565,86,5.265306,46,458.059,42.213,255,8,1,
1778337079582852,313122509,94,5.755102,46,457.681,46.127,255,8,1,
1778337079592362,313132482,102,6.244898,46,457.270,50.038,255,8,1,
1778337079606388,313142432,110,6.734694,46,456.826,53.945,255,8,1,
1778337079612390,313152407,118,7.224490,46,456.348,57.848,255,8,1,
1778337079704913,313162354,125,7.653061,45,445.992,59.928,255,8,1,
1778337079704913,313172322,133,8.142858,46,455.362,65.155,255,8,1,
1778337079705964,313182267,141,8.632653,46,454.789,69.045,255,8,1,
1778337079706963,313192251,148,9.061224,46,454.259,72.445,255,8,1,
1778337079706963,313202197,156,9.551021,46,453.624,76.326,255,8,1,
1778337079707964,313212178,162,9.918367,46,453.125,79.233,255,8,1,
1778337079708964,313222122,164,10.040816,44,433.261,76.714,255,8,1,
1778337079708964,313232096,164,10.040816,44,433.261,76.714,255,8,1,
1778337079709963,313242047,164,10.040816,44,433.261,76.714,255,8,1,
1778337079710964,313252019,164,10.040816,44,433.261,76.714,255,8,1,
1778337079721475,313261971,164,10.040816,44,433.261,76.714,255,8,1,
1778337079731990,313271947,164,10.040816,44,433.261,76.714,255,8,1,
1778337079745207,313281905,164,10.040816,44,433.261,76.714,255,8,1,
1778337079751216,313291886,164,10.040816,44,433.261,76.714,255,8,1,
1778337079760728,313301839,164,10.040816,44,433.261,76.714,255,8,1,
1778337079878011,313311817,163,9.979591,45,443.191,77.984,255,8,1,
1778337079879010,313321778,161,9.857143,45,443.357,77.036,255,8,1,
1778337079880010,313331760,160,9.795918,45,443.439,76.563,255,8,1,
1778337079880010,313341712,158,9.673470,45,443.602,75.615,255,8,1,
1778337079881010,313351691,156,9.551021,45,443.762,74.667,255,8,1,
1778337079882010,313361639,152,9.306123,45,444.077,72.769,255,8,1,
1778337079882010,313371616,149,9.122449,45,444.308,71.345,255,8,1,
1778337079883012,313381570,146,8.938775,45,444.535,69.921,255,8,1,
1778337079883012,313391545,142,8.693877,45,444.830,68.020,255,8,1,
1778337079884519,313401493,138,8.448980,45,445.116,66.118,255,8,1,
1778337079884519,313411465,134,8.204082,45,445.395,64.215,255,8,1,
1778337079885526,313421416,130,7.959184,45,445.665,62.310,255,8,1,
1778337079889524,313431395,126,7.714286,45,445.927,60.405,255,8,1,
1778337079901591,313441338,122,7.469388,45,446.182,58.498,255,8,1,
1778337080044881,313451321,118,7.224490,45,446.427,56.591,255,8,1,
1778337080045886,313461277,113,6.918367,45,446.723,54.205,255,8,1,
1778337080046891,313471256,109,6.673470,45,446.951,52.295,255,8,1,
1778337080047891,313481215,104,6.367347,45,447.224,49.906,255,8,1,
1778337080048890,313491188,100,6.122449,45,447.433,47.994,255,8,1,
1778337080048890,313501143,95,5.816327,45,447.683,45.603,255,8,1,
1778337080049890,313511122,90,5.510204,45,447.921,43.210,255,8,1,
1778337080050891,313521078,86,5.265306,45,448.101,41.295,255,8,1,
1778337080050891,313531056,81,4.959184,45,448.315,38.901,255,8,1,
1778337080051891,313541010,76,4.653061,45,448.517,36.505,255,8,1,
1778337080052890,313550988,71,4.346939,45,448.706,34.108,255,8,1,
1778337080052890,313560939,66,4.040816,45,448.881,31.710,255,8,1,
1778337080053891,313570915,61,3.734694,45,449.044,29.311,255,8,1,
1778337080054891,313580866,56,3.428571,45,449.195,26.912,255,8,1,
1778337080054891,313590835,51,3.122449,46,459.317,25.056,255,8,1,
1778337080058216,313600787,46,2.816327,46,459.444,22.602,255,8,1,
1778337080071729,313610760,41,2.510204,46,459.559,20.147,255,8,1,
1778337080078032,313620706,36,2.204082,46,459.660,17.691,255,8,1,
1778337080087545,313630687,30,1.836735,46,459.764,14.744,255,8,1,
1778337080223697,313640637,25,1.530612,46,459.836,12.287,255,8,1,
1778337080224698,313650616,20,1.224490,46,459.895,9.830,255,8,1,
1778337080225765,313660569,14,0.857143,46,459.949,6.881,255,8,1,
1778337080226765,313670552,9,0.551020,45,449.979,4.328,255,8,1,
1778337080227765,313680505,3,0.183673,46,459.998,1.475,255,8,1,
1778337080227765,313690484,5878,359.877533,46,459.999,-0.983,255,8,1,
1778337080228766,313700436,5872,359.510193,46,459.983,-3.932,255,8,1,
1778337080228766,313710414,5867,359.204102,47,469.955,-6.529,255,8,1,
1778337080229765,313720368,5861,358.836731,46,459.905,-9.339,255,8,1,
1778337080230765,313730347,5855,358.469391,45,449.839,-12.020,255,8,1,
1778337080230765,313740297,5849,358.102051,45,449.753,-14.904,255,8,1,
1778337080231765,313750272,5843,357.734680,46,459.641,-18.182,255,8,1,
1778337080232765,313760232,5837,357.367340,47,469.504,-21.588,255,8,1,
1778337080233765,313770210,5831,357.000000,47,469.356,-24.598,255,8,1,
1778337080236086,313780161,5825,356.632660,47,469.189,-27.607,255,8,1,
1778337080246112,313790140,5819,356.265320,47,469.002,-30.614,255,8,1,
1778337080256620,313800089,5813,355.897949,47,468.796,-33.621,255,8,1,
1778337080268657,313810074,5807,355.530609,46,458.601,-35.846,255,8,1,
1778337080276164,313820024,5801,355.163269,46,458.362,-38.786,255,8,1,
1778337080432712,313830003,5795,354.795898,46,458.104,-41.724,255,8,1,
1778337080433713,313839952,5788,354.367340,47,467.731,-46.131,255,8,1,
1778337080434713,313849925,5782,354.000000,47,467.425,-49.128,255,8,1,
1778337080435217,313859875,5776,353.632660,47,467.101,-52.124,255,8,1,
1778337080438222,313869844,5769,353.204071,47,466.698,-55.617,255,8,1,
1778337080440222,313879805,5763,352.836731,47,466.332,-58.608,255,8,1,
1778337080440222,313889781,5756,352.408173,47,465.880,-62.094,255,8,1,
1778337080441222,313899733,5750,352.040802,47,465.472,-65.080,255,8,1,
1778337080442727,313909718,5743,351.612244,47,464.973,-68.560,255,8,1,
1778337080442727,313919671,5736,351.183655,46,454.565,-70.503,255,8,1,
1778337080443731,313929647,5730,350.816345,46,454.104,-73.416,255,8,1,
1778337080445235,313939599,5723,350.387756,51,502.840,-85.160,255,8,1,
1778337080445235,313949581,5716,349.959167,48,472.648,-83.688,255,8,1,
1778337080446238,313959531,5709,349.530609,44,432.675,-79.952,255,8,1,
1778337080446238,313969505,5702,349.102020,43,422.245,-81.296,255,8,1,
1778337080447239,313979453,5695,348.673462,43,421.625,-84.452,255,8,1,
1778337080447239,313989425,5688,348.244904,43,420.982,-87.603,255,8,1,
1778337080458764,313999379,5681,347.816345,43,420.315,-90.750,255,8,1,
1778337080463764,314009353,5674,347.387756,43,419.624,-93.891,255,8,1,
1778337080483794,314019307,5667,346.959198,43,418.910,-97.027,255,8,1,
1778337080484794,314029278,5659,346.469391,43,418.065,-100.605,255,8,1,
1778337080507121,314039234,5652,346.040833,43,417.301,-103.729,255,8,1,
1778337080507121,314049206,5645,345.612244,43,416.514,-106.848,255,8,1,
1778337080638429,314059155,5638,345.183685,43,415.703,-109.960,255,8,1,
1778337080639429,314069131,5630,344.693878,43,414.748,-113.510,255,8,1,
1778337080640433,314079071,5623,344.265289,39,375.386,-105.762,255,8,1,
1778337080641430,314089054,5615,343.775513,38,364.866,-106.173,255,8,1,
1778337080642934,314098995,5608,343.346924,38,364.062,-108.899,255,8,1,
1778337080642934,314108978,5600,342.857147,38,363.118,-112.007,255,8,1,
1778337080643938,314118923,5592,342.367340,39,371.677,-118.136,255,8,1,
1778337080643938,314128894,5585,341.938782,38,361.276,-117.813,255,8,1,
1778337080644938,314138842,5577,341.448975,38,360.255,-120.897,255,8,1,
1778337080645441,314148813,5569,340.959198,39,368.662,-127.234,255,8,1,
1778337080646446,314158755,5562,340.530609,39,367.700,-129.988,255,8,1,
1778337080647446,314168729,5554,340.040833,39,366.575,-133.127,255,8,1,
1778337080647446,314178675,5545,339.489777,39,365.278,-136.646,255,8,1,
1778337080648447,314188644,5538,339.061218,39,364.245,-139.374,255,8,1,
1778337080652446,314198592,5530,338.571411,39,363.041,-142.483,255,8,1,
1778337080661956,314208557,5521,338.020416,43,398.746,-160.939,255,8,1,
1778337080671478,314218511,5513,337.530609,46,425.079,-175.807,255,8,1,
1778337080780922,314228489,5505,337.040802,51,469.599,-198.939,255,8,1,
1778337080781923,314238440,5497,336.551025,55,504.578,-218.863,255,8,1,
1778337080782923,314248408,5488,336.000000,56,511.585,-227.773,255,8,1,
1778337080782923,314258361,5480,335.510223,56,509.620,-232.137,255,8,1,
1778337080783922,314268333,5472,335.020416,57,516.681,-240.708,255,8,1,
1778337080783922,314278291,5463,334.469391,57,514.342,-245.666,255,8,1,
1778337080784922,314288267,5455,333.979584,57,512.224,-250.054,255,8,1,
1778337080785962,314298215,5446,333.428589,57,509.795,-254.968,255,8,1,
1778337080786967,314308192,5438,332.938782,58,516.502,-263.867,255,8,1,
1778337080786967,314318136,5429,332.387756,58,513.941,-268.822,255,8,1,
1778337080787966,314328113,5421,331.897949,58,511.624,-273.205,255,8,1,
1778337080790967,314338066,5412,331.346954,58,508.973,-278.113,255,8,1,
1778337080800479,314348039,5403,330.795929,58,506.275,-282.995,255,8,1,
1778337080810555,314357990,5394,330.244904,59,512.211,-292.813,255,8,1,
1778337080937853,314367964,5386,329.755096,59,509.689,-297.181,255,8,1,
1778337080938852,314377908,5377,329.204071,60,515.398,-307.189,255,8,1,
1778337080939863,314387883,5368,328.653076,60,512.420,-312.131,255,8,1,
1778337080940854,314397829,5359,328.102020,60,509.394,-317.045,255,8,1,
1778337080940854,314407802,5350,327.551025,61,514.760,-327.294,255,8,1,
1778337080942360,314417750,5340,326.938782,61,511.234,-332.776,255,8,1,
1778337080942360,314427728,5331,326.387756,62,516.338,-343.213,255,8,1,
1778337080943366,314437679,5322,325.836731,62,513.013,-348.163,255,8,1,
1778337080943366,314447654,5313,325.285706,62,509.641,-353.080,255,8,1,
1778337080944871,314457603,5304,324.734711,63,514.387,-363.739,255,8,1,
1778337080945876,314467579,5294,324.122437,63,510.471,-369.215,255,8,1,
1778337080946881,314477534,5285,323.571442,64,514.943,-380.045,255,8,1,
1778337080946881,314487512,5276,323.020416,64,511.264,-384.979,255,8,1,
1778337080948881,314497463,5266,322.408142,65,515.045,-396.521,255,8,1,
1778337080959392,314507438,5257,321.857147,65,511.208,-401.456,255,8,1,
1778337080968903,314517388,5247,321.244904,66,514.687,-413.155,255,8,1,
1778337080982415,314527364,5237,320.632660,66,510.243,-418.631,255,8,1,
1778337080988925,314537315,5228,320.081635,67,513.863,-429.936,255,8,1,
1778337081094712,314547282,5218,319.469391,68,516.840,-441.901,255,8,1,
1778337081095217,314557236,5208,318.857147,68,512.089,-447.398,255,8,1,
1778337081095217,314567209,5199,318.306122,69,515.229,-458.954,255,8,1,
1778337081096222,314577167,5189,317.693878,69,510.296,-464.433,255,8,1,
1778337081096222,314587147,5179,317.081635,70,512.627,-476.669,255,8,1,
1778337081097226,314597098,5170,316.530609,71,515.277,-488.457,255,8,1,
1778337081098225,314607074,5160,315.918365,72,517.212,-500.891,255,8,1,
1778337081098225,314617023,5150,315.306122,72,511.830,-506.390,255,8,1,
1778337081099225,314626994,5140,314.693878,73,513.423,-518.938,255,8,1,
1778337081099225,314636944,5130,314.081635,74,514.805,-531.579,255,8,1,
1778337081100227,314646924,5121,313.530609,75,516.556,-543.755,255,8,1,
1778337081107249,314656873,5111,312.918365,76,517.526,-556.567,255,8,1,
1778337081122411,314666845,5101,312.306122,77,518.280,-569.461,255,8,1,
1778337081126922,314676797,5092,311.755096,78,519.439,-581.879,255,8,1,
1778337081236562,314686767,5082,311.142853,79,519.772,-594.926,255,8,1,
1778337081236562,314696720,5072,310.530609,80,519.883,-608.047,255,8,1,
1778337081237565,314706695,5062,309.918365,81,519.773,-621.237,255,8,1,
1778337081237565,314716650,5053,309.367340,83,526.461,-641.669,255,8,1,
1778337081238565,314726626,5043,308.755096,84,525.834,-655.056,255,8,1,
1778337081239566,314736568,5033,308.142853,86,531.157,-676.367,255,8,1,
1778337081239566,314746547,5024,307.591858,87,530.728,-689.367,255,8,1,
1778337081240566,314756498,5014,306.979584,89,535.362,-710.976,255,8,1,
1778337081240566,314766467,5004,306.367340,91,539.594,-732.761,255,8,1,
1778337081241566,314776414,4994,305.755127,93,543.420,-754.715,255,8,1,
1778337081241566,314786393,4985,305.204071,94,541.901,-768.078,255,8,1,
1778337081246576,314796338,4975,304.591827,94,533.663,-773.824,255,8,1,
1778337081261739,314806306,4965,303.979584,94,525.364,-779.483,255,8,1,
1778337081266224,314816259,4956,303.428558,93,512.334,-776.153,255,8,1,
1778337081397027,314826236,4946,302.816345,93,504.012,-781.583,255,8,1,
1778337081398027,314836177,4936,302.204071,93,495.631,-786.924,255,8,1,
1778337081399027,314846154,4927,301.653076,92,482.793,-783.142,255,8,1,
1778337081400026,314856096,4917,301.040833,93,479.553,-796.824,255,8,1,
1778337081401026,314866070,4907,300.428558,92,465.947,-793.280,255,8,1,
1778337081402025,314876022,4898,299.877563,92,458.296,-797.725,255,8,1,
1778337081403026,314886004,4888,299.265289,91,444.857,-793.853,255,8,1,
1778337081403026,314895955,4878,298.653046,75,359.628,-658.155,255,8,1,
1778337081404529,314905930,4869,298.102051,68,320.310,-599.835,255,8,1,
1778337081405533,314915875,4859,297.489777,75,346.193,-665.320,255,8,1,
1778337081405533,314925848,4850,296.938782,80,362.431,-713.193,255,8,1,
1778337081406533,314935796,4840,296.326538,79,350.354,-708.062,255,8,1,
1778337081407535,314945769,4831,295.775513,80,347.877,-720.404,255,8,1,
1778337081408535,314955722,4821,295.163269,82,348.663,-742.182,255,8,1,
1778337081415041,314965700,4811,294.551025,84,349.023,-764.057,255,8,1,
1778337081424555,314975648,4802,294.000000,86,349.794,-785.649,255,8,1,
1778337081434560,314985621,4792,293.387756,86,341.379,-789.342,255,8,1,
1778337081447623,314995567,4783,292.836731,85,329.891,-783.372,255,8,1,
1778337081453623,315005551,4773,292.224487,85,321.501,-786.853,255,8,1,
1778337081463135,315015501,4763,291.612244,85,313.075,-790.243,255,8,1,
1778337081607028,315027453,4752,290.938782,77,275.175,-719.151,255,8,1,
1778337081607028,315037441,4742,290.326538,71,246.633,-665.787,255,8,1,
1778337081608029,315047390,4733,289.775513,76,257.135,-715.179,255,8,1,
1778337081609029,315057372,4723,289.163269,83,272.457,-784.007,255,8,1,
1778337081609029,315067320,4713,288.551025,84,267.245,-796.354,255,8,1,
1778337081610256,315077301,4704,288.000000,84,259.574,-798.887,255,8,1,
1778337081611263,315087252,4694,287.387756,83,248.035,-792.072,255,8,1,
1778337081611263,315097230,4684,286.775513,83,239.557,-794.678,255,8,1,
1778337081612262,315107188,4675,286.224487,83,231.903,-796.945,255,8,1,
1778337081613261,315117161,4665,285.612244,83,223.374,-799.377,255,8,1,
1778337081613261,315127112,4656,285.061218,83,215.676,-801.488,255,8,1,
1778337081614768,315137088,4646,284.448975,83,207.100,-803.747,255,8,1,
1778337081614768,315147047,4636,283.836731,83,198.499,-805.914,255,8,1,
1778337081615775,315157025,4626,283.224487,83,189.877,-807.989,255,8,1,
1778337081616775,315166979,4617,282.673462,83,182.097,-809.778,255,8,1,
1778337081631293,315176952,4607,282.061218,83,173.434,-811.678,255,8,1,
1778337081633292,315186906,4598,281.510193,84,167.615,-823.107,255,8,1,
1778337081766378,315196878,4588,280.897980,83,156.920,-815.031,255,8,1,
1778337081766908,315206829,4578,280.285706,83,148.202,-816.662,255,8,1,
1778337081767457,315216806,4569,279.734711,83,140.342,-818.049,255,8,1,
1778337081767978,315226754,4559,279.122437,84,133.178,-829.376,255,8,1,
1778337081768527,315236725,4550,278.571442,80,119.234,-791.065,255,8,1,
1778337081769050,315246679,4540,277.959198,70,96.928,-693.257,255,8,1,
1778337081770111,315256657,4530,277.346924,69,88.235,-684.335,255,8,1,
1778337081770640,315266613,4520,276.734680,75,87.954,-744.825,255,8,1,
1778337081771193,315276583,4511,276.183685,82,88.327,-815.229,255,8,1,
1778337081772276,315286543,4501,275.571411,88,85.436,-875.843,255,8,1,
1778337081772812,315296516,4492,275.020416,80,70.009,-796.931,255,8,1,
1778337081773367,315308482,4480,274.285706,71,53.058,-708.015,255,8,1,
1778337081773915,315318438,4471,273.734680,69,44.944,-688.535,255,8,1,
1778337081774985,315328421,4461,273.122467,68,37.040,-678.990,255,8,1,
1778337081786563,315338372,4452,272.571411,68,30.508,-679.315,255,8,1,
1778337081800417,315348346,4442,271.959198,69,23.590,-689.597,255,8,1,
1778337081803936,315358304,4432,271.346954,69,16.220,-689.809,255,8,1,
1778337082014483,315368288,4423,270.795898,77,10.696,-769.926,255,8,1,
1778337082015489,315378241,4413,270.183685,93,2.981,-929.995,255,8,1,
1778337082016489,315388195,4404,269.632629,100,-6.412,-999.979,255,8,1,
1778337082016489,315398144,4394,269.020416,105,-17.951,-1049.847,255,8,1,
1778337082017490,315408130,4385,268.469391,117,-31.252,-1169.583,255,8,1,
1778337082018489,315418073,4375,267.857147,123,-45.991,-1229.140,255,8,1,
1778337082019490,315428062,4366,267.306122,122,-57.340,-1218.652,255,8,1,
1778337082019490,315438008,4356,266.693878,129,-74.395,-1287.853,255,8,1,
1778337082019490,315447999,4347,266.142853,134,-90.141,-1336.965,255,8,1,
1778337082020489,315457946,4337,265.530609,136,-105.980,-1355.864,255,8,1,
1778337082020489,315467937,4328,264.979584,137,-119.890,-1364.744,255,8,1,
1778337082021489,315477877,4318,264.367340,137,-134.466,-1363.385,255,8,1,
1778337082022489,315487868,4309,263.816315,137,-147.571,-1362.029,255,8,1,
1778337082023489,315497810,4300,263.265320,136,-159.490,-1350.616,255,8,1,
1778337082023489,315507799,4290,262.653076,137,-175.191,-1358.752,255,8,1,
1778337082024490,315517752,4281,262.102020,156,-214.359,-1545.202,255,8,1,
1778337082024993,315527731,4271,261.489807,167,-247.136,-1651.613,255,8,1,
1778337082024993,315537681,4262,260.938782,177,-278.757,-1747.912,255,8,1,
1778337082025999,315547663,4252,260.326538,182,-305.820,-1794.122,255,8,1,
1778337082025999,315557612,4243,259.775513,190,-337.260,-1869.828,255,8,1,
1778337082027003,315567584,4234,259.224487,214,-400.098,-2102.266,255,8,1,
1778337082028003,315577547,4224,258.612244,242,-477.824,-2372.358,255,8,1,
1778337082032003,315587520,4215,258.061218,257,-531.647,-2514.409,255,8,1,
1778337082148836,315597474,4206,257.510193,264,-570.942,-2577.523,255,8,1,
1778337082149835,315607450,4196,256.897980,266,-602.984,-2590.755,255,8,1,
1778337082150836,315617409,4187,256.346924,270,-637.314,-2623.705,255,8,1,
1778337082150836,315627380,4177,255.734711,272,-670.240,-2636.129,255,8,1,
1778337082151836,315637342,4168,255.183670,274,-700.676,-2648.896,255,8,1,
1778337082151836,315647316,4158,254.571411,275,-731.602,-2650.898,255,8,1,
1778337082152836,315657274,4149,254.020401,276,-759.814,-2653.353,245,8,1,
1778337082153836,315667246,4140,253.469391,277,-788.141,-2655.510,242,8,1,
1778337082153836,315677210,4130,252.857147,275,-810.577,-2627.825,240,8,1,
1778337082154836,315687180,4121,252.306137,277,-841.889,-2638.962,235,8,1,
1778337082155340,315697136,4112,251.755096,278,-870.361,-2640.241,233,8,1,
1778337082155340,315707106,4102,251.142853,279,-901.755,-2640.253,226,8,1,
1778337082160343,315717064,4093,250.591843,279,-927.104,-2631.459,228,8,1,
1778337082173858,315727035,4084,250.040817,277,-945.541,-2603.623,232,8,1,
1778337082362972,315736992,4074,249.428574,273,-959.253,-2555.921,245,8,1,
1778337082364476,315746970,4065,248.877563,262,-944.149,-2443.969,255,8,0,distance_jump
1778337082365481,315756911,4056,248.326523,162,-598.293,-1505.472,255,8,0,distance_jump
1778337082368985,315766888,4046,247.714279,120,-455.071,-1110.365,255,8,1,
1778337082369610,315776835,4037,247.163269,114,-442.441,-1050.641,255,8,1,
1778337082369610,315786807,4028,246.612259,112,-444.586,-1027.980,255,8,1,
1778337082370624,315796749,4018,246.000000,111,-451.478,-1014.035,255,8,1,
1778337082371615,315806718,4009,245.448990,110,-457.054,-1000.551,255,8,1,
1778337082372615,315816661,4000,244.897949,110,-466.655,-996.109,255,8,1,
1778337082373615,315826627,3991,244.346939,109,-471.884,-982.561,255,8,1,
1778337082375120,315836568,3981,243.734695,108,-477.931,-968.495,255,8,1,
1778337082375120,315846541,3972,243.183685,107,-482.711,-954.929,255,8,1,
1778337082376124,315856486,3963,242.632645,106,-487.276,-941.362,255,8,1,
1778337082377128,315866458,3953,242.020416,104,-487.923,-918.439,255,8,1,
1778337082378127,315876406,3944,241.469391,102,-487.181,-896.133,255,8,1,
1778337082379128,315886377,3935,240.918381,101,-490.916,-882.667,255,8,1,
1778337082380127,315896322,3925,240.306122,101,-500.320,-877.371,255,8,1,
1778337082382128,315906294,3916,239.755112,101,-508.734,-872.519,255,8,1,
1778337082382128,315916240,3907,239.204071,101,-517.102,-867.586,255,8,1,
1778337082383635,315926216,3897,238.591843,101,-526.342,-862.011,255,8,1,
1778337082384642,315936170,3888,238.040817,101,-534.608,-856.910,255,8,1,
1778337082390152,315946142,3879,237.489807,100,-537.450,-843.296,255,8,1,
1778337082405170,315956094,3869,236.877548,99,-540.966,-829.130,255,8,1,
1778337082408178,315966090,3860,236.326538,99,-548.914,-823.889,255,8,1,
1778337082575657,315976047,3851,235.775513,98,-551.188,-810.303,255,8,1,
1778337082576657,315986019,3841,235.163254,97,-554.103,-796.160,255,8,1,
1778337082576657,315995972,3832,234.612244,95,-550.152,-774.489,255,8,1,
1778337082577661,316005947,3823,234.061234,93,-545.836,-752.970,255,8,1,
1778337082578661,316015896,3813,233.448975,92,-547.895,-739.061,255,8,1,
1778337082579662,316025869,3804,232.897964,91,-548.945,-725.782,255,8,1,
1778337082580662,316035817,3795,232.346939,91,-555.900,-720.469,255,8,1,
1778337082581661,316045795,3785,231.734680,91,-563.567,-714.488,255,8,1,
1778337082582661,316055743,3776,231.183670,91,-570.412,-709.035,255,8,1,
1778337082582661,316065724,3767,230.632660,90,-570.861,-695.786,255,8,1,
1778337082584661,316075672,3757,230.020416,90,-578.263,-689.646,255,8,1,
1778337082585721,316085650,3748,229.469391,90,-584.869,-684.053,255,8,1,
1778337082585721,316095604,3739,228.918365,90,-591.420,-678.397,255,8,1,
1778337082586721,316105580,3729,228.306107,89,-591.984,-664.571,255,8,1,
1778337082587720,316115530,3720,227.755096,89,-598.348,-658.847,255,8,1,
1778337082588720,316125511,3711,227.204086,88,-597.862,-645.725,255,8,1,
1778337082589721,316135460,3701,226.591843,87,-597.856,-632.035,255,8,1,
1778337082589721,316145434,3692,226.040833,87,-603.907,-626.256,255,8,1,
1778337082596228,316155384,3682,225.428574,87,-610.564,-619.767,255,8,1,
1778337082606740,316165357,3673,224.877548,88,-623.582,-620.923,255,8,1,
1778337082750832,316175301,3664,224.326523,89,-636.679,-621.884,255,8,1,
1778337082750832,316185284,3654,223.714279,92,-664.971,-635.778,255,8,1,
1778337082751832,316195233,3645,223.163269,94,-685.643,-643.035,255,8,1,
1778337082751832,316205208,3635,222.551010,93,-685.108,-628.909,255,8,1,
1778337082752832,316215160,3626,222.000000,88,-653.967,-588.835,255,8,1,
1778337082752832,316225134,3617,221.448975,85,-637.114,-562.660,255,8,1,
1778337082753832,316235074,3607,220.836746,84,-635.524,-549.281,255,8,1,
1778337082753832,316245058,3598,220.285706,84,-640.777,-543.144,255,8,1,
1778337082754834,316255008,3588,219.673477,84,-646.544,-536.266,255,8,1,
1778337082754834,316264988,3579,219.122437,83,-643.913,-523.713,255,8,1,
1778337082756184,316274940,3570,218.571426,83,-648.920,-517.497,255,8,1,
1778337082756184,316284915,3560,217.959183,83,-654.413,-510.533,255,8,1,
1778337082757183,316294859,3551,217.408173,82,-651.349,-498.141,255,8,1,
1778337082757183,316304830,3542,216.857132,82,-656.110,-491.854,255,8,1,
1778337082758184,316314773,3532,216.244904,82,-661.328,-484.815,255,8,1,
1778337082765122,316324743,3523,215.693878,82,-665.960,-478.433,255,8,1,
1778337082774631,316334689,3514,215.142853,82,-670.530,-472.006,255,8,1,
1778337082917215,316344660,3504,214.530609,82,-675.535,-464.814,255,8,1,
1778337082918215,316354608,3495,213.979599,81,-671.682,-452.707,255,8,1,
1778337082919217,316364588,3486,213.428558,81,-676.004,-446.226,255,8,1,
1778337082919217,316374535,3476,212.816330,81,-680.734,-438.978,255,8,1,
1778337082920216,316384511,3467,212.265305,81,-684.924,-432.411,255,8,1,
1778337082921216,316394455,3458,211.714294,81,-689.051,-425.804,255,8,1,
1778337082921216,316404427,3448,211.102036,82,-702.124,-423.582,255,8,1,
1778337082922216,316414366,3439,210.551025,82,-706.165,-416.811,255,8,1,
1778337082923216,316424348,3430,210.000000,82,-710.141,-410.000,255,8,1,
1778337082923216,316434298,3420,209.387756,83,-723.195,-407.296,255,8,1,
1778337082923216,316444266,3411,208.836731,83,-727.078,-400.322,255,8,1,
1778337082924721,316454211,3402,208.285721,84,-739.700,-398.050,255,8,1,
1778337082925728,316464187,3392,207.673462,84,-743.911,-390.123,255,8,0,unstable_angle_bin
1778337082925728,316474129,3383,207.122452,85,-756.529,-387.510,255,8,0,unstable_angle_bin
1778337082926728,316484107,3374,206.571426,93,-831.771,-416.001,255,8,0,unstable_angle_bin
1778337082932733,316494026,3364,205.959198,133,-1195.811,-582.182,255,8,1,
1778337082943749,316503999,3355,205.408157,182,-1643.959,-780.896,255,8,1,
1778337083086134,316513946,3346,204.857147,205,-1860.085,-861.732,255,8,1,
1778337083087137,316523919,3337,204.306107,208,-1895.628,-856.152,255,8,1,
1778337083088137,316533864,3327,203.693878,208,-1904.668,-835.848,255,8,1,
1778337083089139,316543835,3318,203.142853,209,-1921.813,-821.422,255,8,1,
1778337083089139,316553777,3309,202.591843,210,-1938.856,-806.744,255,8,1,
1778337083090140,316563755,3300,202.040802,210,-1946.525,-788.060,255,8,1,
1778337083090777,316573701,3290,201.428574,211,-1964.144,-770.870,255,8,1,
1778337083091782,316583671,3281,200.877548,213,-1990.153,-759.072,255,8,1,
1778337083092782,316593622,3272,200.326538,216,-2025.493,-750.319,255,8,1,
1778337083092782,316603595,3263,199.775513,221,-2079.666,-747.722,255,8,1,
1778337083093782,316613542,3254,199.224487,231,-2181.185,-760.614,255,8,1,
1778337083094784,316623502,3244,198.612228,243,-2302.912,-775.563,255,8,1,
1778337083095288,316633453,3235,198.061218,253,-2405.336,-784.383,255,8,1,
1778337083096292,316643426,3226,197.510208,254,-2422.305,-764.224,255,8,0,unstable_angle_bin
1778337083096292,316653383,3217,196.959183,253,-2419.977,-737.977,255,8,0,unstable_angle_bin
1778337083101309,316663358,3208,196.408173,251,-2407.777,-709.021,255,8,0,unstable_angle_bin
1778337083112811,316673300,3198,195.795914,210,-2020.699,-571.644,255,8,0,unstable_angle_bin
1778337083268419,316683277,3189,195.244904,140,-1350.735,-368.124,255,8,1,
1778337083269419,316693225,3180,194.693878,106,-1025.333,-268.874,255,8,1,
1778337083269419,316703222,3171,194.142853,94,-911.508,-229.680,255,8,1,
1778337083270419,316713169,3162,193.591843,89,-865.075,-209.153,255,8,1,
1778337083271419,316723138,3153,193.040817,87,-847.562,-196.311,255,8,1,
1778337083272420,316733094,3144,192.489807,86,-839.648,-185.989,255,8,1,
1778337083272420,316743064,3134,191.877548,86,-841.587,-177.006,255,8,1,
1778337083273421,316753009,3125,191.326538,86,-843.250,-168.904,255,8,1,
1778337083273421,316762982,3116,190.775513,86,-844.836,-160.787,255,8,1,
1778337083274925,316772923,3107,190.224487,86,-846.343,-152.655,255,8,1,
1778337083274925,316782890,3098,189.673462,86,-847.772,-144.508,255,8,1,
1778337083274925,316792838,3089,189.122452,86,-849.123,-136.349,255,8,1,
1778337083275931,316802806,3079,188.510193,85,-840.641,-125.788,255,8,1,
1778337083276935,316812752,3070,187.959183,85,-841.812,-117.697,255,8,1,
1778337083277935,316822717,3061,187.408157,84,-832.988,-108.307,255,8,1,
1778337083277935,316832664,3052,186.857147,76,-754.564,-90.740,255,8,1,
1778337083278935,316842637,3043,186.306137,72,-715.643,-79.085,255,8,1,
1778337083289464,316852583,3034,185.755096,72,-716.371,-72.199,255,8,1,
1778337083298957,316862564,3024,185.142868,71,-707.142,-63.644,255,8,1,
1778337083516276,316872510,3015,184.591827,71,-707.721,-56.840,255,8,1,
1778337083517282,316882480,3006,184.040817,71,-708.235,-50.032,255,8,1,
1778337083518277,316892428,2997,183.489792,68,-678.739,-41.392,255,8,1,
1778337083519276,316902397,2988,182.938782,60,-599.211,-30.761,255,8,1,
1778337083519276,316916334,2975,182.142853,60,-599.580,-22.435,255,8,1,
1778337083520281,316926303,2966,181.591843,60,-599.768,-16.668,255,8,1,
1778337083520281,316936251,2956,180.979584,60,-599.912,-10.258,255,8,1,
1778337083521277,316946220,2947,180.428574,60,-599.983,-4.488,255,8,1,
1778337083521277,316956173,2938,179.877548,60,-599.999,1.282,255,8,1,
1778337083522277,316966144,2929,179.326523,61,-609.958,7.170,255,8,1,
1778337083522277,316976093,2920,178.775513,61,-609.861,13.036,255,8,1,
1778337083523530,316986071,2911,178.224487,60,-599.712,18.590,255,8,1,
1778337083524537,316996022,2902,177.673477,60,-599.505,24.357,255,8,1,
1778337083525546,317005995,2892,177.061218,60,-599.211,30.761,255,8,1,
1778337083526545,317015947,2883,176.510193,60,-598.887,36.523,255,8,1,
1778337083527545,317025922,2874,175.959183,60,-598.508,42.280,255,8,1,
1778337083528549,317035870,2865,175.408173,60,-598.074,48.034,255,8,1,
1778337083529544,317045847,2856,174.857147,60,-597.585,53.784,255,8,1,
1778337083530545,317055798,2846,174.244904,56,-557.177,56.155,255,8,1,
1778337083531545,317065773,2837,173.693878,54,-536.733,59.314,255,8,1,
1778337083532545,317075716,2828,173.142853,54,-536.137,64.473,255,8,1,
1778337083532545,317085702,2819,172.591843,57,-565.242,73.494,255,8,1,
1778337083533545,317095644,2810,172.040817,58,-574.413,80.311,255,8,1,
1778337083546542,317105612,2801,171.489792,57,-563.724,84.352,255,8,1,
1778337083550662,317115566,2792,170.938782,55,-543.136,86.619,255,8,1,
1778337083688047,317125537,2782,170.326523,54,-532.322,90.738,255,8,1,
1778337083689044,317135482,2773,169.775513,54,-531.425,95.853,255,8,1,
1778337083690044,317145451,2764,169.224487,54,-530.478,100.959,255,8,1,
1778337083691045,317155398,2755,168.673477,55,-539.288,108.020,255,8,1,
1778337083692044,317165366,2746,168.122452,54,-528.438,111.143,255,8,1,
1778337083692044,317175314,2737,167.571426,55,-537.111,118.372,255,8,1,
1778337083693044,317185280,2728,167.020401,54,-526.203,121.286,255,8,1,
1778337083693044,317195228,2719,166.469391,54,-525.012,126.341,255,8,1,
1778337083693044,317205198,2710,165.918365,54,-523.773,131.384,255,8,1,
1778337083694549,317215145,2701,165.367355,54,-522.485,136.415,255,8,1,
1778337083695556,317225114,2692,164.816330,54,-521.149,141.434,255,8,1,
1778337083696555,317235048,2682,164.204086,54,-519.608,146.994,255,8,1,
1778337083696555,317245025,2674,163.714279,53,-508.734,148.627,255,8,1,
1778337083697560,317254970,2664,163.102036,52,-497.548,151.147,255,8,1,
1778337083699559,317264939,2655,162.551025,50,-476.992,149.928,255,8,1,
1778337083713005,317274882,2646,162.000000,46,-437.486,142.148,255,8,1,
1778337083719521,317284846,2637,161.448990,44,-417.138,139.985,255,8,1,
1778337083869980,317294790,2628,160.897964,43,-406.323,140.718,255,8,1,
1778337083870982,317304756,2619,160.346939,42,-395.533,141.256,255,8,1,
1778337083871980,317314699,2610,159.795914,42,-394.157,145.053,255,8,1,
1778337083872980,317324670,2601,159.244888,42,-392.744,148.837,255,8,1,
1778337083872980,317334606,2592,158.693878,42,-391.294,152.607,255,8,1,
1778337083874484,317344573,2583,158.142868,42,-389.808,156.363,255,8,1,
1778337083875488,317354519,2574,157.591843,41,-379.042,156.293,255,8,1,
1778337083876489,317364485,2565,157.040817,41,-377.521,159.931,255,8,1,
1778337083876489,317374432,2556,156.489792,41,-375.965,163.554,255,8,1,
1778337083877489,317384397,2547,155.938766,40,-365.244,163.085,255,8,1,
1778337083878675,317394342,2538,155.387756,40,-363.659,166.590,255,8,1,
1778337083878675,317404307,2529,154.836731,40,-362.040,170.080,255,8,1,
1778337083879681,317414247,2520,154.285721,40,-360.388,173.553,255,8,1,
1778337083880680,317424211,2511,153.734695,40,-358.702,177.011,255,8,1,
1778337083881680,317434158,2502,153.183670,40,-356.983,180.453,255,8,1,
1778337083881680,317444125,2492,152.571426,39,-346.158,179.651,255,8,1,
1778337083887199,317454067,2484,152.081635,39,-344.610,182.603,255,8,1,
1778337083903905,317464035,2474,151.469391,39,-342.639,186.275,255,8,1,
1778337084110228,317473973,2466,150.979599,39,-341.034,189.197,255,8,1,
1778337084111228,317483951,2456,150.367355,39,-338.993,192.831,255,8,1,
1778337084112227,317493893,2448,149.877548,39,-337.332,195.721,255,8,1,
1778337084112227,317503859,2438,149.265305,38,-326.626,194.204,255,8,1,
1778337084113228,317513802,2430,148.775513,38,-324.954,196.989,255,8,1,
1778337084113228,317523766,2421,148.224487,38,-323.045,200.105,255,8,1,
1778337084115737,317533706,2412,147.673477,38,-321.105,203.203,255,8,1,
1778337084116736,317543674,2403,147.122452,38,-319.136,206.281,255,8,1,
1778337084116736,317553618,2394,146.571426,38,-317.138,209.341,255,8,1,
1778337084117740,317563586,2385,146.020401,38,-315.110,212.381,255,8,1,
1778337084118740,317573527,2376,145.469391,37,-304.815,209.733,255,8,1,
1778337084118740,317583492,2367,144.918365,37,-302.784,212.655,255,8,1,
1778337084119740,317593432,2358,144.367340,37,-300.724,215.557,255,8,1,
1778337084119740,317603390,2349,143.816330,37,-298.638,218.439,255,8,1,
1778337084120741,317613329,2340,143.265305,37,-296.523,221.301,255,8,1,
1778337084121740,317623290,2331,142.714294,37,-294.381,224.142,255,8,1,
1778337084121740,317633233,2322,142.163269,37,-292.212,226.963,255,8,1,
1778337084122741,317643198,2314,141.673462,37,-290.261,229.453,255,8,1,
1778337084123740,317653145,2305,141.122452,37,-288.041,232.233,255,8,1,
1778337084125906,317663115,2296,140.571426,37,-285.794,234.993,255,8,1,
1778337084126907,317673054,2287,140.020416,37,-283.521,237.730,255,8,1,
1778337084127906,317683026,2278,139.469391,37,-281.222,240.446,255,8,1,
1778337084127906,317692978,2269,138.918365,36,-271.359,236.568,255,8,1,
1778337084134907,317702944,2260,138.367340,36,-269.071,239.167,255,8,1,
1778337084148906,317712887,2252,137.877548,36,-267.017,241.458,255,8,1,
1778337084155408,317722849,2243,137.326523,36,-264.682,244.015,255,8,1,
1778337084164913,317732802,2234,136.775513,36,-262.323,246.549,255,8,1,
1778337084396879,317742771,2225,136.224487,36,-259.940,249.060,255,8,1,
1778337084397880,317752715,2216,135.673477,36,-257.533,251.549,255,8,1,
1778337084397880,317762684,2207,135.122452,36,-255.102,254.014,255,8,1,
1778337084398881,317772624,2198,134.571426,36,-252.647,256.455,255,8,1,
1778337084398881,317782595,2190,134.081635,36,-250.446,258.606,255,8,1,
1778337084399881,317792542,2181,133.530609,36,-247.947,261.002,255,8,1,
1778337084400881,317802511,2172,132.979584,36,-245.426,263.375,255,8,1,
1778337084400881,317812455,2163,132.428574,36,-242.881,265.723,255,8,1,
1778337084401881,317822423,2154,131.877548,36,-240.315,268.046,255,8,1,
1778337084401881,317832377,2146,131.387756,35,-231.403,262.588,255,8,1,
1778337084402881,317842348,2137,130.836746,35,-228.867,264.802,255,8,1,
1778337084403881,317852293,2128,130.285721,35,-226.310,266.990,255,8,1,
1778337084403881,317862264,2119,129.734695,35,-223.732,269.154,255,8,1,
1778337084405384,317872200,2110,129.183670,35,-221.133,271.294,255,8,1,
1778337084406388,317882170,2102,128.693878,35,-218.806,273.174,255,8,1,
1778337084407392,317892112,2093,128.142853,35,-216.168,275.266,255,8,1,
1778337084407392,317902086,2084,127.591835,35,-213.511,277.332,255,8,1,
1778337084408391,317912032,2075,127.040810,35,-210.834,279.372,255,8,1,
1778337084408391,317922001,2066,126.489792,35,-208.138,281.387,255,8,1,
1778337084409391,317931944,2057,125.938782,35,-205.422,283.376,255,8,1,
1778337084409391,317941917,2048,125.387756,35,-202.687,285.338,255,8,1,
1778337084410391,317951864,2040,124.897964,35,-200.241,287.060,255,8,1,
1778337084410391,317961836,2031,124.346939,35,-197.471,288.973,255,8,1,
1778337084411391,317971783,2022,123.795921,35,-194.683,290.858,255,8,1,
1778337084412391,317981758,2013,123.244896,35,-191.877,292.717,255,8,1,
1778337084425404,317991701,2004,122.693878,35,-189.053,294.549,255,8,1,
1778337084431409,318001668,1996,122.204079,35,-186.528,296.154,255,8,1,
1778337084645648,318011617,1987,121.653061,34,-178.423,289.422,255,8,1,
1778337084646648,318021586,1978,121.102036,34,-175.632,291.125,255,8,1,
1778337084647653,318031531,1970,120.612244,34,-173.137,292.615,255,8,1,
1778337084648652,318041498,1961,120.061226,34,-170.315,294.267,255,8,1,
1778337084649653,318051439,1952,119.510201,34,-167.477,295.891,255,8,1,
1778337084651221,318061397,1943,118.959190,34,-164.623,297.488,255,8,1,
1778337084652221,318071333,1934,118.408165,34,-161.755,299.057,255,8,1,
1778337084653221,318081302,1926,117.918365,34,-159.192,300.429,255,8,1,
1778337084653221,318091246,1917,117.367348,34,-156.296,301.946,255,8,1,
1778337084654725,318101218,1908,116.816330,34,-153.385,303.435,255,8,1,
1778337084655729,318111171,1899,116.265305,34,-150.460,304.897,255,8,1,
1778337084656729,318121142,1891,115.775513,34,-147.848,306.172,255,8,1,
1778337084657732,318131083,1882,115.224495,34,-144.896,307.579,255,8,1,
1778337084658733,318141051,1873,114.673470,34,-141.932,308.959,255,8,1,
1778337084658733,318150995,1864,114.122444,34,-138.954,310.309,255,8,1,
1778337084659732,318160958,1856,113.632652,34,-136.296,311.486,255,8,1,
1778337084660733,318170899,1847,113.081635,34,-133.294,312.782,255,8,1,
1778337084661732,318180863,1838,112.530609,34,-130.280,314.049,255,8,1,
1778337084662732,318190803,1830,112.040817,33,-123.838,305.883,255,8,1,
1778337084663732,318200771,1821,111.489792,34,-124.554,316.364,255,8,1,
1778337084663732,318210713,1812,110.938774,34,-121.506,317.547,255,8,1,
1778337084664733,318220677,1804,110.448982,34,-118.787,318.574,255,8,1,
1778337084665776,318230617,1795,109.897957,33,-112.314,310.299,255,8,1,
1778337084669924,318240580,1786,109.346931,33,-109.325,311.365,255,8,1,
1778337084679379,318250518,1777,108.795921,33,-106.325,312.402,255,8,1,
1778337084693892,318260480,1769,108.306122,33,-103.651,313.299,255,8,1,
1778337084880481,318270414,1760,107.755096,33,-100.633,314.282,255,8,1,
1778337084881482,318280377,1751,107.204086,34,-100.564,324.787,255,8,1,
1778337084881482,318290321,1742,106.653061,34,-97.436,325.740,255,8,1,
1778337084882481,318300286,1734,106.163269,34,-94.648,326.561,255,8,1,
1778337084883482,318310229,1725,105.612251,34,-91.503,327.456,255,8,1,
1778337084883482,318320199,1716,105.061226,33,-85.751,318.664,255,8,1,
1778337084884483,318330137,1708,104.571434,33,-83.024,319.385,255,8,1,
1778337084884483,318340100,1699,104.020409,33,-79.948,320.169,255,8,1,
1778337084885520,318350040,1691,103.530609,33,-77.208,320.841,255,8,1,
1778337084885520,318360003,1682,102.979599,33,-74.119,321.569,255,8,1,
1778337084886517,318369935,1673,102.428574,33,-71.023,322.266,255,8,1,
1778337084886517,318379893,1665,101.938782,33,-68.266,322.862,255,8,1,
1778337084887517,318389827,1656,101.387756,34,-67.132,333.307,255,8,1,
1778337084888518,318399789,1648,100.897957,34,-64.281,333.868,255,8,1,
1778337084888518,318409720,1639,100.346947,33,-59.271,324.634,255,8,1,
1778337084889516,318419682,1630,99.795921,33,-56.146,325.189,255,8,1,
1778337084889516,318429618,1622,99.306114,33,-53.364,325.657,255,8,1,
1778337084890516,318439578,1613,98.755104,33,-50.230,326.155,255,8,1,
1778337084891516,318449520,1604,98.204086,33,-47.091,326.623,255,8,1,
1778337084891516,318459481,1596,97.714294,33,-44.297,327.013,255,8,1,
1778337084897567,318469419,1587,97.163269,33,-41.150,327.424,255,8,1,
1778337084906694,318479388,1579,96.673462,33,-38.350,327.764,255,8,1,
1778337084919783,318489325,1570,96.122452,33,-35.196,328.118,255,8,1,
1778337084927045,318499285,1562,95.632652,33,-32.390,328.407,255,8,1,
1778337084936556,318509228,1553,95.081627,33,-29.230,328.703,255,8,1,
1778337085128397,318519196,1544,94.530617,33,-26.067,328.969,255,8,1,
1778337085129399,318529139,1536,94.040810,33,-23.254,329.180,255,8,1,
1778337085131398,318539101,1527,93.489799,33,-20.087,329.388,255,8,1,
1778337085131398,318549040,1519,93.000000,33,-17.271,329.548,255,8,1,
1778337085133402,318559005,1510,92.448975,33,-14.101,329.699,255,8,1,
1778337085133402,318568944,1502,91.959183,33,-11.282,329.807,255,8,1,
1778337085135911,318578910,1493,91.408157,33,-8.110,329.900,255,8,1,
1778337085136913,318588853,1484,90.857147,33,-4.937,329.963,255,8,1,
1778337085136913,318598817,1476,90.367348,33,-2.116,329.993,255,8,1,
1778337085137913,318608754,1468,89.877548,34,0.727,339.999,255,8,1,
1778337085138922,318618714,1459,89.326530,34,3.996,339.977,255,8,1,
1778337085139912,318628662,1450,88.775513,34,7.266,339.922,255,8,1,
1778337085141911,318638625,1442,88.285713,34,10.171,339.848,255,8,1,
1778337085142913,318648567,1433,87.734695,34,13.439,339.734,255,8,1,
1778337085143912,318658532,1425,87.244896,34,16.343,339.607,255,8,1,
1778337085144911,318668473,1416,86.693878,34,19.608,339.434,255,8,1,
1778337085144911,318678438,1408,86.204086,34,22.509,339.254,255,8,1,
1778337085146821,318688383,1399,85.653061,34,25.771,339.022,255,8,1,
1778337085147827,318698350,1391,85.163261,34,28.668,338.789,255,8,1,
1778337085148826,318708292,1383,84.673470,34,31.563,338.532,255,8,1,
1778337085148826,318718258,1374,84.122452,34,34.817,338.213,255,8,1,
1778337085154826,318728200,1366,83.632652,34,37.707,337.903,255,8,1,
1778337085168285,318738164,1358,83.142860,34,40.594,337.568,255,8,1,
1778337085174788,318748107,1349,82.591835,34,43.839,337.162,255,8,1,
1778337085368311,318758081,1341,82.102043,34,46.719,336.775,255,8,1,
1778337085368845,318768018,1332,81.551018,34,49.956,336.310,255,8,1,
1778337085369556,318777983,1324,81.061218,34,52.829,335.871,255,8,1,
1778337085370561,318787925,1316,80.571426,34,55.698,335.407,255,8,1,
1778337085371561,318797901,1307,80.020409,34,58.921,334.856,255,8,1,
1778337085371561,318807843,1299,79.530617,34,61.781,334.340,255,8,1,
1778337085372564,318817810,1290,78.979591,34,64.994,333.730,255,8,1,
1778337085373561,318827752,1282,78.489792,34,67.844,333.162,255,8,1,
1778337085373561,318837722,1274,78.000000,34,70.690,332.570,255,8,1,
1778337085374561,318847663,1265,77.448975,34,73.885,331.875,255,8,1,
1778337085374561,318857633,1257,76.959183,34,76.719,331.231,255,8,1,
1778337085375702,318867579,1249,76.469391,34,79.548,330.563,255,8,1,
1778337085375702,318877548,1240,75.918365,34,82.723,329.783,255,8,1,
1778337085376702,318887495,1232,75.428574,35,88.055,338.742,255,8,1,
1778337085376702,318897465,1224,74.938774,35,90.948,337.977,255,8,1,
1778337085377702,318907407,1216,74.448982,35,93.834,337.187,255,8,1,
1778337085378702,318917378,1207,73.897957,35,97.072,336.269,255,8,1,
1778337085378702,318927321,1199,73.408157,35,99.943,335.427,255,8,1,
1778337085379703,318937293,1191,72.918365,35,102.807,334.561,255,8,1,
1778337085379703,318947239,1183,72.428574,35,105.663,333.669,255,8,1,
1778337085383209,318957204,1174,71.877556,35,108.867,332.638,255,8,1,
1778337085392370,318967143,1166,71.387756,35,111.707,331.695,255,8,1,
1778337085402594,318977108,1158,70.897964,35,114.538,330.728,255,8,1,
1778337085417634,318987058,1149,70.346939,35,117.713,329.611,255,8,1,
1778337085421635,318997027,1141,69.857140,35,120.527,328.593,255,8,1,
1778337085541992,319006967,1133,69.367348,35,123.331,327.551,255,8,1,
1778337085542992,319016935,1124,68.816330,35,126.476,326.349,255,8,1,
1778337085544497,319026882,1116,68.326530,36,132.954,334.549,255,8,1,
1778337085545024,319036856,1108,67.836739,36,135.809,333.401,255,8,1,
1778337085545024,319046797,1100,67.346939,36,138.654,332.227,255,8,1,
1778337085546029,319056769,1091,66.795921,36,141.843,330.879,255,8,1,
1778337085546029,319066717,1083,66.306122,36,144.666,329.654,255,8,1,
1778337085547031,319076685,1075,65.816330,36,147.479,328.405,255,8,1,
1778337085547031,319086633,1067,65.326530,36,150.281,327.133,255,8,1,
1778337085549304,319096604,1058,64.775505,36,153.420,325.672,255,8,1,
1778337085549304,319106544,1050,64.285713,36,156.198,324.349,255,8,1,
1778337085550310,319116506,1042,63.795918,36,158.965,323.002,255,8,1,
1778337085551310,319126446,1034,63.306126,36,161.720,321.631,255,8,1,
1778337085560819,319136417,1026,62.816326,36,164.464,320.237,255,8,1,
1778337085570329,319146364,1018,62.326527,36,167.196,318.819,255,8,1,
1778337085583845,319156337,1009,61.775513,36,170.254,317.197,255,8,1,
1778337085590352,319166283,1001,61.285713,37,177.764,324.500,255,8,1,
1778337085599867,319176254,993,60.795921,37,180.531,322.968,255,8,1,
1778337085782589,319186204,985,60.306122,37,183.285,321.413,255,8,1,
1778337085783589,319196175,977,59.816322,37,186.026,319.835,255,8,1,
1778337085784588,319206122,968,59.265308,37,189.093,318.031,255,8,1,
1778337085785092,319216093,960,58.775509,37,191.805,316.403,255,8,1,
1778337085786096,319226036,952,58.285717,37,194.503,314.752,255,8,1,
1778337085786096,319236009,944,57.795918,37,197.187,313.077,255,8,1,
1778337085787095,319245956,936,57.306118,37,199.856,311.380,255,8,1,
1778337085788096,319255921,928,56.816326,37,202.510,309.661,255,8,1,
1778337085789096,319265870,920,56.326530,37,205.150,307.918,255,8,1,
1778337085790096,319275842,912,55.836735,38,213.390,314.427,255,8,1,
1778337085790096,319285794,904,55.346939,38,216.070,312.592,255,8,1,
1778337085791096,319295769,896,54.857143,38,218.734,310.733,255,8,1,
1778337085791096,319305718,888,54.367348,38,221.383,308.852,255,8,1,
1778337085792096,319315692,880,53.877548,38,224.015,306.948,255,8,1,
1778337085793097,319325640,872,53.387756,38,226.631,305.022,255,8,1,
1778337085793097,319335618,864,52.897957,38,229.230,303.074,255,8,1,
1778337085794602,319345566,856,52.408165,39,237.913,309.027,255,8,1,
1778337085795607,319355539,848,51.918365,39,240.546,306.982,255,8,1,
1778337085796607,319365487,840,51.428574,39,243.161,304.914,255,8,1,
1778337085797610,319375463,832,50.938774,39,245.759,302.824,255,8,1,
1778337085808124,319385413,824,50.448978,39,248.338,300.713,255,8,1,
1778337085817635,319395377,816,49.959183,39,250.900,298.579,255,8,1,
1778337085832890,319405330,808,49.469387,39,253.443,296.423,255,8,1,
1778337085837399,319415306,800,48.979595,39,255.968,294.246,255,8,1,
1778337085977475,319425250,792,48.489796,40,265.101,299.535,255,8,1,
1778337085978461,319435223,785,48.061226,40,267.334,297.544,255,8,1,
1778337085979461,319445165,777,47.571430,40,269.868,295.248,255,8,1,
1778337085979461,319455148,769,47.081631,40,272.382,292.930,255,8,1,
1778337085980460,319465093,761,46.591839,40,274.876,290.591,255,8,1,
1778337085981460,319475074,754,46.163261,41,283.968,295.740,255,8,1,
1778337085982461,319485020,746,45.673470,41,286.486,293.301,255,8,1,
1778337085982461,319494998,738,45.183674,42,296.031,297.935,255,8,1,
1778337085983460,319504949,730,44.693878,44,312.785,309.460,255,8,1,
1778337085983460,319514919,723,44.265305,46,329.413,321.072,255,8,1,
1778337085984460,319524871,715,43.775509,46,332.146,318.244,255,8,1,
1778337085984963,319534843,707,43.285713,47,342.134,322.249,255,8,1,
1778337085985967,319544789,699,42.795918,47,344.876,319.313,255,8,1,
1778337085985967,319554761,692,42.367348,47,347.255,316.724,255,8,1,
1778337085986972,319564704,684,41.877552,47,349.949,313.744,255,8,1,
1778337086005592,319574680,676,41.387753,48,360.121,317.353,255,8,1,
1778337086006590,319584623,668,40.897957,48,362.821,314.263,255,8,1,
1778337086179931,319594592,660,40.408161,49,373.109,317.632,255,8,1,
1778337086182935,319604536,653,39.979591,48,367.811,308.407,255,8,1,
1778337086183933,319614508,645,39.489796,45,347.282,286.173,255,8,1,
1778337086184932,319624450,637,39.000000,45,349.716,283.194,255,8,1,
1778337086184932,319634423,630,38.571430,45,351.824,280.570,255,8,1,
1778337086186287,319644365,622,38.081635,45,354.210,277.553,255,8,1,
1778337086186287,319654345,614,37.591839,45,356.569,274.515,255,8,1,
1778337086187291,319664291,607,37.163265,44,350.644,265.799,255,8,1,
1778337086188290,319674262,599,36.673470,44,352.903,262.792,255,8,1,
1778337086188290,319684210,591,36.183674,44,355.137,259.765,255,8,1,
1778337086189290,319694180,584,35.755100,45,365.185,262.945,255,8,1,
1778337086190290,319704126,576,35.265305,45,367.419,259.813,255,8,1,
1778337086190290,319714096,568,34.775509,45,369.627,256.663,255,8,1,
1778337086191290,319724040,561,34.346939,45,371.536,253.891,255,8,1,
1778337086192290,319734012,553,33.857143,44,365.389,245.135,255,8,1,
1778337086192290,319743961,546,33.428574,44,367.212,242.395,255,8,1,
1778337086193290,319753929,538,32.938778,44,369.271,239.247,255,8,1,
1778337086193290,319763870,530,32.448978,44,371.303,236.081,255,8,1,
1778337086194792,319773847,522,31.959183,43,364.823,227.605,255,8,1,
1778337086203799,319783793,515,31.530611,43,366.515,224.870,255,8,1,
1778337086222962,319793759,507,31.040815,44,376.992,226.885,255,8,1,
1778337086226468,319803710,500,30.612244,44,378.679,224.059,255,8,1,
1778337086233472,319813683,492,30.122450,44,380.580,220.814,255,8,1,
1778337086446009,319823625,484,29.632654,44,382.454,217.552,255,8,1,
1778337086447007,319833598,477,29.204082,43,375.342,209.806,255,8,1,
1778337086448007,319842538,469,28.714287,43,377.121,206.590,255,8,1,
1778337086448007,319853516,462,28.285715,43,378.656,203.764,255,8,1,
1778337086449007,319863467,454,27.795918,43,380.384,200.519,255,8,1,
1778337086450007,319873443,447,27.367346,43,381.873,197.668,255,8,1,
1778337086451006,319883390,439,26.877550,43,383.549,194.397,255,8,1,
1778337086451006,319893365,432,26.448978,43,384.992,191.522,255,8,1,
1778337086452007,319903314,424,25.959183,43,386.616,188.224,255,8,1,
1778337086452007,319913279,417,25.530611,43,388.013,185.327,255,8,1,
1778337086453007,319923223,409,25.040817,43,389.583,182.003,255,8,1,
1778337086453007,319933203,402,24.612246,43,390.933,179.084,255,8,1,
1778337086454512,319943147,394,24.122450,42,383.323,171.649,255,8,1,
1778337086454512,319953120,387,23.693878,43,393.753,172.795,255,8,1,
1778337086455519,319963059,379,23.204082,43,395.216,169.423,255,8,1,
1778337086456518,319973038,371,22.714287,43,396.650,166.039,255,8,1,
1778337086456518,319982980,364,22.285715,43,397.881,163.067,255,8,1,
1778337086457518,319992953,356,21.795919,43,399.260,159.660,255,8,1,
1778337086458518,320002893,349,21.367348,43,400.443,156.669,255,8,1,
1778337086458518,320012871,341,20.877550,43,401.768,153.240,255,8,1,
1778337086459517,320022818,334,20.448978,42,393.533,146.737,255,8,1,
1778337086460518,320032794,326,19.959183,42,394.773,143.367,255,8,1,
1778337086461518,320042743,318,19.469389,43,405.412,143.320,255,8,1,
1778337086471552,320052719,311,19.040817,43,406.473,140.284,255,8,1,
1778337086483698,320062665,303,18.551020,43,407.658,136.804,255,8,1,
1778337086711749,320072639,296,18.122448,43,408.669,133.751,255,8,1,
1778337086712748,320082585,288,17.632652,43,409.798,130.253,255,8,1,
1778337086713749,320092557,281,17.204082,42,401.208,124.226,255,8,1,
1778337086713749,320102499,274,16.775511,42,402.126,121.221,255,8,1,
1778337086714749,320112474,266,16.285715,43,412.746,120.584,255,8,1,
1778337086715254,320122419,259,15.857143,42,404.017,114.761,255,8,1,
1778337086715254,320132393,251,15.367347,42,404.984,111.303,255,8,1,
1778337086716260,320142342,244,14.938775,42,405.805,108.270,255,8,1,
1778337086716260,320152313,236,14.448979,42,406.715,104.797,255,8,1,
1778337086717265,320162262,229,14.020408,43,417.190,104.175,255,8,1,
1778337086717265,320172237,221,13.530613,42,408.343,98.265,255,8,1,
1778337086718265,320182180,214,13.102041,42,409.067,95.208,255,8,1,
1778337086718265,320192154,206,12.612245,42,409.865,91.708,255,8,1,
1778337086719267,320202102,198,12.122449,42,410.634,88.201,255,8,1,
1778337086719267,320212075,191,11.693877,42,411.283,85.127,255,8,1,
1778337086720265,320222029,184,11.265306,42,411.908,82.048,255,8,1,
1778337086721265,320231999,176,10.775511,43,422.418,80.393,255,8,1,
1778337086721265,320241947,169,10.346938,43,423.007,77.232,255,8,1,
1778337086722265,320251920,162,9.918367,43,423.573,74.065,255,8,1,
1778337086722265,320261869,156,9.551021,41,404.317,68.030,255,8,1,
1778337086723265,320271846,154,9.428572,41,404.461,67.165,255,8,1,
1778337086723265,320281797,154,9.428572,41,404.461,67.165,255,8,1,
1778337086723265,320291777,154,9.428572,41,404.461,67.165,255,8,1,
1778337086724771,320301723,154,9.428572,41,404.461,67.165,255,8,1,
1778337086728777,320311699,154,9.428572,40,394.596,65.527,255,8,1,
1778337086742917,320321638,154,9.428572,41,404.461,67.165,255,8,1,
1778337086747998,320331624,154,9.428572,41,404.461,67.165,255,8,1,
1778337086874954,320341571,154,9.428572,40,394.596,65.527,255,8,1,
1778337086875957,320351542,154,9.428572,41,404.461,67.165,255,8,1,
1778337086876960,320361482,155,9.489796,41,404.389,67.597,255,8,1,
1778337086876960,320371449,156,9.551021,41,404.317,68.030,255,8,1,
1778337086877959,320381396,157,9.612246,42,414.103,70.131,255,8,1,
1778337086878960,320391372,158,9.673470,42,414.028,70.574,255,8,1,
1778337086879960,320401324,161,9.857143,41,403.947,70.189,255,8,1,
1778337086879960,320411296,164,10.040816,41,403.720,71.483,255,8,1,
1778337086880960,320421243,167,10.224489,41,403.489,72.777,255,8,1,
1778337086880960,320431216,170,10.408163,41,403.254,74.070,255,8,1,
1778337086880960,320441158,174,10.653061,42,412.761,77.642,255,8,1,
1778337086881960,320451135,178,10.897960,41,402.606,77.515,255,8,1,
1778337086881960,320461079,182,11.142858,41,402.271,79.235,255,8,1,
1778337086887469,320471051,186,11.387755,41,401.928,80.954,255,8,1,
1778337086899604,320481001,190,11.632653,42,411.373,84.687,255,8,1,
1778337086914846,320490971,194,11.877551,42,411.008,86.445,255,8,1,
1778337086917355,320500922,198,12.122449,41,400.857,86.101,255,8,1,
1778337087120303,320510897,202,12.367347,42,410.254,89.955,255,8,1,
1778337087121303,320520847,206,12.612245,42,409.865,91.708,255,8,1,
1778337087122303,320530827,211,12.918367,42,409.370,93.896,255,8,1,
1778337087122303,320540774,215,13.163265,41,399.227,93.368,255,8,1,
1778337087123303,320550750,220,13.469387,41,398.723,95.500,255,8,1,
1778337087123303,320560695,224,13.714286,41,398.311,97.203,255,8,1,
1778337087124808,320570671,228,13.959184,42,407.596,101.317,255,8,1,
1778337087125814,320580622,233,14.265306,41,397.358,101.029,255,8,1,
1778337087125814,320590593,238,14.571429,41,396.812,103.151,255,8,1,
1778337087126814,320600544,242,14.816327,41,396.368,104.846,255,8,1,
1778337087127814,320610518,247,15.122449,42,405.456,109.571,255,8,1,
1778337087127814,320620461,252,15.428572,42,404.864,111.735,255,8,1,
1778337087128814,320630436,256,15.673470,41,394.755,110.763,255,8,1,
1778337087128814,320640385,261,15.979591,42,403.771,115.624,255,8,1,
1778337087129814,320650359,266,16.285715,42,403.148,117.780,255,8,1,
1778337087130815,320660316,271,16.591837,41,392.929,117.076,255,8,1,
1778337087131816,320670293,276,16.897961,41,392.298,119.174,255,8,1,
1778337087131816,320680245,281,17.204082,41,391.655,121.268,255,8,1,
1778337087132819,320690221,286,17.510204,41,391.002,123.359,255,8,1,
1778337087132819,320700178,292,17.877550,41,390.203,125.863,255,8,1,
1778337087133815,320710152,297,18.183674,41,389.525,127.946,255,8,1,
1778337087134814,320720105,302,18.489796,42,398.320,133.197,255,8,1,
1778337087145362,320730076,308,18.857143,42,397.457,135.748,255,8,1,
1778337087416447,320740035,313,19.163265,42,396.727,137.870,255,8,1,
1778337087417453,320750007,318,19.469389,42,395.984,139.987,255,8,1,
1778337087418453,320759956,324,19.836735,41,385.672,139.130,255,8,1,
1778337087418453,320769928,330,20.204081,41,384.772,141.600,255,8,1,
1778337087419453,320779875,335,20.510204,42,393.376,147.157,255,8,1,
1778337087421453,320789854,341,20.877550,42,392.425,149.676,255,8,1,
1778337087422453,320799809,346,21.183674,42,391.619,151.771,255,8,1,
1778337087423453,320809795,352,21.551022,42,390.638,154.278,255,8,1,
1778337087423453,320819753,358,21.918367,42,389.641,156.780,255,8,1,
1778337087424453,320829730,364,22.285715,42,388.628,159.275,255,8,1,
1778337087424958,320839680,370,22.653061,42,387.599,161.763,255,8,1,
1778337087425964,320849652,376,23.020407,42,386.554,164.245,255,8,1,
1778337087426969,320859603,382,23.387754,42,385.493,166.720,255,8,1,
1778337087427969,320869578,388,23.755102,42,384.416,169.188,255,8,1,
1778337087427969,320879527,394,24.122450,42,383.323,171.649,255,8,1,
1778337087428969,320889498,400,24.489798,42,382.215,174.103,255,8,1,
1778337087429969,320899448,406,24.857143,42,381.091,176.550,255,8,1,
1778337087434474,320909421,413,25.285715,42,379.759,179.396,255,8,1,
1778337087435481,320919364,419,25.653061,42,378.601,181.827,255,8,1,
1778337087436481,320929341,425,26.020407,42,377.428,184.250,255,8,1,
1778337087437486,320939284,432,26.448978,42,376.039,187.068,255,8,1,
1778337087438486,320949256,438,26.816326,42,374.832,189.475,255,8,1,
1778337087439487,320959202,445,27.244898,42,373.404,192.274,255,8,1,
1778337087441487,320969177,451,27.612246,43,381.025,199.299,255,8,1,
1778337087442486,320979124,458,28.040815,42,370.697,197.442,255,8,1,
1778337087444486,320989096,465,28.469387,43,378.001,204.976,255,8,1,
1778337087449005,320999044,472,28.897959,43,376.457,207.798,255,8,1,
1778337087450004,321009010,478,29.265306,43,375.117,210.207,255,8,1,
1778337087451004,321018953,485,29.693878,43,373.534,213.007,255,8,1,
1778337087452005,321028926,492,30.122450,43,371.931,215.795,255,8,1,
1778337087453006,321038870,499,30.551020,43,370.306,218.571,255,8,1,
1778337087463523,321048845,506,30.979591,43,368.661,221.335,255,8,1,
1778337087472040,321058783,513,31.408163,43,366.995,224.086,255,8,1,
1778337087486963,321068760,520,31.836735,43,365.309,226.825,255,8,1,
1778337087494468,321078708,527,32.265305,43,363.602,229.551,255,8,1,
1778337087500480,321088679,534,32.693878,43,361.874,232.265,255,8,1,
1778337087682526,321098627,542,33.183674,43,359.876,235.350,255,8,1,
1778337087682526,321108601,549,33.612244,44,366.433,243.571,255,8,1,
1778337087683639,321118540,556,34.040817,44,364.601,246.305,255,8,1,
1778337087684646,321128517,564,34.530613,44,362.482,249.412,255,8,1,
1778337087684646,321138465,571,34.959183,44,360.607,252.117,255,8,1,
1778337087685654,321148432,579,35.448982,44,358.438,255.190,255,8,1,
1778337087685654,321158381,586,35.877552,44,356.519,257.864,255,8,1,
1778337087686654,321168350,594,36.367348,45,362.354,266.832,255,8,1,
1778337087687653,321178303,602,36.857143,45,360.060,269.920,255,8,1,
1778337087687653,321188277,609,37.285713,44,350.075,266.548,255,8,1,
1778337087689269,321198229,617,37.775509,45,355.688,275.656,255,8,1,
1778337087689269,321208193,625,38.265305,45,353.318,278.687,255,8,1,
1778337087690275,321218150,633,38.755100,45,350.923,281.697,255,8,1,
1778337087691106,321228116,641,39.244896,45,348.502,284.686,255,8,1,
1778337087691612,321238073,649,39.734695,45,346.056,287.655,255,8,1,
1778337087692152,321248039,657,40.224491,45,343.584,290.603,255,8,1,
1778337087693159,321257988,665,40.714287,45,341.087,293.529,255,8,1,
1778337087693159,321267962,673,41.204082,45,338.566,296.434,255,8,1,
1778337087694674,321277909,681,41.693878,44,328.552,292.666,255,8,1,
1778337087698686,321287873,690,42.244900,43,318.320,289.089,255,8,1,
1778337087711142,321297826,698,42.734695,42,308.492,285.014,255,8,1,
1778337087718657,321307802,706,43.224491,42,306.044,287.641,255,8,1,
1778337087728179,321317757,714,43.714287,43,310.802,297.157,255,8,1,
1778337087881802,321327728,723,44.265305,43,307.930,300.132,255,8,1,
1778337087882803,321337674,731,44.755100,43,305.353,302.754,255,8,1,
1778337087883931,321347656,740,45.306122,42,295.394,298.567,255,8,1,
1778337087883931,321357611,748,45.795918,42,292.831,301.082,255,8,1,
1778337087884939,321367586,757,46.346939,41,283.019,296.648,255,8,1,
1778337087885946,321376538,766,46.897957,41,280.153,299.357,255,8,1,
1778337087885946,321387516,774,47.387756,40,270.813,294.381,255,8,1,
1778337087886949,321397464,783,47.938774,40,267.970,296.972,255,8,1,
1778337087887947,321407443,792,48.489796,40,265.101,299.535,255,8,1,
1778337087888947,321417394,801,49.040817,39,255.653,294.519,255,8,1,
1778337087889949,321427369,810,49.591835,39,252.809,296.964,255,8,1,
1778337087890611,321437315,819,50.142857,39,249.941,299.381,255,8,1,
1778337087891691,321447293,828,50.693878,39,247.051,301.771,255,8,1,
1778337087892237,321457242,837,51.244896,39,244.137,304.133,255,8,1,
1778337087892780,321467216,846,51.795918,39,241.201,306.467,255,8,1,
1778337087893847,321477166,855,52.346939,38,232.134,300.855,255,8,1,
1778337087897086,321487138,864,52.897957,38,229.230,303.074,255,8,1,
1778337087912264,321497086,873,53.448978,38,226.305,305.264,255,8,1,
1778337087916777,321507062,882,54.000004,38,223.358,307.426,255,8,1,
1778337088073718,321517008,892,54.612244,38,220.061,309.796,255,8,1,
1778337088074343,321526980,901,55.163265,37,211.359,303.690,255,8,1,
1778337088074871,321536926,911,55.775513,37,208.102,305.931,255,8,1,
1778337088075878,321546890,920,56.326530,37,205.150,307.918,255,8,1,
1778337088075878,321556844,930,56.938774,37,201.848,310.093,255,8,1,
1778337088076878,321566821,939,57.489796,37,198.856,312.019,255,8,1,
1778337088077877,321576768,949,58.102039,37,195.511,314.126,255,8,1,
1778337088077877,321586743,959,58.714287,37,192.143,316.198,255,8,1,
1778337088078878,321596692,968,59.265308,36,183.983,309.435,255,8,1,
1778337088078878,321606665,978,59.877552,36,180.666,311.384,255,8,1,
1778337088079877,321616610,988,60.489796,36,177.328,313.296,255,8,1,
1778337088080877,321626583,998,61.102039,36,173.970,315.173,255,8,1,
1778337088080877,321636531,1007,61.653065,36,170.931,316.832,255,8,1,
1778337088081877,321646506,1017,62.265305,36,167.536,318.640,255,8,1,
1778337088082877,321656455,1027,62.877552,36,164.122,320.412,255,8,1,
1778337088082877,321666426,1037,63.489796,36,160.689,322.148,255,8,1,
1778337088084876,321676371,1046,64.040817,36,157.583,323.678,255,8,1,
1778337088097492,321686344,1056,64.653061,36,154.115,325.344,255,8,1,
1778337088107010,321696291,1066,65.265305,35,146.446,317.889,255,8,1,
1778337088114521,321706263,1076,65.877556,35,143.041,319.436,255,8,1,
1778337088272918,321716213,1086,66.489792,35,139.619,320.946,255,8,1,
1778337088273926,321726188,1095,67.040817,35,136.526,322.274,255,8,1,
1778337088273926,321736131,1105,67.653061,35,133.075,323.714,255,8,1,
1778337088274924,321746105,1115,68.265305,35,129.608,325.118,255,8,1,
1778337088275431,321756051,1124,68.816330,35,126.476,326.349,255,8,1,
1778337088276223,321766035,1134,69.428574,35,122.981,327.682,255,8,1,
1778337088276731,321775978,1144,70.040817,35,119.473,328.978,255,8,1,
1778337088277737,321785947,1154,70.653061,35,115.951,330.235,255,8,1,
1778337088278180,321795887,1164,71.265305,35,112.415,331.456,255,8,1,
1778337088278687,321805861,1173,71.816330,35,109.222,332.521,255,8,1,
1778337088279693,321815805,1183,72.428574,34,102.644,324.136,255,8,1,
1778337088279693,321825769,1193,73.040817,34,99.175,325.214,255,8,1,
1778337088280695,321835710,1202,73.591835,34,96.043,326.153,255,8,1,
1778337088281695,321845680,1212,74.204079,34,92.552,327.161,255,8,1,
1778337088281695,321855620,1222,74.816322,34,89.051,328.131,255,8,1,
1778337088282695,321865587,1232,75.428574,34,85.539,329.064,255,8,1,
1778337088282695,321875529,1241,75.979591,34,82.371,329.871,255,8,1,
1778337088296175,321885500,1251,76.591835,34,78.841,330.733,255,8,1,
1778337088302177,321895444,1261,77.204079,34,75.303,331.556,255,8,1,
1778337088457549,321905409,1270,77.755104,34,72.111,332.265,255,8,1,
1778337088458549,321915367,1280,78.367348,34,68.556,333.017,255,8,1,
1778337088459549,321925339,1290,78.979591,34,64.994,333.730,255,8,1,
1778337088460548,321935285,1300,79.591835,34,61.424,334.406,255,8,1,
1778337088460548,321945257,1310,80.204079,34,57.847,335.043,255,8,1,
1778337088461549,321955205,1319,80.755104,34,54.623,335.584,255,8,1,
1778337088461549,321965169,1329,81.367348,34,51.034,336.148,255,8,1,
1778337088462548,321975120,1339,81.979591,34,47.439,336.674,255,8,1,
1778337088463550,321985092,1348,82.530609,33,42.899,327.200,255,8,1,
1778337088463550,321995043,1358,83.142860,34,40.594,337.568,255,8,1,
1778337088464549,322005018,1368,83.755104,33,35.897,328.042,255,8,1,
1778337088464549,322014963,1378,84.367348,33,32.390,328.407,255,8,1,
1778337088465582,322024942,1387,84.918365,33,29.230,328.703,255,8,1,
1778337088466583,322034891,1397,85.530617,33,25.716,328.997,255,8,1,
1778337088467588,322044869,1407,86.142853,33,22.199,329.253,255,8,1,
1778337088467588,322054824,1416,86.693878,33,19.031,329.451,255,8,1,
1778337088470590,322064804,1426,87.306122,33,15.510,329.635,255,8,1,
1778337088482696,322074760,1436,87.918373,33,11.987,329.782,255,8,1,
1778337088660774,322084729,1446,88.530609,33,8.462,329.891,255,8,1,
1778337088660774,322094690,1455,89.081635,33,5.289,329.958,255,8,1,
1778337088661774,322104671,1465,89.693878,33,1.763,329.995,255,8,1,
1778337088662775,322114623,1475,90.306129,33,-1.763,329.995,255,8,1,
1778337088662775,322124598,1484,90.857147,33,-4.937,329.963,255,8,1,
1778337088663774,322134547,1494,91.469391,33,-8.462,329.891,255,8,1,
1778337088664774,322144519,1504,92.081627,33,-11.987,329.782,255,8,1,
1778337088664774,322154474,1513,92.632652,33,-15.158,329.652,255,8,1,
1778337088666069,322164442,1523,93.244896,33,-18.679,329.471,255,8,1,
1778337088667070,322174399,1533,93.857147,33,-22.199,329.253,255,8,1,
1778337088668069,322184370,1542,94.408165,33,-25.364,329.024,255,8,1,
1778337088668069,322194318,1552,95.020409,33,-28.878,328.734,255,8,1,
1778337088669069,322204298,1562,95.632652,33,-32.390,328.407,255,8,1,
1778337088669069,322214247,1572,96.244904,33,-35.897,328.042,255,8,1,
1778337088670070,322224233,1581,96.795921,33,-39.050,327.681,255,8,1,
1778337088671072,322234184,1591,97.408165,33,-42.549,327.245,255,8,1,
1778337088671072,322244160,1601,98.020409,33,-46.044,326.772,255,8,1,
1778337088672071,322254108,1610,98.571426,33,-49.184,326.314,255,8,1,
1778337088673069,322264092,1620,99.183670,33,-52.668,325.770,255,8,1,
1778337088682579,322274039,1630,99.795921,33,-56.146,325.189,255,8,1,
1778337088688622,322284011,1639,100.346947,33,-59.271,324.634,255,8,1,
1778337088699039,322293959,1649,100.959183,33,-62.736,323.982,255,8,1,
1778337088881841,322303932,1659,101.571426,33,-66.194,323.293,255,8,1,
1778337088881841,322313880,1668,102.122444,32,-67.201,312.864,255,8,1,
1778337088882842,322323847,1678,102.734688,33,-72.744,321.882,255,8,1,
1778337088882842,322333803,1688,103.346939,33,-76.179,321.087,255,8,1,
1778337088883841,322343773,1697,103.897964,33,-79.264,320.339,255,8,1,
1778337088884841,322353722,1707,104.510201,33,-82.682,319.474,255,8,1,
1778337088885344,322363694,1716,105.061226,33,-85.751,318.664,255,8,1,
1778337088885344,322373642,1726,105.673470,33,-89.151,317.730,255,8,1,
1778337088886347,322383621,1736,106.285721,33,-92.541,316.759,255,8,1,
1778337088886347,322393563,1745,106.836731,33,-95.583,315.854,255,8,1,
1778337088887351,322403533,1755,107.448982,33,-98.953,314.815,255,8,1,
1778337088887351,322413479,1765,108.061226,33,-102.311,313.740,255,8,1,
1778337088888351,322423454,1774,108.612244,33,-105.323,312.741,255,8,1,
1778337088888351,322433403,1784,109.224487,33,-108.659,311.598,255,8,1,
1778337088889352,322443376,1794,109.836739,33,-111.983,310.419,255,8,1,
1778337088890352,322453327,1803,110.387764,33,-114.963,309.328,255,8,1,
1778337088890352,322463309,1813,111.000000,33,-118.261,308.082,255,8,1,
1778337088891352,322473258,1822,111.551025,33,-121.219,306.930,255,8,1,
1778337088891352,322483233,1832,112.163261,33,-124.492,305.617,255,8,1,
1778337088896867,322493179,1842,112.775505,33,-127.750,304.269,255,8,1,
1778337088912426,322503156,1851,113.326530,33,-130.670,303.027,255,8,1,
1778337088915937,322513105,1861,113.938782,33,-133.901,301.613,255,8,1,
1778337089079849,322523078,1870,114.489792,33,-136.795,300.312,255,8,1,
1778337089080850,322533027,1880,115.102043,33,-139.996,298.833,255,8,1,
1778337089080850,322542999,1890,115.714287,33,-143.182,297.320,255,8,1,
1778337089081849,322552947,1899,116.265305,33,-146.034,295.929,255,8,1,
1778337089082849,322562925,1909,116.877548,33,-149.188,294.352,255,8,1,
1778337089082849,322572871,1918,117.428574,33,-152.012,292.903,255,8,1,
1778337089083850,322582845,1928,118.040825,33,-155.133,291.262,255,8,1,
1778337089084849,322592796,1938,118.653061,33,-158.237,289.588,255,8,1,
1778337089085880,322602769,1947,119.204086,33,-161.014,288.053,255,8,1,
1778337089085880,322612723,1957,119.816322,33,-164.083,286.316,255,8,1,
1778337089086880,322622700,1966,120.367348,33,-166.829,284.725,255,8,1,
1778337089086880,322632652,1976,120.979591,33,-169.862,282.926,255,8,1,
1778337089087881,322642623,1986,121.591843,34,-178.114,289.613,255,8,1,
1778337089087881,322652574,1995,122.142853,33,-175.571,279.419,255,8,1,
1778337089088881,322662545,2005,122.755104,34,-183.957,285.937,255,8,1,
1778337089089882,322672494,2014,123.306129,34,-186.698,284.155,255,8,1,
1778337089089882,322682466,2024,123.918365,34,-189.724,282.143,255,8,1,
1778337089100984,322692412,2033,124.469391,34,-192.428,280.306,255,8,1,
1778337089104489,322702386,2043,125.081635,34,-195.413,278.234,255,8,1,
1778337089117658,322712328,2052,125.632652,34,-198.079,276.341,255,8,1,
1778337089311473,322722309,2062,126.244896,34,-201.021,274.209,255,8,1,
1778337089312474,322732255,2071,126.795914,34,-203.649,272.263,255,8,1,
1778337089313474,322742225,2081,127.408165,34,-206.546,270.072,255,8,1,
1778337089314005,322752177,2090,127.959183,34,-209.134,268.073,255,8,1,
1778337089314518,322762149,2100,128.571426,34,-211.987,265.823,255,8,1,
1778337089315050,322772095,2110,129.183670,34,-214.815,263.542,255,8,1,
1778337089315050,322782064,2119,129.734695,34,-217.339,261.464,255,8,1,
1778337089316164,322792013,2128,130.285721,35,-226.310,266.990,255,8,1,
1778337089317056,322801988,2138,130.897964,34,-222.603,256.998,255,8,1,
1778337089317056,322811936,2148,131.510193,34,-225.336,254.605,255,8,1,
1778337089318058,322821915,2157,132.061218,34,-227.774,252.426,255,8,1,
1778337089318058,322831860,2166,132.612244,34,-230.191,250.224,255,8,1,
1778337089319055,322841829,2176,133.224487,35,-239.701,255.037,255,8,1,
1778337089320055,322851776,2185,133.775513,35,-242.142,252.720,255,8,1,
1778337089320559,322861749,2195,134.387756,35,-244.829,250.118,255,8,1,
1778337089321564,322871690,2204,134.938766,35,-247.223,247.752,255,8,1,
1778337089321564,322881663,2214,135.551025,35,-249.856,245.096,255,8,1,
1778337089322566,322891605,2223,136.102051,35,-252.202,242.682,255,8,1,
1778337089322566,322901579,2233,136.714279,35,-254.780,239.973,255,8,1,
1778337089323564,322911525,2242,137.265305,35,-257.076,237.512,255,8,1,
1778337089324564,322921504,2252,137.877548,35,-259.600,234.751,255,8,1,
1778337089332078,322931452,2261,138.428574,35,-261.845,232.244,255,8,1,
1778337089351863,322941433,2270,138.979599,35,-264.067,229.715,255,8,1,
1778337089352868,322951383,2280,139.591827,35,-266.506,226.880,255,8,1,
1778337089515002,322961361,2290,140.204086,35,-268.915,224.019,255,8,1,
1778337089515002,322971310,2299,140.755096,36,-278.802,227.749,255,8,1,
1778337089516009,322981289,2308,141.306122,36,-280.979,225.057,255,8,1,
1778337089517015,322991234,2318,141.918365,36,-283.368,222.042,255,8,1,
1778337089517015,323001213,2327,142.469391,36,-285.490,219.307,255,8,1,
1778337089518015,323011160,2337,143.081635,36,-287.817,216.244,255,8,1,
1778337089519017,323021133,2346,143.632660,36,-289.883,213.466,255,8,1,
1778337089519017,323031082,2356,144.244904,36,-292.148,210.356,255,8,1,
1778337089520016,323041053,2365,144.795914,36,-294.157,207.537,255,8,1,
1778337089520016,323050997,2375,145.408157,36,-296.358,204.382,255,8,1,
1778337089521015,323060969,2384,145.959183,36,-298.310,201.522,255,8,1,
1778337089522016,323070920,2394,146.571426,36,-300.446,198.323,255,8,1,
1778337089523016,323080887,2403,147.122452,36,-302.340,195.424,255,8,1,
1778337089523016,323090828,2412,147.673477,37,-312.655,197.855,255,8,1,
1778337089524523,323100798,2422,148.285706,37,-314.752,194.503,255,8,1,
1778337089524523,323110740,2431,148.836731,37,-316.608,191.467,255,8,1,
1778337089525532,323120710,2441,149.448990,37,-318.635,188.073,255,8,1,
1778337089530530,323130654,2450,150.000000,37,-320.429,185.000,255,8,1,
1778337089540056,323140624,2460,150.612244,37,-322.388,181.566,255,8,1,
1778337089550074,323150573,2469,151.163269,37,-324.119,178.457,255,8,1,
1778337089563094,323160546,2478,151.714279,37,-325.820,175.331,255,8,1,
1778337089569610,323170499,2488,152.326538,37,-327.675,171.840,255,8,1,
1778337089712902,323180475,2497,152.877563,38,-338.213,173.240,255,8,1,
1778337089713902,323190426,2507,153.489792,38,-340.045,169.616,255,8,1,
1778337089713902,323200399,2516,154.040817,38,-341.660,166.338,255,8,1,
1778337089714903,323210347,2526,154.653061,38,-343.418,162.677,255,8,1,
1778337089715408,323220325,2535,155.204086,39,-354.045,163.561,255,8,1,
1778337089715923,323230272,2544,155.755112,39,-355.601,160.149,255,8,1,
1778337089715923,323240246,2554,156.367340,39,-357.292,156.340,255,8,1,
1778337089716928,323250198,2563,156.918365,39,-358.779,152.896,255,8,1,
1778337089717929,323260172,2572,157.469391,39,-360.233,149.439,255,8,1,
1778337089717929,323270125,2582,158.081635,39,-361.809,145.581,255,8,1,
1778337089718928,323280097,2591,158.632660,39,-363.193,142.095,255,8,1,
1778337089718928,323290048,2601,159.244888,39,-364.690,138.206,255,8,1,
1778337089719929,323300022,2610,159.795914,40,-375.387,138.146,255,8,1,
1778337089719929,323309959,2619,160.346939,40,-376.699,134.530,255,8,1,
1778337089720928,323319935,2629,160.959183,40,-378.115,130.497,255,8,1,
1778337089734579,323329880,2638,161.510208,40,-379.352,126.854,255,8,1,
1778337089737586,323339852,2647,162.061218,40,-380.554,123.200,255,8,1,
1778337089903448,323349793,2657,162.673462,41,-391.395,122.105,255,8,1,
1778337089903448,323359769,2666,163.224487,41,-392.552,118.335,255,8,1,
1778337089904448,323369719,2676,163.836731,41,-393.794,114.134,255,8,1,
1778337089904448,323379693,2685,164.387756,42,-404.504,113.033,255,8,1,
1778337089905786,323389645,2694,164.938782,42,-405.572,109.137,255,8,1,
1778337089905786,323399623,2704,165.551010,42,-406.715,104.798,255,8,1,
1778337089906788,323409574,2713,166.102036,46,-446.534,110.489,255,8,1,
1778337089907786,323419545,2722,166.653061,51,-496.225,117.732,255,8,1,
1778337089907786,323429494,2732,167.265305,52,-507.209,114.627,255,8,1,
1778337089908786,323439462,2741,167.816330,52,-508.288,109.744,255,8,1,
1778337089908786,323449417,2750,168.367340,52,-509.319,104.851,255,8,1,
1778337089909786,323459388,2760,168.979599,53,-520.226,101.314,255,8,1,
1778337089909786,323469338,2769,169.530609,53,-521.177,96.306,255,8,1,
1778337089910785,323479306,2778,170.081635,52,-512.228,89.567,255,8,1,
1778337089910785,323489263,2788,170.693878,52,-513.156,84.089,255,8,1,
1778337089911784,323499251,2797,171.244888,53,-523.824,80.672,255,8,1,
1778337089911784,323509204,2806,171.795914,53,-524.576,75.631,255,8,1,
1778337089916061,323519175,2816,172.408173,52,-515.442,68.700,255,8,1,
1778337089926575,323529129,2825,172.959183,53,-526.003,64.965,255,8,1,
1778337089935662,323539101,2834,173.510208,53,-526.604,59.904,255,8,1,
1778337090101562,323549048,2843,174.061218,52,-517.209,53.802,255,8,1,
1778337090101562,323559028,2853,174.673462,53,-527.711,49.201,255,8,1,
1778337090102563,323568982,2862,175.224487,54,-538.125,44.956,255,8,1,
1778337090102563,323578952,2871,175.775513,55,-548.506,40.515,255,8,1,
1778337090103563,323588908,2881,176.387756,54,-538.927,34.022,255,8,1,
1778337090104563,323598883,2890,176.938766,54,-539.229,28.838,255,8,1,
1778337090105068,323608836,2899,177.489792,50,-499.520,21.899,255,8,1,
1778337090106075,323618812,2908,178.040817,50,-499.708,17.094,255,8,1,
1778337090106075,323628758,2918,178.653061,54,-539.851,12.693,255,8,1,
1778337090107081,323638743,2927,179.204086,56,-559.946,7.779,255,8,1,
1778337090108080,323648687,2936,179.755096,56,-559.995,2.394,255,8,1,
1778337090108080,323658663,2946,180.367355,55,-549.989,-3.526,255,8,1,
1778337090109080,323668617,2955,180.918365,55,-549.929,-8.815,255,8,1,
1778337090109080,323678598,2964,181.469376,55,-549.819,-14.103,255,8,1,
1778337090110080,323688552,2973,182.020416,55,-549.658,-19.391,255,8,1,
1778337090110080,323698521,2982,182.571426,56,-559.436,-25.124,255,8,1,
1778337090111080,323708475,2992,183.183670,56,-559.136,-31.101,255,8,1,
1778337090120591,323718450,3001,183.734680,56,-558.811,-36.476,255,8,1,
1778337090124591,323728405,3010,184.285721,55,-548.462,-41.102,255,8,1,
1778337090301641,323738385,3020,184.897949,55,-547.992,-46.960,255,8,1,
1778337090302628,323748335,3029,185.448990,54,-537.560,-51.278,255,8,1,
1778337090302628,323758307,3038,186.000000,54,-537.042,-56.445,255,8,1,
1778337090303629,323768249,3047,186.551025,54,-536.474,-61.608,255,8,1,
1778337090304628,323778229,3056,187.102036,55,-545.780,-68.000,255,8,1,
1778337090305699,323788173,3066,187.714294,68,-673.846,-91.279,255,8,1,
1778337090305699,323798142,3075,188.265305,67,-663.041,-96.317,255,8,1,
1778337090306699,323808086,3084,188.816330,65,-642.320,-99.624,255,8,1,
1778337090306699,323818057,3093,189.367340,65,-641.332,-105.796,255,8,1,
1778337090307699,323827998,3102,189.918365,66,-650.136,-113.682,255,8,1,
1778337090308699,323837978,3111,190.469391,69,-678.513,-125.380,255,8,1,
1778337090309699,323847924,3120,191.020401,76,-745.985,-145.280,255,8,1,
1778337090310699,323857905,3130,191.632660,79,-773.774,-159.293,255,8,1,
1778337090311700,323867852,3139,192.183670,80,-781.981,-168.837,255,8,1,
1778337090312699,323877829,3148,192.734695,80,-780.321,-176.350,255,8,1,
1778337090312699,323887777,3157,193.285706,80,-778.589,-183.846,255,8,1,
1778337090313699,323897747,3166,193.836746,80,-776.785,-191.325,255,8,1,
1778337090315486,323907688,3175,194.387756,80,-774.909,-198.786,255,8,1,
1778337090316490,323917658,3184,194.938766,80,-772.962,-206.229,255,8,1,
1778337090322002,323927603,3193,195.489807,80,-770.942,-213.654,255,8,1,
1778337090337033,323937581,3202,196.040817,80,-768.852,-221.058,255,8,1,
1778337090342542,323947524,3211,196.591843,80,-766.691,-228.442,255,8,1,
1778337090543896,323957495,3220,197.142853,80,-764.458,-235.804,255,8,1,
1778337090544896,323967440,3230,197.755112,81,-771.419,-247.009,255,8,1,
1778337090544896,323977414,3239,198.306122,87,-825.971,-273.262,255,8,1,
1778337090546069,323987335,3248,198.857147,103,-974.717,-332.906,255,8,1,
1778337090547069,323997316,3257,199.408157,138,-1301.582,-458.568,255,8,0,distance_jump
1778337090547069,324007264,3266,199.959183,222,-2086.658,-757.798,255,8,0,distance_jump
1778337090547069,324017234,3275,200.510208,247,-2313.426,-865.424,255,8,1,
1778337090548574,324027189,3284,201.061218,250,-2332.992,-898.413,255,8,1,
1778337090549580,324037152,3292,201.551010,251,-2334.528,-921.997,255,8,1,
1778337090550580,324047103,3301,202.102051,248,-2297.758,-933.118,255,8,1,
1778337090550580,324057078,3310,202.653061,238,-2196.392,-916.657,255,8,1,
1778337090551580,324067023,3319,203.204086,226,-2077.182,-890.457,255,8,1,
1778337090552580,324076994,3328,203.755096,219,-2004.454,-882.194,255,8,1,
1778337090553580,324086944,3337,204.306107,214,-1950.309,-880.849,255,8,1,
1778337090554580,324096916,3346,204.857147,211,-1914.527,-886.954,255,8,1,
1778337090554580,324106864,3355,205.408157,209,-1887.843,-896.743,255,8,1,
1778337090556081,324116838,3363,205.897949,209,-1880.108,-912.848,255,8,1,
1778337090557086,324126791,3372,206.448990,209,-1871.242,-930.888,255,8,1,
1778337090557086,324136769,3381,207.000000,208,-1853.294,-944.300,255,8,1,
1778337090558086,324146717,3390,207.551025,208,-1844.126,-962.080,255,8,1,
1778337090559086,324156697,3399,208.102036,204,-1799.505,-960.928,255,8,0,unstable_angle_bin
1778337090559086,324166638,3408,208.653046,172,-1509.368,-824.748,255,8,1,
1778337090575803,324176612,3416,209.142868,120,-1048.090,-584.387,255,8,1,
1778337090758664,324186582,3425,209.693878,87,-755.755,-430.968,255,8,1,
1778337090759654,324196562,3434,210.244888,83,-717.021,-418.068,255,8,1,
1778337090759654,324206516,3443,210.795929,82,-704.377,-419.825,255,8,1,
1778337090760651,324216492,3452,211.346939,79,-674.686,-410.973,255,8,1,
1778337090761652,324226440,3460,211.836731,78,-662.653,-411.450,255,8,1,
1778337090761652,324236415,3470,212.448975,77,-649.780,-413.142,255,8,1,
1778337090762651,324246364,3478,212.938766,77,-646.224,-418.682,255,8,1,
1778337090762651,324256333,3487,213.489807,77,-642.168,-424.877,255,8,1,
1778337090763650,324266285,3496,214.040817,76,-629.766,-425.435,255,8,1,
1778337090764651,324276254,3505,214.591827,75,-617.413,-425.795,255,8,1,
1778337090764651,324286193,3514,215.142853,75,-613.290,-431.713,255,8,1,
1778337090765828,324296165,3523,215.693878,75,-609.109,-437.591,255,8,1,
1778337090765828,324306112,3532,216.244904,75,-604.873,-443.428,255,8,1,
1778337090766832,324316086,3541,216.795914,75,-600.581,-449.225,255,8,1,
1778337090766832,324326034,3550,217.346924,75,-596.233,-454.980,255,8,1,
1778337090767832,324336006,3559,217.897964,75,-591.829,-460.693,255,8,1,
1778337090768832,324345952,3568,218.448975,75,-587.372,-466.363,255,8,1,
1778337090768832,324355918,3576,218.938766,75,-583.364,-471.367,255,8,1,
1778337090769831,324365862,3585,219.489792,76,-586.521,-483.315,255,8,1,
1778337090770831,324375824,3594,220.040817,76,-581.846,-488.933,255,8,1,
1778337090777268,324385769,3603,220.591843,76,-577.117,-494.506,255,8,1,
1778337090788765,324395747,3612,221.142853,76,-572.334,-500.033,255,8,1,
1778337090950651,324405689,3621,221.693893,76,-567.499,-505.515,255,8,1,
1778337090951652,324415658,3630,222.244904,76,-562.611,-510.949,255,8,1,
1778337090952652,324425605,3639,222.795914,77,-565.009,-523.130,255,8,1,
1778337090953651,324435583,3648,223.346939,77,-559.952,-528.539,255,8,1,
1778337090953651,324445532,3657,223.897949,77,-554.843,-533.900,255,8,1,
1778337090954651,324455507,3666,224.448990,77,-549.683,-539.211,255,8,1,
1778337090955154,324465450,3674,224.938782,79,-559.211,-558.017,255,8,1,
1778337090955154,324475423,3683,225.489792,83,-581.860,-591.894,255,8,1,
1778337090956157,324485373,3692,226.040833,86,-596.965,-619.058,255,8,1,
1778337090956157,324495348,3701,226.591843,87,-597.856,-632.035,255,8,1,
1778337090957159,324505292,3710,227.142853,85,-578.147,-623.094,255,8,1,
1778337090958159,324515263,3719,227.693878,83,-558.666,-613.834,255,8,1,
1778337090958159,324525213,3727,228.183670,81,-540.063,-603.682,255,8,1,
1778337090959159,324535187,3736,228.734680,81,-534.233,-608.847,255,8,1,
1778337090959159,324545139,3745,229.285721,80,-521.830,-606.377,255,8,1,
1778337090960159,324555111,3754,229.836731,80,-515.974,-611.368,255,8,1,
1778337090960159,324565068,3763,230.387756,80,-510.071,-616.302,255,8,1,
1778337090965666,324575053,3772,230.938782,81,-510.422,-628.943,255,8,1,
1778337090976178,324584996,3780,231.428574,82,-511.262,-641.102,255,8,1,
1778337090990696,324594985,3789,231.979599,83,-511.232,-653.867,255,8,1,
1778337090995199,324604936,3798,232.530609,83,-504.920,-658.753,255,8,1,
1778337091005712,324614909,3807,233.081619,83,-498.562,-663.578,255,8,1,
1778337091190161,324624862,3816,233.632660,83,-492.157,-668.343,255,8,1,
1778337091191160,324634844,3825,234.183670,83,-485.707,-673.045,255,8,1,
1778337091191160,324644796,3833,234.673462,84,-485.718,-685.331,255,8,1,
1778337091192161,324654772,3842,235.224487,84,-479.105,-689.970,255,8,1,
1778337091192161,324664721,3851,235.775513,84,-472.447,-694.546,255,8,1,
1778337091193161,324674700,3860,236.326538,84,-465.746,-699.057,255,8,1,
1778337091193161,324684650,3868,236.816330,85,-465.226,-711.382,255,8,1,
1778337091193161,324694622,3877,237.367340,86,-463.756,-724.245,255,8,1,
1778337091193161,324704579,3886,237.918381,87,-462.080,-737.144,255,8,1,
1778337091194664,324714558,3895,238.469391,89,-465.429,-758.601,255,8,1,
1778337091194664,324724512,3904,239.020401,91,-468.407,-780.189,255,8,1,
1778337091195668,324734489,3912,239.510208,91,-461.720,-784.165,255,8,1,
1778337091195668,324744439,3921,240.061218,92,-459.148,-797.234,255,8,1,
1778337091196668,324754411,3930,240.612244,93,-456.367,-810.326,255,8,1,
1778337091196668,324764372,3939,241.163269,94,-453.376,-823.438,255,8,1,
1778337091197668,324774352,3948,241.714279,94,-445.437,-827.760,255,8,1,
1778337091198668,324784301,3956,242.204071,95,-443.008,-840.383,255,8,1,
1778337091199669,324794279,3965,242.755112,95,-434.905,-844.605,255,8,1,
1778337091200668,324804228,3974,243.306122,96,-431.255,-857.683,255,8,1,
1778337091202681,324814200,3983,243.857147,96,-422.986,-861.790,255,8,1,
1778337091220025,324824156,3992,244.408157,96,-414.679,-865.818,255,8,1,
1778337091224530,324834134,4000,244.897949,96,-407.263,-869.331,255,8,1,
1778337091421148,324844083,4009,245.448990,97,-403.038,-882.304,255,8,1,
1778337091422149,324854064,4018,246.000000,98,-398.602,-895.275,255,8,1,
1778337091423149,324863988,4026,246.489792,100,-398.912,-916.989,255,8,1,
1778337091423149,324873967,4035,247.040802,101,-393.976,-929.991,255,8,1,
1778337091423149,324883913,4044,247.591843,101,-385.014,-933.737,255,8,1,
1778337091424653,324893886,4053,248.142853,102,-379.740,-946.677,255,8,1,
1778337091424653,324903835,4061,248.632645,103,-375.277,-959.201,255,8,1,
1778337091425738,324913812,4070,249.183670,105,-373.142,-981.461,255,8,1,
1778337091426661,324923760,4079,249.734680,106,-367.150,-994.385,255,8,1,
1778337091426661,324933735,4087,250.224487,107,-362.019,-1006.897,255,8,0,unstable_angle_bin
1778337091427658,324943680,4096,250.775513,108,-355.612,-1019.775,255,8,0,unstable_angle_bin
1778337091427658,324953663,4105,251.326523,110,-352.192,-1042.094,255,8,0,unstable_angle_bin
1778337091428657,324963609,4114,251.877563,130,-404.363,-1235.512,255,8,0,unstable_angle_bin
1778337091428657,324973582,4122,252.367355,184,-557.360,-1753.554,255,8,1,
1778337091428657,324983538,4131,252.918365,224,-657.964,-2141.187,255,8,1,
1778337091429658,324993505,4139,253.408157,246,-702.458,-2357.574,255,8,1,
1778337091429658,325003458,4148,253.959183,261,-721.201,-2508.380,255,8,1,
1778337091430657,325013424,4156,254.448975,272,-729.222,-2620.426,255,8,1,
1778337091430657,325023377,4165,255.000000,276,-714.341,-2665.955,255,8,1,
1778337091431657,325033344,4173,255.489792,277,-694.030,-2681.645,255,8,1,
1778337091431657,325043299,4182,256.040833,278,-670.620,-2697.901,255,8,1,
1778337091440174,325053267,4190,256.530609,276,-642.875,-2684.085,255,8,1,
1778337091450187,325063223,4199,257.081635,273,-610.326,-2660.903,255,8,1,
1778337091466517,325073188,4207,257.571442,271,-583.252,-2646.491,255,8,1,
1778337091470515,325083144,4216,258.122437,272,-559.833,-2661.764,255,8,1,
1778337091670013,325093113,4224,258.612244,270,-533.109,-2646.846,255,8,1,
1778337091671012,325103069,4233,259.163269,265,-498.229,-2602.742,255,8,1,
1778337091671012,325113035,4241,259.653076,262,-470.573,-2577.394,255,8,1,
1778337091672012,325122993,4250,260.204071,257,-437.258,-2532.529,255,8,1,
1778337091672012,325132964,4258,260.693878,244,-394.571,-2407.886,255,8,1,
1778337091672012,325142907,4267,261.244904,201,-305.945,-1986.579,255,8,1,
1778337091673013,325152884,4275,261.734711,184,-264.512,-1820.888,255,8,1,
1778337091673013,325162825,4284,262.285706,180,-241.620,-1783.710,255,8,1,
1778337091673013,325172800,4292,262.775513,175,-220.075,-1736.107,255,8,1,
1778337091674516,325182741,4301,263.326538,168,-195.234,-1668.617,255,8,1,
1778337091675522,325194677,4311,263.938751,195,-205.904,-1939.099,255,8,1,
1778337091675522,325204652,4319,264.428589,135,-131.067,-1343.623,255,8,1,
1778337091676520,325214588,4328,264.979584,134,-117.264,-1334.859,255,8,1,
1778337091676520,325224565,4336,265.469391,134,-105.849,-1335.813,255,8,1,
1778337091677520,325234494,4345,266.020416,134,-92.997,-1336.769,255,8,1,
1778337091677520,325244471,4354,266.571442,134,-80.137,-1337.602,255,8,1,
1778337091678521,325254401,4362,267.061218,133,-68.188,-1328.251,255,8,1,
1778337091678521,325264378,4370,267.551025,129,-55.121,-1288.822,255,8,1,
1778337091679522,325274310,4379,268.102051,126,-41.730,-1259.309,255,8,1,
1778337091679522,325284274,4388,268.653046,114,-26.798,-1139.685,255,8,1,
1778337091680521,325294217,4396,269.142853,110,-16.455,-1099.877,255,8,1,
1778337091690030,325304187,4405,269.693878,113,-6.037,-1129.984,255,8,1,
1778337091699827,325314126,4413,270.183685,106,3.398,-1059.995,255,8,1,
1778337091713018,325324091,4422,270.734680,100,12.822,-999.918,255,8,1,
1778337091720530,325334044,4430,271.224487,98,20.942,-979.776,255,8,1,
1778337091729636,325344017,4439,271.775513,93,28.815,-929.554,255,8,1,
1778337091886963,325353957,4447,272.265320,81,32.017,-809.367,255,8,1,
1778337091887963,325363925,4456,272.816315,78,38.325,-779.058,255,8,1,
1778337091888963,325373867,4464,273.306122,77,44.406,-768.718,255,8,1,
1778337091889964,325383841,4473,273.857147,73,49.106,-728.346,255,8,1,
1778337091890963,325393780,4481,274.346924,69,52.299,-688.015,255,8,1,
1778337091891962,325403745,4490,274.897949,70,59.767,-697.444,255,8,1,
1778337091893963,325413686,4498,275.387756,69,64.788,-686.952,255,8,1,
1778337091893963,325423658,4507,275.938782,69,71.391,-686.297,255,8,1,
1778337091894963,325433607,4515,276.428558,72,80.614,-715.473,255,8,1,
1778337091895467,325443581,4524,276.979614,80,97.213,-794.072,255,8,1,
1778337091896473,325454521,4532,277.469391,82,106.597,-813.042,255,8,1,
1778337091897472,325463505,4541,278.020416,80,111.621,-792.175,255,8,1,
1778337091897472,325473450,4550,278.571442,73,108.801,-721.846,255,8,1,
1778337091899472,325483430,4558,279.061218,71,111.818,-701.140,255,8,1,
1778337091900472,325493378,4567,279.612244,73,121.895,-719.751,255,8,1,
1778337091900472,325503344,4575,280.102051,82,143.830,-807.287,255,8,1,
1778337091902473,325513290,4584,280.653076,85,157.133,-835.350,255,8,1,
1778337091914512,325523260,4592,281.142853,84,162.335,-824.165,255,8,1,
1778337091917538,325533204,4601,281.693878,85,172.280,-832.358,255,8,1,
1778337092082264,325543175,4609,282.183655,84,177.279,-821.080,255,8,1,
1778337092083264,325553119,4618,282.734711,84,185.167,-819.337,255,8,1,
1778337092083264,325563091,4626,283.224487,85,194.452,-827.459,255,8,1,
1778337092083264,325573038,4634,283.714294,85,201.518,-825.767,255,8,1,
1778337092084769,325583011,4643,284.265289,85,209.450,-823.790,255,8,1,
1778337092085776,325592961,4651,284.755096,85,216.485,-821.970,255,8,1,
1778337092085776,325602934,4660,285.306122,83,219.100,-800.559,255,8,1,
1778337092086775,325612880,4668,285.795929,83,225.936,-798.657,255,8,1,
1778337092087775,325622850,4677,286.346954,83,233.606,-796.447,255,8,1,
1778337092087775,325632801,4685,286.836731,83,240.406,-794.421,255,8,1,
1778337092088775,325642766,4694,287.387756,83,248.035,-792.072,255,8,1,
1778337092088775,325652722,4702,287.877533,83,254.796,-789.923,255,8,1,
1778337092089775,325662695,4711,288.428589,83,262.382,-787.436,255,8,1,
1778337092089775,325672641,4719,288.918365,83,269.103,-785.165,255,8,1,
1778337092090775,325682608,4728,289.469391,84,279.975,-791.969,255,8,1,
1778337092091775,325692560,4736,289.959167,84,286.734,-789.546,255,8,1,
1778337092091775,325702533,4745,290.510223,83,290.811,-777.386,255,8,1,
1778337092095967,325712478,4753,291.000000,80,286.694,-746.864,255,8,1,
1778337092105650,325722451,4762,291.551025,73,268.151,-678.966,255,8,1,
1778337092115767,325732392,4770,292.040802,72,270.192,-667.380,255,8,1,
1778337092131120,325742369,4779,292.591827,75,288.123,-692.449,255,8,1,
1778337092135633,325752322,4787,293.081635,83,325.395,-763.556,255,8,1,
1778337092357578,325762299,4795,293.571411,83,331.910,-760.747,255,8,1,
1778337092358579,325772248,4804,294.122467,83,339.211,-757.519,255,8,1,
1778337092359579,325782213,4812,294.612244,83,345.674,-754.592,255,8,1,
1778337092360579,325792164,4821,295.163269,84,357.167,-760.284,255,8,1,
1778337092361579,325802131,4829,295.653046,83,359.324,-748.189,255,8,1,
1778337092362578,325812087,4838,296.204102,80,353.256,-717.781,255,8,1,
1778337092363580,325822056,4846,296.693878,77,345.902,-687.933,255,8,1,
1778337092363580,325832005,4854,297.183685,74,338.065,-658.264,255,8,1,
1778337092364579,325841978,4863,297.734680,74,344.380,-654.983,255,8,1,
1778337092364579,325851920,4871,298.224487,75,354.696,-660.826,255,8,1,
1778337092365925,325861889,4880,298.775513,72,346.593,-631.089,255,8,1,
1778337092366926,325871978,4888,299.265289,63,307.978,-549.590,255,8,1,
1778337092367928,325881797,4897,299.816345,63,313.250,-546.603,255,8,1,
1778337092368925,325891733,4905,300.306122,74,373.419,-638.873,255,8,1,
1778337092369570,325901701,4913,300.795929,84,430.065,-721.557,255,8,1,
1778337092369570,325911642,4922,301.346924,84,436.984,-717.388,255,8,1,
1778337092370576,325921611,4930,301.836731,90,474.750,-764.599,255,8,1,
1778337092371577,325931556,4938,302.326538,93,497.312,-785.863,255,8,1,
1778337092372577,325941526,4946,302.816345,94,509.431,-789.987,255,8,1,
1778337092372577,325951469,4954,303.306122,93,510.674,-777.246,255,8,1,
1778337092373576,325961441,4963,303.857147,94,523.697,-780.603,255,8,1,
1778337092374576,325971384,4971,304.346924,94,530.350,-776.098,255,8,1,
1778337092375082,325981358,4979,304.836731,94,536.965,-771.536,255,8,1,
1778337092376088,325991309,4987,305.326538,95,549.324,-775.076,255,8,1,
1778337092384599,326001279,4996,305.877563,96,562.613,-777.860,255,8,1,
1778337092392612,326011226,5004,306.367340,96,569.242,-773.023,255,8,1,
1778337092409761,326021201,5012,306.857147,95,569.831,-760.127,255,8,1,
1778337092412759,326031147,5021,307.408173,94,571.040,-746.668,255,8,1,
1778337092573887,326041116,5029,307.897949,93,571.259,-733.869,255,8,1,
1778337092573887,326051070,5037,308.387756,91,565.092,-713.282,255,8,1,
1778337092574887,326061041,5046,308.938751,89,559.355,-692.258,255,8,1,
1778337092575930,326070994,5054,309.428589,88,558.902,-679.727,255,8,1,
1778337092575930,326080964,5062,309.918365,87,558.275,-667.255,255,8,1,
1778337092576929,326090914,5070,310.408173,86,557.477,-654.843,255,8,1,
1778337092577929,326100885,5078,310.897949,85,556.507,-642.495,255,8,1,
1778337092578930,326110828,5087,311.448975,83,549.421,-622.123,255,8,1,
1778337092578930,326120807,5095,311.938782,82,548.036,-609.965,255,8,1,
1778337092579930,326130758,5103,312.428589,81,546.483,-597.876,255,8,1,
1778337092580930,326140732,5111,312.918365,80,544.765,-585.860,255,8,1,
1778337092580930,326150685,5120,313.469391,79,543.494,-573.336,255,8,1,
1778337092581929,326160659,5128,313.959167,78,541.434,-561.471,255,8,1,
1778337092581929,326170605,5136,314.448975,77,539.211,-549.683,255,8,1,
1778337092582928,326180575,5144,314.938782,77,543.890,-545.054,255,8,1,
1778337092583928,326190523,5152,315.428589,76,541.406,-533.366,255,8,1,
1778337092583928,326200495,5160,315.918365,75,538.762,-521.762,255,8,1,
1778337092594952,326210442,5168,316.408173,74,535.960,-510.242,255,8,1,
1778337092600959,326220417,5177,316.959198,74,540.842,-505.064,255,8,1,
1778337092773734,326230365,5185,317.448975,73,537.773,-493.660,255,8,1,
1778337092773734,326240337,5193,317.938782,73,541.974,-489.045,255,8,1,
1778337092774733,326250283,5201,318.428558,72,538.653,-477.758,255,8,1,
1778337092775948,326260257,5209,318.918365,71,535.180,-466.565,255,8,1,
1778337092776954,326270207,5218,319.469391,71,539.642,-461.396,255,8,1,
1778337092776954,326280324,5226,319.959198,70,535.911,-450.333,255,8,1,
1778337092777954,326290125,5234,320.448975,69,532.030,-439.368,255,8,1,
1778337092778954,326300101,5242,320.938782,68,528.002,-428.502,255,8,1,
1778337092779956,326310048,5250,321.428558,67,523.827,-417.738,255,8,1,
1778337092779956,326320033,5258,321.918365,67,527.379,-413.245,255,8,1,
1778337092780953,326329982,5266,322.408142,67,530.892,-408.722,255,8,1,
1778337092781954,326339953,5274,322.897980,66,526.391,-398.136,255,8,1,
1778337092782953,326349907,5283,323.448975,65,522.162,-387.100,255,8,1,
1778337092782953,326359884,5291,323.938782,65,525.453,-382.622,255,8,1,
1778337092784463,326369832,5299,324.428558,64,520.570,-372.299,255,8,1,
1778337092784463,326379810,5307,324.918365,64,523.734,-367.836,255,8,1,
1778337092785469,326389764,5315,325.408173,64,526.859,-363.345,255,8,1,
1778337092785469,326399738,5323,325.897980,63,521.666,-353.221,255,8,1,
1778337092796538,326409680,5331,326.387756,63,524.666,-348.749,255,8,1,
1778337092799015,326419660,5339,326.877563,63,527.628,-344.251,255,8,1,
1778337092978845,326429609,5347,327.367340,62,522.130,-334.336,255,8,1,
1778337092979846,326439572,5356,327.918365,62,525.321,-329.299,255,8,1,
1778337092979846,326449527,5364,328.408173,62,528.117,-324.796,255,8,1,
1778337092980846,326459496,5372,328.897949,61,522.312,-315.104,255,8,1,
1778337092980846,326469444,5380,329.387756,61,524.986,-310.627,255,8,1,
1778337092981846,326479416,5388,329.877563,61,527.623,-306.128,255,8,1,
1778337092981846,326489363,5396,330.367340,60,521.528,-296.662,255,8,1,
1778337092982847,326499331,5404,330.857147,60,524.045,-292.193,255,8,1,
1778337092983845,326509281,5412,331.346954,60,526.524,-287.703,255,8,1,
1778337092983845,326519257,5420,331.836731,60,528.964,-283.191,255,8,1,
1778337092984846,326529205,5428,332.326538,59,522.509,-274.015,255,8,1,
1778337092984846,326539178,5436,332.816315,59,524.832,-269.538,255,8,1,
1778337092986028,326549124,5444,333.306122,59,527.117,-265.042,255,8,1,
1778337092986028,326559095,5452,333.795898,58,520.392,-256.111,255,8,1,
1778337092987030,326569039,5460,334.285706,58,522.562,-251.653,255,8,1,
1778337092988029,326579015,5468,334.775513,58,524.694,-247.176,255,8,1,
1778337092988029,326588963,5476,335.265320,58,526.788,-242.682,255,8,1,
1778337092989028,326598929,5484,335.755096,58,528.843,-238.170,255,8,1,
1778337092989028,326608882,5492,336.244904,58,530.860,-233.640,255,8,1,
1778337092996535,326618852,5500,336.734680,57,523.651,-225.144,255,8,1,
1778337093012962,326628806,5509,337.285736,57,525.792,-220.097,255,8,1,
1778337093016473,326638774,5517,337.775513,56,518.397,-211.812,255,8,1,
1778337093171114,326648736,5525,338.265320,52,483.032,-192.561,255,8,1,
1778337093172113,326658713,5533,338.755096,47,438.059,-170.307,255,8,1,
1778337093172113,326668665,5541,339.244904,45,420.797,-159.468,255,8,1,
1778337093173113,326678641,5549,339.734680,44,412.763,-152.402,255,8,1,
1778337093173113,326688589,5557,340.224487,44,414.051,-148.868,255,8,1,
1778337093174618,326698563,5565,340.714294,44,415.309,-145.323,255,8,1,
1778337093174618,326708508,5573,341.204102,44,416.536,-141.767,255,8,1,
1778337093175673,326718494,5581,341.693878,44,417.732,-138.201,255,8,1,
1778337093176624,326728446,5589,342.183685,44,418.899,-134.625,255,8,1,
1778337093176624,326738419,5597,342.673462,44,420.034,-131.040,255,8,1,
1778337093177624,326748373,5605,343.163269,39,373.282,-112.962,255,8,1,
1778337093178623,326758348,5613,343.653046,39,374.234,-109.767,255,8,1,
1778337093178623,326768293,5621,344.142853,39,375.159,-106.564,255,8,1,
1778337093179624,326778267,5629,344.632660,39,376.056,-103.353,255,8,1,
1778337093179624,326788209,5637,345.122437,39,376.926,-100.134,255,8,1,
1778337093180624,326798192,5645,345.612244,39,377.768,-96.908,255,8,1,
1778337093185127,326808144,5653,346.102051,39,378.583,-93.675,255,8,1,
1778337093198331,326818116,5661,346.591827,39,379.370,-90.436,255,8,1,
1778337093204837,326828061,5669,347.081635,38,370.382,-84.954,255,8,1,
1778337093356558,326838037,5677,347.571442,39,380.860,-83.937,255,8,1,
1778337093356558,326847984,5685,348.061218,39,381.564,-80.678,255,8,1,
1778337093357558,326857960,5693,348.551025,38,372.439,-75.428,255,8,1,
1778337093358559,326867906,5701,349.040802,40,392.705,-76.044,255,8,1,
1778337093359558,326877877,5709,349.530609,43,422.841,-78.135,255,8,1,
1778337093359558,326887826,5717,350.020416,44,433.343,-76.251,255,8,1,
1778337093360558,326897800,5725,350.510193,45,443.842,-74.192,255,8,1,
1778337093360558,326907746,5733,351.000000,49,483.967,-76.653,255,8,1,
1778337093361558,326917726,5741,351.489807,52,514.275,-76.952,255,8,1,
1778337093362558,326927673,5748,351.918365,52,514.836,-73.104,255,8,1,
1778337093362558,326937650,5756,352.408173,52,515.442,-68.700,255,8,1,
1778337093363557,326947601,5764,352.897949,49,486.240,-60.582,255,8,1,
1778337093363557,326957582,5772,353.387756,47,466.874,-54.120,255,8,1,
1778337093364557,326967529,5780,353.877533,48,477.262,-51.194,255,8,1,
1778337093364557,326977507,5788,354.367340,47,467.731,-46.131,255,8,1,
1778337093364557,326987464,5796,354.857147,47,468.108,-42.130,255,8,1,
1778337093373204,326997443,5804,355.346954,47,468.451,-38.127,255,8,1,
1778337093384811,327007397,5812,355.836731,47,468.760,-34.121,255,8,1,
1778337093392822,327017374,5819,356.265320,47,469.002,-30.614,255,8,1,
1778337093402837,327027327,5827,356.755096,46,459.262,-26.038,255,8,1,
1778337093540949,327037302,5835,357.244904,46,459.468,-22.111,255,8,1,
1778337093541949,327047253,5843,357.734680,47,469.633,-18.578,255,8,1,
1778337093542947,327057227,5851,358.224487,47,469.774,-14.562,255,8,1,
1778337093542947,327067178,5859,358.714264,47,469.882,-10.546,255,8,1,
1778337093542947,327077156,5866,359.142853,47,469.947,-7.031,255,8,1,
1778337093544453,327087116,5874,359.632629,46,459.991,-2.949,255,8,1,
1778337093545459,327097088,2,0.122449,46,459.999,0.983,255,8,1,
1778337093545459,327107043,10,0.612245,46,459.974,4.915,255,8,1,
1778337093546459,327117013,18,1.102041,46,459.915,8.847,255,8,1,
1778337093546459,327126970,26,1.591837,46,459.822,12.778,255,8,1,
1778337093547459,327136948,34,2.081633,46,459.696,16.709,255,8,1,
1778337093548459,327146894,41,2.510204,46,459.559,20.147,255,8,1,
1778337093548459,327156865,49,3.000000,46,459.370,24.075,255,8,1,
1778337093549460,327166808,57,3.489796,46,459.147,28.001,255,8,1,
1778337093550965,327176786,65,3.979592,46,458.891,31.925,255,8,1,
1778337093561087,327186728,73,4.469388,46,458.601,35.846,255,8,1,
1778337093573600,327196703,81,4.959184,46,458.278,39.765,255,8,1,
1778337093580628,327206652,88,5.387755,46,457.968,43.192,255,8,1,
1778337093591062,327216623,96,5.877551,45,447.634,46.081,255,8,1,
1778337093805081,327226571,104,6.367347,45,447.224,49.906,255,8,1,
1778337093806085,327236541,112,6.857143,46,456.710,54.921,255,8,1,
1778337093807086,327246485,120,7.346939,45,446.306,57.545,255,8,1,
1778337093808086,327256456,127,7.775510,45,445.863,60.881,255,8,1,
1778337093808086,327266401,135,8.265306,45,445.326,64.691,255,8,1,
1778337093809086,327276372,143,8.755102,45,444.757,68.495,255,8,1,
1778337093809086,327286317,151,9.244898,46,454.025,73.901,255,8,1,
1778337093810592,327296285,158,9.673470,46,453.459,77.295,255,8,1,
1778337093810592,327306226,166,10.163265,46,452.782,81.169,255,8,1,
1778337093811597,327316197,169,10.346938,44,432.845,79.028,255,8,1,
1778337093812597,327326141,171,10.469388,43,422.841,78.135,255,8,1,
1778337093813597,327336107,172,10.530612,43,422.758,78.587,255,8,1,
1778337093814253,327346049,172,10.530612,43,422.758,78.587,255,8,1,
1778337093814767,327356019,172,10.530612,42,412.926,76.760,255,8,1,
1778337093815773,327365964,172,10.530612,42,412.926,76.760,255,8,1,
1778337093815773,327375935,172,10.530612,43,422.758,78.587,255,8,1,
1778337093816773,327385876,172,10.530612,43,422.758,78.587,255,8,1,
1778337093817779,327395838,172,10.530612,43,422.758,78.587,255,8,1,
1778337093818779,327405787,172,10.530612,43,422.758,78.587,255,8,1,
1778337093819778,327415756,170,10.408163,44,432.760,79.490,255,8,1,
1778337093819778,327425698,169,10.346938,44,432.845,79.028,255,8,1,
1778337093820779,327435683,167,10.224489,44,433.013,78.102,255,8,1,
1778337093821778,327445627,165,10.102040,44,433.179,77.177,255,8,1,
1778337093828246,327455598,162,9.918367,44,433.424,75.788,255,8,1,
1778337093838388,327465544,158,9.673470,44,433.744,73.934,255,8,1,
1778337093851802,327475510,155,9.489796,44,433.979,72.544,255,8,1,
1778337093858191,327485454,151,9.244898,44,434.285,70.688,255,8,1,
1778337094007990,327495426,147,9.000000,44,434.583,68.831,255,8,1,
1778337094008988,327505368,143,8.755102,44,434.873,66.973,255,8,1,
1778337094009988,327515342,139,8.510204,43,425.265,63.634,255,8,1,
1778337094010987,327525287,135,8.265306,44,435.430,63.253,255,8,1,
1778337094011987,327535262,131,8.020409,43,425.794,59.996,255,8,1,
1778337094012986,327545206,127,7.775510,43,426.046,58.176,255,8,1,
1778337094012986,327555174,122,7.469388,43,426.351,55.898,255,8,1,
1778337094014490,327565115,118,7.224490,44,436.507,55.333,255,8,1,
1778337094015495,327575087,113,6.918367,44,436.796,53.000,255,8,1,
1778337094016497,327585025,109,6.673470,44,437.019,51.133,255,8,1,
1778337094016497,327594994,104,6.367347,44,437.286,48.797,255,8,1,
1778337094017503,327604938,100,6.122449,44,437.490,46.928,255,8,1,
1778337094018502,327614904,95,5.816327,44,437.735,44.590,255,8,1,
1778337094019503,327624846,90,5.510204,44,437.967,42.250,255,8,1,
1778337094019503,327634822,85,5.204082,44,438.186,39.910,255,8,1,
1778337094020502,327644765,81,4.959184,44,438.353,38.036,255,8,1,
1778337094026019,327654732,76,4.653061,44,438.550,35.694,255,8,1,
1778337094039530,327664681,71,4.346939,44,438.734,33.350,255,8,1,
1778337094211876,327674656,66,4.040816,44,438.906,31.006,255,8,1,
1778337094211876,327684602,60,3.673469,44,439.096,28.191,255,8,1,
1778337094213874,327694573,55,3.367347,44,439.240,25.844,255,8,1,
1778337094213874,327704523,50,3.061225,44,439.372,23.497,255,8,1,
1778337094214876,327714498,45,2.755102,45,449.480,21.630,255,8,1,
1778337094215381,327724450,40,2.448980,44,439.598,18.801,255,8,1,
1778337094215381,327734427,34,2.081633,44,439.710,15.982,255,8,1,
1778337094216985,327744379,29,1.775510,44,439.789,13.633,255,8,1,
1778337094217490,327754359,24,1.469388,44,439.855,11.283,255,8,1,
1778337094217490,327764317,18,1.102041,44,439.919,8.463,255,8,1,
1778337094218494,327774297,12,0.734694,45,449.963,5.770,255,8,1,
1778337094219494,327784250,7,0.428571,45,449.987,3.366,255,8,1,
1778337094219494,327794227,1,0.061224,45,450.000,0.481,255,8,1,
1778337094220495,327804186,5876,359.755096,45,449.996,-1.923,255,8,1,
1778337094221119,327814153,5870,359.387756,44,439.975,-4.702,255,8,1,
1778337094222126,327824113,5864,359.020416,45,449.934,-7.693,255,8,1,
1778337094222126,327834090,5858,358.653046,45,449.876,-10.578,255,8,1,
1778337094223126,327844041,5852,358.285706,45,449.799,-13.462,255,8,1,
1778337094224652,327854008,5846,357.918365,45,449.703,-16.346,255,8,1,
1778337094234661,327863953,5840,357.551025,45,449.589,-19.228,255,8,1,
1778337094383636,327873936,5834,357.183685,44,439.469,-21.619,255,8,1,
1778337094385145,327883884,5828,356.816315,44,439.321,-24.436,255,8,1,
1778337094385145,327893859,5822,356.448975,45,449.136,-27.872,255,8,1,
1778337094386153,327903803,5816,356.081635,45,448.948,-30.751,255,8,1,
1778337094386153,327913778,5810,355.714294,45,448.742,-33.628,255,8,1,
1778337094387160,327923720,5804,355.346954,45,448.517,-36.505,255,8,1,
1778337094388159,327933705,5797,354.918365,45,448.231,-39.859,255,8,1,
1778337094388159,327943652,5791,354.551025,45,447.967,-42.732,255,8,1,
1778337094389159,327953626,5785,354.183685,46,457.632,-46.616,255,8,1,
1778337094389159,327963576,5778,353.755096,46,457.270,-50.038,255,8,1,
1778337094390160,327973548,5772,353.387756,46,456.940,-52.969,255,8,1,
1778337094390160,327983498,5765,352.959167,46,456.531,-56.385,255,8,1,
1778337094391159,327993471,5759,352.591858,46,456.160,-59.311,255,8,1,
1778337094392159,328003413,5752,352.163269,46,455.704,-62.721,255,8,1,
1778337094392159,328013388,5745,351.734711,46,455.222,-66.128,255,8,1,
1778337094393158,328023335,5739,351.367340,45,444.902,-67.545,255,8,1,
1778337094402671,328033313,5732,350.938782,45,444.384,-70.870,255,8,1,
1778337094418611,328043262,5725,350.510193,50,493.157,-82.436,255,8,1,
1778337094422613,328053235,5718,350.081635,49,482.677,-84.400,255,8,1,
1778337094561446,328063182,5711,349.653076,44,432.845,-79.027,255,8,1,
1778337094562446,328073160,5704,349.224487,42,412.594,-78.524,255,8,1,
1778337094563447,328083109,5697,348.795929,42,411.995,-81.608,255,8,1,
1778337094563447,328093083,5690,348.367340,42,411.373,-84.687,255,8,1,
1778337094564952,328103028,5683,347.938782,42,410.728,-87.762,255,8,1,
1778337094564952,328113003,5676,347.510193,42,410.060,-90.832,255,8,1,
1778337094565958,328122956,5669,347.081635,42,409.370,-93.896,255,8,1,
1778337094565958,328132929,5661,346.591827,42,408.552,-97.392,255,8,1,
1778337094566964,328142884,5654,346.163269,42,407.812,-100.446,255,8,1,
1778337094566964,328152856,5647,345.734711,42,407.049,-103.493,255,8,1,
1778337094567963,328162811,5640,345.306122,42,406.264,-106.535,255,8,1,
1778337094567963,328172787,5632,344.816345,42,405.338,-110.004,255,8,1,
1778337094568964,328182735,5625,344.387756,41,394.873,-110.342,255,8,1,
1778337094568964,328192711,5617,343.897980,38,365.092,-105.392,255,8,1,
1778337094570964,328202663,5610,343.469391,38,364.294,-108.120,255,8,1,
1778337094758929,328212639,5602,342.979584,39,372.918,-114.158,255,8,1,
1778337094759930,328222587,5594,342.489777,39,371.929,-117.342,255,8,1,
1778337094760929,328232566,5586,342.000000,38,361.401,-117.426,255,8,1,
1778337094760929,328242517,5579,341.571411,38,360.513,-120.127,255,8,1,
1778337094761929,328252490,5571,341.081635,38,359.473,-123.204,255,8,1,
1778337094762929,328262443,5563,340.591827,39,367.838,-129.595,255,8,1,
1778337094763929,328272413,5555,340.102051,39,366.717,-132.735,255,8,1,
1778337094763929,328282362,5547,339.612244,39,365.569,-135.865,255,8,1,
1778337094764929,328292346,5539,339.122467,38,355.051,-135.421,255,8,1,
1778337094765991,328302294,5531,338.632629,38,353.880,-138.452,255,8,1,
1778337094766931,328312274,5523,338.142853,42,389.808,-156.363,255,8,1,
1778337094767484,328322225,5515,337.653046,45,416.204,-171.096,255,8,1,
1778337094768490,328332196,5506,337.102051,50,460.600,-194.545,255,8,1,
1778337094770490,328342144,5498,336.612244,54,495.633,-214.354,255,8,1,
1778337094771490,328352113,5490,336.122437,56,512.071,-226.679,255,8,1,
1778337094772491,328362068,5482,335.632660,56,510.115,-231.048,255,8,1,
1778337094773490,328372041,5473,335.081635,56,507.869,-235.943,255,8,1,
1778337094773490,328381984,5465,334.591827,57,514.866,-244.566,255,8,1,
1778337094774489,328391963,5456,334.040802,57,512.490,-249.507,255,8,1,
1778337094775558,328401913,5448,333.551025,57,510.339,-253.878,255,8,1,
1778337094778548,328411891,5439,333.000000,57,507.874,-258.775,255,8,1,
1778337094789067,328421843,5431,332.510223,58,514.514,-267.722,255,8,1,
1778337094939034,328431818,5422,331.959167,58,511.915,-272.658,255,8,1,
1778337094940034,328441772,5413,331.408173,58,509.270,-277.569,255,8,1,
1778337094941034,328451745,5405,330.918365,59,515.618,-286.773,255,8,1,
1778337094942034,328461702,5396,330.367340,59,512.836,-291.718,255,8,1,
1778337094942034,328471687,5387,329.816315,59,510.007,-296.637,255,8,1,
1778337094943034,328481638,5378,329.265289,60,515.726,-306.638,255,8,1,
1778337094943034,328491616,5369,328.714294,60,512.753,-311.584,255,8,1,
1778337094943034,328501570,5360,328.163269,61,518.228,-321.775,255,8,1,
1778337094944540,328511548,5351,327.612244,61,515.110,-326.744,255,8,1,
1778337094944540,328521502,5342,327.061218,62,520.336,-337.120,255,8,1,
1778337094945545,328531473,5333,326.510193,62,517.070,-342.109,255,8,1,
1778337094945545,328541431,5323,325.897980,62,513.385,-347.614,255,8,1,
1778337094946566,328551408,5314,325.346924,63,518.244,-358.222,255,8,1,
1778337094947545,328561352,5305,324.795929,63,514.775,-363.189,255,8,1,
1778337094947545,328571337,5296,324.244873,63,511.259,-368.123,255,8,1,
1778337094948547,328581291,5286,323.632660,64,515.348,-379.494,255,8,1,
1778337094956777,328591265,5277,323.081635,64,511.675,-384.433,255,8,1,
1778337095094788,328601222,5267,322.469391,65,515.468,-395.970,255,8,1,
1778337095094788,328611191,5258,321.918365,66,519.508,-407.077,255,8,1,
1778337095095791,328621141,5248,321.306122,66,515.128,-412.605,255,8,1,
1778337095096794,328631115,5238,320.693878,67,518.428,-424.421,255,8,1,
1778337095097794,328641061,5229,320.142853,67,514.322,-429.387,255,8,1,
1778337095097794,328651037,5219,319.530609,68,517.312,-441.348,255,8,1,
1778337095098794,328660991,5209,318.918365,69,520.104,-453.422,255,8,1,
1778337095098794,328670960,5200,318.367340,69,515.719,-458.403,255,8,1,
1778337095099794,328680917,5190,317.755096,70,518.195,-470.611,255,8,1,
1778337095100794,328690889,5180,317.142853,71,520.467,-482.923,255,8,1,
1778337095100794,328700843,5170,316.530609,71,515.277,-488.457,255,8,1,
1778337095100794,328710814,5161,315.979584,72,517.746,-500.339,255,8,1,
1778337095102794,328720762,5151,315.367371,73,519.487,-512.868,255,8,1,
1778337095103794,328730730,5141,314.755096,74,521.018,-525.491,255,8,1,
1778337095105296,328740679,5132,314.204102,74,515.940,-530.477,255,8,1,
1778337095115806,328750649,5122,313.591827,75,517.137,-543.203,255,8,1,
1778337095125316,328760597,5112,312.979584,76,518.121,-556.013,255,8,1,
1778337095269752,328770573,5102,312.367340,77,518.889,-568.906,255,8,1,
1778337095270753,328780516,5093,311.816315,78,520.061,-581.323,255,8,1,
1778337095271753,328790490,5083,311.204071,80,526.994,-601.894,255,8,1,
1778337095271753,328800440,5073,310.591858,81,527.040,-615.085,255,8,1,
1778337095272753,328810417,5064,310.040802,82,527.533,-627.781,255,8,1,
1778337095273753,328820365,5054,309.428589,83,527.146,-641.106,255,8,1,
1778337095273753,328830347,5044,308.816315,85,532.802,-662.286,255,8,1,
1778337095275258,328840293,5034,308.204071,86,531.879,-675.799,255,8,1,
1778337095275258,328850265,5025,307.653076,87,531.465,-688.800,255,8,1,
1778337095276264,328860219,5015,307.040802,89,536.121,-710.404,255,8,1,
1778337095276264,328870195,5005,306.428558,90,534.438,-724.138,255,8,1,
1778337095277265,328880145,4996,305.877563,93,545.031,-753.552,255,8,1,
1778337095277265,328890122,4986,305.265289,94,542.721,-767.498,255,8,1,
1778337095278265,328900081,4976,304.653076,94,534.490,-773.253,255,8,1,
1778337095278265,328910060,4966,304.040802,94,526.196,-778.921,255,8,1,
1778337095283266,328920012,4957,303.489807,94,518.681,-783.945,255,8,1,
1778337095473385,328929989,4947,302.877563,93,504.846,-781.044,255,8,1,
1778337095473385,328939938,4938,302.326538,93,497.312,-785.863,255,8,1,
1778337095474889,328949920,4928,301.714294,93,488.886,-791.132,255,8,1,
1778337095475895,328959878,4918,301.102051,92,475.239,-787.749,255,8,1,
1778337095476893,328969857,4908,300.489777,92,466.794,-792.782,255,8,1,
1778337095477893,328979812,4899,299.938782,92,459.148,-797.234,255,8,1,
1778337095478893,328989788,4889,299.326508,92,450.603,-802.095,255,8,1,
1778337095479893,328999741,4880,298.775513,77,370.662,-674.915,255,8,1,
1778337095480893,329009716,4870,298.163269,69,325.670,-608.308,255,8,1,
1778337095481893,329019669,4861,297.612244,73,338.344,-646.856,255,8,1,
1778337095481893,329029645,4851,297.000000,79,358.652,-703.895,255,8,1,
1778337095482893,329039594,4842,296.448975,79,351.867,-707.312,255,8,1,
1778337095483893,329049574,4832,295.836731,79,344.288,-711.031,255,8,1,
1778337095485396,329059528,4822,295.224487,81,345.194,-732.762,255,8,1,
1778337095486400,329069507,4813,294.673462,84,350.655,-763.309,255,8,1,
1778337095487404,329079460,4803,294.061218,86,350.633,-785.275,255,8,1,
1778337095488405,329089448,4794,293.510193,85,339.075,-779.441,255,8,1,
1778337095489405,329099404,4784,292.897949,85,330.727,-783.019,255,8,1,
1778337095490404,329109390,4774,292.285736,85,322.342,-786.509,255,8,1,
1778337095491404,329119346,4765,291.734680,85,314.763,-789.572,255,8,1,
1778337095493404,329131309,4753,291.000000,77,275.943,-718.857,255,8,1,
1778337095706957,329141286,4744,290.448975,72,251.549,-674.628,255,8,1,
1778337095707952,329151233,4734,289.836731,75,254.506,-705.498,255,8,1,
1778337095708945,329161220,4724,289.224487,82,270.002,-774.273,255,8,1,
1778337095709944,329171173,4715,288.673462,84,268.946,-795.781,255,8,1,
1778337095710944,329181145,4705,288.061218,84,260.428,-798.610,255,8,1,
1778337095711944,329191105,4696,287.510223,84,252.736,-801.077,255,8,1,
1778337095711944,329201089,4686,286.897949,83,241.254,-794.164,255,8,1,
1778337095712945,329211043,4676,286.285706,83,232.755,-796.696,255,8,1,
1778337095712945,329221021,4667,285.734711,83,225.082,-798.898,255,8,1,
1778337095713946,329230981,4657,285.122437,82,213.924,-791.604,255,8,1,
1778337095714945,329240959,4647,284.510223,82,205.453,-793.844,255,8,1,
1778337095716170,329250917,4638,283.959167,83,200.221,-805.488,255,8,1,
1778337095717170,329260889,4628,283.346924,83,191.603,-807.582,255,8,1,
1778337095718171,329270855,4618,282.734711,83,182.963,-809.583,255,8,1,
1778337095719170,329280831,4609,282.183655,84,177.279,-821.080,255,8,1,
1778337095720172,329290785,4599,281.571442,84,168.495,-822.927,255,8,1,
1778337095720172,329300757,4590,281.020416,83,158.662,-814.694,255,8,1,
1778337095721170,329310715,4580,280.408173,84,151.754,-826.178,255,8,1,
1778337095722170,329320685,4570,279.795929,83,141.216,-817.899,255,8,1,
1778337095723172,329330643,4561,279.244873,84,134.950,-829.089,255,8,1,
1778337095724677,329340623,4551,278.632660,80,120.079,-790.937,255,8,1,
1778337095724677,329350578,4541,278.020416,71,99.063,-703.055,255,8,1,
1778337095725684,329360555,4532,277.469391,70,90.998,-694.060,255,8,1,
1778337095730690,329370507,4522,276.857147,74,88.352,-734.707,255,8,1,
1778337095740861,329380635,4512,276.244904,82,89.198,-815.134,255,8,1,
1778337095891759,329390446,4503,275.693878,87,86.316,-865.708,255,8,1,
1778337095891759,329400427,4493,275.081635,82,72.632,-816.777,255,8,1,
1778337095892758,329410379,4484,274.530609,72,56.874,-717.750,255,8,1,
1778337095892758,329420363,4474,273.918365,70,47.835,-698.364,255,8,1,
1778337095893760,329430314,4465,273.367340,69,40.529,-688.809,255,8,1,
1778337095894758,329440291,4455,272.755096,70,33.647,-699.191,255,8,1,
1778337095894758,329450238,4446,272.204102,72,27.691,-719.467,255,8,1,
1778337095895785,329460219,4436,271.591827,71,19.723,-709.726,255,8,1,
1778337095895785,329470166,4427,271.040833,72,13.079,-719.881,255,8,1,
1778337095896785,329480152,4417,270.428589,87,6.508,-869.976,255,8,1,
1778337095896785,329490088,4408,269.877533,100,-2.137,-999.998,255,8,1,
1778337095897784,329500075,4398,269.265320,104,-13.335,-1039.915,255,8,1,
1778337095897784,329510034,4389,268.714264,111,-24.907,-1109.721,255,8,1,
1778337095898786,329520029,4379,268.102051,120,-39.743,-1199.342,255,8,1,
1778337095898786,329529982,4370,267.551025,121,-51.703,-1208.895,255,8,1,
1778337095899786,329539982,4360,266.938782,124,-66.220,-1238.231,255,8,1,
1778337095910841,329549926,4351,266.387756,131,-82.535,-1307.397,255,8,1,
1778337096098641,329559916,4341,265.775513,134,-98.710,-1336.359,255,8,1,
1778337096099641,329569867,4332,265.224487,136,-113.223,-1355.279,255,8,1,
1778337096100642,329579853,4322,264.612244,137,-128.637,-1363.947,255,8,1,
1778337096100642,329589800,4313,264.061218,137,-141.748,-1362.647,255,8,1,
1778337096101642,329599792,4304,263.510223,136,-153.715,-1351.285,255,8,1,
1778337096102642,329609743,4294,262.897949,136,-168.146,-1349.565,255,8,1,
1778337096103641,329619719,4285,262.346924,148,-197.098,-1466.817,255,8,1,
1778337096103641,329629673,4275,261.734711,163,-234.323,-1613.069,255,8,1,
1778337096105145,329639653,4266,261.183655,172,-263.621,-1699.678,255,8,1,
1778337096105145,329649607,4257,260.632660,181,-294.602,-1785.864,255,8,1,
1778337096106149,329659592,4247,260.020416,184,-318.867,-1812.160,255,8,1,
1778337096107152,329669545,4238,259.469391,197,-360.039,-1936.820,255,8,1,
1778337096108152,329679519,4228,258.857147,223,-430.961,-2187.961,255,8,1,
1778337096109152,329689483,4219,258.306122,244,-494.546,-2389.357,255,8,1,
1778337096110152,329699463,4210,257.755096,255,-540.831,-2491.987,255,8,1,
1778337096110152,329709425,4200,257.142853,262,-583.005,-2554.311,255,8,1,
1778337096111154,329719401,4191,256.591827,266,-616.819,-2587.496,255,8,1,
1778337096111154,329729368,4182,256.040833,270,-651.322,-2620.263,255,8,1,
1778337096112153,329739339,4172,255.428574,271,-681.800,-2622.832,255,8,1,
1778337096113154,329749301,4163,254.877548,271,-706.992,-2616.154,255,8,1,
1778337096116663,329759273,4154,254.326523,273,-737.523,-2628.490,247,8,1,
1778337096127180,329769235,4144,253.714294,272,-762.762,-2610.861,238,8,1,
1778337096145193,329779210,4135,253.163254,275,-796.526,-2632.118,241,8,1,
1778337096147197,329789177,4125,252.551025,277,-830.602,-2642.537,232,8,1,
1778337096156930,329799150,4116,252.000000,278,-859.067,-2643.937,228,8,1,
1778337096334630,329809116,4107,251.448990,279,-887.635,-2645.034,237,8,1,
1778337096335714,329819091,4097,250.836731,279,-915.849,-2635.398,232,8,1,
1778337096336715,329829049,4088,250.285721,279,-941.150,-2626.468,222,8,1,
1778337096336715,329839022,4079,249.734680,274,-949.048,-2570.391,239,8,1,
1778337096336715,329848985,4069,249.122452,272,-969.332,-2541.416,234,8,1,
1778337096338221,329858967,4060,248.571426,244,-891.432,-2271.332,255,8,0,distance_jump
1778337096338878,329868916,4051,248.020416,130,-486.559,-1205.512,255,8,0,distance_jump
1778337096338878,329878893,4041,247.408157,116,-445.630,-1070.987,255,8,1,
1778337096339883,329888844,4032,246.857147,114,-448.048,-1048.262,255,8,1,
1778337096340882,329898828,4023,246.306122,112,-450.072,-1025.590,255,8,1,
1778337096340882,329908779,4014,245.755112,110,-451.701,-1002.979,255,8,1,
1778337096341884,329918760,4004,245.142853,108,-453.986,-979.947,255,8,1,
1778337096341884,329928711,3995,244.591843,107,-459.098,-966.503,255,8,1,
1778337096342883,329938687,3986,244.040802,107,-468.372,-962.043,255,8,1,
1778337096342883,329948636,3976,243.428574,107,-478.625,-956.984,255,8,1,
1778337096343883,329958612,3967,242.877548,105,-478.688,-934.536,255,8,1,
1778337096343883,329968563,3958,242.326538,102,-473.721,-903.321,255,8,1,
1778337096344883,329978541,3948,241.714279,101,-478.607,-889.401,255,8,1,
1778337096344883,329988490,3939,241.163269,100,-482.315,-875.998,255,8,1,
1778337096360012,329998468,3930,240.612244,100,-490.718,-871.319,255,8,1,
1778337096366523,330008420,3920,240.000000,100,-500.000,-866.025,255,8,1,
1778337096374642,330018401,3911,239.448975,100,-508.305,-861.177,255,8,1,
1778337096522927,330028354,3902,238.897964,99,-511.398,-847.686,255,8,1,
1778337096523928,330038356,3892,238.285706,99,-520.427,-842.173,255,8,1,
1778337096524928,330048300,3883,237.734695,98,-523.164,-828.674,255,8,1,
1778337096525433,330058280,3874,237.183670,97,-525.689,-815.200,255,8,1,
1778337096525433,330068225,3864,236.571442,97,-534.370,-809.536,255,8,1,
1778337096526196,330078204,3855,236.020401,96,-536.542,-796.067,255,8,1,
1778337096527252,330088161,3846,235.469391,95,-538.504,-782.632,255,8,1,
1778337096527252,330098136,3836,234.857147,93,-535.324,-760.479,255,8,1,
1778337096528201,330108086,3827,234.306122,91,-530.944,-739.053,255,8,1,
1778337096528201,330118063,3818,233.755096,90,-532.114,-725.847,255,8,1,
1778337096529201,330128012,3809,233.204086,90,-539.070,-720.697,255,8,1,
1778337096529201,330137990,3799,232.591827,89,-540.665,-706.952,255,8,1,
1778337096530200,330147936,3790,232.040817,89,-547.439,-701.720,255,8,1,
1778337096531202,330157908,3781,231.489792,89,-554.162,-696.423,255,8,1,
1778337096531202,330167860,3771,230.877563,89,-561.572,-690.461,255,8,1,
1778337096532201,330177835,3762,230.326523,89,-568.186,-685.029,255,8,1,
1778337096542207,330187790,3753,229.775513,88,-568.290,-671.898,255,8,1,
1778337096555420,330197770,3743,229.163254,88,-575.437,-665.787,255,8,1,
1778337096564897,330207716,3734,228.612244,88,-581.813,-660.222,255,8,1,
1778337096572653,330217693,3725,228.061218,88,-588.136,-654.596,255,8,1,
1778337096714822,330227647,3715,227.448990,86,-581.572,-633.541,255,8,1,
1778337096715831,330237620,3706,226.897949,85,-580.805,-620.617,255,8,1,
1778337096716834,330247572,3697,226.346939,85,-586.746,-615.003,255,8,1,
1778337096717837,330257547,3687,225.734695,86,-600.264,-615.859,255,8,1,
1778337096717837,330267500,3678,225.183685,86,-606.159,-610.058,255,8,1,
1778337096718837,330277469,3668,224.571426,87,-619.767,-610.564,255,8,1,
1778337096719557,330287424,3659,224.020416,90,-647.183,-625.423,255,8,1,
1778337096720063,330297400,3650,223.469376,92,-667.683,-632.929,255,8,1,
1778337096721069,330307351,3640,222.857147,92,-674.408,-625.759,255,8,1,
1778337096721069,330317328,3631,222.306122,90,-665.603,-605.782,255,8,1,
1778337096722069,330327274,3621,221.693893,85,-634.703,-565.378,255,8,1,
1778337096723069,330337255,3612,221.142853,83,-625.049,-546.089,255,8,1,
1778337096723069,330347209,3603,220.591843,82,-622.678,-533.546,255,8,1,
1778337096723069,330357184,3593,219.979584,82,-628.344,-526.862,255,8,1,
1778337096724574,330367140,3584,219.428574,82,-633.382,-520.795,255,8,1,
1778337096731225,330377118,3574,218.816330,82,-638.911,-513.997,255,8,1,
1778337096741155,330387070,3565,218.265320,81,-635.973,-501.636,255,8,1,
1778337096753054,330397044,3556,217.714279,81,-640.768,-495.497,255,8,1,
1778337096760757,330406998,3546,217.102036,81,-646.026,-488.621,255,8,1,
1778337096770180,330416978,3537,216.551025,81,-650.695,-482.386,255,8,1,
1778337096943356,330426926,3528,216.000015,80,-647.213,-470.228,255,8,1,
1778337096943356,330436903,3518,215.387756,80,-652.201,-463.286,255,8,1,
1778337096944868,330446852,3509,214.836746,80,-656.626,-456.992,255,8,1,
1778337096944868,330456831,3500,214.285706,80,-660.991,-450.656,255,8,1,
1778337096946358,330466783,3490,213.673462,80,-665.769,-443.567,255,8,1,
1778337096946358,330476760,3481,213.122452,80,-670.004,-437.144,255,8,1,
1778337096947363,330486713,3472,212.571442,80,-674.177,-430.681,255,8,1,
1778337096948364,330496688,3462,211.959183,80,-678.740,-423.452,255,8,1,
1778337096949157,330506638,3453,211.408157,80,-682.781,-416.905,255,8,1,
1778337096949157,330516618,3444,210.857147,80,-686.759,-410.319,255,8,1,
1778337096950162,330526567,3434,210.244888,80,-691.104,-402.958,255,8,1,
1778337096951161,330536545,3425,209.693878,81,-703.634,-401.246,255,8,1,
1778337096952252,330546497,3416,209.142868,81,-707.461,-394.461,255,8,1,
1778337096952767,330556481,3406,208.530609,82,-720.421,-391.655,255,8,1,
1778337096953700,330566435,3397,207.979584,82,-724.154,-384.709,255,8,0,unstable_angle_bin
1778337096954204,330576413,3388,207.428574,83,-736.696,-382.333,255,8,0,unstable_angle_bin
1778337096954715,330586370,3378,206.816315,83,-740.740,-374.439,255,8,0,unstable_angle_bin
1778337096954715,330596349,3369,206.265305,84,-753.274,-371.724,255,8,0,unstable_angle_bin
1778337096958085,330606310,3360,205.714294,96,-864.930,-416.529,255,8,0,unstable_angle_bin
1778337096969224,330616280,3351,205.163269,139,-1258.089,-591.027,255,8,1,
1778337097129279,330626241,3341,204.551010,185,-1682.745,-768.681,255,8,1,
1778337097130279,330636226,3332,204.000000,205,-1872.768,-833.810,255,8,1,
1778337097130279,330646179,3323,203.448990,208,-1908.223,-827.700,255,8,1,
1778337097131280,330656161,3313,202.836731,209,-1926.174,-811.143,255,8,1,
1778337097131280,330666119,3304,202.285721,209,-1933.886,-792.581,255,8,1,
1778337097132280,330676105,3295,201.734695,211,-1959.997,-781.353,255,8,1,
1778337097133279,330686057,3286,201.183685,212,-1976.745,-766.081,255,8,1,
1778337097133279,330696039,3276,200.571426,215,-2012.905,-755.456,255,8,1,
1778337097133279,330705994,3267,200.020416,219,-2057.660,-749.757,255,8,1,
1778337097134782,330715968,3258,199.469376,225,-2121.344,-749.932,255,8,1,
1778337097134782,330725914,3249,198.918365,238,-2251.436,-771.645,255,8,1,
1778337097135785,330735885,3240,198.367340,250,-2372.639,-787.770,255,8,1,
1778337097136785,330745846,3230,197.755112,255,-2428.540,-777.621,255,8,0,unstable_angle_bin
1778337097136785,330755815,3221,197.204071,254,-2426.354,-751.271,255,8,0,unstable_angle_bin
1778337097137788,330765776,3212,196.653061,253,-2423.886,-725.037,255,8,0,unstable_angle_bin
1778337097137788,330775760,3203,196.102036,239,-2296.239,-662.864,255,8,0,unstable_angle_bin
1778337097138788,330785700,3194,195.551025,168,-1618.499,-450.402,255,8,1,
1778337097151301,330795681,3185,195.000000,118,-1139.792,-305.406,255,8,1,
1778337097156888,330805650,3176,194.448975,98,-949.003,-244.527,255,8,1,
1778337097333616,330815629,3167,193.897964,91,-883.360,-218.576,255,8,1,
1778337097334614,330825586,3158,193.346924,88,-856.231,-203.145,255,8,1,
1778337097335117,330835566,3148,192.734695,86,-838.845,-189.576,255,8,1,
1778337097335117,330845521,3139,192.183670,85,-830.855,-179.389,255,8,1,
1778337097336120,330855501,3130,191.632660,85,-832.541,-171.391,255,8,1,
1778337097336120,330865456,3121,191.081650,85,-834.151,-163.377,255,8,1,
1778337097337119,330875429,3112,190.530609,85,-835.684,-155.347,255,8,1,
1778337097337119,330885383,3102,189.918365,85,-837.296,-146.408,255,8,1,
1778337097338120,330895364,3093,189.367340,85,-838.665,-138.349,255,8,1,
1778337097338622,330905325,3084,188.816330,85,-839.957,-130.277,255,8,1,
1778337097338622,330915303,3075,188.265305,85,-841.171,-122.193,255,8,1,
1778337097339626,330925252,3066,187.714294,84,-832.398,-112.756,255,8,1,
1778337097339626,330935235,3056,187.102036,80,-793.862,-98.909,255,8,1,
1778337097340626,330945185,3048,186.612244,72,-715.211,-82.908,255,8,1,
1778337097340626,330955168,3038,186.000000,71,-706.111,-74.215,255,8,1,
1778337097341625,330965120,3029,185.448990,70,-696.837,-66.472,255,8,1,
1778337097341625,330975101,3020,184.897949,70,-697.444,-59.767,255,8,1,
1778337097342626,330985052,3011,184.346939,70,-697.986,-53.057,255,8,1,
1778337097344625,330995028,3002,183.795929,69,-688.486,-45.680,255,8,1,
1778337097353438,331004983,2992,183.183670,63,-629.028,-34.988,255,8,1,
1778337097367451,331018944,2980,182.448990,58,-579.470,-24.783,255,8,1,
1778337097569279,331028896,2970,181.836731,58,-579.702,-18.590,255,8,1,
1778337097570279,331038881,2961,181.285721,58,-579.854,-13.014,255,8,1,
1778337097572280,331048833,2952,180.734695,58,-579.952,-7.437,255,8,1,
1778337097573281,331058811,2943,180.183685,59,-589.997,-1.891,255,8,1,
1778337097574784,331068768,2934,179.632660,59,-589.988,3.783,255,8,1,
1778337097575789,331078748,2924,179.020401,59,-589.914,10.087,255,8,1,
1778337097576788,331088696,2915,178.469391,59,-589.789,15.759,255,8,1,
1778337097577791,331098678,2906,177.918365,58,-579.617,21.068,255,8,1,
1778337097578793,331108628,2897,177.367340,58,-579.388,26.641,255,8,1,
1778337097579793,331118612,2888,176.816330,58,-579.105,32.211,255,8,1,
1778337097579793,331128566,2879,176.265305,58,-578.768,37.779,255,8,1,
1778337097580793,331138541,2870,175.714279,58,-578.378,43.344,255,8,1,
1778337097581793,331148493,2860,175.102036,58,-577.882,49.521,255,8,1,
1778337097582793,331158472,2851,174.551010,57,-567.424,54.127,255,8,1,
1778337097583793,331168421,2842,174.000000,52,-517.151,54.355,255,8,1,
1778337097584792,331178399,2833,173.448990,52,-516.605,59.326,255,8,1,
1778337097584792,331188351,2824,172.897964,53,-525.934,65.527,255,8,1,
1778337097585930,331198323,2814,172.285706,57,-564.841,76.513,255,8,1,
1778337097586930,331208272,2805,171.734695,57,-564.079,81.941,255,8,1,
1778337097587930,331218251,2796,171.183670,55,-543.502,84.297,255,8,1,
1778337097588931,331228198,2787,170.632660,55,-542.666,89.520,255,8,1,
1778337097589931,331238170,2778,170.081635,54,-531.929,93.012,255,8,1,
1778337097599438,331248118,2769,169.530609,54,-531.010,98.124,255,8,1,
1778337097605826,331258084,2760,168.979599,54,-530.042,103.226,255,8,1,
1778337097615953,331268032,2751,168.428574,53,-519.228,106.312,255,8,1,
1778337097807175,331278002,2742,167.877548,54,-527.959,113.401,255,8,1,
1778337097807175,331287951,2733,167.326523,54,-526.844,118.473,255,8,1,
1778337097809177,331297923,2724,166.775513,53,-515.945,121.246,255,8,1,
1778337097809177,331307875,2714,166.163269,53,-514.620,126.753,255,8,1,
1778337097810176,331317846,2706,165.673477,54,-523.207,133.622,255,8,1,
1778337097810176,331327793,2696,165.061218,53,-512.087,136.627,255,8,1,
1778337097812177,331337770,2687,164.510193,53,-510.749,141.545,255,8,1,
1778337097812177,331347721,2678,163.959183,53,-509.364,146.451,255,8,1,
1778337097813176,331357699,2669,163.408173,53,-507.933,151.342,255,8,1,
1778337097813176,331367655,2660,162.857147,53,-506.454,156.220,255,8,1,
1778337097814683,331377633,2651,162.306122,51,-485.874,155.005,255,8,1,
1778337097815689,331387586,2642,161.755096,45,-427.377,140.886,255,8,1,
1778337097816688,331397564,2633,161.204071,43,-407.069,138.545,255,8,1,
1778337097817689,331407515,2624,160.653061,43,-405.718,142.454,255,8,1,
1778337097817689,331417488,2615,160.102051,42,-394.926,142.945,255,8,1,
1778337097818688,331427441,2606,159.551025,42,-393.533,146.737,255,8,1,
1778337097819689,331437413,2597,159.000000,42,-392.104,150.515,255,8,1,
1778337097820689,331447360,2588,158.448975,42,-390.638,154.278,255,8,1,
1778337097820689,331457333,2579,157.897949,41,-379.871,154.266,255,8,1,
1778337097821688,331467279,2570,157.346939,41,-378.370,157.912,255,8,1,
1778337097823689,331477250,2560,156.734695,41,-376.661,161.946,255,8,1,
1778337097833877,331487189,2552,156.244904,41,-375.263,165.160,255,8,1,
1778337097846458,331497166,2542,155.632660,41,-373.477,169.160,255,8,1,
1778337097853967,331507107,2534,155.142853,40,-362.943,168.143,255,8,1,
1778337097862975,331517075,2524,154.530609,40,-361.126,172.012,255,8,1,
1778337098079427,331527019,2515,153.979584,40,-359.455,175.477,255,8,1,
1778337098080427,331536983,2506,153.428574,40,-357.751,178.925,255,8,1,
1778337098081430,331546932,2497,152.877563,40,-356.014,182.357,255,8,1,
1778337098081430,331556909,2488,152.326538,39,-345.387,181.128,255,8,1,
1778337098082433,331566859,2479,151.775513,39,-343.630,184.442,255,8,1,
1778337098083427,331576828,2470,151.224487,39,-341.840,187.738,255,8,1,
1778337098083427,331586785,2461,150.673462,39,-340.019,191.017,255,8,1,
1778337098083427,331596757,2452,150.122452,39,-338.166,194.278,255,8,1,
1778337098084930,331606708,2443,149.571426,39,-336.282,197.521,255,8,1,
1778337098084930,331616688,2434,149.020416,38,-325.793,195.598,255,8,1,
1778337098084930,331626634,2426,148.530609,38,-324.109,198.376,255,8,1,
1778337098085936,331636618,2416,147.918365,38,-321.971,201.828,255,8,1,
1778337098086935,331646571,2407,147.367340,38,-320.015,204.915,255,8,1,
1778337098086935,331656550,2398,146.816315,38,-318.030,207.983,255,8,1,
1778337098087936,331666511,2390,146.326523,38,-316.240,210.695,255,8,1,
1778337098088935,331676492,2381,145.775513,38,-314.199,213.726,255,8,1,
1778337098088935,331686450,2372,145.224487,37,-303.915,211.034,255,8,1,
1778337098088935,331696426,2363,144.673477,37,-301.872,213.947,255,8,1,
1778337098089935,331706376,2354,144.122452,37,-299.800,216.840,255,8,1,
1778337098090935,331716358,2345,143.571426,37,-297.701,219.713,255,8,1,
1778337098090935,331726314,2336,143.020401,37,-295.574,222.566,255,8,1,
1778337098091935,331736294,2327,142.469391,37,-293.420,225.399,255,8,1,
1778337098091935,331746244,2318,141.918365,37,-291.239,228.210,255,8,1,
1778337098100455,331756226,2309,141.367355,37,-289.031,231.000,255,8,1,
1778337098110954,331766174,2300,140.816330,37,-286.796,233.769,255,8,1,
1778337098127970,331776153,2292,140.326538,37,-284.787,236.212,255,8,1,
1778337098130970,331786105,2283,139.775513,37,-282.502,238.940,255,8,1,
1778337098334890,331796082,2274,139.224487,37,-280.191,241.646,255,8,1,
1778337098334890,331806034,2265,138.673462,36,-270.345,237.726,255,8,1,
1778337098336236,331816008,2256,138.122452,36,-268.046,240.315,255,8,1,
1778337098336236,331825963,2247,137.571426,36,-265.723,242.881,255,8,1,
1778337098337236,331835936,2239,137.081635,36,-263.637,245.144,255,8,1,
1778337098337236,331845884,2230,136.530609,36,-261.267,247.668,255,8,1,
1778337098338237,331855861,2221,135.979599,36,-258.873,250.169,255,8,1,
1778337098338876,331865811,2212,135.428574,36,-256.455,252.647,255,8,1,
1778337098339881,331875784,2203,134.877548,36,-254.014,255.102,255,8,1,
1778337098339881,331885734,2194,134.326523,36,-251.549,257.533,255,8,1,
1778337098340881,331895705,2186,133.836731,36,-249.338,259.674,255,8,1,
1778337098340881,331905660,2177,133.285721,35,-239.973,254.780,255,8,1,
1778337098341881,331915628,2168,132.734695,35,-237.512,257.076,255,8,1,
1778337098341881,331925577,2159,132.183670,35,-235.028,259.349,255,8,1,
1778337098342884,331935553,2150,131.632660,35,-232.523,261.597,255,8,1,
1778337098342884,331945494,2142,131.142853,35,-230.279,263.575,255,8,1,
1778337098343881,331955467,2132,130.530609,35,-227.449,266.021,255,8,1,
1778337098344882,331965404,2124,130.040817,35,-225.167,267.955,255,8,1,
1778337098345387,331975374,2115,129.489792,35,-222.579,270.108,255,8,1,
1778337098345387,331985318,2106,128.938782,35,-219.971,272.236,255,8,1,
1778337098346392,331995296,2097,128.387756,35,-217.343,274.339,255,8,1,
1778337098348392,332005239,2088,127.836731,35,-214.695,276.417,255,8,1,
1778337098357820,332015210,2080,127.346939,35,-212.324,278.242,255,8,1,
1778337098520919,332025160,2071,126.795914,35,-209.638,280.271,255,8,1,
1778337098520919,332035133,2062,126.244896,35,-206.933,282.274,255,8,1,
1778337098521919,332045078,2053,125.693886,35,-204.209,284.251,255,8,1,
1778337098522919,332055052,2044,125.142860,35,-201.466,286.202,255,8,1,
1778337098522919,332065002,2036,124.653053,35,-199.012,287.914,255,8,1,
1778337098523919,332074978,2027,124.102043,35,-196.234,289.814,255,8,1,
1778337098523919,332084921,2018,123.551025,35,-193.438,291.688,255,8,1,
1778337098524918,332094902,2009,123.000000,34,-185.177,285.148,255,8,1,
1778337098524918,332104852,2000,122.448975,34,-182.426,286.916,255,8,1,
1778337098525976,332114828,1991,121.897957,34,-179.659,288.657,255,8,1,
1778337098525976,332124779,1983,121.408165,34,-177.185,290.182,255,8,1,
1778337098526981,332134755,1974,120.857140,34,-174.386,291.873,255,8,1,
1778337098527981,332144705,1965,120.306122,34,-171.571,293.536,255,8,1,
1778337098528981,332154680,1956,119.755104,34,-168.740,295.173,255,8,1,
1778337098528981,332164625,1948,119.265305,34,-166.210,296.604,255,8,1,
1778337098528981,332174594,1939,118.714279,34,-163.350,298.189,255,8,1,
1778337098529982,332184551,1930,118.163269,34,-160.475,299.746,255,8,1,
1778337098538491,332194524,1922,117.673470,34,-157.907,301.107,255,8,1,
1778337098546002,332204467,1913,117.122444,34,-155.004,302.612,255,8,1,
1778337098556515,332214438,1904,116.571434,34,-152.086,304.088,255,8,1,
1778337098696932,332224385,1895,116.020409,34,-149.155,305.537,255,8,1,
1778337098697932,332234359,1886,115.469391,34,-146.210,306.957,255,8,1,
1778337098698931,332244308,1878,114.979591,34,-143.580,308.196,255,8,1,
1778337098698931,332254281,1869,114.428574,34,-140.610,309.562,255,8,1,
1778337098699932,332264228,1860,113.877548,34,-137.626,310.900,255,8,1,
1778337098699932,332274198,1851,113.326530,34,-134.630,312.209,255,8,1,
1778337098700932,332284146,1843,112.836739,34,-131.956,313.349,255,8,1,
1778337098701932,332294123,1834,112.285713,34,-128.937,314.603,255,8,1,
1778337098702932,332304076,1825,111.734688,33,-122.202,306.540,255,8,1,
1778337098702932,332314052,1817,111.244896,33,-119.577,307.573,255,8,1,
1778337098703932,332324005,1808,110.693878,33,-116.614,308.709,255,8,1,
1778337098704932,332333980,1799,110.142853,33,-113.639,309.816,255,8,1,
1778337098705437,332343925,1791,109.653061,34,-114.350,320.194,255,8,1,
1778337098705437,332353899,1782,109.102036,34,-111.265,321.279,255,8,1,
1778337098706445,332363849,1773,108.551018,34,-108.171,322.334,255,8,1,
1778337098713449,332373825,1764,108.000008,33,-101.976,313.849,255,8,1,
1778337098724462,332383771,1756,107.510201,33,-99.289,314.709,255,8,1,
1778337098737751,332393742,1747,106.959175,33,-96.258,315.649,255,8,1,
1778337098743751,332403689,1738,106.408165,33,-93.218,316.560,255,8,1,
1778337098754258,332413661,1730,105.918365,33,-90.508,317.346,255,8,1,
1778337098892938,332423613,1721,105.367355,33,-87.452,318.201,255,8,1,
1778337098893938,332433592,1712,104.816330,33,-84.388,319.028,255,8,1,
1778337098894938,332443544,1704,104.326523,33,-81.658,319.737,255,8,1,
1778337098894938,332453519,1695,103.775513,33,-78.579,320.508,255,8,1,
1778337098894938,332463465,1686,103.224495,33,-75.493,321.249,255,8,1,
1778337098896185,332473437,1678,102.734688,33,-72.744,321.882,255,8,1,
1778337098896185,332483390,1669,102.183678,33,-69.645,322.567,255,8,1,
1778337098897186,332493366,1661,101.693871,33,-66.885,323.151,255,8,1,
1778337098898188,332503320,1652,101.142860,33,-63.774,323.779,255,8,1,
1778337098898188,332513297,1643,100.591843,33,-60.658,324.377,255,8,1,
1778337098899184,332523251,1635,100.102036,33,-57.883,324.884,255,8,1,
1778337098899184,332533227,1626,99.551025,33,-54.756,325.426,255,8,1,
1778337098900185,332543177,1618,99.061218,33,-51.972,325.882,255,8,1,
1778337098901186,332553157,1609,98.510208,33,-48.835,326.367,255,8,1,
1778337098902185,332563108,1600,97.959190,33,-45.694,326.821,255,8,1,
1778337098912823,332573080,1592,97.469383,33,-42.899,327.200,255,8,1,
1778337098922042,332583029,1583,96.918373,33,-39.750,327.597,255,8,1,
1778337098934552,332592998,1574,96.367348,33,-36.598,327.964,255,8,1,
1778337098941826,332602950,1566,95.877548,33,-33.793,328.265,255,8,1,
1778337099069912,332612928,1557,95.326538,33,-30.634,328.575,255,8,1,
1778337099070915,332622879,1549,94.836731,33,-27.824,328.825,255,8,1,
1778337099071913,332632855,1540,94.285721,33,-24.661,329.077,255,8,1,
1778337099074913,332642810,1532,93.795914,33,-21.847,329.276,255,8,1,
1778337099076970,332652781,1523,93.244896,33,-18.679,329.471,255,8,1,
1778337099077970,332662736,1515,92.755104,33,-15.862,329.619,255,8,1,
1778337099078970,332672715,1506,92.204079,33,-12.691,329.756,255,8,1,
1778337099079970,332682666,1498,91.714287,33,-9.872,329.852,255,8,1,
1778337099080970,332692644,1489,91.163261,33,-6.699,329.932,255,8,1,
1778337099081970,332702600,1481,90.673470,34,-3.996,339.977,255,8,1,
1778337099082970,332712580,1472,90.122452,33,-0.705,329.999,255,8,1,
1778337099082970,332722538,1463,89.571426,33,2.468,329.991,255,8,1,
1778337099084472,332732517,1455,89.081635,33,5.289,329.958,255,8,1,
1778337099085475,332742472,1446,88.530609,33,8.462,329.891,255,8,1,
1778337099091475,332752447,1438,88.040817,33,11.282,329.807,255,8,1,
1778337099101051,332762403,1429,87.489792,33,14.453,329.683,255,8,1,
1778337099110567,332772379,1421,87.000000,33,17.271,329.548,255,8,1,
1778337099126590,332782330,1412,86.448982,34,21.059,339.347,255,8,1,
1778337099130592,332792303,1404,85.959183,33,23.254,329.180,255,8,1,
1778337099140100,332802255,1396,85.469391,34,26.857,338.938,255,8,1,
1778337099334562,332812230,1387,84.918365,34,30.116,338.664,255,8,1,
1778337099335567,332822181,1379,84.428566,34,33.009,338.394,255,8,1,
1778337099336566,332832157,1370,83.877556,34,36.262,338.061,255,8,1,
1778337099336566,332842105,1362,83.387756,34,39.151,337.738,255,8,1,
1778337099338069,332852083,1354,82.897964,34,42.036,337.391,255,8,1,
1778337099338691,332862039,1345,82.346939,34,45.279,336.971,255,8,1,
1778337099339694,332872015,1337,81.857140,34,48.158,336.572,255,8,1,
1778337099340694,332881964,1328,81.306122,34,51.393,336.093,255,8,1,
1778337099341694,332891940,1320,80.816322,34,54.264,335.642,255,8,1,
1778337099342694,332901879,1312,80.326530,34,57.131,335.166,255,8,1,
1778337099342694,332911855,1304,79.836731,34,59.994,334.665,255,8,1,
1778337099343694,332921809,1295,79.285713,34,63.210,334.073,255,8,1,
1778337099344694,332931787,1287,78.795921,34,66.063,333.520,255,8,1,
1778337099345196,332941751,1278,78.244896,34,69.268,332.869,255,8,1,
1778337099345196,332951731,1270,77.755104,34,72.111,332.265,255,8,1,
1778337099346199,332961682,1262,77.265305,34,74.949,331.636,255,8,1,
1778337099346199,332971661,1254,76.775505,34,77.781,330.984,255,8,1,
1778337099347202,332981611,1245,76.224487,34,80.960,330.220,255,8,1,
1778337099348203,332991587,1237,75.734695,34,83.780,329.516,255,8,1,
1778337099348203,333001541,1229,75.244904,35,89.141,338.458,255,8,1,
1778337099349707,333011522,1220,74.693878,34,89.752,327.940,255,8,1,
1778337099358556,333021471,1212,74.204079,35,95.274,336.783,255,8,1,
1778337099371453,333031452,1204,73.714287,35,98.150,335.956,255,8,1,
1778337099377952,333041405,1196,73.224487,35,101.018,335.105,255,8,1,
1778337099387969,333051383,1187,72.673470,35,104.236,334.118,255,8,1,
1778337099575201,333061337,1179,72.183670,35,107.088,333.215,255,8,1,
1778337099575201,333071312,1171,71.693878,35,109.933,332.287,255,8,1,
1778337099576207,333081263,1162,71.142860,35,113.123,331.215,255,8,1,
1778337099576207,333091242,1154,70.653061,35,115.951,330.235,255,8,1,
1778337099577212,333101193,1146,70.163269,35,118.769,329.232,255,8,1,
1778337099578211,333111170,1138,69.673470,35,121.579,328.205,255,8,1,
1778337099578211,333121119,1129,69.122444,35,124.730,327.020,255,8,1,
1778337099579211,333131096,1121,68.632652,35,127.521,325.942,255,8,1,
1778337099579211,333141046,1112,68.081635,35,130.650,324.701,255,8,1,
1778337099580211,333151027,1104,67.591843,35,133.421,323.572,255,8,1,
1778337099580211,333160982,1096,67.102043,36,140.073,331.632,255,8,1,
1778337099581211,333170965,1088,66.612244,36,142.903,330.422,255,8,1,
1778337099582212,333180915,1080,66.122452,36,145.722,329.189,255,8,1,
1778337099582212,333190894,1071,65.571426,36,148.881,327.772,255,8,1,
1778337099583218,333200851,1063,65.081635,36,151.678,326.487,255,8,1,
1778337099583218,333210830,1055,64.591835,36,154.463,325.179,255,8,1,
1778337099584724,333220778,1047,64.102036,36,157.237,323.846,255,8,1,
1778337099584724,333230759,1038,63.551022,36,160.344,322.319,255,8,1,
1778337099585729,333240713,1030,63.061222,36,163.094,320.937,255,8,1,
1778337099585729,333250688,1022,62.571430,36,165.831,319.531,255,8,1,
1778337099602822,333260643,1014,62.081631,36,168.557,318.102,255,8,1,
1778337099604823,333270623,1006,61.591839,36,171.270,316.649,255,8,1,
1778337099795920,333280582,998,61.102039,36,173.970,315.173,255,8,1,
1778337099796919,333290560,989,60.551018,36,176.993,313.486,255,8,1,
1778337099797918,333300511,981,60.061226,36,179.667,311.961,255,8,1,
1778337099797918,333310494,973,59.571426,37,187.392,319.037,255,8,1,
1778337099798918,333320444,965,59.081635,37,190.112,317.423,255,8,1,
1778337099799918,333330424,957,58.591835,37,192.819,315.786,255,8,1,
1778337099799918,333340379,949,58.102039,37,195.511,314.126,255,8,1,
1778337099800918,333350351,940,57.551022,37,198.523,312.232,255,8,1,
1778337099800918,333360306,932,57.061222,37,201.185,310.523,255,8,1,
1778337099801918,333370283,924,56.571430,37,203.832,308.792,255,8,1,
1778337099802918,333380233,916,56.081631,37,206.464,307.038,255,8,1,
1778337099802918,333390202,908,55.591835,38,214.732,313.513,255,8,1,
1778337099803918,333400149,900,55.102043,38,217.404,311.665,255,8,1,
1778337099804918,333410132,892,54.612244,38,220.061,309.796,255,8,1,
1778337099805425,333420087,884,54.122452,38,222.701,307.903,255,8,1,
1778337099805425,333430068,876,53.632652,38,225.325,305.988,255,8,1,
1778337099805425,333440019,868,53.142860,38,227.932,304.051,255,8,1,
1778337099806428,333450000,861,52.714287,38,230.200,302.337,255,8,1,
1778337099807431,333459954,853,52.224491,38,232.776,300.358,255,8,1,
1778337099807431,333469936,845,51.734695,38,235.335,298.358,255,8,1,
1778337099819006,333479889,837,51.244896,39,244.137,304.133,255,8,1,
1778337099823006,333489870,829,50.755104,39,246.728,302.035,255,8,1,
1778337099941032,333499826,821,50.265305,39,249.301,299.915,255,8,1,
1778337099942031,333509804,813,49.775513,39,251.856,297.773,255,8,1,
1778337099942031,333519757,805,49.285713,39,254.392,295.609,255,8,1,
1778337099943033,333529737,797,48.795918,39,256.910,293.424,255,8,1,
1778337099944540,333539689,789,48.306122,40,266.060,298.684,255,8,1,
1778337099944540,333549664,781,47.816326,40,268.604,296.398,255,8,1,
1778337099945546,333559616,774,47.387756,40,270.813,294.381,255,8,1,
1778337099945546,333569592,766,46.897957,40,273.320,292.055,255,8,1,
1778337099946545,333579544,758,46.408165,40,275.807,289.708,255,8,1,
1778337099947549,333589525,750,45.918365,41,285.230,294.523,255,8,1,
1778337099947549,333599473,742,45.428574,41,287.737,292.074,255,8,1,
1778337099948550,333609456,735,45.000000,43,304.056,304.056,255,8,1,
1778337099951548,333619405,727,44.510204,45,320.907,315.466,255,8,1,
1778337099961614,333629391,719,44.020409,46,330.782,319.661,255,8,1,
1778337099971848,333639345,711,43.530613,46,333.503,316.821,255,8,1,
1778337100138745,333649320,704,43.102043,47,343.165,321.151,255,8,1,
1778337100138745,333659279,696,42.612244,47,345.898,318.206,255,8,1,
1778337100139747,333669256,688,42.122448,47,348.605,315.237,255,8,1,
1778337100139747,333679213,680,41.632652,47,351.287,312.246,255,8,1,
1778337100140747,333689195,672,41.142857,48,361.474,315.811,255,8,1,
1778337100140747,333699147,665,40.714287,48,363.826,313.098,255,8,1,
1778337100141746,333709137,657,40.224491,49,374.125,316.434,255,8,1,
1778337100142746,333719091,649,39.734695,47,361.436,300.440,255,8,1,
1778337100142746,333729069,642,39.306122,45,348.198,285.059,255,8,1,
1778337100143746,333739023,634,38.816326,45,350.622,282.072,255,8,1,
1778337100143746,333749001,626,38.326530,45,353.020,279.064,255,8,1,
1778337100144747,333758962,618,37.836735,45,355.393,276.036,255,8,1,
1778337100145251,333768939,611,37.408161,44,349.504,267.295,255,8,1,
1778337100145251,333778889,603,36.918369,45,359.771,270.304,255,8,1,
1778337100146265,333788861,596,36.489796,44,353.744,261.659,255,8,1,
1778337100147256,333798810,588,36.000000,44,355.967,258.626,255,8,1,
1778337100148256,333808784,580,35.510204,44,358.165,255.573,255,8,1,
1778337100150256,333818728,573,35.081635,44,360.067,252.887,255,8,1,
1778337100160009,333828709,565,34.591835,44,362.216,249.800,255,8,1,
1778337100169526,333838661,557,34.102039,44,364.338,246.694,255,8,1,
1778337100185752,333848639,550,33.673470,43,357.851,238.417,255,8,1,
1778337100189758,333858586,542,33.183674,44,368.245,240.823,255,8,1,
1778337100199964,333868560,534,32.693878,44,370.290,237.666,255,8,1,
1778337100351147,333878504,527,32.265305,43,363.602,229.551,255,8,1,
1778337100351673,333888479,519,31.775511,44,374.052,231.701,255,8,1,
1778337100352679,333898425,511,31.285715,44,376.019,228.495,255,8,1,
1778337100352679,333908402,504,30.857143,43,369.133,220.547,255,8,1,
1778337100352679,333918358,496,30.367348,43,371.005,217.383,255,8,1,
1778337100354785,333928332,488,29.877550,43,372.850,214.204,255,8,1,
1778337100355791,333938280,481,29.448978,43,374.441,211.409,255,8,1,
1778337100356791,333948255,473,28.959183,44,384.985,213.042,255,8,1,
1778337100356791,333958201,466,28.530611,44,386.567,210.156,255,8,1,
1778337100357792,333968175,458,28.040815,44,388.350,206.844,255,8,1,
1778337100358790,333978124,451,27.612246,43,381.025,199.299,255,8,1,
1778337100358790,333988096,443,27.122450,43,382.715,196.034,255,8,1,
1778337100359791,333998050,436,26.693878,42,375.236,188.674,255,8,1,
1778337100359791,334008024,428,26.204082,43,385.808,189.875,255,8,1,
1778337100360791,334017978,421,25.775511,43,387.217,186.984,255,8,1,
1778337100361791,334027953,414,25.346939,43,388.605,184.082,255,8,1,
1778337100367850,334037902,406,24.857143,43,390.164,180.754,255,8,1,
1778337100384728,334047881,398,24.367346,43,391.695,177.412,255,8,1,
1778337100387225,334057836,391,23.938774,43,393.011,174.477,255,8,1,
1778337100519194,334067800,383,23.448978,43,394.488,171.111,255,8,1,
1778337100519194,334077759,376,23.020407,43,395.757,168.155,255,8,1,
1778337100520193,334087731,368,22.530613,42,387.943,160.934,255,8,1,
1778337100521194,334097679,361,22.102041,42,389.136,158.028,255,8,1,
1778337100521194,334107660,353,21.612246,42,390.473,154.696,255,8,1,
1778337100522194,334117606,346,21.183674,43,400.944,155.384,255,8,1,
1778337100522194,334127577,338,20.693876,43,402.257,151.951,255,8,1,
1778337100523195,334137530,330,20.204081,42,394.157,145.053,255,8,1,
1778337100523195,334147506,323,19.775511,42,395.231,142.101,255,8,1,
1778337100524699,334157452,315,19.285715,42,396.431,138.717,255,8,1,
1778337100524699,334167431,308,18.857143,42,397.457,135.748,255,8,1,
1778337100525704,334177385,300,18.367348,42,398.603,132.345,255,8,1,
1778337100526705,334187358,293,17.938776,43,409.096,132.440,255,8,1,
1778337100526705,334197310,285,17.448978,42,400.673,125.940,255,8,1,
1778337100538767,334207281,278,17.020409,42,401.604,122.939,255,8,1,
1778337100545885,334217231,270,16.530613,42,402.640,119.502,255,8,1,
1778337100555349,334227194,263,16.102041,42,403.523,116.487,255,8,1,
1778337100730640,334237146,256,15.673470,42,404.383,113.465,255,8,1,
1778337100730640,334247119,248,15.183674,42,405.338,110.004,255,8,1,
1778337100731641,334257071,241,14.755103,42,406.150,106.969,255,8,1,
1778337100732260,334267042,233,14.265306,42,407.049,103.493,255,8,1,
1778337100732260,334276988,226,13.836735,42,407.812,100.446,255,8,1,
1778337100733265,334286951,218,13.346939,42,408.656,96.956,255,8,1,
1778337100733265,334296889,210,12.857143,42,409.470,93.459,255,8,1,
1778337100734769,334306861,203,12.428572,42,410.157,90.393,255,8,1,
1778337100734769,334316810,195,11.938775,42,410.915,86.884,255,8,1,
1778337100735773,334326782,188,11.510203,42,411.553,83.808,255,8,1,
1778337100735773,334336727,180,11.020409,42,412.255,80.287,255,8,1,
1778337100736774,334346702,173,10.591837,42,412.844,77.201,255,8,1,
1778337100736774,334356649,166,10.163265,42,413.410,74.111,255,8,1,
1778337100737778,334366616,163,9.979591,41,403.797,71.052,255,8,1,
1778337100738779,334376554,161,9.857143,41,403.947,70.189,255,8,1,
1778337100739779,334386526,162,9.918367,40,394.022,68.898,255,8,1,
1778337100739779,334396470,162,9.918367,41,403.872,70.620,255,8,1,
1778337100740777,334406436,162,9.918367,41,403.872,70.620,255,8,1,
1778337100743778,334416387,162,9.918367,40,394.022,68.898,255,8,1,
1778337100753807,334426362,162,9.918367,40,394.022,68.898,255,8,1,
1778337100944925,334436311,162,9.918367,40,394.022,68.898,255,8,1,
1778337100946215,334446287,162,9.918367,40,394.022,68.898,255,8,1,
1778337100948219,334456232,162,9.918367,40,394.022,68.898,255,8,1,
1778337100950220,334466202,162,9.918367,41,403.872,70.620,255,8,1,
1778337100951220,334476152,163,9.979591,41,403.797,71.052,255,8,1,
1778337100951220,334486128,165,10.102040,41,403.644,71.915,255,8,1,
1778337100952220,334496073,166,10.163265,41,403.567,72.346,255,8,1,
1778337100953221,334506050,167,10.224489,41,403.489,72.777,255,8,1,
1778337100953221,334515999,169,10.346938,41,403.333,73.639,255,8,1,
1778337100954725,334525973,172,10.530612,41,403.095,74.932,255,8,1,
1778337100954725,334535919,176,10.775511,41,402.771,76.654,255,8,1,
1778337100955731,334545890,179,10.959184,41,402.523,77.945,255,8,1,
1778337100956730,334555832,183,11.204082,41,402.186,79.665,255,8,1,
1778337100957730,334565801,187,11.448979,41,401.842,81.383,255,8,1,
1778337100958729,334575745,191,11.693877,41,401.490,83.100,255,8,1,
1778337100958729,334585722,195,11.938775,41,401.131,84.815,255,8,1,
1778337100959729,334595666,199,12.183673,41,400.765,86.529,255,8,1,
1778337100960729,334605635,203,12.428572,41,400.392,88.241,255,8,1,
1778337100961729,334615580,207,12.673470,41,400.011,89.952,255,8,1,
1778337100962729,334625545,212,12.979591,41,399.525,92.088,255,8,1,
1778337100963729,334635489,216,13.224489,41,399.127,93.794,255,8,1,
1778337100971238,334645456,221,13.530613,41,398.620,95.926,255,8,1,
1778337100987614,334655403,225,13.775511,41,398.207,97.629,255,8,1,
1778337100991615,334665376,229,14.020408,41,397.786,99.330,255,8,1,
1778337101161723,334675317,234,14.326530,41,397.250,101.454,255,8,1,
1778337101162723,334685288,239,14.632653,41,396.702,103.575,255,8,1,
1778337101163723,334695232,243,14.877551,41,396.255,105.269,255,8,1,
1778337101163723,334705200,248,15.183674,41,395.687,107.385,255,8,1,
1778337101164723,334715147,253,15.489796,41,395.108,109.497,255,8,1,
1778337101165750,334725120,257,15.734694,41,394.636,111.185,255,8,1,
1778337101165750,334735067,262,16.040817,41,394.037,113.292,255,8,1,
1778337101166750,334745040,267,16.346939,41,393.426,115.396,255,8,1,
1778337101166750,334754988,272,16.653061,41,392.804,117.496,255,8,1,
1778337101167751,334764964,277,16.959185,41,392.170,119.593,255,8,1,
1778337101168750,334774912,282,17.265306,41,391.526,121.687,255,8,1,
1778337101169749,334784880,287,17.571428,41,390.870,123.777,255,8,1,
1778337101169749,334794826,292,17.877550,41,390.203,125.863,255,8,1,
1778337101170749,334804800,298,18.244898,41,389.388,128.362,255,8,1,
1778337101171751,334814749,303,18.551020,41,388.697,130.441,255,8,1,
1778337101171751,334824723,308,18.857143,42,397.457,135.748,255,8,1,
1778337101172750,334834674,314,19.224491,41,387.137,135.001,255,8,1,
1778337101173751,334844644,319,19.530613,41,386.410,137.067,255,8,1,
1778337101187775,334854589,325,19.897959,41,385.523,139.542,255,8,1,
1778337101189778,334864563,330,20.204081,41,384.772,141.600,255,8,1,
1778337101384737,334874511,336,20.571428,41,383.856,144.064,255,8,1,
1778337101385780,334884477,342,20.938776,42,392.264,150.095,255,8,1,
1778337101385780,334894426,347,21.244898,41,382.136,148.566,255,8,1,
1778337101386779,334904394,353,21.612246,42,390.473,154.696,255,8,1,
1778337101387779,334914336,359,21.979593,42,389.473,157.196,255,8,1,
1778337101387779,334924303,365,22.346939,42,388.457,159.690,255,8,1,
1778337101388779,334934252,371,22.714287,41,378.201,158.316,255,8,1,
1778337101388779,334944221,377,23.081631,42,386.378,164.658,255,8,1,
1778337101389780,334954169,383,23.448978,42,385.314,167.132,255,8,1,
1778337101390780,334964138,389,23.816326,42,384.235,169.599,255,8,1,
1778337101390780,334974080,395,24.183674,42,383.139,172.059,255,8,1,
1778337101391779,334984048,401,24.551022,42,382.028,174.511,255,8,1,
1778337101392779,334993992,407,24.918367,42,380.902,176.957,255,8,1,
1778337101392779,335003962,413,25.285715,42,379.759,179.396,255,8,1,
1778337101393782,335013903,420,25.714287,42,378.407,182.231,255,8,1,
1778337101393782,335023870,426,26.081631,42,377.231,184.654,255,8,1,
1778337101394780,335033810,432,26.448978,42,376.039,187.068,255,8,1,
1778337101395284,335043782,439,26.877550,42,374.629,189.876,255,8,1,
1778337101396289,335053724,446,27.306122,42,373.199,192.673,255,8,1,
1778337101396289,335063695,452,27.673470,42,371.956,195.061,255,8,1,
1778337101397325,335073637,458,28.040815,43,379.524,202.143,255,8,1,
1778337101406842,335083608,465,28.469387,42,369.210,200.209,255,8,1,
1778337101419946,335093551,472,28.897959,42,367.702,202.966,255,8,1,
1778337101635923,335103526,479,29.326530,43,374.892,210.608,255,8,1,
1778337101636927,335113467,486,29.755102,42,364.625,208.443,255,8,1,
1778337101636927,335123439,492,30.122450,43,371.931,215.795,255,8,1,
1778337101637932,335133384,499,30.551020,43,370.306,218.571,255,8,1,
1778337101638928,335143349,506,30.979591,43,368.661,221.335,255,8,1,
1778337101638928,335153289,513,31.408163,43,366.995,224.086,255,8,1,
1778337101639929,335163266,520,31.836735,43,365.309,226.825,255,8,1,
1778337101640928,335173210,528,32.326530,43,363.356,229.940,255,8,1,
1778337101640928,335183180,535,32.755100,43,361.626,232.651,255,8,1,
1778337101641927,335193125,542,33.183674,43,359.876,235.350,255,8,1,
1778337101641927,335203089,549,33.612244,43,358.105,238.035,255,8,1,
1778337101642928,335213039,557,34.102039,44,364.338,246.694,255,8,1,
1778337101643929,335223007,564,34.530613,44,362.482,249.412,255,8,1,
1778337101644928,335232954,571,34.959183,44,360.607,252.117,255,8,1,
1778337101645959,335242925,579,35.448982,44,358.438,255.190,255,8,1,
1778337101645959,335252874,586,35.877552,44,356.519,257.864,255,8,1,
1778337101646959,335262852,594,36.367348,44,354.302,260.902,255,8,1,
1778337101647959,335272805,602,36.857143,44,352.059,263.922,255,8,1,
1778337101648960,335282780,609,37.285713,45,358.031,272.606,255,8,1,
1778337101648960,335292729,617,37.775509,44,347.783,269.530,255,8,1,
1778337101649960,335302702,625,38.265305,44,345.467,272.494,255,8,1,
1778337101650957,335312653,633,38.755100,45,350.923,281.697,255,8,1,
1778337101650957,335322628,641,39.244896,45,348.502,284.686,255,8,1,
1778337101654988,335332574,648,39.673470,45,346.363,287.285,255,8,1,
1778337101667545,335342553,656,40.163265,45,343.894,290.236,255,8,1,
1778337101840946,335352504,664,40.653061,45,341.401,293.165,255,8,1,
1778337101840946,335362483,672,41.142857,44,331.351,289.493,255,8,1,
1778337101841945,335372435,681,41.693878,43,321.085,286.015,255,8,1,
1778337101842946,335382412,689,42.183674,42,311.218,282.034,255,8,1,
1778337101843945,335392362,697,42.673470,42,308.796,284.684,255,8,1,
1778337101843945,335402333,705,43.163265,42,306.351,287.313,255,8,1,
1778337101844945,335412285,714,43.714287,42,303.574,290.246,255,8,1,
1778337101844945,335422263,722,44.204082,42,301.082,292.831,255,8,1,
1778337101846028,335432210,730,44.693878,42,298.567,295.394,255,8,1,
1778337101847028,335442180,739,45.244896,42,295.713,298.252,255,8,1,
1778337101847028,335452126,747,45.734695,43,300.132,307.930,255,8,1,
1778337101848029,335462097,756,46.285717,41,283.336,296.346,255,8,1,
1778337101848029,335472046,764,46.775509,40,273.943,291.470,255,8,1,
1778337101849028,335482011,773,47.326530,40,271.128,294.091,255,8,1,
1778337101850027,335491966,782,47.877548,40,268.287,296.685,255,8,1,
1778337101851028,335501935,791,48.428570,40,265.421,299.252,255,8,1,
1778337101851028,335511886,800,48.979595,39,255.968,294.246,255,8,1,
1778337101852028,335521862,808,49.469387,39,253.443,296.423,255,8,1,
1778337101853029,335531810,817,50.020409,39,250.581,298.847,255,8,1,
1778337101868584,335541786,826,50.571430,38,241.344,293.518,255,8,1,
1778337101872584,335551735,835,51.122448,38,238.510,295.826,255,8,1,
1778337101882099,335561707,844,51.673470,38,235.654,298.106,255,8,1,
1778337102041782,335571667,853,52.224491,38,232.776,300.358,255,8,1,
1778337102041782,335581644,862,52.775509,38,229.877,302.583,255,8,1,
1778337102042781,335591594,872,53.387756,38,226.631,305.022,255,8,1,
1778337102042781,335601570,881,53.938778,38,223.687,307.188,255,8,1,
1778337102043782,335611523,890,54.489796,38,220.722,309.325,255,8,1,
1778337102044782,335621501,899,55.040817,37,212.007,303.237,255,8,1,
1778337102044782,335631453,909,55.653065,37,208.755,305.485,255,8,1,
1778337102045827,335641430,918,56.204079,37,205.807,307.479,255,8,1,
1778337102046827,335651381,928,56.816326,37,202.510,309.661,255,8,1,
1778337102046827,335661362,937,57.367348,37,199.523,311.594,255,8,1,
1778337102047826,335671314,947,57.979591,37,196.182,313.708,255,8,1,
1778337102048826,335681295,957,58.591835,36,187.607,307.252,255,8,1,
1778337102049825,335691243,966,59.142860,36,184.644,309.042,255,8,1,
1778337102049825,335701222,976,59.755100,36,181.331,310.997,255,8,1,
1778337102050825,335711170,986,60.367348,36,177.997,312.917,255,8,1,
1778337102051825,335721140,996,60.979591,36,174.644,314.801,255,8,1,
1778337102052829,335731094,1005,61.530609,36,171.608,316.466,255,8,1,
1778337102066854,335741070,1015,62.142857,36,168.217,318.282,255,8,1,
1778337102069856,335751018,1025,62.755104,36,164.806,320.061,255,8,1,
1778337102273251,335761000,1035,63.367348,36,161.377,321.804,255,8,1,
1778337102275591,335770954,1044,63.918365,36,158.274,323.341,255,8,1,
1778337102277197,335780935,1054,64.530609,35,150.510,315.985,255,8,1,
1778337102277882,335790893,1064,65.142860,35,147.125,317.576,255,8,1,
1778337102279047,335800874,1074,65.755096,35,143.723,319.130,255,8,1,
1778337102279993,335810821,1083,66.306122,35,140.647,320.497,255,8,1,
1778337102281151,335820800,1093,66.918365,35,137.215,321.982,255,8,1,
1778337102281693,335830756,1103,67.530617,35,133.766,323.429,255,8,1,
1778337102282812,335840733,1113,68.142853,35,130.303,324.840,255,8,1,
1778337102283818,335850702,1122,68.693878,35,127.173,326.078,255,8,1,
1778337102283818,335860682,1132,69.306122,35,123.681,327.419,255,8,1,
1778337102284817,335870638,1142,69.918365,35,120.176,328.722,255,8,1,
1778337102285909,335880619,1152,70.530609,35,116.656,329.987,255,8,1,
1778337102286915,335890577,1162,71.142860,35,113.123,331.215,255,8,1,
1778337102287915,335900560,1171,71.693878,35,109.933,332.287,255,8,1,
1778337102288914,335910512,1181,72.306122,35,106.376,333.443,255,8,1,
1778337102288914,335920493,1191,72.918365,34,99.870,325.002,255,8,1,
1778337102289915,335930447,1200,73.469391,34,96.739,325.947,255,8,1,
1778337102290914,335940423,1210,74.081635,34,93.251,326.962,255,8,1,
1778337102291914,335950375,1220,74.693878,34,89.752,327.940,255,8,1,
1778337102291914,335960354,1230,75.306122,34,86.243,328.880,255,8,1,
1778337102292914,335970304,1239,75.857140,34,83.076,329.694,255,8,1,
1778337102302969,335980283,1249,76.469391,34,79.548,330.563,255,8,1,
1778337102308000,335990232,1259,77.081635,34,76.011,331.394,255,8,1,
1778337102438524,336000215,1268,77.632652,34,72.821,332.110,255,8,1,
1778337102439525,336010167,1278,78.244896,34,69.268,332.869,255,8,1,
1778337102439525,336020137,1288,78.857147,34,65.707,333.590,255,8,1,
1778337102440535,336030090,1298,79.469391,34,62.139,334.274,255,8,1,
1778337102440535,336040061,1307,80.020409,34,58.921,334.856,255,8,1,
1778337102441525,336050009,1317,80.632652,34,55.340,335.466,255,8,1,
1778337102442523,336059984,1327,81.244896,34,51.752,336.038,255,8,1,
1778337102442523,336069929,1337,81.857140,33,46.742,326.673,255,8,1,
1778337102443530,336079903,1346,82.408165,33,43.598,327.107,255,8,1,
1778337102443530,336089853,1356,83.020409,33,40.100,327.555,255,8,1,
1778337102444535,336099821,1366,83.632652,33,36.598,327.964,255,8,1,
1778337102445664,336109769,1375,84.183670,33,33.442,328.301,255,8,1,
1778337102445664,336119741,1385,84.795921,33,29.932,328.640,255,8,1,
1778337102446684,336129685,1395,85.408165,33,26.419,328.941,255,8,1,
1778337102456197,336139662,1404,85.959183,33,23.254,329.180,255,8,1,
1778337102470712,336149615,1414,86.571426,33,19.735,329.409,255,8,1,
1778337102476217,336159587,1424,87.183678,33,16.214,329.601,255,8,1,
1778337102632180,336169534,1434,87.795914,33,12.691,329.756,255,8,1,
1778337102633162,336179499,1443,88.346939,33,9.520,329.863,255,8,1,
1778337102633162,336189447,1453,88.959183,33,5.994,329.946,255,8,1,
1778337102634668,336199413,1463,89.571426,33,2.468,329.991,255,8,1,
1778337102635674,336209365,1472,90.122452,33,-0.705,329.999,255,8,1,
1778337102635674,336219336,1482,90.734688,33,-4.231,329.973,255,8,1,
1778337102636674,336229280,1492,91.346939,33,-7.757,329.909,255,8,1,
1778337102637674,336239254,1502,91.959183,33,-11.282,329.807,255,8,1,
1778337102637674,336249197,1511,92.510208,33,-14.453,329.683,255,8,1,
1778337102638673,336259169,1521,93.122444,33,-17.975,329.510,255,8,1,
1778337102639674,336269117,1530,93.673470,33,-21.143,329.322,255,8,1,
1778337102639674,336279094,1540,94.285721,33,-24.661,329.077,255,8,1,
1778337102640674,336289042,1550,94.897957,33,-28.176,328.795,255,8,1,
1778337102641673,336299016,1560,95.510201,33,-31.688,328.475,255,8,1,
1778337102641673,336308979,1569,96.061226,33,-34.845,328.155,255,8,1,
1778337102642674,336318957,1579,96.673462,33,-38.350,327.764,255,8,1,
1778337102644673,336328909,1589,97.285713,33,-41.850,327.336,255,8,1,
1778337102657224,336338881,1598,97.836739,33,-44.996,326.918,255,8,1,
1778337102664729,336348832,1608,98.448982,33,-48.486,326.419,255,8,1,
1778337102673738,336358799,1618,99.061218,33,-51.972,325.882,255,8,1,
1778337102868691,336368749,1627,99.612244,33,-55.103,325.367,255,8,1,
1778337102870692,336378721,1637,100.224495,33,-58.577,324.760,255,8,1,
1778337102871692,336388669,1647,100.836739,33,-62.044,324.115,255,8,1,
1778337102872691,336398638,1656,101.387756,33,-65.158,323.503,255,8,1,
1778337102872691,336408586,1666,102.000000,33,-68.611,322.789,255,8,1,
1778337102873692,336418566,1676,102.612244,33,-72.056,322.037,255,8,1,
1778337102874691,336428509,1685,103.163261,33,-75.150,321.329,255,8,1,
1778337102875196,336438486,1695,103.775513,33,-78.579,320.508,255,8,1,
1778337102875196,336448441,1704,104.326523,33,-81.658,319.737,255,8,1,
1778337102876201,336458413,1714,104.938774,33,-85.070,318.847,255,8,1,
1778337102877201,336468364,1724,105.551018,33,-88.472,317.919,255,8,1,
1778337102877201,336478332,1733,106.102043,33,-91.525,317.054,255,8,1,
1778337102878201,336488285,1743,106.714279,33,-94.908,316.058,255,8,1,
1778337102879201,336498260,1752,107.265305,33,-97.943,315.130,255,8,1,
1778337102879201,336508204,1762,107.877556,33,-101.305,314.066,255,8,1,
1778337102880201,336518191,1772,108.489799,33,-104.655,312.965,255,8,1,
1778337102881200,336528138,1781,109.040817,33,-107.660,311.945,255,8,1,
1778337102881200,336538107,1791,109.653061,33,-110.987,310.776,255,8,1,
1778337102882201,336548058,1801,110.265305,33,-114.301,309.573,255,8,1,
1778337102883203,336558029,1810,110.816322,33,-117.273,308.459,255,8,1,
1778337102883203,336567990,1820,111.428574,33,-120.563,307.188,255,8,1,
1778337102891741,336577963,1830,112.040817,33,-123.838,305.883,255,8,1,
1778337102908770,336587913,1839,112.591843,33,-126.774,304.677,255,8,1,
1778337102911770,336597887,1849,113.204079,33,-130.022,303.305,255,8,1,
1778337103130133,336607841,1858,113.755104,33,-132.933,302.041,255,8,1,
1778337103131133,336617817,1868,114.367340,33,-136.153,300.603,255,8,1,
1778337103131133,336627767,1878,114.979591,33,-139.357,299.131,255,8,1,
1778337103132133,336637748,1887,115.530617,33,-142.228,297.777,255,8,1,
1778337103133133,336647699,1897,116.142860,33,-145.402,296.240,255,8,1,
1778337103134637,336657674,1906,116.693878,33,-148.244,294.828,255,8,1,
1778337103134637,336667628,1916,117.306122,33,-151.386,293.228,255,8,1,
1778337103135642,336677608,1925,117.857147,33,-154.199,291.758,255,8,1,
1778337103136643,336687566,1935,118.469383,33,-157.307,290.094,255,8,1,
1778337103136643,336697547,1944,119.020409,33,-160.090,288.567,255,8,1,
1778337103137642,336707501,1954,119.632645,34,-168.109,295.533,255,8,1,
1778337103137642,336717483,1964,120.244904,33,-166.220,285.081,255,8,1,
1778337103138642,336727439,1973,120.795921,34,-174.074,292.059,255,8,1,
1778337103138642,336737417,1983,121.408165,34,-177.185,290.182,255,8,1,
1778337103139642,336747375,1992,121.959183,34,-179.967,288.465,255,8,1,
1778337103140642,336757356,2002,122.571426,34,-183.039,286.525,255,8,1,
1778337103140642,336767312,2011,123.122452,34,-185.786,284.752,255,8,1,
1778337103141642,336777292,2021,123.734688,34,-188.818,282.750,255,8,1,
1778337103141642,336787247,2030,124.285713,34,-191.529,280.921,255,8,1,
1778337103142643,336797227,2040,124.897964,34,-194.520,278.859,255,8,1,
1778337103143643,336807180,2050,125.510208,34,-197.488,276.764,255,8,1,
1778337103143643,336817159,2059,126.061226,34,-200.141,274.852,255,8,1,
1778337103144642,336827103,2069,126.673470,34,-203.066,272.698,255,8,1,
1778337103149831,336837081,2078,127.224487,34,-205.679,270.732,255,8,1,
1778337103159341,336847028,2088,127.836731,34,-208.561,268.519,255,8,1,
1778337103168855,336857015,2097,128.387756,34,-211.133,266.501,255,8,1,
1778337103182368,336866966,2106,128.938782,34,-213.686,264.458,255,8,1,
1778337103188883,336876947,2116,129.551010,34,-216.500,262.160,255,8,1,
1778337103347242,336886897,2126,130.163269,34,-219.289,259.831,255,8,1,
1778337103348243,336896880,2135,130.714279,34,-221.778,257.710,255,8,1,
1778337103348243,336906831,2144,131.265305,34,-224.246,255.566,255,8,1,
1778337103349748,336916805,2154,131.877548,34,-226.964,253.155,255,8,1,
1778337103349748,336926753,2163,132.428574,35,-236.135,258.342,255,8,1,
1778337103350657,336936733,2173,133.040817,35,-238.882,255.804,255,8,1,
1778337103351161,336946678,2182,133.591843,35,-241.331,253.495,255,8,1,
1778337103351161,336956657,2192,134.204086,35,-244.026,250.901,255,8,1,
1778337103352165,336966609,2201,134.755096,35,-246.427,248.543,255,8,1,
1778337103352165,336976587,2211,135.367340,35,-249.069,245.896,255,8,1,
1778337103353165,336986546,2220,135.918365,35,-251.422,243.489,255,8,1,
1778337103353165,336996528,2230,136.530609,35,-254.010,240.788,255,8,1,
1778337103354669,337006479,2239,137.081635,35,-256.314,238.334,255,8,1,
1778337103354669,337016461,2249,137.693878,35,-258.846,235.582,255,8,1,
1778337103355675,337026415,2258,138.244888,35,-261.099,233.082,255,8,1,
1778337103355675,337036400,2267,138.795914,35,-263.329,230.560,255,8,1,
1778337103356677,337046362,2277,139.408173,35,-265.777,227.733,255,8,1,
1778337103367842,337056338,2286,139.959183,35,-267.955,225.167,255,8,1,
1778337103383443,337066293,2296,140.571426,36,-278.070,228.642,255,8,1,
1778337103386960,337076270,2305,141.122452,36,-280.256,225.957,255,8,1,
1778337103548962,337086226,2315,141.734695,36,-282.655,222.949,255,8,1,
1778337103549961,337096203,2324,142.285721,36,-284.786,220.221,255,8,1,
1778337103550960,337106162,2334,142.897964,36,-287.122,217.165,255,8,1,
1778337103551959,337116144,2343,143.448975,36,-289.198,214.394,255,8,1,
1778337103551959,337126097,2353,144.061218,36,-291.472,211.291,255,8,1,
1778337103553463,337136078,2362,144.612244,36,-293.491,208.479,255,8,1,
1778337103554610,337146034,2372,145.224487,36,-295.701,205.331,255,8,1,
1778337103554610,337156007,2381,145.775513,36,-297.662,202.477,255,8,1,
1778337103555615,337165955,2390,146.326523,36,-299.596,199.605,255,8,1,
1778337103555615,337175940,2400,146.938782,36,-301.712,196.393,255,8,1,
1778337103557119,337185888,2409,147.489792,36,-303.586,193.482,255,8,1,
1778337103557119,337195863,2419,148.102051,37,-314.127,195.511,255,8,1,
1778337103558124,337205813,2428,148.653061,37,-315.992,192.481,255,8,1,
1778337103559124,337215793,2438,149.265305,37,-318.031,189.093,255,8,1,
1778337103560123,337225741,2447,149.816330,37,-319.835,186.026,255,8,1,
1778337103560123,337235717,2457,150.428574,37,-321.804,182.598,255,8,1,
1778337103561126,337245669,2466,150.979599,37,-323.545,179.495,255,8,1,
1778337103564627,337255644,2475,151.530609,37,-325.257,176.375,255,8,1,
1778337103730207,337265597,2485,152.142853,37,-327.123,172.889,255,8,1,
1778337103731296,337275569,2494,152.693878,38,-337.656,174.323,255,8,1,
1778337103731817,337285521,2504,153.306122,38,-339.499,170.705,255,8,1,
1778337103732344,337295492,2513,153.857147,38,-341.125,167.432,255,8,1,
1778337103732887,337305436,2522,154.408157,38,-342.720,164.144,255,8,1,
1778337103733958,337315411,2532,155.020401,38,-344.454,160.472,255,8,1,
1778337103734467,337325349,2541,155.571426,39,-355.086,161.288,255,8,1,
1778337103734467,337335321,2550,156.122452,39,-356.621,157.865,255,8,1,
1778337103734991,337345267,2560,156.734695,39,-358.287,154.046,255,8,1,
1778337103735517,337355229,2569,157.285706,39,-359.752,150.593,255,8,1,
1778337103736598,337365176,2579,157.897949,39,-361.341,146.740,255,8,1,
1778337103736598,337375158,2588,158.448975,39,-362.735,143.259,255,8,1,
1778337103737130,337385102,2597,159.000000,40,-373.432,143.347,255,8,1,
1778337103737698,337395066,2607,159.612244,40,-374.943,139.349,255,8,1,
1778337103738223,337405002,2616,160.163269,40,-376.265,135.736,255,8,1,
1778337103739319,337414978,2626,160.775513,40,-377.694,131.708,255,8,1,
1778337103739858,337424917,2635,161.326538,40,-378.943,128.070,255,8,1,
1778337103749819,337434884,2644,161.877548,40,-380.158,124.420,255,8,1,
1778337103752820,337444826,2654,162.489792,41,-391.002,123.359,255,8,1,
1778337103766911,337454793,2663,163.040817,41,-392.170,119.593,255,8,1,
1778337103772909,337464731,2672,163.591827,41,-393.302,115.816,255,8,1,
1778337103783065,337474701,2682,164.204086,41,-394.517,111.607,255,8,1,
1778337103996796,337484644,2691,164.755112,42,-405.221,110.437,255,8,1,
1778337103997801,337494610,2700,165.306122,42,-406.264,106.535,255,8,1,
1778337103997801,337504555,2710,165.918365,44,-426.778,107.054,255,8,1,
1778337103998801,337514527,2719,166.469391,49,-476.400,114.643,255,8,1,
1778337103999802,337524469,2728,167.020401,52,-506.714,116.794,255,8,1,
1778337103999802,337534438,2738,167.632660,53,-517.701,113.515,255,8,1,
1778337104000801,337544383,2747,168.183685,53,-518.769,108.531,255,8,1,
1778337104001801,337554353,2756,168.734695,53,-519.789,103.537,255,8,1,
1778337104002802,337564295,2766,169.346939,52,-511.038,96.128,255,8,1,
1778337104002802,337574259,2775,169.897964,52,-511.938,91.209,255,8,1,
1778337104003801,337584205,2784,170.448975,53,-522.653,87.941,255,8,1,
1778337104003801,337594174,2794,171.061234,53,-523.563,82.351,255,8,1,
1778337104005312,337604118,2803,171.612244,52,-514.438,75.853,255,8,1,
1778337104005312,337614089,2812,172.163254,53,-525.050,72.266,255,8,1,
1778337104006314,337624033,2821,172.714279,52,-515.802,65.945,255,8,1,
1778337104006314,337634002,2831,173.326538,52,-516.477,60.430,255,8,1,
1778337104007317,337643956,2840,173.877548,52,-517.034,55.460,255,8,1,
1778337104008317,337653925,2849,174.428574,52,-517.543,50.485,255,8,1,
1778337104009318,337663879,2858,174.979584,53,-527.967,46.381,255,8,1,
1778337104009318,337673851,2868,175.591827,54,-538.403,41.505,255,8,1,
1778337104009318,337683796,2877,176.142853,55,-548.754,36.998,255,8,1,
1778337104010317,337693771,2886,176.693878,54,-539.101,31.142,255,8,1,
1778337104011319,337703718,2896,177.306122,51,-509.436,23.970,255,8,1,
1778337104154860,337713694,2905,177.857147,50,-499.650,18.696,255,8,1,
1778337104155863,337723642,2914,178.408157,51,-509.803,14.167,255,8,1,
1778337104156408,337733616,2923,178.959183,55,-549.909,9.991,255,8,1,
1778337104157412,337743568,2933,179.571426,55,-549.985,4.114,255,8,1,
1778337104157915,337753541,2942,180.122452,56,-559.999,-1.197,255,8,1,
1778337104157915,337763488,2951,180.673477,55,-549.962,-6.465,255,8,1,
1778337104158919,337773459,2960,181.224487,55,-549.874,-11.753,255,8,1,
1778337104158919,337783397,2970,181.836731,55,-549.717,-17.628,255,8,1,
1778337104159919,337793367,2979,182.387741,56,-559.514,-23.331,255,8,1,
1778337104159919,337803314,2988,182.938782,56,-559.264,-28.711,255,8,1,
1778337104160920,337813274,2997,183.489792,56,-558.962,-34.088,255,8,1,
1778337104160920,337823223,3007,184.102036,55,-548.591,-39.343,255,8,1,
1778337104161919,337833191,3016,184.653046,55,-548.187,-44.617,255,8,1,
1778337104161919,337843139,3025,185.204086,54,-537.774,-48.980,255,8,1,
1778337104162918,337853106,3034,185.755096,54,-537.278,-54.149,255,8,1,
1778337104168345,337863055,3044,186.367355,53,-526.731,-58.778,255,8,1,
1778337104179847,337873020,3053,186.918365,53,-526.141,-63.841,255,8,1,
1778337104342957,337882963,3062,187.469391,63,-624.654,-81.898,255,8,1,
1778337104344462,337892927,3071,188.020401,69,-683.251,-96.273,255,8,1,
1778337104345468,337902867,3080,188.571442,65,-642.740,-96.878,255,8,1,
1778337104346474,337912834,3089,189.122452,65,-641.779,-103.054,255,8,1,
1778337104347479,337922778,3098,189.673462,66,-650.616,-110.902,255,8,1,
1778337104347479,337932749,3107,190.224487,66,-649.519,-117.154,255,8,1,
1778337104348479,337942686,3116,190.775513,74,-726.952,-138.351,255,8,1,
1778337104348479,337952650,3126,191.387756,78,-764.644,-154.009,255,8,1,
1778337104349984,337962595,3135,191.938766,80,-782.695,-165.493,255,8,1,
1778337104349984,337972557,3144,192.489807,79,-771.304,-170.850,255,8,1,
1778337104351299,337982491,3153,193.040817,80,-779.368,-180.516,255,8,1,
1778337104351299,337992455,3162,193.591843,80,-777.596,-188.003,255,8,1,
1778337104351803,338002400,3171,194.142853,80,-775.752,-195.472,255,8,1,
1778337104352809,338012371,3180,194.693878,80,-773.836,-202.924,255,8,1,
1778337104352809,338022303,3189,195.244904,80,-771.849,-210.356,255,8,1,
1778337104353807,338032269,3198,195.795914,80,-769.790,-217.769,255,8,1,
1778337104353807,338042214,3207,196.346954,80,-767.660,-225.163,255,8,1,
1778337104356128,338052184,3216,196.897964,80,-765.459,-232.535,255,8,1,
1778337104367167,338062129,3226,197.510208,81,-772.467,-243.709,255,8,1,
1778337104376854,338072103,3234,198.000000,84,-798.887,-259.574,255,8,1,
1778337104615888,338082049,3244,198.612228,94,-890.838,-300.012,255,8,1,
1778337104617893,338092010,3253,199.163269,118,-1114.613,-387.348,255,8,1,
1778337104618893,338101950,3262,199.714279,185,-1741.565,-624.060,255,8,1,
1778337104619892,338111918,3271,200.265320,244,-2288.961,-845.138,255,8,1,
1778337104620892,338121871,3280,200.816330,250,-2336.811,-888.433,255,8,1,
1778337104620892,338131843,3288,201.306122,251,-2338.448,-912.010,255,8,1,
1778337104621892,338141798,3298,201.918365,251,-2328.569,-936.946,255,8,1,
1778337104622892,338151768,3306,202.408157,245,-2265.005,-933.945,255,8,1,
1778337104623892,338161712,3315,202.959198,233,-2145.424,-908.876,255,8,1,
1778337104623892,338171685,3324,203.510208,223,-2044.886,-889.575,255,8,1,
1778337104625395,338181630,3333,204.061218,216,-1972.318,-880.659,255,8,1,
1778337104625395,338191597,3342,204.612244,212,-1927.392,-882.927,255,8,1,
1778337104626399,338201540,3351,205.163269,193,-1746.843,-820.634,255,8,0,distance_jump
1778337104627399,338211536,3359,205.653061,87,-784.246,-376.641,255,8,0,distance_jump;unstable_angle_bin
1778337104629399,338221482,3368,206.204086,39,-349.918,-172.212,255,8,0,unstable_angle_bin
1778337104630399,338231454,3377,206.755096,34,-303.599,-153.060,255,8,0,unstable_angle_bin
1778337104631399,338241400,3386,207.306137,33,-293.227,-151.386,255,8,0,unstable_angle_bin
1778337104632399,338251365,3395,207.857147,33,-291.758,-154.199,255,8,0,unstable_angle_bin
1778337104633253,338261310,3404,208.408157,34,-299.057,-161.755,255,8,1,
1778337104634767,338271278,3413,208.959183,34,-297.488,-164.623,255,8,1,
1778337104634767,338281218,3422,209.510193,33,-287.188,-162.551,255,8,1,
1778337104635773,338291188,3431,210.061234,33,-285.612,-165.305,255,8,1,
1778337104636774,338301135,3440,210.612244,33,-284.009,-168.044,255,8,1,
1778337104636774,338311104,3449,211.163254,33,-282.380,-170.768,255,8,1,
1778337104637779,338321050,3458,211.714294,32,-272.218,-168.219,255,8,1,
1778337104637779,338331014,3467,212.265305,32,-270.587,-170.829,255,8,1,
1778337104643779,338340957,3476,212.816330,31,-260.528,-168.004,255,8,1,
1778337104653291,338350926,3485,213.367340,30,-250.548,-165.001,255,8,1,
1778337104670820,338360873,3494,213.918350,29,-240.652,-161.823,255,8,1,
1778337104673820,338370838,3503,214.469391,28,-230.840,-158.470,255,8,1,
1778337104683345,338380783,3512,215.020401,28,-229.305,-160.683,255,8,1,
1778337104942126,338390753,3521,215.571442,28,-227.749,-162.881,255,8,1,
1778337104943126,338470429,3593,219.979584,29,-222.219,-186.329,255,8,1,
1778337104943126,338480377,3602,220.530609,31,-235.618,-201.455,255,8,1,
1778337104945635,338490353,3611,221.081635,30,-226.132,-197.140,255,8,1,
1778337104946635,338500301,3619,221.571426,32,-239.401,-212.337,255,8,1,
1778337104947638,338510276,3628,222.122437,32,-237.348,-214.629,255,8,1,
1778337104948639,338520217,3637,222.673477,30,-220.569,-203.346,255,8,1,
1778337104948639,338530202,3646,223.224487,30,-218.603,-205.458,255,8,1,
1778337104949639,338540139,3654,223.714279,29,-209.611,-200.408,255,8,1,
1778337104950639,338550114,3663,224.265305,29,-207.674,-202.415,255,8,1,
1778337104951638,338560062,3672,224.816315,29,-205.717,-204.403,255,8,1,
1778337105579858,339157791,4194,256.775513,28,-64.055,-272.575,255,8,0,unstable_angle_bin
1778337105580863,339167765,4201,257.204071,28,-62.014,-273.046,255,8,0,unstable_angle_bin
1778337105581859,339177718,4208,257.632660,28,-59.970,-273.502,255,8,0,unstable_angle_bin
1778337105582859,339187687,4215,258.061218,28,-57.923,-273.943,255,8,0,unstable_angle_bin
1778337105583858,339197634,4223,258.551025,28,-55.579,-274.429,255,8,0,unstable_angle_bin
1778337105584859,339207610,4230,258.979584,28,-53.524,-274.837,255,8,0,unstable_angle_bin
1778337105584859,339217557,4237,259.408173,28,-51.467,-275.229,255,8,0,unstable_angle_bin
1778337105586070,339227529,4245,259.897949,28,-49.113,-275.659,255,8,0,unstable_angle_bin
1778337105586070,339237468,4252,260.326538,28,-47.049,-276.019,255,8,0,unstable_angle_bin
1778337105587070,339247444,4259,260.755127,29,-46.590,-286.233,255,8,0,unstable_angle_bin
1778337105588069,339257388,4267,261.244904,29,-44.141,-286.621,255,8,0,unstable_angle_bin
1778337105588979,339267352,4275,261.734711,30,-43.127,-296.884,255,8,0,unstable_angle_bin
1778337105590489,339277290,4283,262.224487,30,-40.588,-297.242,255,8,0,unstable_angle_bin
1778337105591488,339287271,4290,262.653076,30,-38.363,-297.537,255,8,0,unstable_angle_bin
1778337105594489,339297213,4298,263.142853,31,-37.012,-307.783,255,8,0,unstable_angle_bin
1778337105603820,339307183,4307,263.693878,31,-34.051,-308.124,255,8,0,unstable_angle_bin
1778337105614552,339317129,4315,264.183685,31,-31.415,-308.404,255,8,0,unstable_angle_bin
1778337105627072,339327101,4323,264.673462,30,-27.850,-298.705,255,8,0,unstable_angle_bin
1778337105634575,339337053,4332,265.224487,30,-24.976,-298.959,255,8,0,unstable_angle_bin
1778337105863048,339347021,4340,265.714294,30,-22.419,-299.161,255,8,0,unstable_angle_bin
1778337105863048,339356971,4349,266.265320,31,-20.192,-309.342,255,8,0,unstable_angle_bin
1778337105864552,339366934,4358,266.816315,30,-16.661,-299.537,255,8,0,unstable_angle_bin
1778337105865556,339376879,4366,267.306122,30,-14.100,-299.668,255,8,0,unstable_angle_bin
1778337105866555,339386856,4375,267.857147,31,-11.591,-309.783,255,8,0,unstable_angle_bin
1778337105867558,339396803,4384,268.408173,31,-8.612,-309.880,255,8,1,
1778337105868215,339406769,4392,268.897949,30,-5.770,-299.945,255,8,1,
1778337105869275,339416729,4401,269.448975,30,-2.885,-299.986,255,8,1,
1778337105869815,339426690,4409,269.938782,30,-0.321,-300.000,255,8,1,
1778337105870817,339436635,4418,270.489807,30,2.565,-299.989,255,8,1,
1778337105871819,339446608,4426,270.979584,30,5.129,-299.956,255,8,1,
1778337105872819,339456560,4434,271.469391,31,7.949,-309.898,255,8,1,
1778337105873819,339466530,4443,272.020416,31,10.929,-309.807,255,8,1,
1778337105874819,339476479,4451,272.510193,31,13.577,-309.703,255,8,1,
1778337105875322,339486451,4459,273.000000,31,16.224,-309.575,255,8,1,
1778337105876327,339496400,4467,273.489777,31,18.870,-309.425,255,8,1,
1778337105877331,339506375,4475,273.979584,31,21.514,-309.253,255,8,1,
1778337105878332,339516320,4482,274.408142,31,23.827,-309.083,255,8,1,
1778337105879332,339526297,4490,274.897949,31,26.468,-308.868,255,8,1,
1778337105879332,339536237,4498,275.387756,31,29.108,-308.630,255,8,1,
1778337105880331,339546210,4506,275.877563,31,31.745,-308.370,255,8,1,
1778337105881331,339556154,4514,276.367340,31,34.380,-308.088,255,8,1,
1778337105882332,339566121,4522,276.857147,31,37.012,-307.783,255,8,1,
1778337105882332,339576068,4529,277.285706,31,39.313,-307.497,255,8,1,
1778337105883331,339586038,4537,277.775513,31,41.941,-307.150,255,8,1,
1778337105891847,339595980,4545,278.265289,31,44.565,-306.780,255,8,1,
1778337105907866,339605953,4553,278.755096,31,47.186,-306.388,255,8,1,
1778337105910866,339615903,4561,279.244873,31,49.803,-305.973,255,8,1,
1778337105921378,339625873,4569,279.734711,31,52.417,-305.536,255,8,1,
1778337106088719,339635824,4576,280.163269,31,54.701,-305.136,255,8,1,
1778337106089257,339645794,4584,280.653076,31,57.307,-304.657,255,8,1,
1778337106090262,339655738,4592,281.142853,31,59.909,-304.156,255,8,1,
1778337106091262,339665712,4600,281.632660,31,62.507,-303.633,255,8,1,
1778337106091262,339675648,4607,282.061218,30,62.687,-293.377,255,8,1,
1778337106092262,339685626,4615,282.551025,31,67.366,-302.592,255,8,1,
1778337106092262,339695568,4622,282.979584,31,69.627,-302.080,255,8,1,
1778337106092968,339705536,4630,283.469391,31,72.207,-301.473,255,8,1,
1778337106094012,339715480,4637,283.897949,31,74.460,-300.925,255,8,1,
1778337106094527,339725447,4645,284.387756,30,74.545,-290.591,255,8,1,
1778337106095046,339735394,4652,284.816315,30,76.716,-290.025,255,8,1,
1778337106096091,339745361,4660,285.306122,30,79.193,-289.359,255,8,1,
1778337106097246,339755309,4667,285.734711,30,81.355,-288.758,255,8,1,
1778337106097782,339765280,4674,286.163269,30,83.513,-288.142,255,8,1,
1778337106098321,339775226,4681,286.591858,31,88.521,-297.093,255,8,1,
1778337106098844,339785193,4689,287.081635,31,91.058,-296.325,255,8,1,
1778337106099934,339795136,4696,287.510223,31,93.272,-295.636,255,8,1,
1778337106100490,339805108,4703,287.938782,31,95.480,-294.930,255,8,1,
1778337106109286,339815049,4710,288.367340,31,97.684,-294.207,255,8,1,
1778337106118978,339825015,4718,288.857147,31,100.195,-293.361,255,8,1,
1778337106275543,339834959,4725,289.285706,31,102.386,-292.604,255,8,1,
1778337106276543,339844930,4732,289.714294,30,101.199,-282.416,255,8,1,
1778337106277548,339854869,4739,290.142853,30,103.309,-281.651,255,8,1,
1778337106277548,339864837,4746,290.571442,30,105.413,-280.870,255,8,1,
1778337106277548,339874778,4753,291.000000,30,107.510,-280.074,255,8,1,
1778337106278547,339884752,4760,291.428589,30,109.602,-279.262,255,8,1,
1778337106279547,339894698,4767,291.857147,30,111.688,-278.434,255,8,1,
1778337106279547,339904673,4774,292.285736,30,113.768,-277.591,255,8,1,
1778337106280547,339914625,4781,292.714264,30,115.841,-276.733,255,8,1,
1778337106280547,339924601,4788,293.142853,30,117.907,-275.858,255,8,1,
1778337106281547,339934551,4795,293.571411,30,119.968,-274.969,255,8,1,
1778337106283171,339944525,4802,294.000000,30,122.021,-274.064,255,8,1,
1778337106283171,339954479,4809,294.428558,30,124.067,-273.143,255,8,1,
1778337106284717,339964458,4816,294.857147,30,126.107,-272.208,255,8,1,
1778337106285722,339974407,4823,295.285706,30,128.140,-271.257,255,8,1,
1778337106286722,339984381,4830,295.714294,30,130.165,-270.291,255,8,1,
1778337106287722,339994331,4837,296.142853,30,132.183,-269.309,255,8,1,
1778337106297999,340004303,4844,296.571411,30,134.194,-268.313,255,8,1,
1778337106307058,340014252,4851,297.000000,30,136.197,-267.302,255,8,1,
1778337106324840,340024223,4858,297.428558,30,138.193,-266.276,255,8,1,
1778337106326995,340034174,4865,297.857147,30,140.181,-265.235,255,8,1,
1778337106516915,340044147,4872,298.285706,30,142.161,-264.179,255,8,1,
1778337106516915,340054097,4879,298.714294,30,144.133,-263.108,255,8,1,
1778337106517915,340064076,4886,299.142853,30,146.097,-262.022,255,8,1,
1778337106518913,340074025,4894,299.632660,30,148.331,-260.764,255,8,1,
1778337106518913,340084001,4901,300.061218,30,150.278,-259.647,255,8,1,
1778337106519913,340093958,4908,300.489777,30,152.215,-258.516,255,8,1,
1778337106519913,340103938,4915,300.918365,30,154.145,-257.370,255,8,1,
1778337106520913,340113888,4922,301.346924,30,156.066,-256.210,255,8,1,
1778337106520913,340123864,4929,301.775513,30,157.978,-255.035,255,8,1,
1778337106521915,340133813,4936,302.204071,30,159.881,-253.847,255,8,1,
1778337106522915,340143794,4943,302.632660,30,161.775,-252.644,255,8,1,
1778337106522915,340153743,4950,303.061218,30,163.660,-251.426,255,8,1,
1778337106523913,340163716,4957,303.489807,30,165.537,-250.195,255,8,1,
1778337106523913,340173667,4964,303.918365,30,167.403,-248.950,255,8,1,
1778337106524915,340183642,4971,304.346924,30,169.261,-247.691,255,8,1,
1778337106526275,340193590,4978,304.775513,30,171.109,-246.418,255,8,1,
1778337106527280,340203565,4985,305.204071,30,172.947,-245.131,255,8,1,
1778337106528280,340213514,4992,305.632660,30,174.776,-243.831,255,8,1,
1778337106529280,340223491,4999,306.061218,30,176.595,-242.517,255,8,1,
1778337106529280,340233443,5006,306.489807,30,178.404,-241.189,255,8,1,
1778337106534784,340243416,5014,306.979584,30,180.459,-239.655,255,8,1,
1778337106544789,340253365,5021,307.408173,30,182.247,-238.298,255,8,1,
1778337106554742,340263340,5028,307.836731,30,184.024,-236.929,255,8,1,
1778337106566597,340273290,5036,308.326538,30,186.043,-235.347,255,8,1,
1778337106574597,340283263,5043,308.755096,30,187.798,-233.949,255,8,1,
1778337106584608,340293212,5051,309.244904,30,189.791,-232.335,255,8,1,
1778337106712202,340303182,5058,309.673462,30,191.523,-230.909,255,8,1,
1778337106712202,340313133,5066,310.163269,30,193.490,-229.263,255,8,1,
1778337106713203,340323104,5073,310.591858,30,195.200,-227.809,255,8,1,
1778337106713203,340333053,5080,311.020416,30,196.898,-226.343,255,8,1,
1778337106714708,340343030,5088,311.510223,30,198.826,-224.651,255,8,1,
1778337106715308,340352983,5095,311.938782,30,200.501,-223.158,255,8,1,
1778337106715308,340362955,5102,312.367340,30,202.164,-221.652,255,8,1,
1778337106716314,340372908,5109,312.795898,30,203.817,-220.134,255,8,1,
1778337106716314,340382878,5116,313.224487,29,198.609,-211.316,255,8,1,
1778337106717313,340392823,5123,313.653046,29,200.184,-209.825,255,8,1,
1778337106718313,340402793,5130,314.081635,29,201.748,-208.321,255,8,1,
1778337106718313,340412739,5138,314.571411,29,203.521,-206.589,255,8,1,
1778337106718313,340422711,5144,314.938782,28,197.778,-198.201,255,8,1,
1778337106723321,340432663,5151,315.367371,28,199.255,-196.716,255,8,1,
1778337106736576,340442631,5158,315.795898,28,200.721,-195.221,255,8,1,
1778337106742993,340452578,5165,316.224487,28,202.176,-193.714,255,8,1,
1778337106875790,340462556,5172,316.653046,29,210.891,-199.060,255,8,1,
1778337106877062,340472500,5179,317.081635,29,212.374,-197.477,255,8,1,
1778337106878111,340482472,5186,317.510193,29,213.845,-195.883,255,8,1,
1778337106879200,340492417,5192,317.877563,30,222.514,-201.215,255,8,1,
1778337106879747,340502387,5199,318.306122,29,216.546,-192.894,255,8,1,
1778337106880826,340512334,5206,318.734680,29,217.982,-191.269,255,8,1,
1778337106880826,340522296,5212,319.102051,29,219.204,-189.867,255,8,1,
1778337106881417,340532239,5219,319.530609,29,220.618,-188.222,255,8,1,
1778337106881417,340542218,5226,319.959198,29,222.020,-186.567,255,8,1,
1778337106882423,340552157,5232,320.326538,29,223.212,-185.139,255,8,1,
1778337106882423,340562125,5238,320.693878,29,224.394,-183.704,255,8,1,
1778337106883422,340572073,5244,321.061249,29,225.567,-182.262,255,8,1,
1778337106883422,340582040,5250,321.428558,29,226.731,-180.812,255,8,1,
1778337106883422,340591981,5256,321.795929,29,227.886,-179.355,255,8,1,
1778337106894623,340601948,5262,322.163269,29,229.031,-177.890,255,8,1,
1778337106901136,340611891,5268,322.530609,28,222.230,-170.335,255,8,1,
1778337106911255,340621860,5273,322.836731,28,223.137,-169.145,255,8,1,
1778337107068597,340631802,5279,323.204071,28,224.217,-167.711,255,8,1,
1778337107069599,340651704,5289,323.816345,29,234.067,-171.209,255,8,1,
1778337107070597,340661670,5294,324.122437,29,234.979,-169.956,255,8,1,
1778337107071597,340671607,5300,324.489807,30,244.204,-174.254,255,8,1,
1778337107072597,340681572,5305,324.795929,30,245.131,-172.947,255,8,1,
1778337107073597,340691517,5310,325.102051,30,246.052,-171.635,255,8,1,
1778337107075101,340701483,5316,325.469391,30,247.147,-170.054,255,8,1,
1778337107075101,340711424,5321,325.775513,30,248.052,-168.731,255,8,1,
1778337107076105,340721393,5326,326.081635,30,248.950,-167.403,255,8,1,
1778337107077109,340731336,5332,326.448975,30,250.018,-165.804,255,8,1,
1778337107079120,340741299,5338,326.816345,30,251.076,-164.197,255,8,1,
1778337107079120,340751239,5344,327.183655,30,252.124,-162.584,255,8,1,
1778337107080105,340761206,5349,327.489807,30,252.989,-161.235,255,8,1,
1778337107081106,340771151,5355,327.857147,30,254.017,-159.610,255,8,1,
1778337107082105,340781121,5362,328.285706,30,255.204,-157.705,255,8,1,
1778337107083106,340791057,5368,328.653076,30,256.210,-156.066,255,8,1,
1778337107093245,340801022,5375,329.081635,30,257.370,-154.145,255,8,1,
1778337107098758,340810965,5381,329.448975,30,258.353,-152.492,255,8,1,
1778337107109267,340820928,5388,329.877563,30,259.486,-150.555,255,8,1,
1778337107305774,340830876,5394,330.244904,31,269.128,-153.851,255,8,1,
1778337107309326,340840847,5401,330.673492,30,261.553,-146.936,255,8,1,
1778337107311778,340850793,5408,331.102020,30,262.644,-144.975,255,8,1,
1778337107312814,340860764,5415,331.530609,30,263.722,-143.007,255,8,1,
1778337107313881,340870698,5422,331.959167,30,264.784,-141.030,255,8,1,
1778337107315896,340880673,5429,332.387756,30,265.831,-139.046,255,8,1,
1778337107321579,340890628,5435,332.755096,30,266.717,-137.338,255,8,1,
1778337107322084,340900597,5442,333.183685,30,267.737,-135.340,255,8,1,
1778337107323089,340910548,5449,333.612244,30,268.742,-133.333,255,8,1,
1778337107324594,340920519,5456,334.040802,30,269.732,-131.319,255,8,1,
1778337107325599,340930464,5462,334.408173,30,270.568,-129.587,255,8,1,
1778337107326598,340940435,5469,334.836731,30,271.530,-127.560,255,8,1,
1778337107327598,340950382,5476,335.265320,30,272.477,-125.525,255,8,1,
1778337107331599,340960356,5482,335.632660,30,273.276,-123.776,255,8,1,
1778337107332599,340970303,5488,336.000000,30,274.064,-122.021,255,8,1,
1778337107333598,340980278,5494,336.367371,30,274.840,-120.261,255,8,1,
1778337107335102,340990225,5500,336.734680,30,275.606,-118.497,255,8,1,
1778337107336105,341000196,5506,337.102051,30,276.360,-116.727,255,8,1,
1778337107337106,341010140,5511,337.408173,30,276.980,-115.249,255,8,1,
1778337107339104,341020108,5516,337.714264,30,277.591,-113.768,255,8,1,
1778337107339616,341030049,5522,338.081635,30,278.315,-111.986,255,8,1,
1778337107340625,341040028,5527,338.387756,29,269.612,-106.814,255,8,1,
1778337107342624,341049966,5532,338.693878,29,270.179,-105.372,255,8,1,
1778337107346132,341059938,5538,339.061218,29,270.849,-103.637,255,8,1,
1778337107356822,341069881,5542,339.306122,29,271.290,-102.479,255,8,1,
1778337107371592,341079846,5547,339.612244,29,271.833,-101.028,255,8,1,
1778337107547085,341089783,5552,339.918365,28,262.977,-96.140,255,8,1,
1778337107548085,341109698,5562,340.530609,28,263.990,-93.325,255,8,1,
1778337107549085,341119667,5567,340.836731,28,264.484,-91.913,255,8,1,
1778337107549085,341129614,5572,341.142853,29,274.435,-93.731,255,8,1,
1778337107550086,341139583,5577,341.448975,29,274.932,-92.263,255,8,1,
1778337107551085,341149522,5583,341.816315,29,275.518,-90.499,255,8,1,
1778337107552085,341159494,5589,342.183685,30,285.613,-91.790,255,8,1,
1778337107553086,341169432,5595,342.551025,30,286.195,-89.957,255,8,1,
1778337107553086,341179404,5601,342.918365,30,286.766,-88.120,255,8,1,
1778337107554592,341189344,5607,343.285706,30,287.325,-86.280,255,8,1,
1778337107555323,341199317,5614,343.714294,29,278.364,-81.324,255,8,1,
1778337107556328,341209257,5620,344.081635,29,278.879,-79.538,255,8,1,
1778337107557328,341219225,5626,344.448975,30,289.018,-80.429,255,8,1,
1778337107558328,341229168,5632,344.816345,30,289.527,-78.574,255,8,1,
1778337107558328,341239131,5639,345.244904,30,290.107,-76.406,255,8,1,
1778337107559833,341249075,5645,345.612244,30,290.591,-74.545,255,8,1,
1778337107559833,341259038,5652,346.040833,29,281.436,-69.957,255,8,1,
1778337107560839,341268990,5658,346.408142,30,291.598,-70.501,255,8,1,
1778337107564838,341278958,5664,346.775513,30,292.044,-68.630,255,8,1,
1778337107573153,341288905,5670,347.142853,30,292.478,-66.756,255,8,1,
1778337107584665,341298869,5676,347.510193,30,292.900,-64.880,255,8,1,
1778337107597834,341308810,5682,347.877563,30,293.310,-63.000,255,8,1,
1778337107603833,341318782,5688,348.244904,30,293.708,-61.119,255,8,1,
1778337107613062,341328721,5694,348.612244,30,294.094,-59.234,255,8,1,
1778337107783626,341338688,5700,348.979584,30,294.468,-57.348,255,8,1,
1778337107784626,341348626,5705,349.285706,30,294.770,-55.774,255,8,1,
1778337107785130,341358590,5711,349.653076,30,295.121,-53.882,255,8,1,
1778337107786134,341368529,5716,349.959167,30,295.405,-52.305,255,8,1,
1778337107787134,341378493,5722,350.326538,29,285.877,-48.730,255,8,1,
1778337107788135,341388437,5728,350.693878,30,296.052,-48.513,255,8,1,
1778337107789135,341398403,5733,351.000000,30,296.307,-46.930,255,8,1,
1778337107790134,341408344,5739,351.367340,30,296.601,-45.030,255,8,1,
1778337107791134,341418312,5744,351.673492,30,296.838,-43.444,255,8,1,
1778337107792137,341428255,5750,352.040802,30,297.110,-41.540,255,8,1,
1778337107795643,341438226,5756,352.408173,30,297.370,-39.635,255,8,1,
1778337107796643,341448166,5763,352.836731,30,297.658,-37.409,255,8,1,
1778337107796643,341458130,5769,353.204071,31,307.822,-36.683,255,8,1,
1778337107798648,341468073,5775,353.571442,31,308.051,-34.709,255,8,1,
1778337107799647,341478037,5781,353.938751,31,308.267,-32.733,255,8,1,
1778337107800647,341487978,5788,354.367340,30,298.551,-29.445,255,8,1,
1778337107801647,341497946,5794,354.734680,30,298.734,-27.530,255,8,1,
1778337107802649,341507889,5800,355.102051,30,298.905,-25.614,255,8,1,
1778337107803648,341517854,5807,355.530609,29,289.118,-22.599,255,8,1,
1778337107812156,341527805,5813,355.897949,29,289.257,-20.745,255,8,1,
1778337107828646,341537777,5820,356.326538,29,289.404,-18.580,255,8,1,
1778337107831637,341547720,5826,356.693878,30,299.501,-17.301,255,8,1,
1778337108015802,341557687,5832,357.061218,30,299.605,-15.381,255,8,1,
1778337108016802,341567632,5839,357.489807,30,299.712,-13.139,255,8,1,
1778337108017805,341577601,5846,357.918365,30,299.802,-10.897,255,8,1,
1778337108018805,341587548,5852,358.285706,30,299.866,-8.975,255,8,1,
1778337108019805,341597519,5859,358.714264,31,309.922,-6.956,255,8,1,
1778337108020807,341607465,5866,359.142853,31,309.965,-4.637,255,8,1,
1778337108021806,341617429,5874,359.632629,31,309.994,-1.988,255,8,1,
1778337108021806,341627371,1,0.061224,31,310.000,0.331,255,8,1,
1778337108023380,341637340,8,0.489796,31,309.989,2.650,255,8,1,
1778337108023380,341647288,16,0.979592,31,309.955,5.300,255,8,1,
1778337108024891,341657262,24,1.469388,31,309.898,7.949,255,8,1,
1778337108025895,341667207,32,1.959184,31,309.819,10.598,255,8,1,
1778337108025895,341677178,40,2.448980,31,309.717,13.246,255,8,1,
1778337108026898,341687121,48,2.938775,31,309.592,15.893,255,8,1,
1778337108027899,341697092,56,3.428571,31,309.445,18.539,255,8,1,
1778337108027899,341707034,64,3.918367,31,309.275,21.184,255,8,1,
1778337108028898,341716996,72,4.408163,31,309.083,23.827,255,8,1,
1778337108028898,341726937,80,4.897959,31,308.868,26.468,255,8,1,
1778337108029900,341736905,88,5.387755,31,308.630,29.108,255,8,1,
1778337108030899,341746848,96,5.877551,31,308.370,31.745,255,8,1,
1778337108047412,341756811,104,6.367347,31,308.088,34.380,255,8,1,
1778337108049411,341766755,112,6.857143,31,307.783,37.012,255,8,1,
1778337108261188,341776722,120,7.346939,31,307.455,39.642,255,8,1,
1778337108262187,341786667,128,7.836735,31,307.105,42.269,255,8,1,
1778337108263186,341796636,136,8.326530,31,306.732,44.892,255,8,1,
1778337108263186,341806575,143,8.755102,31,306.388,47.186,255,8,1,
1778337108264691,341816544,150,9.183674,31,306.026,49.476,255,8,1,
1778337108265696,341826494,158,9.673470,31,305.592,52.090,255,8,1,
1778337108265696,341836459,165,10.102040,31,305.194,54.375,255,8,1,
1778337108266695,341846405,172,10.530612,31,304.779,56.656,255,8,1,
1778337108267699,341856375,178,10.897960,31,304.409,58.609,255,8,1,
1778337108268699,341866322,182,11.142858,30,294.345,57.977,255,8,1,
1778337108268699,341876294,183,11.204082,30,294.282,58.291,255,8,1,
1778337108269699,341886240,182,11.142858,30,294.345,57.977,255,8,1,
1778337108269699,341896209,182,11.142858,29,284.533,56.044,255,8,1,
1778337108270699,341906157,182,11.142858,29,284.533,56.044,255,8,1,
1778337108271699,341916133,182,11.142858,30,294.345,57.977,255,8,1,
1778337108272699,341926083,182,11.142858,30,294.345,57.977,255,8,1,
1778337108273698,341936054,182,11.142858,30,294.345,57.977,255,8,1,
1778337108273698,341946002,182,11.142858,30,294.345,57.977,255,8,1,
1778337108274698,341955973,182,11.142858,30,294.345,57.977,255,8,1,
1778337108274698,341965918,181,11.081633,30,294.406,57.662,255,8,1,
1778337108276021,341975890,180,11.020409,30,294.468,57.348,255,8,1,
1778337108276021,341985841,178,10.897960,30,294.590,56.718,255,8,1,
1778337108277020,341995809,176,10.775511,30,294.710,56.088,255,8,1,
1778337108295694,342005756,172,10.530612,30,294.947,54.828,255,8,1,
1778337108299686,342015725,169,10.346938,30,295.121,53.882,255,8,1,
1778337108306804,342025671,166,10.163265,30,295.293,52.936,255,8,1,
1778337108318303,342035642,162,9.918367,30,295.516,51.673,255,8,1,
1778337108327864,342045585,159,9.734694,30,295.680,50.726,255,8,1,
1778337108481022,342055559,155,9.489796,30,295.894,49.462,255,8,1,
1778337108481022,342065505,151,9.244898,30,296.103,48.196,255,8,1,
1778337108482012,342075470,147,9.000000,30,296.307,46.930,255,8,1,
1778337108482012,342085414,143,8.755102,30,296.504,45.663,255,8,1,
1778337108483012,342095384,139,8.510204,30,296.697,44.396,255,8,1,
1778337108483012,342105334,135,8.265306,30,296.884,43.127,255,8,1,
1778337108484515,342115304,131,8.020409,30,297.066,41.858,255,8,1,
1778337108485520,342125254,126,7.714286,30,297.285,40.270,255,8,1,
1778337108485520,342135229,122,7.469388,30,297.454,38.999,255,8,1,
1778337108486521,342145179,118,7.224490,29,287.698,36.470,255,8,1,
1778337108486521,342155148,113,6.918367,30,297.816,36.137,255,8,1,
1778337108487521,342165094,109,6.673470,30,297.967,34.863,255,8,1,
1778337108487521,342175067,104,6.367347,30,298.149,33.271,255,8,1,
1778337108488521,342185012,100,6.122449,30,298.289,31.996,255,8,1,
1778337108488521,342194988,95,5.816327,30,298.456,30.402,255,8,1,
1778337108489521,342204938,90,5.510204,29,288.660,27.847,255,8,1,
1778337108494521,342214907,86,5.265306,29,288.776,26.613,255,8,1,
1778337108509685,342224859,81,4.959184,29,288.914,25.069,255,8,1,
1778337108514685,342234824,76,4.653061,30,299.011,24.337,255,8,1,
1778337108629866,342244768,71,4.346939,30,299.137,22.739,255,8,1,
1778337108630867,342254736,66,4.040816,30,299.254,21.140,255,8,1,
1778337108631866,342264679,61,3.734694,30,299.363,19.541,255,8,1,
1778337108631866,342274649,56,3.428571,30,299.463,17.941,255,8,1,
1778337108632866,342284590,51,3.122449,30,299.555,16.341,255,8,1,
1778337108633867,342294563,46,2.816327,29,289.650,14.249,255,8,1,
1778337108633867,342304509,40,2.448980,30,299.726,12.819,255,8,1,
1778337108634867,342314477,35,2.142857,30,299.790,11.217,255,8,1,
1778337108634867,342324421,30,1.836735,29,289.851,9.295,255,8,1,
1778337108635965,342334386,25,1.530612,29,289.897,7.746,255,8,1,
1778337108635965,342344327,19,1.163265,29,289.940,5.887,255,8,1,
1778337108636969,342354292,14,0.857143,29,289.968,4.338,255,8,1,
1778337108647479,342364237,8,0.489796,29,289.989,2.479,255,8,1,
1778337108653480,342374201,2,0.122449,29,289.999,0.620,255,8,1,
1778337108802215,342384140,5877,359.816315,30,299.998,-0.962,255,8,1,
1778337108802215,342394105,5871,359.448975,30,299.986,-2.885,255,8,1,
1778337108803216,342404049,5865,359.081635,30,299.961,-4.808,255,8,1,
1778337108803216,342414016,5859,358.714264,30,299.924,-6.732,255,8,1,
1778337108804719,342423958,5853,358.346954,31,309.871,-8.943,255,8,1,
1778337108804719,342433922,5847,357.979584,37,369.770,-13.045,255,8,1,
1778337108805724,342443869,5841,357.612244,48,479.583,-19.998,255,8,1,
1778337108806724,342455830,5834,357.183685,51,509.384,-25.058,255,8,1,
1778337108807724,342465795,5828,356.816315,50,499.228,-27.769,255,8,1,
1778337108807724,342475747,5822,356.448975,50,499.040,-30.969,255,8,1,
1778337108808723,342485719,5815,356.020416,51,508.770,-35.395,255,8,1,
1778337108809723,342495666,5809,355.653076,46,458.677,-34.866,255,8,1,
1778337108810724,342505641,5803,355.285706,46,458.444,-37.806,255,8,1,
1778337108811723,342515588,5796,354.857147,46,458.148,-41.234,255,8,1,
1778337108812723,342525560,5790,354.489807,46,457.874,-44.171,255,8,1,
1778337108813723,342535505,5783,354.061218,46,457.531,-47.594,255,8,1,
1778337108823234,342545480,5777,353.693878,47,467.156,-51.625,255,8,1,
1778337108833374,342555426,5770,353.265320,46,456.826,-53.945,255,8,1,
1778337108849875,342565401,5764,352.897949,46,456.471,-56.873,255,8,1,
1778337108852875,342575350,5757,352.469391,46,456.032,-60.286,255,8,1,
1778337109025790,342585326,5750,352.040802,47,465.472,-65.080,255,8,1,
1778337109025790,342595273,5743,351.612244,46,455.080,-67.101,255,8,1,
1778337109026789,342605243,5736,351.183655,46,454.565,-70.503,255,8,1,
1778337109027794,342615196,5729,350.755127,47,463.895,-75.507,255,8,1,
1778337109027794,342625169,5722,350.326538,51,502.749,-85.697,255,8,1,
1778337109028794,342635115,5715,349.897949,48,472.559,-84.193,255,8,1,
1778337109028794,342645093,5708,349.469391,44,432.589,-80.415,255,8,1,
1778337109029794,342655039,5701,349.040802,43,422.158,-81.747,255,8,1,
1778337109029794,342665009,5694,348.612244,43,421.535,-84.903,255,8,1,
1778337109030794,342674959,5687,348.183655,43,420.888,-88.053,255,8,1,
1778337109030794,342684935,5680,347.755096,43,420.217,-91.199,255,8,1,
1778337109031794,342694882,5672,347.265289,43,419.423,-94.788,255,8,1,
1778337109031794,342704855,5665,346.836731,43,418.702,-97.922,255,8,1,
1778337109032794,342714803,5658,346.408142,43,417.958,-101.052,255,8,1,
1778337109032794,342724779,5650,345.918365,43,417.079,-104.621,255,8,1,
1778337109033794,342734730,5643,345.489777,43,416.284,-107.738,255,8,1,
1778337109033794,342744702,5635,345.000000,43,415.348,-111.292,255,8,1,
1778337109034794,342754649,5628,344.571411,40,385.585,-106.415,255,8,1,
1778337109041302,342764619,5620,344.081635,39,375.045,-106.964,255,8,1,
1778337109050898,342774567,5612,343.591827,39,374.117,-110.167,255,8,1,
1778337109063836,342784538,5604,343.102051,38,363.593,-110.454,255,8,1,
1778337109071129,342794490,5597,342.673462,38,362.757,-113.170,255,8,1,
1778337109237981,342804459,5589,342.183685,38,361.776,-116.267,255,8,1,
1778337109238981,342814410,5581,341.693878,38,360.769,-119.356,255,8,1,
1778337109238981,342824392,5573,341.204102,39,369.202,-125.657,255,8,1,
1778337109239982,342834345,5565,340.714294,39,368.115,-128.809,255,8,1,
1778337109241981,342844323,5557,340.224487,38,357.590,-128.568,255,8,1,
1778337109241981,342854274,5549,339.734680,39,365.859,-135.083,255,8,1,
1778337109242981,342864258,5541,339.244904,39,364.690,-138.206,255,8,1,
1778337109242981,342874206,5533,338.755096,42,391.457,-152.189,255,8,1,
1778337109244483,342884180,5525,338.265320,44,408.720,-162.936,255,8,1,
1778337109245487,342894130,5516,337.714264,49,453.399,-185.821,255,8,1,
1778337109246792,342904107,5508,337.224487,53,488.675,-205.174,255,8,1,
1778337109249654,342914048,5500,336.734680,56,514.464,-221.194,255,8,1,
1778337109251160,342924030,5491,336.183685,56,512.313,-226.131,255,8,1,
1778337109255681,342933978,5483,335.693878,57,519.475,-234.619,255,8,1,
1778337109256680,342943955,5474,335.142853,57,517.194,-239.604,255,8,1,
1778337109258681,342953906,5466,334.653046,57,515.127,-244.016,255,8,1,
1778337109260890,342963876,5457,334.102051,57,512.757,-248.959,255,8,1,
1778337109261893,342973823,5449,333.612244,57,510.610,-253.333,255,8,1,
1778337109263894,342983788,5440,333.061218,58,517.065,-262.762,255,8,1,
1778337109269924,342993737,5431,332.510223,58,514.514,-267.722,255,8,1,
1778337109289753,343003708,5423,332.020416,58,512.207,-272.111,255,8,1,
1778337109290866,343013660,5414,331.469391,58,509.566,-277.024,255,8,1,
1778337109298891,343023632,5405,330.918365,59,515.618,-286.773,255,8,1,
1778337109448786,343033580,5396,330.367340,59,512.836,-291.718,255,8,1,
1778337109448786,343043550,5387,329.816315,60,518.651,-301.664,255,8,1,
1778337109449790,343053496,5378,329.265289,60,515.726,-306.638,255,8,1,
1778337109449790,343063472,5369,328.714294,60,512.753,-311.584,255,8,1,
1778337109451788,343073417,5360,328.163269,61,518.228,-321.775,255,8,1,
1778337109452789,343083388,5351,327.612244,61,515.110,-326.744,255,8,1,
1778337109453788,343093346,5342,327.061218,61,511.944,-331.683,255,8,1,
1778337109456042,343103318,5332,326.448975,62,516.704,-342.661,255,8,1,
1778337109457041,343113264,5323,325.897980,62,513.385,-347.614,255,8,1,
1778337109458041,343123240,5314,325.346924,62,510.018,-352.536,255,8,1,
1778337109459041,343133186,5305,324.795929,63,514.775,-363.189,255,8,1,
1778337109459041,343143151,5295,324.183655,63,510.865,-368.669,255,8,1,
1778337109460545,343153097,5286,323.632660,64,515.348,-379.494,255,8,1,
1778337109462551,343163071,5276,323.020416,64,511.264,-384.979,255,8,1,
1778337109466717,343173020,5267,322.469391,65,515.468,-395.970,255,8,1,
1778337109467718,343182996,5257,321.857147,65,511.208,-401.456,255,8,1,
1778337109468717,343192940,5247,321.244904,66,514.687,-413.155,255,8,1,
1778337109480747,343202912,5238,320.693878,66,510.690,-418.086,255,8,1,
1778337109493544,343212858,5228,320.081635,67,513.863,-429.936,255,8,1,
1778337109496576,343222825,5218,319.469391,68,516.840,-441.901,255,8,1,
1778337109507189,343232761,5208,318.857147,69,519.619,-453.978,255,8,1,
1778337109517626,343242727,5199,318.306122,69,515.229,-458.954,255,8,1,
1778337109535724,343252672,5189,317.693878,70,517.691,-471.164,255,8,1,
1778337109536725,343262641,5179,317.081635,71,519.951,-483.479,255,8,1,
1778337109546233,343272588,5170,316.530609,71,515.277,-488.457,255,8,1,
1778337109711068,343282553,5160,315.918365,72,517.212,-500.891,255,8,1,
1778337109712058,343292501,5150,315.306122,73,518.938,-513.423,255,8,1,
1778337109713058,343302472,5141,314.755096,73,513.977,-518.390,255,8,1,
1778337109714563,343312420,5131,314.142853,74,515.373,-531.028,255,8,1,
1778337109715567,343322390,5121,313.530609,75,516.556,-543.755,255,8,1,
1778337109716567,343332337,5112,312.979584,76,518.121,-556.013,255,8,1,
1778337109717570,343342310,5102,312.367340,77,518.889,-568.906,255,8,1,
1778337109717570,343352255,5092,311.755096,79,526.099,-589.339,255,8,1,
1778337109718570,343362228,5082,311.142853,80,526.351,-602.457,255,8,1,
1778337109719570,343372174,5073,310.591858,81,527.040,-615.085,255,8,1,
1778337109719570,343382157,5063,309.979584,82,526.862,-628.344,255,8,1,
1778337109720571,343392104,5053,309.367340,84,532.804,-649.400,255,8,1,
1778337109722207,343402077,5044,308.816315,85,532.802,-662.286,255,8,1,
1778337109722207,343412027,5034,308.204071,86,531.879,-675.799,255,8,1,
1778337109723212,343421993,5024,307.591858,89,542.929,-705.215,255,8,1,
1778337109723212,343431942,5015,307.040802,90,542.145,-718.386,255,8,1,
1778337109724716,343441917,5005,306.428558,92,546.314,-740.230,255,8,1,
1778337109724716,343451858,4995,305.816345,94,550.078,-762.243,255,8,1,
1778337109734726,343461828,4986,305.265289,94,542.721,-767.498,255,8,1,
1778337109746228,343471769,4976,304.653076,95,540.176,-781.479,255,8,1,
1778337109914744,343481739,4966,304.040802,95,531.794,-787.207,255,8,1,
1778337109915752,343491675,4956,303.428558,94,517.843,-784.499,255,8,1,
1778337109916749,343501643,4947,302.877563,94,510.275,-789.443,255,8,1,
1778337109917751,343511584,4937,302.265289,94,501.810,-794.850,255,8,1,
1778337109918749,343521550,4928,301.714294,94,494.143,-799.639,255,8,1,
1778337109919750,343531493,4918,301.102051,94,485.570,-804.874,255,8,1,
1778337109920750,343541463,4908,300.489777,97,492.163,-835.868,255,8,1,
1778337109921749,343551410,4899,299.938782,95,474.121,-823.231,255,8,1,
1778337109921749,343561378,4889,299.326508,77,377.135,-671.319,255,8,1,
1778337109923750,343571321,4880,298.775513,73,351.407,-639.854,255,8,1,
1778337109923750,343581290,4870,298.163269,81,382.308,-714.101,255,8,1,
1778337109925252,343591235,4860,297.551025,88,407.034,-780.207,255,8,1,
1778337109928258,343601201,4851,297.000000,89,404.052,-792.996,255,8,1,
1778337109929258,343611143,4841,296.387756,89,395.555,-797.268,255,8,1,
1778337109930259,343621115,4832,295.836731,89,387.869,-801.035,255,8,1,
1778337109931259,343631062,4822,295.224487,89,379.288,-805.134,255,8,1,
1778337109933268,343641034,4813,294.673462,89,371.527,-808.744,255,8,1,
1778337109933268,343650982,4803,294.061218,89,362.864,-812.668,255,8,1,
1778337109935778,343660952,4793,293.448975,89,354.160,-816.499,255,8,1,
1778337109941778,343670902,4784,292.897949,89,346.291,-819.867,255,8,1,
1778337109960446,343680866,4774,292.285736,88,333.719,-814.268,255,8,1,
1778337109961956,343690966,4764,291.673462,86,317.612,-799.201,255,8,1,
1778337110100681,343700789,4755,291.122437,75,270.272,-699.609,255,8,1,
1778337110101682,343710739,4746,290.571442,73,256.504,-683.451,255,8,1,
1778337110102681,343720708,4736,289.959167,78,266.253,-733.150,255,8,1,
1778337110104681,343730654,4726,289.346954,85,281.595,-802.000,255,8,1,
1778337110105184,343740630,4717,288.795898,87,280.312,-823.605,255,8,1,
1778337110105184,343750582,4707,288.183685,90,280.858,-855.055,255,8,1,
1778337110106189,343760554,4697,287.571442,88,265.667,-838.940,255,8,1,
1778337110107193,343770504,4688,287.020416,86,251.733,-822.332,255,8,1,
1778337110107193,343780473,4678,286.408173,86,242.931,-824.975,255,8,1,
1778337110108193,343790411,4668,285.795929,89,242.269,-856.391,255,8,1,
1778337110110192,343800380,4659,285.244904,97,255.057,-935.866,255,8,1,
1778337110111192,343810300,4649,284.632660,101,255.147,-977.241,255,8,1,
1778337110111192,343820272,4640,284.081635,102,248.170,-989.349,255,8,1,
1778337110112192,343830218,4630,283.469391,101,235.255,-982.219,255,8,1,
1778337110113192,343840188,4621,282.918365,102,228.034,-994.183,255,8,1,
1778337110120704,343850136,4612,282.367340,102,218.462,-996.330,255,8,1,
1778337110130236,343860105,4602,281.755096,100,203.729,-979.027,255,8,1,
1778337110143746,343870065,4592,281.142853,94,181.660,-922.279,255,8,1,
1778337110150256,343880042,4583,280.591827,83,152.563,-815.858,255,8,1,
1778337110279360,343889991,4574,280.040833,86,149.941,-846.828,255,8,1,
1778337110280361,343899965,4564,279.428558,85,139.245,-838.517,255,8,1,
1778337110280361,343909915,4554,278.816345,74,113.418,-731.257,255,8,1,
1778337110281362,343919888,4545,278.265289,70,100.630,-692.729,255,8,1,
1778337110281362,343929829,4536,277.714294,73,97.990,-723.393,255,8,1,
1778337110282361,343939806,4526,277.102051,79,97.673,-783.939,255,8,1,
1778337110282361,343949761,4516,276.489777,85,96.072,-844.553,255,8,1,
1778337110283361,343959733,4507,275.938782,84,86.911,-835.492,255,8,1,
1778337110283361,343969684,4498,275.387756,75,70.422,-746.687,255,8,1,
1778337110284865,343979658,4488,274.775513,66,54.946,-657.709,255,8,1,
1778337110284865,343989610,4478,274.163269,63,45.737,-628.338,255,8,1,
1778337110285870,343999587,4469,273.612244,61,38.432,-608.788,255,8,1,
1778337110285870,344009687,4459,273.000000,59,30.878,-589.191,255,8,1,
1778337110287870,344019512,4450,272.448975,59,25.210,-589.461,255,8,1,
1778337110297873,344029461,4441,271.897949,61,20.203,-609.665,255,8,1,
1778337110313385,344039435,4431,271.285736,64,14.361,-639.839,255,8,1,
1778337110317900,344049385,4422,270.734680,82,10.514,-819.933,255,8,1,
1778337110452864,344059334,4412,270.122467,99,2.116,-989.998,255,8,1,
1778337110452864,344069277,4402,269.510193,104,-8.891,-1039.962,255,8,1,
1778337110453864,344079249,4393,268.959167,108,-19.618,-1079.822,255,8,1,
1778337110454865,344089192,4383,268.346954,115,-33.174,-1149.521,255,8,1,
1778337110456226,344101148,4372,267.673462,116,-47.090,-1159.044,255,8,1,
1778337110456226,344111126,4362,267.061218,121,-62.035,-1208.409,255,8,1,
1778337110457227,344121062,4353,266.510223,126,-76.697,-1257.664,255,8,1,
1778337110457227,344131043,4343,265.897949,127,-90.847,-1266.747,255,8,1,
1778337110458227,344140982,4334,265.346954,129,-104.647,-1285.748,255,8,1,
1778337110458227,344150964,4325,264.795898,129,-117.008,-1284.683,255,8,1,
1778337110459227,344160902,4315,264.183685,130,-131.741,-1293.307,255,8,1,
1778337110460227,344170879,4306,263.632660,129,-143.064,-1282.042,255,8,1,
1778337110460227,344180820,4296,263.020386,129,-156.756,-1280.440,255,8,1,
1778337110461730,344190802,4287,262.469391,137,-179.546,-1358.184,255,8,1,
1778337110468962,344200752,4278,261.918365,152,-213.688,-1504.905,255,8,1,
1778337110483480,344210734,4268,261.306122,164,-247.895,-1621.156,255,8,1,
1778337110488994,344220685,4259,260.755127,176,-282.751,-1737.139,255,8,1,
1778337110658652,344230667,4249,260.142853,181,-309.858,-1783.280,255,8,1,
1778337110659653,344240620,4240,259.591827,191,-345.060,-1878.572,255,8,1,
1778337110659653,344250604,4230,258.979584,205,-391.875,-2012.196,255,8,1,
1778337110659653,344260560,4221,258.428558,225,-451.327,-2204.270,226,8,1,
1778337110661157,344270532,4212,257.877563,240,-504.003,-2346.483,217,8,1,
1778337110662163,344280495,4202,257.265289,249,-548.889,-2428.749,224,8,1,
1778337110662163,344290469,4193,256.714294,254,-583.710,-2472.020,210,8,1,
1778337110663162,344300430,4184,256.163269,259,-619.414,-2514.841,212,8,1,
1778337110663162,344310401,4174,255.551025,259,-646.251,-2508.079,202,8,1,
1778337110664669,344320359,4165,255.000000,264,-683.282,-2550.044,195,8,1,
1778337110664669,344330326,4155,254.387756,266,-715.874,-2561.860,197,8,1,
1778337110665674,344340283,4146,253.836731,270,-751.614,-2593.275,186,8,1,
1778337110665674,344350249,4137,253.285721,273,-785.146,-2614.660,181,8,1,
1778337110666674,344360203,4127,252.673462,275,-818.997,-2625.213,186,8,1,
1778337110667674,344370169,4118,252.122452,278,-853.415,-2645.767,177,8,1,
1778337110667674,344380129,4109,251.571426,281,-888.303,-2665.899,183,8,1,
1778337110668675,344390099,4099,250.959198,281,-916.738,-2656.255,176,8,1,
1778337110668675,344400059,4090,250.408157,280,-938.889,-2637.895,179,8,1,
1778337110676012,344410022,4081,249.857147,279,-960.770,-2619.355,171,8,1,
1778337110686528,344419984,4071,249.244888,280,-992.249,-2618.290,175,8,1,
1778337110700603,344429959,4062,248.693878,275,-999.215,-2562.044,184,8,1,
1778337110705661,344439896,4053,248.142853,224,-833.938,-2078.978,255,8,0,distance_jump
1778337110861863,344449876,4043,247.530624,124,-473.915,-1145.864,255,8,0,distance_jump
1778337110861863,344459822,4034,246.979584,111,-434.076,-1021.606,255,8,1,
1778337110862867,344469799,4025,246.428574,109,-435.882,-999.053,255,8,1,
1778337110863868,344479752,4016,245.877548,106,-433.209,-967.435,255,8,1,
1778337110863868,344489728,4006,245.265320,105,-439.338,-953.668,255,8,1,
1778337110864868,344499678,3997,244.714279,105,-448.489,-949.398,255,8,1,
1778337110865891,344509650,3988,244.163269,104,-453.241,-936.041,255,8,1,
1778337110865891,344519601,3978,243.551010,103,-458.763,-922.191,255,8,1,
1778337110866896,344529578,3969,243.000000,102,-463.070,-908.827,255,8,1,
1778337110867897,344539531,3960,242.448975,100,-462.538,-886.599,255,8,1,
1778337110868896,344549507,3951,241.897964,102,-480.464,-899.752,255,8,1,
1778337110868896,344559456,3941,241.285706,103,-494.856,-903.337,255,8,1,
1778337110869897,344569436,3932,240.734695,102,-498.631,-889.813,255,8,1,
1778337110870897,344579389,3923,240.183670,102,-507.166,-884.976,255,8,1,
1778337110870897,344589363,3914,239.632645,101,-510.598,-871.430,255,8,1,
1778337110871896,344599317,3904,239.020401,101,-519.880,-865.924,255,8,1,
1778337110873899,344609296,3895,238.469391,100,-522.954,-852.361,255,8,1,
1778337110887922,344619271,3886,237.918381,99,-525.816,-838.819,255,8,1,
1778337111022295,344629253,3876,237.306122,97,-523.946,-816.321,255,8,1,
1778337111022295,344639202,3867,236.755096,97,-531.772,-811.245,255,8,1,
1778337111023296,344649182,3858,236.204086,96,-533.987,-797.783,255,8,1,
1778337111023296,344659131,3848,235.591827,94,-531.180,-775.531,255,8,1,
1778337111023296,344669111,3839,235.040817,92,-527.153,-753.996,255,8,1,
1778337111024801,344679059,3830,234.489807,91,-528.571,-740.751,255,8,1,
1778337111025806,344689031,3820,233.877548,90,-530.562,-726.983,255,8,1,
1778337111025806,344698980,3811,233.326523,89,-531.556,-713.826,255,8,1,
1778337111026812,344708946,3802,232.775513,88,-532.347,-700.719,255,8,1,
1778337111026812,344718900,3793,232.224503,88,-539.061,-695.567,255,8,1,
1778337111027812,344728872,3783,231.612244,89,-552.672,-697.605,255,8,1,
1778337111028812,344738821,3774,231.061234,89,-559.356,-692.258,255,8,1,
1778337111028812,344748795,3765,230.510208,89,-565.987,-686.847,255,8,1,
1778337111029811,344758746,3755,229.897949,89,-573.294,-680.760,255,8,1,
1778337111032811,344768723,3746,229.346939,88,-573.300,-667.628,255,8,1,
1778337111042935,344778677,3737,228.795929,87,-573.106,-654.560,255,8,1,
1778337111054490,344788650,3728,228.244888,86,-572.715,-641.558,255,8,1,
1778337111063005,344798602,3718,227.632660,85,-572.799,-628.014,255,8,1,
1778337111215517,344808576,3709,227.081635,84,-572.003,-615.153,255,8,1,
1778337111216519,344818524,3700,226.530624,85,-584.772,-616.881,255,8,1,
1778337111216519,344828500,3690,225.918365,84,-584.373,-603.413,255,8,1,
1778337111217524,344838450,3681,225.367355,85,-597.175,-604.882,255,8,1,
1778337111217524,344848429,3672,224.816315,87,-617.152,-613.208,255,8,1,
1778337111218525,344858374,3662,224.204086,88,-630.838,-613.550,255,8,1,
1778337111218525,344868352,3653,223.653061,89,-643.944,-614.358,255,8,1,
1778337111219523,344878304,3644,223.102051,88,-642.521,-601.304,255,8,1,
1778337111220523,344888280,3634,222.489792,84,-619.414,-567.385,255,8,1,
1778337111221524,344898228,3625,221.938782,82,-609.965,-548.036,255,8,1,
1778337111221524,344908196,3615,221.326538,81,-608.276,-534.883,255,8,1,
1778337111222526,344918143,3606,220.775528,81,-613.392,-529.009,255,8,1,
1778337111223523,344928114,3597,220.224487,80,-610.816,-516.627,255,8,1,
1778337111223523,344938067,3587,219.612244,80,-616.302,-510.071,255,8,1,
1778337111224523,344948034,3578,219.061218,80,-621.178,-504.120,255,8,1,
1778337111225027,344957980,3569,218.510208,80,-625.998,-498.123,255,8,1,
1778337111231047,344967948,3560,217.959183,80,-630.759,-492.080,255,8,1,
1778337111245060,344977896,3550,217.346924,80,-635.982,-485.312,255,8,1,
1778337111250064,344987857,3541,216.795914,81,-648.627,-485.163,255,8,1,
1778337111260572,344997804,3532,216.244904,81,-653.263,-478.903,255,8,1,
1778337111425802,345007773,3522,215.632660,80,-650.215,-466.069,255,8,1,
1778337111425802,345017711,3513,215.081635,81,-662.851,-465.542,255,8,1,
1778337111426802,345027688,3504,214.530609,81,-667.297,-459.146,255,8,1,
1778337111426802,345037634,3494,213.918350,82,-680.464,-457.569,255,8,1,
1778337111427802,345047614,3485,213.367340,82,-684.832,-451.004,255,8,1,
1778337111428802,345057565,3476,212.816330,82,-689.138,-444.397,255,8,1,
1778337111429803,345066538,3466,212.204086,82,-693.847,-437.008,255,8,1,
1778337111429803,345077492,3457,211.653076,82,-698.018,-430.315,255,8,1,
1778337111430802,345087469,3448,211.102036,82,-702.124,-423.582,255,8,1,
1778337111430802,345097417,3439,210.551025,82,-706.165,-416.811,255,8,1,
1778337111430802,345107394,3429,209.938782,82,-710.578,-409.241,255,8,1,
1778337111432261,345117342,3420,209.387756,82,-714.481,-402.388,255,8,1,
1778337111433265,345127322,3411,208.836731,82,-718.318,-395.499,255,8,1,
1778337111433265,345137275,3402,208.285721,83,-730.894,-393.311,255,8,1,
1778337111433265,345147253,3392,207.673462,83,-735.055,-385.478,255,8,0,unstable_angle_bin
1778337111434769,345157205,3383,207.122452,84,-747.629,-382.951,255,8,0,unstable_angle_bin
1778337111434769,345167187,3374,206.571426,84,-751.277,-375.743,255,8,0,unstable_angle_bin
1778337111450837,345177138,3364,205.959198,91,-818.186,-398.335,255,8,0,unstable_angle_bin
1778337111452837,345187100,3355,205.408157,127,-1147.158,-544.911,255,8,1,
1778337111461848,345197048,3346,204.857147,177,-1606.025,-744.032,255,8,1,
1778337111680506,345207026,3337,204.306107,201,-1831.832,-827.339,255,8,1,
1778337111682866,345216972,3327,203.693878,207,-1895.510,-831.829,255,8,1,
1778337111683865,345226948,3318,203.142853,208,-1912.618,-817.492,255,8,1,
1778337111684876,345236900,3309,202.591843,208,-1920.391,-799.061,255,8,1,
1778337111687173,345246878,3300,202.040802,208,-1927.987,-780.555,255,8,1,
1778337111692182,345256827,3290,201.428574,207,-1926.909,-756.256,255,8,1,
1778337111693172,345266810,3281,200.877548,208,-1943.436,-741.254,255,8,1,
1778337111693172,345276760,3272,200.326538,214,-2006.738,-743.372,255,8,1,
1778337111694676,345286741,3263,199.775513,223,-2098.487,-754.489,255,8,1,
1778337111696683,345296693,3254,199.224487,237,-2237.839,-780.370,255,8,1,
1778337111699682,345306666,3244,198.612228,248,-2350.297,-791.521,255,8,1,
1778337111700681,345316627,3235,198.061218,252,-2395.829,-781.283,255,8,1,
1778337111702686,345326594,3226,197.510208,251,-2393.695,-755.198,255,8,0,unstable_angle_bin
1778337111703681,345336559,3217,196.959183,250,-2391.282,-729.226,255,8,0,unstable_angle_bin
1778337111704680,345345539,3208,196.408173,246,-2359.813,-694.897,255,8,0,unstable_angle_bin
1778337111705183,345356486,3199,195.857132,207,-1991.228,-565.606,255,8,0,unstable_angle_bin
1778337111706187,345366457,3190,195.306122,155,-1495.020,-409.163,255,8,1,
1778337111707187,345376410,3181,194.755112,112,-1083.066,-285.251,255,8,1,
1778337111708188,345386413,3171,194.142853,95,-921.205,-232.123,255,8,1,
1778337111709187,345396366,3162,193.591843,87,-845.635,-204.453,255,8,1,
1778337111710188,345406351,3153,193.040817,86,-837.820,-194.055,255,8,1,
1778337111711186,345416301,3144,192.489807,86,-839.648,-185.989,255,8,1,
1778337111712186,345426280,3135,191.938766,86,-841.398,-177.905,255,8,1,
1778337111713186,345436238,3126,191.387756,86,-843.070,-169.805,255,8,1,
1778337111713186,345446218,3117,190.836731,85,-834.842,-159.809,255,8,1,
1778337111716452,345456166,3108,190.285721,85,-836.340,-151.773,255,8,1,
1778337111725910,345466149,3098,189.673462,85,-837.914,-142.828,255,8,1,
1778337111742114,345476102,3090,189.183670,85,-839.105,-135.660,255,8,1,
1778337111745620,345486085,3080,188.571442,84,-830.618,-125.196,255,8,1,
1778337111758127,345496034,3071,188.020401,83,-821.881,-115.806,255,8,1,
1778337111950774,345506020,3062,187.469391,79,-783.296,-102.697,255,8,1,
1778337111951775,345515972,3053,186.918365,72,-714.758,-86.728,255,8,1,
1778337111951775,345525957,3044,186.367355,70,-695.682,-77.632,255,8,1,
1778337111952774,345535908,3035,185.816315,69,-686.448,-69.924,255,8,1,
1778337111952774,345545885,3026,185.265305,68,-677.131,-62.402,255,8,1,
1778337111953776,345555844,3017,184.714294,68,-677.700,-55.887,255,8,1,
1778337111954774,345565819,3008,184.163254,68,-678.206,-49.367,255,8,1,
1778337111954774,345575772,2999,183.612244,62,-618.768,-39.062,255,8,1,
1778337111956026,345589737,2986,182.816315,60,-599.275,-29.481,255,8,1,
1778337111957028,345599694,2977,182.265305,60,-599.531,-23.716,255,8,1,
1778337111957028,345609677,2968,181.714294,60,-599.731,-17.949,255,8,1,
1778337111958027,345619631,2958,181.102051,61,-609.887,-11.732,255,8,1,
1778337111959026,345629614,2949,180.551010,61,-609.972,-5.866,255,8,1,
1778337111959026,345639572,2940,180.000000,61,-610.000,0.000,255,8,1,
1778337111960025,345649556,2931,179.448975,61,-609.972,5.866,255,8,1,
1778337111960025,345659517,2922,178.897949,60,-599.889,11.540,255,8,1,
1778337111961529,345669495,2913,178.346939,60,-599.750,17.308,255,8,1,
1778337111962534,345679457,2904,177.795929,60,-599.556,23.075,255,8,1,
1778337111962534,345689436,2894,177.183670,60,-599.275,29.481,255,8,1,
1778337111963535,345699395,2885,176.632660,60,-598.964,35.242,255,8,1,
1778337111967048,345709385,2876,176.081635,60,-598.597,41.001,255,8,1,
1778337111986069,345719339,2867,175.530609,60,-598.175,46.756,255,8,1,
1778337111987074,345729329,2858,174.979584,59,-587.737,51.631,255,8,1,
1778337112159112,345739288,2848,174.367355,55,-547.344,53.982,255,8,1,
1778337112159628,345749271,2839,173.816330,53,-526.916,57.089,255,8,1,
1778337112160699,345759231,2830,173.265305,53,-526.343,62.154,255,8,1,
1778337112161207,345769212,2821,172.714279,57,-565.398,72.286,255,8,1,
1778337112161207,345779169,2812,172.163254,57,-564.677,77.720,255,8,1,
1778337112162881,345789150,2803,171.612244,56,-554.010,81.688,255,8,1,
1778337112162881,345799109,2794,171.061234,56,-553.199,87.012,255,8,1,
1778337112163885,345809091,2784,170.448975,56,-552.237,92.918,255,8,1,
1778337112164388,345819048,2775,169.897964,56,-551.318,98.225,255,8,1,
1778337112164891,345829026,2766,169.346939,56,-550.348,103.522,255,8,1,
1778337112165405,345838991,2757,168.795914,55,-539.518,106.867,255,8,1,
1778337112165405,345848971,2748,168.244904,55,-538.465,112.051,255,8,1,
1778337112166408,345858929,2739,167.693878,55,-537.363,117.224,255,8,1,
1778337112166408,345868905,2730,167.142853,55,-536.210,122.387,255,8,1,
1778337112167408,345878856,2721,166.591843,55,-535.009,127.538,255,8,1,
1778337112168409,345888833,2712,166.040817,55,-533.757,132.677,255,8,1,
1778337112168912,345898792,2703,165.489792,54,-522.776,135.298,255,8,1,
1778337112169916,345908768,2694,164.938782,54,-521.450,140.320,255,8,1,
1778337112174922,345918718,2685,164.387756,54,-520.077,145.328,255,8,1,
1778337112184957,345928694,2676,163.836731,54,-518.655,150.323,255,8,1,
1778337112375791,345938652,2666,163.224487,53,-507.445,152.970,255,8,1,
1778337112376792,345948632,2658,162.734695,50,-477.470,148.398,255,8,1,
1778337112376792,345958589,2648,162.122437,44,-418.754,135.073,255,8,1,
1778337112377798,345968569,2639,161.571426,43,-407.949,135.933,255,8,1,
1778337112378797,345978524,2630,161.020416,43,-406.623,139.849,255,8,1,
1778337112378797,345988503,2622,160.530624,43,-405.413,143.320,255,8,1,
1778337112379797,345998461,2612,159.918365,42,-394.466,144.211,255,8,1,
1778337112379797,346008438,2603,159.367340,42,-393.061,147.998,255,8,1,
1778337112380797,346018394,2594,158.816330,41,-382.295,148.157,255,8,1,
1778337112380797,346028369,2585,158.265305,41,-380.852,151.827,255,8,1,
1778337112381797,346038319,2576,157.714294,41,-379.375,155.482,255,8,1,
1778337112381797,346048295,2567,157.163269,41,-377.862,159.124,255,8,1,
1778337112382797,346058248,2558,156.612244,41,-376.314,162.750,255,8,1,
1778337112383301,346068230,2549,156.061218,40,-365.592,162.304,255,8,1,
1778337112383301,346078180,2540,155.510208,40,-364.014,165.812,255,8,1,
1778337112384812,346088154,2531,154.959183,40,-362.403,169.306,255,8,1,
1778337112384812,346098106,2522,154.408157,40,-360.758,172.783,255,8,1,
1778337112385816,346108085,2513,153.857147,40,-359.079,176.244,255,8,1,
1778337112385816,346118040,2504,153.306122,39,-348.434,175.197,255,8,1,
1778337112386816,346128018,2495,152.755096,39,-346.733,178.540,255,8,1,
1778337112398329,346137978,2486,152.204086,39,-345.000,181.866,255,8,1,
1778337112403331,346147947,2477,151.653061,39,-343.235,185.176,255,8,1,
1778337112542302,346157907,2468,151.102036,39,-341.438,188.468,255,8,1,
1778337112543303,346167886,2459,150.551025,39,-339.610,191.743,255,8,1,
1778337112544807,346177841,2450,150.000000,38,-329.090,190.000,255,8,1,
1778337112544807,346187814,2441,149.448990,38,-327.247,193.156,255,8,1,
1778337112545812,346197763,2433,148.959183,38,-325.584,195.946,255,8,1,
1778337112546813,346207741,2424,148.408157,38,-323.685,199.069,255,8,1,
1778337112546813,346217690,2415,147.857147,38,-321.755,202.172,255,8,1,
1778337112547819,346227671,2406,147.306122,38,-319.796,205.257,255,8,1,
1778337112547819,346237620,2397,146.755096,38,-317.807,208.323,255,8,1,
1778337112548820,346247600,2388,146.204086,38,-315.789,211.370,255,8,1,
1778337112549818,346257553,2379,145.653061,37,-305.485,208.755,255,8,1,
1778337112549818,346267528,2370,145.102036,37,-303.464,211.683,255,8,1,
1778337112550819,346277476,2361,144.551025,37,-301.414,214.592,255,8,1,
1778337112550819,346287452,2352,144.000000,37,-299.336,217.481,255,8,1,
1778337112551819,346297403,2343,143.448975,37,-297.231,220.349,255,8,1,
1778337112561331,346307378,2334,142.897964,37,-295.098,223.197,255,8,1,
1778337112570923,346317330,2325,142.346939,37,-292.938,226.025,255,8,1,
1778337112586952,346327306,2316,141.795929,37,-290.751,228.832,255,8,1,
1778337112590953,346337256,2308,141.306122,37,-288.784,231.309,255,8,1,
1778337112750796,346347232,2299,140.755096,37,-286.546,234.075,255,8,1,
1778337112750796,346357181,2290,140.204086,37,-284.282,236.820,255,8,1,
1778337112751795,346367161,2281,139.653061,36,-274.370,233.069,255,8,1,
1778337112752796,346377106,2272,139.102036,36,-272.116,235.697,255,8,1,
1778337112752796,346387086,2263,138.551025,36,-269.836,238.303,255,8,1,
1778337112753795,346397035,2254,138.000000,36,-267.532,240.887,255,8,1,
1778337112754797,346407009,2246,137.510208,36,-265.463,243.165,255,8,1,
1778337112755881,346416956,2237,136.959183,36,-263.112,245.707,255,8,1,
1778337112755881,346426939,2228,136.408157,36,-260.737,248.226,255,8,1,
1778337112756880,346436886,2219,135.857147,36,-258.338,250.722,255,8,1,
1778337112756880,346446869,2210,135.306122,36,-255.915,253.195,255,8,1,
1778337112757879,346456819,2201,134.755096,36,-253.468,255.644,255,8,1,
1778337112758878,346466799,2192,134.204086,36,-250.998,258.070,255,8,1,
1778337112759878,346476751,2184,133.714294,36,-248.783,260.206,255,8,1,
1778337112759878,346486727,2175,133.163269,36,-246.269,262.587,255,8,1,
1778337112760880,346496680,2166,132.612244,36,-243.732,264.943,255,8,1,
1778337112760880,346506655,2157,132.061218,36,-241.173,267.275,255,8,1,
1778337112768896,346516604,2148,131.510193,36,-238.591,269.582,255,8,1,
1778337112784976,346526584,2140,131.020401,35,-229.715,264.067,255,8,1,
1778337112788985,346536532,2131,130.469391,35,-227.165,266.263,255,8,1,
1778337112944889,346546508,2122,129.918365,35,-224.593,268.436,255,8,1,
1778337112944889,346556454,2113,129.367355,35,-222.002,270.583,255,8,1,
1778337112945894,346566436,2104,128.816330,35,-219.389,272.706,255,8,1,
1778337112945894,346576385,2096,128.326538,35,-217.050,274.571,255,8,1,
1778337112946898,346586356,2087,127.775513,35,-214.399,276.646,255,8,1,
1778337112946898,346596305,2078,127.224487,35,-211.729,278.695,255,8,1,
1778337112947898,346606290,2069,126.673470,35,-209.039,280.718,255,8,1,
1778337112948899,346616245,2060,126.122444,35,-206.329,282.716,255,8,1,
1778337112949899,346626222,2051,125.571426,35,-203.601,284.687,255,8,1,
1778337112950898,346636170,2043,125.081635,35,-201.160,286.417,255,8,1,
1778337112950898,346646148,2034,124.530609,35,-198.396,288.338,255,8,1,
1778337112951898,346656099,2025,123.979599,35,-195.614,290.233,255,8,1,
1778337112952899,346666076,2016,123.428574,35,-192.814,292.101,255,8,1,
1778337112952899,346676022,2007,122.877556,35,-189.996,293.941,255,8,1,
1778337112953899,346686004,1998,122.326530,35,-187.160,295.755,255,8,1,
1778337112953899,346695957,1990,121.836739,35,-184.625,297.344,255,8,1,
1778337112957092,346705934,1981,121.285713,35,-181.757,299.106,255,8,1,
1778337112972679,346715890,1972,120.734695,35,-178.872,300.840,255,8,1,
1778337112976778,346725863,1964,120.244904,35,-176.294,302.358,255,8,1,
1778337113130600,346735820,1955,119.693878,34,-168.424,295.353,255,8,1,
1778337113130600,346745798,1946,119.142853,34,-165.576,296.959,255,8,1,
1778337113132104,346755745,1937,118.591835,34,-162.713,298.537,255,8,1,
1778337113132104,346765718,1929,118.102043,34,-160.155,299.917,255,8,1,
1778337113133109,346775661,1920,117.551018,34,-157.263,301.444,255,8,1,
1778337113133109,346785640,1911,116.999992,34,-154.357,302.942,255,8,1,
1778337113134614,346795603,1902,116.448982,34,-151.436,304.413,255,8,1,
1778337113135619,346805575,1894,115.959183,34,-148.828,305.696,255,8,1,
1778337113136621,346815525,1885,115.408157,34,-145.882,307.113,255,8,1,
1778337113136621,346825509,1876,114.857147,34,-142.921,308.502,255,8,1,
1778337113137620,346835458,1867,114.306122,34,-139.948,309.862,255,8,1,
1778337113137620,346845433,1858,113.755104,34,-136.962,311.194,255,8,1,
1778337113138619,346855386,1850,113.265312,34,-134.296,312.353,255,8,1,
1778337113139618,346865363,1841,112.714287,34,-131.286,313.630,255,8,1,
1778337113139618,346875319,1832,112.163261,34,-128.264,314.878,255,8,1,
1778337113140618,346885291,1824,111.673470,34,-125.568,315.963,255,8,1,
1778337113145626,346895242,1815,111.122452,33,-118.920,307.828,255,8,1,
1778337113157671,346905216,1806,110.571426,34,-119.467,318.320,255,8,1,
1778337113165721,346915162,1798,110.081635,34,-116.742,319.329,255,8,1,
1778337113175213,346925133,1789,109.530609,34,-113.666,320.437,255,8,1,
1778337113357602,346935084,1780,108.979591,34,-110.579,321.516,255,8,1,
1778337113357602,346945057,1771,108.428566,33,-104.320,313.077,255,8,1,
1778337113358602,346955000,1763,107.938774,33,-101.640,313.957,255,8,1,
1778337113359602,346964966,1754,107.387756,33,-98.616,314.920,255,8,1,
1778337113360602,346974914,1745,106.836731,33,-95.583,315.854,255,8,1,
1778337113360602,346984882,1737,106.346939,33,-92.879,316.660,255,8,1,
1778337113360602,346994831,1728,105.795914,33,-89.830,317.538,255,8,1,
1778337113362107,347004801,1719,105.244896,33,-86.772,318.388,255,8,1,
1778337113362107,347014746,1711,104.755096,34,-86.594,328.788,255,8,1,
1778337113363112,347024717,1702,104.204079,33,-80.974,319.911,255,8,1,
1778337113363112,347034662,1693,103.653069,33,-77.894,320.675,255,8,1,
1778337113364616,347044629,1685,103.163261,33,-75.150,321.329,255,8,1,
1778337113365621,347054570,1676,102.612244,33,-72.056,322.037,255,8,1,
1778337113365621,347064539,1668,102.122444,33,-69.301,322.641,255,8,1,
1778337113366621,347074483,1659,101.571426,34,-68.200,333.090,255,8,1,
1778337113367621,347084452,1650,101.020401,34,-64.994,333.730,255,8,1,
1778337113367621,347094402,1642,100.530609,33,-60.311,324.442,255,8,1,
1778337113369125,347104374,1633,99.979591,33,-57.188,325.007,255,8,1,
1778337113369876,347114324,1624,99.428574,33,-54.060,325.542,255,8,1,
1778337113373158,347124300,1616,98.938774,33,-51.275,325.992,255,8,1,
1778337113390613,347134245,1607,98.387749,33,-48.138,326.470,255,8,1,
1778337113392613,347144215,1598,97.836739,33,-44.996,326.918,255,8,1,
1778337113563499,347154162,1590,97.346939,34,-43.478,337.209,255,8,1,
1778337113564500,347164127,1581,96.795921,34,-40.233,337.611,255,8,1,
1778337113565004,347174072,1572,96.244904,34,-36.985,337.982,255,8,1,
1778337113566008,347184041,1564,95.755096,34,-34.094,338.286,255,8,1,
1778337113567010,347193982,1556,95.265305,34,-31.201,338.565,255,8,1,
1778337113567010,347203955,1547,94.714279,34,-27.944,338.850,255,8,1,
1778337113568010,347213902,1538,94.163261,34,-24.684,339.103,255,8,1,
1778337113568010,347223872,1530,93.673470,33,-21.143,329.322,255,8,1,
1778337113569010,347233814,1521,93.122444,33,-17.975,329.510,255,8,1,
1778337113569010,347243782,1513,92.632652,33,-15.158,329.652,255,8,1,
1778337113570010,347253728,1504,92.081627,33,-11.987,329.782,255,8,1,
1778337113571010,347263700,1496,91.591835,33,-9.167,329.873,255,8,1,
1778337113572010,347273647,1487,91.040817,33,-5.994,329.946,255,8,1,
1778337113573010,347283616,1479,90.551025,34,-3.270,339.984,255,8,1,
1778337113573010,347293565,1470,90.000000,34,0.000,340.000,255,8,1,
1778337113573010,347303537,1462,89.510201,34,2.906,339.988,255,8,1,
1778337113574513,347313482,1453,88.959183,34,6.176,339.944,255,8,1,
1778337113574513,347323448,1444,88.408165,34,9.445,339.869,255,8,1,
1778337113580520,347333397,1436,87.918373,34,12.350,339.776,255,8,1,
1778337113595547,347343369,1427,87.367348,34,15.617,339.641,255,8,1,
1778337113602548,347353318,1419,86.877548,34,18.520,339.495,255,8,1,
1778337113611053,347363293,1410,86.326530,34,21.784,339.301,255,8,1,
1778337113750371,347373243,1402,85.836731,34,24.684,339.103,255,8,1,
1778337113751371,347383216,1394,85.346939,34,27.581,338.879,255,8,1,
1778337113751371,347393162,1385,84.795921,34,30.839,338.599,255,8,1,
1778337113752371,347403136,1377,84.306122,34,33.733,338.322,255,8,1,
1778337113752371,347413078,1369,83.816330,34,36.623,338.022,255,8,1,
1778337113753370,347423057,1360,83.265305,34,39.873,337.654,255,8,1,
1778337113753370,347433003,1352,82.775505,34,42.758,337.301,255,8,1,
1778337113754876,347442970,1344,82.285713,34,45.639,336.923,255,8,1,
1778337113754876,347452914,1335,81.734695,34,48.877,336.468,255,8,1,
1778337113755882,347462882,1327,81.244896,34,51.752,336.038,255,8,1,
1778337113755882,347472827,1318,80.693878,34,54.981,335.525,255,8,1,
1778337113756888,347482797,1310,80.204079,34,57.847,335.043,255,8,1,
1778337113756888,347492742,1302,79.714287,34,60.709,334.536,255,8,1,
1778337113757887,347502717,1293,79.163261,34,63.924,333.937,255,8,1,
1778337113758886,347512665,1285,78.673470,34,66.776,333.378,255,8,1,
1778337113771292,347522639,1277,78.183670,34,69.624,332.795,255,8,1,
1778337113778806,347532584,1268,77.632652,34,72.821,332.110,255,8,1,
1778337113792318,347542561,1260,77.142860,34,75.657,331.475,255,8,1,
1778337113798875,347552506,1252,76.653061,35,80.796,340.547,255,8,1,
1778337113808925,347562479,1243,76.102043,35,84.068,339.754,255,8,1,
1778337113974694,347572427,1235,75.612244,35,86.969,339.023,255,8,1,
1778337113974694,347582401,1227,75.122444,35,89.864,338.267,255,8,1,
1778337113975700,347592348,1218,74.571426,35,93.113,337.387,255,8,1,
1778337113975700,347602323,1210,74.081635,35,95.994,336.579,255,8,1,
1778337113976699,347612276,1202,73.591835,35,98.867,335.746,255,8,1,
1778337113976699,347622252,1194,73.102043,35,101.734,334.888,255,8,1,
1778337113977699,347632196,1185,72.551018,35,104.950,333.895,255,8,1,
1778337113978699,347642180,1177,72.061226,35,107.800,332.985,255,8,1,
1778337113978699,347652131,1169,71.571426,35,110.643,332.051,255,8,1,
1778337113979699,347662106,1161,71.081635,35,113.477,331.094,255,8,1,
1778337113979699,347672054,1152,70.530609,36,119.989,339.415,255,8,1,
1778337113980699,347682030,1144,70.040817,36,122.886,338.377,255,8,1,
1778337113980699,347691982,1136,69.551018,36,125.774,337.314,255,8,1,
1778337113981699,347701954,1127,69.000000,36,129.012,336.089,255,8,1,
1778337113982700,347711903,1119,68.510208,36,131.881,334.974,255,8,1,
1778337113982700,347721875,1111,68.020409,36,134.739,333.834,255,8,1,
1778337113983699,347731819,1103,67.530617,36,137.588,332.670,255,8,1,
1778337113986774,347741794,1094,66.979591,36,140.781,331.332,255,8,1,
1778337113996804,347751746,1086,66.489792,36,143.608,330.116,255,8,1,
1778337114005917,347761718,1078,66.000000,36,146.425,328.876,255,8,1,
1778337114020772,347771667,1070,65.510201,36,149.231,327.613,255,8,1,
1778337114026279,347781645,1062,65.020409,36,152.026,326.325,255,8,1,
1778337114169928,347791596,1054,64.530609,36,154.810,325.013,255,8,1,
1778337114169928,347801570,1045,63.979591,36,157.929,323.510,255,8,1,
1778337114170927,347811517,1037,63.489796,36,160.689,322.148,255,8,1,
1778337114171928,347821487,1029,63.000000,36,163.437,320.762,255,8,1,
1778337114171928,347831439,1021,62.510204,36,166.173,319.354,255,8,1,
1778337114172928,347841412,1013,62.020409,37,173.588,326.752,255,8,1,
1778337114173930,347851359,1005,61.530609,37,176.375,325.257,255,8,1,
1778337114173930,347861329,996,60.979591,37,179.495,323.545,255,8,1,
1778337114174928,347871276,988,60.489796,37,182.254,321.999,255,8,1,
1778337114174928,347881251,980,60.000000,37,185.000,320.429,255,8,1,
1778337114175992,347891195,972,59.510204,37,187.732,318.836,255,8,1,
1778337114175992,347901165,963,58.959183,37,190.790,317.016,255,8,1,
1778337114176992,347911108,955,58.469387,37,193.493,315.374,255,8,1,
1778337114177992,347921072,947,57.979591,37,196.182,313.708,255,8,1,
1778337114177992,347931016,939,57.489796,37,198.856,312.019,255,8,1,
1778337114189499,347940996,931,57.000000,37,201.516,310.308,255,8,1,
1778337114194499,347950939,923,56.510208,38,209.680,316.914,255,8,1,
1778337114330053,347960912,915,56.020409,38,212.381,315.110,255,8,1,
1778337114330053,347970858,907,55.530609,38,215.067,313.283,255,8,1,
1778337114331052,347980832,899,55.040817,38,217.737,311.433,255,8,1,
1778337114331052,347990779,891,54.551018,38,220.392,309.560,255,8,1,
1778337114332328,348000754,883,54.061226,38,223.030,307.665,255,8,1,
1778337114333333,348010697,875,53.571426,38,225.652,305.747,255,8,1,
1778337114333333,348020670,867,53.081635,38,228.257,303.807,255,8,1,
1778337114333333,348030620,859,52.591839,39,236.921,309.788,255,8,1,
1778337114335445,348040593,851,52.102039,39,239.560,307.751,255,8,1,
1778337114335445,348050539,843,51.612247,39,242.182,305.692,255,8,1,
1778337114336450,348060508,835,51.122448,39,244.787,303.611,255,8,1,
1778337114336450,348070451,827,50.632656,39,247.373,301.507,255,8,1,
1778337114336450,348080415,819,50.142857,39,249.941,299.381,255,8,1,
1778337114337955,348090365,811,49.653057,39,252.492,297.234,255,8,1,
1778337114342566,348100333,803,49.163265,39,255.023,295.065,255,8,1,
1778337114357745,348110281,796,48.734692,40,263.819,300.665,255,8,1,
1778337114363237,348120255,788,48.244900,40,266.379,298.399,255,8,1,
1778337114374761,348130201,780,47.755100,40,268.920,296.111,255,8,1,
1778337114534846,348140174,772,47.265308,40,271.442,293.802,255,8,1,
1778337114535351,348150121,764,46.775509,40,273.943,291.470,255,8,1,
1778337114536357,348160091,756,46.285717,41,283.336,296.346,255,8,1,
1778337114536357,348170040,749,45.857143,41,285.544,294.218,255,8,1,
1778337114537363,348180007,741,45.367344,42,295.075,298.883,255,8,1,
1778337114538362,348189954,733,44.877552,44,311.791,310.461,255,8,1,
1778337114538362,348199931,725,44.387756,46,328.726,321.775,255,8,1,
1778337114539362,348209873,718,43.959187,46,331.124,319.307,255,8,1,
1778337114540362,348219843,710,43.469387,47,341.099,323.344,255,8,1,
1778337114541362,348229792,702,42.979591,47,343.850,320.417,255,8,1,
1778337114541362,348239765,694,42.489796,47,346.577,317.466,255,8,1,
1778337114542362,348249709,686,42.000000,47,349.278,314.491,255,8,1,
1778337114543361,348259685,679,41.571430,48,359.102,318.506,255,8,1,
1778337114543361,348269629,671,41.081635,48,361.812,315.424,255,8,1,
1778337114543361,348279607,663,40.591839,49,372.088,318.826,255,8,1,
1778337114544864,348289550,655,40.102039,48,367.151,309.192,255,8,1,
1778337114545868,348299532,648,39.673470,46,354.060,293.669,255,8,1,
1778337114550873,348309480,640,39.183674,45,348.806,284.314,255,8,1,
1778337114561957,348319458,632,38.693878,45,351.224,281.322,255,8,1,
1778337114720241,348329405,624,38.204082,45,353.616,278.309,255,8,1,
1778337114720241,348339380,617,37.775509,45,355.688,275.656,255,8,1,
1778337114721242,348349324,609,37.285713,45,358.031,272.606,255,8,1,
1778337114721242,348359294,602,36.857143,44,352.059,263.922,255,8,1,
1778337114722241,348369241,594,36.367348,44,354.302,260.902,255,8,1,
1778337114722241,348379208,586,35.877552,44,356.519,257.864,255,8,1,
1778337114723884,348389156,579,35.448982,44,358.438,255.190,255,8,1,
1778337114724413,348399125,571,34.959183,44,360.607,252.117,255,8,1,
1778337114724935,348409070,563,34.469387,44,362.749,249.025,255,8,1,
1778337114725464,348419043,556,34.040817,44,364.601,246.305,255,8,1,
1778337114726005,348428984,548,33.551022,44,366.693,243.179,255,8,1,
1778337114727063,348438951,540,33.061226,44,368.759,240.035,255,8,1,
1778337114727585,348448898,533,32.632652,44,370.544,237.270,255,8,1,
1778337114728130,348458867,525,32.142857,44,372.559,234.094,255,8,1,
1778337114728683,348468817,518,31.714287,44,374.299,231.301,255,8,1,
1778337114729218,348478786,510,31.224491,44,376.263,228.093,255,8,1,
1778337114730285,348488731,502,30.734694,43,369.603,219.757,255,8,1,
1778337114744952,348498702,495,30.306122,43,371.237,216.987,255,8,1,
1778337114748459,348508646,487,29.816326,43,373.078,213.805,255,8,1,
1778337114884547,348518620,479,29.326530,43,374.892,210.608,255,8,1,
1778337114884547,348528567,472,28.897959,43,376.457,207.798,255,8,1,
1778337114885553,348538533,464,28.408163,43,378.220,204.572,255,8,1,
1778337114886554,348548479,457,27.979591,43,379.739,201.738,255,8,1,
1778337114886554,348558446,449,27.489796,43,381.450,198.484,255,8,1,
1778337114887560,348568388,442,27.061226,43,382.924,195.625,255,8,1,
1778337114887560,348578359,434,26.571430,44,393.526,196.818,255,8,1,
1778337114888559,348588305,427,26.142859,43,386.010,189.463,255,8,1,
1778337114888559,348598278,419,25.653061,43,387.616,186.156,255,8,1,
1778337114889559,348608221,412,25.224489,43,388.997,183.251,255,8,1,
1778337114889559,348618194,404,24.734694,43,390.550,179.919,255,8,1,
1778337114890559,348628140,397,24.306122,42,382.771,172.877,255,8,1,
1778337114890559,348638110,389,23.816326,42,384.235,169.599,255,8,1,
1778337114891559,348648055,382,23.387754,42,385.493,166.720,255,8,1,
1778337114897076,348658026,374,22.897959,42,386.904,163.418,255,8,1,
1778337114907588,348667978,366,22.408163,42,388.287,160.105,255,8,1,
1778337114917681,348677950,359,21.979593,42,389.473,157.196,255,8,1,
1778337114931449,348687897,351,21.489796,42,390.803,153.861,255,8,1,
1778337114936961,348697864,344,21.061224,42,391.943,150.933,255,8,1,
1778337115078994,348707809,336,20.571428,42,393.219,147.577,255,8,1,
1778337115080993,348717778,329,20.142857,42,394.312,144.632,255,8,1,
1778337115082992,348727723,321,19.653061,42,395.533,141.256,255,8,1,
1778337115082992,348737694,314,19.224491,42,396.579,138.294,255,8,1,
1778337115084496,348747640,307,18.795919,42,397.602,135.323,255,8,1,
1778337115085501,348757613,299,18.306122,42,398.745,131.919,255,8,1,
1778337115087502,348767556,292,17.877550,42,399.720,128.933,255,8,1,
1778337115087502,348777525,284,17.387754,42,400.808,125.511,255,8,1,
1778337115088502,348787467,277,16.959185,42,401.735,122.510,255,8,1,
1778337115088502,348797438,270,16.530613,42,402.640,119.502,255,8,1,
1778337115089501,348807384,262,16.040817,42,403.647,116.055,255,8,1,
1778337115090502,348817357,255,15.612246,43,414.135,115.724,255,8,1,
1778337115091501,348827302,248,15.183674,43,414.989,112.623,255,8,1,
1778337115092501,348837270,240,14.693877,42,406.264,106.535,255,8,1,
1778337115093501,348847217,233,14.265306,41,397.358,101.029,255,8,1,
1778337115095564,348857182,225,13.775511,42,407.919,100.010,255,8,1,
1778337115105692,348867122,218,13.346939,42,408.656,96.956,255,8,1,
1778337115121205,348877092,210,12.857143,42,409.470,93.459,255,8,1,
1778337115124709,348887036,203,12.428572,42,410.157,90.393,255,8,1,
1778337115135215,348897009,195,11.938775,42,410.915,86.884,255,8,1,
1778337115354516,348906953,188,11.510203,42,411.553,83.808,255,8,1,
1778337115356522,348916916,180,11.020409,42,412.255,80.287,255,8,1,
1778337115357521,348926856,173,10.591837,42,412.844,77.201,255,8,1,
1778337115358521,348936826,166,10.163265,42,413.410,74.111,255,8,1,
1778337115359521,348946770,158,9.673470,42,414.028,70.574,255,8,1,
1778337115360521,348956738,152,9.306123,42,414.472,67.918,255,8,1,
1778337115361521,348966675,148,9.061224,41,404.883,64.571,255,8,1,
1778337115363521,348976646,146,8.938775,40,395.142,62.152,255,8,1,
1778337115364727,348986593,146,8.938775,40,395.142,62.152,255,8,1,
1778337115365736,348996564,146,8.938775,41,405.021,63.705,255,8,1,
1778337115366735,349006501,146,8.938775,41,405.021,63.705,255,8,1,
1778337115367735,349016469,146,8.938775,40,395.142,62.152,255,8,1,
1778337115369237,349026415,146,8.938775,40,395.142,62.152,255,8,1,
1778337115370335,349036385,146,8.938775,41,405.021,63.705,255,8,1,
1778337115371338,349046336,146,8.938775,41,405.021,63.705,255,8,1,
1778337115371338,349056311,146,8.938775,40,395.142,62.152,255,8,1,
1778337115372339,349066250,147,9.000000,41,404.952,64.138,255,8,1,
1778337115373339,349076227,148,9.061224,41,404.883,64.571,255,8,1,
1778337115374843,349086171,150,9.183674,41,404.745,65.436,255,8,1,
1778337115375848,349096146,152,9.306123,41,404.604,66.301,255,8,1,
1778337115376849,349106090,155,9.489796,41,404.389,67.597,255,8,1,
1778337115377846,349116061,158,9.673470,41,404.170,68.894,255,8,1,
1778337115378847,349126003,162,9.918367,41,403.872,70.620,255,8,1,
1778337115379848,349135978,165,10.102040,41,403.644,71.915,255,8,1,
1778337115381848,349145919,168,10.285714,41,403.411,73.208,255,8,1,
1778337115397839,349155886,172,10.530612,41,403.095,74.932,255,8,1,
1778337115401833,349165825,176,10.775511,41,402.771,76.654,255,8,1,
1778337115577954,349175803,180,11.020409,41,402.439,78.375,255,8,1,
1778337115577954,349185752,184,11.265306,41,402.101,80.094,255,8,1,
1778337115578954,349195726,188,11.510203,40,391.956,79.817,255,8,1,
1778337115578954,349205670,193,11.816327,41,401.312,83.958,255,8,1,
1778337115579954,349215649,197,12.061225,41,400.949,85.672,255,8,1,
1778337115580954,349225595,201,12.306123,41,400.579,87.385,255,8,1,
1778337115580954,349235566,206,12.612245,41,400.107,89.524,255,8,1,
1778337115581954,349245514,210,12.857143,41,399.720,91.234,255,8,1,
1778337115581954,349255484,214,13.102041,41,399.327,92.941,255,8,1,
1778337115582954,349265428,219,13.408163,41,398.825,95.073,255,8,1,
1778337115582954,349275400,223,13.653061,41,398.415,96.777,255,8,1,
1778337115583955,349285345,227,13.897959,41,397.997,98.479,255,8,1,
1778337115583955,349295313,232,14.204082,41,397.465,100.604,255,8,1,
1778337115584954,349305265,237,14.510203,41,396.922,102.726,255,8,1,
1778337115584954,349315240,242,14.816327,41,396.368,104.846,255,8,1,
1778337115585977,349325184,246,15.061225,41,395.916,106.539,255,8,1,
1778337115585977,349335155,251,15.367347,41,395.341,108.653,255,8,1,
1778337115586977,349345104,256,15.673470,41,394.755,110.763,255,8,1,
1778337115590060,349355075,261,15.979591,41,394.158,112.871,255,8,1,
1778337115599485,349365026,266,16.285715,41,393.549,114.975,255,8,1,
1778337115622632,349374996,271,16.591837,41,392.929,117.076,255,8,1,
1778337115622632,349384944,276,16.897961,41,392.298,119.174,255,8,1,
1778337115630690,349394912,281,17.204082,41,391.655,121.268,255,8,1,
1778337115793930,349404859,286,17.510204,42,400.539,126.368,255,8,1,
1778337115793930,349414829,291,17.816326,41,390.337,125.446,255,8,1,
1778337115794930,349424775,297,18.183674,41,389.525,127.946,255,8,1,
1778337115794930,349434743,302,18.489796,41,388.836,130.026,255,8,1,
1778337115796235,349444686,308,18.857143,42,397.457,135.748,255,8,1,
1778337115796235,349454656,313,19.163265,41,387.281,134.587,255,8,1,
1778337115797240,349464596,318,19.469389,41,386.556,136.654,255,8,1,
1778337115797240,349474564,324,19.836735,41,385.672,139.130,255,8,1,
1778337115798239,349484507,330,20.204081,41,384.772,141.600,255,8,1,
1778337115798239,349494475,335,20.510204,41,384.010,143.653,255,8,1,
1778337115799243,349504416,341,20.877550,41,383.081,146.112,255,8,1,
1778337115799243,349514384,347,21.244898,41,382.136,148.566,255,8,1,
1778337115800239,349524323,353,21.612246,41,381.176,151.013,255,8,1,
1778337115800239,349534294,359,21.979593,42,389.473,157.196,255,8,1,
1778337115801240,349544238,364,22.285715,42,388.628,159.275,255,8,1,
1778337115801240,349554206,370,22.653061,42,387.599,161.763,255,8,1,
1778337115802240,349564147,376,23.020407,42,386.554,164.245,255,8,1,
1778337115813747,349574118,382,23.387754,42,385.493,166.720,255,8,1,
1778337115817808,349584073,389,23.816326,42,384.235,169.599,255,8,1,
1778337116003346,349594045,394,24.122450,42,383.323,171.649,255,8,1,
1778337116004850,349603988,401,24.551022,42,382.028,174.511,255,8,1,
1778337116004850,349613958,407,24.918367,42,380.902,176.957,255,8,1,
1778337116005855,349623905,413,25.285715,42,379.759,179.396,255,8,1,
1778337116005855,349633876,420,25.714287,42,378.407,182.231,255,8,1,
1778337116006854,349643815,426,26.081631,42,377.231,184.654,255,8,1,
1778337116007854,349653787,432,26.448978,42,376.039,187.068,255,8,1,
1778337116007854,349663723,439,26.877550,42,374.629,189.876,255,8,1,
1778337116008854,349673700,446,27.306122,42,373.199,192.673,255,8,1,
1778337116008854,349683645,452,27.673470,42,371.956,195.061,255,8,1,
1778337116009854,349693619,459,28.102039,42,370.486,197.838,255,8,1,
1778337116010854,349703563,466,28.530611,43,377.782,205.380,255,8,1,
1778337116010854,349713531,472,28.897959,42,367.702,202.966,255,8,1,
1778337116011859,349723472,479,29.326530,42,366.174,205.710,255,8,1,
1778337116011859,349733446,486,29.755102,43,373.306,213.406,255,8,1,
1778337116012854,349743388,493,30.183674,43,371.700,216.193,255,8,1,
1778337116013854,349753353,500,30.612244,43,370.072,218.967,255,8,1,
1778337116013854,349763303,507,31.040815,42,359.856,216.572,255,8,1,
1778337116014855,349773274,514,31.469387,43,366.755,224.478,255,8,1,
1778337116015908,349783220,521,31.897959,44,373.556,232.500,255,8,1,
1778337116031856,349793188,529,32.387753,44,371.555,235.684,255,8,1,
1778337116035358,349803137,536,32.816326,44,369.781,238.457,255,8,1,
1778337116045982,349813113,543,33.244896,43,359.624,235.734,255,8,1,
1778337116214603,349823065,550,33.673470,43,357.851,238.417,255,8,1,
1778337116215106,349833039,558,34.163265,43,355.800,241.468,255,8,1,
1778337116215106,349842982,565,34.591835,44,362.216,249.800,255,8,1,
1778337116216112,349852954,572,35.020409,43,352.148,246.763,255,8,1,
1778337116217114,349862898,580,35.510204,44,358.165,255.573,255,8,1,
1778337116217114,349872868,588,36.000000,44,355.967,258.626,255,8,1,
1778337116218114,349882821,595,36.428574,44,354.023,261.281,255,8,1,
1778337116218114,349892794,603,36.918369,44,351.777,264.298,255,8,1,
1778337116219114,349902746,611,37.408161,44,349.504,267.295,255,8,1,
1778337116220114,349912716,619,37.897957,44,347.207,270.273,255,8,1,
1778337116220114,349922658,626,38.326530,44,345.175,272.863,255,8,1,
1778337116221115,349932635,634,38.816326,44,342.830,275.803,255,8,1,
1778337116222114,349942582,642,39.306122,44,340.460,278.724,255,8,1,
1778337116223114,349952558,650,39.795918,45,345.748,288.025,255,8,1,
1778337116223114,349962506,658,40.285713,45,343.273,290.970,255,8,1,
1778337116223114,349972480,666,40.775509,45,340.773,293.894,255,8,1,
1778337116224617,349982433,675,41.326530,44,330.422,290.554,255,8,1,
1778337116224617,349992409,683,41.816326,43,320.473,286.700,255,8,1,
1778337116233625,350002354,691,42.306122,42,310.615,282.698,255,8,1,
1778337116247920,350012329,699,42.795918,41,300.849,278.549,255,8,1,
1778337116252920,350022280,708,43.346939,43,312.701,295.158,255,8,1,
1778337116263137,350032258,716,43.836735,43,310.166,297.820,255,8,1,
1778337116411766,350042211,725,44.387756,43,307.288,300.790,255,8,1,
1778337116412766,350052188,733,44.877552,42,297.619,296.349,255,8,1,
1778337116412766,350062136,742,45.428574,43,301.773,306.322,255,8,1,
1778337116413768,350072110,750,45.918365,43,299.144,308.890,255,8,1,
1778337116413768,350082056,759,46.469391,41,282.384,297.253,255,8,1,
1778337116414767,350092042,767,46.959183,41,279.833,299.656,255,8,1,
1778337116415271,350101995,776,47.510204,40,270.184,294.959,255,8,1,
1778337116416276,350111968,785,48.061226,40,267.334,297.544,255,8,1,
1778337116416276,350121917,794,48.612244,40,264.461,300.101,255,8,1,
1778337116417281,350131890,803,49.163265,39,255.023,295.065,255,8,1,
1778337116417281,350141844,811,49.653057,39,252.492,297.234,255,8,1,
1778337116418282,350151809,820,50.204082,39,249.621,299.648,255,8,1,
1778337116418282,350161768,830,50.816326,39,246.405,302.299,255,8,1,
1778337116419281,350171745,839,51.367344,39,243.487,304.654,255,8,1,
1778337116420282,350181695,848,51.918365,39,240.546,306.982,255,8,1,
1778337116421281,350191676,857,52.469387,38,231.490,301.351,255,8,1,
1778337116431792,350201619,866,53.020405,38,228.582,303.563,255,8,1,
1778337116443306,350211587,875,53.571426,38,225.652,305.747,255,8,1,
1778337116451820,350221547,884,54.122452,38,222.701,307.903,255,8,1,
1778337116460939,350231524,894,54.734692,38,219.398,310.265,255,8,1,
1778337116603023,350241470,903,55.285713,38,216.404,312.361,255,8,1,
1778337116603023,350251451,913,55.897961,37,207.447,306.375,255,8,1,
1778337116603023,350261400,922,56.448978,37,204.491,308.356,255,8,1,
1778337116604526,350271380,932,57.061222,37,201.185,310.523,255,8,1,
1778337116604526,350281327,942,57.673470,37,197.855,312.655,255,8,1,
1778337116605531,350291312,951,58.224491,37,194.839,314.544,255,8,1,
1778337116606532,350301266,961,58.836735,37,191.467,316.608,255,8,1,
1778337116606532,350311240,970,59.387756,37,188.413,318.434,255,8,1,
1778337116607531,350321193,980,60.000000,36,180.000,311.769,255,8,1,
1778337116607531,350331174,990,60.612244,36,176.658,313.675,255,8,1,
1778337116608531,350341123,1000,61.224487,36,173.296,315.544,255,8,1,
1778337116609531,350351111,1009,61.775513,36,170.254,317.197,255,8,1,
1778337116609531,350361064,1019,62.387753,36,166.855,318.998,255,8,1,
1778337116610532,350371046,1029,63.000000,36,163.437,320.762,255,8,1,
1778337116610532,350380996,1039,63.612244,36,160.000,322.490,255,8,1,
1778337116619603,350390973,1048,64.163269,36,156.891,324.014,255,8,1,
1778337116631956,350400928,1058,64.775505,36,153.420,325.672,255,8,1,
1778337116639469,350410909,1068,65.387756,36,149.931,327.293,255,8,1,
1778337116648870,350420861,1078,66.000000,36,146.425,328.876,255,8,1,
1778337116822450,350430843,1087,66.551018,35,139.276,321.095,255,8,1,
1778337116823450,350440796,1097,67.163261,35,135.837,322.565,255,8,1,
1778337116823450,350450780,1107,67.775513,35,132.383,323.998,255,8,1,
1778337116824953,350460725,1116,68.326530,35,129.261,325.256,255,8,1,
1778337116825959,350470708,1126,68.938774,35,125.778,326.619,255,8,1,
1778337116826964,350480660,1136,69.551018,35,122.281,327.944,255,8,1,
1778337116827964,350490637,1146,70.163269,35,118.769,329.232,255,8,1,
1778337116828964,350500583,1155,70.714287,35,115.598,330.359,255,8,1,
1778337116828964,350510557,1165,71.326530,35,112.061,331.576,255,8,1,
1778337116829965,350520510,1175,71.938774,35,108.512,332.754,255,8,1,
1778337116830963,350530493,1184,72.489792,35,105.306,333.782,255,8,1,
1778337116831963,350540447,1194,73.102043,35,101.734,334.888,255,8,1,
1778337116832964,350550427,1204,73.714287,34,95.345,326.358,255,8,1,
1778337116832964,350560380,1214,74.326530,34,91.853,327.358,255,8,1,
1778337116834468,350570360,1223,74.877548,34,88.700,328.226,255,8,1,
1778337116835473,350580312,1233,75.489799,34,85.188,329.155,255,8,1,
1778337116836473,350590295,1242,76.040817,34,82.018,329.959,255,8,1,
1778337116837473,350600247,1252,76.653061,34,78.488,330.817,255,8,1,
1778337116838473,350610226,1262,77.265305,34,74.949,331.636,255,8,1,
1778337116847996,350620174,1272,77.877556,34,71.401,332.418,255,8,1,
1778337117013176,350630151,1281,78.428566,34,68.200,333.090,255,8,1,
1778337117013176,350640115,1291,79.040817,34,64.637,333.799,255,8,1,
1778337117014680,350650092,1301,79.653061,34,61.067,334.471,255,8,1,
1778337117015684,350660042,1310,80.204079,34,57.847,335.043,255,8,1,
1778337117015684,350670016,1320,80.816322,34,54.264,335.642,255,8,1,
1778337117016686,350679963,1330,81.428574,34,50.674,336.202,255,8,1,
1778337117016686,350689936,1340,82.040817,34,47.079,336.725,255,8,1,
1778337117017684,350699887,1349,82.591835,34,43.839,337.162,255,8,1,
1778337117017684,350709863,1359,83.204079,34,40.233,337.611,255,8,1,
1778337117018684,350719813,1368,83.755104,34,36.985,337.982,255,8,1,
1778337117019684,350729783,1378,84.367348,34,33.371,338.358,255,8,1,
1778337117019684,350739735,1388,84.979591,33,28.878,328.734,255,8,1,
1778337117020684,350749710,1398,85.591835,33,25.364,329.024,255,8,1,
1778337117020684,350759653,1407,86.142853,33,22.199,329.253,255,8,1,
1778337117021684,350769624,1417,86.755104,33,18.679,329.471,255,8,1,
1778337117021684,350779564,1426,87.306122,33,15.510,329.635,255,8,1,
1778337117022684,350789531,1436,87.918373,33,11.987,329.782,255,8,1,
1778337117025879,350799478,1446,88.530609,33,8.462,329.891,255,8,1,
1778337117034882,350809447,1455,89.081635,33,5.289,329.958,255,8,1,
1778337117047734,350819395,1465,89.693878,33,1.763,329.995,255,8,1,
1778337117204697,350829366,1475,90.306129,33,-1.763,329.995,255,8,1,
1778337117204697,350839310,1484,90.857147,33,-4.937,329.963,255,8,1,
1778337117205699,350849287,1494,91.469391,33,-8.462,329.891,255,8,1,
1778337117206699,350859230,1504,92.081627,33,-11.987,329.782,255,8,1,
1778337117207701,350869202,1513,92.632652,33,-15.158,329.652,255,8,1,
1778337117208566,350879156,1523,93.244896,33,-18.679,329.471,255,8,1,
1778337117209070,350889126,1533,93.857147,33,-22.199,329.253,255,8,1,
1778337117209070,350899080,1542,94.408165,33,-25.364,329.024,255,8,1,
1778337117210074,350909050,1552,95.020409,33,-28.878,328.734,255,8,1,
1778337117210074,350919000,1562,95.632652,33,-32.390,328.407,255,8,1,
1778337117211074,350928978,1571,96.183670,33,-35.546,328.080,255,8,1,
1778337117211074,350938928,1581,96.795921,33,-39.050,327.681,255,8,1,
1778337117212074,350948897,1590,97.346939,33,-42.199,327.291,255,8,1,
1778337117213074,350958842,1600,97.959190,33,-45.694,326.821,255,8,1,
1778337117213074,350968816,1610,98.571426,33,-49.184,326.314,255,8,1,
1778337117214576,350978759,1619,99.122452,33,-52.320,325.826,255,8,1,
1778337117214576,350988733,1629,99.734688,33,-55.798,325.248,255,8,1,
1778337117223601,350998687,1638,100.285713,33,-58.924,324.697,255,8,1,
1778337117233104,351008663,1648,100.897957,33,-62.390,324.049,255,8,1,
1778337117248121,351018616,1658,101.510208,33,-65.849,323.363,255,8,1,
1778337117253120,351028590,1667,102.061226,33,-68.956,322.715,255,8,1,
1778337117262638,351038539,1677,102.673470,33,-72.400,321.960,255,8,1,
1778337117466857,351048513,1686,103.224495,33,-75.493,321.249,255,8,1,
1778337117467863,351058462,1696,103.836731,33,-78.921,320.424,255,8,1,
1778337117468862,351068435,1706,104.448982,33,-82.341,319.562,255,8,1,
1778337117469861,351078374,1715,105.000000,33,-85.410,318.756,255,8,1,
1778337117470861,351088343,1725,105.612251,33,-88.812,317.825,255,8,1,
1778337117470861,351098288,1734,106.163269,33,-91.864,316.956,255,8,1,
1778337117471861,351108262,1744,106.775513,33,-95.245,315.956,255,8,1,
1778337117471861,351118214,1754,107.387756,33,-98.616,314.920,255,8,1,
1778337117472862,351128178,1763,107.938774,33,-101.640,313.957,255,8,1,
1778337117472862,351138127,1773,108.551018,33,-104.989,312.853,255,8,1,
1778337117473861,351148093,1782,109.102036,33,-107.993,311.829,255,8,1,
1778337117473861,351158039,1792,109.714287,33,-111.319,310.658,255,8,1,
1778337117474861,351168013,1802,110.326530,33,-114.632,309.450,255,8,1,
1778337117475366,351177960,1811,110.877556,33,-117.603,308.334,255,8,1,
1778337117476371,351187935,1821,111.489792,33,-120.891,307.059,255,8,1,
1778337117476371,351197878,1830,112.040817,33,-123.838,305.883,255,8,1,
1778337117477371,351207850,1840,112.653061,33,-127.100,304.542,255,8,1,
1778337117477371,351217794,1849,113.204079,33,-130.022,303.305,255,8,1,
1778337117478371,351227757,1859,113.816330,33,-133.256,301.899,255,8,1,
1778337117478371,351237702,1868,114.367340,33,-136.153,300.603,255,8,1,
1778337117479371,351247673,1878,114.979591,33,-139.357,299.131,255,8,1,
1778337117480372,351257617,1888,115.591835,34,-146.865,306.644,255,8,1,
1778337117492885,351267589,1897,116.142860,34,-149.808,305.217,255,8,1,
1778337117503392,351277534,1907,116.755096,33,-148.559,294.670,255,8,1,
1778337117510900,351287506,1916,117.306122,33,-151.386,293.228,255,8,1,
1778337117766897,351297448,1926,117.918365,34,-159.192,300.429,255,8,1,
1778337117766897,351307422,1935,118.469383,34,-162.074,298.884,255,8,1,
1778337117767897,351317375,1945,119.081635,34,-165.259,297.136,255,8,1,
1778337117767897,351327346,1954,119.632645,34,-168.109,295.533,255,8,1,
1778337117768897,351337300,1964,120.244904,34,-171.257,293.719,255,8,1,
1778337117769897,351347269,1974,120.857140,34,-174.386,291.873,255,8,1,
1778337117769897,351357219,1983,121.408165,33,-171.973,281.647,255,8,1,
1778337117770897,351367190,1992,121.959183,34,-179.967,288.465,255,8,1,
1778337117771897,351377137,2002,122.571426,34,-183.039,286.525,255,8,1,
1778337117772897,351387111,2012,123.183678,34,-186.090,284.553,255,8,1,
1778337117772897,351397058,2021,123.734688,34,-188.818,282.750,255,8,1,
1778337117773897,351407031,2030,124.285713,34,-191.529,280.921,255,8,1,
1778337117774897,351416978,2040,124.897964,34,-194.520,278.859,255,8,1,
1778337117774897,351426945,2050,125.510208,34,-197.488,276.764,255,8,1,
1778337117776015,351436886,2059,126.061226,34,-200.141,274.852,255,8,1,
1778337117777013,351446864,2069,126.673470,34,-203.066,272.698,255,8,1,
1778337117778013,351456813,2078,127.224487,34,-205.679,270.732,255,8,1,
1778337117778013,351466787,2088,127.836731,35,-214.695,276.417,255,8,1,
1778337117779014,351476730,2097,128.387756,34,-211.133,266.501,255,8,1,
1778337117779014,351486703,2106,128.938782,35,-219.971,272.236,255,8,1,
1778337117780014,351496649,2116,129.551010,34,-216.500,262.160,255,8,1,
1778337117780014,351506624,2125,130.102036,34,-219.011,260.065,255,8,1,
1778337117781014,351516567,2135,130.714279,34,-221.778,257.710,255,8,1,
1778337117782014,351526540,2144,131.265305,35,-230.841,263.082,255,8,1,
1778337117783014,351536486,2154,131.877548,35,-233.639,260.601,255,8,1,
1778337117783014,351546453,2163,132.428574,35,-236.135,258.342,255,8,1,
1778337117784518,351556397,2173,133.040817,35,-238.882,255.804,255,8,1,
1778337117788023,351566365,2182,133.591843,35,-241.331,253.495,255,8,1,
1778337117803907,351576309,2192,134.204086,35,-244.026,250.901,255,8,1,
1778337117807418,351586291,2201,134.755096,35,-246.427,248.543,255,8,1,
1778337117960687,351596235,2210,135.306122,35,-248.806,246.162,255,8,1,
1778337117960687,351606203,2220,135.918365,35,-251.422,243.489,255,8,1,
1778337117961681,351616156,2229,136.469391,35,-253.752,241.060,255,8,1,
1778337117962681,351626125,2239,137.081635,35,-256.314,238.334,255,8,1,
1778337117962681,351636070,2248,137.632660,36,-265.982,242.597,255,8,1,
1778337117963681,351646049,2258,138.244888,35,-261.099,233.082,255,8,1,
1778337117963681,351655995,2267,138.795914,36,-270.852,237.148,255,8,1,
1778337117964681,351665970,2276,139.346939,36,-273.121,234.532,255,8,1,
1778337117965921,351675913,2286,139.959183,36,-275.611,231.600,255,8,1,
1778337117965921,351685886,2295,140.510208,36,-277.826,228.939,255,8,1,
1778337117966921,351695826,2305,141.122452,36,-280.256,225.957,255,8,1,
1778337117966921,351705800,2314,141.673462,36,-282.416,223.251,255,8,1,
1778337117967922,351715742,2324,142.285721,36,-284.786,220.221,255,8,1,
1778337117968921,351725710,2333,142.836746,36,-286.890,217.472,255,8,1,
1778337117969923,351735657,2342,143.387756,36,-288.968,214.703,255,8,1,
1778337117969923,351745620,2352,144.000000,36,-291.246,211.603,255,8,1,
1778337117975422,351755572,2361,144.551025,36,-293.268,208.792,255,8,1,
1778337117987269,351765540,2371,145.163269,37,-303.690,211.359,255,8,1,
1778337118141799,351775487,2380,145.714294,37,-305.708,208.428,255,8,1,
1778337118142799,351785457,2390,146.326523,37,-307.918,205.150,255,8,1,
1778337118142799,351795404,2399,146.877548,37,-309.877,202.179,255,8,1,
1778337118143799,351805378,2409,147.489792,37,-312.019,198.856,255,8,1,
1778337118144799,351815323,2418,148.040817,37,-313.917,195.847,255,8,1,
1778337118145301,351825296,2427,148.591843,37,-315.786,192.819,255,8,1,
1778337118146304,351835241,2437,149.204071,37,-317.829,189.433,255,8,1,
1778337118147306,351845217,2446,149.755096,37,-319.636,186.368,255,8,1,
1778337118147306,351855164,2456,150.367355,37,-321.609,182.942,255,8,1,
1778337118148306,351865140,2465,150.918365,37,-323.353,179.840,255,8,1,
1778337118148306,351875089,2474,151.469391,37,-325.068,176.722,255,8,1,
1778337118149306,351885066,2484,152.081635,38,-335.774,177.921,255,8,1,
1778337118150306,351895018,2493,152.632645,38,-337.469,174.684,255,8,1,
1778337118150306,351904994,2502,153.183670,38,-339.134,171.430,255,8,1,
1778337118151307,351914933,2512,153.795929,38,-340.946,167.796,255,8,1,
1778337118152306,351924903,2521,154.346939,39,-351.558,168.839,255,8,1,
1778337118153306,351934843,2530,154.897949,39,-353.166,165.450,255,8,1,
1778337118163837,351944813,2540,155.510208,39,-354.914,161.667,255,8,1,
1778337118173346,351954757,2549,156.061218,39,-356.452,158.247,255,8,1,
1778337118189094,351964721,2559,156.673477,39,-358.123,154.429,255,8,1,
1778337118193095,351974670,2568,157.224487,39,-359.591,150.977,255,8,1,
1778337118342881,351984638,2577,157.775513,39,-361.027,147.512,255,8,1,
1778337118343881,351994581,2587,158.387756,39,-362.582,143.646,255,8,1,
1778337118344883,352004552,2596,158.938782,40,-373.279,143.746,255,8,1,
1778337118344883,352014490,2605,159.489792,40,-374.644,140.150,255,8,1,
1778337118345936,352024459,2615,160.102051,40,-376.120,136.138,255,8,1,
1778337118346934,352034398,2624,160.653061,40,-377.412,132.515,255,8,1,
1778337118346934,352044364,2633,161.204071,41,-388.136,132.101,255,8,1,
1778337118347934,352054308,2643,161.816330,41,-389.525,127.946,255,8,1,
1778337118348935,352064279,2652,162.367355,41,-390.737,124.194,255,8,1,
1778337118348935,352074221,2661,162.918365,41,-391.914,120.431,255,8,1,
1778337118349934,352084192,2671,163.530609,41,-393.178,116.236,255,8,1,
1778337118350439,352094136,2680,164.081635,41,-394.278,112.450,255,8,1,
1778337118351533,352104110,2690,164.693878,42,-405.102,110.870,255,8,1,
1778337118352109,352114056,2699,165.244904,42,-406.150,106.969,255,8,1,
1778337118352109,352124030,2708,165.795929,43,-416.854,105.512,255,8,1,
1778337118353114,352133978,2717,166.346939,47,-456.719,110.940,255,8,1,
1778337118361624,352143946,2727,166.959183,52,-506.589,117.335,255,8,1,
1778337118374618,352153889,2736,167.510208,52,-507.694,112.458,255,8,1,
1778337118534644,352163860,2745,168.061218,52,-508.752,107.571,255,8,1,
1778337118535147,352173806,2755,168.673477,53,-519.678,104.092,255,8,1,
1778337118535147,352183772,2764,169.224487,53,-520.655,99.090,255,8,1,
1778337118536152,352193717,2773,169.775513,53,-521.584,94.078,255,8,1,
1778337118536152,352203687,2783,170.387756,53,-522.559,88.499,255,8,1,
1778337118537157,352213632,2792,170.938782,53,-523.386,83.470,255,8,1,
1778337118538157,352223602,2801,171.489792,53,-524.164,78.432,255,8,1,
1778337118538157,352233550,2810,172.040817,53,-524.894,73.388,255,8,1,
1778337118539157,352243519,2820,172.653061,53,-525.649,67.775,255,8,1,
1778337118540156,352253465,2829,173.204071,53,-526.276,62.717,255,8,1,
1778337118540156,352263435,2838,173.755096,53,-526.855,57.653,255,8,1,
1778337118541159,352273382,2848,174.367355,53,-527.441,52.019,255,8,1,
1778337118542170,352283351,2857,174.918365,53,-527.917,46.945,255,8,1,
1778337118542170,352293296,2866,175.469391,54,-538.313,42.656,255,8,1,
1778337118543156,352303260,2876,176.081635,55,-548.714,37.584,255,8,1,
1778337118543156,352313215,2885,176.632660,54,-539.068,31.718,255,8,1,
1778337118543156,352323184,2894,177.183670,53,-529.360,26.041,255,8,1,
1778337118549667,352333123,2903,177.734695,51,-509.601,20.159,255,8,1,
1778337118560182,352343091,2913,178.346939,50,-499.792,14.424,255,8,1,
1778337118574696,352353034,2922,178.897949,53,-529.902,10.194,255,8,1,
1778337118579207,352363000,2931,179.448975,56,-559.974,5.386,255,8,1,
1778337118708358,352372944,2940,180.000000,56,-560.000,0.000,255,8,1,
1778337118709358,352382914,2950,180.612259,56,-559.968,-5.984,255,8,1,
1778337118709358,352392859,2959,181.163269,55,-549.887,-11.166,255,8,1,
1778337118710358,352402824,2968,181.714294,55,-549.754,-16.454,255,8,1,
1778337118711358,352412770,2977,182.265305,56,-559.562,-22.135,255,8,1,
1778337118711358,352422733,2987,182.877563,56,-559.294,-28.113,255,8,1,
1778337118712359,352432674,2996,183.428574,56,-558.998,-33.490,255,8,1,
1778337118712359,352442631,3005,183.979584,56,-558.650,-38.865,255,8,1,
1778337118713359,352452577,3014,184.530609,55,-548.281,-43.445,255,8,1,
1778337118713359,352462545,3023,185.081635,55,-547.838,-48.716,255,8,1,
1778337118713359,352472485,3033,185.693878,54,-537.336,-53.575,255,8,1,
1778337118714863,352482454,3042,186.244888,54,-536.796,-58.740,255,8,1,
1778337118715868,352492396,3051,186.795929,54,-536.206,-63.900,255,8,1,
1778337118717873,352502365,3060,187.346939,55,-545.485,-70.332,255,8,1,
1778337118728392,352512305,3070,187.959183,68,-673.450,-94.158,255,8,1,
1778337118885279,352522270,3079,188.510193,67,-662.623,-99.150,255,8,1,
1778337118886284,352532210,3088,189.061234,65,-641.888,-102.368,255,8,1,
1778337118886284,352542178,3097,189.612244,65,-640.874,-108.537,255,8,1,
1778337118887288,352552118,3106,190.163254,66,-649.644,-116.459,255,8,1,
1778337118888289,352562091,3115,190.714294,69,-677.971,-128.279,255,8,1,
1778337118888289,352572022,3124,191.265305,77,-755.165,-150.421,255,8,1,
1778337118889290,352581995,3133,191.816330,80,-783.047,-163.820,255,8,1,
1778337118889290,352591937,3142,192.367340,80,-781.436,-171.343,255,8,1,
1778337118890289,352601897,3151,192.918381,80,-779.752,-178.850,255,8,1,
1778337118890289,352611846,3161,193.530609,80,-777.796,-187.172,255,8,1,
1778337118891289,352621815,3170,194.081635,80,-775.960,-194.643,255,8,1,
1778337118892289,352631763,3179,194.632645,80,-774.052,-202.097,255,8,1,
1778337118892289,352641730,3188,195.183670,80,-772.073,-209.531,255,8,1,
1778337118893289,352651672,3197,195.734695,80,-770.022,-216.947,255,8,1,
1778337118893289,352661641,3206,196.285706,80,-767.900,-224.342,255,8,1,
1778337118893289,352671581,3215,196.836746,80,-765.707,-231.717,255,8,1,
1778337118895798,352681547,3224,197.387756,80,-763.443,-239.069,255,8,1,
1778337118913321,352691491,3233,197.938782,83,-789.651,-255.641,255,8,1,
1778337118915829,352701458,3242,198.489792,89,-844.058,-282.251,255,8,1,
1778337119084935,352711388,3251,199.040802,109,-1030.362,-355.603,255,8,1,
1778337119085438,352721358,3260,199.591843,152,-1432.000,-509.683,255,8,1,
1778337119086442,352731298,3269,200.142853,220,-2065.441,-757.596,255,8,1,
1778337119087447,352741256,3278,200.693893,242,-2263.866,-855.168,255,8,1,
1778337119087447,352751207,3287,201.244904,246,-2292.819,-891.394,255,8,1,
1778337119088453,352761169,3296,201.795914,247,-2293.425,-917.115,255,8,1,
1778337119088453,352771113,3305,202.346939,247,-2284.499,-939.129,255,8,1,
1778337119089447,352781079,3314,202.897949,239,-2201.666,-929.927,255,8,1,
1778337119089447,352791021,3323,203.448990,227,-2082.531,-903.307,255,8,1,
1778337119090447,352800989,3332,204.000000,219,-2000.665,-890.753,255,8,1,
1778337119090447,352810926,3341,204.551010,214,-1946.526,-889.177,255,8,1,
1778337119092028,352820895,3350,205.102051,211,-1910.718,-895.129,255,8,1,
1778337119093033,352830833,3359,205.653061,209,-1883.993,-904.804,255,8,1,
1778337119093033,352840801,3368,206.204086,208,-1866.232,-918.465,255,8,1,
1778337119094537,352850747,3376,206.693878,208,-1858.312,-934.385,255,8,1,
1778337119095543,352860713,3385,207.244888,208,-1849.241,-952.213,255,8,1,
1778337119096542,352870652,3394,207.795929,208,-1839.997,-969.953,255,8,1,
1778337119097543,352880625,3403,208.346939,204,-1795.381,-968.611,255,8,0,unstable_angle_bin
1778337119103543,352890557,3412,208.897964,175,-1532.093,-845.690,255,8,1,
1778337119117704,352900521,3420,209.387756,123,-1071.722,-603.583,255,8,1,
1778337119262764,352910482,3429,209.938782,88,-762.572,-439.185,255,8,1,
1778337119263765,352920445,3438,210.489792,83,-715.227,-421.129,255,8,1,
1778337119264765,352930384,3447,211.040817,82,-702.576,-422.832,255,8,1,
1778337119264765,352940344,3456,211.591827,78,-664.405,-408.614,255,8,1,
1778337119265969,352950291,3464,212.081619,76,-643.942,-403.656,255,8,1,
1778337119266969,352960255,3473,212.632660,76,-640.030,-409.831,255,8,1,
1778337119266969,352970197,3482,213.183670,76,-636.059,-415.967,255,8,1,
1778337119267969,352980164,3491,213.734695,76,-632.030,-422.065,255,8,1,
1778337119268969,352990109,3500,214.285706,76,-627.942,-428.123,255,8,1,
1778337119269968,353000079,3509,214.836746,76,-623.795,-434.142,255,8,1,
1778337119269968,353010022,3518,215.387756,76,-619.591,-440.121,255,8,1,
1778337119270968,353019989,3527,215.938766,76,-615.330,-446.059,255,8,1,
1778337119271967,353029932,3536,216.489807,76,-611.012,-451.957,255,8,1,
1778337119271967,353039910,3545,217.040817,75,-598.655,-451.788,255,8,1,
1778337119272968,353049850,3554,217.591843,75,-594.282,-457.524,255,8,1,
1778337119274473,353059813,3562,218.081635,75,-590.350,-462.588,255,8,1,
1778337119285986,353069758,3572,218.693863,75,-585.373,-468.869,255,8,1,
1778337119302498,353079726,3580,219.183685,75,-581.343,-473.856,255,8,1,
1778337119303498,353089671,3589,219.734695,75,-576.759,-479.425,255,8,1,
1778337119529479,353099645,3598,220.285706,75,-572.122,-484.950,255,8,1,
1778337119530479,353109590,3607,220.836746,75,-567.432,-490.429,255,8,1,
1778337119531479,353119560,3616,221.387756,75,-562.689,-495.864,255,8,1,
1778337119532483,353129507,3625,221.938782,75,-557.895,-501.252,255,8,1,
1778337119534484,353139477,3634,222.489792,75,-553.048,-506.594,255,8,1,
1778337119534992,353149422,3642,222.979584,75,-548.698,-511.303,255,8,1,
1778337119537027,353159394,3651,223.530624,75,-543.755,-516.557,255,8,1,
1778337119537027,353169339,3660,224.081635,75,-538.762,-521.762,255,8,1,
1778337119538032,353179311,3669,224.632645,75,-533.719,-526.919,255,8,1,
1778337119539032,353189259,3678,225.183685,75,-528.627,-532.028,255,8,1,
1778337119540033,353199227,3687,225.734695,75,-523.486,-537.087,255,8,1,
1778337119541032,353209178,3696,226.285721,75,-518.297,-542.096,255,8,1,
1778337119542032,353219148,3704,226.775513,78,-534.190,-568.367,255,8,1,
1778337119544535,353229100,3713,227.326523,78,-528.699,-573.478,255,8,1,
1778337119545540,353239072,3722,227.877563,76,-509.745,-563.702,255,8,1,
1778337119546541,353249013,3731,228.428574,73,-484.394,-546.134,255,8,1,
1778337119547545,353258982,3740,228.979584,71,-465.993,-535.678,255,8,1,
1778337119549546,353268928,3749,229.530609,72,-467.310,-547.742,255,8,1,
1778337119551546,353278896,3757,230.020416,74,-475.461,-567.042,255,8,1,
1778337119553545,353288844,3766,230.571426,77,-489.039,-594.761,255,8,1,
1778337119554546,353298816,3775,231.122452,79,-495.850,-615.006,255,8,1,
1778337119555690,353308771,3784,231.673462,79,-489.913,-619.746,255,8,1,
1778337119557194,353318744,3793,232.224503,80,-490.055,-632.334,255,8,1,
1778337119557878,353328686,3802,232.775513,82,-496.050,-652.943,255,8,1,
1778337119558883,353338669,3810,233.265305,83,-496.432,-665.173,255,8,1,
1778337119560882,353348614,3819,233.816330,83,-490.012,-669.917,255,8,1,
1778337119693364,353358584,3828,234.367340,84,-489.373,-682.726,255,8,1,
1778337119694867,353368534,3837,234.918365,84,-482.784,-687.401,255,8,1,
1778337119695871,353378504,3846,235.469391,84,-476.151,-692.012,255,8,1,
1778337119696871,353388455,3854,235.959183,84,-470.218,-696.057,255,8,1,
1778337119697871,353398426,3863,236.510193,85,-469.020,-708.886,255,8,1,
1778337119698870,353408364,3872,237.061234,85,-462.181,-713.364,255,8,1,
1778337119698870,353418341,3881,237.612244,86,-460.656,-726.220,255,8,1,
1778337119699871,353428287,3890,238.163269,86,-453.650,-730.617,255,8,1,
1778337119700870,353438267,3898,238.653061,87,-452.590,-743.009,255,8,1,
1778337119700870,353448212,3907,239.204071,89,-455.664,-764.507,255,8,1,
1778337119701870,353458186,3916,239.755112,91,-458.364,-786.131,255,8,1,
1778337119702870,353468136,3925,240.306122,92,-455.737,-799.190,255,8,1,
1778337119702870,353478110,3934,240.857132,93,-452.900,-812.270,255,8,1,
1778337119703870,353488048,3942,241.346954,94,-450.734,-824.887,255,8,1,
1778337119718572,353498019,3951,241.897964,95,-447.491,-838.005,255,8,1,
1778337119718572,353507956,3960,242.448975,96,-444.037,-851.135,255,8,1,
1778337119924539,353517923,3968,242.938782,97,-441.294,-863.805,255,8,1,
1778337119925544,353527864,3977,243.489792,98,-437.430,-876.958,255,8,1,
1778337119926544,353537827,3986,244.040802,98,-428.976,-881.124,255,8,1,
1778337119926544,353547768,3995,244.591843,98,-420.482,-885.209,255,8,1,
1778337119927548,353557734,4004,245.142853,99,-416.154,-898.285,255,8,1,
1778337119927548,353567677,4012,245.632645,99,-408.460,-901.810,255,8,1,
1778337119928548,353577621,4021,246.183685,100,-403.806,-914.845,255,8,1,
1778337119928548,353587560,4030,246.734695,102,-402.889,-937.059,255,8,1,
1778337119929549,353597526,4038,247.224487,103,-398.735,-949.690,255,8,1,
1778337119929549,353607470,4047,247.775513,103,-389.584,-953.480,255,8,1,
1778337119930548,353617441,4056,248.326523,104,-384.089,-966.476,255,8,1,
1778337119930548,353627388,4065,248.877563,106,-381.984,-988.781,255,8,1,
1778337119931548,353637354,4073,249.367355,108,-380.565,-1010.728,255,8,1,
1778337119932547,353647295,4082,249.918365,110,-377.695,-1033.125,255,8,1,
1778337119932547,353657267,4091,250.469376,111,-371.085,-1046.134,255,8,0,unstable_angle_bin
1778337119933548,353667216,4099,250.959198,118,-384.965,-1115.438,255,8,0,unstable_angle_bin
1778337119934549,353677176,4108,251.510208,155,-491.560,-1469.989,255,8,0,unstable_angle_bin
1778337119935054,353687125,4117,252.061218,209,-643.721,-1988.397,255,8,1,
1778337119936059,353697086,4125,252.551025,242,-725.652,-2308.642,255,8,1,
1778337119936059,353707032,4134,253.102036,261,-758.644,-2497.310,255,8,1,
1778337119937063,353716998,4142,253.591827,272,-768.341,-2609.224,255,8,1,
1778337119938063,353726950,4151,254.142868,277,-756.874,-2664.590,255,8,1,
1778337119945594,353736912,4159,254.632660,279,-739.368,-2690.248,255,8,1,
1778337119962642,353746871,4168,255.183670,282,-721.134,-2726.237,255,8,1,
1778337119965144,353756833,4176,255.673462,282,-697.803,-2732.301,255,8,1,
1778337120169633,353766787,4185,256.224487,282,-671.494,-2738.886,255,8,1,
1778337120170633,353776749,4193,256.714294,280,-643.459,-2725.061,255,8,1,
1778337120171633,353786697,4202,257.265289,279,-615.020,-2721.369,255,8,1,
1778337120172633,353796659,4210,257.755096,275,-583.250,-2687.437,255,8,1,
1778337120173633,353806609,4219,258.306122,272,-551.297,-2663.545,255,8,1,
1778337120174633,353816577,4227,258.795929,272,-528.507,-2668.160,255,8,1,
1778337120175137,353826528,4236,259.346924,273,-504.673,-2682.947,255,8,1,
1778337120176143,353836492,4244,259.836731,270,-476.425,-2657.634,255,8,1,
1778337120176143,353846441,4253,260.387756,267,-445.835,-2632.514,255,8,1,
1778337120177143,353856413,4261,260.877563,249,-394.776,-2458.506,255,8,1,
1778337120178142,353866358,4270,261.428558,205,-305.537,-2027.103,255,8,1,
1778337120178142,353876325,4278,261.918365,187,-262.892,-1851.429,255,8,1,
1778337120179141,353886264,4287,262.469391,180,-235.900,-1784.475,255,8,1,
1778337120180142,353896233,4295,262.959167,173,-212.058,-1716.954,255,8,1,
1778337120180142,353906172,4304,263.510223,163,-184.232,-1619.555,255,8,1,
1778337120181141,353916138,4312,264.000000,151,-157.838,-1501.728,255,8,1,
1778337120182141,353926061,4321,264.551025,130,-123.447,-1294.126,255,8,1,
1778337120183141,353936032,4329,265.040802,126,-108.922,-1255.283,255,8,1,
1778337120183141,353945962,4338,265.591858,131,-100.688,-1306.125,255,8,1,
1778337120183141,353955935,4346,266.081635,132,-90.202,-1316.914,255,8,1,
1778337120184645,353965869,4355,266.632660,130,-76.359,-1297.756,255,8,1,
1778337120185651,353975835,4363,267.122437,126,-63.254,-1258.411,255,8,1,
1778337120193651,353985769,4372,267.673462,120,-48.714,-1199.011,255,8,1,
1778337120210676,353995738,4380,268.163269,118,-37.821,-1179.394,255,8,1,
1778337120212690,354005677,4389,268.714264,114,-25.580,-1139.713,255,8,1,
1778337120393577,354015643,4398,269.265320,113,-14.489,-1129.907,255,8,1,
1778337120394580,354025579,4406,269.755096,113,-4.830,-1129.990,255,8,1,
1778337120394580,354035541,4415,270.306122,106,5.663,-1059.985,255,8,1,
1778337120395655,354045501,4423,270.795898,97,13.474,-969.906,255,8,1,
1778337120396656,354055472,4432,271.346954,96,22.566,-959.735,255,8,1,
1778337120396656,354065401,4440,271.836731,92,29.487,-919.527,255,8,1,
1778337120397663,354075374,4449,272.387756,79,32.913,-789.314,255,8,1,
1778337120397663,354085312,4457,272.877563,73,36.647,-729.080,255,8,1,
1778337120398663,354095278,4466,273.428558,74,44.255,-738.676,255,8,1,
1778337120399662,354105223,4474,273.918365,74,50.568,-738.270,255,8,1,
1778337120399662,354115190,4483,274.469391,69,53.769,-687.902,255,8,1,
1778337120400662,354125140,4492,275.020416,69,60.382,-687.353,255,8,1,
1778337120401662,354135109,4500,275.510193,68,65.296,-676.858,255,8,1,
1778337120401662,354145052,4509,276.061249,68,71.802,-676.199,255,8,1,
1778337120402664,354155020,4517,276.551025,72,82.143,-715.299,255,8,1,
1778337120403661,354164963,4526,277.102051,82,101.382,-813.709,255,8,1,
1778337120403661,354174933,4534,277.591827,84,110.977,-832.637,255,8,1,
1778337120404661,354184877,4543,278.142853,81,114.730,-801.834,255,8,1,
1778337120405793,354194842,4551,278.632660,73,109.572,-721.730,255,8,1,
1778337120410792,354204788,4560,279.183655,71,113.316,-700.899,255,8,1,
1778337120423933,354214755,4568,279.673462,72,120.984,-709.763,255,8,1,
1778337120430446,354224698,4577,280.224487,80,142.004,-787.296,255,8,1,
1778337120446474,354234668,4585,280.714294,84,156.166,-825.356,255,8,1,
1778337120621675,354244611,4594,281.265289,84,164.096,-823.816,255,8,1,
1778337120622209,354254584,4602,281.755096,84,171.132,-822.383,255,8,1,
1778337120623275,354264525,4611,282.306122,84,179.033,-820.699,255,8,1,
1778337120623816,354274492,4619,282.795929,84,186.043,-819.139,255,8,1,
1778337120623816,354284438,4628,283.346924,84,193.911,-817.312,255,8,1,
1778337120624822,354294408,4636,283.836731,84,200.891,-815.624,255,8,1,
1778337120625886,354304351,4645,284.387756,84,208.726,-813.654,255,8,1,
1778337120626886,354314320,4653,284.877563,84,215.674,-811.840,255,8,1,
1778337120626886,354324267,4662,285.428589,84,223.471,-809.729,255,8,1,
1778337120628231,354334233,4670,285.918365,84,230.385,-807.789,255,8,1,
1778337120628735,354344184,4678,286.408173,83,234.457,-796.197,255,8,1,
1778337120628735,354354155,4687,286.959167,84,245.020,-803.471,255,8,1,
1778337120629739,354364105,4695,287.448975,84,251.879,-801.347,255,8,1,
1778337120630741,354374074,4704,288.000000,84,259.574,-798.887,255,8,1,
1778337120630741,354384024,4712,288.489807,84,266.394,-796.639,255,8,1,
1778337120631744,354393995,4721,289.040802,85,277.305,-803.494,255,8,1,
1778337120632528,354403948,4730,289.591827,85,285.020,-800.789,255,8,1,
1778337120633033,354413920,4738,290.081635,85,291.855,-798.324,255,8,1,
1778337120633583,354423872,4746,290.571442,85,298.669,-795.800,255,8,1,
1778337120638108,354433846,4755,291.122437,82,295.497,-764.906,255,8,1,
1778337120648859,354443791,4763,291.612244,73,268.876,-678.679,255,8,1,
1778337120658594,354453766,4772,292.163269,73,275.390,-676.062,255,8,1,
1778337120671312,354463703,4780,292.653046,77,296.565,-710.598,255,8,1,
1778337120678553,354473676,4789,293.204102,84,330.966,-772.050,255,8,1,
1778337120688505,354483621,4797,293.693878,85,341.572,-778.350,255,8,1,
1778337120861996,354493589,4806,294.244904,84,344.936,-765.911,255,8,1,
1778337120861996,354503530,4814,294.734680,84,351.470,-762.934,255,8,1,
1778337120862997,354513507,4822,295.224487,84,357.979,-759.902,255,8,1,
1778337120862997,354523452,4831,295.775513,84,365.271,-756.424,255,8,1,
1778337120864499,354533427,4840,296.326538,83,368.094,-743.913,255,8,1,
1778337120865502,354543374,4848,296.816315,79,356.394,-705.041,255,8,1,
1778337120865502,354553338,4856,297.306122,76,348.646,-675.312,255,8,1,
1778337120866502,354563286,4865,297.857147,76,355.124,-671.928,255,8,1,
1778337120867005,354573257,4873,298.346924,77,365.603,-677.668,255,8,1,
1778337120868008,354583205,4882,298.897980,76,367.271,-665.366,255,8,1,
1778337120868008,354593175,4890,299.387756,69,338.595,-601.210,255,8,1,
1778337120869009,354603124,4899,299.938782,65,324.398,-563.263,255,8,1,
1778337120870008,354613090,4907,300.428558,67,339.331,-577.715,255,8,1,
1778337120870008,354623026,4915,300.918365,81,416.191,-694.899,255,8,1,
1778337120871078,354632993,4924,301.469391,86,448.957,-733.510,255,8,1,
1778337120872012,354642943,4932,301.959198,88,465.797,-746.614,255,8,1,
1778337120872012,354652917,4940,302.448975,89,477.528,-751.044,255,8,1,
1778337120873011,354662863,4948,302.938782,89,483.931,-746.934,255,8,1,
1778337120883160,354672831,4957,303.489807,88,485.574,-733.906,255,8,1,
1778337120885672,354682778,4965,303.979584,89,497.419,-738.021,255,8,1,
1778337121038078,354692749,4973,304.469391,89,503.710,-733.742,255,8,1,
1778337121039078,354702693,4981,304.959167,90,515.693,-737.605,255,8,1,
1778337121040077,354712665,4990,305.510193,94,545.997,-765.171,255,8,1,
1778337121040077,354722611,4998,306.000000,95,558.396,-768.566,255,8,1,
1778337121041078,354732581,5006,306.489807,95,564.946,-763.765,255,8,1,
1778337121042078,354742524,5014,306.979584,94,565.439,-750.919,255,8,1,
1778337121042078,354752498,5023,307.530609,93,566.542,-737.516,255,8,1,
1778337121043077,354762443,5031,308.020386,92,566.666,-724.768,255,8,1,
1778337121043077,354772409,5039,308.510223,90,560.389,-704.247,255,8,1,
1778337121044582,354782354,5048,309.061218,89,560.834,-691.061,255,8,1,
1778337121045587,354792327,5056,309.551025,88,560.353,-678.531,255,8,1,
1778337121045587,354802272,5064,310.040802,86,553.266,-658.404,255,8,1,
1778337121046587,354812241,5072,310.530609,85,552.376,-646.050,255,8,1,
1778337121046587,354822182,5080,311.020416,84,551.315,-633.760,255,8,1,
1778337121047587,354832155,5089,311.571442,82,544.114,-613.466,255,8,1,
1778337121047587,354842099,5097,312.061218,82,549.338,-608.792,255,8,1,
1778337121054587,354852062,5105,312.551025,81,547.760,-596.707,255,8,1,
1778337121066725,354862007,5113,313.040802,79,539.190,-577.386,255,8,1,
1778337121073730,354871981,5122,313.591827,78,537.823,-564.931,255,8,1,
1778337121083241,354881930,5130,314.081635,78,542.632,-560.312,255,8,1,
1778337121238810,354891901,5138,314.571411,77,540.384,-548.530,255,8,1,
1778337121239810,354901851,5146,315.061218,76,537.975,-536.827,255,8,1,
1778337121239810,354911828,5154,315.551025,75,535.406,-525.205,255,8,1,
1778337121240810,354921775,5162,316.040833,74,532.678,-513.668,255,8,1,
1778337121241810,354931742,5171,316.591827,74,537.593,-508.521,255,8,1,
1778337121241810,354941692,5179,317.081635,73,534.597,-497.098,255,8,1,
1778337121242810,354951663,5187,317.571411,72,531.446,-485.763,255,8,1,
1778337121242810,354961610,5195,318.061218,72,535.579,-481.202,255,8,1,
1778337121243810,354971573,5203,318.551025,71,532.177,-469.986,255,8,1,
1778337121244811,354981520,5211,319.040833,71,536.176,-465.420,255,8,1,
1778337121244811,354991487,5220,319.591827,70,533.012,-453.760,255,8,1,
1778337121245684,355001431,5228,320.081635,70,536.872,-449.187,255,8,1,
1778337121246189,355011402,5236,320.571411,69,532.968,-438.230,255,8,1,
1778337121246724,355021345,5244,321.061249,69,536.695,-433.658,255,8,1,
1778337121247730,355031309,5252,321.551025,68,532.550,-422.836,255,8,1,
1778337121247730,355041253,5260,322.040833,68,536.146,-418.268,255,8,1,
1778337121252728,355051226,5268,322.530609,67,531.765,-407.586,255,8,1,
1778337121267944,355061172,5277,323.081635,67,535.660,-402.453,255,8,1,
1778337121271947,355071138,5285,323.571442,66,531.035,-391.921,255,8,1,
1778337121472206,355081083,5293,324.061218,66,534.365,-387.368,255,8,1,
1778337121473206,355091047,5301,324.551025,65,529.511,-376.986,255,8,1,
1778337121474710,355100990,5309,325.040833,65,532.714,-372.445,255,8,1,
1778337121475715,355110952,5317,325.530609,65,535.879,-367.878,255,8,1,
1778337121476715,355120891,5326,326.081635,64,531.093,-357.127,255,8,1,
1778337121477715,355130859,5334,326.571442,64,534.127,-352.574,255,8,1,
1778337121478714,355140796,5342,327.061218,64,537.121,-347.995,255,8,1,
1778337121479714,355150770,5350,327.551025,63,531.638,-338.025,255,8,1,
1778337121480714,355160716,5358,328.040802,63,534.508,-333.469,255,8,1,
1778337121481714,355170683,5366,328.530609,63,537.339,-328.887,255,8,1,
1778337121482714,355180631,5374,329.020386,62,531.557,-319.134,255,8,1,
1778337121483713,355190601,5382,329.510223,62,534.266,-314.578,255,8,1,
1778337121485229,355200542,5390,330.000000,62,536.936,-310.000,255,8,1,
1778337121486227,355210510,5398,330.489807,61,530.864,-300.473,255,8,1,
1778337121487227,355220443,5406,330.979584,61,533.413,-295.924,255,8,1,
1778337121488227,355230411,5414,331.469391,61,535.923,-291.353,255,8,1,
1778337121489228,355240351,5423,332.020416,60,529.869,-281.494,255,8,1,
1778337121493555,355250316,5431,332.510223,60,532.256,-276.954,255,8,1,
1778337121494559,355260261,5439,333.000000,60,534.604,-272.394,255,8,1,
1778337121495563,355270226,5447,333.489807,60,536.913,-267.814,255,8,1,
1778337121496563,355280168,5455,333.979584,59,530.196,-258.828,255,8,1,
1778337121497567,355290135,5463,334.469391,59,532.390,-254.286,255,8,1,
1778337121499566,355300079,5471,334.959167,59,534.544,-249.726,255,8,1,
1778337121518646,355310039,5479,335.448975,59,536.659,-245.147,255,8,1,
1778337121521647,355319984,5487,335.938782,59,538.735,-240.550,255,8,1,
1778337121529745,355329947,5495,336.428589,58,531.606,-231.937,255,8,1,
1778337121740294,355339889,5503,336.918365,58,533.569,-227.385,255,8,1,
1778337121741294,355349852,5511,337.408173,58,535.494,-222.815,255,8,1,
1778337121741294,355359798,5519,337.897949,56,518.848,-210.704,255,8,1,
1778337121742294,355369771,5528,338.448975,52,483.647,-191.011,255,8,1,
1778337121742294,355379723,5536,338.938782,47,438.603,-168.902,255,8,1,
1778337121743294,355389694,5544,339.428558,45,421.306,-158.119,255,8,1,
1778337121743294,355399638,5552,339.918365,45,422.642,-154.511,255,8,1,
1778337121744797,355409609,5560,340.408173,45,423.947,-150.893,255,8,1,
1778337121745801,355419554,5568,340.897949,45,425.222,-147.263,255,8,1,
1778337121746802,355429521,5576,341.387756,45,426.465,-143.623,255,8,1,
1778337121746802,355439467,5584,341.877563,45,427.677,-139.972,255,8,1,
1778337121747802,355449434,5592,342.367340,45,428.858,-136.311,255,8,1,
1778337121748801,355459373,5600,342.857147,44,420.452,-129.692,255,8,1,
1778337121748801,355469340,5608,343.346924,41,392.804,-117.496,255,8,1,
1778337121749802,355479289,5616,343.836731,40,384.189,-111.350,255,8,1,
1778337121750802,355489259,5624,344.326508,40,385.127,-108.062,255,8,1,
1778337121750802,355499204,5632,344.816345,40,386.037,-104.766,255,8,1,
1778337121751802,355509172,5640,345.306122,40,386.918,-101.462,255,8,1,
1778337121752802,355519113,5648,345.795929,40,387.771,-98.151,255,8,1,
1778337121753802,355529078,5656,346.285706,41,398.311,-97.203,255,8,1,
1778337121753802,355539029,5664,346.775513,40,389.392,-91.507,255,8,1,
1778337121754802,355549001,5672,347.265289,40,390.160,-88.175,255,8,1,
1778337121756868,355558943,5680,347.755096,41,400.672,-86.957,255,8,1,
1778337121766399,355568914,5688,348.244904,40,391.611,-81.492,255,8,1,
1778337121776417,355578858,5696,348.734711,40,392.293,-78.141,255,8,1,
1778337121792942,355588828,5704,349.224487,40,392.947,-74.785,255,8,1,
1778337121796452,355598775,5712,349.714294,45,442.768,-80.351,255,8,1,
1778337121806968,355608741,5720,350.204071,45,443.439,-76.563,255,8,1,
1778337121976058,355618688,5728,350.693878,48,473.682,-77.620,255,8,1,
1778337121976987,355628657,5736,351.183655,52,513.856,-79.699,255,8,1,
1778337121976987,355638609,5743,351.612244,53,524.331,-77.312,255,8,1,
1778337121977986,355648580,5751,352.102020,53,524.973,-72.827,255,8,1,
1778337121978987,355658529,5759,352.591858,53,525.576,-68.336,255,8,1,
1778337121978987,355668504,5767,353.081635,49,486.432,-59.023,255,8,1,
1778337121979987,355678445,5775,353.571442,49,486.919,-54.862,255,8,1,
1778337121980986,355688418,5783,354.061218,49,487.370,-50.698,255,8,1,
1778337121980986,355698359,5791,354.551025,49,487.786,-46.530,255,8,1,
1778337121981987,355708325,5799,355.040802,49,488.166,-42.359,255,8,1,
1778337121981987,355718267,5806,355.469391,49,488.469,-38.706,255,8,1,
1778337121982986,355728239,5814,355.959167,48,478.807,-33.824,255,8,1,
1778337121982986,355738188,5822,356.448975,49,489.059,-30.349,255,8,1,
1778337121984492,355748157,5830,356.938782,49,489.301,-26.167,255,8,1,
1778337121984492,355758109,5838,357.428589,49,489.507,-21.984,255,8,1,
1778337121985498,355768081,5846,357.918365,49,489.677,-17.798,255,8,1,
1778337121986498,355778025,5854,358.408173,49,489.811,-13.612,255,8,1,
1778337121986498,355787998,5862,358.897949,49,489.909,-9.424,255,8,1,
1778337121994513,355797943,5870,359.387756,48,479.973,-5.129,255,8,1,
1778337122005023,355807905,5878,359.877533,48,479.999,-1.026,255,8,1,
1778337122159642,355817857,6,0.367347,48,479.990,3.077,255,8,1,
1778337122160642,355827826,13,0.795918,48,479.954,6.668,255,8,1,
1778337122160642,355837770,21,1.285714,48,479.879,10.770,255,8,1,
1778337122161642,355847746,29,1.775510,48,479.770,14.872,255,8,1,
1778337122162642,355857691,37,2.265306,49,489.617,19.368,255,8,1,
1778337122162642,355867663,45,2.755102,49,489.434,23.553,255,8,1,
1778337122163642,355877607,53,3.244898,48,479.230,27.170,255,8,1,
1778337122163642,355887580,60,3.673469,48,479.014,30.754,255,8,1,
1778337122164641,355897527,68,4.163265,48,478.733,34.847,255,8,1,
1778337122164641,355907499,76,4.653061,48,478.418,38.939,255,8,1,
1778337122165711,355917444,84,5.142857,48,478.068,43.027,255,8,1,
1778337122166712,355927415,92,5.632653,48,477.682,47.112,255,8,1,
1778337122166712,355937360,100,6.122449,48,477.262,51.194,255,8,1,
1778337122166712,355947331,107,6.551021,48,476.866,54.762,255,8,1,
1778337122168217,355957280,115,7.040816,47,466.456,57.611,255,8,1,
1778337122169224,355967257,123,7.530612,47,465.946,61.596,255,8,1,
1778337122173223,355977202,131,8.020409,47,465.403,65.577,255,8,1,
1778337122182734,355987182,139,8.510204,47,464.825,69.553,255,8,1,
1778337122192767,355997133,146,8.938775,47,464.292,73.028,255,8,1,
1778337122205924,356007106,153,9.367347,47,463.733,76.499,255,8,1,
1778337122211923,356017052,157,9.612246,46,453.542,76.811,255,8,1,
1778337122358707,356027025,158,9.673470,45,443.602,75.615,255,8,1,
1778337122359708,356036968,158,9.673470,45,443.602,75.615,255,8,1,
1778337122360709,356046936,158,9.673470,45,443.602,75.615,255,8,1,
1778337122360709,356056870,158,9.673470,45,443.602,75.615,255,8,1,
1778337122361710,356066841,158,9.673470,45,443.602,75.615,255,8,1,
1778337122362708,356076791,158,9.673470,45,443.602,75.615,255,8,1,
1778337122362708,356086759,158,9.673470,45,443.602,75.615,255,8,1,
1778337122362708,356096696,158,9.673470,45,443.602,75.615,255,8,1,
1778337122363707,356106660,158,9.673470,45,443.602,75.615,255,8,1,
1778337122364706,356116598,156,9.551021,46,453.624,76.326,255,8,1,
1778337122365209,356126563,153,9.367347,46,453.866,74.871,255,8,1,
1778337122365209,356136502,150,9.183674,46,454.104,73.416,255,8,1,
1778337122366214,356146463,146,8.938775,46,454.413,71.474,255,8,1,
1778337122366214,356156412,143,8.755102,46,454.640,70.017,255,8,1,
1778337122367215,356166376,139,8.510204,46,454.935,68.073,255,8,1,
1778337122378187,356176319,136,8.326530,46,455.151,66.615,255,8,1,
1778337122380192,356186294,132,8.081633,46,455.432,64.669,255,8,1,
1778337122393891,356196236,128,7.836735,46,455.704,62.721,255,8,1,
1778337122400928,356206207,124,7.591837,46,455.968,60.773,255,8,1,
1778337122409951,356216152,120,7.346939,46,456.223,58.823,255,8,1,
1778337122584773,356226120,116,7.102041,46,456.471,56.873,255,8,1,
1778337122585779,356236067,111,6.795918,46,456.768,54.433,255,8,1,
1778337122586779,356246035,107,6.551021,47,466.931,53.621,255,8,1,
1778337122586779,356255982,103,6.306122,46,457.217,50.527,255,8,1,
1778337122587779,356265958,98,6.000000,46,457.480,48.083,255,8,1,
1778337122587779,356275906,94,5.755102,46,457.681,46.127,255,8,1,
1778337122588779,356285880,89,5.448980,45,447.967,42.732,255,8,1,
1778337122589780,356295824,85,5.204082,46,458.104,41.724,255,8,1,
1778337122589780,356305800,80,4.897959,45,448.357,38.422,255,8,1,
1778337122590779,356315749,76,4.653061,46,458.484,37.316,255,8,1,
1778337122590779,356325720,71,4.346939,46,458.677,34.866,255,8,1,
1778337122591781,356335666,66,4.040816,46,458.856,32.415,255,8,1,
1778337122592782,356345641,61,3.734694,46,459.023,29.963,255,8,1,
1778337122592782,356355585,56,3.428571,46,459.177,27.510,255,8,1,
1778337122593780,356365561,52,3.183673,46,459.290,25.547,255,8,1,
1778337122593780,356375510,46,2.816327,46,459.444,22.602,255,8,1,
1778337122594778,356385483,41,2.510204,46,459.559,20.147,255,8,1,
1778337122595281,356395435,36,2.204082,46,459.660,17.691,255,8,1,
1778337122598288,356405412,31,1.897959,46,459.748,15.235,255,8,1,
1778337122614789,356415363,26,1.591837,46,459.822,12.778,255,8,1,
1778337122617801,356425339,21,1.285714,46,459.884,10.322,255,8,1,
1778337122628316,356435283,15,0.918367,46,459.941,7.373,255,8,1,
1778337122771428,356445265,10,0.612245,46,459.974,4.915,255,8,1,
1778337122772418,356455210,4,0.244898,46,459.996,1.966,255,8,1,
1778337122772418,356465188,5879,359.938782,46,460.000,-0.491,255,8,1,
1778337122773419,356475136,5874,359.632629,47,469.990,-3.014,255,8,1,
1778337122773419,356485108,5868,359.265320,46,459.962,-5.898,255,8,1,
1778337122773419,356495055,5862,358.897949,46,459.915,-8.847,255,8,1,
1778337122774925,356505023,5857,358.591827,47,469.858,-11.550,255,8,1,
1778337122775939,356514966,5851,358.224487,46,459.779,-14.252,255,8,1,
1778337122775939,356524936,5845,357.857147,46,459.678,-17.200,255,8,1,
1778337122777071,356534879,5839,357.489807,46,459.559,-20.147,255,8,1,
1778337122777071,356544857,5834,357.183685,46,459.444,-22.602,255,8,1,
1778337122778076,356554802,5828,356.816315,46,459.290,-25.547,255,8,1,
1778337122778076,356564775,5822,356.448975,46,459.117,-28.491,255,8,1,
1778337122779077,356574722,5816,356.081635,46,458.925,-31.434,255,8,1,
1778337122779077,356584692,5810,355.714294,46,458.714,-34.376,255,8,1,
1778337122786586,356594643,5804,355.346954,46,458.484,-37.316,255,8,1,
1778337122796757,356604612,5797,354.918365,47,468.153,-41.630,255,8,1,
1778337122809277,356614562,5791,354.551025,47,467.876,-44.631,255,8,1,
1778337122815780,356624537,5785,354.183685,47,467.580,-47.630,255,8,1,
1778337122961859,356634487,5779,353.816315,47,467.265,-50.627,255,8,1,
1778337122962858,356644458,5772,353.387756,48,476.807,-55.272,255,8,1,
1778337122962858,356654407,5766,353.020386,47,466.517,-57.113,255,8,1,
1778337122963859,356664381,5760,352.653076,47,466.141,-60.102,255,8,1,
1778337122964858,356674325,5753,352.224487,47,465.679,-63.587,255,8,1,
1778337122965938,356684302,5747,351.857147,48,475.161,-67.988,255,8,1,
1778337122965938,356694244,5740,351.428558,47,464.750,-70.050,255,8,1,
1778337122966938,356704218,5734,351.061218,47,464.292,-73.028,255,8,1,
1778337122966938,356714157,5727,350.632660,51,503.199,-83.009,255,8,1,
1778337122968443,356724128,5720,350.204071,52,512.418,-88.473,255,8,1,
1778337122968443,356734067,5713,349.775513,48,472.378,-85.203,255,8,1,
1778337122969449,356744039,5707,349.408173,45,442.333,-82.715,255,8,1,
1778337122969449,356753982,5700,348.979584,44,431.886,-84.110,255,8,1,
1778337122970449,356763951,5693,348.551025,44,431.245,-87.338,255,8,1,
1778337122971450,356773894,5686,348.122437,44,430.579,-90.561,255,8,1,
1778337122974954,356783865,5679,347.693878,44,429.890,-93.779,255,8,1,
1778337122984471,356793809,5672,347.265289,44,429.177,-96.992,255,8,1,
1778337122994476,356803784,5665,346.836731,44,428.439,-100.200,255,8,1,
1778337123129950,356813728,5658,346.408142,44,427.678,-103.402,255,8,1,
1778337123129950,356823697,5651,345.979614,44,426.892,-106.598,255,8,1,
1778337123130949,356833639,5644,345.551025,44,426.083,-109.788,255,8,1,
1778337123130949,356843605,5636,345.061218,44,425.129,-113.426,255,8,1,
1778337123131949,356853549,5629,344.632660,43,414.626,-113.953,255,8,1,
1778337123132949,356863520,5622,344.204071,39,375.273,-106.163,255,8,1,
1778337123132949,356873460,5614,343.714294,39,374.351,-109.367,255,8,1,
1778337123133949,356883426,5607,343.285706,39,373.523,-112.164,255,8,1,
1778337123134949,356893367,5599,342.795929,39,372.550,-115.353,255,8,1,
1778337123134949,356903335,5592,342.367340,39,371.677,-118.136,255,8,1,
1778337123134949,356913284,5584,341.877563,39,370.654,-121.309,255,8,1,
1778337123136324,356923252,5576,341.387756,39,369.603,-124.473,255,8,1,
1778337123136324,356933198,5569,340.959198,39,368.662,-127.234,255,8,1,
1778337123137324,356943167,5561,340.469391,40,376.985,-133.724,255,8,1,
1778337123148834,356953114,5553,339.979584,39,366.433,-133.518,255,8,1,
1778337123152834,356963084,5545,339.489777,39,365.278,-136.646,255,8,1,
1778337123282259,356973031,5537,339.000000,40,373.432,-143.347,255,8,1,
1778337123283258,356983001,5529,338.510193,40,372.193,-146.534,255,8,1,
1778337123284766,356992946,5521,338.020416,44,408.020,-164.682,255,8,1,
1778337123285774,357002916,5513,337.530609,47,434.319,-179.629,255,8,1,
1778337123286772,357012860,5505,337.040802,52,478.807,-202.839,255,8,1,
1778337123291776,357022833,5497,336.551025,56,513.752,-222.842,255,8,1,
1778337123292777,357032780,5489,336.061218,57,520.968,-231.283,255,8,1,
1778337123295280,357042748,5481,335.571442,57,518.972,-235.728,255,8,1,
1778337123296285,357052693,5472,335.020416,58,525.746,-244.931,255,8,1,
1778337123300298,357062658,5464,334.530609,58,523.633,-249.417,255,8,1,
1778337123301289,357072611,5456,334.040802,58,521.481,-253.884,255,8,1,
1778337123302291,357082585,5448,333.551025,58,519.292,-258.332,255,8,1,
1778337123303291,357092531,5439,333.000000,58,516.784,-263.314,255,8,1,
1778337123303291,357102507,5431,332.510223,58,514.514,-267.722,255,8,1,
1778337123303291,357112454,5422,331.959167,58,511.915,-272.658,255,8,1,
1778337123310808,357122426,5414,331.469391,59,518.352,-281.801,255,8,1,
1778337123323306,357132380,5405,330.918365,59,515.618,-286.773,255,8,1,
1778337123498734,357142354,5396,330.367340,59,512.836,-291.718,255,8,1,
1778337123498734,357152308,5388,329.877563,59,510.323,-296.091,255,8,1,
1778337123499735,357162275,5379,329.326538,60,516.053,-306.087,255,8,1,
1778337123499735,357172220,5370,328.775513,60,513.086,-311.036,255,8,1,
1778337123500734,357182190,5361,328.224487,60,510.071,-315.956,255,8,1,
1778337123500734,357192135,5352,327.673462,61,515.459,-326.194,255,8,1,
1778337123500734,357202107,5343,327.122437,61,512.298,-331.136,255,8,1,
1778337123501734,357212052,5334,326.571442,61,509.090,-336.047,255,8,1,
1778337123501734,357222023,5325,326.020416,62,514.127,-346.516,255,8,1,
1778337123502734,357231969,5316,325.469391,62,510.771,-351.445,255,8,1,
1778337123502734,357241939,5307,324.918365,63,515.550,-362.088,255,8,1,
1778337123503734,357251878,5298,324.367340,63,512.044,-367.029,255,8,1,
1778337123503734,357261857,5288,323.755096,63,508.093,-372.480,255,8,1,
1778337123503734,357271798,5279,323.204071,64,512.495,-383.339,255,8,1,
1778337123504734,357281777,5270,322.653076,64,508.785,-388.249,255,8,1,
1778337123505802,357291720,5260,322.040833,65,512.492,-399.815,255,8,1,
1778337123506802,357301691,5251,321.489777,66,516.448,-410.952,255,8,1,
1778337123507801,357311635,5241,320.877563,66,512.028,-416.447,255,8,1,
1778337123508801,357321601,5232,320.326538,67,515.696,-427.736,255,8,1,
1778337123521308,357331545,5222,319.714294,68,518.724,-439.688,255,8,1,
1778337123746626,357341518,5212,319.102051,68,513.996,-445.205,255,8,1,
1778337123747626,357351460,5203,318.551025,69,517.186,-456.747,255,8,1,
1778337123748626,357361436,5193,317.938782,70,519.701,-468.947,255,8,1,
1778337123748626,357371378,5183,317.326538,71,522.012,-481.252,255,8,1,
1778337123749625,357381348,5174,316.775513,71,517.360,-486.250,255,8,1,
1778337123750625,357391289,5164,316.163269,72,519.348,-498.676,255,8,1,
1778337123750625,357401258,5154,315.551025,72,513.990,-504.197,255,8,1,
1778337123751696,357411203,5145,315.000000,74,523.259,-523.259,255,8,1,
1778337123752625,357421176,5135,314.387756,74,517.638,-528.820,255,8,1,
1778337123752625,357431121,5125,313.775513,75,518.876,-541.542,255,8,1,
1778337123753627,357441088,5115,313.163269,76,519.901,-554.350,255,8,1,
1778337123753627,357451031,5106,312.612244,77,521.316,-566.683,255,8,1,
1778337123754626,357460997,5096,312.000000,78,521.922,-579.653,255,8,1,
1778337123754626,357470936,5086,311.387756,80,528.921,-600.202,255,8,1,
1778337123755840,357480902,5077,310.836731,80,523.125,-605.261,255,8,1,
1778337123756840,357490852,5067,310.224487,81,523.085,-618.451,255,8,1,
1778337123756840,357500819,5057,309.612244,83,529.199,-639.413,255,8,1,
1778337123757840,357510766,5048,309.061218,84,529.326,-652.237,255,8,1,
1778337123758840,357520730,5038,308.448975,85,528.545,-665.688,255,8,1,
1778337123758840,357530671,5028,307.836731,87,533.670,-687.093,255,8,1,
1778337123759840,357540651,5018,307.224487,89,538.396,-708.682,255,8,1,
1778337123760840,357550599,5009,306.673492,91,543.501,-729.867,255,8,1,
1778337123760840,357560573,4999,306.061218,92,541.557,-743.717,255,8,1,
1778337123761840,357570515,4990,305.510193,94,545.997,-765.171,255,8,1,
1778337123766004,357580486,4980,304.897949,94,537.790,-770.962,255,8,1,
1778337123780610,357590430,4970,304.285706,95,535.154,-784.927,255,8,1,
1778337123788119,357600396,4960,303.673462,94,521.191,-782.278,255,8,1,
1778337123795655,357610344,4951,303.122437,93,508.180,-778.879,255,8,1,
1778337123986178,357620318,4941,302.510193,93,499.828,-784.265,255,8,1,
1778337123987181,357630260,4931,301.897980,93,491.420,-789.561,255,8,1,
1778337123987181,357640234,4922,301.346924,92,478.601,-785.710,255,8,1,
1778337123988181,357650178,4912,300.734711,92,470.179,-790.779,255,8,1,
1778337123988181,357660139,4902,300.122437,93,466.720,-804.408,255,8,1,
1778337123989181,357670081,4893,299.571411,91,449.092,-791.465,255,8,1,
1778337123989181,357680047,4883,298.959198,76,367.982,-664.973,255,8,1,
1778337123990182,357689991,4874,298.408142,70,333.024,-615.707,255,8,1,
1778337123991183,357699953,4864,297.795929,76,354.406,-672.307,255,8,1,
1778337123991183,357709886,4855,297.244904,82,375.392,-729.027,255,8,1,
1778337123992182,357719847,4845,296.632660,82,367.580,-732.997,255,8,1,
1778337123993181,357729793,4836,296.081635,82,360.514,-736.498,255,8,1,
1778337123993181,357739755,4826,295.469391,83,356.924,-749.337,255,8,1,
1778337123994685,357749687,4817,294.918365,85,358.128,-770.873,255,8,1,
1778337123995689,357759644,4807,294.306122,86,353.986,-783.769,255,8,1,
1778337123995689,357769586,4798,293.755096,87,350.460,-796.290,255,8,1,
1778337123996689,357779549,4788,293.142853,86,338.001,-790.794,255,8,1,
1778337123996689,357789484,4778,292.530609,86,329.532,-794.360,255,8,1,
1778337123997690,357799446,4769,291.979584,86,321.878,-797.493,255,8,1,
1778337123997690,357809378,4759,291.367371,82,298.764,-763.636,255,8,1,
1778337124009949,357821321,4748,290.693878,75,265.031,-701.611,255,8,1,
1778337124016458,357831288,4738,290.081635,74,254.085,-695.011,255,8,1,
1778337124025984,357841226,4729,289.530609,82,274.135,-772.820,255,8,1,
1778337124181715,357851188,4719,288.918365,84,272.345,-794.624,255,8,1,
1778337124181715,357861127,4710,288.367340,85,267.842,-806.697,255,8,1,
1778337124182714,357871088,4700,287.755096,86,262.256,-819.037,255,8,1,
1778337124182714,357881023,4690,287.142853,85,250.542,-812.237,255,8,1,
1778337124183713,357890988,4681,286.591858,84,239.864,-805.025,255,8,1,
1778337124183713,357900917,4671,285.979584,84,231.248,-807.542,255,8,1,
1778337124185221,357910888,4662,285.428589,84,223.471,-809.729,255,8,1,
1778337124185221,357920824,4652,284.816315,84,214.806,-812.071,255,8,1,
1778337124186227,357930791,4642,284.204071,85,208.570,-824.014,255,8,1,
1778337124186227,357940731,4633,283.653076,84,198.276,-816.264,255,8,1,
1778337124187228,357950696,4623,283.040802,84,189.542,-818.336,255,8,1,
1778337124187228,357960635,4614,282.489807,84,181.663,-820.121,255,8,1,
1778337124188227,357970602,4604,281.877563,84,172.890,-822.015,255,8,1,
1778337124188227,357980539,4594,281.265289,85,166.049,-833.623,255,8,1,
1778337124189227,357990505,4585,280.714294,84,156.166,-825.356,255,8,1,
1778337124190227,358000446,4575,280.102051,84,147.338,-826.977,255,8,1,
1778337124193227,358010412,4565,279.489807,83,136.844,-818.641,255,8,1,
1778337124206826,358020361,4556,278.938782,83,128.965,-819.920,255,8,1,
1778337124213824,358030328,4546,278.326508,74,107.162,-732.200,255,8,1,
1778337124223078,358040271,4537,277.775513,70,94.704,-693.564,255,8,1,
1778337124374640,358050239,4527,277.163269,72,89.782,-714.380,255,8,1,
1778337124374640,358060182,4517,276.551025,80,91.270,-794.777,255,8,1,
1778337124375643,358070147,4508,276.000000,84,87.804,-835.398,255,8,1,
1778337124376643,358080084,4498,275.387756,85,79.811,-846.245,255,8,1,
1778337124377645,358090040,4489,274.836731,75,63.237,-747.329,255,8,1,
1778337124377645,358099984,4479,274.224487,70,51.565,-698.098,255,8,1,
1778337124378647,358109944,4470,273.673462,69,44.208,-688.582,255,8,1,
1778337124378647,358119885,4460,273.061218,68,36.314,-679.030,255,8,1,
1778337124379648,358129849,4451,272.510193,66,28.906,-659.367,255,8,1,
1778337124379648,358139785,4441,271.897949,68,22.521,-679.627,255,8,1,
1778337124380647,358149743,4432,271.346954,68,15.985,-679.812,255,8,1,
1778337124380647,358159688,4422,270.734680,78,10.001,-779.936,255,8,1,
1778337124381647,358169657,4413,270.183685,95,3.046,-949.995,255,8,1,
1778337124381647,358179579,4403,269.571411,103,-7.705,-1029.971,255,8,1,
1778337124383151,358189557,4394,269.020416,107,-18.293,-1069.844,255,8,1,
1778337124383768,358199492,4384,268.408173,119,-33.057,-1189.541,255,8,1,
1778337124394790,358209466,4375,267.857147,121,-45.243,-1209.154,255,8,1,
1778337124539086,358219397,4365,267.244904,122,-58.642,-1218.590,255,8,1,
1778337124540086,358229370,4356,266.693878,129,-74.395,-1287.853,255,8,1,
1778337124541087,358239300,4346,266.081635,133,-90.886,-1326.891,255,8,1,
1778337124541087,358249273,4337,265.530609,134,-104.422,-1335.925,255,8,1,
1778337124542087,358259205,4328,264.979584,136,-119.015,-1354.782,255,8,1,
1778337124543087,358269187,4318,264.367340,136,-133.484,-1353.433,255,8,1,
1778337124543087,358279120,4309,263.816315,135,-145.417,-1342.145,255,8,1,
1778337124543087,358289093,4299,263.204071,134,-158.567,-1330.585,255,8,1,
1778337124544592,358299039,4290,262.653076,138,-176.470,-1368.670,255,8,1,
1778337124545947,358309002,4281,262.102020,153,-210.237,-1515.487,255,8,1,
1778337124545947,358318942,4271,261.489807,166,-245.656,-1641.723,255,8,1,
1778337124546951,358328915,4262,260.938782,176,-277.182,-1738.036,255,8,1,
1778337124546951,358338856,4252,260.326538,181,-304.139,-1784.264,255,8,1,
1778337124547952,358348824,4243,259.775513,187,-331.935,-1840.304,255,8,1,
1778337124548952,358358765,4234,259.224487,202,-377.662,-1984.382,255,8,1,
1778337124549952,358368729,4224,258.612244,226,-446.232,-2215.508,255,8,1,
1778337124561461,358378672,4215,258.061218,242,-500.617,-2367.653,247,8,1,
1778337124570474,358388632,4206,257.510193,251,-542.827,-2450.600,238,8,1,
1778337124579993,358398577,4196,256.897980,258,-584.849,-2512.837,238,8,1,
1778337124755833,358407538,4187,256.346924,262,-618.431,-2545.966,247,8,1,
1778337124756832,358418485,4177,255.734711,266,-655.456,-2577.979,230,8,1,
1778337124756832,358428448,4168,255.183670,270,-690.448,-2610.226,218,8,1,
1778337124757832,358438396,4159,254.632660,271,-718.168,-2613.108,217,8,1,
1778337124757832,358448354,4149,254.020401,273,-751.556,-2624.512,215,8,1,
1778337124758832,358458305,4140,253.469391,274,-779.605,-2626.750,204,8,1,
1778337124758832,358468262,4131,252.918365,275,-807.768,-2628.690,205,8,1,
1778337124759832,358478205,4121,252.306137,279,-847.968,-2658.016,203,8,1,
1778337124760832,358488160,4112,251.755096,282,-882.884,-2678.230,197,8,1,
1778337124760832,358498106,4102,251.142853,282,-911.451,-2668.643,195,8,1,
1778337124760832,358508059,4093,250.591843,284,-943.719,-2678.618,194,8,1,
1778337124761832,358518006,4084,250.040817,285,-972.849,-2678.818,193,8,1,
1778337124762833,358527966,4074,249.428574,283,-994.391,-2649.545,189,8,1,
1778337124762833,358537913,4065,248.877563,280,-1009.014,-2611.875,199,8,1,
1778337124763833,358547876,4056,248.326523,276,-1019.314,-2564.878,198,8,1,
1778337124763833,358557806,4046,247.714279,196,-743.282,-1813.596,255,8,1,
1778337124763833,358567770,4037,247.163269,123,-477.371,-1133.586,255,8,1,
1778337124764832,358577705,4028,246.612259,114,-452.525,-1046.337,255,8,1,
1778337124768384,358587675,4019,246.061218,112,-454.452,-1023.657,255,8,1,
1778337124777636,358597620,4009,245.448990,109,-452.899,-991.455,255,8,1,
1778337124791921,358607588,4000,244.897949,108,-458.170,-977.998,255,8,1,
1778337124797429,358617529,3991,244.346939,107,-463.225,-964.532,255,8,1,
1778337124808943,358627495,3982,243.795914,107,-472.480,-960.033,255,8,1,
1778337124951323,358637435,3972,243.183685,105,-473.688,-937.080,255,8,1,
1778337124952598,358647405,3963,242.632645,103,-473.485,-914.720,255,8,1,
1778337124953604,358657346,3954,242.081635,103,-482.259,-910.124,255,8,1,
1778337124953604,358667308,3944,241.469391,103,-491.957,-904.919,255,8,1,
1778337124954604,358677250,3935,240.918381,103,-500.637,-900.146,255,8,1,
1778337124954604,358687214,3926,240.367340,103,-509.271,-895.290,255,8,1,
1778337124954604,358697150,3917,239.816330,102,-512.829,-881.706,255,8,1,
1778337124955661,358707120,3907,239.204071,102,-522.221,-876.176,255,8,1,
1778337124955661,358717057,3898,238.653061,101,-525.421,-862.573,255,8,1,
1778337124956662,358727029,3889,238.102036,100,-528.408,-848.990,255,8,1,
1778337124957662,358736992,3879,237.489807,99,-532.075,-834.863,255,8,1,
1778337124958663,358746959,3870,236.938766,98,-534.624,-821.326,255,8,1,
1778337124959662,358756904,3861,236.387756,97,-536.962,-807.819,255,8,1,
1778337124959662,358766873,3851,235.775513,96,-539.939,-793.767,255,8,1,
1778337124961274,358776817,3842,235.224487,93,-530.437,-763.896,255,8,1,
1778337124965999,358786782,3833,234.673462,92,-531.977,-750.600,255,8,1,
1778337124977024,358796731,3823,234.061234,91,-534.097,-736.777,255,8,1,
1778337125143748,358806701,3814,233.510193,91,-541.159,-731.606,255,8,1,
1778337125144748,358816648,3805,232.959183,90,-542.145,-718.386,255,8,1,
1778337125145251,358826619,3796,232.408157,90,-549.029,-713.139,255,8,1,
1778337125146255,358836557,3786,231.795929,89,-550.433,-699.374,255,8,1,
1778337125147255,358846529,3777,231.244888,89,-557.134,-694.047,255,8,1,
1778337125147255,358856479,3768,230.693878,89,-563.783,-688.658,255,8,1,
1778337125148255,358866447,3758,230.081635,89,-571.109,-682.594,255,8,1,
1778337125148255,358876393,3749,229.530609,89,-577.647,-677.070,255,8,1,
1778337125149258,358886362,3740,228.979584,88,-577.569,-663.939,255,8,1,
1778337125150255,358896302,3730,228.367355,87,-577.986,-650.255,255,8,1,
1778337125150255,358906273,3721,227.816315,86,-577.498,-637.256,255,8,1,
1778337125151255,358916218,3712,227.265305,86,-583.600,-631.673,255,8,1,
1778337125151255,358926187,3702,226.653061,85,-583.452,-618.129,255,8,1,
1778337125152256,358936134,3693,226.102051,85,-589.370,-612.490,255,8,1,
1778337125152256,358946100,3684,225.551010,84,-588.230,-599.654,255,8,1,
1778337125153256,358956048,3674,224.938782,85,-601.683,-600.398,255,8,1,
1778337125153256,358966018,3665,224.387741,87,-621.721,-608.574,255,8,1,
1778337125154760,358975960,3656,223.836731,89,-641.972,-616.419,255,8,1,
1778337125163769,358985934,3646,223.224487,88,-641.235,-602.676,255,8,1,
1778337125175574,358995882,3637,222.673477,84,-617.592,-569.368,255,8,1,
1778337125183573,359005859,3628,222.122437,82,-608.205,-549.988,255,8,1,
1778337125193877,359015804,3618,221.510208,82,-614.047,-543.458,255,8,1,
1778337125328291,359025777,3609,220.959183,81,-611.693,-530.972,255,8,1,
1778337125328291,359035725,3599,220.346954,81,-617.332,-524.406,255,8,1,
1778337125329290,359045698,3590,219.795914,81,-622.347,-518.444,255,8,1,
1778337125329290,359055647,3581,219.244904,81,-627.304,-512.436,255,8,1,
1778337125330287,359065619,3571,218.632645,81,-632.744,-505.703,255,8,1,
1778337125331287,359075573,3562,218.081635,81,-637.578,-499.595,255,8,1,
1778337125331287,359085546,3553,217.530609,81,-642.353,-493.440,255,8,1,
1778337125332288,359095493,3543,216.918381,81,-647.589,-486.548,255,8,1,
1778337125332288,359105469,3534,216.367340,80,-644.186,-474.368,255,8,1,
1778337125333288,359115420,3525,215.816330,80,-648.718,-468.151,255,8,1,
1778337125333288,359125397,3515,215.204086,80,-653.683,-461.192,255,8,1,
1778337125334792,359135348,3506,214.653061,81,-666.314,-460.571,255,8,1,
1778337125334792,359145324,3497,214.102036,81,-670.713,-454.141,255,8,1,
1778337125335798,359155263,3487,213.489807,81,-675.527,-446.949,255,8,1,
1778337125347816,359165243,3478,212.938766,81,-679.794,-440.431,255,8,1,
1778337125352214,359175192,3469,212.387756,81,-683.998,-433.874,255,8,1,
1778337125559808,359185164,3459,211.775513,81,-688.595,-426.540,255,8,1,
1778337125560311,359195108,3450,211.224503,82,-701.217,-425.082,255,8,1,
1778337125561316,359205078,3441,210.673462,82,-705.273,-418.319,255,8,1,
1778337125562316,359215023,3431,210.061234,82,-709.702,-410.759,255,8,1,
1778337125563316,359224988,3422,209.510193,82,-713.620,-403.914,255,8,1,
1778337125563316,359234925,3413,208.959183,82,-717.471,-397.033,255,8,1,
1778337125563316,359244902,3404,208.408157,82,-721.256,-390.115,255,8,1,
1778337125564819,359254847,3394,207.795929,83,-734.230,-387.049,255,8,0,unstable_angle_bin
1778337125565824,359264812,3385,207.244888,83,-737.918,-379.970,255,8,0,unstable_angle_bin
1778337125565824,359274757,3376,206.693878,85,-759.406,-381.840,255,8,0,unstable_angle_bin
1778337125566828,359284730,3366,206.081635,95,-853.260,-417.669,255,8,0,unstable_angle_bin
1778337125566828,359294661,3357,205.530624,139,-1254.274,-599.081,255,8,1,
1778337125567828,359304637,3348,204.979584,186,-1686.012,-785.469,255,8,1,
1778337125568828,359314578,3338,204.367355,205,-1867.384,-845.800,255,8,1,
1778337125569828,359324550,3329,203.816315,209,-1912.025,-843.954,255,8,1,
1778337125569828,359334491,3320,203.265305,209,-1920.053,-825.528,255,8,1,
1778337125571332,359344455,3311,202.714279,210,-1937.128,-810.885,255,8,1,
1778337125572339,359354401,3302,202.163269,209,-1935.575,-788.447,255,8,1,
1778337125574841,359364373,3292,201.551010,211,-1962.492,-775.065,255,8,1,
1778337125575847,359374316,3283,201.000000,212,-1979.191,-759.740,255,8,1,
1778337125576846,359384286,3274,200.448990,215,-2014.515,-751.153,255,8,1,
1778337125576846,359394231,3265,199.897949,221,-2078.064,-752.164,255,8,1,
1778337125579846,359404195,3255,199.285706,230,-2170.932,-759.642,255,8,1,
1778337125598864,359414143,3246,198.734695,244,-2310.719,-783.695,255,8,1,
1778337125599863,359424099,3237,198.183685,253,-2403.654,-789.523,255,8,1,
1778337125758024,359434058,3228,197.632645,254,-2420.666,-769.399,255,8,0,unstable_angle_bin
1778337125759025,359444019,3219,197.081635,253,-2418.395,-743.147,255,8,0,unstable_angle_bin
1778337125760025,359453966,3210,196.530609,251,-2406.256,-714.164,255,8,0,unstable_angle_bin
1778337125761025,359463933,3201,195.979599,217,-2086.151,-597.390,255,8,0,unstable_angle_bin
1778337125761025,359473865,3192,195.428589,149,-1436.305,-396.395,255,8,1,
1778337125762025,359483835,3182,194.816330,111,-1073.093,-283.851,255,8,1,
1778337125763023,359493793,3173,194.265289,96,-930.399,-236.555,255,8,1,
1778337125763023,359503761,3164,193.714279,90,-874.341,-213.372,255,8,1,
1778337125764527,359513706,3155,193.163269,88,-856.878,-200.399,255,8,1,
1778337125764527,359523676,3146,192.612244,86,-839.248,-187.783,255,8,1,
1778337125765532,359533618,3137,192.061234,86,-841.015,-179.703,255,8,1,
1778337125766156,359543586,3128,191.510193,86,-842.705,-171.606,255,8,1,
1778337125766660,359553529,3118,190.897964,86,-844.490,-162.592,255,8,1,
1778337125767665,359563501,3109,190.346939,86,-846.015,-154.463,255,8,1,
1778337125767665,359573441,3100,189.795914,86,-847.461,-146.320,255,8,1,
1778337125768665,359583408,3091,189.244888,85,-838.959,-136.556,255,8,1,
1778337125769665,359593356,3082,188.693878,85,-840.234,-128.482,255,8,1,
1778337125782683,359603325,3073,188.142868,85,-841.430,-120.396,255,8,1,
1778337125788201,359613273,3064,187.591827,83,-822.725,-109.655,255,8,1,
1778337125797716,359623243,3054,186.979599,76,-754.368,-92.352,255,8,1,
1778337125993035,359633187,3045,186.428574,71,-705.536,-79.495,255,8,1,
1778337125994539,359643154,3036,185.877563,71,-706.268,-72.706,255,8,1,
1778337125995545,359653104,3027,185.326523,70,-696.977,-64.982,255,8,1,
1778337125996545,359663075,3018,184.775513,70,-697.570,-58.276,255,8,1,
1778337125996545,359673020,3009,184.224472,70,-698.098,-51.565,255,8,1,
1778337125997549,359682994,3000,183.673462,67,-668.623,-42.927,255,8,1,
1778337125998549,359693083,2990,183.061218,60,-599.144,-32.042,255,8,1,
1778337125998549,359702905,2981,182.510208,58,-579.443,-25.402,255,8,1,
1778337125999549,359712851,2972,181.959198,58,-579.661,-19.829,255,8,1,
1778337126000549,359722821,2963,181.408157,58,-579.825,-14.253,255,8,1,
1778337126001548,359732764,2954,180.857147,59,-589.934,-8.826,255,8,1,
1778337126002549,359742740,2945,180.306122,59,-589.992,-3.152,255,8,1,
1778337126002549,359752682,2936,179.755096,60,-599.995,2.565,255,8,1,
1778337126003550,359762650,2926,179.142853,60,-599.933,8.976,255,8,1,
1778337126004550,359772593,2917,178.591843,59,-589.822,14.499,255,8,1,
1778337126005054,359782546,2908,178.040817,59,-589.655,20.171,255,8,1,
1778337126006059,359792492,2899,177.489792,59,-589.434,25.840,255,8,1,
1778337126007058,359802455,2890,176.938766,59,-589.158,31.508,255,8,1,
1778337126008059,359812399,2881,176.387756,59,-588.828,37.172,255,8,1,
1778337126009059,359822364,2872,175.836746,59,-588.443,42.833,255,8,1,
1778337126010060,359832308,2862,175.224487,60,-597.917,49.951,255,8,1,
1778337126015566,359842276,2853,174.673462,58,-577.495,53.842,255,8,1,
1778337126032096,359852225,2844,174.122452,53,-527.214,54.273,255,8,1,
1778337126035605,359862193,2835,173.571426,53,-526.667,59.341,255,8,1,
1778337126045114,359872138,2826,173.020416,54,-535.998,65.618,255,8,1,
1778337126221615,359882099,2817,172.469391,58,-574.997,76.012,255,8,1,
1778337126223616,359892042,2808,171.918365,58,-574.240,81.539,255,8,1,
1778337126224615,359902017,2799,171.367340,57,-563.542,85.556,255,8,1,
1778337126225685,359911956,2790,170.816330,56,-552.822,89.376,255,8,1,
1778337126225685,359921928,2780,170.204086,55,-541.981,93.577,255,8,1,
1778337126226685,359931868,2771,169.653061,55,-541.056,98.785,255,8,1,
1778337126228685,359941833,2762,169.102051,55,-540.081,103.983,255,8,1,
1778337126230685,359951773,2753,168.551025,55,-539.056,109.172,255,8,1,
1778337126231684,359961744,2744,168.000000,55,-537.981,114.351,255,8,1,
1778337126232685,359971689,2735,167.448975,55,-536.857,119.520,255,8,1,
1778337126233685,359981649,2726,166.897949,55,-535.682,124.677,255,8,1,
1778337126233685,359991601,2717,166.346939,55,-534.459,129.823,255,8,1,
1778337126235187,360001569,2708,165.795929,54,-523.491,132.503,255,8,1,
1778337126236190,360011513,2699,165.244904,54,-522.193,137.532,255,8,1,
1778337126238193,360021481,2690,164.693878,54,-520.846,142.547,255,8,1,
1778337126239196,360031419,2681,164.142853,54,-519.451,147.550,255,8,1,
1778337126241194,360041384,2672,163.591827,54,-518.008,152.538,255,8,1,
1778337126242195,360051334,2663,163.040817,53,-506.952,154.596,255,8,1,
1778337126243195,360061301,2654,162.489792,50,-476.832,150.438,255,8,1,
1778337126244699,360071237,2645,161.938782,45,-427.827,139.515,255,8,1,
1778337126259222,360081208,2636,161.387756,43,-407.511,137.240,255,8,1,
1778337126262220,360091152,2627,160.836731,43,-406.172,141.152,255,8,1,
1778337126409286,360101125,2618,160.285706,42,-395.382,141.679,255,8,1,
1778337126410285,360111068,2609,159.734695,42,-394.002,145.474,255,8,1,
1778337126410285,360121038,2600,159.183670,42,-392.584,149.257,255,8,1,
1778337126411286,360130981,2591,158.632660,42,-391.131,153.025,255,8,1,
1778337126412286,360140952,2582,158.081635,41,-380.364,153.047,255,8,1,
1778337126412286,360150897,2573,157.530609,41,-378.874,156.698,255,8,1,
1778337126413286,360160859,2564,156.979584,41,-377.350,160.334,255,8,1,
1778337126413286,360170811,2555,156.428574,41,-375.791,163.956,255,8,1,
1778337126413286,360180776,2546,155.877548,40,-365.070,163.475,255,8,1,
1778337126414790,360190720,2537,155.326538,40,-363.481,166.978,255,8,1,
1778337126414790,360200692,2528,154.775513,40,-361.858,170.466,255,8,1,
1778337126415796,360210633,2518,154.163269,40,-360.016,174.323,255,8,1,
1778337126416796,360220604,2510,153.673462,40,-358.512,177.395,255,8,1,
1778337126417801,360230547,2500,153.061218,40,-356.596,181.215,255,8,1,
1778337126417801,360240517,2491,152.510208,40,-354.837,184.636,255,8,1,
1778337126420804,360250462,2482,151.959183,39,-344.219,183.339,255,8,1,
1778337126431311,360260435,2474,151.469391,39,-342.639,186.275,255,8,1,
1778337126651000,360270380,2464,150.857147,39,-340.629,189.926,255,8,1,
1778337126652007,360280352,2456,150.367355,39,-338.993,192.831,255,8,1,
1778337126653007,360290300,2447,149.816330,39,-337.123,196.082,255,8,1,
1778337126653007,360300274,2438,149.265305,38,-326.626,194.204,255,8,1,
1778337126654513,360310218,2429,148.714279,38,-324.744,197.336,255,8,1,
1778337126654513,360320194,2420,148.163269,38,-322.831,200.450,255,8,1,
1778337126655519,360330140,2411,147.612244,38,-320.888,203.546,255,8,1,
1778337126656519,360340109,2402,147.061234,38,-318.916,206.622,255,8,1,
1778337126657520,360350054,2393,146.510208,38,-316.914,209.680,255,8,1,
1778337126658519,360360022,2384,145.959183,38,-314.883,212.718,255,8,1,
1778337126659519,360369966,2375,145.408157,37,-304.590,210.059,255,8,1,
1778337126659519,360379936,2366,144.857147,37,-302.556,212.978,255,8,1,
1778337126660519,360389877,2357,144.306122,37,-300.494,215.878,255,8,1,
1778337126660519,360399849,2348,143.755112,37,-298.404,218.758,255,8,1,
1778337126661520,360409797,2339,143.204086,37,-296.286,221.618,255,8,1,
1778337126662519,360419764,2330,142.653061,37,-294.141,224.457,255,8,1,
1778337126663519,360429714,2322,142.163269,37,-292.212,226.963,255,8,1,
1778337126663519,360439686,2313,141.612244,37,-290.016,229.763,255,8,1,
1778337126664519,360449624,2304,141.061218,37,-287.793,232.541,255,8,1,
1778337126664519,360459595,2295,140.510208,37,-285.543,235.298,255,8,1,
1778337126665873,360469542,2286,139.959183,37,-283.267,238.033,255,8,1,
1778337126665873,360479514,2277,139.408173,37,-280.965,240.746,255,8,1,
1778337126667054,360489457,2268,138.857147,37,-278.636,243.437,255,8,1,
1778337126669060,360499431,2260,138.367340,36,-269.071,239.167,255,8,1,
1778337126679080,360509370,2251,137.816330,36,-266.759,241.743,255,8,1,
1778337126847528,360519339,2242,137.265305,36,-264.421,244.298,255,8,1,
1778337126848528,360529284,2233,136.714279,36,-262.060,246.829,255,8,1,
1778337126848528,360539270,2224,136.163269,36,-259.674,249.338,255,8,1,
1778337126849527,360549221,2215,135.612244,36,-257.264,251.824,255,8,1,
1778337126849527,360559193,2206,135.061234,36,-254.830,254.286,255,8,1,
1778337126850528,360569141,2198,134.571426,36,-252.647,256.455,255,8,1,
1778337126850528,360579115,2189,134.020401,36,-250.169,258.873,255,8,1,
1778337126851527,360589065,2180,133.469391,36,-247.668,261.267,255,8,1,
1778337126851527,360599037,2171,132.918365,36,-245.144,263.637,255,8,1,
1778337126852528,360608983,2162,132.367340,36,-242.597,265.982,255,8,1,
1778337126852528,360618953,2154,131.877548,36,-240.315,268.046,255,8,1,
1778337126853528,360628904,2145,131.326538,35,-231.122,262.835,255,8,1,
1778337126853528,360638869,2136,130.775513,35,-228.584,265.046,255,8,1,
1778337126854528,360648814,2127,130.224487,35,-226.024,267.232,255,8,1,
1778337126855031,360658791,2118,129.673462,35,-223.444,269.393,255,8,1,
1778337126855031,360668732,2110,129.183670,35,-221.133,271.294,255,8,1,
1778337126856034,360678718,2101,128.632645,35,-218.514,273.408,255,8,1,
1778337126857035,360688662,2092,128.081635,35,-215.874,275.496,255,8,1,
1778337126866548,360698640,2083,127.530617,35,-213.215,277.560,255,8,1,
1778337126878568,360708584,2074,126.979591,35,-210.536,279.597,255,8,1,
1778337126886077,360718550,2066,126.489792,35,-208.138,281.387,255,8,1,
1778337126896593,360728496,2057,125.938782,35,-205.422,283.376,255,8,1,
1778337127045704,360738469,2048,125.387756,35,-202.687,285.338,255,8,1,
1778337127046705,360748421,2039,124.836731,35,-199.934,287.274,255,8,1,
1778337127046705,360758395,2030,124.285713,35,-197.162,289.184,255,8,1,
1778337127047704,360768342,2022,123.795921,35,-194.683,290.858,255,8,1,
1778337127047704,360778316,2013,123.244896,35,-191.877,292.717,255,8,1,
1778337127048704,360788265,2004,122.693878,35,-189.053,294.549,255,8,1,
1778337127048704,360798241,1995,122.142853,34,-180.891,287.886,255,8,1,
1778337127049704,360808187,1986,121.591843,34,-178.114,289.613,255,8,1,
1778337127049704,360818162,1978,121.102036,34,-175.632,291.125,255,8,1,
1778337127050704,360828110,1969,120.551018,34,-172.824,292.800,255,8,1,
1778337127051704,360838081,1960,120.000000,34,-170.000,294.449,255,8,1,
1778337127051704,360848028,1952,119.510201,34,-167.477,295.891,255,8,1,
1778337127052704,360857996,1943,118.959190,34,-164.623,297.488,255,8,1,
1778337127052704,360867940,1934,118.408165,34,-161.755,299.057,255,8,1,
1778337127053704,360877909,1925,117.857147,34,-158.871,300.599,255,8,1,
1778337127054704,360887859,1916,117.306122,34,-155.973,302.113,255,8,1,
1778337127064518,360897828,1908,116.816330,34,-153.385,303.435,255,8,1,
1778337127078268,360907782,1899,116.265305,34,-150.460,304.897,255,8,1,
1778337127084482,360917752,1890,115.714287,34,-147.520,306.329,255,8,1,
1778337127222790,360927703,1882,115.224495,34,-144.896,307.579,255,8,1,
1778337127222790,360937673,1873,114.673470,34,-141.932,308.959,255,8,1,
1778337127223790,360947616,1864,114.122444,34,-138.954,310.309,255,8,1,
1778337127223790,360957586,1856,113.632652,34,-136.296,311.486,255,8,1,
1778337127224790,360967531,1847,113.081635,34,-133.294,312.782,255,8,1,
1778337127225294,360977508,1838,112.530609,34,-130.280,314.049,255,8,1,
1778337127226299,360987453,1830,112.040817,34,-127.591,315.152,255,8,1,
1778337127226299,360997424,1821,111.489792,34,-124.554,316.364,255,8,1,
1778337127227303,361007376,1812,110.938774,34,-121.506,317.547,255,8,1,
1778337127228303,361017344,1803,110.387764,34,-118.446,318.701,255,8,1,
1778337127228303,361027288,1795,109.897957,34,-115.718,319.702,255,8,1,
1778337127229303,361037260,1786,109.346931,34,-112.638,320.800,255,8,1,
1778337127229303,361047208,1777,108.795921,33,-106.325,312.402,255,8,1,
1778337127230302,361057176,1768,108.244904,33,-103.316,313.410,255,8,1,
1778337127232303,361067126,1760,107.755096,33,-100.633,314.282,255,8,1,
1778337127242827,361077094,1751,107.204086,34,-100.564,324.787,255,8,1,
1778337127253056,361087039,1742,106.653061,34,-97.436,325.740,255,8,1,
1778337127265586,361097008,1734,106.163269,33,-91.864,316.956,255,8,1,
1778337127271591,361106958,1725,105.612251,33,-88.812,317.825,255,8,1,
1778337127431987,361116925,1717,105.122444,33,-86.091,318.572,255,8,1,
1778337127432987,361126872,1708,104.571434,33,-83.024,319.385,255,8,1,
1778337127434489,361136844,1699,104.020409,33,-79.948,320.169,255,8,1,
1778337127434489,361146786,1691,103.530609,33,-77.208,320.841,255,8,1,
1778337127435492,361156764,1682,102.979599,33,-74.119,321.569,255,8,1,
1778337127436492,361166714,1674,102.489792,33,-71.368,322.190,255,8,1,
1778337127437494,361176688,1665,101.938782,33,-68.266,322.862,255,8,1,
1778337127438494,361186641,1656,101.387756,33,-65.158,323.503,255,8,1,
1778337127438494,361196614,1648,100.897957,33,-62.390,324.049,255,8,1,
1778337127439495,361206562,1639,100.346947,33,-59.271,324.634,255,8,1,
1778337127439495,361216535,1630,99.795921,33,-56.146,325.189,255,8,1,
1778337127440495,361226489,1622,99.306114,33,-53.364,325.657,255,8,1,
1778337127442494,361236460,1613,98.755104,33,-50.230,326.155,255,8,1,
1778337127442494,361246412,1604,98.204086,33,-47.091,326.623,255,8,1,
1778337127443494,361256388,1596,97.714294,33,-44.297,327.013,255,8,1,
1778337127444495,361266337,1587,97.163269,33,-41.150,327.424,255,8,1,
1778337127444495,361276309,1579,96.673462,33,-38.350,327.764,255,8,1,
1778337127450694,361286260,1570,96.122452,33,-35.196,328.118,255,8,1,
1778337127463213,361296225,1562,95.632652,33,-32.390,328.407,255,8,1,
1778337127470723,361306175,1553,95.081627,33,-29.230,328.703,255,8,1,
1778337127480766,361316140,1544,94.530617,33,-26.067,328.969,255,8,1,
1778337127634689,361326084,1536,94.040810,33,-23.254,329.180,255,8,1,
1778337127635695,361336055,1528,93.551018,33,-20.439,329.366,255,8,1,
1778337127636696,361346000,1519,93.000000,33,-17.271,329.548,255,8,1,
1778337127636696,361355965,1510,92.448975,33,-14.101,329.699,255,8,1,
1778337127637695,361365908,1502,91.959183,33,-11.282,329.807,255,8,1,
1778337127638696,361375877,1493,91.408157,33,-8.110,329.900,255,8,1,
1778337127638696,361385826,1485,90.918365,33,-5.289,329.958,255,8,1,
1778337127639695,361395790,1476,90.367348,33,-2.116,329.993,255,8,1,
1778337127640694,361405735,1468,89.877548,33,0.705,329.999,255,8,1,
1778337127640694,361415707,1459,89.326530,33,3.879,329.977,255,8,1,
1778337127641695,361425658,1451,88.836739,33,6.699,329.932,255,8,1,
1778337127642696,361435627,1442,88.285713,33,9.872,329.852,255,8,1,
1778337127642696,361445570,1433,87.734695,34,13.439,339.734,255,8,1,
1778337127643695,361455544,1425,87.244896,34,16.343,339.607,255,8,1,
1778337127644695,361465495,1416,86.693878,34,19.608,339.434,255,8,1,
1778337127644695,361475468,1408,86.204086,34,22.509,339.254,255,8,1,
1778337127648781,361485412,1399,85.653061,34,25.771,339.022,255,8,1,
1778337127664794,361495385,1391,85.163261,34,28.668,338.789,255,8,1,
1778337127668801,361505329,1383,84.673470,34,31.563,338.532,255,8,1,
1778337127792488,361515292,1374,84.122452,34,34.817,338.213,255,8,1,
1778337127793488,361525243,1366,83.632652,34,37.707,337.903,255,8,1,
1778337127793488,361535217,1358,83.142860,34,40.594,337.568,255,8,1,
1778337127794488,361545172,1349,82.591835,34,43.839,337.162,255,8,1,
1778337127794488,361555143,1341,82.102043,34,46.719,336.775,255,8,1,
1778337127795553,361565091,1332,81.551018,34,49.956,336.310,255,8,1,
1778337127795553,361575065,1324,81.061218,34,52.829,335.871,255,8,1,
1778337127796553,361585012,1316,80.571426,34,55.698,335.407,255,8,1,
1778337127796553,361594981,1307,80.020409,34,58.921,334.856,255,8,1,
1778337127797553,361604931,1299,79.530617,34,61.781,334.340,255,8,1,
1778337127797553,361614903,1290,78.979591,34,64.994,333.730,255,8,1,
1778337127798553,361624854,1282,78.489792,35,69.840,342.961,255,8,1,
1778337127799553,361634826,1274,78.000000,35,72.769,342.352,255,8,1,
1778337127806747,361644772,1265,77.448975,35,76.058,341.636,255,8,1,
1778337127828318,361654746,1257,76.959183,34,76.719,331.231,255,8,1,
1778337127829320,361664694,1249,76.469391,34,79.548,330.563,255,8,1,
1778337127837834,361674672,1240,75.918365,35,85.156,339.483,255,8,1,
1778337127998685,361684616,1232,75.428574,35,88.055,338.742,255,8,1,
1778337127999690,361694593,1224,74.938774,35,90.948,337.977,255,8,1,
1778337128001690,361704540,1215,74.387756,35,94.194,337.087,255,8,1,
1778337128002691,361714513,1207,73.897957,35,97.072,336.269,255,8,1,
1778337128003691,361724467,1199,73.408157,35,99.943,335.427,255,8,1,
1778337128003691,361734446,1190,72.857147,35,103.164,334.450,255,8,1,
1778337128004690,361744388,1182,72.367348,35,106.020,333.556,255,8,1,
1778337128005931,361754369,1174,71.877556,35,108.867,332.638,255,8,1,
1778337128006931,361764317,1166,71.387756,35,111.707,331.695,255,8,1,
1778337128007932,361774285,1157,70.836731,35,114.891,330.605,255,8,1,
1778337128007932,361784235,1149,70.346939,35,117.713,329.611,255,8,1,
1778337128008931,361794211,1141,69.857140,35,120.527,328.593,255,8,1,
1778337128008931,361804162,1132,69.306122,35,123.681,327.419,255,8,1,
1778337128009932,361814131,1124,68.816330,35,126.476,326.349,255,8,1,
1778337128009932,361824080,1116,68.326530,35,129.261,325.256,255,8,1,
1778337128010930,361834059,1108,67.836739,35,132.036,324.139,255,8,1,
1778337128011932,361844009,1099,67.285713,35,135.148,322.855,255,8,1,
1778337128022703,361853981,1091,66.795921,36,141.843,330.879,255,8,1,
1778337128024703,361863927,1083,66.306122,36,144.666,329.654,255,8,1,
1778337128210956,361873903,1075,65.816330,36,147.479,328.405,255,8,1,
1778337128211955,361883851,1066,65.265305,36,150.630,326.972,255,8,1,
1778337128211955,361893822,1058,64.775505,36,153.420,325.672,255,8,1,
1778337128212955,361903774,1050,64.285713,36,156.198,324.349,255,8,1,
1778337128212955,361913749,1042,63.795918,36,158.965,323.002,255,8,1,
1778337128214459,361923698,1034,63.306126,36,161.720,321.631,255,8,1,
1778337128214459,361933674,1026,62.816326,36,164.464,320.237,255,8,1,
1778337128215463,361943621,1017,62.265305,36,167.536,318.640,255,8,1,
1778337128215463,361953595,1009,61.775513,36,170.254,317.197,255,8,1,
1778337128216463,361963531,1001,61.285713,36,172.959,315.730,255,8,1,
1778337128217464,361973510,993,60.795921,36,175.652,314.239,255,8,1,
1778337128218463,361983458,984,60.244900,36,178.666,312.536,255,8,1,
1778337128218463,361993433,976,59.755100,37,186.368,319.636,255,8,1,
1778337128219463,362003390,968,59.265308,37,189.093,318.031,255,8,1,
1778337128219463,362013370,960,58.775509,37,191.805,316.403,255,8,1,
1778337128220464,362023318,952,58.285717,37,194.503,314.752,255,8,1,
1778337128221464,362033295,944,57.795918,37,197.187,313.077,255,8,1,
1778337128221464,362043235,936,57.306118,37,199.856,311.380,255,8,1,
1778337128222464,362053219,927,56.755104,37,202.841,309.444,255,8,1,
1778337128223463,362063164,920,56.326530,37,205.150,307.918,255,8,1,
1778337128241318,362073141,911,55.775513,37,208.102,305.931,255,8,1,
1778337128242317,362083086,903,55.285713,38,216.404,312.361,255,8,1,
1778337128402034,362093059,895,54.795921,38,219.066,310.499,255,8,1,
1778337128402704,362103009,887,54.306122,38,221.713,308.615,255,8,1,
1778337128403710,362112983,879,53.816326,38,224.343,306.709,255,8,1,
1778337128403710,362122922,871,53.326530,38,226.956,304.780,255,8,1,
1778337128404710,362132893,864,52.897957,38,229.230,303.074,255,8,1,
1778337128404710,362142844,856,52.408165,38,231.812,301.103,255,8,1,
1778337128405760,362152817,847,51.857143,38,234.697,298.860,255,8,1,
1778337128406760,362162763,840,51.428574,38,236.926,297.096,255,8,1,
1778337128406760,362172727,832,50.938774,39,245.759,302.824,255,8,1,
1778337128407760,362182675,824,50.448978,39,248.338,300.713,255,8,1,
1778337128408760,362192648,815,49.897961,39,251.219,298.310,255,8,1,
1778337128408760,362202593,808,49.469387,39,253.443,296.423,255,8,1,
1778337128409761,362212566,800,48.979595,39,255.968,294.246,255,8,1,
1778337128409761,362222513,792,48.489796,40,265.101,299.535,255,8,1,
1778337128410760,362232485,784,48.000004,40,267.652,297.258,255,8,1,
1778337128410760,362242425,776,47.510204,40,270.184,294.959,255,8,1,
1778337128411760,362252401,768,47.020405,40,272.695,292.639,255,8,1,
1778337128424776,362262341,760,46.530613,41,282.066,297.554,255,8,1,
1778337128430781,362272309,753,46.102039,41,284.284,295.436,255,8,1,
1778337128583922,362282255,745,45.612247,41,286.799,292.995,255,8,1,
1778337128584922,362292230,737,45.122448,42,296.349,297.619,255,8,1,
1778337128584922,362302177,730,44.693878,44,312.785,309.460,255,8,1,
1778337128586009,362312143,722,44.204082,46,329.756,320.719,255,8,1,
1778337128586009,362322084,714,43.714287,46,332.486,317.889,255,8,1,
1778337128587014,362332056,706,43.224491,47,342.478,321.884,255,8,1,
1778337128587014,362341996,699,42.795918,47,344.876,319.313,255,8,1,
1778337128588014,362351969,691,42.306122,47,347.593,316.353,255,8,1,
1778337128588014,362361908,683,41.816326,47,350.284,313.370,255,8,1,
1778337128589014,362371883,675,41.326530,47,352.950,310.364,255,8,1,
1778337128590013,362381825,668,40.897957,48,362.821,314.263,255,8,1,
1778337128590013,362391796,660,40.408161,48,365.494,311.150,255,8,1,
1778337128591014,362401740,652,39.918365,48,368.141,308.014,255,8,1,
1778337128591014,362411717,644,39.428574,46,355.312,292.153,255,8,1,
1778337128592014,362421664,637,39.000000,46,357.487,289.487,255,8,1,
1778337128593014,362431641,629,38.510204,45,352.124,280.194,255,8,1,
1778337128598525,362441585,621,38.020409,45,354.506,277.174,255,8,1,
1778337128610006,362451550,614,37.591839,44,348.646,268.414,255,8,1,
1778337128755204,362461497,606,37.102039,45,358.903,271.456,255,8,1,
1778337128756210,362471465,598,36.612244,45,361.211,268.378,255,8,1,
1778337128757210,362481417,591,36.183674,45,363.208,265.669,255,8,1,
1778337128757210,362491382,583,35.693878,45,365.466,262.554,255,8,1,
1778337128758209,362501330,576,35.265305,44,359.254,254.040,255,8,1,
1778337128758209,362511299,568,34.775509,44,361.413,250.960,255,8,1,
1778337128759209,362521245,560,34.285713,44,363.545,247.861,255,8,1,
1778337128760210,362531217,553,33.857143,44,365.389,245.135,255,8,1,
1778337128761209,362541166,545,33.367348,43,359.119,236.502,255,8,1,
1778337128761209,362551133,537,32.877548,44,369.526,238.852,255,8,1,
1778337128762209,362561074,530,32.448978,44,371.303,236.081,255,8,1,
1778337128762209,362571042,522,31.959183,44,373.307,232.899,255,8,1,
1778337128763209,362580990,514,31.469387,43,366.755,224.478,255,8,1,
1778337128763209,362590958,507,31.040815,43,368.424,221.729,255,8,1,
1778337128764715,362600901,499,30.551020,44,378.918,223.654,255,8,1,
1778337128766720,362610869,491,30.061226,43,372.161,215.398,255,8,1,
1778337128777245,362620806,484,29.632654,43,373.762,212.608,255,8,1,
1778337128953398,362630774,476,29.142859,43,375.566,209.405,255,8,1,
1778337128954904,362640716,469,28.714287,43,377.121,206.590,255,8,1,
1778337128955909,362650688,461,28.224489,43,378.874,203.359,255,8,1,
1778337128955909,362660627,453,27.734694,42,371.747,195.459,255,8,1,
1778337128956911,362670590,446,27.306122,43,382.084,197.260,255,8,1,
1778337128957910,362680532,438,26.816326,43,383.757,193.987,255,8,1,
1778337128958910,362690495,431,26.387754,43,385.197,191.111,255,8,1,
1778337128958910,362700439,423,25.897959,42,377.821,183.443,255,8,1,
1778337128959910,362710404,416,25.469387,42,379.182,180.612,255,8,1,
1778337128960910,362720342,408,24.979591,43,389.777,181.587,255,8,1,
1778337128960910,362730303,401,24.551022,43,391.124,178.666,255,8,1,
1778337128961911,362740249,393,24.061226,42,383.506,171.239,255,8,1,
1778337128961911,362750219,386,23.632654,43,393.938,172.375,255,8,1,
1778337128962909,362760160,378,23.142859,43,395.397,169.001,255,8,1,
1778337128963910,362770131,371,22.714287,42,387.426,162.177,255,8,1,
1778337128963910,362780076,363,22.224491,42,388.798,158.859,255,8,1,
1778337128963910,362790046,355,21.734694,42,390.142,155.530,255,8,1,
1778337128964910,362799991,348,21.306122,41,381.977,148.974,255,8,1,
1778337128965953,362809957,340,20.816326,42,392.584,149.257,255,8,1,
1778337128979995,362819901,333,20.387754,42,393.690,146.316,255,8,1,
1778337128985504,362829876,326,19.959183,42,394.773,143.367,255,8,1,
1778337129148919,362839820,318,19.469389,42,395.984,139.987,255,8,1,
1778337129148919,362849785,310,18.979591,42,397.166,136.597,255,8,1,
1778337129149918,362859724,303,18.551020,42,398.177,133.623,255,8,1,
1778337129149918,362869694,296,18.122448,42,399.165,130.640,255,8,1,
1778337129150918,362879641,288,17.632652,43,409.798,130.253,255,8,1,
1778337129151918,362889609,281,17.204082,42,401.208,124.226,255,8,1,
1778337129151918,362899551,274,16.775511,42,402.126,121.221,255,8,1,
1778337129152918,362909521,266,16.285715,42,403.148,117.780,255,8,1,
1778337129152918,362919463,259,15.857143,42,404.017,114.761,255,8,1,
1778337129153918,362929428,251,15.367347,42,404.984,111.303,255,8,1,
1778337129154917,362939370,244,14.938775,42,405.805,108.270,255,8,1,
1778337129155420,362949338,236,14.448979,42,406.715,104.797,255,8,1,
1778337129155420,362959284,229,14.020408,42,407.488,101.752,255,8,1,
1778337129156425,362969250,221,13.530613,42,408.343,98.265,255,8,1,
1778337129157430,362979195,214,13.102041,42,409.067,95.208,255,8,1,
1778337129157430,362989162,206,12.612245,42,409.865,91.708,255,8,1,
1778337129158429,362999100,199,12.183673,42,410.540,88.639,255,8,1,
1778337129163429,363009074,191,11.693877,42,411.283,85.127,255,8,1,
1778337129179451,363019021,184,11.265306,42,411.908,82.048,255,8,1,
1778337129182450,363028988,176,10.775511,42,412.594,78.524,255,8,1,
1778337129346979,363038932,169,10.346938,42,413.170,75.435,255,8,1,
1778337129347978,363048901,162,9.918367,41,403.872,70.620,255,8,1,
1778337129348978,363058838,154,9.428572,41,404.461,67.165,255,8,1,
1778337129349978,363068807,147,9.000000,42,414.829,65.702,255,8,1,
1778337129350480,363078756,140,8.571428,42,415.309,62.598,255,8,1,
1778337129351077,363088728,132,8.081633,42,415.829,59.045,255,8,1,
1778337129351580,363098672,125,7.653061,42,416.259,55.933,255,8,1,
1778337129352109,363108634,119,7.285715,42,416.609,53.263,255,8,1,
1778337129353112,363118580,116,7.102041,40,396.931,49.455,255,8,1,
1778337129353112,363128546,115,7.040816,40,396.984,49.031,255,8,1,
1778337129354614,363138490,115,7.040816,40,396.984,49.031,255,8,1,
1778337129354614,363148458,115,7.040816,41,406.908,50.256,255,8,1,
1778337129355618,363158398,115,7.040816,41,406.908,50.256,255,8,1,
1778337129356618,363168369,115,7.040816,40,396.984,49.031,255,8,1,
1778337129357621,363178315,115,7.040816,41,406.908,50.256,255,8,1,
1778337129357621,363188280,115,7.040816,41,406.908,50.256,255,8,1,
1778337129358621,363198236,115,7.040816,41,406.908,50.256,255,8,1,
1778337129360621,363208206,116,7.102041,41,406.854,50.691,255,8,1,
1778337129371236,363218149,118,7.224490,41,406.745,51.560,255,8,1,
1778337129381264,363228125,120,7.346939,41,406.634,52.430,255,8,1,
1778337129553776,363238068,122,7.469388,41,406.521,53.299,255,8,1,
1778337129554778,363248044,125,7.653061,41,406.348,54.601,255,8,1,
1778337129554778,363257988,128,7.836735,41,406.171,55.904,255,8,1,
1778337129555856,363267959,132,8.081633,41,405.928,57.639,255,8,1,
1778337129555856,363277906,135,8.265306,41,405.741,58.940,255,8,1,
1778337129556856,363287876,139,8.510204,41,405.486,60.674,255,8,1,
1778337129556856,363297822,142,8.693877,41,405.289,61.974,255,8,1,
1778337129557855,363307800,146,8.938775,41,405.021,63.705,255,8,1,
1778337129557855,363317738,150,9.183674,41,404.745,65.436,255,8,1,
1778337129558856,363327711,154,9.428572,41,404.461,67.165,255,8,1,
1778337129558856,363337661,158,9.673470,41,404.170,68.894,255,8,1,
1778337129560361,363347627,162,9.918367,41,403.872,70.620,255,8,1,
1778337129561062,363357575,166,10.163265,41,403.567,72.346,255,8,1,
1778337129561062,363367540,170,10.408163,41,403.254,74.070,255,8,1,
1778337129563067,363377489,175,10.714286,41,402.852,76.224,255,8,1,
1778337129564570,363387456,179,10.959184,41,402.523,77.945,255,8,1,
1778337129565576,363397390,184,11.265306,41,402.101,80.094,255,8,1,
1778337129565576,363407362,188,11.510203,41,401.755,81.812,255,8,1,
1778337129568581,363417305,193,11.816327,41,401.312,83.958,255,8,1,
1778337129585727,363427276,197,12.061225,41,400.949,85.672,255,8,1,
1778337129588726,363437222,202,12.367347,41,400.486,87.813,255,8,1,
1778337129749644,363447185,207,12.673470,41,400.011,89.952,255,8,1,
1778337129750645,363457125,211,12.918367,41,399.623,91.661,255,8,1,
1778337129750645,363467092,216,13.224489,41,399.127,93.794,255,8,1,
1778337129751644,363477031,221,13.530613,41,398.620,95.926,255,8,1,
1778337129752643,363486997,226,13.836735,41,398.102,98.054,255,8,1,
1778337129753645,363496938,230,14.081633,41,397.680,99.755,255,8,1,
1778337129753645,363506912,236,14.448979,40,387.348,99.807,255,8,1,
1778337129754644,363516852,240,14.693877,41,396.591,103.998,255,8,1,
1778337129754644,363526819,246,15.061225,41,395.916,106.539,255,8,1,
1778337129755853,363536760,251,15.367347,41,395.341,108.653,255,8,1,
1778337129756856,363546720,256,15.673470,41,394.755,110.763,255,8,1,
1778337129756856,363556661,261,15.979591,41,394.158,112.871,255,8,1,
1778337129757857,363566626,266,16.285715,41,393.549,114.975,255,8,1,
1778337129758856,363576565,272,16.653061,41,392.804,117.496,255,8,1,
1778337129758856,363586535,277,16.959185,41,392.170,119.593,255,8,1,
1778337129759857,363596475,282,17.265306,41,391.526,121.687,255,8,1,
1778337129760857,363606446,288,17.632652,41,390.737,124.194,255,8,1,
1778337129770935,363616392,293,17.938776,41,390.068,126.280,255,8,1,
1778337129776942,363626365,299,18.306122,41,389.251,128.778,255,8,1,
1778337129787084,363636312,305,18.673470,42,397.891,134.473,255,8,1,
1778337129800591,363646285,310,18.979591,42,397.166,136.597,255,8,1,
1778337129806717,363656231,316,19.346939,41,386.847,135.828,255,8,1,
1778337129816817,363666201,322,19.714287,41,385.968,138.305,255,8,1,
1778337130011066,363676144,328,20.081633,41,385.074,140.777,255,8,1,
1778337130012068,363686112,334,20.448978,41,384.163,143.243,255,8,1,
1778337130013067,363696054,340,20.816326,41,383.237,145.703,255,8,1,
1778337130013067,363706020,346,21.183674,42,391.619,151.771,255,8,1,
1778337130013067,363715968,352,21.551022,41,381.337,150.605,255,8,1,
1778337130014574,363725937,358,21.918367,42,389.641,156.780,255,8,1,
1778337130015581,363735875,364,22.285715,42,388.628,159.275,255,8,1,
1778337130016581,363745849,370,22.653061,42,387.599,161.763,255,8,1,
1778337130016581,363755800,376,23.020407,41,377.350,160.334,255,8,1,
1778337130017585,363765776,383,23.448978,42,385.314,167.132,255,8,1,
1778337130017585,363775723,389,23.816326,42,384.235,169.599,255,8,1,
1778337130018585,363785694,396,24.244898,42,382.955,172.468,255,8,1,
1778337130019584,363795634,402,24.612246,42,381.842,174.920,255,8,1,
1778337130019584,363805608,408,24.979591,42,380.712,177.364,255,8,1,
1778337130020585,363815554,415,25.408163,42,379.375,180.207,255,8,1,
1778337130020585,363825527,422,25.836735,42,378.017,183.039,255,8,1,
1778337130021585,363835469,428,26.204082,42,376.835,185.459,255,8,1,
1778337130021585,363845442,435,26.632654,42,375.438,188.273,255,8,1,
1778337130022585,363855380,442,27.061226,42,374.019,191.076,255,8,1,
1778337130022585,363865358,449,27.489796,42,372.579,193.868,255,8,1,
1778337130023651,363875305,456,27.918367,42,371.119,196.650,255,8,1,
1778337130033815,363885281,462,28.285715,42,369.850,199.025,255,8,1,
1778337130169946,363895225,470,28.775511,42,368.135,202.179,255,8,1,
1778337130170946,363905201,476,29.142859,42,366.831,204.535,255,8,1,
1778337130171946,363915152,484,29.632654,43,373.762,212.608,255,8,1,
1778337130171946,363925127,491,30.061226,43,372.161,215.398,255,8,1,
1778337130172946,363935077,498,30.489796,43,370.539,218.176,255,8,1,
1778337130173946,363945053,505,30.918367,42,360.318,215.803,255,8,1,
1778337130173946,363955003,512,31.346939,43,367.234,223.694,255,8,1,
1778337130174946,363964978,520,31.836735,43,365.309,226.825,255,8,1,
1778337130175450,363974925,527,32.265305,43,363.602,229.551,255,8,1,
1778337130175450,363984904,534,32.693878,43,361.874,232.265,255,8,1,
1778337130176452,363994857,542,33.183674,42,351.507,229.876,255,8,1,
1778337130177458,364004834,550,33.673470,43,357.851,238.417,255,8,1,
1778337130178457,364014784,557,34.102039,43,356.057,241.087,255,8,1,
1778337130178457,364024758,564,34.530613,44,362.482,249.412,255,8,1,
1778337130182458,364034709,572,35.020409,44,360.337,252.502,255,8,1,
1778337130200479,364044683,580,35.510204,43,350.025,249.765,255,8,1,
1778337130202480,364054632,588,36.000000,44,355.967,258.626,255,8,1,
1778337130333955,364064610,596,36.489796,44,353.744,261.659,255,8,1,
1778337130333955,364074555,603,36.918369,44,351.777,264.298,255,8,1,
1778337130335422,364084541,611,37.408161,44,349.504,267.295,255,8,1,
1778337130335957,364094487,619,37.897957,44,347.207,270.273,255,8,1,
1778337130337001,364104469,627,38.387753,45,352.722,279.441,255,8,1,
1778337130337001,364114411,635,38.877552,45,350.320,282.446,255,8,1,
1778337130338044,364124394,644,39.428574,44,339.863,279.451,255,8,1,
1778337130338581,364134340,652,39.918365,44,337.462,282.346,255,8,1,
1778337130339180,364144317,660,40.408161,45,342.651,291.703,255,8,1,
1778337130339711,364154261,668,40.897957,45,340.145,294.621,255,8,1,
1778337130340236,364164237,676,41.387753,44,330.111,290.907,255,8,1,
1778337130340772,364174187,685,41.938778,43,319.860,287.385,255,8,1,
1778337130341297,364184159,694,42.489796,42,309.707,283.693,255,8,1,
1778337130341824,364194112,702,42.979591,42,307.271,286.330,255,8,1,
1778337130353919,364204091,710,43.469387,42,304.812,288.946,255,8,1,
1778337130361223,364214038,719,44.020409,43,309.210,298.813,255,8,1,
1778337130370272,364224012,728,44.571430,42,299.198,294.755,255,8,1,
1778337130518130,364233960,736,45.061226,42,296.667,297.302,255,8,1,
1778337130518130,364243941,745,45.612247,44,307.785,314.434,255,8,1,
1778337130519131,364253888,754,46.163261,42,290.894,302.953,255,8,1,
1778337130520132,364263857,762,46.653061,41,281.430,298.156,255,8,1,
1778337130520132,364273812,771,47.204082,40,271.756,293.511,255,8,1,
1778337130521131,364283784,780,47.755100,40,268.920,296.111,255,8,1,
1778337130521131,364293731,789,48.306122,40,266.060,298.684,255,8,1,
1778337130522130,364303707,798,48.857147,39,256.596,293.698,255,8,1,
1778337130522130,364313652,807,49.408161,39,253.760,296.152,255,8,1,
1778337130523134,364323628,816,49.959183,39,250.900,298.579,255,8,1,
1778337130523134,364333572,826,50.571430,39,247.695,301.243,255,8,1,
1778337130524639,364343544,835,51.122448,39,244.787,303.611,255,8,1,
1778337130524639,364353494,844,51.673470,39,241.856,305.951,255,8,1,
1778337130525645,364363477,853,52.224491,38,232.776,300.358,255,8,1,
1778337130525645,364373429,863,52.836735,38,229.554,302.829,255,8,1,
1778337130528644,364383401,872,53.387756,38,226.631,305.022,255,8,1,
1778337130539156,364393354,881,53.938778,38,223.687,307.188,255,8,1,
1778337130715101,364403330,891,54.551018,38,220.392,309.560,255,8,1,
1778337130716105,364413275,900,55.102043,38,217.404,311.665,255,8,1,
1778337130717112,364423254,910,55.714287,38,214.062,313.971,255,8,1,
1778337130717112,364433200,920,56.326530,37,205.150,307.918,255,8,1,
1778337130718120,364443173,929,56.877552,37,202.179,309.877,255,8,1,
1778337130719110,364453113,939,57.489796,37,198.856,312.019,255,8,1,
1778337130719110,364463088,949,58.102039,37,195.511,314.126,255,8,1,
1778337130720109,364473037,958,58.653061,37,192.481,315.992,255,8,1,
1778337130721110,364483010,968,59.265308,37,189.093,318.031,255,8,1,
1778337130721110,364492953,978,59.877552,37,185.684,320.033,255,8,1,
1778337130722109,364502918,988,60.489796,37,182.254,321.999,255,8,1,
1778337130723109,364512864,998,61.102039,37,178.803,323.928,255,8,1,
1778337130723109,364522832,1007,61.653065,36,170.931,316.832,255,8,1,
1778337130724612,364532779,1017,62.265305,36,167.536,318.640,255,8,1,
1778337130725616,364542748,1027,62.877552,36,164.122,320.412,255,8,1,
1778337130725616,364552686,1036,63.428574,36,161.033,321.976,255,8,1,
1778337130726616,364562664,1046,64.040817,36,157.583,323.678,255,8,1,
1778337130726616,364572605,1056,64.653061,36,154.115,325.344,255,8,1,
1778337130727620,364582571,1066,65.265305,36,150.630,326.972,255,8,1,
1778337130739814,364592514,1075,65.816330,36,147.479,328.405,255,8,1,
1778337130746318,364602485,1085,66.428574,36,143.961,329.962,255,8,1,
1778337130875425,364612427,1095,67.040817,36,140.427,331.482,255,8,1,
1778337130875425,364622394,1104,67.591843,36,137.233,332.817,255,8,1,
1778337130876929,364632339,1114,68.204079,36,133.669,334.264,255,8,1,
1778337130876929,364642312,1124,68.816330,35,126.476,326.349,255,8,1,
1778337130877936,364652258,1134,69.428574,35,122.981,327.682,255,8,1,
1778337130877936,364662220,1144,70.040817,35,119.473,328.978,255,8,1,
1778337130878935,364672171,1153,70.591835,35,116.303,330.111,255,8,1,
1778337130879934,364682140,1163,71.204079,35,112.769,331.335,255,8,1,
1778337130879934,364692089,1173,71.816330,35,109.222,332.521,255,8,1,
1778337130880935,364702065,1182,72.367348,35,106.020,333.556,255,8,1,
1778337130880935,364712013,1192,72.979591,35,102.449,334.670,255,8,1,
1778337130881935,364721993,1202,73.591835,35,98.867,335.746,255,8,1,
1778337130882935,364731940,1212,74.204079,35,95.274,336.783,255,8,1,
1778337130885438,364741917,1221,74.755104,34,89.401,328.036,255,8,1,
1778337130894950,364751867,1231,75.367348,34,85.891,328.972,255,8,1,
1778337130912157,364761841,1241,75.979591,34,82.371,329.871,255,8,1,
1778337130914662,364771794,1250,76.530609,34,79.195,330.648,255,8,1,
1778337131063151,364781769,1260,77.142860,34,75.657,331.475,255,8,1,
1778337131063151,364791716,1270,77.755104,34,72.111,332.265,255,8,1,
1778337131064655,364801690,1280,78.367348,34,68.556,333.017,255,8,1,
1778337131064655,364811638,1289,78.918365,34,65.351,333.660,255,8,1,
1778337131065660,364821614,1299,79.530617,34,61.781,334.340,255,8,1,
1778337131065660,364831554,1308,80.081635,34,58.563,334.918,255,8,1,
1778337131066659,364841522,1318,80.693878,34,54.981,335.525,255,8,1,
1778337131067664,364851475,1328,81.306122,34,51.393,336.093,255,8,1,
1778337131068663,364861444,1338,81.918365,34,47.799,336.623,255,8,1,
1778337131069663,364871391,1347,82.469391,34,44.559,337.067,255,8,1,
1778337131069663,364881358,1357,83.081635,34,40.955,337.524,255,8,1,
1778337131070662,364891308,1367,83.693878,34,37.346,337.943,255,8,1,
1778337131071663,364901279,1376,84.244896,33,33.091,328.337,255,8,1,
1778337131071663,364911223,1386,84.857140,33,29.581,328.672,255,8,1,
1778337131072664,364921194,1396,85.469391,33,26.067,328.969,255,8,1,
1778337131073664,364931144,1405,86.020409,33,22.902,329.204,255,8,1,
1778337131083293,364941119,1415,86.632652,34,19.971,339.413,255,8,1,
1778337131291237,364951067,1425,87.244896,34,16.343,339.607,255,8,1,
1778337131292236,364961038,1434,87.795914,34,13.076,339.748,255,8,1,
1778337131292236,364970994,1444,88.408165,33,9.167,329.873,255,8,1,
1778337131293241,364980978,1454,89.020409,33,5.642,329.952,255,8,1,
1778337131293241,364990927,1464,89.632652,33,2.116,329.993,255,8,1,
1778337131293241,365000897,1473,90.183678,33,-1.058,329.998,255,8,1,
1778337131294747,365010845,1483,90.795921,33,-4.584,329.968,255,8,1,
1778337131294747,365020812,1492,91.346939,33,-7.757,329.909,255,8,1,
1778337131295750,365030761,1502,91.959183,33,-11.282,329.807,255,8,1,
1778337131295750,365040730,1512,92.571434,33,-14.805,329.668,255,8,1,
1778337131296750,365050674,1522,93.183678,33,-18.327,329.491,255,8,1,
1778337131296750,365060647,1531,93.734695,33,-21.495,329.299,255,8,1,
1778337131297752,365070593,1541,94.346939,33,-25.013,329.051,255,8,1,
1778337131297752,365080568,1550,94.897957,33,-28.176,328.795,255,8,1,
1778337131297752,365090512,1560,95.510201,33,-31.688,328.475,255,8,1,
1778337131298753,365100480,1570,96.122452,33,-35.196,328.118,255,8,1,
1778337131298753,365110428,1579,96.673462,33,-38.350,327.764,255,8,1,
1778337131299753,365120396,1589,97.285713,33,-41.850,327.336,255,8,1,
1778337131299753,365130329,1599,97.897957,33,-45.345,326.870,255,8,1,
1778337131300759,365140298,1608,98.448982,33,-48.486,326.419,255,8,1,
1778337131300759,365150238,1618,99.061218,33,-51.972,325.882,255,8,1,
1778337131300759,365160201,1627,99.612244,33,-55.103,325.367,255,8,1,
1778337131532833,365170148,1637,100.224495,33,-58.577,324.760,255,8,1,
1778337131533834,365180110,1647,100.836739,33,-62.044,324.115,255,8,1,
1778337131536069,365190050,1656,101.387756,33,-65.158,323.503,255,8,1,
1778337131537069,365200012,1666,102.000000,33,-68.611,322.789,255,8,1,
1778337131538069,365209957,1676,102.612244,33,-72.056,322.037,255,8,1,
1778337131540069,365219922,1685,103.163261,33,-75.150,321.329,255,8,1,
1778337131542070,365229864,1695,103.775513,33,-78.579,320.508,255,8,1,
1778337131543069,365239828,1704,104.326523,33,-81.658,319.737,255,8,1,
1778337131544582,365249772,1714,104.938774,33,-85.070,318.847,255,8,1,
1778337131545607,365259742,1724,105.551018,33,-88.472,317.919,255,8,1,
1778337131546597,365269685,1733,106.102043,33,-91.525,317.054,255,8,1,
1778337131547598,365279649,1743,106.714279,33,-94.908,316.058,255,8,1,
1778337131548596,365289592,1752,107.265305,33,-97.943,315.130,255,8,1,
1778337131549597,365299565,1762,107.877556,33,-101.305,314.066,255,8,1,
1778337131550601,365309514,1772,108.489799,33,-104.655,312.965,255,8,1,
1778337131551596,365319482,1781,109.040817,33,-107.660,311.945,255,8,1,
1778337131552595,365329427,1791,109.653061,33,-110.987,310.776,255,8,1,
1778337131553597,365339400,1800,110.204086,33,-113.970,309.695,255,8,1,
1778337131555720,365349352,1810,110.816322,33,-117.273,308.459,255,8,1,
1778337131556719,365359322,1820,111.428574,33,-120.563,307.188,255,8,1,
1778337131563169,365369274,1829,111.979584,33,-123.511,306.015,255,8,1,
1778337131563169,365379245,1839,112.591843,33,-126.774,304.677,255,8,1,
1778337131564672,365389194,1848,113.142860,33,-129.698,303.444,255,8,1,
1778337131564672,365399164,1858,113.755104,33,-132.933,302.041,255,8,1,
1778337131564672,365409113,1867,114.306122,33,-135.832,300.749,255,8,1,
1778337131566144,365419085,1877,114.918365,34,-143.251,308.349,255,8,1,
1778337131777945,365429034,1886,115.469391,34,-146.210,306.957,255,8,1,
1778337131779058,365439008,1896,116.081627,34,-149.481,305.377,255,8,1,
1778337131779058,365448953,1906,116.693878,33,-148.244,294.828,255,8,1,
1778337131780058,365458924,1915,117.244904,34,-155.650,302.280,255,8,1,
1778337131781058,365468866,1925,117.857147,34,-158.871,300.599,255,8,1,
1778337131781058,365478838,1934,118.408165,34,-161.755,299.057,255,8,1,
1778337131782058,365488779,1944,119.020409,34,-164.941,297.312,255,8,1,
1778337131783057,365498750,1954,119.632645,34,-168.109,295.533,255,8,1,
1778337131783057,365508694,1963,120.183670,34,-170.943,293.902,255,8,1,
1778337131785564,365518666,1972,120.734695,34,-173.762,292.245,255,8,1,
1778337131786564,365528615,1982,121.346931,34,-176.874,290.371,255,8,1,
1778337131787564,365538581,1992,121.959183,34,-179.967,288.465,255,8,1,
1778337131788564,365548527,2001,122.510208,34,-182.733,286.721,255,8,1,
1778337131789565,365558497,2011,123.122452,34,-185.786,284.752,255,8,1,
1778337131790565,365568439,2020,123.673470,34,-188.516,282.952,255,8,1,
1778337131791565,365578401,2030,124.285713,34,-191.529,280.921,255,8,1,
1778337131792564,365588353,2039,124.836731,34,-194.222,279.066,255,8,1,
1778337131794564,365598314,2049,125.448975,34,-197.192,276.975,255,8,1,
1778337131795067,365608258,2058,126.000000,34,-199.847,275.066,255,8,1,
1778337131796071,365618226,2068,126.612251,34,-202.775,272.915,255,8,1,
1778337131797075,365628181,2077,127.163261,34,-205.390,270.952,255,8,1,
1778337131797075,365638151,2087,127.775513,34,-208.274,268.742,255,8,1,
1778337131798075,365648093,2096,128.326538,34,-210.848,266.726,255,8,1,
1778337131799075,365658065,2106,128.938782,34,-213.686,264.458,255,8,1,
1778337131805584,365668004,2115,129.489792,34,-216.220,262.391,255,8,1,
1778337131815683,365677978,2125,130.102036,34,-219.011,260.065,255,8,1,
1778337131826189,365687926,2134,130.653061,34,-221.502,257.947,255,8,1,
1778337132036794,365697892,2144,131.265305,35,-230.841,263.082,255,8,1,
1778337132037797,365707831,2153,131.816330,35,-233.361,260.850,255,8,1,
1778337132038799,365717800,2162,132.367340,35,-235.858,258.594,255,8,1,
1778337132039799,365727743,2172,132.979584,35,-238.608,256.059,255,8,1,
1778337132040798,365737712,2181,133.530609,35,-241.060,253.752,255,8,1,
1778337132041798,365747654,2191,134.142853,35,-243.757,251.162,255,8,1,
1778337132042798,365757621,2200,134.693878,35,-246.162,248.806,255,8,1,
1778337132043797,365767556,2210,135.306122,35,-248.806,246.162,255,8,1,
1778337132045300,365777530,2219,135.857147,35,-251.162,243.757,255,8,1,
1778337132046304,365787469,2228,136.408157,35,-253.495,241.331,255,8,1,
1778337132047307,365797439,2238,137.020416,35,-256.059,238.608,255,8,1,
1778337132048309,365807385,2247,137.571426,35,-258.342,236.135,255,8,1,
1778337132049309,365817368,2257,138.183670,35,-260.850,233.361,255,8,1,
1778337132050309,365827312,2266,138.734695,35,-263.082,230.841,255,8,1,
1778337132050309,365837285,2276,139.346939,35,-265.534,228.017,255,8,1,
1778337132051310,365847231,2285,139.897964,36,-275.363,231.894,255,8,1,
1778337132052310,365857205,2295,140.510208,36,-277.826,228.939,255,8,1,
1778337132053309,365867152,2304,141.061218,36,-280.014,226.256,255,8,1,
1778337132054814,365877127,2314,141.673462,36,-282.416,223.251,255,8,1,
1778337132055819,365887066,2323,142.224487,36,-284.550,220.525,255,8,1,
1778337132056819,365897030,2332,142.775513,36,-286.658,217.778,255,8,1,
1778337132057820,365906978,2342,143.387756,36,-288.968,214.703,255,8,1,
1778337132058819,365916947,2351,143.938766,36,-291.020,211.914,255,8,1,
1778337132063818,365926891,2361,144.551025,36,-293.268,208.792,255,8,1,
1778337132073922,365936858,2370,145.102036,36,-295.262,205.962,255,8,1,
1778337132083647,365946802,2380,145.714294,36,-297.446,202.795,255,8,1,
1778337132298607,365956774,2389,146.265305,36,-299.382,199.925,255,8,1,
1778337132299607,365966721,2398,146.816315,36,-301.291,197.037,255,8,1,
1778337132300607,365976689,2408,147.428574,36,-303.380,193.806,255,8,1,
1778337132301607,365986632,2417,147.979599,37,-313.708,196.182,255,8,1,
1778337132302607,365996601,2427,148.591843,37,-315.786,192.819,255,8,1,
1778337132303607,366006542,2436,149.142853,37,-317.626,189.773,255,8,1,
1778337132305111,366016508,2446,149.755096,37,-319.636,186.368,255,8,1,
1778337132306117,366026446,2455,150.306122,37,-321.413,183.285,255,8,1,
1778337132307116,366036419,2464,150.857147,37,-323.161,180.186,255,8,1,
1778337132307116,366046360,2474,151.469391,38,-333.854,181.499,255,8,1,
1778337132308116,366056330,2483,152.020401,38,-335.584,178.280,255,8,1,
1778337132309115,366066277,2493,152.632645,38,-337.469,174.684,255,8,1,
1778337132309115,366076250,2502,153.183670,38,-339.134,171.430,255,8,1,
1778337132311234,366086193,2511,153.734695,38,-340.767,168.161,255,8,1,
1778337132311234,366096155,2521,154.346939,38,-342.544,164.510,255,8,1,
1778337132312239,366106106,2530,154.897949,38,-344.110,161.208,255,8,1,
1778337132313239,366116078,2539,155.448975,39,-354.741,162.046,255,8,1,
1778337132313239,366126022,2549,156.061218,39,-356.452,158.247,255,8,1,
1778337132314743,366135990,2558,156.612244,39,-357.957,154.811,255,8,1,
1778337132315747,366145936,2568,157.224487,39,-359.591,150.977,255,8,1,
1778337132316746,366155905,2577,157.775513,39,-361.027,147.512,255,8,1,
1778337132317750,366165849,2586,158.326523,39,-362.428,144.033,255,8,1,
1778337132318749,366175822,2596,158.938782,40,-373.279,143.746,255,8,1,
1778337132320995,366185770,2605,159.489792,40,-374.644,140.150,255,8,1,
1778337132505953,366195741,2614,160.040817,40,-375.974,136.540,255,8,1,
1778337132505953,366205688,2624,160.653061,40,-377.412,132.515,255,8,1,
1778337132506958,366215663,2633,161.204071,40,-378.669,128.879,255,8,1,
1778337132506958,366225609,2642,161.755096,40,-379.891,125.232,255,8,1,
1778337132507957,366235579,2652,162.367355,41,-390.737,124.194,255,8,1,
1778337132507957,366245528,2661,162.918365,41,-391.914,120.431,255,8,1,
1778337132508957,366255502,2670,163.469391,41,-393.054,116.656,255,8,1,
1778337132509958,366265447,2680,164.081635,41,-394.278,112.450,255,8,1,
1778337132509958,366275415,2689,164.632645,42,-404.984,111.303,255,8,1,
1778337132510958,366285361,2698,165.183670,42,-406.035,107.403,255,8,1,
1778337132510958,366295330,2708,165.795929,43,-416.854,105.512,255,8,1,
1778337132511958,366305279,2717,166.346939,48,-466.437,113.300,255,8,1,
1778337132512957,366315250,2726,166.897949,52,-506.463,117.877,255,8,1,
1778337132512957,366325195,2736,167.510208,52,-507.694,112.458,255,8,1,
1778337132513957,366335166,2745,168.061218,52,-508.752,107.571,255,8,1,
1778337132514957,366345114,2754,168.612244,52,-509.763,102.673,255,8,1,
1778337132515461,366355089,2764,169.224487,53,-520.655,99.090,255,8,1,
1778337132516466,366365039,2773,169.775513,53,-521.584,94.078,255,8,1,
1778337132516466,366375004,2782,170.326523,52,-512.606,87.377,255,8,1,
1778337132518466,366384950,2792,170.938782,52,-513.511,81.895,255,8,1,
1778337132654819,366394923,2801,171.489792,52,-514.275,76.953,255,8,1,
1778337132655888,366404865,2810,172.040817,52,-514.991,72.003,255,8,1,
1778337132655888,366414845,2819,172.591843,52,-515.659,67.047,255,8,1,
1778337132656888,366424792,2829,173.204071,52,-516.346,61.533,255,8,1,
1778337132656888,366434764,2838,173.755096,52,-516.914,56.565,255,8,1,
1778337132657888,366444721,2847,174.306122,53,-527.385,52.583,255,8,1,
1778337132658888,366454693,2856,174.857147,53,-527.866,47.509,255,8,1,
1778337132658888,366464640,2866,175.469391,54,-538.313,42.656,255,8,1,
1778337132659887,366474609,2875,176.020401,55,-548.674,38.171,255,8,1,
1778337132660888,366484561,2884,176.571426,54,-539.033,32.294,255,8,1,
1778337132660888,366494535,2894,177.183670,53,-529.360,26.041,255,8,1,
1778337132661887,366504476,2903,177.734695,50,-499.609,19.763,255,8,1,
1778337132661887,366514459,2912,178.285721,50,-499.776,14.958,255,8,1,
1778337132662887,366524407,2921,178.836731,53,-529.891,10.760,255,8,1,
1778337132809207,366534373,2930,179.387756,56,-559.968,5.984,255,8,1,
1778337132810206,366544316,2940,180.000000,56,-560.000,0.000,255,8,1,
1778337132811206,366554298,2949,180.551010,56,-559.974,-5.385,255,8,1,
1778337132811206,366564246,2958,181.102051,55,-549.898,-10.578,255,8,1,
1778337132812207,366574222,2968,181.714294,55,-549.754,-16.454,255,8,1,
1778337132813207,366584167,2977,182.265305,56,-559.562,-22.135,255,8,1,
1778337132813207,366594145,2986,182.816315,56,-559.324,-27.515,255,8,1,
1778337132813207,366604095,2995,183.367355,56,-559.033,-32.893,255,8,1,
1778337132814713,366614072,3004,183.918365,56,-558.691,-38.268,255,8,1,
1778337132815720,366624026,3014,184.530609,55,-548.281,-43.445,255,8,1,
1778337132815720,366633996,3023,185.081635,55,-547.838,-48.716,255,8,1,
1778337132816719,366643928,3032,185.632660,55,-547.344,-53.983,255,8,1,
1778337132817719,366653907,3041,186.183670,54,-536.858,-58.167,255,8,1,
1778337132817719,366663847,3050,186.734680,54,-536.274,-63.327,255,8,1,
1778337132818719,366673813,3060,187.346939,56,-555.402,-71.611,255,8,1,
1778337132819719,366683758,3069,187.897964,67,-663.645,-92.064,255,8,1,
1778337132825225,366693721,3078,188.448975,67,-662.729,-98.442,255,8,1,
1778337132842756,366703664,3087,188.999985,65,-641.997,-101.682,255,8,1,
1778337132845258,366713633,3096,189.551025,66,-650.851,-109.511,255,8,1,
1778337133043153,366723574,3105,190.102036,66,-649.768,-115.765,255,8,1,
1778337133044723,366733553,3114,190.653076,70,-687.935,-129.403,255,8,1,
1778337133044723,366743500,3123,191.204086,77,-755.325,-149.614,255,8,1,
1778337133045730,366753478,3133,191.816330,80,-783.047,-163.820,255,8,1,
1778337133046730,366763416,3142,192.367340,80,-781.436,-171.343,255,8,1,
1778337133046730,366773385,3151,192.918381,80,-779.752,-178.850,255,8,1,
1778337133047729,366783323,3160,193.469391,80,-777.996,-186.341,255,8,1,
1778337133047729,366793288,3169,194.020401,80,-776.168,-193.814,255,8,1,
1778337133048729,366803229,3178,194.571426,80,-774.268,-201.269,255,8,1,
1778337133049741,366813194,3187,195.122452,80,-772.296,-208.706,255,8,1,
1778337133049741,366823142,3196,195.673477,80,-770.254,-216.124,255,8,1,
1778337133050730,366833109,3205,196.224487,80,-768.139,-223.521,255,8,1,
1778337133050730,366843055,3214,196.775497,81,-775.529,-233.784,255,8,1,
1778337133051729,366853027,3223,197.326538,80,-763.698,-238.254,255,8,1,
1778337133051729,366862978,3232,197.877548,83,-789.923,-254.796,255,8,1,
1778337133052729,366872947,3241,198.428574,89,-844.359,-281.349,255,8,1,
1778337133053729,366882883,3250,198.979584,108,-1021.285,-351.250,255,8,1,
1778337133053729,366892851,3259,199.530624,151,-1423.119,-504.809,255,8,1,
1778337133054731,366902811,3268,200.081635,226,-2122.602,-775.991,255,8,1,
1778337133054731,366912779,3277,200.632645,248,-2320.930,-873.890,255,8,1,
1778337133056071,366922735,3286,201.183685,251,-2340.391,-907.011,255,8,1,
1778337133063076,366932703,3295,201.734695,251,-2331.560,-929.476,255,8,1,
1778337133079140,366942657,3304,202.285721,248,-2294.755,-940.479,255,8,1,
1778337133083145,366952633,3313,202.836731,238,-2193.443,-923.693,255,8,1,
1778337133225800,366962574,3322,203.387741,227,-2083.496,-901.080,255,8,1,
1778337133226802,366972537,3330,203.877563,219,-2002.563,-886.476,255,8,1,
1778337133226802,366982475,3339,204.428574,214,-1948.422,-885.015,255,8,1,
1778337133227801,366992446,3348,204.979584,211,-1912.627,-891.043,255,8,1,
1778337133228801,367002388,3357,205.530624,209,-1885.922,-900.776,255,8,1,
1778337133228801,367012358,3366,206.081635,209,-1877.172,-918.871,255,8,1,
1778337133229802,367022306,3374,206.571426,208,-1860.305,-930.411,255,8,1,
1778337133229802,367032282,3383,207.122452,208,-1851.271,-948.259,255,8,1,
1778337133230801,367042228,3392,207.673462,208,-1842.066,-966.018,255,8,1,
1778337133231800,367052202,3401,208.224503,204,-1797.447,-964.772,255,8,0,unstable_angle_bin
1778337133231800,367062137,3410,208.775513,174,-1525.132,-837.600,255,8,1,
1778337133232800,367072110,3418,209.265305,121,-1055.562,-591.514,255,8,1,
1778337133233801,367082071,3427,209.816330,87,-754.833,-432.582,255,8,1,
1778337133233801,367092046,3436,210.367355,82,-707.498,-414.545,255,8,1,
1778337133234801,367101991,3445,210.918365,81,-694.899,-416.191,255,8,1,
1778337133249508,367111959,3454,211.469391,78,-665.277,-407.194,255,8,1,
1778337133251507,367121903,3462,211.959183,76,-644.803,-402.279,255,8,1,
1778337133263018,367131870,3471,212.510193,76,-640.905,-408.462,255,8,1,
1778337133522670,367141815,3480,213.061234,76,-636.947,-414.607,255,8,1,
1778337133523670,367151797,3489,213.612244,76,-632.930,-420.713,255,8,1,
1778337133524670,367161739,3498,214.163269,76,-628.855,-426.780,255,8,1,
1778337133525172,367171707,3507,214.714279,76,-624.722,-432.808,255,8,1,
1778337133526175,367181653,3516,215.265305,76,-620.530,-438.796,255,8,1,
1778337133527179,367191620,3525,215.816330,76,-616.282,-444.743,255,8,1,
1778337133527179,367201569,3534,216.367340,76,-611.976,-450.650,255,8,1,
1778337133528179,367210539,3542,216.857132,75,-600.100,-449.866,255,8,1,
1778337133528179,367221487,3552,217.469391,75,-595.259,-456.253,255,8,1,
1778337133529180,367231458,3560,217.959183,75,-591.337,-461.325,255,8,1,
1778337133530179,367241401,3569,218.510208,75,-586.873,-466.991,255,8,1,
1778337133531179,367251374,3578,219.061218,74,-574.590,-466.311,255,8,1,
1778337133532179,367261317,3587,219.612244,74,-570.079,-471.816,255,8,1,
1778337133533179,367271286,3596,220.163269,74,-565.515,-477.276,255,8,1,
1778337133533179,367281229,3605,220.714279,75,-568.479,-489.215,255,8,1,
1778337133534682,367291202,3614,221.265320,75,-563.748,-494.660,255,8,1,
1778337133534682,367301145,3622,221.755112,75,-559.498,-499.461,255,8,1,
1778337133535686,367311121,3631,222.306122,75,-554.669,-504.819,255,8,1,
1778337133535686,367321065,3640,222.857147,75,-549.789,-510.130,255,8,1,
1778337133536686,367331038,3649,223.408157,75,-544.858,-515.393,255,8,1,
1778337133536686,367340984,3658,223.959167,75,-539.876,-520.609,255,8,1,
1778337133537685,367350951,3667,224.510208,75,-534.844,-525.777,255,8,1,
1778337133537685,367360896,3676,225.061218,75,-529.763,-530.896,255,8,1,
1778337133538685,367370863,3684,225.551010,75,-525.205,-535.406,255,8,1,
1778337133539687,367380813,3693,226.102051,75,-520.032,-540.432,255,8,1,
1778337133539687,367390789,3702,226.653061,78,-535.403,-567.224,255,8,1,
1778337133540686,367400737,3711,227.204086,78,-529.923,-572.347,255,8,1,
1778337133541685,367410708,3720,227.755096,75,-504.226,-555.208,255,8,1,
1778337133739945,367420647,3728,228.244888,72,-479.483,-537.119,255,8,1,
1778337133740944,367430624,3737,228.795929,70,-461.120,-526.658,255,8,1,
1778337133741946,367440570,3746,229.346939,71,-462.549,-538.654,255,8,1,
1778337133741946,367450541,3755,229.897949,73,-470.230,-558.376,255,8,1,
1778337133743048,367460484,3764,230.448990,76,-483.941,-586.004,255,8,1,
1778337133743048,367470448,3773,231.000000,78,-490.870,-606.174,255,8,1,
1778337133744553,367480391,3781,231.489792,79,-491.897,-618.173,255,8,1,
1778337133744553,367490358,3790,232.040817,80,-492.080,-630.759,255,8,1,
1778337133745559,367500302,3799,232.591827,81,-492.066,-643.406,255,8,1,
1778337133746559,367510269,3808,233.142868,82,-491.854,-656.110,255,8,1,
1778337133746559,367520212,3817,233.693878,83,-491.442,-668.868,255,8,1,
1778337133747558,367530180,3826,234.244888,83,-484.987,-673.563,255,8,1,
1778337133748559,367540126,3834,234.734695,83,-479.212,-677.685,255,8,1,
1778337133748559,367550095,3843,235.285721,84,-478.367,-690.482,255,8,1,
1778337133749558,367560040,3852,235.836731,84,-471.705,-695.050,255,8,1,
1778337133750560,367570009,3861,236.387756,84,-464.998,-699.554,255,8,1,
1778337133750560,367579947,3869,236.877548,85,-464.466,-711.879,255,8,1,
1778337133751558,367589914,3878,237.428558,85,-457.598,-716.313,255,8,1,
1778337133752558,367599857,3887,237.979599,86,-455.990,-729.159,255,8,1,
1778337133752558,367609817,3895,238.469391,86,-449.740,-733.030,255,8,1,
1778337133753559,367619766,3904,239.020401,88,-452.965,-754.469,255,8,1,
1778337133755623,367629736,3913,239.571426,90,-455.817,-776.035,255,8,1,
1778337133775814,367639677,3922,240.122452,91,-453.315,-789.054,255,8,1,
1778337133776815,367649649,3930,240.612244,92,-451.460,-801.613,255,8,1,
1778337133946408,367659598,3939,241.163269,93,-448.553,-814.678,255,8,1,
1778337133946408,367669564,3948,241.714279,94,-445.437,-827.760,255,8,1,
1778337133947413,367679512,3957,242.265320,95,-442.109,-840.856,255,8,1,
1778337133947413,367689478,3966,242.816330,96,-438.571,-853.965,255,8,1,
1778337133948412,367699428,3974,243.306122,97,-435.747,-866.617,255,8,1,
1778337133949526,367709399,3983,243.857147,97,-427.392,-870.767,255,8,1,
1778337133950531,367719344,3992,244.408157,98,-423.318,-883.856,255,8,1,
1778337133950531,367729320,4001,244.959183,98,-414.799,-887.886,255,8,1,
1778337133951531,367739264,4009,245.448990,98,-407.193,-891.400,255,8,1,
1778337133952531,367749236,4018,246.000000,99,-402.669,-904.410,255,8,1,
1778337133953531,367759155,4027,246.551010,101,-401.912,-926.589,255,8,1,
1778337133953531,367769129,4035,247.040802,102,-397.877,-939.199,255,8,1,
1778337133954531,367779074,4044,247.591843,103,-392.638,-952.227,255,8,1,
1778337133955035,367789046,4053,248.142853,103,-383.463,-955.958,255,8,1,
1778337133955035,367798994,4061,248.632645,105,-382.564,-977.827,255,8,1,
1778337133956040,367808962,4070,249.183670,107,-380.250,-1000.155,255,8,1,
1778337133956040,367818909,4079,249.734680,109,-377.541,-1022.528,255,8,1,
1778337133957040,367828884,4088,250.285721,110,-371.063,-1035.525,255,8,0,unstable_angle_bin
1778337133963040,367838826,4096,250.775513,114,-375.368,-1076.429,255,8,0,unstable_angle_bin
1778337133973951,367848800,4105,251.326523,136,-435.437,-1288.408,255,8,0,unstable_angle_bin
1778337133989019,367858758,4113,251.816315,197,-614.767,-1871.620,255,8,1,
1778337133993019,367868729,4122,252.367355,235,-711.845,-2239.593,255,8,1,
1778337134125416,367878683,4130,252.857147,255,-751.626,-2436.711,255,8,1,
1778337134126414,367888648,4139,253.408157,266,-759.568,-2549.246,255,8,1,
1778337134126414,367898605,4147,253.897964,272,-754.389,-2613.293,255,8,1,
1778337134127417,367908572,4156,254.448975,277,-742.627,-2668.596,255,8,1,
1778337134127417,367918530,4164,254.938782,280,-727.583,-2703.816,255,8,1,
1778337134128418,367928494,4173,255.489792,281,-704.052,-2720.369,255,8,1,
1778337134128418,367938446,4181,255.979599,279,-675.926,-2706.885,255,8,1,
1778337134129417,367948406,4190,256.530609,278,-647.534,-2703.535,255,8,1,
1778337134130417,367958360,4198,257.020416,277,-622.153,-2699.227,255,8,1,
1778337134131417,367968325,4207,257.571442,278,-598.317,-2714.851,255,8,1,
1778337134131417,367978277,4215,258.061218,277,-573.020,-2710.083,255,8,1,
1778337134132417,367988241,4224,258.612244,274,-541.007,-2686.059,255,8,1,
1778337134133418,367998192,4232,259.102020,270,-510.464,-2651.307,255,8,1,
1778337134133418,368008156,4241,259.653076,266,-477.757,-2616.744,255,8,1,
1778337134142663,368018107,4249,260.142853,263,-450.236,-2591.175,255,8,1,
1778337134155682,368028081,4258,260.693878,257,-415.593,-2536.175,255,8,1,
1778337134161682,368038022,4266,261.183655,214,-327.993,-2114.715,255,8,1,
1778337134332548,368047993,4274,261.673492,189,-273.698,-1870.077,255,8,1,
1778337134333548,368057940,4283,262.224487,182,-246.232,-1803.266,255,8,1,
1778337134333548,368067911,4291,262.714294,177,-224.466,-1755.709,255,8,1,
1778337134334548,368077849,4300,263.265320,169,-198.189,-1678.339,255,8,1,
1778337134334548,368087829,4308,263.755096,162,-176.221,-1610.387,255,8,1,
1778337134334548,368097761,4317,264.306122,144,-142.867,-1432.895,255,8,1,
1778337134335986,368107736,4325,264.795898,135,-122.450,-1344.435,255,8,1,
1778337134336987,368117670,4334,265.346954,135,-109.514,-1345.551,255,8,1,
1778337134336987,368127649,4342,265.836731,135,-98.008,-1346.438,255,8,1,
1778337134339024,368137580,4351,266.387756,135,-85.055,-1347.318,255,8,1,
1778337134339024,368147560,4359,266.877533,134,-72.990,-1338.011,255,8,1,
1778337134340129,368157500,4368,267.428589,134,-60.118,-1338.651,255,8,1,
1778337134340129,368167478,4376,267.918365,132,-47.947,-1319.129,255,8,1,
1778337134341129,368177419,4385,268.469391,126,-33.656,-1259.550,255,8,1,
1778337134342129,368187406,4393,268.959167,121,-21.980,-1209.800,255,8,1,
1778337134342129,368197343,4402,269.510193,122,-10.429,-1219.955,255,8,1,
1778337134343129,368207320,4410,270.000000,117,-0.000,-1170.000,255,8,1,
1778337134343129,368217266,4419,270.551025,108,10.386,-1079.950,255,8,1,
1778337134349641,368227240,4427,271.040833,104,18.892,-1039.828,255,8,1,
1778337134360088,368237182,4436,271.591827,101,28.057,-1009.610,255,8,1,
1778337134373000,368247176,4444,272.081635,93,33.781,-929.386,255,8,1,
1778337134380018,368257123,4453,272.632660,78,35.827,-779.177,255,8,1,
1778337134389920,368267098,4461,273.122467,76,41.397,-758.872,255,8,1,
1778337134564811,368277041,4470,273.673462,77,49.334,-768.418,255,8,1,
1778337134565817,368287014,4478,274.163269,71,51.545,-708.126,255,8,1,
1778337134566818,368296957,4487,274.714294,70,57.531,-697.632,255,8,1,
1778337134566818,368306924,4495,275.204102,70,63.493,-697.115,255,8,1,
1778337134567818,368316872,4504,275.755096,69,69.191,-686.522,255,8,1,
1778337134568817,368326844,4512,276.244904,70,76.145,-695.846,255,8,1,
1778337134568817,368336782,4521,276.795929,79,93.483,-784.449,255,8,1,
1778337134569818,368346755,4529,277.285706,84,106.526,-833.218,255,8,1,
1778337134569818,368356700,4538,277.836731,84,114.535,-832.155,255,8,1,
1778337134570819,368366674,4546,278.326508,77,111.507,-761.883,255,8,1,
1778337134571817,368376619,4555,278.877563,72,111.113,-711.375,255,8,1,
1778337134571817,368386588,4563,279.367340,72,117.190,-710.399,255,8,1,
1778337134572817,368396533,4572,279.918365,76,130.906,-748.641,255,8,1,
1778337134572817,368406505,4580,280.408173,85,153.561,-836.014,255,8,1,
1778337134573818,368416449,4589,280.959198,85,161.593,-834.498,255,8,1,
1778337134573818,368426420,4597,281.448975,85,168.721,-833.087,255,8,1,
1778337134574817,368436362,4606,282.000000,85,176.725,-831.425,255,8,1,
1778337134574817,368446328,4614,282.489807,85,183.826,-829.884,255,8,1,
1778337134577838,368456275,4623,283.040802,85,191.798,-828.078,255,8,1,
1778337134591856,368466241,4631,283.530609,85,198.870,-826.408,255,8,1,
1778337134596967,368476190,4640,284.081635,85,206.809,-824.458,255,8,1,
1778337134732842,368486165,4648,284.571442,85,213.849,-822.659,255,8,1,
1778337134733841,368496113,4657,285.122437,85,221.750,-820.565,255,8,1,
1778337134734842,368506090,4665,285.612244,85,228.757,-818.639,255,8,1,
1778337134735347,368516042,4674,286.163269,85,236.619,-816.401,255,8,1,
1778337134735347,368526015,4682,286.653076,84,240.724,-804.768,255,8,1,
1778337134736353,368535964,4690,287.142853,84,247.594,-802.681,255,8,1,
1778337134736353,368545942,4699,287.693878,84,255.302,-800.263,255,8,1,
1778337134737352,368555898,4707,288.183685,84,262.134,-798.051,255,8,1,
1778337134737352,368565871,4716,288.734680,84,269.796,-795.493,255,8,1,
1778337134738352,368575828,4724,289.224487,85,279.880,-802.600,255,8,1,
1778337134738352,368585807,4733,289.775513,85,287.585,-799.872,255,8,1,
1778337134739897,368595760,4741,290.265320,84,290.949,-788.003,255,8,1,
1778337134739897,368605737,4750,290.816315,84,298.513,-785.169,255,8,1,
1778337134740902,368615685,4758,291.306122,76,276.147,-708.056,255,8,1,
1778337134746078,368625667,4766,291.795898,73,271.050,-677.814,255,8,1,
1778337134762593,368635615,4775,292.346954,74,281.359,-684.425,255,8,1,
1778337134765722,368645591,4783,292.836731,80,310.485,-737.292,255,8,1,
1778337134911724,368655532,4792,293.387756,84,333.439,-770.985,255,8,1,
1778337134912725,368665505,4800,293.877563,84,340.018,-768.107,255,8,1,
1778337134912725,368675453,4808,294.367340,84,346.572,-765.172,255,8,1,
1778337134913725,368685419,4817,294.918365,84,353.914,-761.804,255,8,1,
1778337134914725,368695365,4825,295.408173,84,360.414,-758.750,255,8,1,
1778337134914725,368705339,4834,295.959198,83,363.317,-746.258,255,8,1,
1778337134914725,368715289,4842,296.448975,80,356.321,-716.265,255,8,1,
1778337134916059,368725259,4850,296.938782,77,348.839,-686.448,255,8,1,
1778337134917064,368735213,4859,297.489777,75,346.193,-665.320,255,8,1,
1778337134917064,368745179,4867,297.979584,76,356.559,-671.167,255,8,1,
1778337134918064,368755128,4876,298.530609,76,362.997,-667.707,255,8,1,
1778337134919063,368765111,4884,299.020416,74,358.990,-647.091,255,8,1,
1778337134919063,368775063,4893,299.571411,65,320.780,-565.332,255,8,1,
1778337134920065,368785039,4901,300.061218,64,320.592,-553.914,255,8,1,
1778337134921064,368794984,4910,300.612244,74,376.827,-636.869,255,8,1,
1778337134923064,368804963,4918,301.102051,87,449.411,-744.936,255,8,1,
1778337134933579,368814908,4926,301.591827,89,466.239,-758.103,255,8,1,
1778337134949163,368824887,4934,302.081635,92,488.637,-779.509,255,8,1,
1778337134953163,368834838,4942,302.571442,93,500.666,-783.730,255,8,1,
1778337135105818,368844815,4951,303.122437,93,508.180,-778.879,255,8,1,
1778337135106818,368854762,4959,303.612244,94,520.355,-782.835,255,8,1,
1778337135106818,368864745,4967,304.102020,94,527.028,-778.358,255,8,1,
1778337135107819,368874702,4975,304.591827,94,533.663,-773.824,255,8,1,
1778337135108819,368884684,4984,305.142853,95,546.836,-776.833,255,8,1,
1778337135108819,368894635,4992,305.632660,96,559.283,-780.258,255,8,1,
1778337135109817,368904609,5000,306.122437,96,565.932,-775.449,255,8,1,
1778337135109817,368914565,5008,306.612244,96,572.541,-770.582,255,8,1,
1778337135110818,368924544,5017,307.163269,95,573.884,-757.071,255,8,1,
1778337135111818,368934496,5025,307.653076,93,568.117,-736.303,255,8,1,
1778337135111818,368944473,5033,308.142853,92,568.214,-723.555,255,8,1,
1778337135112818,368954426,5042,308.693878,90,562.643,-702.447,255,8,1,
1778337135113817,368964399,5050,309.183685,89,562.310,-689.861,255,8,1,
1778337135113817,368974351,5058,309.673462,88,561.802,-677.332,255,8,1,
1778337135114819,368984327,5066,310.163269,87,561.122,-664.862,255,8,1,
1778337135115323,368994272,5074,310.653076,85,553.756,-644.868,255,8,1,
1778337135122333,369004256,5083,311.204071,84,553.344,-631.989,255,8,1,
1778337135139177,369014198,5091,311.693878,83,552.075,-619.769,255,8,1,
1778337135142177,369024173,5099,312.183685,82,550.638,-607.617,255,8,1,
1778337135151690,369034120,5107,312.673462,81,549.034,-595.535,255,8,1,
1778337135320958,369044094,5116,313.224487,80,547.887,-582.941,255,8,1,
1778337135321961,369054048,5124,313.714264,79,545.939,-571.008,255,8,1,
1778337135321961,369064016,5132,314.204102,78,543.829,-559.151,255,8,1,
1778337135322962,369073969,5140,314.693878,77,541.555,-547.373,255,8,1,
1778337135322962,369083936,5148,315.183685,77,546.215,-542.724,255,8,1,
1778337135322962,369093883,5156,315.673462,76,543.681,-531.047,255,8,1,
1778337135324467,369103859,5164,316.163269,75,540.987,-519.454,255,8,1,
1778337135324467,369113805,5173,316.714294,74,538.678,-507.371,255,8,1,
1778337135325474,369123773,5181,317.204102,74,542.996,-502.748,255,8,1,
1778337135326474,369133721,5189,317.693878,73,539.878,-491.357,255,8,1,
1778337135327472,369143689,5197,318.183685,73,544.059,-486.724,255,8,1,
1778337135328069,369153640,5206,318.734680,72,541.198,-474.874,255,8,1,
1778337135328069,369163604,5214,319.224487,72,545.237,-470.230,255,8,1,
1778337135329075,369173559,5222,319.714294,71,541.609,-459.086,255,8,1,
1778337135330075,369183531,5230,320.204102,70,537.831,-448.038,255,8,1,
1778337135331074,369193480,5238,320.693878,69,533.903,-437.090,255,8,1,
1778337135331074,369203452,5246,321.183685,68,529.828,-426.241,255,8,1,
1778337135332074,369213401,5254,321.673462,68,533.453,-421.697,255,8,1,
1778337135339708,369223375,5262,322.163269,67,529.140,-410.987,255,8,1,
1778337135352301,369233323,5270,322.653076,67,532.635,-406.449,255,8,1,
1778337135516429,369243294,5278,323.142853,66,528.088,-395.882,255,8,1,
1778337135516429,369253242,5287,323.693878,66,531.871,-390.786,255,8,1,
1778337135517434,369263209,5295,324.183655,65,527.083,-380.373,255,8,1,
1778337135517434,369273155,5303,324.673462,65,530.315,-375.853,255,8,1,
1778337135518434,369283124,5311,325.163269,64,525.301,-365.594,255,8,1,
1778337135519434,369293061,5319,325.653076,64,528.407,-361.090,255,8,1,
1778337135519434,369303037,5327,326.142853,64,531.475,-356.559,255,8,1,
1778337135520434,369312983,5335,326.632660,63,526.152,-346.503,255,8,1,
1778337135521434,369322959,5344,327.183655,63,529.460,-341.427,255,8,1,
1778337135521434,369332908,5351,327.612244,63,531.999,-337.457,255,8,1,
1778337135522433,369342882,5360,328.163269,62,526.724,-327.050,255,8,1,
1778337135523435,369352824,5368,328.653076,62,529.501,-322.536,255,8,1,
1778337135523435,369362798,5376,329.142853,62,532.238,-317.998,255,8,1,
1778337135524940,369372745,5384,329.632660,61,526.309,-308.381,255,8,1,
1778337135524940,369382721,5392,330.122437,61,528.926,-303.870,255,8,1,
1778337135525945,369392673,5400,330.612244,61,531.504,-299.338,255,8,1,
1778337135525945,369402644,5408,331.102020,60,525.289,-289.951,255,8,1,
1778337135527946,369412592,5416,331.591858,60,527.749,-285.450,255,8,1,
1778337135537452,369422569,5424,332.081635,60,530.169,-280.928,255,8,1,
1778337135549963,369432517,5432,332.571442,60,532.552,-276.385,255,8,1,
1778337135557473,369442492,5440,333.061218,59,525.980,-267.293,255,8,1,
1778337135567101,369452442,5448,333.551025,59,528.246,-262.786,255,8,1,
1778337135824998,369462411,5456,334.040802,59,530.473,-258.261,255,8,1,
1778337135824998,369472361,5464,334.530609,59,532.661,-253.717,255,8,1,
1778337135826001,369482332,5472,335.020416,58,525.746,-244.931,255,8,1,
1778337135826001,369492279,5480,335.510223,58,527.820,-240.428,255,8,1,
1778337135827004,369502252,5488,336.000000,58,529.856,-235.907,255,8,1,
1778337135827004,369512203,5496,336.489807,58,531.854,-231.369,255,8,1,
1778337135828004,369522176,5505,337.040802,58,534.054,-226.244,255,8,1,
1778337135828004,369532132,5513,337.530609,57,526.728,-217.848,255,8,1,
1778337135829004,369542106,5521,338.020416,55,510.025,-205.852,255,8,1,
1778337135830004,369552058,5529,338.510193,50,465.241,-183.168,255,8,1,
1778337135830004,369562035,5537,339.000000,46,429.447,-164.849,255,8,1,
1778337135831004,369571985,5545,339.489777,45,421.474,-157.669,255,8,1,
1778337135831004,369581963,5553,339.979584,45,422.807,-154.060,255,8,1,
1778337135832005,369591913,5561,340.469391,44,414.684,-147.097,255,8,1,
1778337135832005,369601887,5569,340.959198,44,415.926,-143.546,255,8,1,
1778337135833004,369611829,5577,341.448975,44,417.138,-139.986,255,8,1,
1778337135833004,369621799,5585,341.938782,44,418.319,-136.415,255,8,1,
1778337135833004,369631743,5593,342.428558,44,419.470,-132.834,255,8,1,
1778337135834509,369641719,5601,342.918365,42,401.473,-123.368,255,8,1,
1778337135834509,369651667,5609,343.408142,39,373.762,-111.365,255,8,1,
1778337135835514,369661641,5617,343.897980,39,374.700,-108.166,255,8,1,
1778337135835514,369671586,5625,344.387756,39,375.611,-104.959,255,8,1,
1778337135835514,369681557,5633,344.877563,40,386.148,-104.353,255,8,1,
1778337135836512,369691505,5641,345.367340,39,377.350,-98.522,255,8,1,
1778337135836512,369701477,5649,345.857147,40,387.876,-97.736,255,8,1,
1778337135837517,369711431,5657,346.346924,39,378.980,-92.057,255,8,1,
1778337135837517,369721402,5665,346.836731,39,379.753,-88.813,255,8,1,
1778337135844517,369731350,5673,347.326538,39,380.498,-85.564,255,8,1,
1778337135862383,369741326,5681,347.816345,39,381.216,-82.308,255,8,1,
1778337135863382,369751267,5689,348.306122,40,391.698,-81.073,255,8,1,
1778337136030049,369761241,5697,348.795929,40,392.377,-77.722,255,8,1,
1778337136031049,369771187,5705,349.285706,39,383.201,-72.506,255,8,1,
1778337136032049,369781154,5713,349.775513,44,433.013,-78.102,255,8,1,
1778337136032049,369791096,5721,350.265289,45,443.521,-76.089,255,8,1,
1778337136033050,369801061,5729,350.755127,47,463.895,-75.507,255,8,1,
1778337136033050,369811010,5736,351.183655,51,503.974,-78.167,255,8,1,
1778337136033050,369820972,5744,351.673492,52,514.519,-75.303,255,8,1,
1778337136034556,369830922,5752,352.163269,53,525.050,-72.266,255,8,1,
1778337136034556,369840886,5760,352.653076,51,505.813,-65.217,255,8,1,
1778337136035563,369850834,5768,353.142853,48,476.567,-57.309,255,8,1,
1778337136036562,369860808,5776,353.632660,48,477.039,-53.233,255,8,1,
1778337136036562,369870757,5784,354.122437,48,477.477,-49.153,255,8,1,
1778337136037567,369880731,5791,354.551025,48,477.831,-45.580,255,8,1,
1778337136037567,369890678,5799,355.040802,48,478.203,-41.494,255,8,1,
1778337136038568,369900651,5807,355.530609,47,468.571,-36.625,255,8,1,
1778337136039566,369910598,5815,356.020416,48,478.843,-33.312,255,8,1,
1778337136039566,369920570,5823,356.510223,48,479.110,-29.218,255,8,1,
1778337136042566,369930522,5831,357.000000,48,479.342,-25.121,255,8,1,
1778337136054581,369940493,5838,357.428589,48,479.517,-21.535,255,8,1,
1778337136062587,369950446,5846,357.918365,47,469.690,-17.072,255,8,1,
1778337136076778,369960425,5854,358.408173,47,469.819,-13.056,255,8,1,
1778337136082288,369970374,5862,358.897949,47,469.913,-9.040,255,8,1,
1778337136091797,369980354,5870,359.387756,47,469.973,-5.022,255,8,1,
1778337136283286,369990309,5878,359.877533,47,469.999,-1.005,255,8,1,
1778337136285799,370000288,6,0.367347,48,479.990,3.077,255,8,1,
1778337136285799,370010238,13,0.795918,48,479.954,6.668,255,8,1,
1778337136286798,370020222,21,1.285714,47,469.882,10.546,255,8,1,
1778337136287797,370030178,29,1.775510,46,459.779,14.252,255,8,1,
1778337136287797,370040154,37,2.265306,47,469.633,18.578,255,8,1,
1778337136288798,370050104,45,2.755102,47,469.457,22.592,255,8,1,
1778337136289798,370060082,53,3.244898,47,469.246,26.604,255,8,1,
1778337136289798,370070031,60,3.673469,47,469.034,30.113,255,8,1,
1778337136290801,370080010,68,4.163265,47,468.760,34.121,255,8,1,
1778337136290801,370089956,76,4.653061,47,468.451,38.127,255,8,1,
1778337136291798,370099934,84,5.142857,47,468.108,42.130,255,8,1,
1778337136292797,370109882,92,5.632653,47,467.731,46.131,255,8,1,
1778337136292797,370119859,100,6.122449,46,457.376,49.061,255,8,1,
1778337136293798,370129803,107,6.551021,47,466.931,53.621,255,8,1,
1778337136294797,370139779,115,7.040816,47,466.456,57.611,255,8,1,
1778337136294797,370149728,123,7.530612,47,465.946,61.596,255,8,1,
1778337136295907,370159704,129,7.897959,46,455.637,63.208,255,8,1,
1778337136296912,370169658,132,8.081633,45,445.531,63.263,255,8,1,
1778337136296912,370179632,134,8.204082,45,445.395,64.215,255,8,1,
1778337136299912,370189573,134,8.204082,45,445.395,64.215,255,8,1,
1778337136309856,370199557,134,8.204082,45,445.395,64.215,255,8,1,
1778337136321483,370209502,134,8.204082,45,445.395,64.215,255,8,1,
1778337136329307,370219474,134,8.204082,44,435.497,62.788,255,8,1,
1778337136339335,370229421,134,8.204082,45,445.395,64.215,255,8,1,
1778337136489795,370239392,134,8.204082,45,445.395,64.215,255,8,1,
1778337136490794,370249340,134,8.204082,45,445.395,64.215,255,8,1,
1778337136491795,370259313,134,8.204082,45,445.395,64.215,255,8,1,
1778337136492795,370269261,133,8.142858,45,445.463,63.739,255,8,1,
1778337136492795,370279237,133,8.142858,46,455.362,65.155,255,8,1,
1778337136493796,370289183,133,8.142858,46,455.362,65.155,255,8,1,
1778337136494794,370299158,133,8.142858,46,455.362,65.155,255,8,1,
1778337136494794,370309104,133,8.142858,46,455.362,65.155,255,8,1,
1778337136495909,370319078,133,8.142858,46,455.362,65.155,255,8,1,
1778337136496910,370329018,133,8.142858,46,455.362,65.155,255,8,1,
1778337136496910,370338996,133,8.142858,46,455.362,65.155,255,8,1,
1778337136497910,370348940,133,8.142858,46,455.362,65.155,255,8,1,
1778337136498911,370358911,133,8.142858,46,455.362,65.155,255,8,1,
1778337136498911,370368850,133,8.142858,46,455.362,65.155,255,8,1,
1778337136499910,370378827,133,8.142858,46,455.362,65.155,255,8,1,
1778337136500910,370388774,133,8.142858,46,455.362,65.155,255,8,1,
1778337136507425,370398743,133,8.142858,47,465.261,66.572,255,8,1,
1778337136526111,370408687,133,8.142858,46,455.362,65.155,255,8,1,
1778337136527112,370418657,133,8.142858,47,465.261,66.572,255,8,1,
1778337136686887,370428597,133,8.142858,47,465.261,66.572,255,8,1,
1778337136687887,370438570,133,8.142858,46,455.362,65.155,255,8,1,
1778337136688886,370448516,133,8.142858,46,455.362,65.155,255,8,1,
1778337136688886,370458488,133,8.142858,46,455.362,65.155,255,8,1,
1778337136689887,370468428,133,8.142858,46,455.362,65.155,255,8,1,
1778337136690887,370478397,133,8.142858,46,455.362,65.155,255,8,1,
1778337136690887,370488340,133,8.142858,46,455.362,65.155,255,8,1,
1778337136691887,370498312,133,8.142858,46,455.362,65.155,255,8,1,
1778337136691887,370508256,133,8.142858,47,465.261,66.572,255,8,1,
1778337136692887,370518225,133,8.142858,47,465.261,66.572,255,8,1,
1778337136693887,370528170,133,8.142858,47,465.261,66.572,255,8,1,
1778337136693887,370538144,133,8.142858,46,455.362,65.155,255,8,1,
1778337136694887,370548089,133,8.142858,47,465.261,66.572,255,8,1,
1778337136695393,370558063,133,8.142858,47,465.261,66.572,255,8,1,
1778337136696398,370568009,133,8.142858,47,465.261,66.572,255,8,1,
1778337136696398,370577988,133,8.142858,46,455.362,65.155,255,8,1,
1778337136697398,370587935,133,8.142858,46,455.362,65.155,255,8,1,
1778337136709228,370597906,133,8.142858,47,465.261,66.572,255,8,1,
1778337136715737,370607854,133,8.142858,47,465.261,66.572,255,8,1,
1778337136725485,370617825,133,8.142858,47,465.261,66.572,255,8,1,
1778337136869175,370627776,132,8.081633,47,465.332,66.074,255,8,1,
1778337136870175,370637754,131,8.020409,47,465.403,65.577,255,8,1,
1778337136870175,370647701,129,7.897959,46,455.637,63.208,255,8,1,
1778337136871174,370657674,126,7.714286,46,455.837,61.747,255,8,1,
1778337136872175,370667620,121,7.408164,46,456.160,59.311,255,8,1,
1778337136872175,370677591,116,7.102041,46,456.471,56.873,255,8,1,
1778337136873176,370687532,111,6.795918,46,456.768,54.433,255,8,1,
1778337136873176,370697502,106,6.489796,45,447.116,50.862,255,8,1,
1778337136873176,370707445,100,6.122449,45,447.433,47.994,255,8,1,
1778337136874682,370717420,94,5.755102,45,447.732,45.124,255,8,1,
1778337136875689,370727365,88,5.387755,45,448.012,42.253,255,8,1,
1778337136875689,370737336,82,5.020408,46,458.235,40.255,255,8,1,
1778337136876688,370747282,76,4.653061,46,458.484,37.316,255,8,1,
1778337136876688,370757258,69,4.224490,46,458.750,33.886,255,8,1,
1778337136877688,370767207,63,3.857143,46,458.958,30.944,255,8,1,
1778337136883196,370777180,56,3.428571,46,459.177,27.510,255,8,1,
1778337136894502,370787127,50,3.061225,46,459.344,24.565,255,8,1,
1778337137077191,370797110,44,2.693878,46,459.492,21.620,255,8,1,
1778337137078191,370807065,37,2.265306,46,459.641,18.182,255,8,1,
1778337137079191,370817042,30,1.836735,46,459.764,14.744,255,8,1,
1778337137080191,370826992,24,1.469388,46,459.849,11.796,255,8,1,
1778337137080191,370836963,17,1.040816,46,459.924,8.356,255,8,1,
1778337137081192,370846910,10,0.612245,46,459.974,4.915,255,8,1,
1778337137082294,370856887,3,0.183673,46,459.998,1.475,255,8,1,
1778337137082294,370866832,5876,359.755096,46,459.996,-1.966,255,8,1,
1778337137083293,370876814,5869,359.326538,46,459.968,-5.407,255,8,1,
1778337137083293,370886766,5862,358.897949,46,459.915,-8.847,255,8,1,
1778337137083293,370896735,5855,358.469391,46,459.836,-12.287,255,8,1,
1778337137084797,370906680,5848,358.040802,47,469.725,-16.068,255,8,1,
1778337137085801,370916656,5841,357.612244,46,459.601,-19.165,255,8,1,
1778337137085801,370926604,5834,357.183685,46,459.444,-22.602,255,8,1,
1778337137086805,370936577,5827,356.755096,47,469.246,-26.604,255,8,1,
1778337137087806,370946523,5819,356.265320,47,469.002,-30.614,255,8,1,
1778337137088375,370956504,5812,355.836731,46,458.786,-33.395,255,8,1,
1778337137089180,370966453,5805,355.408173,47,468.491,-37.627,255,8,1,
1778337137089685,370976432,5797,354.918365,47,468.153,-41.630,255,8,1,
1778337137091444,370986382,5790,354.489807,47,467.828,-45.131,255,8,1,
1778337137101816,370996358,5782,354.000000,47,467.425,-49.128,255,8,1,
1778337137111482,371006305,5775,353.571442,47,467.045,-52.623,255,8,1,
1778337137292511,371016278,5767,353.081635,47,466.578,-56.614,255,8,1,
1778337137293513,371026223,5760,352.653076,47,466.141,-60.102,255,8,1,
1778337137293513,371036200,5752,352.163269,47,465.610,-64.085,255,8,1,
1778337137294511,371046150,5744,351.673492,47,465.046,-68.063,255,8,1,
1778337137294511,371056129,5737,351.244904,47,464.524,-71.539,255,8,1,
1778337137294511,371066073,5729,350.755127,48,473.765,-77.114,255,8,1,
1778337137295783,371076049,5721,350.265289,52,512.513,-87.925,255,8,1,
1778337137296782,371085999,5713,349.775513,49,482.219,-86.978,255,8,1,
1778337137296782,371095980,5705,349.285706,45,442.155,-83.660,255,8,1,
1778337137297799,371105922,5697,348.795929,44,431.614,-85.494,255,8,1,
1778337137297799,371115891,5689,348.306122,44,430.868,-89.180,255,8,1,
1778337137298786,371125846,5681,347.816345,44,430.090,-92.860,255,8,1,
1778337137298786,371135820,5673,347.326538,43,419.524,-94.340,255,8,1,
1778337137299787,371145768,5665,346.836731,43,418.702,-97.922,255,8,1,
1778337137299787,371155739,5656,346.285706,43,417.741,-101.945,255,8,1,
1778337137300786,371165685,5648,345.795929,43,416.854,-105.512,255,8,1,
1778337137300786,371175659,5640,345.306122,43,415.937,-109.071,255,8,1,
1778337137301785,371185603,5632,344.816345,43,414.989,-112.623,255,8,1,
1778337137301785,371195574,5623,344.265289,39,375.386,-105.762,255,8,1,
1778337137309794,371205516,5615,343.775513,39,374.468,-108.967,255,8,1,
1778337137325291,371215494,5606,343.224487,38,363.828,-109.677,255,8,1,
1778337137329296,371225440,5598,342.734680,38,362.877,-112.783,255,8,1,
1778337137575114,371235406,5589,342.183685,38,361.776,-116.267,255,8,1,
1778337137576119,371245354,5580,341.632660,39,370.132,-122.892,255,8,1,
1778337137577124,371255325,5572,341.142853,39,369.068,-126.052,255,8,1,
1778337137577124,371265277,5563,340.591827,39,367.838,-129.595,255,8,1,
1778337137578123,371275249,5554,340.040833,39,366.575,-133.127,255,8,1,
1778337137578123,371285197,5545,339.489777,38,355.912,-133.142,255,8,1,
1778337137579125,371295161,5536,338.938782,39,363.947,-140.152,255,8,1,
1778337137579125,371305113,5527,338.387756,40,371.879,-147.329,255,8,1,
1778337137580124,371315079,5518,337.836731,44,407.490,-165.989,255,8,1,
1778337137580124,371325025,5509,337.285736,48,442.772,-185.345,255,8,1,
1778337137581123,371335001,5500,336.734680,53,486.903,-209.344,255,8,1,
1778337137581123,371344937,5491,336.183685,56,512.313,-226.131,255,8,1,
1778337137582123,371354909,5482,335.632660,56,510.115,-231.048,255,8,1,
1778337137582123,371364851,5472,335.020416,57,516.681,-240.708,255,8,1,
1778337137582123,371374824,5463,334.469391,57,514.342,-245.666,255,8,1,
1778337137583159,371384768,5454,333.918365,57,511.956,-250.601,255,8,1,
1778337137583159,371394736,5444,333.306122,57,509.249,-256.057,255,8,1,
1778337137584665,371404677,5435,332.755096,58,515.654,-265.521,255,8,1,
1778337137584665,371414656,5426,332.204071,58,513.076,-270.468,255,8,1,
1778337137585671,371424598,5416,331.591858,58,510.157,-275.935,255,8,1,
1778337137585671,371434570,5406,330.979584,58,507.179,-281.370,255,8,1,
1778337137586672,371444515,5397,330.428589,59,513.147,-291.170,255,8,1,
1778337137587671,371454489,5387,329.816315,59,510.007,-296.637,255,8,1,
1778337137587671,371464436,5378,329.265289,59,507.130,-301.528,255,8,1,
1778337137588670,371474406,5368,328.653076,60,512.420,-312.131,255,8,1,
1778337137588670,371484352,5358,328.040802,60,509.055,-317.589,255,8,1,
1778337137596773,371494327,5348,327.428558,60,505.633,-323.010,255,8,1,
1778337137607809,371504272,5338,326.816345,60,502.152,-328.395,255,8,1,
1778337137616066,371514249,5328,326.204071,61,506.925,-339.304,255,8,1,
1778337137626579,371524194,5318,325.591827,61,503.270,-344.702,255,8,1,
1778337137800213,371534172,5309,325.040833,62,508.128,-355.255,255,8,1,
1778337137801212,371544115,5299,324.428558,62,504.302,-360.665,255,8,1,
1778337137802213,371554093,5289,323.816345,63,508.491,-371.937,255,8,1,
1778337137802213,371564039,5279,323.204071,64,512.495,-383.339,255,8,1,
1778337137803215,371574013,5269,322.591827,64,508.370,-388.793,255,8,1,
1778337137804689,371583961,5259,321.979614,64,504.187,-394.203,255,8,1,
1778337137804689,371593926,5249,321.367340,65,507.757,-405.811,255,8,1,
1778337137805693,371603879,5239,320.755096,66,511.136,-417.540,255,8,1,
1778337137806695,371613852,5230,320.204102,66,507.097,-422.436,255,8,1,
1778337137807701,371623798,5220,319.591827,67,510.169,-434.313,255,8,1,
1778337137808701,371633775,5210,318.979584,68,513.044,-446.303,255,8,1,
1778337137809700,371643722,5200,318.367340,69,515.719,-458.403,255,8,1,
1778337137810701,371653690,5190,317.755096,69,510.792,-463.888,255,8,1,
1778337137810701,371663637,5180,317.142853,70,513.136,-476.121,255,8,1,
1778337137811700,371673612,5170,316.530609,71,515.277,-488.457,255,8,1,
1778337137811700,371683559,5160,315.918365,72,517.212,-500.891,255,8,1,
1778337137812700,371693525,5151,315.367371,73,519.487,-512.868,255,8,1,
1778337137813701,371703481,5141,314.755096,73,513.977,-518.390,255,8,1,
1778337137813701,371713449,5131,314.142853,74,515.373,-531.028,255,8,1,
1778337137828487,371723397,5121,313.530609,75,516.556,-543.755,255,8,1,
1778337138023323,371733370,5111,312.918365,75,510.717,-549.243,255,8,1,
1778337138024829,371743316,5102,312.367340,77,518.889,-568.906,255,8,1,
1778337138025835,371753291,5092,311.755096,77,512.780,-574.419,255,8,1,
1778337138025835,371763244,5082,311.142853,79,519.772,-594.926,255,8,1,
1778337138026834,371773210,5072,310.530609,80,519.883,-608.047,255,8,1,
1778337138026834,371783153,5062,309.918365,81,519.773,-621.237,255,8,1,
1778337138027835,371793129,5052,309.306122,83,525.775,-642.231,255,8,1,
1778337138028835,371803071,5043,308.755096,84,525.834,-655.056,255,8,1,
1778337138028835,371813047,5033,308.142853,85,524.981,-668.502,255,8,1,
1778337138029834,371822997,5023,307.530609,87,529.991,-689.934,255,8,1,
1778337138029834,371832964,5013,306.918365,89,534.602,-711.548,255,8,1,
1778337138030835,371842906,5003,306.306122,91,538.810,-733.337,255,8,1,
1778337138031835,371852869,4994,305.755127,91,531.733,-738.485,255,8,1,
1778337138031835,371862807,4984,305.142853,93,535.324,-760.479,255,8,1,
1778337138032834,371872774,4974,304.530609,94,532.836,-774.394,255,8,1,
1778337138033447,371882713,4964,303.918365,93,518.950,-771.745,255,8,1,
1778337138033447,371892681,4954,303.306122,93,510.674,-777.246,255,8,1,
1778337138034965,371902625,4945,302.755096,92,497.765,-773.712,255,8,1,
1778337138034965,371912595,4935,302.142853,92,489.469,-778.986,255,8,1,
1778337138036447,371922539,4925,301.530609,92,481.118,-784.172,255,8,1,
1778337138037453,371932655,4915,300.918365,91,467.573,-780.689,255,8,1,
1778337138042452,371942452,4905,300.306122,91,459.204,-785.641,255,8,1,
1778337138059599,371952415,4896,299.755096,93,461.553,-807.384,255,8,1,
1778337138061601,371962369,4886,299.142853,81,394.461,-707.461,255,8,1,
1778337138072112,371972344,4876,298.530609,71,339.116,-623.779,255,8,1,
1778337138279931,371982289,4867,297.979584,73,342.485,-644.674,255,8,1,
1778337138280929,371992262,4857,297.367340,81,372.352,-719.343,255,8,1,
1778337138280929,372002205,4847,296.755096,81,364.644,-723.281,255,8,1,
1778337138282435,372012177,4838,296.204102,81,357.672,-726.754,255,8,1,
1778337138282435,372022126,4828,295.591827,82,354.205,-739.553,255,8,1,
1778337138283440,372032107,4818,294.979584,84,354.728,-761.425,255,8,1,
1778337138283440,372042061,4808,294.367340,86,354.823,-783.390,255,8,1,
1778337138283440,372052033,4799,293.816315,86,347.273,-786.766,255,8,1,
1778337138284946,372061988,4789,293.204102,86,338.847,-790.432,255,8,1,
1778337138285953,372071955,4779,292.591827,85,326.539,-784.775,255,8,1,
1778337138285953,372081909,4770,292.040802,85,318.977,-787.879,255,8,1,
1778337138286952,372091885,4760,291.428589,82,299.580,-763.316,255,8,1,
1778337138286952,372105818,4746,290.571442,75,263.531,-702.176,255,8,1,
1778337138287951,372115797,4737,290.020416,74,253.343,-695.282,255,8,1,
1778337138287951,372125748,4727,289.408173,82,272.482,-773.404,255,8,1,
1778337138288951,372135722,4717,288.795898,84,270.646,-795.205,255,8,1,
1778337138289951,372145672,4707,288.183685,85,265.255,-807.552,255,8,1,
1778337138289951,372155643,4698,287.632660,85,257.476,-810.065,255,8,1,
1778337138290950,372165595,4688,287.020416,83,242.951,-793.646,255,8,1,
1778337138290950,372175566,4678,286.408173,83,234.457,-796.197,255,8,1,
1778337138291951,372185513,4668,285.795929,83,225.936,-798.657,255,8,1,
1778337138292952,372195497,4659,285.244904,83,218.245,-800.793,255,8,1,
1778337138302992,372205448,4649,284.632660,83,209.675,-803.079,255,8,1,
1778337138315229,372215425,4639,284.020386,83,201.082,-805.274,255,8,1,
1778337138322744,372225368,4630,283.469391,83,193.328,-807.170,255,8,1,
1778337138332820,372235350,4620,282.857147,83,184.692,-809.190,255,8,1,
1778337138481208,372245298,4610,282.244904,84,178.156,-820.890,255,8,1,
1778337138481208,372255282,4600,281.632660,84,169.374,-822.747,255,8,1,
1778337138482713,372265228,4590,281.020416,84,160.573,-824.510,255,8,1,
1778337138482713,372275206,4581,280.469391,84,152.637,-826.016,255,8,1,
1778337138483718,372285163,4571,279.857147,83,142.090,-817.747,255,8,1,
1778337138483718,372295140,4561,279.244873,83,133.343,-819.219,255,8,1,
1778337138484717,372305097,4552,278.693878,81,122.436,-800.693,255,8,1,
1778337138485220,372315081,4542,278.081635,71,99.815,-702.949,255,8,1,
1778337138485220,372325036,4532,277.469391,70,90.998,-694.060,255,8,1,
1778337138486224,372335014,4522,276.857147,74,88.352,-734.707,255,8,1,
1778337138486224,372345117,4512,276.244904,82,89.198,-815.134,255,8,1,
1778337138487225,372354949,4503,275.693878,85,84.331,-845.806,255,8,1,
1778337138488225,372364904,4493,275.081635,80,70.860,-796.856,255,8,1,
1778337138488225,372374885,4484,274.530609,72,56.874,-717.750,255,8,1,
1778337138489225,372384833,4474,273.918365,69,47.151,-688.387,255,8,1,
1778337138491226,372394812,4464,273.306122,69,39.793,-688.852,255,8,1,
1778337138500735,372404768,4455,272.755096,67,32.205,-669.226,255,8,1,
1778337138685499,372414747,4445,272.142853,67,25.052,-669.531,255,8,1,
1778337138686495,372424698,4435,271.530609,67,17.896,-669.761,255,8,1,
1778337138686495,372434673,4426,270.979584,72,12.309,-719.895,255,8,1,
1778337138687495,372444622,4416,270.367371,89,5.706,-889.982,255,8,1,
1778337138687495,372454576,4406,269.755096,100,-4.274,-999.991,255,8,1,
1778337138688494,372464523,4397,269.204102,104,-14.446,-1039.900,255,8,1,
1778337138689495,372474505,4387,268.591827,112,-27.524,-1119.662,255,8,1,
1778337138689495,372484449,4378,268.040802,121,-41.367,-1209.293,255,8,1,
1778337138690496,372494436,4368,267.428589,121,-54.286,-1208.782,255,8,1,
1778337138690496,372504378,4358,266.816315,126,-69.977,-1258.055,255,8,1,
1778337138691495,372514366,4349,266.265320,132,-85.980,-1317.197,255,8,1,
1778337138692495,372524310,4339,265.653076,136,-103.082,-1356.088,255,8,1,
1778337138692495,372534302,4330,265.102051,137,-116.972,-1364.997,255,8,1,
1778337138693497,372544241,4320,264.489807,137,-131.551,-1363.669,255,8,1,
1778337138693497,372554223,4310,263.877533,137,-146.116,-1362.186,255,8,1,
1778337138694496,372564163,4301,263.326538,136,-158.047,-1350.785,255,8,1,
1778337138694496,372574149,4291,262.714294,137,-173.739,-1358.939,255,8,1,
1778337138695536,372584101,4282,262.163269,153,-208.617,-1515.711,255,8,1,
1778337138695536,372594080,4272,261.551025,163,-239.494,-1612.310,255,8,1,
1778337138699536,372604035,4263,261.000000,174,-272.196,-1718.578,255,8,1,
1778337138709053,372614014,4254,260.448975,181,-300.326,-1784.910,255,8,1,
1778337138721564,372623967,4244,259.836731,185,-326.439,-1820.972,255,8,1,
1778337138878124,372633944,4234,259.224487,191,-357.096,-1876.321,255,8,1,
1778337138878124,372643889,4225,258.673462,207,-406.549,-2029.684,255,8,1,
1778337138879124,372653859,4216,258.122437,228,-469.272,-2231.184,255,8,1,
1778337138880124,372663816,4206,257.510193,245,-529.852,-2392.020,255,8,1,
1778337138880124,372673786,4197,256.959198,255,-575.394,-2484.235,255,8,1,
1778337138881124,372683741,4187,256.346924,264,-623.152,-2565.401,255,8,1,
1778337138882629,372693710,4178,255.795929,267,-655.155,-2588.373,255,8,1,
1778337138883250,372703672,4168,255.183670,268,-685.333,-2590.891,255,8,1,
1778337138884767,372713642,4159,254.632660,272,-720.818,-2622.751,255,8,1,
1778337138884767,372723597,4149,254.020401,274,-754.308,-2634.126,255,8,1,
1778337138885773,372733563,4140,253.469391,276,-785.296,-2645.923,244,8,1,
1778337138886774,372743517,4130,252.857147,277,-816.472,-2646.937,240,8,1,
1778337138886774,372753484,4121,252.306137,279,-847.968,-2658.016,243,8,1,
1778337138887780,372763440,4111,251.693878,281,-882.604,-2667.791,238,8,1,
1778337138888779,372773404,4102,251.142853,281,-908.219,-2659.180,232,8,1,
1778337138889779,372783359,4092,250.530624,280,-933.248,-2639.895,231,8,1,
1778337138890780,372793327,4083,249.979584,281,-962.017,-2640.194,236,8,1,
1778337138896839,372803279,4074,249.428574,278,-976.822,-2602.733,225,8,1,
1778337138906987,372813245,4064,248.816315,273,-986.510,-2545.525,247,8,1,
1778337138920498,372823203,4055,248.265305,263,-973.914,-2443.029,255,8,1,
1778337138927022,372833177,4045,247.653061,168,-638.760,-1553.830,255,8,1,
1778337139067567,372843115,4036,247.102051,121,-470.800,-1114.651,255,8,1,
1778337139068572,372853090,4026,246.489792,116,-462.738,-1063.707,255,8,1,
1778337139069568,372863030,4017,245.938782,113,-460.715,-1031.815,255,8,1,
1778337139069568,372873005,4008,245.387756,111,-462.287,-1009.153,255,8,1,
1778337139070567,372882948,3998,244.775513,109,-464.521,-986.063,255,8,1,
1778337139071566,372892920,3989,244.224487,108,-469.634,-972.545,255,8,1,
1778337139071566,372902868,3979,243.612228,108,-480.000,-967.471,255,8,1,
1778337139072567,372912844,3970,243.061218,106,-480.221,-944.981,255,8,1,
1778337139072567,372922792,3961,242.510208,104,-480.054,-922.577,255,8,1,
1778337139073567,372932766,3951,241.897964,100,-471.043,-882.110,255,8,1,
1778337139074568,372942707,3942,241.346954,101,-484.300,-886.315,255,8,1,
1778337139074568,372952680,3932,240.734695,102,-498.631,-889.813,255,8,1,
1778337139075940,372962625,3923,240.183670,102,-507.166,-884.976,255,8,1,
1778337139076940,372972604,3914,239.632645,101,-510.598,-871.430,255,8,1,
1778337139076940,372982553,3904,239.020401,101,-519.880,-865.924,255,8,1,
1778337139088612,372992527,3895,238.469391,100,-522.954,-852.361,255,8,1,
1778337139095118,373002478,3885,237.857132,99,-526.712,-838.257,255,8,1,
1778337139233064,373012471,3876,237.306122,98,-529.347,-824.737,255,8,1,
1778337139233064,373022427,3866,236.693878,97,-532.639,-810.676,255,8,1,
1778337139234568,373032397,3857,236.142868,96,-534.839,-797.212,255,8,1,
1778337139235575,373042350,3848,235.591827,95,-536.830,-783.781,255,8,1,
1778337139235575,373052322,3838,234.979599,93,-533.697,-761.621,255,8,1,
1778337139236574,373062277,3829,234.428558,91,-529.363,-740.186,255,8,1,
1778337139237574,373072263,3819,233.816330,91,-537.242,-734.487,255,8,1,
1778337139237574,373082204,3810,233.265305,91,-544.281,-729.286,255,8,1,
1778337139238576,373092189,3800,232.653076,90,-545.976,-715.479,255,8,1,
1778337139239574,373102139,3791,232.102036,90,-552.831,-710.195,255,8,1,
1778337139239574,373112117,3782,231.551025,90,-559.636,-704.846,255,8,1,
1778337139240575,373122069,3772,230.938782,90,-567.135,-698.826,255,8,1,
1778337139241574,373132037,3763,230.387756,89,-567.454,-685.636,255,8,1,
1778337139241574,373141985,3753,229.775513,89,-574.748,-679.533,255,8,1,
1778337139243574,373151972,3744,229.224472,89,-581.257,-673.974,255,8,1,
1778337139258827,373161929,3734,228.612244,88,-581.813,-660.222,255,8,1,
1778337139263827,373171901,3725,228.061218,86,-574.769,-639.719,255,8,1,
1778337139420989,373181858,3716,227.510208,86,-580.895,-634.162,255,8,1,
1778337139421990,373191839,3706,226.897949,86,-587.638,-627.919,255,8,1,
1778337139422992,373201792,3696,226.285721,85,-587.403,-614.376,255,8,1,
1778337139422992,373211775,3687,225.734695,84,-586.305,-601.537,255,8,1,
1778337139422992,373221727,3678,225.183685,82,-577.966,-581.683,255,8,1,
1778337139424495,373231703,3668,224.571426,80,-569.901,-561.438,255,8,1,
1778337139424495,373241654,3658,223.959167,80,-575.868,-555.316,255,8,1,
1778337139425499,373251633,3649,223.408157,80,-581.181,-549.753,255,8,1,
1778337139425499,373261585,3639,222.795914,80,-587.023,-543.511,255,8,1,
1778337139426501,373271564,3630,222.244904,79,-584.820,-531.118,255,8,1,
1778337139427501,373281516,3620,221.632645,79,-590.462,-524.838,255,8,1,
1778337139428500,373291490,3611,221.081635,78,-587.944,-512.564,255,8,1,
1778337139428500,373301446,3602,220.530609,78,-592.846,-506.886,255,8,1,
1778337139429499,373311425,3592,219.918365,78,-598.228,-500.522,255,8,1,
1778337139429499,373321380,3583,219.367340,78,-603.014,-494.746,255,8,1,
1778337139430500,373331364,3573,218.755112,78,-608.266,-488.275,255,8,1,
1778337139431499,373341322,3564,218.204071,78,-612.934,-482.402,255,8,1,
1778337139443012,373351304,3554,217.591843,78,-618.054,-475.825,255,8,1,
1778337139451529,373361256,3545,217.040817,78,-622.601,-469.859,255,8,1,
1778337139460892,373371234,3535,216.428558,78,-627.586,-463.180,255,8,1,
1778337139657974,373381192,3526,215.877548,77,-623.909,-451.262,255,8,1,
1778337139658973,373391169,3516,215.265305,77,-628.695,-444.570,255,8,1,
1778337139659973,373401123,3507,214.714279,77,-632.942,-438.503,255,8,1,
1778337139660973,373411102,3497,214.102036,77,-637.591,-431.715,255,8,1,
1778337139661973,373421059,3488,213.551025,77,-641.713,-425.563,255,8,1,
1778337139662976,373431039,3478,212.938766,77,-646.224,-418.682,255,8,1,
1778337139662976,373440994,3469,212.387756,78,-658.665,-417.804,255,8,1,
1778337139664481,373450978,3460,211.836731,78,-662.653,-411.450,255,8,1,
1778337139665487,373460926,3450,211.224503,78,-667.011,-404.346,255,8,1,
1778337139666486,373470905,3441,210.673462,78,-670.869,-397.913,255,8,1,
1778337139667486,373480864,3431,210.061234,79,-683.738,-395.731,255,8,1,
1778337139671485,373490846,3422,209.510193,81,-704.917,-398.988,255,8,1,
1778337139672485,373500808,3412,208.897964,96,-840.462,-463.921,255,8,1,
1778337139673485,373510767,3403,208.346939,155,-1364.137,-735.955,255,8,1,
1778337139673485,373520719,3394,207.795929,207,-1831.151,-965.290,255,8,1,
1778337139674485,373530705,3384,207.183670,212,-1885.839,-968.510,255,8,1,
1778337139674988,373540657,3375,206.632660,212,-1895.066,-950.330,255,8,1,
1778337139675991,373550641,3366,206.081635,212,-1904.117,-932.061,255,8,1,
1778337139675991,373560593,3356,205.469376,211,-1904.940,-907.360,255,8,1,
1778337139676994,373570574,3347,204.918365,211,-1913.578,-888.999,255,8,1,
1778337139676994,373580531,3338,204.367355,212,-1931.148,-874.681,255,8,1,
1778337139678995,373590512,3328,203.755096,211,-1931.232,-849.967,255,8,1,
1778337139689079,373600471,3319,203.204086,211,-1939.316,-831.356,255,8,1,
1778337139876866,373610453,3310,202.653061,211,-1947.222,-812.667,255,8,1,
1778337139877866,373620409,3300,202.040802,211,-1955.795,-791.813,255,8,1,
1778337139878865,373630389,3291,201.489792,212,-1972.624,-776.631,255,8,1,
1778337139879865,373640349,3282,200.938782,213,-1989.341,-761.199,255,8,1,
1778337139880866,373650335,3273,200.387756,216,-2024.690,-752.483,255,8,1,
1778337139881866,373660291,3263,199.775513,223,-2098.487,-754.489,255,8,1,
1778337139883370,373670265,3254,199.224487,233,-2200.069,-767.200,255,8,1,
1778337139883370,373680231,3245,198.673477,246,-2330.502,-787.629,255,8,1,
1778337139885011,373690203,3236,198.122437,254,-2414.001,-790.063,255,8,1,
1778337139886015,373700164,3226,197.510208,254,-2422.305,-764.224,255,8,0,unstable_angle_bin
1778337139887024,373710136,3217,196.959183,253,-2419.977,-737.977,255,8,0,unstable_angle_bin
1778337139888019,373720101,3208,196.408173,250,-2398.184,-706.196,255,8,0,unstable_angle_bin
1778337139888019,373730081,3198,195.795914,204,-1962.964,-555.312,255,8,0,unstable_angle_bin
1778337139889018,373740025,3189,195.244904,137,-1321.791,-360.235,255,8,1,
1778337139890020,373750006,3180,194.693878,106,-1025.333,-268.874,255,8,1,
1778337139891020,373759984,3171,194.142853,93,-901.811,-227.237,255,8,1,
1778337139892019,373769964,3162,193.591843,89,-865.075,-209.153,255,8,1,
1778337139892019,373779909,3152,192.979599,87,-847.772,-195.406,255,8,1,
1778337139893019,373789891,3143,192.428558,86,-839.846,-185.091,255,8,1,
1778337139893019,373799848,3134,191.877548,86,-841.587,-177.006,255,8,1,
1778337139896529,373809832,3124,191.265305,86,-843.430,-168.003,255,8,1,
1778337139909860,373819785,3115,190.714294,86,-845.007,-159.884,255,8,1,
1778337140089841,373829769,3106,190.163254,86,-846.506,-151.750,255,8,1,
1778337140090841,373839728,3097,189.612244,86,-847.926,-143.602,255,8,1,
1778337140091841,373849710,3087,188.999985,86,-849.412,-134.533,255,8,1,
1778337140091841,373859656,3078,188.448975,85,-840.775,-124.889,255,8,1,
1778337140092841,373869645,3069,187.897964,85,-841.937,-116.798,255,8,1,
1778337140093841,373879597,3060,187.346939,81,-803.350,-103.581,255,8,1,
1778337140093841,373889580,3050,186.734680,74,-734.894,-86.781,255,8,1,
1778337140094841,373899538,3041,186.183670,71,-705.869,-76.478,255,8,1,
1778337140094841,373909516,3032,185.632660,71,-706.572,-69.687,255,8,1,
1778337140095952,373919464,3023,185.081635,70,-697.249,-62.003,255,8,1,
1778337140095952,373929438,3013,184.469391,70,-697.871,-54.549,255,8,1,
1778337140095952,373939394,3004,183.918365,70,-698.364,-47.835,255,8,1,
1778337140096950,373949369,2995,183.367355,64,-638.895,-37.592,255,8,1,
1778337140097554,373963303,2982,182.571426,60,-599.396,-26.919,255,8,1,
1778337140098559,373973276,2972,181.959198,59,-589.655,-20.171,255,8,1,
1778337140098559,373983231,2963,181.408157,59,-589.822,-14.499,255,8,1,
1778337140099559,373993208,2954,180.857147,59,-589.934,-8.826,255,8,1,
1778337140099559,374003155,2945,180.306122,59,-589.992,-3.152,255,8,1,
1778337140100558,374013132,2936,179.755096,59,-589.995,2.522,255,8,1,
1778337140108608,374023083,2926,179.142853,59,-589.934,8.826,255,8,1,
1778337140120690,374033060,2917,178.591843,60,-599.819,14.745,255,8,1,
1778337140285742,374043013,2908,178.040817,59,-589.655,20.171,255,8,1,
1778337140286741,374052988,2898,177.428574,59,-589.406,26.470,255,8,1,
1778337140287743,374062944,2889,176.877548,59,-589.124,32.137,255,8,1,
1778337140287743,374072919,2880,176.326538,59,-588.788,37.801,255,8,1,
1778337140288741,374082873,2870,175.714279,59,-588.350,44.091,255,8,1,
1778337140288741,374092856,2861,175.163269,59,-587.899,49.747,255,8,1,
1778337140289741,374102810,2852,174.612244,57,-567.482,53.520,255,8,1,
1778337140289741,374112787,2843,174.061218,52,-517.209,53.802,255,8,1,
1778337140290741,374122742,2833,173.448990,53,-526.539,60.467,255,8,1,
1778337140290741,374132722,2824,172.897964,56,-555.703,69.237,255,8,1,
1778337140291742,374142681,2815,172.346939,57,-564.923,75.909,255,8,1,
1778337140291742,374152659,2806,171.795914,57,-564.167,81.339,255,8,1,
1778337140292741,374162622,2796,171.183670,55,-543.502,84.297,255,8,1,
1778337140292741,374172603,2787,170.632660,55,-542.666,89.520,255,8,1,
1778337140293741,374182555,2778,170.081635,55,-541.780,94.735,255,8,1,
1778337140293741,374192544,2769,169.530609,54,-531.010,98.124,255,8,1,
1778337140294742,374202496,2760,168.979599,55,-539.858,105.137,255,8,1,
1778337140296731,374212473,2750,168.367340,55,-538.703,110.900,255,8,1,
1778337140306210,374222442,2741,167.816330,54,-527.837,113.965,255,8,1,
1778337140320542,374232421,2732,167.265305,54,-526.717,119.036,255,8,1,
1778337140326674,374242381,2723,166.714294,54,-525.548,124.096,255,8,1,
1778337140462898,374252362,2714,166.163269,54,-524.330,129.144,255,8,1,
1778337140462898,374262314,2704,165.551010,54,-522.920,134.740,255,8,1,
1778337140463898,374272291,2695,165.000000,53,-511.941,137.174,255,8,1,
1778337140464898,374282246,2686,164.448975,53,-510.598,142.091,255,8,1,
1778337140464898,374292223,2677,163.897964,53,-509.208,146.995,255,8,1,
1778337140466013,374302176,2668,163.346939,53,-507.771,151.885,255,8,1,
1778337140466013,374312150,2658,162.734695,52,-496.569,154.334,255,8,1,
1778337140467018,374322107,2649,162.183670,48,-456.980,146.864,255,8,1,
1778337140467018,374332085,2640,161.632645,44,-417.585,138.648,255,8,1,
1778337140468018,374342047,2631,161.081635,43,-406.772,139.415,255,8,1,
1778337140468018,374352025,2622,160.530624,43,-405.413,143.320,255,8,1,
1778337140470018,374361985,2613,159.979599,42,-394.620,143.789,255,8,1,
1778337140471018,374371963,2604,159.428574,42,-393.219,147.577,255,8,1,
1778337140471018,374381915,2594,158.816330,42,-391.619,151.771,255,8,1,
1778337140474523,374391895,2585,158.265305,42,-390.142,155.530,255,8,1,
1778337140486571,374401849,2576,157.714294,41,-379.375,155.482,255,8,1,
1778337140495065,374411824,2567,157.163269,41,-377.862,159.124,255,8,1,
1778337140508023,374421781,2558,156.612244,41,-376.314,162.750,255,8,1,
1778337140514530,374431763,2549,156.061218,41,-374.732,166.362,255,8,1,
1778337140524536,374441713,2540,155.510208,41,-373.114,169.958,255,8,1,
1778337140697502,374451690,2530,154.897949,40,-362.221,169.693,255,8,1,
1778337140698502,374461641,2521,154.346939,40,-360.573,173.168,255,8,1,
1778337140698502,374471618,2512,153.795929,40,-358.891,176.628,255,8,1,
1778337140699502,374481571,2503,153.244904,40,-357.176,180.071,255,8,1,
1778337140700502,374491553,2494,152.693878,40,-355.427,183.498,255,8,1,
1778337140700502,374501504,2485,152.142853,40,-353.646,186.907,255,8,1,
1778337140701502,374511479,2476,151.591827,39,-343.036,185.542,255,8,1,
1778337140701502,374521431,2467,151.040817,39,-341.236,188.833,255,8,1,
1778337140702502,374531413,2458,150.489807,39,-339.405,192.106,255,8,1,
1778337140702502,374541365,2448,149.877548,39,-337.332,195.721,255,8,1,
1778337140703504,374551345,2439,149.326523,39,-335.435,198.956,255,8,1,
1778337140703504,374561301,2430,148.775513,38,-324.954,196.989,255,8,1,
1778337140704503,374571279,2421,148.224487,38,-323.045,200.105,255,8,1,
1778337140705733,374581234,2412,147.673477,38,-321.105,203.203,255,8,1,
1778337140705733,374591214,2403,147.122452,38,-319.136,206.281,255,8,1,
1778337140706733,374601166,2394,146.571426,38,-317.138,209.341,255,8,1,
1778337140707732,374611149,2385,146.020401,38,-315.110,212.381,255,8,1,
1778337140707732,374621108,2376,145.469391,38,-313.053,215.402,255,8,1,
1778337140712733,374631090,2367,144.918365,38,-310.967,218.402,255,8,1,
1778337140721964,374641042,2358,144.367340,38,-308.852,221.383,255,8,1,
1778337140864814,374651020,2349,143.816330,37,-298.638,218.439,255,8,1,
1778337140865820,374660978,2340,143.265305,37,-296.523,221.301,255,8,1,
1778337140866825,374670957,2331,142.714294,37,-294.381,224.142,255,8,1,
1778337140866825,374680911,2322,142.163269,37,-292.212,226.963,255,8,1,
1778337140867824,374690891,2313,141.612244,37,-290.016,229.763,255,8,1,
1778337140868825,374700840,2304,141.061218,37,-287.793,232.541,255,8,1,
1778337140868825,374710820,2295,140.510208,37,-285.543,235.298,255,8,1,
1778337140869829,374720772,2286,139.959183,37,-283.267,238.033,255,8,1,
1778337140869829,374730747,2277,139.408173,37,-280.965,240.746,255,8,1,
1778337140870823,374740701,2268,138.857147,37,-278.636,243.437,255,8,1,
1778337140871824,374750678,2259,138.306122,37,-276.282,246.106,255,8,1,
1778337140871824,374760625,2250,137.755096,37,-273.903,248.751,255,8,1,
1778337140872824,374770602,2241,137.204071,36,-264.160,244.580,255,8,1,
1778337140872824,374780544,2232,136.653061,36,-261.796,247.109,255,8,1,
1778337140873824,374790517,2223,136.102051,36,-259.407,249.615,255,8,1,
1778337140883835,374800457,2214,135.551025,36,-256.995,252.099,255,8,1,
1778337140890348,374810437,2205,135.000000,36,-254.558,254.558,255,8,1,
1778337140905369,374820380,2196,134.448975,36,-252.099,256.995,255,8,1,
1778337140910381,374830354,2187,133.897949,36,-249.615,259.407,255,8,1,
1778337141078544,374840302,2178,133.346939,36,-247.109,261.796,255,8,1,
1778337141079543,374850275,2169,132.795929,36,-244.580,264.160,255,8,1,
1778337141079543,374860223,2160,132.244904,36,-242.028,266.500,255,8,1,
1778337141080544,374870193,2151,131.693878,36,-239.454,268.815,255,8,1,
1778337141081546,374880143,2142,131.142853,36,-236.858,271.106,255,8,1,
1778337141082544,374890114,2134,130.653061,36,-234.532,273.121,255,8,1,
1778337141082544,374900055,2125,130.102036,36,-231.894,275.363,255,8,1,
1778337141082544,374910031,2116,129.551010,35,-222.868,269.870,255,8,1,
1778337141084052,374919982,2107,129.000000,35,-220.262,272.001,255,8,1,
1778337141085058,374929951,2098,128.448990,35,-217.636,274.107,255,8,1,
1778337141085563,374939900,2089,127.897964,35,-214.990,276.187,255,8,1,
1778337141086568,374949878,2080,127.346939,35,-212.324,278.242,255,8,1,
1778337141090571,374959820,2071,126.795914,35,-209.638,280.271,255,8,1,
1778337141091570,374969793,2062,126.244896,35,-206.933,282.274,255,8,1,
1778337141092569,374979740,2053,125.693886,35,-204.209,284.251,255,8,1,
1778337141097089,374989719,2044,125.142860,35,-201.466,286.202,255,8,1,
1778337141099089,374999668,2035,124.591835,35,-198.704,288.126,255,8,1,
1778337141100544,375009640,2026,124.040817,35,-195.924,290.024,255,8,1,
1778337141101549,375019585,2018,123.551025,35,-193.438,291.688,255,8,1,
1778337141108069,375029557,2009,123.000000,35,-190.624,293.535,255,8,1,
1778337141123419,375039503,2000,122.448975,35,-187.792,295.354,255,8,1,
1778337141128933,375049475,1991,121.897957,35,-184.943,297.147,255,8,1,
1778337141138151,375059424,1982,121.346931,35,-182.077,298.912,255,8,1,
1778337141295904,375069397,1973,120.795921,35,-179.194,300.649,255,8,1,
1778337141296905,375079351,1964,120.244904,34,-171.257,293.719,255,8,1,
1778337141297904,375089329,1956,119.755104,34,-168.740,295.173,255,8,1,
1778337141297904,375099275,1947,119.204086,34,-165.893,296.782,255,8,1,
1778337141299195,375109251,1938,118.653061,34,-163.032,298.363,255,8,1,
1778337141300204,375119200,1929,118.102043,34,-160.155,299.917,255,8,1,
1778337141301202,375129177,1920,117.551018,34,-157.263,301.444,255,8,1,
1778337141302202,375139124,1911,116.999992,34,-154.357,302.942,255,8,1,
1778337141302202,375149100,1903,116.510201,34,-151.761,304.251,255,8,1,
1778337141303202,375159045,1894,115.959183,34,-148.828,305.696,255,8,1,
1778337141303202,375169008,1885,115.408157,34,-145.882,307.113,255,8,1,
1778337141304707,375178955,1876,114.857147,34,-142.921,308.502,255,8,1,
1778337141305713,375188926,1867,114.306122,34,-139.948,309.862,255,8,1,
1778337141306712,375198868,1858,113.755104,34,-136.962,311.194,255,8,1,
1778337141306712,375208841,1850,113.265312,34,-134.296,312.353,255,8,1,
1778337141307711,375218793,1841,112.714287,34,-131.286,313.630,255,8,1,
1778337141308712,375228764,1832,112.163261,34,-128.264,314.878,255,8,1,
1778337141324471,375238706,1823,111.612244,34,-125.230,316.097,255,8,1,
1778337141326478,375248678,1814,111.061218,34,-122.184,317.287,255,8,1,
1778337141464835,375258623,1806,110.571426,34,-119.467,318.320,255,8,1,
1778337141465841,375268593,1797,110.020409,34,-116.401,319.454,255,8,1,
1778337141466846,375278538,1788,109.469383,34,-113.323,320.559,255,8,1,
1778337141466846,375288504,1779,108.918373,34,-110.235,321.634,255,8,1,
1778337141467841,375298447,1770,108.367348,34,-107.137,322.679,255,8,1,
1778337141467841,375308419,1762,107.877556,34,-104.375,323.583,255,8,1,
1778337141468840,375318366,1753,107.326530,34,-101.258,324.572,255,8,1,
1778337141469840,375328338,1744,106.775513,34,-98.132,325.531,255,8,1,
1778337141470840,375338278,1735,106.224487,34,-94.997,326.459,255,8,1,
1778337141470840,375348244,1726,105.673470,34,-91.853,327.358,255,8,1,
1778337141471840,375358184,1718,105.183678,34,-89.051,328.131,255,8,1,
1778337141472841,375368159,1709,104.632652,34,-85.891,328.972,255,8,1,
1778337141472841,375378103,1700,104.081627,34,-82.723,329.783,255,8,1,
1778337141473840,375388076,1691,103.530609,34,-79.548,330.563,255,8,1,
1778337141474843,375398022,1683,103.040817,34,-76.719,331.231,255,8,1,
1778337141484857,375407999,1674,102.489792,34,-73.530,331.954,255,8,1,
1778337141494863,375417946,1665,101.938782,34,-70.335,332.646,255,8,1,
1778337141507459,375427921,1656,101.387756,34,-67.132,333.307,255,8,1,
1778337141514459,375437868,1648,100.897957,34,-64.281,333.868,255,8,1,
1778337141666198,375447845,1639,100.346947,34,-61.067,334.471,255,8,1,
1778337141666198,375457791,1630,99.795921,34,-57.847,335.043,255,8,1,
1778337141667200,375467759,1621,99.244896,34,-54.623,335.584,255,8,1,
1778337141667200,375477711,1613,98.755104,34,-51.752,336.038,255,8,1,
1778337141668200,375487688,1604,98.204086,34,-48.518,336.520,255,8,1,
1778337141668200,375497638,1595,97.653061,34,-45.279,336.971,255,8,1,
1778337141669200,375507608,1586,97.102036,34,-42.036,337.391,255,8,1,
1778337141669200,375517559,1578,96.612244,34,-39.151,337.738,255,8,1,
1778337141670200,375527536,1569,96.061226,33,-34.845,328.155,255,8,1,
1778337141670200,375537484,1560,95.510201,33,-31.688,328.475,255,8,1,
1778337141671200,375547455,1552,95.020409,33,-28.878,328.734,255,8,1,
1778337141672200,375557407,1543,94.469383,34,-26.495,338.966,255,8,1,
1778337141672200,375567378,1534,93.918365,34,-23.234,339.205,255,8,1,
1778337141673202,375577330,1526,93.428574,34,-20.333,339.391,255,8,1,
1778337141673202,375587306,1517,92.877548,34,-17.069,339.571,255,8,1,
1778337141673202,375597249,1508,92.326523,34,-13.802,339.720,255,8,1,
1778337141682713,375607222,1500,91.836731,34,-10.898,339.825,255,8,1,
1778337141693748,375617166,1491,91.285713,34,-7.629,339.914,255,8,1,
1778337141703256,375627134,1482,90.734688,34,-4.360,339.972,255,8,1,
1778337141713764,375637079,1474,90.244896,34,-1.453,339.997,255,8,1,
1778337141963433,375647054,1465,89.693878,34,1.817,339.995,255,8,1,
1778337141963433,375657000,1456,89.142860,34,5.086,339.962,255,8,1,
1778337141964938,375666978,1448,88.653061,34,7.992,339.906,255,8,1,
1778337141965942,375676922,1439,88.102043,34,11.261,339.813,255,8,1,
1778337141965942,375686886,1430,87.551018,34,14.528,339.689,255,8,1,
1778337141966942,375696835,1422,87.061226,34,17.431,339.553,255,8,1,
1778337141967942,375706811,1413,86.510208,34,20.696,339.370,255,8,1,
1778337141968942,375716755,1405,86.020409,34,23.596,339.180,255,8,1,
1778337141969942,375726730,1396,85.469391,34,26.857,338.938,255,8,1,
1778337141970943,375736686,1388,84.979591,34,29.754,338.696,255,8,1,
1778337141971942,375746662,1379,84.428566,34,33.009,338.394,255,8,1,
1778337141972942,375756609,1371,83.938774,34,35.901,338.099,255,8,1,
1778337141972942,375766585,1362,83.387756,34,39.151,337.738,255,8,1,
1778337141973943,375776537,1354,82.897964,34,42.036,337.391,255,8,1,
1778337141974942,375786514,1345,82.346939,34,45.279,336.971,255,8,1,
1778337141974942,375796461,1337,81.857140,34,48.158,336.572,255,8,1,
1778337141976080,375806436,1328,81.306122,34,51.393,336.093,255,8,1,
1778337141976080,375816383,1320,80.816322,34,54.264,335.642,255,8,1,
1778337141977081,375826354,1311,80.265312,34,57.489,335.104,255,8,1,
1778337141977081,375836299,1303,79.775513,34,60.352,334.601,255,8,1,
1778337141978081,375846277,1294,79.224487,34,63.567,334.005,255,8,1,
1778337141978081,375856228,1286,78.734695,34,66.420,333.449,255,8,1,
1778337141979082,375866202,1277,78.183670,35,71.671,342.583,255,8,1,
1778337141979082,375876153,1269,77.693878,35,74.597,341.958,255,8,1,
1778337141980081,375886126,1260,77.142860,35,77.882,341.225,255,8,1,
1778337141981081,375896074,1252,76.653061,35,80.796,340.547,255,8,1,
1778337141981081,375906058,1243,76.102043,35,84.068,339.754,255,8,1,
1778337141992590,375916006,1235,75.612244,35,86.969,339.023,255,8,1,
1778337141999731,375925982,1227,75.122444,35,89.864,338.267,255,8,1,
1778337142009241,375935929,1218,74.571426,35,93.113,337.387,255,8,1,
1778337142174959,375945903,1210,74.081635,35,95.994,336.579,255,8,1,
1778337142175963,375955860,1201,73.530617,35,99.226,335.640,255,8,1,
1778337142175963,375965840,1193,73.040817,35,102.092,334.779,255,8,1,
1778337142176963,375975790,1184,72.489792,35,105.306,333.782,255,8,1,
1778337142176963,375985770,1176,72.000000,35,108.156,332.870,255,8,1,
1778337142177964,375995713,1168,71.510201,35,110.998,331.933,255,8,1,
1778337142178467,376005689,1159,70.959183,36,117.447,340.303,255,8,1,
1778337142178467,376015634,1151,70.469391,36,120.352,339.287,255,8,1,
1778337142179472,376025607,1142,69.918365,35,120.176,328.722,255,8,1,
1778337142179472,376035558,1134,69.428574,36,126.495,337.045,255,8,1,
1778337142180472,376045536,1126,68.938774,36,129.372,335.951,255,8,1,
1778337142180472,376055488,1117,68.387756,36,132.596,334.691,255,8,1,
1778337142181472,376065468,1109,67.897957,36,135.453,333.545,255,8,1,
1778337142181472,376075417,1100,67.346939,36,138.654,332.227,255,8,1,
1778337142182472,376085396,1092,66.857147,36,141.489,331.030,255,8,1,
1778337142182472,376095347,1084,66.367348,36,144.314,329.808,255,8,1,
1778337142183472,376105329,1075,65.816330,36,147.479,328.405,255,8,1,
1778337142196325,376115275,1067,65.326530,36,150.281,327.133,255,8,1,
1778337142197308,376125242,1059,64.836731,36,153.072,325.836,255,8,1,
1778337142210665,376135198,1050,64.285713,36,156.198,324.349,255,8,1,
1778337142399330,376145175,1042,63.795918,36,158.965,323.002,255,8,1,
1778337142400330,376155123,1034,63.306126,36,161.720,321.631,255,8,1,
1778337142402330,376165100,1026,62.816326,36,164.464,320.237,255,8,1,
1778337142403330,376175055,1017,62.265305,37,172.190,327.491,255,8,1,
1778337142403330,376185038,1009,61.775513,37,174.983,326.008,255,8,1,
1778337142403330,376194990,1000,61.224487,37,178.110,324.310,255,8,1,
1778337142404835,376204967,992,60.734695,37,180.876,322.775,255,8,1,
1778337142405840,376214921,984,60.244900,37,183.629,321.217,255,8,1,
1778337142406840,376224900,976,59.755100,37,186.368,319.636,255,8,1,
1778337142406840,376234847,967,59.204082,37,189.433,317.829,255,8,1,
1778337142407840,376244828,959,58.714287,37,192.143,316.198,255,8,1,
1778337142408840,376254775,951,58.224491,37,194.839,314.544,255,8,1,
1778337142409840,376264750,942,57.673470,37,197.855,312.655,255,8,1,
1778337142409840,376274698,934,57.183670,37,200.521,310.953,255,8,1,
1778337142410840,376284682,926,56.693878,38,208.663,317.585,255,8,1,
1778337142410840,376294640,918,56.204079,38,211.370,315.789,255,8,1,
1778337142411840,376304614,910,55.714287,38,214.062,313.971,255,8,1,
1778337142411840,376314564,901,55.163265,38,217.071,311.898,255,8,1,
1778337142412840,376324536,893,54.673466,38,219.729,310.031,255,8,1,
1778337142412840,376334483,885,54.183674,38,222.372,308.141,255,8,1,
1778337142414840,376344456,877,53.693878,38,224.998,306.229,255,8,1,
1778337142527672,376354405,869,53.204082,38,227.607,304.294,255,8,1,
1778337142528672,376364380,861,52.714287,38,230.200,302.337,255,8,1,
1778337142529671,376374329,853,52.224491,38,232.776,300.358,255,8,1,
1778337142529671,376384305,844,51.673470,39,241.856,305.951,255,8,1,
1778337142531013,376394254,837,51.244896,39,244.137,304.133,255,8,1,
1778337142531013,376404237,828,50.693878,39,247.051,301.771,255,8,1,
1778337142531013,376414184,820,50.204082,39,249.621,299.648,255,8,1,
1778337142532016,376424158,812,49.714287,39,252.174,297.504,255,8,1,
1778337142532016,376434102,804,49.224491,39,254.708,295.337,255,8,1,
1778337142533016,376444073,796,48.734692,40,263.819,300.665,255,8,1,
1778337142533016,376454020,788,48.244900,40,266.379,298.399,255,8,1,
1778337142534518,376463994,780,47.755100,40,268.920,296.111,255,8,1,
1778337142545633,376473942,772,47.265308,40,271.442,293.802,255,8,1,
1778337142553913,376483916,764,46.775509,40,273.943,291.470,255,8,1,
1778337142709082,376493867,756,46.285717,41,283.336,296.346,255,8,1,
1778337142710082,376503838,748,45.795918,41,285.859,293.913,255,8,1,
1778337142711082,376513785,741,45.367344,42,295.075,298.883,255,8,1,
1778337142711082,376523766,733,44.877552,43,304.705,303.405,255,8,1,
1778337142712082,376533714,725,44.387756,45,321.580,314.780,255,8,1,
1778337142712082,376543688,717,43.897957,46,331.465,318.953,255,8,1,
1778337142713082,376553632,709,43.408161,47,341.444,322.980,255,8,1,
1778337142713082,376563603,701,42.918365,47,344.193,320.049,255,8,1,
1778337142714585,376573547,694,42.489796,47,346.577,317.466,255,8,1,
1778337142715589,376583521,686,42.000000,47,349.278,314.491,255,8,1,
1778337142715589,376593470,678,41.510204,48,359.442,318.122,255,8,1,
1778337142716590,376603439,670,41.020409,48,362.148,315.037,255,8,1,
1778337142716590,376613384,662,40.530609,49,372.429,318.429,255,8,1,
1778337142717590,376623356,654,40.040817,49,375.137,315.233,255,8,1,
1778337142717590,376633305,646,39.551022,46,354.687,292.912,255,8,1,
1778337142718589,376643275,638,39.061226,46,357.178,289.869,255,8,1,
1778337142721599,376653222,631,38.632652,45,351.524,280.946,255,8,1,
1778337142738319,376663192,623,38.142857,45,353.913,277.931,255,8,1,
1778337142741319,376673149,615,37.653061,45,356.276,274.895,255,8,1,
1778337142912977,376683123,608,37.224491,44,350.359,266.173,255,8,1,
1778337142913979,376693074,600,36.734695,44,352.622,263.169,255,8,1,
1778337142913979,376703050,592,36.244896,44,354.859,260.145,255,8,1,
1778337142914980,376713002,584,35.755100,44,357.070,257.102,255,8,1,
1778337142914980,376722978,576,35.265305,44,359.254,254.040,255,8,1,
1778337142916430,376732922,569,34.836735,44,361.145,251.346,255,8,1,
1778337142916430,376742895,561,34.346939,44,363.280,248.249,255,8,1,
1778337142917430,376752845,553,33.857143,44,365.389,245.135,255,8,1,
1778337142917430,376762819,546,33.428574,44,367.212,242.395,255,8,1,
1778337142918431,376772768,538,32.938778,44,369.271,239.247,255,8,1,
1778337142918431,376782755,530,32.448978,44,371.303,236.081,255,8,1,
1778337142919431,376792700,522,31.959183,44,373.307,232.899,255,8,1,
1778337142919431,376802670,514,31.469387,43,366.755,224.478,255,8,1,
1778337142920431,376812620,507,31.040815,43,368.424,221.729,255,8,1,
1778337142921430,376822596,499,30.551020,43,370.306,218.571,255,8,1,
1778337142921430,376832544,491,30.061226,43,372.161,215.398,255,8,1,
1778337142922430,376842517,484,29.632654,43,373.762,212.608,255,8,1,
1778337142923430,376852466,476,29.142859,43,375.566,209.405,255,8,1,
1778337142932948,376862438,468,28.653059,43,377.342,206.187,255,8,1,
1778337142940030,376872382,460,28.163265,43,379.091,202.954,255,8,1,
1778337142949546,376882363,453,27.734694,43,380.598,200.113,255,8,1,
1778337143088841,376892320,445,27.244898,42,373.404,192.274,255,8,1,
1778337143089841,376902297,438,26.816326,42,374.832,189.475,255,8,1,
1778337143090841,376912252,430,26.326530,43,385.401,190.699,255,8,1,
1778337143090841,376922232,422,25.836735,42,378.017,183.039,255,8,1,
1778337143091842,376932183,415,25.408163,42,379.375,180.207,255,8,1,
1778337143092841,376942163,407,24.918367,42,380.902,176.957,255,8,1,
1778337143093842,376952111,400,24.489798,43,391.315,178.248,255,8,1,
1778337143093842,376962092,392,24.000002,43,392.825,174.897,255,8,1,
1778337143094844,376972045,384,23.510202,42,385.135,167.543,255,8,1,
1778337143095897,376982022,377,23.081631,43,395.577,168.578,255,8,1,
1778337143095897,376991978,369,22.591837,42,387.771,161.349,255,8,1,
1778337143096902,377001960,361,22.102041,43,398.402,161.791,255,8,1,
1778337143097525,377011918,354,21.673470,43,399.601,158.806,255,8,1,
1778337143097525,377021899,346,21.183674,42,391.619,151.771,255,8,1,
1778337143098530,377031857,338,20.693876,42,392.902,148.417,255,8,1,
1778337143107630,377041834,331,20.265305,42,394.002,145.474,255,8,1,
1778337143119130,377051791,323,19.775511,42,395.231,142.101,255,8,1,
1778337143129642,377061771,316,19.346939,42,396.283,139.141,255,8,1,
1778337143137156,377071725,308,18.857143,42,397.457,135.748,255,8,1,
1778337143274847,377081703,301,18.428572,42,398.462,132.771,255,8,1,
1778337143274847,377091666,293,17.938776,42,399.582,129.360,255,8,1,
1778337143276333,377101648,286,17.510204,42,400.539,126.368,255,8,1,
1778337143277333,377111601,278,17.020409,42,401.604,122.939,255,8,1,
1778337143278334,377121585,271,16.591837,42,402.513,119.932,255,8,1,
1778337143279334,377131544,263,16.102041,42,403.523,116.487,255,8,1,
1778337143279334,377141525,256,15.673470,41,394.755,110.763,255,8,1,
1778337143280332,377151474,248,15.183674,41,395.687,107.385,255,8,1,
1778337143280332,377161451,241,14.755103,42,406.150,106.969,255,8,1,
1778337143281333,377171394,233,14.265306,42,407.049,103.493,255,8,1,
1778337143282332,377181372,226,13.836735,42,407.812,100.446,255,8,1,
1778337143282332,377191323,218,13.346939,42,408.656,96.956,255,8,1,
1778337143283345,377201301,211,12.918367,42,409.370,93.896,255,8,1,
1778337143283345,377211255,203,12.428572,42,410.157,90.393,255,8,1,
1778337143285855,377221226,196,12.000001,42,410.822,87.323,255,8,1,
1778337143296360,377231181,188,11.510203,42,411.553,83.808,255,8,1,
1778337143305869,377241156,181,11.081633,42,412.169,80.727,255,8,1,
1778337143321531,377251108,173,10.591837,42,412.844,77.201,255,8,1,
1778337143326043,377261084,166,10.163265,41,403.567,72.346,255,8,1,
1778337143470465,377271035,158,9.673470,41,404.170,68.894,255,8,1,
1778337143471466,377281011,151,9.244898,42,414.544,67.475,255,8,1,
1778337143471466,377290961,144,8.816326,42,415.038,64.372,255,8,1,
1778337143472466,377300940,136,8.326530,43,425.467,62.270,255,8,1,
1778337143472466,377310894,129,7.897959,42,416.016,57.712,255,8,1,
1778337143473466,377320872,122,7.469388,42,416.436,54.599,255,8,1,
1778337143473466,377330831,114,6.979592,42,416.888,51.037,255,8,1,
1778337143473466,377340812,107,6.551021,42,417.258,47.917,255,8,1,
1778337143474970,377350767,99,6.061224,42,417.652,44.348,255,8,1,
1778337143474970,377360744,94,5.755102,41,407.933,41.113,255,8,1,
1778337143475976,377370699,91,5.571429,40,398.110,38.835,255,8,1,
1778337143475976,377380676,90,5.510204,40,398.152,38.409,255,8,1,
1778337143476976,377390625,90,5.510204,41,408.105,39.369,255,8,1,
1778337143476976,377400600,90,5.510204,40,398.152,38.409,255,8,1,
1778337143477976,377410550,90,5.510204,41,408.105,39.369,255,8,1,
1778337143483542,377420526,90,5.510204,41,408.105,39.369,255,8,1,
1778337143493053,377430477,90,5.510204,40,398.152,38.409,255,8,1,
1778337143503566,377440456,90,5.510204,40,398.152,38.409,255,8,1,
1778337143634695,377450401,90,5.510204,40,398.152,38.409,255,8,1,
1778337143635784,377460375,91,5.571429,40,398.110,38.835,255,8,1,
1778337143636699,377470325,92,5.632653,41,408.020,40.242,255,8,1,
1778337143637701,377480307,93,5.693878,41,407.977,40.678,255,8,1,
1778337143637701,377490255,95,5.816327,41,407.889,41.549,255,8,1,
1778337143638699,377500235,98,6.000000,41,407.754,42.857,255,8,1,
1778337143638699,377510187,101,6.183673,41,407.614,44.164,255,8,1,
1778337143639700,377520166,104,6.367347,41,407.471,45.470,255,8,1,
1778337143639700,377530125,107,6.551021,41,407.323,46.776,255,8,1,
1778337143640699,377540105,111,6.795918,41,407.119,48.517,255,8,1,
1778337143640699,377550058,114,6.979592,41,406.962,49.821,255,8,1,
1778337143641699,377560031,118,7.224490,41,406.745,51.560,255,8,1,
1778337143641699,377569984,122,7.469388,41,406.521,53.299,255,8,1,
1778337143642699,377579954,126,7.714286,41,406.289,55.036,255,8,1,
1778337143656243,377589909,130,7.959184,41,406.050,56.772,255,8,1,
1778337143662242,377599886,134,8.204082,41,405.804,58.507,255,8,1,
1778337143673748,377609837,138,8.448980,41,405.550,60.241,255,8,1,
1778337143874635,377619816,142,8.693877,41,405.289,61.974,255,8,1,
1778337143875640,377629769,147,9.000000,41,404.952,64.138,255,8,1,
1778337143875640,377639752,151,9.244898,40,394.804,64.262,255,8,1,
1778337143876640,377649707,156,9.551021,40,394.455,66.370,255,8,1,
1778337143877639,377659685,160,9.795918,41,404.022,69.757,255,8,1,
1778337143878639,377669637,165,10.102040,41,403.644,71.915,255,8,1,
1778337143878639,377679617,169,10.346938,41,403.333,73.639,255,8,1,
1778337143880265,377689565,174,10.653061,41,402.933,75.793,255,8,1,
1778337143881272,377699549,178,10.897960,41,402.606,77.515,255,8,1,
1778337143881272,377709507,183,11.204082,40,392.377,77.722,255,8,1,
1778337143882270,377719488,188,11.510203,41,401.755,81.812,255,8,1,
1778337143882270,377729443,193,11.816327,40,391.524,81.910,255,8,1,
1778337143883270,377739416,198,12.122449,40,391.080,84.001,255,8,1,
1778337143883270,377749363,203,12.428572,41,400.392,88.241,255,8,1,
1778337143884774,377759345,208,12.734694,41,399.915,90.379,255,8,1,
1778337143885302,377769286,213,13.040815,41,399.426,92.514,255,8,1,
1778337143886311,377779262,218,13.346939,41,398.926,94.647,255,8,1,
1778337143886311,377789212,223,13.653061,40,388.697,94.417,255,8,1,
1778337143887315,377799185,228,13.959184,41,397.892,98.905,255,8,1,
1778337143887315,377809134,233,14.265306,41,397.358,101.029,255,8,1,
1778337143888315,377819115,239,14.632653,41,396.702,103.575,255,8,1,
1778337143889315,377829065,244,14.938775,41,396.143,105.693,255,8,1,
1778337144069669,377839039,250,15.306122,41,395.457,108.230,255,8,1,
1778337144070670,377848986,255,15.612246,41,394.873,110.342,255,8,1,
1778337144070670,377858965,260,15.918367,41,394.278,112.450,255,8,1,
1778337144071670,377868913,266,16.285715,41,393.549,114.975,255,8,1,
1778337144072670,377878887,271,16.591837,41,392.929,117.076,255,8,1,
1778337144072670,377888835,277,16.959185,41,392.170,119.593,255,8,1,
1778337144073669,377898811,282,17.265306,41,391.526,121.687,255,8,1,
1778337144074670,377908764,288,17.632652,41,390.737,124.194,255,8,1,
1778337144075174,377918737,294,18.000000,41,389.933,126.697,255,8,1,
1778337144075727,377928687,300,18.367348,41,389.113,129.194,255,8,1,
1778337144076266,377938659,306,18.734694,41,388.277,131.686,255,8,1,
1778337144077339,377948611,312,19.102041,41,387.424,134.173,255,8,1,
1778337144077886,377958583,318,19.469389,41,386.556,136.654,255,8,1,
1778337144077886,377967539,324,19.836735,41,385.672,139.130,255,8,1,
1778337144078891,377978516,330,20.204081,41,384.772,141.600,255,8,1,
1778337144078891,377988474,336,20.571428,42,393.219,147.577,255,8,1,
1778337144080891,377998448,343,21.000000,42,392.104,150.515,255,8,1,
1778337144080891,378008399,349,21.367348,41,381.818,149.382,255,8,1,
1778337144081891,378018375,355,21.734694,41,380.852,151.827,255,8,1,
1778337144088352,378028319,362,22.163265,41,379.706,154.671,255,8,1,
1778337144285558,378038291,368,22.530613,42,387.943,160.934,255,8,1,
1778337144285558,378048238,375,22.959183,42,386.729,163.832,255,8,1,
1778337144286569,378058224,381,23.326530,41,376.488,162.348,255,8,1,
1778337144287569,378068172,388,23.755102,41,375.263,165.160,255,8,1,
1778337144288569,378078143,394,24.122450,41,374.196,167.562,255,8,1,
1778337144289569,378088093,401,24.551022,42,382.028,174.511,255,8,1,
1778337144289569,378098065,408,24.979591,42,380.712,177.364,255,8,1,
1778337144290569,378108015,414,25.346939,42,379.567,179.801,255,8,1,
1778337144290569,378117992,421,25.775511,42,378.212,182.635,255,8,1,
1778337144291569,378127942,428,26.204082,42,376.835,185.459,255,8,1,
1778337144292570,378137919,435,26.632654,42,375.438,188.273,255,8,1,
1778337144293569,378147870,442,27.061226,42,374.019,191.076,255,8,1,
1778337144293569,378157851,449,27.489796,42,372.579,193.868,255,8,1,
1778337144294569,378167803,456,27.918367,43,379.955,201.332,255,8,1,
1778337144295620,378177782,464,28.408163,42,369.424,199.815,255,8,1,
1778337144295620,378187738,471,28.836735,42,367.919,202.572,255,8,1,
1778337144296620,378197714,478,29.265306,42,366.393,205.319,255,8,1,
1778337144297620,378207663,485,29.693878,42,364.847,208.054,255,8,1,
1778337144298620,378217643,493,30.183674,42,363.056,211.165,255,8,1,
1778337144298620,378227601,500,30.612244,43,370.072,218.967,255,8,1,
1778337144299618,378237582,508,31.102039,42,359.624,216.957,255,8,1,
1778337144306130,378247541,515,31.530611,42,357.992,219.641,255,8,1,
1778337144322886,378257522,523,32.020409,43,364.579,227.995,255,8,1,
1778337144324885,378267471,530,32.448978,43,362.864,230.716,255,8,1,
1778337144492714,378277452,538,32.938778,43,360.878,233.809,255,8,1,
1778337144492714,378287399,546,33.428574,43,358.866,236.886,255,8,1,
1778337144493714,378297385,554,33.918369,44,365.127,245.525,255,8,1,
1778337144494714,378307336,561,34.346939,44,363.280,248.249,255,8,1,
1778337144495217,378317313,569,34.836735,43,352.937,245.633,255,8,1,
1778337144496219,378327265,577,35.326530,44,358.983,254.424,255,8,1,
1778337144496219,378337241,585,35.816326,44,356.795,257.483,255,8,1,
1778337144497222,378347194,593,36.306122,44,354.581,260.524,255,8,1,
1778337144497222,378357173,601,36.795918,44,352.341,263.545,255,8,1,
1778337144498225,378367127,609,37.285713,44,350.075,266.548,255,8,1,
1778337144498225,378377107,617,37.775509,44,347.783,269.530,255,8,1,
1778337144499223,378387057,626,38.326530,44,345.175,272.863,255,8,1,
1778337144500222,378397031,634,38.816326,44,342.830,275.803,255,8,1,
1778337144501222,378406982,642,39.306122,44,340.460,278.724,255,8,1,
1778337144501222,378416960,650,39.795918,45,345.748,288.025,255,8,1,
1778337144502222,378426908,659,40.346939,45,342.962,291.336,255,8,1,
1778337144503222,378436884,668,40.897957,45,340.145,294.621,255,8,1,
1778337144503222,378446835,676,41.387753,43,322.609,284.295,255,8,1,
1778337144513732,378456813,684,41.877552,44,327.612,293.718,255,8,1,
1778337144523326,378466762,693,42.428570,47,346.916,317.095,255,8,1,
1778337144697717,378476740,702,42.979591,47,343.850,320.417,255,8,1,
1778337144698717,378486688,710,43.469387,47,341.099,323.344,255,8,1,
1778337144699717,378496664,719,44.020409,47,337.973,326.610,255,8,1,
1778337144700717,378506611,728,44.571430,46,327.693,322.827,255,8,1,
1778337144702362,378516585,737,45.122448,46,324.573,325.964,255,8,1,
1778337144703366,378526535,746,45.673470,45,314.436,321.916,255,8,1,
1778337144703366,378536516,754,46.163261,42,290.894,302.953,255,8,1,
1778337144704869,378546467,763,46.714287,41,281.111,298.457,255,8,1,
1778337144704869,378556447,772,47.265308,40,271.442,293.802,255,8,1,
1778337144705874,378566398,782,47.877548,40,268.287,296.685,255,8,1,
1778337144706876,378576381,790,48.367348,40,265.741,298.968,255,8,1,
1778337144706876,378586332,800,48.979595,39,255.968,294.246,255,8,1,
1778337144707876,378596312,809,49.530609,39,253.126,296.694,255,8,1,
1778337144707876,378606252,818,50.081635,39,250.261,299.114,255,8,1,
1778337144708876,378616239,828,50.693878,39,247.051,301.771,255,8,1,
1778337144708876,378626188,837,51.244896,39,244.137,304.133,255,8,1,
1778337144709877,378636164,846,51.795918,39,241.201,306.467,255,8,1,
1778337144709877,378646115,856,52.408165,39,237.913,309.027,255,8,1,
1778337144710877,378656099,865,52.959183,38,228.906,303.318,255,8,1,
1778337144725891,378666048,875,53.571426,38,225.652,305.747,255,8,1,
1778337144732645,378676026,884,54.122452,38,222.701,307.903,255,8,1,
1778337144741154,378685978,894,54.734692,38,219.398,310.265,255,8,1,
1778337144902822,378695952,904,55.346939,38,216.070,312.592,255,8,1,
1778337144903820,378705900,914,55.959183,38,212.718,314.883,255,8,1,
1778337144904820,378715875,923,56.510208,38,209.680,316.914,255,8,1,
1778337144905324,378725824,933,57.122448,38,206.281,319.136,255,8,1,
1778337144905324,378735801,943,57.734695,37,197.521,312.867,255,8,1,
1778337144906329,378745749,953,58.346939,37,194.167,314.959,255,8,1,
1778337144906329,378755722,962,58.897957,37,191.129,316.812,255,8,1,
1778337144907333,378765672,972,59.510204,37,187.732,318.836,255,8,1,
1778337144908333,378775643,982,60.122452,37,184.315,320.824,255,8,1,
1778337144909334,378785591,992,60.734695,36,175.988,314.052,255,8,1,
1778337144909334,378795561,1002,61.346939,36,172.622,315.914,255,8,1,
1778337144910334,378805505,1011,61.897961,36,169.576,317.560,255,8,1,
1778337144910334,378815476,1021,62.510204,36,166.173,319.354,255,8,1,
1778337144911334,378825425,1031,63.122448,36,162.751,321.111,255,8,1,
1778337144911334,378835406,1040,63.673470,36,159.655,322.661,255,8,1,
1778337144912333,378845350,1050,64.285713,36,156.198,324.349,255,8,1,
1778337144912333,378855330,1060,64.897957,36,152.723,325.999,255,8,1,
1778337144923502,378865280,1070,65.510201,36,149.231,327.613,255,8,1,
1778337144928621,378875250,1079,66.061226,36,146.074,329.033,255,8,1,
1778337144941134,378885201,1089,66.673470,36,142.549,330.575,255,8,1,
1778337144948644,378895178,1099,67.285713,36,139.009,332.079,255,8,1,
1778337144958755,378905131,1109,67.897957,35,131.690,324.280,255,8,1,
1778337145170458,378915110,1118,68.448982,35,128.565,325.532,255,8,1,
1778337145171460,378925061,1128,69.061226,35,125.080,326.887,255,8,1,
1778337145172458,378935035,1138,69.673470,35,121.579,328.205,255,8,1,
1778337145173458,378944990,1148,70.285713,35,118.066,329.485,255,8,1,
1778337145173458,378954969,1157,70.836731,35,114.891,330.605,255,8,1,
1778337145174963,378964919,1167,71.448982,35,111.352,331.814,255,8,1,
1778337145174963,378974904,1177,72.061226,35,107.800,332.985,255,8,1,
1778337145175968,378984853,1187,72.673470,35,104.236,334.118,255,8,1,
1778337145175968,378994831,1196,73.224487,35,101.018,335.105,255,8,1,
1778337145176974,379004781,1206,73.836739,35,97.431,336.165,255,8,1,
1778337145177973,379014756,1216,74.448982,35,93.834,337.187,255,8,1,
1778337145177973,379024702,1226,75.061226,35,90.225,338.171,255,8,1,
1778337145178973,379034684,1235,75.612244,34,84.484,329.336,255,8,1,
1778337145178973,379044634,1245,76.224487,34,80.960,330.220,255,8,1,
1778337145179973,379054608,1255,76.836731,34,77.427,331.067,255,8,1,
1778337145180972,379064558,1264,77.387756,34,74.240,331.796,255,8,1,
1778337145180972,379074535,1274,78.000000,34,70.690,332.570,255,8,1,
1778337145181973,379084488,1284,78.612244,34,67.132,333.307,255,8,1,
1778337145181973,379094461,1294,79.224487,34,63.567,334.005,255,8,1,
1778337145182972,379104404,1303,79.775513,34,60.352,334.601,255,8,1,
1778337145182972,379114378,1313,80.387756,34,56.773,335.227,255,8,1,
1778337145184476,379124337,1323,81.000000,34,53.188,335.814,255,8,1,
1778337145186482,379134307,1332,81.551018,34,49.956,336.310,255,8,1,
1778337145380850,379144264,1342,82.163269,34,46.359,336.825,255,8,1,
1778337145380850,379154238,1352,82.775505,34,42.758,337.301,255,8,1,
1778337145381850,379164197,1362,83.387756,34,39.151,337.738,255,8,1,
1778337145382849,379174174,1371,83.938774,34,35.901,338.099,255,8,1,
1778337145383353,379184129,1381,84.551025,34,32.286,338.464,255,8,1,
1778337145383353,379194113,1390,85.102043,34,29.030,338.758,255,8,1,
1778337145384868,379204064,1400,85.714287,34,25.408,339.049,255,8,1,
1778337145384868,379214043,1410,86.326530,34,21.784,339.301,255,8,1,
1778337145386406,379224001,1420,86.938774,34,18.157,339.515,255,8,1,
1778337145387411,379233988,1429,87.489792,34,14.891,339.674,255,8,1,
1778337145388411,379243947,1439,88.102043,33,10.929,329.819,255,8,1,
1778337145388411,379253929,1449,88.714287,33,7.405,329.917,255,8,1,
1778337145389413,379263882,1458,89.265305,33,4.231,329.973,255,8,1,
1778337145390411,379273860,1468,89.877548,33,0.705,329.999,255,8,1,
1778337145390411,379283812,1478,90.489792,33,-2.821,329.988,255,8,1,
1778337145391410,379293793,1487,91.040817,33,-5.994,329.946,255,8,1,
1778337145392130,379303747,1497,91.653053,33,-9.520,329.863,255,8,1,
1778337145393137,379313721,1507,92.265305,33,-13.044,329.742,255,8,1,
1778337145393137,379323678,1516,92.816330,33,-16.214,329.601,255,8,1,
1778337145393137,379333652,1526,93.428574,33,-19.735,329.409,255,8,1,
1778337145394641,379343604,1536,94.040810,33,-23.254,329.180,255,8,1,
1778337145403316,379353582,1545,94.591835,33,-26.419,328.941,255,8,1,
1778337145606686,379363529,1555,95.204086,33,-29.932,328.640,255,8,1,
1778337145606686,379373508,1565,95.816330,33,-33.442,328.301,255,8,1,
1778337145607690,379383456,1574,96.367348,33,-36.598,327.964,255,8,1,
1778337145609690,379393428,1584,96.979591,33,-40.100,327.555,255,8,1,
1778337145610690,379403377,1594,97.591835,33,-43.598,327.107,255,8,1,
1778337145610690,379413352,1603,98.142853,33,-46.742,326.673,255,8,1,
1778337145611689,379423306,1613,98.755104,33,-50.230,326.155,255,8,1,
1778337145612689,379433279,1622,99.306114,33,-53.364,325.657,255,8,1,
1778337145613690,379443229,1632,99.918365,33,-56.841,325.068,255,8,1,
1778337145613690,379453207,1642,100.530609,33,-60.311,324.442,255,8,1,
1778337145614690,379463159,1651,101.081635,33,-63.428,323.847,255,8,1,
1778337145614690,379473135,1661,101.693871,33,-66.885,323.151,255,8,1,
1778337145615936,379483092,1671,102.306122,33,-70.334,322.418,255,8,1,
1778337145615936,379493065,1680,102.857147,33,-73.432,321.726,255,8,1,
1778337145616937,379503013,1690,103.469391,33,-76.866,320.923,255,8,1,
1778337145616937,379512990,1700,104.081627,33,-80.290,320.084,255,8,1,
1778337145617936,379522945,1709,104.632652,33,-83.365,319.297,255,8,1,
1778337145617936,379532925,1719,105.244896,33,-86.772,318.388,255,8,1,
1778337145618942,379542871,1728,105.795914,33,-89.830,317.538,255,8,1,
1778337145619936,379552850,1738,106.408165,33,-93.218,316.560,255,8,1,
1778337145619936,379562797,1748,107.020409,33,-96.595,315.546,255,8,1,
1778337145621936,379572774,1757,107.571426,33,-99.625,314.603,255,8,1,
1778337145634634,379582721,1767,108.183670,33,-102.981,313.520,255,8,1,
1778337145829149,379592698,1776,108.734695,33,-105.992,312.515,255,8,1,
1778337145830148,379602650,1786,109.346931,33,-109.325,311.365,255,8,1,
1778337145830148,379612624,1796,109.959183,33,-112.646,310.179,255,8,1,
1778337145831148,379622577,1805,110.510208,33,-115.624,309.081,255,8,1,
1778337145832148,379632550,1815,111.122452,33,-118.920,307.828,255,8,1,
1778337145832148,379642504,1824,111.673470,33,-121.874,306.670,255,8,1,
1778337145833148,379652482,1834,112.285713,34,-128.937,314.603,255,8,1,
1778337145833148,379662435,1844,112.897957,34,-132.291,313.208,255,8,1,
1778337145833148,379672412,1853,113.448975,34,-135.297,311.921,255,8,1,
1778337145834651,379682358,1862,114.000000,34,-138.290,310.605,255,8,1,
1778337145835656,379692330,1872,114.612236,34,-141.601,309.110,255,8,1,
1778337145835656,379702280,1882,115.224495,34,-144.896,307.579,255,8,1,
1778337145836655,379712260,1891,115.775513,34,-147.848,306.172,255,8,1,
1778337145837659,379722209,1901,116.387756,34,-151.111,304.574,255,8,1,
1778337145837659,379732183,1910,116.938774,34,-154.033,303.107,255,8,1,
1778337145838661,379742131,1920,117.551018,34,-157.263,301.444,255,8,1,
1778337145839663,379752104,1930,118.163269,34,-160.475,299.746,255,8,1,
1778337145840664,379762054,1939,118.714279,34,-163.350,298.189,255,8,1,
1778337145840664,379772026,1949,119.326530,34,-166.527,296.426,255,8,1,
1778337145841661,379781981,1958,119.877556,34,-169.370,294.811,255,8,1,
1778337145842661,379791959,1968,120.489799,34,-172.511,292.985,255,8,1,
1778337145849799,379801897,1977,121.040817,34,-175.321,291.312,255,8,1,
1778337145867830,379811873,1987,121.653061,34,-178.423,289.422,255,8,1,
1778337145869831,379821830,1996,122.204079,34,-181.198,287.693,255,8,1,
1778337146054867,379831801,2006,122.816322,34,-184.262,285.740,255,8,1,
1778337146055371,379841753,2015,123.367348,34,-187.002,283.955,255,8,1,
1778337146056375,379851728,2025,123.979599,34,-190.025,281.940,255,8,1,
1778337146057379,379861678,2034,124.530609,34,-192.728,280.100,255,8,1,
1778337146058379,379871656,2044,125.142860,34,-195.710,278.025,255,8,1,
1778337146058379,379881602,2054,125.755104,34,-198.669,275.917,255,8,1,
1778337146059380,379891576,2063,126.306122,34,-201.314,273.994,255,8,1,
1778337146059380,379901526,2072,126.857147,34,-203.939,272.045,255,8,1,
1778337146060381,379911503,2082,127.469391,34,-206.835,269.851,255,8,1,
1778337146061379,379921448,2092,128.081635,34,-209.706,267.625,255,8,1,
1778337146061379,379931425,2101,128.632645,35,-218.514,273.408,255,8,1,
1778337146062380,379941370,2110,129.183670,35,-221.133,271.294,255,8,1,
1778337146062380,379951348,2120,129.795914,35,-224.019,268.915,255,8,1,
1778337146063380,379961289,2129,130.346939,35,-226.595,266.748,255,8,1,
1778337146063380,379971268,2139,130.959183,35,-229.432,264.312,255,8,1,
1778337146063380,379981207,2148,131.510193,35,-231.964,262.093,255,8,1,
1778337146064884,379991180,2158,132.122452,35,-234.751,259.600,255,8,1,
1778337146064884,380001120,2167,132.673477,35,-237.237,257.330,255,8,1,
1778337146065888,380011096,2177,133.285721,35,-239.973,254.780,255,8,1,
1778337146066891,380021040,2186,133.836731,35,-242.412,252.461,255,8,1,
1778337146084002,380031010,2196,134.448975,35,-245.096,249.856,255,8,1,
1778337146087016,380040957,2205,135.000000,35,-247.487,247.487,255,8,1,
1778337146097647,380050928,2214,135.551025,35,-249.856,245.096,255,8,1,
1778337146268730,380060869,2224,136.163269,35,-252.461,242.412,255,8,1,
1778337146269729,380070843,2233,136.714279,35,-254.780,239.973,255,8,1,
1778337146269729,380080786,2243,137.326523,35,-257.330,237.237,255,8,1,
1778337146270728,380090755,2252,137.877548,36,-267.017,241.458,255,8,1,
1778337146270728,380100696,2262,138.489807,36,-269.582,238.591,255,8,1,
1778337146271728,380110675,2271,139.040817,36,-271.864,235.988,255,8,1,
1778337146271728,380120616,2280,139.591827,36,-274.121,233.362,255,8,1,
1778337146272727,380130590,2290,140.204086,36,-276.599,230.420,255,8,1,
1778337146273728,380140542,2299,140.755096,36,-278.802,227.749,255,8,1,
1778337146274730,380150515,2309,141.367355,36,-281.219,224.757,255,8,1,
1778337146274730,380160463,2318,141.918365,36,-283.368,222.042,255,8,1,
1778337146276012,380170436,2328,142.530609,36,-285.724,219.002,255,8,1,
1778337146276012,380180382,2337,143.081635,36,-287.817,216.244,255,8,1,
1778337146276944,380190354,2347,143.693878,36,-290.111,213.156,255,8,1,
1778337146276944,380200298,2356,144.244904,36,-292.148,210.356,255,8,1,
1778337146277944,380210274,2366,144.857147,36,-294.379,207.222,255,8,1,
1778337146278944,380220222,2375,145.408157,37,-304.590,210.059,255,8,1,
1778337146278944,380230199,2384,145.959183,37,-306.596,207.120,255,8,1,
1778337146284944,380240147,2394,146.571426,37,-308.792,203.832,255,8,1,
1778337146296599,380250119,2403,147.122452,37,-310.738,200.853,255,8,1,
1778337146465871,380260072,2413,147.734695,37,-312.867,197.521,255,8,1,
1778337146466874,380270043,2422,148.285706,37,-314.752,194.503,255,8,1,
1778337146466874,380279991,2432,148.897964,37,-316.812,191.129,255,8,1,
1778337146467875,380289961,2441,149.448990,37,-318.635,188.073,255,8,1,
1778337146468876,380299903,2450,150.000000,37,-320.429,185.000,255,8,1,
1778337146468876,380309879,2460,150.612244,37,-322.388,181.566,255,8,1,
1778337146469875,380319823,2469,151.163269,38,-332.879,183.280,255,8,1,
1778337146470874,380329792,2479,151.775513,38,-334.819,179.712,255,8,1,
1778337146471874,380339738,2488,152.326538,38,-336.531,176.484,255,8,1,
1778337146471874,380349710,2498,152.938782,38,-338.398,172.878,255,8,1,
1778337146472875,380359655,2507,153.489792,38,-340.045,169.616,255,8,1,
1778337146472875,380369623,2516,154.040817,38,-341.660,166.338,255,8,1,
1778337146473875,380379565,2526,154.653061,39,-352.456,166.958,255,8,1,
1778337146474878,380389533,2535,155.204086,39,-354.045,163.561,255,8,1,
1778337146474878,380399472,2544,155.755112,39,-355.601,160.149,255,8,1,
1778337146474878,380409438,2554,156.367340,39,-357.292,156.340,255,8,1,
1778337146476292,380419378,2563,156.918365,39,-358.779,152.896,255,8,1,
1778337146476292,380429343,2572,157.469391,39,-360.233,149.439,255,8,1,
1778337146483297,380439287,2582,158.081635,40,-371.087,149.314,255,8,1,
1778337146494820,380449258,2591,158.632660,40,-372.505,145.738,255,8,1,
1778337146504913,380459204,2600,159.183670,40,-373.890,142.149,255,8,1,
1778337146512923,380469171,2610,159.795914,40,-375.387,138.146,255,8,1,
1778337146649594,380479119,2619,160.346939,40,-376.699,134.530,255,8,1,
1778337146649594,380489089,2629,160.959183,40,-378.115,130.497,255,8,1,
1778337146650597,380499036,2638,161.510208,41,-388.836,130.026,255,8,1,
1778337146651597,380509006,2647,162.061218,41,-390.068,126.280,255,8,1,
1778337146652597,380518953,2657,162.673462,41,-391.395,122.105,255,8,1,
1778337146652597,380528928,2666,163.224487,41,-392.552,118.335,255,8,1,
1778337146653596,380538875,2675,163.775513,41,-393.671,114.555,255,8,1,
1778337146654596,380548849,2685,164.387756,42,-404.504,113.033,255,8,1,
1778337146654596,380558792,2694,164.938782,42,-405.572,109.137,255,8,1,
1778337146655639,380568763,2703,165.489792,42,-406.603,105.232,255,8,1,
1778337146656641,380578710,2713,166.102036,45,-436.826,108.087,255,8,1,
1778337146656641,380588681,2722,166.653061,51,-496.225,117.732,255,8,1,
1778337146657647,380598625,2732,167.265305,52,-507.209,114.627,255,8,1,
1778337146658647,380608594,2741,167.816330,52,-508.288,109.744,255,8,1,
1778337146661644,380618537,2750,168.367340,52,-509.319,104.851,255,8,1,
1778337146671154,380628512,2759,168.918365,53,-520.118,101.870,255,8,1,
1778337146680665,380638460,2769,169.530609,53,-521.177,96.306,255,8,1,
1778337146843067,380648424,2778,170.081635,54,-531.929,93.012,255,8,1,
1778337146843067,380658381,2787,170.632660,53,-522.933,86.265,255,8,1,
1778337146844572,380668352,2797,171.244888,53,-523.824,80.672,255,8,1,
1778337146844572,380678302,2806,171.795914,52,-514.678,74.204,255,8,1,
1778337146845578,380688276,2815,172.346939,52,-515.368,69.251,255,8,1,
1778337146845578,380698229,2824,172.897964,53,-525.934,65.527,255,8,1,
1778337146846578,380708203,2834,173.510208,53,-526.604,59.904,255,8,1,
1778337146846578,380718151,2843,174.061218,53,-527.155,54.837,255,8,1,
1778337146847579,380728127,2852,174.612244,53,-527.658,49.765,255,8,1,
1778337146847579,380738073,2862,175.224487,54,-538.125,44.956,255,8,1,
1778337146848578,380748048,2871,175.775513,54,-538.533,39.779,255,8,1,
1778337146848578,380757998,2880,176.326538,55,-548.870,35.239,255,8,1,
1778337146849577,380767971,2889,176.877548,54,-539.198,29.414,255,8,1,
1778337146850578,380777915,2899,177.489792,51,-509.511,22.337,255,8,1,
1778337146850578,380787890,2908,178.040817,50,-499.708,17.094,255,8,1,
1778337146851579,380797837,2917,178.591843,52,-519.843,12.779,255,8,1,
1778337146852578,380807811,2926,179.142853,56,-559.937,8.377,255,8,1,
1778337146864509,380817759,2936,179.755096,56,-559.995,2.394,255,8,1,
1778337146869026,380827736,2945,180.306122,56,-559.992,-2.992,255,8,1,
1778337147044584,380837685,2954,180.857147,56,-559.937,-8.377,255,8,1,
1778337147045699,380847648,2963,181.408157,56,-559.831,-13.762,255,8,1,
1778337147046699,380857597,2973,182.020416,56,-559.652,-19.743,255,8,1,
1778337147047699,380867563,2982,182.571426,55,-549.446,-24.676,255,8,1,
1778337147048699,380877508,2991,183.122452,56,-559.169,-30.503,255,8,1,
1778337147049699,380887470,3000,183.673462,56,-558.849,-35.879,255,8,1,
1778337147050702,380897419,3010,184.285721,56,-558.434,-41.849,255,8,1,
1778337147051700,380907391,3019,184.836731,55,-548.041,-46.374,255,8,1,
1778337147052699,380917336,3028,185.387756,55,-547.570,-51.643,255,8,1,
1778337147054700,380927304,3037,185.938782,54,-537.102,-55.872,255,8,1,
1778337147055205,380937247,3046,186.489792,54,-536.540,-61.034,255,8,1,
1778337147056212,380947365,3056,187.102036,55,-545.780,-68.000,255,8,1,
1778337147057216,380957154,3065,187.653076,62,-614.477,-82.568,255,8,1,
1778337147058217,380967134,3074,188.204086,69,-682.939,-98.463,255,8,1,
1778337147059217,380977075,3083,188.755096,65,-642.426,-98.937,255,8,1,
1778337147060216,380987054,3092,189.306122,65,-641.445,-105.111,255,8,1,
1778337147061217,380997004,3102,189.918365,66,-650.136,-113.682,255,8,1,
1778337147061217,381006978,3111,190.469391,68,-668.679,-123.563,255,8,1,
1778337147062217,381016917,3120,191.020401,75,-736.169,-143.369,255,8,1,
1778337147067802,381026874,3129,191.571442,79,-773.944,-158.466,255,8,1,
1778337147078848,381036821,3138,192.122452,80,-782.161,-168.001,255,8,1,
1778337147087385,381046794,3147,192.673462,80,-780.509,-175.515,255,8,1,
1778337147096542,381056732,3156,193.224487,80,-778.785,-183.014,255,8,1,
1778337147293294,381066708,3165,193.775497,80,-776.989,-190.495,255,8,1,
1778337147294002,381076651,3174,194.326538,80,-775.121,-197.958,255,8,1,
1778337147295008,381086623,3183,194.877548,80,-773.181,-205.403,255,8,1,
1778337147295511,381096566,3192,195.428589,80,-771.170,-212.830,255,8,1,
1778337147295511,381106536,3202,196.040817,80,-768.852,-221.058,255,8,1,
1778337147296516,381116475,3211,196.591843,80,-766.691,-228.442,255,8,1,
1778337147297516,381126443,3220,197.142853,80,-764.458,-235.804,255,8,1,
1778337147297516,381136394,3229,197.693863,81,-771.682,-246.184,255,8,1,
1778337147298516,381146359,3238,198.244904,86,-816.765,-269.248,255,8,1,
1778337147299516,381156278,3247,198.795914,99,-937.206,-318.976,255,8,1,
1778337147299516,381166260,3256,199.346939,128,-1207.718,-424.048,255,8,1,
1778337147300516,381176203,3265,199.897949,204,-1918.213,-694.306,255,8,1,
1778337147301515,381186167,3274,200.448990,246,-2304.980,-859.458,255,8,1,
1778337147301515,381196118,3283,201.000000,250,-2333.951,-895.920,255,8,1,
1778337147302516,381206085,3292,201.551010,251,-2334.528,-921.997,255,8,1,
1778337147302516,381216040,3301,202.102051,250,-2316.288,-940.644,255,8,1,
1778337147303516,381226017,3309,202.591843,243,-2243.534,-933.518,255,8,1,
1778337147304517,381235964,3318,203.142853,231,-2124.109,-907.888,255,8,1,
1778337147305021,381245939,3327,203.693878,221,-2023.709,-888.088,255,8,1,
1778337147306027,381255884,3336,204.244888,215,-1960.367,-882.871,255,8,1,
1778337147306027,381265859,3345,204.795929,212,-1924.551,-889.102,255,8,1,
1778337147314653,381275810,3354,205.346939,210,-1897.837,-899.007,255,8,1,
1778337147327861,381285780,3362,205.836731,209,-1881.083,-910.839,255,8,1,
1778337147334734,381295731,3371,206.387772,208,-1863.278,-924.444,255,8,1,
1778337147344874,381305703,3380,206.938782,208,-1854.301,-942.320,255,8,1,
1778337147534801,381315647,3389,207.489792,208,-1845.154,-960.108,255,8,1,
1778337147535304,381325623,3398,208.040817,207,-1827.009,-973.108,255,8,0,unstable_angle_bin
1778337147536308,381335569,3407,208.591827,191,-1677.078,-914.062,255,8,0,unstable_angle_bin
1778337147537311,381345537,3415,209.081619,146,-1275.935,-709.640,255,8,1,
1778337147538311,381355506,3424,209.632660,97,-843.137,-479.604,255,8,1,
1778337147538311,381365480,3433,210.183670,83,-717.467,-417.302,255,8,1,
1778337147539312,381375430,3442,210.734711,82,-704.825,-419.072,255,8,1,
1778337147540311,381385393,3450,211.224503,81,-692.666,-419.898,255,8,1,
1778337147541312,381395341,3459,211.775513,76,-646.090,-400.210,255,8,1,
1778337147541312,381405313,3468,212.326538,76,-642.211,-406.405,255,8,1,
1778337147542311,381415261,3477,212.877548,75,-629.874,-407.134,255,8,1,
1778337147543311,381425240,3486,213.428558,75,-625.930,-413.173,255,8,1,
1778337147543311,381435188,3495,213.979599,75,-621.927,-419.173,255,8,1,
1778337147544815,381445165,3504,214.530609,75,-617.868,-425.135,255,8,1,
1778337147544815,381455122,3513,215.081635,75,-613.750,-431.057,255,8,1,
1778337147545820,381465099,3522,215.632660,75,-609.577,-436.940,255,8,1,
1778337147545820,381475055,3531,216.183670,75,-605.346,-442.782,255,8,1,
1778337147546819,381485031,3540,216.734695,75,-601.060,-448.583,255,8,1,
1778337147547823,381494984,3549,217.285706,75,-596.718,-454.342,255,8,1,
1778337147547823,381504960,3557,217.775497,75,-592.813,-459.427,255,8,1,
1778337147553823,381514905,3566,218.326538,74,-580.522,-458.905,255,8,1,
1778337147562366,381524881,3575,218.877548,74,-576.082,-464.467,255,8,1,
1778337147577909,381534828,3584,219.428574,74,-571.589,-469.986,255,8,1,
1778337147582305,381544798,3593,219.979584,74,-567.042,-475.461,255,8,1,
1778337147592327,381554742,3602,220.530609,74,-562.444,-480.892,255,8,1,
1778337147763807,381564716,3611,221.081635,74,-557.793,-486.279,255,8,1,
1778337147764808,381574663,3620,221.632645,74,-553.091,-491.621,255,8,1,
1778337147765315,381584633,3629,222.183685,75,-555.747,-503.632,255,8,1,
1778337147766322,381594584,3638,222.734695,75,-550.878,-508.953,255,8,1,
1778337147766322,381604557,3646,223.224487,75,-546.507,-513.644,255,8,1,
1778337147767321,381614504,3655,223.775513,75,-541.542,-518.876,255,8,1,
1778337147768320,381624477,3664,224.326523,75,-536.527,-524.060,255,8,1,
1778337147768320,381634421,3673,224.877548,75,-531.462,-529.195,255,8,1,
1778337147769321,381644392,3682,225.428574,75,-526.348,-534.282,255,8,1,
1778337147770320,381654346,3691,225.979584,75,-521.186,-539.319,255,8,1,
1778337147770320,381664319,3699,226.469376,78,-537.219,-565.505,255,8,1,
1778337147771320,381674258,3708,227.020416,78,-531.755,-570.645,255,8,1,
1778337147772319,381684236,3717,227.571426,75,-506.003,-553.589,255,8,1,
1778337147772319,381694186,3726,228.122452,72,-480.629,-536.093,255,8,1,
1778337147773319,381704168,3735,228.673462,71,-468.848,-533.180,255,8,1,
1778337147773319,381714114,3744,229.224472,71,-463.699,-537.665,255,8,1,
1778337147773319,381724090,3752,229.714294,72,-465.552,-549.237,255,8,1,
1778337147774823,381734044,3761,230.265305,76,-485.818,-584.450,255,8,1,
1778337147779831,381744018,3770,230.816315,78,-492.811,-604.597,255,8,1,
1778337147791845,381753967,3779,231.367355,79,-493.217,-617.120,255,8,1,
1778337147963799,381763939,3788,231.918365,80,-493.427,-629.706,255,8,1,
1778337147964800,381773886,3797,232.469391,81,-493.440,-642.353,255,8,1,
1778337147964800,381783861,3806,233.020401,82,-493.255,-655.057,255,8,1,
1778337147966079,381793811,3814,233.510193,83,-493.584,-667.289,255,8,1,
1778337147966079,381803781,3823,234.061234,83,-487.144,-672.005,255,8,1,
1778337147967076,381813734,3832,234.612244,83,-480.659,-676.659,255,8,1,
1778337147968075,381823705,3841,235.163254,84,-479.842,-689.458,255,8,1,
1778337147968075,381833655,3850,235.714294,84,-473.189,-694.041,255,8,1,
1778337147969075,381843632,3858,236.204086,84,-467.239,-698.060,255,8,1,
1778337147970076,381853584,3867,236.755096,85,-465.986,-710.885,255,8,1,
1778337147970076,381863558,3876,237.306122,85,-459.128,-715.333,255,8,1,
1778337147971079,381873508,3885,237.857132,86,-457.548,-728.183,255,8,1,
1778337147972078,381883483,3893,238.346924,87,-456.554,-740.580,255,8,1,
1778337147972078,381893426,3902,238.897964,88,-454.576,-753.499,255,8,1,
1778337147973076,381903408,3911,239.448975,90,-457.475,-775.059,255,8,1,
1778337147973076,381913357,3920,240.000000,92,-460.000,-796.743,255,8,1,
1778337147974581,381923336,3928,240.489807,92,-453.172,-800.647,255,8,1,
1778337147975586,381933280,3937,241.040817,94,-455.135,-822.467,255,8,1,
1778337147977587,381943255,3946,241.591843,94,-447.204,-826.806,255,8,1,
1778337147992252,381953203,3955,242.142853,95,-443.905,-839.910,255,8,1,
1778337147997762,381963178,3964,242.693863,96,-440.395,-853.025,255,8,1,
1778337148173677,381973128,3972,243.183685,97,-437.598,-865.684,255,8,1,
1778337148173677,381983108,3981,243.734695,97,-429.252,-869.852,255,8,1,
1778337148174680,381993062,3990,244.285706,97,-420.867,-873.940,255,8,1,
1778337148175894,382003041,3999,244.836731,98,-416.695,-886.998,255,8,1,
1778337148175894,382012990,4007,245.326538,98,-409.097,-890.528,255,8,1,
1778337148176899,382022941,4016,245.877548,99,-404.601,-903.547,255,8,1,
1778337148176899,382032893,4025,246.428574,101,-403.891,-925.728,255,8,1,
1778337148177899,382042870,4034,246.979584,103,-402.791,-947.977,255,8,1,
1778337148178898,382052822,4042,247.469376,103,-394.673,-951.385,255,8,1,
1778337148178898,382062802,4051,248.020416,103,-385.504,-955.137,255,8,1,
1778337148179899,382072751,4060,248.571426,105,-383.608,-977.417,255,8,1,
1778337148179899,382082730,4068,249.061218,107,-382.386,-999.340,255,8,1,
1778337148180899,382092681,4077,249.612244,109,-379.725,-1021.719,255,8,1,
1778337148180899,382102654,4086,250.163269,110,-373.275,-1034.730,255,8,0,unstable_angle_bin
1778337148181898,382112604,4094,250.653061,114,-377.668,-1075.624,255,8,0,unstable_angle_bin
1778337148181898,382122571,4103,251.204086,144,-463.965,-1363.208,255,8,0,unstable_angle_bin
1778337148182899,382132518,4112,251.755096,203,-635.551,-1927.946,255,8,1,
1778337148182899,382142480,4120,252.244888,237,-722.730,-2257.114,255,8,1,
1778337148184898,382152433,4129,252.795929,256,-757.186,-2445.459,255,8,1,
1778337148195800,382162401,4137,253.285721,270,-776.518,-2585.927,255,8,1,
1778337148211312,382172354,4146,253.836731,276,-768.316,-2650.904,255,8,1,
1778337148215822,382182321,4154,254.326523,282,-761.836,-2715.144,255,8,1,
1778337148225326,382192276,4163,254.877548,283,-738.298,-2731.998,255,8,1,
1778337148402973,382202246,4171,255.367355,283,-714.917,-2738.210,255,8,1,
1778337148404477,382212205,4180,255.918365,281,-683.685,-2725.560,255,8,1,
1778337148404477,382222175,4188,256.408142,279,-655.661,-2711.864,255,8,1,
1778337148405482,382232134,4197,256.959198,278,-627.293,-2708.303,255,8,1,
1778337148405482,382242097,4205,257.448975,278,-604.119,-2713.566,255,8,1,
1778337148406482,382252056,4214,258.000000,275,-571.757,-2689.906,255,8,1,
1778337148406482,382262024,4222,258.489807,274,-546.746,-2684.896,255,8,1,
1778337148407486,382271978,4231,259.040802,270,-513.297,-2650.760,255,8,1,
1778337148408486,382281942,4239,259.530609,268,-486.983,-2635.384,255,8,1,
1778337148408486,382291898,4248,260.081635,267,-459.894,-2630.095,255,8,1,
1778337148409486,382301877,4256,260.571442,263,-430.841,-2594.470,255,8,1,
1778337148409486,382311827,4265,261.122437,217,-334.882,-2144.004,255,8,1,
1778337148410486,382321805,4273,261.612244,190,-277.156,-1879.677,255,8,1,
1778337148411486,382331754,4282,262.163269,181,-246.795,-1793.096,255,8,1,
1778337148411486,382341723,4290,262.653076,177,-226.342,-1755.468,255,8,1,
1778337148412485,382351667,4299,263.204071,168,-198.800,-1668.196,255,8,1,
1778337148412485,382361641,4307,263.693878,162,-177.942,-1610.198,255,8,1,
1778337148413485,382371573,4316,264.244904,145,-145.401,-1442.691,255,8,1,
1778337148413485,382381547,4324,264.734680,133,-122.051,-1324.388,255,8,1,
1778337148425506,382391483,4333,265.285706,134,-110.131,-1335.467,255,8,1,
1778337148597008,382401461,4341,265.775513,135,-99.447,-1346.332,255,8,1,
1778337148598105,382411401,4350,266.326538,135,-86.495,-1347.226,255,8,1,
1778337148598643,382421382,4358,266.816315,135,-74.975,-1347.916,255,8,1,
1778337148599168,382431315,4367,267.367340,133,-61.090,-1328.596,255,8,1,
1778337148599168,382441295,4375,267.857147,132,-49.356,-1319.077,255,8,1,
1778337148600171,382451234,4384,268.408173,127,-35.279,-1269.510,255,8,1,
1778337148600673,382461218,4392,268.897949,122,-23.465,-1219.774,255,8,1,
1778337148600673,382471157,4401,269.448975,122,-11.733,-1219.944,255,8,1,
1778337148602683,382481136,4410,270.000000,119,-0.000,-1190.000,255,8,1,
1778337148603687,382491085,4418,270.489807,108,9.233,-1079.961,255,8,1,
1778337148603687,382501065,4426,270.979584,104,17.780,-1039.848,255,8,1,
1778337148604687,382511017,4435,271.530609,101,26.978,-1009.640,255,8,1,
1778337148605190,382521012,4444,272.081635,94,34.144,-939.380,255,8,1,
1778337148605190,382530964,4452,272.571411,80,35.892,-799.194,255,8,1,
1778337148606194,382540937,4460,273.061218,76,40.586,-758.916,255,8,1,
1778337148606194,382550891,4469,273.612244,76,47.883,-758.490,255,8,1,
1778337148607197,382560865,4478,274.163269,69,50.093,-688.179,255,8,1,
1778337148607197,382570816,4486,274.653046,70,56.785,-697.693,255,8,1,
1778337148611197,382580786,4495,275.204102,70,63.493,-697.115,255,8,1,
1778337148623711,382590737,4503,275.693878,70,69.449,-696.546,255,8,1,
1778337148632999,382600717,4512,276.244904,70,76.145,-695.846,255,8,1,
1778337148641514,382610672,4520,276.734680,77,90.299,-764.687,255,8,1,
1778337148829693,382620646,4529,277.285706,82,103.990,-813.379,255,8,1,
1778337148830694,382630593,4537,277.775513,84,113.645,-832.277,255,8,1,
1778337148830694,382640569,4546,278.326508,77,111.507,-761.883,255,8,1,
1778337148831694,382650521,4554,278.816345,72,110.353,-711.493,255,8,1,
1778337148832694,382660492,4563,279.367340,72,117.190,-710.399,255,8,1,
1778337148832694,382670442,4572,279.918365,77,132.629,-758.492,255,8,1,
1778337148833694,382680414,4580,280.408173,85,153.561,-836.014,255,8,1,
1778337148834693,382690362,4589,280.959198,85,161.593,-834.498,255,8,1,
1778337148835197,382700340,4597,281.448975,85,168.721,-833.087,255,8,1,
1778337148835197,382710289,4606,282.000000,85,176.725,-831.425,255,8,1,
1778337148836200,382720261,4614,282.489807,85,183.826,-829.884,255,8,1,
1778337148837203,382730214,4622,282.979584,85,190.913,-828.283,255,8,1,
1778337148837203,382740190,4631,283.530609,85,198.870,-826.408,255,8,1,
1778337148838204,382750146,4639,284.020386,85,205.927,-824.678,255,8,1,
1778337148839203,382760126,4648,284.571442,85,213.849,-822.659,255,8,1,
1778337148840204,382770220,4656,285.061218,85,220.873,-820.801,255,8,1,
1778337148840204,382780047,4665,285.612244,84,226.066,-809.008,255,8,1,
1778337148841204,382790005,4673,286.102020,83,230.199,-797.439,255,8,1,
1778337148842203,382799984,4682,286.653076,83,237.858,-795.188,255,8,1,
1778337148842203,382809937,4690,287.142853,83,244.647,-793.125,255,8,1,
1778337148852715,382819910,4698,287.632660,84,254.447,-800.535,255,8,1,
1778337148858981,382829864,4707,288.183685,84,262.134,-798.051,255,8,1,
1778337148868492,382839841,4716,288.734680,84,269.796,-795.493,255,8,1,
1778337149033054,382849790,4724,289.224487,84,276.587,-793.158,255,8,1,
1778337149033054,382859773,4732,289.714294,84,283.357,-790.765,255,8,1,
1778337149034559,382869720,4741,290.265320,84,290.949,-788.003,255,8,1,
1778337149034559,382879695,4749,290.755096,84,297.674,-785.487,255,8,1,
1778337149035565,382889647,4758,291.306122,76,276.147,-708.056,255,8,1,
1778337149036564,382899624,4766,291.795898,72,267.337,-668.529,255,8,1,
1778337149036564,382909579,4775,292.346954,73,277.556,-675.176,255,8,1,
1778337149037565,382919550,4783,292.836731,79,306.604,-728.075,255,8,1,
1778337149037565,382929503,4791,293.326538,84,332.616,-771.341,255,8,1,
1778337149038567,382939478,4800,293.877563,83,335.970,-758.962,255,8,1,
1778337149039565,382949425,4808,294.367340,83,342.446,-756.063,255,8,1,
1778337149039565,382959404,4817,294.918365,83,349.701,-752.734,255,8,1,
1778337149040565,382969345,4825,295.408173,84,360.414,-758.750,255,8,1,
1778337149040565,382979324,4834,295.959198,83,363.317,-746.258,255,8,1,
1778337149041564,382989273,4842,296.448975,80,356.321,-716.265,255,8,1,
1778337149041564,382999247,4850,296.938782,76,344.309,-677.533,255,8,1,
1778337149042565,383009199,4859,297.489777,75,346.193,-665.320,255,8,1,
1778337149047077,383019169,4867,297.979584,75,351.868,-662.336,255,8,1,
1778337149056588,383029113,4876,298.530609,75,358.221,-658.922,255,8,1,
1778337149066886,383039087,4884,299.020416,73,354.139,-638.346,255,8,1,
1778337149214711,383049177,4893,299.571411,64,315.845,-556.634,255,8,1,
1778337149216220,383059003,4901,300.061218,64,320.592,-553.914,255,8,1,
1778337149217222,383068951,4909,300.551025,74,376.146,-637.271,255,8,1,
1778337149218224,383078930,4918,301.102051,86,444.245,-736.374,255,8,1,
1778337149218224,383088879,4926,301.591827,88,461.001,-749.585,255,8,1,
1778337149219221,383098856,4934,302.081635,92,488.637,-779.509,255,8,1,
1778337149219221,383108808,4942,302.571442,93,500.666,-783.730,255,8,1,
1778337149220222,383118789,4951,303.122437,93,508.180,-778.879,255,8,1,
1778337149221221,383128736,4959,303.612244,94,520.355,-782.835,255,8,1,
1778337149221221,383138707,4967,304.102020,94,527.028,-778.358,255,8,1,
1778337149222220,383148660,4976,304.653076,94,534.490,-773.253,255,8,1,
1778337149222220,383158637,4984,305.142853,95,546.836,-776.833,255,8,1,
1778337149223219,383168588,4992,305.632660,96,559.283,-780.258,255,8,1,
1778337149223219,383178564,5000,306.122437,96,565.932,-775.449,255,8,1,
1778337149223219,383188518,5009,306.673492,95,567.391,-761.949,255,8,1,
1778337149224724,383198488,5017,307.163269,95,573.884,-757.071,255,8,1,
1778337149236241,383208442,5025,307.653076,94,574.226,-744.221,255,8,1,
1778337149244745,383218417,5033,308.142853,92,568.214,-723.555,255,8,1,
1778337149254926,383228363,5042,308.693878,91,568.895,-710.252,255,8,1,
1778337149397719,383238336,5050,309.183685,89,562.310,-689.861,255,8,1,
1778337149398719,383248282,5058,309.673462,88,561.802,-677.332,255,8,1,
1778337149399720,383258261,5066,310.163269,87,561.122,-664.862,255,8,1,
1778337149400719,383268207,5075,310.714294,85,554.444,-644.276,255,8,1,
1778337149401720,383278176,5083,311.204071,84,553.344,-631.989,255,8,1,
1778337149401720,383288126,5091,311.693878,83,552.075,-619.769,255,8,1,
1778337149402720,383298098,5099,312.183685,82,550.638,-607.617,255,8,1,
1778337149403720,383308045,5108,312.734680,81,549.670,-594.948,255,8,1,
1778337149403720,383318019,5116,313.224487,80,547.887,-582.941,255,8,1,
1778337149404720,383327970,5124,313.714264,79,545.939,-571.008,255,8,1,
1778337149405225,383337941,5132,314.204102,78,543.829,-559.151,255,8,1,
1778337149406229,383347883,5140,314.693878,77,541.555,-547.373,255,8,1,
1778337149407230,383357851,5148,315.183685,76,539.121,-535.676,255,8,1,
1778337149407230,383367794,5156,315.673462,76,543.681,-531.047,255,8,1,
1778337149408231,383377770,5165,316.224487,75,541.542,-518.876,255,8,1,
1778337149413230,383387713,5173,316.714294,74,538.678,-507.371,255,8,1,
1778337149422746,383397684,5181,317.204102,74,542.996,-502.748,255,8,1,
1778337149632149,383407625,5189,317.693878,73,539.878,-491.357,255,8,1,
1778337149633150,383417591,5198,318.244904,73,544.579,-486.142,255,8,1,
1778337149633150,383427542,5206,318.734680,72,541.198,-474.874,255,8,1,
1778337149634655,383437517,5214,319.224487,71,537.665,-463.699,255,8,1,
1778337149636667,383447466,5222,319.714294,71,541.609,-459.086,255,8,1,
1778337149637659,383457439,5230,320.204102,70,537.831,-448.038,255,8,1,
1778337149637659,383467388,5238,320.693878,69,533.903,-437.090,255,8,1,
1778337149638660,383477366,5246,321.183685,68,529.828,-426.241,255,8,1,
1778337149638660,383487314,5255,321.734680,67,526.051,-414.934,255,8,1,
1778337149639659,383497296,5263,322.224487,67,529.579,-410.421,255,8,1,
1778337149640658,383507246,5271,322.714294,66,525.112,-399.821,255,8,1,
1778337149640658,383517220,5279,323.204071,66,528.511,-395.318,255,8,1,
1778337149641659,383527167,5287,323.693878,65,523.812,-384.865,255,8,1,
1778337149642659,383537137,5295,324.183655,65,527.083,-380.373,255,8,1,
1778337149643658,383547083,5304,324.734711,64,522.552,-369.512,255,8,1,
1778337149644659,383557055,5312,325.224487,64,525.692,-365.032,255,8,1,
1778337149645161,383567003,5320,325.714294,64,528.793,-360.525,255,8,1,
1778337149646164,383576978,5328,326.204071,63,523.545,-350.429,255,8,1,
1778337149648168,383586924,5336,326.693878,63,526.522,-345.941,255,8,1,
1778337149650168,383596899,5344,327.183655,63,529.460,-341.427,255,8,1,
1778337149651168,383606849,5352,327.673462,62,523.909,-331.541,255,8,1,
1778337149652168,383616817,5360,328.163269,62,526.724,-327.050,255,8,1,
1778337149653168,383626773,5369,328.714294,62,529.845,-321.970,255,8,1,
1778337149660695,383636752,5377,329.204071,61,523.988,-312.309,255,8,1,
1778337149669787,383646701,5385,329.693878,61,526.638,-307.818,255,8,1,
1778337149882547,383656674,5393,330.183655,61,529.250,-303.305,255,8,1,
1778337149883547,383666631,5401,330.673492,60,523.106,-293.872,255,8,1,
1778337149883547,383676605,5409,331.163269,60,525.599,-289.389,255,8,1,
1778337149884548,383686555,5417,331.653076,60,528.053,-284.885,255,8,1,
1778337149885746,383696530,5425,332.142853,60,530.469,-280.361,255,8,1,
1778337149885746,383706480,5433,332.632660,59,523.966,-271.219,255,8,1,
1778337149886746,383716456,5441,333.122437,59,526.265,-266.730,255,8,1,
1778337149887745,383726405,5449,333.612244,59,528.526,-262.222,255,8,1,
1778337149888746,383736377,5457,334.102051,59,530.748,-257.694,255,8,1,
1778337149888746,383746334,5465,334.591827,58,523.899,-248.857,255,8,1,
1778337149889746,383756305,5474,335.142853,58,526.268,-243.807,255,8,1,
1778337149890784,383766257,5482,335.632660,58,528.333,-239.299,255,8,1,
1778337149891784,383776232,5490,336.122437,58,530.359,-234.774,255,8,1,
1778337149891784,383786176,5498,336.612244,58,532.347,-230.232,255,8,1,
1778337149892787,383796163,5506,337.102051,57,525.084,-221.782,255,8,1,
1778337149893785,383806111,5514,337.591827,57,526.960,-217.285,255,8,1,
1778337149893785,383816089,5522,338.081635,54,500.967,-201.574,255,8,1,
1778337149894784,383826043,5530,338.571411,49,456.128,-179.017,255,8,1,
1778337149895287,383836021,5538,339.061218,45,420.283,-160.817,255,8,1,
1778337149896291,383845978,5546,339.551025,45,421.643,-157.218,255,8,1,
1778337149896291,383855954,5554,340.040833,44,413.572,-150.194,255,8,1,
1778337149897293,383865913,5562,340.530609,44,414.841,-146.653,255,8,1,
1778337149898293,383875887,5570,341.020416,44,416.079,-143.102,255,8,1,
1778337149909622,383885843,5578,341.510193,44,417.287,-139.540,255,8,1,
1778337149918131,383895823,5586,342.000000,44,418.465,-135.967,255,8,1,
1778337149933013,383905773,5594,342.489777,44,419.612,-132.385,255,8,1,
1778337149937532,383915753,5602,342.979584,41,392.042,-120.012,255,8,1,
1778337149947034,383925706,5610,343.469391,40,383.467,-113.811,255,8,1,
1778337150138361,383935683,5618,343.959198,39,374.815,-107.766,255,8,1,
1778337150139361,383945638,5626,344.448975,39,375.723,-104.558,255,8,1,
1778337150140361,383955613,5634,344.938782,39,376.603,-101.342,255,8,1,
1778337150140361,383965568,5642,345.428558,39,377.456,-98.119,255,8,1,
1778337150141361,383975548,5651,345.979614,39,378.382,-94.484,255,8,1,
1778337150141361,383985502,5658,346.408142,39,379.078,-91.652,255,8,1,
1778337150142360,383995479,5667,346.959198,39,379.942,-88.002,255,8,1,
1778337150143361,384005435,5675,347.448975,39,380.680,-84.751,255,8,1,
1778337150143361,384015415,5683,347.938782,39,381.391,-81.493,255,8,1,
1778337150143361,384025369,5691,348.428558,39,382.073,-78.230,255,8,1,
1778337150144864,384035343,5699,348.918365,39,382.728,-74.961,255,8,1,
1778337150144864,384045291,5707,349.408173,42,412.844,-77.201,255,8,1,
1778337150145869,384055270,5714,349.836731,44,433.096,-77.640,255,8,1,
1778337150146869,384065213,5722,350.326538,45,443.602,-75.615,255,8,1,
1778337150146869,384075191,5730,350.816345,48,473.847,-76.608,255,8,1,
1778337150147870,384085146,5738,351.306122,52,514.025,-78.601,255,8,1,
1778337150147870,384095119,5746,351.795929,52,514.678,-74.204,255,8,1,
1778337150148869,384105070,5754,352.285706,53,525.203,-71.144,255,8,1,
1778337150148869,384115050,5762,352.775513,49,486.110,-61.621,255,8,1,
1778337150149870,384124995,5770,353.265320,47,466.757,-55.118,255,8,1,
1778337150154870,384134984,5778,353.755096,47,467.211,-51.126,255,8,1,
1778337150165418,384144937,5786,354.244904,47,467.631,-47.130,255,8,1,
1778337150179601,384154917,5793,354.673462,47,467.970,-43.631,255,8,1,
1778337150184601,384164871,5801,355.163269,47,468.326,-39.629,255,8,1,
1778337150346494,384174851,5809,355.653076,47,468.648,-35.624,255,8,1,
1778337150346494,384184801,5817,356.142853,47,468.935,-31.616,255,8,1,
1778337150347493,384194791,5825,356.632660,48,479.171,-28.194,255,8,1,
1778337150347493,384204744,5833,357.122437,47,469.407,-23.595,255,8,1,
1778337150348494,384214732,5841,357.612244,47,469.592,-19.581,255,8,1,
1778337150348494,384224684,5849,358.102051,47,469.742,-15.566,255,8,1,
1778337150349494,384234660,5856,358.530609,47,469.845,-12.052,255,8,1,
1778337150350493,384244616,5864,359.020416,47,469.931,-8.035,255,8,1,
1778337150350493,384254600,5872,359.510193,47,469.983,-4.018,255,8,1,
1778337150351469,384264551,0,0.000000,47,470.000,0.000,255,8,1,
1778337150351974,384274528,8,0.489796,47,469.983,4.018,255,8,1,
1778337150351974,384284480,16,0.979592,47,469.931,8.035,255,8,1,
1778337150352980,384294459,24,1.469388,46,459.849,11.796,255,8,1,
1778337150352980,384304415,31,1.897959,47,469.742,15.566,255,8,1,
1778337150354486,384314394,39,2.387755,47,469.592,19.581,255,8,1,
1778337150354486,384324346,47,2.877551,47,469.407,23.595,255,8,1,
1778337150355490,384334325,55,3.367347,46,459.206,27.019,255,8,1,
1778337150366000,384344274,63,3.857143,46,458.958,30.944,255,8,1,
1778337150381524,384354257,70,4.285714,46,458.714,34.376,255,8,1,
1778337150383029,384364206,78,4.775510,47,468.368,39.128,255,8,1,
1778337150522829,384374187,86,5.265306,46,458.059,42.213,255,8,1,
1778337150523829,384384140,94,5.755102,46,457.681,46.127,255,8,1,
1778337150524829,384394117,102,6.244898,46,457.270,50.038,255,8,1,
1778337150524829,384404071,110,6.734694,46,456.826,53.945,255,8,1,
1778337150525963,384414048,114,6.979592,44,436.739,53.467,255,8,1,
1778337150525963,384424006,116,7.102041,44,436.624,54.400,255,8,1,
1778337150526963,384433979,118,7.224490,44,436.507,55.333,255,8,1,
1778337150526963,384443931,118,7.224490,43,426.586,54.076,255,8,1,
1778337150527963,384453911,118,7.224490,44,436.507,55.333,255,8,1,
1778337150528552,384463865,118,7.224490,44,436.507,55.333,255,8,1,
1778337150529557,384473840,118,7.224490,44,436.507,55.333,255,8,1,
1778337150529557,384483791,118,7.224490,44,436.507,55.333,255,8,1,
1778337150530557,384493765,118,7.224490,44,436.507,55.333,255,8,1,
1778337150530557,384503718,117,7.163265,44,436.566,54.867,255,8,1,
1778337150531557,384513700,116,7.102041,45,446.547,55.637,255,8,1,
1778337150541623,384523651,115,7.040816,46,456.531,56.385,255,8,1,
1778337150695994,384533623,114,6.979592,46,456.591,55.897,255,8,1,
1778337150696998,384543573,112,6.857143,45,446.781,53.727,255,8,1,
1778337150696998,384553558,110,6.734694,44,436.964,51.600,255,8,1,
1778337150697998,384563509,107,6.551021,45,447.062,51.340,255,8,1,
1778337150698997,384573485,104,6.367347,44,437.286,48.797,255,8,1,
1778337150698997,384583438,100,6.122449,45,447.433,47.994,255,8,1,
1778337150699997,384593413,97,5.938776,44,437.639,45.525,255,8,1,
1778337150699997,384603359,93,5.693878,45,447.780,44.646,255,8,1,
1778337150700999,384613331,89,5.448980,45,447.967,42.732,255,8,1,
1778337150700999,384623277,85,5.204082,45,448.145,40.817,255,8,1,
1778337150701998,384633243,81,4.959184,45,448.315,38.901,255,8,1,
1778337150701998,384643203,77,4.714286,45,448.478,36.984,255,8,1,
1778337150702998,384653178,73,4.469388,45,448.632,35.067,255,8,1,
1778337150702998,384663125,69,4.224490,45,448.777,33.149,255,8,1,
1778337150704502,384673095,64,3.918367,45,448.948,30.751,255,8,1,
1778337150704502,384683043,60,3.673469,45,449.075,28.832,255,8,1,
1778337150709507,384693017,55,3.367347,45,449.223,26.432,255,8,1,
1778337150844664,384702957,51,3.122449,45,449.332,24.512,255,8,1,
1778337150845670,384712938,46,2.816327,45,449.456,22.110,255,8,1,
1778337150845670,384722888,41,2.510204,45,449.568,19.709,255,8,1,
1778337150846670,384732856,37,2.265306,45,449.648,17.787,255,8,1,
1778337150846670,384742807,32,1.959184,45,449.737,15.384,255,8,1,
1778337150847671,384752776,27,1.653061,45,449.813,12.981,255,8,1,
1778337150847671,384762734,22,1.346939,45,449.876,10.578,255,8,1,
1778337150848668,384772709,17,1.040816,44,439.927,7.992,255,8,1,
1778337150848668,384782660,12,0.734694,44,439.964,5.642,255,8,1,
1778337150849670,384792633,7,0.428571,45,449.987,3.366,255,8,1,
1778337150849670,384802580,2,0.122449,44,439.999,0.940,255,8,1,
1778337150850670,384812557,5876,359.755096,44,439.996,-1.881,255,8,1,
1778337150851670,384822497,5871,359.448975,45,449.979,-4.328,255,8,1,
1778337150851670,384832482,5866,359.142853,45,449.950,-6.732,255,8,1,
1778337151021650,384842432,5860,358.775513,45,449.897,-9.616,255,8,1,
1778337151022651,384852407,5855,358.469391,45,449.839,-12.020,255,8,1,
1778337151022651,384862357,5850,358.163269,45,449.769,-14.423,255,8,1,
1778337151023651,384872332,5844,357.795898,45,449.667,-17.307,255,8,1,
1778337151024650,384882283,5838,357.428589,45,449.547,-20.189,255,8,1,
1778337151025154,384892262,5833,357.122437,45,449.433,-22.591,255,8,1,
1778337151026160,384902213,5827,356.755096,45,449.279,-25.472,255,8,1,
1778337151026160,384912190,5821,356.387756,45,449.106,-28.352,255,8,1,
1778337151027165,384922139,5816,356.081635,46,458.925,-31.434,255,8,1,
1778337151028176,384932120,5810,355.714294,46,458.714,-34.376,255,8,1,
1778337151029164,384942074,5804,355.346954,46,458.484,-37.316,255,8,1,
1778337151030164,384952051,5798,354.979584,45,448.274,-39.380,255,8,1,
1778337151030164,384962007,5792,354.612244,46,457.968,-43.192,255,8,1,
1778337151031164,384971988,5786,354.244904,46,457.681,-46.127,255,8,1,
1778337151031164,384981937,5780,353.877533,46,457.376,-49.061,255,8,1,
1778337151032165,384991917,5774,353.510223,46,457.052,-51.992,255,8,1,
1778337151032165,385001872,5768,353.142853,46,456.710,-54.921,255,8,1,
1778337151033164,385011856,5762,352.775513,46,456.348,-57.848,255,8,1,
1778337151036674,385021807,5756,352.408173,45,446.055,-59.452,255,8,1,
1778337151210142,385031785,5749,351.979584,46,455.500,-64.182,255,8,1,
1778337151211143,385041738,5743,351.612244,46,455.080,-67.101,255,8,1,
1778337151211143,385051715,5737,351.244904,46,454.640,-70.017,255,8,1,
1778337151212143,385061667,5730,350.816345,46,454.104,-73.416,255,8,1,
1778337151212143,385071639,5724,350.448975,50,493.069,-82.963,255,8,1,
1778337151213148,385081589,5717,350.020416,50,492.435,-86.649,255,8,1,
1778337151213148,385091571,5711,349.653076,45,442.682,-80.824,255,8,1,
1778337151214652,385101523,5704,349.224487,43,422.418,-80.393,255,8,1,
1778337151214652,385111506,5697,348.795929,43,421.805,-83.551,255,8,1,
1778337151215657,385121451,5691,348.428558,43,421.260,-86.254,255,8,1,
1778337151215657,385131426,5684,348.000000,43,420.603,-89.402,255,8,1,
1778337151216657,385141377,5677,347.571442,43,419.923,-92.546,255,8,1,
1778337151216657,385151366,5670,347.142853,43,419.219,-95.684,255,8,1,
1778337151217657,385161319,5663,346.714294,43,418.492,-98.817,255,8,1,
1778337151217657,385171296,5656,346.285706,43,417.741,-101.945,255,8,1,
1778337151217657,385181250,5650,345.918365,43,417.079,-104.621,255,8,1,
1778337151218657,385191229,5642,345.428558,43,416.169,-108.182,255,8,1,
1778337151218657,385201183,5635,345.000000,43,415.348,-111.292,255,8,1,
1778337151231944,385211157,5628,344.571411,40,385.585,-106.415,255,8,1,
1778337151233943,385221110,5621,344.142853,38,365.539,-103.831,255,8,1,
1778337151371592,385231084,5614,343.714294,38,364.753,-106.562,255,8,1,
1778337151372592,385241031,5607,343.285706,38,363.945,-109.288,255,8,1,
1778337151373592,385251008,5599,342.795929,38,362.998,-112.395,255,8,1,
1778337151373592,385260958,5592,342.367340,38,362.147,-115.107,255,8,1,
1778337151374592,385270935,5585,341.938782,38,361.276,-117.813,255,8,1,
1778337151375099,385280880,5577,341.448975,38,360.255,-120.897,255,8,1,
1778337151375099,385290857,5570,341.020416,38,359.341,-123.588,255,8,1,
1778337151376107,385300819,5562,340.530609,39,367.700,-129.988,255,8,1,
1778337151377111,385310791,5554,340.040833,39,366.575,-133.127,255,8,1,
1778337151377111,385320740,5547,339.612244,38,356.195,-132.381,255,8,1,
1778337151378111,385330717,5539,339.122467,38,355.051,-135.421,255,8,1,
1778337151378111,385340663,5531,338.632629,39,363.193,-142.095,255,8,1,
1778337151379112,385350639,5523,338.142853,43,399.089,-160.086,255,8,1,
1778337151379112,385360582,5515,337.653046,45,416.204,-171.096,255,8,1,
1778337151383112,385370563,5508,337.224487,50,461.014,-193.561,255,8,1,
1778337151398057,385380509,5500,336.734680,54,496.090,-213.294,255,8,1,
1778337151402058,385390486,5491,336.183685,56,512.313,-226.131,255,8,1,
1778337151557396,385400441,5484,335.755096,57,519.725,-234.064,255,8,1,
1778337151558397,385410419,5476,335.265320,57,517.705,-238.498,255,8,1,
1778337151559396,385420364,5467,334.714294,57,515.388,-243.465,255,8,1,
1778337151560396,385430343,5459,334.224487,58,522.293,-252.211,255,8,1,
1778337151561395,385440287,5451,333.734680,58,520.118,-256.667,255,8,1,
1778337151561395,385450255,5443,333.244904,58,517.905,-261.103,255,8,1,
1778337151562396,385460203,5434,332.693878,58,515.370,-266.072,255,8,1,
1778337151563396,385470175,5426,332.204071,59,521.922,-275.131,255,8,1,
1778337151563396,385480118,5418,331.714294,59,519.551,-279.582,255,8,1,
1778337151563396,385490096,5409,331.163269,59,516.839,-284.566,255,8,1,
1778337151564901,385500043,5401,330.673492,59,514.387,-288.974,255,8,1,
1778337151565905,385510017,5392,330.122437,60,520.255,-298.889,255,8,1,
1778337151565905,385519959,5383,329.571442,60,517.357,-303.878,255,8,1,
1778337151566906,385529932,5375,329.081635,60,514.740,-308.290,255,8,1,
1778337151567906,385539878,5366,328.530609,61,520.281,-318.446,255,8,1,
1778337151568410,385549850,5357,327.979584,61,517.194,-323.435,255,8,1,
1778337151570414,385559797,5348,327.428558,61,514.060,-328.394,255,8,1,
1778337151587436,385569770,5340,326.938782,62,519.615,-338.232,255,8,1,
1778337151590438,385579715,5330,326.326538,62,515.971,-343.765,255,8,1,
1778337151740880,385589691,5322,325.836731,62,513.013,-348.163,255,8,1,
1778337151741880,385599640,5313,325.285706,63,517.861,-358.775,255,8,1,
1778337151741880,385609617,5304,324.734711,63,514.387,-363.739,255,8,1,
1778337151742880,385619568,5294,324.122437,64,518.574,-375.075,255,8,1,
1778337151743879,385629547,5285,323.571442,64,514.943,-380.045,255,8,1,
1778337151743879,385639501,5276,323.020416,65,519.252,-390.995,255,8,1,
1778337151743879,385649469,5267,322.469391,65,515.468,-395.970,255,8,1,
1778337151744879,385659422,5258,321.918365,65,511.636,-400.909,255,8,1,
1778337151745382,385669401,5248,321.306122,66,515.128,-412.605,255,8,1,
1778337151745382,385679354,5239,320.755096,67,518.881,-423.866,255,8,1,
1778337151746386,385689329,5230,320.204102,67,514.781,-428.837,255,8,1,
1778337151746386,385699278,5220,319.591827,68,517.783,-440.795,255,8,1,
1778337151747391,385709253,5211,319.040833,69,521.072,-452.309,255,8,1,
1778337151748391,385719199,5201,318.428558,69,516.209,-457.852,255,8,1,
1778337151749390,385729179,5191,317.816315,70,518.697,-470.057,255,8,1,
1778337151749390,385739126,5182,317.265320,71,521.498,-481.809,255,8,1,
1778337151758906,385749103,5172,316.653046,71,516.319,-487.354,255,8,1,
1778337151774529,385759048,5162,316.040833,72,518.281,-499.785,255,8,1,
1778337151778539,385769023,5152,315.428589,73,520.035,-512.312,255,8,1,
1778337151788745,385778968,5143,314.877533,74,522.139,-524.376,255,8,1,
1778337152002960,385788940,5133,314.265320,75,523.486,-537.087,255,8,1,
1778337152003958,385798892,5123,313.653046,75,517.717,-542.650,255,8,1,
1778337152003958,385808868,5114,313.102051,76,519.308,-554.905,255,8,1,
1778337152004961,385818815,5104,312.489807,77,520.103,-567.796,255,8,1,
1778337152004961,385828791,5094,311.877533,78,520.682,-580.767,255,8,1,
1778337152006094,385838743,5084,311.265320,80,527.637,-601.331,255,8,1,
1778337152006094,385848716,5075,310.714294,80,521.830,-606.377,255,8,1,
1778337152007098,385858673,5065,310.102051,82,528.204,-627.217,255,8,1,
1778337152007098,385868654,5055,309.489807,83,527.831,-640.542,255,8,1,
1778337152008099,385878605,5045,308.877533,85,533.509,-661.716,255,8,1,
1778337152008099,385888583,5036,308.326538,86,533.323,-674.661,255,8,1,
1778337152009099,385898535,5026,307.714294,87,532.200,-688.232,255,8,1,
1778337152009099,385908510,5016,307.102020,89,536.880,-709.831,255,8,1,
1778337152010098,385918458,5006,306.489807,91,541.159,-731.606,255,8,1,
1778337152010098,385928436,4997,305.938782,92,539.967,-744.873,255,8,1,
1778337152011097,385938390,4987,305.326538,94,543.541,-766.918,255,8,1,
1778337152011097,385948362,4977,304.714294,94,535.316,-772.682,255,8,1,
1778337152012097,385958312,4968,304.163269,94,527.860,-777.794,255,8,1,
1778337152013098,385968286,4958,303.551025,94,519.519,-783.390,255,8,1,
1778337152013098,385978237,4948,302.938782,93,505.681,-780.504,255,8,1,
1778337152013098,385988207,4938,302.326538,93,497.312,-785.863,255,8,1,
1778337152014603,385998161,4929,301.775513,92,484.465,-782.108,255,8,1,
1778337152015607,386008138,4919,301.163269,92,476.080,-787.240,255,8,1,
1778337152027827,386018089,4909,300.551025,92,467.641,-792.283,255,8,1,
1778337152035891,386028059,4900,300.000000,92,460.000,-796.743,255,8,1,
1778337152048000,386038010,4890,299.387756,88,431.831,-766.760,255,8,1,
1778337152055512,386047985,4880,298.775513,73,351.407,-639.854,255,8,1,
1778337152065750,386057932,4871,298.224487,69,326.320,-607.960,255,8,1,
1778337152229124,386067909,4862,297.673462,77,357.613,-681.919,255,8,1,
1778337152229124,386077855,4852,297.061218,80,363.954,-712.417,255,8,1,
1778337152230124,386087828,4842,296.448975,80,356.321,-716.265,255,8,1,
1778337152230124,386097776,4833,295.897949,80,349.416,-719.659,255,8,1,
1778337152231124,386107754,4823,295.285706,82,350.248,-741.435,255,8,1,
1778337152231124,386117706,4814,294.734680,85,355.654,-772.017,255,8,1,
1778337152232124,386127679,4804,294.122467,86,351.472,-784.900,255,8,1,
1778337152232124,386137623,4794,293.510193,86,343.064,-788.611,255,8,1,
1778337152233124,386147597,4785,292.959198,86,335.465,-791.873,255,8,1,
1778337152233124,386157551,4775,292.346954,85,323.182,-786.164,255,8,1,
1778337152233124,386167527,4765,291.734680,85,314.763,-789.572,255,8,1,
1778337152234629,386177477,4756,291.183685,78,281.860,-727.293,255,8,1,
1778337152234629,386187455,4746,290.571442,72,252.990,-674.089,255,8,1,
1778337152235634,386197407,4736,289.959167,73,249.186,-686.153,255,8,1,
1778337152235634,386207385,4727,289.408173,82,272.482,-773.404,255,8,1,
1778337152236634,386217332,4717,288.795898,83,267.424,-785.738,255,8,1,
1778337152236634,386227313,4708,288.244904,85,266.117,-807.268,255,8,1,
1778337152248146,386237261,4698,287.632660,85,257.476,-810.065,255,8,1,
1778337152253145,386247234,4688,287.020416,84,245.878,-803.208,255,8,1,
1778337152265820,386257190,4679,286.469391,84,238.143,-805.536,255,8,1,
1778337152428104,386267157,4669,285.857147,84,229.521,-808.035,255,8,1,
1778337152429105,386277108,4659,285.244904,83,218.245,-800.793,255,8,1,
1778337152430105,386287084,4650,284.693878,83,210.533,-802.855,255,8,1,
1778337152430105,386297035,4640,284.081635,84,204.375,-814.758,255,8,1,
1778337152431106,386307019,4630,283.469391,84,195.658,-816.895,255,8,1,
1778337152431106,386316969,4621,282.918365,84,187.793,-818.739,255,8,1,
1778337152432104,386326948,4611,282.306122,84,179.033,-820.699,255,8,1,
1778337152432104,386336901,4601,281.693878,84,170.253,-822.565,255,8,1,
1778337152433104,386346880,4592,281.142853,84,162.335,-824.165,255,8,1,
1778337152433104,386356830,4582,280.530609,84,153.519,-825.852,255,8,1,
1778337152434610,386366815,4572,279.918365,84,144.686,-827.445,255,8,1,
1778337152434610,386376771,4563,279.367340,84,136.721,-828.799,255,8,1,
1778337152435620,386386750,4553,278.755096,82,124.813,-810.445,255,8,1,
1778337152435620,386396699,4544,278.204071,73,104.170,-722.529,255,8,1,
1778337152436619,386406685,4534,277.591827,71,93.802,-703.776,255,8,1,
1778337152437617,386416625,4524,276.979614,73,88.707,-724.590,255,8,1,
1778337152437617,386426609,4515,276.428558,81,90.691,-804.907,255,8,1,
1778337152441616,386436560,4505,275.816315,87,88.165,-865.521,255,8,1,
1778337152585669,386446542,4496,275.265320,84,77.085,-836.456,255,8,1,
1778337152586670,386456497,4486,274.653046,73,59.219,-727.594,255,8,1,
1778337152586670,386466470,4477,274.102051,70,50.073,-698.207,255,8,1,
1778337152587670,386476428,4467,273.489777,69,42.001,-688.721,255,8,1,
1778337152587670,386486398,4458,272.938782,69,35.376,-689.093,255,8,1,
1778337152588670,386496350,4448,272.326538,69,28.010,-689.431,255,8,1,
1778337152589669,386506324,4438,271.714294,69,20.642,-689.691,255,8,1,
1778337152589669,386516272,4429,271.163269,70,14.211,-699.856,255,8,1,
1778337152590670,386526255,4419,270.551025,83,7.982,-829.962,255,8,1,
1778337152590670,386536182,4410,270.000000,99,-0.000,-990.000,255,8,1,
1778337152592175,386546150,4400,269.387756,103,-11.006,-1029.941,255,8,1,
1778337152592175,386556109,4391,268.836731,109,-22.129,-1089.775,255,8,1,
1778337152593180,386566095,4381,268.224487,120,-37.180,-1199.424,255,8,1,
1778337152593180,386576036,4372,267.673462,120,-48.714,-1199.011,255,8,1,
1778337152593180,386586018,4362,267.061218,123,-63.061,-1228.382,255,8,1,
1778337152737996,386595960,4353,266.510223,131,-79.740,-1307.571,255,8,1,
1778337152738998,386605945,4343,265.897949,134,-95.854,-1336.567,255,8,1,
1778337152738998,386615883,4334,265.346954,136,-110.326,-1355.518,255,8,1,
1778337152739996,386625866,4324,264.734680,137,-125.722,-1364.219,255,8,1,
1778337152740999,386635807,4315,264.183685,137,-138.835,-1362.947,255,8,1,
1778337152740999,386645792,4305,263.571442,136,-152.271,-1351.449,255,8,1,
1778337152741997,386655745,4296,263.020386,135,-164.047,-1339.996,255,8,1,
1778337152741997,386665719,4286,262.408173,145,-191.567,-1437.290,255,8,1,
1778337152742996,386675665,4277,261.857147,161,-228.043,-1593.768,255,8,1,
1778337152744500,386685641,4268,261.306122,170,-256.964,-1680.467,255,8,1,
1778337152744500,386695591,4258,260.693878,180,-291.077,-1776.309,255,8,1,
1778337152744500,386705568,4249,260.142853,184,-314.994,-1812.837,255,8,1,
1778337152745503,386715518,4239,259.530609,190,-345.249,-1868.369,255,8,1,
1778337152746504,386725483,4230,258.979584,204,-389.964,-2002.381,255,8,1,
1778337152746504,386735439,4221,258.428558,230,-461.356,-2253.253,255,8,1,
1778337152748507,386745401,4211,257.816345,247,-521.284,-2414.366,255,8,1,
1778337152760525,386755360,4202,257.265289,256,-564.319,-2497.027,255,8,1,
1778337152778560,386765328,4192,256.653076,263,-607.127,-2558.964,255,8,1,
1778337152778560,386775282,4183,256.102051,267,-641.316,-2591.836,255,8,1,
1778337152951025,386785252,4174,255.551025,270,-673.698,-2614.600,252,8,1,
1778337152951025,386795204,4164,254.938782,272,-706.795,-2626.565,246,8,1,
1778337152952026,386805166,4155,254.387756,274,-737.404,-2638.908,238,8,1,
1778337152953103,386815122,4145,253.775513,277,-773.942,-2659.683,227,8,1,
1778337152953103,386825086,4136,253.224503,275,-793.712,-2632.968,224,8,1,
1778337152954611,386835039,4127,252.673462,277,-824.953,-2644.306,229,8,1,
1778337152955911,386845006,4117,252.061218,277,-853.162,-2635.340,232,8,1,
1778337152956445,386854956,4108,251.510208,280,-887.980,-2655.464,222,8,1,
1778337152956971,386864926,4098,250.897949,282,-922.850,-2664.723,219,8,1,
1778337152957525,386874885,4089,250.346939,283,-951.797,-2665.142,215,8,1,
1778337152958119,386884857,4080,249.795929,284,-980.836,-2665.250,216,8,1,
1778337152958748,386894816,4070,249.183670,282,-1002.153,-2635.923,211,8,1,
1778337152959754,386904786,4061,248.632645,279,-1016.526,-2598.225,222,8,1,
1778337152960756,386914744,4052,248.081635,272,-1015.336,-2523.389,252,8,1,
1778337152961754,386924721,4042,247.469376,180,-689.719,-1662.615,255,8,1,
1778337152961754,386934665,4033,246.918365,121,-474.371,-1113.136,255,8,1,
1778337152962754,386944641,4024,246.367355,115,-461.002,-1053.555,255,8,1,
1778337152963754,386954590,4015,245.816330,113,-462.919,-1030.828,255,8,1,
1778337152966265,386964570,4005,245.204071,111,-465.520,-1007.666,255,8,1,
1778337152976529,386974520,3996,244.653061,109,-466.627,-985.068,255,8,1,
1778337153195296,386984496,3987,244.102051,108,-471.711,-971.539,255,8,1,
1778337153196559,386994444,3977,243.489792,108,-482.066,-966.443,255,8,1,
1778337153196559,387004422,3968,242.938782,107,-486.788,-952.857,255,8,1,
1778337153197566,387014373,3959,242.387756,104,-482.025,-921.549,255,8,1,
1778337153198565,387024346,3950,241.836746,103,-486.145,-908.055,255,8,1,
1778337153198565,387034296,3940,241.224487,103,-495.820,-902.808,255,8,1,
1778337153199565,387044271,3931,240.673477,102,-499.582,-889.279,255,8,1,
1778337153200565,387054222,3922,240.122452,102,-508.111,-884.434,255,8,1,
1778337153200565,387064196,3912,239.510208,102,-517.533,-878.954,255,8,1,
1778337153201567,387074146,3903,238.959183,102,-525.962,-873.936,255,8,1,
1778337153202567,387084119,3893,238.346924,101,-530.022,-859.754,255,8,1,
1778337153203566,387094072,3884,237.795914,100,-532.937,-846.155,255,8,1,
1778337153203566,387104065,3875,237.244904,98,-530.228,-824.171,255,8,1,
1778337153204566,387114019,3865,236.632660,98,-539.005,-818.458,255,8,1,
1778337153205629,387123995,3856,236.081650,97,-541.271,-804.939,255,8,1,
1778337153206629,387133947,3847,235.530609,95,-537.668,-783.207,255,8,1,
1778337153206629,387143922,3837,234.918365,93,-534.511,-761.051,255,8,1,
1778337153207629,387153860,3828,234.367340,92,-535.979,-747.747,255,8,1,
1778337153208629,387163836,3819,233.816330,91,-537.242,-734.487,255,8,1,
1778337153209629,387173785,3809,233.204086,91,-545.060,-728.704,255,8,1,
1778337153209629,387183761,3800,232.653076,90,-545.976,-715.479,255,8,1,
1778337153210628,387193708,3791,232.102036,90,-552.831,-710.195,255,8,1,
1778337153210628,387203683,3781,231.489792,90,-560.389,-704.248,255,8,1,
1778337153214629,387213634,3772,230.938782,89,-560.834,-691.061,255,8,1,
1778337153223147,387223603,3762,230.326523,89,-568.186,-685.029,255,8,1,
1778337153397627,387233550,3753,229.775513,89,-574.748,-679.533,255,8,1,
1778337153398627,387243524,3744,229.224472,89,-581.257,-673.974,255,8,1,
1778337153399626,387253476,3734,228.612244,88,-581.813,-660.222,255,8,1,
1778337153399626,387263446,3725,228.061218,87,-581.452,-647.158,255,8,1,
1778337153400627,387273392,3716,227.510208,86,-580.895,-634.162,255,8,1,
1778337153401628,387283367,3706,226.897949,86,-587.638,-627.919,255,8,1,
1778337153402627,387293318,3697,226.346939,85,-586.746,-615.003,255,8,1,
1778337153402627,387303287,3688,225.795914,84,-585.662,-602.163,255,8,1,
1778337153403626,387313230,3678,225.183685,84,-592.062,-595.871,255,8,1,
1778337153404626,387323197,3669,224.632645,85,-604.882,-597.175,255,8,1,
1778337153405131,387333152,3659,224.020416,87,-625.610,-604.576,255,8,1,
1778337153406137,387343126,3650,223.469376,89,-645.911,-612.290,255,8,1,
1778337153407138,387353076,3640,222.857147,87,-637.755,-591.750,255,8,1,
1778337153407138,387363048,3631,222.306122,83,-613.834,-558.666,255,8,1,
1778337153408138,387372993,3622,221.755112,82,-611.718,-546.078,255,8,1,
1778337153409137,387382958,3612,221.142853,82,-617.519,-539.510,255,8,1,
1778337153409137,387392900,3603,220.591843,82,-622.678,-533.546,255,8,1,
1778337153410137,387402869,3594,220.040817,81,-620.125,-521.100,255,8,1,
1778337153412137,387412813,3584,219.428574,81,-625.658,-514.444,255,8,1,
1778337153421714,387422781,3575,218.877548,81,-630.576,-508.403,255,8,1,
1778337153599747,387432722,3565,218.265320,81,-635.973,-501.636,255,8,1,
1778337153600748,387442693,3556,217.714279,81,-640.768,-495.497,255,8,1,
1778337153601748,387452638,3546,217.102036,80,-638.050,-482.589,255,8,1,
1778337153602748,387462605,3537,216.551025,80,-642.661,-476.431,255,8,1,
1778337153602748,387472553,3528,216.000015,80,-647.213,-470.228,255,8,1,
1778337153603748,387482519,3518,215.387756,80,-652.201,-463.286,255,8,1,
1778337153604748,387492463,3509,214.836746,80,-656.626,-456.992,255,8,1,
1778337153605253,387502428,3500,214.285706,81,-669.253,-456.289,255,8,1,
1778337153606258,387512371,3490,213.673462,81,-674.091,-449.112,255,8,1,
1778337153606258,387522345,3481,213.122452,81,-678.379,-442.608,255,8,1,
1778337153607264,387532290,3472,212.571442,81,-682.604,-436.064,255,8,1,
1778337153608263,387542259,3462,211.959183,81,-687.225,-428.745,255,8,1,
1778337153608263,387552203,3453,211.408157,81,-691.316,-422.116,255,8,1,
1778337153609264,387562171,3444,210.857147,81,-695.343,-415.448,255,8,1,
1778337153610263,387572116,3434,210.244888,81,-699.743,-407.994,255,8,1,
1778337153611263,387582086,3425,209.693878,81,-703.634,-401.246,255,8,1,
1778337153612263,387592033,3415,209.081619,81,-707.882,-393.705,255,8,1,
1778337153612263,387601999,3406,208.530609,82,-720.421,-391.655,255,8,1,
1778337153613263,387611942,3397,207.979584,82,-724.154,-384.709,255,8,0,unstable_angle_bin
1778337153619781,387621909,3387,207.367355,83,-737.104,-381.546,255,8,0,unstable_angle_bin
1778337153829080,387631848,3378,206.816315,84,-749.664,-378.951,255,8,0,unstable_angle_bin
1778337153830079,387641819,3369,206.265305,88,-789.144,-389.425,255,8,0,unstable_angle_bin
1778337153831079,387651746,3360,205.714294,118,-1063.143,-511.983,255,8,0,unstable_angle_bin
1778337153831079,387661714,3350,205.102051,167,-1512.275,-708.467,255,8,1,
1778337153832079,387671658,3341,204.551010,201,-1828.279,-835.161,255,8,1,
1778337153833079,387681625,3332,204.000000,208,-1900.175,-846.012,255,8,1,
1778337153833079,387691571,3322,203.387741,209,-1918.285,-829.629,255,8,1,
1778337153834583,387701532,3313,202.836731,210,-1935.391,-815.024,255,8,1,
1778337153834583,387711479,3304,202.285721,210,-1943.139,-796.374,255,8,1,
1778337153835587,387721444,3294,201.673477,210,-1951.538,-775.565,255,8,1,
1778337153835587,387731395,3285,201.122437,211,-1968.234,-760.364,255,8,1,
1778337153836588,387741364,3276,200.571426,214,-2003.543,-751.942,255,8,1,
1778337153837588,387751311,3267,200.020416,219,-2057.660,-749.757,255,8,1,
1778337153837588,387761279,3257,199.408157,228,-2150.440,-757.634,255,8,1,
1778337153838587,387771225,3248,198.857147,240,-2271.186,-775.703,255,8,1,
1778337153838587,387781189,3239,198.306122,251,-2382.974,-788.376,255,8,1,
1778337153839587,387791140,3230,197.755112,254,-2419.016,-774.571,255,8,0,unstable_angle_bin
1778337153840587,387801104,3221,197.204071,254,-2426.354,-751.271,255,8,0,unstable_angle_bin
1778337153840587,387811059,3212,196.653061,251,-2404.725,-719.305,255,8,0,unstable_angle_bin
1778337153841587,387821030,3202,196.040817,233,-2239.282,-643.830,255,8,0,unstable_angle_bin
1778337153842588,387830966,3193,195.489807,159,-1532.248,-424.636,255,8,1,
1778337153842588,387840941,3184,194.938766,115,-1111.132,-296.455,255,8,1,
1778337153847101,387850907,3175,194.387756,96,-929.891,-238.544,255,8,1,
1778337153857612,387860883,3166,193.836746,90,-873.883,-215.241,255,8,1,
1778337153867121,387870828,3156,193.224487,87,-846.929,-199.027,255,8,1,
1778337154039025,387880805,3147,192.673462,87,-848.804,-190.873,255,8,1,
1778337154040024,387890748,3138,192.122452,86,-840.823,-180.601,255,8,1,
1778337154040024,387900718,3129,191.571442,86,-842.521,-172.507,255,8,1,
1778337154041024,387910664,3120,191.020401,86,-844.141,-164.396,255,8,1,
1778337154042024,387920632,3111,190.469391,86,-845.683,-156.271,255,8,1,
1778337154043023,387930578,3101,189.857147,86,-847.304,-147.225,255,8,1,
1778337154043023,387940545,3092,189.306122,86,-848.681,-139.070,255,8,1,
1778337154043023,387950491,3083,188.755096,86,-849.979,-130.902,255,8,1,
1778337154044527,387960460,3074,188.204086,86,-851.199,-122.722,255,8,1,
1778337154045533,387970403,3065,187.653076,85,-842.429,-113.198,255,8,1,
1778337154046533,387980370,3055,187.040817,79,-784.043,-96.835,255,8,1,
1778337154047533,387990316,3046,186.489792,73,-725.322,-82.509,255,8,1,
1778337154047533,388000279,3037,185.938782,72,-716.136,-74.495,255,8,1,
1778337154048532,388010225,3028,185.387756,71,-706.863,-66.666,255,8,1,
1778337154049532,388020191,3019,184.836731,71,-707.472,-59.865,255,8,1,
1778337154049532,388030133,3010,184.285721,70,-698.043,-52.311,255,8,1,
1778337154050531,388040095,3000,183.673462,69,-688.582,-44.208,255,8,1,
1778337154051531,388050046,2991,183.122452,61,-609.094,-33.227,255,8,1,
1778337154059039,388064001,2978,182.326523,59,-589.514,-23.951,255,8,1,
1778337154069551,388073938,2969,181.775513,59,-589.717,-18.280,255,8,1,
1778337154312948,388083910,2960,181.224487,59,-589.865,-12.608,255,8,1,
1778337154313947,388093855,2951,180.673477,59,-589.959,-6.935,255,8,1,
1778337154314947,388103822,2942,180.122452,59,-589.999,-1.261,255,8,1,
1778337154315451,388113768,2933,179.571426,59,-589.983,4.413,255,8,1,
1778337154316455,388123739,2923,178.959183,59,-589.903,10.717,255,8,1,
1778337154316455,388133682,2914,178.408157,59,-589.772,16.390,255,8,1,
1778337154317467,388143653,2905,177.857147,59,-589.587,22.061,255,8,1,
1778337154317467,388153601,2896,177.306122,59,-589.348,27.730,255,8,1,
1778337154318455,388163578,2887,176.755112,59,-589.054,33.396,255,8,1,
1778337154319454,388173532,2877,176.142853,59,-588.664,39.689,255,8,1,
1778337154320454,388183503,2868,175.591827,59,-588.255,45.348,255,8,1,
1778337154320956,388193450,2859,175.040817,59,-587.791,51.003,255,8,1,
1778337154321960,388203422,2850,174.489792,56,-557.412,53.773,255,8,1,
1778337154321960,388213374,2841,173.938782,53,-527.037,55.963,255,8,1,
1778337154322960,388223342,2831,173.326538,53,-526.409,61.592,255,8,1,
1778337154322960,388233280,2822,172.775513,56,-555.554,70.424,255,8,1,
1778337154323961,388243257,2813,172.224487,57,-564.759,77.117,255,8,1,
1778337154324961,388253200,2804,171.673462,57,-563.992,82.544,255,8,1,
1778337154326008,388263167,2795,171.122452,56,-553.291,86.421,255,8,1,
1778337154327009,388273117,2786,170.571426,54,-532.705,88.462,255,8,1,
1778337154327960,388283088,2776,169.959183,54,-531.729,94.149,255,8,1,
1778337154328530,388293030,2767,169.408157,54,-530.799,99.258,255,8,1,
1778337154328530,388303000,2758,168.857132,54,-529.820,104.358,255,8,1,
1778337154329535,388312949,2749,168.306122,54,-528.792,109.449,255,8,1,
1778337154330535,388322929,2740,167.755112,54,-527.715,114.529,255,8,1,
1778337154331542,388332878,2731,167.204086,55,-536.341,121.813,255,8,1,
1778337154336779,388342847,2722,166.653061,55,-535.145,126.966,255,8,1,
1778337154532910,388352788,2713,166.102036,54,-524.192,129.705,255,8,1,
1778337154533908,388362756,2704,165.551010,54,-522.920,134.740,255,8,1,
1778337154533908,388372705,2694,164.938782,54,-521.450,140.320,255,8,1,
1778337154534908,388382676,2685,164.387756,54,-520.077,145.328,255,8,1,
1778337154536000,388392619,2676,163.836731,54,-518.655,150.323,255,8,1,
1778337154536999,388402591,2667,163.285721,53,-507.608,152.428,255,8,1,
1778337154537998,388412526,2658,162.734695,52,-496.569,154.334,255,8,1,
1778337154539000,388422505,2649,162.183670,48,-456.980,146.864,255,8,1,
1778337154539000,388432452,2640,161.632645,44,-417.585,138.648,255,8,1,
1778337154540000,388442422,2631,161.081635,44,-416.232,142.657,255,8,1,
1778337154541001,388452374,2622,160.530624,43,-405.413,143.320,255,8,1,
1778337154541001,388462348,2613,159.979599,43,-404.015,147.213,255,8,1,
1778337154542000,388472293,2604,159.428574,42,-393.219,147.577,255,8,1,
1778337154542999,388482271,2595,158.877548,42,-391.781,151.352,255,8,1,
1778337154542999,388492215,2586,158.326523,42,-390.308,155.113,255,8,1,
1778337154544503,388502191,2577,157.775513,41,-379.541,155.077,255,8,1,
1778337154545512,388512138,2568,157.224487,41,-378.032,158.720,255,8,1,
1778337154546510,388522112,2559,156.673477,41,-376.488,162.348,255,8,1,
1778337154546510,388532062,2550,156.122452,41,-374.909,165.961,255,8,1,
1778337154547520,388542043,2540,155.510208,41,-373.114,169.958,255,8,1,
1778337154547520,388552002,2531,154.959183,40,-362.403,169.306,255,8,1,
1778337154554513,388561981,2522,154.408157,40,-360.758,172.783,255,8,1,
1778337154563209,388571933,2513,153.857147,40,-359.079,176.244,255,8,1,
1778337154739355,388581906,2504,153.306122,40,-357.368,179.689,255,8,1,
1778337154740360,388591851,2495,152.755096,40,-355.623,183.118,255,8,1,
1778337154740990,388601827,2486,152.204086,40,-353.846,186.529,255,8,1,
1778337154741495,388611776,2477,151.653061,39,-343.235,185.176,255,8,1,
1778337154742500,388621752,2468,151.102036,39,-341.438,188.468,255,8,1,
1778337154743500,388631699,2459,150.551025,39,-339.610,191.743,255,8,1,
1778337154743500,388641682,2450,150.000000,39,-337.750,195.000,255,8,1,
1778337154744500,388651633,2441,149.448990,39,-335.859,198.239,255,8,1,
1778337154744500,388661613,2432,148.897964,38,-325.375,196.294,255,8,1,
1778337154745964,388671557,2423,148.346939,38,-323.472,199.414,255,8,1,
1778337154745964,388682521,2414,147.795914,38,-321.539,202.516,255,8,1,
1778337154746963,388691474,2405,147.244888,38,-319.576,205.599,255,8,1,
1778337154746963,388701447,2396,146.693878,38,-317.585,208.663,255,8,1,
1778337154747965,388711395,2387,146.142868,38,-315.563,211.707,255,8,1,
1778337154747965,388721372,2378,145.591843,38,-313.513,214.732,255,8,1,
1778337154748963,388731318,2369,145.040817,38,-311.433,217.737,255,8,1,
1778337154749970,388741289,2360,144.489792,38,-309.325,220.722,255,8,1,
1778337154749970,388751231,2351,143.938766,38,-307.188,223.687,255,8,1,
1778337154751965,388761200,2342,143.387756,38,-305.022,226.631,255,8,1,
1778337154897370,388771146,2334,142.897964,37,-295.098,223.197,255,8,1,
1778337154897370,388781123,2324,142.285721,37,-292.696,226.338,255,8,1,
1778337154898372,388791077,2316,141.795929,37,-290.751,228.832,255,8,1,
1778337154899372,388801050,2307,141.244904,37,-288.537,231.617,255,8,1,
1778337154899372,388810997,2298,140.693878,37,-286.296,234.382,255,8,1,
1778337154900370,388820971,2289,140.142853,37,-284.029,237.124,255,8,1,
1778337154900370,388830912,2280,139.591827,37,-281.735,239.845,255,8,1,
1778337154901371,388840889,2271,139.040817,37,-279.415,242.543,255,8,1,
1778337154902372,388850835,2262,138.489807,36,-269.582,238.591,255,8,1,
1778337154903371,388860811,2254,138.000000,36,-267.532,240.887,255,8,1,
1778337154903371,388870758,2244,137.387756,36,-264.943,243.732,255,8,1,
1778337154903371,388880728,2236,136.897964,36,-262.850,245.988,255,8,1,
1778337154904876,388890679,2227,136.346939,37,-267.707,255.407,255,8,1,
1778337154905881,388900657,2218,135.795914,36,-258.070,250.998,255,8,1,
1778337154906468,388910600,2209,135.244904,36,-255.644,253.468,255,8,1,
1778337154910477,388920579,2200,134.693878,36,-253.195,255.915,255,8,1,
1778337154919983,388930525,2191,134.142853,36,-250.722,258.338,255,8,1,
1778337154930502,388940499,2182,133.591843,36,-248.226,260.737,255,8,1,
1778337155078201,388950444,2174,133.102036,36,-245.988,262.850,255,8,1,
1778337155079203,388960421,2165,132.551025,36,-243.449,265.203,255,8,1,
1778337155080204,388970369,2156,132.000000,36,-240.887,267.532,255,8,1,
1778337155080204,388980347,2147,131.448975,36,-238.303,269.836,255,8,1,
1778337155081203,388990299,2138,130.897964,36,-235.697,272.116,255,8,1,
1778337155082202,389000275,2129,130.346939,36,-233.069,274.370,255,8,1,
1778337155082202,389010221,2121,129.857147,36,-230.715,276.352,255,8,1,
1778337155083202,389020197,2112,129.306122,36,-228.047,278.558,255,8,1,
1778337155083202,389030143,2103,128.755096,36,-225.357,280.738,255,8,1,
1778337155083202,389040117,2094,128.204071,35,-216.462,275.035,255,8,1,
1778337155084707,389050060,2085,127.653061,35,-213.808,277.103,255,8,1,
1778337155084707,389060032,2076,127.102043,35,-211.133,279.147,255,8,1,
1778337155085713,389069982,2067,126.551018,35,-208.438,281.164,255,8,1,
1778337155086713,389079954,2058,126.000000,35,-205.725,283.156,255,8,1,
1778337155086713,389089897,2050,125.510208,35,-203.297,284.904,255,8,1,
1778337155088712,389099875,2041,124.959183,35,-200.547,286.846,255,8,1,
1778337155098109,389109819,2032,124.408157,35,-197.780,288.762,255,8,1,
1778337155118128,389119800,2023,123.857140,35,-194.993,290.650,255,8,1,
1778337155118128,389129753,2014,123.306129,35,-192.189,292.512,255,8,1,
1778337155293011,389139730,2006,122.816322,35,-189.682,294.144,255,8,1,
1778337155293011,389149679,1997,122.265312,35,-186.844,295.955,255,8,1,
1778337155294537,389159653,1988,121.714287,35,-183.989,297.738,255,8,1,
1778337155295543,389169604,1979,121.163269,35,-181.117,299.494,255,8,1,
1778337155295543,389179576,1970,120.612244,35,-178.229,301.222,255,8,1,
1778337155296544,389189534,1962,120.122452,34,-170.629,294.085,255,8,1,
1778337155297548,389199507,1953,119.571426,34,-167.793,295.712,255,8,1,
1778337155298548,389209459,1944,119.020409,34,-164.941,297.312,255,8,1,
1778337155298548,389219433,1935,118.469383,34,-162.074,298.884,255,8,1,
1778337155299549,389229380,1927,117.979591,34,-159.513,300.259,255,8,1,
1778337155299549,389239350,1918,117.428574,34,-156.618,301.779,255,8,1,
1778337155300548,389249300,1909,116.877548,34,-153.709,303.271,255,8,1,
1778337155300548,389259276,1900,116.326538,34,-150.785,304.736,255,8,1,
1778337155301548,389269222,1892,115.836731,34,-148.175,306.013,255,8,1,
1778337155301548,389279193,1883,115.285713,34,-145.225,307.424,255,8,1,
1778337155302548,389289143,1874,114.734695,34,-142.262,308.807,255,8,1,
1778337155303549,389299109,1865,114.183678,34,-139.285,310.161,255,8,1,
1778337155303549,389309059,1856,113.632652,34,-136.296,311.486,255,8,1,
1778337155306059,389319029,1848,113.142860,34,-133.629,312.639,255,8,1,
1778337155461809,389328978,1839,112.591843,34,-130.616,313.910,255,8,1,
1778337155462808,389338948,1830,112.040817,34,-127.591,315.152,255,8,1,
1778337155462808,389348893,1822,111.551025,34,-124.892,316.231,255,8,1,
1778337155463807,389358863,1813,111.000000,34,-121.845,317.417,255,8,1,
1778337155463807,389368804,1804,110.448982,34,-118.787,318.574,255,8,1,
1778337155464808,389378782,1795,109.897957,34,-115.718,319.702,255,8,1,
1778337155465312,389388733,1787,109.408165,34,-112.980,320.680,255,8,1,
1778337155466317,389398707,1778,108.857140,34,-109.891,321.751,255,8,1,
1778337155466317,389408658,1769,108.306122,34,-106.792,322.793,255,8,1,
1778337155467318,389418633,1760,107.755096,34,-103.683,323.805,255,8,1,
1778337155468319,389428581,1752,107.265305,34,-100.911,324.680,255,8,1,
1778337155468319,389438558,1743,106.714279,34,-97.784,325.635,255,8,1,
1778337155469319,389448505,1734,106.163269,34,-94.648,326.561,255,8,1,
1778337155469319,389458477,1726,105.673470,34,-91.853,327.358,255,8,1,
1778337155470319,389468423,1717,105.122444,34,-88.700,328.226,255,8,1,
1778337155471318,389478400,1708,104.571434,34,-85.540,329.064,255,8,1,
1778337155474823,389488349,1700,104.081627,34,-82.723,329.783,255,8,1,
1778337155490877,389498324,1691,103.530609,34,-79.548,330.563,255,8,1,
1778337155493384,389508267,1682,102.979599,34,-76.365,331.313,255,8,1,
1778337155503919,389518240,1674,102.489792,34,-73.530,331.954,255,8,1,
1778337155658095,389528191,1665,101.938782,34,-70.335,332.646,255,8,1,
1778337155659095,389538164,1656,101.387756,34,-67.132,333.307,255,8,1,
1778337155660095,389548114,1648,100.897957,34,-64.281,333.868,255,8,1,
1778337155660095,389558087,1639,100.346947,34,-61.067,334.471,255,8,1,
1778337155661094,389568032,1630,99.795921,34,-57.847,335.043,255,8,1,
1778337155661094,389578004,1622,99.306114,34,-54.981,335.525,255,8,1,
1778337155662097,389587951,1613,98.755104,34,-51.752,336.038,255,8,1,
1778337155663095,389597918,1604,98.204086,34,-48.518,336.520,255,8,1,
1778337155663095,389607864,1595,97.653061,34,-45.279,336.971,255,8,1,
1778337155663095,389617835,1587,97.163269,34,-42.397,337.346,255,8,1,
1778337155664600,389627787,1578,96.612244,33,-37.999,327.805,255,8,1,
1778337155665606,389637755,1570,96.122452,34,-36.262,338.061,255,8,1,
1778337155666606,389647702,1561,95.571434,34,-33.009,338.394,255,8,1,
1778337155666606,389657676,1552,95.020409,34,-29.754,338.696,255,8,1,
1778337155667611,389667627,1544,94.530617,34,-26.857,338.938,255,8,1,
1778337155668612,389677606,1535,93.979591,34,-23.596,339.180,255,8,1,
1778337155672612,389687558,1527,93.489799,34,-20.696,339.370,255,8,1,
1778337155686633,389697531,1518,92.938782,34,-17.431,339.553,255,8,1,
1778337155691632,389707483,1510,92.448975,34,-14.528,339.689,255,8,1,
1778337155894962,389717456,1501,91.897964,34,-11.261,339.813,255,8,1,
1778337155894962,389727402,1492,91.346939,34,-7.992,339.906,255,8,1,
1778337155895967,389737376,1484,90.857147,34,-5.086,339.962,255,8,1,
1778337155895967,389747323,1475,90.306129,34,-1.817,339.995,255,8,1,
1778337155896971,389757294,1466,89.755104,34,1.453,339.997,255,8,1,
1778337155897971,389767242,1458,89.265305,34,4.360,339.972,255,8,1,
1778337155898972,389777209,1449,88.714287,34,7.629,339.914,255,8,1,
1778337155898972,389787155,1441,88.224487,34,10.534,339.837,255,8,1,
1778337155899972,389797127,1432,87.673470,34,13.802,339.720,255,8,1,
1778337155900971,389807076,1424,87.183678,34,16.706,339.589,255,8,1,
1778337155900971,389817046,1415,86.632652,34,19.971,339.413,255,8,1,
1778337155901971,389826988,1406,86.081627,34,23.234,339.205,255,8,1,
1778337155901971,389836960,1398,85.591835,34,26.133,338.994,255,8,1,
1778337155902971,389846901,1390,85.102043,34,29.030,338.758,255,8,1,
1778337155902971,389856871,1381,84.551025,34,32.286,338.464,255,8,1,
1778337155904476,389866813,1373,84.061226,34,35.178,338.175,255,8,1,
1778337155904476,389876775,1364,83.510201,34,38.429,337.821,255,8,1,
1778337155905482,389886726,1356,83.020409,34,41.315,337.480,255,8,1,
1778337155905482,389896695,1347,82.469391,34,44.559,337.067,255,8,1,
1778337155906482,389906644,1339,81.979591,34,47.439,336.674,255,8,1,
1778337155907497,389916619,1331,81.489799,34,50.315,336.256,255,8,1,
1778337155910485,389926564,1322,80.938774,34,53.547,335.757,255,8,1,
1778337155921682,389936537,1314,80.448982,34,56.415,335.287,255,8,1,
1778337156116612,389946486,1305,79.897957,34,59.637,334.729,255,8,1,
1778337156116612,389956464,1297,79.408165,34,62.496,334.207,255,8,1,
1778337156117613,389966406,1288,78.857147,35,67.640,343.402,255,8,1,
1778337156118612,389976386,1280,78.367348,35,70.573,342.811,255,8,1,
1778337156119612,389986336,1272,77.877556,35,73.501,342.195,255,8,1,
1778337156119612,389996310,1263,77.326530,35,76.788,341.473,255,8,1,
1778337156120612,390006260,1255,76.836731,35,79.704,340.804,255,8,1,
1778337156120612,390016234,1246,76.285713,35,82.978,340.022,255,8,1,
1778337156121611,390026180,1238,75.795914,35,85.882,339.300,255,8,1,
1778337156122612,390036155,1230,75.306122,35,88.779,338.553,255,8,1,
1778337156122612,390046102,1222,74.816322,35,91.670,337.782,255,8,1,
1778337156123611,390056077,1213,74.265305,35,94.914,336.885,255,8,1,
1778337156124613,390066024,1205,73.775513,35,97.791,336.061,255,8,1,
1778337156125117,390075995,1196,73.224487,35,101.018,335.105,255,8,1,
1778337156126122,390085941,1188,72.734695,35,103.879,334.229,255,8,1,
1778337156127126,390095909,1180,72.244896,35,106.732,333.329,255,8,1,
1778337156127126,390105866,1172,71.755104,35,109.578,332.404,255,8,1,
1778337156128127,390115839,1163,71.204079,35,112.769,331.335,255,8,1,
1778337156129128,390125785,1155,70.714287,35,115.598,330.359,255,8,1,
1778337156130127,390135761,1146,70.163269,35,118.769,329.232,255,8,1,
1778337156130127,390145704,1138,69.673470,36,125.053,337.582,255,8,1,
1778337156137635,390155677,1130,69.183670,36,127.934,336.501,255,8,1,
1778337156154646,390165621,1121,68.632652,36,131.165,335.255,255,8,1,
1778337156157652,390175595,1113,68.142853,36,134.026,334.121,255,8,1,
1778337156406444,390184539,1105,67.653061,36,136.877,332.963,255,8,1,
1778337156407447,390195514,1096,67.102043,36,140.073,331.632,255,8,1,
1778337156408447,390205463,1088,66.612244,36,142.903,330.422,255,8,1,
1778337156409447,390215433,1080,66.122452,36,145.722,329.189,255,8,1,
1778337156410447,390225382,1072,65.632652,36,148.531,327.931,255,8,1,
1778337156411446,390235357,1063,65.081635,36,151.678,326.487,255,8,1,
1778337156411446,390245304,1055,64.591835,36,154.463,325.179,255,8,1,
1778337156412446,390255274,1047,64.102036,36,157.237,323.846,255,8,1,
1778337156413446,390265221,1039,63.612244,36,160.000,322.490,255,8,1,
1778337156413446,390275191,1030,63.061222,36,163.094,320.937,255,8,1,
1778337156414949,390285138,1022,62.571430,36,165.831,319.531,255,8,1,
1778337156414949,390295112,1014,62.081631,37,173.239,326.938,255,8,1,
1778337156415952,390305052,1006,61.591839,37,176.027,325.445,255,8,1,
1778337156416954,390315024,998,61.102039,37,178.803,323.928,255,8,1,
1778337156416954,390324968,989,60.551018,37,181.910,322.194,255,8,1,
1778337156417954,390334938,981,60.061226,37,184.657,320.627,255,8,1,
1778337156417954,390344875,973,59.571426,37,187.392,319.037,255,8,1,
1778337156417954,390354848,964,59.020412,37,190.451,317.220,255,8,1,
1778337156418954,390364789,956,58.530613,37,193.156,315.580,255,8,1,
1778337156418954,390374761,948,58.040813,37,195.847,313.917,255,8,1,
1778337156419954,390384706,940,57.551022,37,198.523,312.232,255,8,1,
1778337156420954,390394679,932,57.061222,38,206.622,318.916,255,8,1,
1778337156420954,390404625,924,56.571430,38,209.341,317.138,255,8,1,
1778337156421954,390414598,915,56.020409,38,212.381,315.110,255,8,1,
1778337156422955,390424544,907,55.530609,38,215.067,313.283,255,8,1,
1778337156422955,390434507,899,55.040817,38,217.737,311.433,255,8,1,
1778337156424955,390444454,891,54.551018,38,220.392,309.560,255,8,1,
1778337156434521,390454424,883,54.061226,38,223.030,307.665,255,8,1,
1778337156448697,390464365,875,53.571426,38,225.652,305.747,255,8,1,
1778337156650428,390474333,867,53.081635,38,228.257,303.807,255,8,1,
1778337156651219,390484279,859,52.591839,38,230.846,301.845,255,8,1,
1778337156651723,390494242,851,52.102039,39,239.560,307.751,255,8,1,
1778337156651723,390504185,843,51.612247,39,242.182,305.692,255,8,1,
1778337156652727,390514152,835,51.122448,39,244.787,303.611,255,8,1,
1778337156653739,390524097,827,50.632656,39,247.373,301.507,255,8,1,
1778337156653739,390534064,819,50.142857,39,249.941,299.381,255,8,1,
1778337156655231,390544004,811,49.653057,39,252.492,297.234,255,8,1,
1778337156655231,390553971,803,49.163265,39,255.023,295.065,255,8,1,
1778337156656238,390563916,795,48.673470,39,257.536,292.874,255,8,1,
1778337156657246,390573885,787,48.183674,40,266.698,298.114,255,8,1,
1778337156658247,390583826,779,47.693878,40,269.237,295.824,255,8,1,
1778337156659243,390593795,771,47.204082,40,271.756,293.511,255,8,1,
1778337156659243,390603740,764,46.775509,41,280.792,298.757,255,8,1,
1778337156660244,390613709,756,46.285717,41,283.336,296.346,255,8,1,
1778337156660244,390623646,748,45.795918,41,285.859,293.913,255,8,1,
1778337156661243,390633620,740,45.306122,41,288.361,291.459,255,8,1,
1778337156662243,390643566,732,44.816326,43,305.029,303.080,255,8,1,
1778337156662243,390653536,724,44.326530,45,321.916,314.436,255,8,1,
1778337156663243,390663484,717,43.897957,46,331.465,318.953,255,8,1,
1778337156663243,390673450,709,43.408161,47,341.444,322.980,255,8,1,
1778337156664747,390683389,701,42.918365,47,344.193,320.049,255,8,1,
1778337156678275,390693358,693,42.428570,47,346.916,317.095,255,8,1,
1778337156682264,390703312,686,42.000000,47,349.278,314.491,255,8,1,
1778337156691772,390713283,678,41.510204,48,359.442,318.122,255,8,1,
1778337156896101,390723230,670,41.020409,48,362.148,315.037,255,8,1,
1778337156897106,390733208,662,40.530609,49,372.429,318.429,255,8,1,
1778337156897106,390743159,654,40.040817,49,375.137,315.233,255,8,1,
1778337156898105,390753136,646,39.551022,46,354.687,292.912,255,8,1,
1778337156899104,390763084,639,39.122448,46,356.868,290.251,255,8,1,
1778337156899104,390773053,631,38.632652,46,359.336,287.189,255,8,1,
1778337156900105,390783002,623,38.142857,45,353.913,277.931,255,8,1,
1778337156901105,390792980,616,37.714287,45,355.982,275.276,255,8,1,
1778337156901105,390802928,608,37.224491,46,366.285,278.272,255,8,1,
1778337156902106,390812902,600,36.734695,45,360.636,269.150,255,8,1,
1778337156902106,390822852,592,36.244896,44,354.859,260.145,255,8,1,
1778337156903106,390832824,585,35.816326,44,356.795,257.483,255,8,1,
1778337156903106,390842774,577,35.326530,45,367.141,260.206,255,8,1,
1778337156904611,390852750,570,34.897957,44,360.876,251.731,255,8,1,
1778337156904611,390862694,562,34.408165,44,363.015,248.637,255,8,1,
1778337156905617,390872672,554,33.918369,44,365.127,245.525,255,8,1,
1778337156905617,390882619,546,33.428574,44,367.212,242.395,255,8,1,
1778337156906616,390892597,539,33.000000,44,369.015,239.641,255,8,1,
1778337156907621,390902543,531,32.510204,44,371.050,236.478,255,8,1,
1778337156907621,390912519,523,32.020409,44,373.058,233.297,255,8,1,
1778337156908620,390922469,516,31.591835,44,374.793,230.500,255,8,1,
1778337156909621,390932440,508,31.102039,43,368.187,222.122,255,8,1,
1778337156923125,390942390,500,30.612244,43,370.072,218.967,255,8,1,
1778337156929634,390952360,493,30.183674,43,371.700,216.193,255,8,1,
1778337156939148,390962309,485,29.693878,43,373.534,213.007,255,8,1,
1778337157145427,390972291,477,29.204082,43,375.342,209.806,255,8,1,
1778337157146432,390982238,470,28.775511,43,376.900,206.993,255,8,1,
1778337157147433,390992209,462,28.285715,43,378.656,203.764,255,8,1,
1778337157148433,391002157,454,27.795918,43,380.384,200.519,255,8,1,
1778337157149432,391012126,447,27.367346,43,381.873,197.668,255,8,1,
1778337157150432,391022080,439,26.877550,42,374.629,189.876,255,8,1,
1778337157151433,391032056,432,26.448978,43,384.992,191.522,255,8,1,
1778337157152432,391042005,424,25.959183,43,386.616,188.224,255,8,1,
1778337157153432,391051978,417,25.530611,43,388.013,185.327,255,8,1,
1778337157153432,391061926,409,25.040817,42,380.523,177.771,255,8,1,
1778337157154937,391071897,402,24.612246,42,381.842,174.920,255,8,1,
1778337157155942,391081848,394,24.122450,43,392.450,175.736,255,8,1,
1778337157156941,391091822,387,23.693878,43,393.753,172.795,255,8,1,
1778337157156941,391101767,379,23.204082,43,395.216,169.423,255,8,1,
1778337157157940,391111741,371,22.714287,43,396.650,166.039,255,8,1,
1778337157157940,391121697,364,22.285715,42,388.628,159.275,255,8,1,
1778337157158940,391131670,356,21.795919,42,389.975,155.947,255,8,1,
1778337157158940,391141621,348,21.306122,42,391.294,152.607,255,8,1,
1778337157159940,391151595,341,20.877550,42,392.425,149.676,255,8,1,
1778337157159940,391161548,333,20.387754,41,384.316,142.832,255,8,1,
1778337157160940,391171524,326,19.959183,42,394.773,143.367,255,8,1,
1778337157161942,391181468,318,19.469389,42,395.984,139.987,255,8,1,
1778337157167449,391191439,311,19.040817,42,397.020,137.021,255,8,1,
1778337157183972,391201384,303,18.551020,42,398.177,133.623,255,8,1,
1778337157187024,391211356,296,18.122448,42,399.165,130.640,255,8,1,
1778337157387200,391221301,288,17.632652,42,400.268,127.223,255,8,1,
1778337157389191,391231274,281,17.204082,42,401.208,124.226,255,8,1,
1778337157389191,391241224,274,16.775511,42,402.126,121.221,255,8,1,
1778337157390190,391251197,266,16.285715,42,403.148,117.780,255,8,1,
1778337157390190,391261150,259,15.857143,42,404.017,114.761,255,8,1,
1778337157391190,391271126,251,15.367347,42,404.984,111.303,255,8,1,
1778337157391190,391281078,244,14.938775,42,405.805,108.270,255,8,1,
1778337157392190,391291058,236,14.448979,42,406.715,104.797,255,8,1,
1778337157396209,391301004,229,14.020408,42,407.488,101.752,255,8,1,
1778337157396209,391310981,222,13.591837,42,408.238,98.702,255,8,1,
1778337157397214,391320929,214,13.102041,42,409.067,95.208,255,8,1,
1778337157397214,391330903,207,12.673470,41,400.011,89.952,255,8,1,
1778337157398214,391340855,199,12.183673,42,410.540,88.639,255,8,1,
1778337157398214,391350838,192,11.755101,42,411.191,85.566,255,8,1,
1778337157399214,391360787,184,11.265306,42,411.908,82.048,255,8,1,
1778337157400214,391370774,177,10.836735,41,402.688,77.085,255,8,1,
1778337157400214,391380729,170,10.408163,41,403.254,74.070,255,8,1,
1778337157401215,391390705,163,9.979591,41,403.797,71.052,255,8,1,
1778337157401215,391400658,155,9.489796,42,414.252,69.246,255,8,1,
1778337157402214,391410634,148,9.061224,42,414.759,66.146,255,8,1,
1778337157402214,391420582,140,8.571428,42,415.309,62.598,255,8,1,
1778337157404720,391430565,133,8.142858,42,415.766,59.490,255,8,1,
1778337157414726,391440515,126,7.714286,42,416.199,56.378,255,8,1,
1778337157580035,391450492,119,7.285715,42,416.609,53.263,255,8,1,
1778337157581035,391460440,111,6.795918,42,417.049,49.700,255,8,1,
1778337157582035,391470418,104,6.367347,42,417.409,46.579,255,8,1,
1778337157582035,391480374,97,5.938776,42,417.746,43.456,255,8,1,
1778337157583036,391490354,89,5.448980,42,418.102,39.883,255,8,1,
1778337157583036,391500309,82,5.020408,42,418.389,36.754,255,8,1,
1778337157584540,391510288,76,4.653061,41,408.649,33.260,255,8,1,
1778337157585545,391520242,74,4.530612,41,408.719,32.387,255,8,1,
1778337157585545,391530219,74,4.530612,40,398.750,31.597,255,8,1,
1778337157586545,391540168,75,4.591837,40,398.716,32.023,255,8,1,
1778337157587545,391550140,76,4.653061,40,398.682,32.449,255,8,1,
1778337157587545,391560089,76,4.653061,40,398.682,32.449,255,8,1,
1778337157588545,391570063,76,4.653061,40,398.682,32.449,255,8,1,
1778337157588545,391580003,76,4.653061,40,398.682,32.449,255,8,1,
1778337157589546,391589982,76,4.653061,40,398.682,32.449,255,8,1,
1778337157590545,391599932,76,4.653061,40,398.682,32.449,255,8,1,
1778337157590545,391609903,77,4.714286,40,398.647,32.875,255,8,1,
1778337157592544,391619845,79,4.836735,41,408.540,34.570,255,8,1,
1778337157602585,391629822,81,4.959184,41,408.465,35.443,255,8,1,
1778337157613094,391639772,83,5.081633,40,398.428,35.430,255,8,1,
1778337157630127,391649748,86,5.265306,40,398.312,36.707,255,8,1,
1778337157632112,391659691,89,5.448980,41,408.147,38.933,255,8,1,
1778337157823176,391669663,92,5.632653,41,408.020,40.242,255,8,1,
1778337157823176,391679614,96,5.877551,41,407.845,41.985,255,8,1,
1778337157824680,391689592,100,6.122449,40,397.718,42.661,255,8,1,
1778337157825686,391699542,104,6.367347,40,397.533,44.361,255,8,1,
1778337157825686,391709516,108,6.612245,41,407.273,47.211,255,8,1,
1778337157826686,391719470,111,6.795918,40,397.190,47.333,255,8,1,
1778337157827686,391729442,115,7.040816,41,406.908,50.256,255,8,1,
1778337157828686,391739392,119,7.285715,41,406.690,51.995,255,8,1,
1778337157828686,391749368,123,7.530612,40,396.550,52.422,255,8,1,
1778337157829685,391759319,128,7.836735,40,396.264,54.540,255,8,1,
1778337157830685,391769297,132,8.081633,41,405.928,57.639,255,8,1,
1778337157831686,391779247,136,8.326530,41,405.678,59.374,255,8,1,
1778337157831686,391789226,140,8.571428,40,395.532,59.617,255,8,1,
1778337157832686,391799176,145,8.877551,41,405.088,63.273,255,8,1,
1778337157833687,391809149,149,9.122449,41,404.814,65.003,255,8,1,
1778337157834686,391819099,154,9.428572,41,404.461,67.165,255,8,1,
1778337157835190,391829077,158,9.673470,41,404.170,68.894,255,8,1,
1778337157836196,391839032,163,9.979591,41,403.797,71.052,255,8,1,
1778337157837201,391849003,168,10.285714,41,403.411,73.208,255,8,1,
1778337157837201,391858960,172,10.530612,40,393.263,73.104,255,8,1,
1778337157840200,391868938,177,10.836735,40,392.867,75.204,255,8,1,
1778337157850714,391878888,182,11.142858,41,402.271,79.235,255,8,1,
1778337157860226,391888862,187,11.448979,41,401.842,81.383,255,8,1,
1778337157877232,391898807,192,11.755101,41,401.401,83.529,255,8,1,
1778337157880234,391908781,197,12.061225,41,400.949,85.672,255,8,1,
1778337158059936,391918725,202,12.367347,41,400.486,87.813,255,8,1,
1778337158060937,391928695,207,12.673470,41,400.011,89.952,255,8,1,
1778337158061936,391938644,212,12.979591,41,399.525,92.088,255,8,1,
1778337158062937,391948615,217,13.285715,40,389.294,91.923,255,8,1,
1778337158062937,391958559,223,13.653061,40,388.697,94.417,255,8,1,
1778337158063937,391968533,228,13.959184,40,388.187,96.492,255,8,1,
1778337158064937,391978484,233,14.265306,40,387.666,98.565,255,8,1,
1778337158064937,391988461,239,14.632653,40,387.026,101.048,255,8,1,
1778337158066411,391998417,244,14.938775,40,386.481,103.115,255,8,1,
1778337158066411,392008389,250,15.306122,40,385.812,105.590,255,8,1,
1778337158067416,392018346,255,15.612246,40,385.242,107.650,255,8,1,
1778337158068416,392028325,261,15.979591,40,384.544,110.118,255,8,1,
1778337158069417,392038270,267,16.346939,40,383.830,112.581,255,8,1,
1778337158070416,392048253,273,16.714287,40,383.100,115.040,255,8,1,
1778337158070416,392058199,278,17.020409,40,382.480,117.085,255,8,1,
1778337158071415,392068171,284,17.387754,40,381.722,119.535,255,8,1,
1778337158072416,392078115,290,17.755102,40,380.947,121.980,255,8,1,
1778337158072416,392088080,296,18.122448,44,418.173,136.861,255,8,1,
1778337158073417,392098034,302,18.489796,41,388.836,130.026,255,8,1,
1778337158077931,392108008,308,18.857143,40,378.531,129.284,255,8,1,
1778337158091991,392117955,314,19.224491,40,377.694,131.708,255,8,1,
1778337158098076,392127926,321,19.653061,40,376.699,134.530,255,8,1,
1778337158108164,392137874,327,20.020409,40,375.828,136.942,255,8,1,
1778337158353810,392147849,333,20.387754,40,374.943,139.349,255,8,1,
1778337158355828,392157798,340,20.816326,40,373.890,142.149,255,8,1,
1778337158356830,392167772,346,21.183674,39,363.646,140.930,255,8,1,
1778337158357830,392177719,352,21.551022,41,381.337,150.605,255,8,1,
1778337158358831,392187691,359,21.979593,41,380.200,153.453,255,8,1,
1778337158360832,392197634,366,22.408163,40,369.797,152.481,255,8,1,
1778337158361831,392207606,372,22.775511,40,368.811,154.849,255,8,1,
1778337158362844,392217555,379,23.204082,40,367.643,157.603,255,8,1,
1778337158364832,392227529,386,23.632654,40,366.454,160.348,255,8,1,
1778337158365865,392237479,392,24.000002,40,365.418,162.695,255,8,1,
1778337158366866,392247449,399,24.428574,41,373.296,169.559,255,8,1,
1778337158367726,392257398,406,24.857143,40,362.943,168.143,255,8,1,
1778337158368795,392267369,413,25.285715,40,361.676,170.853,255,8,1,
1778337158369850,392277317,420,25.714287,41,369.397,177.892,255,8,1,
1778337158371360,392287285,427,26.142859,41,368.056,180.650,255,8,1,
1778337158373361,392297237,434,26.571430,41,366.695,183.398,255,8,1,
1778337158374865,392307207,441,27.000002,40,356.403,181.596,255,8,1,
1778337158375870,392317152,448,27.428572,40,355.034,184.257,255,8,1,
1778337158377874,392327124,456,27.918367,40,353.446,187.285,255,8,1,
1778337158378874,392337070,463,28.346939,41,360.836,194.672,255,8,1,
1778337158378874,392347044,470,28.775511,40,350.605,192.552,255,8,1,
1778337158380274,392356990,478,29.265306,41,357.670,200.430,255,8,1,
1778337158380274,392366967,485,29.693878,41,356.161,203.100,255,8,1,
1778337158381311,392376917,493,30.183674,40,345.767,201.109,255,8,1,
1778337158381311,392386892,500,30.612244,41,352.860,208.782,255,8,1,
1778337158382311,392396840,508,31.102039,41,351.062,211.791,255,8,1,
1778337158402517,392406811,516,31.591835,41,349.239,214.784,255,8,1,
1778337158620948,392436683,539,33.000000,43,360.628,234.195,255,8,1,
1778337158621949,392446652,547,33.489796,42,350.273,231.751,255,8,1,
1778337158624948,392456602,555,33.979591,42,348.279,234.737,255,8,1,
1778337158624948,392466576,563,34.469387,42,346.260,237.706,255,8,1,
1778337158626158,392476522,571,34.959183,42,344.215,240.657,255,8,1,
1778337158627158,392486499,579,35.448982,42,342.146,243.591,255,8,1,
1778337158629157,392496443,587,35.938778,42,340.051,246.507,255,8,1,
1778337158630157,392506418,595,36.428574,42,337.931,249.404,255,8,1,
1778337158631156,392516358,603,36.918369,42,335.787,252.284,255,8,1,
1778337158632156,392526327,612,37.469387,42,333.345,255.502,255,8,1,
1778337158633156,392536279,620,37.959183,42,331.149,258.342,255,8,1,
1778337158633156,392546251,628,38.448982,43,336.760,267.382,255,8,1,
1778337158634659,392556192,637,39.000000,43,334.173,270.608,255,8,1,
1778337158639668,392566171,646,39.551022,43,331.555,273.809,255,8,1,
1778337158640667,392586092,663,40.591839,44,334.120,286.293,255,8,1,
1778337158642678,392596046,671,41.081635,43,324.123,282.567,255,8,1,
1778337158643668,392606015,680,41.632652,41,306.442,272.384,255,8,1,
1778337158643668,392615966,689,42.183674,45,333.448,302.179,255,8,1,
1778337158645173,392625938,698,42.734695,45,330.527,305.372,255,8,1,
1778337158646177,392635883,706,43.224491,45,327.904,308.186,255,8,1,
1778337158646177,392645848,715,43.775509,45,324.925,311.326,255,8,1,
1778337158647177,392655803,724,44.326530,45,321.916,314.436,255,8,1,
1778337158648177,392665769,733,44.877552,44,311.791,310.461,255,8,1,
1778337158649176,392675709,742,45.428574,43,301.773,306.322,255,8,1,
1778337158652177,392685680,751,45.979591,41,284.915,294.828,255,8,1,
1778337158662557,392695624,760,46.530613,39,268.307,283.039,255,8,1,
1778337158680578,392705594,770,47.142860,39,265.267,285.890,255,8,1,
1778337158681577,392715536,779,47.693878,39,262.506,288.428,255,8,1,
1778337158691992,392725497,788,48.244900,41,273.039,305.859,255,8,1,
1778337158879178,392735443,797,48.795918,42,276.672,315.995,255,8,1,
1778337158880169,392745415,806,49.346939,38,247.561,288.294,255,8,1,
1778337158881169,392755357,816,49.959183,38,244.467,290.923,255,8,1,
1778337158881169,392765324,825,50.510201,39,248.017,300.978,255,8,1,
1778337158882171,392775269,834,51.061222,42,263.966,326.684,255,8,1,
1778337158883168,392785238,843,51.612247,44,273.231,344.884,255,8,1,
1778337158883168,392795177,852,52.163261,42,257.634,331.700,255,8,1,
1778337158884673,392805149,862,52.775509,38,229.877,302.583,255,8,1,
1778337158884673,392815095,871,53.326530,37,220.984,296.759,255,8,1,
1778337158885678,392825064,881,53.938778,38,223.687,307.188,255,8,1,
1778337158885678,392835010,890,54.489796,40,232.339,325.605,255,8,1,
1778337158886679,392844983,900,55.102043,39,223.125,319.867,255,8,1,
1778337158887682,392854924,909,55.653065,38,214.397,313.742,255,8,1,
1778337158887682,392864897,919,56.265305,38,211.032,316.015,255,8,1,
1778337158887682,392874842,928,56.816326,38,207.983,318.030,255,8,1,
1778337158888682,392884816,938,57.428574,38,204.573,320.234,255,8,1,
1778337158888682,392894760,948,58.040813,39,206.433,330.886,255,8,1,
1778337158889682,392904730,957,58.591835,38,198.030,324.321,255,8,1,
1778337158889682,392914681,967,59.204082,38,194.553,326.419,255,8,1,
1778337158890682,392924660,977,59.816322,39,196.082,337.123,255,8,1,
1778337158905704,392934604,986,60.367348,40,197.775,347.685,255,8,1,
1778337158908710,392944576,996,60.979591,40,194.048,349.779,255,8,1,
1778337159069826,392954521,1005,61.530609,39,185.909,342.838,255,8,1,
1778337159070826,392964487,1014,62.081631,39,182.603,344.610,255,8,1,
1778337159071826,392974435,1024,62.693878,38,174.323,337.656,255,8,1,
1778337159072826,392984401,1033,63.244896,38,171.068,339.317,255,8,1,
1778337159073828,392994351,1043,63.857143,38,167.432,341.125,255,8,1,
1778337159074827,393004319,1052,64.408165,38,164.144,342.720,255,8,1,
1778337159075990,393014258,1062,65.020409,38,160.472,344.454,255,8,1,
1778337159076993,393024224,1071,65.571426,38,157.152,345.981,255,8,1,
1778337159076993,393034169,1081,66.183670,38,153.446,347.641,255,8,1,
1778337159077993,393044140,1090,66.734695,38,150.096,349.101,255,8,1,
1778337159078993,393054084,1100,67.346939,37,142.506,341.456,255,8,1,
1778337159081995,393064058,1110,67.959183,36,135.096,333.690,255,8,1,
1778337159083004,393073994,1119,68.510208,36,131.881,334.974,255,8,1,
1778337159083004,393083969,1129,69.122444,37,131.858,345.707,255,8,1,
1778337159084509,393093913,1138,69.673470,37,128.527,346.959,255,8,1,
1778337159085514,393103883,1148,70.285713,36,121.439,338.899,255,8,1,
1778337159088525,393113830,1158,70.897964,36,117.811,340.177,255,8,1,
1778337159089514,393123802,1167,71.448982,35,111.352,331.814,255,8,1,
1778337159105598,393133745,1177,72.061226,37,113.960,352.013,255,8,1,
1778337159107598,393143721,1186,72.612244,36,107.581,343.550,255,8,1,
1778337159296589,393153662,1196,73.224487,35,101.018,335.105,255,8,1,
1778337159296589,393163630,1206,73.836739,36,100.215,345.770,255,8,1,
1778337159297594,393173569,1215,74.387756,36,96.885,346.718,255,8,1,
1778337159298595,393183530,1225,75.000000,36,93.175,347.733,255,8,1,
1778337159298595,393193473,1234,75.551018,36,89.826,348.613,255,8,1,
1778337159299594,393203431,1244,76.163269,37,88.488,359.263,255,8,1,
1778337159300594,393213372,1253,76.714287,37,85.029,360.097,255,8,1,
1778337159300594,393223343,1263,77.326530,37,81.176,360.985,255,8,1,
1778337159301595,393233282,1272,77.877556,37,77.701,361.749,255,8,1,
1778337159302593,393243247,1282,78.489792,37,73.831,362.559,255,8,1,
1778337159302593,393253187,1291,79.040817,37,70.341,363.252,255,8,1,
1778337159303593,393263150,1301,79.653061,37,66.455,363.983,255,8,1,
1778337159304600,393273095,1310,80.204079,37,62.952,364.605,255,8,1,
1778337159305106,393283061,1320,80.816322,36,57.456,355.385,255,8,1,
1778337159305106,393293006,1329,81.367348,36,54.036,355.922,255,8,1,
1778337159306113,393302966,1339,81.979591,36,50.229,356.479,255,8,1,
1778337159307119,393312911,1348,82.530609,36,46.799,356.945,255,8,1,
1778337159308119,393322880,1358,83.142860,35,41.788,347.496,255,8,1,
1778337159308119,393332821,1367,83.693878,35,38.444,347.882,255,8,1,
1778337159309119,393342787,1377,84.306122,35,34.725,348.273,255,8,1,
1778337159318428,393352731,1386,84.857140,35,31.374,348.591,255,8,1,
1778337159324530,393362699,1396,85.469391,35,27.647,348.906,255,8,1,
1778337159335052,393372642,1405,86.020409,33,22.902,329.204,255,8,1,
1778337159500749,393382607,1415,86.632652,32,18.796,319.448,255,8,1,
1778337159500749,393392545,1425,87.244896,32,15.381,319.630,255,8,1,
1778337159501750,393402509,1434,87.795914,32,12.307,319.763,255,8,1,
1778337159502749,393412448,1444,88.408165,32,8.889,319.877,255,8,1,
1778337159502749,393422412,1454,89.020409,33,5.642,329.952,255,8,1,
1778337159503750,393432351,1464,89.632652,32,2.052,319.993,255,8,1,
1778337159504753,393442309,1473,90.183678,33,-1.058,329.998,255,8,1,
1778337159505261,393452256,1483,90.795921,33,-4.584,329.968,255,8,1,
1778337159505261,393462222,1493,91.408157,33,-8.110,329.900,255,8,1,
1778337159506266,393472164,1502,91.959183,35,-11.966,349.795,255,8,1,
1778337159506266,393482129,1512,92.571434,34,-15.254,339.658,255,8,1,
1778337159507265,393492069,1522,93.183678,34,-18.883,339.475,255,8,1,
1778337159507265,393502032,1531,93.734695,34,-22.146,339.278,255,8,1,
1778337159508266,393511970,1541,94.346939,34,-25.771,339.022,255,8,1,
1778337159508266,393521939,1550,94.897957,34,-29.030,338.758,255,8,1,
1778337159509265,393531880,1560,95.510201,34,-32.648,338.429,255,8,1,
1778337159510267,393541847,1569,96.061226,34,-35.901,338.099,255,8,1,
1778337159519783,393551780,1579,96.673462,34,-39.512,337.696,255,8,1,
1778337159522786,393561756,1588,97.224487,35,-44.015,347.221,255,8,1,
1778337159671152,393571701,1598,97.836739,34,-46.359,336.825,255,8,1,
1778337159672151,393581674,1608,98.448982,34,-49.956,336.310,255,8,1,
1778337159673150,393591612,1617,99.000000,34,-53.188,335.814,255,8,1,
1778337159673150,393601585,1627,99.612244,34,-56.773,335.227,255,8,1,
1778337159673150,393611525,1636,100.163269,34,-59.994,334.665,255,8,1,
1778337159674657,393621487,1646,100.775505,34,-63.567,334.005,255,8,1,
1778337159674657,393631441,1655,101.326530,34,-66.776,333.378,255,8,1,
1778337159675664,393641410,1665,101.938782,34,-70.335,332.646,255,8,1,
1778337159675664,393651356,1674,102.489792,33,-71.368,322.190,255,8,1,
1778337159676665,393661326,1684,103.102043,33,-74.806,321.409,255,8,1,
1778337159676665,393671271,1694,103.714287,34,-80.607,330.307,255,8,1,
1778337159677665,393681242,1703,104.265305,34,-83.780,329.516,255,8,1,
1778337159677665,393691183,1713,104.877548,35,-89.864,338.267,255,8,1,
1778337159678664,393701158,1722,105.428574,35,-93.113,337.387,255,8,1,
1778337159678664,393711098,1732,106.040810,36,-99.476,345.983,255,8,1,
1778337159681664,393721064,1741,106.591835,36,-102.799,345.011,255,8,1,
1778337159691174,393731007,1750,107.142853,36,-106.112,344.006,255,8,1,
1778337159853741,393740978,1760,107.755096,35,-106.732,333.329,255,8,1,
1778337159855253,393750918,1769,108.306122,36,-113.074,341.781,255,8,1,
1778337159856255,393760885,1779,108.918373,36,-116.719,340.553,255,8,1,
1778337159857257,393770829,1788,109.469383,36,-119.989,339.415,255,8,1,
1778337159858256,393780797,1797,110.020409,35,-119.824,328.850,255,8,1,
1778337159858256,393790739,1807,110.632660,36,-126.855,336.909,255,8,1,
1778337159859257,393800715,1816,111.183670,36,-130.089,335.674,255,8,1,
1778337159859257,393810659,1826,111.795921,36,-133.669,334.264,255,8,1,
1778337159860257,393820631,1835,112.346939,36,-136.877,332.963,255,8,1,
1778337159860257,393830574,1844,112.897957,35,-136.182,322.420,255,8,1,
1778337159861256,393840547,1854,113.510208,35,-139.619,320.946,255,8,1,
1778337159862259,393850490,1863,114.061226,34,-138.622,310.458,255,8,1,
1778337159863259,393860458,1873,114.673470,34,-141.932,308.959,255,8,1,
1778337159863259,393870395,1882,115.224495,33,-140.635,298.533,255,8,1,
1778337159864766,393880362,1892,115.836731,34,-148.175,306.013,255,8,1,
1778337159865332,393890307,1901,116.387756,33,-146.666,295.616,255,8,1,
1778337159866339,393900276,1911,116.999992,33,-149.817,294.032,255,8,1,
1778337159869339,393910216,1920,117.551018,33,-152.638,292.578,255,8,1,
1778337159878857,393920187,1930,118.163269,33,-155.755,290.930,255,8,1,
1778337159894878,393930128,1940,118.775513,33,-158.855,289.249,255,8,1,
1778337159898887,393940097,1949,119.326530,33,-161.629,287.708,255,8,1,
1778337160051426,393950049,1959,119.938774,33,-164.695,285.965,255,8,1,
1778337160051426,393960023,1969,120.551018,33,-167.741,284.188,255,8,1,
1778337160052424,393969967,1978,121.102036,33,-170.466,282.562,255,8,1,
1778337160052424,393979935,1988,121.714287,33,-173.476,280.724,255,8,1,
1778337160053424,393989880,1998,122.326530,34,-181.813,287.305,255,8,1,
1778337160053424,393999852,2007,122.877556,35,-189.996,293.941,255,8,1,
1778337160053424,394009793,2016,123.428574,35,-192.814,292.101,255,8,1,
1778337160054933,394019765,2026,124.040817,35,-195.924,290.024,255,8,1,
1778337160055943,394029711,2035,124.591835,35,-198.704,288.126,255,8,1,
1778337160055943,394039685,2045,125.204079,35,-201.772,285.986,255,8,1,
1778337160056940,394049628,2054,125.755104,35,-204.513,284.033,255,8,1,
1778337160057942,394059598,2064,126.367340,35,-207.536,281.831,255,8,1,
1778337160057942,394069539,2073,126.918365,35,-210.237,279.822,255,8,1,
1778337160058940,394079524,2083,127.530617,36,-219.307,285.490,255,8,1,
1778337160058940,394089468,2092,128.081635,36,-222.042,283.368,255,8,1,
1778337160059942,394099444,2101,128.632645,36,-224.757,281.219,255,8,1,
1778337160067454,394109391,2111,129.244904,36,-227.749,278.802,255,8,1,
1778337160078971,394119359,2120,129.795914,36,-230.420,276.599,255,8,1,
1778337160086485,394129304,2129,130.346939,36,-233.069,274.370,255,8,1,
1778337160096693,394139277,2139,130.959183,37,-242.543,279.415,255,8,1,
1778337160274641,394149218,2148,131.510193,36,-238.591,269.582,255,8,1,
1778337160275652,394159190,2157,132.061218,37,-247.872,274.699,255,8,1,
1778337160276651,394169139,2166,132.612244,36,-243.732,264.943,255,8,1,
1778337160277650,394179108,2176,133.224487,36,-246.549,262.323,255,8,1,
1778337160278650,394189053,2185,133.775513,36,-249.060,259.940,255,8,1,
1778337160279651,394199025,2194,134.326523,37,-258.536,264.687,255,8,1,
1778337160282650,394208970,2204,134.938766,37,-261.350,261.909,255,8,1,
1778337160284650,394218943,2213,135.489792,37,-263.856,259.383,255,8,1,
1778337160285461,394228885,2222,136.040817,37,-266.339,256.834,255,8,1,
1778337160287980,394238853,2232,136.653061,37,-269.068,253.973,255,8,1,
1778337160288972,394248799,2241,137.204071,37,-271.498,251.374,255,8,1,
1778337160290974,394258775,2250,137.755096,37,-273.903,248.751,255,8,1,
1778337160291974,394268722,2260,138.367340,37,-276.545,245.810,255,8,1,
1778337160292974,394278698,2269,138.918365,37,-278.896,243.139,255,8,1,
1778337160292974,394288644,2278,139.469391,37,-281.222,240.446,255,8,1,
1778337160294481,394298622,2288,140.081635,37,-283.775,237.427,255,8,1,
1778337160296486,394308574,2297,140.632645,37,-286.045,234.687,255,8,1,
1778337160297485,394318549,2306,141.183670,37,-288.289,231.926,255,8,1,
1778337160297485,394328501,2315,141.734695,37,-290.506,229.142,255,8,1,
1778337160301495,394338475,2325,142.346939,37,-292.938,226.025,255,8,1,
1778337160313003,394348426,2334,142.897964,37,-295.098,223.197,255,8,1,
1778337160314509,394358406,2343,143.448975,37,-297.231,220.349,255,8,1,
1778337160475873,394368358,2353,144.061218,37,-299.568,217.161,255,8,1,
1778337160476869,394378335,2362,144.612244,37,-301.643,214.270,255,8,1,
1778337160477868,394388284,2372,145.224487,37,-303.915,211.034,255,8,1,
1778337160478868,394398262,2381,145.775513,37,-305.931,208.102,255,8,1,
1778337160478868,394408206,2390,146.326523,37,-307.918,205.150,255,8,1,
1778337160479870,394418181,2400,146.938782,37,-310.093,201.848,255,8,1,
1778337160479870,394428138,2409,147.489792,37,-312.019,198.856,255,8,1,
1778337160480870,394438108,2419,148.102051,37,-314.127,195.511,255,8,1,
1778337160481869,394448059,2428,148.653061,37,-315.992,192.481,255,8,1,
1778337160481869,394458036,2438,149.265305,37,-318.031,189.093,255,8,1,
1778337160481869,394467981,2447,149.816330,37,-319.835,186.026,255,8,1,
1778337160482869,394477956,2456,150.367355,38,-330.301,187.886,255,8,1,
1778337160482869,394487905,2466,150.979599,37,-323.545,179.495,255,8,1,
1778337160483867,394497882,2475,151.530609,38,-334.047,181.142,255,8,1,
1778337160483867,394507832,2484,152.081635,38,-335.774,177.921,255,8,1,
1778337160484867,394517806,2494,152.693878,38,-337.656,174.323,255,8,1,
1778337160485374,394527756,2503,153.244904,38,-339.317,171.068,255,8,1,
1778337160495893,394537734,2513,153.857147,39,-350.102,171.838,255,8,1,
1778337160502888,394547679,2522,154.408157,39,-351.739,168.463,255,8,1,
1778337160513398,394557657,2531,154.959183,39,-353.343,165.073,255,8,1,
1778337160668421,394567608,2541,155.571426,39,-355.086,161.288,255,8,1,
1778337160668976,394577583,2550,156.122452,39,-356.621,157.865,255,8,1,
1778337160670074,394587536,2559,156.673477,39,-358.123,154.429,255,8,1,
1778337160670606,394597515,2569,157.285706,40,-368.977,154.454,255,8,1,
1778337160671172,394607463,2578,157.836731,40,-370.445,150.899,255,8,1,
1778337160672273,394617440,2587,158.387756,40,-371.879,147.329,255,8,1,
1778337160672833,394627390,2596,158.938782,40,-373.279,143.746,255,8,1,
1778337160673369,394637361,2606,159.551025,41,-384.163,143.243,255,8,1,
1778337160673907,394647308,2615,160.102051,41,-385.523,139.542,255,8,1,
1778337160674915,394657281,2624,160.653061,41,-386.847,135.828,255,8,1,
1778337160675446,394667234,2634,161.265305,41,-388.277,131.686,255,8,1,
1778337160675969,394677211,2643,161.816330,42,-399.026,131.067,255,8,1,
1778337160676498,394687161,2652,162.367355,42,-400.268,127.223,255,8,1,
1778337160677166,394697134,2661,162.918365,43,-411.032,126.306,255,8,1,
1778337160678304,394707085,2671,163.530609,42,-402.768,119.071,255,8,1,
1778337160678857,394717051,2680,164.081635,43,-413.511,117.935,255,8,1,
1778337160681400,394726994,2689,164.632645,43,-414.626,113.953,255,8,1,
1778337160690934,394736978,2698,165.183670,43,-415.703,109.960,255,8,1,
1778337160700956,394746922,2708,165.795929,44,-426.548,107.966,255,8,1,
1778337160858036,394756898,2717,166.346939,49,-476.154,115.661,255,8,1,
1778337160859035,394766848,2726,166.897949,53,-516.203,120.144,255,8,1,
1778337160860036,394776825,2735,167.448975,53,-517.335,115.174,255,8,1,
1778337160860036,394786776,2744,168.000000,54,-528.200,112.272,255,8,1,
1778337160861035,394796750,2754,168.612244,54,-529.369,106.622,255,8,1,
1778337160862036,394806699,2763,169.163269,54,-530.370,101.526,255,8,1,
1778337160862036,394816667,2772,169.714279,54,-531.322,96.421,255,8,1,
1778337160863035,394826617,2781,170.265305,55,-542.081,92.997,255,8,1,
1778337160863035,394836587,2790,170.816330,55,-542.950,87.780,255,8,1,
1778337160864545,394846541,2799,171.367340,55,-543.769,82.554,255,8,1,
1778337160866061,394856517,2808,171.918365,54,-534.637,75.915,255,8,1,
1778337160866061,394866469,2818,172.530609,55,-545.333,71.498,255,8,1,
1778337160867064,394876447,2827,173.081635,54,-536.068,65.046,255,8,1,
1778337160867064,394886394,2836,173.632645,54,-536.669,59.887,255,8,1,
1778337160868065,394896366,2845,174.183670,53,-527.271,53.710,255,8,1,
1778337160869064,394906310,2854,174.734695,54,-537.721,49.555,255,8,1,
1778337160869064,394916283,2863,175.285721,54,-538.173,44.381,255,8,1,
1778337160885861,394926231,2872,175.836746,55,-548.549,39.929,255,8,1,
1778337160888865,394936203,2882,176.448975,56,-558.925,34.685,255,8,1,
1778337161070157,394946145,2891,177.000000,54,-539.260,28.261,255,8,1,
1778337161071158,394956129,2900,177.551025,50,-499.543,21.365,255,8,1,
1778337161072157,394966078,2909,178.102036,50,-499.726,16.560,255,8,1,
1778337161073160,394976047,2919,178.714294,54,-539.864,12.116,255,8,1,
1778337161073160,394986003,2928,179.265305,57,-569.953,7.309,255,8,1,
1778337161074666,394995982,2937,179.816315,57,-569.997,1.827,255,8,1,
1778337161075671,395005927,2946,180.367355,56,-559.988,-3.590,255,8,1,
1778337161076673,395015894,2955,180.918365,57,-569.927,-9.136,255,8,1,
1778337161077672,395025850,2965,181.530624,56,-559.800,-14.958,255,8,1,
1778337161077672,395035825,2974,182.081635,56,-559.630,-20.341,255,8,1,
1778337161078670,395045775,2983,182.632660,56,-559.409,-25.722,255,8,1,
1778337161079673,395055743,2992,183.183670,57,-569.120,-31.656,255,8,1,
1778337161079673,395065695,3001,183.734680,56,-558.811,-36.476,255,8,1,
1778337161080677,395075669,3010,184.285721,56,-558.434,-41.849,255,8,1,
1778337161081674,395085614,3019,184.836731,56,-558.006,-47.217,255,8,1,
1778337161082672,395095596,3028,185.387756,55,-547.570,-51.643,255,8,1,
1778337161083673,395105541,3038,186.000000,54,-537.042,-56.445,255,8,1,
1778337161084674,395115515,3047,186.551025,54,-536.474,-61.608,255,8,1,
1778337161085184,395125459,3056,187.102036,55,-545.780,-68.000,255,8,1,
1778337161086186,395135439,3065,187.653076,68,-673.943,-90.559,255,8,1,
1778337161098425,395145389,3074,188.204086,72,-712.632,-102.744,255,8,1,
1778337161106949,395155365,3083,188.755096,72,-711.611,-109.592,255,8,1,
1778337161116458,395165312,3092,189.306122,67,-661.182,-108.345,255,8,1,
1778337161380906,395175292,3100,189.795914,68,-670.086,-115.695,255,8,1,
1778337161381898,395185241,3109,190.346939,69,-678.779,-123.930,255,8,1,
1778337161382899,395195218,3118,190.897964,77,-756.113,-145.577,255,8,1,
1778337161383407,395205166,3127,191.448975,81,-793.883,-160.781,255,8,1,
1778337161383407,395215139,3136,192.000015,82,-802.081,-170.488,255,8,1,
1778337161383407,395225079,3145,192.551025,83,-810.165,-180.366,255,8,1,
1778337161384928,395235043,3154,193.102036,83,-808.393,-188.149,255,8,1,
1778337161384928,395244997,3162,193.591843,84,-816.475,-197.403,255,8,1,
1778337161385935,395254969,3171,194.142853,83,-804.842,-202.802,255,8,1,
1778337161385935,395264915,3180,194.693878,82,-793.182,-207.997,255,8,1,
1778337161386935,395274888,3189,195.244904,82,-791.145,-215.615,255,8,1,
1778337161386935,395284835,3198,195.795914,81,-779.412,-220.491,255,8,1,
1778337161387937,395294802,3207,196.346954,82,-786.851,-230.792,255,8,1,
1778337161388936,395304747,3216,196.897964,80,-765.459,-232.535,255,8,1,
1778337161389422,395314717,3225,197.448975,79,-753.648,-236.887,255,8,1,
1778337161390546,395324653,3234,198.000000,82,-779.866,-253.394,255,8,1,
1778337161391075,395334632,3243,198.551010,90,-853.237,-286.334,255,8,1,
1778337161391619,395344560,3252,199.102051,113,-1067.779,-369.794,255,8,1,
1778337161392148,395354527,3261,199.653061,165,-1553.882,-554.934,255,8,1,
1778337161392148,395364477,3270,200.204071,241,-2261.709,-832.329,255,8,1,
1778337161393155,395374439,3279,200.755112,249,-2328.408,-882.392,255,8,1,
1778337161393155,395384392,3288,201.306122,251,-2338.448,-912.010,255,8,1,
1778337161393155,395394353,3297,201.857147,251,-2329.569,-934.457,255,8,1,
1778337161394662,395404307,3306,202.408157,245,-2265.005,-933.945,255,8,1,
1778337161394662,395414275,3315,202.959198,235,-2163.840,-916.677,255,8,1,
1778337161395668,395424221,3324,203.510208,225,-2063.225,-897.553,255,8,1,
1778337161396669,395434186,3333,204.061218,220,-2008.843,-896.967,255,8,1,
1778337161396669,395444134,3341,204.551010,215,-1955.622,-893.332,255,8,1,
1778337161409955,395454102,3350,205.102051,213,-1928.829,-903.614,255,8,1,
1778337161412952,395464047,3358,205.591843,212,-1912.015,-915.750,255,8,1,
1778337161569547,395474015,3367,206.142853,211,-1894.143,-929.689,255,8,1,
1778337161570197,395483961,3376,206.693878,210,-1876.181,-943.369,255,8,1,
1778337161571208,395493931,3384,207.183670,210,-1868.048,-959.373,255,8,1,
1778337161572205,395503875,3392,207.673462,210,-1859.779,-975.307,255,8,1,
1778337161572205,395513849,3401,208.224503,194,-1709.336,-917.480,255,8,0,unstable_angle_bin
1778337161573206,395523782,3410,208.775513,130,-1139.466,-625.793,255,8,1,
1778337161573206,395533773,3418,209.265305,96,-837.471,-469.300,255,8,1,
1778337161574713,395543715,3427,209.816330,85,-737.480,-422.638,255,8,1,
1778337161575721,395553690,3435,210.306122,83,-716.574,-418.834,255,8,1,
1778337161575721,395563629,3444,210.857147,76,-652.421,-389.804,255,8,1,
1778337161576724,395573587,3453,211.408157,75,-640.107,-390.848,255,8,1,
1778337161576724,395583532,3462,211.959183,75,-636.319,-396.986,255,8,1,
1778337161577722,395593500,3471,212.510193,75,-632.472,-403.087,255,8,1,
1778337161577722,395603449,3480,213.061234,74,-620.185,-403.696,255,8,1,
1778337161578721,395613417,3489,213.612244,74,-616.274,-409.641,255,8,1,
1778337161579720,395623361,3498,214.163269,74,-612.306,-415.549,255,8,1,
1778337161581721,395633329,3507,214.714279,74,-608.282,-421.418,255,8,1,
1778337161594553,395643287,3516,215.265305,73,-596.036,-421.475,255,8,1,
1778337161601558,395653260,3525,215.816330,73,-591.955,-427.188,255,8,1,
1778337161777852,395663210,3534,216.367340,72,-579.767,-426.931,255,8,1,
1778337161778852,395673186,3543,216.918381,73,-583.629,-438.494,255,8,1,
1778337161778852,395683122,3552,217.469391,73,-579.385,-444.086,255,8,1,
1778337161779852,395693104,3561,218.020401,73,-575.088,-449.638,255,8,1,
1778337161780852,395703047,3570,218.571426,73,-570.737,-455.148,255,8,1,
1778337161781851,395713019,3579,219.122437,73,-566.334,-460.615,255,8,1,
1778337161781851,395722968,3588,219.673477,73,-561.877,-466.040,255,8,1,
1778337161782852,395732942,3598,220.285706,74,-564.494,-478.484,255,8,1,
1778337161783853,395742890,3606,220.775528,74,-560.383,-483.292,255,8,1,
1778337161784852,395752863,3616,221.387756,74,-555.187,-489.252,255,8,1,
1778337161785358,395762811,3624,221.877548,74,-550.984,-493.980,255,8,1,
1778337161786360,395772788,3634,222.489792,75,-553.048,-506.594,255,8,1,
1778337161787360,395782733,3642,222.979584,76,-556.013,-518.121,255,8,1,
1778337161788361,395792705,3652,223.591843,77,-557.688,-530.928,255,8,1,
1778337161788361,395802650,3660,224.081635,80,-574.679,-556.546,255,8,1,
1778337161789364,395812632,3669,224.632645,84,-597.766,-590.149,255,8,1,
1778337161790363,395822580,3678,225.183685,83,-585.014,-588.777,255,8,1,
1778337161790363,395832556,3687,225.734695,83,-579.325,-594.376,255,8,1,
1778337161791362,395842506,3696,226.285721,83,-573.582,-599.920,255,8,1,
1778337161799875,395852480,3704,226.775513,82,-561.584,-597.514,255,8,1,
1778337161812393,395862425,3713,227.326523,81,-549.034,-595.535,255,8,1,
1778337161818899,395872394,3722,227.877563,81,-543.281,-600.788,255,8,1,
1778337161829418,395882330,3731,228.428574,82,-544.114,-613.466,255,8,1,
1778337161886084,395892311,3740,228.979584,83,-544.752,-626.215,255,8,1,
1778337161886084,395902255,3748,229.469391,84,-545.878,-638.449,255,8,1,
1778337161886084,395912226,3757,230.020416,84,-539.712,-643.670,255,8,1,
1778337161887085,395922184,3766,230.571426,84,-533.497,-648.830,255,8,1,
1778337161887085,395932156,3775,231.122452,84,-527.233,-653.931,255,8,1,
1778337161888087,395942103,3783,231.612244,84,-521.623,-658.414,255,8,1,
1778337161901602,395952068,3792,232.163254,84,-515.267,-663.400,255,8,1,
1778337161908119,395962016,3801,232.714294,84,-508.864,-668.325,255,8,1,
