host_rx_time_us,t_sample_us,angle_tick,angle_deg,distance_cm,x_mm,y_mm,quality,status
1778399181818379,113406982,5855,358.469391,28,279.900,-7.479,255,8
1778399181818969,113416931,5864,359.020416,28,279.959,-4.787,255,8
1778399181819407,119655473,1343,82.224487,37,50.058,366.598,255,8
1778399181819793,119665454,1335,81.734695,37,53.190,366.157,255,8
1778399181820178,119675403,1327,81.244896,37,56.318,365.689,255,8
1778399181820535,119685385,1319,80.755104,37,59.442,365.194,255,8
1778399181820880,119695342,1311,80.265312,37,62.562,364.672,255,8
1778399181821201,119705321,1303,79.775513,37,65.677,364.124,255,8
1778399181821764,119715280,1295,79.285713,37,68.787,363.550,255,8
1778399181822124,119725258,1287,78.795921,37,71.893,362.948,255,8
1778399181822561,119735214,1279,78.306122,37,74.993,362.320,255,8
1778399181823059,119745197,1271,77.816330,37,78.087,361.666,255,8
1778399181823528,119755158,1264,77.387756,37,80.790,361.072,255,8
1778399181823987,119765141,1256,76.897964,37,83.874,360.368,255,8
1778399181824379,119775102,1248,76.408165,37,86.951,359.638,255,8
1778399181824739,119785088,1240,75.918365,37,90.023,358.882,255,8
1778399181825089,119795044,1232,75.428574,37,93.087,358.099,255,8
1778399181825504,119805027,1224,74.938774,37,96.145,357.290,255,8
1778399181826012,119814984,1216,74.448982,37,99.196,356.455,255,8
1778399181882278,119824971,1209,74.020409,37,101.859,355.703,255,8
1778399181882789,119834932,1201,73.530617,37,104.896,354.819,255,8
1778399181883264,119844914,1193,73.040817,37,107.925,353.910,255,8
1778399181883711,119854864,1185,72.551018,37,110.947,352.974,255,8
1778399181884205,119864851,1177,72.061226,37,113.960,352.013,255,8
1778399181884596,119874810,1169,71.571426,37,116.965,351.026,255,8
1778399181905221,119884789,1161,71.081635,38,123.204,359.473,255,8
1778399181905714,119894746,1153,70.591835,38,126.272,358.407,255,8
1778399181948703,119904733,1146,70.163269,38,128.950,357.452,255,8
1778399181949090,119914692,1138,69.673470,38,132.001,356.337,255,8
1778399181949401,119924680,1130,69.183670,38,135.042,355.195,255,8
1778399181949695,119934637,1122,68.693878,38,138.073,354.028,255,8
1778399181950018,119944620,1115,68.265305,38,140.718,352.985,255,8
1778399181965239,119954580,1107,67.775513,38,143.730,351.769,255,8
1778399181980220,119964566,1100,67.346939,38,146.357,350.684,255,8
1778399181980752,119974525,1092,66.857147,38,149.349,349.421,255,8
1778399181990725,119984513,1084,66.367348,38,152.331,348.131,255,8
1778399182041846,119994471,1077,65.938774,38,154.931,346.982,255,8
1778399182042269,120004459,1069,65.448982,38,157.891,345.645,255,8
1778399182042644,120014416,1061,64.959183,38,160.840,344.282,255,8
1778399182043027,120024404,1054,64.530609,38,163.411,343.070,255,8
1778399182043432,120034366,1046,64.040817,38,166.338,341.660,255,8
1778399182048630,120044354,1038,63.551022,39,173.706,349.179,255,8
1778399182059559,120054316,1031,63.122448,39,176.313,347.870,255,8
1778399182069530,120064296,1023,62.632656,39,179.281,346.350,255,8
1778399182083073,120074254,1015,62.142857,39,182.235,344.805,255,8
1778399182089337,120084245,1008,61.714287,39,184.809,343.432,255,8
1778399182100829,120094196,1000,61.224487,39,187.738,341.840,255,8
1778399182119114,120104185,992,60.734695,39,190.653,340.223,255,8
1778399182119472,120114148,985,60.306122,40,198.146,347.474,255,8
1778399182131647,120124136,978,59.877552,40,200.740,345.982,255,8
1778399182138376,120134092,970,59.387756,41,208.782,352.860,255,8
1778399182149068,120144077,962,58.897957,41,211.791,351.062,255,8
1778399182163325,120154037,955,58.469387,41,214.411,349.468,255,8
1778399182175428,120164021,948,58.040813,40,211.726,339.370,255,8
1778399182186204,120173986,940,57.551022,40,214.619,337.548,255,8
1778399182187202,120183973,933,57.122448,40,217.138,335.933,255,8
1778399182198695,120193934,925,56.632656,40,220.002,334.065,255,8
1778399182213815,120203917,918,56.204079,40,222.495,332.410,255,8
1778399182219464,120213877,910,55.714287,40,225.328,330.496,255,8
1778399182230017,120223861,903,55.285713,40,227.794,328.801,255,8
1778399182245097,120233817,896,54.857143,40,230.247,327.088,255,8
1778399182246573,120243804,888,54.367348,40,233.035,325.108,255,8
1778399182260338,120253758,881,53.938778,40,235.460,323.355,255,8
1778399182271751,120263742,873,53.448978,40,238.215,321.331,255,8
1778399182282211,120273711,866,53.020405,39,234.597,311.551,255,8
1778399182287351,120283696,858,52.530613,39,237.252,309.535,255,8
1778399182301723,120293656,851,52.102039,39,239.560,307.751,255,8
1778399182312823,120303631,844,51.673470,39,241.856,305.951,255,8
1778399182317687,120313592,836,51.183670,39,244.462,303.872,255,8
1778399182327561,120323575,829,50.755104,39,246.728,302.035,255,8
1778399182338396,120333530,822,50.326530,39,248.980,300.181,255,8
1778399182355698,120343518,815,49.897961,39,251.219,298.310,255,8
1778399182356262,120353482,808,49.469387,39,253.443,296.423,255,8
1778399182369027,120363466,800,48.979595,39,255.968,294.246,255,8
1778399182379910,120373426,793,48.551018,39,258.162,292.323,255,8
1778399182385244,120383418,786,48.122452,39,260.341,290.384,255,8
1778399182401747,120393381,779,47.693878,39,262.506,288.428,255,8
1778399182413950,120403367,772,47.265308,38,257.870,279.111,255,8
1778399182414936,120413322,765,46.836735,38,259.950,277.175,255,8
1778399182430106,120423311,758,46.408165,38,262.016,275.223,255,8
1778399182445008,120433268,751,45.979591,38,264.068,273.255,255,8
1778399182445463,120443259,743,45.489799,38,266.394,270.988,255,8
1778399182457376,120453209,736,45.061226,38,268.413,268.988,255,8
1778399182469051,120463196,729,44.632652,38,270.418,266.972,255,8
1778399182479450,120473153,722,44.204082,38,272.407,264.942,255,8
1778399182489424,120483147,715,43.775509,38,274.381,262.897,255,8
1778399182502483,120493106,707,43.285713,38,276.619,260.542,255,8
1778399182504108,120503089,700,42.857143,38,278.560,258.466,255,8
1778399182519521,120513046,693,42.428570,38,280.485,256.375,255,8
1778399182529958,120523032,686,42.000000,38,282.395,254.270,255,8
1778399182540419,120532990,679,41.571430,38,284.289,252.150,255,8
1778399182554999,120542978,672,41.142857,38,286.167,250.017,255,8
1778399182555530,120552929,666,40.775509,38,287.764,248.177,255,8
1778399182566574,120562911,659,40.346939,38,289.613,246.017,255,8
1778399182577743,120572860,652,39.918365,38,291.445,243.844,255,8
1778399182596036,120582839,645,39.489796,38,293.260,241.657,255,8
1778399182596475,120592795,639,39.122448,38,294.804,239.772,255,8
1778399182610046,120602773,632,38.693878,38,296.589,237.561,255,8
1778399182615061,120612731,626,38.326530,37,290.261,229.453,255,8
1778399182632234,120622714,620,37.959183,37,291.726,227.587,255,8
1778399182632877,120632667,613,37.530613,37,293.420,225.399,255,8
1778399182645194,120642650,607,37.163265,37,294.859,223.513,255,8
1778399182698701,120652600,600,36.734695,37,296.523,221.301,255,8
1778399182699213,120662582,594,36.367348,37,297.936,219.395,255,8
1778399182699589,120672533,588,36.000000,37,299.336,217.481,255,8
1778399182699892,120682514,582,35.632652,37,300.724,215.557,255,8
1778399182700199,120692471,575,35.204082,37,302.328,213.301,255,8
1778399182702236,120702459,569,34.836735,37,303.690,211.359,255,8
1778399182717675,120712416,563,34.469387,37,305.039,209.407,255,8
1778399182737107,120722396,556,34.040817,37,306.596,207.120,255,8
1778399182737569,120732342,550,33.673470,37,307.918,205.150,255,8
1778399182749903,120742324,544,33.306122,37,309.227,203.171,255,8
1778399182761062,120752280,538,32.938778,37,310.523,201.185,255,8
1778399182761670,120762260,532,32.571430,37,311.807,199.190,255,8
1778399182774610,120772214,526,32.204082,37,313.077,197.187,255,8
1778399182787799,120782199,521,31.897959,37,314.126,195.511,255,8
1778399182799885,120792154,515,31.530611,37,315.374,193.493,255,8
1778399182801356,120802139,509,31.163263,37,316.608,191.467,255,8
1778399182823307,120812093,504,30.857143,37,317.626,189.773,255,8
1778399182823755,120822075,498,30.489796,37,318.836,187.732,255,8
1778399182836876,120832027,493,30.183674,37,319.835,186.026,255,8
1778399182849252,120842014,487,29.816326,37,321.021,183.972,255,8
1778399182850778,120851968,482,29.510206,37,321.999,182.254,255,8
1778399182872913,120861947,477,29.204082,37,322.968,180.531,255,8
1778399182873344,120871899,472,28.897959,37,323.928,178.803,255,8
1778399182886094,120881882,466,28.530611,37,325.068,176.722,255,8
1778399182898604,120891842,461,28.224489,37,326.008,174.983,255,8
1778399182902385,120901823,456,27.918367,37,326.938,173.239,255,8
1778399182915382,120911781,451,27.612246,37,327.859,171.490,255,8
1778399182930050,120921766,446,27.306122,37,328.770,169.735,255,8
1778399182930479,120931721,440,26.938774,37,329.852,167.624,255,8
1778399182941137,120941703,435,26.632654,37,330.743,165.859,255,8
1778399182964623,120951660,430,26.326530,36,322.661,159.655,255,8
1778399182965102,120961648,425,26.020407,36,323.510,157.929,255,8
1778399182979035,120971605,420,25.714287,36,324.349,156.198,255,8
1778399182979554,120981591,415,25.408163,36,325.179,154.463,255,8
1778399182991181,120991551,409,25.040817,36,326.162,152.375,255,8
1778399183001379,121001540,404,24.734694,36,326.972,150.630,255,8
1778399183021833,121011496,399,24.428574,36,327.772,148.881,255,8
1778399183022285,121021479,394,24.122450,36,328.563,147.128,255,8
1778399183036776,121031449,390,23.877550,36,329.189,145.722,255,8
1778399183048473,121041437,385,23.571430,36,329.962,143.961,255,8
1778399183048934,121051402,380,23.265306,36,330.727,142.196,255,8
1778399183063627,121061386,376,23.020407,36,331.332,140.781,255,8
1778399183077138,121071344,371,22.714287,36,332.079,139.009,255,8
1778399183078595,121081328,367,22.469387,36,332.670,137.588,255,8
1778399183090320,121091291,363,22.224491,36,333.255,136.165,255,8
1778399183102717,121101274,359,21.979593,36,333.834,134.739,255,8
1778399183115023,121111238,357,21.857143,35,324.840,130.303,255,8
1778399183126900,121121227,357,21.857143,33,306.278,122.857,255,8
1778399183128122,121131189,357,21.857143,33,306.278,122.857,255,8
1778399183138705,121141177,357,21.857143,33,306.278,122.857,255,8
1778399183151516,121151133,357,21.857143,33,306.278,122.857,255,8
1778399183163644,121161117,357,21.857143,34,315.559,126.580,255,8
1778399183169276,121171072,359,21.979593,34,315.288,127.254,255,8
1778399183180817,121181058,360,22.040817,34,315.152,127.591,255,8
1778399183194481,121191020,363,22.224491,34,314.741,128.600,255,8
1778399183206583,121201014,367,22.469387,34,314.189,129.945,255,8
1778399183207361,121210971,370,22.653061,34,313.770,130.951,255,8
1778399183218229,121220960,374,22.897959,34,313.208,132.291,255,8
1778399183228869,121230918,378,23.142859,34,312.639,133.629,255,8
1778399183249230,121240906,382,23.387754,34,312.065,134.964,255,8
1778399183249684,121250866,386,23.632654,34,311.486,136.296,255,8
1778399183262708,121260850,390,23.877550,34,310.900,137.626,255,8
1778399183269535,121270813,395,24.183674,34,310.161,139.285,255,8
1778399183281938,121280796,399,24.428574,34,309.562,140.610,255,8
1778399183297436,121290751,404,24.734694,34,308.807,142.262,255,8
1778399183297949,121300733,408,24.979591,34,308.196,143.580,255,8
1778399183313233,121310692,412,25.224489,34,307.579,144.896,255,8
1778399183324392,121320675,417,25.530611,34,306.801,146.538,255,8
1778399183340545,121330637,422,25.836735,34,306.013,148.175,255,8
1778399183341051,121340612,426,26.081631,34,305.377,149.481,255,8
1778399183356278,121350573,431,26.387754,34,304.574,151.111,255,8
1778399183356763,121360553,435,26.632654,34,303.926,152.411,255,8
1778399183371111,121370514,440,26.938774,34,303.107,154.033,255,8
1778399183386494,121380495,445,27.244898,34,302.280,155.650,255,8
1778399183386931,121390453,450,27.551022,34,301.444,157.263,255,8
1778399183401096,121400434,455,27.857143,34,300.599,158.871,255,8
1778399183411064,121410391,460,28.163265,34,299.746,160.475,255,8
1778399183416904,121420379,465,28.469387,34,298.884,162.074,255,8
1778399183437654,121430343,470,28.775511,34,298.014,163.669,255,8
1778399183438060,121440330,475,29.081635,34,297.136,165.259,255,8
1778399183449898,121450286,480,29.387754,34,296.248,166.844,255,8
1778399183460917,121460271,485,29.693878,34,295.353,168.424,255,8
1778399183467354,121470227,491,30.061226,34,294.267,170.315,255,8
1778399183485917,121480201,496,30.367348,34,293.353,171.884,255,8
1778399183486328,121490151,502,30.734694,34,292.245,173.762,255,8
1778399183498138,121500127,507,31.040815,34,291.312,175.321,255,8
1778399183508610,121510079,513,31.408163,34,290.182,177.185,255,8
1778399183529622,121520062,518,31.714287,34,289.231,178.732,255,8
1778399183530075,121530016,524,32.081635,34,288.079,180.583,255,8
1778399183543268,121539997,530,32.448978,34,286.916,182.426,255,8
1778399183544219,121549950,536,32.816326,34,285.740,184.262,255,8
1778399183571228,121559933,541,33.122448,34,284.752,185.786,255,8
1778399183571713,121569891,547,33.489796,35,291.894,193.126,255,8
1778399183584765,121579875,553,33.857143,35,290.650,194.993,255,8
1778399183585219,121589832,559,34.224491,35,289.394,196.853,255,8
1778399183598130,121599816,565,34.591835,35,288.126,198.704,255,8
1778399183619691,121609773,571,34.959183,35,286.846,200.547,255,8
1778399183620248,121619759,577,35.326530,35,285.554,202.382,255,8
1778399183633828,121629718,583,35.693878,35,284.251,204.209,255,8
1778399183634366,121639701,589,36.061226,35,282.936,206.027,255,8
1778399183650629,121649664,595,36.428574,35,281.609,207.837,255,8
1778399183668125,121659645,602,36.857143,35,280.047,209.938,255,8
1778399183668529,121669595,608,37.224491,35,278.695,211.729,255,8
1778399183683211,121679578,614,37.591839,35,277.332,213.511,255,8
1778399183683780,121689527,621,38.020409,35,275.727,215.580,255,8
1778399183693864,121699508,627,38.387753,35,274.339,217.343,255,8
1778399183711640,121709457,634,38.816326,35,272.706,219.389,255,8
1778399183712540,121719435,640,39.183674,35,271.294,221.133,255,8
1778399183725752,121729386,647,39.612244,35,269.632,223.156,255,8
1778399183738312,121739373,653,39.979591,35,268.196,224.880,255,8
1778399183749308,121749332,660,40.408161,35,266.506,226.880,255,8
1778399183766392,121759318,667,40.836735,35,264.802,228.867,255,8
1778399183766878,121769271,674,41.265305,35,263.082,230.841,255,8
1778399183780166,121779257,681,41.693878,35,261.348,232.803,255,8
1778399183791281,121789212,688,42.122448,35,259.600,234.751,255,8
1778399183791786,121799198,695,42.551022,35,257.836,236.686,255,8
1778399183809238,121809160,702,42.979591,35,256.059,238.608,255,8
1778399183813935,121819149,709,43.408161,35,254.267,240.517,255,8
1778399183825815,121829105,716,43.836735,36,259.674,249.338,255,8
1778399183837292,121839091,723,44.265305,36,257.802,251.273,255,8
1778399183860854,121849050,730,44.693878,36,255.915,253.195,255,8
1778399183861303,121859036,737,45.122448,36,254.014,255.102,255,8
1778399183861742,121868993,745,45.612247,36,251.824,257.264,255,8
1778399183878553,121878978,752,46.040813,36,249.892,259.140,255,8
1778399183902900,121888934,759,46.469391,36,247.947,261.002,255,8
1778399183903510,121898922,767,46.959183,36,245.707,263.112,255,8
1778399183903928,121908883,774,47.387756,36,243.732,264.943,255,8
1778399183915497,121918869,782,47.877548,36,241.458,267.017,255,8
1778399183927218,121928833,789,48.306122,36,239.454,268.815,255,8
1778399183949774,121938819,797,48.795918,36,237.148,270.852,255,8
1778399183950303,121948775,804,49.224491,36,235.115,272.619,255,8
1778399183950709,121958767,812,49.714287,36,232.776,274.619,255,8
1778399183963108,121968725,820,50.204082,37,236.820,284.282,255,8
1778399183970105,121978714,828,50.693878,37,234.382,286.296,255,8
1778399183995457,121988674,836,51.183670,37,231.926,288.289,255,8
1778399183995901,121998658,844,51.673470,37,229.453,290.261,255,8
1778399184010454,122008616,852,52.163261,37,226.963,292.212,255,8
1778399184011081,122018601,860,52.653061,37,224.457,294.141,255,8
1778399184028814,122028560,868,53.142860,37,221.934,296.049,255,8
1778399184029547,122038539,876,53.632652,37,219.395,297.936,255,8
1778399184049315,122048495,884,54.122452,37,216.840,299.800,255,8
1778399184049928,122058474,892,54.612244,37,214.270,301.643,255,8
1778399184065030,122068428,901,55.163265,38,217.071,311.898,255,8
1778399184092261,122078410,909,55.653065,38,214.397,313.742,255,8
1778399184092788,122088360,918,56.204079,38,211.370,315.789,255,8
1778399184093205,122098341,926,56.693878,38,208.663,317.585,255,8
1778399184105447,122108288,934,57.183670,38,205.940,319.357,255,8
1778399184119043,122118276,943,57.734695,38,202.859,321.322,255,8
1778399184119525,122128225,952,58.285717,38,199.760,323.258,255,8
1778399184139599,122138203,960,58.775509,39,202.173,333.506,255,8
1778399184139963,122148155,969,59.326530,39,198.956,335.435,255,8
1778399184152976,122158137,978,59.877552,39,195.721,337.332,255,8
1778399184163729,122168093,986,60.367348,39,192.831,338.993,255,8
1778399184169531,122178075,995,60.918369,38,184.701,332.093,255,8
1778399184192359,122188027,1004,61.469387,38,181.499,333.854,255,8
1778399184192876,122198007,1013,62.020409,37,173.588,326.752,255,8
1778399184204928,122207964,1022,62.571430,37,170.438,328.407,255,8
1778399184215008,122217948,1031,63.122448,37,167.272,330.031,255,8
1778399184238365,122227900,1040,63.673470,37,164.090,331.624,255,8
1778399184238786,122237888,1049,64.224495,37,160.893,333.187,255,8
1778399184239145,122247841,1058,64.775505,37,157.681,334.719,255,8
1778399184247494,122257821,1068,65.387756,37,154.096,336.384,255,8
1778399184258889,122267777,1077,65.938774,36,146.777,328.720,255,8
1778399184285353,122277763,1086,66.489792,36,143.608,330.116,255,8
1778399184285911,122287718,1096,67.102043,36,140.073,331.632,255,8
1778399184287043,122297705,1105,67.653061,36,136.877,332.963,255,8
1778399184300645,122307671,1114,68.204079,36,133.669,334.264,255,8
1778399184307964,122317651,1124,68.816330,36,130.089,335.674,255,8
1778399184335040,122327607,1133,69.367348,36,126.855,336.909,255,8
1778399184335528,122337595,1143,69.979591,36,123.248,338.245,255,8
1778399184336524,122347550,1153,70.591835,36,119.626,339.543,255,8
1778399184349862,122357534,1162,71.142860,35,113.123,331.215,255,8
1778399184356418,122367492,1172,71.755104,35,109.578,332.404,255,8
1778399184382976,122377474,1182,72.367348,35,106.020,333.556,255,8
1778399184383428,122387428,1192,72.979591,35,102.449,334.670,255,8
1778399184398015,122397406,1202,73.591835,35,98.867,335.746,255,8
1778399184398588,122407358,1211,74.142853,35,95.634,336.681,255,8
1778399184426985,122417345,1221,74.755104,35,92.031,337.684,255,8
1778399184427434,122427298,1231,75.367348,35,88.417,338.648,255,8
1778399184427877,122437279,1241,75.979591,35,84.794,339.573,255,8
1778399184442777,122447231,1251,76.591835,35,81.160,340.460,255,8
1778399184448918,122457214,1261,77.204079,35,77.518,341.308,255,8
1778399184476085,122467171,1271,77.816330,35,73.866,342.117,255,8
1778399184476570,122477156,1281,78.428566,35,70.206,342.886,255,8
1778399184477012,122487110,1291,79.040817,35,66.538,343.617,255,8
1778399184492203,122497093,1301,79.653061,35,62.863,344.308,255,8
1778399184499025,122507049,1311,80.265312,35,59.180,344.960,255,8
1778399184528088,122517029,1321,80.877548,35,55.491,345.573,255,8
1778399184528571,122526982,1330,81.428574,35,52.165,346.091,255,8
1778399184529020,122536964,1340,82.040817,34,47.079,336.725,255,8
1778399184542420,122546912,1350,82.653061,35,44.757,347.127,255,8
1778399184563181,122556892,1360,83.265305,34,39.873,337.654,255,8
1778399184563742,122566843,1370,83.877556,34,36.262,338.061,255,8
1778399184564399,122576824,1380,84.489799,34,32.648,338.429,255,8
1778399184580070,122586776,1390,85.102043,34,29.030,338.758,255,8
1778399184586625,122596756,1400,85.714287,34,25.408,339.049,255,8
1778399184612102,122606710,1410,86.326530,34,21.784,339.301,255,8
1778399184612562,122616692,1420,86.938774,34,18.157,339.515,255,8
1778399184613879,122626646,1430,87.551018,34,14.528,339.689,255,8
1778399184627482,122636625,1439,88.102043,34,11.261,339.813,255,8
1778399184638301,122646585,1449,88.714287,34,7.629,339.914,255,8
1778399184658269,122656568,1459,89.326530,34,3.996,339.977,255,8
1778399184658858,122666514,1469,89.938774,34,0.363,340.000,255,8
1778399184671513,122676499,1479,90.551025,34,-3.270,339.984,255,8
1778399184681741,122686458,1489,91.163261,34,-6.902,339.930,255,8
1778399184683323,122696437,1499,91.775513,34,-10.534,339.837,255,8
1778399184704771,122706396,1508,92.326523,34,-13.802,339.720,255,8
1778399184705214,122716372,1518,92.938782,34,-17.431,339.553,255,8
1778399184719212,122726326,1528,93.551018,34,-21.059,339.347,255,8
1778399184729600,122736319,1538,94.163261,34,-24.684,339.103,255,8
1778399184751523,122746271,1548,94.775513,34,-28.306,338.820,255,8
1778399184751930,122756248,1558,95.387756,34,-31.924,338.498,255,8
1778399184752571,122766198,1568,96.000008,34,-35.540,338.137,255,8
1778399184766477,122776173,1577,96.551018,34,-38.790,337.780,255,8
1778399184777672,122786128,1587,97.163269,34,-42.397,337.346,255,8
1778399184798182,122796103,1597,97.775513,34,-45.999,336.874,255,8
1778399184798610,122806060,1607,98.387749,34,-49.596,336.363,255,8
1778399184812464,122816041,1617,99.000000,34,-53.188,335.814,255,8
1778399184812884,122825995,1627,99.612244,34,-56.773,335.227,255,8
1778399184823522,122835986,1636,100.163269,34,-59.994,334.665,255,8
1778399184844837,122845944,1646,100.775505,34,-63.567,334.005,255,8
1778399184845263,122855929,1656,101.387756,34,-67.132,333.307,255,8
1778399184859386,122865882,1666,102.000000,34,-70.690,332.570,255,8
1778399184863540,122875869,1676,102.612244,34,-74.240,331.796,255,8
1778399184871431,122885825,1686,103.224495,34,-77.781,330.984,255,8
1778399184897718,122895804,1696,103.836731,34,-81.313,330.134,255,8
1778399184898188,122905751,1705,104.387756,34,-84.484,329.336,255,8
1778399184911878,122915732,1715,105.000000,34,-87.998,328.415,255,8
1778399184912227,122925690,1725,105.612251,34,-91.503,327.456,255,8
1778399184943366,122935680,1735,106.224487,34,-94.997,326.459,255,8
1778399184943815,122945631,1744,106.775513,34,-98.132,325.531,255,8
1778399184944438,122955625,1754,107.387756,34,-101.605,324.463,255,8
1778399184956496,122965582,1764,108.000008,34,-105.066,323.359,255,8
1778399184967600,122975567,1774,108.612244,34,-108.515,322.218,255,8
1778399184987559,122985525,1784,109.224487,34,-111.952,321.040,255,8
1778399184987899,122995510,1794,109.836739,34,-115.376,319.826,255,8
1778399185001164,123005473,1803,110.387764,34,-118.446,318.701,255,8
1778399185001634,123015456,1813,111.000000,34,-121.845,317.417,255,8
1778399185011829,123025416,1823,111.612244,34,-125.230,316.097,255,8
1778399185043295,123035400,1833,112.224495,34,-128.600,314.741,255,8
1778399185043734,123045357,1842,112.775505,34,-131.621,313.490,255,8
1778399185044144,123055346,1852,113.387756,34,-134.964,312.065,255,8
1778399185056735,123065302,1862,114.000000,34,-138.290,310.605,255,8
1778399185084842,123075287,1872,114.612236,34,-141.601,309.110,255,8
1778399185085347,123085242,1882,115.224495,34,-144.896,307.579,255,8
1778399185085732,123095232,1891,115.775513,34,-147.848,306.172,255,8
1778399185098185,123105186,1901,116.387756,34,-151.111,304.574,255,8
1778399185099231,123115172,1911,116.999992,34,-154.357,302.942,255,8
1778399185109962,123125131,1921,117.612244,34,-157.585,301.276,255,8
1778399185130740,123135117,1930,118.163269,35,-165.195,308.562,255,8
1778399185131210,123145069,1940,118.775513,35,-168.483,306.779,255,8
1778399185143643,123155053,1950,119.387749,35,-171.751,304.962,255,8
1778399185149708,123165005,1960,120.000000,35,-175.000,303.109,255,8
1778399185177993,123174992,1969,120.551018,35,-177.907,301.412,255,8
1778399185178441,123184949,1979,121.163269,35,-181.117,299.494,255,8
1778399185178893,123194925,1989,121.775505,35,-184.307,297.541,255,8
1778399185190980,123204887,1999,122.387756,35,-187.476,295.555,255,8
1778399185198470,123214869,2008,122.938774,35,-190.310,293.738,255,8
1778399185227967,123224826,2018,123.551025,35,-193.438,291.688,255,8
1778399185228509,123234811,2028,124.163261,35,-196.544,289.604,255,8
1778399185228991,123244764,2038,124.775505,35,-199.627,287.488,255,8
1778399185242763,123254748,2047,125.326530,35,-202.382,285.554,255,8
1778399185248304,123264709,2057,125.938782,35,-205.422,283.376,255,8
1778399185277946,123274694,2067,126.551018,35,-208.438,281.164,255,8
1778399185278392,123284646,2076,127.102043,35,-211.133,279.147,255,8
1778399185278834,123294633,2086,127.714287,35,-214.104,276.875,255,8
1778399185292085,123304595,2096,128.326538,35,-217.050,274.571,255,8
1778399185297981,123314581,2106,128.938782,35,-219.971,272.236,255,8
1778399185325329,123324544,2115,129.489792,35,-222.579,270.108,255,8
1778399185325781,123334527,2125,130.102036,35,-225.453,267.714,255,8
1778399185327023,123344488,2135,130.714279,35,-228.301,265.290,255,8
1778399185340638,123354474,2144,131.265305,35,-230.841,263.082,255,8
1778399185362826,123364433,2154,131.877548,35,-233.639,260.601,255,8
1778399185363342,123374426,2164,132.489792,36,-243.165,265.463,255,8
1778399185375431,123384389,2174,133.102036,36,-245.988,262.850,255,8
1778399185376555,123394379,2183,133.653061,36,-248.504,260.472,255,8
1778399185387865,123404336,2193,134.265305,36,-251.273,257.802,255,8
1778399185409066,123414322,2202,134.816315,36,-253.741,255.373,255,8
1778399185409667,123424286,2212,135.428574,36,-256.455,252.647,255,8
1778399185421653,123434272,2222,136.040817,36,-259.140,249.892,255,8
1778399185431924,123444226,2232,136.653061,36,-261.796,247.109,255,8
1778399185436824,123454214,2241,137.204071,36,-264.160,244.580,255,8
1778399185469055,123464174,2251,137.816330,36,-266.759,241.743,255,8
1778399185469502,123474162,2260,138.367340,37,-276.545,245.810,255,8
1778399185469882,123484124,2270,138.979599,37,-279.156,242.841,255,8
1778399185483020,123494113,2280,139.591827,37,-281.735,239.845,255,8
1778399185487592,123504069,2289,140.142853,37,-284.029,237.124,255,8
1778399185512771,123514058,2299,140.755096,37,-286.546,234.075,255,8
1778399185513181,123524017,2308,141.306122,37,-288.784,231.309,255,8
1778399185527039,123534003,2318,141.918365,37,-291.239,228.210,255,8
1778399185527470,123543961,2328,142.530609,37,-293.661,225.085,255,8
1778399185555876,123553939,2337,143.081635,37,-295.812,222.250,255,8
1778399185556250,123563900,2347,143.693878,37,-298.170,219.077,255,8
1778399185556694,123573889,2356,144.244904,38,-308.378,222.042,255,8
1778399185569029,123583846,2366,144.857147,38,-310.733,218.734,255,8
1778399185575677,123593831,2376,145.469391,38,-313.053,215.402,255,8
1778399185603072,123603791,2385,146.020401,38,-315.110,212.381,255,8
1778399185603391,123613773,2395,146.632660,38,-317.361,209.002,255,8
1778399185604370,123623731,2404,147.183670,38,-319.357,205.940,255,8
1778399185618602,123633714,2414,147.795914,38,-321.539,202.516,255,8
1778399185647721,123643684,2423,148.346939,39,-331.984,204.662,255,8
1778399185648101,123653673,2433,148.959183,39,-334.152,201.103,255,8
1778399185648494,123663639,2442,149.510208,39,-336.071,197.880,255,8
1778399185660947,123673622,2452,150.122452,39,-338.166,194.278,255,8
1778399185666865,123683594,2461,150.673462,39,-340.019,191.017,255,8
1778399185677415,123693576,2471,151.285721,40,-350.811,192.177,255,8
1778399185703132,123703540,2480,151.836731,40,-352.642,188.794,255,8
1778399185703666,123713529,2490,152.448975,40,-354.640,185.015,255,8
1778399185704182,123723488,2499,153.000000,40,-356.403,181.596,255,8
1778399185718923,123733469,2509,153.612244,39,-349.365,173.333,255,8
1778399185744022,123743426,2518,154.163269,36,-324.014,156.891,255,8
1778399185744830,123753408,2528,154.775513,36,-325.672,153.420,255,8
1778399185745290,123763368,2537,155.326538,35,-318.046,146.106,255,8
1778399185758985,123773350,2547,155.938766,36,-328.720,146.777,255,8
1778399185789562,123783308,2556,156.489792,36,-330.116,143.608,255,8
1778399185790290,123793296,2566,157.102051,36,-331.632,140.073,255,8
1778399185790807,123803255,2575,157.653061,36,-332.963,136.877,255,8
1778399185792637,123813240,2585,158.265305,37,-343.696,137.014,255,8
1778399185807044,123823200,2594,158.816330,40,-372.971,144.544,255,8
1778399185840102,123833184,2604,159.428574,40,-374.494,140.550,255,8
1778399185840634,123843146,2613,159.979599,40,-375.828,136.942,255,8
1778399185841277,123853126,2623,160.591843,39,-367.838,129.595,255,8
1778399185842092,123863089,2632,161.142853,39,-369.068,126.052,255,8
1778399185854879,123873073,2641,161.693878,39,-370.263,122.497,255,8
1778399185884470,123883032,2651,162.306122,39,-371.551,118.533,255,8
1778399185884841,123893010,2660,162.857147,39,-372.673,114.954,255,8
1778399185885190,123902978,2670,163.469391,39,-373.880,110.966,255,8
1778399185897749,123912955,2679,164.020401,39,-374.930,107.365,255,8
1778399185908946,123922924,2688,164.571426,39,-375.946,103.754,255,8
1778399185933252,123932914,2698,165.183670,39,-377.033,99.731,255,8
1778399185933853,123942867,2707,165.734695,39,-377.974,96.101,255,8
1778399185934441,123952869,2717,166.346939,39,-378.980,92.056,255,8
1778399185947913,123962828,2726,166.897949,39,-379.847,88.408,255,8
1778399185978770,123972812,2736,167.510208,39,-380.770,84.344,255,8
1778399185979193,123982765,2745,168.061218,39,-381.564,80.678,255,8
1778399185979628,123992741,2754,168.612244,39,-382.322,77.005,255,8
1778399185980748,124002698,2764,169.224487,39,-383.123,72.915,255,8
1778399185993263,124012674,2773,169.775513,38,-373.966,67.452,255,8
1778399186031966,124022631,2782,170.326523,38,-374.597,63.853,255,8
1778399186032352,124032614,2792,170.938782,38,-375.258,59.846,255,8
1778399186032774,124042571,2801,171.489792,38,-375.816,56.235,255,8
1778399186033185,124052551,2810,172.040817,38,-376.339,52.618,255,8
1778399186045819,124062507,2820,172.653061,38,-376.880,48.593,255,8
1778399186078281,124072483,2829,173.204071,38,-377.330,44.967,255,8
1778399186078878,124082432,2838,173.755096,38,-377.745,41.336,255,8
1778399186079388,124092409,2847,174.306122,35,-348.273,34.725,255,8
1778399186079817,124102365,2857,174.918365,33,-328.703,29.230,255,8
1778399186092740,124112341,2866,175.469391,33,-328.969,26.067,255,8
1778399186118048,124122289,2875,176.020401,34,-339.180,23.596,255,8
1778399186118528,124132268,2885,176.632660,34,-339.413,19.971,255,8
1778399186119458,124142237,2894,177.183670,34,-339.589,16.706,255,8
1778399186134921,124152217,2903,177.734695,34,-339.734,13.439,255,8
1778399186165106,124162176,2913,178.346939,33,-329.863,9.520,255,8
1778399186165608,124172160,2922,178.897949,33,-329.939,6.347,255,8
1778399186166048,124182119,2931,179.448975,33,-329.985,3.174,255,8
1778399186179419,124192100,2941,180.061218,33,-330.000,-0.353,255,8
1778399186179884,124202058,2950,180.612259,34,-339.981,-3.633,255,8
1778399186222382,124212037,2959,181.163269,34,-339.930,-6.903,255,8
1778399186222966,124221995,2968,181.714294,34,-339.848,-10.171,255,8
1778399186223411,124231978,2978,182.326523,33,-329.728,-13.396,255,8
1778399186223872,124241924,2987,182.877563,33,-329.584,-16.567,255,8
1778399186237624,124251899,2996,183.428574,33,-329.409,-19.735,255,8
1778399186238310,124261854,3006,184.040817,33,-329.180,-23.254,255,8
1778399186281819,124271825,3015,184.591827,33,-328.941,-26.419,255,8
1778399186282248,124281784,3024,185.142868,33,-328.672,-29.581,255,8
1778399186282641,124291764,3034,185.755096,33,-328.337,-33.091,255,8
1778399186283021,124301716,3043,186.306137,33,-328.003,-36.247,255,8
1778399186295950,124311697,3052,186.857147,34,-337.568,-40.594,255,8
1778399186324439,124321648,3061,187.408157,33,-327.245,-42.549,255,8
1778399186324896,124331626,3071,188.020401,33,-326.772,-46.043,255,8
1778399186325326,124341578,3080,188.571442,34,-336.202,-50.674,255,8
1778399186327515,124351554,3089,189.122452,34,-335.700,-53.905,255,8
1778399186341954,124361509,3098,189.673462,34,-335.166,-57.131,255,8
1778399186369217,124371482,3108,190.285721,34,-334.536,-60.709,255,8
1778399186369659,124381438,3117,190.836731,34,-333.937,-63.924,255,8
1778399186370118,124391413,3126,191.387756,34,-333.307,-67.132,255,8
1778399186384539,124401371,3136,192.000015,34,-332.570,-70.690,255,8
1778399186416233,124411349,3145,192.551025,34,-331.875,-73.885,255,8
1778399186416724,124421305,3154,193.102036,34,-331.149,-77.073,255,8
1778399186417318,124431282,3164,193.714279,34,-330.307,-80.607,255,8
1778399186417750,124441234,3173,194.265289,34,-329.516,-83.780,255,8
1778399186455242,124451215,3182,194.816330,34,-328.695,-86.945,255,8
1778399186455752,124461167,3191,195.367340,34,-327.844,-90.102,255,8
1778399186456227,124471151,3201,195.979599,34,-326.862,-93.600,255,8
1778399186456589,124481104,3210,196.530609,34,-325.947,-96.739,255,8
1778399186470458,124491080,3219,197.081635,34,-325.002,-99.870,255,8
1778399186502441,124501033,3229,197.693863,35,-333.443,-106.376,255,8
1778399186503052,124511011,3238,198.244904,38,-360.896,-118.970,255,8
1778399186503581,124520966,3247,198.795914,38,-359.735,-122.435,255,8
1778399186517950,124530944,3256,199.346939,39,-367.977,-129.202,255,8
1778399186518408,124540897,3266,199.959183,40,-375.974,-136.540,255,8
1778399186548027,124550879,3275,200.510208,40,-374.644,-140.150,255,8
1778399186548524,124560833,3284,201.061218,39,-363.947,-140.152,255,8
1778399186548879,124570815,3293,201.612259,39,-362.582,-143.646,255,8
1778399186563365,124580773,3303,202.224487,38,-351.769,-143.730,255,8
1778399186565175,124590755,3312,202.775513,38,-350.371,-147.106,255,8
1778399186604513,124600716,3321,203.326523,39,-358.123,-154.429,255,8
1778399186605070,124610699,3330,203.877563,39,-356.621,-157.866,255,8
1778399186605558,124620660,3339,204.428574,39,-355.086,-161.288,255,8
1778399186605982,124630642,3349,205.040817,39,-353.343,-165.073,255,8
1778399186647458,124640599,3358,205.591843,39,-351.739,-168.463,255,8
1778399186647927,124650580,3367,206.142853,40,-359.079,-176.244,255,8
1778399186648491,124660536,3376,206.693878,40,-357.368,-179.689,255,8
1778399186648927,124670515,3385,207.244888,39,-346.733,-178.540,255,8
1778399186684642,124680470,3394,207.795929,40,-353.846,-186.530,255,8
1778399186685025,124690446,3404,208.408157,40,-351.832,-190.300,255,8
1778399186685414,124700404,3413,208.959183,40,-349.986,-193.675,255,8
1778399186685745,124710381,3422,209.510193,40,-348.107,-197.031,255,8
1778399186699600,124720334,3431,210.061234,40,-346.196,-200.370,255,8
1778399186731313,124730316,3440,210.612244,40,-344.253,-203.690,255,8
1778399186731795,124740272,3449,211.163254,40,-342.279,-206.991,255,8
1778399186732228,124750260,3458,211.714294,40,-340.272,-210.274,255,8
1778399186733555,124760217,3467,212.265305,40,-338.234,-213.536,255,8
1778399186748298,124770203,3476,212.816330,40,-336.165,-216.779,255,8
1778399186782867,124780166,3486,213.428558,40,-333.829,-220.359,255,8
1778399186783245,124790154,3495,213.979599,41,-339.987,-229.148,255,8
1778399186783596,124800106,3504,214.530609,41,-337.768,-232.407,255,8
1778399186783981,124810094,3513,215.081635,41,-335.517,-235.645,255,8
1778399186796835,124820058,3522,215.632660,41,-333.235,-238.860,255,8
1778399186837040,124830043,3531,216.183670,41,-330.923,-242.054,255,8
1778399186837551,124840003,3540,216.734695,41,-328.580,-245.225,255,8
1778399186838055,124849991,3549,217.285706,41,-326.206,-248.374,255,8
1778399186838574,124859953,3559,217.897964,42,-331.424,-257.988,255,8
1778399186879526,124869935,3568,218.448975,42,-328.928,-261.163,255,8
1778399186880041,124879902,3577,219.000000,42,-326.401,-264.315,255,8
1778399186880371,124889887,3586,219.551010,42,-323.844,-267.441,255,8
1778399186880717,124899850,3595,220.102051,42,-321.257,-270.543,255,8
1778399186882131,124909833,3604,220.653061,43,-326.227,-280.135,255,8
1778399186897931,124919787,3613,221.204071,43,-323.518,-283.259,255,8
1778399186932472,124929767,3622,221.755112,43,-320.779,-286.358,255,8
1778399186932944,124939727,3631,222.306122,43,-318.010,-289.429,255,8
1778399186933430,124949718,3640,222.857147,43,-315.212,-292.474,255,8
1778399186933865,124959675,3649,223.408157,43,-312.385,-295.492,255,8
1778399186949944,124969658,3658,223.959167,43,-309.529,-298.483,255,8
1778399186951470,124979614,3668,224.571426,43,-306.322,-301.773,255,8
1778399186986454,124989599,3677,225.122452,43,-303.405,-304.705,255,8
1778399186986864,124999558,3686,225.673477,43,-300.461,-307.609,255,8
1778399186987279,125009538,3695,226.224487,43,-297.489,-310.484,255,8
1778399187026135,125019494,3704,226.775513,43,-294.489,-313.331,255,8
1778399187026586,125029477,3713,227.326523,43,-291.462,-316.148,255,8
1778399187027115,125039437,3722,227.877563,43,-288.408,-318.937,255,8
1778399187027570,125049411,3731,228.428574,43,-285.328,-321.696,255,8
1778399187068642,125059361,3740,228.979584,43,-282.221,-324.425,255,8
1778399187069087,125069346,3749,229.530609,44,-285.578,-334.731,255,8
1778399187069449,125079303,3758,230.081635,44,-282.346,-337.462,255,8
1778399187069883,125089286,3767,230.632660,43,-272.745,-332.431,255,8
1778399187070317,125099247,3776,231.183670,43,-269.535,-335.039,255,8
1778399187084316,125109229,3785,231.734680,43,-266.301,-337.615,255,8
1778399187115682,125119182,3794,232.285721,43,-263.041,-340.161,255,8
1778399187116120,125129163,3804,232.897964,41,-247.327,-327.001,255,8
1778399187116509,125139119,3813,233.448975,41,-244.171,-329.364,255,8
1778399187131311,125149105,3822,233.999985,40,-235.114,-323.607,255,8
1778399187131698,125159058,3831,234.551025,40,-231.991,-325.853,255,8
1778399187171502,125169043,3840,235.102036,40,-228.847,-328.069,255,8
1778399187171967,125178996,3850,235.714294,40,-225.328,-330.496,255,8
1778399187172463,125188983,3859,236.265305,40,-222.139,-332.647,255,8
1778399187172909,125198942,3868,236.816330,40,-218.930,-334.768,255,8
1778399187188003,125208916,3877,237.367340,40,-215.700,-336.858,255,8
1778399187189216,125218876,3886,237.918381,39,-207.139,-330.444,255,8
1778399187223433,125228856,3896,238.530609,39,-203.597,-332.638,255,8
1778399187223909,125238803,3905,239.081635,39,-200.388,-334.581,255,8
1778399187224406,125248780,3914,239.632645,39,-197.161,-336.493,255,8
1778399187240271,125258744,3923,240.183670,39,-193.916,-338.373,255,8
1778399187240828,125268723,3932,240.734695,39,-190.653,-340.223,255,8
1778399187257475,125278676,3941,241.285706,39,-187.373,-342.040,255,8
1778399187258519,125288661,3951,241.897964,39,-183.707,-344.023,255,8
1778399187298333,125298620,3960,242.448975,38,-175.765,-336.908,255,8
1778399187298802,125308602,3969,243.000000,38,-172.516,-338.582,255,8
1778399187299269,125318553,3978,243.551010,38,-169.252,-340.226,255,8
1778399187299672,125328544,3987,244.102051,38,-165.972,-341.838,255,8
1778399187316191,125338497,3996,244.653061,38,-162.677,-343.418,255,8
1778399187318121,125348484,4005,245.204071,38,-159.367,-344.967,255,8
1778399187354915,125358443,4014,245.755112,38,-156.042,-346.483,255,8
1778399187355360,125368431,4024,246.367355,38,-152.331,-348.131,255,8
1778399187355801,125378385,4033,246.918365,38,-148.976,-349.580,255,8
1778399187359558,125388370,4042,247.469376,37,-141.776,-341.760,255,8
1778399187375632,125398324,4051,248.020416,37,-138.482,-343.107,255,8
1778399187377326,125408304,4060,248.571426,37,-135.176,-344.423,255,8
1778399187413968,125418267,4069,249.122452,37,-131.858,-345.707,255,8
1778399187414387,125428251,4078,249.673462,37,-128.527,-346.959,255,8
1778399187414748,125438210,4088,250.285721,37,-124.812,-348.313,255,8
1778399187418929,125448199,4097,250.836731,37,-121.457,-349.497,255,8
1778399187434548,125458162,4106,251.387772,37,-118.090,-350.649,255,8
1778399187438853,125468150,4115,251.938782,37,-114.712,-351.769,255,8
1778399187483163,125478109,4124,252.489792,37,-111.324,-352.855,255,8
1778399187483663,125488099,4133,253.040817,37,-107.925,-353.910,255,8
1778399187484037,125498052,4142,253.591827,37,-104.517,-354.931,255,8
1778399187484395,125508037,4151,254.142868,37,-101.099,-355.920,255,8
1778399187486367,125517994,4160,254.693878,37,-97.671,-356.876,255,8
1778399187501034,125527984,4170,255.306122,37,-93.852,-357.899,255,8
1778399187535437,125537943,4179,255.857147,37,-90.406,-358.785,255,8
1778399187535900,125547923,4188,256.408142,37,-86.951,-359.638,255,8
1778399187536330,125557880,4197,256.959198,37,-83.489,-360.458,255,8
1778399187536650,125567868,4206,257.510193,37,-80.018,-361.244,255,8
1778399187579644,125577826,4215,258.061218,37,-76.541,-361.997,255,8
1778399187580106,125587812,4224,258.612244,37,-73.056,-362.716,255,8
1778399187580583,125597766,4233,259.163269,37,-69.564,-363.402,255,8
1778399187581067,125607752,4242,259.714294,36,-64.280,-354.215,255,8
1778399187596791,125617707,4251,260.265289,36,-60.871,-354.816,255,8
1778399187597363,125627689,4260,260.816345,36,-57.456,-355.385,255,8
1778399187640152,125637642,4270,261.428558,36,-53.655,-355.979,255,8
1778399187640656,125647618,4279,261.979584,36,-50.229,-356.479,255,8
1778399187641131,125657569,4288,262.530609,36,-46.799,-356.945,255,8
1778399187641587,125667556,4297,263.081635,36,-43.364,-357.379,255,8
1778399187658137,125677503,4306,263.632660,36,-39.925,-357.779,255,8
1778399187658686,125687477,4315,264.183685,36,-36.482,-358.147,255,8
1778399187695493,125697432,4324,264.734680,36,-33.036,-358.481,255,8
1778399187695951,125707410,4333,265.285706,36,-29.587,-358.782,255,8
1778399187696394,125717359,4342,265.836731,36,-26.136,-359.050,255,8
1778399187696734,125727339,4352,266.448975,36,-22.297,-359.309,255,8
1778399187711474,125737282,4360,266.938782,36,-19.225,-359.486,255,8
1778399187717589,125747261,4370,267.551025,36,-15.383,-359.671,255,8
1778399187728615,125757217,4379,268.102051,35,-11.592,-349.808,255,8
1778399187763848,125767194,4388,268.653046,31,-7.287,-309.914,255,8
1778399187764359,125777143,4397,269.204102,31,-4.306,-309.970,255,8
1778399187764817,125787124,4406,269.755096,31,-1.325,-309.997,255,8
1778399187765261,125797077,4415,270.306122,31,1.656,-309.996,255,8
1778399187779692,125807056,4424,270.857147,31,4.637,-309.965,255,8
1778399187814944,125817012,4433,271.408173,31,7.618,-309.906,255,8
1778399187815424,125826995,4442,271.959198,31,10.598,-309.819,255,8
1778399187815811,125836958,4452,272.571411,31,13.908,-309.688,255,8
1778399187816190,125846934,4461,273.122467,31,16.886,-309.540,255,8
1778399187831001,125856891,4470,273.673462,31,19.862,-309.363,255,8
1778399187833044,125866870,4479,274.224487,31,22.836,-309.158,255,8
1778399187878111,125876823,4488,274.775513,31,25.808,-308.924,255,8
1778399187878601,125886807,4497,275.326538,31,28.778,-308.661,255,8
1778399187879059,125896757,4506,275.877563,31,31.745,-308.370,255,8
1778399187879543,125906744,4515,276.428558,31,34.709,-308.051,255,8
1778399187894511,125916700,4524,276.979614,31,37.670,-307.703,255,8
1778399187894979,125926688,4533,277.530609,31,40.627,-307.326,255,8
1778399187902354,125936646,4542,278.081635,31,43.581,-306.921,255,8
1778399187913978,125946634,4552,278.693878,31,46.858,-306.438,255,8
1778399187951338,125956588,4560,279.183655,31,49.476,-306.026,255,8
1778399187951830,125966572,4570,279.795929,31,52.743,-305.480,255,8
1778399187952351,125976532,4579,280.346924,31,55.678,-304.959,255,8
1778399187952768,125986514,4588,280.897980,31,58.609,-304.409,255,8
1778399187968678,125996476,4597,281.448975,31,61.534,-303.832,255,8
1778399188008971,126006457,4606,282.000000,31,64.453,-303.226,255,8
1778399188009407,126016416,4615,282.551025,31,67.366,-302.592,255,8
1778399188009775,126026397,4624,283.102020,31,70.273,-301.930,255,8
1778399188010282,126036356,4633,283.653076,31,73.173,-301.240,255,8
1778399188011285,126046335,4642,284.204071,31,76.067,-300.523,255,8
1778399188027713,126056296,4651,284.755096,31,78.953,-299.777,255,8
1778399188068126,126066282,4660,285.306122,31,81.833,-299.004,255,8
1778399188068531,126076238,4669,285.857147,30,81.972,-288.584,255,8
1778399188068923,126086228,4678,286.408173,31,87.568,-297.375,255,8
1778399188069325,126096184,4688,287.020416,31,90.741,-296.422,255,8
1778399188070814,126106169,4696,287.510223,31,93.272,-295.636,255,8
1778399188086446,126116123,4706,288.122437,30,93.315,-285.118,255,8
1778399188099890,126126111,4715,288.673462,30,96.052,-284.208,255,8
1778399188100432,126136065,4724,289.224487,32,105.366,-302.155,255,8
1778399188153477,126146056,4733,289.775513,31,104.884,-291.718,255,8
1778399188153916,126156014,4742,290.326538,31,107.685,-290.696,255,8
1778399188154395,126165998,4751,290.877533,31,110.475,-289.647,255,8
1778399188154840,126175952,4760,291.428589,31,113.256,-288.571,255,8
1778399188155270,126185939,4769,291.979584,31,116.026,-287.468,255,8
1778399188170119,126195898,4778,292.530609,31,118.785,-286.339,255,8
1778399188170589,126205878,4787,293.081635,32,125.454,-294.383,255,8
1778399188206206,126215838,4796,293.632629,32,128.279,-293.163,255,8
1778399188206633,126225827,4805,294.183685,32,131.092,-291.916,255,8
1778399188207003,126235788,4814,294.734680,32,133.893,-290.642,255,8
1778399188255507,126245767,4824,295.346954,32,136.992,-289.194,255,8
1778399188256022,126255725,4832,295.836731,32,139.459,-288.013,255,8
1778399188256621,126265705,4842,296.448975,32,142.528,-286.506,255,8
1778399188257035,126275666,4851,297.000000,31,140.737,-276.212,255,8
1778399188257459,126285647,4860,297.551025,32,148.012,-283.712,255,8
1778399188258903,126295602,4869,298.102051,32,150.734,-282.275,255,8
1778399188306182,126305586,4878,298.653046,31,148.646,-272.037,255,8
1778399188306694,126315545,4887,299.204071,32,156.135,-279.324,255,8
1778399188307031,126325527,4896,299.755096,31,153.851,-269.128,255,8
1778399188307450,126335488,4905,300.306122,32,161.478,-276.269,255,8
1778399188308437,126345468,4914,300.857147,32,164.128,-274.704,255,8
1778399188323581,126355424,4923,301.408142,32,166.762,-273.113,255,8
1778399188330817,126365403,4932,301.959198,33,174.674,-279.980,255,8
1778399188342193,126375363,4941,302.510193,33,177.358,-278.288,255,8
1778399188385474,126385346,4950,303.061218,32,174.571,-268.188,255,8
1778399188385978,126395301,4959,303.612244,32,177.142,-266.497,255,8
1778399188386454,126405279,4968,304.163269,33,185.313,-273.055,255,8
1778399188386888,126415239,4977,304.714294,32,182.235,-263.041,255,8
1778399188387656,126425217,4986,305.265289,32,184.756,-261.276,255,8
1778399188433503,126435176,4995,305.816345,32,187.260,-259.487,255,8
1778399188434004,126445153,5004,306.367340,32,189.747,-257.674,255,8
1778399188434419,126455110,5013,306.918365,33,198.223,-263.832,255,8
1778399188434995,126465088,5022,307.469391,33,200.751,-261.914,255,8
1778399188450969,126475049,5031,308.020386,32,197.101,-252.093,255,8
1778399188451359,126485031,5040,308.571442,33,205.752,-258.004,255,8
1778399188489122,126494985,5049,309.122437,33,208.223,-256.014,255,8
1778399188489609,126504960,5058,309.673462,34,217.060,-261.696,255,8
1778399188490018,126514914,5067,310.224487,33,213.109,-251.962,255,8
1778399188490428,126524894,5076,310.775513,32,208.991,-242.328,255,8
1778399188505777,126534847,5085,311.326538,33,217.915,-247.816,255,8
1778399188506569,126544831,5094,311.877533,34,226.964,-253.155,255,8
1778399188548945,126554789,5103,312.428589,33,222.641,-243.579,255,8
1778399188549367,126564765,5112,312.979584,34,231.791,-248.743,255,8
1778399188549877,126574722,5121,313.530609,33,227.285,-239.252,255,8
1778399188550331,126584700,5130,314.081635,33,229.575,-237.055,255,8
1778399188565987,126594656,5139,314.632629,34,238.870,-241.953,255,8
1778399188566474,126604641,5148,315.183685,34,241.186,-239.644,255,8
1778399188580306,126614598,5157,315.734680,34,243.479,-237.314,255,8
1778399188617802,126624583,5166,316.285736,34,245.750,-234.961,255,8
1778399188618219,126634540,5175,316.836731,34,247.998,-232.587,255,8
1778399188618543,126644528,5184,317.387756,35,257.583,-236.962,255,8
1778399188618937,126654493,5193,317.938782,34,252.426,-227.774,255,8
1778399188669773,126664474,5202,318.489777,35,262.093,-231.964,255,8
1778399188670225,126674431,5211,319.040833,35,264.312,-229.432,255,8
1778399188670752,126684412,5220,319.591827,34,258.892,-220.398,255,8
1778399188671217,126694366,5229,320.142853,33,253.323,-211.489,255,8
1778399188671688,126704346,5238,320.693878,34,263.083,-215.378,255,8
1778399188687043,126714304,5247,321.244904,34,265.142,-212.838,255,8
1778399188687391,126724288,5256,321.795929,33,259.318,-204.093,255,8
1778399188724236,126734244,5265,322.346924,33,261.269,-201.590,255,8
1778399188724789,126744225,5274,322.897980,33,263.196,-199.068,255,8
1778399188725353,126754178,5283,323.448975,33,265.098,-196.528,255,8
1778399188725809,126764149,5292,324.000000,33,266.976,-193.969,255,8
1778399188740286,126774103,5301,324.551025,33,268.829,-191.393,255,8
1778399188782809,126784087,5310,325.102051,32,262.455,-183.077,255,8
1778399188783222,126794047,5319,325.653076,32,264.204,-180.545,255,8
1778399188783542,126804020,5328,326.204071,33,274.238,-183.558,255,8
1778399188783935,126813978,5337,326.755096,32,267.627,-175.430,255,8
1778399188784319,126823956,5346,327.306122,32,269.302,-172.848,255,8
1778399188799152,126833908,5355,327.857147,33,279.419,-175.571,255,8
1778399188815779,126843889,5364,328.408173,32,272.577,-167.637,255,8
1778399188816245,126853834,5373,328.959167,32,274.176,-165.008,255,8
1778399188856494,126863812,5382,329.510223,32,275.750,-162.363,255,8
1778399188856897,126873777,5391,330.061218,31,268.633,-154.713,255,8
1778399188857299,126883757,5400,330.612244,31,270.109,-152.122,255,8
1778399188857597,126893707,5409,331.163269,32,280.319,-154.341,255,8
1778399188908133,126903696,5418,331.714294,31,272.985,-146.899,255,8
1778399188908604,126913655,5427,332.265320,31,274.385,-144.267,255,8
1778399188908981,126923637,5436,332.816315,31,275.759,-141.622,255,8
1778399188909340,126933589,5445,333.367340,30,268.170,-134.481,255,8
1778399188909682,126943580,5454,333.918365,31,278.432,-136.292,255,8
1778399188925839,126953537,5463,334.469391,31,279.730,-133.608,255,8
1778399188926335,126963514,5472,335.020416,31,281.002,-130.912,255,8
1778399188967144,126973467,5481,335.571442,31,282.248,-128.203,255,8
1778399188967606,126983439,5490,336.122437,30,274.324,-121.435,255,8
1778399188968053,126993394,5498,336.612244,30,275.352,-119.086,255,8
1778399188968443,127003370,5508,337.224487,30,276.609,-116.136,255,8
1778399188984487,127013320,5516,337.714264,30,277.591,-113.768,255,8
1778399188984888,127023293,5525,338.265320,30,278.673,-111.093,255,8
1778399188997484,127033248,5534,338.816315,30,279.728,-108.408,255,8
1778399189033935,127043225,5543,339.367340,29,271.399,-102.189,255,8
1778399189034447,127053181,5552,339.918365,30,281.761,-103.008,255,8
1778399189034925,127063157,5561,340.469391,30,282.739,-100.293,255,8
1778399189035238,127073109,5570,341.020416,30,283.690,-97.569,255,8
1778399189049035,127083087,5579,341.571411,29,275.128,-91.676,255,8
1778399189101615,127093054,5588,342.122467,30,285.514,-92.095,255,8
1778399189102093,127103025,5597,342.673462,30,286.387,-89.345,255,8
1778399189102477,127112980,5606,343.224487,30,287.233,-86.587,255,8
1778399189102833,127122951,5615,343.775513,28,268.849,-78.232,255,8
1778399189103186,127132913,5624,344.326508,29,279.217,-78.345,255,8
1778399189103521,127142889,5632,344.816345,29,279.876,-75.955,255,8
1778399189118430,127152843,5641,345.367340,29,280.594,-73.260,255,8
1778399189120642,127162823,5650,345.918365,29,281.286,-70.558,255,8
1778399189136889,127172781,5659,346.469391,28,272.229,-65.510,255,8
1778399189186044,127182759,5668,347.020416,29,282.591,-65.135,255,8
1778399189186633,127192710,5677,347.571442,28,273.438,-60.262,255,8
1778399189187095,127202697,5686,348.122437,29,283.791,-59.688,255,8
1778399189187450,127212652,5694,348.612244,29,284.291,-57.260,255,8
1778399189187873,127222637,5703,349.163269,29,284.828,-54.523,255,8
1778399189237888,127232596,5712,349.714294,29,285.340,-51.781,255,8
1778399189238388,127242580,5721,350.265289,29,285.824,-49.035,255,8
1778399189238929,127251538,5730,350.816345,29,286.283,-46.284,255,8
1778399189239330,127262521,5739,351.367340,29,286.715,-43.529,255,8
1778399189239751,127272480,5748,351.918365,29,287.120,-40.769,255,8
1778399189240190,127282465,5757,352.469391,28,277.585,-36.696,255,8
1778399189256312,127292425,5766,353.020386,28,277.925,-34.025,255,8
1778399189301136,127302411,5774,353.510223,28,278.206,-31.647,255,8
1778399189301611,127312374,5783,354.061218,28,278.497,-28.970,255,8
1778399189302089,127322359,5792,354.612244,29,288.719,-27.230,255,8
1778399189302503,127332308,5801,355.163269,28,279.003,-23.609,255,8
1778399189302915,127342294,5810,355.714294,28,279.217,-20.924,255,8
1778399189317237,127352251,5819,356.265320,28,279.405,-18.238,255,8
1778399189318757,127362237,5828,356.816315,28,279.568,-15.550,255,8
1778399189331473,127372196,5836,357.306122,29,289.680,-13.630,255,8
1778399189377764,127382182,5845,357.857147,29,289.797,-10.843,255,8
1778399189378309,127392142,5854,358.408173,29,289.888,-8.056,255,8
1778399189378823,127402124,5863,358.959167,28,279.954,-5.086,255,8
1778399189379353,127412090,5872,359.510193,28,279.990,-2.394,255,8
1778399189379849,127422075,1,0.061224,28,280.000,0.299,255,8
1778399189394642,127432034,9,0.551020,28,279.987,2.693,255,8
1778399189436475,127442023,18,1.102041,28,279.948,5.385,255,8
1778399189436906,127451978,27,1.653061,28,279.883,8.077,255,8
1778399189437555,127461958,36,2.204082,28,279.793,10.769,255,8
1778399189437929,127471921,45,2.755102,28,279.676,13.459,255,8
1778399189438266,127481901,54,3.306122,28,279.534,16.148,255,8
1778399189453018,127491866,63,3.857143,28,279.366,18.835,255,8
1778399189458715,127501851,72,4.408163,28,279.172,21.521,255,8
1778399189470419,127511812,80,4.897959,28,278.978,23.907,255,8
1778399189510487,127521799,89,5.448980,29,288.690,27.538,255,8
1778399189510891,127531758,98,6.000000,28,278.466,29.268,255,8
1778399189511226,127541739,107,6.551021,28,278.172,31.945,255,8
1778399189511513,127551701,116,7.102041,28,277.852,34.618,255,8
1778399189525343,127561690,125,7.653061,28,277.506,37.289,255,8
1778399189526751,127571650,134,8.204082,28,277.134,39.956,255,8
1778399189570682,127581634,142,8.693877,28,276.783,42.323,255,8
1778399189571244,127591589,151,9.244898,28,276.363,44.983,255,8
1778399189571761,127601571,160,9.795918,28,275.918,47.639,255,8
1778399189572298,127611521,169,10.346938,28,275.447,50.290,255,8
1778399189586696,127621498,178,10.897960,28,274.950,52.937,255,8
1778399189587084,127631461,186,11.387755,28,274.488,55.285,255,8
1778399189599219,127641443,195,11.938775,28,273.943,57.923,255,8
1778399189605954,127651389,204,12.489796,28,273.374,60.554,255,8
1778399189655091,127661371,213,13.040815,28,272.779,63.181,255,8
1778399189655682,127671322,221,13.530613,28,272.229,65.510,255,8
1778399189656133,127681301,230,14.081633,28,271.586,68.125,255,8
1778399189656488,127691250,239,14.632653,28,270.918,70.734,255,8
1778399189656800,127701226,248,15.183674,28,270.226,73.336,255,8
1778399189703076,127711182,256,15.673470,28,269.589,75.643,255,8
1778399189703437,127721161,265,16.224489,28,268.849,78.232,255,8
1778399189703777,127731113,274,16.775511,28,268.084,80.814,255,8
1778399189704203,127741091,282,17.265306,28,267.383,83.103,255,8
1778399189705026,127751046,291,17.816326,28,266.572,85.671,255,8
1778399189718817,127761028,300,18.367348,28,265.736,88.230,255,8
1778399189756437,127770978,308,18.857143,28,264.972,90.499,255,8
1778399189756880,127780951,317,19.408163,28,264.089,93.043,255,8
1778399189757391,127790906,325,19.897959,28,263.284,95.297,255,8
1778399189757728,127800886,334,20.448978,28,262.355,97.824,255,8
1778399189808938,127810840,342,20.938776,29,270.849,103.637,255,8
1778399189809329,127820816,351,21.489796,29,269.840,106.237,255,8
1778399189809757,127830772,359,21.979593,29,268.922,108.540,255,8
1778399189810160,127840755,368,22.530613,28,258.629,107.290,255,8
1778399189810805,127850703,376,23.020407,28,257.702,109.497,255,8
1778399189826689,127860684,383,23.448978,28,256.876,111.421,255,8
1778399189827211,127870638,386,23.632654,28,256.518,112.244,255,8
1778399189943485,127960334,386,23.632654,28,256.518,112.244,255,8
1778399189944119,127970284,384,23.510202,28,256.757,111.695,255,8
1778399189944631,127980256,382,23.387754,28,256.995,111.146,255,8
1778399189945102,127990209,380,23.265306,28,257.232,110.597,255,8
1778399189957787,128000192,377,23.081631,28,257.585,109.772,255,8
1778399189971725,128010141,373,22.836735,28,258.052,108.670,255,8
1778399189972461,128020119,370,22.653061,28,258.399,107.842,255,8
1778399190025882,128030074,367,22.469387,28,258.743,107.013,255,8
1778399190026342,128040053,363,22.224491,28,259.199,105.906,255,8
1778399190026647,128050008,360,22.040817,28,259.537,105.075,255,8
1778399190027012,128059988,356,21.795919,28,259.983,103.964,255,8
1778399190027357,128069937,352,21.551022,28,260.425,102.852,255,8
1778399190083654,128079914,347,21.244898,28,260.971,101.459,255,8
1778399190084069,128089864,343,21.000000,28,261.403,100.343,255,8
1778399190084447,128099838,339,20.755102,28,261.829,99.225,255,8
1778399190084844,128109793,334,20.448978,28,262.355,97.824,255,8
1778399190085233,128119771,330,20.204081,28,262.771,96.702,255,8
1778399190085552,128129720,326,19.959183,28,263.182,95.578,255,8
1778399190100736,128139693,321,19.653061,28,263.689,94.171,255,8
1778399190162255,128169570,307,18.795919,28,265.068,90.216,255,8
1778399190162732,128179540,302,18.489796,28,265.546,88.798,255,8
1778399190163191,128199467,293,17.938776,28,266.388,86.240,255,8
1778399190163602,128209416,288,17.632652,28,266.845,84.816,255,8
1778399190178056,128219389,283,17.326530,28,267.294,83.389,255,8
1778399190224517,128229345,278,17.020409,28,267.736,81.959,255,8
1778399190224957,128239322,273,16.714287,28,268.170,80.528,255,8
1778399190225305,128249275,268,16.408163,28,268.597,79.094,255,8
1778399190225714,128259257,262,16.040817,28,269.098,77.370,255,8
1778399190226041,128269211,257,15.734694,28,269.508,75.931,255,8
1778399190241733,128289143,247,15.122449,28,270.304,73.047,255,8
1778399190306430,128348939,214,13.102041,28,272.711,63.472,255,8
1778399190352024,128358916,208,12.734694,28,273.112,61.722,255,8
1778399190352457,128368868,202,12.367347,28,273.502,59.970,255,8
1778399190352840,128378841,197,12.061225,28,273.819,58.508,255,8
1778399190353195,128398772,185,11.326530,28,274.547,54.992,255,8
1778399190367879,128408729,179,10.959184,28,274.894,53.231,255,8
1778399190368681,128418710,173,10.591837,28,275.229,51.467,255,8
1778399190414584,128428671,167,10.224489,28,275.554,49.702,255,8
1778399190415114,128438652,161,9.857143,28,275.867,47.934,255,8
1778399190415545,128448608,155,9.489796,28,276.168,46.164,255,8
1778399190415998,128458589,148,9.061224,28,276.506,44.097,255,8
1778399190418233,128468545,142,8.693877,28,276.783,42.323,255,8
1778399190434232,128478529,136,8.326530,28,277.048,40.548,255,8
1778399190440188,128488478,130,7.959184,28,277.303,38.771,255,8
1778399190451710,128498462,123,7.530612,28,277.585,36.696,255,8
1778399190502218,128508416,117,7.163265,28,277.815,34.915,255,8
1778399190502722,128518400,110,6.734694,28,278.068,32.836,255,8
1778399190503200,128528361,104,6.367347,28,278.273,31.053,255,8
1778399190503668,128538345,97,5.938776,28,278.497,28.970,255,8
1778399190504067,128548297,91,5.571429,28,278.677,27.184,255,8
1778399190521037,128558280,84,5.142857,28,278.873,25.099,255,8
1778399190521519,128568240,78,4.775510,28,279.028,23.311,255,8
1778399190567999,128578221,71,4.346939,28,279.195,21.223,255,8
1778399190568655,128588180,64,3.918367,28,279.345,19.134,255,8
1778399190569243,128598165,57,3.489796,28,279.481,17.044,255,8
1778399190569655,128608121,50,3.061225,28,279.600,14.953,255,8
1778399190570092,128618105,43,2.632653,28,279.704,12.861,255,8
1778399190583236,128628059,36,2.204082,28,279.793,10.769,255,8
1778399190588849,128638045,29,1.775510,28,279.866,8.675,255,8
1778399190600016,128648005,22,1.346939,28,279.923,6.582,255,8
1778399190640967,128657991,15,0.918367,28,279.964,4.488,255,8
1778399190641577,128667944,8,0.489796,28,279.990,2.394,255,8
1778399190642000,128677933,0,0.000000,29,290.000,0.000,255,8
1778399190642361,128687889,5873,359.571411,29,289.992,-2.169,255,8
1778399190656585,128697873,5866,359.142853,28,279.969,-4.189,255,8
1778399190657029,128707829,5858,358.653046,28,279.923,-6.582,255,8
1778399190699314,128717812,5851,358.224487,28,279.866,-8.675,255,8
1778399190699935,128727768,5843,357.734680,28,279.781,-11.068,255,8
1778399190700422,128737748,5836,357.306122,29,289.680,-13.630,255,8
1778399190700827,128747701,5828,356.816315,28,279.568,-15.550,255,8
1778399190716994,128757681,5820,356.326538,28,279.425,-17.940,255,8
1778399190717504,128767634,5813,355.897949,28,279.283,-20.029,255,8
1778399190734219,128777614,5805,355.408173,29,289.069,-23.216,255,8
1778399190735214,128787568,5797,354.918365,29,288.860,-25.687,255,8
1778399190784637,128797546,5789,354.428589,29,288.630,-28.155,255,8
1778399190785130,128807499,5781,353.938751,29,288.379,-30.622,255,8
1778399190785579,128817481,5773,353.448975,29,288.106,-33.086,255,8
1778399190786007,128827443,5765,352.959167,29,287.813,-35.547,255,8
1778399190786540,128837429,5757,352.469391,29,287.499,-38.006,255,8
1778399190801540,128847389,5749,351.979584,28,277.261,-39.067,255,8
1778399190843221,128857372,5741,351.489807,28,276.917,-41.436,255,8
1778399190843633,128867338,5733,351.000000,29,286.430,-45.366,255,8
1778399190844060,128877323,5725,350.510193,29,286.031,-47.813,255,8
1778399190844490,128887281,5716,349.959167,29,285.558,-50.561,255,8
1778399190844885,128897265,5708,349.469391,29,285.116,-53.001,255,8
1778399190861791,128907215,5700,348.979584,28,274.837,-53.524,255,8
1778399190863963,128917205,5691,348.428558,28,274.309,-56.165,255,8
1778399190916886,128927168,5683,347.938782,29,283.598,-60.597,255,8
1778399190917359,128937154,5674,347.387756,29,283.002,-63.322,255,8
1778399190917723,128947111,5666,346.897980,29,282.451,-65.739,255,8
1778399190918130,128957093,5657,346.346924,29,281.805,-68.452,255,8
1778399190918520,128967049,5648,345.795929,29,281.134,-71.159,255,8
1778399190935277,128977029,5639,345.244904,29,280.437,-73.860,255,8
1778399190935798,128986988,5631,344.755096,29,279.795,-76.254,255,8
1778399190980446,128996967,5622,344.204071,29,279.049,-78.941,255,8
1778399190980956,129006922,5613,343.653046,29,278.277,-81.621,255,8
1778399190981403,129016900,5604,343.102051,29,277.479,-84.294,255,8
1778399190981774,129026855,5595,342.551025,29,276.655,-86.958,255,8
1778399190982812,129036835,5586,342.000000,29,275.806,-89.615,255,8
1778399190997502,129046796,5577,341.448975,29,274.932,-92.263,255,8
1778399191008835,129056782,5568,340.897949,29,274.032,-94.903,255,8
1778399191047417,129066740,5558,340.285706,29,273.002,-97.826,255,8
1778399191047822,129076730,5549,339.734680,29,272.049,-100.447,255,8
1778399191048170,129086696,5540,339.183685,30,280.417,-106.612,255,8
1778399191048543,129096682,5530,338.571411,30,279.262,-109.602,255,8
1778399191098051,129106638,5521,338.020416,30,278.195,-112.283,255,8
1778399191098485,129116621,5512,337.469391,30,277.102,-114.953,255,8
1778399191098880,129126577,5502,336.857147,30,275.858,-117.907,255,8
1778399191099232,129136565,5492,336.244904,30,274.583,-120.848,255,8
1778399191099556,129146525,5483,335.693878,30,273.408,-123.484,255,8
1778399191101821,129156513,5473,335.081635,30,272.073,-126.398,255,8
1778399191116323,129166474,5464,334.530609,31,279.873,-133.309,255,8
1778399191155312,129176456,5454,333.918365,30,269.451,-131.895,255,8
1778399191155806,129186424,5444,333.306122,30,268.026,-134.767,255,8
1778399191156269,129196413,5434,332.693878,30,266.570,-137.623,255,8
1778399191156788,129206374,5424,332.081635,31,273.921,-145.146,255,8
1778399191219206,129216362,5414,331.469391,31,272.354,-148.065,255,8
1778399191219659,129226318,5404,330.857147,31,270.757,-150.967,255,8
1778399191220089,129236303,5394,330.244904,31,269.128,-153.851,255,8
1778399191220524,129246266,5385,329.693878,31,267.636,-156.432,255,8
1778399191221038,129256245,5375,329.081635,31,265.949,-159.283,255,8
1778399191221497,129266205,5365,328.469391,31,264.232,-162.116,255,8
1778399191221943,129276180,5355,327.857147,31,262.485,-164.930,255,8
1778399191238083,129286140,5345,327.244904,31,260.707,-167.725,255,8
1778399191290204,129296123,5335,326.632660,31,258.900,-170.501,255,8
1778399191290731,129306083,5325,326.020416,32,265.356,-178.847,255,8
1778399191291125,129316070,5316,325.469391,32,263.624,-181.391,255,8
1778399191291473,129326031,5306,324.857147,32,261.670,-184.197,255,8
1778399191291829,129336011,5296,324.244873,32,259.687,-186.983,255,8
1778399191292227,129345968,5286,323.632660,32,257.674,-189.747,255,8
1778399191306613,129355945,5276,323.020416,32,255.632,-192.490,255,8
1778399191348906,129365907,5266,322.408142,33,261.484,-201.311,255,8
1778399191349638,129375886,5256,321.795929,33,259.318,-204.093,255,8
1778399191350105,129385845,5246,321.183685,33,257.123,-206.852,255,8
1778399191350580,129395830,5237,320.632660,33,255.121,-209.316,255,8
1778399191350904,129405781,5227,320.020416,33,252.870,-212.030,255,8
1778399191365281,129415770,5217,319.408142,33,250.590,-214.720,255,8
1778399191377457,129425727,5207,318.795929,33,248.281,-217.385,255,8
1778399191379032,129435708,5197,318.183685,33,245.944,-220.026,255,8
1778399191423605,129445664,5187,317.571411,32,236.198,-215.895,255,8
1778399191424130,129455642,5178,317.020416,33,241.427,-224.973,255,8
1778399191424730,129465600,5168,316.408173,33,239.009,-227.540,255,8
1778399191425243,129475579,5158,315.795898,34,243.733,-237.054,255,8
1778399191447026,129485535,5148,315.183685,34,241.186,-239.644,255,8
1778399191447693,129495515,5138,314.571411,34,238.611,-242.208,255,8
1778399191448364,129505474,5128,313.959167,34,236.009,-244.744,255,8
1778399191511233,129515454,5119,313.408173,34,233.645,-247.002,255,8
1778399191511827,129525406,5109,312.795898,33,224.198,-242.147,255,8
1778399191512258,129535384,5099,312.183685,33,221.598,-244.529,255,8
1778399191512653,129545335,5089,311.571442,34,225.608,-254.364,255,8
1778399191513034,129555316,5080,311.020416,33,216.588,-248.977,255,8
1778399191513437,129565271,5070,310.408173,33,213.915,-251.277,255,8
1778399191530204,129575254,5060,309.795898,33,211.218,-253.549,255,8
1778399191530739,129585213,5050,309.183685,33,208.497,-255.791,255,8
1778399191574500,129595201,5040,308.571442,32,199.517,-250.186,255,8
1778399191575146,129605158,5031,308.020386,32,197.101,-252.093,255,8
1778399191575700,129615142,5021,307.408173,33,200.471,-262.128,255,8
1778399191576215,129625104,5011,306.795929,32,191.669,-256.248,255,8
1778399191577152,129635087,5001,306.183655,32,188.920,-258.281,255,8
1778399191594660,129645043,4992,305.632660,32,186.428,-260.086,255,8
1778399191636364,129655028,4982,305.020416,33,189.377,-270.253,255,8
1778399191636772,129664995,4972,304.408173,32,180.827,-264.011,255,8
1778399191637215,129674982,4962,303.795929,32,177.996,-265.928,255,8
1778399191637545,129684942,4953,303.244904,32,175.430,-267.627,255,8
1778399191637873,129694929,4943,302.632660,32,172.560,-269.486,255,8
1778399191653234,129704882,4933,302.020416,32,169.671,-271.315,255,8
1778399191666032,129714873,4923,301.408142,31,161.551,-264.578,255,8
1778399191666473,129724832,4914,300.857147,31,158.999,-266.119,255,8
1778399191711316,129734809,4904,300.244904,31,156.146,-267.803,255,8
1778399191711836,129744766,4894,299.632660,32,158.220,-278.148,255,8
1778399191712250,129754757,4884,299.020416,31,150.388,-271.079,255,8
1778399191712652,129764719,4875,298.469391,32,152.541,-281.303,255,8
1778399191727673,129774709,4865,297.857147,32,149.526,-282.917,255,8
1778399191728020,129784670,4855,297.244904,31,141.916,-275.608,255,8
1778399191772532,129794650,4845,296.632660,32,143.446,-286.048,255,8
1778399191772982,129804614,4836,296.081635,31,136.292,-278.432,255,8
1778399191773382,129814596,4826,295.469391,32,137.609,-288.901,255,8
1778399191773699,129824560,4816,294.857147,32,134.514,-290.355,255,8
1778399191775268,129834549,4806,294.244904,31,127.298,-282.658,255,8
1778399191792594,129844503,4796,293.632629,30,120.261,-274.840,255,8
1778399191872723,129854497,4787,293.081635,31,121.533,-285.184,255,8
1778399191873150,129864457,4777,292.469391,31,118.479,-286.466,255,8
1778399191873529,129874449,4767,291.857147,31,115.411,-287.716,255,8
1778399191873833,129884415,4758,291.306122,31,112.639,-288.812,255,8
1778399191874118,129894401,4748,290.693878,31,109.546,-289.999,255,8
1778399191874418,129904361,4738,290.081635,31,106.441,-291.153,255,8
1778399191874774,129914350,4728,289.469391,31,103.324,-292.274,255,8
1778399191875062,129924313,4719,288.918365,31,100.508,-293.254,255,8
1778399191875491,129934293,4709,288.306122,31,97.369,-294.311,255,8
1778399191891834,129944257,4699,287.693878,31,94.219,-295.335,255,8
1778399191894122,129954232,4690,287.142853,30,88.427,-286.672,255,8
1778399191942308,129964193,4680,286.530609,30,85.358,-287.600,255,8
1778399191942876,129974181,4670,285.918365,31,85.023,-298.113,255,8
1778399191943416,129984135,4660,285.306122,31,81.833,-299.004,255,8
1778399191943899,129994118,4651,284.755096,30,76.406,-290.107,255,8
1778399191944376,130004072,4641,284.142853,30,73.302,-290.907,255,8
1778399191958731,130014052,4631,283.530609,30,70.189,-291.674,255,8
1778399192002792,130024007,4622,282.979584,30,67.381,-292.335,255,8
1778399192003370,130033992,4612,282.367340,30,64.254,-293.038,255,8
1778399192003860,130043949,4602,281.755096,30,61.119,-293.708,255,8
1778399192004224,130053919,4593,281.204071,30,58.291,-294.282,255,8
1778399192004689,130063878,4583,280.591827,30,55.143,-294.888,255,8
1778399192019973,130073863,4573,279.979584,30,51.989,-295.461,255,8
1778399192026655,130083815,4564,279.428558,30,49.145,-295.947,255,8
1778399192038622,130093794,4554,278.816345,30,45.980,-296.455,255,8
1778399192087604,130103749,4544,278.204071,30,42.810,-296.930,255,8
1778399192088114,130113729,4535,277.653076,30,39.952,-297.328,255,8
1778399192088518,130123679,4525,277.040833,30,36.773,-297.738,255,8
1778399192088981,130133669,4515,276.428558,30,33.589,-298.114,255,8
1778399192089414,130143622,4506,275.877563,30,30.721,-298.423,255,8
1778399192104956,130153608,4496,275.265320,30,27.530,-298.734,255,8
1778399192105368,130163566,4486,274.653046,30,24.337,-299.011,255,8
1778399192149838,130173541,4477,274.102051,30,21.460,-299.231,255,8
1778399192150295,130183496,4467,273.489777,30,18.261,-299.444,255,8
1778399192150793,130193473,4457,272.877563,30,15.061,-299.622,255,8
1778399192151188,130203425,4448,272.326538,30,12.178,-299.753,255,8
1778399192151627,130213400,4438,271.714294,30,8.975,-299.866,255,8
1778399192165346,130223360,4428,271.102051,30,5.770,-299.945,255,8
1778399192177413,130233343,4419,270.551025,30,2.885,-299.986,255,8
1778399192235323,130243304,4409,269.938782,30,-0.321,-300.000,255,8
1778399192235811,130253288,4400,269.387756,30,-3.206,-299.983,255,8
1778399192236254,130263243,4390,268.775513,30,-6.411,-299.931,255,8
1778399192236672,130273222,4380,268.163269,30,-9.615,-299.846,255,8
1778399192236999,130283177,4371,267.612244,31,-12.915,-309.731,255,8
1778399192237305,130293160,4361,267.000000,31,-16.224,-309.575,255,8
1778399192251372,130303107,4352,266.448975,30,-18.581,-299.424,255,8
1778399192251730,130313083,4342,265.836731,30,-21.780,-299.208,255,8
1778399192267595,130323047,4332,265.224487,31,-25.808,-308.924,255,8
1778399192315944,130333031,4323,264.673462,31,-28.778,-308.661,255,8
1778399192316474,130342981,4313,264.061218,30,-31.040,-298.390,255,8
1778399192316988,130352964,4304,263.510223,31,-35.038,-308.014,255,8
1778399192317384,130362912,4294,262.897949,30,-37.091,-297.698,255,8
1778399192317778,130372901,4284,262.285706,30,-40.270,-297.285,255,8
1778399192366719,130382858,4275,261.734711,31,-44.565,-306.780,255,8
1778399192367221,130392842,4265,261.122437,31,-47.840,-306.286,255,8
1778399192367686,130402797,4255,260.510193,30,-49.462,-295.894,255,8
1778399192368078,130412777,4246,259.959167,30,-52.305,-295.405,255,8
1778399192368411,130422732,4236,259.346924,31,-57.307,-304.657,255,8
1778399192369502,130432714,4226,258.734711,31,-60.559,-304.027,255,8
1778399192384062,130442670,4217,258.183655,31,-63.480,-303.431,255,8
1778399192425889,130452649,4207,257.571442,31,-66.719,-302.735,255,8
1778399192426348,130462608,4198,257.020416,31,-69.627,-302.080,255,8
1778399192426925,130472588,4188,256.408142,31,-72.851,-301.318,255,8
1778399192427474,130482542,4179,255.857147,31,-75.746,-300.604,255,8
1778399192429078,130492520,4169,255.244888,31,-78.953,-299.777,255,8
1778399192443609,130502470,4159,254.632660,32,-84.802,-308.559,255,8
1778399192450346,130512447,4150,254.081619,32,-87.766,-307.729,255,8
1778399192460634,130522404,4140,253.469391,31,-88.204,-297.187,255,8
1778399192506290,130532386,4131,252.918365,31,-91.058,-296.325,255,8
1778399192506657,130542339,4121,252.306137,31,-94.219,-295.335,255,8
1778399192507107,130552321,4112,251.755096,31,-97.055,-294.415,255,8
1778399192507507,130562278,4102,251.142853,31,-100.195,-293.361,255,8
1778399192508187,130572253,4092,250.530624,31,-103.324,-292.274,255,8
1778399192560521,130582202,4083,249.979584,32,-109.554,-300.663,255,8
1778399192560972,130592189,4073,249.367355,36,-126.855,-336.909,255,8
1778399192561376,130602143,4064,248.816315,37,-133.703,-344.998,255,8
1778399192561690,130612118,4054,248.204086,37,-137.382,-343.550,255,8
1778399192562114,130622072,4045,247.653061,37,-140.679,-342.212,255,8
1778399192576042,130632045,4035,247.040802,37,-144.328,-340.690,255,8
1778399192577512,130641996,4026,246.489792,37,-147.598,-339.286,255,8
1778399192589895,130651980,4016,245.877548,37,-151.215,-337.689,255,8
1778399192616093,130661934,4007,245.326538,38,-158.630,-345.307,255,8
1778399192616467,130671909,3997,244.714279,37,-158.039,-334.550,255,8
1778399192617162,130681858,3988,244.163269,37,-161.249,-333.015,255,8
1778399192654925,130691840,3978,243.551010,37,-164.798,-331.273,255,8
1778399192655347,130701786,3968,242.938782,37,-168.329,-329.493,255,8
1778399192655726,130711772,3959,242.387756,37,-171.490,-327.859,255,8
1778399192656740,130721724,3949,241.775497,37,-174.983,-326.007,255,8
1778399192703953,130731706,3940,241.224487,38,-182.924,-333.075,255,8
1778399192704436,130741657,3930,240.612244,38,-186.473,-331.101,255,8
1778399192704856,130751636,3921,240.061218,38,-189.648,-329.292,255,8
1778399192705330,130761586,3912,239.510208,38,-192.806,-327.453,255,8
1778399192706297,130771563,3902,238.897964,38,-196.294,-325.375,255,8
1778399192721625,130781517,3893,238.346924,38,-199.414,-323.472,255,8
1778399192762524,130791499,3883,237.734695,38,-202.859,-321.322,255,8
1778399192762932,130801460,3874,237.183670,38,-205.940,-319.357,255,8
1778399192763383,130811445,3864,236.571442,38,-209.341,-317.138,255,8
1778399192763728,130821405,3855,236.020401,39,-217.970,-323.402,255,8
1778399192776931,130831397,3845,235.408173,39,-221.413,-321.055,255,8
1778399192777311,130841353,3836,234.857147,39,-224.491,-318.911,255,8
1778399192789330,130851343,3826,234.244888,39,-227.886,-316.494,255,8
1778399192828091,130861304,3817,233.693878,39,-230.919,-314.287,255,8
1778399192828668,130871290,3808,233.142868,39,-233.930,-312.052,255,8
1778399192829088,130881245,3798,232.530609,39,-237.252,-309.535,255,8
1778399192829442,130891239,3789,231.979599,39,-240.217,-307.239,255,8
1778399192843224,130901197,3779,231.367355,39,-243.487,-304.654,255,8
1778399192880351,130911180,3770,230.816315,39,-246.405,-302.299,255,8
1778399192880913,130921138,3760,230.204086,40,-256.022,-307.332,255,8
1778399192881446,130931122,3751,229.653046,40,-258.966,-304.855,255,8
1778399192881988,130941075,3742,229.102036,40,-261.886,-302.351,255,8
1778399192897010,130951061,3732,228.489792,41,-271.729,-307.023,255,8
1778399192897442,130961016,3723,227.938782,42,-281.368,-311.820,255,8
1778399192940655,130971000,3714,227.387741,43,-291.124,-316.459,255,8
1778399192941166,130980959,3704,226.775513,43,-294.489,-313.331,255,8
1778399192941746,130990929,3695,226.224487,43,-297.489,-310.484,255,8
1778399192942229,131000896,3686,225.673477,42,-293.474,-300.455,255,8
1778399192944044,131010879,3676,225.061218,41,-289.604,-290.223,255,8
1778399192960072,131020836,3667,224.510208,41,-292.381,-287.425,255,8
1778399192966948,131030818,3658,223.959167,41,-295.132,-284.600,255,8
1778399192977698,131040778,3648,223.346939,41,-298.156,-281.430,255,8
1778399193031843,131050757,3639,222.795914,41,-300.849,-278.549,255,8
1778399193032232,131060717,3630,222.244904,41,-303.514,-275.643,255,8
1778399193032623,131070702,3620,221.632645,41,-306.442,-272.384,255,8
1778399193032997,131080659,3611,221.081635,41,-309.047,-269.425,255,8
1778399193033447,131090645,3602,220.530609,41,-311.624,-266.440,255,8
1778399193033944,131100600,3593,219.979584,41,-314.172,-263.431,255,8
1778399193048281,131110580,3583,219.367340,41,-316.969,-260.059,255,8
1778399193084960,131120534,3574,218.816330,41,-319.455,-256.999,255,8
1778399193085645,131130517,3565,218.265320,41,-321.912,-253.915,255,8
1778399193086232,131140477,3556,217.714279,40,-316.428,-244.690,255,8
1778399193086543,131150457,3546,217.102036,40,-319.025,-241.295,255,8
1778399193100859,131160410,3537,216.551025,40,-321.331,-238.215,255,8
1778399193102538,131170396,3528,216.000015,40,-323.607,-235.114,255,8
1778399193113220,131180352,3519,215.448975,40,-325.853,-231.991,255,8
1778399193124131,131190335,3510,214.897964,40,-328.069,-228.847,255,8
1778399193170298,131200291,3500,214.285706,40,-330.496,-225.328,255,8
1778399193170845,131210269,3491,213.734695,40,-332.647,-222.139,255,8
1778399193171379,131220219,3482,213.183670,40,-334.768,-218.930,255,8
1778399193171835,131230198,3473,212.632660,40,-336.858,-215.700,255,8
1778399193172181,131240158,3464,212.081619,40,-338.917,-212.451,255,8
1778399193186265,131250144,3454,211.469391,40,-341.168,-208.817,255,8
1778399193228908,131260106,3445,210.918365,40,-343.160,-205.527,255,8
1778399193229401,131270092,3436,210.367355,40,-345.121,-202.217,255,8
1778399193229792,131280053,3427,209.816330,40,-347.050,-198.889,255,8
1778399193230171,131290037,3418,209.265305,40,-348.946,-195.542,255,8
1778399193231232,131299995,3408,208.653046,40,-351.016,-191.802,255,8
1778399193245400,131309984,3399,208.102036,40,-352.844,-188.417,255,8
1778399193256488,131319943,3390,207.551025,40,-354.640,-185.015,255,8
1778399193303693,131329926,3381,207.000000,40,-356.403,-181.596,255,8
1778399193304326,131339882,3372,206.448990,40,-358.133,-178.160,255,8
1778399193305100,131349864,3363,205.897949,40,-359.829,-174.708,255,8
1778399193305534,131359820,3353,205.285721,40,-361.676,-170.853,255,8
1778399193305905,131369803,3344,204.734680,41,-372.385,-171.551,255,8
1778399193319759,131379754,3335,204.183670,41,-374.017,-167.962,255,8
1778399193320428,131389735,3326,203.632645,40,-366.454,-160.348,255,8
1778399193362461,131399687,3316,203.020416,40,-368.146,-156.424,255,8
1778399193362977,131409674,3307,202.469376,41,-378.874,-156.698,255,8
1778399193363486,131419631,3298,201.918365,41,-380.364,-153.047,255,8
1778399193363941,131429613,3289,201.367355,40,-372.505,-145.738,255,8
1778399193376921,131439563,3280,200.816330,41,-383.237,-145.703,255,8
1778399193390285,131449544,3271,200.265320,41,-384.620,-142.011,255,8
1778399193390690,131459500,3262,199.714279,40,-376.555,-134.932,255,8
1778399193405833,131469483,3252,199.102051,40,-377.975,-130.901,255,8
1778399193444735,131479438,3243,198.551010,40,-379.216,-127.260,255,8
1778399193445102,131489422,3234,198.000000,40,-380.423,-123.607,255,8
1778399193445457,131499379,3225,197.448975,41,-391.134,-122.941,255,8
1778399193445917,131509359,3216,196.897964,41,-392.298,-119.174,255,8
1778399193460577,131519315,3207,196.346954,41,-393.426,-115.396,255,8
1778399193461035,131529304,3198,195.795914,42,-404.140,-114.329,255,8
1778399193509112,131539263,3189,195.244904,42,-405.221,-110.437,255,8
1778399193509537,131549247,3180,194.693878,42,-406.264,-106.535,255,8
1778399193509900,131559198,3170,194.081635,40,-387.980,-97.322,255,8
1778399193510284,131569178,3161,193.530609,41,-398.620,-95.926,255,8
1778399193510794,131579129,3152,192.979599,41,-399.525,-92.088,255,8
1778399193525978,131589109,3143,192.428558,41,-400.392,-88.241,255,8
1778399193536654,131599066,3134,191.877548,42,-411.008,-86.445,255,8
1778399193538320,131609051,3125,191.326538,42,-411.820,-82.488,255,8
1778399193583095,131619011,3116,190.775513,42,-412.594,-78.524,255,8
1778399193583723,131628995,3107,190.224487,42,-413.330,-74.552,255,8
1778399193584207,131638958,3098,189.673462,42,-414.028,-70.574,255,8
1778399193584668,131648939,3089,189.122452,42,-414.688,-66.589,255,8
1778399193599942,131658897,3080,188.571442,41,-405.421,-61.107,255,8
1778399193600368,131668880,3071,188.020401,42,-415.892,-58.601,255,8
1778399193644899,131678837,3062,187.469391,38,-376.775,-49.399,255,8
1778399193645380,131688825,3053,186.918365,38,-377.233,-45.773,255,8
1778399193645794,131698783,3044,186.367355,38,-377.656,-42.143,255,8
1778399193646207,131708765,3034,185.755096,38,-378.085,-38.105,255,8
1778399193647245,131718722,3025,185.204086,38,-378.434,-34.467,255,8
1778399193661559,131728701,3016,184.653046,38,-378.748,-30.826,255,8
1778399193668077,131738659,3007,184.102036,38,-379.027,-27.182,255,8
1778399193678597,131748643,2998,183.551025,38,-379.270,-23.536,255,8
1778399193739068,131758604,2989,183.000000,38,-379.479,-19.888,255,8
1778399193739491,131768587,2980,182.448990,38,-379.653,-16.237,255,8
1778399193739894,131777539,2971,181.897949,38,-379.792,-12.585,255,8
1778399193740257,131788525,2962,181.346939,38,-379.895,-8.932,255,8
1778399193740584,131798485,2953,180.795914,39,-389.962,-5.417,255,8
1778399193740898,131808462,2944,180.244904,39,-389.996,-1.667,255,8
1778399193755480,131818424,2934,179.632660,39,-389.992,2.500,255,8
1778399193756227,131828403,2925,179.081635,39,-389.950,6.251,255,8
1778399193767487,131838363,2916,178.530609,40,-399.868,10.257,255,8
1778399193781126,131848343,2907,177.979584,40,-399.751,14.102,255,8
1778399193820780,131858299,2898,177.428574,40,-399.597,17.946,255,8
1778399193821240,131868274,2889,176.877548,36,-359.466,19.609,255,8
1778399193821796,131878227,2880,176.326538,35,-349.281,22.425,255,8
1778399193822246,131888201,2871,175.775513,35,-349.049,25.783,255,8
1778399193837129,131898153,2862,175.224487,35,-348.785,29.138,255,8
1778399193837492,131908126,2853,174.673462,35,-348.489,32.491,255,8
1778399193877214,131918074,2844,174.122452,35,-348.160,35.841,255,8
1778399193877664,131928044,2834,173.510208,35,-347.757,39.559,255,8
1778399193878040,131937988,2825,172.959183,35,-347.361,42.902,255,8
1778399193878355,131947960,2816,172.408173,35,-346.932,46.240,255,8
1778399193893036,131957912,2807,171.857147,35,-346.471,49.575,255,8
1778399193904731,131967885,2798,171.306122,35,-345.979,52.904,255,8
1778399193905136,131977840,2789,170.755096,35,-345.454,56.229,255,8
1778399193920478,131987815,2780,170.204086,35,-344.897,59.549,255,8
1778399193963761,131997772,2771,169.653061,36,-354.146,64.659,255,8
1778399193964203,132007749,2762,169.102051,36,-353.508,68.062,255,8
1778399193964577,132017698,2753,168.551025,36,-352.837,71.458,255,8
1778399193964893,132027673,2744,168.000000,36,-352.133,74.848,255,8
1778399193965192,132037630,2735,167.448975,35,-341.636,76.058,255,8
1778399193979187,132047607,2726,166.897949,36,-350.628,81.607,255,8
1778399194037791,132057567,2717,166.346939,36,-349.827,84.975,255,8
1778399194038347,132067545,2708,165.795929,36,-348.994,88.335,255,8
1778399194038900,132077497,2698,165.183670,36,-348.030,92.060,255,8
1778399194039476,132087486,2690,164.693878,35,-337.585,92.392,255,8
1778399194039932,132097443,2680,164.081635,36,-346.195,98.736,255,8
1778399194040423,132107421,2672,163.591827,36,-345.339,101.692,255,8
1778399194057286,132117374,2662,162.979599,37,-353.794,108.304,255,8
1778399194057819,132127357,2654,162.489792,35,-333.782,105.306,255,8
1778399194104470,132137310,2644,161.877548,35,-332.638,108.867,255,8
1778399194105035,132147294,2636,161.387756,35,-331.695,111.707,255,8
1778399194105616,132157249,2626,160.775513,36,-339.925,118.537,255,8
1778399194105956,132167228,2617,160.224487,36,-338.769,121.801,255,8
1778399194106384,132177183,2608,159.673462,36,-337.582,125.053,255,8
1778399194119730,132187164,2600,159.183670,36,-336.501,127.934,255,8
1778399194161966,132197118,2590,158.571426,35,-325.806,127.869,255,8
1778399194162421,132207098,2582,158.081635,35,-324.701,130.650,255,8
1778399194162808,132217051,2572,157.469391,36,-332.523,137.944,255,8
1778399194163188,132227033,2564,156.979584,36,-331.332,140.781,255,8
1778399194163519,132236995,2554,156.367340,36,-329.808,144.314,255,8
1778399194180512,132246978,2546,155.877548,37,-337.689,151.215,255,8
1778399194182102,132256936,2537,155.326538,41,-372.568,171.153,255,8
1778399194224088,132266914,2528,154.775513,41,-370.904,174.728,255,8
1778399194224475,132276864,2519,154.224487,41,-369.207,178.287,255,8
1778399194224843,132286846,2510,153.673462,41,-367.475,181.829,255,8
1778399194225185,132296805,2501,153.122452,41,-365.710,185.355,255,8
1778399194239558,132306794,2492,152.571426,39,-346.158,179.651,255,8
1778399194241530,132316751,2483,152.020401,37,-326.752,173.588,255,8
1778399194290833,132326731,2474,151.469391,37,-325.068,176.722,255,8
1778399194291333,132336686,2465,150.918365,37,-323.353,179.840,255,8
1778399194291769,132346668,2456,150.367355,37,-321.609,182.942,255,8
1778399194292223,132356630,2448,149.877548,37,-320.033,185.684,255,8
1778399194292647,132366612,2439,149.326523,38,-326.834,193.855,255,8
1778399194314884,132376566,2430,148.775513,38,-324.954,196.989,255,8
1778399194315464,132386551,2421,148.224487,38,-323.045,200.105,255,8
1778399194360482,132396501,2412,147.673477,42,-354.906,224.592,255,8
1778399194360994,132406491,2403,147.122452,41,-344.331,222.567,255,8
1778399194361494,132416448,2394,146.571426,41,-342.175,225.868,255,8
1778399194361905,132426429,2385,146.020401,41,-339.987,229.148,255,8
1778399194362377,132436393,2376,145.469391,41,-337.768,232.407,255,8
1778399194379776,132446375,2367,144.918365,40,-327.334,229.897,255,8
1778399194380322,132456333,2358,144.367340,40,-325.108,233.035,255,8
1778399194440932,132466308,2350,143.877548,40,-323.104,235.805,255,8
1778399194441419,132476258,2341,143.326538,40,-320.821,238.901,255,8
1778399194441930,132486248,2332,142.775513,40,-318.509,241.976,255,8
1778399194442486,132496204,2323,142.224487,40,-316.167,245.028,255,8
1778399194442934,132506184,2314,141.673462,39,-305.951,241.856,255,8
1778399194443397,132516141,2306,141.183670,39,-303.872,244.462,255,8
1778399194458859,132526123,2297,140.632645,39,-301.507,247.373,255,8
1778399194459458,132536079,2288,140.081635,39,-299.114,250.261,255,8
1778399194503613,132546064,2279,139.530609,39,-296.694,253.126,255,8
1778399194504160,132556008,2270,138.979599,39,-294.246,255.968,255,8
1778399194504610,132565995,2261,138.428574,39,-291.770,258.786,255,8
1778399194505050,132575950,2252,137.877548,39,-289.268,261.580,255,8
1778399194520710,132585932,2244,137.387756,39,-287.021,264.043,255,8
1778399194521213,132595887,2235,136.836731,39,-284.469,266.791,255,8
1778399194528819,132605865,2226,136.285706,39,-281.890,269.514,255,8
1778399194574263,132615818,2217,135.734695,39,-279.285,272.213,255,8
1778399194574980,132625797,2208,135.183685,39,-276.654,274.886,255,8
1778399194575512,132635757,2200,134.693878,38,-267.261,270.132,255,8
1778399194575969,132645738,2191,134.142853,38,-264.651,272.690,255,8
1778399194590541,132655695,2182,133.591843,38,-262.016,275.223,255,8
1778399194591008,132665678,2173,133.040817,38,-259.357,277.730,255,8
1778399194635230,132675637,2164,132.489792,38,-256.674,280.211,255,8
1778399194635632,132685617,2156,132.000000,38,-254.270,282.395,255,8
1778399194635988,132695578,2147,131.448975,38,-251.542,284.827,255,8
1778399194636318,132705559,2138,130.897964,38,-248.791,287.233,255,8
1778399194637900,132715517,2130,130.408173,38,-246.327,289.349,255,8
1778399194654109,132725503,2121,129.857147,38,-243.533,291.705,255,8
1778399194664211,132735461,2112,129.306122,38,-240.716,294.034,255,8
1778399194709104,132745445,2103,128.755096,38,-237.877,296.335,255,8
1778399194709601,132755406,2094,128.204071,38,-235.016,298.609,255,8
1778399194710023,132765394,2086,127.714287,38,-232.455,300.607,255,8
1778399194710542,132775358,2077,127.163261,37,-223.513,294.859,255,8
1778399194711026,132785347,2068,126.612251,37,-220.667,296.995,255,8
1778399194728631,132795312,2060,126.122444,37,-218.120,298.871,255,8
1778399194729297,132805298,2051,125.571426,37,-215.235,300.955,255,8
1778399194779236,132815256,2042,125.020409,37,-212.331,303.011,255,8
1778399194779757,132825244,2033,124.469391,37,-209.407,305.039,255,8
1778399194780259,132835205,2025,123.979599,37,-206.792,306.818,255,8
1778399194780711,132845186,2016,123.428574,37,-203.832,308.792,255,8
1778399194781252,132855141,2007,122.877556,37,-200.853,310.738,255,8
1778399194798441,132865133,1999,122.387756,37,-198.189,312.444,255,8
1778399194798894,132875098,1990,121.836739,37,-195.175,314.335,255,8
1778399194807612,132885080,1981,121.285713,37,-192.143,316.198,255,8
1778399194858837,132895038,1973,120.795921,37,-189.433,317.829,255,8
1778399194859417,132905020,1964,120.244904,37,-186.368,319.636,255,8
1778399194859773,132914978,1955,119.693878,37,-183.285,321.413,255,8
1778399194860287,132924951,1947,119.204086,37,-180.531,322.968,255,8
1778399194860725,132934902,1938,118.653061,37,-177.417,324.690,255,8
1778399194875993,132944882,1929,118.102043,37,-174.286,326.381,255,8
1778399194876448,132954834,1921,117.612244,37,-171.490,327.859,255,8
1778399194916683,132964811,1912,117.061226,37,-168.329,329.493,255,8
1778399194917128,132974762,1904,116.571434,37,-165.506,330.920,255,8
1778399194917528,132984744,1895,116.020409,36,-157.929,323.510,255,8
1778399194917840,132994697,1886,115.469391,36,-154.810,325.013,255,8
1778399194932263,133004673,1878,114.979591,36,-152.026,326.325,255,8
1778399194938708,133014623,1869,114.428574,36,-148.881,327.772,255,8
1778399194948988,133024595,1861,113.938782,36,-146.074,329.033,255,8
1778399194954720,133034541,1852,113.387756,36,-142.903,330.422,255,8
1778399195006783,133044518,1844,112.897957,36,-140.073,331.632,255,8
1778399195007354,133054473,1835,112.346939,36,-136.877,332.963,255,8
1778399195007718,133064460,1827,111.857140,36,-134.026,334.121,255,8
1778399195008068,133074410,1818,111.306129,36,-130.806,335.395,255,8
1778399195008639,133084388,1810,110.816322,36,-127.934,336.501,255,8
1778399195064012,133094336,1801,110.265305,36,-124.692,337.716,255,8
1778399195064524,133104315,1792,109.714287,36,-121.439,338.899,255,8
1778399195065091,133114264,1784,109.224487,36,-118.537,339.925,255,8
1778399195065529,133124247,1776,108.734695,36,-115.627,340.926,255,8
1778399195065970,133134206,1767,108.183670,36,-112.343,342.022,255,8
1778399195066339,133144182,1759,107.693878,36,-109.415,342.970,255,8
1778399195084589,133154139,1750,107.142853,36,-106.112,344.006,255,8
1778399195085089,133164120,1742,106.653061,36,-103.167,344.901,255,8
1778399195093398,133174071,1734,106.163269,36,-100.215,345.770,255,8
1778399195143696,133184048,1725,105.612251,36,-96.885,346.718,255,8
1778399195144210,133193998,1717,105.122444,36,-93.918,347.533,255,8
1778399195144714,133203978,1708,104.571434,36,-90.571,348.421,255,8
1778399195145193,133213930,1700,104.081627,36,-87.589,349.182,255,8
1778399195145553,133223915,1692,103.591835,36,-84.601,349.918,255,8
1778399195162271,133233866,1684,103.102043,35,-79.340,340.889,255,8
1778399195162741,133243845,1675,102.551025,35,-76.058,341.636,255,8
1778399195208100,133253797,1667,102.061226,35,-73.135,342.274,255,8
1778399195208537,133263777,1658,101.510208,35,-69.840,342.961,255,8
1778399195208904,133273728,1650,101.020401,35,-66.905,343.546,255,8
1778399195209235,133283716,1642,100.530609,35,-63.966,344.105,255,8
1778399195226683,133293663,1633,99.979591,35,-60.654,344.704,255,8
1778399195227209,133303645,1625,99.489792,35,-57.705,345.210,255,8
1778399195282257,133313596,1617,99.000000,35,-54.752,345.691,255,8
1778399195282739,133323579,1608,98.448982,35,-51.425,346.201,255,8
1778399195283249,133333534,1600,97.959190,35,-48.464,346.628,255,8
1778399195283671,133343513,1592,97.469383,35,-45.499,347.030,255,8
1778399195284031,133353467,1584,96.979591,35,-42.531,347.406,255,8
1778399195284385,133363437,1576,96.489799,35,-39.559,347.757,255,8
1778399195299971,133373390,1568,96.000008,35,-36.585,348.083,255,8
1778399195301421,133383371,1559,95.448982,35,-33.236,348.418,255,8
1778399195343024,133393326,1551,94.959183,35,-30.256,348.690,255,8
1778399195343488,133403305,1543,94.469383,35,-27.274,348.936,255,8
1778399195343957,133413259,1535,93.979591,35,-24.290,349.156,255,8
1778399195344391,133423236,1527,93.489799,35,-21.305,349.351,255,8
1778399195359581,133433189,1519,93.000000,35,-18.318,349.520,255,8
1778399195360799,133443163,1510,92.448975,35,-14.955,349.680,255,8
1778399195412279,133453112,1502,91.959183,35,-11.966,349.795,255,8
1778399195412808,133463091,1494,91.469391,35,-8.975,349.885,255,8
1778399195413277,133473042,1486,90.979599,35,-5.984,349.949,255,8
1778399195413974,133483019,1478,90.489792,35,-2.992,349.987,255,8
1778399195414635,133492980,1470,90.000000,35,0.000,350.000,255,8
1778399195429788,133502958,1462,89.510201,35,2.992,349.987,255,8
1778399195430171,133512908,1454,89.020409,35,5.984,349.949,255,8
1778399195467903,133522887,1446,88.530609,35,8.975,349.885,255,8
1778399195468491,133532840,1437,87.979591,35,12.339,349.782,255,8
1778399195468853,133542819,1429,87.489792,35,15.329,349.664,255,8
1778399195469733,133552771,1421,87.000000,35,18.318,349.520,255,8
1778399195485415,133562755,1413,86.510208,35,21.305,349.351,255,8
1778399195497288,133572709,1405,86.020409,35,24.290,349.156,255,8
1778399195507804,133582693,1397,85.530617,35,27.274,348.936,255,8
1778399195509327,133592645,1389,85.040817,35,30.256,348.690,255,8
1778399195556377,133602622,1381,84.551025,35,33.236,348.418,255,8
1778399195556957,133612578,1373,84.061226,36,37.248,358.068,255,8
1778399195557567,133622556,1365,83.571426,36,40.307,357.736,255,8
1778399195558129,133632514,1356,83.020409,36,43.746,357.332,255,8
1778399195558965,133642497,1348,82.530609,36,46.799,356.945,255,8
1778399195575262,133652452,1340,82.040817,36,49.848,356.532,255,8
1778399195613130,133662433,1332,81.551018,36,52.894,356.093,255,8
1778399195613554,133672390,1324,81.061218,36,55.936,355.628,255,8
1778399195613960,133682368,1316,80.571426,36,58.974,355.137,255,8
1778399195614339,133692326,1308,80.081635,36,62.008,354.619,255,8
1778399195630748,133702307,1300,79.591835,36,65.037,354.076,255,8
1778399195631213,133712263,1292,79.102043,36,68.062,353.508,255,8
1778399195646719,133722241,1284,78.612244,36,71.081,352.913,255,8
1778399195648012,133732195,1276,78.122452,36,74.095,352.292,255,8
1778399195696852,133742179,1268,77.632652,36,77.104,351.646,255,8
1778399195697554,133752131,1261,77.204079,36,79.732,351.059,255,8
1778399195698177,133762116,1253,76.714287,36,82.731,350.365,255,8
1778399195698662,133772067,1245,76.224487,36,85.723,349.645,255,8
1778399195698991,133782047,1237,75.734695,36,88.708,348.899,255,8
1778399195748561,133792001,1229,75.244904,36,91.688,348.128,255,8
1778399195749045,133801988,1221,74.755104,36,94.660,347.332,255,8
1778399195749493,133811941,1214,74.326530,36,97.256,346.614,255,8
1778399195749932,133821928,1206,73.836739,36,100.215,345.770,255,8
1778399195750354,133831883,1198,73.346939,36,103.167,344.901,255,8
1778399195764900,133841860,1190,72.857147,36,106.112,344.006,255,8
1778399195771054,133851814,1182,72.367348,36,109.049,343.087,255,8
1778399195780875,133861793,1174,71.877556,36,111.978,342.142,255,8
1778399195787380,133871748,1166,71.387756,37,118.090,350.649,255,8
1778399195833527,133881729,1158,70.897964,37,121.083,349.627,255,8
1778399195834023,133891689,1151,70.469391,37,123.695,348.711,255,8
1778399195834450,133901675,1143,69.979591,37,126.671,347.641,255,8
1778399195834980,133911633,1135,69.489799,37,129.638,346.546,255,8
1778399195836276,133921619,1127,69.000000,37,132.596,345.425,255,8
1778399195850450,133931573,1120,68.571426,37,135.176,344.423,255,8
1778399195892962,133941554,1112,68.081635,37,138.116,343.255,255,8
1778399195893595,133951503,1104,67.591843,37,141.045,342.062,255,8
1778399195894409,133961483,1097,67.163261,37,143.599,340.997,255,8
1778399195895175,133971437,1089,66.673470,37,146.509,339.757,255,8
1778399195895706,133981421,1081,66.183670,37,149.408,338.493,255,8
1778399195910513,133991371,1074,65.755096,37,151.936,337.365,255,8
1778399195917832,134001364,1066,65.265305,37,154.814,336.054,255,8
1778399195928223,134011321,1058,64.775505,38,161.943,343.765,255,8
1778399195975968,134021307,1051,64.346939,38,164.510,342.544,255,8
1778399195976397,134031262,1043,63.857143,38,167.432,341.125,255,8
1778399195976818,134041250,1036,63.428574,38,169.979,339.863,255,8
1778399195977219,134051218,1028,62.938774,38,172.878,338.398,255,8
1778399195977604,134061200,1020,62.448982,38,175.765,336.908,255,8
1778399196029944,134071160,1013,62.020409,38,178.280,335.584,255,8
1778399196030367,134081150,1005,61.530609,38,181.142,334.047,255,8
1778399196030727,134091101,997,61.040817,38,183.991,332.487,255,8
1778399196031028,134101089,990,60.612244,39,191.380,339.814,255,8
1778399196031317,134111041,982,60.122452,39,194.278,338.166,255,8
1778399196045577,134121029,975,59.693874,39,196.802,336.703,255,8
1778399196045975,134130983,968,59.265308,40,204.425,343.817,255,8
1778399196058656,134140962,960,58.775509,40,207.357,342.057,255,8
1778399196070446,134150915,952,58.285717,40,210.273,340.272,255,8
1778399196115549,134160897,945,57.857143,40,212.813,338.690,255,8
1778399196115969,134170848,938,57.428574,40,215.340,337.088,255,8
1778399196116586,134180834,930,56.938774,39,212.759,326.854,255,8
1778399196117155,134190787,923,56.510208,39,215.197,325.254,255,8
1778399196117684,134200765,915,56.020409,39,217.970,323.402,255,8
1778399196132693,134210710,908,55.591835,39,220.383,321.763,255,8
1778399196133565,134220703,901,55.163265,39,222.784,320.105,255,8
1778399196175944,134230658,893,54.673466,39,225.512,318.189,255,8
1778399196176474,134240636,886,54.244900,39,227.886,316.494,255,8
1778399196176917,134250591,878,53.755100,39,230.583,314.534,255,8
1778399196177328,134260569,871,53.326530,39,232.929,312.800,255,8
1778399196191281,134270525,863,52.836735,38,229.554,302.829,255,8
1778399196192810,134280507,856,52.408165,38,231.812,301.103,255,8
1778399196202728,134290463,849,51.979591,38,234.058,299.361,255,8
1778399196254225,134300446,841,51.489799,38,236.609,297.349,255,8
1778399196254717,134310394,834,51.061222,38,238.826,295.571,255,8
1778399196255284,134320370,827,50.632656,38,241.030,293.776,255,8
1778399196255837,134330333,819,50.142857,38,243.533,291.705,255,8
1778399196256312,134340316,812,49.714287,38,245.708,289.875,255,8
1778399196270803,134350267,805,49.285713,38,247.869,288.029,255,8
1778399196272018,134360243,798,48.857147,38,250.017,286.167,255,8
1778399196311511,134370191,791,48.428570,38,252.150,284.289,255,8
1778399196311942,134380171,784,48.000004,38,254.270,282.395,255,8
1778399196312328,134390124,776,47.510204,38,256.674,280.211,255,8
1778399196312686,134400106,769,47.081631,38,258.763,278.283,255,8
1778399196326887,134410058,762,46.653061,38,260.837,276.340,255,8
1778399196339215,134420038,755,46.224487,38,262.897,274.381,255,8
1778399196349839,134429995,748,45.795918,37,257.970,265.239,255,8
1778399196351264,134439970,741,45.367344,37,259.947,263.302,255,8
1778399196395312,134449918,734,44.938774,37,261.909,261.350,255,8
1778399196395919,134459891,726,44.448982,37,264.133,259.101,255,8
1778399196396409,134469842,719,44.020409,37,266.064,257.118,255,8
1778399196396779,134479819,712,43.591839,37,267.980,255.121,255,8
1778399196460473,134489771,705,43.163265,37,269.881,253.109,255,8
1778399196460864,134499746,698,42.734695,37,271.766,251.084,255,8
1778399196461234,134509693,691,42.306122,37,273.637,249.044,255,8
1778399196461591,134519671,684,41.877552,37,275.492,246.990,255,8
1778399196461922,134529624,677,41.448982,37,277.332,244.923,255,8
1778399196462387,134539604,670,41.020409,37,279.156,242.841,255,8
1778399196462734,134549559,663,40.591839,37,280.965,240.746,255,8
1778399196477094,134559537,657,40.224491,37,282.502,238.940,255,8
1778399196488727,134569491,650,39.795918,37,284.282,236.820,255,8
1778399196489932,134579474,643,39.367348,37,286.045,234.687,255,8
1778399196543674,134589428,637,39.000000,37,287.544,232.849,255,8
1778399196544407,134599408,630,38.571430,37,289.278,230.691,255,8
1778399196545015,134609361,624,38.204082,37,290.751,228.832,255,8
1778399196545428,134619344,618,37.836735,37,292.212,226.963,255,8
1778399196545808,134629301,612,37.469387,37,293.661,225.085,255,8
1778399196561898,134639285,605,37.040817,37,295.336,222.882,255,8
1778399196562321,134649240,599,36.673470,37,296.759,220.984,255,8
1778399196607824,134659227,593,36.306122,36,290.111,213.156,255,8
1778399196608449,134669183,586,35.877552,36,291.698,210.980,255,8
1778399196608920,134679168,580,35.510204,36,293.044,209.105,255,8
1778399196609315,134689127,574,35.142857,36,294.379,207.222,255,8
1778399196609673,134699113,568,34.775509,36,295.702,205.331,255,8
1778399196625828,134709068,562,34.408165,36,297.012,203.430,255,8
1778399196638205,134719055,556,34.040817,36,298.310,201.522,255,8
1778399196638656,134729012,549,33.612244,36,299.809,199.285,255,8
1778399196681983,134738993,543,33.244896,36,301.081,197.359,255,8
1778399196682609,134748949,537,32.877548,36,302.340,195.424,255,8
1778399196683135,134758926,532,32.571430,36,303.380,193.806,255,8
1778399196683610,134768877,526,32.204082,36,304.616,191.857,255,8
1778399196699396,134778864,520,31.836735,36,305.840,189.900,255,8
1778399196699778,134788820,514,31.469387,36,307.051,187.935,255,8
1778399196737686,134798801,509,31.163263,36,308.051,186.292,255,8
1778399196738315,134808755,503,30.795919,36,309.239,184.313,255,8
1778399196738731,134818736,498,30.489796,36,310.219,182.659,255,8
1778399196739092,134828691,493,30.183674,36,311.191,180.999,255,8
1778399196753053,134838672,487,29.816326,36,312.345,179.000,255,8
1778399196758791,134848629,482,29.510206,36,313.296,177.328,255,8
1778399196769964,134858605,477,29.204082,36,314.239,175.652,255,8
1778399196818010,134868558,472,28.897959,36,315.173,173.970,255,8
1778399196818400,134878531,466,28.530611,36,316.282,171.946,255,8
1778399196818804,134888482,461,28.224489,36,317.197,170.254,255,8
1778399196819123,134898463,456,27.918367,36,318.102,168.557,255,8
1778399196819543,134908411,451,27.612246,36,318.998,166.855,255,8
1778399196834423,134918392,446,27.306122,36,319.885,165.148,255,8
1778399196838705,134928337,441,27.000002,36,320.762,163.437,255,8
1778399196880154,134938311,436,26.693878,36,321.631,161.720,255,8
1778399196880669,134948260,431,26.387754,36,322.490,160.000,255,8
1778399196881051,134958244,426,26.081631,36,323.341,158.274,255,8
1778399196881448,134968202,420,25.714287,36,324.349,156.198,255,8
1778399196896678,134978181,415,25.408163,36,325.179,154.463,255,8
1778399196897106,134988128,410,25.102041,36,325.999,152.723,255,8
1778399196911269,134998106,405,24.795918,36,326.811,150.979,255,8
1778399196916710,135008054,400,24.489798,36,327.613,149.231,255,8
1778399196963270,135018034,395,24.183674,36,328.405,147.479,255,8
1778399196963643,135027983,390,23.877550,36,329.189,145.722,255,8
1778399196964056,135037956,386,23.632654,36,329.808,144.314,255,8
1778399196964432,135047902,381,23.326530,36,330.575,142.549,255,8
1778399196965341,135057871,378,23.142859,36,331.030,141.489,255,8
1778399196979628,135067823,377,23.081631,33,303.583,129.374,255,8
1778399197021254,135077793,377,23.081631,33,303.583,129.374,255,8
1778399197021660,135087738,377,23.081631,33,303.583,129.374,255,8
1778399197022175,135097709,377,23.081631,33,303.583,129.374,255,8
1778399197022599,135107660,378,23.142859,33,303.444,129.698,255,8
1778399197037978,135117629,378,23.142859,34,312.639,133.629,255,8
1778399197038405,135127577,379,23.204082,34,312.496,133.963,255,8
1778399197049908,135137545,380,23.265306,34,312.353,134.296,255,8
1778399197055294,135147494,383,23.448978,34,311.921,135.297,255,8
1778399197108760,135157478,386,23.632654,34,311.486,136.296,255,8
1778399197109399,135167426,389,23.816326,34,311.047,137.294,255,8
1778399197109824,135177400,393,24.061226,34,310.458,138.622,255,8
1778399197110272,135187347,397,24.306122,34,309.862,139.948,255,8
1778399197110826,135197321,401,24.551022,34,309.261,141.271,255,8
1778399197125213,135207270,405,24.795918,34,308.655,142.592,255,8
1778399197125781,135217246,409,25.040817,34,308.042,143.910,255,8
1778399197167702,135227198,414,25.346939,34,307.269,145.553,255,8
1778399197168262,135237175,418,25.591835,34,306.644,146.865,255,8
1778399197168819,135247124,423,25.897959,34,305.855,148.502,255,8
1778399197169257,135257098,427,26.142859,34,305.217,149.808,255,8
1778399197185248,135267047,431,26.387754,34,304.574,151.111,255,8
1778399197185975,135277025,436,26.693878,34,303.763,152.736,255,8
1778399197197286,135286978,440,26.938774,34,303.107,154.033,255,8
1778399197254953,135296938,445,27.244898,34,302.280,155.650,255,8
1778399197255458,135306895,450,27.551022,34,301.444,157.263,255,8
1778399197255865,135316872,454,27.795918,34,300.769,158.550,255,8
1778399197256263,135326814,459,28.102039,34,299.917,160.155,255,8
1778399197256615,135336792,464,28.408163,34,299.057,161.755,255,8
1778399197257018,135346746,469,28.714287,34,298.189,163.350,255,8
1778399197272210,135356725,474,29.020407,34,297.312,164.941,255,8
1778399197272634,135366684,479,29.326530,34,296.426,166.527,255,8
1778399197289017,135376666,484,29.632654,34,295.533,168.109,255,8
1778399197341119,135386615,489,29.938776,34,294.630,169.685,255,8
1778399197341596,135396592,494,30.244898,34,293.719,171.257,255,8
1778399197342048,135406540,500,30.612244,34,292.615,173.137,255,8
1778399197342497,135416512,505,30.918367,34,291.686,174.698,255,8
1778399197342939,135426456,511,31.285715,34,290.560,176.564,255,8
1778399197343388,135436423,516,31.591835,34,289.613,178.114,255,8
1778399197359638,135446376,522,31.959183,34,288.465,179.967,255,8
1778399197361592,135456352,527,32.265305,34,287.499,181.506,255,8
1778399197408912,135466297,533,32.632652,34,286.329,183.345,255,8
1778399197409621,135476275,538,32.938778,34,285.346,184.872,255,8
1778399197410154,135486220,544,33.306122,34,284.155,186.698,255,8
1778399197410657,135496194,550,33.673470,34,282.952,188.516,255,8
1778399197411063,135506146,556,34.040817,34,281.737,190.326,255,8
1778399197425431,135516124,562,34.408165,35,288.762,197.780,255,8
1778399197438262,135526074,567,34.714287,35,287.701,199.320,255,8
1778399197480918,135536048,573,35.081635,35,286.417,201.160,255,8
1778399197481386,135545995,579,35.448982,35,285.121,202.992,255,8
1778399197481777,135555971,585,35.816326,35,283.814,204.816,255,8
1778399197482201,135565921,591,36.183674,35,282.495,206.631,255,8
1778399197482586,135575896,597,36.551022,35,281.164,208.438,255,8
1778399197499253,135585846,604,36.979591,35,279.597,210.536,255,8
1778399197500216,135595820,610,37.346939,35,278.242,212.324,255,8
1778399197536335,135605763,616,37.714287,35,276.875,214.104,255,8
1778399197536715,135615737,622,38.081635,35,275.496,215.874,255,8
1778399197537099,135625691,629,38.510204,35,273.874,217.929,255,8
1778399197551798,135635669,635,38.877552,35,272.471,219.680,255,8
1778399197552214,135645622,642,39.306122,35,270.820,221.712,255,8
1778399197559667,135655597,648,39.673470,35,269.393,223.444,255,8
1778399197570408,135665547,655,40.102039,35,267.714,225.453,255,8
1778399197626280,135675526,661,40.469387,35,266.263,227.165,255,8
1778399197626693,135685480,668,40.897957,35,264.557,229.150,255,8
1778399197627041,135695457,675,41.326530,35,262.835,231.122,255,8
1778399197627378,135705407,681,41.693878,35,261.348,232.803,255,8
1778399197627780,135715388,688,42.122448,35,259.600,234.751,255,8
1778399197628986,135725340,695,42.551022,35,257.836,236.686,255,8
1778399197645150,135735318,702,42.979591,35,256.059,238.608,255,8
1778399197695075,135745271,709,43.408161,35,254.267,240.517,255,8
1778399197695598,135755248,716,43.836735,36,259.674,249.338,255,8
1778399197696212,135765203,723,44.265305,36,257.802,251.273,255,8
1778399197696680,135775187,730,44.693878,36,255.915,253.195,255,8
1778399197697054,135785146,737,45.122448,36,254.014,255.102,255,8
1778399197698322,135795128,745,45.612247,36,251.824,257.264,255,8
1778399197715078,135805081,752,46.040813,36,249.892,259.140,255,8
1778399197761872,135815063,759,46.469391,36,247.947,261.002,255,8
1778399197762533,135825019,766,46.897957,36,245.988,262.850,255,8
1778399197763050,135835006,774,47.387756,36,243.732,264.943,255,8
1778399197763457,135844961,781,47.816326,36,241.743,266.759,255,8
1778399197763759,135854935,789,48.306122,36,239.454,268.815,255,8
1778399197777669,135864892,796,48.734692,36,237.437,270.599,255,8
1778399197778070,135874870,804,49.224491,36,235.115,272.619,255,8
1778399197820817,135884825,812,49.714287,37,239.242,282.247,255,8
1778399197821325,135894812,819,50.142857,37,237.124,284.029,255,8
1778399197821873,135904765,827,50.632656,37,234.687,286.045,255,8
1778399197822331,135914747,835,51.122448,37,232.233,288.041,255,8
1778399197837118,135924700,843,51.612247,37,229.763,290.016,255,8
1778399197837771,135934682,850,52.040813,37,227.587,291.726,255,8
1778399197851622,135944633,858,52.530613,37,225.085,293.661,255,8
1778399197857297,135954614,866,53.020405,37,222.566,295.574,255,8
1778399197907806,135964564,874,53.510204,37,220.031,297.466,255,8
1778399197908343,135974551,882,54.000004,37,217.481,299.336,255,8
1778399197908770,135984504,891,54.551018,37,214.592,301.414,255,8
1778399197909194,135994491,899,55.040817,38,217.737,311.433,255,8
1778399197909579,136004448,907,55.530609,38,215.067,313.283,255,8
1778399197925499,136014431,915,56.020409,38,212.381,315.110,255,8
1778399197926136,136024382,924,56.571430,38,209.341,317.138,255,8
1778399197976422,136034368,932,57.061222,38,206.622,318.916,255,8
1778399197976969,136044313,940,57.551022,38,203.888,320.670,255,8
1778399197977515,136054300,949,58.102039,38,200.795,322.616,255,8
1778399197977920,136064247,957,58.591835,38,198.030,324.321,255,8
1778399197978343,136074226,966,59.142860,39,200.031,334.795,255,8
1778399197995875,136084180,974,59.632652,39,197.161,336.493,255,8
1778399197996427,136094157,983,60.183674,39,193.916,338.373,255,8
1778399198047859,136104115,992,60.734695,38,185.765,331.499,255,8
1778399198048294,136114094,1001,61.285713,38,182.568,333.270,255,8
1778399198048719,136124048,1010,61.836735,37,174.635,326.194,255,8
1778399198049286,136134028,1018,62.326527,37,171.840,327.675,255,8
1778399198049800,136143981,1027,62.877552,37,168.681,329.313,255,8
1778399198066878,136153961,1036,63.428574,37,165.506,330.920,255,8
1778399198067357,136163923,1045,63.979591,37,162.316,332.496,255,8
1778399198111612,136173899,1054,64.530609,37,159.111,334.042,255,8
1778399198112201,136183858,1064,65.142860,37,155.532,335.723,255,8
1778399198112646,136193840,1072,65.632652,36,148.531,327.931,255,8
1778399198113209,136203799,1082,66.244896,36,145.018,329.499,255,8
1778399198114297,136213786,1091,66.795921,36,141.843,330.879,255,8
1778399198131817,136223741,1100,67.346939,36,138.654,332.227,255,8
1778399198137263,136233727,1110,67.959183,36,135.096,333.690,255,8
1778399198189093,136243688,1119,68.510208,36,131.881,334.974,255,8
1778399198189571,136253671,1128,69.061226,36,128.653,336.227,255,8
1778399198189993,136263628,1138,69.673470,36,125.053,337.582,255,8
1778399198190413,136273613,1148,70.285713,36,121.439,338.899,255,8
1778399198190819,136283562,1157,70.836731,36,118.174,340.051,255,8
1778399198205367,136293544,1167,71.448982,35,111.352,331.814,255,8
1778399198205815,136303495,1176,72.000000,35,108.156,332.870,255,8
1778399198217303,136313481,1186,72.612244,35,104.593,334.006,255,8
1778399198271774,136323437,1196,73.224487,35,101.018,335.105,255,8
1778399198272205,136333421,1206,73.836739,35,97.431,336.165,255,8
1778399198272605,136343375,1216,74.448982,35,93.834,337.187,255,8
1778399198272982,136353356,1226,75.061226,35,90.225,338.171,255,8
1778399198273322,136363319,1235,75.612244,35,86.969,339.023,255,8
1778399198273623,136373308,1245,76.224487,35,83.341,339.933,255,8
1778399198288741,136383272,1255,76.836731,35,79.704,340.804,255,8
1778399198333303,136393256,1265,77.448975,35,76.058,341.636,255,8
1778399198333880,136403214,1275,78.061226,35,72.403,342.429,255,8
1778399198334275,136413196,1285,78.673470,35,68.740,343.183,255,8
1778399198334659,136423153,1295,79.285713,35,65.069,343.898,255,8
1778399198335032,136433142,1305,79.897957,35,61.391,344.574,255,8
1778399198352209,136443097,1315,80.510208,35,57.705,345.210,255,8
1778399198352590,136453089,1325,81.122452,35,54.013,345.807,255,8
1778399198398291,136463048,1334,81.673470,34,49.237,336.416,255,8
1778399198398774,136473033,1344,82.285713,34,45.639,336.923,255,8
1778399198399246,136482998,1354,82.897964,34,42.036,337.391,255,8
1778399198399736,136492979,1364,83.510201,34,38.429,337.821,255,8
1778399198416819,136502940,1374,84.122452,34,34.817,338.213,255,8
1778399198417344,136512926,1384,84.734695,34,31.201,338.565,255,8
1778399198472077,136522888,1394,85.346939,34,27.581,338.879,255,8
1778399198472618,136532873,1404,85.959183,34,23.959,339.155,255,8
1778399198473140,136542836,1414,86.571426,34,20.333,339.391,255,8
1778399198473588,136552821,1424,87.183678,34,16.706,339.589,255,8
1778399198474058,136562781,1434,87.795914,34,13.076,339.748,255,8
1778399198474470,136572768,1444,88.408165,34,9.445,339.869,255,8
1778399198491282,136582727,1453,88.959183,34,6.176,339.944,255,8
1778399198491734,136592708,1463,89.571426,34,2.543,339.990,255,8
1778399198543623,136602670,1473,90.183678,34,-1.090,339.998,255,8
1778399198544081,136612655,1483,90.795921,34,-4.723,339.967,255,8
1778399198544484,136622611,1493,91.408157,34,-8.355,339.897,255,8
1778399198544828,136632595,1503,92.020409,34,-11.987,339.789,255,8
1778399198545222,136642552,1513,92.632652,34,-15.617,339.641,255,8
1778399198560232,136652548,1522,93.183678,34,-18.883,339.475,255,8
1778399198560651,136662506,1532,93.795914,34,-22.509,339.254,255,8
1778399198605510,136672490,1542,94.408165,34,-26.133,338.994,255,8
1778399198605976,136682445,1552,95.020409,34,-29.754,338.696,255,8
1778399198606379,136692426,1562,95.632652,34,-33.371,338.358,255,8
1778399198606761,136702382,1572,96.244904,34,-36.985,337.982,255,8
1778399198664609,136712359,1582,96.857140,34,-40.594,337.568,255,8
1778399198665220,136722318,1592,97.469383,34,-44.199,337.115,255,8
1778399198665752,136732300,1601,98.020409,34,-47.439,336.674,255,8
1778399198666247,136742252,1611,98.632660,34,-51.034,336.148,255,8
1778399198666651,136752229,1621,99.244896,34,-54.623,335.584,255,8
1778399198667100,136762176,1631,99.857140,34,-58.205,334.981,255,8
1778399198682037,136772153,1641,100.469391,34,-61.781,334.340,255,8
1778399198682529,136782114,1651,101.081635,34,-65.351,333.660,255,8
1778399198689704,136792085,1660,101.632652,34,-68.556,333.017,255,8
1778399198700768,136802049,1670,102.244896,34,-72.111,332.265,255,8
1778399198751575,136812023,1680,102.857147,34,-75.657,331.475,255,8
1778399198752151,136821969,1690,103.469391,34,-79.195,330.648,255,8
1778399198752732,136831950,1700,104.081627,34,-82.723,329.783,255,8
1778399198753197,136841905,1710,104.693878,34,-86.243,328.880,255,8
1778399198753556,136851885,1720,105.306122,34,-89.752,327.940,255,8
1778399198770565,136861839,1729,105.857147,34,-92.902,327.062,255,8
1778399198771338,136871822,1739,106.469383,34,-96.391,326.050,255,8
1778399198778902,136881785,1749,107.081635,34,-99.870,325.002,255,8
1778399198791481,136891766,1759,107.693878,34,-103.337,323.916,255,8
1778399198797726,136901708,1769,108.306122,34,-106.792,322.793,255,8
1778399198846679,136911700,1778,108.857140,34,-109.891,321.751,255,8
1778399198847338,136921650,1788,109.469383,34,-113.323,320.559,255,8
1778399198847760,136931622,1798,110.081635,34,-116.742,319.329,255,8
1778399198848110,136941587,1808,110.693878,34,-120.147,318.064,255,8
1778399198848428,136951567,1818,111.306129,34,-123.539,316.762,255,8
1778399198863563,136961522,1828,111.918365,34,-126.917,315.424,255,8
1778399198870872,136971508,1837,112.469391,34,-129.945,314.189,255,8
1778399198881971,136981461,1847,113.081635,34,-133.294,312.782,255,8
1778399198888900,136991442,1857,113.693871,34,-136.629,311.340,255,8
1778399198933022,137001397,1867,114.306122,34,-139.948,309.862,255,8
1778399198933468,137011377,1876,114.857147,34,-142.921,308.502,255,8
1778399198933955,137021332,1886,115.469391,34,-146.210,306.957,255,8
1778399198934332,137031317,1896,116.081627,34,-149.481,305.377,255,8
1778399198948102,137041274,1906,116.693878,34,-152.736,303.763,255,8
1778399198948544,137051251,1916,117.306122,34,-155.973,302.113,255,8
1778399198994113,137061204,1925,117.857147,34,-158.871,300.599,255,8
1778399198994674,137071183,1935,118.469383,34,-162.074,298.884,255,8
1778399198995068,137081133,1945,119.081635,34,-165.259,297.136,255,8
1778399198995508,137091112,1955,119.693878,34,-168.424,295.353,255,8
1778399198996107,137101059,1964,120.244904,34,-171.257,293.719,255,8
1778399199010468,137111037,1974,120.857140,35,-179.515,300.457,255,8
1778399199015961,137120988,1984,121.469391,35,-182.715,298.522,255,8
1778399199030211,137130964,1994,122.081635,35,-185.894,296.552,255,8
1778399199083121,137140920,2004,122.693878,35,-189.053,294.549,255,8
1778399199083633,137150894,2013,123.244896,35,-191.877,292.717,255,8
1778399199083943,137160848,2023,123.857140,35,-194.993,290.650,255,8
1778399199084493,137170831,2033,124.469391,35,-198.088,288.550,255,8
1778399199084919,137180782,2042,125.020409,35,-200.854,286.632,255,8
1778399199085388,137190761,2052,125.632652,35,-203.905,284.469,255,8
1778399199100435,137200717,2062,126.244896,35,-206.933,282.274,255,8
1778399199107151,137210693,2072,126.857147,35,-209.938,280.047,255,8
1778399199119292,137220646,2081,127.408165,35,-212.621,278.015,255,8
1778399199125798,137230627,2091,128.020416,35,-215.580,275.727,255,8
1778399199170343,137240586,2101,128.632645,35,-218.514,273.408,255,8
1778399199170887,137250568,2111,129.244904,35,-221.423,271.057,255,8
1778399199171378,137260519,2120,129.795914,35,-224.019,268.915,255,8
1778399199171836,137270498,2130,130.408173,35,-226.880,266.506,255,8
1778399199187665,137280458,2140,131.020401,35,-229.715,264.067,255,8
1778399199188208,137290436,2150,131.632660,35,-232.523,261.597,255,8
1778399199226543,137300387,2159,132.183670,35,-235.028,259.349,255,8
1778399199226962,137310372,2169,132.795929,35,-237.786,256.822,255,8
1778399199227328,137320327,2178,133.346939,35,-240.245,254.524,255,8
1778399199227685,137330307,2188,133.959183,36,-249.892,259.140,255,8
1778399199241834,137340264,2198,134.571426,36,-252.647,256.455,255,8
1778399199243477,137350245,2208,135.183685,36,-255.373,253.741,255,8
1778399199260073,137360196,2217,135.734695,36,-257.802,251.273,255,8
1778399199267071,137370179,2227,136.346939,36,-260.472,248.504,255,8
1778399199315287,137380135,2237,136.959183,36,-263.112,245.707,255,8
1778399199315663,137390112,2246,137.510208,36,-265.463,243.165,255,8
1778399199316049,137400064,2256,138.122452,36,-268.046,240.315,255,8
1778399199316498,137410041,2266,138.734695,37,-278.116,244.032,255,8
1778399199316831,137419996,2275,139.285721,37,-280.450,241.346,255,8
1778399199365503,137429982,2285,139.897964,37,-283.012,238.336,255,8
1778399199365921,137439928,2295,140.510208,37,-285.543,235.298,255,8
1778399199366382,137449906,2304,141.061218,37,-287.793,232.541,255,8
1778399199366773,137459860,2314,141.673462,37,-290.261,229.453,255,8
1778399199367174,137469836,2324,142.285721,37,-292.696,226.338,255,8
1778399199382205,137479794,2333,142.836746,37,-294.859,223.513,255,8
1778399199382607,137489772,2343,143.448975,37,-297.231,220.349,255,8
1778399199399345,137499731,2352,144.000000,37,-299.336,217.481,255,8
1778399199405653,137509710,2362,144.612244,38,-309.796,220.061,255,8
1778399199450758,137519659,2372,145.224487,38,-312.129,216.738,255,8
1778399199451215,137529639,2381,145.775513,38,-314.199,213.726,255,8
1778399199451626,137539593,2390,146.326523,38,-316.240,210.695,255,8
1778399199451988,137549570,2400,146.938782,38,-318.474,207.303,255,8
1778399199452354,137559528,2410,147.551025,38,-320.670,203.888,255,8
1778399199467487,137569511,2419,148.102051,38,-322.616,200.795,255,8
1778399199509110,137579460,2429,148.714279,38,-324.744,197.336,255,8
1778399199509570,137589437,2438,149.265305,39,-335.222,199.315,255,8
1778399199509921,137599397,2448,149.877548,39,-337.332,195.721,255,8
1778399199510320,137609374,2458,150.489807,39,-339.405,192.106,255,8
1778399199510863,137619337,2467,151.040817,39,-341.236,188.833,255,8
1778399199525117,137629324,2476,151.591827,40,-351.832,190.300,255,8
1778399199536651,137639275,2486,152.204086,40,-353.846,186.529,255,8
1778399199547316,137649262,2496,152.816330,40,-355.819,182.738,255,8
1778399199591790,137659210,2505,153.367355,39,-348.621,174.825,255,8
1778399199592387,137669197,2515,153.979584,36,-323.510,157.929,255,8
1778399199592917,137679152,2524,154.530609,36,-325.013,154.810,255,8
1778399199593483,137689141,2534,155.142853,35,-317.576,147.125,255,8
1778399199593829,137699104,2543,155.693878,35,-318.976,144.064,255,8
1778399199608636,137709086,2553,156.306122,36,-329.654,144.666,255,8
1778399199610077,137719043,2562,156.857132,36,-331.030,141.489,255,8
1778399199650800,137729025,2572,157.469391,34,-314.049,130.280,255,8
1778399199651342,137738985,2581,158.020416,36,-333.834,134.739,255,8
1778399199651797,137748978,2591,158.632660,39,-363.193,142.095,255,8
1778399199652196,137758937,2600,159.183670,40,-373.890,142.149,255,8
1778399199667569,137768924,2610,159.795914,40,-375.387,138.146,255,8
1778399199669491,137778878,2620,160.408157,40,-376.842,134.127,255,8
1778399199685099,137788863,2629,160.959183,39,-368.662,127.234,255,8
1778399199728714,137798816,2638,161.510208,39,-369.868,123.683,255,8
1778399199729386,137808799,2648,162.122437,39,-371.169,119.724,255,8
1778399199729946,137818755,2657,162.673462,39,-372.303,116.149,255,8
1778399199730491,137828741,2667,163.285721,39,-373.523,112.164,255,8
1778399199730780,137838698,2676,163.836731,39,-374.584,108.566,255,8
1778399199746105,137848687,2686,164.448975,39,-375.723,104.558,255,8
1778399199787766,137858643,2695,165.000000,39,-376.711,100.939,255,8
1778399199788195,137868631,2704,165.551010,39,-377.664,97.312,255,8
1778399199788498,137878585,2714,166.163269,39,-378.683,93.271,255,8
1778399199788814,137888567,2723,166.714294,39,-379.562,89.625,255,8
1778399199789208,137898518,2732,167.265305,38,-370.652,83.766,255,8
1778399199803206,137908501,2742,167.877548,38,-371.526,79.801,255,8
1778399199848339,137918455,2751,168.428574,39,-382.073,78.230,255,8
1778399199848937,137928431,2761,169.040817,39,-382.888,74.143,255,8
1778399199849531,137938384,2770,169.591843,39,-383.583,70.457,255,8
1778399199850048,137948374,2779,170.142853,38,-374.390,65.053,255,8
1778399199850460,137958326,2789,170.755096,38,-375.064,61.049,255,8
1778399199864719,137968309,2798,171.306122,38,-375.634,57.439,255,8
1778399199911595,137978261,2807,171.857147,38,-376.169,53.824,255,8
1778399199912094,137988247,2817,172.469391,38,-376.722,49.801,255,8
1778399199912738,137998201,2826,173.020416,38,-377.184,46.176,255,8
1778399199913324,138008186,2835,173.571426,38,-377.611,42.547,255,8
1778399199913857,138018151,2845,174.183670,36,-358.147,36.482,255,8
1778399199928608,138028140,2854,174.734695,34,-338.565,31.201,255,8
1778399199929098,138038089,2863,175.285721,34,-338.850,27.944,255,8
1778399199975287,138048083,2873,175.897964,33,-329.155,23.606,255,8
1778399199975647,138058039,2882,176.448975,33,-329.366,20.439,255,8
1778399199976107,138068018,2891,177.000000,34,-339.534,17.794,255,8
1778399199976551,138077978,2901,177.612244,34,-339.705,14.165,255,8
1778399199976902,138087957,2910,178.163269,34,-339.825,10.898,255,8
1778399200030011,138097911,2919,178.714294,34,-339.914,7.629,255,8
1778399200030389,138107897,2929,179.326523,34,-339.977,3.996,255,8
1778399200030864,138117860,2938,179.877548,34,-339.999,0.727,255,8
1778399200031260,138127838,2947,180.428574,34,-339.990,-2.543,255,8
1778399200031635,138137795,2957,181.040833,34,-339.944,-6.176,255,8
1778399200046045,138147769,2966,181.591843,34,-339.869,-9.445,255,8
1778399200046453,138157730,2975,182.142853,34,-339.762,-12.713,255,8
1778399200057906,138167711,2985,182.755096,34,-339.607,-16.343,255,8
1778399200100478,138177662,2994,183.306107,33,-329.451,-19.031,255,8
1778399200100973,138187642,3003,183.857147,34,-339.230,-22.871,255,8
1778399200101328,138197596,3013,184.469391,33,-328.997,-25.716,255,8
1778399200101669,138207577,3022,185.020416,33,-328.734,-28.879,255,8
1778399200114928,138217529,3031,185.571426,33,-328.441,-32.039,255,8
1778399200115335,138227505,3040,186.122452,34,-338.061,-36.262,255,8
1778399200161193,138237458,3050,186.734680,34,-337.654,-39.872,255,8
1778399200161839,138247442,3059,187.285721,33,-327.336,-41.850,255,8
1778399200162432,138257397,3068,187.836731,34,-336.825,-46.359,255,8
1778399200162861,138267377,3078,188.448975,34,-336.310,-49.956,255,8
1778399200176072,138277326,3087,188.999985,34,-335.814,-53.188,255,8
1778399200176473,138287305,3096,189.551025,34,-335.287,-56.415,255,8
1778399200214487,138297257,3106,190.163254,34,-334.665,-59.994,255,8
1778399200215018,138307239,3115,190.714294,34,-334.073,-63.210,255,8
1778399200215467,138317192,3124,191.265305,34,-333.449,-66.420,255,8
1778399200215958,138327170,3134,191.877548,34,-332.721,-69.979,255,8
1778399200230724,138337125,3143,192.428558,33,-322.266,-71.023,255,8
1778399200236481,138347110,3152,192.979599,34,-331.313,-76.365,255,8
1778399200247597,138357064,3161,193.530609,34,-330.563,-79.548,255,8
1778399200294533,138367041,3171,194.142853,34,-329.694,-83.076,255,8
1778399200294979,138376999,3180,194.693878,33,-319.207,-83.706,255,8
1778399200295492,138386965,3189,195.244904,34,-328.036,-89.401,255,8
1778399200295880,138396923,3199,195.857132,35,-336.681,-95.634,255,8
1778399200296206,138406894,3208,196.408173,34,-326.153,-96.043,255,8
1778399200346091,138416856,3217,196.959183,34,-325.214,-99.175,255,8
1778399200346487,138426832,3227,197.571426,35,-333.669,-105.663,255,8
1778399200346945,138436786,3236,198.122437,38,-361.150,-118.198,255,8
1778399200347309,138446767,3245,198.673477,39,-369.470,-124.868,255,8
1778399200347635,138456720,3255,199.285706,40,-377.553,-132.112,255,8
1778399200363623,138466699,3264,199.836731,40,-376.265,-135.736,255,8
1778399200364129,138476652,3273,200.387756,39,-365.569,-135.865,255,8
1778399200410798,138486628,3282,200.938782,39,-364.245,-139.374,255,8
1778399200411446,138496582,3292,201.551010,39,-362.735,-143.258,255,8
1778399200411878,138506560,3301,202.102051,39,-361.341,-146.740,255,8
1778399200412268,138516518,3310,202.653061,38,-350.684,-146.357,255,8
1778399200412621,138526499,3319,203.204086,38,-349.261,-149.723,255,8
1778399200426721,138536449,3328,203.755096,39,-356.958,-157.103,255,8
1778399200437742,138546427,3338,204.367355,40,-364.368,-165.034,255,8
1778399200480777,138556382,3347,204.918365,39,-353.695,-164.317,255,8
1778399200481287,138566363,3356,205.469376,39,-352.098,-167.711,255,8
1778399200481711,138576314,3365,206.020416,39,-350.469,-171.090,255,8
1778399200482218,138586282,3374,206.571426,40,-357.751,-178.925,255,8
1778399200482528,138596232,3384,207.183670,40,-355.819,-182.738,255,8
1778399200499205,138606221,3393,207.734680,40,-354.045,-186.151,255,8
1778399200501304,138616174,3402,208.285721,40,-352.238,-189.548,255,8
1778399200543792,138626155,3411,208.836731,40,-350.399,-192.926,255,8
1778399200544259,138636110,3420,209.387756,41,-357.241,-201.194,255,8
1778399200544662,138646094,3429,209.938782,41,-355.289,-204.621,255,8
1778399200545082,138656042,3438,210.489792,41,-353.305,-208.028,255,8
1778399200559431,138666021,3448,211.102036,41,-351.062,-211.791,255,8
1778399200560715,138675978,3457,211.653076,41,-349.009,-215.158,255,8
1778399200576631,138685963,3466,212.204086,41,-346.924,-218.504,255,8
1778399200619798,138695917,3475,212.755096,41,-344.806,-221.830,255,8
1778399200620358,138705900,3484,213.306122,41,-342.657,-225.136,255,8
1778399200620826,138715849,3493,213.857132,41,-340.476,-228.421,255,8
1778399200621211,138725829,3502,214.408173,41,-338.263,-231.685,255,8
1778399200621527,138735773,3512,215.020401,41,-335.769,-235.286,255,8
1778399200636205,138745752,3521,215.571442,41,-333.490,-238.504,255,8
1778399200673279,138755702,3530,216.122452,41,-331.181,-241.700,255,8
1778399200673662,138765678,3539,216.673477,41,-328.841,-244.874,255,8
1778399200673967,138775629,3548,217.224487,41,-326.471,-248.025,255,8
1778399200674403,138785601,3557,217.775497,42,-331.975,-257.279,255,8
1778399200687661,138795550,3566,218.326538,42,-329.485,-260.460,255,8
1778399200723872,138805534,3576,218.938766,42,-326.684,-263.966,255,8
1778399200724325,138815493,3585,219.489792,42,-324.130,-267.095,255,8
1778399200724771,138825471,3594,220.040817,42,-321.546,-270.200,255,8
1778399200725267,138835423,3603,220.591843,42,-318.933,-273.280,255,8
1778399200741411,138845398,3612,221.142853,42,-316.290,-276.334,255,8
1778399200741821,138855354,3621,221.693893,42,-313.618,-279.363,255,8
1778399200780549,138865330,3630,222.244904,43,-318.320,-289.089,255,8
1778399200781243,138875288,3640,222.857147,43,-315.212,-292.474,255,8
1778399200781863,138885272,3648,223.346939,43,-312.701,-295.158,255,8
1778399200782294,138895230,3658,223.959167,43,-309.529,-298.483,255,8
1778399200798151,138905210,3667,224.510208,43,-306.644,-301.446,255,8
1778399200798647,138915169,3676,225.061218,44,-310.794,-311.459,255,8
1778399200809753,138925149,3685,225.612259,44,-307.785,-314.434,255,8
1778399200854076,138935112,3694,226.163269,44,-304.747,-317.379,255,8
1778399200854472,138945093,3703,226.714294,44,-301.680,-320.295,255,8
1778399200854908,138955056,3712,227.265305,44,-298.586,-323.182,255,8
1778399200855243,138965036,3721,227.816315,44,-295.464,-326.038,255,8
1778399200871302,138974993,3730,228.367355,44,-292.315,-328.865,255,8
1778399200871705,138984972,3739,228.918365,44,-289.139,-331.661,255,8
1778399200912513,138994925,3748,229.469391,45,-292.434,-342.027,255,8
1778399200912931,139004899,3758,230.081635,45,-288.763,-345.132,255,8
1778399200913471,139014852,3767,230.632660,45,-285.430,-347.893,255,8
1778399200913823,139024830,3776,231.183670,46,-288.340,-358.413,255,8
1778399200930145,139034779,3785,231.734680,44,-272.494,-345.467,255,8
1778399200930627,139044754,3794,232.285721,42,-256.924,-332.250,255,8
1778399200937088,139054703,3803,232.836731,41,-247.676,-326.736,255,8
1778399200948153,139064687,3813,233.448975,41,-244.171,-329.364,255,8
1778399200994812,139074636,3822,233.999985,41,-240.992,-331.697,255,8
1778399200995369,139084615,3831,234.551025,40,-231.991,-325.853,255,8
1778399200995783,139094575,3840,235.102036,40,-228.847,-328.069,255,8
1778399200996417,139104555,3850,235.714294,40,-225.328,-330.496,255,8
1778399200996956,139114502,3859,236.265305,40,-222.139,-332.647,255,8
1778399201010818,139124486,3868,236.816330,40,-218.930,-334.768,255,8
1778399201056997,139134438,3877,237.367340,40,-215.700,-336.858,255,8
1778399201057386,139144410,3886,237.918381,40,-212.451,-338.917,255,8
1778399201057776,139154363,3896,238.530609,39,-203.597,-332.638,255,8
1778399201058106,139164340,3905,239.081635,39,-200.388,-334.581,255,8
1778399201058525,139174293,3914,239.632645,39,-197.161,-336.493,255,8
1778399201073740,139184273,3923,240.183670,39,-193.916,-338.373,255,8
1778399201083605,139194225,3932,240.734695,39,-190.653,-340.223,255,8
1778399201087655,139204208,3942,241.346954,39,-187.007,-342.240,255,8
1778399201145708,139214163,3951,241.897964,38,-178.996,-335.202,255,8
1778399201146159,139224140,3960,242.448975,38,-175.765,-336.908,255,8
1778399201146653,139234095,3969,243.000000,38,-172.516,-338.582,255,8
1778399201147079,139244074,3978,243.551010,38,-169.252,-340.226,255,8
1778399201147527,139254023,3987,244.102051,38,-165.972,-341.838,255,8
1778399201147945,139263994,3996,244.653061,38,-162.677,-343.418,255,8
1778399201162310,139273946,4006,245.265320,38,-158.998,-345.137,255,8
1778399201172525,139283924,4015,245.816330,38,-155.672,-346.650,255,8
1778399201174785,139293871,4024,246.367355,38,-152.331,-348.131,255,8
1778399201192228,139303857,4033,246.918365,37,-145.056,-340.380,255,8
1778399201236905,139313809,4042,247.469376,37,-141.776,-341.760,255,8
1778399201237430,139323794,4052,248.081635,37,-138.116,-343.255,255,8
1778399201237963,139333748,4061,248.632645,37,-134.808,-344.568,255,8
1778399201238425,139343731,4070,249.183670,37,-131.488,-345.848,255,8
1778399201238846,139353687,4079,249.734680,37,-128.156,-347.097,255,8
1778399201254945,139363673,4088,250.285721,37,-124.812,-348.313,255,8
1778399201255398,139373631,4097,250.836731,37,-121.457,-349.497,255,8
1778399201302664,139383612,4106,251.387772,37,-118.090,-350.649,255,8
1778399201303141,139393565,4115,251.938782,37,-114.712,-351.769,255,8
1778399201303559,139403548,4124,252.489792,37,-111.324,-352.855,255,8
1778399201304027,139413500,4134,253.102036,37,-107.547,-354.025,255,8
1778399201304441,139423480,4143,253.653046,37,-104.138,-355.043,255,8
1778399201320568,139433439,4152,254.204086,36,-97.996,-346.405,255,8
1778399201326682,139443417,4161,254.755096,37,-97.290,-356.980,255,8
1778399201375504,139453371,4170,255.306122,37,-93.852,-357.899,255,8
1778399201376034,139463351,4179,255.857147,37,-90.406,-358.785,255,8
1778399201376650,139473306,4188,256.408142,37,-86.951,-359.638,255,8
1778399201377216,139483290,4197,256.959198,37,-83.489,-360.458,255,8
1778399201377734,139493243,4206,257.510193,37,-80.018,-361.244,255,8
1778399201393212,139503229,4216,258.122437,37,-76.154,-362.078,255,8
1778399201393635,139513177,4225,258.673462,37,-72.668,-362.794,255,8
1778399201432623,139523158,4234,259.224487,36,-67.306,-353.652,255,8
1778399201433027,139533107,4243,259.775513,36,-63.902,-354.283,255,8
1778399201433364,139543081,4252,260.326538,36,-60.492,-354.881,255,8
1778399201433645,139553036,4261,260.877563,36,-57.076,-355.447,255,8
1778399201450955,139563026,4270,261.428558,36,-53.655,-355.979,255,8
1778399201452131,139572978,4279,261.979584,36,-50.229,-356.479,255,8
1778399201471312,139582954,4288,262.530609,36,-46.799,-356.945,255,8
1778399201471950,139592908,4297,263.081635,36,-43.364,-357.379,255,8
1778399201533329,139602889,4306,263.632660,36,-39.925,-357.779,255,8
1778399201533874,139612846,4316,264.244904,36,-36.100,-358.185,255,8
1778399201534314,139622824,4324,264.734680,36,-33.036,-358.481,255,8
1778399201534745,139632776,4334,265.346954,36,-29.204,-358.814,255,8
1778399201535231,139642756,4343,265.897949,36,-25.752,-359.078,255,8
1778399201535647,139652701,4352,266.448975,36,-22.297,-359.309,255,8
1778399201552476,139662679,4361,267.000000,36,-18.841,-359.507,255,8
1778399201552936,139672625,4370,267.551025,36,-15.383,-359.671,255,8
1778399201563154,139682601,4379,268.102051,34,-11.261,-339.813,255,8
1778399201614240,139692544,4388,268.653046,32,-7.522,-319.912,255,8
1778399201614926,139702527,4397,269.204102,31,-4.306,-309.970,255,8
1778399201615379,139712480,4406,269.755096,31,-1.325,-309.997,255,8
1778399201615810,139722460,4415,270.306122,31,1.656,-309.996,255,8
1778399201616290,139732411,4424,270.857147,31,4.637,-309.965,255,8
1778399201632880,139742393,4433,271.408173,31,7.618,-309.906,255,8
1778399201633367,139752350,4442,271.959198,31,10.598,-309.819,255,8
1778399201640362,139762323,4451,272.510193,31,13.577,-309.703,255,8
1778399201650804,139772278,4460,273.061218,32,17.089,-319.543,255,8
1778399201701795,139782255,4470,273.673462,31,19.862,-309.363,255,8
1778399201702466,139792210,4479,274.224487,31,22.836,-309.158,255,8
1778399201702981,139802192,4488,274.775513,31,25.808,-308.924,255,8
1778399201703451,139812148,4497,275.326538,31,28.778,-308.661,255,8
1778399201703818,139822130,4506,275.877563,31,31.745,-308.370,255,8
1778399201719614,139832092,4515,276.428558,31,34.709,-308.051,255,8
1778399201720121,139842072,4524,276.979614,31,37.670,-307.703,255,8
1778399201737276,139852031,4533,277.530609,31,40.627,-307.326,255,8
1778399201741371,139862015,4542,278.081635,31,43.581,-306.921,255,8
1778399201793993,139871970,4551,278.632660,31,46.531,-306.488,255,8
1778399201794509,139881946,4560,279.183655,31,49.476,-306.026,255,8
1778399201795024,139891901,4569,279.734711,31,52.417,-305.536,255,8
1778399201795400,139901886,4578,280.285706,31,55.353,-305.018,255,8
1778399201795710,139911845,4587,280.836731,31,58.283,-304.472,255,8
1778399201811017,139921820,4596,281.387756,31,61.209,-303.897,255,8
1778399201811538,139931775,4605,281.938782,31,64.129,-303.294,255,8
1778399201854096,139941759,4614,282.489807,31,67.042,-302.664,255,8
1778399201854631,139951715,4624,283.102020,31,70.273,-301.930,255,8
1778399201855098,139961701,4632,283.591858,31,72.851,-301.318,255,8
1778399201855462,139971666,4642,284.204071,31,76.067,-300.523,255,8
1778399201870824,139981648,4651,284.755096,31,78.953,-299.777,255,8
1778399201871512,139991609,4660,285.306122,31,81.833,-299.004,255,8
1778399201878006,140001593,4669,285.857147,31,84.704,-298.203,255,8
1778399201889670,140011554,4678,286.408173,31,87.568,-297.375,255,8
1778399201935254,140020539,4687,286.959167,31,90.424,-296.519,255,8
1778399201935769,140031500,4696,287.510223,30,90.263,-286.099,255,8
1778399201936396,140041482,4705,288.061218,30,93.010,-285.218,255,8
1778399201936883,140051443,4714,288.612244,31,98.940,-293.787,255,8
1778399201937446,140061416,4723,289.163269,30,98.478,-283.376,255,8
1778399201996598,140071379,4732,289.714294,31,104.572,-291.830,255,8
1778399201997030,140081360,4741,290.265320,31,107.374,-290.811,255,8
1778399201997400,140091317,4750,290.816315,31,110.166,-289.765,255,8
1778399201997728,140101303,4759,291.367371,31,112.947,-288.692,255,8
1778399201998038,140111264,4768,291.918365,30,111.986,-278.315,255,8
1778399201998385,140121249,4777,292.469391,31,118.479,-286.466,255,8
1778399202013236,140131211,4786,293.020416,32,125.139,-294.517,255,8
1778399202019253,140141189,4795,293.571411,31,123.966,-284.134,255,8
1778399202030023,140151145,4804,294.122467,31,126.693,-282.929,255,8
1778399202075055,140161131,4813,294.673462,31,129.408,-281.698,255,8
1778399202075770,140171090,4822,295.224487,32,136.373,-289.486,255,8
1778399202076396,140181075,4831,295.775513,32,139.151,-288.162,255,8
1778399202077026,140191027,4840,296.326538,32,141.916,-286.810,255,8
1778399202077515,140201006,4849,296.877563,32,144.667,-285.432,255,8
1778399202092024,140210965,4858,297.428558,32,147.406,-284.027,255,8
1778399202130039,140220949,4867,297.979584,32,150.130,-282.597,255,8
1778399202130570,140230902,4876,298.530609,32,152.841,-281.140,255,8
1778399202131132,140240884,4885,299.081635,32,155.538,-279.657,255,8
1778399202131621,140250843,4894,299.632660,32,158.220,-278.148,255,8
1778399202147815,140260834,4903,300.183685,32,160.888,-276.614,255,8
1778399202148289,140270795,4912,300.734711,32,163.540,-275.054,255,8
1778399202195530,140280785,4921,301.285706,32,166.178,-273.468,255,8
1778399202196018,140290745,4930,301.836731,32,168.800,-271.858,255,8
1778399202196483,140300736,4939,302.387756,32,171.407,-270.222,255,8
1778399202196879,140310698,4948,302.938782,32,173.998,-268.561,255,8
1778399202197367,140320690,4957,303.489807,32,176.572,-266.875,255,8
1778399202214152,140330654,4966,304.040802,32,179.131,-265.165,255,8
1778399202214792,140340641,4975,304.591827,32,181.672,-263.430,255,8
1778399202270915,140350603,4984,305.142853,32,184.197,-261.670,255,8
1778399202271467,140360598,4993,305.693878,32,186.705,-259.887,255,8
1778399202271879,140370561,5002,306.244904,32,189.196,-258.079,255,8
1778399202272336,140380552,5011,306.795929,32,191.669,-256.248,255,8
1778399202272663,140390513,5020,307.346924,32,194.125,-254.393,255,8
1778399202274243,140400499,5029,307.897949,33,202.705,-260.405,255,8
1778399202290310,140410460,5038,308.448975,32,198.982,-250.612,255,8
1778399202298127,140420445,5047,309.000000,32,201.383,-248.687,255,8
1778399202310486,140430403,5056,309.551025,34,216.500,-262.160,255,8
1778399202354025,140440388,5065,310.102051,33,212.570,-252.416,255,8
1778399202354567,140450347,5074,310.653076,33,214.988,-250.360,255,8
1778399202354956,140460328,5083,311.204071,34,223.973,-255.805,255,8
1778399202355335,140470290,5092,311.755096,33,219.763,-246.179,255,8
1778399202355782,140480270,5101,312.306122,34,228.851,-251.450,255,8
1778399202371069,140490236,5110,312.857147,33,224.457,-241.907,255,8
1778399202417508,140500217,5119,313.408173,33,226.773,-239.737,255,8
1778399202417946,140510186,5128,313.959167,34,236.009,-244.744,255,8
1778399202418314,140520170,5137,314.510193,34,238.352,-242.463,255,8
1778399202418668,140530135,5146,315.061218,34,240.673,-240.159,255,8
1778399202419042,140540115,5155,315.612244,34,242.972,-237.834,255,8
1778399202434846,140550090,5164,316.163269,34,245.248,-235.486,255,8
1778399202435245,140560077,5173,316.714294,34,247.501,-233.116,255,8
1778399202450471,140570046,5182,317.265320,34,249.731,-230.725,255,8
1778399202454429,140580037,5191,317.816315,34,251.939,-228.313,255,8
1778399202496937,140590001,5200,318.367340,34,254.123,-225.880,255,8
1778399202497374,140599986,5209,318.918365,35,263.821,-229.997,255,8
1778399202497850,140609952,5218,319.469391,35,266.021,-227.449,255,8
1778399202498439,140619943,5227,320.020416,34,260.533,-218.455,255,8
1778399202549607,140629899,5236,320.571411,34,262.622,-215.939,255,8
1778399202550170,140639890,5245,321.122467,34,264.686,-213.404,255,8
1778399202550634,140649857,5254,321.673462,34,266.726,-210.848,255,8
1778399202551116,140659844,5263,322.224487,34,268.742,-208.274,255,8
1778399202551579,140669803,5272,322.775513,34,270.732,-205.679,255,8
1778399202551991,140679790,5281,323.326508,34,272.698,-203.066,255,8
1778399202565265,140689755,5290,323.877563,34,274.638,-200.434,255,8
1778399202609567,140699739,5299,324.428558,33,268.419,-191.967,255,8
1778399202610042,140709700,5308,324.979584,33,270.253,-189.377,255,8
1778399202610455,140719682,5317,325.530609,33,272.061,-186.769,255,8
1778399202610825,140729642,5326,326.081635,33,273.845,-184.144,255,8
1778399202611194,140739628,5335,326.632660,33,275.603,-181.502,255,8
1778399202625637,140749591,5344,327.183655,32,268.932,-173.423,255,8
1778399202638016,140759577,5353,327.734711,32,270.587,-170.829,255,8
1778399202682623,140769531,5362,328.285706,32,272.218,-168.219,255,8
1778399202683120,140779521,5371,328.836731,32,273.823,-165.593,255,8
1778399202683499,140789489,5380,329.387756,32,275.403,-162.952,255,8
1778399202683931,140799478,5389,329.938782,31,268.302,-155.287,255,8
1778399202684386,140809438,5398,330.489807,32,278.486,-157.625,255,8
1778399202700013,140819435,5407,331.040802,31,271.239,-150.098,255,8
1778399202700395,140829395,5416,331.591858,31,272.670,-147.482,255,8
1778399202738199,140839381,5425,332.142853,31,274.076,-144.853,255,8
1778399202738666,140849350,5434,332.693878,31,275.456,-142.211,255,8
1778399202739059,140859336,5442,333.183685,32,285.586,-144.362,255,8
1778399202739726,140869301,5452,333.795898,31,278.140,-136.887,255,8
1778399202755677,140879295,5460,334.285706,30,270.291,-130.165,255,8
1778399202796278,140889264,5469,334.836731,30,271.530,-127.560,255,8
1778399202796637,140899254,5478,335.387756,31,281.836,-129.107,255,8
1778399202797102,140909212,5487,335.938782,31,283.064,-126.391,255,8
1778399202797528,140919202,5496,336.489807,31,284.267,-123.663,255,8
1778399202799084,140929160,5505,337.040802,30,276.235,-117.023,255,8
1778399202814769,140939158,5514,337.591827,30,277.348,-114.361,255,8
1778399202825613,140949122,5523,338.142853,31,287.716,-115.411,255,8
1778399202872112,140959111,5532,338.693878,31,288.812,-112.639,255,8
1778399202872577,140969072,5541,339.244904,30,280.531,-106.312,255,8
1778399202873114,140979063,5550,339.795929,30,281.541,-103.609,255,8
1778399202873597,140989022,5558,340.285706,30,282.416,-101.199,255,8
1778399202874066,140999005,5568,340.897949,30,283.481,-98.176,255,8
1778399202888888,141008966,5576,341.387756,30,284.310,-95.749,255,8
1778399202889349,141018947,5585,341.938782,30,285.218,-93.010,255,8
1778399202930429,141028909,5594,342.489777,30,286.099,-90.263,255,8
1778399202930779,141038897,5603,343.040833,30,286.954,-87.507,255,8
1778399202931316,141048858,5612,343.591827,29,278.189,-81.919,255,8
1778399202931840,141058847,5621,344.142853,30,288.584,-81.972,255,8
1778399202947903,141068809,5630,344.693878,29,279.713,-76.553,255,8
1778399202948344,141078798,5638,345.183685,30,290.025,-76.716,255,8
1778399202959983,141088756,5647,345.734711,30,290.750,-73.924,255,8
1778399202967462,141098743,5656,346.285706,30,291.447,-71.124,255,8
1778399203014979,141108707,5665,346.836731,30,292.118,-68.318,255,8
1778399203015442,141118689,5674,347.387756,29,283.002,-63.322,255,8
1778399203015836,141128644,5683,347.938782,29,283.598,-60.597,255,8
1778399203016219,141138629,5692,348.489807,29,284.168,-57.867,255,8
1778399203017006,141148588,5700,348.979584,29,284.652,-55.436,255,8
1778399203032428,141158571,5709,349.530609,29,285.172,-52.696,255,8
1778399203076881,141168531,5718,350.081635,29,285.666,-49.951,255,8
1778399203077415,141178515,5727,350.632660,29,286.133,-47.201,255,8
1778399203077808,141188478,5736,351.183655,29,286.574,-44.448,255,8
1778399203078224,141198464,5745,351.734711,29,286.988,-41.689,255,8
1778399203078607,141208424,5754,352.285706,29,287.375,-38.928,255,8
1778399203093513,141218412,5763,352.836731,29,287.737,-36.162,255,8
1778399203100554,141228369,5771,353.326538,29,288.035,-33.701,255,8
1778399203110516,141238352,5780,353.877533,29,288.346,-30.930,255,8
1778399203158683,141248307,5789,354.428589,29,288.630,-28.155,255,8
1778399203159249,141258287,5798,354.979584,29,288.887,-25.378,255,8
1778399203159844,141268243,5807,355.530609,29,289.118,-22.599,255,8
1778399203160264,141278229,5816,356.081635,29,289.322,-19.817,255,8
1778399203160610,141288180,5824,356.571442,29,289.481,-17.343,255,8
1778399203175402,141298165,5833,357.122437,29,289.634,-14.559,255,8
1778399203175806,141308120,5842,357.673462,29,289.761,-11.772,255,8
1778399203220429,141318102,5851,358.224487,29,289.861,-8.985,255,8
1778399203221034,141328063,5860,358.775513,29,289.934,-6.197,255,8
1778399203221601,141338049,5869,359.326538,29,289.980,-3.409,255,8
1778399203222196,141348008,5878,359.877533,29,289.999,-0.620,255,8
1778399203236962,141357999,6,0.367347,29,289.994,1.859,255,8
1778399203237465,141367951,15,0.918367,28,279.964,4.488,255,8
1778399203250008,141377931,24,1.469388,29,289.905,7.436,255,8
1778399203287281,141387890,33,2.020408,29,289.820,10.224,255,8
1778399203287829,141397873,42,2.571429,29,289.708,13.011,255,8
1778399203288403,141407827,50,3.061225,29,289.586,15.487,255,8
1778399203288901,141417808,59,3.612245,28,279.444,17.641,255,8
1778399203304144,141427767,68,4.163265,28,279.261,20.328,255,8
1778399203305041,141437747,77,4.714286,29,289.019,23.834,255,8
1778399203349281,141447704,86,5.265306,29,288.776,26.613,255,8
1778399203349912,141457690,95,5.816327,29,288.507,29.389,255,8
1778399203350391,141467650,104,6.367347,28,278.273,31.053,255,8
1778399203350793,141477638,112,6.857143,28,277.997,33.430,255,8
1778399203364799,141487592,121,7.408164,28,277.663,36.102,255,8
1778399203365173,141497579,130,7.959184,28,277.303,38.771,255,8
1778399203407056,141507534,139,8.510204,28,276.917,41.436,255,8
1778399203407462,141517523,148,9.061224,29,286.381,45.672,255,8
1778399203408023,141527477,156,9.551021,28,276.119,46.459,255,8
1778399203408483,141537461,165,10.102040,28,275.659,49.112,255,8
1778399203423412,141547414,174,10.653061,28,275.174,51.761,255,8
1778399203423790,141557391,183,11.204082,28,274.664,54.405,255,8
1778399203435756,141567345,192,11.755101,28,274.128,57.044,255,8
1778399203479174,141577325,200,12.244899,28,273.630,59.385,255,8
1778399203479734,141587284,209,12.795918,29,282.798,64.229,255,8
1778399203480329,141597265,218,13.346939,29,282.167,66.946,255,8
1778399203480794,141607226,227,13.897959,29,281.510,69.656,255,8
1778399203482513,141617205,235,14.387755,29,280.905,72.060,255,8
1778399203497708,141627163,244,14.938775,28,270.537,72.180,255,8
1778399203542140,141637143,253,15.489796,28,269.830,74.779,255,8
1778399203542517,141647100,261,15.979591,28,269.181,77.083,255,8
1778399203542872,141657083,270,16.530613,28,268.427,79.668,255,8
1778399203543339,141667041,279,17.081633,28,267.648,82.245,255,8
1778399203543728,141677025,287,17.571428,28,266.936,84.530,255,8
1778399203558412,141686982,296,18.122448,28,266.110,87.094,255,8
1778399203570893,141696966,305,18.673470,28,265.260,89.649,255,8
1778399203571616,141706921,313,19.163265,29,273.930,95.196,255,8
1778399203630222,141716906,322,19.714287,29,273.002,97.826,255,8
1778399203630645,141726860,330,20.204081,28,262.771,96.702,255,8
1778399203631115,141736849,339,20.755102,28,261.829,99.225,255,8
1778399203631637,141746808,347,21.244898,29,270.292,105.083,255,8
1778399203631989,141756785,356,21.795919,29,269.269,107.677,255,8
1778399203632347,141766742,364,22.285715,29,268.338,109.975,255,8
1778399203645661,141776731,373,22.836735,29,267.268,112.551,255,8
1778399203683912,141786689,381,23.326530,29,266.296,114.832,255,8
1778399203684368,141796666,390,23.877550,29,265.180,117.387,255,8
1778399203684805,141806617,397,24.306122,28,255.181,115.251,255,8
1778399203685195,141816602,402,24.612246,28,254.561,116.613,255,8
1778399203699476,141826556,405,24.795918,28,254.186,117.428,255,8
1778399203700470,141835538,405,24.795918,28,254.186,117.428,255,8
1778399203716279,141846495,405,24.795918,28,254.186,117.428,255,8
1778399203759040,141856478,405,24.795918,28,254.186,117.428,255,8
1778399203759507,141866439,405,24.795918,28,254.186,117.428,255,8
1778399203759898,141876421,405,24.795918,28,254.186,117.428,255,8
1778399203818017,141916294,404,24.734694,28,254.311,117.157,255,8
1778399203818514,141926258,402,24.612246,28,254.561,116.613,255,8
1778399203818894,141936243,400,24.489798,28,254.810,116.069,255,8
1778399203819403,141946201,398,24.367346,29,264.166,119.650,255,8
1778399203819871,141956182,396,24.244898,29,264.422,119.085,255,8
1778399203834891,141966137,392,24.000002,28,255.793,113.886,255,8
1778399203871784,141976125,389,23.816326,28,256.156,113.066,255,8
1778399203872233,141986085,386,23.632654,28,256.518,112.244,255,8
1778399203872596,141996071,382,23.387754,28,256.995,111.146,255,8
1778399203872945,142006030,378,23.142859,29,266.663,113.977,255,8
1778399203888286,142016016,374,22.897959,29,267.148,112.836,255,8
1778399203888745,142025978,370,22.653061,28,258.399,107.842,255,8
1778399203951089,142035964,366,22.408163,28,258.858,106.737,255,8
1778399203951628,142045928,362,22.163265,28,259.312,105.629,255,8
1778399203952056,142055919,358,21.918367,28,259.761,104.520,255,8
1778399203952476,142065882,353,21.612246,28,260.315,103.131,255,8
1778399203952930,142075868,349,21.367348,28,260.754,102.017,255,8
1778399203953406,142085832,344,21.061224,28,261.295,100.622,255,8
1778399203968642,142095817,340,20.816326,28,261.723,99.505,255,8
1778399203969088,142105783,335,20.510204,28,262.251,98.105,255,8
1778399204015368,142115768,330,20.204081,28,262.771,96.702,255,8
1778399204016069,142125733,326,19.959183,28,263.182,95.578,255,8
1778399204016646,142135720,321,19.653061,28,263.689,94.171,255,8
1778399204032609,142165634,306,18.734694,28,265.164,89.932,255,8
1778399204038683,142175627,301,18.428572,28,265.641,88.514,255,8
1778399204049945,142185589,296,18.122448,28,266.110,87.094,255,8
1778399204095350,142195573,291,17.816326,28,266.572,85.671,255,8
1778399204095918,142205537,286,17.510204,28,267.026,84.245,255,8
1778399204096408,142215528,281,17.204082,28,267.472,82.817,255,8
1778399204096833,142225492,276,16.897961,28,267.911,81.387,255,8
1778399204097213,142235480,270,16.530613,28,268.427,79.668,255,8
1778399204149107,142245446,265,16.224489,28,268.849,78.232,255,8
1778399204149739,142255431,259,15.857143,28,269.345,76.507,255,8
1778399204150183,142265397,254,15.551020,28,269.750,75.067,255,8
1778399204150740,142275384,248,15.183674,28,270.226,73.336,255,8
1778399204151280,142285353,243,14.877551,28,270.613,71.891,255,8
1778399204166394,142295345,237,14.510203,28,271.069,70.155,255,8
1778399204166774,142305307,232,14.204082,28,271.440,68.705,255,8
1778399204211653,142315298,226,13.836735,28,271.875,66.964,255,8
1778399204212056,142325256,220,13.469387,28,272.298,65.219,255,8
1778399204212390,142335248,214,13.102041,28,272.711,63.472,255,8
1778399204212826,142345206,208,12.734694,28,273.112,61.722,255,8
1778399204226961,142355193,203,12.428572,28,273.438,60.262,255,8
1778399204227398,142365141,197,12.061225,28,273.819,58.508,255,8
1778399204276662,142375130,191,11.693877,28,274.188,56.751,255,8
1778399204277214,142385090,185,11.326530,28,274.547,54.992,255,8
1778399204277680,142405031,172,10.530612,28,275.284,51.173,255,8
1778399204278049,142415011,166,10.163265,28,275.607,49.407,255,8
1778399204291154,142424971,160,9.795918,28,275.918,47.639,255,8
1778399204332046,142434955,154,9.428572,28,276.217,45.869,255,8
1778399204332575,142444911,147,9.000000,28,276.553,43.802,255,8
1778399204333043,142454895,141,8.632653,28,276.828,42.028,255,8
1778399204333365,142464850,134,8.204082,28,277.134,39.956,255,8
1778399204334268,142474837,128,7.836735,28,277.385,38.178,255,8
1778399204348064,142484798,121,7.408164,28,277.663,36.102,255,8
1778399204392340,142494778,115,7.040816,28,277.889,34.321,255,8
1778399204392755,142504729,108,6.612245,28,278.137,32.242,255,8
1778399204393088,142514711,102,6.244898,28,278.338,30.458,255,8
1778399204393577,142524668,95,5.816327,28,278.559,28.375,255,8
1778399204394037,142534654,88,5.387755,28,278.763,26.291,255,8
1778399204409429,142544611,81,4.959184,28,278.952,24.205,255,8
1778399204416684,142554597,74,4.530612,28,279.125,22.118,255,8
1778399204427029,142564553,67,4.102041,28,279.283,20.029,255,8
1778399204468253,142574536,60,3.673469,28,279.425,17.940,255,8
1778399204468705,142584499,53,3.244898,28,279.551,15.849,255,8
1778399204469124,142594482,46,2.816327,28,279.662,13.758,255,8
1778399204469528,142604443,39,2.387755,28,279.757,11.665,255,8
1778399204486999,142614414,32,1.959184,28,279.836,9.573,255,8
1778399204487378,142624372,25,1.530612,28,279.900,7.479,255,8
1778399204530807,142634353,17,1.040816,28,279.954,5.086,255,8
1778399204531233,142644303,10,0.612245,28,279.984,2.992,255,8
1778399204531681,142654283,3,0.183673,28,279.999,0.898,255,8
1778399204532065,142664242,5875,359.693878,28,279.996,-1.496,255,8
1778399204532434,142674221,5868,359.265320,28,279.977,-3.590,255,8
1778399204547043,142684182,5860,358.775513,28,279.936,-5.984,255,8
1778399204592175,142694169,5853,358.346954,28,279.883,-8.077,255,8
1778399204592904,142704130,5845,357.857147,28,279.804,-10.470,255,8
1778399204593477,142714116,5837,357.367340,28,279.704,-12.861,255,8
1778399204594033,142724072,5829,356.877533,28,279.584,-15.252,255,8
1778399204594547,142734058,5822,356.448975,28,279.462,-17.342,255,8
1778399204608409,142744014,5814,355.959167,28,279.304,-19.731,255,8
1778399204648017,142753996,5806,355.469391,28,279.125,-22.118,255,8
1778399204648622,142763959,5798,354.979584,29,288.887,-25.378,255,8
1778399204649115,142773941,5790,354.489807,29,288.660,-27.847,255,8
1778399204649510,142783902,5782,354.000000,29,288.411,-30.313,255,8
1778399204664996,142793891,5774,353.510223,28,278.206,-31.647,255,8
1778399204665494,142803854,5766,353.020386,28,277.925,-34.025,255,8
1778399204703932,142813838,5758,352.530609,28,277.624,-36.399,255,8
1778399204704479,142823804,5749,351.979584,29,287.163,-40.463,255,8
1778399204704994,142833785,5741,351.489807,29,286.807,-42.916,255,8
1778399204705413,142843745,5733,351.000000,29,286.430,-45.366,255,8
1778399204720242,142853727,5724,350.448975,29,285.980,-48.119,255,8
1778399204720694,142863683,5716,349.959167,29,285.558,-50.561,255,8
1778399204780462,142873661,5707,349.408173,28,275.229,-51.467,255,8
1778399204781002,142883627,5699,348.918365,29,284.593,-55.740,255,8
1778399204781482,142893614,5690,348.367340,29,284.044,-58.475,255,8
1778399204781929,142903569,5682,347.877563,29,283.533,-60.900,255,8
1778399204782392,142913553,5673,347.326538,29,282.935,-63.624,255,8
1778399204782886,142923512,5664,346.775513,29,282.310,-66.342,255,8
1778399204799083,142933495,5655,346.224487,29,281.658,-69.054,255,8
1778399204799780,142943449,5646,345.673462,29,280.981,-71.760,255,8
1778399204817623,142953430,5638,345.183685,29,280.358,-74.159,255,8
1778399204819633,142963383,5629,344.632660,29,279.632,-76.852,255,8
1778399204877621,142973370,5620,344.081635,30,288.496,-82.280,255,8
1778399204878130,142983326,5610,343.469391,29,278.014,-82.513,255,8
1778399204878625,142993313,5602,342.979584,29,277.298,-84.887,255,8
1778399204879100,143003269,5592,342.367340,30,285.905,-90.874,255,8
1778399204879615,143013256,5583,341.816315,30,285.018,-93.619,255,8
1778399204880020,143023211,5574,341.265320,29,274.635,-93.144,255,8
1778399204895735,143033196,5564,340.653046,29,273.624,-96.073,255,8
1778399204908489,143043164,5555,340.102051,30,282.090,-102.104,255,8
1778399204908956,143053150,5546,339.551025,30,281.095,-104.812,255,8
1778399204958688,143063114,5536,338.938782,30,279.959,-107.810,255,8
1778399204959415,143073096,5527,338.387756,30,278.909,-110.497,255,8
1778399204959939,143083054,5517,337.775513,30,277.713,-113.471,255,8
1778399204960467,143093034,5508,337.224487,30,276.609,-116.136,255,8
1778399204960844,143102993,5498,336.612244,31,284.530,-123.055,255,8
1778399204974508,143112969,5488,336.000000,30,274.064,-122.021,255,8
1778399205018413,143122923,5479,335.448975,30,272.877,-124.651,255,8
1778399205018974,143132900,5469,334.836731,31,280.581,-131.812,255,8
1778399205019474,143142856,5459,334.224487,30,270.151,-130.454,255,8
1778399205019931,143152828,5449,333.612244,30,268.742,-133.333,255,8
1778399205020459,143162789,5439,333.000000,31,276.212,-140.737,255,8
1778399205045489,143172768,5429,332.387756,31,274.692,-143.680,255,8
1778399205045962,143182717,5419,331.775513,31,273.141,-146.607,255,8
1778399205047420,143192701,5409,331.163269,31,271.559,-149.518,255,8
1778399205060141,143202654,5400,330.612244,31,270.109,-152.122,255,8
1778399205105089,143212634,5390,330.000000,32,277.128,-160.000,255,8
1778399205105606,143222592,5380,329.387756,31,266.796,-157.860,255,8
1778399205106037,143232571,5370,328.775513,31,265.094,-160.702,255,8
1778399205106506,143242527,5360,328.163269,32,271.858,-168.800,255,8
1778399205107034,143252510,5350,327.551025,32,270.038,-171.695,255,8
1778399205161706,143262468,5340,326.938782,32,268.188,-174.571,255,8
1778399205162221,143272450,5330,326.326538,32,266.308,-177.427,255,8
1778399205162803,143282404,5321,325.775513,33,272.857,-185.604,255,8
1778399205163346,143292387,5311,325.163269,33,270.858,-188.509,255,8
1778399205163781,143302347,5301,324.551025,32,260.682,-185.593,255,8
1778399205178223,143312325,5291,323.938782,32,258.684,-188.368,255,8
1778399205178660,143322286,5281,323.326508,32,256.657,-191.121,255,8
1778399205191439,143332268,5271,322.714294,33,262.556,-199.911,255,8
1778399205197892,143342226,5261,322.102051,33,260.405,-202.705,255,8
1778399205249366,143352210,5252,321.551025,33,258.444,-205.200,255,8
1778399205249934,143362169,5242,320.938782,33,256.236,-207.950,255,8
1778399205250410,143372150,5232,320.326538,33,253.999,-210.676,255,8
1778399205250882,143382109,5222,319.714294,33,251.734,-213.378,255,8
1778399205251310,143392092,5212,319.102051,33,249.439,-216.056,255,8
1778399205266835,143402054,5202,318.489777,34,254.605,-225.336,255,8
1778399205267466,143412036,5192,317.877563,34,252.183,-228.044,255,8
1778399205280609,143421991,5183,317.326538,34,249.978,-230.459,255,8
1778399205286200,143431971,5173,316.714294,34,247.501,-233.116,255,8
1778399205330640,143441923,5163,316.102051,34,244.996,-235.748,255,8
1778399205331189,143451904,5153,315.489807,35,249.594,-245.363,255,8
1778399205331774,143461860,5143,314.877533,34,239.902,-240.930,255,8
1778399205332234,143471846,5133,314.265320,34,237.314,-243.479,255,8
1778399205346116,143481793,5124,313.714264,34,234.961,-245.750,255,8
1778399205346735,143491787,5114,313.102051,34,232.322,-248.247,255,8
1778399205389355,143501734,5104,312.489807,34,229.656,-250.715,255,8
1778399205389778,143511723,5094,311.877533,34,226.964,-253.155,255,8
1778399205390367,143521684,5084,311.265320,33,217.650,-248.049,255,8
1778399205390716,143531671,5075,310.714294,34,221.778,-257.710,255,8
1778399205405217,143541627,5065,310.102051,34,219.011,-260.065,255,8
1778399205405688,143551606,5055,309.489807,33,209.861,-254.673,255,8
1778399205417129,143561565,5045,308.877533,33,207.127,-256.901,255,8
1778399205432743,143571551,5036,308.326538,33,204.647,-258.881,255,8
1778399205433631,143581512,5026,307.714294,32,195.752,-253.143,255,8
1778399205487757,143591494,5016,307.102020,33,199.068,-263.196,255,8
1778399205488272,143601452,5006,306.489807,33,196.244,-265.308,255,8
1778399205488832,143611436,4996,305.877563,33,193.398,-267.389,255,8
1778399205489322,143621401,4987,305.326538,33,190.818,-269.237,255,8
1778399205489782,143631384,4977,304.714294,33,187.930,-271.261,255,8
1778399205505451,143641340,4967,304.102020,32,179.414,-264.973,255,8
1778399205505925,143651323,4957,303.489807,32,176.572,-266.875,255,8
1778399205561425,143661280,4948,302.938782,32,173.998,-268.561,255,8
1778399205561977,143671266,4938,302.326538,32,171.118,-270.405,255,8
1778399205562422,143681226,4928,301.714294,32,168.219,-272.218,255,8
1778399205562859,143691208,4918,301.102051,32,165.300,-274.000,255,8
1778399205563305,143701164,4908,300.489777,31,157.289,-267.133,255,8
1778399205563744,143711153,4899,299.938782,32,159.704,-277.299,255,8
1778399205578516,143721111,4889,299.326508,32,156.731,-278.990,255,8
1778399205617602,143731097,4879,298.714294,32,153.742,-280.648,255,8
1778399205618320,143741054,4870,298.163269,32,151.035,-282.114,255,8
1778399205618770,143751034,4860,297.551025,31,143.387,-274.846,255,8
1778399205619348,143760995,4850,296.938782,32,144.972,-285.277,255,8
1778399205633020,143770978,4840,296.326538,32,141.916,-286.810,255,8
1778399205633490,143780934,4830,295.714294,31,134.504,-279.300,255,8
1778399205674308,143790916,4821,295.163269,31,131.812,-280.581,255,8
1778399205674759,143800874,4811,294.551025,31,128.806,-281.973,255,8
1778399205675112,143810848,4801,293.938782,32,129.843,-292.473,255,8
1778399205675456,143820808,4792,293.387756,32,127.025,-293.709,255,8
1778399205690379,143830799,4782,292.775513,31,120.008,-285.829,255,8
1778399205691276,143840754,4772,292.163269,32,120.719,-296.356,255,8
1778399205735341,143850738,4762,291.551025,31,113.872,-288.328,255,8
1778399205735879,143860692,4752,290.938782,31,110.785,-289.528,255,8
1778399205736483,143870672,4743,290.387756,31,107.995,-290.581,255,8
1778399205736983,143880628,4733,289.775513,31,104.884,-291.718,255,8
1778399205756364,143890611,4723,289.163269,31,101.761,-292.822,255,8
1778399205756886,143900564,4714,288.612244,31,98.940,-293.787,255,8
1778399205813221,143910552,4704,288.000000,31,95.795,-294.828,255,8
1778399205813743,143920509,4694,287.387756,30,89.651,-286.291,255,8
1778399205814204,143930495,4684,286.775513,31,89.473,-296.807,255,8
1778399205814572,143940456,4675,286.224487,30,83.820,-288.052,255,8
1778399205815008,143950438,4665,285.612244,30,80.738,-288.932,255,8
1778399205815429,143960401,4655,285.000000,31,80.234,-299.437,255,8
1778399205831236,143970386,4646,284.448975,30,74.855,-290.511,255,8
1778399205831719,143980344,4636,283.836731,30,71.747,-291.294,255,8
1778399205877130,143990326,4626,283.224487,30,68.630,-292.044,255,8
1778399205877730,144000282,4616,282.612244,30,65.506,-292.761,255,8
1778399205878236,144010273,4607,282.061218,31,64.777,-303.157,255,8
1778399205878678,144020230,4597,281.448975,31,61.534,-303.832,255,8
1778399205879359,144030215,4587,280.836731,31,58.283,-304.472,255,8
1778399205897224,144040168,4578,280.285706,31,55.353,-305.018,255,8
1778399205950739,144050149,4568,279.673462,31,52.090,-305.592,255,8
1778399205951212,144060109,4558,279.061218,31,48.822,-306.131,255,8
1778399205951601,144070093,4549,278.510193,31,45.875,-306.587,255,8
1778399205951993,144080054,4539,277.897980,31,42.597,-307.059,255,8
1778399205952397,144090040,4529,277.285706,31,39.313,-307.497,255,8
1778399205952979,144100002,4520,276.734680,31,36.354,-307.861,255,8
1778399205968234,144109986,4510,276.122467,31,33.063,-308.232,255,8
1778399205968620,144119947,4500,275.510193,31,29.767,-308.568,255,8
1778399206009349,144129932,4491,274.959198,31,26.798,-308.840,255,8
1778399206009697,144139891,4481,274.346924,31,23.497,-309.108,255,8
1778399206010093,144149879,4471,273.734680,31,20.192,-309.342,255,8
1778399206010460,144159833,4462,273.183685,30,16.661,-299.537,255,8
1778399206024672,144169823,4452,272.571411,31,13.908,-309.688,255,8
1778399206039685,144179778,4442,271.959198,30,10.256,-299.825,255,8
1778399206040045,144189761,4433,271.408173,30,7.372,-299.909,255,8
1778399206095552,144199727,4423,270.795898,30,4.167,-299.971,255,8
1778399206096030,144209706,4413,270.183685,30,0.962,-299.998,255,8
1778399206096508,144219664,4404,269.632629,31,-1.988,-309.994,255,8
1778399206096852,144229640,4394,269.020416,30,-5.129,-299.956,255,8
1778399206097199,144239602,4384,268.408173,30,-8.334,-299.884,255,8
1778399206097673,144249589,4375,267.857147,30,-11.217,-299.790,255,8
1778399206148501,144259555,4365,267.244904,31,-14.901,-309.642,255,8
1778399206149025,144269542,4356,266.693878,31,-17.878,-309.484,255,8
1778399206149418,144279504,4346,266.081635,31,-21.184,-309.275,255,8
1778399206149788,144289492,4336,265.469391,31,-24.487,-309.031,255,8
1778399206150194,144299455,4327,264.918365,31,-27.458,-308.782,255,8
1778399206165036,144309435,4317,264.306122,32,-31.748,-318.421,255,8
1778399206166554,144319405,4308,263.755096,31,-33.721,-308.160,255,8
1778399206179190,144329395,4298,263.142853,30,-35.818,-297.854,255,8
1778399206186369,144339357,4288,262.530609,30,-38.999,-297.454,255,8
1778399206233961,144349338,4279,261.979584,30,-41.858,-297.066,255,8
1778399206234578,144359300,4269,261.367340,31,-46.531,-306.488,255,8
1778399206234971,144369285,4259,260.755127,31,-49.803,-305.973,255,8
1778399206235335,144379241,4250,260.204071,30,-51.042,-295.626,255,8
1778399206235906,144389227,4240,259.591827,30,-54.198,-295.064,255,8
1778399206249861,144399184,4231,259.040802,31,-58.934,-304.346,255,8
1778399206287982,144409168,4221,258.428558,30,-60.177,-293.903,255,8
1778399206288473,144419126,4211,257.816345,31,-65.424,-303.018,255,8
1778399206288942,144429111,4202,257.265289,31,-68.336,-302.374,255,8
1778399206289298,144439073,4192,256.653076,31,-71.562,-301.627,255,8
1778399206304043,144449064,4182,256.040833,32,-77.194,-310.550,255,8
1778399206305254,144459020,4173,255.489792,31,-77.671,-300.112,255,8
1778399206321574,144469000,4163,254.877548,32,-83.483,-308.919,255,8
1778399206328457,144478962,4154,254.326523,31,-83.748,-298.473,255,8
1778399206377892,144488946,4144,253.714294,32,-89.737,-307.160,255,8
1778399206378397,144498897,4135,253.163254,31,-89.790,-296.712,255,8
1778399206378795,144508878,4125,252.551025,32,-95.954,-305.275,255,8
1778399206379230,144518832,4116,252.000000,31,-95.795,-294.828,255,8
1778399206379642,144528812,4106,251.387772,31,-98.940,-293.787,255,8
1778399206393684,144538768,4096,250.775513,32,-105.366,-302.155,255,8
1778399206394375,144548757,4087,250.224487,31,-104.884,-291.718,255,8
1778399206449884,144558715,4077,249.612244,32,-111.479,-299.954,255,8
1778399206450354,144568698,4068,249.061218,32,-114.358,-298.868,255,8
1778399206450759,144578654,4058,248.448990,35,-128.565,-325.532,255,8
1778399206451134,144588634,4048,247.836731,37,-139.581,-342.662,255,8
1778399206451475,144598584,4039,247.285721,37,-142.870,-341.303,255,8
1778399206467020,144608570,4029,246.673477,37,-146.509,-339.757,255,8
1778399206467404,144618523,4020,246.122437,37,-149.770,-338.333,255,8
1778399206509886,144628509,4010,245.510208,37,-153.377,-336.713,255,8
1778399206510477,144638470,4001,244.959183,37,-156.608,-335.222,255,8
1778399206511004,144648455,3991,244.346939,37,-160.181,-333.530,255,8
1778399206511534,144658415,3982,243.795914,37,-163.381,-331.974,255,8
1778399206527103,144668403,3972,243.183685,37,-166.919,-330.209,255,8
1778399206527733,144678364,3963,242.632645,37,-170.087,-328.589,255,8
1778399206577197,144688351,3953,242.020416,37,-173.588,-326.752,255,8
1778399206577662,144698308,3944,241.469391,37,-176.722,-325.068,255,8
1778399206578104,144708301,3934,240.857132,37,-180.186,-323.161,255,8
1778399206578650,144718261,3925,240.306122,37,-183.285,-321.413,255,8
1778399206579043,144728248,3915,239.693878,38,-191.756,-328.070,255,8
1778399206593655,144738210,3906,239.142853,38,-194.902,-326.211,255,8
1778399206594125,144748201,3896,238.530609,38,-198.376,-324.109,255,8
1778399206609666,144758162,3887,237.979599,38,-201.484,-322.187,255,8
1778399206657362,144768146,3877,237.367340,38,-204.915,-320.015,255,8
1778399206657874,144778099,3868,236.816330,38,-207.983,-318.030,255,8
1778399206658410,144788092,3858,236.204086,38,-211.370,-315.789,255,8
1778399206658896,144798049,3849,235.653076,38,-214.397,-313.742,255,8
1778399206659406,144808029,3840,235.102036,39,-223.126,-319.867,255,8
1778399206675587,144817986,3830,234.489807,39,-226.531,-317.465,255,8
1778399206676027,144827969,3821,233.938766,39,-229.573,-315.271,255,8
1778399206688703,144837930,3811,233.326523,39,-232.929,-312.800,255,8
1778399206701927,144847912,3802,232.775513,39,-235.926,-310.546,255,8
1778399206702390,144857868,3792,232.163254,39,-239.231,-308.007,255,8
1778399206745223,144867860,3783,231.612244,39,-242.182,-305.692,255,8
1778399206745681,144877816,3774,231.061234,39,-245.111,-303.349,255,8
1778399206746100,144887798,3764,230.448990,39,-248.338,-300.713,255,8
1778399206746452,144897759,3755,229.897949,40,-257.660,-305.959,255,8
1778399206799816,144907749,3745,229.285721,40,-260.915,-303.189,255,8
1778399206800223,144917709,3736,228.734680,40,-263.819,-300.665,255,8
1778399206800593,144927700,3727,228.183670,41,-273.365,-305.567,255,8
1778399206800945,144937653,3717,227.571426,43,-290.108,-317.391,255,8
1778399206801358,144947644,3708,227.020416,43,-293.147,-314.587,255,8
1778399206801786,144957602,3699,226.469376,43,-296.159,-311.753,255,8
1778399206816129,144967590,3689,225.857147,43,-299.473,-308.570,255,8
1778399206827119,144977548,3680,225.306122,42,-295.394,-298.567,255,8
1778399206838211,144987530,3671,224.755096,41,-291.150,-288.672,255,8
1778399206840076,144997487,3661,224.142853,41,-294.218,-285.544,255,8
1778399206888562,145007470,3652,223.591843,41,-296.951,-282.702,255,8
1778399206888999,145017428,3643,223.040802,41,-299.656,-279.833,255,8
1778399206889330,145027411,3633,222.428574,41,-302.629,-276.615,255,8
1778399206889715,145037366,3624,221.877548,41,-305.275,-273.692,255,8
1778399206890053,145047351,3615,221.326538,41,-307.893,-270.743,255,8
1778399206905494,145057306,3606,220.775528,41,-310.482,-267.770,255,8
1778399206946698,145067282,3596,220.163269,41,-313.326,-264.437,255,8
1778399206947261,145077239,3587,219.612244,41,-315.855,-261.411,255,8
1778399206947948,145087231,3578,219.061218,41,-318.354,-258.362,255,8
1778399206948595,145097185,3569,218.510208,41,-320.824,-255.288,255,8
1778399206949038,145107176,3559,217.897964,40,-315.642,-245.703,255,8
1778399206962718,145117133,3550,217.346924,40,-317.991,-242.656,255,8
1778399206969362,145127115,3541,216.795914,40,-320.310,-239.587,255,8
1778399206981008,145137070,3532,216.244904,40,-322.599,-236.495,255,8
1778399207023510,145147051,3522,215.632660,40,-325.108,-233.035,255,8
1778399207023914,145157005,3513,215.081635,40,-327.334,-229.897,255,8
1778399207024295,145166990,3504,214.530609,40,-329.529,-226.739,255,8
1778399207024654,145176943,3495,213.979599,40,-331.695,-223.559,255,8
1778399207039537,145186924,3486,213.428558,40,-333.829,-220.359,255,8
1778399207040276,145196875,3476,212.816330,40,-336.165,-216.779,255,8
1778399207085413,145206864,3467,212.265305,40,-338.234,-213.536,255,8
1778399207086048,145216817,3458,211.714294,40,-340.272,-210.274,255,8
1778399207086398,145226801,3449,211.163254,40,-342.279,-206.991,255,8
1778399207086758,145236753,3440,210.612244,40,-344.253,-203.690,255,8
1778399207087783,145246733,3430,210.000000,40,-346.410,-200.000,255,8
1778399207102566,145256688,3421,209.448975,40,-348.318,-196.659,255,8
1778399207119083,145266669,3412,208.897964,40,-350.193,-193.301,255,8
1778399207119558,145276618,3403,208.346939,40,-352.035,-189.924,255,8
1778399207159601,145286606,3394,207.795929,40,-353.846,-186.530,255,8
1778399207160173,145296564,3385,207.244888,40,-355.623,-183.118,255,8
1778399207160590,145306543,3375,206.632660,40,-357.560,-179.307,255,8
1778399207160943,145316496,3366,206.081635,40,-359.267,-175.861,255,8
1778399207176502,145326471,3357,205.530624,40,-360.942,-172.397,255,8
1778399207177056,145336424,3348,204.979584,40,-362.583,-168.918,255,8
1778399207216858,145346393,3338,204.367355,41,-373.477,-169.160,255,8
1778399207217548,145356340,3329,203.816315,41,-375.086,-165.560,255,8
1778399207218085,145366326,3320,203.265305,40,-367.474,-157.996,255,8
1778399207218546,145376278,3311,202.714279,40,-368.977,-154.454,255,8
1778399207267874,145386250,3302,202.163269,42,-388.967,-158.444,255,8
1778399207268556,145396199,3293,201.612259,40,-371.879,-147.329,255,8
1778399207269105,145406177,3284,201.061218,41,-382.611,-147.340,255,8
1778399207269774,145416126,3274,200.448990,42,-393.533,-146.737,255,8
1778399207270276,145426099,3265,199.897949,42,-394.926,-142.945,255,8
1778399207286275,145436055,3256,199.346939,41,-386.847,-135.828,255,8
1778399207286695,145446030,3247,198.795914,40,-378.669,-128.879,255,8
1778399207332961,145455983,3238,198.244904,40,-379.891,-125.232,255,8
1778399207333497,145465958,3229,197.693863,41,-390.605,-124.612,255,8
1778399207333907,145475911,3220,197.142853,41,-391.785,-120.850,255,8
1778399207334344,145485888,3210,196.530609,41,-393.054,-116.656,255,8
1778399207335304,145495840,3201,195.979599,42,-403.771,-115.624,255,8
1778399207349967,145505814,3192,195.428589,42,-404.864,-111.736,255,8
1778399207355487,145515762,3183,194.877548,42,-405.920,-107.837,255,8
1778399207405481,145525737,3174,194.326538,41,-397.250,-101.454,255,8
1778399207405995,145535688,3165,193.775497,41,-398.207,-97.628,255,8
1778399207406441,145545670,3156,193.224487,41,-399.127,-93.794,255,8
1778399207406855,145555617,3147,192.673462,41,-400.011,-89.952,255,8
1778399207407279,145565591,3138,192.122452,42,-410.634,-88.201,255,8
1778399207460429,145575546,3129,191.571442,42,-411.464,-84.248,255,8
1778399207460838,145585523,3120,191.020401,42,-412.255,-80.287,255,8
1778399207461226,145595474,3111,190.469391,42,-413.008,-76.318,255,8
1778399207461586,145605450,3102,189.918365,43,-423.573,-74.065,255,8
1778399207461948,145615403,3092,189.306122,43,-424.341,-69.535,255,8
1778399207476922,145625384,3083,188.755096,43,-424.990,-65.451,255,8
1778399207477326,145635339,3074,188.204086,43,-425.599,-61.361,255,8
1778399207488239,145645318,3065,187.653076,36,-356.793,-47.943,255,8
1778399207498563,145655270,3056,187.102036,35,-347.315,-43.273,255,8
1778399207543622,145665254,3047,186.551025,34,-337.780,-38.790,255,8
1778399207544121,145675207,3038,186.000000,34,-338.137,-35.540,255,8
1778399207544562,145685188,3029,185.448990,34,-338.464,-32.286,255,8
1778399207544966,145695139,3020,184.897949,34,-338.758,-29.030,255,8
1778399207545349,145705112,3010,184.285721,35,-349.021,-26.156,255,8
1778399207560984,145715070,3001,183.734680,34,-339.278,-22.146,255,8
1778399207565211,145725046,2992,183.183670,34,-339.475,-18.883,255,8
1778399207614068,145735003,2983,182.632660,34,-339.641,-15.617,255,8
1778399207614501,145744983,2974,182.081635,34,-339.776,-12.350,255,8
1778399207614891,145754939,2965,181.530624,34,-339.879,-9.082,255,8
1778399207615468,145764925,2956,180.979584,35,-349.949,-5.984,255,8
1778399207615945,145774884,2947,180.428574,35,-349.990,-2.618,255,8
1778399207631548,145784864,2938,179.877548,35,-349.999,0.748,255,8
1778399207632419,145794822,2929,179.326523,35,-349.976,4.114,255,8
1778399207690301,145804806,2920,178.775513,36,-359.918,7.693,255,8
1778399207690968,145814764,2910,178.163269,35,-349.820,11.218,255,8
1778399207691413,145824742,2901,177.612244,35,-349.696,14.582,255,8
1778399207691965,145834700,2892,177.061218,35,-349.540,17.944,255,8
1778399207692426,145844684,2883,176.510193,35,-349.351,21.305,255,8
1778399207692805,145854636,2874,175.959183,36,-359.105,25.368,255,8
1778399207708564,145864616,2865,175.408173,35,-348.877,28.020,255,8
1778399207749231,145874572,2856,174.857147,35,-348.591,31.374,255,8
1778399207750162,145884551,2847,174.306122,36,-358.224,35.717,255,8
1778399207750584,145894505,2838,173.755096,36,-357.864,39.160,255,8
1778399207751077,145904479,2829,173.204071,36,-357.471,42.600,255,8
1778399207751525,145914435,2820,172.653061,36,-357.044,46.036,255,8
1778399207767937,145924412,2810,172.040817,36,-356.532,49.848,255,8
1778399207779824,145934361,2801,171.489792,36,-356.036,53.275,255,8
1778399207781105,145944334,2792,170.938782,36,-355.507,56.696,255,8
1778399207820187,145954290,2783,170.387756,37,-364.805,61.782,255,8
1778399207820595,145964264,2774,169.836731,37,-364.194,65.288,255,8
1778399207820936,145974214,2765,169.285706,37,-363.550,68.787,255,8
1778399207821232,145984187,2756,168.734695,37,-362.871,72.280,255,8
1778399207835880,145994135,2747,168.183685,37,-362.159,75.767,255,8
1778399207877636,146004109,2738,167.632660,37,-361.414,79.246,255,8
1778399207878317,146014059,2729,167.081635,37,-360.635,82.718,255,8
1778399207878811,146024031,2720,166.530609,37,-359.823,86.183,255,8
1778399207879218,146033979,2711,165.979584,37,-358.978,89.639,255,8
1778399207880045,146043957,2702,165.428574,38,-367.777,95.603,255,8
1778399207893221,146053903,2693,164.877548,37,-357.187,96.527,255,8
1778399207936425,146063879,2684,164.326538,37,-356.242,99.957,255,8
1778399207936859,146073830,2674,163.714279,37,-355.154,103.758,255,8
1778399207937270,146083811,2665,163.163269,37,-354.140,107.169,255,8
1778399207937641,146093769,2656,162.612244,37,-353.093,110.570,255,8
1778399207941421,146103739,2648,162.122437,37,-352.134,113.584,255,8
1778399207955420,146113700,2638,161.510208,37,-350.901,117.340,255,8
1778399207967084,146123676,2629,160.959183,37,-349.756,120.709,255,8
1778399208011158,146133630,2620,160.408157,38,-358.000,127.421,255,8
1778399208011728,146143609,2612,159.918365,37,-347.506,127.043,255,8
1778399208012225,146153561,2602,159.306122,37,-346.128,130.749,255,8
1778399208012625,146163544,2594,158.816330,37,-344.998,133.703,255,8
1778399208013053,146173497,2584,158.204086,37,-343.550,137.382,255,8
1778399208028463,146183477,2576,157.714294,38,-351.616,144.106,255,8
1778399208028868,146193432,2566,157.102051,38,-350.056,147.855,255,8
1778399208071289,146203414,2558,156.612244,38,-348.779,150.842,255,8
1778399208071819,146213369,2549,156.061218,38,-347.312,154.189,255,8
1778399208072287,146223345,2540,155.510208,42,-382.215,174.103,255,8
1778399208072649,146233294,2531,154.959183,43,-389.583,182.003,255,8
1778399208087273,146243268,2522,154.408157,43,-387.814,185.742,255,8
1778399208087951,146253226,2513,153.857147,42,-377.033,185.056,255,8
1778399208100503,146263206,2504,153.306122,42,-375.236,188.674,255,8
1778399208154404,146273166,2495,152.755096,41,-364.514,187.696,255,8
1778399208155289,146283153,2486,152.204086,38,-336.153,177.203,255,8
1778399208155745,146293107,2477,151.653061,38,-334.434,180.428,255,8
1778399208156114,146303088,2468,151.102036,38,-332.683,183.635,255,8
1778399208156465,146313036,2460,150.612244,38,-331.101,186.473,255,8
1778399208157355,146323024,2451,150.061218,38,-329.292,189.648,255,8
1778399208205984,146332978,2442,149.510208,38,-327.453,192.806,255,8
1778399208206398,146342960,2433,148.959183,39,-334.152,201.103,255,8
1778399208206838,146352913,2424,148.408157,39,-332.203,204.307,255,8
1778399208207221,146362900,2415,147.857147,41,-347.157,218.133,255,8
1778399208207539,146372853,2406,147.306122,43,-361.874,232.265,255,8
1778399208222389,146382844,2397,146.755096,43,-359.624,235.734,255,8
1778399208229191,146392803,2388,146.204086,42,-349.030,233.619,255,8
1778399208240761,146402777,2379,145.653061,42,-346.767,236.965,255,8
1778399208246997,146412740,2370,145.102036,42,-344.472,240.289,255,8
1778399208301053,146422720,2362,144.612244,41,-334.253,237.434,255,8
1778399208301542,146432672,2353,144.061218,41,-331.954,240.637,255,8
1778399208301963,146442648,2344,143.510208,41,-329.625,243.819,255,8
1778399208302381,146452603,2335,142.959183,41,-327.265,246.977,255,8
1778399208302951,146462578,2326,142.408157,41,-324.874,250.113,255,8
1778399208319770,146472534,2318,141.918365,40,-314.853,246.713,255,8
1778399208320195,146482510,2309,141.367355,40,-312.466,249.730,255,8
1778399208327393,146492462,2300,140.816330,40,-310.050,252.723,255,8
1778399208339207,146502439,2291,140.265305,40,-307.605,255.693,255,8
1778399208345492,146512394,2282,139.714279,40,-305.132,258.640,255,8
1778399208392560,146522374,2273,139.163254,40,-302.630,261.562,255,8
1778399208393018,146532324,2265,138.673462,40,-300.383,264.140,255,8
1778399208393522,146542298,2256,138.122452,40,-297.829,267.016,255,8
1778399208393932,146552259,2247,137.571426,40,-295.248,269.868,255,8
1778399208395048,146562236,2238,137.020416,40,-292.639,272.695,255,8
1778399208412293,146572186,2229,136.469391,40,-290.003,275.497,255,8
1778399208458709,146582160,2220,135.918365,40,-287.340,278.273,255,8
1778399208459182,146592118,2212,135.428574,40,-284.950,280.719,255,8
1778399208459544,146602098,2203,134.877548,39,-275.182,276.360,255,8
1778399208459878,146612048,2194,134.326523,39,-272.511,278.994,255,8
1778399208460222,146622029,2185,133.775513,39,-269.816,281.602,255,8
1778399208476293,146631988,2176,133.224487,39,-267.095,284.184,255,8
1778399208476669,146641971,2168,132.734695,39,-264.656,286.456,255,8
1778399208523418,146651927,2159,132.183670,39,-261.889,288.988,255,8
1778399208523904,146661907,2150,131.632660,39,-259.097,291.494,255,8
1778399208524381,146671857,2142,131.142853,39,-256.596,293.698,255,8
1778399208524825,146681849,2133,130.591827,39,-253.760,296.152,255,8
1778399208525250,146691800,2124,130.040817,39,-250.900,298.579,255,8
1778399208540053,146701779,2115,129.489792,39,-248.017,300.978,255,8
1778399208581711,146711737,2106,128.938782,39,-245.111,303.349,255,8
1778399208582487,146721721,2098,128.448990,39,-242.509,305.433,255,8
1778399208583054,146731673,2089,127.897964,39,-239.560,307.751,255,8
1778399208583617,146741652,2080,127.346939,39,-236.590,310.041,255,8
1778399208584134,146751611,2071,126.795914,38,-227.607,304.294,255,8
1778399208599750,146761587,2063,126.306122,38,-224.998,306.229,255,8
1778399208606998,146771539,2054,125.755104,38,-222.042,308.378,255,8
1778399208673521,146781517,2045,125.204079,38,-219.066,310.499,255,8
1778399208674062,146791465,2036,124.653053,38,-216.070,312.592,255,8
1778399208674584,146801446,2028,124.163261,38,-213.390,314.428,255,8
1778399208675095,146811395,2019,123.612244,38,-210.356,316.465,255,8
1778399208675550,146821381,2010,123.061218,38,-207.303,318.474,255,8
1778399208675955,146831333,2002,122.571426,38,-204.573,320.234,255,8
1778399208676386,146841306,1993,122.020401,38,-201.484,322.187,255,8
1778399208693716,146851259,1984,121.469391,38,-198.376,324.109,255,8
1778399208694140,146861236,1976,120.979591,38,-195.598,325.793,255,8
1778399208704228,146871190,1967,120.428566,38,-192.456,327.659,255,8
1778399208716424,146881171,1958,119.877556,38,-189.296,329.495,255,8
1778399208765281,146891120,1950,119.387749,38,-186.473,331.101,255,8
1778399208765889,146901102,1941,118.836731,38,-183.280,332.879,255,8
1778399208766392,146911053,1933,118.346939,38,-180.428,334.434,255,8
1778399208766733,146921036,1924,117.795914,38,-177.203,336.153,255,8
1778399208767126,146930991,1915,117.244904,38,-173.962,337.842,255,8
1778399208821102,146940968,1907,116.755096,38,-171.068,339.317,255,8
1778399208821577,146950919,1898,116.204079,38,-167.796,340.946,255,8
1778399208821935,146960893,1890,115.714287,38,-164.876,342.368,255,8
1778399208822409,146970842,1881,115.163261,38,-161.576,343.938,255,8
1778399208822812,146980814,1872,114.612236,38,-158.260,345.476,255,8
1778399208823199,146990761,1864,114.122444,38,-155.301,346.816,255,8
1778399208840150,147000737,1855,113.571426,38,-151.959,348.294,255,8
1778399208840721,147010682,1847,113.081635,38,-148.976,349.580,255,8
1778399208908215,147020659,1838,112.530609,37,-141.775,341.760,255,8
1778399208908718,147030610,1830,112.040817,37,-138.849,342.959,255,8
1778399208909245,147040590,1821,111.489792,37,-135.544,344.279,255,8
1778399208909615,147050544,1813,111.000000,37,-132.596,345.425,255,8
1778399208910109,147060524,1804,110.448982,37,-129.268,346.684,255,8
1778399208910468,147070476,1796,109.959183,37,-126.300,347.776,255,8
1778399208910776,147080451,1787,109.408165,37,-122.949,348.975,255,8
1778399208927756,147090410,1779,108.918373,37,-119.962,350.013,255,8
1778399208939330,147100390,1770,108.367348,37,-116.590,351.151,255,8
1778399208939775,147110344,1762,107.877556,37,-113.584,352.134,255,8
1778399208994615,147120324,1754,107.387756,36,-107.581,343.550,255,8
1778399208995150,147130284,1745,106.836731,36,-104.272,344.568,255,8
1778399208995750,147140262,1737,106.346939,36,-101.323,345.447,255,8
1778399208996196,147150210,1728,105.795914,36,-97.996,346.405,255,8
1778399208996576,147160198,1720,105.306122,36,-95.031,347.231,255,8
1778399209012371,147170145,1712,104.816330,36,-92.060,348.030,255,8
1778399209012773,147180124,1703,104.265305,36,-88.708,348.899,255,8
1778399209054978,147190078,1695,103.775513,36,-85.723,349.645,255,8
1778399209055453,147200055,1687,103.285713,36,-82.731,350.365,255,8
1778399209055976,147210009,1678,102.734688,36,-79.357,351.144,255,8
1778399209056560,147219991,1670,102.244896,36,-76.353,351.810,255,8
1778399209073752,147229943,1662,101.755104,36,-73.342,352.450,255,8
1778399209074214,147239924,1653,101.204079,36,-69.950,353.139,255,8
1778399209081373,147249875,1645,100.714287,36,-66.928,353.724,255,8
1778399209092465,147259856,1637,100.224495,36,-63.902,354.283,255,8
1778399209138015,147269806,1628,99.673470,36,-60.492,354.881,255,8
1778399209138653,147279786,1620,99.183670,36,-57.456,355.385,255,8
1778399209139199,147289736,1612,98.693878,36,-54.416,355.864,255,8
1778399209139605,147299718,1604,98.204086,36,-51.372,356.316,255,8
1778399209140085,147309673,1595,97.653061,36,-47.943,356.793,255,8
1778399209155521,147319652,1587,97.163269,36,-44.891,357.190,255,8
1778399209197770,147329608,1579,96.673462,36,-41.836,357.561,255,8
1778399209198368,147339585,1571,96.183670,36,-38.778,357.905,255,8
1778399209198787,147349541,1562,95.632652,36,-35.334,358.262,255,8
1778399209199314,147359521,1554,95.142860,36,-32.270,358.551,255,8
1778399209199747,147369474,1546,94.653061,36,-29.204,358.814,255,8
1778399209215488,147379454,1538,94.163261,36,-26.136,359.050,255,8
1778399209217095,147389405,1530,93.673470,36,-23.065,359.260,255,8
1778399209227624,147399387,1522,93.183678,36,-19.993,359.444,255,8
1778399209276451,147409338,1514,92.693878,36,-16.920,359.602,255,8
1778399209276996,147419319,1505,92.142860,36,-13.461,359.748,255,8
1778399209277418,147429268,1497,91.653053,36,-10.385,359.850,255,8
1778399209277837,147439248,1489,91.163261,36,-7.308,359.926,255,8
1778399209278276,147449200,1481,90.673470,36,-4.231,359.975,255,8
1778399209328794,147459182,1472,90.122452,36,-0.769,359.999,255,8
1778399209329284,147469135,1464,89.632652,36,2.308,359.993,255,8
1778399209329747,147479114,1456,89.142860,36,5.385,359.960,255,8
1778399209330197,147489063,1448,88.653061,36,8.462,359.901,255,8
1778399209330620,147499035,1440,88.163269,36,11.539,359.815,255,8
1778399209347912,147508982,1432,87.673470,36,14.614,359.703,255,8
1778399209348409,147518957,1423,87.122452,36,18.073,359.546,255,8
1778399209361590,147528900,1415,86.632652,36,21.145,359.378,255,8
1778399209368618,147538875,1407,86.142853,36,24.217,359.185,255,8
1778399209417748,147548820,1399,85.653061,36,27.286,358.964,255,8
1778399209418248,147558795,1390,85.102043,36,30.737,358.685,255,8
1778399209418628,147568741,1382,84.612244,36,33.802,358.410,255,8
1778399209418987,147578716,1374,84.122452,36,36.865,358.107,255,8
1778399209419326,147588661,1366,83.632652,36,39.925,357.779,255,8
1778399209435634,147598634,1358,83.142860,36,42.982,357.425,255,8
1778399209436138,147608581,1350,82.653061,36,46.036,357.044,255,8
1778399209481709,147618549,1342,82.163269,36,49.086,356.638,255,8
1778399209482258,147628488,1334,81.673470,36,52.133,356.205,255,8
1778399209482892,147638456,1325,81.122452,36,55.556,355.687,255,8
1778399209483511,147648403,1317,80.632652,36,58.595,355.199,255,8
1778399209484700,147658375,1309,80.142853,36,61.629,354.686,255,8
1778399209501950,147668318,1301,79.653061,36,64.659,354.146,255,8
1778399209508073,147678293,1293,79.163261,36,67.684,353.580,255,8
1778399209556497,147688242,1285,78.673470,36,70.704,352.989,255,8
1778399209556966,147698219,1277,78.183670,36,73.719,352.371,255,8
1778399209557386,147708165,1269,77.693878,37,78.860,361.498,255,8
1778399209557771,147718139,1262,77.265305,37,81.562,360.898,255,8
1778399209558085,147728089,1254,76.775505,37,84.644,360.188,255,8
1778399209609037,147738062,1246,76.285713,37,87.720,359.451,255,8
1778399209609551,147748010,1238,75.795914,37,90.789,358.688,255,8
1778399209610021,147757988,1230,75.306122,37,93.852,357.899,255,8
1778399209610382,147767934,1222,74.816322,37,96.908,357.084,255,8
1778399209610745,147777905,1214,74.326530,37,99.957,356.242,255,8
1778399209625546,147787851,1207,73.897957,37,102.619,355.485,255,8
1778399209626015,147797825,1199,73.408157,37,105.654,354.594,255,8
1778399209638228,147807769,1191,72.918365,37,108.682,353.678,255,8
1778399209649205,147817747,1183,72.428574,37,111.701,352.736,255,8
1778399209654761,147827696,1175,71.938774,37,114.712,351.769,255,8
1778399209709723,147837670,1167,71.448982,37,117.715,350.775,255,8
1778399209710239,147847614,1159,70.959183,37,120.709,349.756,255,8
1778399209710674,147857593,1152,70.530609,37,123.322,348.843,255,8
1778399209711099,147866539,1144,70.040817,37,126.300,347.776,255,8
1778399209711595,147877513,1136,69.551018,37,129.268,346.684,255,8
1778399209712280,147887461,1128,69.061226,37,132.227,345.566,255,8
1778399209728085,147897437,1121,68.632652,37,134.808,344.568,255,8
1778399209739006,147907386,1113,68.142853,37,137.749,343.403,255,8
1778399209788089,147917363,1105,67.653061,37,140.679,342.212,255,8
1778399209788712,147927313,1098,67.224487,37,143.235,341.151,255,8
1778399209789144,147937289,1090,66.734695,38,150.096,349.101,255,8
1778399209789503,147947242,1083,66.306122,38,152.703,347.968,255,8
1778399209789815,147957217,1075,65.816330,38,155.672,346.650,255,8
1778399209791635,147967174,1068,65.387756,38,158.261,345.476,255,8
1778399209806986,147977150,1060,64.897957,38,161.208,344.110,255,8
1778399209844636,147987109,1052,64.408165,38,164.144,342.720,255,8
1778399209845202,147997085,1045,63.979591,38,166.703,341.482,255,8
1778399209845659,148007047,1037,63.489796,38,169.616,340.045,255,8
1778399209846129,148017026,1030,63.061222,38,172.155,338.767,255,8
1778399209861177,148026981,1022,62.571430,39,179.651,346.158,255,8
1778399209861675,148036960,1014,62.081631,39,182.603,344.610,255,8
1778399209872188,148046910,1006,61.591839,39,185.542,343.037,255,8
1778399209887186,148056896,999,61.163265,39,188.103,341.639,255,8
1778399209928530,148066841,991,60.673466,39,191.017,340.019,255,8
1778399209929103,148076828,984,60.244900,39,193.555,338.580,255,8
1778399209929516,148086780,976,59.755100,39,196.442,336.913,255,8
1778399209929881,148096761,969,59.326530,37,188.754,318.233,255,8
1778399209930219,148106714,962,58.897957,37,191.129,316.812,255,8
1778399209945196,148116697,954,58.408165,36,188.591,306.649,255,8
1778399209984564,148126648,947,57.979591,36,190.880,305.229,255,8
1778399209985002,148136624,939,57.489796,36,193.482,303.586,255,8
1778399209985308,148146588,932,57.061222,36,195.747,302.131,255,8
1778399209985641,148156567,924,56.571430,36,198.323,300.446,255,8
1778399210000688,148166522,917,56.142857,36,200.565,298.955,255,8
1778399210001069,148176499,910,55.714287,35,197.162,289.184,255,8
1778399210009417,148186464,902,55.224491,35,199.627,287.488,255,8
1778399210020148,148196443,895,54.795921,35,201.772,285.986,255,8
1778399210071298,148206403,887,54.306122,35,204.209,284.251,255,8
1778399210071941,148216387,880,53.877548,35,206.330,282.716,255,8
1778399210072531,148226344,872,53.387756,36,214.703,288.968,255,8
1778399210072985,148236333,865,52.959183,35,210.834,279.372,255,8
1778399210073376,148246296,857,52.469387,34,207.123,269.630,255,8
1778399210089003,148256275,850,52.040813,34,209.134,268.073,255,8
1778399210089635,148266233,843,51.612247,34,211.133,266.501,255,8
1778399210131562,148276226,835,51.122448,35,219.680,272.471,255,8
1778399210132121,148286188,828,50.693878,34,215.378,263.083,255,8
1778399210132643,148296174,820,50.204082,33,211.218,253.549,255,8
1778399210132992,148306133,813,49.775513,34,219.567,259.597,255,8
1778399210148176,148316117,806,49.346939,34,221.502,257.947,255,8
1778399210148644,148326077,799,48.918369,33,216.854,248.745,255,8
1778399210158857,148336062,792,48.489796,33,218.709,247.116,255,8
1778399210210069,148346020,785,48.061226,34,227.234,252.912,255,8
1778399210210539,148356007,777,47.571430,33,222.641,243.579,255,8
1778399210210953,148365966,770,47.142860,33,224.457,241.907,255,8
1778399210211368,148375947,763,46.714287,34,233.117,247.501,255,8
1778399210211723,148385903,756,46.285717,33,228.051,238.522,255,8
1778399210227117,148395886,749,45.857143,33,229.828,236.810,255,8
1778399210227517,148405834,742,45.428574,33,231.593,235.084,255,8
1778399210270642,148415822,734,44.938774,33,233.594,233.096,255,8
1778399210271237,148425782,727,44.510204,33,235.331,231.342,255,8
1778399210271626,148435761,720,44.081635,33,237.055,229.575,255,8
1778399210272013,148445720,713,43.653061,33,238.766,227.796,255,8
1778399210286349,148455704,705,43.163265,33,240.704,225.746,255,8
1778399210286802,148465661,698,42.734695,33,242.386,223.940,255,8
1778399210299154,148475641,691,42.306122,32,236.659,215.389,255,8
1778399210309431,148485597,684,41.877552,33,245.709,220.288,255,8
1778399210352982,148495581,677,41.448982,33,247.350,218.444,255,8
1778399210353499,148505540,670,41.020409,33,248.977,216.588,255,8
1778399210353916,148515530,664,40.653061,32,242.774,208.473,255,8
1778399210354391,148525490,657,40.224491,32,244.326,206.651,255,8
1778399210369732,148535476,650,39.795918,33,253.549,211.218,255,8
1778399210370197,148545433,644,39.428574,33,254.898,209.588,255,8
1778399210406460,148555412,637,39.000000,32,248.687,201.383,255,8
1778399210407128,148565366,630,38.571430,32,250.186,199.517,255,8
1778399210407538,148575352,624,38.204082,32,251.460,197.909,255,8
1778399210407903,148585312,618,37.836735,32,252.724,196.292,255,8
1778399210460679,148595300,612,37.469387,32,253.977,194.668,255,8
1778399210461089,148605260,605,37.040817,32,255.426,192.763,255,8
1778399210461470,148615241,599,36.673470,32,256.657,191.121,255,8
1778399210461832,148625200,592,36.244896,32,258.079,189.196,255,8
1778399210462188,148635186,586,35.877552,33,267.390,193.398,255,8
1778399210477587,148645145,580,35.510204,32,260.484,185.871,255,8
1778399210478014,148655128,574,35.142857,32,261.670,184.197,255,8
1778399210489751,148665087,568,34.775509,32,262.846,182.516,255,8
1778399210495743,148675069,562,34.408165,32,264.011,180.827,255,8
1778399210546071,148685025,555,33.979591,31,257.063,173.258,255,8
1778399210546502,148695008,549,33.612244,31,258.169,171.607,255,8
1778399210547050,148704965,543,33.244896,31,259.264,169.948,255,8
1778399210547511,148714943,537,32.877548,32,268.746,173.711,255,8
1778399210547893,148724899,531,32.510204,32,269.855,171.984,255,8
1778399210600484,148734880,525,32.142857,31,262.485,164.930,255,8
1778399210601000,148744835,520,31.836735,31,263.362,163.525,255,8
1778399210601459,148754811,514,31.469387,31,264.405,161.833,255,8
1778399210601831,148764764,508,31.102039,32,274.000,165.300,255,8
1778399210602224,148774744,503,30.795919,32,274.879,163.834,255,8
1778399210603699,148784700,498,30.489796,32,275.750,162.363,255,8
1778399210620404,148794682,492,30.122450,31,268.136,155.573,255,8
1778399210627213,148804638,487,29.816326,31,268.963,154.139,255,8
1778399210639025,148814617,482,29.510206,31,269.783,152.699,255,8
1778399210684654,148824574,476,29.142859,30,262.022,146.097,255,8
1778399210685062,148834549,471,28.836735,30,262.799,144.695,255,8
1778399210685545,148844508,466,28.530611,31,272.354,148.065,255,8
1778399210686046,148854494,461,28.224489,31,273.141,146.607,255,8
1778399210686437,148864445,456,27.918367,31,273.921,145.146,255,8
1778399210736778,148874425,451,27.612246,31,274.692,143.680,255,8
1778399210737436,148884385,446,27.306122,31,275.456,142.211,255,8
1778399210738042,148894365,441,27.000002,31,276.212,140.737,255,8
1778399210738471,148904324,436,26.693878,31,276.960,139.259,255,8
1778399210738846,148914307,430,26.326530,30,268.884,133.046,255,8
1778399210754573,148924258,425,26.020407,30,269.591,131.607,255,8
1778399210755026,148934235,420,25.714287,30,270.291,130.165,255,8
1778399210791858,148944186,415,25.408163,30,270.982,128.719,255,8
1778399210792277,148954166,410,25.102041,30,271.666,127.270,255,8
1778399210792671,148964118,405,24.795918,30,272.342,125.816,255,8
1778399210793017,148974093,400,24.489798,30,273.011,124.359,255,8
1778399210807669,148984043,395,24.183674,30,273.671,122.899,255,8
1778399210819834,148994028,390,23.877550,30,274.324,121.435,255,8
1778399210869976,149003972,386,23.632654,30,274.840,120.261,255,8
1778399210870443,149013951,384,23.510202,28,256.757,111.695,255,8
1778399210870779,149023907,384,23.510202,28,256.757,111.695,255,8
1778399210871073,149033884,384,23.510202,28,256.757,111.695,255,8
1778399210871344,149043838,384,23.510202,28,256.757,111.695,255,8
1778399210871676,149053820,385,23.571430,28,256.637,111.970,255,8
1778399210885670,149063770,386,23.632654,28,256.518,112.244,255,8
1778399210930359,149073747,387,23.693878,29,265.555,116.536,255,8
1778399210931083,149083699,388,23.755102,29,265.430,116.820,255,8
1778399210931454,149093671,391,23.938774,29,265.054,117.670,255,8
1778399210931761,149103626,395,24.183674,29,264.549,118.802,255,8
1778399210932271,149113604,398,24.367346,29,264.166,119.650,255,8
1778399210947552,149123558,401,24.551022,28,254.686,116.341,255,8
1778399210959265,149133533,406,24.857143,28,254.060,117.700,255,8
1778399210960280,149143485,410,25.102041,29,262.611,123.027,255,8
1778399211011260,149153464,414,25.346939,29,262.082,124.149,255,8
1778399211011817,149163416,418,25.591835,29,261.549,125.268,255,8
1778399211012327,149173392,423,25.897959,28,251.881,122.296,255,8
1778399211012726,149183344,427,26.142859,29,260.332,127.777,255,8
1778399211013101,149193321,431,26.387754,29,259.784,128.889,255,8
1778399211028248,149203272,436,26.693878,29,259.092,130.275,255,8
1778399211029528,149213256,440,26.938774,29,258.532,131.381,255,8
1778399211069275,149223208,444,27.183674,28,249.073,127.916,255,8
1778399211069796,149233185,449,27.489796,28,248.386,129.245,255,8
1778399211070310,149243136,454,27.795918,28,247.692,130.571,255,8
1778399211070655,149253124,458,28.040815,29,255.958,136.329,255,8
1778399211085838,149263080,463,28.346939,29,255.226,137.695,255,8
1778399211097936,149273058,468,28.653059,29,254.486,139.056,255,8
1778399211099036,149283016,473,28.959183,29,253.740,140.414,255,8
1778399211113011,149293001,478,29.265306,29,252.986,141.768,255,8
1778399211156032,149302956,483,29.571430,28,243.528,138.182,255,8
1778399211156674,149312933,488,29.877550,28,242.786,139.481,255,8
1778399211157061,149322889,493,30.183674,29,250.681,145.804,255,8
1778399211157426,149332873,498,30.489796,29,249.899,147.142,255,8
1778399211158275,149342827,503,30.795919,29,249.109,148.475,255,8
1778399211173189,149352811,509,31.163263,28,239.595,144.894,255,8
1778399211214319,149362765,514,31.469387,28,238.817,146.172,255,8
1778399211214724,149372745,519,31.775511,29,246.534,152.712,255,8
1778399211215155,149382695,525,32.142857,29,245.550,154.289,255,8
1778399211215527,149392673,530,32.448978,29,244.722,155.599,255,8
1778399211219698,149402628,536,32.816326,29,243.720,157.165,255,8
1778399211233679,149412605,541,33.122448,29,242.876,158.465,255,8
1778399211240561,149422561,547,33.489796,29,241.855,160.019,255,8
1778399211249978,149431539,553,33.857143,29,240.824,161.566,255,8
1778399211288411,149442492,558,34.163265,29,239.958,162.850,255,8
1778399211288982,149452474,564,34.530613,29,238.909,164.385,255,8
1778399211289436,149462429,570,34.897957,29,237.850,165.914,255,8
1778399211289809,149472410,576,35.265305,29,236.781,167.435,255,8
1778399211303975,149482360,582,35.632652,29,235.703,168.950,255,8
1778399211342776,149492343,588,36.000000,29,234.615,170.458,255,8
1778399211343206,149502292,594,36.367348,29,233.517,171.958,255,8
1778399211343577,149512268,600,36.734695,29,232.410,173.452,255,8
1778399211343918,149522221,606,37.102039,30,239.269,180.971,255,8
1778399211358562,149532204,612,37.469387,30,238.104,182.501,255,8
1778399211358993,149542154,618,37.836735,29,229.031,177.890,255,8
1778399211413420,149552128,624,38.204082,29,227.886,179.355,255,8
1778399211413884,149562082,630,38.571430,30,234.549,187.047,255,8
1778399211414248,149572058,637,39.000000,29,225.372,182.503,255,8
1778399211414592,149582009,643,39.367348,29,224.198,183.944,255,8
1778399211414899,149591988,650,39.795918,30,230.499,192.016,255,8
1778399211415865,149601934,656,40.163265,30,229.263,193.490,255,8
1778399211431307,149611914,663,40.591839,31,235.403,201.706,255,8
1778399211437213,149621871,669,40.959183,30,226.553,196.656,255,8
1778399211487688,149631848,676,41.387753,30,225.076,198.345,255,8
1778399211488380,149641804,683,41.816326,30,223.586,200.023,255,8
1778399211488870,149651784,689,42.183674,30,222.299,201.453,255,8
1778399211489404,149661741,696,42.612244,30,220.786,203.110,255,8
1778399211489844,149671720,703,43.040813,31,226.569,211.581,255,8
1778399211505072,149681676,710,43.469387,30,217.723,206.390,255,8
1778399211505550,149691652,717,43.897957,31,223.379,214.947,255,8
1778399211547974,149701601,724,44.326530,31,221.764,216.611,255,8
1778399211548419,149711583,731,44.755100,30,213.037,211.223,255,8
1778399211548993,149721532,738,45.183674,30,211.451,212.811,255,8
1778399211549450,149731511,745,45.612247,30,209.853,214.387,255,8
1778399211565630,149741465,752,46.040813,31,215.185,223.149,255,8
1778399211566086,149751439,760,46.530613,31,213.270,224.980,255,8
1778399211578423,149761394,767,46.959183,31,211.581,226.569,255,8
1778399211619247,149771374,774,47.387756,30,203.110,220.786,255,8
1778399211619726,149781330,781,47.816326,31,208.168,229.709,255,8
1778399211620117,149791308,789,48.306122,31,206.197,231.480,255,8
1778399211620533,149801266,796,48.734692,32,211.055,240.532,255,8
1778399211636382,149811243,804,49.224491,32,208.991,242.328,255,8
1778399211636879,149821191,811,49.653057,32,207.173,243.884,255,8
1778399211679994,149831172,819,50.142857,32,205.080,245.646,255,8
1778399211680582,149841122,827,50.632656,32,202.973,247.390,255,8
1778399211681047,149851109,834,51.061222,31,194.832,241.124,255,8
1778399211681406,149861061,842,51.551022,32,198.982,250.612,255,8
1778399211683264,149871037,850,52.040813,32,196.832,252.304,255,8
1778399211697253,149880990,858,52.530613,32,194.668,253.977,255,8
1778399211710733,149890971,866,53.020405,32,192.490,255.632,255,8
1778399211715058,149900925,874,53.510204,32,190.297,257.268,255,8
1778399211766761,149910905,882,54.000004,32,188.091,258.885,255,8
1778399211767419,149920863,890,54.489796,32,185.871,260.484,255,8
1778399211768128,149930837,898,54.979591,33,189.376,270.253,255,8
1778399211768753,149940793,906,55.469387,33,187.059,271.862,255,8
1778399211769236,149950777,914,55.959183,33,184.729,273.451,255,8
1778399211784491,149960733,923,56.510208,33,182.090,275.215,255,8
1778399211785113,149970714,931,57.000000,34,185.177,285.148,255,8
1778399211825339,149980671,939,57.489796,34,182.733,286.721,255,8
1778399211825898,149990648,948,58.040813,34,179.967,288.465,255,8
1778399211826432,150000613,956,58.530613,34,177.495,289.993,255,8
1778399211826885,150010596,965,59.081635,34,174.698,291.686,255,8
1778399211841216,150020552,973,59.571426,34,172.198,293.169,255,8
1778399211841729,150030534,982,60.122452,35,174.352,303.482,255,8
1778399211857955,150040487,991,60.673466,34,166.527,296.426,255,8
1778399211900817,150050479,1000,61.224487,33,158.855,289.249,255,8
1778399211901281,150060433,1008,61.714287,32,151.638,281.791,255,8
1778399211901819,150070411,1017,62.265305,32,148.921,283.236,255,8
1778399211902285,150080360,1026,62.816326,32,146.190,284.655,255,8
1778399211902769,150090339,1035,63.367348,32,143.446,286.048,255,8
1778399211920307,150100291,1044,63.918365,37,162.671,332.322,255,8
1778399211920961,150110265,1053,64.469391,37,159.467,333.871,255,8
1778399211968956,150120218,1062,65.020409,37,156.249,335.390,255,8
1778399211969524,150130196,1071,65.571426,37,153.017,336.877,255,8
1778399211969990,150140153,1080,66.122452,36,145.722,329.189,255,8
1778399211970456,150150130,1089,66.673470,36,142.549,330.575,255,8
1778399211970904,150160087,1098,67.224487,36,139.364,331.930,255,8
1778399211988185,150170059,1108,67.836739,36,135.809,333.401,255,8
1778399211990279,150180009,1117,68.387756,36,132.596,334.691,255,8
1778399212050308,150189982,1126,68.938774,36,129.372,335.951,255,8
1778399212050778,150199928,1136,69.551018,36,125.774,337.314,255,8
1778399212051205,150209901,1145,70.102043,36,122.525,338.508,255,8
1778399212051668,150219853,1155,70.714287,36,118.900,339.798,255,8
1778399212051999,150229826,1164,71.265305,36,115.627,340.926,255,8
1778399212052331,150239779,1174,71.877556,35,108.867,332.638,255,8
1778399212067683,150249753,1184,72.489792,35,105.306,333.782,255,8
1778399212069527,150259701,1194,73.102043,35,101.734,334.888,255,8
1778399212087124,150269681,1203,73.653061,35,98.509,335.851,255,8
1778399212134860,150279627,1213,74.265305,35,94.914,336.885,255,8
1778399212135780,150289597,1223,74.877548,35,91.309,337.880,255,8
1778399212136321,150299547,1233,75.489799,35,87.693,338.836,255,8
1778399212136808,150309524,1243,76.102043,35,84.068,339.754,255,8
1778399212137281,150319473,1253,76.714287,35,80.432,340.633,255,8
1778399212138978,150329449,1263,77.326530,35,76.788,341.473,255,8
1778399212156246,150339401,1272,77.877556,35,73.501,342.195,255,8
1778399212208825,150349376,1282,78.489792,35,69.840,342.961,255,8
1778399212209521,150359328,1292,79.102043,35,66.171,343.688,255,8
1778399212209995,150369306,1302,79.714287,35,62.495,344.375,255,8
1778399212210569,150379252,1312,80.326530,35,58.812,345.023,255,8
1778399212211040,150389228,1322,80.938774,34,53.547,335.757,255,8
1778399212211498,150399176,1332,81.551018,35,51.425,346.201,255,8
1778399212229690,150409152,1342,82.163269,35,47.723,346.731,255,8
1778399212230118,150419105,1352,82.775505,34,42.758,337.301,255,8
1778399212290120,150429083,1362,83.387756,34,39.151,337.738,255,8
1778399212290662,150439035,1372,84.000000,34,35.540,338.137,255,8
1778399212291052,150449012,1382,84.612244,34,31.924,338.498,255,8
1778399212291416,150458965,1392,85.224487,34,28.306,338.820,255,8
1778399212291826,150468943,1402,85.836731,34,24.684,339.103,255,8
1778399212292235,150478893,1411,86.387756,34,21.421,339.325,255,8
1778399212308824,150488873,1421,87.000000,34,17.794,339.534,255,8
1778399212309209,150498823,1431,87.612244,34,14.165,339.705,255,8
1778399212317210,150508801,1441,88.224487,34,10.534,339.837,255,8
1778399212330482,150518759,1451,88.836739,34,6.902,339.930,255,8
1778399212376296,150528733,1461,89.448975,34,3.270,339.984,255,8
1778399212376786,150538683,1471,90.061226,34,-0.363,340.000,255,8
1778399212377318,150548657,1481,90.673470,34,-3.996,339.977,255,8
1778399212377834,150558619,1491,91.285713,34,-7.629,339.914,255,8
1778399212378242,150568594,1501,91.897964,34,-11.261,339.813,255,8
1778399212436081,150578540,1510,92.448975,34,-14.528,339.689,255,8
1778399212436517,150588513,1520,93.061226,34,-18.157,339.515,255,8
1778399212437042,150598466,1530,93.673470,34,-21.784,339.301,255,8
1778399212437452,150608445,1540,94.285721,34,-25.408,339.049,255,8
1778399212437853,150618406,1550,94.897957,34,-29.030,338.758,255,8
1778399212438464,150628383,1560,95.510201,34,-32.648,338.429,255,8
1778399212454686,150638348,1570,96.122452,34,-36.262,338.061,255,8
1778399212455807,150648333,1580,96.734695,34,-39.873,337.654,255,8
1778399212515382,150658285,1589,97.285713,34,-43.118,337.255,255,8
1778399212516145,150668269,1599,97.897957,34,-46.719,336.775,255,8
1778399212516674,150678223,1609,98.510208,34,-50.315,336.256,255,8
1778399212517113,150688206,1619,99.122452,34,-53.905,335.700,255,8
1778399212517486,150698160,1629,99.734688,34,-57.489,335.104,255,8
1778399212517890,150708146,1639,100.346947,34,-61.067,334.471,255,8
1778399212533582,150718099,1649,100.959183,34,-64.637,333.799,255,8
1778399212535064,150728074,1658,101.510208,34,-67.844,333.162,255,8
1778399212573484,150738031,1668,102.122444,34,-71.401,332.418,255,8
1778399212573872,150748016,1678,102.734688,34,-74.949,331.636,255,8
1778399212574233,150757968,1688,103.346939,34,-78.488,330.817,255,8
1778399212574636,150767952,1698,103.959183,34,-82.018,329.959,255,8
1778399212589801,150777907,1708,104.571434,34,-85.540,329.064,255,8
1778399212596505,150787886,1717,105.122444,34,-88.700,328.226,255,8
1778399212607517,150797844,1727,105.734695,34,-92.202,327.259,255,8
1778399212648010,150807830,1737,106.346939,34,-95.694,326.256,255,8
1778399212648473,150817774,1747,106.959175,34,-99.175,325.214,255,8
1778399212648878,150827755,1757,107.571426,34,-102.644,324.136,255,8
1778399212649371,150837707,1767,108.183670,34,-106.102,323.021,255,8
1778399212664662,150847688,1776,108.734695,34,-109.203,321.985,255,8
1778399212665078,150857635,1786,109.346931,34,-112.638,320.800,255,8
1778399212709615,150867614,1796,109.959183,34,-116.059,319.578,255,8
1778399212710000,150877567,1806,110.571426,34,-119.467,318.320,255,8
1778399212710460,150887544,1816,111.183670,34,-122.862,317.025,255,8
1778399212710852,150897492,1826,111.795921,34,-126.243,315.694,255,8
1778399212725035,150907466,1836,112.408157,34,-129.609,314.327,255,8
1778399212725411,150917417,1845,112.959183,34,-132.626,313.066,255,8
1778399212737683,150927399,1855,113.571426,34,-135.963,311.631,255,8
1778399212748286,150937353,1865,114.183678,34,-139.285,310.161,255,8
1778399212791777,150947344,1875,114.795914,34,-142.592,308.655,255,8
1778399212792588,150957303,1884,115.346939,34,-145.553,307.269,255,8
1778399212792975,150967282,1894,115.959183,34,-148.828,305.696,255,8
1778399212793386,150977237,1904,116.571434,34,-152.086,304.088,255,8
1778399212793804,150987218,1914,117.183670,34,-155.327,302.446,255,8
1778399212807841,150997170,1924,117.795914,34,-158.550,300.769,255,8
1778399212851896,151007148,1934,118.408165,34,-161.755,299.057,255,8
1778399212852390,151017098,1943,118.959190,34,-164.623,297.488,255,8
1778399212852786,151027071,1953,119.571426,34,-167.793,295.712,255,8
1778399212853112,151037023,1963,120.183670,34,-170.943,293.902,255,8
1778399212853424,151046999,1973,120.795921,34,-174.074,292.059,255,8
1778399212867346,151056953,1982,121.346931,34,-176.874,290.371,255,8
1778399212879618,151066932,1992,121.959183,35,-185.260,296.949,255,8
1778399212885357,151076891,2002,122.571426,35,-188.423,294.952,255,8
1778399212895914,151086871,2012,123.183678,35,-191.564,292.922,255,8
1778399212937065,151096825,2021,123.734688,35,-194.372,291.066,255,8
1778399212937468,151106806,2031,124.346939,35,-197.471,288.973,255,8
1778399212937774,151116763,2041,124.959183,35,-200.547,286.846,255,8
1778399212938082,151126744,2050,125.510208,35,-203.297,284.904,255,8
1778399212989464,151136695,2060,126.122444,35,-206.329,282.716,255,8
1778399212989983,151146679,2070,126.734695,35,-209.339,280.495,255,8
1778399212990688,151156634,2080,127.346939,35,-212.324,278.242,255,8
1778399212991239,151166614,2089,127.897964,35,-214.990,276.187,255,8
1778399212991711,151176569,2099,128.510208,35,-217.929,273.874,255,8
1778399212992227,151186546,2109,129.122452,35,-220.843,271.530,255,8
1778399213008458,151196502,2118,129.673462,35,-223.444,269.393,255,8
1778399213048756,151206486,2128,130.285721,35,-226.310,266.990,255,8
1778399213049271,151216452,2138,130.897964,35,-229.150,264.557,255,8
1778399213049841,151226439,2148,131.510193,35,-231.964,262.093,255,8
1778399213050336,151236396,2157,132.061218,35,-234.473,259.850,255,8
1778399213050909,151246372,2167,132.673477,35,-237.237,257.330,255,8
1778399213065893,151256328,2177,133.285721,36,-246.829,262.060,255,8
1778399213121432,151266309,2186,133.836731,36,-249.338,259.674,255,8
1778399213121915,151276264,2196,134.448975,36,-252.099,256.995,255,8
1778399213122359,151286246,2206,135.061234,36,-254.830,254.286,255,8
1778399213122744,151296204,2215,135.612244,36,-257.264,251.824,255,8
1778399213123171,151306182,2225,136.224487,36,-259.940,249.060,255,8
1778399213123594,151316128,2235,136.836731,36,-262.587,246.269,255,8
1778399213137725,151326098,2244,137.387756,36,-264.943,243.732,255,8
1778399213139222,151336058,2254,138.000000,36,-267.532,240.887,255,8
1778399213184766,151346040,2264,138.612244,36,-270.091,238.015,255,8
1778399213185209,151355996,2273,139.163254,36,-272.367,235.406,255,8
1778399213185578,151365978,2283,139.775513,36,-274.867,232.482,255,8
1778399213185976,151375937,2293,140.387756,37,-285.039,235.908,255,8
1778399213201887,151385915,2302,140.938782,37,-287.295,233.156,255,8
1778399213202339,151395872,2312,141.551010,37,-289.770,230.073,255,8
1778399213208492,151405857,2321,142.102036,37,-291.969,227.275,255,8
1778399213258318,151415808,2331,142.714294,37,-294.381,224.142,255,8
1778399213258765,151425791,2341,143.326538,37,-296.759,220.984,255,8
1778399213259190,151435747,2350,143.877548,37,-298.871,218.120,255,8
1778399213259556,151445742,2360,144.489792,37,-301.184,214.914,255,8
1778399213259947,151455702,2369,145.040817,37,-303.237,212.007,255,8
1778399213275232,151465693,2379,145.653061,38,-313.742,214.397,255,8
1778399213323548,151475648,2388,146.204086,38,-315.789,211.370,255,8
1778399213323966,151485634,2398,146.816315,38,-318.030,207.983,255,8
1778399213324397,151495593,2408,147.428574,38,-320.234,204.573,255,8
1778399213324921,151505575,2417,147.979599,38,-322.187,201.484,255,8
1778399213325288,151515533,2427,148.591843,38,-324.321,198.030,255,8
1778399213329514,151525515,2436,149.142853,38,-326.211,194.902,255,8
1778399213343045,151535470,2446,149.755096,39,-336.913,196.442,255,8
1778399213350839,151545453,2455,150.306122,39,-338.787,193.193,255,8
1778399213360634,151555404,2465,150.918365,39,-340.832,189.562,255,8
1778399213398484,151565383,2474,151.469391,40,-351.425,191.051,255,8
1778399213398887,151575339,2484,152.081635,40,-353.446,187.285,255,8
1778399213399231,151585312,2493,152.632645,40,-355.231,183.878,255,8
1778399213399527,151595263,2503,153.244904,40,-357.176,180.071,255,8
1778399213413950,151605244,2512,153.795929,36,-323.002,158.965,255,8
1778399213460217,151615202,2522,154.408157,36,-324.682,155.505,255,8
1778399213460638,151625187,2531,154.959183,36,-326.162,152.375,255,8
1778399213461126,151635141,2541,155.571426,36,-327.772,148.881,255,8
1778399213461567,151645124,2550,156.122452,36,-329.189,145.722,255,8
1778399213461938,151655080,2560,156.734695,35,-321.540,138.246,255,8
1778399213477781,151665068,2570,157.346939,35,-322.999,134.803,255,8
1778399213478198,151675024,2579,157.897949,35,-324.280,131.690,255,8
1778399213486205,151684999,2588,158.448975,39,-362.735,143.259,255,8
1778399213536233,151694962,2598,159.061234,40,-373.585,142.948,255,8
1778399213536655,151704942,2608,159.673462,40,-375.091,138.948,255,8
1778399213537075,151714900,2617,160.224487,39,-367.000,131.951,255,8
1778399213537400,151724884,2626,160.775513,39,-368.252,128.415,255,8
1778399213537867,151734838,2636,161.387756,39,-369.603,124.473,255,8
1778399213594756,151744828,2645,161.938782,39,-370.783,120.913,255,8
1778399213595216,151754787,2655,162.551025,39,-372.054,116.944,255,8
1778399213595639,151764771,2664,163.102036,39,-373.161,113.361,255,8
1778399213595999,151774733,2673,163.653061,39,-374.234,109.767,255,8
1778399213596348,151784716,2683,164.265305,39,-375.386,105.762,255,8
1778399213596692,151794681,2692,164.816330,38,-366.735,99.527,255,8
1778399213612727,151804663,2702,165.428574,39,-377.456,98.119,255,8
1778399213614580,151814625,2711,165.979584,39,-378.382,94.484,255,8
1778399213630788,151824608,2720,166.530609,39,-379.273,90.841,255,8
1778399213636704,151834571,2730,167.142853,38,-370.473,84.558,255,8
1778399213686989,151844552,2739,167.693878,38,-371.269,80.991,255,8
1778399213687649,151854514,2749,168.306122,38,-372.113,77.019,255,8
1778399213688404,151864499,2758,168.857132,38,-372.836,73.437,255,8
1778399213688885,151874455,2767,169.408157,38,-373.525,69.848,255,8
1778399213689278,151884429,2777,170.020416,38,-374.250,65.853,255,8
1778399213704681,151894384,2786,170.571426,38,-374.866,62.251,255,8
1778399213705137,151904375,2796,171.183670,38,-375.510,58.242,255,8
1778399213747368,151914334,2805,171.734695,38,-376.053,54.628,255,8
1778399213747855,151924313,2814,172.285706,38,-376.561,51.009,255,8
1778399213748289,151934268,2823,172.836731,38,-377.034,47.385,255,8
1778399213748738,151944246,2833,173.448990,38,-377.519,43.353,255,8
1778399213766598,151954191,2842,174.000000,36,-358.028,37.630,255,8
1778399213767101,151964179,2851,174.551010,34,-338.464,32.286,255,8
1778399213780114,151974134,2861,175.163269,34,-338.789,28.668,255,8
1778399213820750,151984115,2870,175.714279,34,-339.049,25.408,255,8
1778399213821121,151994068,2879,176.265305,34,-339.278,22.146,255,8
1778399213821482,152004044,2888,176.816330,34,-339.475,18.883,255,8
1778399213821884,152013998,2898,177.428574,34,-339.658,15.254,255,8
1778399213822608,152023978,2907,177.979584,34,-339.789,11.987,255,8
1778399213838240,152033922,2916,178.530609,34,-339.888,8.719,255,8
1778399213889219,152043902,2926,179.142853,34,-339.962,5.086,255,8
1778399213889660,152053852,2935,179.693878,34,-339.995,1.817,255,8
1778399213890057,152063836,2944,180.244904,33,-329.997,-1.411,255,8
1778399213890429,152073789,2954,180.857147,33,-329.963,-4.937,255,8
1778399213890769,152083770,2963,181.408157,34,-339.897,-8.355,255,8
1778399213891887,152093730,2972,181.959198,34,-339.801,-11.624,255,8
1778399213907704,152103708,2982,182.571426,34,-339.658,-15.254,255,8
1778399213918829,152113659,2991,183.122452,34,-339.495,-18.520,255,8
1778399213991540,152123633,3000,183.673462,34,-339.301,-21.784,255,8
1778399213992027,152133580,3010,184.285721,34,-339.049,-25.408,255,8
1778399213992480,152143558,3019,184.836731,34,-338.789,-28.668,255,8
1778399213993009,152153511,3028,185.387756,34,-338.498,-31.924,255,8
1778399213993466,152163494,3037,185.938782,34,-338.175,-35.178,255,8
1778399213993955,152173450,3047,186.551025,33,-327.845,-37.649,255,8
1778399213994350,152183426,3056,187.102036,34,-337.391,-42.036,255,8
1778399213994724,152193378,3065,187.653076,34,-336.971,-45.279,255,8
1778399214010463,152203355,3075,188.265305,34,-336.468,-48.877,255,8
1778399214011008,152213305,3084,188.816330,34,-335.983,-52.111,255,8
1778399214059780,152223283,3093,189.367340,34,-335.466,-55.340,255,8
1778399214060312,152233249,3102,189.918365,34,-334.918,-58.563,255,8
1778399214060875,152243227,3112,190.530609,34,-334.274,-62.139,255,8
1778399214061403,152253185,3121,191.081650,34,-333.660,-65.351,255,8
1778399214061836,152263163,3130,191.632660,34,-333.017,-68.556,255,8
1778399214080320,152273131,3140,192.244904,34,-332.265,-72.111,255,8
1778399214080826,152283111,3149,192.795914,34,-331.556,-75.303,255,8
1778399214228565,152293070,3158,193.346924,35,-340.547,-80.796,255,8
1778399214228986,152303044,3167,193.897964,34,-330.047,-81.666,255,8
1778399214229415,152313009,3177,194.510208,35,-338.836,-87.693,255,8
1778399214229836,152322990,3186,195.061218,39,-376.603,-101.342,255,8
1778399214230212,152332944,3195,195.612244,39,-375.611,-104.959,255,8
1778399214230565,152342922,3204,196.163269,38,-364.979,-105.783,255,8
1778399214231003,152352881,3214,196.775497,38,-363.828,-109.677,255,8
1778399214231350,152362861,3223,197.326538,38,-362.757,-113.170,255,8
1778399214231729,152372819,3232,197.877548,37,-352.134,-113.584,255,8
1778399214232112,152382799,3242,198.489792,37,-350.901,-117.340,255,8
1778399214232469,152392745,3251,199.040802,39,-368.662,-127.234,255,8
1778399214232784,152402736,3260,199.591843,39,-367.421,-130.774,255,8
1778399214233094,152412689,3269,200.142853,39,-366.146,-134.301,255,8
1778399214233437,152422668,3279,200.755112,39,-364.690,-138.206,255,8
1778399214233778,152432616,3288,201.306122,38,-354.028,-138.073,255,8
1778399214251453,152442597,3297,201.857147,38,-352.684,-141.472,255,8
1778399214251854,152452543,3306,202.408157,38,-351.307,-144.857,255,8
