host_rx_time_us,t_sample_us,angle_tick,angle_deg,distance_cm,x_mm,y_mm,quality,status,m9_keep,m9_reasons
1778399517878981,446543925,627,38.387753,57,446.781,353.959,255,8,1,
1778399517879519,457654746,4330,265.102051,123,-105.019,-1225.508,255,8,1,
1778399517879906,457664717,4338,265.591858,123,-94.539,-1226.361,255,8,1,
1778399517880277,457674650,4347,266.142853,122,-82.068,-1217.237,255,8,1,
1778399517880649,457684625,4356,266.693878,122,-70.358,-1217.970,255,8,1,
1778399517881056,457694554,4365,267.244904,122,-58.642,-1218.590,255,8,1,
1778399517881424,457704528,4374,267.795898,121,-46.536,-1209.105,255,8,1,
1778399517881790,457714455,4382,268.285706,121,-36.198,-1209.458,255,8,1,
1778399517882159,457724429,4391,268.836731,119,-24.159,-1189.755,255,8,1,
1778399517883243,457734357,4400,269.387756,121,-12.929,-1209.931,255,8,1,
1778399517883545,457744332,4409,269.938782,121,-1.293,-1209.999,255,8,1,
1778399517883842,457754258,4417,270.428589,121,9.051,-1209.966,255,8,1,
1778399517884121,457764216,4426,270.979584,120,20.515,-1199.825,255,8,1,
1778399517884392,457774155,4435,271.530609,111,29.649,-1109.604,255,8,1,
1778399517884672,457784144,4444,272.081635,95,34.507,-949.373,255,8,1,
1778399517884941,457794081,4453,272.632660,87,39.961,-869.082,255,8,1,
1778399517885225,457804049,4462,273.183685,86,47.762,-858.673,255,8,1,
1778399517885566,457813985,4470,273.673462,86,55.100,-858.233,255,8,1,
1778399517885934,457823947,4479,274.224487,86,63.351,-857.663,255,8,1,
1778399517943232,457833890,4488,274.775513,90,74.927,-896.876,255,8,1,
1778399517943852,457843856,4497,275.326538,96,89.119,-955.855,255,8,1,
1778399517944497,457853794,4506,275.877563,99,101.379,-984.796,255,8,1,
1778399517944914,457863740,4515,276.428558,99,110.845,-983.775,255,8,1,
1778399517945224,457873673,4524,276.979614,99,120.301,-982.664,255,8,1,
1778399517945598,457883664,4533,277.530609,98,128.435,-971.547,255,8,1,
1778399518001140,457893602,4542,278.081635,95,133.555,-940.565,255,8,1,
1778399518001675,457903569,4551,278.632660,85,127.584,-840.370,255,8,1,
1778399518002139,457913501,4560,279.183655,73,116.508,-720.643,255,8,1,
1778399518002562,457927454,4572,279.918365,56,96.457,-551.630,255,8,1,
1778399518002995,457937388,4581,280.469391,47,85.404,-462.175,255,8,1,
1778399518003379,457947349,4590,281.020416,47,89.845,-461.333,255,8,1,
1778399518033017,457957284,4599,281.571442,46,92.271,-450.651,255,8,1,
1778399518033447,457967241,4608,282.122437,46,96.601,-449.742,255,8,1,
1778399518033840,457977177,4617,282.673462,49,107.503,-478.062,255,8,1,
1778399518051067,457987134,4626,283.224487,53,121.246,-515.945,255,8,1,
1778399518051545,457997069,4635,283.775513,59,140.490,-573.029,255,8,1,
1778399518072664,458007028,4644,284.326538,60,148.469,-581.341,255,8,1,
1778399518073190,458018971,4654,284.938782,60,154.672,-579.721,255,8,1,
1778399518113281,458028908,4664,285.551025,60,160.858,-578.035,255,8,1,
1778399518113813,458038864,4672,286.040802,63,174.083,-605.471,255,8,1,
1778399518114276,458048803,4681,286.591858,83,237.008,-795.441,255,8,1,
1778399518114614,458058761,4690,287.142853,86,253.489,-821.793,255,8,1,
1778399518129327,458068697,4699,287.693878,84,255.302,-800.263,255,8,1,
1778399518141310,458078649,4708,288.244904,82,256.725,-778.776,255,8,1,
1778399518142472,458088592,4717,288.795898,82,264.202,-776.271,255,8,1,
1778399518157319,458098545,4726,289.346954,80,265.030,-754.824,255,8,1,
1778399518168185,458108489,4735,289.897949,80,272.277,-752.240,255,8,1,
1778399518175919,458118449,4744,290.448975,79,276.005,-740.217,255,8,1,
1778399518188725,458128378,4753,291.000000,79,283.111,-737.529,255,8,1,
1778399518198254,458138341,4762,291.551025,79,290.190,-734.772,255,8,1,
1778399518203355,458148280,4771,292.102051,79,297.243,-731.947,255,8,1,
1778399518213339,458158239,4780,292.653046,81,311.971,-747.512,255,8,1,
1778399518229356,458168181,4789,293.204102,82,323.086,-753.668,255,8,1,
1778399518234883,458178140,4798,293.755096,84,338.376,-768.832,255,8,1,
1778399518245509,458188076,4807,294.306122,84,345.754,-765.542,255,8,1,
1778399518256511,458198040,4816,294.857147,84,353.100,-762.181,255,8,1,
1778399518267087,458207978,4825,295.408173,84,360.414,-758.750,255,8,1,
1778399518276329,458217934,4834,295.959198,83,363.317,-746.258,255,8,1,
1778399518289056,458227865,4843,296.510193,77,343.695,-689.038,255,8,1,
1778399518290961,458237825,4852,297.061218,70,318.460,-623.365,255,8,1,
1778399518302237,458247758,4860,297.551025,71,328.402,-629.485,255,8,1,
1778399518312513,458257717,4869,298.102051,78,367.414,-688.046,255,8,1,
1778399518327576,458267654,4878,298.653046,84,402.784,-737.133,255,8,1,
1778399518337924,458277616,4887,299.204071,86,419.613,-750.683,255,8,1,
1778399518344246,458287561,4896,299.755096,87,431.776,-755.295,255,8,1,
1778399518354966,458297532,4905,300.306122,87,439.019,-751.107,255,8,1,
1778399518370577,458307476,4914,300.857147,88,451.351,-755.435,255,8,1,
1778399518371016,458317445,4923,301.408142,89,463.807,-759.594,255,8,1,
1778399518386130,458327386,4932,301.959198,89,471.091,-755.098,255,8,1,
1778399518397429,458337354,4941,302.510193,89,478.330,-750.533,255,8,1,
1778399518399796,458347298,4950,303.061218,88,480.071,-737.518,255,8,1,
1778399518419600,458357263,4959,303.612244,87,481.605,-724.539,255,8,1,
1778399518420021,458367198,4968,304.163269,86,482.936,-711.599,255,8,1,
1778399518433533,458377162,4977,304.714294,85,484.062,-698.702,255,8,1,
1778399518447509,458387112,4986,305.265289,86,496.532,-702.179,255,8,1,
1778399518463128,458397073,4995,305.816345,87,509.114,-705.480,255,8,1,
1778399518463788,458407007,5004,306.367340,87,515.875,-700.552,255,8,1,
1778399518477468,458416970,5013,306.918365,87,522.589,-695.558,255,8,1,
1778399518478974,458426905,5022,307.469391,87,529.254,-690.500,255,8,1,
1778399518494370,458436864,5031,308.020386,87,535.869,-685.379,255,8,1,
1778399518512476,458446796,5040,308.571442,86,536.201,-672.375,255,8,1,
1778399518512973,458456754,5049,309.122437,85,536.333,-659.429,255,8,1,
1778399518526832,458466692,5058,309.673462,84,536.266,-646.544,255,8,1,
1778399518528447,458476656,5067,310.224487,83,536.001,-633.722,255,8,1,
1778399518544306,458486594,5076,310.775513,82,535.540,-620.965,255,8,1,
1778399518561769,458496554,5085,311.326538,81,534.883,-608.276,255,8,1,
1778399518562249,458506494,5094,311.877533,80,534.033,-595.659,255,8,1,
1778399518568804,458516454,5103,312.428589,79,532.990,-583.114,255,8,1,
1778399518578703,458526397,5112,312.979584,78,531.755,-570.645,255,8,1,
1778399518595092,458536367,5121,313.530609,75,516.556,-543.755,255,8,1,
1778399518613241,458546307,5130,314.081635,69,480.021,-495.661,255,8,1,
1778399518613822,458556272,5139,314.632629,68,477.740,-483.906,255,8,1,
1778399518626146,458566208,5148,315.183685,72,510.746,-507.482,255,8,1,
1778399518627482,458576177,5157,315.734680,73,522.764,-509.527,255,8,1,
1778399518637608,458586119,5166,316.285736,73,527.640,-504.476,255,8,1,
1778399518652796,458596080,5175,316.836731,72,525.173,-492.537,255,8,1,
1778399518665341,458606024,5184,317.387756,72,529.886,-487.464,255,8,1,
1778399518667041,458615991,5193,317.938782,71,527.125,-475.646,255,8,1,
1778399518682507,458625930,5202,318.489777,71,531.675,-470.555,255,8,1,
1778399518701280,458635901,5211,319.040833,70,528.624,-458.865,255,8,1,
1778399518701861,458645839,5220,319.591827,69,525.398,-447.278,255,8,1,
1778399518715953,458655805,5229,320.142853,69,529.675,-442.204,255,8,1,
1778399518716503,458665743,5238,320.693878,68,526.165,-430.755,255,8,1,
1778399518757997,458675712,5247,321.244904,68,530.284,-425.675,255,8,1,
1778399518758484,458685649,5256,321.795929,64,502.920,-395.817,255,8,1,
1778399518758976,458695613,5265,322.346924,56,443.365,-342.092,255,8,1,
1778399518759393,458705553,5274,322.897980,51,406.757,-307.650,255,8,1,
1778399518777175,458715519,5283,323.448975,50,401.663,-297.769,255,8,1,
1778399518777651,458725461,5292,324.000000,50,404.508,-293.893,255,8,1,
1778399518799530,458735428,5301,324.551025,50,407.316,-289.989,255,8,1,
1778399518800021,458745373,5310,325.102051,50,410.086,-286.058,255,8,1,
1778399518813804,458755340,5319,325.653076,50,412.818,-282.101,255,8,1,
1778399518817401,458765280,5328,326.204071,50,415.512,-278.118,255,8,1,
1778399518827406,458775248,5337,326.755096,50,418.167,-274.109,255,8,1,
1778399518838568,458785183,5346,327.306122,50,420.784,-270.075,255,8,1,
1778399518850804,458795150,5356,327.918365,50,423.646,-265.564,255,8,1,
1778399518855801,458805097,5364,328.408173,51,434.419,-267.171,255,8,1,
1778399518866091,458815065,5374,329.020386,55,471.543,-283.103,255,8,1,
1778399518883305,458825008,5383,329.571442,59,508.734,-298.814,255,8,1,
1778399518884758,458834978,5392,330.122437,61,528.926,-303.870,255,8,1,
1778399518896634,458844917,5401,330.673492,61,531.824,-298.769,255,8,1,
1778399518904591,458854885,5410,331.224487,61,534.673,-293.641,255,8,1,
1778399518915372,458864825,5418,331.714294,61,537.163,-289.060,255,8,1,
1778399518932679,458874792,5428,332.326538,60,531.365,-278.659,255,8,1,
1778399518934276,458884732,5436,332.816315,60,533.728,-274.107,255,8,1,
1778399518947114,458894702,5445,333.367340,60,536.339,-268.961,255,8,1,
1778399518954002,458904643,5454,333.918365,59,529.919,-259.394,255,8,1,
1778399518963930,458914613,5463,334.469391,59,532.390,-254.286,255,8,1,
1778399518981436,458924557,5472,335.020416,59,534.810,-249.154,255,8,1,
1778399518993996,458934522,5481,335.571442,59,537.182,-243.999,255,8,1,
1778399518994473,458944466,5490,336.122437,58,530.359,-234.774,255,8,1,
1778399519004311,458954428,5499,336.673462,58,532.593,-229.663,255,8,1,
1778399519014059,458964368,5508,337.224487,58,534.777,-224.531,255,8,1,
1778399519032905,458974326,5517,337.775513,58,536.911,-219.377,255,8,1,
1778399519033447,458984263,5526,338.326538,58,538.996,-214.203,255,8,1,
1778399519045257,458994228,5535,338.877563,57,531.703,-205.406,255,8,1,
1778399519055870,459004163,5544,339.428558,57,533.654,-200.284,255,8,1,
1778399519074301,459014128,5553,339.979584,57,535.555,-195.142,255,8,1,
1778399519074915,459024064,5562,340.530609,57,537.407,-189.983,255,8,1,
1778399519087281,459034025,5571,341.081635,56,529.750,-181.564,255,8,1,
1778399519093310,459043965,5580,341.632660,56,531.471,-176.461,255,8,1,
1778399519103074,459053929,5589,342.183685,56,533.144,-171.341,255,8,1,
1778399519113089,459063865,5598,342.734680,56,534.767,-166.206,255,8,1,
1778399519131009,459073829,5606,343.224487,56,536.168,-161.629,255,8,1,
1778399519132189,459083768,5616,343.836731,56,537.865,-155.890,255,8,1,
1778399519146886,459093727,5624,344.326508,56,539.177,-151.287,255,8,1,
1778399519153234,459103662,5633,344.877563,55,530.954,-143.485,255,8,1,
1778399519163862,459113621,5642,345.428558,55,532.309,-138.373,255,8,1,
1778399519183459,459123553,5651,345.979614,55,533.615,-133.247,255,8,1,
1778399519183915,459133514,5660,346.530609,55,534.872,-128.109,255,8,1,
1778399519194327,459143450,5669,347.081635,55,536.079,-122.959,255,8,1,
1778399519204055,459153411,5678,347.632660,55,537.237,-117.798,255,8,1,
1778399519223013,459163344,5687,348.183655,55,538.345,-112.626,255,8,1,
1778399519223410,459173311,5696,348.734711,54,529.596,-105.490,255,8,1,
1778399519234054,459183249,5705,349.285706,54,530.586,-100.392,255,8,1,
1778399519246246,459193214,5714,349.836731,54,531.527,-95.285,255,8,1,
1778399519265039,459203152,5722,350.326538,54,532.322,-90.738,255,8,1,
1778399519265515,459213119,5732,350.938782,54,533.261,-85.044,255,8,1,
1778399519277896,459223052,5740,351.428558,54,533.969,-80.483,255,8,1,
1778399519283785,459233018,5749,351.979584,54,534.718,-75.344,255,8,1,
1778399519294220,459242958,5758,352.530609,54,535.418,-70.198,255,8,1,
1778399519313286,459252918,5767,353.081635,54,536.068,-65.046,255,8,1,
1778399519313704,459262848,5776,353.632660,54,536.669,-59.887,255,8,1,
1778399519324186,459272822,5785,354.183685,53,527.272,-53.710,255,8,1,
1778399519334470,459282758,5794,354.734680,53,527.764,-48.637,255,8,1,
1778399519345211,459292723,5803,355.285706,53,528.207,-43.559,255,8,1,
1778399519367816,459302661,5812,355.836731,53,528.601,-38.477,255,8,1,
1778399519368349,459312624,5821,356.387756,53,528.947,-33.392,255,8,1,
1778399519369762,459322563,5830,356.938782,53,529.244,-28.304,255,8,1,
1778399519386062,459332524,5838,357.428589,53,529.466,-23.778,255,8,1,
1778399519403835,459342463,5847,357.979584,53,529.671,-18.685,255,8,1,
1778399519404269,459352427,5856,358.530609,53,529.826,-13.591,255,8,1,
1778399519417684,459362361,5865,359.081635,53,529.932,-8.495,255,8,1,
1778399519419272,459372325,5874,359.632629,53,529.989,-3.398,255,8,1,
1778399519434964,459382263,3,0.183673,53,529.997,1.699,255,8,1,
1778399519450099,459392226,12,0.734694,53,529.956,6.796,255,8,1,
1778399519450540,459402164,21,1.285714,53,529.867,11.892,255,8,1,
1778399519463535,459412127,30,1.836735,53,529.728,16.987,255,8,1,
1778399519474240,459422068,38,2.326531,53,529.563,21.515,255,8,1,
1778399519484779,459432025,47,2.877551,52,519.344,26.105,255,8,1,
1778399519499399,459441967,56,3.428571,52,519.069,31.098,255,8,1,
1778399519499787,459451927,65,3.979592,52,518.746,36.089,255,8,1,
1778399519518635,459461863,74,4.530612,52,518.375,41.076,255,8,1,
1778399519519114,459471828,83,5.081633,52,517.956,46.059,255,8,1,
1778399519536376,459481774,92,5.632653,52,517.489,51.038,255,8,1,
1778399519553684,459491743,100,6.122449,53,526.977,56.526,255,8,1,
1778399519554166,459501682,109,6.673470,52,516.477,60.430,255,8,1,
1778399519571654,459511643,118,7.224490,52,515.872,65.394,255,8,1,
1778399519572282,459521583,127,7.775510,52,515.219,70.352,255,8,1,
1778399519598292,459531550,136,8.326530,52,514.519,75.303,255,8,1,
1778399519598781,459541490,144,8.816326,52,513.856,79.699,255,8,1,
1778399519599379,459551451,153,9.367347,52,513.066,84.637,255,8,1,
1778399519613379,459561397,162,9.918367,52,512.228,89.567,255,8,1,
1778399519627274,459571362,171,10.469388,52,511.343,94.489,255,8,1,
1778399519627696,459581302,180,11.020409,52,510.411,99.402,255,8,1,
1778399519640724,459591274,188,11.510203,53,519.341,105.757,255,8,1,
1778399519652901,459601212,197,12.061225,53,518.300,110.747,255,8,1,
1778399519663821,459611177,206,12.612245,53,517.211,115.726,255,8,1,
1778399519683997,459621119,214,13.102041,53,516.203,120.144,255,8,1,
1778399519684465,459631087,223,13.653061,53,515.024,125.102,255,8,1,
1778399519696544,459641030,232,14.204082,53,513.797,130.050,255,8,1,
1778399519696932,459650995,241,14.755103,53,512.522,134.985,255,8,1,
1778399519712146,459660935,249,15.244898,53,511.350,139.361,255,8,1,
1778399519722254,459670895,258,15.795918,53,509.986,144.272,255,8,1,
1778399519748073,459680836,267,16.346939,53,508.575,149.170,255,8,1,
1778399519748514,459690798,275,16.836735,53,507.281,153.512,255,8,1,
1778399519748981,459700734,284,17.387754,53,505.781,158.384,255,8,1,
1778399519755874,459710694,292,17.877550,53,504.409,162.701,255,8,1,
1778399519776941,459720631,301,18.428572,53,502.821,167.545,255,8,1,
1778399519777385,459730596,310,18.979591,53,501.186,172.373,255,8,1,
1778399519790994,459740535,318,19.469389,53,499.694,176.651,255,8,1,
1778399519797647,459750501,327,20.020409,53,497.972,181.448,255,8,1,
1778399519807815,459760442,336,20.571428,53,496.204,186.229,255,8,1,
1778399519823360,459770405,344,21.061224,53,494.594,190.464,255,8,1,
1778399519825065,459780344,352,21.551022,53,492.948,194.685,255,8,1,
1778399519838146,459790308,361,22.102041,53,491.053,199.416,255,8,1,
1778399519848753,459800241,370,22.653061,54,498.341,207.981,255,8,1,
1778399519854759,459810206,378,23.142859,54,496.545,212.234,255,8,1,
1778399519876326,459820152,387,23.693878,54,494.481,216.999,255,8,1,
1778399519876873,459830117,395,24.183674,54,492.608,221.218,255,8,1,
1778399519888769,459840057,404,24.734694,54,490.458,225.945,255,8,1,
1778399519899612,459850020,412,25.224489,54,488.508,230.130,255,8,1,
1778399519904699,459859963,421,25.775511,54,486.273,234.817,255,8,1,
1778399519930262,459869930,430,26.326530,54,483.992,239.483,255,8,1,
1778399519930842,459879869,438,26.816326,54,481.927,243.611,255,8,1,
1778399519943073,459889835,447,27.367346,54,479.562,248.235,255,8,1,
1778399519943931,459899779,455,27.857143,54,477.422,252.325,255,8,1,
1778399519967359,459909741,464,28.408163,54,474.974,256.905,255,8,1,
1778399519967835,459919668,472,28.897959,55,481.515,265.788,255,8,1,
1778399519981200,459929638,481,29.448978,55,478.937,270.407,255,8,1,
1778399519987487,459939576,489,29.938776,55,476.608,274.491,255,8,1,
1778399519998424,459949540,498,30.489796,55,473.946,279.062,255,8,1,
1778399520020518,459959474,506,30.979591,55,471.543,283.103,255,8,1,
1778399520021014,459969434,515,31.530611,55,468.798,287.625,255,8,1,
1778399520025308,459979370,523,32.020409,55,466.323,291.622,255,8,1,
1778399520040393,459989328,532,32.571430,56,471.924,301.476,255,8,1,
1778399520042805,459999263,540,33.061226,56,469.329,305.500,255,8,1,
1778399520071719,460009222,549,33.612244,56,466.370,309.999,255,8,1,
1778399520072163,460019150,557,34.102039,56,463.703,313.974,255,8,1,
1778399520072517,460029111,566,34.653061,56,460.662,318.419,255,8,1,
1778399520086025,460039044,574,35.142857,56,457.923,322.346,255,8,1,
1778399520108612,460049010,582,35.632652,56,455.151,326.248,255,8,1,
1778399520109041,460058944,591,36.183674,56,451.992,330.610,255,8,1,
1778399520124034,460068904,599,36.673470,57,457.170,340.435,255,8,1,
1778399520124486,460078842,608,37.224491,57,453.875,344.816,255,8,1,
1778399520136318,460088802,616,37.714287,57,450.910,348.683,255,8,1,
1778399520161051,460098737,624,38.204082,57,447.913,352.525,255,8,1,
1778399520161461,460108698,633,38.755100,57,444.502,356.816,255,8,1,
1778399520161814,460118626,641,39.244896,58,449.180,366.929,255,8,1,
1778399520175366,460128587,649,39.734695,58,446.027,370.755,255,8,1,
1778399520186632,460138519,658,40.285713,58,442.441,375.028,255,8,1,
1778399520207000,460148478,666,40.775509,58,439.219,378.796,255,8,1,
1778399520207614,460158414,674,41.265305,58,435.965,382.537,255,8,1,
1778399520222476,460168373,682,41.755100,58,432.679,386.250,255,8,1,
1778399520223073,460178312,691,42.306122,57,421.549,383.662,255,8,1,
1778399520233818,460188270,699,42.795918,56,410.916,380.458,255,8,1,
1778399520258180,460198210,707,43.285713,56,407.648,383.957,255,8,1,
1778399520258589,460208170,714,43.714287,56,404.765,386.995,255,8,1,
1778399520260626,460218105,718,43.959187,54,388.711,374.839,255,8,1,
1778399520277995,460228067,720,44.081635,54,387.909,375.669,255,8,1,
1778399520295332,460238006,721,44.142857,54,387.507,376.083,255,8,1,
1778399520295846,460247972,721,44.142857,54,387.507,376.083,255,8,1,
1778399520312306,460257908,721,44.142857,54,387.507,376.083,255,8,1,
1778399520312793,460267867,721,44.142857,54,387.507,376.083,255,8,1,
1778399520324875,460277801,721,44.142857,54,387.507,376.083,255,8,1,
1778399520344459,460287761,721,44.142857,54,387.507,376.083,255,8,1,
1778399520345077,460297700,721,44.142857,54,387.507,376.083,255,8,1,
1778399520358801,460307659,720,44.081635,54,387.909,375.669,255,8,1,
1778399520359526,460317594,719,44.020409,55,395.501,382.203,255,8,1,
1778399520372482,460327553,718,43.959187,55,395.909,381.780,255,8,1,
1778399520397349,460337489,716,43.836735,55,396.724,380.933,255,8,1,
1778399520397903,460347445,713,43.653061,55,397.943,379.659,255,8,1,
1778399520399132,460357382,710,43.469387,55,399.158,378.382,255,8,1,
1778399520413867,460367338,707,43.285713,55,400.369,377.100,255,8,1,
1778399520441319,460377267,704,43.102043,55,401.576,375.815,255,8,1,
1778399520441854,460387224,700,42.857143,55,403.179,374.095,255,8,1,
1778399520442338,460397152,697,42.673470,55,404.376,372.801,255,8,1,
1778399520457135,460407113,693,42.428570,55,405.965,371.069,255,8,1,
1778399520458693,460417052,689,42.183674,55,407.548,369.330,255,8,1,
1778399520491455,460427005,685,41.938778,56,416.561,374.268,255,8,1,
1778399520491930,460436942,680,41.632652,56,418.555,372.037,255,8,1,
1778399520492314,460446904,676,41.387753,56,420.141,370.245,255,8,1,
1778399520507035,460456833,672,41.142857,57,429.251,375.025,255,8,1,
1778399520508000,460466785,668,40.897957,57,430.850,373.187,255,8,1,
1778399520538992,460476713,663,40.591839,57,432.837,370.880,255,8,1,
1778399520539466,460486666,659,40.346939,58,442.040,375.500,255,8,1,
1778399520539816,460496599,654,40.040817,58,444.040,373.133,255,8,1,
1778399520554309,460506558,649,39.734695,58,446.027,370.755,255,8,1,
1778399520582916,460516495,645,39.489796,58,447.608,368.846,255,8,1,
1778399520583390,460526452,640,39.183674,58,449.572,366.449,255,8,1,
1778399520583796,460536388,635,38.877552,57,443.739,357.765,255,8,1,
1778399520597347,460546348,630,38.571430,57,445.644,355.389,255,8,1,
1778399520597708,460556282,625,38.265305,57,447.536,353.003,255,8,1,
1778399520627759,460566240,620,37.959183,57,449.416,350.607,255,8,1,
1778399520628356,460576172,615,37.653061,57,451.283,348.201,255,8,1,
1778399520628862,460586129,610,37.346939,57,453.137,345.785,255,8,1,
1778399520643528,460596062,605,37.040817,57,454.978,343.359,255,8,1,
1778399520653819,460606020,600,36.734695,56,448.792,334.942,255,8,1,
1778399520672965,460615954,595,36.428574,56,450.575,332.539,255,8,1,
1778399520673431,460625914,590,36.122448,56,452.345,330.127,255,8,1,
1778399520686441,460635847,584,35.755100,56,454.452,327.220,255,8,1,
1778399520686824,460645804,579,35.448982,56,456.194,324.788,255,8,1,
1778399520697469,460655741,573,35.081635,56,458.267,321.856,255,8,1,
1778399520730560,460665699,568,34.775509,56,459.980,319.403,255,8,1,
1778399520730983,460675637,562,34.408165,56,462.018,316.447,255,8,1,
1778399520731511,460685596,557,34.102039,56,463.703,313.974,255,8,1,
1778399520745139,460695532,551,33.734692,56,465.706,310.995,255,8,1,
1778399520745595,460705487,546,33.428574,56,467.361,308.502,255,8,1,
1778399520774103,460715420,540,33.061226,55,460.948,300.044,255,8,1,
1778399520774568,460725373,534,32.693878,55,462.863,297.083,255,8,1,
1778399520775259,460735301,528,32.326530,55,464.758,294.109,255,8,1,
1778399520787620,460745255,523,32.020409,55,466.323,291.622,255,8,1,
1778399520817623,460755187,517,31.653063,55,468.183,288.626,255,8,1,
1778399520818169,460765138,511,31.285715,55,470.024,285.618,255,8,1,
1778399520818591,460775069,505,30.918367,55,471.845,282.599,255,8,1,
1778399520831832,460785025,499,30.551020,55,473.647,279.568,255,8,1,
1778399520838098,460794959,493,30.183674,55,475.430,276.526,255,8,1,
1778399520862508,460804916,486,29.755102,55,477.485,272.962,255,8,1,
1778399520862942,460814844,480,29.387754,55,479.225,269.895,255,8,1,
1778399520864440,460824812,474,29.020407,54,472.201,261.965,255,8,1,
1778399520877828,460834741,468,28.653059,54,473.871,258.933,255,8,1,
1778399520884353,460844700,461,28.224489,54,475.795,255.381,255,8,1,
1778399520910130,460854633,455,27.857143,54,477.422,252.325,255,8,1,
1778399520910547,460864589,449,27.489796,54,479.030,249.259,255,8,1,
1778399520922772,460874517,442,27.061226,54,480.881,245.669,255,8,1,
1778399520923712,460884476,436,26.693878,54,482.446,242.581,255,8,1,
1778399520934913,460894406,429,26.265306,54,484.247,238.965,255,8,1,
1778399520962293,460904361,422,25.836735,54,486.021,235.336,255,8,1,
1778399520962695,460914296,416,25.469387,54,487.520,232.216,255,8,1,
1778399520963299,460924251,409,25.040817,54,489.244,228.562,255,8,1,
1778399520974789,460934183,402,24.612246,54,490.939,224.897,255,8,1,
1778399520985045,460944137,396,24.244898,54,492.371,221.744,255,8,1,
1778399521005855,460954079,389,23.816326,53,484.868,214.017,255,8,1,
1778399521006279,460964034,382,23.387754,53,486.455,210.384,255,8,1,
1778399521019193,460973966,375,22.959183,53,488.015,206.740,255,8,1,
1778399521030140,460983926,368,22.530613,53,489.548,203.084,255,8,1,
1778399521050380,460993853,361,22.102041,53,491.053,199.416,255,8,1,
1778399521050896,461003812,354,21.673470,53,492.531,195.738,255,8,1,
1778399521063435,461013741,346,21.183674,53,494.186,191.520,255,8,1,
1778399521063861,461023698,339,20.755102,53,495.605,187.818,255,8,1,
1778399521074859,461033629,332,20.326530,53,496.996,184.106,255,8,1,
1778399521101921,461043588,325,19.897959,53,498.359,180.383,255,8,1,
1778399521102413,461053518,317,19.408163,53,499.883,176.117,255,8,1,
1778399521102796,461063474,310,18.979591,53,501.186,172.373,255,8,1,
1778399521115119,461073409,302,18.489796,53,502.641,168.082,255,8,1,
1778399521125451,461083358,295,18.061224,53,503.885,164.318,255,8,1,
1778399521146099,461093293,287,17.571428,53,505.271,160.004,255,8,1,
1778399521146539,461103251,280,17.142857,53,506.454,156.220,255,8,1,
1778399521159653,461113183,272,16.653061,53,507.771,151.885,255,8,1,
1778399521161260,461123138,264,16.163265,53,509.050,147.539,255,8,1,
1778399521172497,461133067,257,15.734694,52,500.514,141.015,255,8,1,
1778399521195184,461143020,249,15.244898,52,501.702,136.732,255,8,1,
1778399521195671,461152952,241,14.755103,52,502.852,132.438,255,8,1,
1778399521208013,461162907,233,14.265306,52,503.966,128.134,255,8,1,
1778399521214456,461172839,226,13.836735,52,504.910,124.361,255,8,1,
1778399521224606,461182791,218,13.346939,52,505.955,120.040,255,8,1,
1778399521245802,461192722,209,12.795918,52,507.086,115.169,255,8,1,
1778399521246295,461202679,201,12.306123,52,508.052,110.830,255,8,1,
1778399521259674,461212607,193,11.816327,52,508.981,106.483,255,8,1,
1778399521260237,461222563,185,11.326530,52,509.872,102.128,255,8,1,
1778399521270147,461232491,177,10.836735,52,510.727,97.766,255,8,1,
1778399521291514,461242449,168,10.285714,52,511.643,92.850,255,8,1,
1778399521292026,461252377,160,9.795918,52,512.418,88.472,255,8,1,
1778399521305340,461262335,152,9.306123,52,513.156,84.089,255,8,1,
1778399521333775,461272267,143,8.755102,52,513.941,79.150,255,8,1,
1778399521334531,461282221,135,8.265306,52,514.599,74.754,255,8,1,
1778399521335132,461292153,126,7.714286,52,515.294,69.801,255,8,1,
1778399521347967,461302110,118,7.224490,52,515.872,65.394,255,8,1,
1778399521349321,461312043,109,6.673470,52,516.477,60.430,255,8,1,
1778399521365459,461322004,100,6.122449,52,517.034,55.460,255,8,1,
1778399521386864,461331940,92,5.632653,52,517.489,51.038,255,8,1,
1778399521387463,461341900,83,5.081633,52,517.956,46.059,255,8,1,
1778399521389046,461351836,74,4.530612,52,518.375,41.076,255,8,1,
1778399521401804,461361800,65,3.979592,52,518.746,36.089,255,8,1,
1778399521411085,461371734,56,3.428571,52,519.069,31.098,255,8,1,
1778399521440088,461381694,47,2.877551,52,519.344,26.105,255,8,1,
1778399521440670,461391630,38,2.326531,52,519.571,21.109,255,8,1,
1778399521441346,461401591,29,1.775510,52,519.750,16.111,255,8,1,
1778399521454232,461411530,20,1.224490,52,519.881,11.112,255,8,1,
1778399521478192,461421495,11,0.673469,52,519.964,6.112,255,8,1,
1778399521478747,461431428,2,0.122449,52,519.999,1.111,255,8,1,
1778399521479227,461441392,5872,359.510193,52,519.981,-4.445,255,8,1,
1778399521492447,461451332,5863,358.959167,52,519.914,-9.446,255,8,1,
1778399521521608,461461294,5854,358.408173,52,519.799,-14.445,255,8,1,
1778399521522292,461471235,5844,357.795898,53,529.608,-20.383,255,8,1,
1778399521522835,461481198,5835,357.244904,53,529.387,-25.475,255,8,1,
1778399521535888,461491137,5826,356.693878,53,529.118,-30.565,255,8,1,
1778399521537484,461501097,5816,356.081635,53,528.761,-36.218,255,8,1,
1778399521548014,461511032,5806,355.469391,53,528.344,-41.866,255,8,1,
1778399521569687,461520995,5797,354.918365,53,527.917,-46.945,255,8,1,
1778399521570059,461530932,5787,354.306122,53,527.385,-52.583,255,8,1,
1778399521582067,461540894,5777,353.693878,53,526.793,-58.215,255,8,1,
1778399521608007,461550833,5768,353.142853,53,526.209,-63.279,255,8,1,
1778399521608369,461560798,5758,352.530609,53,525.503,-68.898,255,8,1,
1778399521608681,461570732,5748,351.918365,53,524.736,-74.509,255,8,1,
1778399521621378,461580692,5738,351.306122,53,523.910,-80.112,255,8,1,
1778399521626783,461590625,5728,350.693878,53,523.024,-85.706,255,8,1,
1778399521638428,461600583,5718,350.081635,53,522.079,-91.290,255,8,1,
1778399521662526,461610518,5709,349.530609,54,531.010,-98.124,255,8,1,
1778399521662994,461620478,5699,348.918365,54,529.931,-103.792,255,8,1,
1778399521680617,461630412,5689,348.306122,54,528.792,-109.449,255,8,1,
1778399521681401,461640378,5679,347.693878,54,527.592,-115.093,255,8,1,
1778399521690713,461650316,5669,347.081635,54,526.332,-120.724,255,8,1,
1778399521723282,461660276,5660,346.530609,54,525.147,-125.780,255,8,1,
1778399521723952,461670213,5650,345.918365,54,523.773,-131.384,255,8,1,
1778399521724655,461680172,5640,345.306122,54,522.339,-136.973,255,8,1,
1778399521725554,461690108,5630,344.693878,55,530.491,-145.187,255,8,1,
1778399521739633,461700083,5620,344.081635,55,528.909,-150.847,255,8,1,
1778399521762264,461710026,5610,343.469391,55,527.267,-156.490,255,8,1,
1778399521762684,461719988,5601,342.918365,55,525.738,-161.554,255,8,1,
1778399521766969,461729924,5591,342.306122,55,523.982,-167.162,255,8,1,
1778399521780014,461739887,5581,341.693878,55,522.166,-172.752,255,8,1,
1778399521784799,461749821,5572,341.142853,55,520.480,-177.765,255,8,1,
1778399521813604,461759777,5562,340.530609,56,527.979,-186.650,255,8,1,
1778399521814015,461769722,5552,339.918365,56,525.954,-192.281,255,8,1,
1778399521814541,461779682,5542,339.306122,56,523.870,-197.890,255,8,1,
1778399521826975,461789620,5532,338.693878,56,521.725,-203.476,255,8,1,
1778399521850682,461799581,5522,338.081635,56,519.521,-209.040,255,8,1,
1778399521851062,461809513,5513,337.530609,57,526.728,-217.848,255,8,1,
1778399521864235,461819476,5503,336.918365,57,524.370,-223.464,255,8,1,
1778399521864635,461829409,5493,336.306122,57,521.952,-229.054,255,8,1,
1778399521875829,461839367,5484,335.755096,57,519.725,-234.064,255,8,1,
1778399521903064,461849300,5474,335.142853,57,517.194,-239.604,255,8,1,
1778399521903530,461859263,5464,334.530609,58,523.633,-249.417,255,8,1,
1778399521903951,461869197,5454,333.918365,58,520.938,-254.998,255,8,1,
1778399521917511,461879160,5444,333.306122,58,518.183,-260.550,255,8,1,
1778399521928300,461889095,5435,332.755096,58,515.654,-265.521,255,8,1,
1778399521953291,461899055,5425,332.142853,58,512.787,-271.016,255,8,1,
1778399521953732,461908988,5415,331.530609,59,518.652,-281.247,255,8,1,
1778399521954096,461918951,5405,330.918365,59,515.618,-286.773,255,8,1,
1778399521968747,461928888,5396,330.367340,59,512.836,-291.718,255,8,1,
1778399521999241,461938849,5386,329.755096,59,509.689,-297.181,255,8,1,
1778399521999672,461948779,5376,329.142853,59,506.485,-302.611,255,8,1,
1778399522000094,461958736,5366,328.530609,60,511.752,-313.226,255,8,1,
1778399522013433,461968661,5356,327.918365,60,508.375,-318.676,255,8,1,
1778399522013844,461978614,5347,327.367340,60,505.287,-323.551,255,8,1,
1778399522047719,461988549,5337,326.755096,60,501.801,-328.931,255,8,1,
1778399522048194,461998507,5327,326.142853,60,498.258,-334.275,255,8,1,
1778399522048655,462008444,5317,325.530609,58,478.169,-328.260,255,8,1,
1778399522062997,462018405,5308,324.979584,53,434.042,-304.150,255,8,1,
1778399522063340,462028333,5298,324.367340,50,406.384,-291.293,255,8,1,
1778399522096155,462038294,5288,323.755096,50,403.249,-295.619,255,8,1,
1778399522096651,462048220,5278,323.142853,49,392.065,-293.913,255,8,1,
1778399522097224,462058176,5269,322.591827,49,389.221,-297.670,255,8,1,
1778399522109904,462068120,5259,321.979614,49,386.018,-301.811,255,8,1,
1778399522111483,462078072,5249,321.367340,49,382.771,-305.919,255,8,1,
1778399522148955,462088009,5240,320.816315,49,379.811,-309.586,255,8,1,
1778399522149373,462097959,5230,320.204102,49,376.481,-313.627,255,8,1,
1778399522149691,462107900,5220,319.591827,50,380.723,-324.114,255,8,1,
1778399522151073,462117856,5210,318.979584,51,384.783,-334.727,255,8,1,
1778399522163929,462127791,5201,318.428558,56,418.952,-371.590,255,8,1,
1778399522192726,462137749,5191,317.816315,64,474.237,-429.766,255,8,1,
1778399522193175,462147687,5181,317.204102,67,491.632,-455.190,255,8,1,
1778399522193647,462157646,5172,316.653046,68,494.503,-466.762,255,8,1,
1778399522208120,462167581,5162,316.040833,69,496.686,-478.960,255,8,1,
1778399522242842,462177532,5152,315.428589,69,491.540,-484.240,255,8,1,
1778399522243409,462187469,5143,314.877533,70,493.916,-496.032,255,8,1,
1778399522243908,462197432,5133,314.265320,71,495.567,-508.442,255,8,1,
1778399522244281,462207363,5123,313.653046,71,490.106,-513.708,255,8,1,
1778399522283025,462217324,5114,313.102051,72,491.976,-525.699,255,8,1,
1778399522283607,462227251,5104,312.489807,73,493.085,-538.300,255,8,1,
1778399522284100,462237221,5094,311.877533,73,487.305,-543.539,255,8,1,
1778399522284570,462247155,5085,311.326538,69,455.641,-518.161,255,8,1,
1778399522298798,462257117,5075,310.714294,68,443.556,-515.421,255,8,1,
1778399522299523,462267048,5065,310.102051,70,450.906,-535.429,255,8,1,
1778399522340671,462277004,5056,309.551025,76,483.942,-586.004,255,8,1,
1778399522341423,462286938,5046,308.938751,77,483.937,-598.920,255,8,1,
1778399522342012,462296895,5036,308.326538,79,489.913,-619.746,255,8,1,
1778399522342381,462306834,5027,307.775513,79,483.930,-624.429,255,8,1,
1778399522356283,462316788,5017,307.163269,80,483.271,-637.534,255,8,1,
1778399522385327,462326723,5008,306.612244,82,489.045,-658.206,255,8,1,
1778399522385933,462336678,4998,306.000000,83,487.862,-671.484,255,8,1,
1778399522386430,462346611,4988,305.387756,84,486.450,-684.811,255,8,1,
1778399522388579,462356567,4979,304.836731,85,485.554,-697.666,255,8,1,
1778399522402691,462366501,4969,304.224487,86,483.696,-711.083,255,8,1,
1778399522432673,462376449,4960,303.673462,87,482.379,-724.024,255,8,1,
1778399522433222,462386390,4950,303.061218,88,480.071,-737.518,255,8,1,
1778399522433616,462396345,4941,302.510193,88,472.956,-742.100,255,8,1,
1778399522479835,462406279,4931,301.897980,88,464.999,-747.111,255,8,1,
1778399522480281,462416232,4922,301.346924,88,457.792,-751.549,255,8,1,
1778399522480684,462426161,4912,300.734711,88,449.736,-756.398,255,8,1,
1778399522481065,462436122,4902,300.122437,88,441.628,-761.160,255,8,1,
1778399522481444,462446054,4893,299.571411,88,434.287,-765.372,255,8,1,
1778399522497022,462456009,4883,298.959198,89,430.926,-778.719,255,8,1,
1778399522497478,462465942,4874,298.408142,89,423.417,-782.827,255,8,1,
1778399522527073,462475897,4864,297.795929,89,415.028,-787.307,255,8,1,
1778399522527535,462485825,4854,297.183685,91,415.729,-809.487,255,8,1,
1778399522527911,462495784,4845,296.632660,92,412.407,-822.387,255,8,1,
1778399522541250,462505718,4835,296.020416,91,399.209,-817.760,255,8,1,
1778399522579860,462515675,4826,295.469391,91,391.326,-821.562,255,8,1,
1778399522580315,462525603,4816,294.857147,89,374.118,-807.549,255,8,1,
1778399522580780,462535565,4806,294.244904,77,316.191,-702.085,255,8,1,
1778399522581162,462545491,4797,293.693878,68,273.258,-622.680,255,8,1,
1778399522596232,462555456,4787,293.081635,68,266.589,-625.564,255,8,1,
1778399522596686,462565396,4778,292.530609,82,314.205,-757.413,255,8,1,
1778399522632298,462575356,4768,291.918365,90,335.957,-834.945,255,8,1,
1778399522632746,462585285,4759,291.367371,91,331.555,-847.450,255,8,1,
1778399522633076,462595243,4749,290.755096,94,333.112,-878.997,255,8,1,
1778399522649904,462605175,4740,290.204071,93,321.189,-872.776,255,8,1,
1778399522650333,462615134,4730,289.591827,93,311.845,-876.158,255,8,1,
1778399522662187,462625068,4720,288.979584,91,295.960,-860.527,255,8,1,
1778399522674026,462635026,4711,288.428589,85,268.704,-806.411,255,8,1,
1778399522675663,462644963,4701,287.816315,81,247.833,-771.154,255,8,1,
1778399522707115,462654926,4692,287.265320,79,234.470,-754.403,255,8,1,
1778399522707691,462664862,4682,286.653076,82,234.992,-785.607,255,8,1,
1778399522708067,462674828,4672,286.040802,88,243.163,-845.737,255,8,1,
1778399522721520,462684762,4663,285.489807,90,240.360,-867.310,255,8,1,
1778399522749471,462694715,4653,284.877563,91,233.646,-879.494,255,8,1,
1778399522749876,462704648,4644,284.326538,90,222.703,-872.011,255,8,1,
1778399522750308,462714608,4634,283.714294,88,208.631,-854.911,255,8,1,
1778399522764538,462724547,4625,283.163269,77,175.350,-749.768,255,8,1,
1778399522764949,462734504,4615,282.551025,62,134.732,-605.184,255,8,1,
1778399522799892,462744438,4606,282.000000,59,122.668,-577.107,255,8,1,
1778399522800331,462754397,4596,281.387756,58,114.520,-568.582,255,8,1,
1778399522800724,462764331,4586,280.775513,57,106.568,-559.949,255,8,1,
1778399522815469,462774286,4577,280.224487,55,97.628,-541.266,255,8,1,
1778399522816169,462786232,4565,279.489807,55,90.680,-542.473,255,8,1,
1778399522847733,462796165,4556,278.938782,49,76.136,-484.049,255,8,1,
1778399522848419,462806132,4546,278.326508,46,66.614,-455.151,255,8,1,
1778399522848966,462816063,4537,277.775513,46,62.234,-455.771,255,8,1,
1778399522864284,462826020,4527,277.163269,47,58.608,-466.332,255,8,1,
1778399522865737,462835967,4518,276.612244,49,56.423,-486.741,255,8,1,
1778399522904894,462845926,4508,276.000000,57,59.581,-566.877,255,8,1,
1778399522905469,462855860,4499,275.448975,87,82.615,-866.069,255,8,1,
1778399522905922,462865820,4489,274.836731,96,80.944,-956.581,255,8,1,
1778399522906440,462875761,4480,274.285706,98,73.235,-977.260,255,8,1,
1778399522922479,462885719,4470,273.673462,98,62.789,-977.986,255,8,1,
1778399522955505,462895656,4460,273.061218,98,52.335,-978.602,255,8,1,
1778399522955988,462905617,4451,272.510193,98,42.921,-979.060,255,8,1,
1778399522956400,462915548,4442,271.959198,98,33.504,-979.427,255,8,1,
1778399522956768,462925509,4432,271.346954,97,22.801,-969.732,255,8,1,
1778399523002244,462935444,4422,270.734680,92,11.796,-919.924,255,8,1,
1778399523002739,462945399,4413,270.183685,86,2.757,-859.996,255,8,1,
1778399523003129,462955334,4403,269.571411,85,-6.358,-849.976,255,8,1,
1778399523003528,462965290,4394,269.020416,85,-14.532,-849.876,255,8,1,
1778399523004284,462975224,4384,268.408173,88,-24.446,-879.660,255,8,1,
1778399523045277,462985165,4375,267.857147,100,-37.391,-999.301,255,8,1,
1778399523045728,462995091,4365,267.244904,113,-54.316,-1128.694,255,8,1,
1778399523046226,463005061,4356,266.693878,115,-66.321,-1148.086,255,8,1,
1778399523046645,463014988,4346,266.081635,114,-77.902,-1137.335,255,8,1,
1778399523062485,463024960,4337,265.530609,113,-88.057,-1126.564,255,8,1,
1778399523063643,463034888,4328,264.979584,113,-98.887,-1125.665,255,8,1,
1778399523098122,463044858,4318,264.367340,115,-112.873,-1144.447,255,8,1,
1778399523098577,463054784,4308,263.755096,116,-126.183,-1153.117,255,8,1,
1778399523098984,463064748,4299,263.204071,116,-137.267,-1151.850,255,8,1,
1778399523115544,463074674,4290,262.653076,117,-149.616,-1160.394,255,8,1,
1778399523115983,463084639,4280,262.040802,118,-163.392,-1168.633,255,8,1,
1778399523147773,463094564,4271,261.489807,118,-174.623,-1167.008,255,8,1,
1778399523148294,463104526,4261,260.877563,118,-187.083,-1165.075,255,8,1,
1778399523148887,463114450,4252,260.326538,119,-199.959,-1173.080,255,8,1,
1778399523164278,463124413,4242,259.714294,122,-217.839,-1200.394,255,8,1,
1778399523164778,463134341,4233,259.163269,124,-233.134,-1217.887,255,8,1,
1778399523203194,463144308,4224,258.612244,120,-236.937,-1176.376,255,8,1,
1778399523203736,463154226,4214,258.000000,122,-253.652,-1193.340,255,8,1,
1778399523204177,463164187,4205,257.448975,126,-273.809,-1229.890,255,8,1,
1778399523204567,463174104,4196,256.897980,130,-294.691,-1266.158,255,8,1,
1778399523220794,463184067,4186,256.285706,138,-327.171,-1340.656,255,8,1,
1778399523221980,463194001,4177,255.734711,165,-406.580,-1599.123,255,8,1,
1778399523233353,463203956,4168,255.183670,186,-475.642,-1798.156,255,8,1,
1778399523291657,463213894,4159,254.632660,183,-484.962,-1764.571,255,8,1,
1778399523292032,463223851,4150,254.081619,183,-501.910,-1759.826,255,8,1,
1778399523292360,463233780,4140,253.469391,187,-532.066,-1792.709,255,8,1,
1778399523292850,463243740,4131,252.918365,206,-605.092,-1969.128,255,8,1,
1778399523293352,463253672,4122,252.367355,230,-696.700,-2191.942,255,8,1,
1778399523293809,463263629,4113,251.816315,237,-739.593,-2251.644,255,8,1,
1778399523312358,463273561,4104,251.265305,238,-764.424,-2253.898,255,8,1,
1778399523312801,463283518,4094,250.653061,238,-788.464,-2245.601,255,8,1,
1778399523369711,463293449,4085,250.102051,235,-799.813,-2209.706,255,8,1,
1778399523370184,463303406,4076,249.551010,232,-810.546,-2173.802,255,8,1,
1778399523370539,463313338,4067,249.000000,236,-845.748,-2203.250,255,8,1,
1778399523370945,463323284,4058,248.448990,243,-892.611,-2260.121,255,8,1,
1778399523371397,463333217,4048,247.836731,247,-931.800,-2287.498,255,8,1,
1778399523371731,463343166,4039,247.285721,251,-969.201,-2315.329,255,8,1,
1778399523390258,463353104,4030,246.734695,255,-1007.223,-2342.649,255,8,1,
1778399523390687,463363046,4021,246.183685,258,-1041.819,-2360.299,255,8,1,
1778399523430719,463372985,4012,245.632645,260,-1072.722,-2368.389,255,8,1,
1778399523431326,463382928,4002,245.020416,262,-1106.414,-2374.921,255,8,1,
1778399523431718,463392869,3993,244.469376,263,-1133.513,-2373.194,255,8,1,
1778399523432047,463402818,3984,243.918365,268,-1178.265,-2407.092,255,8,1,
1778399523452172,463412753,3975,243.367340,268,-1201.360,-2395.649,255,8,1,
1778399523453240,463422698,3966,242.816330,270,-1233.480,-2401.776,255,8,1,
1778399523470567,463432638,3956,242.204071,271,-1263.737,-2397.304,255,8,1,
1778399523471034,463442587,3947,241.653061,271,-1286.733,-2385.040,255,8,0,unstable_angle_bin
1778399523504781,463452524,3938,241.102036,271,-1309.611,-2372.555,255,8,0,unstable_angle_bin
1778399523505277,463462476,3929,240.551025,264,-1297.951,-2298.896,255,8,0,unstable_angle_bin
1778399523505727,463472415,3920,240.000000,250,-1250.000,-2165.064,255,8,0,unstable_angle_bin
1778399523520792,463482366,3911,239.448975,202,-1026.777,-1739.577,255,8,0,distance_jump;unstable_angle_bin
1778399523521309,463492296,3901,238.836746,117,-605.450,-1001.165,255,8,0,distance_jump
1778399523555787,463502249,3892,238.285706,109,-572.995,-927.241,255,8,1,
1778399523556410,463512179,3883,237.734695,107,-571.209,-904.776,255,8,1,
1778399523556958,463522133,3874,237.183670,106,-574.465,-890.837,255,8,1,
1778399523558645,463532065,3865,236.632660,101,-555.505,-843.513,255,8,1,
1778399523574033,463542025,3856,236.081650,101,-563.591,-838.132,255,8,1,
1778399523613350,463551957,3846,235.469391,101,-572.515,-832.062,255,8,1,
1778399523613761,463561915,3837,234.918365,101,-580.490,-826.517,255,8,1,
1778399523614183,463571844,3828,234.367340,101,-588.412,-820.896,255,8,1,
1778399523614600,463581802,3818,233.755096,101,-597.150,-814.562,255,8,1,
1778399523656402,463591727,3809,233.204086,100,-598.966,-800.774,255,8,1,
1778399523656850,463601702,3800,232.653076,98,-594.507,-779.077,255,8,1,
1778399523657257,463611631,3791,232.102036,96,-589.687,-757.542,255,8,1,
1778399523657714,463621587,3781,231.489792,96,-597.748,-751.197,255,8,1,
1778399523658115,463631512,3772,230.938782,94,-592.341,-729.885,255,8,1,
1778399523673320,463641469,3763,230.387756,93,-592.957,-716.451,255,8,1,
1778399523708622,463651392,3754,229.836731,92,-593.370,-703.073,255,8,1,
1778399523709124,463661347,3744,229.224472,90,-587.787,-681.547,255,8,1,
1778399523709597,463671274,3735,228.673462,89,-587.711,-668.353,255,8,1,
1778399523710046,463681235,3726,228.122452,88,-587.436,-655.224,255,8,1,
1778399523724203,463691165,3716,227.510208,88,-594.404,-648.910,255,8,1,
1778399523757438,463701121,3707,226.959198,88,-600.617,-643.164,255,8,1,
1778399523758102,463711054,3698,226.408157,88,-606.774,-637.358,255,8,1,
1778399523758622,463721009,3689,225.857147,88,-612.876,-631.493,255,8,1,
1778399523758975,463730936,3680,225.306122,87,-611.887,-618.461,255,8,1,
1778399523772455,463740896,3670,224.693878,86,-611.352,-604.854,255,8,1,
1778399523810296,463750819,3661,224.142853,84,-602.789,-585.018,255,8,1,
1778399523810775,463760778,3652,223.591843,83,-601.144,-572.299,255,8,1,
1778399523811186,463770703,3642,222.979584,83,-607.225,-565.842,255,8,1,
1778399523811652,463780662,3633,222.428574,82,-605.258,-553.230,255,8,1,
1778399523826161,463790596,3624,221.877548,82,-610.550,-547.383,255,8,1,
1778399523826572,463800557,3615,221.326538,82,-615.786,-541.487,255,8,1,
1778399523873824,463810491,3606,220.775528,81,-613.392,-529.009,255,8,1,
1778399523874328,463820446,3596,220.163269,81,-619.010,-522.424,255,8,1,
1778399523874843,463830382,3587,219.612244,80,-616.302,-510.071,255,8,1,
1778399523875271,463840336,3578,219.061218,80,-621.178,-504.120,255,8,1,
1778399523875728,463850284,3569,218.510208,80,-625.998,-498.123,255,8,1,
1778399523891730,463860243,3559,217.897964,79,-623.394,-485.263,255,8,1,
1778399523930146,463870176,3550,217.346924,78,-620.082,-473.179,255,8,1,
1778399523930582,463880140,3541,216.795914,77,-616.596,-461.204,255,8,1,
1778399523931034,463890070,3532,216.244904,77,-621.003,-455.253,255,8,1,
1778399523931397,463900026,3523,215.693878,77,-625.352,-449.260,255,8,1,
1778399523946473,463909958,3513,215.081635,76,-621.934,-436.805,255,8,1,
1778399523946840,463919912,3504,214.530609,76,-626.106,-430.803,255,8,1,
1778399523983721,463929852,3495,213.979599,76,-630.220,-424.762,255,8,1,
1778399523984176,463939812,3486,213.428558,76,-634.276,-418.682,255,8,1,
1778399523984560,463949744,3476,212.816330,76,-638.713,-411.880,255,8,1,
1778399523984977,463959701,3467,212.265305,77,-651.101,-411.057,255,8,1,
1778399524035323,463969637,3458,211.714294,77,-655.024,-404.777,255,8,1,
1778399524035824,463979596,3449,211.163254,77,-658.886,-398.458,255,8,1,
1778399524036243,463989526,3440,210.612244,77,-662.688,-392.104,255,8,1,
1778399524036581,463999483,3430,210.000000,77,-666.840,-385.000,255,8,1,
1778399524036892,464009410,3421,209.448975,78,-679.219,-383.486,255,8,1,
1778399524052432,464019373,3412,208.897964,78,-682.876,-376.936,255,8,1,
1778399524053377,464029298,3403,208.346939,78,-686.469,-370.351,255,8,1,
1778399524065425,464039267,3394,207.795929,79,-698.845,-368.396,255,8,1,
1778399524077771,464049199,3384,207.183670,87,-773.906,-397.455,255,8,1,
1778399524112468,464059142,3375,206.632660,107,-956.472,-479.648,255,8,1,
1778399524112847,464069070,3366,206.081635,120,-1077.802,-527.582,255,8,1,
1778399524113344,464079040,3357,205.530624,121,-1091.850,-521.502,255,8,1,
1778399524113824,464088963,3348,204.979584,120,-1087.750,-506.754,255,8,1,
1778399524129307,464098928,3339,204.428574,120,-1092.573,-496.270,255,8,1,
1778399524169341,464108854,3330,203.877563,119,-1088.151,-481.692,255,8,1,
1778399524169779,464118824,3320,203.265305,119,-1093.236,-470.037,255,8,1,
1778399524170167,464128750,3311,202.714279,118,-1088.481,-455.640,255,8,1,
1778399524170510,464138718,3302,202.163269,117,-1083.552,-441.379,255,8,1,
1778399524172164,464148646,3293,201.612259,117,-1087.746,-430.938,255,8,1,
1778399524184692,464158606,3284,201.061218,116,-1082.509,-416.864,255,8,1,
1778399524221643,464168530,3275,200.510208,115,-1077.101,-402.930,255,8,1,
1778399524222476,464178489,3266,199.959183,114,-1071.527,-389.140,255,8,1,
1778399524223047,464188420,3256,199.346939,114,-1075.624,-377.668,255,8,1,
1778399524223491,464198380,3247,198.795914,113,-1069.740,-364.084,255,8,1,
1778399524237630,464208310,3238,198.244904,113,-1073.191,-353.780,255,8,1,
1778399524278068,464218270,3229,197.693863,113,-1076.544,-343.442,255,8,1,
1778399524278664,464228200,3220,197.142853,113,-1079.797,-333.073,255,8,1,
1778399524279049,464238159,3211,196.591843,112,-1073.367,-319.818,255,8,1,
1778399524279425,464248093,3202,196.040817,112,-1076.393,-309.481,255,8,1,
1778399524281051,464258049,3193,195.489807,112,-1079.319,-299.115,255,8,1,
1778399524295995,464267979,3184,194.938766,112,-1082.146,-288.721,255,8,1,
1778399524310828,464277930,3174,194.326538,112,-1085.169,-277.142,255,8,1,
1778399524311285,464287862,3165,193.775497,112,-1087.785,-266.692,255,8,1,
1778399524348034,464297820,3156,193.224487,113,-1100.034,-258.507,255,8,1,
1778399524348431,464307748,3147,192.673462,114,-1112.225,-250.110,255,8,1,
1778399524348781,464317702,3138,192.122452,114,-1114.579,-239.402,255,8,1,
1778399524350355,464327637,3130,191.632660,115,-1126.380,-231.882,255,8,1,
1778399524363792,464337597,3120,191.020401,115,-1128.793,-219.832,255,8,1,
1778399524402668,464347533,3112,190.530609,108,-1061.810,-197.382,255,8,1,
1778399524403157,464357508,3103,189.979599,83,-817.442,-143.837,255,8,1,
1778399524403919,464367438,3094,189.428558,78,-769.463,-127.778,255,8,1,
1778399524404392,464377396,3085,188.877548,80,-790.416,-123.459,255,8,1,
1778399524418160,464387334,3076,188.326523,97,-959.775,-140.470,255,8,1,
1778399524419625,464397276,3067,187.775513,152,-1506.025,-205.644,255,8,1,
1778399524457620,464407202,3058,187.224503,190,-1884.916,-238.939,255,8,1,
1778399524458181,464417164,3049,186.673462,199,-1976.517,-231.259,255,8,1,
1778399524458543,464427095,3040,186.122452,201,-1998.535,-214.374,255,8,1,
1778399524459316,464437054,3031,185.571426,198,-1970.646,-192.231,255,8,1,
1778399524473724,464446988,3022,185.020416,200,-1992.327,-175.021,255,8,1,
1778399524517186,464456949,3014,184.530609,206,-2053.563,-162.723,255,8,1,
1778399524517711,464466882,3005,183.979584,208,-2074.985,-144.354,255,8,1,
1778399524518072,464476837,2996,183.428574,209,-2086.259,-124.991,255,8,1,
1778399524518489,464486769,2987,182.877563,209,-2087.365,-104.922,255,8,1,
1778399524518867,464496729,2978,182.326523,209,-2088.277,-84.842,255,8,1,
1778399524533256,464506663,2970,181.836731,208,-2078.931,-66.667,255,8,1,
1778399524547267,464516623,2961,181.285721,208,-2079.476,-46.671,255,8,1,
1778399524548309,464526557,2952,180.734695,208,-2079.829,-26.671,255,8,1,
1778399524586974,464536521,2943,180.183685,207,-2069.989,-6.636,255,8,1,
1778399524587464,464546456,2934,179.632660,207,-2069.957,13.271,255,8,1,
1778399524587887,464556418,2925,179.081635,206,-2059.735,33.017,255,8,1,
1778399524588269,464566354,2916,178.530609,205,-2049.326,52.568,255,8,1,
1778399524602994,464576317,2908,178.040817,204,-2038.807,69.743,255,8,1,
1778399524638150,464586250,2899,177.489792,200,-1998.081,87.595,255,8,1,
1778399524638550,464596210,2890,176.938766,194,-1937.232,103.602,255,8,1,
1778399524638976,464606144,2881,176.387756,187,-1866.285,117.817,255,8,1,
1778399524639365,464616106,2872,175.836746,175,-1745.382,127.047,255,8,1,
1778399524654299,464626031,2863,175.285721,144,-1435.128,118.349,255,8,1,
1778399524696413,464635991,2855,174.795914,101,-1005.837,91.611,255,8,1,
1778399524696953,464645943,2846,174.244904,75,-746.220,75.207,255,8,1,
1778399524697445,464655910,2837,173.693878,71,-705.704,77.987,255,8,1,
1778399524697787,464665840,2828,173.142853,81,-804.206,96.709,255,8,1,
1778399524698152,464675792,2820,172.653061,92,-912.447,117.647,255,8,1,
1778399524712323,464685728,2811,172.102036,97,-960.799,133.287,255,8,1,
1778399524756370,464695671,2802,171.551025,105,-1038.604,154.275,255,8,1,
1778399524756917,464705603,2793,171.000000,107,-1056.827,167.385,255,8,1,
1778399524757371,464715584,2784,170.448975,91,-897.386,150.993,255,8,1,
1778399524757787,464725516,2776,169.959183,71,-699.125,123.788,255,8,1,
1778399524758067,464735480,2767,169.408157,67,-658.584,123.154,255,8,1,
1778399524772163,464745411,2758,168.857132,64,-627.935,123.684,255,8,1,
1778399524819192,464755366,2749,168.306122,62,-607.132,125.663,255,8,1,
1778399524819672,464765294,2740,167.755112,61,-596.123,129.375,255,8,1,
1778399524820168,464775254,2732,167.265305,61,-594.995,134.467,255,8,1,
1778399524820538,464785188,2722,166.653061,60,-583.794,138.508,255,8,1,
1778399524820899,464795152,2714,166.163269,60,-582.589,143.494,255,8,1,
1778399524833461,464805094,2705,165.612244,60,-581.182,149.090,255,8,1,
1778399524835348,464815060,2696,165.061218,61,-589.383,157.250,255,8,1,
1778399524876622,464825000,2687,164.510193,60,-578.207,160.240,255,8,1,
1778399524877195,464834957,2678,163.959183,59,-567.028,163.030,255,8,1,
1778399524877624,464844897,2669,163.408173,57,-546.267,162.764,255,8,1,
1778399524877959,464854856,2660,162.857147,56,-535.121,165.063,255,8,1,
1778399524892557,464864789,2651,162.306122,54,-514.455,164.123,255,8,1,
1778399524894754,464874744,2642,161.755096,52,-493.858,162.801,255,8,1,
1778399524937646,464884680,2634,161.265305,52,-492.448,167.017,255,8,1,
1778399524938066,464894636,2625,160.714279,56,-528.575,184.956,255,8,1,
1778399524938512,464904580,2616,160.163269,58,-545.585,196.818,255,8,1,
1778399524938940,464914540,2607,159.612244,58,-543.667,202.056,255,8,1,
1778399524952370,464924476,2598,159.061234,59,-551.038,210.848,255,8,1,
1778399524954157,464934435,2589,158.510208,58,-539.680,212.475,255,8,1,
1778399525000472,464944369,2580,157.959183,58,-537.612,217.655,255,8,1,
1778399525000886,464954329,2571,157.408157,57,-526.261,218.973,255,8,1,
1778399525001309,464964268,2562,156.857132,56,-514.936,220.094,255,8,1,
1778399525001665,464974231,2553,156.306122,55,-503.638,221.017,255,8,1,
1778399525014158,464984162,2544,155.755112,55,-501.489,225.851,255,8,1,
1778399525014593,464994126,2536,155.265305,55,-499.540,230.129,255,8,1,
1778399525059085,465004059,2526,154.653061,55,-497.053,235.454,255,8,1,
1778399525059583,465014013,2518,154.163269,55,-495.022,239.695,255,8,1,
1778399525060108,465023951,2509,153.612244,56,-501.652,248.889,255,8,1,
1778399525060574,465033903,2500,153.061218,56,-499.235,253.701,255,8,1,
1778399525074325,465043841,2491,152.510208,56,-496.772,258.491,255,8,1,
1778399525074980,465053801,2482,151.959183,57,-503.089,267.957,255,8,1,
1778399525115481,465063739,2473,151.408173,57,-500.489,272.783,255,8,1,
1778399525115920,465073696,2464,150.857147,57,-497.843,277.584,255,8,1,
1778399525116260,465083630,2456,150.367355,58,-504.144,286.774,255,8,1,
1778399525116574,465093592,2447,149.816330,58,-501.363,291.609,255,8,1,
1778399525130059,465103529,2438,149.265305,58,-498.535,296.417,255,8,1,
1778399525136149,465113491,2429,148.714279,58,-495.661,301.198,255,8,1,
1778399525146605,465123430,2420,148.163269,58,-492.742,305.950,255,8,1,
1778399525201247,465133391,2411,147.612244,58,-489.777,310.675,255,8,1,
1778399525201900,465143322,2402,147.061234,58,-486.766,315.371,255,8,1,
1778399525202464,465153282,2394,146.571426,58,-484.052,319.520,255,8,1,
1778399525202928,465163217,2385,146.020401,58,-480.957,324.161,255,8,1,
1778399525203470,465173168,2376,145.469391,58,-477.818,328.771,255,8,1,
1778399525203841,465183100,2367,144.918365,58,-474.634,333.351,255,8,1,
1778399525219379,465193051,2358,144.367340,58,-471.406,337.900,255,8,1,
1778399525275032,465202990,2350,143.877548,58,-468.500,341.917,255,8,1,
1778399525275752,465212948,2341,143.326538,58,-465.190,346.407,255,8,1,
1778399525276078,465222884,2332,142.775513,58,-461.837,350.865,255,8,1,
1778399525276466,465232846,2323,142.224487,57,-450.538,349.164,255,8,1,
1778399525276854,465242781,2314,141.673462,56,-439.314,347.280,255,8,1,
1778399525277245,465252743,2305,141.122452,55,-428.169,345.212,255,8,1,
1778399525292102,465262678,2297,140.632645,55,-425.202,348.860,255,8,1,
1778399525292595,465272634,2288,140.081635,56,-429.497,359.349,255,8,1,
1778399525340135,465282572,2279,139.530609,56,-426.022,363.463,255,8,1,
1778399525340891,465292536,2270,138.979599,56,-422.507,367.544,255,8,1,
1778399525341550,465302477,2261,138.428574,56,-418.952,371.590,255,8,1,
1778399525342045,465312437,2252,137.877548,55,-407.942,368.895,255,8,1,
1778399525342544,465322384,2243,137.326523,55,-404.376,372.801,255,8,1,
1778399525356696,465332334,2234,136.775513,55,-400.772,376.672,255,8,1,
1778399525395910,465342273,2226,136.285706,54,-390.309,373.174,255,8,1,
1778399525396283,465352238,2217,135.734695,54,-386.702,376.910,255,8,1,
1778399525396682,465362165,2208,135.183685,54,-383.060,380.612,255,8,1,
1778399525396997,465372131,2199,134.632660,53,-372.356,377.162,255,8,1,
1778399525411418,465382065,2190,134.081635,53,-368.712,380.725,255,8,1,
1778399525411966,465392024,2182,133.591843,53,-365.444,383.863,255,8,1,
1778399525419449,465401955,2173,133.040817,53,-361.735,387.360,255,8,1,
1778399525429395,465411915,2164,132.489792,52,-351.239,383.447,255,8,1,
1778399525480545,465421848,2155,131.938766,52,-347.535,386.807,255,8,1,
1778399525481396,465431809,2146,131.387756,52,-343.799,390.131,255,8,1,
1778399525481994,465441741,2138,130.897964,52,-340.451,393.056,255,8,1,
1778399525482596,465451697,2129,130.346939,51,-330.181,388.690,255,8,1,
1778399525483217,465461633,2120,129.795914,51,-326.428,391.848,255,8,1,
1778399525497617,465471596,2111,129.244904,51,-322.645,394.969,255,8,1,
1778399525498538,465481541,2103,128.755096,51,-319.256,397.713,255,8,1,
1778399525542320,465491502,2094,128.204071,51,-315.417,400.765,255,8,1,
1778399525542789,465501432,2085,127.653061,50,-305.439,395.862,255,8,1,
1778399525543178,465511391,2076,127.102043,50,-301.618,398.781,255,8,1,
1778399525543518,465521338,2068,126.612251,50,-298.198,401.345,255,8,1,
1778399525557618,465531295,2059,126.061226,50,-294.325,404.194,255,8,1,
1778399525558095,465541225,2050,125.510208,50,-290.424,407.006,255,8,1,
1778399525572052,465551179,2041,124.959183,49,-280.766,401.585,255,8,1,
1778399525578659,465561105,2032,124.408157,49,-276.891,404.266,255,8,1,
1778399525624067,465571070,2024,123.918365,49,-273.425,406.618,255,8,1,
1778399525624600,465580998,2015,123.367348,49,-269.502,409.229,255,8,1,
1778399525625009,465590954,2006,122.816322,49,-265.554,411.802,255,8,1,
1778399525625385,465600885,1998,122.326530,49,-262.024,414.057,255,8,1,
1778399525671514,465610842,1989,121.775505,49,-258.030,416.558,255,8,1,
1778399525671924,465620779,1980,121.224487,48,-248.828,410.469,255,8,1,
1778399525672321,465630736,1972,120.734695,48,-245.310,412.581,255,8,1,
1778399525672728,465640666,1963,120.183670,48,-241.331,414.921,255,8,1,
1778399525673161,465650621,1954,119.632645,48,-237.330,417.222,255,8,1,
1778399525687665,465660549,1945,119.081635,48,-233.307,419.485,255,8,1,
1778399525688084,465670510,1937,118.591835,48,-229.712,421.465,255,8,1,
1778399525731350,465680443,1928,118.040825,48,-225.648,423.654,255,8,1,
1778399525731748,465690396,1919,117.489799,48,-221.564,425.805,255,8,1,
1778399525732082,465700327,1910,116.938774,48,-217.458,427.916,255,8,1,
1778399525732420,465710283,1902,116.448982,48,-213.792,429.759,255,8,1,
1778399525746422,465720221,1893,115.897964,47,-205.282,422.799,255,8,1,
1778399525746903,465730169,1884,115.346939,47,-201.206,424.754,255,8,1,
1778399525762966,465740101,1876,114.857147,47,-197.568,426.459,255,8,1,
1778399525809125,465750063,1867,114.306122,47,-193.458,428.339,255,8,1,
1778399525809556,465759994,1858,113.755104,47,-189.329,430.180,255,8,1,
1778399525809906,465769954,1850,113.265312,47,-185.645,431.782,255,8,1,
1778399525810238,465779891,1841,112.714287,47,-181.484,433.548,255,8,1,
1778399525810565,465789850,1832,112.163261,47,-177.306,435.273,255,8,1,
1778399525824711,465799785,1824,111.673470,47,-173.579,436.773,255,8,1,
1778399525825154,465809743,1815,111.122452,47,-169.370,438.422,255,8,1,
1778399525870552,465819681,1806,110.571426,47,-165.146,440.030,255,8,1,
1778399525871166,465829640,1797,110.020409,46,-157.483,432.203,255,8,1,
1778399525871675,465839572,1789,109.530609,46,-153.783,433.533,255,8,1,
1778399525872022,465849534,1780,108.979591,46,-149.606,434.992,255,8,1,
1778399525885205,465859469,1771,108.428566,46,-145.416,436.411,255,8,1,
1778399525885605,465869428,1763,107.938774,46,-141.680,437.638,255,8,1,
1778399525898909,465879367,1754,107.387756,46,-137.465,438.980,255,8,1,
1778399525944309,465889327,1745,106.836731,46,-133.237,440.282,255,8,1,
1778399525944752,465899263,1737,106.346939,46,-129.468,441.405,255,8,1,
1778399525945212,465909227,1728,105.795914,46,-125.217,442.629,255,8,1,
1778399525945825,465919174,1720,105.306122,46,-121.429,443.683,255,8,1,
1778399525946251,465929138,1711,104.755096,46,-117.156,444.831,255,8,1,
1778399525961295,465939073,1703,104.265305,46,-113.350,445.816,255,8,1,
1778399526008715,465949036,1694,103.714287,46,-109.057,446.885,255,8,1,
1778399526009180,465958971,1686,103.224495,46,-105.233,447.801,255,8,1,
1778399526009774,465968937,1677,102.673470,46,-100.921,448.793,255,8,1,
1778399526010142,465978870,1668,102.122444,46,-96.601,449.742,255,8,1,
1778399526010539,465988836,1660,101.632652,46,-92.753,450.552,255,8,1,
1778399526025569,465998778,1651,101.081635,46,-88.415,451.423,255,8,1,
1778399526026145,466008741,1643,100.591843,45,-82.715,442.333,255,8,1,
1778399526032969,466018678,1634,100.040817,45,-78.457,443.108,255,8,1,
1778399526043836,466028641,1626,99.551025,45,-74.667,443.762,255,8,1,
1778399526089485,466038580,1617,99.000000,45,-70.396,444.460,255,8,1,
1778399526090074,466048543,1608,98.448982,45,-66.118,445.116,255,8,1,
1778399526090469,466058485,1600,97.959190,45,-62.310,445.665,255,8,1,
1778399526090907,466068447,1591,97.408165,45,-58.022,446.244,255,8,1,
1778399526092390,466078390,1583,96.918373,45,-54.205,446.723,255,8,1,
1778399526109213,466088353,1574,96.367348,45,-49.906,447.224,255,8,1,
1778399526157324,466098294,1566,95.877548,45,-46.081,447.634,255,8,1,
1778399526157940,466108257,1557,95.326538,45,-41.774,448.057,255,8,1,
1778399526158605,466118200,1549,94.836731,45,-37.942,448.398,255,8,1,
1778399526159042,466128169,1540,94.285721,45,-33.629,448.742,255,8,1,
1778399526159405,466138109,1532,93.795914,45,-29.791,449.013,255,8,1,
1778399526175237,466148070,1524,93.306122,45,-25.952,449.251,255,8,1,
1778399526175656,466158009,1515,92.755104,45,-21.630,449.480,255,8,1,
1778399526231551,466167969,1507,92.265305,45,-17.787,449.648,255,8,1,
1778399526232063,466177902,1498,91.714287,45,-13.462,449.799,255,8,1,
1778399526232437,466187866,1490,91.224495,45,-9.616,449.897,255,8,1,
1778399526232898,466197808,1481,90.673470,45,-5.289,449.969,255,8,1,
1778399526233330,466207768,1473,90.183678,45,-1.443,449.998,255,8,1,
1778399526233718,466217703,1464,89.632652,45,2.885,449.991,255,8,1,
1778399526249696,466227668,1456,89.142860,45,6.732,449.950,255,8,1,
1778399526250718,466237603,1448,88.653061,45,10.578,449.876,255,8,1,
1778399526295908,466247563,1439,88.102043,45,14.904,449.753,255,8,1,
1778399526296722,466257502,1431,87.612244,45,18.748,449.609,255,8,1,
1778399526297127,466267460,1423,87.122452,45,22.591,449.433,255,8,1,
1778399526297489,466277396,1414,86.571426,45,26.912,449.195,255,8,1,
1778399526311314,466287357,1406,86.081627,45,30.751,448.948,255,8,1,
1778399526311794,466297295,1398,85.591835,45,34.588,448.669,255,8,1,
1778399526327151,466307253,1389,85.040817,45,38.901,448.315,255,8,1,
1778399526372624,466317188,1381,84.551025,45,42.732,447.967,255,8,1,
1778399526373245,466327145,1373,84.061226,45,46.560,447.585,255,8,1,
1778399526373705,466337087,1364,83.510201,45,50.862,447.116,255,8,1,
1778399526374106,466347046,1356,83.020409,45,54.682,446.665,255,8,1,
1778399526374620,466356983,1348,82.530609,46,59.798,456.097,255,8,1,
1778399526436422,466366946,1339,81.979591,46,64.182,455.500,255,8,1,
1778399526437175,466376883,1331,81.489799,46,68.073,454.935,255,8,1,
1778399526437821,466386843,1322,80.938774,46,72.445,454.259,255,8,1,
1778399526438505,466396781,1314,80.448982,46,76.326,453.624,255,8,1,
1778399526439022,466406746,1306,79.959183,46,80.201,452.955,255,8,1,
1778399526439519,466416683,1298,79.469391,46,84.070,452.252,255,8,1,
1778399526439957,466426638,1289,78.918365,46,88.415,451.423,255,8,1,
1778399526457591,466436584,1281,78.428566,46,92.271,450.651,255,8,1,
1778399526458599,466446548,1273,77.938774,46,96.120,449.845,255,8,1,
1778399526468536,466456486,1265,77.448975,46,99.962,449.007,255,8,1,
1778399526523295,466466451,1257,76.959183,46,103.797,448.136,255,8,1,
1778399526523713,466476375,1249,76.469391,46,107.624,447.233,255,8,1,
1778399526524112,466486343,1240,75.918365,46,111.920,446.177,255,8,1,
1778399526524450,466496279,1233,75.489799,46,115.254,445.327,255,8,1,
1778399526524877,466506245,1224,74.938774,46,119.531,444.198,255,8,1,
1778399526541394,466516181,1216,74.448982,47,126.005,452.794,255,8,1,
1778399526541821,466526146,1209,74.020409,47,129.389,451.839,255,8,1,
1778399526548177,466536085,1201,73.530617,47,133.246,450.717,255,8,1,
1778399526560739,466546051,1193,73.040817,47,137.094,449.561,255,8,1,
1778399526614094,466555991,1185,72.551018,47,140.933,448.373,255,8,1,
1778399526614526,466565954,1177,72.061226,47,144.760,447.152,255,8,1,
1778399526614869,466575890,1169,71.571426,47,148.577,445.898,255,8,1,
1778399526615273,466585843,1161,71.081635,47,152.384,444.611,255,8,1,
1778399526615596,466595787,1153,70.591835,47,156.179,443.292,255,8,1,
1778399526616950,466605747,1146,70.163269,47,159.490,442.112,255,8,1,
1778399526632331,466615681,1138,69.673470,47,163.264,440.732,255,8,1,
1778399526645053,466625644,1130,69.183670,47,167.025,439.320,255,8,1,
1778399526646610,466635577,1122,68.693878,48,174.408,447.193,255,8,1,
1778399526657522,466645542,1115,68.265305,48,177.748,445.876,255,8,1,
1778399526700804,466655479,1107,67.775513,48,181.553,444.340,255,8,1,
1778399526701258,466665433,1100,67.346939,48,184.872,442.970,255,8,1,
1778399526701652,466675370,1092,66.857147,48,188.652,441.373,255,8,1,
1778399526702072,466685335,1085,66.428574,48,191.948,439.950,255,8,1,
1778399526717742,466695270,1078,66.000000,48,195.234,438.502,255,8,1,
1778399526718270,466705227,1070,65.510201,48,198.975,436.817,255,8,1,
1778399526768843,466715162,1063,65.081635,49,206.450,444.385,255,8,1,
1778399526769429,466725124,1055,64.591835,49,210.241,442.604,255,8,1,
1778399526769900,466735060,1048,64.163269,49,213.546,441.019,255,8,1,
1778399526770419,466745019,1041,63.734695,49,216.839,439.410,255,8,1,
1778399526770939,466754952,1033,63.244896,49,220.587,437.540,255,8,1,
1778399526788885,466764909,1026,62.816326,49,223.854,435.878,255,8,1,
1778399526789358,466774846,1018,62.326527,49,227.572,433.948,255,8,1,
1778399526836313,466784805,1011,61.897961,49,230.811,432.234,255,8,1,
1778399526836820,466794745,1004,61.469387,49,234.038,430.495,255,8,1,
1778399526837185,466804702,996,60.979591,49,237.709,428.479,255,8,1,
1778399526837576,466814646,989,60.551018,50,245.824,435.397,255,8,1,
1778399526838008,466824607,982,60.122452,50,249.074,433.546,255,8,1,
1778399526854605,466834545,975,59.693874,50,252.310,431.671,255,8,1,
1778399526855065,466844505,968,59.265308,50,255.532,429.771,255,8,1,
1778399526897789,466854439,961,58.836735,50,258.739,427.848,255,8,1,
1778399526898268,466864403,954,58.408165,50,261.932,425.901,255,8,1,
1778399526898635,466874346,947,57.979591,50,265.111,423.930,255,8,1,
1778399526898985,466884308,940,57.551022,51,273.640,430.373,255,8,1,
1778399526914119,466894248,933,57.122448,51,276.851,428.315,255,8,1,
1778399526914576,466904205,927,56.755104,51,279.592,426.531,255,8,1,
1778399526926527,466914141,920,56.326530,51,282.774,424.428,255,8,1,
1778399526937419,466924098,913,55.897961,51,285.941,422.301,255,8,1,
1778399526987153,466934033,906,55.469387,51,289.092,420.150,255,8,1,
1778399526987587,466943990,899,55.040817,51,292.226,417.976,255,8,1,
1778399526987951,466953920,892,54.612244,52,301.136,423.931,255,8,1,
1778399526988331,466963880,885,54.183674,52,304.298,421.666,255,8,1,
1778399526988724,466973814,878,53.755100,52,307.444,419.379,255,8,1,
1778399527004272,466983771,871,53.326530,52,310.572,417.067,255,8,1,
1778399527004702,466993704,864,52.897957,52,313.683,414.732,255,8,1,
1778399527015538,467003656,857,52.469387,53,322.868,420.305,255,8,1,
1778399527027004,467013593,850,52.040813,53,326.003,417.878,255,8,1,
1778399527078226,467023552,844,51.673470,53,328.675,415.779,255,8,1,
1778399527078640,467033486,837,51.244896,53,331.776,413.309,255,8,1,
1778399527079033,467043445,830,50.816326,53,334.858,410.816,255,8,1,
1778399527079443,467053375,823,50.387753,54,344.298,416.004,255,8,1,
1778399527079794,467063333,816,49.959183,54,347.400,413.417,255,8,1,
1778399527094188,467073269,810,49.591835,54,350.043,411.181,255,8,1,
1778399527094534,467083223,803,49.163265,54,353.109,408.551,255,8,1,
1778399527136466,467093162,796,48.734692,55,362.751,413.415,255,8,1,
1778399527136939,467103125,790,48.367348,55,365.394,411.081,255,8,1,
1778399527137293,467113059,783,47.938774,55,368.458,408.336,255,8,1,
1778399527137646,467123014,776,47.510204,56,378.257,412.943,255,8,1,
1778399527152640,467132951,769,47.081631,56,381.335,410.102,255,8,1,
1778399527153033,467142912,763,46.714287,56,383.957,407.648,255,8,1,
1778399527165041,467152838,756,46.285717,57,393.906,411.993,255,8,1,
1778399527216712,467162802,750,45.918365,57,396.539,409.459,255,8,1,
1778399527217075,467172738,743,45.489799,57,399.591,406.482,255,8,1,
1778399527217639,467182696,736,45.061226,57,402.620,403.481,255,8,1,
1778399527218080,467192625,730,44.693878,57,405.199,400.892,255,8,1,
1778399527218445,467202586,723,44.265305,58,415.347,404.829,255,8,1,
1778399527222875,467212527,717,43.897957,58,417.934,402.158,255,8,1,
1778399527236237,467222491,710,43.469387,58,420.930,399.021,255,8,1,
1778399527278587,467232427,704,43.102043,59,430.781,403.147,255,8,1,
1778399527279189,467242386,697,42.673470,59,433.785,399.913,255,8,1,
1778399527279777,467252324,691,42.306122,58,428.944,390.393,255,8,1,
1778399527280139,467262291,687,42.061226,57,423.185,381.857,255,8,1,
1778399527280475,467272225,686,42.000000,56,416.161,374.713,255,8,1,
1778399527293971,467282180,686,42.000000,56,416.161,374.713,255,8,1,
1778399527303043,467292115,686,42.000000,56,416.161,374.713,255,8,1,
1778399527313538,467302071,686,42.000000,56,416.161,374.713,255,8,1,
1778399527355010,467312005,686,42.000000,56,416.161,374.713,255,8,1,
1778399527355445,467321962,686,42.000000,56,416.161,374.713,255,8,1,
1778399527355795,467331896,686,42.000000,56,416.161,374.713,255,8,1,
1778399527356165,467341852,686,42.000000,56,416.161,374.713,255,8,1,
1778399527403888,467351783,686,42.000000,56,416.161,374.713,255,8,1,
1778399527404320,467361751,686,42.000000,56,416.161,374.713,255,8,1,
1778399527404667,467371683,686,42.000000,57,423.593,381.404,255,8,1,
1778399527405009,467381644,686,42.000000,57,423.593,381.404,255,8,1,
1778399527405411,467391579,688,42.122448,57,422.776,382.309,255,8,1,
1778399527419741,467401543,690,42.244900,57,421.958,383.212,255,8,1,
1778399527420088,467411480,693,42.428570,57,420.728,384.562,255,8,1,
1778399527463348,467421442,696,42.612244,57,419.493,385.909,255,8,1,
1778399527463897,467431383,700,42.857143,57,417.840,387.698,255,8,1,
1778399527464316,467441348,704,43.102043,57,416.179,389.481,255,8,1,
1778399527464738,467451284,707,43.285713,57,414.928,390.813,255,8,1,
1778399527477836,467461249,712,43.591839,57,412.834,393.024,255,8,1,
1778399527478373,467471189,716,43.836735,57,411.150,394.785,255,8,1,
1778399527488360,467481150,720,44.081635,57,409.459,396.539,255,8,1,
1778399527503894,467491092,725,44.387756,57,407.335,398.721,255,8,1,
1778399527546239,467501047,729,44.632652,57,405.627,400.458,255,8,1,
1778399527546641,467510988,734,44.938774,56,396.403,395.556,255,8,1,
1778399527547037,467520945,738,45.183674,56,394.708,397.247,255,8,1,
1778399527547486,467530883,743,45.489799,56,392.580,399.350,255,8,1,
1778399527547804,467540848,748,45.795918,56,390.441,401.442,255,8,1,
1778399527562048,467550784,752,46.040813,56,388.722,403.107,255,8,1,
1778399527599139,467560746,757,46.346939,56,386.562,405.178,255,8,1,
1778399527599570,467570680,762,46.653061,56,384.392,407.238,255,8,1,
1778399527599958,467580648,766,46.897957,56,382.648,408.877,255,8,1,
1778399527600356,467590591,772,47.265308,55,373.232,403.977,255,8,1,
1778399527614342,467600550,776,47.510204,55,371.502,405.569,255,8,1,
1778399527662390,467610485,782,47.877548,55,368.895,407.942,255,8,1,
1778399527662866,467620445,787,48.183674,54,360.042,402.454,255,8,1,
1778399527663332,467630376,792,48.489796,54,357.887,404.372,255,8,1,
1778399527663838,467640334,797,48.795918,54,355.721,406.279,255,8,1,
1778399527664237,467650273,802,49.102043,54,353.545,408.173,255,8,1,
1778399527666111,467660232,808,49.469387,53,344.423,402.831,255,8,1,
1778399527739209,467670169,813,49.775513,53,342.266,404.666,255,8,1,
1778399527739572,467680123,818,50.081635,53,340.099,406.489,255,8,1,
1778399527740056,467690059,824,50.448978,53,337.486,408.661,255,8,1,
1778399527740644,467700019,829,50.755104,53,335.297,410.458,255,8,1,
1778399527741064,467709951,835,51.122448,52,326.382,404.814,255,8,1,
1778399527741395,467719907,840,51.428574,52,324.215,406.552,255,8,1,
1778399527741766,467729836,846,51.795918,52,321.601,408.623,255,8,1,
1778399527759026,467739792,852,52.163261,52,318.975,410.676,255,8,1,
1778399527759389,467749728,857,52.469387,52,316.776,412.375,255,8,1,
1778399527812011,467759684,863,52.836735,52,314.126,414.397,255,8,1,
1778399527812376,467769617,869,53.204082,51,305.473,408.395,255,8,1,
1778399527812776,467779571,875,53.571426,51,302.848,410.345,255,8,1,
1778399527813081,467789506,881,53.938778,51,300.211,412.278,255,8,1,
1778399527813368,467799469,887,54.306122,51,297.562,414.194,255,8,1,
1778399527814578,467809407,893,54.673466,51,294.900,416.094,255,8,1,
1778399527827813,467819365,899,55.040817,51,292.226,417.976,255,8,1,
1778399527834355,467829301,905,55.408161,51,289.541,419.841,255,8,1,
1778399527875266,467839259,911,55.775513,50,281.218,413.420,255,8,1,
1778399527875851,467849203,917,56.142857,50,278.562,415.215,255,8,1,
1778399527876284,467859165,923,56.510208,50,275.894,416.992,255,8,1,
1778399527876621,467869098,930,56.938774,50,272.767,419.044,255,8,1,
1778399527923559,467879058,936,57.306118,50,270.075,420.784,255,8,1,
1778399527924071,467888995,942,57.673470,50,267.372,422.507,255,8,1,
1778399527924566,467898955,949,58.102039,49,258.920,416.005,255,8,1,
1778399527925005,467908892,955,58.469387,49,256.247,417.657,255,8,1,
1778399527925291,467918849,962,58.897957,49,253.116,419.562,255,8,1,
1778399527969402,467928793,968,59.265308,49,250.421,421.176,255,8,1,
1778399527969834,467938758,975,59.693874,49,247.264,423.037,255,8,1,
1778399527970218,467948701,982,60.122452,49,244.093,424.875,255,8,1,
1778399527970645,467958668,988,60.489796,49,241.363,426.431,255,8,1,
1778399527984911,467968612,995,60.918369,49,238.167,428.225,255,8,1,
1778399527985386,467978574,1002,61.346939,48,230.162,421.219,255,8,1,
1778399527997076,467988516,1009,61.775513,48,227.005,422.929,255,8,1,
1778399528003206,467998488,1016,62.204079,48,223.835,424.615,255,8,1,
1778399528014775,468008433,1023,62.632656,48,220.653,426.277,255,8,1,
1778399528057777,468018394,1030,63.061222,48,217.458,427.916,255,8,1,
1778399528058450,468028336,1037,63.489796,48,214.251,429.530,255,8,1,
1778399528059070,468038301,1044,63.918365,48,211.033,431.121,255,8,1,
1778399528059630,468048236,1051,64.346939,48,207.802,432.687,255,8,1,
1778399528075924,468058202,1059,64.836731,47,199.844,425.397,255,8,1,
1778399528076426,468068142,1066,65.265305,47,196.656,426.880,255,8,1,
1778399528121978,468078109,1073,65.693878,47,193.458,428.339,255,8,1,
1778399528122617,468088045,1080,66.122452,47,190.248,429.774,255,8,1,
1778399528123125,468098009,1088,66.612244,47,186.567,431.385,255,8,1,
1778399528123559,468107947,1095,67.040817,47,183.335,432.768,255,8,1,
1778399528123930,468117900,1103,67.530617,47,179.629,434.319,255,8,1,
1778399528139008,468127832,1110,67.959183,47,176.375,435.651,255,8,1,
1778399528143582,468137792,1118,68.448982,47,172.645,437.143,255,8,1,
1778399528151085,468147724,1125,68.877548,47,169.370,438.422,255,8,1,
1778399528193035,468157685,1133,69.367348,46,162.093,430.495,255,8,1,
1778399528193448,468167621,1141,69.857140,46,158.407,431.865,255,8,1,
1778399528193979,468177586,1149,70.346939,46,154.709,433.203,255,8,1,
1778399528194455,468187516,1156,70.775505,46,151.464,434.348,255,8,1,
1778399528249311,468197474,1164,71.265305,46,147.746,435.627,255,8,1,
1778399528249737,468207420,1172,71.755104,46,144.016,436.874,255,8,1,
1778399528250125,468217381,1180,72.244896,46,140.277,438.090,255,8,1,
1778399528250496,468227321,1188,72.734695,46,136.526,439.273,255,8,1,
1778399528250864,468237286,1196,73.224487,46,132.766,440.424,255,8,1,
1778399528251237,468247222,1205,73.775513,46,128.525,441.680,255,8,1,
1778399528268274,468257181,1213,74.265305,46,124.744,442.763,255,8,1,
1778399528269900,468267114,1221,74.755104,46,120.955,443.813,255,8,1,
1778399528318819,468277076,1229,75.244904,46,117.156,444.831,255,8,1,
1778399528319346,468287016,1238,75.795914,45,110.419,436.243,255,8,1,
1778399528319800,468296978,1246,76.285713,45,106.686,437.171,255,8,1,
1778399528320190,468306914,1254,76.775505,45,102.945,438.067,255,8,1,
1778399528320599,468316874,1263,77.326530,45,98.728,439.036,255,8,1,
1778399528336316,468326808,1271,77.816330,45,94.971,439.864,255,8,1,
1778399528343251,468336771,1280,78.367348,45,90.736,440.757,255,8,1,
1778399528398925,468346704,1288,78.857147,45,86.965,441.517,255,8,1,
1778399528399540,468356658,1297,79.408165,45,82.715,442.333,255,8,1,
1778399528399975,468366588,1306,79.959183,45,78.457,443.108,255,8,1,
1778399528400430,468376558,1314,80.448982,45,74.667,443.762,255,8,1,
1778399528400780,468386498,1323,81.000000,45,70.396,444.460,255,8,1,
1778399528401242,468396458,1332,81.551018,45,66.118,445.116,255,8,1,
1778399528416942,468406393,1341,82.102043,45,61.834,445.731,255,8,1,
1778399528418335,468416357,1350,82.653061,45,57.545,446.306,255,8,1,
1778399528465580,468426299,1359,83.204079,45,53.250,446.838,255,8,1,
1778399528466068,468436260,1368,83.755104,45,48.950,447.330,255,8,1,
1778399528466488,468446201,1377,84.306122,45,44.646,447.780,255,8,1,
1778399528466876,468456161,1386,84.857140,44,39.441,438.229,255,8,1,
1778399528467775,468466098,1396,85.469391,45,35.546,448.594,255,8,1,
1778399528485758,468476061,1405,86.020409,44,30.537,438.939,255,8,1,
1778399528489582,468485997,1414,86.571426,45,26.912,449.195,255,8,1,
1778399528538134,468495958,1423,87.122452,44,22.089,439.445,255,8,1,
1778399528538700,468505893,1433,87.734695,44,17.392,439.656,255,8,1,
1778399528539224,468515854,1442,88.285713,44,13.163,439.803,255,8,1,
1778399528539742,468525787,1452,88.897964,44,8.463,439.919,255,8,1,
1778399528540206,468535749,1461,89.448975,44,4.232,439.980,255,8,1,
1778399528557393,468545687,1471,90.061226,44,-0.470,440.000,255,8,1,
1778399528557977,468555647,1480,90.612244,44,-4.702,439.975,255,8,1,
1778399528610774,468565582,1490,91.224495,45,-9.616,449.897,255,8,1,
1778399528611265,468575547,1500,91.836731,44,-14.103,439.774,255,8,1,
1778399528611718,468585487,1510,92.448975,44,-18.801,439.598,255,8,1,
1778399528612118,468595449,1520,93.061226,44,-23.497,439.372,255,8,1,
1778399528612514,468605386,1530,93.673470,44,-28.191,439.096,255,8,1,
1778399528629263,468615346,1539,94.224487,44,-32.412,438.805,255,8,1,
1778399528629743,468625283,1549,94.836731,44,-37.099,438.433,255,8,1,
1778399528674062,468635247,1559,95.448982,44,-41.782,438.012,255,8,1,
1778399528674550,468645185,1569,96.061226,44,-46.460,437.540,255,8,1,
1778399528674952,468655151,1579,96.673462,44,-51.133,437.019,255,8,1,
1778399528675364,468665091,1589,97.285713,44,-55.800,436.447,255,8,1,
1778399528675833,468675052,1599,97.897957,44,-60.460,435.826,255,8,1,
1778399528693121,468684991,1608,98.448982,44,-64.649,435.225,255,8,1,
1778399528706056,468694952,1618,99.061218,45,-70.870,444.384,255,8,1,
1778399528706493,468704889,1628,99.673470,45,-75.615,443.602,255,8,1,
1778399528754111,468714849,1638,100.285713,45,-80.351,442.768,255,8,1,
1778399528754609,468724789,1648,100.897957,45,-85.077,441.884,255,8,1,
1778399528755049,468734754,1658,101.510208,45,-89.794,440.950,255,8,1,
1778399528755399,468744690,1668,102.122444,45,-94.501,439.965,255,8,1,
1778399528755850,468754653,1678,102.734688,45,-99.197,438.931,255,8,1,
1778399528805337,468764591,1688,103.346939,45,-103.881,437.846,255,8,1,
1778399528805736,468774565,1697,103.897964,45,-108.087,436.826,255,8,1,
1778399528806181,468784512,1707,104.510201,45,-112.749,435.646,255,8,1,
1778399528806576,468794478,1717,105.122444,45,-117.397,434.417,255,8,1,
1778399528806941,468804417,1727,105.734695,45,-122.033,433.137,255,8,1,
1778399528822826,468814382,1737,106.346939,45,-126.654,431.809,255,8,1,
1778399528824111,468824317,1747,106.959175,45,-131.261,430.431,255,8,1,
1778399528866926,468834293,1756,107.510201,45,-135.394,429.149,255,8,1,
1778399528867315,468844221,1766,108.122452,45,-139.972,427.677,255,8,1,
1778399528867668,468854189,1776,108.734695,45,-144.534,426.157,255,8,1,
1778399528868035,468864125,1786,109.346931,45,-149.079,424.588,255,8,1,
1778399528882167,468874088,1796,109.959183,45,-153.608,422.971,255,8,1,
1778399528883513,468884022,1806,110.571426,45,-158.119,421.306,255,8,1,
1778399528928467,468893978,1816,111.183670,45,-162.611,419.592,255,8,1,
1778399528928889,468903913,1825,111.734688,45,-166.639,418.009,255,8,1,
1778399528929287,468913877,1835,112.346939,45,-171.096,416.204,255,8,1,
1778399528929686,468923817,1845,112.959183,46,-179.435,423.560,255,8,1,
1778399528944630,468933783,1855,113.571426,46,-183.950,421.619,255,8,1,
1778399528945044,468943727,1865,114.183678,46,-188.445,419.629,255,8,1,
1778399528998870,468953694,1874,114.734695,46,-192.472,417.797,255,8,1,
1778399528999385,468963636,1884,115.346939,46,-196.925,415.717,255,8,1,
1778399528999777,468973600,1894,115.959183,46,-201.356,413.589,255,8,1,
1778399529000158,468983542,1904,116.571434,46,-205.764,411.414,255,8,1,
1778399529000555,468993507,1914,117.183670,46,-210.148,409.191,255,8,1,
1778399529002292,469003447,1924,117.795914,46,-214.509,406.923,255,8,1,
1778399529015716,469013416,1933,118.346939,46,-218.412,404.841,255,8,1,
1778399529060494,469023359,1943,118.959190,47,-227.568,411.233,255,8,1,
1778399529060916,469033329,1953,119.571426,47,-231.949,408.778,255,8,1,
1778399529061258,469043277,1963,120.183670,47,-236.304,406.277,255,8,1,
1778399529061573,469053240,1972,120.734695,47,-240.200,403.985,255,8,1,
1778399529061885,469063183,1982,121.346931,47,-244.503,401.396,255,8,1,
1778399529075317,469073142,1992,121.959183,47,-248.778,398.760,255,8,1,
1778399529117851,469083085,2002,122.571426,47,-253.025,396.079,255,8,1,
1778399529118348,469093050,2012,123.183678,47,-257.243,393.353,255,8,1,
1778399529118781,469102992,2021,123.734688,48,-266.567,399.177,255,8,1,
1778399529119119,469112957,2031,124.346939,48,-270.817,396.305,255,8,1,
1778399529131945,469122889,2041,124.959183,48,-275.037,393.389,255,8,1,
1778399529132769,469132851,2051,125.571426,48,-279.224,390.428,255,8,1,
1778399529170615,469142796,2060,126.122444,48,-282.966,387.724,255,8,1,
1778399529171142,469152764,2070,126.734695,49,-293.074,392.693,255,8,1,
1778399529171525,469162701,2080,127.346939,49,-297.254,389.539,255,8,1,
1778399529171873,469172659,2090,127.959183,49,-301.399,386.340,255,8,1,
1778399529186671,469182598,2100,128.571426,49,-305.510,383.097,255,8,1,
1778399529193141,469192558,2109,129.122452,49,-309.180,380.142,255,8,1,
1778399529204701,469202495,2119,129.734695,50,-319.617,384.506,255,8,1,
1778399529247044,469212458,2129,130.346939,50,-323.707,381.069,255,8,1,
1778399529247481,469222391,2139,130.959183,50,-327.761,377.588,255,8,1,
1778399529247984,469232350,2148,131.510193,50,-331.377,374.419,255,8,1,
1778399529248510,469242286,2158,132.122452,51,-342.066,378.274,255,8,1,
1778399529249746,469252248,2168,132.734695,51,-346.088,374.597,255,8,1,
1778399529264147,469262180,2178,133.346939,51,-350.071,370.877,255,8,1,
1778399529307985,469272137,2188,133.959183,51,-354.014,367.116,255,8,1,
1778399529308397,469282077,2197,134.510208,51,-357.529,363.694,255,8,1,
1778399529308781,469292033,2207,135.122452,51,-361.394,359.853,255,8,1,
1778399529309220,469301971,2217,135.734695,52,-372.380,362.951,255,8,1,
1778399529309657,469311931,2226,136.285706,52,-375.853,359.353,255,8,1,
1778399529322655,469321863,2236,136.897964,52,-379.672,355.316,255,8,1,
1778399529363766,469331823,2246,137.510208,52,-383.447,351.239,255,8,1,
1778399529364152,469341755,2256,138.122452,52,-387.178,347.121,255,8,1,
1778399529364506,469351716,2265,138.673462,52,-390.498,343.382,255,8,1,
1778399529364854,469361650,2275,139.285721,53,-401.725,345.712,255,8,1,
1778399529378522,469371609,2285,139.897964,53,-405.396,341.400,255,8,1,
1778399529378880,469381539,2294,140.448990,53,-408.661,337.485,255,8,1,
1778399529389267,469391496,2304,141.061218,54,-420.022,339.384,255,8,1,
1778399529427760,469401433,2314,141.673462,54,-423.624,334.877,255,8,1,
1778399529428479,469411390,2324,142.285721,54,-427.178,330.331,255,8,1,
1778399529429255,469421324,2333,142.836746,55,-438.305,332.248,255,8,1,
1778399529429707,469431278,2343,143.448975,55,-441.830,327.546,255,8,1,
1778399529443778,469441212,2353,144.061218,54,-437.208,316.937,255,8,1,
1778399529488423,469451171,2362,144.612244,54,-440.236,312.718,255,8,1,
1778399529488825,469461104,2372,145.224487,55,-451.766,313.699,255,8,1,
1778399529489320,469471064,2382,145.836731,56,-463.367,314.470,255,8,1,
1778399529489655,469481000,2392,146.448975,56,-466.701,309.500,255,8,1,
1778399529489989,469490957,2401,147.000000,56,-469.656,304.998,255,8,1,
1778399529503975,469500893,2411,147.612244,56,-472.888,299.962,255,8,1,
1778399529516703,469510856,2421,148.224487,56,-476.066,294.892,255,8,1,
1778399529517080,469520795,2430,148.775513,57,-487.431,295.484,255,8,1,
1778399529566996,469530754,2440,149.387756,57,-490.561,290.258,255,8,1,
1778399529567406,469540690,2450,150.000000,56,-484.974,280.000,255,8,1,
1778399529567790,469550653,2459,150.551025,57,-496.353,280.240,255,8,1,
1778399529568313,469560585,2469,151.163269,57,-499.319,274.920,255,8,1,
1778399529568649,469570542,2478,151.714279,57,-501.939,270.105,255,8,1,
1778399529581696,469580485,2488,152.326538,57,-504.797,264.726,255,8,1,
1778399529586853,469590445,2498,152.938782,56,-498.692,254.768,255,8,1,
1778399529631375,469600383,2507,153.489792,55,-492.170,245.496,255,8,1,
1778399529631808,469610340,2517,154.102036,55,-494.765,240.223,255,8,1,
1778399529632156,469620265,2527,154.714294,55,-497.304,234.923,255,8,1,
1778399529632513,469630223,2536,155.265305,54,-490.458,225.945,255,8,1,
1778399529645278,469640151,2546,155.877548,54,-492.844,220.692,255,8,1,
1778399529645625,469650105,2556,156.489792,53,-486.004,211.424,255,8,1,
1778399529661995,469660037,2565,157.040817,53,-488.015,206.740,255,8,1,
1778399529711712,469669994,2575,157.653061,53,-490.196,201.513,255,8,1,
1778399529712392,469679922,2584,158.204086,53,-492.112,196.790,255,8,1,
1778399529713021,469689881,2594,158.816330,53,-494.186,191.520,255,8,1,
1778399529713587,469699812,2604,159.428574,53,-496.204,186.229,255,8,1,
1778399529713944,469709769,2613,159.979599,53,-497.973,181.448,255,8,1,
1778399529714906,469719699,2623,160.591843,54,-509.315,179.440,255,8,1,
1778399529727832,469729652,2632,161.142853,54,-511.017,174.533,255,8,1,
1778399529770591,469739587,2642,161.755096,54,-512.853,169.063,255,8,1,
1778399529771367,469749544,2651,162.306122,55,-523.982,167.162,255,8,1,
1778399529772014,469759480,2661,162.918365,56,-535.297,164.491,255,8,1,
1778399529772559,469769436,2670,163.469391,56,-536.854,159.335,255,8,1,
1778399529774377,469779375,2680,164.081635,55,-528.909,150.847,255,8,1,
1778399529788888,469789330,2690,164.693878,51,-491.910,134.628,255,8,1,
1778399529797084,469799275,2699,165.244904,50,-483.512,127.344,255,8,1,
1778399529847424,469809232,2708,165.795929,49,-475.020,120.234,255,8,1,
1778399529847867,469819160,2718,166.408157,54,-524.877,126.902,255,8,1,
1778399529848251,469829116,2727,166.959183,58,-565.042,130.874,255,8,1,
1778399529848579,469839046,2736,167.510208,60,-585.801,129.759,255,8,1,
1778399529848936,469849006,2746,168.122452,61,-596.940,125.551,255,8,1,
1778399529863231,469858943,2755,168.673477,62,-607.925,121.768,255,8,1,
1778399529863653,469868907,2764,169.224487,63,-618.891,117.786,255,8,1,
1778399529900302,469878839,2774,169.836731,59,-580.742,104.108,255,8,1,
1778399529900898,469888802,2783,170.387756,58,-571.857,96.848,255,8,1,
1778399529901555,469898740,2792,170.938782,58,-572.762,91.344,255,8,1,
1778399529902978,469908700,2801,171.489792,58,-573.614,85.832,255,8,1,
1778399529916521,469918635,2810,172.040817,59,-584.317,81.696,255,8,1,
1778399529959046,469928597,2820,172.653061,60,-595.074,76.726,255,8,1,
1778399529959417,469938531,2829,173.204071,61,-605.714,72.183,255,8,1,
1778399529959750,469948492,2838,173.755096,63,-626.262,68.530,255,8,1,
1778399529960073,469958427,2848,174.367355,86,-855.848,84.409,255,8,1,
1778399529973946,469968366,2857,174.918365,100,-996.070,88.575,255,8,1,
1778399529974432,469978328,2866,175.469391,98,-976.938,77.412,255,8,1,
1778399529985541,469988288,2875,176.020401,92,-917.782,63.849,255,8,1,
1778399529995854,469998220,2884,176.571426,86,-858.461,51.432,255,8,1,
1778399530039562,470008186,2893,177.122452,78,-779.017,39.157,255,8,1,
1778399530039984,470018120,2903,177.734695,66,-659.484,26.088,255,8,1,
1778399530040423,470028081,2912,178.285721,66,-659.705,19.744,255,8,1,
1778399530040787,470038020,2921,178.836731,73,-729.850,14.820,255,8,1,
1778399530041548,470047963,2930,179.387756,104,-1039.941,11.113,255,8,1,
1778399530054675,470057899,2939,179.938766,142,-1419.999,1.518,255,8,1,
1778399530092779,470067856,2948,180.489792,159,-1589.942,-13.592,255,8,1,
1778399530093284,470077795,2957,181.040833,175,-1749.711,-31.789,255,8,1,
1778399530093703,470087757,2966,181.591843,186,-1859.282,-51.670,255,8,1,
1778399530094121,470097693,2975,182.142853,194,-1938.643,-72.539,255,8,1,
1778399530148346,470107651,2984,182.693878,200,-1997.790,-93.999,255,8,1,
1778399530148805,470117593,2993,183.244888,203,-2026.745,-114.906,255,8,1,
1778399530149136,470127553,3002,183.795929,204,-2035.525,-135.054,255,8,1,
1778399530149424,470137493,3011,184.346939,205,-2044.103,-155.381,255,8,1,
1778399530149698,470147464,3020,184.897949,205,-2042.514,-175.032,255,8,1,
1778399530150384,470157400,3029,185.448990,206,-2050.691,-195.617,255,8,1,
1778399530163716,470167368,3038,186.000000,206,-2048.715,-215.329,255,8,1,
1778399530173567,470177306,3048,186.612244,206,-2046.297,-237.208,255,8,1,
1778399530184067,470187271,3056,187.102036,206,-2044.195,-254.692,255,8,1,
1778399530222334,470197213,3065,187.653076,206,-2041.651,-274.340,255,8,1,
1778399530222929,470207187,3074,188.204086,207,-2048.816,-295.388,255,8,1,
1778399530223292,470217127,3083,188.755096,205,-2026.113,-312.033,255,8,1,
1778399530223676,470227089,3092,189.306122,201,-1983.545,-325.036,255,8,1,
1778399530270210,470237028,3101,189.857147,194,-1911.361,-332.113,255,8,1,
1778399530270783,470246991,3110,190.408173,196,-1927.750,-354.093,255,8,1,
1778399530271276,470256928,3119,190.959183,197,-1934.073,-374.516,255,8,1,
1778399530271626,470266893,3128,191.510193,190,-1861.790,-379.130,255,8,1,
1778399530271965,470276822,3136,192.000015,146,-1428.095,-303.551,255,8,1,
1778399530287053,470286807,3145,192.551025,93,-907.776,-202.097,255,8,1,
1778399530289116,470296738,3154,193.102036,76,-740.216,-172.281,255,8,1,
1778399530331271,470306703,3163,193.653061,76,-738.525,-179.392,255,8,1,
1778399530331943,470316639,3172,194.204071,88,-853.097,-215.931,255,8,1,
1778399530332447,470326581,3180,194.693878,107,-1035.006,-271.410,255,8,1,
1778399530332948,470336518,3189,195.244904,112,-1080.588,-294.499,255,8,1,
1778399530346053,470346479,3198,195.795914,113,-1087.328,-307.599,255,8,1,
1778399530386656,470356413,3207,196.346954,112,-1074.724,-315.228,255,8,1,
1778399530387425,470366379,3216,196.897964,111,-1062.075,-322.642,255,8,1,
1778399530388054,470376314,3225,197.448975,112,-1068.462,-335.839,255,8,1,
1778399530388528,470386278,3234,198.000000,113,-1074.694,-349.189,255,8,1,
1778399530388882,470396211,3242,198.489792,114,-1081.153,-361.535,255,8,1,
1778399530403494,470406175,3251,199.040802,114,-1077.627,-371.915,255,8,1,
1778399530414401,470416116,3260,199.591843,110,-1036.316,-368.849,255,8,1,
1778399530458802,470426083,3269,200.142853,110,-1032.721,-378.798,255,8,1,
1778399530459273,470436020,3278,200.693893,111,-1038.385,-392.246,255,8,1,
1778399530459626,470445988,3287,201.244904,111,-1034.565,-402.214,255,8,1,
1778399530459945,470455925,3296,201.795914,111,-1030.649,-412.145,255,8,1,
1778399530460286,470465887,3304,202.285721,110,-1017.835,-417.148,255,8,1,
1778399530473158,470475823,3313,202.836731,111,-1022.992,-430.798,255,8,1,
1778399530518222,470485789,3322,203.387741,111,-1018.802,-440.616,255,8,1,
1778399530518751,470495724,3331,203.938782,111,-1014.517,-450.394,255,8,1,
1778399530519271,470505684,3340,204.489792,112,-1019.239,-464.275,255,8,1,
1778399530519610,470515617,3349,205.040817,113,-1023.787,-478.288,255,8,1,
1778399530519950,470525577,3358,205.591843,113,-1019.140,-488.112,255,8,1,
1778399530534169,470535508,3367,206.142853,114,-1023.376,-502.296,255,8,1,
1778399530579687,470545468,3376,206.693878,115,-1027.432,-516.607,255,8,1,
1778399530580172,470555402,3385,207.244888,115,-1022.417,-526.464,255,8,1,
1778399530580569,470565367,3394,207.795929,116,-1026.152,-540.936,255,8,1,
1778399530580927,470575297,3404,208.408157,117,-1029.110,-556.627,255,8,1,
1778399530581272,470585265,3413,208.959183,117,-1023.709,-566.498,255,8,1,
1778399530593937,470595191,3422,209.510193,118,-1026.916,-581.242,255,8,1,
1778399530604493,470605154,3431,210.061234,118,-1021.279,-591.092,255,8,1,
1778399530605711,470615086,3441,210.673462,106,-911.694,-540.753,255,8,1,
1778399530650650,470625073,3450,211.224503,85,-726.871,-440.634,255,8,1,
1778399530651060,470635006,3459,211.775513,77,-654.591,-405.476,255,8,1,
1778399530651367,470644969,3469,212.387756,75,-633.332,-401.735,255,8,1,
1778399530651655,470654910,3478,212.938766,75,-629.439,-407.807,255,8,1,
1778399530664331,470664872,3488,213.551025,75,-625.045,-414.510,255,8,1,
1778399530665087,470674808,3497,214.102036,75,-621.030,-420.501,255,8,1,
1778399530713874,470684776,3506,214.653061,74,-608.732,-420.768,255,8,1,
1778399530714602,470694712,3516,215.265305,74,-604.201,-427.249,255,8,1,
1778399530715080,470704670,3525,215.816330,74,-600.064,-433.040,255,8,1,
1778399530715462,470714606,3534,216.367340,74,-595.872,-438.790,255,8,1,
1778399530715824,470724569,3544,216.979599,74,-591.149,-445.133,255,8,1,
1778399530730926,470734496,3553,217.530609,74,-586.841,-450.797,255,8,1,
1778399530742513,470744466,3562,218.081635,73,-574.607,-450.252,255,8,1,
1778399530744343,470754396,3572,218.693863,73,-569.763,-456.366,255,8,1,
1778399530793927,470764359,3581,219.244904,73,-565.348,-461.825,255,8,1,
1778399530794632,470774294,3590,219.795914,74,-568.564,-473.641,255,8,1,
1778399530795126,470784254,3600,220.408173,74,-563.470,-479.689,255,8,1,
1778399530795630,470794187,3609,220.959183,74,-558.831,-485.086,255,8,1,
1778399530796074,470804141,3618,221.510208,75,-561.628,-497.065,255,8,1,
1778399530852438,470814078,3628,222.122437,76,-563.702,-509.745,255,8,1,
1778399530852908,470824035,3637,222.673477,77,-566.126,-521.921,255,8,1,
1778399530853225,470833971,3646,223.224487,77,-561.081,-527.341,255,8,1,
1778399530853521,470843929,3656,223.836731,77,-555.414,-533.306,255,8,1,
1778399530853821,470853856,3665,224.387741,78,-557.405,-545.618,255,8,1,
1778399530854151,470863819,3674,224.938782,79,-559.211,-558.017,255,8,1,
1778399530868873,470873752,3683,225.489792,80,-560.829,-570.500,255,8,1,
1778399530875631,470883712,3693,226.102051,81,-561.635,-583.667,255,8,1,
1778399530887251,470893647,3702,226.653061,82,-562.860,-596.313,255,8,1,
1778399530925911,470903609,3711,227.204086,82,-557.099,-601.698,255,8,1,
1778399530926450,470913540,3720,227.755096,83,-558.010,-614.431,255,8,1,
1778399530926879,470923497,3730,228.367355,84,-558.056,-627.833,255,8,1,
1778399530927273,470933434,3739,228.918365,86,-565.135,-648.246,255,8,1,
1778399530943491,470943388,3748,229.469391,89,-578.370,-676.452,255,8,1,
1778399530944077,470953317,3757,230.020416,91,-584.688,-697.309,255,8,1,
1778399530990457,470963280,3766,230.571426,91,-577.955,-702.899,255,8,1,
1778399530991145,470973215,3776,231.183670,91,-570.412,-709.035,255,8,1,
1778399530991560,470983173,3785,231.734680,90,-557.374,-706.636,255,8,1,
1778399530991894,470993107,3794,232.285721,90,-550.552,-711.964,255,8,1,
1778399530992359,471003063,3803,232.836731,88,-531.598,-701.287,255,8,1,
1778399531007507,471012997,3812,233.387756,88,-524.829,-706.367,255,8,1,
1778399531013804,471022965,3822,233.999985,90,-529.007,-728.115,255,8,1,
1778399531025639,471032895,3831,234.551025,91,-527.780,-741.315,255,8,1,
1778399531088040,471042859,3840,235.102036,92,-526.347,-754.558,255,8,1,
1778399531088534,471052795,3849,235.653076,93,-524.708,-767.842,255,8,1,
1778399531088958,471062758,3858,236.204086,94,-522.862,-781.163,255,8,1,
1778399531089432,471072691,3867,236.755096,94,-515.326,-786.155,255,8,1,
1778399531089940,471082660,3876,237.306122,95,-513.143,-799.490,255,8,1,
1778399531090356,471092597,3886,237.918381,96,-509.882,-813.401,255,8,1,
1778399531090797,471102560,3895,238.469391,97,-507.265,-826.790,255,8,1,
1778399531107693,471112489,3904,239.020401,98,-504.438,-840.204,255,8,1,
1778399531115391,471122458,3913,239.571426,99,-501.399,-853.639,255,8,1,
1778399531127778,471132373,3922,240.122452,99,-493.167,-858.421,255,8,1,
1778399531173912,471142340,3931,240.673477,100,-489.786,-871.843,255,8,1,
1778399531174471,471152279,3940,241.224487,102,-491.007,-894.043,255,8,1,
1778399531174988,471162244,3949,241.775497,103,-487.115,-907.534,255,8,1,
1778399531175507,471172180,3958,242.326538,107,-496.942,-947.601,255,8,0,unstable_angle_bin
1778399531175859,471182151,3968,242.938782,135,-614.172,-1202.203,255,8,0,unstable_angle_bin
1778399531191679,471192090,3976,243.428574,191,-854.368,-1708.261,255,8,1,
1778399531192206,471202040,3985,243.979584,225,-987.056,-2021.935,255,8,1,
1778399531208143,471211985,3994,244.530624,247,-1062.171,-2229.954,255,8,1,
1778399531209445,471221937,4003,245.081635,260,-1095.449,-2357.963,255,8,1,
1778399531266561,471231885,4012,245.632645,267,-1101.603,-2432.153,255,8,1,
1778399531267047,471241840,4021,246.183685,270,-1090.276,-2470.081,255,8,1,
1778399531267393,471251784,4030,246.734695,272,-1074.371,-2498.825,255,8,1,
1778399531267835,471261738,4039,247.285721,270,-1042.567,-2490.593,255,8,1,
1778399531268274,471271687,4048,247.836731,272,-1026.112,-2519.026,255,8,1,
1778399531268844,471281643,4057,248.387741,271,-998.157,-2519.481,255,8,1,
1778399531283150,471291588,4066,248.938782,269,-966.692,-2510.300,255,8,1,
1778399531329439,471301544,4075,249.489792,268,-939.003,-2510.114,255,8,1,
1778399531330060,471311486,4084,250.040817,263,-897.752,-2472.032,255,8,1,
1778399531330647,471321444,4093,250.591843,262,-870.614,-2471.119,255,8,1,
1778399531331087,471331386,4102,251.142853,262,-846.809,-2479.378,255,8,1,
1778399531331517,471341342,4111,251.693878,260,-816.644,-2468.419,255,8,1,
1778399531348365,471351288,4120,252.244888,258,-786.769,-2457.111,255,8,1,
1778399531348837,471361238,4128,252.734680,258,-765.736,-2463.747,255,8,1,
1778399531410622,471371180,4137,253.285721,256,-736.254,-2451.842,255,8,1,
1778399531411153,471381137,4146,253.836731,254,-707.074,-2439.600,255,8,1,
1778399531411639,471391080,4155,254.387756,253,-680.888,-2436.656,255,8,1,
1778399531412030,471401031,4164,254.938782,251,-652.226,-2423.778,255,8,1,
1778399531412447,471410978,4173,255.489792,249,-623.876,-2410.577,255,8,1,
1778399531412842,471420927,4182,256.040833,247,-595.839,-2397.056,255,8,1,
1778399531428627,471430871,4191,256.591827,246,-570.441,-2392.947,255,8,1,
1778399531429146,471440836,4200,257.142853,213,-473.970,-2076.596,255,8,1,
1778399531446351,471450767,4208,257.632660,188,-402.656,-1836.374,255,8,1,
1778399531447045,471460732,4217,258.183655,184,-376.787,-1801.009,255,8,1,
1778399531500911,471470666,4226,258.734711,186,-363.355,-1824.164,255,8,1,
1778399531501454,471480635,4235,259.285706,184,-342.078,-1807.922,255,8,1,
1778399531501934,471490568,4244,259.836731,152,-268.210,-1496.150,255,8,1,
1778399531502413,471500551,4252,260.326538,137,-230.205,-1350.521,255,8,1,
1778399531502772,471510479,4261,260.877563,130,-206.108,-1283.557,255,8,1,
1778399531518388,471520448,4270,261.428558,127,-189.284,-1255.815,255,8,1,
1778399531518845,471530377,4279,261.979584,124,-173.012,-1227.871,255,8,1,
1778399531526247,471540353,4288,262.530609,120,-155.996,-1189.817,255,8,1,
1778399531539599,471550284,4297,263.081635,124,-149.364,-1230.971,255,8,1,
1778399531581939,471560255,4306,263.632660,127,-140.846,-1262.166,255,8,1,
1778399531582412,471570186,4314,264.122437,125,-128.004,-1243.429,255,8,1,
1778399531582783,471580158,4323,264.673462,124,-115.111,-1234.645,255,8,1,
1778399531583125,471590082,4332,265.224487,124,-103.232,-1235.695,255,8,1,
1778399531640162,471600049,4341,265.775513,123,-90.607,-1226.658,255,8,1,
1778399531640602,471609982,4350,266.326538,123,-78.806,-1227.473,255,8,1,
1778399531641064,471619946,4358,266.816315,123,-68.311,-1228.102,255,8,1,
1778399531641453,471629873,4367,267.367340,122,-56.038,-1218.712,255,8,1,
1778399531641885,471639844,4376,267.918365,122,-44.315,-1219.195,255,8,1,
1778399531642286,471649773,4385,268.469391,121,-32.320,-1209.568,255,8,1,
1778399531656714,471659743,4394,269.020416,120,-20.515,-1199.825,255,8,1,
1778399531657253,471669669,4402,269.510193,121,-10.344,-1209.956,255,8,1,
1778399531664746,471679642,4411,270.061218,122,1.304,-1219.999,255,8,1,
1778399531675877,471689573,4420,270.612244,121,12.929,-1209.931,255,8,1,
1778399531726820,471699536,4429,271.163269,119,24.159,-1189.755,255,8,1,
1778399531727278,471709477,4438,271.714294,107,32.010,-1069.521,255,8,1,
1778399531727733,471719464,4447,272.265320,93,36.760,-929.273,255,8,1,
1778399531728142,471729408,4456,272.816315,87,42.747,-868.949,255,8,1,
1778399531728533,471739376,4464,273.306122,86,49.597,-858.569,255,8,1,
1778399531743611,471749312,4473,273.857147,86,57.851,-858.052,255,8,1,
1778399531744077,471759287,4482,274.408142,86,66.100,-857.456,255,8,1,
1778399531789942,471769232,4491,274.959198,94,81.260,-936.481,255,8,1,
1778399531790441,471779195,4500,275.510193,98,94.102,-975.472,255,8,1,
1778399531790856,471789120,4509,276.061249,100,105.592,-994.410,255,8,1,
1778399531791268,471799083,4518,276.612244,100,115.149,-993.348,255,8,1,
1778399531805186,471809025,4527,277.163269,100,124.697,-992.195,255,8,1,
1778399531805697,471819021,4536,277.714294,99,132.891,-981.040,255,8,1,
1778399531817945,471828965,4544,278.204071,95,135.564,-940.278,255,8,1,
1778399531824176,471838936,4553,278.755096,83,126.335,-820.329,255,8,1,
1778399531876473,471848875,4562,279.306122,69,111.579,-680.919,255,8,1,
1778399531876977,471862825,4575,280.102051,53,92.963,-521.783,255,8,1,
1778399531877555,471872761,4584,280.653076,48,88.734,-471.727,255,8,1,
1778399531878049,471882730,4593,281.204071,47,91.323,-461.042,255,8,1,
1778399531878475,471892673,4602,281.755096,47,95.753,-460.143,255,8,1,
1778399531895000,471902639,4611,282.306122,46,98.042,-449.430,255,8,1,
1778399531896402,471912583,4620,282.857147,52,115.711,-506.963,255,8,1,
1778399531953280,471922549,4629,283.408173,53,122.900,-515.554,255,8,1,
1778399531953799,471932492,4638,283.959167,59,142.326,-572.576,255,8,1,
1778399531954276,471942462,4647,284.510223,60,150.332,-580.862,255,8,1,
1778399531954805,471954399,4657,285.122437,60,156.530,-579.222,255,8,1,
1778399531955260,471964346,4666,285.673492,60,162.093,-577.690,255,8,1,
1778399532011165,471974313,4675,286.224487,69,192.787,-662.520,255,8,1,
1778399532011678,471984255,4684,286.775513,85,245.329,-813.826,255,8,1,
1778399532012084,471994226,4693,287.326538,87,259.101,-830.522,255,8,1,
1778399532012517,472004172,4702,287.877533,85,260.936,-808.958,255,8,1,
1778399532012947,472014138,4711,288.428589,83,262.382,-787.436,255,8,1,
1778399532013416,472024077,4720,288.979584,82,266.690,-775.420,255,8,1,
1778399532029362,472034048,4729,289.530609,81,270.791,-763.395,255,8,1,
1778399532029852,472043992,4738,290.081635,81,278.121,-760.756,255,8,1,
1778399532076631,472053959,4747,290.632660,80,281.900,-748.687,255,8,1,
1778399532077258,472063904,4756,291.183685,79,285.474,-736.617,255,8,1,
1778399532077716,472073867,4765,291.734680,80,296.247,-743.127,255,8,1,
1778399532078215,472083806,4774,292.285736,80,303.381,-740.243,255,8,1,
1778399532078711,472093780,4783,292.836731,81,314.366,-746.508,255,8,1,
1778399532092806,472103718,4792,293.387756,84,333.439,-770.985,255,8,1,
1778399532105912,472113679,4801,293.938782,86,348.954,-786.022,255,8,1,
1778399532106343,472123618,4810,294.489777,85,352.351,-773.530,255,8,1,
1778399532156074,472133583,4819,295.040833,85,359.774,-770.105,255,8,1,
1778399532156569,472143519,4828,295.591827,84,362.844,-757.591,255,8,1,
1778399532157013,472153485,4837,296.142853,83,365.707,-745.090,255,8,1,
1778399532157489,472163421,4846,296.693878,72,323.441,-643.262,255,8,1,
1778399532157959,472173382,4854,297.183685,69,315.223,-613.787,255,8,1,
1778399532175733,472183320,4864,297.795929,71,331.090,-628.076,255,8,1,
1778399532176262,472193272,4872,298.285706,82,388.572,-722.088,255,8,1,
1778399532229200,472203214,4881,298.836731,86,414.791,-753.358,255,8,1,
1778399532229725,472213175,4890,299.387756,86,422.017,-749.334,255,8,1,
1778399532230268,472223112,4899,299.938782,87,434.195,-753.906,255,8,1,
1778399532230702,472233070,4908,300.489777,88,446.498,-758.313,255,8,1,
1778399532231152,472243007,4917,301.040833,89,458.927,-762.552,255,8,1,
1778399532246492,472252978,4926,301.591827,90,471.478,-766.621,255,8,1,
1778399532246932,472262910,4935,302.142853,89,473.508,-753.585,255,8,1,
1778399532256687,472272871,4944,302.693878,88,475.332,-740.580,255,8,1,
1778399532313286,472282809,4953,303.244904,88,482.433,-735.975,255,8,1,
1778399532313912,472292771,4962,303.795929,87,483.926,-722.991,255,8,1,
1778399532314459,472302704,4971,304.346924,86,485.214,-710.047,255,8,1,
1778399532314933,472312662,4980,304.897949,86,492.020,-705.348,255,8,1,
1778399532315377,472322600,4989,305.448975,87,504.581,-708.730,255,8,1,
1778399532315845,472332558,4998,306.000000,87,511.373,-703.845,255,8,1,
1778399532332755,472342491,5007,306.551025,87,518.118,-698.894,255,8,1,
1778399532333857,472352448,5016,307.102020,87,524.815,-693.880,255,8,1,
1778399532389651,472362382,5025,307.653076,88,537.573,-696.717,255,8,1,
1778399532390132,472372349,5034,308.204071,87,538.064,-683.657,255,8,1,
1778399532390606,472382290,5043,308.755096,86,538.354,-670.653,255,8,1,
1778399532391027,472392257,5052,309.306122,84,532.109,-649.969,255,8,1,
1778399532391476,472402193,5061,309.857147,83,531.927,-637.145,255,8,1,
1778399532393275,472412161,5070,310.408173,82,531.547,-624.386,255,8,1,
1778399532408670,472422102,5079,310.959167,81,530.972,-611.693,255,8,1,
1778399532456714,472432067,5088,311.510223,80,530.203,-599.070,255,8,1,
1778399532457323,472442012,5097,312.061218,79,529.240,-586.519,255,8,1,
1778399532457791,472451978,5106,312.612244,78,528.086,-574.043,255,8,1,
1778399532458141,472461926,5115,313.163269,78,533.582,-568.938,255,8,1,
1778399532458472,472471895,5124,313.714264,73,504.476,-527.640,255,8,1,
1778399532474902,472481840,5133,314.265320,69,481.608,-494.120,255,8,1,
1778399532475382,472491805,5142,314.816315,69,486.337,-489.465,255,8,1,
1778399532482303,472501750,5151,315.367371,72,512.371,-505.842,255,8,1,
1778399532530752,472511719,5160,315.918365,73,524.395,-507.848,255,8,1,
1778399532531294,472521656,5169,316.469391,72,522.005,-495.894,255,8,1,
1778399532531667,472531621,5178,317.020416,72,526.750,-490.851,255,8,1,
1778399532532172,472541570,5187,317.571411,71,524.064,-479.016,255,8,1,
1778399532532715,472550539,5196,318.122467,71,528.647,-473.954,255,8,1,
1778399532547510,472561476,5205,318.673462,70,525.671,-462.245,255,8,1,
1778399532587861,472571443,5214,319.224487,70,530.092,-457.168,255,8,1,
1778399532588375,472581385,5223,319.775513,69,526.829,-445.591,255,8,1,
1778399532588694,472591355,5232,320.326538,68,523.393,-434.120,255,8,1,
1778399532589060,472601295,5241,320.877563,68,527.544,-429.066,255,8,1,
1778399532604318,472611265,5250,321.428558,67,523.827,-417.738,255,8,1,
1778399532604704,472621209,5260,322.040833,62,488.839,-381.362,255,8,1,
1778399532615296,472631175,5268,322.530609,53,420.650,-322.419,255,8,1,
1778399532626795,472641109,5277,323.081635,50,399.746,-300.338,255,8,1,
1778399532679852,472651084,5286,323.632660,50,402.616,-296.480,255,8,1,
1778399532680253,472661030,5296,324.244873,50,405.761,-292.161,255,8,1,
1778399532680674,472670993,5304,324.734711,50,408.244,-288.682,255,8,1,
1778399532681004,472680933,5314,325.346924,50,411.305,-284.303,255,8,1,
1778399532681358,472690895,5323,325.897980,50,414.020,-280.334,255,8,1,
1778399532681671,472700838,5332,326.448975,50,416.697,-276.340,255,8,1,
1778399532695742,472710800,5340,326.938782,50,419.044,-272.767,255,8,1,
1778399532707081,472720743,5350,327.551025,50,421.935,-268.274,255,8,1,
1778399532712560,472730697,5358,328.040802,50,424.213,-264.658,255,8,1,
1778399532756685,472740640,5368,328.653076,52,444.097,-270.514,255,8,1,
1778399532757527,472750605,5377,329.204071,56,481.038,-286.710,255,8,1,
1778399532757950,472760545,5386,329.755096,60,518.328,-302.218,255,8,1,
1778399532758307,472770510,5394,330.244904,61,529.574,-302.739,255,8,1,
1778399532759534,472780452,5404,330.857147,61,532.779,-297.063,255,8,1,
1778399532773318,472790416,5412,331.346954,60,526.524,-287.703,255,8,1,
1778399532817697,472800356,5422,331.959167,60,529.568,-282.060,255,8,1,
1778399532818287,472810323,5430,332.448975,60,531.960,-277.523,255,8,1,
1778399532818653,472820262,5439,333.000000,60,534.604,-272.394,255,8,1,
1778399532819024,472830231,5448,333.551025,60,537.199,-267.240,255,8,1,
1778399532819356,472840170,5457,334.102051,59,530.748,-257.694,255,8,1,
1778399532833657,472850138,5466,334.653046,59,533.202,-252.578,255,8,1,
1778399532844570,472860076,5475,335.204071,59,535.606,-247.439,255,8,1,
1778399532906097,472870043,5484,335.755096,58,528.843,-238.170,255,8,1,
1778399532906632,472879982,5493,336.306122,58,531.109,-233.073,255,8,1,
1778399532907095,472889945,5502,336.857147,58,533.326,-227.954,255,8,1,
1778399532907521,472899882,5511,337.408173,58,535.494,-222.815,255,8,1,
1778399532907929,472909855,5520,337.959198,57,528.343,-213.902,255,8,1,
1778399532908344,472919796,5529,338.510193,57,530.375,-208.811,255,8,1,
1778399532908686,472929767,5538,339.061218,57,532.359,-203.701,255,8,1,
1778399532923940,472939715,5547,339.612244,57,534.293,-198.572,255,8,1,
1778399532968601,472949683,5556,340.163269,57,536.178,-193.424,255,8,1,
1778399532969004,472959623,5565,340.714294,57,538.014,-188.259,255,8,1,
1778399532969377,472969591,5574,341.265320,57,539.799,-183.076,255,8,1,
1778399532969708,472979539,5583,341.816315,56,532.034,-174.756,255,8,1,
1778399532970154,472989511,5592,342.367340,56,533.690,-169.631,255,8,1,
1778399532984449,472999458,5601,342.918365,56,535.297,-164.491,255,8,1,
1778399532995493,473009427,5609,343.408142,56,536.683,-159.909,255,8,1,
1778399532996955,473019367,5618,343.959198,56,538.196,-154.740,255,8,1,
1778399533051953,473029341,5627,344.510193,56,539.660,-149.557,255,8,1,
1778399533052437,473039291,5636,345.061218,55,531.411,-141.783,255,8,1,
1778399533052955,473049258,5645,345.612244,55,532.750,-136.666,255,8,1,
1778399533053397,473059202,5654,346.163269,55,534.040,-131.536,255,8,1,
1778399533053802,473069173,5663,346.714294,55,535.280,-126.394,255,8,1,
1778399533069733,473079109,5672,347.265289,55,536.471,-121.240,255,8,1,
1778399533070249,473089078,5681,347.816345,55,537.612,-116.075,255,8,1,
1778399533107415,473099029,5690,348.367340,54,528.909,-108.884,255,8,1,
1778399533107855,473108999,5699,348.918365,54,529.931,-103.792,255,8,1,
1778399533108231,473118943,5708,349.469391,54,530.905,-98.691,255,8,1,
1778399533108516,473128916,5717,350.020416,54,531.830,-93.581,255,8,1,
1778399533123813,473138859,5726,350.571442,54,532.705,-88.462,255,8,1,
1778399533135614,473148830,5735,351.122437,54,533.531,-83.335,255,8,1,
1778399533136064,473158774,5744,351.673492,54,534.308,-78.200,255,8,1,
1778399533189271,473168740,5752,352.163269,54,534.957,-73.629,255,8,1,
1778399533189709,473178679,5761,352.714294,54,535.640,-68.481,255,8,1,
1778399533190086,473188645,5770,353.265320,54,536.274,-63.327,255,8,1,
1778399533190458,473198589,5779,353.816315,54,536.858,-58.167,255,8,1,
1778399533190788,473208560,5788,354.367340,53,527.441,-52.020,255,8,1,
1778399533205530,473218499,5797,354.918365,53,527.917,-46.945,255,8,1,
1778399533205943,473228467,5806,355.469391,53,528.344,-41.866,255,8,1,
1778399533248776,473238409,5815,356.020416,53,528.722,-36.783,255,8,1,
1778399533249157,473248373,5824,356.571442,53,529.051,-31.696,255,8,1,
1778399533249516,473258315,5832,357.061218,53,529.303,-27.173,255,8,1,
1778399533249830,473268273,5842,357.673462,53,529.563,-21.515,255,8,1,
1778399533264503,473278215,5850,358.163269,53,529.728,-16.987,255,8,1,
1778399533264894,473288180,5859,358.714264,53,529.867,-11.892,255,8,1,
1778399533276039,473298120,5868,359.265320,53,529.956,-6.796,255,8,1,
1778399533325494,473308082,5877,359.816315,53,529.997,-1.699,255,8,1,
1778399533325892,473318020,6,0.367347,53,529.989,3.398,255,8,1,
1778399533326264,473327988,15,0.918367,53,529.932,8.495,255,8,1,
1778399533326620,473337928,24,1.469388,53,529.826,13.591,255,8,1,
1778399533326941,473347893,33,2.020408,53,529.671,18.685,255,8,1,
1778399533340461,473357832,41,2.510204,53,529.491,23.213,255,8,1,
1778399533381850,473367792,50,3.061225,52,519.258,27.770,255,8,1,
1778399533382256,473377726,59,3.612245,52,518.967,32.762,255,8,1,
1778399533382685,473387694,68,4.163265,52,518.628,37.751,255,8,1,
1778399533383092,473397630,77,4.714286,52,518.241,42.737,255,8,1,
1778399533383483,473407597,86,5.265306,52,517.806,47.719,255,8,1,
1778399533397230,473417543,94,5.755102,53,527.329,53.147,255,8,1,
1778399533441033,473427503,103,6.306122,52,516.854,57.117,255,8,1,
1778399533441827,473437445,112,6.857143,52,516.280,62.085,255,8,1,
1778399533442359,473447420,121,7.408164,52,515.659,67.047,255,8,1,
1778399533442698,473457364,130,7.959184,52,514.991,72.003,255,8,1,
1778399533443044,473467328,139,8.510204,52,514.275,76.952,255,8,1,
1778399533456669,473477271,148,9.061224,52,513.511,81.895,255,8,1,
1778399533463854,473487233,156,9.551021,52,512.792,86.281,255,8,1,
1778399533474061,473497172,165,10.102040,52,511.938,91.209,255,8,1,
1778399533511469,473507140,174,10.653061,52,511.038,96.128,255,8,1,
1778399533511920,473517080,183,11.204082,52,510.089,101.038,255,8,1,
1778399533512329,473527047,192,11.755101,52,509.094,105.939,255,8,1,
1778399533512682,473536990,200,12.244899,52,508.170,110.287,255,8,1,
1778399533527393,473546952,209,12.795918,52,507.086,115.169,255,8,1,
1778399533569998,473556899,218,13.346939,53,515.685,122.349,255,8,1,
1778399533570449,473566870,226,13.836735,53,514.620,126.753,255,8,1,
1778399533570826,473576813,235,14.387755,53,513.377,131.696,255,8,1,
1778399533571244,473586781,244,14.938775,53,512.087,136.627,255,8,1,
1778399533571811,473596718,252,15.428572,53,510.900,141.000,255,8,1,
1778399533586955,473606682,261,15.979591,53,509.521,145.906,255,8,1,
1778399533630460,473616619,269,16.469389,53,508.255,150.257,255,8,1,
1778399533630827,473626585,278,17.020409,53,506.786,155.138,255,8,1,
1778399533631286,473636520,287,17.571428,53,505.271,160.004,255,8,1,
1778399533631615,473646486,295,18.061224,53,503.885,164.318,255,8,1,
1778399533631907,473656422,304,18.612246,53,502.281,169.156,255,8,1,
1778399533646110,473666387,313,19.163265,53,500.631,173.978,255,8,1,
1778399533653600,473676328,321,19.653061,53,499.126,178.252,255,8,1,
1778399533663359,473686294,330,20.204081,53,497.388,183.043,255,8,1,
1778399533703852,473696234,338,20.693876,53,495.805,187.289,255,8,1,
1778399533704374,473706202,347,21.244898,53,493.981,192.048,255,8,1,
1778399533704952,473716139,355,21.734694,53,492.322,196.264,255,8,1,
1778399533705373,473726098,364,22.285715,54,499.664,204.782,255,8,1,
1778399533754727,473736041,372,22.775511,54,497.895,209.046,255,8,1,
1778399533755309,473746001,381,23.326530,54,495.862,213.824,255,8,1,
1778399533755696,473755936,390,23.877550,54,493.783,218.583,255,8,1,
1778399533756015,473765897,398,24.367346,54,491.896,222.796,255,8,1,
1778399533756382,473775837,407,24.918367,54,489.731,227.516,255,8,1,
1778399533771502,473785801,415,25.408163,54,487.768,231.694,255,8,1,
1778399533771900,473795736,424,25.959183,54,485.517,236.375,255,8,1,
1778399533816599,473805696,432,26.448978,54,483.479,240.516,255,8,1,
1778399533817010,473815635,441,27.000002,54,481.144,245.155,255,8,1,
1778399533817408,473825597,450,27.551022,54,478.764,249.771,255,8,1,
1778399533817783,473835528,458,28.040815,54,476.611,253.854,255,8,1,
1778399533818514,473845485,466,28.530611,55,483.209,262.696,255,8,1,
1778399533831808,473855428,475,29.081635,55,480.660,267.330,255,8,1,
1778399533838320,473865386,483,29.571430,55,478.358,271.430,255,8,1,
1778399533848248,473875323,492,30.122450,55,475.725,276.017,255,8,1,
1778399533884480,473885284,500,30.612244,55,473.348,280.074,255,8,1,
1778399533884856,473895214,509,31.163263,55,470.633,284.613,255,8,1,
1778399533885204,473905174,517,31.653063,55,468.183,288.626,255,8,1,
1778399533899787,473915111,526,32.204082,56,473.847,298.444,255,8,1,
1778399533900251,473925072,534,32.693878,56,471.278,302.484,255,8,1,
1778399533942919,473935013,543,33.244896,56,468.348,307.002,255,8,1,
1778399533943275,473944978,551,33.734692,56,465.706,310.995,255,8,1,
1778399533943584,473954918,560,34.285713,56,462.694,315.459,255,8,1,
1778399533943870,473964881,568,34.775509,56,459.980,319.403,255,8,1,
1778399533958002,473974821,577,35.326530,56,456.887,323.812,255,8,1,
1778399533958341,473984781,585,35.816326,56,454.102,327.706,255,8,1,
1778399533969829,473994716,593,36.306122,57,459.343,337.497,255,8,1,
1778399533976881,474004682,602,36.857143,57,456.076,341.898,255,8,1,
1778399534018064,474014624,610,37.346939,57,453.137,345.785,255,8,1,
1778399534018463,474024588,619,37.897957,57,449.790,350.127,255,8,1,
1778399534018776,474034527,627,38.387753,57,446.781,353.959,255,8,1,
1778399534019063,474044487,635,38.877552,58,451.524,364.042,255,8,1,
1778399534032249,474054426,644,39.428574,58,448.002,368.367,255,8,1,
1778399534076783,474064392,652,39.918365,58,444.837,372.183,255,8,1,
1778399534077342,474074329,660,40.408161,58,441.639,375.972,255,8,1,
1778399534077861,474084291,668,40.897957,58,438.409,379.734,255,8,1,
1778399534078375,474094228,677,41.448982,58,434.736,383.933,255,8,1,
1778399534078820,474104196,685,41.938778,58,431.438,387.635,255,8,1,
1778399534092089,474114132,693,42.428570,57,420.728,384.562,255,8,1,
1778399534132897,474124088,702,42.979591,56,409.694,381.773,255,8,1,
1778399534133449,474134026,710,43.469387,56,406.416,385.261,255,8,1,
1778399534133828,474143981,718,43.959187,56,403.107,388.722,255,8,1,
1778399534134177,474153921,726,44.448982,56,399.770,392.153,255,8,1,
1778399534135321,474163876,731,44.755100,55,390.567,387.243,255,8,1,
1778399534149256,474173820,733,44.877552,54,382.653,381.021,255,8,1,
1778399534159515,474183775,734,44.938774,54,382.245,381.429,255,8,1,
1778399534165532,474193719,734,44.938774,54,382.245,381.429,255,8,1,
1778399534208728,474203682,734,44.938774,54,382.245,381.429,255,8,1,
1778399534209207,474213616,734,44.938774,54,382.245,381.429,255,8,1,
1778399534209586,474223580,734,44.938774,54,382.245,381.429,255,8,1,
1778399534209905,474233522,734,44.938774,54,382.245,381.429,255,8,1,
1778399534222596,474243490,734,44.938774,54,382.245,381.429,255,8,1,
1778399534224356,474253430,734,44.938774,54,382.245,381.429,255,8,1,
1778399534267673,474263395,733,44.877552,55,389.739,388.077,255,8,1,
1778399534268156,474273330,731,44.755100,55,390.567,387.243,255,8,1,
1778399534268553,474283295,728,44.571430,55,391.807,385.989,255,8,1,
1778399534268951,474293234,724,44.326530,55,393.453,384.311,255,8,1,
1778399534282751,474303191,721,44.142857,55,394.683,383.047,255,8,1,
1778399534283683,474313134,718,43.959187,55,395.909,381.780,255,8,1,
1778399534294245,474323093,714,43.714287,55,397.537,380.084,255,8,1,
1778399534305101,474333028,710,43.469387,55,399.158,378.382,255,8,1,
1778399534362486,474342992,707,43.285713,55,400.369,377.100,255,8,1,
1778399534362926,474352932,703,43.040813,55,401.977,375.386,255,8,1,
1778399534363307,474362899,699,42.795918,55,403.578,373.664,255,8,1,
1778399534363669,474372837,695,42.551022,55,405.171,371.936,255,8,1,
1778399534364021,474382804,691,42.306122,55,406.758,370.200,255,8,1,
1778399534364368,474392742,687,42.061226,55,408.336,368.458,255,8,1,
1778399534377757,474402695,682,41.755100,56,417.759,372.931,255,8,1,
1778399534384580,474412639,678,41.510204,56,419.349,371.142,255,8,1,
1778399534396030,474422601,674,41.265305,57,428.448,375.942,255,8,1,
1778399534449106,474432542,669,40.959183,57,430.451,373.647,255,8,1,
1778399534449534,474442502,664,40.653061,57,432.441,371.342,255,8,1,
1778399534449868,474452442,660,40.408161,57,434.024,369.490,255,8,1,
1778399534450230,474462407,655,40.102039,58,443.641,373.607,255,8,1,
1778399534450824,474472342,650,39.795918,58,445.631,371.232,255,8,1,
1778399534452111,474482303,646,39.551022,58,447.214,369.324,255,8,1,
1778399534466957,474492246,641,39.244896,58,449.180,366.929,255,8,1,
1778399534509092,474502210,636,38.938778,57,443.356,358.239,255,8,1,
1778399534509557,474512148,631,38.632652,57,445.264,355.865,255,8,1,
1778399534509948,474522112,626,38.326530,57,447.159,353.481,255,8,1,
1778399534510330,474532052,621,38.020409,57,449.041,351.087,255,8,1,
1778399534511347,474542020,616,37.714287,57,450.910,348.683,255,8,1,
1778399534524799,474551958,611,37.408161,57,452.767,346.269,255,8,1,
1778399534535699,474561922,606,37.102039,57,454.611,343.845,255,8,1,
1778399534546021,474571873,600,36.734695,57,456.806,340.923,255,8,1,
1778399534588159,474581844,595,36.428574,56,450.575,332.539,255,8,1,
1778399534588583,474591789,590,36.122448,56,452.345,330.127,255,8,1,
1778399534588964,474601749,584,35.755100,56,454.452,327.220,255,8,1,
1778399534589430,474611692,579,35.448982,56,456.194,324.788,255,8,1,
1778399534590545,474621656,574,35.142857,56,457.923,322.346,255,8,1,
1778399534604195,474631595,568,34.775509,56,459.980,319.403,255,8,1,
1778399534646454,474641560,563,34.469387,56,461.680,316.941,255,8,1,
1778399534647000,474651494,557,34.102039,56,463.703,313.974,255,8,1,
1778399534647538,474661456,551,33.734692,56,465.706,310.995,255,8,1,
1778399534648031,474671403,546,33.428574,55,459.015,302.993,255,8,1,
1778399534661972,474681368,540,33.061226,55,460.948,300.044,255,8,1,
1778399534662423,474691305,534,32.693878,55,462.863,297.083,255,8,1,
1778399534675951,474701270,528,32.326530,55,464.758,294.109,255,8,1,
1778399534688082,474711214,522,31.959183,55,466.634,291.123,255,8,1,
1778399534689515,474721173,516,31.591835,55,468.491,288.125,255,8,1,
1778399534733564,474731116,510,31.224491,55,470.329,285.116,255,8,1,
1778399534734120,474741078,504,30.857143,55,472.147,282.095,255,8,1,
1778399534734547,474751021,498,30.489796,55,473.946,279.062,255,8,1,
1778399534734952,474760983,492,30.122450,55,475.725,276.017,255,8,1,
1778399534793669,474770916,486,29.755102,55,477.485,272.962,255,8,1,
1778399534794202,474780887,480,29.387754,54,470.512,264.987,255,8,1,
1778399534794584,474790823,473,28.959183,54,472.481,261.461,255,8,1,
1778399534794912,474800790,467,28.591835,54,474.148,258.426,255,8,1,
1778399534795306,474810735,460,28.163265,54,476.067,254.872,255,8,1,
1778399534795636,474820696,454,27.795918,54,477.692,251.815,255,8,1,
1778399534810406,474830644,448,27.428572,54,479.296,248.747,255,8,1,
1778399534810895,474840608,441,27.000002,54,481.144,245.155,255,8,1,
1778399534818205,474850553,434,26.571430,54,482.964,241.549,255,8,1,
1778399534828587,474860519,428,26.204082,54,484.503,238.448,255,8,1,
1778399534870067,474870461,421,25.775511,54,486.273,234.817,255,8,1,
1778399534870763,474880430,414,25.346939,54,488.015,231.173,255,8,1,
1778399534871170,474890369,408,24.979591,54,489.487,228.040,255,8,1,
1778399534871640,474900329,401,24.551022,54,491.179,224.372,255,8,1,
1778399534887405,474910268,394,24.122450,54,492.844,220.692,255,8,1,
1778399534887768,474920244,387,23.693878,53,485.324,212.980,255,8,1,
1778399534933055,474930190,380,23.265306,53,486.903,209.344,255,8,1,
1778399534933666,474940158,373,22.836735,53,488.456,205.696,255,8,1,
1778399534934091,474950098,366,22.408163,53,489.981,202.037,255,8,1,
1778399534934478,474960062,359,21.979593,53,491.478,198.366,255,8,1,
1778399534950619,474970003,352,21.551022,53,492.948,194.685,255,8,1,
1778399534951049,474979969,344,21.061224,53,494.594,190.464,255,8,1,
1778399534961178,474989902,337,20.632652,53,496.005,186.759,255,8,1,
1778399534967785,474999858,330,20.204081,53,497.388,183.043,255,8,1,
1778399535023975,475009799,323,19.775511,53,498.743,179.318,255,8,1,
1778399535024446,475019760,315,19.285715,53,500.258,175.048,255,8,1,
1778399535024904,475029699,308,18.857143,53,501.554,171.301,255,8,1,
1778399535025280,475039665,300,18.367348,53,503.000,167.007,255,8,1,
1778399535025627,475049601,293,17.938776,53,504.235,163.240,255,8,1,
1778399535026068,475059563,285,17.448978,53,505.612,158.924,255,8,1,
1778399535043471,475069503,277,16.959185,53,506.952,154.596,255,8,1,
1778399535055756,475079462,270,16.530613,52,498.507,147.954,255,8,1,
1778399535056255,475089400,262,16.040817,52,499.754,143.687,255,8,1,
1778399535110893,475099362,254,15.551020,52,500.964,139.410,255,8,1,
1778399535111426,475109305,246,15.061225,52,502.137,135.123,255,8,1,
1778399535111966,475119270,238,14.571429,52,503.274,130.825,255,8,1,
1778399535112508,475129213,231,14.142858,52,504.239,127.057,255,8,1,
1778399535112944,475139183,223,13.653061,52,505.306,122.742,255,8,1,
1778399535128863,475149131,214,13.102041,52,506.463,117.877,255,8,1,
1778399535129244,475159096,206,12.612245,52,507.452,113.543,255,8,1,
1778399535136147,475169040,198,12.122449,52,508.405,109.201,255,8,1,
1778399535147075,475179009,190,11.632653,52,509.319,104.851,255,8,1,
1778399535210693,475188950,182,11.142858,52,510.197,100.493,255,8,1,
1778399535211234,475198919,174,10.653061,52,511.038,96.128,255,8,1,
1778399535211714,475208861,165,10.102040,52,511.938,91.209,255,8,1,
1778399535212272,475218827,157,9.612246,52,512.699,86.829,255,8,1,
1778399535212792,475228772,148,9.061224,52,513.511,81.895,255,8,1,
1778399535213156,475238742,140,8.571428,52,514.192,77.502,255,8,1,
1778399535214082,475248687,132,8.081633,52,514.836,73.104,255,8,1,
1778399535229351,475258654,123,7.530612,52,515.515,68.149,255,8,1,
1778399535235165,475268595,114,6.979592,52,516.147,63.188,255,8,1,
1778399535246189,475278562,106,6.489796,52,516.668,58.774,255,8,1,
1778399535286029,475288506,97,5.938776,52,517.209,53.802,255,8,1,
1778399535286449,475298476,88,5.387755,52,517.703,48.826,255,8,1,
1778399535286791,475308417,79,4.836735,52,518.148,43.845,255,8,1,
1778399535287107,475318383,70,4.285714,52,518.546,38.860,255,8,1,
1778399535302070,475328325,61,3.734694,52,518.896,33.871,255,8,1,
1778399535303169,475338285,52,3.183673,52,519.197,28.879,255,8,1,
1778399535344713,475348225,43,2.632653,52,519.451,23.885,255,8,1,
1778399535345186,475358187,34,2.081633,52,519.657,18.888,255,8,1,
1778399535345578,475368123,25,1.530612,52,519.814,13.890,255,8,1,
1778399535346066,475378084,16,0.979592,52,519.924,8.890,255,8,1,
1778399535360452,475388028,6,0.367347,52,519.989,3.334,255,8,1,
1778399535365346,475397990,5877,359.816315,52,519.997,-1.667,255,8,1,
1778399535376817,475407927,5868,359.265320,52,519.957,-6.668,255,8,1,
1778399535386848,475417891,5858,358.653046,53,529.854,-12.459,255,8,1,
1778399535431934,475427832,5849,358.102051,53,529.709,-17.553,255,8,1,
1778399535432341,475437802,5840,357.551025,53,529.516,-22.647,255,8,1,
1778399535432730,475447742,5830,356.938782,53,529.244,-28.304,255,8,1,
1778399535433060,475457715,5820,356.326538,53,528.911,-33.957,255,8,1,
1778399535433428,475467661,5811,355.775513,53,528.560,-39.042,255,8,1,
1778399535482285,475477629,5801,355.163269,53,528.113,-44.688,255,8,1,
1778399535483037,475487574,5791,354.551025,53,527.605,-50.328,255,8,1,
1778399535483472,475497549,5782,354.000000,53,527.097,-55.400,255,8,1,
1778399535483858,475507493,5772,353.387756,53,526.475,-61.029,255,8,1,
1778399535484237,475517465,5762,352.775513,53,525.792,-66.651,255,8,1,
1778399535499843,475527412,5752,352.163269,53,525.050,-72.266,255,8,1,
1778399535501151,475537379,5742,351.551025,53,524.248,-77.872,255,8,1,
1778399535517229,475547325,5732,350.938782,53,523.386,-83.470,255,8,1,
1778399535526421,475557293,5723,350.387756,54,532.419,-90.169,255,8,1,
1778399535566983,475567234,5713,349.775513,54,531.425,-95.853,255,8,1,
1778399535567408,475577207,5703,349.163269,54,530.370,-101.526,255,8,1,
1778399535567991,475587154,5693,348.551025,54,529.255,-107.187,255,8,1,
1778399535568428,475597125,5684,348.000000,54,528.200,-112.272,255,8,1,
1778399535572457,475607063,5674,347.387756,54,526.970,-117.910,255,8,1,
1778399535586949,475617030,5664,346.775513,54,525.680,-123.534,255,8,1,
1778399535628263,475626969,5654,346.163269,54,524.330,-129.144,255,8,1,
1778399535628816,475636935,5644,345.551025,54,522.920,-134.740,255,8,1,
1778399535629310,475646873,5634,344.938782,54,521.450,-140.320,255,8,1,
1778399535629691,475656839,5625,344.387756,54,520.077,-145.328,255,8,1,
1778399535630020,475666776,5615,343.775513,54,518.494,-150.877,255,8,1,
1778399535643151,475676741,5605,343.163269,55,526.424,-159.305,255,8,1,
1778399535654793,475686682,5595,342.551025,55,524.691,-164.921,255,8,1,
1778399535665346,475696650,5586,342.000000,55,523.081,-169.959,255,8,1,
1778399535710093,475706590,5576,341.387756,55,521.235,-175.539,255,8,1,
1778399535710474,475716557,5566,340.775513,55,519.330,-181.099,255,8,1,
1778399535710786,475726493,5556,340.163269,55,517.365,-186.638,255,8,1,
1778399535711070,475736458,5546,339.551025,55,515.341,-192.155,255,8,1,
1778399535711361,475746392,5537,339.000000,56,522.805,-200.686,255,8,1,
1778399535724904,475756362,5527,338.387756,56,520.631,-206.261,255,8,1,
1778399535765972,475766304,5517,337.775513,56,518.397,-211.812,255,8,1,
1778399535766372,475776270,5508,337.224487,56,516.336,-216.788,255,8,1,
1778399535766908,475786208,5498,336.612244,56,513.990,-222.293,255,8,1,
1778399535767350,475796177,5488,336.000000,57,520.721,-231.840,255,8,1,
1778399535768334,475806121,5478,335.387756,57,518.214,-237.391,255,8,1,
1778399535783429,475816095,5468,334.775513,57,515.648,-242.915,255,8,1,
1778399535793679,475826042,5459,334.224487,57,513.288,-247.862,255,8,1,
1778399535803039,475836010,5449,333.612244,57,510.610,-253.333,255,8,1,
1778399535849131,475845957,5439,333.000000,58,516.784,-263.314,255,8,1,
1778399535849765,475855921,5430,332.448975,58,514.228,-268.272,255,8,1,
1778399535850117,475865869,5420,331.836731,58,511.332,-273.752,255,8,1,
1778399535850414,475875838,5410,331.224487,59,517.142,-284.014,255,8,1,
1778399535850676,475885778,5400,330.612244,59,514.078,-289.523,255,8,1,
1778399535864162,475895748,5390,330.000000,59,510.955,-295.000,255,8,1,
1778399535911779,475905686,5381,329.448975,59,508.094,-299.900,255,8,1,
1778399535912182,475915649,5371,328.836731,60,513.418,-310.487,255,8,1,
1778399535912566,475925580,5361,328.224487,60,510.071,-315.956,255,8,1,
1778399535912917,475935547,5352,327.673462,60,507.009,-320.846,255,8,1,
1778399535913330,475945487,5342,327.061218,60,503.551,-326.246,255,8,1,
1778399535927687,475955455,5332,326.448975,60,500.036,-331.608,255,8,1,
1778399535928069,475965401,5322,325.836731,60,496.464,-336.932,255,8,1,
1778399535942788,475975369,5313,325.285706,56,460.321,-318.911,255,8,1,
1778399535985200,475985307,5303,324.673462,51,416.094,-294.900,255,8,1,
1778399535985583,475995272,5293,324.061218,50,404.822,-293.460,255,8,1,
1778399535985955,476005215,5284,323.510193,49,393.942,-291.393,255,8,1,
1778399535986370,476015182,5274,322.897980,49,390.806,-295.586,255,8,1,
1778399535986670,476025115,5264,322.285706,49,387.625,-299.745,255,8,1,
1778399536000925,476035080,5254,321.673462,49,384.400,-303.870,255,8,1,
1778399536042628,476045022,5245,321.122467,49,381.460,-307.552,255,8,1,
1778399536043038,476054980,5235,320.510193,49,378.151,-311.611,255,8,1,
1778399536043515,476064925,5225,319.897949,50,382.449,-322.076,255,8,1,
1778399536043880,476074889,5216,319.346924,50,379.334,-325.739,255,8,1,
1778399536045490,476084834,5206,318.734680,53,398.382,-349.560,255,8,1,
1778399536060361,476094799,5196,318.122467,61,454.190,-407.200,255,8,1,
1778399536105602,476104745,5187,317.571411,66,487.158,-445.283,255,8,1,
1778399536106044,476114714,5177,316.959198,68,496.990,-464.113,255,8,1,
1778399536106520,476124658,5167,316.346954,68,492.002,-469.397,255,8,1,
1778399536106876,476134620,5158,315.795898,69,494.634,-481.079,255,8,1,
1778399536107306,476144564,5148,315.183685,69,489.465,-486.337,255,8,1,
1778399536122041,476154530,5138,314.571411,70,491.258,-498.663,255,8,1,
1778399536128660,476164473,5129,314.020416,71,493.389,-510.555,255,8,1,
1778399536138813,476174432,5119,313.408173,72,494.778,-523.063,255,8,1,
1778399536184098,476184376,5109,312.795898,72,489.160,-528.321,255,8,1,
1778399536184549,476194344,5100,312.244904,72,484.057,-533.000,255,8,1,
1778399536184975,476204285,5090,311.632660,72,478.334,-538.142,255,8,1,
1778399536185441,476214255,5080,311.020416,68,446.303,-513.044,255,8,1,
1778399536185909,476224198,5070,310.408173,68,440.795,-517.783,255,8,1,
1778399536200994,476234155,5061,309.857147,73,467.839,-560.381,255,8,1,
1778399536241672,476244105,5051,309.244904,77,487.130,-596.326,255,8,1,
1778399536242107,476254069,5042,308.693878,78,487.624,-608.788,255,8,1,
1778399536242601,476264008,5032,308.081635,79,487.259,-621.835,255,8,1,
1778399536243063,476273978,5022,307.469391,80,486.670,-634.943,255,8,1,
1778399536243446,476283908,5013,306.918365,81,486.548,-647.589,255,8,1,
1778399536257844,476293879,5003,306.306122,82,485.521,-660.809,255,8,1,
1778399536263930,476303813,4993,305.693878,84,490.102,-682.203,255,8,1,
1778399536274828,476313784,4984,305.142853,85,489.274,-695.062,255,8,1,
1778399536318739,476323714,4974,304.530609,86,487.488,-708.488,255,8,1,
1778399536319257,476333684,4964,303.918365,87,485.470,-721.955,255,8,1,
1778399536319634,476343624,4955,303.367340,88,484.004,-734.942,255,8,1,
1778399536319966,476353585,4945,302.755096,88,476.123,-740.072,255,8,1,
1778399536333229,476363522,4936,302.204071,89,474.313,-753.078,255,8,1,
1778399536333675,476373489,4926,301.591827,88,461.001,-749.585,255,8,1,
1778399536371798,476383431,4916,300.979614,87,447.818,-745.895,255,8,1,
1778399536372301,476393394,4907,300.428558,87,440.623,-750.167,255,8,1,
1778399536372816,476403332,4897,299.816345,88,437.555,-763.509,255,8,1,
1778399536373245,476413295,4887,299.204071,88,429.371,-768.141,255,8,1,
1778399536387967,476423230,4878,298.653046,89,426.759,-781.010,255,8,1,
1778399536427445,476433192,4868,298.040833,89,418.390,-785.525,255,8,1,
1778399536427950,476443133,4858,297.428558,89,409.972,-789.951,255,8,1,
1778399536428395,476453091,4849,296.877563,91,411.398,-811.697,255,8,1,
1778399536428779,476463039,4840,296.326538,92,408.007,-824.579,255,8,1,
1778399536445056,476473005,4830,295.714294,91,394.834,-819.882,255,8,1,
1778399536445569,476482941,4820,295.102051,91,386.051,-824.054,255,8,1,
1778399536458100,476492908,4811,294.551025,85,353.178,-773.153,255,8,1,
1778399536464794,476502848,4801,293.938782,72,292.147,-658.065,255,8,1,
1778399536513003,476512812,4792,293.387756,67,265.958,-614.952,255,8,1,
1778399536513839,476522751,4782,292.775513,74,286.470,-682.301,255,8,1,
1778399536514534,476532716,4772,292.163269,89,335.750,-824.240,255,8,1,
1778399536515150,476542654,4763,291.612244,92,338.857,-855.322,255,8,1,
1778399536515739,476552623,4753,291.000000,94,336.866,-877.566,255,8,1,
1778399536572220,476562559,4744,290.448975,95,331.904,-890.135,255,8,1,
1778399536572976,476572517,4734,289.836731,96,325.767,-903.037,255,8,1,
1778399536573396,476582456,4725,289.285706,96,317.068,-906.128,255,8,1,
1778399536573944,476592423,4715,288.673462,90,288.157,-852.623,255,8,1,
1778399536574540,476602358,4706,288.122437,84,261.281,-798.331,255,8,1,
1778399536574979,476612317,4696,287.510223,80,240.701,-762.931,255,8,1,
1778399536591379,476622257,4686,286.897949,81,235.441,-775.027,255,8,1,
1778399536592136,476632217,4677,286.346954,86,242.050,-825.234,255,8,1,
1778399536599759,476642151,4667,285.734711,91,246.777,-875.900,255,8,1,
1778399536651023,476652113,4658,285.183655,93,243.580,-897.535,255,8,1,
1778399536651500,476662052,4648,284.571442,92,231.460,-890.408,255,8,1,
1778399536651953,476672007,4638,283.959167,91,219.520,-883.126,255,8,1,
1778399536652393,476681952,4629,283.408173,84,194.785,-817.104,255,8,1,
1778399536652831,476691913,4619,282.795929,67,148.391,-653.361,255,8,1,
1778399536668506,476701852,4610,282.244904,59,125.134,-576.577,255,8,1,
1778399536669083,476711808,4600,281.632660,58,116.949,-568.087,255,8,1,
1778399536720110,476721735,4591,281.081635,58,111.480,-569.186,255,8,1,
1778399536720587,476731702,4581,280.469391,55,99.941,-540.844,255,8,1,
1778399536721014,476741635,4572,279.918365,53,91.290,-522.079,255,8,1,
1778399536721429,476751597,4562,279.306122,51,82.472,-503.288,255,8,1,
1778399536721861,476761530,4552,278.693878,48,72.554,-474.485,255,8,1,
1778399536736529,476771499,4543,278.142853,46,65.155,-455.362,255,8,1,
1778399536743063,476781436,4533,277.530609,47,61.596,-465.946,255,8,1,
1778399536754132,476791404,4524,276.979614,48,58.328,-476.443,255,8,1,
1778399536799634,476801345,4514,276.367340,52,57.669,-516.792,255,8,1,
1778399536800039,476811305,4505,275.816315,70,70.938,-696.396,255,8,1,
1778399536800405,476821244,4495,275.204102,94,85.262,-936.125,255,8,1,
1778399536800828,476831214,4486,274.653046,97,78.688,-966.803,255,8,1,
1778399536801115,476841145,4476,274.040833,98,69.058,-977.564,255,8,1,
1778399536814713,476851112,4467,273.489777,98,59.653,-978.183,255,8,1,
1778399536859435,476861047,4457,272.877563,99,49.700,-988.752,255,8,1,
1778399536860021,476870984,4448,272.326538,99,40.189,-989.184,255,8,1,
1778399536860493,476880943,4438,271.714294,98,29.317,-979.561,255,8,1,
1778399536860917,476890913,4428,271.102051,96,18.464,-959.822,255,8,1,
1778399536861346,476900856,4419,270.551025,88,8.463,-879.959,255,8,1,
1778399536877326,476910820,4410,270.000000,85,-0.000,-850.000,255,8,1,
1778399536877830,476920762,4400,269.387756,84,-8.976,-839.952,255,8,1,
1778399536937508,476930731,4390,268.775513,85,-18.164,-849.806,255,8,1,
1778399536937943,476940672,4381,268.224487,92,-28.505,-919.558,255,8,1,
1778399536938399,476950621,4372,267.673462,105,-42.624,-1049.134,255,8,1,
1778399536938799,476960555,4362,267.061218,114,-58.447,-1138.501,255,8,1,
1778399536939192,476970532,4352,266.448975,115,-71.228,-1147.792,255,8,1,
1778399536939570,476980461,4343,265.897949,115,-82.263,-1147.054,255,8,1,
1778399536953266,476990440,4334,265.346954,113,-91.668,-1126.276,255,8,1,
1778399537004779,477000373,4324,264.734680,113,-103.698,-1125.232,255,8,1,
1778399537005344,477010349,4315,264.183685,116,-117.554,-1154.028,255,8,1,
1778399537005784,477020281,4305,263.571442,117,-130.998,-1162.643,255,8,1,
1778399537006191,477030253,4296,263.020386,117,-142.174,-1161.330,255,8,1,
1778399537006592,477040182,4286,262.408173,117,-154.575,-1159.744,255,8,1,
1778399537006973,477050156,4277,261.857147,117,-165.721,-1158.204,255,8,1,
1778399537022302,477060090,4267,261.244904,117,-178.087,-1156.367,255,8,1,
1778399537028724,477070065,4258,260.693878,118,-190.817,-1164.469,255,8,1,
1778399537075893,477079998,4248,260.081635,118,-203.249,-1162.364,255,8,1,
1778399537076505,477089970,4239,259.530609,124,-225.321,-1219.357,255,8,1,
1778399537076968,477099899,4230,258.979584,124,-237.037,-1217.133,255,8,1,
1778399537077380,477109873,4221,258.428558,122,-244.719,-1195.204,255,8,1,
1778399537077765,477119804,4211,257.816345,124,-261.697,-1212.070,255,8,1,
1778399537094192,477129781,4202,257.265289,126,-277.751,-1229.005,255,8,1,
1778399537094640,477139710,4193,256.714294,131,-301.047,-1274.939,255,8,1,
1778399537136138,477149683,4184,256.163269,143,-341.993,-1388.503,255,8,1,
1778399537136665,477159627,4175,255.612244,175,-434.845,-1695.113,255,8,1,
1778399537137111,477169597,4165,255.000000,185,-478.815,-1786.963,255,8,1,
1778399537137528,477179536,4156,254.448975,183,-490.616,-1763.008,255,8,1,
1778399537153171,477189503,4147,253.897964,184,-510.322,-1767.816,255,8,1,
1778399537154032,477199445,4138,253.346939,190,-544.494,-1820.309,255,8,1,
1778399537166403,477209404,4128,252.734680,221,-655.921,-2110.419,255,8,1,
1778399537173900,477219354,4119,252.183670,240,-734.320,-2284.901,255,8,1,
1778399537223932,477229313,4110,251.632660,245,-772.015,-2325.187,255,8,1,
1778399537224513,477239257,4101,251.081635,248,-804.067,-2346.034,255,8,1,
1778399537224924,477249218,4092,250.530624,249,-829.924,-2347.621,255,8,1,
1778399537225341,477259163,4082,249.918365,251,-861.830,-2357.403,255,8,1,
1778399537225810,477269119,4073,249.367355,254,-895.032,-2377.082,255,8,1,
1778399537271792,477279061,4064,248.816315,257,-928.693,-2396.337,255,8,1,
1778399537272147,477289019,4055,248.265305,258,-955.398,-2396.584,255,8,1,
1778399537272456,477298970,4046,247.714279,259,-982.194,-2396.538,255,8,1,
1778399537272854,477308925,4037,247.163269,260,-1009.077,-2396.198,255,8,1,
1778399537273360,477318871,4027,246.551010,262,-1042.583,-2403.627,255,8,1,
1778399537287922,477328826,4018,246.000000,266,-1081.919,-2430.031,255,8,1,
1778399537328164,477338769,4009,245.448990,266,-1105.239,-2419.514,255,8,1,
1778399537328796,477348722,4000,244.897949,268,-1136.941,-2426.884,255,8,1,
1778399537329233,477358665,3991,244.346939,269,-1164.557,-2424.852,255,8,1,
1778399537329546,477368626,3981,243.734695,270,-1194.826,-2421.237,255,8,1,
1778399537342618,477378571,3972,243.183685,272,-1227.078,-2427.484,255,8,1,
1778399537343005,477388528,3963,242.632645,271,-1245.770,-2406.690,255,8,1,
1778399537355312,477398474,3954,242.081635,272,-1273.540,-2403.434,255,8,1,
1778399537407738,477408425,3945,241.530609,274,-1306.128,-2408.657,255,8,0,unstable_angle_bin
1778399537408349,477418366,3936,240.979599,271,-1314.678,-2369.751,255,8,0,unstable_angle_bin
1778399537408816,477428327,3926,240.367340,264,-1305.315,-2294.723,255,8,0,unstable_angle_bin
1778399537409284,477438267,3917,239.816330,247,-1241.851,-2135.113,255,8,0,unstable_angle_bin
1778399537409718,477448223,3908,239.265289,168,-858.587,-1444.032,255,8,1,
1778399537411344,477458159,3899,238.714279,113,-586.816,-965.685,255,8,1,
1778399537424319,477468122,3890,238.163269,108,-569.701,-917.519,255,8,1,
1778399537465487,477478054,3880,237.551025,107,-574.107,-902.940,255,8,1,
1778399537465910,477488012,3871,237.000015,104,-566.424,-872.218,255,8,1,
1778399537466311,477497945,3862,236.448975,101,-558.206,-841.728,255,8,1,
1778399537466737,477507909,3853,235.897964,101,-566.275,-836.321,255,8,1,
1778399537481166,477517845,3844,235.346939,101,-574.292,-830.836,255,8,1,
1778399537481568,477527806,3834,234.734695,100,-577.363,-816.487,255,8,1,
1778399537497487,477537744,3825,234.183670,100,-585.189,-810.897,255,8,1,
1778399537537086,477547723,3816,233.632660,99,-587.030,-797.180,255,8,1,
1778399537537591,477557660,3806,233.020401,98,-589.500,-782.873,255,8,1,
1778399537537937,477567617,3797,232.469391,97,-590.910,-769.237,255,8,1,
1778399537538341,477577554,3788,231.918365,96,-592.112,-755.647,255,8,1,
1778399537551648,477587507,3778,231.306137,95,-593.901,-741.473,255,8,1,
1778399537552013,477597437,3769,230.755096,94,-594.678,-727.982,255,8,1,
1778399537593888,477607399,3760,230.204086,93,-595.251,-714.546,255,8,1,
1778399537594395,477617336,3751,229.653046,92,-595.621,-701.167,255,8,1,
1778399537595001,477627300,3741,229.040817,90,-589.969,-679.659,255,8,1,
1778399537595429,477637240,3732,228.489792,89,-589.851,-666.466,255,8,1,
1778399537610796,477647208,3723,227.938782,88,-589.533,-653.338,255,8,1,
1778399537611226,477657148,3714,227.387741,88,-595.789,-647.638,255,8,1,
1778399537663977,477667114,3704,226.775513,88,-602.676,-641.235,255,8,1,
1778399537664440,477677052,3695,226.224487,88,-608.814,-635.409,255,8,1,
1778399537664787,477687015,3686,225.673477,88,-614.897,-629.525,255,8,1,
1778399537665092,477696950,3677,225.122452,87,-613.867,-616.496,255,8,1,
1778399537665563,477706902,3668,224.571426,86,-612.643,-603.546,255,8,1,
1778399537680649,477716840,3658,223.959167,84,-604.661,-583.082,255,8,1,
1778399537681311,477726803,3649,223.408157,83,-602.976,-570.368,255,8,1,
1778399537734615,477736740,3640,222.857147,82,-601.102,-557.742,255,8,1,
1778399537735013,477746700,3630,222.244904,82,-607.028,-551.287,255,8,1,
1778399537735449,477756636,3621,221.693893,81,-604.834,-538.772,255,8,1,
1778399537735822,477766594,3612,221.142853,80,-602.457,-526.351,255,8,1,
1778399537736162,477776536,3603,220.591843,79,-599.898,-514.026,255,8,1,
1778399537738045,477786494,3594,220.040817,79,-604.813,-508.233,255,8,1,
1778399537751946,477796432,3584,219.428574,78,-602.485,-495.390,255,8,1,
1778399537789857,477806393,3575,218.877548,78,-607.222,-489.573,255,8,1,
1778399537790330,477816328,3566,218.326538,77,-604.057,-477.510,255,8,1,
1778399537790762,477826281,3557,217.775497,77,-608.621,-471.678,255,8,1,
1778399537791106,477836225,3548,217.224487,76,-605.166,-459.754,255,8,1,
1778399537804073,477846188,3538,216.612244,75,-602.018,-447.297,255,8,1,
1778399537843507,477856127,3529,216.061234,75,-606.291,-441.487,255,8,1,
1778399537843919,477866089,3520,215.510193,75,-610.509,-435.636,255,8,1,
1778399537844256,477876026,3510,214.897964,74,-606.927,-423.366,255,8,1,
1778399537844566,477885984,3501,214.346924,74,-610.971,-417.510,255,8,1,
1778399537859441,477895918,3492,213.795914,74,-614.958,-411.615,255,8,1,
1778399537859911,477905878,3483,213.244904,75,-627.251,-411.164,255,8,1,
1778399537871415,477915818,3474,212.693878,75,-631.176,-405.113,255,8,1,
1778399537877319,477925774,3464,212.081619,75,-635.469,-398.345,255,8,1,
1778399537887680,477935710,3455,211.530609,75,-639.271,-392.215,255,8,1,
1778399537928585,477945662,3446,210.979599,76,-651.586,-391.197,255,8,1,
1778399537929152,477955590,3437,210.428574,76,-655.319,-384.913,255,8,1,
1778399537929476,477965555,3428,209.877548,76,-658.990,-378.592,255,8,1,
1778399537929770,477975486,3419,209.326523,76,-662.600,-372.237,255,8,1,
1778399537943582,477985447,3410,208.775513,76,-666.149,-365.848,255,8,1,
1778399537947863,477995383,3400,208.163254,76,-670.021,-358.709,255,8,1,
1778399537992612,478005347,3391,207.612244,78,-691.162,-361.519,255,8,1,
1778399537993089,478015279,3382,207.061218,88,-783.658,-400.349,255,8,1,
1778399537993505,478025226,3373,206.510208,110,-984.340,-490.993,255,8,1,
1778399537993854,478035150,3364,205.959198,119,-1069.936,-520.900,255,8,1,
1778399537995373,478045120,3354,205.346939,119,-1075.441,-509.437,255,8,1,
1778399538009513,478055049,3345,204.795929,119,-1080.291,-499.071,255,8,1,
1778399538020041,478065018,3336,204.244888,118,-1075.922,-484.552,255,8,1,
1778399538025779,478074943,3327,203.693878,118,-1080.533,-474.183,255,8,1,
1778399538073996,478084917,3318,203.142853,117,-1075.848,-459.839,255,8,1,
1778399538074608,478094845,3309,202.591843,116,-1070.987,-445.630,255,8,1,
1778399538075047,478104802,3300,202.040802,116,-1075.224,-435.309,255,8,1,
1778399538075439,478114739,3290,201.428574,115,-1070.505,-420.142,255,8,1,
1778399538075811,478124705,3281,200.877548,114,-1065.152,-406.264,255,8,1,
1778399538122017,478134639,3272,200.326538,113,-1059.633,-392.528,255,8,1,
1778399538122634,478144599,3263,199.775513,113,-1063.359,-382.319,255,8,1,
1778399538123036,478154534,3254,199.224487,112,-1057.544,-368.783,255,8,1,
1778399538123548,478164497,3245,198.673477,112,-1061.042,-358.595,255,8,1,
1778399538124054,478174435,3236,198.122437,111,-1054.937,-345.264,255,8,1,
1778399538138897,478184396,3227,197.571426,111,-1058.209,-335.103,255,8,1,
1778399538183075,478194332,3218,197.020416,112,-1070.945,-327.838,255,8,1,
1778399538183529,478204290,3208,196.408173,111,-1064.794,-313.551,255,8,1,
1778399538183930,478214228,3199,195.857132,111,-1067.760,-303.296,255,8,1,
1778399538184285,478224187,3190,195.306122,111,-1070.627,-293.013,255,8,1,
1778399538184737,478234123,3181,194.755112,111,-1073.396,-282.704,255,8,1,
1778399538198839,478244085,3172,194.204071,111,-1076.065,-272.368,255,8,1,
1778399538208196,478254025,3163,193.653061,110,-1068.917,-259.646,255,8,1,
1778399538214335,478263994,3154,193.102036,113,-1100.584,-256.155,255,8,1,
1778399538258864,478273930,3145,192.551025,112,-1093.235,-243.386,255,8,1,
1778399538259308,478283896,3136,192.000015,113,-1105.307,-234.941,255,8,1,
1778399538259702,478293836,3127,191.448975,114,-1117.316,-226.284,255,8,1,
1778399538260029,478303800,3118,190.897964,113,-1109.621,-213.638,255,8,1,
1778399538272521,478313737,3109,190.346939,100,-983.738,-179.608,255,8,1,
1778399538272902,478323723,3100,189.795914,80,-788.336,-136.111,255,8,1,
1778399538310300,478333660,3091,189.244888,77,-759.998,-123.704,255,8,1,
1778399538310702,478343627,3082,188.693878,84,-830.348,-126.970,255,8,1,
1778399538311007,478353554,3074,188.204086,124,-1227.310,-176.947,255,8,1,
1778399538312078,478363525,3065,187.653076,178,-1764.145,-237.051,255,8,1,
1778399538325526,478373467,3056,187.102036,197,-1954.885,-243.564,255,8,1,
1778399538364628,478383438,3047,186.551025,199,-1977.007,-227.035,255,8,1,
1778399538365085,478393378,3038,186.000000,199,-1979.099,-208.012,255,8,1,
1778399538365464,478403342,3029,185.448990,195,-1941.188,-185.171,255,8,1,
1778399538365790,478413282,3020,184.897949,200,-1992.697,-170.763,255,8,1,
1778399538418182,478423252,3011,184.346939,205,-2044.103,-155.381,255,8,1,
1778399538419020,478433192,3002,183.795929,207,-2065.459,-137.040,255,8,1,
1778399538419576,478443157,2994,183.306107,207,-2066.555,-119.378,255,8,1,
1778399538420012,478453101,2985,182.755096,207,-2067.607,-99.499,255,8,1,
1778399538420374,478463068,2976,182.204086,207,-2068.469,-79.610,255,8,1,
1778399538420945,478473008,2967,181.653061,207,-2069.139,-59.714,255,8,1,
1778399538436805,478482978,2958,181.102051,207,-2069.617,-39.813,255,8,1,
1778399538444004,478492906,2950,180.612259,207,-2069.882,-22.119,255,8,1,
1778399538455537,478502872,2941,180.061218,206,-2059.999,-2.201,255,8,1,
1778399538503460,478512810,2932,179.510208,205,-2049.925,17.524,255,8,1,
1778399538504069,478522769,2923,178.959183,204,-2039.663,37.056,255,8,1,
1778399538504651,478532708,2915,178.469391,203,-2029.276,54.223,255,8,1,
1778399538505187,478542673,2906,177.918365,202,-2018.667,73.373,255,8,1,
1778399538505625,478552608,2897,177.367340,199,-1987.900,91.406,255,8,1,
1778399538554780,478562573,2888,176.816330,192,-1917.037,106.631,255,8,1,
1778399538555314,478572508,2880,176.326538,186,-1856.178,119.170,255,8,1,
1778399538555927,478582477,2871,175.775513,174,-1735.273,128.176,255,8,1,
1778399538556268,478592408,2862,175.224487,140,-1395.140,116.553,255,8,1,
1778399538556630,478602388,2853,174.673462,91,-906.070,84.477,255,8,1,
1778399538571371,478612314,2844,174.122452,72,-716.215,73.730,255,8,1,
1778399538571890,478622283,2836,173.632645,69,-685.744,76.523,255,8,1,
1778399538579278,478632218,2827,173.081635,78,-774.321,93.955,255,8,1,
1778399538589240,478642173,2818,172.530609,88,-872.533,114.397,255,8,1,
1778399538640293,478652107,2809,171.979599,97,-960.512,135.340,255,8,1,
1778399538640906,478662044,2801,171.489792,105,-1038.439,155.385,255,8,1,
1778399538641385,478671972,2792,170.938782,108,-1066.522,170.089,255,8,1,
1778399538641939,478681952,2783,170.387756,86,-847.926,143.602,255,8,1,
1778399538642472,478691887,2774,169.836731,68,-669.330,119.989,255,8,1,
1778399538655394,478701847,2766,169.346939,66,-648.625,122.009,255,8,1,
1778399538700169,478711778,2757,168.795914,61,-598.374,118.526,255,8,1,
1778399538700808,478721742,2748,168.244904,60,-587.416,122.237,255,8,1,
1778399538701597,478731681,2739,167.693878,60,-586.214,127.881,255,8,1,
1778399538702023,478741641,2730,167.142853,59,-575.207,131.287,255,8,1,
1778399538702427,478751577,2722,166.653061,59,-574.064,136.200,255,8,1,
1778399538716350,478761538,2713,166.102036,59,-572.728,141.714,255,8,1,
1778399538717839,478771477,2704,165.551010,59,-571.338,147.216,255,8,1,
1778399538733672,478781436,2695,165.000000,60,-579.555,155.291,255,8,1,
1778399538775083,478791373,2686,164.448975,59,-568.401,158.177,255,8,1,
1778399538775688,478801338,2677,163.897964,57,-547.639,158.089,255,8,1,
1778399538776154,478811276,2668,163.346939,56,-536.512,160.482,255,8,1,
1778399538776503,478821245,2660,162.857147,54,-516.009,159.168,255,8,1,
1778399538777308,478831193,2651,162.306122,51,-485.874,155.005,255,8,1,
1778399538791129,478841164,2642,161.755096,51,-484.361,159.670,255,8,1,
1778399538834470,478851107,2633,161.204071,52,-492.270,167.543,255,8,1,
1778399538835164,478861076,2624,160.653061,54,-509.506,178.895,255,8,1,
1778399538835581,478871019,2615,160.102051,56,-526.568,190.594,255,8,1,
1778399538835956,478880993,2606,159.551025,57,-534.081,199.143,255,8,1,
1778399538836651,478890936,2598,159.061234,57,-532.359,203.701,255,8,1,
1778399538881467,478900901,2589,158.510208,57,-530.375,208.811,255,8,1,
1778399538881829,478910841,2580,157.959183,56,-519.073,210.150,255,8,1,
1778399538882119,478920810,2571,157.408157,55,-507.796,211.290,255,8,1,
1778399538882426,478930751,2562,156.857132,54,-496.545,212.234,255,8,1,
1778399538896592,478940717,2553,156.306122,54,-494.481,216.999,255,8,1,
1778399538897010,478950660,2544,155.755112,53,-483.253,217.638,255,8,1,
1778399538938681,478960625,2536,155.265305,53,-481.375,221.761,255,8,1,
1778399538939165,478970567,2527,154.714294,54,-488.262,230.651,255,8,1,
1778399538939594,478980533,2518,154.163269,54,-486.021,235.336,255,8,1,
1778399538939986,478990474,2509,153.612244,54,-483.736,240.000,255,8,1,
1778399538953907,479000437,2500,153.061218,54,-481.405,244.641,255,8,1,
1778399538955585,479010378,2492,152.571426,54,-479.296,248.747,255,8,1,
1778399538966569,479020343,2483,152.020401,55,-485.713,258.036,255,8,1,
1778399539008302,479030276,2474,151.469391,56,-491.995,267.472,255,8,1,
1778399539008955,479040243,2465,150.918365,56,-489.400,272.191,255,8,1,
1778399539009580,479050182,2456,150.367355,56,-486.759,276.885,255,8,1,
1778399539010036,479060146,2447,149.816330,57,-492.718,286.581,255,8,1,
1778399539023712,479070083,2439,149.326523,57,-490.250,290.783,255,8,1,
1778399539025062,479080046,2430,148.775513,57,-487.431,295.484,255,8,1,
1778399539062744,479089987,2421,148.224487,57,-484.567,300.158,255,8,1,
1778399539063305,479099945,2412,147.673477,57,-481.658,304.804,255,8,1,
1778399539063696,479109887,2403,147.122452,57,-478.705,309.422,255,8,1,
1778399539064295,479119854,2394,146.571426,57,-475.707,314.011,255,8,1,
1778399539112210,479129792,2385,146.020401,57,-472.665,318.572,255,8,1,
1778399539112728,479139759,2376,145.469391,57,-469.579,323.102,255,8,1,
1778399539113122,479149699,2368,144.979584,57,-466.800,327.105,255,8,1,
1778399539113577,479159663,2359,144.428574,57,-463.633,331.579,255,8,1,
1778399539113937,479169595,2350,143.877548,57,-460.423,336.022,255,8,1,
1778399539128584,479179556,2341,143.326538,57,-457.170,340.435,255,8,1,
1778399539173603,479189494,2332,142.775513,57,-453.875,344.816,255,8,1,
1778399539174012,479201438,2322,142.163269,56,-442.267,343.512,255,8,1,
1778399539174403,479211403,2313,141.612244,55,-431.104,341.539,255,8,1,
1778399539174807,479221339,2304,141.061218,54,-420.022,339.384,255,8,1,
1778399539175170,479231294,2295,140.510208,55,-424.456,349.767,255,8,1,
1778399539189910,479241239,2286,139.959183,55,-421.072,353.833,255,8,1,
1778399539201323,479251201,2277,139.408173,55,-417.650,357.866,255,8,1,
1778399539245400,479261137,2269,138.918365,55,-414.576,361.424,255,8,1,
1778399539245940,479271099,2260,138.367340,55,-411.081,365.394,255,8,1,
1778399539246439,479281036,2251,137.816330,54,-400.138,362.615,255,8,1,
1778399539246924,479291003,2242,137.265305,54,-396.632,366.446,255,8,1,
1778399539247486,479300942,2233,136.714279,54,-393.090,370.244,255,8,1,
1778399539263093,479310912,2224,136.163269,53,-382.298,367.081,255,8,1,
1778399539264276,479320856,2216,135.673477,53,-379.146,370.336,255,8,1,
1778399539302535,479330822,2207,135.122452,53,-375.567,373.965,255,8,1,
1778399539302960,479340758,2198,134.571426,52,-364.935,370.436,255,8,1,
1778399539303374,479350724,2189,134.020401,52,-361.356,373.928,255,8,1,
1778399539303786,479360669,2180,133.469391,52,-357.743,377.386,255,8,1,
1778399539349046,479370640,2172,132.979584,52,-354.504,380.430,255,8,1,
1778399539349488,479380583,2163,132.428574,52,-350.829,383.822,255,8,1,
1778399539349850,479390556,2154,131.877548,51,-340.446,379.732,255,8,1,
1778399539350262,479400502,2145,131.326538,51,-336.778,382.989,255,8,1,
1778399539366544,479410473,2136,130.775513,51,-333.079,386.210,255,8,1,
1778399539366941,479420416,2128,130.285721,51,-329.766,389.043,255,8,1,
1778399539414424,479430381,2119,129.734695,51,-326.009,392.196,255,8,1,
1778399539414862,479440330,2110,129.183670,50,-315.904,387.562,255,8,1,
1778399539415388,479450299,2101,128.632645,50,-312.162,390.582,255,8,1,
1778399539415763,479460246,2092,128.081635,50,-308.392,393.566,255,8,1,
1778399539416326,479470215,2084,127.591835,50,-305.016,396.188,255,8,1,
1778399539431884,479480159,2075,127.040810,50,-301.192,399.103,255,8,1,
1778399539432498,479490125,2066,126.489792,49,-291.393,393.942,255,8,1,
1778399539482765,479500069,2057,125.938782,49,-287.591,396.726,255,8,1,
1778399539483283,479510038,2049,125.448975,49,-284.189,399.170,255,8,1,
1778399539483761,479519982,2040,124.897964,49,-280.337,401.884,255,8,1,
1778399539484260,479529944,2031,124.346939,49,-276.459,404.562,255,8,1,
1778399539484685,479539888,2022,123.795921,48,-266.994,398.892,255,8,1,
1778399539542730,479549855,2014,123.306129,48,-263.574,401.159,255,8,1,
1778399539543285,479559800,2005,122.755104,48,-259.704,403.676,255,8,1,
1778399539543742,479569770,1996,122.204079,48,-255.810,406.155,255,8,1,
1778399539544155,479579717,1988,121.714287,48,-252.328,408.326,255,8,1,
1778399539544645,479589692,1979,121.163269,48,-248.390,410.734,255,8,1,
1778399539545088,479599639,1970,120.612244,48,-244.428,413.104,255,8,1,
1778399539562036,479609610,1962,120.122452,48,-240.888,415.178,255,8,1,
1778399539562516,479619553,1953,119.571426,48,-236.884,417.476,255,8,1,
1778399539575751,479629519,1944,119.020409,48,-232.858,419.735,255,8,1,
1778399539631935,479639458,1936,118.530617,48,-229.262,421.710,255,8,1,
1778399539632441,479649419,1927,117.979591,47,-220.504,415.064,255,8,1,
1778399539632862,479659369,1918,117.428574,47,-216.502,417.165,255,8,1,
1778399539633267,479669334,1909,116.877548,47,-212.480,419.228,255,8,1,
1778399539633731,479679278,1901,116.387756,47,-208.889,421.029,255,8,1,
1778399539634279,479689234,1892,115.836731,47,-204.830,423.019,255,8,1,
1778399539648451,479699176,1883,115.285713,47,-200.752,424.969,255,8,1,
1778399539650262,479709144,1875,114.795914,46,-192.918,417.591,255,8,1,
1778399539692083,479719090,1866,114.244896,46,-188.893,419.427,255,8,1,
1778399539692447,479729053,1857,113.693871,46,-184.851,421.225,255,8,1,
1778399539692804,479738996,1849,113.204079,46,-181.243,422.789,255,8,1,
1778399539693233,479748963,1840,112.653061,46,-177.169,424.513,255,8,1,
1778399539707373,479758903,1832,112.163261,46,-173.534,426.012,255,8,1,
1778399539714095,479768875,1823,111.612244,46,-169.429,427.661,255,8,1,
1778399539727701,479778820,1814,111.061218,46,-165.308,429.271,255,8,1,
1778399539729581,479788790,1806,110.571426,46,-161.632,430.668,255,8,1,
1778399539777753,479798735,1797,110.020409,46,-157.483,432.203,255,8,1,
1778399539778316,479808698,1788,109.469383,46,-153.319,433.697,255,8,1,
1778399539778780,479818639,1780,108.979591,46,-149.606,434.992,255,8,1,
1778399539779219,479828604,1771,108.428566,46,-145.416,436.411,255,8,1,
1778399539779633,479838543,1763,107.938774,46,-141.680,437.638,255,8,1,
1778399539795868,479848506,1754,107.387756,46,-137.465,438.980,255,8,1,
1778399539840805,479858458,1745,106.836731,45,-130.340,430.710,255,8,1,
1778399539841324,479868422,1737,106.346939,45,-126.654,431.809,255,8,1,
1778399539841880,479878364,1728,105.795914,45,-122.495,433.007,255,8,1,
1778399539842449,479888332,1720,105.306122,45,-118.789,434.038,255,8,1,
1778399539842943,479898274,1711,104.755096,45,-114.610,435.160,255,8,1,
1778399539858691,479908240,1703,104.265305,45,-110.885,436.124,255,8,1,
1778399539859104,479918178,1694,103.714287,45,-106.686,437.171,255,8,1,
1778399539924320,479928141,1686,103.224495,45,-102.945,438.067,255,8,1,
1778399539924825,479938080,1677,102.673470,45,-98.728,439.036,255,8,1,
1778399539925368,479948044,1669,102.183678,45,-94.971,439.864,255,8,1,
1778399539925800,479957988,1660,101.632652,45,-90.736,440.757,255,8,1,
1778399539926368,479967948,1652,101.142860,45,-86.965,441.517,255,8,1,
1778399539926869,479977891,1643,100.591843,45,-82.715,442.333,255,8,1,
1778399539927422,479987857,1635,100.102036,45,-78.931,443.024,255,8,1,
1778399539942638,479997810,1626,99.551025,45,-74.667,443.762,255,8,1,
1778399539954705,480007778,1618,99.061218,45,-70.870,444.384,255,8,1,
1778399540010660,480017716,1609,98.510208,45,-66.594,445.045,255,8,1,
1778399540011157,480027681,1601,98.020409,45,-62.787,445.598,255,8,1,
1778399540011511,480037625,1592,97.469383,45,-58.498,446.182,255,8,1,
1778399540011947,480047592,1584,96.979591,45,-54.682,446.665,255,8,1,
1778399540012422,480057536,1575,96.428566,45,-50.384,447.170,255,8,1,
1778399540012919,480067505,1567,95.938774,45,-46.560,447.585,255,8,1,
1778399540026139,480077442,1559,95.448982,45,-42.732,447.967,255,8,1,
1778399540026506,480087412,1550,94.897957,45,-38.422,448.357,255,8,1,
1778399540071321,480097363,1542,94.408165,45,-34.588,448.669,255,8,1,
1778399540071779,480107333,1534,93.918365,45,-30.751,448.948,255,8,1,
1778399540072258,480117278,1525,93.367340,45,-26.432,449.223,255,8,1,
1778399540072640,480127246,1517,92.877548,45,-22.591,449.433,255,8,1,
1778399540087465,480137191,1508,92.326523,45,-18.267,449.629,255,8,1,
1778399540087924,480147160,1500,91.836731,45,-14.423,449.769,255,8,1,
1778399540102492,480157106,1491,91.285713,45,-10.097,449.887,255,8,1,
1778399540146617,480167074,1483,90.795921,45,-6.251,449.957,255,8,1,
1778399540147167,480177021,1475,90.306129,45,-2.404,449.994,255,8,1,
1778399540147715,480186990,1466,89.755104,45,1.923,449.996,255,8,1,
1778399540148191,480196932,1458,89.265305,45,5.770,449.963,255,8,1,
1778399540148621,480206900,1450,88.775513,45,9.616,449.897,255,8,1,
1778399540163795,480216842,1441,88.224487,45,13.943,449.784,255,8,1,
1778399540164897,480226807,1433,87.734695,45,17.787,449.648,255,8,1,
1778399540216457,480236745,1425,87.244896,45,21.630,449.480,255,8,1,
1778399540216990,480246714,1417,86.755104,45,25.472,449.279,255,8,1,
1778399540217477,480256659,1409,86.265305,45,29.311,449.044,255,8,1,
1778399540217920,480266629,1400,85.714287,45,33.629,448.742,255,8,1,
1778399540218392,480276577,1392,85.224487,45,37.463,448.438,255,8,1,
1778399540232526,480286544,1384,84.734695,45,41.295,448.101,255,8,1,
1778399540236262,480296492,1376,84.244896,45,45.125,447.732,255,8,1,
1778399540248810,480306462,1368,83.755104,45,48.950,447.330,255,8,1,
1778399540288590,480316416,1359,83.204079,45,53.250,446.838,255,8,1,
1778399540289065,480326385,1351,82.714287,45,57.068,446.367,255,8,1,
1778399540289492,480336330,1343,82.224487,45,60.881,445.863,255,8,1,
1778399540289867,480346299,1335,81.734695,45,64.691,445.326,255,8,1,
1778399540305019,480356241,1326,81.183678,45,68.970,444.683,255,8,1,
1778399540305452,480366209,1318,80.693878,45,72.769,444.077,255,8,1,
1778399540351443,480376150,1310,80.204079,45,76.563,443.439,255,8,1,
1778399540351983,480386113,1302,79.714287,45,80.351,442.768,255,8,1,
1778399540352527,480396062,1294,79.224487,45,84.133,442.065,255,8,1,
1778399540353041,480406026,1286,78.734695,45,87.909,441.330,255,8,1,
1778399540353576,480415969,1278,78.244896,46,93.715,450.353,255,8,1,
1778399540368066,480425934,1270,77.755104,46,97.562,449.535,255,8,1,
1778399540411718,480435886,1262,77.265305,46,101.401,448.685,255,8,1,
1778399540412142,480445860,1254,76.775505,46,105.233,447.801,255,8,1,
1778399540412595,480455807,1246,76.285713,46,109.057,446.885,255,8,1,
1778399540412984,480465774,1239,75.857140,46,112.397,446.057,255,8,1,
1778399540413407,480475719,1231,75.367348,46,116.206,445.080,255,8,1,
1778399540427679,480485679,1223,74.877548,46,120.006,444.070,255,8,1,
1778399540434176,480495618,1215,74.387756,46,123.798,443.028,255,8,1,
1778399540484495,480505584,1208,73.959183,46,127.108,442.090,255,8,1,
1778399540485011,480515525,1200,73.469391,46,130.883,440.987,255,8,1,
1778399540485474,480525488,1193,73.040817,46,134.178,439.996,255,8,1,
1778399540485975,480535438,1185,72.551018,46,137.934,438.833,255,8,1,
1778399540486467,480545401,1177,72.061226,46,141.680,437.638,255,8,1,
1778399540546296,480555348,1170,71.632652,46,144.950,436.566,255,8,1,
1778399540546859,480565313,1162,71.142860,47,151.909,444.774,255,8,1,
1778399540547332,480575254,1155,70.714287,47,155.231,443.625,255,8,1,
1778399540547770,480585218,1148,70.285713,47,158.545,442.452,255,8,1,
1778399540548192,480595159,1140,69.795914,47,162.322,441.080,255,8,1,
1778399540548619,480605125,1133,69.367348,47,165.616,439.854,255,8,1,
1778399540565835,480615064,1125,68.877548,47,169.370,438.422,255,8,1,
1778399540566340,480625026,1118,68.448982,47,172.645,437.143,255,8,1,
1778399540619074,480634972,1110,67.959183,48,180.128,444.920,255,8,1,
1778399540619491,480644936,1103,67.530617,48,183.451,443.560,255,8,1,
1778399540619906,480654885,1096,67.102043,48,186.764,442.176,255,8,1,
1778399540620324,480664853,1088,66.612244,48,190.537,440.563,255,8,1,
1778399540620683,480674798,1080,66.122452,48,194.296,438.918,255,8,1,
1778399540621041,480684761,1073,65.693878,48,197.574,437.452,255,8,1,
1778399540639490,480694707,1065,65.204086,48,201.306,435.748,255,8,1,
1778399540640008,480704675,1058,64.775505,48,204.560,434.230,255,8,1,
1778399540686733,480714620,1050,64.285713,48,208.264,432.465,255,8,1,
1778399540687421,480724586,1042,63.795918,48,211.953,430.669,255,8,1,
1778399540688225,480734542,1034,63.306126,48,215.627,428.841,255,8,1,
1778399540688804,480744509,1027,62.877552,48,218.829,427.216,255,8,1,
1778399540689596,480754453,1019,62.387753,48,222.473,425.330,255,8,1,
1778399540704587,480764423,1011,61.897961,49,230.811,432.234,255,8,1,
1778399540716771,480774364,1003,61.408161,49,234.498,430.245,255,8,1,
1778399540761959,480784331,996,60.979591,49,237.709,428.479,255,8,1,
1778399540762710,480794272,988,60.489796,49,241.363,426.431,255,8,1,
1778399540763179,480804235,980,60.000000,49,245.000,424.352,255,8,1,
1778399540763893,480814172,973,59.571426,50,253.232,431.131,255,8,1,
1778399540764525,480824139,965,59.081635,50,256.908,428.950,255,8,1,
1778399540815701,480834082,957,58.591835,50,260.566,426.738,255,8,1,
1778399540816271,480844048,950,58.163269,50,263.750,424.777,255,8,1,
1778399540816692,480853988,942,57.673470,50,267.372,422.507,255,8,1,
1778399540817121,480863951,935,57.244896,50,270.525,420.495,255,8,1,
1778399540817465,480873884,928,56.816326,50,273.662,418.460,255,8,1,
1778399540818137,480883849,920,56.326530,51,282.774,424.428,255,8,1,
1778399540831910,480893785,913,55.897961,51,285.941,422.301,255,8,1,
1778399540838560,480903750,906,55.469387,51,289.092,420.150,255,8,1,
1778399540849941,480913687,898,54.979591,51,292.673,417.663,255,8,1,
1778399540902040,480923652,891,54.551018,51,295.789,415.462,255,8,1,
1778399540902721,480933594,884,54.122452,52,304.749,421.341,255,8,1,
1778399540903295,480943559,877,53.693878,52,307.892,419.050,255,8,1,
1778399540903674,480953500,870,53.265308,52,311.017,416.735,255,8,1,
1778399540904133,480963466,862,52.775509,52,314.569,414.061,255,8,1,
1778399540918372,480973407,855,52.346939,52,317.657,411.697,255,8,1,
1778399540918872,480983373,848,51.918365,53,326.895,417.180,255,8,1,
1778399540961981,480993312,841,51.489799,53,330.007,414.724,255,8,1,
1778399540962622,481003279,834,51.061222,53,333.100,412.244,255,8,1,
1778399540963199,481013217,827,50.632656,53,336.174,409.740,255,8,1,
1778399540963763,481023183,820,50.204082,54,345.630,414.898,255,8,1,
1778399540977753,481033124,814,49.836735,54,348.283,412.673,255,8,1,
1778399540978269,481043088,808,49.469387,54,350.921,410.432,255,8,1,
1778399540993631,481053031,801,49.040817,54,353.981,407.795,255,8,1,
1778399541041150,481062998,794,48.612244,55,363.633,412.639,255,8,1,
1778399541041547,481072935,788,48.244900,55,366.271,410.299,255,8,1,
1778399541041914,481082900,781,47.816326,55,369.330,407.548,255,8,1,
1778399541042238,481092836,775,47.448978,56,378.698,412.538,255,8,1,
1778399541042559,481102800,769,47.081631,56,381.335,410.102,255,8,1,
1778399541056709,481112741,762,46.653061,56,384.392,407.238,255,8,1,
1778399541057109,481122709,756,46.285717,57,393.906,411.993,255,8,1,
1778399541094318,481132648,750,45.918365,57,396.539,409.459,255,8,1,
1778399541094782,481142609,744,45.551022,57,399.156,406.908,255,8,1,
1778399541095264,481152540,738,45.183674,57,401.757,404.341,255,8,1,
1778399541095617,481162496,731,44.755100,57,404.770,401.324,255,8,1,
1778399541110026,481172430,725,44.387756,58,414.481,405.716,255,8,1,
1778399541120442,481182389,719,44.020409,58,417.074,403.050,255,8,1,
1778399541126779,481192336,713,43.653061,58,419.649,400.368,255,8,1,
1778399541138789,481202298,707,43.285713,58,422.207,397.669,255,8,1,
1778399541182499,481212231,703,43.040813,58,423.903,395.861,255,8,1,
1778399541183018,481222194,702,42.979591,57,417.010,388.591,255,8,1,
1778399541183484,481232129,702,42.979591,57,417.010,388.591,255,8,1,
1778399541183822,481242091,702,42.979591,56,409.694,381.773,255,8,1,
1778399541184331,481252024,702,42.979591,56,409.694,381.773,255,8,1,
1778399541198068,481261988,702,42.979591,56,409.694,381.773,255,8,1,
1778399541240828,481271925,702,42.979591,56,409.694,381.773,255,8,1,
1778399541241290,481281882,702,42.979591,57,417.010,388.591,255,8,1,
1778399541241660,481291819,702,42.979591,57,417.010,388.591,255,8,1,
1778399541242018,481301781,702,42.979591,56,409.694,381.773,255,8,1,
1778399541245744,481311715,703,43.040813,57,416.595,389.036,255,8,1,
1778399541260214,481321675,703,43.040813,58,423.903,395.861,255,8,1,
1778399541266252,481331608,705,43.163265,58,423.056,396.766,255,8,1,
1778399541276370,481341571,706,43.224491,58,422.632,397.218,255,8,1,
1778399541319293,481351510,709,43.408161,57,414.092,391.699,255,8,1,
1778399541319724,481361464,713,43.653061,58,419.649,400.368,255,8,1,
1778399541320116,481371403,717,43.897957,57,410.728,395.224,255,8,1,
1778399541320478,481381363,721,44.142857,57,409.035,396.976,255,8,1,
1778399541324844,481391303,725,44.387756,57,407.335,398.721,255,8,1,
1778399541340960,481401263,729,44.632652,57,405.627,400.458,255,8,1,
1778399541342772,481411203,733,44.877552,56,396.825,395.133,255,8,1,
1778399541387358,481421165,737,45.122448,56,395.133,396.825,255,8,1,
1778399541387950,481431101,742,45.428574,56,393.007,398.931,255,8,1,
1778399541388424,481441066,746,45.673470,56,391.298,400.607,255,8,1,
1778399541388778,481451006,750,45.918365,56,389.582,402.276,255,8,1,
1778399541403655,481460968,755,46.224487,56,387.427,404.351,255,8,1,
1778399541404100,481470906,760,46.530613,56,385.261,406.416,255,8,1,
1778399541416342,481480872,764,46.775509,55,376.672,400.772,255,8,1,
1778399541464232,481490808,769,47.081631,55,374.526,402.779,255,8,1,
1778399541464844,481500769,773,47.326530,55,372.801,404.376,255,8,1,
1778399541465250,481510706,778,47.632652,54,363.896,398.973,255,8,1,
1778399541465643,481520669,783,47.938774,54,361.759,400.912,255,8,1,
1778399541466015,481530607,788,48.244900,54,359.612,402.839,255,8,1,
1778399541519289,481540567,793,48.551018,54,357.455,404.755,255,8,1,
1778399541519677,481550511,798,48.857147,54,355.287,406.659,255,8,1,
1778399541520053,481560468,803,49.163265,54,353.109,408.551,255,8,1,
1778399541520395,481570419,808,49.469387,53,344.423,402.831,255,8,1,
1778399541520743,481580377,813,49.775513,53,342.266,404.666,255,8,1,
1778399541521071,481590323,818,50.081635,53,340.099,406.489,255,8,1,
1778399541535313,481600288,824,50.448978,53,337.486,408.661,255,8,1,
1778399541545964,481610229,829,50.755104,52,328.971,402.713,255,8,1,
1778399541556730,481620201,834,51.061222,52,326.815,404.465,255,8,1,
1778399541599328,481630139,840,51.428574,52,324.215,406.552,255,8,1,
1778399541599742,481640101,845,51.734695,52,322.038,408.279,255,8,1,
1778399541600079,481650043,851,52.102039,52,319.414,410.335,255,8,1,
1778399541600429,481660010,856,52.408165,52,317.217,412.036,255,8,1,
1778399541600783,481669950,862,52.775509,52,314.569,414.061,255,8,1,
1778399541614926,481679916,868,53.142860,51,305.909,408.068,255,8,1,
1778399541656732,481689854,873,53.448978,51,303.725,409.697,255,8,1,
1778399541657170,481699819,879,53.816326,51,301.092,411.636,255,8,1,
1778399541657562,481709763,885,54.183674,51,298.446,413.558,255,8,1,
1778399541657951,481719725,890,54.489796,51,296.232,415.146,255,8,1,
1778399541659457,481729660,896,54.857143,51,293.565,417.037,255,8,1,
1778399541674123,481739624,902,55.224491,51,290.885,418.910,255,8,1,
1778399541717780,481749558,908,55.591835,50,282.542,412.516,255,8,1,
1778399541718510,481759530,914,55.959183,50,279.892,414.319,255,8,1,
1778399541718982,481769467,920,56.326530,50,277.230,416.105,255,8,1,
1778399541719555,481779430,926,56.693878,50,274.556,417.874,255,8,1,
1778399541719940,481789371,932,57.061222,50,271.871,419.626,255,8,1,
1778399541732798,481799334,938,57.428574,50,269.175,421.360,255,8,1,
1778399541744013,481809268,945,57.857143,50,266.016,423.362,255,8,1,
1778399541790164,481819230,951,58.224491,49,258.030,416.558,255,8,1,
1778399541790585,481829165,957,58.591835,49,255.354,418.204,255,8,1,
1778399541790968,481839126,964,59.020412,49,252.219,420.102,255,8,1,
1778399541791338,481849070,970,59.387756,49,249.520,421.710,255,8,1,
1778399541791758,481859035,977,59.816322,49,246.359,423.565,255,8,1,
1778399541806205,481868978,983,60.183674,49,243.638,425.136,255,8,1,
1778399541848158,481878942,990,60.612244,49,240.452,426.946,255,8,1,
1778399541848702,481888885,996,60.979591,48,232.858,419.735,255,8,1,
1778399541849262,481898846,1003,61.408161,48,229.712,421.465,255,8,1,
1778399541849618,481908781,1010,61.836735,48,226.553,423.171,255,8,1,
1778399541849951,481918743,1017,62.265305,48,223.381,424.854,255,8,1,
1778399541864741,481928675,1024,62.693878,48,220.197,426.513,255,8,1,
1778399541875834,481938636,1031,63.122448,48,217.001,428.148,255,8,1,
1778399541877247,481948570,1038,63.551022,48,213.792,429.759,255,8,1,
1778399541928738,481958530,1044,63.918365,48,211.033,431.121,255,8,1,
1778399541929152,481968470,1051,64.346939,47,203.473,423.673,255,8,1,
1778399541929539,481978424,1058,64.775505,47,200.298,425.183,255,8,1,
1778399541929874,481988359,1066,65.265305,47,196.656,426.880,255,8,1,
1778399541930242,481998327,1073,65.693878,47,193.458,428.339,255,8,1,
1778399541944968,482008260,1080,66.122452,47,190.248,429.774,255,8,1,
1778399541946532,482018217,1087,66.551018,47,187.028,431.185,255,8,1,
1778399541988954,482028152,1095,67.040817,47,183.335,432.768,255,8,1,
1778399541989472,482038104,1102,67.469383,47,180.093,434.127,255,8,1,
1778399541989841,482048035,1109,67.897957,47,176.841,435.462,255,8,1,
1778399541990250,482057991,1117,68.387756,47,173.112,436.958,255,8,1,
1778399542003202,482067927,1124,68.816330,46,166.225,428.916,255,8,1,
1778399542014009,482077887,1132,69.306122,46,162.552,430.322,255,8,1,
1778399542015761,482087815,1139,69.734695,46,159.329,431.525,255,8,1,
1778399542025726,482097777,1147,70.224495,46,155.634,432.872,255,8,1,
1778399542074409,482107713,1155,70.714287,46,151.928,434.186,255,8,1,
1778399542074811,482117670,1162,71.142860,46,148.676,435.311,255,8,1,
1778399542075174,482127612,1170,71.632652,46,144.950,436.566,255,8,1,
1778399542075512,482137574,1178,72.122452,46,141.213,437.789,255,8,1,
1778399542075838,482147511,1186,72.612244,46,137.465,438.980,255,8,1,
1778399542124128,482157465,1194,73.102043,46,133.707,440.139,255,8,1,
1778399542124628,482167405,1202,73.591835,45,127.115,431.673,255,8,1,
1778399542125181,482177365,1210,74.081635,45,123.420,432.744,255,8,1,
1778399542125559,482187300,1218,74.571426,45,119.717,433.783,255,8,1,
1778399542125915,482197257,1226,75.061226,45,116.004,434.791,255,8,1,
1778399542141254,482207189,1234,75.551018,45,112.283,435.767,255,8,1,
1778399542186363,482217151,1242,76.040817,45,108.554,436.711,255,8,1,
1778399542186982,482227087,1251,76.591835,45,104.349,437.734,255,8,1,
1778399542187403,482237042,1259,77.081635,45,100.603,438.610,255,8,1,
1778399542187724,482246965,1267,77.571426,45,96.850,439.454,255,8,1,
1778399542188042,482256929,1276,78.122452,45,92.619,440.365,255,8,1,
1778399542202390,482266866,1284,78.612244,45,88.852,441.141,255,8,1,
1778399542203981,482276826,1293,79.163261,45,84.605,441.975,255,8,1,
1778399542214935,482286765,1301,79.653061,45,80.824,442.682,255,8,1,
1778399542258219,482296726,1310,80.204079,45,76.563,443.439,255,8,1,
1778399542258847,482306658,1319,80.755104,45,72.295,444.155,255,8,1,
1778399542259366,482316618,1327,81.244896,45,68.495,444.757,255,8,1,
1778399542259806,482326551,1336,81.795914,44,62.788,435.497,255,8,1,
1778399542274561,482336513,1345,82.346939,44,58.597,436.081,255,8,1,
1778399542274956,482346451,1354,82.897964,44,54.400,436.624,255,8,1,
1778399542319717,482356412,1363,83.448975,44,50.199,437.127,255,8,1,
1778399542320164,482366352,1372,84.000000,45,47.038,447.535,255,8,1,
1778399542320544,482376316,1381,84.551025,44,41.782,438.012,255,8,1,
1778399542320872,482386253,1390,85.102043,44,37.568,438.393,255,8,1,
1778399542334997,482396215,1399,85.653061,44,33.350,438.734,255,8,1,
1778399542335408,482406155,1408,86.204086,44,29.129,439.035,255,8,1,
1778399542346737,482416117,1417,86.755104,44,24.906,439.295,255,8,1,
1778399542353069,482426052,1426,87.306122,44,20.680,439.514,255,8,1,
1778399542408849,482436010,1436,87.918373,44,15.982,439.710,255,8,1,
1778399542409227,482445945,1445,88.469383,44,11.753,439.843,255,8,1,
1778399542409589,482455908,1454,89.020409,44,7.522,439.936,255,8,1,
1778399542409926,482465845,1464,89.632652,44,2.821,439.991,255,8,1,
1778399542410312,482475809,1473,90.183678,44,-1.411,439.998,255,8,1,
1778399542411768,482485740,1483,90.795921,44,-6.112,439.958,255,8,1,
1778399542426443,482495703,1493,91.408157,44,-10.813,439.867,255,8,1,
1778399542432560,482505644,1502,91.959183,44,-15.043,439.743,255,8,1,
1778399542444370,482515607,1512,92.571434,44,-19.741,439.557,255,8,1,
1778399542498143,482525546,1522,93.183678,44,-24.436,439.321,255,8,1,
1778399542498623,482535505,1532,93.795914,44,-29.129,439.035,255,8,1,
1778399542498954,482545442,1541,94.346939,44,-33.350,438.734,255,8,1,
1778399542499279,482555403,1551,94.959183,44,-38.036,438.353,255,8,1,
1778399542499604,482565338,1561,95.571434,44,-42.718,437.921,255,8,1,
1778399542500789,482575301,1571,96.183670,44,-47.395,437.440,255,8,1,
1778399542514011,482585239,1581,96.795921,44,-52.067,436.909,255,8,1,
1778399542558775,482595199,1591,97.408165,44,-56.732,436.327,255,8,1,
1778399542559169,482605139,1601,98.020409,44,-61.391,435.696,255,8,1,
1778399542559645,482615105,1610,98.571426,44,-65.579,435.086,255,8,1,
1778399542560240,482625044,1620,99.183670,44,-70.224,434.360,255,8,1,
1778399542560668,482635004,1630,99.795921,44,-74.861,433.585,255,8,1,
1778399542575015,482644942,1640,100.408165,44,-79.490,432.760,255,8,1,
1778399542586508,482654905,1650,101.020401,44,-84.110,431.886,255,8,1,
1778399542633579,482664845,1660,101.632652,44,-88.720,430.963,255,8,1,
1778399542634012,482674809,1670,102.244896,44,-93.320,429.990,255,8,1,
1778399542634456,482684743,1680,102.857147,44,-97.909,428.968,255,8,1,
1778399542634961,482694704,1690,103.469391,44,-102.487,427.898,255,8,1,
1778399542635339,482704645,1700,104.081627,45,-109.487,436.478,255,8,1,
1778399542690821,482714610,1709,104.632652,44,-111.153,425.729,255,8,1,
1778399542691401,482724551,1719,105.244896,44,-115.696,424.517,255,8,1,
1778399542691917,482734517,1729,105.857147,45,-122.958,432.876,255,8,1,
1778399542692348,482744452,1739,106.469383,45,-127.576,431.537,255,8,1,
1778399542692708,482754419,1749,107.081635,45,-132.180,430.149,255,8,1,
1778399542693060,482764366,1759,107.693878,45,-136.769,428.712,255,8,1,
1778399542709380,482774326,1768,108.244904,45,-140.886,427.377,255,8,1,
1778399542709795,482784269,1778,108.857140,45,-145.444,425.847,255,8,1,
1778399542726281,482794244,1788,109.469383,45,-149.986,424.269,255,8,1,
1778399542728449,482804182,1798,110.081635,45,-154.511,422.642,255,8,1,
1778399542787400,482814159,1808,110.693878,45,-159.019,420.967,255,8,1,
1778399542787785,482824103,1818,111.306129,45,-163.508,419.244,255,8,1,
1778399542788156,482834069,1828,111.918365,45,-167.978,417.472,255,8,1,
1778399542788520,482844003,1837,112.469391,45,-171.985,415.838,255,8,1,
1778399542788907,482853972,1847,113.081635,45,-176.419,413.976,255,8,1,
1778399542789239,482863915,1857,113.693871,45,-180.832,412.068,255,8,1,
1778399542802548,482873875,1867,114.306122,45,-185.225,410.112,255,8,1,
1778399542812959,482883814,1877,114.918365,46,-193.810,417.178,255,8,1,
1778399542823637,482893781,1886,115.469391,46,-197.813,415.295,255,8,1,
1778399542871317,482903718,1896,116.081627,46,-202.240,413.158,255,8,1,
1778399542871730,482913684,1906,116.693878,46,-206.643,410.973,255,8,1,
1778399542872114,482923628,1916,117.306122,46,-211.022,408.741,255,8,1,
1778399542872530,482933601,1926,117.918365,46,-215.378,406.463,255,8,1,
1778399542872925,482943545,1936,118.530617,46,-219.709,404.139,255,8,1,
1778399542885940,482953513,1945,119.081635,47,-228.446,410.746,255,8,1,
1778399542886828,482963460,1955,119.693878,47,-232.822,408.282,255,8,1,
1778399542927956,482973428,1965,120.306122,47,-237.171,405.771,255,8,1,
1778399542928356,482983371,1975,120.918373,47,-241.494,403.213,255,8,1,
1778399542928725,482993334,1985,121.530609,47,-245.788,400.610,255,8,1,
1778399542929077,483003270,1994,122.081635,47,-249.630,398.227,255,8,1,
1778399542942840,483013240,2004,122.693878,47,-253.871,395.537,255,8,1,
1778399542954274,483023190,2014,123.306129,47,-258.083,392.802,255,8,1,
1778399542964558,483033152,2024,123.918365,48,-267.845,398.320,255,8,1,
1778399542965953,483043102,2034,124.530609,48,-272.086,395.435,255,8,1,
1778399543015291,483053073,2043,125.081635,48,-275.877,392.800,255,8,1,
1778399543015898,483063020,2053,125.693886,48,-280.058,389.830,255,8,1,
1778399543016514,483072990,2063,126.306122,48,-284.208,386.815,255,8,1,
1778399543017131,483082936,2073,126.918365,49,-294.331,391.751,255,8,1,
1778399543017813,483092906,2082,127.469391,49,-298.085,388.902,255,8,1,
1778399543032718,483102853,2092,128.081635,49,-302.224,385.695,255,8,1,
1778399543076352,483112816,2102,128.693878,49,-306.328,382.444,255,8,1,
1778399543076836,483122759,2112,129.306122,49,-310.397,379.149,255,8,1,
1778399543077278,483132723,2122,129.918365,50,-320.848,383.480,255,8,1,
1778399543077842,483142661,2131,130.469391,50,-324.521,380.376,255,8,1,
1778399543078266,483152632,2141,131.081635,50,-328.567,376.887,255,8,1,
1778399543094101,483162572,2151,131.693878,50,-332.575,373.355,255,8,1,
1778399543094672,483172535,2161,132.306122,50,-336.546,369.780,255,8,1,
1778399543106320,483182471,2170,132.857147,50,-340.086,366.526,255,8,1,
1778399543147185,483192439,2180,133.469391,50,-343.983,362.871,255,8,1,
1778399543147626,483202387,2190,134.081635,51,-354.798,366.358,255,8,1,
1778399543148040,483212352,2200,134.693878,51,-358.693,362.546,255,8,1,
1778399543148481,483222298,2209,135.244904,51,-362.163,359.080,255,8,1,
1778399543165434,483232261,2219,135.857147,51,-365.979,355.189,255,8,1,
1778399543165952,483242208,2229,136.469391,52,-377.003,358.146,255,8,1,
1778399543210936,483252177,2239,137.081635,52,-380.809,354.097,255,8,1,
1778399543211460,483262122,2248,137.632660,52,-384.197,350.418,255,8,1,
1778399543211857,483272089,2258,138.244888,52,-387.919,346.293,255,8,1,
1778399543212255,483282033,2268,138.857147,52,-391.597,342.128,255,8,1,
1778399543213427,483291995,2278,139.469391,52,-395.231,337.924,255,8,1,
1778399543226457,483301936,2287,140.020416,53,-406.125,340.533,255,8,1,
1778399543237017,483311900,2297,140.632645,53,-409.740,336.174,255,8,1,
1778399543243875,483321846,2307,141.244904,53,-413.309,331.776,255,8,1,
1778399543255018,483331808,2316,141.795929,53,-416.481,327.786,255,8,1,
1778399543298916,483341749,2326,142.408157,54,-427.883,329.417,255,8,1,
1778399543299493,483351716,2336,143.020401,54,-431.379,324.827,255,8,1,
1778399543299930,483361656,2346,143.632660,55,-442.878,326.128,255,8,1,
1778399543300331,483371620,2355,144.183670,54,-437.884,316.002,255,8,1,
1778399543302510,483381555,2365,144.795914,53,-433.065,305.540,255,8,1,
1778399543317974,483391512,2375,145.408157,54,-444.537,306.572,255,8,1,
1778399543369166,483401452,2384,145.959183,56,-464.038,313.479,255,8,1,
1778399543369795,483411419,2394,146.571426,56,-467.361,308.502,255,8,1,
1778399543370262,483421361,2404,147.183670,56,-470.631,303.491,255,8,1,
1778399543370627,483431329,2413,147.734695,56,-473.528,298.951,255,8,1,
1778399543371073,483441271,2423,148.346939,56,-476.695,293.874,255,8,1,
1778399543371827,483451233,2433,148.959183,56,-479.808,288.763,255,8,1,
1778399543388012,483461175,2442,149.510208,56,-482.563,284.136,255,8,1,
1778399543434989,483471136,2452,150.122452,56,-485.572,278.963,255,8,1,
1778399543435462,483481077,2462,150.734695,56,-488.525,273.758,255,8,1,
1778399543435970,483491041,2471,151.285721,56,-491.135,269.048,255,8,1,
1778399543436424,483500981,2481,151.897964,56,-493.982,263.784,255,8,1,
1778399543436907,483510944,2491,152.510208,56,-496.772,258.491,255,8,1,
1778399543452964,483520883,2500,153.061218,56,-499.235,253.701,255,8,1,
1778399543453391,483530848,2510,153.673462,57,-510.880,252.787,255,8,1,
1778399543502190,483540788,2520,154.285721,56,-504.543,242.975,255,8,1,
1778399543502736,483550747,2529,154.836731,55,-497.805,233.860,255,8,1,
1778399543503190,483560686,2539,155.448975,55,-500.275,228.527,255,8,1,
1778399543503604,483570648,2548,156.000000,53,-484.179,215.570,255,8,1,
1778399543504112,483580582,2558,156.612244,54,-495.633,214.354,255,8,1,
1778399543519318,483590551,2568,157.224487,53,-488.675,205.174,255,8,1,
1778399543520245,483600485,2577,157.775513,52,-481.369,196.683,255,8,1,
1778399543573145,483610448,2587,158.387756,52,-483.443,191.528,255,8,1,
1778399543573624,483620389,2596,158.938782,53,-494.594,190.464,255,8,1,
1778399543574011,483630351,2606,159.551025,52,-487.232,181.674,255,8,1,
1778399543574378,483640294,2616,160.163269,53,-498.552,179.851,255,8,1,
1778399543574756,483650257,2625,160.714279,53,-500.258,175.048,255,8,1,
1778399543628249,483660192,2635,161.326538,54,-511.574,172.894,255,8,1,
1778399543628924,483670158,2644,161.877548,54,-513.213,167.966,255,8,1,
1778399543629579,483680099,2654,162.489792,55,-524.515,165.482,255,8,1,
1778399543630112,483690059,2663,163.040817,56,-535.647,163.347,255,8,1,
1778399543630545,483700000,2673,163.653061,55,-527.766,154.799,255,8,1,
1778399543630970,483709957,2682,164.204086,54,-519.608,146.994,255,8,1,
1778399543643707,483719892,2692,164.816330,51,-492.197,133.576,255,8,1,
1778399543687482,483729859,2701,165.367355,50,-483.783,126.310,255,8,1,
1778399543687880,483739791,2711,165.979584,50,-485.105,121.134,255,8,1,
1778399543688328,483749763,2720,166.530609,56,-544.597,130.438,255,8,1,
1778399543688700,483759703,2729,167.081635,59,-575.067,131.902,255,8,1,
1778399543689098,483769670,2739,167.693878,60,-586.214,127.881,255,8,1,
1778399543703119,483779611,2748,168.244904,62,-606.997,126.312,255,8,1,
1778399543713902,483789575,2757,168.795914,62,-608.184,120.469,255,8,1,
1778399543762598,483799508,2766,169.346939,62,-609.314,114.614,255,8,1,
1778399543763008,483809476,2776,169.959183,58,-571.117,101.123,255,8,1,
1778399543763423,483819415,2785,170.510208,58,-572.063,95.626,255,8,1,
1778399543763781,483829382,2794,171.061234,58,-572.956,90.120,255,8,1,
1778399543764122,483839323,2804,171.673462,59,-583.781,85.441,255,8,1,
1778399543810913,483849292,2813,172.224487,59,-584.575,79.822,255,8,1,
1778399543811485,483859230,2822,172.775513,60,-595.237,75.454,255,8,1,
1778399543811949,483869193,2832,173.387756,61,-605.942,70.241,255,8,1,
1778399543812383,483879135,2841,173.938782,65,-646.366,68.634,255,8,1,
1778399543812725,483889103,2850,174.489792,79,-786.349,75.858,255,8,1,
1778399543826302,483899050,2859,175.040817,83,-826.893,71.750,255,8,1,
1778399543827061,483909016,2868,175.591827,80,-797.633,61.489,255,8,1,
1778399543866908,483918963,2877,176.142853,77,-768.256,51.797,255,8,1,
1778399543867561,483928932,2887,176.755112,76,-758.782,43.019,255,8,1,
1778399543868097,483938870,2896,177.306122,69,-689.237,32.430,255,8,1,
1778399543868569,483948837,2905,177.857147,65,-649.545,24.304,255,8,1,
1778399543881350,483958777,2914,178.408157,66,-659.745,18.334,255,8,1,
1778399543926507,483968745,2923,178.959183,71,-709.883,12.897,255,8,1,
1778399543926937,483978684,2932,179.510208,88,-879.968,7.523,255,8,1,
1778399543927422,483988635,2942,180.122452,107,-1069.998,-2.287,255,8,0,unstable_angle_bin
1778399543927888,483998574,2951,180.673477,133,-1329.908,-15.633,255,8,1,
1778399543928390,484008541,2960,181.224487,153,-1529.651,-32.696,255,8,1,
1778399543942413,484018481,2969,181.775513,168,-1679.193,-52.052,255,8,1,
1778399543955133,484028448,2978,182.326523,181,-1808.508,-73.476,255,8,1,
1778399543955815,484038390,2987,182.877563,193,-1927.566,-96.890,255,8,1,
1778399543995797,484048358,2996,183.428574,199,-1986.438,-119.010,255,8,1,
1778399543996249,484058296,3005,183.979584,203,-2025.105,-140.884,255,8,1,
1778399543996687,484068263,3014,184.530609,204,-2033.626,-161.143,255,8,1,
1778399543997019,484078202,3023,185.081635,205,-2041.942,-181.579,255,8,1,
1778399544010962,484088169,3032,185.632660,205,-2040.102,-201.208,255,8,1,
1778399544052700,484098105,3041,186.183670,206,-2048.014,-221.895,255,8,1,
1778399544053307,484108068,3050,186.734680,206,-2045.786,-241.580,255,8,1,
1778399544053787,484118005,3059,187.285721,206,-2043.368,-261.244,255,8,1,
1778399544054244,484127969,3068,187.836731,206,-2040.761,-280.882,255,8,1,
1778399544054740,484137906,3077,188.387756,206,-2037.965,-300.496,255,8,1,
1778399544104311,484147868,3086,188.938766,204,-2015.224,-316.973,255,8,1,
1778399544104695,484157810,3094,189.428558,196,-1933.522,-321.083,255,8,1,
1778399544105068,484167777,3104,190.040817,192,-1890.593,-334.751,255,8,1,
1778399544105535,484177720,3112,190.530609,196,-1926.989,-358.211,255,8,1,
1778399544105833,484187681,3121,191.081650,195,-1913.641,-374.805,255,8,1,
1778399544119599,484197612,3130,191.632660,179,-1753.234,-360.929,255,8,1,
1778399544126355,484207573,3139,192.183670,127,-1241.395,-268.029,255,8,1,
1778399544136798,484217530,3148,192.734695,83,-809.583,-182.963,255,8,1,
1778399544143860,484227491,3156,193.224487,75,-730.111,-171.575,255,8,1,
1778399544189198,484237421,3165,193.775497,76,-738.140,-180.970,255,8,1,
1778399544189585,484247390,3174,194.326538,92,-891.389,-227.652,255,8,1,
1778399544189940,484257307,3183,194.877548,109,-1053.460,-279.862,255,8,1,
1778399544190289,484267270,3192,195.428589,113,-1089.278,-300.622,255,8,1,
1778399544205042,484277208,3200,195.918381,113,-1086.668,-309.923,255,8,1,
1778399544205447,484287172,3209,196.469391,111,-1064.458,-314.688,255,8,1,
1778399544249372,484297116,3218,197.020416,111,-1061.383,-324.911,255,8,1,
1778399544249749,484307085,3227,197.571426,112,-1067.742,-338.122,255,8,1,
1778399544250161,484317027,3236,198.122437,113,-1073.945,-351.485,255,8,1,
1778399544250490,484326993,3245,198.673477,113,-1070.515,-361.797,255,8,1,
1778399544252713,484336936,3254,199.224487,111,-1048.102,-365.490,255,8,1,
1778399544265473,484346902,3262,199.714279,109,-1026.111,-367.690,255,8,1,
1778399544276634,484356845,3271,200.265320,110,-1031.909,-381.005,255,8,1,
1778399544283184,484366808,3280,200.816330,110,-1028.197,-390.911,255,8,1,
1778399544325284,484376748,3289,201.367355,111,-1033.703,-404.424,255,8,1,
1778399544325761,484386711,3298,201.918365,111,-1029.765,-414.347,255,8,1,
1778399544326261,484396648,3307,202.469376,110,-1016.492,-420.409,255,8,1,
1778399544326618,484406610,3316,203.020416,110,-1012.402,-430.165,255,8,1,
1778399544340549,484416540,3325,203.571426,110,-1008.218,-439.881,255,8,1,
1778399544341768,484426502,3334,204.122452,111,-1013.068,-453.644,255,8,1,
1778399544381538,484436438,3343,204.673462,111,-1008.659,-463.365,255,8,1,
1778399544381936,484446397,3352,205.224487,112,-1013.202,-477.306,255,8,1,
1778399544382269,484456334,3361,205.775513,113,-1017.570,-491.376,255,8,1,
1778399544382594,484466300,3370,206.326523,114,-1021.761,-505.574,255,8,1,
1778399544394969,484476241,3379,206.877563,115,-1025.771,-519.898,255,8,1,
1778399544404933,484486206,3388,207.428574,115,-1020.724,-529.739,255,8,1,
1778399544416440,484496142,3397,207.979584,116,-1024.413,-544.222,255,8,1,
1778399544455669,484506119,3406,208.530609,117,-1027.918,-558.825,255,8,1,
1778399544456230,484516050,3416,209.142868,117,-1021.887,-569.777,255,8,1,
1778399544456676,484526017,3425,209.693878,118,-1025.048,-584.532,255,8,1,
1778399544456989,484535946,3434,210.244888,117,-1010.740,-589.325,255,8,1,
1778399544470680,484545908,3444,210.857147,100,-858.449,-512.899,255,8,1,
1778399544471048,484555862,3453,211.408157,81,-691.316,-422.116,255,8,1,
1778399544508667,484565830,3462,211.959183,76,-644.803,-402.279,255,8,1,
1778399544509199,484575767,3472,212.571442,75,-632.041,-403.763,255,8,1,
1778399544509653,484585722,3481,213.122452,75,-628.128,-409.823,255,8,1,
1778399544510023,484595658,3490,213.673462,75,-624.158,-415.844,255,8,1,
1778399544521838,484605621,3500,214.285706,74,-611.417,-416.857,255,8,1,
1778399544560451,484615557,3509,214.836746,74,-607.379,-422.718,255,8,1,
1778399544560866,484625520,3518,215.387756,74,-603.286,-428.539,255,8,1,
1778399544561238,484635456,3528,216.000015,74,-598.672,-434.961,255,8,1,
1778399544561556,484645422,3537,216.551025,74,-594.462,-440.698,255,8,1,
1778399544575259,484655354,3546,217.102036,74,-590.196,-446.395,255,8,1,
1778399544615573,484665323,3556,217.714279,73,-577.482,-446.559,255,8,1,
1778399544616020,484675258,3565,218.265320,73,-573.160,-452.092,255,8,1,
1778399544616517,484685220,3574,218.816330,73,-568.786,-457.583,255,8,1,
1778399544616918,484695159,3584,219.428574,73,-563.864,-463.635,255,8,1,
1778399544618963,484705127,3593,219.979584,73,-559.380,-469.036,255,8,1,
1778399544633034,484715070,3602,220.530609,74,-562.444,-480.892,255,8,1,
1778399544672379,484725029,3612,221.142853,74,-557.273,-486.875,255,8,1,
1778399544672925,484734969,3621,221.693893,75,-560.032,-498.863,255,8,1,
1778399544673270,484744924,3630,222.244904,76,-562.611,-510.949,255,8,1,
1778399544673579,484754863,3640,222.857147,77,-564.450,-523.733,255,8,1,
1778399544687917,484764828,3649,223.408157,77,-559.387,-529.137,255,8,1,
1778399544688436,484774765,3658,223.959167,77,-554.273,-534.492,255,8,1,
1778399544749122,484784727,3668,224.571426,78,-555.653,-547.402,255,8,1,
1778399544749605,484794662,3677,225.122452,78,-550.363,-552.721,255,8,1,
1778399544749909,484804624,3686,225.673477,80,-558.997,-572.295,255,8,1,
1778399544750302,484814558,3695,226.224487,81,-560.386,-584.865,255,8,1,
1778399544750680,484824518,3705,226.836731,82,-560.945,-598.114,255,8,1,
1778399544750999,484834460,3714,227.387741,82,-555.167,-603.481,255,8,1,
1778399544764077,484844422,3723,227.938782,83,-556.037,-616.216,255,8,1,
1778399544776987,484854357,3732,228.489792,84,-556.713,-629.024,255,8,1,
1778399544777418,484864320,3741,229.040817,86,-563.748,-649.452,255,8,1,
1778399544792585,484874264,3751,229.653046,87,-563.251,-663.060,255,8,1,
1778399544837358,484884229,3760,230.204086,88,-563.248,-676.130,255,8,1,
1778399544837968,484894165,3769,230.755096,88,-556.720,-681.515,255,8,1,
1778399544838674,484904129,3778,231.306137,89,-556.392,-694.643,255,8,1,
1778399544839059,484914075,3787,231.857147,89,-549.686,-699.961,255,8,1,
1778399544839458,484924039,3796,232.408157,90,-549.029,-713.139,255,8,1,
1778399544853660,484933978,3806,233.020401,92,-553.408,-734.942,255,8,1,
1778399544901617,484943944,3815,233.571442,95,-564.129,-764.368,255,8,1,
1778399544902110,484953880,3824,234.122452,93,-545.031,-753.552,255,8,1,
1778399544902577,484963848,3833,234.673462,92,-531.977,-750.600,255,8,1,
1778399544903049,484973784,3842,235.224487,93,-530.437,-763.896,255,8,1,
1778399544903581,484983747,3852,235.836731,95,-533.475,-786.069,255,8,1,
1778399544917843,484993684,3861,236.387756,96,-531.427,-799.491,255,8,1,
1778399544918282,485003652,3870,236.938766,98,-534.624,-821.326,255,8,1,
1778399544925729,485013591,3879,237.489807,96,-515.952,-809.564,255,8,1,
1778399544938732,485023561,3888,238.040817,97,-513.436,-822.973,255,8,1,
1778399544979112,485033494,3897,238.591843,98,-510.709,-836.407,255,8,1,
1778399544979799,485043441,3906,239.142853,99,-507.770,-849.864,255,8,1,
1778399544980178,485053379,3915,239.693878,100,-504.620,-863.342,255,8,1,
1778399544980560,485063348,3924,240.244904,101,-501.257,-876.836,255,8,1,
1778399544994764,485073286,3934,240.857132,102,-496.729,-890.876,255,8,1,
1778399544995198,485083253,3943,241.408173,105,-502.495,-921.954,255,8,1,
1778399545037584,485093192,3952,241.959183,108,-507.708,-953.222,255,8,1,
1778399545038112,485103168,3961,242.510208,110,-507.750,-975.802,255,8,0,unstable_angle_bin
1778399545038576,485113102,3970,243.061218,141,-638.784,-1257.002,255,8,0,unstable_angle_bin
1778399545039052,485123059,3979,243.612228,191,-848.888,-1710.991,255,8,1,
1778399545052695,485133005,3988,244.163269,224,-976.210,-2016.089,255,8,1,
1778399545054419,485142963,3997,244.714279,243,-1037.932,-2197.179,255,8,1,
1778399545105313,485152911,4006,245.265320,255,-1066.963,-2316.050,241,8,1,
1778399545105815,485162867,4015,245.816330,264,-1081.510,-2408.305,255,8,1,
1778399545106329,485172809,4024,246.367355,271,-1086.361,-2482.724,255,8,1,
1778399545106818,485182769,4033,246.918365,272,-1066.355,-2502.256,255,8,1,
1778399545107229,485192715,4042,247.469376,273,-1046.074,-2521.632,255,8,1,
1778399545121021,485202677,4051,248.020416,272,-1018.031,-2522.303,255,8,1,
1778399545163711,485212624,4060,248.571426,272,-993.728,-2531.977,255,8,1,
1778399545164351,485222585,4069,249.122452,272,-969.332,-2541.416,255,8,1,
1778399545164826,485232534,4078,249.673462,267,-927.478,-2503.734,255,8,1,
1778399545165234,485242495,4087,250.224487,264,-893.206,-2484.307,255,8,1,
1778399545165611,485252445,4096,250.775513,263,-865.981,-2483.340,255,8,1,
1778399545222502,485262406,4104,251.265305,263,-844.721,-2490.652,255,8,1,
1778399545223003,485272354,4113,251.816315,261,-814.488,-2479.659,255,8,1,
1778399545223422,485282315,4122,252.367355,261,-790.603,-2487.378,255,8,1,
1778399545223885,485292265,4131,252.918365,258,-757.834,-2466.189,255,8,1,
1778399545224248,485302216,4140,253.469391,256,-728.390,-2454.190,255,8,1,
1778399545224646,485312161,4149,254.020401,254,-699.249,-2441.854,255,8,1,
1778399545279780,485322112,4158,254.571411,251,-667.753,-2419.547,255,8,1,
1778399545280260,485332057,4167,255.122452,252,-647.020,-2435.521,255,8,1,
1778399545280652,485342014,4176,255.673462,250,-618.620,-2422.253,255,8,1,
1778399545281019,485351959,4185,256.224487,247,-588.152,-2398.953,255,8,1,
1778399545281360,485361922,4194,256.775513,245,-560.479,-2385.029,255,8,1,
1778399545282060,485371860,4202,257.265289,199,-438.670,-1941.048,255,8,1,
1778399545297422,485381822,4211,257.816345,187,-394.656,-1827.880,255,8,1,
1778399545303781,485391756,4220,258.367340,185,-373.027,-1812.002,255,8,1,
1778399545314633,485401723,4229,258.918365,187,-359.428,-1835.133,255,8,1,
1778399545355343,485411660,4238,259.469391,176,-321.659,-1730.357,255,8,1,
1778399545355911,485421624,4246,259.959167,147,-256.294,-1447.485,255,8,1,
1778399545356410,485431555,4255,260.510193,134,-220.929,-1321.662,255,8,1,
1778399545356759,485441527,4264,261.061218,129,-200.439,-1274.333,255,8,1,
1778399545370432,485451464,4273,261.612244,127,-185.257,-1256.415,255,8,1,
1778399545371192,485461438,4282,262.163269,123,-167.711,-1218.513,255,8,1,
1778399545424092,485471367,4291,262.714294,121,-153.449,-1200.231,255,8,1,
1778399545424811,485481343,4300,263.265320,125,-146.590,-1241.375,255,8,1,
1778399545425380,485491273,4308,263.755096,126,-137.061,-1252.523,255,8,1,
1778399545425862,485501248,4317,264.306122,125,-124.017,-1243.833,255,8,1,
1778399545426575,485511177,4326,264.857147,124,-111.153,-1235.008,255,8,1,
1778399545440728,485521155,4335,265.408173,124,-99.270,-1236.020,255,8,1,
1778399545441255,485531091,4344,265.959167,124,-87.380,-1236.917,255,8,1,
1778399545494170,485541066,4352,266.448975,123,-76.183,-1227.638,255,8,1,
1778399545494689,485550998,4361,267.000000,123,-64.373,-1228.314,255,8,1,
1778399545495337,485560972,4370,267.551025,123,-52.557,-1228.877,255,8,1,
1778399545495731,485570897,4379,268.102051,122,-40.406,-1219.331,255,8,1,
1778399545496180,485580870,4388,268.653046,121,-28.443,-1209.666,255,8,1,
1778399545510108,485590801,4397,269.204102,121,-16.808,-1209.883,255,8,1,
1778399545510617,485600774,4405,269.693878,122,-6.518,-1219.983,255,8,1,
1778399545556065,485610698,4414,270.244904,122,5.215,-1219.989,255,8,1,
1778399545556557,485620670,4423,270.795898,121,16.808,-1209.883,255,8,1,
1778399545556965,485630586,4432,271.346954,116,27.268,-1159.679,255,8,1,
1778399545557290,485640561,4441,271.897949,102,33.782,-1019.440,255,8,1,
1778399545570746,485650517,4450,272.448975,90,38.457,-899.178,255,8,1,
1778399545571334,485660479,4458,272.938782,87,44.604,-868.856,255,8,1,
1778399545579154,485670420,4467,273.489777,86,52.349,-858.405,255,8,1,
1778399545589602,485680384,4476,274.040833,86,60.602,-857.862,255,8,1,
1778399545635112,485690323,4485,274.591827,88,70.450,-877.175,255,8,1,
1778399545635730,485700292,4494,275.142853,96,86.054,-956.135,255,8,1,
1778399545636235,485710207,4503,275.693878,99,98.221,-985.116,255,8,1,
1778399545636604,485720175,4512,276.244904,100,108.778,-994.066,255,8,1,
1778399545638303,485730119,4521,276.795929,100,118.333,-992.974,255,8,1,
1778399545650958,485740087,4530,277.346924,99,126.598,-981.872,255,8,1,
1778399545688353,485750047,4539,277.897980,98,134.661,-970.704,255,8,1,
1778399545688782,485760015,4548,278.448975,91,133.705,-900.124,255,8,1,
1778399545689163,485769951,4556,278.938782,78,121.196,-770.527,255,8,1,
1778399545703423,485783892,4569,279.734711,64,108.215,-630.785,255,8,1,
1778399545703835,485793831,4578,280.285706,48,85.707,-472.286,255,8,1,
1778399545716890,485803793,4587,280.836731,47,88.365,-461.618,255,8,1,
1778399545723196,485813730,4596,281.387756,47,92.800,-460.747,255,8,1,
1778399545734455,485823692,4605,281.938782,47,97.227,-459.834,255,8,1,
1778399545771757,485833626,4614,282.489807,47,101.645,-458.877,255,8,1,
1778399545772152,485843584,4623,283.040802,52,117.335,-506.589,255,8,1,
1778399545772534,485853519,4632,283.591858,56,131.602,-544.317,255,8,1,
1778399545772906,485863480,4641,284.142853,60,146.604,-581.814,255,8,1,
1778399545787616,485873413,4650,284.693878,60,152.193,-580.377,255,8,1,
1778399545834665,485883370,4658,285.183655,60,157.148,-579.055,255,8,1,
1778399545835083,485893308,4668,285.795929,61,166.049,-586.965,255,8,1,
1778399545835446,485903271,4676,286.285706,71,199.103,-681.511,255,8,1,
1778399545835891,485913210,4685,286.836731,85,246.199,-813.564,255,8,1,
1778399545836353,485923174,4694,287.387756,87,259.988,-830.245,255,8,1,
1778399545850095,485933111,4703,287.938782,83,255.641,-789.651,255,8,1,
1778399545850454,485943076,4712,288.489807,82,260.051,-777.672,255,8,1,
1778399545866768,485953014,4721,289.040802,81,264.256,-765.682,255,8,1,
1778399545873387,485962973,4730,289.591827,80,268.254,-753.684,255,8,1,
1778399545921997,485972918,4739,290.142853,80,275.490,-751.070,255,8,1,
1778399545922485,485982885,4748,290.693878,80,282.700,-748.385,255,8,1,
1778399545922874,485992824,4757,291.244904,80,289.884,-745.632,255,8,1,
1778399545923322,486002792,4766,291.795898,80,297.041,-742.810,255,8,1,
1778399545923669,486012729,4775,292.346954,80,304.171,-739.919,255,8,1,
1778399545969538,486022685,4784,292.897949,81,315.164,-746.171,255,8,1,
1778399545970012,486032633,4793,293.448975,84,334.263,-770.628,255,8,1,
1778399545970409,486042593,4802,294.000000,85,345.726,-776.514,255,8,1,
1778399545970796,486052540,4811,294.551025,84,349.023,-764.057,255,8,1,
1778399545971170,486062510,4820,295.102051,84,356.355,-760.665,255,8,1,
1778399545984433,486072449,4829,295.653046,84,363.653,-757.203,255,8,1,
1778399545996310,486082409,4838,296.204102,83,366.503,-744.698,255,8,1,
1778399546007784,486092342,4847,296.755096,72,324.128,-642.916,255,8,1,
1778399546008545,486102302,4856,297.306122,69,316.534,-613.112,255,8,1,
1778399546058794,486112237,4865,297.857147,72,336.433,-636.563,255,8,1,
1778399546059585,486122206,4874,298.408142,82,390.114,-721.256,255,8,1,
1778399546060091,486132145,4882,298.897980,86,415.596,-752.914,255,8,1,
1778399546060510,486142114,4892,299.510193,86,423.617,-748.431,255,8,1,
1778399546060844,486152053,4900,300.000000,87,435.000,-753.442,255,8,1,
1778399546073792,486162021,4909,300.551025,88,447.309,-757.836,255,8,1,
1778399546113731,486171956,4918,301.102051,89,459.742,-762.061,255,8,1,
1778399546114115,486181925,4928,301.714294,90,473.116,-765.612,255,8,1,
1778399546114485,486191863,4936,302.204071,89,474.313,-753.078,255,8,1,
1778399546114824,486201832,4945,302.755096,89,481.534,-748.482,255,8,1,
1778399546129834,486211773,4954,303.306122,87,477.728,-727.101,255,8,1,
1778399546130235,486221743,4963,303.857147,87,484.698,-722.473,255,8,1,
1778399546140885,486231683,4972,304.408173,86,485.973,-709.528,255,8,1,
1778399546147088,486241654,4981,304.959167,86,492.774,-704.822,255,8,1,
1778399546157637,486251594,4990,305.510193,88,511.146,-716.331,255,8,1,
1778399546198780,486261563,4999,306.061218,87,512.125,-703.298,255,8,1,
1778399546199265,486271506,5008,306.612244,87,518.865,-698.340,255,8,1,
1778399546199650,486281463,5017,307.163269,87,525.557,-693.318,255,8,1,
1778399546200010,486291416,5026,307.714294,87,532.200,-688.232,255,8,1,
1778399546213548,486301381,5035,308.265320,87,538.794,-683.082,255,8,1,
1778399546257637,486311323,5044,308.816315,85,532.802,-662.286,255,8,1,
1778399546258167,486321279,5053,309.367340,84,532.804,-649.400,255,8,1,
1778399546258592,486331220,5062,309.918365,83,532.607,-636.576,255,8,1,
1778399546258966,486341194,5071,310.469391,82,532.214,-623.817,255,8,1,
1778399546259295,486351129,5080,311.020416,81,531.626,-611.125,255,8,1,
1778399546273512,486361105,5089,311.571442,80,530.843,-598.503,255,8,1,
1778399546285908,486371047,5098,312.122437,79,529.867,-585.953,255,8,1,
1778399546286241,486381008,5107,312.673462,78,528.699,-573.478,255,8,1,
1778399546299094,486390950,5116,313.224487,77,527.341,-561.081,255,8,1,
1778399546339455,486400914,5125,313.775513,72,498.121,-519.880,255,8,1,
1778399546339903,486410857,5134,314.326538,68,475.148,-486.451,255,8,1,
1778399546340405,486420828,5143,314.877533,69,486.860,-488.945,255,8,1,
1778399546340741,486430773,5152,315.428589,74,527.158,-519.330,255,8,1,
1778399546354620,486440739,5161,315.979584,73,524.937,-507.288,255,8,1,
1778399546355064,486450682,5170,316.530609,72,522.534,-495.336,255,8,1,
1778399546398003,486460644,5179,317.081635,72,527.274,-490.288,255,8,1,
1778399546398612,486470585,5188,317.632660,72,531.965,-485.195,255,8,1,
1778399546399015,486480551,5197,318.183685,71,529.153,-473.389,255,8,1,
1778399546399431,486490494,5206,318.734680,70,526.164,-461.683,255,8,1,
1778399546413955,486500464,5215,319.285706,70,530.580,-456.601,255,8,1,
1778399546414369,486510408,5224,319.836731,69,527.305,-445.028,255,8,1,
1778399546425259,486520374,5233,320.387756,69,531.560,-439.936,255,8,1,
1778399546437980,486530319,5242,320.938782,68,528.002,-428.502,255,8,1,
1778399546481363,486540285,5252,321.551025,67,524.719,-416.618,255,8,1,
1778399546481776,486550226,5260,322.040833,60,473.070,-369.060,255,8,1,
1778399546482084,486560194,5269,322.591827,53,420.994,-321.969,255,8,1,
1778399546482500,486570135,5278,323.142853,51,408.068,-305.909,255,8,1,
1778399546483630,486580106,5287,323.693878,50,402.933,-296.050,255,8,1,
1778399546498660,486590044,5296,324.244873,50,405.761,-292.161,255,8,1,
1778399546546416,486600012,5305,324.795929,50,408.552,-288.245,255,8,1,
1778399546546821,486609948,5314,325.346924,50,411.305,-284.303,255,8,1,
1778399546547164,486619912,5323,325.897980,50,414.020,-280.334,255,8,1,
1778399546547577,486629852,5332,326.448975,50,416.697,-276.340,255,8,1,
1778399546547987,486639820,5341,327.000000,50,419.335,-272.320,255,8,1,
1778399546562197,486649763,5350,327.551025,50,421.935,-268.274,255,8,1,
1778399546562785,486659720,5359,328.102020,50,424.495,-264.204,255,8,1,
1778399546577784,486669666,5368,328.653076,52,444.097,-270.514,255,8,1,
1778399546620326,486679625,5377,329.204071,56,481.038,-286.710,255,8,1,
1778399546620724,486689564,5386,329.755096,60,518.328,-302.218,255,8,1,
1778399546621077,486699527,5395,330.306122,61,529.898,-302.173,255,8,1,
1778399546621388,486709467,5404,330.857147,61,532.779,-297.063,255,8,1,
1778399546622228,486719434,5413,331.408173,61,535.611,-291.926,255,8,1,
1778399546636582,486729375,5422,331.959167,60,529.568,-282.060,255,8,1,
1778399546679196,486739338,5431,332.510223,60,532.256,-276.954,255,8,1,
1778399546679598,486749282,5440,333.061218,60,534.895,-271.823,255,8,1,
1778399546680073,486759248,5449,333.612244,59,528.526,-262.222,255,8,1,
1778399546680470,486769188,5458,334.163269,59,531.023,-257.127,255,8,1,
1778399546681591,486779154,5467,334.714294,59,533.472,-252.008,255,8,1,
1778399546693896,486789092,5476,335.265320,59,535.870,-246.866,255,8,1,
1778399546737906,486799060,5485,335.816315,58,529.097,-237.605,255,8,1,
1778399546738344,486809003,5494,336.367371,58,531.358,-232.505,255,8,1,
1778399546738839,486818967,5502,336.857147,58,533.326,-227.954,255,8,1,
1778399546739264,486828912,5512,337.469391,58,535.731,-222.243,255,8,1,
1778399546753448,486838883,5520,337.959198,57,528.343,-213.902,255,8,1,
1778399546753824,486848826,5529,338.510193,57,530.375,-208.811,255,8,1,
1778399546765247,486858786,5538,339.061218,57,532.359,-203.701,255,8,1,
1778399546804488,486868732,5547,339.612244,57,534.293,-198.572,255,8,1,
1778399546804914,486878700,5556,340.163269,57,536.178,-193.424,255,8,1,
1778399546805353,486888640,5565,340.714294,56,528.575,-184.956,255,8,1,
1778399546805736,486898609,5574,341.265320,56,530.329,-179.864,255,8,1,
1778399546819809,486908545,5583,341.816315,56,532.034,-174.756,255,8,1,
1778399546820165,486918513,5592,342.367340,56,533.690,-169.631,255,8,1,
1778399546865014,486928457,5601,342.918365,56,535.297,-164.491,255,8,1,
1778399546865592,486938414,5610,343.469391,56,536.854,-159.335,255,8,1,
1778399546866014,486948354,5619,344.020416,56,538.362,-154.165,255,8,1,
1778399546866636,486958328,5628,344.571411,56,539.819,-148.981,255,8,1,
1778399546880059,486968275,5637,345.122437,55,531.562,-141.215,255,8,1,
1778399546880481,486978240,5646,345.673462,55,532.896,-136.096,255,8,1,
1778399546925901,486988178,5655,346.224487,55,534.180,-130.965,255,8,1,
1778399546926432,486998151,5664,346.775513,55,535.415,-125.822,255,8,1,
1778399546926790,487008092,5672,347.265289,55,536.471,-121.240,255,8,1,
1778399546927407,487018049,5681,347.816345,55,537.612,-116.075,255,8,1,
1778399546933132,487027998,5690,348.367340,54,528.909,-108.884,255,8,1,
1778399546947441,487037964,5699,348.918365,54,529.931,-103.792,255,8,1,
1778399546948805,487047901,5708,349.469391,54,530.905,-98.691,255,8,1,
1778399547004376,487057871,5717,350.020416,54,531.830,-93.581,255,8,1,
1778399547004764,487067820,5726,350.571442,54,532.705,-88.462,255,8,1,
1778399547005270,487077789,5735,351.122437,54,533.531,-83.335,255,8,1,
1778399547005579,487087736,5744,351.673492,54,534.308,-78.200,255,8,1,
1778399547005969,487097705,5753,352.224487,54,535.035,-73.058,255,8,1,
1778399547055315,487107648,5762,352.775513,54,535.713,-67.909,255,8,1,
1778399547055699,487117612,5770,353.265320,54,536.274,-63.327,255,8,1,
1778399547056160,487127553,5779,353.816315,54,536.858,-58.167,255,8,1,
1778399547056582,487137520,5788,354.367340,54,537.393,-53.001,255,8,1,
1778399547057060,487147469,5797,354.918365,53,527.917,-46.945,255,8,1,
1778399547057715,487157434,5806,355.469391,53,528.344,-41.866,255,8,1,
1778399547071548,487167376,5815,356.020416,53,528.722,-36.783,255,8,1,
1778399547111987,487177341,5824,356.571442,53,529.051,-31.696,255,8,1,
1778399547112515,487187288,5833,357.122437,53,529.332,-26.607,255,8,1,
1778399547112961,487197253,5842,357.673462,53,529.563,-21.515,255,8,1,
1778399547113287,487207196,5850,358.163269,53,529.728,-16.987,255,8,1,
1778399547127981,487217169,5859,358.714264,53,529.867,-11.892,255,8,1,
1778399547128317,487227113,5868,359.265320,53,529.956,-6.796,255,8,1,
1778399547191199,487237081,5877,359.816315,53,529.997,-1.699,255,8,1,
1778399547191632,487247028,6,0.367347,53,529.989,3.398,255,8,1,
1778399547192146,487256996,15,0.918367,53,529.932,8.495,255,8,1,
1778399547192520,487266935,24,1.469388,53,529.826,13.591,255,8,1,
1778399547192904,487276902,33,2.020408,53,529.671,18.685,255,8,1,
1778399547193271,487286843,42,2.571429,53,529.466,23.778,255,8,1,
1778399547207261,487296809,50,3.061225,53,529.244,28.304,255,8,1,
1778399547207638,487306750,59,3.612245,53,528.947,33.392,255,8,1,
1778399547216086,487316722,68,4.163265,53,528.601,38.477,255,8,1,
1778399547227789,487326665,77,4.714286,53,528.207,43.559,255,8,1,
1778399547276322,487336632,86,5.265306,53,527.764,48.637,255,8,1,
1778399547276788,487346574,94,5.755102,53,527.329,53.147,255,8,1,
1778399547277177,487356543,103,6.306122,53,526.793,58.215,255,8,1,
1778399547277630,487366488,112,6.857143,53,526.209,63.279,255,8,1,
1778399547278004,487376453,121,7.408164,52,515.659,67.047,255,8,1,
1778399547291021,487386398,130,7.959184,53,524.894,73.388,255,8,1,
1778399547337800,487396358,139,8.510204,53,524.164,78.432,255,8,1,
1778399547338234,487406301,147,9.000000,53,523.475,82.910,255,8,1,
1778399547338767,487416261,156,9.551021,53,522.653,87.941,255,8,1,
1778399547339197,487426198,165,10.102040,53,521.783,92.963,255,8,1,
1778399547339612,487436164,174,10.653061,53,520.865,97.977,255,8,1,
1778399547354585,487446105,182,11.142858,53,520.009,102.426,255,8,1,
1778399547354988,487456075,191,11.693877,53,519.000,107.422,255,8,1,
1778399547414382,487466010,200,12.244899,53,517.942,112.408,255,8,1,
1778399547414869,487475978,209,12.795918,53,516.838,117.384,255,8,1,
1778399547415232,487485923,217,13.285715,53,515.815,121.798,255,8,1,
1778399547415641,487495889,226,13.836735,53,514.620,126.753,255,8,1,
1778399547416143,487505830,235,14.387755,53,513.377,131.696,255,8,1,
1778399547416510,487515795,243,14.877551,53,512.233,136.080,255,8,1,
1778399547431801,487525736,252,15.428572,53,510.900,141.000,255,8,1,
1778399547474392,487535694,261,15.979591,53,509.521,145.906,255,8,1,
1778399547475128,487545635,269,16.469389,53,508.255,150.257,255,8,1,
1778399547475753,487555594,278,17.020409,53,506.786,155.138,255,8,1,
1778399547476241,487565532,287,17.571428,53,505.271,160.004,255,8,1,
1778399547476690,487575499,295,18.061224,53,503.885,164.318,255,8,1,
1778399547491212,487585437,304,18.612246,53,502.281,169.156,255,8,1,
1778399547495658,487595400,312,19.102041,53,500.817,173.443,255,8,1,
1778399547507554,487605343,321,19.653061,53,499.126,178.252,255,8,1,
1778399547513125,487615312,330,20.204081,53,497.388,183.043,255,8,1,
1778399547563487,487625257,338,20.693876,53,495.805,187.289,255,8,1,
1778399547563927,487635228,347,21.244898,53,493.981,192.048,255,8,1,
1778399547564298,487645176,355,21.734694,53,492.322,196.264,255,8,1,
1778399547564672,487655135,364,22.285715,54,499.664,204.782,255,8,1,
1778399547565017,487665078,372,22.775511,54,497.895,209.046,255,8,1,
1778399547620243,487675049,381,23.326530,54,495.862,213.824,255,8,1,
1778399547620700,487684990,389,23.816326,54,494.016,218.055,255,8,1,
1778399547621112,487694956,398,24.367346,54,491.896,222.796,255,8,1,
1778399547621583,487704895,406,24.857143,54,489.974,226.993,255,8,1,
1778399547622012,487714863,415,25.408163,54,487.768,231.694,255,8,1,
1778399547622429,487724801,424,25.959183,54,485.517,236.375,255,8,1,
1778399547637750,487734761,432,26.448978,54,483.479,240.516,255,8,1,
1778399547644562,487744698,441,27.000002,54,481.144,245.155,255,8,1,
1778399547691901,487754665,449,27.489796,54,479.030,249.259,255,8,1,
1778399547692313,487764604,458,28.040815,54,476.611,253.854,255,8,1,
1778399547692653,487774567,466,28.530611,55,483.209,262.696,255,8,1,
1778399547693038,487784508,475,29.081635,55,480.660,267.330,255,8,1,
1778399547693456,487794468,483,29.571430,55,478.358,271.430,255,8,1,
1778399547709268,487804403,492,30.122450,55,475.725,276.017,255,8,1,
1778399547711015,487814364,500,30.612244,55,473.348,280.074,255,8,1,
1778399547760739,487824305,509,31.163263,55,470.633,284.613,255,8,1,
1778399547761343,487834270,517,31.653063,55,468.183,288.626,255,8,1,
1778399547761865,487844217,526,32.204082,56,473.847,298.444,255,8,1,
1778399547762310,487854175,534,32.693878,56,471.278,302.484,255,8,1,
1778399547762802,487864119,542,33.183674,56,468.675,306.502,255,8,1,
1778399547778119,487874085,551,33.734692,56,465.706,310.995,255,8,1,
1778399547780265,487884024,560,34.285713,56,462.694,315.459,255,8,1,
1778399547841322,487893988,568,34.775509,56,459.980,319.403,255,8,1,
1778399547841815,487903923,576,35.265305,56,457.233,323.323,255,8,1,
1778399547842252,487913889,585,35.816326,56,454.102,327.706,255,8,1,
1778399547842649,487923820,593,36.306122,57,459.343,337.497,255,8,1,
1778399547843027,487933784,602,36.857143,57,456.076,341.898,255,8,1,
1778399547843444,487943722,610,37.346939,57,453.137,345.785,255,8,1,
1778399547859133,487953687,619,37.897957,57,449.790,350.127,255,8,1,
1778399547859577,487963624,627,38.387753,57,446.781,353.959,255,8,1,
1778399547909267,487973595,635,38.877552,58,451.524,364.042,255,8,1,
1778399547909823,487983532,644,39.428574,58,448.002,368.367,255,8,1,
1778399547910328,487993504,652,39.918365,58,444.837,372.183,255,8,1,
1778399547910834,488003446,660,40.408161,58,441.639,375.972,255,8,1,
1778399547911301,488013415,668,40.897957,58,438.409,379.734,255,8,1,
1778399547926062,488023354,677,41.448982,58,434.736,383.933,255,8,1,
1778399547933269,488033322,685,41.938778,58,431.438,387.635,255,8,1,
1778399547991742,488043261,693,42.428570,57,420.728,384.562,255,8,1,
1778399547992289,488053228,702,42.979591,56,409.694,381.773,255,8,1,
1778399547992748,488063166,710,43.469387,56,406.416,385.261,255,8,1,
1778399547993171,488073131,718,43.959187,56,403.107,388.722,255,8,1,
1778399547993571,488083075,726,44.448982,56,399.770,392.153,255,8,1,
1778399547993993,488093033,734,44.938774,56,396.403,395.556,255,8,1,
1778399548009691,488102978,743,45.489799,56,392.580,399.350,255,8,1,
1778399548010304,488112943,748,45.795918,55,383.469,394.274,255,8,1,
1778399548057932,488122889,751,45.979591,55,382.203,395.501,255,8,1,
1778399548058477,488132853,751,45.979591,55,382.203,395.501,255,8,1,
1778399548058879,488142786,751,45.979591,55,382.203,395.501,255,8,1,
1778399548059292,488152749,750,45.918365,55,382.625,395.092,255,8,1,
1778399548059776,488162689,750,45.918365,55,382.625,395.092,255,8,1,
1778399548075808,488172654,750,45.918365,55,382.625,395.092,255,8,1,
1778399548077192,488182588,750,45.918365,55,382.625,395.092,255,8,1,
1778399548128206,488192550,750,45.918365,55,382.625,395.092,255,8,1,
1778399548128597,488202490,750,45.918365,55,382.625,395.092,255,8,1,
1778399548129039,488212453,750,45.918365,55,382.625,395.092,255,8,1,
1778399548129406,488222390,748,45.795918,55,383.469,394.274,255,8,1,
1778399548129764,488232353,746,45.673470,56,391.298,400.607,255,8,1,
1778399548146583,488242298,743,45.489799,55,385.570,392.219,255,8,1,
1778399548146966,488252263,740,45.306122,55,386.825,390.981,255,8,1,
1778399548194130,488262202,736,45.061226,55,388.493,389.324,255,8,1,
1778399548194707,488272166,733,44.877552,55,389.739,388.077,255,8,1,
1778399548195127,488282107,730,44.693878,55,390.981,386.825,255,8,1,
1778399548195532,488292075,726,44.448982,55,392.631,385.151,255,8,1,
1778399548195931,488302018,722,44.204082,55,394.274,383.469,255,8,1,
1778399548211992,488311982,718,43.959187,55,395.909,381.780,255,8,1,
1778399548260867,488321929,714,43.714287,55,397.537,380.084,255,8,1,
1778399548261314,488331897,710,43.469387,55,399.158,378.382,255,8,1,
1778399548261771,488341841,706,43.224491,55,400.772,376.672,255,8,1,
1778399548262184,488351809,702,42.979591,55,402.378,374.956,255,8,1,
1778399548262641,488361748,697,42.673470,55,404.376,372.801,255,8,1,
1778399548279029,488371715,693,42.428570,55,405.965,371.069,255,8,1,
1778399548279497,488381661,688,42.122448,55,407.942,368.894,255,8,1,
1778399548328486,488391631,684,41.877552,56,416.961,373.823,255,8,1,
1778399548329001,488401577,679,41.571430,56,418.952,371.590,255,8,1,
1778399548329380,488411549,675,41.326530,56,420.537,369.796,255,8,1,
1778399548329749,488421487,670,41.020409,57,430.051,374.107,255,8,1,
1778399548330063,488431456,665,40.714287,57,432.044,371.804,255,8,1,
1778399548345035,488441403,660,40.408161,57,434.024,369.490,255,8,1,
1778399548345452,488451364,655,40.102039,58,443.641,373.607,255,8,1,
1778399548410000,488461307,650,39.795918,58,445.631,371.232,255,8,1,
1778399548410598,488471278,646,39.551022,58,447.214,369.324,255,8,1,
1778399548411126,488481218,640,39.183674,58,449.572,366.449,255,8,1,
1778399548411565,488491185,636,38.938778,58,451.134,364.524,255,8,1,
1778399548412005,488501129,630,38.571430,57,445.644,355.389,255,8,1,
1778399548412423,488511095,625,38.265305,57,447.536,353.003,255,8,1,
1778399548413714,488521040,620,37.959183,57,449.416,350.607,255,8,1,
1778399548430102,488531009,615,37.653061,57,451.283,348.201,255,8,1,
1778399548435620,488540949,609,37.285713,57,453.506,345.300,255,8,1,
1778399548449293,488550913,604,36.979591,57,455.344,342.872,255,8,1,
1778399548494402,488560858,598,36.612244,56,449.506,333.982,255,8,1,
1778399548494978,488570825,593,36.306122,56,451.284,331.576,255,8,1,
1778399548495462,488580766,588,36.000000,56,453.050,329.160,255,8,1,
1778399548495852,488590730,582,35.632652,56,455.151,326.248,255,8,1,
1778399548496223,488600667,576,35.265305,56,457.233,323.323,255,8,1,
1778399548511567,488610636,571,34.959183,56,458.954,320.876,255,8,1,
1778399548512698,488620575,565,34.591835,56,461.002,317.927,255,8,1,
1778399548561060,488630540,559,34.224491,56,463.031,314.965,255,8,1,
1778399548561582,488640485,554,33.918369,56,464.707,312.486,255,8,1,
1778399548562075,488650442,548,33.551022,56,466.701,309.500,255,8,1,
1778399548562560,488660393,542,33.183674,55,460.306,301.029,255,8,1,
1778399548562977,488670361,536,32.816326,55,462.227,298.071,255,8,1,
1778399548579127,488680303,530,32.448978,55,464.128,295.102,255,8,1,
1778399548587186,488690274,524,32.081635,55,466.011,292.120,255,8,1,
1778399548730608,488700218,518,31.714287,55,467.874,289.126,255,8,1,
1778399548731149,488710187,512,31.346939,55,469.718,286.120,255,8,1,
1778399548731495,488720136,505,30.918367,55,471.845,282.599,255,8,1,
1778399548731859,488730105,499,30.551020,55,473.647,279.568,255,8,1,
1778399548732250,488740055,493,30.183674,55,475.430,276.526,255,8,1,
1778399548732531,488750018,486,29.755102,55,477.485,272.962,255,8,1,
1778399548732839,488759957,480,29.387754,55,479.225,269.895,255,8,1,
1778399548733115,488769930,474,29.020407,54,472.201,261.965,255,8,1,
1778399548733406,488779870,467,28.591835,54,474.148,258.426,255,8,1,
1778399548733679,488789837,460,28.163265,54,476.067,254.872,255,8,1,
1778399548733943,488799777,454,27.795918,54,477.692,251.815,255,8,1,
1778399548734237,488809741,447,27.367346,54,479.562,248.235,255,8,1,
1778399548734522,488819683,441,27.000002,54,481.144,245.155,255,8,1,
1778399548734841,488829655,434,26.571430,54,482.964,241.549,255,8,1,
1778399548735121,488839598,427,26.142859,54,484.757,237.930,255,8,1,
1778399548748910,488849562,420,25.714287,54,486.523,234.297,255,8,1,
1778399548750176,488859500,414,25.346939,54,488.015,231.173,255,8,1,
