host_rx_time_us,t_sample_us,angle_tick,angle_deg,distance_cm,x_mm,y_mm,quality,status,m9_keep,m9_reasons
1778399101118827,398599,0,0.000000,32,320.000,0.000,255,8,1,
1778399101119543,38378529,1394,85.346939,29,23.525,289.044,255,8,1,
1778399101120179,38388514,1404,85.959183,29,20.435,289.279,255,8,1,
1778399101120809,38398473,1414,86.571426,29,17.343,289.481,255,8,1,
1778399101121436,38408461,1424,87.183678,29,14.249,289.650,255,8,1,
1778399101122027,38418419,1434,87.795914,29,11.153,289.785,255,8,1,
1778399101122642,38428407,1444,88.408165,29,8.056,289.888,255,8,1,
1778399101123325,38438366,1453,88.959183,29,5.268,289.952,255,8,1,
1778399101124152,38448354,1463,89.571426,29,2.169,289.992,255,8,1,
1778399101124688,38458324,1473,90.183678,28,-0.898,279.999,255,8,1,
1778399101125238,38468314,1483,90.795921,29,-4.028,289.972,255,8,1,
1778399101125824,38478278,1493,91.408157,29,-7.127,289.912,255,8,1,
1778399101126332,38488261,1503,92.020409,29,-10.224,289.820,255,8,1,
1778399101126917,38498224,1513,92.632652,29,-13.320,289.694,255,8,1,
1778399101127497,38508211,1522,93.183678,28,-15.550,279.568,255,8,1,
1778399101128107,38518172,1532,93.795914,29,-19.199,289.364,255,8,1,
1778399101128610,38528159,1542,94.408165,28,-21.521,279.172,255,8,1,
1778399101129295,38538115,1552,95.020409,28,-24.503,278.926,255,8,1,
1778399101129936,38548101,1562,95.632652,29,-28.464,288.600,255,8,1,
1778399101130556,38558062,1572,96.244904,29,-31.546,288.279,255,8,1,
1778399101131058,38568047,1582,96.857140,28,-33.430,277.997,255,8,1,
1778399101131566,38578008,1592,97.469383,29,-37.699,287.539,255,8,1,
1778399101131988,38587993,1602,98.081635,29,-40.769,287.120,255,8,1,
1778399101132447,38597956,1611,98.632660,29,-43.529,286.715,255,8,1,
1778399101132972,38607943,1621,99.244896,29,-46.590,286.233,255,8,1,
1778399101133529,38617895,1631,99.857140,28,-47.934,275.867,255,8,1,
1778399101134268,38627881,1641,100.469391,28,-50.879,275.339,255,8,1,
1778399101135105,38637831,1651,101.081635,28,-53.818,274.779,255,8,1,
1778399101135682,38647813,1661,101.693871,28,-56.751,274.188,255,8,1,
1778399101136204,38657771,1670,102.244896,28,-59.385,273.630,255,8,1,
1778399101219143,38667764,1680,102.857147,29,-64.531,282.729,255,8,1,
1778399101219771,38677722,1690,103.469391,29,-67.548,282.023,255,8,1,
1778399101220310,38687711,1700,104.081627,28,-68.125,271.586,255,8,1,
1778399101220951,38697667,1710,104.693878,28,-71.023,270.843,255,8,1,
1778399101221515,38707649,1720,105.306122,29,-76.553,279.713,255,8,1,
1778399101222094,38717606,1729,105.857147,28,-76.507,269.345,255,8,1,
1778399101222718,38727593,1739,106.469383,29,-82.216,278.102,255,8,1,
1778399101223237,38737547,1749,107.081635,29,-85.183,277.207,255,8,1,
1778399101223677,38747533,1759,107.693878,29,-88.140,276.281,255,8,1,
1778399101271294,38757489,1769,108.306122,29,-91.087,275.324,255,8,1,
1778399101271847,38767472,1778,108.857140,28,-90.499,264.972,255,8,1,
1778399101272285,38777423,1788,109.469383,28,-93.325,263.990,255,8,1,
1778399101272752,38787412,1798,110.081635,29,-99.574,272.369,255,8,1,
1778399101273273,38797373,1808,110.693878,28,-98.945,261.935,255,8,1,
1778399101331722,38807354,1818,111.306129,29,-105.372,270.179,255,8,1,
1778399101332273,38817316,1827,111.857140,28,-104.242,259.872,255,8,1,
1778399101332753,38827302,1837,112.469391,29,-110.835,267.984,255,8,1,
1778399101333223,38837259,1847,113.081635,29,-113.692,266.785,255,8,1,
1778399101333614,38847242,1857,113.693871,28,-112.518,256.398,255,8,1,
1778399101334001,38857193,1866,114.244896,28,-114.979,255.304,255,8,1,
1778399101346027,38867182,1876,114.857147,29,-121.904,263.134,255,8,1,
1778399101361718,38877144,1886,115.469391,29,-124.708,261.816,255,8,1,
1778399101362426,38887129,1896,116.081627,29,-127.499,260.469,255,8,1,
1778399101369568,38897094,1906,116.693878,29,-130.275,259.092,255,8,1,
1778399101386256,38907077,1915,117.244904,29,-132.761,257.827,255,8,1,
1778399101402032,38917033,1925,117.857147,29,-135.508,256.393,255,8,1,
1778399101402650,38927009,1935,118.469383,29,-138.240,254.931,255,8,1,
1778399101409746,38936960,1945,119.081635,29,-140.956,253.439,255,8,1,
1778399101420972,38946946,1954,119.632645,30,-148.331,260.764,255,8,1,
1778399101431850,38956900,1964,120.244904,29,-146.072,250.525,255,8,1,
1778399101446142,38966880,1974,120.857140,29,-148.741,248.950,255,8,1,
1778399101490462,38976832,1984,121.469391,29,-151.392,247.347,255,8,1,
1778399101490898,38986813,1994,122.081635,29,-154.027,245.715,255,8,1,
1778399101491328,38996766,2003,122.632660,29,-156.383,244.222,255,8,1,
1778399101491715,39006740,2013,123.244896,28,-153.501,234.174,255,8,1,
1778399101492052,39016698,2023,123.857140,30,-167.137,249.129,255,8,1,
1778399101510752,39026676,2032,124.408157,29,-163.874,239.260,255,8,1,
1778399101511360,39036631,2042,125.020409,29,-166.422,237.495,255,8,1,
1778399101517983,39046610,2052,125.632652,30,-174.776,243.831,255,8,1,
1778399101534612,39056563,2062,126.244896,29,-171.459,233.884,255,8,1,
1778399101548383,39066542,2071,126.795914,30,-179.690,240.232,255,8,1,
1778399101548926,39076496,2081,127.408165,30,-182.247,238.298,255,8,1,
1778399101565243,39086475,2091,128.020416,29,-178.623,228.459,255,8,1,
1778399101578456,39096431,2100,128.571426,30,-187.047,234.549,255,8,1,
1778399101578979,39106411,2110,129.183670,30,-189.543,232.537,255,8,1,
1778399101590176,39116364,2120,129.795914,30,-192.016,230.499,255,8,1,
1778399101605650,39126357,2130,130.408173,30,-194.469,228.434,255,8,1,
1778399101607218,39136313,2139,130.959183,30,-196.656,226.553,255,8,1,
1778399101620580,39146295,2149,131.571426,29,-192.430,216.957,255,8,1,
1778399101635228,39156258,2158,132.122452,31,-207.922,229.931,255,8,1,
1778399101637062,39166240,2168,132.734695,31,-210.367,227.696,255,8,1,
1778399101654041,39176200,2178,133.346939,31,-212.788,225.435,255,8,1,
1778399101675398,39186189,2187,133.897949,31,-214.947,223.379,255,8,1,
1778399101676010,39196150,2197,134.510208,30,-210.311,213.938,255,8,1,
1778399101676571,39206136,2207,135.122452,31,-219.671,218.734,255,8,1,
1778399101695997,39216099,2216,135.673477,31,-221.764,216.611,255,8,1,
1778399101696574,39226082,2226,136.285706,31,-224.066,214.229,255,8,1,
1778399101714899,39236042,2236,136.897964,31,-226.343,211.823,255,8,1,
1778399101716232,39246024,2245,137.448975,31,-228.369,209.636,255,8,1,
1778399101731886,39255986,2255,138.061234,31,-230.596,207.184,255,8,1,
1778399101739051,39265968,2264,138.612244,31,-232.578,204.957,255,8,1,
1778399101751154,39275923,2274,139.224487,32,-242.328,208.991,255,8,1,
1778399101764600,39285902,2284,139.836731,32,-244.547,206.390,255,8,1,
1778399101765741,39295855,2293,140.387756,32,-246.521,204.028,255,8,1,
1778399101781651,39305844,2303,141.000000,32,-248.687,201.383,255,8,1,
1778399101786090,39315796,2312,141.551010,32,-250.612,198.982,255,8,1,
1778399101798381,39325783,2322,142.163269,32,-252.724,196.292,255,8,1,
1778399101809538,39335741,2331,142.714294,32,-254.600,193.853,255,8,1,
1778399101824101,39345718,2341,143.326538,33,-264.677,197.094,255,8,1,
1778399101825201,39355678,2350,143.877548,32,-258.483,188.644,255,8,1,
1778399101844122,39365662,2360,144.489792,32,-260.484,185.871,255,8,1,
1778399101845370,39375618,2369,145.040817,33,-270.455,189.088,255,8,1,
1778399101896014,39385607,2379,145.653061,33,-272.460,186.187,255,8,1,
1778399101896659,39395563,2388,146.204086,33,-274.238,183.558,255,8,1,
1778399101897291,39405543,2398,146.816315,32,-267.814,175.144,255,8,1,
1778399101897879,39415498,2408,147.428574,34,-286.525,183.039,255,8,1,
1778399101898353,39425477,2417,147.979599,37,-313.708,196.182,255,8,1,
1778399101913240,39435435,2426,148.530609,37,-315.580,193.156,255,8,1,
1778399101914432,39445420,2436,149.142853,38,-326.211,194.902,255,8,1,
1778399101929415,39455377,2446,149.755096,38,-328.275,191.405,255,8,1,
1778399101940888,39465363,2455,150.306122,38,-330.100,188.239,255,8,1,
1778399101954997,39475310,2464,150.857147,38,-331.895,185.056,255,8,1,
1778399101955544,39485302,2474,151.469391,39,-342.639,186.275,255,8,1,
1778399101972921,39495258,2484,152.081635,39,-344.610,182.603,255,8,1,
1778399101973886,39505238,2493,152.632645,39,-346.350,179.281,255,8,1,
1778399102001083,39515190,2502,153.183670,39,-348.058,175.941,255,8,1,
1778399102001686,39525170,2512,153.795929,38,-340.946,167.796,255,8,1,
1778399102003655,39535127,2521,154.346939,36,-324.516,155.851,255,8,1,
1778399102021304,39545108,2531,154.959183,35,-317.102,148.142,255,8,1,
1778399102023470,39555059,2540,155.510208,35,-318.512,145.086,255,8,1,
1778399102050763,39565037,2550,156.122452,36,-329.189,145.722,255,8,1,
1778399102051351,39574990,2559,156.673477,35,-321.392,138.590,255,8,1,
1778399102053217,39584969,2569,157.285706,35,-322.855,135.148,255,8,1,
1778399102070038,39594922,2578,157.836731,35,-324.139,132.037,255,8,1,
1778399102077957,39604903,2588,158.448975,36,-334.833,132.239,255,8,1,
1778399102100873,39614853,2597,159.000000,37,-345.425,132.596,255,8,1,
1778399102101559,39624838,2607,159.612244,38,-356.195,132.381,255,8,1,
1778399102102758,39634788,2616,160.163269,38,-357.452,128.950,255,8,1,
1778399102120297,39644770,2625,160.714279,38,-358.676,125.506,255,8,1,
1778399102138001,39654726,2635,161.326538,38,-359.996,121.666,255,8,1,
1778399102138600,39664707,2644,161.877548,38,-361.150,118.199,255,8,1,
1778399102155055,39674658,2654,162.489792,38,-362.392,114.333,255,8,1,
1778399102155625,39684646,2663,163.040817,38,-363.475,110.842,255,8,1,
1778399102163179,39694593,2672,163.591827,38,-364.524,107.342,255,8,1,
1778399102187977,39704572,2682,164.204086,38,-365.650,103.440,255,8,1,
1778399102188458,39714520,2691,164.755112,38,-366.628,99.919,255,8,1,
1778399102206667,39724502,2700,165.306122,38,-367.572,96.389,255,8,1,
1778399102207272,39734454,2710,165.918365,38,-368.581,92.456,255,8,1,
1778399102214700,39744432,2719,166.469391,38,-369.453,88.907,255,8,1,
1778399102238660,39754384,2728,167.020401,38,-370.291,85.350,255,8,1,
1778399102239326,39764363,2738,167.632660,38,-371.182,81.388,255,8,1,
1778399102255541,39774318,2747,168.183685,37,-362.159,75.767,255,8,1,
1778399102256277,39784301,2756,168.734695,37,-362.871,72.280,255,8,1,
1778399102263649,39794259,2766,169.346939,37,-363.623,68.399,255,8,1,
1778399102288291,39804240,2775,169.897964,37,-364.264,64.899,255,8,1,
1778399102288832,39814194,2784,170.448975,37,-364.871,61.393,255,8,1,
1778399102291083,39824174,2794,171.061234,36,-355.628,55.936,255,8,1,
1778399102308290,39834127,2803,171.612244,34,-336.363,49.596,255,8,1,
1778399102325776,39844105,2812,172.163254,34,-336.825,46.359,255,8,1,
1778399102326466,39854063,2821,172.714279,34,-337.255,43.118,255,8,1,
1778399102343332,39864043,2831,173.326538,34,-337.696,39.512,255,8,1,
1778399102343927,39873997,2840,173.877548,33,-328.118,35.196,255,8,1,
1778399102359178,39883978,2849,174.428574,33,-328.441,32.039,255,8,1,
1778399102360481,39893928,2858,174.979584,33,-328.734,28.879,255,8,1,
1778399102376961,39903910,2868,175.591827,34,-338.994,26.133,255,8,1,
1778399102392682,39913863,2877,176.142853,34,-339.230,22.871,255,8,1,
1778399102393346,39923841,2886,176.693878,34,-339.434,19.608,255,8,1,
1778399102419049,39933792,2895,177.244904,34,-339.607,16.343,255,8,1,
1778399102419597,39943771,2905,177.857147,34,-339.762,12.713,255,8,1,
1778399102420206,39953723,2914,178.408157,34,-339.869,9.445,255,8,1,
1778399102438253,39963701,2923,178.959183,33,-329.946,5.994,255,8,1,
1778399102439934,39973652,2932,179.510208,34,-339.988,2.906,255,8,1,
1778399102475595,39983635,2942,180.122452,34,-339.999,-0.727,255,8,1,
1778399102476407,39993586,2951,180.673477,33,-329.977,-3.879,255,8,1,
1778399102477150,40003562,2960,181.224487,33,-329.925,-7.052,255,8,1,
1778399102495414,40013517,2969,181.775513,33,-329.842,-10.225,255,8,1,
1778399102496116,40023497,2979,182.387741,33,-329.713,-13.748,255,8,1,
1778399102518575,40033456,2988,182.938782,33,-329.566,-16.919,255,8,1,
1778399102519127,40043434,2997,183.489792,33,-329.388,-20.087,255,8,1,
1778399102519604,40053388,3006,184.040817,33,-329.180,-23.254,255,8,1,
1778399102536993,40063366,3016,184.653046,33,-328.912,-26.770,255,8,1,
1778399102538856,40073324,3025,185.204086,33,-328.640,-29.932,255,8,1,
1778399102574057,40083309,3034,185.755096,33,-328.337,-33.091,255,8,1,
1778399102574708,40093269,3043,186.306137,33,-328.003,-36.247,255,8,1,
1778399102575198,40103252,3053,186.918365,33,-327.597,-39.750,255,8,1,
1778399102608499,40113211,3062,187.469391,33,-327.200,-42.899,255,8,1,
1778399102609053,40123191,3071,188.020401,33,-326.772,-46.043,255,8,1,
1778399102609591,40133151,3080,188.571442,33,-326.314,-49.184,255,8,1,
1778399102610414,40143124,3090,189.183670,33,-325.770,-52.668,255,8,1,
1778399102628383,40153090,3099,189.734695,33,-325.248,-55.798,255,8,1,
1778399102629014,40163074,3108,190.285721,33,-324.697,-58.924,255,8,1,
1778399102637981,40173031,3117,190.836731,33,-324.115,-62.044,255,8,1,
1778399102666325,40183011,3126,191.387756,33,-323.503,-65.158,255,8,1,
1778399102666887,40192966,3136,192.000015,33,-322.789,-68.611,255,8,1,
1778399102667685,40202952,3145,192.551025,33,-322.114,-71.712,255,8,1,
1778399102684418,40212908,3154,193.102036,34,-331.149,-77.073,255,8,1,
1778399102711548,40222891,3163,193.653061,33,-320.675,-77.894,255,8,1,
1778399102712065,40232850,3173,194.265289,33,-319.825,-81.316,255,8,1,
1778399102712585,40242835,3182,194.816330,32,-309.360,-81.831,255,8,1,
1778399102728466,40252794,3191,195.367340,33,-318.201,-87.452,255,8,1,
1778399102729019,40262777,3200,195.918381,33,-317.346,-90.508,255,8,1,
1778399102737058,40272735,3210,196.530609,33,-316.360,-93.894,255,8,1,
1778399102763918,40282721,3219,197.081635,33,-315.443,-96.932,255,8,1,
1778399102764573,40292683,3228,197.632645,33,-314.496,-99.961,255,8,1,
1778399102779277,40302667,3238,198.244904,35,-332.404,-109.578,255,8,1,
1778399102779878,40312623,3247,198.795914,37,-350.269,-119.213,255,8,1,
1778399102800745,40322599,3256,199.346939,37,-349.106,-122.576,255,8,1,
1778399102801222,40332555,3265,199.897949,37,-347.911,-125.928,255,8,1,
1778399102816901,40342530,3274,200.448990,37,-346.684,-129.268,255,8,1,
1778399102817371,40352492,3284,201.061218,38,-354.615,-136.559,255,8,1,
1778399102826255,40362475,3293,201.612259,37,-343.988,-136.280,255,8,1,
1778399102851874,40372427,3302,202.163269,37,-342.662,-139.581,255,8,1,
1778399102852397,40382412,3311,202.714279,37,-341.303,-142.870,255,8,1,
1778399102870408,40392365,3320,203.265305,37,-339.914,-146.146,255,8,1,
1778399102870918,40402348,3330,203.877563,37,-338.333,-149.770,255,8,1,
1778399102876654,40412301,3339,204.428574,38,-345.981,-157.152,255,8,1,
1778399102906390,40422281,3348,204.979584,38,-344.454,-160.472,255,8,1,
1778399102906977,40432231,3357,205.530624,37,-333.871,-159.468,255,8,1,
1778399102907561,40442215,3366,206.081635,38,-341.304,-167.067,255,8,1,
1778399102923423,40452173,3376,206.693878,38,-339.499,-170.705,255,8,1,
1778399102956521,40462156,3385,207.244888,37,-328.951,-169.384,255,8,1,
1778399102957259,40472108,3394,207.795929,37,-327.307,-172.540,255,8,1,
1778399102957814,40482089,3403,208.346939,38,-334.434,-180.428,255,8,1,
1778399102958324,40492049,3412,208.897964,38,-332.683,-183.635,255,8,1,
1778399102977020,40502027,3421,209.448975,38,-330.902,-186.826,255,8,1,
1778399102977728,40511981,3430,210.000000,38,-329.090,-190.000,255,8,1,
1778399103003799,40521958,3439,210.551025,38,-327.247,-193.156,255,8,1,
1778399103004517,40531915,3448,211.102036,38,-325.375,-196.294,255,8,1,
1778399103005132,40541889,3458,211.714294,38,-323.258,-199.760,255,8,1,
1778399103040398,40551848,3467,212.265305,38,-321.322,-202.859,255,8,1,
1778399103041031,40561833,3476,212.816330,38,-319.357,-205.940,255,8,1,
1778399103041559,40571794,3485,213.367340,38,-317.361,-209.002,255,8,1,
1778399103059635,40581781,3494,213.918350,38,-315.337,-212.044,255,8,1,
1778399103060363,40591746,3503,214.469391,38,-313.283,-215.067,255,8,1,
1778399103068387,40601732,3512,215.020401,38,-311.200,-218.070,255,8,1,
1778399103100081,40611691,3521,215.571442,38,-309.089,-221.053,255,8,1,
1778399103100901,40621679,3530,216.122452,38,-306.948,-224.015,255,8,1,
1778399103101550,40631638,3539,216.673477,38,-304.780,-226.956,255,8,1,
1778399103121100,40641623,3548,217.224487,39,-310.546,-235.926,255,8,1,
1778399103121787,40651582,3558,217.836746,39,-308.007,-239.231,255,8,1,
1778399103123695,40661562,3567,218.387756,39,-305.692,-242.182,255,8,1,
1778399103152225,40671514,3576,218.938766,39,-303.349,-245.111,255,8,1,
1778399103152882,40681497,3585,219.489792,39,-300.978,-248.017,255,8,1,
1778399103153551,40691459,3594,220.040817,39,-298.579,-250.900,255,8,1,
1778399103171669,40701438,3603,220.591843,39,-296.152,-253.760,255,8,1,
1778399103196921,40711400,3612,221.142853,39,-293.698,-256.596,255,8,1,
1778399103197594,40721380,3621,221.693893,39,-291.217,-259.409,255,8,1,
1778399103198283,40731335,3630,222.244904,39,-288.708,-262.197,255,8,1,
1778399103214214,40741313,3639,222.795914,40,-293.511,-271.756,255,8,1,
1778399103214806,40751267,3648,223.346939,40,-290.884,-274.566,255,8,1,
1778399103239393,40761250,3657,223.897949,40,-288.230,-277.350,255,8,1,
1778399103239927,40771208,3666,224.448990,40,-285.550,-280.110,255,8,1,
1778399103256401,40781186,3675,225.000000,40,-282.843,-282.843,255,8,1,
1778399103257055,40791153,3684,225.551010,40,-280.110,-285.550,255,8,1,
1778399103281114,40801136,3694,226.163269,40,-277.042,-288.527,255,8,1,
1778399103281636,40811090,3703,226.714294,40,-274.255,-291.178,255,8,1,
1778399103282245,40821080,3712,227.265305,40,-271.442,-293.802,255,8,1,
1778399103298960,40831038,3721,227.816315,40,-268.604,-296.398,255,8,1,
1778399103322309,40841023,3730,228.367355,40,-265.741,-298.968,255,8,1,
1778399103322864,40850978,3739,228.918365,41,-269.425,-309.047,255,8,1,
1778399103323302,40860957,3748,229.469391,40,-259.942,-304.024,255,8,1,
1778399103338648,40870911,3757,230.020416,42,-269.856,-321.835,255,8,1,
1778399103345425,40880890,3766,230.571426,41,-260.397,-316.691,255,8,1,
1778399103375028,40890845,3774,231.061234,42,-263.966,-326.684,255,8,1,
1778399103375617,40900819,3784,231.673462,42,-260.460,-329.485,255,8,1,
1778399103376184,40910781,3792,232.163254,40,-245.365,-315.905,255,8,1,
1778399103391677,40920764,3802,232.775513,40,-241.976,-318.509,255,8,1,
1778399103392195,40930717,3811,233.326523,40,-238.902,-320.821,255,8,1,
1778399103413951,40940691,3820,233.877548,39,-229.910,-315.026,255,8,1,
1778399103414520,40950647,3829,234.428558,39,-226.870,-317.222,255,8,1,
1778399103430818,40960630,3838,234.979599,39,-223.809,-319.390,255,8,1,
1778399103431374,40970574,3847,235.530609,39,-220.727,-321.527,255,8,1,
1778399103442694,40980563,3856,236.081650,39,-217.624,-323.635,255,8,1,
1778399103472736,40990518,3865,236.632660,39,-214.502,-325.713,255,8,1,
1778399103473219,41000499,3874,237.183670,38,-205.940,-319.357,255,8,1,
1778399103473692,41010457,3883,237.734695,38,-202.859,-321.322,255,8,1,
1778399103480411,41020433,3892,238.285706,38,-199.760,-323.258,255,8,1,
1778399103492427,41030380,3901,238.836746,38,-196.642,-325.165,255,8,1,
1778399103513706,41040365,3910,239.387756,38,-193.506,-327.041,255,8,1,
1778399103514180,41050316,3919,239.938766,38,-190.352,-328.886,255,8,1,
1778399103529220,41060299,3928,240.489807,38,-187.180,-330.702,255,8,1,
1778399103529963,41070252,3938,241.102036,38,-183.635,-332.683,255,8,1,
1778399103552716,41080239,3947,241.653061,38,-180.428,-334.434,255,8,1,
1778399103553321,41090194,3956,242.204071,38,-177.203,-336.153,255,8,1,
1778399103568713,41100178,3965,242.755112,37,-169.384,-328.951,255,8,1,
1778399103569596,41110125,3974,243.306122,37,-166.213,-330.565,255,8,1,
1778399103579501,41120103,3983,243.857147,37,-163.026,-332.148,255,8,1,
1778399103600589,41130068,3992,244.408157,37,-159.824,-333.701,255,8,1,
1778399103600995,41140045,4002,245.020416,37,-156.249,-335.390,255,8,1,
1778399103616613,41150003,4011,245.571426,37,-153.017,-336.877,255,8,1,
1778399103628231,41159982,4020,246.122437,37,-149.770,-338.333,255,8,1,
1778399103629082,41169934,4029,246.673477,37,-146.509,-339.757,255,8,1,
1778399103652119,41179917,4038,247.224487,37,-143.235,-341.151,255,8,1,
1778399103652597,41189877,4048,247.836731,37,-139.581,-342.662,255,8,1,
1778399103666923,41199864,4057,248.387741,37,-136.280,-343.988,255,8,1,
1778399103670950,41209824,4066,248.938782,37,-132.965,-345.283,255,8,1,
1778399103678639,41219808,4075,249.489792,37,-129.638,-346.546,255,8,1,
1778399103705363,41229762,4084,250.040817,37,-126.300,-347.776,255,8,1,
1778399103706112,41239743,4093,250.591843,36,-119.626,-339.543,255,8,1,
1778399103708340,41249697,4102,251.142853,36,-116.356,-340.678,255,8,1,
1778399103723616,41259685,4112,251.755096,36,-112.709,-341.902,255,8,1,
1778399103753201,41269632,4121,252.306137,36,-109.415,-342.970,255,8,1,
1778399103753806,41279609,4130,252.857147,36,-106.112,-344.006,255,8,1,
1778399103754236,41289569,4139,253.408157,36,-102.799,-345.011,255,8,1,
1778399103768544,41299545,4148,253.959183,36,-99.476,-345.983,255,8,1,
1778399103768997,41309491,4157,254.510193,36,-96.144,-346.924,255,8,1,
1778399103791564,41319470,4166,255.061234,36,-92.803,-347.833,255,8,1,
1778399103792068,41329418,4176,255.673462,36,-89.081,-348.804,255,8,1,
1778399103805739,41339394,4185,256.224487,36,-85.723,-349.645,255,8,1,
1778399103809496,41349346,4194,256.775513,36,-82.356,-350.453,255,8,1,
1778399103840978,41359328,4203,257.326538,36,-78.982,-351.229,255,8,1,
1778399103841520,41369276,4212,257.877563,36,-75.601,-351.972,255,8,1,
1778399103841907,41379253,4221,258.428558,36,-72.212,-352.683,255,8,1,
1778399103855532,41389207,4230,258.979584,36,-68.817,-353.361,255,8,1,
1778399103857234,41399190,4239,259.530609,36,-65.416,-354.007,255,8,1,
1778399103883309,41409141,4248,260.081635,36,-62.008,-354.619,255,8,1,
1778399103883770,41419118,4257,260.632660,36,-58.595,-355.199,255,8,1,
1778399103898122,41429068,4266,261.183655,36,-55.176,-355.746,255,8,1,
1778399103898630,41439043,4275,261.734711,35,-50.315,-346.365,255,8,1,
1778399103931857,41448995,4284,262.285706,35,-46.982,-346.832,255,8,1,
1778399103932441,41458978,4293,262.836731,35,-43.644,-347.268,255,8,1,
1778399103933006,41468930,4302,263.387756,35,-40.302,-347.672,255,8,1,
1778399103946420,41478910,4312,264.000000,35,-36.585,-348.083,255,8,1,
1778399103946992,41488855,4320,264.489807,35,-33.608,-348.383,255,8,1,
1778399103973982,41498832,4330,265.102051,35,-29.883,-348.722,255,8,1,
1778399103974634,41508783,4339,265.653076,35,-26.528,-348.993,255,8,1,
1778399103976125,41518766,4348,266.204071,35,-23.171,-349.232,255,8,1,
1778399103992237,41528720,4357,266.755096,35,-19.811,-349.439,255,8,1,
1778399103998584,41538702,4366,267.306122,35,-16.450,-349.613,255,8,1,
1778399104024815,41548658,4375,267.857147,35,-13.087,-349.755,255,8,1,
1778399104025245,41558641,4384,268.408173,34,-9.445,-339.869,255,8,1,
1778399104025852,41568593,4393,268.959167,30,-5.449,-299.951,255,8,1,
1778399104040222,41578576,4402,269.510193,30,-2.565,-299.989,255,8,1,
1778399104046776,41588526,4411,270.061218,30,0.321,-300.000,255,8,1,
1778399104074517,41598504,4420,270.612244,30,3.206,-299.983,255,8,1,
1778399104075013,41608462,4429,271.163269,31,6.293,-309.936,255,8,1,
1778399104075457,41618439,4438,271.714294,31,9.274,-309.861,255,8,1,
1778399104090494,41628393,4447,272.265320,31,12.253,-309.758,255,8,1,
1778399104097306,41638366,4456,272.816315,30,14.740,-299.638,255,8,1,
1778399104127423,41648327,4465,273.367340,30,17.621,-299.482,255,8,1,
1778399104127848,41658313,4474,273.918365,31,21.184,-309.275,255,8,1,
1778399104128291,41668268,4484,274.530609,31,24.487,-309.031,255,8,1,
1778399104142513,41678256,4493,275.081635,30,26.573,-298.821,255,8,1,
1778399104148616,41688212,4502,275.632660,30,29.445,-298.551,255,8,1,
1778399104177541,41698195,4511,276.183685,30,32.315,-298.255,255,8,1,
1778399104178014,41708152,4520,276.734680,30,35.182,-297.930,255,8,1,
1778399104178531,41718137,4529,277.285706,30,38.045,-297.578,255,8,1,
1778399104192969,41728099,4538,277.836731,30,40.905,-297.198,255,8,1,
1778399104194072,41738080,4547,278.387756,30,43.761,-296.791,255,8,1,
1778399104218900,41748038,4556,278.938782,30,46.614,-296.356,255,8,1,
1778399104219423,41758022,4565,279.489807,30,49.462,-295.894,255,8,1,
1778399104234593,41767981,4574,280.040833,30,52.305,-295.405,255,8,1,
1778399104235045,41777963,4583,280.591827,30,55.143,-294.888,255,8,1,
1778399104260226,41787920,4592,281.142853,30,57.977,-294.345,255,8,1,
1778399104260661,41797904,4601,281.693878,30,60.805,-293.773,255,8,1,
1778399104273930,41807862,4610,282.244904,30,63.627,-293.175,255,8,1,
1778399104274592,41817847,4620,282.857147,31,68.982,-302.228,255,8,1,
1778399104306968,41827803,4628,283.346924,30,69.254,-291.897,255,8,1,
1778399104307441,41837795,4638,283.959167,30,72.369,-291.140,255,8,1,
1778399104307915,41847756,4647,284.510223,30,75.166,-290.431,255,8,1,
1778399104321448,41857733,4656,285.061218,30,77.955,-289.695,255,8,1,
1778399104322913,41867701,4665,285.612244,30,80.738,-288.932,255,8,1,
1778399104361456,41877686,4674,286.163269,30,83.513,-288.142,255,8,1,
1778399104361914,41887644,4683,286.714294,29,83.404,-277.748,255,8,1,
1778399104362413,41897626,4692,287.265320,29,86.071,-276.933,255,8,1,
1778399104362987,41907588,4701,287.816315,31,94.850,-295.133,255,8,1,
1778399104378496,41917576,4710,288.367340,31,97.684,-294.207,255,8,1,
1778399104405758,41927532,4719,288.918365,31,100.508,-293.254,255,8,1,
1778399104406245,41937514,4728,289.469391,31,103.324,-292.274,255,8,1,
1778399104406762,41947480,4737,290.020416,31,106.130,-291.267,255,8,1,
1778399104423143,41957458,4746,290.571442,30,105.413,-280.870,255,8,1,
1778399104423657,41967422,4755,291.122437,31,111.712,-289.172,255,8,1,
1778399104452230,41977412,4764,291.673462,30,110.795,-278.791,255,8,1,
1778399104452770,41987374,4773,292.224487,30,113.471,-277.713,255,8,1,
1778399104453264,41997355,4782,292.775513,31,120.008,-285.829,255,8,1,
1778399104468821,42007313,4792,293.387756,31,123.055,-284.530,255,8,1,
1778399104475535,42017298,4800,293.877563,31,125.483,-283.468,255,8,1,
1778399104512713,42027257,4810,294.489777,31,128.505,-282.111,255,8,1,
1778399104513402,42037231,4819,295.040833,32,135.444,-289.922,255,8,1,
1778399104514130,42047195,4828,295.591827,31,133.907,-279.587,255,8,1,
1778399104514603,42057171,4836,296.081635,32,140.688,-287.414,255,8,1,
1778399104529607,42067133,4846,296.693878,31,139.259,-276.960,255,8,1,
1778399104531121,42077110,4854,297.183685,31,141.622,-275.759,255,8,1,
1778399104557504,42087068,4864,297.795929,32,149.224,-283.077,255,8,1,
1778399104558033,42097054,4873,298.346924,31,147.191,-272.828,255,8,1,
1778399104573962,42107014,4882,298.897980,31,149.808,-271.399,255,8,1,
1778399104574602,42116999,4891,299.448975,31,152.411,-269.946,255,8,1,
1778399104600968,42126962,4900,300.000000,31,155.000,-268.468,255,8,1,
1778399104601671,42136943,4909,300.551025,32,162.658,-275.577,255,8,1,
1778399104602223,42146904,4918,301.102051,32,165.300,-274.000,255,8,1,
1778399104616817,42156881,4927,301.653076,32,167.928,-272.397,255,8,1,
1778399104642547,42166846,4936,302.204071,32,170.540,-270.770,255,8,1,
1778399104642956,42176831,4945,302.755096,32,173.136,-269.117,255,8,1,
1778399104643334,42186790,4954,303.306122,32,175.716,-267.440,255,8,1,
1778399104657876,42196780,4963,303.857147,32,178.280,-265.737,255,8,1,
1778399104664343,42206743,4972,304.408173,32,180.827,-264.011,255,8,1,
1778399104695980,42216730,4981,304.959167,32,183.358,-262.259,255,8,1,
1778399104696589,42226680,4990,305.510193,32,185.871,-260.484,255,8,1,
1778399104697054,42236666,4999,306.061218,32,188.368,-258.684,255,8,1,
1778399104711487,42246626,5008,306.612244,32,190.847,-256.861,255,8,1,
1778399104711931,42256609,5017,307.163269,33,199.349,-262.983,255,8,1,
1778399104738091,42266568,5026,307.714294,33,201.869,-261.053,255,8,1,
1778399104738692,42276548,5035,308.265320,32,198.177,-251.248,255,8,1,
1778399104739186,42286501,5044,308.816315,32,200.584,-249.331,255,8,1,
1778399104753015,42296481,5053,309.367340,33,209.316,-255.121,255,8,1,
1778399104780245,42306439,5062,309.918365,33,211.760,-253.097,255,8,1,
1778399104780783,42316419,5071,310.469391,33,214.184,-251.048,255,8,1,
1778399104781493,42326378,5080,311.020416,33,216.588,-248.977,255,8,1,
1778399104796844,42336361,5089,311.571442,33,218.973,-246.883,255,8,1,
1778399104800663,42346317,5098,312.122437,33,221.337,-244.765,255,8,1,
1778399104828037,42356295,5107,312.673462,33,223.680,-242.625,255,8,1,
1778399104828652,42366254,5116,313.224487,33,226.003,-240.463,255,8,1,
1778399104829172,42376234,5125,313.775513,34,235.224,-245.499,255,8,1,
1778399104844867,42386194,5134,314.326538,34,237.574,-243.226,255,8,1,
1778399104880537,42396177,5142,314.816315,34,239.644,-241.186,255,8,1,
1778399104881118,42406130,5152,315.428589,34,242.208,-238.611,255,8,1,
1778399104881563,42416120,5160,315.918365,34,244.239,-236.532,255,8,1,
1778399104881976,42426076,5170,316.530609,34,246.752,-233.909,255,8,1,
1778399104897263,42436055,5178,317.020416,34,248.743,-231.791,255,8,1,
1778399104897716,42446018,5187,317.571411,34,250.960,-229.388,255,8,1,
1778399104928071,42456001,5196,318.122467,34,253.155,-226.964,255,8,1,
1778399104928776,42465958,5205,318.673462,35,262.835,-231.122,255,8,1,
1778399104929541,42475944,5214,319.224487,35,265.046,-228.584,255,8,1,
1778399104946021,42485904,5224,319.836731,34,259.831,-219.289,255,8,1,
1778399104947338,42495884,5232,320.326538,34,261.696,-217.060,255,8,1,
1778399104979539,42505838,5241,320.877563,34,263.772,-214.533,255,8,1,
1778399104980041,42515818,5250,321.428558,33,258.004,-205.752,255,8,1,
1778399104980520,42525778,5260,322.040833,34,268.073,-209.134,255,8,1,
1778399104996876,42535756,5268,322.530609,33,261.914,-200.751,255,8,1,
1778399104997375,42545715,5277,323.081635,33,263.832,-198.223,255,8,1,
1778399105027843,42555699,5286,323.632660,33,265.727,-195.677,255,8,1,
1778399105028290,42565659,5296,324.244873,33,267.802,-192.826,255,8,1,
1778399105028740,42575634,5304,324.734711,33,269.441,-190.530,255,8,1,
1778399105044590,42585597,5313,325.285706,33,271.261,-187.930,255,8,1,
1778399105078885,42595575,5322,325.836731,34,281.330,-190.928,255,8,1,
1778399105079354,42605523,5331,326.387756,33,274.825,-182.678,255,8,1,
1778399105079845,42615502,5340,326.938782,33,276.569,-180.026,255,8,1,
1778399105080311,42625466,5349,327.489807,32,269.855,-171.984,255,8,1,
1778399105098045,42635439,5358,328.040802,32,271.496,-169.381,255,8,1,
1778399105098666,42645403,5367,328.591858,32,273.113,-166.762,255,8,1,
1778399105133506,42655383,5376,329.142853,32,274.704,-164.128,255,8,1,
1778399105134058,42665339,5385,329.693878,32,276.269,-161.478,255,8,1,
1778399105134737,42675320,5394,330.244904,32,277.809,-158.814,255,8,1,
1778399105135684,42685276,5403,330.795929,32,279.324,-156.135,255,8,1,
1778399105153301,42695261,5412,331.346954,32,280.813,-153.441,255,8,1,
1778399105167169,42705215,5421,331.897949,31,273.454,-146.023,255,8,1,
1778399105167725,42715193,5430,332.448975,31,274.846,-143.387,255,8,1,
1778399105213910,42725147,5439,333.000000,30,267.302,-136.197,255,8,1,
1778399105214509,42735132,5448,333.551025,31,277.553,-138.074,255,8,1,
1778399105215060,42745082,5457,334.102051,30,269.872,-131.031,255,8,1,
1778399105215732,42755070,5466,334.653046,31,280.157,-132.711,255,8,1,
1778399105216190,42765022,5475,335.204071,31,281.420,-130.010,255,8,1,
1778399105234219,42775006,5484,335.755096,31,282.658,-127.298,255,8,1,
1778399105234740,42784956,5493,336.306122,31,283.869,-124.573,255,8,1,
1778399105272517,42794938,5502,336.857147,30,275.858,-117.907,255,8,1,
1778399105273225,42804890,5511,337.408173,30,276.980,-115.249,255,8,1,
1778399105273783,42814873,5520,337.959198,30,278.075,-112.580,255,8,1,
1778399105274480,42824829,5529,338.510193,30,279.145,-109.901,255,8,1,
1778399105293833,42834812,5538,339.061218,30,280.189,-107.211,255,8,1,
1778399105294607,42844766,5547,339.612244,30,281.207,-104.512,255,8,1,
1778399105338439,42854746,5556,340.163269,30,282.199,-101.802,255,8,1,
1778399105339058,42864703,5564,340.653046,30,283.059,-99.386,255,8,1,
1778399105339804,42874682,5574,341.265320,30,284.105,-96.356,255,8,1,
1778399105340312,42884641,5582,341.755096,30,284.918,-93.924,255,8,1,
1778399105358706,42894622,5591,342.306122,30,285.808,-91.179,255,8,1,
1778399105359312,42904573,5600,342.857147,30,286.672,-88.427,255,8,1,
1778399105367303,42914553,5609,343.408142,30,287.509,-85.666,255,8,1,
1778399105414541,42924508,5618,343.959198,30,288.320,-82.897,255,8,1,
1778399105415348,42934486,5627,344.510193,30,289.103,-80.120,255,8,1,
1778399105415947,42944440,5636,345.061218,29,280.199,-74.758,255,8,1,
1778399105416577,42954416,5645,345.612244,29,280.905,-72.060,255,8,1,
1778399105417095,42964379,5654,346.163269,30,291.294,-71.747,255,8,1,
1778399105438157,42974360,5663,346.714294,30,291.971,-68.942,255,8,1,
1778399105438813,42984316,5672,347.265289,29,282.866,-63.927,255,8,1,
1778399105446421,42994298,5680,347.755096,29,283.402,-61.506,255,8,1,
1778399105460651,43004250,5689,348.306122,29,283.981,-58.778,255,8,1,
1778399105462814,43014233,5698,348.857147,29,284.533,-56.044,255,8,1,
1778399105502072,43024187,5707,349.408173,29,285.059,-53.305,255,8,1,
1778399105502748,43034168,5716,349.959167,29,285.558,-50.561,255,8,1,
1778399105503250,43044120,5725,350.510193,29,286.031,-47.813,255,8,1,
1778399105503778,43054106,5734,351.061218,29,286.478,-45.060,255,8,1,
1778399105521136,43064056,5743,351.612244,29,286.898,-42.303,255,8,1,
1778399105522202,43074033,5752,352.163269,29,287.292,-39.542,255,8,1,
1778399105558559,43083986,5761,352.714294,29,287.659,-36.777,255,8,1,
1778399105559450,43093964,5770,353.265320,29,287.999,-34.009,255,8,1,
1778399105560029,43103914,5778,353.755096,28,278.338,-30.458,255,8,1,
1778399105576781,43113893,5787,354.306122,29,288.569,-28.772,255,8,1,
1778399105577403,43123842,5796,354.857147,29,288.833,-25.995,255,8,1,
1778399105585268,43133818,5805,355.408173,29,289.069,-23.216,255,8,1,
1778399105599263,43143776,5814,355.959167,29,289.279,-20.436,255,8,1,
1778399105601568,43153749,5823,356.510223,29,289.462,-17.652,255,8,1,
1778399105657913,43163701,5832,357.061218,28,279.632,-14.355,255,8,1,
1778399105658556,43173683,5840,357.551025,29,289.735,-12.392,255,8,1,
1778399105659104,43183636,5849,358.102051,29,289.841,-9.605,255,8,1,
1778399105659705,43193614,5858,358.653046,29,289.920,-6.817,255,8,1,
1778399105660192,43203571,5867,359.204102,28,279.973,-3.889,255,8,1,
1778399105660927,43213553,5876,359.755096,28,279.997,-1.197,255,8,1,
1778399105679706,43223505,5,0.306122,28,279.996,1.496,255,8,1,
1778399105680853,43233486,14,0.857143,28,279.969,4.189,255,8,1,
1778399105731274,43243437,23,1.408163,28,279.915,6.881,255,8,1,
1778399105731772,43253413,32,1.959184,28,279.836,9.573,255,8,1,
1778399105732369,43263367,41,2.510204,28,279.731,12.263,255,8,1,
1778399105732768,43273346,50,3.061225,28,279.600,14.953,255,8,1,
1778399105733208,43283302,59,3.612245,28,279.444,17.641,255,8,1,
1778399105752034,43293276,67,4.102041,29,289.257,20.745,255,8,1,
1778399105752570,43303236,76,4.653061,29,289.044,23.525,255,8,1,
1778399105792019,43313216,85,5.204082,29,288.805,26.304,255,8,1,
1778399105792491,43323166,94,5.755102,29,288.538,29.080,255,8,1,
1778399105793009,43333144,103,6.306122,28,278.306,30.755,255,8,1,
1778399105793531,43343104,112,6.857143,28,277.997,33.430,255,8,1,
1778399105811014,43353083,121,7.408164,28,277.663,36.102,255,8,1,
1778399105811763,43363035,130,7.959184,29,287.206,40.156,255,8,1,
1778399105819730,43373008,139,8.510204,28,276.917,41.436,255,8,1,
1778399105864283,43382971,148,9.061224,28,276.506,44.097,255,8,1,
1778399105864841,43392945,156,9.551021,28,276.119,46.459,255,8,1,
1778399105865474,43402895,165,10.102040,28,275.659,49.112,255,8,1,
1778399105865960,43412871,174,10.653061,28,275.174,51.761,255,8,1,
1778399105883624,43422827,183,11.204082,28,274.664,54.405,255,8,1,
1778399105884369,43432797,192,11.755101,28,274.128,57.044,255,8,1,
1778399105925067,43442752,200,12.244899,28,273.630,59.385,255,8,1,
1778399105925564,43452731,209,12.795918,28,273.046,62.014,255,8,1,
1778399105925995,43462688,215,13.163265,28,272.643,63.763,255,8,1,
1778399106009668,43562396,218,13.346939,28,272.437,64.637,255,8,1,
1778399106051707,43572375,216,13.224489,28,272.575,64.055,255,8,1,
1778399106052202,43582337,214,13.102041,28,272.711,63.472,255,8,1,
1778399106052816,43592321,211,12.918367,28,272.913,62.598,255,8,1,
1778399106053453,43602279,208,12.734694,28,273.112,61.722,255,8,1,
1778399106069640,43612265,205,12.551021,28,273.309,60.846,255,8,1,
1778399106070255,43622227,202,12.367347,28,273.502,59.970,255,8,1,
1778399106106930,43632209,198,12.122449,28,273.756,58.800,255,8,1,
1778399106107613,43642171,194,11.877551,28,274.005,57.630,255,8,1,
1778399106108091,43652156,191,11.693877,28,274.188,56.751,255,8,1,
1778399106126837,43682062,178,10.897960,28,274.950,52.937,255,8,1,
1778399106169543,43692044,174,10.653061,28,275.174,51.761,255,8,1,
1778399106170110,43701994,170,10.408163,28,275.393,50.585,255,8,1,
1778399106170641,43711978,166,10.163265,28,275.607,49.407,255,8,1,
1778399106188747,43741870,152,9.306123,28,276.315,45.279,255,8,1,
1778399106206646,43751847,148,9.061224,28,276.506,44.097,255,8,1,
1778399106207262,43761804,143,8.755102,28,276.737,42.619,255,8,1,
1778399106244692,43771783,138,8.448980,28,276.961,41.140,255,8,1,
1778399106245268,43781737,134,8.204082,28,277.134,39.956,255,8,1,
1778399106245735,43791716,129,7.897959,28,277.344,38.475,255,8,1,
1778399106246197,43801668,124,7.591837,28,277.546,36.992,255,8,1,
1778399106299767,43821597,114,6.979592,28,277.925,34.024,255,8,1,
1778399106300336,43831579,109,6.673470,28,278.103,32.539,255,8,1,
1778399106300832,43841531,104,6.367347,28,278.273,31.053,255,8,1,
1778399106317219,43861457,94,5.755102,28,278.589,28.077,255,8,1,
1778399106317751,43871429,89,5.448980,28,278.735,26.589,255,8,1,
1778399106353845,43881384,84,5.142857,28,278.873,25.099,255,8,1,
1778399106354340,43891359,78,4.775510,28,279.028,23.311,255,8,1,
1778399106354734,43901305,73,4.469388,28,279.149,21.819,255,8,1,
1778399106355103,43911283,68,4.163265,28,279.261,20.328,255,8,1,
1778399106373570,43921233,62,3.795918,28,279.386,18.537,255,8,1,
1778399106374651,43931208,57,3.489796,28,279.481,17.044,255,8,1,
1778399106389869,43941160,51,3.122449,28,279.584,15.252,255,8,1,
1778399106433650,43951136,46,2.816327,28,279.662,13.758,255,8,1,
1778399106434256,43961088,40,2.448980,28,279.744,11.964,255,8,1,
1778399106434810,43971065,34,2.081633,28,279.815,10.171,255,8,1,
1778399106435305,43981018,28,1.714286,28,279.875,8.376,255,8,1,
1778399106435838,43990998,23,1.408163,28,279.915,6.881,255,8,1,
1778399106456116,44000947,17,1.040816,28,279.954,5.086,255,8,1,
1778399106456767,44010928,11,0.673469,28,279.981,3.291,255,8,1,
1778399106495825,44020878,5,0.306122,28,279.996,1.496,255,8,1,
1778399106496310,44030867,5879,359.938782,28,280.000,-0.299,255,8,1,
1778399106496923,44040828,5873,359.571411,28,279.992,-2.094,255,8,1,
1778399106497504,44050807,5867,359.204102,28,279.973,-3.889,255,8,1,
1778399106517029,44060767,5860,358.775513,28,279.936,-5.984,255,8,1,
1778399106517575,44070755,5854,358.408173,28,279.892,-7.778,255,8,1,
1778399106523311,44080713,5848,358.040802,28,279.836,-9.573,255,8,1,
1778399106571233,44090696,5842,357.673462,28,279.769,-11.366,255,8,1,
1778399106571729,44100649,5835,357.244904,28,279.676,-13.459,255,8,1,
1778399106572272,44110632,5829,356.877533,28,279.584,-15.252,255,8,1,
1778399106572703,44120587,5822,356.448975,28,279.462,-17.342,255,8,1,
1778399106573204,44130575,5816,356.081635,28,279.345,-19.134,255,8,1,
1778399106591270,44140532,5809,355.653076,28,279.195,-21.223,255,8,1,
1778399106592562,44150511,5803,355.285706,28,279.053,-23.012,255,8,1,
1778399106632541,44160468,5796,354.857147,29,288.833,-25.995,255,8,1,
1778399106633067,44170447,5790,354.489807,29,288.660,-27.847,255,8,1,
1778399106633553,44180404,5783,354.061218,29,288.444,-30.005,255,8,1,
1778399106634005,44190382,5776,353.632660,28,278.273,-31.053,255,8,1,
1778399106652649,44200338,5769,353.204071,28,278.033,-33.133,255,8,1,
1778399106653250,44210319,5762,352.775513,28,277.777,-35.212,255,8,1,
1778399106671890,44220279,5755,352.346924,28,277.506,-37.289,255,8,1,
1778399106672464,44230253,5748,351.918365,29,287.120,-40.769,255,8,1,
1778399106716762,44240205,5741,351.489807,29,286.807,-42.916,255,8,1,
1778399106717406,44250187,5734,351.061218,29,286.478,-45.060,255,8,1,
1778399106717901,44260135,5727,350.632660,29,286.133,-47.201,255,8,1,
1778399106718367,44270108,5720,350.204071,29,285.772,-49.340,255,8,1,
1778399106735949,44280059,5712,349.714294,29,285.340,-51.781,255,8,1,
1778399106736429,44290038,5705,349.285706,28,275.119,-52.055,255,8,1,
1778399106777764,44299992,5698,348.857147,28,274.722,-54.112,255,8,1,
1778399106778240,44309970,5690,348.367340,29,284.044,-58.475,255,8,1,
1778399106778725,44319914,5683,347.938782,29,283.598,-60.597,255,8,1,
1778399106779214,44329899,5675,347.448975,29,283.070,-63.020,255,8,1,
1778399106780926,44339846,5668,347.020416,29,282.591,-65.135,255,8,1,
1778399106798529,44349825,5660,346.530609,29,282.023,-67.548,255,8,1,
1778399106804533,44359773,5653,346.102051,29,281.510,-69.656,255,8,1,
1778399106816558,44369757,5645,345.612244,30,290.591,-74.545,255,8,1,
1778399106855599,44379710,5637,345.122437,29,280.278,-74.459,255,8,1,
1778399106856324,44389689,5629,344.632660,29,279.632,-76.852,255,8,1,
1778399106856908,44399638,5622,344.204071,29,279.049,-78.941,255,8,1,
1778399106857501,44409624,5614,343.714294,29,278.364,-81.324,255,8,1,
1778399106874483,44419575,5606,343.224487,29,277.658,-83.701,255,8,1,
1778399106875001,44429553,5598,342.734680,29,276.933,-86.071,255,8,1,
1778399106910865,44439502,5589,342.183685,29,276.092,-88.730,255,8,1,
1778399106911501,44449479,5581,341.693878,29,275.324,-91.087,255,8,1,
1778399106911846,44459426,5573,341.204102,29,274.535,-93.437,255,8,1,
1778399106912185,44469404,5565,340.714294,30,283.165,-99.084,255,8,1,
1778399106927658,44479347,5556,340.163269,30,282.199,-101.802,255,8,1,
1778399106964433,44489317,5548,339.673462,29,271.941,-100.737,255,8,1,
1778399106964888,44499278,5540,339.183685,30,280.417,-106.612,255,8,1,
1778399106965388,44509251,5532,338.693878,30,279.496,-109.005,255,8,1,
1778399106965728,44519201,5523,338.142853,30,278.434,-111.688,255,8,1,
1778399106981685,44529181,5514,337.591827,31,286.592,-118.173,255,8,1,
1778399106982105,44539129,5506,337.102051,31,285.572,-120.618,255,8,1,
1778399106989020,44549102,5497,336.551025,30,275.224,-119.380,255,8,1,
1778399106999421,44559052,5489,336.061218,30,274.194,-121.728,255,8,1,
1778399107037008,44569029,5480,335.510223,30,273.011,-124.359,255,8,1,
1778399107037519,44578984,5471,334.959167,30,271.802,-126.979,255,8,1,
1778399107037976,44588959,5462,334.408173,30,270.568,-129.587,255,8,1,
1778399107038579,44598914,5453,333.857147,31,278.286,-136.589,255,8,1,
1778399107053209,44608886,5444,333.306122,31,276.960,-139.259,255,8,1,
1778399107090952,44618836,5436,332.816315,31,275.759,-141.622,255,8,1,
1778399107091656,44628808,5426,332.204071,31,274.230,-144.560,255,8,1,
1778399107092286,44638762,5417,331.653076,31,272.828,-147.191,255,8,1,
1778399107092732,44648734,5408,331.102020,31,271.399,-149.808,255,8,1,
1778399107109065,44658686,5399,330.551025,31,269.946,-152.411,255,8,1,
1778399107109623,44668663,5390,330.000000,32,277.128,-160.000,255,8,1,
1778399107147426,44678621,5381,329.448975,31,266.965,-157.575,255,8,1,
1778399107148258,44688602,5372,328.897949,31,265.437,-160.135,255,8,1,
1778399107148835,44698560,5362,328.285706,32,272.218,-168.219,255,8,1,
1778399107149268,44708535,5353,327.734711,31,262.131,-165.490,255,8,1,
1778399107165348,44718483,5343,327.122437,32,268.746,-173.711,255,8,1,
1778399107207341,44728460,5334,326.571442,32,267.063,-176.287,255,8,1,
1778399107207939,44738423,5324,325.959198,32,265.165,-179.131,255,8,1,
1778399107208649,44748400,5315,325.408173,32,263.430,-181.672,255,8,1,
1778399107209223,44758352,5305,324.795929,33,269.644,-190.242,255,8,1,
1778399107209755,44768330,5295,324.183655,33,267.596,-193.112,255,8,1,
1778399107226054,44778283,5286,323.632660,33,265.727,-195.677,255,8,1,
1778399107226895,44788259,5276,323.020416,33,263.620,-198.505,255,8,1,
1778399107268263,44798212,5266,322.408142,32,253.560,-195.210,255,8,1,
1778399107268748,44808190,5256,321.795929,33,259.318,-204.093,255,8,1,
1778399107269294,44818141,5246,321.183685,33,257.123,-206.852,255,8,1,
1778399107269769,44828112,5236,320.571411,33,254.898,-209.588,255,8,1,
1778399107287398,44838063,5226,319.959198,33,252.644,-212.300,255,8,1,
1778399107287996,44848039,5216,319.346924,33,250.360,-214.988,255,8,1,
1778399107327683,44857990,5207,318.795929,33,248.281,-217.385,255,8,1,
1778399107328356,44867969,5197,318.183685,33,245.944,-220.026,255,8,1,
1778399107328902,44877916,5187,317.571411,34,250.960,-229.388,255,8,1,
1778399107329447,44887891,5177,316.959198,34,248.495,-232.056,255,8,1,
1778399107345353,44897833,5167,316.346954,34,246.001,-234.698,255,8,1,
1778399107345793,44907818,5157,315.734680,35,250.640,-244.294,255,8,1,
1778399107385942,44917771,5148,315.183685,35,248.280,-246.693,255,8,1,
1778399107386688,44927740,5138,314.571411,35,245.629,-249.332,255,8,1,
1778399107387236,44937701,5128,313.959167,35,242.951,-251.942,255,8,1,
1778399107387756,44947677,5118,313.346954,34,233.381,-247.252,255,8,1,
1778399107404304,44957631,5108,312.734680,34,230.725,-249.731,255,8,1,
1778399107405303,44967612,5098,312.122437,34,228.044,-252.183,255,8,1,
1778399107417269,44977565,5089,311.571442,33,218.973,-246.883,255,8,1,
1778399107469398,44987541,5079,310.959167,33,216.322,-249.208,255,8,1,
1778399107469892,44997490,5069,310.346954,33,213.647,-251.506,255,8,1,
1778399107470378,45007465,5059,309.734680,33,210.947,-253.774,255,8,1,
1778399107470823,45017416,5050,309.183685,33,208.497,-255.791,255,8,1,
1778399107471459,45027392,5040,308.571442,33,205.752,-258.004,255,8,1,
1778399107488966,45037347,5030,307.959167,33,202.983,-260.188,255,8,1,
1778399107489565,45047320,5020,307.346924,33,200.191,-262.342,255,8,1,
1778399107529300,45057272,5010,306.734711,33,197.377,-264.466,255,8,1,
1778399107529937,45067256,5001,306.183655,33,194.824,-266.352,255,8,1,
1778399107530485,45077212,4991,305.571442,33,191.967,-268.419,255,8,1,
1778399107531015,45087191,4981,304.959167,33,189.088,-270.455,255,8,1,
1778399107548173,45097150,4971,304.346924,33,186.187,-272.460,255,8,1,
1778399107548600,45107123,4962,303.795929,32,177.996,-265.928,255,8,1,
1778399107555402,45117079,4952,303.183655,32,175.144,-267.815,255,8,1,
1778399107568373,45127054,4942,302.571442,32,172.272,-269.671,255,8,1,
1778399107608461,45137007,4932,301.959198,32,169.381,-271.496,255,8,1,
1778399107609156,45146986,4922,301.346924,32,166.470,-273.291,255,8,1,
1778399107609840,45156940,4913,300.795929,32,163.834,-274.879,255,8,1,
1778399107610488,45166924,4903,300.183685,32,160.888,-276.614,255,8,1,
1778399107625953,45176877,4893,299.571411,32,157.923,-278.317,255,8,1,
1778399107626441,45186852,4884,299.020416,32,155.239,-279.823,255,8,1,
1778399107668606,45196797,4874,298.408142,32,152.240,-281.466,255,8,1,
1778399107669211,45206776,4864,297.795929,32,149.224,-283.077,255,8,1,
1778399107669734,45216724,4854,297.183685,31,141.622,-275.759,255,8,1,
1778399107670286,45226697,4844,296.571411,31,138.667,-277.257,255,8,1,
1778399107687662,45236647,4835,296.020416,31,135.994,-278.578,255,8,1,
1778399107688285,45246621,4825,295.408173,32,137.300,-289.048,255,8,1,
1778399107694708,45256572,4815,294.795929,32,134.204,-290.498,255,8,1,
1778399107706745,45266546,4805,294.183685,31,126.996,-282.793,255,8,1,
1778399107750327,45276499,4796,293.632629,31,124.270,-284.002,255,8,1,
1778399107750925,45286478,4786,293.020416,31,121.228,-285.313,255,8,1,
1778399107751374,45296425,4776,292.408173,31,118.173,-286.592,255,8,1,
1778399107751772,45306407,4766,291.795898,31,115.103,-287.839,255,8,1,
1778399107752174,45316358,4756,291.183685,31,112.021,-289.052,255,8,1,
1778399107768945,45326338,4747,290.632660,31,109.236,-290.116,255,8,1,
1778399107808776,45336296,4737,290.020416,31,106.130,-291.267,255,8,1,
1778399107809232,45346274,4727,289.408173,31,103.012,-292.384,255,8,1,
1778399107809708,45356224,4718,288.857147,31,100.195,-293.361,255,8,1,
1778399107810110,45366200,4708,288.244904,32,100.185,-303.913,255,8,1,
1778399107811601,45376157,4698,287.632660,31,93.903,-295.436,255,8,1,
1778399107828650,45386135,4688,287.020416,31,90.741,-296.422,255,8,1,
1778399107835595,45396088,4678,286.408173,30,84.743,-287.782,255,8,1,
1778399107848323,45406061,4669,285.857147,30,81.972,-288.584,255,8,1,
1778399107888709,45416010,4659,285.244904,31,81.513,-299.091,255,8,1,
1778399107889464,45425983,4649,284.632660,31,78.312,-299.945,255,8,1,
1778399107889927,45435933,4640,284.081635,31,75.424,-300.685,255,8,1,
1778399107890315,45445906,4630,283.469391,30,69.878,-291.748,255,8,1,
1778399107890919,45455853,4620,282.857147,30,66.756,-292.478,255,8,1,
1778399107905907,45465828,4610,282.244904,30,63.627,-293.175,255,8,1,
1778399107947636,45475778,4601,281.693878,30,60.805,-293.773,255,8,1,
1778399107948141,45485757,4591,281.081635,31,59.584,-304.220,255,8,1,
1778399107948626,45495711,4581,280.469391,31,56.330,-304.839,255,8,1,
1778399107948964,45505691,4571,279.857147,30,51.358,-295.571,255,8,1,
1778399107950397,45515645,4562,279.306122,31,50.130,-305.920,255,8,1,
1778399107966036,45525621,4552,278.693878,31,46.858,-306.438,255,8,1,
1778399108009352,45535570,4542,278.081635,30,42.175,-297.021,255,8,1,
1778399108009957,45545540,4533,277.530609,31,40.627,-307.326,255,8,1,
1778399108010424,45555491,4523,276.918365,31,37.341,-307.743,255,8,1,
1778399108010880,45565466,4513,276.306122,31,34.051,-308.124,255,8,1,
1778399108011288,45575417,4504,275.755096,31,31.086,-308.437,255,8,1,
1778399108026221,45585393,4494,275.142853,31,27.788,-308.752,255,8,1,
1778399108072614,45595343,4484,274.530609,31,24.487,-309.031,255,8,1,
1778399108073343,45605310,4475,273.979584,30,20.820,-299.277,255,8,1,
1778399108074017,45615263,4465,273.367340,31,18.209,-309.465,255,8,1,
1778399108074511,45625242,4455,272.755096,31,14.901,-309.642,255,8,1,
1778399108074955,45635187,4446,272.204102,31,11.922,-309.771,255,8,1,
1778399108091774,45645159,4436,271.591827,31,8.612,-309.880,255,8,1,
1778399108092471,45655103,4426,270.979584,31,5.300,-309.955,255,8,1,
1778399108136317,45665072,4417,270.428589,31,2.319,-309.991,255,8,1,
1778399108136810,45675017,4407,269.816315,31,-0.994,-309.998,255,8,1,
1778399108137464,45684985,4397,269.204102,31,-4.306,-309.970,255,8,1,
1778399108137914,45694932,4388,268.653046,31,-7.287,-309.914,255,8,1,
1778399108138689,45704898,4378,268.040802,31,-10.598,-309.819,255,8,1,
1778399108154682,45714843,4368,267.428589,30,-13.459,-299.698,255,8,1,
1778399108199110,45724817,4359,266.877533,31,-16.886,-309.540,255,8,1,
1778399108199579,45734761,4349,266.265320,31,-20.192,-309.342,255,8,1,
1778399108200036,45744728,4339,265.653076,31,-23.497,-309.108,255,8,1,
1778399108200498,45754675,4330,265.102051,31,-26.468,-308.868,255,8,1,
1778399108200997,45764649,4320,264.489807,31,-29.767,-308.568,255,8,1,
1778399108217614,45774590,4310,263.877533,31,-33.063,-308.232,255,8,1,
1778399108218221,45784558,4301,263.326538,30,-34.863,-297.967,255,8,1,
1778399108281262,45794510,4291,262.714294,31,-39.313,-307.497,255,8,1,
1778399108281799,45804478,4282,262.163269,31,-42.269,-307.105,255,8,1,
1778399108282229,45814427,4272,261.551025,31,-45.548,-306.636,255,8,1,
1778399108282729,45824397,4262,260.938782,31,-48.822,-306.131,255,8,1,
1778399108283213,45834350,4253,260.387756,31,-51.764,-305.648,255,8,1,
1778399108283664,45844327,4243,259.775513,32,-56.802,-314.918,255,8,1,
1778399108299707,45854270,4233,259.163269,31,-58.283,-304.472,255,8,1,
1778399108300240,45864244,4224,258.612244,31,-61.209,-303.897,255,8,1,
1778399108307190,45874187,4214,258.000000,31,-64.453,-303.226,255,8,1,
1778399108320294,45884160,4205,257.448975,31,-67.366,-302.592,255,8,1,
1778399108367443,45894110,4195,256.836731,31,-70.595,-301.855,255,8,1,
1778399108367993,45904083,4185,256.224487,31,-73.817,-301.083,255,8,1,
1778399108368416,45914031,4176,255.673462,31,-76.709,-300.359,255,8,1,
1778399108368786,45924004,4166,255.061234,31,-79.914,-299.523,255,8,1,
1778399108369215,45933955,4156,254.448975,32,-85.791,-308.285,255,8,1,
1778399108385760,45943936,4147,253.897964,32,-88.752,-307.446,255,8,1,
1778399108386490,45953885,4137,253.285721,32,-92.032,-306.480,255,8,1,
1778399108433941,45963868,4128,252.734680,32,-94.975,-305.581,255,8,1,
1778399108434339,45973822,4118,252.122452,32,-98.235,-304.549,255,8,1,
1778399108434718,45983795,4108,251.510208,32,-101.483,-303.482,255,8,1,
1778399108435099,45993742,4099,250.959198,32,-104.397,-302.492,255,8,1,
1778399108436032,46003718,4089,250.346939,32,-107.624,-301.359,255,8,1,
1778399108452972,46013671,4080,249.795929,32,-110.517,-300.310,255,8,1,
1778399108466139,46023646,4070,249.183670,32,-113.719,-299.112,255,8,1,
1778399108466660,46033589,4061,248.632645,33,-120.234,-307.317,255,8,1,
1778399108512059,46043566,4051,248.020416,33,-123.511,-306.015,255,8,1,
1778399108512508,46053525,4041,247.408157,36,-138.299,-332.375,255,8,1,
1778399108512876,46063501,4032,246.857147,37,-145.419,-340.225,255,8,1,
1778399108513254,46073450,4022,246.244904,37,-149.046,-338.652,255,8,1,
1778399108515278,46083433,4013,245.693893,37,-152.296,-337.203,255,8,1,
1778399108531395,46093383,4004,245.142853,37,-155.532,-335.723,255,8,1,
1778399108578173,46103364,3994,244.530624,37,-159.111,-334.042,255,8,1,
1778399108578803,46113314,3984,243.918365,37,-162.671,-332.322,255,8,1,
1778399108579264,46123289,3975,243.367340,37,-165.859,-330.743,255,8,1,
1778399108579750,46133238,3966,242.816330,37,-169.032,-329.132,255,8,1,
1778399108580207,46143212,3956,242.204071,37,-172.540,-327.307,255,8,1,
1778399108597027,46153171,3946,241.591843,37,-176.027,-325.445,255,8,1,
1778399108597395,46163151,3937,241.040817,37,-179.149,-323.737,255,8,1,
1778399108604500,46173108,3928,240.489807,38,-187.180,-330.702,255,8,1,
1778399108657544,46183089,3918,239.877548,38,-190.703,-328.683,255,8,1,
1778399108658055,46193042,3909,239.326538,38,-193.855,-326.834,255,8,1,
1778399108658551,46203022,3899,238.714279,38,-197.336,-324.744,255,8,1,
1778399108659052,46212973,3890,238.163269,38,-200.450,-322.831,255,8,1,
1778399108659481,46222954,3880,237.551025,38,-203.888,-320.670,255,8,1,
1778399108675484,46232903,3871,237.000015,38,-206.963,-318.695,255,8,1,
1778399108676009,46242876,3861,236.387756,38,-210.356,-316.465,255,8,1,
1778399108683779,46252833,3852,235.836731,38,-213.390,-314.427,255,8,1,
1778399108695475,46262818,3842,235.224487,38,-216.738,-312.129,255,8,1,
1778399108753525,46272772,3833,234.673462,38,-219.730,-310.031,255,8,1,
1778399108754022,46282752,3824,234.122452,39,-228.561,-316.006,255,8,1,
1778399108754421,46292709,3814,233.510193,39,-231.925,-313.545,255,8,1,
1778399108754891,46302693,3805,232.959183,39,-234.930,-311.301,255,8,1,
1778399108755335,46312646,3795,232.346939,39,-238.243,-308.772,255,8,1,
1778399108755792,46322636,3786,231.795929,39,-241.201,-306.467,255,8,1,
1778399108775073,46332589,3776,231.183670,39,-244.462,-303.872,255,8,1,
1778399108775577,46342579,3767,230.632660,39,-247.373,-301.507,255,8,1,
1778399108788194,46352540,3758,230.081635,39,-250.261,-299.114,255,8,1,
1778399108795490,46362527,3748,229.469391,40,-259.942,-304.024,255,8,1,
1778399108848918,46372481,3739,228.918365,40,-262.853,-301.510,255,8,1,
1778399108849420,46382462,3730,228.367355,41,-272.384,-306.442,255,8,1,
1778399108850074,46392416,3720,227.755096,41,-275.643,-303.514,255,8,1,
1778399108850502,46402403,3711,227.204086,42,-285.343,-308.187,255,8,1,
1778399108850916,46412351,3702,226.653061,42,-288.294,-305.428,255,8,1,
1778399108852340,46422338,3692,226.040833,41,-284.600,-295.132,255,8,1,
1778399108868684,46432288,3683,225.489792,41,-287.425,-292.381,255,8,1,
1778399108875365,46442273,3674,224.938782,41,-290.223,-289.604,255,8,1,
1778399108888014,46452228,3664,224.326523,41,-293.301,-286.486,255,8,1,
1778399108958897,46462211,3655,223.775513,41,-296.043,-283.652,255,8,1,
1778399108959416,46472165,3646,223.224487,41,-298.757,-280.792,255,8,1,
1778399108959984,46482150,3636,222.612259,41,-301.740,-277.584,255,8,1,
1778399108960462,46492115,3627,222.061218,41,-304.396,-274.669,255,8,1,
1778399108960869,46502103,3618,221.510208,41,-307.023,-271.729,255,8,1,
1778399108961357,46512062,3609,220.959183,40,-302.071,-262.208,255,8,1,
1778399108961851,46522044,3599,220.346954,40,-304.855,-258.966,255,8,1,
1778399108962265,46532003,3590,219.795914,40,-307.332,-256.022,255,8,1,
1778399108980146,46541984,3581,219.244904,40,-309.780,-253.055,255,8,1,
1778399108981153,46551936,3572,218.693863,40,-312.199,-250.064,255,8,1,
1778399109034745,46561911,3562,218.081635,40,-314.853,-246.713,255,8,1,
1778399109035297,46571868,3553,217.530609,40,-317.211,-243.674,255,8,1,
1778399109035748,46581853,3544,216.979599,40,-319.540,-240.612,255,8,1,
1778399109036369,46591813,3535,216.428558,40,-321.839,-237.528,255,8,1,
1778399109036838,46601790,3525,215.816330,40,-324.359,-234.076,255,8,1,
1778399109058290,46611738,3516,215.265305,40,-326.595,-230.945,255,8,1,
1778399109058860,46621715,3507,214.714279,40,-328.801,-227.794,255,8,1,
1778399109060434,46631663,3498,214.163269,40,-330.976,-224.621,255,8,1,
1778399109079368,46641640,3488,213.551025,40,-333.358,-221.072,255,8,1,
1778399109080215,46651592,3479,212.999985,39,-327.082,-212.409,255,8,1,
1778399109130883,46661570,3470,212.448975,39,-329.109,-209.254,255,8,1,
1778399109131450,46672521,3461,211.897964,39,-331.106,-206.079,255,8,1,
1778399109131903,46681494,3452,211.346939,39,-333.073,-202.885,255,8,1,
1778399109132430,46691448,3442,210.734711,39,-335.222,-199.315,255,8,1,
1778399109132959,46701415,3433,210.183670,39,-337.123,-196.082,255,8,1,
1778399109149930,46711365,3424,209.632660,39,-338.993,-192.831,255,8,1,
1778399109150390,46721350,3415,209.081619,39,-340.832,-189.561,255,8,1,
1778399109159566,46731298,3406,208.530609,39,-342.639,-186.275,255,8,1,
1778399109220482,46741279,3397,207.979584,39,-344.415,-182.971,255,8,1,
1778399109221039,46751230,3388,207.428574,39,-346.158,-179.651,255,8,1,
1778399109221606,46761208,3378,206.816315,39,-348.058,-175.941,255,8,1,
1778399109222155,46771160,3369,206.265305,39,-349.734,-172.586,255,8,1,
1778399109222688,46781141,3360,205.714294,39,-351.378,-169.215,255,8,1,
1778399109223329,46791093,3351,205.163269,38,-343.938,-161.576,255,8,1,
1778399109243306,46801076,3342,204.612244,39,-354.567,-162.425,255,8,1,
1778399109243825,46811028,3333,204.061218,38,-346.982,-154.931,255,8,1,
1778399109307308,46821009,3323,203.448990,38,-348.618,-151.214,255,8,1,
1778399109307961,46830954,3314,202.897949,38,-350.056,-147.855,255,8,1,
1778399109308464,46840943,3305,202.346939,39,-360.710,-148.283,255,8,1,
1778399109308967,46850892,3296,201.795914,38,-352.835,-141.095,255,8,1,
1778399109309515,46860880,3287,201.244904,38,-354.175,-137.695,255,8,1,
1778399109310008,46870831,3278,200.693893,39,-364.838,-137.816,255,8,1,
1778399109310526,46880809,3269,200.142853,39,-366.146,-134.301,255,8,1,
1778399109333461,46890760,3260,199.591843,38,-358.000,-127.421,255,8,1,
1778399109334079,46900735,3250,198.979584,38,-359.341,-123.588,255,8,1,
1778399109397690,46910684,3242,198.489792,38,-360.384,-120.512,255,8,1,
1778399109398281,46920653,3232,197.877548,38,-361.652,-116.654,255,8,1,
1778399109398783,46930612,3223,197.326538,39,-372.303,-116.149,255,8,1,
1778399109399369,46940588,3214,196.775497,39,-373.403,-112.563,255,8,1,
1778399109399818,46950542,3205,196.224487,39,-374.468,-108.967,255,8,1,
1778399109400293,46960524,3196,195.673477,38,-365.870,-102.659,255,8,1,
1778399109400792,46970474,3187,195.122452,39,-376.494,-101.744,255,8,1,
1778399109420018,46980455,3178,194.571426,39,-377.456,-98.119,255,8,1,
1778399109420539,46990401,3169,194.020401,37,-358.978,-89.639,255,8,1,
1778399109481542,47000376,3160,193.469391,38,-369.548,-88.512,255,8,1,
1778399109482284,47010325,3151,192.918381,38,-370.382,-84.954,255,8,1,
1778399109482843,47020308,3142,192.367340,38,-371.182,-81.388,255,8,1,
1778399109483278,47030253,3132,191.755096,38,-372.030,-77.417,255,8,1,
1778399109483712,47040243,3124,191.265305,38,-372.679,-74.234,255,8,1,
1778399109484125,47050193,3114,190.653076,38,-373.451,-70.247,255,8,1,
1778399109488658,47060174,3105,190.102036,38,-374.109,-66.653,255,8,1,
1778399109507559,47070125,3096,189.551025,38,-374.733,-63.052,255,8,1,
1778399109508271,47080105,3087,188.999985,38,-375.322,-59.445,255,8,1,
1778399109564603,47090063,3078,188.448975,38,-375.876,-55.833,255,8,1,
1778399109565244,47100040,3069,187.897964,34,-336.775,-46.719,255,8,1,
1778399109565846,47109987,3060,187.346939,34,-337.209,-43.478,255,8,1,
1778399109566375,47119967,3051,186.795929,33,-327.681,-39.050,255,8,1,
1778399109566911,47129921,3042,186.244888,34,-337.982,-36.985,255,8,1,
1778399109567403,47139895,3033,185.693878,33,-328.372,-32.740,255,8,1,
1778399109585559,47149849,3024,185.142868,33,-328.672,-29.581,255,8,1,
1778399109586107,47159830,3014,184.530609,33,-328.969,-26.067,255,8,1,
1778399109647712,47169787,3005,183.979584,34,-339.180,-23.596,255,8,1,
1778399109648384,47179770,2996,183.428574,34,-339.391,-20.333,255,8,1,
1778399109648954,47189732,2987,182.877563,34,-339.571,-17.069,255,8,1,
1778399109649437,47199712,2978,182.326523,34,-339.720,-13.802,255,8,1,
1778399109650011,47209670,2969,181.775513,34,-339.837,-10.534,255,8,1,
1778399109650492,47219654,2960,181.224487,33,-329.925,-7.052,255,8,1,
1778399109667947,47229609,2951,180.673477,33,-329.977,-3.879,255,8,1,
1778399109668427,47239588,2942,180.122452,33,-329.999,-0.705,255,8,1,
1778399109674891,47249548,2933,179.571426,33,-329.991,2.468,255,8,1,
1778399109688217,47259521,2924,179.020401,34,-339.950,5.813,255,8,1,
1778399109743375,47269474,2915,178.469391,33,-329.882,8.815,255,8,1,
1778399109743884,47279457,2906,177.918365,34,-339.776,12.350,255,8,1,
1778399109744382,47289414,2896,177.306122,34,-339.624,15.980,255,8,1,
1778399109744782,47299394,2887,176.755112,33,-329.471,18.679,255,8,1,
1778399109745181,47309346,2878,176.204086,33,-329.276,21.847,255,8,1,
1778399109745537,47319325,2869,175.653061,33,-329.051,25.013,255,8,1,
1778399109763476,47329276,2860,175.102036,34,-338.758,29.030,255,8,1,
1778399109764050,47339257,2851,174.551010,34,-338.464,32.286,255,8,1,
1778399109775727,47349208,2842,174.000000,34,-338.137,35.540,255,8,1,
1778399109830285,47359186,2833,173.448990,34,-337.780,38.790,255,8,1,
1778399109830765,47369150,2824,172.897964,34,-337.391,42.036,255,8,1,
1778399109831181,47379134,2815,172.346939,34,-336.971,45.279,255,8,1,
1778399109831542,47389086,2806,171.795914,35,-346.418,49.945,255,8,1,
1778399109831973,47399068,2797,171.244888,34,-336.038,51.752,255,8,1,
1778399109833444,47409024,2788,170.693878,34,-335.525,54.981,255,8,1,
1778399109849416,47419001,2779,170.142853,35,-344.833,59.917,255,8,1,
1778399109897411,47428958,2770,169.591843,34,-334.406,61.424,255,8,1,
1778399109897928,47438934,2760,168.979599,35,-343.546,66.905,255,8,1,
1778399109898368,47448889,2752,168.489792,34,-333.162,67.844,255,8,1,
1778399109898768,47458866,2742,167.877548,34,-332.418,71.401,255,8,1,
1778399109899191,47468822,2733,167.326523,35,-341.473,76.788,255,8,1,
1778399109914211,47478796,2724,166.775513,35,-340.718,80.068,255,8,1,
1778399109914634,47488751,2715,166.224487,35,-339.933,83.341,255,8,1,
1778399109970511,47498721,2706,165.673477,35,-339.115,86.607,255,8,1,
1778399109970997,47508681,2697,165.122452,35,-338.267,89.864,255,8,1,
1778399109971532,47518657,2688,164.571426,34,-327.747,90.453,255,8,1,
1778399109971969,47528611,2679,164.020401,35,-336.476,96.353,255,8,1,
1778399109972354,47538589,2670,163.469391,35,-335.534,99.585,255,8,1,
1778399109972692,47548541,2661,162.918365,35,-334.561,102.807,255,8,1,
1778399109987103,47558527,2652,162.367355,35,-333.556,106.020,255,8,1,
1778399110032928,47568488,2643,161.816330,35,-332.521,109.222,255,8,1,
1778399110033506,47578470,2634,161.265305,35,-331.456,112.415,255,8,1,
1778399110034050,47588427,2625,160.714279,36,-339.798,118.901,255,8,1,
1778399110034521,47598400,2616,160.163269,35,-329.232,118.769,255,8,1,
1778399110034971,47608363,2607,159.612244,35,-328.075,121.930,255,8,1,
1778399110050309,47618346,2598,159.061234,35,-326.887,125.080,255,8,1,
1778399110051425,47628299,2589,158.510208,35,-325.669,128.217,255,8,1,
1778399110062718,47638273,2580,157.959183,35,-324.421,131.343,255,8,1,
1778399110105808,47648235,2571,157.408157,35,-323.143,134.457,255,8,1,
1778399110106257,47658209,2562,156.857132,35,-321.835,137.559,255,8,1,
1778399110106727,47668164,2553,156.306122,36,-329.654,144.666,255,8,1,
1778399110107272,47678141,2544,155.755112,36,-328.248,147.830,255,8,1,
1778399110123410,47688094,2535,155.204086,36,-326.811,150.979,255,8,1,
1778399110123908,47698069,2526,154.653061,36,-325.344,154.115,255,8,1,
1778399110169160,47708023,2517,154.102036,36,-323.846,157.237,255,8,1,
1778399110169665,47717995,2508,153.551010,36,-322.319,160.344,255,8,1,
1778399110170103,47727956,2499,153.000000,36,-320.762,163.437,255,8,1,
1778399110170538,47737936,2490,152.448975,36,-319.176,166.514,255,8,1,
1778399110170952,47747890,2482,151.959183,36,-317.741,169.236,255,8,1,
1778399110186006,47757870,2472,151.346939,36,-315.914,172.622,255,8,1,
1778399110193113,47767825,2464,150.857147,36,-314.427,175.316,255,8,1,
1778399110204655,47777808,2455,150.306122,36,-312.726,178.332,255,8,1,
1778399110252257,47787765,2446,149.755096,36,-310.997,181.331,255,8,1,
1778399110252830,47797743,2437,149.204071,36,-309.239,184.313,255,8,1,
1778399110253378,47807698,2428,148.653061,36,-307.452,187.279,255,8,1,
1778399110253733,47817671,2419,148.102051,40,-339.596,211.363,255,8,1,
1778399110254104,47827622,2410,147.551025,40,-337.548,214.619,255,8,1,
1778399110269202,47837600,2401,147.000000,40,-335.468,217.856,255,8,1,
1778399110269704,47847549,2392,146.448975,40,-333.358,221.072,255,8,1,
1778399110313414,47857532,2383,145.897949,40,-331.216,224.267,255,8,1,
1778399110313822,47867484,2374,145.346939,40,-329.044,227.442,255,8,1,
1778399110314243,47877468,2366,144.857147,39,-318.911,224.491,255,8,1,
1778399110314667,47887417,2357,144.306122,39,-316.737,227.547,255,8,1,
1778399110330206,47897395,2348,143.755112,39,-314.534,230.583,255,8,1,
1778399110330679,47907354,2339,143.204086,39,-312.302,233.597,255,8,1,
1778399110347140,47917334,2330,142.653061,39,-310.041,236.590,255,8,1,
1778399110348754,47927291,2322,142.163269,38,-300.110,233.097,255,8,1,
1778399110394241,47937269,2313,141.612244,38,-297.854,235.973,255,8,1,
1778399110394735,47947221,2304,141.061218,38,-295.571,238.826,255,8,1,
1778399110395201,47957198,2295,140.510208,38,-293.260,241.657,255,8,1,
1778399110395643,47967160,2286,139.959183,38,-290.923,244.467,255,8,1,
1778399110412721,47977141,2278,139.469391,38,-288.822,246.945,255,8,1,
1778399110413180,47987092,2269,138.918365,38,-286.434,249.711,255,8,1,
1778399110458828,47997068,2260,138.367340,38,-284.019,252.454,255,8,1,
1778399110459295,48007018,2251,137.816330,38,-281.578,255.174,255,8,1,
1778399110459812,48016993,2242,137.265305,38,-279.111,257.870,255,8,1,
1778399110460244,48026944,2233,136.714279,38,-276.619,260.542,255,8,1,
1778399110460885,48036918,2224,136.163269,38,-274.100,263.190,255,8,1,
1778399110477722,48046871,2216,135.673477,37,-264.687,258.536,255,8,1,
1778399110478251,48056853,2207,135.122452,37,-262.188,261.070,255,8,1,
1778399110537275,48066811,2198,134.571426,37,-259.665,263.579,255,8,1,
1778399110537827,48076786,2189,134.020401,37,-257.118,266.064,255,8,1,
1778399110538378,48086749,2181,133.530609,37,-254.835,268.252,255,8,1,
1778399110538813,48096733,2172,132.979584,37,-252.243,270.691,255,8,1,
1778399110539221,48106692,2163,132.428574,37,-249.628,273.104,255,8,1,
1778399110539623,48116673,2154,131.877548,37,-246.990,275.492,255,8,1,
1778399110555058,48126629,2146,131.387756,37,-244.626,277.593,255,8,1,
1778399110600867,48136612,2137,130.836746,37,-241.945,279.933,255,8,1,
1778399110601495,48146569,2128,130.285721,37,-239.242,282.247,255,8,1,
1778399110601968,48156558,2120,129.795914,37,-236.820,284.282,255,8,1,
1778399110602354,48166509,2111,129.244904,37,-234.075,286.546,255,8,1,
1778399110602704,48176495,2102,128.693878,36,-225.057,280.979,255,8,1,
1778399110617905,48186449,2093,128.142853,36,-222.345,283.130,255,8,1,
1778399110618394,48196428,2084,127.591835,36,-219.612,285.256,255,8,1,
1778399110626271,48206379,2076,127.102043,36,-217.165,287.122,255,8,1,
1778399110678149,48216359,2067,126.551018,36,-214.394,289.198,255,8,1,
1778399110678682,48226312,2058,126.000000,36,-211.603,291.246,255,8,1,
1778399110679200,48236304,2050,125.510208,36,-209.105,293.044,255,8,1,
1778399110679641,48246255,2041,124.959183,36,-206.277,295.042,255,8,1,
1778399110680085,48256237,2032,124.408157,36,-203.430,297.012,255,8,1,
1778399110696198,48266195,2024,123.918365,36,-200.884,298.740,255,8,1,
1778399110696688,48276174,2015,123.367348,36,-198.002,300.658,255,8,1,
1778399110748308,48286131,2006,122.816322,36,-195.101,302.548,255,8,1,
1778399110748809,48296109,1998,122.326530,36,-192.508,304.205,255,8,1,
1778399110749197,48306063,1989,121.775505,36,-189.573,306.042,255,8,1,
1778399110749593,48316045,1980,121.224487,36,-186.621,307.851,255,8,1,
1778399110750046,48325999,1972,120.734695,36,-183.983,309.435,255,8,1,
1778399110768991,48335981,1963,120.183670,36,-180.998,311.191,255,8,1,
1778399110769541,48345940,1954,119.632645,36,-177.997,312.917,255,8,1,
1778399110824926,48355918,1946,119.142853,35,-170.446,305.693,255,8,1,
1778399110825496,48365872,1937,118.591835,35,-167.498,307.318,255,8,1,
1778399110826042,48375855,1928,118.040825,35,-164.535,308.914,255,8,1,
1778399110826530,48385805,1920,117.551018,35,-161.888,310.310,255,8,1,
1778399110826968,48395784,1911,116.999992,35,-158.897,311.852,255,8,1,
1778399110827437,48405732,1903,116.510201,35,-156.225,313.199,255,8,1,
1778399110845421,48415712,1894,115.959183,35,-153.206,314.687,255,8,1,
1778399110845904,48425664,1886,115.469391,35,-150.510,315.985,255,8,1,
1778399110860167,48435646,1877,114.918365,35,-147.464,317.418,255,8,1,
1778399110910224,48445592,1869,114.428574,35,-144.745,318.667,255,8,1,
1778399110910862,48455572,1860,113.877548,35,-141.674,320.044,255,8,1,
1778399110911423,48465525,1852,113.387756,35,-138.933,321.244,255,8,1,
1778399110911914,48475506,1843,112.836739,35,-135.837,322.565,255,8,1,
1778399110912425,48485467,1835,112.346939,35,-133.075,323.714,255,8,1,
1778399110913681,48495453,1826,111.795921,35,-129.956,324.979,255,8,1,
1778399110930937,48505413,1818,111.306129,35,-127.173,326.078,255,8,1,
1778399111017679,48515393,1809,110.755104,35,-124.031,327.286,255,8,1,
1778399111018121,48525349,1801,110.265305,35,-121.229,328.335,255,8,1,
1778399111018573,48535332,1792,109.714287,35,-118.066,329.485,255,8,1,
1778399111018963,48545288,1784,109.224487,35,-115.245,330.483,255,8,1,
1778399111019404,48555274,1775,108.673462,35,-112.061,331.576,255,8,1,
1778399111019918,48565231,1767,108.183670,35,-109.222,332.521,255,8,1,
1778399111020383,48575214,1758,107.632652,35,-106.020,333.556,255,8,1,
1778399111020785,48585171,1750,107.142853,35,-103.164,334.450,255,8,1,
1778399111021210,48595153,1742,106.653061,35,-100.302,335.320,255,8,1,
1778399111022676,48605111,1733,106.102043,35,-97.072,336.269,255,8,1,
1778399111044224,48615092,1725,105.612251,35,-94.194,337.087,255,8,1,
1778399111044739,48625046,1717,105.122444,35,-91.309,337.880,255,8,1,
1778399111107550,48635026,1708,104.571434,35,-88.055,338.742,255,8,1,
1778399111108207,48644980,1700,104.081627,35,-85.156,339.483,255,8,1,
1778399111108740,48654961,1692,103.591835,35,-82.251,340.198,255,8,1,
1778399111109273,48664921,1684,103.102043,35,-79.340,340.889,255,8,1,
1778399111109713,48674900,1675,102.551025,35,-76.058,341.636,255,8,1,
1778399111110222,48684855,1667,102.061226,35,-73.135,342.274,255,8,1,
1778399111111896,48694829,1659,101.571426,35,-70.206,342.886,255,8,1,
1778399111132462,48704782,1650,101.020401,35,-66.905,343.546,255,8,1,
1778399111132936,48714762,1642,100.530609,35,-63.966,344.105,255,8,1,
1778399111141666,48724719,1634,100.040817,35,-61.022,344.639,255,8,1,
1778399111204997,48734707,1625,99.489792,34,-56.056,335.347,255,8,1,
1778399111205595,48744663,1617,99.000000,34,-53.188,335.814,255,8,1,
1778399111206160,48754648,1609,98.510208,34,-50.315,336.256,255,8,1,
1778399111206720,48764607,1601,98.020409,34,-47.439,336.674,255,8,1,
1778399111207320,48774587,1593,97.530609,34,-44.559,337.067,255,8,1,
1778399111207851,48784543,1584,96.979591,34,-41.315,337.480,255,8,1,
1778399111226874,48794525,1576,96.489799,34,-38.429,337.821,255,8,1,
1778399111227416,48804484,1568,96.000008,34,-35.540,338.137,255,8,1,
1778399111235240,48814463,1560,95.510201,34,-32.648,338.429,255,8,1,
1778399111293793,48824424,1552,95.020409,34,-29.754,338.696,255,8,1,
1778399111294485,48834408,1544,94.530617,34,-26.857,338.938,255,8,1,
1778399111295218,48844361,1536,94.040810,34,-23.959,339.155,255,8,1,
1778399111295943,48854346,1527,93.489799,34,-20.696,339.370,255,8,1,
1778399111296478,48864301,1519,93.000000,34,-17.794,339.534,255,8,1,
1778399111297016,48874284,1511,92.510208,34,-14.891,339.674,255,8,1,
1778399111316057,48884240,1503,92.020409,35,-12.339,349.782,255,8,1,
1778399111316972,48894226,1495,91.530609,35,-9.349,349.875,255,8,1,
1778399111324794,48904184,1487,91.040817,35,-6.358,349.942,255,8,1,
1778399111406386,48914164,1478,90.489792,35,-2.992,349.987,255,8,1,
1778399111406972,48924122,1470,90.000000,35,0.000,350.000,255,8,1,
1778399111407579,48934102,1462,89.510201,35,2.992,349.987,255,8,1,
1778399111408107,48944060,1454,89.020409,35,5.984,349.949,255,8,1,
1778399111408566,48954047,1446,88.530609,35,8.975,349.885,255,8,1,
1778399111409044,48964005,1438,88.040817,35,11.966,349.795,255,8,1,
1778399111409529,48973988,1430,87.551018,35,14.955,349.680,255,8,1,
1778399111410098,48983947,1422,87.061226,35,17.944,349.540,255,8,1,
1778399111410572,48993930,1414,86.571426,35,20.931,349.374,255,8,1,
1778399111433264,49003890,1406,86.081627,35,23.917,349.182,255,8,1,
1778399111433895,49013878,1398,85.591835,35,26.901,348.965,255,8,1,
1778399111497364,49023840,1390,85.102043,35,29.883,348.722,255,8,1,
1778399111497911,49033827,1382,84.612244,35,32.863,348.454,255,8,1,
1778399111498670,49043785,1374,84.122452,35,35.841,348.160,255,8,1,
1778399111499234,49053776,1366,83.632652,35,38.816,347.841,255,8,1,
1778399111499762,49063734,1358,83.142860,35,41.788,347.496,255,8,1,
1778399111500274,49073723,1350,82.653061,35,44.757,347.127,255,8,1,
1778399111500865,49083680,1342,82.163269,35,47.723,346.731,255,8,1,
1778399111520919,49093662,1334,81.673470,35,50.685,346.311,255,8,1,
1778399111521468,49103618,1326,81.183678,35,53.644,345.865,255,8,1,
1778399111581442,49113601,1318,80.693878,35,56.598,345.393,255,8,1,
1778399111582067,49123563,1310,80.204079,35,59.549,344.897,255,8,1,
1778399111582599,49133547,1302,79.714287,35,62.495,344.375,255,8,1,
1778399111583236,49143509,1295,79.285713,35,65.069,343.898,255,8,1,
1778399111583860,49153493,1287,78.795921,35,68.006,343.329,255,8,1,
1778399111584518,49163443,1279,78.306122,35,70.939,342.736,255,8,1,
1778399111604933,49173427,1271,77.816330,35,73.866,342.117,255,8,1,
1778399111605458,49183387,1264,77.387756,36,78.607,351.313,255,8,1,
1778399111607574,49193371,1256,76.897964,36,81.607,350.628,255,8,1,
1778399111664799,49203328,1248,76.408165,36,84.601,349.918,255,8,1,
1778399111665517,49213317,1240,75.918365,36,87.589,349.182,255,8,1,
1778399111666050,49223268,1232,75.428574,36,90.571,348.421,255,8,1,
1778399111666687,49233253,1224,74.938774,36,93.546,347.634,255,8,1,
1778399111667218,49243215,1217,74.510208,36,96.144,346.924,255,8,1,
1778399111667696,49253201,1209,74.020409,36,99.106,346.090,255,8,1,
1778399111688138,49263156,1201,73.530617,36,102.061,345.230,255,8,1,
1778399111688766,49273140,1193,73.040817,36,105.009,344.345,255,8,1,
1778399111697450,49283095,1185,72.551018,36,107.948,343.434,255,8,1,
1778399111755823,49293075,1177,72.061226,36,110.880,342.499,255,8,1,
1778399111756452,49303027,1170,71.632652,36,113.439,341.660,255,8,1,
1778399111757110,49313003,1162,71.142860,36,116.355,340.678,255,8,1,
1778399111757696,49322954,1154,70.653061,36,119.263,339.671,255,8,1,
1778399111758405,49332934,1146,70.163269,36,122.163,338.639,255,8,1,
1778399111758888,49342881,1138,69.673470,36,125.053,337.582,255,8,1,
1778399111779362,49352864,1130,69.183670,36,127.934,336.501,255,8,1,
1778399111780167,49362816,1123,68.755104,36,130.448,335.534,255,8,1,
1778399111837078,49372798,1115,68.265305,36,133.311,334.407,255,8,1,
1778399111837772,49382746,1107,67.775513,37,139.947,342.512,255,8,1,
1778399111838266,49392720,1100,67.346939,37,142.506,341.456,255,8,1,
1778399111838755,49402672,1092,66.857147,37,145.419,340.225,255,8,1,
1778399111839159,49412654,1084,66.367348,37,148.322,338.970,255,8,1,
1778399111839583,49422607,1077,65.938774,37,150.854,337.851,255,8,1,
1778399111856953,49432584,1069,65.448982,37,153.736,336.549,255,8,1,
1778399111857577,49442529,1062,65.020409,37,156.249,335.390,255,8,1,
1778399111923501,49452502,1054,64.530609,37,159.111,334.042,255,8,1,
1778399111924080,49462451,1047,64.102036,37,161.605,332.842,255,8,1,
1778399111924570,49472428,1039,63.612244,38,168.889,340.407,255,8,1,
1778399111925094,49482378,1032,63.183670,38,171.430,339.134,255,8,1,
1778399111925613,49492357,1024,62.693878,38,174.323,337.656,255,8,1,
1778399111925986,49502311,1016,62.204079,38,177.203,336.153,255,8,1,
1778399111926381,49512291,1009,61.775513,38,179.712,334.819,255,8,1,
1778399111944032,49522239,1001,61.285713,38,182.568,333.270,255,8,1,
1778399111944595,49532211,993,60.795921,38,185.410,331.697,255,8,1,
1778399111991416,49542163,986,60.367348,39,192.831,338.993,255,8,1,
1778399111991964,49552141,978,59.877552,37,185.684,320.033,255,8,1,
1778399111992467,49562093,971,59.448978,35,177.907,301.412,255,8,1,
1778399111992845,49572065,963,58.959183,35,180.477,299.880,255,8,1,
1778399111994021,49582020,956,58.530613,34,177.495,289.993,255,8,1,
1778399112010959,49591996,948,58.040813,34,179.967,288.465,255,8,1,
1778399112056992,49601947,941,57.612247,34,182.120,287.110,255,8,1,
1778399112057623,49611916,934,57.183670,34,184.262,285.740,255,8,1,
1778399112058040,49621867,926,56.693878,34,186.698,284.155,255,8,1,
1778399112058395,49631853,919,56.265305,34,188.818,282.750,255,8,1,
1778399112058769,49641804,911,55.775513,33,185.604,272.857,255,8,1,
1778399112076630,49651777,904,55.346939,33,187.640,271.461,255,8,1,
1778399112077043,49661719,896,54.857143,33,189.954,269.847,255,8,1,
1778399112084224,49671700,889,54.428570,32,186.150,260.285,255,8,1,
1778399112138804,49681645,882,54.000004,32,188.091,258.885,255,8,1,
1778399112139337,49691618,874,53.510204,32,190.297,257.268,255,8,1,
1778399112139974,49701577,866,53.020405,32,192.490,255.632,255,8,1,
1778399112140463,49711555,859,52.591839,33,200.471,262.128,255,8,1,
1778399112140937,49721508,852,52.163261,33,202.426,260.621,255,8,1,
1778399112144658,49731487,844,51.673470,33,204.647,258.881,255,8,1,
1778399112160949,49741436,837,51.244896,32,200.318,249.545,255,8,1,
1778399112162433,49751407,829,50.755104,32,202.444,247.824,255,8,1,
1778399112179476,49761364,822,50.326530,32,204.292,246.302,255,8,1,
1778399112222887,49771340,815,49.897961,32,206.128,244.768,255,8,1,
1778399112223417,49781295,808,49.469387,32,207.953,243.219,255,8,1,
1778399112223950,49791268,800,48.979595,32,210.025,241.432,255,8,1,
1778399112224473,49801223,793,48.551018,32,211.825,239.855,255,8,1,
1778399112224982,49811200,786,48.122452,31,206.938,230.818,255,8,1,
1778399112279352,49821155,779,47.693878,31,208.658,229.263,255,8,1,
1778399112279987,49831132,771,47.204082,32,217.404,234.809,255,8,1,
1778399112280587,49841093,764,46.775509,32,219.155,233.176,255,8,1,
1778399112281057,49851075,757,46.346939,32,220.893,231.531,255,8,1,
1778399112281515,49861025,750,45.918365,32,222.618,229.872,255,8,1,
1778399112281977,49871013,742,45.428574,31,217.557,220.837,255,8,1,
1778399112298277,49880966,735,45.000000,31,219.203,219.203,255,8,1,
1778399112305121,49890939,728,44.571430,30,213.713,210.539,255,8,1,
1778399112355781,49900902,721,44.142857,31,222.458,215.899,255,8,1,
1778399112356425,49910874,714,43.714287,32,231.294,221.140,255,8,1,
1778399112357075,49920830,706,43.224491,31,225.890,212.306,255,8,1,
1778399112357520,49930811,699,42.795918,31,227.471,210.611,255,8,1,
1778399112357971,49940761,692,42.367348,30,221.652,202.164,255,8,1,
1778399112374208,49950747,685,41.938778,31,230.596,207.184,255,8,1,
1778399112374728,49960700,678,41.510204,31,232.140,205.454,255,8,1,
1778399112421296,49970681,671,41.081635,30,226.132,197.140,255,8,1,
1778399112421931,49980634,664,40.653061,31,235.187,201.958,255,8,1,
1778399112422462,49990610,657,40.224491,31,236.691,200.193,255,8,1,
1778399112422959,50000575,651,39.857143,30,230.293,192.263,255,8,1,
1778399112423500,50010551,644,39.428574,30,231.725,190.535,255,8,1,
1778399112439583,50020506,637,39.000000,31,240.915,195.089,255,8,1,
1778399112440046,50030490,631,38.632652,31,242.161,193.541,255,8,1,
1778399112497330,50040443,624,38.204082,30,235.744,185.539,255,8,1,
1778399112497781,50050416,618,37.836735,30,236.929,184.024,255,8,1,
1778399112498476,50060378,611,37.408161,31,246.242,188.322,255,8,1,
1778399112499046,50070358,605,37.040817,31,247.444,186.739,255,8,1,
1778399112499452,50080318,598,36.612244,31,248.834,184.883,255,8,1,
1778399112499988,50090295,592,36.244896,31,250.014,183.284,255,8,1,
1778399112516436,50100252,586,35.877552,30,243.081,175.816,255,8,1,
1778399112562839,50110236,579,35.448982,30,244.390,173.993,255,8,1,
1778399112563505,50120197,573,35.081635,30,245.500,172.423,255,8,1,
1778399112564046,50130179,566,34.653061,30,246.783,170.582,255,8,1,
1778399112564484,50140134,560,34.285713,30,247.872,168.996,255,8,1,
1778399112564944,50150114,554,33.918369,30,248.950,167.403,255,8,1,
1778399112580811,50160072,547,33.489796,30,250.195,165.537,255,8,1,
1778399112581244,50170050,541,33.122448,30,251.251,163.929,255,8,1,
1778399112588759,50180008,535,32.755100,30,252.297,162.315,255,8,1,
1778399112637481,50189989,529,32.387753,30,253.333,160.694,255,8,1,
1778399112638135,50199946,523,32.020409,29,245.879,153.764,255,8,1,
1778399112638691,50209926,517,31.653063,30,255.372,157.432,255,8,1,
1778399112639266,50219879,511,31.285715,30,256.376,155.792,255,8,1,
1778399112639710,50229862,505,30.918367,30,257.370,154.145,255,8,1,
1778399112656277,50239822,500,30.612244,30,258.190,152.768,255,8,1,
1778399112658009,50249800,494,30.244898,30,259.164,151.109,255,8,1,
1778399112706048,50259759,488,29.877550,30,260.128,149.444,255,8,1,
1778399112706480,50269741,483,29.571430,30,260.922,148.052,255,8,1,
1778399112706876,50279701,478,29.265306,30,261.710,146.656,255,8,1,
1778399112707215,50289687,472,28.897959,30,262.645,144.975,255,8,1,
1778399112707593,50299643,466,28.530611,30,263.569,143.288,255,8,1,
1778399112724549,50309628,461,28.224489,30,264.330,141.878,255,8,1,
1778399112781995,50319583,456,27.918367,30,265.085,140.464,255,8,1,
1778399112782424,50329563,451,27.612246,30,265.831,139.046,255,8,1,
1778399112782782,50339514,446,27.306122,30,266.570,137.623,255,8,1,
1778399112783212,50349501,440,26.938774,30,267.447,135.911,255,8,1,
1778399112783634,50359456,435,26.632654,30,268.170,134.481,255,8,1,
1778399112784044,50369437,430,26.326530,30,268.884,133.046,255,8,1,
1778399112799393,50379388,424,25.959183,30,269.732,131.319,255,8,1,
1778399112799841,50389362,419,25.653061,29,261.415,125.547,255,8,1,
1778399112806627,50399320,414,25.346939,30,271.120,128.430,255,8,1,
1778399112818747,50409294,408,24.979591,30,271.937,126.689,255,8,1,
1778399112879633,50419246,403,24.673470,30,272.610,125.234,255,8,1,
1778399112880327,50429227,398,24.367346,29,264.166,119.650,255,8,1,
1778399112881010,50439178,393,24.061226,29,264.802,118.237,255,8,1,
1778399112881690,50449157,388,23.755102,29,265.430,116.820,255,8,1,
1778399112882299,50459112,383,23.448978,29,266.050,115.400,255,8,1,
1778399112882820,50469092,378,23.142859,30,275.858,117.908,255,8,1,
1778399112898971,50479051,374,22.897959,30,276.360,116.727,255,8,1,
1778399112899603,50489026,369,22.591837,30,276.979,115.249,255,8,1,
1778399112906013,50498981,365,22.346939,29,268.221,110.262,255,8,1,
1778399112918970,50508957,361,22.102041,29,268.689,109.115,255,8,1,
1778399112964632,50518912,356,21.795919,29,269.269,107.677,255,8,1,
1778399112965331,50528884,352,21.551022,29,269.726,106.526,255,8,1,
1778399112965804,50538839,348,21.306122,29,270.179,105.372,255,8,1,
1778399112966399,50548817,343,21.000000,29,270.738,103.927,255,8,1,
1778399112966876,50558767,339,20.755102,29,271.180,102.769,255,8,1,
1778399112984408,50568753,335,20.510204,29,271.617,101.609,255,8,1,
1778399112985132,50578702,331,20.265305,29,272.049,100.447,255,8,1,
1778399113032379,50588690,327,20.020409,29,272.476,99.283,255,8,1,
1778399113032958,50598641,323,19.775511,29,272.897,98.117,255,8,1,
1778399113033508,50608622,319,19.530613,29,273.314,96.950,255,8,1,
1778399113033960,50618576,315,19.285715,29,273.726,95.781,255,8,1,
1778399113034499,50628555,311,19.040817,29,274.133,94.610,255,8,1,
1778399113051298,50638509,307,18.795919,29,274.535,93.437,255,8,1,
1778399113058054,50648491,303,18.551020,29,274.932,92.263,255,8,1,
1778399113109499,50658447,299,18.306122,30,284.818,94.228,255,8,1,
1778399113110091,50668428,295,18.061224,29,275.710,89.910,255,8,1,
1778399113110565,50678377,291,17.816326,29,276.092,88.730,255,8,1,
1778399113111126,50688359,287,17.571428,29,276.469,87.549,255,8,1,
1778399113111525,50698315,284,17.387754,29,276.748,86.663,255,8,1,
1778399113126838,50708302,281,17.204082,29,277.025,85.775,255,8,1,
1778399113127317,50718255,277,16.959185,29,277.389,84.590,255,8,1,
1778399113133971,50728229,274,16.775511,29,277.658,83.701,255,8,1,
1778399113145300,50738188,270,16.530613,29,278.014,82.513,255,8,1,
1778399113194553,50748163,267,16.346939,29,278.277,81.621,255,8,1,
1778399113195096,50758123,263,16.102041,29,278.623,80.431,255,8,1,
1778399113195826,50768094,259,15.857143,29,278.964,79.240,255,8,1,
1778399113196396,50778052,255,15.612246,30,288.932,80.738,255,8,1,
1778399113196948,50788025,251,15.367347,29,279.632,76.852,255,8,1,
1778399113213613,50797970,247,15.122449,29,279.957,75.656,255,8,1,
1778399113214174,50807945,243,14.877551,29,280.278,74.459,255,8,1,
1778399113258816,50817902,240,14.693877,29,280.516,73.560,255,8,1,
1778399113259362,50827879,236,14.448979,29,280.827,72.360,255,8,1,
1778399113260068,50837833,233,14.265306,29,281.058,71.460,255,8,1,
1778399113260620,50847813,231,14.142858,30,290.907,73.302,255,8,1,
1778399113277108,50857766,228,13.959184,29,281.436,69.957,255,8,1,
1778399113277529,50867742,225,13.775511,29,281.658,69.054,255,8,1,
1778399113283715,50877695,222,13.591837,30,291.598,70.501,255,8,1,
1778399113296492,50887675,219,13.408163,30,291.823,69.566,255,8,1,
1778399113343840,50897630,216,13.224489,30,292.044,68.630,255,8,1,
1778399113344252,50907605,214,13.102041,29,282.451,65.739,255,8,1,
1778399113399907,50977357,220,13.469387,28,272.298,65.219,255,8,1,
1778399113400583,50987339,222,13.591837,28,272.158,65.801,255,8,1,
1778399113479690,51047137,245,15.000000,28,270.459,72.469,255,8,1,
1778399113480603,51077021,258,15.795918,28,269.426,76.219,255,8,1,
1778399113499066,51086999,262,16.040817,28,269.098,77.370,255,8,1,
1778399113551071,51116883,276,16.897961,28,267.911,81.387,255,8,1,
1778399113628996,51216515,324,19.836735,28,263.386,95.016,255,8,1,
1778399113715769,51286295,361,22.102041,28,259.424,105.352,255,8,1,
1778399113716323,51296249,366,22.408163,28,258.858,106.737,255,8,1,
1778399113718334,51316183,378,23.142859,28,257.468,110.047,255,8,1,
1778399113735648,51326160,383,23.448978,28,256.876,111.421,255,8,1,
1778399113791011,51336118,389,23.816326,28,256.156,113.066,255,8,1,
1778399113791553,51346098,395,24.183674,28,255.426,114.706,255,8,1,
1778399113792085,51356050,400,24.489798,28,254.810,116.069,255,8,1,
1778399113792563,51366024,406,24.857143,28,254.060,117.700,255,8,1,
1778399113793009,51375972,412,25.224489,28,253.301,119.326,255,8,1,
1778399113793461,51385952,418,25.591835,28,252.530,120.948,255,8,1,
1778399113812410,51395903,424,25.959183,28,251.750,122.565,255,8,1,
1778399113812882,51405882,430,26.326530,28,250.959,124.176,255,8,1,
1778399113872846,51415841,436,26.693878,28,250.157,125.783,255,8,1,
1778399113873405,51425816,442,27.061226,28,249.346,127.384,255,8,1,
1778399113873936,51435762,449,27.489796,28,248.386,129.245,255,8,1,
1778399113874468,51445738,455,27.857143,28,247.552,130.835,255,8,1,
1778399113874946,51455685,461,28.224489,29,255.519,137.149,255,8,1,
1778399113875392,51465659,467,28.591835,28,245.854,133.999,255,8,1,
1778399113876911,51475608,474,29.020407,28,244.845,135.834,255,8,1,
1778399113897338,51485583,480,29.387754,28,243.969,137.401,255,8,1,
1778399113897895,51495529,486,29.755102,28,243.083,138.962,255,8,1,
1778399113908677,51505506,493,30.183674,28,242.037,140.777,255,8,1,
1778399113977077,51515460,500,30.612244,28,240.977,142.583,255,8,1,
1778399113977734,51525432,506,30.979591,28,240.058,144.125,255,8,1,
1778399113978265,51535380,513,31.408163,28,238.973,145.917,255,8,1,
1778399113978746,51545354,520,31.836735,28,237.875,147.700,255,8,1,
1778399113979208,51555306,527,32.265305,28,236.764,149.475,255,8,1,
1778399113979695,51565276,534,32.693878,28,235.639,151.242,255,8,1,
1778399113980207,51575230,540,33.061226,29,243.046,158.205,255,8,1,
1778399113999496,51585204,547,33.489796,28,233.516,154.501,255,8,1,
1778399114000070,51595149,554,33.918369,29,240.652,161.823,255,8,1,
1778399114059358,51605125,562,34.408165,29,239.260,163.875,255,8,1,
1778399114059974,51615070,569,34.836735,29,238.027,165.660,255,8,1,
1778399114060465,51625046,576,35.265305,28,228.616,161.662,255,8,1,
1778399114060957,51635003,583,35.693878,29,235.522,169.202,255,8,1,
1778399114061550,51644983,590,36.122448,29,234.250,170.959,255,8,1,
1778399114061947,51654934,597,36.551022,29,232.965,172.706,255,8,1,
1778399114082796,51664917,605,37.040817,29,231.480,174.691,255,8,1,
1778399114083423,51674864,612,37.469387,29,230.167,176.418,255,8,1,
1778399114085100,51684843,619,37.897957,29,228.841,178.135,255,8,1,
1778399114152957,51694795,627,38.387753,29,227.310,180.084,255,8,1,
1778399114153620,51704771,634,38.816326,29,225.956,181.779,255,8,1,
1778399114154190,51714725,642,39.306122,29,224.394,183.704,255,8,1,
1778399114154746,51724703,650,39.795918,29,222.815,185.616,255,8,1,
1778399114155226,51734655,657,40.224491,29,221.421,187.277,255,8,1,
1778399114155637,51744631,665,40.714287,29,219.812,189.163,255,8,1,
1778399114156103,51754580,673,41.204082,29,218.187,191.035,255,8,1,
1778399114176407,51764559,680,41.632652,29,216.752,192.662,255,8,1,
1778399114177036,51774509,688,42.122448,30,222.514,201.215,255,8,1,
1778399114184166,51784487,696,42.612244,30,220.786,203.110,255,8,1,
1778399114249904,51794437,704,43.102043,29,211.740,198.157,255,8,1,
1778399114250526,51804415,712,43.591839,29,210.038,199.960,255,8,1,
1778399114251094,51814365,720,44.081635,29,208.321,201.748,255,8,1,
1778399114251645,51824352,729,44.632652,29,206.371,203.742,255,8,1,
1778399114252349,51834303,737,45.122448,30,211.678,212.585,255,8,1,
1778399114252844,51844274,745,45.612247,30,209.853,214.387,255,8,1,
1778399114253503,51854230,753,46.102039,30,208.013,216.173,255,8,1,
1778399114273508,51864203,761,46.591839,30,206.157,217.943,255,8,1,
1778399114274253,51874155,770,47.142860,30,204.052,219.916,255,8,1,
1778399114334094,51884135,778,47.632652,30,202.164,221.652,255,8,1,
1778399114334804,51894088,787,48.183674,30,200.023,223.586,255,8,1,
1778399114335472,51904063,795,48.673470,30,198.105,225.288,255,8,1,
1778399114336045,51914015,804,49.224491,30,195.929,227.182,255,8,1,
1778399114336624,51923990,812,49.714287,30,193.980,228.849,255,8,1,
1778399114337126,51933954,821,50.265305,31,198.162,238.394,255,8,1,
1778399114356224,51943930,830,50.816326,30,189.543,232.537,255,8,1,
1778399114356867,51953884,838,51.306122,31,193.799,241.954,255,8,1,
1778399114371165,51963862,847,51.857143,31,191.464,243.807,255,8,1,
1778399114372429,51973816,856,52.408165,31,189.110,245.637,255,8,1,
1778399114426391,51983785,865,52.959183,30,180.715,239.462,255,8,1,
1778399114427046,51993741,874,53.510204,31,184.351,249.228,255,8,1,
1778399114427554,52003720,883,54.061226,31,181.945,250.990,255,8,1,
1778399114428082,52013674,892,54.612244,32,185.314,260.881,255,8,1,
1778399114428569,52023653,901,55.163265,32,182.797,262.651,255,8,1,
1778399114447340,52033606,910,55.714287,32,180.262,264.396,255,8,1,
1778399114447883,52043588,919,56.265305,32,177.711,266.118,255,8,1,
1778399114456037,52053545,928,56.816326,32,175.144,267.814,255,8,1,
1778399114521600,52063522,938,57.428574,33,177.656,278.098,255,8,1,
1778399114522227,52073474,947,57.979591,33,174.973,279.794,255,8,1,
1778399114522819,52083448,956,58.530613,33,172.274,281.463,255,8,1,
1778399114523481,52093395,966,59.142860,34,174.386,291.873,255,8,1,
1778399114523980,52103376,975,59.693874,33,166.525,284.903,255,8,1,
1778399114524350,52113329,985,60.306122,33,163.471,286.666,255,8,1,
1778399114524800,52123304,994,60.857143,33,160.706,288.225,255,8,1,
1778399114542504,52133253,1004,61.469387,32,152.841,281.140,255,8,1,
1778399114543152,52143223,1014,62.081631,32,149.828,282.757,255,8,1,
1778399114550795,52153171,1024,62.693878,31,142.211,275.456,255,8,1,
1778399114604498,52163146,1033,63.244896,32,144.057,285.740,255,8,1,
1778399114604993,52173100,1043,63.857143,32,140.995,287.263,255,8,1,
1778399114605436,52183079,1053,64.469391,36,155.158,324.848,255,8,1,
1778399114605772,52193030,1063,65.081635,36,151.678,326.487,255,8,1,
1778399114606105,52203015,1073,65.693878,36,148.180,328.089,255,8,1,
1778399114624308,52212970,1083,66.306122,36,144.666,329.654,255,8,1,
1778399114624746,52222946,1093,66.918365,36,141.135,331.181,255,8,1,
1778399114674251,52232910,1102,67.469383,35,134.112,323.286,255,8,1,
1778399114674848,52242884,1112,68.081635,35,130.650,324.701,255,8,1,
1778399114675236,52252845,1122,68.693878,35,127.173,326.078,255,8,1,
1778399114675621,52262827,1132,69.306122,35,123.681,327.419,255,8,1,
1778399114676026,52272782,1142,69.918365,35,120.176,328.722,255,8,1,
1778399114694630,52282767,1152,70.530609,35,116.656,329.987,255,8,1,
1778399114695220,52292724,1162,71.142860,35,113.123,331.215,255,8,1,
1778399114708241,52302699,1172,71.755104,35,109.578,332.404,255,8,1,
1778399114709297,52312654,1182,72.367348,35,106.020,333.556,255,8,1,
1778399114781842,52322634,1192,72.979591,35,102.449,334.670,255,8,1,
1778399114782437,52332588,1202,73.591835,35,98.867,335.746,255,8,1,
1778399114782981,52342567,1212,74.204079,35,95.274,336.783,255,8,1,
1778399114783490,52352523,1222,74.816322,34,89.051,328.131,255,8,1,
1778399114783978,52362506,1232,75.428574,34,85.539,329.064,255,8,1,
1778399114784432,52372458,1241,75.979591,34,82.371,329.871,255,8,1,
1778399114784850,52382439,1251,76.591835,34,78.841,330.733,255,8,1,
1778399114803105,52392390,1261,77.204079,34,75.303,331.556,255,8,1,
1778399114803697,52402369,1271,77.816330,34,71.756,332.342,255,8,1,
1778399114861571,52412316,1281,78.428566,34,68.200,333.090,255,8,1,
1778399114862198,52422292,1291,79.040817,34,64.637,333.799,255,8,1,
1778399114862607,52432240,1301,79.653061,34,61.067,334.471,255,8,1,
1778399114862983,52442220,1311,80.265312,34,57.489,335.104,255,8,1,
1778399114863396,52452161,1320,80.816322,34,54.264,335.642,255,8,1,
1778399114863903,52462133,1330,81.428574,34,50.674,336.202,255,8,1,
1778399114883870,52472080,1340,82.040817,34,47.079,336.725,255,8,1,
1778399114884408,52482062,1350,82.653061,34,43.478,337.209,255,8,1,
1778399114941255,52492010,1360,83.265305,34,39.873,337.654,255,8,1,
1778399114942014,52501984,1370,83.877556,34,36.262,338.061,255,8,1,
1778399114942520,52511934,1380,84.489799,34,32.648,338.429,255,8,1,
1778399114943121,52521908,1390,85.102043,34,29.030,338.758,255,8,1,
1778399114943614,52531859,1400,85.714287,34,25.408,339.049,255,8,1,
1778399114944251,52541837,1409,86.265305,34,22.146,339.278,255,8,1,
1778399114960926,52551790,1419,86.877548,34,18.520,339.495,255,8,1,
1778399114961368,52561764,1429,87.489792,34,14.891,339.674,255,8,1,
1778399115011265,52571710,1439,88.102043,34,11.261,339.813,255,8,1,
1778399115011973,52581688,1449,88.714287,34,7.629,339.914,255,8,1,
1778399115012642,52591641,1459,89.326530,34,3.996,339.977,255,8,1,
1778399115013264,52601623,1468,89.877548,34,0.727,339.999,255,8,1,
1778399115013800,52611573,1478,90.489792,34,-2.906,339.988,255,8,1,
1778399115031744,52621557,1488,91.102043,34,-6.539,339.937,255,8,1,
1778399115032346,52631512,1498,91.714287,33,-9.872,329.852,255,8,1,
1778399115088324,52641489,1508,92.326523,33,-13.396,329.728,255,8,1,
1778399115088997,52651445,1518,92.938782,34,-17.431,339.553,255,8,1,
1778399115089628,52661427,1528,93.551018,34,-21.059,339.347,255,8,1,
1778399115090108,52671387,1537,94.102043,34,-24.321,339.129,255,8,1,
1778399115090573,52681368,1547,94.714279,33,-27.122,328.884,255,8,1,
1778399115091205,52691322,1557,95.326538,33,-30.634,328.575,255,8,1,
1778399115110606,52701307,1567,95.938774,34,-35.178,338.175,255,8,1,
1778399115111237,52711261,1577,96.551018,33,-37.649,327.845,255,8,1,
1778399115119435,52721238,1586,97.102036,33,-40.800,327.468,255,8,1,
1778399115186817,52731189,1596,97.714294,33,-44.297,327.013,255,8,1,
1778399115187457,52741167,1606,98.326530,33,-47.789,326.521,255,8,1,
1778399115188073,52751119,1616,98.938774,34,-52.829,335.871,255,8,1,
1778399115188574,52761095,1626,99.551025,34,-56.415,335.287,255,8,1,
1778399115189306,52771050,1635,100.102036,34,-59.637,334.729,255,8,1,
1778399115189887,52781028,1645,100.714287,34,-63.210,334.073,255,8,1,
1778399115190550,52790980,1655,101.326530,33,-64.812,323.573,255,8,1,
1778399115212488,52800958,1665,101.938782,34,-70.335,332.646,255,8,1,
1778399115213212,52810906,1674,102.489792,33,-71.368,322.190,255,8,1,
1778399115214933,52820885,1684,103.102043,33,-74.806,321.409,255,8,1,
1778399115224722,52830832,1694,103.714287,33,-78.237,320.592,255,8,1,
1778399115291458,52840812,1704,104.326523,33,-81.658,319.737,255,8,1,
1778399115292369,52850768,1714,104.938774,34,-87.647,328.509,255,8,1,
1778399115293108,52860747,1724,105.551018,34,-91.153,327.553,255,8,1,
1778399115293590,52870698,1733,106.102043,34,-94.299,326.662,255,8,1,
1778399115294081,52880681,1743,106.714279,34,-97.784,325.635,255,8,1,
1778399115294522,52890630,1753,107.326530,34,-101.258,324.572,255,8,1,
1778399115294923,52900611,1763,107.938774,34,-104.720,323.471,255,8,1,
1778399115313890,52910567,1772,108.489799,34,-107.826,322.449,255,8,1,
1778399115314399,52920554,1782,109.102036,34,-111.265,321.279,255,8,1,
1778399115364407,52930504,1792,109.714287,34,-114.692,320.071,255,8,1,
1778399115365280,52940484,1802,110.326530,34,-118.106,318.828,255,8,1,
1778399115365915,52950439,1812,110.938774,34,-121.506,317.547,255,8,1,
1778399115366514,52960423,1821,111.489792,34,-124.554,316.364,255,8,1,
1778399115366953,52970385,1831,112.102043,34,-127.927,315.015,255,8,1,
1778399115384718,52980366,1841,112.714287,34,-131.286,313.630,255,8,1,
1778399115385189,52990325,1851,113.326530,34,-134.630,312.209,255,8,1,
1778399115433901,53000307,1860,113.877548,34,-137.626,310.900,255,8,1,
1778399115434518,53010262,1870,114.489792,34,-140.941,309.412,255,8,1,
1778399115435081,53020235,1880,115.102043,34,-144.239,307.888,255,8,1,
1778399115435652,53030188,1890,115.714287,34,-147.520,306.329,255,8,1,
1778399115436204,53040166,1899,116.265305,34,-150.460,304.897,255,8,1,
1778399115452660,53050125,1909,116.877548,34,-153.709,303.271,255,8,1,
1778399115453135,53060105,1919,117.489799,34,-156.941,301.612,255,8,1,
1778399115512319,53070065,1928,118.040825,34,-159.834,300.088,255,8,1,
1778399115512746,53080045,1938,118.653061,34,-163.032,298.363,255,8,1,
1778399115513087,53090001,1948,119.265305,34,-166.210,296.604,255,8,1,
1778399115513536,53099982,1958,119.877556,34,-169.370,294.811,255,8,1,
1778399115513997,53109931,1967,120.428566,34,-172.198,293.169,255,8,1,
1778399115514440,53119915,1977,121.040817,34,-175.321,291.312,255,8,1,
1778399115530641,53129862,1987,121.653061,34,-178.423,289.422,255,8,1,
1778399115531845,53139843,1996,122.204079,34,-181.198,287.693,255,8,1,
1778399115550517,53149799,2006,122.816322,34,-184.262,285.740,255,8,1,
1778399115551737,53159779,2016,123.428574,34,-187.305,283.755,255,8,1,
1778399115598287,53169736,2026,124.040817,34,-190.326,281.737,255,8,1,
1778399115598795,53179721,2035,124.591835,34,-193.027,279.894,255,8,1,
1778399115599307,53189670,2045,125.204079,35,-201.772,285.986,255,8,1,
1778399115599840,53199651,2055,125.816330,34,-198.964,275.705,255,8,1,
1778399115601315,53209609,2064,126.367340,34,-201.606,273.779,255,8,1,
1778399115618909,53219589,2074,126.979591,34,-204.520,271.609,255,8,1,
1778399115669257,53229542,2084,127.591835,35,-213.511,277.332,255,8,1,
1778399115670098,53239516,2094,128.204071,35,-216.462,275.035,255,8,1,
1778399115670580,53249472,2103,128.755096,35,-219.097,272.940,255,8,1,
1778399115671198,53259457,2113,129.367355,35,-222.002,270.583,255,8,1,
1778399115671738,53269408,2122,129.918365,35,-224.593,268.436,255,8,1,
1778399115672110,53279389,2132,130.530609,35,-227.449,266.021,255,8,1,
1778399115689684,53289337,2142,131.142853,35,-230.279,263.575,255,8,1,
1778399115690510,53299319,2152,131.755112,35,-233.082,261.099,255,8,1,
1778399115742570,53309273,2161,132.306122,35,-235.582,258.846,255,8,1,
1778399115743093,53319252,2171,132.918365,35,-238.334,256.314,255,8,1,
1778399115743539,53329208,2180,133.469391,35,-240.788,254.010,255,8,1,
1778399115743908,53339186,2190,134.081635,35,-243.489,251.422,255,8,1,
1778399115744340,53349137,2200,134.693878,36,-253.195,255.915,255,8,1,
1778399115761712,53359119,2209,135.244904,36,-255.644,253.468,255,8,1,
1778399115762205,53369072,2219,135.857147,36,-258.338,250.722,255,8,1,
1778399115769720,53379051,2228,136.408157,36,-260.737,248.226,255,8,1,
1778399115782345,53389007,2238,137.020416,36,-263.375,245.426,255,8,1,
1778399115828688,53398990,2248,137.632660,36,-265.982,242.597,255,8,1,
1778399115829179,53408944,2257,138.183670,36,-268.303,240.028,255,8,1,
1778399115829707,53418924,2267,138.795914,36,-270.852,237.148,255,8,1,
1778399115830094,53428877,2276,139.346939,36,-273.121,234.532,255,8,1,
1778399115830504,53438869,2286,139.959183,36,-275.611,231.600,255,8,1,
1778399115848373,53448825,2295,140.510208,36,-277.826,228.939,255,8,1,
1778399115848962,53458808,2305,141.122452,37,-288.041,232.233,255,8,1,
1778399115895083,53468762,2314,141.673462,37,-290.261,229.453,255,8,1,
1778399115895574,53478743,2324,142.285721,37,-292.696,226.338,255,8,1,
1778399115895989,53488699,2334,142.897964,37,-295.098,223.197,255,8,1,
1778399115896413,53498680,2343,143.448975,37,-297.231,220.349,255,8,1,
1778399115913966,53508638,2353,144.061218,37,-299.568,217.161,255,8,1,
1778399115914506,53518622,2362,144.612244,37,-301.643,214.270,255,8,1,
1778399115975544,53528572,2372,145.224487,37,-303.915,211.034,255,8,1,
1778399115976248,53538564,2381,145.775513,37,-305.931,208.102,255,8,1,
1778399115976717,53548519,2391,146.387756,38,-316.465,210.356,255,8,1,
1778399115977142,53558500,2400,146.938782,38,-318.474,207.303,255,8,1,
1778399115977598,53568457,2410,147.551025,38,-320.670,203.888,255,8,1,
1778399115977975,53578440,2419,148.102051,38,-322.616,200.795,255,8,1,
1778399115978331,53588396,2429,148.714279,38,-324.744,197.336,255,8,1,
1778399115993773,53598380,2438,149.265305,38,-326.626,194.204,255,8,1,
1778399116042869,53608335,2448,149.877548,39,-337.332,195.721,255,8,1,
1778399116043466,53618317,2457,150.428574,39,-339.199,192.468,255,8,1,
1778399116043956,53628270,2467,151.040817,39,-341.236,188.833,255,8,1,
1778399116044440,53638251,2476,151.591827,39,-343.036,185.542,255,8,1,
1778399116044864,53648209,2486,152.204086,40,-353.846,186.529,255,8,1,
1778399116063264,53658190,2495,152.755096,40,-355.623,183.118,255,8,1,
1778399116063747,53668145,2504,153.306122,40,-357.368,179.689,255,8,1,
1778399116118803,53678130,2514,153.918365,36,-323.341,158.274,255,8,1,
1778399116119502,53688088,2524,154.530609,34,-306.957,146.210,255,8,1,
1778399116119970,53698067,2533,155.081635,35,-317.418,147.464,255,8,1,
1778399116120499,53708020,2542,155.632660,35,-318.822,144.405,255,8,1,
1778399116121050,53717994,2552,156.244904,35,-320.346,140.990,255,8,1,
1778399116121484,53727947,2562,156.857132,34,-312.639,133.629,255,8,1,
1778399116139895,53737929,2571,157.408157,35,-323.143,134.457,255,8,1,
1778399116140499,53747884,2580,157.959183,35,-324.421,131.343,255,8,1,
1778399116147496,53757865,2590,158.571426,38,-353.732,138.830,255,8,1,
1778399116161022,53767813,2600,159.183670,39,-364.543,138.596,255,8,1,
1778399116213485,53777784,2609,159.734695,39,-365.859,135.083,255,8,1,
1778399116213989,53787741,2618,160.285706,39,-367.141,131.559,255,8,1,
1778399116214451,53797716,2628,160.897964,38,-359.076,124.356,255,8,1,
1778399116214916,53807666,2637,161.448990,38,-360.255,120.897,255,8,1,
1778399116215392,53817646,2647,162.061218,38,-361.527,117.040,255,8,1,
1778399116215805,53827597,2656,162.612244,38,-362.636,113.558,255,8,1,
1778399116233746,53837576,2666,163.224487,39,-373.403,112.563,255,8,1,
1778399116237377,53847528,2675,163.775513,39,-374.468,108.967,255,8,1,
1778399116247890,53857499,2684,164.326538,38,-365.870,102.659,255,8,1,
1778399116294512,53867453,2694,164.938782,38,-366.947,98.743,255,8,1,
1778399116294935,53877435,2703,165.489792,38,-367.879,95.210,255,8,1,
1778399116295318,53887387,2712,166.040817,38,-368.778,91.668,255,8,1,
1778399116295707,53897372,2722,166.653061,38,-369.736,87.722,255,8,1,
1778399116296132,53907320,2731,167.204086,38,-370.563,84.162,255,8,1,
1778399116351253,53917299,2740,167.755112,38,-371.355,80.594,255,8,1,
1778399116351758,53927251,2750,168.367340,38,-372.195,76.622,255,8,1,
1778399116352091,53937230,2759,168.918365,38,-372.915,73.039,255,8,1,
1778399116352482,53947184,2768,169.469391,38,-373.600,69.449,255,8,1,
1778399116352852,53957165,2778,170.081635,38,-374.321,65.453,255,8,1,
1778399116368137,53967116,2787,170.632660,38,-374.933,61.850,255,8,1,
1778399116368667,53977091,2796,171.183670,38,-375.510,58.242,255,8,1,
1778399116375506,53987043,2805,171.734695,38,-376.053,54.628,255,8,1,
1778399116387381,53997023,2815,172.346939,38,-376.615,50.606,255,8,1,
1778399116393978,54006969,2824,172.897964,38,-377.084,46.982,255,8,1,
1778399116444502,54016949,2833,173.448990,38,-377.519,43.353,255,8,1,
1778399116445059,54026901,2842,174.000000,38,-377.918,39.721,255,8,1,
1778399116445475,54036876,2852,174.612244,38,-378.321,35.680,255,8,1,
1778399116445851,54046830,2861,175.163269,38,-378.647,32.040,255,8,1,
1778399116446322,54056812,2870,175.714279,38,-378.937,28.397,255,8,1,
1778399116502243,54066765,2880,176.326538,33,-329.322,21.143,255,8,1,
1778399116502784,54076743,2889,176.877548,32,-319.525,17.430,255,8,1,
1778399116503381,54086693,2898,177.428574,32,-319.678,14.357,255,8,1,
1778399116503860,54096668,2907,177.979584,33,-329.795,11.634,255,8,1,
1778399116504412,54106622,2917,178.591843,32,-319.903,7.864,255,8,1,
1778399116504833,54116596,2926,179.142853,33,-329.963,4.937,255,8,1,
1778399116522313,54126554,2935,179.693878,33,-329.995,1.763,255,8,1,
1778399116522981,54136528,2944,180.244904,32,-319.997,-1.368,255,8,1,
1778399116574033,54146483,2954,180.857147,32,-319.964,-4.787,255,8,1,
1778399116574577,54156460,2963,181.408157,32,-319.903,-7.864,255,8,1,
1778399116574970,54166405,2972,181.959198,33,-329.807,-11.282,255,8,1,
1778399116575348,54176387,2981,182.510208,33,-329.683,-14.453,255,8,1,
1778399116575661,54186341,2991,183.122452,33,-329.510,-17.975,255,8,1,
1778399116626942,54196318,3000,183.673462,33,-329.322,-21.143,255,8,1,
1778399116627438,54206271,3009,184.224472,32,-319.131,-23.573,255,8,1,
1778399116627813,54216245,3018,184.775513,32,-318.889,-26.641,255,8,1,
1778399116628262,54226196,3028,185.387756,32,-318.586,-30.047,255,8,1,
1778399116628638,54236168,3037,185.938782,33,-328.229,-34.144,255,8,1,
1778399116645338,54246122,3046,186.489792,33,-327.885,-37.299,255,8,1,
1778399116645785,54256099,3056,187.102036,32,-317.545,-39.564,255,8,1,
1778399116693567,54266049,3065,187.653076,32,-317.150,-42.616,255,8,1,
1778399116694237,54276022,3074,188.204086,32,-316.725,-45.664,255,8,1,
1778399116694653,54285972,3084,188.816330,32,-316.219,-49.046,255,8,1,
1778399116695095,54295943,3093,189.367340,33,-325.599,-53.712,255,8,1,
1778399116695603,54305905,3102,189.918365,33,-325.068,-56.841,255,8,1,
1778399116711715,54315878,3111,190.469391,32,-314.673,-58.147,255,8,1,
1778399116712232,54325833,3120,191.020401,32,-314.099,-61.171,255,8,1,
1778399116724023,54335811,3130,191.632660,33,-323.222,-66.540,255,8,1,
1778399116768969,54345758,3139,192.183670,33,-322.567,-69.645,255,8,1,
1778399116769513,54355733,3148,192.734695,33,-321.882,-72.744,255,8,1,
1778399116770003,54365685,3158,193.346924,32,-311.357,-73.871,255,8,1,
1778399116770465,54375661,3167,193.897964,33,-320.339,-79.264,255,8,1,
1778399116770937,54385619,3176,194.448975,32,-309.878,-79.846,255,8,1,
1778399116786593,54395599,3185,195.000000,31,-299.437,-80.234,255,8,1,
1778399116831268,54405554,3195,195.612244,32,-308.194,-86.120,255,8,1,
1778399116831759,54415534,3204,196.163269,32,-307.351,-89.080,255,8,1,
1778399116832374,54425485,3213,196.714279,32,-306.480,-92.032,255,8,1,
1778399116832896,54435464,3223,197.326538,32,-305.479,-95.301,255,8,1,
1778399116833383,54445416,3232,197.877548,34,-323.583,-104.374,255,8,1,
1778399116850087,54455394,3241,198.428574,37,-351.026,-116.965,255,8,1,
1778399116850624,54465349,3250,198.979584,38,-359.341,-123.588,255,8,1,
1778399116905306,54475324,3260,199.591843,38,-358.000,-127.421,255,8,1,
1778399116905742,54485278,3269,200.142853,39,-366.146,-134.301,255,8,1,
1778399116906135,54495255,3278,200.693893,38,-355.483,-134.283,255,8,1,
1778399116906491,54505197,3287,201.244904,38,-354.175,-137.695,255,8,1,
1778399116906871,54515180,3297,201.857147,38,-352.684,-141.472,255,8,1,
1778399116958906,54525121,3306,202.408157,37,-342.062,-141.045,255,8,1,
1778399116959459,54535097,3315,202.959198,37,-340.690,-144.328,255,8,1,
1778399116959900,54545038,3324,203.510208,36,-330.116,-143.608,255,8,1,
1778399116960485,54555013,3334,204.122452,38,-346.816,-155.301,255,8,1,
1778399116960936,54564957,3343,204.673462,39,-354.394,-162.804,255,8,1,
1778399116961349,54574933,3352,205.224487,38,-343.765,-161.943,255,8,1,
1778399116978253,54584870,3361,205.775513,37,-333.187,-160.893,255,8,1,
1778399116978837,54594856,3370,206.326523,39,-349.550,-172.960,255,8,1,
1778399117023847,54604800,3379,206.877563,39,-347.870,-176.313,255,8,1,
1778399117024441,54614778,3388,207.428574,37,-328.407,-170.438,255,8,1,
1778399117024843,54624726,3398,208.040817,39,-344.219,-183.339,255,8,1,
1778399117025262,54634701,3407,208.591827,39,-342.440,-186.641,255,8,1,
1778399117042628,54644650,3416,209.142868,39,-340.629,-189.926,255,8,1,
1778399117043082,54654621,3425,209.693878,39,-338.787,-193.193,255,8,1,
1778399117098822,54664573,3434,210.244888,39,-336.913,-196.442,255,8,1,
1778399117099825,54674551,3443,210.795929,38,-326.419,-194.553,255,8,1,
1778399117100614,54684498,3452,211.346939,39,-333.073,-202.885,255,8,1,
1778399117101179,54694472,3461,211.897964,39,-331.106,-206.079,255,8,1,
1778399117101637,54704425,3470,212.448975,39,-329.109,-209.254,255,8,1,
1778399117102023,54714406,3479,212.999985,39,-327.082,-212.409,255,8,1,
1778399117119608,54724361,3488,213.551025,39,-325.024,-215.545,255,8,1,
1778399117120325,54734339,3498,214.163269,39,-322.702,-219.006,255,8,1,
1778399117165826,54744292,3507,214.714279,39,-320.581,-222.099,255,8,1,
1778399117166333,54754266,3516,215.265305,39,-318.430,-225.172,255,8,1,
1778399117166870,54764210,3525,215.816330,39,-316.250,-228.224,255,8,1,
1778399117167268,54774187,3534,216.367340,39,-314.040,-231.254,255,8,1,
1778399117167631,54784131,3543,216.918381,39,-311.802,-234.264,255,8,1,
1778399117184310,54794107,3552,217.469391,39,-309.535,-237.252,255,8,1,
1778399117240017,54804061,3562,218.081635,39,-306.982,-240.546,255,8,1,
1778399117240461,54814037,3571,218.632645,39,-304.654,-243.487,255,8,1,
1778399117240868,54823984,3580,219.183685,39,-302.299,-246.405,255,8,1,
1778399117241423,54833958,3589,219.734695,39,-299.915,-249.301,255,8,1,
1778399117241845,54843909,3598,220.285706,39,-297.504,-252.174,255,8,1,
1778399117242318,54853881,3607,220.836746,39,-295.065,-255.023,255,8,1,
1778399117256401,54863834,3616,221.387756,40,-300.101,-264.461,255,8,1,
1778399117256896,54873811,3625,221.938782,40,-297.544,-267.334,255,8,1,
1778399117304015,54883762,3634,222.489792,40,-294.959,-270.184,255,8,1,
1778399117304511,54893732,3643,223.040802,40,-292.347,-273.008,255,8,1,
1778399117304901,54903688,3652,223.591843,40,-289.708,-275.807,255,8,1,
1778399117305377,54913660,3661,224.142853,40,-287.042,-278.580,255,8,1,
1778399117305854,54923608,3670,224.693878,40,-284.350,-281.328,255,8,1,
1778399117323267,54933586,3679,225.244904,40,-281.631,-284.049,255,8,1,
1778399117325606,54943537,3688,225.795914,40,-278.886,-286.744,255,8,1,
1778399117389911,54953517,3698,226.408157,40,-275.807,-289.708,255,8,1,
1778399117390371,54963466,3706,226.897949,41,-280.153,-299.357,255,8,1,
1778399117390864,54973441,3716,227.510208,41,-276.938,-302.333,255,8,1,
1778399117391176,54983385,3725,228.061218,41,-274.018,-304.982,255,8,1,
1778399117391473,54993359,3734,228.612244,41,-271.072,-307.603,255,8,1,
1778399117391765,55003308,3743,229.163254,41,-268.101,-310.196,255,8,1,
1778399117407661,55013287,3752,229.714294,41,-265.106,-312.760,255,8,1,
1778399117408262,55023237,3761,230.265305,42,-268.478,-322.985,255,8,1,
1778399117414859,55033209,3770,230.816315,41,-259.042,-317.801,255,8,1,
1778399117428164,55043155,3779,231.367355,42,-262.216,-328.089,255,8,1,
1778399117476503,55053131,3788,231.918365,41,-252.881,-322.724,255,8,1,
1778399117477098,55063082,3797,232.469391,41,-249.766,-325.141,255,8,1,
1778399117477851,55073056,3806,233.020401,40,-240.612,-319.540,255,8,1,
1778399117478401,55083005,3815,233.571442,40,-237.528,-321.839,255,8,1,
1778399117478954,55092978,3824,234.122452,40,-234.422,-324.109,255,8,1,
1778399117497152,55102927,3833,234.673462,39,-225.512,-318.189,255,8,1,
1778399117498050,55112905,3842,235.224487,39,-222.441,-320.343,255,8,1,
1778399117552995,55122852,3851,235.775513,39,-219.350,-322.468,255,8,1,
1778399117553770,55132824,3860,236.326538,39,-216.239,-324.562,255,8,1,
1778399117554281,55142780,3869,236.877548,39,-213.108,-326.627,255,8,1,
1778399117554718,55152761,3879,237.489807,39,-209.605,-328.885,255,8,1,
1778399117555218,55162711,3888,238.040817,39,-206.433,-330.886,255,8,1,
1778399117555703,55172690,3897,238.591843,39,-203.241,-332.856,255,8,1,
1778399117575191,55182643,3906,239.142853,39,-200.031,-334.795,255,8,1,
1778399117575874,55192620,3915,239.693878,38,-191.756,-328.070,255,8,1,
1778399117628746,55202566,3924,240.244904,38,-188.592,-329.899,255,8,1,
1778399117629728,55212543,3934,240.857132,38,-185.056,-331.895,255,8,1,
1778399117630352,55222496,3943,241.408173,38,-181.855,-333.659,255,8,1,
1778399117630859,55232477,3952,241.959183,38,-178.638,-335.393,255,8,1,
1778399117631557,55242425,3961,242.510208,38,-175.404,-337.095,255,8,1,
1778399117632740,55252400,3970,243.061218,38,-172.155,-338.767,255,8,1,
1778399117650586,55262351,3980,243.673477,38,-168.525,-340.587,255,8,1,
1778399117656933,55272329,3989,244.224487,38,-165.242,-342.192,255,8,1,
1778399117716793,55282278,3998,244.775513,38,-161.943,-343.765,255,8,1,
1778399117717370,55292258,4007,245.326538,38,-158.630,-345.307,255,8,1,
1778399117717894,55302210,4016,245.877548,37,-151.215,-337.689,255,8,1,
1778399117718453,55312184,4026,246.489792,37,-147.598,-339.286,255,8,1,
1778399117719016,55322129,4035,247.040802,37,-144.328,-340.690,255,8,1,
1778399117719543,55332105,4044,247.591843,37,-141.045,-342.062,255,8,1,
1778399117739454,55342053,4053,248.142853,37,-137.749,-343.403,255,8,1,
1778399117740153,55352034,4062,248.693878,37,-134.440,-344.711,255,8,1,
1778399117741784,55361983,4071,249.244888,37,-131.119,-345.988,255,8,1,
1778399117812285,55371956,4080,249.795929,37,-127.785,-347.233,255,8,1,
1778399117812834,55381904,4090,250.408157,37,-124.067,-348.579,255,8,1,
1778399117813490,55391877,4099,250.959198,37,-120.709,-349.756,255,8,1,
1778399117814072,55401825,4108,251.510208,37,-117.340,-350.901,255,8,1,
1778399117814574,55411797,4117,252.061218,37,-113.960,-352.013,255,8,1,
1778399117815083,55421742,4126,252.612244,37,-110.570,-353.093,255,8,1,
1778399117815530,55431716,4136,253.224503,37,-106.790,-354.254,255,8,1,
1778399117835540,55441664,4145,253.775513,37,-103.379,-355.265,255,8,1,
1778399117836279,55451636,4154,254.326523,37,-99.957,-356.242,255,8,1,
1778399117905394,55461585,4163,254.877548,36,-93.918,-347.533,255,8,1,
1778399117906013,55471560,4172,255.428574,36,-90.571,-348.421,255,8,1,
1778399117906569,55481503,4181,255.979599,36,-87.216,-349.275,255,8,1,
1778399117907025,55491474,4190,256.530609,36,-83.853,-350.098,255,8,1,
1778399117907426,55501420,4199,257.081635,36,-80.483,-350.888,255,8,1,
1778399117907829,55511393,4208,257.632660,36,-77.104,-351.646,255,8,1,
1778399117908293,55521344,4217,258.183655,36,-73.719,-352.371,255,8,1,
1778399117926355,55531316,4226,258.734711,36,-70.327,-353.064,255,8,1,
1778399117927070,55541265,4235,259.285706,36,-66.928,-353.724,255,8,1,
1778399117935016,55551238,4244,259.836731,36,-63.523,-354.351,255,8,1,
1778399117996283,55561188,4254,260.448975,36,-59.733,-355.010,255,8,1,
1778399117996822,55571165,4263,261.000000,36,-56.316,-355.568,255,8,1,
1778399117997285,55581107,4272,261.551025,36,-52.894,-356.093,255,8,1,
1778399117997718,55591082,4281,262.102020,36,-49.467,-356.585,255,8,1,
1778399117998250,55601032,4290,262.653076,36,-46.036,-357.044,255,8,1,
1778399117998707,55611002,4299,263.204071,36,-42.600,-357.471,255,8,1,
1778399117999392,55620949,4308,263.755096,36,-39.160,-357.864,255,8,1,
1778399118019662,55630916,4317,264.306122,36,-35.717,-358.224,255,8,1,
1778399118020246,55640860,4326,264.857147,36,-32.270,-358.551,255,8,1,
1778399118086269,55650831,4335,265.408173,36,-28.820,-358.845,255,8,1,
1778399118086942,55660770,4344,265.959167,36,-25.368,-359.105,255,8,1,
1778399118087483,55670744,4353,266.510223,36,-21.913,-359.332,255,8,1,
1778399118087995,55680690,4362,267.061218,36,-18.457,-359.527,255,8,1,
1778399118088457,55690659,4371,267.612244,36,-14.998,-359.687,255,8,1,
1778399118088942,55700599,4380,268.163269,36,-11.539,-359.815,255,8,1,
1778399118089396,55710568,4389,268.714264,34,-7.629,-339.914,255,8,1,
1778399118107413,55720510,4398,269.265320,30,-3.847,-299.975,255,8,1,
1778399118108375,55730482,4407,269.816315,30,-0.962,-299.998,255,8,1,
1778399118173782,55740427,4416,270.367371,30,1.924,-299.994,255,8,1,
1778399118174341,55750393,4426,270.979584,30,5.129,-299.956,255,8,1,
1778399118174968,55760342,4435,271.530609,30,8.013,-299.893,255,8,1,
1778399118175374,55770313,4444,272.081635,30,10.897,-299.802,255,8,1,
1778399118175860,55780268,4453,272.632660,30,13.780,-299.683,255,8,1,
1778399118176384,55790241,4462,273.183685,30,16.661,-299.537,255,8,1,
1778399118177753,55800185,4471,273.734680,29,18.890,-289.384,255,8,1,
1778399118195586,55810158,4480,274.285706,30,22.419,-299.161,255,8,1,
1778399118199636,55820102,4489,274.836731,30,25.295,-298.932,255,8,1,
1778399118207481,55830073,4498,275.387756,30,28.169,-298.675,255,8,1,
1778399118261121,55840018,4507,275.938782,30,31.040,-298.390,255,8,1,
1778399118261703,55849990,4516,276.489777,30,33.908,-298.078,255,8,1,
1778399118262228,55859940,4525,277.040833,30,36.773,-297.738,255,8,1,
1778399118262678,55869911,4534,277.591827,30,39.635,-297.370,255,8,1,
1778399118263222,55879861,4543,278.142853,30,42.492,-296.975,255,8,1,
1778399118280825,55889841,4552,278.693878,30,45.347,-296.553,255,8,1,
1778399118281377,55899791,4562,279.306122,30,48.513,-296.052,255,8,1,
1778399118331442,55909772,4571,279.857147,30,51.358,-295.571,255,8,1,
1778399118331996,55919728,4580,280.408173,30,54.198,-295.064,255,8,1,
1778399118332444,55929704,4589,280.959198,30,57.033,-294.529,255,8,1,
1778399118332895,55939651,4598,281.510193,30,59.863,-293.967,255,8,1,
1778399118333371,55949623,4607,282.061218,30,62.687,-293.377,255,8,1,
1778399118350848,55959578,4616,282.612244,30,65.506,-292.761,255,8,1,
1778399118351445,55969555,4625,283.163269,30,68.318,-292.118,255,8,1,
1778399118358589,55979506,4634,283.714294,30,71.124,-291.447,255,8,1,
1778399118410870,55989482,4643,284.265289,30,73.924,-290.750,255,8,1,
1778399118411339,55999437,4652,284.816315,30,76.716,-290.025,255,8,1,
1778399118411822,56009413,4661,285.367340,30,79.502,-289.274,255,8,1,
1778399118412194,56019362,4670,285.918365,30,82.280,-288.496,255,8,1,
1778399118412554,56029336,4679,286.469391,29,82.216,-278.102,255,8,1,
1778399118429823,56039289,4688,287.020416,29,84.887,-277.298,255,8,1,
1778399118430597,56049259,4697,287.571442,29,87.549,-276.469,255,8,1,
1778399118438445,56059218,4706,288.122437,29,90.204,-275.614,255,8,1,
1778399118450630,56069190,4715,288.673462,30,96.052,-284.208,255,8,1,
1778399118500721,56079143,4724,289.224487,30,98.781,-283.271,255,8,1,
1778399118501221,56089119,4734,289.836731,31,105.196,-291.606,255,8,1,
1778399118501656,56099061,4742,290.326538,30,104.211,-281.318,255,8,1,
1778399118502090,56109031,4752,290.938782,29,103.637,-270.849,255,8,1,
1778399118502453,56118990,4761,291.489807,30,109.901,-279.145,255,8,1,
1778399118518465,56128963,4770,292.040802,31,116.333,-287.344,255,8,1,
1778399118518870,56138919,4779,292.591827,30,115.249,-276.980,255,8,1,
1778399118525963,56148895,4788,293.142853,30,117.907,-275.858,255,8,1,
1778399118537523,56158842,4797,293.693878,30,120.555,-274.712,255,8,1,
1778399118544502,56168823,4806,294.244904,30,123.191,-273.540,255,8,1,
1778399118594045,56178772,4815,294.795929,30,125.816,-272.342,255,8,1,
1778399118594717,56188750,4824,295.346954,30,128.430,-271.120,255,8,1,
1778399118595297,56198700,4833,295.897949,30,131.031,-269.872,255,8,1,
1778399118595751,56208676,4842,296.448975,30,133.620,-268.599,255,8,1,
1778399118596104,56218625,4851,297.000000,30,136.197,-267.302,255,8,1,
1778399118650239,56228601,4860,297.551025,31,143.387,-274.846,255,8,1,
1778399118650769,56238550,4869,298.102051,31,146.023,-273.454,255,8,1,
1778399118651325,56248527,4878,298.653046,31,148.646,-272.037,255,8,1,
1778399118651684,56258480,4887,299.204071,31,151.256,-270.595,255,8,1,
1778399118652151,56268453,4896,299.755096,31,153.851,-269.128,255,8,1,
1778399118653387,56278407,4905,300.306122,31,156.432,-267.636,255,8,1,
1778399118668983,56288386,4914,300.857147,31,158.999,-266.119,255,8,1,
1778399118675917,56298336,4923,301.408142,31,161.551,-264.578,255,8,1,
1778399118688715,56308303,4932,301.959198,31,164.088,-263.012,255,8,1,
1778399118734005,56318254,4941,302.510193,31,166.609,-261.422,255,8,1,
1778399118734617,56328228,4950,303.061218,31,169.116,-259.807,255,8,1,
1778399118735184,56338182,4959,303.612244,31,171.607,-258.169,255,8,1,
1778399118735758,56348157,4968,304.163269,31,174.081,-256.507,255,8,1,
1778399118736290,56358101,4977,304.714294,31,176.540,-254.821,255,8,1,
1778399118752920,56368073,4986,305.265289,31,178.983,-253.111,255,8,1,
1778399118753464,56378021,4995,305.816345,31,181.409,-251.378,255,8,1,
1778399118795929,56387996,5004,306.367340,32,189.747,-257.674,255,8,1,
1778399118796486,56397943,5013,306.918365,32,192.216,-255.837,255,8,1,
1778399118797120,56407918,5022,307.469391,32,194.668,-253.977,255,8,1,
1778399118797803,56417869,5031,308.020386,32,197.101,-252.093,255,8,1,
1778399118814248,56427845,5040,308.571442,32,199.517,-250.186,255,8,1,
1778399118814721,56437791,5049,309.122437,32,201.913,-248.256,255,8,1,
1778399118827220,56447770,5058,309.673462,32,204.292,-246.303,255,8,1,
1778399118869263,56457727,5067,310.224487,33,213.109,-251.962,255,8,1,
1778399118869680,56467705,5076,310.775513,32,208.991,-242.328,255,8,1,
1778399118870106,56477660,5085,311.326538,32,211.312,-240.307,255,8,1,
1778399118870483,56487640,5094,311.877533,32,213.613,-238.263,255,8,1,
1778399118871430,56497592,5103,312.428589,32,215.895,-236.198,255,8,1,
1778399118887106,56507562,5112,312.979584,33,224.973,-241.427,255,8,1,
1778399118932835,56517516,5121,313.530609,33,227.285,-239.252,255,8,1,
1778399118933278,56527493,5130,314.081635,33,229.575,-237.055,255,8,1,
1778399118933710,56537455,5139,314.632629,33,231.844,-234.837,255,8,1,
1778399118934139,56547430,5148,315.183685,32,226.998,-225.548,255,8,1,
1778399118934714,56557382,5157,315.734680,33,236.318,-230.334,255,8,1,
1778399118950542,56567354,5166,316.285736,33,238.522,-228.051,255,8,1,
1778399118950960,56577310,5175,316.836731,33,240.704,-225.746,255,8,1,
1778399118967469,56587287,5184,317.387756,33,242.864,-223.421,255,8,1,
1778399119015468,56597238,5193,317.938782,34,252.426,-227.774,255,8,1,
1778399119016074,56607209,5202,318.489777,34,254.605,-225.336,255,8,1,
1778399119016483,56617159,5211,319.040833,34,256.760,-222.877,255,8,1,
1778399119016855,56627129,5220,319.591827,34,258.892,-220.398,255,8,1,
1778399119017292,56637085,5229,320.142853,33,253.323,-211.489,255,8,1,
1778399119034420,56647059,5238,320.693878,33,255.345,-209.043,255,8,1,
1778399119034819,56657007,5247,321.244904,33,257.344,-206.578,255,8,1,
1778399119078533,56666988,5256,321.795929,33,259.318,-204.093,255,8,1,
1778399119079037,56676942,5265,322.346924,33,261.269,-201.590,255,8,1,
1778399119079515,56686914,5274,322.897980,33,263.196,-199.068,255,8,1,
1778399119079988,56696866,5283,323.448975,33,265.098,-196.528,255,8,1,
1778399119080453,56706849,5292,324.000000,32,258.885,-188.091,255,8,1,
1778399119096736,56716803,5301,324.551025,32,260.682,-185.593,255,8,1,
1778399119103810,56726782,5310,325.102051,32,262.455,-183.077,255,8,1,
1778399119153943,56736731,5319,325.653076,32,264.204,-180.545,255,8,1,
1778399119154736,56746706,5328,326.204071,32,265.928,-177.996,255,8,1,
1778399119155188,56756656,5336,326.693878,32,267.440,-175.716,255,8,1,
1778399119155603,56766640,5346,327.306122,32,269.302,-172.848,255,8,1,
1778399119156007,56776590,5354,327.795929,31,262.308,-165.210,255,8,1,
1778399119216739,56786574,5364,328.408173,31,264.059,-162.398,255,8,1,
1778399119217308,56796530,5372,328.897949,32,274.000,-165.300,255,8,1,
1778399119217765,56806502,5382,329.510223,31,267.133,-157.289,255,8,1,
1778399119218231,56816456,5390,330.000000,31,268.468,-155.000,255,8,1,
1778399119218711,56826431,5400,330.612244,31,270.109,-152.122,255,8,1,
1778399119219165,56836377,5408,331.102020,31,271.399,-149.808,255,8,1,
1778399119219731,56846353,5417,331.653076,30,264.027,-142.443,255,8,1,
1778399119237385,56856300,5426,332.204071,30,265.384,-139.897,255,8,1,
1778399119238283,56866281,5435,332.755096,31,275.608,-141.916,255,8,1,
1778399119299363,56876236,5444,333.306122,31,276.960,-139.259,255,8,1,
1778399119300038,56886215,5453,333.857147,30,269.309,-132.183,255,8,1,
1778399119300553,56896166,5462,334.408173,30,270.568,-129.587,255,8,1,
1778399119301078,56906146,5471,334.959167,30,271.802,-126.979,255,8,1,
1778399119301597,56916097,5480,335.510223,30,273.011,-124.359,255,8,1,
1778399119302193,56926079,5489,336.061218,30,274.194,-121.728,255,8,1,
1778399119319723,56936029,5498,336.612244,30,275.352,-119.086,255,8,1,
1778399119320251,56946008,5507,337.163269,30,276.484,-116.432,255,8,1,
1778399119373311,56955957,5516,337.714264,29,268.338,-109.975,255,8,1,
1778399119373774,56965933,5525,338.265320,30,278.673,-111.093,255,8,1,
1778399119374262,56975886,5534,338.816315,30,279.728,-108.408,255,8,1,
1778399119374647,56985857,5543,339.367340,30,280.758,-105.713,255,8,1,
1778399119375207,56995804,5552,339.918365,29,272.369,-99.574,255,8,1,
1778399119376851,57005770,5560,340.408173,29,273.211,-97.242,255,8,1,
1778399119394190,57015719,5570,341.020416,29,274.234,-94.317,255,8,1,
1778399119396595,57025680,5578,341.510193,29,275.030,-91.969,255,8,1,
1778399119444773,57035626,5587,342.061218,29,275.902,-89.320,255,8,1,
1778399119445401,57045608,5596,342.612244,30,286.291,-89.651,255,8,1,
1778399119445933,57055556,5605,343.163269,29,277.569,-83.997,255,8,1,
1778399119446398,57065527,5614,343.714294,28,268.765,-78.520,255,8,1,
1778399119446797,57075470,5623,344.265289,29,279.133,-78.643,255,8,1,
1778399119465121,57085450,5632,344.816345,29,279.876,-75.955,255,8,1,
1778399119466027,57095391,5641,345.367340,28,270.918,-70.734,255,8,1,
1778399119479543,57105359,5650,345.918365,29,281.286,-70.558,255,8,1,
1778399119536107,57115306,5659,346.469391,29,281.951,-67.850,255,8,1,
1778399119536676,57125278,5667,346.959198,29,282.521,-65.437,255,8,1,
1778399119537226,57135227,5676,347.510193,28,273.374,-60.554,255,8,1,
1778399119537662,57145193,5685,348.061218,28,273.943,-57.923,255,8,1,
1778399119538072,57155147,5694,348.612244,29,284.291,-57.260,255,8,1,
1778399119538534,57165121,5703,349.163269,29,284.828,-54.523,255,8,1,
1778399119555876,57175063,5712,349.714294,29,285.340,-51.781,255,8,1,
1778399119556415,57185036,5721,350.265289,29,285.824,-49.035,255,8,1,
1778399119565089,57194979,5730,350.816345,29,286.283,-46.284,255,8,1,
1778399119579269,57204957,5739,351.367340,29,286.715,-43.529,255,8,1,
1778399119631934,57214901,5748,351.918365,28,277.219,-39.363,255,8,1,
1778399119632460,57224873,5756,352.408173,28,277.546,-36.992,255,8,1,
1778399119632892,57234829,5765,352.959167,29,287.813,-35.547,255,8,1,
1778399119633348,57244803,5774,353.510223,29,288.142,-32.778,255,8,1,
1778399119633778,57254748,5783,354.061218,29,288.444,-30.005,255,8,1,
1778399119634421,57264721,5792,354.612244,28,278.763,-26.291,255,8,1,
1778399119652089,57274667,5801,355.163269,28,279.003,-23.609,255,8,1,
1778399119659644,57284640,5810,355.714294,28,279.217,-20.924,255,8,1,
1778399119714995,57294592,5818,356.204071,28,279.386,-18.537,255,8,1,
1778399119715808,57304568,5827,356.755096,28,279.551,-15.849,255,8,1,
1778399119716420,57314520,5836,357.306122,28,279.691,-13.160,255,8,1,
1778399119716985,57324496,5845,357.857147,28,279.804,-10.470,255,8,1,
1778399119717448,57334447,5854,358.408173,28,279.892,-7.778,255,8,1,
1778399119717922,57344422,5863,358.959167,28,279.954,-5.086,255,8,1,
1778399119738250,57354373,5872,359.510193,29,289.989,-2.479,255,8,1,
1778399119738800,57364351,1,0.061224,28,280.000,0.299,255,8,1,
1778399119793778,57374299,9,0.551020,28,279.987,2.693,255,8,1,
1778399119794415,57384281,18,1.102041,28,279.948,5.385,255,8,1,
1778399119795226,57394238,27,1.653061,28,279.883,8.077,255,8,1,
1778399119795757,57404220,36,2.204082,28,279.793,10.769,255,8,1,
1778399119796329,57414176,45,2.755102,28,279.676,13.459,255,8,1,
1778399119796924,57424155,54,3.306122,28,279.534,16.148,255,8,1,
1778399119817635,57434110,63,3.857143,28,279.366,18.835,255,8,1,
1778399119818228,57444089,72,4.408163,28,279.172,21.521,255,8,1,
1778399119875324,57464023,89,5.448980,28,278.735,26.589,255,8,1,
1778399119875968,57473978,98,6.000000,28,278.466,29.268,255,8,1,
1778399119876600,57483954,107,6.551021,28,278.172,31.945,255,8,1,
1778399119877246,57493909,116,7.102041,28,277.852,34.618,255,8,1,
1778399119877868,57503882,125,7.653061,28,277.506,37.289,255,8,1,
1778399119898333,57513840,134,8.204082,28,277.134,39.956,255,8,1,
1778399119898958,57523819,143,8.755102,28,276.737,42.619,255,8,1,
1778399119959021,57533768,152,9.306123,28,276.315,45.279,255,8,1,
1778399119959553,57543748,160,9.795918,28,275.918,47.639,255,8,1,
1778399119960110,57553699,169,10.346938,28,275.447,50.290,255,8,1,
1778399119960652,57563676,178,10.897960,28,274.950,52.937,255,8,1,
1778399119961128,57573627,187,11.448979,28,274.429,55.579,255,8,1,
1778399119961560,57583600,196,12.000001,28,273.881,58.215,255,8,1,
1778399119961994,57593548,204,12.489796,28,273.374,60.554,255,8,1,
1778399119981612,57603528,213,13.040815,28,272.779,63.181,255,8,1,
1778399119982117,57613474,222,13.591837,28,272.158,65.801,255,8,1,
1778399119991210,57623451,231,14.142858,28,271.513,68.415,255,8,1,
1778399120052277,57633398,239,14.632653,28,270.918,70.734,255,8,1,
1778399120052974,57643372,248,15.183674,28,270.226,73.336,255,8,1,
1778399120053403,57653318,256,15.673470,28,269.589,75.643,255,8,1,
1778399120228510,57822738,250,15.306122,28,270.068,73.913,255,8,1,
1778399120229007,57862583,236,14.448979,28,271.144,69.865,255,8,1,
1778399120369649,57972144,188,11.510203,28,274.369,55.872,255,8,1,
1778399120370045,57982123,183,11.204082,28,274.664,54.405,255,8,1,
1778399120427989,58021968,164,10.040816,28,275.711,48.818,255,8,1,
1778399120507782,58111610,117,7.163265,28,277.815,34.915,255,8,1,
1778399120570033,58161428,89,5.448980,28,278.735,26.589,255,8,1,
1778399120587540,58211233,60,3.673469,28,279.425,17.940,255,8,1,
1778399120588021,58221211,54,3.306122,28,279.534,16.148,255,8,1,
1778399120604029,58231160,48,2.938775,28,279.632,14.355,255,8,1,
1778399120605693,58241139,42,2.571429,28,279.718,12.562,255,8,1,
1778399120649520,58271004,24,1.469388,28,279.908,7.180,255,8,1,
1778399120650101,58280978,17,1.040816,28,279.954,5.086,255,8,1,
1778399120725252,58350700,5852,358.285706,28,279.875,-8.376,255,8,1,
1778399120725722,58360676,5845,357.857147,28,279.804,-10.470,255,8,1,
1778399120738372,58370629,5839,357.489807,28,279.731,-12.263,255,8,1,
1778399120744290,58380610,5832,357.061218,28,279.632,-14.355,255,8,1,
1778399120794900,58390563,5825,356.632660,28,279.517,-16.446,255,8,1,
1778399120795459,58410488,5811,355.775513,28,279.239,-20.626,255,8,1,
1778399120795936,58420471,5804,355.346954,28,279.077,-22.714,255,8,1,
1778399120796411,58430419,5797,354.918365,28,278.899,-24.801,255,8,1,
1778399120847061,58440390,5790,354.489807,28,278.706,-26.886,255,8,1,
1778399120847723,58450339,5783,354.061218,28,278.497,-28.970,255,8,1,
1778399120848206,58470269,5769,353.204071,28,278.033,-33.133,255,8,1,
1778399120848573,58480246,5762,352.775513,28,277.777,-35.212,255,8,1,
1778399120864977,58490196,5754,352.285706,28,277.466,-37.585,255,8,1,
1778399120865618,58500172,5747,351.857147,28,277.177,-39.660,255,8,1,
1778399120878109,58510117,5740,351.428558,28,276.873,-41.732,255,8,1,
1778399120884427,58520098,5732,350.938782,28,276.506,-44.097,255,8,1,
1778399120931059,58530048,5724,350.448975,29,285.980,-48.119,255,8,1,
1778399120931640,58540022,5717,350.020416,28,275.763,-48.523,255,8,1,
1778399120932152,58549982,5709,349.530609,28,275.339,-50.879,255,8,1,
1778399120932622,58559946,5702,349.102020,28,274.950,-52.937,255,8,1,
1778399120933207,58569896,5694,348.612244,28,274.488,-55.285,255,8,1,
1778399120949024,58579877,5686,348.122437,29,283.791,-59.688,255,8,1,
1778399120991059,58589829,5678,347.632660,29,283.270,-62.112,255,8,1,
1778399120991506,58599803,5670,347.142853,29,282.729,-64.531,255,8,1,
1778399120991913,58609757,5662,346.653076,28,272.437,-64.637,255,8,1,
1778399120992276,58619729,5655,346.224487,28,271.946,-66.673,255,8,1,
1778399120992658,58629681,5646,345.673462,28,271.292,-69.285,255,8,1,
1778399121008761,58639668,5638,345.183685,29,280.358,-74.159,255,8,1,
1778399121015898,58649619,5630,344.693878,29,279.713,-76.553,255,8,1,
1778399121028524,58659597,5622,344.204071,29,279.049,-78.941,255,8,1,
1778399121072460,58669544,5614,343.714294,29,278.364,-81.324,255,8,1,
1778399121072869,58679528,5606,343.224487,29,277.658,-83.701,255,8,1,
1778399121073251,58689482,5597,342.673462,29,276.841,-86.367,255,8,1,
1778399121073653,58699459,5589,342.183685,29,276.092,-88.730,255,8,1,
1778399121074039,58709409,5580,341.632660,29,275.226,-91.381,255,8,1,
1778399121130930,58719388,5572,341.142853,28,264.972,-90.499,255,8,1,
1778399121131609,58729340,5564,340.653046,29,273.624,-96.073,255,8,1,
1778399121132346,58739316,5555,340.102051,29,272.687,-98.700,255,8,1,
1778399121132782,58749273,5546,339.551025,29,271.725,-101.318,255,8,1,
1778399121133230,58759246,5538,339.061218,29,270.849,-103.637,255,8,1,
1778399121133600,58769206,5529,338.510193,30,279.145,-109.901,255,8,1,
1778399121149512,58779182,5520,337.959198,30,278.075,-112.580,255,8,1,
1778399121150626,58789137,5511,337.408173,30,276.980,-115.249,255,8,1,
1778399121167437,58799116,5502,336.857147,30,275.858,-117.907,255,8,1,
1778399121210354,58809069,5493,336.306122,30,274.712,-120.555,255,8,1,
1778399121210779,58819041,5484,335.755096,30,273.540,-123.191,255,8,1,
1778399121211216,58828991,5475,335.204071,30,272.342,-125.816,255,8,1,
1778399121211601,58838961,5466,334.653046,29,262.082,-124.149,255,8,1,
1778399121211945,58848916,5457,334.102051,30,269.872,-131.031,255,8,1,
1778399121227852,58858893,5448,333.551025,30,268.599,-133.620,255,8,1,
1778399121229889,58868837,5439,333.000000,31,276.212,-140.737,255,8,1,
1778399121274404,58878810,5430,332.448975,31,274.846,-143.387,255,8,1,
1778399121274883,58888753,5420,331.836731,30,264.482,-141.596,255,8,1,
1778399121275311,58898729,5411,331.285706,30,263.108,-144.133,255,8,1,
1778399121275719,58908680,5401,330.673492,30,261.553,-146.936,255,8,1,
1778399121291627,58918653,5392,330.122437,30,260.128,-149.444,255,8,1,
1778399121292190,58928596,5382,329.510223,31,267.133,-157.289,255,8,1,
1778399121299344,58938567,5373,328.959167,31,265.608,-159.851,255,8,1,
1778399121347746,58948512,5363,328.346924,31,263.885,-162.680,255,8,1,
1778399121348253,58958482,5354,327.795929,31,262.308,-165.210,255,8,1,
1778399121348679,58968429,5344,327.183655,31,260.528,-168.004,255,8,1,
1778399121349090,58978398,5334,326.571442,32,267.063,-176.287,255,8,1,
1778399121349500,58988345,5324,325.959198,32,265.165,-179.131,255,8,1,
1778399121366581,58998307,5314,325.346924,32,263.235,-181.954,255,8,1,
1778399121411710,59008254,5304,324.734711,32,261.276,-184.756,255,8,1,
1778399121412226,59018229,5295,324.183655,32,259.487,-187.260,255,8,1,
1778399121412684,59028180,5285,323.571442,33,265.517,-195.961,255,8,1,
1778399121413431,59038149,5275,322.959198,33,263.408,-198.787,255,8,1,
1778399121413885,59048094,5265,322.346924,33,261.269,-201.590,255,8,1,
1778399121430824,59058075,5255,321.734680,33,259.100,-204.370,255,8,1,
1778399121431387,59068027,5245,321.122467,33,256.901,-207.127,255,8,1,
1778399121438200,59078001,5235,320.510193,33,254.673,-209.861,255,8,1,
1778399121450625,59087959,5226,319.959198,33,252.644,-212.300,255,8,1,
1778399121497284,59097931,5216,319.346924,33,250.360,-214.988,255,8,1,
1778399121497924,59107881,5206,318.734680,33,248.049,-217.650,255,8,1,
1778399121498566,59117855,5196,318.122467,32,238.263,-213.613,255,8,1,
1778399121499133,59127808,5186,317.510193,33,243.341,-222.901,255,8,1,
1778399121499602,59137786,5176,316.897949,33,240.945,-225.489,255,8,1,
1778399121516262,59147737,5166,316.285736,33,238.522,-228.051,255,8,1,
1778399121517250,59157711,5156,315.673462,34,243.226,-237.574,255,8,1,
1778399121567097,59167659,5147,315.122467,34,240.930,-239.902,255,8,1,
1778399121567737,59177636,5137,314.510193,34,238.352,-242.463,255,8,1,
1778399121568195,59187582,5127,313.897949,34,235.748,-244.996,255,8,1,
1778399121568788,59197566,5117,313.285706,33,226.260,-240.221,255,8,1,
1778399121569195,59207509,5107,312.673462,33,223.680,-242.625,255,8,1,
1778399121586096,59217480,5098,312.122437,33,221.337,-244.765,255,8,1,
1778399121586654,59227433,5088,311.510223,33,218.709,-247.116,255,8,1,
1778399121630903,59237407,5078,310.897949,32,209.508,-241.881,255,8,1,
1778399121631637,59247358,5068,310.285706,32,206.912,-244.105,255,8,1,
1778399121632089,59257331,5058,309.673462,32,204.292,-246.303,255,8,1,
1778399121632531,59267281,5048,309.061218,32,201.648,-248.471,255,8,1,
1778399121648740,59277252,5039,308.510223,33,205.476,-258.224,255,8,1,
1778399121649306,59287207,5029,307.897949,33,202.705,-260.405,255,8,1,
1778399121694254,59297179,5019,307.285706,32,193.853,-254.600,255,8,1,
1778399121694886,59307129,5009,306.673492,33,197.094,-264.677,255,8,1,
1778399121695376,59317102,5000,306.122437,32,188.644,-258.483,255,8,1,
1778399121695994,59327053,4990,305.510193,32,185.871,-260.484,255,8,1,
1778399121696436,59337028,4980,304.897949,31,177.356,-254.253,255,8,1,
1778399121713087,59346973,4970,304.285706,31,174.629,-256.134,255,8,1,
1778399121727249,59356947,4961,303.734711,32,177.711,-266.118,255,8,1,
1778399121727780,59366895,4951,303.122437,32,174.858,-268.002,255,8,1,
1778399121772315,59376862,4941,302.510193,31,166.609,-261.422,255,8,1,
1778399121772766,59386811,4932,301.959198,31,164.088,-263.012,255,8,1,
1778399121773183,59396784,4922,301.346924,32,166.470,-273.291,255,8,1,
1778399121773653,59406736,4912,300.734711,32,163.540,-275.054,255,8,1,
1778399121774883,59416706,4902,300.122437,31,155.573,-268.136,255,8,1,
1778399121792039,59426655,4892,299.510193,31,152.699,-269.783,255,8,1,
1778399121849369,59436628,4883,298.959198,31,150.098,-271.239,255,8,1,
1778399121850027,59446582,4873,298.346924,31,147.191,-272.828,255,8,1,
1778399121850422,59456553,4863,297.734680,31,144.267,-274.385,255,8,1,
1778399121850828,59466505,4853,297.122467,31,141.327,-275.911,255,8,1,
1778399121851262,59476482,4844,296.571411,31,138.667,-277.257,255,8,1,
1778399121851713,59486438,4834,295.959198,31,135.697,-278.723,255,8,1,
1778399121866913,59496416,4824,295.346954,31,132.711,-280.157,255,8,1,
1778399121867579,59506362,4815,294.795929,31,130.010,-281.420,255,8,1,
1778399121875484,59516334,4805,294.183685,31,126.996,-282.793,255,8,1,
1778399121926087,59526280,4795,293.571411,30,119.968,-274.969,255,8,1,
1778399121926738,59536259,4786,293.020416,30,117.318,-276.110,255,8,1,
1778399121927512,59546211,4776,292.408173,30,114.361,-277.348,255,8,1,
1778399121928336,59556186,4766,291.795898,30,111.390,-278.554,255,8,1,
1778399121928997,59566141,4756,291.183685,30,108.408,-279.728,255,8,1,
1778399121946458,59576114,4746,290.571442,30,105.413,-280.870,255,8,1,
1778399121946893,59586070,4737,290.020416,30,102.706,-281.871,255,8,1,
1778399121994730,59596041,4727,289.408173,31,103.012,-292.384,255,8,1,
1778399121995344,59605992,4717,288.795898,31,99.881,-293.468,255,8,1,
1778399121996060,59615966,4708,288.244904,30,93.924,-284.918,255,8,1,
1778399121996604,59625918,4698,287.632660,30,90.874,-285.905,255,8,1,
1778399121997356,59635887,4688,287.020416,30,87.814,-286.860,255,8,1,
1778399122013950,59645838,4678,286.408173,30,84.743,-287.782,255,8,1,
1778399122014408,59655813,4668,285.795929,30,81.664,-288.671,255,8,1,
1778399122082029,59665766,4659,285.244904,30,78.884,-289.443,255,8,1,
1778399122082589,59675736,4649,284.632660,30,75.786,-290.270,255,8,1,
1778399122083046,59685690,4639,284.020386,30,72.680,-291.063,255,8,1,
1778399122083441,59695662,4630,283.469391,30,69.878,-291.748,255,8,1,
1778399122083832,59705611,4620,282.857147,30,66.756,-292.478,255,8,1,
1778399122084189,59715580,4610,282.244904,30,63.627,-293.175,255,8,1,
1778399122084561,59725519,4600,281.632660,30,60.491,-293.838,255,8,1,
1778399122101100,59735496,4591,281.081635,30,57.662,-294.406,255,8,1,
1778399122101880,59745442,4581,280.469391,30,54.513,-295.006,255,8,1,
1778399122153508,59755417,4571,279.857147,30,51.358,-295.571,255,8,1,
1778399122154133,59765367,4562,279.306122,30,48.513,-296.052,255,8,1,
1778399122154678,59775346,4552,278.693878,30,45.347,-296.553,255,8,1,
1778399122155218,59785299,4542,278.081635,30,42.175,-297.021,255,8,1,
1778399122155716,59795276,4532,277.469391,30,38.999,-297.454,255,8,1,
1778399122220124,59805225,4523,276.918365,30,36.137,-297.816,255,8,1,
1778399122220679,59815198,4513,276.306122,30,32.952,-298.185,255,8,1,
1778399122221247,59825141,4504,275.755096,30,30.083,-298.488,255,8,1,
1778399122221774,59835113,4494,275.142853,30,26.892,-298.792,255,8,1,
1778399122222288,59845058,4484,274.530609,30,23.698,-299.063,255,8,1,
1778399122222820,59855032,4474,273.918365,30,20.501,-299.299,255,8,1,
1778399122223328,59864980,4465,273.367340,30,17.621,-299.482,255,8,1,
1778399122240231,59874953,4455,272.755096,30,14.420,-299.653,255,8,1,
1778399122240918,59884907,4445,272.142853,30,11.217,-299.790,255,8,1,
1778399122250676,59894883,4436,271.591827,30,8.334,-299.884,255,8,1,
1778399122313427,59904824,4426,270.979584,30,5.129,-299.956,255,8,1,
1778399122314004,59914795,4416,270.367371,30,1.924,-299.994,255,8,1,
1778399122314557,59924756,4407,269.816315,30,-0.962,-299.998,255,8,1,
1778399122315287,59934729,4397,269.204102,30,-4.167,-299.971,255,8,1,
1778399122315954,59944684,4387,268.591827,30,-7.372,-299.909,255,8,1,
1778399122316493,59954657,4378,268.040802,30,-10.256,-299.825,255,8,1,
1778399122337450,59964602,4368,267.428589,30,-13.459,-299.698,255,8,1,
1778399122338101,59974587,4358,266.816315,31,-17.217,-309.522,255,8,1,
1778399122339746,59984533,4349,266.265320,30,-19.541,-299.363,255,8,1,
1778399122399343,59994515,4339,265.653076,30,-22.739,-299.137,255,8,1,
1778399122399914,60004472,4330,265.102051,30,-25.614,-298.905,255,8,1,
1778399122400618,60014449,4320,264.489807,30,-28.807,-298.614,255,8,1,
1778399122401243,60024398,4310,263.877533,31,-33.063,-308.232,255,8,1,
1778399122401816,60034382,4300,263.265320,30,-35.182,-297.930,255,8,1,
1778399122402299,60044335,4291,262.714294,30,-38.045,-297.578,255,8,1,
1778399122420824,60054309,4281,262.102020,30,-41.223,-297.154,255,8,1,
1778399122421429,60064266,4272,261.551025,31,-45.548,-306.636,255,8,1,
1778399122429470,60074239,4262,260.938782,30,-47.247,-296.256,255,8,1,
1778399122490657,60084194,4252,260.326538,30,-50.410,-295.734,255,8,1,
1778399122491335,60094168,4243,259.775513,30,-53.252,-295.236,255,8,1,
1778399122491985,60104117,4233,259.163269,30,-56.403,-294.650,255,8,1,
1778399122492609,60114093,4224,258.612244,31,-61.209,-303.897,255,8,1,
1778399122493313,60124043,4214,258.000000,31,-64.453,-303.226,255,8,1,
1778399122493870,60134015,4204,257.387756,30,-65.506,-292.761,255,8,1,
1778399122512334,60143973,4195,256.836731,30,-68.318,-292.118,255,8,1,
1778399122512879,60153941,4185,256.224487,30,-71.436,-291.371,255,8,1,
1778399122529502,60163899,4175,255.612244,31,-77.030,-300.277,255,8,1,
1778399122530111,60173876,4166,255.061234,31,-79.914,-299.523,255,8,1,
1778399122583924,60183828,4156,254.448975,32,-85.791,-308.285,255,8,1,
1778399122584459,60193799,4147,253.897964,31,-85.978,-297.838,255,8,1,
1778399122584998,60203749,4137,253.285721,31,-89.156,-296.903,255,8,1,
1778399122585537,60213721,4127,252.673462,31,-92.323,-295.933,255,8,1,
1778399122586021,60223669,4118,252.122452,31,-95.165,-295.032,255,8,1,
1778399122587472,60233641,4108,251.510208,31,-98.312,-293.998,255,8,1,
1778399122606024,60243583,4098,250.897949,31,-101.448,-292.931,255,8,1,
1778399122607312,60253549,4089,250.346939,32,-107.624,-301.359,255,8,1,
1778399122617261,60263494,4079,249.734680,32,-110.838,-300.192,255,8,1,
1778399122681257,60273469,4070,249.183670,32,-113.719,-299.112,255,8,1,
1778399122681812,60283415,4060,248.571426,33,-120.563,-307.188,255,8,1,
1778399122682434,60293389,4050,247.959198,36,-135.096,-333.690,255,8,1,
1778399122682873,60303332,4041,247.408157,37,-142.141,-341.608,255,8,1,
1778399122683328,60313301,4032,246.857147,37,-145.419,-340.225,255,8,1,
1778399122683866,60323251,4022,246.244904,37,-149.046,-338.652,255,8,1,
1778399122704541,60333227,4012,245.632645,37,-152.657,-337.040,255,8,1,
1778399122705146,60343175,4003,245.081635,37,-155.891,-335.556,255,8,1,
1778399122706411,60353152,3993,244.469376,37,-159.468,-333.871,255,8,1,
1778399122779260,60363095,3984,243.918365,37,-162.671,-332.322,255,8,1,
1778399122779866,60373069,3974,243.306122,37,-166.213,-330.565,255,8,1,
1778399122780561,60383021,3965,242.755112,37,-169.384,-328.951,255,8,1,
1778399122781116,60392997,3955,242.142853,37,-172.889,-327.123,255,8,1,
1778399122781647,60402947,3946,241.591843,38,-180.785,-334.241,255,8,1,
1778399122782142,60412921,3936,240.979599,38,-184.346,-332.290,255,8,1,
1778399122782592,60422874,3927,240.428589,38,-187.533,-330.502,255,8,1,
1778399122801347,60432856,3917,239.816330,38,-191.054,-328.479,255,8,1,
1778399122802003,60442814,3908,239.265289,38,-194.204,-326.626,255,8,1,
1778399122808647,60452791,3898,238.653061,38,-197.683,-324.533,255,8,1,
1778399122868097,60462745,3889,238.102036,38,-200.795,-322.616,255,8,1,
1778399122868822,60472724,3879,237.489807,38,-204.231,-320.452,255,8,1,
1778399122869449,60482672,3870,236.938766,38,-207.303,-318.473,255,8,1,
1778399122869984,60492652,3860,236.326538,38,-210.694,-316.240,255,8,1,
1778399122870511,60502606,3851,235.775513,38,-213.726,-314.199,255,8,1,
1778399122871097,60512586,3842,235.224487,39,-222.441,-320.343,255,8,1,
1778399122888332,60522537,3832,234.612244,39,-225.852,-317.948,255,8,1,
1778399122889009,60532519,3823,234.061234,39,-228.899,-315.761,255,8,1,
1778399122896943,60542469,3813,233.448975,39,-232.260,-313.297,255,8,1,
1778399122954787,60552446,3804,232.897964,39,-235.262,-311.049,255,8,1,
1778399122955498,60562391,3794,232.285721,39,-238.572,-308.518,255,8,1,
1778399122956117,60572372,3785,231.734680,39,-241.529,-306.209,255,8,1,
1778399122956536,60582315,3776,231.183670,39,-244.462,-303.872,255,8,1,
1778399122957040,60592286,3766,230.571426,40,-254.046,-308.967,255,8,1,
1778399122957545,60602239,3757,230.020416,40,-257.006,-306.509,255,8,1,
1778399122975229,60612214,3747,229.408157,40,-260.266,-303.746,255,8,1,
1778399122975872,60622165,3738,228.857147,40,-263.175,-301.229,255,8,1,
1778399122985204,60632140,3729,228.306107,41,-272.712,-306.151,255,8,1,
1778399123039200,60642084,3719,227.693878,41,-275.968,-303.219,255,8,1,
1778399123039680,60652058,3710,227.142853,42,-285.673,-307.882,255,8,1,
1778399123040073,60662008,3700,226.530624,42,-288.946,-304.812,255,8,1,
1778399123040449,60671981,3691,225.979584,41,-284.915,-294.828,255,8,1,
1778399123040831,60681926,3682,225.428574,41,-287.737,-292.074,255,8,1,
1778399123058007,60691898,3672,224.816315,41,-290.842,-288.983,255,8,1,
1778399123058665,60701845,3663,224.265305,41,-293.607,-286.173,255,8,1,
1778399123109519,60711823,3654,223.714279,41,-296.346,-283.336,255,8,1,
1778399123110040,60721773,3644,223.102051,41,-299.357,-280.153,255,8,1,
1778399123110490,60731754,3635,222.551010,41,-302.037,-277.261,255,8,1,
1778399123110872,60741699,3626,222.000000,41,-304.689,-274.344,255,8,1,
1778399123111262,60751668,3617,221.448975,41,-307.314,-271.401,255,8,1,
1778399123112665,60761624,3607,220.836746,41,-310.196,-268.101,255,8,1,
1778399123131344,60771595,3598,220.285706,41,-312.760,-265.106,255,8,1,
1778399123132484,60781546,3589,219.734695,40,-307.605,-255.693,255,8,1,
1778399123142434,60791518,3580,219.183685,40,-310.050,-252.723,255,8,1,
1778399123213056,60801463,3570,218.571426,40,-312.733,-249.396,255,8,1,
1778399123213616,60811439,3561,218.020401,40,-315.117,-246.377,255,8,1,
1778399123214135,60821386,3552,217.469391,40,-317.471,-243.335,255,8,1,
1778399123214690,60831367,3542,216.857132,40,-320.053,-239.929,255,8,1,
1778399123215239,60841315,3533,216.306122,40,-322.346,-236.840,255,8,1,
1778399123215713,60851288,3524,215.755112,40,-324.609,-233.729,255,8,1,
1778399123216205,60861245,3515,215.204086,40,-326.842,-230.596,255,8,1,
1778399123234925,60871217,3506,214.653061,40,-329.044,-227.442,255,8,1,
1778399123235375,60881162,3496,214.040817,40,-331.456,-223.913,255,8,1,
1778399123295161,60891135,3487,213.489807,40,-333.594,-220.715,255,8,1,
1778399123295870,60901082,3478,212.938766,40,-335.701,-217.497,255,8,1,
1778399123296600,60911059,3469,212.387756,40,-337.777,-214.259,255,8,1,
1778399123297224,60921009,3459,211.775513,39,-331.546,-205.371,255,8,1,
1778399123297818,60930981,3450,211.224503,39,-333.506,-202.173,255,8,1,
1778399123298338,60940927,3441,210.673462,39,-335.435,-198.956,255,8,1,
1778399123315156,60950898,3432,210.122452,39,-337.332,-195.721,255,8,1,
1778399123315722,60960846,3422,209.510193,39,-339.405,-192.106,255,8,1,
1778399123374132,60970819,3413,208.959183,39,-341.236,-188.833,255,8,1,
1778399123374640,60980758,3404,208.408157,39,-343.037,-185.542,255,8,1,
1778399123375119,60990733,3395,207.857147,39,-344.805,-182.235,255,8,1,
1778399123375630,61000690,3386,207.306137,39,-346.542,-178.910,255,8,1,
1778399123376043,61010666,3377,206.755096,39,-348.246,-175.569,255,8,1,
1778399123376605,61020612,3367,206.142853,39,-350.102,-171.838,255,8,1,
1778399123396315,61030584,3358,205.591843,39,-351.739,-168.463,255,8,1,
1778399123396917,61040530,3349,205.040817,39,-353.343,-165.073,255,8,1,
1778399123405836,61050503,3340,204.489792,39,-354.914,-161.667,255,8,1,
1778399123471747,61060446,3331,203.938782,39,-356.452,-158.247,255,8,1,
1778399123472365,61070422,3322,203.387741,38,-348.779,-150.842,255,8,1,
1778399123472967,61080361,3312,202.775513,39,-359.591,-150.977,255,8,1,
1778399123473437,61090347,3303,202.224487,40,-370.284,-151.295,255,8,1,
1778399123474045,61100291,3294,201.673477,38,-353.135,-140.340,255,8,1,
1778399123474545,61110271,3285,201.122437,39,-363.797,-140.541,255,8,1,
1778399123475021,61120222,3276,200.571426,40,-374.494,-140.550,255,8,1,
1778399123494368,61130197,3267,200.020416,39,-366.433,-133.518,255,8,1,
1778399123494968,61140144,3258,199.469376,39,-367.700,-129.988,255,8,1,
1778399123509921,61150117,3249,198.918365,38,-359.473,-123.204,255,8,1,
1778399123510562,61160068,3240,198.367340,38,-360.641,-119.741,255,8,1,
1778399123565596,61170042,3230,197.755112,39,-371.424,-118.930,255,8,1,
1778399123566257,61179991,3221,197.204071,39,-372.550,-115.353,255,8,1,
1778399123566713,61189964,3212,196.653061,39,-373.642,-111.765,255,8,1,
1778399123567134,61199902,3203,196.102036,39,-374.700,-108.166,255,8,1,
1778399123567556,61209886,3194,195.551025,39,-375.723,-104.558,255,8,1,
1778399123568484,61219838,3185,195.000000,39,-376.711,-100.939,255,8,1,
1778399123586110,61229816,3176,194.448975,38,-367.981,-94.817,255,8,1,
1778399123593493,61239766,3167,193.897964,38,-368.876,-91.274,255,8,1,
1778399123608209,61249745,3158,193.346924,38,-369.736,-87.722,255,8,1,
1778399123608809,61259693,3148,192.734695,38,-370.652,-83.766,255,8,1,
1778399123667549,61269673,3139,192.183670,38,-371.441,-80.198,255,8,1,
1778399123668225,61279622,3130,191.632660,38,-372.195,-76.622,255,8,1,
1778399123668815,61289597,3121,191.081650,39,-382.728,-74.961,255,8,1,
1778399123669334,61299546,3112,190.530609,39,-383.431,-71.277,255,8,1,
1778399123669843,61309526,3103,189.979599,39,-384.099,-67.586,255,8,1,
1778399123670342,61319472,3094,189.428558,39,-384.731,-63.889,255,8,1,
1778399123689610,61329450,3085,188.877548,38,-375.448,-58.643,255,8,1,
1778399123690249,61339398,3076,188.326523,38,-375.994,-55.029,255,8,1,
1778399123698141,61349376,3067,187.775513,37,-366.598,-50.058,255,8,1,
1778399123761645,61359326,3058,187.224503,34,-337.301,-42.758,255,8,1,
1778399123762238,61369296,3049,186.673462,34,-337.696,-39.512,255,8,1,
1778399123762757,61379245,3040,186.122452,34,-338.061,-36.262,255,8,1,
1778399123763216,61389217,3031,185.571426,33,-328.441,-32.039,255,8,1,
1778399123763631,61399162,3022,185.020416,33,-328.734,-28.879,255,8,1,
1778399123764008,61409138,3012,184.408157,33,-329.024,-25.364,255,8,1,
1778399123784335,61419090,3004,183.918365,33,-329.229,-22.551,255,8,1,
1778399123784847,61429063,2994,183.306107,34,-339.434,-19.608,255,8,1,
1778399123786517,61439013,2985,182.755096,34,-339.607,-16.343,255,8,1,
1778399123805567,61448986,2976,182.204086,33,-329.756,-12.691,255,8,1,
1778399123806347,61458932,2967,181.653061,34,-339.859,-9.808,255,8,1,
1778399123859702,61468906,2958,181.102051,34,-339.937,-6.539,255,8,1,
1778399123860535,61478854,2949,180.551010,34,-339.984,-3.270,255,8,1,
1778399123861107,61488829,2940,180.000000,34,-340.000,0.000,255,8,1,
1778399123861648,61498770,2931,179.448975,34,-339.984,3.270,255,8,1,
1778399123862156,61508752,2922,178.897949,34,-339.937,6.539,255,8,1,
1778399123880534,61518699,2913,178.346939,34,-339.859,9.808,255,8,1,
1778399123881089,61528673,2904,177.795929,34,-339.748,13.076,255,8,1,
1778399123887975,61538624,2895,177.244904,34,-339.607,16.343,255,8,1,
1778399123944507,61548605,2886,176.693878,33,-329.451,19.031,255,8,1,
1778399123945133,61558555,2877,176.142853,34,-339.230,22.871,255,8,1,
1778399123945596,61568531,2868,175.591827,34,-338.994,26.133,255,8,1,
1778399123946079,61578476,2859,175.040817,34,-338.727,29.392,255,8,1,
1778399123946624,61588450,2850,174.489792,34,-338.429,32.648,255,8,1,
1778399123947319,61598401,2841,173.938782,34,-338.099,35.901,255,8,1,
1778399123961244,61608365,2832,173.387756,34,-337.738,39.151,255,8,1,
1778399124008410,61618321,2823,172.836731,34,-337.346,42.397,255,8,1,
1778399124008946,61628285,2814,172.285706,34,-336.923,45.639,255,8,1,
1778399124009545,61638238,2805,171.734695,34,-336.468,48.877,255,8,1,
1778399124009984,61648210,2796,171.183670,34,-335.983,52.111,255,8,1,
1778399124010470,61658159,2787,170.632660,34,-335.466,55.340,255,8,1,
1778399124025824,61668132,2778,170.081635,34,-334.918,58.563,255,8,1,
1778399124026364,61678078,2769,169.530609,35,-344.173,63.599,255,8,1,
1778399124034222,61688051,2760,168.979599,35,-343.546,66.905,255,8,1,
1778399124081520,61697998,2751,168.428574,35,-342.886,70.206,255,8,1,
1778399124082033,61707978,2742,167.877548,35,-342.195,73.501,255,8,1,
1778399124082581,61717924,2733,167.326523,35,-341.473,76.788,255,8,1,
1778399124083008,61727893,2724,166.775513,35,-340.718,80.068,255,8,1,
1778399124083718,61737844,2715,166.224487,34,-330.220,80.960,255,8,1,
1778399124099184,61747823,2706,165.673477,34,-329.426,84.132,255,8,1,
1778399124139597,61757774,2697,165.122452,35,-338.267,89.864,255,8,1,
1778399124140017,61767751,2688,164.571426,35,-337.387,93.113,255,8,1,
1778399124140441,61777704,2679,164.020401,35,-336.476,96.353,255,8,1,
1778399124140830,61787682,2670,163.469391,35,-335.534,99.585,255,8,1,
1778399124156650,61797639,2661,162.918365,35,-334.561,102.807,255,8,1,
1778399124157122,61807614,2652,162.367355,35,-333.556,106.020,255,8,1,
1778399124163916,61817569,2643,161.816330,35,-332.521,109.222,255,8,1,
1778399124174908,61826538,2634,161.265305,36,-340.926,115.627,255,8,1,
1778399124219287,61837490,2626,160.775513,36,-339.925,118.537,255,8,1,
1778399124219928,61847469,2616,160.163269,35,-329.232,118.769,255,8,1,
1778399124220324,61857419,2608,159.673462,35,-328.205,121.580,255,8,1,
1778399124220943,61867395,2599,159.122452,35,-327.020,124.730,255,8,1,
1778399124222498,61877350,2590,158.571426,35,-325.806,127.869,255,8,1,
1778399124237944,61887328,2581,158.020416,35,-324.561,130.997,255,8,1,
1778399124286779,61897278,2572,157.469391,35,-323.286,134.112,255,8,1,
1778399124287491,61907253,2563,156.918365,35,-321.982,137.215,255,8,1,
1778399124288122,61917209,2554,156.367340,35,-320.647,140.305,255,8,1,
1778399124288876,61927184,2545,155.816330,35,-319.283,143.382,255,8,1,
1778399124289480,61937138,2536,155.265305,35,-317.889,146.446,255,8,1,
1778399124305459,61947107,2527,154.714294,35,-316.466,149.496,255,8,1,
1778399124306281,61957060,2518,154.163269,35,-315.014,152.533,255,8,1,
1778399124313691,61967026,2509,153.612244,35,-313.532,155.555,255,8,1,
1778399124361690,61976978,2500,153.061218,35,-312.022,158.563,255,8,1,
1778399124362192,61986949,2492,152.571426,36,-319.531,165.831,255,8,1,
1778399124362840,61996899,2483,152.020401,36,-317.921,168.897,255,8,1,
1778399124363477,62006871,2474,151.469391,35,-307.497,167.170,255,8,1,
1778399124364107,62016815,2465,150.918365,36,-314.614,174.980,255,8,1,
1778399124379906,62026789,2456,150.367355,35,-304.225,173.053,255,8,1,
1778399124381055,62036738,2447,149.816330,35,-302.546,175.971,255,8,1,
1778399124426837,62046711,2438,149.265305,36,-309.435,183.983,255,8,1,
1778399124427484,62056656,2430,148.775513,37,-316.403,191.805,255,8,1,
1778399124428036,62066632,2421,148.224487,40,-340.047,210.637,255,8,1,
1778399124428688,62076580,2412,147.673477,40,-338.006,213.897,255,8,1,
1778399124430799,62086557,2403,147.122452,40,-335.933,217.138,255,8,1,
1778399124449635,62096501,2394,146.571426,40,-333.829,220.359,255,8,1,
1778399124450419,62106484,2385,146.020401,40,-331.695,223.559,255,8,1,
1778399124506355,62116440,2376,145.469391,39,-321.291,221.070,255,8,1,
1778399124507010,62126417,2368,144.979584,39,-319.390,223.809,255,8,1,
1778399124507646,62136368,2359,144.428574,39,-317.222,226.870,255,8,1,
1778399124508263,62146347,2350,143.877548,39,-315.026,229.910,255,8,1,
1778399124508721,62156297,2341,143.326538,39,-312.800,232.929,255,8,1,
1778399124509886,62166275,2333,142.836746,39,-310.798,235.594,255,8,1,
1778399124526511,62176220,2324,142.285721,38,-300.607,232.455,255,8,1,
1778399124571124,62186194,2315,141.734695,38,-298.358,235.335,255,8,1,
1778399124571751,62196132,2306,141.183670,38,-296.081,238.194,255,8,1,
1778399124572283,62206106,2298,140.693878,38,-294.034,240.716,255,8,1,
1778399124572803,62216055,2289,140.142853,38,-291.705,243.533,255,8,1,
1778399124573220,62226026,2280,139.591827,38,-289.349,246.327,255,8,1,
1778399124588864,62235971,2272,139.102036,38,-287.233,248.791,255,8,1,
1778399124589490,62245946,2263,138.551025,38,-284.827,251.542,255,8,1,
1778399124644745,62255894,2254,138.000000,38,-282.395,254.270,255,8,1,
1778399124645335,62265870,2245,137.448975,37,-272.570,250.211,255,8,1,
1778399124646010,62275812,2236,136.897964,37,-270.151,252.821,255,8,1,
1778399124646594,62285783,2227,136.346939,37,-267.707,255.407,255,8,1,
1778399124647012,62295712,2218,135.795914,37,-265.239,257.970,255,8,1,
1778399124648710,62305683,2210,135.306122,37,-263.024,260.228,255,8,1,
1778399124665567,62315630,2201,134.755096,37,-260.509,262.745,255,8,1,
1778399124714593,62325601,2192,134.204086,37,-257.970,265.239,255,8,1,
1778399124715123,62335543,2183,133.653061,37,-255.407,267.707,255,8,1,
1778399124715599,62345513,2174,133.102036,37,-252.821,270.151,255,8,1,
1778399124716096,62355458,2166,132.612244,37,-250.502,272.302,255,8,1,
1778399124716564,62365428,2157,132.061218,37,-247.872,274.699,255,8,1,
1778399124717925,62375368,2148,131.510193,37,-245.219,277.070,255,8,1,
1778399124733436,62385340,2139,130.959183,37,-242.543,279.415,255,8,1,
1778399124783729,62395285,2130,130.408173,37,-239.845,281.735,255,8,1,
1778399124784282,62405258,2122,129.918365,36,-231.010,276.105,255,8,1,
1778399124784756,62415200,2113,129.367355,36,-228.344,278.314,255,8,1,
1778399124785305,62425166,2104,128.816330,36,-225.657,280.497,255,8,1,
1778399124785784,62435109,2095,128.265305,36,-222.949,282.655,255,8,1,
1778399124787293,62445079,2086,127.714287,36,-220.221,284.786,255,8,1,
1778399124805279,62455029,2078,127.224487,36,-217.778,286.658,255,8,1,
1778399124807134,62465002,2069,126.673470,36,-215.011,288.739,255,8,1,
1778399124826361,62474943,2060,126.122444,36,-212.225,290.793,255,8,1,
1778399124826969,62484918,2051,125.571426,36,-209.418,292.821,255,8,1,
1778399124873117,62494862,2043,125.081635,36,-206.907,294.600,255,8,1,
1778399124873702,62504832,2034,124.530609,36,-204.065,296.576,255,8,1,
1778399124874261,62514777,2025,123.979599,36,-201.203,298.525,255,8,1,
1778399124874702,62524751,2016,123.428574,36,-198.323,300.446,255,8,1,
1778399124876479,62534696,2008,122.938774,36,-195.747,302.131,255,8,1,
1778399124893804,62544666,1999,122.387756,36,-192.833,303.999,255,8,1,
1778399124939854,62554614,1990,121.836739,35,-184.625,297.344,255,8,1,
1778399124940365,62564589,1982,121.346931,35,-182.077,298.912,255,8,1,
1778399124940822,62574533,1973,120.795921,35,-179.194,300.649,255,8,1,
1778399124941222,62584505,1964,120.244904,35,-176.294,302.358,255,8,1,
1778399124941564,62594453,1956,119.755104,35,-173.703,303.854,255,8,1,
1778399124958677,62604426,1947,119.204086,35,-170.773,305.511,255,8,1,
1778399124959232,62614369,1938,118.653061,35,-167.827,307.139,255,8,1,
1778399124965872,62624344,1930,118.163269,35,-165.195,308.562,255,8,1,
1778399124978158,62634293,1921,117.612244,35,-162.220,310.137,255,8,1,
1778399125027525,62644266,1912,117.061226,35,-159.230,311.682,255,8,1,
1778399125028000,62654214,1904,116.571434,35,-156.560,313.032,255,8,1,
1778399125028393,62664191,1895,116.020409,35,-153.542,314.523,255,8,1,
1778399125028941,62674138,1887,115.530617,35,-150.848,315.824,255,8,1,
1778399125029415,62684113,1878,114.979591,35,-147.803,317.260,255,8,1,
1778399125045336,62694065,1870,114.489792,35,-145.086,318.512,255,8,1,
1778399125045888,62704044,1861,113.938782,35,-142.016,319.893,255,8,1,
1778399125091752,62713997,1853,113.448975,35,-139.276,321.095,255,8,1,
1778399125092619,62723978,1844,112.897957,35,-136.182,322.420,255,8,1,
1778399125093351,62733921,1836,112.408157,35,-133.421,323.572,255,8,1,
1778399125093879,62743898,1827,111.857140,35,-130.303,324.840,255,8,1,
1778399125094482,62753847,1818,111.306129,35,-127.173,326.078,255,8,1,
1778399125112710,62763819,1810,110.816322,35,-124.381,327.154,255,8,1,
1778399125114280,62773760,1801,110.265305,35,-121.229,328.335,255,8,1,
1778399125168336,62783733,1793,109.775505,35,-118.417,329.359,255,8,1,
1778399125169023,62793677,1784,109.224487,35,-115.245,330.483,255,8,1,
1778399125169742,62803649,1776,108.734695,35,-112.415,331.456,255,8,1,
1778399125170383,62813593,1767,108.183670,35,-109.222,332.521,255,8,1,
1778399125170923,62823564,1759,107.693878,35,-106.376,333.443,255,8,1,
1778399125185234,62833512,1750,107.142853,35,-103.164,334.450,255,8,1,
1778399125185645,62843488,1742,106.653061,35,-100.302,335.320,255,8,1,
1778399125231025,62853425,1734,106.163269,35,-97.431,336.165,255,8,1,
1778399125231557,62863396,1725,105.612251,35,-94.194,337.087,255,8,1,
1778399125232100,62873333,1717,105.122444,35,-91.309,337.880,255,8,1,
1778399125232554,62883297,1709,104.632652,35,-88.417,338.648,255,8,1,
1778399125233174,62893241,1700,104.081627,34,-82.723,329.783,255,8,1,
1778399125249461,62903210,1692,103.591835,34,-79.901,330.478,255,8,1,
1778399125255559,62913157,1684,103.102043,35,-79.340,340.889,255,8,1,
1778399125302748,62923125,1675,102.551025,35,-76.058,341.636,255,8,1,
1778399125303326,62933066,1667,102.061226,35,-73.135,342.274,255,8,1,
1778399125303938,62943040,1658,101.510208,34,-67.844,333.162,255,8,1,
1778399125304369,62952986,1650,101.020401,34,-64.994,333.730,255,8,1,
1778399125304778,62962958,1642,100.530609,34,-62.139,334.274,255,8,1,
1778399125357271,62972907,1633,99.979591,34,-58.921,334.856,255,8,1,
1778399125357823,62982875,1625,99.489792,34,-56.056,335.347,255,8,1,
1778399125358315,62992820,1617,99.000000,34,-53.188,335.814,255,8,1,
1778399125358920,63002792,1608,98.448982,34,-49.956,336.310,255,8,1,
1778399125359374,63012735,1600,97.959190,34,-47.079,336.725,255,8,1,
1778399125376209,63022707,1592,97.469383,34,-44.199,337.115,255,8,1,
1778399125376806,63032652,1583,96.918373,34,-40.955,337.524,255,8,1,
1778399125420951,63042620,1575,96.428566,34,-38.068,337.862,255,8,1,
1778399125421629,63052564,1567,95.938774,34,-35.178,338.175,255,8,1,
1778399125422250,63062536,1559,95.448982,34,-32.286,338.464,255,8,1,
1778399125422629,63072480,1550,94.897957,34,-29.030,338.758,255,8,1,
1778399125423018,63082449,1542,94.408165,34,-26.133,338.994,255,8,1,
1778399125439537,63092394,1534,93.918365,34,-23.234,339.205,255,8,1,
1778399125443476,63102360,1526,93.428574,34,-20.333,339.391,255,8,1,
1778399125498684,63112303,1517,92.877548,34,-17.069,339.571,255,8,1,
1778399125499208,63122276,1509,92.387756,34,-14.165,339.705,255,8,1,
1778399125499662,63132221,1501,91.897964,34,-11.261,339.813,255,8,1,
1778399125500117,63142192,1492,91.346939,35,-8.227,349.903,255,8,1,
1778399125500530,63152132,1484,90.857147,35,-5.236,349.961,255,8,1,
1778399125500921,63162107,1476,90.367348,35,-2.244,349.993,255,8,1,
1778399125515991,63172054,1468,89.877548,35,0.748,349.999,255,8,1,
1778399125528853,63182028,1459,89.326530,35,4.114,349.976,255,8,1,
1778399125530491,63191970,1451,88.836739,35,7.105,349.928,255,8,1,
1778399125585736,63201940,1443,88.346939,35,10.097,349.854,255,8,1,
1778399125586212,63211894,1435,87.857140,35,13.087,349.755,255,8,1,
1778399125586792,63221867,1427,87.367348,35,16.076,349.631,255,8,1,
1778399125587214,63231814,1419,86.877548,35,19.065,349.480,255,8,1,
1778399125587634,63241787,1410,86.326530,34,21.784,339.301,255,8,1,
1778399125603082,63251730,1402,85.836731,35,25.410,349.076,255,8,1,
1778399125603582,63261704,1394,85.346939,35,28.393,348.846,255,8,1,
1778399125650272,63271647,1386,84.857140,35,31.374,348.591,255,8,1,
1778399125650765,63281618,1378,84.367348,35,34.353,348.310,255,8,1,
1778399125651253,63291557,1370,83.877556,35,37.329,348.004,255,8,1,
1778399125651660,63301528,1362,83.387756,35,40.302,347.672,255,8,1,
1778399125652103,63311471,1354,82.897964,35,43.273,347.315,255,8,1,
1778399125668614,63321443,1346,82.408165,35,46.240,346.932,255,8,1,
1778399125669238,63331391,1337,81.857140,35,49.575,346.471,255,8,1,
1778399125728444,63341362,1329,81.367348,35,52.535,346.035,255,8,1,
1778399125728965,63351317,1321,80.877548,35,55.491,345.573,255,8,1,
1778399125729414,63361287,1313,80.387756,35,58.443,345.086,255,8,1,
1778399125729797,63371234,1305,79.897957,35,61.391,344.574,255,8,1,
1778399125730224,63381213,1297,79.408165,35,64.334,344.037,255,8,1,
1778399125730590,63391156,1289,78.918365,35,67.273,343.474,255,8,1,
1778399125746730,63401132,1281,78.428566,35,70.206,342.886,255,8,1,
1778399125748454,63411092,1273,77.938774,35,73.135,342.274,255,8,1,
1778399125789627,63421063,1265,77.448975,35,76.058,341.636,255,8,1,
1778399125790033,63431007,1258,77.020409,35,78.611,341.058,255,8,1,
1778399125790466,63440980,1250,76.530609,35,81.524,340.373,255,8,1,
1778399125790915,63450925,1242,76.040817,35,84.431,339.664,255,8,1,
1778399125807408,63460896,1234,75.551018,35,87.331,338.930,255,8,1,
1778399125807904,63470845,1226,75.061226,36,92.803,347.833,255,8,1,
1778399125869922,63480816,1218,74.571426,36,95.773,347.027,255,8,1,
1778399125870718,63490759,1210,74.081635,36,98.736,346.195,255,8,1,
1778399125871279,63500738,1203,73.653061,36,101.323,345.447,255,8,1,
1778399125871793,63510681,1195,73.163261,36,104.272,344.568,255,8,1,
1778399125872289,63520653,1187,72.673470,36,107.214,343.664,255,8,1,
1778399125872761,63530602,1179,72.183670,36,110.148,342.735,255,8,1,
1778399125890648,63540578,1171,71.693878,36,113.074,341.781,255,8,1,
1778399125891217,63551521,1163,71.204079,36,115.991,340.802,255,8,1,
1778399125959702,63560498,1156,70.775505,36,118.537,339.925,255,8,1,
1778399125960274,63570445,1148,70.285713,36,121.439,338.899,255,8,1,
1778399125960870,63580425,1140,69.795914,36,124.331,337.849,255,8,1,
1778399125961412,63590373,1132,69.306122,36,127.215,336.773,255,8,1,
1778399125961973,63600344,1125,68.877548,36,129.730,335.812,255,8,1,
1778399125962492,63610298,1117,68.387756,36,132.596,334.691,255,8,1,
1778399125962957,63620270,1109,67.897957,36,135.453,333.545,255,8,1,
1778399125982159,63630219,1102,67.469383,36,137.944,332.523,255,8,1,
1778399125982828,63640192,1094,66.979591,36,140.781,331.332,255,8,1,
1778399126036562,63650139,1087,66.551018,37,147.235,339.443,255,8,1,
1778399126037095,63660112,1079,66.061226,37,150.131,338.172,255,8,1,
1778399126037528,63670062,1072,65.632652,37,152.657,337.040,255,8,1,
1778399126037906,63680037,1064,65.142860,37,155.532,335.723,255,8,1,
1778399126038272,63689982,1056,64.653061,37,158.396,334.381,255,8,1,
1778399126038739,63699954,1049,64.224495,37,160.893,333.187,255,8,1,
1778399126056599,63709901,1041,63.734695,37,163.735,331.799,255,8,1,
1778399126057142,63719887,1034,63.306126,37,166.213,330.565,255,8,1,
1778399126065566,63729833,1026,62.816326,37,169.032,329.132,255,8,1,
1778399126079229,63739810,1018,62.326527,38,176.484,336.531,255,8,1,
1778399126127364,63749755,1011,61.897961,38,178.996,335.202,255,8,1,
1778399126127938,63759734,1003,61.408161,38,181.855,333.659,255,8,1,
1778399126128445,63769684,996,60.979591,38,184.346,332.290,255,8,1,
1778399126128999,63779658,988,60.489796,38,187.180,330.702,255,8,1,
1778399126129508,63789607,981,60.061226,39,194.639,337.958,255,8,1,
1778399126148063,63799582,973,59.571426,39,197.521,336.282,255,8,1,
1778399126148605,63809533,966,59.142860,39,200.031,334.795,255,8,1,
1778399126156043,63819508,958,58.653061,39,202.885,333.073,255,8,1,
1778399126174398,63829449,951,58.224491,39,205.371,331.546,255,8,1,
1778399126174901,63839423,944,57.795918,39,207.845,330.001,255,8,1,
1778399126225186,63849378,936,57.306118,39,210.659,328.212,255,8,1,
1778399126225782,63859349,929,56.877552,39,213.108,326.627,255,8,1,
1778399126226354,63869295,921,56.387753,39,215.892,324.793,255,8,1,
1778399126226929,63879270,914,55.959183,39,218.316,323.169,255,8,1,
1778399126227479,63889217,906,55.469387,39,221.070,321.291,255,8,1,
1778399126248795,63899201,899,55.040817,38,217.737,311.433,255,8,1,
1778399126249990,63909140,892,54.612244,38,220.061,309.796,255,8,1,
1778399126257673,63919121,884,54.122452,38,222.701,307.903,255,8,1,
1778399126317636,63929067,877,53.693878,38,224.998,306.229,255,8,1,
1778399126318217,63939046,870,53.265308,38,227.282,304.537,255,8,1,
1778399126318772,63948994,862,52.775509,38,229.877,302.583,255,8,1,
1778399126319278,63958978,854,52.285717,38,232.455,300.607,255,8,1,
1778399126319697,63968929,847,51.857143,38,234.697,298.860,255,8,1,
1778399126320256,63978906,840,51.428574,38,236.926,297.096,255,8,1,
1778399126343136,63988853,832,50.938774,37,233.156,287.295,255,8,1,
1778399126343668,63998829,825,50.510201,37,235.298,285.543,255,8,1,
1778399126344187,64008777,818,50.081635,37,237.427,283.775,255,8,1,
1778399126407675,64018753,811,49.653057,37,239.543,281.991,255,8,1,
1778399126408426,64028700,804,49.224491,37,241.646,280.191,255,8,1,
1778399126408917,64038677,796,48.734692,37,244.032,278.116,255,8,1,
1778399126409370,64048626,789,48.306122,37,246.106,276.282,255,8,1,
1778399126409806,64058603,782,47.877548,37,248.165,274.434,255,8,1,
1778399126410303,64068550,775,47.448978,37,250.211,272.570,255,8,1,
1778399126428944,64078526,768,47.020405,37,252.243,270.691,255,8,1,
1778399126429546,64088473,760,46.530613,37,254.548,268.525,255,8,1,
1778399126437757,64098447,753,46.102039,37,256.549,266.613,255,8,1,
1778399126503610,64108390,746,45.673470,37,258.536,264.687,255,8,1,
1778399126504286,64118365,739,45.244896,37,260.509,262.745,255,8,1,
1778399126504895,64128307,732,44.816326,37,262.467,260.789,255,8,1,
1778399126505428,64138285,724,44.326530,37,264.687,258.536,255,8,1,
1778399126505923,64148237,717,43.897957,37,266.613,256.549,255,8,1,
1778399126506504,64158214,710,43.469387,36,261.267,247.668,255,8,1,
1778399126507001,64168162,703,43.040813,36,263.112,245.707,255,8,1,
1778399126530303,64178142,696,42.612244,36,264.943,243.732,255,8,1,
1778399126530887,64188087,688,42.122448,36,267.017,241.458,255,8,1,
1778399126531522,64198065,681,41.693878,36,268.815,239.454,255,8,1,
1778399126543191,64208016,674,41.265305,36,270.599,237.437,255,8,1,
1778399126618801,64217994,668,40.897957,36,272.116,235.697,255,8,1,
1778399126619497,64227940,661,40.469387,36,273.871,233.655,255,8,1,
1778399126620065,64237918,654,40.040817,36,275.611,231.600,255,8,1,
1778399126620639,64247872,647,39.612244,36,277.336,229.532,255,8,1,
1778399126621289,64257855,640,39.183674,36,279.045,227.451,255,8,1,
1778399126621846,64267807,634,38.816326,36,280.497,225.657,255,8,1,
1778399126622320,64277796,627,38.387753,36,282.177,223.553,255,8,1,
1778399126622889,64287742,621,38.020409,36,283.605,221.739,255,8,1,
1778399126641296,64297720,614,37.591839,36,285.256,219.612,255,8,1,
1778399126641878,64307668,608,37.224491,36,286.658,217.778,255,8,1,
1778399126698345,64317643,601,36.795918,36,288.279,215.628,255,8,1,
1778399126698941,64327591,595,36.428574,36,289.655,213.775,255,8,1,
1778399126699480,64337560,588,36.000000,36,291.246,211.603,255,8,1,
1778399126700036,64347508,582,35.632652,36,292.597,209.731,255,8,1,
1778399126700552,64357484,576,35.265305,36,293.935,207.851,255,8,1,
1778399126701011,64367431,569,34.836735,36,295.482,205.646,255,8,1,
1778399126719249,64377410,563,34.469387,36,296.794,203.748,255,8,1,
1778399126719754,64387361,556,34.040817,36,298.310,201.522,255,8,1,
1778399126771965,64397338,550,33.673470,36,299.596,199.605,255,8,1,
1778399126772435,64407288,544,33.306122,36,300.870,197.680,255,8,1,
1778399126773030,64417265,537,32.877548,36,302.340,195.424,255,8,1,
1778399126773455,64427215,531,32.510204,36,303.586,193.482,255,8,1,
1778399126773849,64437190,525,32.142857,36,304.821,191.532,255,8,1,
1778399126790999,64447140,519,31.775511,36,306.042,189.573,255,8,1,
1778399126791455,64457115,513,31.408163,36,307.252,187.607,255,8,1,
1778399126842807,64467067,508,31.102039,36,308.250,185.963,255,8,1,
1778399126843380,64477045,502,30.734694,36,309.435,183.983,255,8,1,
1778399126843847,64486992,496,30.367348,36,310.609,181.995,255,8,1,
1778399126844279,64496969,490,30.000000,36,311.769,180.000,255,8,1,
1778399126844781,64506918,485,29.693878,36,312.726,178.332,255,8,1,
1778399126863010,64516891,479,29.326530,36,313.863,176.323,255,8,1,
1778399126863397,64526838,474,29.020407,36,314.801,174.644,255,8,1,
1778399126878459,64536818,468,28.653059,36,315.914,172.622,255,8,1,
1778399126878902,64546766,463,28.346939,36,316.832,170.931,255,8,1,
1778399126930642,64556738,457,27.979591,36,317.921,168.897,255,8,1,
1778399126931123,64566689,452,27.673470,36,318.819,167.196,255,8,1,
1778399126931610,64576662,447,27.367346,36,319.708,165.490,255,8,1,
1778399126931955,64586609,442,27.061226,36,320.588,163.779,255,8,1,
1778399126932504,64596580,436,26.693878,36,321.631,161.720,255,8,1,
1778399126949500,64606531,431,26.387754,35,313.532,155.555,255,8,1,
1778399126949982,64616501,425,26.020407,35,314.523,153.542,255,8,1,
1778399126998861,64626445,420,25.714287,35,315.339,151.859,255,8,1,
1778399126999347,64636421,415,25.408163,35,316.146,150.172,255,8,1,
1778399126999826,64646362,409,25.040817,35,317.102,148.142,255,8,1,
1778399127000221,64656339,404,24.734694,35,317.889,146.446,255,8,1,
1778399127000669,64666287,399,24.428574,35,318.667,144.745,255,8,1,
1778399127017397,64676261,394,24.122450,35,319.436,143.041,255,8,1,
1778399127017876,64686209,389,23.816326,35,320.196,141.332,255,8,1,
1778399127078200,64696186,384,23.510202,35,320.946,139.619,255,8,1,
1778399127078700,64706134,379,23.204082,35,321.688,137.903,255,8,1,
1778399127079079,64716107,374,22.897959,35,322.420,136.182,255,8,1,
1778399127079533,64726056,370,22.653061,35,322.999,134.803,255,8,1,
1778399127079904,64736033,366,22.408163,36,332.817,137.233,255,8,1,
1778399127080329,64745988,361,22.102041,36,333.545,135.453,255,8,1,
1778399127097005,64755962,357,21.857143,36,334.121,134.026,255,8,1,
1778399127097575,64765913,353,21.612246,36,334.691,132.596,255,8,1,
1778399127113954,64775894,348,21.306122,36,335.395,130.806,255,8,1,
1778399127115912,64785840,344,21.061224,36,335.951,129.372,255,8,1,
1778399127165037,64795819,340,20.816326,36,336.501,127.934,255,8,1,
1778399127165568,64805767,336,20.571428,36,337.045,126.495,255,8,1,
1778399127165985,64815740,331,20.265305,36,337.716,124.692,255,8,1,
1778399127166414,64825689,327,20.020409,36,338.245,123.248,255,8,1,
1778399127166799,64835663,323,19.775511,36,338.769,121.801,255,8,1,
1778399127185000,64845607,319,19.530613,36,339.287,120.352,255,8,1,
1778399127185533,64855579,315,19.285715,36,339.798,118.900,255,8,1,
1778399127198601,64865528,311,19.040817,35,330.850,114.185,255,8,1,
1778399127205358,64875503,307,18.795919,35,331.335,112.769,255,8,1,
1778399127259602,64885448,303,18.551020,35,331.814,111.352,255,8,1,
1778399127260070,64895426,299,18.306122,35,332.287,109.933,255,8,1,
1778399127260498,64905374,295,18.061224,35,332.754,108.512,255,8,1,
1778399127260912,64915351,291,17.816326,35,333.215,107.088,255,8,1,
1778399127261474,64925299,287,17.571428,35,333.669,105.663,255,8,1,
1778399127277177,64935271,284,17.387754,35,334.006,104.593,255,8,1,
1778399127277707,64945219,280,17.142857,35,334.450,103.164,255,8,1,
1778399127319875,64955189,277,16.959185,35,334.779,102.092,255,8,1,
1778399127320333,64965135,273,16.714287,35,335.213,100.660,255,8,1,
1778399127320875,64975111,270,16.530613,35,335.534,99.585,255,8,1,
1778399127321270,64985059,266,16.285715,35,335.956,98.150,255,8,1,
1778399127336608,64995038,262,16.040817,35,336.373,96.713,255,8,1,
1778399127337219,65004981,258,15.795918,35,336.783,95.274,255,8,1,
1778399127344022,65014959,258,15.795918,33,317.538,89.830,255,8,1,
1778399127391582,65024910,259,15.857143,32,307.823,87.437,255,8,1,
1778399127392165,65034881,259,15.857143,32,307.823,87.437,255,8,1,
1778399127392596,65044832,259,15.857143,32,307.823,87.437,255,8,1,
1778399127393012,65054807,259,15.857143,32,307.823,87.437,255,8,1,
1778399127393426,65064759,260,15.918367,33,317.346,90.508,255,8,1,
1778399127409964,65074741,263,16.102041,33,317.054,91.525,255,8,1,
1778399127453776,65084688,266,16.285715,33,316.759,92.541,255,8,1,
1778399127454175,65094666,270,16.530613,33,316.360,93.894,255,8,1,
1778399127454517,65104617,274,16.775511,33,315.956,95.245,255,8,1,
1778399127454810,65114597,277,16.959185,33,315.649,96.258,255,8,1,
1778399127455181,65124553,281,17.204082,33,315.235,97.606,255,8,1,
1778399127471476,65134530,285,17.448978,33,314.815,98.953,255,8,1,
1778399127472627,65144481,289,17.693876,33,314.389,100.297,255,8,1,
1778399127489009,65154458,293,17.938776,33,313.957,101.640,255,8,1,
1778399127532206,65164411,297,18.183674,33,313.520,102.981,255,8,1,
1778399127532615,65174384,301,18.428572,33,313.077,104.320,255,8,1,
1778399127532956,65184334,306,18.734694,33,312.515,105.992,255,8,1,
1778399127533312,65194312,310,18.979591,33,312.059,107.326,255,8,1,
1778399127533644,65204261,314,19.224491,33,311.598,108.659,255,8,1,
1778399127548587,65214238,319,19.530613,33,311.013,110.322,255,8,1,
1778399127592204,65224187,323,19.775511,33,310.538,111.651,255,8,1,
1778399127592649,65234166,328,20.081633,33,309.937,113.308,255,8,1,
1778399127592995,65244121,333,20.387754,33,309.328,114.963,255,8,1,
1778399127593374,65254100,338,20.693876,33,308.709,116.614,255,8,1,
1778399127593729,65264053,342,20.938776,33,308.208,117.932,255,8,1,
1778399127609310,65274031,347,21.244898,33,307.573,119.577,255,8,1,
1778399127616004,65283985,352,21.551022,33,306.930,121.219,255,8,1,
1778399127628299,65293957,357,21.857143,33,306.278,122.857,255,8,1,
1778399127672424,65303910,362,22.163265,33,305.617,124.492,255,8,1,
1778399127673053,65313887,367,22.469387,33,304.948,126.123,255,8,1,
1778399127673664,65323836,372,22.775511,33,304.269,127.750,255,8,1,
1778399127674102,65333811,377,23.081631,33,303.583,129.374,255,8,1,
1778399127674558,65343763,382,23.387754,33,302.887,130.994,255,8,1,
1778399127731820,65353737,388,23.755102,33,302.041,132.933,255,8,1,
1778399127732260,65363684,393,24.061226,33,301.326,134.545,255,8,1,
1778399127732628,65373660,399,24.428574,33,300.458,136.474,255,8,1,
1778399127732944,65383607,404,24.734694,33,299.724,138.078,255,8,1,
1778399127733317,65393580,410,25.102041,33,298.833,139.996,255,8,1,
1778399127733629,65403527,415,25.408163,33,298.080,141.591,255,8,1,
1778399127748883,65413502,421,25.775511,33,297.167,143.499,255,8,1,
1778399127750075,65423442,426,26.081631,33,296.396,145.085,255,8,1,
1778399127765823,65433414,432,26.448978,33,295.459,146.982,255,8,1,
1778399127807780,65443363,437,26.755102,33,294.670,148.559,255,8,1,
1778399127808195,65453334,443,27.122450,33,293.711,150.445,255,8,1,
1778399127808513,65463276,449,27.489796,33,292.741,152.325,255,8,1,
1778399127808897,65473250,455,27.857143,34,300.599,158.871,255,8,1,
1778399127809490,65483195,461,28.224489,34,299.574,160.795,255,8,1,
1778399127825185,65493168,466,28.530611,34,298.711,162.394,255,8,1,
1778399127870826,65503108,472,28.897959,34,297.664,164.305,255,8,1,
1778399127871233,65513086,479,29.326530,34,296.426,166.527,255,8,1,
1778399127871594,65523035,485,29.693878,34,295.353,168.424,255,8,1,
1778399127871951,65533010,491,30.061226,34,294.267,170.315,255,8,1,
1778399127872335,65542954,497,30.428572,34,293.169,172.198,255,8,1,
1778399127888423,65552928,503,30.795919,34,292.059,174.074,255,8,1,
1778399127888931,65562875,510,31.224491,34,290.749,176.253,255,8,1,
1778399127906703,65572847,516,31.591835,34,289.613,178.114,255,8,1,
1778399127950266,65582792,522,31.959183,34,288.465,179.967,255,8,1,
1778399127950960,65592765,529,32.387753,34,287.110,182.120,255,8,1,
1778399127951424,65602707,535,32.755100,34,285.937,183.957,255,8,1,
1778399127951856,65612680,542,33.183674,34,284.553,186.090,255,8,1,
1778399127952297,65622626,548,33.551022,34,283.354,187.911,255,8,1,
1778399127969708,65632595,555,33.979591,34,281.940,190.025,255,8,1,
1778399127970191,65642542,562,34.408165,34,280.511,192.129,255,8,1,
1778399128021491,65652513,569,34.836735,34,279.066,194.222,255,8,1,
1778399128022026,65662457,575,35.204082,34,277.815,196.007,255,8,1,
1778399128022866,65672434,582,35.632652,34,276.341,198.079,255,8,1,
1778399128023417,65682379,589,36.061226,34,274.852,200.141,255,8,1,
1778399128023848,65692357,596,36.489796,34,273.347,202.191,255,8,1,
1778399128040446,65702302,603,36.918369,34,271.827,204.230,255,8,1,
1778399128040873,65712276,610,37.346939,34,270.292,206.258,255,8,1,
1778399128047875,65722222,617,37.775509,34,268.742,208.274,255,8,1,
1778399128095280,65732198,624,38.204082,34,267.176,210.278,255,8,1,
1778399128096126,65742146,631,38.632652,34,265.596,212.270,255,8,1,
1778399128096798,65752125,639,39.122448,34,263.772,214.533,255,8,1,
1778399128097311,65762067,646,39.551022,35,269.870,222.868,255,8,1,
1778399128097864,65772038,653,39.979591,35,268.196,224.880,255,8,1,
1778399128114366,65781979,661,40.469387,35,266.263,227.165,255,8,1,
1778399128155733,65791952,668,40.897957,35,264.557,229.150,255,8,1,
1778399128156184,65801900,676,41.387753,35,262.588,231.403,255,8,1,
1778399128156526,65811879,683,41.816326,35,260.850,233.361,255,8,1,
1778399128156939,65821823,691,42.306122,35,258.846,235.582,255,8,1,
1778399128157298,65831801,698,42.734695,35,257.076,237.512,255,8,1,
1778399128173037,65841743,706,43.224491,35,255.037,239.701,255,8,1,
1778399128186978,65851723,714,43.714287,35,252.978,241.872,255,8,1,
1778399128187424,65861674,722,44.204082,35,250.901,244.026,255,8,1,
1778399128228903,65871648,729,44.632652,35,249.069,245.896,255,8,1,
1778399128229407,65881599,737,45.122448,35,246.958,248.016,255,8,1,
1778399128229827,65891576,745,45.612247,35,244.829,250.118,255,8,1,
1778399128230220,65901526,753,46.102039,35,242.682,252.202,255,8,1,
1778399128246689,65911502,761,46.591839,35,240.517,254.267,255,8,1,
1778399128247195,65921449,769,47.081631,36,245.144,263.637,255,8,1,
1778399128294356,65931423,777,47.571430,36,242.881,265.723,255,8,1,
1778399128294770,65941370,785,48.061226,36,240.601,267.789,255,8,1,
1778399128295207,65951347,793,48.551018,36,238.303,269.836,255,8,1,
1778399128295580,65961288,802,49.102043,36,235.697,272.116,255,8,1,
1778399128295908,65971263,810,49.591835,36,233.362,274.121,255,8,1,
1778399128312622,65981204,818,50.081635,36,231.010,276.105,255,8,1,
1778399128326531,65991181,827,50.632656,36,228.344,278.314,255,8,1,
1778399128326973,66001130,835,51.122448,36,225.957,280.256,255,8,1,
1778399128370990,66011105,844,51.673470,36,223.251,282.416,255,8,1,
1778399128371675,66021053,852,52.163261,37,226.963,292.212,255,8,1,
1778399128372109,66031025,861,52.714287,37,224.142,294.381,255,8,1,
1778399128372474,66040971,870,53.265308,37,221.301,296.523,255,8,1,
1778399128388693,66050943,878,53.755100,37,218.758,298.404,255,8,1,
1778399128389197,66060884,887,54.306122,37,215.878,300.494,255,8,1,
1778399128434624,66070854,896,54.857143,37,212.978,302.556,255,8,1,
1778399128435067,66080798,905,55.408161,37,210.059,304.590,255,8,1,
1778399128435453,66090773,914,55.959183,37,207.120,306.596,255,8,1,
1778399128435841,66100720,922,56.448978,37,204.491,308.356,255,8,1,
1778399128436239,66110686,931,57.000000,38,206.963,318.695,255,8,1,
1778399128453218,66120632,940,57.551022,38,203.888,320.670,255,8,1,
1778399128453600,66130606,950,58.163269,38,200.450,322.831,255,8,1,
1778399128471012,66140551,959,58.714287,38,197.336,324.744,255,8,1,
1778399128473508,66150521,968,59.265308,38,194.204,326.626,255,8,1,
1778399128521567,66160474,977,59.816322,38,191.054,328.479,255,8,1,
1778399128522257,66170447,986,60.367348,39,192.831,338.993,255,8,1,
1778399128522759,66180395,996,60.979591,38,184.346,332.290,255,8,1,
1778399128523172,66190368,1005,61.530609,38,181.142,334.047,255,8,1,
1778399128523654,66200312,1014,62.081631,37,173.239,326.938,255,8,1,
1778399128539696,66210286,1024,62.693878,37,169.735,328.770,255,8,1,
1778399128591657,66220237,1034,63.306126,37,166.213,330.565,255,8,1,
1778399128592100,66230207,1043,63.857143,37,163.026,332.148,255,8,1,
1778399128592487,66240156,1053,64.469391,36,155.158,324.848,255,8,1,
1778399128592883,66250130,1062,65.020409,36,152.026,326.325,255,8,1,
1778399128593342,66260080,1072,65.632652,36,148.531,327.931,255,8,1,
1778399128593730,66270054,1082,66.244896,36,145.018,329.499,255,8,1,
1778399128609132,66280003,1092,66.857147,36,141.489,331.030,255,8,1,
1778399128616157,66289973,1101,67.408157,36,138.299,332.375,255,8,1,
1778399128668218,66299921,1111,68.020409,36,134.739,333.834,255,8,1,
1778399128668683,66309893,1121,68.632652,35,127.521,325.942,255,8,1,
1778399128669072,66319841,1131,69.244904,35,124.031,327.286,255,8,1,
1778399128669507,66329818,1141,69.857140,35,120.527,328.593,255,8,1,
1778399128669965,66339760,1151,70.469391,35,117.009,329.862,255,8,1,
1778399128671574,66349735,1161,71.081635,35,113.477,331.094,255,8,1,
1778399128686621,66359683,1171,71.693878,35,109.933,332.287,255,8,1,
1778399128701389,66369662,1181,72.306122,35,106.376,333.443,255,8,1,
1778399128701892,66379610,1191,72.918365,35,102.807,334.561,255,8,1,
1778399128762584,66389584,1201,73.530617,35,99.226,335.640,255,8,1,
1778399128763055,66399531,1211,74.142853,35,95.634,336.681,255,8,1,
1778399128763507,66409503,1220,74.693878,35,92.392,337.585,255,8,1,
1778399128764021,66419453,1230,75.306122,34,86.243,328.880,255,8,1,
1778399128764469,66429421,1240,75.918365,35,85.156,339.483,255,8,1,
1778399128764908,66439371,1250,76.530609,34,79.195,330.648,255,8,1,
1778399128782508,66449348,1260,77.142860,34,75.657,331.475,255,8,1,
1778399128782945,66459300,1270,77.755104,34,72.111,332.265,255,8,1,
1778399128794444,66469275,1280,78.367348,34,68.556,333.017,255,8,1,
1778399128848643,66479227,1290,78.979591,34,64.994,333.730,255,8,1,
1778399128849225,66489197,1300,79.591835,34,61.424,334.406,255,8,1,
1778399128849607,66499140,1310,80.204079,34,57.847,335.043,255,8,1,
1778399128849999,66509122,1320,80.816322,34,54.264,335.642,255,8,1,
1778399128850374,66519065,1329,81.367348,34,51.034,336.148,255,8,1,
1778399128850781,66529030,1339,81.979591,34,47.439,336.674,255,8,1,
1778399128865783,66538978,1349,82.591835,34,43.839,337.162,255,8,1,
1778399128917120,66548961,1359,83.204079,34,40.233,337.611,255,8,1,
1778399128917584,66558908,1369,83.816330,34,36.623,338.022,255,8,1,
1778399128918148,66568877,1379,84.428566,34,33.009,338.394,255,8,1,
1778399128918634,66578839,1389,85.040817,34,29.392,338.727,255,8,1,
1778399128919188,66588820,1399,85.653061,34,25.771,339.022,255,8,1,
1778399128919578,66598773,1408,86.204086,34,22.509,339.254,255,8,1,
1778399128935777,66608752,1418,86.816322,34,18.883,339.475,255,8,1,
1778399128988960,66618705,1428,87.428574,34,15.254,339.658,255,8,1,
1778399128989407,66628685,1438,88.040817,34,11.624,339.801,255,8,1,
1778399128989848,66638635,1448,88.653061,34,7.992,339.906,255,8,1,
1778399128990289,66648612,1458,89.265305,34,4.360,339.972,255,8,1,
1778399128990703,66658559,1468,89.877548,34,0.727,339.999,255,8,1,
1778399128991120,66668540,1478,90.489792,34,-2.906,339.988,255,8,1,
1778399129006207,66678493,1488,91.102043,34,-6.539,339.937,255,8,1,
1778399129052882,66688472,1497,91.653053,34,-9.808,339.859,255,8,1,
1778399129053422,66698427,1507,92.265305,34,-13.439,339.734,255,8,1,
1778399129053869,66708409,1517,92.877548,34,-17.069,339.571,255,8,1,
1778399129054357,66718363,1527,93.489799,34,-20.696,339.370,255,8,1,
1778399129054762,66728337,1537,94.102043,34,-24.321,339.129,255,8,1,
1778399129071870,66738288,1546,94.653061,34,-27.581,338.879,255,8,1,
1778399129072357,66748266,1556,95.265305,34,-31.201,338.565,255,8,1,
1778399129083762,66758219,1566,95.877548,34,-34.817,338.213,255,8,1,
1778399129131284,66768195,1576,96.489799,34,-38.429,337.821,255,8,1,
1778399129131898,66778146,1586,97.102036,34,-42.036,337.391,255,8,1,
1778399129132315,66788124,1596,97.714294,34,-45.639,336.923,255,8,1,
1778399129132697,66798078,1605,98.265305,34,-48.877,336.468,255,8,1,
1778399129133091,66808052,1615,98.877556,34,-52.470,335.927,255,8,1,
1778399129149096,66818006,1625,99.489792,34,-56.056,335.347,255,8,1,
1778399129149482,66827988,1635,100.102036,33,-57.883,324.884,255,8,1,
1778399129198175,66837939,1645,100.714287,33,-61.351,324.247,255,8,1,
1778399129198579,66847915,1655,101.326530,33,-64.812,323.573,255,8,1,
1778399129198942,66857867,1664,101.877548,33,-67.921,322.935,255,8,1,
1778399129199309,66867843,1674,102.489792,34,-73.530,331.954,255,8,1,
1778399129199614,66877793,1684,103.102043,33,-74.806,321.409,255,8,1,
1778399129215251,66887770,1694,103.714287,33,-78.237,320.592,255,8,1,
1778399129216540,66897716,1704,104.326523,34,-84.132,329.426,255,8,1,
1778399129269748,66907697,1713,104.877548,33,-84.729,318.937,255,8,1,
1778399129270297,66917643,1723,105.489799,34,-90.803,327.651,255,8,1,
1778399129270628,66927620,1733,106.102043,34,-94.299,326.662,255,8,1,
1778399129270990,66937572,1743,106.714279,34,-97.784,325.635,255,8,1,
1778399129271314,66947548,1752,107.265305,34,-100.911,324.680,255,8,1,
1778399129286615,66957495,1762,107.877556,34,-104.375,323.583,255,8,1,
1778399129287045,66967468,1772,108.489799,34,-107.826,322.449,255,8,1,
1778399129329502,66977418,1782,109.102036,34,-111.265,321.279,255,8,1,
1778399129329966,66987395,1792,109.714287,34,-114.692,320.071,255,8,1,
1778399129330369,66997349,1801,110.265305,34,-117.765,318.954,255,8,1,
1778399129330726,67007326,1811,110.877556,34,-121.166,317.677,255,8,1,
1778399129346453,67017281,1821,111.489792,34,-124.554,316.364,255,8,1,
1778399129346948,67027257,1831,112.102043,34,-127.927,315.015,255,8,1,
1778399129355607,67037209,1840,112.653061,34,-130.951,313.770,255,8,1,
1778399129366355,67047189,1850,113.265312,34,-134.296,312.353,255,8,1,
1778399129412025,67057139,1860,113.877548,34,-137.626,310.900,255,8,1,
1778399129412455,67067120,1870,114.489792,34,-140.941,309.412,255,8,1,
1778399129413107,67077072,1880,115.102043,34,-144.239,307.888,255,8,1,
1778399129413478,67087045,1889,115.653069,34,-147.193,306.487,255,8,1,
1778399129414831,67097004,1899,116.265305,34,-150.460,304.897,255,8,1,
1778399129432333,67106980,1909,116.877548,34,-153.709,303.271,255,8,1,
1778399129484117,67116925,1919,117.489799,34,-156.941,301.612,255,8,1,
1778399129484793,67126910,1928,118.040825,34,-159.834,300.088,255,8,1,
1778399129485225,67136858,1938,118.653061,34,-163.032,298.363,255,8,1,
1778399129485703,67146837,1948,119.265305,34,-166.210,296.604,255,8,1,
1778399129486199,67156787,1958,119.877556,34,-169.370,294.811,255,8,1,
1778399129486645,67166764,1967,120.428566,34,-172.198,293.169,255,8,1,
1778399129503266,67176714,1977,121.040817,34,-175.321,291.312,255,8,1,
1778399129503921,67186694,1987,121.653061,34,-178.423,289.422,255,8,1,
1778399129553122,67196646,1996,122.204079,34,-181.198,287.693,255,8,1,
1778399129553566,67206622,2006,122.816322,34,-184.262,285.740,255,8,1,
1778399129554015,67216571,2016,123.428574,34,-187.305,283.755,255,8,1,
1778399129554526,67226546,2026,124.040817,34,-190.326,281.737,255,8,1,
1778399129555117,67236505,2035,124.591835,34,-193.027,279.894,255,8,1,
1778399129612849,67246483,2045,125.204079,34,-196.007,277.815,255,8,1,
1778399129613331,67256430,2055,125.816330,35,-204.816,283.814,255,8,1,
1778399129613758,67266411,2064,126.367340,35,-207.536,281.831,255,8,1,
1778399129614197,67276364,2074,126.979591,35,-210.536,279.597,255,8,1,
1778399129614614,67286338,2084,127.591835,35,-213.511,277.332,255,8,1,
1778399129614976,67296289,2094,128.204071,35,-216.462,275.035,255,8,1,
1778399129632846,67306270,2103,128.755096,35,-219.097,272.940,255,8,1,
1778399129633628,67316220,2113,129.367355,35,-222.002,270.583,255,8,1,
1778399129694958,67326197,2123,129.979584,35,-224.880,268.196,255,8,1,
1778399129695549,67336149,2132,130.530609,35,-227.449,266.021,255,8,1,
1778399129696093,67346127,2142,131.142853,35,-230.279,263.575,255,8,1,
1778399129696514,67356072,2152,131.755112,35,-233.082,261.099,255,8,1,
1778399129696957,67366045,2161,132.306122,35,-235.582,258.846,255,8,1,
1778399129697360,67376000,2171,132.918365,36,-245.144,263.637,255,8,1,
1778399129713648,67385978,2181,133.530609,35,-241.060,253.752,255,8,1,
1778399129714205,67395928,2190,134.081635,35,-243.489,251.422,255,8,1,
1778399129728364,67405906,2200,134.693878,35,-246.162,248.806,255,8,1,
1778399129733719,67415858,2209,135.244904,36,-255.644,253.468,255,8,1,
1778399129792097,67425844,2219,135.857147,36,-258.338,250.722,255,8,1,
1778399129792658,67435796,2229,136.469391,36,-261.002,247.947,255,8,1,
1778399129793122,67445773,2238,137.020416,36,-263.375,245.426,255,8,1,
1778399129793548,67455731,2248,137.632660,36,-265.982,242.597,255,8,1,
1778399129794036,67465716,2257,138.183670,36,-268.303,240.028,255,8,1,
1778399129794502,67475667,2267,138.795914,36,-270.852,237.148,255,8,1,
1778399129811462,67485656,2277,139.408173,36,-273.371,234.240,255,8,1,
1778399129812004,67495616,2286,139.959183,36,-275.611,231.600,255,8,1,
1778399129821052,67505600,2296,140.571426,36,-278.070,228.642,255,8,1,
1778399129880259,67515557,2305,141.122452,37,-288.041,232.233,255,8,1,
1778399129880808,67525535,2315,141.734695,37,-290.506,229.142,255,8,1,
1778399129881289,67535489,2324,142.285721,37,-292.696,226.338,255,8,1,
1778399129881783,67545473,2334,142.897964,37,-295.098,223.197,255,8,1,
1778399129882317,67555424,2344,143.510208,37,-297.466,220.031,255,8,1,
1778399129882756,67565404,2353,144.061218,37,-299.568,217.161,255,8,1,
1778399129902257,67575353,2363,144.673477,37,-301.872,213.947,255,8,1,
1778399129902774,67585337,2372,145.224487,37,-303.915,211.034,255,8,1,
1778399129910216,67595290,2382,145.836731,38,-314.427,213.390,255,8,1,
1778399129971045,67605272,2391,146.387756,38,-316.465,210.356,255,8,1,
1778399129971817,67615223,2401,147.000000,38,-318.695,206.963,255,8,1,
1778399129972356,67625202,2410,147.551025,38,-320.670,203.888,255,8,1,
1778399129972905,67635156,2420,148.163269,38,-322.831,200.450,255,8,1,
1778399129973433,67645136,2429,148.714279,38,-324.744,197.336,255,8,1,
1778399129973850,67655085,2439,149.326523,38,-326.834,193.855,255,8,1,
1778399129992629,67665067,2448,149.877548,39,-337.332,195.721,255,8,1,
1778399129993221,67675014,2458,150.489807,39,-339.405,192.106,255,8,1,
1778399130002448,67684992,2467,151.040817,39,-341.236,188.833,255,8,1,
1778399130062875,67694936,2476,151.591827,39,-343.036,185.542,255,8,1,
1778399130063409,67704909,2486,152.204086,40,-353.846,186.529,255,8,1,
1778399130064050,67714843,2496,152.816330,40,-355.819,182.738,255,8,1,
1778399130064397,67724825,2505,153.367355,40,-357.560,179.307,255,8,1,
1778399130064914,67734775,2514,153.918365,37,-332.322,162.671,255,8,1,
1778399130065276,67744754,2524,154.530609,35,-315.985,150.510,255,8,1,
1778399130082981,67754704,2533,155.081635,34,-308.349,143.251,255,8,1,
1778399130083409,67764682,2543,155.693878,34,-309.862,139.948,255,8,1,
1778399130096339,67774635,2552,156.244904,34,-311.194,136.962,255,8,1,
1778399130110234,67784612,2562,156.857132,34,-312.639,133.629,255,8,1,
1778399130110679,67794560,2572,157.469391,34,-314.049,130.280,255,8,1,
1778399130156602,67804534,2581,158.020416,34,-315.288,127.254,255,8,1,
1778399130157178,67814480,2590,158.571426,38,-353.732,138.830,255,8,1,
1778399130157591,67824455,2600,159.183670,39,-364.543,138.596,255,8,1,
1778399130157998,67834400,2609,159.734695,39,-365.859,135.083,255,8,1,
1778399130158339,67844375,2619,160.346939,39,-367.281,131.166,255,8,1,
1778399130174536,67854319,2628,160.897964,39,-368.526,127.628,255,8,1,
1778399130187514,67864286,2637,161.448990,38,-360.255,120.897,255,8,1,
1778399130187937,67874238,2647,162.061218,39,-371.041,120.120,255,8,1,
1778399130205489,67884208,2656,162.612244,38,-362.636,113.558,255,8,1,
1778399130209517,67894149,2666,163.224487,39,-373.403,112.563,255,8,1,
1778399130258036,67904126,2675,163.775513,39,-374.468,108.967,255,8,1,
1778399130258514,67914074,2684,164.326538,38,-365.870,102.659,255,8,1,
1778399130259045,67924050,2694,164.938782,38,-366.947,98.743,255,8,1,
1778399130259524,67934000,2703,165.489792,38,-367.879,95.210,255,8,1,
1778399130259971,67943978,2712,166.040817,38,-368.778,91.668,255,8,1,
1778399130276686,67953926,2722,166.653061,38,-369.736,87.722,255,8,1,
1778399130277195,67963902,2731,167.204086,38,-370.563,84.162,255,8,1,
1778399130327533,67973849,2740,167.755112,38,-371.355,80.594,255,8,1,
1778399130328215,67983831,2750,168.367340,38,-372.195,76.622,255,8,1,
1778399130328669,67993776,2759,168.918365,38,-372.915,73.039,255,8,1,
1778399130329087,68003759,2768,169.469391,38,-373.600,69.449,255,8,1,
1778399130329498,68013703,2778,170.081635,38,-374.321,65.453,255,8,1,
1778399130347870,68023676,2787,170.632660,38,-374.933,61.850,255,8,1,
1778399130348377,68033626,2796,171.183670,38,-375.510,58.242,255,8,1,
1778399130400299,68043606,2806,171.795914,38,-376.111,54.226,255,8,1,
1778399130400948,68053559,2815,172.346939,38,-376.615,50.606,255,8,1,
1778399130401465,68063533,2824,172.897964,38,-377.084,46.982,255,8,1,
1778399130401881,68073489,2833,173.448990,38,-377.519,43.353,255,8,1,
1778399130402402,68083473,2842,174.000000,38,-377.918,39.721,255,8,1,
1778399130421718,68093420,2852,174.612244,38,-378.321,35.680,255,8,1,
1778399130422191,68103401,2861,175.163269,38,-378.647,32.040,255,8,1,
1778399130429094,68113356,2870,175.714279,38,-378.937,28.397,255,8,1,
1778399130441103,68123335,2880,176.326538,38,-379.219,24.347,255,8,1,
1778399130489450,68133284,2889,176.877548,38,-379.436,20.699,255,8,1,
1778399130489975,68143268,2898,177.428574,38,-379.617,17.049,255,8,1,
1778399130490431,68153227,2907,177.979584,38,-379.764,13.397,255,8,1,
1778399130490963,68163211,2916,178.530609,36,-359.882,9.231,255,8,1,
1778399130491351,68173164,2926,179.142853,32,-319.964,4.787,255,8,1,
1778399130510006,68183143,2935,179.693878,32,-319.995,1.710,255,8,1,
1778399130510542,68193095,2944,180.244904,32,-319.997,-1.368,255,8,1,
1778399130517548,68203074,2953,180.795914,32,-319.969,-4.445,255,8,1,
1778399130583414,68213024,2962,181.346939,32,-319.912,-7.522,255,8,1,
1778399130584065,68222997,2972,181.959198,33,-329.807,-11.282,255,8,1,
1778399130584734,68232957,2981,182.510208,32,-319.693,-14.015,255,8,1,
1778399130585210,68242940,2990,183.061218,32,-319.543,-17.089,255,8,1,
1778399130585670,68252893,3000,183.673462,32,-319.343,-20.502,255,8,1,
1778399130586143,68262871,3009,184.224472,33,-329.103,-24.309,255,8,1,
1778399130586586,68272823,3018,184.775513,32,-318.889,-26.641,255,8,1,
1778399130606404,68282796,3027,185.326523,33,-328.575,-30.634,255,8,1,
1778399130607046,68292749,3037,185.938782,33,-328.229,-34.144,255,8,1,
1778399130621229,68302729,3046,186.489792,32,-317.949,-36.168,255,8,1,
1778399130623642,68312680,3055,187.040817,32,-317.587,-39.224,255,8,1,
1778399130682003,68322655,3064,187.591827,33,-327.107,-43.598,255,8,1,
1778399130682600,68332606,3074,188.204086,33,-326.623,-47.091,255,8,1,
1778399130683133,68342586,3083,188.755096,33,-326.155,-50.230,255,8,1,
1778399130683600,68352539,3092,189.306122,33,-325.657,-53.364,255,8,1,
1778399130684144,68362519,3102,189.918365,33,-325.068,-56.841,255,8,1,
1778399130684581,68372471,3111,190.469391,32,-314.673,-58.147,255,8,1,
1778399130703119,68382447,3120,191.020401,32,-314.099,-61.171,255,8,1,
1778399130703775,68392401,3129,191.571442,33,-323.293,-66.195,255,8,1,
1778399130772412,68402381,3138,192.122452,32,-312.864,-67.201,255,8,1,
1778399130773068,68412337,3148,192.734695,32,-312.128,-70.540,255,8,1,
1778399130773570,68422312,3157,193.285706,32,-311.436,-73.538,255,8,1,
1778399130773989,68432262,3166,193.836746,33,-320.424,-78.922,255,8,1,
1778399130774378,68442248,3175,194.387756,32,-309.964,-79.515,255,8,1,
1778399130774783,68452202,3185,195.000000,32,-309.096,-82.822,255,8,1,
1778399130775268,68462184,3194,195.551025,33,-317.919,-88.472,255,8,1,
1778399130792879,68472139,3203,196.102036,32,-307.446,-88.752,255,8,1,
1778399130793432,68482115,3212,196.653061,32,-306.578,-91.704,255,8,1,
1778399130806589,68492073,3222,197.265320,32,-305.581,-94.975,255,8,1,
1778399130861485,68502059,3231,197.816330,36,-342.735,-110.148,255,8,1,
1778399130862068,68512015,3240,198.367340,37,-351.151,-116.590,255,8,1,
1778399130862595,68521995,3250,198.979584,38,-359.341,-123.588,255,8,1,
1778399130863045,68531948,3259,199.530624,38,-358.136,-127.038,255,8,1,
1778399130863502,68541922,3268,200.081635,39,-366.290,-133.910,255,8,1,
1778399130863992,68551868,3277,200.632645,39,-364.985,-137.426,255,8,1,
1778399130881282,68561849,3287,201.244904,38,-354.175,-137.695,255,8,1,
1778399130881849,68571803,3296,201.795914,38,-352.835,-141.095,255,8,1,
1778399130932677,68581781,3305,202.346939,37,-342.212,-140.679,255,8,1,
1778399130933293,68591733,3314,202.897949,37,-340.844,-143.964,255,8,1,
1778399130933793,68601712,3323,203.448990,37,-339.443,-147.235,255,8,1,
1778399130934264,68611659,3333,204.061218,38,-346.982,-154.931,255,8,1,
1778399130934834,68621649,3342,204.612244,38,-345.476,-158.261,255,8,1,
1778399130952089,68631602,3351,205.163269,38,-343.938,-161.576,255,8,1,
1778399130952669,68641581,3360,205.714294,37,-333.358,-160.537,255,8,1,
1778399130962560,68651531,3369,206.265305,39,-349.734,-172.586,255,8,1,
1778399131017705,68661513,3378,206.816315,38,-339.134,-171.430,255,8,1,
1778399131018214,68671462,3388,207.428574,38,-337.283,-175.044,255,8,1,
1778399131018808,68681446,3397,207.979584,39,-344.415,-182.971,255,8,1,
1778399131019376,68691399,3406,208.530609,39,-342.639,-186.275,255,8,1,
1778399131019822,68701375,3415,209.081619,39,-340.832,-189.561,255,8,1,
1778399131020199,68711329,3424,209.632660,39,-338.993,-192.831,255,8,1,
1778399131036993,68721303,3433,210.183670,39,-337.123,-196.082,255,8,1,
1778399131044309,68731257,3442,210.734711,38,-326.626,-194.204,255,8,1,
1778399131094736,68741239,3451,211.285721,39,-333.289,-202.529,255,8,1,
1778399131095410,68751193,3460,211.836731,39,-331.326,-205.725,255,8,1,
1778399131095823,68761170,3470,212.448975,39,-329.109,-209.254,255,8,1,
1778399131096186,68771121,3479,212.999985,39,-327.082,-212.409,255,8,1,
1778399131096561,68781106,3488,213.551025,39,-325.024,-215.545,255,8,1,
1778399131152217,68791060,3497,214.102036,39,-322.936,-218.661,255,8,1,
1778399131152858,68801035,3506,214.653061,39,-320.818,-221.756,255,8,1,
1778399131153323,68810984,3515,215.204086,39,-318.670,-224.831,255,8,1,
1778399131153715,68820964,3524,215.755112,39,-316.494,-227.886,255,8,1,
1778399131154051,68830904,3533,216.306122,39,-314.287,-230.919,255,8,1,
1778399131154404,68840892,3542,216.857132,39,-312.052,-233.930,255,8,1,
1778399131169812,68850839,3552,217.469391,39,-309.535,-237.252,255,8,1,
1778399131170376,68860813,3561,218.020401,39,-307.239,-240.217,255,8,1,
1778399131186975,68870760,3570,218.571426,39,-304.914,-243.161,255,8,1,
1778399131188403,68880736,3579,219.122437,39,-302.562,-246.082,255,8,1,
1778399131231152,68890693,3588,219.673477,39,-300.181,-248.981,255,8,1,
1778399131231612,68900674,3597,220.224487,40,-305.408,-258.314,255,8,1,
1778399131232018,68910630,3606,220.775528,40,-302.910,-261.239,255,8,1,
1778399131232507,68920608,3615,221.326538,40,-300.383,-264.140,255,8,1,
1778399131247190,68930564,3624,221.877548,40,-297.829,-267.016,255,8,1,
1778399131247754,68940547,3633,222.428574,40,-295.248,-269.868,255,8,1,
1778399131295898,68950503,3642,222.979584,40,-292.639,-272.695,255,8,1,
1778399131296391,68960483,3651,223.530624,40,-290.003,-275.497,255,8,1,
1778399131296864,68970441,3660,224.081635,40,-287.340,-278.273,255,8,1,
1778399131297280,68980430,3670,224.693878,40,-284.350,-281.328,255,8,1,
1778399131297727,68990385,3678,225.183685,40,-281.934,-283.748,255,8,1,
1778399131313761,69000374,3688,225.795914,40,-278.886,-286.744,255,8,1,
1778399131365938,69010331,3697,226.346939,40,-276.116,-289.413,255,8,1,
1778399131366383,69020310,3706,226.897949,41,-280.153,-299.357,255,8,1,
1778399131366810,69030263,3715,227.448990,41,-277.261,-302.037,255,8,1,
1778399131367211,69040243,3724,228.000000,41,-274.344,-304.689,255,8,1,
1778399131367521,69050195,3733,228.551025,41,-271.401,-307.314,255,8,1,
1778399131367872,69060183,3742,229.102036,41,-268.433,-309.909,255,8,1,
1778399131382248,69070131,3751,229.653046,41,-265.440,-312.477,255,8,1,
1778399131428763,69080111,3760,230.204086,42,-268.823,-322.698,255,8,1,
1778399131429188,69090066,3769,230.755096,41,-259.381,-317.524,255,8,1,
1778399131429628,69100041,3778,231.306137,41,-256.315,-320.004,255,8,1,
1778399131430088,69109992,3787,231.857147,41,-253.226,-322.454,255,8,1,
1778399131430476,69119982,3796,232.408157,41,-250.113,-324.874,255,8,1,
1778399131446554,69129927,3805,232.959183,40,-240.954,-319.283,255,8,1,
1778399131447011,69139902,3814,233.510193,40,-237.872,-321.585,255,8,1,
1778399131464014,69149851,3823,234.061234,40,-234.768,-323.858,255,8,1,
1778399131528151,69159826,3832,234.612244,39,-225.852,-317.948,255,8,1,
1778399131528613,69169779,3841,235.163254,39,-222.784,-320.105,255,8,1,
1778399131529132,69179757,3851,235.775513,39,-219.350,-322.468,255,8,1,
1778399131529500,69189704,3860,236.326538,39,-216.239,-324.562,255,8,1,
1778399131529938,69199689,3869,236.877548,39,-213.108,-326.627,255,8,1,
1778399131530285,69209640,3878,237.428558,39,-209.957,-328.661,255,8,1,
1778399131530603,69219621,3887,237.979599,39,-206.786,-330.665,255,8,1,
1778399131544759,69229571,3896,238.530609,39,-203.597,-332.638,255,8,1,
1778399131545200,69239555,3906,239.142853,38,-194.902,-326.211,255,8,1,
1778399131557391,69249508,3915,239.693878,38,-191.756,-328.070,255,8,1,
1778399131612660,69259483,3924,240.244904,38,-188.592,-329.899,255,8,1,
1778399131613167,69269442,3933,240.795914,38,-185.410,-331.697,255,8,1,
1778399131613601,69279424,3942,241.346954,38,-182.212,-333.465,255,8,1,
1778399131614023,69289383,3952,241.959183,38,-178.638,-335.393,255,8,1,
1778399131614386,69299368,3961,242.510208,38,-175.404,-337.095,255,8,1,
1778399131614755,69309321,3970,243.061218,38,-172.155,-338.767,255,8,1,
1778399131629830,69319303,3979,243.612228,38,-168.889,-340.407,255,8,1,
1778399131672332,69329256,3988,244.163269,38,-165.607,-342.015,255,8,1,
1778399131672756,69339237,3997,244.714279,38,-162.310,-343.592,255,8,1,
1778399131673124,69349191,4007,245.326538,37,-154.455,-336.220,255,8,1,
1778399131673533,69359177,4016,245.877548,37,-151.215,-337.689,255,8,1,
1778399131673896,69369119,4025,246.428574,37,-147.960,-339.128,255,8,1,
1778399131689476,69379105,4034,246.979584,37,-144.692,-340.535,255,8,1,
1778399131695627,69389051,4043,247.530624,37,-141.410,-341.911,255,8,1,
1778399131707723,69399038,4052,248.081635,37,-138.116,-343.255,255,8,1,
1778399131750058,69408989,4062,248.693878,37,-134.440,-344.711,255,8,1,
1778399131750554,69418965,4071,249.244888,37,-131.119,-345.988,255,8,1,
1778399131750948,69428918,4080,249.795929,37,-127.785,-347.233,255,8,1,
1778399131751315,69438898,4089,250.346939,37,-124.440,-348.446,255,8,1,
1778399131767473,69448850,4098,250.897949,37,-121.083,-349.627,255,8,1,
1778399131767966,69458834,4107,251.448990,37,-117.715,-350.775,255,8,1,
1778399131814662,69468788,4116,252.000000,37,-114.336,-351.891,255,8,1,
1778399131815212,69478766,4126,252.612244,36,-107.581,-343.550,255,8,1,
1778399131815723,69488722,4135,253.163254,37,-107.169,-354.140,255,8,1,
1778399131816110,69498697,4144,253.714294,37,-103.758,-355.154,255,8,1,
1778399131816473,69508653,4153,254.265305,36,-97.626,-346.510,255,8,1,
1778399131832811,69518635,4162,254.816330,36,-94.289,-347.433,255,8,1,
1778399131833254,69528585,4171,255.367355,36,-90.943,-348.324,255,8,1,
1778399131844285,69538567,4180,255.918365,36,-87.589,-349.182,255,8,1,
1778399131895511,69548517,4190,256.530609,36,-83.853,-350.098,255,8,1,
1778399131895948,69558496,4199,257.081635,36,-80.483,-350.888,255,8,1,
1778399131896334,69568450,4208,257.632660,36,-77.104,-351.646,255,8,1,
1778399131896756,69578436,4217,258.183655,37,-75.767,-362.159,255,8,1,
1778399131897097,69588386,4226,258.734711,36,-70.327,-353.064,255,8,1,
1778399131912827,69598363,4235,259.285706,36,-66.928,-353.724,255,8,1,
1778399131913251,69608317,4244,259.836731,36,-63.523,-354.351,255,8,1,
1778399131969645,69618299,4253,260.387756,36,-60.113,-354.946,255,8,1,
1778399131970112,69628249,4262,260.938782,36,-56.696,-355.507,255,8,1,
1778399131970585,69638231,4271,261.489807,36,-53.275,-356.036,255,8,1,
1778399131971006,69648185,4280,262.040802,36,-49.848,-356.532,255,8,1,
1778399131971400,69658165,4289,262.591858,36,-46.417,-356.995,255,8,1,
1778399131971744,69668119,4298,263.142853,36,-42.982,-357.425,255,8,1,
1778399132032495,69678099,4308,263.755096,36,-39.160,-357.864,255,8,1,
1778399132033017,69688052,4317,264.306122,36,-35.717,-358.224,255,8,1,
1778399132033488,69698027,4326,264.857147,36,-32.270,-358.551,255,8,1,
1778399132033921,69707978,4335,265.408173,36,-28.820,-358.845,255,8,1,
1778399132034337,69717956,4344,265.959167,36,-25.368,-359.105,255,8,1,
1778399132034751,69727907,4353,266.510223,35,-21.305,-349.351,255,8,1,
1778399132092708,69737884,4362,267.061218,36,-18.457,-359.527,255,8,1,
1778399132093236,69747831,4371,267.612244,36,-14.998,-359.687,255,8,1,
1778399132093659,69757807,4380,268.163269,36,-11.539,-359.815,255,8,1,
1778399132094061,69767758,4389,268.714264,36,-8.078,-359.909,255,8,1,
1778399132094498,69777738,4398,269.265320,34,-4.360,-339.972,255,8,1,
1778399132094916,69787691,4407,269.816315,30,-0.962,-299.998,255,8,1,
1778399132112402,69797671,4416,270.367371,30,1.924,-299.994,255,8,1,
1778399132112837,69807617,4425,270.918365,30,4.808,-299.961,255,8,1,
1778399132119771,69817596,4434,271.469391,30,7.693,-299.901,255,8,1,
1778399132174378,69827545,4443,272.020416,30,10.577,-299.813,255,8,1,
1778399132174860,69837522,4452,272.571411,30,13.459,-299.698,255,8,1,
1778399132175278,69847469,4461,273.122467,30,16.341,-299.555,255,8,1,
1778399132175660,69857439,4470,273.673462,30,19.221,-299.384,255,8,1,
1778399132175998,69867389,4480,274.285706,30,22.419,-299.161,255,8,1,
1778399132193049,69877371,4489,274.836731,30,25.295,-298.932,255,8,1,
1778399132193447,69887322,4498,275.387756,29,27.230,-288.719,255,8,1,
1778399132240354,69897295,4507,275.938782,30,31.040,-298.390,255,8,1,
1778399132240818,69907243,4516,276.489777,30,33.908,-298.078,255,8,1,
1778399132241202,69917216,4525,277.040833,30,36.773,-297.738,255,8,1,
1778399132241561,69927171,4534,277.591827,30,39.635,-297.370,255,8,1,
1778399132241895,69937144,4543,278.142853,30,42.492,-296.975,255,8,1,
1778399132257787,69947098,4552,278.693878,30,45.347,-296.553,255,8,1,
1778399132258425,69957075,4561,279.244873,30,48.196,-296.103,255,8,1,
1778399132305631,69967028,4570,279.795929,30,51.042,-295.626,255,8,1,
1778399132306125,69977006,4579,280.346924,30,53.882,-295.121,255,8,1,
1778399132306569,69986957,4588,280.897980,30,56.718,-294.590,255,8,1,
1778399132306944,69996936,4597,281.448975,30,59.549,-294.031,255,8,1,
1778399132307962,70006891,4606,282.000000,30,62.374,-293.444,255,8,1,
1778399132324084,70016867,4616,282.612244,30,65.506,-292.761,255,8,1,
1778399132370167,70026823,4625,283.163269,30,68.318,-292.118,255,8,1,
1778399132370667,70036800,4634,283.714294,30,71.124,-291.447,255,8,1,
1778399132371089,70046754,4643,284.265289,30,73.924,-290.750,255,8,1,
1778399132371506,70056728,4652,284.816315,30,76.716,-290.025,255,8,1,
1778399132371942,70066680,4661,285.367340,30,79.502,-289.274,255,8,1,
1778399132389030,70076654,4670,285.918365,30,82.280,-288.496,255,8,1,
1778399132389425,70086602,4679,286.469391,30,85.051,-287.691,255,8,1,
1778399132437670,70096576,4688,287.020416,30,87.814,-286.860,255,8,1,
1778399132438318,70106525,4697,287.571442,30,90.568,-286.002,255,8,1,
1778399132439044,70116498,4706,288.122437,30,93.315,-285.118,255,8,1,
1778399132439771,70126445,4715,288.673462,30,96.052,-284.208,255,8,1,
1778399132440194,70136426,4724,289.224487,30,98.781,-283.271,255,8,1,
1778399132458112,70146377,4733,289.775513,30,101.501,-282.308,255,8,1,
1778399132458688,70156360,4742,290.326538,30,104.211,-281.318,255,8,1,
1778399132508781,70166311,4751,290.877533,30,106.911,-280.303,255,8,1,
1778399132509219,70176286,4760,291.428589,31,113.256,-288.571,255,8,1,
1778399132509735,70186239,4769,291.979584,30,112.283,-278.195,255,8,1,
1778399132510210,70196215,4778,292.530609,30,114.953,-277.102,255,8,1,
1778399132510704,70206160,4788,293.142853,30,117.907,-275.858,255,8,1,
1778399132527269,70216140,4796,293.632629,31,124.270,-284.002,255,8,1,
1778399132527845,70226087,4806,294.244904,31,127.298,-282.658,255,8,1,
1778399132576305,70236064,4815,294.795929,30,125.816,-272.342,255,8,1,
1778399132576898,70246013,4824,295.346954,31,132.711,-280.157,255,8,1,
1778399132577409,70255988,4833,295.897949,31,135.399,-278.868,255,8,1,
1778399132578052,70265939,4842,296.448975,30,133.620,-268.599,255,8,1,
1778399132578697,70275915,4851,297.000000,31,140.737,-276.212,255,8,1,
1778399132598818,70285867,4860,297.551025,31,143.387,-274.846,255,8,1,
1778399132599546,70295841,4869,298.102051,32,150.734,-282.275,255,8,1,
1778399132646272,70305795,4878,298.653046,31,148.646,-272.037,255,8,1,
1778399132646855,70315770,4887,299.204071,31,151.256,-270.595,255,8,1,
1778399132647284,70325716,4896,299.755096,31,153.851,-269.128,255,8,1,
1778399132647635,70335684,4905,300.306122,31,156.432,-267.636,255,8,1,
1778399132647954,70345635,4914,300.857147,31,158.999,-266.119,255,8,1,
1778399132665293,70355608,4923,301.408142,31,161.551,-264.578,255,8,1,
1778399132665753,70365559,4932,301.959198,31,164.088,-263.012,255,8,1,
1778399132712089,70375526,4941,302.510193,30,161.235,-252.989,255,8,1,
1778399132712549,70385484,4950,303.061218,31,169.116,-259.807,255,8,1,
1778399132713038,70395461,4959,303.612244,31,171.607,-258.169,255,8,1,
1778399132713433,70405414,4968,304.163269,31,174.081,-256.507,255,8,1,
1778399132714199,70415390,4977,304.714294,31,176.540,-254.821,255,8,1,
1778399132731709,70425336,4986,305.265289,32,184.756,-261.276,255,8,1,
1778399132737891,70435308,4995,305.816345,31,181.409,-251.378,255,8,1,
1778399132797972,70445255,5004,306.367340,32,189.747,-257.674,255,8,1,
1778399132798542,70455228,5013,306.918365,32,192.216,-255.837,255,8,1,
1778399132798971,70465174,5022,307.469391,32,194.668,-253.977,255,8,1,
1778399132799418,70475141,5031,308.020386,32,197.101,-252.093,255,8,1,
1778399132799849,70485092,5040,308.571442,32,199.517,-250.186,255,8,1,
1778399132800217,70495062,5049,309.122437,32,201.913,-248.256,255,8,1,
1778399132816146,70505005,5058,309.673462,33,210.676,-253.999,255,8,1,
1778399132816607,70514978,5067,310.224487,32,206.651,-244.326,255,8,1,
1778399132823565,70524919,5076,310.775513,32,208.991,-242.328,255,8,1,
1778399132877379,70534893,5085,311.326538,32,211.312,-240.307,255,8,1,
1778399132877879,70544830,5094,311.877533,32,213.613,-238.263,255,8,1,
1778399132878301,70554796,5103,312.428589,33,222.641,-243.579,255,8,1,
1778399132878648,70564741,5112,312.979584,33,224.973,-241.427,255,8,1,
1778399132879008,70574713,5120,313.469391,33,227.029,-239.495,255,8,1,
1778399132895742,70584659,5129,314.020416,33,229.322,-237.300,255,8,1,
1778399132896192,70594626,5138,314.571411,32,224.575,-227.960,255,8,1,
1778399132902974,70604572,5147,315.122467,34,240.930,-239.902,255,8,1,
1778399132914739,70614544,5156,315.673462,32,228.918,-223.599,255,8,1,
1778399132963494,70624490,5165,316.224487,33,238.278,-228.305,255,8,1,
1778399132964013,70634459,5174,316.775513,33,240.463,-226.003,255,8,1,
1778399132964464,70644407,5183,317.326538,34,249.978,-230.459,255,8,1,
1778399132965040,70654371,5192,317.877563,34,252.183,-228.044,255,8,1,
1778399132965462,70664321,5201,318.428558,34,254.364,-225.608,255,8,1,
1778399133030267,70674279,5210,318.979584,34,256.522,-223.151,255,8,1,
1778399133030913,70684230,5219,319.530609,34,258.656,-220.674,255,8,1,
1778399133031438,70694198,5228,320.081635,34,260.766,-218.176,255,8,1,
1778399133031918,70704149,5237,320.632660,33,255.121,-209.316,255,8,1,
1778399133032497,70714122,5246,321.183685,33,257.123,-206.852,255,8,1,
1778399133033031,70724070,5255,321.734680,33,259.100,-204.370,255,8,1,
1778399133033524,70734036,5264,322.285706,33,261.053,-201.869,255,8,1,
1778399133051275,70743981,5273,322.836731,33,262.983,-199.349,255,8,1,
1778399133051800,70753958,5282,323.387756,33,264.888,-196.811,255,8,1,
1778399133115055,70763895,5291,323.938782,33,266.768,-194.254,255,8,1,
1778399133115593,70773867,5300,324.489807,32,260.484,-185.871,255,8,1,
1778399133116115,70783811,5309,325.040833,32,262.259,-183.358,255,8,1,
1778399133116589,70793783,5318,325.591827,32,264.011,-180.827,255,8,1,
1778399133117015,70803726,5327,326.142853,32,265.737,-178.280,255,8,1,
1778399133117394,70813702,5336,326.693878,32,267.440,-175.716,255,8,1,
1778399133134130,70823646,5345,327.244904,32,269.117,-173.136,255,8,1,
1778399133134618,70833613,5354,327.795929,32,270.770,-170.540,255,8,1,
1778399133147984,70843561,5363,328.346924,32,272.397,-167.928,255,8,1,
1778399133198216,70853528,5372,328.897949,32,274.000,-165.300,255,8,1,
1778399133198796,70863480,5381,329.448975,32,275.577,-162.658,255,8,1,
1778399133199274,70873452,5390,330.000000,32,277.128,-160.000,255,8,1,
1778399133199601,70883396,5398,330.489807,31,269.783,-152.699,255,8,1,
1778399133199945,70893369,5408,331.102020,31,271.399,-149.808,255,8,1,
1778399133200502,70903312,5416,331.591858,31,272.670,-147.482,255,8,1,
1778399133217511,70913278,5426,332.204071,31,274.230,-144.560,255,8,1,
1778399133222084,70923226,5434,332.693878,31,275.456,-142.211,255,8,1,
1778399133272480,70933200,5443,333.244904,31,276.811,-139.555,255,8,1,
1778399133272924,70943145,5452,333.795898,31,278.140,-136.887,255,8,1,
1778399133273406,70953108,5461,334.346954,30,270.430,-129.876,255,8,1,
1778399133273856,70963059,5470,334.897949,31,280.722,-131.512,255,8,1,
1778399133274287,70973027,5479,335.448975,30,272.877,-124.651,255,8,1,
1778399133296435,70982978,5488,336.000000,30,274.064,-122.021,255,8,1,
1778399133296928,70992943,5497,336.551025,30,275.224,-119.380,255,8,1,
1778399133351065,71002889,5506,337.102051,30,276.360,-116.727,255,8,1,
1778399133351589,71012860,5515,337.653046,30,277.470,-114.064,255,8,1,
1778399133352196,71022799,5524,338.204102,29,269.269,-107.677,255,8,1,
1778399133352709,71032776,5533,338.755096,30,279.612,-108.707,255,8,1,
1778399133353217,71042721,5542,339.306122,30,280.645,-106.012,255,8,1,
1778399133353605,71052692,5551,339.857147,30,281.651,-103.309,255,8,1,
1778399133370483,71062647,5560,340.408173,30,282.632,-100.595,255,8,1,
1778399133371044,71072619,5568,340.897949,30,283.481,-98.176,255,8,1,
1778399133378610,71082568,5577,341.448975,29,274.932,-92.263,255,8,1,
1778399133436131,71092542,5586,342.000000,29,275.806,-89.615,255,8,1,
1778399133437021,71102492,5595,342.551025,30,286.195,-89.957,255,8,1,
1778399133437567,71112469,5604,343.102051,30,287.047,-87.200,255,8,1,
1778399133438015,71122420,5613,343.653046,30,287.872,-84.436,255,8,1,
1778399133438434,71132400,5622,344.204071,30,288.671,-81.664,255,8,1,
1778399133438821,71142346,5631,344.755096,30,289.443,-78.884,255,8,1,
1778399133455476,71152325,5640,345.306122,29,280.516,-73.560,255,8,1,
1778399133457278,71162272,5648,345.795929,29,281.134,-71.159,255,8,1,
1778399133510061,71172242,5658,346.408142,29,281.878,-68.151,255,8,1,
1778399133510546,71182192,5666,346.897980,29,282.451,-65.739,255,8,1,
1778399133510995,71192163,5675,347.448975,29,283.070,-63.020,255,8,1,
1778399133511354,71202114,5684,348.000000,29,283.663,-60.294,255,8,1,
1778399133511870,71212089,5693,348.551025,29,284.230,-57.564,255,8,1,
1778399133529643,71222039,5702,349.102020,29,284.770,-54.828,255,8,1,
1778399133530125,71232019,5711,349.653076,30,295.121,-53.882,255,8,1,
1778399133581009,71241964,5720,350.204071,29,285.772,-49.340,255,8,1,
1778399133581450,71251935,5729,350.755127,29,286.233,-46.590,255,8,1,
1778399133581812,71261883,5738,351.306122,29,286.668,-43.835,255,8,1,
1778399133582242,71271860,5746,351.795929,29,287.032,-41.383,255,8,1,
1778399133582695,71281805,5755,352.346924,29,287.417,-38.621,255,8,1,
1778399133599721,71291778,5764,352.897949,29,287.775,-35.855,255,8,1,
1778399133600188,71301723,5773,353.448975,28,278.172,-31.945,255,8,1,
1778399133607170,71311710,5782,354.000000,29,288.411,-30.313,255,8,1,
1778399133618890,71321658,5791,354.551025,28,278.735,-26.589,255,8,1,
1778399133666425,71331633,5800,355.102051,29,288.941,-24.761,255,8,1,
1778399133667026,71341578,5808,355.591858,28,279.172,-21.521,255,8,1,
1778399133667498,71351561,5817,356.142853,29,289.343,-19.508,255,8,1,
1778399133667970,71361512,5826,356.693878,29,289.517,-16.725,255,8,1,
1778399133668401,71371491,5835,357.244904,29,289.665,-13.939,255,8,1,
1778399133683858,71381441,5844,357.795898,29,289.785,-11.153,255,8,1,
1778399133685285,71391423,5853,358.346954,28,279.883,-8.077,255,8,1,
1778399133732769,71401375,5862,358.897949,28,279.948,-5.385,255,8,1,
1778399133733262,71411360,5870,359.387756,28,279.984,-2.992,255,8,1,
1778399133733743,71421311,5879,359.938782,28,280.000,-0.299,255,8,1,
1778399133734217,71431292,8,0.489796,28,279.990,2.394,255,8,1,
1778399133734693,71441249,17,1.040816,28,279.954,5.086,255,8,1,
1778399133925453,71451227,26,1.591837,28,279.892,7.778,255,8,1,
1778399133926196,71461186,35,2.142857,28,279.804,10.470,255,8,1,
1778399133926729,71471160,44,2.693878,28,279.691,13.160,255,8,1,
1778399133927210,71481111,53,3.244898,28,279.551,15.849,255,8,1,
1778399133927644,71491096,62,3.795918,28,279.386,18.537,255,8,1,
1778399133928048,71501049,70,4.285714,29,289.189,21.672,255,8,1,
1778399133928388,71511024,79,4.836735,28,279.003,23.609,255,8,1,
1778399133928689,71520979,88,5.387755,28,278.763,26.291,255,8,1,
1778399133929021,71530958,97,5.938776,28,278.497,28.970,255,8,1,
1778399133929497,71540907,106,6.489796,28,278.206,31.647,255,8,1,
1778399133930020,71550882,115,7.040816,28,277.889,34.321,255,8,1,
1778399133930486,71560834,124,7.591837,28,277.546,36.992,255,8,1,
1778399133930876,71570809,132,8.081633,28,277.219,39.363,255,8,1,
1778399133931199,71580755,141,8.632653,28,276.828,42.028,255,8,1,
1778399133931601,71590728,150,9.183674,28,276.411,44.688,255,8,1,
1778399133931955,71600677,159,9.734694,28,275.968,47.344,255,8,1,
1778399133932390,71610655,168,10.285714,28,275.500,49.996,255,8,1,
1778399133932783,71620603,177,10.836735,28,275.007,52.643,255,8,1,
1778399133933086,71630575,185,11.326530,28,274.547,54.992,255,8,1,
1778399133933378,71640530,194,11.877551,28,274.005,57.630,255,8,1,
1778399133951295,71650508,203,12.428572,28,273.438,60.262,255,8,1,
1778399133952721,71660470,212,12.979591,28,272.846,62.889,255,8,1,
1778399133999941,71670450,220,13.469387,28,272.298,65.219,255,8,1,
1778399134000644,71680400,229,14.020408,28,271.659,67.835,255,8,1,
1778399134001092,71690380,238,14.571429,28,270.994,70.444,255,8,1,
1778399134001623,71700328,246,15.061225,28,270.382,72.758,255,8,1,
1778399134002312,71710303,255,15.612246,28,269.669,75.355,255,8,1,
1778399134019780,71720252,264,16.163265,28,268.932,77.945,255,8,1,
1778399134071292,71730229,272,16.653061,28,268.256,80.241,255,8,1,
1778399134071853,71740177,281,17.204082,28,267.472,82.817,255,8,1,
1778399134072321,71750154,290,17.755102,28,266.663,85.386,255,8,1,
1778399134072834,71760103,296,18.122448,28,266.110,87.094,255,8,1,
1778399134154857,71839786,302,18.489796,28,265.546,88.798,255,8,1,
1778399134155432,71859705,301,18.428572,28,265.641,88.514,255,8,1,
1778399134172303,71869679,299,18.306122,28,265.830,87.946,255,8,1,
1778399134172947,71879629,297,18.183674,28,266.017,87.378,255,8,1,
1778399134180717,71889607,295,18.061224,28,266.203,86.809,255,8,1,
1778399134236448,71909529,288,17.632652,28,266.845,84.816,255,8,1,
1778399134273100,71979290,262,16.040817,28,269.098,77.370,255,8,1,
1778399134340171,71989268,258,15.795918,28,269.426,76.219,255,8,1,
1778399134340912,72009196,250,15.306122,28,270.068,73.913,255,8,1,
1778399134341336,72039075,236,14.448979,28,271.144,69.865,255,8,1,
1778399134341696,72049053,232,14.204082,28,271.440,68.705,255,8,1,
1778399134414765,72078954,218,13.346939,28,272.437,64.637,255,8,1,
1778399134415402,72108877,203,12.428572,28,273.438,60.262,255,8,1,
1778399134586519,72158690,178,10.897960,28,274.950,52.937,255,8,1,
1778399134586936,72178619,168,10.285714,28,275.500,49.996,255,8,1,
1778399134587354,72188601,162,9.918367,28,275.815,48.229,255,8,1,
1778399134587743,72228458,140,8.571428,28,276.873,41.732,255,8,1,
1778399134588079,72238408,135,8.265306,28,277.092,40.252,255,8,1,
1778399134588555,72268317,118,7.224490,28,277.777,35.212,255,8,1,
1778399134588906,72298189,100,6.122449,28,278.403,29.863,255,8,1,
1778399134606636,72308168,94,5.755102,28,278.589,28.077,255,8,1,
